{"type":"FeatureCollection","features":[{"type":"Feature","geometry":{"type":"MultiPolygon","coordinates":[[[[98.9072,39.0534],[98.429,39.1606],[98.3597,39.1442],[98.1565,38.9429],[98.08,38.912],[98.0,38.912],[97.9277,38.9455],[97.8724,39.0145],[97.8043,39.0523],[97.5286,39.1064],[97.4741,39.1482],[97.4583,39.2182],[97.4135,39.2565],[96.8086,39.4184],[96.7589,39.4012],[96.7131,39.2922],[96.7153,39.278],[96.7515,39.2738],[96.7638,39.2285],[96.7124,39.0927],[96.7151,39.078],[96.74,39.078],[96.7577,39.0628],[96.762,39.0186],[96.7131,38.9022],[96.7153,38.888],[96.7517,38.8837],[96.762,38.8285],[96.6729,38.6285],[96.5987,38.592],[96.4613,38.592],[96.3787,38.6251],[96.322,38.6949],[96.2553,38.7377],[95.722,38.8986],[95.6453,38.9462],[95.3345,39.3331],[95.2691,39.3528],[95.0329,39.3111],[94.9338,39.3201],[94.5499,39.4745],[94.4592,39.4861],[92.9027,39.3079],[92.7999,39.3119],[92.2465,39.4224],[92.1473,39.4343],[89.2192,39.56],[89.1171,39.5718],[87.537,39.8728],[87.4378,39.882],[85.5632,39.882],[85.4729,39.863],[85.2803,39.7736],[85.183,39.744],[82.9335,39.3707],[82.8379,39.348],[82.1322,39.1275],[82.0293,39.1104],[79.9119,39.0437],[79.8089,39.0615],[79.4092,39.2246],[79.317,39.242],[79.1048,39.2432],[79.0194,39.2785],[78.9064,39.4047],[78.8461,39.432],[78.7625,39.4337],[78.6895,39.4686],[78.286,39.9248],[78.2285,39.952],[78.1484,39.9545],[78.0917,39.9878],[77.9761,40.1834],[77.9253,40.212],[77.8417,40.2141],[77.7732,40.2524],[77.2987,40.9551],[77.2639,40.982],[77.23,40.982],[77.2125,40.9961],[77.2391,41.0289],[77.3749,41.4193],[77.3703,41.4382],[77.3341,41.473],[77.0303,41.478],[76.9447,41.4962],[76.7517,41.5858],[76.7089,41.6313],[76.6962,41.6865],[76.7145,41.7391],[76.789,41.8194],[76.7665,41.8601],[76.7516,41.868],[76.2932,41.868],[76.2483,41.8941],[76.2361,41.9467],[76.2533,42.0004],[76.3158,42.0682],[76.3205,42.0824],[76.3153,42.1271],[76.305,42.1413],[76.245,42.169],[76.2195,42.2107],[76.2266,42.3934],[76.2209,42.4072],[76.1654,42.4551],[75.8169,42.5093],[75.7934,42.538],[75.8846,42.7889],[75.8679,42.862],[75.7449,43.0051],[75.6687,43.0491],[75.2557,43.1543],[75.2245,43.1911],[75.2706,43.5123],[75.2346,43.5792],[74.9313,43.7867],[74.9205,43.8291],[75.0439,44.0178],[75.0457,44.034],[75.0262,44.0859],[74.5636,44.3141],[74.5422,44.3538],[74.5651,44.4212],[74.5518,44.4841],[74.4295,44.6313],[74.3526,44.6826],[74.0844,44.7794],[74.0512,44.8215],[74.0652,45.0027],[74.0494,45.0411],[74.07,45.058],[74.1022,45.058],[74.127,45.0844],[74.2181,45.3349],[74.2035,45.3717],[74.1358,45.4085],[74.1163,45.4711],[74.2901,45.9316],[74.3679,45.9848],[74.6932,46.0302],[74.749,46.0666],[74.8496,46.3219],[74.928,46.3747],[75.2644,46.4206],[75.3372,46.4549],[75.416,46.5368],[75.5019,46.5661],[77.3394,46.4998],[77.3898,46.4789],[77.3992,46.4691],[77.3904,46.4353],[77.4162,46.4209],[77.7818,46.3743],[77.8312,46.3482],[77.8395,46.3383],[77.8317,46.3084],[77.8535,46.3012],[78.9137,46.3646],[78.9719,46.397],[79.0648,46.5911],[79.13,46.628],[79.2036,46.628],[79.2371,46.6552],[79.2568,46.8255],[79.2239,46.848],[78.4856,46.7959],[78.4163,46.7641],[78.3091,46.6301],[78.2171,46.6012],[77.9266,46.6534],[77.8786,46.6794],[77.8703,46.6898],[77.8767,46.7136],[77.8567,46.7193],[76.7763,46.6653],[76.7326,46.6777],[76.7211,46.6877],[76.7272,46.7147],[76.7057,46.722],[76.3927,46.7243],[76.3338,46.7568],[76.3118,46.8254],[76.2645,46.8503],[74.4619,46.7937],[74.4148,46.8308],[74.4111,46.852],[74.7768,47.5742],[74.8307,47.6383],[76.3756,48.8382],[77.2694,49.371],[77.3195,49.4244],[77.3544,49.4999],[77.417,49.5473],[77.8065,49.6541],[77.8936,49.6879],[78.82,50.174],[78.8953,50.2209],[79.7374,50.8404],[79.825,50.8785],[80.3029,50.9856],[80.3501,51.0252],[80.3857,51.2176],[80.4471,51.285],[81.459,51.7081],[81.5535,51.74],[87.5974,53.3347],[88.9238,53.5397],[88.9871,53.5758],[89.034,53.6444],[89.1042,53.6692],[89.4013,53.6257],[89.4993,53.6248],[91.3872,53.881],[91.4901,53.8879],[93.888,53.888],[93.9885,53.8949],[95.3272,54.0808],[95.4301,54.0879],[100.4287,54.088],[100.4749,54.0689],[100.4848,54.0572],[100.4692,54.024],[100.4859,54.0155],[101.7096,53.9603],[101.765,53.9268],[101.7479,53.8921],[101.7668,53.8793],[104.2927,53.4856],[104.3452,53.4457],[104.3274,53.4115],[104.3468,53.3973],[104.9211,53.2841],[104.9652,53.2453],[104.9486,53.2131],[105.0375,53.208],[105.0766,53.188],[105.0851,53.1763],[105.067,53.1408],[105.0867,53.1249],[106.3656,52.8191],[106.3792,52.804],[106.3832,52.7746],[106.3721,52.7555],[105.9625,52.5916],[105.8873,52.5478],[105.3046,52.0637],[105.2193,52.022],[104.4906,51.844],[104.3887,51.832],[103.8945,51.832],[103.8205,51.805],[103.622,51.6066],[103.6315,51.5903],[104.0718,51.5343],[104.1163,51.5107],[104.1252,51.4982],[104.1123,51.4727],[104.1247,51.468],[104.7777,51.468],[104.8761,51.4785],[105.6862,51.6566],[105.7755,51.687],[105.9581,51.7749],[106.02,51.8246],[106.3697,52.3044],[106.4513,52.338],[106.7651,52.338],[106.833,52.3664],[106.8814,52.4293],[106.9575,52.4663],[107.055,52.468],[107.105,52.4366],[107.0886,52.4031],[107.0974,52.398],[107.1775,52.398],[107.2155,52.3811],[107.2251,52.3687],[107.2097,52.3396],[107.2264,52.3296],[107.5825,52.2754],[107.6352,52.2357],[107.6178,52.202],[107.6368,52.189],[107.9101,52.1429],[107.9552,52.1056],[107.9386,52.0731],[108.0275,52.068],[108.0666,52.048],[108.0751,52.0363],[108.0578,52.0019],[108.0768,51.9888],[109.183,51.806],[109.2277,51.7773],[109.2352,51.7656],[109.226,51.7435],[109.3599,51.7818],[109.4127,51.757],[109.4113,51.693],[109.4432,51.6764],[109.7271,51.72],[109.7421,51.7155],[109.7736,51.6799],[109.7275,51.6122],[109.7396,51.598],[109.9687,51.598],[110.0149,51.5789],[110.0248,51.5672],[110.0084,51.5328],[110.0266,51.5218],[110.4613,51.4735],[110.5151,51.4361],[110.4993,51.4042],[110.5158,51.3959],[113.8694,51.2699],[113.9135,51.2483],[113.9227,51.2358],[113.9021,51.2016],[113.9168,51.1923],[115.771,51.0031],[115.8167,50.978],[115.8251,50.9662],[115.8099,50.9349],[115.8252,50.928],[116.0587,50.928],[116.104,50.9118],[116.1149,50.8995],[116.1001,50.87],[116.1163,50.8608],[116.5518,50.8044],[116.5971,50.7777],[116.6051,50.7659],[116.5899,50.7349],[116.6052,50.728],[116.7487,50.728],[116.794,50.7118],[116.8049,50.6995],[116.7888,50.6685],[116.8064,50.6563],[118.2947,50.3381],[118.3378,50.3097],[118.3453,50.2974],[118.3323,50.2727],[118.3447,50.268],[118.4887,50.268],[118.5349,50.2489],[118.5448,50.2372],[118.5299,50.2049],[118.5452,50.198],[118.786,50.1964],[118.8348,50.1672],[118.8178,50.132],[118.8368,50.119],[119.1101,50.0729],[119.1552,50.0356],[119.1367,50.0004],[119.1565,49.9833],[119.5368,49.8803],[119.5853,49.8346],[119.5686,49.8031],[119.6666,49.7955],[119.7051,49.7663],[119.6899,49.7349],[119.7052,49.728],[119.847,49.728],[119.9399,49.7449],[121.0486,50.1792],[121.085,50.1805],[121.1029,50.1634],[121.0838,50.1335],[121.0954,50.128],[121.2555,50.1266],[121.3006,50.104],[121.3028,50.0927],[121.2867,50.0713],[121.2949,50.068],[121.4487,50.068],[121.4928,50.0487],[121.5026,50.0362],[121.4821,50.0015],[121.5675,49.998],[121.6066,49.978],[121.6151,49.9663],[121.5969,49.9307],[121.6167,49.9145],[122.5659,49.6794],[122.6153,49.6349],[122.5986,49.6031],[122.6875,49.598],[122.7236,49.5808],[122.7328,49.5676],[122.7117,49.5363],[122.7265,49.524],[123.6763,49.2798],[123.7253,49.2348],[123.7071,49.201],[123.7268,49.1855],[124.1952,49.0786],[124.238,49.0496],[124.2453,49.0373],[124.2359,49.017],[124.5171,49.0598],[124.5608,49.0527],[124.5755,49.035],[124.5608,49.0109],[124.6475,49.008],[124.6866,48.988],[124.6951,48.9763],[124.6921,48.9621],[124.6758,48.9392],[124.6955,48.9187],[124.797,48.8797],[124.8354,48.836],[124.8223,48.8127],[124.986,48.8064],[125.0348,48.7772],[125.0175,48.7416],[125.0369,48.7275],[125.3103,48.6744],[125.3553,48.6376],[125.3384,48.608],[125.3563,48.5945],[125.5425,48.5464],[125.5853,48.5071],[125.5723,48.4827],[125.736,48.4764],[125.7848,48.4472],[125.7681,48.4125],[125.7752,48.408],[125.85,48.408],[125.8871,48.3877],[125.8951,48.3759],[125.8799,48.3449],[125.8952,48.338],[126.0451,48.3368],[126.084,48.3218],[126.0949,48.3095],[126.0808,48.2809],[126.0867,48.278],[126.1675,48.278],[126.2066,48.258],[126.2151,48.2463],[126.1999,48.2149],[126.2152,48.208],[126.3587,48.208],[126.404,48.1918],[126.4149,48.1795],[126.4003,48.1503],[126.4896,48.1452],[126.5251,48.1159],[126.5099,48.0849],[126.5252,48.078],[126.676,48.0764],[126.7248,48.0472],[126.7086,48.0131],[126.7174,48.008],[126.7975,48.008],[126.8355,47.9911],[126.8451,47.9787],[126.8286,47.9483],[126.8463,47.9354],[127.3053,47.8288],[127.3553,47.785],[127.3369,47.7507],[127.3566,47.7344],[127.5425,47.6864],[127.5853,47.6471],[127.5723,47.6227],[127.736,47.6164],[127.7848,47.5872],[127.7686,47.5531],[127.8655,47.5461],[127.9051,47.5187],[127.8923,47.4927],[127.9047,47.488],[128.056,47.4864],[128.1048,47.4572],[128.0881,47.4225],[128.0952,47.418],[128.17,47.418],[128.2071,47.3977],[128.2151,47.3859],[128.1999,47.3549],[128.2152,47.348],[128.3651,47.3468],[128.404,47.3318],[128.4149,47.3195],[128.4046,47.288],[128.48,47.288],[128.5191,47.268],[128.5274,47.2571],[128.5156,47.2262],[128.535,47.218],[128.6751,47.2168],[128.714,47.2018],[128.7249,47.1895],[128.7108,47.1609],[128.7167,47.158],[128.8066,47.1555],[128.8451,47.1263],[128.8299,47.0949],[128.8452,47.088],[128.9887,47.088],[129.034,47.0718],[129.0449,47.0595],[129.0303,47.0303],[129.11,47.028],[129.1471,47.0077],[129.1551,46.9959],[129.1399,46.9649],[129.1552,46.958],[129.306,46.9564],[129.3548,46.9272],[129.3372,46.8912],[129.3568,46.8762],[129.5418,46.8348],[129.5853,46.7952],[129.5677,46.7619],[129.5868,46.7487],[129.843,46.706],[129.8897,46.657],[129.8926,46.6387],[129.8127,46.4425],[129.8151,46.428],[129.851,46.4242],[129.8666,46.3794],[129.7695,46.0547],[129.7739,46.038],[129.8134,46.032],[129.8145,45.9861],[129.6668,45.78],[129.6112,45.7182],[128.4744,44.6666],[128.4293,44.6066],[128.2687,44.2712],[128.2071,44.2126],[128.0407,44.1261],[127.9732,44.0766],[125.7228,41.7385],[125.6824,41.677],[125.5549,41.365],[125.5281,41.329],[125.4709,41.2999],[124.8924,41.1269],[124.7879,41.128],[124.481,41.2278],[124.438,41.2641],[124.4323,41.2746],[124.4444,41.3038],[124.425,41.312],[124.2913,41.312],[124.2439,41.3281],[124.2329,41.3394],[124.2454,41.3704],[124.224,41.3855],[124.038,41.4332],[123.9923,41.4717],[124.0024,41.4959],[123.9855,41.502],[123.8513,41.502],[123.803,41.521],[123.793,41.5318],[123.8064,41.5673],[123.7835,41.5837],[123.5986,41.6249],[123.5595,41.6529],[123.5524,41.6637],[123.5644,41.6938],[123.545,41.702],[123.4213,41.702],[123.3739,41.7181],[123.3629,41.7294],[123.3754,41.7604],[123.354,41.7755],[123.168,41.8232],[123.1223,41.8617],[123.1324,41.8859],[123.1155,41.892],[122.9827,41.892],[122.8878,41.8772],[119.0321,40.6082],[117.5041,40.283],[117.4174,40.2512],[117.1589,40.1067],[117.0684,40.0709],[116.1504,39.8346],[116.0487,39.822],[115.5941,39.8235],[115.5128,39.8621],[115.2901,40.1838],[115.224,40.2184],[114.8086,40.2663],[114.7611,40.2919],[114.7527,40.3028],[114.762,40.3296],[114.7507,40.3318],[114.4961,40.2822],[114.4417,40.299],[114.4487,40.3326],[114.4252,40.342],[114.0613,40.342],[114.0117,40.358],[114.0009,40.3682],[114.0072,40.3947],[113.9857,40.402],[113.542,40.402],[113.4418,40.3945],[112.6851,40.2802],[112.606,40.2471],[112.126,39.8544],[112.0758,39.7962],[111.5211,38.8201],[111.4572,38.7626],[110.1806,38.0961],[110.1117,38.047],[108.7932,36.7571],[108.7438,36.6966],[108.3306,36.0478],[108.2561,36.0004],[107.3234,35.7649],[107.233,35.7342],[106.7507,35.5226],[106.6475,35.5163],[106.5361,35.5482],[106.4574,35.5389],[106.228,35.3984],[106.1348,35.3618],[105.3128,35.1831],[105.2499,35.1978],[105.2577,35.2474],[105.3039,35.3007],[105.8988,35.7536],[105.9066,35.797],[105.8564,35.867],[105.8541,35.9423],[106.0431,36.2629],[106.0486,36.2997],[106.0316,36.3201],[105.9755,36.3431],[104.2144,36.7124],[104.1181,36.739],[102.9126,37.1563],[102.8228,37.1607],[102.6628,37.1237],[102.5991,37.143],[102.5873,37.157],[102.5782,37.2113],[102.5359,37.2535],[102.1501,37.4197],[102.0998,37.4848],[102.0851,37.7199],[102.0693,37.7239],[101.8056,37.5222],[101.7335,37.5234],[101.6132,37.6647],[101.5444,37.7032],[101.3481,37.7457],[101.2939,37.7884],[101.2783,37.8582],[101.2334,37.8964],[100.8352,38.0046],[100.782,38.0659],[100.782,38.1761],[100.7531,38.202],[100.6713,38.2043],[100.6049,38.2441],[100.4192,38.559],[100.3982,38.5592],[100.2364,38.3128],[100.1485,38.2904],[99.8986,38.386],[99.8232,38.4424],[99.3893,39.0842],[99.3241,39.1232],[99.1356,39.1622],[99.0885,39.1919],[98.9991,39.0801],[98.9072,39.0534]]],[[[109.4379,51.7379],[109.469,51.7783],[109.51,51.798],[109.55,51.798],[109.5665,51.7871],[109.5721,51.7521],[109.541,51.7117],[109.5,51.692],[109.46,51.692],[109.4435,51.7029],[109.4379,51.7379]]]]},"properties":{"id":"territory:Xiongnu:-144","name":"Xiongnu","name_en":"Xiongnu","actor":"기타중립","valid_from":-144,"valid_to":-126,"span_from":-208,"span_to":153,"color":"#97A960","wikidata":"Q188836","area":5619424,"src":"cliopatria","confidence":"medium","finish":"chaikin1cap4km+grow2km+islands+s600m","islands":0}},{"type":"Feature","geometry":{"type":"Point","coordinates":[100.358,45.661]},"properties":{"id":"territory:Xiongnu:-144:label","name":"Xiongnu","name_en":"Xiongnu","actor":"기타중립","valid_from":-144,"valid_to":-126,"span_from":-208,"span_to":153,"color":"#97A960","wikidata":"Q188836","area":5619424,"src":"cliopatria","confidence":"medium"}},{"type":"Feature","geometry":{"type":"MultiPolygon","coordinates":[[[[98.9076,39.0533],[98.4286,39.1607],[98.3598,39.1444],[98.1563,38.9428],[98.08,38.912],[98.0,38.912],[97.9278,38.9454],[97.8723,39.0145],[97.8047,39.0522],[97.5281,39.1065],[97.474,39.1483],[97.4583,39.2182],[97.4138,39.2564],[96.8083,39.4185],[96.759,39.4012],[96.7131,39.2922],[96.7153,39.278],[96.7515,39.2738],[96.7639,39.2286],[96.7124,39.0927],[96.715,39.078],[96.74,39.078],[96.7577,39.0628],[96.7621,39.0186],[96.7131,38.9022],[96.7153,38.888],[96.7517,38.8837],[96.762,38.8286],[96.6729,38.6285],[96.5991,38.592],[96.4609,38.592],[96.3788,38.625],[96.3219,38.695],[96.2556,38.7376],[95.7216,38.8987],[95.6454,38.9461],[95.3345,39.3331],[95.2696,39.3529],[95.0325,39.311],[94.9341,39.32],[94.5496,39.4746],[94.4597,39.4862],[92.9022,39.3079],[92.8003,39.3118],[92.2461,39.4225],[92.1478,39.4343],[89.2187,39.56],[89.1175,39.5717],[87.5366,39.8728],[87.4383,39.882],[85.5627,39.882],[85.4732,39.8631],[85.2801,39.7734],[85.1834,39.7441],[82.9331,39.3706],[82.8382,39.3481],[82.1319,39.1274],[82.0298,39.1104],[79.9114,39.0436],[79.8092,39.0613],[79.4089,39.2247],[79.3175,39.242],[79.1043,39.2433],[79.0194,39.2784],[78.9063,39.4048],[78.8461,39.432],[78.7626,39.4336],[78.6896,39.4686],[78.2859,39.9249],[78.2285,39.952],[78.1484,39.9545],[78.0917,39.9878],[77.9761,40.1835],[77.9253,40.212],[77.8417,40.2141],[77.7732,40.2524],[77.2986,40.9551],[77.2639,40.982],[77.23,40.982],[77.2125,40.9961],[77.239,41.0288],[77.3749,41.4194],[77.3707,41.438],[77.3361,41.4727],[77.0285,41.478],[76.9458,41.4957],[76.7507,41.5863],[76.7089,41.6312],[76.6962,41.6865],[76.7141,41.7387],[76.7894,41.8196],[76.7686,41.8597],[76.7534,41.868],[76.2916,41.868],[76.2483,41.894],[76.2361,41.9468],[76.2529,42.0],[76.3162,42.0685],[76.3208,42.0829],[76.3153,42.1272],[76.305,42.1413],[76.245,42.169],[76.2195,42.2107],[76.2266,42.3934],[76.2211,42.407],[76.1671,42.4549],[75.8154,42.5096],[75.7933,42.5377],[75.8847,42.7889],[75.8681,42.8617],[75.7447,43.0054],[75.6702,43.0487],[75.2544,43.1547],[75.2245,43.1909],[75.2706,43.5123],[75.2353,43.5787],[74.9306,43.7871],[74.9203,43.8288],[75.0441,44.0181],[75.0459,44.034],[75.0274,44.0852],[74.5627,44.3146],[74.5422,44.3536],[74.5651,44.4212],[74.552,44.4837],[74.4292,44.6316],[74.3539,44.6821],[74.0832,44.7799],[74.0512,44.8214],[74.0652,45.0028],[74.0494,45.0411],[74.07,45.058],[74.1022,45.058],[74.127,45.0844],[74.2181,45.3349],[74.2035,45.3717],[74.1358,45.4085],[74.1163,45.4711],[74.2901,45.9316],[74.3674,45.9848],[74.6936,46.0303],[74.749,46.0665],[74.8496,46.322],[74.9275,46.3746],[75.2649,46.4206],[75.3371,46.4548],[75.416,46.5369],[75.5014,46.5661],[77.3399,46.4998],[77.3898,46.4789],[77.3992,46.469],[77.3904,46.4353],[77.4158,46.421],[77.7822,46.3742],[77.8313,46.3482],[77.8395,46.3383],[77.8317,46.3083],[77.8531,46.3012],[78.9141,46.3647],[78.9719,46.397],[79.0648,46.5912],[79.13,46.628],[79.2036,46.628],[79.2371,46.6551],[79.2568,46.8256],[79.2244,46.8481],[78.4851,46.7959],[78.4164,46.7642],[78.3091,46.6301],[78.2175,46.6012],[77.9261,46.6535],[77.8786,46.6794],[77.8703,46.6898],[77.8768,46.7137],[77.8572,46.7193],[76.7758,46.6653],[76.7325,46.6777],[76.721,46.6878],[76.7273,46.7147],[76.7061,46.722],[76.3921,46.7243],[76.3338,46.7568],[76.3118,46.8255],[76.265,46.8503],[74.4614,46.7936],[74.4147,46.8309],[74.4111,46.8519],[74.7768,47.5743],[74.8305,47.6382],[76.3757,48.8383],[77.2696,49.3712],[77.3195,49.4244],[77.3544,49.4999],[77.4166,49.5472],[77.8069,49.6542],[77.8934,49.6878],[78.8202,50.1742],[78.8951,50.2208],[79.7376,50.8405],[79.8245,50.8784],[80.3033,50.9857],[80.3501,51.0252],[80.3857,51.2176],[80.4468,51.2849],[81.4593,51.7083],[81.5531,51.7399],[87.5978,53.3348],[88.9243,53.5398],[88.9871,53.5758],[89.034,53.6444],[89.1037,53.6693],[89.4018,53.6256],[89.4988,53.6248],[91.3876,53.881],[91.4896,53.8879],[93.8885,53.888],[93.988,53.8948],[95.3276,54.0809],[95.4296,54.0879],[100.4291,54.088],[100.475,54.0688],[100.4849,54.0571],[100.4692,54.0239],[100.4855,54.0155],[101.7101,53.9602],[101.765,53.9267],[101.7478,53.892],[101.7664,53.8794],[104.2931,53.4855],[104.3452,53.4457],[104.3274,53.4114],[104.3465,53.3973],[104.9216,53.284],[104.9652,53.2453],[104.9486,53.2131],[105.0375,53.208],[105.0766,53.188],[105.0851,53.1763],[105.0669,53.1408],[105.0863,53.125],[106.366,52.819],[106.3796,52.8039],[106.3836,52.7747],[106.3724,52.7556],[105.9622,52.5915],[105.8874,52.5479],[105.3044,52.0636],[105.2197,52.0221],[104.4902,51.8439],[104.3891,51.832],[103.894,51.832],[103.8206,51.8051],[103.6218,51.6064],[103.6311,51.5903],[104.0722,51.5342],[104.1164,51.5106],[104.1252,51.4982],[104.1123,51.4727],[104.1242,51.468],[104.7782,51.468],[104.8757,51.4784],[105.6866,51.6567],[105.7752,51.6869],[105.9583,51.7751],[106.02,51.8245],[106.3698,52.3045],[106.4509,52.338],[106.7655,52.338],[106.8329,52.3663],[106.8815,52.4294],[106.9576,52.4663],[107.055,52.468],[107.105,52.4366],[107.0886,52.4031],[107.0974,52.398],[107.1775,52.398],[107.2155,52.3811],[107.2251,52.3687],[107.2097,52.3395],[107.226,52.3297],[107.583,52.2753],[107.6352,52.2357],[107.6177,52.2019],[107.6364,52.1891],[107.9106,52.1428],[107.9552,52.1056],[107.9386,52.0731],[108.0275,52.068],[108.0666,52.048],[108.0751,52.0363],[108.0577,52.0019],[108.0764,51.9889],[109.1834,51.8059],[109.2277,51.7773],[109.2352,51.7656],[109.226,51.7435],[109.3604,51.7819],[109.4128,51.757],[109.4113,51.6929],[109.4428,51.6763],[109.7276,51.7201],[109.7426,51.7154],[109.7736,51.6799],[109.7273,51.6121],[109.7392,51.598],[109.9691,51.598],[110.015,51.5788],[110.0249,51.5671],[110.0083,51.5328],[110.0262,51.5218],[110.4617,51.4734],[110.5151,51.4361],[110.4993,51.4041],[110.5154,51.3959],[113.8699,51.2699],[113.9136,51.2483],[113.9227,51.2358],[113.9021,51.2015],[113.9164,51.1923],[115.7715,51.003],[115.8251,50.9662],[115.8098,50.9348],[115.8248,50.928],[116.0591,50.928],[116.104,50.9117],[116.1149,50.8995],[116.1,50.8699],[116.1159,50.8609],[116.5523,50.8043],[116.5972,50.7776],[116.6051,50.7659],[116.5898,50.7348],[116.6048,50.728],[116.7491,50.728],[116.794,50.7117],[116.8049,50.6995],[116.7888,50.6685],[116.806,50.6564],[118.2951,50.338],[118.3378,50.3097],[118.3453,50.2974],[118.3323,50.2727],[118.3442,50.268],[118.4891,50.268],[118.535,50.2488],[118.5449,50.2371],[118.5298,50.2048],[118.5448,50.198],[118.7866,50.1963],[118.8349,50.1671],[118.8177,50.1319],[118.8364,50.1191],[119.1106,50.0728],[119.1552,50.0356],[119.1366,50.0004],[119.1562,49.9834],[119.5372,49.8802],[119.5853,49.8346],[119.5686,49.8031],[119.6666,49.7955],[119.7051,49.7663],[119.6898,49.7348],[119.7048,49.728],[119.8475,49.728],[119.9395,49.7448],[121.049,50.1793],[121.085,50.1805],[121.1029,50.1634],[121.0838,50.1335],[121.095,50.128],[121.2491,50.128],[121.2919,50.1116],[121.3026,50.0985],[121.2866,50.0712],[121.2945,50.068],[121.4491,50.068],[121.4929,50.0486],[121.5026,50.0361],[121.4821,50.0015],[121.5675,49.998],[121.6066,49.978],[121.6151,49.9663],[121.5968,49.9307],[121.6163,49.9146],[122.5663,49.6793],[122.6153,49.6348],[122.5986,49.6031],[122.6875,49.598],[122.7236,49.5808],[122.7328,49.5676],[122.7116,49.5362],[122.7262,49.5241],[123.6767,49.2797],[123.7253,49.2347],[123.707,49.2009],[123.7264,49.1856],[124.1956,49.0786],[124.238,49.0495],[124.2453,49.0372],[124.2358,49.0169],[124.5176,49.0599],[124.5609,49.0526],[124.5755,49.0349],[124.5608,49.0109],[124.6475,49.008],[124.6866,48.988],[124.6951,48.9763],[124.6921,48.9621],[124.6758,48.9392],[124.6952,48.9188],[124.7974,48.8795],[124.8354,48.836],[124.8223,48.8127],[124.9866,48.8063],[125.0349,48.7771],[125.0174,48.7415],[125.0365,48.7276],[125.3108,48.6743],[125.3553,48.6376],[125.3383,48.6079],[125.3559,48.5945],[125.5429,48.5463],[125.5854,48.507],[125.5723,48.4827],[125.7366,48.4763],[125.7849,48.4471],[125.7681,48.4125],[125.7752,48.408],[125.85,48.408],[125.8871,48.3877],[125.8951,48.3759],[125.8798,48.3448],[125.8948,48.338],[126.0457,48.3367],[126.084,48.3217],[126.0949,48.3095],[126.0808,48.2809],[126.0867,48.278],[126.1675,48.278],[126.2066,48.258],[126.2151,48.2463],[126.1998,48.2148],[126.2148,48.208],[126.3591,48.208],[126.404,48.1917],[126.4149,48.1795],[126.4003,48.1503],[126.4896,48.1452],[126.5251,48.1159],[126.5098,48.0848],[126.5248,48.078],[126.6766,48.0763],[126.7249,48.0471],[126.7086,48.0131],[126.7174,48.008],[126.7975,48.008],[126.8355,47.9911],[126.8451,47.9787],[126.8286,47.9482],[126.846,47.9355],[127.3058,47.8287],[127.3553,47.785],[127.3368,47.7506],[127.3563,47.7344],[127.5429,47.6863],[127.5854,47.647],[127.5723,47.6227],[127.7366,47.6163],[127.7849,47.5871],[127.7686,47.5531],[127.8655,47.5461],[127.9051,47.5187],[127.8923,47.4927],[127.9042,47.488],[128.0566,47.4863],[128.1049,47.4571],[128.0881,47.4225],[128.0952,47.418],[128.17,47.418],[128.2071,47.3977],[128.2151,47.3859],[128.1998,47.3548],[128.2148,47.348],[128.3591,47.348],[128.404,47.3317],[128.4149,47.3195],[128.4003,47.2903],[128.48,47.288],[128.5191,47.268],[128.5274,47.2571],[128.5156,47.2261],[128.5345,47.218],[128.6691,47.218],[128.714,47.2017],[128.7249,47.1895],[128.7108,47.1609],[128.8066,47.1555],[128.8451,47.1263],[128.8298,47.0948],[128.8448,47.088],[128.9891,47.088],[129.034,47.0717],[129.0449,47.0595],[129.0303,47.0303],[129.11,47.028],[129.1471,47.0077],[129.1551,46.9959],[129.1398,46.9648],[129.1548,46.958],[129.3066,46.9563],[129.3549,46.9271],[129.3372,46.8911],[129.3564,46.8763],[129.5423,46.8346],[129.5853,46.7951],[129.5677,46.7619],[129.5864,46.7488],[129.8435,46.706],[129.8898,46.6569],[129.8926,46.6387],[129.8126,46.4425],[129.8151,46.428],[129.851,46.4242],[129.8666,46.3794],[129.7695,46.0547],[129.7739,46.038],[129.8133,46.032],[129.8145,45.9862],[129.6667,45.7799],[129.6113,45.7183],[128.4743,44.6665],[128.4293,44.6066],[128.2687,44.2712],[128.2073,44.2128],[128.0405,44.126],[127.9733,44.0767],[125.7227,41.7385],[125.6824,41.6771],[125.5804,41.418],[125.5349,41.335],[125.4683,41.2988],[124.895,41.1277],[124.8368,41.0843],[124.4433,40.3156],[124.3892,40.2487],[123.8441,39.784],[123.7884,39.7541],[123.7341,39.753],[123.6809,39.772],[123.6248,39.8047],[123.5555,39.8078],[122.9926,39.6372],[122.9056,39.603],[122.2212,39.2652],[122.1563,39.216],[121.9828,39.0142],[121.9058,38.9833],[121.7738,38.982],[121.6969,38.9562],[121.4639,38.7543],[121.3749,38.723],[121.0809,38.722],[121.0301,38.7711],[121.1742,39.0425],[121.2509,39.078],[121.465,39.078],[121.5247,39.1072],[121.6501,39.3432],[121.6316,39.362],[121.3509,39.362],[121.2704,39.3958],[121.2176,39.4675],[121.2117,39.551],[121.2537,39.6231],[121.32,39.658],[121.3941,39.658],[121.4322,39.686],[121.4743,39.8686],[121.5363,39.9257],[121.7253,39.9749],[121.7954,40.0146],[122.1859,40.4571],[122.1916,40.509],[122.1166,40.634],[122.0544,40.6735],[121.8671,40.7158],[121.816,40.7587],[121.8053,40.8269],[121.7641,40.852],[121.1185,40.8562],[121.0747,40.8938],[120.9923,41.0333],[120.9779,41.1085],[120.9952,41.2183],[120.9724,41.242],[120.9016,41.242],[120.8189,41.2268],[119.0304,40.6085],[118.9349,40.5822],[117.5037,40.2829],[117.4176,40.2513],[117.1587,40.1066],[117.0667,40.0703],[116.1523,39.8349],[116.0514,39.8222],[115.5923,39.8242],[115.5199,39.8682],[115.4487,40.0534],[115.4047,40.082],[115.33,40.082],[115.2596,40.1164],[115.1702,40.2433],[115.1053,40.272],[114.5009,40.272],[114.4508,40.2908],[114.4409,40.3007],[114.4488,40.3327],[114.4257,40.342],[114.0609,40.342],[114.0116,40.358],[114.0009,40.3682],[114.0062,40.3926],[113.9886,40.3966],[112.8422,40.2774],[112.7926,40.2902],[112.7813,40.2998],[112.7888,40.3327],[112.7657,40.342],[111.9209,40.342],[111.8738,40.3581],[111.8629,40.3694],[111.8724,40.396],[111.856,40.402],[110.6112,40.402],[109.7927,40.3458],[109.6958,40.3303],[108.2545,39.9653],[108.183,39.9257],[107.7522,39.4686],[107.7097,39.4069],[107.3264,38.5854],[107.3374,38.568],[107.4128,38.5647],[107.4625,38.5298],[107.5125,38.3973],[107.5655,38.368],[107.8491,38.368],[107.9312,38.335],[108.0877,38.1354],[108.1553,38.0973],[108.7099,37.9854],[108.7884,37.9392],[108.9273,37.7563],[108.9945,37.728],[109.1364,37.7264],[109.2171,37.6879],[109.2653,37.6156],[109.2778,37.54],[109.1544,37.0853],[109.1089,37.0187],[108.7953,36.7546],[108.7436,36.6964],[108.336,36.0532],[108.2565,36.0005],[107.323,35.7648],[107.2333,35.7343],[106.7504,35.5225],[106.6479,35.5162],[106.5357,35.5483],[106.4576,35.5391],[106.2278,35.3982],[106.138,35.3627],[105.3058,35.1828],[105.2622,35.1898],[105.2498,35.1978],[105.2477,35.2124],[105.2617,35.2545],[105.3013,35.2984],[105.8989,35.7537],[105.9066,35.7969],[105.86,35.8575],[105.8516,35.9319],[106.0432,36.2629],[106.0486,36.2997],[106.0315,36.3201],[105.9759,36.343],[104.214,36.7125],[104.1185,36.7388],[102.9122,37.1564],[102.8233,37.1608],[102.6624,37.1236],[102.599,37.1431],[102.5873,37.157],[102.5782,37.2114],[102.5362,37.2534],[102.1498,37.4199],[102.0998,37.4848],[102.0851,37.72],[102.0695,37.724],[101.8054,37.5221],[101.7335,37.5234],[101.6132,37.6648],[101.5448,37.7031],[101.3477,37.7458],[101.2938,37.7884],[101.2783,37.8582],[101.2338,37.8963],[100.8348,38.0048],[100.782,38.0659],[100.782,38.1761],[100.7531,38.202],[100.6713,38.2043],[100.605,38.244],[100.4192,38.559],[100.3982,38.5593],[100.2364,38.3127],[100.1489,38.2903],[99.8983,38.3861],[99.8274,38.438],[99.3893,39.0842],[99.3246,39.1231],[99.1352,39.1623],[99.0885,39.1919],[98.9991,39.0801],[98.9076,39.0533]]],[[[109.4379,51.7379],[109.469,51.7783],[109.51,51.798],[109.55,51.798],[109.5665,51.7871],[109.5721,51.7521],[109.541,51.7117],[109.5,51.692],[109.46,51.692],[109.4435,51.7029],[109.4379,51.7379]]]]},"properties":{"id":"territory:Xiongnu:-126","name":"Xiongnu","name_en":"Xiongnu","actor":"기타중립","valid_from":-126,"valid_to":-110,"span_from":-208,"span_to":153,"color":"#97A960","wikidata":"Q188836","area":5590684,"src":"cliopatria","confidence":"medium","finish":"chaikin1cap4km+grow2km+islands+s600m","islands":0}},{"type":"Feature","geometry":{"type":"Point","coordinates":[100.441,45.703]},"properties":{"id":"territory:Xiongnu:-126:label","name":"Xiongnu","name_en":"Xiongnu","actor":"기타중립","valid_from":-126,"valid_to":-110,"span_from":-208,"span_to":153,"color":"#97A960","wikidata":"Q188836","area":5590684,"src":"cliopatria","confidence":"medium"}},{"type":"Feature","geometry":{"type":"MultiPolygon","coordinates":[[[[76.2125,41.832],[76.1439,41.8667],[76.12,41.9435],[76.1376,42.0163],[76.2358,42.143],[76.2291,42.1753],[76.167,42.2064],[76.1274,42.2666],[76.1384,42.4539],[76.1068,42.471],[75.8639,42.4225],[75.77,42.4495],[75.7126,42.5173],[75.7045,42.5914],[75.8384,42.7915],[75.8295,42.8374],[75.6549,42.9771],[75.574,43.0107],[75.2983,43.0542],[75.21,43.0995],[75.1487,43.1751],[75.1349,43.2387],[75.1588,43.3088],[75.1557,43.322],[75.1188,43.326],[75.1046,43.371],[75.1683,43.5634],[75.1443,43.6072],[74.816,43.7725],[74.7948,43.8262],[74.7965,43.8426],[74.9575,44.0879],[74.9398,44.1191],[74.5969,44.2218],[74.5304,44.2787],[74.4374,44.5347],[74.3845,44.5815],[74.1264,44.6777],[74.0488,44.7282],[73.9848,44.7974],[73.9651,44.8682],[73.9888,44.9388],[73.9857,44.952],[73.9464,44.9582],[73.9422,44.9725],[73.98,45.0039],[74.0744,45.0387],[74.1274,45.0853],[74.2181,45.3348],[74.2035,45.3717],[74.1358,45.4085],[74.1163,45.4711],[74.2901,45.9316],[74.3689,45.985],[74.6922,46.0301],[74.7491,46.0667],[74.8566,46.3304],[74.929,46.3748],[75.2634,46.4204],[75.3374,46.4551],[75.4159,46.5366],[75.4964,46.5651],[77.3383,46.4998],[77.3896,46.479],[77.3992,46.4691],[77.3904,46.4354],[77.4172,46.4208],[77.7807,46.3744],[77.8311,46.3483],[77.8395,46.3384],[77.8313,46.3075],[77.8558,46.298],[78.4069,46.298],[78.5096,46.3049],[78.9124,46.3602],[78.9718,46.3967],[79.0648,46.5911],[79.1206,46.6253],[79.2047,46.628],[79.2493,46.6567],[79.2951,46.7712],[79.2697,46.7977],[78.7524,46.847],[78.6606,46.8334],[78.143,46.6113],[78.0527,46.6206],[77.9396,46.698],[77.8559,46.7193],[76.7775,46.6653],[76.7327,46.6777],[76.7211,46.6877],[76.7272,46.7145],[76.7046,46.722],[76.3939,46.7242],[76.3339,46.7567],[76.3119,46.8253],[76.2635,46.8503],[74.4507,46.798],[74.4125,46.831],[74.4076,46.8514],[74.5401,47.1741],[74.5779,47.2427],[74.9053,47.7109],[74.9702,47.7691],[75.4407,48.0514],[75.5119,48.1022],[76.3754,48.8357],[76.4494,48.8881],[77.2689,49.3708],[77.3195,49.4245],[77.3534,49.499],[77.4133,49.5517],[78.4672,49.9781],[78.5476,50.0209],[79.7361,50.841],[79.8259,50.8787],[80.302,50.9854],[80.3501,51.0253],[80.3857,51.2176],[80.4373,51.2837],[80.6889,51.4134],[82.0676,51.9199],[82.1643,51.9491],[86.8259,53.0655],[87.5974,53.3306],[87.6969,53.3552],[88.9228,53.5396],[88.9871,53.5759],[89.0341,53.6445],[89.1053,53.6691],[89.4003,53.6258],[89.5003,53.625],[91.3861,53.8808],[91.4913,53.8879],[93.8869,53.888],[93.9896,53.895],[95.3261,54.0807],[95.4312,54.0879],[100.4275,54.088],[100.4747,54.069],[100.4848,54.0573],[100.4694,54.0242],[100.487,54.0154],[101.7085,53.9603],[101.7649,53.9268],[101.748,53.8922],[101.7678,53.8792],[104.2916,53.4857],[104.3452,53.4458],[104.3275,53.4116],[104.3478,53.3971],[104.92,53.2844],[104.9652,53.2454],[104.9486,53.2131],[105.0375,53.208],[105.0766,53.188],[105.0851,53.1763],[105.0671,53.141],[105.0876,53.1247],[106.3647,52.8193],[106.3783,52.8044],[106.3825,52.7744],[106.3714,52.7552],[105.9632,52.5919],[105.887,52.5475],[105.3049,52.0639],[105.2184,52.0218],[104.4915,51.8442],[104.3875,51.832],[103.8956,51.832],[103.8202,51.8048],[103.6223,51.6069],[103.6324,51.5902],[104.0707,51.5344],[104.1162,51.5107],[104.1252,51.4983],[104.1125,51.4729],[104.1257,51.468],[104.7766,51.468],[104.8771,51.4787],[105.6852,51.6564],[105.7761,51.6873],[105.9575,51.7746],[106.0201,51.8247],[106.3697,52.3043],[106.4525,52.338],[106.764,52.338],[106.8331,52.3666],[106.8813,52.4292],[106.9575,52.4663],[107.055,52.468],[107.105,52.4366],[107.0886,52.4031],[107.0974,52.398],[107.1775,52.398],[107.2155,52.3811],[107.2251,52.3687],[107.2098,52.3397],[107.2273,52.3294],[107.5815,52.2756],[107.6352,52.2358],[107.6179,52.2021],[107.6378,52.1888],[107.9089,52.1432],[107.9552,52.1057],[107.9386,52.0731],[108.0275,52.068],[108.0666,52.048],[108.0751,52.0363],[108.0579,52.0021],[108.0778,51.9887],[109.1819,51.8062],[109.2275,51.7774],[109.2352,51.7657],[109.226,51.7435],[109.3589,51.7816],[109.4127,51.7571],[109.4113,51.6931],[109.4441,51.6765],[109.7261,51.7199],[109.7408,51.7155],[109.7734,51.6799],[109.7277,51.6126],[109.7406,51.598],[109.9675,51.598],[110.0147,51.579],[110.0248,51.5673],[110.0085,51.533],[110.0276,51.5217],[110.4602,51.4736],[110.5067,51.448],[110.5151,51.4362],[110.5,51.4051],[110.5162,51.398],[111.5075,51.398],[111.5547,51.379],[111.5648,51.3673],[111.5486,51.3332],[111.5675,51.3222],[113.4299,51.1331],[113.4757,51.111],[113.4851,51.0986],[113.4746,51.068],[113.55,51.068],[113.5871,51.0477],[113.5951,51.0359],[113.5786,51.0031],[113.5874,50.998],[113.6675,50.998],[113.7066,50.978],[113.7151,50.9663],[113.6986,50.9331],[113.7074,50.928],[113.7993,50.9236],[113.8368,50.8911],[113.8428,50.8748],[113.834,50.8176],[113.8665,50.7771],[114.1011,50.6846],[114.1333,50.6251],[114.1316,50.6073],[114.0797,50.528],[114.1117,50.5237],[114.1219,50.4685],[114.0431,50.2822],[114.0454,50.268],[114.084,50.2613],[114.0876,50.2462],[114.077,50.2073],[113.2102,49.1992],[113.1449,49.1392],[112.0464,48.3318],[111.9624,48.2869],[111.1723,47.9904],[111.0744,47.9629],[108.8152,47.5224],[108.7261,47.4912],[108.2032,47.2083],[108.168,47.1615],[108.1624,47.0895],[108.1065,47.0389],[107.9962,47.0074],[107.9335,46.9642],[107.8511,46.8292],[107.7816,46.775],[107.5519,46.6817],[107.4547,46.6506],[105.3543,46.1446],[105.2606,46.1151],[104.1962,45.693],[104.161,45.6515],[104.1637,45.5848],[104.1307,45.518],[103.8436,45.2555],[103.761,45.2054],[103.3439,45.0418],[103.2747,44.9956],[103.1021,44.8005],[103.0702,44.7384],[102.9953,44.3559],[103.0092,44.2949],[103.0554,44.2239],[103.0609,44.1575],[102.9953,44.0205],[102.9964,44.008],[103.0326,44.0028],[103.0362,43.9476],[102.9675,43.829],[102.9702,43.7735],[103.0154,43.7039],[103.0209,43.6375],[102.9231,43.436],[102.8761,43.3674],[102.5207,42.9687],[102.4546,42.9111],[101.2982,42.1212],[101.2365,42.0663],[100.901,41.6705],[100.8624,41.6073],[100.5277,40.7635],[100.4755,40.6991],[99.6972,40.1131],[99.6286,40.0296],[99.5667,40.027],[98.5431,40.3286],[98.4551,40.3738],[98.294,40.5068],[98.2139,40.5411],[97.9504,40.587],[97.8944,40.628],[97.8783,40.6979],[97.8323,40.7354],[97.6398,40.7829],[97.5978,40.8099],[97.5902,40.8202],[97.5987,40.8476],[97.5731,40.8619],[96.9476,40.9733],[96.8981,41.0022],[96.8904,41.0121],[96.8984,41.0418],[96.875,41.0498],[95.2837,40.9842],[95.1815,40.9736],[93.7439,40.7309],[93.6939,40.7399],[93.6816,40.7492],[93.6896,40.7847],[93.6628,40.7995],[93.3128,40.8474],[93.2688,40.8718],[93.2605,40.8817],[93.2697,40.915],[93.2427,40.9309],[92.5299,41.0439],[92.432,41.0414],[91.925,40.9334],[91.8362,40.9013],[91.2017,40.5576],[91.1458,40.5052],[90.8667,39.9993],[90.8672,39.988],[90.89,39.988],[90.9064,39.9773],[90.9237,39.9321],[90.8989,39.7355],[90.8516,39.6703],[90.6179,39.5195],[90.55,39.492],[89.2213,39.5593],[89.1173,39.5718],[87.538,39.8726],[87.4367,39.882],[85.5643,39.882],[85.4723,39.8627],[85.281,39.7739],[85.182,39.7438],[82.9345,39.3708],[82.837,39.3477],[82.1331,39.1278],[82.0305,39.1106],[79.9103,39.0438],[79.8066,39.0561],[78.9596,39.291],[78.8796,39.339],[78.5959,39.6644],[78.5361,39.692],[78.4512,39.6943],[78.3919,39.7278],[78.2761,39.9235],[78.2276,39.952],[78.1484,39.9545],[78.0916,39.9879],[77.9762,40.1833],[77.9253,40.212],[77.8416,40.2141],[77.7796,40.2467],[77.2997,40.9536],[77.2456,40.982],[77.17,40.982],[77.155,40.9901],[77.1327,41.0239],[77.1317,41.0421],[77.3302,41.4226],[77.3102,41.442],[76.8725,41.442],[76.8129,41.487],[76.8292,41.5508],[76.8015,41.572],[76.6623,41.5752],[76.6098,41.6111],[76.602,41.6259],[76.602,41.7441],[76.6513,41.8091],[76.7042,41.832],[76.2125,41.832]]],[[[109.4435,51.7029],[109.436,51.7204],[109.4379,51.7379],[109.4629,51.7729],[109.51,51.798],[109.55,51.798],[109.5665,51.7871],[109.5721,51.7521],[109.5471,51.7171],[109.5085,51.6942],[109.46,51.692],[109.4435,51.7029]]]]},"properties":{"id":"territory:Xiongnu:-110","name":"Xiongnu","name_en":"Xiongnu","actor":"기타중립","valid_from":-110,"valid_to":-91,"span_from":-208,"span_to":153,"color":"#97A960","wikidata":"Q188836","area":3324000,"src":"cliopatria","confidence":"medium","finish":"chaikin1cap4km+grow2km+islands+s600m","islands":0}},{"type":"Feature","geometry":{"type":"Point","coordinates":[92.058,47.007]},"properties":{"id":"territory:Xiongnu:-110:label","name":"Xiongnu","name_en":"Xiongnu","actor":"기타중립","valid_from":-110,"valid_to":-91,"span_from":-208,"span_to":153,"color":"#97A960","wikidata":"Q188836","area":3324000,"src":"cliopatria","confidence":"medium"}},{"type":"Feature","geometry":{"type":"MultiPolygon","coordinates":[[[[54.0689,36.8409],[54.7217,36.6644],[54.8162,36.652],[55.7338,36.652],[55.8272,36.6721],[56.1761,36.8344],[56.2581,36.852],[56.8741,36.8469],[57.3896,36.7877],[57.4589,36.7569],[57.6585,36.565],[57.742,36.5245],[58.4019,36.4101],[58.4962,36.402],[59.0238,36.402],[59.1165,36.4108],[60.0078,36.5835],[60.097,36.592],[61.1638,36.592],[61.2008,36.6],[61.1855,36.5779],[61.1496,36.3803],[61.1668,36.3356],[61.2021,36.332],[61.2157,36.3086],[61.283,35.6042],[61.3336,35.548],[61.7537,35.3884],[61.8441,35.372],[62.1422,35.372],[62.2035,35.3454],[62.5815,34.8883],[62.6555,34.849],[63.1015,34.7974],[63.1674,34.7672],[63.2466,34.6908],[63.3182,34.6677],[63.7844,34.717],[63.8482,34.6964],[63.9194,34.6251],[63.9976,34.5932],[64.1459,34.592],[64.2283,34.6167],[64.3451,34.6999],[64.4168,34.722],[64.7159,34.722],[64.8039,34.7349],[65.3704,34.909],[65.439,34.9009],[65.5754,34.8165],[65.6576,34.7872],[66.0928,34.7282],[66.1724,34.7056],[66.5091,34.5533],[66.5333,34.5143],[66.52,34.4565],[66.5322,34.4162],[66.5125,34.402],[66.4831,34.402],[66.4475,34.3774],[66.3808,34.3023],[66.3143,34.278],[65.793,34.3369],[65.7255,34.3201],[65.4345,34.11],[65.3896,34.0568],[65.2694,33.8018],[65.2183,33.7422],[65.1051,33.6604],[65.0692,33.61],[65.0562,33.5538],[65.0623,33.538],[65.102,33.5334],[65.1113,33.4888],[65.0126,33.285],[64.9519,33.2447],[64.8728,33.242],[64.8296,33.2142],[64.7169,32.9604],[64.6583,32.9082],[64.4108,32.8107],[64.3925,32.7787],[64.4144,32.7138],[64.3883,32.6522],[63.9127,32.3087],[63.8278,32.282],[63.6862,32.282],[63.6284,32.2555],[63.4669,32.0525],[63.4088,32.0399],[63.3326,32.0736],[63.2863,32.064],[62.1578,30.6485],[62.1027,30.5906],[61.7221,30.2534],[61.6752,30.1976],[61.4027,29.7498],[61.3495,29.6917],[61.0735,29.4807],[61.0238,29.4274],[60.2755,28.2717],[60.2235,28.2128],[59.4396,27.5502],[59.3705,27.5065],[59.0385,27.3527],[59.005,27.3106],[59.0004,27.2511],[58.9892,27.2358],[58.937,27.2214],[58.8726,27.2536],[58.8271,27.2438],[58.7774,27.1791],[58.7105,27.1439],[58.6307,27.142],[58.5684,27.1193],[58.4743,27.0429],[58.4416,26.9881],[58.4234,26.8728],[58.4138,26.8596],[58.3579,26.8385],[58.2922,26.8667],[58.2327,26.8607],[57.8152,26.5881],[57.7684,26.5367],[57.5139,26.0276],[57.505,25.965],[57.5408,25.7789],[57.5368,25.7637],[57.4925,25.722],[57.4097,25.7238],[57.342,25.7581],[57.1175,26.0337],[57.0893,26.1045],[57.0352,26.7993],[57.007,26.8558],[56.7286,27.1178],[56.6645,27.142],[56.2364,27.142],[56.1807,27.1149],[56.1432,27.0608],[56.1518,27.048],[56.2891,27.0439],[56.3289,27.0114],[56.3354,26.9961],[56.3279,26.9232],[56.2894,26.8618],[56.1024,26.7196],[56.0253,26.6871],[55.6464,26.6289],[55.5773,26.6005],[55.4775,26.5268],[55.4025,26.502],[55.3275,26.502],[55.2807,26.5435],[55.2759,26.5577],[55.2884,26.6761],[55.3374,26.7329],[55.4,26.752],[55.2851,26.752],[55.2175,26.7296],[54.8722,26.4601],[54.7854,26.4401],[54.4932,26.4961],[54.4194,26.5337],[54.2784,26.6677],[54.2145,26.692],[53.6947,26.6937],[53.6226,26.7291],[53.4706,26.9268],[53.4126,26.9674],[52.7683,27.192],[52.7042,27.2413],[52.4874,27.5666],[52.433,27.6111],[52.082,27.7662],[52.0059,27.782],[51.6422,27.782],[51.5569,27.8075],[51.3373,27.9589],[51.3068,28.0138],[51.3093,28.0851],[51.29,28.1407],[51.0801,28.3991],[51.0492,28.4686],[51.0172,28.7262],[50.9802,28.765],[50.8455,28.8017],[50.8088,28.8548],[50.8078,28.8708],[50.8855,29.0545],[50.8679,29.0821],[50.6576,29.1242],[50.6104,29.1742],[50.6275,29.3714],[50.6043,29.4229],[50.2569,29.6948],[50.2097,29.7573],[50.0599,30.1318],[50.0222,30.1454],[49.6349,29.9888],[49.5528,29.99],[48.9773,30.2716],[48.9669,30.2655],[49.0008,30.0889],[48.9632,30.0304],[48.4207,29.9123],[48.392,29.8783],[48.4102,29.6241],[48.3622,29.5744],[48.1317,29.53],[48.0459,29.5279],[47.6863,29.5772],[47.6057,29.6031],[47.3203,29.7537],[47.2493,29.7638],[47.0116,29.7228],[46.9729,29.7473],[46.9646,29.7639],[46.9691,29.8226],[46.9431,29.8605],[46.8808,29.8873],[46.8114,29.8914],[46.6512,29.8551],[46.6085,29.8804],[46.5997,29.8947],[46.5749,30.266],[46.5401,30.2997],[45.8087,30.4157],[45.73,30.4549],[44.9664,31.2278],[44.9029,31.2606],[44.6179,31.3145],[44.5536,31.3587],[44.4605,31.5474],[44.4181,31.6045],[43.1678,32.7689],[43.1031,32.8051],[42.7394,32.9136],[42.6745,32.9617],[42.587,33.0962],[42.5324,33.1383],[42.0926,33.2989],[42.0332,33.3489],[42.0003,33.4165],[41.952,33.4587],[41.5224,33.6188],[41.4632,33.669],[41.431,33.7349],[41.3851,33.762],[41.3009,33.7645],[41.2459,33.797],[41.2107,33.8657],[41.1615,33.9014],[40.9476,33.9442],[40.8731,33.9801],[40.72,34.1177],[40.6573,34.1353],[40.3543,34.0886],[40.3377,34.095],[40.3135,34.1302],[40.3589,34.2022],[40.3502,34.2318],[40.2889,34.2581],[40.2146,34.2797],[39.1609,34.4646],[39.0878,34.4554],[38.0355,33.9712],[37.9686,33.9312],[37.7851,33.7917],[37.7551,33.7419],[37.7434,33.6682],[37.69,33.632],[37.613,33.632],[37.5475,33.6097],[37.1149,33.2723],[37.0837,33.2185],[37.0716,33.1039],[37.0243,33.0564],[36.9423,33.052],[36.895,33.0245],[36.7552,32.7758],[36.7405,32.7127],[36.7615,32.3245],[36.7142,32.2721],[36.5759,32.236],[36.642,32.1935],[36.6585,32.1288],[36.4244,31.6865],[36.4105,31.6228],[36.4355,31.2471],[36.4296,31.2325],[36.3898,31.1966],[35.7052,31.192],[35.6383,31.1692],[35.5331,31.087],[35.4651,31.0772],[35.3853,31.1065],[35.3265,31.0984],[34.6645,30.5724],[34.6351,30.5243],[34.6304,30.4685],[34.6198,30.4536],[34.5651,30.4336],[34.4307,30.4703],[34.3799,30.4538],[34.3316,30.3862],[34.2648,30.3414],[33.8837,30.2337],[33.8006,30.2167],[32.9694,30.1083],[32.9348,30.0787],[32.9238,30.0086],[32.8838,29.9761],[32.8019,29.972],[32.7508,29.9452],[32.6963,29.8737],[32.6399,29.8577],[32.5638,29.886],[32.5197,29.8735],[32.4785,29.814],[32.4689,29.7564],[32.6955,29.0039],[32.7379,28.9575],[32.8151,28.9205],[32.8732,28.8656],[33.1076,28.4229],[33.1536,28.3688],[33.595,28.0221],[33.6261,27.9532],[33.6101,27.6492],[33.6339,27.5945],[33.7831,27.4595],[33.8265,27.3954],[33.9343,27.074],[33.9755,27.03],[34.0501,26.9948],[34.0832,26.9439],[34.0701,26.6211],[34.0991,26.5797],[34.1749,26.548],[34.2303,26.4927],[34.4616,25.9143],[34.5074,25.8704],[34.5846,25.8383],[34.6418,25.7842],[35.1499,24.6927],[35.1923,24.636],[35.843,24.0495],[35.8739,23.9849],[35.8704,23.9111],[35.8612,23.8968],[35.8176,23.8728],[35.6039,23.9126],[35.5747,23.8965],[35.5704,23.8411],[35.5616,23.827],[35.5057,23.7989],[35.15,23.8554],[35.0695,23.8562],[33.74,23.672],[33.698,23.6723],[33.6519,23.7211],[33.4318,23.8121],[33.3547,23.8244],[32.0775,23.7114],[32.0042,23.714],[31.7105,23.7616],[31.6327,23.7555],[30.57,23.3893],[30.5271,23.3596],[30.5188,23.342],[30.4665,23.3482],[30.4323,23.3897],[30.3942,23.5167],[30.3539,23.5679],[30.1183,23.7195],[30.087,23.7735],[30.0889,23.8402],[30.0654,23.862],[29.9901,23.8636],[29.9209,23.8964],[29.6839,24.1579],[29.6233,24.1997],[28.6013,24.6178],[28.5364,24.6739],[28.2921,25.1188],[28.2698,25.1947],[28.2244,25.9051],[28.2284,25.9786],[28.3253,26.5426],[28.3177,26.562],[28.2754,26.5695],[28.2467,26.6129],[28.1383,27.3084],[28.1068,27.3648],[27.9595,27.4982],[27.8946,27.522],[27.7522,27.522],[27.7376,27.5296],[27.7149,27.5614],[27.7143,27.5812],[27.7516,27.6419],[27.7441,27.6867],[27.4512,27.9472],[27.3945,27.9565],[27.3242,27.9283],[27.2728,27.9504],[27.2639,27.9668],[27.2699,28.0808],[27.2462,28.1355],[27.088,28.2793],[27.0236,28.3188],[26.2798,28.6092],[26.2073,28.6488],[25.8329,28.9211],[25.7885,28.942],[25.747,28.9454],[25.7397,28.9566],[25.7633,28.9928],[25.8514,29.5567],[25.8885,29.6016],[25.9698,29.6372],[26.0274,29.6905],[26.1707,30.0076],[26.2111,30.0657],[26.5473,30.4023],[26.592,30.4656],[26.7393,30.7766],[26.7856,30.8271],[27.3454,31.1737],[27.3831,31.2127],[27.388,31.228],[27.4846,31.2199],[28.4621,31.0354],[28.5444,31.0074],[28.8401,30.8555],[28.9143,30.838],[29.3542,30.838],[29.382,30.8495],[29.382,30.8725],[29.3924,30.8875],[29.417,30.8507],[29.6491,30.6426],[29.7249,30.628],[29.9693,30.7277],[30.0202,30.772],[30.0197,30.8572],[29.9756,31.0488],[29.9181,31.0862],[29.8523,31.075],[29.8018,31.1688],[29.8025,31.1871],[29.8268,31.2245],[29.8399,31.2325],[30.2877,31.2823],[30.3016,31.3034],[30.2717,31.359],[30.2721,31.4159],[30.2792,31.4294],[30.3258,31.4625],[30.3922,31.478],[30.7659,31.478],[30.8421,31.4936],[30.921,31.5282],[30.952,31.5686],[30.952,31.6275],[30.959,31.6417],[31.0122,31.678],[31.1578,31.678],[31.1724,31.6704],[31.1951,31.6386],[31.1957,31.6188],[31.1594,31.5597],[31.1714,31.5258],[31.2388,31.4944],[31.3142,31.478],[31.8378,31.478],[31.8515,31.4716],[31.8801,31.4376],[31.8831,31.4193],[31.8153,31.2499],[31.8218,31.2448],[31.895,31.2723],[31.9577,31.2519],[31.9681,31.2407],[32.0042,31.1262],[32.0476,31.098],[32.2494,31.098],[32.2639,31.1153],[32.2387,31.17],[32.2402,31.1877],[32.2627,31.2202],[32.2775,31.228],[32.3525,31.228],[32.4308,31.1967],[32.5102,31.1229],[32.5704,31.1086],[32.7362,31.1465],[32.7917,31.1242],[32.8287,31.0557],[32.8758,31.0315],[33.7054,31.0946],[33.7844,31.1109],[34.2506,31.272],[34.2851,31.31],[34.2919,31.3765],[34.3292,31.4388],[34.584,31.6458],[34.6002,31.6948],[34.5638,31.8099],[34.5893,31.8768],[34.7614,31.9741],[34.7878,32.0197],[34.7559,32.3223],[34.7798,32.3939],[34.9783,32.6026],[35.0061,32.6607],[35.0426,32.9858],[35.0849,33.0361],[35.1722,33.0713],[35.2242,33.1141],[35.3646,33.3637],[35.3749,33.4252],[35.3392,33.6111],[35.3739,33.6618],[35.4543,33.668],[35.4739,33.6906],[35.4423,33.8851],[35.4858,33.9379],[35.6293,33.9753],[35.6577,34.0112],[35.6258,34.3224],[35.635,34.3399],[35.6846,34.359],[35.7556,34.3259],[35.8088,34.3342],[36.0078,34.5332],[36.0362,34.5909],[36.0479,34.7017],[36.0263,34.7561],[35.9419,34.8368],[35.9167,34.8991],[35.9383,35.151],[35.9285,35.172],[35.8889,35.1759],[35.8741,35.2203],[35.959,35.4839],[35.9397,35.5208],[35.862,35.556],[35.8308,35.6193],[35.9627,36.1822],[35.94,36.2235],[35.8694,36.2564],[35.8592,36.2703],[35.8537,36.3116],[35.8606,36.3283],[36.215,36.5983],[36.2484,36.652],[36.2659,36.7624],[36.2453,36.815],[36.1613,36.8878],[36.1242,36.8957],[36.0863,36.8682],[36.04,36.852],[36.0,36.852],[35.9837,36.8625],[36.0028,36.8998],[36.0119,36.9592],[36.0502,36.9996],[36.123,37.0269],[36.1956,37.025],[37.1603,36.6091],[37.2469,36.6096],[37.4857,36.7067],[37.5424,36.722],[37.6473,36.7325],[38.1287,36.8465],[38.1828,36.8998],[38.1906,36.9765],[38.153,37.0368],[38.0095,37.1216],[37.9828,37.1694],[38.0035,37.3421],[37.9776,37.414],[37.685,37.6923],[37.6698,37.7446],[37.7661,38.0497],[37.7616,38.0664],[38.1023,38.0192],[38.1963,38.0282],[38.2763,38.0582],[38.3365,38.1108],[38.4197,38.3033],[38.4705,38.332],[38.6111,38.332],[38.6806,38.3071],[38.8279,38.1738],[38.9097,38.1431],[39.1342,38.142],[39.2154,38.1827],[39.3751,38.4382],[39.3741,38.4723],[39.4249,38.4873],[40.1031,38.3177],[40.1615,38.308],[40.43,38.308],[40.4602,38.2852],[40.4674,38.238],[40.5089,38.238],[40.5244,38.211],[40.54,38.202],[40.5679,38.202],[40.5758,38.1822],[40.5579,38.0685],[40.5638,38.0521],[40.6165,38.012],[41.6216,38.012],[41.7047,37.9948],[41.9124,37.9016],[42.0029,37.8824],[42.4625,37.882],[42.5518,37.8722],[43.8914,37.5725],[43.9865,37.562],[44.3613,37.562],[44.4411,37.5422],[44.7191,37.3877],[44.7456,37.3409],[44.7279,37.2285],[44.7443,37.1541],[44.839,37.0164],[44.912,36.974],[45.2015,36.9207],[45.24,36.9282],[45.2271,36.8969],[45.1074,36.0683],[45.1234,36.0231],[45.14,36.012],[45.1699,36.012],[45.1841,35.9886],[45.2002,35.675],[45.2566,35.6099],[45.9828,35.3858],[46.0719,35.3706],[47.9036,35.3037],[47.99,35.2923],[48.7266,35.122],[48.8171,35.1212],[49.3755,35.2357],[49.4478,35.2797],[49.5984,35.4754],[49.66,35.5088],[50.4436,35.6177],[50.5202,35.6563],[50.8343,35.9873],[50.8991,36.0276],[51.9743,36.389],[52.0478,36.4397],[52.1007,36.5084],[52.1056,36.5549],[52.1197,36.5647],[52.2261,36.5787],[53.045,36.8062],[53.1289,36.8211],[53.9169,36.8846],[54.0125,36.888],[54.0689,36.8409]]],[[[55.3095,26.283],[55.3203,26.2783],[55.3226,26.2541],[55.2949,26.2502],[55.29,26.2729],[55.3095,26.283]]]]},"properties":{"id":"territory:Seleucid Empire:-170","name":"셀레우코스 제국","name_en":"Seleucid Empire","actor":"그리스계","valid_from":-170,"valid_to":-164,"span_from":-318,"span_to":-64,"wikidata":"Q705904","area":2448734,"src":"cliopatria","confidence":"medium","finish":"chaikin1cap4km+grow2km+islands+s600m","islands":1,"island_rule":"nearest<=40km"}},{"type":"Feature","geometry":{"type":"Point","coordinates":[47.208,31.818]},"properties":{"id":"territory:Seleucid Empire:-170:label","name":"셀레우코스 제국","name_en":"Seleucid Empire","actor":"그리스계","valid_from":-170,"valid_to":-164,"span_from":-318,"span_to":-64,"wikidata":"Q705904","area":2448734,"src":"cliopatria","confidence":"medium"}},{"type":"Feature","geometry":{"type":"MultiPolygon","coordinates":[[[[47.4134,39.8304],[47.5005,39.7526],[47.5673,39.728],[48.2559,39.728],[48.3435,39.7135],[48.6387,39.6097],[48.7113,39.5662],[48.7931,39.4902],[48.8194,39.4236],[48.8067,39.3558],[48.8296,39.3195],[48.9084,39.2834],[48.9359,39.2197],[48.7699,38.7042],[48.774,38.688],[48.8,38.688],[48.8158,38.6785],[48.8373,38.6337],[48.8207,38.108],[48.3771,38.108],[48.2991,38.127],[47.2958,38.6658],[47.2087,38.6804],[46.161,38.5051],[46.0759,38.4709],[45.8734,38.3284],[45.8183,38.2694],[45.6346,37.9448],[45.5798,37.9029],[45.2564,37.8004],[45.1967,37.7371],[45.1589,37.4789],[45.18,37.4351],[45.2208,37.432],[45.2384,37.4074],[45.2734,37.2115],[45.3189,37.1759],[45.4029,37.172],[45.4258,37.1508],[45.4181,37.101],[45.3789,37.061],[45.2876,37.0264],[45.239,36.9657],[45.1352,35.7474],[45.1848,35.6782],[45.9829,35.388],[46.0715,35.3707],[47.9038,35.3037],[49.0382,35.1196],[49.1265,35.1313],[49.4683,35.2859],[49.5338,35.3442],[49.6054,35.4743],[49.6606,35.5088],[50.4435,35.6177],[50.5202,35.6563],[50.8343,35.9873],[50.8992,36.0276],[51.9743,36.389],[52.0478,36.4397],[52.1007,36.5084],[52.1057,36.5549],[52.1197,36.5647],[52.2277,36.5791],[53.0435,36.8057],[53.1324,36.8214],[54.0125,36.888],[54.0248,36.8702],[54.0689,36.8409],[54.7241,36.664],[54.8162,36.652],[55.7338,36.652],[55.8272,36.6721],[56.1761,36.8344],[56.2581,36.852],[56.8741,36.8469],[57.3896,36.7877],[57.4589,36.7569],[57.6585,36.565],[57.742,36.5245],[58.4019,36.4101],[58.4962,36.402],[59.0238,36.402],[59.1165,36.4108],[60.0078,36.5835],[60.097,36.592],[61.1638,36.592],[61.201,36.6001],[61.1855,36.5779],[61.1496,36.3804],[61.1668,36.3356],[61.2021,36.332],[61.2157,36.3086],[61.2831,35.6041],[61.3348,35.5476],[61.7524,35.3888],[61.8457,35.372],[62.1406,35.372],[62.2039,35.3451],[62.5812,34.8887],[62.6572,34.8488],[63.0999,34.7976],[63.1679,34.7667],[63.2463,34.6911],[63.3199,34.6678],[63.7829,34.7168],[63.8486,34.6959],[63.919,34.6255],[63.9993,34.5932],[64.1443,34.592],[64.2289,34.6171],[64.3444,34.6994],[64.4184,34.722],[64.7143,34.722],[64.8052,34.7353],[65.3691,34.9086],[65.4399,34.9004],[65.5746,34.817],[65.6591,34.787],[66.0913,34.7284],[66.1734,34.7052],[66.5081,34.5538],[66.5333,34.5142],[66.52,34.4565],[66.5322,34.4162],[66.5125,34.402],[66.4831,34.402],[66.4472,34.377],[66.3811,34.3027],[66.3124,34.2782],[65.7948,34.3367],[65.7247,34.3196],[65.4353,34.1105],[65.3895,34.0566],[65.2694,33.8019],[65.2175,33.7416],[65.1059,33.661],[65.0692,33.6099],[65.0562,33.5538],[65.0623,33.538],[65.102,33.5333],[65.1112,33.4885],[65.0127,33.2852],[64.9519,33.2447],[64.8728,33.242],[64.8295,33.214],[64.7169,32.9605],[64.6569,32.9077],[64.412,32.8112],[64.3926,32.7786],[64.4143,32.7136],[64.3875,32.6516],[63.9135,32.3093],[63.8259,32.282],[63.6879,32.282],[63.6281,32.255],[63.4673,32.0529],[63.4089,32.04],[63.3326,32.0736],[63.286,32.0636],[62.1581,30.6489],[62.1021,30.5901],[61.7227,30.2539],[61.6751,30.1973],[61.4029,29.7501],[61.3488,29.6911],[61.0742,29.4812],[61.0236,29.4271],[60.2757,28.272],[60.2228,28.2122],[59.4402,27.5507],[59.3692,27.5059],[59.0396,27.3532],[59.005,27.3105],[59.0004,27.2511],[58.9892,27.2358],[58.937,27.2214],[58.8727,27.2536],[58.8268,27.2434],[58.7777,27.1795],[58.7105,27.1439],[58.6307,27.142],[58.5678,27.1188],[58.475,27.0434],[58.4416,26.9881],[58.4234,26.8728],[58.4138,26.8596],[58.3579,26.8385],[58.2922,26.8666],[58.2318,26.8601],[57.8161,26.5887],[57.7683,26.5364],[57.514,26.0278],[57.505,25.9649],[57.5408,25.7789],[57.5368,25.7638],[57.4925,25.722],[57.4175,25.722],[57.3394,25.7551],[57.1951,25.8994],[57.1589,25.9674],[57.0378,26.7986],[57.0067,26.8561],[56.7292,27.1173],[56.6627,27.142],[56.2381,27.142],[56.1804,27.1145],[56.1436,27.0615],[56.1533,27.048],[56.287,27.0442],[56.3286,27.0117],[56.3354,26.9961],[56.3278,26.9232],[56.2886,26.8612],[56.1031,26.7202],[56.0254,26.6833],[55.3365,26.513],[55.2839,26.5408],[55.2759,26.5577],[55.2884,26.6761],[55.3391,26.7335],[55.4,26.752],[55.2874,26.752],[55.2222,26.7268],[55.0263,26.532],[54.9515,26.4929],[54.7197,26.4418],[54.6354,26.4565],[54.2878,26.6716],[54.2135,26.692],[53.6967,26.6936],[53.6223,26.7295],[53.4709,26.9264],[53.4112,26.9679],[52.7699,27.1915],[52.704,27.2416],[52.4876,27.5662],[52.4318,27.6117],[52.0827,27.7659],[52.003,27.7874],[51.4915,27.8471],[51.4201,27.8859],[51.0742,28.4021],[51.0478,28.4736],[51.0172,28.726],[50.9788,28.7653],[50.8471,28.8013],[50.809,28.8547],[50.8078,28.871],[50.8853,29.0541],[50.8664,29.0824],[50.6593,29.1238],[50.6106,29.174],[50.6063,29.1878],[50.6275,29.3713],[50.6036,29.4234],[50.2608,29.691],[50.2121,29.7532],[50.06,30.1315],[50.021,30.1449],[49.6362,29.9893],[49.5517,29.9906],[48.9782,30.2712],[48.9669,30.265],[49.0008,30.0889],[48.9613,30.0298],[48.4222,29.9126],[48.392,29.8781],[48.4145,29.6375],[48.41,29.6238],[48.3605,29.5741],[48.1334,29.5303],[48.0441,29.5281],[47.6881,29.5769],[47.6046,29.6036],[47.3214,29.7531],[47.2476,29.7635],[47.0136,29.7229],[46.9733,29.7471],[46.9646,29.7639],[46.9691,29.8226],[46.9431,29.8605],[46.8809,29.8872],[46.8099,29.891],[46.6532,29.8553],[46.6088,29.8802],[46.5997,29.8947],[46.5749,30.2659],[46.5385,30.3],[45.8105,30.4154],[45.7296,30.4554],[44.9669,31.2273],[44.9012,31.261],[44.6196,31.3142],[44.5536,31.3588],[44.4606,31.5472],[44.4175,31.605],[43.1684,32.7683],[43.1016,32.8056],[42.741,32.9131],[42.6743,32.962],[42.587,33.0962],[42.532,33.1426],[41.5206,33.6158],[41.4487,33.6638],[41.2288,33.8681],[41.1613,33.9014],[40.9424,33.9468],[40.8846,33.9879],[40.8512,34.0546],[40.8013,34.082],[40.3541,34.082],[40.3395,34.0895],[40.3137,34.1311],[40.3577,34.2005],[40.3456,34.2272],[39.5477,34.4603],[39.4647,34.472],[39.1658,34.472],[39.0857,34.4567],[38.5271,34.2297],[38.4557,34.1915],[37.1169,33.2704],[37.0837,33.2181],[37.0655,33.0922],[37.0243,33.0564],[36.9424,33.052],[36.8949,33.0243],[36.7553,32.7761],[36.7405,32.7126],[36.7655,32.3371],[36.7126,32.2717],[36.5769,32.2363],[36.642,32.1934],[36.6584,32.1286],[36.4245,31.6868],[36.4105,31.6228],[36.4355,31.2471],[36.4293,31.2323],[36.3876,31.1964],[35.707,31.192],[35.6376,31.1686],[35.5339,31.0876],[35.4652,31.0772],[35.3855,31.1064],[35.328,31.0968],[34.6619,30.5128],[34.6303,30.4956],[34.6,30.518],[34.56,30.518],[34.5427,30.5095],[34.5509,30.5388],[34.4533,31.0515],[34.4237,31.1211],[34.336,31.2492],[34.2821,31.2873],[34.282,31.3225],[34.3159,31.3804],[34.5856,31.642],[34.6003,31.6945],[34.5639,31.8098],[34.5905,31.8775],[34.7604,31.9735],[34.7877,32.0198],[34.7569,32.3304],[34.7842,32.4007],[34.9779,32.6021],[35.0061,32.6608],[35.0427,32.9859],[35.0864,33.0367],[35.1709,33.0708],[35.2244,33.1144],[35.3644,33.3634],[35.3749,33.4253],[35.3392,33.6111],[35.3739,33.6617],[35.4543,33.668],[35.4739,33.6907],[35.4392,33.8711],[35.4425,33.8853],[35.4874,33.9383],[35.6278,33.975],[35.6577,34.0114],[35.6258,34.3224],[35.6351,34.34],[35.6851,34.3588],[35.7551,34.3261],[35.8093,34.3347],[36.0074,34.5328],[36.0362,34.5909],[36.0479,34.7016],[36.0258,34.7566],[35.9425,34.8362],[35.9167,34.899],[35.9383,35.151],[35.9285,35.172],[35.8889,35.1759],[35.8741,35.2204],[35.959,35.4838],[35.9397,35.5208],[35.862,35.556],[35.8308,35.6194],[35.9627,36.1821],[35.9396,36.2237],[35.8699,36.2562],[35.8597,36.2703],[35.8544,36.3123],[35.8613,36.3288],[36.2143,36.5978],[36.2485,36.6521],[36.2659,36.7623],[36.2447,36.8155],[36.161,36.888],[36.0929,36.912],[35.8773,36.912],[35.8108,36.8873],[35.5254,36.6204],[35.45,36.592],[35.37,36.592],[35.2852,36.6156],[35.1403,36.7012],[35.0744,36.7048],[34.996,36.6705],[34.9334,36.688],[34.9223,36.6997],[34.8852,36.8236],[34.8407,36.852],[34.6265,36.852],[34.5518,36.8319],[34.2962,36.677],[34.2414,36.6269],[34.0167,36.3107],[33.9462,36.2667],[32.6062,36.0202],[32.5319,36.0594],[32.4946,36.1774],[32.4568,36.2349],[32.0887,36.5688],[32.0222,36.6091],[31.4247,36.8375],[31.3435,36.8556],[30.6683,36.9082],[30.628,36.8833],[30.5155,36.3814],[30.4575,36.3307],[29.4357,36.2073],[29.3375,36.202],[29.3192,36.217],[29.3397,36.255],[29.3459,36.3789],[29.3763,36.4326],[29.5584,36.571],[29.5992,36.6366],[29.6141,36.7623],[29.5701,36.8338],[29.4951,36.8688],[29.4549,36.8705],[29.43,36.888],[29.39,36.888],[29.3674,36.8752],[29.3332,36.8998],[28.3034,37.204],[28.3061,37.2303],[28.2681,37.3506],[28.1935,37.3936],[27.6531,37.3422],[27.6021,37.3187],[27.592,37.3021],[27.2641,37.302],[27.2495,37.3095],[27.2237,37.3511],[27.2707,37.4248],[27.274,37.4789],[27.1698,37.6783],[27.1777,37.7231],[27.217,37.728],[27.2229,37.746],[27.1814,37.9303],[27.1995,37.9745],[27.2438,37.978],[27.2557,37.9872],[27.2593,38.012],[27.458,38.012],[27.4888,37.989],[27.4894,37.9202],[27.5391,37.8712],[27.6818,37.834],[27.7782,37.8335],[27.9351,37.8735],[28.0097,37.9175],[28.1237,38.0449],[28.1866,38.0647],[28.4821,38.0192],[28.5666,38.0381],[28.8387,38.2504],[28.89,38.318],[28.9622,38.5056],[29.0098,38.554],[29.1786,38.635],[29.2274,38.6948],[29.2542,38.9581],[29.2698,38.982],[29.3,38.982],[29.3159,38.9916],[29.3349,39.0275],[29.319,39.6746],[29.2699,39.7344],[28.8882,39.8451],[28.7964,39.8578],[28.014,39.8579],[27.9218,39.8473],[27.4451,39.7358],[27.3709,39.6917],[27.2545,39.5549],[27.1903,39.528],[26.886,39.528],[26.8343,39.512],[26.8247,39.53],[26.8276,39.55],[26.8043,39.5575],[26.1755,39.4964],[26.1263,39.5318],[26.1206,39.5494],[26.2444,40.0948],[26.3058,40.1078],[26.6434,40.3219],[26.6851,40.3622],[26.6912,40.378],[27.4247,40.4343],[27.5054,40.411],[27.6,40.3311],[27.6444,40.308],[27.682,40.308],[27.6938,40.2907],[27.7409,40.2732],[28.1228,40.272],[28.1823,40.3075],[28.1904,40.3211],[28.1954,40.3861],[28.1794,40.4218],[28.1852,40.4302],[28.2,40.438],[28.32,40.438],[28.3492,40.4186],[28.3566,40.378],[28.7164,40.3768],[28.7748,40.3544],[28.9213,40.2678],[28.9964,40.248],[29.301,40.248],[29.3493,40.2765],[29.4197,40.4525],[29.483,40.5009],[29.894,40.5616],[29.9451,40.5323],[29.9528,40.5148],[29.9435,40.4549],[29.9651,40.4047],[30.0496,40.3315],[30.1184,40.3007],[30.4194,40.2544],[30.5013,40.2162],[30.5873,40.1343],[30.6139,40.0748],[30.6112,40.0107],[30.6403,39.988],[31.2848,39.988],[31.3083,39.9564],[31.3471,39.952],[31.3532,39.9337],[31.2207,39.351],[31.2407,39.2782],[31.3992,39.0819],[31.418,39.0224],[31.4059,38.9077],[31.4123,38.892],[31.4552,38.8562],[31.6889,38.852],[31.7412,38.8244],[31.775,38.7576],[31.8354,38.7169],[32.1422,38.6603],[33.5421,38.5361],[33.5805,38.5487],[33.5762,38.5122],[33.6481,37.8738],[33.7039,37.8203],[35.6266,37.5681],[35.7177,37.5795],[35.9682,37.6785],[36.042,37.7241],[36.3289,37.9864],[36.3958,38.0039],[37.0619,37.89],[37.1346,37.9165],[37.316,38.2446],[37.3716,38.2837],[38.09,38.4522],[38.1722,38.4867],[38.7848,38.8918],[38.8197,38.9289],[38.8561,38.9296],[39.0782,38.8333],[39.1488,38.7881],[39.2375,38.704],[39.2616,38.647],[39.2544,38.587],[39.2766,38.568],[39.3591,38.5655],[39.4141,38.533],[39.4493,38.4644],[39.5001,38.4289],[40.4732,38.247],[40.5012,38.2655],[40.4927,38.7037],[40.5038,38.7774],[40.6291,39.154],[40.6092,39.1939],[40.5399,39.2262],[40.4924,39.2849],[40.4662,39.5346],[40.4299,39.562],[39.8979,39.562],[39.8381,39.535],[39.7798,39.4637],[39.7127,39.4381],[39.2542,39.487],[39.1781,39.474],[38.9956,39.3827],[38.9489,39.3856],[38.9328,39.4211],[38.7874,39.5597],[38.7867,39.6013],[38.9193,39.7418],[38.9122,39.811],[38.8421,39.8761],[38.8486,39.8892],[40.3622,40.0787],[40.4346,40.1239],[40.5046,40.2448],[40.5623,40.2865],[40.7107,40.3298],[40.7727,40.387],[40.7817,40.4567],[40.758,40.5154],[40.6179,40.6575],[40.6237,40.6909],[40.9805,40.9017],[41.0222,40.9185],[41.0138,40.8879],[41.0277,40.8467],[41.1106,40.7255],[41.1682,40.698],[41.3106,40.698],[41.3549,40.7264],[41.51,41.2402],[41.5741,41.278],[42.2015,41.278],[42.2549,41.3062],[42.3241,41.4319],[42.3244,41.4668],[42.2958,41.4914],[42.2896,41.5067],[42.2987,41.5206],[42.3341,41.538],[42.4807,41.538],[42.5217,41.5638],[42.535,41.6215],[42.5449,41.6338],[42.595,41.6572],[43.739,41.4171],[43.8189,41.4196],[43.9922,41.4659],[44.0711,41.4457],[44.2208,41.3031],[44.286,41.2817],[45.0747,41.3444],[45.1546,41.3201],[45.2463,41.2362],[45.2729,41.1917],[45.2714,41.1529],[45.297,41.122],[45.6444,40.907],[45.6528,40.8926],[45.655,40.847],[45.6475,40.8316],[45.5372,40.7519],[45.5126,40.7011],[45.5331,40.5236],[45.571,40.4821],[46.4548,40.1905],[46.5166,40.1294],[46.5464,40.0164],[46.5895,39.988],[46.7259,39.988],[46.8084,39.9635],[47.0241,39.8106],[47.0925,39.7974],[47.3417,39.8484],[47.4134,39.8304]]],[[[47.0875,39.822],[47.0598,39.8423],[47.0598,39.888],[47.09,39.9149],[47.14,39.918],[47.1677,39.8977],[47.172,39.8793],[47.162,39.8493],[47.1325,39.8251],[47.0875,39.822]]],[[[46.94,39.882],[46.9098,39.9048],[46.9097,39.955],[46.939,39.9842],[46.99,39.988],[47.0202,39.9652],[47.0203,39.915],[46.991,39.8858],[46.94,39.882]]],[[[33.778,36.1737],[33.7813,36.1787],[33.7876,36.1815],[33.778,36.1737]]],[[[27.0877,37.302],[27.1034,37.2995],[27.0922,37.2877],[27.1058,37.2787],[27.0929,37.2721],[27.0824,37.2781],[27.0877,37.302]]],[[[26.0523,39.3962],[26.1019,39.3979],[26.4748,39.3417],[26.5406,39.2925],[26.6427,39.041],[26.6405,39.0236],[26.598,38.9742],[26.2983,38.9204],[26.208,38.9296],[26.1228,38.966],[26.0781,39.0217],[26.0789,39.0905],[26.0464,39.1221],[25.8316,39.1637],[25.818,39.1754],[25.8061,39.2092],[25.8122,39.2295],[25.9992,39.3711],[26.0523,39.3962]]]]},"properties":{"id":"territory:Seleucid Empire:-197","name":"셀레우코스 제국","name_en":"Seleucid Empire","actor":"그리스계","valid_from":-197,"valid_to":-188,"span_from":-318,"span_to":-64,"wikidata":"Q705904","area":2367037,"src":"cliopatria","confidence":"medium","finish":"chaikin1cap4km+grow2km+islands+s600m","islands":2,"island_rule":"nearest<=40km"}},{"type":"Feature","geometry":{"type":"Point","coordinates":[48.813,34.066]},"properties":{"id":"territory:Seleucid Empire:-197:label","name":"셀레우코스 제국","name_en":"Seleucid Empire","actor":"그리스계","valid_from":-197,"valid_to":-188,"span_from":-318,"span_to":-64,"wikidata":"Q705904","area":2367037,"src":"cliopatria","confidence":"medium"}},{"type":"Feature","geometry":{"type":"MultiPolygon","coordinates":[[[[46.5896,39.988],[46.7258,39.988],[46.8085,39.9635],[47.024,39.8106],[47.0926,39.7974],[47.3416,39.8484],[47.4135,39.8304],[47.5005,39.7527],[47.5674,39.728],[48.2588,39.7277],[48.3465,39.7127],[48.6354,39.6112],[48.7113,39.5661],[48.7978,39.4832],[48.8194,39.4236],[48.8067,39.3558],[48.8296,39.3195],[48.9084,39.2834],[48.9359,39.2197],[48.7699,38.7042],[48.774,38.688],[48.8,38.688],[48.8158,38.6785],[48.8373,38.6337],[48.8253,38.14],[48.8207,38.108],[48.3771,38.108],[48.2991,38.127],[47.2958,38.6658],[47.203,38.6803],[46.161,38.5051],[46.0796,38.4729],[45.8734,38.3284],[45.8183,38.2694],[45.6346,37.9448],[45.5798,37.9029],[45.2489,37.7958],[45.1967,37.7371],[45.1589,37.4789],[45.18,37.4351],[45.2208,37.432],[45.2384,37.4074],[45.2734,37.2115],[45.3189,37.1759],[45.4029,37.172],[45.4258,37.1508],[45.4181,37.101],[45.3789,37.061],[45.2876,37.0264],[45.239,36.9657],[45.1387,35.7351],[45.1848,35.6782],[45.9829,35.388],[46.0743,35.3704],[47.9038,35.3037],[49.033,35.1197],[49.1214,35.1299],[49.4728,35.2888],[49.5338,35.3442],[49.6054,35.4743],[49.6606,35.5088],[50.4435,35.6177],[50.5202,35.6563],[50.8343,35.9873],[50.8992,36.0276],[51.9743,36.389],[52.0478,36.4397],[52.1007,36.5084],[52.1057,36.5549],[52.1197,36.5647],[52.2278,36.5791],[53.045,36.8061],[53.1326,36.8214],[54.0125,36.888],[54.0248,36.8702],[54.0689,36.8409],[54.7241,36.664],[54.8162,36.652],[55.7338,36.652],[55.8272,36.6721],[56.1761,36.8344],[56.2581,36.852],[56.7833,36.852],[57.3896,36.7877],[57.4589,36.7569],[57.6585,36.565],[57.7372,36.526],[58.4019,36.4101],[58.4946,36.4021],[59.0238,36.402],[59.1165,36.4108],[60.0078,36.5835],[60.097,36.592],[61.1638,36.592],[61.201,36.6001],[61.1855,36.5779],[61.1496,36.3804],[61.1668,36.3356],[61.2021,36.332],[61.2157,36.3086],[61.2831,35.6041],[61.3348,35.5476],[61.7524,35.3888],[61.8457,35.372],[62.1406,35.372],[62.2039,35.3451],[62.5812,34.8887],[62.6572,34.8488],[63.0999,34.7976],[63.1679,34.7667],[63.2463,34.6911],[63.3199,34.6678],[63.7829,34.7168],[63.8486,34.6959],[63.919,34.6255],[63.9993,34.5932],[64.1443,34.592],[64.2289,34.6171],[64.3444,34.6994],[64.4184,34.722],[64.7143,34.722],[64.8052,34.7353],[65.3691,34.9086],[65.4399,34.9004],[65.5746,34.817],[65.6591,34.787],[66.0913,34.7284],[66.1734,34.7052],[66.5081,34.5538],[66.5333,34.5142],[66.52,34.4565],[66.5322,34.4162],[66.5125,34.402],[66.4831,34.402],[66.4471,34.377],[66.3811,34.3027],[66.3122,34.2782],[65.7949,34.3367],[65.7246,34.3195],[65.4353,34.1106],[65.3895,34.0566],[65.2694,33.8019],[65.2175,33.7416],[65.1059,33.661],[65.0692,33.6099],[65.0562,33.5538],[65.0623,33.538],[65.1021,33.5333],[65.1112,33.4885],[65.0127,33.2853],[64.9519,33.2447],[64.8728,33.242],[64.8295,33.214],[64.7169,32.9605],[64.6568,32.9076],[64.4121,32.8112],[64.3926,32.7786],[64.4143,32.7136],[64.3875,32.6516],[63.9136,32.3093],[63.8258,32.282],[63.6881,32.282],[63.6281,32.255],[63.4673,32.0529],[63.4089,32.04],[63.3326,32.0736],[63.286,32.0636],[62.1581,30.649],[62.102,30.5901],[61.7228,30.2539],[61.675,30.1973],[61.4029,29.7501],[61.3487,29.6911],[61.0743,29.4813],[61.0236,29.4271],[60.2757,28.272],[60.2228,28.2122],[59.4403,27.5507],[59.3691,27.5059],[59.0397,27.3532],[59.005,27.3105],[59.0004,27.2511],[58.9892,27.2358],[58.937,27.2214],[58.8727,27.2536],[58.8268,27.2434],[58.7777,27.1795],[58.7105,27.1439],[58.6307,27.142],[58.5677,27.1188],[58.475,27.0434],[58.4416,26.9881],[58.4234,26.8728],[58.4138,26.8596],[58.3579,26.8385],[58.2923,26.8666],[58.2317,26.8601],[57.8162,26.5887],[57.7683,26.5364],[57.514,26.0279],[57.505,25.9649],[57.5408,25.7789],[57.5368,25.7638],[57.4925,25.722],[57.4175,25.722],[57.3394,25.7552],[57.1952,25.8994],[57.1589,25.9674],[57.0378,26.7986],[57.0067,26.8561],[56.7292,27.1172],[56.6625,27.142],[56.2383,27.142],[56.1804,27.1145],[56.1437,27.0615],[56.1534,27.048],[56.2868,27.0442],[56.3285,27.0117],[56.3354,26.9961],[56.3278,26.9231],[56.2886,26.8611],[56.1032,26.7202],[56.0253,26.6833],[55.3366,26.513],[55.2839,26.5408],[55.2759,26.5577],[55.2884,26.6761],[55.3393,26.7336],[55.4,26.752],[55.2876,26.752],[55.2221,26.7267],[55.0263,26.532],[54.9513,26.4929],[54.7198,26.4419],[54.6354,26.4565],[54.2879,26.6716],[54.2134,26.692],[53.6968,26.6936],[53.6223,26.7295],[53.4709,26.9264],[53.4111,26.968],[52.77,27.1914],[52.704,27.2416],[52.4876,27.5662],[52.4317,27.6117],[52.0828,27.7658],[52.0028,27.7874],[51.4917,27.847],[51.4201,27.886],[51.0743,28.4021],[51.0478,28.4736],[51.0172,28.726],[50.9786,28.7654],[50.8472,28.8012],[50.809,28.8547],[50.8078,28.871],[50.8853,29.0541],[50.8663,29.0824],[50.6594,29.1238],[50.6106,29.1739],[50.6063,29.1878],[50.6274,29.3713],[50.6036,29.4234],[50.2608,29.6909],[50.2121,29.7532],[50.0601,30.1315],[50.0209,30.1448],[49.6363,29.9894],[49.5516,29.9907],[48.9782,30.2711],[48.9669,30.265],[49.0008,30.0889],[48.9611,30.0297],[48.4224,29.9126],[48.392,29.8781],[48.4145,29.6375],[48.41,29.6238],[48.3604,29.574],[48.1335,29.5304],[48.044,29.5281],[47.6882,29.5769],[47.6045,29.6037],[47.3215,29.7531],[47.2474,29.7635],[47.0138,29.7229],[46.9733,29.7471],[46.9646,29.7639],[46.9691,29.8226],[46.9431,29.8605],[46.8809,29.8872],[46.8097,29.8909],[46.6533,29.8553],[46.6088,29.8802],[46.5997,29.8947],[46.5749,30.2658],[46.5383,30.3],[45.8106,30.4154],[45.7295,30.4554],[44.9669,31.2273],[44.901,31.261],[44.6197,31.3142],[44.5536,31.3588],[44.4606,31.5472],[44.4175,31.605],[43.1684,32.7683],[43.1014,32.8056],[42.7412,32.9131],[42.6743,32.962],[42.5873,33.0958],[42.5309,33.1388],[42.0942,33.2984],[42.0333,33.3488],[42.0003,33.4164],[41.9505,33.4593],[41.5239,33.6182],[41.4633,33.6689],[41.431,33.7349],[41.3851,33.762],[41.3009,33.7645],[41.2459,33.797],[41.2107,33.8656],[41.1598,33.9017],[40.9494,33.9438],[40.8726,33.9806],[40.7207,34.1171],[40.6555,34.135],[40.3562,34.0889],[40.34,34.0948],[40.3137,34.1303],[40.3587,34.2019],[40.3501,34.2318],[40.2127,34.2801],[39.1628,34.4643],[39.0865,34.4548],[38.0369,33.9718],[37.9678,33.9305],[37.7859,33.7923],[37.7551,33.7418],[37.7504,33.6811],[37.7248,33.6398],[37.71,33.632],[37.6557,33.6392],[37.6486,33.6485],[37.6608,33.6888],[37.6224,33.8836],[37.5833,33.9493],[37.4308,34.0873],[37.3483,34.118],[37.0459,34.118],[36.991,34.145],[36.906,34.2692],[36.8363,34.3061],[36.6068,34.308],[36.5619,34.3362],[36.4696,34.5821],[36.4163,34.6396],[36.3391,34.6769],[36.3123,34.72],[36.3217,34.8433],[36.283,34.9036],[36.219,34.9356],[36.203,34.9741],[36.2731,35.1494],[36.2714,35.1659],[36.2443,35.2073],[35.934,35.2702],[35.8832,35.2599],[35.8763,35.2673],[35.8806,35.3111],[35.9551,35.4862],[35.9392,35.521],[35.8625,35.5551],[35.8263,35.6178],[35.8634,35.8786],[35.9602,36.1854],[35.945,36.2372],[35.8669,36.3098],[35.8613,36.325],[35.867,36.3742],[35.8752,36.3873],[36.2125,36.6011],[36.2485,36.6525],[36.2659,36.7623],[36.2447,36.8155],[36.1611,36.888],[36.0927,36.912],[35.848,36.912],[35.8357,36.932],[35.7851,36.948],[35.3349,36.948],[35.2463,36.9203],[35.0525,36.7787],[35.0336,36.7443],[35.0125,36.758],[34.9775,36.758],[34.9507,36.7404],[34.9267,36.764],[34.8943,36.8242],[34.8413,36.852],[34.627,36.852],[34.5563,36.8292],[34.4531,36.7504],[34.4005,36.7239],[34.3575,36.722],[34.3464,36.7802],[34.2479,37.1004],[34.1848,37.1452],[33.719,37.148],[33.6684,37.1734],[33.6331,37.2361],[33.5733,37.2661],[33.4248,37.268],[33.3339,37.2475],[32.1003,36.6448],[32.0561,36.6088],[32.0488,36.592],[32.01,36.592],[31.9438,36.6104],[31.4232,36.836],[31.3431,36.856],[30.6352,36.9119],[30.6227,36.9322],[30.5743,36.9456],[29.4938,36.8902],[29.4517,36.8737],[29.43,36.888],[29.39,36.888],[29.3674,36.8752],[29.3331,36.8998],[28.3034,37.204],[28.3061,37.2303],[28.2681,37.3506],[28.1935,37.3936],[27.6531,37.3422],[27.6021,37.3187],[27.592,37.3021],[27.2642,37.302],[27.2496,37.3095],[27.2237,37.3512],[27.2707,37.4248],[27.274,37.4789],[27.1698,37.6783],[27.1777,37.7231],[27.217,37.728],[27.2229,37.746],[27.181,37.9205],[27.1995,37.9745],[27.2438,37.978],[27.2557,37.9872],[27.2593,38.012],[27.458,38.012],[27.4888,37.989],[27.4894,37.9202],[27.5391,37.8712],[27.6818,37.834],[27.7738,37.833],[27.9351,37.8735],[28.0097,37.9175],[28.1237,38.0449],[28.1866,38.0647],[28.4821,38.0192],[28.5666,38.0381],[28.8419,38.2536],[28.89,38.318],[28.9622,38.5056],[29.0098,38.554],[29.185,38.6402],[29.2312,38.7042],[29.2542,38.9581],[29.2698,38.982],[29.3,38.982],[29.3159,38.9916],[29.3369,39.0364],[29.3142,39.6862],[29.2616,39.7395],[28.8882,39.8451],[28.7964,39.8578],[28.016,39.858],[27.9218,39.8473],[27.4451,39.7358],[27.3709,39.6917],[27.2545,39.5549],[27.1903,39.528],[26.886,39.528],[26.8343,39.512],[26.8247,39.53],[26.8276,39.55],[26.8041,39.5575],[26.1757,39.4964],[26.1264,39.5318],[26.1206,39.5494],[26.2444,40.0948],[26.3058,40.1078],[26.6434,40.3219],[26.6851,40.3622],[26.6912,40.378],[27.4245,40.4342],[27.5055,40.411],[27.5999,40.3312],[27.6444,40.308],[27.682,40.308],[27.6938,40.2907],[27.7409,40.2732],[28.1228,40.272],[28.1823,40.3075],[28.1904,40.3211],[28.1954,40.3861],[28.1794,40.4218],[28.1852,40.4302],[28.2,40.438],[28.32,40.438],[28.3492,40.4186],[28.3566,40.378],[28.7164,40.3768],[28.7749,40.3543],[28.9212,40.2679],[28.9966,40.248],[29.3009,40.248],[29.3493,40.2765],[29.4196,40.4525],[29.4832,40.5009],[29.8939,40.5616],[29.9451,40.5323],[29.9528,40.5148],[29.9435,40.4549],[29.9651,40.4047],[30.0495,40.3315],[30.1186,40.3007],[30.4193,40.2544],[30.5013,40.2161],[30.5873,40.1344],[30.6139,40.0748],[30.6112,40.0107],[30.6404,39.988],[31.2848,39.988],[31.3083,39.9564],[31.3471,39.952],[31.3532,39.9337],[31.2207,39.351],[31.2407,39.2782],[31.3992,39.0819],[31.418,39.0224],[31.4059,38.9077],[31.4123,38.892],[31.4552,38.8562],[31.6889,38.852],[31.7412,38.8244],[31.775,38.7576],[31.8354,38.7169],[32.1422,38.6603],[33.5421,38.5361],[33.5804,38.5487],[33.5762,38.5122],[33.6481,37.8738],[33.7039,37.8203],[35.6266,37.5681],[35.7177,37.5795],[35.9682,37.6785],[36.042,37.7241],[36.3289,37.9864],[36.3958,38.0039],[37.0619,37.89],[37.1346,37.9165],[37.316,38.2446],[37.3716,38.2837],[38.09,38.4522],[38.1722,38.4867],[38.7848,38.8918],[38.8197,38.9288],[38.8562,38.9296],[39.0781,38.8334],[39.1489,38.7881],[39.2374,38.704],[39.2615,38.647],[39.2544,38.587],[39.2766,38.568],[39.3591,38.5655],[39.4141,38.533],[39.4493,38.4644],[39.5002,38.4289],[40.4731,38.247],[40.5012,38.2655],[40.4927,38.7037],[40.5038,38.7774],[40.629,39.154],[40.6092,39.1939],[40.5399,39.2262],[40.4924,39.2849],[40.4662,39.5346],[40.4298,39.562],[39.8981,39.562],[39.8381,39.535],[39.7798,39.4637],[39.7126,39.4381],[39.2544,39.487],[39.178,39.4739],[38.9957,39.3828],[38.9489,39.3857],[38.9328,39.4211],[38.7874,39.5597],[38.7867,39.6013],[38.9193,39.7418],[38.9122,39.811],[38.8421,39.8761],[38.8486,39.8892],[40.3622,40.0787],[40.4346,40.1239],[40.5046,40.2448],[40.5623,40.2865],[40.7107,40.3298],[40.7727,40.387],[40.7817,40.4567],[40.758,40.5154],[40.6179,40.6575],[40.6237,40.6909],[40.9805,40.9017],[41.0222,40.9185],[41.0138,40.8879],[41.0277,40.8467],[41.1106,40.7255],[41.1683,40.698],[41.3105,40.698],[41.3549,40.7265],[41.5101,41.2402],[41.5742,41.278],[42.2013,41.278],[42.2549,41.3062],[42.324,41.4319],[42.3244,41.4668],[42.2958,41.4914],[42.2896,41.5068],[42.2987,41.5207],[42.3342,41.538],[42.4806,41.538],[42.5217,41.5638],[42.535,41.6215],[42.5449,41.6338],[42.5952,41.6572],[43.7388,41.4171],[43.8191,41.4196],[43.9833,41.4656],[44.0626,41.4502],[44.2207,41.3031],[44.2862,41.2817],[45.0839,41.3426],[45.1429,41.3136],[45.1798,41.2433],[45.2071,41.218],[45.24,41.218],[45.2568,41.2064],[45.27,41.1635],[45.2574,41.1089],[45.281,41.088],[45.4258,41.088],[45.5044,41.0589],[45.6548,40.9106],[45.66,40.8961],[45.6475,40.8316],[45.5372,40.752],[45.5126,40.7011],[45.5331,40.5236],[45.5711,40.4821],[46.4547,40.1906],[46.5166,40.1294],[46.5464,40.0164],[46.5896,39.988]]],[[[47.09,39.9149],[47.14,39.918],[47.1677,39.8977],[47.172,39.8793],[47.155,39.8401],[47.1225,39.822],[47.0875,39.822],[47.0598,39.8423],[47.0598,39.888],[47.09,39.9149]]],[[[46.939,39.9842],[46.99,39.988],[47.0202,39.9652],[47.0203,39.915],[46.991,39.8858],[46.94,39.882],[46.9098,39.9048],[46.9097,39.955],[46.939,39.9842]]],[[[25.8122,39.2295],[25.996,39.3692],[26.06,39.398],[26.1682,39.3908],[26.4673,39.3448],[26.5406,39.2925],[26.6427,39.041],[26.6405,39.0236],[26.598,38.9742],[26.2983,38.9204],[26.208,38.9296],[26.1156,38.9717],[26.0781,39.0217],[26.0789,39.0905],[26.0464,39.1221],[25.8316,39.1637],[25.818,39.1754],[25.8061,39.2092],[25.8122,39.2295]]]]},"properties":{"id":"territory:Seleucid Empire:-202","name":"셀레우코스 제국","name_en":"Seleucid Empire","actor":"그리스계","valid_from":-202,"valid_to":-197,"span_from":-318,"span_to":-64,"wikidata":"Q705904","area":2274946,"src":"cliopatria","confidence":"medium","finish":"chaikin1cap4km+grow2km+islands+s600m","islands":0}},{"type":"Feature","geometry":{"type":"Point","coordinates":[49.372,34.077]},"properties":{"id":"territory:Seleucid Empire:-202:label","name":"셀레우코스 제국","name_en":"Seleucid Empire","actor":"그리스계","valid_from":-202,"valid_to":-197,"span_from":-318,"span_to":-64,"wikidata":"Q705904","area":2274946,"src":"cliopatria","confidence":"medium"}},{"type":"Feature","geometry":{"type":"MultiPolygon","coordinates":[[[[56.5155,24.1021],[56.4802,24.2857],[56.4404,24.3249],[56.2962,24.3679],[56.2557,24.4276],[56.2682,24.5524],[56.2501,24.6112],[56.1033,24.7947],[56.0492,24.8108],[55.91,24.7745],[55.8735,24.7362],[55.8616,24.6239],[55.8526,24.6101],[55.8085,24.5853],[55.6598,24.6205],[55.5989,24.6076],[54.8484,23.9503],[54.7768,23.9093],[54.3151,23.7468],[54.2309,23.7313],[51.9228,23.6731],[51.8519,23.7193],[51.8153,23.8353],[51.7709,23.8756],[51.1991,24.044],[51.1367,24.094],[51.1017,24.159],[51.093,24.233],[51.1708,24.4869],[51.1655,24.5291],[51.1348,24.5598],[51.1305,24.5784],[51.151,24.6282],[51.2446,24.6984],[51.2762,24.7516],[51.3085,25.066],[51.332,25.1091],[51.3622,25.118],[51.2733,25.2585],[51.272,25.307],[51.3145,25.3528],[51.3297,25.3983],[51.3046,25.8257],[51.2756,25.852],[51.2164,25.852],[51.2009,25.8318],[51.2362,25.7201],[51.2206,25.6478],[51.0217,25.4375],[50.9938,25.3792],[50.9828,25.2752],[51.0006,25.2644],[51.075,25.2923],[51.092,25.2899],[51.1188,25.2699],[51.1251,25.2497],[50.9489,24.7386],[50.8823,24.6841],[50.6647,24.6406],[50.5894,24.6617],[50.3517,24.9293],[50.3101,24.994],[50.0295,25.6362],[49.9831,25.6844],[49.6976,25.8351],[49.666,25.8971],[49.8486,26.4162],[49.834,26.4647],[49.2689,26.9311],[49.2387,26.9925],[49.2464,27.0579],[49.2266,27.1065],[49.0771,27.2489],[49.0133,27.2882],[48.5752,27.4538],[48.5277,27.5135],[48.4573,28.0764],[48.4203,28.117],[48.2842,28.1603],[48.2323,28.2136],[48.1975,28.4651],[48.1659,28.492],[48.0975,28.492],[48.0818,28.5012],[48.0639,28.5331],[48.0643,28.5513],[48.1007,28.6105],[48.0905,28.6417],[48.0279,28.6685],[47.9877,28.7224],[47.9892,28.7944],[47.9668,28.8463],[47.8297,28.9765],[47.7729,28.9869],[47.695,28.9577],[47.6444,28.9804],[47.6359,28.9977],[47.6479,29.1117],[47.6262,29.1661],[47.5463,29.2403],[47.5234,29.3097],[47.6198,29.6329],[47.5986,29.6682],[47.326,29.7591],[47.2499,29.7639],[47.0117,29.7228],[46.9729,29.7473],[46.9646,29.7639],[46.9691,29.8226],[46.9431,29.8605],[46.8808,29.8872],[46.8113,29.8913],[46.6514,29.8551],[46.6085,29.8804],[46.5997,29.8947],[46.5749,30.266],[46.54,30.2997],[45.8088,30.4157],[45.7348,30.4514],[44.9664,31.2278],[44.9027,31.2607],[44.618,31.3145],[44.5536,31.3587],[44.4605,31.5474],[44.418,31.6045],[43.1679,32.7688],[43.103,32.8052],[42.7395,32.9136],[42.6745,32.9617],[42.5868,33.0965],[42.5331,33.1421],[41.5195,33.6164],[41.4492,33.6634],[41.2282,33.8685],[41.1629,33.9011],[40.9407,33.9472],[40.8845,33.988],[40.8511,34.0547],[40.8029,34.082],[40.3524,34.082],[40.3375,34.09],[40.3135,34.1311],[40.3581,34.201],[40.3468,34.2268],[39.5462,34.4607],[39.4664,34.472],[39.1643,34.472],[39.0886,34.4556],[38.6047,34.231],[38.54,34.212],[38.4942,34.2129],[38.4547,34.2582],[38.3772,34.2905],[38.3286,34.3344],[38.1135,34.7818],[38.1052,34.8449],[38.2806,35.731],[38.2659,35.8115],[38.1067,36.0741],[38.0979,36.1339],[38.2177,36.5702],[38.2008,36.6244],[38.1617,36.628],[38.1525,36.6486],[38.1737,36.8322],[38.1661,36.849],[38.1467,36.8624],[38.1828,36.8998],[38.1928,36.9648],[38.153,37.0368],[38.0095,37.1216],[37.9828,37.1694],[38.0035,37.3421],[37.9732,37.4205],[37.685,37.6923],[37.6698,37.7446],[37.7661,38.0497],[37.7616,38.0664],[38.1023,38.0192],[38.1963,38.0282],[38.2763,38.0582],[38.3365,38.1108],[38.4197,38.3033],[38.4705,38.332],[38.6111,38.332],[38.6806,38.3071],[38.8279,38.1738],[38.9097,38.1431],[39.1342,38.142],[39.1947,38.1774],[39.2028,38.1898],[39.2128,38.2548],[39.2046,38.2767],[39.2708,38.2756],[39.2908,38.2906],[39.298,38.326],[39.351,38.3358],[39.3735,38.3533],[39.3953,38.4623],[39.3835,38.4839],[39.4249,38.4882],[40.5058,38.2434],[40.5244,38.211],[40.54,38.202],[40.5679,38.202],[40.5758,38.1822],[40.5579,38.0685],[40.5639,38.0521],[40.6168,38.012],[41.6222,38.012],[41.7118,38.0019],[42.7527,37.7625],[42.8457,37.7495],[43.8518,37.6967],[43.9198,37.7382],[44.0139,37.9892],[44.0014,38.0439],[43.9615,38.048],[43.9536,38.0651],[43.9622,38.1212],[43.995,38.1751],[44.3007,38.4395],[44.3432,38.513],[44.3723,38.7016],[44.3569,38.7762],[44.1468,39.1059],[44.1217,39.1704],[44.0948,39.3389],[44.1247,39.3732],[44.364,39.4249],[44.438,39.47],[44.4931,39.543],[44.518,39.6159],[44.518,39.9925],[44.5299,40.06],[44.6454,40.3875],[44.6348,40.4619],[44.5615,40.578],[44.5766,40.6036],[44.8086,40.6529],[44.8638,40.7031],[44.8867,41.2235],[44.8565,41.274],[44.8677,41.3174],[44.8788,41.3294],[44.9324,41.348],[45.0776,41.348],[45.1549,41.3203],[45.2484,41.2326],[45.2694,41.1735],[45.2573,41.1086],[45.2794,41.088],[45.4276,41.088],[45.504,41.0593],[45.6553,40.9101],[45.6605,40.8957],[45.6483,40.8321],[45.5365,40.7514],[45.5126,40.7012],[45.533,40.5238],[45.5699,40.4847],[46.1646,40.3185],[46.2406,40.2839],[46.457,40.1373],[46.4918,40.0934],[46.4916,40.054],[46.5177,40.0283],[47.0173,39.8044],[47.0901,39.7969],[47.3434,39.8487],[47.413,39.8309],[47.5011,39.7521],[47.5656,39.728],[48.2606,39.7277],[48.3451,39.7132],[48.6368,39.6107],[48.7078,39.5689],[48.7984,39.4826],[48.8194,39.4235],[48.8067,39.3558],[48.8296,39.3195],[48.8992,39.2917],[48.9347,39.2338],[48.7699,38.7041],[48.774,38.688],[48.8102,38.6848],[48.8302,38.6408],[48.7852,38.3871],[48.7924,38.368],[48.8353,38.3595],[48.8602,38.3152],[48.8955,37.7505],[48.9229,37.6939],[49.0721,37.5519],[49.137,37.5214],[49.9666,37.4018],[50.0384,37.3623],[50.3057,37.0449],[50.3613,37.0284],[50.5251,37.0677],[50.5977,37.0577],[50.6277,37.0277],[50.6327,37.0118],[50.6211,36.959],[50.573,36.8965],[50.5823,36.8663],[50.7891,36.7735],[50.8658,36.7478],[51.6019,36.5773],[51.6824,36.5707],[52.5457,36.6252],[52.6261,36.6391],[53.4474,36.8762],[53.5324,36.888],[53.9818,36.888],[54.0203,36.9158],[54.065,37.1542],[54.0518,37.2136],[53.9143,37.4135],[53.892,37.4859],[53.892,37.7994],[53.8794,37.822],[53.85,37.822],[53.8335,37.833],[53.8171,37.8781],[53.9666,38.9618],[53.9446,39.0136],[53.5412,39.3398],[53.4732,39.3703],[53.1675,39.431],[53.1637,39.4567],[53.179,39.474],[53.4894,39.5206],[53.5187,39.5523],[53.4854,39.9855],[53.4504,40.0164],[52.7605,40.0783],[52.7067,40.1227],[52.6952,40.3924],[52.7141,40.4284],[52.73,40.438],[52.7613,40.438],[52.7812,40.4632],[52.8646,40.8386],[52.8959,40.8811],[52.91,40.888],[52.95,40.888],[52.9668,40.8764],[52.98,40.8335],[52.9673,40.7786],[52.9894,40.758],[53.2939,40.758],[53.3537,40.784],[53.4116,40.8524],[53.4317,40.8576],[53.4567,40.8432],[53.4581,40.8304],[53.4293,40.7209],[53.4481,40.7036],[54.496,40.8231],[54.5848,40.8188],[56.611,40.3867],[56.6901,40.3853],[56.9592,40.4271],[56.9932,40.4019],[57.0,40.3835],[56.9871,40.3277],[57.0054,40.308],[57.0823,40.3051],[57.1393,40.2639],[57.1608,40.208],[57.1892,40.2018],[57.3069,40.2823],[57.3895,40.3134],[58.2918,40.432],[58.3737,40.4141],[58.5131,40.3278],[58.5848,40.308],[58.8142,40.3067],[58.884,40.2793],[58.9627,40.2028],[59.0258,40.178],[59.7276,40.178],[59.7816,40.1378],[59.788,40.1241],[59.788,39.8843],[59.819,39.858],[60.0499,39.8531],[60.0848,39.8206],[60.09,39.8035],[60.0773,39.7486],[60.0994,39.728],[60.6499,39.7231],[60.6848,39.6906],[60.69,39.6735],[60.6762,39.6138],[60.6823,39.598],[60.71,39.598],[60.7386,39.5742],[60.7338,39.528],[60.668,39.4984],[60.4253,39.295],[60.3844,39.2288],[60.3106,38.9093],[60.3222,38.8287],[60.3947,38.6969],[60.4033,38.6356],[60.3612,38.4503],[60.3837,38.3795],[60.5174,38.2388],[60.5339,38.1868],[60.5214,38.1144],[60.5485,38.0605],[60.6913,37.969],[60.7123,37.9231],[60.6529,37.6669],[60.6879,37.6085],[60.7528,37.5807],[60.7762,37.5436],[60.7681,37.4764],[60.7898,37.4158],[60.9282,37.268],[60.9008,37.2654],[60.8758,37.2504],[60.858,37.2107],[60.8623,37.1923],[60.89,37.172],[60.93,37.172],[60.9488,37.1803],[60.9677,37.1504],[61.4955,36.6853],[61.5189,36.6311],[61.4849,36.1973],[61.5038,36.1522],[61.52,36.142],[61.5472,36.142],[61.5535,36.1236],[61.4713,35.7538],[61.431,35.7082],[61.3509,35.6731],[61.2909,35.6204],[61.1902,35.4291],[61.1648,35.3584],[61.0408,34.7827],[61.0041,34.7297],[60.7964,34.5803],[60.771,34.5218],[60.7936,34.3981],[60.7702,34.3544],[60.5983,34.2649],[60.5487,34.2058],[60.4797,33.879],[60.4997,33.8253],[60.5405,33.822],[60.557,33.7978],[60.583,33.6131],[60.6372,33.5626],[60.8359,33.5146],[60.8459,33.4922],[60.699,33.3012],[60.6671,33.2319],[60.6094,32.9102],[60.6268,32.8655],[60.6596,32.862],[60.6659,32.8429],[60.6479,32.7284],[60.6601,32.6488],[60.8466,32.2674],[60.8597,32.2029],[60.8266,31.617],[60.8651,31.5533],[61.0021,31.4685],[61.0262,31.4266],[61.0183,31.3789],[60.9804,31.3428],[60.6646,31.2401],[60.5859,31.2039],[59.7152,30.6667],[59.6705,30.6081],[59.6598,30.5229],[59.6898,30.4754],[59.7625,30.4408],[59.7858,30.4008],[59.7377,30.0884],[59.76,30.0351],[59.799,30.032],[59.8101,30.0102],[59.7438,28.6068],[59.78,28.5452],[59.8528,28.5107],[59.8762,28.4736],[59.8678,28.4189],[59.8355,28.367],[59.742,28.291],[59.674,28.268],[59.4531,28.268],[59.3721,28.2313],[59.0579,27.8381],[59.0231,27.7697],[58.9032,27.3332],[58.8633,27.2821],[57.7908,26.6132],[57.7402,26.5522],[57.4463,25.7806],[57.4528,25.7358],[57.4459,25.728],[57.3975,25.722],[57.3419,25.7581],[57.1202,26.0291],[57.0906,26.099],[57.0352,26.7993],[57.007,26.8558],[56.7287,27.1178],[56.6644,27.142],[56.2365,27.142],[56.1806,27.1149],[56.1432,27.0609],[56.1519,27.048],[56.289,27.0439],[56.3289,27.0114],[56.3354,26.9961],[56.3279,26.9232],[56.2893,26.8617],[56.1024,26.7197],[56.027,26.6837],[55.335,26.5126],[55.2835,26.5411],[55.2759,26.5577],[55.2884,26.6761],[55.3375,26.733],[55.4,26.752],[55.2858,26.752],[55.2227,26.7272],[55.0259,26.5316],[54.953,26.4932],[54.7181,26.4415],[54.6363,26.4559],[54.2869,26.6722],[54.2152,26.692],[53.6949,26.6937],[53.6226,26.7291],[53.4706,26.9268],[53.4125,26.9675],[52.7684,27.192],[52.7042,27.2413],[52.4874,27.5665],[52.4329,27.6112],[52.0816,27.7664],[52.0046,27.7872],[51.4899,27.8473],[51.4202,27.8857],[51.074,28.4024],[51.0478,28.4736],[51.0172,28.7262],[50.9801,28.765],[50.8456,28.8017],[50.8088,28.8548],[50.8078,28.8708],[50.8855,29.0545],[50.8678,29.0821],[50.6577,29.1241],[50.6104,29.1742],[50.6275,29.3714],[50.6043,29.4229],[50.2569,29.6947],[50.2097,29.7574],[50.0599,30.1318],[50.0221,30.1453],[49.635,29.9888],[49.5527,29.9901],[48.9774,30.2716],[48.9669,30.2654],[49.0008,30.0889],[48.9631,30.0303],[48.4208,29.9123],[48.392,29.8783],[48.4145,29.6375],[48.371,29.5829],[47.9191,29.5275],[47.8817,29.4978],[47.8743,29.4496],[47.8991,29.428],[48.0439,29.4268],[48.1208,29.3966],[48.2083,29.3128],[48.2321,29.2416],[48.214,29.1268],[48.2308,29.0695],[48.4491,28.8108],[48.4839,28.7428],[48.5691,28.3619],[48.6024,28.3044],[48.9593,27.9611],[48.9736,27.8894],[48.9033,27.7066],[48.922,27.6798],[49.2092,27.6311],[49.2697,27.5821],[49.363,27.3333],[49.4054,27.281],[50.1127,26.8009],[50.1461,26.7332],[50.14,26.6189],[50.1627,26.5627],[50.2394,26.4838],[50.2645,26.4125],[50.2412,26.1641],[50.1965,26.1037],[50.1246,26.0725],[50.1238,26.0632],[50.1885,26.0294],[50.2381,25.9707],[50.3353,25.663],[50.3751,25.6099],[50.588,25.4578],[50.6297,25.3938],[50.6628,25.1423],[50.6795,25.118],[50.7002,25.118],[50.7157,25.1419],[50.7525,25.525],[50.7928,25.5782],[50.8713,25.6171],[50.906,25.6626],[50.9303,25.9115],[50.9622,25.9806],[51.081,26.1134],[51.1624,26.148],[51.3839,26.1468],[51.4608,26.1166],[51.6837,25.9097],[51.7085,25.8304],[51.5981,25.3975],[51.6201,25.3564],[51.6981,25.317],[51.7318,25.2638],[51.7112,25.0041],[51.6778,24.9294],[51.5604,24.7982],[51.5283,24.7383],[51.4381,24.3694],[51.4614,24.34],[51.8199,24.2804],[51.8759,24.229],[51.9174,24.0561],[51.958,24.028],[52.2347,24.028],[52.3026,24.0504],[52.5578,24.2498],[52.6372,24.268],[53.0723,24.1673],[53.1534,24.158],[54.0315,24.158],[54.0667,24.1853],[54.0784,24.2961],[54.0878,24.3101],[54.1312,24.3332],[54.2815,24.2911],[54.3424,24.302],[54.5168,24.4474],[54.5604,24.5029],[54.708,24.8143],[54.7602,24.8738],[55.0949,25.0921],[55.1213,25.1256],[55.1449,25.1431],[55.3784,25.5309],[55.4362,25.5857],[55.9236,25.8642],[55.9697,25.9137],[56.1441,26.3006],[56.207,26.3468],[56.4351,26.3983],[56.4976,26.3903],[56.5386,26.3492],[56.5507,26.2811],[56.4154,25.5864],[56.4209,25.568],[56.4527,25.5648],[56.4742,25.5124],[56.442,25.1988],[56.4516,25.178],[56.4922,25.1732],[56.5006,25.1287],[56.4369,25.0015],[56.4492,24.9685],[56.5176,24.9378],[56.571,24.8834],[56.7908,24.3734],[56.8356,24.322],[57.4645,23.9178],[57.5364,23.8892],[58.7722,23.6458],[58.8435,23.6064],[59.0691,23.3408],[59.0944,23.2736],[59.0908,23.2068],[59.1174,23.1618],[59.2613,23.0703],[59.2954,23.0061],[59.2904,22.9411],[59.283,22.928],[59.2276,22.892],[58.9424,22.892],[58.8911,22.9286],[58.8846,22.9439],[58.8889,22.9995],[58.8612,23.022],[58.6524,23.022],[58.5751,23.0497],[58.3489,23.2579],[58.2844,23.282],[57.991,23.2861],[57.9511,23.3186],[57.9446,23.3339],[57.9491,23.3926],[57.9231,23.4305],[57.8586,23.4582],[56.8461,23.7223],[56.7991,23.7706],[56.7992,23.8435],[56.7733,23.89],[56.5583,24.0374],[56.5155,24.1021]],[[55.1182,25.1159],[55.1318,25.1297],[55.1256,25.1258],[55.1182,25.1159]]],[[[55.1888,25.2561],[55.2015,25.2516],[55.1748,25.2572],[55.1476,25.2429],[55.1603,25.2527],[55.1766,25.258],[55.1888,25.2561]]],[[[55.1992,25.2383],[55.196,25.2422],[55.1995,25.2421],[55.1992,25.2383]]],[[[55.1923,25.2239],[55.1913,25.224],[55.1914,25.2254],[55.1923,25.2239]]],[[[55.1916,25.2346],[55.1918,25.2341],[55.1911,25.2337],[55.1916,25.2346]]],[[[55.1895,25.233],[55.1909,25.2324],[55.1907,25.232],[55.1895,25.233]]],[[[55.1888,25.2305],[55.189,25.2316],[55.1903,25.2311],[55.1888,25.2305]]],[[[55.19,25.2251],[55.1883,25.2259],[55.1887,25.2262],[55.19,25.2251]]],[[[55.1899,25.2376],[55.1889,25.2375],[55.1883,25.2403],[55.1899,25.2376]]],[[[55.1895,25.2269],[55.188,25.2274],[55.1882,25.2277],[55.1895,25.2269]]],[[[55.1884,25.2204],[55.1895,25.2198],[55.1884,25.2196],[55.1884,25.2204]]],[[[55.1877,25.2179],[55.187,25.2187],[55.1892,25.2189],[55.1877,25.2179]]],[[[55.1885,25.2337],[55.1887,25.2331],[55.1872,25.2332],[55.1885,25.2337]]],[[[55.1865,25.2324],[55.1884,25.2323],[55.1883,25.2317],[55.1865,25.2324]]],[[[55.187,25.2235],[55.1872,25.2244],[55.1881,25.2241],[55.187,25.2235]]],[[[55.1861,25.2289],[55.1878,25.2284],[55.1855,25.2278],[55.1861,25.2289]]],[[[55.1864,25.2425],[55.1869,25.2433],[55.1877,25.2428],[55.1864,25.2425]]],[[[55.186,25.2308],[55.1876,25.2309],[55.1873,25.2296],[55.186,25.2308]]],[[[55.1873,25.2409],[55.1872,25.2404],[55.1849,25.2416],[55.1873,25.2409]]],[[[55.1844,25.2495],[55.1872,25.2481],[55.1834,25.2453],[55.1771,25.2462],[55.1844,25.2495]]],[[[55.1855,25.244],[55.1856,25.2453],[55.1869,25.2447],[55.1855,25.244]]],[[[55.1834,25.2259],[55.1867,25.2223],[55.1835,25.2236],[55.1834,25.2259]]],[[[55.1862,25.2351],[55.1853,25.2366],[55.186,25.2368],[55.1862,25.2351]]],[[[55.186,25.2379],[55.1808,25.2381],[55.1835,25.239],[55.186,25.2379]]],[[[55.1849,25.2259],[55.1859,25.2262],[55.1859,25.2242],[55.1849,25.2259]]],[[[55.1843,25.2139],[55.1853,25.2133],[55.1851,25.2124],[55.1843,25.2139]]],[[[55.1852,25.2332],[55.1844,25.2326],[55.1834,25.2351],[55.1852,25.2332]]],[[[55.1849,25.2299],[55.1834,25.2298],[55.1831,25.2311],[55.1849,25.2299]]],[[[55.1831,25.2183],[55.1838,25.2188],[55.1846,25.2171],[55.1831,25.2183]]],[[[55.1843,25.2423],[55.1827,25.2427],[55.1831,25.2439],[55.1843,25.2423]]],[[[55.1822,25.2283],[55.1839,25.2286],[55.1841,25.2271],[55.1822,25.2283]]],[[[55.1826,25.2148],[55.1827,25.2158],[55.1838,25.2153],[55.1826,25.2148]]],[[[55.1824,25.2124],[55.1838,25.2118],[55.1834,25.2109],[55.1824,25.2124]]],[[[55.1827,25.2358],[55.1816,25.2359],[55.1816,25.2366],[55.1827,25.2358]]],[[[55.1825,25.2228],[55.1827,25.2215],[55.1805,25.2209],[55.1782,25.2218],[55.1825,25.2228]]],[[[55.1818,25.2204],[55.1827,25.2204],[55.1808,25.2191],[55.1818,25.2204]]],[[[55.1822,25.2173],[55.1826,25.2167],[55.1808,25.2161],[55.1822,25.2173]]],[[[55.1816,25.2331],[55.1823,25.2339],[55.1826,25.2328],[55.1816,25.2331]]],[[[55.1824,25.2139],[55.1818,25.2136],[55.1805,25.2147],[55.1824,25.2139]]],[[[55.1822,25.2255],[55.182,25.224],[55.1805,25.2246],[55.1822,25.2255]]],[[[55.1818,25.2315],[55.1822,25.2314],[55.1797,25.2303],[55.1818,25.2315]]],[[[55.181,25.2418],[55.1812,25.2425],[55.1822,25.242],[55.181,25.2418]]],[[[55.1796,25.2085],[55.1789,25.2088],[55.1816,25.2092],[55.1796,25.2085]]],[[[55.1815,25.2287],[55.1799,25.2295],[55.1801,25.2299],[55.1815,25.2287]]],[[[55.1815,25.2123],[55.1799,25.2113],[55.1799,25.2131],[55.1815,25.2123]]],[[[55.1782,25.2331],[55.1812,25.234],[55.179,25.2322],[55.1782,25.2331]]],[[[55.1796,25.2283],[55.1803,25.2283],[55.1808,25.2269],[55.1796,25.2283]]],[[[55.1801,25.2403],[55.1799,25.241],[55.1808,25.241],[55.1801,25.2403]]],[[[55.1805,25.2388],[55.179,25.2392],[55.1793,25.2397],[55.1805,25.2388]]],[[[55.1794,25.2362],[55.1801,25.2357],[55.179,25.2347],[55.1794,25.2362]]],[[[55.1793,25.2202],[55.1801,25.2198],[55.1794,25.219],[55.1793,25.2202]]],[[[55.1784,25.2439],[55.1782,25.2446],[55.1801,25.2448],[55.1784,25.2439]]],[[[55.1788,25.2381],[55.1795,25.2368],[55.1779,25.2371],[55.1788,25.2381]]],[[[55.1777,25.2236],[55.1764,25.224],[55.1793,25.2251],[55.1777,25.2236]]],[[[55.1778,25.2414],[55.1773,25.2425],[55.179,25.2429],[55.1778,25.2414]]],[[[55.1777,25.2277],[55.1787,25.2265],[55.1782,25.2261],[55.1777,25.2277]]],[[[55.1771,25.219],[55.1779,25.2205],[55.1787,25.22],[55.1771,25.219]]],[[[55.1781,25.2099],[55.1785,25.2095],[55.1777,25.2089],[55.1781,25.2099]]],[[[55.1782,25.2142],[55.1778,25.216],[55.1784,25.2159],[55.1782,25.2142]]],[[[55.1767,25.2398],[55.1768,25.2402],[55.1779,25.2402],[55.1767,25.2398]]],[[[55.1762,25.2163],[55.1777,25.2174],[55.1779,25.2169],[55.1762,25.2163]]],[[[55.1778,25.2121],[55.1767,25.2138],[55.1776,25.2142],[55.1778,25.2121]]],[[[55.1777,25.2295],[55.1762,25.2295],[55.1769,25.2308],[55.1777,25.2295]]],[[[55.1773,25.2226],[55.1777,25.2215],[55.1761,25.2214],[55.1773,25.2226]]],[[[55.1765,25.2204],[55.1768,25.2191],[55.1759,25.219],[55.1765,25.2204]]],[[[55.1767,25.2364],[55.1754,25.2361],[55.1751,25.2373],[55.1767,25.2364]]],[[[55.1765,25.2121],[55.1766,25.2108],[55.1736,25.2111],[55.1765,25.2121]]],[[[55.1755,25.2417],[55.1762,25.2404],[55.1738,25.2432],[55.1755,25.2417]]],[[[55.1762,25.1962],[55.1751,25.1961],[55.1753,25.1973],[55.1762,25.1962]]],[[[55.176,25.2154],[55.1759,25.2136],[55.1756,25.2138],[55.176,25.2154]]],[[[55.175,25.2384],[55.1746,25.2394],[55.176,25.2393],[55.175,25.2384]]],[[[55.1757,25.2244],[55.1747,25.2243],[55.1747,25.2257],[55.1757,25.2244]]],[[[55.1757,25.2069],[55.1743,25.2067],[55.1751,25.2082],[55.1757,25.2069]]],[[[55.1757,25.2163],[55.1747,25.2161],[55.1746,25.2169],[55.1757,25.2163]]],[[[55.1742,25.2002],[55.1747,25.2005],[55.1757,25.1988],[55.1742,25.2002]]],[[[55.1725,25.2328],[55.1756,25.2322],[55.175,25.2311],[55.1725,25.2328]]],[[[55.1755,25.2268],[55.1747,25.2267],[55.1745,25.2283],[55.1755,25.2268]]],[[[55.1754,25.2464],[55.1724,25.2464],[55.1742,25.2501],[55.1754,25.2464]]],[[[55.1742,25.2196],[55.1743,25.2207],[55.1751,25.2203],[55.1742,25.2196]]],[[[55.1747,25.2215],[55.1737,25.2224],[55.1746,25.2228],[55.1747,25.2215]]],[[[55.1742,25.2099],[55.1746,25.2091],[55.1727,25.2088],[55.1742,25.2099]]],[[[55.1737,25.2383],[55.1746,25.2372],[55.1725,25.2368],[55.1737,25.2383]]],[[[55.1729,25.2442],[55.1742,25.2446],[55.1745,25.2442],[55.1729,25.2442]]],[[[55.1694,25.2399],[55.1722,25.2429],[55.1742,25.2403],[55.1694,25.2399]]],[[[55.1728,25.2303],[55.1742,25.2304],[55.1739,25.2291],[55.1728,25.2303]]],[[[55.174,25.224],[55.1735,25.2228],[55.1725,25.2233],[55.174,25.224]]],[[[55.1739,25.1974],[55.1714,25.1973],[55.172,25.1985],[55.1739,25.1974]]],[[[55.1716,25.2274],[55.1717,25.2278],[55.1739,25.2266],[55.1716,25.2274]]],[[[55.1734,25.2015],[55.172,25.2033],[55.173,25.2037],[55.1734,25.2015]]],[[[55.1725,25.1938],[55.1716,25.1949],[55.1732,25.1949],[55.1725,25.1938]]],[[[55.1712,25.2002],[55.1725,25.2003],[55.1727,25.1998],[55.1712,25.2002]]],[[[55.1725,25.2172],[55.1717,25.2174],[55.1717,25.2182],[55.1725,25.2172]]],[[[55.1714,25.2209],[55.1713,25.2223],[55.1723,25.2225],[55.1714,25.2209]]],[[[55.1704,25.2303],[55.1703,25.231],[55.172,25.2314],[55.1704,25.2303]]],[[[55.1716,25.2121],[55.1709,25.2136],[55.172,25.2141],[55.1716,25.2121]]],[[[55.172,25.2018],[55.1698,25.2011],[55.1698,25.2021],[55.172,25.2018]]],[[[55.1703,25.2249],[55.1697,25.2265],[55.1716,25.2259],[55.1703,25.2249]]],[[[55.1716,25.2337],[55.1705,25.233],[55.1706,25.2353],[55.1716,25.2337]]],[[[55.1706,25.218],[55.1701,25.2181],[55.1713,25.2191],[55.1706,25.218]]],[[[55.1699,25.2243],[55.1713,25.2231],[55.1681,25.2236],[55.1699,25.2243]]],[[[55.1697,25.2297],[55.1712,25.2286],[55.1699,25.228],[55.1697,25.2297]]],[[[55.1711,25.2158],[55.1704,25.215],[55.1699,25.2169],[55.1711,25.2158]]],[[[55.17,25.2099],[55.1705,25.2118],[55.1709,25.2118],[55.17,25.2099]]],[[[55.1702,25.1994],[55.1708,25.1981],[55.1697,25.1977],[55.1702,25.1994]]],[[[55.1688,25.196],[55.17,25.197],[55.1705,25.196],[55.1688,25.196]]],[[[55.1693,25.2187],[55.1689,25.2191],[55.1701,25.2202],[55.1693,25.2187]]],[[[55.1697,25.2213],[55.1696,25.2206],[55.1675,25.2217],[55.1697,25.2213]]],[[[55.1681,25.2359],[55.1697,25.2362],[55.1696,25.2329],[55.1681,25.2359]]],[[[55.1693,25.2373],[55.1683,25.2379],[55.1696,25.2383],[55.1693,25.2373]]],[[[55.1669,25.2415],[55.1668,25.2423],[55.1694,25.2412],[55.1669,25.2415]]],[[[55.167,25.2161],[55.1672,25.2173],[55.169,25.2171],[55.167,25.2161]]],[[[55.1647,25.224],[55.1681,25.2271],[55.1685,25.2261],[55.1647,25.224]]],[[[55.1681,25.213],[55.1669,25.2137],[55.1685,25.2151],[55.1681,25.213]]],[[[55.1681,25.2285],[55.1663,25.2281],[55.1673,25.2317],[55.1681,25.2285]]],[[[55.1671,25.2177],[55.167,25.2192],[55.1681,25.2192],[55.1671,25.2177]]],[[[55.1667,25.1979],[55.1681,25.1978],[55.1669,25.196],[55.1667,25.1979]]],[[[55.168,25.2001],[55.1669,25.2005],[55.1672,25.2016],[55.168,25.2001]]],[[[55.1671,25.2381],[55.1646,25.2376],[55.1644,25.2403],[55.1671,25.2381]]],[[[55.1669,25.2198],[55.1659,25.2196],[55.1659,25.2214],[55.1669,25.2198]]],[[[55.1667,25.1993],[55.1651,25.1984],[55.1643,25.1996],[55.1667,25.1993]]],[[[55.1658,25.2017],[55.1649,25.2021],[55.1655,25.2025],[55.1658,25.2017]]],[[[55.1655,25.2271],[55.1658,25.2265],[55.1646,25.2263],[55.1655,25.2271]]],[[[55.1655,25.2166],[55.1631,25.2176],[55.1631,25.2182],[55.1655,25.2166]]],[[[55.1647,25.2322],[55.1655,25.2311],[55.1648,25.2311],[55.1647,25.2322]]],[[[55.1642,25.2165],[55.1643,25.215],[55.1635,25.2151],[55.1642,25.2165]]],[[[55.1621,25.2229],[55.1629,25.2244],[55.1639,25.2225],[55.1621,25.2229]]],[[[55.1637,25.233],[55.1627,25.2325],[55.1633,25.2365],[55.1637,25.233]]],[[[55.1629,25.2],[55.1624,25.2001],[55.1637,25.2014],[55.1629,25.2]]],[[[55.1631,25.2278],[55.1624,25.2262],[55.1617,25.2262],[55.1631,25.2278]]],[[[55.1608,25.1955],[55.1586,25.1957],[55.1586,25.1962],[55.1608,25.1955]]],[[[55.1598,25.2082],[55.1602,25.2078],[55.1593,25.2071],[55.1598,25.2082]]],[[[55.159,25.2041],[55.1585,25.2012],[55.1578,25.2016],[55.159,25.2041]]],[[[55.1572,25.2051],[55.1572,25.2056],[55.1586,25.2061],[55.1572,25.2051]]],[[[55.1567,25.1946],[55.1558,25.1957],[55.1572,25.1962],[55.1567,25.1946]]],[[[55.1561,25.2125],[55.1559,25.2144],[55.1572,25.2144],[55.1561,25.2125]]],[[[55.1559,25.1994],[55.1572,25.1981],[55.1567,25.1975],[55.1559,25.1994]]],[[[55.1571,25.2076],[55.1547,25.2085],[55.1564,25.209],[55.1571,25.2076]]],[[[55.157,25.2001],[55.1544,25.2017],[55.1559,25.202],[55.157,25.2001]]],[[[55.1566,25.218],[55.1544,25.2188],[55.1544,25.2196],[55.1566,25.218]]],[[[55.1552,25.2047],[55.1556,25.2062],[55.1561,25.2059],[55.1552,25.2047]]],[[[55.1559,25.2153],[55.1547,25.2169],[55.1558,25.2172],[55.1559,25.2153]]],[[[55.1544,25.2034],[55.1539,25.2042],[55.1555,25.204],[55.1544,25.2034]]],[[[55.155,25.2133],[55.1548,25.2129],[55.1533,25.2137],[55.155,25.2133]]],[[[55.1521,25.1978],[55.1524,25.1988],[55.1548,25.1971],[55.1521,25.1978]]],[[[55.1538,25.1959],[55.1541,25.1949],[55.1527,25.1951],[55.1538,25.1959]]],[[[55.1536,25.2058],[55.1524,25.2065],[55.1541,25.2074],[55.1536,25.2058]]],[[[55.1535,25.2202],[55.1507,25.2221],[55.1517,25.223],[55.1535,25.2202]]],[[[55.1533,25.2168],[55.1527,25.2175],[55.1529,25.218],[55.1533,25.2168]]],[[[55.152,25.2032],[55.1524,25.2039],[55.1533,25.2034],[55.152,25.2032]]],[[[55.1532,25.2191],[55.1518,25.2182],[55.1516,25.2189],[55.1532,25.2191]]],[[[55.153,25.1999],[55.1513,25.2009],[55.1524,25.2014],[55.153,25.1999]]],[[[55.1521,25.2095],[55.153,25.2092],[55.1505,25.2081],[55.1521,25.2095]]],[[[55.1524,25.2154],[55.151,25.2173],[55.1516,25.2173],[55.1524,25.2154]]],[[[55.1518,25.2099],[55.151,25.2106],[55.1514,25.2112],[55.1518,25.2099]]],[[[55.1504,25.2201],[55.1502,25.2209],[55.1515,25.2206],[55.1504,25.2201]]],[[[55.1505,25.216],[55.1515,25.2158],[55.1513,25.2145],[55.1505,25.216]]],[[[55.1511,25.2032],[55.1507,25.2017],[55.1498,25.2024],[55.1511,25.2032]]],[[[55.1507,25.199],[55.1511,25.1984],[55.1504,25.1982],[55.1507,25.199]]],[[[55.1493,25.1975],[55.1506,25.1966],[55.1484,25.1967],[55.1493,25.1975]]],[[[55.1489,25.2191],[55.1504,25.2194],[55.1506,25.2185],[55.1489,25.2191]]],[[[55.1504,25.2008],[55.1489,25.1988],[55.1485,25.1992],[55.1504,25.2008]]],[[[55.1491,25.205],[55.1504,25.2049],[55.1485,25.203],[55.1491,25.205]]],[[[55.1479,25.2112],[55.1502,25.2112],[55.1494,25.2097],[55.1479,25.2112]]],[[[55.1501,25.2223],[55.1457,25.2228],[55.1487,25.2244],[55.1501,25.2223]]],[[[55.1485,25.2173],[55.1498,25.2174],[55.1494,25.2158],[55.1485,25.2173]]],[[[55.1496,25.206],[55.1483,25.208],[55.1493,25.208],[55.1496,25.206]]],[[[55.1495,25.2264],[55.1476,25.2259],[55.1475,25.2266],[55.1495,25.2264]]],[[[55.149,25.222],[55.1487,25.2204],[55.1478,25.2205],[55.149,25.222]]],[[[55.1487,25.2013],[55.1482,25.2008],[55.1473,25.2011],[55.1487,25.2013]]],[[[55.1474,25.2251],[55.1478,25.2241],[55.1464,25.2239],[55.1474,25.2251]]],[[[55.147,25.2072],[55.1476,25.2058],[55.147,25.2058],[55.147,25.2072]]],[[[55.1463,25.2202],[55.1463,25.2211],[55.1476,25.22],[55.1463,25.2202]]],[[[55.1458,25.2043],[55.1473,25.2049],[55.1476,25.2038],[55.1458,25.2043]]],[[[55.1473,25.199],[55.1457,25.1995],[55.1459,25.2001],[55.1473,25.199]]],[[[55.1471,25.2186],[55.1471,25.218],[55.1458,25.2171],[55.1471,25.2186]]],[[[55.147,25.2108],[55.1463,25.2103],[55.1452,25.2108],[55.147,25.2108]]],[[[55.1426,25.2442],[55.1445,25.2467],[55.1467,25.2475],[55.1299,25.2057],[55.1376,25.185],[55.1288,25.2026],[55.1426,25.2442]]],[[[55.1465,25.2145],[55.1456,25.2141],[55.1457,25.2156],[55.1465,25.2145]]],[[[55.1463,25.2213],[55.1452,25.2202],[55.1448,25.2205],[55.1463,25.2213]]],[[[55.146,25.208],[55.1445,25.2092],[55.1453,25.2098],[55.146,25.208]]],[[[55.1453,25.2154],[55.1441,25.2145],[55.1437,25.2161],[55.1453,25.2154]]],[[[55.1447,25.2222],[55.1444,25.2208],[55.1431,25.2211],[55.1447,25.2222]]],[[[55.1439,25.2239],[55.1428,25.2235],[55.1431,25.2258],[55.1445,25.2257],[55.1439,25.2239]]],[[[55.1392,25.2195],[55.1414,25.2192],[55.1445,25.1922],[55.1375,25.1949],[55.1392,25.2195]]],[[[51.2052,25.5027],[51.228,25.4725],[51.2218,25.424],[51.19,25.402],[51.1373,25.4073],[51.1147,25.44],[51.1257,25.486],[51.1575,25.508],[51.2052,25.5027]]],[[[50.6972,26.2407],[50.7028,26.2248],[50.6715,25.904],[50.6625,25.8902],[50.6068,25.8649],[50.4623,25.9109],[50.4155,25.9775],[50.4452,26.238],[50.5,26.278],[50.6622,26.2732],[50.6972,26.2407]]],[[[47.0598,39.888],[47.09,39.9149],[47.14,39.918],[47.1677,39.8977],[47.172,39.8793],[47.162,39.8493],[47.1325,39.8251],[47.0875,39.822],[47.0598,39.8423],[47.0598,39.888]]],[[[46.9097,39.955],[46.939,39.9842],[46.99,39.988],[47.0202,39.9652],[47.0203,39.915],[46.991,39.8858],[46.94,39.882],[46.9098,39.9048],[46.9097,39.955]]]]},"properties":{"id":"territory:Parthian Empire:-110","name":"파르티아 제국","name_en":"Parthian Empire","actor":"기타중립","valid_from":-110,"valid_to":-91,"span_from":-239,"span_to":237,"color":"#8160A9","wikidata":"Q1986139","area":2186242,"src":"cliopatria","confidence":"medium","finish":"chaikin1cap4km+grow2km+islands+s600m","islands":189,"island_rule":"nearest<=40km"}},{"type":"Feature","geometry":{"type":"Point","coordinates":[51.608,33.846]},"properties":{"id":"territory:Parthian Empire:-110:label","name":"파르티아 제국","name_en":"Parthian Empire","actor":"기타중립","valid_from":-110,"valid_to":-91,"span_from":-239,"span_to":237,"color":"#8160A9","wikidata":"Q1986139","area":2186242,"src":"cliopatria","confidence":"medium"}},{"type":"Feature","geometry":{"type":"MultiPolygon","coordinates":[[[[55.0952,25.0923],[55.1448,25.143],[55.3754,25.5273],[55.4324,25.5829],[55.9239,25.8643],[55.9697,25.9136],[56.1441,26.3007],[56.2065,26.3467],[56.4356,26.3984],[56.4977,26.3903],[56.5386,26.3492],[56.5507,26.2811],[56.4154,25.5863],[56.4209,25.568],[56.4527,25.5648],[56.4742,25.5124],[56.442,25.1988],[56.4516,25.178],[56.4922,25.1732],[56.5007,25.1288],[56.4369,25.0015],[56.4492,24.9685],[56.5176,24.9378],[56.571,24.8834],[56.7909,24.3734],[56.8354,24.3222],[57.4648,23.9176],[57.5359,23.8893],[58.7727,23.6457],[58.8434,23.6065],[59.0692,23.3407],[59.0944,23.2736],[59.0908,23.2067],[59.1172,23.1619],[59.2616,23.0701],[59.2954,23.0061],[59.2904,22.9411],[59.2831,22.928],[59.2282,22.892],[58.9418,22.892],[58.8911,22.9286],[58.8846,22.9439],[58.8889,22.9996],[58.8617,23.022],[58.6518,23.022],[58.5753,23.0496],[58.3488,23.258],[58.2849,23.282],[57.9904,23.2861],[57.9511,23.3186],[57.9446,23.3339],[57.9491,23.3926],[57.9231,23.4305],[57.8586,23.4582],[56.8457,23.7224],[56.799,23.7706],[56.7992,23.8435],[56.7735,23.8898],[56.5627,24.0329],[56.5184,24.0953],[56.4802,24.2857],[56.4408,24.3248],[56.3051,24.3618],[56.2594,24.4148],[56.2682,24.5524],[56.2501,24.6111],[56.1032,24.7948],[56.0496,24.8109],[55.9095,24.7744],[55.8735,24.7363],[55.8616,24.6239],[55.8527,24.6102],[55.809,24.5853],[55.6594,24.6206],[55.599,24.6077],[54.8483,23.9501],[54.7772,23.9094],[54.3147,23.7467],[54.2314,23.7313],[51.9223,23.6731],[51.8519,23.7193],[51.8153,23.8353],[51.7713,23.8755],[51.1986,24.0442],[51.1367,24.094],[51.1017,24.159],[51.093,24.2329],[51.1708,24.4869],[51.1655,24.5291],[51.1348,24.5598],[51.1305,24.5783],[51.1507,24.628],[51.2448,24.6986],[51.2762,24.7516],[51.3085,25.066],[51.332,25.1091],[51.3623,25.118],[51.2732,25.2586],[51.272,25.3071],[51.3145,25.3528],[51.3297,25.3983],[51.3046,25.8257],[51.2756,25.852],[51.2164,25.852],[51.2009,25.8318],[51.2362,25.7201],[51.2208,25.6479],[51.0216,25.4373],[50.9938,25.3792],[50.9828,25.2751],[51.0003,25.2643],[51.0754,25.2924],[51.0925,25.2899],[51.119,25.2699],[51.1251,25.2497],[50.9489,24.7386],[50.8828,24.6842],[50.6643,24.6405],[50.5895,24.6616],[50.3516,24.9294],[50.3102,24.994],[50.0295,25.6362],[49.9834,25.6843],[49.6973,25.8353],[49.666,25.8971],[49.8487,26.4162],[49.8342,26.4645],[49.2687,26.9312],[49.2387,26.9925],[49.2464,27.0579],[49.2268,27.1063],[49.077,27.249],[49.0137,27.2881],[48.5747,27.454],[48.5277,27.5135],[48.4573,28.0764],[48.4207,28.1168],[48.2838,28.1604],[48.2322,28.2137],[48.1975,28.4651],[48.1659,28.492],[48.0975,28.492],[48.0819,28.5012],[48.0639,28.5329],[48.0642,28.5512],[48.1008,28.6105],[48.0905,28.6417],[48.0279,28.6685],[47.9877,28.7224],[47.9892,28.7945],[47.9669,28.8462],[47.8295,28.9766],[47.7733,28.987],[47.6946,28.9576],[47.6443,28.9805],[47.6359,28.9977],[47.6479,29.1117],[47.6264,29.166],[47.5462,29.2405],[47.5234,29.3097],[47.6198,29.6329],[47.599,29.6681],[47.3255,29.7592],[47.2503,29.764],[47.0111,29.7228],[46.9728,29.7474],[46.9646,29.7639],[46.9691,29.8226],[46.9431,29.8605],[46.8808,29.8873],[46.8117,29.8915],[46.6646,29.8531],[46.6084,29.8805],[46.5997,29.8947],[46.5749,30.2661],[46.5404,30.2997],[45.8083,30.4157],[45.7302,30.4548],[44.9663,31.228],[44.9032,31.2606],[44.6175,31.3146],[44.5535,31.3586],[44.4605,31.5474],[44.4182,31.6044],[43.1677,32.769],[43.1034,32.805],[42.7408,32.9126],[42.6692,32.9529],[42.3783,33.2189],[42.3134,33.2524],[42.0963,33.3031],[42.0237,33.3409],[41.8073,33.5484],[41.7433,33.581],[41.5227,33.6258],[41.4494,33.6632],[41.2273,33.8694],[41.1641,33.9102],[40.6614,34.1269],[40.5544,34.1511],[40.5499,34.159],[40.5673,34.1962],[40.5487,35.2797],[40.5607,35.302],[40.6049,35.31],[40.632,35.3537],[40.6834,35.7998],[40.7084,35.8621],[40.8511,36.0574],[40.9043,36.1108],[41.4369,36.5103],[41.5082,36.5454],[42.0789,36.7132],[42.1453,36.7625],[42.3033,37.0154],[42.3596,37.0558],[42.5134,37.1006],[42.5869,37.1423],[42.7221,37.2767],[42.7876,37.302],[43.2358,37.302],[43.3104,37.3344],[43.5615,37.6685],[43.5607,37.6917],[44.5889,37.5013],[44.6578,37.4668],[44.7268,37.3978],[44.7558,37.3392],[44.7788,37.0942],[44.8307,37.0349],[45.2014,36.9253],[45.2785,36.9436],[45.4405,37.1481],[45.4421,37.1675],[45.4259,37.1984],[45.41,37.208],[45.3362,37.208],[45.3012,37.2354],[45.2701,37.4248],[45.2446,37.4604],[45.2021,37.468],[45.1941,37.4878],[45.2313,37.7258],[45.2728,37.7679],[45.5923,37.8692],[45.6594,37.9186],[45.846,38.2464],[45.8963,38.3006],[46.0942,38.4399],[46.1704,38.4703],[47.2046,38.6442],[47.2824,38.6322],[48.2875,38.0931],[48.3766,38.072],[48.7534,38.072],[48.8085,38.0906],[48.8207,38.108],[48.863,38.1046],[48.882,38.0516],[48.854,37.8766],[48.8698,37.8185],[49.0782,37.554],[49.1366,37.5243],[49.8155,37.4698],[49.8904,37.4362],[50.301,37.043],[50.3604,37.0282],[50.5255,37.0678],[50.5977,37.0577],[50.6277,37.0277],[50.6327,37.0118],[50.6212,36.9591],[50.5733,36.8968],[50.5827,36.8703],[51.2262,36.6411],[51.3041,36.6252],[52.1479,36.5707],[52.2265,36.5788],[53.0454,36.8063],[53.1286,36.8208],[53.9815,36.8844],[54.0202,36.9154],[54.065,37.1542],[54.0518,37.2136],[53.9143,37.4136],[53.892,37.4859],[53.892,37.7994],[53.8794,37.822],[53.85,37.822],[53.8335,37.833],[53.8171,37.8781],[53.9666,38.9619],[53.9447,39.0135],[53.541,39.3399],[53.4737,39.3703],[53.167,39.4311],[53.1633,39.4566],[53.1785,39.4739],[53.4898,39.5206],[53.5187,39.5522],[53.4854,39.9856],[53.4509,40.0164],[52.76,40.0784],[52.7067,40.1227],[52.6952,40.3924],[52.7141,40.4284],[52.73,40.438],[52.7613,40.438],[52.7812,40.4632],[52.8646,40.8386],[52.8959,40.8811],[52.91,40.888],[52.95,40.888],[52.9668,40.8764],[52.98,40.8335],[52.9673,40.7785],[52.989,40.758],[53.2944,40.758],[53.3536,40.7839],[53.4117,40.8525],[53.4319,40.8577],[53.4568,40.8431],[53.4582,40.8304],[53.4293,40.7208],[53.4477,40.7035],[54.4965,40.8231],[54.5844,40.8189],[56.6114,40.3866],[56.6896,40.3852],[56.9459,40.4305],[56.9933,40.4018],[57.0,40.3835],[56.9861,40.3232],[56.9908,40.308],[57.0193,40.3066],[57.0707,40.2856],[57.21,40.1997],[57.2553,40.2059],[57.3117,40.2725],[57.389,40.3133],[58.2923,40.4321],[58.3734,40.4143],[58.5133,40.3276],[58.5843,40.308],[58.8148,40.3067],[58.8839,40.2795],[58.9628,40.2026],[59.0253,40.178],[59.7282,40.178],[59.7817,40.1377],[59.788,40.1241],[59.788,39.8842],[59.8185,39.858],[60.0505,39.853],[60.0849,39.8205],[60.09,39.8035],[60.0773,39.7485],[60.099,39.728],[60.6505,39.723],[60.6849,39.6905],[60.69,39.6735],[60.6762,39.6138],[60.6823,39.598],[60.71,39.598],[60.7386,39.5742],[60.7338,39.528],[60.6676,39.4981],[60.4257,39.2954],[60.3843,39.2287],[60.3106,38.9094],[60.3223,38.8285],[60.3946,38.697],[60.4033,38.6356],[60.3612,38.4502],[60.384,38.3792],[60.5171,38.239],[60.5339,38.1867],[60.5215,38.1143],[60.5492,38.0601],[60.6908,37.9693],[60.7122,37.923],[60.6529,37.6669],[60.6879,37.6085],[60.7528,37.5807],[60.7762,37.5436],[60.7681,37.4764],[60.7901,37.4155],[60.9282,37.268],[60.9008,37.2654],[60.8758,37.2504],[60.858,37.2107],[60.8623,37.1923],[60.89,37.172],[60.93,37.172],[60.9489,37.1804],[60.9681,37.1501],[61.4952,36.6856],[61.5189,36.6311],[61.4849,36.1973],[61.5038,36.1522],[61.52,36.142],[61.5472,36.142],[61.5535,36.1236],[61.4713,35.7538],[61.4303,35.7079],[61.3517,35.6735],[61.2908,35.6203],[61.1903,35.4292],[61.1648,35.3584],[61.0408,34.7827],[61.0037,34.7294],[60.797,34.5808],[60.771,34.5218],[60.7936,34.3982],[60.7696,34.354],[60.5989,34.2653],[60.5488,34.2059],[60.4797,33.8791],[60.4997,33.8253],[60.5405,33.822],[60.557,33.7978],[60.5831,33.613],[60.6381,33.5623],[60.835,33.5148],[60.8457,33.4918],[60.6992,33.3014],[60.6671,33.2319],[60.6094,32.9102],[60.6268,32.8655],[60.6595,32.862],[60.6659,32.8428],[60.6479,32.7284],[60.6602,32.6487],[60.8465,32.2676],[60.8597,32.2028],[60.8256,31.6189],[60.8564,31.5497],[60.9989,31.4143],[61.055,31.3833],[61.0502,31.352],[61.0028,31.3053],[59.7417,30.6371],[59.7366,30.6088],[59.8054,30.54],[59.8362,30.4632],[59.7698,29.0579],[59.7866,28.9957],[59.868,28.8623],[59.8687,28.7889],[59.8068,28.6713],[59.8195,28.6353],[59.883,28.6036],[59.9213,28.5432],[59.9021,28.3536],[59.8414,28.2961],[59.4594,28.2392],[59.4234,28.2057],[59.407,28.0836],[59.3636,28.0363],[59.1986,27.9854],[59.1537,27.9453],[58.9388,27.3186],[58.8881,27.259],[58.4774,27.0352],[58.4414,26.9872],[58.4234,26.8728],[58.4137,26.8596],[58.3579,26.8385],[58.2922,26.8667],[58.2328,26.8608],[57.815,26.588],[57.7685,26.5367],[57.5139,26.0276],[57.505,25.965],[57.5408,25.7788],[57.5061,25.7282],[57.4175,25.722],[57.3458,25.7507],[57.1913,25.9045],[57.1571,25.9731],[57.0378,26.7986],[57.0074,26.8555],[56.7285,27.1179],[56.6649,27.142],[56.236,27.142],[56.1807,27.115],[56.1431,27.0607],[56.1515,27.048],[56.2896,27.0439],[56.3289,27.0114],[56.3354,26.9961],[56.3279,26.9232],[56.2895,26.8619],[56.1022,26.7195],[56.0275,26.6838],[55.3345,26.5125],[55.2834,26.5411],[55.2759,26.5577],[55.2884,26.6761],[55.337,26.7328],[55.4,26.752],[55.2853,26.752],[55.2228,26.7274],[55.0258,26.5314],[54.9535,26.4933],[54.7176,26.4414],[54.6366,26.4557],[54.2867,26.6724],[54.2157,26.692],[53.6943,26.6937],[53.6227,26.729],[53.4705,26.9269],[53.4129,26.9673],[52.768,27.1922],[52.7043,27.2412],[52.4873,27.5666],[52.4333,27.611],[52.0812,27.7666],[52.0051,27.7871],[51.4894,27.8473],[51.4202,27.8856],[51.074,28.4025],[51.0478,28.4736],[51.0172,28.7262],[50.9805,28.7649],[50.8451,28.8018],[50.8087,28.8548],[50.8077,28.8708],[50.8855,29.0546],[50.8682,29.082],[50.6572,29.1242],[50.6103,29.1742],[50.6275,29.3714],[50.6045,29.4227],[50.2567,29.6949],[50.2097,29.7573],[50.0599,30.1319],[50.0225,30.1455],[49.6346,29.9886],[49.5531,29.9899],[48.9771,30.2717],[48.9668,30.2656],[49.0008,30.0888],[48.9775,30.0201],[48.928,29.9879],[48.8641,29.9674],[48.4202,29.9085],[48.392,29.8779],[48.4145,29.6375],[48.3716,29.583],[47.9187,29.5274],[47.8817,29.4978],[47.8743,29.4495],[47.8986,29.428],[48.0445,29.4268],[48.1206,29.3968],[48.2085,29.3126],[48.2321,29.2416],[48.214,29.1268],[48.2307,29.0696],[48.4492,28.8107],[48.4839,28.7428],[48.5691,28.3619],[48.6023,28.3046],[48.9594,27.961],[48.9736,27.8894],[48.9033,27.7065],[48.9216,27.6798],[49.2097,27.631],[49.2696,27.5821],[49.363,27.3332],[49.4052,27.2812],[50.113,26.8007],[50.1461,26.7332],[50.14,26.6189],[50.1626,26.5628],[50.2395,26.4836],[50.2645,26.4125],[50.2412,26.1641],[50.1965,26.1037],[50.1246,26.0725],[50.1238,26.0632],[50.1885,26.0294],[50.2381,25.9707],[50.3353,25.663],[50.3749,25.61],[50.5883,25.4576],[50.6297,25.3938],[50.6628,25.1423],[50.6795,25.118],[50.7002,25.118],[50.7157,25.1419],[50.7525,25.525],[50.7924,25.578],[50.8716,25.6172],[50.9059,25.6626],[50.9302,25.9115],[50.9621,25.9805],[51.0811,26.1135],[51.1618,26.148],[51.3845,26.1468],[51.4606,26.1168],[51.6838,25.9095],[51.7085,25.8305],[51.5981,25.3974],[51.6198,25.3566],[51.6984,25.3167],[51.7318,25.2638],[51.7112,25.0041],[51.6779,24.9295],[51.5603,24.7981],[51.5283,24.7384],[51.4381,24.3694],[51.4609,24.3401],[51.8204,24.2803],[51.8759,24.229],[51.9174,24.056],[51.9575,24.028],[52.2353,24.028],[52.3023,24.0502],[52.558,24.25],[52.5888,24.2582],[52.556,24.307],[52.5745,24.344],[52.611,24.373],[52.649,24.3095],[52.5989,24.2603],[52.6445,24.268],[53.0727,24.1672],[53.1529,24.158],[53.6588,24.158],[53.723,24.23],[53.7705,24.227],[53.8395,24.2645],[53.8925,24.218],[53.9545,24.201],[53.9305,24.158],[54.032,24.158],[54.0667,24.1852],[54.0784,24.2961],[54.0877,24.31],[54.1307,24.3333],[54.1893,24.3204],[54.2325,24.3575],[54.2656,24.2962],[54.282,24.291],[54.3422,24.3019],[54.517,24.4476],[54.5604,24.5028],[54.708,24.8144],[54.76,24.8737],[55.0952,25.0923]]],[[[53.447,24.38],[53.4275,24.329],[53.3315,24.2885],[53.323,24.2625],[53.232,24.2955],[53.3615,24.351],[53.399,24.4015],[53.447,24.38]]],[[[52.0079,24.2108],[51.9943,24.2192],[52.0047,24.2528],[52.0166,24.2576],[52.0229,24.2388],[52.0079,24.2108]]],[[[51.7117,24.6022],[51.7241,24.6074],[51.7395,24.5907],[51.7302,24.5652],[51.7222,24.5946],[51.7188,24.5878],[51.7117,24.6022]]],[[[51.228,25.4725],[51.2218,25.424],[51.19,25.402],[51.1373,25.4073],[51.1147,25.44],[51.1257,25.486],[51.1575,25.508],[51.1925,25.508],[51.228,25.4725]]],[[[50.5,26.278],[50.65,26.278],[50.6972,26.2407],[50.7028,26.2248],[50.6715,25.904],[50.6625,25.8902],[50.6213,25.8664],[50.4623,25.9109],[50.4188,25.9653],[50.4452,26.238],[50.5,26.278]]]]},"properties":{"id":"territory:Parthian Empire:-126","name":"파르티아 제국","name_en":"Parthian Empire","actor":"기타중립","valid_from":-126,"valid_to":-110,"span_from":-239,"span_to":237,"color":"#8160A9","wikidata":"Q1986139","area":1964601,"src":"cliopatria","confidence":"medium","finish":"chaikin1cap4km+grow2km+islands+s600m","islands":6,"island_rule":"nearest<=40km"}},{"type":"Feature","geometry":{"type":"Point","coordinates":[52.695,33.393]},"properties":{"id":"territory:Parthian Empire:-126:label","name":"파르티아 제국","name_en":"Parthian Empire","actor":"기타중립","valid_from":-126,"valid_to":-110,"span_from":-239,"span_to":237,"color":"#8160A9","wikidata":"Q1986139","area":1964601,"src":"cliopatria","confidence":"medium"}},{"type":"Feature","geometry":{"type":"Polygon","coordinates":[[[54.7217,36.6644],[54.8138,36.6522],[55.7338,36.652],[55.8272,36.6721],[56.1761,36.8344],[56.2581,36.852],[56.8741,36.8469],[57.3896,36.7877],[57.4589,36.7569],[57.6585,36.565],[57.742,36.5245],[58.4019,36.4101],[58.4962,36.402],[59.0238,36.402],[59.1165,36.4108],[60.0078,36.5835],[60.097,36.592],[61.1638,36.592],[61.201,36.6001],[61.1855,36.5779],[61.1496,36.3804],[61.1668,36.3356],[61.2021,36.332],[61.2157,36.3086],[61.2831,35.6041],[61.3348,35.5476],[61.7524,35.3888],[61.8457,35.372],[62.1406,35.372],[62.2039,35.3451],[62.5812,34.8887],[62.6572,34.8488],[63.0999,34.7976],[63.1679,34.7667],[63.2463,34.6911],[63.3199,34.6678],[63.7829,34.7168],[63.8486,34.6959],[63.919,34.6255],[63.9993,34.5932],[64.1443,34.592],[64.2289,34.6171],[64.3444,34.6994],[64.4184,34.722],[64.7143,34.722],[64.8052,34.7353],[65.3691,34.9086],[65.4399,34.9004],[65.5746,34.817],[65.6591,34.787],[66.0913,34.7284],[66.1734,34.7052],[66.5081,34.5538],[66.5333,34.5142],[66.52,34.4565],[66.5322,34.4162],[66.5125,34.402],[66.4831,34.402],[66.4474,34.3773],[66.3809,34.3024],[66.3136,34.2781],[65.7936,34.3368],[65.7252,34.3199],[65.4348,34.1102],[65.3896,34.0568],[65.2694,33.8018],[65.218,33.742],[65.1054,33.6606],[65.0692,33.61],[65.0562,33.5538],[65.0623,33.538],[65.102,33.5333],[65.1113,33.4887],[65.0126,33.2851],[64.9519,33.2447],[64.8728,33.242],[64.8295,33.2141],[64.7169,32.9605],[64.6578,32.908],[64.4112,32.8109],[64.3925,32.7787],[64.4143,32.7137],[64.388,32.652],[63.913,32.3089],[63.8271,32.282],[63.6868,32.282],[63.6283,32.2553],[63.4671,32.0527],[63.4088,32.0399],[63.3326,32.0736],[63.2862,32.0639],[62.1579,30.6487],[62.1025,30.5904],[61.7224,30.2535],[61.6752,30.1975],[61.4028,29.7499],[61.3492,29.6915],[61.0738,29.4809],[61.0238,29.4273],[60.2755,28.2718],[60.2232,28.2126],[59.4398,27.5503],[59.37,27.5063],[59.0389,27.3529],[59.005,27.3106],[59.0004,27.2511],[58.9892,27.2358],[58.937,27.2214],[58.8726,27.2536],[58.827,27.2436],[58.7775,27.1793],[58.7105,27.1439],[58.6307,27.142],[58.5682,27.1191],[58.4746,27.0431],[58.4416,26.9881],[58.4234,26.8728],[58.4138,26.8596],[58.3579,26.8385],[58.2922,26.8667],[58.2323,26.8605],[57.8156,26.5883],[57.7684,26.5366],[57.5139,26.0277],[57.505,25.965],[57.5408,25.7789],[57.5368,25.7637],[57.4925,25.722],[57.4175,25.722],[57.3454,25.751],[57.1916,25.9042],[57.1571,25.9731],[57.0378,26.7986],[57.007,26.8558],[56.7288,27.1176],[56.6638,27.142],[56.237,27.142],[56.1806,27.1148],[56.1433,27.061],[56.1523,27.048],[56.2884,27.044],[56.3288,27.0115],[56.3354,26.9961],[56.3279,26.9232],[56.2891,26.8616],[56.1026,26.7198],[56.0265,26.6836],[55.3355,26.5127],[55.2836,26.541],[55.2759,26.5577],[55.2884,26.6761],[55.338,26.7331],[55.4,26.752],[55.2863,26.752],[55.2225,26.7271],[55.026,26.5317],[54.9525,26.4931],[54.7186,26.4416],[54.636,26.4561],[54.2872,26.672],[54.2147,26.692],[53.6954,26.6937],[53.6225,26.7293],[53.4707,26.9267],[53.4121,26.9676],[52.7689,27.1918],[52.7041,27.2414],[52.4875,27.5664],[52.4326,27.6113],[52.0819,27.7662],[52.0041,27.7873],[51.4904,27.8472],[51.4202,27.8858],[51.0741,28.4023],[51.0478,28.4736],[51.0172,28.7261],[50.9797,28.7651],[50.8461,28.8015],[50.8088,28.8548],[50.8078,28.8709],[50.8854,29.0544],[50.8673,29.0822],[50.6582,29.124],[50.6105,29.1741],[50.6275,29.3714],[50.6041,29.4231],[50.2603,29.6913],[50.2121,29.7531],[50.06,30.1317],[50.0218,30.1452],[49.6354,29.989],[49.5524,29.9903],[48.9776,30.2715],[48.9669,30.2653],[49.0008,30.0889],[48.9625,30.0302],[48.4213,29.9124],[48.392,29.8783],[48.4102,29.624],[48.3616,29.5743],[48.1323,29.5301],[48.0452,29.528],[47.6869,29.5771],[47.6053,29.6033],[47.3207,29.7535],[47.2487,29.7637],[47.0123,29.7228],[46.973,29.7472],[46.9646,29.7639],[46.9691,29.8226],[46.9431,29.8605],[46.8808,29.8872],[46.8108,29.8912],[46.6519,29.8552],[46.6086,29.8803],[46.5997,29.8947],[46.5749,30.266],[46.5395,30.2998],[45.8093,30.4156],[45.7299,30.4551],[44.9666,31.2277],[44.9023,31.2607],[44.6185,31.3144],[44.5536,31.3587],[44.4606,31.5473],[44.4179,31.6047],[43.168,32.7687],[43.1025,32.8053],[42.74,32.9134],[42.6744,32.9618],[42.5869,33.0964],[42.5328,33.1423],[41.5198,33.6162],[41.449,33.6635],[41.2284,33.8684],[41.1624,33.9012],[40.9412,33.9471],[40.8845,33.9879],[40.8511,34.0547],[40.8024,34.082],[40.3529,34.082],[40.3381,34.0898],[40.3136,34.1311],[40.358,34.2009],[40.3464,34.2269],[39.5467,34.4606],[39.4658,34.472],[39.1646,34.472],[39.0865,34.457],[38.5262,34.2294],[38.4562,34.1918],[37.1164,33.2701],[37.0837,33.2182],[37.0655,33.0922],[37.0243,33.0564],[36.9424,33.052],[36.895,33.0244],[36.7552,32.7759],[36.7405,32.7127],[36.7655,32.3371],[36.7136,32.2719],[36.5762,32.2361],[36.642,32.1934],[36.6585,32.1287],[36.4244,31.6866],[36.4105,31.6228],[36.4355,31.2471],[36.4295,31.2324],[36.389,31.1966],[35.7059,31.192],[35.638,31.169],[35.5334,31.0872],[35.4651,31.0772],[35.3855,31.1065],[35.3283,31.0971],[34.6615,30.5125],[34.6303,30.4956],[34.6,30.518],[34.56,30.518],[34.5427,30.5095],[34.5509,30.5388],[34.4533,31.0515],[34.4237,31.121],[34.336,31.2493],[34.2821,31.2873],[34.2848,31.332],[34.3155,31.3801],[34.5859,31.6423],[34.6003,31.6944],[34.5638,31.8099],[34.5897,31.877],[34.761,31.9739],[34.7877,32.0198],[34.7559,32.3223],[34.78,32.3941],[34.9781,32.6024],[35.0061,32.6607],[35.0426,32.9858],[35.0855,33.0363],[35.1717,33.0711],[35.2243,33.1142],[35.3645,33.3636],[35.3749,33.4253],[35.3392,33.6111],[35.3739,33.6618],[35.4543,33.668],[35.4739,33.6906],[35.4392,33.8711],[35.4424,33.8852],[35.4864,33.9381],[35.6288,33.9752],[35.6577,34.0113],[35.6258,34.3224],[35.6351,34.34],[35.6851,34.3588],[35.7552,34.3261],[35.809,34.3344],[36.0077,34.5331],[36.0362,34.5909],[36.0479,34.7017],[36.0261,34.7563],[35.9421,34.8366],[35.9167,34.8991],[35.9383,35.151],[35.9285,35.172],[35.8889,35.1759],[35.8741,35.2203],[35.959,35.4838],[35.9397,35.5208],[35.862,35.556],[35.8308,35.6194],[35.9627,36.1821],[35.9396,36.2237],[35.8699,36.2562],[35.8597,36.2701],[35.8539,36.3117],[35.8608,36.3285],[36.2148,36.5981],[36.2484,36.652],[36.2659,36.7623],[36.2451,36.8152],[36.1615,36.8876],[36.1242,36.8957],[36.0863,36.8682],[36.04,36.852],[36.0,36.852],[35.9837,36.8625],[36.0028,36.8998],[36.0119,36.9592],[36.0502,36.9996],[36.123,37.0269],[36.1956,37.025],[37.1603,36.6091],[37.2469,36.6096],[37.4857,36.7067],[37.5424,36.722],[37.6473,36.7325],[38.1287,36.8465],[38.1828,36.8998],[38.1906,36.9765],[38.153,37.0368],[38.0095,37.1216],[37.9828,37.1694],[38.0035,37.3421],[37.9776,37.414],[37.685,37.6923],[37.6698,37.7446],[37.7661,38.0497],[37.7616,38.0664],[38.1023,38.0192],[38.1963,38.0282],[38.2763,38.0582],[38.3365,38.1108],[38.4197,38.3033],[38.4705,38.332],[38.6111,38.332],[38.6806,38.3071],[38.8279,38.1738],[38.9097,38.1431],[39.1342,38.142],[39.2154,38.1827],[39.3751,38.4382],[39.3741,38.4722],[39.4255,38.4872],[40.1026,38.3179],[40.1615,38.308],[40.43,38.308],[40.4602,38.2852],[40.4674,38.238],[40.5089,38.238],[40.5244,38.211],[40.54,38.202],[40.5679,38.202],[40.5758,38.1822],[40.5579,38.0685],[40.5638,38.0521],[40.6165,38.012],[41.6216,38.012],[41.7047,37.9948],[41.9124,37.9016],[42.0029,37.8824],[42.4625,37.882],[42.5518,37.8722],[43.8914,37.5725],[43.9865,37.562],[44.3613,37.562],[44.4411,37.5422],[44.7191,37.3877],[44.7456,37.3409],[44.7279,37.2285],[44.7443,37.1541],[44.839,37.0164],[44.912,36.974],[45.2015,36.9207],[45.2399,36.928],[45.2271,36.8969],[45.1074,36.0683],[45.1234,36.0231],[45.14,36.012],[45.1699,36.012],[45.1841,35.9886],[45.2048,35.6639],[45.2566,35.6099],[45.9828,35.3858],[46.0742,35.3704],[47.9036,35.3037],[47.99,35.2923],[48.7228,35.1225],[48.8171,35.1212],[49.3755,35.2357],[49.4478,35.2797],[49.5984,35.4754],[49.66,35.5088],[50.4436,35.6177],[50.5202,35.6563],[50.8343,35.9873],[50.8991,36.0276],[51.9743,36.389],[52.0478,36.4397],[52.1007,36.5084],[52.1056,36.5549],[52.1197,36.5647],[52.2267,36.5788],[53.0445,36.806],[53.1296,36.8211],[53.9775,36.888],[54.018,36.8873],[54.0248,36.8702],[54.0634,36.8435],[54.7217,36.6644]]]},"properties":{"id":"territory:Seleucid Empire:-188","name":"셀레우코스 제국","name_en":"Seleucid Empire","actor":"그리스계","valid_from":-188,"valid_to":-170,"span_from":-318,"span_to":-64,"wikidata":"Q705904","area":1924785,"src":"cliopatria","confidence":"medium","finish":"chaikin1cap4km+grow2km+islands+s600m","islands":0}},{"type":"Feature","geometry":{"type":"Point","coordinates":[51.446,32.918]},"properties":{"id":"territory:Seleucid Empire:-188:label","name":"셀레우코스 제국","name_en":"Seleucid Empire","actor":"그리스계","valid_from":-188,"valid_to":-170,"span_from":-318,"span_to":-64,"wikidata":"Q705904","area":1924785,"src":"cliopatria","confidence":"medium"}},{"type":"Feature","geometry":{"type":"MultiPolygon","coordinates":[[[[54.7258,26.4419],[54.6425,26.4538],[54.2875,26.6719],[54.2142,26.692],[53.6959,26.6936],[53.6224,26.7293],[53.4708,26.9265],[53.4118,26.9677],[52.7693,27.1917],[52.7041,27.2415],[52.4875,27.5663],[52.4322,27.6115],[52.0823,27.7661],[52.0036,27.7873],[51.4909,27.8471],[51.4201,27.8858],[51.0742,28.4022],[51.0478,28.4736],[51.0172,28.7261],[50.9793,28.7652],[50.8465,28.8014],[50.8089,28.8547],[50.8078,28.8709],[50.8854,29.0542],[50.8669,29.0823],[50.6586,29.1239],[50.6105,29.1741],[50.6063,29.1878],[50.6275,29.3713],[50.6039,29.4232],[50.2605,29.6912],[50.2121,29.7532],[50.06,30.1316],[50.0215,30.1451],[49.6357,29.9891],[49.5521,29.9904],[48.9778,30.2713],[48.9669,30.2652],[49.0008,30.0889],[48.962,30.03],[48.4217,29.9125],[48.392,29.8782],[48.4101,29.6239],[48.3612,29.5742],[48.1357,29.5305],[48.0448,29.528],[47.6874,29.577],[47.605,29.6034],[47.321,29.7533],[47.2482,29.7636],[47.0129,29.7229],[46.9731,29.7472],[46.9646,29.7639],[46.9691,29.8226],[46.9431,29.8605],[46.8808,29.8872],[46.8104,29.8911],[46.6659,29.8534],[46.6087,29.8803],[46.5997,29.8947],[46.5749,30.2659],[46.5391,30.2999],[45.8098,30.4155],[45.7297,30.4552],[44.9667,31.2275],[44.9018,31.2608],[44.6189,31.3143],[44.5536,31.3587],[44.4607,31.5471],[44.4169,31.6035],[43.4382,32.4505],[43.4073,32.4979],[43.4093,32.542],[43.4761,32.5589],[43.8747,32.7167],[43.9515,32.7234],[44.1639,32.6809],[44.216,32.7111],[44.2234,32.728],[44.1904,32.9826],[44.1537,33.0502],[44.0226,33.1767],[44.5205,33.1269],[44.5709,33.0951],[44.6075,33.0262],[44.6755,32.9977],[45.0569,33.0464],[45.1363,33.0382],[45.4238,32.9372],[45.5114,32.9533],[45.8803,33.2879],[45.9409,33.312],[46.0234,33.3157],[46.0728,33.3598],[46.0828,33.4248],[46.0508,33.4903],[45.9095,33.5805],[45.8921,33.6245],[45.9839,33.8693],[45.983,33.9431],[45.9562,34.0044],[45.9719,34.022],[46.1822,34.022],[46.2407,33.9948],[46.3864,33.7967],[46.4511,33.7464],[46.6592,33.6531],[46.6857,33.6105],[46.6577,33.4284],[46.7066,33.3611],[47.5111,33.1351],[47.5715,33.0963],[47.7821,32.8291],[47.8496,32.7939],[47.9325,32.792],[47.9971,32.8273],[48.0751,32.9639],[48.1283,32.992],[48.563,32.992],[48.6294,32.9675],[48.7088,32.8938],[48.7867,32.8772],[48.8765,32.9082],[48.9165,32.9657],[48.8862,33.1092],[48.8463,33.1762],[48.6344,33.3734],[48.614,33.4276],[48.6418,33.6086],[48.6729,33.6664],[48.8874,33.8741],[48.9234,33.9428],[48.952,34.1215],[48.9301,34.1749],[48.8904,34.178],[48.8771,34.2009],[48.8688,34.5745],[48.8386,34.6451],[48.7628,34.7226],[48.7371,34.78],[48.7288,35.1545],[48.6798,35.2101],[47.9959,35.3304],[47.9081,35.3395],[46.0756,35.4063],[45.9932,35.4202],[45.2711,35.643],[45.2358,35.6831],[45.2198,35.995],[45.1953,36.0393],[45.18,36.048],[45.152,36.048],[45.1436,36.068],[45.2626,36.8917],[45.2397,36.9278],[45.288,36.9499],[45.4405,37.1482],[45.4421,37.1675],[45.4259,37.1984],[45.41,37.208],[45.3362,37.208],[45.3012,37.2354],[45.2701,37.4248],[45.2446,37.4604],[45.2021,37.468],[45.1941,37.4878],[45.2313,37.7258],[45.2727,37.7679],[45.5924,37.8692],[45.6594,37.9186],[45.846,38.2464],[45.8963,38.3006],[46.0942,38.4399],[46.1704,38.4702],[47.2046,38.6442],[47.2824,38.6322],[48.2876,38.0931],[48.3765,38.072],[48.7535,38.072],[48.8085,38.0906],[48.8207,38.108],[48.863,38.1046],[48.882,38.0515],[48.8541,37.8766],[48.8701,37.8182],[49.0779,37.5544],[49.1381,37.5242],[49.8139,37.4699],[49.8908,37.4358],[50.3006,37.0435],[50.3617,37.0285],[50.5241,37.0675],[50.5977,37.0577],[50.6277,37.0277],[50.6327,37.0118],[50.6209,36.9587],[50.5736,36.8972],[50.5838,36.8699],[51.225,36.6415],[51.3056,36.6251],[52.1464,36.5708],[52.2278,36.5791],[53.0441,36.8059],[53.1301,36.8209],[53.9801,36.8843],[54.0203,36.9155],[54.065,37.1542],[54.0517,37.2138],[53.9145,37.4133],[53.892,37.4859],[53.892,37.7994],[53.8794,37.822],[53.85,37.822],[53.8334,37.833],[53.8171,37.8782],[53.9666,38.9618],[53.9442,39.0139],[53.5416,39.3395],[53.4723,39.3705],[53.1684,39.4309],[53.1647,39.4568],[53.18,39.4742],[53.4885,39.5204],[53.5187,39.5524],[53.4854,39.9854],[53.4495,40.0165],[52.7615,40.0782],[52.7069,40.1226],[52.6952,40.3924],[52.7141,40.4284],[52.73,40.438],[52.7613,40.438],[52.7812,40.4632],[52.868,40.8458],[52.8959,40.8811],[52.95,40.888],[52.9668,40.8764],[52.9793,40.8439],[52.9674,40.7787],[52.9903,40.758],[53.2929,40.758],[53.3539,40.7843],[53.4205,40.8579],[53.4469,40.8518],[53.4581,40.8303],[53.4294,40.7212],[53.4489,40.7037],[54.495,40.823],[54.5858,40.8186],[56.61,40.3869],[56.691,40.3855],[56.958,40.4271],[56.993,40.4021],[57.0,40.3835],[56.9861,40.3232],[56.9908,40.308],[57.0193,40.3066],[57.0716,40.2851],[57.2093,40.2002],[57.2557,40.2063],[57.3168,40.2765],[57.3905,40.3135],[58.2908,40.4319],[58.3742,40.4138],[58.5125,40.3281],[58.5858,40.308],[58.8131,40.3067],[58.8842,40.2791],[58.9624,40.203],[59.0268,40.178],[59.7266,40.178],[59.7815,40.1379],[59.788,40.1241],[59.788,39.8844],[59.8198,39.858],[60.0487,39.8533],[60.0846,39.8208],[60.09,39.8035],[60.0774,39.7487],[60.1003,39.728],[60.6487,39.7233],[60.6846,39.6908],[60.69,39.6735],[60.6762,39.6138],[60.6823,39.598],[60.71,39.598],[60.7386,39.5742],[60.7338,39.528],[60.6671,39.4976],[60.4263,39.2959],[60.3843,39.2287],[60.3107,38.9094],[60.3224,38.8283],[60.3945,38.6972],[60.4033,38.6356],[60.3612,38.4502],[60.3843,38.3788],[60.5168,38.2394],[60.5339,38.1867],[60.5216,38.1142],[60.55,38.0595],[60.6901,37.9698],[60.7122,37.9229],[60.6529,37.667],[60.6879,37.6085],[60.7528,37.5807],[60.7762,37.5436],[60.7681,37.4763],[60.7905,37.415],[60.928,37.268],[60.9008,37.2654],[60.8758,37.2504],[60.858,37.2107],[60.8623,37.1923],[60.89,37.172],[60.93,37.172],[60.9489,37.1804],[60.9686,37.1497],[61.4947,36.686],[61.5189,36.631],[61.4849,36.1973],[61.5038,36.1522],[61.52,36.142],[61.5472,36.142],[61.5535,36.1236],[61.4711,35.7528],[61.4333,35.6984],[61.3232,35.6189],[61.316,35.601],[61.3236,35.561],[61.3349,35.5475],[61.7556,35.388],[61.8458,35.372],[62.1398,35.372],[62.195,35.3435],[62.2661,35.2143],[62.3366,35.1874],[63.0193,35.4214],[63.0836,35.4746],[63.188,35.6684],[63.1823,35.7231],[63.1423,35.728],[63.1362,35.7438],[63.1485,35.7969],[63.192,35.8284],[63.577,35.8765],[63.6645,35.9007],[64.4478,36.2556],[64.516,36.3055],[64.6884,36.5085],[64.7279,36.5755],[64.9323,37.1433],[64.9808,37.172],[65.4242,37.172],[65.4547,37.1848],[65.3815,36.9003],[65.4038,36.8294],[65.5366,36.6896],[65.5476,36.6375],[65.3958,36.2521],[65.4055,36.2066],[65.4396,36.202],[65.4438,36.1893],[65.4301,36.1344],[65.4353,36.1168],[65.4678,36.0868],[65.552,36.082],[65.5722,36.0596],[65.5311,35.8696],[65.5495,35.8254],[65.5901,35.822],[65.6052,35.7983],[65.623,35.6049],[65.6706,35.5463],[66.29,35.2631],[66.321,35.2186],[66.313,34.9064],[66.3407,34.8352],[66.6599,34.5055],[66.7146,34.4735],[66.7103,34.435],[66.6989,34.4207],[66.6466,34.402],[66.5071,34.402],[66.4461,34.3757],[66.381,34.3025],[66.305,34.2772],[65.7941,34.3368],[65.725,34.3198],[65.435,34.1103],[65.3896,34.0567],[65.2694,33.8019],[65.2178,33.7418],[65.1056,33.6608],[65.0692,33.61],[65.0562,33.5538],[65.0623,33.538],[65.102,33.5333],[65.1113,33.4886],[65.0127,33.2852],[64.9519,33.2447],[64.8728,33.242],[64.8295,33.2141],[64.7169,32.9605],[64.6574,32.9079],[64.4115,32.811],[64.3925,32.7786],[64.4143,32.7137],[64.3878,32.6518],[63.9132,32.309],[63.8266,32.282],[63.6873,32.282],[63.6282,32.2552],[63.4672,32.0528],[63.4089,32.04],[63.3328,32.0735],[63.2888,32.0631],[62.9266,31.5506],[62.8628,31.4991],[62.7776,31.4612],[62.7204,31.4167],[62.1558,30.6486],[62.1023,30.5903],[61.7225,30.2537],[61.6751,30.1974],[61.4028,29.75],[61.349,29.6914],[61.074,29.481],[61.0237,29.4272],[60.2756,28.2719],[60.2231,28.2124],[59.44,27.5505],[59.3697,27.5062],[59.0392,27.353],[59.005,27.3106],[59.0004,27.2511],[58.9892,27.2358],[58.937,27.2214],[58.8726,27.2536],[58.8269,27.2436],[58.7776,27.1793],[58.7105,27.1439],[58.6307,27.142],[58.568,27.119],[58.4747,27.0432],[58.4416,26.9881],[58.4234,26.8728],[58.4138,26.8596],[58.3579,26.8385],[58.2922,26.8666],[58.2321,26.8603],[57.8158,26.5884],[57.7684,26.5365],[57.514,26.0278],[57.505,25.965],[57.5408,25.7789],[57.5061,25.7283],[57.4175,25.722],[57.3453,25.7511],[57.1917,25.9041],[57.1571,25.9731],[57.0378,26.7986],[57.0069,26.8559],[56.729,27.1175],[56.6634,27.142],[56.2375,27.142],[56.1805,27.1147],[56.1435,27.0612],[56.1527,27.048],[56.2878,27.0441],[56.3287,27.0116],[56.3354,26.9961],[56.3279,26.9232],[56.2889,26.8614],[56.1028,26.72],[56.0261,26.6835],[55.3359,26.5128],[55.2837,26.5409],[55.2759,26.5577],[55.2884,26.6761],[55.3385,26.7333],[55.4,26.752],[55.2868,26.752],[55.2224,26.727],[55.0304,26.535],[54.9566,26.4947],[54.7258,26.4419]]],[[[53.9555,26.4925],[53.903,26.536],[53.9455,26.565],[54.033,26.5505],[54.037,26.4885],[53.9555,26.4925]]]]},"properties":{"id":"territory:Parthian Empire:-144","name":"파르티아 제국","name_en":"Parthian Empire","actor":"기타중립","valid_from":-144,"valid_to":-126,"span_from":-239,"span_to":237,"color":"#8160A9","wikidata":"Q1986139","area":1867950,"src":"cliopatria","confidence":"medium","finish":"chaikin1cap4km+grow2km+islands+s600m","islands":1,"island_rule":"nearest<=40km"}},{"type":"Feature","geometry":{"type":"Point","coordinates":[55.148,33.509]},"properties":{"id":"territory:Parthian Empire:-144:label","name":"파르티아 제국","name_en":"Parthian Empire","actor":"기타중립","valid_from":-144,"valid_to":-126,"span_from":-239,"span_to":237,"color":"#8160A9","wikidata":"Q1986139","area":1867950,"src":"cliopatria","confidence":"medium"}},{"type":"Feature","geometry":{"type":"Polygon","coordinates":[[[54.952,26.493],[54.7192,26.4417],[54.6357,26.4563],[54.2875,26.6718],[54.2141,26.692],[53.6961,26.6936],[53.6224,26.7294],[53.4708,26.9265],[53.4117,26.9678],[52.7694,27.1917],[52.7041,27.2415],[52.4875,27.5663],[52.4322,27.6115],[52.0823,27.7661],[52.0035,27.7873],[51.491,27.8471],[51.4141,27.8915],[51.0742,28.4022],[51.0478,28.4736],[51.0172,28.7261],[50.9792,28.7652],[50.8466,28.8014],[50.8089,28.8547],[50.8078,28.8709],[50.8854,29.0542],[50.8669,29.0823],[50.6587,29.1239],[50.6105,29.174],[50.6063,29.1878],[50.6275,29.3713],[50.6039,29.4232],[50.2606,29.6912],[50.2105,29.7523],[50.0592,30.0789],[50.0429,30.1295],[50.042,30.162],[50.1046,30.1849],[50.3689,30.3389],[50.4134,30.4028],[50.4321,30.5216],[50.3927,30.5957],[50.1093,30.7532],[50.0844,30.7988],[50.112,30.9715],[50.097,31.0455],[50.0073,31.1856],[49.9925,31.2468],[50.0132,31.4194],[50.0403,31.4797],[50.2688,31.749],[50.2633,31.8299],[50.0541,32.0237],[50.0335,32.0746],[50.0407,32.1462],[50.011,32.2002],[49.8683,32.2913],[49.8422,32.3394],[49.853,32.4605],[49.825,32.5304],[49.7504,32.605],[49.6647,32.6312],[49.3643,32.585],[49.3069,32.6052],[49.1539,32.795],[49.085,32.84],[48.9503,32.8828],[48.9114,32.9239],[48.88,33.115],[48.8332,33.176],[48.6983,33.2531],[48.6658,33.3018],[48.65,33.6109],[48.6734,33.6669],[48.8875,33.8742],[48.9234,33.9428],[48.952,34.1215],[48.9301,34.1749],[48.8904,34.178],[48.8771,34.2009],[48.8672,34.5814],[48.8387,34.645],[48.7627,34.7227],[48.7371,34.78],[48.7235,35.1668],[48.6706,35.215],[47.9086,35.3394],[46.0751,35.4063],[45.9936,35.4201],[45.2708,35.6431],[45.2358,35.6831],[45.2198,35.995],[45.1953,36.0393],[45.18,36.048],[45.152,36.048],[45.1436,36.068],[45.2626,36.8918],[45.2398,36.9279],[45.288,36.9499],[45.4405,37.1482],[45.4421,37.1675],[45.4259,37.1984],[45.41,37.208],[45.3362,37.208],[45.3012,37.2354],[45.2701,37.4248],[45.2446,37.4604],[45.2021,37.468],[45.1941,37.4878],[45.2313,37.7258],[45.2727,37.7679],[45.5924,37.8692],[45.6594,37.9186],[45.846,38.2464],[45.8963,38.3006],[46.0942,38.4399],[46.1704,38.4702],[47.2046,38.6442],[47.2824,38.6322],[48.2876,38.0931],[48.3765,38.072],[48.7535,38.072],[48.8085,38.0906],[48.8207,38.108],[48.863,38.1046],[48.882,38.0515],[48.8541,37.8766],[48.8701,37.8181],[49.0779,37.5544],[49.1382,37.5242],[49.8138,37.4699],[49.8908,37.4358],[50.3005,37.0435],[50.3618,37.0285],[50.524,37.0674],[50.5977,37.0577],[50.6277,37.0277],[50.6327,37.0118],[50.6209,36.9587],[50.5736,36.8973],[50.5839,36.8699],[51.2249,36.6416],[51.3057,36.6251],[52.1463,36.5708],[52.2279,36.5792],[53.044,36.8059],[53.1302,36.8209],[53.98,36.8843],[54.0203,36.9155],[54.065,37.1542],[54.0516,37.2138],[53.9145,37.4133],[53.892,37.4859],[53.892,37.7994],[53.8794,37.822],[53.85,37.822],[53.8334,37.833],[53.8171,37.8782],[53.9666,38.9618],[53.9442,39.014],[53.5416,39.3394],[53.4722,39.3705],[53.1685,39.4309],[53.1648,39.4569],[53.1801,39.4742],[53.4884,39.5204],[53.5187,39.5524],[53.4854,39.9854],[53.4494,40.0165],[52.7616,40.0782],[52.7069,40.1225],[52.7009,40.1354],[52.6952,40.3924],[52.7141,40.4284],[52.73,40.438],[52.7613,40.438],[52.7812,40.4632],[52.8646,40.8386],[52.8959,40.8811],[52.91,40.888],[52.95,40.888],[52.9668,40.8764],[52.98,40.8335],[52.9674,40.7788],[52.9904,40.758],[53.2928,40.758],[53.3539,40.7843],[53.4114,40.8522],[53.4312,40.8574],[53.4567,40.8432],[53.4294,40.7212],[53.449,40.7037],[54.4949,40.8229],[54.5859,40.8186],[56.6099,40.3869],[56.6911,40.3855],[56.9579,40.4271],[56.9929,40.4021],[57.0,40.3835],[56.9861,40.3232],[56.9908,40.308],[57.099,40.3055],[57.1504,40.275],[57.2195,40.2059],[57.2564,40.2071],[57.3168,40.2765],[57.3906,40.3135],[58.2906,40.4319],[58.3743,40.4137],[58.5125,40.3282],[58.5859,40.308],[58.813,40.3067],[58.8842,40.279],[58.9623,40.2031],[59.0269,40.178],[59.7379,40.1739],[59.788,40.1241],[59.788,39.8844],[59.82,39.858],[60.0485,39.8533],[60.0845,39.8208],[60.09,39.8035],[60.0774,39.7488],[60.1004,39.728],[60.6471,39.7245],[60.7031,39.677],[60.7212,39.5566],[60.7567,39.5348],[61.1538,39.5915],[61.2351,39.6111],[62.4583,40.034],[62.5455,40.041],[62.8388,39.9947],[62.9219,39.9937],[63.8147,40.1121],[63.92,40.118],[63.9346,40.1104],[63.9411,40.1013],[63.9276,40.0617],[63.9498,39.9255],[63.9945,39.8626],[64.1214,39.7801],[64.1409,39.7364],[64.1237,39.665],[64.1486,39.6109],[64.291,39.5192],[64.3108,39.4762],[64.2927,39.4076],[64.3143,39.3394],[64.5667,39.0789],[64.5821,39.0247],[64.5531,38.8972],[64.5789,38.8446],[64.652,38.8039],[64.6735,38.7649],[64.6604,38.697],[64.6842,38.6294],[65.676,37.5997],[65.6842,37.5499],[65.4211,37.0413],[65.38,36.9065],[65.4039,36.8293],[65.5366,36.6896],[65.5476,36.6375],[65.3958,36.2521],[65.4055,36.2066],[65.4396,36.202],[65.4438,36.1893],[65.4301,36.1344],[65.4353,36.1168],[65.4678,36.0868],[65.552,36.082],[65.5722,36.0596],[65.5311,35.8696],[65.5495,35.8254],[65.5901,35.822],[65.6052,35.7983],[65.623,35.6049],[65.6708,35.5462],[66.2898,35.2632],[66.321,35.2186],[66.313,34.9064],[66.3407,34.8351],[66.6598,34.5055],[66.7146,34.4735],[66.7103,34.435],[66.6989,34.4207],[66.6465,34.402],[66.5072,34.402],[66.4461,34.3757],[66.381,34.3025],[66.313,34.2781],[65.7942,34.3368],[65.7249,34.3197],[65.435,34.1104],[65.3895,34.0567],[65.2694,33.8019],[65.2178,33.7418],[65.1056,33.6608],[65.0692,33.61],[65.0562,33.5538],[65.0623,33.538],[65.102,33.5333],[65.1113,33.4886],[65.0127,33.2852],[64.9519,33.2447],[64.8728,33.242],[64.8295,33.2141],[64.7169,32.9605],[64.6573,32.9078],[64.4116,32.811],[64.3925,32.7786],[64.4143,32.7137],[64.3878,32.6518],[63.9133,32.3091],[63.8265,32.282],[63.6874,32.282],[63.6282,32.2552],[63.4672,32.0528],[63.4089,32.04],[63.3328,32.0735],[63.2888,32.0631],[62.9266,31.5507],[62.8627,31.4991],[62.7777,31.4613],[62.7204,31.4166],[62.1558,30.6486],[62.1023,30.5903],[61.7226,30.2537],[61.6751,30.1974],[61.4028,29.75],[61.349,29.6913],[61.074,29.481],[61.0237,29.4272],[60.2756,28.2719],[60.223,28.2124],[59.44,27.5505],[59.3696,27.5061],[59.0393,27.353],[59.005,27.3106],[59.0004,27.2511],[58.9892,27.2358],[58.937,27.2214],[58.8727,27.2536],[58.8269,27.2435],[58.7776,27.1794],[58.7105,27.1439],[58.6307,27.142],[58.568,27.119],[58.4748,27.0432],[58.4416,26.9881],[58.4234,26.8728],[58.4138,26.8596],[58.3579,26.8385],[58.2922,26.8666],[58.2321,26.8603],[57.8158,26.5885],[57.7683,26.5365],[57.514,26.0278],[57.505,25.965],[57.5408,25.7789],[57.5061,25.7283],[57.4175,25.722],[57.3453,25.7512],[57.1918,25.904],[57.1571,25.9731],[57.0378,26.7986],[57.0069,26.8559],[56.729,27.1174],[56.6633,27.142],[56.2376,27.142],[56.1805,27.1147],[56.1435,27.0613],[56.1528,27.048],[56.2877,27.0441],[56.3287,27.0116],[56.3354,26.9961],[56.3279,26.9232],[56.2889,26.8614],[56.1029,26.72],[56.026,26.6835],[55.336,26.5128],[55.2837,26.5409],[55.2759,26.5577],[55.2884,26.6761],[55.3386,26.7333],[55.4,26.752],[55.2869,26.752],[55.2223,26.7269],[55.0304,26.535],[54.952,26.493]]]},"properties":{"id":"territory:Parthian Empire:-164","name":"파르티아 제국","name_en":"Parthian Empire","actor":"기타중립","valid_from":-164,"valid_to":-144,"span_from":-239,"span_to":237,"color":"#8160A9","wikidata":"Q1986139","area":1850941,"src":"cliopatria","confidence":"medium","finish":"chaikin1cap4km+grow2km+islands+s600m","islands":0}},{"type":"Feature","geometry":{"type":"Point","coordinates":[56.592,34.078]},"properties":{"id":"territory:Parthian Empire:-164:label","name":"파르티아 제국","name_en":"Parthian Empire","actor":"기타중립","valid_from":-164,"valid_to":-144,"span_from":-239,"span_to":237,"color":"#8160A9","wikidata":"Q1986139","area":1850941,"src":"cliopatria","confidence":"medium"}},{"type":"Feature","geometry":{"type":"Polygon","coordinates":[[[89.9673,24.7437],[89.9588,24.3024],[89.9875,24.2685],[90.1958,24.2254],[90.269,24.1864],[90.4106,24.0425],[90.4319,23.9836],[90.4236,23.9152],[90.445,23.8703],[90.6495,23.7264],[90.6844,23.6622],[90.6596,23.0751],[90.6389,22.9993],[90.5777,22.8831],[90.5874,22.868],[90.6623,22.8651],[90.7139,22.8316],[90.801,22.6337],[90.8452,22.5902],[90.9121,22.5615],[90.95,22.5035],[90.8785,22.0332],[90.8273,21.9829],[90.6718,21.9423],[90.6246,21.9678],[90.6172,21.9852],[90.6258,22.041],[90.604,22.062],[90.4732,22.062],[90.4233,22.0353],[90.2647,21.7816],[90.2524,21.7734],[90.1892,21.7684],[89.9269,21.9671],[89.9105,21.9611],[89.8893,21.8439],[89.8404,21.7897],[89.7522,21.7566],[89.6713,21.742],[89.1647,21.742],[89.1316,21.7175],[89.1157,21.6481],[89.0613,21.612],[88.7687,21.612],[88.7171,21.6526],[88.7112,21.6655],[88.7029,22.0391],[88.6896,22.062],[88.6679,22.062],[88.6444,22.0364],[88.5385,21.7186],[88.4857,21.6756],[88.4114,21.672],[88.3817,21.6479],[88.3728,21.5898],[88.363,21.5764],[88.3214,21.5556],[88.1612,21.6012],[88.1205,21.6557],[88.1559,21.9123],[88.1479,21.932],[88.1246,21.932],[88.0834,21.9097],[87.7995,21.6425],[87.7316,21.6041],[87.1143,21.4336],[87.0568,21.3985],[86.9308,21.2585],[86.914,21.2032],[86.9815,20.7726],[86.9992,20.748],[87.03,20.748],[87.0463,20.7375],[87.0613,20.705],[87.0493,20.6216],[87.0051,20.5661],[86.8373,20.4752],[86.8182,20.4335],[86.8475,20.3082],[86.8181,20.2443],[86.4845,20.0275],[86.4521,19.9807],[86.4387,19.9109],[86.3984,19.8636],[86.1522,19.7582],[86.0774,19.7354],[85.5413,19.6298],[85.4923,19.6619],[85.4859,19.6776],[85.4975,19.7879],[85.4747,19.812],[85.4155,19.812],[85.3945,19.7887],[85.4223,19.6083],[85.3937,19.5318],[84.7909,19.002],[84.7447,18.9483],[84.4149,18.4313],[84.3632,18.3751],[84.0884,18.1668],[84.0195,18.1306],[83.7157,18.0266],[83.6709,17.9859],[83.5907,17.7964],[83.5446,17.7359],[83.1889,17.4578],[83.1227,17.4178],[82.4953,17.131],[82.4525,17.0863],[82.3814,16.9017],[82.3832,16.888],[82.4128,16.8847],[82.4194,16.8762],[82.4334,16.8321],[82.4023,16.5835],[82.3571,16.5149],[82.1117,16.3645],[82.0371,16.3393],[81.3651,16.2762],[81.3216,16.2448],[81.15,15.8072],[81.0904,15.7689],[80.6491,15.8173],[80.5833,15.8042],[80.4243,15.7144],[80.3801,15.6668],[80.1233,15.1],[80.1282,15.0459],[80.2141,14.9205],[80.2395,14.8449],[80.2564,14.4667],[80.2091,14.401],[79.3021,14.1048],[79.2872,14.1066],[79.2532,14.1271],[79.2446,14.1439],[79.2491,14.2029],[79.2235,14.2435],[78.8058,14.4567],[78.7747,14.5172],[78.9592,15.1032],[78.9411,15.1324],[76.7238,15.6241],[76.6574,15.6633],[76.4419,15.9268],[76.3885,15.952],[76.3175,15.952],[76.2464,15.9792],[76.02,16.1979],[75.9961,16.2677],[76.0575,16.8298],[76.0322,16.8686],[75.7597,16.9698],[75.6936,17.0106],[75.4744,17.2212],[75.4459,17.2856],[75.4492,17.3541],[75.4262,17.402],[75.0881,17.6725],[75.0563,17.7347],[75.0593,17.8045],[75.0378,17.8553],[74.8978,17.9883],[74.8405,18.0057],[74.4726,17.9484],[74.4048,17.9245],[73.9218,17.6436],[73.8453,17.6258],[73.107,17.6888],[73.0474,17.7433],[72.9375,18.5677],[72.9206,18.592],[72.89,18.592],[72.8743,18.6013],[72.852,18.6459],[72.852,19.2688],[72.8235,19.3132],[72.7485,19.354],[72.7182,19.4068],[72.7309,19.5436],[72.7708,19.6063],[73.3565,20.0117],[73.3967,20.0629],[73.6802,20.8312],[73.6962,20.8988],[73.7382,21.2762],[73.7577,21.3479],[74.0186,21.9243],[74.0654,21.9844],[74.3394,22.2009],[74.4076,22.2384],[75.4231,22.5927],[75.4562,22.633],[75.4681,22.7517],[75.4473,22.8049],[75.3753,22.8715],[75.3397,22.9374],[75.3069,23.199],[75.2783,23.2548],[74.7357,23.7703],[74.6766,23.8108],[74.3228,23.9799],[74.2644,24.0302],[74.1785,24.1558],[74.1281,24.182],[74.0467,24.1856],[74.0001,24.2205],[73.9626,24.3477],[73.9273,24.4013],[73.1764,25.004],[73.1234,25.0585],[72.7305,25.5764],[72.6783,25.602],[72.5958,25.6063],[72.554,25.642],[72.4567,26.4101],[72.4342,26.4731],[72.3544,26.5994],[72.3379,26.6718],[72.3664,26.8646],[72.358,26.9285],[72.2181,27.2495],[72.2088,27.3234],[72.2557,27.5779],[72.2896,27.6452],[72.6002,27.9741],[72.6253,28.0138],[72.6293,28.042],[73.3103,28.1644],[73.3963,28.1889],[74.7889,28.7386],[74.8634,28.7795],[75.3151,29.1096],[75.3859,29.1294],[76.3432,29.0747],[76.4207,29.0539],[76.9645,28.7733],[77.0481,28.7469],[77.9141,28.6281],[77.9543,28.6493],[77.999,28.6264],[78.0808,28.5418],[78.0996,28.483],[78.0864,28.4145],[78.1062,28.3725],[78.254,28.2776],[78.2788,28.2252],[78.2671,28.1577],[78.2854,28.138],[78.3636,28.1341],[78.4149,28.0884],[78.5196,27.5822],[78.5534,27.5297],[78.8257,27.3214],[78.8602,27.2552],[78.8755,27.0103],[78.9012,26.9539],[79.6747,26.171],[79.734,26.1392],[79.9531,26.0921],[80.0059,26.0518],[80.04,25.9829],[80.0848,25.9381],[80.4222,25.7735],[80.492,25.7532],[80.9376,25.7014],[81.0115,25.6744],[81.1461,25.5869],[81.2121,25.5652],[82.0223,25.5105],[85.0213,25.508],[85.0996,25.5011],[86.4744,25.2546],[86.5495,25.248],[87.2244,25.2477],[87.3022,25.2335],[87.5779,25.1311],[87.6466,25.126],[88.1885,25.2397],[88.2669,25.2479],[89.2413,25.248],[89.321,25.2223],[89.5178,25.0784],[89.5815,25.058],[89.8013,25.058],[89.8453,25.0387],[89.8534,25.0309],[89.8509,24.9893],[89.8659,24.9469],[89.9456,24.8206],[89.9673,24.7437]]]},"properties":{"id":"territory:Mahameghavahana Dynasty:-170","name":"Mahameghavahana Dynasty","name_en":"Mahameghavahana Dynasty","actor":"기타중립","valid_from":-170,"valid_to":-164,"span_from":-170,"span_to":-165,"color":"#A860A9","wikidata":"Q6733051","area":1655395,"src":"cliopatria","confidence":"medium","finish":"chaikin1cap4km+grow2km+islands+s600m","islands":0}},{"type":"Feature","geometry":{"type":"Point","coordinates":[80.062,22.055]},"properties":{"id":"territory:Mahameghavahana Dynasty:-170:label","name":"Mahameghavahana Dynasty","name_en":"Mahameghavahana Dynasty","actor":"기타중립","valid_from":-170,"valid_to":-164,"span_from":-170,"span_to":-165,"color":"#A860A9","wikidata":"Q6733051","area":1655395,"src":"cliopatria","confidence":"medium"}},{"type":"Feature","geometry":{"type":"Polygon","coordinates":[[[67.5577,33.8974],[67.5801,33.9192],[67.5352,33.9071],[67.4759,33.9253],[67.3963,34.0533],[67.3443,34.075],[67.0237,34.0313],[66.9775,34.0607],[66.9692,34.0744],[66.9554,34.2467],[66.9188,34.2874],[66.7766,34.3363],[66.743,34.3818],[66.7518,34.4479],[66.7398,34.454],[66.5947,34.4027],[66.5398,34.4052],[66.52,34.4565],[66.5333,34.5143],[66.5091,34.5533],[66.1724,34.7056],[66.0928,34.7282],[65.6576,34.7872],[65.5754,34.8165],[65.439,34.9009],[65.3704,34.909],[64.8039,34.7349],[64.7159,34.722],[64.4168,34.722],[64.3451,34.6999],[64.2283,34.6167],[64.1459,34.592],[63.9976,34.5932],[63.9194,34.6251],[63.8482,34.6964],[63.7844,34.717],[63.3182,34.6677],[63.2466,34.6908],[63.1674,34.7672],[63.1015,34.7974],[62.6616,34.8472],[62.5872,34.8838],[62.2035,35.3454],[62.1422,35.372],[61.8441,35.372],[61.7568,35.3875],[61.3263,35.5532],[61.2788,35.6142],[61.2157,36.3086],[61.2021,36.332],[61.1668,36.3356],[61.1492,36.3889],[61.1855,36.5779],[61.2008,36.6],[61.2569,36.6133],[61.4392,36.7045],[61.4596,36.7646],[61.4549,36.7812],[61.0708,37.174],[60.997,37.2066],[60.9212,37.208],[60.9167,37.2173],[60.9726,37.2909],[60.9644,37.3611],[60.7042,37.6212],[60.6875,37.6758],[60.7474,37.9324],[60.7133,37.9976],[60.5798,38.0803],[60.5565,38.1249],[60.5696,38.1931],[60.5496,38.2544],[60.4134,38.4003],[60.3971,38.4558],[60.4393,38.6372],[60.4276,38.7117],[60.3555,38.8428],[60.3464,38.9046],[60.4186,39.2175],[60.4551,39.2742],[60.69,39.4699],[60.7338,39.528],[60.8269,39.54],[62.4535,40.0346],[62.5461,40.0409],[62.8383,39.9948],[62.9228,39.993],[63.9727,40.1127],[64.0506,40.1359],[64.3445,40.2868],[64.4264,40.3164],[65.1893,40.4871],[65.2313,40.5224],[65.245,40.5815],[65.2763,40.6216],[65.3243,40.628],[65.3395,40.6386],[65.3547,40.6772],[65.3797,40.6947],[65.43,40.698],[65.4436,40.6917],[65.4586,40.6742],[65.4564,40.6369],[65.4742,40.628],[65.5466,40.628],[65.6088,40.6527],[65.7589,40.7957],[65.8331,40.8424],[66.5604,41.1297],[66.6042,41.1722],[66.6307,41.2429],[66.6848,41.2754],[66.8439,41.278],[66.9215,41.2958],[67.5044,41.5873],[67.5868,41.619],[68.7301,41.9351],[70.5838,42.2504],[70.6981,42.2591],[70.6996,42.2457],[70.7122,42.2373],[70.7604,42.2306],[71.0007,42.273],[71.0453,42.2542],[71.0713,42.1868],[71.1298,42.1543],[71.2795,42.152],[71.3651,42.1335],[71.8299,41.9138],[71.8945,41.8666],[72.4699,41.2181],[72.5203,41.1849],[72.5648,41.182],[72.6052,41.1563],[72.7278,41.02],[72.7541,40.9599],[72.7602,40.845],[72.7677,40.8313],[72.8286,40.792],[72.9695,40.792],[73.0548,40.7733],[73.2386,40.6848],[73.2841,40.6381],[73.3102,40.5674],[73.3602,40.5349],[73.4447,40.532],[73.4847,40.506],[73.5028,40.4472],[73.5574,40.4052],[73.6376,40.402],[73.6851,40.3738],[73.8958,39.9945],[73.9424,39.9549],[73.9241,39.8618],[73.8915,39.544],[73.8425,39.4844],[73.7402,39.4478],[73.6947,39.4053],[73.6596,39.2942],[73.6729,39.2401],[73.7412,39.1619],[73.7513,39.0889],[73.5191,38.5725],[73.4692,38.511],[72.9756,38.1187],[71.9323,37.0185],[71.908,36.9605],[71.9056,36.767],[71.8664,36.7021],[71.7464,36.62],[71.7092,36.5698],[71.6962,36.5138],[71.7023,36.498],[71.743,36.4924],[71.7465,36.4478],[71.6592,36.3154],[71.6588,36.308],[71.6907,36.3044],[71.7079,36.2502],[71.6581,36.0654],[71.6634,36.048],[71.69,36.048],[71.7054,36.0392],[71.7268,36.0033],[71.7364,35.812],[71.7667,35.7695],[71.8405,35.734],[71.868,35.6865],[71.8564,35.6147],[71.8784,35.57],[72.0119,35.4797],[72.0364,35.4248],[72.0188,35.3524],[72.0338,35.3016],[72.1035,35.2319],[72.1679,35.1903],[72.717,34.9724],[72.7725,34.9204],[72.7953,34.854],[72.8353,34.828],[72.9198,34.8251],[72.9698,34.7926],[72.9956,34.723],[73.0405,34.6863],[73.2419,34.6377],[73.3164,34.5979],[73.4522,34.4632],[73.5174,34.438],[73.8978,34.4334],[73.9344,34.4009],[73.94,34.3835],[73.9265,34.325],[73.9456,34.2888],[74.0035,34.262],[74.0768,34.244],[75.5069,34.1182],[75.5658,34.0688],[75.6983,33.5032],[75.7344,33.4565],[75.8016,33.4187],[75.8467,33.3595],[75.9463,32.986],[75.9857,32.958],[76.06,32.958],[76.1052,32.9202],[76.11,32.9035],[76.0961,32.8432],[76.1008,32.828],[76.1335,32.8242],[76.1489,32.7792],[76.1072,32.5963],[76.1259,32.5448],[76.4395,32.2807],[76.5081,32.2432],[78.4125,31.6211],[78.4921,31.6158],[78.8068,31.6673],[78.8498,31.6391],[78.858,31.6241],[78.858,31.3867],[78.882,31.3739],[79.1336,31.4627],[79.2108,31.4493],[79.4058,31.2507],[79.4333,31.201],[79.4303,31.155],[79.3893,31.101],[77.9852,30.0025],[77.9486,29.9475],[77.8768,29.6362],[77.8829,29.618],[77.9203,29.6147],[77.94,29.5708],[77.9051,29.3754],[77.916,29.3138],[77.9867,29.1915],[78.0058,29.1131],[77.98,28.6748],[77.972,28.6609],[77.9264,28.6309],[77.0481,28.7469],[76.9645,28.7733],[76.4207,29.0539],[76.3432,29.0747],[75.3859,29.1294],[75.3151,29.1096],[74.8634,28.7795],[74.7889,28.7386],[73.3946,28.1884],[73.3103,28.1644],[72.6963,28.0503],[72.5395,28.0348],[70.7533,27.7324],[70.7151,27.7575],[70.7072,27.7752],[70.7165,27.8354],[70.6961,27.887],[70.5599,28.0163],[70.4987,28.0299],[70.1165,27.9242],[70.0493,27.9474],[69.9097,28.2735],[69.861,28.302],[69.5741,28.302],[69.5286,28.3108],[69.5502,28.332],[69.5552,28.362],[69.5502,28.3777],[69.5225,28.398],[69.4875,28.398],[69.455,28.3799],[69.4382,28.3398],[69.2819,28.4068],[69.2078,28.4522],[68.7406,28.8489],[68.6715,28.8825],[67.2985,29.1929],[67.2194,29.227],[67.013,29.3718],[66.9812,29.435],[66.9938,29.5066],[66.9765,29.5581],[66.5815,29.9547],[66.5511,30.0254],[66.523,31.0436],[66.5337,31.0784],[66.5575,31.062],[66.6025,31.0651],[66.632,31.0893],[66.642,31.1193],[66.6377,31.1377],[66.6227,31.1527],[66.5781,31.158],[67.004,31.7027],[67.0628,31.7583],[67.4337,32.022],[67.47,32.022],[67.5035,32.0433],[67.5153,32.09],[67.4886,32.1244],[67.5053,32.2081],[67.5449,32.2755],[67.8559,32.5456],[67.8905,32.6022],[67.9177,32.7248],[67.9628,32.7883],[68.3444,33.0596],[68.3884,33.1134],[68.5174,33.4279],[68.5149,33.442],[68.4793,33.4456],[68.4621,33.4899],[68.4912,33.6113],[68.4671,33.6452],[67.8275,33.8117],[67.7503,33.8565],[67.6872,33.9249],[67.6307,33.9371],[67.6049,33.928],[67.6461,33.9217],[67.6653,33.89],[67.6603,33.855],[67.631,33.8258],[67.58,33.822],[67.5514,33.8458],[67.5477,33.8624],[67.5577,33.8974]]]},"properties":{"id":"territory:Greco-Bactrian Kingdom:-170","name":"그레코박트리아 왕국","name_en":"Greco-Bactrian Kingdom","actor":"그리스계","valid_from":-170,"valid_to":-164,"span_from":-247,"span_to":-127,"wikidata":"Q488880","area":1364109,"src":"cliopatria","confidence":"medium","finish":"chaikin1cap4km+grow2km+islands+s600m","islands":0}},{"type":"Feature","geometry":{"type":"Point","coordinates":[69.565,35.052]},"properties":{"id":"territory:Greco-Bactrian Kingdom:-170:label","name":"그레코박트리아 왕국","name_en":"Greco-Bactrian Kingdom","actor":"그리스계","valid_from":-170,"valid_to":-164,"span_from":-247,"span_to":-127,"wikidata":"Q488880","area":1364109,"src":"cliopatria","confidence":"medium"}},{"type":"Feature","geometry":{"type":"Polygon","coordinates":[[[67.5477,33.8624],[67.5577,33.8974],[67.5801,33.9192],[67.5349,33.907],[67.4759,33.9253],[67.3963,34.0533],[67.3446,34.075],[67.0357,34.0287],[66.9774,34.0607],[66.9692,34.0744],[66.9554,34.2467],[66.9191,34.2873],[66.7763,34.3364],[66.743,34.3819],[66.7538,34.4562],[66.7477,34.472],[66.7108,34.4745],[66.6598,34.5055],[66.3407,34.8351],[66.313,34.9064],[66.321,35.2186],[66.2898,35.2632],[65.6708,35.5462],[65.623,35.6049],[65.6052,35.7983],[65.5901,35.822],[65.5495,35.8254],[65.5311,35.8696],[65.5722,36.0596],[65.552,36.082],[65.4678,36.0868],[65.4353,36.1168],[65.4301,36.1344],[65.4438,36.1893],[65.4396,36.202],[65.4055,36.2066],[65.3958,36.2521],[65.5476,36.6375],[65.5366,36.6896],[65.4039,36.8293],[65.38,36.9065],[65.4211,37.0413],[65.6842,37.5499],[65.676,37.5997],[64.6842,38.6294],[64.6604,38.697],[64.6735,38.7649],[64.652,38.8039],[64.5789,38.8446],[64.5531,38.8972],[64.5821,39.0247],[64.5667,39.0789],[64.3143,39.3394],[64.2927,39.4076],[64.3108,39.4762],[64.291,39.5192],[64.1486,39.6109],[64.1237,39.665],[64.1409,39.7364],[64.1214,39.7801],[63.9945,39.8626],[63.9498,39.9255],[63.9276,40.0617],[63.9434,40.1068],[63.96,40.118],[63.9971,40.118],[64.0501,40.1357],[64.3447,40.2869],[64.4261,40.3163],[65.1896,40.4871],[65.2313,40.5224],[65.245,40.5815],[65.2763,40.6216],[65.3243,40.628],[65.3395,40.6386],[65.3547,40.6772],[65.3797,40.6947],[65.43,40.698],[65.4436,40.6917],[65.4586,40.6742],[65.4564,40.6369],[65.4742,40.628],[65.5466,40.628],[65.6087,40.6526],[65.759,40.7958],[65.8328,40.8423],[66.5606,41.1298],[66.6042,41.1722],[66.6307,41.2429],[66.6845,41.2754],[66.8442,41.278],[66.9213,41.2957],[67.5046,41.5874],[67.585,41.6184],[68.6447,41.9159],[70.5841,42.2504],[70.6981,42.2591],[70.6996,42.2457],[70.7122,42.2373],[70.7604,42.2306],[71.0007,42.273],[71.0453,42.2542],[71.0713,42.1868],[71.1298,42.1543],[71.2795,42.152],[71.3651,42.1335],[71.8299,41.9138],[71.8945,41.8666],[72.4699,41.2181],[72.5203,41.1849],[72.5648,41.182],[72.6052,41.1563],[72.7278,41.02],[72.7541,40.9599],[72.7602,40.845],[72.7677,40.8313],[72.8286,40.792],[72.9695,40.792],[73.0548,40.7733],[73.2386,40.6848],[73.2841,40.6381],[73.3102,40.5674],[73.3602,40.5349],[73.4447,40.532],[73.4847,40.506],[73.5028,40.4472],[73.5574,40.4052],[73.6376,40.402],[73.6851,40.3738],[73.8958,39.9945],[73.9424,39.9549],[73.9241,39.8618],[73.8915,39.544],[73.8428,39.4845],[73.74,39.4477],[73.6947,39.4053],[73.6596,39.2942],[73.6728,39.2401],[73.7412,39.1618],[73.7513,39.0889],[73.5191,38.5725],[73.4693,38.5111],[72.9757,38.1188],[71.9322,37.0184],[71.908,36.9605],[71.9056,36.767],[71.8665,36.7022],[71.7463,36.6199],[71.7092,36.5698],[71.6962,36.5138],[71.7023,36.498],[71.743,36.4924],[71.7465,36.4479],[71.6591,36.3154],[71.6588,36.308],[71.6907,36.3044],[71.7079,36.2502],[71.6581,36.0654],[71.6634,36.048],[71.69,36.048],[71.7054,36.0392],[71.7268,36.0033],[71.7364,35.812],[71.7667,35.7695],[71.8405,35.734],[71.868,35.6865],[71.8564,35.6147],[71.8783,35.5701],[72.0121,35.4796],[72.0364,35.4248],[72.0188,35.3524],[72.0337,35.3017],[72.1036,35.2318],[72.1677,35.1904],[72.7172,34.9723],[72.7725,34.9204],[72.7953,34.854],[72.8353,34.828],[72.9198,34.8251],[72.9698,34.7926],[72.9956,34.723],[73.0402,34.6864],[73.2422,34.6376],[73.3163,34.598],[73.4523,34.4631],[73.5171,34.438],[73.8982,34.4334],[73.9345,34.4009],[73.94,34.3835],[73.9265,34.325],[73.9456,34.2888],[74.0035,34.262],[74.0765,34.244],[75.5073,34.1181],[75.5658,34.0688],[75.6983,33.5032],[75.7344,33.4565],[75.8016,33.4187],[75.8467,33.3595],[75.9463,32.986],[75.9857,32.958],[76.06,32.958],[76.1052,32.9202],[76.11,32.9035],[76.0961,32.8432],[76.1008,32.828],[76.1335,32.8242],[76.1489,32.7792],[76.1072,32.5963],[76.1258,32.5449],[76.4397,32.2806],[76.5078,32.2433],[78.4128,31.6211],[78.4917,31.6157],[78.8072,31.6673],[78.8499,31.6391],[78.858,31.6241],[78.858,31.3866],[78.8817,31.3738],[79.1338,31.4628],[79.2108,31.4494],[79.4059,31.2507],[79.4333,31.201],[79.4265,31.1462],[79.3894,31.1011],[77.985,30.0024],[77.9486,29.9475],[77.8768,29.6362],[77.8829,29.618],[77.9203,29.6147],[77.94,29.5708],[77.9051,29.3753],[77.9159,29.3138],[77.9868,29.1915],[78.0062,29.1186],[77.9793,28.2901],[77.9909,28.268],[78.02,28.268],[78.0353,28.2595],[78.0602,28.2152],[78.0757,27.967],[78.0572,27.8329],[78.0387,26.9356],[77.9993,26.8696],[77.7348,26.7151],[77.6524,26.6873],[77.1955,26.6278],[77.104,26.6394],[76.6924,26.8074],[76.6195,26.8551],[76.481,26.9959],[76.4582,27.0562],[76.4663,27.1242],[76.4416,27.1688],[76.2989,27.2602],[76.2715,27.3144],[76.2838,27.3864],[76.2659,27.4371],[76.1208,27.5802],[76.1147,27.6224],[76.1225,27.6399],[76.1633,27.6671],[76.1829,27.71],[76.1911,28.0796],[76.1627,28.1305],[75.7583,28.4077],[75.7199,28.4748],[75.7044,28.7308],[75.684,28.7947],[75.4978,29.1025],[75.4513,29.1157],[75.0478,28.9593],[74.9847,28.9178],[74.8599,28.786],[74.7872,28.7377],[73.3943,28.1883],[73.3102,28.165],[70.7659,27.7296],[70.715,27.7575],[70.7072,27.7752],[70.7165,27.8354],[70.6961,27.8869],[70.5598,28.0164],[70.499,28.03],[70.1163,27.9242],[70.0493,27.9474],[69.9096,28.2735],[69.8613,28.302],[69.5738,28.302],[69.5286,28.3108],[69.5502,28.332],[69.5552,28.362],[69.5502,28.3777],[69.5225,28.398],[69.4875,28.398],[69.455,28.3799],[69.4382,28.3398],[69.2817,28.4069],[69.208,28.4521],[68.7405,28.8491],[68.6718,28.8832],[67.1507,29.2558],[67.0901,29.3078],[67.0171,29.4975],[66.9782,29.5564],[66.5851,29.9495],[66.5526,30.0185],[66.524,31.0499],[66.5337,31.0784],[66.5575,31.062],[66.5925,31.062],[66.632,31.0893],[66.642,31.1193],[66.6377,31.1377],[66.61,31.158],[66.5781,31.158],[67.0022,31.7008],[67.0623,31.7583],[67.3521,31.9676],[67.3683,32.0123],[67.3457,32.0711],[67.3483,32.0885],[67.3733,32.121],[67.3875,32.128],[67.4575,32.128],[67.5036,32.1558],[67.601,32.3405],[67.6623,32.3927],[67.7511,32.4293],[67.7998,32.4745],[67.9087,32.7234],[67.9593,32.785],[68.3445,33.0597],[68.3884,33.1133],[68.5174,33.4279],[68.5149,33.442],[68.4793,33.4456],[68.4621,33.4899],[68.4913,33.6114],[68.4674,33.6451],[67.8272,33.8118],[67.7504,33.8564],[67.6871,33.925],[67.631,33.9372],[67.6049,33.928],[67.6461,33.9217],[67.6653,33.89],[67.6603,33.855],[67.631,33.8258],[67.58,33.822],[67.5514,33.8458],[67.5477,33.8624]]]},"properties":{"id":"territory:Greco-Bactrian Kingdom:-164","name":"그레코박트리아 왕국","name_en":"Greco-Bactrian Kingdom","actor":"그리스계","valid_from":-164,"valid_to":-144,"span_from":-247,"span_to":-127,"wikidata":"Q488880","area":1194248,"src":"cliopatria","confidence":"medium","finish":"chaikin1cap4km+grow2km+islands+s600m","islands":0}},{"type":"Feature","geometry":{"type":"Point","coordinates":[71.0,34.389]},"properties":{"id":"territory:Greco-Bactrian Kingdom:-164:label","name":"그레코박트리아 왕국","name_en":"Greco-Bactrian Kingdom","actor":"그리스계","valid_from":-164,"valid_to":-144,"span_from":-247,"span_to":-127,"wikidata":"Q488880","area":1194248,"src":"cliopatria","confidence":"medium"}},{"type":"Feature","geometry":{"type":"MultiPolygon","coordinates":[[[[31.6419,36.7364],[31.1286,36.8989],[31.0426,36.912],[30.6714,36.912],[30.628,36.8836],[30.5078,36.3704],[30.444,36.332],[30.08,36.332],[30.0201,36.3042],[29.9695,36.2353],[29.894,36.202],[29.2762,36.205],[29.2143,36.2513],[29.112,36.6946],[29.0674,36.7308],[28.4062,36.8439],[28.3449,36.8245],[28.2229,36.6836],[28.15,36.652],[28.0564,36.6583],[28.0263,36.6934],[28.0226,36.71],[28.1118,37.0261],[28.1056,37.069],[28.0782,37.0964],[28.0216,37.112],[27.646,37.112],[27.5741,37.1611],[27.5329,37.3324],[27.4926,37.3528],[27.2681,37.3107],[27.2291,37.339],[27.2271,37.3618],[27.2693,37.4227],[27.2624,37.4674],[27.179,37.5397],[27.16,37.6093],[27.2242,37.7406],[27.2233,37.752],[27.1886,37.7561],[27.1756,37.8009],[27.2464,37.9926],[27.225,38.0203],[26.9256,38.0679],[26.8629,38.1073],[26.8243,38.1741],[26.7697,38.202],[26.476,38.202],[26.4208,38.242],[26.4142,38.257],[26.4296,38.5104],[26.4189,38.532],[26.39,38.532],[26.3768,38.5378],[26.3721,38.5515],[26.3781,38.5908],[26.4231,38.6508],[26.4396,38.6578],[26.476,38.6536],[26.4906,38.6425],[26.5904,38.3968],[26.6408,38.368],[27.0082,38.368],[27.0465,38.3957],[27.0578,38.5084],[27.0263,38.5454],[26.8891,38.5812],[26.8454,38.6345],[26.8426,38.65],[26.9314,38.9649],[26.9265,38.982],[26.9,38.982],[26.884,38.9919],[26.8658,39.0278],[26.8699,39.1491],[26.8403,39.1933],[26.7614,39.2346],[26.7358,39.2868],[26.8172,39.5399],[26.7982,39.5569],[26.1774,39.4966],[26.1224,39.5314],[26.1152,39.5474],[26.149,39.9357],[26.1749,39.9797],[26.22,39.988],[26.2346,40.0115],[26.2529,40.2643],[26.2981,40.3269],[26.554,40.4742],[26.6137,40.4968],[26.66,40.498],[26.6755,40.4891],[26.693,40.4591],[26.6913,40.3995],[26.7202,40.3818],[27.4229,40.4345],[27.506,40.4105],[27.5994,40.3316],[27.6444,40.308],[27.682,40.308],[27.6938,40.2907],[27.7472,40.272],[28.1228,40.272],[28.1823,40.3075],[28.1904,40.3211],[28.1954,40.3861],[28.1794,40.4218],[28.1852,40.4302],[28.2,40.438],[28.32,40.438],[28.3492,40.4186],[28.3566,40.378],[28.7164,40.3768],[28.7758,40.3538],[28.9203,40.2684],[28.9983,40.248],[29.2992,40.248],[29.3494,40.2768],[29.4196,40.4524],[29.485,40.5012],[29.8922,40.5613],[29.9448,40.5326],[29.9528,40.5148],[29.9435,40.4549],[29.9656,40.4042],[30.0489,40.332],[30.1202,40.3004],[30.4176,40.2547],[30.5018,40.2157],[30.5868,40.1349],[30.6139,40.0749],[30.6112,40.011],[30.642,39.988],[31.2848,39.988],[31.3083,39.9564],[31.3471,39.952],[31.3532,39.9337],[31.2207,39.351],[31.2407,39.2782],[31.3993,39.0818],[31.4187,39.0221],[31.3758,38.5246],[31.3363,38.4901],[31.0261,38.442],[30.9572,38.3945],[30.8925,38.2653],[30.8381,38.2233],[30.2827,38.0573],[30.2166,38.0051],[30.1516,37.8817],[30.1516,37.865],[30.1868,37.8084],[30.4799,37.7082],[30.5495,37.668],[30.7051,37.5266],[30.7292,37.4742],[30.7246,37.4139],[30.7319,37.398],[30.776,37.3655],[31.0088,37.3629],[31.094,37.391],[31.1946,37.4679],[31.2652,37.4826],[31.538,37.4322],[31.538,37.4049],[31.5449,37.398],[31.5757,37.3976],[31.5813,37.3835],[31.6268,37.3484],[31.9188,37.2485],[31.9759,37.2052],[32.205,36.8234],[32.2181,36.8138],[31.8121,36.7635],[31.7595,36.7386],[31.7493,36.722],[31.6419,36.7364]]],[[[7.2614,44.0429],[7.269,44.0877],[7.2241,44.1588],[7.2538,44.2013],[7.2678,44.208],[7.5003,44.208],[7.5849,44.226],[8.0589,44.4461],[8.1071,44.4945],[8.3947,45.2781],[8.4528,45.334],[8.5287,45.3672],[8.562,45.4088],[8.5663,45.4791],[8.6084,45.5287],[8.8546,45.6306],[8.9478,45.648],[10.4822,45.648],[10.5789,45.63],[10.8226,45.534],[10.9095,45.518],[11.4612,45.518],[11.5527,45.5282],[12.029,45.6368],[12.1102,45.6681],[12.3594,45.8116],[12.392,45.8604],[12.3982,45.9385],[12.4382,45.9735],[12.5269,45.978],[12.5942,46.0019],[12.8559,46.2081],[12.9423,46.2371],[13.5922,46.238],[13.6781,46.2107],[13.7761,46.1326],[13.8499,46.1106],[14.9014,46.1655],[14.9596,46.1327],[14.968,46.1175],[14.968,46.0606],[15.0046,46.028],[15.2324,45.9843],[15.2788,45.9581],[15.288,45.9425],[15.288,45.915],[15.3196,45.8836],[15.9674,45.5289],[15.9876,45.4789],[15.9469,45.4384],[15.9412,45.3974],[15.9841,45.2808],[15.9814,45.2635],[15.94,45.222],[15.8668,45.222],[15.837,45.1958],[15.8289,44.8219],[15.8633,44.7777],[16.0947,44.6837],[16.1681,44.636],[16.5021,44.2941],[16.5637,44.268],[16.6474,44.2664],[16.7199,44.232],[16.8944,44.0347],[16.9539,44.008],[17.0386,44.0058],[17.1053,43.9669],[17.1415,43.9082],[17.1884,43.8964],[17.2754,43.9296],[17.3292,43.9127],[17.3404,43.9023],[17.3914,43.7749],[17.4419,43.7284],[17.823,43.5743],[17.9095,43.558],[18.2989,43.5567],[18.3799,43.522],[18.5531,43.3262],[18.6113,43.3136],[18.6968,43.343],[18.7593,43.3455],[18.802,43.3224],[18.8105,43.3427],[18.8305,43.3552],[18.8908,43.3544],[18.918,43.325],[18.918,43.295],[18.8853,43.2631],[19.173,43.0609],[19.2504,43.038],[19.5724,43.0348],[19.6055,43.003],[19.5985,42.9883],[19.56,42.9584],[19.5582,42.9222],[19.5925,42.8664],[19.6519,42.838],[20.1922,42.838],[20.2062,42.8313],[20.2359,42.7888],[20.1932,42.7209],[20.2005,42.708],[20.2788,42.7056],[20.3433,42.666],[20.3749,42.6074],[20.4251,42.5913],[20.5804,42.6348],[20.6352,42.6137],[20.6454,42.5961],[20.6408,42.5365],[20.6683,42.4875],[21.0527,42.2117],[21.1264,42.1971],[22.413,42.4365],[22.4575,42.4094],[22.4661,42.3932],[22.4601,42.2794],[22.486,42.2239],[22.568,42.1528],[22.6333,42.128],[22.7164,42.1268],[22.7877,42.0996],[23.0285,41.8924],[23.1019,41.8592],[23.4119,41.804],[23.4894,41.7613],[23.6546,41.566],[23.7173,41.5473],[24.6703,41.7288],[24.7697,41.7272],[24.9845,41.6787],[25.056,41.6925],[25.1556,41.7686],[25.2478,41.798],[26.2697,41.798],[26.3488,41.82],[26.7889,42.1039],[26.8778,42.128],[27.44,42.128],[27.48,42.0689],[27.5665,41.9939],[27.6536,41.963],[27.8806,41.962],[27.9362,41.9774],[27.9453,41.96],[27.9416,41.9339],[27.9946,41.9205],[28.0233,41.8771],[28.0606,41.6383],[28.0931,41.6243],[28.1829,41.6521],[28.2422,41.6335],[28.3472,41.4358],[28.4033,41.3974],[28.9449,41.2837],[29.0082,41.2304],[29.0457,41.1115],[29.0413,41.0919],[28.9922,41.052],[27.5806,41.052],[27.5049,41.0282],[27.066,40.6925],[27.0183,40.6364],[26.9529,40.5056],[26.9391,40.4958],[26.8916,40.4897],[26.8773,40.4942],[26.6523,40.6958],[26.5854,40.7096],[26.1778,40.6055],[26.1246,40.629],[26.1143,40.6414],[26.0719,40.8252],[26.0265,40.8675],[25.8902,40.909],[25.8004,40.924],[24.4,40.98],[24.3247,40.9581],[24.0469,40.748],[23.9603,40.7328],[23.7482,40.7807],[23.7133,40.7627],[23.7021,40.6508],[23.7314,40.6099],[23.8155,40.574],[23.8462,40.5097],[23.7681,40.2596],[23.7015,40.2245],[23.0012,40.3915],[22.9304,40.4484],[22.8885,40.562],[22.8415,40.5826],[22.6247,40.542],[22.5851,40.5057],[22.5609,40.1431],[22.5872,40.118],[22.66,40.118],[22.6745,40.1105],[22.6992,40.0765],[22.7011,40.0586],[22.6443,39.9325],[22.6576,39.8832],[23.1257,39.4813],[23.1109,39.4335],[23.0979,39.4224],[22.8747,39.3736],[22.8352,39.336],[22.8209,39.1068],[22.8404,39.0973],[22.9205,39.1305],[23.0079,39.1265],[23.4579,38.9058],[23.4679,38.8897],[23.468,38.8525],[23.4572,38.836],[23.3699,38.7995],[23.2814,38.8015],[23.0701,38.893],[23.0267,38.881],[22.9764,38.7748],[22.9962,38.7417],[23.1309,38.7007],[23.2031,38.6535],[23.2985,38.5259],[23.3616,38.498],[23.5752,38.498],[23.6003,38.5211],[23.5525,38.7106],[23.6095,38.7508],[23.99,38.6936],[24.074,38.6578],[24.1585,38.5902],[24.1958,38.513],[24.1801,38.2548],[24.1666,38.2385],[24.1339,38.2303],[24.1175,38.2344],[24.0872,38.2619],[24.0509,38.3122],[24.0181,38.3247],[23.96,38.3776],[23.9154,38.402],[23.8749,38.4015],[23.8623,38.4198],[23.8196,38.4316],[23.3421,38.3682],[23.3026,38.3267],[23.2978,38.3116],[23.3367,38.0629],[23.3595,38.0243],[23.3425,38.012],[23.3138,38.012],[23.2812,37.9858],[23.2303,37.9159],[23.16,37.882],[23.0864,37.882],[23.058,37.8589],[23.058,37.8049],[23.0743,37.7442],[23.1056,37.686],[23.162,37.658],[23.2922,37.658],[23.3565,37.6195],[23.411,37.3589],[23.4051,37.342],[23.3522,37.302],[23.2178,37.302],[23.162,37.3379],[23.1546,37.3539],[23.1591,37.4127],[23.1292,37.4581],[22.9815,37.5416],[22.9,37.562],[22.7637,37.562],[22.7262,37.5347],[22.7196,37.3611],[22.7496,37.3167],[22.8255,37.2799],[22.8794,37.2214],[23.0638,36.6973],[23.0354,36.6805],[23.0169,36.6836],[22.8521,36.827],[22.7792,36.852],[22.6523,36.852],[22.5986,36.823],[22.535,36.6889],[22.4725,36.652],[22.3975,36.652],[22.3306,36.6986],[22.2178,37.013],[22.1674,37.042],[21.9636,37.042],[21.9256,37.0146],[21.9136,36.8923],[21.86,36.852],[21.78,36.852],[21.7224,36.8913],[21.6698,37.147],[21.651,37.172],[21.609,37.1758],[21.5935,37.2205],[21.67,37.4743],[21.6507,37.5233],[21.2573,37.8104],[21.243,37.8819],[21.3857,38.1357],[21.4678,38.178],[21.6764,38.178],[21.7144,38.2054],[21.7197,38.3066],[21.6849,38.3389],[21.2349,38.3962],[21.1594,38.4362],[20.9792,38.695],[20.9175,38.7351],[20.7806,38.7708],[20.7453,38.8236],[20.746,38.8421],[20.8691,39.0302],[20.8561,39.068],[20.3265,39.3467],[20.2682,39.4066],[20.1516,39.663],[20.0977,39.692],[19.9731,39.692],[19.9347,39.6672],[19.9304,39.6111],[19.9197,39.596],[19.8658,39.5783],[19.7908,39.6083],[19.7459,39.6614],[19.742,39.7375],[19.7499,39.7524],[19.7977,39.7849],[19.9464,39.788],[19.9843,39.8154],[19.99,39.9304],[19.9636,39.9856],[19.6526,40.2474],[19.5868,40.272],[19.51,40.272],[19.4599,40.3129],[19.4543,40.327],[19.4692,40.5658],[19.436,40.592],[19.2877,40.5951],[19.2399,40.6276],[19.232,40.6425],[19.2356,40.7182],[19.2749,40.7712],[19.4479,40.8632],[19.4758,40.9094],[19.4277,41.2216],[19.4424,41.2962],[19.482,41.3626],[19.482,41.372],[19.4469,41.3777],[19.4421,41.3912],[19.4473,41.4321],[19.4908,41.502],[19.4588,41.5059],[19.4445,41.5508],[19.509,41.7455],[19.4929,41.7967],[18.8712,42.3283],[18.7994,42.3694],[18.1768,42.5974],[18.1015,42.6498],[18.0025,42.7751],[17.9374,42.811],[17.6382,42.8633],[17.582,42.8428],[17.5373,42.7761],[17.4978,42.7848],[17.4997,42.9067],[17.4729,42.932],[17.3878,42.9368],[17.3434,42.9866],[17.3502,43.1638],[17.3218,43.1799],[17.1697,43.1435],[17.1033,43.1688],[17.0932,43.1805],[17.0443,43.3619],[17.0021,43.3811],[16.8294,43.3434],[16.8925,43.312],[16.846,43.2735],[16.6285,43.2635],[16.5005,43.284],[16.422,43.3175],[16.494,43.3825],[16.7145,43.3717],[16.712,43.4982],[16.6811,43.5402],[16.6134,43.5673],[16.535,43.5727],[15.9797,43.4616],[15.9643,43.4658],[15.9322,43.4999],[15.9718,43.5721],[15.9689,43.6249],[15.8717,43.7545],[15.8158,43.782],[15.7314,43.7842],[15.6647,43.8231],[15.6282,43.8823],[15.575,43.8987],[15.4196,43.8552],[15.4032,43.8589],[15.3743,43.8895],[15.4171,43.9596],[15.4029,43.9879],[15.2595,44.0298],[15.2002,44.0823],[15.1407,44.3475],[15.1037,44.4038],[14.9318,44.5399],[14.895,44.6077],[14.9009,44.9276],[14.8658,44.9687],[14.5583,45.0687],[14.5155,45.125],[14.5132,45.1402],[14.5692,45.3294],[14.5451,45.352],[14.2537,45.352],[14.2166,45.3248],[14.209,45.0754],[14.2017,45.0614],[14.1422,45.022],[14.0031,45.022],[13.9647,44.9972],[13.9604,44.9411],[13.9109,44.8957],[13.82,44.892],[13.7549,44.9418],[13.701,45.1956],[13.6576,45.2394],[13.5685,45.2738],[13.5239,45.3368],[13.5365,45.4777],[13.5783,45.5136],[13.6631,45.518],[13.692,45.5439],[13.692,45.7158],[13.6552,45.7477],[13.1905,45.7966],[13.1395,45.7724],[13.091,45.6573],[13.0211,45.6246],[12.8648,45.6603],[12.794,45.6475],[12.6944,45.5714],[12.6093,45.5375],[12.2149,45.4886],[12.178,45.456],[12.178,45.2115],[12.2112,45.1627],[12.3698,45.0768],[12.418,45.0041],[12.418,44.8159],[12.4086,44.8001],[12.3503,44.7739],[12.2077,44.8096],[12.1768,44.7931],[12.169,44.4882],[12.1867,44.4247],[12.3042,44.2337],[12.3568,44.1793],[12.8415,43.8417],[12.9105,43.8333],[12.9915,43.8619],[13.0447,43.844],[13.0554,43.8261],[13.0511,43.7697],[13.0849,43.7383],[13.3167,43.6961],[13.3993,43.6596],[13.6496,43.4505],[13.696,43.3789],[13.7579,43.1237],[13.8003,43.0732],[13.9598,42.9868],[13.9906,42.923],[13.9342,42.7903],[13.9377,42.733],[14.0544,42.5433],[14.1045,42.4861],[14.3473,42.2825],[14.4132,42.258],[14.4986,42.2558],[14.5653,42.2169],[14.6017,42.1578],[14.6493,42.1439],[14.7237,42.1718],[14.7772,42.154],[14.788,42.1375],[14.788,42.0787],[14.8186,42.0399],[14.8864,42.0128],[14.9639,42.009],[15.1303,42.0461],[15.1933,42.0245],[15.2356,41.956],[15.292,41.928],[16.0827,41.9246],[16.128,41.8921],[16.1354,41.8761],[16.1246,41.7993],[16.069,41.7512],[15.9256,41.7154],[15.8969,41.6799],[15.9489,41.4347],[15.9935,41.3922],[17.1611,41.0308],[17.2435,40.987],[17.4881,40.7818],[17.5614,40.7444],[17.9438,40.6381],[18.0217,40.5943],[18.4234,40.2013],[18.4453,40.1299],[18.3711,39.9192],[18.3022,39.882],[18.1502,39.8837],[18.0739,39.9225],[17.8188,40.3136],[17.7582,40.342],[17.4589,40.3444],[17.3983,40.379],[17.3482,40.503],[17.2974,40.532],[17.0796,40.532],[16.9954,40.5153],[16.9224,40.4833],[16.9139,40.4695],[16.9479,40.4342],[16.9459,40.3873],[16.8895,40.3055],[16.8122,40.272],[16.6754,40.272],[16.6556,40.2517],[16.7021,40.1412],[16.6777,40.0717],[16.5111,39.9772],[16.4767,39.9282],[16.4693,39.6826],[16.5047,39.6435],[16.8834,39.5384],[16.9631,39.4964],[17.0504,39.4207],[17.0953,39.3484],[17.1473,39.0856],[17.1047,39.0263],[16.5531,38.8022],[16.5169,38.7575],[16.5089,38.4555],[16.4736,38.3851],[15.9679,37.9695],[15.8822,37.942],[15.7478,37.942],[15.6775,37.9787],[15.6194,38.113],[15.5675,38.142],[15.4419,38.142],[15.3825,38.1135],[15.1066,37.6652],[15.087,37.6012],[15.079,37.2915],[15.109,37.2497],[15.1885,37.2131],[15.2146,37.1493],[15.0793,36.7687],[15.0112,36.7244],[14.7078,36.722],[14.6254,36.7522],[14.2975,37.0863],[14.2278,37.1207],[13.6193,37.2256],[13.5366,37.2631],[13.212,37.5378],[13.1382,37.5714],[12.5331,37.6837],[12.472,37.7459],[12.4732,37.8705],[12.5018,37.9419],[12.619,38.0768],[12.6996,38.1006],[12.9912,38.0557],[13.0479,38.0771],[13.0922,38.1437],[13.1678,38.178],[13.3022,38.178],[13.3915,38.1544],[13.6405,37.9996],[13.7202,37.978],[14.0114,37.978],[14.104,37.9863],[15.8059,38.2983],[15.8523,38.3355],[15.9301,38.6484],[15.9921,38.6976],[16.2151,38.7464],[16.252,38.7834],[16.252,38.8899],[16.2242,38.9459],[16.1396,39.0193],[16.092,39.0897],[15.8948,39.7261],[15.8502,39.7775],[15.6912,39.8727],[15.6747,39.9419],[15.7078,39.9958],[15.6939,40.012],[15.4778,40.012],[15.3929,40.0402],[15.2219,40.1872],[15.1567,40.212],[15.0699,40.2151],[15.0183,40.25],[14.8867,40.6331],[14.8373,40.662],[14.457,40.6656],[14.4092,40.7016],[14.402,40.7159],[14.402,40.8251],[14.3662,40.852],[14.1478,40.852],[14.073,40.8869],[13.9559,41.0838],[13.9053,41.112],[13.8214,41.1142],[13.7614,41.1467],[13.7172,41.2141],[13.6572,41.2472],[13.0456,41.3074],[12.9543,41.3389],[12.1558,41.8712],[12.1148,41.9329],[12.112,41.9997],[12.0755,42.0335],[11.8521,42.0824],[11.7802,42.1275],[11.6586,42.3217],[11.6116,42.3336],[11.5255,42.3001],[11.468,42.3151],[11.4241,42.3844],[11.3753,42.412],[11.2903,42.4149],[11.2366,42.4493],[11.1792,42.5836],[11.1347,42.612],[11.048,42.6166],[11.008,42.6526],[11.002,42.7785],[10.9688,42.8273],[10.5702,43.0432],[10.5163,43.1033],[10.3632,43.6287],[10.334,43.6942],[10.1383,44.0122],[10.0853,44.0283],[9.9396,43.9858],[9.9234,43.9889],[9.8923,44.0194],[9.9278,44.0858],[9.9139,44.102],[9.7778,44.102],[9.6831,44.1264],[9.191,44.4113],[9.1099,44.432],[8.6403,44.432],[8.5613,44.4099],[8.2375,44.1995],[8.1841,44.1462],[8.0654,43.9532],[7.9941,43.9046],[7.2024,43.7235],[7.1361,43.6856],[7.0293,43.5588],[6.9529,43.5143],[6.723,43.4632],[6.6644,43.4244],[6.5546,43.234],[6.474,43.1881],[5.849,43.1361],[5.7618,43.1583],[5.6541,43.239],[5.6059,43.262],[5.57,43.262],[5.5468,43.2765],[5.5481,43.322],[5.4058,43.5826],[5.3305,43.618],[5.1095,43.618],[5.0501,43.5825],[5.042,43.5675],[5.04,43.452],[4.2278,43.452],[4.1678,43.4874],[4.1596,43.5011],[4.1553,43.5572],[4.1169,43.582],[3.8999,43.582],[3.8169,43.5626],[3.0318,43.1565],[3.0001,43.1091],[3.026,42.6001],[3.052,42.54],[3.1667,42.4118],[3.1932,42.3319],[3.1425,41.9434],[3.0967,41.8774],[2.6168,41.5965],[2.5222,41.572],[2.3814,41.572],[2.3152,41.5447],[2.1494,41.3487],[2.0713,41.307],[1.2908,41.1894],[1.2063,41.1638],[0.7523,40.9452],[0.7196,40.8987],[0.7266,40.7166],[0.6869,40.6487],[0.2999,40.4276],[0.2568,40.3763],[0.2024,40.1827],[0.1452,40.1259],[-0.0791,40.0319],[-0.1387,39.9856],[-0.3116,39.7342],[-0.3294,39.6722],[-0.2948,39.1707],[-0.2657,39.1127],[0.0827,38.7812],[0.0881,38.7654],[0.0716,38.7023],[-0.6113,38.2979],[-0.6634,38.2459],[-0.7647,38.0577],[-0.7727,37.9958],[-0.6916,37.6797],[-0.6953,37.6637],[-0.7327,37.6197],[-1.6524,37.4426],[-1.6666,37.4188],[-1.6273,37.3621],[-1.6281,37.3406],[-1.6678,37.302],[-1.8075,37.302],[-1.8588,37.273],[-2.03,36.8281],[-2.0994,36.7906],[-2.4821,36.8447],[-2.5527,36.8265],[-2.6369,36.7536],[-2.7278,36.722],[-4.4192,36.722],[-4.4923,36.697],[-4.6469,36.5635],[-4.7301,36.5273],[-5.1759,36.4689],[-5.2221,36.4342],[-5.2643,36.2514],[-5.3158,36.188],[-5.6231,36.0325],[-5.7001,36.0478],[-5.8139,36.1751],[-5.8813,36.202],[-6.02,36.2038],[-6.0951,36.2435],[-6.3274,36.6317],[-6.3507,36.7045],[-6.3647,36.8863],[-6.4042,36.9271],[-6.5505,36.9698],[-6.6276,37.0131],[-6.8212,37.2058],[-6.8911,37.232],[-7.4165,37.232],[-7.4454,37.2118],[-7.4399,37.1503],[-7.4794,37.0928],[-7.633,37.006],[-7.7278,36.982],[-8.0264,36.9825],[-8.1173,37.0052],[-8.2777,37.0921],[-8.36,37.112],[-8.6504,37.112],[-8.736,37.0948],[-8.9514,37.0015],[-8.9666,37.0019],[-9.0099,37.0275],[-8.9238,37.5474],[-8.8945,37.5906],[-8.8506,37.598],[-8.838,37.6206],[-8.838,38.434],[-8.8706,38.454],[-9.1604,38.4094],[-9.2218,38.4403],[-9.2308,38.4544],[-9.2442,38.6228],[-9.2685,38.6353],[-9.3358,38.6083],[-9.4162,38.6179],[-9.5274,38.7001],[-9.5716,38.7739],[-9.5841,38.8923],[-9.5565,38.9648],[-9.4745,39.0432],[-9.4438,39.1011],[-9.4062,39.427],[-9.3494,39.4792],[-9.2139,39.5145],[-9.168,39.555],[-9.1227,39.7451],[-9.097,39.7805],[-9.0572,39.788],[-9.041,39.8124],[-8.9538,40.3274],[-8.9245,40.3706],[-8.8813,40.378],[-8.8712,40.3993],[-8.8837,40.5812],[-8.8521,40.6511],[-8.7754,40.7224],[-8.7547,40.7774],[-8.9215,41.7413],[-8.9133,41.7596],[-8.8741,41.7839],[-8.7129,41.7492],[-8.6252,41.747],[-8.4132,41.788],[-8.3561,41.8251],[-8.3155,41.8936],[-8.2422,41.928],[-7.3022,41.928],[-7.2487,41.9556],[-7.2125,42.0238],[-7.141,42.054],[-6.5077,42.0019],[-6.4193,42.0113],[-5.8895,42.1736],[-5.7945,42.1856],[-3.1601,42.0604],[-3.0876,42.0832],[-3.0031,42.1564],[-2.9192,42.199],[-2.2334,42.3748],[-2.1824,42.4156],[-2.1396,42.5316],[-2.129,42.5422],[-2.0637,42.5618],[-1.987,42.533],[-1.9116,42.5349],[-1.5332,42.6879],[-1.501,42.7282],[-1.5054,42.7861],[-1.4993,42.8011],[-1.4618,42.8336],[-1.3747,42.838],[-1.3259,42.8656],[-1.2855,42.9336],[-1.2202,42.9661],[-0.9878,42.968],[-0.9537,42.9581],[-0.958,43.0025],[-0.9518,43.016],[-0.92,43.038],[-0.8682,43.0335],[-0.842,43.0025],[-0.8482,42.954],[-0.8867,42.932],[-0.7144,42.8011],[-0.6384,42.7678],[0.2475,42.587],[0.3344,42.5486],[0.434,42.4725],[0.5055,42.4587],[0.7296,42.5068],[0.7975,42.4852],[0.8503,42.4156],[0.9128,42.3815],[1.3783,42.323],[1.4672,42.2945],[1.9685,42.0179],[2.0509,41.9931],[2.6693,41.933],[2.7206,41.9575],[2.8264,42.2068],[2.8119,42.2559],[2.7156,42.3373],[2.6926,42.3989],[2.7418,42.5945],[2.7366,42.612],[2.6947,42.6207],[2.6702,42.665],[2.6539,42.9832],[2.674,43.0281],[2.69,43.038],[2.7189,43.038],[2.7299,43.0597],[2.7257,43.1819],[2.7604,43.2505],[3.0065,43.457],[3.0837,43.4868],[3.1668,43.488],[3.2329,43.5125],[3.4108,43.6598],[3.494,43.6952],[4.6004,43.8703],[4.6969,43.8719],[6.6212,43.6244],[6.6873,43.6452],[6.8755,43.8469],[6.9428,43.8765],[7.0268,43.878],[7.0929,43.9025],[7.2614,44.0429]]],[[[28.0375,36.498],[28.21,36.498],[28.2548,36.4567],[28.2588,36.4405],[28.1661,36.061],[28.1042,35.9995],[27.7735,35.8973],[27.7276,35.9196],[27.7176,35.9335],[27.6789,36.263],[27.7173,36.3265],[27.9748,36.4747],[28.0375,36.498]]],[[[26.8987,36.6723],[26.8795,36.6879],[26.8758,36.7117],[27.0041,36.908],[27.06,36.948],[27.1118,36.9436],[27.1533,36.906],[27.1883,36.841],[27.1888,36.825],[27.1663,36.7762],[26.9168,36.6696],[26.8987,36.6723]]],[[[26.3254,37.6761],[26.3204,37.6111],[26.2685,37.5569],[26.0376,37.5023],[25.9936,37.5301],[25.9888,37.5512],[26.0484,37.6835],[26.0876,37.723],[26.2847,37.7232],[26.3254,37.6761]]],[[[26.0365,38.666],[26.1901,38.5859],[26.2261,38.5231],[26.1372,38.1902],[26.0641,38.142],[25.9259,38.142],[25.8708,38.182],[25.8643,38.197],[25.8795,38.4404],[25.8688,38.462],[25.8281,38.4666],[25.8197,38.5214],[25.8818,38.6494],[25.9177,38.6831],[25.9758,38.687],[26.0365,38.666]]],[[[25.3216,37.0182],[25.3146,37.0339],[25.3196,37.0989],[25.3452,37.1402],[25.36,37.148],[25.5325,37.148],[25.5797,37.1107],[25.5854,37.0961],[25.5804,37.0311],[25.5251,36.9852],[25.3641,36.9857],[25.3216,37.0182]]],[[[25.4625,39.8614],[25.4031,39.822],[25.0169,39.822],[25.0034,39.8281],[24.9697,39.8712],[25.0366,40.005],[25.09,40.048],[25.4243,40.044],[25.4693,40.0081],[25.4761,39.9932],[25.4698,39.875],[25.4625,39.8614]]],[[[25.2491,37.6813],[25.2948,37.5506],[25.2908,37.5322],[25.2446,37.492],[25.0858,37.4948],[25.0223,37.5398],[24.9833,37.6699],[24.9899,37.7135],[25.0075,37.728],[25.1899,37.725],[25.2491,37.6813]]],[[[25.0436,37.7534],[25.031,37.7417],[24.8778,37.7034],[24.7876,37.723],[24.6989,37.7999],[24.6656,37.8684],[24.6728,38.0035],[24.6947,38.0394],[24.71,38.048],[24.7583,38.0459],[24.809,38.0193],[25.0567,37.8013],[25.0436,37.7534]]],[[[24.6798,38.775],[24.6691,38.7594],[24.6125,38.741],[24.3864,38.8412],[24.342,38.9025],[24.342,38.9675],[24.3647,39.0094],[24.38,39.018],[24.4867,39.0045],[24.6322,38.9603],[24.6861,38.8932],[24.6798,38.775]]],[[[24.3169,37.5109],[24.2479,37.5251],[24.2017,37.599],[24.2082,37.671],[24.2482,37.706],[24.2928,37.7265],[24.3518,37.7236],[24.3933,37.686],[24.4283,37.621],[24.4289,37.6052],[24.3975,37.5462],[24.3169,37.5109]]],[[[23.497,37.32],[23.4635,37.3575],[23.587,37.371],[23.497,37.32]]],[[[23.5725,38.7401],[23.54,38.722],[23.4883,38.7264],[23.4648,38.758],[23.4775,38.7999],[23.51,38.818],[23.5617,38.8136],[23.5852,38.782],[23.5725,38.7401]]],[[[23.4255,37.768],[23.546,37.7745],[23.5255,37.6925],[23.4575,37.6925],[23.4255,37.768]]],[[[23.1298,36.195],[23.0764,36.1458],[22.9146,36.142],[22.8611,36.1822],[22.8548,36.1972],[22.8693,36.3855],[22.8919,36.4288],[22.9075,36.438],[22.9477,36.4372],[23.088,36.3836],[23.1328,36.3244],[23.1298,36.195]]],[[[20.5939,37.7468],[20.6002,37.865],[20.6247,37.9094],[20.64,37.918],[20.8845,37.918],[20.94,37.878],[20.9466,37.8634],[20.9393,37.6752],[20.9304,37.6604],[20.8723,37.6323],[20.6498,37.6826],[20.5939,37.7468]]],[[[20.8097,38.125],[20.8013,38.1107],[20.7424,38.0789],[20.3623,38.1355],[20.3093,38.1831],[20.3039,38.1968],[20.3102,38.315],[20.3559,38.3786],[20.4428,38.419],[20.51,38.438],[20.5562,38.4369],[20.6133,38.4159],[20.7717,38.3266],[20.8161,38.2532],[20.8097,38.125]]],[[[20.0792,39.6544],[20.13,39.658],[20.1608,39.6394],[20.168,39.595],[20.1408,39.5656],[20.09,39.562],[20.0592,39.5806],[20.052,39.625],[20.0792,39.6544]]],[[[15.1001,44.0685],[15.1472,44.0256],[15.1594,43.9989],[15.0776,44.0531],[15.0707,44.0758],[15.1001,44.0685]]],[[[14.8929,44.4418],[14.8884,44.4562],[14.9626,44.4044],[14.8929,44.4418]]],[[[14.588,35.8059],[14.5788,35.7903],[14.5372,35.767],[14.3763,35.8102],[14.322,35.8759],[14.322,35.9941],[14.3443,36.0387],[14.36,36.048],[14.4045,36.0474],[14.5392,36.0017],[14.5845,35.9447],[14.588,35.8059]]],[[[14.4479,44.5145],[14.3034,44.5506],[14.2481,44.6034],[14.2511,44.9345],[14.2745,44.979],[14.29,44.988],[14.3344,44.9874],[14.4763,44.9418],[14.5233,44.885],[14.5189,44.5555],[14.5089,44.5398],[14.4479,44.5145]]],[[[14.2194,40.5605],[14.2621,40.554],[14.2083,40.538],[14.196,40.5412],[14.1986,40.5585],[14.2194,40.5605]]],[[[14.0177,40.7703],[14.0353,40.7598],[14.0135,40.7475],[14.0171,40.7373],[14.001,40.744],[14.0177,40.7703]]],[[[13.966,40.735],[13.9445,40.7015],[13.849,40.7155],[13.863,40.7625],[13.966,40.735]]],[[[13.7473,44.8876],[13.7501,44.9132],[13.7354,44.9239],[13.7783,44.9108],[13.7777,44.9025],[13.7588,44.9007],[13.7473,44.8876]]],[[[13.05,40.9669],[13.0536,40.9744],[13.0622,40.9755],[13.061,40.9652],[13.05,40.9669]]],[[[12.9918,40.9332],[12.9686,40.9195],[12.9609,40.9032],[12.9665,40.8931],[12.952,40.8815],[12.9421,40.8998],[12.9485,40.9179],[12.9765,40.9354],[12.9918,40.9332]]],[[[12.8604,40.9483],[12.8617,40.9307],[12.8504,40.926],[12.8531,40.948],[12.8604,40.9483]]],[[[11.1105,42.2612],[11.1125,42.2529],[11.1024,42.2543],[11.1065,42.2378],[11.0913,42.2518],[11.1105,42.2612]]],[[[10.2605,36.8379],[10.2833,36.8047],[10.4192,36.7692],[10.4936,36.7758],[10.9639,36.9981],[11.0175,36.9804],[11.028,36.9641],[11.028,36.8359],[10.9864,36.7619],[10.5089,36.432],[10.5009,36.4081],[10.5374,36.372],[10.5514,36.3113],[10.4852,35.9389],[10.5108,35.8952],[10.8243,35.7416],[10.8624,35.7055],[10.868,35.6671],[10.8998,35.6456],[11.0422,35.6084],[11.0933,35.5561],[11.0962,35.4181],[11.0787,35.3821],[11.0625,35.372],[11.0407,35.372],[11.0348,35.3533],[11.0913,35.0387],[11.0878,35.0246],[11.0422,34.9716],[10.9017,34.9349],[10.868,34.9002],[10.8653,34.8331],[10.8259,34.7721],[10.1242,34.2982],[10.067,34.2735],[10.02,34.272],[9.9814,34.3295],[9.4336,34.7964],[9.3938,34.8528],[9.2569,35.2359],[9.211,35.2994],[8.9659,35.5049],[8.9486,35.5555],[8.9961,35.7434],[8.9684,35.7959],[8.8894,35.8368],[8.858,35.8816],[8.858,35.9941],[8.832,36.0659],[8.7206,36.1997],[8.698,36.2592],[8.698,36.3788],[8.7286,36.4269],[8.8829,36.5141],[8.9142,36.5774],[8.7792,36.9715],[8.7522,37.0026],[8.77,37.018],[8.8033,37.018],[8.8332,37.0439],[8.8778,37.1148],[8.9344,37.1302],[9.0241,37.0953],[9.0899,37.0994],[9.3252,37.2436],[9.4071,37.2746],[9.7134,37.3299],[9.8053,37.315],[9.9593,37.228],[10.0314,37.2189],[10.1967,37.2548],[10.2392,37.2295],[10.248,37.2141],[10.248,37.1006],[10.2606,37.078],[10.301,37.0742],[10.3166,37.0297],[10.2605,36.8379]]],[[[10.4706,42.8686],[10.478,42.8541],[10.478,42.7259],[10.4706,42.7114],[10.411,42.672],[10.259,42.672],[10.1795,42.7178],[10.1271,42.8488],[10.1385,42.9038],[10.4216,42.9045],[10.4706,42.8686]]],[[[9.693,40.2501],[9.7634,39.678],[9.7465,39.6328],[9.73,39.622],[9.6992,39.622],[9.6815,39.5973],[9.6133,39.1629],[9.6045,39.1501],[9.5414,39.1181],[9.169,39.1656],[9.1176,39.1425],[9.0021,38.8962],[8.9231,38.852],[8.7769,38.852],[8.6842,38.8666],[8.3681,38.9756],[8.3321,39.0399],[8.3818,39.2246],[8.3766,39.242],[8.35,39.242],[8.3343,39.2513],[8.3143,39.2872],[8.312,39.4741],[8.3343,39.5187],[8.35,39.528],[8.381,39.528],[8.3994,39.5529],[8.4547,39.8607],[8.4278,39.9032],[8.3445,39.9434],[8.3134,39.9962],[8.3725,40.2541],[8.3668,40.272],[8.34,40.272],[8.3243,40.2813],[8.3043,40.3172],[8.302,40.4381],[8.2685,40.4829],[8.1857,40.5216],[8.1411,40.5855],[8.133,40.9036],[8.1414,40.9193],[8.1988,40.9497],[8.5037,40.8963],[8.5736,40.9129],[8.9767,41.2474],[9.04,41.278],[9.1487,41.2709],[9.4628,41.2225],[9.5368,41.1785],[9.8127,40.782],[9.8371,40.7096],[9.838,40.3959],[9.7972,40.3322],[9.7199,40.2935],[9.693,40.2501]]],[[[8.552,42.5403],[8.7298,42.6803],[8.8141,42.716],[9.1155,42.7687],[9.1653,42.8059],[9.222,42.9902],[9.2565,43.0319],[9.27,43.038],[9.45,43.038],[9.502,42.9974],[9.508,42.9841],[9.508,42.8006],[9.5206,42.778],[9.55,42.778],[9.5656,42.7689],[9.5884,42.7243],[9.5975,42.0162],[9.5758,41.9714],[9.56,41.962],[9.5306,41.962],[9.518,41.9394],[9.518,41.8159],[9.4952,41.7379],[9.2954,41.4133],[9.2312,41.3609],[9.1463,41.3282],[9.0604,41.3346],[8.8087,41.4821],[8.762,41.5559],[8.762,41.6761],[8.7331,41.702],[8.66,41.702],[8.62,41.7436],[8.6179,41.7613],[8.667,41.878],[8.6583,41.9334],[8.5507,42.0679],[8.5223,42.1395],[8.513,42.4636],[8.552,42.5403]]],[[[7.049,43.5241],[7.0731,43.5158],[7.0324,43.5225],[7.049,43.5241]]],[[[6.4665,43.0194],[6.433,43.0097],[6.4347,43.0272],[6.4553,43.0328],[6.4727,43.0507],[6.5066,43.0516],[6.4665,43.0194]]],[[[4.1824,40.1154],[4.2479,40.0703],[4.3064,39.8698],[4.2515,39.8281],[3.8665,39.879],[3.7983,39.9266],[3.7389,40.0587],[3.7482,40.1135],[4.1824,40.1154]]],[[[3.2024,39.9525],[3.2104,39.9389],[3.2149,39.8811],[3.2534,39.8467],[3.4789,39.7974],[3.5186,39.7462],[3.5197,39.7285],[3.3249,39.3378],[3.2533,39.302],[2.8667,39.302],[2.7809,39.3386],[2.6751,39.4642],[2.6138,39.4828],[2.3987,39.4411],[2.3391,39.4703],[2.3302,39.485],[2.3239,39.6032],[2.3672,39.6777],[2.8341,39.963],[2.8934,39.9867],[3.1532,39.985],[3.2024,39.9525]]],[[[1.4672,38.81],[1.39,38.782],[1.31,38.782],[1.241,38.8288],[1.175,39.0194],[1.1822,39.0802],[1.2282,39.126],[1.28,39.148],[1.6038,39.148],[1.6625,39.1124],[1.6704,39.0989],[1.6737,39.0248],[1.6454,38.9655],[1.4672,38.81]]]]},"properties":{"id":"territory:Roman Republic:-110","name":"로마 공화정","name_en":"Roman Republic","actor":"로마","valid_from":-110,"valid_to":-91,"span_from":-500,"span_to":-32,"wikidata":"Q175881","area":1188001,"src":"cliopatria","confidence":"medium","finish":"chaikin1cap4km+grow2km+islands+s600m","islands":15,"island_rule":"nearest<=40km"}},{"type":"Feature","geometry":{"type":"Point","coordinates":[6.445,40.767]},"properties":{"id":"territory:Roman Republic:-110:label","name":"로마 공화정","name_en":"Roman Republic","actor":"로마","valid_from":-110,"valid_to":-91,"span_from":-500,"span_to":-32,"wikidata":"Q175881","area":1188001,"src":"cliopatria","confidence":"medium"}},{"type":"Feature","geometry":{"type":"MultiPolygon","coordinates":[[[[31.5757,37.3976],[31.5813,37.3835],[31.6269,37.3484],[31.9187,37.2486],[31.976,37.2051],[32.205,36.8234],[32.2181,36.8138],[31.8121,36.7635],[31.7595,36.7386],[31.7493,36.722],[31.71,36.722],[31.6419,36.7364],[31.1286,36.8989],[31.0426,36.912],[30.6714,36.912],[30.628,36.8836],[30.5078,36.3704],[30.444,36.332],[30.08,36.332],[30.0201,36.3042],[29.9695,36.2353],[29.894,36.202],[29.2762,36.205],[29.2143,36.2513],[29.112,36.6946],[29.0674,36.7308],[28.4062,36.8439],[28.3449,36.8245],[28.2229,36.6836],[28.15,36.652],[28.0564,36.6583],[28.0263,36.6934],[28.0226,36.71],[28.1118,37.0261],[28.1056,37.069],[28.0782,37.0964],[28.0216,37.112],[27.646,37.112],[27.5741,37.1611],[27.5329,37.3324],[27.4926,37.3528],[27.2681,37.3107],[27.2291,37.339],[27.2271,37.3618],[27.2693,37.4227],[27.2624,37.4674],[27.179,37.5397],[27.16,37.6093],[27.2242,37.7406],[27.2233,37.752],[27.1886,37.7561],[27.1756,37.8009],[27.2464,37.9926],[27.225,38.0203],[26.9256,38.0679],[26.8629,38.1073],[26.8243,38.1741],[26.7697,38.202],[26.476,38.202],[26.4208,38.242],[26.4142,38.257],[26.4296,38.5104],[26.4189,38.532],[26.39,38.532],[26.3768,38.5378],[26.3721,38.5515],[26.3781,38.5908],[26.4231,38.6508],[26.4396,38.6578],[26.476,38.6536],[26.4906,38.6425],[26.5904,38.3968],[26.6408,38.368],[27.0082,38.368],[27.0465,38.3957],[27.0578,38.5084],[27.0263,38.5454],[26.8891,38.5812],[26.8454,38.6345],[26.8426,38.65],[26.9314,38.9649],[26.9265,38.982],[26.9,38.982],[26.884,38.9919],[26.8658,39.0278],[26.8699,39.1491],[26.8403,39.1933],[26.7614,39.2346],[26.7358,39.2868],[26.8172,39.5399],[26.7982,39.5569],[26.1774,39.4966],[26.1224,39.5314],[26.1152,39.5474],[26.149,39.9357],[26.1749,39.9797],[26.22,39.988],[26.2346,40.0115],[26.2529,40.2643],[26.2981,40.3269],[26.554,40.4742],[26.6137,40.4968],[26.66,40.498],[26.6755,40.4891],[26.693,40.4591],[26.6913,40.3995],[26.7202,40.3818],[27.4229,40.4345],[27.506,40.4105],[27.5994,40.3316],[27.6444,40.308],[27.682,40.308],[27.6938,40.2907],[27.7472,40.272],[28.1228,40.272],[28.1823,40.3075],[28.1904,40.3211],[28.1954,40.3861],[28.1794,40.4218],[28.1852,40.4302],[28.2,40.438],[28.32,40.438],[28.3492,40.4186],[28.3566,40.378],[28.7164,40.3768],[28.7758,40.3538],[28.9203,40.2684],[28.9983,40.248],[29.2992,40.248],[29.3494,40.2768],[29.4196,40.4524],[29.485,40.5012],[29.8922,40.5613],[29.9448,40.5326],[29.9528,40.5148],[29.9435,40.4549],[29.9656,40.4042],[30.0489,40.332],[30.1202,40.3004],[30.4176,40.2547],[30.5018,40.2157],[30.5868,40.1349],[30.6139,40.0749],[30.6112,40.011],[30.642,39.988],[31.2848,39.988],[31.3083,39.9564],[31.3471,39.952],[31.3532,39.9337],[31.2207,39.351],[31.2407,39.2782],[31.3993,39.0818],[31.4187,39.0221],[31.3758,38.5246],[31.3362,38.4901],[31.0262,38.442],[30.9572,38.3945],[30.8925,38.2653],[30.8381,38.2233],[30.2828,38.0573],[30.2166,38.0051],[30.1516,37.8817],[30.1516,37.865],[30.1869,37.8084],[30.4798,37.7082],[30.5495,37.668],[30.705,37.5266],[30.7292,37.4742],[30.7246,37.4139],[30.7319,37.398],[30.7762,37.3655],[31.0086,37.3629],[31.0941,37.3911],[31.1945,37.4679],[31.2653,37.4826],[31.538,37.4322],[31.538,37.4049],[31.5449,37.398],[31.5757,37.3976]]],[[[19.1729,43.061],[19.2506,43.038],[19.5722,43.0348],[19.6055,43.003],[19.5985,42.9883],[19.56,42.9584],[19.5582,42.9222],[19.5925,42.8664],[19.652,42.838],[20.1921,42.838],[20.206,42.8313],[20.2359,42.7888],[20.1932,42.7209],[20.2005,42.708],[20.2788,42.7056],[20.3433,42.666],[20.3749,42.6074],[20.4253,42.5913],[20.5802,42.6347],[20.6351,42.6138],[20.6454,42.5961],[20.6408,42.5365],[20.6684,42.4874],[21.0527,42.2117],[21.1265,42.1971],[22.4128,42.4365],[22.4574,42.4095],[22.4661,42.3932],[22.4601,42.2794],[22.486,42.2239],[22.568,42.1528],[22.6333,42.128],[22.7164,42.1268],[22.7878,42.0996],[23.0284,41.8925],[23.102,41.8591],[23.4117,41.804],[23.4894,41.7613],[23.6546,41.566],[23.7174,41.5473],[24.6702,41.7288],[24.7699,41.7272],[24.9844,41.6787],[25.056,41.6925],[25.1555,41.7686],[25.2479,41.798],[26.2696,41.798],[26.3488,41.8201],[26.7889,42.1038],[26.8779,42.128],[27.44,42.128],[27.48,42.0689],[27.5665,41.9939],[27.6536,41.963],[27.8806,41.962],[27.9362,41.9774],[27.9453,41.96],[27.9416,41.9339],[27.9946,41.9205],[28.0233,41.8771],[28.0606,41.6383],[28.0931,41.6243],[28.1829,41.6521],[28.2422,41.6335],[28.3472,41.4358],[28.4034,41.3973],[28.9448,41.2837],[29.0082,41.2304],[29.0457,41.1115],[29.0413,41.0919],[28.9921,41.052],[27.5807,41.052],[27.5048,41.0281],[27.066,40.6926],[27.0183,40.6364],[26.9529,40.5056],[26.9391,40.4958],[26.8915,40.4897],[26.8773,40.4942],[26.6524,40.6958],[26.5853,40.7096],[26.178,40.6055],[26.1246,40.629],[26.1143,40.6414],[26.0719,40.8252],[26.0264,40.8675],[25.8903,40.909],[25.8003,40.924],[24.4001,40.98],[24.3247,40.958],[24.047,40.748],[23.9601,40.7328],[23.7483,40.7807],[23.7133,40.7627],[23.7021,40.6508],[23.7314,40.6099],[23.8155,40.574],[23.8462,40.5097],[23.7681,40.2596],[23.7014,40.2246],[23.0013,40.3914],[22.9304,40.4484],[22.8885,40.562],[22.8414,40.5826],[22.6248,40.542],[22.5851,40.5057],[22.5609,40.1431],[22.5872,40.118],[22.66,40.118],[22.6745,40.1105],[22.6992,40.0765],[22.7011,40.0586],[22.6443,39.9325],[22.6576,39.8831],[23.1257,39.4814],[23.1107,39.4335],[23.0978,39.4224],[22.8748,39.3736],[22.8352,39.336],[22.8209,39.1068],[22.8404,39.0973],[22.9205,39.1305],[23.008,39.1264],[23.4578,38.9058],[23.4678,38.8897],[23.468,38.8526],[23.4572,38.836],[23.3699,38.7995],[23.2813,38.8015],[23.0702,38.893],[23.0267,38.881],[22.9764,38.7749],[22.9963,38.7417],[23.1308,38.7007],[23.2031,38.6535],[23.2985,38.526],[23.3617,38.498],[23.5751,38.498],[23.6003,38.5211],[23.5525,38.7106],[23.6097,38.7508],[23.9899,38.6936],[24.074,38.6578],[24.1584,38.5903],[24.1958,38.513],[24.1801,38.2548],[24.1665,38.2385],[24.1339,38.2303],[24.1174,38.2344],[24.0872,38.2619],[24.0509,38.3122],[24.0181,38.3247],[23.96,38.3775],[23.9154,38.402],[23.8749,38.4015],[23.8623,38.4198],[23.8196,38.4316],[23.3421,38.3682],[23.3026,38.3267],[23.2978,38.3116],[23.3367,38.0629],[23.3595,38.0243],[23.3425,38.012],[23.3138,38.012],[23.2812,37.9857],[23.2303,37.9159],[23.16,37.882],[23.0864,37.882],[23.058,37.8589],[23.058,37.8049],[23.0743,37.7442],[23.1056,37.686],[23.1622,37.658],[23.2921,37.658],[23.3565,37.6195],[23.411,37.3589],[23.4051,37.342],[23.3521,37.302],[23.2179,37.302],[23.162,37.3379],[23.1546,37.3539],[23.1591,37.4127],[23.1291,37.4581],[22.9816,37.5415],[22.8998,37.562],[22.7638,37.562],[22.7262,37.5347],[22.7196,37.3611],[22.7496,37.3167],[22.8255,37.2799],[22.8794,37.2214],[23.0638,36.6973],[23.0353,36.6805],[23.0169,36.6837],[22.8522,36.8269],[22.7791,36.852],[22.6525,36.852],[22.5986,36.823],[22.5351,36.6889],[22.4725,36.652],[22.3975,36.652],[22.3306,36.6986],[22.2178,37.013],[22.1673,37.042],[21.9637,37.042],[21.9256,37.0146],[21.9136,36.8923],[21.86,36.852],[21.78,36.852],[21.7224,36.8913],[21.6698,37.147],[21.651,37.172],[21.609,37.1758],[21.5935,37.2205],[21.67,37.4743],[21.6506,37.5233],[21.2573,37.8104],[21.243,37.8819],[21.3857,38.1357],[21.4679,38.178],[21.6763,38.178],[21.7144,38.2054],[21.7197,38.3066],[21.6848,38.3389],[21.235,38.3962],[21.1594,38.4362],[20.9792,38.6949],[20.9174,38.7352],[20.7807,38.7708],[20.7453,38.8236],[20.7461,38.8421],[20.8691,39.0302],[20.8561,39.068],[20.3266,39.3467],[20.2682,39.4066],[20.1516,39.663],[20.0975,39.692],[19.9732,39.692],[19.9347,39.6672],[19.9304,39.6111],[19.9197,39.596],[19.8658,39.5783],[19.7908,39.6083],[19.7459,39.6614],[19.742,39.7375],[19.7499,39.7524],[19.7979,39.7849],[19.9462,39.788],[19.9843,39.8154],[19.99,39.9304],[19.9636,39.9856],[19.6527,40.2474],[19.5868,40.272],[19.51,40.272],[19.4599,40.3129],[19.4543,40.327],[19.4692,40.5658],[19.4358,40.592],[19.2879,40.5951],[19.2399,40.6276],[19.232,40.6425],[19.2356,40.7182],[19.275,40.7712],[19.4478,40.8631],[19.4758,40.9094],[19.4277,41.2216],[19.4424,41.2962],[19.482,41.3626],[19.482,41.372],[19.4469,41.3777],[19.4421,41.3912],[19.4473,41.4321],[19.4908,41.502],[19.4588,41.506],[19.4445,41.5508],[19.509,41.7455],[19.4928,41.7967],[18.8712,42.3282],[18.7993,42.3694],[18.1769,42.5974],[18.1015,42.6498],[18.0026,42.7751],[17.9373,42.811],[17.6383,42.8633],[17.582,42.8428],[17.5373,42.7761],[17.4978,42.7848],[17.4997,42.9067],[17.4729,42.932],[17.3878,42.9368],[17.3434,42.9866],[17.3502,43.1638],[17.3217,43.1799],[17.1699,43.1435],[17.1033,43.1688],[17.0932,43.1806],[17.0443,43.3619],[17.002,43.3811],[16.7799,43.3325],[16.7212,43.3603],[16.712,43.3759],[16.712,43.4982],[16.6811,43.5402],[16.6135,43.5673],[16.5348,43.5726],[15.9799,43.4616],[15.9644,43.4658],[15.9322,43.4999],[15.9718,43.5721],[15.9689,43.6249],[15.8717,43.7545],[15.8158,43.782],[15.7314,43.7842],[15.6647,43.8231],[15.6283,43.8823],[15.5749,43.8987],[15.4198,43.8553],[15.4033,43.8589],[15.3743,43.8895],[15.4171,43.9596],[15.4028,43.988],[15.2597,44.0297],[15.2002,44.0823],[15.1445,44.3292],[15.0965,44.34],[14.959,44.4665],[14.877,44.56],[14.9165,44.566],[14.893,44.6164],[14.9009,44.9276],[14.8657,44.9688],[14.5584,45.0686],[14.5155,45.125],[14.5132,45.1402],[14.5692,45.3294],[14.545,45.352],[14.2538,45.352],[14.2166,45.3248],[14.209,45.0754],[14.2017,45.0614],[14.1421,45.022],[14.0032,45.022],[13.9647,44.9972],[13.9604,44.9411],[13.9109,44.8957],[13.82,44.892],[13.7549,44.9418],[13.701,45.1956],[13.6576,45.2394],[13.5685,45.2738],[13.5239,45.3368],[13.5365,45.4777],[13.5783,45.5136],[13.6631,45.518],[13.692,45.5439],[13.692,45.7158],[13.655,45.7477],[13.1906,45.7966],[13.1395,45.7724],[13.091,45.6573],[13.0209,45.6246],[12.8649,45.6603],[12.7939,45.6474],[12.6945,45.5714],[12.6092,45.5375],[12.215,45.4886],[12.178,45.456],[12.178,45.2115],[12.2112,45.1627],[12.3697,45.0768],[12.418,45.0041],[12.418,44.8159],[12.4085,44.8001],[12.3502,44.7739],[12.2078,44.8095],[12.1768,44.7931],[12.169,44.4882],[12.1867,44.4246],[12.3042,44.2337],[12.3568,44.1793],[12.8415,43.8418],[12.9105,43.8333],[12.9915,43.8619],[13.0447,43.844],[13.0554,43.8261],[13.0511,43.7698],[13.085,43.7383],[13.3166,43.6961],[13.3993,43.6596],[13.6496,43.4506],[13.696,43.3789],[13.7579,43.1237],[13.8004,43.0731],[13.9597,42.9868],[13.9906,42.923],[13.9343,42.7903],[13.9377,42.733],[14.0544,42.5433],[14.1046,42.4861],[14.3472,42.2826],[14.4132,42.258],[14.4986,42.2558],[14.5653,42.2169],[14.6017,42.1578],[14.6493,42.1439],[14.7237,42.1718],[14.7772,42.154],[14.788,42.1375],[14.788,42.0787],[14.8186,42.0399],[14.8864,42.0128],[14.964,42.009],[15.1301,42.046],[15.1933,42.0245],[15.2356,41.956],[15.2922,41.928],[16.0825,41.9246],[16.128,41.8921],[16.1354,41.8761],[16.1246,41.7992],[16.0689,41.7512],[15.9257,41.7154],[15.8969,41.6799],[15.9488,41.4351],[15.9942,41.3955],[16.6885,41.2284],[16.7766,41.198],[17.4068,40.9052],[17.4694,40.851],[17.5064,40.7847],[17.5629,40.744],[17.9398,40.6398],[18.0201,40.5992],[18.3424,40.3277],[18.391,40.2627],[18.4421,40.1412],[18.4316,40.0863],[18.3901,40.082],[18.3759,40.0587],[18.3697,39.935],[18.3623,39.9213],[18.3021,39.882],[18.1503,39.8837],[18.0739,39.9225],[17.8188,40.3136],[17.7581,40.342],[17.459,40.3444],[17.3983,40.379],[17.3482,40.503],[17.2973,40.532],[17.0797,40.532],[16.9954,40.5153],[16.9224,40.4833],[16.9139,40.4695],[16.9479,40.4342],[16.9459,40.3873],[16.8895,40.3055],[16.8121,40.272],[16.6755,40.272],[16.6556,40.2517],[16.7021,40.1412],[16.6776,40.0717],[16.5111,39.9773],[16.4767,39.9282],[16.4693,39.6826],[16.5048,39.6435],[16.8833,39.5384],[16.9631,39.4964],[17.0504,39.4208],[17.0953,39.3484],[17.1473,39.0856],[17.1046,39.0262],[16.5532,38.8022],[16.5169,38.7575],[16.5089,38.4555],[16.4735,38.385],[15.968,37.9695],[15.8821,37.942],[15.7479,37.942],[15.6775,37.9787],[15.6195,38.113],[15.5674,38.142],[15.442,38.142],[15.3825,38.1135],[15.1066,37.6652],[15.087,37.6012],[15.079,37.2915],[15.109,37.2497],[15.1885,37.2131],[15.2146,37.1493],[15.0793,36.7687],[15.0021,36.722],[14.7079,36.722],[14.6189,36.7565],[14.2976,37.0862],[14.2276,37.1207],[13.6194,37.2256],[13.5366,37.2632],[13.2121,37.5378],[13.138,37.5714],[12.5241,37.6884],[12.472,37.7459],[12.4732,37.8705],[12.5018,37.942],[12.6189,38.0767],[12.6997,38.1005],[12.9911,38.0557],[13.0479,38.0771],[13.0922,38.1437],[13.1679,38.178],[13.3021,38.178],[13.3915,38.1543],[13.6404,37.9997],[13.7203,37.978],[14.0112,37.978],[14.1041,37.9864],[15.8057,38.2983],[15.8523,38.3355],[15.9301,38.6484],[15.9922,38.6976],[16.215,38.7464],[16.252,38.7834],[16.252,38.8898],[16.2242,38.946],[16.1396,39.0192],[16.092,39.0897],[15.8948,39.7261],[15.8502,39.7775],[15.6913,39.8726],[15.673,39.9268],[15.7078,39.9957],[15.6938,40.012],[15.4779,40.012],[15.3929,40.0402],[15.2219,40.1871],[15.1567,40.212],[15.0699,40.2151],[15.0183,40.25],[14.8867,40.633],[14.8372,40.662],[14.4572,40.6656],[14.4092,40.7016],[14.402,40.7159],[14.402,40.8251],[14.3661,40.852],[14.1479,40.852],[14.073,40.8869],[13.9559,41.0837],[13.9053,41.112],[13.8214,41.1142],[13.7614,41.1467],[13.7172,41.214],[13.657,41.2472],[13.0458,41.3074],[12.9542,41.3389],[12.1559,41.8712],[12.1148,41.9329],[12.112,41.9996],[12.0754,42.0336],[11.8522,42.0824],[11.7802,42.1275],[11.6586,42.3217],[11.6116,42.3336],[11.5255,42.3001],[11.468,42.3151],[11.4241,42.3844],[11.3753,42.412],[11.2903,42.4149],[11.2365,42.4493],[11.1792,42.5836],[11.1347,42.612],[11.048,42.6166],[11.008,42.6526],[11.002,42.7785],[10.9688,42.8273],[10.5703,43.0432],[10.5163,43.1033],[10.3632,43.6287],[10.334,43.6942],[10.1384,44.0121],[10.0852,44.0282],[9.9397,43.9858],[9.9236,43.9889],[9.8923,44.0194],[9.9278,44.0857],[9.9138,44.102],[9.7779,44.102],[9.6831,44.1264],[9.1911,44.4112],[9.1098,44.432],[8.6408,44.432],[8.5662,44.4076],[8.1538,44.0725],[8.1385,44.0689],[8.0987,44.078],[8.0851,44.0919],[8.0197,44.4182],[8.0367,44.4921],[8.3025,44.8866],[8.3301,44.9509],[8.3993,45.2764],[8.4528,45.334],[8.5287,45.3672],[8.562,45.4088],[8.5663,45.4791],[8.6085,45.5288],[8.8545,45.6305],[8.9479,45.648],[10.4821,45.648],[10.579,45.63],[10.8225,45.5341],[10.9096,45.518],[11.4611,45.518],[11.5529,45.5282],[12.0289,45.6368],[12.1103,45.6682],[12.3594,45.8116],[12.392,45.8605],[12.3982,45.9385],[12.4382,45.9735],[12.5269,45.978],[12.5942,46.002],[12.8558,46.2081],[12.9425,46.2371],[13.5921,46.238],[13.6781,46.2107],[13.776,46.1326],[13.85,46.1106],[14.9012,46.1654],[14.9595,46.1327],[14.968,46.1175],[14.968,46.0606],[15.0047,46.028],[15.2323,45.9844],[15.2788,45.9582],[15.288,45.9425],[15.288,45.915],[15.3197,45.8835],[15.9673,45.5289],[15.9876,45.479],[15.9469,45.4384],[15.9412,45.3974],[15.9841,45.2808],[15.9814,45.2635],[15.94,45.222],[15.8668,45.222],[15.837,45.1958],[15.8289,44.8219],[15.8634,44.7777],[16.0946,44.6838],[16.1681,44.636],[16.5021,44.2941],[16.5637,44.268],[16.6474,44.2664],[16.7139,44.2364],[16.8944,44.0347],[16.9539,44.008],[17.0386,44.0058],[17.1053,43.9669],[17.1415,43.9082],[17.1884,43.8964],[17.2754,43.9296],[17.3292,43.9127],[17.3404,43.9023],[17.3914,43.7749],[17.442,43.7284],[17.8229,43.5744],[17.9096,43.558],[18.2988,43.5567],[18.38,43.522],[18.5531,43.3263],[18.6113,43.3136],[18.6915,43.3419],[18.7593,43.3455],[18.802,43.3224],[18.8105,43.3427],[18.8305,43.3552],[18.88,43.358],[18.9108,43.3394],[18.918,43.325],[18.9117,43.2814],[18.8853,43.2631],[19.1729,43.061]],[[15.0538,44.4432],[15.0131,44.4755],[15.048,44.4395],[15.0538,44.4432]]],[[[28.2548,36.4567],[28.2588,36.4405],[28.1612,36.0524],[28.1042,35.9995],[27.7869,35.8963],[27.7276,35.9196],[27.7176,35.9335],[27.6768,36.252],[27.7106,36.3197],[27.9748,36.4747],[28.031,36.4967],[28.21,36.498],[28.2548,36.4567]]],[[[27.1567,36.7671],[26.9168,36.6696],[26.8987,36.6723],[26.8731,36.6991],[27.0041,36.908],[27.049,36.9442],[27.1118,36.9436],[27.1533,36.906],[27.1883,36.841],[27.1888,36.825],[27.1567,36.7671]]],[[[26.1,37.728],[26.2725,37.728],[26.3197,37.6907],[26.3254,37.6761],[26.3204,37.6111],[26.2603,37.5526],[26.0376,37.5023],[26.022,37.5061],[25.9936,37.5301],[25.9888,37.5512],[26.0484,37.6835],[26.1,37.728]]],[[[25.8688,38.462],[25.8281,38.4666],[25.8181,38.5115],[25.8778,38.644],[25.9177,38.6831],[25.97,38.688],[26.034,38.6671],[26.1978,38.5781],[26.2274,38.51],[26.1295,38.1799],[26.0641,38.142],[25.9259,38.142],[25.8708,38.182],[25.8643,38.197],[25.8795,38.4404],[25.8688,38.462]]],[[[25.3452,37.1402],[25.36,37.148],[25.5325,37.148],[25.5797,37.1107],[25.5854,37.0961],[25.5804,37.0311],[25.5726,37.0177],[25.515,36.982],[25.375,36.982],[25.3216,37.0182],[25.3146,37.0339],[25.3196,37.0989],[25.3452,37.1402]]],[[[25.4693,40.0081],[25.4761,39.9932],[25.4698,39.875],[25.4138,39.8255],[25.0169,39.822],[25.0034,39.8281],[24.9697,39.8712],[25.0366,40.005],[25.0781,40.0434],[25.4131,40.048],[25.4693,40.0081]]],[[[25.18,37.728],[25.2421,37.6903],[25.2948,37.5506],[25.2908,37.5322],[25.2446,37.492],[25.0954,37.492],[25.03,37.5297],[24.9833,37.6699],[24.9899,37.7135],[25.0075,37.728],[25.18,37.728]]],[[[25.031,37.7417],[24.8778,37.7034],[24.7876,37.723],[24.6989,37.7999],[24.6656,37.8684],[24.6702,37.995],[24.6947,38.0394],[24.71,38.048],[24.75,38.048],[24.8124,38.017],[25.0511,37.8101],[25.0564,37.7908],[25.0436,37.7534],[25.031,37.7417]]],[[[24.3864,38.8412],[24.342,38.9025],[24.342,38.9675],[24.3647,39.0094],[24.38,39.018],[24.4237,39.0176],[24.6408,38.9546],[24.6861,38.8932],[24.6798,38.775],[24.6691,38.7594],[24.6125,38.741],[24.3864,38.8412]]],[[[24.2479,37.5251],[24.2367,37.534],[24.2017,37.599],[24.2021,37.6584],[24.2528,37.709],[24.2928,37.7265],[24.34,37.728],[24.3933,37.686],[24.4283,37.621],[24.4289,37.6052],[24.3975,37.5462],[24.3169,37.5109],[24.2479,37.5251]]],[[[23.92,40.3229],[23.9414,40.3101],[23.8837,40.3311],[23.9062,40.3424],[23.92,40.3229]]],[[[23.4775,38.7999],[23.51,38.818],[23.5617,38.8136],[23.5852,38.782],[23.5725,38.7401],[23.54,38.722],[23.4883,38.7264],[23.4648,38.758],[23.4775,38.7999]]],[[[22.9146,36.142],[22.8611,36.1822],[22.8548,36.1972],[22.8693,36.3855],[22.8919,36.4288],[22.9075,36.438],[22.9477,36.4372],[23.088,36.3836],[23.1328,36.3244],[23.1298,36.195],[23.1229,36.1817],[23.0654,36.142],[22.9146,36.142]]],[[[20.64,37.918],[20.8845,37.918],[20.94,37.878],[20.9466,37.8634],[20.9393,37.6752],[20.9304,37.6604],[20.8723,37.6323],[20.6405,37.688],[20.5939,37.7468],[20.6002,37.865],[20.6247,37.9094],[20.64,37.918]]],[[[20.505,38.4372],[20.55,38.438],[20.616,38.4146],[20.7717,38.3266],[20.8161,38.2532],[20.8097,38.125],[20.8013,38.1107],[20.7424,38.0789],[20.3523,38.1405],[20.3039,38.1968],[20.3102,38.315],[20.3628,38.384],[20.505,38.4372]]],[[[20.13,39.562],[20.0792,39.5656],[20.052,39.595],[20.052,39.625],[20.0592,39.6394],[20.09,39.658],[20.1408,39.6544],[20.168,39.625],[20.1608,39.5806],[20.13,39.562]]],[[[17.486,42.782],[17.5905,42.743],[17.659,42.743],[17.749,42.6945],[17.386,42.771],[17.486,42.782]]],[[[15.6892,43.7157],[15.7136,43.692],[15.7263,43.69],[15.7198,43.6728],[15.697,43.6814],[15.7038,43.6891],[15.6831,43.6997],[15.6745,43.7171],[15.6892,43.7157]]],[[[14.6615,44.3998],[14.6723,44.4123],[14.7017,44.4016],[14.7021,44.378],[14.7223,44.3635],[14.7231,44.3517],[14.693,44.3598],[14.6895,44.3746],[14.6615,44.3998]]],[[[14.3763,35.8102],[14.3263,35.8643],[14.322,35.9941],[14.3443,36.0387],[14.36,36.048],[14.4,36.048],[14.4642,36.0317],[14.5392,36.0017],[14.5845,35.9447],[14.588,35.8059],[14.5788,35.7903],[14.5232,35.7655],[14.3763,35.8102]]],[[[14.543,44.9554],[14.5348,44.9557],[14.4858,44.9836],[14.5277,44.986],[14.5458,44.968],[14.543,44.9554]]],[[[14.5189,44.5555],[14.5089,44.5398],[14.4479,44.5145],[14.2949,44.5555],[14.243,44.6164],[14.2511,44.9345],[14.2745,44.979],[14.29,44.988],[14.3344,44.9874],[14.4763,44.9418],[14.5233,44.885],[14.5189,44.5555]]],[[[14.3208,44.5092],[14.2987,44.4964],[14.2824,44.5223],[14.3208,44.5092]]],[[[8.8033,37.018],[8.8332,37.0439],[8.8778,37.1148],[8.9344,37.1302],[9.0241,37.0953],[9.0899,37.0994],[9.3252,37.2436],[9.4071,37.2746],[9.7194,37.3299],[9.8053,37.315],[9.9593,37.228],[10.0314,37.2189],[10.1831,37.2568],[10.2392,37.2295],[10.248,37.2141],[10.248,37.1006],[10.2606,37.078],[10.301,37.0742],[10.3166,37.0297],[10.2605,36.8379],[10.2833,36.8047],[10.4192,36.7692],[10.4936,36.7758],[10.9639,36.9981],[11.0175,36.9804],[11.028,36.9641],[11.028,36.8359],[10.9864,36.7619],[10.5089,36.432],[10.5009,36.4081],[10.5374,36.372],[10.5514,36.3113],[10.4852,35.9389],[10.5108,35.8952],[10.8243,35.7416],[10.8624,35.7055],[10.868,35.6671],[10.8998,35.6456],[11.0422,35.6084],[11.0933,35.5561],[11.0962,35.4181],[11.0787,35.3821],[11.0625,35.372],[11.0407,35.372],[11.0348,35.3533],[11.0913,35.0387],[11.0519,34.978],[10.9017,34.9349],[10.868,34.9002],[10.8653,34.8331],[10.8259,34.7721],[10.1242,34.2982],[10.067,34.2735],[10.018,34.2725],[9.9814,34.3295],[9.4336,34.7964],[9.3938,34.8528],[9.2569,35.2359],[9.211,35.2994],[8.9659,35.505],[8.9486,35.5555],[8.9961,35.7434],[8.9684,35.7959],[8.8894,35.8368],[8.858,35.8816],[8.858,35.9941],[8.832,36.0659],[8.7205,36.1997],[8.698,36.2592],[8.698,36.3788],[8.7286,36.4268],[8.883,36.5141],[8.9142,36.5774],[8.7792,36.9715],[8.7522,37.0026],[8.77,37.018],[8.8033,37.018]]],[[[10.4706,42.8686],[10.478,42.8541],[10.478,42.7259],[10.4706,42.7114],[10.411,42.672],[10.259,42.672],[10.1795,42.7178],[10.1271,42.8488],[10.1385,42.9038],[10.411,42.908],[10.4706,42.8686]]],[[[8.302,40.3259],[8.302,40.4381],[8.2685,40.4829],[8.1857,40.5216],[8.1411,40.5855],[8.133,40.9036],[8.1414,40.9193],[8.1988,40.9497],[8.5037,40.8963],[8.5736,40.9129],[8.9767,41.2474],[9.04,41.278],[9.1487,41.2709],[9.4566,41.2247],[9.5309,41.1839],[9.8127,40.782],[9.838,40.7041],[9.8347,40.3856],[9.7901,40.3262],[9.7199,40.2935],[9.693,40.2501],[9.7621,39.6686],[9.7465,39.6328],[9.73,39.622],[9.6992,39.622],[9.6815,39.5973],[9.6133,39.1629],[9.6045,39.1501],[9.5414,39.1181],[9.169,39.1656],[9.1176,39.1425],[9.0021,38.8962],[8.9231,38.852],[8.7769,38.852],[8.6842,38.8666],[8.3681,38.9756],[8.3321,39.0399],[8.3818,39.2246],[8.3766,39.242],[8.35,39.242],[8.3343,39.2513],[8.3143,39.2872],[8.312,39.4741],[8.3343,39.5187],[8.35,39.528],[8.381,39.528],[8.3994,39.5529],[8.4547,39.8607],[8.4278,39.9032],[8.3445,39.9434],[8.3134,39.9962],[8.3725,40.2541],[8.3668,40.272],[8.34,40.272],[8.3243,40.2813],[8.302,40.3259]]],[[[9.508,42.8006],[9.5206,42.778],[9.55,42.778],[9.5656,42.7689],[9.5884,42.7243],[9.5953,42.0073],[9.5758,41.9714],[9.56,41.962],[9.5306,41.962],[9.518,41.9394],[9.518,41.8159],[9.4971,41.7422],[9.2954,41.4133],[9.2312,41.3609],[9.1463,41.3282],[9.0604,41.3346],[8.8087,41.4821],[8.762,41.5559],[8.762,41.6761],[8.7331,41.702],[8.66,41.702],[8.62,41.7436],[8.6179,41.7613],[8.667,41.878],[8.6583,41.9334],[8.5507,42.0679],[8.5223,42.1395],[8.515,42.4723],[8.552,42.5403],[8.7298,42.6803],[8.8141,42.716],[9.1155,42.7687],[9.1653,42.8059],[9.222,42.9902],[9.2565,43.0319],[9.27,43.038],[9.45,43.038],[9.502,42.9974],[9.508,42.9841],[9.508,42.8006]]],[[[2.0502,41.9895],[2.3567,41.9358],[2.4476,41.928],[2.6673,41.928],[2.6988,41.9511],[2.6981,42.0183],[2.7356,42.0683],[2.836,42.1094],[2.8528,42.1034],[2.9173,42.0048],[2.9662,41.8065],[2.9283,41.7446],[2.6174,41.5931],[2.5232,41.572],[2.3804,41.572],[2.3154,41.5449],[2.1492,41.3485],[2.0723,41.3072],[1.2899,41.1893],[1.2069,41.1641],[0.7517,40.945],[0.7196,40.8988],[0.7266,40.7166],[0.6875,40.6491],[0.2994,40.4273],[0.2568,40.3763],[0.2024,40.1827],[0.1459,40.1262],[-0.0798,40.0316],[-0.1386,39.9858],[-0.3117,39.734],[-0.3294,39.6722],[-0.2948,39.1707],[-0.2659,39.1129],[0.083,38.781],[0.0884,38.7652],[0.0721,38.7026],[-0.6118,38.2977],[-0.6633,38.246],[-0.7647,38.0576],[-0.7727,37.9959],[-0.6916,37.6797],[-0.6952,37.6638],[-0.7317,37.62],[-1.6531,37.4424],[-1.6668,37.4191],[-1.6272,37.362],[-1.6278,37.3407],[-1.6668,37.302],[-1.8084,37.302],[-1.8588,37.2731],[-2.03,36.828],[-2.0984,36.7906],[-2.4831,36.8448],[-2.5524,36.8268],[-2.6372,36.7533],[-2.7268,36.722],[-4.4202,36.722],[-4.492,36.6973],[-4.6472,36.5633],[-4.7291,36.5275],[-5.1768,36.4688],[-5.2221,36.4343],[-5.2643,36.2513],[-5.3152,36.1884],[-5.6237,36.0322],[-5.6999,36.0476],[-5.8141,36.1753],[-5.8803,36.202],[-6.0211,36.2039],[-6.095,36.2434],[-6.3275,36.6318],[-6.3507,36.7045],[-6.3647,36.8864],[-6.4034,36.9269],[-6.5513,36.97],[-6.6274,37.0129],[-6.8215,37.2061],[-6.8901,37.232],[-7.4174,37.232],[-7.4454,37.2119],[-7.4398,37.1503],[-7.4789,37.0931],[-7.6335,37.0057],[-7.7229,36.9882],[-8.6537,37.106],[-8.7359,37.0949],[-8.9521,37.0012],[-8.9675,37.0017],[-9.01,37.0276],[-8.9238,37.5474],[-8.8945,37.5906],[-8.8506,37.598],[-8.838,37.6206],[-8.838,38.4341],[-8.8698,38.4542],[-9.1614,38.4093],[-9.222,38.4404],[-9.2308,38.4544],[-9.2442,38.6228],[-9.2685,38.6353],[-9.3358,38.6083],[-9.4158,38.6176],[-9.5277,38.7004],[-9.5716,38.7739],[-9.5841,38.8923],[-9.5568,38.9645],[-9.4743,39.0434],[-9.4438,39.1011],[-9.4063,39.427],[-9.3502,39.4789],[-9.2131,39.5147],[-9.1681,39.555],[-9.1227,39.7452],[-9.097,39.7805],[-9.0572,39.788],[-9.041,39.8124],[-8.9538,40.3274],[-8.9245,40.3706],[-8.8813,40.378],[-8.8712,40.3992],[-8.8837,40.5812],[-8.8524,40.6509],[-8.7752,40.7226],[-8.7547,40.7774],[-8.9215,41.7413],[-8.9135,41.7595],[-8.8752,41.784],[-8.7121,41.749],[-8.6261,41.7468],[-8.4123,41.7882],[-8.3562,41.825],[-8.3156,41.8935],[-8.2432,41.928],[-7.3013,41.928],[-7.2488,41.9556],[-7.2126,42.0238],[-7.142,42.0541],[-6.5068,42.0019],[-6.4201,42.011],[-5.8887,42.1739],[-5.7955,42.1856],[-3.1591,42.0603],[-3.0879,42.0829],[-3.0028,42.1567],[-2.9201,42.1988],[-2.2326,42.3751],[-2.1824,42.4155],[-2.1396,42.5316],[-2.129,42.5423],[-2.0637,42.5618],[-1.9869,42.533],[-1.9123,42.5346],[-1.5326,42.6881],[-1.501,42.7281],[-1.5054,42.7861],[-1.4993,42.8011],[-1.4618,42.8336],[-1.3747,42.838],[-1.3259,42.8656],[-1.2856,42.9335],[-1.2213,42.966],[-0.9868,42.968],[-0.9539,42.9584],[-0.958,43.0025],[-0.9518,43.016],[-0.92,43.038],[-0.8682,43.0335],[-0.842,43.0025],[-0.8482,42.954],[-0.8867,42.932],[-0.7141,42.8009],[-0.6393,42.768],[0.2483,42.5868],[0.3341,42.5489],[0.4344,42.4722],[0.5046,42.4585],[0.7306,42.507],[0.7975,42.4854],[0.85,42.416],[0.9108,42.388],[1.1332,42.388],[1.1863,42.3693],[1.198,42.3525],[1.198,42.33],[1.2301,42.318],[1.3732,42.318],[1.4623,42.2965],[1.9693,42.0174],[2.0502,41.9895]]],[[[-9.5017,39.4202],[-9.512,39.4112],[-9.5082,39.4218],[-9.5017,39.4202]]]]},"properties":{"id":"territory:Roman Republic:-126","name":"로마 공화정","name_en":"Roman Republic","actor":"로마","valid_from":-126,"valid_to":-110,"span_from":-500,"span_to":-32,"wikidata":"Q175881","area":1162467,"src":"cliopatria","confidence":"medium","finish":"chaikin1cap4km+grow2km+islands+s600m","islands":8,"island_rule":"nearest<=40km"}},{"type":"Feature","geometry":{"type":"Point","coordinates":[-4.16,39.72]},"properties":{"id":"territory:Roman Republic:-126:label","name":"로마 공화정","name_en":"Roman Republic","actor":"로마","valid_from":-126,"valid_to":-110,"span_from":-500,"span_to":-32,"wikidata":"Q175881","area":1162467,"src":"cliopatria","confidence":"medium"}},{"type":"Feature","geometry":{"type":"MultiPolygon","coordinates":[[[[67.5477,33.8624],[67.5577,33.8974],[67.5801,33.9192],[67.5347,33.907],[67.4759,33.9253],[67.3962,34.0534],[67.3449,34.0751],[67.0355,34.0287],[66.9774,34.0608],[66.9692,34.0744],[66.9554,34.2467],[66.9193,34.2873],[66.7761,34.3365],[66.743,34.3819],[66.7538,34.4562],[66.7477,34.472],[66.7108,34.4745],[66.6599,34.5055],[66.3407,34.8352],[66.313,34.9064],[66.321,35.2186],[66.29,35.2631],[65.6706,35.5463],[65.623,35.6049],[65.6052,35.7983],[65.5901,35.822],[65.5495,35.8254],[65.5311,35.8696],[65.5722,36.0596],[65.552,36.082],[65.4678,36.0868],[65.4353,36.1168],[65.4301,36.1344],[65.4438,36.1893],[65.4396,36.202],[65.4055,36.2066],[65.3996,36.218],[65.397,36.2608],[65.5476,36.6375],[65.5366,36.6896],[65.4038,36.8294],[65.3814,36.9095],[65.4547,37.1848],[65.5057,37.2124],[65.7171,37.5509],[65.7014,37.6203],[65.2545,38.0147],[65.2218,38.0717],[65.1732,38.3871],[65.1446,38.4304],[65.1035,38.438],[65.0986,38.4552],[65.1674,38.7],[65.1508,38.7544],[65.1129,38.758],[65.1068,38.7763],[65.1492,38.9692],[65.1335,39.0142],[65.1038,39.018],[65.1024,39.0315],[65.2825,39.469],[65.2716,39.5237],[65.2337,39.528],[65.2292,39.5447],[65.2843,39.7466],[65.3161,39.78],[65.5358,39.9315],[65.5935,39.9894],[65.8435,40.3767],[65.8957,40.4304],[66.8264,41.0912],[66.8602,41.1268],[66.8993,41.1151],[67.9286,41.1788],[67.9878,41.1531],[68.1026,40.9665],[68.1111,40.9063],[68.0733,40.7802],[68.0759,40.7646],[68.1105,40.7165],[68.6878,40.5463],[68.756,40.5062],[69.0594,40.1774],[69.1484,40.142],[69.7659,40.1426],[69.8575,40.1657],[70.248,40.3818],[70.3224,40.402],[70.3963,40.402],[70.4573,40.3756],[70.5791,40.247],[70.6623,40.2163],[71.4608,40.2687],[71.545,40.2532],[71.7316,40.1634],[71.8188,40.164],[72.4296,40.5119],[72.5112,40.5453],[73.1148,40.7091],[73.1771,40.6939],[73.2959,40.5635],[73.37,40.532],[73.4447,40.532],[73.4847,40.506],[73.5028,40.4472],[73.5574,40.4052],[73.6376,40.402],[73.6851,40.3738],[73.8958,39.9945],[73.9424,39.9549],[73.9241,39.8618],[73.8915,39.544],[73.8431,39.4846],[73.7398,39.4476],[73.6947,39.4053],[73.6596,39.2941],[73.6727,39.2402],[73.7413,39.1618],[73.7513,39.089],[73.5215,38.5763],[73.4724,38.5141],[72.9757,38.1189],[71.9321,37.0183],[71.908,36.9605],[71.9056,36.767],[71.8666,36.7023],[71.7461,36.6198],[71.7092,36.5698],[71.6962,36.5138],[71.7023,36.498],[71.743,36.4924],[71.7465,36.4479],[71.6591,36.3154],[71.6588,36.308],[71.6907,36.3044],[71.7078,36.2601],[71.6581,36.0653],[71.6634,36.048],[71.69,36.048],[71.7054,36.0392],[71.7268,36.0033],[71.7364,35.812],[71.7667,35.7695],[71.8405,35.734],[71.868,35.6865],[71.8564,35.6147],[71.8781,35.5701],[72.0122,35.4795],[72.0364,35.4248],[72.0188,35.3524],[72.0336,35.3018],[72.1037,35.2318],[72.1675,35.1905],[72.7174,34.9723],[72.7726,34.9204],[72.7953,34.854],[72.8353,34.828],[72.9198,34.8251],[72.9698,34.7926],[72.9956,34.7229],[73.04,34.6864],[73.2425,34.6375],[73.3163,34.5981],[73.4523,34.4631],[73.5169,34.438],[73.8865,34.438],[73.9345,34.4008],[73.94,34.3835],[73.9265,34.325],[73.9456,34.2888],[74.0035,34.262],[74.0762,34.2441],[75.5076,34.1181],[75.5658,34.0688],[75.6983,33.5032],[75.7344,33.4565],[75.8016,33.4187],[75.8467,33.3595],[75.9463,32.986],[75.9857,32.958],[76.06,32.958],[76.1052,32.9202],[76.11,32.9035],[76.0961,32.8432],[76.1008,32.828],[76.1335,32.8242],[76.1489,32.7792],[76.1072,32.5963],[76.1257,32.545],[76.4397,32.2805],[76.5076,32.2433],[78.413,31.621],[78.4915,31.6157],[78.8075,31.6673],[78.85,31.639],[78.858,31.6241],[78.858,31.3866],[78.8816,31.3737],[79.134,31.4628],[79.2107,31.4494],[79.4088,31.2467],[79.4353,31.19],[79.4265,31.1462],[79.3895,31.1011],[77.985,30.0024],[77.9486,29.9475],[77.8768,29.6362],[77.8829,29.618],[77.9203,29.6148],[77.94,29.5708],[77.9051,29.3753],[77.9159,29.3138],[77.9868,29.1914],[78.0062,29.1186],[77.9793,28.2901],[77.9909,28.268],[78.02,28.268],[78.0353,28.2595],[78.0602,28.2152],[78.0757,27.967],[78.0572,27.8329],[78.0387,26.9356],[77.9994,26.8697],[77.7346,26.715],[77.6527,26.6874],[77.1953,26.6278],[77.1042,26.6393],[76.6922,26.8074],[76.6196,26.855],[76.4809,26.996],[76.4582,27.0562],[76.4663,27.1242],[76.4417,27.1687],[76.2988,27.2604],[76.2715,27.3144],[76.2838,27.3864],[76.266,27.4371],[76.1208,27.5803],[76.1147,27.6224],[76.1225,27.6399],[76.1633,27.6671],[76.1829,27.71],[76.1911,28.0796],[76.1628,28.1304],[75.7582,28.4078],[75.7199,28.4748],[75.7044,28.7308],[75.6841,28.7947],[75.4977,29.1025],[75.4515,29.1158],[75.0477,28.9592],[74.9848,28.9178],[74.8599,28.7859],[74.7873,28.7378],[73.3941,28.1882],[73.3104,28.165],[70.7656,27.7296],[70.715,27.7576],[70.7072,27.7752],[70.7165,27.8354],[70.6962,27.8868],[70.5598,28.0164],[70.4992,28.0301],[70.116,27.9241],[70.0492,27.9474],[69.9096,28.2736],[69.8616,28.302],[69.4935,28.302],[69.4128,28.3276],[68.7421,28.8499],[68.6722,28.8832],[67.1504,29.2559],[67.0901,29.3078],[67.0171,29.4975],[66.9783,29.5563],[66.585,29.9496],[66.553,30.0186],[66.5339,31.1105],[66.5622,31.1809],[67.1909,31.8929],[67.2621,31.9426],[67.3483,31.9782],[67.3678,32.0138],[67.3457,32.0711],[67.3483,32.0885],[67.3733,32.121],[67.3875,32.128],[67.4575,32.128],[67.5036,32.1558],[67.601,32.3405],[67.6621,32.3926],[67.7512,32.4293],[67.7998,32.4744],[67.9088,32.7234],[67.9592,32.785],[68.3446,33.0598],[68.3884,33.1133],[68.5174,33.428],[68.5149,33.442],[68.4793,33.4456],[68.4621,33.4898],[68.4913,33.6114],[68.4676,33.6451],[67.827,33.8118],[67.7504,33.8564],[67.687,33.9251],[67.6312,33.9372],[67.6049,33.928],[67.6461,33.9217],[67.6653,33.89],[67.6603,33.855],[67.631,33.8258],[67.58,33.822],[67.5514,33.8458],[67.5477,33.8624]]],[[[60.9456,37.2335],[60.938,37.2107],[60.9489,37.1804],[60.93,37.172],[60.8773,37.1773],[60.8623,37.1923],[60.858,37.2107],[60.868,37.2407],[60.9008,37.2654],[60.928,37.268],[60.9456,37.2335]]]]},"properties":{"id":"territory:Greco-Bactrian Kingdom:-144","name":"그레코박트리아 왕국","name_en":"Greco-Bactrian Kingdom","actor":"그리스계","valid_from":-144,"valid_to":-126,"span_from":-247,"span_to":-127,"wikidata":"Q488880","area":1099128,"src":"cliopatria","confidence":"medium","finish":"chaikin1cap4km+grow2km+islands+s600m","islands":0}},{"type":"Feature","geometry":{"type":"Point","coordinates":[71.181,33.772]},"properties":{"id":"territory:Greco-Bactrian Kingdom:-144:label","name":"그레코박트리아 왕국","name_en":"Greco-Bactrian Kingdom","actor":"그리스계","valid_from":-144,"valid_to":-126,"span_from":-247,"span_to":-127,"wikidata":"Q488880","area":1099128,"src":"cliopatria","confidence":"medium"}},{"type":"Feature","geometry":{"type":"Polygon","coordinates":[[[79.4977,44.9979],[79.5444,44.9703],[79.5519,44.9611],[79.5485,44.9387],[79.5679,44.9348],[79.9081,44.9805],[79.9813,44.9567],[80.0452,44.8854],[80.1118,44.858],[80.3317,44.858],[80.4194,44.8212],[80.478,44.752],[80.4823,44.6796],[80.3716,44.538],[80.4061,44.5279],[80.4256,44.4829],[80.4005,44.0983],[80.4212,44.0383],[80.7517,43.6364],[80.7752,43.5627],[80.7611,43.3801],[80.7852,43.3389],[80.8543,43.3014],[80.873,43.2519],[80.8227,43.1135],[80.8372,43.0628],[81.0752,42.8541],[81.1022,42.7815],[81.0641,42.5378],[81.0721,42.518],[81.1,42.518],[81.1157,42.5087],[81.1357,42.4728],[81.138,42.345],[81.1742,42.318],[82.5105,42.318],[82.601,42.3309],[84.0601,42.7639],[84.1557,42.7778],[85.7417,42.778],[85.7992,42.7492],[85.7902,42.7148],[85.8135,42.7008],[88.065,42.3943],[88.1117,42.3679],[88.1196,42.358],[88.1106,42.3257],[88.1331,42.3139],[88.8034,42.2617],[88.8594,42.2285],[88.8501,42.1945],[88.8736,42.1797],[89.5956,42.0652],[89.6414,42.0406],[89.6497,42.0302],[89.6415,42.0029],[89.663,41.992],[90.1744,41.9333],[90.2207,41.911],[90.2296,41.9006],[90.2225,41.8749],[90.2415,41.868],[90.3817,41.868],[90.4626,41.8362],[90.5252,41.7654],[90.5918,41.738],[90.7317,41.738],[90.8258,41.7108],[91.2429,41.4299],[91.3216,41.3961],[92.3083,41.1585],[92.3599,41.1195],[92.3519,41.0935],[92.4485,41.0858],[92.4895,41.0584],[92.4805,41.0255],[92.4945,41.018],[92.5752,41.0172],[92.6564,40.992],[93.2004,40.6498],[93.2807,40.628],[93.428,40.6269],[93.4687,40.6119],[93.4792,40.6015],[93.4785,40.5868],[93.0835,39.8468],[93.021,39.8088],[90.8583,39.1265],[90.7647,39.1062],[88.8008,38.8583],[88.7116,38.8372],[87.7095,38.4786],[87.6162,38.4574],[86.4907,38.3373],[86.4016,38.317],[86.1316,38.2195],[86.0664,38.176],[85.8461,37.9158],[85.775,37.8657],[85.4105,37.7118],[85.3435,37.6669],[85.151,37.4668],[85.0674,37.4224],[82.1501,36.7924],[82.0517,36.782],[81.76,36.782],[81.6733,36.765],[81.309,36.6112],[81.2117,36.592],[81.0783,36.592],[80.9831,36.6169],[80.4003,36.9612],[80.3184,36.9888],[79.4409,37.1069],[79.3554,37.1414],[79.1744,37.2789],[79.0983,37.3149],[78.454,37.4844],[78.401,37.5287],[78.3814,37.5974],[78.3359,37.6342],[78.132,37.6818],[78.0497,37.7277],[77.8137,37.9882],[77.7927,38.0578],[77.8113,38.1278],[77.797,38.1811],[77.6859,38.3053],[77.6262,38.332],[77.5408,38.3345],[77.484,38.3682],[77.413,38.5037],[77.3674,38.532],[77.29,38.5337],[77.2253,38.5633],[77.0459,38.7562],[76.9777,38.7953],[75.7395,39.1201],[73.8946,39.4244],[73.7773,39.4373],[73.7737,39.4461],[73.8052,39.4729],[73.9254,39.6682],[73.9227,39.7227],[73.8839,39.728],[73.8796,39.7444],[73.9562,39.9897],[73.9341,40.0543],[73.8664,40.0954],[73.8492,40.1337],[73.8673,40.2024],[73.85,40.2637],[73.7146,40.4076],[73.6498,40.4364],[73.5731,40.438],[73.5353,40.4638],[73.5098,40.5326],[73.45,40.568],[73.3753,40.568],[73.3353,40.594],[73.3101,40.6623],[73.2626,40.6948],[73.1831,40.698],[73.1453,40.7238],[73.1272,40.7828],[73.0873,40.8248],[73.1012,40.8665],[73.1368,40.9093],[73.3034,41.0591],[73.3883,41.088],[73.5294,41.088],[73.6101,41.1095],[73.8434,41.2525],[73.9319,41.2829],[74.4075,41.3417],[74.4784,41.3738],[74.5549,41.448],[74.632,41.4768],[74.7771,41.478],[74.8249,41.5047],[74.8428,41.5628],[74.8542,41.5745],[74.9086,41.5929],[75.0483,41.5521],[75.1301,41.5536],[75.9496,41.8509],[76.0285,41.8887],[76.1611,41.9709],[76.207,42.0239],[76.2479,42.1349],[76.2311,42.1744],[76.167,42.2064],[76.1274,42.2666],[76.1385,42.4545],[76.1101,42.4717],[75.8516,42.4221],[75.7706,42.4488],[75.712,42.518],[75.7073,42.6022],[75.8396,42.7932],[75.8367,42.8434],[75.7842,42.9054],[75.7171,42.9415],[75.4336,42.9937],[75.3492,43.0291],[75.1575,43.1768],[75.1277,43.2484],[75.1757,43.5604],[75.1472,43.6058],[74.8225,43.7642],[74.7943,43.8261],[74.7962,43.8421],[74.958,44.0888],[74.9427,44.1182],[74.5933,44.223],[74.5305,44.2785],[74.4378,44.5336],[74.3946,44.562],[74.3099,44.5652],[74.2624,44.5977],[74.2411,44.6687],[74.1983,44.7142],[74.0034,44.8047],[73.9556,44.8652],[73.952,45.0041],[73.958,45.0174],[73.998,45.0534],[74.0846,45.058],[74.1278,45.0864],[74.2182,45.335],[74.2035,45.3717],[74.1358,45.4084],[74.1162,45.4709],[74.2968,45.9403],[74.3649,45.9844],[74.696,46.0306],[74.7489,46.0663],[74.8564,46.3304],[74.925,46.3743],[75.2673,46.4209],[75.3366,46.4543],[75.4164,46.5373],[75.492,46.5651],[77.3424,46.4997],[77.3993,46.4689],[77.3901,46.4346],[77.4136,46.4199],[77.7055,46.375],[77.7621,46.3273],[77.768,46.1912],[77.7948,46.1491],[77.8641,46.112],[77.8841,46.0645],[77.8617,45.9924],[77.8792,45.946],[77.9964,45.8597],[78.0332,45.7924],[78.0212,45.6014],[78.0542,45.559],[78.3169,45.4609],[78.3894,45.4112],[78.5563,45.214],[78.5954,45.188],[78.7001,45.1771],[79.4977,44.9979]]]},"properties":{"id":"territory:Yuezhi:-203","name":"월지","name_en":"Yuezhi","actor":"기타중립","valid_from":-203,"valid_to":-170,"span_from":-404,"span_to":42,"color":"#8760A9","wikidata":"Q467985","area":900302,"src":"cliopatria","confidence":"medium","finish":"chaikin1cap4km+grow2km+islands+s600m","islands":0}},{"type":"Feature","geometry":{"type":"Point","coordinates":[81.787,40.972]},"properties":{"id":"territory:Yuezhi:-203:label","name":"월지","name_en":"Yuezhi","actor":"기타중립","valid_from":-203,"valid_to":-170,"span_from":-404,"span_to":42,"color":"#8760A9","wikidata":"Q467985","area":900302,"src":"cliopatria","confidence":"medium"}},{"type":"Feature","geometry":{"type":"Polygon","coordinates":[[[70.8941,33.8061],[70.9036,33.7454],[70.8619,33.5647],[70.8209,33.5267],[70.6561,33.4872],[70.6005,33.4376],[70.5702,33.3026],[70.5341,33.251],[70.4231,33.177],[70.3892,33.1121],[70.4062,32.9775],[70.3865,32.9235],[70.2477,32.7916],[70.1834,32.7605],[69.4782,32.6445],[69.4017,32.6127],[68.3729,31.83],[68.3053,31.808],[68.1619,31.808],[68.0868,31.7788],[67.9451,31.632],[67.8831,31.5945],[66.9106,31.2977],[66.8394,31.2568],[66.6162,31.0496],[66.5787,30.992],[66.5557,30.992],[66.5337,30.9664],[66.3766,30.5237],[66.3326,30.465],[66.2245,30.3814],[66.1819,30.3269],[66.0805,30.0773],[66.0286,30.017],[65.6656,29.7966],[65.6102,29.7474],[65.463,29.5554],[65.3944,29.5109],[65.238,29.4653],[65.1761,29.4272],[64.2109,28.339],[64.184,28.2795],[64.1702,28.1489],[64.1401,28.0789],[63.6288,27.4397],[63.5927,27.378],[63.3902,26.8675],[63.3345,26.8105],[63.2482,26.7715],[63.2003,26.7257],[62.492,25.1173],[62.4246,25.0911],[62.2218,25.133],[62.1556,25.1192],[62.0628,25.0496],[61.9769,25.022],[61.7548,25.024],[61.6968,25.054],[61.6618,25.1161],[61.6146,25.1368],[61.1689,25.0873],[61.086,25.1061],[60.9473,25.192],[60.8745,25.212],[60.6518,25.216],[60.6113,25.2485],[60.6046,25.2639],[60.6089,25.3194],[60.5806,25.342],[59.1031,25.342],[59.0165,25.3678],[58.8056,25.5109],[58.7343,25.532],[57.9994,25.5324],[57.9147,25.5504],[57.5619,25.7063],[57.4586,25.7261],[57.4463,25.7806],[57.7402,26.5522],[57.7908,26.6132],[58.8633,27.2821],[58.9032,27.3332],[59.0231,27.7697],[59.0579,27.8381],[59.3721,28.2313],[59.4531,28.268],[59.674,28.268],[59.742,28.291],[59.8355,28.367],[59.8678,28.4189],[59.8762,28.4736],[59.8528,28.5107],[59.78,28.5452],[59.7438,28.6068],[59.8101,30.0102],[59.799,30.032],[59.76,30.0351],[59.7377,30.0884],[59.7858,30.4008],[59.7625,30.4408],[59.6898,30.4754],[59.6598,30.5229],[59.6705,30.6081],[59.7152,30.6667],[60.5859,31.2039],[60.6646,31.2401],[60.9804,31.3428],[61.0183,31.3789],[61.0262,31.4266],[61.0021,31.4685],[60.8651,31.5533],[60.8266,31.617],[60.8597,32.2029],[60.8466,32.2674],[60.6601,32.6488],[60.6479,32.7284],[60.6659,32.8429],[60.6596,32.862],[60.6268,32.8655],[60.6094,32.9102],[60.6671,33.2319],[60.699,33.3012],[60.8459,33.4922],[60.8359,33.5146],[60.6372,33.5626],[60.583,33.6131],[60.557,33.7978],[60.5405,33.822],[60.4997,33.8253],[60.4797,33.879],[60.5487,34.2058],[60.5983,34.2649],[60.7702,34.3544],[60.7936,34.3981],[60.771,34.5218],[60.7964,34.5803],[61.0041,34.7297],[61.0408,34.7827],[61.1648,35.3584],[61.1902,35.4291],[61.2909,35.6204],[61.3509,35.6731],[61.431,35.7082],[61.4713,35.7538],[61.5535,36.1236],[61.5472,36.142],[61.52,36.142],[61.5038,36.1522],[61.4849,36.1973],[61.5189,36.6311],[61.4955,36.6853],[60.9677,37.1504],[60.9488,37.1803],[60.972,37.1993],[60.982,37.2293],[60.9777,37.2477],[60.95,37.268],[60.9282,37.268],[60.7937,37.4095],[60.7681,37.4764],[60.7762,37.5436],[60.7528,37.5807],[60.6791,37.6167],[60.6529,37.6669],[60.7123,37.9231],[60.6913,37.969],[60.5485,38.0605],[60.5214,38.1144],[60.5339,38.1868],[60.5174,38.2388],[60.3837,38.3795],[60.3612,38.4503],[60.4033,38.6356],[60.3947,38.6969],[60.3222,38.8287],[60.3104,38.9027],[60.3844,39.2288],[60.429,39.2992],[60.6715,39.5007],[60.7219,39.526],[60.826,39.5397],[62.4543,40.0349],[62.5451,40.0411],[62.8393,39.9946],[62.9218,39.9929],[63.9737,40.1128],[64.0499,40.1356],[64.3451,40.2871],[64.4255,40.3162],[65.1901,40.4873],[65.2313,40.5223],[65.245,40.5815],[65.2763,40.6216],[65.3243,40.628],[65.3395,40.6386],[65.3547,40.6772],[65.3797,40.6947],[65.43,40.698],[65.4436,40.6917],[65.4586,40.6742],[65.4564,40.6369],[65.4742,40.628],[65.5466,40.628],[65.6085,40.6524],[65.7629,40.7987],[65.82,40.828],[65.8714,40.8239],[65.8778,40.8128],[65.8501,40.782],[65.5577,40.0143],[65.5104,39.9661],[65.3212,39.875],[65.2631,39.8096],[65.1922,39.5499],[65.2093,39.4956],[65.2449,39.492],[65.2473,39.4779],[65.0675,39.041],[65.0754,38.9867],[65.1087,38.982],[65.1133,38.9644],[65.0711,38.7697],[65.0895,38.7254],[65.1351,38.7181],[65.1174,38.6367],[64.737,35.8081],[64.7535,35.763],[64.77,35.752],[64.7998,35.752],[64.8134,35.7289],[64.8308,35.2253],[64.8588,35.1483],[65.0614,34.8838],[65.1379,34.8621],[65.3665,34.9121],[65.4395,34.9006],[65.5746,34.817],[65.661,34.7927],[65.8824,34.792],[65.959,34.7754],[66.022,34.7439],[66.0435,34.7049],[66.03,34.6465],[66.0334,34.6314],[66.0778,34.5802],[66.6399,34.4159],[66.7054,34.3768],[66.7765,34.3024],[66.849,34.2733],[69.691,34.272],[69.7583,34.2463],[69.949,34.0555],[70.03,34.0126],[70.5262,33.9019],[70.6179,33.903],[70.7805,33.942],[70.8044,33.9676],[70.8941,33.8061]]]},"properties":{"id":"territory:Indo-Scythians:-110","name":"인도스키타이","name_en":"Indo-Scythians","actor":"기타중립","valid_from":-110,"valid_to":-91,"span_from":-144,"span_to":282,"color":"#A99D60","wikidata":"Q240123","area":860065,"src":"cliopatria","confidence":"medium","finish":"chaikin1cap4km+grow2km+islands+s600m","islands":0}},{"type":"Feature","geometry":{"type":"Point","coordinates":[63.315,32.461]},"properties":{"id":"territory:Indo-Scythians:-110:label","name":"인도스키타이","name_en":"Indo-Scythians","actor":"기타중립","valid_from":-110,"valid_to":-91,"span_from":-144,"span_to":282,"color":"#A99D60","wikidata":"Q240123","area":860065,"src":"cliopatria","confidence":"medium"}},{"type":"Feature","geometry":{"type":"MultiPolygon","coordinates":[[[[27.2509,37.3158],[27.2239,37.3501],[27.2694,37.4229],[27.2627,37.4672],[27.1787,37.54],[27.1495,37.5967],[27.163,37.595],[27.1615,37.6215],[27.2242,37.7406],[27.2234,37.752],[27.1882,37.7565],[27.1682,37.774],[27.162,37.8225],[27.1735,37.8392],[27.2261,37.822],[27.6839,37.822],[27.776,37.8331],[27.9305,37.8716],[28.0053,37.9139],[28.1243,38.0455],[28.1896,38.072],[28.4017,38.072],[28.4806,38.0521],[28.6304,37.9674],[28.6664,37.9176],[28.6984,37.6139],[28.7515,37.5565],[29.2089,37.4438],[29.2694,37.4052],[29.3632,37.2712],[29.4301,37.2193],[29.6463,37.1321],[29.667,37.0943],[29.5965,36.9109],[29.582,36.8525],[29.5555,36.5175],[29.5926,36.455],[29.6758,36.4183],[29.7682,36.4131],[30.4702,36.5819],[30.5201,36.6087],[30.528,36.595],[30.5279,36.5637],[30.5115,36.384],[30.5042,36.3714],[30.4449,36.332],[30.0791,36.332],[30.0202,36.3043],[29.9694,36.2352],[29.8949,36.202],[29.2851,36.202],[29.2143,36.2513],[29.112,36.6947],[29.0682,36.7306],[28.4054,36.844],[28.3451,36.8247],[28.2227,36.6834],[28.15,36.652],[28.07,36.652],[28.0263,36.6934],[28.0226,36.7099],[28.1102,37.0206],[28.0863,37.0488],[27.6335,37.11],[27.5741,37.1611],[27.5329,37.3325],[27.4934,37.353],[27.2672,37.3106],[27.2509,37.3158]],[[27.1592,37.5889],[27.1658,37.5824],[27.1633,37.5939],[27.1592,37.5889]]],[[[18.5531,43.3263],[18.6113,43.3136],[18.6915,43.3419],[18.7593,43.3455],[18.802,43.3224],[18.8105,43.3427],[18.8305,43.3552],[18.8908,43.3544],[18.918,43.325],[18.918,43.295],[18.8853,43.2631],[19.1729,43.061],[19.2506,43.038],[19.5722,43.0348],[19.6055,43.003],[19.5985,42.9883],[19.56,42.9584],[19.5582,42.9222],[19.5925,42.8664],[19.652,42.838],[20.192,42.838],[20.206,42.8313],[20.2359,42.7888],[20.1932,42.7209],[20.2005,42.708],[20.2788,42.7056],[20.3433,42.666],[20.3749,42.6074],[20.4253,42.5913],[20.5802,42.6347],[20.6351,42.6138],[20.6454,42.5961],[20.6408,42.5365],[20.6684,42.4874],[21.0527,42.2117],[21.1266,42.1971],[22.4128,42.4365],[22.4574,42.4095],[22.4661,42.3932],[22.4601,42.2794],[22.486,42.2239],[22.568,42.1528],[22.6333,42.128],[22.7164,42.1268],[22.7878,42.0996],[23.0284,41.8925],[23.102,41.8591],[23.4117,41.804],[23.4894,41.7613],[23.6546,41.566],[23.7174,41.5473],[24.6702,41.7288],[24.7699,41.7272],[24.9844,41.6787],[25.056,41.6925],[25.1555,41.7686],[25.248,41.798],[26.2696,41.798],[26.3488,41.8201],[26.7889,42.1038],[26.878,42.128],[27.44,42.128],[27.48,42.0689],[27.5665,41.9939],[27.6536,41.963],[27.8806,41.962],[27.9362,41.9774],[27.9453,41.96],[27.9416,41.9339],[27.9946,41.9205],[28.0233,41.8771],[28.0606,41.6383],[28.0931,41.6243],[28.1829,41.6521],[28.2422,41.6335],[28.3472,41.4358],[28.4034,41.3973],[28.9448,41.2837],[29.0082,41.2304],[29.0457,41.1115],[29.0422,41.0955],[28.992,41.052],[27.5811,41.052],[27.5098,41.0262],[27.2222,40.7551],[27.1405,40.7166],[27.0958,40.7092],[27.0667,40.7512],[27.0527,40.758],[26.8273,40.758],[26.7677,40.7225],[26.7568,40.6668],[26.7329,40.6661],[26.512,40.6846],[26.5105,40.7011],[26.4997,40.7091],[26.29,40.758],[26.2456,40.7574],[26.1161,40.7181],[26.0612,40.7585],[26.0546,40.7739],[26.0589,40.8303],[26.025,40.8619],[25.4241,40.9735],[25.3312,40.982],[24.4007,40.982],[24.3248,40.9581],[24.047,40.748],[23.9601,40.7328],[23.7483,40.7807],[23.7133,40.7627],[23.7021,40.6508],[23.7314,40.6099],[23.8155,40.574],[23.8462,40.5097],[23.7681,40.2596],[23.7014,40.2246],[23.0014,40.3914],[22.9304,40.4484],[22.8885,40.562],[22.8414,40.5826],[22.6248,40.542],[22.5851,40.5057],[22.5609,40.1431],[22.5872,40.118],[22.66,40.118],[22.6745,40.1105],[22.6992,40.0765],[22.7011,40.0586],[22.6443,39.9325],[22.6576,39.8831],[23.1257,39.4814],[23.1107,39.4335],[23.0978,39.4224],[22.8748,39.3736],[22.8352,39.336],[22.8209,39.1068],[22.8404,39.0973],[22.9205,39.1305],[23.008,39.1264],[23.4578,38.9058],[23.4678,38.8897],[23.468,38.8526],[23.4572,38.836],[23.3699,38.7995],[23.2813,38.8015],[23.0702,38.893],[23.0267,38.881],[22.9764,38.7749],[22.9963,38.7417],[23.1308,38.7007],[23.2031,38.6535],[23.2985,38.526],[23.3617,38.498],[23.5751,38.498],[23.6003,38.5211],[23.5525,38.7106],[23.6097,38.7508],[23.9899,38.6936],[24.074,38.6578],[24.1584,38.5903],[24.1958,38.513],[24.1801,38.2548],[24.1665,38.2385],[24.1339,38.2303],[24.1174,38.2344],[24.0872,38.2619],[24.0509,38.3122],[24.0181,38.3247],[23.96,38.3775],[23.9154,38.402],[23.8749,38.4015],[23.8623,38.4198],[23.8196,38.4316],[23.3421,38.3682],[23.3026,38.3267],[23.2978,38.3116],[23.3367,38.0629],[23.3595,38.0243],[23.3425,38.012],[23.3138,38.012],[23.2812,37.9857],[23.2303,37.9159],[23.16,37.882],[23.0864,37.882],[23.058,37.8589],[23.058,37.8049],[23.0743,37.7442],[23.1056,37.686],[23.1622,37.658],[23.292,37.658],[23.3565,37.6195],[23.411,37.3589],[23.4051,37.342],[23.352,37.302],[23.218,37.302],[23.162,37.3379],[23.1546,37.3539],[23.1591,37.4127],[23.1291,37.4581],[22.9816,37.5415],[22.8998,37.562],[22.7638,37.562],[22.7262,37.5347],[22.7196,37.3611],[22.7496,37.3167],[22.8255,37.2799],[22.8794,37.2214],[23.0638,36.6973],[23.0353,36.6805],[23.0169,36.6837],[22.8522,36.8269],[22.779,36.852],[22.6525,36.852],[22.5986,36.823],[22.5351,36.6889],[22.4725,36.652],[22.3975,36.652],[22.3306,36.6986],[22.2178,37.013],[22.1673,37.042],[21.9637,37.042],[21.9256,37.0146],[21.9136,36.8923],[21.86,36.852],[21.78,36.852],[21.7224,36.8913],[21.6698,37.147],[21.651,37.172],[21.609,37.1758],[21.5935,37.2205],[21.67,37.4743],[21.6506,37.5233],[21.2573,37.8104],[21.243,37.8819],[21.3857,38.1357],[21.468,38.178],[21.6763,38.178],[21.7144,38.2054],[21.7197,38.3066],[21.6848,38.3389],[21.235,38.3962],[21.1594,38.4362],[20.9792,38.6949],[20.9174,38.7352],[20.7808,38.7708],[20.7453,38.8236],[20.7461,38.8421],[20.8691,39.0302],[20.8561,39.068],[20.3266,39.3467],[20.2682,39.4066],[20.1516,39.663],[20.0975,39.692],[19.9732,39.692],[19.9347,39.6672],[19.9304,39.6111],[19.9197,39.596],[19.8658,39.5783],[19.7908,39.6083],[19.7459,39.6614],[19.742,39.7375],[19.7499,39.7524],[19.7979,39.7849],[19.9462,39.788],[19.9843,39.8154],[19.99,39.9304],[19.9636,39.9856],[19.6527,40.2474],[19.5868,40.272],[19.51,40.272],[19.4599,40.3129],[19.4543,40.327],[19.4692,40.5658],[19.4358,40.592],[19.2879,40.5951],[19.2399,40.6276],[19.232,40.6425],[19.2356,40.7182],[19.275,40.7712],[19.4478,40.8631],[19.4758,40.9094],[19.4277,41.2216],[19.4424,41.2962],[19.482,41.3626],[19.482,41.372],[19.4469,41.3777],[19.4421,41.3912],[19.4473,41.4321],[19.4908,41.502],[19.4588,41.506],[19.4445,41.5508],[19.509,41.7455],[19.4928,41.7967],[18.8712,42.3282],[18.7993,42.3694],[18.1769,42.5974],[18.1015,42.6498],[18.0026,42.7751],[17.9373,42.811],[17.6383,42.8633],[17.582,42.8428],[17.5373,42.7761],[17.4978,42.7848],[17.4997,42.9067],[17.4729,42.932],[17.3878,42.9368],[17.3434,42.9866],[17.3502,43.1638],[17.3217,43.1799],[17.1699,43.1435],[17.1033,43.1688],[17.0932,43.1806],[17.0443,43.3619],[17.002,43.3811],[16.7799,43.3325],[16.7212,43.3603],[16.712,43.3759],[16.712,43.4982],[16.6811,43.5402],[16.6135,43.5673],[16.5348,43.5726],[15.9799,43.4616],[15.9644,43.4658],[15.9322,43.4998],[15.9718,43.5721],[15.9689,43.6249],[15.8717,43.7545],[15.8158,43.782],[15.7314,43.7842],[15.6647,43.8231],[15.6283,43.8823],[15.5749,43.8987],[15.4198,43.8553],[15.4033,43.8589],[15.3743,43.8895],[15.4171,43.9596],[15.4028,43.988],[15.2597,44.0297],[15.2002,44.0823],[15.1407,44.3475],[15.1036,44.4038],[14.9318,44.5398],[14.895,44.6077],[14.9009,44.9276],[14.8657,44.9688],[14.5584,45.0686],[14.5155,45.125],[14.5132,45.1402],[14.5692,45.3294],[14.545,45.352],[14.2538,45.352],[14.2166,45.3248],[14.209,45.0754],[14.2017,45.0614],[14.142,45.022],[14.0032,45.022],[13.9647,44.9972],[13.9604,44.9411],[13.9109,44.8957],[13.82,44.892],[13.7549,44.9418],[13.701,45.1956],[13.6576,45.2394],[13.5685,45.2738],[13.5239,45.3368],[13.5365,45.4777],[13.5783,45.5136],[13.6631,45.518],[13.692,45.5439],[13.692,45.7158],[13.655,45.7477],[13.1906,45.7966],[13.1395,45.7724],[13.091,45.6573],[13.0209,45.6246],[12.8649,45.6603],[12.7939,45.6474],[12.6945,45.5714],[12.6092,45.5375],[12.215,45.4886],[12.178,45.456],[12.178,45.2115],[12.2112,45.1627],[12.3697,45.0768],[12.418,45.0041],[12.418,44.8159],[12.4085,44.8001],[12.3502,44.7739],[12.2078,44.8095],[12.1768,44.7931],[12.169,44.4882],[12.1867,44.4246],[12.3042,44.2337],[12.3568,44.1793],[12.8415,43.8418],[12.9105,43.8333],[12.9915,43.8619],[13.0447,43.844],[13.0554,43.8261],[13.0511,43.7698],[13.085,43.7383],[13.3166,43.6961],[13.3993,43.6596],[13.6496,43.4506],[13.696,43.3789],[13.7579,43.1237],[13.8004,43.0731],[13.9597,42.9868],[13.9906,42.923],[13.9343,42.7903],[13.9377,42.733],[14.0544,42.5433],[14.1046,42.4861],[14.3472,42.2826],[14.4132,42.258],[14.4986,42.2558],[14.5653,42.2169],[14.6017,42.1578],[14.6493,42.1439],[14.7237,42.1718],[14.7772,42.154],[14.788,42.1375],[14.788,42.0787],[14.8186,42.0399],[14.8864,42.0128],[14.964,42.009],[15.1301,42.046],[15.1933,42.0245],[15.2356,41.956],[15.2922,41.928],[16.0825,41.9246],[16.128,41.8921],[16.1354,41.8761],[16.1246,41.7992],[16.0689,41.7512],[15.9257,41.7154],[15.8969,41.6799],[15.9488,41.4351],[15.9942,41.3955],[16.6885,41.2284],[16.7766,41.198],[17.4068,40.9052],[17.4694,40.851],[17.5064,40.7847],[17.5629,40.744],[17.9398,40.6398],[18.0201,40.5992],[18.3424,40.3277],[18.391,40.2627],[18.4421,40.1412],[18.4316,40.0863],[18.3901,40.082],[18.3759,40.0587],[18.3697,39.935],[18.3623,39.9213],[18.302,39.882],[18.1503,39.8837],[18.0739,39.9225],[17.8188,40.3136],[17.7581,40.342],[17.459,40.3444],[17.3983,40.379],[17.3482,40.503],[17.2973,40.532],[17.0797,40.532],[16.9954,40.5153],[16.9224,40.4833],[16.9139,40.4695],[16.9479,40.4342],[16.9459,40.3873],[16.8895,40.3055],[16.812,40.272],[16.6755,40.272],[16.6556,40.2517],[16.7021,40.1412],[16.6776,40.0717],[16.5111,39.9773],[16.4767,39.9282],[16.4693,39.6826],[16.5048,39.6435],[16.8833,39.5384],[16.9631,39.4964],[17.0504,39.4208],[17.0953,39.3484],[17.1473,39.0856],[17.1046,39.0262],[16.5532,38.8022],[16.5169,38.7575],[16.5089,38.4555],[16.4735,38.385],[15.968,37.9695],[15.882,37.942],[15.748,37.942],[15.6775,37.9787],[15.6195,38.113],[15.5674,38.142],[15.442,38.142],[15.3825,38.1135],[15.1066,37.6652],[15.087,37.6012],[15.079,37.2915],[15.109,37.2497],[15.1885,37.2131],[15.2146,37.1493],[15.0793,36.7687],[15.002,36.722],[14.708,36.722],[14.6189,36.7565],[14.2976,37.0862],[14.2276,37.1207],[13.6194,37.2256],[13.5366,37.2632],[13.2121,37.5378],[13.138,37.5714],[12.5241,37.6884],[12.472,37.7459],[12.4732,37.8705],[12.5018,37.942],[12.6189,38.0767],[12.6997,38.1005],[12.9911,38.0557],[13.0479,38.0771],[13.0922,38.1437],[13.168,38.178],[13.302,38.178],[13.3915,38.1543],[13.6404,37.9997],[13.7203,37.978],[14.0112,37.978],[14.1041,37.9864],[15.8057,38.2983],[15.8523,38.3355],[15.9301,38.6484],[15.9922,38.6976],[16.215,38.7464],[16.252,38.7834],[16.252,38.8898],[16.2242,38.946],[16.1396,39.0192],[16.092,39.0897],[15.8948,39.7261],[15.8502,39.7775],[15.6913,39.8726],[15.673,39.9268],[15.7078,39.9957],[15.6938,40.012],[15.478,40.012],[15.3929,40.0402],[15.2219,40.1871],[15.1567,40.212],[15.0699,40.2151],[15.0183,40.25],[14.8867,40.633],[14.8372,40.662],[14.4572,40.6656],[14.4092,40.7016],[14.402,40.7159],[14.402,40.8251],[14.3661,40.852],[14.148,40.852],[14.073,40.8869],[13.9559,41.0837],[13.9053,41.112],[13.8214,41.1142],[13.7614,41.1467],[13.7172,41.214],[13.657,41.2472],[13.0458,41.3074],[12.9542,41.3389],[12.1559,41.8712],[12.1148,41.9329],[12.112,41.9996],[12.0754,42.0336],[11.8522,42.0824],[11.7802,42.1275],[11.6586,42.3217],[11.6116,42.3336],[11.5255,42.3001],[11.468,42.3151],[11.4241,42.3844],[11.3753,42.412],[11.2903,42.4149],[11.2365,42.4493],[11.1792,42.5836],[11.1347,42.612],[11.048,42.6166],[11.008,42.6526],[11.002,42.7785],[10.9688,42.8273],[10.5703,43.0432],[10.5163,43.1033],[10.3632,43.6287],[10.334,43.6942],[10.1384,44.0121],[10.0852,44.0282],[9.9397,43.9858],[9.9236,43.9889],[9.8923,44.0194],[9.9278,44.0857],[9.9138,44.102],[9.778,44.102],[9.6831,44.1264],[9.1911,44.4112],[9.1098,44.432],[8.6408,44.432],[8.5662,44.4076],[8.1538,44.0725],[8.1385,44.0689],[8.0987,44.078],[8.0851,44.0919],[8.0197,44.4182],[8.0367,44.4921],[8.3025,44.8866],[8.3301,44.9509],[8.3993,45.2764],[8.4528,45.334],[8.5287,45.3672],[8.562,45.4088],[8.5663,45.4791],[8.6085,45.5288],[8.8545,45.6305],[8.948,45.648],[10.482,45.648],[10.579,45.63],[10.8225,45.5341],[10.9096,45.518],[11.4611,45.518],[11.5529,45.5282],[12.0289,45.6368],[12.1103,45.6682],[12.3594,45.8116],[12.392,45.8605],[12.3982,45.9385],[12.4382,45.9735],[12.5269,45.978],[12.5942,46.002],[12.8558,46.2081],[12.9425,46.2371],[13.592,46.238],[13.6781,46.2107],[13.776,46.1326],[13.85,46.1106],[14.9012,46.1654],[14.9595,46.1327],[14.968,46.1175],[14.968,46.0606],[15.0047,46.028],[15.2323,45.9844],[15.2788,45.9582],[15.288,45.9425],[15.288,45.915],[15.3197,45.8835],[15.9673,45.5289],[15.9876,45.479],[15.9469,45.4384],[15.9412,45.3974],[15.9841,45.2808],[15.9814,45.2635],[15.94,45.222],[15.8668,45.222],[15.837,45.1958],[15.8289,44.8219],[15.8634,44.7777],[16.0946,44.6838],[16.1681,44.636],[16.5021,44.2941],[16.5637,44.268],[16.6474,44.2664],[16.7139,44.2364],[16.8944,44.0347],[16.9539,44.008],[17.0386,44.0058],[17.1053,43.9669],[17.1415,43.9082],[17.1884,43.8964],[17.2754,43.9296],[17.3292,43.9127],[17.3404,43.9023],[17.3914,43.7749],[17.442,43.7284],[17.8229,43.5744],[17.9096,43.558],[18.292,43.558],[18.3732,43.5267],[18.5531,43.3263]]],[[[28.2548,36.4567],[28.2588,36.4405],[28.1612,36.0524],[28.1042,35.9995],[27.7869,35.8963],[27.7276,35.9196],[27.7176,35.9335],[27.6768,36.252],[27.7106,36.3197],[27.9748,36.4747],[28.031,36.4967],[28.21,36.498],[28.2548,36.4567]]],[[[27.1567,36.7671],[26.9168,36.6696],[26.8987,36.6723],[26.8731,36.6991],[27.0041,36.908],[27.049,36.9442],[27.1118,36.9436],[27.1533,36.906],[27.1883,36.841],[27.1888,36.825],[27.1567,36.7671]]],[[[25.4693,40.0081],[25.4761,39.9932],[25.4698,39.875],[25.4138,39.8255],[25.0169,39.822],[25.0034,39.8281],[24.9697,39.8712],[25.0366,40.005],[25.0781,40.0434],[25.4243,40.044],[25.4693,40.0081]]],[[[23.4708,38.7414],[23.4648,38.758],[23.4775,38.7999],[23.51,38.818],[23.5617,38.8136],[23.5852,38.782],[23.5725,38.7401],[23.54,38.722],[23.5,38.722],[23.4708,38.7414]]],[[[23.1361,36.3132],[23.1298,36.195],[23.1229,36.1817],[23.0654,36.142],[22.9146,36.142],[22.8611,36.1822],[22.8548,36.1972],[22.8693,36.3855],[22.8919,36.4288],[22.9075,36.438],[22.9477,36.4372],[23.0064,36.4193],[23.0955,36.3775],[23.1361,36.3132]]],[[[20.6002,37.865],[20.6247,37.9094],[20.64,37.918],[20.8845,37.918],[20.94,37.878],[20.9466,37.8634],[20.9393,37.6752],[20.9304,37.6604],[20.8853,37.6343],[20.6498,37.6826],[20.5939,37.7468],[20.6002,37.865]]],[[[20.7717,38.3266],[20.8135,38.2636],[20.8097,38.125],[20.8013,38.1107],[20.7424,38.0789],[20.3623,38.1355],[20.3093,38.1831],[20.3039,38.1968],[20.3102,38.315],[20.3628,38.384],[20.51,38.438],[20.5562,38.4369],[20.6133,38.4159],[20.7717,38.3266]]],[[[20.168,39.625],[20.1608,39.5806],[20.13,39.562],[20.09,39.562],[20.0592,39.5806],[20.052,39.595],[20.0592,39.6394],[20.09,39.658],[20.1408,39.6544],[20.168,39.625]]],[[[15.8416,43.7073],[15.8619,43.6894],[15.8684,43.6626],[15.826,43.6922],[15.8241,43.7],[15.8416,43.7073]]],[[[15.6048,43.8242],[15.61,43.8091],[15.641,43.7978],[15.666,43.7665],[15.6311,43.7714],[15.5676,43.8277],[15.5714,43.8333],[15.5863,43.8229],[15.5913,43.8314],[15.6048,43.8242]]],[[[15.0861,44.3088],[15.1372,44.2883],[15.1169,44.2817],[15.0878,44.2989],[15.0581,44.2856],[15.0304,44.2981],[15.0255,44.3151],[15.0309,44.3267],[15.0861,44.3088]]],[[[14.588,35.9341],[14.588,35.8059],[14.5788,35.7903],[14.5232,35.7655],[14.3763,35.8102],[14.3263,35.8643],[14.322,35.9941],[14.3443,36.0387],[14.36,36.048],[14.4045,36.0474],[14.4642,36.0317],[14.547,35.9957],[14.588,35.9341]]],[[[14.5189,44.5555],[14.5089,44.5398],[14.4479,44.5145],[14.2949,44.5555],[14.243,44.6164],[14.2511,44.9345],[14.2745,44.979],[14.29,44.988],[14.3344,44.9874],[14.4763,44.9418],[14.527,44.8736],[14.5189,44.5555]]],[[[12.4141,45.4731],[12.4184,45.4687],[12.3961,45.4494],[12.3853,45.4457],[12.3752,45.4538],[12.4141,45.4731]]],[[[8.8033,37.018],[8.8332,37.0439],[8.8778,37.1148],[8.9344,37.1302],[9.0241,37.0953],[9.0899,37.0994],[9.3252,37.2436],[9.4071,37.2746],[9.7194,37.3299],[9.8053,37.315],[9.9593,37.228],[10.0314,37.2189],[10.1831,37.2568],[10.2392,37.2295],[10.248,37.2141],[10.248,37.1006],[10.2606,37.078],[10.301,37.0742],[10.3166,37.0297],[10.2605,36.8379],[10.2833,36.8047],[10.4192,36.7692],[10.4936,36.7758],[10.9639,36.9981],[11.0175,36.9804],[11.028,36.9641],[11.028,36.8359],[10.9864,36.7619],[10.5089,36.432],[10.5009,36.4081],[10.5374,36.372],[10.5514,36.3113],[10.4852,35.9389],[10.5108,35.8952],[10.8243,35.7416],[10.8624,35.7055],[10.868,35.6671],[10.8998,35.6456],[11.0422,35.6084],[11.0933,35.5561],[11.0962,35.4181],[11.0787,35.3821],[11.0625,35.372],[11.0407,35.372],[11.0348,35.3533],[11.0913,35.0387],[11.0519,34.978],[10.9017,34.9349],[10.868,34.9002],[10.8653,34.8331],[10.8259,34.7721],[10.1242,34.2982],[10.067,34.2735],[10.018,34.2725],[9.9814,34.3295],[9.4336,34.7964],[9.3938,34.8528],[9.2569,35.2359],[9.211,35.2994],[8.9659,35.505],[8.9486,35.5555],[8.9961,35.7434],[8.9684,35.7959],[8.8894,35.8368],[8.858,35.8816],[8.858,35.9941],[8.832,36.0659],[8.7205,36.1997],[8.698,36.2592],[8.698,36.3788],[8.7286,36.4268],[8.883,36.5141],[8.9142,36.5774],[8.7792,36.9715],[8.7522,37.0026],[8.77,37.018],[8.8033,37.018]]],[[[10.4706,42.8686],[10.478,42.8541],[10.478,42.7259],[10.4706,42.7114],[10.411,42.672],[10.259,42.672],[10.1795,42.7178],[10.1271,42.8488],[10.1385,42.9038],[10.411,42.908],[10.4706,42.8686]]],[[[8.3343,39.5187],[8.35,39.528],[8.381,39.528],[8.3994,39.5529],[8.4547,39.8607],[8.4278,39.9032],[8.3445,39.9434],[8.3134,39.9962],[8.3725,40.2541],[8.3668,40.272],[8.34,40.272],[8.3243,40.2813],[8.3043,40.3172],[8.302,40.4381],[8.2685,40.4829],[8.1857,40.5216],[8.1411,40.5855],[8.133,40.9036],[8.1414,40.9193],[8.1988,40.9497],[8.5037,40.8963],[8.5736,40.9129],[8.9767,41.2474],[9.04,41.278],[9.1487,41.2709],[9.4566,41.2247],[9.5309,41.1839],[9.8127,40.782],[9.838,40.7041],[9.8347,40.3856],[9.7901,40.3262],[9.7199,40.2935],[9.693,40.2501],[9.7621,39.6686],[9.7465,39.6328],[9.73,39.622],[9.6992,39.622],[9.6815,39.5973],[9.6133,39.1629],[9.6045,39.1501],[9.5414,39.1181],[9.169,39.1656],[9.1176,39.1425],[8.9944,38.888],[8.9231,38.852],[8.7769,38.852],[8.6813,38.8673],[8.3773,38.9686],[8.3346,39.0251],[8.3321,39.0399],[8.3818,39.2246],[8.3766,39.242],[8.35,39.242],[8.3343,39.2513],[8.3143,39.2872],[8.3143,39.4828],[8.3343,39.5187]]],[[[8.5211,42.1455],[8.513,42.4636],[8.552,42.5403],[8.7257,42.6778],[8.8101,42.7148],[9.1155,42.7687],[9.1653,42.8059],[9.222,42.9902],[9.2565,43.0319],[9.27,43.038],[9.45,43.038],[9.502,42.9974],[9.508,42.9841],[9.508,42.8006],[9.5206,42.778],[9.55,42.778],[9.5656,42.7689],[9.5884,42.7243],[9.5975,42.0162],[9.5758,41.9714],[9.56,41.962],[9.5306,41.962],[9.518,41.9394],[9.518,41.8159],[9.4971,41.7422],[9.2913,41.4086],[9.2263,41.3582],[9.1463,41.3282],[9.0604,41.3346],[8.8087,41.4821],[8.762,41.5559],[8.762,41.6761],[8.7331,41.702],[8.66,41.702],[8.62,41.7436],[8.6179,41.7613],[8.667,41.878],[8.6583,41.9334],[8.548,42.0726],[8.5211,42.1455]]],[[[-1.8323,41.218],[-1.793,41.2458],[-1.7518,41.6162],[-1.7249,41.66],[-1.6838,41.668],[-1.6793,41.6847],[-1.7571,41.9483],[-1.7414,42.0219],[-1.6493,42.147],[-1.6303,42.2081],[-1.6439,42.4721],[-1.6261,42.508],[-1.61,42.518],[-1.579,42.518],[-1.5602,42.543],[-1.5076,42.7987],[-1.4609,42.8343],[-1.3747,42.838],[-1.3259,42.8656],[-1.2856,42.9335],[-1.2215,42.966],[-0.9866,42.968],[-0.9539,42.9585],[-0.958,43.0025],[-0.9518,43.016],[-0.92,43.038],[-0.8682,43.0335],[-0.842,43.0025],[-0.8482,42.954],[-0.8867,42.932],[-0.714,42.8008],[-0.6395,42.768],[0.2485,42.5868],[0.334,42.549],[0.4345,42.4721],[0.5044,42.4585],[0.7308,42.507],[0.7975,42.4854],[0.85,42.4159],[0.9105,42.388],[1.1334,42.388],[1.1863,42.3693],[1.198,42.3525],[1.198,42.3299],[1.2299,42.318],[1.3734,42.318],[1.4622,42.2965],[1.9694,42.0174],[2.05,41.9895],[2.3569,41.9358],[2.4474,41.928],[2.6675,41.928],[2.6988,41.9511],[2.6981,42.0183],[2.7356,42.0683],[2.836,42.1094],[2.8528,42.1034],[2.9173,42.0048],[2.9677,41.8199],[2.9285,41.7447],[2.6173,41.593],[2.5234,41.572],[2.3802,41.572],[2.3155,41.545],[2.1492,41.3485],[2.0725,41.3072],[1.2897,41.1893],[1.207,41.1642],[0.7516,40.9449],[0.7196,40.8988],[0.7266,40.7166],[0.6876,40.6491],[0.2993,40.4272],[0.2569,40.3763],[0.2024,40.1827],[0.146,40.1263],[-0.0799,40.0315],[-0.1386,39.9858],[-0.3117,39.734],[-0.3294,39.6722],[-0.2948,39.1707],[-0.266,39.1129],[0.083,38.7809],[0.0884,38.7652],[0.0722,38.7027],[-0.6119,38.2976],[-0.6633,38.246],[-0.7647,38.0576],[-0.7727,37.9959],[-0.6916,37.6797],[-0.6952,37.6638],[-0.7314,37.62],[-1.6533,37.4424],[-1.6668,37.4192],[-1.6272,37.3619],[-1.6278,37.3407],[-1.6666,37.302],[-1.8086,37.302],[-1.8588,37.2732],[-2.03,36.828],[-2.0981,36.7905],[-2.4833,36.8449],[-2.5524,36.8268],[-2.6373,36.7533],[-2.7266,36.722],[-4.4204,36.722],[-4.4919,36.6973],[-4.6472,36.5632],[-4.7289,36.5275],[-5.177,36.4688],[-5.2221,36.4343],[-5.2643,36.2513],[-5.3151,36.1885],[-5.6238,36.0321],[-5.6999,36.0476],[-5.8141,36.1753],[-5.8801,36.202],[-6.0213,36.2039],[-6.095,36.2434],[-6.3275,36.6318],[-6.3507,36.7045],[-6.3647,36.8864],[-6.4032,36.9268],[-6.5514,36.97],[-6.6274,37.0129],[-6.8215,37.2061],[-6.8899,37.232],[-7.4176,37.232],[-7.4454,37.212],[-7.4398,37.1504],[-7.4787,37.0931],[-7.6336,37.0056],[-7.7227,36.9882],[-8.654,37.106],[-8.7358,37.0949],[-8.9522,37.0011],[-8.9677,37.0017],[-9.01,37.0277],[-8.9238,37.5474],[-8.8945,37.5906],[-8.8506,37.598],[-8.838,37.6206],[-8.838,38.4342],[-8.8696,38.4542],[-9.1735,38.4116],[-9.222,38.4404],[-9.2308,38.4544],[-9.2442,38.6228],[-9.2685,38.6353],[-9.3451,38.6072],[-9.424,38.621],[-9.5278,38.7004],[-9.5692,38.7665],[-9.5829,38.901],[-9.5525,38.9708],[-9.4742,39.0434],[-9.4438,39.1011],[-9.4115,39.416],[-9.3614,39.4639],[-9.2747,39.468],[-9.2259,39.4956],[-9.1933,39.556],[-9.1779,39.5655],[-9.1384,39.5663],[-9.1233,39.5585],[-9.08,39.4959],[-9.0195,39.468],[-8.877,39.4652],[-8.8254,39.4327],[-8.8083,39.3624],[-8.7764,39.338],[-8.7075,39.338],[-8.6396,39.3042],[-8.5894,39.2351],[-8.5283,39.1989],[-8.2851,39.153],[-8.2183,39.1034],[-8.1614,38.9768],[-8.1088,38.948],[-7.8091,38.9463],[-7.7405,38.9146],[-7.6908,38.8472],[-7.6368,38.8319],[-7.4867,38.8735],[-7.4383,38.8542],[-7.4272,38.8402],[-7.4179,38.7793],[-7.4031,38.758],[-7.378,38.7633],[-7.3708,38.7994],[-7.3508,38.8144],[-7.3,38.818],[-7.2692,38.7994],[-7.262,38.764],[-7.2092,38.7543],[-7.1633,38.7185],[-7.1204,38.6565],[-7.062,38.6346],[-5.759,38.8115],[-5.6712,38.8306],[-5.5303,38.8735],[-5.4598,38.9119],[-5.0781,39.2492],[-4.9976,39.2855],[-4.3898,39.3897],[-4.3074,39.416],[-3.8588,39.6361],[-3.797,39.6832],[-3.6292,39.8815],[-3.5573,39.9296],[-3.2601,40.0318],[-3.1914,40.0723],[-2.5018,40.7252],[-2.4294,40.7566],[-2.3509,40.758],[-2.2885,40.7824],[-2.057,40.9831],[-2.0442,41.0323],[-2.1011,41.1587],[-2.0979,41.1782],[-2.0534,41.218],[-1.8323,41.218]]],[[[-1.672,42.1875],[-1.6982,42.1565],[-1.75,42.152],[-1.7818,42.174],[-1.788,42.2225],[-1.7618,42.2535],[-1.71,42.258],[-1.6782,42.236],[-1.672,42.1875]]]]},"properties":{"id":"territory:Roman Republic:-144","name":"로마 공화정","name_en":"Roman Republic","actor":"로마","valid_from":-144,"valid_to":-126,"span_from":-500,"span_to":-32,"wikidata":"Q175881","area":850618,"src":"cliopatria","confidence":"medium","finish":"chaikin1cap4km+grow2km+islands+s600m","islands":5,"island_rule":"nearest<=40km"}},{"type":"Feature","geometry":{"type":"Point","coordinates":[17.509,41.739]},"properties":{"id":"territory:Roman Republic:-144:label","name":"로마 공화정","name_en":"Roman Republic","actor":"로마","valid_from":-144,"valid_to":-126,"span_from":-500,"span_to":-32,"wikidata":"Q175881","area":850618,"src":"cliopatria","confidence":"medium"}},{"type":"Feature","geometry":{"type":"MultiPolygon","coordinates":[[[[71.2353,36.1701],[71.2812,36.1416],[71.2872,36.1222],[71.2687,36.0622],[71.2828,36.0112],[71.6601,35.6144],[71.6861,35.5432],[71.6702,35.2327],[71.7005,35.2008],[72.4308,35.0939],[72.5099,35.065],[73.4439,34.4584],[73.5149,34.438],[73.8999,34.4331],[73.9347,34.4006],[73.94,34.3835],[73.9265,34.325],[73.9456,34.2888],[74.0035,34.262],[74.0751,34.2441],[75.5088,34.1179],[75.5658,34.0689],[75.6983,33.5031],[75.7344,33.4565],[75.8016,33.4187],[75.8467,33.3596],[75.9463,32.9859],[75.9857,32.958],[76.06,32.958],[76.1052,32.9202],[76.11,32.9035],[76.0961,32.8432],[76.1008,32.828],[76.1335,32.8242],[76.149,32.7793],[76.1072,32.5962],[76.1254,32.5453],[76.4401,32.2802],[76.5067,32.2436],[78.4139,31.6207],[78.4905,31.6155],[78.8087,31.6674],[78.8502,31.6389],[78.858,31.6241],[78.858,31.3864],[78.8809,31.3735],[79.1349,31.4631],[79.2105,31.4497],[79.4062,31.2503],[79.4353,31.19],[79.4265,31.1462],[79.3899,31.1015],[77.9845,30.002],[77.9486,29.9475],[77.8768,29.6362],[77.8829,29.618],[77.9203,29.6148],[77.94,29.5708],[77.9051,29.3753],[77.9158,29.314],[77.9869,29.1913],[78.0062,29.1185],[77.9793,28.2901],[77.9909,28.268],[78.02,28.268],[78.0353,28.2595],[78.0602,28.2152],[78.0757,27.967],[78.0572,27.8329],[78.0387,26.9356],[77.9901,26.8666],[77.4948,26.6407],[77.4059,26.6271],[76.8951,26.6884],[76.8181,26.7211],[76.4891,26.9911],[76.4586,27.0552],[76.4665,27.1256],[76.4471,27.1775],[76.1847,27.4399],[76.1555,27.5092],[76.1895,28.0802],[76.1631,28.1302],[75.7583,28.4072],[75.7151,28.4718],[75.6107,28.9765],[75.5717,29.0226],[75.374,29.1144],[75.3145,29.1091],[74.8627,28.779],[74.7882,28.7381],[73.3932,28.1879],[73.3115,28.1652],[70.7646,27.7294],[70.7147,27.7577],[70.7072,27.7752],[70.7165,27.8355],[70.6965,27.8865],[70.5594,28.0168],[70.5001,28.0303],[70.1151,27.9238],[70.0491,27.9474],[69.9096,28.2737],[69.8626,28.302],[69.5724,28.302],[69.5283,28.3106],[69.5502,28.332],[69.5552,28.362],[69.5502,28.3777],[69.5225,28.398],[69.4875,28.398],[69.455,28.3799],[69.4382,28.3398],[69.2808,28.4073],[69.2084,28.4517],[68.74,28.8495],[68.673,28.883],[67.1494,29.2562],[67.0901,29.3077],[67.0171,29.4976],[66.9786,29.556],[66.5847,29.9499],[66.5527,30.0263],[66.5613,30.4602],[66.5511,30.482],[66.5169,30.4855],[66.4986,30.5387],[66.5753,30.9732],[66.5693,30.992],[66.5339,30.9982],[66.5297,31.0125],[66.5382,31.041],[66.5622,31.062],[66.5925,31.062],[66.625,31.0801],[66.642,31.1193],[66.6379,31.1371],[66.6684,31.1585],[67.619,32.3182],[68.3757,33.0326],[68.4206,33.0973],[68.5537,33.429],[68.5415,33.4738],[68.5033,33.478],[68.4979,33.4955],[68.5281,33.6103],[68.4974,33.6765],[68.2859,33.7785],[68.2017,33.8076],[67.4904,33.9765],[67.4425,34.0136],[67.4114,34.0831],[67.3547,34.1156],[67.05,34.118],[67.0109,34.1459],[66.9934,34.2572],[66.9399,34.313],[66.7206,34.3666],[66.6756,34.403],[66.6572,34.4628],[66.6107,34.4861],[66.6175,34.5132],[66.6123,34.5308],[66.5452,34.5927],[66.5262,34.6437],[66.5385,34.7156],[66.5104,34.7713],[66.3782,34.8601],[66.3397,34.9129],[66.3156,35.0336],[66.3278,35.0736],[66.3753,35.1126],[66.382,35.1614],[66.2634,35.4212],[66.2561,35.4844],[66.3693,35.9894],[66.3949,36.0553],[66.7542,36.693],[66.8093,36.7174],[67.4699,36.6566],[67.5461,36.6297],[67.7452,36.4895],[67.8384,36.4689],[68.2303,36.5264],[68.3156,36.5576],[68.4316,36.6308],[68.5099,36.656],[69.3505,36.722],[69.4543,36.7167],[69.9563,36.6582],[69.9938,36.6256],[70.0006,36.4552],[70.0592,36.3907],[70.9821,36.1428],[70.9785,36.1285],[71.2353,36.1701]]],[[[72.7373,35.7573],[72.7147,35.79],[72.7197,35.825],[72.749,35.8542],[72.795,35.858],[72.8101,35.867],[72.8258,35.9004],[72.8508,35.9154],[72.9852,35.9127],[73.0052,35.882],[72.9925,35.8401],[72.97,35.8251],[72.9257,35.822],[72.9105,35.8114],[72.9023,35.7826],[72.8735,35.7558],[72.7373,35.7573]]],[[[60.938,37.2107],[60.9489,37.1804],[60.9392,37.1746],[60.89,37.172],[60.8623,37.1923],[60.858,37.2107],[60.868,37.2407],[60.9008,37.2654],[60.9282,37.268],[60.9456,37.2336],[60.938,37.2107]]]]},"properties":{"id":"territory:Indo-Greeks:-126","name":"인도그리스","name_en":"Indo-Greeks","actor":"기타중립","valid_from":-126,"valid_to":-110,"span_from":-126,"span_to":13,"color":"#A7A960","wikidata":"Q215643","area":784978,"src":"cliopatria","confidence":"medium","finish":"chaikin1cap4km+grow2km+islands+s600m","islands":0}},{"type":"Feature","geometry":{"type":"Point","coordinates":[72.067,31.698]},"properties":{"id":"territory:Indo-Greeks:-126:label","name":"인도그리스","name_en":"Indo-Greeks","actor":"기타중립","valid_from":-126,"valid_to":-110,"span_from":-126,"span_to":13,"color":"#A7A960","wikidata":"Q215643","area":784978,"src":"cliopatria","confidence":"medium"}},{"type":"Feature","geometry":{"type":"MultiPolygon","coordinates":[[[[32.8732,28.8657],[33.1077,28.4228],[33.1534,28.3689],[33.5953,28.0219],[33.6261,27.9532],[33.6101,27.6492],[33.6337,27.5947],[33.7833,27.4593],[33.8265,27.3954],[33.9343,27.074],[33.9755,27.03],[34.0501,26.9948],[34.0832,26.9439],[34.0701,26.6211],[34.0991,26.5797],[34.1749,26.548],[34.2303,26.4927],[34.4617,25.9142],[34.5074,25.8704],[34.5846,25.8383],[34.6418,25.7842],[35.15,24.6926],[35.1921,24.6362],[35.8432,24.0493],[35.8754,23.9761],[35.8704,23.9111],[35.8613,23.8968],[35.8058,23.8708],[35.6035,23.9127],[35.5747,23.8965],[35.5704,23.8411],[35.5617,23.8271],[35.5062,23.7988],[35.1495,23.8555],[35.0701,23.8562],[33.74,23.672],[33.698,23.6723],[33.6519,23.7211],[33.4318,23.8121],[33.3547,23.8244],[32.0775,23.7114],[32.0042,23.714],[31.7105,23.7616],[31.6327,23.7555],[30.57,23.3893],[30.5271,23.3596],[30.5188,23.342],[30.48,23.342],[30.436,23.383],[30.3942,23.5168],[30.3542,23.5677],[30.118,23.7197],[30.0869,23.7735],[30.0889,23.8402],[30.0654,23.862],[29.9902,23.8636],[29.921,23.8962],[29.6837,24.1581],[29.6237,24.1995],[28.6008,24.618],[28.5364,24.6738],[28.2921,25.1189],[28.2698,25.1947],[28.2244,25.9051],[28.2284,25.9786],[28.3253,26.5426],[28.3177,26.562],[28.2754,26.5695],[28.2467,26.6128],[28.1383,27.3085],[28.107,27.3647],[27.9593,27.4983],[27.8951,27.522],[27.7517,27.522],[27.7369,27.5297],[27.7148,27.5615],[27.7142,27.5812],[27.7516,27.642],[27.7443,27.6866],[27.451,27.9473],[27.3945,27.9565],[27.3242,27.9283],[27.2728,27.9504],[27.2639,27.9668],[27.2699,28.0803],[27.2441,28.1312],[26.8722,28.4016],[26.8045,28.4389],[25.9089,28.7992],[25.838,28.8398],[25.2425,29.2999],[25.1754,29.322],[24.952,29.3249],[24.891,29.3685],[24.8466,29.4953],[24.8016,29.5356],[24.4395,29.6433],[24.3724,29.6886],[24.2708,29.8174],[24.2137,29.8608],[23.6999,30.0872],[23.631,30.1302],[23.2502,30.4588],[23.1852,30.482],[22.8917,30.482],[22.839,30.5183],[22.832,30.5325],[22.832,30.5906],[22.8006,30.6256],[21.9857,30.861],[21.9071,30.872],[20.6249,30.872],[20.5614,30.848],[20.0005,30.3233],[19.9236,30.2834],[19.6974,30.2323],[19.6429,30.1969],[19.5992,30.1346],[19.5382,30.0982],[18.7738,29.9786],[18.7224,30.0076],[18.7146,30.0239],[18.7196,30.0889],[18.7241,30.102],[18.7742,30.1038],[18.8449,30.14],[18.8869,30.2039],[18.9094,30.2664],[18.9138,30.3157],[18.9249,30.3195],[19.2303,30.2656],[19.3054,30.2707],[19.6144,30.3737],[19.6849,30.407],[19.9136,30.5519],[19.9449,30.5986],[19.9518,30.6661],[19.9836,30.7242],[20.1551,30.8748],[20.1715,30.9253],[20.122,31.1077],[20.1342,31.1812],[20.1724,31.2432],[20.1716,31.2958],[20.0055,31.5489],[19.9886,31.6218],[20.0656,32.0745],[20.0553,32.1366],[20.0217,32.199],[20.0231,32.2182],[20.0473,32.2507],[20.0617,32.258],[20.203,32.258],[20.2459,32.2862],[20.3018,32.4608],[20.3122,32.472],[20.3608,32.4917],[20.4434,32.464],[20.4878,32.477],[20.532,32.5441],[20.6,32.578],[20.6702,32.578],[20.6792,32.592],[20.6417,32.6604],[20.6666,32.6907],[20.6845,32.6952],[20.8318,32.6504],[20.8931,32.6612],[21.0753,32.8032],[21.1541,32.8195],[21.3704,32.7762],[21.4435,32.7829],[21.8412,32.9427],[21.9244,32.9468],[23.0548,32.6479],[23.1061,32.5832],[23.1001,32.4708],[23.1289,32.427],[23.2103,32.3831],[23.2269,32.336],[23.2249,32.32],[23.1899,32.2675],[23.2011,32.236],[23.2691,32.2042],[23.3436,32.188],[23.6383,32.188],[23.7209,32.1718],[24.0979,32.0131],[24.1734,31.998],[24.8483,31.998],[24.9255,31.9715],[25.0969,31.8228],[25.1246,31.7615],[25.12,31.6293],[25.1442,31.5755],[25.2298,31.5012],[25.2948,31.478],[26.8083,31.478],[26.8921,31.4672],[27.2688,31.3664],[27.3404,31.3264],[27.4923,31.1817],[27.5563,31.152],[28.4641,31.0326],[28.544,31.0076],[28.8405,30.8554],[28.9138,30.838],[29.3535,30.838],[29.4019,30.866],[29.4682,30.9936],[29.5321,31.0115],[29.5982,30.9832],[29.6602,30.9868],[29.82,31.0734],[29.8329,31.1109],[29.8017,31.169],[29.8021,31.2259],[29.8492,31.2694],[29.9217,31.288],[30.2893,31.288],[30.3013,31.304],[30.2717,31.359],[30.2721,31.4159],[30.3192,31.4594],[30.3917,31.478],[30.7665,31.478],[30.8417,31.4935],[30.9214,31.5283],[30.952,31.5686],[30.952,31.6275],[30.959,31.6417],[31.0117,31.678],[31.1583,31.678],[31.1731,31.6703],[31.1952,31.6385],[31.1958,31.6188],[31.1593,31.5596],[31.1711,31.526],[31.2391,31.4942],[31.3136,31.478],[31.8383,31.478],[31.8522,31.4714],[31.8803,31.4375],[31.8831,31.4194],[31.8152,31.2497],[31.8214,31.2447],[31.8955,31.2725],[31.9578,31.2519],[31.9681,31.2407],[32.0043,31.1262],[32.0471,31.098],[32.2498,31.098],[32.264,31.1152],[32.2376,31.182],[32.2664,31.208],[32.2843,31.2098],[32.4976,31.1142],[32.5686,31.1082],[32.7368,31.1466],[32.7918,31.1241],[32.8287,31.0558],[32.8745,31.0331],[33.9355,31.153],[34.0121,31.1724],[34.2514,31.2697],[34.285,31.3096],[34.2919,31.3764],[34.329,31.4386],[34.5842,31.646],[34.6002,31.6948],[34.5646,31.8227],[34.5967,31.8849],[34.7617,31.9743],[34.7878,32.0197],[34.7569,32.3303],[34.7836,32.4001],[34.9784,32.6027],[35.0061,32.6607],[35.0425,32.9857],[35.0919,33.0412],[35.1727,33.0714],[35.2242,33.114],[35.3646,33.3637],[35.3749,33.4252],[35.3392,33.6112],[35.3739,33.6618],[35.4543,33.668],[35.4739,33.6906],[35.4422,33.8851],[35.4853,33.9378],[35.6297,33.9755],[35.6577,34.0112],[35.6258,34.3224],[35.6348,34.3398],[35.6678,34.3585],[35.6842,34.3592],[35.756,34.3257],[35.8086,34.334],[36.008,34.5334],[36.0362,34.5908],[36.0479,34.7017],[36.0264,34.7559],[35.9417,34.837],[35.9167,34.8991],[35.9383,35.151],[35.9285,35.172],[35.9,35.172],[35.8698,35.1948],[35.8647,35.21],[35.8743,35.2547],[35.934,35.2702],[36.2325,35.2152],[36.2714,35.1659],[36.2731,35.1494],[36.203,34.9741],[36.219,34.9356],[36.283,34.9036],[36.3217,34.8433],[36.3123,34.72],[36.3391,34.6769],[36.4163,34.6396],[36.4696,34.5821],[36.5619,34.3362],[36.6068,34.308],[36.8363,34.3061],[36.906,34.2692],[36.991,34.145],[37.0459,34.118],[37.3483,34.118],[37.425,34.0908],[37.5868,33.945],[37.6245,33.8779],[37.6608,33.6888],[37.6403,33.6352],[37.594,33.632],[37.5486,33.6105],[37.1147,33.2721],[37.0837,33.2185],[37.0655,33.0922],[37.0243,33.0564],[36.9423,33.052],[36.8951,33.0246],[36.7551,32.7758],[36.7405,32.7127],[36.7655,32.3371],[36.7147,32.2722],[36.574,32.2355],[36.5689,32.2191],[36.6439,32.1495],[36.6468,32.0852],[36.6397,32.0719],[36.5349,31.9917],[36.5042,31.9386],[36.4812,31.6941],[36.458,31.651],[36.4194,31.642],[36.4106,31.6211],[36.4355,31.2471],[36.4297,31.2326],[36.3783,31.192],[35.7047,31.192],[35.6385,31.1694],[35.5329,31.0869],[35.465,31.0772],[35.3852,31.1066],[35.3267,31.0985],[34.6643,30.5723],[34.6351,30.5243],[34.6304,30.4685],[34.6199,30.4536],[34.5777,30.4345],[34.4302,30.4704],[34.38,30.454],[34.3316,30.3861],[34.2653,30.3415],[33.8845,30.2339],[33.8011,30.2168],[32.9689,30.1083],[32.9348,30.0788],[32.9238,30.0086],[32.8838,29.9761],[32.8019,29.972],[32.7509,29.9453],[32.6962,29.8736],[32.6399,29.8577],[32.5638,29.886],[32.5197,29.8736],[32.4784,29.8139],[32.4689,29.7564],[32.6956,29.0039],[32.7375,28.9577],[32.811,28.9234],[32.8732,28.8657]]],[[[34.9775,36.758],[35.0125,36.758],[35.0336,36.7443],[35.0525,36.7787],[35.2463,36.9203],[35.3296,36.9472],[35.7851,36.948],[35.8357,36.932],[35.848,36.915],[35.8408,36.8706],[35.81,36.852],[35.7749,36.852],[35.733,36.8276],[35.5308,36.6253],[35.4523,36.6065],[35.088,36.722],[35.0478,36.7228],[35.048,36.6875],[35.0218,36.6565],[34.97,36.652],[34.9398,36.6748],[34.9347,36.69],[34.9457,36.736],[34.9775,36.758]]],[[[32.2284,35.0961],[32.2832,35.1444],[32.5044,35.148],[32.5846,35.1629],[32.8298,35.2595],[32.865,35.2998],[32.8772,35.3722],[32.934,35.408],[33.6938,35.408],[33.7695,35.4272],[34.265,35.7053],[34.3239,35.7269],[34.5025,35.728],[34.5497,35.6907],[34.5554,35.6761],[34.547,35.6019],[34.5026,35.544],[34.0108,35.2679],[33.9962,35.2278],[34.0894,35.0413],[34.0883,35.0233],[34.0618,34.9834],[34.0495,34.9756],[33.7488,34.9293],[33.6851,34.8966],[33.5543,34.753],[33.4795,34.7156],[33.1793,34.6694],[33.1209,34.6352],[33.0669,34.5641],[33.0038,34.5446],[32.4014,34.7134],[32.3335,34.7609],[32.2371,34.8985],[32.2159,34.9777],[32.2284,35.0961]]],[[[32.6756,36.0123],[32.5975,36.012],[32.5385,36.0502],[32.4946,36.1773],[32.4564,36.2349],[32.2295,36.4384],[32.1855,36.462],[32.1373,36.4673],[32.1198,36.4848],[32.1126,36.532],[32.08,36.532],[32.0508,36.5514],[32.0448,36.568],[32.0561,36.6088],[32.1003,36.6448],[33.3339,37.2475],[33.4208,37.2675],[33.5733,37.2661],[33.6331,37.2361],[33.6684,37.1734],[33.719,37.148],[34.1752,37.148],[34.2479,37.1004],[34.3464,36.7802],[34.3552,36.7253],[34.3503,36.685],[34.3166,36.6289],[34.0142,36.3026],[33.9373,36.2677],[33.3172,36.2066],[33.2336,36.1887],[32.757,36.027],[32.6756,36.0123]]],[[[29.3497,36.855],[29.3498,36.8048],[29.38,36.782],[29.42,36.782],[29.4603,36.815],[29.4653,36.85],[29.4517,36.8737],[29.4938,36.8902],[30.5743,36.9456],[30.6227,36.9322],[30.6352,36.912],[30.6233,36.8706],[30.6033,36.8556],[30.5643,36.852],[30.5545,36.8435],[30.5111,36.3843],[30.5039,36.3714],[30.4452,36.332],[30.0789,36.332],[30.0203,36.3044],[29.9694,36.2352],[29.8952,36.202],[29.2749,36.2051],[29.2143,36.2513],[29.112,36.6947],[29.0684,36.7306],[28.4052,36.844],[28.3451,36.8248],[28.2289,36.6881],[28.1574,36.6536],[28.07,36.652],[28.029,36.6933],[28.0264,36.7108],[28.1812,37.1132],[28.2279,37.1279],[28.2535,37.172],[28.294,37.1762],[28.3034,37.204],[29.3331,36.8998],[29.3674,36.8752],[29.3497,36.855]]],[[[29.8846,36.1731],[29.8397,36.1706],[29.912,36.1995],[29.8846,36.1731]]],[[[29.7471,36.1255],[29.7386,36.1223],[29.7507,36.1388],[29.7641,36.1357],[29.7471,36.1255]]],[[[29.6566,36.131],[29.6557,36.1362],[29.6606,36.1323],[29.6566,36.131]]],[[[29.5592,36.121],[29.5696,36.1509],[29.5953,36.1667],[29.5933,36.1522],[29.603,36.1416],[29.5592,36.121]]],[[[29.494,36.1611],[29.5085,36.1547],[29.499,36.1497],[29.4854,36.1553],[29.494,36.1611]]],[[[28.9154,36.6555],[28.9085,36.6671],[28.9157,36.6829],[28.9384,36.6761],[28.9154,36.6555]]],[[[28.2548,36.4567],[28.2588,36.4405],[28.1612,36.0524],[28.1042,35.9995],[27.7869,35.8963],[27.7276,35.9196],[27.7176,35.9335],[27.6768,36.252],[27.7106,36.3197],[27.9748,36.4747],[28.031,36.4967],[28.21,36.498],[28.2548,36.4567]]],[[[28.1227,36.5987],[28.1252,36.6009],[28.1288,36.5991],[28.1227,36.5987]]],[[[27.4458,36.97],[27.4235,36.9918],[27.4309,36.9968],[27.4808,36.9787],[27.4907,36.9728],[27.4808,36.9618],[27.4458,36.97]]],[[[27.1757,36.9676],[27.1885,37.096],[27.215,37.1399],[27.23,37.148],[27.4025,37.148],[27.4175,37.1399],[27.4398,37.1061],[27.4412,37.0888],[27.3746,36.9485],[27.31,36.912],[27.2174,36.9172],[27.1757,36.9676]]],[[[27.1,36.948],[27.1323,36.9258],[27.1087,36.9537],[27.1629,36.957],[27.1618,36.9372],[27.1751,36.9225],[27.1338,36.9245],[27.1533,36.906],[27.1883,36.841],[27.1888,36.825],[27.1663,36.7762],[26.9168,36.6696],[26.8987,36.6723],[26.8795,36.6879],[26.8758,36.7117],[27.0041,36.908],[27.06,36.948],[27.1,36.948]]],[[[27.0964,37.0534],[27.0779,37.0572],[27.0846,37.0641],[27.106,37.0578],[27.0964,37.0534]]],[[[26.951,37.021],[27.0415,37.008],[27.0415,36.967],[26.9835,36.9295],[26.9115,36.946],[26.951,37.021]]],[[[26.9959,37.467],[27.0073,37.4516],[26.9883,37.4588],[26.9743,37.4464],[26.9646,37.4541],[26.9583,37.4439],[26.9269,37.4742],[26.9959,37.467]]],[[[26.7801,37.274],[26.7625,37.2809],[26.7593,37.2977],[26.7389,37.2942],[26.7098,37.3141],[26.714,37.3213],[26.7224,37.3179],[26.7202,37.328],[26.7297,37.3274],[26.7497,37.3091],[26.7845,37.3089],[26.7925,37.296],[26.7801,37.274]]],[[[26.7197,37.3873],[26.7098,37.4026],[26.7166,37.4127],[26.759,37.3761],[26.7442,37.3606],[26.7416,37.3746],[26.7197,37.3873]]],[[[26.497,37.5312],[26.475,37.5664],[26.474,37.6026],[26.4849,37.6031],[26.4981,37.5854],[26.5138,37.5986],[26.5101,37.6243],[26.4971,37.6274],[26.4964,37.6377],[26.5135,37.6533],[26.5307,37.6418],[26.5283,37.626],[26.5407,37.6167],[26.5313,37.5974],[26.4991,37.5753],[26.5109,37.5495],[26.5077,37.5306],[26.497,37.5312]]],[[[26.4566,37.5798],[26.4507,37.566],[26.4362,37.5676],[26.4297,37.5775],[26.396,37.5761],[26.4404,37.6026],[26.4566,37.5798]]]]},"properties":{"id":"territory:Ptolemaic Kingdom:-203","name":"프톨레마이오스 왕국","name_en":"Ptolemaic Kingdom","actor":"그리스계","valid_from":-203,"valid_to":-197,"span_from":-331,"span_to":-28,"wikidata":"Q2320005","area":780514,"src":"cliopatria","confidence":"medium","finish":"chaikin1cap4km+grow2km+islands+s600m","islands":16,"island_rule":"nearest<=40km"}},{"type":"Feature","geometry":{"type":"Point","coordinates":[29.797,28.774]},"properties":{"id":"territory:Ptolemaic Kingdom:-203:label","name":"프톨레마이오스 왕국","name_en":"Ptolemaic Kingdom","actor":"그리스계","valid_from":-203,"valid_to":-197,"span_from":-331,"span_to":-28,"wikidata":"Q2320005","area":780514,"src":"cliopatria","confidence":"medium"}},{"type":"Feature","geometry":{"type":"MultiPolygon","coordinates":[[[[73.1453,40.7238],[73.1831,40.698],[73.2626,40.6948],[73.3101,40.6623],[73.3353,40.594],[73.3753,40.568],[73.45,40.568],[73.5098,40.5326],[73.5353,40.4638],[73.5731,40.438],[73.6498,40.4364],[73.7203,40.4035],[73.8457,40.2712],[73.8673,40.2024],[73.8492,40.1337],[73.8664,40.0954],[73.9341,40.0543],[73.9557,40.002],[73.8796,39.7444],[73.8839,39.728],[73.9227,39.7227],[73.9254,39.6682],[73.8012,39.4684],[73.7613,39.436],[73.7181,39.432],[73.695,39.4061],[73.6597,39.2943],[73.6732,39.2397],[73.7408,39.1624],[73.7512,39.0888],[73.5216,38.5765],[73.4707,38.5099],[72.7035,37.8536],[72.653,37.7971],[72.4362,37.4719],[72.3782,37.4137],[71.8759,37.0696],[71.8209,37.0169],[71.2538,36.2371],[71.1877,36.1857],[70.5578,35.9018],[70.4855,35.8608],[70.1868,35.651],[70.1472,35.5969],[70.1166,35.4806],[70.1061,35.4686],[70.0422,35.447],[69.9204,35.4876],[69.853,35.4786],[69.6391,35.327],[69.5543,35.302],[69.4206,35.302],[69.3751,35.2755],[69.3491,35.207],[69.2933,35.1745],[69.0773,35.172],[68.9934,35.1572],[68.57,34.9995],[68.5115,34.9557],[68.4175,34.8246],[68.3421,34.8016],[68.1441,34.8425],[68.0731,34.8291],[67.8744,34.6893],[67.7896,34.674],[67.6515,34.71],[67.5758,34.7036],[67.1368,34.4926],[67.0476,34.4657],[66.6576,34.4088],[66.55,34.402],[66.5332,34.4136],[66.5207,34.4461],[66.5333,34.5142],[66.5081,34.5538],[66.1734,34.7052],[66.0913,34.7284],[65.6591,34.787],[65.5746,34.817],[65.4399,34.9004],[65.3691,34.9086],[64.8052,34.7353],[64.7143,34.722],[64.4184,34.722],[64.3444,34.6994],[64.2289,34.6171],[64.1443,34.592],[63.9993,34.5932],[63.919,34.6255],[63.8486,34.6959],[63.7829,34.7168],[63.3199,34.6678],[63.2463,34.6911],[63.1679,34.7667],[63.0999,34.7976],[62.6632,34.847],[62.587,34.8841],[62.2039,35.3451],[62.1406,35.372],[61.8457,35.372],[61.7556,35.388],[61.3348,35.5476],[61.2788,35.6142],[61.2157,36.3086],[61.2021,36.332],[61.1668,36.3356],[61.1492,36.3889],[61.1893,36.5859],[61.201,36.6001],[61.2569,36.6133],[61.4392,36.7045],[61.4596,36.7646],[61.4549,36.7812],[61.0708,37.174],[60.997,37.2066],[60.9212,37.208],[60.9167,37.2173],[60.9726,37.2909],[60.9644,37.3611],[60.7042,37.6212],[60.6875,37.6758],[60.7474,37.9324],[60.7133,37.9976],[60.5798,38.0803],[60.5565,38.1249],[60.5696,38.1931],[60.5496,38.2544],[60.4134,38.4003],[60.3971,38.4558],[60.4393,38.6372],[60.4276,38.7117],[60.3555,38.8428],[60.3464,38.9046],[60.4186,39.2175],[60.4551,39.2742],[60.69,39.4699],[60.7338,39.528],[60.8282,39.5404],[62.4561,40.035],[62.5476,40.0407],[62.8368,39.995],[62.9244,39.9931],[63.9711,40.1125],[64.0516,40.1364],[64.3435,40.2863],[64.4279,40.3167],[65.1879,40.4868],[65.2314,40.5225],[65.245,40.5815],[65.2763,40.6216],[65.3243,40.628],[65.3395,40.6386],[65.3547,40.6772],[65.3797,40.6947],[65.43,40.698],[65.4436,40.6917],[65.4586,40.6742],[65.4564,40.6369],[65.4742,40.628],[65.5465,40.628],[65.6092,40.6531],[65.7585,40.7953],[65.8343,40.8429],[66.5593,41.1293],[66.6042,41.1723],[66.6309,41.243],[66.6867,41.2755],[66.8422,41.278],[66.9225,41.2963],[67.5034,41.5868],[67.5866,41.6189],[68.7309,41.9349],[70.66,42.25],[70.731,42.2819],[70.9,42.4214],[70.9701,42.4131],[71.1548,42.2129],[71.2195,42.171],[71.8502,41.9389],[71.9122,41.884],[71.968,41.7663],[72.015,41.738],[72.0973,41.7364],[72.1697,41.7026],[72.467,41.3714],[72.4913,41.3199],[72.4844,41.2801],[72.5051,41.2456],[72.7558,41.0317],[72.7746,40.973],[72.7529,40.9055],[72.7744,40.8774],[72.9787,40.8366],[73.08,40.828],[73.1232,40.7897],[73.1453,40.7238]]],[[[72.8735,35.7558],[72.8275,35.752],[72.7989,35.7758],[72.7997,35.825],[72.829,35.8542],[72.88,35.858],[72.9086,35.8342],[72.9123,35.8176],[72.9023,35.7826],[72.8735,35.7558]]],[[[72.6586,33.5842],[72.6623,33.5676],[72.6523,33.5326],[72.6125,33.502],[72.5639,33.5083],[72.5447,33.54],[72.5565,33.5867],[72.59,33.608],[72.63,33.608],[72.6586,33.5842]]],[[[70.2692,35.5646],[70.22,35.562],[70.1923,35.5823],[70.188,35.6007],[70.2058,35.6404],[70.24,35.658],[70.28,35.658],[70.3077,35.6377],[70.312,35.6193],[70.302,35.5893],[70.2692,35.5646]]],[[[29.4357,36.8661],[29.4257,36.8272],[29.4138,36.818],[29.3874,36.818],[29.3816,36.8239],[29.3853,36.85],[29.3674,36.8752],[29.39,36.888],[29.43,36.888],[29.4549,36.8705],[29.4357,36.8661]]]]},"properties":{"id":"territory:Greco-Bactrian Kingdom:-203","name":"그레코박트리아 왕국","name_en":"Greco-Bactrian Kingdom","actor":"그리스계","valid_from":-203,"valid_to":-170,"span_from":-247,"span_to":-127,"wikidata":"Q488880","area":685135,"src":"cliopatria","confidence":"medium","finish":"chaikin1cap4km+grow2km+islands+s600m","islands":0}},{"type":"Feature","geometry":{"type":"Point","coordinates":[67.195,38.26]},"properties":{"id":"territory:Greco-Bactrian Kingdom:-203:label","name":"그레코박트리아 왕국","name_en":"Greco-Bactrian Kingdom","actor":"그리스계","valid_from":-203,"valid_to":-170,"span_from":-247,"span_to":-127,"wikidata":"Q488880","area":685135,"src":"cliopatria","confidence":"medium"}},{"type":"Feature","geometry":{"type":"MultiPolygon","coordinates":[[[[25.12,31.6293],[25.144,31.5756],[25.23,31.5011],[25.2944,31.478],[26.8088,31.478],[26.8917,31.4673],[27.2692,31.3663],[27.3402,31.3265],[27.4924,31.1816],[27.5558,31.1521],[28.4645,31.0325],[28.5437,31.0077],[28.8408,30.8552],[28.9133,30.838],[29.3539,30.838],[29.4019,30.8659],[29.4682,30.9937],[29.5321,31.0115],[29.5982,30.9832],[29.66,30.9867],[29.8202,31.0735],[29.833,31.1109],[29.8017,31.169],[29.8021,31.2259],[29.8492,31.2694],[29.9212,31.288],[30.2896,31.288],[30.3013,31.3039],[30.2717,31.359],[30.2721,31.4159],[30.3192,31.4594],[30.3912,31.478],[30.7669,31.478],[30.8414,31.4933],[30.9217,31.5285],[30.952,31.5685],[30.952,31.6275],[30.9589,31.6416],[31.0112,31.678],[31.1588,31.678],[31.1736,31.6702],[31.1953,31.6385],[31.1958,31.6189],[31.1593,31.5595],[31.1708,31.5261],[31.2394,31.4941],[31.3132,31.478],[31.8388,31.478],[31.8527,31.4714],[31.8804,31.4374],[31.8831,31.4194],[31.8152,31.2495],[31.8212,31.2446],[31.8958,31.2726],[31.9579,31.2519],[31.9681,31.2408],[32.0043,31.1261],[32.0466,31.098],[32.2502,31.098],[32.264,31.1151],[32.2387,31.17],[32.2402,31.1877],[32.2627,31.2202],[32.2775,31.228],[32.3525,31.228],[32.4304,31.197],[32.5106,31.1226],[32.5695,31.1084],[32.7372,31.1467],[32.7919,31.1241],[32.8288,31.0556],[32.8748,31.0314],[33.7062,31.0947],[33.782,31.1123],[34.1759,31.2715],[34.2354,31.2874],[34.2821,31.2871],[34.2952,31.2296],[34.5209,30.5884],[34.5473,30.5652],[34.5081,30.5507],[34.322,30.4093],[34.2545,30.3807],[33.185,30.2038],[33.1062,30.1792],[32.6285,29.9533],[32.5881,29.9184],[32.582,29.902],[32.556,29.902],[32.5353,29.8767],[32.4594,29.6337],[32.4705,29.5785],[32.6302,29.3807],[32.6612,29.3115],[32.7025,29.0029],[32.7379,28.9575],[32.8159,28.9202],[32.8732,28.8658],[33.1077,28.4228],[33.1532,28.3691],[33.5955,28.0218],[33.6261,27.9532],[33.6101,27.6492],[33.6335,27.5948],[33.7835,27.4592],[33.8265,27.3954],[33.9343,27.0739],[33.9755,27.03],[34.0501,26.9948],[34.0832,26.9439],[34.0701,26.6211],[34.0991,26.5797],[34.175,26.548],[34.2303,26.4927],[34.4617,25.9142],[34.5074,25.8704],[34.5846,25.8383],[34.6418,25.7843],[35.15,24.6926],[35.192,24.6363],[35.8434,24.0492],[35.8754,23.9761],[35.8704,23.9111],[35.8614,23.8969],[35.8062,23.8707],[35.6031,23.9127],[35.5747,23.8966],[35.5704,23.8411],[35.5618,23.8271],[35.5066,23.7987],[35.1491,23.8556],[35.0705,23.8563],[33.74,23.672],[33.698,23.6723],[33.6519,23.7211],[33.4318,23.8121],[33.3547,23.8244],[32.0775,23.7114],[32.0042,23.714],[31.7105,23.7616],[31.6327,23.7555],[30.57,23.3893],[30.5271,23.3596],[30.5188,23.342],[30.48,23.342],[30.4361,23.3829],[30.3942,23.5168],[30.3544,23.5676],[30.1178,23.7199],[30.0869,23.7735],[30.0889,23.8402],[30.0654,23.862],[29.9902,23.8636],[29.9211,23.8961],[29.6836,24.1582],[29.6241,24.1994],[28.6005,24.6181],[28.5365,24.6738],[28.292,25.1189],[28.2698,25.1947],[28.2244,25.9051],[28.2284,25.9786],[28.3253,26.5426],[28.3177,26.562],[28.2754,26.5695],[28.2467,26.6128],[28.1383,27.3085],[28.1071,27.3646],[27.9591,27.4985],[27.8956,27.522],[27.7512,27.522],[27.7364,27.5298],[27.7147,27.5615],[27.7142,27.5811],[27.7517,27.642],[27.7444,27.6865],[27.4508,27.9474],[27.3946,27.9565],[27.3241,27.9283],[27.2728,27.9504],[27.2639,27.9668],[27.2699,28.0803],[27.2443,28.131],[26.872,28.4018],[26.8049,28.4388],[25.9085,28.7993],[25.8382,28.8396],[25.2423,29.3001],[25.1759,29.322],[24.9515,29.3249],[24.891,29.3684],[24.8466,29.4953],[24.802,29.5355],[24.4392,29.6435],[24.3725,29.6885],[24.2707,29.8175],[24.214,29.8606],[23.6995,30.0873],[23.6312,30.1301],[23.2501,30.4589],[23.1856,30.482],[22.8912,30.482],[22.8389,30.5184],[22.832,30.5325],[22.832,30.5906],[22.8009,30.6255],[21.9854,30.8611],[21.9075,30.872],[20.6245,30.872],[20.5616,30.8482],[20.0004,30.3232],[19.924,30.2835],[19.697,30.2322],[19.6429,30.197],[19.5987,30.1343],[19.5377,30.1005],[18.8526,30.0359],[18.8404,30.0404],[18.9053,30.3143],[18.9212,30.3249],[19.456,30.328],[19.5235,30.3492],[20.0751,30.7496],[20.1092,30.8022],[20.1854,31.2342],[20.1727,31.2942],[20.0054,31.549],[19.9886,31.6218],[20.0656,32.0745],[20.0553,32.1366],[20.0217,32.199],[20.023,32.2181],[20.0612,32.258],[20.2034,32.258],[20.2459,32.2861],[20.3018,32.4609],[20.3122,32.472],[20.3607,32.4917],[20.4434,32.464],[20.4878,32.477],[20.5321,32.5442],[20.6,32.578],[20.6702,32.578],[20.6793,32.5919],[20.6416,32.6603],[20.6661,32.6907],[20.6842,32.6953],[20.8322,32.6503],[20.8929,32.6611],[21.0755,32.8034],[21.1537,32.8196],[21.3695,32.7764],[21.432,32.7911],[21.5285,32.8694],[21.6089,32.9024],[22.0671,32.9533],[22.1542,32.9445],[23.057,32.6497],[23.1061,32.5832],[23.1001,32.4708],[23.1286,32.4271],[23.2106,32.3829],[23.227,32.3359],[23.2249,32.32],[23.1906,32.2685],[23.202,32.2447],[23.9216,32.058],[24.8555,31.9994],[24.931,31.9683],[25.0925,31.8289],[25.1246,31.7615],[25.12,31.6293]]],[[[34.0108,35.2679],[33.9962,35.2278],[34.0894,35.0413],[34.0883,35.0233],[34.0618,34.9834],[34.0495,34.9756],[33.7488,34.9293],[33.6851,34.8966],[33.5543,34.753],[33.4795,34.7156],[33.1793,34.6694],[33.1209,34.6352],[33.0669,34.5641],[33.0038,34.5446],[32.4014,34.7134],[32.3335,34.7609],[32.2371,34.8985],[32.2164,34.9711],[32.2284,35.0961],[32.2832,35.1444],[32.5044,35.148],[32.5846,35.1629],[32.8298,35.2595],[32.865,35.2998],[32.8772,35.3722],[32.934,35.408],[33.6938,35.408],[33.7695,35.4272],[34.265,35.7053],[34.33,35.728],[34.5025,35.728],[34.5497,35.6907],[34.5554,35.6761],[34.5504,35.6111],[34.5083,35.549],[34.0108,35.2679]]]]},"properties":{"id":"territory:Ptolemaic Kingdom:-164","name":"프톨레마이오스 왕국","name_en":"Ptolemaic Kingdom","actor":"그리스계","valid_from":-164,"valid_to":-126,"span_from":-331,"span_to":-28,"wikidata":"Q2320005","area":679404,"src":"cliopatria","confidence":"medium","finish":"chaikin1cap4km+grow2km+islands+s600m","islands":0}},{"type":"Feature","geometry":{"type":"Point","coordinates":[29.148,28.361]},"properties":{"id":"territory:Ptolemaic Kingdom:-164:label","name":"프톨레마이오스 왕국","name_en":"Ptolemaic Kingdom","actor":"그리스계","valid_from":-164,"valid_to":-126,"span_from":-331,"span_to":-28,"wikidata":"Q2320005","area":679404,"src":"cliopatria","confidence":"medium"}},{"type":"Feature","geometry":{"type":"Polygon","coordinates":[[[45.18,36.048],[45.1953,36.0393],[45.2198,35.995],[45.2358,35.6831],[45.2708,35.6431],[45.9936,35.4201],[46.0751,35.4063],[47.9086,35.3394],[48.6706,35.215],[48.7235,35.1668],[48.7371,34.78],[48.7627,34.7227],[48.8387,34.645],[48.8672,34.5814],[48.8771,34.2009],[48.8904,34.178],[48.9301,34.1749],[48.952,34.1215],[48.9234,33.9428],[48.8875,33.8742],[48.6734,33.6669],[48.65,33.6109],[48.6658,33.3018],[48.6983,33.2531],[48.8332,33.176],[48.88,33.115],[48.9114,32.9239],[48.9503,32.8828],[49.085,32.84],[49.1539,32.795],[49.3069,32.6052],[49.3643,32.585],[49.6647,32.6312],[49.7504,32.605],[49.825,32.5304],[49.853,32.4605],[49.8422,32.3394],[49.8683,32.2913],[50.011,32.2002],[50.0407,32.1462],[50.0335,32.0746],[50.0541,32.0237],[50.2633,31.8299],[50.2688,31.749],[50.0403,31.4797],[50.0132,31.4194],[49.9925,31.2468],[50.0073,31.1856],[50.097,31.0455],[50.112,30.9715],[50.0844,30.7988],[50.1093,30.7532],[50.3927,30.5957],[50.4301,30.533],[50.4134,30.4028],[50.3689,30.3389],[50.1021,30.1837],[50.049,30.1632],[50.0103,30.162],[49.9591,30.1454],[49.6275,29.9899],[49.5448,29.9922],[48.9778,30.2714],[48.9669,30.2652],[49.0008,30.0889],[48.9621,30.03],[48.4216,29.9125],[48.392,29.8782],[48.4101,29.6239],[48.3612,29.5742],[48.1356,29.5305],[48.0448,29.528],[47.6873,29.577],[47.6051,29.6034],[47.3209,29.7534],[47.2483,29.7636],[47.0128,29.7228],[46.9731,29.7472],[46.9646,29.7639],[46.9691,29.8226],[46.9431,29.8605],[46.8808,29.8872],[46.8105,29.8911],[46.6524,29.8552],[46.6087,29.8803],[46.5997,29.8947],[46.5749,30.2659],[46.5391,30.2999],[45.8097,30.4155],[45.7298,30.4552],[44.9667,31.2275],[44.9019,31.2608],[44.6189,31.3144],[44.5536,31.3587],[44.4606,31.5473],[44.4177,31.6048],[43.1682,32.7685],[43.1022,32.8054],[42.7404,32.9133],[42.6744,32.9618],[42.5869,33.0964],[42.5325,33.1424],[41.5201,33.6161],[41.4489,33.6636],[41.2285,33.8683],[41.162,33.9013],[40.9417,33.947],[40.8845,33.9879],[40.8511,34.0547],[40.802,34.082],[40.3533,34.082],[40.3386,34.0897],[40.3136,34.1311],[40.3579,34.2007],[40.3461,34.227],[39.5471,34.4605],[39.4654,34.472],[39.1652,34.472],[39.0878,34.4554],[38.0363,33.9715],[37.9681,33.9308],[37.7855,33.792],[37.7551,33.7418],[37.7434,33.6682],[37.69,33.632],[37.613,33.632],[37.5471,33.6094],[37.1153,33.2726],[37.0837,33.2185],[37.0716,33.1039],[37.0243,33.0564],[36.9419,33.052],[36.8907,33.025],[36.8472,32.9621],[36.8167,32.8986],[36.7022,32.4924],[36.674,32.5293],[36.5904,32.607],[36.5145,32.6326],[36.0488,32.5824],[35.9798,32.5449],[35.929,32.4746],[35.8781,32.448],[35.7962,32.4439],[35.7562,32.4114],[35.7452,32.3419],[35.7139,32.318],[35.64,32.318],[35.5864,32.2777],[35.5693,32.092],[34.9494,32.092],[34.9138,32.0647],[34.8918,31.8304],[34.9202,31.7869],[35.2794,31.6236],[35.3395,31.5709],[35.3768,31.5039],[35.4067,31.478],[35.4421,31.4769],[35.4841,31.248],[35.4616,31.2042],[35.0564,30.9847],[35.013,30.9281],[35.0049,30.8579],[34.9759,30.8074],[34.7212,30.6003],[34.6593,30.578],[34.5875,30.578],[34.5475,30.5659],[34.5549,30.6003],[34.329,31.2416],[34.2821,31.2871],[34.2848,31.3321],[34.3157,31.3802],[34.5858,31.6422],[34.6003,31.6944],[34.5638,31.8098],[34.59,31.8772],[34.7608,31.9738],[34.7877,32.0198],[34.7559,32.3223],[34.7801,32.3942],[34.978,32.6023],[35.0061,32.6608],[35.0427,32.9859],[35.0858,33.0365],[35.1714,33.071],[35.2243,33.1143],[35.3645,33.3635],[35.3749,33.4253],[35.3392,33.6111],[35.3739,33.6617],[35.4543,33.668],[35.4739,33.6906],[35.4392,33.8711],[35.4424,33.8853],[35.4868,33.9382],[35.6284,33.9751],[35.6577,34.0113],[35.6258,34.3224],[35.6351,34.34],[35.6851,34.3588],[35.7551,34.3261],[35.8091,34.3345],[36.0076,34.533],[36.0362,34.5909],[36.0479,34.7017],[36.026,34.7564],[35.9422,34.8364],[35.9167,34.899],[35.9383,35.151],[35.9285,35.172],[35.8889,35.1759],[35.8741,35.2204],[35.959,35.4838],[35.9397,35.5208],[35.862,35.556],[35.8308,35.6194],[35.9627,36.1821],[35.9396,36.2237],[35.8699,36.2562],[35.8597,36.2701],[35.8541,36.3119],[35.861,36.3286],[36.2146,36.598],[36.2485,36.6521],[36.2659,36.7623],[36.245,36.8153],[36.1616,36.8875],[36.1242,36.8957],[36.0863,36.8682],[36.04,36.852],[36.0,36.852],[35.9837,36.8625],[36.0028,36.8998],[36.0119,36.9592],[36.0502,36.9996],[36.123,37.0269],[36.1956,37.025],[37.1603,36.6091],[37.2469,36.6096],[37.4857,36.7067],[37.5424,36.722],[37.6473,36.7325],[38.1287,36.8465],[38.1828,36.8998],[38.1906,36.9765],[38.153,37.0368],[38.0095,37.1216],[37.9828,37.1694],[38.0035,37.3421],[37.9776,37.414],[37.685,37.6923],[37.6698,37.7446],[37.7661,38.0497],[37.7616,38.0664],[38.1023,38.0192],[38.1963,38.0282],[38.2763,38.0582],[38.3365,38.1108],[38.4197,38.3033],[38.4705,38.332],[38.6111,38.332],[38.6806,38.3071],[38.8279,38.1738],[38.9097,38.1431],[39.1421,38.1439],[39.2154,38.1827],[39.3751,38.4382],[39.3741,38.4721],[39.4258,38.4871],[40.1022,38.318],[40.1615,38.308],[40.43,38.308],[40.4602,38.2852],[40.4674,38.238],[40.5089,38.238],[40.5244,38.211],[40.54,38.202],[40.5679,38.202],[40.5758,38.1822],[40.5579,38.0685],[40.5638,38.0521],[40.6165,38.012],[41.6216,38.012],[41.7047,37.9948],[41.9124,37.9016],[42.0029,37.8824],[42.4625,37.882],[42.5518,37.8722],[43.8914,37.5725],[43.9865,37.562],[44.3613,37.562],[44.4411,37.5422],[44.7191,37.3877],[44.7456,37.3409],[44.7279,37.2285],[44.7443,37.1541],[44.839,37.0164],[44.912,36.974],[45.2015,36.9207],[45.2378,36.9302],[45.2585,36.906],[45.2626,36.8918],[45.1436,36.068],[45.152,36.048],[45.18,36.048]]]},"properties":{"id":"territory:Seleucid Empire:-164","name":"셀레우코스 제국","name_en":"Seleucid Empire","actor":"그리스계","valid_from":-164,"valid_to":-144,"span_from":-318,"span_to":-64,"wikidata":"Q705904","area":669880,"src":"cliopatria","confidence":"medium","finish":"chaikin1cap4km+grow2km+islands+s600m","islands":0}},{"type":"Feature","geometry":{"type":"Point","coordinates":[42.952,34.301]},"properties":{"id":"territory:Seleucid Empire:-164:label","name":"셀레우코스 제국","name_en":"Seleucid Empire","actor":"그리스계","valid_from":-164,"valid_to":-144,"span_from":-318,"span_to":-64,"wikidata":"Q705904","area":669880,"src":"cliopatria","confidence":"medium"}},{"type":"Feature","geometry":{"type":"MultiPolygon","coordinates":[[[[25.0971,31.8227],[25.1246,31.7615],[25.12,31.6293],[25.144,31.5756],[25.23,31.5011],[25.2943,31.478],[26.8088,31.478],[26.8917,31.4673],[27.2693,31.3662],[27.3402,31.3265],[27.4924,31.1816],[27.5558,31.1521],[28.4646,31.0325],[28.5437,31.0077],[28.8408,30.8552],[28.9133,30.838],[29.3539,30.838],[29.4019,30.8659],[29.4682,30.9937],[29.5321,31.0115],[29.5982,30.9832],[29.66,30.9867],[29.8202,31.0735],[29.833,31.1109],[29.8017,31.169],[29.8021,31.2259],[29.8492,31.2694],[29.9212,31.288],[30.2897,31.288],[30.3013,31.3039],[30.2717,31.359],[30.2721,31.4159],[30.3192,31.4594],[30.3912,31.478],[30.7669,31.478],[30.8414,31.4933],[30.9217,31.5285],[30.952,31.5685],[30.952,31.6275],[30.9589,31.6416],[31.0112,31.678],[31.1588,31.678],[31.1736,31.6702],[31.1953,31.6385],[31.1958,31.6189],[31.1592,31.5595],[31.1708,31.5261],[31.2395,31.4941],[31.3132,31.478],[31.8388,31.478],[31.8527,31.4713],[31.8804,31.4374],[31.8831,31.4194],[31.8152,31.2495],[31.8212,31.2446],[31.8958,31.2726],[31.9579,31.2519],[31.9681,31.2408],[32.0043,31.1261],[32.0466,31.098],[32.2502,31.098],[32.264,31.1151],[32.2387,31.17],[32.2402,31.1877],[32.2627,31.2202],[32.2775,31.228],[32.3525,31.228],[32.4304,31.197],[32.5106,31.1226],[32.5695,31.1084],[32.7372,31.1467],[32.7919,31.1241],[32.8286,31.0558],[32.8738,31.0338],[33.3277,31.0926],[33.4405,31.0946],[33.4478,31.0835],[33.4244,31.0488],[33.321,30.6009],[33.2931,30.5379],[33.0775,30.2228],[33.0248,30.1755],[32.6261,29.9549],[32.5874,29.9178],[32.582,29.902],[32.556,29.902],[32.5353,29.8767],[32.4594,29.6337],[32.4705,29.5785],[32.6302,29.3807],[32.6612,29.3115],[32.7025,29.0029],[32.7379,28.9575],[32.8159,28.9201],[32.8732,28.8658],[33.1077,28.4228],[33.1532,28.3691],[33.5955,28.0218],[33.6261,27.9532],[33.6101,27.6492],[33.6335,27.5948],[33.7835,27.4592],[33.8265,27.3954],[33.9343,27.0739],[33.9755,27.03],[34.0501,26.9948],[34.0832,26.9439],[34.0701,26.6211],[34.0991,26.5797],[34.175,26.548],[34.2303,26.4927],[34.4617,25.9142],[34.5074,25.8704],[34.5846,25.8383],[34.6418,25.7843],[35.15,24.6926],[35.192,24.6363],[35.8434,24.0492],[35.8754,23.9761],[35.8704,23.9111],[35.8614,23.8969],[35.8063,23.8707],[35.6031,23.9127],[35.5747,23.8966],[35.5704,23.8411],[35.5618,23.8271],[35.5066,23.7987],[35.149,23.8556],[35.0705,23.8563],[33.74,23.672],[33.698,23.6723],[33.6519,23.7211],[33.4318,23.8121],[33.3547,23.8244],[32.0775,23.7114],[32.0042,23.714],[31.7105,23.7616],[31.6327,23.7555],[30.57,23.3893],[30.5271,23.3596],[30.5188,23.342],[30.48,23.342],[30.4361,23.3829],[30.3942,23.5168],[30.3544,23.5676],[30.1178,23.7199],[30.0869,23.7735],[30.0889,23.8402],[30.0654,23.862],[29.9902,23.8636],[29.9211,23.8961],[29.6836,24.1582],[29.6241,24.1994],[28.6005,24.6181],[28.5365,24.6738],[28.292,25.1189],[28.2698,25.1947],[28.2244,25.9051],[28.2284,25.9786],[28.3253,26.5426],[28.3177,26.562],[28.2754,26.5695],[28.2467,26.6128],[28.1383,27.3085],[28.1071,27.3645],[27.9591,27.4985],[27.8956,27.522],[27.7512,27.522],[27.7364,27.5298],[27.7147,27.5615],[27.7142,27.5811],[27.7517,27.642],[27.7444,27.6865],[27.4508,27.9474],[27.3946,27.9565],[27.3241,27.9283],[27.2728,27.9504],[27.2639,27.9668],[27.2699,28.0803],[27.2443,28.131],[26.872,28.4018],[26.8049,28.4388],[25.9085,28.7993],[25.8382,28.8396],[25.2423,29.3001],[25.1759,29.322],[24.9515,29.3249],[24.891,29.3684],[24.8466,29.4953],[24.802,29.5355],[24.4391,29.6435],[24.3725,29.6885],[24.2707,29.8175],[24.214,29.8606],[23.6995,30.0873],[23.6312,30.1301],[23.2501,30.4589],[23.1857,30.482],[22.8912,30.482],[22.8389,30.5184],[22.832,30.5325],[22.832,30.5906],[22.8009,30.6255],[21.9854,30.8611],[21.9075,30.872],[20.6245,30.872],[20.5616,30.8482],[20.0004,30.3232],[19.9241,30.2835],[19.697,30.2322],[19.6429,30.197],[19.5987,30.1343],[19.5377,30.1005],[18.8526,30.0359],[18.8404,30.0404],[18.9053,30.3143],[18.9212,30.3249],[19.456,30.328],[19.5235,30.3492],[20.0751,30.7496],[20.1092,30.8022],[20.1854,31.2342],[20.1727,31.2942],[20.0054,31.549],[19.9886,31.6218],[20.0656,32.0745],[20.0553,32.1366],[20.0217,32.199],[20.023,32.2181],[20.0612,32.258],[20.2034,32.258],[20.2459,32.2861],[20.3018,32.4609],[20.3122,32.472],[20.3607,32.4917],[20.4434,32.464],[20.4878,32.477],[20.5321,32.5442],[20.6,32.578],[20.6702,32.578],[20.6793,32.5919],[20.6416,32.6603],[20.6661,32.6907],[20.6841,32.6953],[20.8322,32.6503],[20.8929,32.6611],[21.0683,32.7999],[21.1462,32.8195],[21.3695,32.7764],[21.432,32.791],[21.5285,32.8694],[21.6089,32.9024],[22.0671,32.9533],[22.1504,32.9453],[23.057,32.6497],[23.1061,32.5832],[23.1001,32.4708],[23.1286,32.4272],[23.2106,32.3829],[23.227,32.3359],[23.2249,32.32],[23.1906,32.2685],[23.202,32.2447],[23.9216,32.058],[24.8501,32.0006],[24.931,31.9683],[25.0971,31.8227]]],[[[34.547,35.6019],[34.5026,35.544],[34.0108,35.2679],[33.9962,35.2278],[34.0894,35.0413],[34.0883,35.0233],[34.0618,34.9834],[34.0495,34.9756],[33.7488,34.9293],[33.6851,34.8966],[33.5543,34.753],[33.4795,34.7156],[33.1793,34.6694],[33.1209,34.6352],[33.0669,34.5641],[32.9936,34.5445],[32.4066,34.7109],[32.3335,34.7609],[32.2345,34.9041],[32.2159,34.9777],[32.2284,35.0961],[32.2832,35.1444],[32.5044,35.148],[32.5846,35.1629],[32.8298,35.2595],[32.865,35.2998],[32.8772,35.3722],[32.9237,35.4047],[33.6938,35.408],[33.7695,35.4272],[34.265,35.7053],[34.3239,35.7269],[34.5025,35.728],[34.5497,35.6907],[34.5554,35.6761],[34.547,35.6019]]]]},"properties":{"id":"territory:Ptolemaic Kingdom:-126","name":"프톨레마이오스 왕국","name_en":"Ptolemaic Kingdom","actor":"그리스계","valid_from":-126,"valid_to":-110,"span_from":-331,"span_to":-28,"wikidata":"Q2320005","area":669317,"src":"cliopatria","confidence":"medium","finish":"chaikin1cap4km+grow2km+islands+s600m","islands":0}},{"type":"Feature","geometry":{"type":"Point","coordinates":[29.073,28.325]},"properties":{"id":"territory:Ptolemaic Kingdom:-126:label","name":"프톨레마이오스 왕국","name_en":"Ptolemaic Kingdom","actor":"그리스계","valid_from":-126,"valid_to":-110,"span_from":-331,"span_to":-28,"wikidata":"Q2320005","area":669317,"src":"cliopatria","confidence":"medium"}},{"type":"Feature","geometry":{"type":"Polygon","coordinates":[[[85.6916,19.6377],[85.616,19.6224],[85.5244,19.6277],[85.4859,19.6776],[85.4975,19.7879],[85.4748,19.812],[85.4155,19.812],[85.3945,19.7888],[85.4223,19.6083],[85.394,19.5321],[84.7906,19.0018],[84.7448,18.9485],[84.4148,18.4311],[84.3636,18.3753],[84.088,18.1666],[84.0201,18.1308],[83.715,18.0264],[83.6709,17.986],[83.5907,17.7964],[83.5449,17.7362],[83.1886,17.4575],[83.1233,17.418],[82.4948,17.1307],[82.4525,17.0864],[82.3814,16.9016],[82.3832,16.888],[82.4128,16.8847],[82.4194,16.8762],[82.4334,16.8321],[82.4023,16.5835],[82.3575,16.5152],[82.1112,16.3642],[82.0379,16.3394],[81.3644,16.2761],[81.3216,16.2449],[81.1499,15.8071],[81.0913,15.7689],[80.6484,15.8174],[80.5838,15.8045],[80.4239,15.7142],[80.3802,15.6669],[80.1233,15.0999],[80.1281,15.0461],[80.2142,14.9203],[80.2386,14.8498],[80.253,14.4554],[80.2097,14.4012],[79.3014,14.1046],[79.253,14.1273],[79.2446,14.1439],[79.2491,14.203],[79.224,14.2433],[78.8052,14.457],[78.7746,14.5172],[78.9593,15.1033],[78.9417,15.1323],[76.7231,15.6243],[76.6529,15.6671],[76.4418,15.927],[76.3885,15.952],[76.3108,15.9533],[76.2409,15.9827],[76.0241,16.1914],[75.9971,16.2595],[76.0575,16.8299],[76.0328,16.8684],[75.7591,16.97],[75.6939,17.0104],[75.4741,17.2214],[75.4459,17.2856],[75.4492,17.3541],[75.4266,17.4017],[75.0878,17.6728],[75.0563,17.7348],[75.0593,17.8046],[75.0381,17.855],[74.8975,17.9886],[74.8412,18.0058],[74.4719,17.9483],[74.4052,17.9248],[73.9214,17.6433],[73.8467,17.6226],[73.1779,17.622],[73.1153,17.6577],[72.9589,17.9895],[72.9396,18.0646],[72.8549,19.268],[72.8243,19.3128],[72.7479,19.3544],[72.7159,19.4176],[72.7284,19.5361],[72.7704,19.606],[73.3569,20.012],[73.3966,20.0628],[73.6802,20.8313],[73.6962,20.8988],[73.7382,21.2762],[73.7576,21.3478],[74.0187,21.9244],[74.068,21.9871],[74.3397,22.2011],[74.4057,22.2399],[75.4313,22.6632],[75.5069,22.68],[76.5612,22.7359],[76.6413,22.7263],[76.9983,22.6184],[77.1415,22.5947],[78.0046,22.297],[78.0671,22.2529],[78.2782,21.993],[78.3315,21.968],[78.4092,21.9667],[78.479,21.9372],[78.756,21.6686],[78.7965,21.5997],[78.8269,21.4844],[78.8657,21.4475],[79.0871,21.3903],[79.1213,21.349],[79.121,21.2781],[79.1468,21.2453],[79.2786,21.2077],[79.341,21.1645],[79.4325,21.0327],[79.4842,20.9935],[79.9789,20.8199],[80.0495,20.808],[80.4121,20.808],[80.4814,20.7786],[80.8277,20.3816],[80.8837,20.347],[81.7529,20.115],[81.8176,20.074],[82.158,19.6813],[82.2137,19.6429],[82.4909,19.54],[82.5558,19.4991],[82.7622,19.2932],[82.8081,19.2878],[85.3153,20.7886],[85.391,20.7986],[86.1169,20.6205],[86.1595,20.5649],[86.1761,20.1919],[86.2061,20.1484],[86.4135,20.0521],[86.4501,20.0179],[86.4502,19.972],[86.4063,19.9316],[85.6916,19.6377]]]},"properties":{"id":"territory:Satavahana Dynasty:-144","name":"Satavahana Dynasty","name_en":"Satavahana Dynasty","actor":"기타중립","valid_from":-144,"valid_to":-91,"span_from":-225,"span_to":223,"color":"#A9607C","wikidata":"Q5257","area":657880,"src":"cliopatria","confidence":"medium","finish":"chaikin1cap4km+grow2km+islands+s600m","islands":0}},{"type":"Feature","geometry":{"type":"Point","coordinates":[78.472,18.832]},"properties":{"id":"territory:Satavahana Dynasty:-144:label","name":"Satavahana Dynasty","name_en":"Satavahana Dynasty","actor":"기타중립","valid_from":-144,"valid_to":-91,"span_from":-225,"span_to":223,"color":"#A9607C","wikidata":"Q5257","area":657880,"src":"cliopatria","confidence":"medium"}},{"type":"Feature","geometry":{"type":"MultiPolygon","coordinates":[[[[27.5741,37.1611],[27.5329,37.3325],[27.4934,37.353],[27.2672,37.3106],[27.2509,37.3158],[27.2288,37.3391],[27.227,37.3617],[27.2694,37.4229],[27.2627,37.4672],[27.173,37.5497],[27.1615,37.6215],[27.2242,37.7406],[27.2234,37.752],[27.1882,37.7565],[27.1682,37.774],[27.162,37.7875],[27.1652,37.8326],[27.1746,37.8397],[27.2261,37.822],[27.6839,37.822],[27.7782,37.8335],[27.9305,37.8716],[28.0053,37.9139],[28.1243,38.0455],[28.1896,38.072],[28.4017,38.072],[28.4806,38.0521],[28.6304,37.9674],[28.6664,37.9176],[28.6984,37.6139],[28.7515,37.5565],[29.2089,37.4438],[29.2694,37.4052],[29.3632,37.2712],[29.4301,37.2193],[29.6463,37.1321],[29.667,37.0943],[29.5826,36.8569],[29.5555,36.5175],[29.6008,36.4483],[29.6815,36.4171],[29.7682,36.4131],[30.4702,36.5819],[30.5201,36.6087],[30.528,36.595],[30.5279,36.5637],[30.5115,36.384],[30.5042,36.3714],[30.4449,36.332],[30.0791,36.332],[30.0202,36.3043],[29.9694,36.2352],[29.8949,36.202],[29.2851,36.202],[29.2143,36.2513],[29.112,36.6947],[29.0682,36.7306],[28.4054,36.844],[28.3451,36.8247],[28.2227,36.6834],[28.15,36.652],[28.07,36.652],[28.0263,36.6934],[28.0226,36.7099],[28.1102,37.0206],[28.0863,37.0488],[27.6335,37.11],[27.5741,37.1611]]],[[[24.9844,41.6787],[25.056,41.6925],[25.1556,41.7686],[25.2479,41.798],[26.2697,41.798],[26.3488,41.82],[26.7889,42.1038],[26.8779,42.128],[27.44,42.128],[27.48,42.0689],[27.5665,41.9939],[27.6536,41.963],[27.8806,41.962],[27.9362,41.9774],[27.9453,41.96],[27.9416,41.9339],[27.9946,41.9205],[28.0233,41.8771],[28.0606,41.6383],[28.0931,41.6243],[28.1829,41.6521],[28.2422,41.6335],[28.3472,41.4358],[28.4033,41.3973],[28.9449,41.2837],[29.0082,41.2304],[29.0457,41.1115],[29.0422,41.0928],[28.9963,41.0443],[28.6758,40.99],[28.5803,40.9954],[28.2148,41.0987],[28.159,41.0826],[28.1084,41.0151],[28.0305,40.9882],[27.5782,41.0458],[27.5044,41.0278],[27.406,40.9526],[27.3746,40.9149],[27.3663,40.876],[27.3274,40.8301],[27.2244,40.7514],[27.139,40.7181],[27.0945,40.7128],[27.0667,40.7512],[27.0527,40.758],[26.8273,40.758],[26.7677,40.7225],[26.7574,40.6767],[26.5726,40.6672],[26.5089,40.6741],[26.5105,40.7011],[26.4997,40.7091],[26.2932,40.7577],[26.2456,40.7574],[26.1154,40.717],[26.0609,40.7587],[26.0546,40.7739],[26.059,40.8311],[26.0257,40.8678],[25.8902,40.909],[25.8003,40.9241],[24.3652,40.9826],[24.3566,41.0005],[24.3087,41.0274],[24.0824,41.0769],[24.0262,41.1149],[23.9933,41.176],[23.9518,41.2136],[23.9044,41.218],[23.8591,41.2419],[23.7759,41.314],[23.7521,41.3686],[23.7641,41.4823],[23.7492,41.5212],[23.77,41.538],[23.8725,41.548],[24.6702,41.7272],[24.7659,41.7276],[24.9844,41.6787]]],[[[28.1612,36.0524],[28.1042,35.9995],[27.7869,35.8963],[27.7276,35.9196],[27.7176,35.9335],[27.6768,36.252],[27.7173,36.3265],[27.9748,36.4747],[28.031,36.4967],[28.21,36.498],[28.2548,36.4567],[28.2588,36.4405],[28.1612,36.0524]]],[[[27.1,36.948],[27.1533,36.906],[27.1883,36.841],[27.1888,36.825],[27.1663,36.7762],[26.9168,36.6696],[26.8987,36.6723],[26.8795,36.6879],[26.8758,36.7117],[27.0041,36.908],[27.049,36.9442],[27.1,36.948]]],[[[18.553,43.3264],[18.6113,43.3136],[18.6915,43.3419],[18.7593,43.3455],[18.802,43.3224],[18.8105,43.3427],[18.8305,43.3552],[18.8908,43.3544],[18.918,43.325],[18.918,43.295],[18.8853,43.2631],[19.1727,43.0611],[19.2511,43.038],[19.5715,43.0349],[19.6055,43.0031],[19.5985,42.9883],[19.56,42.9584],[19.5582,42.9222],[19.5925,42.8665],[19.6526,42.838],[20.1915,42.838],[20.2053,42.8314],[20.2358,42.7888],[20.1933,42.721],[20.2005,42.708],[20.2788,42.7056],[20.3433,42.666],[20.3749,42.6074],[20.4257,42.5914],[20.5798,42.6346],[20.635,42.6138],[20.6454,42.5961],[20.6408,42.536],[20.6661,42.4838],[20.8979,42.283],[20.9633,42.258],[21.04,42.258],[21.0872,42.239],[21.098,42.2225],[21.098,42.1877],[21.0317,42.1703],[20.7781,42.0681],[20.7363,42.0192],[20.732,41.9473],[20.7029,41.8968],[20.5224,41.7596],[20.4864,41.6922],[20.5226,41.1559],[20.5673,41.0922],[20.8002,40.9494],[20.8305,40.8994],[20.8254,40.7076],[20.844,40.6717],[20.86,40.662],[20.889,40.662],[20.9,40.6402],[20.894,40.5205],[20.8657,40.463],[20.5835,40.1957],[20.5507,40.1248],[20.5434,39.9366],[20.5489,39.923],[20.6033,39.8752],[20.8959,39.8301],[20.9289,39.8001],[20.9263,39.7347],[20.9549,39.6753],[21.2745,39.3957],[21.2992,39.3465],[21.2954,39.3006],[21.258,39.278],[20.657,39.278],[20.6164,39.242],[20.47,39.242],[20.4136,39.2823],[20.1594,39.6636],[20.0975,39.692],[19.9738,39.692],[19.9347,39.6672],[19.9304,39.6111],[19.9197,39.596],[19.8797,39.5785],[19.7834,39.6139],[19.742,39.6725],[19.742,39.7375],[19.75,39.7524],[19.8085,39.788],[19.9457,39.788],[19.9843,39.8155],[19.99,39.9304],[19.9634,39.9857],[19.6528,40.2473],[19.5867,40.272],[19.51,40.272],[19.4599,40.3129],[19.4543,40.327],[19.4692,40.5657],[19.4353,40.592],[19.2885,40.5951],[19.24,40.6276],[19.232,40.6425],[19.2356,40.7183],[19.2753,40.7714],[19.4475,40.863],[19.4758,40.9094],[19.4277,41.2216],[19.4424,41.2962],[19.482,41.3626],[19.482,41.372],[19.4469,41.3777],[19.4421,41.3912],[19.4474,41.4322],[19.4908,41.502],[19.4588,41.506],[19.4445,41.5508],[19.509,41.7454],[19.4927,41.7968],[18.8714,42.3281],[18.7989,42.3696],[18.1746,42.5984],[18.0963,42.6432],[17.8532,42.8471],[17.7786,42.872],[17.6426,42.872],[17.5825,42.8435],[17.5373,42.7761],[17.4978,42.7848],[17.4997,42.9067],[17.4729,42.932],[17.3878,42.9368],[17.3434,42.9866],[17.3502,43.1637],[17.3212,43.1798],[17.1703,43.1436],[17.1034,43.1688],[17.0932,43.1806],[17.0444,43.3618],[17.0015,43.381],[16.7678,43.3345],[16.7213,43.3602],[16.712,43.3759],[16.712,43.4982],[16.6811,43.5402],[16.6135,43.5673],[16.5343,43.5725],[15.9804,43.4618],[15.9651,43.4658],[15.9322,43.4997],[15.9717,43.5721],[15.9688,43.625],[15.8718,43.7544],[15.8158,43.782],[15.7314,43.7842],[15.6647,43.8231],[15.6283,43.8823],[15.5744,43.8986],[15.4202,43.8554],[15.4039,43.8589],[15.3743,43.8895],[15.417,43.9594],[15.4024,43.9881],[15.2601,44.0296],[15.2003,44.0823],[15.1407,44.3475],[15.1034,44.4039],[14.932,44.5397],[14.895,44.6077],[14.9009,44.9276],[14.8653,44.9689],[14.5589,45.0685],[14.5156,45.1249],[14.5132,45.1402],[14.5692,45.3293],[14.5445,45.352],[14.2543,45.352],[14.2166,45.3247],[14.209,45.0754],[14.2016,45.0614],[14.1415,45.022],[14.0038,45.022],[13.9647,44.9972],[13.9604,44.9411],[13.9109,44.8957],[13.82,44.892],[13.7549,44.9418],[13.7011,45.1956],[13.6576,45.2394],[13.5685,45.2738],[13.5239,45.3368],[13.5365,45.4777],[13.5783,45.5136],[13.6631,45.518],[13.692,45.5439],[13.692,45.7158],[13.6545,45.7478],[13.1911,45.7966],[13.1394,45.7724],[13.091,45.6573],[13.0204,45.6247],[12.8654,45.6601],[12.7937,45.6473],[12.6947,45.5715],[12.6086,45.5374],[12.2155,45.4887],[12.178,45.4559],[12.178,45.2115],[12.2115,45.1625],[12.3694,45.077],[12.418,45.0041],[12.418,44.8159],[12.4084,44.8001],[12.3497,44.7741],[12.2082,44.8094],[12.1768,44.793],[12.169,44.4882],[12.1867,44.4246],[12.3042,44.2338],[12.357,44.1791],[12.8413,43.8419],[12.9105,43.8333],[12.9915,43.8619],[13.0447,43.844],[13.0554,43.8261],[13.0511,43.7698],[13.0855,43.7382],[13.3161,43.6962],[13.3995,43.6595],[13.6494,43.4507],[13.696,43.3789],[13.7579,43.1237],[13.8007,43.073],[13.9674,42.9782],[13.9902,42.9084],[13.9343,42.7904],[13.9378,42.7329],[14.0542,42.5437],[14.1068,42.4888],[14.5817,42.1521],[14.6479,42.1434],[14.7237,42.1718],[14.7772,42.154],[14.788,42.1375],[14.788,42.0787],[14.8186,42.0399],[14.8864,42.0128],[14.9644,42.0091],[15.1296,42.046],[15.1932,42.0245],[15.2356,41.9561],[15.2927,41.928],[16.0818,41.9247],[16.1279,41.8922],[16.1354,41.8761],[16.1246,41.7992],[16.0684,41.7511],[15.9261,41.7155],[15.8969,41.6798],[15.9489,41.4347],[15.9941,41.3921],[17.1637,41.0297],[17.2437,40.9868],[17.4879,40.782],[17.562,40.7443],[17.9393,40.6399],[18.018,40.5971],[18.4281,40.1934],[18.4449,40.1193],[18.371,39.9192],[18.3015,39.882],[18.1585,39.882],[18.0738,39.9225],[17.8189,40.3135],[17.7575,40.342],[17.4597,40.3444],[17.3984,40.379],[17.3482,40.5029],[17.2968,40.532],[17.0803,40.532],[16.9954,40.5153],[16.9224,40.4833],[16.9139,40.4695],[16.9479,40.4342],[16.9458,40.3872],[16.8895,40.3056],[16.8115,40.272],[16.676,40.272],[16.6557,40.2516],[16.7021,40.1413],[16.6773,40.0715],[16.5114,39.9774],[16.4767,39.9281],[16.4693,39.6827],[16.5052,39.6434],[16.8828,39.5385],[16.9633,39.4963],[17.0502,39.4209],[17.0953,39.3484],[17.1472,39.0856],[17.1042,39.0261],[16.5535,38.8024],[16.5169,38.7575],[16.5089,38.4555],[16.4734,38.3849],[15.9739,37.9728],[15.8815,37.942],[15.7485,37.942],[15.6775,37.9787],[15.6195,38.1129],[15.5668,38.142],[15.4426,38.142],[15.3824,38.1134],[15.1066,37.6652],[15.087,37.6012],[15.079,37.2915],[15.109,37.2497],[15.187,37.2157],[15.2245,37.1647],[15.228,37.0359],[15.2052,36.9579],[15.0854,36.7633],[15.0092,36.7238],[14.7085,36.722],[14.6187,36.7566],[14.2977,37.0861],[14.2271,37.1208],[13.62,37.2255],[13.5364,37.2633],[13.2123,37.5376],[13.1375,37.5715],[12.5247,37.6882],[12.472,37.7459],[12.4732,37.8705],[12.5019,37.9421],[12.6189,38.0766],[12.7002,38.1004],[12.9906,38.0558],[13.0479,38.0772],[13.0923,38.1437],[13.1685,38.178],[13.3015,38.178],[13.3918,38.1542],[13.6402,37.9998],[13.7209,37.978],[14.0107,37.978],[14.1047,37.9865],[15.8053,38.2982],[15.8523,38.3356],[15.9301,38.6484],[15.9927,38.6977],[16.2145,38.7463],[16.252,38.7834],[16.252,38.8898],[16.224,38.9461],[16.1398,39.0191],[16.092,39.0897],[15.8948,39.726],[15.8499,39.7777],[15.6916,39.8724],[15.6747,39.9419],[15.7077,39.9956],[15.6933,40.012],[15.4785,40.012],[15.3927,40.0404],[15.2221,40.187],[15.1567,40.212],[15.0699,40.2151],[15.0183,40.25],[14.8867,40.633],[14.8367,40.662],[14.4578,40.6656],[14.4093,40.7015],[14.402,40.7159],[14.402,40.825],[14.3656,40.852],[14.1485,40.852],[14.073,40.8869],[13.956,41.0837],[13.9053,41.112],[13.8214,41.1142],[13.7614,41.1467],[13.7172,41.214],[13.6565,41.2472],[13.0463,41.3074],[12.954,41.3391],[12.1561,41.871],[12.1149,41.9328],[12.112,41.9996],[12.0749,42.0337],[11.8527,42.0823],[11.7802,42.1276],[11.6586,42.3217],[11.6116,42.3336],[11.5255,42.3001],[11.468,42.3151],[11.4241,42.3844],[11.3753,42.412],[11.2903,42.4149],[11.2365,42.4493],[11.1792,42.5835],[11.1347,42.612],[11.048,42.6166],[11.008,42.6526],[11.002,42.7785],[10.9685,42.8275],[10.5706,43.043],[10.5164,43.1033],[10.3632,43.6287],[10.334,43.6943],[10.1384,44.0121],[10.0848,44.0281],[9.9402,43.9859],[9.9242,43.9889],[9.8923,44.0193],[9.9277,44.0856],[9.9133,44.102],[9.7785,44.102],[9.6828,44.1266],[9.1914,44.4111],[9.1092,44.432],[8.641,44.432],[8.561,44.4097],[8.2395,44.2007],[8.208,44.1522],[8.208,44.0925],[8.1972,44.076],[8.1437,44.0582],[8.0637,44.0882],[8.0279,44.146],[8.0271,44.1611],[8.0779,44.2882],[8.0725,44.3467],[8.032,44.418],[8.0337,44.4826],[8.302,44.8858],[8.322,44.9487],[8.322,45.1341],[8.3562,45.2051],[8.5336,45.3547],[8.562,45.4071],[8.5663,45.4792],[8.6089,45.529],[8.8541,45.6304],[8.9485,45.648],[10.4815,45.648],[10.5794,45.6298],[10.8221,45.5342],[10.9102,45.518],[11.4605,45.518],[11.5534,45.5283],[12.0284,45.6367],[12.1105,45.6683],[12.3591,45.8114],[12.392,45.8605],[12.3982,45.9385],[12.4382,45.9735],[12.5269,45.978],[12.5944,46.0021],[12.8557,46.2079],[12.943,46.2371],[13.5915,46.238],[13.6783,46.2105],[13.7759,46.1328],[13.8505,46.1106],[14.9007,46.1654],[14.9595,46.1328],[14.968,46.1175],[14.968,46.0606],[15.0052,46.0279],[15.2317,45.9845],[15.2788,45.9582],[15.288,45.9425],[15.288,45.915],[15.32,45.8834],[15.9669,45.5292],[15.9876,45.479],[15.9469,45.4384],[15.9412,45.3973],[15.9841,45.2809],[15.9814,45.2636],[15.94,45.222],[15.8668,45.222],[15.837,45.1958],[15.8289,44.822],[15.8637,44.7776],[16.0942,44.6839],[16.1682,44.6359],[16.5019,44.2943],[16.5637,44.268],[16.6474,44.2664],[16.714,44.2363],[16.8943,44.0348],[16.9539,44.008],[17.0386,44.0058],[17.1053,43.9669],[17.1415,43.9082],[17.1884,43.8964],[17.2754,43.9296],[17.3292,43.9127],[17.3405,43.9022],[17.3914,43.7749],[17.4423,43.7282],[17.8225,43.5745],[17.9102,43.558],[18.2915,43.558],[18.3733,43.5266],[18.553,43.3264]]],[[[20.168,39.625],[20.1608,39.5806],[20.13,39.562],[20.09,39.562],[20.0592,39.5806],[20.052,39.595],[20.0592,39.6394],[20.09,39.658],[20.1408,39.6544],[20.168,39.625]]],[[[17.9054,42.7006],[17.8451,42.7321],[17.8508,42.734],[17.8367,42.7531],[17.8987,42.7329],[17.9159,42.7132],[17.9054,42.7006]]],[[[16.087,43.0115],[16.0925,43.083],[16.241,43.072],[16.2105,43.0335],[16.087,43.0115]]],[[[16.1297,43.428],[16.1127,43.4335],[16.1214,43.4478],[16.1375,43.4497],[16.1375,43.4585],[16.1654,43.4497],[16.1704,43.4361],[16.1297,43.428]]],[[[16.0181,42.9573],[15.9929,42.9523],[16.0028,42.9926],[16.0204,42.9859],[16.0181,42.9573]]],[[[15.75,43.0332],[15.7659,43.0314],[15.7503,43.0171],[15.7214,43.0181],[15.75,43.0332]]],[[[14.8358,44.8868],[14.7786,44.9085],[14.7679,44.9285],[14.7801,44.9328],[14.8288,44.9034],[14.8358,44.8868]]],[[[14.5392,36.0017],[14.5845,35.9447],[14.588,35.8059],[14.5788,35.7903],[14.5232,35.7655],[14.3763,35.8102],[14.3263,35.8643],[14.3243,36.0028],[14.3443,36.0387],[14.36,36.048],[14.4,36.048],[14.5392,36.0017]]],[[[14.3034,44.5506],[14.243,44.6164],[14.2511,44.9345],[14.2745,44.979],[14.29,44.988],[14.3344,44.9874],[14.4763,44.9418],[14.5233,44.885],[14.5189,44.5555],[14.5089,44.5398],[14.4602,44.5158],[14.3034,44.5506]]],[[[10.1271,42.8488],[10.1385,42.9038],[10.411,42.908],[10.4706,42.8686],[10.478,42.8541],[10.478,42.7259],[10.4706,42.7114],[10.4216,42.6755],[10.259,42.672],[10.1795,42.7178],[10.1271,42.8488]]],[[[8.312,39.4741],[8.3343,39.5187],[8.35,39.528],[8.381,39.528],[8.3994,39.5529],[8.4547,39.8607],[8.4278,39.9032],[8.3445,39.9434],[8.3134,39.9962],[8.3725,40.2541],[8.3668,40.272],[8.34,40.272],[8.3243,40.2813],[8.3043,40.3172],[8.302,40.4381],[8.2685,40.4829],[8.1857,40.5216],[8.1411,40.5855],[8.133,40.9036],[8.1414,40.9193],[8.1988,40.9497],[8.5037,40.8963],[8.5736,40.9129],[8.9767,41.2474],[9.04,41.278],[9.1487,41.2709],[9.4566,41.2247],[9.5309,41.1839],[9.8127,40.782],[9.838,40.7041],[9.8347,40.3856],[9.7901,40.3262],[9.7199,40.2935],[9.693,40.2501],[9.7634,39.678],[9.7465,39.6328],[9.73,39.622],[9.6992,39.622],[9.6815,39.5973],[9.6133,39.1629],[9.6045,39.1501],[9.5414,39.1181],[9.169,39.1656],[9.1176,39.1425],[8.9944,38.888],[8.9231,38.852],[8.7741,38.8523],[8.6813,38.8673],[8.3681,38.9756],[8.3321,39.0399],[8.3818,39.2246],[8.3766,39.242],[8.35,39.242],[8.3343,39.2513],[8.3143,39.2872],[8.312,39.4741]]],[[[8.5211,42.1455],[8.513,42.4636],[8.552,42.5403],[8.7257,42.6778],[8.8101,42.7148],[9.1155,42.7687],[9.1653,42.8059],[9.222,42.9902],[9.2565,43.0319],[9.27,43.038],[9.45,43.038],[9.502,42.9974],[9.508,42.9841],[9.508,42.8006],[9.5206,42.778],[9.55,42.778],[9.5656,42.7689],[9.5884,42.7243],[9.5975,42.0162],[9.5758,41.9714],[9.56,41.962],[9.5306,41.962],[9.518,41.9394],[9.518,41.8159],[9.4971,41.7422],[9.2913,41.4086],[9.2263,41.3582],[9.1463,41.3282],[9.0604,41.3346],[8.8087,41.4821],[8.762,41.5559],[8.762,41.6761],[8.7331,41.702],[8.66,41.702],[8.62,41.7436],[8.6179,41.7613],[8.667,41.878],[8.6583,41.9334],[8.548,42.0726],[8.5211,42.1455]]],[[[1.3733,42.318],[1.4623,42.2965],[1.9694,42.0174],[2.0501,41.9895],[2.3567,41.9358],[2.4475,41.928],[2.6674,41.928],[2.6988,41.9511],[2.6981,42.0183],[2.7356,42.0683],[2.836,42.1094],[2.8528,42.1034],[2.9173,42.0048],[2.9662,41.8065],[2.9284,41.7446],[2.6174,41.5931],[2.5233,41.572],[2.3803,41.572],[2.3154,41.545],[2.1492,41.3485],[2.0724,41.3072],[1.2898,41.1893],[1.2069,41.1641],[0.7517,40.9449],[0.7196,40.8988],[0.7266,40.7166],[0.6875,40.6491],[0.2994,40.4273],[0.2568,40.3763],[0.2024,40.1827],[0.1459,40.1262],[-0.0798,40.0316],[-0.1386,39.9858],[-0.3117,39.734],[-0.3294,39.6722],[-0.2948,39.1707],[-0.266,39.1129],[0.083,38.781],[0.0884,38.7652],[0.0721,38.7026],[-0.6118,38.2976],[-0.6633,38.246],[-0.7647,38.0576],[-0.7727,37.9959],[-0.6916,37.6797],[-0.6952,37.6638],[-0.7316,37.62],[-1.6532,37.4424],[-1.6668,37.4191],[-1.624,37.3512],[-1.6526,37.3089],[-1.6667,37.302],[-1.8085,37.302],[-1.8588,37.2731],[-2.0391,36.8182],[-2.1085,36.7891],[-2.4831,36.8449],[-2.5524,36.8268],[-2.6372,36.7533],[-2.7267,36.722],[-4.4202,36.722],[-4.492,36.6973],[-4.6472,36.5632],[-4.7291,36.5275],[-5.1768,36.4688],[-5.2221,36.4343],[-5.2643,36.2513],[-5.3152,36.1884],[-5.6238,36.0322],[-5.6999,36.0476],[-5.8141,36.1753],[-5.8802,36.202],[-6.0218,36.2042],[-6.0922,36.2461],[-6.4279,36.9536],[-6.475,36.982],[-6.55,36.982],[-6.6254,37.0119],[-6.8215,37.2061],[-6.89,37.232],[-7.4233,37.232],[-7.4979,37.2663],[-7.5453,37.3381],[-7.572,37.4137],[-7.5937,37.6021],[-7.5655,37.674],[-7.3246,37.8852],[-7.2853,37.9428],[-7.2482,38.0605],[-7.1863,38.124],[-6.0599,38.6081],[-5.9999,38.654],[-5.9075,38.7794],[-5.8334,38.8237],[-5.531,38.8791],[-5.4593,38.9123],[-5.0825,39.2463],[-5.0019,39.2842],[-4.3899,39.3897],[-4.3073,39.416],[-3.8589,39.636],[-3.797,39.6832],[-3.6292,39.8815],[-3.5571,39.9296],[-3.2603,40.0318],[-3.1914,40.0723],[-2.5018,40.7252],[-2.4294,40.7566],[-2.3509,40.758],[-2.2884,40.7825],[-2.057,40.983],[-2.0443,41.0323],[-2.1011,41.1587],[-2.0979,41.1783],[-2.0664,41.2122],[-2.0533,41.218],[-1.8324,41.218],[-1.793,41.2458],[-1.7518,41.6162],[-1.7249,41.66],[-1.6838,41.668],[-1.6793,41.6847],[-1.7566,41.9398],[-1.7446,42.0146],[-1.6493,42.147],[-1.6303,42.2081],[-1.6439,42.4721],[-1.6261,42.508],[-1.61,42.518],[-1.579,42.518],[-1.5602,42.543],[-1.5143,42.7877],[-1.4609,42.8343],[-1.3747,42.838],[-1.3259,42.8656],[-1.2856,42.9335],[-1.2133,42.968],[-0.9867,42.968],[-0.9511,42.9533],[-0.958,42.9675],[-0.9518,43.016],[-0.92,43.038],[-0.88,43.038],[-0.8482,43.016],[-0.842,42.9675],[-0.8682,42.9365],[-0.9075,42.932],[-0.859,42.8645],[-0.7989,42.8219],[-0.3178,42.6615],[-0.2307,42.6395],[1.1376,42.3958],[1.1888,42.3682],[1.198,42.33],[1.23,42.318],[1.3733,42.318]]],[[[-1.6982,42.1565],[-1.75,42.152],[-1.7818,42.174],[-1.788,42.2225],[-1.7618,42.2535],[-1.71,42.258],[-1.6782,42.236],[-1.672,42.1875],[-1.6982,42.1565]]]]},"properties":{"id":"territory:Roman Republic:-164","name":"로마 공화정","name_en":"Roman Republic","actor":"로마","valid_from":-164,"valid_to":-144,"span_from":-500,"span_to":-32,"wikidata":"Q175881","area":648898,"src":"cliopatria","confidence":"medium","finish":"chaikin1cap4km+grow2km+islands+s600m","islands":6,"island_rule":"nearest<=40km"}},{"type":"Feature","geometry":{"type":"Point","coordinates":[14.584,42.486]},"properties":{"id":"territory:Roman Republic:-164:label","name":"로마 공화정","name_en":"Roman Republic","actor":"로마","valid_from":-164,"valid_to":-144,"span_from":-500,"span_to":-32,"wikidata":"Q175881","area":648898,"src":"cliopatria","confidence":"medium"}},{"type":"Feature","geometry":{"type":"Polygon","coordinates":[[[85.6916,19.6377],[85.616,19.6224],[85.5244,19.6277],[85.4859,19.6776],[85.4975,19.7879],[85.4748,19.812],[85.4155,19.812],[85.3945,19.7888],[85.4223,19.6083],[85.394,19.5321],[84.7906,19.0018],[84.7448,18.9485],[84.4148,18.4311],[84.3636,18.3754],[84.088,18.1666],[84.0201,18.1308],[83.715,18.0264],[83.6709,17.986],[83.5907,17.7964],[83.5449,17.7362],[83.1886,17.4575],[83.1233,17.418],[82.4948,17.1307],[82.4525,17.0864],[82.3814,16.9016],[82.3832,16.888],[82.4128,16.8847],[82.4194,16.8762],[82.4334,16.8321],[82.4023,16.5835],[82.3575,16.5152],[82.1112,16.3642],[82.0379,16.3394],[81.3644,16.2761],[81.3216,16.2449],[81.1499,15.8071],[81.0913,15.7689],[80.6484,15.8174],[80.5838,15.8045],[80.4239,15.7142],[80.3802,15.6669],[80.1233,15.0999],[80.1281,15.0461],[80.2142,14.9203],[80.2386,14.8498],[80.253,14.4554],[80.2097,14.4012],[79.3014,14.1046],[79.253,14.1273],[79.2446,14.1439],[79.2491,14.203],[79.224,14.2433],[78.8052,14.457],[78.7746,14.5172],[78.9593,15.1033],[78.9417,15.1323],[76.723,15.6243],[76.6529,15.6671],[76.4418,15.927],[76.3885,15.952],[76.3108,15.9533],[76.2409,15.9827],[76.0241,16.1914],[75.9971,16.2595],[76.0575,16.8299],[76.0328,16.8684],[75.7591,16.97],[75.6939,17.0104],[75.4741,17.2214],[75.4459,17.2856],[75.4492,17.3541],[75.4266,17.4017],[75.0878,17.6728],[75.0563,17.7348],[75.0593,17.8046],[75.0381,17.855],[74.8975,17.9886],[74.8413,18.0058],[74.4718,17.9483],[74.4053,17.9248],[73.9214,17.6433],[73.8467,17.6226],[73.1779,17.622],[73.1153,17.6577],[72.9589,17.9895],[72.9396,18.0646],[72.8549,19.268],[72.8243,19.3128],[72.7479,19.3544],[72.7159,19.4176],[72.7284,19.5361],[72.7704,19.606],[73.3569,20.012],[73.3966,20.0628],[73.6802,20.8313],[73.6962,20.8988],[73.7382,21.2762],[73.7576,21.3478],[74.0187,21.9244],[74.068,21.9871],[74.3397,22.2011],[74.4057,22.2399],[75.4313,22.6632],[75.5069,22.68],[76.5612,22.7359],[76.6413,22.7263],[76.9983,22.6184],[77.0825,22.608],[77.0988,22.5975],[77.1171,22.5536],[77.099,21.8008],[77.1261,21.757],[77.2006,21.7178],[77.2447,21.6582],[77.3195,21.2839],[77.356,21.2451],[78.3676,20.9423],[78.4107,20.8856],[78.4348,20.5805],[78.461,20.5244],[78.6108,20.3722],[78.6341,20.3024],[78.6223,20.1899],[78.6469,20.1494],[78.7208,20.1142],[78.7517,20.0636],[78.7418,19.927],[78.7563,19.8662],[78.8325,19.7455],[78.8776,19.7284],[79.0237,19.7665],[79.0569,19.8035],[79.078,19.9863],[79.1338,20.0448],[79.7357,20.1598],[79.7852,20.1939],[80.126,20.7679],[80.1979,20.808],[80.4121,20.808],[80.4814,20.7786],[80.8277,20.3816],[80.8837,20.347],[81.7529,20.115],[81.8176,20.074],[82.158,19.6813],[82.2137,19.6429],[82.4909,19.54],[82.5558,19.4991],[82.7622,19.2932],[82.8081,19.2878],[85.3153,20.7886],[85.391,20.7986],[86.1169,20.6205],[86.1595,20.5649],[86.1761,20.1919],[86.2061,20.1484],[86.4135,20.0521],[86.4501,20.0179],[86.4502,19.972],[86.4063,19.9316],[85.6916,19.6377]]]},"properties":{"id":"territory:Satavahana Dynasty:-164","name":"Satavahana Dynasty","name_en":"Satavahana Dynasty","actor":"기타중립","valid_from":-164,"valid_to":-144,"span_from":-225,"span_to":223,"color":"#A9607C","wikidata":"Q5257","area":618592,"src":"cliopatria","confidence":"medium","finish":"chaikin1cap4km+grow2km+islands+s600m","islands":0}},{"type":"Feature","geometry":{"type":"Point","coordinates":[78.471,18.681]},"properties":{"id":"territory:Satavahana Dynasty:-164:label","name":"Satavahana Dynasty","name_en":"Satavahana Dynasty","actor":"기타중립","valid_from":-164,"valid_to":-144,"span_from":-225,"span_to":223,"color":"#A9607C","wikidata":"Q5257","area":618592,"src":"cliopatria","confidence":"medium"}},{"type":"Feature","geometry":{"type":"MultiPolygon","coordinates":[[[[75.6233,34.0071],[75.7016,33.5026],[75.7347,33.4563],[75.8016,33.4187],[75.8467,33.3596],[75.9463,32.9859],[75.9857,32.958],[76.0723,32.9531],[76.1104,32.9172],[76.1161,32.9032],[76.1,32.5986],[76.1213,32.541],[76.2463,32.4021],[76.3066,32.3612],[77.6968,31.8222],[77.7735,31.808],[77.9981,31.808],[78.0804,31.7898],[78.4189,31.6252],[78.4906,31.6155],[78.8093,31.6674],[78.8503,31.6388],[78.858,31.6241],[78.858,31.3863],[78.8805,31.3734],[79.1353,31.4633],[79.2104,31.4498],[79.4063,31.2502],[79.4334,31.201],[79.4265,31.1463],[79.3901,31.1016],[77.9843,30.0019],[77.9486,29.9476],[77.8768,29.6362],[77.8829,29.618],[77.9203,29.6148],[77.94,29.5708],[77.9051,29.3753],[77.9158,29.3141],[77.9869,29.1912],[78.0062,29.1185],[77.9793,28.2901],[77.9909,28.268],[78.02,28.268],[78.0353,28.2595],[78.0602,28.2152],[78.0757,27.967],[78.0572,27.8329],[78.0387,26.9356],[77.9905,26.8668],[77.4944,26.6405],[77.4064,26.6271],[76.8946,26.6885],[76.8183,26.7209],[76.4889,26.9913],[76.4586,27.0553],[76.4665,27.1256],[76.4473,27.1773],[76.1846,27.44],[76.1555,27.5093],[76.1895,28.0802],[76.1634,28.13],[75.7581,28.4074],[75.7151,28.4717],[75.6106,28.9765],[75.572,29.0225],[75.3736,29.1146],[75.3147,29.1093],[74.8625,28.7788],[74.7885,28.7383],[73.3929,28.1877],[73.312,28.1653],[70.7641,27.7293],[70.7146,27.7578],[70.7072,27.7752],[70.7165,27.8355],[70.6966,27.8864],[70.5593,28.0169],[70.5005,28.0304],[70.1147,27.9237],[70.0491,27.9474],[69.9095,28.2738],[69.8631,28.302],[69.4919,28.302],[69.4134,28.3271],[68.7415,28.8504],[68.6736,28.8828],[67.1489,29.2563],[67.0901,29.3077],[67.0171,29.4976],[66.9787,29.5559],[66.5807,29.9558],[66.5527,30.0263],[66.5613,30.4602],[66.5511,30.482],[66.5169,30.4855],[66.4986,30.5386],[66.5798,30.9981],[66.6162,31.0496],[66.8394,31.2568],[66.9106,31.2977],[67.8831,31.5945],[67.9451,31.632],[68.0868,31.7788],[68.1619,31.808],[68.3053,31.808],[68.3729,31.83],[69.4017,32.6127],[69.4782,32.6445],[70.1834,32.7605],[70.2477,32.7916],[70.3865,32.9235],[70.4062,32.9775],[70.3892,33.1121],[70.4231,33.177],[70.5341,33.251],[70.5702,33.3026],[70.6005,33.4376],[70.6561,33.4872],[70.8209,33.5267],[70.8619,33.5647],[70.9036,33.7454],[70.8941,33.8061],[70.8044,33.9676],[70.8243,34.0089],[70.8018,34.0674],[70.8192,34.1119],[70.9328,34.1896],[71.0058,34.2057],[71.4391,34.1486],[71.4867,34.16],[71.5007,34.178],[71.5996,34.1831],[72.5448,34.3024],[72.6195,34.3249],[72.8058,34.418],[72.8919,34.438],[73.8881,34.438],[73.9348,34.4006],[73.94,34.3835],[73.9265,34.325],[73.9456,34.2888],[74.0036,34.262],[74.0748,34.2432],[75.1901,34.1224],[75.2925,34.1178],[75.5717,34.0614],[75.6233,34.0071]]],[[[60.8623,37.1923],[60.858,37.2107],[60.8758,37.2504],[60.91,37.268],[60.95,37.268],[60.9777,37.2477],[60.982,37.2293],[60.9642,37.1896],[60.93,37.172],[60.8773,37.1773],[60.8623,37.1923]]]]},"properties":{"id":"territory:Indo-Greeks:-110","name":"인도그리스","name_en":"Indo-Greeks","actor":"기타중립","valid_from":-110,"valid_to":-91,"span_from":-126,"span_to":13,"color":"#A7A960","wikidata":"Q215643","area":596496,"src":"cliopatria","confidence":"medium","finish":"chaikin1cap4km+grow2km+islands+s600m","islands":0}},{"type":"Feature","geometry":{"type":"Point","coordinates":[73.037,30.721]},"properties":{"id":"territory:Indo-Greeks:-110:label","name":"인도그리스","name_en":"Indo-Greeks","actor":"기타중립","valid_from":-110,"valid_to":-91,"span_from":-126,"span_to":13,"color":"#A7A960","wikidata":"Q215643","area":596496,"src":"cliopatria","confidence":"medium"}},{"type":"Feature","geometry":{"type":"MultiPolygon","coordinates":[[[[19.5793,40.5852],[19.566,40.5686],[19.5334,40.5598],[19.5169,40.5635],[19.4332,40.6361],[19.3953,40.6432],[19.3572,40.611],[19.31,40.592],[19.27,40.592],[19.2547,40.6006],[19.2347,40.6331],[19.232,40.7075],[19.2748,40.7711],[19.448,40.8632],[19.4758,40.9094],[19.4279,41.228],[19.4447,41.3019],[19.482,41.3626],[19.482,41.372],[19.4469,41.3777],[19.4441,41.423],[19.4908,41.502],[19.4588,41.5059],[19.4451,41.5606],[19.5093,41.7462],[19.5057,41.762],[19.48,41.762],[19.4498,41.7848],[19.4493,41.832],[19.7283,41.832],[19.7861,41.8034],[20.0437,41.3569],[20.0527,41.2957],[19.9724,40.9829],[19.9335,40.927],[19.8325,40.8498],[19.792,40.7925],[19.6167,40.792],[19.5863,40.7656],[19.5793,40.5852]]],[[[19.7834,39.6139],[19.742,39.6725],[19.742,39.7375],[19.7487,39.7514],[19.8,39.788],[19.88,39.788],[19.9348,39.7652],[19.9304,39.6113],[19.9197,39.596],[19.8658,39.5783],[19.7834,39.6139]]],[[[19.5946,39.891],[19.5925,39.8795],[19.5752,39.8758],[19.5656,39.8912],[19.5798,39.8981],[19.5946,39.891]]],[[[19.5237,39.7592],[19.5102,39.7771],[19.5135,39.7842],[19.5385,39.7596],[19.5237,39.7592]]],[[[19.3919,39.8663],[19.4325,39.8663],[19.4095,39.8413],[19.3936,39.838],[19.3818,39.8452],[19.3829,39.863],[19.3919,39.8663]]],[[[19.2709,40.5133],[19.2918,40.4943],[19.2855,40.4738],[19.2612,40.5055],[19.2709,40.5133]]],[[[16.8119,40.272],[16.6756,40.272],[16.6556,40.2517],[16.702,40.127],[16.6696,40.0631],[16.5112,39.9773],[16.4767,39.9282],[16.4693,39.6826],[16.5049,39.6435],[16.8832,39.5384],[16.9632,39.4964],[17.0504,39.4208],[17.0953,39.3484],[17.1473,39.0856],[17.1045,39.0262],[16.5533,38.8022],[16.5169,38.7575],[16.5089,38.4555],[16.4735,38.385],[15.9738,37.9727],[15.8819,37.942],[15.7481,37.942],[15.6775,37.9787],[15.6195,38.113],[15.5673,38.142],[15.4422,38.142],[15.3824,38.1134],[15.1066,37.6652],[15.087,37.6012],[15.079,37.2915],[15.109,37.2497],[15.1885,37.2131],[15.2146,37.1493],[15.0713,36.7592],[15.0019,36.722],[14.7017,36.7232],[14.6188,36.7565],[14.2976,37.0862],[14.2275,37.1208],[13.6196,37.2255],[13.5366,37.2632],[13.2121,37.5377],[13.1379,37.5714],[12.5242,37.6883],[12.472,37.7459],[12.472,37.8641],[12.4988,37.9369],[12.6106,38.0712],[12.6916,38.0999],[12.991,38.0557],[13.0479,38.0771],[13.0923,38.1437],[13.1603,38.1762],[13.3019,38.178],[13.3964,38.1522],[13.6404,37.9997],[13.7205,37.978],[14.0111,37.978],[14.1043,37.9864],[15.8056,38.2983],[15.8523,38.3356],[15.9301,38.6484],[15.9923,38.6976],[16.2149,38.7463],[16.252,38.7834],[16.252,38.8898],[16.2241,38.946],[16.1396,39.0192],[16.092,39.0897],[15.8948,39.7261],[15.8501,39.7776],[15.6913,39.8726],[15.673,39.9267],[15.7078,39.9957],[15.6937,40.012],[15.4781,40.012],[15.3928,40.0403],[15.222,40.1871],[15.1567,40.212],[15.0699,40.2151],[15.0183,40.25],[14.8867,40.633],[14.8371,40.662],[14.4573,40.6656],[14.4092,40.7015],[14.402,40.7159],[14.402,40.8251],[14.366,40.852],[14.1481,40.852],[14.073,40.8869],[13.9559,41.0837],[13.9053,41.112],[13.8214,41.1142],[13.7614,41.1467],[13.7172,41.214],[13.6569,41.2472],[13.0459,41.3074],[12.9542,41.339],[12.1559,41.8711],[12.1148,41.9329],[12.112,41.9996],[12.0753,42.0336],[11.8523,42.0824],[11.7802,42.1275],[11.6586,42.3217],[11.6116,42.3336],[11.5255,42.3001],[11.468,42.3151],[11.4241,42.3844],[11.3753,42.412],[11.2903,42.4149],[11.2365,42.4493],[11.1792,42.5835],[11.1347,42.612],[11.048,42.6166],[11.008,42.6526],[11.002,42.7785],[10.9687,42.8274],[10.5704,43.0431],[10.5163,43.1033],[10.3634,43.628],[10.3295,43.6902],[10.2219,43.818],[10.1932,43.8895],[10.192,44.0241],[10.2359,44.0861],[10.3193,44.1202],[10.352,44.1591],[10.352,44.2175],[10.3591,44.2318],[10.4016,44.2643],[10.4911,44.268],[10.522,44.2935],[10.526,44.3662],[10.5737,44.4218],[10.6477,44.4496],[10.6697,44.4873],[10.6146,44.6664],[10.5713,44.7196],[10.2389,44.9304],[10.1586,44.9571],[8.9511,45.0785],[8.8662,45.1126],[8.601,45.3296],[8.562,45.4025],[8.5663,45.4791],[8.6155,45.5338],[8.851,45.6295],[8.9481,45.648],[10.4819,45.648],[10.5791,45.63],[10.8224,45.5341],[10.9097,45.518],[11.4609,45.518],[11.553,45.5282],[12.0282,45.6366],[12.1036,45.6715],[12.6958,46.138],[12.7798,46.1745],[13.1001,46.2297],[13.1759,46.204],[13.3857,45.862],[13.3839,45.841],[13.3555,45.8082],[13.3419,45.802],[13.1927,45.802],[13.1397,45.773],[13.091,45.6573],[13.0208,45.6246],[12.865,45.6602],[12.7939,45.6474],[12.6945,45.5714],[12.6091,45.5374],[12.2151,45.4887],[12.178,45.4559],[12.178,45.2115],[12.2113,45.1626],[12.3696,45.0769],[12.418,45.0041],[12.418,44.8159],[12.3957,44.7713],[12.38,44.762],[12.26,44.762],[12.2137,44.7782],[12.1817,44.8013],[12.1769,44.7964],[12.169,44.4882],[12.1867,44.4246],[12.3042,44.2337],[12.3569,44.1793],[12.8414,43.8418],[12.9105,43.8333],[12.9915,43.8619],[13.0447,43.844],[13.0554,43.8261],[13.0511,43.7698],[13.0851,43.7382],[13.3165,43.6962],[13.3993,43.6596],[13.6496,43.4506],[13.696,43.3789],[13.7579,43.1237],[13.8005,43.0731],[13.9596,42.9869],[13.9905,42.923],[13.9343,42.7904],[13.9377,42.7329],[14.0544,42.5433],[14.1046,42.4861],[14.3472,42.2826],[14.4132,42.258],[14.4986,42.2558],[14.5653,42.2169],[14.6017,42.1578],[14.6493,42.1439],[14.7237,42.1718],[14.7772,42.154],[14.788,42.1375],[14.788,42.0787],[14.8186,42.0399],[14.8864,42.0128],[14.9641,42.0091],[15.13,42.046],[15.1933,42.0245],[15.2356,41.9561],[15.2923,41.928],[16.0824,41.9246],[16.1279,41.8921],[16.1354,41.8761],[16.1246,41.7992],[16.0688,41.7512],[15.9258,41.7154],[15.8969,41.6798],[15.9489,41.4347],[15.9937,41.3922],[17.1609,41.0309],[17.2435,40.9869],[17.488,40.7819],[17.5616,40.7444],[17.9436,40.6382],[18.0218,40.5943],[18.4234,40.2014],[18.4449,40.1193],[18.371,39.9192],[18.3019,39.882],[18.1505,39.8837],[18.0739,39.9225],[17.8188,40.3136],[17.7579,40.342],[17.4592,40.3444],[17.3983,40.379],[17.3482,40.503],[17.2972,40.532],[17.0798,40.532],[16.9954,40.5153],[16.9224,40.4833],[16.9139,40.4695],[16.9479,40.4342],[16.9459,40.3873],[16.8895,40.3056],[16.8119,40.272]]],[[[16.8289,42.8753],[16.7822,42.9078],[16.7746,42.9239],[16.7796,42.9889],[16.8443,43.0466],[17.0701,43.0889],[17.18,43.098],[17.196,43.0881],[17.2161,43.0431],[17.2098,42.925],[17.2022,42.9112],[17.1409,42.872],[16.8289,42.8753]]],[[[16.693,43.1275],[16.445,43.171],[16.535,43.2275],[16.6595,43.216],[16.751,43.162],[16.693,43.1275]]],[[[16.6732,43.0845],[16.66,43.0895],[16.6822,43.0996],[16.738,43.0924],[16.7197,43.0819],[16.6732,43.0845]]],[[[16.4862,42.7517],[16.5069,42.7716],[16.5342,42.7629],[16.4894,42.7467],[16.4862,42.7517]]],[[[16.3392,42.3755],[16.3385,42.3775],[16.3401,42.3759],[16.3392,42.3755]]],[[[16.3354,42.3794],[16.3367,42.3786],[16.3361,42.378],[16.3354,42.3794]]],[[[16.2745,42.388],[16.2756,42.3894],[16.2761,42.3879],[16.2745,42.388]]],[[[16.2704,42.3868],[16.2713,42.388],[16.272,42.3861],[16.2704,42.3868]]],[[[16.2669,42.3898],[16.258,42.39],[16.2595,42.3939],[16.2669,42.3898]]],[[[15.4777,42.1041],[15.4891,42.1245],[15.4968,42.116],[15.4777,42.1041]]],[[[14.5232,35.7655],[14.3679,35.8157],[14.322,35.8759],[14.322,35.9941],[14.3443,36.0387],[14.36,36.048],[14.4045,36.0474],[14.4642,36.0317],[14.547,35.9957],[14.588,35.9341],[14.588,35.8059],[14.5788,35.7903],[14.5232,35.7655]]],[[[10.4706,42.8686],[10.478,42.8541],[10.478,42.7259],[10.4706,42.7114],[10.411,42.672],[10.259,42.672],[10.1795,42.7178],[10.1271,42.8488],[10.1385,42.9038],[10.411,42.908],[10.4706,42.8686]]],[[[10.2666,36.948],[10.1134,36.948],[10.0592,36.9119],[10.052,36.8975],[10.052,36.8325],[10.0947,36.7726],[10.3283,36.6722],[10.3477,36.6344],[10.308,36.5264],[10.2615,36.498],[10.1185,36.498],[10.072,36.5264],[10.0295,36.6418],[9.9698,36.685],[9.7832,36.688],[9.7317,36.7066],[9.5796,36.7926],[9.5585,36.8368],[9.6079,37.0203],[9.5938,37.0939],[9.4879,37.231],[9.4544,37.255],[9.4565,37.2618],[9.47,37.268],[10.1946,37.2653],[10.2583,37.2207],[10.3276,36.9862],[10.328,36.9475],[10.3159,36.932],[10.2666,36.948]]],[[[9.9085,43.4269],[9.8942,43.4325],[9.8976,43.4434],[9.9127,43.4445],[9.9085,43.4269]]],[[[8.7769,38.852],[8.6813,38.8673],[8.3773,38.9686],[8.3346,39.0251],[8.3321,39.0399],[8.3818,39.2246],[8.3766,39.242],[8.35,39.242],[8.3343,39.2513],[8.3143,39.2872],[8.312,39.4741],[8.3343,39.5187],[8.35,39.528],[8.381,39.528],[8.3994,39.5529],[8.4547,39.8607],[8.4278,39.9032],[8.3445,39.9434],[8.3134,39.9962],[8.3725,40.2541],[8.3668,40.272],[8.34,40.272],[8.3243,40.2813],[8.3043,40.3172],[8.302,40.4381],[8.2685,40.4829],[8.1857,40.5216],[8.1448,40.575],[8.133,40.9036],[8.1414,40.9193],[8.1988,40.9497],[8.5037,40.8963],[8.5736,40.9129],[8.9767,41.2474],[9.0318,41.276],[9.1479,41.271],[9.3311,41.2435],[9.3425,41.2516],[9.353,41.2478],[9.352,41.2404],[9.4628,41.2225],[9.5368,41.1785],[9.8127,40.782],[9.8371,40.7096],[9.838,40.3959],[9.7972,40.3322],[9.7199,40.2935],[9.693,40.2501],[9.7621,39.6686],[9.7465,39.6328],[9.73,39.622],[9.6992,39.622],[9.6815,39.5973],[9.6133,39.1629],[9.6045,39.1501],[9.5414,39.1181],[9.169,39.1656],[9.1176,39.1425],[9.0021,38.8962],[8.9231,38.852],[8.7769,38.852]]],[[[9.508,42.9841],[9.508,42.8006],[9.5206,42.778],[9.55,42.778],[9.5656,42.7689],[9.5884,42.7243],[9.5975,42.0162],[9.5758,41.9714],[9.56,41.962],[9.5306,41.962],[9.518,41.9394],[9.518,41.8159],[9.4971,41.7422],[9.2954,41.4133],[9.2312,41.3609],[9.1463,41.3282],[9.0604,41.3346],[8.8087,41.4821],[8.762,41.5559],[8.762,41.6761],[8.7331,41.702],[8.66,41.702],[8.62,41.7436],[8.6179,41.7613],[8.667,41.878],[8.6583,41.9334],[8.5507,42.0679],[8.5223,42.1395],[8.515,42.4723],[8.552,42.5403],[8.7298,42.6803],[8.8141,42.716],[9.1155,42.7687],[9.1653,42.8059],[9.222,42.9902],[9.2565,43.0319],[9.27,43.038],[9.462,43.0334],[9.508,42.9841]]],[[[9.3648,41.2879],[9.3582,41.2969],[9.3768,41.3078],[9.3789,41.2958],[9.3648,41.2879]]],[[[9.3542,41.2929],[9.337,41.2945],[9.3309,41.3047],[9.3459,41.3048],[9.3542,41.2929]]],[[[9.3506,41.2887],[9.3512,41.2761],[9.3311,41.281],[9.3506,41.2887]]],[[[9.2626,41.3608],[9.2504,41.3655],[9.2516,41.3712],[9.27,41.3676],[9.2626,41.3608]]],[[[9.2569,41.3315],[9.2472,41.3377],[9.2499,41.3435],[9.2569,41.3315]]],[[[-2.7805,34.9682],[-2.7358,35.0894],[-2.7404,35.1241],[-2.6959,35.148],[-1.7085,35.148],[-1.6557,35.1758],[-1.6159,35.2434],[-1.5543,35.2759],[-1.4071,35.278],[-1.3389,35.302],[-1.1862,35.4338],[-1.1732,35.4827],[-1.2231,35.6103],[-1.1939,35.6389],[-1.1758,35.6417],[-1.1055,35.6135],[-1.0477,35.6231],[-0.962,35.6974],[-0.8759,35.728],[-0.5785,35.728],[-0.5257,35.7558],[-0.4839,35.8243],[-0.4239,35.8472],[-0.1917,35.7978],[-0.1196,35.8078],[0.0349,35.8952],[0.0939,35.9169],[0.142,35.9188],[0.1579,35.8997],[0.1995,35.8948],[0.3536,35.9402],[0.4159,36.0011],[0.459,36.1805],[0.4501,36.2239],[0.47,36.238],[0.5073,36.238],[0.5611,36.2543],[0.6308,36.2869],[0.662,36.3285],[0.662,36.3875],[0.6722,36.4037],[0.7265,36.4246],[0.8702,36.3809],[0.9382,36.3896],[1.1825,36.5454],[1.2664,36.5579],[1.4888,36.5077],[1.5649,36.5141],[1.7958,36.6108],[1.8525,36.6273],[1.8925,36.628],[1.9115,36.6135],[1.8946,36.5761],[1.8996,36.5111],[1.9073,36.4977],[1.9648,36.462],[2.7252,36.462],[2.8171,36.4768],[3.1229,36.5787],[3.2063,36.592],[4.8237,36.592],[4.9071,36.5787],[5.2217,36.4761],[5.2935,36.4887],[5.3878,36.567],[5.4522,36.5804],[5.5928,36.5437],[5.678,36.554],[5.9216,36.7015],[5.9972,36.722],[6.2952,36.722],[6.3822,36.7411],[6.6996,36.8952],[6.7228,36.9174],[6.7234,36.9409],[6.7825,36.948],[6.8117,36.9286],[6.818,36.894],[6.826,36.888],[6.94,36.888],[6.9637,36.874],[6.9644,36.8286],[7.0922,36.626],[7.1634,36.592],[7.6109,36.592],[7.6452,36.5677],[7.6538,36.5009],[7.6938,36.4534],[7.7717,36.42],[7.809,36.3765],[7.9663,35.4231],[7.972,35.1059],[7.9971,35.0339],[8.112,34.8887],[8.185,34.8498],[8.7225,34.7965],[8.7904,34.7685],[8.8755,34.6948],[8.9028,34.6397],[8.9115,34.143],[8.8035,34.1527],[8.3502,34.2618],[8.2704,34.2611],[8.1152,34.2243],[8.0491,34.257],[7.9994,34.3752],[7.9501,34.4177],[7.6471,34.5187],[7.5668,34.5262],[7.1905,34.478],[7.1046,34.4934],[6.9513,34.5734],[6.8761,34.5862],[6.5012,34.5379],[6.4139,34.5499],[6.1839,34.6463],[6.1042,34.662],[5.4263,34.662],[5.3505,34.6427],[5.1951,34.5548],[5.1098,34.5362],[4.494,34.5882],[4.4125,34.5795],[3.8822,34.4149],[3.7938,34.4103],[3.5023,34.4639],[3.4253,34.456],[3.1961,34.3599],[3.1059,34.342],[2.9641,34.342],[2.8789,34.3622],[2.4805,34.5734],[2.4038,34.592],[1.3354,34.592],[1.2529,34.5796],[0.7265,34.4157],[0.6335,34.4154],[0.4903,34.459],[0.4279,34.4471],[0.342,34.3726],[0.2559,34.342],[-1.1908,34.342],[-1.2372,34.3135],[-1.2809,34.1886],[-1.2911,34.1779],[-1.3565,34.1554],[-1.4984,34.1986],[-1.545,34.1828],[-1.5767,34.124],[-1.5923,34.1145],[-1.6296,34.1142],[-1.6451,34.1227],[-1.6826,34.1837],[-1.7366,34.2072],[-2.44,34.142],[-2.4662,34.1498],[-2.4666,34.172],[-2.4886,34.1949],[-2.7996,34.3543],[-2.8197,34.3961],[-2.7854,34.5242],[-2.8139,34.5737],[-2.8987,34.61],[-2.9246,34.6494],[-2.8788,34.9013],[-2.8888,34.922],[-2.83,34.922],[-2.7805,34.9682]]],[[[8.306,39.1935],[8.312,39.1205],[8.2245,39.157],[8.306,39.1935]]],[[[-6.0597,38.6082],[-6.0,38.6539],[-5.902,38.7844],[-5.828,38.8258],[-5.5315,38.879],[-5.4692,38.9149],[-5.3775,39.0394],[-5.2918,39.0709],[-4.9767,39.0224],[-4.9092,38.9839],[-4.8608,38.9172],[-4.8135,38.9039],[-4.7442,38.9317],[-4.6903,38.914],[-4.6796,38.8989],[-4.675,38.8393],[-4.6396,38.7944],[-4.2324,38.5867],[-4.1511,38.5662],[-2.2889,38.4997],[-2.2181,38.5228],[-1.9785,38.7295],[-1.8984,38.7664],[-1.682,38.8082],[-1.6258,38.8456],[-1.4548,39.1632],[-1.44,39.2275],[-1.4442,39.3522],[-1.426,39.3881],[-1.41,39.398],[-1.3838,39.398],[-1.3793,39.4147],[-1.4566,39.6698],[-1.4287,39.7389],[-1.2703,39.8322],[-1.2401,39.8806],[-1.2434,40.0036],[-1.2078,40.0607],[-1.0501,40.1523],[-1.0209,40.1972],[-1.024,40.2647],[-0.9935,40.331],[-0.454,40.8524],[-0.4308,40.9056],[-0.4308,40.9796],[-0.3816,41.0299],[-0.2322,41.0735],[-0.1839,41.1152],[-0.0762,41.4356],[-0.0297,41.5001],[0.1345,41.6357],[0.1688,41.692],[0.2763,42.3373],[0.3312,42.395],[0.7314,42.5051],[0.7971,42.4855],[0.8504,42.4154],[0.9115,42.3817],[1.3764,42.3236],[1.4632,42.2963],[1.9692,42.0175],[2.0495,41.9932],[2.6695,41.933],[2.6988,41.9518],[2.6981,42.0183],[2.7356,42.0683],[2.8363,42.1093],[2.8531,42.103],[2.888,42.0497],[2.888,42.0176],[2.9,41.998],[2.9218,41.998],[2.9593,41.9405],[2.9157,41.7513],[2.8573,41.6961],[2.3811,41.5834],[2.3163,41.546],[2.1491,41.3485],[2.0727,41.3072],[1.2895,41.1892],[1.2071,41.1642],[0.7515,40.9448],[0.7196,40.8988],[0.7266,40.7166],[0.6877,40.6492],[0.2992,40.4272],[0.2569,40.3764],[0.2024,40.1827],[0.1461,40.1263],[-0.08,40.0315],[-0.1386,39.9858],[-0.3117,39.734],[-0.3294,39.6722],[-0.2948,39.1707],[-0.266,39.113],[0.0831,38.7809],[0.0885,38.7652],[0.0723,38.7027],[-0.612,38.2975],[-0.6633,38.246],[-0.7647,38.0576],[-0.7727,37.9959],[-0.6916,37.6797],[-0.6952,37.6638],[-0.7312,37.6201],[-1.6535,37.4424],[-1.6668,37.4192],[-1.6272,37.3619],[-1.6277,37.3407],[-1.6664,37.302],[-1.8088,37.302],[-1.8588,37.2732],[-2.03,36.828],[-2.0979,36.7905],[-2.4834,36.8449],[-2.5523,36.8269],[-2.6373,36.7532],[-2.7264,36.722],[-4.4206,36.722],[-4.4918,36.6974],[-4.6473,36.5632],[-4.7287,36.5275],[-5.1771,36.4687],[-5.2221,36.4343],[-5.2643,36.2513],[-5.315,36.1885],[-5.6131,36.0339],[-5.6891,36.0418],[-5.8142,36.1754],[-5.8799,36.202],[-6.0221,36.2042],[-6.0922,36.246],[-6.4279,36.9537],[-6.475,36.982],[-6.55,36.982],[-6.6253,37.0118],[-6.8216,37.2062],[-6.8897,37.232],[-7.4236,37.232],[-7.5053,37.273],[-7.5453,37.3381],[-7.5711,37.4098],[-7.5924,37.6113],[-7.5608,37.6804],[-7.3245,37.8852],[-7.2853,37.9428],[-7.2482,38.0605],[-7.1865,38.1239],[-6.0597,38.6082]]],[[[2.512,34.4725],[2.5382,34.5035],[2.59,34.508],[2.6218,34.486],[2.628,34.4375],[2.6018,34.4065],[2.55,34.402],[2.5182,34.424],[2.512,34.4725]]]]},"properties":{"id":"territory:Roman Republic:-202","name":"로마 공화정","name_en":"Roman Republic","actor":"로마","valid_from":-202,"valid_to":-197,"span_from":-500,"span_to":-32,"wikidata":"Q175881","area":594841,"src":"cliopatria","confidence":"medium","finish":"chaikin1cap4km+grow2km+islands+s600m","islands":21,"island_rule":"nearest<=40km"}},{"type":"Feature","geometry":{"type":"Point","coordinates":[3.337,35.406]},"properties":{"id":"territory:Roman Republic:-202:label","name":"로마 공화정","name_en":"Roman Republic","actor":"로마","valid_from":-202,"valid_to":-197,"span_from":-500,"span_to":-32,"wikidata":"Q175881","area":594841,"src":"cliopatria","confidence":"medium"}},{"type":"Feature","geometry":{"type":"Polygon","coordinates":[[[73.99,45.058],[74.03,45.058],[74.0462,45.0478],[74.0652,45.0028],[74.0512,44.8214],[74.0832,44.7799],[74.3539,44.6821],[74.4292,44.6316],[74.552,44.4837],[74.5651,44.4212],[74.5422,44.3536],[74.5627,44.3146],[75.0274,44.0852],[75.0459,44.034],[75.0441,44.0181],[74.9203,43.8288],[74.9306,43.7871],[75.2353,43.5787],[75.2706,43.5123],[75.2245,43.1909],[75.2544,43.1547],[75.6749,43.0467],[75.7492,43.0016],[75.8681,42.8617],[75.8839,42.7792],[75.7933,42.5377],[75.8154,42.5096],[76.1671,42.4549],[76.2211,42.407],[76.2266,42.3934],[76.2195,42.2107],[76.245,42.169],[76.305,42.1413],[76.3153,42.1272],[76.3208,42.0829],[76.3162,42.0685],[76.2529,42.0],[76.2361,41.9468],[76.2483,41.894],[76.2916,41.868],[76.7534,41.868],[76.7686,41.8597],[76.7894,41.8196],[76.7141,41.7387],[76.6962,41.6865],[76.7089,41.6312],[76.7507,41.5863],[76.9458,41.4957],[77.0285,41.478],[77.3234,41.478],[77.3707,41.438],[77.3749,41.4194],[77.2353,41.0225],[77.19,40.982],[77.088,40.9731],[75.8999,40.7318],[75.8195,40.7027],[75.3108,40.4232],[75.2215,40.4095],[74.9373,40.4543],[74.8782,40.4336],[74.7875,40.3106],[74.715,40.257],[73.9821,39.9711],[73.9424,39.9264],[73.8877,39.5334],[73.8403,39.4834],[73.7421,39.4484],[73.6947,39.4051],[73.6597,39.2943],[73.6733,39.2395],[73.7406,39.1626],[73.7512,39.0887],[73.5195,38.573],[73.4705,38.5097],[72.7038,37.8538],[72.6529,37.797],[72.4363,37.472],[72.3778,37.4134],[71.8762,37.0699],[71.8208,37.0168],[71.2573,36.2408],[71.1875,36.191],[71.0869,36.1568],[71.0266,36.1425],[70.984,36.1424],[70.0592,36.3907],[70.0006,36.4552],[69.9938,36.6256],[69.9563,36.6582],[69.4543,36.7167],[69.3505,36.722],[68.5099,36.656],[68.4316,36.6308],[68.3156,36.5576],[68.2303,36.5264],[67.8384,36.4689],[67.7452,36.4895],[67.5461,36.6297],[67.4699,36.6566],[66.8093,36.7174],[66.7542,36.693],[66.3949,36.0553],[66.3693,35.9894],[66.2561,35.4844],[66.2634,35.4212],[66.382,35.1614],[66.3753,35.1126],[66.3278,35.0736],[66.3156,35.0336],[66.3397,34.9129],[66.3782,34.8601],[66.5104,34.7713],[66.5385,34.7156],[66.5262,34.6437],[66.5452,34.5927],[66.6123,34.5308],[66.6175,34.5132],[66.6107,34.4861],[66.5837,34.4904],[66.496,34.4543],[66.4254,34.4554],[66.091,34.6067],[66.0667,34.6457],[66.0782,34.7162],[66.0507,34.7662],[65.9689,34.81],[65.8858,34.828],[65.6666,34.828],[65.5921,34.8484],[65.4546,34.9335],[65.3702,34.9484],[65.1336,34.8979],[65.078,34.916],[64.889,35.168],[64.8666,35.2294],[64.8492,35.7347],[64.8255,35.7791],[64.81,35.788],[64.7829,35.788],[64.7768,35.8062],[64.8494,36.1206],[64.8305,36.1746],[64.7921,36.178],[64.7839,36.1979],[65.1523,38.6313],[65.1723,38.7176],[65.1536,38.7517],[65.1129,38.758],[65.1068,38.7762],[65.1492,38.9693],[65.1335,39.0142],[65.1037,39.018],[65.1024,39.0314],[65.2826,39.4691],[65.2716,39.5238],[65.2334,39.528],[65.2282,39.5453],[65.2967,39.7961],[65.339,39.8437],[65.5298,39.9355],[65.5899,39.9979],[65.8837,40.7693],[65.8778,40.8128],[65.9,40.828],[65.9364,40.828],[65.9871,40.8491],[66.6046,41.2518],[66.6917,41.2773],[66.8414,41.278],[66.923,41.2966],[67.5029,41.5865],[67.5889,41.6196],[68.7317,41.935],[70.659,42.2499],[70.7289,42.283],[71.1373,42.674],[71.1813,42.733],[71.698,43.7758],[71.7386,43.8419],[72.1725,44.4294],[72.2255,44.4912],[73.209,45.4841],[73.298,45.4998],[73.7091,45.3315],[73.7792,45.2816],[73.8981,45.1417],[73.9151,45.0712],[73.8963,45.0144],[73.9329,45.0377],[73.99,45.058]]]},"properties":{"id":"territory:Yuezhi:-126","name":"월지","name_en":"Yuezhi","actor":"기타중립","valid_from":-126,"valid_to":-110,"span_from":-404,"span_to":42,"color":"#8760A9","wikidata":"Q467985","area":571470,"src":"cliopatria","confidence":"medium","finish":"chaikin1cap4km+grow2km+islands+s600m","islands":0}},{"type":"Feature","geometry":{"type":"Point","coordinates":[70.461,39.979]},"properties":{"id":"territory:Yuezhi:-126:label","name":"월지","name_en":"Yuezhi","actor":"기타중립","valid_from":-126,"valid_to":-110,"span_from":-404,"span_to":42,"color":"#8760A9","wikidata":"Q467985","area":571470,"src":"cliopatria","confidence":"medium"}},{"type":"Feature","geometry":{"type":"MultiPolygon","coordinates":[[[[25.0971,31.8227],[25.1246,31.7615],[25.12,31.6293],[25.144,31.5756],[25.23,31.5011],[25.2945,31.478],[26.8087,31.478],[26.8918,31.4673],[27.2692,31.3663],[27.3403,31.3265],[27.4924,31.1816],[27.5559,31.1521],[28.4644,31.0325],[28.5438,31.0077],[28.8407,30.8552],[28.9134,30.838],[29.3538,30.838],[29.4019,30.8659],[29.4682,30.9937],[29.5321,31.0115],[29.5982,30.9832],[29.66,30.9867],[29.8202,31.0735],[29.833,31.1109],[29.8017,31.169],[29.8021,31.2259],[29.8492,31.2694],[29.9213,31.288],[30.2896,31.288],[30.3013,31.304],[30.2717,31.359],[30.2721,31.4159],[30.3192,31.4594],[30.3913,31.478],[30.7668,31.478],[30.8414,31.4934],[30.9216,31.5284],[30.952,31.5685],[30.952,31.6275],[30.9589,31.6416],[31.0113,31.678],[31.1587,31.678],[31.1735,31.6702],[31.1953,31.6385],[31.1958,31.6189],[31.1593,31.5595],[31.1709,31.5261],[31.2394,31.4941],[31.3133,31.478],[31.8387,31.478],[31.8526,31.4714],[31.8803,31.4374],[31.8831,31.4194],[31.8152,31.2496],[31.8213,31.2447],[31.8957,31.2726],[31.9579,31.2519],[31.9681,31.2408],[32.0043,31.1261],[32.0467,31.098],[32.2501,31.098],[32.264,31.1151],[32.2387,31.17],[32.2402,31.1877],[32.2627,31.2202],[32.2775,31.228],[32.3525,31.228],[32.4305,31.1969],[32.5105,31.1226],[32.5696,31.1084],[32.7371,31.1467],[32.7919,31.1241],[32.8287,31.0556],[32.8749,31.0314],[33.7061,31.0947],[33.782,31.1123],[34.178,31.2722],[34.24,31.288],[34.2908,31.2844],[34.336,31.2493],[34.4237,31.121],[34.4533,31.0515],[34.5509,30.5388],[34.5427,30.5095],[34.56,30.518],[34.6117,30.5136],[34.6352,30.482],[34.6233,30.4406],[34.5925,30.422],[34.5575,30.422],[34.5283,30.4414],[34.522,30.4827],[34.4824,30.482],[34.4286,30.4674],[33.8842,30.239],[33.8038,30.2173],[32.9686,30.1082],[32.9348,30.0788],[32.9238,30.0086],[32.8838,29.9761],[32.8019,29.972],[32.7509,29.9454],[32.6962,29.8735],[32.6398,29.8577],[32.565,29.8855],[32.5338,29.8721],[32.4594,29.6337],[32.4705,29.5785],[32.6302,29.3807],[32.6612,29.3115],[32.7025,29.0029],[32.7379,28.9575],[32.8158,28.9202],[32.8732,28.8658],[33.1077,28.4228],[33.1533,28.369],[33.5954,28.0218],[33.6261,27.9532],[33.6101,27.6492],[33.6336,27.5948],[33.7834,27.4592],[33.8265,27.3954],[33.9343,27.0739],[33.9755,27.03],[34.0501,26.9948],[34.0832,26.9439],[34.0701,26.6211],[34.0991,26.5797],[34.1743,26.5485],[34.2331,26.4956],[34.7388,25.531],[34.757,25.4783],[34.758,25.438],[34.0327,25.438],[33.9706,25.4605],[33.8804,25.5388],[33.8058,25.5765],[33.0749,25.7479],[33.0152,25.7815],[32.6389,26.1753],[32.5605,26.208],[32.3438,26.208],[32.2909,26.2344],[32.1959,26.37],[32.1277,26.3995],[31.1305,26.2133],[31.0605,26.1766],[30.7206,25.8438],[30.6905,25.7749],[30.6738,25.4008],[30.6617,25.378],[30.6375,25.378],[30.6217,25.3685],[30.6003,25.325],[30.5939,25.1968],[30.6119,25.1241],[30.9224,24.6168],[30.9194,24.5675],[30.2589,23.7303],[30.232,23.672],[30.1975,23.672],[30.1505,23.718],[30.1077,23.8342],[30.067,23.862],[29.9902,23.8636],[29.9211,23.8962],[29.6837,24.1582],[29.624,24.1994],[28.6006,24.6181],[28.5364,24.6738],[28.2921,25.1189],[28.2698,25.1947],[28.2244,25.9051],[28.2284,25.9786],[28.3253,26.5426],[28.3177,26.562],[28.2754,26.5695],[28.2467,26.6128],[28.1383,27.3085],[28.1071,27.3646],[27.9591,27.4984],[27.8955,27.522],[27.7513,27.522],[27.7365,27.5298],[27.7147,27.5615],[27.7142,27.5811],[27.7517,27.642],[27.7444,27.6865],[27.4509,27.9474],[27.3946,27.9565],[27.3242,27.9283],[27.2728,27.9504],[27.2639,27.9668],[27.2699,28.0809],[27.2465,28.1353],[27.0876,28.2797],[27.0245,28.3199],[25.908,28.7986],[25.8381,28.8397],[25.2423,29.3],[25.1758,29.322],[24.9516,29.3249],[24.891,29.3684],[24.8466,29.4953],[24.8019,29.5355],[24.4392,29.6434],[24.3725,29.6885],[24.2707,29.8175],[24.2139,29.8607],[23.6996,30.0873],[23.6311,30.1301],[23.2501,30.4589],[23.1856,30.482],[22.8913,30.482],[22.8389,30.5184],[22.832,30.5325],[22.832,30.5906],[22.8008,30.6255],[21.9855,30.8611],[21.9074,30.872],[20.6246,30.872],[20.5615,30.8481],[20.0004,30.3232],[19.924,30.2834],[19.6971,30.2322],[19.6429,30.197],[19.5987,30.1343],[19.5376,30.1005],[18.8527,30.0359],[18.8404,30.0404],[18.9052,30.3142],[18.9213,30.3249],[19.4559,30.328],[19.5235,30.3493],[20.075,30.7496],[20.1092,30.8022],[20.1854,31.2342],[20.1726,31.2942],[20.0055,31.5489],[19.9886,31.6218],[20.0656,32.0745],[20.0553,32.1366],[20.0217,32.199],[20.023,32.2181],[20.0613,32.258],[20.2033,32.258],[20.2459,32.2861],[20.3018,32.4609],[20.3122,32.472],[20.3608,32.4917],[20.4434,32.464],[20.4878,32.477],[20.5321,32.5442],[20.6,32.578],[20.6702,32.578],[20.6793,32.5919],[20.6416,32.6603],[20.6662,32.6907],[20.6842,32.6953],[20.8321,32.6503],[20.893,32.6611],[21.0683,32.7999],[21.1463,32.8195],[21.3694,32.7764],[21.4321,32.7911],[21.5285,32.8694],[21.609,32.9024],[22.067,32.9533],[22.1505,32.9452],[23.0569,32.6497],[23.1061,32.5832],[23.1001,32.4708],[23.1287,32.4271],[23.2106,32.3829],[23.227,32.3359],[23.2249,32.32],[23.1906,32.2686],[23.2021,32.2447],[23.9216,32.058],[24.85,32.0006],[24.926,31.9714],[25.0971,31.8227]]],[[[33.9962,35.2278],[34.0894,35.0413],[34.0883,35.0233],[34.0618,34.9834],[34.0495,34.9756],[33.7488,34.9293],[33.6851,34.8966],[33.5543,34.753],[33.4795,34.7156],[33.1793,34.6694],[33.1209,34.6352],[33.0669,34.5641],[33.0038,34.5446],[32.4014,34.7134],[32.3335,34.7609],[32.2371,34.8985],[32.2164,34.9711],[32.2284,35.0961],[32.2832,35.1444],[32.5044,35.148],[32.5846,35.1629],[32.8298,35.2595],[32.865,35.2998],[32.8772,35.3722],[32.934,35.408],[33.6938,35.408],[33.7695,35.4272],[34.265,35.7053],[34.3239,35.7269],[34.5025,35.728],[34.5497,35.6907],[34.5554,35.6761],[34.5504,35.6111],[34.5026,35.544],[34.0108,35.2679],[33.9962,35.2278]]]]},"properties":{"id":"territory:Ptolemaic Kingdom:-188","name":"프톨레마이오스 왕국","name_en":"Ptolemaic Kingdom","actor":"그리스계","valid_from":-188,"valid_to":-170,"span_from":-331,"span_to":-28,"wikidata":"Q2320005","area":570196,"src":"cliopatria","confidence":"medium","finish":"chaikin1cap4km+grow2km+islands+s600m","islands":0}},{"type":"Feature","geometry":{"type":"Point","coordinates":[28.476,29.046]},"properties":{"id":"territory:Ptolemaic Kingdom:-188:label","name":"프톨레마이오스 왕국","name_en":"Ptolemaic Kingdom","actor":"그리스계","valid_from":-188,"valid_to":-170,"span_from":-331,"span_to":-28,"wikidata":"Q2320005","area":570196,"src":"cliopatria","confidence":"medium"}},{"type":"Feature","geometry":{"type":"MultiPolygon","coordinates":[[[[30.2792,31.4294],[30.3257,31.4624],[30.3909,31.478],[30.7673,31.478],[30.8411,31.4932],[30.9219,31.5286],[30.952,31.5685],[30.952,31.6275],[30.9588,31.6416],[30.9997,31.6741],[31.1591,31.678],[31.174,31.6701],[31.1954,31.6385],[31.1959,31.619],[31.1592,31.5594],[31.1706,31.5262],[31.2397,31.494],[31.3128,31.478],[31.8391,31.478],[31.8531,31.4713],[31.8804,31.4374],[31.8831,31.4194],[31.8151,31.2494],[31.821,31.2446],[31.8961,31.2727],[31.9579,31.2519],[31.9681,31.2408],[32.0043,31.1261],[32.0463,31.098],[32.2505,31.098],[32.264,31.115],[32.2387,31.17],[32.2402,31.1877],[32.2627,31.2202],[32.2775,31.228],[32.3525,31.228],[32.4303,31.1971],[32.5107,31.1225],[32.5692,31.1083],[32.7376,31.1468],[32.7919,31.1241],[32.8286,31.0558],[32.8735,31.0338],[33.328,31.0927],[33.4405,31.0946],[33.4478,31.0835],[33.4244,31.0488],[33.321,30.6009],[33.2931,30.5379],[33.0775,30.2228],[33.0248,30.1755],[32.6261,29.9549],[32.5874,29.9178],[32.582,29.902],[32.556,29.902],[32.5353,29.8767],[32.4593,29.6337],[32.4704,29.5786],[32.6303,29.3806],[32.6612,29.3115],[32.7025,29.0029],[32.7376,28.9576],[32.8161,28.92],[32.8731,28.8658],[33.1077,28.4227],[33.1531,28.3692],[33.5956,28.0216],[33.6261,27.9532],[33.6101,27.6491],[33.6334,27.5949],[33.7836,27.4591],[33.8265,27.3955],[33.9343,27.0739],[33.9755,27.03],[34.0501,26.9948],[34.0832,26.9439],[34.0701,26.6211],[34.0989,26.5798],[34.1752,26.5478],[34.2302,26.4928],[34.4617,25.9142],[34.5071,25.8705],[34.5849,25.8381],[34.6418,25.7843],[35.15,24.6925],[35.1919,24.6364],[35.8435,24.0491],[35.8754,23.9761],[35.8704,23.9111],[35.8614,23.8969],[35.8066,23.8706],[35.6028,23.9128],[35.5747,23.8966],[35.5704,23.8411],[35.5619,23.8272],[35.507,23.7987],[35.1487,23.8556],[35.0708,23.8563],[33.74,23.672],[33.698,23.6723],[33.6519,23.7211],[33.4318,23.8121],[33.3547,23.8244],[32.0775,23.7114],[32.0042,23.714],[31.7105,23.7616],[31.6327,23.7555],[30.57,23.3893],[30.5271,23.3596],[30.5188,23.342],[30.4665,23.3482],[30.4324,23.3896],[30.3942,23.5169],[30.3546,23.5675],[30.1176,23.7201],[30.0869,23.7736],[30.0889,23.8402],[30.0654,23.862],[29.9902,23.8636],[29.9212,23.896],[29.6835,24.1583],[29.6243,24.1993],[28.6003,24.6182],[28.5365,24.6737],[28.292,25.119],[28.2698,25.1947],[28.2244,25.9051],[28.2284,25.9786],[28.3253,26.5426],[28.3177,26.562],[28.2754,26.5695],[28.2467,26.6128],[28.1383,27.3085],[28.1072,27.3645],[27.959,27.4986],[27.8959,27.522],[27.7509,27.522],[27.736,27.5299],[27.7146,27.5615],[27.7141,27.581],[27.7517,27.6421],[27.7445,27.6864],[27.4507,27.9475],[27.3948,27.9566],[27.3239,27.9282],[27.2727,27.9505],[27.2639,27.9668],[27.2699,28.0807],[27.2461,28.1343],[27.1583,28.2103],[27.0951,28.2508],[25.6188,28.9271],[25.5541,28.9806],[25.3783,29.2362],[25.3233,29.2732],[24.885,29.3827],[24.8404,29.4098],[24.832,29.4253],[24.8325,29.452],[24.8484,29.4616],[24.8693,29.5052],[24.8766,29.6934],[24.8521,29.7711],[24.7586,29.8979],[24.7395,29.9584],[24.7564,30.4],[24.7818,30.4576],[24.9663,30.6498],[24.9911,30.72],[24.8846,31.3623],[24.9057,31.4132],[25.0803,31.5515],[25.1207,31.608],[25.1718,31.6036],[25.2133,31.566],[25.2458,31.5056],[25.2955,31.478],[26.8091,31.478],[26.8937,31.4669],[27.2696,31.3662],[27.3401,31.3266],[27.4925,31.1814],[27.5555,31.1521],[28.4649,31.0325],[28.5435,31.0079],[28.841,30.8551],[28.913,30.838],[29.3542,30.838],[29.4018,30.8659],[29.4581,30.9845],[29.5218,31.0255],[29.7442,31.028],[29.791,31.0559],[29.8481,31.183],[29.862,31.255],[29.8738,31.2719],[29.9209,31.288],[30.2899,31.288],[30.3014,31.3039],[30.2695,31.3685],[30.2792,31.4294]]],[[[34.547,35.6019],[34.5026,35.544],[34.0108,35.2679],[33.9962,35.2278],[34.0894,35.0413],[34.0883,35.0233],[34.0618,34.9834],[34.0495,34.9756],[33.7488,34.9293],[33.6851,34.8966],[33.5543,34.753],[33.4795,34.7156],[33.1793,34.6694],[33.1209,34.6352],[33.0669,34.5641],[32.9936,34.5445],[32.4066,34.7109],[32.3335,34.7609],[32.2345,34.9041],[32.2159,34.9777],[32.2284,35.0961],[32.2832,35.1444],[32.5044,35.148],[32.5846,35.1629],[32.8298,35.2595],[32.865,35.2998],[32.8772,35.3722],[32.9237,35.4047],[33.6938,35.408],[33.7695,35.4272],[34.265,35.7053],[34.3239,35.7269],[34.5025,35.728],[34.5497,35.6907],[34.5554,35.6761],[34.547,35.6019]]]]},"properties":{"id":"territory:Ptolemaic Kingdom:-110","name":"프톨레마이오스 왕국","name_en":"Ptolemaic Kingdom","actor":"그리스계","valid_from":-110,"valid_to":-31,"span_from":-331,"span_to":-28,"wikidata":"Q2320005","area":565937,"src":"cliopatria","confidence":"medium","finish":"chaikin1cap4km+grow2km+islands+s600m","islands":0}},{"type":"Feature","geometry":{"type":"Point","coordinates":[30.345,27.719]},"properties":{"id":"territory:Ptolemaic Kingdom:-110:label","name":"프톨레마이오스 왕국","name_en":"Ptolemaic Kingdom","actor":"그리스계","valid_from":-110,"valid_to":-31,"span_from":-331,"span_to":-28,"wikidata":"Q2320005","area":565937,"src":"cliopatria","confidence":"medium"}},{"type":"Feature","geometry":{"type":"Polygon","coordinates":[[[82.3937,16.5786],[82.3626,16.5127],[82.2601,16.4294],[82.1837,16.399],[81.5219,16.3454],[81.4601,16.3211],[81.2723,16.1709],[81.2364,16.1176],[81.1473,15.8097],[81.092,15.7693],[80.6483,15.8174],[80.5838,15.8045],[80.4238,15.7141],[80.3802,15.6669],[80.1233,15.0999],[80.1281,15.0461],[80.2142,14.9203],[80.2386,14.8498],[80.253,14.4554],[80.2098,14.4012],[79.3014,14.1046],[79.2863,14.1065],[79.253,14.1273],[79.2446,14.1439],[79.2491,14.203],[79.224,14.2433],[78.8052,14.457],[78.7746,14.5172],[78.9593,15.1034],[78.9417,15.1323],[76.723,15.6243],[76.6529,15.6671],[76.4418,15.927],[76.3885,15.952],[76.3108,15.9533],[76.241,15.9827],[76.0241,16.1915],[75.9971,16.2595],[76.0575,16.8299],[76.0328,16.8683],[75.759,16.9701],[75.6939,17.0104],[75.4741,17.2215],[75.4459,17.2856],[75.4492,17.3541],[75.4266,17.4017],[75.0877,17.6728],[75.0563,17.7348],[75.0593,17.8046],[75.0381,17.855],[74.8975,17.9886],[74.8413,18.0058],[74.4718,17.9483],[74.4053,17.9248],[73.9213,17.6433],[73.8462,17.6257],[73.0956,17.6935],[73.0474,17.7433],[72.9375,18.5677],[72.9206,18.592],[72.89,18.592],[72.8743,18.6013],[72.852,18.6459],[72.852,19.2688],[72.824,19.3129],[72.7479,19.3544],[72.7181,19.4069],[72.7284,19.5361],[72.7704,19.606],[73.3569,20.012],[73.3966,20.0628],[73.6803,20.8313],[73.6962,20.8988],[73.7382,21.2762],[73.7586,21.3504],[74.0209,21.9281],[74.068,21.9871],[74.3397,22.2012],[74.4079,22.2409],[75.4284,22.6623],[75.5039,22.6795],[76.5643,22.7358],[76.6413,22.7263],[76.9983,22.6184],[77.0825,22.608],[77.0988,22.5975],[77.1171,22.5536],[77.099,21.8008],[77.1261,21.757],[77.2007,21.7178],[77.2447,21.6582],[77.3195,21.2839],[77.3559,21.2451],[78.3676,20.9423],[78.4107,20.8856],[78.4348,20.5805],[78.461,20.5244],[78.6108,20.3722],[78.6341,20.3024],[78.6223,20.1899],[78.6469,20.1495],[78.7208,20.1142],[78.7517,20.0636],[78.7418,19.927],[78.7563,19.8662],[78.8325,19.7455],[78.8776,19.7284],[79.0237,19.7665],[79.0569,19.8035],[79.078,19.9863],[79.1338,20.0447],[79.7358,20.1598],[79.7852,20.1939],[80.1327,20.7744],[80.1979,20.808],[80.4121,20.808],[80.4876,20.774],[80.8277,20.3816],[80.8837,20.347],[81.753,20.115],[81.8176,20.074],[82.157,19.6824],[82.209,19.658],[82.2848,19.6551],[82.3348,19.6226],[82.37,19.5528],[82.414,19.507],[82.8354,19.2834],[82.8448,19.2693],[82.8487,19.2288],[82.8419,19.2129],[81.593,18.231],[81.5633,18.1786],[81.5422,17.9961],[81.5522,17.9321],[81.6905,17.6229],[81.7334,17.5742],[81.8843,17.4778],[81.911,17.4257],[81.9035,17.3544],[81.9221,17.3048],[82.0645,17.1695],[82.1229,17.1299],[82.3335,17.0321],[82.3701,16.9979],[82.3937,16.5786]]]},"properties":{"id":"territory:Satavahana Dynasty:-225","name":"Satavahana Dynasty","name_en":"Satavahana Dynasty","actor":"기타중립","valid_from":-225,"valid_to":-170,"span_from":-225,"span_to":223,"color":"#A9607C","wikidata":"Q5257","area":535339,"src":"cliopatria","confidence":"medium","finish":"chaikin1cap4km+grow2km+islands+s600m","islands":0}},{"type":"Feature","geometry":{"type":"Point","coordinates":[77.66,18.645]},"properties":{"id":"territory:Satavahana Dynasty:-225:label","name":"Satavahana Dynasty","name_en":"Satavahana Dynasty","actor":"기타중립","valid_from":-225,"valid_to":-170,"span_from":-225,"span_to":223,"color":"#A9607C","wikidata":"Q5257","area":535339,"src":"cliopatria","confidence":"medium"}},{"type":"Feature","geometry":{"type":"MultiPolygon","coordinates":[[[[20.3481,39.462],[20.803,39.4041],[20.8731,39.4227],[21.0469,39.5675],[21.0832,39.5716],[21.1099,39.5398],[21.357,39.3326],[21.3939,39.3181],[21.4089,39.3201],[21.4166,39.278],[21.45,39.278],[21.4642,39.269],[21.4244,39.2527],[21.1766,39.0978],[21.135,39.0579],[21.1288,39.042],[20.8718,39.0426],[20.7841,39.0667],[20.3273,39.3425],[20.282,39.3975],[20.282,39.4325],[20.2956,39.4499],[20.3481,39.462]]],[[[20.3009,39.9713],[20.2424,39.9255],[20.1168,39.7334],[20.0949,39.6873],[20.0903,39.655],[20.0784,39.6405],[20.0226,39.622],[19.8074,39.622],[19.7498,39.6577],[19.742,39.6725],[19.742,39.7375],[19.7498,39.7523],[19.7972,39.7848],[19.9467,39.788],[19.9843,39.8154],[19.99,39.9304],[19.9637,39.9855],[19.6525,40.2475],[19.5868,40.272],[19.51,40.272],[19.4599,40.3129],[19.4543,40.327],[19.4692,40.5659],[19.4363,40.592],[19.2872,40.5952],[19.2398,40.6277],[19.232,40.6425],[19.2356,40.7182],[19.2746,40.771],[19.4481,40.8633],[19.4758,40.9094],[19.4279,41.228],[19.4447,41.3019],[19.482,41.3626],[19.482,41.372],[19.4469,41.3777],[19.4441,41.423],[19.4909,41.502],[19.4588,41.5059],[19.4451,41.5606],[19.5086,41.7441],[19.4891,41.7839],[19.4105,41.8266],[19.393,41.8766],[19.3947,41.8919],[19.4461,41.965],[19.5179,41.9772],[19.996,41.7467],[20.0211,41.6786],[19.9639,41.5515],[19.9725,41.4975],[20.1381,41.3019],[20.1415,41.2848],[20.1163,41.2282],[20.0418,41.2002],[20.0154,41.1605],[20.0612,40.9088],[20.0553,40.892],[20.0026,40.852],[19.8727,40.852],[19.8347,40.8273],[19.8306,40.7739],[19.8445,40.7139],[19.8759,40.6556],[19.9247,40.628],[20.0063,40.6268],[20.0548,40.6052],[20.058,40.5775],[20.0833,40.568],[20.1688,40.5656],[20.2263,40.5331],[20.2648,40.4675],[20.3094,40.454],[20.3972,40.4814],[20.4439,40.4609],[20.4543,40.4477],[20.5002,40.203],[20.519,40.178],[20.5618,40.1736],[20.552,40.115],[20.5734,40.095],[20.5391,40.0688],[20.3009,39.9713]]],[[[20.2194,39.1401],[20.2175,39.1527],[20.2288,39.1564],[20.2583,39.1329],[20.2194,39.1401]]],[[[13.3165,43.6962],[13.3994,43.6596],[13.6531,43.4467],[13.696,43.3789],[13.7579,43.1237],[13.8005,43.0731],[13.9596,42.9869],[13.9905,42.923],[13.9343,42.7904],[13.9378,42.7329],[14.0544,42.5434],[14.1046,42.486],[14.3472,42.2826],[14.4132,42.258],[14.4986,42.2558],[14.5653,42.2169],[14.6017,42.1578],[14.6493,42.1439],[14.7237,42.1718],[14.7772,42.154],[14.788,42.1375],[14.788,42.0787],[14.8186,42.0399],[14.8864,42.0128],[14.9641,42.0091],[15.13,42.046],[15.1933,42.0245],[15.2356,41.9561],[15.2923,41.928],[16.0823,41.9246],[16.1279,41.8921],[16.1354,41.8761],[16.1246,41.7992],[16.0687,41.7512],[15.9258,41.7154],[15.8969,41.6798],[15.9489,41.4347],[15.9938,41.3922],[17.164,41.0296],[17.2435,40.9869],[17.488,40.7819],[17.5617,40.7444],[17.9397,40.6398],[18.0179,40.5972],[18.4281,40.1933],[18.4449,40.1193],[18.371,39.9192],[18.3019,39.882],[18.1581,39.882],[18.0739,39.9225],[17.8188,40.3136],[17.7579,40.342],[17.4592,40.3444],[17.3983,40.379],[17.3482,40.503],[17.2971,40.532],[17.0799,40.532],[16.9954,40.5153],[16.9224,40.4833],[16.9139,40.4695],[16.9479,40.4342],[16.9459,40.3873],[16.8895,40.3056],[16.8119,40.272],[16.6756,40.272],[16.6556,40.2517],[16.7021,40.1412],[16.6775,40.0716],[16.5112,39.9773],[16.4767,39.9282],[16.4693,39.6826],[16.5049,39.6435],[16.8832,39.5384],[16.9632,39.4964],[17.0504,39.4208],[17.0953,39.3484],[17.1473,39.0856],[17.1045,39.0262],[16.5533,38.8023],[16.5169,38.7575],[16.5089,38.4555],[16.4735,38.385],[15.9738,37.9727],[15.8819,37.942],[15.7481,37.942],[15.6775,37.9787],[15.6195,38.113],[15.5672,38.142],[15.4422,38.142],[15.3824,38.1134],[15.1066,37.6652],[15.087,37.6012],[15.079,37.2915],[15.109,37.2497],[15.1885,37.2131],[15.2146,37.1493],[15.0793,36.7687],[15.0108,36.7244],[14.7081,36.722],[14.6253,36.7523],[14.2976,37.0862],[14.2275,37.1208],[13.6196,37.2255],[13.5366,37.2632],[13.2121,37.5377],[13.1379,37.5714],[12.5334,37.6837],[12.472,37.7459],[12.4732,37.8705],[12.5019,37.942],[12.6189,38.0767],[12.6999,38.1005],[12.991,38.0557],[13.0479,38.0772],[13.0923,38.1437],[13.1681,38.178],[13.3019,38.178],[13.3916,38.1543],[13.6404,37.9997],[13.7205,37.978],[14.0111,37.978],[14.1043,37.9864],[15.8056,38.2983],[15.8523,38.3356],[15.9301,38.6484],[15.9923,38.6977],[16.2149,38.7463],[16.252,38.7834],[16.252,38.8898],[16.2241,38.946],[16.1396,39.0192],[16.092,39.0897],[15.8948,39.7261],[15.8501,39.7776],[15.6913,39.8725],[15.673,39.9267],[15.7078,39.9957],[15.6937,40.012],[15.4781,40.012],[15.3928,40.0403],[15.222,40.1871],[15.1567,40.212],[15.0699,40.2151],[15.0183,40.25],[14.8867,40.633],[14.837,40.662],[14.4574,40.6656],[14.4092,40.7015],[14.402,40.7159],[14.402,40.8251],[14.3659,40.852],[14.1481,40.852],[14.073,40.8869],[13.956,41.0837],[13.9053,41.112],[13.8214,41.1142],[13.7614,41.1467],[13.7172,41.214],[13.6569,41.2472],[13.0459,41.3074],[12.9541,41.339],[12.1559,41.8711],[12.1148,41.9329],[12.112,41.9996],[12.0752,42.0336],[11.8523,42.0823],[11.7802,42.1276],[11.6586,42.3217],[11.6116,42.3336],[11.5255,42.3001],[11.468,42.3151],[11.4241,42.3844],[11.3753,42.412],[11.2903,42.4149],[11.2365,42.4493],[11.1792,42.5835],[11.1347,42.612],[11.048,42.6166],[11.008,42.6526],[11.002,42.7785],[10.9687,42.8274],[10.5704,43.0431],[10.5163,43.1033],[10.3632,43.6287],[10.334,43.6942],[10.1384,44.0121],[10.0851,44.0282],[9.9398,43.9858],[9.9237,43.9889],[9.8923,44.0193],[9.9278,44.0857],[9.9137,44.102],[9.7781,44.102],[9.683,44.1265],[9.1912,44.4112],[9.1096,44.432],[8.6406,44.432],[8.5612,44.4098],[8.2393,44.2006],[8.208,44.1522],[8.208,44.0925],[8.1972,44.076],[8.1437,44.0582],[8.0637,44.0882],[8.0279,44.146],[8.0271,44.1611],[8.0779,44.2882],[8.0725,44.3467],[8.0324,44.4212],[8.0512,44.4904],[8.144,44.5658],[8.1823,44.6227],[8.3136,45.1391],[8.3571,45.2067],[8.5337,45.3548],[8.562,45.4071],[8.5663,45.4791],[8.6086,45.5288],[8.851,45.6295],[8.9481,45.648],[10.4819,45.648],[10.5791,45.63],[10.8224,45.5341],[10.9098,45.518],[11.4609,45.518],[11.553,45.5282],[12.0282,45.6366],[12.1036,45.6715],[12.6999,46.1404],[12.7839,46.1757],[13.1094,46.2288],[13.1851,46.1965],[13.3857,45.862],[13.3839,45.841],[13.3555,45.8082],[13.3419,45.802],[13.1927,45.802],[13.1397,45.773],[13.091,45.6573],[13.0208,45.6246],[12.865,45.6602],[12.7938,45.6474],[12.6945,45.5714],[12.609,45.5374],[12.2152,45.4887],[12.178,45.4559],[12.178,45.2115],[12.2113,45.1626],[12.3696,45.0769],[12.418,45.0041],[12.418,44.8159],[12.3957,44.7713],[12.38,44.762],[12.26,44.762],[12.2137,44.7782],[12.1817,44.8013],[12.1769,44.7964],[12.169,44.4882],[12.1867,44.4246],[12.3042,44.2337],[12.3569,44.1792],[12.8414,43.8418],[12.9105,43.8333],[12.9915,43.8619],[13.0447,43.844],[13.0554,43.8261],[13.0511,43.7698],[13.0851,43.7382],[13.3165,43.6962]]],[[[16.8289,42.8753],[16.7822,42.9078],[16.7746,42.9239],[16.7796,42.9889],[16.8443,43.0466],[17.0701,43.0889],[17.18,43.098],[17.196,43.0881],[17.2161,43.0431],[17.2098,42.925],[17.2022,42.9112],[17.1409,42.872],[16.8289,42.8753]]],[[[14.588,35.8059],[14.5788,35.7903],[14.5232,35.7655],[14.3679,35.8157],[14.322,35.8759],[14.322,35.9941],[14.3443,36.0387],[14.36,36.048],[14.4045,36.0474],[14.5392,36.0017],[14.588,35.9341],[14.588,35.8059]]],[[[10.259,42.672],[10.1876,42.7087],[10.1271,42.8488],[10.1385,42.9038],[10.411,42.908],[10.4706,42.8686],[10.478,42.8541],[10.478,42.7259],[10.4706,42.7114],[10.4216,42.6755],[10.259,42.672]]],[[[9.73,39.622],[9.6992,39.622],[9.6815,39.5973],[9.6133,39.1629],[9.6045,39.1501],[9.5527,39.1203],[9.169,39.1656],[9.1176,39.1425],[9.0021,38.8962],[8.9231,38.852],[8.7769,38.852],[8.6842,38.8666],[8.3681,38.9756],[8.3321,39.0399],[8.3818,39.2246],[8.3766,39.242],[8.35,39.242],[8.3343,39.2513],[8.3143,39.2872],[8.312,39.4741],[8.3343,39.5187],[8.35,39.528],[8.381,39.528],[8.3994,39.5529],[8.4547,39.8607],[8.4278,39.9032],[8.3445,39.9434],[8.3134,39.9962],[8.3725,40.2541],[8.3668,40.272],[8.34,40.272],[8.3243,40.2813],[8.3043,40.3172],[8.302,40.4381],[8.2685,40.4829],[8.1857,40.5216],[8.1411,40.5855],[8.133,40.9036],[8.1414,40.9193],[8.1988,40.9497],[8.5037,40.8963],[8.5736,40.9129],[8.9767,41.2474],[9.04,41.278],[9.1487,41.2709],[9.4566,41.2247],[9.5309,41.1839],[9.8127,40.782],[9.838,40.7041],[9.8347,40.3856],[9.7901,40.3262],[9.7199,40.2935],[9.693,40.2501],[9.7634,39.678],[9.7465,39.6328],[9.73,39.622]]],[[[9.518,41.8159],[9.4952,41.7379],[9.2954,41.4133],[9.2312,41.3609],[9.1463,41.3282],[9.0604,41.3346],[8.8087,41.4821],[8.762,41.5559],[8.762,41.6761],[8.7331,41.702],[8.66,41.702],[8.62,41.7436],[8.6179,41.7613],[8.667,41.878],[8.6583,41.9334],[8.5507,42.0679],[8.5211,42.1455],[8.513,42.4636],[8.5472,42.5345],[8.7257,42.6778],[8.8101,42.7148],[9.1155,42.7687],[9.1653,42.8059],[9.222,42.9902],[9.2565,43.0319],[9.27,43.038],[9.462,43.0334],[9.508,42.9841],[9.508,42.8006],[9.5206,42.778],[9.55,42.778],[9.5656,42.7689],[9.5884,42.7243],[9.5975,42.0162],[9.5758,41.9714],[9.56,41.962],[9.5306,41.962],[9.518,41.9394],[9.518,41.8159]]],[[[-0.92,43.038],[-0.88,43.038],[-0.8482,43.016],[-0.842,43.0025],[-0.8482,42.954],[-0.88,42.932],[-0.9075,42.932],[-0.859,42.8645],[-0.7989,42.8219],[-0.3178,42.6615],[-0.2307,42.6395],[1.1376,42.3958],[1.1888,42.3682],[1.198,42.33],[1.23,42.318],[1.3733,42.318],[1.4667,42.2948],[1.9694,42.0174],[2.0501,41.9895],[2.3567,41.9358],[2.4475,41.928],[2.6674,41.928],[2.6988,41.9511],[2.6981,42.0183],[2.7356,42.0683],[2.836,42.1094],[2.8528,42.1034],[2.9173,42.0048],[2.9677,41.8199],[2.9284,41.7446],[2.6174,41.5931],[2.5233,41.572],[2.3803,41.572],[2.3154,41.545],[2.1492,41.3485],[2.0724,41.3072],[1.2898,41.1893],[1.2069,41.1641],[0.7517,40.9449],[0.7196,40.8988],[0.7266,40.7166],[0.6875,40.6491],[0.2994,40.4273],[0.2568,40.3763],[0.2068,40.1905],[0.1519,40.1303],[-0.0798,40.0316],[-0.1386,39.9858],[-0.3117,39.734],[-0.3294,39.6722],[-0.2948,39.1707],[-0.266,39.1129],[0.083,38.781],[0.0884,38.7652],[0.0807,38.7153],[0.0721,38.7026],[-0.6118,38.2976],[-0.6633,38.246],[-0.7647,38.0576],[-0.7727,37.9959],[-0.6916,37.6797],[-0.6952,37.6638],[-0.7316,37.62],[-1.6532,37.4424],[-1.6668,37.4191],[-1.6272,37.3619],[-1.6278,37.3407],[-1.6667,37.302],[-1.8085,37.302],[-1.8588,37.2731],[-2.03,36.828],[-2.0983,36.7906],[-2.4831,36.8449],[-2.5524,36.8268],[-2.6372,36.7533],[-2.7267,36.722],[-4.4202,36.722],[-4.492,36.6973],[-4.6472,36.5632],[-4.7291,36.5275],[-5.1768,36.4688],[-5.2221,36.4343],[-5.2643,36.2513],[-5.3152,36.1884],[-5.6238,36.0322],[-5.6999,36.0476],[-5.8141,36.1753],[-5.8802,36.202],[-6.0218,36.2042],[-6.0922,36.2461],[-6.4279,36.9536],[-6.475,36.982],[-6.55,36.982],[-6.6254,37.0119],[-6.8215,37.2061],[-6.89,37.232],[-7.4233,37.232],[-7.5053,37.2731],[-7.5453,37.3381],[-7.5711,37.4098],[-7.5924,37.6113],[-7.5607,37.6805],[-7.3246,37.8852],[-7.2853,37.9428],[-7.2482,38.0605],[-7.1863,38.124],[-6.0599,38.6081],[-5.9999,38.654],[-5.9075,38.7794],[-5.8334,38.8237],[-5.531,38.8791],[-5.4593,38.9123],[-5.0825,39.2463],[-5.0019,39.2842],[-4.3899,39.3897],[-4.3073,39.416],[-3.8589,39.636],[-3.797,39.6832],[-3.6292,39.8815],[-3.5571,39.9296],[-3.2603,40.0318],[-3.1914,40.0723],[-2.5018,40.7252],[-2.4294,40.7566],[-2.3509,40.758],[-2.2884,40.7825],[-2.057,40.983],[-2.0443,41.0323],[-2.1011,41.1587],[-2.0979,41.1783],[-2.0664,41.2122],[-2.0533,41.218],[-1.8324,41.218],[-1.793,41.2458],[-1.7518,41.6162],[-1.7249,41.66],[-1.6838,41.668],[-1.6793,41.6847],[-1.7571,41.9483],[-1.7414,42.0219],[-1.6493,42.147],[-1.6303,42.2081],[-1.6458,42.463],[-1.6261,42.508],[-1.61,42.518],[-1.579,42.518],[-1.5602,42.543],[-1.5143,42.7877],[-1.4609,42.8343],[-1.3747,42.838],[-1.3259,42.8656],[-1.2856,42.9335],[-1.2214,42.966],[-0.9867,42.968],[-0.9511,42.9533],[-0.958,42.9675],[-0.9518,43.016],[-0.92,43.038]]],[[[-1.71,42.258],[-1.6782,42.236],[-1.672,42.1875],[-1.6982,42.1565],[-1.75,42.152],[-1.7818,42.174],[-1.788,42.2225],[-1.7818,42.236],[-1.75,42.258],[-1.71,42.258]]]]},"properties":{"id":"territory:Roman Republic:-170","name":"로마 공화정","name_en":"Roman Republic","actor":"로마","valid_from":-170,"valid_to":-164,"span_from":-500,"span_to":-32,"wikidata":"Q175881","area":506264,"src":"cliopatria","confidence":"medium","finish":"chaikin1cap4km+grow2km+islands+s600m","islands":1,"island_rule":"nearest<=40km"}},{"type":"Feature","geometry":{"type":"Point","coordinates":[-2.494,39.267]},"properties":{"id":"territory:Roman Republic:-170:label","name":"로마 공화정","name_en":"Roman Republic","actor":"로마","valid_from":-170,"valid_to":-164,"span_from":-500,"span_to":-32,"wikidata":"Q175881","area":506264,"src":"cliopatria","confidence":"medium"}},{"type":"Feature","geometry":{"type":"MultiPolygon","coordinates":[[[[26.8943,31.4668],[27.269,31.3663],[27.3403,31.3264],[27.4923,31.1816],[27.5561,31.1521],[28.4643,31.0325],[28.5439,31.0077],[28.8406,30.8553],[28.9136,30.838],[29.3537,30.838],[29.4019,30.866],[29.4682,30.9937],[29.5321,31.0115],[29.5982,30.9832],[29.6601,30.9867],[29.8201,31.0734],[29.833,31.1109],[29.8017,31.169],[29.8021,31.2259],[29.8492,31.2694],[29.9215,31.288],[30.2895,31.288],[30.3013,31.304],[30.2717,31.359],[30.2721,31.4159],[30.3192,31.4594],[30.3915,31.478],[30.7667,31.478],[30.8415,31.4934],[30.9215,31.5284],[30.952,31.5686],[30.952,31.6275],[30.9589,31.6416],[31.0115,31.678],[31.1585,31.678],[31.1733,31.6702],[31.1953,31.6385],[31.1958,31.6189],[31.1593,31.5596],[31.171,31.526],[31.2393,31.4942],[31.3134,31.478],[31.8385,31.478],[31.8524,31.4714],[31.8803,31.4375],[31.8831,31.4194],[31.8152,31.2496],[31.8213,31.2447],[31.8956,31.2726],[31.9578,31.2519],[31.9681,31.2408],[32.0043,31.1261],[32.0469,31.098],[32.25,31.098],[32.264,31.1151],[32.2387,31.17],[32.2402,31.1877],[32.2627,31.2202],[32.2775,31.228],[32.3525,31.228],[32.4305,31.1969],[32.5105,31.1226],[32.5697,31.1085],[32.737,31.1467],[32.7918,31.1241],[32.8287,31.0556],[32.8751,31.0314],[33.706,31.0947],[33.7821,31.1124],[34.1757,31.2715],[34.24,31.288],[34.2908,31.2844],[34.3319,31.2535],[34.4254,31.1179],[34.4544,31.0479],[34.5509,30.5388],[34.5427,30.5095],[34.56,30.518],[34.6,30.518],[34.6292,30.4986],[34.6352,30.482],[34.6302,30.452],[34.6033,30.4256],[34.5458,30.4264],[34.522,30.455],[34.522,30.4827],[34.4824,30.482],[34.4285,30.4673],[33.8843,30.2391],[33.8037,30.2173],[32.9687,30.1082],[32.9348,30.0788],[32.9238,30.0086],[32.8838,29.9761],[32.8019,29.972],[32.7509,29.9453],[32.6962,29.8735],[32.6399,29.8577],[32.5638,29.886],[32.5198,29.8736],[32.4784,29.8139],[32.4689,29.7564],[32.6956,29.0038],[32.7374,28.9577],[32.8157,28.9202],[32.8732,28.8657],[33.1077,28.4228],[33.1533,28.369],[33.5954,28.0218],[33.6257,27.953],[33.6081,27.628],[32.1768,27.3749],[32.1003,27.3702],[30.9054,27.4353],[30.8277,27.4155],[30.3439,27.1253],[30.305,27.0699],[30.302,27.0062],[30.2729,26.969],[30.1886,26.9321],[30.1436,26.8747],[30.1239,26.5568],[30.1275,26.4835],[30.2389,25.7667],[30.277,25.7016],[30.4383,25.5623],[30.4822,25.5077],[30.9244,24.6785],[30.9204,24.6267],[30.2576,23.7305],[30.232,23.672],[30.184,23.6781],[30.1539,23.7124],[30.1077,23.8342],[30.0669,23.862],[29.9902,23.8636],[29.9211,23.8962],[29.6837,24.1581],[29.6239,24.1994],[28.6007,24.618],[28.5364,24.6738],[28.2921,25.1189],[28.2698,25.1947],[28.2244,25.9051],[28.2284,25.9786],[28.3253,26.5426],[28.3177,26.562],[28.2754,26.5695],[28.2467,26.6128],[28.1383,27.3085],[28.1071,27.3646],[27.9592,27.4984],[27.8953,27.522],[27.7515,27.522],[27.7367,27.5298],[27.7147,27.5615],[27.7142,27.5811],[27.7517,27.642],[27.7444,27.6865],[27.4509,27.9474],[27.3946,27.9565],[27.3242,27.9283],[27.2728,27.9504],[27.2639,27.9668],[27.2699,28.0808],[27.2464,28.1353],[27.0877,28.2797],[27.0244,28.32],[25.9081,28.7986],[25.8381,28.8397],[25.2424,29.3],[25.1757,29.322],[24.9517,29.3249],[24.891,29.3684],[24.8466,29.4953],[24.8018,29.5355],[24.4394,29.6434],[24.3725,29.6885],[24.2707,29.8174],[24.2139,29.8607],[23.6997,30.0873],[23.6311,30.1301],[23.2502,30.4589],[23.1854,30.482],[22.8915,30.482],[22.8389,30.5184],[22.832,30.5325],[22.832,30.5906],[22.8007,30.6255],[21.9856,30.861],[21.9073,30.872],[20.6247,30.872],[20.5615,30.8481],[20.0004,30.3232],[19.9238,30.2834],[19.6972,30.2322],[19.6429,30.197],[19.5987,30.1343],[19.5375,30.1005],[18.8529,30.0359],[18.8404,30.0405],[18.9052,30.3141],[18.9215,30.325],[19.4558,30.328],[19.5236,30.3493],[20.075,30.7495],[20.1092,30.8022],[20.1854,31.2342],[20.1726,31.2942],[20.0055,31.5489],[19.9886,31.6218],[20.0656,32.0745],[20.0553,32.1366],[20.0217,32.199],[20.023,32.2182],[20.0615,32.258],[20.2032,32.258],[20.2459,32.2861],[20.3018,32.4609],[20.3122,32.472],[20.3608,32.4917],[20.4434,32.464],[20.4878,32.477],[20.532,32.5442],[20.6,32.578],[20.6702,32.578],[20.6792,32.5919],[20.6417,32.6603],[20.6663,32.6907],[20.6843,32.6953],[20.832,32.6503],[20.893,32.6611],[21.0682,32.7999],[21.1464,32.8194],[21.3693,32.7765],[21.4321,32.7911],[21.5284,32.8694],[21.6091,32.9024],[22.0669,32.9533],[22.1544,32.9444],[23.0568,32.6497],[23.1061,32.5832],[23.1001,32.4708],[23.1287,32.4271],[23.2105,32.383],[23.227,32.3359],[23.2249,32.32],[23.1906,32.2686],[23.2022,32.2447],[23.9216,32.058],[24.8498,32.0007],[24.926,31.9713],[25.097,31.8227],[25.1246,31.7615],[25.12,31.6293],[25.1441,31.5756],[25.2299,31.5012],[25.2946,31.478],[26.8085,31.478],[26.8943,31.4668]]],[[[34.0495,34.9756],[33.7488,34.9293],[33.6851,34.8966],[33.5594,34.7569],[33.485,34.7174],[33.1793,34.6694],[33.1209,34.6352],[33.0669,34.5641],[32.9936,34.5445],[32.4014,34.7134],[32.3335,34.7609],[32.2371,34.8985],[32.2159,34.9777],[32.2284,35.0961],[32.2832,35.1444],[32.5044,35.148],[32.5846,35.1629],[32.8298,35.2595],[32.865,35.2998],[32.8772,35.3722],[32.9237,35.4047],[33.6938,35.408],[33.7695,35.4272],[34.2677,35.7066],[34.33,35.728],[34.5147,35.7232],[34.5554,35.6761],[34.547,35.6019],[34.5083,35.549],[34.0108,35.2679],[33.9962,35.2278],[34.0894,35.0413],[34.0883,35.0233],[34.0495,34.9756]]],[[[27.7173,36.3265],[27.9748,36.4747],[28.031,36.4967],[28.21,36.498],[28.2548,36.4567],[28.2588,36.4405],[28.1661,36.061],[28.1042,35.9995],[27.7869,35.8963],[27.7276,35.9196],[27.7176,35.9335],[27.6768,36.252],[27.7173,36.3265]]],[[[27.818,36.634],[27.87,36.5895],[27.8765,36.541],[27.76,36.576],[27.818,36.634]]],[[[27.295,36.4555],[27.356,36.4795],[27.397,36.4385],[27.378,36.382],[27.295,36.4555]]]]},"properties":{"id":"territory:Ptolemaic Kingdom:-197","name":"프톨레마이오스 왕국","name_en":"Ptolemaic Kingdom","actor":"그리스계","valid_from":-197,"valid_to":-188,"span_from":-331,"span_to":-28,"wikidata":"Q2320005","area":505776,"src":"cliopatria","confidence":"medium","finish":"chaikin1cap4km+grow2km+islands+s600m","islands":2,"island_rule":"nearest<=40km"}},{"type":"Feature","geometry":{"type":"Point","coordinates":[27.957,29.373]},"properties":{"id":"territory:Ptolemaic Kingdom:-197:label","name":"프톨레마이오스 왕국","name_en":"Ptolemaic Kingdom","actor":"그리스계","valid_from":-197,"valid_to":-188,"span_from":-331,"span_to":-28,"wikidata":"Q2320005","area":505776,"src":"cliopatria","confidence":"medium"}},{"type":"Feature","geometry":{"type":"Polygon","coordinates":[[[34.902,32.3167],[34.902,32.3367],[34.851,32.3528],[34.8353,32.3887],[34.8403,32.525],[34.8859,32.5863],[34.9695,32.6203],[35.0064,32.6632],[35.0427,32.9859],[35.0862,33.0366],[35.1711,33.0708],[35.2244,33.1144],[35.3645,33.3635],[35.3749,33.4253],[35.3392,33.6111],[35.3739,33.6617],[35.4543,33.668],[35.4739,33.6907],[35.4392,33.8711],[35.4425,33.8853],[35.4872,33.9383],[35.628,33.975],[35.6577,34.0114],[35.6258,34.3224],[35.6351,34.34],[35.6689,34.3583],[35.6851,34.3588],[35.7551,34.3261],[35.8092,34.3346],[36.0074,34.5328],[36.0362,34.5909],[36.0479,34.7016],[36.0258,34.7565],[35.9424,34.8363],[35.9167,34.899],[35.9383,35.151],[35.9285,35.172],[35.8889,35.1759],[35.8741,35.2204],[35.959,35.4838],[35.9397,35.5208],[35.862,35.556],[35.8308,35.6194],[35.9627,36.1821],[35.9396,36.2237],[35.8699,36.2562],[35.8597,36.2702],[35.8543,36.3122],[35.8612,36.3287],[36.2144,36.5979],[36.2485,36.6521],[36.2659,36.7623],[36.2448,36.8154],[36.1618,36.8873],[36.1242,36.8957],[36.0863,36.8682],[36.04,36.852],[36.0,36.852],[35.9837,36.8625],[36.0028,36.8998],[36.0119,36.9592],[36.0502,36.9996],[36.123,37.0269],[36.1956,37.025],[37.1603,36.6091],[37.2469,36.6096],[37.4857,36.7067],[37.5424,36.722],[37.6473,36.7325],[38.1209,36.8425],[38.1828,36.8998],[38.1906,36.9765],[38.153,37.0368],[38.0095,37.1216],[37.9828,37.1694],[38.0035,37.3421],[37.9776,37.414],[37.685,37.6923],[37.6698,37.7446],[37.7661,38.0497],[37.7616,38.0664],[38.1023,38.0192],[38.1963,38.0282],[38.2763,38.0582],[38.3365,38.1108],[38.4197,38.3033],[38.4705,38.332],[38.6111,38.332],[38.6806,38.3071],[38.8279,38.1738],[38.9097,38.1431],[39.1421,38.1439],[39.2154,38.1827],[39.3751,38.4382],[39.3742,38.472],[39.416,38.4865],[40.1018,38.3181],[40.1615,38.308],[40.43,38.308],[40.4602,38.2852],[40.4674,38.238],[40.5089,38.238],[40.5244,38.211],[40.54,38.202],[40.5679,38.202],[40.5758,38.1822],[40.5579,38.0685],[40.5638,38.0521],[40.6165,38.012],[41.6216,38.012],[41.7047,37.9948],[41.9124,37.9016],[42.0029,37.8824],[42.4625,37.882],[42.5518,37.8722],[43.8914,37.5725],[43.9865,37.562],[44.3613,37.562],[44.4411,37.5422],[44.7191,37.3877],[44.7456,37.3409],[44.7279,37.2285],[44.7443,37.1541],[44.839,37.0164],[44.912,36.974],[45.2015,36.9207],[45.2376,36.9302],[45.2584,36.9061],[45.2626,36.8917],[45.1436,36.068],[45.152,36.048],[45.18,36.048],[45.1953,36.0393],[45.2198,35.995],[45.2358,35.6831],[45.2711,35.643],[45.9932,35.4202],[46.0756,35.4063],[47.9081,35.3395],[48.6702,35.215],[48.7288,35.1545],[48.7371,34.78],[48.7628,34.7226],[48.8386,34.6451],[48.8688,34.5745],[48.8771,34.2009],[48.8904,34.178],[48.9301,34.1749],[48.951,34.1311],[48.9215,33.9371],[48.8841,33.8697],[48.6729,33.6664],[48.6418,33.6086],[48.614,33.4276],[48.6344,33.3734],[48.8432,33.1801],[48.8862,33.1092],[48.9165,32.9657],[48.8765,32.9082],[48.7961,32.8781],[48.7179,32.8892],[48.6294,32.9675],[48.563,32.992],[48.1283,32.992],[48.0751,32.9639],[47.9971,32.8273],[47.9325,32.792],[47.8496,32.7939],[47.7821,32.8291],[47.5715,33.0963],[47.5111,33.1351],[46.7066,33.3611],[46.6577,33.4284],[46.6857,33.6105],[46.6592,33.6531],[46.4511,33.7464],[46.3864,33.7967],[46.2407,33.9948],[46.1822,34.022],[45.9719,34.022],[45.9562,34.0044],[45.983,33.9431],[45.9839,33.8693],[45.8921,33.6245],[45.9095,33.5805],[46.0508,33.4903],[46.0828,33.4248],[46.0728,33.3598],[46.0234,33.3157],[45.9409,33.312],[45.8803,33.2879],[45.5114,32.9533],[45.4238,32.9372],[45.1363,33.0382],[45.0569,33.0464],[44.6755,32.9977],[44.6075,33.0262],[44.5709,33.0951],[44.5205,33.1269],[44.0226,33.1767],[44.1537,33.0502],[44.1904,32.9826],[44.2234,32.728],[44.216,32.7111],[44.1639,32.6809],[43.9515,32.7234],[43.8747,32.7167],[43.4761,32.5589],[43.4146,32.5426],[43.37,32.542],[43.3119,32.5788],[43.1618,32.7665],[43.1012,32.8057],[42.7408,32.9132],[42.6743,32.9619],[42.587,33.0963],[42.5322,33.1425],[41.5204,33.6159],[41.4488,33.6638],[41.2287,33.8681],[41.1616,33.9014],[40.9421,33.9469],[40.8846,33.9879],[40.8512,34.0546],[40.8016,34.082],[40.3538,34.082],[40.3391,34.0896],[40.3137,34.1311],[40.3587,34.202],[40.3501,34.2318],[40.2889,34.258],[40.2131,34.28],[39.1624,34.4643],[39.0868,34.4549],[38.0366,33.9717],[37.9679,33.9307],[37.7857,33.7922],[37.7551,33.7418],[37.7434,33.6682],[37.69,33.632],[37.613,33.632],[37.547,33.6092],[37.1155,33.2727],[37.0837,33.2185],[37.0655,33.0922],[37.0243,33.0564],[36.942,33.052],[36.8906,33.0249],[36.8472,32.9622],[36.8167,32.8986],[36.7022,32.4924],[36.6741,32.5293],[36.5904,32.607],[36.5146,32.6326],[36.0488,32.5824],[35.9762,32.5366],[35.8325,32.2811],[35.8254,32.2452],[35.7837,32.2335],[35.6443,32.2699],[35.6155,32.2534],[35.6098,32.145],[35.603,32.1318],[35.5462,32.092],[35.4038,32.092],[35.3298,32.1244],[35.2309,32.2549],[35.1723,32.282],[34.9638,32.282],[34.922,32.2953],[34.9345,32.2625],[34.9112,32.0141],[34.885,31.9702],[34.87,31.962],[34.8175,31.9687],[34.8254,31.9461],[34.8209,31.8869],[34.8476,31.8427],[35.2133,31.6267],[35.2609,31.608],[35.3042,31.6036],[35.3217,31.5886],[35.328,31.5533],[35.3752,31.5427],[35.3927,31.5252],[35.398,31.4857],[35.4523,31.4719],[35.4495,31.4211],[35.4841,31.248],[35.4616,31.2042],[35.0564,30.9847],[35.013,30.9281],[35.0049,30.8579],[34.976,30.8074],[34.7211,30.6003],[34.6593,30.578],[34.5875,30.578],[34.5481,30.5655],[34.5209,30.5884],[34.2952,31.2296],[34.282,31.3225],[34.3206,31.3782],[34.506,31.5191],[34.5505,31.573],[34.6061,31.6905],[34.6047,31.7478],[34.5701,31.8218],[34.5904,31.8882],[34.7007,31.9722],[34.7575,31.998],[34.7995,31.9935],[34.7884,32.0139],[34.7559,32.3223],[34.7725,32.3549],[34.785,32.3628],[34.8635,32.318],[34.902,32.3167]]]},"properties":{"id":"territory:Seleucid Empire:-144","name":"셀레우코스 제국","name_en":"Seleucid Empire","actor":"그리스계","valid_from":-144,"valid_to":-126,"span_from":-318,"span_to":-64,"wikidata":"Q705904","area":491622,"src":"cliopatria","confidence":"medium","finish":"chaikin1cap4km+grow2km+islands+s600m","islands":0}},{"type":"Feature","geometry":{"type":"Point","coordinates":[41.612,35.301]},"properties":{"id":"territory:Seleucid Empire:-144:label","name":"셀레우코스 제국","name_en":"Seleucid Empire","actor":"그리스계","valid_from":-144,"valid_to":-126,"span_from":-318,"span_to":-64,"wikidata":"Q705904","area":491622,"src":"cliopatria","confidence":"medium"}},{"type":"Feature","geometry":{"type":"Polygon","coordinates":[[[64.7921,36.178],[64.8305,36.1746],[64.8489,36.1304],[64.7768,35.8062],[64.7829,35.788],[64.81,35.788],[64.8255,35.7791],[64.8492,35.7347],[64.8666,35.2294],[64.889,35.168],[65.078,34.916],[65.1336,34.8979],[65.3702,34.9484],[65.4546,34.9335],[65.5921,34.8484],[65.6666,34.828],[65.8858,34.828],[65.973,34.8086],[66.0507,34.7662],[66.0782,34.7162],[66.0667,34.6457],[66.091,34.6067],[66.4254,34.4554],[66.496,34.4543],[66.5837,34.4904],[66.6456,34.4746],[66.6572,34.4628],[66.6756,34.403],[66.7206,34.3666],[66.9399,34.313],[66.9934,34.2572],[67.0109,34.1459],[67.05,34.118],[67.3547,34.1156],[67.4114,34.0831],[67.4425,34.0136],[67.4904,33.9765],[68.2034,33.8071],[68.2859,33.7785],[68.4892,33.6841],[68.5281,33.6103],[68.4979,33.4955],[68.5033,33.478],[68.5415,33.4738],[68.5526,33.4191],[68.4206,33.0973],[68.3757,33.0326],[67.619,32.3182],[66.6684,31.1585],[66.6379,31.1371],[66.61,31.158],[66.56,31.1549],[66.5375,31.1399],[66.5269,31.1107],[66.4363,31.0782],[66.3446,31.0838],[65.9306,31.3034],[65.8537,31.322],[65.5642,31.322],[65.5141,31.3557],[65.5073,31.373],[65.5155,31.4223],[65.4897,31.442],[65.3656,31.442],[65.2834,31.4289],[64.8004,31.2679],[64.7588,31.2282],[64.745,31.1685],[64.734,31.1558],[64.6856,31.1369],[64.5473,31.1786],[64.4677,31.1844],[63.0611,30.9397],[62.974,30.951],[62.7631,31.0455],[62.6839,31.062],[62.3942,31.062],[62.3114,31.0863],[62.1064,31.2295],[62.0385,31.2411],[61.8866,31.2031],[61.8078,31.2204],[61.6679,31.3567],[61.6025,31.382],[61.06,31.382],[60.9989,31.4143],[60.8564,31.5497],[60.8256,31.6189],[60.8597,32.2028],[60.8465,32.2676],[60.6602,32.6487],[60.6479,32.7284],[60.6659,32.8428],[60.6595,32.862],[60.6268,32.8655],[60.6094,32.9102],[60.6671,33.2319],[60.6992,33.3014],[60.8457,33.4918],[60.835,33.5148],[60.6381,33.5623],[60.5831,33.613],[60.557,33.7978],[60.5405,33.822],[60.4997,33.8253],[60.4797,33.8791],[60.5488,34.2059],[60.5989,34.2653],[60.7696,34.354],[60.7936,34.3982],[60.771,34.5218],[60.797,34.5808],[61.0037,34.7294],[61.0408,34.7827],[61.1655,35.3607],[61.1913,35.4314],[61.2869,35.6152],[61.3469,35.6704],[61.4303,35.7079],[61.4713,35.7538],[61.5535,36.1236],[61.5472,36.142],[61.52,36.142],[61.5038,36.1522],[61.4849,36.1973],[61.5189,36.6311],[61.4952,36.6856],[60.9681,37.1501],[60.9396,37.1957],[60.9456,37.2336],[60.9281,37.268],[60.7901,37.4155],[60.7681,37.4764],[60.7762,37.5436],[60.7528,37.5807],[60.6791,37.6167],[60.6529,37.6669],[60.7122,37.923],[60.6908,37.9693],[60.5492,38.0601],[60.5215,38.1143],[60.5339,38.1867],[60.5171,38.239],[60.384,38.3792],[60.3612,38.4502],[60.4033,38.6356],[60.3946,38.697],[60.3223,38.8285],[60.3106,38.9094],[60.3843,39.2287],[60.4257,39.2954],[60.6676,39.4981],[60.7219,39.526],[60.827,39.54],[62.4534,40.0346],[62.5462,40.0409],[62.8382,39.9948],[62.9229,39.993],[63.9726,40.1127],[64.0506,40.1359],[64.3444,40.2868],[64.4265,40.3164],[65.1892,40.4871],[65.2313,40.5224],[65.245,40.5815],[65.2763,40.6216],[65.3243,40.628],[65.3395,40.6386],[65.3547,40.6772],[65.3797,40.6947],[65.43,40.698],[65.4436,40.6917],[65.4586,40.6742],[65.4564,40.6369],[65.4742,40.628],[65.5466,40.628],[65.6088,40.6527],[65.7625,40.7983],[65.82,40.828],[65.8714,40.8239],[65.8837,40.7693],[65.5899,39.9979],[65.5298,39.9355],[65.339,39.8437],[65.2967,39.7961],[65.2282,39.5453],[65.2334,39.528],[65.2716,39.5238],[65.2826,39.4691],[65.1024,39.0314],[65.1037,39.018],[65.1335,39.0142],[65.1492,38.9693],[65.1068,38.7762],[65.1129,38.758],[65.1536,38.7517],[65.1723,38.7176],[65.1523,38.6313],[64.7839,36.1979],[64.7921,36.178]]]},"properties":{"id":"territory:Indo-Scythians:-126","name":"인도스키타이","name_en":"Indo-Scythians","actor":"기타중립","valid_from":-126,"valid_to":-110,"span_from":-144,"span_to":282,"color":"#A99D60","wikidata":"Q240123","area":461271,"src":"cliopatria","confidence":"medium","finish":"chaikin1cap4km+grow2km+islands+s600m","islands":0}},{"type":"Feature","geometry":{"type":"Point","coordinates":[63.646,35.172]},"properties":{"id":"territory:Indo-Scythians:-126:label","name":"인도스키타이","name_en":"Indo-Scythians","actor":"기타중립","valid_from":-126,"valid_to":-110,"span_from":-144,"span_to":282,"color":"#A99D60","wikidata":"Q240123","area":461271,"src":"cliopatria","confidence":"medium"}},{"type":"Feature","geometry":{"type":"Polygon","coordinates":[[[73.8491,40.2662],[73.8797,40.195],[73.8858,40.0745],[73.9167,40.048],[73.99,40.048],[74.0053,40.0395],[74.0254,40.0071],[74.0254,39.9882],[73.9079,39.7973],[73.9079,39.788],[73.941,39.7842],[73.9564,39.7298],[73.8979,39.5396],[73.8401,39.4828],[73.7414,39.4482],[73.6947,39.4052],[73.6597,39.2943],[73.6732,39.2397],[73.7408,39.1624],[73.7512,39.0888],[73.5195,38.573],[73.4707,38.5099],[72.7035,37.8536],[72.653,37.7971],[72.4362,37.4719],[72.3782,37.4137],[71.8763,37.0699],[71.8272,37.0164],[71.6935,36.7647],[71.6451,36.7014],[71.2939,36.367],[71.2667,36.3098],[71.2592,36.0692],[71.2828,36.0112],[71.6555,35.6211],[71.6826,35.5503],[71.6229,35.0396],[71.6503,34.9925],[71.9115,34.8465],[71.9336,34.7839],[71.9304,34.7683],[71.5289,34.2508],[71.5048,34.2067],[71.4958,34.1654],[71.4325,34.1483],[71.0058,34.2057],[70.9328,34.1896],[70.8192,34.1119],[70.8018,34.0674],[70.8243,34.0089],[70.822,33.9919],[70.7908,33.9489],[70.6179,33.903],[70.5262,33.9019],[70.0256,34.0143],[69.949,34.0555],[69.7583,34.2463],[69.691,34.272],[66.8557,34.272],[66.7765,34.3024],[66.7054,34.3768],[66.6399,34.4159],[66.0778,34.5802],[66.0334,34.6314],[66.03,34.6465],[66.0435,34.7049],[66.022,34.7439],[65.959,34.7754],[65.8824,34.792],[65.661,34.7927],[65.5746,34.817],[65.4395,34.9006],[65.3665,34.9121],[65.1379,34.8621],[65.0614,34.8838],[64.8588,35.1483],[64.8308,35.2253],[64.8134,35.7289],[64.7998,35.752],[64.77,35.752],[64.7535,35.763],[64.737,35.8081],[65.1174,38.6367],[65.1351,38.7181],[65.0895,38.7254],[65.0711,38.7697],[65.1133,38.9644],[65.1087,38.982],[65.0754,38.9867],[65.0662,39.0324],[65.2473,39.4779],[65.2449,39.492],[65.2093,39.4956],[65.1922,39.5499],[65.2631,39.8096],[65.3212,39.875],[65.5104,39.9661],[65.5577,40.0143],[65.8539,40.788],[65.8871,40.8225],[65.9364,40.828],[65.9868,40.8489],[66.605,41.2521],[66.6957,41.278],[66.8408,41.278],[66.9064,41.3043],[66.97,41.3731],[67.0467,41.4208],[67.7677,41.6542],[67.8578,41.6537],[68.7822,41.3608],[68.88,41.348],[68.8992,41.3311],[68.8785,41.296],[68.8458,40.9777],[68.8698,40.9044],[69.2868,40.441],[69.3003,40.3857],[69.2651,40.2743],[69.2192,40.2255],[69.0271,40.1317],[68.9728,40.0728],[68.9528,40.0078],[68.9565,39.9907],[69.0026,39.9437],[69.2789,39.8914],[69.3552,39.8593],[69.5453,39.7204],[69.6325,39.6956],[70.5184,39.75],[70.6053,39.7792],[70.729,39.865],[70.7777,39.9299],[70.8142,40.0514],[70.8441,40.0629],[70.9016,40.0341],[70.9207,39.9959],[70.9028,39.9378],[70.9068,39.9203],[70.9368,39.8878],[71.0382,39.884],[71.1069,39.9214],[71.2002,40.0547],[71.2624,40.0908],[71.9169,40.2043],[72.007,40.2353],[72.9902,40.7732],[73.0365,40.8112],[73.0449,40.828],[73.0932,40.8222],[73.1272,40.7828],[73.1459,40.7218],[73.1897,40.676],[73.6488,40.455],[73.7203,40.4035],[73.8491,40.2662]]]},"properties":{"id":"territory:Yuezhi:-110","name":"월지","name_en":"Yuezhi","actor":"기타중립","valid_from":-110,"valid_to":-91,"span_from":-404,"span_to":42,"color":"#8760A9","wikidata":"Q467985","area":460804,"src":"cliopatria","confidence":"medium","finish":"chaikin1cap4km+grow2km+islands+s600m","islands":0}},{"type":"Feature","geometry":{"type":"Point","coordinates":[68.801,37.692]},"properties":{"id":"territory:Yuezhi:-110:label","name":"월지","name_en":"Yuezhi","actor":"기타중립","valid_from":-110,"valid_to":-91,"span_from":-404,"span_to":42,"color":"#8760A9","wikidata":"Q467985","area":460804,"src":"cliopatria","confidence":"medium"}},{"type":"Feature","geometry":{"type":"MultiPolygon","coordinates":[[[[19.4279,41.228],[19.4447,41.3019],[19.482,41.3626],[19.482,41.372],[19.4469,41.3777],[19.4441,41.423],[19.4908,41.502],[19.4588,41.5059],[19.4451,41.5606],[19.5085,41.7441],[19.4891,41.7839],[19.4105,41.8266],[19.393,41.8766],[19.3947,41.8919],[19.4347,41.9569],[19.5066,41.9784],[19.9958,41.7468],[20.0211,41.6786],[19.9644,41.5526],[19.978,41.5037],[20.1393,41.3704],[20.1445,41.3039],[20.1374,41.2901],[20.0381,41.2141],[20.0151,41.1622],[20.0612,40.9088],[20.0564,40.893],[20.0051,40.8463],[19.6249,40.7988],[19.588,40.766],[19.5854,40.5941],[19.5716,40.5495],[19.5169,40.5636],[19.4336,40.6358],[19.3726,40.644],[19.2837,40.6107],[19.2437,40.6257],[19.232,40.6425],[19.2356,40.7182],[19.2749,40.7711],[19.4479,40.8632],[19.4758,40.9094],[19.4279,41.228]]],[[[19.9263,39.7718],[19.938,39.755],[19.9304,39.6113],[19.9197,39.596],[19.8658,39.5783],[19.7908,39.6083],[19.7459,39.6614],[19.742,39.7375],[19.7487,39.7514],[19.8,39.788],[19.8863,39.7868],[19.9263,39.7718]]],[[[12.9915,43.8619],[13.0447,43.844],[13.0554,43.8261],[13.0511,43.7698],[13.0851,43.7382],[13.3165,43.6962],[13.3994,43.6596],[13.6495,43.4506],[13.696,43.3789],[13.7579,43.1237],[13.8005,43.0731],[13.9596,42.9869],[13.9905,42.923],[13.9343,42.7904],[13.9378,42.7329],[14.0544,42.5434],[14.1046,42.486],[14.3472,42.2826],[14.4132,42.258],[14.4986,42.2558],[14.5653,42.2169],[14.6017,42.1578],[14.6493,42.1439],[14.7237,42.1718],[14.7772,42.154],[14.788,42.1375],[14.788,42.0787],[14.8186,42.0399],[14.8864,42.0128],[14.9641,42.0091],[15.13,42.046],[15.1933,42.0245],[15.2356,41.9561],[15.2923,41.928],[16.0823,41.9246],[16.1279,41.8921],[16.1354,41.8761],[16.1246,41.7992],[16.0687,41.7512],[15.9258,41.7154],[15.8969,41.6798],[15.9489,41.4347],[15.9938,41.3922],[17.164,41.0296],[17.2435,40.9869],[17.488,40.7819],[17.5617,40.7444],[17.9397,40.6398],[18.0179,40.5972],[18.4281,40.1933],[18.4449,40.1193],[18.371,39.9192],[18.3019,39.882],[18.1581,39.882],[18.0739,39.9225],[17.8188,40.3136],[17.7579,40.342],[17.4592,40.3444],[17.3983,40.379],[17.3482,40.503],[17.2971,40.532],[17.0799,40.532],[16.9954,40.5153],[16.9224,40.4833],[16.9139,40.4695],[16.9479,40.4342],[16.9459,40.3873],[16.8895,40.3056],[16.8119,40.272],[16.6756,40.272],[16.6556,40.2517],[16.7021,40.1412],[16.6775,40.0716],[16.5112,39.9773],[16.4767,39.9282],[16.4693,39.6826],[16.5049,39.6435],[16.8832,39.5384],[16.9632,39.4964],[17.0504,39.4208],[17.0953,39.3484],[17.1473,39.0856],[17.1045,39.0262],[16.5533,38.8023],[16.5169,38.7575],[16.5089,38.4555],[16.4735,38.385],[15.9738,37.9727],[15.8819,37.942],[15.7481,37.942],[15.6775,37.9787],[15.6195,38.113],[15.5672,38.142],[15.4422,38.142],[15.3824,38.1134],[15.1066,37.6652],[15.087,37.6012],[15.079,37.2915],[15.109,37.2497],[15.1885,37.2131],[15.2146,37.1493],[15.0793,36.7687],[15.0108,36.7244],[14.7081,36.722],[14.6253,36.7523],[14.2976,37.0862],[14.2275,37.1208],[13.6196,37.2255],[13.5366,37.2632],[13.2121,37.5377],[13.1379,37.5714],[12.5334,37.6837],[12.472,37.7459],[12.4732,37.8705],[12.5019,37.942],[12.6189,38.0767],[12.6999,38.1005],[12.991,38.0557],[13.0479,38.0772],[13.0923,38.1437],[13.1681,38.178],[13.3019,38.178],[13.3916,38.1543],[13.6404,37.9997],[13.7205,37.978],[14.0111,37.978],[14.1043,37.9864],[15.8056,38.2983],[15.8523,38.3356],[15.9301,38.6484],[15.9923,38.6977],[16.2149,38.7463],[16.252,38.7834],[16.252,38.8898],[16.2241,38.946],[16.1396,39.0192],[16.092,39.0897],[15.8948,39.7261],[15.8501,39.7776],[15.6913,39.8725],[15.673,39.9267],[15.7078,39.9957],[15.6937,40.012],[15.4781,40.012],[15.3928,40.0403],[15.222,40.1871],[15.1567,40.212],[15.0699,40.2151],[15.0183,40.25],[14.8867,40.633],[14.837,40.662],[14.4574,40.6656],[14.4092,40.7015],[14.402,40.7159],[14.402,40.8251],[14.3659,40.852],[14.1481,40.852],[14.073,40.8869],[13.956,41.0837],[13.9053,41.112],[13.8214,41.1142],[13.7614,41.1467],[13.7172,41.214],[13.6569,41.2472],[13.0459,41.3074],[12.9541,41.339],[12.1559,41.8711],[12.1148,41.9329],[12.112,41.9996],[12.0752,42.0336],[11.8523,42.0823],[11.7802,42.1276],[11.6586,42.3217],[11.6116,42.3336],[11.5255,42.3001],[11.468,42.3151],[11.4241,42.3844],[11.3753,42.412],[11.2903,42.4149],[11.2365,42.4493],[11.1792,42.5835],[11.1347,42.612],[11.048,42.6166],[11.008,42.6526],[11.002,42.7785],[10.9687,42.8274],[10.5704,43.0431],[10.5163,43.1033],[10.3632,43.6287],[10.334,43.6942],[10.1384,44.0121],[10.0851,44.0282],[9.9398,43.9858],[9.9237,43.9889],[9.8923,44.0193],[9.9278,44.0857],[9.9137,44.102],[9.7781,44.102],[9.683,44.1265],[9.1912,44.4112],[9.1096,44.432],[8.6406,44.432],[8.5612,44.4098],[8.2393,44.2006],[8.208,44.1522],[8.208,44.0925],[8.1972,44.076],[8.1437,44.0582],[8.0637,44.0882],[8.0279,44.146],[8.0271,44.1611],[8.0779,44.2882],[8.0725,44.3467],[8.0324,44.4212],[8.0512,44.4904],[8.144,44.5658],[8.1823,44.6227],[8.3136,45.1391],[8.3571,45.2067],[8.5337,45.3548],[8.562,45.4071],[8.5663,45.4791],[8.6086,45.5288],[8.851,45.6295],[8.9481,45.648],[10.4819,45.648],[10.5791,45.63],[10.8224,45.5341],[10.9098,45.518],[11.4609,45.518],[11.553,45.5282],[12.0282,45.6366],[12.1036,45.6715],[12.6999,46.1404],[12.7839,46.1757],[13.1094,46.2288],[13.1851,46.1965],[13.3857,45.862],[13.3839,45.841],[13.3555,45.8082],[13.3419,45.802],[13.1927,45.802],[13.1397,45.773],[13.091,45.6573],[13.0208,45.6246],[12.865,45.6602],[12.7938,45.6474],[12.6945,45.5714],[12.609,45.5374],[12.2152,45.4887],[12.178,45.4559],[12.178,45.2115],[12.2113,45.1626],[12.3696,45.0769],[12.418,45.0041],[12.418,44.8159],[12.3957,44.7713],[12.38,44.762],[12.26,44.762],[12.2137,44.7782],[12.1817,44.8013],[12.1769,44.7964],[12.169,44.4882],[12.1867,44.4246],[12.3042,44.2337],[12.3569,44.1792],[12.8414,43.8418],[12.9105,43.8333],[12.9915,43.8619]]],[[[17.2098,42.925],[17.2022,42.9112],[17.1409,42.872],[16.8391,42.872],[16.7822,42.9078],[16.7746,42.9239],[16.786,43.0013],[16.8443,43.0466],[17.0701,43.0889],[17.18,43.098],[17.196,43.0881],[17.2161,43.0431],[17.2098,42.925]]],[[[14.3443,36.0387],[14.36,36.048],[14.4,36.048],[14.4642,36.0317],[14.547,35.9957],[14.588,35.9341],[14.588,35.8059],[14.5788,35.7903],[14.5232,35.7655],[14.3679,35.8157],[14.322,35.8759],[14.3243,36.0028],[14.3443,36.0387]]],[[[10.478,42.7259],[10.4706,42.7114],[10.411,42.672],[10.259,42.672],[10.1795,42.7178],[10.1261,42.8587],[10.1323,42.8932],[10.15,42.908],[10.411,42.908],[10.4706,42.8686],[10.478,42.8541],[10.478,42.7259]]],[[[9.7634,39.678],[9.7465,39.6328],[9.73,39.622],[9.6992,39.622],[9.6815,39.5973],[9.6133,39.1629],[9.6045,39.1501],[9.5414,39.1181],[9.169,39.1656],[9.1176,39.1425],[9.0021,38.8962],[8.9231,38.852],[8.7769,38.852],[8.6842,38.8666],[8.3681,38.9756],[8.3321,39.0399],[8.3818,39.2246],[8.3766,39.242],[8.35,39.242],[8.3343,39.2513],[8.3143,39.2872],[8.312,39.4741],[8.3343,39.5187],[8.35,39.528],[8.381,39.528],[8.3994,39.5529],[8.4547,39.8607],[8.4278,39.9032],[8.3445,39.9434],[8.3134,39.9962],[8.3725,40.2541],[8.3668,40.272],[8.34,40.272],[8.3243,40.2813],[8.3043,40.3172],[8.302,40.4381],[8.2685,40.4829],[8.1857,40.5216],[8.1411,40.5855],[8.133,40.9036],[8.1414,40.9193],[8.1988,40.9497],[8.5037,40.8963],[8.5736,40.9129],[8.9767,41.2474],[9.04,41.278],[9.1487,41.2709],[9.4628,41.2225],[9.5368,41.1785],[9.8127,40.782],[9.8371,40.7096],[9.838,40.3959],[9.7972,40.3322],[9.7199,40.2935],[9.693,40.2501],[9.7634,39.678]]],[[[9.5758,41.9714],[9.56,41.962],[9.5306,41.962],[9.518,41.9394],[9.518,41.8159],[9.4971,41.7422],[9.2954,41.4133],[9.2312,41.3609],[9.1463,41.3282],[9.053,41.337],[8.8087,41.4821],[8.762,41.5559],[8.762,41.6761],[8.7331,41.702],[8.66,41.702],[8.62,41.7436],[8.6179,41.7613],[8.667,41.878],[8.6583,41.9334],[8.5507,42.0679],[8.5223,42.1395],[8.515,42.4723],[8.552,42.5403],[8.7298,42.6803],[8.8141,42.716],[9.1155,42.7687],[9.1653,42.8059],[9.222,42.9902],[9.2565,43.0319],[9.27,43.038],[9.462,43.0334],[9.508,42.9841],[9.508,42.8006],[9.5206,42.778],[9.55,42.778],[9.5656,42.7689],[9.5884,42.7243],[9.5953,42.0073],[9.5758,41.9714]]],[[[2.8528,42.1034],[2.9173,42.0048],[2.9677,41.8199],[2.9285,41.7447],[2.6133,41.5916],[2.5235,41.572],[2.3801,41.572],[2.3155,41.545],[2.1492,41.3485],[2.0726,41.3072],[1.2896,41.1893],[1.2071,41.1642],[0.7515,40.9449],[0.7196,40.8988],[0.7266,40.7166],[0.6876,40.6492],[0.2992,40.4272],[0.2569,40.3763],[0.2068,40.1905],[0.1521,40.1304],[-0.08,40.0315],[-0.1386,39.9858],[-0.3117,39.734],[-0.3294,39.6722],[-0.2948,39.1707],[-0.266,39.1129],[0.0831,38.7809],[0.0884,38.7652],[0.0808,38.7154],[0.0722,38.7027],[-0.612,38.2976],[-0.6633,38.246],[-0.7647,38.0576],[-0.7727,37.9959],[-0.6916,37.6797],[-0.6952,37.6638],[-0.7314,37.6201],[-1.6534,37.4424],[-1.6668,37.4192],[-1.6272,37.3619],[-1.6277,37.3407],[-1.6665,37.302],[-1.8087,37.302],[-1.8588,37.2732],[-2.03,36.828],[-2.098,36.7905],[-2.4833,36.8449],[-2.5524,36.8269],[-2.6373,36.7532],[-2.7265,36.722],[-4.4205,36.722],[-4.4919,36.6974],[-4.6472,36.5632],[-4.7288,36.5275],[-5.177,36.4687],[-5.2221,36.4343],[-5.2643,36.2513],[-5.315,36.1885],[-5.6239,36.0321],[-5.6998,36.0476],[-5.8142,36.1754],[-5.88,36.202],[-6.022,36.2042],[-6.0922,36.246],[-6.4279,36.9537],[-6.475,36.982],[-6.55,36.982],[-6.6253,37.0118],[-6.8215,37.2061],[-6.8898,37.232],[-7.4235,37.232],[-7.4979,37.2663],[-7.547,37.3416],[-7.572,37.4137],[-7.5937,37.6022],[-7.5656,37.6739],[-7.3245,37.8852],[-7.2853,37.9428],[-7.2482,38.0605],[-7.1921,38.1201],[-6.0598,38.6082],[-5.9999,38.6539],[-5.902,38.7843],[-5.8279,38.8258],[-5.5316,38.879],[-5.4692,38.9149],[-5.3775,39.0394],[-5.3003,39.0701],[-4.983,39.0246],[-4.9092,38.9839],[-4.8608,38.9172],[-4.8135,38.9039],[-4.7442,38.9317],[-4.6903,38.914],[-4.6796,38.8989],[-4.675,38.8393],[-4.6395,38.7944],[-4.2325,38.5867],[-4.151,38.5662],[-2.289,38.4997],[-2.2181,38.5228],[-1.9786,38.7295],[-1.8983,38.7664],[-1.6821,38.8082],[-1.6258,38.8456],[-1.4548,39.1632],[-1.44,39.2275],[-1.4442,39.3522],[-1.426,39.3881],[-1.41,39.398],[-1.3838,39.398],[-1.3793,39.4147],[-1.4566,39.6698],[-1.4287,39.739],[-1.2704,39.8322],[-1.2401,39.8806],[-1.2434,40.0036],[-1.2013,40.0669],[-1.0487,40.1531],[-1.0003,40.2041],[-0.8914,40.4532],[-0.8434,40.5176],[-0.4555,40.8543],[-0.4308,40.9059],[-0.4308,40.9796],[-0.3898,41.0248],[-0.2317,41.0736],[-0.1761,41.1152],[-0.0757,41.3016],[-0.0738,41.3601],[-0.3096,41.8665],[-0.3556,41.9223],[-0.8033,42.2673],[-0.8323,42.3384],[-0.7832,42.6571],[-0.7191,42.7173],[-0.4886,42.7678],[-0.3968,42.7625],[0.4217,42.4632],[0.5032,42.4582],[0.7309,42.507],[0.7975,42.4854],[0.8504,42.4154],[0.9116,42.3817],[1.3763,42.3236],[1.4629,42.2956],[1.7204,42.1478],[1.7733,42.128],[1.8177,42.1262],[1.8708,42.1009],[1.9757,42.0212],[2.0503,41.9932],[2.6694,41.933],[2.6988,41.9518],[2.6981,42.0183],[2.7356,42.0683],[2.836,42.1094],[2.8528,42.1034]]]]},"properties":{"id":"territory:Roman Republic:-188","name":"로마 공화정","name_en":"Roman Republic","actor":"로마","valid_from":-188,"valid_to":-170,"span_from":-500,"span_to":-32,"wikidata":"Q175881","area":417626,"src":"cliopatria","confidence":"medium","finish":"chaikin1cap4km+grow2km+islands+s600m","islands":0}},{"type":"Feature","geometry":{"type":"Point","coordinates":[13.059,42.228]},"properties":{"id":"territory:Roman Republic:-188:label","name":"로마 공화정","name_en":"Roman Republic","actor":"로마","valid_from":-188,"valid_to":-170,"span_from":-500,"span_to":-32,"wikidata":"Q175881","area":417626,"src":"cliopatria","confidence":"medium"}},{"type":"Feature","geometry":{"type":"MultiPolygon","coordinates":[[[[19.4279,41.228],[19.4447,41.3019],[19.482,41.3626],[19.482,41.372],[19.4469,41.3777],[19.4441,41.423],[19.4908,41.502],[19.4588,41.5059],[19.4451,41.5606],[19.5085,41.7441],[19.4891,41.7839],[19.4105,41.8266],[19.393,41.8766],[19.3947,41.8919],[19.4347,41.9569],[19.5066,41.9784],[19.9958,41.7468],[20.0211,41.6786],[19.9644,41.5526],[19.978,41.5037],[20.1393,41.3704],[20.1445,41.3039],[20.1374,41.2901],[20.0381,41.2141],[20.0151,41.1622],[20.0612,40.9088],[20.0564,40.893],[20.0051,40.8463],[19.6249,40.7988],[19.588,40.766],[19.5854,40.5941],[19.5716,40.5495],[19.5169,40.5636],[19.4336,40.6358],[19.3726,40.644],[19.2837,40.6107],[19.2437,40.6257],[19.232,40.6425],[19.2356,40.7182],[19.2749,40.7711],[19.4479,40.8632],[19.4758,40.9094],[19.4279,41.228]]],[[[19.9263,39.7718],[19.938,39.755],[19.9304,39.6113],[19.9197,39.596],[19.8658,39.5783],[19.7908,39.6083],[19.7459,39.6614],[19.742,39.7375],[19.7487,39.7514],[19.8,39.788],[19.8863,39.7868],[19.9263,39.7718]]],[[[12.9915,43.8619],[13.0447,43.844],[13.0554,43.8261],[13.0511,43.7698],[13.0851,43.7382],[13.3165,43.6962],[13.3993,43.6596],[13.6496,43.4506],[13.696,43.3789],[13.7579,43.1237],[13.8005,43.0731],[13.9596,42.9869],[13.9905,42.923],[13.9343,42.7904],[13.9377,42.7329],[14.0544,42.5433],[14.1046,42.4861],[14.3472,42.2826],[14.4132,42.258],[14.4986,42.2558],[14.5653,42.2169],[14.6017,42.1578],[14.6493,42.1439],[14.7237,42.1718],[14.7772,42.154],[14.788,42.1375],[14.788,42.0787],[14.8186,42.0399],[14.8864,42.0128],[14.9641,42.0091],[15.13,42.046],[15.1933,42.0245],[15.2356,41.9561],[15.2923,41.928],[16.0824,41.9246],[16.1279,41.8921],[16.1354,41.8761],[16.1246,41.7992],[16.0688,41.7512],[15.9258,41.7154],[15.8969,41.6798],[15.9489,41.4347],[15.9937,41.3922],[17.164,41.0296],[17.2435,40.9869],[17.488,40.7819],[17.5616,40.7444],[17.9397,40.6398],[18.0179,40.5972],[18.4282,40.1932],[18.4449,40.1193],[18.371,39.9192],[18.3019,39.882],[18.1581,39.882],[18.0739,39.9225],[17.8188,40.3136],[17.7579,40.342],[17.4592,40.3444],[17.3983,40.379],[17.3482,40.503],[17.2972,40.532],[17.0798,40.532],[16.9954,40.5153],[16.9224,40.4833],[16.9139,40.4695],[16.9479,40.4342],[16.9459,40.3873],[16.8895,40.3056],[16.8119,40.272],[16.6756,40.272],[16.6556,40.2517],[16.7021,40.1412],[16.6775,40.0716],[16.5112,39.9773],[16.4767,39.9282],[16.4693,39.6826],[16.5049,39.6435],[16.8832,39.5384],[16.9632,39.4964],[17.0504,39.4208],[17.0953,39.3484],[17.1473,39.0856],[17.1045,39.0262],[16.5533,38.8022],[16.5169,38.7575],[16.5089,38.4555],[16.4735,38.385],[15.9738,37.9727],[15.8819,37.942],[15.7481,37.942],[15.6775,37.9787],[15.6195,38.113],[15.5673,38.142],[15.4422,38.142],[15.3824,38.1134],[15.1066,37.6652],[15.087,37.6012],[15.079,37.2915],[15.109,37.2497],[15.1885,37.2131],[15.2146,37.1493],[15.0793,36.7687],[15.0109,36.7244],[14.7081,36.722],[14.6253,36.7523],[14.2976,37.0862],[14.2275,37.1208],[13.6196,37.2255],[13.5366,37.2632],[13.2121,37.5377],[13.1379,37.5714],[12.5334,37.6837],[12.472,37.7459],[12.4732,37.8705],[12.5019,37.942],[12.6189,38.0767],[12.6998,38.1005],[12.991,38.0557],[13.0479,38.0771],[13.0923,38.1437],[13.1681,38.178],[13.3019,38.178],[13.3916,38.1543],[13.6404,37.9997],[13.7205,37.978],[14.0111,37.978],[14.1043,37.9864],[15.8056,38.2983],[15.8523,38.3356],[15.9301,38.6484],[15.9923,38.6976],[16.2149,38.7463],[16.252,38.7834],[16.252,38.8898],[16.2241,38.946],[16.1396,39.0192],[16.092,39.0897],[15.8948,39.7261],[15.8501,39.7776],[15.6913,39.8726],[15.6747,39.9419],[15.7078,39.9957],[15.6937,40.012],[15.4781,40.012],[15.3928,40.0403],[15.222,40.1871],[15.1567,40.212],[15.0699,40.2151],[15.0183,40.25],[14.8867,40.633],[14.8371,40.662],[14.4573,40.6656],[14.4092,40.7015],[14.402,40.7159],[14.402,40.8251],[14.366,40.852],[14.1481,40.852],[14.073,40.8869],[13.9559,41.0837],[13.9053,41.112],[13.8214,41.1142],[13.7614,41.1467],[13.7172,41.214],[13.6569,41.2472],[13.0459,41.3074],[12.9542,41.339],[12.1559,41.8711],[12.1148,41.9329],[12.112,41.9996],[12.0753,42.0336],[11.8523,42.0824],[11.7802,42.1275],[11.6586,42.3217],[11.6116,42.3336],[11.5255,42.3001],[11.468,42.3151],[11.4241,42.3844],[11.3753,42.412],[11.2903,42.4149],[11.2365,42.4493],[11.1792,42.5835],[11.1347,42.612],[11.048,42.6166],[11.008,42.6526],[11.002,42.7785],[10.9687,42.8274],[10.5704,43.0431],[10.5163,43.1033],[10.3634,43.628],[10.3295,43.6902],[10.2219,43.818],[10.1932,43.8895],[10.192,44.0241],[10.2359,44.0861],[10.3193,44.1202],[10.352,44.1591],[10.352,44.2175],[10.3591,44.2318],[10.4016,44.2643],[10.4911,44.268],[10.522,44.2935],[10.526,44.3662],[10.5737,44.4218],[10.6477,44.4496],[10.6697,44.4873],[10.6146,44.6664],[10.5713,44.7196],[10.2389,44.9304],[10.1586,44.9571],[8.9511,45.0785],[8.8662,45.1126],[8.601,45.3296],[8.562,45.4025],[8.5663,45.4791],[8.6155,45.5338],[8.851,45.6295],[8.9481,45.648],[10.4819,45.648],[10.5791,45.63],[10.8224,45.5341],[10.9097,45.518],[11.4609,45.518],[11.553,45.5282],[12.0282,45.6366],[12.1036,45.6715],[12.6958,46.138],[12.7798,46.1745],[13.1001,46.2297],[13.1759,46.204],[13.3857,45.862],[13.3839,45.841],[13.3555,45.8082],[13.3419,45.802],[13.1927,45.802],[13.1397,45.773],[13.091,45.6573],[13.0208,45.6246],[12.865,45.6602],[12.7939,45.6474],[12.6945,45.5714],[12.6091,45.5374],[12.2151,45.4887],[12.178,45.4559],[12.178,45.2115],[12.2113,45.1626],[12.3696,45.0769],[12.418,45.0041],[12.418,44.8159],[12.3957,44.7713],[12.38,44.762],[12.26,44.762],[12.2137,44.7782],[12.1817,44.8013],[12.1769,44.7964],[12.169,44.4882],[12.1867,44.4246],[12.3042,44.2337],[12.3569,44.1793],[12.8414,43.8418],[12.9105,43.8333],[12.9915,43.8619]]],[[[17.2098,42.925],[17.2022,42.9112],[17.1409,42.872],[16.8391,42.872],[16.7822,42.9078],[16.7746,42.9239],[16.786,43.0013],[16.8443,43.0466],[17.0701,43.0889],[17.18,43.098],[17.196,43.0881],[17.2161,43.0431],[17.2098,42.925]]],[[[14.3443,36.0387],[14.36,36.048],[14.4,36.048],[14.4642,36.0317],[14.547,35.9957],[14.588,35.9341],[14.588,35.8059],[14.5788,35.7903],[14.5232,35.7655],[14.3679,35.8157],[14.322,35.8759],[14.3243,36.0028],[14.3443,36.0387]]],[[[10.478,42.7259],[10.4706,42.7114],[10.411,42.672],[10.259,42.672],[10.1795,42.7178],[10.1261,42.8587],[10.1323,42.8932],[10.15,42.908],[10.411,42.908],[10.4706,42.8686],[10.478,42.8541],[10.478,42.7259]]],[[[9.7634,39.678],[9.7465,39.6328],[9.73,39.622],[9.6992,39.622],[9.6815,39.5973],[9.6133,39.1629],[9.6045,39.1501],[9.5414,39.1181],[9.169,39.1656],[9.1176,39.1425],[9.0021,38.8962],[8.9231,38.852],[8.7769,38.852],[8.6842,38.8666],[8.3681,38.9756],[8.3321,39.0399],[8.3818,39.2246],[8.3766,39.242],[8.35,39.242],[8.3343,39.2513],[8.3143,39.2872],[8.312,39.4741],[8.3343,39.5187],[8.35,39.528],[8.381,39.528],[8.3994,39.5529],[8.4547,39.8607],[8.4278,39.9032],[8.3445,39.9434],[8.3134,39.9962],[8.3725,40.2541],[8.3668,40.272],[8.34,40.272],[8.3243,40.2813],[8.3043,40.3172],[8.302,40.4381],[8.2685,40.4829],[8.1857,40.5216],[8.1411,40.5855],[8.133,40.9036],[8.1414,40.9193],[8.1988,40.9497],[8.5037,40.8963],[8.5736,40.9129],[8.9767,41.2474],[9.04,41.278],[9.1487,41.2709],[9.4628,41.2225],[9.5368,41.1785],[9.8127,40.782],[9.8371,40.7096],[9.838,40.3959],[9.7972,40.3322],[9.7199,40.2935],[9.693,40.2501],[9.7634,39.678]]],[[[9.5758,41.9714],[9.56,41.962],[9.5306,41.962],[9.518,41.9394],[9.518,41.8159],[9.4971,41.7422],[9.2954,41.4133],[9.2312,41.3609],[9.1463,41.3282],[9.053,41.337],[8.8087,41.4821],[8.762,41.5559],[8.762,41.6761],[8.7331,41.702],[8.66,41.702],[8.62,41.7436],[8.6179,41.7613],[8.667,41.878],[8.6583,41.9334],[8.5507,42.0679],[8.5223,42.1395],[8.515,42.4723],[8.552,42.5403],[8.7298,42.6803],[8.8141,42.716],[9.1155,42.7687],[9.1653,42.8059],[9.222,42.9902],[9.2565,43.0319],[9.27,43.038],[9.462,43.0334],[9.508,42.9841],[9.508,42.8006],[9.5206,42.778],[9.55,42.778],[9.5656,42.7689],[9.5884,42.7243],[9.5953,42.0073],[9.5758,41.9714]]],[[[0.7515,40.9448],[0.7196,40.8988],[0.7266,40.7166],[0.6877,40.6492],[0.2992,40.4272],[0.2569,40.3764],[0.2024,40.1827],[0.1461,40.1263],[-0.08,40.0315],[-0.1386,39.9858],[-0.3117,39.734],[-0.3294,39.6722],[-0.2948,39.1707],[-0.266,39.113],[0.0831,38.7809],[0.0885,38.7652],[0.0809,38.7155],[0.0723,38.7027],[-0.612,38.2975],[-0.6633,38.246],[-0.7647,38.0576],[-0.7727,37.9959],[-0.6916,37.6797],[-0.6952,37.6638],[-0.7418,37.6139],[-1.6535,37.4424],[-1.6668,37.4192],[-1.6272,37.3619],[-1.6277,37.3407],[-1.6664,37.302],[-1.8088,37.302],[-1.8588,37.2732],[-2.03,36.828],[-2.0979,36.7905],[-2.4834,36.8449],[-2.5523,36.8269],[-2.6373,36.7532],[-2.7264,36.722],[-4.4206,36.722],[-4.4918,36.6974],[-4.6473,36.5632],[-4.7287,36.5275],[-5.1771,36.4687],[-5.2221,36.4343],[-5.2643,36.2513],[-5.315,36.1885],[-5.624,36.0321],[-5.6998,36.0476],[-5.8142,36.1754],[-5.8799,36.202],[-6.0221,36.2042],[-6.0922,36.246],[-6.4279,36.9537],[-6.475,36.982],[-6.55,36.982],[-6.6253,37.0118],[-6.8216,37.2062],[-6.8897,37.232],[-7.4236,37.232],[-7.4979,37.2663],[-7.547,37.3416],[-7.572,37.4137],[-7.5937,37.6022],[-7.5656,37.6739],[-7.3245,37.8852],[-7.2853,37.9428],[-7.2482,38.0605],[-7.1922,38.12],[-6.0597,38.6082],[-6.0,38.6539],[-5.902,38.7844],[-5.828,38.8258],[-5.5315,38.879],[-5.4692,38.9149],[-5.3775,39.0394],[-5.3005,39.0701],[-4.9829,39.0246],[-4.9092,38.9839],[-4.8608,38.9172],[-4.8135,38.9039],[-4.7442,38.9317],[-4.6903,38.914],[-4.6796,38.8989],[-4.675,38.8393],[-4.6396,38.7944],[-4.2324,38.5867],[-4.1511,38.5662],[-2.2889,38.4997],[-2.2181,38.5228],[-1.9785,38.7295],[-1.8984,38.7664],[-1.682,38.8082],[-1.6258,38.8456],[-1.4548,39.1632],[-1.44,39.2275],[-1.4442,39.3522],[-1.426,39.3881],[-1.41,39.398],[-1.3838,39.398],[-1.3793,39.4147],[-1.4566,39.6698],[-1.4287,39.7389],[-1.2703,39.8322],[-1.2401,39.8806],[-1.2434,40.0036],[-1.2078,40.0607],[-1.0501,40.1523],[-1.0209,40.1972],[-1.024,40.2647],[-0.9935,40.331],[-0.454,40.8524],[-0.4308,40.9056],[-0.4308,40.9796],[-0.3816,41.0299],[-0.2322,41.0735],[-0.1839,41.1152],[-0.0762,41.4356],[-0.0297,41.5001],[0.1345,41.6357],[0.1688,41.692],[0.2763,42.3373],[0.3389,42.3994],[0.7314,42.5051],[0.7971,42.4855],[0.8504,42.4154],[0.9115,42.3817],[1.3764,42.3236],[1.4632,42.2963],[1.9692,42.0175],[2.0495,41.9932],[2.6695,41.933],[2.6988,41.9518],[2.6981,42.0183],[2.7356,42.0683],[2.8363,42.1093],[2.8531,42.103],[2.888,42.0497],[2.888,42.0176],[2.9,41.998],[2.9218,41.998],[2.9593,41.9405],[2.9157,41.7513],[2.8573,41.6961],[2.3811,41.5834],[2.3163,41.546],[2.1491,41.3485],[2.0727,41.3072],[1.2895,41.1892],[1.2071,41.1642],[0.7515,40.9448]]]]},"properties":{"id":"territory:Roman Republic:-197","name":"로마 공화정","name_en":"Roman Republic","actor":"로마","valid_from":-197,"valid_to":-188,"span_from":-500,"span_to":-32,"wikidata":"Q175881","area":392399,"src":"cliopatria","confidence":"medium","finish":"chaikin1cap4km+grow2km+islands+s600m","islands":0}},{"type":"Feature","geometry":{"type":"Point","coordinates":[13.423,41.989]},"properties":{"id":"territory:Roman Republic:-197:label","name":"로마 공화정","name_en":"Roman Republic","actor":"로마","valid_from":-197,"valid_to":-188,"span_from":-500,"span_to":-32,"wikidata":"Q175881","area":392399,"src":"cliopatria","confidence":"medium"}},{"type":"Feature","geometry":{"type":"Polygon","coordinates":[[[33.8492,21.9708],[33.7768,21.6653],[33.7814,21.648],[33.8171,21.6405],[33.8453,21.5987],[34.2693,19.6811],[34.2984,19.6211],[34.4609,19.4199],[34.4959,19.3537],[34.6067,18.9716],[34.6391,18.9126],[34.8719,18.6456],[34.9043,18.5779],[34.9503,18.3327],[34.985,18.2855],[35.2759,18.124],[35.3279,18.0691],[35.5006,17.6829],[35.5434,17.6335],[35.9837,17.3497],[36.0214,17.286],[36.0631,16.8389],[36.0331,16.7723],[35.71,16.5002],[35.6379,16.4731],[34.7528,16.472],[34.7049,16.4452],[34.5955,16.2557],[34.5876,16.1963],[34.6881,15.8195],[34.6839,15.8026],[34.6553,15.7717],[34.6402,15.7661],[34.141,15.8177],[34.0929,15.7951],[33.8947,15.4813],[33.8261,15.4351],[32.5708,15.1897],[32.52,15.2176],[32.512,15.2325],[32.512,15.29],[32.4838,15.3182],[32.1221,15.3678],[32.0484,15.3925],[31.7501,15.5591],[31.6972,15.6138],[31.531,15.9294],[31.5134,16.0066],[31.5205,16.1906],[31.4971,16.2434],[31.4063,16.3221],[31.3849,16.3893],[31.4494,16.5779],[31.4418,16.6333],[31.3463,16.7697],[31.3182,16.839],[31.2079,17.598],[31.1926,17.622],[31.152,17.6309],[31.1285,17.674],[30.8661,20.298],[30.8503,20.322],[30.82,20.322],[30.804,20.3318],[30.7856,20.3677],[30.8002,20.7501],[30.789,20.772],[30.76,20.772],[30.7441,20.7817],[30.7234,20.8266],[30.7405,21.2706],[30.7309,21.292],[30.6919,21.3011],[30.6693,21.3444],[30.6252,21.9083],[30.6101,21.932],[30.568,21.9366],[30.5584,21.9805],[30.6868,22.2438],[30.7033,22.3085],[30.7207,22.8126],[30.7075,22.8772],[30.5291,23.2595],[30.5151,23.3103],[30.5188,23.342],[30.5828,23.3558],[31.6366,23.7195],[31.7084,23.7256],[31.9982,23.6786],[32.0809,23.6756],[33.3499,23.7884],[33.4213,23.7776],[33.6372,23.6883],[33.698,23.6723],[33.698,23.6427],[33.7211,23.6064],[33.8051,23.5284],[33.8354,23.4611],[33.8292,23.2096],[33.8391,23.188],[33.8625,23.188],[33.8789,23.1774],[33.8966,23.1334],[33.858,22.0947],[33.8308,22.0656],[33.8078,22.062],[33.8375,22.0314],[33.8492,21.9708]]]},"properties":{"id":"territory:Kingdom of Kush:-630","name":"쿠시 왕국","name_en":"Kingdom of Kush","actor":"기타중립","valid_from":-630,"valid_to":338,"span_from":-1000,"span_to":346,"color":"#A97A60","wikidata":"Q241790","area":336379,"src":"cliopatria","confidence":"medium","finish":"chaikin1cap4km+grow2km+islands+s600m","islands":0}},{"type":"Feature","geometry":{"type":"Point","coordinates":[32.814,19.399]},"properties":{"id":"territory:Kingdom of Kush:-630:label","name":"쿠시 왕국","name_en":"Kingdom of Kush","actor":"기타중립","valid_from":-630,"valid_to":338,"span_from":-1000,"span_to":346,"color":"#A97A60","wikidata":"Q241790","area":336379,"src":"cliopatria","confidence":"medium"}},{"type":"Feature","geometry":{"type":"MultiPolygon","coordinates":[[[[1.2523,34.5794],[0.7208,34.4147],[0.634,34.4152],[0.4898,34.4591],[0.4281,34.4473],[0.3418,34.3724],[0.2565,34.342],[-1.1914,34.342],[-1.2372,34.3136],[-1.281,34.1886],[-1.291,34.1779],[-1.356,34.1552],[-1.4988,34.1987],[-1.545,34.1828],[-1.5767,34.124],[-1.5923,34.1145],[-1.6295,34.1141],[-1.645,34.1226],[-1.6827,34.1838],[-1.7361,34.2073],[-2.44,34.142],[-2.4662,34.1498],[-2.4666,34.172],[-2.4888,34.195],[-2.7995,34.3543],[-2.8197,34.3962],[-2.7854,34.5242],[-2.8141,34.5738],[-2.8995,34.6102],[-2.9337,34.6526],[-2.9404,34.8289],[-2.9104,34.8733],[-2.8399,34.9062],[-2.7844,34.9619],[-2.7358,35.0894],[-2.7427,35.1342],[-2.7225,35.148],[-1.708,35.148],[-1.6557,35.1758],[-1.6159,35.2434],[-1.555,35.2759],[-1.4066,35.278],[-1.3391,35.3018],[-1.186,35.434],[-1.1732,35.4826],[-1.2231,35.6104],[-1.1939,35.6389],[-1.1758,35.6417],[-1.1055,35.6135],[-1.0479,35.6229],[-0.9618,35.6976],[-0.8765,35.728],[-0.578,35.728],[-0.5257,35.7558],[-0.4859,35.8234],[-0.4165,35.858],[0.0327,35.858],[0.0924,35.8847],[0.3469,36.2053],[0.4178,36.2473],[0.629,36.2966],[0.662,36.3299],[0.662,36.3875],[0.6721,36.4036],[0.726,36.4248],[0.8707,36.3807],[0.938,36.3894],[1.1828,36.5456],[1.2659,36.5581],[1.4901,36.5074],[1.57,36.5074],[2.3341,36.6781],[2.4258,36.6794],[2.6472,36.6366],[2.7115,36.6524],[2.7982,36.7276],[2.8775,36.7569],[3.1842,36.758],[3.2591,36.7771],[3.4212,36.8674],[3.5057,36.8801],[3.8085,36.8257],[3.8868,36.8312],[4.194,36.9336],[4.2812,36.9437],[4.8235,36.8908],[4.9021,36.8583],[5.0773,36.7123],[5.1398,36.7009],[5.35,36.758],[5.4776,36.7563],[5.5151,36.7388],[5.5469,36.7085],[5.5676,36.7166],[5.6122,36.784],[5.6835,36.818],[6.0602,36.818],[6.0889,36.8406],[6.0873,36.9071],[6.1207,36.9599],[6.293,37.0576],[6.3758,37.0609],[6.766,36.9031],[6.8452,36.888],[7.1428,36.888],[7.2038,36.9143],[7.3114,37.0421],[7.3869,37.0689],[7.6274,37.0233],[7.6895,36.983],[7.7329,36.9158],[7.7878,36.888],[8.4734,36.888],[8.5408,36.9118],[8.6282,36.9876],[8.6817,37.0159],[8.73,37.018],[8.7792,36.9715],[8.9142,36.5774],[8.8829,36.5141],[8.7286,36.4269],[8.698,36.3788],[8.698,36.2592],[8.7206,36.1997],[8.832,36.0659],[8.858,35.9941],[8.858,35.8816],[8.8894,35.8368],[8.9684,35.7959],[8.9961,35.7434],[8.9486,35.5555],[8.9659,35.5049],[9.211,35.2994],[9.2569,35.2359],[9.3938,34.8528],[9.4336,34.7964],[9.9814,34.3295],[10.0144,34.2857],[10.018,34.254],[10.06,34.248],[10.077,34.2359],[10.0898,34.1908],[10.0364,33.9466],[10.0553,33.8944],[10.2193,33.7518],[10.2866,33.728],[10.5036,33.7265],[10.5786,33.6921],[10.6856,33.565],[10.7437,33.5463],[11.0463,33.5979],[11.1049,33.5582],[11.1689,33.2461],[11.2091,33.218],[11.4165,33.218],[11.5052,33.1972],[12.1984,32.8462],[12.272,32.836],[12.5643,32.8898],[12.5806,32.8845],[12.6082,32.8498],[12.5714,32.783],[12.5825,32.768],[12.7905,32.768],[12.822,32.7915],[12.827,32.8599],[12.8685,32.9032],[13.024,32.9466],[13.1112,32.9578],[13.2625,32.9569],[13.3418,32.9276],[13.4284,32.8525],[13.492,32.8379],[13.7267,32.8863],[13.7686,32.8633],[13.778,32.8475],[13.778,32.7915],[13.8095,32.768],[14.0265,32.768],[14.1084,32.7439],[14.4137,32.5304],[14.4794,32.5208],[14.6347,32.5647],[14.6952,32.5451],[14.7434,32.4751],[14.7991,32.4407],[15.1783,32.3807],[15.2377,32.3303],[15.4255,31.7041],[15.469,31.6582],[15.5488,31.6233],[15.6054,31.5683],[15.6527,31.4446],[15.6994,31.4014],[16.1451,31.2416],[16.2261,31.2234],[17.4308,31.1019],[17.516,31.0826],[17.9662,30.9212],[18.0416,30.8773],[18.5696,30.412],[18.6366,30.388],[18.8565,30.388],[18.9044,30.3474],[18.9051,30.3138],[18.8621,30.2805],[18.8035,30.09],[18.8081,30.0719],[18.8405,30.0409],[18.8358,30.0211],[18.7649,29.977],[18.3211,30.0273],[18.2366,30.0484],[16.733,30.6572],[16.6534,30.6816],[15.5301,30.923],[15.4493,30.9238],[15.2122,30.8834],[15.1717,30.9111],[15.1639,30.9268],[15.1699,31.0402],[15.1435,31.092],[14.6018,31.4916],[14.5666,31.5541],[14.5691,31.6231],[14.5417,31.6677],[13.8574,32.0729],[13.7828,32.1031],[13.3398,32.2117],[13.2621,32.2097],[13.1029,32.1663],[13.0621,32.1864],[13.052,32.2025],[13.052,32.2592],[13.0195,32.2869],[12.5023,32.3378],[12.4175,32.3383],[11.8148,32.2859],[11.7601,32.3175],[11.752,32.3325],[11.752,32.3885],[11.7205,32.412],[11.5754,32.414],[11.5122,32.446],[11.4682,32.5123],[11.4243,32.5235],[11.3551,32.4912],[11.2833,32.503],[11.1701,32.6467],[11.1121,32.6904],[10.4236,32.9766],[10.3448,32.992],[10.0535,32.992],[10.0135,33.0313],[10.0117,33.051],[10.041,33.1056],[10.0279,33.122],[9.6644,33.1245],[9.5992,33.167],[9.5477,33.2891],[9.5496,33.3634],[9.5826,33.4284],[9.5678,33.4631],[9.3514,33.5568],[9.2906,33.6094],[9.084,33.9943],[9.0375,34.022],[8.9563,34.026],[8.9188,34.056],[8.912,34.1236],[8.8804,34.1621],[8.803,34.196],[8.7247,34.212],[8.1144,34.2145],[8.0492,34.257],[7.9994,34.3752],[7.9506,34.4175],[7.6466,34.5189],[7.5674,34.5263],[7.1899,34.4779],[7.1049,34.4933],[6.951,34.5736],[6.8767,34.5862],[6.5006,34.5378],[6.4143,34.5497],[6.1839,34.6463],[6.1062,34.658],[5.3611,34.5921],[4.4948,34.592],[4.4133,34.5798],[3.8817,34.4147],[3.7943,34.4102],[3.501,34.4642],[3.4206,34.462],[2.9596,34.3522],[2.875,34.3636],[2.4801,34.5736],[2.4044,34.592],[2.0365,34.592],[2.008,34.5822],[2.0008,34.5506],[1.97,34.532],[1.9192,34.5356],[1.8992,34.5506],[1.892,34.5822],[1.8635,34.592],[1.7235,34.592],[1.7075,34.6017],[1.6924,34.6394],[1.7818,34.722],[1.7301,34.6991],[1.5639,34.5584],[1.484,34.543],[1.3297,34.5816],[1.2523,34.5794]]],[[[2.6018,34.4065],[2.55,34.402],[2.5182,34.424],[2.512,34.4725],[2.5382,34.5035],[2.59,34.508],[2.6218,34.486],[2.628,34.4375],[2.6018,34.4065]]],[[[-2.425,35.1794],[-2.4219,35.183],[-2.4181,35.1797],[-2.425,35.1794]]],[[[-2.4294,35.186],[-2.4265,35.1821],[-2.4314,35.1788],[-2.4294,35.186]]],[[[-2.4409,35.181],[-2.4388,35.1791],[-2.4408,35.1761],[-2.4463,35.177],[-2.4409,35.181]]]]},"properties":{"id":"territory:Kingdom of Numidia:-110","name":"누미디아 왕국","name_en":"Kingdom of Numidia","actor":"누미디아","valid_from":-110,"valid_to":-91,"span_from":-197,"span_to":-47,"wikidata":"Q156173","area":307188,"src":"cliopatria","confidence":"medium","finish":"chaikin1cap4km+grow2km+islands+s600m","islands":3,"island_rule":"nearest<=40km"}},{"type":"Feature","geometry":{"type":"Point","coordinates":[6.142,34.764]},"properties":{"id":"territory:Kingdom of Numidia:-110:label","name":"누미디아 왕국","name_en":"Kingdom of Numidia","actor":"누미디아","valid_from":-110,"valid_to":-91,"span_from":-197,"span_to":-47,"wikidata":"Q156173","area":307188,"src":"cliopatria","confidence":"medium"}},{"type":"Feature","geometry":{"type":"MultiPolygon","coordinates":[[[[10.0898,34.1908],[10.0364,33.9466],[10.0553,33.8945],[10.2193,33.7518],[10.2865,33.728],[10.5037,33.7265],[10.5786,33.6921],[10.6856,33.565],[10.7436,33.5463],[11.0463,33.5979],[11.1049,33.5582],[11.1689,33.2461],[11.2091,33.218],[11.4165,33.218],[11.5052,33.1973],[12.1984,32.8462],[12.272,32.836],[12.5643,32.8899],[12.5807,32.8845],[12.6082,32.8498],[12.5714,32.783],[12.5825,32.768],[12.7906,32.768],[12.822,32.7915],[12.827,32.8599],[12.8685,32.9032],[13.024,32.9466],[13.1112,32.9578],[13.2625,32.9569],[13.3418,32.9276],[13.4284,32.8525],[13.492,32.8379],[13.7267,32.8863],[13.7687,32.8632],[13.778,32.8475],[13.778,32.7915],[13.8094,32.768],[14.0265,32.768],[14.1083,32.7439],[14.4137,32.5304],[14.4794,32.5208],[14.6348,32.5647],[14.6952,32.5451],[14.7434,32.4751],[14.7991,32.4407],[15.1783,32.3807],[15.2377,32.3303],[15.4255,31.7041],[15.469,31.6582],[15.5488,31.6233],[15.6054,31.5683],[15.6527,31.4446],[15.6994,31.4014],[16.1451,31.2416],[16.226,31.2234],[17.4308,31.1019],[17.5159,31.0826],[17.9662,30.9212],[18.0416,30.8773],[18.5696,30.412],[18.6366,30.388],[18.8565,30.388],[18.9044,30.3474],[18.9091,30.3306],[18.8358,30.0211],[18.7649,29.977],[18.321,30.0273],[18.2366,30.0484],[16.733,30.6572],[16.6534,30.6816],[15.5301,30.923],[15.4493,30.9238],[15.2122,30.8834],[15.1717,30.9111],[15.1639,30.9268],[15.1699,31.0402],[15.1435,31.092],[14.6018,31.4916],[14.5666,31.5541],[14.5691,31.6231],[14.5417,31.6677],[13.8573,32.0729],[13.7828,32.1031],[13.3397,32.2118],[13.2621,32.2097],[13.1028,32.1663],[13.0621,32.1864],[13.052,32.2025],[13.052,32.2592],[13.0195,32.2869],[12.5022,32.3378],[12.4175,32.3383],[11.8148,32.2859],[11.7601,32.3175],[11.752,32.3325],[11.752,32.3885],[11.7206,32.412],[11.5753,32.414],[11.5122,32.446],[11.4682,32.5124],[11.4243,32.5235],[11.3551,32.4912],[11.2833,32.503],[11.17,32.6467],[11.1122,32.6904],[10.4236,32.9766],[10.3448,32.992],[10.0535,32.992],[10.0135,33.0313],[10.0117,33.051],[10.0411,33.1056],[10.0279,33.122],[9.6644,33.1245],[9.5992,33.167],[9.5477,33.2891],[9.5496,33.3634],[9.5826,33.4284],[9.5678,33.463],[9.3456,33.5608],[9.2918,33.6193],[9.2353,33.7958],[9.1911,33.8418],[9.1042,33.8822],[9.0658,33.9315],[9.062,33.9993],[9.0358,34.022],[8.9675,34.022],[8.9188,34.056],[8.912,34.1221],[8.8793,34.1523],[8.3505,34.2632],[8.2711,34.2613],[8.1146,34.2242],[8.0492,34.257],[7.9994,34.3752],[7.9506,34.4175],[7.6466,34.5189],[7.5674,34.5263],[7.1899,34.4779],[7.1049,34.4932],[6.9509,34.5736],[6.8767,34.5862],[6.5006,34.5378],[6.4143,34.5497],[6.1835,34.6465],[6.1048,34.662],[5.4257,34.662],[5.3509,34.6429],[5.1947,34.5546],[5.1105,34.5361],[4.4934,34.5882],[4.413,34.5797],[3.8817,34.4147],[3.7943,34.4101],[3.501,34.4642],[3.4206,34.462],[2.9596,34.3522],[2.875,34.3636],[2.4801,34.5736],[2.4044,34.592],[1.3348,34.592],[1.2534,34.5798],[0.726,34.4155],[0.634,34.4152],[0.4898,34.4591],[0.4281,34.4473],[0.3418,34.3724],[0.2565,34.342],[-1.1914,34.342],[-1.2372,34.3136],[-1.281,34.1886],[-1.291,34.1779],[-1.356,34.1552],[-1.4989,34.1987],[-1.545,34.1828],[-1.5767,34.124],[-1.5923,34.1145],[-1.6295,34.1141],[-1.645,34.1226],[-1.6827,34.1838],[-1.736,34.2073],[-2.3356,34.1465],[-2.44,34.142],[-2.4662,34.1498],[-2.4666,34.172],[-2.4888,34.195],[-2.7995,34.3543],[-2.8197,34.3962],[-2.7854,34.5242],[-2.8141,34.5738],[-2.8995,34.6102],[-2.9337,34.6526],[-2.9404,34.8289],[-2.9104,34.8733],[-2.8399,34.9062],[-2.7844,34.9619],[-2.7358,35.0894],[-2.7427,35.1342],[-2.7225,35.148],[-1.7079,35.148],[-1.6557,35.1758],[-1.616,35.2434],[-1.555,35.2759],[-1.4065,35.278],[-1.3391,35.3018],[-1.186,35.434],[-1.1732,35.4826],[-1.2231,35.6104],[-1.1939,35.6389],[-1.1758,35.6417],[-1.1055,35.6135],[-1.0479,35.6229],[-0.9618,35.6976],[-0.8765,35.728],[-0.5779,35.728],[-0.5257,35.7558],[-0.486,35.8234],[-0.4165,35.858],[0.0327,35.858],[0.0924,35.8847],[0.3469,36.2053],[0.4177,36.2473],[0.6291,36.2966],[0.662,36.3299],[0.662,36.3875],[0.6721,36.4036],[0.726,36.4248],[0.8708,36.3807],[0.9379,36.3894],[1.1828,36.5456],[1.2659,36.5581],[1.4901,36.5074],[1.57,36.5073],[2.3341,36.6782],[2.4257,36.6794],[2.6472,36.6366],[2.7115,36.6524],[2.7982,36.7276],[2.8775,36.7569],[3.1843,36.758],[3.2591,36.7771],[3.4213,36.8675],[3.5056,36.8801],[3.8085,36.8257],[3.8868,36.8312],[4.194,36.9336],[4.2812,36.9437],[4.8235,36.8908],[4.9021,36.8583],[5.0784,36.7114],[5.1465,36.688],[5.5122,36.688],[5.5671,36.7158],[5.6122,36.784],[5.6835,36.818],[6.0603,36.818],[6.0889,36.8406],[6.0873,36.9071],[6.1207,36.9599],[6.293,37.0577],[6.3758,37.0609],[6.7661,36.9031],[6.8452,36.888],[7.1428,36.888],[7.2038,36.9143],[7.3114,37.0421],[7.3869,37.0689],[7.6275,37.0233],[7.6895,36.983],[7.7329,36.9158],[7.7878,36.888],[8.4735,36.888],[8.5408,36.9118],[8.6282,36.9876],[8.6817,37.0159],[8.73,37.018],[8.7792,36.9715],[8.9142,36.5774],[8.883,36.5141],[8.7286,36.4268],[8.698,36.3788],[8.698,36.2592],[8.7205,36.1997],[8.832,36.0659],[8.858,35.9941],[8.858,35.8816],[8.8894,35.8368],[8.9684,35.7959],[8.9961,35.7434],[8.9486,35.5555],[8.9659,35.505],[9.211,35.2994],[9.2569,35.2359],[9.3938,34.8528],[9.4336,34.7964],[9.9814,34.3295],[10.0144,34.2857],[10.018,34.254],[10.0704,34.2446],[10.0898,34.1908]]],[[[2.512,34.4375],[2.5182,34.486],[2.55,34.508],[2.6018,34.5035],[2.628,34.4725],[2.6218,34.424],[2.59,34.402],[2.5382,34.4065],[2.512,34.4375]]]]},"properties":{"id":"territory:Kingdom of Numidia:-144","name":"누미디아 왕국","name_en":"Kingdom of Numidia","actor":"누미디아","valid_from":-144,"valid_to":-110,"span_from":-197,"span_to":-47,"wikidata":"Q156173","area":306761,"src":"cliopatria","confidence":"medium","finish":"chaikin1cap4km+grow2km+islands+s600m","islands":0}},{"type":"Feature","geometry":{"type":"Point","coordinates":[6.142,34.763]},"properties":{"id":"territory:Kingdom of Numidia:-144:label","name":"누미디아 왕국","name_en":"Kingdom of Numidia","actor":"누미디아","valid_from":-144,"valid_to":-110,"span_from":-197,"span_to":-47,"wikidata":"Q156173","area":306761,"src":"cliopatria","confidence":"medium"}},{"type":"Feature","geometry":{"type":"MultiPolygon","coordinates":[[[[10.0704,34.2446],[10.0892,34.2005],[10.0364,33.9466],[10.0553,33.8945],[10.2193,33.7518],[10.2866,33.728],[10.5037,33.7265],[10.5786,33.6921],[10.6856,33.565],[10.7436,33.5463],[11.0463,33.5979],[11.1049,33.5582],[11.1689,33.2461],[11.2091,33.218],[11.4165,33.218],[11.5052,33.1973],[12.1984,32.8462],[12.272,32.836],[12.5643,32.8899],[12.5807,32.8845],[12.6082,32.8498],[12.5714,32.783],[12.5825,32.768],[12.7906,32.768],[12.822,32.7915],[12.827,32.8599],[12.8685,32.9032],[13.024,32.9466],[13.1112,32.9578],[13.2625,32.9569],[13.3418,32.9276],[13.4284,32.8525],[13.492,32.8379],[13.7267,32.8863],[13.7686,32.8632],[13.778,32.8475],[13.778,32.7915],[13.8094,32.768],[14.0265,32.768],[14.1083,32.7439],[14.4137,32.5304],[14.4794,32.5208],[14.6348,32.5647],[14.6952,32.5451],[14.7434,32.4751],[14.7991,32.4407],[15.1783,32.3807],[15.2377,32.3303],[15.4255,31.7041],[15.469,31.6582],[15.5488,31.6233],[15.6054,31.5683],[15.6527,31.4446],[15.6994,31.4014],[16.1451,31.2416],[16.226,31.2234],[17.4308,31.1019],[17.5159,31.0826],[17.9662,30.9212],[18.0416,30.8773],[18.5696,30.412],[18.6366,30.388],[18.8565,30.388],[18.9044,30.3474],[18.9052,30.3138],[18.8621,30.2805],[18.8035,30.09],[18.808,30.072],[18.8405,30.0406],[18.8358,30.0211],[18.7649,29.977],[18.321,30.0273],[18.2366,30.0484],[16.733,30.6572],[16.6534,30.6816],[15.5301,30.923],[15.4493,30.9238],[15.2122,30.8834],[15.1717,30.9111],[15.1639,30.9268],[15.1699,31.0402],[15.1435,31.092],[14.6018,31.4916],[14.5666,31.5541],[14.5691,31.6231],[14.5417,31.6677],[13.8573,32.0729],[13.7828,32.1031],[13.3397,32.2118],[13.2621,32.2097],[13.1029,32.1663],[13.0621,32.1864],[13.052,32.2025],[13.052,32.2592],[13.0195,32.2869],[12.5022,32.3378],[12.4175,32.3383],[11.8148,32.2859],[11.7601,32.3175],[11.752,32.3325],[11.752,32.3885],[11.7206,32.412],[11.5753,32.414],[11.5122,32.446],[11.4682,32.5124],[11.4243,32.5235],[11.3551,32.4912],[11.2833,32.503],[11.17,32.6467],[11.1122,32.6904],[10.4236,32.9766],[10.3448,32.992],[10.0535,32.992],[10.0135,33.0313],[10.0117,33.051],[10.0411,33.1056],[10.0279,33.122],[9.6644,33.1245],[9.5992,33.167],[9.5477,33.2891],[9.5496,33.3634],[9.5826,33.4284],[9.5678,33.463],[9.3456,33.5608],[9.2918,33.6193],[9.2353,33.7958],[9.1911,33.8418],[9.1042,33.8822],[9.0658,33.9315],[9.062,33.9993],[9.0358,34.022],[8.9675,34.022],[8.9188,34.056],[8.912,34.1221],[8.8793,34.1523],[8.3505,34.2632],[8.2711,34.2613],[8.1146,34.2242],[8.0492,34.257],[7.9994,34.3752],[7.9506,34.4175],[7.6466,34.5189],[7.5674,34.5263],[7.1899,34.4779],[7.1049,34.4932],[6.951,34.5736],[6.8767,34.5862],[6.5006,34.5378],[6.4143,34.5497],[6.1835,34.6465],[6.1048,34.662],[5.4257,34.662],[5.3509,34.6429],[5.1947,34.5546],[5.1105,34.5361],[4.4934,34.5882],[4.413,34.5797],[3.8817,34.4147],[3.7943,34.4101],[3.501,34.4642],[3.4206,34.462],[2.9596,34.3522],[2.875,34.3636],[2.4801,34.5736],[2.4044,34.592],[1.3348,34.592],[1.2534,34.5798],[0.726,34.4155],[0.634,34.4152],[0.4898,34.4591],[0.4281,34.4473],[0.3418,34.3724],[0.2565,34.342],[-1.1914,34.342],[-1.2372,34.3136],[-1.281,34.1886],[-1.291,34.1779],[-1.356,34.1552],[-1.4989,34.1987],[-1.545,34.1828],[-1.5767,34.124],[-1.5923,34.1145],[-1.6295,34.1141],[-1.645,34.1226],[-1.6827,34.1838],[-1.736,34.2073],[-2.3356,34.1465],[-2.44,34.142],[-2.4662,34.1498],[-2.4666,34.172],[-2.4888,34.195],[-2.7995,34.3543],[-2.8197,34.3962],[-2.7854,34.5242],[-2.8141,34.5738],[-2.8995,34.6102],[-2.9337,34.6526],[-2.9404,34.8289],[-2.9104,34.8733],[-2.8399,34.9062],[-2.7844,34.9619],[-2.7358,35.0894],[-2.7427,35.1342],[-2.7225,35.148],[-1.708,35.148],[-1.6557,35.1758],[-1.616,35.2434],[-1.555,35.2759],[-1.4065,35.278],[-1.3391,35.3018],[-1.186,35.434],[-1.1732,35.4826],[-1.2231,35.6104],[-1.1939,35.6389],[-1.1758,35.6417],[-1.1055,35.6135],[-1.0479,35.6229],[-0.9618,35.6976],[-0.8765,35.728],[-0.578,35.728],[-0.5257,35.7558],[-0.486,35.8234],[-0.4165,35.858],[0.0327,35.858],[0.0924,35.8847],[0.3469,36.2053],[0.4177,36.2473],[0.629,36.2966],[0.662,36.3299],[0.662,36.3875],[0.6721,36.4036],[0.726,36.4248],[0.8707,36.3807],[0.9379,36.3894],[1.1828,36.5456],[1.2659,36.5581],[1.4901,36.5074],[1.57,36.5073],[2.3341,36.6782],[2.4257,36.6794],[2.6472,36.6366],[2.7115,36.6524],[2.7982,36.7276],[2.8775,36.7569],[3.1843,36.758],[3.2591,36.7771],[3.4213,36.8675],[3.5056,36.8801],[3.8085,36.8257],[3.8868,36.8312],[4.194,36.9336],[4.2812,36.9437],[4.8235,36.8908],[4.9021,36.8583],[5.0784,36.7114],[5.1465,36.688],[5.5122,36.688],[5.5671,36.7158],[5.6122,36.784],[5.6835,36.818],[6.0603,36.818],[6.0889,36.8406],[6.0873,36.9071],[6.1207,36.9599],[6.293,37.0577],[6.3758,37.0609],[6.7661,36.9031],[6.8452,36.888],[7.1428,36.888],[7.2038,36.9143],[7.3175,37.0468],[7.3875,37.078],[7.4625,37.078],[7.5425,37.0492],[7.7173,36.9109],[7.7864,36.888],[8.4743,36.888],[8.5491,36.9071],[8.7053,36.9954],[8.7554,36.9894],[8.7545,36.9584],[8.812,36.8491],[8.8236,36.7615],[8.8796,36.5859],[8.8596,36.5422],[8.7013,36.4503],[8.662,36.3841],[8.662,36.2559],[8.6913,36.1787],[8.7993,36.0505],[8.822,35.9908],[8.8253,35.8656],[8.8699,35.8062],[8.9394,35.7738],[8.961,35.7329],[8.9125,35.5599],[8.9339,35.4883],[9.1858,35.2736],[9.2262,35.2171],[9.3608,34.8385],[9.4059,34.7735],[9.9577,34.3024],[10.018,34.2725],[10.018,34.254],[10.0704,34.2446]]],[[[10.809,33.7345],[10.74,33.7155],[10.736,33.885],[10.773,33.8965],[10.898,33.8795],[10.93,33.8965],[10.9915,33.8415],[11.0605,33.8005],[10.9535,33.724],[10.8935,33.658],[10.859,33.711],[10.809,33.7345]]],[[[2.59,34.508],[2.6218,34.486],[2.628,34.4375],[2.6018,34.4065],[2.55,34.402],[2.5182,34.424],[2.512,34.4725],[2.5382,34.5035],[2.59,34.508]]]]},"properties":{"id":"territory:Kingdom of Numidia:-197","name":"누미디아 왕국","name_en":"Kingdom of Numidia","actor":"누미디아","valid_from":-197,"valid_to":-144,"span_from":-197,"span_to":-47,"wikidata":"Q156173","area":306737,"src":"cliopatria","confidence":"medium","finish":"chaikin1cap4km+grow2km+islands+s600m","islands":1,"island_rule":"nearest<=40km"}},{"type":"Feature","geometry":{"type":"Point","coordinates":[6.141,34.763]},"properties":{"id":"territory:Kingdom of Numidia:-197:label","name":"누미디아 왕국","name_en":"Kingdom of Numidia","actor":"누미디아","valid_from":-197,"valid_to":-144,"span_from":-197,"span_to":-47,"wikidata":"Q156173","area":306737,"src":"cliopatria","confidence":"medium"}},{"type":"Feature","geometry":{"type":"Polygon","coordinates":[[[56.9558,40.4204],[56.9777,40.4177],[57.0,40.3835],[56.9871,40.3277],[57.0054,40.308],[57.0823,40.3051],[57.1323,40.2726],[57.1607,40.2083],[57.1907,40.2027],[57.3052,40.2811],[57.3924,40.3149],[58.1251,40.4308],[58.2182,40.4291],[58.8086,40.3162],[58.8911,40.2744],[58.9616,40.2038],[59.0295,40.178],[59.7238,40.178],[59.781,40.1382],[59.788,40.1241],[59.788,39.8847],[59.8223,39.858],[60.0454,39.8538],[60.0841,39.8213],[60.09,39.8035],[60.0775,39.7492],[60.1027,39.728],[60.6454,39.7238],[60.6841,39.6913],[60.69,39.6735],[60.6762,39.6138],[60.6823,39.598],[60.71,39.598],[60.7386,39.5742],[60.7423,39.5576],[60.7323,39.5226],[60.69,39.4699],[60.4551,39.2742],[60.4186,39.2175],[60.3464,38.9046],[60.3555,38.8428],[60.4276,38.7117],[60.4393,38.6372],[60.3971,38.4558],[60.4134,38.4003],[60.5496,38.2544],[60.5696,38.1931],[60.5565,38.1249],[60.5798,38.0803],[60.7133,37.9976],[60.7474,37.9324],[60.6875,37.6758],[60.7042,37.6212],[60.9644,37.3611],[60.9726,37.2909],[60.9167,37.2173],[60.9212,37.208],[60.997,37.2066],[61.0708,37.174],[61.4549,36.7812],[61.4596,36.7646],[61.4392,36.7045],[61.2569,36.6133],[61.1638,36.592],[60.097,36.592],[60.0078,36.5835],[59.1165,36.4108],[59.0238,36.402],[58.4962,36.402],[58.4019,36.4101],[57.742,36.5245],[57.6585,36.565],[57.4589,36.7569],[57.3896,36.7877],[56.8741,36.8469],[56.2581,36.852],[56.1761,36.8344],[55.8272,36.6721],[55.7338,36.652],[54.8162,36.652],[54.7217,36.6644],[54.0689,36.8409],[54.0248,36.8702],[54.018,36.8907],[54.0378,36.9689],[54.0662,37.1535],[54.0514,37.2141],[53.9148,37.4128],[53.892,37.4859],[53.892,37.7994],[53.8794,37.822],[53.85,37.822],[53.8334,37.833],[53.8171,37.8782],[53.9666,38.9617],[53.9433,39.0147],[53.5426,39.3387],[53.4697,39.371],[53.171,39.4304],[53.1674,39.4573],[53.1827,39.4746],[53.4862,39.5201],[53.5187,39.5527],[53.4854,39.9851],[53.447,40.0167],[52.7642,40.078],[52.7072,40.1222],[52.7009,40.1354],[52.6952,40.3924],[52.7141,40.4284],[52.73,40.438],[52.7613,40.438],[52.7812,40.4633],[52.8646,40.8385],[52.8959,40.8811],[52.95,40.888],[52.9668,40.8764],[52.98,40.8335],[52.9675,40.7792],[52.9927,40.758],[53.2902,40.758],[53.3545,40.7849],[53.4109,40.8516],[53.4301,40.8571],[53.4565,40.8434],[53.4296,40.7218],[53.4512,40.7039],[54.4923,40.8226],[54.5882,40.8188],[56.7682,40.3866],[56.8671,40.378],[56.9558,40.4204]]]},"properties":{"id":"territory:Parthian Empire:-218","name":"파르티아 제국","name_en":"Parthian Empire","actor":"기타중립","valid_from":-218,"valid_to":-164,"span_from":-239,"span_to":237,"color":"#8160A9","wikidata":"Q1986139","area":253595,"src":"cliopatria","confidence":"medium","finish":"chaikin1cap4km+grow2km+islands+s600m","islands":0}},{"type":"Feature","geometry":{"type":"Point","coordinates":[57.058,38.561]},"properties":{"id":"territory:Parthian Empire:-218:label","name":"파르티아 제국","name_en":"Parthian Empire","actor":"기타중립","valid_from":-218,"valid_to":-164,"span_from":-239,"span_to":237,"color":"#8160A9","wikidata":"Q1986139","area":253595,"src":"cliopatria","confidence":"medium"}},{"type":"Feature","geometry":{"type":"Polygon","coordinates":[[[73.99,45.058],[74.03,45.058],[74.0462,45.0478],[74.0652,45.0027],[74.0512,44.8215],[74.0844,44.7794],[74.3526,44.6826],[74.4295,44.6313],[74.5518,44.4841],[74.5651,44.4212],[74.5422,44.3538],[74.5636,44.3141],[75.0262,44.0859],[75.0457,44.034],[75.0439,44.0178],[74.9205,43.8291],[74.9313,43.7867],[75.2346,43.5792],[75.2706,43.5123],[75.2245,43.1911],[75.2557,43.1543],[75.6734,43.0472],[75.7495,43.0013],[75.8679,42.862],[75.8838,42.7791],[75.7934,42.538],[75.8169,42.5093],[76.1654,42.4551],[76.2209,42.4072],[76.2266,42.3934],[76.2195,42.2107],[76.245,42.169],[76.305,42.1413],[76.3153,42.1271],[76.3205,42.0824],[76.3158,42.0682],[76.2533,42.0004],[76.2361,41.9467],[76.2483,41.8941],[76.2932,41.868],[76.7516,41.868],[76.7665,41.8601],[76.789,41.8194],[76.7145,41.7391],[76.6962,41.6865],[76.7089,41.6313],[76.7517,41.5858],[76.9447,41.4962],[77.0303,41.478],[77.3216,41.478],[77.3703,41.4382],[77.3749,41.4193],[77.2391,41.0289],[77.2032,40.9878],[77.0864,40.9728],[75.9015,40.7321],[75.8186,40.7022],[75.3117,40.4237],[75.2199,40.4097],[74.9389,40.4541],[74.8779,40.4333],[74.7877,40.3109],[74.7153,40.2554],[74.0589,39.9716],[73.995,39.9528],[73.95,39.952],[73.8958,39.9945],[73.6851,40.3738],[73.6376,40.402],[73.5574,40.4052],[73.5028,40.4472],[73.4847,40.506],[73.4447,40.532],[73.37,40.532],[73.2959,40.5635],[73.1771,40.6939],[73.1148,40.7091],[72.5112,40.5453],[72.4296,40.5119],[71.8188,40.164],[71.7316,40.1634],[71.545,40.2532],[71.4608,40.2687],[70.6623,40.2163],[70.5791,40.247],[70.4573,40.3756],[70.3963,40.402],[70.3224,40.402],[70.248,40.3818],[69.8575,40.1657],[69.7659,40.1426],[69.1484,40.142],[69.0594,40.1774],[68.756,40.5062],[68.6878,40.5463],[68.1105,40.7165],[68.0759,40.7646],[68.0733,40.7802],[68.1111,40.9063],[68.1026,40.9665],[67.9878,41.1531],[67.9286,41.1788],[66.8993,41.1151],[66.8602,41.1268],[66.8723,41.1426],[66.8821,41.1881],[66.8376,41.2261],[66.8111,41.2347],[66.8093,41.2537],[66.8366,41.2987],[66.9659,41.3826],[67.0488,41.4215],[68.3801,41.8527],[68.4741,41.8758],[70.6574,42.2492],[70.7293,42.2834],[71.1368,42.6736],[71.1813,42.7332],[71.698,43.7757],[71.7388,43.8422],[72.1723,44.4292],[72.2259,44.4916],[73.2086,45.4837],[73.2992,45.4993],[73.7079,45.332],[73.7795,45.2813],[73.8979,45.142],[73.9151,45.0712],[73.8963,45.0144],[73.9329,45.0377],[73.99,45.058]]]},"properties":{"id":"territory:Yuezhi:-144","name":"월지","name_en":"Yuezhi","actor":"기타중립","valid_from":-144,"valid_to":-126,"span_from":-404,"span_to":42,"color":"#8760A9","wikidata":"Q467985","area":233962,"src":"cliopatria","confidence":"medium","finish":"chaikin1cap4km+grow2km+islands+s600m","islands":0}},{"type":"Feature","geometry":{"type":"Point","coordinates":[72.745,42.101]},"properties":{"id":"territory:Yuezhi:-144:label","name":"월지","name_en":"Yuezhi","actor":"기타중립","valid_from":-144,"valid_to":-126,"span_from":-404,"span_to":42,"color":"#8760A9","wikidata":"Q467985","area":233962,"src":"cliopatria","confidence":"medium"}},{"type":"Feature","geometry":{"type":"MultiPolygon","coordinates":[[[[45.283,41.088],[45.4235,41.088],[45.5048,41.0584],[45.6543,40.9111],[45.6594,40.8966],[45.6465,40.8309],[45.5381,40.7526],[45.5126,40.701],[45.533,40.5238],[45.5728,40.4815],[46.4528,40.1912],[46.5166,40.1294],[46.5463,40.0166],[46.5917,39.988],[46.7235,39.988],[46.8094,39.9628],[47.0231,39.8113],[47.0947,39.7978],[47.3394,39.8479],[47.414,39.8298],[47.4998,39.7533],[47.5697,39.728],[48.2564,39.7277],[48.3483,39.7121],[48.6336,39.6118],[48.712,39.5655],[48.7971,39.4839],[48.8193,39.4237],[48.8067,39.3558],[48.8296,39.3195],[48.9084,39.2834],[48.9359,39.2196],[48.7699,38.7043],[48.774,38.688],[48.8,38.688],[48.8158,38.6785],[48.8373,38.6337],[48.8207,38.108],[48.3771,38.108],[48.2992,38.1269],[47.2958,38.6658],[47.2088,38.6804],[46.1573,38.5041],[46.0759,38.471],[45.8705,38.3259],[45.8159,38.2661],[45.6346,37.9448],[45.5798,37.9029],[45.2563,37.8004],[45.2015,37.7468],[45.1589,37.4789],[45.18,37.4351],[45.2208,37.432],[45.2384,37.4074],[45.2734,37.2115],[45.3189,37.1759],[45.3993,37.172],[45.4051,37.1611],[45.2593,36.9716],[45.2413,36.9314],[45.2015,36.9207],[44.912,36.974],[44.839,37.0164],[44.7443,37.1541],[44.7279,37.2285],[44.7456,37.3409],[44.7191,37.3877],[44.4411,37.5422],[44.3613,37.562],[43.9865,37.562],[43.8914,37.5725],[42.5518,37.8722],[42.4625,37.882],[42.0029,37.8824],[41.9124,37.9016],[41.7047,37.9948],[41.6216,38.012],[40.6047,38.0165],[40.5638,38.0521],[40.5579,38.0685],[40.5758,38.1822],[40.5679,38.202],[40.54,38.202],[40.5244,38.211],[40.5013,38.2556],[40.4927,38.7037],[40.5046,38.7805],[40.629,39.1539],[40.6092,39.1939],[40.5399,39.2262],[40.4924,39.2849],[40.4662,39.5343],[40.4277,39.562],[39.9003,39.562],[39.8377,39.5345],[39.78,39.464],[39.7101,39.4383],[39.2566,39.4867],[39.1766,39.4732],[38.9869,39.3817],[38.9486,39.3864],[38.9329,39.4211],[38.7874,39.5597],[38.7867,39.6013],[38.9193,39.7418],[38.9122,39.811],[38.8421,39.8761],[38.8486,39.8892],[40.3622,40.0787],[40.4346,40.1239],[40.5046,40.2448],[40.5623,40.2865],[40.7107,40.3298],[40.7727,40.387],[40.7817,40.4567],[40.758,40.5154],[40.6179,40.6575],[40.6237,40.6909],[40.9805,40.9017],[41.0222,40.9185],[41.0138,40.888],[41.028,40.8463],[41.1103,40.726],[41.1705,40.698],[41.3084,40.698],[41.355,40.7267],[41.5103,41.2402],[41.5765,41.278],[42.1991,41.278],[42.2551,41.3066],[42.3239,41.4317],[42.3244,41.4668],[42.2958,41.4914],[42.2897,41.5071],[42.2993,41.521],[42.3365,41.538],[42.4785,41.538],[42.5217,41.564],[42.535,41.6215],[42.5453,41.634],[42.5977,41.6569],[43.7368,41.4176],[43.821,41.4201],[43.9814,41.465],[44.0631,41.4497],[44.2201,41.3038],[44.2882,41.2823],[45.1,41.348],[45.162,41.3155],[45.2471,41.2339],[45.2693,41.1737],[45.2575,41.1092],[45.283,41.088]]],[[[47.172,39.8793],[47.162,39.8493],[47.1325,39.8251],[47.0875,39.822],[47.0598,39.8423],[47.0598,39.888],[47.09,39.9149],[47.14,39.918],[47.1677,39.8977],[47.172,39.8793]]],[[[47.0203,39.915],[46.991,39.8858],[46.94,39.882],[46.9098,39.9048],[46.9097,39.955],[46.939,39.9842],[46.99,39.988],[47.0202,39.9652],[47.0203,39.915]]]]},"properties":{"id":"territory:Kingdom of Armenia:-188","name":"아르메니아 왕국","name_en":"Kingdom of Armenia","actor":"기타중립","valid_from":-188,"valid_to":-126,"span_from":-326,"span_to":646,"color":"#6073A9","wikidata":"Q208404","area":224603,"src":"cliopatria","confidence":"medium","finish":"chaikin1cap4km+grow2km+islands+s600m","islands":0}},{"type":"Feature","geometry":{"type":"Point","coordinates":[43.905,39.425]},"properties":{"id":"territory:Kingdom of Armenia:-188:label","name":"아르메니아 왕국","name_en":"Kingdom of Armenia","actor":"기타중립","valid_from":-188,"valid_to":-126,"span_from":-326,"span_to":646,"color":"#6073A9","wikidata":"Q208404","area":224603,"src":"cliopatria","confidence":"medium"}},{"type":"Feature","geometry":{"type":"MultiPolygon","coordinates":[[[[45.2575,41.1092],[45.2831,41.088],[45.4234,41.088],[45.5048,41.0583],[45.6543,40.9112],[45.6594,40.8966],[45.6465,40.8309],[45.5381,40.7526],[45.5126,40.701],[45.533,40.5238],[45.5728,40.4815],[46.4528,40.1912],[46.5166,40.1294],[46.5463,40.0166],[46.5918,39.988],[46.7234,39.988],[46.8094,39.9628],[47.023,39.8113],[47.0947,39.7978],[47.3393,39.8479],[47.414,39.8298],[47.4998,39.7533],[47.5697,39.728],[48.2564,39.7277],[48.3483,39.7121],[48.6336,39.6118],[48.712,39.5655],[48.7971,39.4839],[48.8193,39.4237],[48.8067,39.3558],[48.8296,39.3195],[48.9084,39.2834],[48.9359,39.2196],[48.7699,38.7043],[48.774,38.688],[48.8,38.688],[48.8158,38.6785],[48.8373,38.6337],[48.8286,38.1949],[48.8203,38.105],[48.8085,38.0906],[48.7534,38.072],[48.3766,38.072],[48.2875,38.0931],[47.2824,38.6322],[47.2046,38.6442],[46.1704,38.4703],[46.0942,38.4399],[45.8963,38.3006],[45.846,38.2464],[45.6594,37.9186],[45.5923,37.8692],[45.2728,37.7679],[45.2313,37.7258],[45.1941,37.4878],[45.2021,37.468],[45.2446,37.4604],[45.2701,37.4248],[45.3012,37.2354],[45.3362,37.208],[45.41,37.208],[45.4259,37.1984],[45.4421,37.1675],[45.4405,37.1481],[45.288,36.9499],[45.2014,36.9253],[44.8307,37.0349],[44.7788,37.0942],[44.7558,37.3392],[44.7268,37.3978],[44.6578,37.4668],[44.5889,37.5013],[43.5607,37.6917],[43.5283,37.733],[42.0072,37.9125],[41.9274,37.9343],[41.7161,38.029],[41.6295,38.0476],[40.6213,38.048],[40.5949,38.0723],[40.6121,38.1816],[40.5967,38.2267],[40.58,38.238],[40.5089,38.238],[40.5013,38.2556],[40.4927,38.7037],[40.5046,38.7805],[40.629,39.1539],[40.6092,39.1939],[40.5399,39.2262],[40.4924,39.2849],[40.4662,39.5343],[40.4276,39.562],[39.9004,39.562],[39.8377,39.5345],[39.78,39.464],[39.7101,39.4383],[39.2566,39.4867],[39.1765,39.4732],[38.9869,39.3817],[38.9486,39.3864],[38.933,39.421],[38.7872,39.5598],[38.7866,39.6012],[38.9195,39.7419],[38.9124,39.8109],[38.8418,39.8764],[38.848,39.8891],[40.363,40.0788],[40.4346,40.1238],[40.5046,40.2449],[40.5618,40.2864],[40.7113,40.33],[40.7727,40.387],[40.7817,40.4567],[40.7582,40.5152],[40.6178,40.6576],[40.6234,40.6907],[40.9809,40.9019],[41.0222,40.9185],[41.0138,40.888],[41.028,40.8463],[41.1103,40.726],[41.1706,40.698],[41.3083,40.698],[41.355,40.7267],[41.5103,41.2402],[41.5766,41.278],[42.1991,41.278],[42.2551,41.3066],[42.3239,41.4317],[42.3244,41.4668],[42.2958,41.4914],[42.2897,41.5071],[42.2993,41.521],[42.3366,41.538],[42.4784,41.538],[42.5217,41.564],[42.535,41.6215],[42.5453,41.634],[42.5977,41.6569],[43.7367,41.4176],[43.8211,41.4202],[43.9814,41.465],[44.0631,41.4496],[44.2201,41.3038],[44.2883,41.2823],[45.1,41.348],[45.162,41.3155],[45.2425,41.2408],[45.2693,41.1737],[45.2575,41.1092]]],[[[47.1677,39.8977],[47.172,39.8793],[47.162,39.8493],[47.1225,39.822],[47.0748,39.8273],[47.0548,39.858],[47.0675,39.8999],[47.1,39.918],[47.14,39.918],[47.1677,39.8977]]],[[[47.0202,39.9652],[47.0253,39.95],[47.0135,39.9033],[46.98,39.882],[46.9273,39.8873],[46.9047,39.92],[46.9165,39.9667],[46.95,39.988],[46.99,39.988],[47.0202,39.9652]]]]},"properties":{"id":"territory:Kingdom of Armenia:-126","name":"아르메니아 왕국","name_en":"Kingdom of Armenia","actor":"기타중립","valid_from":-126,"valid_to":-110,"span_from":-326,"span_to":646,"color":"#6073A9","wikidata":"Q208404","area":224379,"src":"cliopatria","confidence":"medium","finish":"chaikin1cap4km+grow2km+islands+s600m","islands":0}},{"type":"Feature","geometry":{"type":"Point","coordinates":[43.903,39.428]},"properties":{"id":"territory:Kingdom of Armenia:-126:label","name":"아르메니아 왕국","name_en":"Kingdom of Armenia","actor":"기타중립","valid_from":-126,"valid_to":-110,"span_from":-326,"span_to":646,"color":"#6073A9","wikidata":"Q208404","area":224379,"src":"cliopatria","confidence":"medium"}},{"type":"Feature","geometry":{"type":"Polygon","coordinates":[[[43.5615,37.6685],[43.3104,37.3344],[43.2358,37.302],[42.7876,37.302],[42.7221,37.2767],[42.5869,37.1423],[42.5134,37.1006],[42.3596,37.0558],[42.3033,37.0154],[42.1453,36.7625],[42.0789,36.7132],[41.5082,36.5454],[41.4369,36.5103],[40.9043,36.1108],[40.8511,36.0574],[40.7084,35.8621],[40.6834,35.7998],[40.632,35.3537],[40.6049,35.31],[40.5607,35.302],[40.5487,35.2797],[40.5673,34.1962],[40.5458,34.1515],[40.53,34.142],[40.4922,34.142],[40.4354,34.1278],[40.3563,34.0982],[40.338,34.1016],[40.3138,34.1292],[40.3577,34.2005],[40.3455,34.2272],[39.5478,34.4602],[39.4645,34.472],[39.1659,34.472],[39.0856,34.4566],[38.5272,34.2298],[38.4556,34.1914],[37.1169,33.2705],[37.0837,33.2181],[37.0655,33.0922],[37.0243,33.0564],[36.942,33.052],[36.8906,33.0249],[36.8473,32.9623],[36.8167,32.8986],[36.7022,32.4924],[36.674,32.5293],[36.5845,32.6106],[36.5089,32.638],[36.3611,32.638],[36.2759,32.6216],[35.8806,32.4617],[35.8587,32.4383],[35.8219,32.4594],[35.7849,32.5766],[35.7433,32.6291],[35.5307,32.7684],[35.4932,32.7612],[35.354,32.5139],[35.2899,32.4624],[34.9651,32.3558],[34.9025,32.342],[34.8675,32.342],[34.851,32.3528],[34.8339,32.3968],[34.8403,32.525],[34.8861,32.5864],[34.9694,32.6202],[35.0064,32.6632],[35.0427,32.9859],[35.0864,33.0367],[35.1709,33.0708],[35.2244,33.1144],[35.3644,33.3634],[35.3749,33.4253],[35.3392,33.6111],[35.3739,33.6617],[35.4543,33.668],[35.4739,33.6907],[35.4392,33.8711],[35.4425,33.8854],[35.4876,33.9384],[35.6277,33.9749],[35.6577,34.0114],[35.6258,34.3224],[35.6351,34.34],[35.6851,34.3588],[35.7551,34.3261],[35.8093,34.3347],[36.0073,34.5327],[36.0362,34.5909],[36.0479,34.7016],[36.0257,34.7566],[35.9425,34.8361],[35.9167,34.899],[35.9383,35.151],[35.9285,35.172],[35.8889,35.1759],[35.8741,35.2204],[35.959,35.4838],[35.9397,35.5208],[35.862,35.556],[35.8308,35.6194],[35.9627,36.1821],[35.9396,36.2237],[35.8699,36.2562],[35.8597,36.2703],[35.8544,36.3124],[35.8614,36.3289],[36.2143,36.5977],[36.2485,36.6521],[36.2659,36.7623],[36.2447,36.8155],[36.1619,36.8872],[36.1242,36.8957],[36.0863,36.8682],[36.04,36.852],[36.0,36.852],[35.9837,36.8625],[36.0028,36.8998],[36.0119,36.9592],[36.0502,36.9996],[36.123,37.0269],[36.1956,37.025],[37.1603,36.6091],[37.2469,36.6096],[37.4857,36.7067],[37.5424,36.722],[37.6473,36.7325],[38.1287,36.8465],[38.1828,36.8998],[38.1906,36.9765],[38.153,37.0368],[38.0095,37.1216],[37.9828,37.1694],[38.0035,37.3421],[37.9776,37.414],[37.685,37.6923],[37.6698,37.7446],[37.7661,38.0497],[37.7616,38.0664],[38.1024,38.0191],[38.1963,38.0282],[38.2763,38.0582],[38.3365,38.1108],[38.4197,38.3033],[38.4705,38.332],[38.6112,38.332],[38.6806,38.3072],[38.828,38.1738],[38.9097,38.1431],[39.1422,38.1439],[39.2154,38.1827],[39.3751,38.4382],[39.3742,38.4719],[39.4266,38.4869],[40.1014,38.3182],[40.1615,38.308],[40.43,38.308],[40.4602,38.2852],[40.4674,38.238],[40.58,38.238],[40.5967,38.2267],[40.6121,38.1816],[40.5949,38.0723],[40.6213,38.048],[41.6295,38.0476],[41.7161,38.029],[41.9274,37.9343],[42.0072,37.9125],[43.5283,37.733],[43.5627,37.6883],[43.5615,37.6685]]]},"properties":{"id":"territory:Seleucid Empire:-126","name":"셀레우코스 제국","name_en":"Seleucid Empire","actor":"그리스계","valid_from":-126,"valid_to":-110,"span_from":-318,"span_to":-64,"wikidata":"Q705904","area":222679,"src":"cliopatria","confidence":"medium","finish":"chaikin1cap4km+grow2km+islands+s600m","islands":0}},{"type":"Feature","geometry":{"type":"Point","coordinates":[38.63,35.825]},"properties":{"id":"territory:Seleucid Empire:-126:label","name":"셀레우코스 제국","name_en":"Seleucid Empire","actor":"그리스계","valid_from":-126,"valid_to":-110,"span_from":-318,"span_to":-64,"wikidata":"Q705904","area":222679,"src":"cliopatria","confidence":"medium"}},{"type":"Feature","geometry":{"type":"Polygon","coordinates":[[[40.2846,24.2899],[39.9596,23.3892],[39.946,23.3218],[39.9298,23.0149],[39.9053,22.9706],[39.89,22.962],[39.8614,22.962],[39.8514,22.9409],[39.8944,22.4417],[39.925,22.3933],[40.0718,22.3013],[40.1194,22.2422],[40.1632,22.1233],[40.2046,22.0763],[40.8553,21.7238],[40.9175,21.6733],[41.0781,21.4821],[41.1342,21.4478],[41.3526,21.394],[41.4163,21.3511],[41.5107,21.2229],[41.5644,21.1881],[41.7868,21.1362],[41.8519,21.0958],[42.1483,20.7053],[42.1924,20.695],[42.281,20.7311],[42.3326,20.7151],[42.3761,20.645],[42.4224,20.618],[42.4925,20.618],[42.5617,20.5886],[42.7966,20.3226],[42.8514,20.298],[42.929,20.2968],[42.9996,20.2681],[43.2968,19.996],[43.3426,19.9358],[43.5094,19.6106],[43.5261,19.5332],[43.52,19.419],[43.5424,19.3652],[43.6293,19.2822],[43.6547,19.221],[43.65,19.0984],[43.6697,19.0408],[43.8931,18.7742],[43.9169,18.7035],[43.9091,18.4486],[43.929,18.39],[44.0841,18.1944],[44.1061,18.1232],[44.0999,17.9979],[44.1169,17.9371],[44.4146,17.4905],[44.4188,17.4192],[44.3773,17.3463],[44.3785,17.2955],[44.4616,17.1741],[44.5119,17.148],[44.5825,17.148],[44.5972,17.1403],[44.6206,17.1069],[44.6225,17.0896],[44.5726,16.9711],[44.5805,16.9192],[45.0103,16.3999],[45.0345,16.3334],[45.0308,16.2667],[45.0557,16.2239],[45.2131,16.1282],[45.2454,16.0659],[45.2312,15.928],[44.3713,15.928],[44.3177,15.9526],[44.1572,16.1436],[44.0911,16.1795],[43.4311,16.2441],[43.3677,16.2668],[43.1506,16.4142],[43.0779,16.4372],[42.8473,16.438],[42.804,16.422],[42.7966,16.4291],[42.7992,16.4712],[42.7862,16.5154],[42.4835,17.0851],[42.4399,17.112],[42.3634,17.1163],[42.3157,17.1621],[42.2696,17.408],[42.2369,17.4608],[41.7957,17.8055],[41.7473,17.8641],[41.4519,18.4372],[41.4065,18.4858],[41.2563,18.5815],[41.2235,18.6466],[41.2305,18.8215],[41.2108,18.8799],[41.0468,19.084],[41.0167,19.1528],[40.9785,19.3971],[40.9441,19.4416],[40.8591,19.4844],[40.8267,19.5364],[40.8299,19.6593],[40.8031,19.7013],[40.5873,19.7981],[40.5243,19.8424],[40.1547,20.2379],[40.0979,20.262],[39.8784,20.262],[39.8004,20.2919],[39.5053,20.5616],[39.476,20.6254],[39.4791,20.6924],[39.4531,20.7294],[39.3733,20.7625],[39.3174,20.8142],[39.1506,21.1394],[39.134,21.212],[39.1503,21.5909],[39.1277,21.6448],[39.045,21.7215],[39.0182,21.7895],[39.1166,22.493],[39.0996,22.5489],[38.8674,22.8162],[38.8439,22.8868],[38.8501,23.0028],[38.8375,23.0673],[38.6,23.5774],[38.5572,23.6287],[38.2599,23.8435],[38.2526,23.8604],[38.2573,23.8968],[38.2683,23.9111],[38.6554,24.071],[38.7054,24.113],[38.8244,24.3064],[38.8447,24.3693],[38.8793,24.8706],[38.8688,24.892],[38.8262,24.8984],[38.7933,24.9402],[38.5726,25.7679],[38.5383,25.823],[38.2359,26.0918],[38.2074,26.1353],[38.2088,26.172],[38.2712,26.201],[38.4492,26.3493],[38.5142,26.372],[38.6548,26.373],[38.6983,26.388],[38.7112,26.408],[38.7585,26.4058],[38.8095,26.3779],[39.037,26.1663],[39.0829,26.1062],[39.3175,25.6631],[39.3644,25.6179],[39.4407,25.5774],[39.4786,25.5247],[39.5235,25.1411],[39.5521,25.0862],[39.7029,24.9497],[39.7421,24.928],[39.7826,24.9248],[39.8275,24.8934],[40.2699,24.3698],[40.2846,24.2899]]]},"properties":{"id":"territory:Minaeans:-164","name":"Minaeans","name_en":"Minaeans","actor":"기타중립","valid_from":-164,"valid_to":-66,"span_from":-383,"span_to":-26,"color":"#60A9A8","wikidata":"Q1177379","area":214510,"src":"cliopatria","confidence":"medium","finish":"chaikin1cap4km+grow2km+islands+s600m","islands":0}},{"type":"Feature","geometry":{"type":"Point","coordinates":[41.471,20.303]},"properties":{"id":"territory:Minaeans:-164:label","name":"Minaeans","name_en":"Minaeans","actor":"기타중립","valid_from":-164,"valid_to":-66,"span_from":-383,"span_to":-26,"color":"#60A9A8","wikidata":"Q1177379","area":214510,"src":"cliopatria","confidence":"medium"}},{"type":"Feature","geometry":{"type":"Polygon","coordinates":[[[39.8275,24.8934],[40.2699,24.3698],[40.2854,24.2992],[39.9596,23.3892],[39.946,23.3218],[39.9272,23.0065],[39.9053,22.9706],[39.89,22.962],[39.8614,22.962],[39.8514,22.9409],[39.8944,22.4417],[39.925,22.3933],[40.0718,22.3013],[40.1194,22.2422],[40.1632,22.1233],[40.2046,22.0763],[40.8553,21.7238],[40.9175,21.6733],[41.0781,21.4821],[41.1341,21.4478],[41.3527,21.394],[41.4163,21.3511],[41.5107,21.2229],[41.5644,21.1881],[41.7868,21.1362],[41.8519,21.0958],[42.1483,20.7053],[42.1924,20.695],[42.281,20.7311],[42.3326,20.7151],[42.3762,20.645],[42.4224,20.618],[42.4925,20.618],[42.5617,20.5886],[42.7966,20.3226],[42.8514,20.298],[42.929,20.2968],[42.9996,20.2681],[43.2968,19.996],[43.3426,19.9358],[43.5094,19.6106],[43.5261,19.5332],[43.52,19.419],[43.5424,19.3652],[43.6293,19.2822],[43.6547,19.221],[43.65,19.0984],[43.6697,19.0408],[43.8931,18.7742],[43.9169,18.7035],[43.9091,18.4486],[43.929,18.39],[44.0841,18.1944],[44.1061,18.1232],[44.0999,17.9979],[44.1169,17.9371],[44.4146,17.4905],[44.4188,17.4192],[44.3773,17.3463],[44.3785,17.2955],[44.4616,17.1741],[44.5119,17.148],[44.5825,17.148],[44.5972,17.1403],[44.6206,17.1069],[44.6225,17.0896],[44.5726,16.9711],[44.5805,16.9192],[45.0103,16.3999],[45.0345,16.3334],[45.0308,16.2667],[45.0557,16.2239],[45.2131,16.1282],[45.2454,16.0659],[45.2312,15.928],[44.3713,15.928],[44.3177,15.9526],[44.1572,16.1436],[44.0911,16.1795],[43.4311,16.2441],[43.3677,16.2668],[43.1506,16.4142],[43.0779,16.4372],[42.8473,16.438],[42.804,16.422],[42.7966,16.4291],[42.7992,16.4712],[42.7862,16.5154],[42.4835,17.0851],[42.4399,17.112],[42.3634,17.1163],[42.3157,17.1621],[42.2696,17.408],[42.2369,17.4608],[41.7957,17.8055],[41.7473,17.8641],[41.4519,18.4372],[41.4065,18.4858],[41.2563,18.5815],[41.2235,18.6466],[41.2305,18.8215],[41.2108,18.8799],[41.0468,19.084],[41.0167,19.1528],[40.9785,19.3971],[40.9441,19.4416],[40.8591,19.4844],[40.8267,19.5364],[40.8299,19.6593],[40.8031,19.7013],[40.5873,19.7981],[40.5243,19.8424],[40.1547,20.2379],[40.0979,20.262],[39.8784,20.262],[39.8004,20.2919],[39.5053,20.5616],[39.476,20.6254],[39.4791,20.6924],[39.4531,20.7294],[39.3733,20.7625],[39.3174,20.8142],[39.1506,21.1394],[39.134,21.212],[39.1503,21.5909],[39.1277,21.6448],[39.045,21.7215],[39.0182,21.7895],[39.1166,22.493],[39.0996,22.5489],[38.8674,22.8162],[38.8439,22.8868],[38.8501,23.0028],[38.8375,23.0673],[38.6,23.5774],[38.5572,23.6287],[38.2599,23.8435],[38.2526,23.8604],[38.2573,23.8968],[38.2683,23.9111],[38.6554,24.071],[38.7054,24.113],[38.8244,24.3064],[38.8447,24.3693],[38.8793,24.8706],[38.8688,24.892],[38.8262,24.8984],[38.7933,24.9402],[38.5726,25.768],[38.5387,25.8238],[38.315,26.0315],[38.2853,26.099],[38.2902,26.2251],[38.3277,26.2975],[38.4297,26.3804],[38.5025,26.407],[38.7316,26.408],[38.8095,26.3779],[39.035,26.1685],[39.064,26.1046],[39.0607,26.0351],[39.0808,25.9826],[39.451,25.5846],[39.4818,25.5162],[39.5235,25.1411],[39.5521,25.0862],[39.7029,24.9497],[39.7421,24.928],[39.7725,24.928],[39.8275,24.8934]]]},"properties":{"id":"territory:Minaeans:-170","name":"Minaeans","name_en":"Minaeans","actor":"기타중립","valid_from":-170,"valid_to":-164,"span_from":-383,"span_to":-26,"color":"#60A9A8","wikidata":"Q1177379","area":214402,"src":"cliopatria","confidence":"medium","finish":"chaikin1cap4km+grow2km+islands+s600m","islands":0}},{"type":"Feature","geometry":{"type":"Point","coordinates":[41.473,20.299]},"properties":{"id":"territory:Minaeans:-170:label","name":"Minaeans","name_en":"Minaeans","actor":"기타중립","valid_from":-170,"valid_to":-164,"span_from":-383,"span_to":-26,"color":"#60A9A8","wikidata":"Q1177379","area":214402,"src":"cliopatria","confidence":"medium"}},{"type":"Feature","geometry":{"type":"Polygon","coordinates":[[[38.497,40.8988],[38.5778,40.9039],[39.1618,41.1306],[39.2521,41.1328],[39.7023,40.9726],[39.7882,40.958],[40.3182,40.958],[40.3585,40.9833],[40.3672,41.0402],[40.379,41.0544],[40.4351,41.0688],[40.5066,41.0354],[40.5783,41.0343],[41.0002,41.1998],[41.0671,41.2426],[41.1988,41.3742],[41.2139,41.3793],[41.2568,41.3736],[41.271,41.3628],[41.3521,41.1712],[41.3259,41.0911],[41.1248,40.9495],[41.0625,40.922],[41.0222,40.9185],[41.014,40.938],[41.0025,40.9403],[40.9638,40.9335],[40.598,40.7174],[40.5808,40.6545],[40.5858,40.6388],[40.7262,40.4984],[40.7464,40.448],[40.7383,40.3993],[40.6974,40.3634],[40.5487,40.32],[40.4804,40.2717],[40.4058,40.1459],[40.3479,40.1116],[38.834,39.9236],[38.8201,39.9136],[38.8022,39.869],[38.8824,39.7897],[38.8834,39.7488],[38.7558,39.6212],[38.7514,39.5517],[38.9082,39.395],[38.9456,39.3868],[38.9564,39.3501],[38.8403,38.967],[38.8633,38.9265],[39.0765,38.8341],[39.152,38.7855],[39.2367,38.7048],[39.2615,38.6471],[39.2539,38.5842],[39.2796,38.5467],[39.3501,38.5138],[39.3897,38.4782],[39.3953,38.4623],[39.3735,38.3533],[39.34,38.332],[39.306,38.332],[39.298,38.326],[39.2908,38.2906],[39.26,38.272],[39.2046,38.2767],[39.1726,38.3271],[39.0285,38.4122],[38.9871,38.4635],[38.9566,38.5794],[38.8969,38.6325],[38.6735,38.678],[38.6441,38.7085],[38.6516,38.7743],[38.6227,38.8406],[38.408,39.0399],[38.4102,39.0758],[38.5143,39.1595],[38.5033,39.2056],[38.4902,39.2177],[38.2812,39.2665],[38.229,39.3022],[38.1945,39.3653],[38.128,39.405],[36.9777,39.5905],[36.8857,39.5979],[35.4888,39.598],[35.4184,39.6225],[35.3325,39.6969],[35.2519,39.7324],[34.8775,39.7819],[34.7966,39.7452],[34.7298,39.6165],[34.7166,39.542],[34.7473,39.2967],[34.7329,39.2348],[34.4874,38.8454],[34.4288,38.8099],[33.7196,38.6945],[33.633,38.668],[33.2945,38.5083],[33.2548,38.4428],[33.279,38.1283],[33.258,38.07],[33.1429,37.9414],[33.1103,37.8716],[33.0858,37.6215],[33.0535,37.5671],[32.7819,37.3593],[32.7475,37.2919],[32.7785,36.964],[32.7896,36.9222],[32.754,36.9263],[32.5814,36.8366],[32.5029,36.818],[32.2125,36.8165],[31.9759,37.2052],[31.9188,37.2485],[31.6214,37.3514],[31.5813,37.3835],[31.5726,37.432],[31.4724,37.4412],[31.2652,37.4826],[31.1946,37.4679],[31.094,37.391],[31.0088,37.3629],[30.776,37.3655],[30.7319,37.398],[30.7246,37.4139],[30.7292,37.4742],[30.7051,37.5266],[30.5495,37.668],[30.4799,37.7082],[30.1868,37.8084],[30.1516,37.865],[30.1516,37.8817],[30.2166,38.0051],[30.2827,38.0573],[30.8381,38.2233],[30.8925,38.2653],[30.9572,38.3945],[31.0261,38.442],[31.3363,38.4901],[31.3758,38.5246],[31.4187,39.0221],[31.3993,39.0818],[31.2407,39.2782],[31.2207,39.351],[31.3532,39.9337],[31.3471,39.952],[31.32,39.952],[31.2908,39.9714],[31.2848,39.988],[31.2898,40.018],[31.33,40.048],[31.6738,40.048],[31.6857,40.0572],[31.6994,40.0985],[31.7477,40.1229],[32.0583,40.1704],[32.1207,40.2051],[32.2613,40.3974],[32.2848,40.4566],[32.2891,40.5122],[32.2611,40.5502],[32.1826,40.585],[32.1486,40.6359],[32.1581,40.7711],[32.1485,40.792],[32.12,40.792],[32.1035,40.8028],[32.0866,40.848],[32.1219,41.106],[32.1743,41.1636],[32.2581,41.1981],[32.295,41.2399],[32.2993,41.2951],[32.2794,41.3516],[32.1207,41.5482],[32.1122,41.5873],[32.1164,41.6017],[32.13,41.608],[32.1677,41.608],[32.2264,41.6231],[32.6356,41.7786],[32.6549,41.8132],[32.6273,41.8805],[32.6767,41.928],[34.7296,41.928],[34.7923,41.9555],[34.849,42.0255],[34.9194,42.0565],[35.0733,42.058],[35.1348,42.019],[35.1423,42.0065],[35.1724,41.7659],[35.2123,41.738],[35.9033,41.738],[35.9767,41.7031],[36.204,41.3071],[36.2586,41.2842],[36.7278,41.3418],[36.8152,41.3214],[37.0408,41.1711],[37.1069,41.1658],[37.1828,41.199],[37.2321,41.184],[37.2428,41.1648],[37.234,41.1078],[37.2637,41.0724],[37.4005,41.0308],[37.488,41.018],[37.98,41.018],[38.497,40.8988]]]},"properties":{"id":"territory:Kingdom of Pontus:-110","name":"폰토스 왕국","name_en":"Kingdom of Pontus","actor":"그리스계","valid_from":-110,"valid_to":-91,"span_from":-281,"span_to":67,"wikidata":"Q7380487","area":213744,"src":"cliopatria","confidence":"medium","finish":"chaikin1cap4km+grow2km+islands+s600m","islands":0}},{"type":"Feature","geometry":{"type":"Point","coordinates":[34.835,39.918]},"properties":{"id":"territory:Kingdom of Pontus:-110:label","name":"폰토스 왕국","name_en":"Kingdom of Pontus","actor":"그리스계","valid_from":-110,"valid_to":-91,"span_from":-281,"span_to":67,"wikidata":"Q7380487","area":213744,"src":"cliopatria","confidence":"medium"}},{"type":"Feature","geometry":{"type":"Polygon","coordinates":[[[38.4969,40.8988],[38.5778,40.904],[39.1617,41.1305],[39.2522,41.1328],[39.7022,40.9726],[39.7883,40.958],[40.318,40.958],[40.3585,40.9834],[40.3672,41.0402],[40.379,41.0544],[40.4351,41.0688],[40.5066,41.0354],[40.5784,41.0344],[41.0001,41.1997],[41.0672,41.2426],[41.1988,41.3742],[41.2139,41.3793],[41.2568,41.3736],[41.271,41.3628],[41.3521,41.1712],[41.3258,41.091],[41.1248,40.9496],[41.0701,40.9237],[41.031,40.922],[40.9809,40.9019],[40.6234,40.6907],[40.6178,40.6576],[40.7582,40.5152],[40.7817,40.4567],[40.7727,40.387],[40.7113,40.33],[40.5618,40.2864],[40.5046,40.2449],[40.4346,40.1238],[40.363,40.0788],[38.848,39.8891],[38.8418,39.8764],[38.9124,39.8109],[38.9195,39.7419],[38.7866,39.6012],[38.7872,39.5598],[38.933,39.421],[38.9641,39.3423],[38.9516,39.2239],[38.9111,39.1558],[38.7857,39.0667],[38.7632,39.0647],[38.7173,39.094],[37.9071,39.449],[37.8175,39.4741],[36.9775,39.5915],[36.8855,39.5979],[35.4888,39.598],[35.4184,39.6225],[35.3325,39.697],[35.2472,39.7337],[34.8774,39.7819],[34.8053,39.7533],[34.7316,39.6216],[34.7168,39.5476],[34.7473,39.2967],[34.7329,39.2348],[34.4874,38.8454],[34.4289,38.8099],[33.7196,38.6945],[33.6331,38.668],[33.2945,38.5083],[33.2548,38.4428],[33.279,38.1283],[33.258,38.07],[33.1429,37.9414],[33.1103,37.8716],[33.0858,37.6215],[33.0536,37.5671],[32.7819,37.3593],[32.7475,37.2919],[32.7785,36.964],[32.7896,36.9222],[32.754,36.9263],[32.5814,36.8366],[32.5029,36.818],[32.2125,36.8165],[31.976,37.2051],[31.9187,37.2486],[31.6215,37.3513],[31.5813,37.3835],[31.5726,37.432],[31.4723,37.4413],[31.2653,37.4826],[31.1945,37.4679],[31.0941,37.3911],[31.0086,37.3629],[30.7762,37.3655],[30.7319,37.398],[30.7246,37.4139],[30.7292,37.4742],[30.705,37.5266],[30.5495,37.668],[30.4798,37.7082],[30.1869,37.8084],[30.1516,37.865],[30.1516,37.8817],[30.2166,38.0051],[30.2828,38.0573],[30.8381,38.2233],[30.8925,38.2653],[30.9572,38.3945],[31.0262,38.442],[31.3362,38.4901],[31.3758,38.5246],[31.4187,39.0221],[31.3993,39.0818],[31.2407,39.2782],[31.2207,39.351],[31.3532,39.9337],[31.3471,39.952],[31.32,39.952],[31.2908,39.9714],[31.2848,39.988],[31.2898,40.018],[31.33,40.048],[31.6738,40.048],[31.6857,40.0572],[31.6994,40.0985],[31.7478,40.1229],[32.0582,40.1704],[32.1207,40.2051],[32.2613,40.3974],[32.2848,40.4566],[32.2891,40.5122],[32.2611,40.5502],[32.1826,40.585],[32.1486,40.6359],[32.1581,40.7711],[32.1485,40.792],[32.12,40.792],[32.1035,40.8028],[32.0866,40.848],[32.122,41.106],[32.1744,41.1636],[32.2581,41.198],[32.295,41.2399],[32.2993,41.2951],[32.2794,41.3517],[32.1207,41.5482],[32.1122,41.5873],[32.1164,41.6017],[32.13,41.608],[32.1677,41.608],[32.2265,41.6231],[32.6356,41.7785],[32.6549,41.8133],[32.6273,41.8806],[32.6768,41.928],[34.7295,41.928],[34.7924,41.9555],[34.849,42.0255],[34.9196,42.0565],[35.0732,42.058],[35.1348,42.019],[35.1423,42.0065],[35.1724,41.7659],[35.2124,41.738],[35.9032,41.738],[35.9767,41.7031],[36.204,41.3072],[36.2587,41.2842],[36.7277,41.3418],[36.8153,41.3214],[37.0408,41.1711],[37.1069,41.1658],[37.1828,41.199],[37.2321,41.184],[37.2428,41.1648],[37.234,41.1078],[37.2638,41.0724],[37.4004,41.0308],[37.4881,41.018],[37.9829,41.0177],[38.4969,40.8988]]]},"properties":{"id":"territory:Kingdom of Pontus:-126","name":"폰토스 왕국","name_en":"Kingdom of Pontus","actor":"그리스계","valid_from":-126,"valid_to":-110,"span_from":-281,"span_to":67,"wikidata":"Q7380487","area":210613,"src":"cliopatria","confidence":"medium","finish":"chaikin1cap4km+grow2km+islands+s600m","islands":0}},{"type":"Feature","geometry":{"type":"Point","coordinates":[34.776,39.935]},"properties":{"id":"territory:Kingdom of Pontus:-126:label","name":"폰토스 왕국","name_en":"Kingdom of Pontus","actor":"그리스계","valid_from":-126,"valid_to":-110,"span_from":-281,"span_to":67,"wikidata":"Q7380487","area":210613,"src":"cliopatria","confidence":"medium"}},{"type":"Feature","geometry":{"type":"MultiPolygon","coordinates":[[[[69.4775,28.3949],[69.5225,28.398],[69.5502,28.3777],[69.5502,28.332],[69.52,28.3051],[69.47,28.302],[69.4423,28.3223],[69.438,28.3407],[69.448,28.3707],[69.4775,28.3949]]],[[[66.5575,31.062],[66.5298,31.0823],[66.5298,31.128],[66.56,31.1549],[66.61,31.158],[66.6377,31.1377],[66.642,31.1193],[66.632,31.0893],[66.6025,31.0651],[66.5575,31.062]]],[[[39.9371,43.4248],[39.6486,43.6886],[39.6471,43.7136],[39.6645,43.7337],[39.681,43.7397],[40.3649,43.6257],[40.3995,43.5984],[40.4054,43.5837],[40.359,43.5444],[40.3536,43.5101],[40.3793,43.4543],[40.4343,43.4145],[41.1141,43.2366],[41.1755,43.192],[41.2093,43.1243],[41.2642,43.0844],[41.4071,43.0439],[41.446,42.9993],[41.45,42.9835],[41.435,42.9185],[41.4037,42.8784],[41.39,42.872],[41.2005,42.8747],[41.148,42.9072],[41.1172,42.9772],[41.0677,43.0231],[40.857,43.1144],[40.7689,43.132],[40.4623,43.1335],[40.3816,43.1704],[40.2327,43.364],[40.167,43.392],[40.0234,43.393],[39.9371,43.4248]]],[[[40.0327,43.8127],[40.0553,43.78],[40.0435,43.7333],[40.01,43.712],[39.9573,43.7173],[39.9347,43.75],[39.9465,43.7967],[39.98,43.818],[40.0327,43.8127]]],[[[35.8758,36.8683],[35.843,36.8952],[35.8099,36.8864],[35.5314,36.6243],[35.45,36.592],[35.37,36.592],[35.289,36.6141],[35.1408,36.7009],[35.0738,36.7046],[34.9835,36.6703],[34.9335,36.688],[34.9223,36.6998],[34.8852,36.8234],[34.8398,36.852],[34.6274,36.852],[34.5513,36.8316],[34.2967,36.6773],[34.2413,36.6268],[34.0168,36.3108],[33.9438,36.2697],[33.3174,36.2066],[33.2334,36.1886],[32.7572,36.027],[32.6725,36.012],[32.5975,36.012],[32.5385,36.0502],[32.4946,36.1774],[32.4565,36.2352],[32.0896,36.568],[32.0206,36.6013],[31.8003,36.6439],[31.7529,36.6723],[31.7447,36.69],[31.7493,36.722],[32.5055,36.7786],[32.5938,36.8109],[32.6929,36.8866],[32.7423,36.8848],[32.8181,36.8143],[32.8999,36.7831],[33.0595,36.7829],[33.1435,36.8114],[33.4067,37.0188],[33.48,37.0481],[33.9467,37.1065],[33.9879,37.1434],[34.0379,37.121],[34.2637,37.1654],[34.341,37.2056],[34.5417,37.4063],[34.6091,37.432],[34.841,37.4334],[34.9197,37.4674],[35.034,37.5952],[35.0976,37.6173],[35.6228,37.5665],[35.7175,37.5794],[35.9657,37.6772],[36.0392,37.722],[36.329,37.9865],[36.3955,38.004],[37.0622,37.8899],[37.123,37.9164],[37.1328,37.9298],[37.1416,37.9874],[37.1821,38.0169],[37.7151,38.0677],[37.7616,38.0664],[37.7661,38.0497],[37.6698,37.7446],[37.685,37.6923],[37.9732,37.4205],[38.0035,37.3421],[37.9828,37.1694],[38.0095,37.1216],[38.153,37.0368],[38.1928,36.9648],[38.1769,36.889],[38.1209,36.8425],[37.6473,36.7325],[37.5424,36.722],[37.4857,36.7067],[37.2399,36.6083],[37.1533,36.6106],[36.1956,37.025],[36.123,37.0269],[36.0502,36.9996],[36.0119,36.9592],[36.0028,36.8998],[35.9742,36.859],[35.96,36.852],[35.9133,36.8533],[35.8758,36.8683]]],[[[33.4794,44.6645],[33.5206,44.668],[33.5375,44.6924],[33.5866,45.0602],[33.5566,45.1078],[33.2624,45.2627],[33.2545,45.2862],[33.2645,45.3076],[33.2808,45.318],[33.5892,45.318],[33.6728,45.2859],[33.9034,45.0173],[33.9625,45.0062],[34.5491,45.2391],[34.646,45.2627],[35.1279,45.3127],[35.1847,45.2791],[35.1924,45.2616],[35.1739,45.1385],[35.1838,45.118],[35.2309,45.1119],[35.2318,45.0671],[35.1709,44.9905],[35.148,44.9502],[35.148,44.925],[35.1377,44.9088],[35.0838,44.8837],[34.4343,44.7712],[34.3536,44.7383],[33.9704,44.4586],[33.8792,44.432],[33.5616,44.4345],[33.4937,44.481],[33.4614,44.6103],[33.4794,44.6645]]],[[[31.3819,41.2361],[31.3846,41.2794],[31.3958,41.2934],[31.6411,41.39],[31.6825,41.3715],[31.6883,41.3482],[31.6235,41.225],[31.5819,41.1866],[31.53,41.182],[31.468,41.1976],[31.3819,41.2361]]],[[[29.5961,45.7278],[29.6182,45.9262],[29.6622,46.0014],[30.1451,46.3964],[30.2018,46.426],[30.2449,46.428],[30.2871,46.4541],[30.4184,46.5923],[30.4943,46.6438],[31.0148,46.866],[31.055,46.9123],[31.0596,46.9763],[31.0692,46.991],[31.1227,47.0187],[31.5215,46.9651],[31.5768,46.9173],[31.5823,46.9015],[31.5533,46.713],[31.4874,46.6647],[30.9356,46.662],[30.8658,46.6337],[30.3346,45.976],[30.2562,45.9296],[30.0954,45.8863],[30.024,45.8453],[29.9008,45.7085],[29.8144,45.6732],[29.6621,45.672],[29.6032,45.7114],[29.5961,45.7278]]],[[[29.3066,41.2176],[29.35,41.218],[29.368,41.2006],[29.3666,41.1581],[29.2145,40.894],[29.1988,40.885],[29.1619,40.8853],[29.1463,40.8948],[29.0421,41.0882],[29.0424,41.1058],[29.0799,41.1598],[29.3066,41.2176]]],[[[29.1178,40.8326],[29.1045,40.8394],[29.1148,40.8681],[29.1299,40.8705],[29.1178,40.8326]]],[[[28.3875,44.468],[28.3946,44.4871],[28.3592,44.671],[28.3873,44.7516],[28.6034,44.9579],[28.68,44.988],[28.76,44.988],[28.8151,44.9481],[28.8523,44.6077],[28.8158,44.54],[28.6282,44.403],[28.5939,44.3482],[28.5619,44.0289],[28.5715,44.008],[28.6107,44.0044],[28.6279,43.9501],[28.5068,43.5006],[28.4306,43.452],[28.2169,43.452],[28.1996,43.4344],[28.2283,43.381],[28.227,43.3618],[28.1965,43.3206],[27.9541,43.2716],[27.8879,43.2347],[27.8405,43.1732],[27.8238,43.1132],[27.8679,42.8069],[27.8605,42.7605],[27.8127,42.7265],[27.5642,42.6315],[27.5237,42.5865],[27.5119,42.4688],[27.5365,42.4134],[27.92,42.0811],[27.9552,42.022],[27.9502,41.992],[27.9375,41.9777],[27.8856,41.9627],[27.6536,41.963],[27.5665,41.9939],[27.48,42.0689],[27.4477,42.1148],[27.4486,42.1508],[27.4247,42.1854],[27.19,42.3889],[27.1557,42.4676],[27.1685,42.5959],[27.2145,42.6699],[27.3195,42.7457],[27.3331,42.7906],[27.3017,42.849],[27.3027,42.8677],[27.3252,42.9002],[27.34,42.908],[27.4151,42.908],[27.4637,42.9365],[27.6301,43.2591],[27.6904,43.3176],[27.9494,43.4623],[27.9947,43.514],[28.0937,43.834],[28.1337,43.9021],[28.2578,44.04],[28.2861,44.1007],[28.3185,44.416],[28.345,44.4599],[28.3875,44.468]]],[[[27.772,40.465],[27.7792,40.4794],[27.81,40.498],[27.9417,40.4936],[27.9652,40.462],[27.958,40.384],[27.966,40.378],[28.074,40.378],[28.082,40.384],[28.0892,40.4194],[28.12,40.438],[28.16,40.438],[28.1794,40.4218],[28.1596,40.3889],[28.1553,40.3326],[28.1185,40.308],[27.682,40.308],[27.6882,40.356],[27.7082,40.3735],[27.7661,40.3856],[27.772,40.465]]],[[[27.714,40.6145],[27.6045,40.577],[27.536,40.602],[27.5265,40.639],[27.605,40.6635],[27.6575,40.653],[27.714,40.6145]]],[[[26.6427,39.041],[26.6405,39.0236],[26.598,38.9742],[26.2983,38.9204],[26.208,38.9296],[26.1228,38.966],[26.0781,39.0217],[26.0789,39.0905],[26.0464,39.1221],[25.8316,39.1637],[25.818,39.1754],[25.8061,39.2092],[25.8122,39.2295],[25.996,39.3692],[26.06,39.398],[26.1682,39.3908],[26.4673,39.3448],[26.5406,39.2925],[26.6427,39.041]]],[[[26.2832,38.4937],[26.2749,38.512],[26.2791,38.5152],[26.2933,38.4985],[26.2832,38.4937]]],[[[25.8688,38.462],[25.8281,38.4666],[25.8197,38.5214],[25.8778,38.644],[25.93,38.688],[25.9758,38.687],[26.0365,38.666],[26.1901,38.5859],[26.2203,38.5344],[26.2699,38.518],[26.2525,38.502],[26.2481,38.5094],[26.2273,38.5098],[26.1372,38.1902],[26.0641,38.142],[25.9259,38.142],[25.8708,38.182],[25.8643,38.197],[25.8795,38.4404],[25.8688,38.462]]],[[[25.6998,35.2978],[25.7061,35.2832],[25.7003,35.1746],[25.7287,35.1534],[26.1844,35.2031],[26.2002,35.1968],[26.2255,35.1605],[26.1769,35.0892],[26.097,35.0497],[24.8649,34.9844],[24.7999,35.0193],[24.7558,35.1435],[24.7108,35.172],[24.4051,35.176],[23.7129,35.2417],[23.6543,35.2913],[23.6106,35.4806],[23.6155,35.4975],[23.664,35.538],[24.116,35.538],[24.1686,35.5016],[24.1754,35.4861],[24.1709,35.4275],[24.1995,35.3867],[24.2683,35.3546],[24.3459,35.338],[25.646,35.338],[25.6998,35.2978]]],[[[26.1475,34.9431],[26.1498,34.9333],[26.133,34.9226],[26.1219,34.9359],[26.1343,34.9463],[26.1475,34.9431]]],[[[25.6984,40.2561],[25.725,40.2999],[25.74,40.308],[25.9929,40.308],[26.046,40.2717],[26.0528,40.2548],[26.0363,40.1785],[25.9776,40.1338],[25.749,40.0909],[25.694,40.1208],[25.6859,40.1377],[25.6984,40.2561]]],[[[25.7297,34.8726],[25.7096,34.8659],[25.6801,34.8745],[25.688,34.8813],[25.7299,34.8815],[25.7297,34.8726]]],[[[25.589,40.398],[25.4665,40.456],[25.4615,40.4815],[25.576,40.5145],[25.6565,40.496],[25.6905,40.4475],[25.589,40.398]]],[[[25.3452,37.1402],[25.36,37.148],[25.5325,37.148],[25.5797,37.1107],[25.5854,37.0961],[25.5804,37.0311],[25.5726,37.0177],[25.515,36.982],[25.375,36.982],[25.3216,37.0182],[25.3146,37.0339],[25.3227,37.1077],[25.3452,37.1402]]],[[[25.5078,38.5526],[25.523,38.5456],[25.5182,38.5291],[25.4937,38.5322],[25.5078,38.5526]]],[[[25.4693,40.0081],[25.4761,39.9932],[25.4698,39.875],[25.4138,39.8255],[25.0169,39.822],[25.0034,39.8281],[24.9697,39.8712],[25.0366,40.005],[25.0781,40.0434],[25.4243,40.044],[25.4693,40.0081]]],[[[25.463,37.47],[25.395,37.418],[25.307,37.412],[25.348,37.508],[25.463,37.47]]],[[[25.273,36.72],[25.2625,36.7675],[25.307,36.795],[25.3995,36.728],[25.395,36.679],[25.338,36.6685],[25.273,36.72]]],[[[25.0954,37.492],[25.03,37.5297],[24.9833,37.6699],[24.9961,37.7239],[25.18,37.728],[25.2421,37.6903],[25.2948,37.5506],[25.2908,37.5322],[25.2446,37.492],[25.0954,37.492]]],[[[25.28,37.049],[25.2045,36.989],[25.1035,37.013],[25.15,37.1105],[25.21,37.144],[25.2595,37.124],[25.28,37.049]]],[[[25.2367,35.4274],[25.1841,35.4444],[25.2226,35.4637],[25.2461,35.4497],[25.2367,35.4274]]],[[[24.6989,37.7999],[24.6656,37.8684],[24.6702,37.995],[24.6947,38.0394],[24.71,38.048],[24.7583,38.0459],[24.8124,38.017],[25.0567,37.8013],[25.0436,37.7534],[25.031,37.7417],[24.8778,37.7034],[24.7956,37.719],[24.6989,37.7999]]],[[[24.9565,37.397],[24.8965,37.3715],[24.868,37.4145],[24.9435,37.4355],[24.9565,37.397]]],[[[24.5243,40.5814],[24.4807,40.7706],[24.4995,40.8246],[24.7626,40.828],[24.8178,40.7881],[24.8243,40.7724],[24.8115,40.644],[24.7575,40.5858],[24.5994,40.5438],[24.5344,40.569],[24.5243,40.5814]]],[[[24.4882,39.0041],[24.6408,38.9546],[24.6861,38.8932],[24.6798,38.775],[24.6691,38.7594],[24.6125,38.741],[24.3864,38.8412],[24.342,38.9025],[24.342,38.9675],[24.3647,39.0094],[24.38,39.018],[24.4882,39.0041]]],[[[24.515,37.206],[24.5345,37.1485],[24.4505,37.13],[24.4435,37.1785],[24.515,37.206]]],[[[24.478,37.391],[24.412,37.324],[24.368,37.412],[24.4305,37.446],[24.478,37.391]]],[[[24.3975,37.5462],[24.3051,37.51],[24.2367,37.534],[24.2017,37.599],[24.2021,37.6584],[24.2528,37.709],[24.2928,37.7265],[24.34,37.728],[24.3933,37.686],[24.4283,37.621],[24.4289,37.6052],[24.3975,37.5462]]],[[[24.3426,38.8341],[24.3524,38.85],[24.3729,38.8407],[24.3595,38.8294],[24.3426,38.8341]]],[[[23.0696,38.8933],[23.0267,38.8811],[22.9763,38.7747],[22.9956,38.7419],[23.1316,38.7005],[23.203,38.6536],[23.2986,38.5258],[23.3608,38.498],[23.5759,38.498],[23.6004,38.5209],[23.5521,38.7001],[23.5585,38.719],[23.6087,38.7509],[23.9908,38.6934],[24.0737,38.6581],[24.1637,38.5839],[24.1958,38.513],[24.1801,38.2548],[24.1316,38.2063],[24.0466,38.202],[24.0156,38.1755],[23.9998,37.875],[23.9901,37.8599],[23.931,37.8348],[23.3294,38.0005],[23.262,38.0479],[23.2244,38.114],[23.1688,38.142],[23.027,38.142],[22.9719,38.178],[22.9646,38.1939],[22.969,38.2514],[22.9366,38.2889],[22.6388,38.3881],[22.5516,38.402],[21.2294,38.4037],[21.1533,38.4416],[20.9791,38.6951],[20.9182,38.735],[20.7686,38.7799],[20.7452,38.8236],[20.746,38.842],[20.8683,39.0291],[20.8537,39.0583],[20.7184,39.0995],[20.6517,39.1481],[20.6097,39.2297],[20.6437,39.2721],[20.657,39.278],[21.258,39.278],[21.2954,39.3006],[21.2992,39.3465],[21.2745,39.3957],[20.9593,39.6695],[20.9263,39.7347],[20.9289,39.8001],[20.8959,39.8301],[20.6033,39.8752],[20.5489,39.923],[20.5434,39.9366],[20.5507,40.1248],[20.5835,40.1957],[20.8657,40.463],[20.894,40.5205],[20.9,40.6402],[20.889,40.662],[20.86,40.662],[20.844,40.6717],[20.8234,40.7166],[20.8305,40.8994],[20.8002,40.9494],[20.5673,41.0922],[20.5196,41.1647],[20.4864,41.6922],[20.5224,41.7596],[20.7029,41.8968],[20.732,41.9473],[20.7363,42.0192],[20.7781,42.0681],[21.0317,42.1703],[21.0954,42.1874],[21.2757,42.188],[21.3298,42.2157],[21.3794,42.284],[21.4541,42.3236],[22.4137,42.4391],[22.4582,42.409],[22.4661,42.3932],[22.4601,42.2794],[22.4858,42.2241],[22.5683,42.1526],[22.6333,42.128],[22.7164,42.1268],[22.7874,42.0999],[23.0287,41.8922],[23.1011,41.8593],[23.4073,41.8057],[23.484,41.7657],[23.6565,41.5637],[23.6954,41.538],[23.73,41.538],[23.7464,41.5274],[23.7641,41.4823],[23.7521,41.3686],[23.7759,41.314],[23.8591,41.2419],[23.9044,41.218],[23.9518,41.2136],[23.9933,41.176],[24.0262,41.1149],[24.0824,41.0769],[24.3087,41.0274],[24.3638,40.9926],[24.3549,40.942],[24.3156,40.9047],[24.0495,40.7445],[23.961,40.7326],[23.7476,40.7808],[23.7133,40.7628],[23.7021,40.6508],[23.7314,40.6099],[23.8155,40.574],[23.8462,40.5097],[23.7681,40.2596],[23.7024,40.2244],[23.0005,40.3916],[22.9304,40.4484],[22.8885,40.5621],[22.8422,40.5828],[22.624,40.5418],[22.5851,40.5058],[22.5609,40.1431],[22.5872,40.118],[22.66,40.118],[22.6745,40.1106],[22.6992,40.0766],[22.7011,40.0587],[22.6443,39.9324],[22.6574,39.8834],[23.1259,39.4812],[23.1117,39.4338],[23.0987,39.4226],[22.874,39.3734],[22.8353,39.336],[22.8209,39.1068],[22.8404,39.0973],[22.9204,39.1305],[23.0075,39.1267],[23.4584,38.9055],[23.4684,38.8892],[23.468,38.8523],[23.4572,38.836],[23.37,38.7995],[23.282,38.8012],[23.0696,38.8933]]],[[[24.33,39.3535],[24.321,39.3308],[24.3124,39.3348],[24.3174,39.3566],[24.3226,39.3688],[24.33,39.3535]]],[[[24.1579,39.4061],[24.1729,39.4275],[24.1802,39.3875],[24.1534,39.3621],[24.1423,39.371],[24.1579,39.4061]]],[[[24.118,37.6681],[24.1052,37.6453],[24.0999,37.6594],[24.1264,37.743],[24.1432,37.7527],[24.1511,37.7341],[24.118,37.6681]]],[[[24.1104,39.0696],[24.099,39.0924],[24.1174,39.1031],[24.1138,39.0774],[24.1241,39.0629],[24.1004,39.0555],[24.1104,39.0696]]],[[[23.9597,37.6428],[23.9356,37.6459],[23.9387,37.6571],[23.9534,37.6568],[23.9597,37.6428]]],[[[23.9261,37.467],[23.8981,37.4945],[23.9339,37.4785],[23.9426,37.4632],[23.9261,37.467]]],[[[23.5852,38.782],[23.5802,38.752],[23.55,38.7251],[23.5,38.722],[23.4708,38.7414],[23.4648,38.758],[23.4698,38.788],[23.5,38.8149],[23.55,38.818],[23.5792,38.7986],[23.5852,38.782]]],[[[22.9146,36.142],[22.8611,36.1822],[22.8548,36.1972],[22.8693,36.3855],[22.8919,36.4288],[22.9075,36.438],[22.9425,36.438],[23.0064,36.4193],[23.088,36.3836],[23.1328,36.3244],[23.1298,36.195],[23.0764,36.1458],[22.9146,36.142]]],[[[21.7157,36.9022],[21.6698,37.147],[21.651,37.172],[21.6088,37.1759],[21.5945,37.2206],[21.6798,37.498],[21.6921,37.5121],[21.7451,37.528],[22.0449,37.528],[22.1323,37.4971],[22.2153,37.4252],[22.2491,37.4291],[22.2848,37.4872],[22.3287,37.524],[22.38,37.528],[22.4455,37.5045],[22.8225,37.2866],[22.876,37.2274],[23.064,36.6975],[23.0369,36.6801],[23.0178,36.6829],[22.8513,36.8277],[22.7819,36.852],[22.6498,36.852],[22.5987,36.8234],[22.5349,36.6887],[22.4725,36.652],[22.3873,36.6552],[22.3307,36.6985],[22.2177,37.0134],[22.17,37.042],[21.9611,37.042],[21.9256,37.0149],[21.9136,36.8923],[21.86,36.852],[21.7691,36.8557],[21.7157,36.9022]]],[[[22.9251,36.4691],[22.9294,36.4841],[22.9526,36.5055],[22.9767,36.5075],[22.9894,36.4704],[22.986,36.4582],[22.9658,36.4761],[22.9406,36.4661],[22.9251,36.4691]]],[[[21.302,37.8143],[21.2932,37.822],[21.26,37.822],[21.2308,37.8414],[21.2248,37.858],[21.232,37.945],[21.2592,37.9744],[21.3032,37.978],[21.312,37.9857],[21.312,38.075],[21.3192,38.0894],[21.35,38.108],[21.3981,38.106],[21.4529,38.0779],[21.62,37.9398],[21.6536,37.8755],[21.6504,37.8011],[21.6426,37.7876],[21.5845,37.752],[21.34,37.752],[21.3082,37.774],[21.302,37.8143]]],[[[21.5466,37.0323],[21.549,37.0454],[21.5373,37.0574],[21.5528,37.0644],[21.5466,37.0323]]],[[[20.6247,37.9094],[20.64,37.918],[20.8959,37.9139],[20.94,37.878],[20.9466,37.8634],[20.9393,37.6752],[20.9304,37.6604],[20.8723,37.6323],[20.6498,37.6826],[20.5939,37.7468],[20.6002,37.865],[20.6247,37.9094]]],[[[20.505,38.4372],[20.5562,38.4369],[20.616,38.4146],[20.7717,38.3266],[20.8161,38.2532],[20.8097,38.125],[20.8013,38.1107],[20.7424,38.0789],[20.3523,38.1405],[20.3039,38.1968],[20.3102,38.315],[20.3559,38.3786],[20.4428,38.419],[20.505,38.4372]]],[[[5.372,43.3693],[5.3342,43.4019],[5.1054,43.4435],[5.01,43.452],[4.2292,43.452],[4.1679,43.4873],[4.1596,43.5011],[4.1553,43.5571],[4.1156,43.582],[3.9013,43.582],[3.8161,43.5622],[3.0325,43.1569],[3.0001,43.109],[3.026,42.6001],[3.0522,42.5397],[3.1665,42.4121],[3.1879,42.3394],[3.0611,41.8715],[3.0204,41.8645],[3.0038,41.8726],[2.7062,42.3277],[2.702,42.3845],[2.7092,42.3994],[2.7442,42.4256],[2.755,42.4663],[2.659,42.9811],[2.6798,43.0348],[2.7189,43.038],[2.7299,43.0597],[2.7264,43.1832],[2.7671,43.2489],[3.4034,43.6612],[3.4956,43.6949],[4.6791,43.8706],[4.7752,43.8608],[5.8317,43.4444],[5.9209,43.428],[6.5408,43.428],[6.6021,43.3927],[6.6104,43.3789],[6.6154,43.3139],[6.5637,43.2459],[6.3298,43.1508],[6.26,43.132],[5.8439,43.1329],[5.7551,43.1617],[5.6556,43.2378],[5.578,43.262],[5.4392,43.262],[5.3801,43.2975],[5.372,43.3125],[5.372,43.3693]]]]},"properties":{"id":"territory:Greek City-States:-164","name":"Greek City-States","name_en":"Greek City-States","actor":"기타중립","valid_from":-164,"valid_to":-144,"span_from":-800,"span_to":83,"color":"#87A960","wikidata":"Q148837","area":206487,"src":"cliopatria","confidence":"medium","finish":"chaikin1cap4km+grow2km+islands+s600m","islands":24,"island_rule":"nearest<=40km"}},{"type":"Feature","geometry":{"type":"Point","coordinates":[22.175,40.327]},"properties":{"id":"territory:Greek City-States:-164:label","name":"Greek City-States","name_en":"Greek City-States","actor":"기타중립","valid_from":-164,"valid_to":-144,"span_from":-800,"span_to":83,"color":"#87A960","wikidata":"Q148837","area":206487,"src":"cliopatria","confidence":"medium"}},{"type":"Feature","geometry":{"type":"Polygon","coordinates":[[[80.0826,42.022],[80.0233,42.0047],[79.0599,41.5918],[78.9602,41.572],[78.8226,41.572],[78.7449,41.5474],[78.1548,41.0824],[78.0674,41.0473],[77.5807,40.988],[77.4588,40.986],[77.4522,40.9975],[77.4791,41.0288],[77.5248,41.1593],[77.5225,41.1756],[77.4792,41.2298],[77.3565,41.2632],[77.3322,41.2976],[77.3748,41.4193],[77.3702,41.4382],[77.3339,41.473],[77.0305,41.478],[76.9446,41.4962],[76.7518,41.5857],[76.7089,41.6313],[76.6962,41.6865],[76.7145,41.7391],[76.7889,41.8187],[76.7674,41.8636],[76.7536,41.8725],[76.2383,41.9224],[76.2256,41.9409],[76.3208,42.0678],[76.3241,42.082],[76.3151,42.1284],[76.305,42.1413],[76.245,42.169],[76.2195,42.2107],[76.2266,42.3934],[76.2209,42.4072],[76.1652,42.4551],[75.8171,42.5093],[75.7934,42.538],[75.8838,42.7791],[75.8678,42.8621],[75.7495,43.0012],[75.6732,43.0472],[75.2559,43.1543],[75.2245,43.1911],[75.2706,43.5124],[75.2345,43.5792],[74.9314,43.7866],[74.9205,43.8291],[75.0439,44.0178],[75.0457,44.034],[75.0261,44.0859],[74.5637,44.3141],[74.5422,44.3538],[74.5651,44.4212],[74.5517,44.4841],[74.4295,44.6312],[74.3525,44.6827],[74.0846,44.7794],[74.0512,44.8215],[74.0652,45.0027],[74.0494,45.0411],[74.07,45.058],[74.1022,45.058],[74.127,45.0844],[74.2181,45.3349],[74.2035,45.3717],[74.1358,45.4085],[74.1163,45.471],[74.2901,45.9317],[74.3664,45.9846],[74.6946,46.0304],[74.749,46.0664],[74.8497,46.322],[74.9205,46.3813],[75.4789,46.5531],[75.5398,46.5427],[75.5368,46.5083],[75.5632,46.498],[77.3402,46.498],[77.3991,46.4693],[77.3912,46.4371],[77.4134,46.428],[77.5669,46.4267],[77.6427,46.396],[77.7061,46.3242],[77.7454,46.298],[77.78,46.298],[77.7951,46.2898],[77.8212,46.2458],[77.8441,46.0017],[77.8783,45.9467],[77.9958,45.8601],[78.0332,45.7924],[78.0212,45.6015],[78.0552,45.5586],[78.312,45.4633],[78.386,45.4142],[78.5556,45.2148],[78.6242,45.1772],[79.4957,44.9975],[79.544,44.9705],[79.5518,44.9614],[79.5477,44.9363],[79.5727,44.928],[79.9567,44.9267],[80.0111,44.9005],[80.0056,44.8643],[80.0343,44.8424],[80.3693,44.7411],[80.4105,44.6854],[80.412,44.6686],[80.3331,44.4821],[80.3353,44.468],[80.36,44.468],[80.376,44.4582],[80.3964,44.4133],[80.3797,44.0287],[80.4017,43.9685],[80.7278,43.5823],[80.7427,43.5106],[80.7137,43.4401],[80.7228,43.3872],[80.782,43.311],[80.7831,43.2492],[80.6627,43.0949],[80.59,43.062],[80.5169,43.062],[80.488,43.0361],[80.4838,42.9145],[80.44,42.8615],[80.344,42.8217],[80.2998,42.7758],[80.1645,42.0722],[80.1343,42.0292],[80.0826,42.022]]]},"properties":{"id":"territory:Wusun:-170","name":"Wusun","name_en":"Wusun","actor":"기타중립","valid_from":-170,"valid_to":-144,"span_from":-170,"span_to":450,"color":"#9160A9","wikidata":"Q854062","area":202950,"src":"cliopatria","confidence":"medium","finish":"chaikin1cap4km+grow2km+islands+s600m","islands":0}},{"type":"Feature","geometry":{"type":"Point","coordinates":[77.416,43.943]},"properties":{"id":"territory:Wusun:-170:label","name":"Wusun","name_en":"Wusun","actor":"기타중립","valid_from":-170,"valid_to":-144,"span_from":-170,"span_to":450,"color":"#9160A9","wikidata":"Q854062","area":202950,"src":"cliopatria","confidence":"medium"}},{"type":"Feature","geometry":{"type":"MultiPolygon","coordinates":[[[[40.359,43.5444],[40.3536,43.5101],[40.3793,43.4543],[40.4343,43.4145],[41.1141,43.2366],[41.1755,43.192],[41.2093,43.1243],[41.2642,43.0844],[41.4071,43.0439],[41.446,42.9993],[41.45,42.9835],[41.4312,42.9109],[41.39,42.872],[41.21,42.872],[41.148,42.9072],[41.1172,42.9772],[41.0677,43.0231],[40.857,43.1144],[40.7689,43.132],[40.4693,43.132],[40.3888,43.1648],[40.2327,43.364],[40.167,43.392],[40.0293,43.392],[39.9433,43.4211],[39.6428,43.7008],[39.6645,43.7337],[39.681,43.7397],[40.3649,43.6257],[40.3995,43.5984],[40.4054,43.5837],[40.359,43.5444]]],[[[36.7228,41.329],[36.8072,41.3241],[37.0404,41.1713],[37.107,41.1658],[37.1828,41.199],[37.2321,41.184],[37.2428,41.1648],[37.2344,41.1103],[37.2637,41.088],[37.7224,41.088],[37.7933,41.0534],[37.8283,40.9866],[37.8781,40.967],[38.1182,41.009],[38.1945,40.9895],[38.2788,40.9142],[38.3464,40.8976],[38.8978,41.0079],[38.936,41.0289],[38.9483,41.068],[38.9962,41.0963],[39.1656,41.1371],[39.2591,41.1315],[39.7012,40.973],[39.7875,40.9625],[40.3661,41.0158],[40.4,40.982],[40.44,40.982],[40.4633,40.9953],[40.4778,40.959],[40.5549,40.8874],[40.5765,40.8353],[40.5681,40.781],[40.5277,40.7406],[40.448,40.7125],[40.361,40.698],[39.6698,40.698],[39.5895,40.7189],[39.442,40.8053],[39.3525,40.828],[39.0423,40.8272],[38.9604,40.8024],[38.8463,40.7211],[38.7698,40.698],[37.9195,40.698],[37.8368,40.7171],[37.4075,40.9359],[37.3205,40.9671],[36.5648,41.1362],[36.5341,41.1685],[36.5428,41.2248],[36.5289,41.262],[36.55,41.278],[36.5874,41.278],[36.7228,41.329]]],[[[39.9347,43.75],[39.9465,43.7967],[39.98,43.818],[40.0327,43.8127],[40.0553,43.78],[40.0435,43.7333],[40.01,43.712],[39.9573,43.7173],[39.9347,43.75]]],[[[34.9967,36.6708],[34.9335,36.688],[34.9223,36.6998],[34.8852,36.8234],[34.8398,36.852],[34.6274,36.852],[34.5513,36.8316],[34.2967,36.6773],[34.2413,36.6268],[34.0168,36.3108],[33.9438,36.2697],[33.3174,36.2066],[33.2334,36.1886],[32.7572,36.027],[32.6725,36.012],[32.5975,36.012],[32.5385,36.0502],[32.4946,36.1774],[32.4565,36.2352],[32.0896,36.568],[32.0206,36.6013],[31.8003,36.6439],[31.7529,36.6723],[31.7447,36.69],[31.7493,36.722],[32.5055,36.7786],[32.5938,36.8109],[32.6929,36.8866],[32.7423,36.8848],[32.8181,36.8144],[32.9,36.7831],[33.0595,36.7829],[33.1435,36.8114],[33.4067,37.0187],[33.48,37.0481],[33.9467,37.1065],[33.9879,37.1434],[34.0379,37.121],[34.2637,37.1654],[34.341,37.2056],[34.5417,37.4063],[34.6091,37.432],[34.841,37.4334],[34.9197,37.4674],[35.034,37.5952],[35.0976,37.6173],[35.6228,37.5665],[35.7175,37.5794],[35.9657,37.6772],[36.0392,37.722],[36.329,37.9865],[36.3955,38.004],[37.0622,37.8899],[37.123,37.9164],[37.1328,37.9298],[37.1416,37.9874],[37.1821,38.0169],[37.7151,38.0677],[37.7616,38.0664],[37.7661,38.0497],[37.6698,37.7446],[37.685,37.6923],[37.9732,37.4205],[38.0035,37.3421],[37.9828,37.1694],[38.0095,37.1216],[38.153,37.0368],[38.1928,36.9648],[38.1769,36.889],[38.1209,36.8425],[37.6473,36.7325],[37.5424,36.722],[37.4857,36.7067],[37.2399,36.6083],[37.1533,36.6106],[36.1956,37.025],[36.123,37.0269],[36.0502,36.9996],[36.0119,36.9592],[35.9992,36.8915],[35.96,36.852],[35.9133,36.8533],[35.8758,36.8683],[35.843,36.8952],[35.8099,36.8864],[35.5314,36.6243],[35.4566,36.5933],[35.37,36.592],[35.289,36.6141],[35.1408,36.7009],[35.0738,36.7046],[34.9967,36.6708]]],[[[35.1847,45.2791],[35.1924,45.2616],[35.1739,45.1385],[35.1838,45.118],[35.2175,45.118],[35.2309,45.1119],[35.2353,45.0979],[35.2276,45.0576],[35.1709,44.9905],[35.148,44.9502],[35.148,44.925],[35.1377,44.9088],[35.0838,44.8837],[34.4343,44.7712],[34.3536,44.7383],[33.9759,44.4614],[33.8792,44.432],[33.5708,44.432],[33.4937,44.481],[33.4617,44.62],[33.4794,44.6645],[33.5206,44.668],[33.5375,44.6924],[33.5866,45.0602],[33.5566,45.1078],[33.2537,45.2728],[33.2645,45.3076],[33.2808,45.318],[33.5959,45.3167],[33.6798,45.2808],[33.9034,45.0173],[33.9625,45.0062],[34.5515,45.2399],[34.6484,45.2631],[35.1399,45.3097],[35.1847,45.2791]]],[[[34.8337,42.0062],[35.0828,42.0466],[35.1255,42.0193],[35.1337,42.0021],[35.1112,41.8117],[34.9813,41.9023],[34.8999,41.9337],[34.8161,41.9466],[34.8111,41.9631],[34.8196,41.9934],[34.8337,42.0062]]],[[[31.3846,41.2794],[31.3958,41.2934],[31.6411,41.39],[31.6577,41.3882],[31.6898,41.361],[31.6235,41.225],[31.5819,41.1866],[31.5255,41.1826],[31.4658,41.1983],[31.3819,41.2361],[31.3846,41.2794]]],[[[29.6622,46.0014],[30.1451,46.3964],[30.2018,46.426],[30.2449,46.428],[30.2871,46.4541],[30.4184,46.5923],[30.4973,46.6454],[31.0148,46.866],[31.055,46.9123],[31.0596,46.9763],[31.0692,46.991],[31.1227,47.0187],[31.5215,46.9651],[31.5768,46.9173],[31.5823,46.9015],[31.5533,46.713],[31.4874,46.6647],[30.9356,46.662],[30.8658,46.6337],[30.3393,45.9801],[30.2608,45.9315],[30.0954,45.8863],[30.024,45.8453],[29.8939,45.7038],[29.8079,45.672],[29.6621,45.672],[29.6032,45.7114],[29.5961,45.7278],[29.6182,45.9262],[29.6622,46.0014]]],[[[25.2544,41.2648],[26.4535,41.0947],[26.5381,41.104],[26.938,41.2591],[26.988,41.3049],[27.06,41.4919],[27.1292,41.5292],[27.4361,41.4849],[27.4895,41.4409],[27.4954,41.4261],[27.4911,41.3701],[27.5167,41.348],[27.5852,41.348],[27.6341,41.3763],[27.6965,41.495],[27.7685,41.551],[28.0907,41.6532],[28.1777,41.653],[28.2592,41.6217],[28.3135,41.5674],[28.3551,41.4356],[28.4037,41.3973],[28.9377,41.2871],[28.9879,41.24],[28.9928,41.2248],[28.9846,41.1718],[29.0099,41.1568],[29.3205,41.2098],[29.3694,41.1794],[29.3754,41.1595],[29.2887,40.8992],[29.2773,40.8878],[29.2257,40.8705],[29.1253,40.9122],[29.0903,40.9622],[29.0954,41.0282],[29.0701,41.0432],[28.7595,40.9902],[28.65,40.982],[28.5834,41.0067],[28.4405,41.0911],[28.3601,41.112],[28.2215,41.112],[28.1599,41.0839],[28.1084,41.015],[28.0308,40.9882],[27.5784,41.0457],[27.5094,41.0259],[27.2221,40.755],[27.1399,40.7184],[27.0945,40.7128],[27.0667,40.7512],[27.0527,40.758],[26.8273,40.758],[26.7677,40.7225],[26.7574,40.6767],[26.6671,40.6671],[26.5089,40.6741],[26.5105,40.7011],[26.4997,40.7091],[26.2932,40.7577],[26.2456,40.7574],[26.1152,40.717],[26.0609,40.7588],[26.0546,40.7739],[26.059,40.8312],[26.0259,40.8677],[25.8901,40.909],[25.8006,40.924],[24.3998,40.98],[24.3248,40.9581],[24.0469,40.7479],[23.9604,40.7328],[23.7481,40.7807],[23.7133,40.7627],[23.7021,40.6508],[23.7314,40.6099],[23.8155,40.574],[23.8462,40.5097],[23.7681,40.2596],[23.7577,40.2483],[23.6905,40.2251],[23.3106,40.3301],[23.21,40.342],[23.1923,40.3567],[23.2202,40.3879],[23.3917,40.8251],[23.4419,40.8714],[24.0046,41.0965],[24.0514,41.1336],[24.058,41.1477],[24.1045,41.1474],[24.2355,41.1031],[24.3062,41.1066],[24.6319,41.2575],[24.7239,41.2776],[25.1462,41.2756],[25.1565,41.3267],[25.19,41.348],[25.2427,41.3427],[25.2653,41.31],[25.2544,41.2648]]],[[[27.6904,43.3176],[27.9494,43.4623],[27.9947,43.514],[28.0937,43.834],[28.1337,43.9021],[28.2578,44.04],[28.2861,44.1007],[28.3185,44.416],[28.345,44.4599],[28.3875,44.468],[28.3946,44.4871],[28.3592,44.671],[28.3873,44.7516],[28.6034,44.958],[28.68,44.988],[28.7714,44.9839],[28.8215,44.936],[28.8542,44.6177],[28.8158,44.54],[28.6282,44.403],[28.5939,44.3482],[28.5619,44.0289],[28.5715,44.008],[28.6107,44.0044],[28.6279,43.9501],[28.5068,43.5006],[28.4306,43.452],[28.2169,43.452],[28.1996,43.4344],[28.2283,43.381],[28.227,43.3618],[28.1966,43.3206],[27.954,43.2716],[27.8879,43.2347],[27.8405,43.1732],[27.8238,43.1132],[27.8679,42.8069],[27.8606,42.7605],[27.8127,42.7265],[27.5642,42.6315],[27.5237,42.5865],[27.512,42.4698],[27.541,42.4198],[27.7716,42.2785],[27.8295,42.2114],[27.9243,41.9509],[27.9176,41.93],[27.8689,41.9031],[27.6505,41.9527],[27.5859,41.9783],[27.5525,42.0058],[27.5425,41.9801],[27.52,41.9651],[27.4583,41.9664],[27.4348,41.998],[27.4388,42.022],[27.3882,42.0265],[27.362,42.0575],[27.3682,42.106],[27.3882,42.1235],[27.4142,42.128],[27.3341,42.2042],[27.3062,42.265],[27.309,42.3319],[27.279,42.3699],[27.1954,42.4045],[27.1557,42.4676],[27.1685,42.596],[27.1984,42.6723],[27.6224,43.2587],[27.6904,43.3176]],[[27.478,42.071],[27.4779,42.0573],[27.4925,42.058],[27.478,42.071]]],[[[27.7546,40.378],[27.7661,40.3856],[27.772,40.465],[27.7792,40.4794],[27.81,40.498],[27.9417,40.4936],[27.9652,40.462],[27.958,40.384],[27.966,40.378],[28.074,40.378],[28.082,40.384],[28.0892,40.4194],[28.12,40.438],[28.16,40.438],[28.1794,40.4218],[28.1596,40.3889],[28.1553,40.3326],[28.1185,40.308],[27.682,40.308],[27.6882,40.356],[27.72,40.378],[27.7546,40.378]]],[[[26.5406,39.2925],[26.6427,39.041],[26.6405,39.0236],[26.598,38.9742],[26.2983,38.9204],[26.2028,38.931],[26.1156,38.9717],[26.0781,39.0217],[26.0789,39.0905],[26.0464,39.1221],[25.8316,39.1637],[25.818,39.1754],[25.8061,39.2092],[25.8122,39.2295],[25.996,39.3692],[26.06,39.398],[26.1682,39.3908],[26.4748,39.3417],[26.5406,39.2925]]],[[[26.0641,38.142],[25.9259,38.142],[25.8708,38.182],[25.8643,38.197],[25.8795,38.4404],[25.8688,38.462],[25.8281,38.4666],[25.8181,38.5115],[25.8778,38.644],[25.9177,38.6831],[25.97,38.688],[26.0365,38.666],[26.1901,38.5859],[26.2261,38.5231],[26.1295,38.1799],[26.0641,38.142]]],[[[24.8649,34.9844],[24.7999,35.0193],[24.7558,35.1435],[24.7108,35.172],[24.4051,35.176],[23.7129,35.2417],[23.6543,35.2913],[23.6106,35.4806],[23.6155,35.4975],[23.664,35.538],[24.116,35.538],[24.1686,35.5016],[24.1754,35.4861],[24.1709,35.4275],[24.1995,35.3867],[24.2683,35.3546],[24.3459,35.338],[25.646,35.338],[25.6998,35.2978],[25.7061,35.2832],[25.7003,35.1746],[25.7287,35.1534],[26.1844,35.2031],[26.2002,35.1968],[26.2213,35.1715],[26.2219,35.1492],[26.1769,35.0892],[26.104,35.0515],[24.8649,34.9844]]],[[[26.046,40.2717],[26.0528,40.2548],[26.0428,40.1898],[25.9856,40.1375],[25.749,40.0909],[25.694,40.1208],[25.6859,40.1377],[25.6984,40.2561],[25.725,40.2999],[25.74,40.308],[26.0039,40.3042],[26.046,40.2717]]],[[[25.5854,37.0961],[25.5804,37.0311],[25.5251,36.9852],[25.375,36.982],[25.3216,37.0182],[25.3146,37.0339],[25.3196,37.0989],[25.3452,37.1402],[25.36,37.148],[25.5447,37.1432],[25.5854,37.0961]]],[[[25.4693,40.0081],[25.4761,39.9932],[25.4698,39.875],[25.4138,39.8255],[25.0169,39.822],[25.0034,39.8281],[24.9697,39.8712],[25.0366,40.005],[25.0781,40.0434],[25.4131,40.048],[25.4693,40.0081]]],[[[25.2491,37.6813],[25.2948,37.5506],[25.2908,37.5322],[25.2446,37.492],[25.0858,37.4948],[25.0223,37.5398],[24.9833,37.6699],[24.9899,37.7135],[25.0075,37.728],[25.18,37.728],[25.2491,37.6813]]],[[[24.6947,38.0394],[24.71,38.048],[24.7583,38.0459],[24.809,38.0193],[25.0511,37.8101],[25.0564,37.7908],[25.0436,37.7534],[25.031,37.7417],[24.8778,37.7034],[24.7876,37.723],[24.6989,37.7999],[24.6656,37.8684],[24.6728,38.0035],[24.6947,38.0394]]],[[[24.8178,40.7881],[24.8243,40.7724],[24.8061,40.6329],[24.7493,40.5813],[24.5994,40.5438],[24.5344,40.569],[24.5243,40.5814],[24.4807,40.7706],[24.4995,40.8246],[24.7626,40.828],[24.8178,40.7881]]],[[[24.3647,39.0094],[24.38,39.018],[24.42,39.018],[24.6322,38.9603],[24.6861,38.8932],[24.6798,38.775],[24.6691,38.7594],[24.6125,38.741],[24.3932,38.836],[24.342,38.9025],[24.3447,38.9769],[24.3647,39.0094]]],[[[24.2928,37.7265],[24.34,37.728],[24.3893,37.6911],[24.4283,37.621],[24.4289,37.6052],[24.3975,37.5462],[24.3051,37.51],[24.2367,37.534],[24.2017,37.599],[24.2021,37.6584],[24.2528,37.709],[24.2928,37.7265]]],[[[23.2987,38.5257],[23.3602,38.498],[23.5764,38.498],[23.6004,38.5208],[23.5521,38.7002],[23.5584,38.7189],[23.6082,38.751],[23.9914,38.6934],[24.0735,38.6582],[24.159,38.5898],[24.1958,38.513],[24.1801,38.2548],[24.1316,38.2063],[24.0466,38.202],[24.0156,38.1755],[23.9998,37.875],[23.9902,37.86],[23.9315,37.8347],[23.3289,38.0006],[23.2619,38.048],[23.2243,38.114],[23.1693,38.142],[23.0157,38.1456],[22.9718,38.1781],[22.9646,38.1939],[22.969,38.2514],[22.937,38.2887],[22.6383,38.3883],[22.5522,38.402],[21.2364,38.402],[21.1606,38.4354],[20.979,38.6952],[20.9187,38.7348],[20.7794,38.7712],[20.7451,38.8237],[20.7459,38.8419],[20.8684,39.0292],[20.8541,39.0582],[20.7179,39.0997],[20.646,39.1456],[20.5362,39.289],[20.5618,39.3305],[20.5764,39.338],[20.8036,39.338],[20.896,39.3137],[21.039,39.2292],[21.1118,39.2209],[21.2575,39.2634],[21.2952,39.2984],[21.2992,39.3465],[21.2746,39.3956],[20.9591,39.6696],[20.9263,39.7347],[20.9289,39.8002],[20.8964,39.8301],[20.6028,39.8752],[20.5495,39.9231],[20.5442,39.937],[20.5599,40.1952],[20.5928,40.2659],[20.8672,40.5335],[20.892,40.5705],[20.892,40.595],[20.9047,40.6108],[20.9479,40.5784],[21.2473,40.4786],[21.2975,40.4349],[21.3404,40.3184],[21.4087,40.2744],[21.8681,40.272],[21.9257,40.2433],[22.1057,39.9242],[22.1801,39.8903],[22.628,39.9517],[22.628,39.9257],[22.6368,39.918],[22.6808,39.9144],[22.7008,39.8994],[22.708,39.8633],[22.7552,39.8527],[22.7727,39.8352],[22.778,39.734],[22.82,39.728],[22.8502,39.7052],[22.8514,39.663],[22.8782,39.6315],[23.1203,39.479],[23.1128,39.4358],[23.0992,39.4227],[22.8735,39.3733],[22.8353,39.3361],[22.8209,39.1068],[22.8404,39.0973],[22.9204,39.1305],[23.0071,39.1269],[23.4587,38.9054],[23.4688,38.8888],[23.468,38.8521],[23.4572,38.836],[23.37,38.7995],[23.2824,38.8011],[23.0664,38.8946],[23.0126,38.8968],[22.9786,38.8741],[22.9707,38.8365],[23.0128,38.7163],[23.0554,38.688],[23.138,38.6861],[23.2075,38.6495],[23.2987,38.5257]]],[[[23.6695,39.118],[23.6655,39.1695],[23.7925,39.118],[23.741,39.0805],[23.6695,39.118]]],[[[23.4648,38.758],[23.4775,38.7999],[23.51,38.818],[23.55,38.818],[23.5792,38.7986],[23.5852,38.782],[23.5725,38.7401],[23.54,38.722],[23.4883,38.7264],[23.4648,38.758]]],[[[22.8919,36.4288],[22.9075,36.438],[22.9425,36.438],[23.0064,36.4193],[23.0955,36.3775],[23.1361,36.3132],[23.1298,36.195],[23.1229,36.1817],[23.0654,36.142],[22.9029,36.1464],[22.8611,36.1822],[22.8548,36.1972],[22.8716,36.393],[22.8919,36.4288]]],[[[21.7157,36.9022],[21.6698,37.147],[21.651,37.172],[21.6088,37.1759],[21.5945,37.2206],[21.6798,37.498],[21.6921,37.5121],[21.7451,37.528],[22.0449,37.528],[22.1323,37.4971],[22.2153,37.4252],[22.2491,37.4291],[22.2848,37.4872],[22.3287,37.524],[22.38,37.528],[22.4455,37.5045],[22.8225,37.2866],[22.876,37.2274],[23.064,36.6975],[23.0369,36.6801],[23.0178,36.6829],[22.8513,36.8277],[22.7819,36.852],[22.6498,36.852],[22.5987,36.8234],[22.5349,36.6887],[22.4725,36.652],[22.3873,36.6552],[22.3307,36.6985],[22.2177,37.0134],[22.17,37.042],[21.9611,37.042],[21.9256,37.0149],[21.9136,36.8923],[21.86,36.852],[21.7691,36.8557],[21.7157,36.9022]]],[[[21.3032,37.978],[21.312,37.9857],[21.312,38.075],[21.3192,38.0894],[21.35,38.108],[21.3981,38.106],[21.4529,38.0779],[21.62,37.9398],[21.6536,37.8755],[21.6504,37.8011],[21.6426,37.7876],[21.5845,37.752],[21.3282,37.7565],[21.302,37.7875],[21.302,37.8143],[21.2932,37.822],[21.2483,37.8264],[21.2248,37.858],[21.232,37.945],[21.2392,37.9594],[21.27,37.978],[21.3032,37.978]]],[[[20.7782,40.9264],[20.7367,40.964],[20.7041,41.0244],[20.6553,41.052],[20.58,41.052],[20.5224,41.0913],[20.469,41.3511],[20.462,41.4343],[20.404,41.4519],[20.3858,41.4878],[20.3902,41.615],[20.4147,41.6594],[20.43,41.668],[20.4599,41.668],[20.4741,41.6913],[20.4865,41.8277],[20.5283,41.8636],[20.6147,41.868],[20.6586,41.8964],[20.7369,42.0905],[20.8,42.128],[20.8754,42.128],[20.9272,42.156],[20.9737,42.2243],[21.0137,42.2393],[21.0318,42.236],[21.0697,42.2028],[21.1038,42.188],[21.14,42.188],[21.1595,42.1711],[21.1397,42.1353],[21.1145,41.7571],[21.145,41.6854],[21.2341,41.606],[21.26,41.5505],[21.2541,41.4319],[21.2196,41.3817],[20.9689,41.2374],[20.9145,41.1771],[20.83,40.922],[20.7782,40.9264]]],[[[20.94,37.878],[20.9466,37.8634],[20.9393,37.6752],[20.9304,37.6604],[20.8723,37.6323],[20.6498,37.6826],[20.5986,37.7338],[20.6002,37.865],[20.6247,37.9094],[20.64,37.918],[20.8959,37.9139],[20.94,37.878]]],[[[20.3039,38.1968],[20.314,38.3252],[20.3628,38.384],[20.505,38.4372],[20.5562,38.4369],[20.6133,38.4159],[20.7717,38.3266],[20.8161,38.2532],[20.8097,38.125],[20.8013,38.1107],[20.7545,38.0815],[20.3523,38.1405],[20.3039,38.1968]]],[[[3.0511,41.8674],[3.0204,41.8645],[3.0038,41.8726],[2.7062,42.3277],[2.702,42.3845],[2.7092,42.3994],[2.7442,42.4256],[2.755,42.4663],[2.6598,42.9907],[2.6798,43.0348],[2.7189,43.038],[2.7299,43.0597],[2.7239,43.1731],[2.7671,43.2489],[3.407,43.663],[3.4956,43.6949],[4.6837,43.8707],[4.7799,43.8596],[5.8317,43.4444],[5.9209,43.428],[6.5408,43.428],[6.6021,43.3927],[6.6104,43.3789],[6.6154,43.3139],[6.5709,43.2512],[6.3278,43.1502],[6.26,43.132],[5.8492,43.132],[5.7551,43.1617],[5.6556,43.2378],[5.578,43.262],[5.4293,43.265],[5.3801,43.2975],[5.372,43.3125],[5.372,43.3693],[5.3342,43.4019],[5.1054,43.4435],[5.01,43.452],[4.2292,43.452],[4.1679,43.4873],[4.1596,43.5011],[4.1553,43.5571],[4.1156,43.582],[3.9013,43.582],[3.8161,43.5622],[3.0325,43.1569],[3.0001,43.109],[3.026,42.6001],[3.0522,42.5397],[3.1665,42.4121],[3.1879,42.3394],[3.0668,41.8806],[3.0511,41.8674]]]]},"properties":{"id":"territory:Greek City-States:-188","name":"Greek City-States","name_en":"Greek City-States","actor":"기타중립","valid_from":-188,"valid_to":-170,"span_from":-800,"span_to":83,"color":"#87A960","wikidata":"Q148837","area":190740,"src":"cliopatria","confidence":"medium","finish":"chaikin1cap4km+grow2km+islands+s600m","islands":1,"island_rule":"nearest<=40km"}},{"type":"Feature","geometry":{"type":"Point","coordinates":[35.411,37.079]},"properties":{"id":"territory:Greek City-States:-188:label","name":"Greek City-States","name_en":"Greek City-States","actor":"기타중립","valid_from":-188,"valid_to":-170,"span_from":-800,"span_to":83,"color":"#87A960","wikidata":"Q148837","area":190740,"src":"cliopatria","confidence":"medium"}},{"type":"Feature","geometry":{"type":"Polygon","coordinates":[[[65.2292,39.5447],[65.2337,39.528],[65.2716,39.5237],[65.2825,39.469],[65.1024,39.0315],[65.1038,39.018],[65.1335,39.0142],[65.1492,38.9692],[65.1068,38.7763],[65.1129,38.758],[65.1508,38.7544],[65.1674,38.7],[65.0986,38.4552],[65.1035,38.438],[65.1446,38.4304],[65.1732,38.3871],[65.2218,38.0717],[65.2545,38.0147],[65.7073,37.6098],[65.7145,37.5382],[65.5057,37.2124],[65.4242,37.172],[64.9808,37.172],[64.9323,37.1433],[64.7279,36.5755],[64.6884,36.5085],[64.516,36.3055],[64.4478,36.2556],[63.6645,35.9007],[63.577,35.8765],[63.192,35.8284],[63.1485,35.7969],[63.1362,35.7438],[63.1423,35.728],[63.1823,35.7231],[63.188,35.6684],[63.0836,35.4746],[63.014,35.4185],[62.3366,35.1874],[62.2661,35.2143],[62.195,35.3435],[62.1398,35.372],[61.8458,35.372],[61.7556,35.388],[61.3349,35.5475],[61.3236,35.561],[61.316,35.601],[61.3232,35.6189],[61.4333,35.6984],[61.4711,35.7528],[61.5535,36.1236],[61.5472,36.142],[61.52,36.142],[61.5038,36.1522],[61.4849,36.1973],[61.5189,36.631],[61.4947,36.686],[60.9651,37.1538],[60.9397,37.1957],[60.9456,37.2335],[60.9278,37.2683],[60.7905,37.415],[60.7681,37.4763],[60.7762,37.5436],[60.7528,37.5807],[60.6791,37.6167],[60.6529,37.667],[60.7122,37.9229],[60.6901,37.9698],[60.55,38.0595],[60.5216,38.1142],[60.5339,38.1867],[60.5168,38.2394],[60.3843,38.3788],[60.3612,38.4502],[60.4033,38.6356],[60.3945,38.6972],[60.3224,38.8283],[60.3107,38.9094],[60.3843,39.2287],[60.4299,39.3],[60.6671,39.4976],[60.7218,39.526],[60.8283,39.5404],[62.4521,40.0342],[62.5477,40.0407],[62.8367,39.995],[62.9245,39.9932],[63.9711,40.1125],[64.0516,40.1364],[64.3435,40.2863],[64.428,40.3168],[65.1878,40.4868],[65.2314,40.5225],[65.245,40.5815],[65.2763,40.6216],[65.3243,40.628],[65.3395,40.6386],[65.3547,40.6772],[65.3797,40.6947],[65.43,40.698],[65.4436,40.6917],[65.4586,40.6742],[65.4564,40.6369],[65.4742,40.628],[65.5474,40.628],[65.6188,40.6487],[66.6045,41.2532],[66.698,41.2655],[66.8314,41.2291],[66.8759,41.1968],[66.8823,41.1776],[66.8723,41.1426],[66.8264,41.0912],[65.8957,40.4304],[65.8435,40.3767],[65.5935,39.9894],[65.5358,39.9315],[65.3161,39.78],[65.2843,39.7466],[65.2292,39.5447]]]},"properties":{"id":"territory:Indo-Scythians:-144","name":"인도스키타이","name_en":"Indo-Scythians","actor":"기타중립","valid_from":-144,"valid_to":-126,"span_from":-144,"span_to":282,"color":"#A99D60","wikidata":"Q240123","area":182869,"src":"cliopatria","confidence":"medium","finish":"chaikin1cap4km+grow2km+islands+s600m","islands":0}},{"type":"Feature","geometry":{"type":"Point","coordinates":[63.099,38.096]},"properties":{"id":"territory:Indo-Scythians:-144:label","name":"인도스키타이","name_en":"Indo-Scythians","actor":"기타중립","valid_from":-144,"valid_to":-126,"span_from":-144,"span_to":282,"color":"#A99D60","wikidata":"Q240123","area":182869,"src":"cliopatria","confidence":"medium"}},{"type":"Feature","geometry":{"type":"MultiPolygon","coordinates":[[[[69.4423,28.3223],[69.438,28.3407],[69.448,28.3707],[69.4875,28.398],[69.5352,28.3927],[69.5552,28.362],[69.5425,28.3201],[69.51,28.302],[69.47,28.302],[69.4423,28.3223]]],[[[67.3214,32.0458],[67.3177,32.0624],[67.3277,32.0974],[67.3565,32.1242],[67.48,32.128],[67.5102,32.1052],[67.5103,32.055],[67.481,32.0258],[67.35,32.022],[67.3214,32.0458]]],[[[66.5298,31.0823],[66.5248,31.098],[66.5375,31.1399],[66.57,31.158],[66.6227,31.1527],[66.6377,31.1377],[66.642,31.1193],[66.632,31.0893],[66.6025,31.0651],[66.5575,31.062],[66.5298,31.0823]]],[[[40.359,43.5444],[40.3536,43.5101],[40.3793,43.4543],[40.4343,43.4145],[41.1141,43.2366],[41.1755,43.192],[41.2093,43.1243],[41.2642,43.0844],[41.4071,43.0439],[41.446,42.9993],[41.45,42.9835],[41.4312,42.9109],[41.39,42.872],[41.21,42.872],[41.148,42.9072],[41.1172,42.9772],[41.0677,43.0231],[40.857,43.1144],[40.7689,43.132],[40.4693,43.132],[40.3888,43.1648],[40.2327,43.364],[40.167,43.392],[40.0293,43.392],[39.9433,43.4211],[39.6428,43.7008],[39.6645,43.7337],[39.681,43.7397],[40.3649,43.6257],[40.3995,43.5984],[40.4054,43.5837],[40.359,43.5444]]],[[[39.9398,43.7348],[39.9347,43.75],[39.9465,43.7967],[39.98,43.818],[40.0327,43.8127],[40.0553,43.78],[40.0435,43.7333],[40.01,43.712],[39.97,43.712],[39.9398,43.7348]]],[[[35.0738,36.7046],[34.9967,36.6708],[34.9335,36.688],[34.9223,36.6998],[34.8852,36.8234],[34.8398,36.852],[34.6274,36.852],[34.5513,36.8316],[34.2967,36.6773],[34.2413,36.6268],[34.0168,36.3108],[33.9438,36.2697],[33.3174,36.2066],[33.2334,36.1886],[32.7572,36.027],[32.6725,36.012],[32.5975,36.012],[32.5385,36.0502],[32.4946,36.1774],[32.4565,36.2352],[32.0896,36.568],[32.0206,36.6013],[31.8003,36.6439],[31.7529,36.6723],[31.7447,36.69],[31.7493,36.722],[32.5055,36.7786],[32.5938,36.8109],[32.6929,36.8866],[32.7423,36.8848],[32.8181,36.8144],[32.9,36.7831],[33.0595,36.7829],[33.1435,36.8114],[33.4067,37.0187],[33.48,37.0481],[33.9467,37.1065],[33.9879,37.1434],[34.0379,37.121],[34.2637,37.1654],[34.341,37.2056],[34.5417,37.4063],[34.6091,37.432],[34.841,37.4334],[34.9197,37.4674],[35.034,37.5952],[35.0976,37.6173],[35.6228,37.5665],[35.7175,37.5794],[35.9657,37.6772],[36.0392,37.722],[36.329,37.9865],[36.3955,38.004],[37.0622,37.8899],[37.123,37.9164],[37.1328,37.9298],[37.1416,37.9874],[37.1821,38.0169],[37.7151,38.0677],[37.7616,38.0664],[37.7661,38.0497],[37.6698,37.7446],[37.685,37.6923],[37.9732,37.4205],[38.0035,37.3421],[37.9828,37.1694],[38.0095,37.1216],[38.153,37.0368],[38.1928,36.9648],[38.1769,36.889],[38.1209,36.8425],[37.6473,36.7325],[37.5424,36.722],[37.4857,36.7067],[37.2399,36.6083],[37.1533,36.6106],[36.1956,37.025],[36.123,37.0269],[36.0502,36.9996],[36.0119,36.9592],[35.9992,36.8915],[35.96,36.852],[35.9133,36.8533],[35.8758,36.8683],[35.843,36.8952],[35.8099,36.8864],[35.5314,36.6243],[35.4566,36.5933],[35.37,36.592],[35.289,36.6141],[35.1408,36.7009],[35.0738,36.7046]]],[[[35.1847,45.2791],[35.1924,45.2616],[35.1739,45.1385],[35.1838,45.118],[35.2175,45.118],[35.2309,45.1119],[35.2353,45.0979],[35.2276,45.0576],[35.1709,44.9905],[35.148,44.9502],[35.148,44.925],[35.1377,44.9088],[35.0838,44.8837],[34.4343,44.7712],[34.3536,44.7383],[33.9759,44.4614],[33.8792,44.432],[33.5708,44.432],[33.4937,44.481],[33.4617,44.62],[33.4794,44.6645],[33.5206,44.668],[33.5375,44.6924],[33.5866,45.0602],[33.5566,45.1078],[33.2537,45.2728],[33.2645,45.3076],[33.2808,45.318],[33.5959,45.3167],[33.6798,45.2808],[33.9034,45.0173],[33.9625,45.0062],[34.5515,45.2399],[34.6484,45.2631],[35.1399,45.3097],[35.1847,45.2791]]],[[[31.3797,41.2477],[31.3846,41.2794],[31.3958,41.2934],[31.6411,41.39],[31.6577,41.3882],[31.6898,41.361],[31.6235,41.225],[31.5819,41.1866],[31.5255,41.1826],[31.3908,41.2283],[31.3797,41.2477]]],[[[29.6622,46.0014],[30.1451,46.3964],[30.2018,46.426],[30.2449,46.428],[30.2871,46.4541],[30.4184,46.5923],[30.4973,46.6454],[31.0148,46.866],[31.055,46.9123],[31.0596,46.9763],[31.0692,46.991],[31.1227,47.0187],[31.5215,46.9651],[31.5768,46.9173],[31.5823,46.9015],[31.5533,46.713],[31.4874,46.6647],[30.9356,46.662],[30.8658,46.6337],[30.3393,45.9801],[30.2608,45.9315],[30.0954,45.8863],[30.024,45.8453],[29.8939,45.7038],[29.8079,45.672],[29.6621,45.672],[29.6032,45.7114],[29.5961,45.7278],[29.6182,45.9262],[29.6622,46.0014]]],[[[25.2653,41.31],[25.2544,41.2648],[26.4535,41.0947],[26.5381,41.104],[26.938,41.2591],[26.988,41.3049],[27.06,41.4919],[27.1292,41.5292],[27.4361,41.4849],[27.4895,41.4409],[27.4954,41.4261],[27.4911,41.3701],[27.5167,41.348],[27.5852,41.348],[27.6341,41.3763],[27.6965,41.495],[27.7685,41.551],[28.0907,41.6532],[28.1777,41.653],[28.2592,41.6217],[28.3135,41.5674],[28.3551,41.4356],[28.4037,41.3973],[28.9377,41.2871],[28.9879,41.24],[28.9928,41.2248],[28.9846,41.1718],[29.0099,41.1568],[29.3205,41.2098],[29.3694,41.1794],[29.3754,41.1595],[29.2887,40.8992],[29.2773,40.8878],[29.2257,40.8705],[29.1253,40.9122],[29.0903,40.9622],[29.0954,41.0282],[29.0701,41.0432],[28.7595,40.9902],[28.65,40.982],[28.5834,41.0067],[28.4405,41.0911],[28.3601,41.112],[28.2215,41.112],[28.1599,41.0839],[28.1084,41.015],[28.0308,40.9882],[27.5784,41.0457],[27.5094,41.0259],[27.2221,40.755],[27.1399,40.7184],[27.0945,40.7128],[27.0667,40.7512],[27.0527,40.758],[26.8273,40.758],[26.7677,40.7225],[26.7574,40.6767],[26.6671,40.6671],[26.5089,40.6741],[26.5105,40.7011],[26.4997,40.7091],[26.2932,40.7577],[26.2456,40.7574],[26.1152,40.717],[26.0609,40.7588],[26.0546,40.7739],[26.059,40.8312],[26.0259,40.8677],[25.8901,40.909],[25.8006,40.924],[24.3998,40.98],[24.3248,40.9581],[24.0469,40.7479],[23.9604,40.7328],[23.7481,40.7807],[23.7133,40.7627],[23.7021,40.6508],[23.7314,40.6099],[23.8155,40.574],[23.8462,40.5097],[23.7681,40.2596],[23.7577,40.2483],[23.6905,40.2251],[23.3106,40.3301],[23.21,40.342],[23.1923,40.3567],[23.2202,40.3879],[23.3917,40.8251],[23.4419,40.8714],[24.0046,41.0965],[24.0514,41.1336],[24.058,41.1477],[24.1045,41.1474],[24.2355,41.1031],[24.3062,41.1066],[24.6357,41.2588],[24.7276,41.278],[25.1462,41.2756],[25.1497,41.315],[25.179,41.3442],[25.23,41.348],[25.2602,41.3252],[25.2653,41.31]]],[[[27.6253,43.2618],[27.6904,43.3176],[27.9494,43.4623],[27.9947,43.514],[28.0937,43.834],[28.1337,43.9021],[28.2578,44.04],[28.2861,44.1007],[28.3185,44.416],[28.345,44.4599],[28.3875,44.468],[28.3946,44.4871],[28.3592,44.671],[28.3873,44.7516],[28.6034,44.958],[28.68,44.988],[28.7714,44.9839],[28.8215,44.936],[28.8542,44.6177],[28.8158,44.54],[28.6282,44.403],[28.5939,44.3482],[28.5619,44.0289],[28.5715,44.008],[28.6107,44.0044],[28.6279,43.9501],[28.5068,43.5006],[28.4306,43.452],[28.2169,43.452],[28.1996,43.4344],[28.2283,43.381],[28.227,43.3618],[28.1966,43.3206],[27.954,43.2716],[27.8879,43.2347],[27.8405,43.1732],[27.8238,43.1132],[27.8679,42.8069],[27.8606,42.7605],[27.8127,42.7265],[27.5642,42.6315],[27.5237,42.5865],[27.512,42.4698],[27.541,42.4198],[27.7716,42.2785],[27.8262,42.2171],[27.9243,41.9509],[27.9176,41.93],[27.8689,41.9031],[27.6505,41.9527],[27.5859,41.9783],[27.5525,42.0058],[27.5425,41.9801],[27.52,41.9651],[27.47,41.962],[27.4408,41.9814],[27.4388,42.022],[27.4,42.022],[27.3682,42.044],[27.362,42.0575],[27.3682,42.106],[27.3882,42.1235],[27.4142,42.128],[27.3341,42.2042],[27.3062,42.265],[27.309,42.3319],[27.279,42.3699],[27.1954,42.4045],[27.159,42.4554],[27.1685,42.596],[27.1984,42.6723],[27.6253,43.2618]],[[27.4925,42.058],[27.478,42.071],[27.4779,42.0573],[27.4925,42.058]]],[[[27.772,40.465],[27.7792,40.4794],[27.81,40.498],[27.9417,40.4936],[27.9652,40.462],[27.958,40.384],[27.966,40.378],[28.074,40.378],[28.082,40.384],[28.0892,40.4194],[28.12,40.438],[28.16,40.438],[28.1794,40.4218],[28.1596,40.3889],[28.1553,40.3326],[28.1185,40.308],[27.682,40.308],[27.6882,40.356],[27.7082,40.3735],[27.7661,40.3856],[27.772,40.465]]],[[[26.5406,39.2925],[26.6427,39.041],[26.6405,39.0236],[26.598,38.9742],[26.2983,38.9204],[26.2028,38.931],[26.1156,38.9717],[26.0781,39.0217],[26.0789,39.0905],[26.0464,39.1221],[25.8316,39.1637],[25.818,39.1754],[25.8061,39.2092],[25.8122,39.2295],[25.996,39.3692],[26.06,39.398],[26.1682,39.3908],[26.4673,39.3448],[26.5406,39.2925]]],[[[26.0641,38.142],[25.9259,38.142],[25.8708,38.182],[25.8643,38.197],[25.8795,38.4404],[25.8688,38.462],[25.8281,38.4666],[25.8181,38.5115],[25.8778,38.644],[25.9177,38.6831],[25.97,38.688],[26.0365,38.666],[26.1901,38.5859],[26.2261,38.5231],[26.1372,38.1902],[26.0641,38.142]]],[[[26.097,35.0497],[24.8649,34.9844],[24.7999,35.0193],[24.7558,35.1435],[24.7108,35.172],[24.4051,35.176],[23.7129,35.2417],[23.6543,35.2913],[23.6106,35.4806],[23.6155,35.4975],[23.664,35.538],[24.116,35.538],[24.1686,35.5016],[24.1754,35.4861],[24.1709,35.4275],[24.1995,35.3867],[24.2683,35.3546],[24.3459,35.338],[25.646,35.338],[25.6998,35.2978],[25.7061,35.2832],[25.7003,35.1746],[25.7287,35.1534],[26.1844,35.2031],[26.2002,35.1968],[26.2255,35.1605],[26.1704,35.0838],[26.097,35.0497]]],[[[26.0528,40.2548],[26.0428,40.1898],[25.9776,40.1338],[25.749,40.0909],[25.694,40.1208],[25.6859,40.1377],[25.6984,40.2561],[25.725,40.2999],[25.74,40.308],[25.9929,40.308],[26.046,40.2717],[26.0528,40.2548]]],[[[25.5797,37.1107],[25.5854,37.0961],[25.5804,37.0311],[25.5251,36.9852],[25.375,36.982],[25.3216,37.0182],[25.3146,37.0339],[25.3196,37.0989],[25.3452,37.1402],[25.36,37.148],[25.5325,37.148],[25.5797,37.1107]]],[[[25.4243,40.044],[25.4693,40.0081],[25.4761,39.9932],[25.4698,39.875],[25.4625,39.8614],[25.4031,39.822],[25.0169,39.822],[25.0034,39.8281],[24.9741,39.8615],[24.9716,39.8817],[25.0366,40.005],[25.09,40.048],[25.4243,40.044]]],[[[25.18,37.728],[25.2421,37.6903],[25.2948,37.5506],[25.2908,37.5322],[25.2446,37.492],[25.0954,37.492],[25.03,37.5297],[24.9833,37.6699],[24.9899,37.7135],[25.0075,37.728],[25.18,37.728]]],[[[24.6947,38.0394],[24.71,38.048],[24.7583,38.0459],[24.809,38.0193],[25.0511,37.8101],[25.0564,37.7908],[25.0436,37.7534],[25.031,37.7417],[24.8778,37.7034],[24.7876,37.723],[24.6989,37.7999],[24.6656,37.8684],[24.6702,37.995],[24.6947,38.0394]]],[[[24.774,40.8239],[24.8178,40.7881],[24.8243,40.7724],[24.8061,40.6329],[24.7493,40.5813],[24.5994,40.5438],[24.5344,40.569],[24.5243,40.5814],[24.4807,40.7706],[24.493,40.8157],[24.51,40.828],[24.774,40.8239]]],[[[24.3647,39.0094],[24.38,39.018],[24.42,39.018],[24.6322,38.9603],[24.6861,38.8932],[24.6798,38.775],[24.6691,38.7594],[24.6125,38.741],[24.3932,38.836],[24.346,38.8912],[24.342,38.9675],[24.3647,39.0094]]],[[[24.2928,37.7265],[24.34,37.728],[24.3893,37.6911],[24.4283,37.621],[24.4289,37.6052],[24.3975,37.5462],[24.3051,37.51],[24.2367,37.534],[24.2017,37.599],[24.2021,37.6584],[24.2482,37.706],[24.2928,37.7265]]],[[[23.2987,38.5257],[23.3602,38.498],[23.5764,38.498],[23.6004,38.5208],[23.5521,38.7002],[23.5584,38.7189],[23.6082,38.751],[23.9914,38.6934],[24.0735,38.6582],[24.159,38.5898],[24.1958,38.513],[24.1801,38.2548],[24.1316,38.2063],[24.0466,38.202],[24.0156,38.1755],[23.9998,37.875],[23.9902,37.86],[23.9315,37.8347],[23.3289,38.0006],[23.2619,38.048],[23.2243,38.114],[23.1693,38.142],[23.0157,38.1456],[22.9718,38.1781],[22.9646,38.1939],[22.969,38.2514],[22.937,38.2887],[22.6383,38.3883],[22.5522,38.402],[21.2364,38.402],[21.1606,38.4354],[20.979,38.6952],[20.9186,38.7348],[20.7688,38.7789],[20.7401,38.8243],[20.7389,38.8413],[20.7983,38.9734],[20.8764,39.018],[21.0909,39.018],[21.1266,39.0289],[21.135,39.0579],[21.1766,39.0978],[21.4244,39.2527],[21.4833,39.2767],[21.524,39.278],[21.532,39.284],[21.5392,39.3194],[21.57,39.338],[21.6046,39.338],[21.6181,39.358],[21.426,39.362],[21.418,39.356],[21.4103,39.3203],[21.3939,39.3181],[21.357,39.3326],[21.1099,39.5398],[21.0583,39.6017],[20.8147,40.0534],[20.7592,40.082],[20.6164,40.082],[20.5555,40.1044],[20.552,40.145],[20.5718,40.1994],[20.7158,40.4559],[20.7783,40.5111],[20.8606,40.548],[20.892,40.5736],[20.892,40.595],[20.9047,40.6108],[20.9479,40.5784],[21.2473,40.4786],[21.2975,40.4349],[21.3404,40.3184],[21.4087,40.2744],[21.8681,40.272],[21.9257,40.2433],[22.1057,39.9242],[22.1801,39.8903],[22.628,39.9517],[22.628,39.9257],[22.6368,39.918],[22.6808,39.9144],[22.7008,39.8994],[22.708,39.8633],[22.7552,39.8527],[22.7727,39.8352],[22.778,39.734],[22.82,39.728],[22.8502,39.7052],[22.8514,39.663],[22.8782,39.6315],[23.1203,39.479],[23.1127,39.4357],[23.0992,39.4227],[22.8735,39.3733],[22.8353,39.3361],[22.8209,39.1068],[22.8404,39.0973],[22.9204,39.1305],[23.0071,39.1269],[23.4587,38.9054],[23.4688,38.8888],[23.468,38.8521],[23.4572,38.836],[23.37,38.7995],[23.2824,38.8011],[23.0664,38.8946],[23.0126,38.8968],[22.9786,38.8741],[22.9707,38.8365],[23.0128,38.7163],[23.0554,38.688],[23.13,38.688],[23.201,38.6549],[23.2987,38.5257]]],[[[23.4708,38.7414],[23.4648,38.758],[23.4775,38.7999],[23.51,38.818],[23.5617,38.8136],[23.5852,38.782],[23.5725,38.7401],[23.54,38.722],[23.5,38.722],[23.4708,38.7414]]],[[[22.8919,36.4288],[22.9075,36.438],[22.9425,36.438],[23.088,36.3836],[23.1361,36.3132],[23.1298,36.195],[23.1229,36.1817],[23.0654,36.142],[22.9029,36.1464],[22.8611,36.1822],[22.8548,36.1972],[22.8693,36.3855],[22.8919,36.4288]]],[[[21.7157,36.9022],[21.6698,37.147],[21.651,37.172],[21.6088,37.1759],[21.5945,37.2206],[21.6798,37.498],[21.6921,37.5121],[21.7451,37.528],[22.0449,37.528],[22.1323,37.4971],[22.2153,37.4252],[22.2491,37.4291],[22.2848,37.4872],[22.3287,37.524],[22.38,37.528],[22.4455,37.5045],[22.8225,37.2866],[22.876,37.2274],[23.064,36.6975],[23.0369,36.6801],[23.0178,36.6829],[22.8513,36.8277],[22.7819,36.852],[22.6498,36.852],[22.5987,36.8234],[22.5349,36.6887],[22.4725,36.652],[22.3873,36.6552],[22.3307,36.6985],[22.2177,37.0134],[22.17,37.042],[21.9611,37.042],[21.9256,37.0149],[21.9136,36.8923],[21.86,36.852],[21.78,36.852],[21.7157,36.9022]]],[[[21.3032,37.978],[21.312,37.9857],[21.312,38.075],[21.3192,38.0894],[21.35,38.108],[21.3981,38.106],[21.4529,38.0779],[21.62,37.9398],[21.6536,37.8755],[21.6504,37.8011],[21.6426,37.7876],[21.5845,37.752],[21.3282,37.7565],[21.302,37.7875],[21.302,37.8143],[21.2932,37.822],[21.2483,37.8264],[21.2248,37.858],[21.232,37.945],[21.2592,37.9744],[21.3032,37.978]]],[[[20.7782,40.9264],[20.7367,40.964],[20.7041,41.0244],[20.6553,41.052],[20.58,41.052],[20.5224,41.0913],[20.469,41.3511],[20.462,41.4343],[20.404,41.4519],[20.3858,41.4878],[20.3902,41.615],[20.4147,41.6594],[20.43,41.668],[20.4599,41.668],[20.4741,41.6913],[20.4865,41.8277],[20.5283,41.8636],[20.6147,41.868],[20.6586,41.8964],[20.7369,42.0905],[20.8,42.128],[20.8754,42.128],[20.9272,42.156],[20.9737,42.2243],[21.0137,42.2393],[21.0318,42.236],[21.0697,42.2028],[21.1038,42.188],[21.14,42.188],[21.1595,42.1711],[21.1397,42.1353],[21.1145,41.7571],[21.145,41.6854],[21.2341,41.606],[21.26,41.5505],[21.2541,41.4319],[21.2196,41.3817],[20.9689,41.2374],[20.9145,41.1771],[20.83,40.922],[20.7782,40.9264]]],[[[20.94,37.878],[20.9466,37.8634],[20.9393,37.6752],[20.9304,37.6604],[20.8723,37.6323],[20.6498,37.6826],[20.5986,37.7338],[20.6002,37.865],[20.6247,37.9094],[20.64,37.918],[20.8845,37.918],[20.94,37.878]]],[[[20.3093,38.1831],[20.3039,38.1968],[20.314,38.3252],[20.3628,38.384],[20.505,38.4372],[20.5562,38.4369],[20.616,38.4146],[20.7717,38.3266],[20.8135,38.2636],[20.8097,38.125],[20.8013,38.1107],[20.7545,38.0815],[20.3623,38.1355],[20.3093,38.1831]]],[[[20.7205,38.6385],[20.6815,38.604],[20.5855,38.618],[20.5625,38.691],[20.6025,38.7815],[20.6865,38.85],[20.718,38.8225],[20.7205,38.6385]]],[[[3.1879,42.3301],[3.0668,41.8806],[3.0511,41.8674],[3.0204,41.8645],[3.0038,41.8726],[2.7062,42.3277],[2.702,42.3845],[2.7092,42.3994],[2.7442,42.4256],[2.755,42.4663],[2.6598,42.9907],[2.6798,43.0348],[2.7189,43.038],[2.7299,43.0597],[2.7239,43.1731],[2.7671,43.2489],[3.4034,43.6612],[3.4921,43.694],[4.6837,43.8707],[4.7799,43.8596],[5.8317,43.4444],[5.9209,43.428],[6.5408,43.428],[6.6021,43.3927],[6.6104,43.3789],[6.6154,43.3139],[6.5709,43.2512],[6.3278,43.1502],[6.26,43.132],[5.8492,43.132],[5.7551,43.1617],[5.6556,43.2378],[5.578,43.262],[5.4293,43.265],[5.3801,43.2975],[5.372,43.3125],[5.372,43.3693],[5.3342,43.4019],[5.1054,43.4435],[5.01,43.452],[4.2292,43.452],[4.1679,43.4873],[4.1596,43.5011],[4.1553,43.5571],[4.1156,43.582],[3.9013,43.582],[3.8161,43.5622],[3.0325,43.1569],[3.0001,43.109],[3.026,42.6001],[3.0522,42.5397],[3.1665,42.4121],[3.1879,42.3301]]]]},"properties":{"id":"territory:Greek City-States:-170","name":"Greek City-States","name_en":"Greek City-States","actor":"기타중립","valid_from":-170,"valid_to":-164,"span_from":-800,"span_to":83,"color":"#87A960","wikidata":"Q148837","area":178655,"src":"cliopatria","confidence":"medium","finish":"chaikin1cap4km+grow2km+islands+s600m","islands":1,"island_rule":"nearest<=40km"}},{"type":"Feature","geometry":{"type":"Point","coordinates":[35.411,37.079]},"properties":{"id":"territory:Greek City-States:-170:label","name":"Greek City-States","name_en":"Greek City-States","actor":"기타중립","valid_from":-170,"valid_to":-164,"span_from":-800,"span_to":83,"color":"#87A960","wikidata":"Q148837","area":178655,"src":"cliopatria","confidence":"medium"}},{"type":"Feature","geometry":{"type":"Polygon","coordinates":[[[34.4809,25.9563],[34.4939,25.9146],[35.1478,24.6922],[35.1913,24.637],[35.8439,24.0487],[35.8754,23.9761],[35.8704,23.9111],[35.8617,23.8971],[35.8076,23.8704],[35.6019,23.913],[35.5747,23.8968],[35.5704,23.8411],[35.5621,23.8273],[35.5081,23.7985],[35.1476,23.8558],[35.0719,23.8565],[33.74,23.672],[33.6954,23.6726],[33.6393,23.6876],[33.4213,23.7776],[33.3499,23.7884],[32.0811,23.6756],[31.998,23.6786],[31.7084,23.7256],[31.6366,23.7195],[30.583,23.3558],[30.52,23.342],[30.4665,23.3482],[30.4361,23.3828],[30.3944,23.5161],[30.3533,23.5593],[30.2797,23.5888],[30.2381,23.624],[30.232,23.6725],[30.2576,23.7305],[30.9204,24.6267],[30.9244,24.6785],[30.4822,25.5077],[30.4383,25.5623],[30.277,25.7016],[30.2389,25.7667],[30.1275,26.4835],[30.1239,26.5568],[30.1402,26.8651],[30.1813,26.9262],[30.2729,26.969],[30.302,27.0062],[30.305,27.0699],[30.3439,27.1253],[30.8277,27.4155],[30.9106,27.4358],[32.1003,27.3702],[32.1768,27.3749],[33.5479,27.6207],[33.6425,27.628],[33.6917,27.5845],[33.9294,27.0738],[33.9751,27.0302],[34.0501,26.9948],[34.0832,26.9439],[34.0701,26.621],[34.0981,26.5801],[34.1756,26.548],[34.2328,26.4958],[34.4691,26.0408],[34.4847,25.9902],[34.4809,25.9563]]]},"properties":{"id":"territory:Ankhwennefer:-197","name":"Ankhwennefer","name_en":"Ankhwennefer","actor":"기타중립","valid_from":-197,"valid_to":-188,"span_from":-197,"span_to":-171,"color":"#6078A9","wikidata":"Q489289","area":176096,"src":"cliopatria","confidence":"medium","finish":"chaikin1cap4km+grow2km+islands+s600m","islands":0}},{"type":"Feature","geometry":{"type":"Point","coordinates":[32.587,25.452]},"properties":{"id":"territory:Ankhwennefer:-197:label","name":"Ankhwennefer","name_en":"Ankhwennefer","actor":"기타중립","valid_from":-197,"valid_to":-188,"span_from":-197,"span_to":-171,"color":"#6078A9","wikidata":"Q489289","area":176096,"src":"cliopatria","confidence":"medium"}},{"type":"Feature","geometry":{"type":"MultiPolygon","coordinates":[[[[29.3494,40.2768],[29.4196,40.4524],[29.4851,40.5013],[29.9044,40.5586],[29.9447,40.5326],[29.9528,40.5148],[29.9435,40.4549],[29.9657,40.4042],[30.0489,40.332],[30.1203,40.3004],[30.4175,40.2547],[30.5019,40.2157],[30.5867,40.1349],[30.6139,40.0749],[30.6112,40.011],[30.642,39.988],[31.2848,39.988],[31.3083,39.9564],[31.3471,39.952],[31.3532,39.9337],[31.2207,39.351],[31.2407,39.2782],[31.3992,39.0819],[31.418,39.0224],[31.4059,38.9077],[31.4123,38.892],[31.4552,38.8562],[31.6889,38.852],[31.7412,38.8244],[31.775,38.7576],[31.8354,38.7169],[32.1422,38.6603],[33.5421,38.5361],[33.5793,38.5482],[33.5744,38.5129],[33.5997,38.1247],[33.6247,38.0805],[33.64,38.072],[33.6684,38.072],[33.6776,38.0513],[33.6361,37.6778],[33.6543,37.6038],[33.7501,37.4657],[33.82,37.432],[33.8938,37.432],[33.9289,37.4046],[33.9667,37.1629],[33.9879,37.1434],[33.9467,37.1065],[33.48,37.0481],[33.4067,37.0188],[33.1435,36.8114],[33.0539,36.782],[32.8999,36.7831],[32.8181,36.8143],[32.7423,36.8848],[32.6929,36.8866],[32.5938,36.8109],[32.5055,36.7786],[31.71,36.722],[31.6419,36.7364],[31.1286,36.8989],[31.0426,36.912],[30.6709,36.912],[30.6213,36.8832],[30.5502,36.6985],[30.5302,36.622],[30.4746,36.5837],[29.7682,36.4131],[29.6815,36.4171],[29.6008,36.4483],[29.5555,36.5175],[29.5826,36.8569],[29.667,37.0943],[29.6463,37.1321],[29.4301,37.2193],[29.3632,37.2712],[29.2694,37.4052],[29.2089,37.4438],[28.7515,37.5565],[28.6984,37.6139],[28.6664,37.9176],[28.6304,37.9674],[28.4806,38.0521],[28.4017,38.072],[28.1896,38.072],[28.1243,38.0455],[28.0053,37.9139],[27.9305,37.8716],[27.776,37.8331],[27.6839,37.822],[27.2261,37.822],[27.1767,37.838],[27.1648,37.858],[27.1716,37.8933],[27.2367,37.999],[27.2238,38.0205],[26.9256,38.0678],[26.8629,38.1073],[26.8243,38.1741],[26.7696,38.202],[26.4761,38.202],[26.4156,38.2412],[26.4082,38.2538],[26.3661,38.6322],[26.375,38.6498],[26.411,38.6706],[26.4263,38.6718],[26.5063,38.6418],[26.56,38.5867],[26.5994,38.3963],[26.6415,38.368],[27.0081,38.368],[27.0465,38.3957],[27.0578,38.5084],[27.0263,38.5454],[26.8892,38.5812],[26.8454,38.6345],[26.8426,38.65],[26.9314,38.9649],[26.9265,38.982],[26.9,38.982],[26.884,38.9919],[26.8658,39.0278],[26.8699,39.1491],[26.8403,39.1933],[26.7614,39.2346],[26.7358,39.2868],[26.8172,39.5399],[26.7982,39.5569],[26.1774,39.4966],[26.1225,39.5314],[26.1152,39.5474],[26.149,39.9357],[26.1749,39.9797],[26.22,39.988],[26.2346,40.0115],[26.2498,40.2552],[26.2981,40.3269],[26.554,40.4742],[26.6137,40.4968],[26.66,40.498],[26.6755,40.4891],[26.693,40.4591],[26.6913,40.3995],[26.7203,40.3818],[27.4228,40.4345],[27.5126,40.4069],[27.5994,40.3316],[27.6444,40.308],[28.1185,40.308],[28.1553,40.3326],[28.1596,40.3889],[28.1852,40.4302],[28.2,40.438],[28.32,40.438],[28.3492,40.4186],[28.3566,40.378],[28.7164,40.3768],[28.7759,40.3538],[28.9203,40.2684],[28.9984,40.248],[29.2991,40.248],[29.3494,40.2768]]],[[[26.7596,40.7087],[26.7677,40.7225],[26.8175,40.755],[27.0527,40.758],[27.0667,40.7512],[27.0959,40.7088],[26.9462,40.4943],[26.8749,40.4812],[26.7999,40.5162],[26.7582,40.5514],[26.7521,40.5962],[26.7596,40.7087]]],[[[26.5533,37.7999],[26.5627,37.8447],[26.58,37.858],[26.9845,37.858],[27.0381,37.8178],[27.0443,37.8024],[27.0315,37.674],[27.0242,37.6613],[26.9645,37.622],[26.6655,37.622],[26.5923,37.6698],[26.5533,37.7999]]],[[[26.5101,40.6761],[26.4926,40.662],[26.1174,40.662],[26.1013,40.672],[26.0933,40.7016],[26.1856,40.7424],[26.2456,40.7574],[26.29,40.758],[26.3594,40.7457],[26.5105,40.7011],[26.5101,40.6761]]],[[[26.3291,38.422],[26.3254,38.4413],[26.3554,38.4532],[26.3609,38.4444],[26.3493,38.4247],[26.3291,38.422]]],[[[25.9888,37.5512],[26.0484,37.6835],[26.0876,37.723],[26.2725,37.728],[26.3197,37.6907],[26.3254,37.6761],[26.3204,37.6111],[26.2603,37.5526],[26.0376,37.5023],[25.9936,37.5301],[25.9888,37.5512]]]]},"properties":{"id":"territory:Kingdom of Pergamon:-164","name":"Kingdom of Pergamon","name_en":"Kingdom of Pergamon","actor":"그리스계","valid_from":-164,"valid_to":-144,"span_from":-279,"span_to":-127,"wikidata":"Q2022162","area":176006,"src":"cliopatria","confidence":"medium","finish":"chaikin1cap4km+grow2km+islands+s600m","islands":1,"island_rule":"nearest<=40km"}},{"type":"Feature","geometry":{"type":"MultiPolygon","coordinates":[[[[29.2991,40.248],[29.3494,40.2768],[29.4196,40.4524],[29.4851,40.5013],[29.8921,40.5613],[29.9447,40.5326],[29.9528,40.5148],[29.9435,40.4549],[29.9657,40.4042],[30.0489,40.332],[30.1203,40.3004],[30.4175,40.2547],[30.5019,40.2157],[30.5867,40.1349],[30.6139,40.0749],[30.6112,40.011],[30.642,39.988],[31.2848,39.988],[31.3083,39.9564],[31.3471,39.952],[31.3532,39.9337],[31.2207,39.351],[31.2407,39.2782],[31.3992,39.0819],[31.418,39.0224],[31.4059,38.9077],[31.4123,38.892],[31.4667,38.852],[31.6889,38.852],[31.7412,38.8244],[31.775,38.7576],[31.8354,38.7169],[32.1414,38.6605],[33.5421,38.5361],[33.5793,38.5482],[33.5744,38.5129],[33.5997,38.1247],[33.6247,38.0805],[33.64,38.072],[33.6684,38.072],[33.6776,38.0513],[33.6361,37.6778],[33.6543,37.6038],[33.7501,37.4657],[33.82,37.432],[33.8938,37.432],[33.9289,37.4046],[33.9667,37.1629],[33.9793,37.148],[33.4677,37.0822],[33.3869,37.0489],[33.1234,36.8413],[33.0521,36.818],[32.9082,36.818],[32.8402,36.8429],[32.7616,36.9159],[32.6882,36.9231],[32.5738,36.8408],[32.5014,36.8143],[31.8134,36.7614],[31.7602,36.7389],[31.7493,36.722],[31.6419,36.7364],[31.1286,36.8989],[31.0426,36.912],[30.6709,36.912],[30.6213,36.8832],[30.5502,36.6985],[30.5302,36.622],[30.4746,36.5837],[29.7682,36.4131],[29.6815,36.4171],[29.6008,36.4483],[29.5555,36.5175],[29.5826,36.8569],[29.667,37.0943],[29.6463,37.1321],[29.4301,37.2193],[29.3632,37.2712],[29.2694,37.4052],[29.2089,37.4438],[28.7515,37.5565],[28.6984,37.6139],[28.6664,37.9176],[28.6304,37.9674],[28.4806,38.0521],[28.4017,38.072],[28.1896,38.072],[28.1243,38.0455],[28.0053,37.9139],[27.9305,37.8716],[27.776,37.8331],[27.6839,37.822],[27.2261,37.822],[27.1767,37.838],[27.1648,37.858],[27.1716,37.8933],[27.2367,37.999],[27.2238,38.0205],[26.9256,38.0678],[26.8629,38.1073],[26.8243,38.1741],[26.7696,38.202],[26.4761,38.202],[26.4156,38.2412],[26.4082,38.2538],[26.3661,38.6322],[26.375,38.6498],[26.411,38.6706],[26.4263,38.6718],[26.5063,38.6418],[26.56,38.5867],[26.5994,38.3963],[26.6415,38.368],[27.0081,38.368],[27.0465,38.3957],[27.0578,38.5084],[27.0263,38.5454],[26.8892,38.5812],[26.8454,38.6345],[26.8426,38.65],[26.9314,38.9649],[26.9265,38.982],[26.9,38.982],[26.884,38.9919],[26.8658,39.0278],[26.8699,39.1491],[26.8403,39.1933],[26.7614,39.2346],[26.7358,39.2868],[26.8172,39.5399],[26.7982,39.5569],[26.1774,39.4966],[26.1225,39.5314],[26.1152,39.5474],[26.149,39.9357],[26.1749,39.9797],[26.22,39.988],[26.2346,40.0115],[26.2498,40.2552],[26.2981,40.3269],[26.554,40.4742],[26.6137,40.4968],[26.66,40.498],[26.6755,40.4891],[26.693,40.4591],[26.6913,40.3995],[26.7203,40.3818],[27.4228,40.4345],[27.506,40.4105],[27.5994,40.3316],[27.6444,40.308],[27.682,40.308],[27.6938,40.2907],[27.7472,40.272],[28.1228,40.272],[28.1823,40.3075],[28.1904,40.3211],[28.1954,40.3861],[28.1794,40.4218],[28.1852,40.4302],[28.2,40.438],[28.32,40.438],[28.3492,40.4186],[28.3566,40.378],[28.7164,40.3768],[28.7759,40.3538],[28.9203,40.2684],[28.9984,40.248],[29.2991,40.248]]],[[[26.7596,40.7087],[26.7677,40.7225],[26.8175,40.755],[27.0527,40.758],[27.092,40.7194],[27.0928,40.698],[26.9462,40.4943],[26.8749,40.4812],[26.7957,40.5189],[26.752,40.565],[26.7596,40.7087]]],[[[26.5923,37.6698],[26.5533,37.7999],[26.5691,37.8543],[26.9845,37.858],[27.0381,37.8178],[27.0443,37.8024],[27.0315,37.674],[26.9751,37.6255],[26.6559,37.6248],[26.5923,37.6698]]],[[[26.4997,40.7091],[26.5105,40.7011],[26.5101,40.6761],[26.4926,40.662],[26.1174,40.662],[26.0939,40.687],[26.0933,40.7016],[26.1037,40.7118],[26.2456,40.7574],[26.3594,40.7457],[26.4997,40.7091]]],[[[25.9936,37.5301],[25.9888,37.5512],[26.0484,37.6835],[26.0876,37.723],[26.2725,37.728],[26.3197,37.6907],[26.3254,37.6761],[26.3204,37.6111],[26.2685,37.5569],[26.0376,37.5023],[25.9936,37.5301]]]]},"properties":{"id":"territory:Kingdom of Pergamon:-144","name":"Kingdom of Pergamon","name_en":"Kingdom of Pergamon","actor":"그리스계","valid_from":-144,"valid_to":-126,"span_from":-279,"span_to":-127,"wikidata":"Q2022162","area":176006,"src":"cliopatria","confidence":"medium","finish":"chaikin1cap4km+grow2km+islands+s600m","islands":0}},{"type":"Feature","geometry":{"type":"Point","coordinates":[29.953,38.555]},"properties":{"id":"territory:Kingdom of Pergamon:-164:label","name":"Kingdom of Pergamon","name_en":"Kingdom of Pergamon","actor":"그리스계","valid_from":-164,"valid_to":-144,"span_from":-279,"span_to":-127,"wikidata":"Q2022162","area":176006,"src":"cliopatria","confidence":"medium"}},{"type":"Feature","geometry":{"type":"Point","coordinates":[29.953,38.555]},"properties":{"id":"territory:Kingdom of Pergamon:-144:label","name":"Kingdom of Pergamon","name_en":"Kingdom of Pergamon","actor":"그리스계","valid_from":-144,"valid_to":-126,"span_from":-279,"span_to":-127,"wikidata":"Q2022162","area":176006,"src":"cliopatria","confidence":"medium"}},{"type":"Feature","geometry":{"type":"MultiPolygon","coordinates":[[[[29.9044,40.5586],[29.9447,40.5326],[29.9528,40.5148],[29.9435,40.4549],[29.9657,40.4042],[30.0489,40.3321],[30.1203,40.3004],[30.4175,40.2547],[30.5019,40.2156],[30.5867,40.1349],[30.6139,40.0749],[30.6112,40.011],[30.6421,39.988],[31.2848,39.988],[31.3083,39.9564],[31.3471,39.952],[31.3532,39.9337],[31.2207,39.351],[31.2407,39.2782],[31.3992,39.0819],[31.418,39.0224],[31.4059,38.9077],[31.4123,38.892],[31.4552,38.8562],[31.6889,38.852],[31.7412,38.8244],[31.775,38.7576],[31.8354,38.7169],[32.1422,38.6603],[33.5421,38.5361],[33.5793,38.5482],[33.5744,38.5129],[33.5997,38.1247],[33.6247,38.0805],[33.64,38.072],[33.6684,38.072],[33.6776,38.0513],[33.6361,37.6778],[33.6543,37.6038],[33.7501,37.4657],[33.82,37.432],[33.8938,37.432],[33.9289,37.4046],[33.9667,37.1629],[33.9879,37.1434],[33.9467,37.1065],[33.48,37.0481],[33.4067,37.0187],[33.1435,36.8114],[33.0539,36.782],[32.9,36.7831],[32.8181,36.8144],[32.7423,36.8848],[32.6929,36.8866],[32.5938,36.8109],[32.5055,36.7786],[31.71,36.722],[31.6419,36.7364],[31.1286,36.8989],[31.0425,36.912],[30.6709,36.912],[30.6213,36.8832],[30.5502,36.6985],[30.5302,36.622],[30.4764,36.5817],[29.9282,36.4158],[29.8319,36.411],[29.6113,36.4537],[29.5634,36.5039],[29.5595,36.519],[29.5749,36.5961],[29.6016,36.6439],[29.6107,36.775],[29.6738,37.0908],[29.6471,37.1318],[29.4301,37.2193],[29.3632,37.2712],[29.2694,37.4052],[29.2088,37.4438],[28.7515,37.5565],[28.6984,37.6139],[28.6664,37.9175],[28.6304,37.9674],[28.4806,38.0521],[28.4017,38.072],[28.1896,38.072],[28.1242,38.0455],[28.0053,37.9139],[27.9305,37.8716],[27.7761,37.8331],[27.6839,37.822],[27.2261,37.822],[27.1767,37.838],[27.1648,37.858],[27.1716,37.8933],[27.2367,37.999],[27.2237,38.0205],[26.9257,38.0678],[26.8629,38.1073],[26.8243,38.1741],[26.7696,38.202],[26.4761,38.202],[26.4156,38.2412],[26.4082,38.2538],[26.3661,38.6322],[26.375,38.6498],[26.411,38.6706],[26.4263,38.6718],[26.5063,38.6418],[26.56,38.5867],[26.5994,38.3963],[26.6416,38.368],[27.0081,38.368],[27.0465,38.3957],[27.0578,38.5084],[27.0263,38.5454],[26.8892,38.5812],[26.8454,38.6345],[26.8426,38.65],[26.9314,38.9649],[26.9265,38.982],[26.9,38.982],[26.884,38.9919],[26.8658,39.0278],[26.8699,39.1491],[26.8403,39.1933],[26.7614,39.2346],[26.7358,39.2868],[26.8172,39.5399],[26.7982,39.5569],[26.1775,39.4966],[26.1225,39.5314],[26.1152,39.5474],[26.149,39.9357],[26.1749,39.9797],[26.22,39.988],[26.2346,40.0115],[26.2498,40.2552],[26.2981,40.3269],[26.554,40.4742],[26.6137,40.4968],[26.66,40.498],[26.6755,40.4891],[26.693,40.4591],[26.6913,40.3995],[26.7203,40.3818],[27.4228,40.4345],[27.5126,40.4069],[27.5994,40.3317],[27.6444,40.308],[28.1185,40.308],[28.1553,40.3326],[28.1596,40.3889],[28.1852,40.4302],[28.2,40.438],[28.32,40.438],[28.3492,40.4186],[28.3566,40.378],[28.7164,40.3768],[28.7759,40.3538],[28.9202,40.2684],[28.9984,40.248],[29.2991,40.248],[29.3494,40.2768],[29.4196,40.4524],[29.4928,40.5043],[29.9044,40.5586]]],[[[28.5191,40.5615],[28.542,40.5644],[28.5484,40.5561],[28.5316,40.5147],[28.5191,40.5102],[28.5191,40.5615]]],[[[27.0527,40.758],[27.092,40.7194],[27.0928,40.698],[26.9462,40.4943],[26.8749,40.4812],[26.7957,40.5189],[26.752,40.565],[26.7596,40.7087],[26.7677,40.7225],[26.8273,40.758],[27.0527,40.758]]],[[[26.7224,38.5327],[26.7312,38.4949],[26.7455,38.4833],[26.7438,38.4637],[26.7316,38.4584],[26.6929,38.4829],[26.7022,38.5428],[26.7224,38.5327]]],[[[26.1174,40.662],[26.1013,40.672],[26.0933,40.7016],[26.1856,40.7424],[26.2456,40.7574],[26.2932,40.7577],[26.4997,40.7091],[26.5127,40.6878],[26.5038,40.666],[26.1174,40.662]]]]},"properties":{"id":"territory:Kingdom of Pergamon:-188","name":"Kingdom of Pergamon","name_en":"Kingdom of Pergamon","actor":"그리스계","valid_from":-188,"valid_to":-170,"span_from":-279,"span_to":-127,"wikidata":"Q2022162","area":175955,"src":"cliopatria","confidence":"medium","finish":"chaikin1cap4km+grow2km+islands+s600m","islands":2,"island_rule":"nearest<=40km"}},{"type":"Feature","geometry":{"type":"MultiPolygon","coordinates":[[[[28.9984,40.248],[29.2991,40.248],[29.3494,40.2768],[29.4196,40.4524],[29.4851,40.5013],[29.8921,40.5613],[29.9447,40.5326],[29.9528,40.5148],[29.9435,40.4549],[29.9657,40.4042],[30.0489,40.3321],[30.1203,40.3004],[30.4175,40.2547],[30.5019,40.2156],[30.5867,40.1349],[30.6139,40.0749],[30.6112,40.011],[30.6421,39.988],[31.2848,39.988],[31.3083,39.9564],[31.3471,39.952],[31.3532,39.9337],[31.2207,39.351],[31.2407,39.2782],[31.3992,39.0819],[31.418,39.0224],[31.4059,38.9077],[31.4123,38.892],[31.4667,38.852],[31.6889,38.852],[31.7412,38.8244],[31.775,38.7576],[31.8354,38.7169],[32.1414,38.6605],[33.5421,38.5361],[33.5793,38.5482],[33.5744,38.5129],[33.5997,38.1247],[33.6247,38.0805],[33.64,38.072],[33.6684,38.072],[33.6776,38.0513],[33.6361,37.6778],[33.6543,37.6038],[33.7501,37.4657],[33.82,37.432],[33.8938,37.432],[33.9289,37.4046],[33.9667,37.1629],[33.9879,37.1434],[33.9467,37.1065],[33.48,37.0481],[33.4067,37.0187],[33.1435,36.8114],[33.0539,36.782],[32.9,36.7831],[32.8181,36.8144],[32.7423,36.8848],[32.6929,36.8866],[32.5938,36.8109],[32.5055,36.7786],[31.71,36.722],[31.6419,36.7364],[31.1286,36.8989],[31.0425,36.912],[30.6709,36.912],[30.6213,36.8832],[30.5502,36.6985],[30.5302,36.622],[30.4764,36.5817],[29.9282,36.4158],[29.8319,36.411],[29.6113,36.4537],[29.5634,36.5039],[29.5595,36.519],[29.6738,37.0908],[29.6471,37.1318],[29.4301,37.2193],[29.3632,37.2712],[29.2694,37.4052],[29.2088,37.4438],[28.7515,37.5565],[28.6984,37.6139],[28.6664,37.9175],[28.6304,37.9674],[28.4806,38.0521],[28.4017,38.072],[28.1896,38.072],[28.1242,38.0455],[28.0053,37.9139],[27.9305,37.8716],[27.7761,37.8331],[27.6839,37.822],[27.2261,37.822],[27.1767,37.838],[27.1648,37.858],[27.1716,37.8933],[27.2367,37.999],[27.2237,38.0205],[26.9257,38.0678],[26.8629,38.1073],[26.8243,38.1741],[26.7696,38.202],[26.4761,38.202],[26.4156,38.2412],[26.4082,38.2538],[26.3661,38.6322],[26.375,38.6498],[26.411,38.6706],[26.4263,38.6718],[26.5063,38.6418],[26.56,38.5867],[26.5994,38.3963],[26.6416,38.368],[27.0081,38.368],[27.0465,38.3957],[27.0578,38.5084],[27.0263,38.5454],[26.8892,38.5812],[26.8454,38.6345],[26.8426,38.65],[26.9314,38.9649],[26.9265,38.982],[26.9,38.982],[26.884,38.9919],[26.8658,39.0278],[26.8699,39.1491],[26.8403,39.1933],[26.7614,39.2346],[26.7358,39.2868],[26.8172,39.5399],[26.7982,39.5569],[26.1775,39.4966],[26.1225,39.5314],[26.1152,39.5474],[26.149,39.9357],[26.1749,39.9797],[26.22,39.988],[26.2346,40.0115],[26.2498,40.2552],[26.2981,40.3269],[26.554,40.4742],[26.6137,40.4968],[26.66,40.498],[26.6755,40.4891],[26.693,40.4591],[26.6913,40.3995],[26.7203,40.3818],[27.4228,40.4345],[27.5126,40.4069],[27.5994,40.3317],[27.6444,40.308],[28.1185,40.308],[28.1553,40.3326],[28.1596,40.3889],[28.1852,40.4302],[28.2,40.438],[28.32,40.438],[28.3492,40.4186],[28.3566,40.378],[28.7164,40.3768],[28.7759,40.3538],[28.9202,40.2684],[28.9984,40.248]]],[[[26.752,40.595],[26.7596,40.7087],[26.7677,40.7225],[26.8175,40.755],[27.0527,40.758],[27.092,40.7194],[27.0928,40.698],[26.9462,40.4943],[26.8749,40.4812],[26.7999,40.5162],[26.7582,40.5514],[26.752,40.595]]],[[[26.5923,37.6698],[26.5533,37.7999],[26.5691,37.8543],[26.9845,37.858],[27.0381,37.8178],[27.0443,37.8024],[27.0315,37.674],[26.9751,37.6255],[26.6655,37.622],[26.5923,37.6698]]],[[[26.4997,40.7091],[26.5105,40.7011],[26.5101,40.6761],[26.4926,40.662],[26.1174,40.662],[26.0939,40.687],[26.0933,40.7016],[26.1037,40.7118],[26.2456,40.7574],[26.358,40.746],[26.4997,40.7091]]],[[[25.9936,37.5301],[25.9888,37.5512],[26.0484,37.6835],[26.0876,37.723],[26.2725,37.728],[26.3197,37.6907],[26.3254,37.6761],[26.3204,37.6111],[26.2685,37.5569],[26.0376,37.5023],[25.9936,37.5301]]]]},"properties":{"id":"territory:Kingdom of Pergamon:-170","name":"Kingdom of Pergamon","name_en":"Kingdom of Pergamon","actor":"그리스계","valid_from":-170,"valid_to":-164,"span_from":-279,"span_to":-127,"wikidata":"Q2022162","area":175955,"src":"cliopatria","confidence":"medium","finish":"chaikin1cap4km+grow2km+islands+s600m","islands":0}},{"type":"Feature","geometry":{"type":"Point","coordinates":[29.953,38.555]},"properties":{"id":"territory:Kingdom of Pergamon:-188:label","name":"Kingdom of Pergamon","name_en":"Kingdom of Pergamon","actor":"그리스계","valid_from":-188,"valid_to":-170,"span_from":-279,"span_to":-127,"wikidata":"Q2022162","area":175955,"src":"cliopatria","confidence":"medium"}},{"type":"Feature","geometry":{"type":"Point","coordinates":[29.953,38.555]},"properties":{"id":"territory:Kingdom of Pergamon:-170:label","name":"Kingdom of Pergamon","name_en":"Kingdom of Pergamon","actor":"그리스계","valid_from":-170,"valid_to":-164,"span_from":-279,"span_to":-127,"wikidata":"Q2022162","area":175955,"src":"cliopatria","confidence":"medium"}},{"type":"Feature","geometry":{"type":"Polygon","coordinates":[[[73.9838,45.0569],[74.03,45.058],[74.0462,45.0478],[74.0652,45.0027],[74.0512,44.8215],[74.0846,44.7794],[74.3525,44.6827],[74.4295,44.6312],[74.5517,44.4841],[74.5651,44.4212],[74.5422,44.3538],[74.5637,44.3141],[75.0261,44.0859],[75.0457,44.034],[75.0439,44.0178],[74.9205,43.8291],[74.9314,43.7866],[75.2345,43.5792],[75.2706,43.5124],[75.2245,43.1911],[75.2559,43.1543],[75.6732,43.0472],[75.7495,43.0012],[75.8678,42.8621],[75.8838,42.7791],[75.7934,42.538],[75.8171,42.5093],[76.1652,42.4551],[76.2209,42.4072],[76.2266,42.3934],[76.2195,42.2107],[76.245,42.169],[76.305,42.1413],[76.3151,42.1284],[76.3241,42.082],[76.3208,42.0678],[76.2256,41.9409],[76.2383,41.9224],[76.7536,41.8725],[76.7674,41.8636],[76.7889,41.8187],[76.7145,41.7391],[76.6962,41.6865],[76.7089,41.6313],[76.7518,41.5857],[76.9446,41.4962],[77.0305,41.478],[77.3339,41.473],[77.3702,41.4382],[77.3748,41.4193],[77.3322,41.2976],[77.3565,41.2632],[77.4792,41.2298],[77.5225,41.1756],[77.5248,41.1593],[77.4791,41.0288],[77.4432,40.9878],[76.3409,40.858],[76.2502,40.8382],[75.5416,40.6079],[75.4687,40.5679],[75.3133,40.4337],[75.2269,40.4101],[74.9391,40.4541],[74.8779,40.4333],[74.7877,40.3109],[74.7152,40.2554],[74.0591,39.9716],[73.995,39.9528],[73.95,39.952],[73.8958,39.9945],[73.6851,40.3738],[73.6376,40.402],[73.5574,40.4052],[73.5028,40.4472],[73.4847,40.506],[73.4447,40.532],[73.3602,40.5349],[73.3102,40.5674],[73.2841,40.6381],[73.2386,40.6848],[73.0548,40.7733],[72.9695,40.792],[72.8286,40.792],[72.7677,40.8313],[72.7602,40.845],[72.7541,40.9599],[72.7278,41.02],[72.6052,41.1563],[72.5648,41.182],[72.5203,41.1849],[72.4699,41.2181],[71.8945,41.8666],[71.8299,41.9138],[71.3651,42.1335],[71.2795,42.152],[71.1298,42.1543],[71.0713,42.1868],[71.0453,42.2542],[71.0007,42.273],[70.7604,42.2306],[70.6996,42.2457],[70.708,42.2907],[70.7479,42.3391],[71.1354,42.6751],[71.1815,42.7334],[71.698,43.7757],[71.7388,43.8422],[72.1723,44.4291],[72.2259,44.4916],[73.2085,45.4837],[73.2993,45.4993],[73.7078,45.3321],[73.7795,45.2812],[73.8978,45.1421],[73.9151,45.0712],[73.8963,45.0144],[73.9838,45.0569]]]},"properties":{"id":"territory:Yuezhi:-170","name":"월지","name_en":"Yuezhi","actor":"기타중립","valid_from":-170,"valid_to":-144,"span_from":-404,"span_to":42,"color":"#8760A9","wikidata":"Q467985","area":160755,"src":"cliopatria","confidence":"medium","finish":"chaikin1cap4km+grow2km+islands+s600m","islands":0}},{"type":"Feature","geometry":{"type":"Point","coordinates":[73.895,42.519]},"properties":{"id":"territory:Yuezhi:-170:label","name":"월지","name_en":"Yuezhi","actor":"기타중립","valid_from":-170,"valid_to":-144,"span_from":-404,"span_to":42,"color":"#8760A9","wikidata":"Q467985","area":160755,"src":"cliopatria","confidence":"medium"}},{"type":"Feature","geometry":{"type":"MultiPolygon","coordinates":[[[[34.0108,35.2679],[33.9962,35.2278],[34.0894,35.0413],[34.0883,35.0233],[34.0618,34.9834],[34.0495,34.9756],[33.7488,34.9293],[33.6851,34.8966],[33.5543,34.753],[33.4795,34.7156],[33.1793,34.6694],[33.1209,34.6352],[33.0669,34.5641],[33.0038,34.5446],[32.4014,34.7134],[32.3335,34.7609],[32.2371,34.8985],[32.2164,34.9711],[32.2284,35.0961],[32.2832,35.1444],[32.5044,35.148],[32.5846,35.1629],[32.8298,35.2595],[32.865,35.2998],[32.8772,35.3722],[32.934,35.408],[33.6938,35.408],[33.7695,35.4272],[34.265,35.7053],[34.33,35.728],[34.5025,35.728],[34.5497,35.6907],[34.5554,35.6761],[34.5504,35.6111],[34.5083,35.549],[34.0108,35.2679]]],[[[29.6491,30.6426],[29.417,30.8507],[29.3874,30.8953],[29.3898,30.938],[29.4461,30.9772],[29.9181,31.0862],[29.9756,31.0488],[30.0197,30.8572],[30.0202,30.772],[29.9693,30.7277],[29.7346,30.6292],[29.6491,30.6426]]],[[[25.12,31.6293],[25.1443,31.5754],[25.2295,31.5015],[25.2942,31.4807],[26.347,31.5454],[26.4319,31.5372],[27.3345,31.298],[27.3797,31.2701],[27.388,31.255],[27.3831,31.2127],[27.3454,31.1737],[26.7856,30.8271],[26.7393,30.7766],[26.592,30.4656],[26.5473,30.4023],[26.2111,30.0657],[26.1707,30.0076],[26.0274,29.6905],[25.9698,29.6372],[25.8885,29.6016],[25.8514,29.5567],[25.7633,28.9928],[25.7346,28.9495],[25.72,28.942],[25.67,28.9451],[25.6261,28.9747],[25.4611,29.1776],[25.4042,29.2233],[25.1114,29.3737],[25.0461,29.3756],[24.9646,29.3399],[24.9018,29.3575],[24.891,29.3685],[24.8466,29.4953],[24.8014,29.5356],[24.4398,29.6433],[24.3724,29.6886],[24.2708,29.8173],[24.2135,29.8609],[23.6978,30.0883],[23.6287,30.1319],[23.2504,30.4587],[23.1849,30.482],[22.892,30.482],[22.839,30.5183],[22.832,30.5325],[22.832,30.5906],[22.8003,30.6257],[21.986,30.8609],[21.9068,30.872],[20.6253,30.872],[20.5613,30.8479],[20.0006,30.3234],[19.9234,30.2833],[19.6977,30.2323],[19.6429,30.1969],[19.5986,30.1342],[19.5369,30.1004],[18.8534,30.036],[18.808,30.072],[18.8035,30.09],[18.8621,30.2805],[18.9221,30.325],[19.4553,30.328],[19.5238,30.3495],[20.0747,30.7493],[20.1092,30.8023],[20.1854,31.2341],[20.1726,31.2943],[20.0055,31.5488],[19.9886,31.6218],[20.0656,32.0745],[20.0553,32.1366],[20.0217,32.199],[20.0232,32.2183],[20.062,32.258],[20.2027,32.258],[20.2459,32.2862],[20.3018,32.4608],[20.3122,32.472],[20.3608,32.4917],[20.4434,32.464],[20.4879,32.4771],[20.532,32.5441],[20.6,32.578],[20.6702,32.578],[20.6792,32.592],[20.6417,32.6604],[20.6669,32.6907],[20.6848,32.6951],[20.8316,32.6505],[20.8932,32.6613],[21.0752,32.8031],[21.1544,32.8194],[21.3688,32.7766],[21.4323,32.7913],[21.5282,32.8692],[21.6097,32.9025],[22.0664,32.9532],[22.1548,32.9443],[23.0564,32.6499],[23.1061,32.5832],[23.1001,32.4708],[23.1291,32.4269],[23.2101,32.3832],[23.2269,32.336],[23.2249,32.32],[23.1907,32.2687],[23.2026,32.2446],[23.9216,32.058],[24.8548,31.9995],[24.9313,31.9681],[25.0922,31.8291],[25.1246,31.7615],[25.12,31.6293]]]]},"properties":{"id":"territory:Ptolemaic Kingdom:-170","name":"프톨레마이오스 왕국","name_en":"Ptolemaic Kingdom","actor":"그리스계","valid_from":-170,"valid_to":-164,"span_from":-331,"span_to":-28,"wikidata":"Q2320005","area":156392,"src":"cliopatria","confidence":"medium","finish":"chaikin1cap4km+grow2km+islands+s600m","islands":0}},{"type":"Feature","geometry":{"type":"Point","coordinates":[23.381,31.2]},"properties":{"id":"territory:Ptolemaic Kingdom:-170:label","name":"프톨레마이오스 왕국","name_en":"Ptolemaic Kingdom","actor":"그리스계","valid_from":-170,"valid_to":-164,"span_from":-331,"span_to":-28,"wikidata":"Q2320005","area":156392,"src":"cliopatria","confidence":"medium"}},{"type":"Feature","geometry":{"type":"Polygon","coordinates":[[[50.3051,37.0456],[50.3634,37.0289],[50.5228,37.0671],[50.5977,37.0577],[50.6277,37.0277],[50.6327,37.0117],[50.6207,36.9584],[50.5736,36.8972],[50.5838,36.8656],[50.787,36.7745],[50.868,36.7506],[51.9883,36.5747],[52.09,36.568],[52.1034,36.562],[52.1078,36.5479],[52.1007,36.5084],[52.0437,36.4358],[51.9743,36.389],[50.8991,36.0276],[50.8343,35.9873],[50.5202,35.6563],[50.4436,35.6177],[49.66,35.5088],[49.5984,35.4754],[49.4478,35.2797],[49.3755,35.2357],[48.8171,35.1212],[48.7228,35.1225],[47.99,35.2923],[47.9036,35.3037],[46.0719,35.3706],[45.9828,35.3858],[45.2566,35.6099],[45.2002,35.675],[45.1841,35.9886],[45.1699,36.012],[45.14,36.012],[45.1234,36.0231],[45.1074,36.0683],[45.2271,36.8969],[45.2593,36.9716],[45.4051,37.1611],[45.3993,37.172],[45.3189,37.1759],[45.2734,37.2115],[45.2384,37.4074],[45.2208,37.432],[45.18,37.4351],[45.1589,37.4789],[45.1967,37.7371],[45.2563,37.8004],[45.5798,37.9029],[45.6346,37.9448],[45.8159,38.2661],[45.8705,38.3259],[46.0759,38.471],[46.1573,38.5041],[47.203,38.6803],[47.2901,38.6677],[48.2992,38.1269],[48.3771,38.108],[48.863,38.1046],[48.882,38.0515],[48.8542,37.8773],[48.8737,37.8217],[49.0146,37.6808],[49.0429,37.6342],[49.0423,37.6043],[49.07,37.5881],[49.96,37.4065],[50.0339,37.3658],[50.3051,37.0456]]]},"properties":{"id":"territory:Atropatene:-188","name":"Atropatene","name_en":"Atropatene","actor":"기타중립","valid_from":-188,"valid_to":-170,"span_from":-307,"span_to":-165,"color":"#8BA960","wikidata":"Q260437","area":147248,"src":"cliopatria","confidence":"medium","finish":"chaikin1cap4km+grow2km+islands+s600m","islands":0}},{"type":"Feature","geometry":{"type":"Polygon","coordinates":[[[50.3051,37.0456],[50.3634,37.0289],[50.5228,37.0671],[50.5977,37.0577],[50.6277,37.0277],[50.6327,37.0117],[50.6207,36.9584],[50.5736,36.8972],[50.5838,36.8656],[50.787,36.7745],[50.868,36.7506],[51.9883,36.5747],[52.09,36.568],[52.1034,36.562],[52.1078,36.5479],[52.1007,36.5084],[52.0437,36.4358],[51.9743,36.389],[50.8991,36.0276],[50.8343,35.9873],[50.5202,35.6563],[50.4436,35.6177],[49.66,35.5088],[49.5984,35.4754],[49.4478,35.2797],[49.3755,35.2357],[48.8171,35.1212],[48.7228,35.1225],[47.99,35.2923],[47.9036,35.3037],[46.0719,35.3706],[45.9828,35.3858],[45.2566,35.6099],[45.2002,35.675],[45.1841,35.9886],[45.1699,36.012],[45.14,36.012],[45.1234,36.0231],[45.1074,36.0683],[45.2271,36.8969],[45.2593,36.9716],[45.4051,37.1611],[45.3993,37.172],[45.3189,37.1759],[45.2734,37.2115],[45.2384,37.4074],[45.2208,37.432],[45.18,37.4351],[45.1589,37.4789],[45.1967,37.7371],[45.2563,37.8004],[45.5798,37.9029],[45.6346,37.9448],[45.8159,38.2661],[45.8705,38.3259],[46.0759,38.471],[46.1573,38.5041],[47.203,38.6803],[47.2901,38.6677],[48.2992,38.1269],[48.3771,38.108],[48.863,38.1046],[48.882,38.0515],[48.8542,37.8773],[48.8737,37.8217],[49.0146,37.6808],[49.0429,37.6342],[49.0423,37.6043],[49.07,37.5881],[49.96,37.4065],[50.0339,37.3658],[50.3051,37.0456]]]},"properties":{"id":"territory:Atropatene:-170","name":"Atropatene","name_en":"Atropatene","actor":"기타중립","valid_from":-170,"valid_to":-164,"span_from":-307,"span_to":-165,"color":"#8BA960","wikidata":"Q260437","area":147248,"src":"cliopatria","confidence":"medium","finish":"chaikin1cap4km+grow2km+islands+s600m","islands":0}},{"type":"Feature","geometry":{"type":"Point","coordinates":[47.854,36.726]},"properties":{"id":"territory:Atropatene:-188:label","name":"Atropatene","name_en":"Atropatene","actor":"기타중립","valid_from":-188,"valid_to":-170,"span_from":-307,"span_to":-165,"color":"#8BA960","wikidata":"Q260437","area":147248,"src":"cliopatria","confidence":"medium"}},{"type":"Feature","geometry":{"type":"Point","coordinates":[47.854,36.726]},"properties":{"id":"territory:Atropatene:-170:label","name":"Atropatene","name_en":"Atropatene","actor":"기타중립","valid_from":-170,"valid_to":-164,"span_from":-307,"span_to":-165,"color":"#8BA960","wikidata":"Q260437","area":147248,"src":"cliopatria","confidence":"medium"}},{"type":"Feature","geometry":{"type":"Polygon","coordinates":[[[50.3051,37.0456],[50.3635,37.0289],[50.5227,37.0671],[50.5977,37.0577],[50.6277,37.0277],[50.6327,37.0117],[50.6207,36.9584],[50.5736,36.8972],[50.5838,36.8656],[50.787,36.7745],[50.8681,36.7506],[51.9882,36.5747],[52.09,36.568],[52.1034,36.562],[52.1078,36.5479],[52.1007,36.5084],[52.0437,36.4358],[51.9743,36.389],[50.8992,36.0276],[50.8343,35.9873],[50.5202,35.6563],[50.4435,35.6177],[49.6606,35.5088],[49.6054,35.4743],[49.5338,35.3442],[49.4683,35.2859],[49.1265,35.1313],[49.0382,35.1196],[47.9038,35.3037],[46.0715,35.3707],[45.9829,35.388],[45.1848,35.6782],[45.1387,35.7351],[45.239,36.9657],[45.2876,37.0264],[45.3789,37.061],[45.4181,37.101],[45.4258,37.1508],[45.4029,37.172],[45.3189,37.1759],[45.2734,37.2115],[45.2384,37.4074],[45.2208,37.432],[45.18,37.4351],[45.1589,37.4789],[45.1967,37.7371],[45.2564,37.8004],[45.5798,37.9029],[45.6346,37.9448],[45.8159,38.2661],[45.8706,38.3259],[46.0759,38.4709],[46.1573,38.5041],[47.203,38.6803],[47.2901,38.6677],[48.2991,38.127],[48.3771,38.108],[48.863,38.1046],[48.882,38.0515],[48.8542,37.8773],[48.8737,37.8217],[49.0146,37.6808],[49.0429,37.6342],[49.0423,37.6043],[49.0701,37.5881],[49.96,37.4065],[50.0339,37.3658],[50.3051,37.0456]]]},"properties":{"id":"territory:Atropatene:-206","name":"Atropatene","name_en":"Atropatene","actor":"기타중립","valid_from":-206,"valid_to":-197,"span_from":-307,"span_to":-165,"color":"#8BA960","wikidata":"Q260437","area":146792,"src":"cliopatria","confidence":"medium","finish":"chaikin1cap4km+grow2km+islands+s600m","islands":0}},{"type":"Feature","geometry":{"type":"Polygon","coordinates":[[[50.3051,37.0456],[50.3635,37.0289],[50.5227,37.0671],[50.5977,37.0577],[50.6277,37.0277],[50.6327,37.0117],[50.6207,36.9584],[50.5736,36.8972],[50.5838,36.8656],[50.787,36.7745],[50.8681,36.7506],[51.9882,36.5747],[52.09,36.568],[52.1034,36.562],[52.1078,36.5479],[52.1007,36.5084],[52.0437,36.4358],[51.9743,36.389],[50.8992,36.0276],[50.8343,35.9873],[50.5202,35.6563],[50.4435,35.6177],[49.6606,35.5088],[49.6054,35.4743],[49.5338,35.3442],[49.4683,35.2859],[49.1265,35.1313],[49.0382,35.1196],[47.9038,35.3037],[46.0715,35.3707],[45.9829,35.388],[45.1848,35.6782],[45.1387,35.7351],[45.239,36.9657],[45.2876,37.0264],[45.3789,37.061],[45.4181,37.101],[45.4258,37.1508],[45.4029,37.172],[45.3189,37.1759],[45.2734,37.2115],[45.2384,37.4074],[45.2208,37.432],[45.18,37.4351],[45.1589,37.4789],[45.1967,37.7371],[45.2564,37.8004],[45.5798,37.9029],[45.6346,37.9448],[45.8159,38.2661],[45.8706,38.3259],[46.0759,38.4709],[46.1573,38.5041],[47.203,38.6803],[47.2901,38.6677],[48.2991,38.127],[48.3771,38.108],[48.863,38.1046],[48.882,38.0515],[48.8542,37.8773],[48.8737,37.8217],[49.0146,37.6808],[49.0429,37.6342],[49.0423,37.6043],[49.0701,37.5881],[49.96,37.4065],[50.0339,37.3658],[50.3051,37.0456]]]},"properties":{"id":"territory:Atropatene:-197","name":"Atropatene","name_en":"Atropatene","actor":"기타중립","valid_from":-197,"valid_to":-188,"span_from":-307,"span_to":-165,"color":"#8BA960","wikidata":"Q260437","area":146792,"src":"cliopatria","confidence":"medium","finish":"chaikin1cap4km+grow2km+islands+s600m","islands":0}},{"type":"Feature","geometry":{"type":"Point","coordinates":[47.861,36.728]},"properties":{"id":"territory:Atropatene:-206:label","name":"Atropatene","name_en":"Atropatene","actor":"기타중립","valid_from":-206,"valid_to":-197,"span_from":-307,"span_to":-165,"color":"#8BA960","wikidata":"Q260437","area":146792,"src":"cliopatria","confidence":"medium"}},{"type":"Feature","geometry":{"type":"Point","coordinates":[47.861,36.728]},"properties":{"id":"territory:Atropatene:-197:label","name":"Atropatene","name_en":"Atropatene","actor":"기타중립","valid_from":-197,"valid_to":-188,"span_from":-307,"span_to":-165,"color":"#8BA960","wikidata":"Q260437","area":146792,"src":"cliopatria","confidence":"medium"}},{"type":"Feature","geometry":{"type":"MultiPolygon","coordinates":[[[[11.0962,35.4181],[11.0787,35.3821],[11.0625,35.372],[11.0407,35.372],[11.0348,35.3533],[11.0913,35.0387],[11.0529,34.9784],[10.9009,34.9347],[10.868,34.9003],[10.8659,34.8341],[10.831,34.7707],[10.5802,34.5605],[10.5103,34.5157],[10.0506,34.2944],[10.0431,34.2802],[10.0775,34.2493],[10.0898,34.1908],[10.0364,33.9466],[10.0552,33.8945],[10.2193,33.7518],[10.2865,33.728],[10.5037,33.7265],[10.5786,33.6921],[10.6856,33.565],[10.7436,33.5463],[11.0463,33.5979],[11.1049,33.5582],[11.1689,33.2461],[11.2091,33.218],[11.4166,33.218],[11.5052,33.1973],[12.1984,32.8461],[12.272,32.836],[12.5644,32.8899],[12.5807,32.8845],[12.6082,32.8498],[12.5714,32.783],[12.5825,32.768],[12.7906,32.768],[12.822,32.7915],[12.8281,32.8609],[12.8806,32.9034],[13.2548,32.9522],[13.3348,32.9313],[13.4284,32.8525],[13.4919,32.8379],[13.7268,32.8863],[13.7687,32.8632],[13.778,32.8475],[13.778,32.7915],[13.8094,32.768],[14.0266,32.768],[14.1083,32.7439],[14.4137,32.5304],[14.4794,32.5208],[14.6348,32.5647],[14.6952,32.5451],[14.7429,32.4758],[14.7977,32.448],[15.0166,32.448],[15.1045,32.4246],[15.2538,32.3364],[15.302,32.2756],[15.4288,31.7038],[15.4692,31.6581],[15.5488,31.6233],[15.6054,31.5683],[15.6527,31.4446],[15.6994,31.4014],[16.1447,31.2417],[16.225,31.228],[16.8166,31.228],[16.9037,31.2169],[17.8132,30.9782],[17.8933,30.9478],[18.1913,30.7949],[18.2575,30.7462],[18.5735,30.4135],[18.6369,30.388],[18.8566,30.388],[18.9087,30.3516],[18.9154,30.3361],[18.9094,30.2664],[18.8849,30.2],[18.8449,30.14],[18.7666,30.102],[18.6334,30.102],[18.5561,30.1313],[18.2357,30.4581],[18.1727,30.5001],[17.7135,30.6838],[16.5979,30.9813],[16.5154,30.992],[15.9905,30.9923],[15.904,31.0067],[15.6014,31.1106],[15.528,31.1519],[15.2052,31.4249],[15.1648,31.4916],[15.0407,32.0678],[15.0061,32.1242],[14.9215,32.1976],[14.857,32.2138],[14.5549,32.1615],[14.4892,32.197],[14.4393,32.3155],[14.391,32.3595],[13.7946,32.5875],[13.7149,32.602],[12.0434,32.602],[12.029,32.6093],[12.0018,32.6512],[12.0403,32.7197],[12.0273,32.7523],[11.6541,32.9065],[11.5767,32.9171],[11.1189,32.8673],[11.0364,32.8881],[10.7256,33.1007],[10.6539,33.122],[10.5032,33.1252],[10.4598,33.1552],[10.452,33.17],[10.452,33.2221],[10.4194,33.2523],[9.8904,33.3632],[9.8111,33.3613],[9.666,33.3234],[9.6117,33.3466],[9.602,33.3625],[9.602,33.4213],[9.5702,33.462],[9.3513,33.5568],[9.296,33.6123],[9.2348,33.7973],[9.1961,33.8534],[8.949,34.0607],[8.9156,34.1042],[8.9028,34.6397],[8.8755,34.6948],[8.7904,34.7685],[8.7225,34.7965],[8.185,34.8498],[8.112,34.8887],[7.9999,35.0288],[7.972,35.1059],[7.9663,35.4231],[7.809,36.3765],[7.7717,36.42],[7.6938,36.4534],[7.6538,36.5009],[7.6452,36.5677],[7.6109,36.592],[7.1634,36.592],[7.0922,36.626],[6.9644,36.8286],[6.962,36.8702],[6.98,36.888],[7.1485,36.888],[7.2036,36.914],[7.3114,37.0421],[7.3957,37.0695],[7.6275,37.0233],[7.6895,36.9831],[7.7329,36.9158],[7.7877,36.888],[8.4739,36.888],[8.5456,36.9093],[8.8564,37.1219],[8.9369,37.1311],[9.0248,37.095],[9.0893,37.099],[9.3286,37.2454],[9.3835,37.2667],[9.43,37.268],[9.4879,37.231],[9.5938,37.0939],[9.6079,37.0203],[9.5585,36.8368],[9.5796,36.7926],[9.7317,36.7066],[9.7832,36.688],[9.9698,36.685],[10.0295,36.6418],[10.072,36.5264],[10.1185,36.498],[10.2615,36.498],[10.308,36.5264],[10.3477,36.6344],[10.3283,36.6722],[10.1018,36.7672],[10.0559,36.8213],[10.052,36.8975],[10.0592,36.9119],[10.1027,36.9444],[10.2666,36.948],[10.3159,36.932],[10.328,36.915],[10.328,36.885],[10.3053,36.8431],[10.2753,36.8158],[10.2818,36.8083],[10.4973,36.7666],[10.5622,36.7821],[10.8134,36.9913],[10.89,37.018],[10.97,37.018],[11.022,36.9774],[11.028,36.9641],[11.028,36.8359],[10.9923,36.7681],[10.5085,36.4317],[10.5008,36.4082],[10.5374,36.372],[10.5514,36.3113],[10.4849,35.9376],[10.5062,35.8863],[10.676,35.7519],[10.7353,35.7435],[10.8187,35.7719],[10.8705,35.7529],[10.9301,35.626],[10.9729,35.598],[11.0549,35.593],[11.0924,35.557],[11.0962,35.4181]]],[[[11.266,34.7735],[11.297,34.7285],[11.1305,34.6635],[11.1705,34.7285],[11.266,34.7735]]],[[[11.0555,34.621],[10.964,34.6565],[11.1015,34.671],[11.0555,34.621]]],[[[10.7903,37.1272],[10.8058,37.1407],[10.8229,37.1183],[10.796,37.1183],[10.7903,37.1272]]],[[[8.9157,37.5126],[8.9005,37.5185],[8.9463,37.5428],[8.9587,37.5191],[8.9157,37.5126]]],[[[6.728,36.9301],[6.6996,36.8952],[6.3822,36.7411],[6.2952,36.722],[5.9972,36.722],[5.9216,36.7015],[5.678,36.554],[5.5928,36.5437],[5.4522,36.5804],[5.3878,36.567],[5.2935,36.4887],[5.2217,36.4761],[4.9071,36.5787],[4.8237,36.592],[3.2063,36.592],[3.1229,36.5787],[2.8171,36.4768],[2.7252,36.462],[1.9648,36.462],[1.9073,36.4977],[1.8996,36.5111],[1.8967,36.586],[1.9142,36.6185],[1.93,36.628],[2.6421,36.628],[2.7113,36.6522],[2.8036,36.7306],[2.8789,36.757],[3.1829,36.758],[3.2599,36.7775],[3.4145,36.8649],[3.5009,36.8799],[3.8072,36.8259],[3.8879,36.8316],[4.1929,36.9332],[4.2862,36.9436],[4.8222,36.891],[4.9026,36.8579],[5.0779,36.7118],[5.1478,36.688],[5.5109,36.688],[5.5672,36.716],[5.6122,36.7839],[5.6768,36.8161],[6.0591,36.818],[6.0888,36.8408],[6.0874,36.9072],[6.1215,36.9604],[6.2923,37.0572],[6.3767,37.0604],[6.6158,36.9633],[6.6724,36.948],[6.71,36.948],[6.728,36.9301]]],[[[3.7983,39.9266],[3.7389,40.0587],[3.7482,40.1135],[4.1824,40.1154],[4.2479,40.0703],[4.3064,39.8698],[4.2515,39.8281],[3.874,39.8763],[3.7983,39.9266]]],[[[3.2533,39.302],[2.8598,39.3034],[2.7809,39.3386],[2.6751,39.4642],[2.6138,39.4828],[2.3987,39.4411],[2.3391,39.4703],[2.3302,39.485],[2.3265,39.6133],[2.3672,39.6777],[2.8368,39.9644],[2.9,39.988],[3.1433,39.988],[3.2024,39.9525],[3.2104,39.9389],[3.2149,39.8811],[3.2534,39.8467],[3.4789,39.7974],[3.5186,39.7462],[3.5197,39.7285],[3.3326,39.3457],[3.2533,39.302]]],[[[1.1882,39.091],[1.2328,39.129],[1.28,39.148],[1.6038,39.148],[1.6625,39.1124],[1.6704,39.0989],[1.6737,39.0248],[1.641,38.9596],[1.4726,38.8132],[1.39,38.782],[1.31,38.782],[1.248,38.8198],[1.175,39.0194],[1.1882,39.091]]],[[[1.5265,38.678],[1.3835,38.6805],[1.4375,38.7495],[1.5265,38.678]]],[[[0.4499,36.2245],[0.459,36.1805],[0.4109,35.9923],[0.3536,35.9402],[0.2068,35.8955],[0.1466,35.9056],[0.142,35.9525],[0.1723,36.0111],[0.3442,36.2056],[0.3874,36.2349],[0.4325,36.238],[0.4499,36.2245]]],[[[-7.7825,33.608],[-7.75,33.608],[-7.697,33.6232],[-7.1785,33.8392],[-7.1267,33.8839],[-7.0828,33.9547],[-7.0255,33.9723],[-6.9379,33.9434],[-6.8777,33.9529],[-6.6569,34.1433],[-6.6504,34.1868],[-6.6932,34.2485],[-6.6948,34.2661],[-6.6754,34.3097],[-6.6643,34.3197],[-6.5212,34.3632],[-6.491,34.3985],[-6.492,34.4682],[-6.457,34.5157],[-6.3783,34.55],[-6.3414,34.5934],[-6.3033,34.8371],[-6.2746,34.8805],[-6.2356,34.888],[-6.2337,34.9011],[-6.2922,35.041],[-6.2619,35.0677],[-6.2442,35.0696],[-6.1694,35.0369],[-6.1529,35.0459],[-6.1628,35.1612],[-6.1317,35.2296],[-6.0438,35.3058],[-6.0073,35.3625],[-5.9067,35.7395],[-5.8392,35.7934],[-5.3746,35.8502],[-5.312,35.8106],[-5.2347,35.5633],[-5.1938,35.5105],[-4.7761,35.2292],[-4.7037,35.208],[-3.3089,35.208],[-3.0317,35.2667],[-3.0002,35.3023],[-3.0061,35.4132],[-2.9653,35.4627],[-2.8775,35.468],[-2.8198,35.4152],[-2.8046,35.1715],[-2.79,35.148],[-2.7487,35.144],[-2.7351,35.0994],[-2.7805,34.9682],[-2.83,34.922],[-2.8888,34.922],[-2.9333,34.958],[-4.695,34.958],[-4.7738,34.973],[-5.1617,35.1298],[-5.2142,35.1742],[-5.3609,35.4318],[-5.4258,35.4792],[-5.5956,35.5249],[-5.6619,35.4941],[-6.2297,34.2733],[-6.2752,34.2202],[-6.5773,34.0079],[-6.6133,33.9461],[-6.6108,33.8759],[-6.6346,33.8252],[-6.8605,33.6305],[-6.9271,33.591],[-7.5119,33.3641],[-7.5606,33.3768],[-7.6037,33.4391],[-7.6691,33.4759],[-7.7461,33.478],[-7.7752,33.5016],[-7.7796,33.5589],[-7.7988,33.5975],[-7.7825,33.608]]],[[[-3.9,35.2179],[-3.8998,35.2173],[-3.901,35.2172],[-3.9,35.2179]]],[[[-3.9023,35.2159],[-3.902,35.2155],[-3.9025,35.2148],[-3.9023,35.2159]]],[[[-5.4188,35.9156],[-5.416,35.9135],[-5.4179,35.9109],[-5.4188,35.9156]]]]},"properties":{"id":"territory:Carthage:-202","name":"카르타고","name_en":"Carthage","actor":"카르타고","valid_from":-202,"valid_to":-197,"span_from":-650,"span_to":-145,"wikidata":"Q2429397","area":140736,"src":"cliopatria","confidence":"medium","finish":"chaikin1cap4km+grow2km+islands+s600m","islands":8,"island_rule":"nearest<=40km"}},{"type":"Feature","geometry":{"type":"Point","coordinates":[10.56,34.708]},"properties":{"id":"territory:Carthage:-202:label","name":"카르타고","name_en":"Carthage","actor":"카르타고","valid_from":-202,"valid_to":-197,"span_from":-650,"span_to":-145,"wikidata":"Q2429397","area":140736,"src":"cliopatria","confidence":"medium"}},{"type":"Feature","geometry":{"type":"Polygon","coordinates":[[[42.9713,20.2322],[42.9933,20.2018],[43.2897,19.996],[43.3426,19.9359],[43.511,19.6061],[43.5261,19.5332],[43.52,19.419],[43.5422,19.3654],[43.6252,19.2883],[43.6547,19.221],[43.65,19.0984],[43.6696,19.0409],[43.8933,18.774],[43.9169,18.7035],[43.9091,18.4486],[43.9289,18.3901],[44.0842,18.1942],[44.1061,18.1232],[44.0999,17.9979],[44.1168,17.9372],[44.4147,17.4903],[44.4189,17.4193],[44.3772,17.3462],[44.3784,17.2956],[44.4617,17.174],[44.5119,17.148],[44.5825,17.148],[44.5972,17.1403],[44.6206,17.107],[44.6225,17.0897],[44.5726,16.9711],[44.5804,16.9194],[45.0105,16.3997],[45.0345,16.3333],[45.0308,16.2667],[45.0554,16.2241],[45.2134,16.128],[45.2454,16.0659],[45.2312,15.928],[44.3713,15.928],[44.3177,15.9526],[44.1572,16.1436],[44.0911,16.1795],[43.4311,16.2441],[43.3677,16.2668],[43.1506,16.4142],[43.0779,16.4372],[42.8473,16.438],[42.804,16.4219],[42.7966,16.4291],[42.7992,16.4712],[42.7862,16.5153],[42.4835,17.0852],[42.4399,17.112],[42.3634,17.1163],[42.3157,17.1621],[42.2696,17.408],[42.2372,17.4606],[41.7954,17.8057],[41.7474,17.864],[41.4518,18.4373],[41.4068,18.4856],[41.2559,18.5818],[41.2235,18.6466],[41.2305,18.8215],[41.211,18.8797],[41.0466,19.0842],[41.0167,19.1528],[40.9785,19.3971],[40.9445,19.4414],[40.8587,19.4847],[40.8266,19.5364],[40.8299,19.6594],[40.8035,19.7012],[40.5869,19.7983],[40.5245,19.8423],[40.1546,20.2381],[40.0985,20.262],[39.9579,20.262],[39.9421,20.2715],[39.9263,20.3006],[39.9278,20.32],[40.5189,21.0964],[40.5851,21.1328],[41.4901,21.2528],[41.5713,21.2368],[41.9403,21.0216],[41.9942,20.9682],[42.1529,20.7065],[42.1925,20.695],[42.2786,20.7319],[42.3495,20.7186],[42.7921,20.3203],[42.8508,20.298],[42.9305,20.2961],[42.9734,20.2708],[42.9713,20.2322]]]},"properties":{"id":"territory:Minaeans:-188","name":"Minaeans","name_en":"Minaeans","actor":"기타중립","valid_from":-188,"valid_to":-170,"span_from":-383,"span_to":-26,"color":"#60A9A8","wikidata":"Q1177379","area":137479,"src":"cliopatria","confidence":"medium","finish":"chaikin1cap4km+grow2km+islands+s600m","islands":0}},{"type":"Feature","geometry":{"type":"Point","coordinates":[42.585,18.669]},"properties":{"id":"territory:Minaeans:-188:label","name":"Minaeans","name_en":"Minaeans","actor":"기타중립","valid_from":-188,"valid_to":-170,"span_from":-383,"span_to":-26,"color":"#60A9A8","wikidata":"Q1177379","area":137479,"src":"cliopatria","confidence":"medium"}},{"type":"Feature","geometry":{"type":"Polygon","coordinates":[[[38.8834,39.7488],[38.8824,39.7897],[38.8022,39.869],[38.8201,39.9136],[38.834,39.9236],[40.3479,40.1116],[40.4058,40.1459],[40.4804,40.2717],[40.5487,40.32],[40.6974,40.3634],[40.7383,40.3993],[40.7464,40.448],[40.7262,40.4984],[40.5858,40.6388],[40.5808,40.6545],[40.598,40.7174],[40.9638,40.9335],[41.0025,40.9403],[41.0217,40.9292],[41.0138,40.888],[41.028,40.8463],[41.1103,40.726],[41.1708,40.698],[41.3081,40.698],[41.355,40.7267],[41.5103,41.2403],[41.5768,41.278],[42.1989,41.278],[42.2551,41.3066],[42.3239,41.4316],[42.3244,41.4668],[42.2958,41.4914],[42.2897,41.5071],[42.2993,41.521],[42.3368,41.538],[42.4782,41.538],[42.5217,41.564],[42.535,41.6215],[42.5453,41.634],[42.5979,41.6569],[43.7365,41.4176],[43.8212,41.4202],[43.9898,41.4653],[44.0718,41.445],[44.2203,41.3036],[44.29,41.278],[44.85,41.278],[44.8659,41.2683],[44.8847,41.2324],[44.8638,40.7031],[44.8086,40.6529],[44.5766,40.6036],[44.5615,40.578],[44.6348,40.4619],[44.6454,40.3875],[44.5299,40.06],[44.518,39.9925],[44.518,39.6159],[44.4931,39.543],[44.438,39.47],[44.364,39.4249],[44.1247,39.3732],[44.0948,39.3389],[44.1217,39.1704],[44.1468,39.1059],[44.3569,38.7762],[44.3723,38.7016],[44.3432,38.513],[44.3007,38.4395],[43.995,38.1751],[43.9622,38.1212],[43.9536,38.0651],[43.9615,38.048],[44.0014,38.0439],[44.0139,37.9892],[43.9198,37.7382],[43.8518,37.6967],[42.8457,37.7495],[42.7527,37.7625],[41.7118,38.0019],[41.6222,38.012],[40.605,38.0164],[40.5639,38.0521],[40.5579,38.0685],[40.5758,38.1822],[40.5679,38.202],[40.54,38.202],[40.5244,38.211],[40.5013,38.2556],[40.4927,38.7037],[40.5046,38.7805],[40.629,39.1539],[40.6092,39.1939],[40.5399,39.2262],[40.4924,39.2849],[40.4662,39.5343],[40.4274,39.562],[39.9006,39.562],[39.8376,39.5345],[39.78,39.4641],[39.7099,39.4383],[39.2568,39.4867],[39.1764,39.4731],[38.987,39.3818],[38.9082,39.395],[38.757,39.539],[38.7505,39.6082],[38.8834,39.7488]]]},"properties":{"id":"territory:Kingdom of Armenia:-110","name":"아르메니아 왕국","name_en":"Kingdom of Armenia","actor":"기타중립","valid_from":-110,"valid_to":-91,"span_from":-326,"span_to":646,"color":"#6073A9","wikidata":"Q208404","area":132053,"src":"cliopatria","confidence":"medium","finish":"chaikin1cap4km+grow2km+islands+s600m","islands":0}},{"type":"Feature","geometry":{"type":"Point","coordinates":[42.423,39.654]},"properties":{"id":"territory:Kingdom of Armenia:-110:label","name":"아르메니아 왕국","name_en":"Kingdom of Armenia","actor":"기타중립","valid_from":-110,"valid_to":-91,"span_from":-326,"span_to":646,"color":"#6073A9","wikidata":"Q208404","area":132053,"src":"cliopatria","confidence":"medium"}},{"type":"Feature","geometry":{"type":"MultiPolygon","coordinates":[[[[40.4054,43.5837],[40.359,43.5444],[40.3536,43.5101],[40.3793,43.4543],[40.4343,43.4145],[41.1141,43.2366],[41.1755,43.192],[41.2093,43.1243],[41.2642,43.0844],[41.4071,43.0439],[41.446,42.9993],[41.45,42.9835],[41.4312,42.9109],[41.39,42.872],[41.21,42.872],[41.148,42.9072],[41.1172,42.9772],[41.0677,43.0231],[40.857,43.1144],[40.7689,43.132],[40.4693,43.132],[40.3888,43.1648],[40.2327,43.364],[40.167,43.392],[40.0293,43.392],[39.9433,43.4211],[39.6428,43.7008],[39.6645,43.7337],[39.681,43.7397],[40.3649,43.6257],[40.3995,43.5984],[40.4054,43.5837]]],[[[36.5874,41.278],[36.6439,41.2944],[36.7228,41.329],[36.8072,41.3241],[37.0404,41.1713],[37.107,41.1658],[37.1828,41.199],[37.2321,41.184],[37.2428,41.1648],[37.2344,41.1103],[37.2637,41.088],[37.7224,41.088],[37.7933,41.0534],[37.8283,40.9866],[37.8781,40.967],[38.1182,41.009],[38.1945,40.9895],[38.2788,40.9142],[38.3464,40.8976],[38.8978,41.0079],[38.936,41.0289],[38.9483,41.068],[38.9962,41.0963],[39.1656,41.1371],[39.2591,41.1315],[39.7012,40.973],[39.7875,40.9625],[40.3661,41.0158],[40.4,40.982],[40.44,40.982],[40.4633,40.9953],[40.4778,40.959],[40.5549,40.8874],[40.5765,40.8353],[40.5681,40.781],[40.5277,40.7406],[40.448,40.7125],[40.361,40.698],[39.6698,40.698],[39.5895,40.7189],[39.442,40.8053],[39.3525,40.828],[39.0423,40.8272],[38.9604,40.8024],[38.8463,40.7211],[38.7698,40.698],[37.9195,40.698],[37.8368,40.7171],[37.4075,40.9359],[37.3205,40.9671],[36.5648,41.1362],[36.5341,41.1685],[36.5428,41.2248],[36.5289,41.262],[36.55,41.278],[36.5874,41.278]]],[[[39.9573,43.7173],[39.9347,43.75],[39.9465,43.7967],[39.98,43.818],[40.0327,43.8127],[40.0553,43.78],[40.0435,43.7333],[40.01,43.712],[39.9573,43.7173]]],[[[35.1847,45.2791],[35.1924,45.2616],[35.1739,45.1385],[35.1838,45.118],[35.2175,45.118],[35.2309,45.1119],[35.2353,45.0979],[35.2276,45.0576],[35.1709,44.9905],[35.148,44.9502],[35.148,44.925],[35.1377,44.9088],[35.0838,44.8837],[34.4343,44.7712],[34.3536,44.7383],[33.9759,44.4614],[33.8792,44.432],[33.5708,44.432],[33.4937,44.481],[33.4617,44.62],[33.4794,44.6645],[33.5206,44.668],[33.5375,44.6924],[33.5866,45.0602],[33.5566,45.1078],[33.2537,45.2728],[33.2645,45.3076],[33.2808,45.318],[33.5959,45.3167],[33.6798,45.2808],[33.9034,45.0173],[33.9625,45.0062],[34.5515,45.2399],[34.6484,45.2631],[35.1279,45.3127],[35.1847,45.2791]]],[[[34.8196,41.9934],[34.8337,42.0062],[35.0828,42.0466],[35.1255,42.0193],[35.1337,42.0021],[35.1112,41.8117],[34.9813,41.9023],[34.8999,41.9337],[34.8161,41.9466],[34.8111,41.9631],[34.8196,41.9934]]],[[[31.3819,41.2361],[31.3846,41.2794],[31.3958,41.2934],[31.6411,41.39],[31.6825,41.3715],[31.6883,41.3482],[31.6235,41.225],[31.5819,41.1866],[31.53,41.182],[31.4658,41.1983],[31.3819,41.2361]]],[[[29.6182,45.9262],[29.6622,46.0014],[30.1451,46.3964],[30.2018,46.426],[30.2449,46.428],[30.2871,46.4541],[30.4184,46.5923],[30.4943,46.6438],[31.0148,46.866],[31.055,46.9123],[31.0596,46.9763],[31.0692,46.991],[31.1335,47.0205],[31.5215,46.9651],[31.5768,46.9173],[31.5823,46.9015],[31.5533,46.713],[31.4874,46.6647],[30.9356,46.662],[30.8658,46.6337],[30.3393,45.9801],[30.2608,45.9315],[30.0954,45.8863],[30.024,45.8453],[29.8939,45.7038],[29.8079,45.672],[29.6621,45.672],[29.6032,45.7114],[29.5961,45.7278],[29.6182,45.9262]]],[[[25.2653,41.31],[25.2544,41.2648],[26.4535,41.0947],[26.5381,41.104],[26.938,41.2591],[26.988,41.3049],[27.06,41.4919],[27.1292,41.5292],[27.4361,41.4849],[27.4895,41.4409],[27.4954,41.4261],[27.4911,41.3701],[27.5167,41.348],[27.5852,41.348],[27.6341,41.3763],[27.6965,41.495],[27.7685,41.551],[28.0907,41.6532],[28.1777,41.653],[28.2592,41.6217],[28.3135,41.5674],[28.3551,41.4356],[28.4037,41.3973],[28.9377,41.2871],[28.9879,41.24],[28.9928,41.2248],[28.9846,41.1718],[29.0099,41.1568],[29.3205,41.2098],[29.3694,41.1794],[29.3754,41.1595],[29.2887,40.8992],[29.2773,40.8878],[29.2257,40.8705],[29.1253,40.9122],[29.0903,40.9622],[29.0954,41.0282],[29.0701,41.0432],[28.7595,40.9902],[28.65,40.982],[28.5834,41.0067],[28.4405,41.0911],[28.3601,41.112],[28.2215,41.112],[28.1599,41.0839],[28.1084,41.015],[28.0308,40.9882],[27.5782,41.0458],[27.5071,41.0268],[26.8832,40.4933],[26.8681,40.4893],[26.8261,40.4974],[26.8123,40.5099],[26.7746,40.6356],[26.7322,40.6798],[26.6637,40.7072],[26.5871,40.71],[26.1777,40.6055],[26.1246,40.629],[26.1143,40.6414],[26.0719,40.8252],[26.0266,40.8675],[25.89,40.909],[25.8006,40.924],[24.3998,40.98],[24.3248,40.9581],[24.0469,40.7479],[23.9604,40.7328],[23.7481,40.7807],[23.7133,40.7627],[23.7021,40.6508],[23.7314,40.6099],[23.8155,40.574],[23.8462,40.5097],[23.7681,40.2596],[23.7577,40.2483],[23.6905,40.2251],[23.3106,40.3301],[23.21,40.342],[23.1923,40.3567],[23.2202,40.3879],[23.3917,40.8251],[23.4419,40.8714],[24.0046,41.0965],[24.0514,41.1336],[24.058,41.1477],[24.1045,41.1474],[24.2355,41.1031],[24.3062,41.1066],[24.6357,41.2588],[24.7276,41.278],[25.1462,41.2756],[25.1497,41.315],[25.179,41.3442],[25.2427,41.3427],[25.2653,41.31]]],[[[27.6253,43.2618],[27.6904,43.3176],[27.9494,43.4623],[27.9947,43.514],[28.0937,43.834],[28.1337,43.9021],[28.2578,44.04],[28.2861,44.1007],[28.3185,44.416],[28.345,44.4599],[28.3875,44.468],[28.3946,44.4871],[28.3592,44.671],[28.3873,44.7516],[28.6034,44.958],[28.68,44.988],[28.7714,44.9839],[28.8215,44.936],[28.8542,44.6177],[28.8158,44.54],[28.6282,44.403],[28.5939,44.3482],[28.5619,44.0289],[28.5715,44.008],[28.6107,44.0044],[28.6279,43.9501],[28.5068,43.5006],[28.4306,43.452],[28.2169,43.452],[28.1996,43.4344],[28.2283,43.381],[28.227,43.3618],[28.1966,43.3206],[27.954,43.2716],[27.8879,43.2347],[27.8405,43.1732],[27.8238,43.1132],[27.8679,42.8069],[27.8606,42.7605],[27.8127,42.7265],[27.5642,42.6315],[27.5237,42.5865],[27.512,42.4698],[27.541,42.4198],[27.7716,42.2785],[27.8262,42.2171],[27.9243,41.9509],[27.9176,41.93],[27.8689,41.9031],[27.6505,41.9527],[27.5859,41.9783],[27.5525,42.0058],[27.5425,41.9801],[27.52,41.9651],[27.47,41.962],[27.4408,41.9814],[27.4388,42.022],[27.4,42.022],[27.3682,42.044],[27.362,42.0575],[27.3682,42.106],[27.3882,42.1235],[27.4142,42.128],[27.3341,42.2042],[27.3062,42.265],[27.309,42.3319],[27.279,42.3699],[27.1954,42.4045],[27.159,42.4554],[27.1685,42.596],[27.1963,42.6684],[27.6253,43.2618]],[[27.48,42.058],[27.4925,42.058],[27.478,42.071],[27.48,42.058]]],[[[27.592,37.3025],[27.6021,37.3187],[27.6531,37.3422],[28.1935,37.3936],[28.2681,37.3506],[28.3061,37.2303],[28.3034,37.204],[28.2475,37.208],[28.2341,37.202],[28.2034,37.1676],[28.1749,37.112],[27.6451,37.112],[27.5922,37.1453],[27.5846,37.1615],[27.592,37.3025]]],[[[27.682,40.3425],[27.6882,40.356],[27.7082,40.3735],[27.7661,40.3856],[27.772,40.465],[27.7792,40.4794],[27.81,40.498],[27.9417,40.4936],[27.9652,40.462],[27.958,40.384],[27.966,40.378],[28.074,40.378],[28.082,40.384],[28.0892,40.4194],[28.12,40.438],[28.16,40.438],[28.1758,40.4285],[28.1954,40.3861],[28.1904,40.3211],[28.1823,40.3075],[28.1228,40.272],[27.7472,40.272],[27.6853,40.2972],[27.682,40.3425]]],[[[26.6186,40.4829],[26.6708,40.4494],[26.6952,40.402],[26.6851,40.3622],[26.6434,40.3219],[26.3058,40.1078],[26.2487,40.101],[26.2421,40.1468],[26.252,40.275],[26.2592,40.2894],[26.2792,40.3044],[26.3238,40.308],[26.3357,40.3172],[26.3456,40.3559],[26.3914,40.3958],[26.5592,40.4782],[26.6186,40.4829]]],[[[26.1295,38.1799],[26.0641,38.142],[25.9259,38.142],[25.8708,38.182],[25.8643,38.197],[25.8795,38.4404],[25.8688,38.462],[25.8281,38.4666],[25.8181,38.5115],[25.8778,38.644],[25.9177,38.6831],[25.97,38.688],[26.034,38.6671],[26.1901,38.5859],[26.2274,38.51],[26.1295,38.1799]]],[[[26.097,35.0497],[24.8649,34.9844],[24.7999,35.0193],[24.7558,35.1435],[24.7108,35.172],[24.4051,35.176],[23.7129,35.2417],[23.6543,35.2913],[23.6106,35.4806],[23.6155,35.4975],[23.664,35.538],[24.116,35.538],[24.1686,35.5016],[24.1754,35.4861],[24.1709,35.4275],[24.1995,35.3867],[24.2683,35.3546],[24.3459,35.338],[25.646,35.338],[25.6998,35.2978],[25.7061,35.2832],[25.7003,35.1746],[25.7287,35.1534],[26.1844,35.2031],[26.2002,35.1968],[26.2255,35.1605],[26.1769,35.0892],[26.097,35.0497]]],[[[26.0039,40.3042],[26.046,40.2717],[26.0528,40.2548],[26.0428,40.1898],[25.9776,40.1338],[25.7359,40.0935],[25.694,40.1208],[25.6859,40.1377],[25.6984,40.2561],[25.725,40.2999],[25.74,40.308],[26.0039,40.3042]]],[[[25.5447,37.1432],[25.5854,37.0961],[25.5804,37.0311],[25.5726,37.0177],[25.515,36.982],[25.3641,36.9857],[25.3216,37.0182],[25.3146,37.0339],[25.3227,37.1077],[25.3452,37.1402],[25.36,37.148],[25.5447,37.1432]]],[[[25.4243,40.044],[25.4693,40.0081],[25.4761,39.9932],[25.4698,39.875],[25.4625,39.8614],[25.4031,39.822],[25.0169,39.822],[24.9741,39.8615],[24.9716,39.8817],[25.0366,40.005],[25.0781,40.0434],[25.4243,40.044]]],[[[25.1899,37.725],[25.2491,37.6813],[25.2948,37.5506],[25.2908,37.5322],[25.2446,37.492],[25.0954,37.492],[25.03,37.5297],[24.9833,37.6699],[24.9961,37.7239],[25.1899,37.725]]],[[[24.6728,38.0035],[24.6947,38.0394],[24.71,38.048],[24.75,38.048],[24.8124,38.017],[25.0511,37.8101],[25.0564,37.7908],[25.0436,37.7534],[25.031,37.7417],[24.8778,37.7034],[24.7956,37.719],[24.6989,37.7999],[24.6639,37.8768],[24.6728,38.0035]]],[[[24.774,40.8239],[24.8178,40.7881],[24.8243,40.7724],[24.8061,40.6329],[24.7493,40.5813],[24.5994,40.5438],[24.5344,40.569],[24.5243,40.5814],[24.4807,40.7706],[24.4995,40.8246],[24.774,40.8239]]],[[[24.3447,38.9769],[24.3647,39.0094],[24.38,39.018],[24.4867,39.0045],[24.6322,38.9603],[24.6861,38.8932],[24.6798,38.775],[24.6691,38.7594],[24.6125,38.741],[24.3932,38.836],[24.342,38.9025],[24.3447,38.9769]]],[[[24.2482,37.706],[24.2928,37.7265],[24.34,37.728],[24.3933,37.686],[24.4283,37.621],[24.4289,37.6052],[24.3975,37.5462],[24.3169,37.5109],[24.2479,37.5251],[24.2017,37.599],[24.2082,37.671],[24.2482,37.706]]],[[[23.2987,38.5257],[23.3603,38.498],[23.5764,38.498],[23.6004,38.5208],[23.5521,38.7002],[23.5584,38.7189],[23.6082,38.751],[23.9914,38.6934],[24.0735,38.6582],[24.1589,38.5898],[24.1958,38.513],[24.1801,38.2548],[24.1316,38.2063],[24.0466,38.202],[24.0156,38.1755],[23.9998,37.875],[23.9753,37.8306],[23.96,37.822],[23.92,37.822],[23.8523,37.8407],[22.5647,38.3858],[22.5075,38.402],[22.4593,38.4056],[22.4419,38.4598],[22.5209,38.7602],[22.5018,38.782],[22.4182,38.7864],[22.3807,38.8189],[22.3746,38.8339],[22.3796,38.8989],[22.4263,38.9591],[22.507,38.9964],[22.5277,39.0358],[22.4883,39.1428],[22.44,39.1682],[21.7501,39.1158],[21.6771,39.0882],[21.5833,39.0121],[21.5267,39.0176],[21.5132,39.0305],[21.4633,39.2158],[21.4221,39.2598],[21.3508,39.2883],[21.3088,39.321],[21.302,39.3574],[21.2717,39.3867],[21.1186,39.4732],[21.0589,39.53],[20.8756,39.8535],[20.8193,39.882],[20.6064,39.882],[20.5509,39.9219],[20.5442,39.937],[20.5599,40.1952],[20.5928,40.2659],[20.8672,40.5335],[20.892,40.5705],[20.892,40.595],[20.9047,40.6108],[20.9479,40.5784],[21.2473,40.4786],[21.2975,40.4349],[21.3404,40.3184],[21.4087,40.2744],[21.8681,40.272],[21.9257,40.2433],[22.1057,39.9242],[22.1801,39.8903],[22.628,39.9517],[22.628,39.9257],[22.6368,39.918],[22.6808,39.9144],[22.7008,39.8994],[22.708,39.8633],[22.7552,39.8527],[22.7727,39.8352],[22.778,39.734],[22.82,39.728],[22.8502,39.7052],[22.8514,39.663],[22.8782,39.6315],[23.1203,39.479],[23.1127,39.4357],[23.0992,39.4227],[22.8735,39.3733],[22.8353,39.3361],[22.8209,39.1068],[22.8404,39.0973],[22.9204,39.1305],[23.0071,39.1269],[23.4587,38.9054],[23.4688,38.8888],[23.468,38.8521],[23.4572,38.836],[23.37,38.7995],[23.2824,38.8011],[23.0693,38.8934],[23.0268,38.8812],[22.9763,38.7746],[22.9952,38.742],[23.132,38.7003],[23.2075,38.6494],[23.2987,38.5257]]],[[[23.7635,37.776],[23.7668,37.7695],[23.7566,37.763],[23.7516,37.7695],[23.7635,37.776]]],[[[23.5,38.722],[23.4708,38.7414],[23.4648,38.758],[23.4698,38.788],[23.5,38.8149],[23.55,38.818],[23.5792,38.7986],[23.5852,38.782],[23.5802,38.752],[23.54,38.722],[23.5,38.722]]],[[[22.8693,36.3855],[22.8919,36.4288],[22.9075,36.438],[22.9477,36.4372],[23.088,36.3836],[23.1328,36.3244],[23.1298,36.195],[23.0764,36.1458],[22.9146,36.142],[22.8611,36.1822],[22.8548,36.1972],[22.8693,36.3855]]],[[[21.78,36.852],[21.7225,36.8912],[21.6698,37.147],[21.651,37.172],[21.62,37.172],[21.6025,37.186],[21.595,37.2305],[21.6798,37.498],[21.6921,37.5121],[21.7451,37.528],[22.0449,37.528],[22.1323,37.4971],[22.2153,37.4252],[22.2491,37.4291],[22.2848,37.4872],[22.3287,37.524],[22.38,37.528],[22.4455,37.5045],[22.8225,37.2866],[22.876,37.2274],[23.064,36.6975],[23.0369,36.6801],[23.0178,36.6829],[22.8513,36.8277],[22.7819,36.852],[22.6498,36.852],[22.5987,36.8234],[22.5349,36.6887],[22.4725,36.652],[22.3873,36.6552],[22.3307,36.6985],[22.2177,37.0134],[22.17,37.042],[21.9611,37.042],[21.9256,37.0149],[21.9136,36.8923],[21.86,36.852],[21.78,36.852]]],[[[21.2592,37.9744],[21.3032,37.978],[21.312,37.9857],[21.312,38.075],[21.3192,38.0894],[21.35,38.108],[21.3981,38.106],[21.4529,38.0779],[21.62,37.9398],[21.6536,37.8755],[21.6504,37.8011],[21.6426,37.7876],[21.5845,37.752],[21.3282,37.7565],[21.3082,37.774],[21.302,37.8143],[21.2932,37.822],[21.26,37.822],[21.2308,37.8414],[21.2248,37.858],[21.2392,37.9594],[21.2592,37.9744]]],[[[21.1787,38.4617],[21.1582,38.4983],[20.9166,38.756],[20.8563,38.782],[20.78,38.782],[20.7655,38.7894],[20.7407,38.8233],[20.7389,38.8413],[20.8087,38.983],[20.8781,39.0041],[21.0216,38.9605],[21.1284,38.9459],[21.1826,38.9169],[21.2747,38.8358],[21.3134,38.7671],[21.361,38.4489],[21.3467,38.4133],[21.33,38.402],[21.21,38.402],[21.1808,38.4214],[21.1787,38.4617]]],[[[20.7782,40.9264],[20.7367,40.964],[20.7041,41.0244],[20.6553,41.052],[20.58,41.052],[20.5224,41.0913],[20.469,41.3511],[20.462,41.4343],[20.404,41.4519],[20.3858,41.4878],[20.3902,41.615],[20.4147,41.6594],[20.43,41.668],[20.4599,41.668],[20.4741,41.6913],[20.4865,41.8277],[20.5283,41.8636],[20.6147,41.868],[20.6586,41.8964],[20.7369,42.0905],[20.8,42.128],[20.8754,42.128],[20.9272,42.156],[20.9737,42.2243],[21.0137,42.2393],[21.0318,42.236],[21.0697,42.2028],[21.1038,42.188],[21.14,42.188],[21.1595,42.1711],[21.1397,42.1353],[21.1145,41.7571],[21.145,41.6854],[21.2341,41.606],[21.26,41.5505],[21.2541,41.4319],[21.2196,41.3817],[20.9689,41.2374],[20.9145,41.1771],[20.83,40.922],[20.7782,40.9264]]],[[[20.8845,37.918],[20.94,37.878],[20.9466,37.8634],[20.9393,37.6752],[20.9304,37.6604],[20.8723,37.6323],[20.6405,37.688],[20.5939,37.7468],[20.6002,37.865],[20.6247,37.9094],[20.64,37.918],[20.8845,37.918]]],[[[20.3523,38.1405],[20.3039,38.1968],[20.314,38.3252],[20.3628,38.384],[20.51,38.438],[20.5562,38.4369],[20.6133,38.4159],[20.7717,38.3266],[20.8161,38.2532],[20.8097,38.125],[20.8013,38.1107],[20.7424,38.0789],[20.3523,38.1405]]],[[[3.1665,42.4121],[3.1879,42.3301],[3.0668,41.8806],[3.0511,41.8674],[3.0204,41.8645],[3.0038,41.8726],[2.7062,42.3277],[2.702,42.3845],[2.7092,42.3994],[2.7442,42.4256],[2.755,42.4663],[2.6598,42.9907],[2.6798,43.0348],[2.7189,43.038],[2.7299,43.0597],[2.7239,43.1731],[2.7671,43.2489],[3.4034,43.6612],[3.4956,43.6949],[4.6837,43.8707],[4.7799,43.8596],[5.8317,43.4444],[5.9209,43.428],[6.5408,43.428],[6.6021,43.3927],[6.6104,43.3789],[6.6154,43.3139],[6.5709,43.2512],[6.3278,43.1502],[6.26,43.132],[5.8492,43.132],[5.7551,43.1617],[5.6556,43.2378],[5.578,43.262],[5.4293,43.265],[5.3801,43.2975],[5.372,43.3125],[5.372,43.3693],[5.3342,43.4019],[5.1054,43.4435],[5.01,43.452],[4.2292,43.452],[4.1679,43.4873],[4.1596,43.5011],[4.1553,43.5571],[4.1156,43.582],[3.9013,43.582],[3.8161,43.5622],[3.0325,43.1569],[3.0001,43.109],[3.026,42.6001],[3.0522,42.5397],[3.1665,42.4121]]]]},"properties":{"id":"territory:Greek City-States:-197","name":"Greek City-States","name_en":"Greek City-States","actor":"기타중립","valid_from":-197,"valid_to":-188,"span_from":-800,"span_to":83,"color":"#87A960","wikidata":"Q148837","area":130882,"src":"cliopatria","confidence":"medium","finish":"chaikin1cap4km+grow2km+islands+s600m","islands":1,"island_rule":"nearest<=40km"}},{"type":"Feature","geometry":{"type":"Point","coordinates":[22.296,39.304]},"properties":{"id":"territory:Greek City-States:-197:label","name":"Greek City-States","name_en":"Greek City-States","actor":"기타중립","valid_from":-197,"valid_to":-188,"span_from":-800,"span_to":83,"color":"#87A960","wikidata":"Q148837","area":130882,"src":"cliopatria","confidence":"medium"}},{"type":"Feature","geometry":{"type":"MultiPolygon","coordinates":[[[[35.9366,29.9789],[35.898,29.972],[35.8848,29.9488],[35.8509,29.507],[35.8641,29.4434],[35.9589,29.261],[35.9674,29.187],[35.8889,28.9234],[35.8975,28.8653],[36.3922,28.1049],[36.442,28.078],[36.5206,28.076],[36.5804,28.0458],[36.6808,27.9128],[36.7359,27.8689],[37.1057,27.6998],[37.163,27.6456],[37.2572,27.4643],[37.3073,27.4238],[37.4553,27.3736],[37.4915,27.3288],[37.491,27.259],[37.5193,27.2285],[37.7334,27.1856],[37.7945,27.1603],[37.822,27.1362],[37.8287,27.1577],[37.8487,27.1739],[37.9127,27.1727],[37.9353,27.14],[37.9303,27.105],[37.9061,27.0769],[37.8911,27.072],[38.03,26.9431],[38.0844,26.9346],[38.1798,26.9706],[38.2376,26.9404],[38.2749,26.8161],[38.3166,26.788],[38.4489,26.788],[38.4637,26.7801],[38.4854,26.7485],[38.4858,26.7289],[38.4488,26.6687],[38.4586,26.6296],[38.6809,26.483],[38.7152,26.432],[38.7102,26.402],[38.6983,26.388],[38.6489,26.372],[38.5142,26.372],[38.4492,26.3493],[38.2678,26.1987],[38.218,26.1739],[38.17,26.172],[38.1542,26.1815],[38.1367,26.214],[38.1392,26.2845],[38.1171,26.336],[37.9673,26.4787],[37.904,26.5109],[37.6866,26.5544],[37.6119,26.5876],[37.1737,26.9287],[37.1168,26.9347],[37.0439,26.9006],[37.0274,26.9013],[36.9939,26.9202],[36.9848,26.9372],[36.9989,27.1198],[36.9718,27.1644],[36.534,27.3881],[36.4733,27.4396],[36.3796,27.5666],[36.3232,27.6048],[35.7461,27.7709],[35.6712,27.7742],[35.4303,27.7328],[35.3926,27.7575],[35.3846,27.7739],[35.3892,27.8336],[35.364,27.88],[35.0748,28.0809],[35.0084,28.0965],[34.633,28.0475],[34.6192,28.0515],[34.5823,28.0819],[34.5759,28.0977],[34.5895,28.2209],[34.6182,28.2908],[34.8116,28.5487],[34.8348,28.6098],[34.8886,29.3625],[34.8829,29.3648],[34.7942,29.2928],[34.7652,29.239],[34.7291,28.729],[34.6994,28.6595],[34.5899,28.5295],[34.5653,28.47],[34.5403,28.0947],[34.5012,28.0216],[34.4043,27.9428],[34.3758,27.8892],[34.3698,27.775],[34.3611,27.7605],[34.306,27.734],[33.9292,27.8437],[33.8627,27.8887],[33.5615,28.276],[33.5083,28.302],[33.431,28.3033],[33.3649,28.3291],[33.2021,28.477],[33.1739,28.5468],[33.19,28.851],[33.1669,28.9059],[32.8756,29.1806],[32.8315,29.2436],[32.5971,29.8194],[32.582,29.875],[32.5874,29.9178],[32.6261,29.9549],[33.0248,30.1755],[33.0775,30.2228],[33.2931,30.5379],[33.321,30.6009],[33.4244,31.0488],[33.453,31.0906],[33.5553,31.1082],[34.24,31.288],[34.2934,31.282],[34.3281,31.2408],[34.3639,31.1272],[34.4026,31.1073],[34.9335,31.2186],[34.962,31.2353],[34.9651,31.2651],[34.9733,31.2717],[35.0175,31.288],[35.0886,31.288],[35.1445,31.3131],[35.2613,31.4437],[35.3322,31.482],[35.7216,31.5409],[35.7599,31.5748],[35.875,32.2034],[35.8693,32.222],[35.8373,32.2252],[35.817,32.2693],[35.8323,32.4055],[35.8806,32.4617],[35.9537,32.4913],[35.9761,32.4864],[36.2839,32.589],[36.365,32.602],[36.5032,32.602],[36.5693,32.5775],[36.6559,32.4997],[36.7001,32.4921],[36.7218,32.404],[36.7513,32.34],[36.7506,32.3236],[36.7151,32.2723],[36.5736,32.2354],[36.5687,32.2193],[36.644,32.1493],[36.647,32.0853],[36.64,32.0721],[36.5347,31.9916],[36.5042,31.9386],[36.4812,31.6941],[36.458,31.651],[36.4194,31.642],[36.4106,31.6211],[36.4355,31.2471],[36.3953,31.1974],[36.3139,31.192],[36.2848,31.1684],[36.2808,31.1164],[36.2907,31.098],[36.3322,31.0932],[36.3672,31.0607],[36.4013,30.99],[36.3869,30.9211],[36.2038,30.7717],[36.1665,30.7174],[35.9672,30.0199],[35.9366,29.9789]]],[[[38.12,27.048],[38.1492,27.0286],[38.1552,27.012],[38.1502,26.982],[38.1233,26.9556],[38.0775,26.952],[38.0483,26.9714],[38.042,27.015],[38.0492,27.0294],[38.08,27.048],[38.12,27.048]]],[[[37.09,26.918],[37.1408,26.9144],[37.168,26.885],[37.168,26.855],[37.1608,26.8406],[37.13,26.822],[37.0792,26.8256],[37.052,26.855],[37.0592,26.8994],[37.09,26.918]]]]},"properties":{"id":"territory:Nabataeans:-126","name":"나바테아","name_en":"Nabataeans","actor":"기타중립","valid_from":-126,"valid_to":-91,"span_from":-164,"span_to":105,"color":"#A960A7","wikidata":"Q220594","area":126351,"src":"cliopatria","confidence":"medium","finish":"chaikin1cap4km+grow2km+islands+s600m","islands":0}},{"type":"Feature","geometry":{"type":"Point","coordinates":[35.053,29.522]},"properties":{"id":"territory:Nabataeans:-126:label","name":"나바테아","name_en":"Nabataeans","actor":"기타중립","valid_from":-126,"valid_to":-91,"span_from":-164,"span_to":105,"color":"#A960A7","wikidata":"Q220594","area":126351,"src":"cliopatria","confidence":"medium"}},{"type":"Feature","geometry":{"type":"Polygon","coordinates":[[[24.1024,32.0172],[24.1744,31.998],[24.854,31.9969],[24.9313,31.968],[25.0922,31.8291],[25.126,31.7657],[25.1254,31.6416],[25.1166,31.5963],[25.0803,31.5515],[24.9057,31.4132],[24.8846,31.3623],[24.9911,30.72],[24.9663,30.6498],[24.7818,30.4576],[24.7564,30.4],[24.7395,29.9584],[24.7586,29.8979],[24.8521,29.7711],[24.8766,29.6934],[24.8693,29.5052],[24.8484,29.4616],[24.8325,29.452],[24.7913,29.4531],[24.736,29.4737],[23.9881,29.8841],[23.9143,29.9089],[23.5486,29.9658],[23.4688,29.9922],[22.9506,30.2729],[22.886,30.2755],[22.7899,30.2401],[22.747,30.2634],[22.749,30.3311],[22.7199,30.363],[21.9776,30.533],[21.8969,30.542],[20.9932,30.542],[20.9128,30.5323],[19.6966,30.233],[19.6289,30.2001],[19.5373,30.1279],[19.46,30.0979],[18.8536,30.0364],[18.8081,30.0719],[18.8035,30.09],[18.8621,30.2805],[18.9222,30.325],[19.4552,30.328],[19.5239,30.3495],[20.0747,30.7493],[20.1092,30.8023],[20.1854,31.2341],[20.1726,31.2943],[20.0055,31.5488],[19.9886,31.6218],[20.0656,32.0745],[20.0553,32.1366],[20.0217,32.199],[20.0232,32.2183],[20.0621,32.258],[20.2026,32.258],[20.2459,32.2862],[20.3018,32.4608],[20.3122,32.472],[20.3608,32.4917],[20.4434,32.464],[20.4879,32.4771],[20.532,32.544],[20.6,32.578],[20.6702,32.578],[20.6792,32.592],[20.6417,32.6604],[20.667,32.6907],[20.6849,32.6951],[20.8315,32.6505],[20.8933,32.6613],[21.068,32.7997],[21.147,32.8193],[21.3688,32.7766],[21.4324,32.7913],[21.5282,32.8692],[21.6097,32.9025],[22.0663,32.9532],[22.1511,32.945],[23.0639,32.645],[23.1134,32.5872],[23.1612,32.2845],[23.1995,32.2488],[23.7918,32.1356],[23.8963,32.1268],[23.9509,32.1064],[24.1024,32.0172]]]},"properties":{"id":"territory:Cyrenaica:-110","name":"Cyrenaica","name_en":"Cyrenaica","actor":"기타중립","valid_from":-110,"valid_to":-91,"span_from":-331,"span_to":-92,"color":"#A9607B","wikidata":"Q165198","area":116347,"src":"cliopatria","confidence":"medium","finish":"chaikin1cap4km+grow2km+islands+s600m","islands":0}},{"type":"Feature","geometry":{"type":"Point","coordinates":[22.453,31.348]},"properties":{"id":"territory:Cyrenaica:-110:label","name":"Cyrenaica","name_en":"Cyrenaica","actor":"기타중립","valid_from":-110,"valid_to":-91,"span_from":-331,"span_to":-92,"color":"#A9607B","wikidata":"Q165198","area":116347,"src":"cliopatria","confidence":"medium"}},{"type":"Feature","geometry":{"type":"MultiPolygon","coordinates":[[[[22.958,38.852],[22.9476,38.8688],[22.9025,38.888],[22.8342,38.888],[22.808,38.9107],[22.8027,38.9802],[22.7592,39.024],[22.6081,39.066],[22.5595,39.0584],[22.5267,39.084],[22.4944,39.144],[22.4383,39.172],[22.2045,39.167],[21.7513,39.1175],[21.6768,39.088],[21.5837,39.0123],[21.5268,39.0176],[21.5132,39.0305],[21.4633,39.2158],[21.4221,39.2598],[21.3508,39.2883],[21.3088,39.321],[21.302,39.3591],[21.2756,39.3948],[20.9564,39.6727],[20.9113,39.7392],[20.8067,40.0531],[20.7576,40.082],[20.6174,40.082],[20.5465,40.1183],[20.4309,40.3731],[20.378,40.402],[20.2374,40.402],[20.1467,40.433],[19.8302,40.6995],[19.7954,40.747],[19.7958,40.8035],[19.8325,40.8498],[19.9335,40.927],[19.9724,40.9829],[20.0527,41.2957],[20.0437,41.3569],[19.7861,41.8034],[19.7283,41.832],[19.41,41.832],[19.3959,41.8389],[19.3647,41.8816],[19.3102,42.1307],[19.3158,42.148],[19.3674,42.188],[19.9893,42.188],[20.022,42.2],[20.0282,42.236],[20.0482,42.2535],[20.1,42.258],[20.1318,42.236],[20.138,42.1993],[20.1638,42.188],[20.2488,42.1856],[20.3063,42.1531],[20.3433,42.0903],[20.3627,42.09],[20.4116,42.155],[20.489,42.182],[20.8708,42.1343],[20.9278,42.157],[20.9742,42.2245],[21.0397,42.247],[21.2735,42.1986],[21.3307,42.217],[21.3793,42.2839],[21.4546,42.3237],[22.401,42.442],[22.4581,42.409],[22.4661,42.3932],[22.4601,42.2794],[22.4859,42.224],[22.5681,42.1527],[22.6333,42.128],[22.7164,42.1268],[22.7876,42.0997],[23.0285,41.8924],[23.1016,41.8606],[23.4929,41.8021],[23.5637,41.7552],[23.6649,41.5674],[23.7194,41.5443],[24.1785,41.6017],[24.2164,41.6177],[24.2198,41.638],[24.2323,41.6522],[24.2823,41.6672],[24.5084,41.667],[24.593,41.6365],[24.8305,41.4306],[24.8457,41.3609],[24.8041,41.2922],[24.8167,41.2753],[25.1553,41.2593],[25.1447,41.28],[25.1565,41.3267],[25.19,41.348],[25.23,41.348],[25.2602,41.3252],[25.2653,41.31],[25.2603,41.275],[25.243,41.2552],[25.9835,41.2202],[26.073,41.1865],[26.1572,41.1135],[26.2267,41.0967],[26.8472,41.2087],[26.9062,41.2457],[27.0551,41.4964],[27.13,41.5296],[27.4362,41.4849],[27.4895,41.4408],[27.4954,41.4261],[27.4911,41.3701],[27.5167,41.348],[27.5852,41.348],[27.6341,41.3763],[27.6965,41.495],[27.7683,41.551],[28.0965,41.6541],[28.1842,41.6517],[28.2592,41.6217],[28.3018,41.5861],[28.308,41.5375],[28.2974,41.5201],[28.27,41.538],[28.23,41.538],[28.1826,41.4899],[28.0729,41.1101],[28.0827,41.0651],[28.0983,41.0526],[28.0941,41.0064],[28.0309,40.9881],[27.578,41.0458],[27.5071,41.0268],[26.8831,40.4932],[26.868,40.4893],[26.8261,40.4974],[26.8123,40.5099],[26.7745,40.6356],[26.7322,40.6798],[26.6637,40.7072],[26.5872,40.7101],[26.1775,40.6055],[26.1245,40.629],[26.1143,40.6414],[26.0719,40.8252],[26.0268,40.8674],[25.8899,40.9091],[25.8008,40.924],[24.3996,40.98],[24.3249,40.9582],[24.0468,40.7479],[23.9606,40.7327],[23.7479,40.7808],[23.7133,40.7627],[23.7021,40.6508],[23.7314,40.6099],[23.8155,40.574],[23.8462,40.5097],[23.7681,40.2596],[23.7013,40.2199],[23.3145,40.2662],[23.225,40.2922],[22.912,40.4444],[22.8679,40.502],[22.8688,40.5688],[22.8367,40.592],[22.7023,40.592],[22.6522,40.5631],[22.5898,40.3897],[22.5751,40.3215],[22.5613,40.1429],[22.5872,40.118],[22.66,40.118],[22.6745,40.1106],[22.6992,40.0765],[22.7011,40.0586],[22.6443,39.9325],[22.6575,39.8832],[23.1258,39.4813],[23.1112,39.4336],[23.0983,39.4225],[22.8744,39.3735],[22.8353,39.336],[22.8209,39.1068],[22.8404,39.0973],[22.9224,39.1303],[22.9936,39.1207],[23.0879,39.0429],[23.1605,39.018],[23.2998,39.0164],[23.3778,38.9795],[23.4844,38.8288],[23.4594,38.8031],[23.4415,38.8008],[23.2176,38.8947],[23.143,38.8969],[23.0,38.852],[22.958,38.852]]],[[[28.1228,40.272],[27.7472,40.272],[27.6853,40.2972],[27.682,40.3425],[27.7082,40.3735],[27.7661,40.3856],[27.772,40.465],[27.7992,40.4944],[27.93,40.498],[27.9592,40.4786],[27.9652,40.462],[27.958,40.384],[27.966,40.378],[28.074,40.378],[28.082,40.384],[28.0892,40.4194],[28.1092,40.4344],[28.16,40.438],[28.1758,40.4285],[28.1954,40.3861],[28.1904,40.3211],[28.1823,40.3075],[28.1228,40.272]]],[[[27.0315,37.674],[26.9751,37.6255],[26.6655,37.622],[26.5923,37.6698],[26.5532,37.8098],[26.5627,37.8447],[26.58,37.858],[26.9845,37.858],[27.0381,37.8178],[27.0443,37.8024],[27.0315,37.674]]],[[[26.2792,40.3044],[26.3238,40.308],[26.3357,40.3172],[26.3456,40.3559],[26.3914,40.3958],[26.5526,40.4764],[26.6308,40.4794],[26.6708,40.4494],[26.693,40.4141],[26.6851,40.3622],[26.6434,40.3219],[26.3058,40.1078],[26.2639,40.0975],[26.2487,40.101],[26.242,40.115],[26.252,40.275],[26.2792,40.3044]]],[[[26.3146,37.5993],[26.2603,37.5526],[26.0376,37.5023],[26.022,37.5061],[25.9877,37.5399],[26.0484,37.6835],[26.0876,37.723],[26.2725,37.728],[26.3197,37.6907],[26.3254,37.6761],[26.3146,37.5993]]],[[[26.0363,40.1785],[25.9776,40.1338],[25.749,40.0909],[25.694,40.1208],[25.6859,40.1377],[25.6984,40.2561],[25.725,40.2999],[25.74,40.308],[25.9929,40.308],[26.046,40.2717],[26.0528,40.2548],[26.0363,40.1785]]],[[[25.5804,37.0311],[25.5726,37.0177],[25.515,36.982],[25.375,36.982],[25.3216,37.0182],[25.3146,37.0339],[25.3227,37.1077],[25.3452,37.1402],[25.36,37.148],[25.5325,37.148],[25.5797,37.1107],[25.5854,37.0961],[25.5804,37.0311]]],[[[25.4698,39.875],[25.4625,39.8614],[25.4031,39.822],[25.0169,39.822],[25.0034,39.8281],[24.9697,39.8712],[25.0366,40.005],[25.09,40.048],[25.4131,40.048],[25.4693,40.0081],[25.4761,39.9932],[25.4698,39.875]]],[[[25.2948,37.5506],[25.2908,37.5322],[25.2576,37.4976],[25.0954,37.492],[25.0223,37.5398],[24.9833,37.6699],[24.9961,37.7239],[25.18,37.728],[25.2491,37.6813],[25.2948,37.5506]]],[[[25.0511,37.8101],[25.0564,37.7908],[25.0436,37.7534],[25.031,37.7417],[24.8697,37.7033],[24.7876,37.723],[24.6989,37.7999],[24.6639,37.8768],[24.6728,38.0035],[24.6947,38.0394],[24.71,38.048],[24.7583,38.0459],[24.8124,38.017],[25.0511,37.8101]]],[[[24.5994,40.5438],[24.5344,40.569],[24.5243,40.5814],[24.4807,40.7706],[24.4995,40.8246],[24.7626,40.828],[24.8178,40.7881],[24.8243,40.7724],[24.8115,40.644],[24.7493,40.5813],[24.5994,40.5438]]],[[[24.6322,38.9603],[24.6819,38.9056],[24.6798,38.775],[24.6691,38.7594],[24.6125,38.741],[24.3932,38.836],[24.346,38.8912],[24.342,38.9675],[24.3647,39.0094],[24.38,39.018],[24.42,39.018],[24.6322,38.9603]]],[[[24.4283,37.621],[24.4289,37.6052],[24.3975,37.5462],[24.3051,37.51],[24.2367,37.534],[24.1996,37.6084],[24.2082,37.671],[24.2528,37.709],[24.3,37.728],[24.3518,37.7236],[24.3933,37.686],[24.4283,37.621]]],[[[24.1801,38.2548],[24.1652,38.2382],[24.1346,38.2363],[24.0936,38.3054],[24.0388,38.3458],[23.9693,38.3654],[23.7427,38.4782],[23.6581,38.4975],[23.6128,38.498],[23.6032,38.5105],[23.5521,38.7002],[23.5559,38.7166],[23.6,38.758],[23.7856,38.7571],[23.8467,38.7367],[24.1493,38.5854],[24.1958,38.513],[24.1801,38.2548]]],[[[23.5,38.722],[23.4708,38.7414],[23.4648,38.758],[23.4698,38.788],[23.5,38.8149],[23.55,38.818],[23.5792,38.7986],[23.5852,38.782],[23.5802,38.752],[23.54,38.722],[23.5,38.722]]],[[[20.9393,37.6752],[20.9304,37.6604],[20.8853,37.6343],[20.6498,37.6826],[20.5939,37.7468],[20.6002,37.865],[20.6247,37.9094],[20.64,37.918],[20.8845,37.918],[20.94,37.878],[20.9466,37.8634],[20.9393,37.6752]]]]},"properties":{"id":"territory:Antigonid Macedonia:-202","name":"안티고노스 마케도니아","name_en":"Antigonid Macedonia","actor":"그리스계","valid_from":-202,"valid_to":-197,"span_from":-277,"span_to":-165,"wikidata":"Q237325","area":114371,"src":"cliopatria","confidence":"medium","finish":"chaikin1cap4km+grow2km+islands+s600m","islands":0}},{"type":"Feature","geometry":{"type":"Point","coordinates":[22.565,40.944]},"properties":{"id":"territory:Antigonid Macedonia:-202:label","name":"안티고노스 마케도니아","name_en":"Antigonid Macedonia","actor":"그리스계","valid_from":-202,"valid_to":-197,"span_from":-277,"span_to":-165,"wikidata":"Q237325","area":114371,"src":"cliopatria","confidence":"medium"}},{"type":"Feature","geometry":{"type":"MultiPolygon","coordinates":[[[[35.9672,30.0199],[35.9366,29.9789],[35.898,29.972],[35.8848,29.9488],[35.8509,29.507],[35.8641,29.4434],[35.9589,29.261],[35.9674,29.187],[35.8889,28.9234],[35.8975,28.8653],[36.3922,28.1049],[36.442,28.078],[36.5206,28.076],[36.5804,28.0458],[36.6808,27.9128],[36.736,27.8688],[37.1057,27.6998],[37.163,27.6456],[37.2572,27.4643],[37.3073,27.4238],[37.4553,27.3736],[37.4915,27.3288],[37.491,27.259],[37.5193,27.2285],[37.7334,27.1856],[37.7945,27.1603],[37.822,27.1362],[37.8287,27.1577],[37.8487,27.1739],[37.9127,27.1727],[37.9353,27.14],[37.9303,27.105],[37.9061,27.0769],[37.8911,27.072],[38.03,26.9431],[38.0844,26.9347],[38.1798,26.9706],[38.2376,26.9404],[38.2749,26.8161],[38.3166,26.788],[38.4488,26.788],[38.4637,26.7802],[38.4853,26.7485],[38.4858,26.7289],[38.4488,26.6687],[38.4586,26.6296],[38.6809,26.4831],[38.7152,26.432],[38.7102,26.402],[38.6983,26.388],[38.6488,26.372],[38.5142,26.372],[38.4492,26.3493],[38.2678,26.1987],[38.218,26.1739],[38.17,26.172],[38.1542,26.1815],[38.1367,26.214],[38.1392,26.2845],[38.1171,26.336],[37.9673,26.4787],[37.9039,26.5109],[37.6866,26.5544],[37.6119,26.5876],[37.1737,26.9287],[37.1168,26.9347],[37.0439,26.9007],[37.0275,26.9013],[36.9939,26.9202],[36.9848,26.9372],[36.9989,27.1198],[36.9718,27.1644],[36.534,27.3881],[36.4733,27.4396],[36.3796,27.5666],[36.3232,27.6048],[35.7462,27.7709],[35.6712,27.7742],[35.4303,27.7328],[35.3926,27.7575],[35.3846,27.7739],[35.3892,27.8336],[35.364,27.8801],[35.0748,28.0809],[35.0084,28.0965],[34.633,28.0475],[34.6193,28.0515],[34.5823,28.0819],[34.5759,28.0977],[34.5896,28.2209],[34.6182,28.2908],[34.8116,28.5487],[34.8348,28.6098],[34.8886,29.3625],[34.8829,29.3648],[34.7942,29.2928],[34.7652,29.239],[34.7304,28.7346],[34.6994,28.6595],[34.5899,28.5295],[34.5653,28.47],[34.5382,28.0873],[34.5012,28.0216],[34.4043,27.9428],[34.3758,27.8892],[34.3698,27.775],[34.3611,27.7605],[34.3202,27.7359],[34.3059,27.734],[33.9341,27.8415],[33.867,27.8847],[33.5615,28.276],[33.5083,28.302],[33.431,28.3033],[33.3649,28.3291],[33.2021,28.477],[33.1739,28.5468],[33.19,28.851],[33.1669,28.9059],[32.8756,29.1806],[32.8315,29.2436],[32.5971,29.8194],[32.582,29.875],[32.5881,29.9184],[32.6285,29.9534],[33.1085,30.18],[33.1875,30.2044],[34.2545,30.3807],[34.322,30.4093],[34.5131,30.5534],[34.5817,30.577],[34.6593,30.578],[34.7212,30.6003],[34.9759,30.8074],[35.0049,30.8579],[35.013,30.9281],[35.0564,30.9847],[35.4616,31.2042],[35.4841,31.248],[35.4493,31.4222],[35.4436,31.5198],[35.4665,31.571],[35.6026,31.7676],[35.6252,31.8297],[35.6388,32.0008],[35.6287,32.022],[35.5873,32.0273],[35.5647,32.06],[35.5864,32.2777],[35.64,32.318],[35.7139,32.318],[35.7452,32.3419],[35.7562,32.4114],[35.7962,32.4439],[35.8781,32.448],[35.929,32.4746],[35.9739,32.5395],[36.042,32.5802],[36.5145,32.6326],[36.5904,32.607],[36.6766,32.5263],[36.7048,32.4851],[36.708,32.4478],[36.7513,32.34],[36.7506,32.3236],[36.7151,32.2723],[36.5737,32.2354],[36.5687,32.2193],[36.644,32.1493],[36.647,32.0853],[36.64,32.0721],[36.5347,31.9916],[36.5042,31.9386],[36.4812,31.6941],[36.458,31.651],[36.4194,31.642],[36.4106,31.6211],[36.4355,31.2471],[36.3953,31.1974],[36.3139,31.192],[36.2848,31.1684],[36.2808,31.1164],[36.2907,31.098],[36.3322,31.0932],[36.3672,31.0607],[36.4013,30.99],[36.3868,30.9211],[36.2038,30.7717],[36.1665,30.7174],[35.9672,30.0199]]],[[[38.12,27.048],[38.1492,27.0286],[38.1552,27.012],[38.1433,26.9706],[38.1125,26.952],[38.0775,26.952],[38.0483,26.9714],[38.042,27.015],[38.0692,27.0444],[38.12,27.048]]],[[[37.0792,26.9144],[37.13,26.918],[37.1608,26.8994],[37.168,26.855],[37.1408,26.8256],[37.09,26.822],[37.0592,26.8406],[37.052,26.885],[37.0792,26.9144]]]]},"properties":{"id":"territory:Nabataeans:-164","name":"나바테아","name_en":"Nabataeans","actor":"기타중립","valid_from":-164,"valid_to":-144,"span_from":-164,"span_to":105,"color":"#A960A7","wikidata":"Q220594","area":113328,"src":"cliopatria","confidence":"medium","finish":"chaikin1cap4km+grow2km+islands+s600m","islands":0}},{"type":"Feature","geometry":{"type":"Point","coordinates":[35.184,29.396]},"properties":{"id":"territory:Nabataeans:-164:label","name":"나바테아","name_en":"Nabataeans","actor":"기타중립","valid_from":-164,"valid_to":-144,"span_from":-164,"span_to":105,"color":"#A960A7","wikidata":"Q220594","area":113328,"src":"cliopatria","confidence":"medium"}},{"type":"Feature","geometry":{"type":"MultiPolygon","coordinates":[[[[35.9672,30.0199],[35.9366,29.9789],[35.898,29.972],[35.8848,29.9488],[35.8509,29.507],[35.8641,29.4434],[35.9589,29.261],[35.9674,29.187],[35.8889,28.9234],[35.8975,28.8653],[36.3922,28.1049],[36.442,28.078],[36.5206,28.076],[36.5804,28.0458],[36.6808,27.9128],[36.7359,27.8689],[37.1057,27.6998],[37.1629,27.6456],[37.2572,27.4643],[37.3073,27.4238],[37.4554,27.3736],[37.4915,27.3288],[37.491,27.259],[37.5193,27.2285],[37.7335,27.1856],[37.7945,27.1603],[37.822,27.1362],[37.8287,27.1577],[37.8487,27.1739],[37.9127,27.1727],[37.9353,27.14],[37.9303,27.105],[37.9061,27.0769],[37.8911,27.072],[38.03,26.9431],[38.0843,26.9346],[38.1799,26.9706],[38.2376,26.9404],[38.2749,26.8161],[38.3166,26.788],[38.4489,26.788],[38.4638,26.7801],[38.4854,26.7485],[38.4858,26.7289],[38.4487,26.6687],[38.4586,26.6296],[38.6809,26.483],[38.7152,26.432],[38.7102,26.402],[38.6983,26.388],[38.6489,26.372],[38.5141,26.372],[38.4493,26.3493],[38.2678,26.1987],[38.218,26.1739],[38.17,26.172],[38.1542,26.1815],[38.1367,26.214],[38.1392,26.2845],[38.1172,26.336],[37.9673,26.4787],[37.904,26.5109],[37.6865,26.5544],[37.6119,26.5875],[37.1737,26.9288],[37.1168,26.9347],[37.0438,26.9006],[37.0274,26.9013],[36.9939,26.9202],[36.9848,26.9372],[36.9989,27.1198],[36.9718,27.1644],[36.534,27.3881],[36.4733,27.4395],[36.3796,27.5666],[36.3233,27.6048],[35.7461,27.7709],[35.6712,27.7742],[35.4302,27.7328],[35.3926,27.7575],[35.3846,27.7739],[35.3892,27.8336],[35.3641,27.88],[35.0747,28.0809],[35.0084,28.0965],[34.633,28.0475],[34.6192,28.0515],[34.5823,28.0819],[34.5759,28.0977],[34.5895,28.2209],[34.6182,28.2908],[34.8116,28.5487],[34.8348,28.6098],[34.8886,29.3625],[34.8829,29.3648],[34.7942,29.2928],[34.7652,29.239],[34.7304,28.7346],[34.6994,28.6595],[34.5899,28.5295],[34.5653,28.47],[34.5382,28.0874],[34.5012,28.0216],[34.4043,27.9428],[34.3758,27.8892],[34.3698,27.775],[34.3612,27.7605],[34.3203,27.7359],[34.306,27.734],[33.934,27.8415],[33.867,27.8847],[33.5615,28.276],[33.5083,28.302],[33.431,28.3033],[33.3649,28.3291],[33.2021,28.477],[33.1739,28.5468],[33.19,28.851],[33.167,28.9059],[32.8756,29.1806],[32.8315,29.2436],[32.5971,29.8194],[32.582,29.875],[32.5881,29.9184],[32.6285,29.9533],[33.1085,30.1801],[33.1874,30.2044],[34.2546,30.3807],[34.3219,30.4092],[34.5131,30.5534],[34.5817,30.577],[34.6593,30.578],[34.7211,30.6003],[34.976,30.8074],[35.0049,30.8579],[35.013,30.9281],[35.0564,30.9847],[35.4616,31.2042],[35.4841,31.248],[35.4495,31.4211],[35.454,31.4956],[35.5211,31.6915],[35.5839,31.7486],[35.7425,31.7949],[35.7912,31.8346],[35.8468,31.9519],[35.855,32.0149],[35.8192,32.2012],[35.8304,32.2752],[35.9762,32.5366],[36.0488,32.5824],[36.5146,32.6326],[36.5904,32.607],[36.6767,32.5263],[36.7048,32.4851],[36.708,32.4478],[36.7513,32.34],[36.7506,32.3236],[36.7152,32.2723],[36.5736,32.2354],[36.5687,32.2193],[36.6441,32.1493],[36.647,32.0854],[36.64,32.0721],[36.5347,31.9916],[36.5042,31.9386],[36.4812,31.6941],[36.458,31.651],[36.4194,31.642],[36.4106,31.6211],[36.4355,31.2471],[36.3953,31.1974],[36.3139,31.192],[36.2848,31.1684],[36.2808,31.1164],[36.2907,31.098],[36.3322,31.0932],[36.3672,31.0607],[36.4013,30.99],[36.3869,30.9212],[36.2037,30.7717],[36.1665,30.7174],[35.9672,30.0199]]],[[[38.12,27.048],[38.1492,27.0286],[38.1552,27.012],[38.1433,26.9706],[38.1125,26.952],[38.0775,26.952],[38.0483,26.9714],[38.042,27.015],[38.0692,27.0444],[38.12,27.048]]],[[[37.0792,26.9144],[37.13,26.918],[37.1608,26.8994],[37.168,26.855],[37.1408,26.8256],[37.09,26.822],[37.0592,26.8406],[37.052,26.885],[37.0792,26.9144]]]]},"properties":{"id":"territory:Nabataeans:-144","name":"나바테아","name_en":"Nabataeans","actor":"기타중립","valid_from":-144,"valid_to":-126,"span_from":-164,"span_to":105,"color":"#A960A7","wikidata":"Q220594","area":111890,"src":"cliopatria","confidence":"medium","finish":"chaikin1cap4km+grow2km+islands+s600m","islands":0}},{"type":"Feature","geometry":{"type":"Point","coordinates":[35.176,29.361]},"properties":{"id":"territory:Nabataeans:-144:label","name":"나바테아","name_en":"Nabataeans","actor":"기타중립","valid_from":-144,"valid_to":-126,"span_from":-164,"span_to":105,"color":"#A960A7","wikidata":"Q220594","area":111890,"src":"cliopatria","confidence":"medium"}},{"type":"Feature","geometry":{"type":"Polygon","coordinates":[[[34.8054,25.4325],[34.8412,25.3939],[35.1509,24.6924],[35.1915,24.6368],[35.844,24.0486],[35.8754,23.9761],[35.8704,23.9111],[35.8617,23.8971],[35.8078,23.8704],[35.6018,23.913],[35.5747,23.8968],[35.5704,23.8411],[35.5621,23.8273],[35.5082,23.7985],[35.1474,23.8559],[35.0721,23.8565],[33.74,23.672],[33.6954,23.6726],[33.6394,23.6875],[33.4211,23.7777],[33.3501,23.7884],[32.0809,23.6756],[31.9982,23.6786],[31.7082,23.7256],[31.6368,23.7195],[30.5828,23.3558],[30.52,23.342],[30.4665,23.3482],[30.4361,23.3828],[30.3944,23.5161],[30.3535,23.5593],[30.2795,23.5888],[30.2381,23.624],[30.232,23.6725],[30.2589,23.7303],[30.9194,24.5675],[30.9224,24.6168],[30.6119,25.1241],[30.5939,25.1968],[30.6003,25.325],[30.6217,25.3685],[30.6375,25.378],[30.6617,25.378],[30.6738,25.4008],[30.6905,25.7749],[30.7206,25.8438],[31.0605,26.1766],[31.1305,26.2133],[32.1277,26.3995],[32.1959,26.37],[32.2909,26.2344],[32.3438,26.208],[32.5605,26.208],[32.6389,26.1753],[33.0152,25.7815],[33.0749,25.7479],[33.8058,25.5765],[33.8804,25.5388],[33.9706,25.4605],[34.0327,25.438],[34.8054,25.4325]]]},"properties":{"id":"territory:Ankhwennefer:-188","name":"Ankhwennefer","name_en":"Ankhwennefer","actor":"기타중립","valid_from":-188,"valid_to":-170,"span_from":-197,"span_to":-171,"color":"#6078A9","wikidata":"Q489289","area":110255,"src":"cliopatria","confidence":"medium","finish":"chaikin1cap4km+grow2km+islands+s600m","islands":0}},{"type":"Feature","geometry":{"type":"Point","coordinates":[32.714,24.766]},"properties":{"id":"territory:Ankhwennefer:-188:label","name":"Ankhwennefer","name_en":"Ankhwennefer","actor":"기타중립","valid_from":-188,"valid_to":-170,"span_from":-197,"span_to":-171,"color":"#6078A9","wikidata":"Q489289","area":110255,"src":"cliopatria","confidence":"medium"}},{"type":"Feature","geometry":{"type":"MultiPolygon","coordinates":[[[[39.6645,43.7337],[39.681,43.7397],[40.3649,43.6257],[40.3995,43.5984],[40.4054,43.5837],[40.359,43.5444],[40.3536,43.5101],[40.3793,43.4543],[40.4343,43.4145],[41.1141,43.2366],[41.1755,43.192],[41.2093,43.1243],[41.2642,43.0844],[41.4071,43.0439],[41.446,42.9993],[41.45,42.9835],[41.435,42.9185],[41.4037,42.8784],[41.39,42.872],[41.21,42.872],[41.148,42.9072],[41.1172,42.9772],[41.0677,43.0231],[40.857,43.1144],[40.7689,43.132],[40.4693,43.132],[40.3888,43.1648],[40.2327,43.364],[40.167,43.392],[40.0293,43.392],[39.9433,43.4211],[39.6428,43.7008],[39.6645,43.7337]]],[[[39.9465,43.7967],[39.98,43.818],[40.0327,43.8127],[40.0553,43.78],[40.0435,43.7333],[40.01,43.712],[39.9573,43.7173],[39.9347,43.75],[39.9465,43.7967]]],[[[35.843,36.8952],[35.8099,36.8864],[35.5314,36.6243],[35.45,36.592],[35.37,36.592],[35.289,36.6141],[35.1408,36.7009],[35.0738,36.7046],[34.9835,36.6703],[34.9335,36.688],[34.9223,36.6998],[34.8852,36.8234],[34.8398,36.852],[34.6274,36.852],[34.5513,36.8316],[34.2967,36.6773],[34.2413,36.6268],[34.0168,36.3108],[33.9438,36.2697],[33.3174,36.2066],[33.2334,36.1886],[32.7572,36.027],[32.6725,36.012],[32.5975,36.012],[32.5385,36.0502],[32.4946,36.1774],[32.4565,36.2352],[32.0896,36.568],[32.0206,36.6013],[31.8003,36.6439],[31.7529,36.6723],[31.7447,36.69],[31.7497,36.725],[31.7602,36.7389],[31.8134,36.7614],[32.5014,36.8143],[32.5738,36.8408],[32.6882,36.9231],[32.7616,36.9159],[32.8402,36.8429],[32.9082,36.818],[33.0521,36.818],[33.1234,36.8413],[33.3869,37.0489],[33.4677,37.0822],[33.9793,37.148],[34.0379,37.121],[34.2637,37.1654],[34.341,37.2056],[34.5417,37.4063],[34.6091,37.432],[34.841,37.4334],[34.9197,37.4674],[35.034,37.5952],[35.0976,37.6173],[35.6228,37.5665],[35.7175,37.5794],[35.9657,37.6772],[36.0392,37.722],[36.329,37.9865],[36.3955,38.004],[37.0622,37.8899],[37.123,37.9164],[37.1328,37.9298],[37.1416,37.9874],[37.1821,38.0169],[37.7151,38.0677],[37.7616,38.0664],[37.7661,38.0497],[37.6698,37.7446],[37.685,37.6923],[37.9732,37.4205],[38.0035,37.3421],[37.9828,37.1694],[38.0095,37.1216],[38.153,37.0368],[38.1928,36.9648],[38.1769,36.889],[38.1209,36.8425],[37.6473,36.7325],[37.5424,36.722],[37.4857,36.7067],[37.2399,36.6083],[37.1533,36.6106],[36.1956,37.025],[36.123,37.0269],[36.0502,36.9996],[36.0119,36.9592],[35.9992,36.8915],[35.96,36.852],[35.9133,36.8533],[35.8708,36.8714],[35.843,36.8952]]],[[[33.2645,45.3076],[33.2808,45.318],[33.5959,45.3167],[33.6798,45.2808],[33.9034,45.0173],[33.9625,45.0062],[34.5515,45.2399],[34.6484,45.2631],[35.1279,45.3127],[35.1847,45.2791],[35.1924,45.2616],[35.1739,45.1385],[35.1838,45.118],[35.2175,45.118],[35.2309,45.1119],[35.2353,45.0979],[35.2276,45.0576],[35.1709,44.9905],[35.148,44.9502],[35.148,44.925],[35.1377,44.9088],[35.0884,44.8852],[34.4343,44.7712],[34.3536,44.7383],[33.9759,44.4614],[33.8844,44.4328],[33.5708,44.432],[33.4937,44.481],[33.4614,44.6103],[33.4794,44.6645],[33.5206,44.668],[33.5375,44.6924],[33.5866,45.0602],[33.5566,45.1078],[33.2537,45.2728],[33.2645,45.3076]]],[[[31.6411,41.39],[31.6577,41.3882],[31.6898,41.361],[31.6235,41.225],[31.57,41.182],[31.5255,41.1826],[31.3908,41.2283],[31.3797,41.2477],[31.3846,41.2794],[31.3958,41.2934],[31.6411,41.39]]],[[[30.2562,45.9296],[30.0954,45.8863],[30.024,45.8453],[29.9008,45.7085],[29.8144,45.6732],[29.6621,45.672],[29.6032,45.7114],[29.5961,45.7278],[29.6182,45.9262],[29.6622,46.0014],[30.1451,46.3964],[30.2018,46.426],[30.2449,46.428],[30.2871,46.4541],[30.4184,46.5923],[30.4943,46.6438],[31.0148,46.866],[31.055,46.9123],[31.0596,46.9763],[31.0692,46.991],[31.1335,47.0205],[31.5215,46.9651],[31.5768,46.9173],[31.5823,46.9015],[31.5533,46.713],[31.4874,46.6647],[30.9356,46.662],[30.8658,46.6337],[30.3346,45.976],[30.2562,45.9296]]],[[[29.35,41.218],[29.368,41.2006],[29.369,41.1676],[29.2145,40.894],[29.1988,40.885],[29.1619,40.8853],[29.1463,40.8948],[29.0421,41.0882],[29.0424,41.1058],[29.0799,41.1598],[29.2419,41.2051],[29.35,41.218]]],[[[27.1853,42.3952],[27.1557,42.4676],[27.1712,42.6038],[27.2145,42.6699],[27.3195,42.7457],[27.3331,42.7906],[27.3017,42.849],[27.3027,42.8677],[27.3252,42.9002],[27.34,42.908],[27.4151,42.908],[27.4637,42.9365],[27.6301,43.2591],[27.6904,43.3176],[27.9494,43.4623],[27.9947,43.514],[28.0937,43.834],[28.1337,43.9021],[28.2578,44.04],[28.2861,44.1007],[28.3185,44.416],[28.345,44.4599],[28.3875,44.468],[28.3946,44.4871],[28.3592,44.671],[28.3873,44.7516],[28.6034,44.9579],[28.68,44.988],[28.7714,44.9839],[28.8215,44.936],[28.8542,44.6177],[28.8158,44.54],[28.6282,44.403],[28.5939,44.3482],[28.5619,44.0289],[28.5715,44.008],[28.6107,44.0044],[28.6279,43.9501],[28.5068,43.5006],[28.4306,43.452],[28.2169,43.452],[28.1996,43.4344],[28.2283,43.381],[28.227,43.3618],[28.1965,43.3206],[27.9541,43.2716],[27.8879,43.2347],[27.8405,43.1732],[27.8238,43.1132],[27.8679,42.8069],[27.8605,42.7605],[27.8127,42.7265],[27.5642,42.6315],[27.5237,42.5865],[27.5119,42.4688],[27.5365,42.4134],[27.92,42.0811],[27.9523,42.0352],[27.9502,41.992],[27.9375,41.9777],[27.8806,41.962],[27.6594,41.962],[27.5725,41.9905],[27.477,42.0723],[27.4477,42.1148],[27.4486,42.1508],[27.4247,42.1854],[27.1853,42.3952]]],[[[28.1228,40.272],[27.7472,40.272],[27.6853,40.2972],[27.682,40.3425],[27.7082,40.3735],[27.7661,40.3856],[27.772,40.465],[27.7992,40.4944],[27.93,40.498],[27.9592,40.4786],[27.9652,40.462],[27.958,40.384],[27.966,40.378],[28.074,40.378],[28.082,40.384],[28.0892,40.4194],[28.1092,40.4344],[28.16,40.438],[28.1758,40.4285],[28.1954,40.3861],[28.1904,40.3211],[28.1823,40.3075],[28.1228,40.272]]],[[[25.818,39.1754],[25.8061,39.2092],[25.8122,39.2295],[25.996,39.3692],[26.0523,39.3962],[26.1674,39.3909],[26.4673,39.3448],[26.5406,39.2925],[26.6427,39.041],[26.6405,39.0236],[26.598,38.9742],[26.2983,38.9204],[26.208,38.9296],[26.1156,38.9717],[26.0781,39.0217],[26.0789,39.0905],[26.0464,39.1221],[25.8316,39.1637],[25.818,39.1754]]],[[[25.8778,38.644],[25.93,38.688],[25.9758,38.687],[26.034,38.6671],[26.1978,38.5781],[26.2274,38.51],[26.1295,38.1799],[26.0641,38.142],[25.9259,38.142],[25.8708,38.182],[25.8643,38.197],[25.8795,38.4404],[25.8688,38.462],[25.8281,38.4666],[25.8197,38.5214],[25.8778,38.644]]],[[[25.6998,35.2978],[25.7061,35.2832],[25.7003,35.1746],[25.7287,35.1534],[26.1844,35.2031],[26.2002,35.1968],[26.2255,35.1605],[26.1769,35.0892],[26.097,35.0497],[24.8649,34.9844],[24.7999,35.0193],[24.7558,35.1435],[24.7108,35.172],[24.4051,35.176],[23.7129,35.2417],[23.6543,35.2913],[23.6106,35.4806],[23.6155,35.4975],[23.664,35.538],[24.116,35.538],[24.1686,35.5016],[24.1754,35.4861],[24.1709,35.4275],[24.1995,35.3867],[24.2683,35.3546],[24.3459,35.338],[25.646,35.338],[25.6998,35.2978]]],[[[25.694,40.1208],[25.6859,40.1377],[25.6984,40.2561],[25.725,40.2999],[25.74,40.308],[25.9929,40.308],[26.046,40.2717],[26.0528,40.2548],[26.0428,40.1898],[25.9856,40.1375],[25.7359,40.0935],[25.694,40.1208]]],[[[25.5804,37.0311],[25.5726,37.0177],[25.515,36.982],[25.375,36.982],[25.3216,37.0182],[25.3146,37.0339],[25.3227,37.1077],[25.3452,37.1402],[25.36,37.148],[25.5325,37.148],[25.5797,37.1107],[25.5854,37.0961],[25.5804,37.0311]]],[[[25.0954,37.492],[25.03,37.5297],[24.9833,37.6699],[24.9961,37.7239],[25.18,37.728],[25.2421,37.6903],[25.2948,37.5506],[25.2908,37.5322],[25.2446,37.492],[25.0954,37.492]]],[[[24.7876,37.723],[24.6943,37.8059],[24.6639,37.8768],[24.6702,37.995],[24.6947,38.0394],[24.71,38.048],[24.7583,38.0459],[24.8124,38.017],[25.0567,37.8013],[25.0436,37.7534],[25.031,37.7417],[24.8697,37.7033],[24.7876,37.723]]],[[[24.5344,40.569],[24.5243,40.5814],[24.4807,40.7706],[24.493,40.8157],[24.51,40.828],[24.774,40.8239],[24.8178,40.7881],[24.8243,40.7724],[24.8061,40.6329],[24.7493,40.5813],[24.5876,40.5449],[24.5344,40.569]]],[[[24.6322,38.9603],[24.6819,38.9056],[24.6798,38.775],[24.6691,38.7594],[24.6125,38.741],[24.3932,38.836],[24.346,38.8912],[24.342,38.9675],[24.3647,39.0094],[24.38,39.018],[24.42,39.018],[24.6322,38.9603]]],[[[24.3975,37.5462],[24.3051,37.51],[24.2367,37.534],[24.2017,37.599],[24.2021,37.6584],[24.2528,37.709],[24.2928,37.7265],[24.34,37.728],[24.3933,37.686],[24.4283,37.621],[24.4289,37.6052],[24.3975,37.5462]]],[[[23.8196,38.4316],[23.8725,38.4123],[23.8718,38.3758],[23.9011,38.3552],[24.0509,38.3122],[24.0897,38.2507],[24.0054,37.8715],[23.9948,37.8588],[23.9323,37.8377],[23.4767,37.9981],[23.3654,38.0195],[23.3367,38.0629],[23.2978,38.3116],[23.3026,38.3267],[23.3529,38.3736],[23.8196,38.4316]]],[[[4.1679,43.4873],[4.1596,43.5011],[4.1553,43.5571],[4.1156,43.582],[3.9013,43.582],[3.8161,43.5622],[3.0325,43.1569],[3.0001,43.109],[3.026,42.6001],[3.0522,42.5397],[3.1665,42.4121],[3.1879,42.3301],[3.0668,41.8806],[3.0511,41.8674],[3.0204,41.8645],[3.0038,41.8726],[2.7032,42.3371],[2.702,42.3845],[2.7092,42.3994],[2.7442,42.4256],[2.755,42.4663],[2.6598,42.9907],[2.6798,43.0348],[2.7189,43.038],[2.7299,43.0597],[2.7239,43.1731],[2.7671,43.2489],[3.407,43.663],[3.4956,43.6949],[4.6791,43.8706],[4.7752,43.8608],[5.8317,43.4444],[5.9209,43.428],[6.5408,43.428],[6.6021,43.3927],[6.6104,43.3789],[6.6154,43.3139],[6.5637,43.2459],[6.3298,43.1508],[6.2648,43.1327],[5.8492,43.132],[5.7551,43.1617],[5.6556,43.2378],[5.578,43.262],[5.4293,43.265],[5.3801,43.2975],[5.372,43.3125],[5.372,43.3693],[5.3342,43.4019],[5.1054,43.4435],[5.01,43.452],[4.2292,43.452],[4.1679,43.4873]]]]},"properties":{"id":"territory:Greek City-States:-144","name":"Greek City-States","name_en":"Greek City-States","actor":"기타중립","valid_from":-144,"valid_to":-126,"span_from":-800,"span_to":83,"color":"#87A960","wikidata":"Q148837","area":103509,"src":"cliopatria","confidence":"medium","finish":"chaikin1cap4km+grow2km+islands+s600m","islands":0}},{"type":"Feature","geometry":{"type":"Point","coordinates":[35.411,37.079]},"properties":{"id":"territory:Greek City-States:-144:label","name":"Greek City-States","name_en":"Greek City-States","actor":"기타중립","valid_from":-144,"valid_to":-126,"span_from":-800,"span_to":83,"color":"#87A960","wikidata":"Q148837","area":103509,"src":"cliopatria","confidence":"medium"}},{"type":"Feature","geometry":{"type":"Polygon","coordinates":[[[38.4963,40.899],[38.5783,40.9042],[39.1612,41.1304],[39.2527,41.1326],[39.7017,40.9728],[39.789,40.958],[40.3174,40.958],[40.3585,40.9834],[40.3672,41.0402],[40.379,41.0544],[40.4351,41.0688],[40.5066,41.0354],[40.5789,41.0345],[40.9997,41.1996],[41.0673,41.2427],[41.1986,41.3741],[41.2136,41.3792],[41.2568,41.3736],[41.271,41.3628],[41.3521,41.1712],[41.3256,41.0908],[41.1251,40.9498],[41.0701,40.9237],[41.031,40.922],[40.9805,40.9017],[40.6237,40.6909],[40.6179,40.6575],[40.758,40.5154],[40.7817,40.4567],[40.7727,40.387],[40.7107,40.3298],[40.5623,40.2865],[40.5046,40.2448],[40.4346,40.1239],[40.3622,40.0787],[38.8486,39.8892],[38.8421,39.8761],[38.9122,39.811],[38.9193,39.7418],[38.7867,39.6013],[38.7874,39.5597],[38.9329,39.4211],[38.9641,39.3423],[38.9516,39.2239],[38.9109,39.1556],[38.7949,39.0702],[38.7629,39.0648],[38.7172,39.094],[37.9072,39.4489],[37.8174,39.4741],[36.9776,39.5915],[36.8854,39.5979],[35.4888,39.598],[35.4184,39.6225],[35.3325,39.6969],[35.2472,39.7337],[34.8775,39.7819],[34.8228,39.7647],[34.8054,39.8088],[34.5887,39.9582],[34.5626,40.0091],[34.5837,40.1921],[34.5527,40.2326],[34.5772,40.4404],[34.5493,40.4891],[34.4019,40.5788],[34.3657,40.6476],[34.3781,40.7715],[34.3549,40.8274],[34.2729,40.9067],[34.253,40.9697],[34.3814,41.4257],[34.3737,41.4648],[34.342,41.4886],[34.2797,41.5054],[33.359,41.5686],[33.2835,41.5487],[33.1749,41.4702],[33.0877,41.4428],[32.7102,41.442],[32.6344,41.4186],[32.3546,41.2107],[32.3394,41.2078],[32.2987,41.2181],[32.2855,41.2322],[32.2498,41.4179],[32.2149,41.4753],[32.1295,41.5494],[32.1126,41.5946],[32.13,41.608],[32.1677,41.608],[32.227,41.6233],[32.6351,41.7784],[32.6548,41.8133],[32.6273,41.8807],[32.6775,41.928],[34.7288,41.928],[34.7925,41.9557],[34.8489,42.0254],[34.9203,42.0565],[35.0725,42.058],[35.1347,42.019],[35.1423,42.0065],[35.1724,41.766],[35.2131,41.738],[35.9025,41.738],[35.9767,41.703],[36.2039,41.3073],[36.2593,41.2843],[36.727,41.3417],[36.8156,41.3212],[37.0405,41.1713],[37.107,41.1658],[37.1828,41.199],[37.2321,41.184],[37.2428,41.1648],[37.234,41.1079],[37.2643,41.0722],[37.3999,41.031],[37.4888,41.018],[37.983,41.0177],[38.4963,40.899]]]},"properties":{"id":"territory:Kingdom of Pontus:-170","name":"폰토스 왕국","name_en":"Kingdom of Pontus","actor":"그리스계","valid_from":-170,"valid_to":-126,"span_from":-281,"span_to":67,"wikidata":"Q7380487","area":102264,"src":"cliopatria","confidence":"medium","finish":"chaikin1cap4km+grow2km+islands+s600m","islands":0}},{"type":"Feature","geometry":{"type":"Point","coordinates":[36.862,40.591]},"properties":{"id":"territory:Kingdom of Pontus:-170:label","name":"폰토스 왕국","name_en":"Kingdom of Pontus","actor":"그리스계","valid_from":-170,"valid_to":-126,"span_from":-281,"span_to":67,"wikidata":"Q7380487","area":102264,"src":"cliopatria","confidence":"medium"}},{"type":"Feature","geometry":{"type":"MultiPolygon","coordinates":[[[[69.5352,28.3927],[69.5552,28.362],[69.5425,28.3201],[69.51,28.302],[69.4573,28.3073],[69.4423,28.3223],[69.438,28.3407],[69.455,28.3799],[69.4875,28.398],[69.5352,28.3927]]],[[[66.6227,31.1527],[66.6377,31.1377],[66.642,31.1193],[66.625,31.0801],[66.5925,31.062],[66.5448,31.0673],[66.5248,31.098],[66.5375,31.1399],[66.57,31.158],[66.6227,31.1527]]],[[[39.6471,43.7136],[39.681,43.7397],[40.3649,43.6257],[40.3995,43.5984],[40.4054,43.5837],[40.359,43.5444],[40.3536,43.5101],[40.3793,43.4543],[40.4343,43.4145],[41.1141,43.2366],[41.1755,43.192],[41.2093,43.1243],[41.2642,43.0844],[41.4071,43.0439],[41.446,42.9993],[41.45,42.9835],[41.435,42.9185],[41.4037,42.8784],[41.39,42.872],[41.21,42.872],[41.148,42.9072],[41.1172,42.9772],[41.0677,43.0231],[40.857,43.1144],[40.7689,43.132],[40.4693,43.132],[40.3888,43.1648],[40.2327,43.364],[40.167,43.392],[40.0293,43.392],[39.9433,43.4211],[39.6486,43.6886],[39.6471,43.7136]]],[[[40.0327,43.8127],[40.0553,43.78],[40.0435,43.7333],[40.01,43.712],[39.9573,43.7173],[39.9347,43.75],[39.9465,43.7967],[39.98,43.818],[40.0327,43.8127]]],[[[35.45,36.592],[35.3651,36.5927],[35.2847,36.6159],[35.1408,36.7009],[35.0738,36.7046],[34.9835,36.6703],[34.9335,36.688],[34.9223,36.6998],[34.8852,36.8234],[34.8398,36.852],[34.6274,36.852],[34.5513,36.8316],[34.2966,36.6773],[34.2413,36.6268],[34.0168,36.3108],[33.9438,36.2697],[33.3174,36.2066],[33.2334,36.1886],[32.7572,36.027],[32.6756,36.0123],[32.5975,36.012],[32.5319,36.0594],[32.4946,36.1774],[32.4565,36.2352],[32.0896,36.568],[32.0206,36.6013],[31.8003,36.6439],[31.7529,36.6723],[31.7447,36.69],[31.7497,36.725],[31.7595,36.7386],[31.8121,36.7635],[32.1944,36.8123],[32.5029,36.818],[32.5814,36.8366],[32.7666,36.9278],[32.7896,36.9222],[32.8287,36.825],[32.8972,36.7842],[33.0598,36.7829],[33.1434,36.8113],[33.4069,37.0189],[33.4798,37.0493],[34.2628,37.1671],[34.341,37.2055],[34.5417,37.4063],[34.609,37.432],[34.8411,37.4334],[34.9197,37.4674],[35.034,37.5952],[35.0976,37.6173],[35.6229,37.5665],[35.7175,37.5794],[35.9657,37.6772],[36.0392,37.7219],[36.3291,37.9865],[36.3955,38.004],[37.0623,37.8899],[37.123,37.9164],[37.1328,37.9298],[37.1416,37.9874],[37.182,38.0169],[37.7152,38.0677],[37.7616,38.0664],[37.7661,38.0497],[37.6698,37.7446],[37.685,37.6923],[37.9732,37.4205],[38.0035,37.3421],[37.9828,37.1694],[38.0095,37.1216],[38.153,37.0368],[38.1928,36.9648],[38.1769,36.889],[38.1209,36.8425],[37.6473,36.7325],[37.5424,36.722],[37.4857,36.7067],[37.2469,36.6096],[37.1603,36.6091],[36.1956,37.025],[36.123,37.0269],[36.0502,36.9996],[36.0119,36.9592],[35.9992,36.8915],[35.96,36.852],[35.9133,36.8533],[35.8758,36.8683],[35.843,36.8952],[35.8099,36.8864],[35.5257,36.6207],[35.45,36.592]]],[[[33.6798,45.2808],[33.9034,45.0173],[33.9625,45.0062],[34.5515,45.2399],[34.6484,45.2631],[35.1279,45.3127],[35.1847,45.2791],[35.1924,45.2616],[35.1739,45.1385],[35.1838,45.118],[35.2309,45.1119],[35.2318,45.0671],[35.1709,44.9905],[35.148,44.9502],[35.148,44.925],[35.1377,44.9088],[35.0884,44.8852],[34.4343,44.7712],[34.3536,44.7383],[33.9759,44.4614],[33.8844,44.4328],[33.5708,44.432],[33.4937,44.481],[33.4614,44.6103],[33.4794,44.6645],[33.5206,44.668],[33.5375,44.6924],[33.5866,45.0602],[33.5566,45.1078],[33.2537,45.2728],[33.2645,45.3076],[33.2808,45.318],[33.5959,45.3167],[33.6798,45.2808]]],[[[31.6235,41.225],[31.5819,41.1866],[31.5255,41.1826],[31.4658,41.1983],[31.3819,41.2361],[31.3846,41.2794],[31.3958,41.2934],[31.6411,41.39],[31.6577,41.3882],[31.6898,41.361],[31.6235,41.225]]],[[[29.8079,45.672],[29.6621,45.672],[29.6032,45.7114],[29.5961,45.7278],[29.6206,45.9333],[29.6622,46.0014],[30.1451,46.3964],[30.2018,46.426],[30.2449,46.428],[30.2871,46.4541],[30.4184,46.5923],[30.4973,46.6454],[31.0148,46.866],[31.055,46.9123],[31.0596,46.9763],[31.0692,46.991],[31.1227,47.0187],[31.5215,46.9651],[31.5768,46.9173],[31.5823,46.9015],[31.5533,46.713],[31.4874,46.6647],[30.9356,46.662],[30.8658,46.6337],[30.3393,45.9801],[30.2608,45.9315],[30.0954,45.8863],[30.024,45.8453],[29.9008,45.7085],[29.8079,45.672]]],[[[29.3066,41.2176],[29.35,41.218],[29.368,41.2006],[29.3666,41.1581],[29.2145,40.894],[29.1988,40.885],[29.1619,40.8853],[29.1463,40.8948],[29.0421,41.0882],[29.0424,41.1058],[29.0799,41.1598],[29.3066,41.2176]]],[[[27.4247,42.1854],[27.1853,42.3952],[27.1557,42.4676],[27.1712,42.6038],[27.2145,42.6699],[27.3195,42.7457],[27.3331,42.7906],[27.3017,42.849],[27.3027,42.8677],[27.3252,42.9002],[27.34,42.908],[27.4151,42.908],[27.4637,42.9365],[27.6301,43.2591],[27.6904,43.3176],[27.9494,43.4623],[27.9947,43.514],[28.0937,43.834],[28.1337,43.9021],[28.2578,44.04],[28.2861,44.1007],[28.3185,44.416],[28.345,44.4599],[28.3875,44.468],[28.3946,44.4871],[28.3592,44.671],[28.3873,44.7516],[28.6034,44.9579],[28.68,44.988],[28.7714,44.9839],[28.8215,44.936],[28.8542,44.6177],[28.8158,44.54],[28.6282,44.403],[28.5939,44.3482],[28.5619,44.0289],[28.5715,44.008],[28.6107,44.0044],[28.6279,43.9501],[28.5068,43.5006],[28.4306,43.452],[28.2169,43.452],[28.1996,43.4344],[28.2283,43.381],[28.227,43.3618],[28.1965,43.3206],[27.9541,43.2716],[27.8879,43.2347],[27.8405,43.1732],[27.8238,43.1132],[27.8679,42.8069],[27.8605,42.7605],[27.8127,42.7265],[27.5642,42.6315],[27.5237,42.5865],[27.5119,42.4688],[27.5365,42.4134],[27.92,42.0811],[27.9523,42.0352],[27.9502,41.992],[27.9375,41.9777],[27.8806,41.962],[27.6536,41.963],[27.5665,41.9939],[27.48,42.0689],[27.4477,42.1148],[27.4486,42.1508],[27.4247,42.1854]]],[[[28.1904,40.3211],[28.1823,40.3075],[28.1228,40.272],[27.7472,40.272],[27.6938,40.2907],[27.682,40.3075],[27.6882,40.356],[27.7082,40.3735],[27.7661,40.3856],[27.772,40.465],[27.7792,40.4794],[27.81,40.498],[27.9417,40.4936],[27.9652,40.462],[27.958,40.384],[27.966,40.378],[28.074,40.378],[28.082,40.384],[28.0892,40.4194],[28.12,40.438],[28.16,40.438],[28.1758,40.4285],[28.1954,40.3861],[28.1904,40.3211]]],[[[25.996,39.3692],[26.06,39.398],[26.1682,39.3908],[26.4673,39.3448],[26.5406,39.2925],[26.6427,39.041],[26.6405,39.0236],[26.598,38.9742],[26.2983,38.9204],[26.208,38.9296],[26.1156,38.9717],[26.0781,39.0217],[26.0789,39.0905],[26.0464,39.1221],[25.8316,39.1637],[25.818,39.1754],[25.8061,39.2092],[25.8122,39.2295],[25.996,39.3692]]],[[[25.7287,35.1534],[26.1844,35.2031],[26.2002,35.1968],[26.2255,35.1605],[26.1769,35.0892],[26.097,35.0497],[24.8649,34.9844],[24.7999,35.0193],[24.7558,35.1435],[24.7108,35.172],[24.4051,35.176],[23.7129,35.2417],[23.6543,35.2913],[23.6106,35.4806],[23.6155,35.4975],[23.664,35.538],[24.116,35.538],[24.1686,35.5016],[24.1754,35.4861],[24.1709,35.4275],[24.1995,35.3867],[24.2683,35.3546],[24.3459,35.338],[25.646,35.338],[25.6998,35.2978],[25.7061,35.2832],[25.7003,35.1746],[25.7287,35.1534]]],[[[25.7359,40.0935],[25.694,40.1208],[25.6859,40.1377],[25.7013,40.2641],[25.725,40.2999],[25.74,40.308],[26.0039,40.3042],[26.046,40.2717],[26.0528,40.2548],[26.0428,40.1898],[25.9776,40.1338],[25.7359,40.0935]]],[[[24.5994,40.5438],[24.5344,40.569],[24.5243,40.5814],[24.4807,40.7706],[24.4995,40.8246],[24.7626,40.828],[24.8178,40.7881],[24.8243,40.7724],[24.8115,40.644],[24.7493,40.5813],[24.5994,40.5438]]],[[[24.2396,37.9777],[24.2279,37.9883],[24.2541,38.02],[24.283,37.9984],[24.2778,37.9851],[24.2396,37.9777]]],[[[23.8718,38.3758],[23.9011,38.3552],[24.0411,38.3187],[24.0864,38.2655],[24.0897,38.2507],[24.0054,37.8715],[23.9948,37.8588],[23.9323,37.8377],[23.4767,37.9981],[23.3654,38.0195],[23.3367,38.0629],[23.2978,38.3116],[23.3026,38.3267],[23.3421,38.3682],[23.8126,38.4321],[23.8725,38.4123],[23.8718,38.3758]]],[[[3.9013,43.582],[3.8161,43.5622],[3.0325,43.1569],[3.0001,43.109],[3.026,42.6001],[3.0522,42.5397],[3.1665,42.4121],[3.1879,42.3394],[3.0668,41.8806],[3.0511,41.8674],[3.0204,41.8645],[3.0038,41.8726],[2.7032,42.3371],[2.702,42.3845],[2.7092,42.3994],[2.7442,42.4256],[2.755,42.4663],[2.6598,42.9907],[2.6798,43.0348],[2.7189,43.038],[2.7299,43.0597],[2.7239,43.1731],[2.7671,43.2489],[3.407,43.663],[3.4956,43.6949],[4.6791,43.8706],[4.7752,43.8608],[5.8317,43.4444],[5.9209,43.428],[6.5408,43.428],[6.6021,43.3927],[6.6104,43.3789],[6.6154,43.3139],[6.5637,43.2459],[6.3298,43.1508],[6.2648,43.1327],[5.8492,43.132],[5.7551,43.1617],[5.6556,43.2378],[5.578,43.262],[5.4293,43.265],[5.3801,43.2975],[5.372,43.3125],[5.372,43.3693],[5.3342,43.4019],[5.1054,43.4435],[5.01,43.452],[4.2292,43.452],[4.1679,43.4873],[4.1596,43.5011],[4.1553,43.5571],[4.1156,43.582],[3.9013,43.582]]]]},"properties":{"id":"territory:Greek City-States:-126","name":"Greek City-States","name_en":"Greek City-States","actor":"기타중립","valid_from":-126,"valid_to":-110,"span_from":-800,"span_to":83,"color":"#87A960","wikidata":"Q148837","area":100248,"src":"cliopatria","confidence":"medium","finish":"chaikin1cap4km+grow2km+islands+s600m","islands":1,"island_rule":"nearest<=40km"}},{"type":"Feature","geometry":{"type":"Point","coordinates":[35.403,37.078]},"properties":{"id":"territory:Greek City-States:-126:label","name":"Greek City-States","name_en":"Greek City-States","actor":"기타중립","valid_from":-126,"valid_to":-110,"span_from":-800,"span_to":83,"color":"#87A960","wikidata":"Q148837","area":100248,"src":"cliopatria","confidence":"medium"}},{"type":"Feature","geometry":{"type":"Polygon","coordinates":[[[36.1287,41.5608],[36.2133,41.3069],[36.2624,41.278],[36.51,41.278],[36.5289,41.262],[36.5072,41.2302],[36.4972,41.1652],[36.502,41.1501],[36.5517,41.1023],[37.3094,40.9329],[37.3923,40.9034],[37.8224,40.6841],[37.9176,40.662],[38.7724,40.662],[38.8596,40.6876],[38.9737,40.7688],[39.0503,40.792],[39.3501,40.792],[39.4305,40.7711],[39.578,40.6848],[39.6676,40.662],[40.3654,40.6623],[40.4585,40.6781],[40.5502,40.7123],[40.5977,40.7598],[40.6128,40.8348],[40.5822,40.911],[40.5022,40.9853],[40.44,41.018],[40.3661,41.0158],[40.3697,41.055],[40.399,41.0842],[40.4627,41.0827],[40.4853,41.05],[40.4807,41.018],[40.5177,41.018],[40.5766,41.0336],[40.9996,41.1996],[41.0673,41.2427],[41.1986,41.374],[41.2136,41.3792],[41.2568,41.3736],[41.271,41.3628],[41.3525,41.1584],[41.3256,41.0908],[41.1251,40.9498],[41.0701,40.9237],[41.031,40.922],[40.9805,40.9017],[40.6237,40.6909],[40.6179,40.6575],[40.758,40.5154],[40.7817,40.4567],[40.7727,40.387],[40.7107,40.3298],[40.5623,40.2865],[40.5046,40.2448],[40.4346,40.1239],[40.3622,40.0787],[38.8486,39.8892],[38.8421,39.8761],[38.9122,39.811],[38.9193,39.7418],[38.7867,39.6013],[38.7874,39.5597],[38.9328,39.4211],[38.9641,39.3423],[38.9516,39.2239],[38.9109,39.1556],[38.7949,39.0702],[38.7629,39.0648],[38.7172,39.094],[37.9072,39.4489],[37.8174,39.4741],[36.9776,39.5915],[36.8854,39.5979],[35.4891,39.598],[35.4183,39.6226],[35.3325,39.6969],[35.2472,39.7337],[34.8775,39.7819],[34.8228,39.7647],[34.8054,39.8088],[34.5887,39.9582],[34.5626,40.0091],[34.5837,40.1921],[34.5527,40.2326],[34.5772,40.4404],[34.5493,40.4891],[34.4019,40.5788],[34.3657,40.6476],[34.3781,40.7715],[34.3549,40.8274],[34.2729,40.9067],[34.253,40.9697],[34.3814,41.4257],[34.3737,41.4648],[34.342,41.4886],[34.2797,41.5054],[33.359,41.5686],[33.2835,41.5487],[33.1749,41.4702],[33.0877,41.4428],[32.7102,41.442],[32.6344,41.4186],[32.3546,41.2108],[32.3395,41.2078],[32.2987,41.2181],[32.2855,41.2322],[32.2498,41.4179],[32.2149,41.4753],[32.1295,41.5494],[32.1126,41.5946],[32.13,41.608],[32.1677,41.608],[32.227,41.6233],[32.6351,41.7784],[32.6548,41.8133],[32.6277,41.8822],[32.6646,41.913],[32.6794,41.9157],[32.8172,41.8797],[32.9011,41.8815],[33.2307,41.9836],[33.3275,41.998],[34.4225,41.998],[34.5193,41.9908],[34.8161,41.9466],[34.9702,41.8575],[34.9985,41.8266],[34.9947,41.8],[35.0173,41.7673],[35.07,41.762],[35.0849,41.77],[35.1112,41.8117],[35.2831,41.6908],[35.3601,41.668],[35.8462,41.668],[35.9333,41.7202],[35.993,41.7065],[36.0805,41.6306],[36.1287,41.5608]]]},"properties":{"id":"territory:Kingdom of Pontus:-230","name":"폰토스 왕국","name_en":"Kingdom of Pontus","actor":"그리스계","valid_from":-230,"valid_to":-170,"span_from":-281,"span_to":67,"wikidata":"Q7380487","area":93098,"src":"cliopatria","confidence":"medium","finish":"chaikin1cap4km+grow2km+islands+s600m","islands":0}},{"type":"Feature","geometry":{"type":"Point","coordinates":[36.667,40.563]},"properties":{"id":"territory:Kingdom of Pontus:-230:label","name":"폰토스 왕국","name_en":"Kingdom of Pontus","actor":"그리스계","valid_from":-230,"valid_to":-170,"span_from":-281,"span_to":67,"wikidata":"Q7380487","area":93098,"src":"cliopatria","confidence":"medium"}},{"type":"Feature","geometry":{"type":"Polygon","coordinates":[[[39.3681,38.5102],[39.3751,38.4382],[39.2154,38.1827],[39.1422,38.1439],[38.9097,38.1431],[38.828,38.1738],[38.6806,38.3072],[38.6112,38.332],[38.4705,38.332],[38.4197,38.3033],[38.3365,38.1108],[38.2763,38.0582],[38.1917,38.0271],[38.1024,38.0191],[37.8032,38.0652],[37.7152,38.0677],[37.182,38.0169],[37.1416,37.9874],[37.1328,37.9298],[37.123,37.9164],[37.0623,37.8899],[36.3955,38.004],[36.3291,37.9865],[36.0392,37.7219],[35.9657,37.6772],[35.7175,37.5794],[35.6229,37.5665],[35.0976,37.6173],[35.034,37.5952],[34.9197,37.4674],[34.8411,37.4334],[34.609,37.432],[34.5417,37.4063],[34.341,37.2055],[34.2628,37.1671],[33.4798,37.0493],[33.4069,37.0189],[33.1434,36.8113],[33.0598,36.7829],[32.8972,36.7842],[32.8287,36.825],[32.7977,36.8928],[32.7785,36.964],[32.7475,37.2919],[32.7819,37.3593],[33.0536,37.5671],[33.0858,37.6215],[33.1103,37.8716],[33.1429,37.9414],[33.258,38.07],[33.279,38.1283],[33.2548,38.4428],[33.2945,38.5083],[33.6331,38.668],[33.7196,38.6945],[34.4289,38.8099],[34.4874,38.8454],[34.7329,39.2348],[34.7473,39.2967],[34.7166,39.542],[34.7298,39.6165],[34.7966,39.7452],[34.8679,39.7806],[35.252,39.7324],[35.3325,39.697],[35.4184,39.6225],[35.4888,39.598],[36.8855,39.5979],[36.9775,39.5915],[37.8175,39.4741],[37.9071,39.449],[38.7173,39.094],[38.7894,39.0478],[39.3681,38.5102]]]},"properties":{"id":"territory:Kingdom of Cappadocia:-126","name":"카파도키아 왕국","name_en":"Kingdom of Cappadocia","actor":"그리스계","valid_from":-126,"valid_to":-110,"span_from":-239,"span_to":22,"wikidata":"Q29654286","area":91786,"src":"cliopatria","confidence":"medium","finish":"chaikin1cap4km+grow2km+islands+s600m","islands":0}},{"type":"Feature","geometry":{"type":"Point","coordinates":[35.835,38.458]},"properties":{"id":"territory:Kingdom of Cappadocia:-126:label","name":"카파도키아 왕국","name_en":"Kingdom of Cappadocia","actor":"그리스계","valid_from":-126,"valid_to":-110,"span_from":-239,"span_to":22,"wikidata":"Q29654286","area":91786,"src":"cliopatria","confidence":"medium"}},{"type":"Feature","geometry":{"type":"Polygon","coordinates":[[[38.4903,34.175],[38.4373,34.1277],[38.037,33.9693],[37.9678,33.9306],[37.7856,33.7921],[37.7551,33.7418],[37.7434,33.6682],[37.69,33.632],[37.613,33.632],[37.547,33.6093],[37.1154,33.2727],[37.0837,33.2185],[37.0655,33.0922],[37.0243,33.0564],[36.942,33.052],[36.8907,33.025],[36.8472,32.9622],[36.8167,32.8986],[36.7022,32.4924],[36.6559,32.4997],[36.5693,32.5775],[36.5032,32.602],[36.365,32.602],[36.2839,32.589],[35.9631,32.4871],[35.9145,32.5089],[35.9043,32.5213],[35.862,32.7047],[35.8195,32.74],[35.545,32.7845],[35.4943,32.7632],[35.354,32.5138],[35.2905,32.4626],[34.9645,32.3557],[34.9025,32.342],[34.8675,32.342],[34.851,32.3528],[34.8339,32.3968],[34.8403,32.525],[34.8858,32.5862],[34.9697,32.6203],[35.0064,32.6632],[35.0427,32.9859],[35.086,33.0366],[35.1712,33.0709],[35.2243,33.1144],[35.3645,33.3635],[35.3749,33.4253],[35.3392,33.6111],[35.3739,33.6617],[35.4543,33.668],[35.4739,33.6906],[35.4392,33.8711],[35.4425,33.8853],[35.487,33.9382],[35.6282,33.9751],[35.6577,34.0114],[35.6258,34.3224],[35.6351,34.34],[35.6851,34.3588],[35.7551,34.3261],[35.8092,34.3346],[36.0075,34.5329],[36.0362,34.5909],[36.0479,34.7016],[36.0259,34.7564],[35.9423,34.8363],[35.9167,34.899],[35.9383,35.151],[35.9285,35.172],[35.8889,35.1759],[35.8741,35.2204],[35.959,35.4838],[35.9397,35.5208],[35.862,35.556],[35.8308,35.6194],[35.9627,36.1821],[35.9396,36.2237],[35.8699,36.2562],[35.8597,36.2702],[35.8542,36.3121],[35.8611,36.3287],[36.2145,36.5979],[36.2485,36.6521],[36.2659,36.7623],[36.2449,36.8153],[36.1617,36.8874],[36.1242,36.8957],[36.0863,36.8682],[36.04,36.852],[36.0,36.852],[35.9837,36.8625],[35.9672,36.9052],[35.9772,36.9702],[36.0334,37.0317],[36.1207,37.0631],[36.2057,37.0598],[37.1652,36.6446],[37.2357,36.6439],[37.4741,36.7408],[37.5353,36.7574],[37.6385,36.7674],[38.114,36.8778],[38.1661,36.849],[38.1737,36.8322],[38.1525,36.6486],[38.1617,36.628],[38.2008,36.6244],[38.2177,36.5702],[38.0979,36.1339],[38.1067,36.0741],[38.2659,35.8115],[38.2806,35.731],[38.1052,34.8449],[38.1135,34.7818],[38.3286,34.3344],[38.3772,34.2905],[38.4492,34.2617],[38.4897,34.2257],[38.4903,34.175]]]},"properties":{"id":"territory:Seleucid Empire:-110","name":"셀레우코스 제국","name_en":"Seleucid Empire","actor":"그리스계","valid_from":-110,"valid_to":-91,"span_from":-318,"span_to":-64,"wikidata":"Q705904","area":91728,"src":"cliopatria","confidence":"medium","finish":"chaikin1cap4km+grow2km+islands+s600m","islands":0}},{"type":"Feature","geometry":{"type":"Point","coordinates":[36.815,34.741]},"properties":{"id":"territory:Seleucid Empire:-110:label","name":"셀레우코스 제국","name_en":"Seleucid Empire","actor":"그리스계","valid_from":-110,"valid_to":-91,"span_from":-318,"span_to":-64,"wikidata":"Q705904","area":91728,"src":"cliopatria","confidence":"medium"}},{"type":"Feature","geometry":{"type":"MultiPolygon","coordinates":[[[[39.9371,43.4248],[39.6486,43.6886],[39.6471,43.7136],[39.6645,43.7337],[39.681,43.7397],[40.3649,43.6257],[40.3995,43.5984],[40.4054,43.5837],[40.359,43.5444],[40.3536,43.5101],[40.3793,43.4543],[40.4343,43.4145],[41.1141,43.2366],[41.1755,43.192],[41.2093,43.1243],[41.2642,43.0844],[41.4071,43.0439],[41.446,42.9993],[41.45,42.9835],[41.435,42.9185],[41.4037,42.8784],[41.39,42.872],[41.2005,42.8747],[41.148,42.9072],[41.1172,42.9772],[41.0677,43.0231],[40.857,43.1144],[40.7689,43.132],[40.4623,43.1335],[40.3816,43.1704],[40.2327,43.364],[40.167,43.392],[40.0234,43.393],[39.9371,43.4248]]],[[[39.969,43.8142],[40.02,43.818],[40.0502,43.7952],[40.0503,43.745],[40.021,43.7158],[39.97,43.712],[39.9398,43.7348],[39.9397,43.785],[39.969,43.8142]]],[[[35.8099,36.8864],[35.5314,36.6243],[35.45,36.592],[35.37,36.592],[35.289,36.6141],[35.1408,36.7009],[35.0738,36.7046],[34.9967,36.6708],[34.9335,36.688],[34.9223,36.6998],[34.8852,36.8234],[34.8398,36.852],[34.6274,36.852],[34.5513,36.8316],[34.2966,36.6773],[34.2413,36.6268],[34.0168,36.3108],[33.9438,36.2697],[33.3174,36.2066],[33.2334,36.1886],[32.7572,36.027],[32.6725,36.012],[32.5975,36.012],[32.5385,36.0502],[32.4946,36.1774],[32.4565,36.2352],[32.0896,36.568],[32.0206,36.6013],[31.8003,36.6439],[31.7529,36.6723],[31.7447,36.69],[31.7497,36.725],[31.7595,36.7386],[31.8121,36.7635],[32.1944,36.8123],[32.5029,36.818],[32.5814,36.8366],[32.7666,36.9278],[32.7896,36.9222],[32.8287,36.825],[32.8973,36.7842],[33.0598,36.7829],[33.1434,36.8113],[33.4069,37.0189],[33.4798,37.0493],[34.2628,37.1671],[34.341,37.2056],[34.5417,37.4063],[34.6091,37.432],[34.841,37.4334],[34.9197,37.4674],[35.034,37.5952],[35.0976,37.6173],[35.6228,37.5665],[35.7175,37.5794],[35.9657,37.6772],[36.0392,37.7219],[36.329,37.9865],[36.3955,38.004],[37.0622,37.8899],[37.123,37.9164],[37.1328,37.9298],[37.1416,37.9874],[37.1821,38.0169],[37.7152,38.0677],[37.7616,38.0664],[37.7661,38.0497],[37.6698,37.7446],[37.685,37.6923],[37.9732,37.4205],[38.0035,37.3421],[37.9828,37.1694],[38.0095,37.1216],[38.153,37.0368],[38.1928,36.9648],[38.1828,36.8998],[38.1467,36.8624],[38.114,36.8778],[37.6385,36.7674],[37.5353,36.7574],[37.4741,36.7408],[37.2357,36.6439],[37.1652,36.6446],[36.199,37.0613],[36.114,37.0619],[36.0266,37.0272],[35.9772,36.9702],[35.9672,36.9052],[35.9811,36.868],[35.96,36.852],[35.9133,36.8533],[35.8758,36.8683],[35.843,36.8952],[35.8099,36.8864]]],[[[33.2624,45.2627],[33.2537,45.2728],[33.2645,45.3076],[33.2808,45.318],[33.5892,45.318],[33.6728,45.2859],[33.9034,45.0173],[33.9625,45.0062],[34.5515,45.2399],[34.6484,45.2631],[35.1279,45.3127],[35.1847,45.2791],[35.1924,45.2616],[35.1739,45.1385],[35.1838,45.118],[35.2175,45.118],[35.2309,45.1119],[35.2353,45.0979],[35.2276,45.0576],[35.1709,44.9905],[35.148,44.9502],[35.148,44.925],[35.1377,44.9088],[35.0884,44.8852],[34.4343,44.7712],[34.3536,44.7383],[33.9759,44.4614],[33.8844,44.4328],[33.5708,44.432],[33.4937,44.481],[33.4614,44.6103],[33.4794,44.6645],[33.5206,44.668],[33.5375,44.6924],[33.5866,45.0602],[33.5566,45.1078],[33.2624,45.2627]]],[[[31.6825,41.3715],[31.6883,41.3482],[31.6235,41.225],[31.5819,41.1866],[31.5255,41.1826],[31.4658,41.1983],[31.3819,41.2361],[31.3846,41.2794],[31.3958,41.2934],[31.6411,41.39],[31.6825,41.3715]]],[[[30.8658,46.6337],[30.3346,45.976],[30.2562,45.9296],[30.0954,45.8863],[30.024,45.8453],[29.9008,45.7085],[29.8144,45.6732],[29.6621,45.672],[29.6032,45.7114],[29.5961,45.7278],[29.6182,45.9262],[29.6622,46.0014],[30.1451,46.3964],[30.2018,46.426],[30.2449,46.428],[30.2871,46.4541],[30.4184,46.5923],[30.4943,46.6438],[31.0148,46.866],[31.055,46.9123],[31.0596,46.9763],[31.0692,46.991],[31.1227,47.0187],[31.5215,46.9651],[31.5768,46.9173],[31.5823,46.9015],[31.5533,46.713],[31.4874,46.6647],[30.9356,46.662],[30.8658,46.6337]]],[[[29.0424,41.1058],[29.0799,41.1598],[29.3066,41.2176],[29.35,41.218],[29.368,41.2006],[29.3666,41.1581],[29.2145,40.894],[29.1988,40.885],[29.1619,40.8853],[29.1463,40.8948],[29.0421,41.0882],[29.0424,41.1058]]],[[[27.4477,42.1148],[27.4486,42.1508],[27.4247,42.1854],[27.1853,42.3952],[27.1557,42.4676],[27.1712,42.6038],[27.2145,42.6699],[27.3195,42.7457],[27.3331,42.7906],[27.3017,42.849],[27.3027,42.8677],[27.3252,42.9002],[27.34,42.908],[27.4151,42.908],[27.4637,42.9365],[27.6301,43.2591],[27.6904,43.3176],[27.9494,43.4623],[27.9947,43.514],[28.0937,43.834],[28.1337,43.9021],[28.2578,44.04],[28.2861,44.1007],[28.3185,44.416],[28.345,44.4599],[28.3875,44.468],[28.3946,44.4871],[28.3592,44.671],[28.3873,44.7516],[28.6034,44.9579],[28.68,44.988],[28.7714,44.9839],[28.8215,44.936],[28.8542,44.6177],[28.8158,44.54],[28.6282,44.403],[28.5939,44.3482],[28.5619,44.0289],[28.5715,44.008],[28.6107,44.0044],[28.6279,43.9501],[28.5068,43.5006],[28.4306,43.452],[28.2169,43.452],[28.1996,43.4344],[28.2283,43.381],[28.227,43.3618],[28.1965,43.3206],[27.9541,43.2716],[27.8879,43.2347],[27.8405,43.1732],[27.8238,43.1132],[27.8679,42.8069],[27.8605,42.7605],[27.8127,42.7265],[27.5642,42.6315],[27.5237,42.5865],[27.5119,42.4688],[27.5365,42.4134],[27.92,42.0811],[27.9523,42.0352],[27.9502,41.992],[27.9375,41.9777],[27.8806,41.962],[27.6594,41.962],[27.5665,41.9939],[27.48,42.0689],[27.4477,42.1148]]],[[[28.1758,40.4285],[28.1933,40.396],[28.1904,40.3211],[28.1823,40.3075],[28.1228,40.272],[27.7472,40.272],[27.6938,40.2907],[27.682,40.3075],[27.6882,40.356],[27.7082,40.3735],[27.7661,40.3856],[27.772,40.465],[27.7792,40.4794],[27.81,40.498],[27.9417,40.4936],[27.9652,40.462],[27.958,40.384],[27.966,40.378],[28.074,40.378],[28.082,40.384],[28.0892,40.4194],[28.1092,40.4344],[28.16,40.438],[28.1758,40.4285]]],[[[25.8061,39.2092],[25.8122,39.2295],[25.996,39.3692],[26.0523,39.3962],[26.1674,39.3909],[26.4673,39.3448],[26.5406,39.2925],[26.6427,39.041],[26.6405,39.0236],[26.598,38.9742],[26.2983,38.9204],[26.208,38.9296],[26.1156,38.9717],[26.0781,39.0217],[26.0789,39.0905],[26.0464,39.1221],[25.8316,39.1637],[25.818,39.1754],[25.8061,39.2092]]],[[[24.3459,35.338],[25.646,35.338],[25.6998,35.2978],[25.7061,35.2832],[25.7003,35.1746],[25.7287,35.1534],[26.1844,35.2031],[26.2002,35.1968],[26.2255,35.1605],[26.1769,35.0892],[26.097,35.0497],[24.8649,34.9844],[24.7999,35.0193],[24.7558,35.1435],[24.7108,35.172],[24.4051,35.176],[23.7129,35.2417],[23.6543,35.2913],[23.6106,35.4806],[23.6155,35.4975],[23.664,35.538],[24.116,35.538],[24.1686,35.5016],[24.1754,35.4861],[24.1709,35.4275],[24.1995,35.3867],[24.2683,35.3546],[24.3459,35.338]]],[[[25.9776,40.1338],[25.749,40.0909],[25.694,40.1208],[25.6859,40.1377],[25.6984,40.2561],[25.725,40.2999],[25.74,40.308],[26.0039,40.3042],[26.046,40.2717],[26.0528,40.2548],[26.0428,40.1898],[25.9776,40.1338]]],[[[24.7493,40.5813],[24.5994,40.5438],[24.5344,40.569],[24.5243,40.5814],[24.4807,40.7706],[24.493,40.8157],[24.51,40.828],[24.774,40.8239],[24.8178,40.7881],[24.8243,40.7724],[24.8115,40.644],[24.7493,40.5813]]],[[[23.8725,38.4123],[23.8718,38.3758],[23.9011,38.3552],[24.0411,38.3187],[24.0864,38.2655],[24.0897,38.2507],[24.0054,37.8715],[23.9948,37.8588],[23.9452,37.8381],[23.4767,37.9981],[23.4179,38.012],[23.38,38.012],[23.3654,38.0195],[23.3367,38.0629],[23.2978,38.3116],[23.3026,38.3267],[23.3421,38.3682],[23.8126,38.4321],[23.8725,38.4123]]],[[[5.41,43.262],[5.3792,43.2806],[5.372,43.295],[5.372,43.3843],[5.3632,43.392],[5.09,43.392],[5.0575,43.4101],[5.0498,43.422],[5.0421,43.5016],[5.042,43.5675],[5.0501,43.5825],[5.1095,43.618],[5.3305,43.618],[5.4058,43.5826],[5.5481,43.322],[5.5479,43.2788],[5.53,43.262],[5.41,43.262]]]]},"properties":{"id":"territory:Greek City-States:-110","name":"Greek City-States","name_en":"Greek City-States","actor":"기타중립","valid_from":-110,"valid_to":-91,"span_from":-800,"span_to":83,"color":"#87A960","wikidata":"Q148837","area":89140,"src":"cliopatria","confidence":"medium","finish":"chaikin1cap4km+grow2km+islands+s600m","islands":0}},{"type":"Feature","geometry":{"type":"Point","coordinates":[35.403,37.078]},"properties":{"id":"territory:Greek City-States:-110:label","name":"Greek City-States","name_en":"Greek City-States","actor":"기타중립","valid_from":-110,"valid_to":-91,"span_from":-800,"span_to":83,"color":"#87A960","wikidata":"Q148837","area":89140,"src":"cliopatria","confidence":"medium"}},{"type":"Feature","geometry":{"type":"Polygon","coordinates":[[[38.9097,38.1431],[38.8279,38.1738],[38.6806,38.3071],[38.6111,38.332],[38.4705,38.332],[38.4197,38.3033],[38.3365,38.1108],[38.2763,38.0582],[38.1917,38.0271],[38.1023,38.0192],[37.8033,38.0652],[37.7152,38.0677],[37.1821,38.0169],[37.1416,37.9874],[37.1328,37.9298],[37.123,37.9164],[37.0622,37.8899],[36.3955,38.004],[36.329,37.9865],[36.0392,37.7219],[35.9657,37.6772],[35.7175,37.5794],[35.6228,37.5665],[35.0976,37.6173],[35.034,37.5952],[34.9197,37.4674],[34.841,37.4334],[34.6091,37.432],[34.5417,37.4063],[34.341,37.2056],[34.2628,37.1671],[33.4798,37.0493],[33.4069,37.0189],[33.1434,36.8113],[33.0598,36.7829],[32.9058,36.782],[32.8365,36.8167],[32.7987,36.89],[32.7785,36.964],[32.7475,37.2919],[32.7819,37.3593],[33.0535,37.5671],[33.0858,37.6215],[33.1103,37.8716],[33.1429,37.9414],[33.258,38.07],[33.279,38.1283],[33.2548,38.4428],[33.2945,38.5083],[33.633,38.668],[33.7196,38.6945],[34.4288,38.8099],[34.4874,38.8454],[34.7329,39.2348],[34.7473,39.2967],[34.7166,39.542],[34.7298,39.6165],[34.7966,39.7452],[34.868,39.7806],[35.2519,39.7324],[35.3325,39.6969],[35.4184,39.6225],[35.4888,39.598],[36.8857,39.5979],[36.9777,39.5905],[38.1347,39.4025],[38.1945,39.3653],[38.229,39.3022],[38.2812,39.2665],[38.4902,39.2177],[38.5033,39.2056],[38.5143,39.1595],[38.4102,39.0758],[38.408,39.0399],[38.6227,38.8406],[38.6516,38.7743],[38.6441,38.7085],[38.6735,38.678],[38.8969,38.6325],[38.9566,38.5794],[38.9871,38.4635],[39.0285,38.4122],[39.1789,38.3207],[39.2128,38.2548],[39.2028,38.1898],[39.1439,38.1449],[38.9097,38.1431]]]},"properties":{"id":"territory:Kingdom of Cappadocia:-110","name":"카파도키아 왕국","name_en":"Kingdom of Cappadocia","actor":"그리스계","valid_from":-110,"valid_to":-91,"span_from":-239,"span_to":22,"wikidata":"Q29654286","area":88757,"src":"cliopatria","confidence":"medium","finish":"chaikin1cap4km+grow2km+islands+s600m","islands":0}},{"type":"Feature","geometry":{"type":"Point","coordinates":[35.731,38.448]},"properties":{"id":"territory:Kingdom of Cappadocia:-110:label","name":"카파도키아 왕국","name_en":"Kingdom of Cappadocia","actor":"그리스계","valid_from":-110,"valid_to":-91,"span_from":-239,"span_to":22,"wikidata":"Q29654286","area":88757,"src":"cliopatria","confidence":"medium"}},{"type":"Feature","geometry":{"type":"MultiPolygon","coordinates":[[[[50.7191,14.9825],[49.6707,14.683],[49.5909,14.6762],[48.5714,14.7889],[48.499,14.8133],[48.3441,14.9049],[48.2787,14.9285],[47.5539,15.0463],[47.5091,15.0905],[47.509,15.1612],[47.4841,15.1886],[46.6847,15.3067],[46.5925,15.3128],[46.541,15.3277],[46.1767,15.4886],[46.1637,15.5191],[46.1898,15.5296],[46.3631,15.6727],[46.4065,15.7338],[46.4752,15.93],[46.4702,15.973],[46.4517,15.988],[46.4534,16.0295],[46.4751,16.08],[46.5151,16.14],[46.5794,16.1634],[46.6697,16.1315],[46.7351,16.1263],[48.0797,16.4293],[48.1549,16.4396],[49.5511,16.5061],[49.6231,16.5159],[50.0831,16.6197],[50.1597,16.6216],[50.4445,16.5741],[50.5143,16.5758],[51.0398,16.6897],[51.1187,16.6947],[51.8544,16.6311],[51.9146,16.5952],[51.9511,16.528],[51.9561,16.4568],[51.8862,16.2533],[51.8407,16.1938],[51.2818,15.7881],[51.2353,15.7382],[51.1149,15.5424],[51.0851,15.4622],[51.0473,15.4257],[50.8938,15.335],[50.8554,15.287],[50.7779,15.0391],[50.7191,14.9825]]],[[[46.612,16.2125],[46.6382,16.2435],[46.69,16.248],[46.7202,16.2252],[46.7203,16.175],[46.6943,16.1465],[46.6475,16.142],[46.6173,16.1648],[46.612,16.2125]]]]},"properties":{"id":"territory:Hadhramaut:-350","name":"Hadhramaut","name_en":"Hadhramaut","actor":"기타중립","valid_from":-350,"valid_to":184,"span_from":-700,"span_to":305,"color":"#A96076","wikidata":"Q1517159","area":86171,"src":"cliopatria","confidence":"medium","finish":"chaikin1cap4km+grow2km+islands+s600m","islands":0}},{"type":"Feature","geometry":{"type":"Point","coordinates":[49.173,15.739]},"properties":{"id":"territory:Hadhramaut:-350:label","name":"Hadhramaut","name_en":"Hadhramaut","actor":"기타중립","valid_from":-350,"valid_to":184,"span_from":-700,"span_to":305,"color":"#A96076","wikidata":"Q1517159","area":86171,"src":"cliopatria","confidence":"medium"}},{"type":"Feature","geometry":{"type":"Polygon","coordinates":[[[39.368,38.5102],[39.3751,38.4382],[39.2154,38.1827],[39.1421,38.1439],[38.9097,38.1431],[38.8279,38.1738],[38.6806,38.3071],[38.6111,38.332],[38.4705,38.332],[38.4197,38.3033],[38.3365,38.1108],[38.2763,38.0582],[38.1917,38.0271],[38.1023,38.0192],[37.8033,38.0652],[37.7151,38.0677],[37.1821,38.0169],[37.1416,37.9874],[37.1328,37.9298],[37.123,37.9164],[37.0622,37.8899],[36.3955,38.004],[36.329,37.9865],[36.0392,37.722],[35.9657,37.6772],[35.7175,37.5794],[35.6228,37.5665],[35.0976,37.6173],[35.034,37.5952],[34.9131,37.4628],[34.8342,37.432],[34.6091,37.432],[34.5417,37.4063],[34.3364,37.2022],[34.259,37.1638],[34.0379,37.121],[33.9759,37.1499],[33.9667,37.1629],[33.9289,37.4046],[33.8938,37.432],[33.82,37.432],[33.7501,37.4657],[33.6543,37.6038],[33.6361,37.6778],[33.6776,38.0513],[33.6684,38.072],[33.64,38.072],[33.6247,38.0805],[33.5997,38.1247],[33.5744,38.5129],[33.5846,38.5503],[33.6188,38.5632],[33.6695,38.6261],[33.7316,38.6602],[34.4372,38.7748],[34.5096,38.8169],[34.7671,39.2236],[34.7834,39.298],[34.7526,39.5437],[34.7647,39.6073],[34.8284,39.7283],[34.8238,39.7613],[34.868,39.7806],[35.2519,39.7324],[35.3325,39.6969],[35.4184,39.6225],[35.4888,39.598],[36.8854,39.5979],[36.9776,39.5915],[37.8174,39.4741],[37.9072,39.4489],[38.7172,39.094],[38.7919,39.0459],[39.368,38.5102]]]},"properties":{"id":"territory:Kingdom of Cappadocia:-188","name":"카파도키아 왕국","name_en":"Kingdom of Cappadocia","actor":"그리스계","valid_from":-188,"valid_to":-126,"span_from":-239,"span_to":22,"wikidata":"Q29654286","area":81396,"src":"cliopatria","confidence":"medium","finish":"chaikin1cap4km+grow2km+islands+s600m","islands":0}},{"type":"Feature","geometry":{"type":"Point","coordinates":[36.149,38.573]},"properties":{"id":"territory:Kingdom of Cappadocia:-188:label","name":"카파도키아 왕국","name_en":"Kingdom of Cappadocia","actor":"그리스계","valid_from":-188,"valid_to":-126,"span_from":-239,"span_to":22,"wikidata":"Q29654286","area":81396,"src":"cliopatria","confidence":"medium"}},{"type":"Feature","geometry":{"type":"MultiPolygon","coordinates":[[[[39.6471,43.7136],[39.681,43.7397],[40.3649,43.6257],[40.3995,43.5984],[40.4054,43.5837],[40.359,43.5444],[40.3536,43.5101],[40.3793,43.4543],[40.4343,43.4145],[41.1141,43.2366],[41.1755,43.192],[41.2093,43.1243],[41.2642,43.0844],[41.4071,43.0439],[41.446,42.9993],[41.45,42.9835],[41.435,42.9185],[41.4037,42.8784],[41.39,42.872],[41.21,42.872],[41.148,42.9072],[41.1172,42.9772],[41.0677,43.0231],[40.857,43.1144],[40.7689,43.132],[40.4693,43.132],[40.3888,43.1648],[40.2327,43.364],[40.167,43.392],[40.0293,43.392],[39.9433,43.4211],[39.6486,43.6886],[39.6471,43.7136]]],[[[40.6028,40.7698],[40.5502,40.7123],[40.4585,40.6781],[40.3624,40.662],[39.6631,40.6626],[39.578,40.6848],[39.4305,40.7711],[39.3501,40.792],[39.0503,40.792],[38.9737,40.7688],[38.8596,40.6876],[38.7724,40.662],[37.9176,40.662],[37.8224,40.6841],[37.3923,40.9034],[37.3094,40.9329],[36.5517,41.1023],[36.502,41.1501],[36.4972,41.1652],[36.5072,41.2302],[36.5358,41.271],[36.6439,41.2944],[36.7315,41.3304],[36.8156,41.3212],[37.0404,41.1713],[37.107,41.1658],[37.1828,41.199],[37.2321,41.184],[37.2428,41.1648],[37.2344,41.1103],[37.2637,41.088],[37.7224,41.088],[37.7933,41.0534],[37.8283,40.9866],[37.8781,40.967],[38.1182,41.009],[38.1945,40.9895],[38.2788,40.9142],[38.3464,40.8976],[38.8978,41.0079],[38.936,41.0289],[38.9483,41.068],[38.9962,41.0963],[39.1656,41.1371],[39.2591,41.1315],[39.7012,40.973],[39.7875,40.9625],[40.44,41.018],[40.5022,40.9853],[40.5822,40.911],[40.6116,40.8444],[40.6028,40.7698]]],[[[39.9397,43.785],[39.969,43.8142],[40.02,43.818],[40.0502,43.7952],[40.0503,43.745],[40.021,43.7158],[39.97,43.712],[39.9398,43.7348],[39.9397,43.785]]],[[[33.2545,45.2862],[33.2645,45.3076],[33.2808,45.318],[33.5959,45.3167],[33.6798,45.2808],[33.9034,45.0173],[33.9625,45.0062],[34.5515,45.2399],[34.6484,45.2631],[35.1279,45.3127],[35.1847,45.2791],[35.1924,45.2616],[35.1739,45.1385],[35.1838,45.118],[35.2175,45.118],[35.2309,45.1119],[35.2353,45.0979],[35.2276,45.0576],[35.1709,44.9905],[35.148,44.9502],[35.148,44.925],[35.1377,44.9088],[35.0884,44.8852],[34.4343,44.7712],[34.3536,44.7383],[33.9759,44.4614],[33.8844,44.4328],[33.5708,44.432],[33.4937,44.481],[33.4614,44.6103],[33.4794,44.6645],[33.5206,44.668],[33.5375,44.6924],[33.5866,45.0602],[33.5566,45.1078],[33.2624,45.2627],[33.2545,45.2862]]],[[[34.8196,41.9426],[34.8111,41.9631],[34.8196,41.9934],[34.8337,42.0062],[35.0699,42.0492],[35.1255,42.0193],[35.1337,42.0021],[35.112,41.8137],[35.0849,41.77],[35.07,41.762],[35.0173,41.7673],[34.9947,41.8],[34.9985,41.8266],[34.9702,41.8575],[34.8196,41.9426]]],[[[31.5819,41.1866],[31.5255,41.1826],[31.3908,41.2283],[31.3797,41.2477],[31.3846,41.2794],[31.3958,41.2934],[31.6411,41.39],[31.6577,41.3882],[31.6825,41.3715],[31.6883,41.3482],[31.6235,41.225],[31.5819,41.1866]]],[[[30.2608,45.9315],[30.0954,45.8863],[30.024,45.8453],[29.9008,45.7085],[29.8144,45.6732],[29.6621,45.672],[29.6032,45.7114],[29.5961,45.7278],[29.6182,45.9262],[29.6622,46.0014],[30.1451,46.3964],[30.2018,46.426],[30.2449,46.428],[30.2871,46.4541],[30.4184,46.5923],[30.4943,46.6438],[31.0148,46.866],[31.055,46.9123],[31.0596,46.9763],[31.0692,46.991],[31.1335,47.0205],[31.5215,46.9651],[31.5768,46.9173],[31.5823,46.9015],[31.5533,46.713],[31.4874,46.6647],[30.9356,46.662],[30.8658,46.6337],[30.3393,45.9801],[30.2608,45.9315]]],[[[29.01,41.1568],[29.3204,41.2098],[29.3693,41.1794],[29.3754,41.1595],[29.2887,40.8992],[29.2773,40.8878],[29.2257,40.8705],[29.1328,40.906],[29.0903,40.9622],[29.0956,41.0297],[29.0662,41.052],[28.1,41.052],[28.0827,41.0651],[28.0728,41.1003],[28.1826,41.4899],[28.23,41.538],[28.2817,41.5336],[28.2992,41.5186],[28.3021,41.4836],[28.3322,41.4638],[28.9403,41.29],[28.9885,41.2393],[28.9846,41.1718],[29.01,41.1568]]],[[[27.1954,42.4045],[27.1557,42.4676],[27.1685,42.596],[27.1984,42.6723],[27.6253,43.2618],[27.6904,43.3176],[27.9494,43.4623],[27.9947,43.514],[28.0937,43.834],[28.1337,43.9021],[28.2578,44.04],[28.2861,44.1007],[28.3185,44.416],[28.345,44.4599],[28.3875,44.468],[28.3946,44.4871],[28.3592,44.671],[28.3873,44.7516],[28.6034,44.958],[28.68,44.988],[28.7714,44.9839],[28.8215,44.936],[28.8542,44.6177],[28.8158,44.54],[28.6282,44.403],[28.5939,44.3482],[28.5619,44.0289],[28.5715,44.008],[28.6107,44.0044],[28.6279,43.9501],[28.5068,43.5006],[28.4306,43.452],[28.2169,43.452],[28.1996,43.4344],[28.2283,43.381],[28.227,43.3618],[28.1966,43.3206],[27.954,43.2716],[27.8879,43.2347],[27.8405,43.1732],[27.8238,43.1132],[27.8679,42.8069],[27.8606,42.7605],[27.8127,42.7265],[27.5642,42.6315],[27.5237,42.5865],[27.512,42.4698],[27.541,42.4198],[27.7716,42.2785],[27.8262,42.2171],[27.9245,41.9393],[27.8831,41.9059],[27.8689,41.9031],[27.6505,41.9527],[27.5859,41.9783],[27.5525,42.0058],[27.5425,41.9801],[27.52,41.9651],[27.4583,41.9664],[27.4348,41.998],[27.4388,42.022],[27.3882,42.0265],[27.362,42.0575],[27.3682,42.106],[27.3882,42.1235],[27.4142,42.128],[27.3341,42.2042],[27.3062,42.265],[27.309,42.3319],[27.279,42.3699],[27.1954,42.4045]],[[27.4779,42.0573],[27.4925,42.058],[27.478,42.071],[27.4779,42.0573]]],[[[28.294,37.1762],[28.244,37.1649],[28.2402,37.142],[28.2279,37.1279],[28.1749,37.112],[27.6451,37.112],[27.5922,37.1453],[27.5846,37.1615],[27.592,37.3025],[27.6021,37.3187],[27.6531,37.3422],[28.1935,37.3936],[28.2681,37.3506],[28.3061,37.2303],[28.294,37.1762]]],[[[25.8778,38.644],[25.93,38.688],[25.9758,38.687],[26.034,38.6671],[26.1978,38.5781],[26.2274,38.51],[26.1295,38.1799],[26.0641,38.142],[25.9259,38.142],[25.8708,38.182],[25.8643,38.197],[25.8795,38.4404],[25.8688,38.462],[25.8281,38.4666],[25.8181,38.5115],[25.8778,38.644]]],[[[25.646,35.338],[25.6998,35.2978],[25.7061,35.2832],[25.7003,35.1746],[25.7287,35.1534],[26.1844,35.2031],[26.2002,35.1968],[26.2255,35.1605],[26.1769,35.0892],[26.097,35.0497],[24.8649,34.9844],[24.7999,35.0193],[24.7558,35.1435],[24.7108,35.172],[24.4051,35.176],[23.7129,35.2417],[23.6543,35.2913],[23.6106,35.4806],[23.6155,35.4975],[23.664,35.538],[24.116,35.538],[24.1686,35.5016],[24.1754,35.4861],[24.1709,35.4275],[24.1995,35.3867],[24.2683,35.3546],[24.3459,35.338],[25.646,35.338]]],[[[22.5209,38.7602],[22.5018,38.782],[22.4182,38.7864],[22.3807,38.8189],[22.3746,38.8339],[22.382,38.9066],[22.4205,38.9698],[22.5247,39.0518],[22.6081,39.066],[22.751,39.0287],[22.8027,38.9802],[22.808,38.9107],[22.8342,38.888],[22.9025,38.888],[22.9476,38.8688],[22.958,38.8525],[22.958,38.8231],[22.9843,38.7855],[23.2883,38.5225],[23.359,38.498],[23.6541,38.498],[23.7427,38.4782],[24.0493,38.3254],[24.0897,38.2507],[24.0054,37.8715],[23.9948,37.8588],[23.9322,37.8378],[23.4768,37.998],[23.3713,38.0143],[23.3182,38.0443],[23.24,38.1169],[23.1709,38.142],[23.0152,38.1456],[22.9717,38.1781],[22.9646,38.1939],[22.969,38.2511],[22.937,38.2863],[22.569,38.3903],[22.4593,38.4056],[22.4421,38.45],[22.5209,38.7602]]],[[[23.088,36.3836],[23.1328,36.3244],[23.1298,36.195],[23.1229,36.1817],[23.0654,36.142],[22.9146,36.142],[22.8611,36.1822],[22.8548,36.1972],[22.8716,36.393],[22.8919,36.4288],[22.9075,36.438],[22.9477,36.4372],[23.088,36.3836]]],[[[22.3975,36.652],[22.3374,36.6898],[22.2177,37.0134],[22.17,37.042],[21.9611,37.042],[21.9256,37.0149],[21.9136,36.8923],[21.86,36.852],[21.78,36.852],[21.7225,36.8912],[21.6698,37.147],[21.651,37.172],[21.6088,37.1759],[21.5945,37.2206],[21.6798,37.498],[21.6921,37.5121],[21.7451,37.528],[22.0449,37.528],[22.1323,37.4971],[22.2153,37.4252],[22.2491,37.4291],[22.2848,37.4872],[22.3287,37.524],[22.3863,37.5268],[22.4455,37.5045],[22.827,37.283],[22.8794,37.2216],[23.064,36.6975],[23.0369,36.6801],[23.0178,36.6829],[22.8513,36.8277],[22.7819,36.852],[22.6498,36.852],[22.5987,36.8234],[22.5416,36.6964],[22.4822,36.6549],[22.3975,36.652]]],[[[21.2308,37.8414],[21.2248,37.858],[21.232,37.945],[21.2592,37.9744],[21.3032,37.978],[21.312,37.9857],[21.312,38.075],[21.3192,38.0894],[21.35,38.108],[21.3981,38.106],[21.4529,38.0779],[21.62,37.9398],[21.6554,37.8661],[21.6504,37.8011],[21.6426,37.7876],[21.5845,37.752],[21.34,37.752],[21.3082,37.774],[21.302,37.8143],[21.2932,37.822],[21.26,37.822],[21.2308,37.8414]]],[[[21.271,38.8403],[21.3134,38.7671],[21.3621,38.4585],[21.3467,38.4133],[21.33,38.402],[21.1983,38.4064],[21.1808,38.4214],[21.1787,38.4617],[21.1582,38.4983],[20.9166,38.756],[20.8563,38.782],[20.78,38.782],[20.7655,38.7894],[20.7407,38.8233],[20.7389,38.8413],[20.7984,38.9735],[20.8668,39.0039],[21.0216,38.9605],[21.1284,38.9459],[21.1792,38.9192],[21.271,38.8403]]],[[[20.8161,38.2532],[20.8097,38.125],[20.8013,38.1107],[20.7545,38.0815],[20.3623,38.1355],[20.3093,38.1831],[20.3039,38.1968],[20.3102,38.315],[20.3559,38.3786],[20.4428,38.419],[20.505,38.4372],[20.5562,38.4369],[20.6133,38.4159],[20.7717,38.3266],[20.8161,38.2532]]],[[[4.2292,43.452],[4.1679,43.4873],[4.1596,43.5011],[4.1553,43.5571],[4.1156,43.582],[3.9013,43.582],[3.8161,43.5622],[3.0325,43.1569],[3.0001,43.109],[3.026,42.6001],[3.0522,42.5397],[3.1665,42.4121],[3.1879,42.3394],[3.0611,41.8715],[3.0204,41.8645],[3.0038,41.8726],[2.7062,42.3277],[2.702,42.3845],[2.7092,42.3994],[2.7442,42.4256],[2.755,42.4663],[2.659,42.9811],[2.6798,43.0348],[2.7189,43.038],[2.7299,43.0597],[2.7264,43.1832],[2.7671,43.2489],[3.4034,43.6612],[3.4956,43.6949],[4.6791,43.8706],[4.7752,43.8608],[5.8317,43.4444],[5.9209,43.428],[6.5408,43.428],[6.6021,43.3927],[6.6104,43.3789],[6.6154,43.3139],[6.5637,43.2459],[6.3298,43.1508],[6.2648,43.1327],[5.8492,43.132],[5.7551,43.1617],[5.6556,43.2378],[5.578,43.262],[5.4293,43.265],[5.3801,43.2975],[5.372,43.3125],[5.372,43.3693],[5.3342,43.4019],[5.1054,43.4435],[5.01,43.452],[4.2292,43.452]]]]},"properties":{"id":"territory:Greek City-States:-202","name":"Greek City-States","name_en":"Greek City-States","actor":"기타중립","valid_from":-202,"valid_to":-197,"span_from":-800,"span_to":83,"color":"#87A960","wikidata":"Q148837","area":78129,"src":"cliopatria","confidence":"medium","finish":"chaikin1cap4km+grow2km+islands+s600m","islands":0}},{"type":"Feature","geometry":{"type":"Point","coordinates":[4.243,43.236]},"properties":{"id":"territory:Greek City-States:-202:label","name":"Greek City-States","name_en":"Greek City-States","actor":"기타중립","valid_from":-202,"valid_to":-197,"span_from":-800,"span_to":83,"color":"#87A960","wikidata":"Q148837","area":78129,"src":"cliopatria","confidence":"medium"}},{"type":"Feature","geometry":{"type":"MultiPolygon","coordinates":[[[[46.0934,13.6039],[46.0796,13.5559],[46.1163,13.4398],[46.0886,13.3844],[46.0763,13.3763],[45.7818,13.3286],[45.7217,13.3011],[45.0896,12.7698],[45.0202,12.7396],[43.8387,12.616],[43.7605,12.6184],[43.4736,12.6662],[43.4239,12.7268],[43.4301,12.8509],[43.4079,12.9039],[43.255,13.0422],[43.2246,13.1088],[43.2408,13.6815],[43.2217,13.7403],[43.0679,13.9402],[43.0364,14.0126],[42.8781,14.9716],[42.872,15.0527],[44.3101,15.1216],[44.424,14.7949],[44.464,14.7629],[44.8904,14.7128],[44.9379,14.7342],[44.9788,14.794],[45.0275,14.828],[45.7929,14.825],[45.8502,14.7833],[45.9515,14.5341],[45.9944,14.496],[46.1294,14.4574],[46.18,14.3951],[46.2159,13.7569],[46.1841,13.6825],[46.0934,13.6039]]],[[[43.4274,12.476],[43.4351,12.4678],[43.4294,12.4699],[43.4274,12.476]]],[[[42.898,12.9597],[42.9116,12.9515],[42.9123,12.9641],[42.956,12.9436],[42.9631,12.9303],[42.945,12.9086],[42.9335,12.9247],[42.9067,12.9179],[42.8919,12.9544],[42.898,12.9597]]],[[[42.9347,12.9027],[42.9443,12.9058],[42.9603,12.8712],[42.9358,12.8914],[42.9347,12.9027]]],[[[42.9338,12.8325],[42.9328,12.8481],[42.9517,12.8225],[42.9338,12.8325]]],[[[42.8769,13.0372],[42.8515,13.0386],[42.8783,13.0113],[42.8745,13.005],[42.8378,13.0212],[42.8401,13.0337],[42.8615,13.0441],[42.8769,13.0372]]],[[[42.7605,14.0645],[42.8015,14.0125],[42.7675,13.9485],[42.7005,13.988],[42.701,14.0285],[42.7605,14.0645]]]]},"properties":{"id":"territory:Himyarite Kingdom:-110","name":"Himyarite Kingdom","name_en":"Himyarite Kingdom","actor":"기타중립","valid_from":-110,"valid_to":-66,"span_from":-110,"span_to":601,"color":"#609DA9","wikidata":"Q289577","area":73040,"src":"cliopatria","confidence":"medium","finish":"chaikin1cap4km+grow2km+islands+s600m","islands":6,"island_rule":"nearest<=40km"}},{"type":"Feature","geometry":{"type":"Point","coordinates":[44.466,13.914]},"properties":{"id":"territory:Himyarite Kingdom:-110:label","name":"Himyarite Kingdom","name_en":"Himyarite Kingdom","actor":"기타중립","valid_from":-110,"valid_to":-66,"span_from":-110,"span_to":601,"color":"#609DA9","wikidata":"Q289577","area":73040,"src":"cliopatria","confidence":"medium"}},{"type":"Feature","geometry":{"type":"Polygon","coordinates":[[[-3.0316,35.2668],[-3.0002,35.3023],[-3.0061,35.4132],[-2.9653,35.4627],[-2.8775,35.468],[-2.8257,35.4275],[-2.8046,35.1715],[-2.79,35.148],[-2.7487,35.144],[-2.7358,35.0894],[-2.7844,34.9619],[-2.8399,34.9062],[-2.9104,34.8733],[-2.9404,34.8289],[-2.9337,34.6526],[-2.8995,34.6102],[-2.8141,34.5738],[-2.7854,34.5242],[-2.8197,34.3962],[-2.7995,34.3543],[-2.4888,34.195],[-2.4666,34.172],[-2.4674,34.1472],[-3.7144,34.0843],[-3.7956,34.0688],[-4.091,33.9678],[-4.1434,33.9258],[-4.1877,33.8552],[-4.2557,33.8404],[-4.3352,33.8751],[-4.4035,33.8741],[-5.0007,33.5901],[-5.086,33.5834],[-5.2304,33.6211],[-5.3064,33.6179],[-5.7593,33.4564],[-5.8407,33.4529],[-5.9906,33.4911],[-6.0677,33.4892],[-6.5808,33.3267],[-6.6335,33.2857],[-6.6762,33.2157],[-6.7354,33.1936],[-6.8995,33.2314],[-6.9708,33.2228],[-7.4851,32.9439],[-7.5692,32.9226],[-8.0254,32.9244],[-8.0915,32.9663],[-8.1496,33.0954],[-8.1991,33.1392],[-8.4367,33.2283],[-8.4688,33.2849],[-8.4683,33.301],[-8.4333,33.366],[-8.366,33.4211],[-7.1789,33.8417],[-7.1266,33.8842],[-7.0828,33.9547],[-7.0257,33.9723],[-6.9378,33.9434],[-6.8778,33.9529],[-6.6569,34.1433],[-6.6504,34.1868],[-6.6932,34.2486],[-6.6948,34.2661],[-6.6756,34.3097],[-6.6644,34.3196],[-6.5211,34.3632],[-6.491,34.3985],[-6.492,34.4682],[-6.457,34.5157],[-6.3783,34.55],[-6.3414,34.5934],[-6.3033,34.8371],[-6.2746,34.8805],[-6.2356,34.888],[-6.2337,34.9011],[-6.2922,35.041],[-6.2621,35.0677],[-6.2443,35.0696],[-6.1693,35.0368],[-6.1529,35.0458],[-6.1628,35.1612],[-6.1317,35.2296],[-6.0437,35.3059],[-6.0073,35.3625],[-5.9067,35.7395],[-5.8393,35.7934],[-5.3744,35.8502],[-5.312,35.8106],[-5.2347,35.5632],[-5.1938,35.5106],[-4.776,35.2292],[-4.7039,35.208],[-3.3089,35.208],[-3.0316,35.2668]]]},"properties":{"id":"territory:Mauretania:-197","name":"마우레타니아","name_en":"Mauretania","actor":"누미디아","valid_from":-197,"valid_to":-110,"span_from":-212,"span_to":42,"wikidata":"Q309272","area":69468,"src":"cliopatria","confidence":"medium","finish":"chaikin1cap4km+grow2km+islands+s600m","islands":0}},{"type":"Feature","geometry":{"type":"Polygon","coordinates":[[[-3.0316,35.2668],[-3.0002,35.3023],[-3.0061,35.4132],[-2.9653,35.4627],[-2.8775,35.468],[-2.8257,35.4275],[-2.8046,35.1715],[-2.79,35.148],[-2.7487,35.144],[-2.7358,35.0894],[-2.7844,34.9619],[-2.8399,34.9062],[-2.9104,34.8733],[-2.9404,34.8289],[-2.9337,34.6526],[-2.8995,34.6102],[-2.8141,34.5738],[-2.7854,34.5242],[-2.8197,34.3962],[-2.7995,34.3543],[-2.4888,34.195],[-2.4666,34.172],[-2.4674,34.1472],[-3.7144,34.0843],[-3.7956,34.0688],[-4.091,33.9678],[-4.1434,33.9258],[-4.1877,33.8552],[-4.2557,33.8404],[-4.3352,33.8751],[-4.4035,33.8741],[-5.0007,33.5901],[-5.086,33.5834],[-5.2304,33.6211],[-5.3064,33.6179],[-5.7593,33.4564],[-5.8407,33.4529],[-5.9906,33.4911],[-6.0677,33.4892],[-6.5808,33.3267],[-6.6335,33.2857],[-6.6762,33.2157],[-6.7354,33.1936],[-6.8995,33.2314],[-6.9708,33.2228],[-7.4851,32.9439],[-7.5692,32.9226],[-8.0254,32.9244],[-8.0915,32.9663],[-8.1496,33.0954],[-8.1991,33.1392],[-8.4367,33.2283],[-8.4688,33.2849],[-8.4683,33.301],[-8.4333,33.366],[-8.366,33.4211],[-7.1789,33.8417],[-7.1266,33.8842],[-7.0828,33.9547],[-7.0257,33.9723],[-6.9378,33.9434],[-6.8778,33.9529],[-6.6569,34.1433],[-6.6504,34.1868],[-6.6932,34.2486],[-6.6948,34.2661],[-6.6756,34.3097],[-6.6644,34.3196],[-6.5211,34.3632],[-6.491,34.3985],[-6.492,34.4682],[-6.457,34.5157],[-6.3783,34.55],[-6.3414,34.5934],[-6.3033,34.8371],[-6.2746,34.8805],[-6.2356,34.888],[-6.2337,34.9011],[-6.2922,35.041],[-6.2621,35.0677],[-6.2443,35.0696],[-6.1693,35.0368],[-6.1529,35.0458],[-6.1628,35.1612],[-6.1317,35.2296],[-6.0437,35.3059],[-6.0073,35.3625],[-5.9067,35.7395],[-5.8393,35.7934],[-5.3744,35.8502],[-5.312,35.8106],[-5.2347,35.5632],[-5.1938,35.5106],[-4.776,35.2292],[-4.7039,35.208],[-3.3089,35.208],[-3.0316,35.2668]]]},"properties":{"id":"territory:Mauretania:-110","name":"마우레타니아","name_en":"Mauretania","actor":"누미디아","valid_from":-110,"valid_to":-91,"span_from":-212,"span_to":42,"wikidata":"Q309272","area":69468,"src":"cliopatria","confidence":"medium","finish":"chaikin1cap4km+grow2km+islands+s600m","islands":0}},{"type":"Feature","geometry":{"type":"Point","coordinates":[-5.308,34.349]},"properties":{"id":"territory:Mauretania:-197:label","name":"마우레타니아","name_en":"Mauretania","actor":"누미디아","valid_from":-197,"valid_to":-110,"span_from":-212,"span_to":42,"wikidata":"Q309272","area":69468,"src":"cliopatria","confidence":"medium"}},{"type":"Feature","geometry":{"type":"Point","coordinates":[-5.308,34.349]},"properties":{"id":"territory:Mauretania:-110:label","name":"마우레타니아","name_en":"Mauretania","actor":"누미디아","valid_from":-110,"valid_to":-91,"span_from":-212,"span_to":42,"wikidata":"Q309272","area":69468,"src":"cliopatria","confidence":"medium"}},{"type":"Feature","geometry":{"type":"Polygon","coordinates":[[[38.8302,38.9952],[38.8353,38.98],[38.8257,38.9353],[38.7848,38.8918],[38.1722,38.4867],[38.09,38.4522],[37.3716,38.2837],[37.316,38.2446],[37.1346,37.9165],[37.0619,37.89],[36.3958,38.0039],[36.3289,37.9864],[36.0393,37.722],[35.9654,37.6771],[35.7133,37.5784],[35.6222,37.5681],[33.7132,37.8163],[33.6481,37.8738],[33.5762,38.5122],[33.5856,38.5506],[33.6269,38.5692],[33.6695,38.6261],[33.7316,38.6602],[34.4372,38.7748],[34.5096,38.8169],[34.7671,39.2236],[34.7834,39.298],[34.7526,39.5437],[34.7647,39.6073],[34.8284,39.7283],[34.8238,39.7613],[34.8683,39.7806],[35.2516,39.7324],[35.3326,39.6969],[35.4183,39.6226],[35.4891,39.598],[36.8851,39.5979],[36.9779,39.5914],[37.8171,39.4741],[37.9074,39.4488],[38.717,39.0941],[38.7593,39.0586],[38.7619,39.022],[38.8,39.018],[38.8302,38.9952]]]},"properties":{"id":"territory:Kingdom of Cappadocia:-212","name":"카파도키아 왕국","name_en":"Kingdom of Cappadocia","actor":"그리스계","valid_from":-212,"valid_to":-188,"span_from":-239,"span_to":22,"wikidata":"Q29654286","area":67615,"src":"cliopatria","confidence":"medium","finish":"chaikin1cap4km+grow2km+islands+s600m","islands":0}},{"type":"Feature","geometry":{"type":"Point","coordinates":[35.999,38.673]},"properties":{"id":"territory:Kingdom of Cappadocia:-212:label","name":"카파도키아 왕국","name_en":"Kingdom of Cappadocia","actor":"그리스계","valid_from":-212,"valid_to":-188,"span_from":-239,"span_to":22,"wikidata":"Q29654286","area":67615,"src":"cliopatria","confidence":"medium"}},{"type":"Feature","geometry":{"type":"Polygon","coordinates":[[[-2.8231,34.5816],[-2.7854,34.5242],[-2.8197,34.3961],[-2.7996,34.3543],[-2.4886,34.1949],[-2.4666,34.172],[-2.4674,34.1472],[-3.7147,34.0842],[-3.7954,34.0689],[-4.0912,33.9677],[-4.1434,33.9258],[-4.1876,33.8552],[-4.2555,33.8403],[-4.3353,33.8752],[-4.4033,33.8742],[-5.0009,33.59],[-5.0858,33.5834],[-5.2306,33.6212],[-5.3062,33.6179],[-5.7595,33.4563],[-5.8458,33.4534],[-5.9908,33.4912],[-6.0675,33.4893],[-6.581,33.3267],[-6.6335,33.2857],[-6.6762,33.2157],[-6.7351,33.1935],[-6.8997,33.2314],[-6.9707,33.2229],[-7.4852,32.9439],[-7.569,32.9226],[-8.0257,32.9244],[-8.0915,32.9663],[-8.1497,33.0955],[-8.1989,33.1391],[-8.4369,33.2284],[-8.4688,33.2849],[-8.4683,33.301],[-8.4333,33.366],[-8.3672,33.4219],[-7.9257,33.5917],[-7.8644,33.6074],[-7.82,33.608],[-7.8052,33.6002],[-7.7796,33.5589],[-7.7752,33.5016],[-7.7461,33.478],[-7.6691,33.4759],[-7.6037,33.4391],[-7.5606,33.3768],[-7.5119,33.3641],[-6.9271,33.591],[-6.8605,33.6305],[-6.6346,33.8252],[-6.6108,33.8759],[-6.6133,33.9461],[-6.5773,34.0079],[-6.2752,34.2202],[-6.2297,34.2733],[-5.6619,35.4941],[-5.5956,35.5249],[-5.4258,35.4792],[-5.3609,35.4318],[-5.2142,35.1742],[-5.1617,35.1298],[-4.7738,34.973],[-4.695,34.958],[-2.9333,34.958],[-2.884,34.9174],[-2.8788,34.9013],[-2.9246,34.6494],[-2.8987,34.61],[-2.8231,34.5816]]]},"properties":{"id":"territory:Mauretania:-212","name":"마우레타니아","name_en":"Mauretania","actor":"누미디아","valid_from":-212,"valid_to":-197,"span_from":-212,"span_to":42,"wikidata":"Q309272","area":51320,"src":"cliopatria","confidence":"medium","finish":"chaikin1cap4km+grow2km+islands+s600m","islands":0}},{"type":"Feature","geometry":{"type":"Point","coordinates":[-5.257,34.2]},"properties":{"id":"territory:Mauretania:-212:label","name":"마우레타니아","name_en":"Mauretania","actor":"누미디아","valid_from":-212,"valid_to":-197,"span_from":-212,"span_to":42,"wikidata":"Q309272","area":51320,"src":"cliopatria","confidence":"medium"}},{"type":"Feature","geometry":{"type":"Polygon","coordinates":[[[71.9897,41.3451],[72.0398,41.3121],[72.2143,41.1149],[72.2808,41.088],[72.4226,41.088],[72.5082,41.061],[72.6961,40.9121],[72.7702,40.888],[72.9926,40.888],[73.041,40.8719],[73.052,40.8493],[73.042,40.8193],[72.9902,40.7732],[72.0042,40.234],[71.9169,40.2043],[71.2624,40.0908],[71.2002,40.0547],[71.1069,39.9214],[71.0382,39.884],[70.9368,39.8878],[70.9068,39.9203],[70.9028,39.9378],[70.9207,39.9959],[70.9016,40.0341],[70.8441,40.0629],[70.8142,40.0514],[70.7777,39.9299],[70.729,39.865],[70.6053,39.7792],[70.5184,39.75],[69.6325,39.6956],[69.5453,39.7204],[69.3552,39.8593],[69.2789,39.8914],[69.0026,39.9437],[68.9565,39.9907],[68.9528,40.0078],[68.9728,40.0728],[69.0271,40.1317],[69.2192,40.2255],[69.2651,40.2743],[69.3003,40.3857],[69.2868,40.441],[68.8698,40.9044],[68.8458,40.9777],[68.8785,41.296],[68.905,41.3399],[68.92,41.348],[68.9559,41.348],[69.004,41.3709],[69.3597,41.6411],[69.4433,41.6754],[69.7708,41.73],[69.8658,41.7117],[69.9914,41.63],[70.0693,41.6098],[71.582,41.6662],[71.6701,41.6325],[71.9048,41.3735],[71.9452,41.348],[71.9897,41.3451]]]},"properties":{"id":"territory:Great Yuan:-110","name":"Great Yuan","name_en":"Great Yuan","actor":"기타중립","valid_from":-110,"valid_to":-63,"span_from":-110,"span_to":50,"color":"#83A960","wikidata":"Q7313","area":50986,"src":"cliopatria","confidence":"medium","finish":"chaikin1cap4km+grow2km+islands+s600m","islands":0}},{"type":"Feature","geometry":{"type":"Point","coordinates":[70.616,40.765]},"properties":{"id":"territory:Great Yuan:-110:label","name":"Great Yuan","name_en":"Great Yuan","actor":"기타중립","valid_from":-110,"valid_to":-63,"span_from":-110,"span_to":50,"color":"#83A960","wikidata":"Q7313","area":50986,"src":"cliopatria","confidence":"medium"}},{"type":"Feature","geometry":{"type":"Polygon","coordinates":[[[34.7647,39.6073],[34.7526,39.5437],[34.7834,39.298],[34.7671,39.2236],[34.5096,38.8169],[34.4372,38.7748],[33.7316,38.6602],[33.6695,38.6261],[33.6188,38.5632],[33.5421,38.5361],[32.2349,38.6481],[31.8423,38.7142],[31.775,38.7576],[31.7412,38.8244],[31.6889,38.852],[31.4667,38.852],[31.4123,38.892],[31.4059,38.9077],[31.418,39.0224],[31.3992,39.0819],[31.2407,39.2782],[31.2207,39.351],[31.3532,39.9337],[31.3471,39.952],[31.32,39.952],[31.2908,39.9714],[31.2848,39.988],[31.2975,40.0299],[31.33,40.048],[31.6738,40.048],[31.6857,40.0572],[31.6994,40.0985],[31.7477,40.1229],[32.058,40.1704],[32.1162,40.2057],[32.2651,40.4565],[32.3385,40.4855],[32.7184,40.3894],[32.8041,40.3864],[33.3686,40.4891],[33.4536,40.4681],[33.5368,40.4016],[33.6106,40.3716],[34.5263,40.2537],[34.5785,40.2069],[34.5837,40.1921],[34.5626,40.0091],[34.5887,39.9582],[34.8054,39.8088],[34.8297,39.7419],[34.7647,39.6073]]]},"properties":{"id":"territory:Galatia:-239","name":"갈라티아","name_en":"Galatia","actor":"갈리아","valid_from":-239,"valid_to":-126,"span_from":-279,"span_to":-26,"wikidata":"Q26847","area":50699,"src":"cliopatria","confidence":"medium","finish":"chaikin1cap4km+grow2km+islands+s600m","islands":0}},{"type":"Feature","geometry":{"type":"Point","coordinates":[33.047,39.499]},"properties":{"id":"territory:Galatia:-239:label","name":"갈라티아","name_en":"Galatia","actor":"갈리아","valid_from":-239,"valid_to":-126,"span_from":-279,"span_to":-26,"wikidata":"Q26847","area":50699,"src":"cliopatria","confidence":"medium"}},{"type":"Feature","geometry":{"type":"MultiPolygon","coordinates":[[[[29.0998,36.6972],[29.0674,36.7308],[28.4051,36.8441],[28.3451,36.8248],[28.2289,36.688],[28.1574,36.6536],[28.07,36.652],[28.029,36.6933],[28.0264,36.7108],[28.2,37.1621],[28.2475,37.208],[28.3471,37.1947],[29.3332,36.8998],[29.3784,36.8668],[29.3874,36.818],[29.4138,36.818],[29.4257,36.8272],[29.4357,36.8661],[29.4951,36.8688],[29.5701,36.8338],[29.6114,36.7738],[29.5992,36.6366],[29.5584,36.571],[29.3763,36.4326],[29.3459,36.3789],[29.3372,36.2466],[29.3154,36.2107],[29.3,36.202],[29.2482,36.2065],[29.2282,36.224],[29.2151,36.272],[29.1875,36.272],[29.1583,36.2914],[29.1547,36.3444],[29.1782,36.381],[29.2103,36.4091],[29.2043,36.4379],[29.1271,36.5096],[29.0954,36.5787],[29.0998,36.6972]]],[[[27.215,37.1399],[27.23,37.148],[27.4025,37.148],[27.4175,37.1399],[27.4398,37.1061],[27.4412,37.0888],[27.3746,36.9485],[27.31,36.912],[27.23,36.912],[27.181,36.953],[27.1757,36.9676],[27.1885,37.096],[27.215,37.1399]]],[[[27.1493,36.9111],[27.1883,36.841],[27.1888,36.825],[27.1663,36.7762],[26.9168,36.6696],[26.8987,36.6723],[26.8795,36.6879],[26.8758,36.7117],[27.0041,36.908],[27.049,36.9442],[27.1,36.948],[27.1493,36.9111]]],[[[26.5627,37.8447],[26.58,37.858],[26.9845,37.858],[27.0381,37.8178],[27.0443,37.8024],[27.0315,37.674],[27.0242,37.6613],[26.9645,37.622],[26.6655,37.622],[26.5923,37.6698],[26.5533,37.7999],[26.5627,37.8447]]],[[[26.0376,37.5023],[26.022,37.5061],[25.9877,37.5399],[26.0484,37.6835],[26.1,37.728],[26.2725,37.728],[26.3197,37.6907],[26.3254,37.6761],[26.3204,37.6111],[26.2685,37.5569],[26.0376,37.5023]]],[[[23.3917,40.8251],[23.2202,40.3879],[23.1829,40.3475],[23.13,40.342],[23.0649,40.3635],[22.9109,40.4436],[22.8677,40.5023],[22.8687,40.5673],[22.8408,40.5825],[22.6246,40.542],[22.5851,40.5057],[22.5609,40.1431],[22.5872,40.118],[22.6718,40.1136],[22.7093,40.0811],[22.7154,40.0661],[22.7104,40.0011],[22.6848,39.9598],[22.67,39.952],[22.5655,39.9452],[22.1801,39.8903],[22.1057,39.9242],[21.9257,40.2433],[21.8681,40.272],[21.4087,40.2744],[21.3404,40.3184],[21.2975,40.4349],[21.2473,40.4786],[20.9479,40.5784],[20.9015,40.6133],[20.8926,40.662],[20.8492,40.6656],[20.822,40.695],[20.8325,40.9265],[20.9145,41.1771],[20.9689,41.2374],[21.2196,41.3817],[21.2541,41.4319],[21.26,41.5505],[21.2341,41.606],[21.145,41.6854],[21.1145,41.7571],[21.1424,42.1436],[21.1648,42.1795],[21.18,42.188],[21.2159,42.188],[21.264,42.211],[21.3656,42.2887],[21.4548,42.3237],[22.4129,42.4391],[22.4581,42.4091],[22.4661,42.3932],[22.4601,42.2794],[22.4859,42.224],[22.5681,42.1528],[22.6333,42.128],[22.7164,42.1268],[22.7877,42.0997],[23.0285,41.8924],[23.1018,41.8592],[23.4067,41.8058],[23.4841,41.7656],[23.6555,41.5649],[23.7139,41.538],[23.79,41.538],[23.8192,41.5186],[23.8254,41.5039],[23.8175,41.4901],[23.7786,41.4641],[23.7708,41.4265],[23.8136,41.3042],[23.8379,41.278],[23.87,41.278],[23.8992,41.2586],[23.9066,41.218],[24.02,41.218],[24.0518,41.196],[24.058,41.1475],[24.0514,41.1336],[24.0046,41.0965],[23.4419,40.8714],[23.3917,40.8251]]]]},"properties":{"id":"territory:Antigonid Macedonia:-197","name":"안티고노스 마케도니아","name_en":"Antigonid Macedonia","actor":"그리스계","valid_from":-197,"valid_to":-170,"span_from":-277,"span_to":-165,"wikidata":"Q237325","area":50293,"src":"cliopatria","confidence":"medium","finish":"chaikin1cap4km+grow2km+islands+s600m","islands":0}},{"type":"Feature","geometry":{"type":"Point","coordinates":[22.248,41.224]},"properties":{"id":"territory:Antigonid Macedonia:-197:label","name":"안티고노스 마케도니아","name_en":"Antigonid Macedonia","actor":"그리스계","valid_from":-197,"valid_to":-170,"span_from":-277,"span_to":-165,"wikidata":"Q237325","area":50293,"src":"cliopatria","confidence":"medium"}},{"type":"Feature","geometry":{"type":"Polygon","coordinates":[[[11.0422,35.6084],[11.098,35.5441],[11.0962,35.4181],[11.0787,35.3821],[11.0625,35.372],[11.0407,35.372],[11.0348,35.3533],[11.0913,35.0387],[11.0878,35.0246],[11.0422,34.9716],[10.9017,34.9349],[10.868,34.9002],[10.8653,34.8331],[10.8259,34.7721],[10.1242,34.2982],[10.067,34.2735],[10.02,34.272],[9.9612,34.3001],[9.4059,34.7735],[9.3608,34.8385],[9.2262,35.2171],[9.1858,35.2736],[8.9339,35.4883],[8.9125,35.5599],[8.961,35.7329],[8.9394,35.7738],[8.8699,35.8062],[8.8253,35.8656],[8.822,35.9908],[8.7993,36.0505],[8.6913,36.1787],[8.662,36.2559],[8.662,36.3841],[8.7013,36.4503],[8.8596,36.5422],[8.8796,36.5859],[8.8236,36.7615],[8.812,36.8491],[8.7545,36.9584],[8.7686,37.0399],[8.8673,37.1215],[8.9368,37.1307],[9.0245,37.0951],[9.094,37.0963],[9.554,37.3178],[9.6401,37.3242],[9.9521,37.2216],[10.0306,37.2187],[10.1831,37.2568],[10.2392,37.2295],[10.248,37.2141],[10.248,37.1006],[10.2606,37.078],[10.301,37.0742],[10.3166,37.0297],[10.2605,36.8379],[10.2833,36.8047],[10.4192,36.7692],[10.4936,36.7758],[10.9639,36.9981],[11.0176,36.9804],[11.028,36.9641],[11.028,36.8359],[10.9918,36.7677],[10.5089,36.432],[10.5009,36.4081],[10.5374,36.372],[10.5514,36.3113],[10.4852,35.9389],[10.5108,35.8952],[10.8243,35.7416],[10.8624,35.7055],[10.868,35.6671],[10.8998,35.6456],[11.0422,35.6084]]]},"properties":{"id":"territory:Carthage:-197","name":"카르타고","name_en":"Carthage","actor":"카르타고","valid_from":-197,"valid_to":-164,"span_from":-650,"span_to":-145,"wikidata":"Q2429397","area":46315,"src":"cliopatria","confidence":"medium","finish":"chaikin1cap4km+grow2km+islands+s600m","islands":0}},{"type":"Feature","geometry":{"type":"Polygon","coordinates":[[[11.0422,35.6084],[11.098,35.5441],[11.0962,35.4181],[11.0787,35.3821],[11.0625,35.372],[11.0407,35.372],[11.0348,35.3533],[11.0913,35.0387],[11.0878,35.0246],[11.0422,34.9716],[10.9017,34.9349],[10.868,34.9002],[10.8653,34.8331],[10.8259,34.7721],[10.1242,34.2982],[10.067,34.2735],[10.02,34.272],[9.9612,34.3001],[9.4059,34.7735],[9.3608,34.8385],[9.2262,35.2171],[9.1858,35.2736],[8.9339,35.4883],[8.9125,35.5599],[8.961,35.7329],[8.9394,35.7738],[8.8699,35.8062],[8.8253,35.8656],[8.822,35.9908],[8.7993,36.0505],[8.6913,36.1787],[8.662,36.2559],[8.662,36.3841],[8.7013,36.4503],[8.8596,36.5422],[8.8796,36.5859],[8.8236,36.7615],[8.812,36.8491],[8.7545,36.9584],[8.7686,37.0399],[8.8673,37.1215],[8.9368,37.1307],[9.0245,37.0951],[9.094,37.0963],[9.554,37.3178],[9.6401,37.3242],[9.9521,37.2216],[10.0306,37.2187],[10.1831,37.2568],[10.2392,37.2295],[10.248,37.2141],[10.248,37.1006],[10.2606,37.078],[10.301,37.0742],[10.3166,37.0297],[10.2605,36.8379],[10.2833,36.8047],[10.4192,36.7692],[10.4936,36.7758],[10.9639,36.9981],[11.0176,36.9804],[11.028,36.9641],[11.028,36.8359],[10.9918,36.7677],[10.5089,36.432],[10.5009,36.4081],[10.5374,36.372],[10.5514,36.3113],[10.4852,35.9389],[10.5108,35.8952],[10.8243,35.7416],[10.8624,35.7055],[10.868,35.6671],[10.8998,35.6456],[11.0422,35.6084]]]},"properties":{"id":"territory:Carthage:-164","name":"카르타고","name_en":"Carthage","actor":"카르타고","valid_from":-164,"valid_to":-144,"span_from":-650,"span_to":-145,"wikidata":"Q2429397","area":46315,"src":"cliopatria","confidence":"medium","finish":"chaikin1cap4km+grow2km+islands+s600m","islands":0}},{"type":"Feature","geometry":{"type":"Point","coordinates":[9.869,35.872]},"properties":{"id":"territory:Carthage:-197:label","name":"카르타고","name_en":"Carthage","actor":"카르타고","valid_from":-197,"valid_to":-164,"span_from":-650,"span_to":-145,"wikidata":"Q2429397","area":46315,"src":"cliopatria","confidence":"medium"}},{"type":"Feature","geometry":{"type":"Point","coordinates":[9.869,35.872]},"properties":{"id":"territory:Carthage:-164:label","name":"카르타고","name_en":"Carthage","actor":"카르타고","valid_from":-164,"valid_to":-144,"span_from":-650,"span_to":-145,"wikidata":"Q2429397","area":46315,"src":"cliopatria","confidence":"medium"}},{"type":"Feature","geometry":{"type":"Polygon","coordinates":[[[23.9066,41.218],[24.0318,41.2135],[24.058,41.1825],[24.0514,41.1336],[24.0046,41.0965],[23.4419,40.8714],[23.3917,40.8251],[23.2202,40.3879],[23.1829,40.3475],[23.13,40.342],[23.0649,40.3635],[22.9109,40.4436],[22.8677,40.5023],[22.8687,40.5673],[22.8408,40.5825],[22.6246,40.542],[22.5851,40.5057],[22.5609,40.1431],[22.5872,40.118],[22.6718,40.1136],[22.7093,40.0811],[22.7154,40.0661],[22.7104,40.0011],[22.6848,39.9598],[22.67,39.952],[22.5655,39.9452],[22.1894,39.8892],[22.1147,39.9164],[21.9257,40.2433],[21.8681,40.272],[21.4087,40.2744],[21.3404,40.3184],[21.2975,40.4349],[21.2473,40.4786],[20.9479,40.5784],[20.9015,40.6133],[20.8926,40.662],[20.8492,40.6656],[20.822,40.695],[20.8325,40.9265],[20.9145,41.1771],[20.9689,41.2374],[21.2196,41.3817],[21.2541,41.4319],[21.26,41.5505],[21.2341,41.606],[21.145,41.6854],[21.1145,41.7571],[21.1424,42.1436],[21.1648,42.1795],[21.18,42.188],[21.2159,42.188],[21.264,42.211],[21.3656,42.2887],[21.4548,42.3237],[22.4129,42.4391],[22.4581,42.4091],[22.4661,42.3932],[22.4601,42.2794],[22.4859,42.224],[22.5681,42.1528],[22.6333,42.128],[22.7164,42.1268],[22.7877,42.0997],[23.0285,41.8924],[23.1018,41.8592],[23.412,41.804],[23.4893,41.7613],[23.6555,41.5649],[23.7139,41.538],[23.8017,41.5336],[23.8254,41.5039],[23.8175,41.4901],[23.7786,41.4641],[23.7708,41.4265],[23.8136,41.3042],[23.8379,41.278],[23.87,41.278],[23.8992,41.2586],[23.9066,41.218]]]},"properties":{"id":"territory:Antigonid Macedonia:-170","name":"안티고노스 마케도니아","name_en":"Antigonid Macedonia","actor":"그리스계","valid_from":-170,"valid_to":-164,"span_from":-277,"span_to":-165,"wikidata":"Q237325","area":43431,"src":"cliopatria","confidence":"medium","finish":"chaikin1cap4km+grow2km+islands+s600m","islands":0}},{"type":"Feature","geometry":{"type":"Point","coordinates":[22.248,41.224]},"properties":{"id":"territory:Antigonid Macedonia:-170:label","name":"안티고노스 마케도니아","name_en":"Antigonid Macedonia","actor":"그리스계","valid_from":-170,"valid_to":-164,"span_from":-277,"span_to":-165,"wikidata":"Q237325","area":43431,"src":"cliopatria","confidence":"medium"}},{"type":"Feature","geometry":{"type":"Polygon","coordinates":[[[26.9248,38.0664],[26.8626,38.1075],[26.8243,38.1741],[26.7696,38.202],[26.476,38.202],[26.4156,38.2412],[26.4082,38.2538],[26.3661,38.6322],[26.375,38.6498],[26.411,38.6706],[26.4263,38.6718],[26.5063,38.6418],[26.56,38.5867],[26.5994,38.3963],[26.6415,38.368],[27.0082,38.368],[27.0465,38.3957],[27.0578,38.5084],[27.0263,38.5454],[26.8891,38.5812],[26.8454,38.6345],[26.8426,38.65],[26.9314,38.9649],[26.9265,38.982],[26.9,38.982],[26.884,38.9919],[26.8658,39.0278],[26.8699,39.1491],[26.8403,39.1933],[26.7608,39.2359],[26.7408,39.2866],[26.7416,39.3016],[26.806,39.424],[26.8255,39.5056],[26.886,39.528],[27.1903,39.528],[27.2545,39.5549],[27.3709,39.6917],[27.4451,39.7358],[27.9218,39.8473],[28.014,39.8579],[28.7964,39.8578],[28.8882,39.8451],[29.2616,39.7395],[29.3142,39.6862],[29.3369,39.0364],[29.3159,38.9916],[29.3,38.982],[29.2698,38.982],[29.2542,38.9581],[29.2274,38.6948],[29.1786,38.635],[29.0098,38.554],[28.9622,38.5056],[28.89,38.318],[28.8419,38.2536],[28.5735,38.0414],[28.4821,38.0192],[28.1866,38.0647],[28.1237,38.0449],[28.0097,37.9175],[27.9351,37.8735],[27.7738,37.833],[27.6818,37.834],[27.5391,37.8712],[27.4894,37.9202],[27.4888,37.989],[27.458,38.012],[27.22,38.012],[26.9248,38.0664]]]},"properties":{"id":"territory:Kingdom of Pergamon:-212","name":"Kingdom of Pergamon","name_en":"Kingdom of Pergamon","actor":"그리스계","valid_from":-212,"valid_to":-188,"span_from":-279,"span_to":-127,"wikidata":"Q2022162","area":38422,"src":"cliopatria","confidence":"medium","finish":"chaikin1cap4km+grow2km+islands+s600m","islands":0}},{"type":"Feature","geometry":{"type":"Point","coordinates":[28.013,38.915]},"properties":{"id":"territory:Kingdom of Pergamon:-212:label","name":"Kingdom of Pergamon","name_en":"Kingdom of Pergamon","actor":"그리스계","valid_from":-212,"valid_to":-188,"span_from":-279,"span_to":-127,"wikidata":"Q2022162","area":38422,"src":"cliopatria","confidence":"medium"}},{"type":"Feature","geometry":{"type":"Polygon","coordinates":[[[45.2667,15.928],[45.3515,15.9729],[45.4109,15.9658],[45.5559,15.876],[45.6198,15.858],[45.9796,15.858],[46.0396,15.8791],[46.1455,15.9638],[46.2173,15.988],[46.4525,15.988],[46.4702,15.973],[46.4759,15.9389],[46.4088,15.7382],[46.3664,15.6763],[46.1844,15.5265],[46.1127,15.502],[45.9037,15.502],[45.8748,15.4784],[45.8653,15.4099],[45.8168,15.3653],[45.222,15.2498],[45.1597,15.2223],[45.0602,15.1477],[44.9883,15.1229],[44.2534,15.1202],[42.8379,15.052],[42.8221,15.0607],[42.8006,15.0965],[42.7566,15.4779],[42.7404,15.502],[42.71,15.502],[42.6934,15.5131],[42.6773,15.5581],[42.7871,16.3266],[42.792,16.405],[42.8033,16.4217],[42.8473,16.438],[43.0779,16.4372],[43.1506,16.4142],[43.3677,16.2668],[43.4311,16.2441],[44.0911,16.1795],[44.1572,16.1436],[44.3177,15.9526],[44.3713,15.928],[45.2667,15.928]]]},"properties":{"id":"territory:Sabaeans:-110","name":"Sabaeans","name_en":"Sabaeans","actor":"기타중립","valid_from":-110,"valid_to":-66,"span_from":-800,"span_to":282,"color":"#609DA9","wikidata":"Q940785","area":35661,"src":"cliopatria","confidence":"medium","finish":"chaikin1cap4km+grow2km+islands+s600m","islands":0}},{"type":"Feature","geometry":{"type":"Point","coordinates":[44.184,15.644]},"properties":{"id":"territory:Sabaeans:-110:label","name":"Sabaeans","name_en":"Sabaeans","actor":"기타중립","valid_from":-110,"valid_to":-66,"span_from":-800,"span_to":282,"color":"#609DA9","wikidata":"Q940785","area":35661,"src":"cliopatria","confidence":"medium"}},{"type":"Feature","geometry":{"type":"MultiPolygon","coordinates":[[[[45.4109,15.9658],[45.5559,15.876],[45.6198,15.858],[45.9796,15.858],[46.0396,15.8791],[46.1455,15.9638],[46.2173,15.988],[46.4525,15.988],[46.4702,15.973],[46.4759,15.9389],[46.4088,15.7382],[46.3664,15.6763],[46.1844,15.5265],[46.1127,15.502],[45.9037,15.502],[45.8748,15.4784],[45.8653,15.4099],[45.8168,15.3653],[45.222,15.2498],[45.1597,15.2223],[45.0602,15.1477],[44.9827,15.122],[44.2379,15.122],[42.8582,15.0539],[42.7982,15.1037],[42.7566,15.4779],[42.7404,15.502],[42.71,15.502],[42.6934,15.5131],[42.6785,15.5487],[42.7871,16.3266],[42.792,16.405],[42.8033,16.4217],[42.8473,16.438],[43.0727,16.438],[43.1458,16.4165],[43.3677,16.2668],[43.4311,16.2441],[44.0911,16.1795],[44.1572,16.1436],[44.3177,15.9526],[44.3713,15.928],[45.2667,15.928],[45.3013,15.9409],[45.3392,15.9694],[45.4109,15.9658]]],[[[42.5455,15.2945],[42.559,15.393],[42.602,15.4465],[42.636,15.4455],[42.614,15.308],[42.5455,15.2945]]],[[[42.4714,15.7018],[42.3873,15.7062],[42.3795,15.7099],[42.3771,15.7425],[42.3884,15.7485],[42.4331,15.7241],[42.4799,15.7165],[42.4714,15.7018]]]]},"properties":{"id":"territory:Sabaeans:-350","name":"Sabaeans","name_en":"Sabaeans","actor":"기타중립","valid_from":-350,"valid_to":-110,"span_from":-800,"span_to":282,"color":"#609DA9","wikidata":"Q940785","area":35605,"src":"cliopatria","confidence":"medium","finish":"chaikin1cap4km+grow2km+islands+s600m","islands":2,"island_rule":"nearest<=40km"}},{"type":"Feature","geometry":{"type":"Point","coordinates":[44.185,15.645]},"properties":{"id":"territory:Sabaeans:-350:label","name":"Sabaeans","name_en":"Sabaeans","actor":"기타중립","valid_from":-350,"valid_to":-110,"span_from":-800,"span_to":282,"color":"#609DA9","wikidata":"Q940785","area":35605,"src":"cliopatria","confidence":"medium"}}]}