{"type":"FeatureCollection","features":[{"type":"Feature","geometry":{"type":"MultiPolygon","coordinates":[[[[2.61,34.42],[2.53,34.42],[2.53,34.49],[2.61,34.49],[2.61,34.42]]],[[[14.34,36.03],[14.42,36.03],[14.57,35.97],[14.57,35.77],[14.34,35.84],[14.34,36.03]]],[[[7.24,50.71],[7.32,50.71],[7.33,50.51],[7.76,49.91],[8.17,50.25],[8.51,50.11],[8.52,49.85],[8.43,49.85],[8.52,49.58],[8.35,49.58],[8.28,49.12],[8.11,49.05],[8.2,48.92],[7.87,48.72],[7.87,48.59],[7.71,48.46],[7.56,47.6],[8.55,47.66],[8.55,47.8],[8.88,47.8],[8.96,48.06],[9.12,48.19],[9.78,48.39],[9.86,48.52],[9.95,48.52],[9.95,48.59],[10.03,48.59],[10.03,48.52],[10.45,48.52],[10.94,48.79],[11.19,48.79],[11.86,49.18],[12.61,48.99],[12.94,48.72],[13.52,48.65],[14.26,48.26],[14.67,48.26],[14.84,48.39],[15.5,48.19],[16.66,48.32],[16.9,48.13],[17.07,48.19],[17.07,48.06],[17.63,47.8],[18.63,47.8],[18.8,47.93],[18.96,47.8],[18.95,47.66],[19.27,47.47],[19.17,47.2],[18.92,47.14],[19.0,47.01],[18.83,47.01],[18.82,46.81],[18.91,46.81],[18.9,46.61],[19.05,46.41],[18.95,46.09],[18.87,46.09],[18.95,46.02],[18.85,45.76],[19.01,45.63],[18.93,45.56],[19.0,45.37],[20.22,45.37],[20.37,45.17],[20.61,45.1],[20.52,44.97],[20.67,44.78],[21.41,44.91],[21.64,44.71],[21.88,44.71],[22.03,44.52],[22.19,44.52],[22.37,44.71],[22.69,44.71],[22.77,44.58],[22.52,44.52],[22.51,44.39],[22.98,44.12],[22.88,43.86],[23.53,43.93],[23.92,43.86],[24.08,43.73],[24.81,43.8],[25.52,43.67],[26.37,44.12],[27.42,44.12],[27.92,44.32],[27.87,44.58],[27.71,44.58],[27.73,44.78],[27.89,44.78],[27.92,45.1],[27.77,45.17],[27.79,45.37],[28.04,45.43],[28.05,45.56],[28.29,45.5],[28.27,45.37],[28.43,45.3],[28.76,45.3],[29.18,45.5],[29.67,45.43],[29.53,44.91],[29.02,44.78],[29.05,44.97],[28.8,44.97],[28.84,44.58],[28.58,44.39],[28.54,43.99],[28.62,43.99],[28.48,43.47],[28.16,43.47],[28.23,43.34],[27.9,43.28],[27.8,43.15],[27.85,42.76],[27.51,42.63],[27.49,42.43],[27.8,42.24],[27.78,42.11],[28.0,41.91],[27.98,41.65],[28.22,41.65],[28.28,41.46],[28.51,41.33],[28.98,41.26],[28.96,41.13],[30.48,41.2],[30.62,41.07],[31.18,41.07],[31.53,41.39],[32.03,41.52],[32.04,41.65],[32.19,41.59],[32.69,41.78],[32.63,41.91],[34.78,41.91],[34.88,42.04],[35.12,42.04],[35.09,41.78],[35.31,41.65],[35.95,41.72],[36.21,41.26],[36.92,41.26],[36.92,41.2],[36.9,41.07],[36.47,40.87],[36.41,41.0],[36.09,40.94],[35.18,41.33],[34.85,41.2],[34.58,40.94],[34.56,40.81],[34.79,40.74],[34.5,40.36],[34.54,39.97],[34.83,39.77],[35.29,39.71],[35.36,39.58],[37.48,39.51],[38.17,39.38],[38.23,39.26],[38.75,39.06],[38.74,39.0],[38.74,38.93],[38.73,38.87],[38.36,38.48],[38.32,38.16],[38.46,38.03],[38.43,37.77],[37.99,37.38],[37.96,37.13],[38.18,37.0],[38.13,35.97],[38.43,35.84],[39.5,35.71],[39.94,35.52],[40.06,35.26],[40.28,35.13],[40.26,35.0],[40.48,34.87],[40.55,34.16],[40.47,34.16],[40.31,34.1],[40.4,34.23],[40.26,34.29],[39.12,34.49],[37.99,33.97],[37.74,33.78],[37.73,33.65],[37.57,33.65],[37.07,33.26],[37.05,33.07],[36.9,33.07],[36.72,32.75],[36.75,32.3],[36.52,32.24],[36.66,32.11],[36.49,31.98],[36.46,31.66],[36.39,31.66],[36.42,31.21],[36.27,31.21],[36.4,30.95],[36.15,30.69],[36.15,30.63],[35.84,30.63],[35.59,30.37],[34.39,30.5],[34.3,30.37],[33.15,30.18],[32.6,29.92],[32.53,29.92],[32.43,29.6],[32.64,29.34],[32.69,28.96],[32.84,28.89],[33.11,28.38],[33.61,27.99],[33.59,27.61],[33.8,27.42],[33.93,27.03],[34.07,26.97],[34.05,26.58],[34.2,26.52],[34.46,25.87],[34.61,25.81],[35.15,24.65],[35.86,24.01],[35.85,23.88],[35.56,23.94],[35.55,23.81],[35.11,23.88],[33.76,23.69],[33.68,23.69],[33.39,23.81],[32.04,23.69],[31.67,23.75],[30.54,23.36],[30.46,23.36],[30.4,23.56],[30.1,23.75],[30.11,23.88],[29.96,23.88],[29.67,24.2],[28.57,24.65],[28.29,25.16],[28.24,25.94],[28.35,26.58],[28.27,26.58],[28.15,27.35],[27.94,27.54],[27.71,27.54],[27.79,27.67],[27.43,27.99],[27.28,27.93],[27.29,28.12],[27.14,28.25],[25.59,28.96],[25.37,29.28],[25.15,29.28],[25.0,29.41],[24.85,29.34],[24.78,29.54],[24.33,29.67],[23.96,29.92],[23.51,29.99],[22.92,30.31],[22.76,30.24],[22.77,30.37],[21.94,30.56],[20.95,30.56],[18.73,29.99],[17.91,30.18],[16.7,30.69],[15.49,30.95],[15.18,30.89],[15.19,31.08],[14.58,31.53],[14.59,31.66],[14.28,31.91],[13.6,32.17],[13.07,32.17],[13.07,32.3],[11.77,32.3],[11.77,32.43],[11.54,32.43],[11.46,32.56],[11.31,32.49],[11.16,32.69],[10.39,33.01],[10.01,33.01],[10.08,33.14],[9.63,33.14],[9.55,33.33],[9.62,33.46],[9.32,33.59],[9.24,33.84],[9.08,33.91],[9.08,34.04],[8.93,34.04],[8.93,34.16],[8.31,34.29],[8.08,34.23],[8.0,34.42],[7.61,34.55],[7.15,34.49],[6.92,34.61],[6.46,34.55],[6.15,34.68],[5.38,34.68],[5.15,34.55],[4.45,34.61],[3.84,34.42],[3.46,34.49],[2.92,34.36],[2.45,34.61],[1.29,34.61],[0.68,34.42],[0.45,34.49],[0.3,34.36],[-1.24,34.36],[-1.31,34.16],[-1.54,34.23],[-1.61,34.1],[-1.69,34.23],[-2.0,34.23],[-3.76,34.1],[-4.14,33.97],[-4.21,33.84],[-4.37,33.91],[-5.04,33.59],[-5.27,33.65],[-5.8,33.46],[-6.03,33.52],[-6.63,33.33],[-6.7,33.2],[-6.94,33.26],[-7.53,32.94],[-8.06,32.94],[-8.15,33.14],[-8.47,33.26],[-8.4,33.39],[-7.13,33.84],[-7.06,33.97],[-6.9,33.91],[-6.61,34.16],[-6.7,34.29],[-6.47,34.36],[-6.48,34.49],[-6.33,34.55],[-6.28,34.87],[-6.2,34.87],[-6.29,35.07],[-6.13,35.0],[-6.15,35.19],[-6.0,35.32],[-5.88,35.77],[-5.34,35.84],[-5.24,35.52],[-4.75,35.19],[-3.13,35.19],[-2.98,35.26],[-2.99,35.45],[-2.84,35.45],[-2.82,35.13],[-2.66,35.07],[-1.89,35.07],[-1.59,35.26],[-1.36,35.26],[-1.14,35.45],[-1.22,35.64],[-1.07,35.58],[-0.92,35.71],[-0.53,35.71],[-0.46,35.84],[0.08,35.84],[0.38,36.22],[0.68,36.29],[0.68,36.42],[0.91,36.35],[1.22,36.55],[1.53,36.48],[2.38,36.67],[2.69,36.61],[2.84,36.74],[3.23,36.74],[3.46,36.87],[3.85,36.8],[4.24,36.93],[4.86,36.87],[5.1,36.67],[5.56,36.67],[5.64,36.8],[6.11,36.8],[6.1,36.93],[6.33,37.06],[6.8,36.87],[7.19,36.87],[7.35,37.06],[7.5,37.06],[7.74,36.87],[8.52,36.87],[8.9,37.13],[9.06,37.06],[9.37,37.25],[9.76,37.32],[9.99,37.19],[10.23,37.25],[10.23,37.06],[10.31,37.06],[10.23,36.8],[10.46,36.74],[11.01,37.0],[11.01,36.8],[10.46,36.42],[10.54,36.35],[10.46,35.9],[10.7,35.71],[10.85,35.77],[10.93,35.58],[11.08,35.58],[11.08,35.39],[11.01,35.39],[11.08,35.0],[10.85,34.94],[10.85,34.81],[10.54,34.55],[10.0,34.29],[10.08,34.23],[10.01,33.91],[10.24,33.71],[10.54,33.71],[10.7,33.52],[11.08,33.59],[11.16,33.2],[11.46,33.2],[12.23,32.81],[12.61,32.88],[12.53,32.75],[12.84,32.75],[12.84,32.88],[13.3,32.94],[13.45,32.81],[13.76,32.88],[13.76,32.75],[14.07,32.75],[14.44,32.49],[14.67,32.56],[14.75,32.43],[15.06,32.43],[15.28,32.3],[15.42,31.66],[15.58,31.59],[15.65,31.4],[16.18,31.21],[16.86,31.21],[17.85,30.95],[18.22,30.76],[18.59,30.37],[18.9,30.37],[18.97,30.24],[19.66,30.37],[19.96,30.56],[19.97,30.69],[20.2,30.89],[20.13,31.14],[20.21,31.27],[20.0,31.59],[20.09,32.11],[20.02,32.24],[20.25,32.24],[20.33,32.49],[20.48,32.43],[20.56,32.56],[20.72,32.56],[20.64,32.69],[20.87,32.62],[21.11,32.81],[21.41,32.75],[21.88,32.94],[23.09,32.62],[23.08,32.43],[23.23,32.36],[23.15,32.24],[23.3,32.17],[23.68,32.17],[24.13,31.98],[24.89,31.98],[25.11,31.79],[25.1,31.59],[25.25,31.46],[26.85,31.46],[27.3,31.34],[27.51,31.14],[28.5,31.01],[28.87,30.82],[29.4,30.82],[29.49,31.01],[29.63,30.95],[29.87,31.08],[29.8,31.21],[29.88,31.27],[30.34,31.27],[30.27,31.4],[30.35,31.46],[30.81,31.46],[30.97,31.53],[30.97,31.66],[31.2,31.66],[31.12,31.53],[31.27,31.46],[31.88,31.46],[31.78,31.21],[31.94,31.27],[32.0,31.08],[32.3,31.08],[32.24,31.21],[32.39,31.21],[32.53,31.08],[32.77,31.14],[32.83,31.01],[33.98,31.14],[34.3,31.27],[34.31,31.4],[34.55,31.53],[34.64,31.72],[34.57,31.85],[34.81,31.98],[34.77,32.36],[35.02,32.62],[35.06,33.01],[35.22,33.07],[35.4,33.39],[35.35,33.65],[35.5,33.65],[35.45,33.91],[35.68,33.97],[35.64,34.36],[35.79,34.29],[36.05,34.55],[36.07,34.74],[35.93,34.87],[35.96,35.19],[35.88,35.19],[35.99,35.52],[35.84,35.58],[35.99,36.22],[35.84,36.29],[36.26,36.61],[36.29,36.8],[36.14,36.93],[35.83,36.93],[35.49,36.61],[35.11,36.74],[34.95,36.67],[34.89,36.87],[34.58,36.87],[34.25,36.67],[33.98,36.29],[33.27,36.22],[32.71,36.03],[32.56,36.03],[32.5,36.22],[32.07,36.61],[31.09,36.93],[30.62,36.93],[30.49,36.35],[30.03,36.35],[29.94,36.22],[29.24,36.22],[29.12,36.74],[28.74,36.74],[28.59,36.87],[28.36,36.87],[28.19,36.67],[28.03,36.67],[28.14,37.06],[28.07,37.13],[27.6,37.13],[27.54,37.38],[27.22,37.32],[27.31,37.45],[27.16,37.58],[27.26,37.77],[27.18,37.77],[27.28,38.03],[26.89,38.09],[26.82,38.22],[26.43,38.22],[26.38,38.67],[26.54,38.61],[26.59,38.35],[27.06,38.35],[27.08,38.55],[26.85,38.61],[26.96,39.0],[26.88,39.0],[26.89,39.19],[26.74,39.26],[26.85,39.58],[26.13,39.51],[26.27,40.29],[26.6,40.48],[26.68,40.48],[26.67,40.36],[27.47,40.42],[27.54,40.29],[27.7,40.29],[27.79,40.48],[27.95,40.48],[27.94,40.36],[29.05,40.36],[28.9,40.48],[28.91,40.61],[29.48,40.74],[29.49,40.87],[29.25,40.81],[29.1,40.94],[29.12,41.07],[28.63,41.0],[28.17,41.13],[28.08,41.0],[27.53,41.07],[27.02,40.68],[26.92,40.48],[26.63,40.74],[26.14,40.61],[26.08,40.87],[25.38,41.0],[24.35,41.0],[24.01,40.74],[23.7,40.81],[23.68,40.61],[23.84,40.55],[23.74,40.23],[23.27,40.29],[22.88,40.48],[22.89,40.61],[22.65,40.61],[22.56,40.36],[22.54,40.1],[22.7,40.1],[22.61,39.9],[23.14,39.45],[22.82,39.38],[22.8,39.06],[23.12,39.13],[23.11,39.0],[23.34,39.0],[23.49,38.87],[23.33,38.8],[23.03,38.93],[22.94,38.74],[23.17,38.67],[23.31,38.48],[23.63,38.48],[23.56,38.74],[24.03,38.67],[24.18,38.55],[24.16,38.22],[24.0,38.22],[23.98,37.84],[23.44,38.03],[23.21,38.03],[23.2,37.9],[23.04,37.9],[23.11,37.64],[23.34,37.64],[23.4,37.32],[23.17,37.32],[23.18,37.45],[22.95,37.58],[22.71,37.58],[22.7,37.32],[22.85,37.25],[23.06,36.67],[22.83,36.87],[22.6,36.87],[22.51,36.67],[22.36,36.67],[22.22,37.06],[21.91,37.06],[21.9,36.87],[21.74,36.87],[21.68,37.19],[21.6,37.19],[21.7,37.51],[21.24,37.84],[21.42,38.16],[21.73,38.16],[21.74,38.35],[21.19,38.42],[20.97,38.74],[20.74,38.8],[20.91,39.06],[20.3,39.38],[20.15,39.71],[19.91,39.58],[19.76,39.64],[19.76,39.77],[20.0,39.77],[20.01,39.97],[19.63,40.29],[19.47,40.29],[19.49,40.61],[19.25,40.61],[19.25,40.74],[19.5,40.87],[19.44,41.26],[19.52,41.39],[19.44,41.39],[19.53,41.52],[19.45,41.52],[19.54,41.78],[18.85,42.37],[18.14,42.63],[17.99,42.82],[17.59,42.89],[17.51,42.76],[17.52,42.95],[17.36,42.95],[17.37,43.21],[17.12,43.15],[17.05,43.41],[16.73,43.34],[16.73,43.54],[16.58,43.6],[15.93,43.47],[16.01,43.6],[15.86,43.8],[15.7,43.8],[15.62,43.93],[15.37,43.86],[15.46,43.99],[15.22,44.06],[15.15,44.39],[14.91,44.58],[14.92,44.97],[14.52,45.1],[14.6,45.37],[14.2,45.37],[14.19,45.04],[13.95,45.04],[13.94,44.91],[13.78,44.91],[13.71,45.24],[13.54,45.3],[13.55,45.5],[13.71,45.5],[13.71,45.76],[13.39,45.82],[13.14,45.82],[13.06,45.63],[12.82,45.69],[12.65,45.56],[12.16,45.5],[12.16,45.17],[12.4,45.04],[12.4,44.78],[12.16,44.84],[12.15,44.45],[12.31,44.19],[12.87,43.8],[13.04,43.86],[13.03,43.73],[13.36,43.67],[13.67,43.41],[13.75,43.08],[13.99,42.95],[13.9,42.76],[14.06,42.5],[14.37,42.24],[14.53,42.24],[14.61,42.11],[14.77,42.17],[14.77,42.04],[14.92,41.98],[15.17,42.04],[15.24,41.91],[16.12,41.91],[16.11,41.78],[15.87,41.72],[15.94,41.39],[17.2,41.0],[17.51,40.74],[17.98,40.61],[18.44,40.16],[18.35,39.9],[18.11,39.9],[17.81,40.36],[17.42,40.36],[17.35,40.55],[17.03,40.55],[16.87,40.48],[16.95,40.42],[16.86,40.29],[16.62,40.29],[16.7,40.1],[16.46,39.97],[16.45,39.64],[16.92,39.51],[17.07,39.38],[17.14,39.06],[16.5,38.8],[16.49,38.42],[15.93,37.96],[15.7,37.96],[15.62,38.16],[15.39,38.16],[15.07,37.64],[15.06,37.25],[15.21,37.19],[15.05,36.74],[14.66,36.74],[14.28,37.13],[13.58,37.25],[13.19,37.58],[12.49,37.71],[12.49,37.9],[12.65,38.09],[13.04,38.03],[13.12,38.16],[13.35,38.16],[13.67,37.96],[14.06,37.96],[15.86,38.29],[15.95,38.67],[16.27,38.74],[16.27,38.93],[16.12,39.06],[15.9,39.77],[15.67,39.9],[15.75,40.03],[15.43,40.03],[15.2,40.23],[15.04,40.23],[14.89,40.68],[14.42,40.68],[14.42,40.87],[14.1,40.87],[13.95,41.13],[13.79,41.13],[13.71,41.26],[13.0,41.33],[12.92,41.46],[12.6,41.52],[12.13,41.91],[12.13,42.04],[11.81,42.11],[11.65,42.37],[11.49,42.3],[11.42,42.43],[11.26,42.43],[11.18,42.63],[11.02,42.63],[11.02,42.82],[10.54,43.08],[10.21,43.99],[9.89,43.99],[9.97,44.12],[9.73,44.12],[9.16,44.45],[8.43,44.39],[8.03,43.93],[7.15,43.73],[6.99,43.54],[6.67,43.47],[6.52,43.21],[6.28,43.15],[5.8,43.15],[5.63,43.28],[5.39,43.28],[5.39,43.41],[5.06,43.47],[4.18,43.47],[4.17,43.6],[3.85,43.6],[3.62,43.41],[3.14,43.28],[2.98,43.15],[3.01,42.56],[3.18,42.37],[3.12,41.91],[2.57,41.59],[2.33,41.59],[2.11,41.33],[1.24,41.2],[0.7,40.94],[0.71,40.68],[0.25,40.42],[0.18,40.16],[-0.13,40.03],[-0.35,39.71],[-0.31,39.13],[0.1,38.74],[-0.66,38.29],[-0.8,38.03],[-0.7,37.64],[-1.71,37.45],[-1.62,37.32],[-1.86,37.32],[-2.06,36.8],[-2.53,36.87],[-2.68,36.74],[-4.47,36.74],[-4.69,36.55],[-5.23,36.48],[-5.29,36.22],[-5.66,36.03],[-5.83,36.22],[-6.06,36.22],[-6.33,36.67],[-6.35,36.93],[-6.59,37.0],[-6.84,37.25],[-7.47,37.25],[-7.45,37.13],[-7.68,37.0],[-8.7,37.13],[-9.0,37.0],[-8.9,37.58],[-8.82,37.58],[-8.82,38.48],[-9.21,38.42],[-9.23,38.67],[-9.38,38.61],[-9.55,38.74],[-9.57,38.93],[-9.43,39.06],[-9.39,39.45],[-9.16,39.51],[-9.1,39.77],[-9.03,39.77],[-8.93,40.36],[-8.85,40.36],[-8.87,40.61],[-8.73,40.74],[-8.96,42.17],[-8.66,42.37],[-9.08,42.56],[-9.1,42.76],[-9.28,42.89],[-9.3,43.15],[-9.16,43.28],[-8.85,43.41],[-8.37,43.41],[-8.39,43.6],[-8.24,43.73],[-7.28,43.73],[-7.34,43.6],[-7.18,43.54],[-5.73,43.6],[-4.99,43.41],[-3.47,43.47],[-3.3,43.34],[-1.69,43.34],[-1.39,43.67],[-1.35,44.25],[-1.27,44.25],[-1.29,44.52],[-1.21,44.52],[-1.25,45.17],[-1.17,45.17],[-1.19,45.43],[-1.03,45.5],[-1.05,45.69],[-1.21,45.76],[-1.14,45.89],[-1.22,45.89],[-1.25,46.28],[-1.67,46.35],[-2.01,46.61],[-2.02,46.74],[-2.19,46.81],[-2.14,47.14],[-2.23,47.27],[-2.56,47.27],[-2.58,47.47],[-2.83,47.47],[-2.84,47.6],[-3.16,47.47],[-3.34,47.73],[-3.76,47.73],[-3.93,47.86],[-4.42,47.8],[-4.69,47.99],[-4.71,48.13],[-4.55,48.19],[-4.64,48.32],[-4.89,48.32],[-4.91,48.52],[-4.6,48.72],[-3.85,48.72],[-3.46,48.92],[-3.12,48.92],[-2.76,48.59],[-2.52,48.72],[-1.6,48.65],[-1.72,49.05],[-1.64,49.05],[-1.65,49.25],[-1.91,49.38],[-2.03,49.78],[-1.36,49.78],[-1.25,49.45],[0.01,49.38],[-0.01,49.65],[0.22,49.85],[1.05,49.98],[1.45,50.25],[1.42,50.71],[1.66,51.05],[2.58,51.18],[2.74,51.31],[3.41,51.45],[3.4,51.65],[3.74,51.65],[3.65,51.78],[3.98,51.92],[4.06,52.12],[4.23,51.98],[4.57,51.98],[5.25,52.12],[5.93,51.98],[6.37,51.65],[6.54,51.65],[6.54,51.58],[6.89,51.38],[7.06,50.98],[7.32,50.91],[7.24,50.71]]],[[[20.33,38.35],[20.49,38.42],[20.57,38.42],[20.8,38.29],[20.79,38.09],[20.32,38.16],[20.33,38.35]]],[[[1.27,38.8],[1.18,39.06],[1.26,39.13],[1.34,39.13],[1.65,39.13],[1.66,39.0],[1.43,38.8],[1.27,38.8]]],[[[20.07,39.58],[20.07,39.64],[20.15,39.64],[20.15,39.58],[20.07,39.58]]],[[[3.3,39.32],[2.82,39.32],[2.66,39.51],[2.35,39.45],[2.34,39.64],[2.88,39.97],[2.96,39.97],[3.19,39.97],[3.2,39.84],[3.52,39.77],[3.3,39.32]]],[[[3.82,40.1],[4.22,40.1],[4.3,39.84],[3.83,39.9],[3.74,40.1],[3.82,40.1]]],[[[9.75,39.64],[9.67,39.64],[9.59,39.13],[9.12,39.19],[8.97,38.87],[8.73,38.87],[8.34,39.0],[8.41,39.26],[8.33,39.26],[8.33,39.51],[8.41,39.51],[8.48,39.9],[8.32,39.97],[8.4,40.29],[8.32,40.29],[8.32,40.48],[8.16,40.55],[8.15,40.94],[8.55,40.87],[9.02,41.26],[9.1,41.26],[9.5,41.2],[9.82,40.74],[9.82,40.36],[9.67,40.29],[9.75,39.64]]],[[[9.58,41.98],[9.5,41.98],[9.5,41.78],[9.26,41.39],[9.1,41.33],[8.78,41.52],[8.78,41.72],[8.62,41.72],[8.7,41.91],[8.54,42.11],[8.53,42.5],[8.77,42.69],[9.17,42.76],[9.25,43.02],[9.33,43.02],[9.49,43.02],[9.49,42.76],[9.57,42.76],[9.58,41.98]]],[[[10.13,42.89],[10.21,42.89],[10.46,42.89],[10.46,42.69],[10.21,42.69],[10.13,42.89]]],[[[14.27,44.97],[14.35,44.97],[14.51,44.91],[14.5,44.52],[14.26,44.58],[14.27,44.97]]],[[[19.09,45.5],[19.0,45.5],[19.01,45.56],[19.09,45.56],[19.09,45.5]]],[[[19.17,47.07],[19.08,47.07],[19.09,47.14],[19.17,47.14],[19.17,47.07]]],[[[16.99,48.19],[16.91,48.19],[16.91,48.26],[16.99,48.26],[16.99,48.19]]],[[[16.91,48.26],[16.83,48.26],[16.83,48.32],[16.91,48.32],[16.91,48.26]]],[[[6.19,51.85],[6.19,51.92],[6.28,51.92],[6.28,51.85],[6.19,51.85]]],[[[0.17,52.86],[0.34,52.86],[0.35,52.72],[0.26,52.72],[0.29,52.32],[-0.2,52.05],[0.02,51.51],[0.11,51.38],[1.21,51.45],[1.38,51.38],[1.31,51.11],[0.49,50.78],[-1.37,50.85],[-1.11,50.78],[-1.18,50.58],[-1.51,50.58],[-1.52,50.71],[-2.61,50.58],[-2.79,50.71],[-3.13,50.71],[-3.46,50.65],[-3.58,50.25],[-4.09,50.25],[-4.19,50.38],[-4.35,50.38],[-4.93,50.25],[-5.15,49.98],[-5.75,50.05],[-5.77,50.25],[-5.28,50.38],[-5.13,50.58],[-4.88,50.58],[-4.82,50.78],[-4.66,50.85],[-4.68,51.05],[-4.43,51.05],[-4.2,51.31],[-3.09,51.25],[-2.96,51.58],[-2.63,51.71],[-2.74,51.92],[-2.58,52.05],[-2.53,52.38],[-3.05,52.52],[-3.15,52.65],[-3.32,52.65],[-3.43,52.86],[-3.69,52.86],[-3.7,52.99],[-3.88,53.06],[-4.48,53.06],[-4.5,53.19],[-4.67,53.19],[-4.7,53.46],[-4.27,53.46],[-4.08,53.26],[-3.15,53.46],[-3.12,54.0],[-2.96,54.07],[-2.89,54.27],[-2.72,54.27],[-2.48,54.48],[-2.62,54.95],[-2.54,55.02],[-1.52,55.29],[-1.49,54.95],[-1.4,54.95],[-1.29,54.68],[-0.67,54.61],[-0.39,54.41],[0.02,53.66],[0.02,53.6],[0.3,53.39],[0.32,53.12],[0.07,52.99],[0.17,52.86]]],[[[34.09,35.0],[33.7,34.94],[33.52,34.74],[33.13,34.68],[33.04,34.55],[32.37,34.74],[32.23,34.94],[32.25,35.13],[32.55,35.13],[32.88,35.26],[32.89,35.39],[33.74,35.39],[34.31,35.71],[34.39,35.71],[34.54,35.71],[34.53,35.58],[33.96,35.26],[34.09,35.0]]],[[[24.15,35.39],[24.3,35.32],[25.69,35.32],[25.68,35.13],[26.23,35.19],[26.14,35.07],[24.82,35.0],[24.76,35.19],[24.53,35.19],[24.45,35.19],[23.68,35.26],[23.62,35.52],[24.16,35.52],[24.15,35.39]]],[[[27.69,36.29],[28.02,36.48],[28.09,36.48],[28.25,36.48],[28.14,36.03],[27.74,35.9],[27.69,36.29]]],[[[22.89,36.42],[22.96,36.42],[23.12,36.35],[23.11,36.16],[22.87,36.16],[22.89,36.42]]],[[[27.12,36.93],[27.19,36.8],[26.87,36.67],[27.04,36.93],[27.12,36.93]]],[[[25.34,37.13],[25.42,37.13],[25.57,37.13],[25.56,37.0],[25.33,37.0],[25.34,37.13]]],[[[24.36,37.71],[24.43,37.58],[24.27,37.51],[24.2,37.64],[24.28,37.71],[24.36,37.71]]],[[[24.99,37.71],[25.06,37.71],[25.22,37.71],[25.29,37.51],[25.05,37.51],[24.99,37.71]]],[[[26.08,37.71],[26.16,37.71],[26.31,37.71],[26.3,37.58],[25.99,37.51],[26.08,37.71]]],[[[20.62,37.9],[20.7,37.9],[20.93,37.9],[20.92,37.64],[20.61,37.71],[20.62,37.9]]],[[[24.77,38.03],[25.07,37.77],[24.83,37.71],[24.68,37.84],[24.69,38.03],[24.77,38.03]]],[[[25.82,38.48],[25.91,38.67],[25.99,38.67],[26.22,38.55],[26.11,38.16],[25.88,38.16],[25.9,38.48],[25.82,38.48]]],[[[23.57,38.8],[23.56,38.74],[23.48,38.74],[23.49,38.8],[23.57,38.8]]],[[[24.36,39.0],[24.44,39.0],[24.67,38.93],[24.66,38.74],[24.36,38.87],[24.36,39.0]]],[[[26.09,39.0],[26.1,39.13],[25.79,39.19],[26.04,39.38],[26.12,39.38],[26.51,39.32],[26.64,39.0],[26.25,38.93],[26.09,39.0]]],[[[46.26,40.16],[46.48,40.1],[46.46,39.97],[46.77,39.97],[47.07,39.84],[47.12,39.71],[48.15,39.71],[48.22,39.71],[48.67,39.58],[48.81,39.45],[48.78,39.32],[48.93,39.26],[48.74,38.67],[48.82,38.67],[48.81,38.16],[48.8,38.09],[48.33,38.09],[47.25,38.67],[46.12,38.48],[45.85,38.29],[45.63,37.9],[45.22,37.77],[45.17,37.45],[45.25,37.45],[45.29,37.19],[45.45,37.19],[45.25,36.93],[44.8,37.06],[44.77,37.38],[44.64,37.51],[43.94,37.58],[43.89,37.71],[42.88,37.77],[42.51,37.9],[42.03,37.84],[41.97,37.96],[41.67,38.03],[40.57,38.03],[40.55,38.42],[40.47,38.42],[40.66,39.19],[40.51,39.26],[40.48,39.58],[39.85,39.58],[39.75,39.45],[39.21,39.51],[38.95,39.38],[38.74,39.58],[38.93,39.77],[38.79,39.9],[40.23,40.03],[40.49,40.16],[40.51,40.29],[40.75,40.36],[40.77,40.48],[41.45,40.74],[41.53,41.26],[42.25,41.26],[42.36,41.46],[42.62,41.59],[42.86,41.59],[43.34,41.13],[43.98,41.13],[44.24,41.26],[44.95,41.26],[45.03,41.26],[45.6,40.87],[45.46,40.55],[45.59,40.42],[46.2,40.29],[46.26,40.16]]],[[[25.15,40.03],[25.46,40.03],[25.45,39.84],[24.97,39.84],[25.07,40.03],[25.15,40.03]]]]},"properties":{"id":"territory:Roman Empire:60","name":"Roman Empire","actor":"로마","valid_from":60,"valid_to":68,"wikidata":"Q12544","area":4303691,"src":"cliopatria","confidence":"medium"}},{"type":"Feature","geometry":{"type":"MultiPolygon","coordinates":[[[[2.61,34.42],[2.53,34.42],[2.53,34.49],[2.61,34.49],[2.61,34.42]]],[[[14.34,36.03],[14.42,36.03],[14.57,35.97],[14.57,35.77],[14.34,35.84],[14.34,36.03]]],[[[7.24,50.71],[7.41,50.65],[7.41,50.51],[7.66,50.58],[7.75,50.25],[7.92,50.25],[8.17,50.58],[8.76,50.58],[8.68,50.05],[8.77,50.05],[8.77,49.78],[8.94,49.85],[8.94,49.71],[8.85,49.71],[8.86,49.52],[9.02,49.58],[8.94,49.25],[9.28,48.92],[9.45,48.52],[10.45,48.52],[10.94,48.79],[11.36,48.85],[11.69,49.12],[12.11,49.18],[12.61,48.99],[12.77,48.79],[13.52,48.65],[14.26,48.26],[14.67,48.26],[14.84,48.39],[15.5,48.19],[16.66,48.32],[16.9,48.13],[17.07,48.19],[17.07,48.06],[17.63,47.8],[18.63,47.8],[18.8,47.93],[18.96,47.8],[18.95,47.66],[19.27,47.47],[19.17,47.2],[18.92,47.14],[19.0,47.01],[18.83,47.01],[18.82,46.81],[18.91,46.81],[18.9,46.61],[19.05,46.41],[18.95,46.09],[18.87,46.09],[18.95,46.02],[18.85,45.76],[19.01,45.63],[18.93,45.56],[19.0,45.37],[20.22,45.37],[20.37,45.17],[20.61,45.1],[20.52,44.97],[20.67,44.78],[21.41,44.91],[21.64,44.71],[21.88,44.71],[22.03,44.52],[22.19,44.52],[22.37,44.71],[22.69,44.71],[22.77,44.58],[22.52,44.52],[22.51,44.39],[22.98,44.12],[22.88,43.86],[23.53,43.93],[23.92,43.86],[24.08,43.73],[24.81,43.8],[25.52,43.67],[26.37,44.12],[27.75,44.19],[27.93,44.39],[27.85,44.39],[27.87,44.58],[27.71,44.58],[27.73,44.78],[27.89,44.78],[27.92,45.1],[27.77,45.17],[27.79,45.37],[28.04,45.43],[28.05,45.56],[28.29,45.5],[28.27,45.37],[28.43,45.3],[29.18,45.43],[29.29,45.69],[29.82,46.02],[30.11,46.41],[30.98,46.81],[31.08,47.01],[31.57,46.94],[31.53,46.68],[30.88,46.68],[30.3,45.96],[30.04,45.89],[29.86,45.69],[29.61,45.69],[29.58,45.43],[29.67,45.43],[29.53,44.91],[29.02,44.78],[29.05,44.97],[28.8,44.97],[28.84,44.58],[28.58,44.39],[28.54,43.99],[28.62,43.99],[28.48,43.47],[28.16,43.47],[28.23,43.34],[27.9,43.28],[27.8,43.15],[27.85,42.76],[27.51,42.63],[27.49,42.43],[27.8,42.24],[27.78,42.11],[28.0,41.91],[27.98,41.65],[28.22,41.65],[28.28,41.46],[28.51,41.33],[28.98,41.26],[28.96,41.13],[30.48,41.2],[30.62,41.07],[31.18,41.07],[31.53,41.39],[32.03,41.52],[32.04,41.65],[32.19,41.59],[32.69,41.78],[32.63,41.91],[34.78,41.91],[34.88,42.04],[35.12,42.04],[35.16,41.72],[35.95,41.72],[36.21,41.26],[36.77,41.33],[37.07,41.13],[37.23,41.2],[37.21,41.07],[37.77,41.07],[37.83,40.94],[38.16,41.0],[38.3,40.87],[38.78,40.94],[39.05,41.13],[39.74,40.94],[40.37,40.94],[40.39,41.07],[40.54,41.0],[41.05,41.2],[41.16,41.39],[41.31,41.33],[41.41,41.46],[41.57,41.46],[41.82,41.98],[41.74,41.98],[41.76,42.11],[41.6,42.11],[41.7,42.24],[41.48,42.37],[41.61,42.63],[41.33,42.89],[41.17,42.89],[41.12,43.02],[40.82,43.15],[40.42,43.15],[40.22,43.41],[39.98,43.41],[40.08,43.54],[40.16,43.54],[40.6,43.28],[41.0,43.28],[41.21,43.08],[41.67,42.95],[41.8,42.82],[41.78,42.69],[42.0,42.56],[42.01,41.72],[41.7,41.33],[41.63,41.33],[41.61,41.26],[41.53,41.26],[41.45,40.74],[40.95,40.61],[40.4,40.1],[38.79,39.9],[38.93,39.77],[38.74,39.58],[38.95,39.38],[38.73,38.87],[38.96,38.87],[39.25,38.67],[39.23,38.55],[39.51,38.29],[39.42,38.16],[39.46,37.9],[39.12,37.71],[38.35,37.77],[38.33,37.64],[37.99,37.38],[37.96,37.13],[38.18,37.0],[38.13,35.97],[38.43,35.84],[39.5,35.71],[39.94,35.52],[40.06,35.26],[40.28,35.13],[40.26,35.0],[40.48,34.87],[40.55,34.16],[40.47,34.16],[40.31,34.1],[40.4,34.23],[40.26,34.29],[39.12,34.49],[37.99,33.97],[37.74,33.78],[37.73,33.65],[37.57,33.65],[37.07,33.26],[37.05,33.07],[36.9,33.07],[36.72,32.75],[36.75,32.3],[36.52,32.24],[36.66,32.11],[36.49,31.98],[36.46,31.66],[36.39,31.66],[36.42,31.21],[36.27,31.21],[36.4,30.95],[36.15,30.69],[36.15,30.63],[35.84,30.63],[35.59,30.37],[34.39,30.5],[34.3,30.37],[33.15,30.18],[32.6,29.92],[32.53,29.92],[32.43,29.6],[32.64,29.34],[32.69,28.96],[32.84,28.89],[33.11,28.38],[33.61,27.99],[33.59,27.61],[33.8,27.42],[33.93,27.03],[34.07,26.97],[34.05,26.58],[34.2,26.52],[34.46,25.87],[34.61,25.81],[35.15,24.65],[35.86,24.01],[35.85,23.88],[35.56,23.94],[35.55,23.81],[35.11,23.88],[33.76,23.69],[33.68,23.69],[33.39,23.81],[32.04,23.69],[31.67,23.75],[30.54,23.36],[30.46,23.36],[30.4,23.56],[30.1,23.75],[30.11,23.88],[29.96,23.88],[29.67,24.2],[28.57,24.65],[28.29,25.16],[28.24,25.94],[28.35,26.58],[28.27,26.58],[28.15,27.35],[27.94,27.54],[27.71,27.54],[27.79,27.67],[27.43,27.99],[27.28,27.93],[27.29,28.12],[27.14,28.25],[25.59,28.96],[25.37,29.28],[25.15,29.28],[25.0,29.41],[24.85,29.34],[24.78,29.54],[24.33,29.67],[23.96,29.92],[23.51,29.99],[22.92,30.31],[22.76,30.24],[22.77,30.37],[21.94,30.56],[20.95,30.56],[18.73,29.99],[17.91,30.18],[16.7,30.69],[15.49,30.95],[15.18,30.89],[15.19,31.08],[14.58,31.53],[14.59,31.66],[14.28,31.91],[13.6,32.17],[13.07,32.17],[13.07,32.3],[11.77,32.3],[11.77,32.43],[11.54,32.43],[11.46,32.56],[11.31,32.49],[11.16,32.69],[10.39,33.01],[10.01,33.01],[10.08,33.14],[9.63,33.14],[9.55,33.33],[9.62,33.46],[9.32,33.59],[9.24,33.84],[9.08,33.91],[9.08,34.04],[8.93,34.04],[8.93,34.16],[8.31,34.29],[8.08,34.23],[8.0,34.42],[7.61,34.55],[7.15,34.49],[6.92,34.61],[6.46,34.55],[6.15,34.68],[5.38,34.68],[5.15,34.55],[4.45,34.61],[3.84,34.42],[3.46,34.49],[2.92,34.36],[2.45,34.61],[1.29,34.61],[0.68,34.42],[0.45,34.49],[0.3,34.36],[-1.24,34.36],[-1.31,34.16],[-1.54,34.23],[-1.61,34.1],[-1.69,34.23],[-2.0,34.23],[-3.76,34.1],[-4.14,33.97],[-4.21,33.84],[-4.37,33.91],[-5.04,33.59],[-5.27,33.65],[-5.8,33.46],[-6.03,33.52],[-6.63,33.33],[-6.7,33.2],[-6.94,33.26],[-7.53,32.94],[-8.06,32.94],[-8.15,33.14],[-8.47,33.26],[-8.4,33.39],[-7.13,33.84],[-7.06,33.97],[-6.9,33.91],[-6.61,34.16],[-6.7,34.29],[-6.47,34.36],[-6.48,34.49],[-6.33,34.55],[-6.28,34.87],[-6.2,34.87],[-6.29,35.07],[-6.13,35.0],[-6.15,35.19],[-6.0,35.32],[-5.88,35.77],[-5.34,35.84],[-5.24,35.52],[-4.75,35.19],[-3.13,35.19],[-2.98,35.26],[-2.99,35.45],[-2.84,35.45],[-2.82,35.13],[-2.66,35.07],[-1.89,35.07],[-1.59,35.26],[-1.36,35.26],[-1.14,35.45],[-1.22,35.64],[-1.07,35.58],[-0.92,35.71],[-0.53,35.71],[-0.46,35.84],[0.08,35.84],[0.38,36.22],[0.68,36.29],[0.68,36.42],[0.91,36.35],[1.22,36.55],[1.53,36.48],[2.38,36.67],[2.69,36.61],[2.84,36.74],[3.23,36.74],[3.46,36.87],[3.85,36.8],[4.24,36.93],[4.86,36.87],[5.1,36.67],[5.56,36.67],[5.64,36.8],[6.11,36.8],[6.1,36.93],[6.33,37.06],[6.8,36.87],[7.19,36.87],[7.35,37.06],[7.5,37.06],[7.74,36.87],[8.52,36.87],[8.9,37.13],[9.06,37.06],[9.37,37.25],[9.76,37.32],[9.99,37.19],[10.23,37.25],[10.23,37.06],[10.31,37.06],[10.23,36.8],[10.46,36.74],[11.01,37.0],[11.01,36.8],[10.46,36.42],[10.54,36.35],[10.46,35.9],[10.7,35.71],[10.85,35.77],[10.93,35.58],[11.08,35.58],[11.08,35.39],[11.01,35.39],[11.08,35.0],[10.85,34.94],[10.85,34.81],[10.54,34.55],[10.0,34.29],[10.08,34.23],[10.01,33.91],[10.24,33.71],[10.54,33.71],[10.7,33.52],[11.08,33.59],[11.16,33.2],[11.46,33.2],[12.23,32.81],[12.61,32.88],[12.53,32.75],[12.84,32.75],[12.84,32.88],[13.3,32.94],[13.45,32.81],[13.76,32.88],[13.76,32.75],[14.07,32.75],[14.44,32.49],[14.67,32.56],[14.75,32.43],[15.06,32.43],[15.28,32.3],[15.42,31.66],[15.58,31.59],[15.65,31.4],[16.18,31.21],[16.86,31.21],[17.85,30.95],[18.22,30.76],[18.59,30.37],[18.9,30.37],[18.97,30.24],[19.66,30.37],[19.96,30.56],[19.97,30.69],[20.2,30.89],[20.13,31.14],[20.21,31.27],[20.0,31.59],[20.09,32.11],[20.02,32.24],[20.25,32.24],[20.33,32.49],[20.48,32.43],[20.56,32.56],[20.72,32.56],[20.64,32.69],[20.87,32.62],[21.11,32.81],[21.41,32.75],[21.88,32.94],[23.09,32.62],[23.08,32.43],[23.23,32.36],[23.15,32.24],[23.3,32.17],[23.68,32.17],[24.13,31.98],[24.89,31.98],[25.11,31.79],[25.1,31.59],[25.25,31.46],[26.85,31.46],[27.3,31.34],[27.51,31.14],[28.5,31.01],[28.87,30.82],[29.4,30.82],[29.49,31.01],[29.63,30.95],[29.87,31.08],[29.8,31.21],[29.88,31.27],[30.34,31.27],[30.27,31.4],[30.35,31.46],[30.81,31.46],[30.97,31.53],[30.97,31.66],[31.2,31.66],[31.12,31.53],[31.27,31.46],[31.88,31.46],[31.78,31.21],[31.94,31.27],[32.0,31.08],[32.3,31.08],[32.24,31.21],[32.39,31.21],[32.53,31.08],[32.77,31.14],[32.83,31.01],[33.98,31.14],[34.3,31.27],[34.31,31.4],[34.55,31.53],[34.64,31.72],[34.57,31.85],[34.81,31.98],[34.77,32.36],[35.02,32.62],[35.06,33.01],[35.22,33.07],[35.4,33.39],[35.35,33.65],[35.5,33.65],[35.45,33.91],[35.68,33.97],[35.64,34.36],[35.79,34.29],[36.05,34.55],[36.07,34.74],[35.93,34.87],[35.96,35.19],[35.88,35.19],[35.99,35.52],[35.84,35.58],[35.99,36.22],[35.84,36.29],[36.26,36.61],[36.29,36.8],[36.14,36.93],[35.83,36.93],[35.49,36.61],[35.11,36.74],[34.95,36.67],[34.89,36.87],[34.58,36.87],[34.25,36.67],[33.98,36.29],[33.27,36.22],[32.71,36.03],[32.56,36.03],[32.5,36.22],[32.07,36.61],[31.09,36.93],[30.62,36.93],[30.49,36.35],[30.03,36.35],[29.94,36.22],[29.24,36.22],[29.12,36.74],[28.74,36.74],[28.59,36.87],[28.36,36.87],[28.19,36.67],[28.03,36.67],[28.14,37.06],[28.07,37.13],[27.6,37.13],[27.54,37.38],[27.22,37.32],[27.31,37.45],[27.16,37.58],[27.26,37.77],[27.18,37.77],[27.28,38.03],[26.89,38.09],[26.82,38.22],[26.43,38.22],[26.38,38.67],[26.54,38.61],[26.59,38.35],[27.06,38.35],[27.08,38.55],[26.85,38.61],[26.96,39.0],[26.88,39.0],[26.89,39.19],[26.74,39.26],[26.85,39.58],[26.13,39.51],[26.27,40.29],[26.6,40.48],[26.68,40.48],[26.67,40.36],[27.47,40.42],[27.54,40.29],[27.7,40.29],[27.79,40.48],[27.95,40.48],[27.94,40.36],[29.05,40.36],[28.9,40.48],[28.91,40.61],[29.48,40.74],[29.49,40.87],[29.25,40.81],[29.1,40.94],[29.12,41.07],[28.63,41.0],[28.17,41.13],[28.08,41.0],[27.53,41.07],[27.02,40.68],[26.92,40.48],[26.63,40.74],[26.14,40.61],[26.08,40.87],[25.38,41.0],[24.35,41.0],[24.01,40.74],[23.7,40.81],[23.68,40.61],[23.84,40.55],[23.74,40.23],[23.27,40.29],[22.88,40.48],[22.89,40.61],[22.65,40.61],[22.56,40.36],[22.54,40.1],[22.7,40.1],[22.61,39.9],[23.14,39.45],[22.82,39.38],[22.8,39.06],[23.12,39.13],[23.11,39.0],[23.34,39.0],[23.49,38.87],[23.33,38.8],[23.03,38.93],[22.94,38.74],[23.17,38.67],[23.31,38.48],[23.63,38.48],[23.56,38.74],[24.03,38.67],[24.18,38.55],[24.16,38.22],[24.0,38.22],[23.98,37.84],[23.44,38.03],[23.21,38.03],[23.2,37.9],[23.04,37.9],[23.11,37.64],[23.34,37.64],[23.4,37.32],[23.17,37.32],[23.18,37.45],[22.95,37.58],[22.71,37.58],[22.7,37.32],[22.85,37.25],[23.06,36.67],[22.83,36.87],[22.6,36.87],[22.51,36.67],[22.36,36.67],[22.22,37.06],[21.91,37.06],[21.9,36.87],[21.74,36.87],[21.68,37.19],[21.6,37.19],[21.7,37.51],[21.24,37.84],[21.42,38.16],[21.73,38.16],[21.74,38.35],[21.19,38.42],[20.97,38.74],[20.74,38.8],[20.91,39.06],[20.3,39.38],[20.15,39.71],[19.91,39.58],[19.76,39.64],[19.76,39.77],[20.0,39.77],[20.01,39.97],[19.63,40.29],[19.47,40.29],[19.49,40.61],[19.25,40.61],[19.25,40.74],[19.5,40.87],[19.44,41.26],[19.52,41.39],[19.44,41.39],[19.53,41.52],[19.45,41.52],[19.54,41.78],[18.85,42.37],[18.14,42.63],[17.99,42.82],[17.59,42.89],[17.51,42.76],[17.52,42.95],[17.36,42.95],[17.37,43.21],[17.12,43.15],[17.05,43.41],[16.73,43.34],[16.73,43.54],[16.58,43.6],[15.93,43.47],[16.01,43.6],[15.86,43.8],[15.7,43.8],[15.62,43.93],[15.37,43.86],[15.46,43.99],[15.22,44.06],[15.15,44.39],[14.91,44.58],[14.92,44.97],[14.52,45.1],[14.6,45.37],[14.2,45.37],[14.19,45.04],[13.95,45.04],[13.94,44.91],[13.78,44.91],[13.71,45.24],[13.54,45.3],[13.55,45.5],[13.71,45.5],[13.71,45.76],[13.39,45.82],[13.14,45.82],[13.06,45.63],[12.82,45.69],[12.65,45.56],[12.16,45.5],[12.16,45.17],[12.4,45.04],[12.4,44.78],[12.16,44.84],[12.15,44.45],[12.31,44.19],[12.87,43.8],[13.04,43.86],[13.03,43.73],[13.36,43.67],[13.67,43.41],[13.75,43.08],[13.99,42.95],[13.9,42.76],[14.06,42.5],[14.37,42.24],[14.53,42.24],[14.61,42.11],[14.77,42.17],[14.77,42.04],[14.92,41.98],[15.17,42.04],[15.24,41.91],[16.12,41.91],[16.11,41.78],[15.87,41.72],[15.94,41.39],[17.2,41.0],[17.51,40.74],[17.98,40.61],[18.44,40.16],[18.35,39.9],[18.11,39.9],[17.81,40.36],[17.42,40.36],[17.35,40.55],[17.03,40.55],[16.87,40.48],[16.95,40.42],[16.86,40.29],[16.62,40.29],[16.7,40.1],[16.46,39.97],[16.45,39.64],[16.92,39.51],[17.07,39.38],[17.14,39.06],[16.5,38.8],[16.49,38.42],[15.93,37.96],[15.7,37.96],[15.62,38.16],[15.39,38.16],[15.07,37.64],[15.06,37.25],[15.21,37.19],[15.05,36.74],[14.66,36.74],[14.28,37.13],[13.58,37.25],[13.19,37.58],[12.49,37.71],[12.49,37.9],[12.65,38.09],[13.04,38.03],[13.12,38.16],[13.35,38.16],[13.67,37.96],[14.06,37.96],[15.86,38.29],[15.95,38.67],[16.27,38.74],[16.27,38.93],[16.12,39.06],[15.9,39.77],[15.67,39.9],[15.75,40.03],[15.43,40.03],[15.2,40.23],[15.04,40.23],[14.89,40.68],[14.42,40.68],[14.42,40.87],[14.1,40.87],[13.95,41.13],[13.79,41.13],[13.71,41.26],[13.0,41.33],[12.92,41.46],[12.6,41.52],[12.13,41.91],[12.13,42.04],[11.81,42.11],[11.65,42.37],[11.49,42.3],[11.42,42.43],[11.26,42.43],[11.18,42.63],[11.02,42.63],[11.02,42.82],[10.54,43.08],[10.21,43.99],[9.89,43.99],[9.97,44.12],[9.73,44.12],[9.16,44.45],[8.43,44.39],[8.03,43.93],[7.15,43.73],[6.99,43.54],[6.67,43.47],[6.52,43.21],[6.28,43.15],[5.8,43.15],[5.63,43.28],[5.39,43.28],[5.39,43.41],[5.06,43.47],[4.18,43.47],[4.17,43.6],[3.85,43.6],[3.62,43.41],[3.14,43.28],[2.98,43.15],[3.01,42.56],[3.18,42.37],[3.12,41.91],[2.57,41.59],[2.33,41.59],[2.11,41.33],[1.24,41.2],[0.7,40.94],[0.71,40.68],[0.25,40.42],[0.18,40.16],[-0.13,40.03],[-0.35,39.71],[-0.31,39.13],[0.1,38.74],[-0.66,38.29],[-0.8,38.03],[-0.7,37.64],[-1.71,37.45],[-1.62,37.32],[-1.86,37.32],[-2.06,36.8],[-2.53,36.87],[-2.68,36.74],[-4.47,36.74],[-4.69,36.55],[-5.23,36.48],[-5.29,36.22],[-5.66,36.03],[-5.83,36.22],[-6.06,36.22],[-6.33,36.67],[-6.35,36.93],[-6.59,37.0],[-6.84,37.25],[-7.47,37.25],[-7.45,37.13],[-7.68,37.0],[-8.7,37.13],[-9.0,37.0],[-8.9,37.58],[-8.82,37.58],[-8.82,38.48],[-9.21,38.42],[-9.23,38.67],[-9.38,38.61],[-9.55,38.74],[-9.57,38.93],[-9.43,39.06],[-9.39,39.45],[-9.16,39.51],[-9.1,39.77],[-9.03,39.77],[-8.93,40.36],[-8.85,40.36],[-8.87,40.61],[-8.73,40.74],[-8.96,42.17],[-8.66,42.37],[-9.08,42.56],[-9.1,42.76],[-9.28,42.89],[-9.3,43.15],[-9.16,43.28],[-8.85,43.41],[-8.37,43.41],[-8.39,43.6],[-8.24,43.73],[-7.28,43.73],[-7.34,43.6],[-7.18,43.54],[-5.73,43.6],[-4.99,43.41],[-3.47,43.47],[-3.3,43.34],[-1.69,43.34],[-1.39,43.67],[-1.35,44.25],[-1.27,44.25],[-1.29,44.52],[-1.21,44.52],[-1.25,45.17],[-1.17,45.17],[-1.19,45.43],[-1.03,45.5],[-1.05,45.69],[-1.21,45.76],[-1.14,45.89],[-1.22,45.89],[-1.25,46.28],[-1.67,46.35],[-2.01,46.61],[-2.02,46.74],[-2.19,46.81],[-2.14,47.14],[-2.23,47.27],[-2.56,47.27],[-2.58,47.47],[-2.83,47.47],[-2.84,47.6],[-3.16,47.47],[-3.34,47.73],[-3.76,47.73],[-3.93,47.86],[-4.42,47.8],[-4.69,47.99],[-4.71,48.13],[-4.55,48.19],[-4.64,48.32],[-4.89,48.32],[-4.91,48.52],[-4.6,48.72],[-3.85,48.72],[-3.46,48.92],[-3.12,48.92],[-2.76,48.59],[-2.52,48.72],[-1.6,48.65],[-1.72,49.05],[-1.64,49.05],[-1.65,49.25],[-1.91,49.38],[-2.03,49.78],[-1.36,49.78],[-1.25,49.45],[0.01,49.38],[-0.01,49.65],[0.22,49.85],[1.05,49.98],[1.45,50.25],[1.42,50.71],[1.66,51.05],[2.58,51.18],[2.74,51.31],[3.41,51.45],[3.4,51.65],[3.74,51.65],[3.65,51.78],[3.98,51.92],[4.06,52.12],[4.23,51.98],[4.57,51.98],[5.25,52.12],[5.93,51.98],[6.37,51.65],[6.54,51.65],[6.54,51.58],[6.89,51.38],[7.06,50.98],[7.32,50.91],[7.24,50.71]]],[[[20.33,38.35],[20.49,38.42],[20.57,38.42],[20.8,38.29],[20.79,38.09],[20.32,38.16],[20.33,38.35]]],[[[1.27,38.8],[1.18,39.06],[1.26,39.13],[1.34,39.13],[1.65,39.13],[1.66,39.0],[1.43,38.8],[1.27,38.8]]],[[[20.07,39.58],[20.07,39.64],[20.15,39.64],[20.15,39.58],[20.07,39.58]]],[[[3.3,39.32],[2.82,39.32],[2.66,39.51],[2.35,39.45],[2.34,39.64],[2.88,39.97],[2.96,39.97],[3.19,39.97],[3.2,39.84],[3.52,39.77],[3.3,39.32]]],[[[3.82,40.1],[4.22,40.1],[4.3,39.84],[3.83,39.9],[3.74,40.1],[3.82,40.1]]],[[[9.75,39.64],[9.67,39.64],[9.59,39.13],[9.12,39.19],[8.97,38.87],[8.73,38.87],[8.34,39.0],[8.41,39.26],[8.33,39.26],[8.33,39.51],[8.41,39.51],[8.48,39.9],[8.32,39.97],[8.4,40.29],[8.32,40.29],[8.32,40.48],[8.16,40.55],[8.15,40.94],[8.55,40.87],[9.02,41.26],[9.1,41.26],[9.5,41.2],[9.82,40.74],[9.82,40.36],[9.67,40.29],[9.75,39.64]]],[[[9.58,41.98],[9.5,41.98],[9.5,41.78],[9.26,41.39],[9.1,41.33],[8.78,41.52],[8.78,41.72],[8.62,41.72],[8.7,41.91],[8.54,42.11],[8.53,42.5],[8.77,42.69],[9.17,42.76],[9.25,43.02],[9.33,43.02],[9.49,43.02],[9.49,42.76],[9.57,42.76],[9.58,41.98]]],[[[10.13,42.89],[10.21,42.89],[10.46,42.89],[10.46,42.69],[10.21,42.69],[10.13,42.89]]],[[[14.27,44.97],[14.35,44.97],[14.51,44.91],[14.5,44.52],[14.26,44.58],[14.27,44.97]]],[[[19.0,45.5],[19.01,45.56],[19.09,45.56],[19.09,45.5],[19.0,45.5]]],[[[19.08,47.07],[19.09,47.14],[19.17,47.14],[19.17,47.07],[19.08,47.07]]],[[[16.99,48.19],[16.91,48.19],[16.91,48.26],[16.99,48.26],[16.99,48.19]]],[[[16.91,48.26],[16.83,48.26],[16.83,48.32],[16.91,48.32],[16.91,48.26]]],[[[6.28,51.85],[6.19,51.85],[6.19,51.92],[6.28,51.92],[6.28,51.85]]],[[[-2.66,56.11],[-2.02,55.91],[-1.73,55.7],[-1.61,55.29],[-1.52,55.29],[-1.49,54.95],[-1.4,54.95],[-1.29,54.68],[-0.67,54.61],[-0.2,54.21],[-0.18,53.94],[0.0,53.8],[0.02,53.6],[0.3,53.39],[0.32,53.12],[0.08,52.92],[0.34,52.86],[0.49,53.06],[1.09,53.06],[1.62,52.86],[1.74,52.38],[1.65,52.38],[1.59,52.12],[1.43,51.98],[1.17,51.98],[1.18,51.78],[0.84,51.78],[0.86,51.51],[0.52,51.51],[1.21,51.45],[1.38,51.38],[1.39,51.18],[0.49,50.78],[-1.37,50.85],[-1.11,50.78],[-1.18,50.58],[-1.51,50.58],[-1.52,50.71],[-2.61,50.58],[-2.79,50.71],[-3.13,50.71],[-3.46,50.65],[-3.58,50.25],[-4.09,50.25],[-4.19,50.38],[-4.35,50.38],[-4.93,50.25],[-5.15,49.98],[-5.75,50.05],[-5.77,50.25],[-5.28,50.38],[-5.13,50.58],[-4.88,50.58],[-4.82,50.78],[-4.66,50.85],[-4.68,51.05],[-4.43,51.05],[-4.2,51.31],[-3.09,51.25],[-3.11,51.38],[-2.95,51.45],[-3.12,51.51],[-3.28,51.38],[-3.7,51.38],[-3.89,51.58],[-4.31,51.51],[-4.42,51.71],[-5.08,51.58],[-5.26,51.71],[-5.22,52.05],[-4.55,52.18],[-4.16,52.45],[-4.3,52.92],[-4.79,52.79],[-4.81,52.92],[-4.49,53.12],[-4.67,53.19],[-4.7,53.46],[-4.27,53.46],[-4.16,53.26],[-3.32,53.39],[-3.15,53.46],[-3.17,53.66],[-3.09,53.66],[-3.2,53.87],[-3.11,53.87],[-3.12,54.0],[-2.96,54.07],[-3.14,54.14],[-3.3,54.07],[-3.32,54.21],[-3.59,54.27],[-3.72,54.68],[-3.57,54.89],[-4.34,54.82],[-4.12,55.16],[-4.39,55.23],[-4.32,55.36],[-4.77,55.43],[-4.79,55.63],[-4.98,55.7],[-5.01,55.98],[-4.57,55.98],[-4.42,56.11],[-4.44,56.32],[-4.17,56.25],[-3.5,56.52],[-3.42,56.66],[-2.91,56.8],[-2.67,57.01],[-2.61,57.28],[-2.52,57.28],[-2.54,57.49],[-3.09,57.63],[-3.2,57.77],[-1.85,57.7],[-1.82,57.42],[-2.08,57.28],[-2.21,56.87],[-2.53,56.59],[-2.62,56.59],[-2.79,56.52],[-2.67,56.25],[-3.1,56.18],[-3.26,56.05],[-2.66,56.11]]],[[[-5.16,55.77],[-5.12,55.43],[-5.38,55.43],[-5.57,55.57],[-5.55,55.36],[-5.89,55.29],[-5.86,55.7],[-5.69,55.77],[-5.7,55.84],[-5.79,55.84],[-5.81,56.05],[-5.45,55.98],[-5.43,55.77],[-5.16,55.77]]],[[[34.09,35.0],[33.7,34.94],[33.52,34.74],[33.13,34.68],[33.04,34.55],[32.37,34.74],[32.23,34.94],[32.25,35.13],[32.55,35.13],[32.88,35.26],[32.89,35.39],[33.74,35.39],[34.31,35.71],[34.39,35.71],[34.54,35.71],[34.53,35.58],[33.96,35.26],[34.09,35.0]]],[[[24.15,35.39],[24.3,35.32],[25.69,35.32],[25.68,35.13],[26.23,35.19],[26.14,35.07],[24.82,35.0],[24.76,35.19],[24.53,35.19],[24.45,35.19],[23.68,35.26],[23.62,35.52],[24.16,35.52],[24.15,35.39]]],[[[27.69,36.29],[28.02,36.48],[28.09,36.48],[28.25,36.48],[28.14,36.03],[27.74,35.9],[27.69,36.29]]],[[[22.89,36.42],[22.96,36.42],[23.12,36.35],[23.11,36.16],[22.87,36.16],[22.89,36.42]]],[[[27.12,36.93],[27.19,36.8],[26.87,36.67],[27.04,36.93],[27.12,36.93]]],[[[25.34,37.13],[25.42,37.13],[25.57,37.13],[25.56,37.0],[25.33,37.0],[25.34,37.13]]],[[[24.36,37.71],[24.43,37.58],[24.27,37.51],[24.2,37.64],[24.28,37.71],[24.36,37.71]]],[[[25.06,37.71],[25.22,37.71],[25.29,37.51],[25.05,37.51],[24.99,37.71],[25.06,37.71]]],[[[26.08,37.71],[26.16,37.71],[26.31,37.71],[26.3,37.58],[25.99,37.51],[26.08,37.71]]],[[[20.62,37.9],[20.7,37.9],[20.93,37.9],[20.92,37.64],[20.61,37.71],[20.62,37.9]]],[[[24.69,38.03],[24.77,38.03],[25.07,37.77],[24.83,37.71],[24.68,37.84],[24.69,38.03]]],[[[25.82,38.48],[25.91,38.67],[25.99,38.67],[26.22,38.55],[26.11,38.16],[25.88,38.16],[25.9,38.48],[25.82,38.48]]],[[[23.56,38.74],[23.48,38.74],[23.49,38.8],[23.57,38.8],[23.56,38.74]]],[[[24.36,39.0],[24.44,39.0],[24.67,38.93],[24.66,38.74],[24.36,38.87],[24.36,39.0]]],[[[26.09,39.0],[26.1,39.13],[25.79,39.19],[26.04,39.38],[26.12,39.38],[26.51,39.32],[26.64,39.0],[26.25,38.93],[26.09,39.0]]],[[[25.07,40.03],[25.15,40.03],[25.46,40.03],[25.45,39.84],[24.97,39.84],[25.07,40.03]]],[[[25.8,40.29],[26.04,40.29],[26.02,40.16],[25.7,40.1],[25.72,40.29],[25.8,40.29]]],[[[24.57,40.81],[24.81,40.81],[24.79,40.61],[24.55,40.55],[24.49,40.81],[24.57,40.81]]]]},"properties":{"id":"territory:Roman Empire:84","name":"Roman Empire","actor":"로마","valid_from":84,"valid_to":91,"wikidata":"Q12544","area":4295506,"src":"cliopatria","confidence":"medium"}},{"type":"Feature","geometry":{"type":"MultiPolygon","coordinates":[[[[2.61,34.42],[2.53,34.42],[2.53,34.49],[2.61,34.49],[2.61,34.42]]],[[[14.34,36.03],[14.42,36.03],[14.57,35.97],[14.57,35.77],[14.34,35.84],[14.34,36.03]]],[[[7.24,50.71],[7.41,50.65],[7.41,50.51],[7.66,50.58],[7.75,50.25],[7.92,50.25],[8.17,50.58],[8.76,50.58],[8.68,50.05],[8.77,50.05],[8.77,49.78],[8.94,49.85],[8.94,49.71],[8.85,49.71],[8.86,49.52],[9.02,49.58],[8.94,49.25],[9.28,48.92],[9.45,48.52],[10.45,48.52],[10.94,48.79],[11.36,48.85],[11.69,49.12],[12.11,49.18],[12.61,48.99],[12.77,48.79],[13.52,48.65],[14.26,48.26],[14.67,48.26],[14.84,48.39],[15.5,48.19],[16.66,48.32],[16.9,48.13],[17.07,48.19],[17.07,48.06],[17.63,47.8],[18.63,47.8],[18.8,47.93],[18.96,47.8],[18.95,47.66],[19.27,47.47],[19.17,47.2],[18.92,47.14],[19.0,47.01],[18.83,47.01],[18.82,46.81],[18.91,46.81],[18.9,46.61],[19.05,46.41],[18.95,46.09],[18.87,46.09],[18.95,46.02],[18.85,45.76],[19.01,45.63],[18.93,45.56],[19.0,45.37],[20.22,45.37],[20.37,45.17],[20.61,45.1],[20.52,44.97],[20.67,44.78],[21.41,44.91],[21.64,44.71],[21.88,44.71],[22.03,44.52],[22.19,44.52],[22.37,44.71],[22.69,44.71],[22.77,44.58],[22.52,44.52],[22.51,44.39],[22.98,44.12],[22.88,43.86],[23.53,43.93],[23.92,43.86],[24.08,43.73],[24.81,43.8],[25.52,43.67],[26.37,44.12],[27.75,44.19],[27.93,44.39],[27.85,44.39],[27.87,44.58],[27.71,44.58],[27.73,44.78],[27.89,44.78],[27.92,45.1],[27.77,45.17],[27.79,45.37],[28.04,45.43],[28.05,45.56],[28.29,45.5],[28.27,45.37],[28.43,45.3],[29.18,45.43],[29.29,45.69],[29.82,46.02],[30.11,46.41],[30.98,46.81],[31.08,47.01],[31.57,46.94],[31.53,46.68],[30.88,46.68],[30.3,45.96],[30.04,45.89],[29.86,45.69],[29.61,45.69],[29.58,45.43],[29.67,45.43],[29.53,44.91],[29.02,44.78],[29.05,44.97],[28.8,44.97],[28.84,44.58],[28.58,44.39],[28.54,43.99],[28.62,43.99],[28.48,43.47],[28.16,43.47],[28.23,43.34],[27.9,43.28],[27.8,43.15],[27.85,42.76],[27.51,42.63],[27.49,42.43],[27.8,42.24],[27.78,42.11],[28.0,41.91],[27.98,41.65],[28.22,41.65],[28.28,41.46],[28.51,41.33],[28.98,41.26],[28.96,41.13],[30.48,41.2],[30.62,41.07],[31.18,41.07],[31.53,41.39],[32.03,41.52],[32.04,41.65],[32.19,41.59],[32.69,41.78],[32.63,41.91],[34.78,41.91],[34.88,42.04],[35.12,42.04],[35.16,41.72],[35.95,41.72],[36.21,41.26],[36.77,41.33],[37.07,41.13],[37.23,41.2],[37.21,41.07],[37.77,41.07],[37.83,40.94],[38.16,41.0],[38.3,40.87],[38.78,40.94],[39.05,41.13],[39.74,40.94],[40.37,40.94],[40.39,41.07],[40.54,41.0],[41.05,41.2],[41.16,41.39],[41.31,41.33],[41.41,41.46],[41.57,41.46],[41.82,41.98],[41.74,41.98],[41.76,42.11],[41.6,42.11],[41.7,42.24],[41.48,42.37],[41.61,42.63],[41.33,42.89],[41.17,42.89],[41.12,43.02],[40.82,43.15],[40.42,43.15],[40.22,43.41],[39.98,43.41],[40.08,43.54],[40.16,43.54],[40.6,43.28],[41.0,43.28],[41.21,43.08],[41.67,42.95],[41.8,42.82],[41.78,42.69],[42.0,42.56],[42.01,41.72],[41.7,41.33],[41.63,41.33],[41.61,41.26],[41.53,41.26],[41.45,40.74],[40.95,40.61],[40.4,40.1],[38.79,39.9],[38.93,39.77],[38.74,39.58],[38.95,39.38],[38.73,38.87],[38.96,38.87],[39.25,38.67],[39.23,38.55],[39.51,38.29],[39.42,38.16],[39.46,37.9],[39.12,37.71],[38.35,37.77],[38.33,37.64],[37.99,37.38],[37.96,37.13],[38.18,37.0],[38.13,35.97],[38.43,35.84],[39.5,35.71],[39.94,35.52],[40.06,35.26],[40.28,35.13],[40.26,35.0],[40.48,34.87],[40.55,34.16],[40.47,34.16],[40.31,34.1],[40.4,34.23],[40.26,34.29],[39.12,34.49],[37.99,33.97],[37.74,33.78],[37.73,33.65],[37.57,33.65],[37.07,33.26],[37.05,33.07],[36.9,33.07],[36.72,32.75],[36.75,32.3],[36.52,32.24],[36.66,32.11],[36.49,31.98],[36.46,31.66],[36.39,31.66],[36.42,31.21],[36.27,31.21],[36.4,30.95],[36.15,30.69],[36.15,30.63],[35.84,30.63],[35.59,30.37],[34.39,30.5],[34.3,30.37],[33.15,30.18],[32.6,29.92],[32.53,29.92],[32.43,29.6],[32.64,29.34],[32.69,28.96],[32.84,28.89],[33.11,28.38],[33.61,27.99],[33.59,27.61],[33.8,27.42],[33.93,27.03],[34.07,26.97],[34.05,26.58],[34.2,26.52],[34.46,25.87],[34.61,25.81],[35.15,24.65],[35.86,24.01],[35.85,23.88],[35.56,23.94],[35.55,23.81],[35.11,23.88],[33.76,23.69],[33.68,23.69],[33.39,23.81],[32.04,23.69],[31.67,23.75],[30.54,23.36],[30.46,23.36],[30.4,23.56],[30.1,23.75],[30.11,23.88],[29.96,23.88],[29.67,24.2],[28.57,24.65],[28.29,25.16],[28.24,25.94],[28.35,26.58],[28.27,26.58],[28.15,27.35],[27.94,27.54],[27.71,27.54],[27.79,27.67],[27.43,27.99],[27.28,27.93],[27.29,28.12],[27.14,28.25],[25.59,28.96],[25.37,29.28],[25.15,29.28],[25.0,29.41],[24.85,29.34],[24.78,29.54],[24.33,29.67],[23.96,29.92],[23.51,29.99],[22.92,30.31],[22.76,30.24],[22.77,30.37],[21.94,30.56],[20.95,30.56],[18.73,29.99],[17.91,30.18],[16.7,30.69],[15.49,30.95],[15.18,30.89],[15.19,31.08],[14.58,31.53],[14.59,31.66],[14.28,31.91],[13.6,32.17],[13.07,32.17],[13.07,32.3],[11.77,32.3],[11.77,32.43],[11.54,32.43],[11.46,32.56],[11.31,32.49],[11.16,32.69],[10.39,33.01],[10.01,33.01],[10.08,33.14],[9.63,33.14],[9.55,33.33],[9.62,33.46],[9.32,33.59],[9.24,33.84],[9.08,33.91],[9.08,34.04],[8.93,34.04],[8.93,34.16],[8.31,34.29],[8.08,34.23],[8.0,34.42],[7.61,34.55],[7.15,34.49],[6.92,34.61],[6.46,34.55],[6.15,34.68],[5.38,34.68],[5.15,34.55],[4.45,34.61],[3.84,34.42],[3.46,34.49],[2.92,34.36],[2.45,34.61],[1.29,34.61],[0.68,34.42],[0.45,34.49],[0.3,34.36],[-1.24,34.36],[-1.31,34.16],[-1.54,34.23],[-1.61,34.1],[-1.69,34.23],[-2.0,34.23],[-3.76,34.1],[-4.14,33.97],[-4.21,33.84],[-4.37,33.91],[-5.04,33.59],[-5.27,33.65],[-5.8,33.46],[-6.03,33.52],[-6.63,33.33],[-6.7,33.2],[-6.94,33.26],[-7.53,32.94],[-8.06,32.94],[-8.15,33.14],[-8.47,33.26],[-8.4,33.39],[-7.13,33.84],[-7.06,33.97],[-6.9,33.91],[-6.61,34.16],[-6.7,34.29],[-6.47,34.36],[-6.48,34.49],[-6.33,34.55],[-6.28,34.87],[-6.2,34.87],[-6.29,35.07],[-6.13,35.0],[-6.15,35.19],[-6.0,35.32],[-5.88,35.77],[-5.34,35.84],[-5.24,35.52],[-4.75,35.19],[-3.13,35.19],[-2.98,35.26],[-2.99,35.45],[-2.84,35.45],[-2.82,35.13],[-2.66,35.07],[-1.89,35.07],[-1.59,35.26],[-1.36,35.26],[-1.14,35.45],[-1.22,35.64],[-1.07,35.58],[-0.92,35.71],[-0.53,35.71],[-0.46,35.84],[0.08,35.84],[0.38,36.22],[0.68,36.29],[0.68,36.42],[0.91,36.35],[1.22,36.55],[1.53,36.48],[2.38,36.67],[2.69,36.61],[2.84,36.74],[3.23,36.74],[3.46,36.87],[3.85,36.8],[4.24,36.93],[4.86,36.87],[5.1,36.67],[5.56,36.67],[5.64,36.8],[6.11,36.8],[6.1,36.93],[6.33,37.06],[6.8,36.87],[7.19,36.87],[7.35,37.06],[7.5,37.06],[7.74,36.87],[8.52,36.87],[8.9,37.13],[9.06,37.06],[9.37,37.25],[9.76,37.32],[9.99,37.19],[10.23,37.25],[10.23,37.06],[10.31,37.06],[10.23,36.8],[10.46,36.74],[11.01,37.0],[11.01,36.8],[10.46,36.42],[10.54,36.35],[10.46,35.9],[10.7,35.71],[10.85,35.77],[10.93,35.58],[11.08,35.58],[11.08,35.39],[11.01,35.39],[11.08,35.0],[10.85,34.94],[10.85,34.81],[10.54,34.55],[10.0,34.29],[10.08,34.23],[10.01,33.91],[10.24,33.71],[10.54,33.71],[10.7,33.52],[11.08,33.59],[11.16,33.2],[11.46,33.2],[12.23,32.81],[12.61,32.88],[12.53,32.75],[12.84,32.75],[12.84,32.88],[13.3,32.94],[13.45,32.81],[13.76,32.88],[13.76,32.75],[14.07,32.75],[14.44,32.49],[14.67,32.56],[14.75,32.43],[15.06,32.43],[15.28,32.3],[15.42,31.66],[15.58,31.59],[15.65,31.4],[16.18,31.21],[16.86,31.21],[17.85,30.95],[18.22,30.76],[18.59,30.37],[18.9,30.37],[18.97,30.24],[19.66,30.37],[19.96,30.56],[19.97,30.69],[20.2,30.89],[20.13,31.14],[20.21,31.27],[20.0,31.59],[20.09,32.11],[20.02,32.24],[20.25,32.24],[20.33,32.49],[20.48,32.43],[20.56,32.56],[20.72,32.56],[20.64,32.69],[20.87,32.62],[21.11,32.81],[21.41,32.75],[21.88,32.94],[23.09,32.62],[23.08,32.43],[23.23,32.36],[23.15,32.24],[23.3,32.17],[23.68,32.17],[24.13,31.98],[24.89,31.98],[25.11,31.79],[25.1,31.59],[25.25,31.46],[26.85,31.46],[27.3,31.34],[27.51,31.14],[28.5,31.01],[28.87,30.82],[29.4,30.82],[29.49,31.01],[29.63,30.95],[29.87,31.08],[29.8,31.21],[29.88,31.27],[30.34,31.27],[30.27,31.4],[30.35,31.46],[30.81,31.46],[30.97,31.53],[30.97,31.66],[31.2,31.66],[31.12,31.53],[31.27,31.46],[31.88,31.46],[31.78,31.21],[31.94,31.27],[32.0,31.08],[32.3,31.08],[32.24,31.21],[32.39,31.21],[32.53,31.08],[32.77,31.14],[32.83,31.01],[33.98,31.14],[34.3,31.27],[34.31,31.4],[34.55,31.53],[34.64,31.72],[34.57,31.85],[34.81,31.98],[34.77,32.36],[35.02,32.62],[35.06,33.01],[35.22,33.07],[35.4,33.39],[35.35,33.65],[35.5,33.65],[35.45,33.91],[35.68,33.97],[35.64,34.36],[35.79,34.29],[36.05,34.55],[36.07,34.74],[35.93,34.87],[35.96,35.19],[35.88,35.19],[35.99,35.52],[35.84,35.58],[35.99,36.22],[35.84,36.29],[36.26,36.61],[36.29,36.8],[36.14,36.93],[35.83,36.93],[35.49,36.61],[35.11,36.74],[34.95,36.67],[34.89,36.87],[34.58,36.87],[34.25,36.67],[33.98,36.29],[33.27,36.22],[32.71,36.03],[32.56,36.03],[32.5,36.22],[32.07,36.61],[31.09,36.93],[30.62,36.93],[30.49,36.35],[30.03,36.35],[29.94,36.22],[29.24,36.22],[29.12,36.74],[28.74,36.74],[28.59,36.87],[28.36,36.87],[28.19,36.67],[28.03,36.67],[28.14,37.06],[28.07,37.13],[27.6,37.13],[27.54,37.38],[27.22,37.32],[27.31,37.45],[27.16,37.58],[27.26,37.77],[27.18,37.77],[27.28,38.03],[26.89,38.09],[26.82,38.22],[26.43,38.22],[26.38,38.67],[26.54,38.61],[26.59,38.35],[27.06,38.35],[27.08,38.55],[26.85,38.61],[26.96,39.0],[26.88,39.0],[26.89,39.19],[26.74,39.26],[26.85,39.58],[26.13,39.51],[26.27,40.29],[26.6,40.48],[26.68,40.48],[26.67,40.36],[27.47,40.42],[27.54,40.29],[27.7,40.29],[27.79,40.48],[27.95,40.48],[27.94,40.36],[29.05,40.36],[28.9,40.48],[28.91,40.61],[29.48,40.74],[29.49,40.87],[29.25,40.81],[29.1,40.94],[29.12,41.07],[28.63,41.0],[28.17,41.13],[28.08,41.0],[27.53,41.07],[27.02,40.68],[26.92,40.48],[26.63,40.74],[26.14,40.61],[26.08,40.87],[25.38,41.0],[24.35,41.0],[24.01,40.74],[23.7,40.81],[23.68,40.61],[23.84,40.55],[23.74,40.23],[23.27,40.29],[22.88,40.48],[22.89,40.61],[22.65,40.61],[22.56,40.36],[22.54,40.1],[22.7,40.1],[22.61,39.9],[23.14,39.45],[22.82,39.38],[22.8,39.06],[23.12,39.13],[23.11,39.0],[23.34,39.0],[23.49,38.87],[23.33,38.8],[23.03,38.93],[22.94,38.74],[23.17,38.67],[23.31,38.48],[23.63,38.48],[23.56,38.74],[24.03,38.67],[24.18,38.55],[24.16,38.22],[24.0,38.22],[23.98,37.84],[23.44,38.03],[23.21,38.03],[23.2,37.9],[23.04,37.9],[23.11,37.64],[23.34,37.64],[23.4,37.32],[23.17,37.32],[23.18,37.45],[22.95,37.58],[22.71,37.58],[22.7,37.32],[22.85,37.25],[23.06,36.67],[22.83,36.87],[22.6,36.87],[22.51,36.67],[22.36,36.67],[22.22,37.06],[21.91,37.06],[21.9,36.87],[21.74,36.87],[21.68,37.19],[21.6,37.19],[21.7,37.51],[21.24,37.84],[21.42,38.16],[21.73,38.16],[21.74,38.35],[21.19,38.42],[20.97,38.74],[20.74,38.8],[20.91,39.06],[20.3,39.38],[20.15,39.71],[19.91,39.58],[19.76,39.64],[19.76,39.77],[20.0,39.77],[20.01,39.97],[19.63,40.29],[19.47,40.29],[19.49,40.61],[19.25,40.61],[19.25,40.74],[19.5,40.87],[19.44,41.26],[19.52,41.39],[19.44,41.39],[19.53,41.52],[19.45,41.52],[19.54,41.78],[18.85,42.37],[18.14,42.63],[17.99,42.82],[17.59,42.89],[17.51,42.76],[17.52,42.95],[17.36,42.95],[17.37,43.21],[17.12,43.15],[17.05,43.41],[16.73,43.34],[16.73,43.54],[16.58,43.6],[15.93,43.47],[16.01,43.6],[15.86,43.8],[15.7,43.8],[15.62,43.93],[15.37,43.86],[15.46,43.99],[15.22,44.06],[15.15,44.39],[14.91,44.58],[14.92,44.97],[14.52,45.1],[14.6,45.37],[14.2,45.37],[14.19,45.04],[13.95,45.04],[13.94,44.91],[13.78,44.91],[13.71,45.24],[13.54,45.3],[13.55,45.5],[13.71,45.5],[13.71,45.76],[13.39,45.82],[13.14,45.82],[13.06,45.63],[12.82,45.69],[12.65,45.56],[12.16,45.5],[12.16,45.17],[12.4,45.04],[12.4,44.78],[12.16,44.84],[12.15,44.45],[12.31,44.19],[12.87,43.8],[13.04,43.86],[13.03,43.73],[13.36,43.67],[13.67,43.41],[13.75,43.08],[13.99,42.95],[13.9,42.76],[14.06,42.5],[14.37,42.24],[14.53,42.24],[14.61,42.11],[14.77,42.17],[14.77,42.04],[14.92,41.98],[15.17,42.04],[15.24,41.91],[16.12,41.91],[16.11,41.78],[15.87,41.72],[15.94,41.39],[17.2,41.0],[17.51,40.74],[17.98,40.61],[18.44,40.16],[18.35,39.9],[18.11,39.9],[17.81,40.36],[17.42,40.36],[17.35,40.55],[17.03,40.55],[16.87,40.48],[16.95,40.42],[16.86,40.29],[16.62,40.29],[16.7,40.1],[16.46,39.97],[16.45,39.64],[16.92,39.51],[17.07,39.38],[17.14,39.06],[16.5,38.8],[16.49,38.42],[15.93,37.96],[15.7,37.96],[15.62,38.16],[15.39,38.16],[15.07,37.64],[15.06,37.25],[15.21,37.19],[15.05,36.74],[14.66,36.74],[14.28,37.13],[13.58,37.25],[13.19,37.58],[12.49,37.71],[12.49,37.9],[12.65,38.09],[13.04,38.03],[13.12,38.16],[13.35,38.16],[13.67,37.96],[14.06,37.96],[15.86,38.29],[15.95,38.67],[16.27,38.74],[16.27,38.93],[16.12,39.06],[15.9,39.77],[15.67,39.9],[15.75,40.03],[15.43,40.03],[15.2,40.23],[15.04,40.23],[14.89,40.68],[14.42,40.68],[14.42,40.87],[14.1,40.87],[13.95,41.13],[13.79,41.13],[13.71,41.26],[13.0,41.33],[12.92,41.46],[12.6,41.52],[12.13,41.91],[12.13,42.04],[11.81,42.11],[11.65,42.37],[11.49,42.3],[11.42,42.43],[11.26,42.43],[11.18,42.63],[11.02,42.63],[11.02,42.82],[10.54,43.08],[10.21,43.99],[9.89,43.99],[9.97,44.12],[9.73,44.12],[9.16,44.45],[8.43,44.39],[8.03,43.93],[7.15,43.73],[6.99,43.54],[6.67,43.47],[6.52,43.21],[6.28,43.15],[5.8,43.15],[5.63,43.28],[5.39,43.28],[5.39,43.41],[5.06,43.47],[4.18,43.47],[4.17,43.6],[3.85,43.6],[3.62,43.41],[3.14,43.28],[2.98,43.15],[3.01,42.56],[3.18,42.37],[3.12,41.91],[2.57,41.59],[2.33,41.59],[2.11,41.33],[1.24,41.2],[0.7,40.94],[0.71,40.68],[0.25,40.42],[0.18,40.16],[-0.13,40.03],[-0.35,39.71],[-0.31,39.13],[0.1,38.74],[-0.66,38.29],[-0.8,38.03],[-0.7,37.64],[-1.71,37.45],[-1.62,37.32],[-1.86,37.32],[-2.06,36.8],[-2.53,36.87],[-2.68,36.74],[-4.47,36.74],[-4.69,36.55],[-5.23,36.48],[-5.29,36.22],[-5.66,36.03],[-5.83,36.22],[-6.06,36.22],[-6.33,36.67],[-6.35,36.93],[-6.59,37.0],[-6.84,37.25],[-7.47,37.25],[-7.45,37.13],[-7.68,37.0],[-8.7,37.13],[-9.0,37.0],[-8.9,37.58],[-8.82,37.58],[-8.82,38.48],[-9.21,38.42],[-9.23,38.67],[-9.38,38.61],[-9.55,38.74],[-9.57,38.93],[-9.43,39.06],[-9.39,39.45],[-9.16,39.51],[-9.1,39.77],[-9.03,39.77],[-8.93,40.36],[-8.85,40.36],[-8.87,40.61],[-8.73,40.74],[-8.96,42.17],[-8.66,42.37],[-9.08,42.56],[-9.1,42.76],[-9.28,42.89],[-9.3,43.15],[-9.16,43.28],[-8.85,43.41],[-8.37,43.41],[-8.39,43.6],[-8.24,43.73],[-7.28,43.73],[-7.34,43.6],[-7.18,43.54],[-5.73,43.6],[-4.99,43.41],[-3.47,43.47],[-3.3,43.34],[-1.69,43.34],[-1.39,43.67],[-1.35,44.25],[-1.27,44.25],[-1.29,44.52],[-1.21,44.52],[-1.25,45.17],[-1.17,45.17],[-1.19,45.43],[-1.03,45.5],[-1.05,45.69],[-1.21,45.76],[-1.14,45.89],[-1.22,45.89],[-1.25,46.28],[-1.67,46.35],[-2.01,46.61],[-2.02,46.74],[-2.19,46.81],[-2.14,47.14],[-2.23,47.27],[-2.56,47.27],[-2.58,47.47],[-2.83,47.47],[-2.84,47.6],[-3.16,47.47],[-3.34,47.73],[-3.76,47.73],[-3.93,47.86],[-4.42,47.8],[-4.69,47.99],[-4.71,48.13],[-4.55,48.19],[-4.64,48.32],[-4.89,48.32],[-4.91,48.52],[-4.6,48.72],[-3.85,48.72],[-3.46,48.92],[-3.12,48.92],[-2.76,48.59],[-2.52,48.72],[-1.6,48.65],[-1.72,49.05],[-1.64,49.05],[-1.65,49.25],[-1.91,49.38],[-2.03,49.78],[-1.36,49.78],[-1.25,49.45],[0.01,49.38],[-0.01,49.65],[0.22,49.85],[1.05,49.98],[1.45,50.25],[1.42,50.71],[1.66,51.05],[2.58,51.18],[2.74,51.31],[3.41,51.45],[3.4,51.65],[3.74,51.65],[3.65,51.78],[3.98,51.92],[4.06,52.12],[4.23,51.98],[4.57,51.98],[5.25,52.12],[5.93,51.98],[6.37,51.65],[6.54,51.65],[6.54,51.58],[6.89,51.38],[7.06,50.98],[7.32,50.91],[7.24,50.71]]],[[[20.62,37.9],[20.7,37.9],[20.93,37.9],[20.92,37.64],[20.61,37.71],[20.62,37.9]]],[[[20.33,38.35],[20.49,38.42],[20.57,38.42],[20.8,38.29],[20.79,38.09],[20.32,38.16],[20.33,38.35]]],[[[1.27,38.8],[1.18,39.06],[1.26,39.13],[1.34,39.13],[1.65,39.13],[1.66,39.0],[1.43,38.8],[1.27,38.8]]],[[[20.07,39.58],[20.07,39.64],[20.15,39.64],[20.15,39.58],[20.07,39.58]]],[[[2.82,39.32],[2.66,39.51],[2.35,39.45],[2.34,39.64],[2.88,39.97],[2.96,39.97],[3.19,39.97],[3.2,39.84],[3.52,39.77],[3.3,39.32],[2.82,39.32]]],[[[3.82,40.1],[4.22,40.1],[4.3,39.84],[3.83,39.9],[3.74,40.1],[3.82,40.1]]],[[[9.67,40.29],[9.75,39.64],[9.67,39.64],[9.59,39.13],[9.12,39.19],[8.97,38.87],[8.73,38.87],[8.34,39.0],[8.41,39.26],[8.33,39.26],[8.33,39.51],[8.41,39.51],[8.48,39.9],[8.32,39.97],[8.4,40.29],[8.32,40.29],[8.32,40.48],[8.16,40.55],[8.15,40.94],[8.55,40.87],[9.02,41.26],[9.1,41.26],[9.5,41.2],[9.82,40.74],[9.82,40.36],[9.67,40.29]]],[[[9.58,41.98],[9.5,41.98],[9.5,41.78],[9.26,41.39],[9.1,41.33],[8.78,41.52],[8.78,41.72],[8.62,41.72],[8.7,41.91],[8.54,42.11],[8.53,42.5],[8.77,42.69],[9.17,42.76],[9.25,43.02],[9.33,43.02],[9.49,43.02],[9.49,42.76],[9.57,42.76],[9.58,41.98]]],[[[10.13,42.89],[10.21,42.89],[10.46,42.89],[10.46,42.69],[10.21,42.69],[10.13,42.89]]],[[[14.27,44.97],[14.35,44.97],[14.51,44.91],[14.5,44.52],[14.26,44.58],[14.27,44.97]]],[[[19.09,45.5],[19.0,45.5],[19.01,45.56],[19.09,45.56],[19.09,45.5]]],[[[19.17,47.07],[19.08,47.07],[19.09,47.14],[19.17,47.14],[19.17,47.07]]],[[[16.99,48.19],[16.91,48.19],[16.91,48.26],[16.99,48.26],[16.99,48.19]]],[[[16.83,48.26],[16.83,48.32],[16.91,48.32],[16.91,48.26],[16.83,48.26]]],[[[6.19,51.85],[6.19,51.92],[6.28,51.92],[6.28,51.85],[6.19,51.85]]],[[[0.07,52.99],[0.17,52.86],[0.34,52.86],[0.49,53.06],[1.09,53.06],[1.53,52.92],[1.72,52.72],[1.74,52.38],[1.65,52.38],[1.59,52.12],[1.43,51.98],[1.17,51.98],[1.18,51.78],[0.84,51.78],[0.86,51.51],[0.52,51.51],[1.38,51.38],[1.31,51.11],[0.49,50.78],[-1.37,50.85],[-1.11,50.78],[-1.18,50.58],[-1.51,50.58],[-1.52,50.71],[-2.61,50.58],[-2.79,50.71],[-3.13,50.71],[-3.46,50.65],[-3.58,50.25],[-4.09,50.25],[-4.19,50.38],[-4.35,50.38],[-4.93,50.25],[-5.15,49.98],[-5.75,50.05],[-5.77,50.25],[-5.28,50.38],[-5.13,50.58],[-4.88,50.58],[-4.82,50.78],[-4.66,50.85],[-4.68,51.05],[-4.43,51.05],[-4.2,51.31],[-3.09,51.25],[-3.11,51.38],[-2.95,51.45],[-3.12,51.51],[-3.28,51.38],[-3.7,51.38],[-3.89,51.58],[-4.31,51.51],[-4.42,51.71],[-5.08,51.58],[-5.26,51.71],[-5.22,52.05],[-4.55,52.18],[-4.16,52.45],[-4.3,52.92],[-4.79,52.79],[-4.81,52.92],[-4.49,53.12],[-4.67,53.19],[-4.7,53.46],[-4.27,53.46],[-4.08,53.26],[-3.15,53.46],[-3.1,53.73],[-3.2,53.87],[-2.97,54.14],[-3.3,54.07],[-3.32,54.21],[-3.59,54.27],[-3.72,54.68],[-3.57,54.89],[-2.89,55.09],[-2.82,55.23],[-2.38,55.16],[-1.61,55.36],[-1.29,54.68],[-0.67,54.61],[-0.2,54.21],[-0.18,53.94],[0.0,53.8],[0.01,53.73],[0.12,53.46],[0.3,53.39],[0.32,53.12],[0.07,52.99]]],[[[34.09,35.0],[33.7,34.94],[33.52,34.74],[33.13,34.68],[33.04,34.55],[32.37,34.74],[32.23,34.94],[32.25,35.13],[32.55,35.13],[32.88,35.26],[32.89,35.39],[33.74,35.39],[34.31,35.71],[34.39,35.71],[34.54,35.71],[34.53,35.58],[33.96,35.26],[34.09,35.0]]],[[[24.15,35.39],[24.3,35.32],[25.69,35.32],[25.68,35.13],[26.23,35.19],[26.14,35.07],[24.82,35.0],[24.76,35.19],[24.53,35.19],[24.45,35.19],[23.68,35.26],[23.62,35.52],[24.16,35.52],[24.15,35.39]]],[[[27.69,36.29],[28.02,36.48],[28.09,36.48],[28.25,36.48],[28.14,36.03],[27.74,35.9],[27.69,36.29]]],[[[22.89,36.42],[22.96,36.42],[23.12,36.35],[23.11,36.16],[22.87,36.16],[22.89,36.42]]],[[[27.12,36.93],[27.19,36.8],[26.87,36.67],[27.04,36.93],[27.12,36.93]]],[[[25.34,37.13],[25.42,37.13],[25.57,37.13],[25.56,37.0],[25.33,37.0],[25.34,37.13]]],[[[24.36,37.71],[24.43,37.58],[24.27,37.51],[24.2,37.64],[24.28,37.71],[24.36,37.71]]],[[[24.99,37.71],[25.06,37.71],[25.22,37.71],[25.29,37.51],[25.05,37.51],[24.99,37.71]]],[[[26.08,37.71],[26.16,37.71],[26.31,37.71],[26.3,37.58],[25.99,37.51],[26.08,37.71]]],[[[24.69,38.03],[24.77,38.03],[25.07,37.77],[24.83,37.71],[24.68,37.84],[24.69,38.03]]],[[[25.82,38.48],[25.91,38.67],[25.99,38.67],[26.22,38.55],[26.11,38.16],[25.88,38.16],[25.9,38.48],[25.82,38.48]]],[[[23.56,38.74],[23.48,38.74],[23.49,38.8],[23.57,38.8],[23.56,38.74]]],[[[24.36,39.0],[24.44,39.0],[24.67,38.93],[24.66,38.74],[24.36,38.87],[24.36,39.0]]],[[[26.09,39.0],[26.1,39.13],[25.79,39.19],[26.04,39.38],[26.12,39.38],[26.51,39.32],[26.64,39.0],[26.25,38.93],[26.09,39.0]]],[[[25.07,40.03],[25.15,40.03],[25.46,40.03],[25.45,39.84],[24.97,39.84],[25.07,40.03]]],[[[25.8,40.29],[26.04,40.29],[26.02,40.16],[25.7,40.1],[25.72,40.29],[25.8,40.29]]],[[[24.57,40.81],[24.81,40.81],[24.79,40.61],[24.55,40.55],[24.49,40.81],[24.57,40.81]]]]},"properties":{"id":"territory:Roman Empire:91","name":"Roman Empire","actor":"로마","valid_from":91,"valid_to":106,"wikidata":"Q12544","area":4263184,"src":"cliopatria","confidence":"medium"}},{"type":"Feature","geometry":{"type":"MultiPolygon","coordinates":[[[[2.61,34.42],[2.53,34.42],[2.53,34.49],[2.61,34.49],[2.61,34.42]]],[[[14.34,36.03],[14.42,36.03],[14.57,35.97],[14.57,35.77],[14.34,35.84],[14.34,36.03]]],[[[7.24,50.71],[7.32,50.71],[7.33,50.51],[7.76,49.91],[8.17,50.25],[8.51,50.11],[8.52,49.85],[8.43,49.85],[8.52,49.58],[8.35,49.58],[8.28,49.12],[8.11,49.05],[8.2,48.92],[7.95,48.72],[9.28,48.52],[10.45,48.52],[10.94,48.79],[11.36,48.85],[11.69,49.12],[12.11,49.18],[12.61,48.99],[12.77,48.79],[13.52,48.65],[14.26,48.26],[14.67,48.26],[14.84,48.39],[15.5,48.19],[16.66,48.32],[16.9,48.13],[17.07,48.19],[17.07,48.06],[17.63,47.8],[18.63,47.8],[18.8,47.93],[18.96,47.8],[18.95,47.66],[19.27,47.47],[19.17,47.2],[18.92,47.14],[19.0,47.01],[18.83,47.01],[18.82,46.81],[18.91,46.81],[18.9,46.61],[19.05,46.41],[18.95,46.09],[18.87,46.09],[18.95,46.02],[18.85,45.76],[19.01,45.63],[18.93,45.56],[19.0,45.37],[20.22,45.37],[20.37,45.17],[20.61,45.1],[20.52,44.97],[20.67,44.78],[21.41,44.91],[21.64,44.71],[21.88,44.71],[22.03,44.52],[22.19,44.52],[22.37,44.71],[22.69,44.71],[22.77,44.58],[22.52,44.52],[22.51,44.39],[22.98,44.12],[22.88,43.86],[23.53,43.93],[23.92,43.86],[24.08,43.73],[24.81,43.8],[25.52,43.67],[26.37,44.12],[27.75,44.19],[27.93,44.39],[27.85,44.39],[27.87,44.58],[27.71,44.58],[27.73,44.78],[27.89,44.78],[27.92,45.1],[27.77,45.17],[27.79,45.37],[28.04,45.43],[28.05,45.56],[28.29,45.5],[28.27,45.37],[28.43,45.3],[29.18,45.43],[29.29,45.69],[29.82,46.02],[30.11,46.41],[30.98,46.81],[31.08,47.01],[31.57,46.94],[31.53,46.68],[30.88,46.68],[30.3,45.96],[30.04,45.89],[29.86,45.69],[29.61,45.69],[29.58,45.43],[29.67,45.43],[29.53,44.91],[29.02,44.78],[29.05,44.97],[28.8,44.97],[28.84,44.58],[28.58,44.39],[28.54,43.99],[28.62,43.99],[28.48,43.47],[28.16,43.47],[28.23,43.34],[27.9,43.28],[27.8,43.15],[27.85,42.76],[27.51,42.63],[27.49,42.43],[27.8,42.24],[27.78,42.11],[28.0,41.91],[27.98,41.65],[28.22,41.65],[28.28,41.46],[28.51,41.33],[28.98,41.26],[28.96,41.13],[30.48,41.2],[30.62,41.07],[31.18,41.07],[31.53,41.39],[32.03,41.52],[32.04,41.65],[32.19,41.59],[32.69,41.78],[32.63,41.91],[34.78,41.91],[34.88,42.04],[35.12,42.04],[35.16,41.72],[35.95,41.72],[36.21,41.26],[36.77,41.33],[37.07,41.13],[37.23,41.2],[37.21,41.07],[37.77,41.07],[37.83,40.94],[38.16,41.0],[38.3,40.87],[38.78,40.94],[39.05,41.13],[39.74,40.94],[40.37,40.94],[40.39,41.07],[40.54,41.0],[41.05,41.2],[41.16,41.39],[41.31,41.33],[41.41,41.46],[41.57,41.46],[41.82,41.98],[41.74,41.98],[41.76,42.11],[41.6,42.11],[41.7,42.24],[41.48,42.37],[41.61,42.63],[41.33,42.89],[41.17,42.89],[41.12,43.02],[40.82,43.15],[40.42,43.15],[40.22,43.41],[39.98,43.41],[40.08,43.54],[40.16,43.54],[40.6,43.28],[41.0,43.28],[41.21,43.08],[41.67,42.95],[41.8,42.82],[41.78,42.69],[42.0,42.56],[42.01,41.72],[41.7,41.33],[41.63,41.33],[41.61,41.26],[41.53,41.26],[41.45,40.74],[40.95,40.61],[40.4,40.1],[38.79,39.9],[38.93,39.77],[38.74,39.58],[38.95,39.38],[38.73,38.87],[38.96,38.87],[39.25,38.67],[39.23,38.55],[39.51,38.29],[39.42,38.16],[39.46,37.9],[39.12,37.71],[38.35,37.77],[38.33,37.64],[37.99,37.38],[37.96,37.13],[38.18,37.0],[38.13,35.97],[38.43,35.84],[39.5,35.71],[39.94,35.52],[40.06,35.26],[40.28,35.13],[40.26,35.0],[40.48,34.87],[40.55,34.16],[40.47,34.16],[40.31,34.1],[40.4,34.23],[40.26,34.29],[39.12,34.49],[37.99,33.97],[37.74,33.78],[37.73,33.65],[37.57,33.65],[37.07,33.26],[37.05,33.07],[36.9,33.07],[36.72,32.75],[36.75,32.3],[36.52,32.24],[36.66,32.11],[36.49,31.98],[36.46,31.66],[36.39,31.66],[36.42,31.21],[36.27,31.21],[36.4,30.95],[36.15,30.69],[36.15,30.63],[35.84,30.63],[35.59,30.37],[34.39,30.5],[34.3,30.37],[33.15,30.18],[32.6,29.92],[32.53,29.92],[32.43,29.6],[32.64,29.34],[32.69,28.96],[32.84,28.89],[33.11,28.38],[33.61,27.99],[33.59,27.61],[33.8,27.42],[33.93,27.03],[34.07,26.97],[34.05,26.58],[34.2,26.52],[34.46,25.87],[34.61,25.81],[35.15,24.65],[35.86,24.01],[35.85,23.88],[35.56,23.94],[35.55,23.81],[35.11,23.88],[33.76,23.69],[33.68,23.69],[33.39,23.81],[32.04,23.69],[31.67,23.75],[30.54,23.36],[30.46,23.36],[30.4,23.56],[30.1,23.75],[30.11,23.88],[29.96,23.88],[29.67,24.2],[28.57,24.65],[28.29,25.16],[28.24,25.94],[28.35,26.58],[28.27,26.58],[28.15,27.35],[27.94,27.54],[27.71,27.54],[27.79,27.67],[27.43,27.99],[27.28,27.93],[27.29,28.12],[27.14,28.25],[25.59,28.96],[25.37,29.28],[25.15,29.28],[25.0,29.41],[24.85,29.34],[24.78,29.54],[24.33,29.67],[23.96,29.92],[23.51,29.99],[22.92,30.31],[22.76,30.24],[22.77,30.37],[21.94,30.56],[20.95,30.56],[18.73,29.99],[17.91,30.18],[16.7,30.69],[15.49,30.95],[15.18,30.89],[15.19,31.08],[14.58,31.53],[14.59,31.66],[14.28,31.91],[13.6,32.17],[13.07,32.17],[13.07,32.3],[11.77,32.3],[11.77,32.43],[11.54,32.43],[11.46,32.56],[11.31,32.49],[11.16,32.69],[10.39,33.01],[10.01,33.01],[10.08,33.14],[9.63,33.14],[9.55,33.33],[9.62,33.46],[9.32,33.59],[9.24,33.84],[9.08,33.91],[9.08,34.04],[8.93,34.04],[8.93,34.16],[8.31,34.29],[8.08,34.23],[8.0,34.42],[7.61,34.55],[7.15,34.49],[6.92,34.61],[6.46,34.55],[6.15,34.68],[5.38,34.68],[5.15,34.55],[4.45,34.61],[3.84,34.42],[3.46,34.49],[2.92,34.36],[2.45,34.61],[1.29,34.61],[0.68,34.42],[0.45,34.49],[0.3,34.36],[-1.24,34.36],[-1.31,34.16],[-1.54,34.23],[-1.61,34.1],[-1.69,34.23],[-2.0,34.23],[-3.76,34.1],[-4.14,33.97],[-4.21,33.84],[-4.37,33.91],[-5.04,33.59],[-5.27,33.65],[-5.8,33.46],[-6.03,33.52],[-6.63,33.33],[-6.7,33.2],[-6.94,33.26],[-7.53,32.94],[-8.06,32.94],[-8.15,33.14],[-8.47,33.26],[-8.4,33.39],[-7.13,33.84],[-7.06,33.97],[-6.9,33.91],[-6.61,34.16],[-6.7,34.29],[-6.47,34.36],[-6.48,34.49],[-6.33,34.55],[-6.28,34.87],[-6.2,34.87],[-6.29,35.07],[-6.13,35.0],[-6.15,35.19],[-6.0,35.32],[-5.88,35.77],[-5.34,35.84],[-5.24,35.52],[-4.75,35.19],[-3.13,35.19],[-2.98,35.26],[-2.99,35.45],[-2.84,35.45],[-2.82,35.13],[-2.66,35.07],[-1.89,35.07],[-1.59,35.26],[-1.36,35.26],[-1.14,35.45],[-1.22,35.64],[-1.07,35.58],[-0.92,35.71],[-0.53,35.71],[-0.46,35.84],[0.08,35.84],[0.38,36.22],[0.68,36.29],[0.68,36.42],[0.91,36.35],[1.22,36.55],[1.53,36.48],[2.38,36.67],[2.69,36.61],[2.84,36.74],[3.23,36.74],[3.46,36.87],[3.85,36.8],[4.24,36.93],[4.86,36.87],[5.1,36.67],[5.56,36.67],[5.64,36.8],[6.11,36.8],[6.1,36.93],[6.33,37.06],[6.8,36.87],[7.19,36.87],[7.35,37.06],[7.5,37.06],[7.74,36.87],[8.52,36.87],[8.9,37.13],[9.06,37.06],[9.37,37.25],[9.76,37.32],[9.99,37.19],[10.23,37.25],[10.23,37.06],[10.31,37.06],[10.23,36.8],[10.46,36.74],[11.01,37.0],[11.01,36.8],[10.46,36.42],[10.54,36.35],[10.46,35.9],[10.7,35.71],[10.85,35.77],[10.93,35.58],[11.08,35.58],[11.08,35.39],[11.01,35.39],[11.08,35.0],[10.85,34.94],[10.85,34.81],[10.54,34.55],[10.0,34.29],[10.08,34.23],[10.01,33.91],[10.24,33.71],[10.54,33.71],[10.7,33.52],[11.08,33.59],[11.16,33.2],[11.46,33.2],[12.23,32.81],[12.61,32.88],[12.53,32.75],[12.84,32.75],[12.84,32.88],[13.3,32.94],[13.45,32.81],[13.76,32.88],[13.76,32.75],[14.07,32.75],[14.44,32.49],[14.67,32.56],[14.75,32.43],[15.06,32.43],[15.28,32.3],[15.42,31.66],[15.58,31.59],[15.65,31.4],[16.18,31.21],[16.86,31.21],[17.85,30.95],[18.22,30.76],[18.59,30.37],[18.9,30.37],[18.97,30.24],[19.66,30.37],[19.96,30.56],[19.97,30.69],[20.2,30.89],[20.13,31.14],[20.21,31.27],[20.0,31.59],[20.09,32.11],[20.02,32.24],[20.25,32.24],[20.33,32.49],[20.48,32.43],[20.56,32.56],[20.72,32.56],[20.64,32.69],[20.87,32.62],[21.11,32.81],[21.41,32.75],[21.88,32.94],[23.09,32.62],[23.08,32.43],[23.23,32.36],[23.15,32.24],[23.3,32.17],[23.68,32.17],[24.13,31.98],[24.89,31.98],[25.11,31.79],[25.1,31.59],[25.25,31.46],[26.85,31.46],[27.3,31.34],[27.51,31.14],[28.5,31.01],[28.87,30.82],[29.4,30.82],[29.49,31.01],[29.63,30.95],[29.87,31.08],[29.8,31.21],[29.88,31.27],[30.34,31.27],[30.27,31.4],[30.35,31.46],[30.81,31.46],[30.97,31.53],[30.97,31.66],[31.2,31.66],[31.12,31.53],[31.27,31.46],[31.88,31.46],[31.78,31.21],[31.94,31.27],[32.0,31.08],[32.3,31.08],[32.24,31.21],[32.39,31.21],[32.53,31.08],[32.77,31.14],[32.83,31.01],[33.98,31.14],[34.3,31.27],[34.31,31.4],[34.55,31.53],[34.64,31.72],[34.57,31.85],[34.81,31.98],[34.77,32.36],[35.02,32.62],[35.06,33.01],[35.22,33.07],[35.4,33.39],[35.35,33.65],[35.5,33.65],[35.45,33.91],[35.68,33.97],[35.64,34.36],[35.79,34.29],[36.05,34.55],[36.07,34.74],[35.93,34.87],[35.96,35.19],[35.88,35.19],[35.99,35.52],[35.84,35.58],[35.99,36.22],[35.84,36.29],[36.26,36.61],[36.29,36.8],[36.14,36.93],[35.83,36.93],[35.49,36.61],[35.11,36.74],[34.95,36.67],[34.89,36.87],[34.58,36.87],[34.25,36.67],[33.98,36.29],[33.27,36.22],[32.71,36.03],[32.56,36.03],[32.5,36.22],[32.07,36.61],[31.09,36.93],[30.62,36.93],[30.49,36.35],[30.03,36.35],[29.94,36.22],[29.24,36.22],[29.12,36.74],[28.74,36.74],[28.59,36.87],[28.36,36.87],[28.19,36.67],[28.03,36.67],[28.14,37.06],[28.07,37.13],[27.6,37.13],[27.54,37.38],[27.22,37.32],[27.31,37.45],[27.16,37.58],[27.26,37.77],[27.18,37.77],[27.28,38.03],[26.89,38.09],[26.82,38.22],[26.43,38.22],[26.38,38.67],[26.54,38.61],[26.59,38.35],[27.06,38.35],[27.08,38.55],[26.85,38.61],[26.96,39.0],[26.88,39.0],[26.89,39.19],[26.74,39.26],[26.85,39.58],[26.13,39.51],[26.27,40.29],[26.6,40.48],[26.68,40.48],[26.67,40.36],[27.47,40.42],[27.54,40.29],[27.7,40.29],[27.79,40.48],[27.95,40.48],[27.94,40.36],[29.05,40.36],[28.9,40.48],[28.91,40.61],[29.48,40.74],[29.49,40.87],[29.25,40.81],[29.1,40.94],[29.12,41.07],[28.63,41.0],[28.17,41.13],[28.08,41.0],[27.53,41.07],[27.02,40.68],[26.92,40.48],[26.63,40.74],[26.14,40.61],[26.08,40.87],[25.38,41.0],[24.35,41.0],[24.01,40.74],[23.7,40.81],[23.68,40.61],[23.84,40.55],[23.74,40.23],[23.27,40.29],[22.88,40.48],[22.89,40.61],[22.65,40.61],[22.56,40.36],[22.54,40.1],[22.7,40.1],[22.61,39.9],[23.14,39.45],[22.82,39.38],[22.8,39.06],[23.12,39.13],[23.11,39.0],[23.34,39.0],[23.49,38.87],[23.33,38.8],[23.03,38.93],[22.94,38.74],[23.17,38.67],[23.31,38.48],[23.63,38.48],[23.56,38.74],[24.03,38.67],[24.18,38.55],[24.16,38.22],[24.0,38.22],[23.98,37.84],[23.44,38.03],[23.21,38.03],[23.2,37.9],[23.04,37.9],[23.11,37.64],[23.34,37.64],[23.4,37.32],[23.17,37.32],[23.18,37.45],[22.95,37.58],[22.71,37.58],[22.7,37.32],[22.85,37.25],[23.06,36.67],[22.83,36.87],[22.6,36.87],[22.51,36.67],[22.36,36.67],[22.22,37.06],[21.91,37.06],[21.9,36.87],[21.74,36.87],[21.68,37.19],[21.6,37.19],[21.7,37.51],[21.24,37.84],[21.42,38.16],[21.73,38.16],[21.74,38.35],[21.19,38.42],[20.97,38.74],[20.74,38.8],[20.91,39.06],[20.3,39.38],[20.15,39.71],[19.91,39.58],[19.76,39.64],[19.76,39.77],[20.0,39.77],[20.01,39.97],[19.63,40.29],[19.47,40.29],[19.49,40.61],[19.25,40.61],[19.25,40.74],[19.5,40.87],[19.44,41.26],[19.52,41.39],[19.44,41.39],[19.53,41.52],[19.45,41.52],[19.54,41.78],[18.85,42.37],[18.14,42.63],[17.99,42.82],[17.59,42.89],[17.51,42.76],[17.52,42.95],[17.36,42.95],[17.37,43.21],[17.12,43.15],[17.05,43.41],[16.73,43.34],[16.73,43.54],[16.58,43.6],[15.93,43.47],[16.01,43.6],[15.86,43.8],[15.7,43.8],[15.62,43.93],[15.37,43.86],[15.46,43.99],[15.22,44.06],[15.15,44.39],[14.91,44.58],[14.92,44.97],[14.52,45.1],[14.6,45.37],[14.2,45.37],[14.19,45.04],[13.95,45.04],[13.94,44.91],[13.78,44.91],[13.71,45.24],[13.54,45.3],[13.55,45.5],[13.71,45.5],[13.71,45.76],[13.39,45.82],[13.14,45.82],[13.06,45.63],[12.82,45.69],[12.65,45.56],[12.16,45.5],[12.16,45.17],[12.4,45.04],[12.4,44.78],[12.16,44.84],[12.15,44.45],[12.31,44.19],[12.87,43.8],[13.04,43.86],[13.03,43.73],[13.36,43.67],[13.67,43.41],[13.75,43.08],[13.99,42.95],[13.9,42.76],[14.06,42.5],[14.37,42.24],[14.53,42.24],[14.61,42.11],[14.77,42.17],[14.77,42.04],[14.92,41.98],[15.17,42.04],[15.24,41.91],[16.12,41.91],[16.11,41.78],[15.87,41.72],[15.94,41.39],[17.2,41.0],[17.51,40.74],[17.98,40.61],[18.44,40.16],[18.35,39.9],[18.11,39.9],[17.81,40.36],[17.42,40.36],[17.35,40.55],[17.03,40.55],[16.87,40.48],[16.95,40.42],[16.86,40.29],[16.62,40.29],[16.7,40.1],[16.46,39.97],[16.45,39.64],[16.92,39.51],[17.07,39.38],[17.14,39.06],[16.5,38.8],[16.49,38.42],[15.93,37.96],[15.7,37.96],[15.62,38.16],[15.39,38.16],[15.07,37.64],[15.06,37.25],[15.21,37.19],[15.05,36.74],[14.66,36.74],[14.28,37.13],[13.58,37.25],[13.19,37.58],[12.49,37.71],[12.49,37.9],[12.65,38.09],[13.04,38.03],[13.12,38.16],[13.35,38.16],[13.67,37.96],[14.06,37.96],[15.86,38.29],[15.95,38.67],[16.27,38.74],[16.27,38.93],[16.12,39.06],[15.9,39.77],[15.67,39.9],[15.75,40.03],[15.43,40.03],[15.2,40.23],[15.04,40.23],[14.89,40.68],[14.42,40.68],[14.42,40.87],[14.1,40.87],[13.95,41.13],[13.79,41.13],[13.71,41.26],[13.0,41.33],[12.92,41.46],[12.6,41.52],[12.13,41.91],[12.13,42.04],[11.81,42.11],[11.65,42.37],[11.49,42.3],[11.42,42.43],[11.26,42.43],[11.18,42.63],[11.02,42.63],[11.02,42.82],[10.54,43.08],[10.21,43.99],[9.89,43.99],[9.97,44.12],[9.73,44.12],[9.16,44.45],[8.43,44.39],[8.03,43.93],[7.15,43.73],[6.99,43.54],[6.67,43.47],[6.52,43.21],[6.28,43.15],[5.8,43.15],[5.63,43.28],[5.39,43.28],[5.39,43.41],[5.06,43.47],[4.18,43.47],[4.17,43.6],[3.85,43.6],[3.62,43.41],[3.14,43.28],[2.98,43.15],[3.01,42.56],[3.18,42.37],[3.12,41.91],[2.57,41.59],[2.33,41.59],[2.11,41.33],[1.24,41.2],[0.7,40.94],[0.71,40.68],[0.25,40.42],[0.18,40.16],[-0.13,40.03],[-0.35,39.71],[-0.31,39.13],[0.1,38.74],[-0.66,38.29],[-0.8,38.03],[-0.7,37.64],[-1.71,37.45],[-1.62,37.32],[-1.86,37.32],[-2.06,36.8],[-2.53,36.87],[-2.68,36.74],[-4.47,36.74],[-4.69,36.55],[-5.23,36.48],[-5.29,36.22],[-5.66,36.03],[-5.83,36.22],[-6.06,36.22],[-6.33,36.67],[-6.35,36.93],[-6.59,37.0],[-6.84,37.25],[-7.47,37.25],[-7.45,37.13],[-7.68,37.0],[-8.7,37.13],[-9.0,37.0],[-8.9,37.58],[-8.82,37.58],[-8.82,38.48],[-9.21,38.42],[-9.23,38.67],[-9.38,38.61],[-9.55,38.74],[-9.57,38.93],[-9.43,39.06],[-9.39,39.45],[-9.16,39.51],[-9.1,39.77],[-9.03,39.77],[-8.93,40.36],[-8.85,40.36],[-8.87,40.61],[-8.73,40.74],[-8.96,42.17],[-8.66,42.37],[-9.08,42.56],[-9.1,42.76],[-9.28,42.89],[-9.3,43.15],[-9.16,43.28],[-8.85,43.41],[-8.37,43.41],[-8.39,43.6],[-8.24,43.73],[-7.28,43.73],[-7.34,43.6],[-7.18,43.54],[-5.73,43.6],[-4.99,43.41],[-3.47,43.47],[-3.3,43.34],[-1.69,43.34],[-1.39,43.67],[-1.35,44.25],[-1.27,44.25],[-1.29,44.52],[-1.21,44.52],[-1.25,45.17],[-1.17,45.17],[-1.19,45.43],[-1.03,45.5],[-1.05,45.69],[-1.21,45.76],[-1.14,45.89],[-1.22,45.89],[-1.25,46.28],[-1.67,46.35],[-2.01,46.61],[-2.02,46.74],[-2.19,46.81],[-2.14,47.14],[-2.23,47.27],[-2.56,47.27],[-2.58,47.47],[-2.83,47.47],[-2.84,47.6],[-3.16,47.47],[-3.34,47.73],[-3.76,47.73],[-3.93,47.86],[-4.42,47.8],[-4.69,47.99],[-4.71,48.13],[-4.55,48.19],[-4.64,48.32],[-4.89,48.32],[-4.91,48.52],[-4.6,48.72],[-3.85,48.72],[-3.46,48.92],[-3.12,48.92],[-2.76,48.59],[-2.52,48.72],[-1.6,48.65],[-1.72,49.05],[-1.64,49.05],[-1.65,49.25],[-1.91,49.38],[-2.03,49.78],[-1.36,49.78],[-1.25,49.45],[0.01,49.38],[-0.01,49.65],[0.22,49.85],[1.05,49.98],[1.45,50.25],[1.42,50.71],[1.66,51.05],[2.58,51.18],[2.74,51.31],[3.41,51.45],[3.4,51.65],[3.74,51.65],[3.65,51.78],[3.98,51.92],[4.06,52.12],[4.23,51.98],[4.57,51.98],[5.25,52.12],[5.93,51.98],[6.37,51.65],[6.54,51.65],[6.54,51.58],[6.89,51.38],[7.06,50.98],[7.32,50.91],[7.24,50.71]]],[[[20.33,38.35],[20.49,38.42],[20.57,38.42],[20.8,38.29],[20.79,38.09],[20.32,38.16],[20.33,38.35]]],[[[1.27,38.8],[1.18,39.06],[1.26,39.13],[1.34,39.13],[1.65,39.13],[1.66,39.0],[1.43,38.8],[1.27,38.8]]],[[[20.07,39.58],[20.07,39.64],[20.15,39.64],[20.15,39.58],[20.07,39.58]]],[[[3.3,39.32],[2.82,39.32],[2.66,39.51],[2.35,39.45],[2.34,39.64],[2.88,39.97],[2.96,39.97],[3.19,39.97],[3.2,39.84],[3.52,39.77],[3.3,39.32]]],[[[3.82,40.1],[4.22,40.1],[4.3,39.84],[3.83,39.9],[3.74,40.1],[3.82,40.1]]],[[[9.75,39.64],[9.67,39.64],[9.59,39.13],[9.12,39.19],[8.97,38.87],[8.73,38.87],[8.34,39.0],[8.41,39.26],[8.33,39.26],[8.33,39.51],[8.41,39.51],[8.48,39.9],[8.32,39.97],[8.4,40.29],[8.32,40.29],[8.32,40.48],[8.16,40.55],[8.15,40.94],[8.55,40.87],[9.02,41.26],[9.1,41.26],[9.5,41.2],[9.82,40.74],[9.82,40.36],[9.67,40.29],[9.75,39.64]]],[[[9.58,41.98],[9.5,41.98],[9.5,41.78],[9.26,41.39],[9.1,41.33],[8.78,41.52],[8.78,41.72],[8.62,41.72],[8.7,41.91],[8.54,42.11],[8.53,42.5],[8.77,42.69],[9.17,42.76],[9.25,43.02],[9.33,43.02],[9.49,43.02],[9.49,42.76],[9.57,42.76],[9.58,41.98]]],[[[10.13,42.89],[10.21,42.89],[10.46,42.89],[10.46,42.69],[10.21,42.69],[10.13,42.89]]],[[[14.27,44.97],[14.35,44.97],[14.51,44.91],[14.5,44.52],[14.26,44.58],[14.27,44.97]]],[[[19.09,45.5],[19.0,45.5],[19.01,45.56],[19.09,45.56],[19.09,45.5]]],[[[19.17,47.07],[19.08,47.07],[19.09,47.14],[19.17,47.14],[19.17,47.07]]],[[[16.99,48.19],[16.91,48.19],[16.91,48.26],[16.99,48.26],[16.99,48.19]]],[[[16.91,48.26],[16.83,48.26],[16.83,48.32],[16.91,48.32],[16.91,48.26]]],[[[1.18,51.78],[0.84,51.78],[0.86,51.51],[0.52,51.51],[1.38,51.38],[1.39,51.18],[0.98,51.05],[0.91,50.91],[0.49,50.78],[-1.37,50.85],[-1.11,50.78],[-1.18,50.58],[-1.51,50.58],[-1.52,50.71],[-2.61,50.58],[-2.79,50.71],[-3.13,50.71],[-3.46,50.65],[-3.58,50.25],[-4.09,50.25],[-4.19,50.38],[-4.35,50.38],[-4.93,50.25],[-5.15,49.98],[-5.75,50.05],[-5.77,50.25],[-5.28,50.38],[-5.13,50.58],[-4.88,50.58],[-4.82,50.78],[-4.66,50.85],[-4.68,51.05],[-4.43,51.05],[-4.2,51.31],[-3.09,51.25],[-3.11,51.38],[-2.95,51.45],[-3.12,51.51],[-3.28,51.38],[-3.7,51.38],[-3.89,51.58],[-4.31,51.51],[-4.42,51.71],[-5.08,51.58],[-5.26,51.71],[-5.22,52.05],[-4.55,52.18],[-4.16,52.45],[-4.3,52.92],[-4.79,52.79],[-4.81,52.92],[-4.49,53.12],[-4.67,53.19],[-4.7,53.46],[-4.27,53.46],[-4.16,53.26],[-3.32,53.46],[-2.19,53.33],[-2.03,53.46],[-1.68,53.39],[-1.44,53.6],[-0.16,53.73],[0.3,53.39],[0.32,53.12],[0.07,52.99],[0.17,52.86],[0.34,52.86],[0.49,53.06],[0.92,53.06],[1.01,53.06],[1.62,52.86],[1.74,52.38],[1.43,51.98],[1.17,51.98],[1.18,51.78]]],[[[6.19,51.85],[6.19,51.92],[6.28,51.92],[6.28,51.85],[6.19,51.85]]],[[[34.09,35.0],[33.7,34.94],[33.52,34.74],[33.13,34.68],[33.04,34.55],[32.37,34.74],[32.23,34.94],[32.25,35.13],[32.55,35.13],[32.88,35.26],[32.89,35.39],[33.74,35.39],[34.31,35.71],[34.39,35.71],[34.54,35.71],[34.53,35.58],[33.96,35.26],[34.09,35.0]]],[[[24.15,35.39],[24.3,35.32],[25.69,35.32],[25.68,35.13],[26.23,35.19],[26.14,35.07],[24.82,35.0],[24.76,35.19],[24.53,35.19],[24.45,35.19],[23.68,35.26],[23.62,35.52],[24.16,35.52],[24.15,35.39]]],[[[27.69,36.29],[28.02,36.48],[28.09,36.48],[28.25,36.48],[28.14,36.03],[27.74,35.9],[27.69,36.29]]],[[[22.89,36.42],[22.96,36.42],[23.12,36.35],[23.11,36.16],[22.87,36.16],[22.89,36.42]]],[[[27.12,36.93],[27.19,36.8],[26.87,36.67],[27.04,36.93],[27.12,36.93]]],[[[25.34,37.13],[25.42,37.13],[25.57,37.13],[25.56,37.0],[25.33,37.0],[25.34,37.13]]],[[[24.36,37.71],[24.43,37.58],[24.27,37.51],[24.2,37.64],[24.28,37.71],[24.36,37.71]]],[[[25.06,37.71],[25.22,37.71],[25.29,37.51],[25.05,37.51],[24.99,37.71],[25.06,37.71]]],[[[26.08,37.71],[26.16,37.71],[26.31,37.71],[26.3,37.58],[25.99,37.51],[26.08,37.71]]],[[[20.62,37.9],[20.7,37.9],[20.93,37.9],[20.92,37.64],[20.61,37.71],[20.62,37.9]]],[[[24.69,38.03],[24.77,38.03],[25.07,37.77],[24.83,37.71],[24.68,37.84],[24.69,38.03]]],[[[25.9,38.48],[25.82,38.48],[25.91,38.67],[25.99,38.67],[26.22,38.55],[26.11,38.16],[25.88,38.16],[25.9,38.48]]],[[[23.57,38.8],[23.56,38.74],[23.48,38.74],[23.49,38.8],[23.57,38.8]]],[[[24.36,39.0],[24.44,39.0],[24.67,38.93],[24.66,38.74],[24.36,38.87],[24.36,39.0]]],[[[26.09,39.0],[26.1,39.13],[25.79,39.19],[26.04,39.38],[26.12,39.38],[26.51,39.32],[26.64,39.0],[26.25,38.93],[26.09,39.0]]],[[[25.15,40.03],[25.46,40.03],[25.45,39.84],[24.97,39.84],[25.07,40.03],[25.15,40.03]]],[[[25.8,40.29],[26.04,40.29],[26.02,40.16],[25.7,40.1],[25.72,40.29],[25.8,40.29]]]]},"properties":{"id":"territory:Roman Empire:78","name":"Roman Empire","actor":"로마","valid_from":78,"valid_to":84,"wikidata":"Q12544","area":4216599,"src":"cliopatria","confidence":"medium"}},{"type":"Feature","geometry":{"type":"MultiPolygon","coordinates":[[[[2.61,34.42],[2.53,34.42],[2.53,34.49],[2.61,34.49],[2.61,34.42]]],[[[14.34,36.03],[14.42,36.03],[14.57,35.97],[14.57,35.77],[14.34,35.84],[14.34,36.03]]],[[[7.24,50.71],[7.32,50.71],[7.33,50.51],[7.76,49.91],[8.17,50.25],[8.51,50.11],[8.52,49.85],[8.43,49.85],[8.52,49.58],[8.35,49.58],[8.28,49.12],[8.11,49.05],[8.2,48.92],[7.87,48.72],[7.87,48.59],[7.71,48.46],[7.56,47.6],[8.55,47.66],[8.55,47.8],[8.88,47.8],[8.96,48.06],[9.12,48.19],[9.78,48.39],[9.86,48.52],[9.95,48.52],[9.95,48.59],[10.03,48.59],[10.03,48.52],[10.45,48.52],[10.94,48.79],[11.19,48.79],[11.86,49.18],[12.61,48.99],[12.94,48.72],[13.52,48.65],[14.26,48.26],[14.67,48.26],[14.84,48.39],[15.5,48.19],[16.66,48.32],[16.9,48.13],[17.07,48.19],[17.07,48.06],[17.63,47.8],[18.63,47.8],[18.8,47.93],[18.96,47.8],[18.95,47.66],[19.27,47.47],[19.17,47.2],[18.92,47.14],[19.0,47.01],[18.83,47.01],[18.82,46.81],[18.91,46.81],[18.9,46.61],[19.05,46.41],[18.95,46.09],[18.87,46.09],[18.95,46.02],[18.85,45.76],[19.01,45.63],[18.93,45.56],[19.0,45.37],[20.22,45.37],[20.37,45.17],[20.61,45.1],[20.52,44.97],[20.67,44.78],[21.41,44.91],[21.64,44.71],[21.88,44.71],[22.03,44.52],[22.19,44.52],[22.37,44.71],[22.69,44.71],[22.77,44.58],[22.52,44.52],[22.51,44.39],[22.98,44.12],[22.88,43.86],[23.53,43.93],[23.92,43.86],[24.08,43.73],[24.81,43.8],[25.52,43.67],[26.37,44.12],[27.75,44.19],[27.93,44.39],[27.85,44.39],[27.87,44.58],[27.71,44.58],[27.73,44.78],[27.89,44.78],[27.92,45.1],[27.77,45.17],[27.79,45.37],[28.04,45.43],[28.05,45.56],[28.29,45.5],[28.27,45.37],[28.43,45.3],[29.18,45.43],[29.29,45.69],[29.82,46.02],[30.11,46.41],[30.98,46.81],[31.08,47.01],[31.57,46.94],[31.53,46.68],[30.88,46.68],[30.3,45.96],[30.04,45.89],[29.86,45.69],[29.61,45.69],[29.58,45.43],[29.67,45.43],[29.53,44.91],[29.02,44.78],[29.05,44.97],[28.8,44.97],[28.84,44.58],[28.58,44.39],[28.54,43.99],[28.62,43.99],[28.48,43.47],[28.16,43.47],[28.23,43.34],[27.9,43.28],[27.8,43.15],[27.85,42.76],[27.51,42.63],[27.49,42.43],[27.8,42.24],[27.78,42.11],[28.0,41.91],[27.98,41.65],[28.22,41.65],[28.28,41.46],[28.51,41.33],[28.98,41.26],[28.96,41.13],[30.48,41.2],[30.62,41.07],[31.18,41.07],[31.53,41.39],[32.03,41.52],[32.04,41.65],[32.19,41.59],[32.69,41.78],[32.63,41.91],[34.78,41.91],[34.88,42.04],[35.12,42.04],[35.16,41.72],[35.95,41.72],[36.21,41.26],[36.77,41.33],[37.07,41.13],[37.23,41.2],[37.21,41.07],[37.77,41.07],[37.83,40.94],[38.16,41.0],[38.3,40.87],[38.78,40.94],[39.05,41.13],[39.74,40.94],[40.37,40.94],[40.39,41.07],[40.54,41.0],[41.05,41.2],[41.16,41.39],[41.31,41.33],[41.41,41.46],[41.57,41.46],[41.82,41.98],[41.74,41.98],[41.76,42.11],[41.6,42.11],[41.7,42.24],[41.48,42.37],[41.61,42.63],[41.33,42.89],[41.17,42.89],[41.12,43.02],[40.82,43.15],[40.42,43.15],[40.22,43.41],[39.98,43.41],[40.08,43.54],[40.16,43.54],[40.6,43.28],[41.0,43.28],[41.21,43.08],[41.67,42.95],[41.8,42.82],[41.78,42.69],[42.0,42.56],[42.01,41.72],[41.7,41.33],[41.63,41.33],[41.61,41.26],[41.53,41.26],[41.45,40.74],[40.95,40.61],[40.4,40.1],[38.79,39.9],[38.93,39.77],[38.74,39.58],[38.95,39.38],[38.73,38.87],[38.36,38.48],[38.32,38.16],[38.46,38.03],[38.43,37.77],[37.99,37.38],[37.96,37.13],[38.18,37.0],[38.13,35.97],[38.43,35.84],[39.5,35.71],[39.94,35.52],[40.06,35.26],[40.28,35.13],[40.26,35.0],[40.48,34.87],[40.55,34.16],[40.47,34.16],[40.31,34.1],[40.4,34.23],[40.26,34.29],[39.12,34.49],[37.99,33.97],[37.74,33.78],[37.73,33.65],[37.57,33.65],[37.07,33.26],[37.05,33.07],[36.9,33.07],[36.72,32.75],[36.75,32.3],[36.52,32.24],[36.66,32.11],[36.49,31.98],[36.46,31.66],[36.39,31.66],[36.42,31.21],[36.27,31.21],[36.4,30.95],[36.15,30.69],[36.15,30.63],[35.84,30.63],[35.59,30.37],[34.39,30.5],[34.3,30.37],[33.15,30.18],[32.6,29.92],[32.53,29.92],[32.43,29.6],[32.64,29.34],[32.69,28.96],[32.84,28.89],[33.11,28.38],[33.61,27.99],[33.59,27.61],[33.8,27.42],[33.93,27.03],[34.07,26.97],[34.05,26.58],[34.2,26.52],[34.46,25.87],[34.61,25.81],[35.15,24.65],[35.86,24.01],[35.85,23.88],[35.56,23.94],[35.55,23.81],[35.11,23.88],[33.76,23.69],[33.68,23.69],[33.39,23.81],[32.04,23.69],[31.67,23.75],[30.54,23.36],[30.46,23.36],[30.4,23.56],[30.1,23.75],[30.11,23.88],[29.96,23.88],[29.67,24.2],[28.57,24.65],[28.29,25.16],[28.24,25.94],[28.35,26.58],[28.27,26.58],[28.15,27.35],[27.94,27.54],[27.71,27.54],[27.79,27.67],[27.43,27.99],[27.28,27.93],[27.29,28.12],[27.14,28.25],[25.59,28.96],[25.37,29.28],[25.15,29.28],[25.0,29.41],[24.85,29.34],[24.78,29.54],[24.33,29.67],[23.96,29.92],[23.51,29.99],[22.92,30.31],[22.76,30.24],[22.77,30.37],[21.94,30.56],[20.95,30.56],[18.73,29.99],[17.91,30.18],[16.7,30.69],[15.49,30.95],[15.18,30.89],[15.19,31.08],[14.58,31.53],[14.59,31.66],[14.28,31.91],[13.6,32.17],[13.07,32.17],[13.07,32.3],[11.77,32.3],[11.77,32.43],[11.54,32.43],[11.46,32.56],[11.31,32.49],[11.16,32.69],[10.39,33.01],[10.01,33.01],[10.08,33.14],[9.63,33.14],[9.55,33.33],[9.62,33.46],[9.32,33.59],[9.24,33.84],[9.08,33.91],[9.08,34.04],[8.93,34.04],[8.93,34.16],[8.31,34.29],[8.08,34.23],[8.0,34.42],[7.61,34.55],[7.15,34.49],[6.92,34.61],[6.46,34.55],[6.15,34.68],[5.38,34.68],[5.15,34.55],[4.45,34.61],[3.84,34.42],[3.46,34.49],[2.92,34.36],[2.45,34.61],[1.29,34.61],[0.68,34.42],[0.45,34.49],[0.3,34.36],[-1.24,34.36],[-1.31,34.16],[-1.54,34.23],[-1.61,34.1],[-1.69,34.23],[-2.0,34.23],[-3.76,34.1],[-4.14,33.97],[-4.21,33.84],[-4.37,33.91],[-5.04,33.59],[-5.27,33.65],[-5.8,33.46],[-6.03,33.52],[-6.63,33.33],[-6.7,33.2],[-6.94,33.26],[-7.53,32.94],[-8.06,32.94],[-8.07,33.07],[-8.47,33.33],[-7.13,33.84],[-7.06,33.97],[-6.9,33.91],[-6.61,34.16],[-6.7,34.29],[-6.47,34.36],[-6.48,34.49],[-6.33,34.55],[-6.28,34.87],[-6.2,34.87],[-6.29,35.07],[-6.13,35.0],[-6.15,35.19],[-6.0,35.32],[-5.88,35.77],[-5.34,35.84],[-5.24,35.52],[-4.75,35.19],[-3.13,35.19],[-2.98,35.26],[-2.99,35.45],[-2.84,35.45],[-2.82,35.13],[-2.66,35.07],[-1.89,35.07],[-1.59,35.26],[-1.36,35.26],[-1.14,35.45],[-1.22,35.64],[-1.07,35.58],[-0.92,35.71],[-0.53,35.71],[-0.46,35.84],[0.08,35.84],[0.38,36.22],[0.68,36.29],[0.68,36.42],[0.91,36.35],[1.22,36.55],[1.53,36.48],[2.38,36.67],[2.69,36.61],[2.84,36.74],[3.23,36.74],[3.46,36.87],[3.85,36.8],[4.24,36.93],[4.86,36.87],[5.1,36.67],[5.56,36.67],[5.64,36.8],[6.11,36.8],[6.1,36.93],[6.33,37.06],[6.8,36.87],[7.19,36.87],[7.35,37.06],[7.5,37.06],[7.74,36.87],[8.52,36.87],[8.9,37.13],[9.06,37.06],[9.37,37.25],[9.76,37.32],[9.99,37.19],[10.23,37.25],[10.23,37.06],[10.31,37.06],[10.23,36.8],[10.46,36.74],[11.01,37.0],[11.01,36.8],[10.46,36.42],[10.54,36.35],[10.46,35.9],[10.7,35.71],[10.85,35.77],[10.93,35.58],[11.08,35.58],[11.08,35.39],[11.01,35.39],[11.08,35.0],[10.85,34.94],[10.85,34.81],[10.54,34.55],[10.0,34.29],[10.08,34.23],[10.01,33.91],[10.24,33.71],[10.54,33.71],[10.7,33.52],[11.08,33.59],[11.16,33.2],[11.46,33.2],[12.23,32.81],[12.61,32.88],[12.53,32.75],[12.84,32.75],[12.84,32.88],[13.3,32.94],[13.45,32.81],[13.76,32.88],[13.76,32.75],[14.07,32.75],[14.44,32.49],[14.67,32.56],[14.75,32.43],[15.06,32.43],[15.28,32.3],[15.42,31.66],[15.58,31.59],[15.65,31.4],[16.18,31.21],[16.86,31.21],[17.85,30.95],[18.22,30.76],[18.59,30.37],[18.9,30.37],[18.97,30.24],[19.66,30.37],[19.96,30.56],[19.97,30.69],[20.2,30.89],[20.13,31.14],[20.21,31.27],[20.0,31.59],[20.09,32.11],[20.02,32.24],[20.25,32.24],[20.33,32.49],[20.48,32.43],[20.56,32.56],[20.72,32.56],[20.64,32.69],[20.87,32.62],[21.11,32.81],[21.41,32.75],[21.88,32.94],[23.09,32.62],[23.08,32.43],[23.23,32.36],[23.15,32.24],[23.3,32.17],[23.68,32.17],[24.13,31.98],[24.89,31.98],[25.11,31.79],[25.1,31.59],[25.25,31.46],[26.85,31.46],[27.3,31.34],[27.51,31.14],[28.5,31.01],[28.87,30.82],[29.4,30.82],[29.49,31.01],[29.63,30.95],[29.87,31.08],[29.8,31.21],[29.88,31.27],[30.34,31.27],[30.27,31.4],[30.35,31.46],[30.81,31.46],[30.97,31.53],[30.97,31.66],[31.2,31.66],[31.12,31.53],[31.27,31.46],[31.88,31.46],[31.78,31.21],[31.94,31.27],[32.0,31.08],[32.3,31.08],[32.24,31.21],[32.39,31.21],[32.53,31.08],[32.77,31.14],[32.83,31.01],[33.98,31.14],[34.3,31.27],[34.31,31.4],[34.55,31.53],[34.55,31.59],[34.56,31.66],[34.63,31.66],[34.57,31.85],[34.81,31.98],[34.74,32.04],[34.75,32.11],[34.75,32.17],[34.86,32.56],[35.02,32.62],[35.06,33.01],[35.22,33.07],[35.4,33.39],[35.35,33.65],[35.5,33.65],[35.45,33.91],[35.68,33.97],[35.64,34.36],[35.79,34.29],[36.05,34.55],[36.07,34.74],[35.93,34.87],[35.96,35.19],[35.88,35.19],[35.99,35.52],[35.84,35.58],[35.99,36.22],[35.84,36.29],[36.26,36.61],[36.29,36.8],[36.14,36.93],[35.83,36.93],[35.49,36.61],[35.11,36.74],[34.95,36.67],[34.89,36.87],[34.58,36.87],[34.25,36.67],[33.98,36.29],[33.27,36.22],[32.71,36.03],[32.56,36.03],[32.5,36.22],[32.07,36.61],[31.09,36.93],[30.62,36.93],[30.49,36.35],[30.03,36.35],[29.94,36.22],[29.24,36.22],[29.12,36.74],[28.74,36.74],[28.59,36.87],[28.36,36.87],[28.19,36.67],[28.03,36.67],[28.14,37.06],[28.07,37.13],[27.6,37.13],[27.54,37.38],[27.22,37.32],[27.31,37.45],[27.16,37.58],[27.26,37.77],[27.18,37.77],[27.28,38.03],[26.89,38.09],[26.82,38.22],[26.43,38.22],[26.38,38.67],[26.54,38.61],[26.59,38.35],[27.06,38.35],[27.08,38.55],[26.85,38.61],[26.96,39.0],[26.88,39.0],[26.89,39.19],[26.74,39.26],[26.85,39.58],[26.13,39.51],[26.27,40.29],[26.6,40.48],[26.68,40.48],[26.67,40.36],[27.47,40.42],[27.54,40.29],[27.7,40.29],[27.79,40.48],[27.95,40.48],[27.94,40.36],[29.05,40.36],[28.9,40.48],[28.91,40.61],[29.48,40.74],[29.49,40.87],[29.25,40.81],[29.1,40.94],[29.12,41.07],[28.63,41.0],[28.17,41.13],[28.08,41.0],[27.53,41.07],[27.02,40.68],[26.92,40.48],[26.63,40.74],[26.14,40.61],[26.08,40.87],[25.38,41.0],[24.35,41.0],[24.01,40.74],[23.7,40.81],[23.68,40.61],[23.84,40.55],[23.74,40.23],[23.27,40.29],[22.88,40.48],[22.89,40.61],[22.65,40.61],[22.56,40.36],[22.54,40.1],[22.7,40.1],[22.61,39.9],[23.14,39.45],[22.82,39.38],[22.8,39.06],[23.12,39.13],[23.11,39.0],[23.34,39.0],[23.49,38.87],[23.33,38.8],[23.03,38.93],[22.94,38.74],[23.17,38.67],[23.31,38.48],[23.63,38.48],[23.56,38.74],[24.03,38.67],[24.18,38.55],[24.16,38.22],[24.0,38.22],[23.98,37.84],[23.44,38.03],[23.21,38.03],[23.2,37.9],[23.04,37.9],[23.11,37.64],[23.34,37.64],[23.4,37.32],[23.17,37.32],[23.18,37.45],[22.95,37.58],[22.71,37.58],[22.7,37.32],[22.85,37.25],[23.06,36.67],[22.83,36.87],[22.6,36.87],[22.51,36.67],[22.36,36.67],[22.22,37.06],[21.91,37.06],[21.9,36.87],[21.74,36.87],[21.68,37.19],[21.6,37.19],[21.7,37.51],[21.24,37.84],[21.42,38.16],[21.73,38.16],[21.74,38.35],[21.19,38.42],[20.97,38.74],[20.74,38.8],[20.91,39.06],[20.3,39.38],[20.15,39.71],[19.91,39.58],[19.76,39.64],[19.76,39.77],[20.0,39.77],[20.01,39.97],[19.63,40.29],[19.47,40.29],[19.49,40.61],[19.25,40.61],[19.25,40.74],[19.5,40.87],[19.44,41.26],[19.52,41.39],[19.44,41.39],[19.53,41.52],[19.45,41.52],[19.54,41.78],[18.85,42.37],[18.14,42.63],[17.99,42.82],[17.59,42.89],[17.51,42.76],[17.52,42.95],[17.36,42.95],[17.37,43.21],[17.12,43.15],[17.05,43.41],[16.73,43.34],[16.73,43.54],[16.58,43.6],[15.93,43.47],[16.01,43.6],[15.86,43.8],[15.7,43.8],[15.62,43.93],[15.37,43.86],[15.46,43.99],[15.22,44.06],[15.15,44.39],[14.91,44.58],[14.92,44.97],[14.52,45.1],[14.6,45.37],[14.2,45.37],[14.19,45.04],[13.95,45.04],[13.94,44.91],[13.78,44.91],[13.71,45.24],[13.54,45.3],[13.55,45.5],[13.71,45.5],[13.71,45.76],[13.39,45.82],[13.14,45.82],[13.06,45.63],[12.82,45.69],[12.65,45.56],[12.16,45.5],[12.16,45.17],[12.4,45.04],[12.4,44.78],[12.16,44.84],[12.15,44.45],[12.31,44.19],[12.87,43.8],[13.04,43.86],[13.03,43.73],[13.36,43.67],[13.67,43.41],[13.75,43.08],[13.99,42.95],[13.9,42.76],[14.06,42.5],[14.37,42.24],[14.53,42.24],[14.61,42.11],[14.77,42.17],[14.77,42.04],[14.92,41.98],[15.17,42.04],[15.24,41.91],[16.12,41.91],[16.11,41.78],[15.87,41.72],[15.94,41.39],[17.2,41.0],[17.51,40.74],[17.98,40.61],[18.44,40.16],[18.35,39.9],[18.11,39.9],[17.81,40.36],[17.42,40.36],[17.35,40.55],[17.03,40.55],[16.87,40.48],[16.95,40.42],[16.86,40.29],[16.62,40.29],[16.7,40.1],[16.46,39.97],[16.45,39.64],[16.92,39.51],[17.07,39.38],[17.14,39.06],[16.5,38.8],[16.49,38.42],[15.93,37.96],[15.7,37.96],[15.62,38.16],[15.39,38.16],[15.07,37.64],[15.06,37.25],[15.21,37.19],[15.05,36.74],[14.66,36.74],[14.28,37.13],[13.58,37.25],[13.19,37.58],[12.49,37.71],[12.49,37.9],[12.65,38.09],[13.04,38.03],[13.12,38.16],[13.35,38.16],[13.67,37.96],[14.06,37.96],[15.86,38.29],[15.95,38.67],[16.27,38.74],[16.27,38.93],[16.12,39.06],[15.9,39.77],[15.67,39.9],[15.75,40.03],[15.43,40.03],[15.2,40.23],[15.04,40.23],[14.89,40.68],[14.42,40.68],[14.42,40.87],[14.1,40.87],[13.95,41.13],[13.79,41.13],[13.71,41.26],[13.0,41.33],[12.92,41.46],[12.6,41.52],[12.13,41.91],[12.13,42.04],[11.81,42.11],[11.65,42.37],[11.49,42.3],[11.42,42.43],[11.26,42.43],[11.18,42.63],[11.02,42.63],[11.02,42.82],[10.54,43.08],[10.21,43.99],[9.89,43.99],[9.97,44.12],[9.73,44.12],[9.16,44.45],[8.43,44.39],[8.03,43.93],[7.15,43.73],[6.99,43.54],[6.67,43.47],[6.52,43.21],[6.28,43.15],[5.8,43.15],[5.63,43.28],[5.39,43.28],[5.39,43.41],[5.06,43.47],[4.18,43.47],[4.17,43.6],[3.85,43.6],[3.62,43.41],[3.14,43.28],[2.98,43.15],[3.01,42.56],[3.18,42.37],[3.12,41.91],[2.57,41.59],[2.33,41.59],[2.11,41.33],[1.24,41.2],[0.7,40.94],[0.71,40.68],[0.25,40.42],[0.18,40.16],[-0.13,40.03],[-0.35,39.71],[-0.31,39.13],[0.1,38.74],[-0.66,38.29],[-0.8,38.03],[-0.7,37.64],[-1.71,37.45],[-1.62,37.32],[-1.86,37.32],[-2.06,36.8],[-2.53,36.87],[-2.68,36.74],[-4.47,36.74],[-4.69,36.55],[-5.23,36.48],[-5.29,36.22],[-5.66,36.03],[-5.83,36.22],[-6.06,36.22],[-6.33,36.67],[-6.35,36.93],[-6.59,37.0],[-6.84,37.25],[-7.47,37.25],[-7.45,37.13],[-7.68,37.0],[-8.7,37.13],[-9.0,37.0],[-8.9,37.58],[-8.82,37.58],[-8.82,38.48],[-9.21,38.42],[-9.23,38.67],[-9.38,38.61],[-9.55,38.74],[-9.57,38.93],[-9.43,39.06],[-9.39,39.45],[-9.16,39.51],[-9.1,39.77],[-9.03,39.77],[-8.93,40.36],[-8.85,40.36],[-8.87,40.61],[-8.73,40.74],[-8.96,42.17],[-8.66,42.37],[-9.08,42.56],[-9.1,42.76],[-9.28,42.89],[-9.3,43.15],[-9.16,43.28],[-8.85,43.41],[-8.37,43.41],[-8.39,43.6],[-8.24,43.73],[-7.28,43.73],[-7.34,43.6],[-7.18,43.54],[-5.73,43.6],[-4.99,43.41],[-3.47,43.47],[-3.3,43.34],[-1.69,43.34],[-1.39,43.67],[-1.35,44.25],[-1.27,44.25],[-1.29,44.52],[-1.21,44.52],[-1.25,45.17],[-1.17,45.17],[-1.19,45.43],[-1.03,45.5],[-1.05,45.69],[-1.21,45.76],[-1.14,45.89],[-1.22,45.89],[-1.25,46.28],[-1.67,46.35],[-2.01,46.61],[-2.02,46.74],[-2.19,46.81],[-2.14,47.14],[-2.23,47.27],[-2.56,47.27],[-2.58,47.47],[-2.83,47.47],[-2.84,47.6],[-3.16,47.47],[-3.34,47.73],[-3.76,47.73],[-3.93,47.86],[-4.42,47.8],[-4.69,47.99],[-4.71,48.13],[-4.55,48.19],[-4.64,48.32],[-4.89,48.32],[-4.91,48.52],[-4.6,48.72],[-3.85,48.72],[-3.46,48.92],[-3.12,48.92],[-2.76,48.59],[-2.52,48.72],[-1.6,48.65],[-1.72,49.05],[-1.64,49.05],[-1.65,49.25],[-1.91,49.38],[-2.03,49.78],[-1.36,49.78],[-1.25,49.45],[0.01,49.38],[-0.01,49.65],[0.22,49.85],[1.05,49.98],[1.45,50.25],[1.42,50.71],[1.66,51.05],[2.58,51.18],[2.74,51.31],[3.41,51.45],[3.4,51.65],[3.74,51.65],[3.65,51.78],[3.98,51.92],[4.06,52.12],[4.23,51.98],[5.25,52.12],[5.93,51.98],[6.54,51.58],[6.63,51.58],[6.89,51.38],[7.06,50.98],[7.32,50.91],[7.24,50.71]]],[[[20.62,37.9],[20.7,37.9],[20.93,37.9],[20.92,37.64],[20.61,37.71],[20.62,37.9]]],[[[20.33,38.35],[20.49,38.42],[20.57,38.42],[20.8,38.29],[20.79,38.09],[20.32,38.16],[20.33,38.35]]],[[[1.27,38.8],[1.18,39.06],[1.26,39.13],[1.34,39.13],[1.65,39.13],[1.66,39.0],[1.43,38.8],[1.27,38.8]]],[[[20.07,39.58],[20.07,39.64],[20.15,39.64],[20.15,39.58],[20.07,39.58]]],[[[2.82,39.32],[2.66,39.51],[2.35,39.45],[2.34,39.64],[2.88,39.97],[2.96,39.97],[3.19,39.97],[3.2,39.84],[3.52,39.77],[3.3,39.32],[2.82,39.32]]],[[[3.82,40.1],[4.22,40.1],[4.3,39.84],[3.83,39.9],[3.74,40.1],[3.82,40.1]]],[[[9.67,40.29],[9.75,39.64],[9.67,39.64],[9.59,39.13],[9.12,39.19],[8.97,38.87],[8.73,38.87],[8.34,39.0],[8.41,39.26],[8.33,39.26],[8.33,39.51],[8.41,39.51],[8.48,39.9],[8.32,39.97],[8.4,40.29],[8.32,40.29],[8.32,40.48],[8.16,40.55],[8.15,40.94],[8.55,40.87],[9.02,41.26],[9.1,41.26],[9.5,41.2],[9.82,40.74],[9.82,40.36],[9.67,40.29]]],[[[9.58,41.98],[9.5,41.98],[9.5,41.78],[9.26,41.39],[9.1,41.33],[8.78,41.52],[8.78,41.72],[8.62,41.72],[8.7,41.91],[8.54,42.11],[8.53,42.5],[8.77,42.69],[9.17,42.76],[9.25,43.02],[9.33,43.02],[9.49,43.02],[9.49,42.76],[9.57,42.76],[9.58,41.98]]],[[[10.13,42.89],[10.21,42.89],[10.46,42.89],[10.46,42.69],[10.21,42.69],[10.13,42.89]]],[[[14.35,44.97],[14.51,44.91],[14.5,44.52],[14.26,44.58],[14.27,44.97],[14.35,44.97]]],[[[19.0,45.5],[19.01,45.56],[19.09,45.56],[19.09,45.5],[19.0,45.5]]],[[[19.17,47.07],[19.08,47.07],[19.09,47.14],[19.17,47.14],[19.17,47.07]]],[[[16.99,48.19],[16.91,48.19],[16.91,48.26],[16.99,48.26],[16.99,48.19]]],[[[16.91,48.26],[16.83,48.26],[16.83,48.32],[16.91,48.32],[16.91,48.26]]],[[[1.18,51.78],[0.84,51.78],[0.86,51.51],[0.52,51.51],[1.38,51.38],[1.39,51.18],[0.98,51.05],[0.91,50.91],[0.49,50.78],[-1.37,50.85],[-1.11,50.78],[-1.18,50.58],[-1.51,50.58],[-1.52,50.71],[-2.61,50.58],[-2.79,50.71],[-3.13,50.71],[-3.46,50.65],[-3.58,50.25],[-4.09,50.25],[-4.19,50.38],[-4.35,50.38],[-4.93,50.25],[-5.15,49.98],[-5.75,50.05],[-5.77,50.25],[-5.28,50.38],[-5.13,50.58],[-4.88,50.58],[-4.82,50.78],[-4.66,50.85],[-4.68,51.05],[-4.43,51.05],[-4.2,51.31],[-3.09,51.25],[-2.96,51.58],[-2.63,51.71],[-2.74,51.92],[-2.58,52.05],[-2.53,52.38],[-3.05,52.52],[-3.16,52.72],[-3.08,52.79],[-3.26,52.86],[-3.27,52.99],[-3.7,52.92],[-3.71,53.06],[-4.07,53.19],[-4.08,53.33],[-2.98,53.46],[-2.71,53.33],[-2.19,53.33],[-2.03,53.46],[-1.68,53.39],[-1.44,53.6],[-0.16,53.73],[0.3,53.39],[0.32,53.12],[0.07,52.99],[0.17,52.86],[0.34,52.86],[0.49,53.06],[0.92,53.06],[1.01,53.06],[1.62,52.86],[1.74,52.38],[1.43,51.98],[1.17,51.98],[1.18,51.78]]],[[[6.28,51.85],[6.19,51.85],[6.19,51.92],[6.28,51.92],[6.28,51.85]]],[[[34.09,35.0],[33.7,34.94],[33.52,34.74],[33.13,34.68],[33.04,34.55],[32.37,34.74],[32.23,34.94],[32.25,35.13],[32.55,35.13],[32.88,35.26],[32.89,35.39],[33.74,35.39],[34.31,35.71],[34.39,35.71],[34.54,35.71],[34.53,35.58],[33.96,35.26],[34.09,35.0]]],[[[24.3,35.32],[25.69,35.32],[25.68,35.13],[26.23,35.19],[26.14,35.07],[24.82,35.0],[24.76,35.19],[24.53,35.19],[24.45,35.19],[23.68,35.26],[23.62,35.52],[24.16,35.52],[24.15,35.39],[24.3,35.32]]],[[[28.02,36.48],[28.09,36.48],[28.25,36.48],[28.14,36.03],[27.74,35.9],[27.69,36.29],[28.02,36.48]]],[[[22.89,36.42],[22.96,36.42],[23.12,36.35],[23.11,36.16],[22.87,36.16],[22.89,36.42]]],[[[27.12,36.93],[27.19,36.8],[26.87,36.67],[27.04,36.93],[27.12,36.93]]],[[[25.34,37.13],[25.42,37.13],[25.57,37.13],[25.56,37.0],[25.33,37.0],[25.34,37.13]]],[[[24.36,37.71],[24.43,37.58],[24.27,37.51],[24.2,37.64],[24.28,37.71],[24.36,37.71]]],[[[24.99,37.71],[25.06,37.71],[25.22,37.71],[25.29,37.51],[25.05,37.51],[24.99,37.71]]],[[[26.08,37.71],[26.16,37.71],[26.31,37.71],[26.3,37.58],[25.99,37.51],[26.08,37.71]]],[[[24.69,38.03],[24.77,38.03],[25.07,37.77],[24.83,37.71],[24.68,37.84],[24.69,38.03]]],[[[25.82,38.48],[25.91,38.67],[25.99,38.67],[26.22,38.55],[26.11,38.16],[25.88,38.16],[25.9,38.48],[25.82,38.48]]],[[[23.56,38.74],[23.48,38.74],[23.49,38.8],[23.57,38.8],[23.56,38.74]]],[[[24.36,39.0],[24.44,39.0],[24.67,38.93],[24.66,38.74],[24.36,38.87],[24.36,39.0]]],[[[26.09,39.0],[26.1,39.13],[25.79,39.19],[26.04,39.38],[26.12,39.38],[26.51,39.32],[26.64,39.0],[26.25,38.93],[26.09,39.0]]],[[[25.07,40.03],[25.15,40.03],[25.46,40.03],[25.45,39.84],[24.97,39.84],[25.07,40.03]]],[[[35.02,45.3],[36.42,45.43],[36.37,45.1],[35.88,45.04],[35.73,45.17],[35.41,45.17],[35.3,44.97],[34.38,44.78],[33.93,44.45],[33.52,44.45],[33.47,44.65],[33.55,44.65],[33.61,45.1],[32.92,45.43],[33.94,45.69],[34.02,45.69],[34.62,45.89],[34.6,45.76],[34.74,45.63],[34.99,45.63],[35.02,45.3]]],[[[37.93,44.71],[37.53,44.71],[37.26,45.04],[36.78,45.1],[36.75,45.43],[36.91,45.43],[36.97,45.3],[37.7,45.3],[37.75,45.56],[37.59,45.63],[37.76,45.63],[37.89,45.96],[38.33,46.15],[38.37,46.35],[37.9,46.48],[37.84,46.61],[38.49,46.61],[38.62,46.87],[38.79,46.87],[38.89,47.01],[39.22,47.01],[39.2,47.33],[38.35,47.2],[38.49,47.53],[39.24,47.6],[39.72,47.47],[39.74,47.14],[39.55,47.01],[39.6,46.81],[39.43,46.81],[39.29,46.48],[39.1,46.35],[39.09,46.28],[38.86,45.89],[38.7,45.89],[38.39,45.5],[38.12,44.84],[37.93,44.71]]]]},"properties":{"id":"territory:Roman Empire:68","name":"Roman Empire","actor":"로마","valid_from":68,"valid_to":78,"wikidata":"Q12544","area":4211152,"src":"cliopatria","confidence":"medium"}},{"type":"Feature","geometry":{"type":"MultiPolygon","coordinates":[[[[2.61,34.42],[2.53,34.42],[2.53,34.49],[2.61,34.49],[2.61,34.42]]],[[[14.34,36.03],[14.42,36.03],[14.57,35.97],[14.57,35.77],[14.34,35.84],[14.34,36.03]]],[[[7.24,50.71],[7.32,50.71],[7.33,50.51],[7.76,49.91],[8.17,50.25],[8.51,50.11],[8.52,49.85],[8.43,49.85],[8.52,49.58],[8.35,49.58],[8.28,49.12],[8.11,49.05],[8.2,48.92],[7.87,48.72],[7.87,48.59],[7.71,48.46],[7.56,47.6],[8.55,47.66],[8.55,47.8],[8.88,47.8],[8.96,48.06],[9.12,48.19],[9.78,48.39],[9.86,48.52],[9.95,48.52],[9.95,48.59],[10.03,48.59],[10.03,48.52],[10.45,48.52],[10.94,48.79],[11.19,48.79],[11.86,49.18],[12.61,48.99],[12.94,48.72],[13.52,48.65],[14.26,48.26],[14.67,48.26],[14.84,48.39],[15.5,48.19],[16.66,48.32],[16.9,48.13],[17.07,48.19],[17.07,48.06],[17.63,47.8],[18.63,47.8],[18.8,47.93],[18.96,47.8],[18.95,47.66],[19.27,47.47],[19.17,47.2],[18.92,47.14],[19.0,47.01],[18.83,47.01],[18.82,46.81],[18.91,46.81],[18.9,46.61],[19.05,46.41],[18.95,46.09],[18.87,46.09],[18.95,46.02],[18.85,45.76],[19.01,45.63],[18.93,45.56],[19.0,45.37],[20.22,45.37],[20.37,45.17],[20.61,45.1],[20.52,44.97],[20.67,44.78],[21.41,44.91],[21.64,44.71],[21.88,44.71],[22.03,44.52],[22.19,44.52],[22.37,44.71],[22.69,44.71],[22.77,44.58],[22.52,44.52],[22.51,44.39],[22.98,44.12],[22.88,43.86],[23.53,43.93],[23.92,43.86],[24.08,43.73],[24.81,43.8],[25.52,43.67],[26.37,44.12],[27.42,44.12],[27.92,44.32],[27.87,44.58],[27.71,44.58],[27.73,44.78],[27.89,44.78],[27.92,45.1],[27.77,45.17],[27.79,45.37],[28.04,45.43],[28.05,45.56],[28.29,45.5],[28.27,45.37],[28.43,45.3],[28.76,45.3],[29.18,45.5],[29.67,45.43],[29.53,44.91],[29.02,44.78],[29.05,44.97],[28.8,44.97],[28.84,44.58],[28.58,44.39],[28.54,43.99],[28.62,43.99],[28.48,43.47],[28.16,43.47],[28.23,43.34],[27.9,43.28],[27.8,43.15],[27.85,42.76],[27.51,42.63],[27.49,42.43],[27.8,42.24],[27.78,42.11],[28.0,41.91],[27.98,41.65],[28.22,41.65],[28.28,41.46],[28.51,41.33],[28.98,41.26],[28.96,41.13],[30.48,41.2],[30.62,41.07],[31.18,41.07],[31.53,41.39],[32.03,41.52],[32.04,41.65],[32.19,41.59],[32.69,41.78],[32.63,41.91],[34.78,41.91],[34.88,42.04],[35.12,42.04],[35.09,41.78],[35.31,41.65],[35.95,41.72],[36.21,41.26],[36.92,41.26],[36.92,41.2],[36.9,41.07],[36.47,40.87],[36.41,41.0],[36.09,40.94],[35.18,41.33],[34.85,41.2],[34.58,40.94],[34.56,40.81],[34.79,40.74],[34.5,40.36],[34.54,39.97],[34.83,39.77],[35.29,39.71],[35.36,39.58],[37.48,39.51],[38.17,39.38],[38.23,39.26],[38.75,39.06],[38.74,39.0],[38.74,38.93],[38.73,38.87],[38.36,38.48],[38.32,38.16],[38.46,38.03],[38.43,37.77],[37.99,37.38],[37.96,37.13],[38.18,37.0],[38.13,35.97],[38.43,35.84],[39.5,35.71],[39.94,35.52],[40.06,35.26],[40.28,35.13],[40.26,35.0],[40.48,34.87],[40.55,34.16],[40.47,34.16],[40.31,34.1],[40.4,34.23],[40.26,34.29],[39.12,34.49],[37.99,33.97],[37.74,33.78],[37.73,33.65],[37.57,33.65],[37.07,33.26],[37.05,33.07],[36.9,33.07],[36.72,32.75],[36.75,32.3],[36.52,32.24],[36.66,32.11],[36.49,31.98],[36.46,31.66],[36.39,31.66],[36.42,31.21],[36.27,31.21],[36.4,30.95],[36.15,30.69],[36.15,30.63],[35.84,30.63],[35.59,30.37],[34.39,30.5],[34.3,30.37],[33.15,30.18],[32.6,29.92],[32.53,29.92],[32.43,29.6],[32.64,29.34],[32.69,28.96],[32.84,28.89],[33.11,28.38],[33.61,27.99],[33.59,27.61],[33.8,27.42],[33.93,27.03],[34.07,26.97],[34.05,26.58],[34.2,26.52],[34.46,25.87],[34.61,25.81],[35.15,24.65],[35.86,24.01],[35.85,23.88],[35.56,23.94],[35.55,23.81],[35.11,23.88],[33.76,23.69],[33.68,23.69],[33.39,23.81],[32.04,23.69],[31.67,23.75],[30.54,23.36],[30.46,23.36],[30.4,23.56],[30.1,23.75],[30.11,23.88],[29.96,23.88],[29.67,24.2],[28.57,24.65],[28.29,25.16],[28.24,25.94],[28.35,26.58],[28.27,26.58],[28.15,27.35],[27.94,27.54],[27.71,27.54],[27.79,27.67],[27.43,27.99],[27.28,27.93],[27.29,28.12],[27.14,28.25],[25.59,28.96],[25.37,29.28],[25.15,29.28],[25.0,29.41],[24.85,29.34],[24.78,29.54],[24.33,29.67],[23.96,29.92],[23.51,29.99],[22.92,30.31],[22.76,30.24],[22.77,30.37],[21.94,30.56],[20.95,30.56],[18.73,29.99],[17.91,30.18],[16.7,30.69],[15.49,30.95],[15.18,30.89],[15.19,31.08],[14.58,31.53],[14.59,31.66],[14.28,31.91],[13.6,32.17],[13.07,32.17],[13.07,32.3],[11.77,32.3],[11.77,32.43],[11.54,32.43],[11.46,32.56],[11.31,32.49],[11.16,32.69],[10.39,33.01],[10.01,33.01],[10.08,33.14],[9.63,33.14],[9.55,33.33],[9.62,33.46],[9.32,33.59],[9.24,33.84],[9.08,33.91],[9.08,34.04],[8.93,34.04],[8.93,34.16],[8.31,34.29],[8.08,34.23],[8.0,34.42],[7.61,34.55],[7.15,34.49],[6.92,34.61],[6.46,34.55],[6.15,34.68],[5.38,34.68],[5.15,34.55],[4.45,34.61],[3.84,34.42],[3.46,34.49],[2.92,34.36],[2.45,34.61],[1.29,34.61],[0.68,34.42],[0.45,34.49],[0.3,34.36],[-1.24,34.36],[-1.31,34.16],[-1.54,34.23],[-1.61,34.1],[-1.69,34.23],[-2.0,34.23],[-3.76,34.1],[-4.14,33.97],[-4.21,33.84],[-4.37,33.91],[-5.04,33.59],[-5.27,33.65],[-5.8,33.46],[-6.03,33.52],[-6.63,33.33],[-6.7,33.2],[-6.94,33.26],[-7.53,32.94],[-8.06,32.94],[-8.15,33.14],[-8.47,33.26],[-8.4,33.39],[-7.13,33.84],[-7.06,33.97],[-6.9,33.91],[-6.61,34.16],[-6.7,34.29],[-6.47,34.36],[-6.48,34.49],[-6.33,34.55],[-6.28,34.87],[-6.2,34.87],[-6.29,35.07],[-6.13,35.0],[-6.15,35.19],[-6.0,35.32],[-5.88,35.77],[-5.34,35.84],[-5.24,35.52],[-4.75,35.19],[-3.13,35.19],[-2.98,35.26],[-2.99,35.45],[-2.84,35.45],[-2.82,35.13],[-2.66,35.07],[-1.89,35.07],[-1.59,35.26],[-1.36,35.26],[-1.14,35.45],[-1.22,35.64],[-1.07,35.58],[-0.92,35.71],[-0.53,35.71],[-0.46,35.84],[0.08,35.84],[0.38,36.22],[0.68,36.29],[0.68,36.42],[0.91,36.35],[1.22,36.55],[1.53,36.48],[2.38,36.67],[2.69,36.61],[2.84,36.74],[3.23,36.74],[3.46,36.87],[3.85,36.8],[4.24,36.93],[4.86,36.87],[5.1,36.67],[5.56,36.67],[5.64,36.8],[6.11,36.8],[6.1,36.93],[6.33,37.06],[6.8,36.87],[7.19,36.87],[7.35,37.06],[7.5,37.06],[7.74,36.87],[8.52,36.87],[8.9,37.13],[9.06,37.06],[9.37,37.25],[9.76,37.32],[9.99,37.19],[10.23,37.25],[10.23,37.06],[10.31,37.06],[10.23,36.8],[10.46,36.74],[11.01,37.0],[11.01,36.8],[10.46,36.42],[10.54,36.35],[10.46,35.9],[10.7,35.71],[10.85,35.77],[10.93,35.58],[11.08,35.58],[11.08,35.39],[11.01,35.39],[11.08,35.0],[10.85,34.94],[10.85,34.81],[10.54,34.55],[10.0,34.29],[10.08,34.23],[10.01,33.91],[10.24,33.71],[10.54,33.71],[10.7,33.52],[11.08,33.59],[11.16,33.2],[11.46,33.2],[12.23,32.81],[12.61,32.88],[12.53,32.75],[12.84,32.75],[12.84,32.88],[13.3,32.94],[13.45,32.81],[13.76,32.88],[13.76,32.75],[14.07,32.75],[14.44,32.49],[14.67,32.56],[14.75,32.43],[15.06,32.43],[15.28,32.3],[15.42,31.66],[15.58,31.59],[15.65,31.4],[16.18,31.21],[16.86,31.21],[17.85,30.95],[18.22,30.76],[18.59,30.37],[18.9,30.37],[18.97,30.24],[19.66,30.37],[19.96,30.56],[19.97,30.69],[20.2,30.89],[20.13,31.14],[20.21,31.27],[20.0,31.59],[20.09,32.11],[20.02,32.24],[20.25,32.24],[20.33,32.49],[20.48,32.43],[20.56,32.56],[20.72,32.56],[20.64,32.69],[20.87,32.62],[21.11,32.81],[21.41,32.75],[21.88,32.94],[23.09,32.62],[23.08,32.43],[23.23,32.36],[23.15,32.24],[23.3,32.17],[23.68,32.17],[24.13,31.98],[24.89,31.98],[25.11,31.79],[25.1,31.59],[25.25,31.46],[26.85,31.46],[27.3,31.34],[27.51,31.14],[28.5,31.01],[28.87,30.82],[29.4,30.82],[29.49,31.01],[29.63,30.95],[29.87,31.08],[29.8,31.21],[29.88,31.27],[30.34,31.27],[30.27,31.4],[30.35,31.46],[30.81,31.46],[30.97,31.53],[30.97,31.66],[31.2,31.66],[31.12,31.53],[31.27,31.46],[31.88,31.46],[31.78,31.21],[31.94,31.27],[32.0,31.08],[32.3,31.08],[32.24,31.21],[32.39,31.21],[32.53,31.08],[32.77,31.14],[32.83,31.01],[33.98,31.14],[34.3,31.27],[34.31,31.4],[34.55,31.53],[34.64,31.72],[34.57,31.85],[34.81,31.98],[34.77,32.36],[35.02,32.62],[35.06,33.01],[35.22,33.07],[35.4,33.39],[35.35,33.65],[35.5,33.65],[35.45,33.91],[35.68,33.97],[35.64,34.36],[35.79,34.29],[36.05,34.55],[36.07,34.74],[35.93,34.87],[35.96,35.19],[35.88,35.19],[35.99,35.52],[35.84,35.58],[35.99,36.22],[35.84,36.29],[36.26,36.61],[36.29,36.8],[36.14,36.93],[35.83,36.93],[35.49,36.61],[35.11,36.74],[34.95,36.67],[34.89,36.87],[34.58,36.87],[34.25,36.67],[33.98,36.29],[33.27,36.22],[32.71,36.03],[32.56,36.03],[32.5,36.22],[32.07,36.61],[31.09,36.93],[30.62,36.93],[30.49,36.35],[30.03,36.35],[29.94,36.22],[29.24,36.22],[29.12,36.74],[28.74,36.74],[28.59,36.87],[28.36,36.87],[28.19,36.67],[28.03,36.67],[28.14,37.06],[28.07,37.13],[27.6,37.13],[27.54,37.38],[27.22,37.32],[27.31,37.45],[27.16,37.58],[27.26,37.77],[27.18,37.77],[27.28,38.03],[26.89,38.09],[26.82,38.22],[26.43,38.22],[26.38,38.67],[26.54,38.61],[26.59,38.35],[27.06,38.35],[27.08,38.55],[26.85,38.61],[26.96,39.0],[26.88,39.0],[26.89,39.19],[26.74,39.26],[26.85,39.58],[26.13,39.51],[26.27,40.29],[26.6,40.48],[26.68,40.48],[26.67,40.36],[27.47,40.42],[27.54,40.29],[27.7,40.29],[27.79,40.48],[27.95,40.48],[27.94,40.36],[29.05,40.36],[28.9,40.48],[28.91,40.61],[29.48,40.74],[29.49,40.87],[29.25,40.81],[29.1,40.94],[29.12,41.07],[28.63,41.0],[28.17,41.13],[28.08,41.0],[27.53,41.07],[27.02,40.68],[26.92,40.48],[26.63,40.74],[26.14,40.61],[26.08,40.87],[25.38,41.0],[24.35,41.0],[24.01,40.74],[23.7,40.81],[23.68,40.61],[23.84,40.55],[23.74,40.23],[23.27,40.29],[22.88,40.48],[22.89,40.61],[22.65,40.61],[22.56,40.36],[22.54,40.1],[22.7,40.1],[22.61,39.9],[23.14,39.45],[22.82,39.38],[22.8,39.06],[23.12,39.13],[23.11,39.0],[23.34,39.0],[23.49,38.87],[23.33,38.8],[23.03,38.93],[22.94,38.74],[23.17,38.67],[23.31,38.48],[23.63,38.48],[23.56,38.74],[24.03,38.67],[24.18,38.55],[24.16,38.22],[24.0,38.22],[23.98,37.84],[23.44,38.03],[23.21,38.03],[23.2,37.9],[23.04,37.9],[23.11,37.64],[23.34,37.64],[23.4,37.32],[23.17,37.32],[23.18,37.45],[22.95,37.58],[22.71,37.58],[22.7,37.32],[22.85,37.25],[23.06,36.67],[22.83,36.87],[22.6,36.87],[22.51,36.67],[22.36,36.67],[22.22,37.06],[21.91,37.06],[21.9,36.87],[21.74,36.87],[21.68,37.19],[21.6,37.19],[21.7,37.51],[21.24,37.84],[21.42,38.16],[21.73,38.16],[21.74,38.35],[21.19,38.42],[20.97,38.74],[20.74,38.8],[20.91,39.06],[20.3,39.38],[20.15,39.71],[19.91,39.58],[19.76,39.64],[19.76,39.77],[20.0,39.77],[20.01,39.97],[19.63,40.29],[19.47,40.29],[19.49,40.61],[19.25,40.61],[19.25,40.74],[19.5,40.87],[19.44,41.26],[19.52,41.39],[19.44,41.39],[19.53,41.52],[19.45,41.52],[19.54,41.78],[18.85,42.37],[18.14,42.63],[17.99,42.82],[17.59,42.89],[17.51,42.76],[17.52,42.95],[17.36,42.95],[17.37,43.21],[17.12,43.15],[17.05,43.41],[16.73,43.34],[16.73,43.54],[16.58,43.6],[15.93,43.47],[16.01,43.6],[15.86,43.8],[15.7,43.8],[15.62,43.93],[15.37,43.86],[15.46,43.99],[15.22,44.06],[15.15,44.39],[14.91,44.58],[14.92,44.97],[14.52,45.1],[14.6,45.37],[14.2,45.37],[14.19,45.04],[13.95,45.04],[13.94,44.91],[13.78,44.91],[13.71,45.24],[13.54,45.3],[13.55,45.5],[13.71,45.5],[13.71,45.76],[13.39,45.82],[13.14,45.82],[13.06,45.63],[12.82,45.69],[12.65,45.56],[12.16,45.5],[12.16,45.17],[12.4,45.04],[12.4,44.78],[12.16,44.84],[12.15,44.45],[12.31,44.19],[12.87,43.8],[13.04,43.86],[13.03,43.73],[13.36,43.67],[13.67,43.41],[13.75,43.08],[13.99,42.95],[13.9,42.76],[14.06,42.5],[14.37,42.24],[14.53,42.24],[14.61,42.11],[14.77,42.17],[14.77,42.04],[14.92,41.98],[15.17,42.04],[15.24,41.91],[16.12,41.91],[16.11,41.78],[15.87,41.72],[15.94,41.39],[17.2,41.0],[17.51,40.74],[17.98,40.61],[18.44,40.16],[18.35,39.9],[18.11,39.9],[17.81,40.36],[17.42,40.36],[17.35,40.55],[17.03,40.55],[16.87,40.48],[16.95,40.42],[16.86,40.29],[16.62,40.29],[16.7,40.1],[16.46,39.97],[16.45,39.64],[16.92,39.51],[17.07,39.38],[17.14,39.06],[16.5,38.8],[16.49,38.42],[15.93,37.96],[15.7,37.96],[15.62,38.16],[15.39,38.16],[15.07,37.64],[15.06,37.25],[15.21,37.19],[15.05,36.74],[14.66,36.74],[14.28,37.13],[13.58,37.25],[13.19,37.58],[12.49,37.71],[12.49,37.9],[12.65,38.09],[13.04,38.03],[13.12,38.16],[13.35,38.16],[13.67,37.96],[14.06,37.96],[15.86,38.29],[15.95,38.67],[16.27,38.74],[16.27,38.93],[16.12,39.06],[15.9,39.77],[15.67,39.9],[15.75,40.03],[15.43,40.03],[15.2,40.23],[15.04,40.23],[14.89,40.68],[14.42,40.68],[14.42,40.87],[14.1,40.87],[13.95,41.13],[13.79,41.13],[13.71,41.26],[13.0,41.33],[12.92,41.46],[12.6,41.52],[12.13,41.91],[12.13,42.04],[11.81,42.11],[11.65,42.37],[11.49,42.3],[11.42,42.43],[11.26,42.43],[11.18,42.63],[11.02,42.63],[11.02,42.82],[10.54,43.08],[10.21,43.99],[9.89,43.99],[9.97,44.12],[9.73,44.12],[9.16,44.45],[8.43,44.39],[8.03,43.93],[7.15,43.73],[6.99,43.54],[6.67,43.47],[6.52,43.21],[6.28,43.15],[5.8,43.15],[5.63,43.28],[5.39,43.28],[5.39,43.41],[5.06,43.47],[4.18,43.47],[4.17,43.6],[3.85,43.6],[3.62,43.41],[3.14,43.28],[2.98,43.15],[3.01,42.56],[3.18,42.37],[3.12,41.91],[2.57,41.59],[2.33,41.59],[2.11,41.33],[1.24,41.2],[0.7,40.94],[0.71,40.68],[0.25,40.42],[0.18,40.16],[-0.13,40.03],[-0.35,39.71],[-0.31,39.13],[0.1,38.74],[-0.66,38.29],[-0.8,38.03],[-0.7,37.64],[-1.71,37.45],[-1.62,37.32],[-1.86,37.32],[-2.06,36.8],[-2.53,36.87],[-2.68,36.74],[-4.47,36.74],[-4.69,36.55],[-5.23,36.48],[-5.29,36.22],[-5.66,36.03],[-5.83,36.22],[-6.06,36.22],[-6.33,36.67],[-6.35,36.93],[-6.59,37.0],[-6.84,37.25],[-7.47,37.25],[-7.45,37.13],[-7.68,37.0],[-8.7,37.13],[-9.0,37.0],[-8.9,37.58],[-8.82,37.58],[-8.82,38.48],[-9.21,38.42],[-9.23,38.67],[-9.38,38.61],[-9.55,38.74],[-9.57,38.93],[-9.43,39.06],[-9.39,39.45],[-9.16,39.51],[-9.1,39.77],[-9.03,39.77],[-8.93,40.36],[-8.85,40.36],[-8.87,40.61],[-8.73,40.74],[-8.96,42.17],[-8.66,42.37],[-9.08,42.56],[-9.1,42.76],[-9.28,42.89],[-9.3,43.15],[-9.16,43.28],[-8.85,43.41],[-8.37,43.41],[-8.39,43.6],[-8.24,43.73],[-7.28,43.73],[-7.34,43.6],[-7.18,43.54],[-5.73,43.6],[-4.99,43.41],[-3.47,43.47],[-3.3,43.34],[-1.69,43.34],[-1.39,43.67],[-1.35,44.25],[-1.27,44.25],[-1.29,44.52],[-1.21,44.52],[-1.25,45.17],[-1.17,45.17],[-1.19,45.43],[-1.03,45.5],[-1.05,45.69],[-1.21,45.76],[-1.14,45.89],[-1.22,45.89],[-1.25,46.28],[-1.67,46.35],[-2.01,46.61],[-2.02,46.74],[-2.19,46.81],[-2.14,47.14],[-2.23,47.27],[-2.56,47.27],[-2.58,47.47],[-2.83,47.47],[-2.84,47.6],[-3.16,47.47],[-3.34,47.73],[-3.76,47.73],[-3.93,47.86],[-4.42,47.8],[-4.69,47.99],[-4.71,48.13],[-4.55,48.19],[-4.64,48.32],[-4.89,48.32],[-4.91,48.52],[-4.6,48.72],[-3.85,48.72],[-3.46,48.92],[-3.12,48.92],[-2.76,48.59],[-2.52,48.72],[-1.6,48.65],[-1.72,49.05],[-1.64,49.05],[-1.65,49.25],[-1.91,49.38],[-2.03,49.78],[-1.36,49.78],[-1.25,49.45],[0.01,49.38],[-0.01,49.65],[0.22,49.85],[1.05,49.98],[1.45,50.25],[1.42,50.71],[1.66,51.05],[2.58,51.18],[2.74,51.31],[3.41,51.45],[3.4,51.65],[3.74,51.65],[3.65,51.78],[3.98,51.92],[4.06,52.12],[4.23,51.98],[4.57,51.98],[5.25,52.12],[5.93,51.98],[6.37,51.65],[6.54,51.65],[6.54,51.58],[6.89,51.38],[7.06,50.98],[7.32,50.91],[7.24,50.71]]],[[[1.27,38.8],[1.18,39.06],[1.26,39.13],[1.34,39.13],[1.65,39.13],[1.66,39.0],[1.43,38.8],[1.27,38.8]]],[[[20.07,39.58],[20.07,39.64],[20.15,39.64],[20.15,39.58],[20.07,39.58]]],[[[3.3,39.32],[2.82,39.32],[2.66,39.51],[2.35,39.45],[2.34,39.64],[2.88,39.97],[2.96,39.97],[3.19,39.97],[3.2,39.84],[3.52,39.77],[3.3,39.32]]],[[[3.74,40.1],[3.82,40.1],[4.22,40.1],[4.3,39.84],[3.83,39.9],[3.74,40.1]]],[[[9.75,39.64],[9.67,39.64],[9.59,39.13],[9.12,39.19],[8.97,38.87],[8.73,38.87],[8.34,39.0],[8.41,39.26],[8.33,39.26],[8.33,39.51],[8.41,39.51],[8.48,39.9],[8.32,39.97],[8.4,40.29],[8.32,40.29],[8.32,40.48],[8.16,40.55],[8.15,40.94],[8.55,40.87],[9.02,41.26],[9.1,41.26],[9.5,41.2],[9.82,40.74],[9.82,40.36],[9.67,40.29],[9.75,39.64]]],[[[9.5,41.98],[9.5,41.78],[9.26,41.39],[9.1,41.33],[8.78,41.52],[8.78,41.72],[8.62,41.72],[8.7,41.91],[8.54,42.11],[8.53,42.5],[8.77,42.69],[9.17,42.76],[9.25,43.02],[9.33,43.02],[9.49,43.02],[9.49,42.76],[9.57,42.76],[9.58,41.98],[9.5,41.98]]],[[[10.13,42.89],[10.21,42.89],[10.46,42.89],[10.46,42.69],[10.21,42.69],[10.13,42.89]]],[[[14.27,44.97],[14.35,44.97],[14.51,44.91],[14.5,44.52],[14.26,44.58],[14.27,44.97]]],[[[19.09,45.5],[19.0,45.5],[19.01,45.56],[19.09,45.56],[19.09,45.5]]],[[[19.17,47.07],[19.08,47.07],[19.09,47.14],[19.17,47.14],[19.17,47.07]]],[[[16.99,48.19],[16.91,48.19],[16.91,48.26],[16.99,48.26],[16.99,48.19]]],[[[16.91,48.26],[16.83,48.26],[16.83,48.32],[16.91,48.32],[16.91,48.26]]],[[[6.19,51.85],[6.19,51.92],[6.28,51.92],[6.28,51.85],[6.19,51.85]]],[[[0.34,52.86],[0.49,53.06],[1.09,53.06],[1.53,52.92],[1.72,52.72],[1.74,52.38],[1.65,52.38],[1.59,52.12],[1.43,51.98],[1.17,51.98],[1.18,51.78],[0.84,51.78],[0.86,51.51],[0.52,51.51],[1.38,51.38],[1.31,51.11],[0.49,50.78],[-1.37,50.85],[-1.11,50.78],[-1.18,50.58],[-1.51,50.58],[-1.52,50.71],[-2.61,50.58],[-2.79,50.71],[-3.13,50.71],[-3.46,50.65],[-3.58,50.25],[-4.09,50.25],[-4.19,50.38],[-4.35,50.38],[-4.93,50.25],[-5.15,49.98],[-5.75,50.05],[-5.77,50.25],[-5.28,50.38],[-5.13,50.58],[-4.88,50.58],[-4.82,50.78],[-4.66,50.85],[-4.68,51.05],[-4.43,51.05],[-4.2,51.31],[-3.09,51.25],[-2.96,51.58],[-2.63,51.71],[-2.74,51.92],[-2.58,52.05],[-2.53,52.38],[-3.05,52.52],[-3.16,52.72],[-3.08,52.79],[-3.26,52.86],[-3.27,52.99],[-3.7,52.92],[-3.71,53.06],[-4.07,53.19],[-4.08,53.33],[-3.15,53.46],[-3.12,54.0],[-2.96,54.07],[-2.89,54.27],[-2.72,54.27],[-2.48,54.48],[-2.62,54.95],[-2.54,55.02],[-1.52,55.29],[-1.49,54.95],[-1.4,54.95],[-1.29,54.68],[-0.67,54.61],[-0.39,54.41],[0.02,53.66],[0.02,53.6],[0.3,53.39],[0.32,53.12],[0.07,52.99],[0.17,52.86],[0.34,52.86]]],[[[34.09,35.0],[33.7,34.94],[33.52,34.74],[33.13,34.68],[33.04,34.55],[32.37,34.74],[32.23,34.94],[32.25,35.13],[32.55,35.13],[32.88,35.26],[32.89,35.39],[33.74,35.39],[34.31,35.71],[34.39,35.71],[34.54,35.71],[34.53,35.58],[33.96,35.26],[34.09,35.0]]],[[[24.15,35.39],[24.3,35.32],[25.69,35.32],[25.68,35.13],[26.23,35.19],[26.14,35.07],[24.82,35.0],[24.76,35.19],[24.53,35.19],[24.45,35.19],[23.68,35.26],[23.62,35.52],[24.16,35.52],[24.15,35.39]]],[[[27.69,36.29],[28.02,36.48],[28.09,36.48],[28.25,36.48],[28.14,36.03],[27.74,35.9],[27.69,36.29]]],[[[22.89,36.42],[22.96,36.42],[23.12,36.35],[23.11,36.16],[22.87,36.16],[22.89,36.42]]],[[[27.12,36.93],[27.19,36.8],[26.87,36.67],[27.04,36.93],[27.12,36.93]]],[[[25.34,37.13],[25.42,37.13],[25.57,37.13],[25.56,37.0],[25.33,37.0],[25.34,37.13]]],[[[24.36,37.71],[24.43,37.58],[24.27,37.51],[24.2,37.64],[24.28,37.71],[24.36,37.71]]],[[[25.06,37.71],[25.22,37.71],[25.29,37.51],[25.05,37.51],[24.99,37.71],[25.06,37.71]]],[[[26.08,37.71],[26.16,37.71],[26.31,37.71],[26.3,37.58],[25.99,37.51],[26.08,37.71]]],[[[20.62,37.9],[20.7,37.9],[20.93,37.9],[20.92,37.64],[20.61,37.71],[20.62,37.9]]],[[[24.69,38.03],[24.77,38.03],[25.07,37.77],[24.83,37.71],[24.68,37.84],[24.69,38.03]]],[[[20.33,38.35],[20.49,38.42],[20.57,38.42],[20.8,38.29],[20.79,38.09],[20.32,38.16],[20.33,38.35]]],[[[25.9,38.48],[25.82,38.48],[25.91,38.67],[25.99,38.67],[26.22,38.55],[26.11,38.16],[25.88,38.16],[25.9,38.48]]],[[[23.57,38.8],[23.56,38.74],[23.48,38.74],[23.49,38.8],[23.57,38.8]]],[[[24.36,39.0],[24.44,39.0],[24.67,38.93],[24.66,38.74],[24.36,38.87],[24.36,39.0]]],[[[26.1,39.13],[25.79,39.19],[26.04,39.38],[26.12,39.38],[26.51,39.32],[26.64,39.0],[26.25,38.93],[26.09,39.0],[26.1,39.13]]],[[[25.15,40.03],[25.46,40.03],[25.45,39.84],[24.97,39.84],[25.07,40.03],[25.15,40.03]]]]},"properties":{"id":"territory:Roman Empire:51","name":"Roman Empire","actor":"로마","valid_from":51,"valid_to":60,"wikidata":"Q12544","area":4099311,"src":"cliopatria","confidence":"medium"}},{"type":"Feature","geometry":{"type":"MultiPolygon","coordinates":[[[[2.61,34.42],[2.53,34.42],[2.53,34.49],[2.61,34.49],[2.61,34.42]]],[[[14.34,36.03],[14.42,36.03],[14.57,35.97],[14.57,35.77],[14.34,35.84],[14.34,36.03]]],[[[7.24,50.71],[7.32,50.71],[7.33,50.51],[7.76,49.91],[8.17,50.25],[8.51,50.11],[8.52,49.85],[8.43,49.85],[8.52,49.58],[8.35,49.58],[8.28,49.12],[8.11,49.05],[8.2,48.92],[7.87,48.72],[7.87,48.59],[7.71,48.46],[7.56,47.6],[8.55,47.66],[8.55,47.8],[8.88,47.8],[8.96,48.06],[9.12,48.19],[9.78,48.39],[9.86,48.52],[9.95,48.52],[9.95,48.59],[10.03,48.59],[10.03,48.52],[10.45,48.52],[10.94,48.79],[11.19,48.79],[11.86,49.18],[12.61,48.99],[12.94,48.72],[13.52,48.65],[14.26,48.26],[14.67,48.26],[14.84,48.39],[15.5,48.19],[16.66,48.32],[16.9,48.13],[17.07,48.19],[17.07,48.06],[17.63,47.8],[18.63,47.8],[18.8,47.93],[18.96,47.8],[18.95,47.66],[19.27,47.47],[19.17,47.2],[18.92,47.14],[19.0,47.01],[18.83,47.01],[18.82,46.81],[18.91,46.81],[18.9,46.61],[19.05,46.41],[18.95,46.09],[18.87,46.09],[18.95,46.02],[18.85,45.76],[19.01,45.63],[18.93,45.56],[19.0,45.37],[20.22,45.37],[20.37,45.17],[20.61,45.1],[20.52,44.97],[20.67,44.78],[21.41,44.91],[21.64,44.71],[21.88,44.71],[22.03,44.52],[22.19,44.52],[22.37,44.71],[22.69,44.71],[22.77,44.58],[22.52,44.52],[22.51,44.39],[22.98,44.12],[22.88,43.86],[23.53,43.93],[23.92,43.86],[24.08,43.73],[24.16,43.73],[24.14,43.54],[23.97,43.47],[23.95,43.15],[23.7,43.08],[23.69,42.89],[23.52,42.76],[23.57,42.43],[23.33,42.3],[23.21,41.85],[23.45,41.78],[23.74,41.46],[25.68,41.78],[26.23,41.72],[26.57,41.98],[27.46,42.11],[27.32,42.24],[27.33,42.37],[27.17,42.43],[27.19,42.63],[27.45,42.82],[27.66,43.28],[27.99,43.41],[28.02,43.67],[28.3,44.06],[28.46,44.84],[28.8,44.97],[28.79,44.91],[28.84,44.58],[28.58,44.39],[28.54,43.99],[28.62,43.99],[28.48,43.47],[28.16,43.47],[28.23,43.34],[27.9,43.28],[27.8,43.15],[27.85,42.76],[27.51,42.63],[27.49,42.43],[27.8,42.24],[27.78,42.11],[28.0,41.91],[27.98,41.65],[28.22,41.65],[28.35,41.39],[28.98,41.26],[28.96,41.13],[30.48,41.2],[30.62,41.07],[31.18,41.07],[31.53,41.39],[32.03,41.52],[32.04,41.65],[32.19,41.59],[32.69,41.78],[32.63,41.91],[34.78,41.91],[34.88,42.04],[35.12,42.04],[35.16,41.72],[35.95,41.72],[36.21,41.26],[36.92,41.26],[36.92,41.2],[36.9,41.07],[36.47,40.87],[36.41,41.0],[36.09,40.94],[35.18,41.33],[34.85,41.2],[34.58,40.94],[34.56,40.81],[34.79,40.74],[34.5,40.36],[34.54,39.97],[34.83,39.77],[35.29,39.71],[35.36,39.58],[37.48,39.51],[38.17,39.38],[38.23,39.26],[38.75,39.06],[38.74,39.0],[38.74,38.93],[38.73,38.87],[38.36,38.48],[38.32,38.16],[38.46,38.03],[38.43,37.77],[37.99,37.38],[37.96,37.13],[38.18,37.0],[38.13,35.97],[38.43,35.84],[39.5,35.71],[39.94,35.52],[40.06,35.26],[40.28,35.13],[40.26,35.0],[40.48,34.87],[40.55,34.16],[40.47,34.16],[40.31,34.1],[40.4,34.23],[40.26,34.29],[39.12,34.49],[37.99,33.97],[37.74,33.78],[37.73,33.65],[37.57,33.65],[37.07,33.26],[37.05,33.07],[36.9,33.07],[36.72,32.75],[36.75,32.3],[36.52,32.24],[36.66,32.11],[36.49,31.98],[36.46,31.66],[36.39,31.66],[36.42,31.21],[36.27,31.21],[36.4,30.95],[36.15,30.69],[36.15,30.63],[35.84,30.63],[35.59,30.37],[34.39,30.5],[34.3,30.37],[33.15,30.18],[32.6,29.92],[32.53,29.92],[32.43,29.6],[32.64,29.34],[32.69,28.96],[32.84,28.89],[33.11,28.38],[33.61,27.99],[33.59,27.61],[33.8,27.42],[33.93,27.03],[34.07,26.97],[34.05,26.58],[34.2,26.52],[34.46,25.87],[34.61,25.81],[35.15,24.65],[35.86,24.01],[35.85,23.88],[35.56,23.94],[35.55,23.81],[35.11,23.88],[33.76,23.69],[33.68,23.69],[33.39,23.81],[32.04,23.69],[31.67,23.75],[30.54,23.36],[30.46,23.36],[30.4,23.56],[30.1,23.75],[30.11,23.88],[29.96,23.88],[29.67,24.2],[28.57,24.65],[28.29,25.16],[28.24,25.94],[28.35,26.58],[28.27,26.58],[28.15,27.35],[27.94,27.54],[27.71,27.54],[27.79,27.67],[27.43,27.99],[27.28,27.93],[27.29,28.12],[27.14,28.25],[25.59,28.96],[25.37,29.28],[25.15,29.28],[25.0,29.41],[24.85,29.34],[24.78,29.54],[24.33,29.67],[23.96,29.92],[23.51,29.99],[22.92,30.31],[22.76,30.24],[22.77,30.37],[21.94,30.56],[20.95,30.56],[18.73,29.99],[17.91,30.18],[16.7,30.69],[15.49,30.95],[15.18,30.89],[15.19,31.08],[14.58,31.53],[14.59,31.66],[14.28,31.91],[13.6,32.17],[13.07,32.17],[13.07,32.3],[11.77,32.3],[11.77,32.43],[11.54,32.43],[11.46,32.56],[11.31,32.49],[11.16,32.69],[10.39,33.01],[10.01,33.01],[10.08,33.14],[9.63,33.14],[9.55,33.33],[9.62,33.46],[9.32,33.59],[9.24,33.84],[9.08,33.91],[9.08,34.04],[8.93,34.04],[8.93,34.16],[8.31,34.29],[8.08,34.23],[8.0,34.42],[7.61,34.55],[7.15,34.49],[6.92,34.61],[6.46,34.55],[6.15,34.68],[5.38,34.68],[5.15,34.55],[4.45,34.61],[3.84,34.42],[3.46,34.49],[2.92,34.36],[2.45,34.61],[1.29,34.61],[0.68,34.42],[0.45,34.49],[0.3,34.36],[-1.24,34.36],[-1.31,34.16],[-1.54,34.23],[-1.61,34.1],[-1.69,34.23],[-2.0,34.23],[-3.76,34.1],[-4.14,33.97],[-4.21,33.84],[-4.37,33.91],[-5.04,33.59],[-5.27,33.65],[-5.8,33.46],[-6.03,33.52],[-6.63,33.33],[-6.7,33.2],[-6.94,33.26],[-7.53,32.94],[-8.06,32.94],[-8.15,33.14],[-8.47,33.26],[-8.4,33.39],[-7.13,33.84],[-7.06,33.97],[-6.9,33.91],[-6.61,34.16],[-6.7,34.29],[-6.47,34.36],[-6.48,34.49],[-6.33,34.55],[-6.28,34.87],[-6.2,34.87],[-6.29,35.07],[-6.13,35.0],[-6.15,35.19],[-6.0,35.32],[-5.88,35.77],[-5.34,35.84],[-5.24,35.52],[-4.75,35.19],[-3.13,35.19],[-2.98,35.26],[-2.99,35.45],[-2.84,35.45],[-2.82,35.13],[-2.66,35.07],[-1.89,35.07],[-1.59,35.26],[-1.36,35.26],[-1.14,35.45],[-1.22,35.64],[-1.07,35.58],[-0.92,35.71],[-0.53,35.71],[-0.46,35.84],[0.08,35.84],[0.38,36.22],[0.68,36.29],[0.68,36.42],[0.91,36.35],[1.22,36.55],[1.53,36.48],[2.38,36.67],[2.69,36.61],[2.84,36.74],[3.23,36.74],[3.46,36.87],[3.85,36.8],[4.24,36.93],[4.86,36.87],[5.1,36.67],[5.56,36.67],[5.64,36.8],[6.11,36.8],[6.1,36.93],[6.33,37.06],[6.8,36.87],[7.19,36.87],[7.35,37.06],[7.5,37.06],[7.74,36.87],[8.52,36.87],[8.9,37.13],[9.06,37.06],[9.37,37.25],[9.76,37.32],[9.99,37.19],[10.23,37.25],[10.23,37.06],[10.31,37.06],[10.23,36.8],[10.46,36.74],[11.01,37.0],[11.01,36.8],[10.46,36.42],[10.54,36.35],[10.46,35.9],[10.7,35.71],[10.85,35.77],[10.93,35.58],[11.08,35.58],[11.08,35.39],[11.01,35.39],[11.08,35.0],[10.85,34.94],[10.85,34.81],[10.54,34.55],[10.0,34.29],[10.08,34.23],[10.01,33.91],[10.24,33.71],[10.54,33.71],[10.7,33.52],[11.08,33.59],[11.16,33.2],[11.46,33.2],[12.23,32.81],[12.61,32.88],[12.53,32.75],[12.84,32.75],[12.84,32.88],[13.3,32.94],[13.45,32.81],[13.76,32.88],[13.76,32.75],[14.07,32.75],[14.44,32.49],[14.67,32.56],[14.75,32.43],[15.06,32.43],[15.28,32.3],[15.42,31.66],[15.58,31.59],[15.65,31.4],[16.18,31.21],[16.86,31.21],[17.85,30.95],[18.22,30.76],[18.59,30.37],[18.9,30.37],[18.97,30.24],[19.66,30.37],[19.96,30.56],[19.97,30.69],[20.2,30.89],[20.13,31.14],[20.21,31.27],[20.0,31.59],[20.09,32.11],[20.02,32.24],[20.25,32.24],[20.33,32.49],[20.48,32.43],[20.56,32.56],[20.72,32.56],[20.64,32.69],[20.87,32.62],[21.11,32.81],[21.41,32.75],[21.88,32.94],[23.09,32.62],[23.08,32.43],[23.23,32.36],[23.15,32.24],[23.3,32.17],[23.68,32.17],[24.13,31.98],[24.89,31.98],[25.11,31.79],[25.1,31.59],[25.25,31.46],[26.85,31.46],[27.3,31.34],[27.51,31.14],[28.5,31.01],[28.87,30.82],[29.4,30.82],[29.49,31.01],[29.63,30.95],[29.87,31.08],[29.8,31.21],[29.88,31.27],[30.34,31.27],[30.27,31.4],[30.35,31.46],[30.81,31.46],[30.97,31.53],[30.97,31.66],[31.2,31.66],[31.12,31.53],[31.27,31.46],[31.88,31.46],[31.78,31.21],[31.94,31.27],[32.0,31.08],[32.3,31.08],[32.24,31.21],[32.39,31.21],[32.53,31.08],[32.77,31.14],[32.83,31.01],[33.98,31.14],[34.3,31.27],[34.31,31.4],[34.55,31.53],[34.64,31.72],[34.57,31.85],[34.81,31.98],[34.77,32.36],[35.02,32.62],[35.06,33.01],[35.22,33.07],[35.4,33.39],[35.35,33.65],[35.5,33.65],[35.45,33.91],[35.68,33.97],[35.64,34.36],[35.79,34.29],[36.05,34.55],[36.07,34.74],[35.93,34.87],[35.96,35.19],[35.88,35.19],[35.99,35.52],[35.84,35.58],[35.99,36.22],[35.84,36.29],[36.26,36.61],[36.29,36.8],[36.14,36.93],[35.83,36.93],[35.49,36.61],[35.11,36.74],[34.95,36.67],[34.89,36.87],[34.58,36.87],[34.25,36.67],[33.98,36.29],[33.27,36.22],[32.71,36.03],[32.56,36.03],[32.5,36.22],[32.07,36.61],[31.09,36.93],[30.62,36.93],[30.49,36.35],[30.03,36.35],[29.94,36.22],[29.24,36.22],[29.12,36.74],[28.74,36.74],[28.59,36.87],[28.36,36.87],[28.19,36.67],[28.03,36.67],[28.14,37.06],[28.07,37.13],[27.6,37.13],[27.54,37.38],[27.22,37.32],[27.31,37.45],[27.16,37.58],[27.26,37.77],[27.18,37.77],[27.28,38.03],[26.89,38.09],[26.82,38.22],[26.43,38.22],[26.38,38.67],[26.54,38.61],[26.59,38.35],[27.06,38.35],[27.08,38.55],[26.85,38.61],[26.96,39.0],[26.88,39.0],[26.89,39.19],[26.74,39.26],[26.85,39.58],[26.13,39.51],[26.27,40.29],[26.6,40.48],[26.68,40.48],[26.67,40.36],[27.47,40.42],[27.54,40.29],[27.7,40.29],[27.79,40.48],[27.95,40.48],[27.94,40.36],[29.05,40.36],[28.9,40.48],[28.91,40.61],[29.48,40.74],[29.49,40.87],[29.25,40.81],[29.1,40.94],[29.12,41.07],[28.63,41.0],[28.17,41.13],[28.08,41.0],[27.53,41.07],[27.02,40.68],[26.92,40.48],[26.63,40.74],[26.14,40.61],[26.08,40.87],[25.38,41.0],[24.35,41.0],[24.01,40.74],[23.7,40.81],[23.68,40.61],[23.84,40.55],[23.74,40.23],[23.27,40.29],[22.88,40.48],[22.89,40.61],[22.65,40.61],[22.56,40.36],[22.54,40.1],[22.7,40.1],[22.61,39.9],[23.14,39.45],[22.82,39.38],[22.8,39.06],[23.12,39.13],[23.11,39.0],[23.34,39.0],[23.49,38.87],[23.33,38.8],[23.03,38.93],[22.94,38.74],[23.17,38.67],[23.31,38.48],[23.63,38.48],[23.56,38.74],[24.03,38.67],[24.18,38.55],[24.16,38.22],[24.0,38.22],[23.98,37.84],[23.44,38.03],[23.21,38.03],[23.2,37.9],[23.04,37.9],[23.11,37.64],[23.34,37.64],[23.4,37.32],[23.17,37.32],[23.18,37.45],[22.95,37.58],[22.71,37.58],[22.7,37.32],[22.85,37.25],[23.06,36.67],[22.83,36.87],[22.6,36.87],[22.51,36.67],[22.36,36.67],[22.22,37.06],[21.91,37.06],[21.9,36.87],[21.74,36.87],[21.68,37.19],[21.6,37.19],[21.7,37.51],[21.24,37.84],[21.42,38.16],[21.73,38.16],[21.74,38.35],[21.19,38.42],[20.97,38.74],[20.74,38.8],[20.91,39.06],[20.3,39.38],[20.15,39.71],[19.91,39.58],[19.76,39.64],[19.76,39.77],[20.0,39.77],[20.01,39.97],[19.63,40.29],[19.47,40.29],[19.49,40.61],[19.25,40.61],[19.25,40.74],[19.5,40.87],[19.44,41.26],[19.52,41.39],[19.44,41.39],[19.53,41.52],[19.45,41.52],[19.54,41.78],[18.85,42.37],[18.14,42.63],[17.99,42.82],[17.59,42.89],[17.51,42.76],[17.52,42.95],[17.36,42.95],[17.37,43.21],[17.12,43.15],[17.05,43.41],[16.73,43.34],[16.73,43.54],[16.58,43.6],[15.93,43.47],[16.01,43.6],[15.86,43.8],[15.7,43.8],[15.62,43.93],[15.37,43.86],[15.46,43.99],[15.22,44.06],[15.15,44.39],[14.91,44.58],[14.92,44.97],[14.52,45.1],[14.6,45.37],[14.2,45.37],[14.19,45.04],[13.95,45.04],[13.94,44.91],[13.78,44.91],[13.71,45.24],[13.54,45.3],[13.55,45.5],[13.71,45.5],[13.71,45.76],[13.39,45.82],[13.14,45.82],[13.06,45.63],[12.82,45.69],[12.65,45.56],[12.16,45.5],[12.16,45.17],[12.4,45.04],[12.4,44.78],[12.16,44.84],[12.15,44.45],[12.31,44.19],[12.87,43.8],[13.04,43.86],[13.03,43.73],[13.36,43.67],[13.67,43.41],[13.75,43.08],[13.99,42.95],[13.9,42.76],[14.06,42.5],[14.37,42.24],[14.53,42.24],[14.61,42.11],[14.77,42.17],[14.77,42.04],[14.92,41.98],[15.17,42.04],[15.24,41.91],[16.12,41.91],[16.11,41.78],[15.87,41.72],[15.94,41.39],[17.2,41.0],[17.51,40.74],[17.98,40.61],[18.44,40.16],[18.35,39.9],[18.11,39.9],[17.81,40.36],[17.42,40.36],[17.35,40.55],[17.03,40.55],[16.87,40.48],[16.95,40.42],[16.86,40.29],[16.62,40.29],[16.7,40.1],[16.46,39.97],[16.45,39.64],[16.92,39.51],[17.07,39.38],[17.14,39.06],[16.5,38.8],[16.49,38.42],[15.93,37.96],[15.7,37.96],[15.62,38.16],[15.39,38.16],[15.07,37.64],[15.06,37.25],[15.21,37.19],[15.05,36.74],[14.66,36.74],[14.28,37.13],[13.58,37.25],[13.19,37.58],[12.49,37.71],[12.49,37.9],[12.65,38.09],[13.04,38.03],[13.12,38.16],[13.35,38.16],[13.67,37.96],[14.06,37.96],[15.86,38.29],[15.95,38.67],[16.27,38.74],[16.27,38.93],[16.12,39.06],[15.9,39.77],[15.67,39.9],[15.75,40.03],[15.43,40.03],[15.2,40.23],[15.04,40.23],[14.89,40.68],[14.42,40.68],[14.42,40.87],[14.1,40.87],[13.95,41.13],[13.79,41.13],[13.71,41.26],[13.0,41.33],[12.92,41.46],[12.6,41.52],[12.13,41.91],[12.13,42.04],[11.81,42.11],[11.65,42.37],[11.49,42.3],[11.42,42.43],[11.26,42.43],[11.18,42.63],[11.02,42.63],[11.02,42.82],[10.54,43.08],[10.21,43.99],[9.89,43.99],[9.97,44.12],[9.73,44.12],[9.16,44.45],[8.43,44.39],[8.03,43.93],[7.15,43.73],[6.99,43.54],[6.67,43.47],[6.52,43.21],[6.28,43.15],[5.8,43.15],[5.63,43.28],[5.39,43.28],[5.39,43.41],[5.06,43.47],[4.18,43.47],[4.17,43.6],[3.85,43.6],[3.62,43.41],[3.14,43.28],[2.98,43.15],[3.01,42.56],[3.18,42.37],[3.12,41.91],[2.57,41.59],[2.33,41.59],[2.11,41.33],[1.24,41.2],[0.7,40.94],[0.71,40.68],[0.25,40.42],[0.18,40.16],[-0.13,40.03],[-0.35,39.71],[-0.31,39.13],[0.1,38.74],[-0.66,38.29],[-0.8,38.03],[-0.7,37.64],[-1.71,37.45],[-1.62,37.32],[-1.86,37.32],[-2.06,36.8],[-2.53,36.87],[-2.68,36.74],[-4.47,36.74],[-4.69,36.55],[-5.23,36.48],[-5.29,36.22],[-5.66,36.03],[-5.83,36.22],[-6.06,36.22],[-6.33,36.67],[-6.35,36.93],[-6.59,37.0],[-6.84,37.25],[-7.47,37.25],[-7.45,37.13],[-7.68,37.0],[-8.7,37.13],[-9.0,37.0],[-8.9,37.58],[-8.82,37.58],[-8.82,38.48],[-9.21,38.42],[-9.23,38.67],[-9.38,38.61],[-9.55,38.74],[-9.57,38.93],[-9.43,39.06],[-9.39,39.45],[-9.16,39.51],[-9.1,39.77],[-9.03,39.77],[-8.93,40.36],[-8.85,40.36],[-8.87,40.61],[-8.73,40.74],[-8.96,42.17],[-8.66,42.37],[-9.08,42.56],[-9.1,42.76],[-9.28,42.89],[-9.3,43.15],[-9.16,43.28],[-8.85,43.41],[-8.37,43.41],[-8.39,43.6],[-8.24,43.73],[-7.28,43.73],[-7.34,43.6],[-7.18,43.54],[-5.73,43.6],[-4.99,43.41],[-3.47,43.47],[-3.3,43.34],[-1.69,43.34],[-1.39,43.67],[-1.35,44.25],[-1.27,44.25],[-1.29,44.52],[-1.21,44.52],[-1.25,45.17],[-1.17,45.17],[-1.19,45.43],[-1.03,45.5],[-1.05,45.69],[-1.21,45.76],[-1.14,45.89],[-1.22,45.89],[-1.25,46.28],[-1.67,46.35],[-2.01,46.61],[-2.02,46.74],[-2.19,46.81],[-2.14,47.14],[-2.23,47.27],[-2.56,47.27],[-2.58,47.47],[-2.83,47.47],[-2.84,47.6],[-3.16,47.47],[-3.34,47.73],[-3.76,47.73],[-3.93,47.86],[-4.42,47.8],[-4.69,47.99],[-4.71,48.13],[-4.55,48.19],[-4.64,48.32],[-4.89,48.32],[-4.91,48.52],[-4.6,48.72],[-3.85,48.72],[-3.46,48.92],[-3.12,48.92],[-2.76,48.59],[-2.52,48.72],[-1.6,48.65],[-1.72,49.05],[-1.64,49.05],[-1.65,49.25],[-1.91,49.38],[-2.03,49.78],[-1.36,49.78],[-1.25,49.45],[0.01,49.38],[-0.01,49.65],[0.22,49.85],[1.05,49.98],[1.45,50.25],[1.42,50.71],[1.66,51.05],[2.58,51.18],[2.74,51.31],[3.41,51.45],[3.4,51.65],[3.74,51.65],[3.65,51.78],[3.98,51.92],[4.06,52.12],[4.23,51.98],[4.57,51.98],[5.25,52.12],[5.93,51.98],[6.37,51.65],[6.54,51.65],[6.54,51.58],[6.89,51.38],[7.06,50.98],[7.32,50.91],[7.24,50.71]]],[[[1.27,38.8],[1.18,39.06],[1.26,39.13],[1.34,39.13],[1.65,39.13],[1.66,39.0],[1.43,38.8],[1.27,38.8]]],[[[20.07,39.58],[20.07,39.64],[20.15,39.64],[20.15,39.58],[20.07,39.58]]],[[[3.3,39.32],[2.82,39.32],[2.66,39.51],[2.35,39.45],[2.34,39.64],[2.88,39.97],[2.96,39.97],[3.19,39.97],[3.2,39.84],[3.52,39.77],[3.3,39.32]]],[[[3.74,40.1],[3.82,40.1],[4.22,40.1],[4.3,39.84],[3.83,39.9],[3.74,40.1]]],[[[9.75,39.64],[9.67,39.64],[9.59,39.13],[9.12,39.19],[8.97,38.87],[8.73,38.87],[8.34,39.0],[8.41,39.26],[8.33,39.26],[8.33,39.51],[8.41,39.51],[8.48,39.9],[8.32,39.97],[8.4,40.29],[8.32,40.29],[8.32,40.48],[8.16,40.55],[8.15,40.94],[8.55,40.87],[9.02,41.26],[9.1,41.26],[9.5,41.2],[9.82,40.74],[9.82,40.36],[9.67,40.29],[9.75,39.64]]],[[[9.5,41.98],[9.5,41.78],[9.26,41.39],[9.1,41.33],[8.78,41.52],[8.78,41.72],[8.62,41.72],[8.7,41.91],[8.54,42.11],[8.53,42.5],[8.77,42.69],[9.17,42.76],[9.25,43.02],[9.33,43.02],[9.49,43.02],[9.49,42.76],[9.57,42.76],[9.58,41.98],[9.5,41.98]]],[[[10.13,42.89],[10.21,42.89],[10.46,42.89],[10.46,42.69],[10.21,42.69],[10.13,42.89]]],[[[14.27,44.97],[14.35,44.97],[14.51,44.91],[14.5,44.52],[14.26,44.58],[14.27,44.97]]],[[[19.09,45.5],[19.0,45.5],[19.01,45.56],[19.09,45.56],[19.09,45.5]]],[[[19.17,47.07],[19.08,47.07],[19.09,47.14],[19.17,47.14],[19.17,47.07]]],[[[16.99,48.19],[16.91,48.19],[16.91,48.26],[16.99,48.26],[16.99,48.19]]],[[[16.91,48.26],[16.83,48.26],[16.83,48.32],[16.91,48.32],[16.91,48.26]]],[[[-0.18,51.85],[-0.01,51.78],[0.48,52.05],[1.25,52.05],[1.18,51.78],[0.84,51.78],[0.86,51.51],[0.53,51.45],[1.21,51.45],[1.38,51.38],[1.39,51.18],[1.31,51.18],[0.9,50.98],[0.81,51.11],[0.04,51.25],[-0.24,51.51],[-0.18,51.85]]],[[[6.19,51.85],[6.19,51.92],[6.28,51.92],[6.28,51.85],[6.19,51.85]]],[[[34.09,35.0],[33.7,34.94],[33.52,34.74],[33.13,34.68],[33.04,34.55],[32.37,34.74],[32.23,34.94],[32.25,35.13],[32.55,35.13],[32.88,35.26],[32.89,35.39],[33.74,35.39],[34.31,35.71],[34.39,35.71],[34.54,35.71],[34.53,35.58],[33.96,35.26],[34.09,35.0]]],[[[24.15,35.39],[24.3,35.32],[25.69,35.32],[25.68,35.13],[26.23,35.19],[26.14,35.07],[24.82,35.0],[24.76,35.19],[24.53,35.19],[24.45,35.19],[23.68,35.26],[23.62,35.52],[24.16,35.52],[24.15,35.39]]],[[[27.69,36.29],[28.02,36.48],[28.09,36.48],[28.25,36.48],[28.14,36.03],[27.74,35.9],[27.69,36.29]]],[[[22.89,36.42],[22.96,36.42],[23.12,36.35],[23.11,36.16],[22.87,36.16],[22.89,36.42]]],[[[27.12,36.93],[27.19,36.8],[26.87,36.67],[27.04,36.93],[27.12,36.93]]],[[[25.34,37.13],[25.42,37.13],[25.57,37.13],[25.56,37.0],[25.33,37.0],[25.34,37.13]]],[[[24.36,37.71],[24.43,37.58],[24.27,37.51],[24.2,37.64],[24.28,37.71],[24.36,37.71]]],[[[25.06,37.71],[25.22,37.71],[25.29,37.51],[25.05,37.51],[24.99,37.71],[25.06,37.71]]],[[[26.08,37.71],[26.16,37.71],[26.31,37.71],[26.3,37.58],[25.99,37.51],[26.08,37.71]]],[[[20.62,37.9],[20.7,37.9],[20.93,37.9],[20.92,37.64],[20.61,37.71],[20.62,37.9]]],[[[24.69,38.03],[24.77,38.03],[25.07,37.77],[24.83,37.71],[24.68,37.84],[24.69,38.03]]],[[[20.33,38.35],[20.49,38.42],[20.57,38.42],[20.8,38.29],[20.79,38.09],[20.32,38.16],[20.33,38.35]]],[[[25.9,38.48],[25.82,38.48],[25.91,38.67],[25.99,38.67],[26.22,38.55],[26.11,38.16],[25.88,38.16],[25.9,38.48]]],[[[23.57,38.8],[23.56,38.74],[23.48,38.74],[23.49,38.8],[23.57,38.8]]],[[[24.36,39.0],[24.44,39.0],[24.67,38.93],[24.66,38.74],[24.36,38.87],[24.36,39.0]]],[[[26.1,39.13],[25.79,39.19],[26.04,39.38],[26.12,39.38],[26.51,39.32],[26.64,39.0],[26.25,38.93],[26.09,39.0],[26.1,39.13]]],[[[25.15,40.03],[25.46,40.03],[25.45,39.84],[24.97,39.84],[25.07,40.03],[25.15,40.03]]]]},"properties":{"id":"territory:Roman Empire:43","name":"Roman Empire","actor":"로마","valid_from":43,"valid_to":51,"wikidata":"Q12544","area":3888657,"src":"cliopatria","confidence":"medium"}},{"type":"Feature","geometry":{"type":"MultiPolygon","coordinates":[[[[22.77,44.58],[22.52,44.52],[22.51,44.39],[22.98,44.12],[22.88,43.86],[23.53,43.93],[23.92,43.86],[24.08,43.73],[24.16,43.73],[24.14,43.54],[23.97,43.47],[23.95,43.15],[23.7,43.08],[23.69,42.89],[23.52,42.76],[23.57,42.43],[23.33,42.3],[23.21,41.85],[23.45,41.78],[23.74,41.46],[25.68,41.78],[26.23,41.72],[26.57,41.98],[27.46,42.11],[27.32,42.24],[27.33,42.37],[27.17,42.43],[27.19,42.63],[27.45,42.82],[27.66,43.28],[27.99,43.41],[28.02,43.67],[28.3,44.06],[28.46,44.84],[28.8,44.97],[28.79,44.91],[28.84,44.58],[28.58,44.39],[28.54,43.99],[28.62,43.99],[28.48,43.47],[28.16,43.47],[28.23,43.34],[27.9,43.28],[27.8,43.15],[27.85,42.76],[27.51,42.63],[27.49,42.43],[27.8,42.24],[27.78,42.11],[28.0,41.91],[27.98,41.65],[28.22,41.65],[28.35,41.39],[28.98,41.26],[28.96,41.13],[30.48,41.2],[30.62,41.07],[31.18,41.07],[31.53,41.39],[32.03,41.52],[32.04,41.65],[32.19,41.59],[32.69,41.78],[32.63,41.91],[34.78,41.91],[34.88,42.04],[35.12,42.04],[35.16,41.72],[35.95,41.72],[36.21,41.26],[36.92,41.26],[36.92,41.2],[36.9,41.07],[36.47,40.87],[36.41,41.0],[36.09,40.94],[35.18,41.33],[34.85,41.2],[34.58,40.94],[34.56,40.81],[34.79,40.74],[34.62,40.61],[34.49,40.23],[34.57,40.23],[34.54,39.97],[34.83,39.77],[34.73,39.58],[34.77,39.26],[34.48,38.8],[33.68,38.67],[33.27,38.48],[33.3,38.09],[33.13,37.9],[33.1,37.58],[32.76,37.32],[32.73,37.06],[32.86,36.8],[33.1,36.8],[33.43,37.06],[34.3,37.19],[34.56,37.45],[34.88,37.45],[35.05,37.64],[35.67,37.58],[36.0,37.71],[36.35,38.03],[37.11,37.9],[37.13,38.03],[37.45,38.09],[38.31,38.09],[38.39,38.09],[38.38,38.03],[38.46,38.03],[38.45,37.96],[38.44,37.9],[38.33,37.64],[37.99,37.38],[37.96,37.13],[38.18,37.0],[38.13,36.61],[38.21,36.61],[38.07,36.1],[38.43,35.84],[39.5,35.71],[39.94,35.52],[40.06,35.26],[40.28,35.13],[40.26,35.0],[40.48,34.87],[40.55,34.16],[40.47,34.16],[40.31,34.1],[40.4,34.23],[40.26,34.29],[39.12,34.49],[37.99,33.97],[37.74,33.78],[37.73,33.65],[37.57,33.65],[37.07,33.26],[37.05,33.07],[36.9,33.07],[36.72,32.75],[36.75,32.3],[36.52,32.24],[36.66,32.11],[36.49,31.98],[36.46,31.66],[36.39,31.66],[36.42,31.21],[36.27,31.21],[36.4,30.95],[36.15,30.69],[36.15,30.63],[35.84,30.63],[35.59,30.37],[34.39,30.5],[34.3,30.37],[33.15,30.18],[32.6,29.92],[32.53,29.92],[32.43,29.6],[32.64,29.34],[32.69,28.96],[32.84,28.89],[33.11,28.38],[33.61,27.99],[33.59,27.61],[33.8,27.42],[33.93,27.03],[34.07,26.97],[34.05,26.58],[34.2,26.52],[34.46,25.87],[34.61,25.81],[35.15,24.65],[35.86,24.01],[35.85,23.88],[35.56,23.94],[35.55,23.81],[35.11,23.88],[33.76,23.69],[33.68,23.69],[33.39,23.81],[32.04,23.69],[31.67,23.75],[30.54,23.36],[30.46,23.36],[30.4,23.56],[30.1,23.75],[30.11,23.88],[29.96,23.88],[29.67,24.2],[28.57,24.65],[28.29,25.16],[28.24,25.94],[28.35,26.58],[28.27,26.58],[28.15,27.35],[27.94,27.54],[27.71,27.54],[27.79,27.67],[27.43,27.99],[27.28,27.93],[27.29,28.12],[27.14,28.25],[25.59,28.96],[25.37,29.28],[25.15,29.28],[25.0,29.41],[24.85,29.34],[24.78,29.54],[24.33,29.67],[24.26,29.79],[23.51,29.99],[22.92,30.31],[22.76,30.24],[22.77,30.37],[21.94,30.56],[20.95,30.56],[19.19,30.05],[18.28,30.05],[16.7,30.69],[15.49,30.95],[15.18,30.89],[15.19,31.08],[14.58,31.53],[14.59,31.66],[13.83,32.11],[13.3,32.24],[13.07,32.17],[13.07,32.3],[12.46,32.36],[11.77,32.3],[11.77,32.43],[11.54,32.43],[11.46,32.56],[11.31,32.49],[11.16,32.69],[10.39,33.01],[10.01,33.01],[10.08,33.14],[9.63,33.14],[9.55,33.33],[9.62,33.46],[9.32,33.59],[9.08,34.04],[8.93,34.04],[8.93,34.16],[8.77,34.23],[8.08,34.23],[8.0,34.42],[7.61,34.55],[7.15,34.49],[6.92,34.61],[6.46,34.55],[6.15,34.68],[5.38,34.61],[5.3,34.61],[5.29,35.13],[5.44,35.39],[5.34,36.35],[5.42,36.35],[5.41,36.74],[5.49,36.74],[5.56,36.67],[5.64,36.8],[6.11,36.8],[6.1,36.93],[6.33,37.06],[6.8,36.87],[7.19,36.87],[7.35,37.06],[7.5,37.06],[7.74,36.87],[8.52,36.87],[8.9,37.13],[9.06,37.06],[9.6,37.32],[9.99,37.19],[10.23,37.25],[10.23,37.06],[10.31,37.06],[10.23,36.8],[10.46,36.74],[11.01,37.0],[11.01,36.8],[10.46,36.42],[10.54,36.35],[10.46,35.9],[10.7,35.71],[10.85,35.77],[10.93,35.58],[11.08,35.58],[11.08,35.39],[11.01,35.39],[11.08,35.0],[10.85,34.94],[10.85,34.81],[10.54,34.55],[10.0,34.29],[10.08,34.23],[10.01,33.91],[10.24,33.71],[10.54,33.71],[10.7,33.52],[11.08,33.59],[11.16,33.2],[11.46,33.2],[12.23,32.81],[12.61,32.88],[12.53,32.75],[12.84,32.75],[12.84,32.88],[13.3,32.94],[13.45,32.81],[13.76,32.88],[13.76,32.75],[14.07,32.75],[14.44,32.49],[14.67,32.56],[14.75,32.43],[15.06,32.43],[15.28,32.3],[15.42,31.66],[15.58,31.59],[15.65,31.4],[16.18,31.21],[16.86,31.21],[17.85,30.95],[18.22,30.76],[18.59,30.37],[18.9,30.37],[18.97,30.24],[19.66,30.37],[19.96,30.56],[19.97,30.69],[20.2,30.89],[20.13,31.14],[20.21,31.27],[20.0,31.59],[20.09,32.11],[20.02,32.24],[20.25,32.24],[20.33,32.49],[20.48,32.43],[20.56,32.56],[20.72,32.56],[20.64,32.69],[20.87,32.62],[21.11,32.81],[21.41,32.75],[21.88,32.94],[23.09,32.62],[23.08,32.36],[23.3,32.17],[23.68,32.17],[24.13,31.98],[24.89,31.98],[25.11,31.79],[25.1,31.59],[25.25,31.46],[26.85,31.46],[27.3,31.34],[27.51,31.14],[28.5,31.01],[28.87,30.82],[29.4,30.82],[29.49,31.01],[29.63,30.95],[29.87,31.08],[29.8,31.21],[29.88,31.27],[30.34,31.27],[30.27,31.4],[30.35,31.46],[30.81,31.46],[30.97,31.53],[30.97,31.66],[31.2,31.66],[31.12,31.53],[31.27,31.46],[31.88,31.46],[31.78,31.21],[31.94,31.27],[32.0,31.08],[32.3,31.08],[32.24,31.21],[32.39,31.21],[32.53,31.08],[32.77,31.14],[32.83,31.01],[33.75,31.08],[34.3,31.27],[34.31,31.4],[34.63,31.66],[34.57,31.85],[34.81,31.98],[34.77,32.36],[35.02,32.62],[35.06,33.01],[35.22,33.07],[35.4,33.39],[35.35,33.65],[35.5,33.65],[35.45,33.91],[35.68,33.97],[35.64,34.36],[35.79,34.29],[36.05,34.55],[36.07,34.74],[35.93,34.87],[35.96,35.19],[35.88,35.19],[35.99,35.52],[35.84,35.58],[35.99,36.22],[35.84,36.29],[36.26,36.61],[36.29,36.8],[36.14,36.93],[35.83,36.93],[35.49,36.61],[35.33,36.61],[35.11,36.74],[34.95,36.67],[34.89,36.87],[34.58,36.87],[34.25,36.67],[33.98,36.29],[33.27,36.22],[32.71,36.03],[32.56,36.03],[32.5,36.22],[32.07,36.61],[31.09,36.93],[30.62,36.93],[30.49,36.35],[30.03,36.35],[29.94,36.22],[29.24,36.22],[29.12,36.74],[28.74,36.74],[28.59,36.87],[28.36,36.87],[28.19,36.67],[28.03,36.67],[28.14,37.06],[28.07,37.13],[27.6,37.13],[27.54,37.38],[27.22,37.32],[27.31,37.45],[27.16,37.58],[27.26,37.77],[27.18,37.77],[27.28,38.03],[26.89,38.09],[26.82,38.22],[26.43,38.22],[26.38,38.67],[26.54,38.61],[26.59,38.35],[27.06,38.35],[27.08,38.55],[26.85,38.61],[26.96,39.0],[26.88,39.0],[26.89,39.19],[26.74,39.26],[26.85,39.58],[26.13,39.51],[26.17,39.97],[26.25,39.97],[26.27,40.29],[26.6,40.48],[26.68,40.48],[26.67,40.36],[27.47,40.42],[27.54,40.29],[27.7,40.29],[27.79,40.48],[27.95,40.48],[27.94,40.36],[29.05,40.36],[28.9,40.48],[28.91,40.61],[29.39,40.68],[29.49,40.87],[29.25,40.81],[29.1,40.94],[29.12,41.07],[27.53,41.07],[27.02,40.68],[26.92,40.48],[26.63,40.74],[26.14,40.61],[26.08,40.87],[25.85,40.94],[24.35,41.0],[24.01,40.74],[23.7,40.81],[23.68,40.61],[23.84,40.55],[23.74,40.23],[23.27,40.29],[22.88,40.48],[22.89,40.61],[22.65,40.61],[22.56,40.36],[22.54,40.1],[22.7,40.1],[22.61,39.9],[23.14,39.45],[22.82,39.38],[22.8,39.06],[22.96,39.13],[23.49,38.87],[23.33,38.8],[23.03,38.93],[22.94,38.74],[23.17,38.67],[23.31,38.48],[23.63,38.48],[23.56,38.74],[24.03,38.67],[24.18,38.55],[24.16,38.22],[24.0,38.22],[23.98,37.84],[23.44,38.03],[23.21,38.03],[23.2,37.9],[23.04,37.9],[23.11,37.64],[23.34,37.64],[23.4,37.32],[23.17,37.32],[23.18,37.45],[22.95,37.58],[22.71,37.58],[22.7,37.32],[22.85,37.25],[23.06,36.67],[22.83,36.87],[22.6,36.87],[22.51,36.67],[22.36,36.67],[22.22,37.06],[21.91,37.06],[21.9,36.87],[21.74,36.87],[21.68,37.19],[21.6,37.19],[21.7,37.51],[21.24,37.84],[21.42,38.16],[21.73,38.16],[21.74,38.35],[21.19,38.42],[20.97,38.74],[20.74,38.8],[20.91,39.06],[20.3,39.38],[20.15,39.71],[19.92,39.71],[19.91,39.58],[19.76,39.64],[19.76,39.77],[20.0,39.77],[20.01,39.97],[19.63,40.29],[19.47,40.29],[19.49,40.61],[19.25,40.61],[19.25,40.74],[19.5,40.87],[19.44,41.26],[19.52,41.39],[19.44,41.39],[19.53,41.52],[19.45,41.52],[19.54,41.78],[18.85,42.37],[18.46,42.5],[18.63,42.69],[18.94,42.63],[18.93,42.37],[19.48,42.11],[19.55,41.91],[19.79,41.91],[19.9,42.5],[19.83,42.63],[19.99,42.69],[20.09,43.15],[20.17,43.15],[20.18,43.28],[19.95,43.47],[19.96,43.6],[20.12,43.67],[20.15,44.12],[19.91,44.19],[19.85,44.52],[19.37,44.71],[19.38,44.84],[19.22,44.97],[18.89,44.84],[18.66,45.04],[18.75,45.24],[19.15,45.17],[19.24,45.3],[20.22,45.37],[20.37,45.17],[20.61,45.1],[20.52,44.97],[20.67,44.78],[21.41,44.91],[21.48,44.78],[21.96,44.65],[21.96,44.58],[22.19,44.52],[22.37,44.71],[22.69,44.71],[22.77,44.58]]],[[[14.34,36.03],[14.42,36.03],[14.57,35.97],[14.57,35.77],[14.34,35.84],[14.34,36.03]]],[[[20.62,37.9],[20.7,37.9],[20.93,37.9],[20.92,37.64],[20.61,37.71],[20.62,37.9]]],[[[20.33,38.35],[20.49,38.42],[20.57,38.42],[20.8,38.29],[20.79,38.09],[20.32,38.16],[20.33,38.35]]],[[[1.27,38.8],[1.18,39.06],[1.26,39.13],[1.34,39.13],[1.65,39.13],[1.66,39.0],[1.43,38.8],[1.27,38.8]]],[[[20.15,39.64],[20.15,39.58],[20.07,39.58],[20.07,39.64],[20.15,39.64]]],[[[3.3,39.32],[2.82,39.32],[2.66,39.51],[2.35,39.45],[2.34,39.64],[2.88,39.97],[2.96,39.97],[3.19,39.97],[3.2,39.84],[3.52,39.77],[3.3,39.32]]],[[[3.74,40.1],[3.82,40.1],[4.22,40.1],[4.3,39.84],[3.83,39.9],[3.74,40.1]]],[[[9.67,40.29],[9.75,39.64],[9.67,39.64],[9.59,39.13],[9.12,39.19],[8.97,38.87],[8.73,38.87],[8.34,39.0],[8.41,39.26],[8.33,39.26],[8.33,39.51],[8.41,39.51],[8.48,39.9],[8.32,39.97],[8.4,40.29],[8.32,40.29],[8.32,40.48],[8.16,40.55],[8.15,40.94],[8.55,40.87],[9.02,41.26],[9.1,41.26],[9.5,41.2],[9.82,40.74],[9.82,40.36],[9.67,40.29]]],[[[9.58,41.98],[9.5,41.98],[9.5,41.78],[9.26,41.39],[9.1,41.33],[8.78,41.52],[8.78,41.72],[8.62,41.72],[8.7,41.91],[8.54,42.11],[8.53,42.5],[8.77,42.69],[9.17,42.76],[9.25,43.02],[9.33,43.02],[9.49,43.02],[9.49,42.76],[9.57,42.76],[9.58,41.98]]],[[[18.3,42.56],[18.3,42.63],[18.38,42.63],[18.38,42.56],[18.3,42.56]]],[[[18.23,42.76],[18.23,42.69],[18.3,42.63],[18.14,42.63],[17.99,42.82],[18.23,42.76]]],[[[10.13,42.89],[10.21,42.89],[10.46,42.89],[10.46,42.69],[10.21,42.69],[10.13,42.89]]],[[[17.83,42.82],[17.83,42.89],[17.91,42.89],[17.91,42.82],[17.83,42.82]]],[[[17.59,42.89],[17.51,42.76],[17.52,42.95],[17.44,42.95],[17.36,42.95],[17.36,43.15],[17.44,43.15],[17.75,42.89],[17.59,42.89]]],[[[14.27,44.97],[14.35,44.97],[14.51,44.91],[14.5,44.52],[14.26,44.58],[14.27,44.97]]],[[[12.15,52.59],[12.32,52.52],[12.32,52.25],[13.25,51.98],[13.16,51.65],[13.33,51.65],[13.32,51.51],[13.49,51.51],[13.41,51.38],[13.74,51.25],[13.74,50.98],[13.22,50.78],[12.3,50.71],[12.21,50.58],[11.96,50.51],[11.96,50.38],[11.7,50.38],[10.69,49.58],[10.44,48.92],[10.61,48.85],[10.61,48.72],[11.03,48.72],[11.61,48.99],[11.69,49.12],[12.11,49.18],[12.94,48.72],[13.52,48.65],[14.26,48.26],[14.51,48.32],[14.67,48.19],[14.92,48.19],[14.92,48.06],[16.14,47.66],[16.14,47.53],[16.22,47.53],[16.13,47.2],[16.21,47.14],[16.04,47.07],[16.04,46.94],[16.12,46.94],[16.03,46.87],[16.02,46.41],[16.1,46.41],[16.01,46.09],[16.17,46.02],[16.17,45.89],[16.57,45.76],[16.49,45.69],[16.55,45.24],[16.22,45.04],[15.98,45.24],[15.82,45.24],[15.8,44.71],[16.2,44.39],[16.27,44.06],[16.43,44.06],[16.82,43.67],[16.98,43.67],[17.37,43.21],[17.12,43.15],[17.05,43.41],[16.73,43.34],[16.73,43.54],[16.58,43.6],[15.93,43.47],[16.01,43.6],[15.86,43.8],[15.7,43.8],[15.62,43.93],[15.37,43.86],[15.46,43.99],[15.22,44.06],[15.15,44.39],[14.91,44.58],[14.92,44.97],[14.52,45.1],[14.6,45.37],[14.2,45.37],[14.19,45.04],[13.95,45.04],[13.94,44.91],[13.78,44.91],[13.71,45.24],[13.54,45.3],[13.55,45.5],[13.71,45.5],[13.71,45.76],[13.14,45.82],[13.06,45.63],[12.82,45.69],[12.65,45.56],[12.16,45.5],[12.16,45.17],[12.4,45.04],[12.4,44.78],[12.16,44.84],[12.15,44.45],[12.55,43.99],[12.71,43.99],[12.87,43.8],[13.04,43.86],[13.03,43.73],[13.36,43.67],[13.67,43.41],[13.75,43.08],[13.99,42.95],[13.9,42.76],[14.06,42.5],[14.37,42.24],[14.53,42.24],[14.61,42.11],[14.77,42.17],[14.77,42.04],[14.92,41.98],[15.17,42.04],[15.24,41.91],[16.12,41.91],[16.11,41.78],[15.87,41.72],[15.94,41.39],[17.2,41.0],[17.51,40.74],[17.98,40.61],[18.44,40.16],[18.35,39.9],[18.11,39.9],[17.81,40.36],[17.42,40.36],[17.35,40.55],[17.03,40.55],[16.87,40.48],[16.95,40.42],[16.86,40.29],[16.62,40.29],[16.7,40.1],[16.46,39.97],[16.45,39.64],[16.92,39.51],[17.07,39.38],[17.14,39.06],[16.5,38.8],[16.49,38.42],[15.93,37.96],[15.7,37.96],[15.62,38.16],[15.39,38.16],[15.07,37.64],[15.06,37.25],[15.21,37.19],[15.05,36.74],[14.66,36.74],[14.28,37.13],[13.58,37.25],[13.19,37.58],[12.49,37.71],[12.49,37.9],[12.65,38.09],[13.04,38.03],[13.12,38.16],[13.35,38.16],[13.67,37.96],[14.06,37.96],[15.86,38.29],[15.95,38.67],[16.27,38.74],[16.27,38.93],[16.12,39.06],[15.9,39.77],[15.67,39.9],[15.75,40.03],[15.43,40.03],[15.2,40.23],[15.04,40.23],[14.89,40.68],[14.42,40.68],[14.42,40.87],[14.1,40.87],[13.95,41.13],[13.79,41.13],[13.71,41.26],[13.0,41.33],[12.92,41.46],[12.6,41.52],[12.13,41.91],[12.13,42.04],[11.81,42.11],[11.65,42.37],[11.49,42.3],[11.42,42.43],[11.26,42.43],[11.18,42.63],[11.02,42.63],[11.02,42.82],[10.54,43.08],[10.21,43.99],[9.89,43.99],[9.97,44.12],[9.73,44.12],[9.16,44.45],[8.43,44.39],[8.03,43.93],[7.15,43.73],[6.99,43.54],[6.67,43.47],[6.52,43.21],[6.28,43.15],[5.8,43.15],[5.63,43.28],[5.39,43.28],[5.39,43.41],[5.06,43.47],[4.18,43.47],[4.17,43.6],[3.85,43.6],[3.62,43.41],[3.14,43.28],[2.98,43.15],[3.01,42.56],[3.18,42.37],[3.12,41.91],[2.57,41.59],[2.33,41.59],[2.11,41.33],[1.24,41.2],[0.7,40.94],[0.71,40.68],[0.25,40.42],[0.18,40.16],[-0.13,40.03],[-0.35,39.71],[-0.31,39.13],[0.1,38.74],[-0.66,38.29],[-0.8,38.03],[-0.7,37.64],[-1.71,37.45],[-1.62,37.32],[-1.86,37.32],[-2.06,36.8],[-2.53,36.87],[-2.68,36.74],[-4.47,36.74],[-4.69,36.55],[-5.23,36.48],[-5.29,36.22],[-5.66,36.03],[-5.83,36.22],[-6.06,36.22],[-6.33,36.67],[-6.35,36.93],[-6.59,37.0],[-6.84,37.25],[-7.47,37.25],[-7.45,37.13],[-7.68,37.0],[-8.7,37.13],[-9.0,37.0],[-8.9,37.58],[-8.82,37.58],[-8.82,38.48],[-9.21,38.42],[-9.23,38.67],[-9.38,38.61],[-9.55,38.74],[-9.57,38.93],[-9.43,39.06],[-9.39,39.45],[-9.16,39.51],[-9.1,39.77],[-9.03,39.77],[-8.93,40.36],[-8.85,40.36],[-8.87,40.61],[-8.73,40.74],[-8.96,42.17],[-8.66,42.37],[-9.08,42.56],[-9.1,42.76],[-9.28,42.89],[-9.3,43.15],[-9.16,43.28],[-8.85,43.41],[-8.37,43.41],[-8.39,43.6],[-8.24,43.73],[-7.28,43.73],[-7.34,43.6],[-7.18,43.54],[-5.73,43.6],[-4.99,43.41],[-3.47,43.47],[-3.3,43.34],[-1.69,43.34],[-1.39,43.67],[-1.35,44.25],[-1.27,44.25],[-1.29,44.52],[-1.21,44.52],[-1.25,45.17],[-1.17,45.17],[-1.19,45.43],[-1.03,45.5],[-1.05,45.69],[-1.21,45.76],[-1.14,45.89],[-1.22,45.89],[-1.25,46.28],[-1.67,46.35],[-2.01,46.61],[-2.02,46.74],[-2.19,46.81],[-2.14,47.14],[-2.23,47.27],[-2.56,47.27],[-2.58,47.47],[-2.83,47.47],[-2.84,47.6],[-3.16,47.47],[-3.34,47.73],[-3.76,47.73],[-3.93,47.86],[-4.42,47.8],[-4.69,47.99],[-4.71,48.13],[-4.54,48.13],[-4.64,48.32],[-4.89,48.32],[-4.91,48.52],[-4.76,48.65],[-3.85,48.72],[-3.46,48.92],[-3.12,48.92],[-2.76,48.59],[-2.52,48.72],[-1.6,48.65],[-1.72,49.05],[-1.64,49.05],[-1.65,49.25],[-1.91,49.38],[-2.03,49.78],[-1.36,49.78],[-1.25,49.45],[0.01,49.38],[-0.01,49.65],[0.22,49.85],[1.05,49.98],[1.45,50.25],[1.42,50.71],[1.66,51.05],[2.58,51.18],[2.74,51.31],[3.41,51.45],[3.4,51.65],[3.74,51.65],[3.65,51.78],[3.82,51.78],[3.81,51.92],[3.98,51.92],[3.97,52.05],[4.22,52.18],[4.22,52.32],[4.46,52.52],[4.45,52.72],[4.7,52.99],[4.87,52.99],[4.97,52.65],[5.39,52.86],[5.39,52.99],[5.21,53.12],[5.54,53.39],[6.23,53.53],[6.92,53.46],[6.91,53.6],[7.08,53.73],[7.94,53.73],[8.21,53.6],[8.38,53.66],[8.46,53.94],[9.24,53.94],[9.67,53.6],[11.05,53.33],[11.13,53.33],[12.33,52.99],[12.33,52.86],[12.16,52.72],[12.15,52.59]]],[[[34.09,35.0],[33.7,34.94],[33.52,34.74],[33.13,34.68],[33.04,34.55],[32.37,34.74],[32.23,34.94],[32.25,35.13],[32.55,35.13],[32.88,35.26],[32.89,35.39],[33.74,35.39],[34.31,35.71],[34.39,35.71],[34.54,35.71],[34.53,35.58],[33.96,35.26],[34.09,35.0]]],[[[24.15,35.39],[24.3,35.32],[25.69,35.32],[25.68,35.13],[26.23,35.19],[26.14,35.07],[24.82,35.0],[24.76,35.19],[24.53,35.19],[24.45,35.19],[23.68,35.26],[23.62,35.52],[24.16,35.52],[24.15,35.39]]],[[[27.69,36.29],[28.02,36.48],[28.09,36.48],[28.25,36.48],[28.14,36.03],[27.74,35.9],[27.69,36.29]]],[[[22.89,36.42],[22.96,36.42],[23.12,36.35],[23.11,36.16],[22.87,36.16],[22.89,36.42]]],[[[27.12,36.93],[27.19,36.8],[26.87,36.67],[27.04,36.93],[27.12,36.93]]],[[[25.34,37.13],[25.42,37.13],[25.57,37.13],[25.56,37.0],[25.33,37.0],[25.34,37.13]]],[[[24.28,37.71],[24.36,37.71],[24.43,37.58],[24.27,37.51],[24.2,37.64],[24.28,37.71]]],[[[24.99,37.71],[25.06,37.71],[25.22,37.71],[25.29,37.51],[25.05,37.51],[24.99,37.71]]],[[[26.08,37.71],[26.16,37.71],[26.31,37.71],[26.3,37.58],[25.99,37.51],[26.08,37.71]]],[[[24.69,38.03],[24.77,38.03],[25.07,37.77],[24.83,37.71],[24.68,37.84],[24.69,38.03]]],[[[25.9,38.48],[25.82,38.48],[25.91,38.67],[25.99,38.67],[26.22,38.55],[26.11,38.16],[25.88,38.16],[25.9,38.48]]],[[[23.57,38.8],[23.56,38.74],[23.48,38.74],[23.49,38.8],[23.57,38.8]]],[[[24.36,39.0],[24.44,39.0],[24.67,38.93],[24.66,38.74],[24.36,38.87],[24.36,39.0]]],[[[26.1,39.13],[25.79,39.19],[26.04,39.38],[26.12,39.38],[26.51,39.32],[26.64,39.0],[26.25,38.93],[26.09,39.0],[26.1,39.13]]],[[[25.15,40.03],[25.46,40.03],[25.45,39.84],[24.97,39.84],[25.07,40.03],[25.15,40.03]]]]},"properties":{"id":"territory:Roman Empire:6","name":"Roman Empire","actor":"로마","valid_from":6,"valid_to":9,"wikidata":"Q12544","area":3650360,"src":"cliopatria","confidence":"medium"}},{"type":"Feature","geometry":{"type":"MultiPolygon","coordinates":[[[[14.34,35.84],[14.34,36.03],[14.42,36.03],[14.57,35.97],[14.57,35.77],[14.34,35.84]]],[[[22.89,36.42],[22.96,36.42],[23.12,36.35],[23.11,36.16],[22.87,36.16],[22.89,36.42]]],[[[7.24,50.71],[7.32,50.71],[7.33,50.51],[7.76,49.91],[8.17,50.25],[8.51,50.11],[8.52,49.85],[8.43,49.85],[8.52,49.58],[8.35,49.58],[8.28,49.12],[8.11,49.05],[8.2,48.92],[7.87,48.72],[7.87,48.59],[7.71,48.46],[7.56,47.6],[8.55,47.66],[8.55,47.8],[8.88,47.8],[8.96,48.06],[9.12,48.19],[9.78,48.39],[9.86,48.52],[9.95,48.52],[9.95,48.59],[10.03,48.59],[10.03,48.52],[10.45,48.52],[10.94,48.79],[11.36,48.85],[11.69,49.12],[12.11,49.18],[12.94,48.72],[13.52,48.65],[14.26,48.26],[14.51,48.32],[14.67,48.19],[14.92,48.19],[14.92,48.06],[16.14,47.66],[16.14,47.53],[16.22,47.53],[16.13,47.2],[16.21,47.14],[16.04,47.07],[16.04,46.94],[16.12,46.94],[16.03,46.87],[16.02,46.41],[16.1,46.41],[16.01,46.09],[16.17,46.02],[16.17,45.89],[16.57,45.76],[16.49,45.69],[16.56,45.56],[16.97,45.63],[17.05,45.5],[18.02,45.43],[18.18,45.3],[18.59,45.37],[18.99,45.17],[19.15,45.17],[19.24,45.3],[20.22,45.37],[20.37,45.17],[20.61,45.1],[20.52,44.97],[20.67,44.78],[21.41,44.91],[21.64,44.71],[21.88,44.71],[22.03,44.52],[22.19,44.52],[22.37,44.71],[22.69,44.71],[22.77,44.58],[22.52,44.52],[22.51,44.39],[22.98,44.12],[22.88,43.86],[23.53,43.93],[23.92,43.86],[24.08,43.73],[24.16,43.73],[24.14,43.54],[23.97,43.47],[23.95,43.15],[23.7,43.08],[23.69,42.89],[23.52,42.76],[23.57,42.43],[23.33,42.3],[23.21,41.85],[23.45,41.78],[23.74,41.46],[25.68,41.78],[26.23,41.72],[26.57,41.98],[27.46,42.11],[27.32,42.24],[27.33,42.37],[27.17,42.43],[27.19,42.63],[27.45,42.82],[27.66,43.28],[27.99,43.41],[28.02,43.67],[28.3,44.06],[28.46,44.84],[28.8,44.97],[28.79,44.91],[28.84,44.58],[28.58,44.39],[28.54,43.99],[28.62,43.99],[28.48,43.47],[28.16,43.47],[28.23,43.34],[27.9,43.28],[27.8,43.15],[27.85,42.76],[27.51,42.63],[27.49,42.43],[27.8,42.24],[27.78,42.11],[28.0,41.91],[27.98,41.65],[28.22,41.65],[28.35,41.39],[28.98,41.26],[28.96,41.13],[30.48,41.2],[30.62,41.07],[31.18,41.07],[31.53,41.39],[32.03,41.52],[32.04,41.65],[32.19,41.59],[32.69,41.78],[32.63,41.91],[34.78,41.91],[34.88,42.04],[35.12,42.04],[35.16,41.72],[35.95,41.72],[36.21,41.26],[36.92,41.26],[36.92,41.2],[36.9,41.07],[36.47,40.87],[36.41,41.0],[36.09,40.94],[35.18,41.33],[34.85,41.2],[34.58,40.94],[34.56,40.81],[34.79,40.74],[34.5,40.36],[34.54,39.97],[34.83,39.77],[35.29,39.71],[35.36,39.58],[37.48,39.51],[38.17,39.38],[38.23,39.26],[38.75,39.06],[38.73,38.87],[39.11,38.8],[39.25,38.67],[39.23,38.55],[39.38,38.48],[39.36,38.35],[39.51,38.29],[39.42,38.16],[39.46,37.9],[39.12,37.71],[38.35,37.77],[38.33,37.64],[37.99,37.38],[37.96,37.13],[38.18,37.0],[38.13,35.97],[38.43,35.84],[39.5,35.71],[39.94,35.52],[40.06,35.26],[40.28,35.13],[40.26,35.0],[40.48,34.87],[40.55,34.16],[40.47,34.16],[40.31,34.1],[40.4,34.23],[40.26,34.29],[39.12,34.49],[37.99,33.97],[37.74,33.78],[37.73,33.65],[37.57,33.65],[37.07,33.26],[37.05,33.07],[36.9,33.07],[36.72,32.75],[36.75,32.3],[36.52,32.24],[36.66,32.11],[36.49,31.98],[36.46,31.66],[36.39,31.66],[36.42,31.21],[36.27,31.21],[36.4,30.95],[36.15,30.69],[36.15,30.63],[35.84,30.63],[35.59,30.37],[34.39,30.5],[34.3,30.37],[33.15,30.18],[32.6,29.92],[32.53,29.92],[32.43,29.6],[32.64,29.34],[32.69,28.96],[32.84,28.89],[33.11,28.38],[33.61,27.99],[33.59,27.61],[33.8,27.42],[33.93,27.03],[34.07,26.97],[34.05,26.58],[34.2,26.52],[34.46,25.87],[34.61,25.81],[35.15,24.65],[35.86,24.01],[35.85,23.88],[35.56,23.94],[35.55,23.81],[35.11,23.88],[33.76,23.69],[33.68,23.69],[33.39,23.81],[32.04,23.69],[31.67,23.75],[30.54,23.36],[30.46,23.36],[30.4,23.56],[30.1,23.75],[30.11,23.88],[29.96,23.88],[29.67,24.2],[28.57,24.65],[28.29,25.16],[28.24,25.94],[28.35,26.58],[28.27,26.58],[28.15,27.35],[27.94,27.54],[27.71,27.54],[27.79,27.67],[27.43,27.99],[27.28,27.93],[27.29,28.12],[27.14,28.25],[25.59,28.96],[25.37,29.28],[25.15,29.28],[25.0,29.41],[24.85,29.34],[24.78,29.54],[24.33,29.67],[24.26,29.79],[23.51,29.99],[22.92,30.31],[22.76,30.24],[22.77,30.37],[21.94,30.56],[20.95,30.56],[19.19,30.05],[18.28,30.05],[16.7,30.69],[15.49,30.95],[15.18,30.89],[15.19,31.08],[14.58,31.53],[14.59,31.66],[13.83,32.11],[13.3,32.24],[13.07,32.17],[13.07,32.3],[12.46,32.36],[11.77,32.3],[11.77,32.43],[11.54,32.43],[11.46,32.56],[11.31,32.49],[11.16,32.69],[10.39,33.01],[10.01,33.01],[10.08,33.14],[9.63,33.14],[9.55,33.33],[9.62,33.46],[9.32,33.59],[9.08,34.04],[8.93,34.04],[8.93,34.16],[8.77,34.23],[8.08,34.23],[8.0,34.42],[7.61,34.55],[7.15,34.49],[6.92,34.61],[6.46,34.55],[6.15,34.68],[5.38,34.61],[5.3,34.61],[5.29,35.13],[5.44,35.39],[5.34,36.35],[5.42,36.35],[5.41,36.74],[5.49,36.74],[5.56,36.67],[5.64,36.8],[6.11,36.8],[6.1,36.93],[6.33,37.06],[6.8,36.87],[7.19,36.87],[7.35,37.06],[7.5,37.06],[7.74,36.87],[8.52,36.87],[8.9,37.13],[9.06,37.06],[9.6,37.32],[9.99,37.19],[10.23,37.25],[10.23,37.06],[10.31,37.06],[10.23,36.8],[10.46,36.74],[11.01,37.0],[11.01,36.8],[10.46,36.42],[10.54,36.35],[10.46,35.9],[10.7,35.71],[10.85,35.77],[10.93,35.58],[11.08,35.58],[11.08,35.39],[11.01,35.39],[11.08,35.0],[10.85,34.94],[10.85,34.81],[10.54,34.55],[10.0,34.29],[10.08,34.23],[10.01,33.91],[10.24,33.71],[10.54,33.71],[10.7,33.52],[11.08,33.59],[11.16,33.2],[11.46,33.2],[12.23,32.81],[12.61,32.88],[12.53,32.75],[12.84,32.75],[12.84,32.88],[13.3,32.94],[13.45,32.81],[13.76,32.88],[13.76,32.75],[14.07,32.75],[14.44,32.49],[14.67,32.56],[14.75,32.43],[15.06,32.43],[15.28,32.3],[15.42,31.66],[15.58,31.59],[15.65,31.4],[16.18,31.21],[17.47,31.08],[18.22,30.76],[18.59,30.37],[19.27,30.24],[19.89,30.5],[20.2,30.89],[20.13,31.14],[20.21,31.27],[20.0,31.59],[20.09,32.11],[20.02,32.24],[20.25,32.24],[20.33,32.49],[20.48,32.43],[20.56,32.56],[20.72,32.56],[20.64,32.69],[20.87,32.62],[21.11,32.81],[21.41,32.75],[21.88,32.94],[23.09,32.62],[23.08,32.36],[23.3,32.17],[23.68,32.17],[24.13,31.98],[24.89,31.98],[25.11,31.79],[25.1,31.59],[25.25,31.46],[26.85,31.46],[27.3,31.34],[27.51,31.14],[28.5,31.01],[28.87,30.82],[29.4,30.82],[29.49,31.01],[29.63,30.95],[29.87,31.08],[29.8,31.21],[29.88,31.27],[30.34,31.27],[30.27,31.4],[30.35,31.46],[30.81,31.46],[30.97,31.53],[30.97,31.66],[31.2,31.66],[31.12,31.53],[31.27,31.46],[31.88,31.46],[31.78,31.21],[31.94,31.27],[32.0,31.08],[32.3,31.08],[32.24,31.21],[32.53,31.08],[32.77,31.14],[32.83,31.01],[33.98,31.14],[34.3,31.27],[34.31,31.4],[34.63,31.66],[34.57,31.85],[34.81,31.98],[34.77,32.36],[35.02,32.62],[35.06,33.01],[35.22,33.07],[35.4,33.39],[35.35,33.65],[35.5,33.65],[35.45,33.91],[35.68,33.97],[35.64,34.36],[35.79,34.29],[36.05,34.55],[36.07,34.74],[35.93,34.87],[35.96,35.19],[35.88,35.19],[35.99,35.52],[35.84,35.58],[35.99,36.22],[35.84,36.29],[36.26,36.61],[36.29,36.8],[36.14,36.93],[35.83,36.93],[35.49,36.61],[35.33,36.61],[35.11,36.74],[34.95,36.67],[34.89,36.87],[34.58,36.87],[34.25,36.67],[33.98,36.29],[33.27,36.22],[32.71,36.03],[32.56,36.03],[32.5,36.22],[32.07,36.61],[31.09,36.93],[30.62,36.93],[30.49,36.35],[30.03,36.35],[29.94,36.22],[29.24,36.22],[29.12,36.74],[28.74,36.74],[28.59,36.87],[28.36,36.87],[28.19,36.67],[28.03,36.67],[28.14,37.06],[28.07,37.13],[27.6,37.13],[27.54,37.38],[27.22,37.32],[27.31,37.45],[27.16,37.58],[27.26,37.77],[27.18,37.77],[27.28,38.03],[26.89,38.09],[26.82,38.22],[26.43,38.22],[26.38,38.67],[26.54,38.61],[26.59,38.35],[27.06,38.35],[27.08,38.55],[26.85,38.61],[26.96,39.0],[26.88,39.0],[26.89,39.19],[26.74,39.26],[26.85,39.58],[26.13,39.51],[26.17,39.97],[26.25,39.97],[26.27,40.29],[26.6,40.48],[26.68,40.48],[26.67,40.36],[27.47,40.42],[27.54,40.29],[27.7,40.29],[27.79,40.48],[27.95,40.48],[27.94,40.36],[29.05,40.36],[28.9,40.48],[28.91,40.61],[29.48,40.74],[29.49,40.87],[29.25,40.81],[29.1,40.94],[29.12,41.07],[28.63,41.0],[28.41,41.13],[28.17,41.13],[28.08,41.0],[27.53,41.07],[27.02,40.68],[26.92,40.48],[26.63,40.74],[26.14,40.61],[26.08,40.87],[25.38,41.0],[24.35,41.0],[24.01,40.74],[23.7,40.81],[23.68,40.61],[23.84,40.55],[23.74,40.23],[23.27,40.29],[22.88,40.48],[22.89,40.61],[22.65,40.61],[22.56,40.36],[22.54,40.1],[22.7,40.1],[22.61,39.9],[23.14,39.45],[22.82,39.38],[22.8,39.06],[22.96,39.13],[23.49,38.87],[23.33,38.8],[23.03,38.93],[22.94,38.74],[23.17,38.67],[23.31,38.48],[23.63,38.48],[23.56,38.74],[24.03,38.67],[24.18,38.55],[24.16,38.22],[24.0,38.22],[23.98,37.84],[23.44,38.03],[23.21,38.03],[23.2,37.9],[23.04,37.9],[23.11,37.64],[23.34,37.64],[23.4,37.32],[23.17,37.32],[23.18,37.45],[22.95,37.58],[22.71,37.58],[22.7,37.32],[22.85,37.25],[23.06,36.67],[22.83,36.87],[22.6,36.87],[22.51,36.67],[22.36,36.67],[22.22,37.06],[21.91,37.06],[21.9,36.87],[21.74,36.87],[21.68,37.19],[21.6,37.19],[21.7,37.51],[21.24,37.84],[21.42,38.16],[21.73,38.16],[21.74,38.35],[21.19,38.42],[20.97,38.74],[20.74,38.8],[20.91,39.06],[20.3,39.38],[20.15,39.71],[19.92,39.71],[19.91,39.58],[19.76,39.64],[19.76,39.77],[20.0,39.77],[20.01,39.97],[19.63,40.29],[19.47,40.29],[19.49,40.61],[19.25,40.61],[19.25,40.74],[19.5,40.87],[19.44,41.26],[19.52,41.39],[19.44,41.39],[19.53,41.52],[19.45,41.52],[19.54,41.78],[18.85,42.37],[18.14,42.63],[17.99,42.82],[17.59,42.89],[17.51,42.76],[17.52,42.95],[17.36,42.95],[17.37,43.21],[17.12,43.15],[17.05,43.41],[16.73,43.34],[16.73,43.54],[16.58,43.6],[15.93,43.47],[16.01,43.6],[15.86,43.8],[15.7,43.8],[15.62,43.93],[15.37,43.86],[15.46,43.99],[15.22,44.06],[15.15,44.39],[14.91,44.58],[14.92,44.97],[14.52,45.1],[14.6,45.37],[14.2,45.37],[14.19,45.04],[13.95,45.04],[13.94,44.91],[13.78,44.91],[13.71,45.24],[13.54,45.3],[13.55,45.5],[13.71,45.5],[13.71,45.76],[13.39,45.82],[13.14,45.82],[13.06,45.63],[12.82,45.69],[12.65,45.56],[12.16,45.5],[12.16,45.17],[12.4,45.04],[12.4,44.78],[12.16,44.84],[12.15,44.45],[12.31,44.19],[12.87,43.8],[13.04,43.86],[13.03,43.73],[13.36,43.67],[13.67,43.41],[13.75,43.08],[13.99,42.95],[13.9,42.76],[14.06,42.5],[14.37,42.24],[14.53,42.24],[14.61,42.11],[14.77,42.17],[14.77,42.04],[14.92,41.98],[15.17,42.04],[15.24,41.91],[16.12,41.91],[16.11,41.78],[15.87,41.72],[15.94,41.39],[17.2,41.0],[17.51,40.74],[17.98,40.61],[18.44,40.16],[18.35,39.9],[18.11,39.9],[17.81,40.36],[17.42,40.36],[17.35,40.55],[17.03,40.55],[16.87,40.48],[16.95,40.42],[16.86,40.29],[16.62,40.29],[16.7,40.1],[16.46,39.97],[16.45,39.64],[16.92,39.51],[17.07,39.38],[17.14,39.06],[16.5,38.8],[16.49,38.42],[15.93,37.96],[15.7,37.96],[15.62,38.16],[15.39,38.16],[15.07,37.64],[15.06,37.25],[15.21,37.19],[15.05,36.74],[14.66,36.74],[14.28,37.13],[13.58,37.25],[13.19,37.58],[12.49,37.71],[12.49,37.9],[12.65,38.09],[13.04,38.03],[13.12,38.16],[13.35,38.16],[13.67,37.96],[14.06,37.96],[15.86,38.29],[15.95,38.67],[16.27,38.74],[16.27,38.93],[16.12,39.06],[15.9,39.77],[15.67,39.9],[15.75,40.03],[15.43,40.03],[15.2,40.23],[15.04,40.23],[14.89,40.68],[14.42,40.68],[14.42,40.87],[14.1,40.87],[13.95,41.13],[13.79,41.13],[13.71,41.26],[13.0,41.33],[12.92,41.46],[12.6,41.52],[12.13,41.91],[12.13,42.04],[11.81,42.11],[11.65,42.37],[11.49,42.3],[11.42,42.43],[11.26,42.43],[11.18,42.63],[11.02,42.63],[11.02,42.82],[10.54,43.08],[10.21,43.99],[9.89,43.99],[9.97,44.12],[9.73,44.12],[9.16,44.45],[8.43,44.39],[8.03,43.93],[7.15,43.73],[6.99,43.54],[6.67,43.47],[6.52,43.21],[6.28,43.15],[5.8,43.15],[5.63,43.28],[5.39,43.28],[5.39,43.41],[5.06,43.47],[4.18,43.47],[4.17,43.6],[3.85,43.6],[3.62,43.41],[3.14,43.28],[2.98,43.15],[3.01,42.56],[3.18,42.37],[3.12,41.91],[2.57,41.59],[2.33,41.59],[2.11,41.33],[1.24,41.2],[0.7,40.94],[0.71,40.68],[0.25,40.42],[0.18,40.16],[-0.13,40.03],[-0.35,39.71],[-0.31,39.13],[0.1,38.74],[-0.66,38.29],[-0.8,38.03],[-0.7,37.64],[-1.71,37.45],[-1.62,37.32],[-1.86,37.32],[-2.06,36.8],[-2.53,36.87],[-2.68,36.74],[-4.47,36.74],[-4.69,36.55],[-5.23,36.48],[-5.29,36.22],[-5.66,36.03],[-5.83,36.22],[-6.06,36.22],[-6.33,36.67],[-6.35,36.93],[-6.59,37.0],[-6.84,37.25],[-7.47,37.25],[-7.45,37.13],[-7.68,37.0],[-8.7,37.13],[-9.0,37.0],[-8.9,37.58],[-8.82,37.58],[-8.82,38.48],[-9.21,38.42],[-9.23,38.67],[-9.38,38.61],[-9.55,38.74],[-9.57,38.93],[-9.43,39.06],[-9.39,39.45],[-9.16,39.51],[-9.1,39.77],[-9.03,39.77],[-8.93,40.36],[-8.85,40.36],[-8.87,40.61],[-8.73,40.74],[-8.96,42.17],[-8.66,42.37],[-9.08,42.56],[-9.1,42.76],[-9.28,42.89],[-9.3,43.15],[-9.16,43.28],[-8.85,43.41],[-8.37,43.41],[-8.39,43.6],[-8.24,43.73],[-7.28,43.73],[-7.34,43.6],[-7.18,43.54],[-5.73,43.6],[-4.99,43.41],[-3.47,43.47],[-3.3,43.34],[-1.69,43.34],[-1.39,43.67],[-1.35,44.25],[-1.27,44.25],[-1.29,44.52],[-1.21,44.52],[-1.25,45.17],[-1.17,45.17],[-1.19,45.43],[-1.03,45.5],[-1.05,45.69],[-1.21,45.76],[-1.14,45.89],[-1.22,45.89],[-1.25,46.28],[-1.67,46.35],[-2.01,46.61],[-2.02,46.74],[-2.19,46.81],[-2.14,47.14],[-2.23,47.27],[-2.56,47.27],[-2.58,47.47],[-2.83,47.47],[-2.84,47.6],[-3.16,47.47],[-3.34,47.73],[-3.76,47.73],[-3.93,47.86],[-4.42,47.8],[-4.69,47.99],[-4.71,48.13],[-4.55,48.19],[-4.64,48.32],[-4.89,48.32],[-4.91,48.52],[-4.6,48.72],[-3.85,48.72],[-3.46,48.92],[-3.12,48.92],[-2.76,48.59],[-2.52,48.72],[-1.6,48.65],[-1.72,49.05],[-1.64,49.05],[-1.65,49.25],[-1.91,49.38],[-2.03,49.78],[-1.36,49.78],[-1.25,49.45],[0.01,49.38],[-0.01,49.65],[0.22,49.85],[1.05,49.98],[1.45,50.25],[1.42,50.71],[1.66,51.05],[2.58,51.18],[2.74,51.31],[3.41,51.45],[3.4,51.65],[3.74,51.65],[3.65,51.78],[3.98,51.92],[4.06,52.12],[4.23,51.98],[4.57,51.98],[5.25,52.12],[5.93,51.98],[6.37,51.65],[6.54,51.65],[6.54,51.58],[6.89,51.38],[7.06,50.98],[7.32,50.91],[7.24,50.71]]],[[[20.62,37.9],[20.7,37.9],[20.93,37.9],[20.92,37.64],[20.61,37.71],[20.62,37.9]]],[[[20.33,38.35],[20.49,38.42],[20.57,38.42],[20.8,38.29],[20.79,38.09],[20.32,38.16],[20.33,38.35]]],[[[1.27,38.8],[1.18,39.06],[1.26,39.13],[1.34,39.13],[1.65,39.13],[1.66,39.0],[1.43,38.8],[1.27,38.8]]],[[[20.15,39.64],[20.15,39.58],[20.07,39.58],[20.07,39.64],[20.15,39.64]]],[[[3.3,39.32],[2.82,39.32],[2.66,39.51],[2.35,39.45],[2.34,39.64],[2.88,39.97],[2.96,39.97],[3.19,39.97],[3.2,39.84],[3.52,39.77],[3.3,39.32]]],[[[3.74,40.1],[3.82,40.1],[4.22,40.1],[4.3,39.84],[3.83,39.9],[3.74,40.1]]],[[[9.67,40.29],[9.75,39.64],[9.67,39.64],[9.59,39.13],[9.12,39.19],[8.97,38.87],[8.73,38.87],[8.34,39.0],[8.41,39.26],[8.33,39.26],[8.33,39.51],[8.41,39.51],[8.48,39.9],[8.32,39.97],[8.4,40.29],[8.32,40.29],[8.32,40.48],[8.16,40.55],[8.15,40.94],[8.55,40.87],[9.02,41.26],[9.1,41.26],[9.5,41.2],[9.82,40.74],[9.82,40.36],[9.67,40.29]]],[[[9.58,41.98],[9.5,41.98],[9.5,41.78],[9.26,41.39],[9.1,41.33],[8.78,41.52],[8.78,41.72],[8.62,41.72],[8.7,41.91],[8.54,42.11],[8.53,42.5],[8.77,42.69],[9.17,42.76],[9.25,43.02],[9.33,43.02],[9.49,43.02],[9.49,42.76],[9.57,42.76],[9.58,41.98]]],[[[10.13,42.89],[10.21,42.89],[10.46,42.89],[10.46,42.69],[10.21,42.69],[10.13,42.89]]],[[[14.27,44.97],[14.35,44.97],[14.51,44.91],[14.5,44.52],[14.26,44.58],[14.27,44.97]]],[[[16.65,45.63],[16.57,45.63],[16.57,45.69],[16.65,45.69],[16.65,45.63]]],[[[6.28,51.85],[6.19,51.85],[6.19,51.92],[6.28,51.92],[6.28,51.85]]],[[[34.09,35.0],[33.7,34.94],[33.52,34.74],[33.13,34.68],[33.04,34.55],[32.37,34.74],[32.23,34.94],[32.25,35.13],[32.55,35.13],[32.88,35.26],[32.89,35.39],[33.74,35.39],[34.31,35.71],[34.39,35.71],[34.54,35.71],[34.53,35.58],[33.96,35.26],[34.09,35.0]]],[[[24.15,35.39],[24.3,35.32],[25.69,35.32],[25.68,35.13],[26.23,35.19],[26.14,35.07],[24.82,35.0],[24.76,35.19],[24.53,35.19],[24.45,35.19],[23.68,35.26],[23.62,35.52],[24.16,35.52],[24.15,35.39]]],[[[27.69,36.29],[28.02,36.48],[28.09,36.48],[28.25,36.48],[28.14,36.03],[27.74,35.9],[27.69,36.29]]],[[[27.12,36.93],[27.19,36.8],[26.87,36.67],[27.04,36.93],[27.12,36.93]]],[[[25.34,37.13],[25.42,37.13],[25.57,37.13],[25.56,37.0],[25.33,37.0],[25.34,37.13]]],[[[24.28,37.71],[24.36,37.71],[24.43,37.58],[24.27,37.51],[24.2,37.64],[24.28,37.71]]],[[[24.99,37.71],[25.06,37.71],[25.22,37.71],[25.29,37.51],[25.05,37.51],[24.99,37.71]]],[[[26.08,37.71],[26.16,37.71],[26.31,37.71],[26.3,37.58],[25.99,37.51],[26.08,37.71]]],[[[24.69,38.03],[24.77,38.03],[25.07,37.77],[24.83,37.71],[24.68,37.84],[24.69,38.03]]],[[[25.9,38.48],[25.82,38.48],[25.91,38.67],[25.99,38.67],[26.22,38.55],[26.11,38.16],[25.88,38.16],[25.9,38.48]]],[[[23.57,38.8],[23.56,38.74],[23.48,38.74],[23.49,38.8],[23.57,38.8]]],[[[24.36,39.0],[24.44,39.0],[24.67,38.93],[24.66,38.74],[24.36,38.87],[24.36,39.0]]],[[[26.09,39.0],[26.1,39.13],[25.79,39.19],[26.04,39.38],[26.12,39.38],[26.51,39.32],[26.64,39.0],[26.25,38.93],[26.09,39.0]]],[[[25.07,40.03],[25.15,40.03],[25.46,40.03],[25.45,39.84],[24.97,39.84],[25.07,40.03]]]]},"properties":{"id":"territory:Roman Empire:23","name":"Roman Empire","actor":"로마","valid_from":23,"valid_to":43,"wikidata":"Q12544","area":3609090,"src":"cliopatria","confidence":"medium"}},{"type":"Feature","geometry":{"type":"MultiPolygon","coordinates":[[[[11.01,35.39],[11.08,35.0],[10.85,34.94],[10.85,34.81],[10.54,34.55],[10.0,34.29],[10.08,34.23],[10.01,33.91],[10.24,33.71],[10.54,33.71],[10.7,33.52],[11.08,33.59],[11.16,33.2],[11.46,33.2],[12.23,32.81],[12.61,32.88],[12.53,32.75],[12.84,32.75],[12.84,32.88],[13.3,32.94],[13.45,32.81],[13.76,32.88],[13.76,32.75],[14.07,32.75],[14.44,32.49],[14.67,32.56],[14.75,32.43],[15.06,32.43],[15.28,32.3],[15.42,31.66],[15.58,31.59],[15.65,31.4],[16.18,31.21],[16.86,31.21],[17.85,30.95],[18.22,30.76],[18.59,30.37],[18.9,30.37],[18.97,30.24],[19.66,30.37],[19.96,30.56],[19.97,30.69],[20.2,30.89],[20.13,31.14],[20.21,31.27],[20.0,31.59],[20.09,32.11],[20.02,32.24],[20.25,32.24],[20.33,32.49],[20.48,32.43],[20.56,32.56],[20.72,32.56],[20.64,32.69],[20.87,32.62],[21.11,32.81],[21.41,32.75],[21.88,32.94],[23.09,32.62],[23.08,32.36],[23.3,32.17],[23.68,32.17],[24.13,31.98],[24.89,31.98],[25.11,31.79],[25.1,31.59],[25.25,31.46],[26.85,31.46],[27.3,31.34],[27.51,31.14],[28.5,31.01],[28.87,30.82],[29.4,30.82],[29.49,31.01],[29.63,30.95],[29.87,31.08],[29.8,31.21],[29.88,31.27],[30.34,31.27],[30.27,31.4],[30.35,31.46],[30.81,31.46],[30.97,31.53],[30.97,31.66],[31.2,31.66],[31.12,31.53],[31.27,31.46],[31.88,31.46],[31.78,31.21],[31.94,31.27],[32.0,31.08],[32.3,31.08],[32.24,31.21],[32.39,31.21],[32.53,31.08],[32.77,31.14],[32.83,31.01],[33.75,31.08],[34.22,31.27],[34.3,31.27],[34.43,31.08],[34.54,30.5],[33.84,30.24],[32.92,30.12],[32.6,29.92],[32.53,29.92],[32.43,29.6],[32.64,29.34],[32.69,28.96],[32.84,28.89],[33.11,28.38],[33.61,27.99],[33.59,27.61],[33.8,27.42],[33.93,27.03],[34.07,26.97],[34.05,26.58],[34.2,26.52],[34.46,25.87],[34.61,25.81],[35.15,24.65],[35.86,24.01],[35.85,23.88],[35.56,23.94],[35.55,23.81],[35.11,23.88],[33.76,23.69],[33.68,23.69],[33.39,23.81],[32.04,23.69],[31.67,23.75],[30.54,23.36],[30.46,23.36],[30.4,23.56],[30.1,23.75],[30.11,23.88],[29.96,23.88],[29.67,24.2],[28.57,24.65],[28.29,25.16],[28.24,25.94],[28.35,26.58],[28.27,26.58],[28.15,27.35],[27.94,27.54],[27.71,27.54],[27.79,27.67],[27.43,27.99],[27.28,27.93],[27.29,28.12],[27.14,28.25],[25.59,28.96],[25.37,29.28],[25.15,29.28],[25.0,29.41],[24.85,29.34],[24.78,29.54],[24.33,29.67],[24.26,29.79],[23.51,29.99],[22.92,30.31],[22.76,30.24],[22.77,30.37],[21.94,30.56],[20.95,30.56],[19.19,30.05],[18.28,30.05],[16.7,30.69],[15.49,30.95],[15.18,30.89],[15.19,31.08],[14.58,31.53],[14.59,31.66],[13.83,32.11],[13.3,32.24],[13.07,32.17],[13.07,32.3],[12.46,32.36],[11.77,32.3],[11.77,32.43],[11.54,32.43],[11.46,32.56],[11.31,32.49],[11.16,32.69],[10.39,33.01],[10.01,33.01],[10.08,33.14],[9.63,33.14],[9.55,33.33],[9.62,33.46],[9.32,33.59],[9.08,34.04],[8.93,34.04],[8.93,34.16],[8.77,34.23],[8.08,34.23],[8.0,34.42],[7.61,34.55],[7.15,34.49],[6.92,34.61],[6.46,34.55],[6.15,34.68],[5.38,34.61],[5.3,34.61],[5.29,35.13],[5.44,35.39],[5.34,36.35],[5.42,36.35],[5.41,36.74],[5.49,36.74],[5.56,36.67],[5.64,36.8],[6.11,36.8],[6.1,36.93],[6.33,37.06],[6.8,36.87],[7.19,36.87],[7.35,37.06],[7.5,37.06],[7.74,36.87],[8.52,36.87],[8.9,37.13],[9.06,37.06],[9.6,37.32],[9.99,37.19],[10.23,37.25],[10.23,37.06],[10.31,37.06],[10.23,36.8],[10.54,36.74],[10.85,37.0],[11.01,37.0],[11.01,36.8],[10.46,36.42],[10.54,36.35],[10.46,35.9],[10.85,35.71],[10.85,35.64],[11.08,35.58],[11.08,35.39],[11.01,35.39]]],[[[14.34,36.03],[14.42,36.03],[14.57,35.97],[14.57,35.77],[14.34,35.84],[14.34,36.03]]],[[[22.89,36.42],[22.96,36.42],[23.12,36.35],[23.11,36.16],[22.87,36.16],[22.89,36.42]]],[[[20.62,37.9],[20.7,37.9],[20.93,37.9],[20.92,37.64],[20.61,37.71],[20.62,37.9]]],[[[20.33,38.35],[20.49,38.42],[20.57,38.42],[20.8,38.29],[20.79,38.09],[20.32,38.16],[20.33,38.35]]],[[[1.27,38.8],[1.18,39.06],[1.26,39.13],[1.34,39.13],[1.65,39.13],[1.66,39.0],[1.43,38.8],[1.27,38.8]]],[[[20.15,39.64],[20.15,39.58],[20.07,39.58],[20.07,39.64],[20.15,39.64]]],[[[3.3,39.32],[2.82,39.32],[2.66,39.51],[2.35,39.45],[2.34,39.64],[2.88,39.97],[2.96,39.97],[3.19,39.97],[3.2,39.84],[3.52,39.77],[3.3,39.32]]],[[[3.74,40.1],[3.82,40.1],[4.22,40.1],[4.3,39.84],[3.83,39.9],[3.74,40.1]]],[[[9.67,40.29],[9.75,39.64],[9.67,39.64],[9.59,39.13],[9.12,39.19],[8.97,38.87],[8.73,38.87],[8.34,39.0],[8.41,39.26],[8.33,39.26],[8.33,39.51],[8.41,39.51],[8.48,39.9],[8.32,39.97],[8.4,40.29],[8.32,40.29],[8.32,40.48],[8.16,40.55],[8.15,40.94],[8.55,40.87],[9.02,41.26],[9.1,41.26],[9.5,41.2],[9.82,40.74],[9.82,40.36],[9.67,40.29]]],[[[8.75,51.51],[8.83,51.25],[9.09,51.25],[9.09,51.05],[8.92,51.05],[8.84,50.78],[9.09,50.78],[9.18,50.58],[9.6,50.51],[9.43,50.31],[9.1,50.25],[9.18,50.11],[9.02,50.11],[8.93,49.98],[8.77,50.05],[8.52,49.78],[8.6,49.52],[8.44,49.52],[8.45,48.79],[8.62,48.52],[8.63,47.8],[8.88,47.8],[8.96,48.06],[9.12,48.19],[9.78,48.39],[9.86,48.52],[9.95,48.52],[9.95,48.59],[10.03,48.59],[10.03,48.52],[10.45,48.52],[10.94,48.79],[11.36,48.85],[11.69,49.12],[12.11,49.18],[12.94,48.72],[13.52,48.65],[14.26,48.26],[14.51,48.32],[14.67,48.19],[14.92,48.19],[14.92,48.06],[16.14,47.66],[16.14,47.53],[16.22,47.53],[16.13,47.2],[16.21,47.14],[16.04,47.07],[16.04,46.94],[16.12,46.94],[16.03,46.87],[16.02,46.41],[16.1,46.41],[16.01,46.09],[16.17,46.02],[16.17,45.89],[16.57,45.76],[16.49,45.69],[16.56,45.56],[16.97,45.63],[17.05,45.5],[18.02,45.43],[18.18,45.3],[18.59,45.37],[18.99,45.17],[19.15,45.17],[19.24,45.3],[20.22,45.37],[20.37,45.17],[20.61,45.1],[20.52,44.97],[20.67,44.78],[21.41,44.91],[21.64,44.71],[21.88,44.71],[22.03,44.52],[22.19,44.52],[22.37,44.71],[22.69,44.71],[22.77,44.58],[22.52,44.52],[22.51,44.39],[22.98,44.12],[22.88,43.86],[23.53,43.93],[23.92,43.86],[24.08,43.73],[24.16,43.73],[24.14,43.54],[23.97,43.47],[23.95,43.15],[23.7,43.08],[23.69,42.89],[23.52,42.76],[23.57,42.43],[23.33,42.3],[23.21,41.85],[23.45,41.78],[23.74,41.46],[25.68,41.78],[26.23,41.72],[26.57,41.98],[27.46,42.11],[27.32,42.24],[27.33,42.37],[27.17,42.43],[27.19,42.63],[27.45,42.82],[27.66,43.28],[27.99,43.41],[28.02,43.67],[28.3,44.06],[28.46,44.84],[28.8,44.97],[28.79,44.91],[28.84,44.58],[28.58,44.39],[28.54,43.99],[28.62,43.99],[28.48,43.47],[28.16,43.47],[28.23,43.34],[27.9,43.28],[27.8,43.15],[27.85,42.76],[27.51,42.63],[27.49,42.43],[27.8,42.24],[27.78,42.11],[28.0,41.91],[27.98,41.65],[28.22,41.65],[28.35,41.39],[28.98,41.26],[28.96,41.13],[30.48,41.2],[30.62,41.07],[31.18,41.07],[31.53,41.39],[32.03,41.52],[32.04,41.65],[32.19,41.59],[32.69,41.78],[32.63,41.91],[34.78,41.91],[34.88,42.04],[35.12,42.04],[35.16,41.72],[35.95,41.72],[36.21,41.26],[36.92,41.26],[36.92,41.2],[36.9,41.07],[36.47,40.87],[36.41,41.0],[36.09,40.94],[35.18,41.33],[34.85,41.2],[34.58,40.94],[34.56,40.81],[34.79,40.74],[34.62,40.61],[34.49,40.23],[34.57,40.23],[34.54,39.97],[34.83,39.77],[34.73,39.58],[34.77,39.26],[34.48,38.8],[33.68,38.67],[33.27,38.48],[33.3,38.09],[33.13,37.9],[33.1,37.58],[32.76,37.32],[32.73,37.06],[32.86,36.8],[33.1,36.8],[33.43,37.06],[34.3,37.19],[34.56,37.45],[34.88,37.45],[35.05,37.64],[35.67,37.58],[36.0,37.71],[36.35,38.03],[37.11,37.9],[37.13,38.03],[37.45,38.09],[38.31,38.09],[38.39,38.09],[38.38,38.03],[38.46,38.03],[38.45,37.96],[38.44,37.9],[38.33,37.64],[37.99,37.38],[37.96,37.13],[38.18,37.0],[38.13,36.61],[38.21,36.61],[38.07,36.1],[38.43,35.84],[39.5,35.71],[39.94,35.52],[40.06,35.26],[40.28,35.13],[40.26,35.0],[40.48,34.87],[40.55,34.16],[40.47,34.16],[40.31,34.1],[40.4,34.23],[40.26,34.29],[39.12,34.49],[37.99,33.97],[37.74,33.78],[37.73,33.65],[37.57,33.65],[37.07,33.26],[37.05,33.07],[36.9,33.07],[36.72,32.75],[36.75,32.3],[36.52,32.24],[36.66,32.11],[36.49,31.98],[36.46,31.66],[36.39,31.66],[36.42,31.21],[36.27,31.21],[36.4,30.95],[36.16,30.76],[36.15,30.63],[35.84,30.56],[35.76,30.56],[35.93,31.72],[35.86,31.72],[35.96,32.88],[36.05,33.01],[35.7,33.33],[35.53,33.2],[35.4,32.56],[35.16,32.43],[34.85,32.43],[34.86,32.49],[35.02,32.62],[35.06,33.01],[35.22,33.07],[35.4,33.39],[35.35,33.65],[35.5,33.65],[35.45,33.91],[35.68,33.97],[35.64,34.36],[35.79,34.29],[36.05,34.55],[36.07,34.74],[35.93,34.87],[35.96,35.19],[35.88,35.19],[35.99,35.52],[35.84,35.58],[35.99,36.22],[35.84,36.29],[36.26,36.61],[36.29,36.8],[36.14,36.93],[35.83,36.93],[35.49,36.61],[35.11,36.74],[34.95,36.67],[34.89,36.87],[34.58,36.87],[34.25,36.67],[33.98,36.29],[33.27,36.22],[32.71,36.03],[32.56,36.03],[32.5,36.22],[32.07,36.61],[31.09,36.93],[30.62,36.93],[30.49,36.35],[30.03,36.35],[29.94,36.22],[29.24,36.22],[29.12,36.74],[28.74,36.74],[28.59,36.87],[28.36,36.87],[28.19,36.67],[28.03,36.67],[28.14,37.06],[28.07,37.13],[27.6,37.13],[27.54,37.38],[27.22,37.32],[27.31,37.45],[27.16,37.58],[27.26,37.77],[27.18,37.77],[27.28,38.03],[26.89,38.09],[26.82,38.22],[26.43,38.22],[26.38,38.67],[26.54,38.61],[26.59,38.35],[27.06,38.35],[27.08,38.55],[26.85,38.61],[26.96,39.0],[26.88,39.0],[26.89,39.19],[26.74,39.26],[26.85,39.58],[26.13,39.51],[26.27,40.29],[26.6,40.48],[26.68,40.48],[26.67,40.36],[27.47,40.42],[27.54,40.29],[27.7,40.29],[27.79,40.48],[27.95,40.48],[27.94,40.36],[29.05,40.36],[28.9,40.48],[28.91,40.61],[29.48,40.74],[29.49,40.87],[29.25,40.81],[29.1,40.94],[29.12,41.07],[28.63,41.0],[28.17,41.13],[28.08,41.0],[27.53,41.07],[27.02,40.68],[26.92,40.48],[26.63,40.74],[26.14,40.61],[26.08,40.87],[25.38,41.0],[24.35,41.0],[24.01,40.74],[23.7,40.81],[23.68,40.61],[23.84,40.55],[23.74,40.23],[23.27,40.29],[22.88,40.48],[22.89,40.61],[22.65,40.61],[22.56,40.36],[22.54,40.1],[22.7,40.1],[22.61,39.9],[23.14,39.45],[22.82,39.38],[22.8,39.06],[22.96,39.13],[23.49,38.87],[23.33,38.8],[23.03,38.93],[22.94,38.74],[23.17,38.67],[23.31,38.48],[23.63,38.48],[23.56,38.74],[24.03,38.67],[24.18,38.55],[24.16,38.22],[24.0,38.22],[23.98,37.84],[23.44,38.03],[23.21,38.03],[23.2,37.9],[23.04,37.9],[23.11,37.64],[23.34,37.64],[23.4,37.32],[23.17,37.32],[23.18,37.45],[22.95,37.58],[22.71,37.58],[22.7,37.32],[22.85,37.25],[23.06,36.67],[22.83,36.87],[22.6,36.87],[22.51,36.67],[22.36,36.67],[22.22,37.06],[21.91,37.06],[21.9,36.87],[21.74,36.87],[21.68,37.19],[21.6,37.19],[21.7,37.51],[21.24,37.84],[21.42,38.16],[21.73,38.16],[21.74,38.35],[21.19,38.42],[20.97,38.74],[20.74,38.8],[20.91,39.06],[20.3,39.38],[20.15,39.71],[19.92,39.71],[19.91,39.58],[19.76,39.64],[19.76,39.77],[20.0,39.77],[20.01,39.97],[19.63,40.29],[19.47,40.29],[19.49,40.61],[19.25,40.61],[19.25,40.74],[19.5,40.87],[19.44,41.26],[19.52,41.39],[19.44,41.39],[19.53,41.52],[19.45,41.52],[19.54,41.78],[18.85,42.37],[18.14,42.63],[17.99,42.82],[17.59,42.89],[17.51,42.76],[17.52,42.95],[17.36,42.95],[17.37,43.21],[17.12,43.15],[17.05,43.41],[16.73,43.34],[16.73,43.54],[16.58,43.6],[15.93,43.47],[16.01,43.6],[15.86,43.8],[15.7,43.8],[15.62,43.93],[15.37,43.86],[15.46,43.99],[15.22,44.06],[15.15,44.39],[14.91,44.58],[14.92,44.97],[14.52,45.1],[14.6,45.37],[14.2,45.37],[14.19,45.04],[13.95,45.04],[13.94,44.91],[13.78,44.91],[13.71,45.24],[13.54,45.3],[13.55,45.5],[13.71,45.5],[13.71,45.76],[13.39,45.82],[13.14,45.82],[13.06,45.63],[12.82,45.69],[12.65,45.56],[12.16,45.5],[12.16,45.17],[12.4,45.04],[12.4,44.78],[12.16,44.84],[12.15,44.45],[12.31,44.19],[12.87,43.8],[13.04,43.86],[13.03,43.73],[13.36,43.67],[13.67,43.41],[13.75,43.08],[13.99,42.95],[13.9,42.76],[14.06,42.5],[14.37,42.24],[14.53,42.24],[14.61,42.11],[14.77,42.17],[14.77,42.04],[14.92,41.98],[15.17,42.04],[15.24,41.91],[16.12,41.91],[16.11,41.78],[15.87,41.72],[15.94,41.39],[17.2,41.0],[17.51,40.74],[17.98,40.61],[18.44,40.16],[18.35,39.9],[18.11,39.9],[17.81,40.36],[17.42,40.36],[17.35,40.55],[17.03,40.55],[16.87,40.48],[16.95,40.42],[16.86,40.29],[16.62,40.29],[16.7,40.1],[16.46,39.97],[16.45,39.64],[16.92,39.51],[17.07,39.38],[17.14,39.06],[16.5,38.8],[16.49,38.42],[15.93,37.96],[15.7,37.96],[15.62,38.16],[15.39,38.16],[15.07,37.64],[15.06,37.25],[15.21,37.19],[15.05,36.74],[14.66,36.74],[14.28,37.13],[13.58,37.25],[13.19,37.58],[12.49,37.71],[12.49,37.9],[12.65,38.09],[13.04,38.03],[13.12,38.16],[13.35,38.16],[13.67,37.96],[14.06,37.96],[15.86,38.29],[15.95,38.67],[16.27,38.74],[16.27,38.93],[16.12,39.06],[15.9,39.77],[15.67,39.9],[15.75,40.03],[15.43,40.03],[15.2,40.23],[15.04,40.23],[14.89,40.68],[14.42,40.68],[14.42,40.87],[14.1,40.87],[13.95,41.13],[13.79,41.13],[13.71,41.26],[13.0,41.33],[12.92,41.46],[12.6,41.52],[12.13,41.91],[12.13,42.04],[11.81,42.11],[11.65,42.37],[11.49,42.3],[11.42,42.43],[11.26,42.43],[11.18,42.63],[11.02,42.63],[11.02,42.82],[10.54,43.08],[10.21,43.99],[9.89,43.99],[9.97,44.12],[9.73,44.12],[9.16,44.45],[8.43,44.39],[8.03,43.93],[7.15,43.73],[6.99,43.54],[6.67,43.47],[6.52,43.21],[6.28,43.15],[5.8,43.15],[5.63,43.28],[5.39,43.28],[5.39,43.41],[5.06,43.47],[4.18,43.47],[4.17,43.6],[3.85,43.6],[3.62,43.41],[3.14,43.28],[2.98,43.15],[3.01,42.56],[3.18,42.37],[3.12,41.91],[2.57,41.59],[2.33,41.59],[2.11,41.33],[1.24,41.2],[0.7,40.94],[0.71,40.68],[0.25,40.42],[0.18,40.16],[-0.13,40.03],[-0.35,39.71],[-0.31,39.13],[0.1,38.74],[-0.66,38.29],[-0.8,38.03],[-0.7,37.64],[-1.71,37.45],[-1.62,37.32],[-1.86,37.32],[-2.06,36.8],[-2.53,36.87],[-2.68,36.74],[-4.47,36.74],[-4.69,36.55],[-5.23,36.48],[-5.29,36.22],[-5.66,36.03],[-5.83,36.22],[-6.06,36.22],[-6.33,36.67],[-6.35,36.93],[-6.59,37.0],[-6.84,37.25],[-7.47,37.25],[-7.45,37.13],[-7.68,37.0],[-8.7,37.13],[-9.0,37.0],[-8.9,37.58],[-8.82,37.58],[-8.82,38.48],[-9.21,38.42],[-9.23,38.67],[-9.38,38.61],[-9.55,38.74],[-9.57,38.93],[-9.43,39.06],[-9.39,39.45],[-9.16,39.51],[-9.1,39.77],[-9.03,39.77],[-8.93,40.36],[-8.85,40.36],[-8.87,40.61],[-8.73,40.74],[-8.96,42.17],[-8.66,42.37],[-9.08,42.56],[-9.1,42.76],[-9.28,42.89],[-9.3,43.15],[-9.16,43.28],[-8.85,43.41],[-8.37,43.41],[-8.39,43.6],[-8.24,43.73],[-7.28,43.73],[-7.34,43.6],[-7.18,43.54],[-5.73,43.6],[-4.99,43.41],[-3.47,43.47],[-3.3,43.34],[-1.69,43.34],[-1.39,43.67],[-1.35,44.25],[-1.27,44.25],[-1.29,44.52],[-1.21,44.52],[-1.25,45.17],[-1.17,45.17],[-1.19,45.43],[-1.03,45.5],[-1.05,45.69],[-1.21,45.76],[-1.14,45.89],[-1.22,45.89],[-1.25,46.28],[-1.67,46.35],[-2.01,46.61],[-2.02,46.74],[-2.19,46.81],[-2.14,47.14],[-2.23,47.27],[-2.56,47.27],[-2.58,47.47],[-2.83,47.47],[-2.84,47.6],[-3.16,47.47],[-3.34,47.73],[-3.76,47.73],[-3.93,47.86],[-4.42,47.8],[-4.69,47.99],[-4.71,48.13],[-4.55,48.19],[-4.64,48.32],[-4.89,48.32],[-4.91,48.52],[-4.6,48.72],[-3.85,48.72],[-3.46,48.92],[-3.12,48.92],[-2.76,48.59],[-2.52,48.72],[-1.6,48.65],[-1.72,49.05],[-1.64,49.05],[-1.65,49.25],[-1.91,49.38],[-2.03,49.78],[-1.36,49.78],[-1.25,49.45],[0.01,49.38],[-0.01,49.65],[0.22,49.85],[1.05,49.98],[1.45,50.25],[1.42,50.71],[1.66,51.05],[2.58,51.18],[2.74,51.31],[3.41,51.45],[3.4,51.65],[3.74,51.65],[3.65,51.78],[3.82,51.78],[3.81,51.92],[3.98,51.92],[3.97,52.05],[4.22,52.18],[4.22,52.32],[4.46,52.52],[4.45,52.72],[4.7,52.99],[4.87,52.99],[4.97,52.65],[5.39,52.86],[5.39,52.99],[5.21,53.12],[5.54,53.39],[6.23,53.53],[7.0,53.46],[7.18,53.26],[7.19,52.99],[7.02,52.79],[7.12,52.32],[7.29,52.32],[7.29,52.18],[7.46,52.12],[7.72,52.12],[7.72,52.18],[8.65,52.18],[8.57,51.85],[8.83,51.58],[8.75,51.51]]],[[[9.58,41.98],[9.5,41.98],[9.5,41.78],[9.26,41.39],[9.1,41.33],[8.78,41.52],[8.78,41.72],[8.62,41.72],[8.7,41.91],[8.54,42.11],[8.53,42.5],[8.77,42.69],[9.17,42.76],[9.25,43.02],[9.33,43.02],[9.49,43.02],[9.49,42.76],[9.57,42.76],[9.58,41.98]]],[[[10.13,42.89],[10.21,42.89],[10.46,42.89],[10.46,42.69],[10.21,42.69],[10.13,42.89]]],[[[14.27,44.97],[14.35,44.97],[14.51,44.91],[14.5,44.52],[14.26,44.58],[14.27,44.97]]],[[[16.65,45.63],[16.57,45.63],[16.57,45.69],[16.65,45.69],[16.65,45.63]]],[[[34.09,35.0],[33.7,34.94],[33.52,34.74],[33.13,34.68],[33.04,34.55],[32.37,34.74],[32.23,34.94],[32.25,35.13],[32.55,35.13],[32.88,35.26],[32.89,35.39],[33.74,35.39],[34.31,35.71],[34.39,35.71],[34.54,35.71],[34.53,35.58],[33.96,35.26],[34.09,35.0]]],[[[24.15,35.39],[24.3,35.32],[25.69,35.32],[25.68,35.13],[26.23,35.19],[26.14,35.07],[24.82,35.0],[24.76,35.19],[24.53,35.19],[24.45,35.19],[23.68,35.26],[23.62,35.52],[24.16,35.52],[24.15,35.39]]],[[[27.69,36.29],[28.02,36.48],[28.09,36.48],[28.25,36.48],[28.14,36.03],[27.74,35.9],[27.69,36.29]]],[[[27.12,36.93],[27.19,36.8],[26.87,36.67],[27.04,36.93],[27.12,36.93]]],[[[25.34,37.13],[25.42,37.13],[25.57,37.13],[25.56,37.0],[25.33,37.0],[25.34,37.13]]],[[[24.28,37.71],[24.36,37.71],[24.43,37.58],[24.27,37.51],[24.2,37.64],[24.28,37.71]]],[[[24.99,37.71],[25.06,37.71],[25.22,37.71],[25.29,37.51],[25.05,37.51],[24.99,37.71]]],[[[26.08,37.71],[26.16,37.71],[26.31,37.71],[26.3,37.58],[25.99,37.51],[26.08,37.71]]],[[[24.69,38.03],[24.77,38.03],[25.07,37.77],[24.83,37.71],[24.68,37.84],[24.69,38.03]]],[[[25.9,38.48],[25.82,38.48],[25.91,38.67],[25.99,38.67],[26.22,38.55],[26.11,38.16],[25.88,38.16],[25.9,38.48]]],[[[23.57,38.8],[23.56,38.74],[23.48,38.74],[23.49,38.8],[23.57,38.8]]],[[[24.36,39.0],[24.44,39.0],[24.67,38.93],[24.66,38.74],[24.36,38.87],[24.36,39.0]]],[[[26.09,39.0],[26.1,39.13],[25.79,39.19],[26.04,39.38],[26.12,39.38],[26.51,39.32],[26.64,39.0],[26.25,38.93],[26.09,39.0]]],[[[25.07,40.03],[25.15,40.03],[25.46,40.03],[25.45,39.84],[24.97,39.84],[25.07,40.03]]]]},"properties":{"id":"territory:Roman Empire:1","name":"Roman Empire","actor":"로마","valid_from":1,"valid_to":6,"wikidata":"Q12544","area":3550372,"src":"cliopatria","confidence":"medium"}},{"type":"Feature","geometry":{"type":"MultiPolygon","coordinates":[[[[14.34,35.84],[14.34,36.03],[14.42,36.03],[14.57,35.97],[14.57,35.77],[14.34,35.84]]],[[[22.89,36.42],[22.96,36.42],[23.12,36.35],[23.11,36.16],[22.87,36.16],[22.89,36.42]]],[[[7.24,50.71],[7.32,50.71],[7.33,50.51],[7.76,49.91],[8.17,50.25],[8.51,50.11],[8.52,49.85],[8.43,49.85],[8.52,49.58],[8.35,49.58],[8.28,49.12],[8.11,49.05],[8.2,48.92],[7.87,48.72],[7.87,48.59],[7.71,48.46],[7.56,47.6],[8.55,47.66],[8.55,47.8],[8.88,47.8],[8.96,48.06],[9.12,48.19],[9.78,48.39],[9.86,48.52],[9.95,48.52],[9.95,48.59],[10.03,48.59],[10.03,48.52],[10.45,48.52],[10.94,48.79],[11.36,48.85],[11.69,49.12],[12.11,49.18],[12.94,48.72],[13.52,48.65],[14.26,48.26],[14.51,48.32],[14.67,48.19],[14.92,48.19],[14.92,48.06],[16.14,47.66],[16.14,47.53],[16.22,47.53],[16.13,47.2],[16.21,47.14],[16.04,47.07],[16.04,46.94],[16.12,46.94],[16.03,46.87],[16.02,46.41],[16.1,46.41],[16.01,46.09],[16.17,46.02],[16.17,45.89],[16.57,45.76],[16.49,45.69],[16.56,45.56],[16.97,45.63],[17.05,45.5],[18.02,45.43],[18.18,45.3],[18.59,45.37],[18.99,45.17],[19.15,45.17],[19.24,45.3],[20.22,45.37],[20.37,45.17],[20.61,45.1],[20.52,44.97],[20.67,44.78],[21.41,44.91],[21.64,44.71],[21.88,44.71],[22.03,44.52],[22.19,44.52],[22.37,44.71],[22.69,44.71],[22.77,44.58],[22.52,44.52],[22.51,44.39],[22.98,44.12],[22.88,43.86],[23.53,43.93],[23.92,43.86],[24.08,43.73],[24.16,43.73],[24.14,43.54],[23.97,43.47],[23.95,43.15],[23.7,43.08],[23.69,42.89],[23.52,42.76],[23.57,42.43],[23.33,42.3],[23.21,41.85],[23.45,41.78],[23.74,41.46],[25.68,41.78],[26.23,41.72],[26.57,41.98],[27.46,42.11],[27.32,42.24],[27.33,42.37],[27.17,42.43],[27.19,42.63],[27.45,42.82],[27.66,43.28],[27.99,43.41],[28.02,43.67],[28.3,44.06],[28.46,44.84],[28.8,44.97],[28.79,44.91],[28.84,44.58],[28.58,44.39],[28.54,43.99],[28.62,43.99],[28.48,43.47],[28.16,43.47],[28.23,43.34],[27.9,43.28],[27.8,43.15],[27.85,42.76],[27.51,42.63],[27.49,42.43],[27.8,42.24],[27.78,42.11],[28.0,41.91],[27.98,41.65],[28.22,41.65],[28.35,41.39],[28.98,41.26],[28.96,41.13],[30.48,41.2],[30.62,41.07],[31.18,41.07],[31.53,41.39],[32.03,41.52],[32.04,41.65],[32.19,41.59],[32.69,41.78],[32.63,41.91],[34.78,41.91],[34.88,42.04],[35.12,42.04],[35.16,41.72],[35.95,41.72],[36.21,41.26],[36.92,41.26],[36.92,41.2],[36.9,41.07],[36.47,40.87],[36.41,41.0],[36.09,40.94],[35.18,41.33],[34.85,41.2],[34.58,40.94],[34.56,40.81],[34.79,40.74],[34.62,40.61],[34.49,40.23],[34.57,40.23],[34.54,39.97],[34.83,39.77],[34.73,39.58],[34.77,39.26],[34.48,38.8],[33.68,38.67],[33.27,38.48],[33.3,38.09],[33.13,37.9],[33.1,37.58],[32.76,37.32],[32.73,37.06],[32.86,36.8],[33.1,36.8],[33.43,37.06],[34.3,37.19],[34.56,37.45],[34.88,37.45],[35.05,37.64],[35.67,37.58],[36.0,37.71],[36.35,38.03],[37.11,37.9],[37.13,38.03],[37.45,38.09],[38.31,38.09],[38.39,38.09],[38.38,38.03],[38.46,38.03],[38.45,37.96],[38.44,37.9],[38.33,37.64],[37.99,37.38],[37.96,37.13],[38.18,37.0],[38.13,36.61],[38.21,36.61],[38.07,36.1],[38.43,35.84],[39.5,35.71],[39.94,35.52],[40.06,35.26],[40.28,35.13],[40.26,35.0],[40.48,34.87],[40.55,34.16],[40.47,34.16],[40.31,34.1],[40.4,34.23],[40.26,34.29],[39.12,34.49],[37.99,33.97],[37.74,33.78],[37.73,33.65],[37.57,33.65],[37.07,33.26],[37.05,33.07],[36.9,33.07],[36.72,32.75],[36.75,32.3],[36.52,32.24],[36.66,32.11],[36.49,31.98],[36.46,31.66],[36.39,31.66],[36.42,31.21],[36.27,31.21],[36.4,30.95],[36.15,30.69],[36.15,30.63],[35.84,30.63],[35.59,30.37],[34.39,30.5],[34.3,30.37],[33.15,30.18],[32.6,29.92],[32.53,29.92],[32.43,29.6],[32.64,29.34],[32.69,28.96],[32.84,28.89],[33.11,28.38],[33.61,27.99],[33.59,27.61],[33.8,27.42],[33.93,27.03],[34.07,26.97],[34.05,26.58],[34.2,26.52],[34.46,25.87],[34.61,25.81],[35.15,24.65],[35.86,24.01],[35.85,23.88],[35.56,23.94],[35.55,23.81],[35.11,23.88],[33.76,23.69],[33.68,23.69],[33.39,23.81],[32.04,23.69],[31.67,23.75],[30.54,23.36],[30.46,23.36],[30.4,23.56],[30.1,23.75],[30.11,23.88],[29.96,23.88],[29.67,24.2],[28.57,24.65],[28.29,25.16],[28.24,25.94],[28.35,26.58],[28.27,26.58],[28.15,27.35],[27.94,27.54],[27.71,27.54],[27.79,27.67],[27.43,27.99],[27.28,27.93],[27.29,28.12],[27.14,28.25],[25.59,28.96],[25.37,29.28],[25.15,29.28],[25.0,29.41],[24.85,29.34],[24.78,29.54],[24.33,29.67],[24.26,29.79],[23.51,29.99],[22.92,30.31],[22.76,30.24],[22.77,30.37],[21.94,30.56],[20.95,30.56],[19.19,30.05],[18.28,30.05],[16.7,30.69],[15.49,30.95],[15.18,30.89],[15.19,31.08],[14.58,31.53],[14.59,31.66],[13.83,32.11],[13.3,32.24],[13.07,32.17],[13.07,32.3],[12.46,32.36],[11.77,32.3],[11.77,32.43],[11.54,32.43],[11.46,32.56],[11.31,32.49],[11.16,32.69],[10.39,33.01],[10.01,33.01],[10.08,33.14],[9.63,33.14],[9.55,33.33],[9.62,33.46],[9.32,33.59],[9.08,34.04],[8.93,34.04],[8.93,34.16],[8.77,34.23],[8.08,34.23],[8.0,34.42],[7.61,34.55],[7.15,34.49],[6.92,34.61],[6.46,34.55],[6.15,34.68],[5.38,34.61],[5.3,34.61],[5.29,35.13],[5.44,35.39],[5.34,36.35],[5.42,36.35],[5.41,36.74],[5.49,36.74],[5.56,36.67],[5.64,36.8],[6.11,36.8],[6.1,36.93],[6.33,37.06],[6.8,36.87],[7.19,36.87],[7.35,37.06],[7.5,37.06],[7.74,36.87],[8.52,36.87],[8.9,37.13],[9.06,37.06],[9.6,37.32],[9.99,37.19],[10.23,37.25],[10.23,37.06],[10.31,37.06],[10.23,36.8],[10.46,36.74],[11.01,37.0],[11.01,36.8],[10.46,36.42],[10.54,36.35],[10.46,35.9],[10.7,35.71],[10.85,35.77],[10.93,35.58],[11.08,35.58],[11.08,35.39],[11.01,35.39],[11.08,35.0],[10.85,34.94],[10.85,34.81],[10.54,34.55],[10.0,34.29],[10.08,34.23],[10.01,33.91],[10.24,33.71],[10.54,33.71],[10.7,33.52],[11.08,33.59],[11.16,33.2],[11.46,33.2],[12.23,32.81],[12.61,32.88],[12.53,32.75],[12.84,32.75],[12.84,32.88],[13.3,32.94],[13.45,32.81],[13.76,32.88],[13.76,32.75],[14.07,32.75],[14.44,32.49],[14.67,32.56],[14.75,32.43],[15.06,32.43],[15.28,32.3],[15.42,31.66],[15.58,31.59],[15.65,31.4],[16.18,31.21],[17.47,31.08],[18.22,30.76],[18.59,30.37],[19.27,30.24],[19.89,30.5],[20.2,30.89],[20.13,31.14],[20.21,31.27],[20.0,31.59],[20.09,32.11],[20.02,32.24],[20.25,32.24],[20.33,32.49],[20.48,32.43],[20.56,32.56],[20.72,32.56],[20.64,32.69],[20.87,32.62],[21.11,32.81],[21.41,32.75],[21.88,32.94],[23.09,32.62],[23.08,32.36],[23.3,32.17],[23.68,32.17],[24.13,31.98],[24.89,31.98],[25.11,31.79],[25.1,31.59],[25.25,31.46],[26.85,31.46],[27.3,31.34],[27.51,31.14],[28.5,31.01],[28.87,30.82],[29.4,30.82],[29.49,31.01],[29.63,30.95],[29.87,31.08],[29.8,31.21],[29.88,31.27],[30.34,31.27],[30.27,31.4],[30.35,31.46],[30.81,31.46],[30.97,31.53],[30.97,31.66],[31.2,31.66],[31.12,31.53],[31.27,31.46],[31.88,31.46],[31.78,31.21],[31.94,31.27],[32.0,31.08],[32.3,31.08],[32.24,31.21],[32.53,31.08],[32.77,31.14],[32.83,31.01],[33.98,31.14],[34.3,31.27],[34.31,31.4],[34.63,31.66],[34.57,31.85],[34.81,31.98],[34.77,32.36],[35.02,32.62],[35.06,33.01],[35.22,33.07],[35.4,33.39],[35.35,33.65],[35.5,33.65],[35.45,33.91],[35.68,33.97],[35.64,34.36],[35.79,34.29],[36.05,34.55],[36.07,34.74],[35.93,34.87],[35.96,35.19],[35.88,35.19],[35.99,35.52],[35.84,35.58],[35.99,36.22],[35.84,36.29],[36.26,36.61],[36.29,36.8],[36.14,36.93],[35.83,36.93],[35.49,36.61],[35.33,36.61],[35.11,36.74],[34.95,36.67],[34.89,36.87],[34.58,36.87],[34.25,36.67],[33.98,36.29],[33.27,36.22],[32.71,36.03],[32.56,36.03],[32.5,36.22],[32.07,36.61],[31.09,36.93],[30.62,36.93],[30.49,36.35],[30.03,36.35],[29.94,36.22],[29.24,36.22],[29.12,36.74],[28.74,36.74],[28.59,36.87],[28.36,36.87],[28.19,36.67],[28.03,36.67],[28.14,37.06],[28.07,37.13],[27.6,37.13],[27.54,37.38],[27.22,37.32],[27.31,37.45],[27.16,37.58],[27.26,37.77],[27.18,37.77],[27.28,38.03],[26.89,38.09],[26.82,38.22],[26.43,38.22],[26.38,38.67],[26.54,38.61],[26.59,38.35],[27.06,38.35],[27.08,38.55],[26.85,38.61],[26.96,39.0],[26.88,39.0],[26.89,39.19],[26.74,39.26],[26.85,39.58],[26.13,39.51],[26.17,39.97],[26.25,39.97],[26.27,40.29],[26.6,40.48],[26.68,40.48],[26.67,40.36],[27.47,40.42],[27.54,40.29],[27.7,40.29],[27.79,40.48],[27.95,40.48],[27.94,40.36],[29.05,40.36],[28.9,40.48],[28.91,40.61],[29.48,40.74],[29.49,40.87],[29.25,40.81],[29.1,40.94],[29.12,41.07],[28.63,41.0],[28.41,41.13],[28.17,41.13],[28.08,41.0],[27.53,41.07],[27.02,40.68],[26.92,40.48],[26.63,40.74],[26.14,40.61],[26.08,40.87],[25.38,41.0],[24.35,41.0],[24.01,40.74],[23.7,40.81],[23.68,40.61],[23.84,40.55],[23.74,40.23],[23.27,40.29],[22.88,40.48],[22.89,40.61],[22.65,40.61],[22.56,40.36],[22.54,40.1],[22.7,40.1],[22.61,39.9],[23.14,39.45],[22.82,39.38],[22.8,39.06],[22.96,39.13],[23.49,38.87],[23.33,38.8],[23.03,38.93],[22.94,38.74],[23.17,38.67],[23.31,38.48],[23.63,38.48],[23.56,38.74],[24.03,38.67],[24.18,38.55],[24.16,38.22],[24.0,38.22],[23.98,37.84],[23.44,38.03],[23.21,38.03],[23.2,37.9],[23.04,37.9],[23.11,37.64],[23.34,37.64],[23.4,37.32],[23.17,37.32],[23.18,37.45],[22.95,37.58],[22.71,37.58],[22.7,37.32],[22.85,37.25],[23.06,36.67],[22.83,36.87],[22.6,36.87],[22.51,36.67],[22.36,36.67],[22.22,37.06],[21.91,37.06],[21.9,36.87],[21.74,36.87],[21.68,37.19],[21.6,37.19],[21.7,37.51],[21.24,37.84],[21.42,38.16],[21.73,38.16],[21.74,38.35],[21.19,38.42],[20.97,38.74],[20.74,38.8],[20.91,39.06],[20.3,39.38],[20.15,39.71],[19.92,39.71],[19.91,39.58],[19.76,39.64],[19.76,39.77],[20.0,39.77],[20.01,39.97],[19.63,40.29],[19.47,40.29],[19.49,40.61],[19.25,40.61],[19.25,40.74],[19.5,40.87],[19.44,41.26],[19.52,41.39],[19.44,41.39],[19.53,41.52],[19.45,41.52],[19.54,41.78],[18.85,42.37],[18.14,42.63],[17.99,42.82],[17.59,42.89],[17.51,42.76],[17.52,42.95],[17.36,42.95],[17.37,43.21],[17.12,43.15],[17.05,43.41],[16.73,43.34],[16.73,43.54],[16.58,43.6],[15.93,43.47],[16.01,43.6],[15.86,43.8],[15.7,43.8],[15.62,43.93],[15.37,43.86],[15.46,43.99],[15.22,44.06],[15.15,44.39],[14.91,44.58],[14.92,44.97],[14.52,45.1],[14.6,45.37],[14.2,45.37],[14.19,45.04],[13.95,45.04],[13.94,44.91],[13.78,44.91],[13.71,45.24],[13.54,45.3],[13.55,45.5],[13.71,45.5],[13.71,45.76],[13.39,45.82],[13.14,45.82],[13.06,45.63],[12.82,45.69],[12.65,45.56],[12.16,45.5],[12.16,45.17],[12.4,45.04],[12.4,44.78],[12.16,44.84],[12.15,44.45],[12.31,44.19],[12.87,43.8],[13.04,43.86],[13.03,43.73],[13.36,43.67],[13.67,43.41],[13.75,43.08],[13.99,42.95],[13.9,42.76],[14.06,42.5],[14.37,42.24],[14.53,42.24],[14.61,42.11],[14.77,42.17],[14.77,42.04],[14.92,41.98],[15.17,42.04],[15.24,41.91],[16.12,41.91],[16.11,41.78],[15.87,41.72],[15.94,41.39],[17.2,41.0],[17.51,40.74],[17.98,40.61],[18.44,40.16],[18.35,39.9],[18.11,39.9],[17.81,40.36],[17.42,40.36],[17.35,40.55],[17.03,40.55],[16.87,40.48],[16.95,40.42],[16.86,40.29],[16.62,40.29],[16.7,40.1],[16.46,39.97],[16.45,39.64],[16.92,39.51],[17.07,39.38],[17.14,39.06],[16.5,38.8],[16.49,38.42],[15.93,37.96],[15.7,37.96],[15.62,38.16],[15.39,38.16],[15.07,37.64],[15.06,37.25],[15.21,37.19],[15.05,36.74],[14.66,36.74],[14.28,37.13],[13.58,37.25],[13.19,37.58],[12.49,37.71],[12.49,37.9],[12.65,38.09],[13.04,38.03],[13.12,38.16],[13.35,38.16],[13.67,37.96],[14.06,37.96],[15.86,38.29],[15.95,38.67],[16.27,38.74],[16.27,38.93],[16.12,39.06],[15.9,39.77],[15.67,39.9],[15.75,40.03],[15.43,40.03],[15.2,40.23],[15.04,40.23],[14.89,40.68],[14.42,40.68],[14.42,40.87],[14.1,40.87],[13.95,41.13],[13.79,41.13],[13.71,41.26],[13.0,41.33],[12.92,41.46],[12.6,41.52],[12.13,41.91],[12.13,42.04],[11.81,42.11],[11.65,42.37],[11.49,42.3],[11.42,42.43],[11.26,42.43],[11.18,42.63],[11.02,42.63],[11.02,42.82],[10.54,43.08],[10.21,43.99],[9.89,43.99],[9.97,44.12],[9.73,44.12],[9.16,44.45],[8.43,44.39],[8.03,43.93],[7.15,43.73],[6.99,43.54],[6.67,43.47],[6.52,43.21],[6.28,43.15],[5.8,43.15],[5.63,43.28],[5.39,43.28],[5.39,43.41],[5.06,43.47],[4.18,43.47],[4.17,43.6],[3.85,43.6],[3.62,43.41],[3.14,43.28],[2.98,43.15],[3.01,42.56],[3.18,42.37],[3.12,41.91],[2.57,41.59],[2.33,41.59],[2.11,41.33],[1.24,41.2],[0.7,40.94],[0.71,40.68],[0.25,40.42],[0.18,40.16],[-0.13,40.03],[-0.35,39.71],[-0.31,39.13],[0.1,38.74],[-0.66,38.29],[-0.8,38.03],[-0.7,37.64],[-1.71,37.45],[-1.62,37.32],[-1.86,37.32],[-2.06,36.8],[-2.53,36.87],[-2.68,36.74],[-4.47,36.74],[-4.69,36.55],[-5.23,36.48],[-5.29,36.22],[-5.66,36.03],[-5.83,36.22],[-6.06,36.22],[-6.33,36.67],[-6.35,36.93],[-6.59,37.0],[-6.84,37.25],[-7.47,37.25],[-7.45,37.13],[-7.68,37.0],[-8.7,37.13],[-9.0,37.0],[-8.9,37.58],[-8.82,37.58],[-8.82,38.48],[-9.21,38.42],[-9.23,38.67],[-9.38,38.61],[-9.55,38.74],[-9.57,38.93],[-9.43,39.06],[-9.39,39.45],[-9.16,39.51],[-9.1,39.77],[-9.03,39.77],[-8.93,40.36],[-8.85,40.36],[-8.87,40.61],[-8.73,40.74],[-8.96,42.17],[-8.66,42.37],[-9.08,42.56],[-9.1,42.76],[-9.28,42.89],[-9.3,43.15],[-9.16,43.28],[-8.85,43.41],[-8.37,43.41],[-8.39,43.6],[-8.24,43.73],[-7.28,43.73],[-7.34,43.6],[-7.18,43.54],[-5.73,43.6],[-4.99,43.41],[-3.47,43.47],[-3.3,43.34],[-1.69,43.34],[-1.39,43.67],[-1.35,44.25],[-1.27,44.25],[-1.29,44.52],[-1.21,44.52],[-1.25,45.17],[-1.17,45.17],[-1.19,45.43],[-1.03,45.5],[-1.05,45.69],[-1.21,45.76],[-1.14,45.89],[-1.22,45.89],[-1.25,46.28],[-1.67,46.35],[-2.01,46.61],[-2.02,46.74],[-2.19,46.81],[-2.14,47.14],[-2.23,47.27],[-2.56,47.27],[-2.58,47.47],[-2.83,47.47],[-2.84,47.6],[-3.16,47.47],[-3.34,47.73],[-3.76,47.73],[-3.93,47.86],[-4.42,47.8],[-4.69,47.99],[-4.71,48.13],[-4.55,48.19],[-4.64,48.32],[-4.89,48.32],[-4.91,48.52],[-4.6,48.72],[-3.85,48.72],[-3.46,48.92],[-3.12,48.92],[-2.76,48.59],[-2.52,48.72],[-1.6,48.65],[-1.72,49.05],[-1.64,49.05],[-1.65,49.25],[-1.91,49.38],[-2.03,49.78],[-1.36,49.78],[-1.25,49.45],[0.01,49.38],[-0.01,49.65],[0.22,49.85],[1.05,49.98],[1.45,50.25],[1.42,50.71],[1.66,51.05],[2.58,51.18],[2.74,51.31],[3.41,51.45],[3.4,51.65],[3.74,51.65],[3.65,51.78],[3.98,51.92],[4.06,52.12],[4.23,51.98],[4.57,51.98],[5.25,52.12],[5.93,51.98],[6.37,51.65],[6.54,51.65],[6.54,51.58],[6.89,51.38],[7.06,50.98],[7.32,50.91],[7.24,50.71]]],[[[20.62,37.9],[20.7,37.9],[20.93,37.9],[20.92,37.64],[20.61,37.71],[20.62,37.9]]],[[[20.33,38.35],[20.49,38.42],[20.57,38.42],[20.8,38.29],[20.79,38.09],[20.32,38.16],[20.33,38.35]]],[[[1.27,38.8],[1.18,39.06],[1.26,39.13],[1.34,39.13],[1.65,39.13],[1.66,39.0],[1.43,38.8],[1.27,38.8]]],[[[20.15,39.64],[20.15,39.58],[20.07,39.58],[20.07,39.64],[20.15,39.64]]],[[[3.3,39.32],[2.82,39.32],[2.66,39.51],[2.35,39.45],[2.34,39.64],[2.88,39.97],[2.96,39.97],[3.19,39.97],[3.2,39.84],[3.52,39.77],[3.3,39.32]]],[[[3.74,40.1],[3.82,40.1],[4.22,40.1],[4.3,39.84],[3.83,39.9],[3.74,40.1]]],[[[9.67,40.29],[9.75,39.64],[9.67,39.64],[9.59,39.13],[9.12,39.19],[8.97,38.87],[8.73,38.87],[8.34,39.0],[8.41,39.26],[8.33,39.26],[8.33,39.51],[8.41,39.51],[8.48,39.9],[8.32,39.97],[8.4,40.29],[8.32,40.29],[8.32,40.48],[8.16,40.55],[8.15,40.94],[8.55,40.87],[9.02,41.26],[9.1,41.26],[9.5,41.2],[9.82,40.74],[9.82,40.36],[9.67,40.29]]],[[[9.58,41.98],[9.5,41.98],[9.5,41.78],[9.26,41.39],[9.1,41.33],[8.78,41.52],[8.78,41.72],[8.62,41.72],[8.7,41.91],[8.54,42.11],[8.53,42.5],[8.77,42.69],[9.17,42.76],[9.25,43.02],[9.33,43.02],[9.49,43.02],[9.49,42.76],[9.57,42.76],[9.58,41.98]]],[[[10.13,42.89],[10.21,42.89],[10.46,42.89],[10.46,42.69],[10.21,42.69],[10.13,42.89]]],[[[14.27,44.97],[14.35,44.97],[14.51,44.91],[14.5,44.52],[14.26,44.58],[14.27,44.97]]],[[[16.65,45.63],[16.57,45.63],[16.57,45.69],[16.65,45.69],[16.65,45.63]]],[[[6.28,51.85],[6.19,51.85],[6.19,51.92],[6.28,51.92],[6.28,51.85]]],[[[34.09,35.0],[33.7,34.94],[33.52,34.74],[33.13,34.68],[33.04,34.55],[32.37,34.74],[32.23,34.94],[32.25,35.13],[32.55,35.13],[32.88,35.26],[32.89,35.39],[33.74,35.39],[34.31,35.71],[34.39,35.71],[34.54,35.71],[34.53,35.58],[33.96,35.26],[34.09,35.0]]],[[[24.15,35.39],[24.3,35.32],[25.69,35.32],[25.68,35.13],[26.23,35.19],[26.14,35.07],[24.82,35.0],[24.76,35.19],[24.53,35.19],[24.45,35.19],[23.68,35.26],[23.62,35.52],[24.16,35.52],[24.15,35.39]]],[[[27.69,36.29],[28.02,36.48],[28.09,36.48],[28.25,36.48],[28.14,36.03],[27.74,35.9],[27.69,36.29]]],[[[27.12,36.93],[27.19,36.8],[26.87,36.67],[27.04,36.93],[27.12,36.93]]],[[[25.34,37.13],[25.42,37.13],[25.57,37.13],[25.56,37.0],[25.33,37.0],[25.34,37.13]]],[[[24.28,37.71],[24.36,37.71],[24.43,37.58],[24.27,37.51],[24.2,37.64],[24.28,37.71]]],[[[24.99,37.71],[25.06,37.71],[25.22,37.71],[25.29,37.51],[25.05,37.51],[24.99,37.71]]],[[[26.08,37.71],[26.16,37.71],[26.31,37.71],[26.3,37.58],[25.99,37.51],[26.08,37.71]]],[[[24.69,38.03],[24.77,38.03],[25.07,37.77],[24.83,37.71],[24.68,37.84],[24.69,38.03]]],[[[25.9,38.48],[25.82,38.48],[25.91,38.67],[25.99,38.67],[26.22,38.55],[26.11,38.16],[25.88,38.16],[25.9,38.48]]],[[[23.57,38.8],[23.56,38.74],[23.48,38.74],[23.49,38.8],[23.57,38.8]]],[[[24.36,39.0],[24.44,39.0],[24.67,38.93],[24.66,38.74],[24.36,38.87],[24.36,39.0]]],[[[26.09,39.0],[26.1,39.13],[25.79,39.19],[26.04,39.38],[26.12,39.38],[26.51,39.32],[26.64,39.0],[26.25,38.93],[26.09,39.0]]],[[[25.07,40.03],[25.15,40.03],[25.46,40.03],[25.45,39.84],[24.97,39.84],[25.07,40.03]]]]},"properties":{"id":"territory:Roman Empire:14","name":"Roman Empire","actor":"로마","valid_from":14,"valid_to":23,"wikidata":"Q12544","area":3512911,"src":"cliopatria","confidence":"medium"}},{"type":"Feature","geometry":{"type":"MultiPolygon","coordinates":[[[[11.08,35.0],[10.85,34.94],[10.85,34.81],[10.54,34.55],[10.0,34.29],[10.08,34.23],[10.01,33.91],[10.24,33.71],[10.54,33.71],[10.7,33.52],[11.08,33.59],[11.16,33.2],[11.46,33.2],[12.23,32.81],[12.61,32.88],[12.53,32.75],[12.84,32.75],[12.84,32.88],[13.3,32.94],[13.45,32.81],[13.76,32.88],[13.76,32.75],[14.07,32.75],[14.44,32.49],[14.67,32.56],[14.75,32.43],[15.06,32.43],[15.28,32.3],[15.42,31.66],[15.58,31.59],[15.65,31.4],[16.18,31.21],[16.86,31.21],[17.85,30.95],[18.22,30.76],[18.59,30.37],[18.9,30.37],[18.97,30.24],[19.66,30.37],[19.96,30.56],[19.97,30.69],[20.2,30.89],[20.13,31.14],[20.21,31.27],[20.0,31.59],[20.09,32.11],[20.02,32.24],[20.25,32.24],[20.33,32.49],[20.48,32.43],[20.56,32.56],[20.72,32.56],[20.64,32.69],[20.87,32.62],[21.11,32.81],[21.41,32.75],[21.88,32.94],[23.09,32.62],[23.08,32.36],[23.3,32.17],[23.68,32.17],[24.13,31.98],[24.89,31.98],[25.11,31.79],[25.1,31.59],[25.25,31.46],[26.85,31.46],[27.3,31.34],[27.51,31.14],[28.5,31.01],[28.87,30.82],[29.4,30.82],[29.49,31.01],[29.63,30.95],[29.87,31.08],[29.8,31.21],[29.88,31.27],[30.34,31.27],[30.27,31.4],[30.35,31.46],[30.81,31.46],[30.97,31.53],[30.97,31.66],[31.2,31.66],[31.12,31.53],[31.27,31.46],[31.88,31.46],[31.78,31.21],[31.94,31.27],[32.0,31.08],[32.3,31.08],[32.24,31.21],[32.39,31.21],[32.53,31.08],[32.77,31.14],[32.83,31.01],[33.75,31.08],[34.22,31.27],[34.3,31.27],[34.43,31.08],[34.54,30.5],[33.84,30.24],[32.92,30.12],[32.6,29.92],[32.53,29.92],[32.43,29.6],[32.64,29.34],[32.69,28.96],[32.84,28.89],[33.11,28.38],[33.61,27.99],[33.59,27.61],[33.8,27.42],[33.93,27.03],[34.07,26.97],[34.05,26.58],[34.2,26.52],[34.46,25.87],[34.61,25.81],[35.15,24.65],[35.86,24.01],[35.85,23.88],[35.56,23.94],[35.55,23.81],[35.11,23.88],[33.76,23.69],[33.68,23.69],[33.39,23.81],[32.04,23.69],[31.67,23.75],[30.54,23.36],[30.46,23.36],[30.4,23.56],[30.1,23.75],[30.11,23.88],[29.96,23.88],[29.67,24.2],[28.57,24.65],[28.29,25.16],[28.24,25.94],[28.35,26.58],[28.27,26.58],[28.15,27.35],[27.94,27.54],[27.71,27.54],[27.79,27.67],[27.43,27.99],[27.28,27.93],[27.29,28.12],[27.14,28.25],[25.59,28.96],[25.37,29.28],[25.15,29.28],[25.0,29.41],[24.85,29.34],[24.78,29.54],[24.33,29.67],[24.26,29.79],[23.51,29.99],[22.92,30.31],[22.76,30.24],[22.77,30.37],[21.94,30.56],[20.95,30.56],[19.19,30.05],[18.28,30.05],[16.7,30.69],[15.49,30.95],[15.18,30.89],[15.19,31.08],[14.58,31.53],[14.59,31.66],[13.83,32.11],[13.3,32.24],[13.07,32.17],[13.07,32.3],[12.46,32.36],[11.77,32.3],[11.77,32.43],[11.54,32.43],[11.46,32.56],[11.31,32.49],[11.16,32.69],[10.39,33.01],[10.01,33.01],[10.08,33.14],[9.63,33.14],[9.55,33.33],[9.62,33.46],[9.32,33.59],[9.08,34.04],[8.93,34.04],[8.93,34.16],[8.77,34.23],[8.08,34.23],[8.0,34.42],[7.61,34.55],[7.15,34.49],[6.92,34.61],[6.46,34.55],[6.15,34.68],[5.38,34.61],[5.3,34.61],[5.29,35.13],[5.44,35.39],[5.34,36.35],[5.42,36.35],[5.41,36.74],[5.49,36.74],[5.56,36.67],[5.64,36.8],[6.11,36.8],[6.1,36.93],[6.33,37.06],[6.8,36.87],[7.19,36.87],[7.35,37.06],[7.5,37.06],[7.74,36.87],[8.52,36.87],[8.9,37.13],[9.06,37.06],[9.6,37.32],[9.99,37.19],[10.23,37.25],[10.23,37.06],[10.31,37.06],[10.23,36.8],[10.54,36.74],[10.85,37.0],[11.01,37.0],[11.01,36.8],[10.46,36.42],[10.54,36.35],[10.46,35.9],[10.85,35.71],[10.85,35.64],[11.08,35.58],[11.08,35.39],[11.01,35.39],[11.08,35.0]]],[[[14.34,36.03],[14.42,36.03],[14.57,35.97],[14.57,35.77],[14.34,35.84],[14.34,36.03]]],[[[20.62,37.9],[20.7,37.9],[20.93,37.9],[20.92,37.64],[20.61,37.71],[20.62,37.9]]],[[[20.33,38.35],[20.49,38.42],[20.57,38.42],[20.8,38.29],[20.79,38.09],[20.32,38.16],[20.33,38.35]]],[[[1.27,38.8],[1.18,39.06],[1.26,39.13],[1.34,39.13],[1.65,39.13],[1.66,39.0],[1.43,38.8],[1.27,38.8]]],[[[20.15,39.64],[20.15,39.58],[20.07,39.58],[20.07,39.64],[20.15,39.64]]],[[[3.3,39.32],[2.82,39.32],[2.66,39.51],[2.35,39.45],[2.34,39.64],[2.88,39.97],[2.96,39.97],[3.19,39.97],[3.2,39.84],[3.52,39.77],[3.3,39.32]]],[[[3.74,40.1],[3.82,40.1],[4.22,40.1],[4.3,39.84],[3.83,39.9],[3.74,40.1]]],[[[9.67,40.29],[9.75,39.64],[9.67,39.64],[9.59,39.13],[9.12,39.19],[8.97,38.87],[8.73,38.87],[8.34,39.0],[8.41,39.26],[8.33,39.26],[8.33,39.51],[8.41,39.51],[8.48,39.9],[8.32,39.97],[8.4,40.29],[8.32,40.29],[8.32,40.48],[8.16,40.55],[8.15,40.94],[8.55,40.87],[9.02,41.26],[9.1,41.26],[9.5,41.2],[9.82,40.74],[9.82,40.36],[9.67,40.29]]],[[[7.24,50.71],[7.32,50.71],[7.33,50.51],[7.5,50.38],[7.68,49.98],[7.85,49.85],[8.18,49.91],[8.35,49.71],[8.28,49.12],[8.11,49.05],[8.2,48.92],[7.87,48.72],[7.71,48.26],[7.63,48.26],[7.56,47.6],[8.55,47.66],[8.55,47.8],[8.88,47.8],[8.96,48.06],[9.12,48.19],[9.78,48.39],[9.86,48.52],[9.95,48.52],[9.95,48.59],[10.03,48.59],[10.03,48.52],[10.45,48.52],[10.94,48.79],[11.36,48.85],[11.69,49.12],[12.11,49.18],[12.94,48.72],[13.52,48.65],[14.26,48.26],[14.51,48.32],[14.67,48.19],[14.92,48.19],[14.92,48.06],[16.14,47.66],[16.14,47.53],[16.22,47.53],[16.13,47.2],[16.21,47.14],[16.04,47.07],[16.04,46.94],[16.12,46.94],[16.03,46.87],[16.02,46.41],[16.1,46.41],[16.01,46.09],[16.17,46.02],[16.17,45.89],[16.57,45.76],[16.49,45.69],[16.56,45.56],[16.97,45.63],[17.05,45.5],[18.02,45.43],[18.18,45.3],[18.59,45.37],[18.99,45.17],[19.15,45.17],[19.24,45.3],[20.22,45.37],[20.37,45.17],[20.61,45.1],[20.52,44.97],[20.67,44.78],[21.41,44.91],[21.64,44.71],[21.88,44.71],[22.03,44.52],[22.19,44.52],[22.37,44.71],[22.69,44.71],[22.77,44.58],[22.52,44.52],[22.51,44.39],[22.98,44.12],[22.88,43.86],[23.53,43.93],[23.92,43.86],[24.08,43.73],[24.16,43.73],[24.14,43.54],[23.97,43.47],[23.95,43.15],[23.7,43.08],[23.69,42.89],[23.52,42.76],[23.57,42.43],[23.33,42.3],[23.21,41.85],[23.45,41.78],[23.74,41.46],[25.68,41.78],[26.23,41.72],[26.57,41.98],[27.46,42.11],[27.32,42.24],[27.33,42.37],[27.17,42.43],[27.19,42.63],[27.45,42.82],[27.66,43.28],[27.99,43.41],[28.02,43.67],[28.3,44.06],[28.46,44.84],[28.8,44.97],[28.79,44.91],[28.84,44.58],[28.58,44.39],[28.54,43.99],[28.62,43.99],[28.48,43.47],[28.16,43.47],[28.23,43.34],[27.9,43.28],[27.8,43.15],[27.85,42.76],[27.51,42.63],[27.49,42.43],[27.8,42.24],[27.78,42.11],[28.0,41.91],[27.98,41.65],[28.22,41.65],[28.35,41.39],[28.98,41.26],[28.96,41.13],[30.48,41.2],[30.62,41.07],[31.18,41.07],[31.53,41.39],[32.03,41.52],[32.04,41.65],[32.19,41.59],[32.69,41.78],[32.63,41.91],[34.78,41.91],[34.88,42.04],[35.12,42.04],[35.16,41.72],[35.95,41.72],[36.21,41.26],[36.92,41.26],[36.92,41.2],[36.9,41.07],[36.47,40.87],[36.41,41.0],[36.09,40.94],[35.18,41.33],[34.85,41.2],[34.58,40.94],[34.56,40.81],[34.79,40.74],[34.62,40.61],[34.49,40.23],[34.57,40.23],[34.54,39.97],[34.83,39.77],[34.73,39.58],[34.77,39.26],[34.48,38.8],[33.68,38.67],[33.27,38.48],[33.3,38.09],[33.13,37.9],[33.1,37.58],[32.76,37.32],[32.73,37.06],[32.86,36.8],[33.1,36.8],[33.43,37.06],[34.3,37.19],[34.56,37.45],[34.88,37.45],[35.05,37.64],[35.67,37.58],[36.0,37.71],[36.35,38.03],[37.11,37.9],[37.13,38.03],[37.45,38.09],[38.31,38.09],[38.39,38.09],[38.38,38.03],[38.46,38.03],[38.45,37.96],[38.44,37.9],[38.33,37.64],[37.99,37.38],[37.96,37.13],[38.18,37.0],[38.13,36.61],[38.21,36.61],[38.07,36.1],[38.43,35.84],[39.5,35.71],[39.94,35.52],[40.06,35.26],[40.28,35.13],[40.26,35.0],[40.48,34.87],[40.55,34.16],[40.47,34.16],[40.31,34.1],[40.4,34.23],[40.26,34.29],[39.12,34.49],[37.99,33.97],[37.74,33.78],[37.73,33.65],[37.57,33.65],[37.07,33.26],[37.05,33.07],[36.9,33.07],[36.72,32.75],[36.75,32.3],[36.52,32.24],[36.66,32.11],[36.49,31.98],[36.46,31.66],[36.39,31.66],[36.42,31.21],[36.27,31.21],[36.4,30.95],[36.16,30.76],[36.15,30.63],[35.84,30.56],[35.76,30.56],[35.93,31.72],[35.86,31.72],[35.96,32.88],[36.05,33.01],[35.7,33.33],[35.53,33.2],[35.4,32.56],[35.16,32.43],[34.85,32.43],[34.86,32.49],[35.02,32.62],[35.06,33.01],[35.22,33.07],[35.4,33.39],[35.35,33.65],[35.5,33.65],[35.45,33.91],[35.68,33.97],[35.64,34.36],[35.79,34.29],[36.05,34.55],[36.07,34.74],[35.93,34.87],[35.96,35.19],[35.88,35.19],[35.99,35.52],[35.84,35.58],[35.99,36.22],[35.84,36.29],[36.26,36.61],[36.29,36.8],[36.14,36.93],[35.83,36.93],[35.49,36.61],[35.11,36.74],[34.95,36.67],[34.89,36.87],[34.58,36.87],[34.25,36.67],[33.98,36.29],[33.27,36.22],[32.71,36.03],[32.56,36.03],[32.5,36.22],[32.07,36.61],[31.09,36.93],[30.62,36.93],[30.49,36.35],[30.03,36.35],[29.94,36.22],[29.24,36.22],[29.12,36.74],[28.74,36.74],[28.59,36.87],[28.36,36.87],[28.19,36.67],[28.03,36.67],[28.14,37.06],[28.07,37.13],[27.6,37.13],[27.54,37.38],[27.22,37.32],[27.31,37.45],[27.16,37.58],[27.26,37.77],[27.18,37.77],[27.28,38.03],[26.89,38.09],[26.82,38.22],[26.43,38.22],[26.38,38.67],[26.54,38.61],[26.59,38.35],[27.06,38.35],[27.08,38.55],[26.85,38.61],[26.96,39.0],[26.88,39.0],[26.89,39.19],[26.74,39.26],[26.85,39.58],[26.13,39.51],[26.27,40.29],[26.6,40.48],[26.68,40.48],[26.67,40.36],[27.47,40.42],[27.54,40.29],[27.7,40.29],[27.79,40.48],[27.95,40.48],[27.94,40.36],[29.05,40.36],[28.9,40.48],[28.91,40.61],[29.48,40.74],[29.49,40.87],[29.25,40.81],[29.1,40.94],[29.12,41.07],[28.63,41.0],[28.17,41.13],[28.08,41.0],[27.53,41.07],[27.02,40.68],[26.92,40.48],[26.63,40.74],[26.14,40.61],[26.08,40.87],[25.38,41.0],[24.35,41.0],[24.01,40.74],[23.7,40.81],[23.68,40.61],[23.84,40.55],[23.74,40.23],[23.27,40.29],[22.88,40.48],[22.89,40.61],[22.65,40.61],[22.56,40.36],[22.54,40.1],[22.7,40.1],[22.61,39.9],[23.14,39.45],[22.82,39.38],[22.8,39.06],[22.96,39.13],[23.49,38.87],[23.33,38.8],[23.03,38.93],[22.94,38.74],[23.17,38.67],[23.31,38.48],[23.63,38.48],[23.56,38.74],[24.03,38.67],[24.18,38.55],[24.16,38.22],[24.0,38.22],[23.98,37.84],[23.44,38.03],[23.21,38.03],[23.2,37.9],[23.04,37.9],[23.11,37.64],[23.34,37.64],[23.4,37.32],[23.17,37.32],[23.18,37.45],[22.95,37.58],[22.71,37.58],[22.7,37.32],[22.85,37.25],[23.06,36.67],[22.83,36.87],[22.6,36.87],[22.51,36.67],[22.36,36.67],[22.22,37.06],[21.91,37.06],[21.9,36.87],[21.74,36.87],[21.68,37.19],[21.6,37.19],[21.7,37.51],[21.24,37.84],[21.42,38.16],[21.73,38.16],[21.74,38.35],[21.19,38.42],[20.97,38.74],[20.74,38.8],[20.91,39.06],[20.3,39.38],[20.15,39.71],[19.92,39.71],[19.91,39.58],[19.76,39.64],[19.76,39.77],[20.0,39.77],[20.01,39.97],[19.63,40.29],[19.47,40.29],[19.49,40.61],[19.25,40.61],[19.25,40.74],[19.5,40.87],[19.44,41.26],[19.52,41.39],[19.44,41.39],[19.53,41.52],[19.45,41.52],[19.54,41.78],[18.85,42.37],[18.14,42.63],[17.99,42.82],[17.59,42.89],[17.51,42.76],[17.52,42.95],[17.36,42.95],[17.37,43.21],[17.12,43.15],[17.05,43.41],[16.73,43.34],[16.73,43.54],[16.58,43.6],[15.93,43.47],[16.01,43.6],[15.86,43.8],[15.7,43.8],[15.62,43.93],[15.37,43.86],[15.46,43.99],[15.22,44.06],[15.15,44.39],[14.91,44.58],[14.92,44.97],[14.52,45.1],[14.6,45.37],[14.2,45.37],[14.19,45.04],[13.95,45.04],[13.94,44.91],[13.78,44.91],[13.71,45.24],[13.54,45.3],[13.55,45.5],[13.71,45.5],[13.71,45.76],[13.39,45.82],[13.14,45.82],[13.06,45.63],[12.82,45.69],[12.65,45.56],[12.16,45.5],[12.16,45.17],[12.4,45.04],[12.4,44.78],[12.16,44.84],[12.15,44.45],[12.31,44.19],[12.87,43.8],[13.04,43.86],[13.03,43.73],[13.36,43.67],[13.67,43.41],[13.75,43.08],[13.99,42.95],[13.9,42.76],[14.06,42.5],[14.37,42.24],[14.53,42.24],[14.61,42.11],[14.77,42.17],[14.77,42.04],[14.92,41.98],[15.17,42.04],[15.24,41.91],[16.12,41.91],[16.11,41.78],[15.87,41.72],[15.94,41.39],[17.2,41.0],[17.51,40.74],[17.98,40.61],[18.44,40.16],[18.35,39.9],[18.11,39.9],[17.81,40.36],[17.42,40.36],[17.35,40.55],[17.03,40.55],[16.87,40.48],[16.95,40.42],[16.86,40.29],[16.62,40.29],[16.7,40.1],[16.46,39.97],[16.45,39.64],[16.92,39.51],[17.07,39.38],[17.14,39.06],[16.5,38.8],[16.49,38.42],[15.93,37.96],[15.7,37.96],[15.62,38.16],[15.39,38.16],[15.07,37.64],[15.06,37.25],[15.21,37.19],[15.05,36.74],[14.66,36.74],[14.28,37.13],[13.58,37.25],[13.19,37.58],[12.49,37.71],[12.49,37.9],[12.65,38.09],[13.04,38.03],[13.12,38.16],[13.35,38.16],[13.67,37.96],[14.06,37.96],[15.86,38.29],[15.95,38.67],[16.27,38.74],[16.27,38.93],[16.12,39.06],[15.9,39.77],[15.67,39.9],[15.75,40.03],[15.43,40.03],[15.2,40.23],[15.04,40.23],[14.89,40.68],[14.42,40.68],[14.42,40.87],[14.1,40.87],[13.95,41.13],[13.79,41.13],[13.71,41.26],[13.0,41.33],[12.92,41.46],[12.6,41.52],[12.13,41.91],[12.13,42.04],[11.81,42.11],[11.65,42.37],[11.49,42.3],[11.42,42.43],[11.26,42.43],[11.18,42.63],[11.02,42.63],[11.02,42.82],[10.54,43.08],[10.21,43.99],[9.89,43.99],[9.97,44.12],[9.73,44.12],[9.16,44.45],[8.43,44.39],[8.03,43.93],[7.15,43.73],[6.99,43.54],[6.67,43.47],[6.52,43.21],[6.28,43.15],[5.8,43.15],[5.63,43.28],[5.39,43.28],[5.39,43.41],[5.06,43.47],[4.18,43.47],[4.17,43.6],[3.85,43.6],[3.62,43.41],[3.14,43.28],[2.98,43.15],[3.01,42.56],[3.18,42.37],[3.12,41.91],[2.57,41.59],[2.33,41.59],[2.11,41.33],[1.24,41.2],[0.7,40.94],[0.71,40.68],[0.25,40.42],[0.18,40.16],[-0.13,40.03],[-0.35,39.71],[-0.31,39.13],[0.1,38.74],[-0.66,38.29],[-0.8,38.03],[-0.7,37.64],[-1.71,37.45],[-1.62,37.32],[-1.86,37.32],[-2.06,36.8],[-2.53,36.87],[-2.68,36.74],[-4.47,36.74],[-4.69,36.55],[-5.23,36.48],[-5.29,36.22],[-5.66,36.03],[-5.83,36.22],[-6.06,36.22],[-6.33,36.67],[-6.35,36.93],[-6.59,37.0],[-6.84,37.25],[-7.47,37.25],[-7.45,37.13],[-7.68,37.0],[-8.7,37.13],[-9.0,37.0],[-8.9,37.58],[-8.82,37.58],[-8.82,38.48],[-9.21,38.42],[-9.23,38.67],[-9.38,38.61],[-9.55,38.74],[-9.57,38.93],[-9.43,39.06],[-9.39,39.45],[-9.16,39.51],[-9.1,39.77],[-9.03,39.77],[-8.93,40.36],[-8.85,40.36],[-8.87,40.61],[-8.73,40.74],[-8.96,42.17],[-8.66,42.37],[-9.08,42.56],[-9.1,42.76],[-9.28,42.89],[-9.3,43.15],[-9.16,43.28],[-8.85,43.41],[-8.37,43.41],[-8.39,43.6],[-8.24,43.73],[-7.28,43.73],[-7.34,43.6],[-7.18,43.54],[-5.73,43.6],[-4.99,43.41],[-3.47,43.47],[-3.3,43.34],[-1.69,43.34],[-1.39,43.67],[-1.35,44.25],[-1.27,44.25],[-1.29,44.52],[-1.21,44.52],[-1.25,45.17],[-1.17,45.17],[-1.19,45.43],[-1.03,45.5],[-1.05,45.69],[-1.21,45.76],[-1.14,45.89],[-1.22,45.89],[-1.25,46.28],[-1.67,46.35],[-2.01,46.61],[-2.02,46.74],[-2.19,46.81],[-2.14,47.14],[-2.23,47.27],[-2.56,47.27],[-2.58,47.47],[-2.83,47.47],[-2.84,47.6],[-3.16,47.47],[-3.34,47.73],[-3.76,47.73],[-3.93,47.86],[-4.42,47.8],[-4.69,47.99],[-4.71,48.13],[-4.55,48.19],[-4.64,48.32],[-4.89,48.32],[-4.91,48.52],[-4.6,48.72],[-3.85,48.72],[-3.46,48.92],[-3.12,48.92],[-2.76,48.59],[-2.52,48.72],[-1.6,48.65],[-1.72,49.05],[-1.64,49.05],[-1.65,49.25],[-1.91,49.38],[-2.03,49.78],[-1.36,49.78],[-1.25,49.45],[0.01,49.38],[-0.01,49.65],[0.22,49.85],[1.05,49.98],[1.45,50.25],[1.42,50.71],[1.66,51.05],[2.58,51.18],[2.74,51.31],[3.41,51.45],[3.4,51.65],[3.74,51.65],[3.65,51.78],[3.98,51.92],[4.06,52.12],[4.23,51.98],[4.57,51.98],[5.25,52.12],[5.93,51.98],[6.37,51.65],[6.54,51.65],[6.54,51.58],[6.89,51.38],[7.06,50.98],[7.32,50.91],[7.24,50.71]]],[[[9.58,41.98],[9.5,41.98],[9.5,41.78],[9.26,41.39],[9.1,41.33],[8.78,41.52],[8.78,41.72],[8.62,41.72],[8.7,41.91],[8.54,42.11],[8.53,42.5],[8.77,42.69],[9.17,42.76],[9.25,43.02],[9.33,43.02],[9.49,43.02],[9.49,42.76],[9.57,42.76],[9.58,41.98]]],[[[10.13,42.89],[10.21,42.89],[10.46,42.89],[10.46,42.69],[10.21,42.69],[10.13,42.89]]],[[[14.27,44.97],[14.35,44.97],[14.51,44.91],[14.5,44.52],[14.26,44.58],[14.27,44.97]]],[[[16.65,45.63],[16.57,45.63],[16.57,45.69],[16.65,45.69],[16.65,45.63]]],[[[6.28,51.85],[6.19,51.85],[6.19,51.92],[6.28,51.92],[6.28,51.85]]],[[[34.09,35.0],[33.7,34.94],[33.52,34.74],[33.13,34.68],[33.04,34.55],[32.37,34.74],[32.23,34.94],[32.25,35.13],[32.55,35.13],[32.88,35.26],[32.89,35.39],[33.74,35.39],[34.31,35.71],[34.39,35.71],[34.54,35.71],[34.53,35.58],[33.96,35.26],[34.09,35.0]]],[[[24.15,35.39],[24.3,35.32],[25.69,35.32],[25.68,35.13],[26.23,35.19],[26.14,35.07],[24.82,35.0],[24.76,35.19],[24.53,35.19],[24.45,35.19],[23.68,35.26],[23.62,35.52],[24.16,35.52],[24.15,35.39]]],[[[27.69,36.29],[28.02,36.48],[28.09,36.48],[28.25,36.48],[28.14,36.03],[27.74,35.9],[27.69,36.29]]],[[[22.89,36.42],[22.96,36.42],[23.12,36.35],[23.11,36.16],[22.87,36.16],[22.89,36.42]]],[[[27.12,36.93],[27.19,36.8],[26.87,36.67],[27.04,36.93],[27.12,36.93]]],[[[25.34,37.13],[25.42,37.13],[25.57,37.13],[25.56,37.0],[25.33,37.0],[25.34,37.13]]],[[[24.28,37.71],[24.36,37.71],[24.43,37.58],[24.27,37.51],[24.2,37.64],[24.28,37.71]]],[[[24.99,37.71],[25.06,37.71],[25.22,37.71],[25.29,37.51],[25.05,37.51],[24.99,37.71]]],[[[26.08,37.71],[26.16,37.71],[26.31,37.71],[26.3,37.58],[25.99,37.51],[26.08,37.71]]],[[[24.69,38.03],[24.77,38.03],[25.07,37.77],[24.83,37.71],[24.68,37.84],[24.69,38.03]]],[[[25.9,38.48],[25.82,38.48],[25.91,38.67],[25.99,38.67],[26.22,38.55],[26.11,38.16],[25.88,38.16],[25.9,38.48]]],[[[23.57,38.8],[23.56,38.74],[23.48,38.74],[23.49,38.8],[23.57,38.8]]],[[[24.36,39.0],[24.44,39.0],[24.67,38.93],[24.66,38.74],[24.36,38.87],[24.36,39.0]]],[[[26.09,39.0],[26.1,39.13],[25.79,39.19],[26.04,39.38],[26.12,39.38],[26.51,39.32],[26.64,39.0],[26.25,38.93],[26.09,39.0]]],[[[25.07,40.03],[25.15,40.03],[25.46,40.03],[25.45,39.84],[24.97,39.84],[25.07,40.03]]]]},"properties":{"id":"territory:Roman Empire:-14","name":"Roman Empire","actor":"로마","valid_from":-14,"valid_to":1,"wikidata":"Q12544","area":3480537,"src":"cliopatria","confidence":"medium"}},{"type":"Feature","geometry":{"type":"MultiPolygon","coordinates":[[[[14.34,36.03],[14.42,36.03],[14.57,35.97],[14.57,35.77],[14.34,35.84],[14.34,36.03]]],[[[7.32,50.71],[7.33,50.51],[7.76,49.91],[8.17,50.25],[8.51,50.11],[8.52,49.85],[8.43,49.85],[8.52,49.58],[8.35,49.58],[8.28,49.12],[8.11,49.05],[8.2,48.92],[7.87,48.72],[7.87,48.59],[7.71,48.46],[7.56,47.6],[8.55,47.66],[8.55,47.8],[8.88,47.8],[8.96,48.06],[9.12,48.19],[9.78,48.39],[9.86,48.52],[9.95,48.52],[9.95,48.59],[10.03,48.59],[10.03,48.52],[10.45,48.52],[10.94,48.79],[11.36,48.85],[11.69,49.12],[12.11,49.18],[12.94,48.72],[13.52,48.65],[14.26,48.26],[14.51,48.32],[14.67,48.19],[14.92,48.19],[14.92,48.06],[16.14,47.66],[16.14,47.53],[16.22,47.53],[16.13,47.2],[16.21,47.14],[16.04,47.07],[16.04,46.94],[16.12,46.94],[16.03,46.87],[16.02,46.41],[16.1,46.41],[16.01,46.09],[16.17,46.02],[16.17,45.89],[16.57,45.76],[16.49,45.69],[16.56,45.56],[16.97,45.63],[17.05,45.5],[18.02,45.43],[18.18,45.3],[18.59,45.37],[18.99,45.17],[19.15,45.17],[19.24,45.3],[20.22,45.37],[20.37,45.17],[20.61,45.1],[20.52,44.97],[20.67,44.78],[21.41,44.91],[21.64,44.71],[21.88,44.71],[22.03,44.52],[22.19,44.52],[22.37,44.71],[22.69,44.71],[22.77,44.58],[22.52,44.52],[22.51,44.39],[22.98,44.12],[22.88,43.86],[23.53,43.93],[23.92,43.86],[24.08,43.73],[24.16,43.73],[24.14,43.54],[23.97,43.47],[23.95,43.15],[23.7,43.08],[23.69,42.89],[23.52,42.76],[23.57,42.43],[23.33,42.3],[23.21,41.85],[23.45,41.78],[23.74,41.46],[25.68,41.78],[26.23,41.72],[26.57,41.98],[27.46,42.11],[27.32,42.24],[27.33,42.37],[27.17,42.43],[27.19,42.63],[27.45,42.82],[27.66,43.28],[27.99,43.41],[28.02,43.67],[28.3,44.06],[28.46,44.84],[28.8,44.97],[28.79,44.91],[28.84,44.58],[28.58,44.39],[28.54,43.99],[28.62,43.99],[28.48,43.47],[28.16,43.47],[28.23,43.34],[27.9,43.28],[27.8,43.15],[27.85,42.76],[27.51,42.63],[27.49,42.43],[27.8,42.24],[27.78,42.11],[28.0,41.91],[27.98,41.65],[28.22,41.65],[28.35,41.39],[28.98,41.26],[28.96,41.13],[30.48,41.2],[30.62,41.07],[31.18,41.07],[31.53,41.39],[32.03,41.52],[32.04,41.65],[32.19,41.59],[32.69,41.78],[32.63,41.91],[34.78,41.91],[34.88,42.04],[35.12,42.04],[35.16,41.72],[35.95,41.72],[36.21,41.26],[36.92,41.26],[36.92,41.2],[36.9,41.07],[36.47,40.87],[36.41,41.0],[36.09,40.94],[35.18,41.33],[34.85,41.2],[34.58,40.94],[34.56,40.81],[34.79,40.74],[34.62,40.61],[34.49,40.23],[34.57,40.23],[34.54,39.97],[34.83,39.77],[34.73,39.58],[34.77,39.26],[34.48,38.8],[33.68,38.67],[33.27,38.48],[33.3,38.09],[33.13,37.9],[33.1,37.58],[32.76,37.32],[32.73,37.06],[32.86,36.8],[33.1,36.8],[33.43,37.06],[34.3,37.19],[34.56,37.45],[34.88,37.45],[35.05,37.64],[35.67,37.58],[36.0,37.71],[36.35,38.03],[37.11,37.9],[37.13,38.03],[37.45,38.09],[38.31,38.09],[38.39,38.09],[38.38,38.03],[38.46,38.03],[38.45,37.96],[38.44,37.9],[38.33,37.64],[37.99,37.38],[37.96,37.13],[38.18,37.0],[38.13,36.61],[38.21,36.61],[38.07,36.1],[38.43,35.84],[39.5,35.71],[39.94,35.52],[40.06,35.26],[40.28,35.13],[40.26,35.0],[40.48,34.87],[40.55,34.16],[40.47,34.16],[40.31,34.1],[40.4,34.23],[40.26,34.29],[39.12,34.49],[37.99,33.97],[37.74,33.78],[37.73,33.65],[37.57,33.65],[37.07,33.26],[37.05,33.07],[36.9,33.07],[36.72,32.75],[36.75,32.3],[36.52,32.24],[36.66,32.11],[36.49,31.98],[36.46,31.66],[36.39,31.66],[36.42,31.21],[36.27,31.21],[36.4,30.95],[36.15,30.69],[36.15,30.63],[35.84,30.63],[35.59,30.37],[34.39,30.5],[34.3,30.37],[33.15,30.18],[32.6,29.92],[32.53,29.92],[32.43,29.6],[32.64,29.34],[32.69,28.96],[32.84,28.89],[33.11,28.38],[33.61,27.99],[33.59,27.61],[33.8,27.42],[33.93,27.03],[34.07,26.97],[34.05,26.58],[34.2,26.52],[34.46,25.87],[34.61,25.81],[35.15,24.65],[35.86,24.01],[35.85,23.88],[35.56,23.94],[35.55,23.81],[35.11,23.88],[33.76,23.69],[33.68,23.69],[33.39,23.81],[32.04,23.69],[31.67,23.75],[30.54,23.36],[30.46,23.36],[30.4,23.56],[30.1,23.75],[30.11,23.88],[29.96,23.88],[29.67,24.2],[28.57,24.65],[28.29,25.16],[28.24,25.94],[28.35,26.58],[28.27,26.58],[28.15,27.35],[27.94,27.54],[27.71,27.54],[27.79,27.67],[27.43,27.99],[27.28,27.93],[27.29,28.12],[27.14,28.25],[25.59,28.96],[25.37,29.28],[25.15,29.28],[25.0,29.41],[24.85,29.34],[24.78,29.54],[24.33,29.67],[24.26,29.79],[23.51,29.99],[22.92,30.31],[22.76,30.24],[22.77,30.37],[21.94,30.56],[20.95,30.56],[19.19,30.05],[18.28,30.05],[16.7,30.69],[15.49,30.95],[15.18,30.89],[15.19,31.08],[14.58,31.53],[14.59,31.66],[13.83,32.11],[13.3,32.24],[13.07,32.17],[13.07,32.3],[12.46,32.36],[11.77,32.3],[11.77,32.43],[11.54,32.43],[11.46,32.56],[11.31,32.49],[11.16,32.69],[10.39,33.01],[10.01,33.01],[10.08,33.14],[9.63,33.14],[9.55,33.33],[9.62,33.46],[9.32,33.59],[9.08,34.04],[8.93,34.04],[8.93,34.16],[8.77,34.23],[8.08,34.23],[8.0,34.42],[7.61,34.55],[7.15,34.49],[6.92,34.61],[6.46,34.55],[6.15,34.68],[5.38,34.61],[5.3,34.61],[5.29,35.13],[5.44,35.39],[5.34,36.35],[5.42,36.35],[5.41,36.74],[5.49,36.74],[5.56,36.67],[5.64,36.8],[6.11,36.8],[6.1,36.93],[6.33,37.06],[6.8,36.87],[7.19,36.87],[7.35,37.06],[7.5,37.06],[7.74,36.87],[8.52,36.87],[8.9,37.13],[9.06,37.06],[9.6,37.32],[9.99,37.19],[10.23,37.25],[10.23,37.06],[10.31,37.06],[10.23,36.8],[10.46,36.74],[11.01,37.0],[11.01,36.8],[10.46,36.42],[10.54,36.35],[10.46,35.9],[10.7,35.71],[10.85,35.77],[10.93,35.58],[11.08,35.58],[11.08,35.39],[11.01,35.39],[11.08,35.0],[10.85,34.94],[10.85,34.81],[10.54,34.55],[10.0,34.29],[10.08,34.23],[10.01,33.91],[10.24,33.71],[10.54,33.71],[10.7,33.52],[11.08,33.59],[11.16,33.2],[11.46,33.2],[12.23,32.81],[12.61,32.88],[12.53,32.75],[12.84,32.75],[12.84,32.88],[13.3,32.94],[13.45,32.81],[13.76,32.88],[13.76,32.75],[14.07,32.75],[14.44,32.49],[14.67,32.56],[14.75,32.43],[15.06,32.43],[15.28,32.3],[15.42,31.66],[15.58,31.59],[15.65,31.4],[16.18,31.21],[17.47,31.08],[18.22,30.76],[18.59,30.37],[19.27,30.24],[19.89,30.5],[20.2,30.89],[20.13,31.14],[20.21,31.27],[20.0,31.59],[20.09,32.11],[20.02,32.24],[20.25,32.24],[20.33,32.49],[20.48,32.43],[20.56,32.56],[20.72,32.56],[20.64,32.69],[20.87,32.62],[21.11,32.81],[21.41,32.75],[21.88,32.94],[23.09,32.62],[23.08,32.36],[23.3,32.17],[23.68,32.17],[24.13,31.98],[24.89,31.98],[25.11,31.79],[25.1,31.59],[25.25,31.46],[26.85,31.46],[27.3,31.34],[27.51,31.14],[28.5,31.01],[28.87,30.82],[29.4,30.82],[29.49,31.01],[29.63,30.95],[29.87,31.08],[29.8,31.21],[29.88,31.27],[30.34,31.27],[30.27,31.4],[30.35,31.46],[30.81,31.46],[30.97,31.53],[30.97,31.66],[31.2,31.66],[31.12,31.53],[31.27,31.46],[31.88,31.46],[31.78,31.21],[31.94,31.27],[32.0,31.08],[32.3,31.08],[32.24,31.21],[32.53,31.08],[32.77,31.14],[32.83,31.01],[33.98,31.14],[34.3,31.27],[34.31,31.4],[34.63,31.66],[34.57,31.85],[34.81,31.98],[34.77,32.36],[35.02,32.62],[35.06,33.01],[35.22,33.07],[35.4,33.39],[35.35,33.65],[35.5,33.65],[35.45,33.91],[35.68,33.97],[35.64,34.36],[35.79,34.29],[36.05,34.55],[36.07,34.74],[35.93,34.87],[35.96,35.19],[35.88,35.19],[35.99,35.52],[35.84,35.58],[35.99,36.22],[35.84,36.29],[36.26,36.61],[36.29,36.8],[36.14,36.93],[35.83,36.93],[35.49,36.61],[35.33,36.61],[35.11,36.74],[34.95,36.67],[34.89,36.87],[34.58,36.87],[34.25,36.67],[33.98,36.29],[33.27,36.22],[32.71,36.03],[32.56,36.03],[32.5,36.22],[32.07,36.61],[31.09,36.93],[30.62,36.93],[30.49,36.35],[30.03,36.35],[29.94,36.22],[29.24,36.22],[29.12,36.74],[28.74,36.74],[28.59,36.87],[28.36,36.87],[28.19,36.67],[28.03,36.67],[28.14,37.06],[28.07,37.13],[27.6,37.13],[27.54,37.38],[27.22,37.32],[27.31,37.45],[27.16,37.58],[27.26,37.77],[27.18,37.77],[27.28,38.03],[26.89,38.09],[26.82,38.22],[26.43,38.22],[26.38,38.67],[26.54,38.61],[26.59,38.35],[27.06,38.35],[27.08,38.55],[26.85,38.61],[26.96,39.0],[26.88,39.0],[26.89,39.19],[26.74,39.26],[26.85,39.58],[26.13,39.51],[26.17,39.97],[26.25,39.97],[26.27,40.29],[26.6,40.48],[26.68,40.48],[26.67,40.36],[27.47,40.42],[27.54,40.29],[27.7,40.29],[27.79,40.48],[27.95,40.48],[27.94,40.36],[29.05,40.36],[28.9,40.48],[28.91,40.61],[29.48,40.74],[29.49,40.87],[29.25,40.81],[29.1,40.94],[29.12,41.07],[28.63,41.0],[28.41,41.13],[28.17,41.13],[28.08,41.0],[27.53,41.07],[27.02,40.68],[26.92,40.48],[26.63,40.74],[26.14,40.61],[26.08,40.87],[25.38,41.0],[24.35,41.0],[24.01,40.74],[23.7,40.81],[23.68,40.61],[23.84,40.55],[23.74,40.23],[23.27,40.29],[22.88,40.48],[22.89,40.61],[22.65,40.61],[22.56,40.36],[22.54,40.1],[22.7,40.1],[22.61,39.9],[23.14,39.45],[22.82,39.38],[22.8,39.06],[22.96,39.13],[23.49,38.87],[23.33,38.8],[23.03,38.93],[22.94,38.74],[23.17,38.67],[23.31,38.48],[23.63,38.48],[23.56,38.74],[24.03,38.67],[24.18,38.55],[24.16,38.22],[24.0,38.22],[23.98,37.84],[23.44,38.03],[23.21,38.03],[23.2,37.9],[23.04,37.9],[23.11,37.64],[23.34,37.64],[23.4,37.32],[23.17,37.32],[23.18,37.45],[22.95,37.58],[22.71,37.58],[22.7,37.32],[22.85,37.25],[23.06,36.67],[22.83,36.87],[22.6,36.87],[22.51,36.67],[22.36,36.67],[22.22,37.06],[21.91,37.06],[21.9,36.87],[21.74,36.87],[21.68,37.19],[21.6,37.19],[21.7,37.51],[21.24,37.84],[21.42,38.16],[21.73,38.16],[21.74,38.35],[21.19,38.42],[20.97,38.74],[20.74,38.8],[20.91,39.06],[20.3,39.38],[20.15,39.71],[19.92,39.71],[19.91,39.58],[19.76,39.64],[19.76,39.77],[20.0,39.77],[20.01,39.97],[19.63,40.29],[19.47,40.29],[19.49,40.61],[19.25,40.61],[19.25,40.74],[19.5,40.87],[19.44,41.26],[19.52,41.39],[19.44,41.39],[19.53,41.52],[19.45,41.52],[19.54,41.78],[18.85,42.37],[18.69,42.37],[18.46,42.56],[18.63,42.69],[18.94,42.63],[18.93,42.37],[19.32,42.17],[19.42,42.43],[19.66,42.56],[19.68,42.95],[18.9,43.41],[18.91,43.6],[18.76,43.8],[18.77,43.99],[18.61,44.06],[18.62,44.25],[18.38,44.25],[18.3,44.39],[17.65,44.39],[17.1,44.65],[16.45,44.58],[15.97,44.71],[16.04,44.45],[16.2,44.39],[16.27,44.06],[16.43,44.06],[16.82,43.67],[16.98,43.67],[17.37,43.21],[17.12,43.15],[17.05,43.41],[16.73,43.34],[16.73,43.54],[16.58,43.6],[15.93,43.47],[16.01,43.6],[15.86,43.8],[15.7,43.8],[15.62,43.93],[15.37,43.86],[15.46,43.99],[15.22,44.06],[15.15,44.39],[14.91,44.58],[14.92,44.97],[14.52,45.1],[14.6,45.37],[14.2,45.37],[14.19,45.04],[13.95,45.04],[13.94,44.91],[13.78,44.91],[13.71,45.24],[13.54,45.3],[13.55,45.5],[13.71,45.5],[13.71,45.76],[13.39,45.82],[13.14,45.82],[13.06,45.63],[12.82,45.69],[12.65,45.56],[12.16,45.5],[12.16,45.17],[12.4,45.04],[12.4,44.78],[12.16,44.84],[12.15,44.45],[12.31,44.19],[12.87,43.8],[13.04,43.86],[13.03,43.73],[13.36,43.67],[13.67,43.41],[13.75,43.08],[13.99,42.95],[13.9,42.76],[14.06,42.5],[14.37,42.24],[14.53,42.24],[14.61,42.11],[14.77,42.17],[14.77,42.04],[14.92,41.98],[15.17,42.04],[15.24,41.91],[16.12,41.91],[16.11,41.78],[15.87,41.72],[15.94,41.39],[17.2,41.0],[17.51,40.74],[17.98,40.61],[18.44,40.16],[18.35,39.9],[18.11,39.9],[17.81,40.36],[17.42,40.36],[17.35,40.55],[17.03,40.55],[16.87,40.48],[16.95,40.42],[16.86,40.29],[16.62,40.29],[16.7,40.1],[16.46,39.97],[16.45,39.64],[16.92,39.51],[17.07,39.38],[17.14,39.06],[16.5,38.8],[16.49,38.42],[15.93,37.96],[15.7,37.96],[15.62,38.16],[15.39,38.16],[15.07,37.64],[15.06,37.25],[15.21,37.19],[15.05,36.74],[14.66,36.74],[14.28,37.13],[13.58,37.25],[13.19,37.58],[12.49,37.71],[12.49,37.9],[12.65,38.09],[13.04,38.03],[13.12,38.16],[13.35,38.16],[13.67,37.96],[14.06,37.96],[15.86,38.29],[15.95,38.67],[16.27,38.74],[16.27,38.93],[16.12,39.06],[15.9,39.77],[15.67,39.9],[15.75,40.03],[15.43,40.03],[15.2,40.23],[15.04,40.23],[14.89,40.68],[14.42,40.68],[14.42,40.87],[14.1,40.87],[13.95,41.13],[13.79,41.13],[13.71,41.26],[13.0,41.33],[12.92,41.46],[12.6,41.52],[12.13,41.91],[12.13,42.04],[11.81,42.11],[11.65,42.37],[11.49,42.3],[11.42,42.43],[11.26,42.43],[11.18,42.63],[11.02,42.63],[11.02,42.82],[10.54,43.08],[10.21,43.99],[9.89,43.99],[9.97,44.12],[9.73,44.12],[9.16,44.45],[8.43,44.39],[8.03,43.93],[7.15,43.73],[6.99,43.54],[6.67,43.47],[6.52,43.21],[6.28,43.15],[5.8,43.15],[5.63,43.28],[5.39,43.28],[5.39,43.41],[5.06,43.47],[4.18,43.47],[4.17,43.6],[3.85,43.6],[3.62,43.41],[3.14,43.28],[2.98,43.15],[3.01,42.56],[3.18,42.37],[3.12,41.91],[2.57,41.59],[2.33,41.59],[2.11,41.33],[1.24,41.2],[0.7,40.94],[0.71,40.68],[0.25,40.42],[0.18,40.16],[-0.13,40.03],[-0.35,39.71],[-0.31,39.13],[0.1,38.74],[-0.66,38.29],[-0.8,38.03],[-0.7,37.64],[-1.71,37.45],[-1.62,37.32],[-1.86,37.32],[-2.06,36.8],[-2.53,36.87],[-2.68,36.74],[-4.47,36.74],[-4.69,36.55],[-5.23,36.48],[-5.29,36.22],[-5.66,36.03],[-5.83,36.22],[-6.06,36.22],[-6.33,36.67],[-6.35,36.93],[-6.59,37.0],[-6.84,37.25],[-7.47,37.25],[-7.45,37.13],[-7.68,37.0],[-8.7,37.13],[-9.0,37.0],[-8.9,37.58],[-8.82,37.58],[-8.82,38.48],[-9.21,38.42],[-9.23,38.67],[-9.38,38.61],[-9.55,38.74],[-9.57,38.93],[-9.43,39.06],[-9.39,39.45],[-9.16,39.51],[-9.1,39.77],[-9.03,39.77],[-8.93,40.36],[-8.85,40.36],[-8.87,40.61],[-8.73,40.74],[-8.96,42.17],[-8.66,42.37],[-9.08,42.56],[-9.1,42.76],[-9.28,42.89],[-9.3,43.15],[-9.16,43.28],[-8.85,43.41],[-8.37,43.41],[-8.39,43.6],[-8.24,43.73],[-7.28,43.73],[-7.34,43.6],[-7.18,43.54],[-5.73,43.6],[-4.99,43.41],[-3.47,43.47],[-3.3,43.34],[-1.69,43.34],[-1.39,43.67],[-1.35,44.25],[-1.27,44.25],[-1.29,44.52],[-1.21,44.52],[-1.25,45.17],[-1.17,45.17],[-1.19,45.43],[-1.03,45.5],[-1.05,45.69],[-1.21,45.76],[-1.14,45.89],[-1.22,45.89],[-1.25,46.28],[-1.67,46.35],[-2.01,46.61],[-2.02,46.74],[-2.19,46.81],[-2.14,47.14],[-2.23,47.27],[-2.56,47.27],[-2.58,47.47],[-2.83,47.47],[-2.84,47.6],[-3.16,47.47],[-3.34,47.73],[-3.76,47.73],[-3.93,47.86],[-4.42,47.8],[-4.69,47.99],[-4.71,48.13],[-4.55,48.19],[-4.64,48.32],[-4.89,48.32],[-4.91,48.52],[-4.6,48.72],[-3.85,48.72],[-3.46,48.92],[-3.12,48.92],[-2.76,48.59],[-2.52,48.72],[-1.6,48.65],[-1.72,49.05],[-1.64,49.05],[-1.65,49.25],[-1.91,49.38],[-2.03,49.78],[-1.36,49.78],[-1.25,49.45],[0.01,49.38],[-0.01,49.65],[0.22,49.85],[1.05,49.98],[1.45,50.25],[1.42,50.71],[1.66,51.05],[2.58,51.18],[2.74,51.31],[3.41,51.45],[3.4,51.65],[3.74,51.65],[3.65,51.78],[3.98,51.92],[4.06,52.12],[4.23,51.98],[5.25,52.12],[5.93,51.98],[6.71,51.45],[6.8,51.45],[7.06,50.98],[7.32,50.91],[7.24,50.71],[7.32,50.71]]],[[[20.33,38.35],[20.49,38.42],[20.57,38.42],[20.8,38.29],[20.79,38.09],[20.32,38.16],[20.33,38.35]]],[[[1.27,38.8],[1.18,39.06],[1.26,39.13],[1.34,39.13],[1.65,39.13],[1.66,39.0],[1.43,38.8],[1.27,38.8]]],[[[20.15,39.64],[20.15,39.58],[20.07,39.58],[20.07,39.64],[20.15,39.64]]],[[[3.3,39.32],[2.82,39.32],[2.66,39.51],[2.35,39.45],[2.34,39.64],[2.88,39.97],[2.96,39.97],[3.19,39.97],[3.2,39.84],[3.52,39.77],[3.3,39.32]]],[[[3.74,40.1],[3.82,40.1],[4.22,40.1],[4.3,39.84],[3.83,39.9],[3.74,40.1]]],[[[9.67,40.29],[9.75,39.64],[9.67,39.64],[9.59,39.13],[9.12,39.19],[8.97,38.87],[8.73,38.87],[8.34,39.0],[8.41,39.26],[8.33,39.26],[8.33,39.51],[8.41,39.51],[8.48,39.9],[8.32,39.97],[8.4,40.29],[8.32,40.29],[8.32,40.48],[8.16,40.55],[8.15,40.94],[8.55,40.87],[9.02,41.26],[9.1,41.26],[9.5,41.2],[9.82,40.74],[9.82,40.36],[9.67,40.29]]],[[[9.58,41.98],[9.5,41.98],[9.5,41.78],[9.26,41.39],[9.1,41.33],[8.78,41.52],[8.78,41.72],[8.62,41.72],[8.7,41.91],[8.54,42.11],[8.53,42.5],[8.77,42.69],[9.17,42.76],[9.25,43.02],[9.33,43.02],[9.49,43.02],[9.49,42.76],[9.57,42.76],[9.58,41.98]]],[[[18.3,42.56],[18.3,42.63],[18.38,42.63],[18.38,42.56],[18.3,42.56]]],[[[18.23,42.76],[18.23,42.69],[18.3,42.63],[18.14,42.63],[17.99,42.82],[18.23,42.76]]],[[[10.13,42.89],[10.21,42.89],[10.46,42.89],[10.46,42.69],[10.21,42.69],[10.13,42.89]]],[[[17.83,42.82],[17.83,42.89],[17.91,42.89],[17.91,42.82],[17.83,42.82]]],[[[17.59,42.89],[17.51,42.76],[17.52,42.95],[17.44,42.95],[17.36,42.95],[17.36,43.15],[17.44,43.15],[17.75,42.89],[17.59,42.89]]],[[[14.27,44.97],[14.35,44.97],[14.51,44.91],[14.5,44.52],[14.26,44.58],[14.27,44.97]]],[[[16.57,45.63],[16.57,45.69],[16.65,45.69],[16.65,45.63],[16.57,45.63]]],[[[6.28,51.85],[6.19,51.85],[6.19,51.92],[6.28,51.92],[6.28,51.85]]],[[[34.09,35.0],[33.7,34.94],[33.52,34.74],[33.13,34.68],[33.04,34.55],[32.37,34.74],[32.23,34.94],[32.25,35.13],[32.55,35.13],[32.88,35.26],[32.89,35.39],[33.74,35.39],[34.31,35.71],[34.39,35.71],[34.54,35.71],[34.53,35.58],[33.96,35.26],[34.09,35.0]]],[[[24.15,35.39],[24.3,35.32],[25.69,35.32],[25.68,35.13],[26.23,35.19],[26.14,35.07],[24.82,35.0],[24.76,35.19],[24.53,35.19],[24.45,35.19],[23.68,35.26],[23.62,35.52],[24.16,35.52],[24.15,35.39]]],[[[27.69,36.29],[28.02,36.48],[28.09,36.48],[28.25,36.48],[28.14,36.03],[27.74,35.9],[27.69,36.29]]],[[[22.89,36.42],[22.96,36.42],[23.12,36.35],[23.11,36.16],[22.87,36.16],[22.89,36.42]]],[[[27.12,36.93],[27.19,36.8],[26.87,36.67],[27.04,36.93],[27.12,36.93]]],[[[25.34,37.13],[25.42,37.13],[25.57,37.13],[25.56,37.0],[25.33,37.0],[25.34,37.13]]],[[[24.36,37.71],[24.43,37.58],[24.27,37.51],[24.2,37.64],[24.28,37.71],[24.36,37.71]]],[[[24.99,37.71],[25.06,37.71],[25.22,37.71],[25.29,37.51],[25.05,37.51],[24.99,37.71]]],[[[26.08,37.71],[26.16,37.71],[26.31,37.71],[26.3,37.58],[25.99,37.51],[26.08,37.71]]],[[[20.62,37.9],[20.7,37.9],[20.93,37.9],[20.92,37.64],[20.61,37.71],[20.62,37.9]]],[[[24.69,38.03],[24.77,38.03],[25.07,37.77],[24.83,37.71],[24.68,37.84],[24.69,38.03]]],[[[25.9,38.48],[25.82,38.48],[25.91,38.67],[25.99,38.67],[26.22,38.55],[26.11,38.16],[25.88,38.16],[25.9,38.48]]],[[[23.57,38.8],[23.56,38.74],[23.48,38.74],[23.49,38.8],[23.57,38.8]]],[[[24.36,39.0],[24.44,39.0],[24.67,38.93],[24.66,38.74],[24.36,38.87],[24.36,39.0]]],[[[26.1,39.13],[25.79,39.19],[26.04,39.38],[26.12,39.38],[26.51,39.32],[26.64,39.0],[26.25,38.93],[26.09,39.0],[26.1,39.13]]],[[[25.15,40.03],[25.46,40.03],[25.45,39.84],[24.97,39.84],[25.07,40.03],[25.15,40.03]]]]},"properties":{"id":"territory:Roman Empire:9","name":"Roman Empire","actor":"로마","valid_from":9,"valid_to":14,"wikidata":"Q12544","area":3477419,"src":"cliopatria","confidence":"medium"}},{"type":"Feature","geometry":{"type":"MultiPolygon","coordinates":[[[[51.14,25.49],[51.21,25.49],[51.21,25.42],[51.13,25.42],[51.14,25.49]]],[[[50.43,25.94],[50.46,26.26],[50.69,26.26],[50.67,26.13],[50.67,26.07],[50.65,25.87],[50.43,25.94]]],[[[57.35,40.29],[58.33,40.42],[58.54,40.29],[58.85,40.29],[58.98,40.16],[59.77,40.16],[59.77,39.84],[60.08,39.84],[60.05,39.71],[60.68,39.71],[60.71,39.51],[60.95,39.51],[62.5,40.03],[62.88,39.97],[64.02,40.1],[64.39,40.29],[65.24,40.48],[65.27,40.61],[65.35,40.61],[65.37,40.68],[65.45,40.68],[65.43,40.61],[65.59,40.61],[65.8,40.81],[65.88,40.81],[65.56,39.97],[65.29,39.84],[65.2,39.51],[65.28,39.51],[65.07,39.0],[65.14,39.0],[65.08,38.74],[65.16,38.74],[64.75,35.77],[64.83,35.77],[64.85,35.19],[65.09,34.87],[64.57,34.61],[64.32,34.16],[63.87,33.84],[63.43,32.36],[63.19,32.3],[63.16,32.17],[62.82,31.98],[62.42,31.46],[61.94,31.34],[61.87,30.95],[60.94,29.86],[62.3,29.41],[64.12,29.41],[64.53,29.6],[65.12,29.54],[66.08,29.79],[66.43,29.67],[66.89,29.67],[66.99,29.41],[67.14,29.34],[66.93,28.57],[67.01,28.57],[66.97,28.32],[67.04,28.32],[67.05,27.87],[67.12,27.87],[67.06,27.48],[67.17,27.22],[67.2,26.32],[67.5,25.81],[67.11,25.1],[66.64,24.91],[66.65,24.97],[66.62,25.36],[66.35,25.55],[66.02,25.36],[64.82,25.29],[64.8,25.16],[64.28,25.23],[64.23,25.36],[63.63,25.36],[63.54,25.23],[62.56,25.23],[62.47,25.1],[62.18,25.16],[62.02,25.04],[61.72,25.04],[61.66,25.16],[61.13,25.1],[60.92,25.23],[60.62,25.23],[60.63,25.36],[59.06,25.36],[58.78,25.55],[57.96,25.55],[57.74,25.62],[57.68,25.74],[57.38,25.74],[57.18,25.94],[57.05,26.84],[56.71,27.16],[56.19,27.16],[56.1,27.03],[56.32,27.03],[56.31,26.9],[56.06,26.71],[55.6,26.64],[55.44,26.52],[55.29,26.52],[55.31,26.71],[55.54,26.77],[55.24,26.77],[54.83,26.45],[54.46,26.52],[54.26,26.71],[53.66,26.71],[53.46,26.97],[52.74,27.22],[52.48,27.61],[52.05,27.8],[51.6,27.8],[51.32,27.99],[51.33,28.12],[51.07,28.44],[51.03,28.77],[50.81,28.83],[50.92,29.09],[50.62,29.15],[50.65,29.41],[50.24,29.73],[50.06,30.18],[49.59,29.99],[48.94,30.31],[48.99,30.05],[48.37,29.92],[48.4,29.6],[47.87,29.54],[47.85,29.41],[48.08,29.41],[48.22,29.28],[48.19,29.09],[48.46,28.77],[48.56,28.32],[48.97,27.93],[48.87,27.67],[49.24,27.61],[49.36,27.29],[50.13,26.77],[50.12,26.58],[50.25,26.45],[50.22,26.13],[50.07,26.07],[50.21,26.0],[50.33,25.62],[50.61,25.42],[50.65,25.1],[50.73,25.1],[50.77,25.55],[50.92,25.62],[50.95,25.94],[51.12,26.13],[51.42,26.13],[51.7,25.87],[51.57,25.36],[51.72,25.29],[51.69,24.97],[51.52,24.78],[51.41,24.33],[51.85,24.26],[51.91,24.01],[52.28,24.01],[52.6,24.26],[53.11,24.14],[54.08,24.14],[54.1,24.33],[54.32,24.26],[54.56,24.46],[54.74,24.84],[55.14,25.1],[55.41,25.55],[55.97,25.87],[56.17,26.32],[56.48,26.39],[56.54,26.32],[56.39,25.55],[56.46,25.55],[56.42,25.16],[56.5,25.16],[56.4,24.97],[56.54,24.91],[56.79,24.33],[57.49,23.88],[58.81,23.62],[59.08,23.3],[59.07,23.17],[59.28,23.04],[59.27,22.91],[58.9,22.91],[58.91,23.04],[58.61,23.04],[58.33,23.3],[57.96,23.3],[57.97,23.43],[57.83,23.49],[56.81,23.75],[56.82,23.88],[56.54,24.07],[56.49,24.33],[56.27,24.39],[56.29,24.59],[56.09,24.84],[55.86,24.78],[55.84,24.59],[55.62,24.65],[54.81,23.94],[54.27,23.75],[51.88,23.69],[51.82,23.88],[51.17,24.07],[51.1,24.2],[51.2,24.52],[51.13,24.59],[51.29,24.71],[51.33,25.1],[51.4,25.1],[51.27,25.29],[51.35,25.36],[51.32,25.87],[51.17,25.87],[51.23,25.68],[50.98,25.42],[50.96,25.23],[51.12,25.29],[50.92,24.71],[50.62,24.65],[50.34,24.97],[50.03,25.68],[49.67,25.87],[49.88,26.45],[49.25,26.97],[49.27,27.09],[49.06,27.29],[48.55,27.48],[48.47,28.12],[48.25,28.19],[48.21,28.51],[48.06,28.51],[48.14,28.64],[48.0,28.7],[48.01,28.83],[47.81,29.02],[47.65,28.96],[47.67,29.15],[47.53,29.28],[47.65,29.67],[47.29,29.79],[46.98,29.73],[46.99,29.86],[46.85,29.92],[46.62,29.86],[46.59,30.31],[45.77,30.44],[44.95,31.27],[44.58,31.34],[44.46,31.59],[43.15,32.81],[42.71,32.94],[42.36,33.26],[42.06,33.33],[41.79,33.59],[41.49,33.65],[41.21,33.91],[40.63,34.16],[40.55,34.16],[40.48,34.87],[40.26,35.0],[40.28,35.13],[40.06,35.26],[39.94,35.52],[39.5,35.71],[39.75,35.9],[40.81,36.29],[41.28,36.35],[41.54,36.55],[41.67,36.35],[41.98,36.35],[42.63,36.55],[42.62,37.06],[42.76,37.51],[42.77,37.58],[42.85,37.58],[42.86,37.64],[42.87,37.71],[42.88,37.77],[43.89,37.71],[43.94,37.58],[44.64,37.51],[44.77,37.38],[44.8,37.06],[45.25,36.93],[45.45,37.19],[45.29,37.19],[45.25,37.45],[45.17,37.45],[45.22,37.77],[45.63,37.9],[45.85,38.29],[46.12,38.48],[47.25,38.67],[48.33,38.09],[48.8,38.09],[48.87,38.09],[48.83,37.84],[49.09,37.51],[49.85,37.45],[50.32,37.0],[50.57,37.06],[50.63,37.0],[50.53,36.87],[51.26,36.61],[52.19,36.55],[53.09,36.8],[54.03,36.87],[54.09,37.19],[53.91,37.45],[53.91,37.84],[53.83,37.84],[53.99,39.0],[53.52,39.38],[53.14,39.45],[53.54,39.51],[53.5,40.03],[52.72,40.1],[52.71,40.42],[52.79,40.42],[52.89,40.87],[52.97,40.87],[52.94,40.74],[53.34,40.74],[53.45,40.87],[53.4,40.68],[54.54,40.81],[56.65,40.36],[56.99,40.42],[56.96,40.29],[57.03,40.29],[57.24,40.16],[57.35,40.29]]]]},"properties":{"id":"territory:Parthian Empire:1","name":"Parthian Empire","actor":"기타중립","valid_from":1,"valid_to":43,"wikidata":"Q1986139","area":2702797,"src":"cliopatria","confidence":"medium"}},{"type":"Feature","geometry":{"type":"MultiPolygon","coordinates":[[[[51.14,25.49],[51.21,25.49],[51.21,25.42],[51.13,25.42],[51.14,25.49]]],[[[50.43,25.94],[50.46,26.26],[50.69,26.26],[50.67,26.13],[50.67,26.07],[50.65,25.87],[50.43,25.94]]],[[[57.35,40.29],[58.33,40.42],[58.54,40.29],[58.85,40.29],[58.98,40.16],[59.77,40.16],[59.77,39.84],[60.08,39.84],[60.05,39.71],[60.68,39.71],[60.71,39.51],[60.95,39.51],[62.5,40.03],[62.88,39.97],[64.02,40.1],[64.39,40.29],[65.24,40.48],[65.27,40.61],[65.35,40.61],[65.37,40.68],[65.45,40.68],[65.43,40.61],[65.59,40.61],[65.8,40.81],[65.88,40.81],[65.56,39.97],[65.29,39.84],[65.2,39.51],[65.28,39.51],[65.07,39.0],[65.14,39.0],[65.08,38.74],[65.16,38.74],[64.75,35.77],[64.83,35.77],[64.85,35.19],[65.09,34.87],[64.57,34.61],[64.32,34.16],[63.87,33.84],[63.43,32.36],[63.19,32.3],[63.16,32.17],[62.82,31.98],[62.42,31.46],[61.94,31.34],[61.87,30.95],[60.94,29.86],[62.3,29.41],[64.12,29.41],[64.53,29.6],[65.12,29.54],[66.08,29.79],[66.43,29.67],[66.89,29.67],[66.99,29.41],[67.14,29.34],[66.93,28.57],[67.01,28.57],[66.97,28.32],[67.04,28.32],[67.05,27.87],[67.12,27.87],[67.06,27.48],[67.17,27.22],[67.2,26.32],[67.5,25.81],[67.11,25.1],[66.64,24.91],[66.65,24.97],[66.62,25.36],[66.35,25.55],[66.02,25.36],[64.82,25.29],[64.8,25.16],[64.28,25.23],[64.23,25.36],[63.63,25.36],[63.54,25.23],[62.56,25.23],[62.47,25.1],[62.18,25.16],[62.02,25.04],[61.72,25.04],[61.66,25.16],[61.13,25.1],[60.92,25.23],[60.62,25.23],[60.63,25.36],[59.06,25.36],[58.78,25.55],[57.96,25.55],[57.74,25.62],[57.68,25.74],[57.38,25.74],[57.18,25.94],[57.05,26.84],[56.71,27.16],[56.19,27.16],[56.1,27.03],[56.32,27.03],[56.31,26.9],[56.06,26.71],[55.6,26.64],[55.44,26.52],[55.29,26.52],[55.31,26.71],[55.54,26.77],[55.24,26.77],[54.83,26.45],[54.46,26.52],[54.26,26.71],[53.66,26.71],[53.46,26.97],[52.74,27.22],[52.48,27.61],[52.05,27.8],[51.6,27.8],[51.32,27.99],[51.33,28.12],[51.07,28.44],[51.03,28.77],[50.81,28.83],[50.92,29.09],[50.62,29.15],[50.65,29.41],[50.24,29.73],[50.06,30.18],[49.59,29.99],[48.94,30.31],[48.99,30.05],[48.37,29.92],[48.4,29.6],[47.87,29.54],[47.85,29.41],[48.08,29.41],[48.22,29.28],[48.19,29.09],[48.46,28.77],[48.56,28.32],[48.97,27.93],[48.87,27.67],[49.24,27.61],[49.36,27.29],[50.13,26.77],[50.12,26.58],[50.25,26.45],[50.22,26.13],[50.07,26.07],[50.21,26.0],[50.33,25.62],[50.61,25.42],[50.65,25.1],[50.73,25.1],[50.77,25.55],[50.92,25.62],[50.95,25.94],[51.12,26.13],[51.42,26.13],[51.7,25.87],[51.57,25.36],[51.72,25.29],[51.69,24.97],[51.52,24.78],[51.41,24.33],[51.85,24.26],[51.91,24.01],[52.28,24.01],[52.6,24.26],[53.11,24.14],[54.08,24.14],[54.1,24.33],[54.32,24.26],[54.56,24.46],[54.74,24.84],[55.14,25.1],[55.41,25.55],[55.97,25.87],[56.17,26.32],[56.48,26.39],[56.54,26.32],[56.39,25.55],[56.46,25.55],[56.42,25.16],[56.5,25.16],[56.4,24.97],[56.54,24.91],[56.79,24.33],[57.49,23.88],[58.81,23.62],[59.08,23.3],[59.07,23.17],[59.28,23.04],[59.27,22.91],[58.9,22.91],[58.91,23.04],[58.61,23.04],[58.33,23.3],[57.96,23.3],[57.97,23.43],[57.83,23.49],[56.81,23.75],[56.82,23.88],[56.54,24.07],[56.49,24.33],[56.27,24.39],[56.29,24.59],[56.09,24.84],[55.86,24.78],[55.84,24.59],[55.62,24.65],[54.81,23.94],[54.27,23.75],[51.88,23.69],[51.82,23.88],[51.17,24.07],[51.1,24.2],[51.2,24.52],[51.13,24.59],[51.29,24.71],[51.33,25.1],[51.4,25.1],[51.27,25.29],[51.35,25.36],[51.32,25.87],[51.17,25.87],[51.23,25.68],[50.98,25.42],[50.96,25.23],[51.12,25.29],[50.92,24.71],[50.62,24.65],[50.34,24.97],[50.03,25.68],[49.67,25.87],[49.88,26.45],[49.25,26.97],[49.27,27.09],[49.06,27.29],[48.55,27.48],[48.47,28.12],[48.25,28.19],[48.21,28.51],[48.06,28.51],[48.14,28.64],[48.0,28.7],[48.01,28.83],[47.81,29.02],[47.65,28.96],[47.67,29.15],[47.53,29.28],[47.65,29.67],[47.29,29.79],[46.98,29.73],[46.99,29.86],[46.85,29.92],[46.62,29.86],[46.59,30.31],[45.77,30.44],[44.95,31.27],[44.58,31.34],[44.46,31.59],[43.15,32.81],[42.71,32.94],[42.36,33.26],[42.06,33.33],[41.79,33.59],[41.49,33.65],[41.21,33.91],[40.63,34.16],[40.55,34.16],[40.48,34.87],[40.26,35.0],[40.28,35.13],[40.06,35.26],[39.94,35.52],[39.5,35.71],[39.75,35.9],[40.81,36.29],[41.28,36.35],[41.54,36.55],[41.67,36.35],[41.98,36.35],[42.63,36.55],[42.62,37.06],[42.76,37.51],[42.77,37.58],[42.85,37.58],[42.86,37.64],[42.87,37.71],[42.88,37.77],[43.89,37.71],[43.94,37.58],[44.64,37.51],[44.77,37.38],[44.8,37.06],[45.25,36.93],[45.45,37.19],[45.29,37.19],[45.25,37.45],[45.17,37.45],[45.22,37.77],[45.63,37.9],[45.85,38.29],[46.12,38.48],[47.25,38.67],[48.33,38.09],[48.8,38.09],[48.87,38.09],[48.83,37.84],[49.09,37.51],[49.85,37.45],[50.32,37.0],[50.57,37.06],[50.63,37.0],[50.53,36.87],[51.26,36.61],[52.19,36.55],[53.09,36.8],[54.03,36.87],[54.09,37.19],[53.91,37.45],[53.91,37.84],[53.83,37.84],[53.99,39.0],[53.52,39.38],[53.14,39.45],[53.54,39.51],[53.5,40.03],[52.72,40.1],[52.71,40.42],[52.79,40.42],[52.89,40.87],[52.97,40.87],[52.94,40.74],[53.34,40.74],[53.45,40.87],[53.4,40.68],[54.54,40.81],[56.65,40.36],[56.99,40.42],[56.96,40.29],[57.03,40.29],[57.24,40.16],[57.35,40.29]]]]},"properties":{"id":"territory:Parthian Empire:43","name":"Parthian Empire","actor":"기타중립","valid_from":43,"valid_to":51,"wikidata":"Q1986139","area":2702797,"src":"cliopatria","confidence":"medium"}},{"type":"Feature","geometry":{"type":"MultiPolygon","coordinates":[[[[51.14,25.49],[51.21,25.49],[51.21,25.42],[51.13,25.42],[51.14,25.49]]],[[[50.43,25.94],[50.46,26.26],[50.69,26.26],[50.67,26.13],[50.67,26.07],[50.65,25.87],[50.43,25.94]]],[[[57.35,40.29],[58.33,40.42],[58.54,40.29],[58.85,40.29],[58.98,40.16],[59.77,40.16],[59.77,39.84],[60.08,39.84],[60.05,39.71],[60.68,39.71],[60.71,39.51],[60.95,39.51],[62.5,40.03],[62.88,39.97],[64.02,40.1],[64.39,40.29],[65.24,40.48],[65.27,40.61],[65.35,40.61],[65.37,40.68],[65.45,40.68],[65.43,40.61],[65.59,40.61],[65.8,40.81],[65.88,40.81],[65.56,39.97],[65.29,39.84],[65.2,39.51],[65.28,39.51],[65.07,39.0],[65.14,39.0],[65.08,38.74],[65.16,38.74],[64.75,35.77],[64.83,35.77],[64.85,35.19],[65.09,34.87],[64.57,34.61],[64.32,34.16],[63.87,33.84],[63.43,32.36],[63.19,32.3],[63.16,32.17],[62.82,31.98],[62.42,31.46],[61.94,31.34],[61.87,30.95],[60.94,29.86],[62.3,29.41],[64.12,29.41],[64.53,29.6],[65.12,29.54],[65.76,29.73],[66.89,29.67],[66.99,29.41],[67.14,29.34],[66.93,28.57],[67.01,28.57],[66.97,28.32],[67.04,28.32],[67.05,27.87],[67.12,27.87],[67.06,27.48],[67.17,27.22],[67.2,26.32],[67.5,25.81],[67.11,25.1],[66.64,24.91],[66.65,24.97],[66.62,25.36],[66.35,25.55],[66.02,25.36],[64.82,25.29],[64.8,25.16],[64.28,25.23],[64.23,25.36],[63.63,25.36],[63.54,25.23],[62.56,25.23],[62.47,25.1],[62.18,25.16],[62.02,25.04],[61.72,25.04],[61.66,25.16],[61.13,25.1],[60.92,25.23],[60.62,25.23],[60.63,25.36],[59.06,25.36],[58.78,25.55],[57.96,25.55],[57.74,25.62],[57.68,25.74],[57.38,25.74],[57.18,25.94],[57.05,26.84],[56.71,27.16],[56.19,27.16],[56.1,27.03],[56.32,27.03],[56.31,26.9],[56.06,26.71],[55.6,26.64],[55.44,26.52],[55.29,26.52],[55.31,26.71],[55.54,26.77],[55.24,26.77],[54.83,26.45],[54.46,26.52],[54.26,26.71],[53.66,26.71],[53.46,26.97],[52.74,27.22],[52.48,27.61],[52.05,27.8],[51.6,27.8],[51.32,27.99],[51.33,28.12],[51.07,28.44],[51.03,28.77],[50.81,28.83],[50.92,29.09],[50.62,29.15],[50.65,29.41],[50.24,29.73],[50.06,30.18],[49.59,29.99],[48.94,30.31],[48.99,30.05],[48.37,29.92],[48.4,29.6],[47.87,29.54],[47.85,29.41],[48.08,29.41],[48.22,29.28],[48.19,29.09],[48.46,28.77],[48.56,28.32],[48.97,27.93],[48.87,27.67],[49.24,27.61],[49.36,27.29],[50.13,26.77],[50.12,26.58],[50.25,26.45],[50.22,26.13],[50.07,26.07],[50.21,26.0],[50.33,25.62],[50.61,25.42],[50.65,25.1],[50.73,25.1],[50.77,25.55],[50.92,25.62],[50.95,25.94],[51.12,26.13],[51.42,26.13],[51.7,25.87],[51.57,25.36],[51.72,25.29],[51.69,24.97],[51.52,24.78],[51.41,24.33],[51.85,24.26],[51.91,24.01],[52.28,24.01],[52.6,24.26],[53.11,24.14],[54.08,24.14],[54.1,24.33],[54.32,24.26],[54.56,24.46],[54.74,24.84],[55.14,25.1],[55.41,25.55],[55.97,25.87],[56.17,26.32],[56.48,26.39],[56.54,26.32],[56.39,25.55],[56.46,25.55],[56.42,25.16],[56.5,25.16],[56.4,24.97],[56.54,24.91],[56.79,24.33],[57.49,23.88],[58.81,23.62],[59.08,23.3],[59.07,23.17],[59.28,23.04],[59.27,22.91],[58.9,22.91],[58.91,23.04],[58.61,23.04],[58.33,23.3],[57.96,23.3],[57.97,23.43],[57.83,23.49],[56.81,23.75],[56.82,23.88],[56.54,24.07],[56.49,24.33],[56.27,24.39],[56.29,24.59],[56.09,24.84],[55.86,24.78],[55.84,24.59],[55.62,24.65],[54.81,23.94],[54.27,23.75],[51.88,23.69],[51.82,23.88],[51.17,24.07],[51.1,24.2],[51.2,24.52],[51.13,24.59],[51.29,24.71],[51.33,25.1],[51.4,25.1],[51.27,25.29],[51.35,25.36],[51.32,25.87],[51.17,25.87],[51.23,25.68],[50.98,25.42],[50.96,25.23],[51.12,25.29],[50.92,24.71],[50.62,24.65],[50.34,24.97],[50.03,25.68],[49.67,25.87],[49.88,26.45],[49.25,26.97],[49.27,27.09],[49.06,27.29],[48.55,27.48],[48.47,28.12],[48.25,28.19],[48.21,28.51],[48.06,28.51],[48.14,28.64],[48.0,28.7],[48.01,28.83],[47.81,29.02],[47.65,28.96],[47.67,29.15],[47.53,29.28],[47.65,29.67],[47.29,29.79],[46.98,29.73],[46.99,29.86],[46.85,29.92],[46.62,29.86],[46.59,30.31],[45.77,30.44],[44.95,31.27],[44.58,31.34],[44.46,31.59],[43.15,32.81],[42.71,32.94],[42.36,33.26],[42.06,33.33],[41.79,33.59],[41.49,33.65],[41.21,33.91],[40.63,34.16],[40.55,34.16],[40.48,34.87],[40.26,35.0],[40.28,35.13],[40.06,35.26],[39.94,35.52],[39.5,35.71],[39.75,35.9],[40.81,36.29],[41.28,36.35],[41.54,36.55],[41.67,36.35],[41.98,36.35],[42.63,36.55],[42.62,37.06],[42.76,37.51],[42.77,37.58],[42.85,37.58],[42.86,37.64],[42.87,37.71],[42.88,37.77],[43.89,37.71],[43.94,37.58],[44.64,37.51],[44.77,37.38],[44.8,37.06],[45.25,36.93],[45.45,37.19],[45.29,37.19],[45.25,37.45],[45.17,37.45],[45.22,37.77],[45.63,37.9],[45.85,38.29],[46.12,38.48],[47.25,38.67],[48.33,38.09],[48.8,38.09],[48.87,38.09],[48.83,37.84],[49.09,37.51],[49.85,37.45],[50.32,37.0],[50.57,37.06],[50.63,37.0],[50.53,36.87],[51.26,36.61],[52.19,36.55],[53.09,36.8],[54.03,36.87],[54.09,37.19],[53.91,37.45],[53.91,37.84],[53.83,37.84],[53.99,39.0],[53.52,39.38],[53.14,39.45],[53.54,39.51],[53.5,40.03],[52.72,40.1],[52.71,40.42],[52.79,40.42],[52.89,40.87],[52.97,40.87],[52.94,40.74],[53.34,40.74],[53.45,40.87],[53.4,40.68],[54.54,40.81],[56.65,40.36],[56.99,40.42],[56.96,40.29],[57.03,40.29],[57.24,40.16],[57.35,40.29]]]]},"properties":{"id":"territory:Parthian Empire:-36","name":"Parthian Empire","actor":"기타중립","valid_from":-36,"valid_to":1,"wikidata":"Q1986139","area":2702719,"src":"cliopatria","confidence":"medium"}},{"type":"Feature","geometry":{"type":"MultiPolygon","coordinates":[[[[51.14,25.49],[51.21,25.49],[51.21,25.42],[51.13,25.42],[51.14,25.49]]],[[[50.43,25.94],[50.46,26.26],[50.69,26.26],[50.67,26.13],[50.67,26.07],[50.65,25.87],[50.43,25.94]]],[[[57.35,40.29],[58.33,40.42],[58.54,40.29],[58.85,40.29],[58.98,40.16],[59.77,40.16],[59.77,39.84],[60.08,39.84],[60.05,39.71],[60.68,39.71],[60.71,39.51],[60.95,39.51],[62.5,40.03],[62.88,39.97],[64.02,40.1],[64.39,40.29],[65.24,40.48],[65.27,40.61],[65.35,40.61],[65.37,40.68],[65.45,40.68],[65.43,40.61],[65.59,40.61],[65.8,40.81],[65.88,40.81],[65.56,39.97],[65.29,39.84],[65.2,39.51],[65.28,39.51],[65.07,39.0],[65.14,39.0],[65.08,38.74],[65.16,38.74],[64.75,35.77],[64.83,35.77],[64.85,35.19],[65.09,34.87],[64.57,34.61],[64.32,34.16],[63.87,33.84],[63.43,32.36],[63.19,32.3],[63.16,32.17],[62.82,31.98],[62.42,31.46],[61.94,31.34],[61.87,30.95],[61.39,30.31],[60.96,29.99],[61.0,29.79],[62.3,29.41],[64.12,29.41],[64.53,29.6],[65.12,29.54],[66.08,29.79],[66.43,29.67],[66.89,29.67],[66.99,29.41],[67.14,29.34],[66.93,28.57],[67.01,28.57],[66.97,28.32],[67.04,28.32],[67.05,27.87],[67.12,27.87],[67.06,27.48],[67.17,27.22],[67.2,26.32],[67.5,25.81],[67.11,25.1],[66.64,24.91],[66.65,24.97],[66.62,25.36],[66.35,25.55],[66.02,25.36],[64.82,25.29],[64.8,25.16],[64.28,25.23],[64.23,25.36],[63.63,25.36],[63.54,25.23],[62.56,25.23],[62.47,25.1],[62.18,25.16],[62.02,25.04],[61.72,25.04],[61.66,25.16],[61.13,25.1],[60.92,25.23],[60.62,25.23],[60.63,25.36],[59.06,25.36],[58.78,25.55],[57.96,25.55],[57.74,25.62],[57.68,25.74],[57.38,25.74],[57.18,25.94],[57.05,26.84],[56.71,27.16],[56.19,27.16],[56.1,27.03],[56.32,27.03],[56.31,26.9],[56.06,26.71],[55.6,26.64],[55.44,26.52],[55.29,26.52],[55.31,26.71],[55.54,26.77],[55.24,26.77],[54.83,26.45],[54.46,26.52],[54.26,26.71],[53.66,26.71],[53.46,26.97],[52.74,27.22],[52.48,27.61],[52.05,27.8],[51.6,27.8],[51.32,27.99],[51.33,28.12],[51.07,28.44],[51.03,28.77],[50.81,28.83],[50.92,29.09],[50.62,29.15],[50.65,29.41],[50.24,29.73],[50.06,30.18],[49.59,29.99],[48.94,30.31],[48.99,30.05],[48.37,29.92],[48.4,29.6],[47.87,29.54],[47.85,29.41],[48.08,29.41],[48.22,29.28],[48.19,29.09],[48.46,28.77],[48.56,28.32],[48.97,27.93],[48.87,27.67],[49.24,27.61],[49.36,27.29],[50.13,26.77],[50.12,26.58],[50.25,26.45],[50.22,26.13],[50.07,26.07],[50.21,26.0],[50.33,25.62],[50.61,25.42],[50.65,25.1],[50.73,25.1],[50.77,25.55],[50.92,25.62],[50.95,25.94],[51.12,26.13],[51.42,26.13],[51.7,25.87],[51.57,25.36],[51.72,25.29],[51.69,24.97],[51.52,24.78],[51.41,24.33],[51.85,24.26],[51.91,24.01],[52.28,24.01],[52.6,24.26],[53.11,24.14],[54.08,24.14],[54.1,24.33],[54.32,24.26],[54.56,24.46],[54.74,24.84],[55.14,25.1],[55.41,25.55],[55.97,25.87],[56.17,26.32],[56.48,26.39],[56.54,26.32],[56.39,25.55],[56.46,25.55],[56.42,25.16],[56.5,25.16],[56.4,24.97],[56.54,24.91],[56.79,24.33],[57.49,23.88],[58.81,23.62],[59.08,23.3],[59.07,23.17],[59.28,23.04],[59.27,22.91],[58.9,22.91],[58.91,23.04],[58.61,23.04],[58.33,23.3],[57.96,23.3],[57.97,23.43],[57.83,23.49],[56.81,23.75],[56.82,23.88],[56.54,24.07],[56.49,24.33],[56.27,24.39],[56.29,24.59],[56.09,24.84],[55.86,24.78],[55.84,24.59],[55.62,24.65],[54.81,23.94],[54.27,23.75],[51.88,23.69],[51.82,23.88],[51.17,24.07],[51.1,24.2],[51.2,24.52],[51.13,24.59],[51.29,24.71],[51.33,25.1],[51.4,25.1],[51.27,25.29],[51.35,25.36],[51.32,25.87],[51.17,25.87],[51.23,25.68],[50.98,25.42],[50.96,25.23],[51.12,25.29],[50.92,24.71],[50.62,24.65],[50.34,24.97],[50.03,25.68],[49.67,25.87],[49.88,26.45],[49.25,26.97],[49.27,27.09],[49.06,27.29],[48.55,27.48],[48.47,28.12],[48.25,28.19],[48.21,28.51],[48.06,28.51],[48.14,28.64],[48.0,28.7],[48.01,28.83],[47.81,29.02],[47.65,28.96],[47.67,29.15],[47.53,29.28],[47.65,29.67],[47.29,29.79],[46.98,29.73],[46.99,29.86],[46.85,29.92],[46.62,29.86],[46.59,30.31],[45.77,30.44],[44.95,31.27],[44.58,31.34],[44.46,31.59],[43.15,32.81],[42.71,32.94],[42.36,33.26],[42.06,33.33],[41.79,33.59],[41.49,33.65],[41.21,33.91],[40.63,34.16],[40.55,34.16],[40.48,34.87],[40.26,35.0],[40.28,35.13],[40.06,35.26],[39.94,35.52],[39.5,35.71],[39.75,35.9],[40.81,36.29],[41.28,36.35],[41.54,36.55],[41.67,36.35],[41.98,36.35],[42.63,36.55],[42.62,37.06],[42.76,37.51],[42.77,37.58],[42.85,37.58],[42.86,37.64],[42.87,37.71],[42.88,37.77],[43.89,37.71],[43.94,37.58],[44.64,37.51],[44.77,37.38],[44.8,37.06],[45.25,36.93],[45.45,37.19],[45.29,37.19],[45.25,37.45],[45.17,37.45],[45.22,37.77],[45.63,37.9],[45.85,38.29],[46.12,38.48],[47.25,38.67],[48.33,38.09],[48.8,38.09],[48.87,38.09],[48.83,37.84],[49.09,37.51],[49.85,37.45],[50.32,37.0],[50.57,37.06],[50.63,37.0],[50.53,36.87],[51.26,36.61],[52.19,36.55],[53.09,36.8],[54.03,36.87],[54.09,37.19],[53.91,37.45],[53.91,37.84],[53.83,37.84],[53.99,39.0],[53.52,39.38],[53.14,39.45],[53.54,39.51],[53.5,40.03],[52.72,40.1],[52.71,40.42],[52.79,40.42],[52.89,40.87],[52.97,40.87],[52.94,40.74],[53.34,40.74],[53.45,40.87],[53.4,40.68],[54.54,40.81],[56.65,40.36],[56.99,40.42],[56.96,40.29],[57.03,40.29],[57.24,40.16],[57.35,40.29]]]]},"properties":{"id":"territory:Parthian Empire:51","name":"Parthian Empire","actor":"기타중립","valid_from":51,"valid_to":114,"wikidata":"Q1986139","area":2702644,"src":"cliopatria","confidence":"medium"}},{"type":"Feature","geometry":{"type":"MultiPolygon","coordinates":[[[[71.98,41.26],[72.14,41.26],[72.23,41.07],[72.47,41.07],[73.02,40.81],[73.1,40.81],[73.14,40.68],[73.29,40.68],[73.33,40.55],[73.49,40.55],[73.53,40.42],[73.8,40.29],[73.57,39.58],[73.4,39.51],[73.69,39.45],[73.67,39.38],[73.63,39.26],[73.75,39.13],[73.49,38.55],[72.76,37.9],[72.42,37.25],[72.37,37.06],[72.45,37.06],[72.23,36.55],[72.31,36.55],[72.3,36.22],[72.5,36.1],[72.47,35.97],[72.64,36.03],[72.61,35.9],[72.82,35.84],[72.71,35.71],[73.44,34.94],[73.81,34.87],[73.7,34.74],[73.99,34.68],[74.3,34.36],[74.45,34.36],[74.63,34.16],[74.6,34.04],[74.8,33.91],[74.77,33.78],[75.03,33.59],[75.0,33.46],[75.13,33.39],[75.1,33.26],[75.24,33.2],[75.27,33.01],[75.42,33.01],[75.47,32.88],[75.88,32.69],[76.13,32.75],[76.08,32.56],[76.6,32.17],[78.45,31.59],[78.84,31.66],[78.81,31.53],[79.18,31.46],[79.61,31.01],[79.62,30.76],[79.82,30.63],[79.84,30.05],[79.95,29.86],[79.89,29.54],[79.96,29.54],[79.84,28.57],[79.38,27.74],[79.04,27.54],[78.66,27.09],[78.51,27.09],[78.48,26.97],[78.25,26.9],[78.24,26.84],[77.24,26.71],[77.11,26.84],[76.58,26.84],[75.2,26.64],[73.18,26.19],[71.9,25.68],[71.24,25.16],[71.09,25.16],[70.57,24.65],[70.6,24.33],[70.45,24.26],[70.42,24.07],[70.07,23.56],[69.5,23.17],[69.04,23.04],[69.02,22.91],[68.95,22.91],[68.61,23.17],[68.55,23.36],[68.34,23.43],[68.35,23.56],[68.13,23.56],[68.16,23.81],[67.63,23.81],[67.49,23.88],[67.44,24.07],[67.29,24.07],[67.33,24.39],[67.15,24.78],[66.63,24.84],[66.64,24.91],[67.11,25.1],[67.5,25.81],[67.2,26.32],[67.17,27.22],[67.06,27.48],[67.12,27.87],[67.05,27.87],[67.04,28.32],[66.97,28.32],[67.01,28.57],[66.93,28.57],[67.14,29.34],[66.99,29.41],[66.89,29.67],[66.43,29.67],[66.08,29.79],[66.32,29.86],[66.42,30.44],[66.34,30.44],[66.53,31.01],[66.45,31.01],[66.48,31.59],[66.1,31.59],[65.69,31.85],[65.02,31.91],[64.38,32.17],[63.55,32.24],[63.43,32.36],[63.87,33.84],[64.32,34.16],[64.57,34.61],[65.09,34.87],[64.85,35.19],[64.83,35.77],[64.75,35.77],[65.16,38.74],[65.08,38.74],[65.14,39.0],[65.07,39.0],[65.28,39.51],[65.2,39.51],[65.29,39.84],[65.56,39.97],[65.88,40.81],[65.96,40.81],[66.65,41.26],[66.89,41.26],[67.55,41.59],[68.03,41.59],[68.22,41.46],[68.98,41.33],[69.58,41.72],[70.02,41.59],[71.63,41.65],[71.84,41.33],[72.0,41.33],[71.98,41.26]]],[[[72.5,36.1],[72.52,36.16],[72.6,36.16],[72.58,36.1],[72.5,36.1]]]]},"properties":{"id":"territory:Kushan Empire:91","name":"Kushan Empire","actor":"기타중립","valid_from":91,"valid_to":117,"wikidata":"Q25979","area":1709274,"src":"cliopatria","confidence":"medium"}},{"type":"Feature","geometry":{"type":"Polygon","coordinates":[[[71.56,34.16],[72.59,34.29],[72.85,34.42],[73.39,34.42],[73.36,33.97],[73.52,33.71],[73.52,33.07],[73.6,33.07],[73.59,33.01],[72.57,31.91],[72.41,31.53],[72.75,30.95],[73.16,30.76],[73.84,30.69],[73.82,30.63],[74.13,30.31],[74.11,30.18],[74.37,29.99],[74.31,29.67],[74.46,29.67],[74.76,29.28],[75.05,29.22],[75.09,29.02],[75.66,28.83],[75.7,28.64],[76.27,28.44],[76.32,28.32],[76.75,28.19],[76.8,28.06],[77.39,27.99],[77.44,27.87],[77.73,27.8],[77.85,27.61],[78.12,27.48],[78.14,27.16],[78.27,27.03],[78.26,26.52],[78.33,26.52],[78.32,25.04],[78.31,24.97],[78.22,24.84],[77.85,24.84],[77.3,24.65],[76.71,24.2],[76.02,24.07],[74.59,23.36],[74.03,22.4],[73.55,22.14],[73.21,21.76],[72.76,21.69],[72.69,21.69],[72.54,21.76],[72.57,21.95],[72.49,21.95],[72.53,22.27],[72.38,22.27],[72.34,21.95],[72.11,21.89],[72.17,21.76],[72.32,21.76],[72.28,21.37],[72.1,21.11],[71.09,20.66],[70.72,20.66],[70.3,20.86],[69.89,21.24],[69.9,21.37],[69.5,21.76],[69.35,21.76],[68.95,22.21],[68.98,22.46],[69.41,22.34],[69.5,22.46],[69.87,22.46],[70.26,22.66],[70.37,22.91],[69.45,22.72],[68.81,22.98],[68.55,23.36],[68.34,23.43],[68.35,23.56],[68.13,23.56],[68.16,23.81],[67.63,23.81],[67.49,23.88],[67.44,24.07],[67.29,24.07],[67.33,24.39],[67.15,24.78],[66.63,24.84],[66.64,24.91],[67.11,25.1],[67.5,25.81],[67.2,26.32],[67.17,27.22],[67.06,27.48],[67.12,27.87],[67.05,27.87],[67.04,28.32],[66.97,28.32],[67.01,28.57],[66.93,28.57],[67.14,29.34],[66.99,29.41],[66.89,29.67],[65.76,29.73],[65.12,29.54],[64.53,29.6],[64.12,29.41],[62.3,29.41],[60.94,29.86],[61.87,30.95],[61.94,31.34],[62.42,31.46],[62.82,31.98],[63.16,32.17],[63.19,32.3],[63.43,32.36],[63.87,33.84],[64.32,34.16],[64.57,34.61],[65.09,34.87],[65.41,34.94],[65.62,34.81],[65.93,34.81],[66.07,34.74],[66.04,34.61],[66.69,34.42],[66.81,34.29],[69.74,34.29],[69.99,34.04],[70.57,33.91],[70.82,33.97],[70.77,34.1],[70.96,34.23],[71.48,34.16],[71.56,34.16]]]},"properties":{"id":"territory:Indo-Scythians:-27","name":"Indo-Scythians","actor":"기타중립","valid_from":-27,"valid_to":1,"wikidata":"Q240123","area":1320383,"src":"cliopatria","confidence":"medium"}},{"type":"Feature","geometry":{"type":"MultiPolygon","coordinates":[[[[76.11,32.69],[76.08,32.56],[76.54,32.24],[76.48,31.98],[76.16,31.59],[75.33,30.95],[74.44,30.69],[73.84,30.69],[73.81,30.56],[74.37,29.99],[74.31,29.67],[74.46,29.67],[74.76,29.28],[75.05,29.22],[75.09,29.02],[75.66,28.83],[75.7,28.64],[76.27,28.44],[76.32,28.32],[76.75,28.19],[76.8,28.06],[77.39,27.99],[77.44,27.87],[77.73,27.8],[77.85,27.61],[78.12,27.48],[78.14,27.16],[78.27,27.03],[78.26,26.52],[78.33,26.52],[78.32,25.04],[78.31,24.97],[78.22,24.84],[77.85,24.84],[77.3,24.65],[76.71,24.2],[76.02,24.07],[74.59,23.36],[74.03,22.4],[73.55,22.14],[73.21,21.76],[72.76,21.69],[72.69,21.69],[72.54,21.76],[72.57,21.95],[72.49,21.95],[72.53,22.27],[72.38,22.27],[72.34,21.95],[72.11,21.89],[72.17,21.76],[72.32,21.76],[72.18,21.18],[71.41,20.86],[71.32,20.73],[70.72,20.66],[70.3,20.86],[69.89,21.24],[69.9,21.37],[69.5,21.76],[69.35,21.76],[68.95,22.21],[68.98,22.46],[69.41,22.34],[69.5,22.46],[69.87,22.46],[70.26,22.66],[70.37,22.91],[69.45,22.72],[69.1,22.91],[69.02,22.91],[69.04,23.04],[69.5,23.17],[70.07,23.56],[70.42,24.07],[70.45,24.26],[70.6,24.33],[70.64,25.16],[70.44,25.36],[70.34,25.74],[70.19,25.74],[70.18,26.19],[69.71,26.58],[69.73,26.71],[69.51,26.77],[69.56,27.09],[70.01,27.54],[70.22,27.93],[70.64,28.19],[71.02,28.64],[71.17,28.64],[72.03,29.22],[72.33,29.6],[72.45,30.24],[72.38,30.24],[72.44,31.66],[72.99,32.43],[73.16,32.49],[73.59,33.01],[73.66,33.01],[73.98,33.07],[74.18,32.94],[74.35,33.01],[75.47,32.88],[75.88,32.69],[76.13,32.75],[76.11,32.69]]],[[[69.88,33.91],[69.34,33.91],[67.71,32.75],[67.66,32.49],[67.07,31.85],[66.78,31.14],[66.44,30.95],[66.32,29.86],[66.08,29.79],[65.12,29.54],[64.53,29.6],[64.12,29.41],[62.3,29.41],[60.94,29.86],[61.87,30.95],[61.94,31.34],[62.42,31.46],[62.82,31.98],[63.16,32.17],[63.19,32.3],[63.43,32.36],[63.87,33.84],[64.32,34.16],[64.57,34.61],[65.09,34.87],[65.41,34.94],[65.62,34.81],[65.93,34.81],[66.07,34.74],[66.04,34.61],[66.69,34.42],[66.81,34.29],[69.74,34.29],[69.99,34.04],[69.88,33.91]]],[[[74.2,33.01],[74.21,33.07],[74.29,33.07],[74.27,33.01],[74.2,33.01]]]]},"properties":{"id":"territory:Indo-Scythians:14","name":"Indo-Scythians","actor":"기타중립","valid_from":14,"valid_to":43,"wikidata":"Q240123","area":905632,"src":"cliopatria","confidence":"medium"}},{"type":"Feature","geometry":{"type":"MultiPolygon","coordinates":[[[[74.11,30.18],[74.37,29.99],[74.31,29.67],[74.46,29.67],[74.76,29.28],[75.05,29.22],[75.09,29.02],[75.66,28.83],[75.7,28.64],[76.27,28.44],[76.32,28.32],[76.75,28.19],[76.8,28.06],[77.39,27.99],[77.44,27.87],[77.73,27.8],[77.85,27.61],[78.12,27.48],[78.14,27.16],[78.27,27.03],[78.26,26.52],[78.33,26.52],[78.32,25.04],[78.31,24.97],[78.22,24.84],[77.85,24.84],[77.3,24.65],[76.71,24.2],[76.02,24.07],[74.59,23.36],[74.03,22.4],[73.55,22.14],[73.21,21.76],[72.76,21.69],[72.69,21.69],[72.54,21.76],[72.57,21.95],[72.49,21.95],[72.53,22.27],[72.38,22.27],[72.34,21.95],[72.11,21.89],[72.17,21.76],[72.32,21.76],[72.18,21.18],[71.41,20.86],[71.32,20.73],[70.72,20.66],[70.3,20.86],[69.89,21.24],[69.9,21.37],[69.5,21.76],[69.35,21.76],[68.95,22.21],[68.98,22.46],[69.41,22.34],[69.5,22.46],[69.87,22.46],[70.26,22.66],[70.37,22.91],[69.45,22.72],[69.1,22.91],[69.02,22.91],[69.04,23.04],[69.5,23.17],[70.07,23.56],[70.42,24.07],[70.45,24.26],[70.6,24.33],[70.64,25.16],[70.44,25.36],[70.34,25.74],[70.19,25.74],[70.18,26.19],[69.71,26.58],[69.73,26.71],[69.51,26.77],[69.56,27.09],[70.01,27.54],[70.22,27.93],[70.64,28.19],[71.02,28.64],[71.17,28.64],[72.03,29.22],[72.33,29.6],[72.45,30.24],[72.38,30.24],[72.45,31.34],[72.59,31.27],[72.56,31.14],[72.75,30.95],[73.16,30.76],[73.84,30.69],[73.82,30.63],[74.12,30.24],[74.11,30.18]]],[[[69.99,34.04],[69.88,33.91],[69.34,33.91],[67.71,32.75],[67.66,32.49],[67.07,31.85],[66.78,31.14],[66.44,30.95],[66.32,29.86],[66.08,29.79],[65.12,29.54],[64.53,29.6],[64.12,29.41],[62.3,29.41],[60.94,29.86],[61.87,30.95],[61.94,31.34],[62.42,31.46],[62.82,31.98],[63.16,32.17],[63.19,32.3],[63.43,32.36],[63.87,33.84],[64.32,34.16],[64.57,34.61],[65.09,34.87],[65.41,34.94],[65.62,34.81],[65.93,34.81],[66.07,34.74],[66.04,34.61],[66.69,34.42],[66.81,34.29],[69.74,34.29],[69.99,34.04]]]]},"properties":{"id":"territory:Indo-Scythians:1","name":"Indo-Scythians","actor":"기타중립","valid_from":1,"valid_to":14,"wikidata":"Q240123","area":832000,"src":"cliopatria","confidence":"medium"}},{"type":"Feature","geometry":{"type":"Polygon","coordinates":[[[71.98,41.26],[72.14,41.26],[72.23,41.07],[72.47,41.07],[72.72,40.87],[73.04,40.87],[73.14,40.68],[73.29,40.68],[73.33,40.55],[73.49,40.55],[73.53,40.42],[73.8,40.29],[73.57,39.58],[73.4,39.51],[73.69,39.45],[73.63,39.26],[73.75,39.13],[73.49,38.55],[72.66,37.84],[72.4,37.45],[71.83,37.06],[71.66,36.74],[71.25,36.35],[71.24,36.03],[71.67,35.58],[71.6,35.0],[71.94,34.81],[71.49,34.23],[71.48,34.16],[71.09,34.16],[70.73,33.91],[69.99,34.04],[69.88,33.91],[69.48,33.84],[69.06,33.33],[68.36,33.26],[67.71,32.75],[67.66,32.49],[67.07,31.85],[66.95,31.27],[66.53,31.01],[66.45,31.01],[66.48,31.59],[66.1,31.59],[65.76,31.79],[65.68,31.79],[64.38,32.17],[63.55,32.24],[63.43,32.36],[63.87,33.84],[64.32,34.16],[64.57,34.61],[65.09,34.87],[64.85,35.19],[64.83,35.77],[64.75,35.77],[65.16,38.74],[65.08,38.74],[65.14,39.0],[65.07,39.0],[65.28,39.51],[65.2,39.51],[65.29,39.84],[65.56,39.97],[65.88,40.81],[65.96,40.81],[66.65,41.26],[66.89,41.26],[67.55,41.59],[68.03,41.59],[68.22,41.46],[68.98,41.33],[69.58,41.72],[70.02,41.59],[71.63,41.65],[71.84,41.33],[72.0,41.33],[71.98,41.26]]]},"properties":{"id":"territory:Kushan Empire:51","name":"Kushan Empire","actor":"기타중립","valid_from":51,"valid_to":91,"wikidata":"Q25979","area":638996,"src":"cliopatria","confidence":"medium"}},{"type":"Feature","geometry":{"type":"MultiPolygon","coordinates":[[[[76.13,32.75],[76.08,32.56],[76.54,32.24],[76.48,31.98],[76.16,31.59],[75.33,30.95],[74.44,30.69],[73.84,30.69],[73.81,30.56],[74.37,29.99],[74.31,29.67],[74.46,29.67],[74.76,29.28],[75.05,29.22],[75.09,29.02],[75.66,28.83],[75.7,28.64],[76.27,28.44],[76.32,28.32],[76.75,28.19],[76.8,28.06],[77.39,27.99],[77.44,27.87],[78.0,27.61],[78.18,27.35],[78.25,26.9],[78.24,26.84],[77.79,26.84],[77.69,26.71],[77.24,26.71],[77.11,26.84],[75.97,26.77],[73.18,26.19],[71.9,25.68],[71.24,25.16],[71.09,25.16],[70.57,24.65],[70.58,25.29],[70.44,25.36],[70.34,25.74],[70.19,25.74],[70.18,26.19],[69.71,26.58],[69.73,26.71],[69.51,26.77],[69.56,27.09],[70.01,27.54],[70.22,27.93],[70.64,28.19],[71.02,28.64],[71.17,28.64],[72.03,29.22],[72.33,29.6],[72.45,30.24],[72.38,30.24],[72.44,31.66],[72.99,32.43],[73.16,32.49],[73.59,33.01],[73.66,33.01],[73.98,33.07],[74.18,32.94],[74.35,33.01],[75.47,32.88],[75.88,32.69],[76.05,32.75],[76.13,32.75]]],[[[69.88,33.91],[69.34,33.91],[67.71,32.75],[67.66,32.49],[67.07,31.85],[66.78,31.14],[66.44,30.95],[66.32,29.86],[66.08,29.79],[65.12,29.54],[64.53,29.6],[64.12,29.41],[62.3,29.41],[60.94,29.86],[61.87,30.95],[61.94,31.34],[62.42,31.46],[62.82,31.98],[63.16,32.17],[63.19,32.3],[63.43,32.36],[63.87,33.84],[64.32,34.16],[64.57,34.61],[65.09,34.87],[65.41,34.94],[65.62,34.81],[65.93,34.81],[66.07,34.74],[66.04,34.61],[66.69,34.42],[66.81,34.29],[69.74,34.29],[69.99,34.04],[69.88,33.91]]],[[[74.2,33.01],[74.21,33.07],[74.29,33.07],[74.27,33.01],[74.2,33.01]]]]},"properties":{"id":"territory:Indo-Scythians:43","name":"Indo-Scythians","actor":"기타중립","valid_from":43,"valid_to":51,"wikidata":"Q240123","area":579280,"src":"cliopatria","confidence":"medium"}},{"type":"Feature","geometry":{"type":"Polygon","coordinates":[[[73.29,40.68],[73.33,40.55],[73.49,40.55],[73.53,40.42],[73.8,40.29],[73.57,39.58],[73.4,39.51],[73.69,39.45],[73.67,39.38],[73.63,39.26],[73.75,39.13],[73.49,38.55],[72.66,37.84],[72.4,37.45],[71.83,37.06],[71.66,36.74],[71.25,36.35],[71.24,36.03],[71.67,35.58],[71.6,35.0],[71.94,34.81],[71.49,34.23],[71.48,34.16],[70.96,34.23],[70.77,34.1],[70.82,33.97],[70.57,33.91],[69.99,34.04],[69.74,34.29],[66.81,34.29],[66.69,34.42],[66.04,34.61],[66.07,34.74],[65.93,34.81],[65.62,34.81],[65.41,34.94],[65.09,34.87],[64.85,35.19],[64.83,35.77],[64.75,35.77],[65.16,38.74],[65.08,38.74],[65.14,39.0],[65.07,39.0],[65.28,39.51],[65.2,39.51],[65.29,39.84],[65.56,39.97],[65.88,40.81],[65.96,40.81],[66.65,41.26],[66.89,41.26],[67.55,41.59],[68.03,41.59],[68.82,41.33],[68.9,41.33],[68.86,40.94],[69.33,40.42],[69.27,40.23],[69.0,40.1],[68.96,39.97],[69.33,39.9],[69.59,39.71],[70.56,39.77],[70.75,39.9],[70.81,40.1],[70.95,40.03],[70.91,39.9],[71.07,39.9],[71.21,40.1],[71.78,40.16],[73.0,40.74],[73.29,40.68]]]},"properties":{"id":"territory:Yuezhi:-50","name":"Yuezhi","actor":"기타중립","valid_from":-50,"valid_to":1,"wikidata":"Q467985","area":458125,"src":"cliopatria","confidence":"medium"}},{"type":"Feature","geometry":{"type":"Polygon","coordinates":[[[73.29,40.68],[73.33,40.55],[73.49,40.55],[73.53,40.42],[73.8,40.29],[73.57,39.58],[73.4,39.51],[73.69,39.45],[73.67,39.38],[73.63,39.26],[73.75,39.13],[73.49,38.55],[72.66,37.84],[72.4,37.45],[71.83,37.06],[71.66,36.74],[71.25,36.35],[71.24,36.03],[71.67,35.58],[71.6,35.0],[71.94,34.81],[71.49,34.23],[71.48,34.16],[70.96,34.23],[70.77,34.1],[70.83,34.04],[70.73,33.91],[69.99,34.04],[69.74,34.29],[66.81,34.29],[66.69,34.42],[66.04,34.61],[66.07,34.74],[65.93,34.81],[65.62,34.81],[65.41,34.94],[65.09,34.87],[64.85,35.19],[64.83,35.77],[64.75,35.77],[65.16,38.74],[65.08,38.74],[65.14,39.0],[65.07,39.0],[65.28,39.51],[65.2,39.51],[65.29,39.84],[65.56,39.97],[65.88,40.81],[65.96,40.81],[66.65,41.26],[66.89,41.26],[67.55,41.59],[68.03,41.59],[68.82,41.33],[68.9,41.33],[68.86,40.94],[69.33,40.42],[69.27,40.23],[69.0,40.1],[68.96,39.97],[69.33,39.9],[69.59,39.71],[70.56,39.77],[70.75,39.9],[70.81,40.1],[70.95,40.03],[70.91,39.9],[71.07,39.9],[71.21,40.1],[71.78,40.16],[73.0,40.74],[73.29,40.68]]]},"properties":{"id":"territory:Yuezhi:1","name":"Yuezhi","actor":"기타중립","valid_from":1,"valid_to":14,"wikidata":"Q467985","area":458075,"src":"cliopatria","confidence":"medium"}},{"type":"Feature","geometry":{"type":"Polygon","coordinates":[[[73.08,40.74],[73.8,40.29],[73.57,39.58],[73.4,39.51],[73.69,39.45],[73.63,39.26],[73.75,39.13],[73.49,38.55],[72.66,37.84],[72.4,37.45],[71.83,37.06],[71.66,36.74],[71.25,36.35],[71.24,36.03],[71.67,35.58],[71.6,35.0],[71.94,34.81],[71.49,34.23],[71.48,34.16],[70.96,34.23],[70.77,34.1],[70.83,34.04],[70.73,33.91],[69.99,34.04],[69.74,34.29],[66.81,34.29],[66.69,34.42],[66.04,34.61],[66.07,34.74],[65.93,34.81],[65.62,34.81],[65.41,34.94],[65.09,34.87],[64.85,35.19],[64.83,35.77],[64.75,35.77],[65.16,38.74],[65.08,38.74],[65.14,39.0],[65.07,39.0],[65.28,39.51],[65.2,39.51],[65.29,39.84],[65.56,39.97],[65.88,40.81],[65.96,40.81],[66.65,41.26],[66.89,41.26],[67.55,41.59],[68.03,41.59],[68.82,41.33],[68.9,41.33],[68.86,40.94],[69.33,40.42],[69.27,40.23],[69.0,40.1],[68.96,39.97],[69.33,39.9],[69.59,39.71],[70.56,39.77],[70.75,39.9],[70.81,40.1],[70.95,40.03],[70.91,39.9],[71.07,39.9],[71.21,40.1],[71.78,40.16],[73.0,40.74],[73.08,40.74]]]},"properties":{"id":"territory:Yuezhi:14","name":"Yuezhi","actor":"기타중립","valid_from":14,"valid_to":30,"wikidata":"Q467985","area":458049,"src":"cliopatria","confidence":"medium"}},{"type":"Feature","geometry":{"type":"Polygon","coordinates":[[[73.08,40.74],[73.8,40.29],[73.57,39.58],[73.4,39.51],[73.69,39.45],[73.63,39.26],[73.75,39.13],[73.49,38.55],[72.66,37.84],[72.4,37.45],[71.83,37.06],[71.66,36.74],[71.25,36.35],[71.24,36.03],[71.67,35.58],[71.6,35.0],[71.94,34.81],[71.49,34.23],[71.48,34.16],[70.96,34.23],[70.77,34.1],[70.83,34.04],[70.73,33.91],[69.99,34.04],[69.74,34.29],[66.81,34.29],[66.69,34.42],[66.04,34.61],[66.07,34.74],[65.93,34.81],[65.62,34.81],[65.41,34.94],[65.09,34.87],[64.85,35.19],[64.83,35.77],[64.75,35.77],[65.16,38.74],[65.08,38.74],[65.14,39.0],[65.07,39.0],[65.28,39.51],[65.2,39.51],[65.29,39.84],[65.56,39.97],[65.88,40.81],[65.96,40.81],[66.65,41.26],[66.89,41.26],[67.55,41.59],[68.03,41.59],[68.82,41.33],[68.9,41.33],[68.86,40.94],[69.33,40.42],[69.27,40.23],[69.0,40.1],[68.96,39.97],[69.33,39.9],[69.59,39.71],[70.56,39.77],[70.75,39.9],[70.81,40.1],[70.95,40.03],[70.91,39.9],[71.07,39.9],[71.21,40.1],[71.78,40.16],[73.0,40.74],[73.08,40.74]]]},"properties":{"id":"territory:Yuezhi:30","name":"Yuezhi","actor":"기타중립","valid_from":30,"valid_to":43,"wikidata":"Q467985","area":458049,"src":"cliopatria","confidence":"medium"}},{"type":"Feature","geometry":{"type":"Polygon","coordinates":[[[73.08,40.74],[73.8,40.29],[73.57,39.58],[73.4,39.51],[73.69,39.45],[73.63,39.26],[73.75,39.13],[73.49,38.55],[72.66,37.84],[72.4,37.45],[71.83,37.06],[71.66,36.74],[71.25,36.35],[71.24,36.03],[71.67,35.58],[71.6,35.0],[71.94,34.81],[71.49,34.23],[71.48,34.16],[70.96,34.23],[70.77,34.1],[70.83,34.04],[70.73,33.91],[69.99,34.04],[69.74,34.29],[66.81,34.29],[66.69,34.42],[66.04,34.61],[66.07,34.74],[65.93,34.81],[65.62,34.81],[65.41,34.94],[65.09,34.87],[64.85,35.19],[64.83,35.77],[64.75,35.77],[65.16,38.74],[65.08,38.74],[65.14,39.0],[65.07,39.0],[65.28,39.51],[65.2,39.51],[65.29,39.84],[65.56,39.97],[65.88,40.81],[65.96,40.81],[66.65,41.26],[66.89,41.26],[67.55,41.59],[68.03,41.59],[68.82,41.33],[68.9,41.33],[68.86,40.94],[69.33,40.42],[69.27,40.23],[69.0,40.1],[68.96,39.97],[69.33,39.9],[69.59,39.71],[70.56,39.77],[70.75,39.9],[70.81,40.1],[70.95,40.03],[70.91,39.9],[71.07,39.9],[71.21,40.1],[71.78,40.16],[73.0,40.74],[73.08,40.74]]]},"properties":{"id":"territory:Kushan Empire:43","name":"Kushan Empire","actor":"기타중립","valid_from":43,"valid_to":51,"wikidata":"Q25979","area":458049,"src":"cliopatria","confidence":"medium"}},{"type":"Feature","geometry":{"type":"MultiPolygon","coordinates":[[[[76.13,32.75],[76.08,32.56],[76.54,32.24],[76.48,31.98],[76.16,31.59],[75.33,30.95],[74.44,30.69],[73.84,30.69],[73.81,30.56],[74.37,29.99],[74.31,29.67],[74.46,29.67],[74.76,29.28],[75.05,29.22],[75.09,29.02],[75.66,28.83],[75.7,28.64],[76.27,28.44],[76.32,28.32],[76.75,28.19],[76.8,28.06],[77.39,27.99],[77.44,27.87],[78.0,27.61],[78.18,27.35],[78.25,26.9],[78.24,26.84],[77.79,26.84],[77.69,26.71],[77.24,26.71],[77.11,26.84],[75.97,26.77],[73.18,26.19],[71.9,25.68],[71.24,25.16],[71.09,25.16],[70.57,24.65],[70.58,25.29],[70.44,25.36],[70.34,25.74],[70.19,25.74],[70.18,26.19],[69.71,26.58],[69.73,26.71],[69.51,26.77],[69.56,27.09],[70.01,27.54],[70.22,27.93],[70.64,28.19],[71.02,28.64],[71.17,28.64],[72.03,29.22],[72.33,29.6],[72.45,30.24],[72.38,30.24],[72.44,31.66],[72.99,32.43],[73.16,32.49],[73.59,33.01],[73.66,33.01],[73.98,33.07],[74.18,32.94],[74.35,33.01],[75.47,32.88],[75.88,32.69],[76.05,32.75],[76.13,32.75]]],[[[66.1,31.59],[66.48,31.59],[66.45,31.01],[66.53,31.01],[66.34,30.44],[66.42,30.44],[66.32,29.86],[66.08,29.79],[65.12,29.54],[64.53,29.6],[64.12,29.41],[62.3,29.41],[61.0,29.79],[60.96,29.99],[61.39,30.31],[61.87,30.95],[61.94,31.34],[62.42,31.46],[62.82,31.98],[63.16,32.17],[63.19,32.3],[63.43,32.36],[63.55,32.24],[64.38,32.17],[65.68,31.79],[65.76,31.79],[66.1,31.59]]],[[[74.2,33.01],[74.21,33.07],[74.29,33.07],[74.27,33.01],[74.2,33.01]]]]},"properties":{"id":"territory:Indo-Scythians:51","name":"Indo-Scythians","actor":"기타중립","valid_from":51,"valid_to":91,"wikidata":"Q240123","area":452692,"src":"cliopatria","confidence":"medium"}},{"type":"Feature","geometry":{"type":"Polygon","coordinates":[[[33.84,22.08],[33.76,22.08],[33.84,22.01],[33.75,21.63],[33.82,21.63],[34.26,19.64],[34.47,19.38],[34.6,18.93],[34.88,18.61],[34.94,18.29],[35.3,18.09],[35.5,17.64],[36.0,17.32],[36.05,16.81],[35.67,16.49],[34.71,16.49],[34.56,16.23],[34.68,15.78],[34.1,15.84],[33.86,15.46],[32.53,15.2],[32.53,15.33],[32.09,15.39],[31.73,15.59],[31.53,15.97],[31.54,16.23],[31.39,16.36],[31.48,16.61],[31.34,16.81],[31.22,17.64],[31.15,17.64],[30.88,20.34],[30.8,20.34],[30.82,20.79],[30.74,20.79],[30.76,21.31],[30.69,21.31],[30.64,21.95],[30.56,21.95],[30.72,22.27],[30.74,22.85],[30.53,23.3],[30.54,23.36],[31.67,23.75],[32.04,23.69],[33.39,23.81],[33.68,23.69],[33.68,23.62],[33.82,23.49],[33.81,23.17],[33.88,23.17],[33.84,22.14],[33.84,22.08]]]},"properties":{"id":"territory:Kingdom of Kush:-630","name":"Kingdom of Kush","actor":"기타중립","valid_from":-630,"valid_to":338,"wikidata":"Q241790","area":336379,"src":"cliopatria","confidence":"medium"}},{"type":"Feature","geometry":{"type":"Polygon","coordinates":[[[39.79,24.91],[40.28,24.33],[39.93,23.36],[39.91,22.98],[39.83,22.98],[39.88,22.4],[40.09,22.27],[40.16,22.08],[40.88,21.69],[41.09,21.44],[41.38,21.37],[41.52,21.18],[41.82,21.11],[42.16,20.66],[42.31,20.73],[42.38,20.6],[42.53,20.6],[42.81,20.28],[42.96,20.28],[43.31,19.96],[43.51,19.57],[43.5,19.38],[43.64,19.25],[43.63,19.06],[43.9,18.74],[43.89,18.41],[44.09,18.16],[44.08,17.96],[44.42,17.45],[44.34,17.32],[44.47,17.13],[44.62,17.13],[44.54,16.94],[45.02,16.36],[45.01,16.23],[45.23,16.1],[45.21,15.91],[45.37,15.97],[45.58,15.84],[46.02,15.84],[46.18,15.97],[46.4,15.97],[46.47,15.97],[46.38,15.71],[46.15,15.52],[46.58,15.33],[46.58,15.26],[46.34,15.01],[45.6,14.88],[45.82,14.81],[45.95,14.49],[46.16,14.43],[46.2,13.72],[46.05,13.59],[46.11,13.4],[46.03,13.34],[45.74,13.34],[45.05,12.76],[44.61,12.76],[44.39,12.63],[43.44,12.69],[43.45,12.89],[43.24,13.08],[43.26,13.72],[43.06,13.98],[42.95,14.88],[42.89,15.07],[42.75,15.14],[42.71,15.84],[42.78,15.84],[42.82,16.61],[42.48,17.0],[42.48,17.13],[42.34,17.13],[42.28,17.45],[41.78,17.84],[41.45,18.48],[41.24,18.61],[41.25,18.86],[41.04,19.12],[40.99,19.44],[40.84,19.51],[40.85,19.7],[40.56,19.83],[40.14,20.28],[39.84,20.28],[39.49,20.6],[39.5,20.73],[39.35,20.79],[39.15,21.18],[39.17,21.63],[39.03,21.76],[39.14,22.53],[38.86,22.85],[38.87,23.04],[38.6,23.62],[38.24,23.88],[38.7,24.07],[38.86,24.33],[38.9,24.91],[38.82,24.91],[38.58,25.81],[38.22,26.13],[38.23,26.19],[38.47,26.39],[38.69,26.39],[38.77,26.39],[39.05,26.13],[39.32,25.62],[39.46,25.55],[39.51,25.1],[39.72,24.91],[39.79,24.91]]]},"properties":{"id":"territory:Himyarite Kingdom:-19","name":"Himyarite Kingdom","actor":"기타중립","valid_from":-19,"valid_to":106,"wikidata":"Q289577","area":334765,"src":"cliopatria","confidence":"medium"}},{"type":"Feature","geometry":{"type":"Polygon","coordinates":[[[48.22,39.71],[48.67,39.58],[48.81,39.45],[48.78,39.32],[48.93,39.26],[48.74,38.67],[48.82,38.67],[48.81,38.16],[48.8,38.09],[48.33,38.09],[47.25,38.67],[46.12,38.48],[45.85,38.29],[45.63,37.9],[45.22,37.77],[45.17,37.45],[45.25,37.45],[45.29,37.19],[45.45,37.19],[45.25,36.93],[44.8,37.06],[44.77,37.38],[44.64,37.51],[43.94,37.58],[43.89,37.71],[42.88,37.77],[42.51,37.9],[42.03,37.84],[41.97,37.96],[41.67,38.03],[40.57,38.03],[40.55,38.42],[40.47,38.42],[40.66,39.19],[40.51,39.26],[40.48,39.58],[39.85,39.58],[39.75,39.45],[39.21,39.51],[38.95,39.38],[38.74,39.58],[38.93,39.77],[38.79,39.9],[40.4,40.1],[40.95,40.61],[41.45,40.74],[41.53,41.26],[41.61,41.26],[41.69,41.26],[41.7,41.33],[42.25,41.26],[42.36,41.46],[42.62,41.59],[42.86,41.59],[43.34,41.13],[43.98,41.13],[44.24,41.26],[45.11,41.26],[45.3,41.0],[45.6,40.87],[45.46,40.55],[45.88,40.29],[46.2,40.29],[46.26,40.16],[46.48,40.1],[46.46,39.97],[46.77,39.97],[47.07,39.84],[47.12,39.71],[48.15,39.71],[48.22,39.71]]]},"properties":{"id":"territory:Kingdom of Armenia:68","name":"Kingdom of Armenia","actor":"기타중립","valid_from":68,"valid_to":114,"wikidata":"Q208404","area":218264,"src":"cliopatria","confidence":"medium"}},{"type":"Feature","geometry":{"type":"Polygon","coordinates":[[[48.22,39.71],[48.67,39.58],[48.81,39.45],[48.78,39.32],[48.93,39.26],[48.74,38.67],[48.82,38.67],[48.81,38.16],[48.8,38.09],[48.33,38.09],[47.25,38.67],[46.12,38.48],[45.85,38.29],[45.63,37.9],[45.22,37.77],[45.17,37.45],[45.25,37.45],[45.29,37.19],[45.45,37.19],[45.25,36.93],[44.8,37.06],[44.77,37.38],[44.64,37.51],[43.94,37.58],[43.89,37.71],[42.88,37.77],[42.51,37.9],[42.03,37.84],[41.97,37.96],[41.67,38.03],[40.57,38.03],[40.55,38.42],[40.47,38.42],[40.66,39.19],[40.51,39.26],[40.48,39.58],[39.85,39.58],[39.75,39.45],[39.21,39.51],[38.95,39.38],[38.74,39.58],[38.93,39.77],[38.79,39.9],[40.15,40.03],[40.23,40.03],[40.49,40.16],[40.51,40.29],[40.75,40.36],[40.77,40.48],[41.45,40.74],[41.53,41.26],[42.25,41.26],[42.36,41.46],[42.62,41.59],[42.86,41.59],[43.34,41.13],[43.98,41.13],[44.24,41.26],[45.11,41.26],[45.3,41.0],[45.6,40.87],[45.46,40.55],[45.88,40.29],[46.2,40.29],[46.26,40.16],[46.48,40.1],[46.46,39.97],[46.77,39.97],[47.07,39.84],[47.12,39.71],[48.15,39.71],[48.22,39.71]]]},"properties":{"id":"territory:Kingdom of Armenia:-63","name":"Kingdom of Armenia","actor":"기타중립","valid_from":-63,"valid_to":60,"wikidata":"Q208404","area":217689,"src":"cliopatria","confidence":"medium"}},{"type":"Feature","geometry":{"type":"MultiPolygon","coordinates":[[[[2.61,34.42],[2.53,34.42],[2.53,34.49],[2.61,34.49],[2.61,34.42]]],[[[4.45,34.61],[3.84,34.42],[3.46,34.49],[3.15,34.36],[2.92,34.36],[2.45,34.61],[1.29,34.61],[0.68,34.42],[0.45,34.49],[0.3,34.36],[-1.24,34.36],[-1.31,34.16],[-1.54,34.23],[-1.61,34.1],[-1.69,34.23],[-2.92,34.1],[-3.38,34.16],[-3.99,34.04],[-4.21,33.84],[-4.37,33.91],[-5.04,33.59],[-5.27,33.65],[-5.8,33.46],[-6.03,33.52],[-6.63,33.33],[-6.7,33.2],[-6.94,33.26],[-7.53,32.94],[-8.06,32.94],[-8.15,33.14],[-8.47,33.26],[-8.4,33.39],[-7.13,33.84],[-7.06,33.97],[-6.9,33.91],[-6.61,34.16],[-6.7,34.29],[-6.47,34.36],[-6.48,34.49],[-6.33,34.55],[-6.28,34.87],[-6.2,34.87],[-6.29,35.07],[-6.13,35.0],[-6.15,35.19],[-6.0,35.32],[-5.88,35.77],[-5.34,35.84],[-5.24,35.52],[-4.75,35.19],[-3.13,35.19],[-2.98,35.26],[-2.99,35.45],[-2.84,35.45],[-2.82,35.13],[-2.66,35.07],[-1.89,35.07],[-1.59,35.26],[-1.36,35.26],[-1.14,35.45],[-1.22,35.64],[-1.07,35.58],[-0.92,35.71],[-0.53,35.71],[-0.46,35.84],[0.08,35.84],[0.38,36.22],[0.68,36.29],[0.68,36.42],[0.91,36.35],[1.22,36.55],[1.53,36.48],[2.38,36.67],[2.69,36.61],[2.84,36.74],[3.23,36.74],[3.46,36.87],[3.85,36.8],[4.24,36.93],[4.86,36.87],[5.1,36.67],[5.33,36.74],[5.41,36.74],[5.42,36.35],[5.34,36.35],[5.44,35.39],[5.29,35.13],[5.3,34.61],[5.22,34.61],[4.45,34.61]]]]},"properties":{"id":"territory:Mauretania:-27","name":"Mauretania","actor":"누미디아","valid_from":-27,"valid_to":30,"wikidata":"Q309272","area":215291,"src":"cliopatria","confidence":"medium"}},{"type":"Feature","geometry":{"type":"MultiPolygon","coordinates":[[[[2.61,34.42],[2.53,34.42],[2.53,34.49],[2.61,34.49],[2.61,34.42]]],[[[4.45,34.61],[3.84,34.42],[3.46,34.49],[3.15,34.36],[2.92,34.36],[2.45,34.61],[1.29,34.61],[0.68,34.42],[0.45,34.49],[0.3,34.36],[-1.24,34.36],[-1.31,34.16],[-1.54,34.23],[-1.61,34.1],[-1.69,34.23],[-2.92,34.1],[-3.38,34.16],[-3.99,34.04],[-4.21,33.84],[-4.37,33.91],[-5.04,33.59],[-5.27,33.65],[-5.8,33.46],[-6.03,33.52],[-6.63,33.33],[-6.7,33.2],[-6.94,33.26],[-7.53,32.94],[-8.06,32.94],[-8.15,33.14],[-8.47,33.26],[-8.4,33.39],[-7.13,33.84],[-7.06,33.97],[-6.9,33.91],[-6.61,34.16],[-6.7,34.29],[-6.47,34.36],[-6.48,34.49],[-6.33,34.55],[-6.28,34.87],[-6.2,34.87],[-6.29,35.07],[-6.13,35.0],[-6.15,35.19],[-6.0,35.32],[-5.88,35.77],[-5.34,35.84],[-5.24,35.52],[-4.75,35.19],[-3.13,35.19],[-2.98,35.26],[-2.99,35.45],[-2.84,35.45],[-2.82,35.13],[-2.66,35.07],[-1.89,35.07],[-1.59,35.26],[-1.36,35.26],[-1.14,35.45],[-1.22,35.64],[-1.07,35.58],[-0.92,35.71],[-0.53,35.71],[-0.46,35.84],[0.08,35.84],[0.38,36.22],[0.68,36.29],[0.68,36.42],[0.91,36.35],[1.22,36.55],[1.53,36.48],[2.38,36.67],[2.69,36.61],[2.84,36.74],[3.23,36.74],[3.46,36.87],[3.85,36.8],[4.24,36.93],[4.86,36.87],[5.1,36.67],[5.33,36.74],[5.41,36.74],[5.42,36.35],[5.34,36.35],[5.44,35.39],[5.29,35.13],[5.3,34.61],[5.22,34.61],[4.45,34.61]]]]},"properties":{"id":"territory:Mauretania:30","name":"Mauretania","actor":"누미디아","valid_from":30,"valid_to":43,"wikidata":"Q309272","area":215291,"src":"cliopatria","confidence":"medium"}},{"type":"Feature","geometry":{"type":"Polygon","coordinates":[[[65.12,29.54],[64.53,29.6],[64.12,29.41],[62.3,29.41],[61.0,29.79],[60.96,29.99],[61.39,30.31],[61.87,30.95],[61.94,31.34],[62.42,31.46],[62.82,31.98],[63.16,32.17],[63.19,32.3],[63.43,32.36],[63.55,32.24],[64.38,32.17],[65.02,31.91],[65.69,31.85],[66.1,31.59],[66.48,31.59],[66.45,31.01],[66.53,31.01],[66.34,30.44],[66.42,30.44],[66.32,29.86],[66.08,29.79],[65.12,29.54]]]},"properties":{"id":"territory:Indo-Scythians:91","name":"Indo-Scythians","actor":"기타중립","valid_from":91,"valid_to":270,"wikidata":"Q240123","area":121798,"src":"cliopatria","confidence":"medium"}},{"type":"Feature","geometry":{"type":"MultiPolygon","coordinates":[[[[19.24,53.73],[19.15,53.66],[19.23,53.53],[18.86,53.19],[18.17,53.06],[18.08,53.12],[18.11,53.6],[18.03,53.6],[18.12,53.66],[18.14,54.07],[17.65,54.41],[16.86,54.34],[16.68,54.14],[16.15,53.94],[15.54,53.94],[15.38,54.21],[15.99,54.27],[16.44,54.61],[17.15,54.82],[18.46,54.89],[18.45,54.68],[18.69,54.41],[19.46,54.34],[19.36,54.07],[19.27,54.07],[19.25,53.8],[19.24,53.73]]],[[[18.23,57.83],[18.6,57.97],[19.05,57.97],[19.03,57.83],[18.84,57.7],[18.91,57.42],[18.45,57.21],[18.34,56.94],[18.08,56.94],[18.03,57.49],[18.03,57.56],[18.23,57.83]]],[[[14.37,59.57],[14.25,58.88],[14.52,58.81],[14.6,58.67],[15.42,58.88],[15.53,59.16],[15.89,59.16],[16.32,58.88],[16.4,58.67],[16.85,58.67],[16.84,58.46],[16.66,58.46],[16.83,58.32],[16.81,58.04],[16.63,57.9],[16.71,57.83],[16.7,57.7],[16.61,57.7],[16.69,57.42],[16.5,57.28],[16.48,56.87],[16.76,57.08],[16.95,57.42],[17.13,57.42],[17.12,57.28],[16.74,56.8],[16.72,56.52],[16.44,56.25],[16.27,56.25],[16.28,56.52],[16.1,56.39],[15.84,56.46],[15.67,56.66],[15.04,56.46],[14.87,56.52],[14.86,56.39],[14.69,56.39],[14.6,56.52],[13.99,56.59],[13.81,56.46],[13.28,56.39],[13.28,56.66],[13.2,56.66],[13.12,57.01],[13.38,57.01],[13.47,57.14],[12.94,57.14],[12.95,57.28],[12.77,57.28],[12.68,57.49],[12.24,57.35],[12.15,57.77],[11.88,57.63],[11.71,57.7],[11.71,58.04],[11.89,57.97],[12.07,58.11],[12.17,58.53],[11.72,58.6],[11.45,58.81],[11.46,58.95],[11.64,59.02],[11.64,59.22],[11.73,59.22],[11.65,59.64],[11.74,59.64],[11.93,60.0],[12.38,60.14],[12.49,60.56],[12.85,60.56],[13.12,60.42],[13.95,60.49],[13.94,60.35],[14.39,60.14],[14.3,60.07],[14.37,59.64],[14.28,59.64],[14.28,59.57],[14.37,59.57]]]]},"properties":{"id":"territory:Goths:43","name":"Goths","actor":"게르만","valid_from":43,"valid_to":154,"wikidata":"Q42193","area":117739,"src":"cliopatria","confidence":"medium"}},{"type":"Feature","geometry":{"type":"MultiPolygon","coordinates":[[[[18.03,57.56],[18.23,57.83],[18.6,57.97],[19.05,57.97],[19.03,57.83],[18.84,57.7],[18.91,57.42],[18.45,57.21],[18.34,56.94],[18.08,56.94],[18.03,57.49],[18.03,57.56]]],[[[14.28,59.57],[14.37,59.57],[14.25,58.88],[14.52,58.81],[14.6,58.67],[15.42,58.88],[15.53,59.16],[15.89,59.16],[16.32,58.88],[16.4,58.67],[16.85,58.67],[16.84,58.46],[16.66,58.46],[16.83,58.32],[16.81,58.04],[16.63,57.9],[16.71,57.83],[16.7,57.7],[16.61,57.7],[16.69,57.42],[16.5,57.28],[16.48,56.87],[16.76,57.08],[16.95,57.42],[17.13,57.42],[17.12,57.28],[16.74,56.8],[16.72,56.52],[16.44,56.25],[16.27,56.25],[16.28,56.52],[16.1,56.39],[15.84,56.46],[15.67,56.66],[15.04,56.46],[14.87,56.52],[14.86,56.39],[14.69,56.39],[14.6,56.52],[13.99,56.59],[13.81,56.46],[13.28,56.39],[13.28,56.66],[13.2,56.66],[13.12,57.01],[13.38,57.01],[13.47,57.14],[12.94,57.14],[12.95,57.28],[12.77,57.28],[12.68,57.49],[12.24,57.35],[12.15,57.77],[11.88,57.63],[11.71,57.7],[11.71,58.04],[11.89,57.97],[12.07,58.11],[12.17,58.53],[11.72,58.6],[11.45,58.81],[11.46,58.95],[11.64,59.02],[11.64,59.22],[11.73,59.22],[11.65,59.64],[11.74,59.64],[11.93,60.0],[12.38,60.14],[12.49,60.56],[12.85,60.56],[13.12,60.42],[13.95,60.49],[13.94,60.35],[14.39,60.14],[14.3,60.07],[14.37,59.64],[14.28,59.64],[14.28,59.57]]]]},"properties":{"id":"territory:Goths:30","name":"Goths","actor":"게르만","valid_from":30,"valid_to":43,"wikidata":"Q42193","area":97392,"src":"cliopatria","confidence":"medium"}},{"type":"Feature","geometry":{"type":"MultiPolygon","coordinates":[[[[37.07,26.84],[37.07,26.9],[37.15,26.9],[37.15,26.84],[37.07,26.84]]],[[[38.06,26.97],[38.06,27.03],[38.14,27.03],[38.13,26.97],[38.06,26.97]]],[[[37.84,27.09],[37.84,27.16],[37.92,27.16],[37.91,27.09],[37.84,27.09]]],[[[36.4,28.06],[36.55,28.06],[36.69,27.87],[37.13,27.67],[37.26,27.42],[37.48,27.35],[37.47,27.22],[37.77,27.16],[38.05,26.9],[38.21,26.97],[38.27,26.77],[38.49,26.77],[38.41,26.64],[38.7,26.45],[38.69,26.39],[38.47,26.39],[38.23,26.19],[38.15,26.19],[38.16,26.32],[37.95,26.52],[37.65,26.58],[37.15,26.97],[37.0,26.9],[37.02,27.16],[36.51,27.42],[36.37,27.61],[35.71,27.8],[35.4,27.74],[35.41,27.87],[35.05,28.12],[34.59,28.06],[34.61,28.25],[34.85,28.57],[34.91,29.41],[34.75,29.28],[34.71,28.7],[34.55,28.51],[34.52,28.06],[34.36,27.93],[34.35,27.74],[33.9,27.87],[33.55,28.32],[33.4,28.32],[33.19,28.51],[33.21,28.89],[32.86,29.22],[32.6,29.86],[32.6,29.92],[33.15,30.18],[34.3,30.37],[34.39,30.5],[35.59,30.37],[35.84,30.63],[36.15,30.63],[36.14,30.56],[35.87,29.99],[35.93,28.83],[35.92,28.77],[36.4,28.06]]]]},"properties":{"id":"territory:Nabataeans:6","name":"Nabataeans","actor":"기타중립","valid_from":6,"valid_to":91,"wikidata":"Q220594","area":90836,"src":"cliopatria","confidence":"medium"}},{"type":"Feature","geometry":{"type":"MultiPolygon","coordinates":[[[[37.07,26.84],[37.07,26.9],[37.15,26.9],[37.15,26.84],[37.07,26.84]]],[[[38.06,26.97],[38.06,27.03],[38.14,27.03],[38.13,26.97],[38.06,26.97]]],[[[37.84,27.09],[37.84,27.16],[37.92,27.16],[37.91,27.09],[37.84,27.09]]],[[[36.4,28.06],[36.55,28.06],[36.69,27.87],[37.13,27.67],[37.26,27.42],[37.48,27.35],[37.47,27.22],[37.77,27.16],[38.05,26.9],[38.21,26.97],[38.27,26.77],[38.49,26.77],[38.41,26.64],[38.7,26.45],[38.69,26.39],[38.47,26.39],[38.23,26.19],[38.15,26.19],[38.16,26.32],[37.95,26.52],[37.65,26.58],[37.15,26.97],[37.0,26.9],[37.02,27.16],[36.51,27.42],[36.37,27.61],[35.71,27.8],[35.4,27.74],[35.41,27.87],[35.05,28.12],[34.59,28.06],[34.61,28.25],[34.85,28.57],[34.91,29.41],[34.75,29.28],[34.71,28.7],[34.55,28.51],[34.52,28.06],[34.36,27.93],[34.35,27.74],[33.9,27.87],[33.55,28.32],[33.4,28.32],[33.19,28.51],[33.21,28.89],[32.86,29.22],[32.6,29.86],[32.6,29.92],[33.15,30.18],[34.3,30.37],[34.39,30.5],[35.59,30.37],[35.84,30.63],[36.15,30.63],[36.14,30.56],[35.87,29.99],[35.93,28.83],[35.92,28.77],[36.4,28.06]]]]},"properties":{"id":"territory:Nabataeans:91","name":"Nabataeans","actor":"기타중립","valid_from":91,"valid_to":106,"wikidata":"Q220594","area":90836,"src":"cliopatria","confidence":"medium"}},{"type":"Feature","geometry":{"type":"Polygon","coordinates":[[[29.19,44.84],[29.02,44.78],[29.05,44.97],[28.88,44.97],[28.8,44.97],[28.46,44.84],[28.3,44.06],[28.02,43.67],[27.99,43.41],[27.66,43.28],[27.45,42.82],[27.19,42.63],[27.17,42.43],[27.33,42.37],[27.32,42.24],[27.46,42.11],[26.57,41.98],[26.23,41.72],[25.68,41.78],[23.74,41.46],[23.45,41.78],[23.21,41.85],[23.33,42.3],[23.57,42.43],[23.52,42.76],[23.69,42.89],[23.7,43.08],[23.95,43.15],[23.97,43.47],[24.14,43.54],[24.16,43.73],[24.24,43.73],[24.81,43.8],[25.52,43.67],[26.37,44.12],[27.75,44.19],[27.93,44.39],[27.85,44.39],[27.87,44.58],[27.71,44.58],[27.73,44.78],[27.89,44.78],[27.92,45.1],[27.77,45.17],[27.79,45.37],[28.04,45.43],[28.05,45.56],[28.29,45.5],[28.27,45.37],[28.43,45.3],[28.76,45.3],[29.18,45.5],[29.67,45.43],[29.62,45.04],[29.27,44.84],[29.19,44.84]]]},"properties":{"id":"territory:Thracian Kingdom:-27","name":"Thracian Kingdom","actor":"기타중립","valid_from":-27,"valid_to":43,"wikidata":"Q104815700","area":90345,"src":"cliopatria","confidence":"medium"}},{"type":"Feature","geometry":{"type":"Polygon","coordinates":[[[29.19,44.84],[29.02,44.78],[29.05,44.97],[28.88,44.97],[28.8,44.97],[28.46,44.84],[28.3,44.06],[28.02,43.67],[27.99,43.41],[27.66,43.28],[27.45,42.82],[27.19,42.63],[27.17,42.43],[27.33,42.37],[27.32,42.24],[27.46,42.11],[26.57,41.98],[26.23,41.72],[25.68,41.78],[23.74,41.46],[23.45,41.78],[23.21,41.85],[23.33,42.3],[23.57,42.43],[23.52,42.76],[23.69,42.89],[23.7,43.08],[23.95,43.15],[23.97,43.47],[24.14,43.54],[24.16,43.73],[24.24,43.73],[24.81,43.8],[25.52,43.67],[26.37,44.12],[27.75,44.19],[27.93,44.39],[27.85,44.39],[27.87,44.58],[27.71,44.58],[27.73,44.78],[27.89,44.78],[27.92,45.1],[27.77,45.17],[27.79,45.37],[28.04,45.43],[28.05,45.56],[28.29,45.5],[28.27,45.37],[28.43,45.3],[28.76,45.3],[29.18,45.5],[29.67,45.43],[29.62,45.04],[29.27,44.84],[29.19,44.84]]]},"properties":{"id":"territory:Thracian Kingdom:43","name":"Thracian Kingdom","actor":"기타중립","valid_from":43,"valid_to":51,"wikidata":"Q104815700","area":90345,"src":"cliopatria","confidence":"medium"}},{"type":"Feature","geometry":{"type":"MultiPolygon","coordinates":[[[[37.07,26.84],[37.07,26.9],[37.15,26.9],[37.15,26.84],[37.07,26.84]]],[[[38.06,26.97],[38.06,27.03],[38.14,27.03],[38.13,26.97],[38.06,26.97]]],[[[37.84,27.09],[37.84,27.16],[37.92,27.16],[37.91,27.09],[37.84,27.09]]],[[[36.4,28.06],[36.55,28.06],[36.69,27.87],[37.13,27.67],[37.26,27.42],[37.48,27.35],[37.47,27.22],[37.77,27.16],[38.05,26.9],[38.21,26.97],[38.27,26.77],[38.49,26.77],[38.41,26.64],[38.7,26.45],[38.69,26.39],[38.47,26.39],[38.23,26.19],[38.15,26.19],[38.16,26.32],[37.95,26.52],[37.65,26.58],[37.15,26.97],[37.0,26.9],[37.02,27.16],[36.51,27.42],[36.37,27.61],[35.71,27.8],[35.4,27.74],[35.41,27.87],[35.05,28.12],[34.59,28.06],[34.61,28.25],[34.85,28.57],[34.91,29.41],[34.75,29.28],[34.71,28.7],[34.55,28.51],[34.52,28.06],[34.36,27.93],[34.35,27.74],[33.9,27.87],[33.55,28.32],[33.4,28.32],[33.19,28.51],[33.21,28.89],[32.86,29.22],[32.6,29.86],[32.6,29.92],[32.92,30.12],[33.84,30.24],[34.54,30.5],[34.99,30.37],[35.59,30.37],[35.76,30.56],[35.84,30.56],[36.15,30.63],[35.87,29.99],[35.93,28.83],[35.92,28.77],[36.4,28.06]]]]},"properties":{"id":"territory:Nabataeans:-19","name":"Nabataeans","actor":"기타중립","valid_from":-19,"valid_to":6,"wikidata":"Q220594","area":90058,"src":"cliopatria","confidence":"medium"}},{"type":"Feature","geometry":{"type":"Polygon","coordinates":[[[38.74,39.0],[38.74,38.93],[38.73,38.87],[38.36,38.48],[38.31,38.09],[37.45,38.09],[37.13,38.03],[37.11,37.9],[36.35,38.03],[36.0,37.71],[35.67,37.58],[35.05,37.64],[34.88,37.45],[34.56,37.45],[34.3,37.19],[33.43,37.06],[33.1,36.8],[32.86,36.8],[32.73,37.06],[32.76,37.32],[33.1,37.58],[33.13,37.9],[33.3,38.09],[33.27,38.48],[33.68,38.67],[34.48,38.8],[34.77,39.26],[34.73,39.58],[34.83,39.77],[35.29,39.71],[35.36,39.58],[36.93,39.58],[37.86,39.45],[38.75,39.06],[38.74,39.0]]]},"properties":{"id":"territory:Kingdom of Cappadocia:-25","name":"Kingdom of Cappadocia","actor":"그리스계","valid_from":-25,"valid_to":14,"wikidata":"Q29654286","area":86768,"src":"cliopatria","confidence":"medium"}},{"type":"Feature","geometry":{"type":"Polygon","coordinates":[[[38.74,39.0],[38.74,38.93],[38.73,38.87],[38.36,38.48],[38.31,38.09],[37.45,38.09],[37.13,38.03],[37.11,37.9],[36.35,38.03],[36.0,37.71],[35.67,37.58],[35.05,37.64],[34.88,37.45],[34.56,37.45],[34.3,37.19],[33.43,37.06],[33.1,36.8],[32.86,36.8],[32.73,37.06],[32.76,37.32],[33.1,37.58],[33.13,37.9],[33.3,38.09],[33.27,38.48],[33.68,38.67],[34.48,38.8],[34.77,39.26],[34.73,39.58],[34.83,39.77],[35.29,39.71],[35.36,39.58],[36.93,39.58],[37.86,39.45],[38.75,39.06],[38.74,39.0]]]},"properties":{"id":"territory:Kingdom of Cappadocia:14","name":"Kingdom of Cappadocia","actor":"그리스계","valid_from":14,"valid_to":23,"wikidata":"Q29654286","area":86768,"src":"cliopatria","confidence":"medium"}},{"type":"Feature","geometry":{"type":"Polygon","coordinates":[[[38.74,39.58],[38.93,39.77],[38.79,39.9],[40.23,40.03],[40.49,40.16],[40.51,40.29],[40.75,40.36],[40.77,40.48],[40.57,40.68],[41.26,41.07],[41.23,41.33],[41.24,41.39],[41.05,41.2],[40.54,41.0],[40.39,41.07],[40.37,40.94],[39.74,40.94],[39.05,41.13],[38.78,40.94],[38.3,40.87],[38.16,41.0],[37.83,40.94],[37.77,41.07],[37.44,41.0],[37.21,41.07],[37.23,41.2],[36.99,41.2],[36.92,41.2],[36.9,41.07],[36.47,40.87],[36.41,41.0],[36.09,40.94],[35.18,41.33],[34.85,41.2],[34.58,40.94],[34.56,40.81],[34.79,40.74],[34.5,40.36],[34.54,39.97],[34.83,39.77],[35.29,39.71],[35.36,39.58],[37.48,39.51],[38.17,39.38],[38.23,39.26],[38.75,39.06],[38.93,39.19],[38.95,39.38],[38.74,39.58]]]},"properties":{"id":"territory:Kingdom of Pontus:60","name":"Kingdom of Pontus","actor":"그리스계","valid_from":60,"valid_to":68,"wikidata":"Q7380487","area":80695,"src":"cliopatria","confidence":"medium"}},{"type":"Feature","geometry":{"type":"Polygon","coordinates":[[[40.23,40.03],[40.49,40.16],[40.51,40.29],[40.75,40.36],[40.77,40.48],[40.57,40.68],[41.26,41.07],[41.23,41.33],[41.24,41.39],[41.05,41.2],[40.54,41.0],[40.39,41.07],[40.37,40.94],[39.74,40.94],[39.05,41.13],[38.78,40.94],[38.3,40.87],[38.16,41.0],[37.83,40.94],[37.77,41.07],[37.44,41.0],[37.21,41.07],[37.23,41.2],[36.99,41.2],[36.92,41.2],[36.9,41.07],[36.47,40.87],[36.41,41.0],[36.09,40.94],[35.18,41.33],[34.85,41.2],[34.58,40.94],[34.56,40.81],[34.79,40.74],[34.5,40.36],[34.54,39.97],[34.83,39.77],[35.29,39.71],[35.36,39.58],[37.48,39.51],[38.17,39.38],[38.23,39.26],[38.75,39.06],[38.93,39.19],[38.95,39.38],[38.74,39.58],[38.93,39.77],[38.79,39.9],[40.15,40.03],[40.23,40.03]]]},"properties":{"id":"territory:Kingdom of Pontus:23","name":"Kingdom of Pontus","actor":"그리스계","valid_from":23,"valid_to":60,"wikidata":"Q7380487","area":80647,"src":"cliopatria","confidence":"medium"}},{"type":"Feature","geometry":{"type":"Polygon","coordinates":[[[40.23,40.03],[40.49,40.16],[40.51,40.29],[40.75,40.36],[40.77,40.48],[40.57,40.68],[41.26,41.07],[41.23,41.33],[41.24,41.39],[41.05,41.2],[40.54,41.0],[40.39,41.07],[40.37,40.94],[39.74,40.94],[39.05,41.13],[38.78,40.94],[38.3,40.87],[38.16,41.0],[37.83,40.94],[37.77,41.07],[37.44,41.0],[37.21,41.07],[37.23,41.2],[36.99,41.2],[36.92,41.2],[36.9,41.07],[36.47,40.87],[36.41,41.0],[36.09,40.94],[35.18,41.33],[34.85,41.2],[34.58,40.94],[34.56,40.81],[34.79,40.74],[34.62,40.61],[34.49,40.23],[34.57,40.23],[34.54,39.97],[34.83,39.77],[35.29,39.71],[35.36,39.58],[36.93,39.58],[37.86,39.45],[38.75,39.06],[38.93,39.19],[38.95,39.38],[38.74,39.58],[38.93,39.77],[38.79,39.9],[40.15,40.03],[40.23,40.03]]]},"properties":{"id":"territory:Kingdom of Pontus:-25","name":"Kingdom of Pontus","actor":"그리스계","valid_from":-25,"valid_to":23,"wikidata":"Q7380487","area":80259,"src":"cliopatria","confidence":"medium"}},{"type":"Feature","geometry":{"type":"MultiPolygon","coordinates":[[[[76.13,32.75],[76.08,32.56],[76.54,32.24],[76.48,31.98],[76.16,31.59],[75.33,30.95],[74.44,30.69],[73.91,30.69],[73.84,30.69],[73.16,30.76],[72.75,30.95],[72.41,31.53],[72.57,31.91],[73.59,33.01],[73.66,33.01],[73.98,33.07],[74.18,32.94],[74.35,33.01],[75.47,32.88],[75.88,32.69],[76.05,32.75],[76.13,32.75]]],[[[74.2,33.01],[74.21,33.07],[74.29,33.07],[74.27,33.01],[74.2,33.01]]],[[[31.52,37.38],[31.52,37.45],[31.6,37.45],[31.59,37.38],[31.52,37.38]]]]},"properties":{"id":"territory:Indo-Greeks:-31","name":"Indo-Greeks","actor":"기타중립","valid_from":-31,"valid_to":1,"wikidata":"Q215643","area":73546,"src":"cliopatria","confidence":"medium"}},{"type":"Feature","geometry":{"type":"Polygon","coordinates":[[[41.21,37.0],[41.54,36.55],[41.28,36.35],[40.81,36.29],[39.75,35.9],[39.5,35.71],[38.43,35.84],[38.07,36.1],[38.21,36.61],[38.13,36.61],[38.18,37.0],[37.96,37.13],[37.99,37.38],[38.33,37.64],[38.44,37.9],[38.52,37.9],[38.51,37.84],[38.59,37.84],[38.58,37.77],[38.66,37.77],[38.74,37.77],[38.73,37.71],[39.12,37.71],[39.46,37.9],[39.5,37.58],[40.18,37.45],[41.18,37.32],[41.21,37.0]]]},"properties":{"id":"territory:Kingdom of Osroene:-36","name":"Kingdom of Osroene","actor":"기타중립","valid_from":-36,"valid_to":23,"wikidata":"Q237234","area":50220,"src":"cliopatria","confidence":"medium"}},{"type":"Feature","geometry":{"type":"Polygon","coordinates":[[[41.28,36.35],[40.81,36.29],[39.75,35.9],[39.5,35.71],[38.43,35.84],[38.13,35.97],[38.18,37.0],[37.96,37.13],[37.99,37.38],[38.43,37.77],[38.51,37.77],[38.58,37.77],[38.66,37.77],[38.74,37.77],[38.73,37.71],[39.12,37.71],[39.46,37.9],[39.5,37.58],[40.18,37.45],[41.18,37.32],[41.21,37.0],[41.54,36.55],[41.28,36.35]]]},"properties":{"id":"territory:Kingdom of Osroene:43","name":"Kingdom of Osroene","actor":"기타중립","valid_from":43,"valid_to":78,"wikidata":"Q237234","area":50117,"src":"cliopatria","confidence":"medium"}},{"type":"Feature","geometry":{"type":"Polygon","coordinates":[[[47.51,41.33],[47.35,41.33],[46.82,41.85],[46.43,41.91],[46.23,42.11],[45.68,42.17],[45.7,42.24],[45.54,42.24],[45.31,41.91],[45.07,41.91],[44.77,41.59],[44.35,41.46],[44.24,41.26],[45.11,41.26],[45.3,41.0],[45.6,40.87],[45.46,40.55],[45.88,40.29],[46.2,40.29],[46.26,40.16],[46.48,40.1],[46.46,39.97],[46.77,39.97],[47.07,39.84],[47.12,39.71],[48.15,39.71],[48.16,39.77],[48.19,40.36],[48.11,40.36],[48.2,40.81],[48.38,40.94],[48.34,41.13],[47.96,41.2],[47.99,41.33],[47.5,41.26],[47.51,41.33]]]},"properties":{"id":"territory:Caucasian Albania:-63","name":"Caucasian Albania","actor":"기타중립","valid_from":-63,"valid_to":60,"wikidata":"Q177076","area":50113,"src":"cliopatria","confidence":"medium"}},{"type":"Feature","geometry":{"type":"Polygon","coordinates":[[[47.5,41.26],[47.99,41.33],[47.96,41.2],[48.34,41.13],[48.38,40.94],[48.2,40.81],[48.11,40.36],[48.19,40.36],[48.16,39.77],[48.15,39.71],[47.12,39.71],[47.07,39.84],[46.77,39.97],[46.46,39.97],[46.48,40.1],[46.26,40.16],[46.2,40.29],[45.88,40.29],[45.46,40.55],[45.6,40.87],[45.3,41.0],[45.11,41.26],[44.24,41.26],[44.35,41.46],[44.77,41.59],[45.07,41.91],[45.31,41.91],[45.54,42.24],[45.7,42.24],[45.68,42.17],[46.23,42.11],[46.43,41.91],[46.82,41.85],[47.35,41.33],[47.51,41.33],[47.5,41.26]]]},"properties":{"id":"territory:Caucasian Albania:68","name":"Caucasian Albania","actor":"기타중립","valid_from":68,"valid_to":260,"wikidata":"Q177076","area":50113,"src":"cliopatria","confidence":"medium"}},{"type":"Feature","geometry":{"type":"Polygon","coordinates":[[[41.28,36.35],[40.81,36.29],[39.75,35.9],[39.5,35.71],[38.43,35.84],[38.13,35.97],[38.18,37.0],[37.96,37.13],[37.99,37.38],[38.33,37.64],[38.35,37.77],[39.12,37.71],[39.46,37.9],[39.5,37.58],[40.18,37.45],[41.18,37.32],[41.21,37.0],[41.54,36.55],[41.28,36.35]]]},"properties":{"id":"territory:Kingdom of Osroene:23","name":"Kingdom of Osroene","actor":"기타중립","valid_from":23,"valid_to":43,"wikidata":"Q237234","area":50068,"src":"cliopatria","confidence":"medium"}},{"type":"Feature","geometry":{"type":"Polygon","coordinates":[[[41.28,36.35],[40.81,36.29],[39.75,35.9],[39.5,35.71],[38.43,35.84],[38.13,35.97],[38.18,37.0],[37.96,37.13],[37.99,37.38],[38.33,37.64],[38.35,37.77],[39.12,37.71],[39.46,37.9],[39.5,37.58],[40.18,37.45],[41.18,37.32],[41.21,37.0],[41.54,36.55],[41.28,36.35]]]},"properties":{"id":"territory:Kingdom of Osroene:78","name":"Kingdom of Osroene","actor":"기타중립","valid_from":78,"valid_to":114,"wikidata":"Q237234","area":50068,"src":"cliopatria","confidence":"medium"}},{"type":"Feature","geometry":{"type":"Polygon","coordinates":[[[47.5,41.26],[47.99,41.33],[47.96,41.2],[48.34,41.13],[48.38,40.94],[48.2,40.81],[48.11,40.36],[48.19,40.36],[48.16,39.77],[48.15,39.71],[47.12,39.71],[47.07,39.84],[46.77,39.97],[46.46,39.97],[46.48,40.1],[46.26,40.16],[46.2,40.29],[45.59,40.42],[45.46,40.55],[45.6,40.87],[45.03,41.26],[44.95,41.26],[44.24,41.26],[44.35,41.46],[44.77,41.59],[45.07,41.91],[45.31,41.91],[45.54,42.24],[45.7,42.24],[45.68,42.17],[46.23,42.11],[46.43,41.91],[46.82,41.85],[47.35,41.33],[47.51,41.33],[47.5,41.26]]]},"properties":{"id":"territory:Caucasian Albania:60","name":"Caucasian Albania","actor":"기타중립","valid_from":60,"valid_to":68,"wikidata":"Q177076","area":49921,"src":"cliopatria","confidence":"medium"}},{"type":"Feature","geometry":{"type":"MultiPolygon","coordinates":[[[[34.02,45.69],[34.62,45.89],[34.6,45.76],[34.74,45.63],[34.99,45.63],[35.02,45.3],[36.42,45.43],[36.37,45.1],[35.88,45.04],[35.73,45.17],[35.41,45.17],[35.3,44.97],[34.38,44.78],[33.93,44.45],[33.52,44.45],[33.47,44.65],[33.55,44.65],[33.61,45.1],[32.92,45.43],[33.94,45.69],[34.02,45.69]]],[[[39.09,46.28],[38.86,45.89],[38.7,45.89],[38.39,45.5],[38.12,44.84],[37.93,44.71],[37.53,44.71],[37.26,45.04],[36.78,45.1],[36.75,45.43],[36.91,45.43],[36.97,45.3],[37.7,45.3],[37.75,45.56],[37.59,45.63],[37.76,45.63],[37.89,45.96],[38.33,46.15],[38.37,46.35],[37.9,46.48],[37.84,46.61],[38.49,46.61],[38.62,46.87],[38.79,46.87],[38.89,47.01],[39.22,47.01],[39.2,47.33],[38.35,47.2],[38.49,47.53],[39.24,47.6],[39.72,47.47],[39.74,47.14],[39.55,47.01],[39.6,46.81],[39.43,46.81],[39.29,46.48],[39.1,46.35],[39.09,46.28]]]]},"properties":{"id":"territory:Cimmerian Bosporus:78","name":"Cimmerian Bosporus","actor":"기타중립","valid_from":78,"valid_to":371,"wikidata":"Q321371","area":40039,"src":"cliopatria","confidence":"medium"}},{"type":"Feature","geometry":{"type":"Polygon","coordinates":[[[44.82,42.69],[44.69,42.82],[43.78,42.69],[43.74,42.89],[43.2,43.02],[42.92,43.21],[42.68,43.21],[42.6,43.21],[42.49,43.08],[42.57,43.08],[42.61,42.82],[42.75,42.76],[42.72,42.56],[42.93,42.43],[42.62,41.59],[42.86,41.59],[43.34,41.13],[43.98,41.13],[44.24,41.26],[44.35,41.46],[44.77,41.59],[45.07,41.91],[45.31,41.91],[45.54,42.24],[45.7,42.24],[45.71,42.3],[45.68,42.56],[45.44,42.56],[45.16,42.76],[44.84,42.76],[44.82,42.69]]]},"properties":{"id":"territory:Caucasian Iberia:-63","name":"Caucasian Iberia","actor":"기타중립","valid_from":-63,"valid_to":68,"wikidata":"Q19083","area":35867,"src":"cliopatria","confidence":"medium"}},{"type":"Feature","geometry":{"type":"Polygon","coordinates":[[[44.82,42.69],[44.69,42.82],[43.78,42.69],[43.74,42.89],[43.2,43.02],[42.92,43.21],[42.5,43.15],[42.49,43.08],[42.57,43.08],[42.61,42.82],[42.75,42.76],[42.72,42.56],[42.93,42.43],[42.62,41.59],[42.86,41.59],[43.34,41.13],[43.98,41.13],[44.24,41.26],[44.35,41.46],[44.77,41.59],[45.07,41.91],[45.31,41.91],[45.54,42.24],[45.7,42.24],[45.71,42.3],[45.68,42.56],[45.44,42.56],[45.16,42.76],[44.84,42.76],[44.82,42.69]]]},"properties":{"id":"territory:Caucasian Iberia:68","name":"Caucasian Iberia","actor":"기타중립","valid_from":68,"valid_to":260,"wikidata":"Q19083","area":35797,"src":"cliopatria","confidence":"medium"}},{"type":"Feature","geometry":{"type":"Polygon","coordinates":[[[35.93,31.72],[35.86,31.72],[35.96,32.88],[36.05,33.01],[35.7,33.33],[35.53,33.2],[35.4,32.56],[35.16,32.43],[34.85,32.43],[34.85,32.36],[34.76,32.24],[34.81,31.98],[34.57,31.85],[34.63,31.66],[34.3,31.34],[34.3,31.27],[34.43,31.08],[34.54,30.5],[34.99,30.37],[35.59,30.37],[35.76,30.56],[35.93,31.72]]]},"properties":{"id":"territory:Judea:-19","name":"Judea","actor":"기타중립","valid_from":-19,"valid_to":1,"wikidata":"Q104028","area":31920,"src":"cliopatria","confidence":"medium"}},{"type":"Feature","geometry":{"type":"Polygon","coordinates":[[[35.93,31.72],[35.86,31.72],[35.96,32.88],[36.05,33.01],[35.7,33.33],[35.53,33.2],[35.4,32.56],[35.16,32.43],[34.85,32.43],[34.85,32.36],[34.76,32.24],[34.81,31.98],[34.57,31.85],[34.63,31.66],[34.3,31.34],[34.3,31.27],[34.43,31.08],[34.54,30.5],[34.99,30.37],[35.59,30.37],[35.76,30.56],[35.93,31.72]]]},"properties":{"id":"territory:Judea:1","name":"Judea","actor":"기타중립","valid_from":1,"valid_to":6,"wikidata":"Q104028","area":31920,"src":"cliopatria","confidence":"medium"}}]}