{"type":"FeatureCollection","features":[{"type":"Feature","geometry":{"type":"MultiPolygon","coordinates":[[[[34.99,45.63],[35.02,45.3],[36.42,45.43],[36.37,45.1],[35.88,45.04],[35.73,45.17],[35.41,45.17],[35.3,44.97],[34.46,44.78],[34.38,44.78],[34.03,44.65],[33.56,44.71],[33.57,44.78],[33.61,45.1],[33.47,45.24],[33.22,45.24],[32.61,45.5],[33.71,45.82],[33.74,46.02],[34.15,46.09],[34.54,45.96],[34.74,45.63],[34.82,45.63],[34.99,45.63]]],[[[29.67,45.43],[29.66,45.37],[29.58,45.37],[29.58,45.43],[29.67,45.43]]],[[[53.08,45.96],[53.1,46.02],[53.18,46.02],[53.17,45.96],[53.08,45.96]]],[[[47.33,45.43],[47.29,45.24],[47.1,45.1],[47.04,44.84],[46.69,44.71],[46.63,44.45],[47.01,44.32],[47.34,43.99],[47.34,43.6],[47.46,43.41],[47.4,43.15],[47.39,43.08],[46.16,42.56],[45.4,42.37],[45.2,42.17],[44.21,41.98],[43.93,41.78],[43.44,41.72],[43.07,41.85],[41.79,41.85],[41.71,41.85],[41.82,41.98],[41.74,41.98],[41.76,42.11],[41.6,42.11],[41.7,42.24],[41.48,42.37],[41.61,42.63],[41.33,42.89],[41.17,42.89],[41.12,43.02],[40.82,43.15],[40.42,43.15],[40.22,43.41],[39.76,43.54],[39.06,44.19],[38.22,44.45],[38.01,44.71],[37.53,44.71],[37.26,45.04],[36.78,45.1],[36.75,45.43],[36.91,45.43],[36.97,45.3],[37.7,45.3],[37.75,45.56],[37.59,45.63],[37.76,45.63],[37.89,45.96],[38.33,46.15],[38.37,46.35],[37.9,46.48],[37.84,46.61],[38.49,46.61],[38.62,46.87],[38.79,46.87],[38.89,47.01],[39.13,46.94],[39.27,47.27],[39.2,47.33],[38.68,47.2],[37.52,47.14],[37.17,47.01],[37.23,46.87],[36.91,46.94],[36.8,46.81],[35.63,46.68],[35.25,46.28],[34.76,46.28],[34.74,46.15],[34.08,46.15],[34.02,46.28],[33.61,46.28],[33.59,46.15],[32.95,46.22],[32.85,46.09],[32.68,46.09],[32.06,46.35],[31.82,46.35],[31.84,46.48],[32.16,46.48],[32.19,46.68],[32.03,46.74],[31.79,46.74],[31.61,46.61],[30.88,46.68],[30.3,45.96],[30.04,45.89],[29.86,45.69],[29.61,45.69],[29.59,45.5],[29.58,45.43],[29.1,45.43],[28.67,45.24],[28.35,45.3],[28.28,45.43],[27.78,45.3],[27.7,45.3],[27.55,45.43],[27.05,45.37],[26.58,45.56],[26.52,45.76],[26.35,45.63],[26.02,45.63],[25.79,45.76],[25.71,45.76],[25.72,45.96],[25.91,46.15],[25.75,46.22],[25.71,46.68],[25.41,47.01],[25.43,47.2],[25.26,47.2],[25.21,47.47],[24.89,47.6],[24.91,47.8],[24.99,47.8],[25.01,48.06],[25.63,48.46],[25.57,48.65],[25.25,48.79],[25.27,48.99],[25.95,49.18],[26.22,49.38],[26.19,49.85],[26.03,49.91],[25.97,50.11],[25.8,50.11],[25.82,50.31],[25.66,50.38],[25.7,50.71],[25.96,50.85],[25.99,51.05],[26.49,51.05],[26.59,51.18],[27.21,51.38],[27.91,51.58],[28.41,52.12],[29.26,52.12],[29.3,51.78],[29.68,51.45],[30.27,51.45],[30.33,51.31],[30.5,51.31],[30.6,51.38],[30.52,51.45],[30.58,51.85],[30.44,51.98],[30.46,52.12],[30.96,52.05],[31.3,52.59],[31.48,52.65],[31.51,52.86],[31.9,53.12],[34.0,53.33],[34.98,53.94],[35.01,54.07],[35.92,54.68],[35.95,54.82],[36.5,54.95],[36.65,55.23],[36.73,55.23],[36.82,55.23],[36.86,55.02],[37.19,54.95],[37.31,55.09],[38.13,55.23],[38.94,55.7],[39.3,55.7],[39.33,55.84],[39.94,55.84],[40.15,55.98],[40.33,56.32],[41.98,56.52],[41.96,56.46],[42.04,56.46],[42.06,56.18],[42.21,56.11],[42.19,56.05],[42.23,55.84],[42.31,55.84],[45.29,56.11],[45.75,56.18],[45.88,56.32],[46.85,56.32],[47.54,56.52],[47.96,56.46],[48.27,56.59],[49.24,56.59],[49.22,56.52],[49.99,56.46],[49.96,56.39],[50.29,56.32],[50.57,56.11],[51.08,56.05],[51.05,55.98],[51.82,55.91],[51.79,55.84],[52.27,55.7],[52.31,55.57],[52.48,55.57],[52.52,55.43],[52.7,55.43],[52.65,55.29],[53.33,54.75],[54.0,54.68],[53.97,54.61],[55.36,54.61],[57.03,54.89],[57.26,55.02],[58.04,55.02],[58.19,55.16],[59.4,55.36],[59.67,55.57],[60.57,55.63],[60.51,55.5],[60.6,55.5],[61.18,55.63],[61.97,55.63],[62.68,55.84],[62.95,56.05],[63.18,55.98],[64.39,56.32],[66.43,56.52],[66.4,56.46],[66.84,56.46],[66.86,56.32],[67.16,56.39],[67.13,56.32],[67.8,56.25],[67.76,56.18],[68.78,56.11],[68.75,56.05],[70.12,55.98],[70.09,55.91],[70.56,55.98],[70.49,55.84],[74.8,55.7],[74.77,55.63],[75.5,55.7],[75.47,55.63],[76.78,55.63],[76.74,55.57],[77.18,55.57],[77.14,55.5],[78.59,55.43],[78.55,55.36],[79.87,55.23],[79.83,55.16],[80.31,55.09],[80.27,55.02],[80.53,55.02],[80.49,54.95],[80.75,54.95],[80.71,54.89],[80.94,54.82],[81.02,54.82],[80.98,54.75],[81.29,54.68],[81.3,54.55],[81.6,54.48],[81.61,54.34],[81.78,54.34],[81.79,54.21],[82.28,54.0],[82.43,53.66],[82.6,53.66],[82.65,53.46],[82.82,53.46],[82.79,53.39],[82.97,53.26],[82.89,53.12],[83.07,52.99],[82.99,52.86],[83.12,52.79],[83.05,52.65],[83.18,52.59],[83.1,52.45],[83.24,52.38],[83.16,52.25],[83.26,52.12],[83.09,51.51],[83.19,51.38],[83.08,51.18],[83.17,51.18],[83.11,50.91],[83.29,50.78],[83.22,50.65],[83.42,50.38],[83.94,50.25],[83.9,50.18],[84.76,50.05],[84.72,49.98],[85.02,49.91],[85.14,49.65],[85.3,49.65],[85.25,49.38],[85.55,48.99],[85.48,48.85],[85.62,48.79],[85.55,48.65],[85.63,48.65],[85.57,48.52],[85.67,48.39],[85.48,47.99],[85.56,47.99],[85.51,47.73],[85.35,47.73],[85.17,47.53],[83.98,47.27],[83.36,47.01],[80.89,46.61],[80.75,46.48],[80.04,46.74],[80.07,46.81],[79.61,46.68],[79.31,46.74],[79.33,46.81],[78.7,46.87],[78.1,46.61],[77.91,46.74],[76.73,46.68],[76.76,46.74],[76.35,46.74],[76.32,46.87],[74.6,46.87],[74.44,46.68],[74.36,46.68],[73.89,46.74],[73.91,46.81],[73.18,46.81],[72.03,46.61],[70.96,45.69],[69.98,44.32],[61.96,43.73],[61.76,43.6],[61.52,43.08],[61.21,42.82],[61.13,42.56],[60.78,42.17],[60.6,42.11],[60.45,41.85],[59.5,41.26],[58.83,40.81],[56.35,40.42],[56.14,39.84],[55.95,39.71],[55.89,39.45],[55.45,38.87],[53.95,38.8],[53.96,38.87],[53.99,39.0],[53.73,39.26],[53.14,39.45],[53.54,39.51],[53.5,40.03],[52.79,40.03],[52.71,40.42],[52.79,40.42],[52.89,40.87],[52.97,40.87],[52.94,40.74],[53.34,40.74],[53.45,40.87],[53.4,40.68],[54.37,40.74],[54.4,40.87],[54.67,41.0],[54.73,41.26],[54.09,41.59],[53.91,42.17],[53.19,42.17],[52.81,41.91],[52.8,41.52],[52.72,41.52],[52.49,41.91],[52.52,42.04],[52.44,42.04],[52.68,42.37],[52.79,42.82],[52.42,42.95],[51.94,42.95],[51.77,43.28],[51.44,43.21],[51.31,43.34],[51.32,43.73],[51.04,43.93],[51.07,44.06],[50.88,44.25],[50.19,44.45],[50.22,44.58],[50.4,44.65],[50.86,44.52],[51.42,44.52],[51.47,44.71],[51.02,44.84],[51.06,45.04],[51.47,45.37],[51.88,45.37],[52.09,45.24],[53.88,45.24],[53.81,44.97],[54.3,44.97],[54.36,45.24],[54.22,45.3],[54.29,45.56],[53.88,45.56],[53.67,45.37],[53.42,45.37],[53.06,45.56],[53.07,45.89],[53.25,45.96],[53.35,46.35],[53.27,46.35],[53.27,46.68],[53.19,46.68],[53.24,46.87],[53.11,47.01],[51.86,46.94],[51.81,47.07],[51.58,47.14],[50.84,47.14],[50.3,46.94],[49.99,46.68],[49.3,46.55],[49.06,46.22],[48.64,46.15],[48.59,45.96],[48.35,45.96],[48.06,45.76],[47.57,45.76],[47.47,45.69],[47.52,45.56],[47.51,45.5],[47.48,45.37],[47.33,45.43]]],[[[51.1,56.11],[51.19,56.11],[51.16,56.05],[51.08,56.05],[51.1,56.11]]]]},"properties":{"id":"territory:Golden Horde:1294","name":"킵차크 칸국","name_en":"Golden Horde","actor":"기타중립","valid_from":1294,"valid_to":1305,"wikidata":"Q79965","area":4933986,"src":"cliopatria","confidence":"medium"}},{"type":"Feature","geometry":{"type":"Point","coordinates":[55.491,49.641]},"properties":{"id":"territory:Golden Horde:1294:label","name":"킵차크 칸국","name_en":"Golden Horde","actor":"기타중립","valid_from":1294,"valid_to":1305,"wikidata":"Q79965","area":4933986,"src":"cliopatria","confidence":"medium"}},{"type":"Feature","geometry":{"type":"MultiPolygon","coordinates":[[[[34.99,45.63],[35.02,45.3],[36.42,45.43],[36.37,45.1],[36.2,45.04],[35.41,45.17],[35.4,45.1],[34.57,44.97],[34.39,44.91],[34.38,44.78],[34.03,44.65],[33.56,44.71],[33.57,44.78],[33.61,45.1],[33.47,45.24],[33.22,45.24],[32.61,45.5],[33.71,45.82],[33.74,46.02],[34.15,46.09],[34.54,45.96],[34.74,45.63],[34.82,45.63],[34.99,45.63]]],[[[29.67,45.43],[29.66,45.37],[29.58,45.37],[29.58,45.43],[29.67,45.43]]],[[[53.08,45.96],[53.1,46.02],[53.18,46.02],[53.17,45.96],[53.08,45.96]]],[[[47.33,45.43],[47.29,45.24],[47.1,45.1],[47.04,44.84],[46.69,44.71],[46.63,44.45],[47.01,44.32],[47.34,43.99],[47.34,43.6],[47.46,43.41],[47.4,43.15],[47.39,43.08],[46.16,42.56],[45.4,42.37],[45.2,42.17],[44.21,41.98],[43.93,41.78],[43.44,41.72],[43.07,41.85],[41.79,41.85],[41.71,41.85],[41.82,41.98],[41.74,41.98],[41.76,42.11],[41.6,42.11],[41.7,42.24],[41.48,42.37],[41.61,42.63],[41.33,42.89],[41.17,42.89],[41.12,43.02],[40.82,43.15],[40.42,43.15],[40.22,43.41],[39.76,43.54],[39.06,44.19],[38.22,44.45],[38.01,44.71],[37.53,44.71],[37.17,45.04],[37.22,45.3],[37.7,45.3],[37.75,45.56],[37.59,45.63],[37.76,45.63],[37.89,45.96],[38.33,46.15],[38.37,46.35],[37.9,46.48],[37.84,46.61],[38.49,46.61],[38.62,46.87],[38.79,46.87],[38.89,47.01],[39.13,46.94],[39.27,47.27],[39.2,47.33],[38.68,47.2],[37.52,47.14],[37.17,47.01],[37.23,46.87],[36.91,46.94],[36.8,46.81],[35.63,46.68],[35.25,46.28],[34.76,46.28],[34.74,46.15],[34.08,46.15],[34.02,46.28],[33.61,46.28],[33.59,46.15],[32.95,46.22],[32.85,46.09],[32.68,46.09],[32.06,46.35],[31.82,46.35],[31.84,46.48],[32.16,46.48],[32.19,46.68],[32.03,46.74],[31.79,46.74],[31.61,46.61],[30.88,46.68],[30.3,45.96],[30.04,45.89],[29.86,45.69],[29.61,45.69],[29.59,45.5],[29.58,45.43],[29.1,45.43],[28.67,45.24],[28.35,45.3],[28.28,45.43],[27.78,45.3],[27.7,45.3],[27.55,45.43],[27.05,45.37],[26.58,45.56],[26.52,45.76],[26.35,45.63],[26.02,45.63],[25.79,45.76],[25.71,45.76],[25.72,45.96],[25.91,46.15],[25.75,46.22],[25.71,46.68],[25.41,47.01],[25.43,47.2],[25.26,47.2],[25.21,47.47],[24.89,47.6],[24.91,47.8],[24.99,47.8],[25.01,48.06],[25.63,48.46],[25.57,48.65],[25.25,48.79],[25.27,48.99],[25.95,49.18],[26.22,49.38],[26.19,49.85],[26.03,49.91],[25.97,50.11],[25.8,50.11],[25.82,50.31],[25.66,50.38],[25.7,50.71],[25.96,50.85],[25.99,51.05],[26.49,51.05],[26.59,51.18],[27.21,51.38],[27.91,51.58],[28.41,52.12],[29.26,52.12],[29.3,51.78],[29.68,51.45],[30.27,51.45],[30.33,51.31],[30.5,51.31],[30.6,51.38],[30.52,51.45],[30.58,51.85],[30.44,51.98],[30.46,52.12],[30.96,52.05],[31.3,52.59],[31.48,52.65],[31.51,52.86],[31.9,53.12],[34.0,53.33],[34.98,53.94],[35.01,54.07],[35.92,54.68],[35.95,54.82],[36.5,54.95],[36.65,55.23],[37.18,54.89],[37.8,54.95],[38.45,54.75],[38.87,55.02],[39.12,55.7],[39.3,55.7],[39.33,55.84],[39.94,55.84],[40.15,55.98],[40.33,56.32],[41.98,56.52],[41.96,56.46],[42.04,56.46],[42.06,56.18],[42.21,56.11],[42.19,56.05],[42.23,55.84],[42.31,55.84],[45.29,56.11],[45.75,56.18],[45.88,56.32],[46.85,56.32],[47.54,56.52],[47.96,56.46],[48.27,56.59],[49.24,56.59],[49.22,56.52],[49.99,56.46],[49.96,56.39],[50.29,56.32],[50.57,56.11],[51.08,56.05],[51.05,55.98],[51.82,55.91],[51.79,55.84],[52.27,55.7],[52.31,55.57],[52.48,55.57],[52.52,55.43],[52.7,55.43],[52.65,55.29],[53.33,54.75],[54.0,54.68],[53.97,54.61],[55.36,54.61],[57.03,54.89],[57.26,55.02],[58.04,55.02],[58.19,55.16],[59.4,55.36],[59.67,55.57],[60.57,55.63],[60.51,55.5],[60.6,55.5],[61.18,55.63],[61.97,55.63],[62.68,55.84],[62.95,56.05],[63.18,55.98],[64.39,56.32],[66.43,56.52],[66.4,56.46],[66.84,56.46],[66.86,56.32],[67.16,56.39],[67.13,56.32],[67.8,56.25],[67.76,56.18],[68.78,56.11],[68.75,56.05],[70.12,55.98],[70.09,55.91],[70.56,55.98],[70.49,55.84],[74.8,55.7],[74.77,55.63],[75.5,55.7],[75.47,55.63],[76.78,55.63],[76.74,55.57],[77.18,55.57],[77.14,55.5],[78.59,55.43],[78.55,55.36],[79.87,55.23],[79.83,55.16],[80.31,55.09],[80.27,55.02],[80.53,55.02],[80.49,54.95],[80.75,54.95],[80.71,54.89],[80.94,54.82],[81.02,54.82],[80.98,54.75],[81.29,54.68],[81.3,54.55],[81.6,54.48],[81.61,54.34],[81.78,54.34],[81.79,54.21],[82.28,54.0],[82.43,53.66],[82.6,53.66],[82.65,53.46],[82.82,53.46],[82.79,53.39],[82.97,53.26],[82.89,53.12],[83.07,52.99],[82.99,52.86],[83.12,52.79],[83.05,52.65],[83.18,52.59],[83.1,52.45],[83.24,52.38],[83.16,52.25],[83.26,52.12],[83.09,51.51],[83.19,51.38],[83.08,51.18],[83.17,51.18],[83.11,50.91],[83.29,50.78],[83.22,50.65],[83.42,50.38],[83.94,50.25],[83.9,50.18],[84.76,50.05],[84.72,49.98],[85.02,49.91],[85.14,49.65],[85.3,49.65],[85.25,49.38],[85.55,48.99],[85.48,48.85],[85.62,48.79],[85.55,48.65],[85.63,48.65],[85.57,48.52],[85.67,48.39],[85.48,47.99],[85.56,47.99],[85.51,47.73],[85.35,47.73],[85.17,47.53],[83.98,47.27],[83.36,47.01],[80.89,46.61],[80.75,46.48],[80.04,46.74],[80.07,46.81],[79.61,46.68],[79.31,46.74],[79.33,46.81],[78.7,46.87],[78.1,46.61],[77.91,46.74],[76.73,46.68],[76.76,46.74],[76.35,46.74],[76.32,46.87],[74.6,46.87],[74.44,46.68],[74.36,46.68],[73.89,46.74],[73.91,46.81],[73.18,46.81],[72.03,46.61],[70.96,45.69],[69.98,44.32],[61.96,43.73],[61.76,43.6],[61.52,43.08],[61.21,42.82],[61.13,42.56],[60.78,42.17],[60.6,42.11],[60.45,41.85],[59.5,41.26],[58.83,40.81],[56.35,40.42],[56.14,39.84],[55.95,39.71],[55.89,39.45],[55.45,38.87],[53.95,38.8],[53.96,38.87],[53.99,39.0],[53.73,39.26],[53.14,39.45],[53.54,39.51],[53.5,40.03],[52.79,40.03],[52.71,40.42],[52.79,40.42],[52.89,40.87],[52.97,40.87],[52.94,40.74],[53.34,40.74],[53.45,40.87],[53.4,40.68],[54.37,40.74],[54.4,40.87],[54.67,41.0],[54.73,41.26],[54.09,41.59],[53.91,42.17],[53.19,42.17],[52.81,41.91],[52.8,41.52],[52.72,41.52],[52.49,41.91],[52.52,42.04],[52.44,42.04],[52.68,42.37],[52.79,42.82],[52.42,42.95],[51.94,42.95],[51.77,43.28],[51.44,43.21],[51.31,43.34],[51.32,43.73],[51.04,43.93],[51.07,44.06],[50.88,44.25],[50.19,44.45],[50.22,44.58],[50.4,44.65],[50.86,44.52],[51.42,44.52],[51.47,44.71],[51.02,44.84],[51.06,45.04],[51.47,45.37],[51.88,45.37],[52.09,45.24],[53.88,45.24],[53.81,44.97],[54.3,44.97],[54.36,45.24],[54.22,45.3],[54.29,45.56],[53.88,45.56],[53.67,45.37],[53.42,45.37],[53.06,45.56],[53.07,45.89],[53.25,45.96],[53.35,46.35],[53.27,46.35],[53.27,46.68],[53.19,46.68],[53.24,46.87],[53.11,47.01],[51.86,46.94],[51.81,47.07],[51.58,47.14],[50.84,47.14],[50.3,46.94],[49.99,46.68],[49.3,46.55],[49.06,46.22],[48.64,46.15],[48.59,45.96],[48.35,45.96],[48.06,45.76],[47.57,45.76],[47.47,45.69],[47.52,45.56],[47.51,45.5],[47.48,45.37],[47.33,45.43]]],[[[51.1,56.11],[51.19,56.11],[51.16,56.05],[51.08,56.05],[51.1,56.11]]]]},"properties":{"id":"territory:Golden Horde:1305","name":"킵차크 칸국","name_en":"Golden Horde","actor":"기타중립","valid_from":1305,"valid_to":1314,"wikidata":"Q79965","area":4926668,"src":"cliopatria","confidence":"medium"}},{"type":"Feature","geometry":{"type":"Point","coordinates":[55.515,49.635]},"properties":{"id":"territory:Golden Horde:1305:label","name":"킵차크 칸국","name_en":"Golden Horde","actor":"기타중립","valid_from":1305,"valid_to":1314,"wikidata":"Q79965","area":4926668,"src":"cliopatria","confidence":"medium"}},{"type":"Feature","geometry":{"type":"MultiPolygon","coordinates":[[[[34.99,45.63],[35.02,45.3],[36.42,45.43],[36.37,45.1],[36.2,45.04],[35.41,45.17],[35.4,45.1],[35.15,45.1],[34.97,44.97],[34.57,44.97],[34.39,44.91],[34.38,44.78],[34.03,44.65],[33.56,44.71],[33.57,44.78],[33.61,45.1],[33.47,45.24],[33.22,45.24],[32.61,45.5],[33.71,45.82],[33.74,46.02],[34.15,46.09],[34.54,45.96],[34.74,45.63],[34.82,45.63],[34.99,45.63]]],[[[29.67,45.43],[29.66,45.37],[29.58,45.37],[29.58,45.43],[29.67,45.43]]],[[[53.08,45.96],[53.1,46.02],[53.18,46.02],[53.17,45.96],[53.08,45.96]]],[[[47.33,45.43],[47.29,45.24],[47.1,45.1],[47.04,44.84],[46.69,44.71],[46.63,44.45],[47.01,44.32],[47.34,43.99],[47.34,43.6],[47.46,43.41],[47.4,43.15],[47.39,43.08],[46.16,42.56],[45.4,42.37],[45.2,42.17],[44.21,41.98],[43.93,41.78],[43.44,41.72],[43.07,41.85],[41.79,41.85],[41.71,41.85],[41.82,41.98],[41.74,41.98],[41.76,42.11],[41.6,42.11],[41.7,42.24],[41.48,42.37],[41.61,42.63],[41.33,42.89],[41.17,42.89],[41.12,43.02],[40.82,43.15],[40.42,43.15],[40.22,43.41],[39.76,43.54],[39.06,44.19],[38.22,44.45],[38.01,44.71],[37.53,44.71],[37.17,45.04],[37.22,45.3],[37.7,45.3],[37.75,45.56],[37.59,45.63],[37.76,45.63],[37.89,45.96],[38.33,46.15],[38.37,46.35],[37.9,46.48],[37.84,46.61],[38.49,46.61],[38.62,46.87],[39.14,47.01],[39.22,47.01],[39.48,47.07],[39.53,47.33],[39.22,47.47],[39.11,47.33],[39.03,47.33],[38.68,47.2],[37.52,47.14],[37.17,47.01],[37.23,46.87],[36.91,46.94],[36.8,46.81],[35.63,46.68],[35.25,46.28],[34.76,46.28],[34.74,46.15],[34.08,46.15],[34.02,46.28],[33.61,46.28],[33.59,46.15],[32.95,46.22],[32.85,46.09],[32.68,46.09],[32.06,46.35],[31.82,46.35],[31.84,46.48],[32.16,46.48],[32.19,46.68],[32.03,46.74],[31.79,46.74],[31.61,46.61],[30.88,46.68],[30.3,45.96],[30.04,45.89],[29.86,45.69],[29.61,45.69],[29.59,45.5],[29.58,45.43],[29.1,45.43],[28.67,45.24],[28.35,45.3],[28.28,45.43],[28.04,45.43],[27.86,45.3],[27.63,45.43],[26.66,45.5],[26.42,45.5],[26.24,45.37],[26.18,45.56],[26.02,45.63],[25.95,45.76],[25.71,45.82],[25.91,46.15],[25.75,46.22],[25.71,46.68],[25.41,47.01],[25.43,47.2],[25.26,47.2],[25.21,47.47],[24.89,47.6],[24.91,47.8],[24.99,47.8],[25.01,48.06],[25.63,48.46],[25.57,48.65],[25.25,48.79],[25.27,48.99],[25.95,49.18],[26.22,49.38],[26.19,49.85],[26.03,49.91],[25.97,50.11],[25.8,50.11],[25.82,50.31],[25.66,50.38],[25.7,50.71],[25.96,50.85],[25.99,51.05],[26.49,51.05],[26.59,51.18],[27.21,51.38],[27.91,51.58],[28.41,52.12],[29.26,52.12],[29.3,51.78],[29.68,51.45],[30.27,51.45],[30.33,51.31],[30.5,51.31],[30.6,51.38],[30.52,51.45],[30.58,51.85],[30.44,51.98],[30.46,52.12],[30.96,52.05],[31.3,52.59],[31.48,52.65],[31.51,52.86],[31.9,53.12],[34.0,53.33],[34.98,53.94],[35.01,54.07],[35.92,54.68],[35.95,54.82],[36.5,54.95],[36.65,55.23],[37.18,54.89],[37.8,54.95],[38.45,54.75],[38.87,55.02],[39.12,55.7],[39.3,55.7],[39.33,55.84],[39.94,55.84],[40.15,55.98],[40.33,56.32],[41.98,56.52],[41.96,56.46],[42.04,56.46],[42.06,56.18],[42.21,56.11],[42.19,56.05],[42.23,55.84],[42.31,55.84],[45.29,56.11],[45.75,56.18],[45.88,56.32],[46.85,56.32],[47.54,56.52],[47.96,56.46],[48.27,56.59],[49.24,56.59],[49.22,56.52],[49.99,56.46],[49.96,56.39],[50.29,56.32],[50.57,56.11],[51.08,56.05],[51.05,55.98],[51.82,55.91],[51.79,55.84],[52.27,55.7],[52.31,55.57],[52.48,55.57],[52.52,55.43],[52.7,55.43],[52.65,55.29],[53.33,54.75],[54.0,54.68],[53.97,54.61],[55.36,54.61],[57.03,54.89],[57.26,55.02],[58.04,55.02],[58.19,55.16],[59.4,55.36],[59.67,55.57],[60.57,55.63],[60.51,55.5],[60.6,55.5],[61.18,55.63],[61.97,55.63],[62.68,55.84],[62.95,56.05],[63.18,55.98],[64.39,56.32],[66.43,56.52],[66.4,56.46],[66.84,56.46],[66.86,56.32],[67.16,56.39],[67.13,56.32],[67.8,56.25],[67.76,56.18],[68.78,56.11],[68.75,56.05],[70.12,55.98],[70.09,55.91],[70.56,55.98],[70.49,55.84],[74.8,55.7],[74.77,55.63],[75.5,55.7],[75.47,55.63],[76.78,55.63],[76.74,55.57],[77.18,55.57],[77.14,55.5],[78.59,55.43],[78.55,55.36],[79.87,55.23],[79.83,55.16],[80.31,55.09],[80.27,55.02],[80.53,55.02],[80.49,54.95],[80.75,54.95],[80.71,54.89],[80.94,54.82],[81.02,54.82],[80.98,54.75],[81.29,54.68],[81.3,54.55],[81.6,54.48],[81.61,54.34],[81.78,54.34],[81.79,54.21],[82.28,54.0],[82.43,53.66],[82.6,53.66],[82.65,53.46],[82.82,53.46],[82.79,53.39],[82.97,53.26],[82.89,53.12],[83.07,52.99],[82.99,52.86],[83.12,52.79],[83.05,52.65],[83.18,52.59],[83.1,52.45],[83.24,52.38],[83.16,52.25],[83.26,52.12],[83.09,51.51],[83.19,51.38],[83.08,51.18],[83.17,51.18],[83.11,50.91],[83.29,50.78],[83.22,50.65],[83.42,50.38],[83.94,50.25],[83.9,50.18],[84.76,50.05],[84.72,49.98],[85.02,49.91],[85.14,49.65],[85.3,49.65],[85.25,49.38],[85.55,48.99],[85.48,48.85],[85.62,48.79],[85.55,48.65],[85.63,48.65],[85.57,48.52],[85.67,48.39],[85.48,47.99],[85.56,47.99],[85.51,47.73],[85.35,47.73],[85.17,47.53],[83.98,47.27],[83.36,47.01],[80.89,46.61],[80.75,46.48],[80.04,46.74],[80.07,46.81],[79.61,46.68],[79.31,46.74],[79.33,46.81],[78.7,46.87],[78.1,46.61],[77.91,46.74],[76.73,46.68],[76.76,46.74],[76.35,46.74],[76.32,46.87],[74.6,46.87],[74.44,46.68],[74.36,46.68],[73.89,46.74],[73.91,46.81],[73.18,46.81],[72.03,46.61],[70.96,45.69],[69.98,44.32],[61.96,43.73],[61.76,43.6],[61.52,43.08],[61.21,42.82],[61.13,42.56],[60.78,42.17],[60.6,42.11],[60.45,41.85],[59.5,41.26],[58.83,40.81],[56.35,40.42],[56.14,39.84],[55.95,39.71],[55.89,39.45],[55.45,38.87],[53.95,38.8],[53.96,38.87],[53.99,39.0],[53.73,39.26],[53.14,39.45],[53.54,39.51],[53.5,40.03],[52.79,40.03],[52.71,40.42],[52.79,40.42],[52.89,40.87],[52.97,40.87],[52.94,40.74],[53.34,40.74],[53.45,40.87],[53.4,40.68],[54.37,40.74],[54.4,40.87],[54.67,41.0],[54.73,41.26],[54.09,41.59],[53.91,42.17],[53.19,42.17],[52.81,41.91],[52.8,41.52],[52.72,41.52],[52.49,41.91],[52.52,42.04],[52.44,42.04],[52.68,42.37],[52.79,42.82],[52.42,42.95],[51.94,42.95],[51.77,43.28],[51.44,43.21],[51.31,43.34],[51.32,43.73],[51.04,43.93],[51.07,44.06],[50.88,44.25],[50.19,44.45],[50.22,44.58],[50.4,44.65],[50.86,44.52],[51.42,44.52],[51.47,44.71],[51.02,44.84],[51.06,45.04],[51.47,45.37],[51.88,45.37],[52.09,45.24],[53.88,45.24],[53.81,44.97],[54.3,44.97],[54.36,45.24],[54.22,45.3],[54.29,45.56],[53.88,45.56],[53.67,45.37],[53.42,45.37],[53.06,45.56],[53.07,45.89],[53.25,45.96],[53.35,46.35],[53.27,46.35],[53.27,46.68],[53.19,46.68],[53.24,46.87],[53.11,47.01],[51.86,46.94],[51.81,47.07],[51.58,47.14],[50.84,47.14],[50.3,46.94],[49.99,46.68],[49.3,46.55],[49.06,46.22],[48.64,46.15],[48.59,45.96],[48.35,45.96],[48.06,45.76],[47.57,45.76],[47.47,45.69],[47.52,45.56],[47.51,45.5],[47.48,45.37],[47.33,45.43]]],[[[51.1,56.11],[51.19,56.11],[51.16,56.05],[51.08,56.05],[51.1,56.11]]]]},"properties":{"id":"territory:Golden Horde:1314","name":"킵차크 칸국","name_en":"Golden Horde","actor":"기타중립","valid_from":1314,"valid_to":1326,"wikidata":"Q79965","area":4925687,"src":"cliopatria","confidence":"medium"}},{"type":"Feature","geometry":{"type":"Point","coordinates":[55.518,49.635]},"properties":{"id":"territory:Golden Horde:1314:label","name":"킵차크 칸국","name_en":"Golden Horde","actor":"기타중립","valid_from":1314,"valid_to":1326,"wikidata":"Q79965","area":4925687,"src":"cliopatria","confidence":"medium"}},{"type":"Feature","geometry":{"type":"MultiPolygon","coordinates":[[[[34.99,45.63],[35.02,45.3],[36.42,45.43],[36.37,45.1],[36.2,45.04],[35.41,45.17],[35.4,45.1],[35.15,45.1],[34.97,44.97],[34.57,44.97],[34.39,44.91],[34.38,44.78],[34.03,44.65],[33.56,44.71],[33.57,44.78],[33.61,45.1],[33.47,45.24],[33.22,45.24],[32.61,45.5],[33.71,45.82],[33.74,46.02],[34.15,46.09],[34.54,45.96],[34.74,45.63],[34.82,45.63],[34.99,45.63]]],[[[29.67,45.43],[29.66,45.37],[29.58,45.37],[29.58,45.43],[29.67,45.43]]],[[[53.08,45.96],[53.1,46.02],[53.18,46.02],[53.17,45.96],[53.08,45.96]]],[[[47.33,45.43],[47.29,45.24],[47.1,45.1],[47.04,44.84],[46.69,44.71],[46.63,44.45],[47.01,44.32],[47.34,43.99],[47.34,43.6],[47.46,43.41],[47.4,43.15],[47.39,43.08],[46.16,42.56],[45.4,42.37],[45.2,42.17],[44.21,41.98],[43.93,41.78],[43.44,41.72],[43.07,41.85],[41.79,41.85],[41.71,41.85],[41.82,41.98],[41.74,41.98],[41.76,42.11],[41.6,42.11],[41.7,42.24],[41.48,42.37],[41.61,42.63],[41.33,42.89],[41.17,42.89],[41.12,43.02],[40.82,43.15],[40.42,43.15],[40.22,43.41],[39.76,43.54],[39.06,44.19],[38.22,44.45],[38.01,44.71],[37.53,44.71],[37.17,45.04],[37.22,45.3],[37.7,45.3],[37.75,45.56],[37.59,45.63],[37.76,45.63],[37.89,45.96],[38.33,46.15],[38.37,46.35],[37.9,46.48],[37.84,46.61],[38.49,46.61],[38.62,46.87],[39.14,47.01],[39.22,47.01],[39.48,47.07],[39.53,47.33],[39.22,47.47],[39.11,47.33],[39.03,47.33],[38.68,47.2],[37.52,47.14],[37.17,47.01],[37.23,46.87],[36.91,46.94],[36.8,46.81],[35.63,46.68],[35.25,46.28],[34.76,46.28],[34.74,46.15],[34.08,46.15],[34.02,46.28],[33.61,46.28],[33.59,46.15],[32.95,46.22],[32.85,46.09],[32.68,46.09],[32.06,46.35],[31.82,46.35],[31.84,46.48],[32.16,46.48],[32.19,46.68],[32.03,46.74],[31.79,46.74],[31.61,46.61],[30.88,46.68],[30.3,45.96],[30.04,45.89],[29.86,45.69],[29.61,45.69],[29.59,45.5],[29.58,45.43],[29.1,45.43],[28.67,45.24],[28.35,45.3],[28.28,45.43],[28.04,45.43],[27.86,45.3],[27.63,45.43],[26.66,45.5],[26.42,45.5],[26.24,45.37],[26.18,45.56],[26.02,45.63],[25.95,45.76],[25.71,45.82],[25.91,46.15],[25.75,46.22],[25.71,46.68],[25.41,47.01],[25.43,47.2],[25.26,47.2],[25.21,47.47],[24.89,47.6],[24.91,47.8],[24.99,47.8],[25.01,48.06],[25.63,48.46],[25.57,48.65],[25.25,48.79],[25.27,48.99],[25.95,49.18],[26.22,49.38],[26.19,49.85],[26.03,49.91],[25.97,50.11],[25.8,50.11],[25.82,50.31],[25.66,50.38],[25.7,50.71],[25.96,50.85],[25.99,51.05],[26.49,51.05],[26.95,51.31],[27.64,51.45],[28.1,51.71],[28.41,52.12],[29.26,52.12],[29.3,51.78],[29.68,51.45],[30.27,51.45],[30.33,51.31],[30.5,51.31],[30.6,51.38],[30.52,51.45],[30.58,51.85],[30.44,51.98],[30.46,52.12],[30.96,52.05],[31.3,52.59],[31.48,52.65],[31.51,52.86],[31.9,53.12],[34.0,53.33],[34.98,53.94],[35.01,54.07],[35.92,54.68],[35.95,54.82],[36.5,54.95],[36.65,55.23],[37.18,54.89],[37.8,54.95],[38.45,54.75],[38.87,55.02],[39.12,55.7],[39.3,55.7],[39.33,55.84],[39.94,55.84],[40.15,55.98],[40.33,56.32],[41.98,56.52],[41.96,56.46],[42.04,56.46],[42.06,56.18],[42.21,56.11],[42.19,56.05],[42.23,55.84],[42.31,55.84],[45.29,56.11],[45.75,56.18],[45.88,56.32],[46.85,56.32],[47.54,56.52],[47.96,56.46],[48.27,56.59],[49.24,56.59],[49.22,56.52],[49.99,56.46],[49.96,56.39],[50.29,56.32],[50.57,56.11],[51.08,56.05],[51.05,55.98],[51.82,55.91],[51.79,55.84],[52.27,55.7],[52.31,55.57],[52.48,55.57],[52.52,55.43],[52.7,55.43],[52.65,55.29],[53.33,54.75],[54.0,54.68],[53.97,54.61],[55.36,54.61],[57.03,54.89],[57.26,55.02],[58.04,55.02],[58.19,55.16],[59.4,55.36],[59.67,55.57],[60.57,55.63],[60.51,55.5],[60.6,55.5],[61.18,55.63],[61.97,55.63],[62.68,55.84],[62.95,56.05],[63.18,55.98],[64.39,56.32],[66.43,56.52],[66.4,56.46],[66.84,56.46],[66.86,56.32],[67.16,56.39],[67.13,56.32],[67.8,56.25],[67.76,56.18],[68.78,56.11],[68.75,56.05],[70.12,55.98],[70.09,55.91],[70.56,55.98],[70.49,55.84],[74.8,55.7],[74.77,55.63],[75.5,55.7],[75.47,55.63],[76.78,55.63],[76.74,55.57],[77.18,55.57],[77.14,55.5],[78.59,55.43],[78.55,55.36],[79.87,55.23],[79.83,55.16],[80.31,55.09],[80.27,55.02],[80.53,55.02],[80.49,54.95],[80.75,54.95],[80.71,54.89],[80.94,54.82],[81.02,54.82],[80.98,54.75],[81.29,54.68],[81.3,54.55],[81.6,54.48],[81.61,54.34],[81.78,54.34],[81.79,54.21],[82.28,54.0],[82.43,53.66],[82.6,53.66],[82.65,53.46],[82.82,53.46],[82.79,53.39],[82.97,53.26],[82.89,53.12],[83.07,52.99],[82.99,52.86],[83.12,52.79],[83.05,52.65],[83.18,52.59],[83.1,52.45],[83.24,52.38],[83.16,52.25],[83.26,52.12],[83.09,51.51],[83.19,51.38],[83.08,51.18],[83.17,51.18],[83.11,50.91],[83.29,50.78],[83.22,50.65],[83.42,50.38],[83.94,50.25],[83.9,50.18],[84.76,50.05],[84.72,49.98],[85.02,49.91],[85.14,49.65],[85.3,49.65],[85.25,49.38],[85.55,48.99],[85.48,48.85],[85.62,48.79],[85.55,48.65],[85.63,48.65],[85.57,48.52],[85.67,48.39],[85.48,47.99],[85.56,47.99],[85.51,47.73],[85.35,47.73],[85.17,47.53],[83.98,47.27],[83.36,47.01],[80.89,46.61],[80.75,46.48],[80.04,46.74],[80.07,46.81],[79.61,46.68],[79.31,46.74],[79.33,46.81],[78.7,46.87],[78.1,46.61],[77.91,46.74],[76.73,46.68],[76.76,46.74],[76.35,46.74],[76.32,46.87],[74.6,46.87],[74.44,46.68],[74.36,46.68],[73.89,46.74],[73.91,46.81],[73.18,46.81],[72.03,46.61],[70.96,45.69],[69.98,44.32],[61.96,43.73],[61.76,43.6],[61.52,43.08],[61.21,42.82],[61.13,42.56],[60.78,42.17],[60.6,42.11],[60.45,41.85],[59.5,41.26],[58.83,40.81],[56.35,40.42],[56.14,39.84],[55.95,39.71],[55.89,39.45],[55.45,38.87],[53.95,38.8],[53.96,38.87],[53.99,39.0],[53.73,39.26],[53.14,39.45],[53.54,39.51],[53.5,40.03],[52.79,40.03],[52.71,40.42],[52.79,40.42],[52.89,40.87],[52.97,40.87],[52.94,40.74],[53.34,40.74],[53.45,40.87],[53.4,40.68],[54.37,40.74],[54.4,40.87],[54.67,41.0],[54.73,41.26],[54.09,41.59],[53.91,42.17],[53.19,42.17],[52.81,41.91],[52.8,41.52],[52.72,41.52],[52.49,41.91],[52.52,42.04],[52.44,42.04],[52.68,42.37],[52.79,42.82],[52.42,42.95],[51.94,42.95],[51.77,43.28],[51.44,43.21],[51.31,43.34],[51.32,43.73],[51.04,43.93],[51.07,44.06],[50.88,44.25],[50.19,44.45],[50.22,44.58],[50.4,44.65],[50.86,44.52],[51.42,44.52],[51.47,44.71],[51.02,44.84],[51.06,45.04],[51.47,45.37],[51.88,45.37],[52.09,45.24],[53.88,45.24],[53.81,44.97],[54.3,44.97],[54.36,45.24],[54.22,45.3],[54.29,45.56],[53.88,45.56],[53.67,45.37],[53.42,45.37],[53.06,45.56],[53.07,45.89],[53.25,45.96],[53.35,46.35],[53.27,46.35],[53.27,46.68],[53.19,46.68],[53.24,46.87],[53.11,47.01],[51.86,46.94],[51.81,47.07],[51.58,47.14],[50.84,47.14],[50.3,46.94],[49.99,46.68],[49.3,46.55],[49.06,46.22],[48.64,46.15],[48.59,45.96],[48.35,45.96],[48.06,45.76],[47.57,45.76],[47.47,45.69],[47.52,45.56],[47.51,45.5],[47.48,45.37],[47.33,45.43]]],[[[51.1,56.11],[51.19,56.11],[51.16,56.05],[51.08,56.05],[51.1,56.11]]]]},"properties":{"id":"territory:Golden Horde:1326","name":"킵차크 칸국","name_en":"Golden Horde","actor":"기타중립","valid_from":1326,"valid_to":1333,"wikidata":"Q79965","area":4925316,"src":"cliopatria","confidence":"medium"}},{"type":"Feature","geometry":{"type":"Point","coordinates":[55.521,49.635]},"properties":{"id":"territory:Golden Horde:1326:label","name":"킵차크 칸국","name_en":"Golden Horde","actor":"기타중립","valid_from":1326,"valid_to":1333,"wikidata":"Q79965","area":4925316,"src":"cliopatria","confidence":"medium"}},{"type":"Feature","geometry":{"type":"MultiPolygon","coordinates":[[[[34.99,45.63],[35.02,45.3],[36.42,45.43],[36.37,45.1],[36.2,45.04],[35.41,45.17],[35.4,45.1],[35.15,45.1],[34.97,44.97],[34.57,44.97],[34.39,44.91],[34.38,44.78],[34.03,44.65],[33.56,44.71],[33.57,44.78],[33.61,45.1],[33.47,45.24],[33.22,45.24],[32.61,45.5],[33.71,45.82],[33.74,46.02],[34.15,46.09],[34.54,45.96],[34.74,45.63],[34.82,45.63],[34.99,45.63]]],[[[29.67,45.43],[29.66,45.37],[29.58,45.37],[29.58,45.43],[29.67,45.43]]],[[[53.08,45.96],[53.1,46.02],[53.18,46.02],[53.17,45.96],[53.08,45.96]]],[[[47.33,45.43],[47.29,45.24],[47.1,45.1],[47.04,44.84],[46.69,44.71],[46.63,44.45],[47.01,44.32],[47.34,43.99],[47.34,43.6],[47.46,43.41],[47.38,43.02],[47.66,42.82],[47.68,42.56],[48.21,42.04],[48.2,41.98],[48.09,41.85],[48.17,41.85],[48.12,41.59],[48.2,41.59],[48.08,41.39],[47.72,41.2],[47.14,41.46],[46.74,41.85],[46.35,41.91],[46.3,42.04],[45.75,42.11],[45.67,42.5],[45.23,42.69],[44.82,42.69],[44.84,42.76],[44.76,42.76],[44.74,42.69],[44.36,42.76],[43.85,42.63],[43.66,42.89],[43.42,42.89],[42.99,43.15],[41.71,43.21],[41.12,43.47],[40.4,43.54],[40.26,43.67],[40.29,43.8],[40.03,43.73],[39.35,43.99],[39.36,44.06],[38.22,44.45],[38.01,44.71],[37.53,44.71],[37.17,45.04],[37.22,45.3],[37.7,45.3],[37.75,45.56],[37.59,45.63],[37.76,45.63],[37.89,45.96],[38.33,46.15],[38.37,46.35],[37.9,46.48],[37.84,46.61],[38.49,46.61],[38.62,46.87],[39.14,47.01],[39.22,47.01],[39.48,47.07],[39.53,47.33],[39.22,47.47],[39.11,47.33],[39.03,47.33],[38.68,47.2],[37.52,47.14],[37.17,47.01],[37.23,46.87],[36.91,46.94],[36.8,46.81],[35.63,46.68],[35.25,46.28],[34.76,46.28],[34.74,46.15],[34.08,46.15],[34.02,46.28],[33.61,46.28],[33.59,46.15],[32.95,46.22],[32.85,46.09],[32.68,46.09],[32.06,46.35],[31.82,46.35],[31.84,46.48],[32.16,46.48],[32.19,46.68],[32.03,46.74],[31.79,46.74],[31.61,46.61],[30.88,46.68],[30.3,45.96],[30.04,45.89],[29.86,45.69],[29.61,45.69],[29.59,45.5],[29.58,45.43],[29.1,45.43],[28.67,45.24],[28.35,45.3],[28.28,45.43],[28.04,45.43],[27.86,45.3],[27.63,45.43],[26.66,45.5],[26.42,45.5],[26.24,45.37],[26.18,45.56],[26.02,45.63],[25.95,45.76],[25.71,45.82],[25.91,46.15],[25.75,46.22],[25.71,46.68],[25.41,47.01],[25.43,47.2],[25.26,47.2],[25.21,47.47],[24.89,47.6],[24.91,47.8],[24.99,47.8],[25.01,48.06],[25.63,48.46],[25.57,48.65],[25.25,48.79],[25.27,48.99],[25.95,49.18],[26.22,49.38],[26.19,49.85],[26.03,49.91],[25.97,50.11],[25.8,50.11],[25.82,50.31],[25.66,50.38],[25.7,50.71],[25.96,50.85],[25.99,51.05],[26.49,51.05],[26.95,51.31],[27.64,51.45],[28.1,51.71],[28.41,52.12],[29.26,52.12],[29.3,51.78],[29.68,51.45],[30.27,51.45],[30.33,51.31],[30.5,51.31],[30.6,51.38],[30.52,51.45],[30.58,51.85],[30.44,51.98],[30.46,52.12],[30.96,52.05],[31.3,52.59],[31.48,52.65],[31.51,52.86],[31.9,53.12],[34.0,53.33],[34.98,53.94],[35.01,54.07],[35.92,54.68],[35.95,54.82],[36.5,54.95],[36.65,55.23],[37.18,54.89],[37.8,54.95],[38.45,54.75],[38.87,55.02],[39.12,55.7],[39.3,55.7],[39.33,55.84],[39.94,55.84],[40.15,55.98],[40.33,56.32],[41.98,56.52],[41.96,56.46],[42.04,56.46],[42.06,56.18],[42.21,56.11],[42.19,56.05],[42.23,55.84],[42.31,55.84],[45.29,56.11],[45.75,56.18],[45.88,56.32],[46.85,56.32],[47.54,56.52],[47.96,56.46],[48.27,56.59],[49.24,56.59],[49.22,56.52],[49.99,56.46],[49.96,56.39],[50.29,56.32],[50.57,56.11],[51.08,56.05],[51.05,55.98],[51.82,55.91],[51.79,55.84],[52.27,55.7],[52.31,55.57],[52.48,55.57],[52.52,55.43],[52.7,55.43],[52.65,55.29],[53.33,54.75],[54.0,54.68],[53.97,54.61],[55.36,54.61],[57.03,54.89],[57.26,55.02],[58.04,55.02],[58.19,55.16],[59.4,55.36],[59.67,55.57],[60.57,55.63],[60.51,55.5],[60.6,55.5],[61.18,55.63],[61.97,55.63],[62.68,55.84],[62.95,56.05],[63.18,55.98],[64.39,56.32],[66.43,56.52],[66.4,56.46],[66.84,56.46],[66.86,56.32],[67.16,56.39],[67.13,56.32],[67.8,56.25],[67.76,56.18],[68.78,56.11],[68.75,56.05],[70.12,55.98],[70.09,55.91],[70.56,55.98],[70.49,55.84],[74.8,55.7],[74.77,55.63],[75.5,55.7],[75.47,55.63],[76.78,55.63],[76.74,55.57],[77.18,55.57],[77.14,55.5],[78.59,55.43],[78.55,55.36],[79.87,55.23],[79.83,55.16],[80.31,55.09],[80.27,55.02],[80.53,55.02],[80.49,54.95],[80.75,54.95],[80.71,54.89],[80.94,54.82],[81.02,54.82],[80.98,54.75],[81.29,54.68],[81.3,54.55],[81.6,54.48],[81.61,54.34],[81.78,54.34],[81.79,54.21],[82.28,54.0],[82.43,53.66],[82.6,53.66],[82.65,53.46],[82.82,53.46],[82.79,53.39],[82.97,53.26],[82.89,53.12],[83.07,52.99],[82.99,52.86],[83.12,52.79],[83.05,52.65],[83.18,52.59],[83.1,52.45],[83.24,52.38],[83.16,52.25],[83.26,52.12],[83.09,51.51],[83.19,51.38],[83.08,51.18],[83.17,51.18],[83.11,50.91],[83.29,50.78],[83.22,50.65],[83.42,50.38],[83.94,50.25],[83.9,50.18],[84.76,50.05],[84.72,49.98],[85.02,49.91],[85.14,49.65],[85.3,49.65],[85.25,49.38],[85.55,48.99],[85.48,48.85],[85.62,48.79],[85.55,48.65],[85.63,48.65],[85.57,48.52],[85.67,48.39],[85.48,47.99],[85.56,47.99],[85.51,47.73],[85.35,47.73],[85.17,47.53],[83.98,47.27],[83.36,47.01],[80.89,46.61],[80.75,46.48],[80.04,46.74],[80.07,46.81],[79.61,46.68],[79.31,46.74],[79.33,46.81],[78.7,46.87],[78.1,46.61],[77.91,46.74],[76.73,46.68],[76.76,46.74],[76.35,46.74],[76.32,46.87],[74.6,46.87],[74.44,46.68],[74.36,46.68],[73.89,46.74],[73.91,46.81],[73.18,46.81],[72.03,46.61],[70.96,45.69],[69.98,44.32],[61.96,43.73],[61.76,43.6],[61.52,43.08],[61.21,42.82],[61.13,42.56],[60.78,42.17],[60.6,42.11],[60.45,41.85],[59.5,41.26],[58.83,40.81],[56.35,40.42],[56.14,39.84],[55.95,39.71],[55.89,39.45],[55.45,38.87],[54.95,38.74],[53.95,38.8],[53.96,38.87],[53.99,39.0],[53.73,39.26],[53.14,39.45],[53.54,39.51],[53.5,40.03],[52.79,40.03],[52.71,40.42],[52.79,40.42],[52.89,40.87],[52.97,40.87],[52.94,40.74],[53.34,40.74],[53.45,40.87],[53.4,40.68],[54.37,40.74],[54.4,40.87],[54.67,41.0],[54.73,41.26],[54.09,41.59],[53.91,42.17],[53.19,42.17],[52.81,41.91],[52.8,41.52],[52.72,41.52],[52.49,41.91],[52.52,42.04],[52.44,42.04],[52.68,42.37],[52.79,42.82],[52.42,42.95],[51.94,42.95],[51.77,43.28],[51.44,43.21],[51.31,43.34],[51.32,43.73],[51.04,43.93],[51.07,44.06],[50.88,44.25],[50.19,44.45],[50.22,44.58],[50.4,44.65],[50.86,44.52],[51.42,44.52],[51.47,44.71],[51.02,44.84],[51.06,45.04],[51.47,45.37],[51.88,45.37],[52.09,45.24],[53.88,45.24],[53.81,44.97],[54.3,44.97],[54.36,45.24],[54.22,45.3],[54.29,45.56],[53.88,45.56],[53.67,45.37],[53.42,45.37],[53.06,45.56],[53.07,45.89],[53.25,45.96],[53.35,46.35],[53.27,46.35],[53.27,46.68],[53.19,46.68],[53.24,46.87],[53.11,47.01],[51.86,46.94],[51.81,47.07],[51.58,47.14],[50.84,47.14],[50.3,46.94],[49.99,46.68],[49.3,46.55],[49.06,46.22],[48.64,46.15],[48.59,45.96],[48.35,45.96],[48.06,45.76],[47.57,45.76],[47.47,45.69],[47.52,45.56],[47.51,45.5],[47.48,45.37],[47.33,45.43]]],[[[51.1,56.11],[51.19,56.11],[51.16,56.05],[51.08,56.05],[51.1,56.11]]]]},"properties":{"id":"territory:Golden Horde:1344","name":"킵차크 칸국","name_en":"Golden Horde","actor":"기타중립","valid_from":1344,"valid_to":1352,"wikidata":"Q79965","area":4906094,"src":"cliopatria","confidence":"medium"}},{"type":"Feature","geometry":{"type":"Point","coordinates":[55.585,49.657]},"properties":{"id":"territory:Golden Horde:1344:label","name":"킵차크 칸국","name_en":"Golden Horde","actor":"기타중립","valid_from":1344,"valid_to":1352,"wikidata":"Q79965","area":4906094,"src":"cliopatria","confidence":"medium"}},{"type":"Feature","geometry":{"type":"MultiPolygon","coordinates":[[[[34.99,45.63],[35.02,45.3],[36.42,45.43],[36.37,45.1],[36.2,45.04],[35.41,45.17],[35.4,45.1],[35.15,45.1],[34.97,44.97],[34.57,44.97],[34.39,44.91],[34.38,44.78],[34.03,44.65],[33.56,44.71],[33.57,44.78],[33.61,45.1],[33.47,45.24],[33.22,45.24],[32.61,45.5],[33.71,45.82],[33.74,46.02],[34.15,46.09],[34.54,45.96],[34.74,45.63],[34.82,45.63],[34.99,45.63]]],[[[29.67,45.43],[29.66,45.37],[29.58,45.37],[29.58,45.43],[29.67,45.43]]],[[[53.08,45.96],[53.1,46.02],[53.18,46.02],[53.17,45.96],[53.08,45.96]]],[[[47.33,45.43],[47.29,45.24],[47.1,45.1],[47.04,44.84],[46.69,44.71],[46.63,44.45],[47.01,44.32],[47.34,43.99],[47.34,43.6],[47.46,43.41],[47.38,43.02],[47.66,42.82],[47.68,42.56],[48.21,42.04],[48.2,41.98],[48.09,41.85],[48.17,41.85],[48.12,41.59],[48.2,41.59],[48.08,41.39],[47.72,41.2],[47.14,41.46],[46.74,41.85],[46.35,41.91],[46.3,42.04],[45.75,42.11],[45.67,42.5],[45.23,42.69],[44.82,42.69],[44.84,42.76],[44.76,42.76],[44.74,42.69],[44.36,42.76],[43.85,42.63],[43.66,42.89],[43.42,42.89],[42.99,43.15],[41.71,43.21],[41.12,43.47],[40.4,43.54],[40.26,43.67],[40.29,43.8],[40.03,43.73],[39.35,43.99],[39.36,44.06],[38.22,44.45],[38.01,44.71],[37.53,44.71],[37.17,45.04],[37.22,45.3],[37.7,45.3],[37.75,45.56],[37.59,45.63],[37.76,45.63],[37.89,45.96],[38.33,46.15],[38.37,46.35],[37.9,46.48],[37.84,46.61],[38.49,46.61],[38.62,46.87],[39.14,47.01],[39.22,47.01],[39.48,47.07],[39.53,47.33],[39.22,47.47],[39.11,47.33],[39.03,47.33],[38.68,47.2],[37.52,47.14],[37.17,47.01],[37.23,46.87],[36.91,46.94],[36.8,46.81],[35.63,46.68],[35.25,46.28],[34.76,46.28],[34.74,46.15],[34.08,46.15],[34.02,46.28],[33.61,46.28],[33.59,46.15],[32.95,46.22],[32.85,46.09],[32.68,46.09],[32.06,46.35],[31.82,46.35],[31.84,46.48],[32.16,46.48],[32.19,46.68],[32.03,46.74],[31.79,46.74],[31.61,46.61],[30.88,46.68],[30.3,45.96],[30.04,45.89],[29.86,45.69],[29.61,45.69],[29.59,45.5],[29.58,45.43],[29.1,45.43],[28.67,45.24],[28.35,45.3],[28.28,45.43],[28.04,45.43],[27.86,45.3],[27.63,45.43],[26.66,45.5],[26.42,45.5],[26.24,45.37],[26.18,45.56],[26.02,45.63],[25.95,45.76],[25.71,45.82],[25.91,46.15],[25.75,46.22],[25.71,46.68],[25.41,47.01],[25.43,47.2],[25.26,47.2],[25.21,47.47],[24.89,47.6],[24.91,47.8],[24.99,47.8],[25.01,48.06],[25.54,48.39],[25.56,48.59],[25.25,48.79],[25.34,48.92],[25.98,48.65],[26.47,48.59],[27.39,48.65],[27.54,48.46],[27.86,48.39],[27.88,48.52],[27.64,48.65],[27.82,48.79],[27.85,48.99],[27.62,49.18],[27.64,49.32],[26.95,49.18],[26.66,49.58],[26.32,49.52],[26.34,49.65],[26.17,49.65],[26.19,49.85],[26.03,49.91],[25.97,50.11],[25.8,50.11],[25.81,50.25],[25.82,50.31],[25.74,50.31],[25.7,50.71],[25.96,50.85],[26.07,51.05],[26.49,51.05],[26.95,51.31],[27.64,51.45],[28.1,51.71],[28.41,52.12],[29.26,52.12],[29.3,51.78],[29.68,51.45],[30.27,51.45],[30.33,51.31],[30.5,51.31],[30.6,51.38],[30.52,51.45],[30.58,51.85],[30.44,51.98],[30.46,52.12],[30.96,52.05],[31.3,52.59],[31.48,52.65],[31.51,52.86],[31.9,53.12],[34.0,53.33],[34.98,53.94],[35.01,54.07],[35.92,54.68],[35.95,54.82],[36.5,54.95],[36.65,55.23],[37.18,54.89],[37.8,54.95],[38.45,54.75],[38.87,55.02],[39.12,55.7],[39.3,55.7],[39.33,55.84],[39.94,55.84],[40.15,55.98],[40.33,56.32],[41.98,56.52],[41.96,56.46],[42.04,56.46],[42.06,56.18],[42.21,56.11],[42.19,56.05],[42.23,55.84],[42.31,55.84],[45.29,56.11],[45.75,56.18],[45.88,56.32],[46.85,56.32],[47.54,56.52],[47.96,56.46],[48.27,56.59],[49.24,56.59],[49.22,56.52],[49.99,56.46],[49.96,56.39],[50.29,56.32],[50.57,56.11],[51.08,56.05],[51.05,55.98],[51.82,55.91],[51.79,55.84],[52.27,55.7],[52.31,55.57],[52.48,55.57],[52.52,55.43],[52.7,55.43],[52.65,55.29],[53.33,54.75],[54.0,54.68],[53.97,54.61],[55.36,54.61],[57.03,54.89],[57.26,55.02],[58.04,55.02],[58.19,55.16],[59.4,55.36],[59.67,55.57],[60.57,55.63],[60.51,55.5],[60.6,55.5],[61.18,55.63],[61.97,55.63],[62.68,55.84],[62.95,56.05],[63.18,55.98],[64.39,56.32],[66.43,56.52],[66.4,56.46],[66.84,56.46],[66.86,56.32],[67.16,56.39],[67.13,56.32],[67.8,56.25],[67.76,56.18],[68.78,56.11],[68.75,56.05],[70.12,55.98],[70.09,55.91],[70.56,55.98],[70.49,55.84],[74.8,55.7],[74.77,55.63],[75.5,55.7],[75.47,55.63],[76.78,55.63],[76.74,55.57],[77.18,55.57],[77.14,55.5],[78.59,55.43],[78.55,55.36],[79.87,55.23],[79.83,55.16],[80.31,55.09],[80.27,55.02],[80.53,55.02],[80.49,54.95],[80.75,54.95],[80.71,54.89],[80.94,54.82],[81.02,54.82],[80.98,54.75],[81.29,54.68],[81.3,54.55],[81.6,54.48],[81.61,54.34],[81.78,54.34],[81.79,54.21],[82.28,54.0],[82.43,53.66],[82.6,53.66],[82.65,53.46],[82.82,53.46],[82.79,53.39],[82.97,53.26],[82.89,53.12],[83.07,52.99],[82.99,52.86],[83.12,52.79],[83.05,52.65],[83.18,52.59],[83.1,52.45],[83.24,52.38],[83.16,52.25],[83.26,52.12],[83.09,51.51],[83.19,51.38],[83.08,51.18],[83.17,51.18],[83.11,50.91],[83.29,50.78],[83.22,50.65],[83.42,50.38],[83.94,50.25],[83.9,50.18],[84.76,50.05],[84.72,49.98],[85.02,49.91],[85.14,49.65],[85.3,49.65],[85.25,49.38],[85.55,48.99],[85.48,48.85],[85.62,48.79],[85.55,48.65],[85.63,48.65],[85.57,48.52],[85.67,48.39],[85.48,47.99],[85.56,47.99],[85.51,47.73],[85.35,47.73],[85.17,47.53],[83.98,47.27],[83.36,47.01],[80.89,46.61],[80.75,46.48],[80.04,46.74],[80.07,46.81],[79.61,46.68],[79.31,46.74],[79.33,46.81],[78.7,46.87],[78.1,46.61],[77.91,46.74],[76.73,46.68],[76.76,46.74],[76.35,46.74],[76.32,46.87],[74.6,46.87],[74.44,46.68],[74.36,46.68],[73.89,46.74],[73.91,46.81],[73.18,46.81],[72.03,46.61],[70.96,45.69],[69.98,44.32],[66.68,44.12],[66.6,44.12],[61.96,43.73],[61.76,43.6],[61.52,43.08],[61.21,42.82],[61.13,42.56],[60.78,42.17],[59.87,41.46],[59.52,41.33],[59.5,41.26],[58.83,40.81],[56.35,40.42],[56.14,39.84],[55.95,39.71],[55.89,39.45],[55.45,38.87],[54.95,38.74],[53.95,38.8],[53.96,38.87],[53.99,39.0],[53.73,39.26],[53.14,39.45],[53.54,39.51],[53.5,40.03],[52.79,40.03],[52.71,40.42],[52.79,40.42],[52.89,40.87],[52.97,40.87],[52.94,40.74],[53.34,40.74],[53.45,40.87],[53.4,40.68],[54.37,40.74],[54.4,40.87],[54.67,41.0],[54.73,41.26],[54.09,41.59],[53.91,42.17],[53.19,42.17],[52.81,41.91],[52.8,41.52],[52.72,41.52],[52.49,41.91],[52.52,42.04],[52.44,42.04],[52.68,42.37],[52.79,42.82],[52.42,42.95],[51.94,42.95],[51.77,43.28],[51.44,43.21],[51.31,43.34],[51.32,43.73],[51.04,43.93],[51.07,44.06],[50.88,44.25],[50.19,44.45],[50.22,44.58],[50.4,44.65],[50.86,44.52],[51.42,44.52],[51.47,44.71],[51.02,44.84],[51.06,45.04],[51.47,45.37],[51.88,45.37],[52.09,45.24],[53.88,45.24],[53.81,44.97],[54.3,44.97],[54.36,45.24],[54.22,45.3],[54.29,45.56],[53.88,45.56],[53.67,45.37],[53.42,45.37],[53.06,45.56],[53.07,45.89],[53.25,45.96],[53.35,46.35],[53.27,46.35],[53.27,46.68],[53.19,46.68],[53.24,46.87],[53.11,47.01],[51.86,46.94],[51.81,47.07],[51.58,47.14],[50.84,47.14],[50.3,46.94],[49.99,46.68],[49.3,46.55],[49.06,46.22],[48.64,46.15],[48.59,45.96],[48.35,45.96],[48.06,45.76],[47.57,45.76],[47.47,45.69],[47.52,45.56],[47.51,45.5],[47.48,45.37],[47.33,45.43]]],[[[51.1,56.11],[51.19,56.11],[51.16,56.05],[51.08,56.05],[51.1,56.11]]]]},"properties":{"id":"territory:Golden Horde:1352","name":"킵차크 칸국","name_en":"Golden Horde","actor":"기타중립","valid_from":1352,"valid_to":1363,"wikidata":"Q79965","area":4891354,"src":"cliopatria","confidence":"medium"}},{"type":"Feature","geometry":{"type":"Point","coordinates":[55.657,49.661]},"properties":{"id":"territory:Golden Horde:1352:label","name":"킵차크 칸국","name_en":"Golden Horde","actor":"기타중립","valid_from":1352,"valid_to":1363,"wikidata":"Q79965","area":4891354,"src":"cliopatria","confidence":"medium"}},{"type":"Feature","geometry":{"type":"MultiPolygon","coordinates":[[[[34.99,45.63],[35.02,45.3],[36.42,45.43],[36.37,45.1],[36.2,45.04],[35.41,45.17],[35.4,45.1],[35.15,45.1],[34.97,44.97],[34.57,44.97],[34.39,44.91],[34.38,44.78],[34.03,44.65],[33.56,44.71],[33.57,44.78],[33.61,45.1],[33.47,45.24],[33.22,45.24],[32.61,45.5],[33.71,45.82],[33.74,46.02],[34.15,46.09],[34.54,45.96],[34.74,45.63],[34.82,45.63],[34.99,45.63]]],[[[29.67,45.43],[29.66,45.37],[29.58,45.37],[29.58,45.43],[29.67,45.43]]],[[[53.08,45.96],[53.1,46.02],[53.18,46.02],[53.17,45.96],[53.08,45.96]]],[[[47.33,45.43],[47.29,45.24],[47.1,45.1],[47.04,44.84],[46.69,44.71],[46.63,44.45],[47.01,44.32],[47.34,43.99],[47.34,43.6],[47.46,43.41],[47.4,43.15],[47.39,43.08],[45.73,42.43],[45.23,42.69],[44.82,42.69],[44.84,42.76],[44.76,42.76],[44.74,42.69],[44.36,42.76],[43.85,42.63],[43.66,42.89],[43.42,42.89],[42.99,43.15],[41.71,43.21],[41.12,43.47],[40.4,43.54],[40.26,43.67],[40.29,43.8],[40.03,43.73],[39.35,43.99],[39.36,44.06],[38.22,44.45],[38.01,44.71],[37.53,44.71],[37.17,45.04],[37.22,45.3],[37.7,45.3],[37.75,45.56],[37.59,45.63],[37.76,45.63],[37.89,45.96],[38.33,46.15],[38.37,46.35],[37.9,46.48],[37.84,46.61],[38.49,46.61],[38.62,46.87],[39.14,47.01],[39.22,47.01],[39.48,47.07],[39.53,47.33],[39.22,47.47],[39.11,47.33],[39.03,47.33],[38.68,47.2],[37.52,47.14],[37.17,47.01],[37.23,46.87],[36.91,46.94],[36.8,46.81],[35.63,46.68],[35.25,46.28],[34.76,46.28],[34.74,46.15],[34.08,46.15],[34.02,46.28],[33.61,46.28],[33.59,46.15],[32.95,46.22],[32.85,46.09],[32.68,46.09],[32.06,46.35],[31.82,46.35],[31.84,46.48],[32.16,46.48],[32.19,46.68],[32.03,46.74],[31.79,46.74],[31.61,46.61],[30.88,46.68],[30.3,45.96],[30.04,45.89],[29.86,45.69],[29.61,45.69],[29.59,45.5],[29.58,45.43],[29.1,45.43],[28.67,45.24],[28.35,45.3],[28.28,45.43],[28.04,45.43],[27.86,45.3],[27.63,45.43],[26.66,45.5],[26.42,45.5],[26.24,45.37],[26.18,45.56],[26.02,45.63],[25.95,45.76],[25.71,45.82],[25.91,46.15],[25.75,46.22],[25.71,46.68],[25.41,47.01],[25.43,47.2],[25.26,47.2],[25.21,47.47],[24.89,47.6],[24.91,47.8],[24.99,47.8],[25.01,48.06],[25.63,48.46],[25.57,48.65],[25.25,48.79],[25.27,48.99],[25.95,49.18],[26.22,49.38],[26.19,49.85],[26.03,49.91],[25.97,50.11],[25.8,50.11],[25.82,50.31],[25.66,50.38],[25.7,50.71],[25.96,50.85],[25.99,51.05],[26.49,51.05],[26.95,51.31],[27.64,51.45],[28.1,51.71],[28.41,52.12],[29.26,52.12],[29.3,51.78],[29.68,51.45],[30.27,51.45],[30.33,51.31],[30.5,51.31],[30.6,51.38],[30.52,51.45],[30.58,51.85],[30.44,51.98],[30.46,52.12],[30.96,52.05],[31.3,52.59],[31.48,52.65],[31.51,52.86],[31.9,53.12],[34.0,53.33],[34.98,53.94],[35.01,54.07],[35.92,54.68],[35.95,54.82],[36.5,54.95],[36.65,55.23],[37.18,54.89],[37.8,54.95],[38.45,54.75],[38.87,55.02],[39.12,55.7],[39.3,55.7],[39.33,55.84],[39.94,55.84],[40.15,55.98],[40.33,56.32],[41.98,56.52],[41.96,56.46],[42.04,56.46],[42.06,56.18],[42.21,56.11],[42.19,56.05],[42.23,55.84],[42.31,55.84],[45.29,56.11],[45.75,56.18],[45.88,56.32],[46.85,56.32],[47.54,56.52],[47.96,56.46],[48.27,56.59],[49.24,56.59],[49.22,56.52],[49.99,56.46],[49.96,56.39],[50.29,56.32],[50.57,56.11],[51.08,56.05],[51.05,55.98],[51.82,55.91],[51.79,55.84],[52.27,55.7],[52.31,55.57],[52.48,55.57],[52.52,55.43],[52.7,55.43],[52.65,55.29],[53.33,54.75],[54.0,54.68],[53.97,54.61],[55.36,54.61],[57.03,54.89],[57.26,55.02],[58.04,55.02],[58.19,55.16],[59.4,55.36],[59.67,55.57],[60.57,55.63],[60.51,55.5],[60.6,55.5],[61.18,55.63],[61.97,55.63],[62.68,55.84],[62.95,56.05],[63.18,55.98],[64.39,56.32],[66.43,56.52],[66.4,56.46],[66.84,56.46],[66.86,56.32],[67.16,56.39],[67.13,56.32],[67.8,56.25],[67.76,56.18],[68.78,56.11],[68.75,56.05],[70.12,55.98],[70.09,55.91],[70.56,55.98],[70.49,55.84],[74.8,55.7],[74.77,55.63],[75.5,55.7],[75.47,55.63],[76.78,55.63],[76.74,55.57],[77.18,55.57],[77.14,55.5],[78.59,55.43],[78.55,55.36],[79.87,55.23],[79.83,55.16],[80.31,55.09],[80.27,55.02],[80.53,55.02],[80.49,54.95],[80.75,54.95],[80.71,54.89],[80.94,54.82],[81.02,54.82],[80.98,54.75],[81.29,54.68],[81.3,54.55],[81.6,54.48],[81.61,54.34],[81.78,54.34],[81.79,54.21],[82.28,54.0],[82.43,53.66],[82.6,53.66],[82.65,53.46],[82.82,53.46],[82.79,53.39],[82.97,53.26],[82.89,53.12],[83.07,52.99],[82.99,52.86],[83.12,52.79],[83.05,52.65],[83.18,52.59],[83.1,52.45],[83.24,52.38],[83.16,52.25],[83.26,52.12],[83.09,51.51],[83.19,51.38],[83.08,51.18],[83.17,51.18],[83.11,50.91],[83.29,50.78],[83.22,50.65],[83.42,50.38],[83.94,50.25],[83.9,50.18],[84.76,50.05],[84.72,49.98],[85.02,49.91],[85.14,49.65],[85.3,49.65],[85.25,49.38],[85.55,48.99],[85.48,48.85],[85.62,48.79],[85.55,48.65],[85.63,48.65],[85.57,48.52],[85.67,48.39],[85.48,47.99],[85.56,47.99],[85.51,47.73],[85.35,47.73],[85.17,47.53],[83.98,47.27],[83.36,47.01],[80.89,46.61],[80.75,46.48],[80.04,46.74],[80.07,46.81],[79.61,46.68],[79.31,46.74],[79.33,46.81],[78.7,46.87],[78.1,46.61],[77.91,46.74],[76.73,46.68],[76.76,46.74],[76.35,46.74],[76.32,46.87],[74.6,46.87],[74.44,46.68],[74.36,46.68],[73.89,46.74],[73.91,46.81],[73.18,46.81],[72.03,46.61],[70.96,45.69],[69.98,44.32],[61.96,43.73],[61.76,43.6],[61.52,43.08],[61.21,42.82],[61.13,42.56],[60.78,42.17],[60.6,42.11],[60.45,41.85],[59.5,41.26],[58.83,40.81],[56.35,40.42],[56.14,39.84],[55.95,39.71],[55.89,39.45],[55.45,38.87],[53.95,38.8],[53.96,38.87],[53.99,39.0],[53.73,39.26],[53.14,39.45],[53.54,39.51],[53.5,40.03],[52.79,40.03],[52.71,40.42],[52.79,40.42],[52.89,40.87],[52.97,40.87],[52.94,40.74],[53.34,40.74],[53.45,40.87],[53.4,40.68],[54.37,40.74],[54.4,40.87],[54.67,41.0],[54.73,41.26],[54.09,41.59],[53.91,42.17],[53.19,42.17],[52.81,41.91],[52.8,41.52],[52.72,41.52],[52.49,41.91],[52.52,42.04],[52.44,42.04],[52.68,42.37],[52.79,42.82],[52.42,42.95],[51.94,42.95],[51.77,43.28],[51.44,43.21],[51.31,43.34],[51.32,43.73],[51.04,43.93],[51.07,44.06],[50.88,44.25],[50.19,44.45],[50.22,44.58],[50.4,44.65],[50.86,44.52],[51.42,44.52],[51.47,44.71],[51.02,44.84],[51.06,45.04],[51.47,45.37],[51.88,45.37],[52.09,45.24],[53.88,45.24],[53.81,44.97],[54.3,44.97],[54.36,45.24],[54.22,45.3],[54.29,45.56],[53.88,45.56],[53.67,45.37],[53.42,45.37],[53.06,45.56],[53.07,45.89],[53.25,45.96],[53.35,46.35],[53.27,46.35],[53.27,46.68],[53.19,46.68],[53.24,46.87],[53.11,47.01],[51.86,46.94],[51.81,47.07],[51.58,47.14],[50.84,47.14],[50.3,46.94],[49.99,46.68],[49.3,46.55],[49.06,46.22],[48.64,46.15],[48.59,45.96],[48.35,45.96],[48.06,45.76],[47.57,45.76],[47.47,45.69],[47.52,45.56],[47.51,45.5],[47.48,45.37],[47.33,45.43]]],[[[51.1,56.11],[51.19,56.11],[51.16,56.05],[51.08,56.05],[51.1,56.11]]]]},"properties":{"id":"territory:Golden Horde:1333","name":"킵차크 칸국","name_en":"Golden Horde","actor":"기타중립","valid_from":1333,"valid_to":1344,"wikidata":"Q79965","area":4882340,"src":"cliopatria","confidence":"medium"}},{"type":"Feature","geometry":{"type":"Point","coordinates":[55.619,49.69]},"properties":{"id":"territory:Golden Horde:1333:label","name":"킵차크 칸국","name_en":"Golden Horde","actor":"기타중립","valid_from":1333,"valid_to":1344,"wikidata":"Q79965","area":4882340,"src":"cliopatria","confidence":"medium"}},{"type":"Feature","geometry":{"type":"MultiPolygon","coordinates":[[[[53.17,45.96],[53.08,45.96],[53.1,46.02],[53.18,46.02],[53.17,45.96]]],[[[47.33,45.43],[47.04,44.84],[46.69,44.71],[46.63,44.45],[47.01,44.32],[47.34,43.99],[47.34,43.6],[47.46,43.41],[47.38,43.02],[47.66,42.82],[47.68,42.56],[47.96,42.37],[47.93,42.24],[49.09,41.26],[49.06,41.13],[49.27,41.0],[49.24,40.87],[49.51,40.61],[50.05,40.55],[50.26,40.42],[49.69,40.36],[49.4,40.1],[49.27,39.38],[49.15,39.19],[48.92,39.19],[48.8,39.0],[48.74,38.67],[48.82,38.67],[48.76,38.35],[48.84,38.35],[48.86,38.03],[48.85,37.96],[48.27,37.77],[46.75,38.03],[45.48,37.9],[45.4,38.42],[46.26,38.87],[46.67,38.93],[47.39,39.45],[47.38,39.84],[47.0,39.9],[46.8,40.1],[46.94,40.42],[46.54,40.42],[46.49,40.55],[46.26,40.61],[46.6,41.13],[47.11,41.33],[47.15,41.52],[46.74,41.85],[46.35,41.91],[46.3,42.04],[45.75,42.11],[45.67,42.5],[45.23,42.69],[44.82,42.69],[44.84,42.76],[44.76,42.76],[44.74,42.69],[44.36,42.76],[43.85,42.63],[43.66,42.89],[43.42,42.89],[42.99,43.15],[41.71,43.21],[41.12,43.47],[40.4,43.54],[40.26,43.67],[40.29,43.8],[40.03,43.73],[39.35,43.99],[39.36,44.06],[38.22,44.45],[38.01,44.71],[37.53,44.71],[37.17,45.04],[37.22,45.3],[37.7,45.3],[37.75,45.56],[37.59,45.63],[37.76,45.63],[37.89,45.96],[38.33,46.15],[38.37,46.35],[37.9,46.48],[37.84,46.61],[38.49,46.61],[38.62,46.87],[39.14,47.01],[39.22,47.01],[39.48,47.07],[39.53,47.33],[39.22,47.47],[39.11,47.33],[39.03,47.33],[38.68,47.2],[37.52,47.14],[37.17,47.01],[37.23,46.87],[36.91,46.94],[36.8,46.81],[35.63,46.68],[35.25,46.28],[34.76,46.28],[34.74,46.15],[34.08,46.15],[34.02,46.28],[33.61,46.28],[33.59,46.15],[32.95,46.22],[32.85,46.09],[32.68,46.09],[32.06,46.35],[31.82,46.35],[31.84,46.48],[32.16,46.48],[32.17,46.55],[32.92,46.61],[33.69,46.87],[34.08,47.27],[34.11,47.47],[34.38,47.6],[35.03,47.53],[35.5,48.92],[35.78,49.12],[35.95,49.12],[36.01,48.99],[36.0,48.92],[35.81,48.79],[36.07,48.85],[36.08,48.92],[36.33,48.92],[36.31,48.79],[36.63,48.72],[36.69,48.59],[36.94,48.59],[37.84,48.99],[37.86,49.12],[37.71,49.18],[37.67,49.45],[37.59,49.45],[37.63,49.65],[37.54,49.65],[37.75,50.31],[37.84,50.31],[37.9,51.05],[38.09,51.18],[38.15,51.45],[37.94,51.65],[37.96,51.78],[37.48,51.92],[37.43,52.05],[37.01,52.12],[36.74,52.45],[36.43,52.59],[36.32,52.92],[35.77,53.12],[36.1,53.94],[36.02,53.94],[36.06,54.14],[35.89,54.14],[35.93,54.34],[35.73,54.61],[35.92,54.68],[35.95,54.82],[36.5,54.95],[36.54,55.16],[37.18,54.89],[37.8,54.95],[38.45,54.75],[38.87,55.02],[39.12,55.7],[39.3,55.7],[39.33,55.84],[39.94,55.84],[40.15,55.98],[40.33,56.32],[41.98,56.52],[41.96,56.46],[42.04,56.46],[42.06,56.18],[42.21,56.11],[42.19,56.05],[42.23,55.84],[42.31,55.84],[45.29,56.11],[45.75,56.18],[45.88,56.32],[46.85,56.32],[47.54,56.52],[47.96,56.46],[48.27,56.59],[49.24,56.59],[49.22,56.52],[49.99,56.46],[49.96,56.39],[50.29,56.32],[50.57,56.11],[51.08,56.05],[51.05,55.98],[51.82,55.91],[51.79,55.84],[52.27,55.7],[52.31,55.57],[52.48,55.57],[52.52,55.43],[52.7,55.43],[52.65,55.29],[52.96,54.95],[53.14,54.95],[53.18,54.82],[54.0,54.68],[53.97,54.61],[55.36,54.61],[57.03,54.89],[57.26,55.02],[58.04,55.02],[58.19,55.16],[59.4,55.36],[59.67,55.57],[60.57,55.63],[60.51,55.5],[60.6,55.5],[61.18,55.63],[61.97,55.63],[62.68,55.84],[62.95,56.05],[63.18,55.98],[64.01,56.25],[65.57,56.39],[65.99,56.52],[66.84,56.46],[66.86,56.32],[67.16,56.39],[67.13,56.32],[67.8,56.25],[67.76,56.18],[68.78,56.11],[68.75,56.05],[70.12,55.98],[70.09,55.91],[70.56,55.98],[70.49,55.84],[76.78,55.63],[76.74,55.57],[77.18,55.57],[77.14,55.5],[79.56,55.29],[79.52,55.23],[79.87,55.23],[79.83,55.16],[80.75,54.95],[80.71,54.89],[81.29,54.68],[81.3,54.55],[81.6,54.48],[81.56,54.41],[81.78,54.34],[81.79,54.21],[82.1,54.14],[82.1,54.0],[82.41,53.94],[82.33,53.8],[82.42,53.8],[82.43,53.66],[82.6,53.66],[82.65,53.46],[82.82,53.46],[82.79,53.39],[82.97,53.26],[82.89,53.12],[83.07,52.99],[83.05,52.65],[83.24,52.38],[83.16,52.25],[83.26,52.12],[83.14,51.92],[83.23,51.92],[83.12,51.71],[83.2,51.71],[83.09,51.51],[83.19,51.38],[83.08,51.18],[83.17,51.18],[83.1,51.05],[83.27,51.05],[83.11,50.91],[83.29,50.78],[83.22,50.65],[83.42,50.38],[83.59,50.38],[83.69,50.25],[84.54,50.11],[84.51,50.05],[84.59,50.05],[85.02,49.91],[85.14,49.65],[85.3,49.65],[85.25,49.38],[85.55,48.99],[85.48,48.85],[85.62,48.79],[85.55,48.65],[85.63,48.65],[85.57,48.52],[85.67,48.39],[85.48,47.99],[85.56,47.99],[85.51,47.73],[85.35,47.73],[85.17,47.53],[83.98,47.27],[83.36,47.01],[80.89,46.61],[80.75,46.48],[80.04,46.74],[80.07,46.81],[79.61,46.68],[79.31,46.74],[79.33,46.81],[78.7,46.87],[78.1,46.61],[77.91,46.74],[76.73,46.68],[76.76,46.74],[76.35,46.74],[76.32,46.87],[74.6,46.87],[74.44,46.68],[74.36,46.68],[73.89,46.74],[73.91,46.81],[73.18,46.81],[72.03,46.61],[70.96,45.69],[69.98,44.32],[66.76,44.12],[61.96,43.73],[61.76,43.6],[61.52,43.08],[61.21,42.82],[61.13,42.56],[60.78,42.17],[60.6,42.11],[60.45,41.85],[59.5,41.26],[58.83,40.81],[56.35,40.42],[56.14,39.84],[55.95,39.71],[55.89,39.45],[55.45,38.87],[54.95,38.74],[53.95,38.8],[53.96,38.87],[53.99,39.0],[53.73,39.26],[53.14,39.45],[53.54,39.51],[53.5,40.03],[52.79,40.03],[52.71,40.42],[52.79,40.42],[52.89,40.87],[52.97,40.87],[52.94,40.74],[53.34,40.74],[53.45,40.87],[53.4,40.68],[54.37,40.74],[54.4,40.87],[54.67,41.0],[54.73,41.26],[54.09,41.59],[53.91,42.17],[53.19,42.17],[52.81,41.91],[52.8,41.52],[52.72,41.52],[52.49,41.91],[52.52,42.04],[52.44,42.04],[52.68,42.37],[52.79,42.82],[52.42,42.95],[51.94,42.95],[51.77,43.28],[51.44,43.21],[51.31,43.34],[51.32,43.73],[51.04,43.93],[51.07,44.06],[50.88,44.25],[50.19,44.45],[50.22,44.58],[50.4,44.65],[50.86,44.52],[51.42,44.52],[51.47,44.71],[51.02,44.84],[51.06,45.04],[51.47,45.37],[51.88,45.37],[52.09,45.24],[53.88,45.24],[53.81,44.97],[54.3,44.97],[54.36,45.24],[54.22,45.3],[54.29,45.56],[53.88,45.56],[53.67,45.37],[53.42,45.37],[53.06,45.56],[53.07,45.89],[53.25,45.96],[53.35,46.35],[53.27,46.35],[53.27,46.68],[53.19,46.68],[53.24,46.87],[53.11,47.01],[51.86,46.94],[51.81,47.07],[51.58,47.14],[50.84,47.14],[50.3,46.94],[49.99,46.68],[49.3,46.55],[49.06,46.22],[48.64,46.15],[48.59,45.96],[48.35,45.96],[48.06,45.76],[47.57,45.76],[47.47,45.69],[47.5,45.43],[47.48,45.37],[47.33,45.43]]],[[[51.08,56.05],[51.1,56.11],[51.19,56.11],[51.16,56.05],[51.08,56.05]]]]},"properties":{"id":"territory:Golden Horde:1385","name":"킵차크 칸국","name_en":"Golden Horde","actor":"기타중립","valid_from":1385,"valid_to":1395,"wikidata":"Q79965","area":4416357,"src":"cliopatria","confidence":"medium"}},{"type":"Feature","geometry":{"type":"Point","coordinates":[58.502,49.503]},"properties":{"id":"territory:Golden Horde:1385:label","name":"킵차크 칸국","name_en":"Golden Horde","actor":"기타중립","valid_from":1385,"valid_to":1395,"wikidata":"Q79965","area":4416357,"src":"cliopatria","confidence":"medium"}},{"type":"Feature","geometry":{"type":"MultiPolygon","coordinates":[[[[53.17,45.96],[53.08,45.96],[53.1,46.02],[53.18,46.02],[53.17,45.96]]],[[[47.5,47.27],[47.19,47.33],[46.99,47.53],[47.02,47.66],[46.53,48.06],[46.56,48.19],[46.09,48.65],[45.63,48.85],[45.24,49.32],[44.96,49.18],[44.83,48.99],[45.04,48.79],[45.01,48.65],[46.31,47.47],[46.3,47.4],[46.38,47.4],[46.36,47.33],[46.45,47.33],[46.42,47.2],[47.19,46.61],[46.93,46.22],[46.7,45.5],[46.26,44.97],[46.16,44.52],[46.31,44.45],[46.28,44.32],[46.55,44.06],[46.93,43.93],[46.94,43.6],[47.02,43.6],[46.95,43.28],[45.97,42.82],[45.89,42.82],[45.88,42.76],[45.52,42.56],[45.23,42.69],[44.82,42.69],[44.84,42.76],[44.76,42.76],[43.85,42.63],[43.66,42.89],[43.42,42.89],[42.99,43.15],[41.71,43.21],[41.12,43.47],[40.4,43.54],[40.26,43.67],[40.29,43.8],[40.03,43.73],[39.35,43.99],[39.36,44.06],[38.22,44.45],[38.01,44.71],[37.53,44.71],[37.17,45.04],[37.22,45.3],[37.7,45.3],[37.75,45.56],[37.59,45.63],[37.76,45.63],[37.89,45.96],[38.33,46.15],[38.37,46.35],[37.9,46.48],[37.84,46.61],[38.49,46.61],[38.62,46.87],[39.14,47.01],[39.22,47.01],[39.48,47.07],[39.53,47.33],[39.22,47.47],[39.11,47.33],[39.03,47.33],[38.68,47.2],[37.52,47.14],[37.17,47.01],[37.23,46.87],[36.91,46.94],[36.8,46.81],[35.63,46.68],[35.25,46.28],[34.76,46.28],[34.74,46.15],[34.08,46.15],[34.02,46.28],[33.61,46.28],[33.59,46.15],[32.95,46.22],[32.85,46.09],[32.68,46.09],[32.06,46.35],[31.82,46.35],[31.84,46.48],[32.16,46.48],[32.17,46.55],[32.92,46.61],[33.69,46.87],[34.08,47.27],[34.11,47.47],[34.38,47.6],[35.03,47.53],[35.5,48.92],[35.78,49.12],[35.95,49.12],[36.01,48.99],[36.0,48.92],[35.81,48.79],[36.07,48.85],[36.08,48.92],[36.33,48.92],[36.31,48.79],[36.63,48.72],[36.69,48.59],[36.94,48.59],[37.84,48.99],[37.86,49.12],[37.71,49.18],[37.67,49.45],[37.59,49.45],[37.63,49.65],[37.54,49.65],[37.75,50.31],[37.84,50.31],[37.9,51.05],[38.09,51.18],[38.15,51.45],[37.94,51.65],[37.96,51.78],[37.48,51.92],[37.43,52.05],[37.01,52.12],[36.74,52.45],[36.43,52.59],[36.32,52.92],[35.77,53.12],[35.83,53.46],[36.05,53.66],[35.79,53.66],[35.9,53.8],[35.83,53.87],[35.93,54.34],[35.73,54.61],[35.92,54.68],[35.95,54.82],[36.5,54.95],[36.54,55.16],[37.18,54.89],[37.8,54.95],[38.45,54.75],[38.87,55.02],[39.12,55.7],[39.3,55.7],[39.33,55.84],[39.94,55.84],[40.15,55.98],[40.33,56.32],[41.23,56.39],[41.21,56.32],[41.64,56.25],[41.84,56.05],[42.21,56.11],[42.19,56.05],[42.23,55.84],[42.31,55.84],[45.29,56.11],[45.75,56.18],[45.88,56.32],[46.85,56.32],[47.54,56.52],[47.96,56.46],[48.27,56.59],[49.24,56.59],[49.22,56.52],[49.99,56.46],[49.96,56.39],[50.29,56.32],[50.57,56.11],[51.08,56.05],[51.05,55.98],[51.82,55.91],[51.79,55.84],[52.27,55.7],[52.31,55.57],[52.48,55.57],[52.52,55.43],[52.7,55.43],[52.65,55.29],[52.96,54.95],[53.14,54.95],[53.18,54.82],[54.0,54.68],[53.97,54.61],[55.36,54.61],[57.03,54.89],[57.26,55.02],[58.04,55.02],[58.19,55.16],[59.4,55.36],[59.67,55.57],[60.57,55.63],[60.51,55.5],[60.6,55.5],[61.18,55.63],[61.97,55.63],[62.68,55.84],[62.95,56.05],[63.18,55.98],[64.01,56.25],[65.57,56.39],[65.99,56.52],[66.84,56.46],[66.86,56.32],[67.16,56.39],[67.13,56.32],[67.8,56.25],[67.76,56.18],[68.78,56.11],[68.75,56.05],[70.12,55.98],[70.09,55.91],[70.56,55.98],[70.49,55.84],[76.78,55.63],[76.74,55.57],[77.18,55.57],[77.14,55.5],[79.56,55.29],[79.52,55.23],[79.87,55.23],[79.83,55.16],[80.75,54.95],[80.71,54.89],[81.29,54.68],[81.3,54.55],[81.6,54.48],[81.56,54.41],[81.78,54.34],[81.79,54.21],[82.1,54.14],[82.1,54.0],[82.41,53.94],[82.33,53.8],[82.42,53.8],[82.43,53.66],[82.6,53.66],[82.65,53.46],[82.82,53.46],[82.79,53.39],[82.97,53.26],[82.89,53.12],[83.07,52.99],[83.05,52.65],[83.24,52.38],[83.16,52.25],[83.26,52.12],[83.14,51.92],[83.23,51.92],[83.12,51.71],[83.2,51.71],[83.09,51.51],[83.19,51.38],[83.08,51.18],[83.17,51.18],[83.1,51.05],[83.27,51.05],[83.11,50.91],[83.29,50.78],[83.22,50.65],[83.42,50.38],[83.59,50.38],[83.69,50.25],[84.54,50.11],[84.51,50.05],[84.59,50.05],[85.02,49.91],[85.14,49.65],[85.3,49.65],[85.25,49.38],[85.55,48.99],[85.48,48.85],[85.62,48.79],[85.55,48.65],[85.63,48.65],[85.57,48.52],[85.67,48.39],[85.48,47.99],[85.56,47.99],[85.51,47.73],[85.35,47.73],[85.17,47.53],[83.98,47.27],[83.36,47.01],[80.89,46.61],[80.75,46.48],[80.04,46.74],[80.07,46.81],[79.61,46.68],[79.31,46.74],[79.33,46.81],[78.7,46.87],[78.1,46.61],[77.91,46.74],[76.73,46.68],[76.76,46.74],[76.35,46.74],[76.32,46.87],[74.6,46.87],[74.44,46.68],[73.95,46.48],[73.87,46.28],[73.63,46.28],[73.58,46.15],[73.55,46.09],[71.35,44.32],[70.43,44.45],[70.14,44.32],[69.39,44.25],[67.43,44.19],[61.96,43.73],[61.76,43.6],[61.52,43.08],[61.21,42.82],[61.13,42.56],[60.45,41.85],[59.87,41.46],[59.71,41.46],[58.83,40.81],[56.35,40.42],[56.14,39.84],[55.95,39.71],[55.89,39.45],[55.45,38.87],[54.95,38.74],[53.95,38.8],[53.96,38.87],[53.99,39.0],[53.73,39.26],[53.14,39.45],[53.54,39.51],[53.5,40.03],[52.79,40.03],[52.71,40.42],[52.79,40.42],[52.89,40.87],[52.97,40.87],[52.94,40.74],[53.34,40.74],[53.45,40.87],[53.4,40.68],[54.37,40.74],[54.4,40.87],[54.67,41.0],[54.73,41.26],[54.09,41.59],[53.91,42.17],[53.19,42.17],[52.81,41.91],[52.8,41.52],[52.72,41.52],[52.49,41.91],[52.52,42.04],[52.44,42.04],[52.68,42.37],[52.79,42.82],[52.42,42.95],[51.94,42.95],[51.77,43.28],[51.44,43.21],[51.31,43.34],[51.32,43.73],[51.04,43.93],[51.07,44.06],[50.88,44.25],[50.19,44.45],[50.22,44.58],[50.4,44.65],[50.86,44.52],[51.42,44.52],[51.47,44.71],[51.02,44.84],[51.06,45.04],[51.47,45.37],[51.88,45.37],[52.09,45.24],[53.88,45.24],[53.81,44.97],[54.3,44.97],[54.36,45.24],[54.22,45.3],[54.29,45.56],[53.88,45.56],[53.67,45.37],[53.42,45.37],[53.06,45.56],[53.07,45.89],[53.25,45.96],[53.35,46.35],[53.27,46.35],[53.27,46.68],[53.19,46.68],[53.24,46.87],[53.11,47.01],[51.86,46.94],[51.81,47.07],[51.58,47.14],[50.84,47.14],[50.3,46.94],[49.99,46.68],[49.3,46.55],[49.06,46.22],[48.64,46.15],[48.59,45.96],[48.43,45.96],[48.35,45.96],[48.3,46.48],[47.96,46.74],[47.97,46.81],[47.5,47.27]]],[[[51.08,56.05],[51.1,56.11],[51.19,56.11],[51.16,56.05],[51.08,56.05]]]]},"properties":{"id":"territory:Golden Horde:1395","name":"킵차크 칸국","name_en":"Golden Horde","actor":"기타중립","valid_from":1395,"valid_to":1402,"wikidata":"Q79965","area":4294426,"src":"cliopatria","confidence":"medium"}},{"type":"Feature","geometry":{"type":"Point","coordinates":[58.981,49.71]},"properties":{"id":"territory:Golden Horde:1395:label","name":"킵차크 칸국","name_en":"Golden Horde","actor":"기타중립","valid_from":1395,"valid_to":1402,"wikidata":"Q79965","area":4294426,"src":"cliopatria","confidence":"medium"}},{"type":"Feature","geometry":{"type":"Polygon","coordinates":[[[48.3,46.48],[48.35,45.96],[48.33,45.89],[47.47,45.69],[47.48,45.37],[47.33,45.43],[47.04,44.84],[46.69,44.71],[46.63,44.45],[47.01,44.32],[47.34,43.99],[47.34,43.6],[47.46,43.41],[47.38,43.02],[47.66,42.82],[47.68,42.56],[47.96,42.37],[47.93,42.24],[49.09,41.26],[49.06,41.13],[49.27,41.0],[49.24,40.87],[49.51,40.61],[50.05,40.55],[50.26,40.42],[49.69,40.36],[49.51,40.23],[49.27,39.38],[49.15,39.19],[48.92,39.19],[48.8,39.0],[48.76,38.35],[48.84,38.35],[48.88,37.71],[49.09,37.51],[50.0,37.38],[50.32,37.0],[50.57,37.06],[50.63,37.0],[50.53,36.87],[50.82,36.74],[51.64,36.55],[52.59,36.61],[53.49,36.87],[54.03,36.87],[54.09,37.19],[53.91,37.45],[53.91,37.84],[53.83,37.84],[53.93,38.74],[53.95,38.8],[54.95,38.74],[55.45,38.87],[55.89,39.45],[55.95,39.71],[56.14,39.84],[56.35,40.42],[58.83,40.81],[59.71,41.46],[59.87,41.46],[60.45,41.85],[61.13,42.56],[61.21,42.82],[61.52,43.08],[61.76,43.6],[61.96,43.73],[67.43,44.19],[69.39,44.25],[70.14,44.32],[70.43,44.45],[71.35,44.32],[70.3,43.15],[70.21,42.89],[70.32,42.76],[70.11,42.37],[70.19,42.37],[70.19,42.11],[70.5,41.85],[71.04,41.78],[71.05,41.59],[72.1,41.39],[72.92,41.0],[72.94,40.81],[73.18,40.81],[73.21,40.68],[73.37,40.68],[73.47,40.48],[73.63,40.48],[73.86,40.23],[73.82,40.1],[73.95,40.03],[73.85,39.71],[73.93,39.71],[73.71,39.51],[73.61,39.19],[73.69,39.19],[73.65,39.06],[73.79,39.0],[73.73,38.8],[73.81,38.8],[73.67,38.61],[73.75,38.61],[73.62,37.9],[73.7,37.9],[73.62,37.64],[73.7,37.64],[73.65,37.45],[73.78,37.38],[73.69,37.06],[73.8,36.87],[73.78,36.8],[73.93,36.8],[73.98,36.67],[73.18,36.61],[73.22,36.48],[72.66,36.1],[72.61,35.9],[73.23,35.9],[73.25,35.71],[73.84,35.58],[73.94,35.39],[73.69,35.32],[73.66,35.19],[74.09,35.07],[74.17,35.07],[73.97,34.87],[73.64,34.81],[73.33,34.49],[73.02,34.49],[72.66,34.29],[72.54,34.1],[72.14,34.04],[71.53,33.39],[71.48,33.2],[71.59,33.01],[71.23,32.75],[71.17,32.49],[70.85,32.04],[70.42,29.09],[70.41,29.02],[70.17,28.51],[69.76,28.32],[69.65,28.12],[69.5,28.12],[69.07,27.8],[68.52,27.67],[68.34,27.48],[67.71,27.29],[66.96,26.77],[66.49,26.07],[66.35,25.55],[66.18,25.42],[64.82,25.29],[64.8,25.16],[64.28,25.23],[64.23,25.36],[63.63,25.36],[63.54,25.23],[62.56,25.23],[62.47,25.1],[62.18,25.16],[62.02,25.04],[61.72,25.04],[61.66,25.16],[61.13,25.1],[60.92,25.23],[60.62,25.23],[60.63,25.36],[59.06,25.36],[58.78,25.55],[57.96,25.55],[57.74,25.62],[57.68,25.74],[57.38,25.74],[57.11,26.07],[57.05,26.84],[56.71,27.16],[56.19,27.16],[56.1,27.03],[56.32,27.03],[56.31,26.9],[56.06,26.71],[55.6,26.64],[55.44,26.52],[55.29,26.52],[55.31,26.71],[55.54,26.77],[55.24,26.77],[54.83,26.45],[54.46,26.52],[54.26,26.71],[53.66,26.71],[53.46,26.97],[52.74,27.22],[52.48,27.61],[52.05,27.8],[51.6,27.8],[51.32,27.99],[51.33,28.12],[51.07,28.44],[51.03,28.77],[50.81,28.83],[50.92,29.09],[50.62,29.15],[50.65,29.41],[50.24,29.73],[50.06,30.18],[49.59,29.99],[48.94,30.31],[48.99,30.05],[48.68,29.99],[48.6,29.99],[48.39,30.12],[48.41,30.31],[48.28,30.44],[48.05,30.44],[48.1,30.89],[47.74,31.01],[47.8,31.46],[47.98,31.72],[47.58,32.17],[47.6,32.3],[47.32,32.49],[46.95,32.56],[46.68,32.88],[46.23,32.94],[46.14,33.39],[45.59,33.91],[45.44,33.91],[45.65,34.29],[45.5,34.36],[45.54,34.61],[45.69,34.61],[45.72,34.81],[45.34,34.87],[45.2,35.0],[45.18,35.39],[45.04,35.52],[45.07,35.71],[44.94,35.9],[44.59,36.16],[44.61,36.29],[44.34,36.55],[44.38,36.8],[44.87,37.0],[44.74,37.19],[44.77,37.38],[44.63,37.45],[44.59,37.71],[44.31,37.9],[44.35,38.16],[44.13,38.29],[44.15,38.42],[43.73,38.74],[43.57,38.74],[43.49,39.19],[43.69,39.45],[43.06,39.45],[43.17,39.64],[43.1,39.71],[43.11,39.77],[42.82,39.9],[42.49,39.84],[42.27,39.97],[41.87,39.9],[41.43,40.1],[41.39,40.36],[41.15,40.36],[40.93,40.48],[40.95,40.61],[41.29,41.2],[41.72,41.39],[41.75,41.59],[41.92,41.65],[43.14,41.78],[43.49,41.98],[44.13,41.98],[44.59,42.3],[45.22,42.24],[45.52,42.56],[45.88,42.76],[45.89,42.82],[45.97,42.82],[46.95,43.28],[47.02,43.6],[46.94,43.6],[46.93,43.93],[46.55,44.06],[46.28,44.32],[46.31,44.45],[46.16,44.52],[46.26,44.97],[46.7,45.5],[46.93,46.22],[47.19,46.61],[46.42,47.2],[46.45,47.33],[46.46,47.4],[46.3,47.4],[46.33,47.53],[46.31,47.47],[45.01,48.65],[45.04,48.79],[44.83,48.99],[44.96,49.18],[45.24,49.32],[45.63,48.85],[46.09,48.65],[46.56,48.19],[46.53,48.06],[47.02,47.66],[46.99,47.53],[47.19,47.33],[47.5,47.27],[47.97,46.81],[47.96,46.74],[48.3,46.48]]]},"properties":{"id":"territory:Timurid Empire:1395","name":"티무르 제국","name_en":"Timurid Empire","actor":"기타중립","valid_from":1395,"valid_to":1402,"wikidata":"Q484195","area":3963561,"src":"cliopatria","confidence":"medium"}},{"type":"Feature","geometry":{"type":"Point","coordinates":[59.717,35.008]},"properties":{"id":"territory:Timurid Empire:1395:label","name":"티무르 제국","name_en":"Timurid Empire","actor":"기타중립","valid_from":1395,"valid_to":1402,"wikidata":"Q484195","area":3963561,"src":"cliopatria","confidence":"medium"}},{"type":"Feature","geometry":{"type":"Polygon","coordinates":[[[52.59,36.61],[51.64,36.55],[50.82,36.74],[50.53,36.87],[50.63,37.0],[50.57,37.06],[50.32,37.0],[50.0,37.38],[49.09,37.51],[48.88,37.71],[48.84,38.35],[48.76,38.35],[48.8,39.0],[48.92,39.19],[49.15,39.19],[49.27,39.38],[49.51,40.23],[49.69,40.36],[50.26,40.42],[50.05,40.55],[49.51,40.61],[49.24,40.87],[49.27,41.0],[49.06,41.13],[49.09,41.26],[47.93,42.24],[47.96,42.37],[47.68,42.56],[47.66,42.82],[47.38,43.02],[47.39,43.08],[46.16,42.56],[45.4,42.37],[45.2,42.17],[44.21,41.98],[43.93,41.78],[43.44,41.72],[43.07,41.85],[41.79,41.85],[41.78,41.78],[41.6,41.65],[41.57,41.46],[41.41,41.46],[41.31,41.33],[41.23,41.33],[41.3,41.26],[41.16,40.94],[40.57,40.68],[39.38,40.68],[39.3,40.68],[37.86,40.61],[37.57,40.74],[37.17,40.74],[36.88,40.94],[36.64,40.94],[36.76,41.2],[36.92,41.2],[36.92,41.26],[36.21,41.26],[35.95,41.72],[35.16,41.72],[35.12,42.04],[34.88,42.04],[34.78,41.91],[33.27,41.91],[33.19,41.91],[32.97,41.46],[32.17,40.68],[31.1,40.29],[30.62,40.23],[30.43,39.97],[30.1,39.77],[30.08,39.58],[29.92,39.58],[29.77,38.87],[29.91,38.67],[29.88,38.29],[30.02,38.16],[29.92,37.84],[29.68,37.77],[29.67,37.64],[29.51,37.58],[28.72,37.51],[28.63,37.38],[28.25,37.45],[27.61,37.25],[27.6,37.19],[28.14,37.06],[28.03,36.67],[28.19,36.67],[28.36,36.87],[29.12,36.74],[29.24,36.22],[29.94,36.22],[30.03,36.35],[30.49,36.35],[30.54,36.87],[31.09,36.93],[32.07,36.61],[32.5,36.22],[32.49,36.1],[32.56,36.1],[32.67,36.35],[32.98,36.42],[32.99,36.55],[32.85,36.61],[32.86,36.8],[33.1,36.8],[33.43,37.06],[34.3,37.19],[34.56,37.45],[34.88,37.45],[35.06,37.71],[35.39,37.9],[35.61,37.77],[36.01,37.84],[36.15,37.64],[37.18,37.77],[37.87,37.71],[37.86,37.64],[38.09,37.58],[37.96,37.13],[38.18,37.0],[38.16,36.87],[38.38,36.74],[38.26,36.35],[38.09,36.29],[38.13,35.97],[39.13,35.9],[39.88,35.71],[40.37,35.26],[40.36,35.13],[40.51,35.13],[40.55,34.81],[40.77,34.74],[40.96,34.42],[41.04,34.42],[41.43,33.78],[41.86,33.59],[42.06,33.33],[42.58,33.14],[42.71,32.94],[43.15,32.81],[44.46,31.59],[44.44,31.46],[44.66,31.34],[44.64,31.14],[44.79,31.21],[45.4,30.5],[45.55,30.5],[46.1,29.99],[46.53,29.79],[46.59,29.6],[46.75,29.67],[46.87,29.41],[47.1,29.47],[47.38,29.28],[47.46,29.28],[47.57,29.6],[48.07,29.99],[48.15,29.99],[48.9,29.99],[48.99,30.05],[48.94,30.31],[49.59,29.99],[50.06,30.18],[50.24,29.73],[50.65,29.41],[50.62,29.15],[50.92,29.09],[50.81,28.83],[51.03,28.77],[51.07,28.44],[51.33,28.12],[51.32,27.99],[51.6,27.8],[52.05,27.8],[52.48,27.61],[52.74,27.22],[53.46,26.97],[53.66,26.71],[54.26,26.71],[54.46,26.52],[54.83,26.45],[55.24,26.77],[55.54,26.77],[55.31,26.71],[55.29,26.52],[55.44,26.52],[55.6,26.64],[56.06,26.71],[56.31,26.9],[56.32,27.03],[56.1,27.03],[56.19,27.16],[56.71,27.16],[57.05,26.84],[57.11,26.07],[57.38,25.74],[57.68,25.74],[57.74,25.62],[57.96,25.55],[58.78,25.55],[59.06,25.36],[60.63,25.36],[60.62,25.23],[60.92,25.23],[61.13,25.1],[61.66,25.16],[61.72,25.04],[62.02,25.04],[62.18,25.16],[62.47,25.1],[62.56,25.23],[63.54,25.23],[63.63,25.36],[64.23,25.36],[64.28,25.23],[64.8,25.16],[64.82,25.29],[66.02,25.36],[66.35,25.55],[66.68,25.23],[66.63,24.84],[67.21,24.71],[67.25,24.39],[67.33,24.39],[67.29,24.07],[67.54,24.26],[67.76,24.91],[68.22,25.55],[68.19,25.94],[68.06,26.07],[67.99,26.64],[67.92,26.64],[68.09,27.29],[68.44,27.61],[68.51,27.61],[69.65,28.12],[70.27,28.7],[70.84,31.66],[70.72,31.79],[70.25,32.11],[70.28,32.24],[70.01,32.43],[70.04,32.56],[69.41,33.2],[69.03,33.2],[68.69,33.39],[67.95,33.52],[68.01,33.78],[68.28,33.97],[68.32,34.16],[68.84,34.74],[68.92,35.39],[68.75,35.64],[68.79,36.16],[68.69,36.35],[68.84,37.25],[67.92,37.0],[67.75,37.25],[67.12,37.25],[67.0,37.38],[66.52,37.32],[65.63,37.51],[65.24,37.84],[64.66,38.03],[64.37,38.42],[64.01,38.55],[63.84,38.8],[63.42,39.0],[63.25,39.26],[63.09,39.26],[62.65,39.71],[62.69,39.84],[62.42,40.03],[62.46,40.16],[62.25,40.29],[62.23,40.48],[59.97,40.94],[59.61,41.07],[59.5,41.26],[58.83,40.81],[56.35,40.42],[56.14,39.84],[55.95,39.71],[55.89,39.45],[55.45,38.87],[53.95,38.8],[53.93,38.74],[53.83,37.84],[53.91,37.84],[53.91,37.45],[54.09,37.19],[54.03,36.87],[53.49,36.87],[52.6,36.67],[52.59,36.61]]]},"properties":{"id":"territory:Ilkhanate:1294","name":"일 칸국","name_en":"Ilkhanate","actor":"기타중립","valid_from":1294,"valid_to":1305,"wikidata":"Q178084","area":3941078,"src":"cliopatria","confidence":"medium"}},{"type":"Feature","geometry":{"type":"Point","coordinates":[53.529,34.201]},"properties":{"id":"territory:Ilkhanate:1294:label","name":"일 칸국","name_en":"Ilkhanate","actor":"기타중립","valid_from":1294,"valid_to":1305,"wikidata":"Q178084","area":3941078,"src":"cliopatria","confidence":"medium"}},{"type":"Feature","geometry":{"type":"MultiPolygon","coordinates":[[[[52.6,36.67],[53.49,36.87],[54.03,36.87],[54.09,37.19],[53.91,37.45],[53.91,37.84],[53.83,37.84],[53.93,38.74],[53.95,38.8],[55.45,38.87],[55.89,39.45],[55.95,39.71],[56.14,39.84],[56.35,40.42],[58.83,40.81],[59.5,41.26],[59.61,41.07],[59.97,40.94],[62.23,40.48],[62.25,40.29],[62.46,40.16],[62.42,40.03],[62.69,39.84],[62.65,39.71],[63.09,39.26],[63.25,39.26],[63.42,39.0],[63.84,38.8],[64.01,38.55],[64.37,38.42],[64.66,38.03],[65.24,37.84],[65.63,37.51],[66.52,37.32],[67.0,37.38],[67.12,37.25],[67.75,37.25],[67.92,37.0],[68.84,37.25],[68.69,36.35],[68.79,36.16],[68.75,35.64],[68.92,35.39],[68.84,34.74],[68.32,34.16],[68.28,33.97],[68.01,33.78],[67.95,33.52],[68.69,33.39],[69.03,33.2],[69.41,33.2],[70.04,32.56],[70.01,32.43],[70.28,32.24],[70.25,32.11],[70.72,31.79],[70.84,31.66],[70.39,28.96],[70.17,28.51],[69.76,28.32],[69.65,28.12],[69.5,28.12],[69.07,27.8],[68.52,27.67],[68.09,27.29],[67.92,26.64],[67.99,26.64],[68.06,26.07],[68.19,25.94],[68.22,25.55],[67.76,24.91],[67.54,24.26],[67.36,24.07],[67.29,24.07],[67.33,24.39],[67.25,24.39],[67.21,24.71],[66.63,24.84],[66.68,25.23],[66.35,25.55],[66.02,25.36],[64.82,25.29],[64.8,25.16],[64.28,25.23],[64.23,25.36],[63.63,25.36],[63.54,25.23],[62.56,25.23],[62.47,25.1],[62.18,25.16],[62.02,25.04],[61.72,25.04],[61.66,25.16],[61.13,25.1],[60.92,25.23],[60.62,25.23],[60.63,25.36],[59.06,25.36],[58.78,25.55],[57.96,25.55],[57.74,25.62],[57.68,25.74],[57.38,25.74],[57.11,26.07],[57.05,26.84],[56.71,27.16],[56.19,27.16],[56.1,27.03],[56.32,27.03],[56.31,26.9],[56.06,26.71],[55.6,26.64],[55.44,26.52],[55.29,26.52],[55.31,26.71],[55.54,26.77],[55.24,26.77],[54.83,26.45],[54.46,26.52],[54.26,26.71],[53.66,26.71],[53.46,26.97],[52.74,27.22],[52.48,27.61],[52.05,27.8],[51.6,27.8],[51.32,27.99],[51.33,28.12],[51.07,28.44],[51.03,28.77],[50.81,28.83],[50.92,29.09],[50.62,29.15],[50.65,29.41],[50.24,29.73],[50.06,30.18],[49.59,29.99],[48.94,30.31],[48.99,30.05],[48.9,29.99],[48.15,29.99],[48.07,29.99],[47.57,29.6],[47.46,29.28],[47.38,29.28],[47.1,29.47],[46.87,29.41],[46.75,29.67],[46.59,29.6],[46.53,29.79],[46.1,29.99],[45.55,30.5],[45.4,30.5],[44.79,31.21],[44.64,31.14],[44.66,31.34],[44.44,31.46],[44.46,31.59],[43.15,32.81],[42.71,32.94],[42.58,33.14],[42.06,33.33],[41.86,33.59],[41.43,33.78],[41.04,34.42],[40.96,34.42],[40.77,34.74],[40.55,34.81],[40.51,35.13],[40.36,35.13],[40.37,35.26],[39.88,35.71],[39.13,35.9],[38.13,35.97],[38.09,36.29],[38.26,36.35],[38.38,36.74],[38.16,36.87],[38.18,37.0],[37.96,37.13],[38.09,37.58],[37.87,37.71],[37.18,37.77],[36.15,37.64],[36.01,37.84],[35.61,37.77],[35.39,37.9],[35.35,38.16],[35.2,38.29],[34.89,38.29],[34.68,38.48],[35.06,39.71],[34.43,39.77],[34.37,39.9],[34.38,39.97],[34.5,40.36],[34.78,40.68],[34.79,40.74],[35.75,40.81],[36.09,40.94],[36.16,40.94],[36.24,40.94],[36.41,41.0],[36.47,40.87],[36.63,40.87],[36.88,40.94],[37.17,40.74],[37.57,40.74],[37.86,40.61],[39.3,40.68],[39.38,40.68],[40.57,40.68],[41.16,40.94],[41.3,41.26],[41.23,41.33],[41.31,41.33],[41.41,41.46],[41.57,41.46],[41.6,41.65],[41.78,41.78],[41.79,41.85],[43.07,41.85],[43.44,41.72],[43.93,41.78],[44.21,41.98],[45.2,42.17],[45.4,42.37],[46.16,42.56],[47.39,43.08],[47.38,43.02],[47.66,42.82],[47.68,42.56],[47.96,42.37],[47.93,42.24],[49.09,41.26],[49.06,41.13],[49.27,41.0],[49.24,40.87],[49.51,40.61],[50.05,40.55],[50.26,40.42],[49.69,40.36],[49.51,40.23],[49.27,39.38],[49.15,39.19],[48.92,39.19],[48.8,39.0],[48.76,38.35],[48.84,38.35],[48.88,37.71],[49.09,37.51],[50.0,37.38],[50.32,37.0],[50.57,37.06],[50.63,37.0],[50.53,36.87],[50.82,36.74],[51.64,36.55],[52.59,36.61],[52.6,36.67]]],[[[30.33,38.03],[30.25,38.03],[30.25,38.09],[30.33,38.09],[30.33,38.03]]]]},"properties":{"id":"territory:Ilkhanate:1314","name":"일 칸국","name_en":"Ilkhanate","actor":"기타중립","valid_from":1314,"valid_to":1333,"wikidata":"Q178084","area":3710501,"src":"cliopatria","confidence":"medium"}},{"type":"Feature","geometry":{"type":"Point","coordinates":[54.933,33.886]},"properties":{"id":"territory:Ilkhanate:1314:label","name":"일 칸국","name_en":"Ilkhanate","actor":"기타중립","valid_from":1314,"valid_to":1333,"wikidata":"Q178084","area":3710501,"src":"cliopatria","confidence":"medium"}},{"type":"Feature","geometry":{"type":"MultiPolygon","coordinates":[[[[52.6,36.67],[53.49,36.87],[54.03,36.87],[54.09,37.19],[53.91,37.45],[53.91,37.84],[53.83,37.84],[53.93,38.74],[53.95,38.8],[55.45,38.87],[55.89,39.45],[55.95,39.71],[56.14,39.84],[56.35,40.42],[58.83,40.81],[59.5,41.26],[59.61,41.07],[59.97,40.94],[62.23,40.48],[62.25,40.29],[62.46,40.16],[62.42,40.03],[62.69,39.84],[62.65,39.71],[63.09,39.26],[63.25,39.26],[63.42,39.0],[63.84,38.8],[64.01,38.55],[64.37,38.42],[64.66,38.03],[65.24,37.84],[65.63,37.51],[66.52,37.32],[67.0,37.38],[67.12,37.25],[67.75,37.25],[67.92,37.0],[68.84,37.25],[68.69,36.35],[68.79,36.16],[68.75,35.64],[68.92,35.39],[68.84,34.74],[68.32,34.16],[68.28,33.97],[68.01,33.78],[67.95,33.52],[68.69,33.39],[69.03,33.2],[69.41,33.2],[70.04,32.56],[70.01,32.43],[70.28,32.24],[70.25,32.11],[70.72,31.79],[70.84,31.66],[70.27,28.7],[69.65,28.12],[68.51,27.61],[68.44,27.61],[68.09,27.29],[67.92,26.64],[67.99,26.64],[68.06,26.07],[68.19,25.94],[68.22,25.55],[67.76,24.91],[67.54,24.26],[67.29,24.07],[67.33,24.39],[67.25,24.39],[67.21,24.71],[66.63,24.84],[66.68,25.23],[66.35,25.55],[66.02,25.36],[64.82,25.29],[64.8,25.16],[64.28,25.23],[64.23,25.36],[63.63,25.36],[63.54,25.23],[62.56,25.23],[62.47,25.1],[62.18,25.16],[62.02,25.04],[61.72,25.04],[61.66,25.16],[61.13,25.1],[60.92,25.23],[60.62,25.23],[60.63,25.36],[59.06,25.36],[58.78,25.55],[57.96,25.55],[57.74,25.62],[57.68,25.74],[57.38,25.74],[57.11,26.07],[57.05,26.84],[56.71,27.16],[56.19,27.16],[56.1,27.03],[56.32,27.03],[56.31,26.9],[56.06,26.71],[55.6,26.64],[55.44,26.52],[55.29,26.52],[55.31,26.71],[55.54,26.77],[55.24,26.77],[54.83,26.45],[54.46,26.52],[54.26,26.71],[53.66,26.71],[53.46,26.97],[52.74,27.22],[52.48,27.61],[52.05,27.8],[51.6,27.8],[51.32,27.99],[51.33,28.12],[51.07,28.44],[51.03,28.77],[50.81,28.83],[50.92,29.09],[50.62,29.15],[50.65,29.41],[50.24,29.73],[50.06,30.18],[49.59,29.99],[48.94,30.31],[48.99,30.05],[48.9,29.99],[48.15,29.99],[48.07,29.99],[47.57,29.6],[47.46,29.28],[47.38,29.28],[47.1,29.47],[46.87,29.41],[46.75,29.67],[46.59,29.6],[46.53,29.79],[46.1,29.99],[45.55,30.5],[45.4,30.5],[44.79,31.21],[44.64,31.14],[44.66,31.34],[44.44,31.46],[44.46,31.59],[43.15,32.81],[42.71,32.94],[42.58,33.14],[42.06,33.33],[41.86,33.59],[41.43,33.78],[41.04,34.42],[40.96,34.42],[40.77,34.74],[40.55,34.81],[40.51,35.13],[40.36,35.13],[40.37,35.26],[39.88,35.71],[39.13,35.9],[38.13,35.97],[38.09,36.29],[38.26,36.35],[38.38,36.74],[38.16,36.87],[38.18,37.0],[37.96,37.13],[38.09,37.58],[37.87,37.71],[37.18,37.77],[36.15,37.64],[36.01,37.84],[35.61,37.77],[35.39,37.9],[35.35,38.16],[35.2,38.29],[34.89,38.29],[34.68,38.48],[35.06,39.71],[34.43,39.77],[34.45,39.9],[34.37,39.9],[34.5,40.36],[34.79,40.74],[35.75,40.81],[36.09,40.94],[36.16,40.94],[36.24,40.94],[36.41,41.0],[36.47,40.87],[36.63,40.87],[36.88,40.94],[37.17,40.74],[37.57,40.74],[37.86,40.61],[39.3,40.68],[39.38,40.68],[40.57,40.68],[41.16,40.94],[41.3,41.26],[41.23,41.33],[41.31,41.33],[41.41,41.46],[41.57,41.46],[41.6,41.65],[41.78,41.78],[41.79,41.85],[43.07,41.85],[43.44,41.72],[43.93,41.78],[44.21,41.98],[45.2,42.17],[45.4,42.37],[46.16,42.56],[47.39,43.08],[47.38,43.02],[47.66,42.82],[47.68,42.56],[47.96,42.37],[47.93,42.24],[49.09,41.26],[49.06,41.13],[49.27,41.0],[49.24,40.87],[49.51,40.61],[50.05,40.55],[50.26,40.42],[49.69,40.36],[49.51,40.23],[49.27,39.38],[49.15,39.19],[48.92,39.19],[48.8,39.0],[48.76,38.35],[48.84,38.35],[48.88,37.71],[49.09,37.51],[50.0,37.38],[50.32,37.0],[50.57,37.06],[50.63,37.0],[50.53,36.87],[50.82,36.74],[51.64,36.55],[52.59,36.61],[52.6,36.67]]],[[[30.33,38.03],[30.25,38.03],[30.25,38.09],[30.33,38.09],[30.33,38.03]]]]},"properties":{"id":"territory:Ilkhanate:1305","name":"일 칸국","name_en":"Ilkhanate","actor":"기타중립","valid_from":1305,"valid_to":1314,"wikidata":"Q178084","area":3709418,"src":"cliopatria","confidence":"medium"}},{"type":"Feature","geometry":{"type":"Point","coordinates":[54.929,33.887]},"properties":{"id":"territory:Ilkhanate:1305:label","name":"일 칸국","name_en":"Ilkhanate","actor":"기타중립","valid_from":1305,"valid_to":1314,"wikidata":"Q178084","area":3709418,"src":"cliopatria","confidence":"medium"}},{"type":"Feature","geometry":{"type":"MultiPolygon","coordinates":[[[[52.6,36.67],[53.49,36.87],[54.03,36.87],[54.09,37.19],[53.91,37.45],[53.91,37.84],[53.83,37.84],[53.93,38.74],[53.95,38.8],[55.45,38.87],[55.89,39.45],[55.95,39.71],[56.14,39.84],[56.35,40.42],[58.83,40.81],[59.5,41.26],[59.61,41.07],[59.97,40.94],[62.23,40.48],[62.25,40.29],[62.46,40.16],[62.42,40.03],[62.69,39.84],[62.65,39.71],[63.09,39.26],[63.25,39.26],[63.42,39.0],[63.84,38.8],[64.01,38.55],[64.37,38.42],[64.66,38.03],[65.24,37.84],[65.63,37.51],[66.52,37.32],[67.0,37.38],[67.12,37.25],[67.75,37.25],[67.92,37.0],[68.84,37.25],[68.69,36.35],[68.79,36.16],[68.75,35.64],[68.92,35.39],[68.84,34.74],[68.32,34.16],[68.28,33.97],[68.01,33.78],[67.95,33.52],[68.69,33.39],[69.03,33.2],[69.41,33.2],[70.04,32.56],[70.01,32.43],[70.28,32.24],[70.25,32.11],[70.72,31.79],[70.84,31.66],[70.39,28.96],[70.17,28.51],[69.76,28.32],[69.65,28.12],[69.5,28.12],[69.07,27.8],[68.52,27.67],[68.09,27.29],[67.92,26.64],[67.99,26.64],[68.06,26.07],[68.19,25.94],[68.22,25.55],[67.76,24.91],[67.54,24.26],[67.36,24.07],[67.29,24.07],[67.33,24.39],[67.25,24.39],[67.21,24.71],[66.63,24.84],[66.68,25.23],[66.35,25.55],[66.02,25.36],[64.82,25.29],[64.8,25.16],[64.28,25.23],[64.23,25.36],[63.63,25.36],[63.54,25.23],[62.56,25.23],[62.47,25.1],[62.18,25.16],[62.02,25.04],[61.72,25.04],[61.66,25.16],[61.13,25.1],[60.92,25.23],[60.62,25.23],[60.63,25.36],[59.06,25.36],[58.78,25.55],[57.96,25.55],[57.74,25.62],[57.68,25.74],[57.38,25.74],[57.11,26.07],[57.05,26.84],[56.71,27.16],[56.19,27.16],[56.1,27.03],[56.32,27.03],[56.31,26.9],[56.06,26.71],[55.6,26.64],[55.44,26.52],[55.29,26.52],[55.31,26.71],[55.54,26.77],[55.24,26.77],[54.83,26.45],[54.46,26.52],[54.26,26.71],[53.66,26.71],[53.46,26.97],[52.74,27.22],[52.48,27.61],[52.05,27.8],[51.6,27.8],[51.32,27.99],[51.33,28.12],[51.07,28.44],[51.03,28.77],[50.81,28.83],[50.92,29.09],[50.62,29.15],[50.65,29.41],[50.24,29.73],[50.06,30.18],[49.59,29.99],[48.94,30.31],[48.99,30.05],[48.9,29.99],[48.15,29.99],[48.07,29.99],[47.57,29.6],[47.46,29.28],[47.38,29.28],[47.1,29.47],[46.87,29.41],[46.75,29.67],[46.59,29.6],[46.53,29.79],[46.1,29.99],[45.55,30.5],[45.4,30.5],[44.79,31.21],[44.64,31.14],[44.66,31.34],[44.44,31.46],[44.46,31.59],[43.15,32.81],[42.71,32.94],[42.58,33.14],[42.06,33.33],[41.86,33.59],[41.43,33.78],[41.04,34.42],[40.96,34.42],[40.77,34.74],[40.55,34.81],[40.51,35.13],[40.36,35.13],[40.37,35.26],[39.88,35.71],[39.13,35.9],[38.13,35.97],[38.09,36.29],[38.26,36.35],[38.38,36.74],[38.16,36.87],[38.18,37.0],[37.96,37.13],[38.09,37.58],[37.87,37.71],[37.18,37.77],[36.15,37.64],[36.01,37.84],[35.61,37.77],[35.39,37.9],[35.35,38.16],[35.2,38.29],[34.89,38.29],[34.68,38.48],[35.06,39.71],[34.43,39.77],[34.37,39.9],[34.38,39.97],[34.5,40.36],[34.78,40.68],[34.79,40.74],[35.75,40.81],[36.16,40.94],[36.24,40.94],[36.41,41.0],[36.47,40.87],[36.63,40.87],[36.88,40.94],[37.17,40.74],[37.57,40.74],[37.86,40.61],[39.3,40.68],[39.38,40.68],[40.57,40.68],[41.16,40.94],[40.93,40.48],[41.39,40.36],[41.43,40.1],[41.57,40.03],[41.52,39.71],[40.94,39.51],[40.76,39.32],[41.67,39.13],[42.39,39.19],[42.42,39.38],[43.77,39.45],[44.12,39.71],[44.25,39.97],[44.82,40.1],[44.95,39.9],[45.32,39.77],[45.51,39.51],[45.76,39.58],[45.89,39.45],[45.87,39.32],[46.08,39.19],[46.05,39.0],[46.19,38.87],[46.67,38.93],[47.48,39.51],[47.5,39.64],[47.36,39.71],[47.31,39.9],[47.0,39.9],[46.8,40.1],[46.94,40.42],[46.87,40.48],[46.54,40.42],[46.49,40.55],[46.26,40.61],[46.6,41.13],[47.11,41.33],[47.15,41.52],[46.74,41.85],[46.35,41.91],[46.3,42.04],[45.75,42.11],[45.73,42.43],[47.39,43.08],[47.38,43.02],[47.66,42.82],[47.68,42.56],[47.96,42.37],[47.93,42.24],[49.09,41.26],[49.06,41.13],[49.27,41.0],[49.24,40.87],[49.51,40.61],[50.05,40.55],[50.26,40.42],[49.69,40.36],[49.51,40.23],[49.27,39.38],[49.15,39.19],[48.92,39.19],[48.8,39.0],[48.76,38.35],[48.84,38.35],[48.88,37.71],[49.09,37.51],[50.0,37.38],[50.32,37.0],[50.57,37.06],[50.63,37.0],[50.53,36.87],[50.82,36.74],[51.64,36.55],[52.59,36.61],[52.6,36.67]]],[[[30.33,38.03],[30.25,38.03],[30.25,38.09],[30.33,38.09],[30.33,38.03]]]]},"properties":{"id":"territory:Ilkhanate:1333","name":"일 칸국","name_en":"Ilkhanate","actor":"기타중립","valid_from":1333,"valid_to":1344,"wikidata":"Q178084","area":3577446,"src":"cliopatria","confidence":"medium"}},{"type":"Feature","geometry":{"type":"Point","coordinates":[55.372,33.611]},"properties":{"id":"territory:Ilkhanate:1333:label","name":"일 칸국","name_en":"Ilkhanate","actor":"기타중립","valid_from":1333,"valid_to":1344,"wikidata":"Q178084","area":3577446,"src":"cliopatria","confidence":"medium"}},{"type":"Feature","geometry":{"type":"Polygon","coordinates":[[[56.1,31.46],[56.17,31.46],[56.25,31.46],[56.83,31.72],[56.84,32.75],[56.72,32.94],[56.76,33.14],[56.68,33.14],[56.65,33.84],[57.2,33.91],[57.3,34.04],[58.45,34.42],[59.39,35.32],[59.91,36.35],[60.12,37.32],[59.96,37.64],[59.87,38.61],[60.19,39.0],[60.89,39.26],[61.66,39.51],[62.64,39.64],[62.69,39.84],[62.42,40.03],[62.46,40.16],[62.25,40.29],[62.23,40.48],[61.69,40.55],[61.71,40.61],[59.75,41.0],[59.5,41.26],[60.45,41.85],[60.6,42.11],[60.78,42.17],[61.13,42.56],[61.21,42.82],[61.52,43.08],[61.76,43.6],[61.96,43.73],[66.76,44.12],[67.0,43.86],[67.16,43.86],[67.25,43.67],[67.41,43.67],[67.83,43.21],[67.8,42.89],[67.88,42.89],[67.49,41.91],[67.79,41.59],[68.36,41.39],[68.46,41.2],[68.76,41.13],[68.8,41.0],[70.03,41.13],[70.35,41.39],[70.69,41.46],[70.73,41.59],[71.29,41.59],[72.1,41.39],[72.92,41.0],[72.94,40.81],[73.18,40.81],[73.47,40.48],[73.63,40.48],[73.86,40.23],[73.82,40.1],[73.95,40.03],[73.89,39.58],[73.71,39.51],[73.61,39.19],[73.69,39.19],[73.65,39.06],[73.79,39.0],[73.73,38.8],[73.81,38.8],[73.67,38.61],[73.75,38.61],[73.62,37.9],[73.7,37.9],[73.62,37.64],[73.7,37.64],[73.65,37.45],[73.78,37.38],[73.69,37.06],[73.8,36.87],[73.78,36.8],[73.93,36.8],[73.98,36.67],[73.18,36.61],[73.22,36.48],[72.66,36.1],[72.61,35.9],[73.23,35.9],[73.25,35.71],[73.84,35.58],[73.94,35.39],[73.69,35.32],[73.66,35.19],[74.09,35.07],[74.17,35.07],[73.97,34.87],[73.64,34.81],[73.33,34.49],[73.02,34.49],[72.66,34.29],[72.54,34.1],[72.14,34.04],[71.53,33.39],[71.48,33.2],[71.59,33.01],[71.23,32.75],[71.17,32.49],[70.85,32.04],[70.42,29.09],[70.41,29.02],[70.17,28.51],[69.76,28.32],[69.65,28.12],[69.5,28.12],[69.07,27.8],[68.52,27.67],[68.34,27.48],[67.71,27.29],[66.96,26.77],[66.49,26.07],[66.35,25.55],[66.18,25.42],[64.82,25.29],[64.8,25.16],[64.28,25.23],[64.23,25.36],[63.63,25.36],[63.54,25.23],[62.56,25.23],[62.47,25.1],[62.18,25.16],[62.02,25.04],[61.72,25.04],[61.66,25.16],[61.13,25.1],[60.92,25.23],[60.62,25.23],[60.63,25.36],[59.06,25.36],[58.78,25.55],[57.96,25.55],[57.74,25.62],[57.68,25.74],[57.38,25.74],[57.11,26.07],[57.05,26.84],[56.71,27.16],[56.19,27.16],[56.1,27.03],[56.32,27.03],[56.31,26.9],[56.06,26.71],[55.6,26.64],[55.44,26.52],[55.29,26.52],[55.31,26.71],[55.54,26.77],[55.24,26.77],[54.83,26.45],[54.46,26.52],[54.26,26.71],[53.66,26.71],[53.46,26.97],[52.74,27.22],[52.48,27.61],[52.05,27.8],[51.45,27.87],[51.07,28.44],[51.03,28.77],[50.81,28.83],[50.91,29.02],[50.92,29.09],[51.31,29.22],[51.5,29.54],[52.16,29.99],[52.18,30.12],[53.26,30.82],[53.75,31.01],[54.44,31.08],[54.85,31.27],[56.09,31.4],[56.1,31.46]]]},"properties":{"id":"territory:Timurid Empire:1385","name":"티무르 제국","name_en":"Timurid Empire","actor":"기타중립","valid_from":1385,"valid_to":1395,"wikidata":"Q484195","area":2533891,"src":"cliopatria","confidence":"medium"}},{"type":"Feature","geometry":{"type":"Point","coordinates":[64.036,33.763]},"properties":{"id":"territory:Timurid Empire:1385:label","name":"티무르 제국","name_en":"Timurid Empire","actor":"기타중립","valid_from":1385,"valid_to":1395,"wikidata":"Q484195","area":2533891,"src":"cliopatria","confidence":"medium"}},{"type":"Feature","geometry":{"type":"MultiPolygon","coordinates":[[[[53.17,45.96],[53.08,45.96],[53.1,46.02],[53.18,46.02],[53.17,45.96]]],[[[60.6,55.5],[61.18,55.63],[61.97,55.63],[62.68,55.84],[62.95,56.05],[63.18,55.98],[64.39,56.32],[66.43,56.52],[66.4,56.46],[66.84,56.46],[66.86,56.32],[67.16,56.39],[67.13,56.32],[67.8,56.25],[67.76,56.18],[68.78,56.11],[68.75,56.05],[70.12,55.98],[70.09,55.91],[70.56,55.98],[70.49,55.84],[76.78,55.63],[76.74,55.57],[77.18,55.57],[77.14,55.5],[77.93,55.5],[77.89,55.43],[78.59,55.43],[78.55,55.36],[79.87,55.23],[79.83,55.16],[80.75,54.95],[80.71,54.89],[81.29,54.68],[81.3,54.55],[81.6,54.48],[81.56,54.41],[81.78,54.34],[81.79,54.21],[82.1,54.14],[82.1,54.0],[82.41,53.94],[82.33,53.8],[82.42,53.8],[82.43,53.66],[82.6,53.66],[82.65,53.46],[82.82,53.46],[82.79,53.39],[82.97,53.26],[82.89,53.12],[83.07,52.99],[83.05,52.65],[83.24,52.38],[83.16,52.25],[83.26,52.12],[83.14,51.92],[83.23,51.92],[83.12,51.71],[83.2,51.71],[83.09,51.51],[83.19,51.38],[83.08,51.18],[83.17,51.18],[83.1,51.05],[83.27,51.05],[83.11,50.91],[83.29,50.78],[83.22,50.65],[83.42,50.38],[83.59,50.38],[83.69,50.25],[84.54,50.11],[84.51,50.05],[84.59,50.05],[85.02,49.91],[85.14,49.65],[85.3,49.65],[85.25,49.38],[85.55,48.99],[85.48,48.85],[85.62,48.79],[85.55,48.65],[85.63,48.65],[85.57,48.52],[85.67,48.39],[85.48,47.99],[85.56,47.99],[85.51,47.73],[85.35,47.73],[85.17,47.53],[83.98,47.27],[83.36,47.01],[80.89,46.61],[80.75,46.48],[80.04,46.74],[80.07,46.81],[79.61,46.68],[79.31,46.74],[79.33,46.81],[78.7,46.87],[78.1,46.61],[77.91,46.74],[76.73,46.68],[76.76,46.74],[76.35,46.74],[76.32,46.87],[74.6,46.87],[74.44,46.68],[74.36,46.68],[73.89,46.74],[73.91,46.81],[73.18,46.81],[72.03,46.61],[70.96,45.69],[69.98,44.32],[66.76,44.12],[61.96,43.73],[61.76,43.6],[61.52,43.08],[61.21,42.82],[61.13,42.56],[60.78,42.17],[60.6,42.11],[60.45,41.85],[59.5,41.26],[58.83,40.81],[56.35,40.42],[56.14,39.84],[55.95,39.71],[55.89,39.45],[55.45,38.87],[54.95,38.74],[53.95,38.8],[53.96,38.87],[53.99,39.0],[53.73,39.26],[53.14,39.45],[53.54,39.51],[53.5,40.03],[52.79,40.03],[52.71,40.42],[52.79,40.42],[52.89,40.87],[52.97,40.87],[52.94,40.74],[53.34,40.74],[53.45,40.87],[53.4,40.68],[54.37,40.74],[54.4,40.87],[54.67,41.0],[54.73,41.26],[54.09,41.59],[53.91,42.17],[53.19,42.17],[52.81,41.91],[52.8,41.52],[52.72,41.52],[52.49,41.91],[52.52,42.04],[52.44,42.04],[52.68,42.37],[52.79,42.82],[52.42,42.95],[51.94,42.95],[51.77,43.28],[51.44,43.21],[51.31,43.34],[51.32,43.73],[51.04,43.93],[51.07,44.06],[50.88,44.25],[50.19,44.45],[50.22,44.58],[50.4,44.65],[50.86,44.52],[51.42,44.52],[51.47,44.71],[51.02,44.84],[51.06,45.04],[51.47,45.37],[51.88,45.37],[52.09,45.24],[53.88,45.24],[53.81,44.97],[54.3,44.97],[54.36,45.24],[54.22,45.3],[54.29,45.56],[53.88,45.56],[53.67,45.37],[53.42,45.37],[53.06,45.56],[53.07,45.89],[53.25,45.96],[53.35,46.35],[53.27,46.35],[53.27,46.68],[53.19,46.68],[53.24,46.87],[53.16,46.87],[53.18,46.94],[54.31,47.47],[54.84,47.6],[55.26,47.93],[55.82,48.13],[56.45,48.59],[56.62,48.59],[57.28,49.12],[57.49,49.52],[57.7,49.65],[58.14,50.71],[58.43,51.05],[58.67,51.71],[58.75,51.71],[58.95,52.25],[59.04,52.25],[59.03,52.45],[59.3,52.72],[60.51,55.5],[60.6,55.5]]]]},"properties":{"id":"territory:White Horde:1375","name":"백장 칸국","name_en":"White Horde","actor":"기타중립","valid_from":1375,"valid_to":1385,"wikidata":"Q2553863","area":2518409,"src":"cliopatria","confidence":"medium"}},{"type":"Feature","geometry":{"type":"Point","coordinates":[67.689,49.179]},"properties":{"id":"territory:White Horde:1375:label","name":"백장 칸국","name_en":"White Horde","actor":"기타중립","valid_from":1375,"valid_to":1385,"wikidata":"Q2553863","area":2518409,"src":"cliopatria","confidence":"medium"}},{"type":"Feature","geometry":{"type":"MultiPolygon","coordinates":[[[[53.17,45.96],[53.08,45.96],[53.1,46.02],[53.18,46.02],[53.17,45.96]]],[[[60.6,55.5],[61.18,55.63],[61.97,55.63],[62.68,55.84],[62.95,56.05],[63.18,55.98],[64.39,56.32],[66.43,56.52],[66.4,56.46],[66.84,56.46],[66.86,56.32],[67.16,56.39],[67.13,56.32],[67.8,56.25],[67.76,56.18],[68.78,56.11],[68.75,56.05],[70.12,55.98],[70.09,55.91],[70.56,55.98],[70.49,55.84],[74.8,55.7],[74.77,55.63],[75.5,55.7],[75.47,55.63],[76.78,55.63],[76.74,55.57],[77.18,55.57],[77.14,55.5],[78.59,55.43],[78.55,55.36],[79.87,55.23],[79.83,55.16],[80.31,55.09],[80.27,55.02],[80.53,55.02],[80.49,54.95],[80.75,54.95],[80.71,54.89],[80.94,54.82],[81.02,54.82],[80.98,54.75],[81.29,54.68],[81.3,54.55],[81.6,54.48],[81.61,54.34],[81.78,54.34],[81.79,54.21],[82.28,54.0],[82.43,53.66],[82.6,53.66],[82.65,53.46],[82.82,53.46],[82.79,53.39],[82.97,53.26],[82.89,53.12],[83.07,52.99],[82.99,52.86],[83.12,52.79],[83.05,52.65],[83.18,52.59],[83.1,52.45],[83.24,52.38],[83.16,52.25],[83.26,52.12],[83.09,51.51],[83.19,51.38],[83.08,51.18],[83.17,51.18],[83.11,50.91],[83.29,50.78],[83.22,50.65],[83.42,50.38],[83.94,50.25],[83.9,50.18],[84.76,50.05],[84.72,49.98],[85.02,49.91],[85.14,49.65],[85.3,49.65],[85.25,49.38],[85.55,48.99],[85.48,48.85],[85.62,48.79],[85.55,48.65],[85.63,48.65],[85.57,48.52],[85.67,48.39],[85.48,47.99],[85.56,47.99],[85.51,47.73],[85.35,47.73],[85.17,47.53],[83.98,47.27],[83.36,47.01],[80.89,46.61],[80.75,46.48],[80.04,46.74],[80.07,46.81],[79.61,46.68],[79.31,46.74],[79.33,46.81],[78.7,46.87],[78.1,46.61],[77.91,46.74],[76.73,46.68],[76.76,46.74],[76.35,46.74],[76.32,46.87],[74.6,46.87],[74.44,46.68],[74.36,46.68],[73.89,46.74],[73.91,46.81],[73.18,46.81],[72.03,46.61],[70.96,45.69],[69.98,44.32],[66.68,44.12],[66.6,44.12],[61.96,43.73],[61.76,43.6],[61.52,43.08],[61.21,42.82],[61.13,42.56],[60.78,42.17],[59.87,41.46],[59.52,41.33],[59.5,41.26],[58.83,40.81],[56.35,40.42],[56.14,39.84],[55.95,39.71],[55.89,39.45],[55.45,38.87],[54.95,38.74],[53.95,38.8],[53.96,38.87],[53.99,39.0],[53.73,39.26],[53.14,39.45],[53.54,39.51],[53.5,40.03],[52.79,40.03],[52.71,40.42],[52.79,40.42],[52.89,40.87],[52.97,40.87],[52.94,40.74],[53.34,40.74],[53.45,40.87],[53.4,40.68],[54.37,40.74],[54.4,40.87],[54.67,41.0],[54.73,41.26],[54.09,41.59],[53.91,42.17],[53.19,42.17],[52.81,41.91],[52.8,41.52],[52.72,41.52],[52.49,41.91],[52.52,42.04],[52.44,42.04],[52.68,42.37],[52.79,42.82],[52.42,42.95],[51.94,42.95],[51.77,43.28],[51.44,43.21],[51.31,43.34],[51.32,43.73],[51.04,43.93],[51.07,44.06],[50.88,44.25],[50.19,44.45],[50.22,44.58],[50.4,44.65],[50.86,44.52],[51.42,44.52],[51.47,44.71],[51.02,44.84],[51.06,45.04],[51.47,45.37],[51.88,45.37],[52.09,45.24],[53.88,45.24],[53.81,44.97],[54.3,44.97],[54.36,45.24],[54.22,45.3],[54.29,45.56],[53.88,45.56],[53.67,45.37],[53.42,45.37],[53.06,45.56],[53.07,45.89],[53.25,45.96],[53.35,46.35],[53.27,46.35],[53.27,46.68],[53.19,46.68],[53.24,46.87],[53.16,46.87],[53.18,46.94],[54.31,47.47],[54.84,47.6],[55.26,47.93],[55.82,48.13],[56.45,48.59],[56.62,48.59],[57.28,49.12],[57.49,49.52],[57.7,49.65],[58.14,50.71],[58.43,51.05],[58.67,51.71],[58.75,51.71],[58.95,52.25],[59.04,52.25],[59.03,52.45],[59.3,52.72],[60.51,55.5],[60.6,55.5]]]]},"properties":{"id":"territory:White Horde:1363","name":"백장 칸국","name_en":"White Horde","actor":"기타중립","valid_from":1363,"valid_to":1375,"wikidata":"Q2553863","area":2517549,"src":"cliopatria","confidence":"medium"}},{"type":"Feature","geometry":{"type":"Point","coordinates":[67.687,49.179]},"properties":{"id":"territory:White Horde:1363:label","name":"백장 칸국","name_en":"White Horde","actor":"기타중립","valid_from":1363,"valid_to":1375,"wikidata":"Q2553863","area":2517549,"src":"cliopatria","confidence":"medium"}},{"type":"Feature","geometry":{"type":"Polygon","coordinates":[[[79.5,36.16],[79.69,36.29],[80.39,36.55],[81.26,36.61],[81.71,36.8],[82.1,36.8],[85.11,37.45],[85.36,37.71],[85.81,37.9],[86.08,38.22],[86.78,38.42],[87.66,38.48],[88.75,38.87],[89.14,38.87],[90.57,39.71],[90.83,40.36],[90.72,40.48],[90.78,40.61],[90.65,40.68],[90.7,40.81],[90.57,40.87],[90.63,41.0],[90.49,41.07],[90.46,41.72],[90.38,41.72],[90.46,41.91],[90.36,42.04],[90.42,42.17],[90.34,42.17],[90.4,42.3],[90.32,42.3],[90.4,42.5],[90.3,42.63],[90.36,42.76],[90.28,42.76],[90.34,42.89],[90.26,42.89],[90.28,43.28],[90.2,43.28],[90.29,43.47],[90.2,43.47],[90.3,43.67],[90.21,43.67],[90.33,44.78],[89.91,44.91],[89.94,44.97],[89.69,44.97],[89.46,45.17],[89.22,45.17],[88.98,45.37],[88.45,45.43],[88.21,45.63],[87.92,45.69],[87.95,45.76],[87.52,45.89],[87.55,45.96],[86.72,46.28],[86.6,46.55],[86.43,46.55],[86.36,46.74],[86.2,46.74],[86.13,46.94],[85.96,46.94],[85.89,47.14],[85.73,47.14],[85.74,47.33],[85.55,47.47],[85.62,47.6],[85.51,47.73],[85.35,47.73],[85.17,47.53],[83.98,47.27],[83.36,47.01],[80.89,46.61],[80.75,46.48],[80.04,46.74],[80.07,46.81],[79.61,46.68],[79.31,46.74],[79.28,46.68],[79.09,46.61],[78.97,46.35],[78.46,46.28],[77.8,46.28],[77.83,46.35],[77.36,46.41],[77.39,46.48],[75.45,46.55],[75.32,46.41],[74.88,46.35],[74.75,46.02],[74.32,45.96],[74.12,45.43],[74.25,45.37],[74.13,45.04],[73.86,44.97],[73.91,45.1],[73.74,45.3],[73.33,45.5],[73.5,45.96],[73.64,45.89],[73.72,46.09],[73.53,46.02],[73.63,46.28],[73.87,46.28],[73.95,46.48],[74.33,46.61],[74.36,46.68],[73.89,46.74],[73.91,46.81],[73.18,46.81],[72.03,46.61],[70.96,45.69],[69.98,44.32],[61.96,43.73],[61.76,43.6],[61.52,43.08],[61.21,42.82],[61.13,42.56],[60.78,42.17],[60.6,42.11],[60.45,41.85],[59.5,41.26],[59.61,41.07],[59.97,40.94],[62.23,40.48],[62.25,40.29],[62.46,40.16],[62.42,40.03],[62.69,39.84],[62.65,39.71],[63.09,39.26],[63.25,39.26],[63.42,39.0],[63.84,38.8],[64.01,38.55],[64.37,38.42],[64.66,38.03],[65.24,37.84],[65.63,37.51],[66.52,37.32],[67.0,37.38],[67.12,37.25],[67.75,37.25],[67.92,37.0],[68.84,37.25],[68.69,36.35],[68.79,36.16],[68.75,35.64],[68.92,35.39],[68.84,34.74],[68.32,34.16],[68.28,33.97],[68.01,33.78],[67.95,33.52],[68.69,33.39],[69.03,33.2],[69.41,33.2],[70.04,32.56],[70.01,32.43],[70.28,32.24],[70.25,32.11],[70.72,31.79],[71.17,32.49],[71.23,32.75],[71.59,33.01],[71.48,33.2],[71.53,33.39],[72.14,34.04],[72.46,34.1],[72.42,33.91],[73.08,33.78],[73.2,33.65],[73.15,33.46],[73.45,33.39],[73.51,33.65],[73.34,33.91],[73.34,34.55],[74.36,35.19],[74.87,35.39],[76.01,35.58],[77.98,35.45],[78.44,35.71],[78.57,35.9],[79.44,35.97],[79.5,36.16]]]},"properties":{"id":"territory:Chagatai Khanate:1294","name":"차가타이 칸국","name_en":"Chagatai Khanate","actor":"기타중립","valid_from":1294,"valid_to":1326,"wikidata":"Q487829","area":2460789,"src":"cliopatria","confidence":"medium"}},{"type":"Feature","geometry":{"type":"Point","coordinates":[76.332,40.988]},"properties":{"id":"territory:Chagatai Khanate:1294:label","name":"차가타이 칸국","name_en":"Chagatai Khanate","actor":"기타중립","valid_from":1294,"valid_to":1326,"wikidata":"Q487829","area":2460789,"src":"cliopatria","confidence":"medium"}},{"type":"Feature","geometry":{"type":"Polygon","coordinates":[[[79.5,36.16],[79.69,36.29],[80.39,36.55],[81.26,36.61],[81.71,36.8],[82.1,36.8],[85.11,37.45],[85.36,37.71],[85.81,37.9],[86.08,38.22],[86.78,38.42],[87.66,38.48],[88.75,38.87],[89.14,38.87],[90.57,39.71],[90.83,40.36],[90.72,40.48],[90.78,40.61],[90.65,40.68],[90.7,40.81],[90.57,40.87],[90.63,41.0],[90.49,41.07],[90.46,41.72],[90.38,41.72],[90.46,41.91],[90.36,42.04],[90.42,42.17],[90.34,42.17],[90.4,42.3],[90.32,42.3],[90.4,42.5],[90.3,42.63],[90.36,42.76],[90.28,42.76],[90.34,42.89],[90.26,42.89],[90.28,43.28],[90.2,43.28],[90.29,43.47],[90.2,43.47],[90.3,43.67],[90.21,43.67],[90.33,44.78],[89.91,44.91],[89.94,44.97],[89.69,44.97],[89.46,45.17],[89.22,45.17],[88.98,45.37],[88.45,45.43],[88.21,45.63],[87.92,45.69],[87.95,45.76],[87.52,45.89],[87.55,45.96],[86.72,46.28],[86.6,46.55],[86.43,46.55],[86.36,46.74],[86.2,46.74],[86.13,46.94],[85.96,46.94],[85.89,47.14],[85.73,47.14],[85.74,47.33],[85.55,47.47],[85.62,47.6],[85.51,47.73],[85.35,47.73],[85.17,47.53],[83.98,47.27],[83.36,47.01],[80.89,46.61],[80.75,46.48],[80.04,46.74],[80.07,46.81],[79.61,46.68],[79.31,46.74],[79.28,46.68],[79.09,46.61],[78.97,46.35],[78.46,46.28],[77.8,46.28],[77.83,46.35],[77.36,46.41],[77.39,46.48],[75.45,46.55],[75.32,46.41],[74.88,46.35],[74.75,46.02],[74.32,45.96],[74.12,45.43],[74.25,45.37],[74.13,45.04],[73.86,44.97],[73.91,45.1],[73.74,45.3],[73.33,45.5],[73.5,45.96],[73.64,45.89],[73.72,46.09],[73.53,46.02],[73.63,46.28],[73.87,46.28],[73.95,46.48],[74.33,46.61],[74.36,46.68],[73.89,46.74],[73.91,46.81],[73.18,46.81],[72.03,46.61],[70.96,45.69],[69.98,44.32],[61.96,43.73],[61.76,43.6],[61.52,43.08],[61.21,42.82],[61.13,42.56],[60.78,42.17],[60.6,42.11],[60.45,41.85],[59.5,41.26],[59.61,41.07],[59.97,40.94],[62.23,40.48],[62.25,40.29],[62.46,40.16],[62.42,40.03],[62.69,39.84],[62.65,39.71],[63.09,39.26],[63.25,39.26],[63.42,39.0],[63.84,38.8],[64.01,38.55],[64.37,38.42],[64.66,38.03],[65.24,37.84],[65.63,37.51],[66.52,37.32],[67.0,37.38],[67.12,37.25],[67.75,37.25],[67.92,37.0],[68.84,37.25],[68.69,36.35],[68.79,36.16],[68.75,35.64],[68.92,35.39],[68.84,34.74],[68.32,34.16],[68.28,33.97],[68.01,33.78],[67.95,33.52],[68.69,33.39],[69.03,33.2],[69.41,33.2],[70.04,32.56],[70.01,32.43],[70.28,32.24],[70.25,32.11],[70.72,31.79],[71.17,32.49],[71.23,32.75],[71.59,33.01],[71.48,33.2],[71.53,33.39],[71.96,33.91],[72.31,34.1],[72.54,34.1],[72.66,34.29],[73.02,34.49],[73.33,34.49],[73.64,34.81],[73.97,34.87],[74.36,35.19],[74.87,35.39],[76.01,35.58],[77.98,35.45],[78.44,35.71],[78.57,35.9],[79.44,35.97],[79.5,36.16]]]},"properties":{"id":"territory:Chagatai Khanate:1326","name":"차가타이 칸국","name_en":"Chagatai Khanate","actor":"기타중립","valid_from":1326,"valid_to":1344,"wikidata":"Q487829","area":2454493,"src":"cliopatria","confidence":"medium"}},{"type":"Feature","geometry":{"type":"Point","coordinates":[76.34,41.005]},"properties":{"id":"territory:Chagatai Khanate:1326:label","name":"차가타이 칸국","name_en":"Chagatai Khanate","actor":"기타중립","valid_from":1326,"valid_to":1344,"wikidata":"Q487829","area":2454493,"src":"cliopatria","confidence":"medium"}},{"type":"Feature","geometry":{"type":"Polygon","coordinates":[[[79.5,36.16],[79.69,36.29],[80.39,36.55],[81.26,36.61],[81.71,36.8],[82.1,36.8],[85.11,37.45],[85.36,37.71],[85.81,37.9],[86.08,38.22],[86.78,38.42],[87.66,38.48],[88.75,38.87],[89.14,38.87],[90.57,39.71],[90.83,40.36],[90.72,40.48],[90.78,40.61],[90.65,40.68],[90.7,40.81],[90.57,40.87],[90.63,41.0],[90.49,41.07],[90.46,41.72],[90.38,41.72],[90.46,41.91],[90.36,42.04],[90.42,42.17],[90.34,42.17],[90.4,42.3],[90.32,42.3],[90.4,42.5],[90.3,42.63],[90.36,42.76],[90.28,42.76],[90.34,42.89],[90.26,42.89],[90.28,43.28],[90.2,43.28],[90.29,43.47],[90.2,43.47],[90.3,43.67],[90.21,43.67],[90.33,44.78],[89.91,44.91],[89.94,44.97],[89.69,44.97],[89.46,45.17],[89.22,45.17],[88.98,45.37],[88.45,45.43],[88.21,45.63],[87.92,45.69],[87.95,45.76],[87.52,45.89],[87.55,45.96],[86.72,46.28],[86.6,46.55],[86.43,46.55],[86.36,46.74],[86.2,46.74],[86.13,46.94],[85.96,46.94],[85.89,47.14],[85.73,47.14],[85.74,47.33],[85.55,47.47],[85.62,47.6],[85.51,47.73],[85.35,47.73],[85.17,47.53],[83.98,47.27],[83.36,47.01],[80.89,46.61],[80.75,46.48],[80.04,46.74],[80.07,46.81],[79.61,46.68],[79.31,46.74],[79.28,46.68],[79.09,46.61],[78.97,46.35],[78.46,46.28],[77.8,46.28],[77.83,46.35],[77.36,46.41],[77.39,46.48],[75.45,46.55],[75.32,46.41],[74.88,46.35],[74.75,46.02],[74.32,45.96],[74.12,45.43],[74.25,45.37],[74.13,45.04],[73.86,44.97],[73.91,45.1],[73.74,45.3],[73.33,45.5],[73.5,45.96],[73.64,45.89],[73.72,46.09],[73.53,46.02],[73.63,46.28],[73.87,46.28],[73.95,46.48],[74.33,46.61],[74.36,46.68],[73.89,46.74],[73.91,46.81],[73.18,46.81],[72.03,46.61],[70.96,45.69],[69.98,44.32],[61.96,43.73],[61.76,43.6],[61.52,43.08],[61.21,42.82],[61.13,42.56],[60.78,42.17],[60.6,42.11],[60.45,41.85],[59.5,41.26],[59.75,41.0],[61.71,40.61],[61.69,40.55],[62.23,40.48],[62.25,40.29],[62.46,40.16],[62.42,40.03],[62.69,39.84],[62.65,39.71],[63.09,39.26],[63.25,39.26],[63.42,39.0],[63.57,39.0],[64.01,38.55],[64.16,38.55],[64.15,38.48],[64.37,38.42],[64.66,38.03],[65.24,37.84],[65.63,37.51],[66.52,37.32],[67.0,37.38],[67.12,37.25],[67.75,37.25],[67.92,37.0],[68.84,37.25],[68.69,36.35],[68.79,36.16],[68.75,35.64],[68.92,35.39],[68.84,34.74],[68.32,34.16],[68.28,33.97],[68.01,33.78],[67.95,33.52],[68.03,33.52],[68.69,33.39],[69.03,33.2],[69.41,33.2],[70.04,32.56],[70.01,32.43],[70.28,32.24],[70.25,32.11],[70.53,31.98],[70.64,31.79],[70.72,31.79],[71.17,32.49],[71.23,32.75],[71.59,33.01],[71.48,33.2],[71.53,33.39],[71.96,33.91],[72.31,34.1],[72.54,34.1],[72.66,34.29],[73.02,34.49],[73.33,34.49],[73.64,34.81],[73.97,34.87],[74.36,35.19],[74.87,35.39],[76.01,35.58],[77.98,35.45],[78.44,35.71],[78.57,35.9],[79.44,35.97],[79.5,36.16]]]},"properties":{"id":"territory:Chagatai Khanate:1344","name":"차가타이 칸국","name_en":"Chagatai Khanate","actor":"기타중립","valid_from":1344,"valid_to":1352,"wikidata":"Q487829","area":2454002,"src":"cliopatria","confidence":"medium"}},{"type":"Feature","geometry":{"type":"Point","coordinates":[76.342,41.005]},"properties":{"id":"territory:Chagatai Khanate:1344:label","name":"차가타이 칸국","name_en":"Chagatai Khanate","actor":"기타중립","valid_from":1344,"valid_to":1352,"wikidata":"Q487829","area":2454002,"src":"cliopatria","confidence":"medium"}},{"type":"Feature","geometry":{"type":"MultiPolygon","coordinates":[[[[34.82,45.63],[34.99,45.63],[35.02,45.3],[36.42,45.43],[36.37,45.1],[36.2,45.04],[35.41,45.17],[35.4,45.1],[35.15,45.1],[34.97,44.97],[34.57,44.97],[34.39,44.91],[34.38,44.78],[34.03,44.65],[33.56,44.71],[33.57,44.78],[33.61,45.1],[33.47,45.24],[33.22,45.24],[32.61,45.5],[33.71,45.82],[33.74,46.02],[34.15,46.09],[34.54,45.96],[34.74,45.63],[34.82,45.63]]],[[[51.82,55.91],[51.79,55.84],[52.27,55.7],[52.31,55.57],[52.7,55.43],[52.65,55.29],[52.96,54.95],[53.14,54.95],[53.33,54.75],[54.0,54.68],[53.97,54.61],[55.91,54.68],[57.03,54.89],[57.26,55.02],[57.49,54.95],[57.81,55.09],[58.04,55.02],[58.48,55.23],[58.91,55.23],[59.4,55.36],[59.67,55.57],[60.57,55.63],[60.54,55.57],[60.51,55.5],[59.3,52.72],[59.03,52.45],[59.04,52.25],[58.95,52.25],[58.75,51.71],[58.67,51.71],[58.43,51.05],[58.14,50.71],[57.7,49.65],[57.49,49.52],[57.28,49.12],[56.62,48.59],[56.45,48.59],[55.82,48.13],[55.26,47.93],[54.84,47.6],[54.31,47.47],[53.18,46.94],[53.1,46.94],[51.86,46.94],[51.81,47.07],[51.58,47.14],[50.84,47.14],[50.3,46.94],[49.99,46.68],[49.3,46.55],[49.06,46.22],[48.64,46.15],[48.59,45.96],[47.47,45.69],[47.48,45.37],[47.33,45.43],[47.04,44.84],[46.69,44.71],[46.63,44.45],[47.01,44.32],[47.34,43.99],[47.34,43.6],[47.46,43.41],[47.38,43.02],[47.66,42.82],[47.68,42.56],[48.21,42.04],[48.2,41.98],[48.09,41.85],[48.17,41.85],[48.12,41.59],[48.2,41.59],[48.08,41.39],[47.72,41.2],[47.14,41.46],[46.74,41.85],[46.35,41.91],[46.3,42.04],[45.75,42.11],[45.67,42.5],[45.23,42.69],[44.82,42.69],[44.84,42.76],[44.76,42.76],[44.74,42.69],[44.36,42.76],[43.85,42.63],[43.66,42.89],[43.42,42.89],[42.99,43.15],[41.71,43.21],[41.12,43.47],[40.4,43.54],[40.26,43.67],[40.29,43.8],[40.03,43.73],[39.35,43.99],[39.36,44.06],[38.22,44.45],[38.01,44.71],[37.53,44.71],[37.17,45.04],[37.22,45.3],[37.7,45.3],[37.75,45.56],[37.59,45.63],[37.76,45.63],[37.89,45.96],[38.33,46.15],[38.37,46.35],[37.9,46.48],[37.84,46.61],[38.49,46.61],[38.62,46.87],[39.14,47.01],[39.22,47.01],[39.48,47.07],[39.53,47.33],[39.22,47.47],[39.11,47.33],[39.03,47.33],[38.68,47.2],[37.52,47.14],[37.17,47.01],[37.23,46.87],[36.91,46.94],[36.8,46.81],[35.63,46.68],[35.25,46.28],[34.76,46.28],[34.74,46.15],[34.08,46.15],[34.02,46.28],[33.61,46.28],[33.59,46.15],[32.95,46.22],[32.85,46.09],[32.68,46.09],[32.06,46.35],[31.82,46.35],[31.84,46.48],[32.16,46.48],[32.17,46.55],[32.92,46.61],[33.69,46.87],[34.08,47.27],[34.11,47.47],[34.38,47.6],[35.03,47.53],[35.5,48.92],[35.78,49.12],[35.95,49.12],[36.01,48.99],[36.0,48.92],[35.81,48.79],[36.07,48.85],[36.08,48.92],[36.33,48.92],[36.31,48.79],[36.63,48.72],[36.69,48.59],[36.94,48.59],[37.84,48.99],[37.86,49.12],[37.71,49.18],[37.67,49.45],[37.59,49.45],[37.63,49.65],[37.54,49.65],[37.75,50.31],[37.84,50.31],[37.9,51.05],[38.09,51.18],[38.15,51.45],[37.94,51.65],[37.96,51.78],[37.48,51.92],[37.43,52.05],[37.01,52.12],[36.74,52.45],[36.43,52.59],[36.32,52.92],[35.77,53.12],[36.1,53.94],[36.02,53.94],[36.06,54.14],[35.89,54.14],[35.93,54.34],[35.73,54.61],[35.92,54.68],[35.95,54.82],[36.5,54.95],[36.54,55.16],[37.18,54.89],[37.8,54.95],[38.45,54.75],[38.87,55.02],[39.12,55.7],[39.3,55.7],[39.33,55.84],[39.94,55.84],[40.15,55.98],[40.33,56.32],[41.98,56.52],[41.96,56.46],[42.04,56.46],[42.06,56.18],[42.21,56.11],[42.19,56.05],[42.23,55.84],[42.31,55.84],[45.29,56.11],[45.75,56.18],[45.88,56.32],[46.85,56.32],[47.54,56.52],[47.96,56.46],[48.27,56.59],[49.24,56.59],[49.22,56.52],[49.99,56.46],[49.96,56.39],[50.29,56.32],[50.57,56.11],[51.08,56.05],[51.05,55.98],[51.82,55.91]]],[[[51.08,56.05],[51.1,56.11],[51.19,56.11],[51.16,56.05],[51.08,56.05]]]]},"properties":{"id":"territory:Blue Horde:1363","name":"청장 칸국","name_en":"Blue Horde","actor":"기타중립","valid_from":1363,"valid_to":1375,"wikidata":"Q644979","area":1828862,"src":"cliopatria","confidence":"medium"}},{"type":"Feature","geometry":{"type":"Point","coordinates":[46.442,50.349]},"properties":{"id":"territory:Blue Horde:1363:label","name":"청장 칸국","name_en":"Blue Horde","actor":"기타중립","valid_from":1363,"valid_to":1375,"wikidata":"Q644979","area":1828862,"src":"cliopatria","confidence":"medium"}},{"type":"Feature","geometry":{"type":"MultiPolygon","coordinates":[[[[34.82,45.63],[34.99,45.63],[35.02,45.3],[35.75,45.3],[36.26,45.43],[36.23,45.24],[36.38,45.17],[36.2,45.04],[35.88,45.04],[35.73,45.17],[35.41,45.17],[35.4,45.1],[34.57,44.97],[34.12,44.71],[34.04,44.71],[34.03,44.65],[33.56,44.71],[33.57,44.78],[33.61,45.1],[33.47,45.24],[33.22,45.24],[32.61,45.5],[33.71,45.82],[33.74,46.02],[34.15,46.09],[34.54,45.96],[34.74,45.63],[34.82,45.63]]],[[[51.82,55.91],[51.79,55.84],[52.27,55.7],[52.31,55.57],[52.7,55.43],[52.65,55.29],[52.96,54.95],[53.14,54.95],[53.33,54.75],[54.0,54.68],[53.97,54.61],[55.91,54.68],[57.03,54.89],[57.26,55.02],[57.49,54.95],[57.81,55.09],[58.04,55.02],[58.48,55.23],[58.91,55.23],[59.4,55.36],[59.67,55.57],[60.57,55.63],[60.54,55.57],[60.51,55.5],[59.3,52.72],[59.03,52.45],[59.04,52.25],[58.95,52.25],[58.75,51.71],[58.67,51.71],[58.43,51.05],[58.14,50.71],[57.7,49.65],[57.49,49.52],[57.28,49.12],[56.62,48.59],[56.45,48.59],[55.82,48.13],[55.26,47.93],[54.84,47.6],[54.31,47.47],[53.18,46.94],[53.1,46.94],[51.86,46.94],[51.81,47.07],[51.58,47.14],[50.84,47.14],[50.3,46.94],[49.99,46.68],[49.3,46.55],[49.06,46.22],[48.64,46.15],[48.59,45.96],[47.47,45.69],[47.48,45.37],[47.33,45.43],[47.04,44.84],[46.69,44.71],[46.63,44.45],[47.01,44.32],[47.34,43.99],[47.34,43.6],[47.46,43.41],[47.38,43.02],[47.66,42.82],[47.68,42.56],[48.21,42.04],[48.2,41.98],[48.09,41.85],[48.17,41.85],[48.12,41.59],[48.2,41.59],[48.08,41.39],[47.72,41.2],[47.14,41.46],[46.74,41.85],[46.35,41.91],[46.3,42.04],[45.75,42.11],[45.67,42.5],[45.23,42.69],[44.82,42.69],[44.84,42.76],[44.76,42.76],[44.74,42.69],[44.36,42.76],[43.85,42.63],[43.66,42.89],[43.42,42.89],[42.99,43.15],[41.71,43.21],[41.12,43.47],[40.4,43.54],[40.26,43.67],[40.29,43.8],[40.03,43.73],[39.35,43.99],[39.36,44.06],[38.22,44.45],[38.01,44.71],[37.53,44.71],[37.17,45.04],[37.22,45.3],[37.7,45.3],[37.75,45.56],[37.59,45.63],[37.76,45.63],[37.89,45.96],[38.33,46.15],[38.37,46.35],[37.9,46.48],[37.84,46.61],[38.49,46.61],[38.62,46.87],[39.14,47.01],[39.22,47.01],[39.48,47.07],[39.53,47.33],[39.22,47.47],[39.11,47.33],[39.03,47.33],[38.68,47.2],[37.52,47.14],[37.17,47.01],[37.23,46.87],[36.91,46.94],[36.8,46.81],[35.63,46.68],[35.25,46.28],[34.76,46.28],[34.74,46.15],[34.08,46.15],[34.02,46.28],[33.61,46.28],[33.59,46.15],[32.95,46.22],[32.85,46.09],[32.68,46.09],[32.06,46.35],[31.82,46.35],[31.84,46.48],[32.16,46.48],[32.17,46.55],[32.92,46.61],[33.69,46.87],[34.08,47.27],[34.11,47.47],[34.38,47.6],[35.03,47.53],[35.5,48.92],[35.78,49.12],[35.95,49.12],[36.01,48.99],[36.0,48.92],[35.81,48.79],[36.07,48.85],[36.08,48.92],[36.33,48.92],[36.31,48.79],[36.63,48.72],[36.69,48.59],[36.94,48.59],[37.84,48.99],[37.86,49.12],[37.71,49.18],[37.67,49.45],[37.59,49.45],[37.63,49.65],[37.54,49.65],[37.75,50.31],[37.84,50.31],[37.9,51.05],[38.09,51.18],[38.15,51.45],[37.94,51.65],[37.96,51.78],[37.48,51.92],[37.43,52.05],[37.01,52.12],[36.74,52.45],[36.43,52.59],[36.32,52.92],[35.77,53.12],[36.1,53.94],[36.02,53.94],[36.06,54.14],[35.89,54.14],[35.93,54.34],[35.73,54.61],[35.92,54.68],[35.95,54.82],[36.5,54.95],[36.54,55.16],[37.18,54.89],[37.8,54.95],[38.45,54.75],[38.87,55.02],[39.12,55.7],[39.3,55.7],[39.33,55.84],[39.94,55.84],[40.15,55.98],[40.33,56.32],[41.98,56.52],[41.96,56.46],[42.04,56.46],[42.06,56.18],[42.21,56.11],[42.19,56.05],[42.23,55.84],[42.31,55.84],[45.29,56.11],[45.75,56.18],[45.88,56.32],[46.85,56.32],[47.54,56.52],[47.96,56.46],[48.27,56.59],[49.24,56.59],[49.22,56.52],[49.99,56.46],[49.96,56.39],[50.29,56.32],[50.57,56.11],[51.08,56.05],[51.05,55.98],[51.82,55.91]]],[[[51.08,56.05],[51.1,56.11],[51.19,56.11],[51.16,56.05],[51.08,56.05]]]]},"properties":{"id":"territory:Blue Horde:1375","name":"청장 칸국","name_en":"Blue Horde","actor":"기타중립","valid_from":1375,"valid_to":1402,"wikidata":"Q644979","area":1827934,"src":"cliopatria","confidence":"medium"}},{"type":"Feature","geometry":{"type":"Point","coordinates":[46.442,50.349]},"properties":{"id":"territory:Blue Horde:1375:label","name":"청장 칸국","name_en":"Blue Horde","actor":"기타중립","valid_from":1375,"valid_to":1402,"wikidata":"Q644979","area":1827934,"src":"cliopatria","confidence":"medium"}},{"type":"Feature","geometry":{"type":"Polygon","coordinates":[[[61.39,69.87],[60.83,69.95],[60.54,69.79],[60.48,70.02],[60.12,70.1],[60.16,70.18],[59.86,70.18],[59.91,70.26],[59.7,70.26],[59.75,70.33],[59.44,70.33],[59.49,70.41],[58.97,70.57],[58.43,70.33],[58.34,70.18],[58.44,70.18],[58.45,70.02],[58.81,69.95],[58.77,69.87],[59.11,69.95],[59.07,69.87],[59.37,69.87],[59.33,69.79],[59.53,69.79],[59.48,69.72],[60.09,69.72],[60.05,69.49],[60.41,69.41],[60.48,69.18],[60.78,69.18],[60.73,69.11],[60.83,69.11],[60.7,68.88],[59.96,68.8],[59.77,68.65],[59.74,68.42],[59.24,68.42],[59.23,68.57],[59.13,68.57],[59.4,68.88],[59.04,68.95],[59.09,69.03],[58.39,69.03],[58.2,68.88],[57.84,68.95],[57.18,68.65],[55.62,68.73],[55.04,68.57],[54.79,68.27],[54.69,68.27],[54.73,68.35],[53.3,68.27],[53.87,68.42],[53.95,68.57],[53.79,68.65],[54.04,68.95],[53.28,69.03],[52.47,68.8],[52.25,68.57],[51.89,68.65],[51.52,68.5],[50.82,68.5],[49.29,67.97],[48.7,67.97],[48.7,67.74],[47.78,67.67],[47.72,67.52],[47.82,67.52],[47.53,67.07],[47.63,67.07],[47.6,67.0],[47.37,66.92],[45.81,66.92],[45.56,67.3],[45.17,67.3],[45.2,67.37],[44.93,67.44],[45.09,67.59],[45.29,67.59],[45.35,67.74],[46.66,67.82],[46.69,68.12],[46.49,68.12],[46.45,68.27],[46.09,68.35],[46.12,68.42],[45.92,68.42],[45.88,68.57],[45.58,68.57],[45.61,68.65],[44.19,68.57],[44.22,68.65],[43.45,68.73],[43.46,68.5],[43.76,68.5],[43.73,68.42],[44.17,68.27],[43.94,67.67],[43.84,67.67],[43.6,67.3],[43.7,67.3],[43.74,67.15],[44.13,67.15],[44.1,67.07],[44.37,67.0],[44.28,66.77],[44.38,66.77],[44.35,66.7],[44.13,66.62],[43.97,66.18],[43.61,66.25],[43.66,66.4],[43.46,66.4],[43.49,66.48],[41.96,66.55],[41.44,66.18],[40.4,65.96],[40.26,65.81],[39.61,65.59],[39.54,65.37],[39.68,65.22],[39.88,65.22],[39.93,65.08],[40.12,65.08],[40.07,64.93],[40.24,64.86],[40.19,64.71],[39.41,64.64],[39.43,64.71],[38.88,64.79],[38.9,64.86],[38.21,64.79],[38.16,64.93],[37.45,65.15],[37.48,65.22],[37.19,65.22],[37.21,65.3],[36.92,65.3],[36.69,65.15],[36.65,65.0],[36.36,65.0],[36.32,64.86],[36.54,64.64],[36.73,64.64],[36.79,64.49],[36.98,64.49],[37.13,64.35],[37.53,64.42],[37.89,64.35],[37.88,63.99],[37.39,63.91],[36.55,63.99],[36.25,64.28],[35.97,64.28],[35.82,64.42],[34.98,64.49],[34.94,64.71],[34.85,64.71],[34.9,64.93],[34.73,65.0],[34.79,65.22],[34.44,65.37],[34.67,65.52],[34.87,65.88],[34.56,66.18],[34.09,66.25],[34.11,66.33],[33.63,66.33],[33.68,66.55],[33.0,66.55],[32.88,66.85],[32.41,66.92],[32.18,66.77],[32.14,66.62],[31.75,66.62],[31.81,66.48],[30.93,66.03],[30.79,65.81],[30.47,65.66],[30.43,65.52],[30.11,65.37],[29.96,65.08],[29.86,65.08],[29.81,64.86],[29.72,64.86],[29.67,64.64],[29.58,64.64],[29.53,64.42],[29.31,64.28],[29.27,64.06],[28.94,63.84],[29.01,63.7],[28.68,63.48],[28.54,63.19],[28.44,63.19],[28.4,62.98],[28.19,62.83],[28.17,62.76],[28.41,62.55],[28.6,62.55],[29.24,61.97],[29.21,61.83],[29.37,61.69],[29.29,61.26],[29.38,61.26],[29.41,60.91],[29.59,60.91],[29.64,60.7],[30.0,60.63],[29.93,60.28],[29.83,60.21],[29.81,60.14],[29.99,60.14],[29.97,60.0],[30.16,60.07],[30.14,59.92],[29.76,59.85],[29.77,59.92],[29.15,60.0],[29.16,60.07],[28.85,59.85],[28.41,59.92],[28.29,59.78],[27.93,59.78],[27.88,59.5],[28.05,59.43],[28.04,59.36],[28.43,59.02],[28.78,58.95],[28.76,58.81],[28.85,58.81],[28.82,58.67],[28.91,58.67],[28.89,58.53],[29.04,58.39],[28.98,58.04],[29.38,57.77],[29.37,57.7],[29.76,57.35],[29.58,56.87],[29.98,56.59],[29.96,56.46],[30.11,56.32],[30.47,56.39],[30.84,56.46],[31.13,57.08],[31.66,57.08],[32.13,57.21],[32.45,57.49],[32.63,57.49],[32.86,57.77],[33.3,57.7],[33.34,57.49],[33.51,57.42],[33.48,57.28],[33.7,57.08],[34.79,56.8],[34.96,56.73],[35.0,56.52],[35.21,56.66],[35.53,56.52],[35.83,56.66],[35.86,56.8],[36.06,57.28],[36.55,57.49],[36.59,58.04],[36.5,58.04],[36.55,58.25],[36.46,58.25],[36.51,58.46],[36.42,58.46],[36.45,58.95],[35.96,59.16],[35.91,59.71],[35.77,59.85],[35.82,60.07],[35.73,60.07],[35.85,60.56],[36.74,60.84],[37.29,60.84],[38.32,60.91],[38.38,60.77],[38.56,60.77],[38.87,60.56],[39.29,60.42],[39.32,60.21],[39.74,60.07],[39.86,59.85],[40.28,59.71],[40.61,59.29],[40.79,59.29],[41.6,59.57],[41.64,59.71],[42.2,60.07],[43.01,60.91],[43.29,61.48],[43.54,61.69],[44.28,61.69],[44.49,61.76],[44.54,61.9],[46.09,61.83],[46.07,61.76],[46.25,61.76],[46.39,61.62],[46.24,61.19],[46.33,61.19],[47.32,61.12],[47.61,61.41],[48.16,61.41],[48.26,61.19],[49.12,61.26],[49.09,61.19],[49.65,61.19],[49.62,61.12],[50.73,61.12],[51.7,61.26],[53.11,61.76],[53.17,61.69],[53.05,61.41],[53.15,61.41],[52.97,61.19],[53.15,61.19],[53.1,60.63],[53.19,60.63],[53.01,60.42],[53.19,60.42],[53.14,60.28],[53.23,60.28],[53.08,60.14],[53.26,60.14],[53.18,59.92],[53.27,59.92],[53.09,59.71],[53.27,59.71],[53.4,59.57],[53.41,59.16],[54.01,59.29],[55.25,59.22],[57.0,59.92],[58.52,60.07],[59.13,60.0],[59.96,60.21],[61.39,60.35],[62.48,60.7],[63.12,61.05],[63.99,61.83],[64.22,62.26],[64.13,62.26],[64.32,62.62],[64.23,62.62],[64.31,62.76],[64.21,62.76],[64.29,62.9],[64.2,62.9],[64.28,63.05],[64.18,63.05],[64.26,63.19],[64.11,63.26],[64.19,63.41],[64.04,63.48],[64.11,63.77],[64.02,63.77],[64.27,64.57],[64.46,64.57],[64.49,64.79],[64.77,64.93],[64.89,65.15],[65.09,65.15],[65.27,65.3],[65.53,65.74],[66.27,66.33],[66.45,66.62],[67.02,67.07],[68.29,68.42],[67.94,68.5],[67.99,68.57],[67.69,68.57],[67.74,68.65],[67.25,68.8],[67.3,68.88],[67.0,68.88],[67.05,68.95],[66.2,69.03],[66.25,69.11],[65.34,69.26],[65.39,69.33],[64.89,69.33],[64.94,69.41],[64.74,69.41],[64.79,69.49],[64.38,69.49],[64.43,69.56],[63.88,69.64],[63.93,69.72],[61.5,69.87],[61.39,69.87]]]},"properties":{"id":"territory:Novgorod Republic:1333","name":"노브고로드 공화국","name_en":"Novgorod Republic","actor":"기타중립","valid_from":1333,"valid_to":1344,"wikidata":"Q151536","area":1505899,"src":"cliopatria","confidence":"medium"}},{"type":"Feature","geometry":{"type":"Point","coordinates":[48.142,63.813]},"properties":{"id":"territory:Novgorod Republic:1333:label","name":"노브고로드 공화국","name_en":"Novgorod Republic","actor":"기타중립","valid_from":1333,"valid_to":1344,"wikidata":"Q151536","area":1505899,"src":"cliopatria","confidence":"medium"}},{"type":"Feature","geometry":{"type":"Polygon","coordinates":[[[61.39,69.87],[60.83,69.95],[60.54,69.79],[60.48,70.02],[60.12,70.1],[60.16,70.18],[59.86,70.18],[59.91,70.26],[59.7,70.26],[59.75,70.33],[59.44,70.33],[59.49,70.41],[58.97,70.57],[58.43,70.33],[58.34,70.18],[58.44,70.18],[58.45,70.02],[58.81,69.95],[58.77,69.87],[59.11,69.95],[59.07,69.87],[59.37,69.87],[59.33,69.79],[59.53,69.79],[59.48,69.72],[60.09,69.72],[60.05,69.49],[60.41,69.41],[60.48,69.18],[60.78,69.18],[60.73,69.11],[60.83,69.11],[60.7,68.88],[59.96,68.8],[59.77,68.65],[59.74,68.42],[59.24,68.42],[59.23,68.57],[59.13,68.57],[59.4,68.88],[59.04,68.95],[59.09,69.03],[58.39,69.03],[58.2,68.88],[57.84,68.95],[57.18,68.65],[55.62,68.73],[55.04,68.57],[54.79,68.27],[54.69,68.27],[54.73,68.35],[53.3,68.27],[53.87,68.42],[53.95,68.57],[53.79,68.65],[54.04,68.95],[53.28,69.03],[52.47,68.8],[52.25,68.57],[51.89,68.65],[51.52,68.5],[50.82,68.5],[49.29,67.97],[48.7,67.97],[48.7,67.74],[47.78,67.67],[47.72,67.52],[47.82,67.52],[47.53,67.07],[47.63,67.07],[47.6,67.0],[47.37,66.92],[45.81,66.92],[45.56,67.3],[45.17,67.3],[45.2,67.37],[44.93,67.44],[45.09,67.59],[45.29,67.59],[45.35,67.74],[46.66,67.82],[46.69,68.12],[46.49,68.12],[46.45,68.27],[46.09,68.35],[46.12,68.42],[45.92,68.42],[45.88,68.57],[45.58,68.57],[45.61,68.65],[44.19,68.57],[44.22,68.65],[43.45,68.73],[43.46,68.5],[43.76,68.5],[43.73,68.42],[44.17,68.27],[43.94,67.67],[43.84,67.67],[43.6,67.3],[43.7,67.3],[43.74,67.15],[44.13,67.15],[44.1,67.07],[44.37,67.0],[44.28,66.77],[44.38,66.77],[44.35,66.7],[44.13,66.62],[43.97,66.18],[43.61,66.25],[43.66,66.4],[43.46,66.4],[43.49,66.48],[41.96,66.55],[41.44,66.18],[40.4,65.96],[40.26,65.81],[39.61,65.59],[39.54,65.37],[39.68,65.22],[39.88,65.22],[39.93,65.08],[40.12,65.08],[40.07,64.93],[40.24,64.86],[40.19,64.71],[39.41,64.64],[39.43,64.71],[38.88,64.79],[38.9,64.86],[38.21,64.79],[38.16,64.93],[37.45,65.15],[37.48,65.22],[37.19,65.22],[37.21,65.3],[36.92,65.3],[36.69,65.15],[36.65,65.0],[36.36,65.0],[36.32,64.86],[36.54,64.64],[36.73,64.64],[36.79,64.49],[36.98,64.49],[37.13,64.35],[37.53,64.42],[37.89,64.35],[37.88,63.99],[37.39,63.91],[36.55,63.99],[36.25,64.28],[35.97,64.28],[35.82,64.42],[34.98,64.49],[34.94,64.71],[34.85,64.71],[34.9,64.93],[34.73,65.0],[34.79,65.22],[34.44,65.37],[34.67,65.52],[34.87,65.88],[34.56,66.18],[34.09,66.25],[34.11,66.33],[33.63,66.33],[33.68,66.55],[33.0,66.55],[32.88,66.85],[32.41,66.92],[32.18,66.77],[32.14,66.62],[31.75,66.62],[31.81,66.48],[30.93,66.03],[30.79,65.81],[30.47,65.66],[30.43,65.52],[30.11,65.37],[29.96,65.08],[29.86,65.08],[29.81,64.86],[29.72,64.86],[29.67,64.64],[29.58,64.64],[29.53,64.42],[29.31,64.28],[29.15,63.91],[28.94,63.84],[29.01,63.7],[28.56,63.34],[28.28,62.83],[28.27,62.76],[28.41,62.55],[28.6,62.55],[29.24,61.97],[29.21,61.83],[29.37,61.69],[29.29,61.26],[29.38,61.26],[29.41,60.91],[29.59,60.91],[29.64,60.7],[30.0,60.63],[29.93,60.28],[29.83,60.21],[29.81,60.14],[29.99,60.14],[29.97,60.0],[30.16,60.07],[30.14,59.92],[29.76,59.85],[29.77,59.92],[29.15,60.0],[29.16,60.07],[28.85,59.85],[28.41,59.92],[28.29,59.78],[27.93,59.78],[27.88,59.5],[28.05,59.43],[28.04,59.36],[28.43,59.02],[28.78,58.95],[28.76,58.81],[28.85,58.81],[28.82,58.67],[28.91,58.67],[28.89,58.53],[29.04,58.39],[28.98,58.04],[29.38,57.77],[29.37,57.7],[29.76,57.35],[29.58,56.87],[29.98,56.59],[29.96,56.46],[30.11,56.32],[30.47,56.39],[30.84,56.46],[31.13,57.08],[31.66,57.08],[32.13,57.21],[32.45,57.49],[32.63,57.49],[32.86,57.77],[33.3,57.7],[33.34,57.49],[33.51,57.42],[33.48,57.28],[33.7,57.08],[34.79,56.8],[34.96,56.73],[35.0,56.52],[35.21,56.66],[35.53,56.52],[35.83,56.66],[35.86,56.8],[36.06,57.28],[36.55,57.49],[36.59,58.04],[36.5,58.04],[36.55,58.25],[36.46,58.25],[36.51,58.46],[36.42,58.46],[36.45,58.95],[35.96,59.16],[35.91,59.71],[35.77,59.85],[35.82,60.07],[35.73,60.07],[35.85,60.56],[36.74,60.84],[37.29,60.84],[38.32,60.91],[38.38,60.77],[38.56,60.77],[38.87,60.56],[39.29,60.42],[39.32,60.21],[39.74,60.07],[39.86,59.85],[40.28,59.71],[40.61,59.29],[40.79,59.29],[41.6,59.57],[41.64,59.71],[42.2,60.07],[43.01,60.91],[43.29,61.48],[43.54,61.69],[44.28,61.69],[44.49,61.76],[44.54,61.9],[46.09,61.83],[46.07,61.76],[46.25,61.76],[46.39,61.62],[46.24,61.19],[46.33,61.19],[47.32,61.12],[47.61,61.41],[48.16,61.41],[48.26,61.19],[49.12,61.26],[49.09,61.19],[49.65,61.19],[49.62,61.12],[50.73,61.12],[51.7,61.26],[53.11,61.76],[53.17,61.69],[53.05,61.41],[53.15,61.41],[52.97,61.19],[53.15,61.19],[53.1,60.63],[53.19,60.63],[53.01,60.42],[53.19,60.42],[53.14,60.28],[53.23,60.28],[53.08,60.14],[53.26,60.14],[53.18,59.92],[53.27,59.92],[53.09,59.71],[53.27,59.71],[53.4,59.57],[53.41,59.16],[54.01,59.29],[55.25,59.22],[57.0,59.92],[58.52,60.07],[59.13,60.0],[59.96,60.21],[61.39,60.35],[62.48,60.7],[63.12,61.05],[63.99,61.83],[64.22,62.26],[64.13,62.26],[64.32,62.62],[64.23,62.62],[64.31,62.76],[64.21,62.76],[64.29,62.9],[64.2,62.9],[64.28,63.05],[64.18,63.05],[64.26,63.19],[64.11,63.26],[64.19,63.41],[64.04,63.48],[64.11,63.77],[64.02,63.77],[64.27,64.57],[64.46,64.57],[64.49,64.79],[64.77,64.93],[64.89,65.15],[65.09,65.15],[65.27,65.3],[65.53,65.74],[66.27,66.33],[66.45,66.62],[67.02,67.07],[68.29,68.42],[67.94,68.5],[67.99,68.57],[67.69,68.57],[67.74,68.65],[67.25,68.8],[67.3,68.88],[67.0,68.88],[67.05,68.95],[66.2,69.03],[66.25,69.11],[65.34,69.26],[65.39,69.33],[64.89,69.33],[64.94,69.41],[64.74,69.41],[64.79,69.49],[64.38,69.49],[64.43,69.56],[63.88,69.64],[63.93,69.72],[61.5,69.87],[61.39,69.87]]]},"properties":{"id":"territory:Novgorod Republic:1326","name":"노브고로드 공화국","name_en":"Novgorod Republic","actor":"기타중립","valid_from":1326,"valid_to":1333,"wikidata":"Q151536","area":1505782,"src":"cliopatria","confidence":"medium"}},{"type":"Feature","geometry":{"type":"Point","coordinates":[48.143,63.813]},"properties":{"id":"territory:Novgorod Republic:1326:label","name":"노브고로드 공화국","name_en":"Novgorod Republic","actor":"기타중립","valid_from":1326,"valid_to":1333,"wikidata":"Q151536","area":1505782,"src":"cliopatria","confidence":"medium"}},{"type":"Feature","geometry":{"type":"Polygon","coordinates":[[[37.96,37.13],[38.38,36.74],[38.26,36.35],[38.09,36.29],[38.13,35.97],[39.74,35.77],[40.37,35.26],[40.36,35.13],[40.51,35.13],[40.55,34.81],[40.77,34.74],[40.96,34.42],[40.96,34.36],[39.5,33.71],[38.73,32.94],[38.66,32.3],[38.74,32.3],[38.7,31.98],[38.86,31.98],[38.72,31.34],[38.79,31.34],[38.77,31.08],[38.92,31.01],[38.82,30.76],[38.89,30.76],[38.87,30.5],[39.0,30.24],[38.97,29.92],[39.04,29.92],[39.02,29.67],[39.15,29.41],[39.23,28.57],[39.37,28.44],[39.28,28.25],[39.36,28.25],[39.34,27.99],[39.47,27.8],[39.62,27.8],[39.53,27.54],[39.6,27.54],[39.76,26.64],[39.91,26.64],[39.82,26.45],[39.9,26.45],[39.88,26.26],[40.03,26.26],[39.94,26.0],[40.1,26.07],[40.13,25.49],[40.28,25.42],[40.19,25.23],[40.72,24.2],[41.01,23.94],[41.2,23.49],[41.42,23.43],[41.35,23.36],[41.41,23.17],[41.55,23.11],[41.75,22.66],[41.9,22.59],[41.89,22.46],[42.45,21.82],[42.78,21.18],[43.98,20.02],[43.97,19.89],[44.47,19.51],[44.46,19.31],[44.53,19.31],[44.53,19.25],[44.36,18.93],[43.51,18.22],[43.21,18.16],[42.66,17.71],[42.21,17.51],[42.14,17.51],[41.58,18.09],[41.45,18.48],[41.24,18.61],[41.25,18.86],[41.04,19.12],[40.99,19.44],[40.84,19.51],[40.85,19.7],[40.56,19.83],[40.14,20.28],[39.84,20.28],[39.35,20.79],[39.15,21.18],[39.17,21.63],[39.03,21.76],[39.14,22.53],[38.86,22.85],[38.87,23.04],[38.6,23.62],[38.03,24.14],[37.44,24.33],[37.39,24.65],[37.17,24.78],[37.18,24.91],[37.33,24.97],[37.27,25.23],[36.77,25.68],[36.72,26.0],[36.43,26.19],[36.16,26.77],[35.67,27.29],[35.61,27.54],[35.47,27.61],[35.41,27.87],[35.05,28.12],[34.59,28.06],[34.61,28.25],[34.85,28.57],[34.91,29.41],[34.75,29.28],[34.52,28.06],[34.36,27.93],[34.35,27.74],[34.12,27.74],[33.62,28.12],[33.55,28.32],[33.4,28.32],[33.19,28.51],[33.21,28.89],[32.86,29.22],[32.53,29.92],[32.43,29.6],[32.64,29.34],[32.69,28.96],[32.84,28.89],[33.11,28.38],[33.61,27.99],[33.59,27.61],[33.8,27.42],[33.93,27.03],[34.07,26.97],[34.05,26.58],[34.2,26.52],[34.46,25.87],[34.61,25.81],[35.15,24.65],[35.86,24.01],[35.85,23.88],[35.56,23.94],[35.55,23.81],[35.11,23.88],[33.76,23.69],[33.68,23.69],[33.39,23.81],[32.04,23.69],[31.67,23.75],[30.54,23.36],[30.46,23.36],[30.4,23.56],[30.1,23.75],[30.11,23.88],[29.96,23.88],[29.67,24.2],[28.57,24.65],[28.29,25.16],[28.24,25.94],[28.35,26.58],[28.27,26.58],[28.15,27.35],[27.94,27.54],[27.71,27.54],[27.79,27.67],[27.43,27.99],[27.28,27.93],[27.29,28.12],[27.14,28.25],[25.59,28.96],[25.37,29.28],[25.15,29.28],[25.0,29.41],[24.85,29.34],[24.78,29.54],[24.33,29.67],[24.26,29.79],[23.51,29.99],[22.92,30.31],[22.76,30.24],[22.77,30.37],[22.54,30.44],[21.94,30.56],[20.95,30.56],[19.19,30.05],[18.81,30.05],[18.82,30.24],[19.66,30.37],[19.96,30.56],[19.97,30.69],[20.2,30.89],[20.13,31.14],[20.21,31.27],[20.0,31.59],[20.09,32.11],[20.02,32.24],[20.25,32.24],[20.33,32.49],[20.48,32.43],[20.56,32.56],[20.72,32.56],[20.64,32.69],[20.87,32.62],[21.11,32.81],[21.41,32.75],[21.88,32.94],[23.09,32.62],[23.08,32.36],[23.3,32.17],[23.68,32.17],[24.13,31.98],[24.89,31.98],[25.11,31.79],[25.1,31.59],[25.25,31.46],[26.85,31.46],[27.3,31.34],[27.51,31.14],[28.5,31.01],[28.87,30.82],[29.4,30.82],[29.49,31.01],[29.63,30.95],[29.87,31.08],[29.8,31.21],[29.88,31.27],[30.34,31.27],[30.27,31.4],[30.35,31.46],[30.81,31.46],[30.97,31.53],[30.97,31.66],[31.2,31.66],[31.12,31.53],[31.27,31.46],[31.88,31.46],[31.78,31.21],[31.94,31.27],[32.0,31.08],[32.3,31.08],[32.24,31.21],[32.53,31.08],[32.77,31.14],[32.83,31.01],[33.98,31.14],[34.3,31.27],[34.31,31.4],[34.63,31.66],[34.57,31.85],[34.81,31.98],[34.77,32.36],[35.02,32.62],[35.06,33.01],[35.22,33.07],[35.4,33.39],[35.35,33.65],[35.5,33.65],[35.45,33.91],[35.68,33.97],[35.64,34.36],[35.79,34.29],[36.05,34.55],[36.07,34.74],[35.93,34.87],[35.96,35.19],[35.88,35.19],[35.99,35.52],[35.84,35.58],[35.99,36.22],[35.84,36.29],[36.26,36.61],[36.29,36.8],[36.14,36.93],[35.83,36.93],[35.49,36.61],[35.33,36.61],[35.11,36.74],[34.95,36.67],[34.89,36.8],[34.89,36.87],[34.82,36.87],[34.58,36.87],[34.41,36.74],[34.34,36.74],[34.1,36.67],[34.08,36.48],[34.07,36.42],[34.06,36.35],[33.99,36.35],[33.98,36.29],[33.9,36.29],[33.82,36.29],[33.75,36.29],[33.74,36.22],[33.66,36.22],[33.61,36.48],[33.78,36.61],[33.75,37.13],[34.3,37.19],[34.56,37.45],[34.8,37.45],[35.39,37.9],[35.47,37.9],[35.47,37.84],[35.54,37.84],[35.62,37.84],[36.01,37.84],[36.15,37.64],[37.65,37.77],[38.02,37.64],[38.08,37.51],[37.96,37.13]]]},"properties":{"id":"territory:Mamluk Sultanate:1375","name":"맘루크 술탄국","name_en":"Mamluk Sultanate","actor":"기타중립","valid_from":1375,"valid_to":1385,"wikidata":"Q282428","area":1504294,"src":"cliopatria","confidence":"medium"}},{"type":"Feature","geometry":{"type":"Point","coordinates":[34.061,28.379]},"properties":{"id":"territory:Mamluk Sultanate:1375:label","name":"맘루크 술탄국","name_en":"Mamluk Sultanate","actor":"기타중립","valid_from":1375,"valid_to":1385,"wikidata":"Q282428","area":1504294,"src":"cliopatria","confidence":"medium"}},{"type":"Feature","geometry":{"type":"Polygon","coordinates":[[[61.39,69.87],[60.83,69.95],[60.54,69.79],[60.48,70.02],[60.12,70.1],[60.16,70.18],[59.86,70.18],[59.91,70.26],[59.7,70.26],[59.75,70.33],[59.44,70.33],[59.49,70.41],[58.97,70.57],[58.43,70.33],[58.34,70.18],[58.44,70.18],[58.45,70.02],[58.81,69.95],[58.77,69.87],[59.11,69.95],[59.07,69.87],[59.37,69.87],[59.33,69.79],[59.53,69.79],[59.48,69.72],[60.09,69.72],[60.05,69.49],[60.41,69.41],[60.48,69.18],[60.78,69.18],[60.73,69.11],[60.83,69.11],[60.7,68.88],[59.96,68.8],[59.77,68.65],[59.74,68.42],[59.24,68.42],[59.23,68.57],[59.13,68.57],[59.4,68.88],[59.04,68.95],[59.09,69.03],[58.39,69.03],[58.2,68.88],[57.84,68.95],[57.18,68.65],[55.62,68.73],[55.04,68.57],[54.79,68.27],[54.69,68.27],[54.73,68.35],[53.3,68.27],[53.87,68.42],[53.95,68.57],[53.79,68.65],[54.04,68.95],[53.28,69.03],[52.47,68.8],[52.25,68.57],[51.89,68.65],[51.52,68.5],[50.82,68.5],[49.29,67.97],[48.7,67.97],[48.7,67.74],[47.78,67.67],[47.72,67.52],[47.82,67.52],[47.53,67.07],[47.63,67.07],[47.6,67.0],[47.37,66.92],[45.81,66.92],[45.56,67.3],[45.17,67.3],[45.2,67.37],[44.93,67.44],[45.09,67.59],[45.29,67.59],[45.35,67.74],[46.66,67.82],[46.69,68.12],[46.49,68.12],[46.45,68.27],[46.09,68.35],[46.12,68.42],[45.92,68.42],[45.88,68.57],[45.58,68.57],[45.61,68.65],[44.19,68.57],[44.22,68.65],[43.45,68.73],[43.46,68.5],[43.76,68.5],[43.73,68.42],[44.17,68.27],[43.94,67.67],[43.84,67.67],[43.6,67.3],[43.7,67.3],[43.74,67.15],[44.13,67.15],[44.1,67.07],[44.37,67.0],[44.28,66.77],[44.38,66.77],[44.35,66.7],[44.13,66.62],[43.97,66.18],[43.61,66.25],[43.66,66.4],[43.46,66.4],[43.49,66.48],[41.96,66.55],[41.44,66.18],[40.4,65.96],[40.26,65.81],[39.61,65.59],[39.54,65.37],[39.68,65.22],[39.88,65.22],[39.93,65.08],[40.12,65.08],[40.07,64.93],[40.24,64.86],[40.19,64.71],[39.41,64.64],[39.43,64.71],[38.88,64.79],[38.9,64.86],[38.21,64.79],[38.16,64.93],[37.45,65.15],[37.48,65.22],[37.19,65.22],[37.21,65.3],[36.92,65.3],[36.69,65.15],[36.65,65.0],[36.36,65.0],[36.32,64.86],[36.54,64.64],[36.73,64.64],[36.79,64.49],[36.98,64.49],[37.13,64.35],[37.53,64.42],[37.89,64.35],[37.88,63.99],[37.39,63.91],[36.55,63.99],[36.25,64.28],[35.97,64.28],[35.82,64.42],[34.98,64.49],[34.94,64.71],[34.85,64.71],[34.9,64.93],[34.73,65.0],[34.79,65.22],[34.44,65.37],[34.67,65.52],[34.87,65.88],[34.56,66.18],[34.09,66.25],[34.11,66.33],[33.63,66.33],[33.68,66.55],[33.0,66.55],[32.88,66.85],[32.41,66.92],[32.18,66.77],[32.14,66.62],[31.75,66.62],[31.81,66.48],[30.93,66.03],[30.79,65.81],[30.47,65.66],[30.43,65.52],[30.11,65.37],[29.96,65.08],[29.86,65.08],[29.81,64.86],[29.72,64.86],[29.67,64.64],[29.58,64.64],[29.53,64.42],[29.31,64.28],[29.27,64.06],[28.94,63.84],[29.01,63.7],[28.68,63.48],[28.54,63.19],[28.44,63.19],[28.4,62.98],[28.19,62.83],[28.17,62.76],[28.41,62.55],[28.6,62.55],[29.24,61.97],[29.21,61.83],[29.37,61.69],[29.29,61.26],[29.38,61.26],[29.41,60.91],[29.59,60.91],[29.64,60.7],[30.0,60.63],[29.93,60.28],[29.83,60.21],[29.81,60.14],[29.99,60.14],[29.97,60.0],[30.16,60.07],[30.14,59.92],[29.76,59.85],[29.77,59.92],[29.15,60.0],[29.16,60.07],[28.85,59.85],[28.41,59.92],[28.29,59.78],[27.93,59.78],[27.88,59.5],[28.05,59.43],[28.04,59.36],[28.43,59.02],[28.78,58.95],[28.76,58.81],[28.85,58.81],[28.82,58.67],[28.91,58.67],[28.89,58.53],[29.04,58.39],[28.98,58.04],[29.38,57.77],[29.37,57.7],[29.76,57.35],[29.58,56.87],[29.98,56.59],[29.96,56.46],[30.11,56.32],[30.37,56.32],[30.84,56.46],[31.13,57.08],[31.66,57.08],[32.13,57.21],[32.45,57.49],[32.63,57.49],[32.86,57.77],[33.13,57.77],[33.36,57.56],[33.67,57.77],[34.23,57.9],[35.02,57.83],[35.01,57.77],[35.36,57.77],[35.69,57.63],[35.84,57.49],[35.83,57.08],[35.92,57.08],[36.16,57.35],[36.55,57.49],[36.59,58.04],[36.5,58.04],[36.55,58.25],[36.46,58.25],[36.51,58.46],[36.42,58.46],[36.45,58.95],[35.96,59.16],[35.91,59.71],[35.77,59.85],[35.82,60.07],[35.73,60.07],[35.85,60.56],[36.25,60.7],[36.52,60.7],[36.74,60.84],[38.32,60.91],[38.38,60.77],[39.29,60.42],[39.32,60.21],[39.5,60.21],[39.56,60.07],[39.81,60.0],[39.79,59.92],[40.04,59.85],[40.09,59.71],[40.28,59.71],[40.61,59.29],[40.79,59.29],[41.6,59.57],[41.64,59.71],[42.2,60.07],[43.01,60.91],[43.29,61.48],[43.54,61.69],[44.28,61.69],[44.49,61.76],[44.54,61.9],[46.09,61.83],[46.07,61.76],[46.25,61.76],[46.39,61.62],[46.24,61.19],[46.33,61.19],[47.32,61.12],[47.61,61.41],[48.16,61.41],[48.26,61.19],[49.12,61.26],[49.09,61.19],[49.65,61.19],[49.62,61.12],[50.73,61.12],[51.7,61.26],[53.11,61.76],[53.17,61.69],[53.05,61.41],[53.15,61.41],[52.97,61.19],[53.15,61.19],[53.1,60.63],[53.19,60.63],[53.01,60.42],[53.19,60.42],[53.14,60.28],[53.23,60.28],[53.08,60.14],[53.26,60.14],[53.18,59.92],[53.27,59.92],[53.09,59.71],[53.27,59.71],[53.4,59.57],[53.41,59.16],[54.01,59.29],[55.25,59.22],[57.0,59.92],[58.52,60.07],[59.13,60.0],[59.96,60.21],[61.39,60.35],[62.48,60.7],[63.12,61.05],[63.99,61.83],[64.22,62.26],[64.13,62.26],[64.32,62.62],[64.23,62.62],[64.31,62.76],[64.21,62.76],[64.29,62.9],[64.2,62.9],[64.28,63.05],[64.18,63.05],[64.26,63.19],[64.11,63.26],[64.19,63.41],[64.04,63.48],[64.11,63.77],[64.02,63.77],[64.27,64.57],[64.46,64.57],[64.49,64.79],[64.77,64.93],[64.89,65.15],[65.09,65.15],[65.27,65.3],[65.53,65.74],[66.27,66.33],[66.45,66.62],[67.02,67.07],[68.29,68.42],[67.94,68.5],[67.99,68.57],[67.69,68.57],[67.74,68.65],[67.25,68.8],[67.3,68.88],[67.0,68.88],[67.05,68.95],[66.2,69.03],[66.25,69.11],[65.34,69.26],[65.39,69.33],[64.89,69.33],[64.94,69.41],[64.74,69.41],[64.79,69.49],[64.38,69.49],[64.43,69.56],[63.88,69.64],[63.93,69.72],[61.5,69.87],[61.39,69.87]]]},"properties":{"id":"territory:Novgorod Republic:1375","name":"노브고로드 공화국","name_en":"Novgorod Republic","actor":"기타중립","valid_from":1375,"valid_to":1429,"wikidata":"Q151536","area":1490417,"src":"cliopatria","confidence":"medium"}},{"type":"Feature","geometry":{"type":"Point","coordinates":[48.255,63.869]},"properties":{"id":"territory:Novgorod Republic:1375:label","name":"노브고로드 공화국","name_en":"Novgorod Republic","actor":"기타중립","valid_from":1375,"valid_to":1429,"wikidata":"Q151536","area":1490417,"src":"cliopatria","confidence":"medium"}},{"type":"Feature","geometry":{"type":"Polygon","coordinates":[[[61.39,69.87],[60.83,69.95],[60.54,69.79],[60.48,70.02],[60.12,70.1],[60.16,70.18],[59.86,70.18],[59.91,70.26],[59.7,70.26],[59.75,70.33],[59.44,70.33],[59.49,70.41],[58.97,70.57],[58.43,70.33],[58.34,70.18],[58.44,70.18],[58.45,70.02],[58.81,69.95],[58.77,69.87],[59.11,69.95],[59.07,69.87],[59.37,69.87],[59.33,69.79],[59.53,69.79],[59.48,69.72],[60.09,69.72],[60.05,69.49],[60.41,69.41],[60.48,69.18],[60.78,69.18],[60.73,69.11],[60.83,69.11],[60.7,68.88],[59.96,68.8],[59.77,68.65],[59.74,68.42],[59.24,68.42],[59.23,68.57],[59.13,68.57],[59.4,68.88],[59.04,68.95],[59.09,69.03],[58.39,69.03],[58.2,68.88],[57.84,68.95],[57.18,68.65],[55.62,68.73],[55.04,68.57],[54.79,68.27],[54.69,68.27],[54.73,68.35],[53.3,68.27],[53.87,68.42],[53.95,68.57],[53.79,68.65],[54.04,68.95],[53.28,69.03],[52.47,68.8],[52.25,68.57],[51.89,68.65],[51.52,68.5],[50.82,68.5],[49.29,67.97],[48.7,67.97],[48.7,67.74],[47.78,67.67],[47.72,67.52],[47.82,67.52],[47.53,67.07],[47.63,67.07],[47.6,67.0],[47.37,66.92],[45.81,66.92],[45.56,67.3],[45.17,67.3],[45.2,67.37],[44.93,67.44],[45.09,67.59],[45.29,67.59],[45.35,67.74],[46.66,67.82],[46.69,68.12],[46.49,68.12],[46.45,68.27],[46.09,68.35],[46.12,68.42],[45.92,68.42],[45.88,68.57],[45.58,68.57],[45.61,68.65],[44.19,68.57],[44.22,68.65],[43.45,68.73],[43.46,68.5],[43.76,68.5],[43.73,68.42],[44.17,68.27],[43.94,67.67],[43.84,67.67],[43.6,67.3],[43.7,67.3],[43.74,67.15],[44.13,67.15],[44.1,67.07],[44.37,67.0],[44.28,66.77],[44.38,66.77],[44.35,66.7],[44.13,66.62],[43.97,66.18],[43.61,66.25],[43.66,66.4],[43.46,66.4],[43.49,66.48],[41.96,66.55],[41.44,66.18],[40.4,65.96],[40.26,65.81],[39.61,65.59],[39.54,65.37],[39.68,65.22],[39.88,65.22],[39.93,65.08],[40.12,65.08],[40.07,64.93],[40.24,64.86],[40.19,64.71],[39.41,64.64],[39.43,64.71],[38.88,64.79],[38.9,64.86],[38.21,64.79],[38.16,64.93],[37.45,65.15],[37.48,65.22],[37.19,65.22],[37.21,65.3],[36.92,65.3],[36.69,65.15],[36.65,65.0],[36.36,65.0],[36.32,64.86],[36.54,64.64],[36.73,64.64],[36.79,64.49],[36.98,64.49],[37.13,64.35],[37.53,64.42],[37.89,64.35],[37.88,63.99],[37.39,63.91],[36.55,63.99],[36.25,64.28],[35.97,64.28],[35.82,64.42],[34.98,64.49],[34.94,64.71],[34.85,64.71],[34.9,64.93],[34.73,65.0],[34.79,65.22],[34.44,65.37],[34.67,65.52],[34.87,65.88],[34.56,66.18],[34.09,66.25],[34.11,66.33],[33.63,66.33],[33.68,66.55],[33.0,66.55],[32.88,66.85],[32.41,66.92],[32.18,66.77],[32.14,66.62],[31.75,66.62],[31.81,66.48],[30.93,66.03],[30.79,65.81],[30.47,65.66],[30.43,65.52],[30.11,65.37],[29.96,65.08],[29.86,65.08],[29.81,64.86],[29.72,64.86],[29.67,64.64],[29.58,64.64],[29.53,64.42],[29.31,64.28],[29.27,64.06],[28.94,63.84],[29.01,63.7],[28.68,63.48],[28.54,63.19],[28.44,63.19],[28.4,62.98],[28.19,62.83],[28.17,62.76],[28.41,62.55],[28.6,62.55],[29.24,61.97],[29.21,61.83],[29.37,61.69],[29.29,61.26],[29.38,61.26],[29.41,60.91],[29.59,60.91],[29.64,60.7],[30.0,60.63],[29.93,60.28],[29.83,60.21],[29.81,60.14],[29.99,60.14],[29.97,60.0],[30.16,60.07],[30.14,59.92],[29.76,59.85],[29.77,59.92],[29.15,60.0],[29.16,60.07],[28.85,59.85],[28.41,59.92],[28.29,59.78],[27.93,59.78],[27.88,59.5],[28.05,59.43],[28.04,59.36],[28.43,59.02],[28.78,58.95],[28.76,58.81],[28.85,58.81],[28.82,58.67],[28.91,58.67],[28.89,58.53],[29.04,58.39],[28.98,58.04],[29.38,57.77],[29.37,57.7],[29.76,57.35],[29.58,56.87],[29.98,56.59],[29.96,56.46],[30.11,56.32],[30.47,56.39],[30.84,56.46],[31.13,57.08],[31.66,57.08],[32.13,57.21],[32.45,57.49],[32.63,57.49],[32.86,57.77],[33.13,57.77],[33.36,57.56],[33.67,57.77],[34.23,57.9],[35.02,57.83],[35.01,57.77],[35.36,57.77],[35.69,57.63],[35.84,57.49],[35.83,57.08],[35.92,57.08],[36.16,57.35],[36.55,57.49],[36.59,58.04],[36.5,58.04],[36.55,58.25],[36.46,58.25],[36.51,58.46],[36.42,58.46],[36.45,58.95],[35.96,59.16],[35.91,59.71],[35.77,59.85],[35.82,60.07],[35.73,60.07],[35.85,60.56],[36.25,60.7],[36.52,60.7],[36.74,60.84],[38.32,60.91],[38.38,60.77],[39.29,60.42],[39.32,60.21],[39.5,60.21],[39.56,60.07],[39.81,60.0],[39.79,59.92],[40.04,59.85],[40.09,59.71],[40.28,59.71],[40.61,59.29],[40.79,59.29],[41.6,59.57],[41.64,59.71],[42.2,60.07],[43.01,60.91],[43.29,61.48],[43.54,61.69],[44.28,61.69],[44.49,61.76],[44.54,61.9],[46.09,61.83],[46.07,61.76],[46.25,61.76],[46.39,61.62],[46.24,61.19],[46.33,61.19],[47.32,61.12],[47.61,61.41],[48.16,61.41],[48.26,61.19],[49.12,61.26],[49.09,61.19],[49.65,61.19],[49.62,61.12],[50.73,61.12],[51.7,61.26],[53.11,61.76],[53.17,61.69],[53.05,61.41],[53.15,61.41],[52.97,61.19],[53.15,61.19],[53.1,60.63],[53.19,60.63],[53.01,60.42],[53.19,60.42],[53.14,60.28],[53.23,60.28],[53.08,60.14],[53.26,60.14],[53.18,59.92],[53.27,59.92],[53.09,59.71],[53.27,59.71],[53.4,59.57],[53.41,59.16],[54.01,59.29],[55.25,59.22],[57.0,59.92],[58.52,60.07],[59.13,60.0],[59.96,60.21],[61.39,60.35],[62.48,60.7],[63.12,61.05],[63.99,61.83],[64.22,62.26],[64.13,62.26],[64.32,62.62],[64.23,62.62],[64.31,62.76],[64.21,62.76],[64.29,62.9],[64.2,62.9],[64.28,63.05],[64.18,63.05],[64.26,63.19],[64.11,63.26],[64.19,63.41],[64.04,63.48],[64.11,63.77],[64.02,63.77],[64.27,64.57],[64.46,64.57],[64.49,64.79],[64.77,64.93],[64.89,65.15],[65.09,65.15],[65.27,65.3],[65.53,65.74],[66.27,66.33],[66.45,66.62],[67.02,67.07],[68.29,68.42],[67.94,68.5],[67.99,68.57],[67.69,68.57],[67.74,68.65],[67.25,68.8],[67.3,68.88],[67.0,68.88],[67.05,68.95],[66.2,69.03],[66.25,69.11],[65.34,69.26],[65.39,69.33],[64.89,69.33],[64.94,69.41],[64.74,69.41],[64.79,69.49],[64.38,69.49],[64.43,69.56],[63.88,69.64],[63.93,69.72],[61.5,69.87],[61.39,69.87]]]},"properties":{"id":"territory:Novgorod Republic:1344","name":"노브고로드 공화국","name_en":"Novgorod Republic","actor":"기타중립","valid_from":1344,"valid_to":1375,"wikidata":"Q151536","area":1490292,"src":"cliopatria","confidence":"medium"}},{"type":"Feature","geometry":{"type":"Point","coordinates":[48.256,63.869]},"properties":{"id":"territory:Novgorod Republic:1344:label","name":"노브고로드 공화국","name_en":"Novgorod Republic","actor":"기타중립","valid_from":1344,"valid_to":1375,"wikidata":"Q151536","area":1490292,"src":"cliopatria","confidence":"medium"}},{"type":"Feature","geometry":{"type":"Polygon","coordinates":[[[40.96,34.42],[40.77,34.74],[40.55,34.81],[40.51,35.13],[40.36,35.13],[40.37,35.26],[39.74,35.77],[38.13,35.97],[38.09,36.29],[38.26,36.35],[38.38,36.74],[37.96,37.13],[38.08,37.51],[38.02,37.64],[37.65,37.77],[37.01,37.71],[37.06,37.45],[36.58,37.32],[36.57,37.25],[36.4,37.13],[36.38,36.93],[36.22,36.87],[36.21,36.8],[36.29,36.8],[36.26,36.61],[35.84,36.29],[35.99,36.22],[35.84,35.58],[35.99,35.52],[35.88,35.19],[35.96,35.19],[35.93,34.87],[36.07,34.74],[36.05,34.55],[35.79,34.29],[35.64,34.36],[35.68,33.97],[35.45,33.91],[35.5,33.65],[35.35,33.65],[35.4,33.39],[35.22,33.07],[35.06,33.01],[35.02,32.62],[34.77,32.36],[34.81,31.98],[34.57,31.85],[34.63,31.66],[34.31,31.4],[34.3,31.27],[33.98,31.14],[32.83,31.01],[32.77,31.14],[32.53,31.08],[32.24,31.21],[32.3,31.08],[32.0,31.08],[31.94,31.27],[31.78,31.21],[31.88,31.46],[31.27,31.46],[31.12,31.53],[31.2,31.66],[30.97,31.66],[30.97,31.53],[30.81,31.46],[30.35,31.46],[30.27,31.4],[30.34,31.27],[29.88,31.27],[29.8,31.21],[29.87,31.08],[29.63,30.95],[29.49,31.01],[29.4,30.82],[28.87,30.82],[28.5,31.01],[27.51,31.14],[27.3,31.34],[26.85,31.46],[25.25,31.46],[25.1,31.59],[25.11,31.79],[24.89,31.98],[24.13,31.98],[23.68,32.17],[23.3,32.17],[23.08,32.36],[23.09,32.62],[21.88,32.94],[21.41,32.75],[21.11,32.81],[20.87,32.62],[20.64,32.69],[20.72,32.56],[20.56,32.56],[20.48,32.43],[20.33,32.49],[20.25,32.24],[20.02,32.24],[20.09,32.11],[20.0,31.59],[20.21,31.27],[20.13,31.14],[20.2,30.89],[19.97,30.69],[19.96,30.56],[19.66,30.37],[18.82,30.24],[18.81,30.05],[19.19,30.05],[20.95,30.56],[21.94,30.56],[22.54,30.44],[22.77,30.37],[22.76,30.24],[22.92,30.31],[23.51,29.99],[24.26,29.79],[24.33,29.67],[24.78,29.54],[24.85,29.34],[25.0,29.41],[25.15,29.28],[25.37,29.28],[25.59,28.96],[27.14,28.25],[27.29,28.12],[27.28,27.93],[27.43,27.99],[27.79,27.67],[27.71,27.54],[27.94,27.54],[28.15,27.35],[28.27,26.58],[28.35,26.58],[28.24,25.94],[28.29,25.16],[28.57,24.65],[29.67,24.2],[29.96,23.88],[30.11,23.88],[30.1,23.75],[30.4,23.56],[30.46,23.36],[30.54,23.36],[31.67,23.75],[32.04,23.69],[33.39,23.81],[33.68,23.69],[33.76,23.69],[35.11,23.88],[35.55,23.81],[35.56,23.94],[35.85,23.88],[35.86,24.01],[35.15,24.65],[34.61,25.81],[34.46,25.87],[34.2,26.52],[34.05,26.58],[34.07,26.97],[33.93,27.03],[33.8,27.42],[33.59,27.61],[33.61,27.99],[33.11,28.38],[32.84,28.89],[32.69,28.96],[32.64,29.34],[32.43,29.6],[32.53,29.92],[32.86,29.22],[33.21,28.89],[33.19,28.51],[33.4,28.32],[33.55,28.32],[33.62,28.12],[34.12,27.74],[34.35,27.74],[34.36,27.93],[34.52,28.06],[34.75,29.28],[34.91,29.41],[34.85,28.57],[34.61,28.25],[34.59,28.06],[35.05,28.12],[35.41,27.87],[35.47,27.61],[35.61,27.54],[35.67,27.29],[36.16,26.77],[36.43,26.19],[36.72,26.0],[36.77,25.68],[37.27,25.23],[37.33,24.97],[37.18,24.91],[37.17,24.78],[37.39,24.65],[37.44,24.33],[38.03,24.14],[38.6,23.62],[38.87,23.04],[38.86,22.85],[39.14,22.53],[39.03,21.76],[39.17,21.63],[39.15,21.18],[39.35,20.79],[39.84,20.28],[40.14,20.28],[40.56,19.83],[40.85,19.7],[40.84,19.51],[40.99,19.44],[41.04,19.12],[41.25,18.86],[41.24,18.61],[41.45,18.48],[41.58,18.09],[42.14,17.51],[42.21,17.51],[42.66,17.71],[43.21,18.16],[43.51,18.22],[44.36,18.93],[44.53,19.25],[44.53,19.31],[44.46,19.31],[44.47,19.51],[43.97,19.89],[43.98,20.02],[42.78,21.18],[42.45,21.82],[41.89,22.46],[41.9,22.59],[41.75,22.66],[41.55,23.11],[41.41,23.17],[41.35,23.36],[41.42,23.43],[41.2,23.49],[41.01,23.94],[40.72,24.2],[40.19,25.23],[40.28,25.42],[40.13,25.49],[40.1,26.07],[39.94,26.0],[40.03,26.26],[39.88,26.26],[39.9,26.45],[39.82,26.45],[39.91,26.64],[39.76,26.64],[39.6,27.54],[39.53,27.54],[39.62,27.8],[39.47,27.8],[39.34,27.99],[39.36,28.25],[39.28,28.25],[39.37,28.44],[39.23,28.57],[39.15,29.41],[39.02,29.67],[39.04,29.92],[38.97,29.92],[39.0,30.24],[38.87,30.5],[38.89,30.76],[38.82,30.76],[38.92,31.01],[38.77,31.08],[38.79,31.34],[38.72,31.34],[38.86,31.98],[38.7,31.98],[38.74,32.3],[38.66,32.3],[38.73,32.94],[39.5,33.71],[40.96,34.36],[40.96,34.42]]]},"properties":{"id":"territory:Mamluk Sultanate:1385","name":"맘루크 술탄국","name_en":"Mamluk Sultanate","actor":"기타중립","valid_from":1385,"valid_to":1402,"wikidata":"Q282428","area":1480267,"src":"cliopatria","confidence":"medium"}},{"type":"Feature","geometry":{"type":"Point","coordinates":[34.039,28.221]},"properties":{"id":"territory:Mamluk Sultanate:1385:label","name":"맘루크 술탄국","name_en":"Mamluk Sultanate","actor":"기타중립","valid_from":1385,"valid_to":1402,"wikidata":"Q282428","area":1480267,"src":"cliopatria","confidence":"medium"}},{"type":"Feature","geometry":{"type":"MultiPolygon","coordinates":[[[[40.51,35.13],[40.55,34.81],[40.77,34.74],[40.96,34.42],[40.96,34.36],[39.5,33.71],[38.73,32.94],[38.66,32.3],[38.74,32.3],[38.7,31.98],[38.86,31.98],[38.72,31.34],[38.79,31.34],[38.77,31.08],[38.92,31.01],[38.82,30.76],[38.89,30.76],[38.87,30.5],[39.0,30.24],[38.97,29.92],[39.04,29.92],[39.02,29.67],[39.15,29.41],[39.23,28.57],[39.37,28.44],[39.28,28.25],[39.36,28.25],[39.34,27.99],[39.47,27.8],[39.62,27.8],[39.53,27.54],[39.6,27.54],[39.76,26.64],[39.91,26.64],[39.82,26.45],[39.9,26.45],[39.88,26.26],[40.03,26.26],[39.94,26.0],[40.1,26.07],[40.13,25.49],[40.28,25.42],[40.19,25.23],[40.72,24.2],[41.01,23.94],[41.2,23.49],[41.42,23.43],[41.35,23.36],[41.41,23.17],[41.55,23.11],[41.75,22.66],[41.9,22.59],[41.89,22.46],[42.45,21.82],[42.78,21.18],[43.98,20.02],[43.97,19.89],[44.47,19.51],[44.46,19.31],[44.53,19.31],[44.53,19.25],[44.36,18.93],[43.51,18.22],[43.21,18.16],[42.66,17.71],[42.21,17.51],[42.14,17.51],[41.58,18.09],[41.45,18.48],[41.24,18.61],[41.25,18.86],[41.04,19.12],[40.99,19.44],[40.84,19.51],[40.85,19.7],[40.56,19.83],[40.14,20.28],[39.84,20.28],[39.35,20.79],[39.15,21.18],[39.17,21.63],[39.03,21.76],[39.14,22.53],[38.86,22.85],[38.87,23.04],[38.6,23.62],[38.03,24.14],[37.44,24.33],[37.39,24.65],[37.17,24.78],[37.18,24.91],[37.33,24.97],[37.27,25.23],[36.77,25.68],[36.72,26.0],[36.43,26.19],[36.16,26.77],[35.67,27.29],[35.61,27.54],[35.47,27.61],[35.41,27.87],[35.05,28.12],[34.59,28.06],[34.61,28.25],[34.85,28.57],[34.91,29.41],[34.75,29.28],[34.52,28.06],[34.36,27.93],[34.35,27.74],[34.12,27.74],[33.62,28.12],[33.55,28.32],[33.4,28.32],[33.19,28.51],[33.21,28.89],[32.86,29.22],[32.53,29.92],[32.43,29.6],[32.64,29.34],[32.69,28.96],[32.84,28.89],[33.11,28.38],[33.61,27.99],[33.59,27.61],[33.8,27.42],[33.93,27.03],[34.07,26.97],[34.05,26.58],[34.2,26.52],[34.46,25.87],[34.61,25.81],[35.15,24.65],[35.86,24.01],[35.85,23.88],[35.56,23.94],[35.55,23.81],[35.11,23.88],[33.76,23.69],[33.68,23.69],[33.39,23.81],[32.04,23.69],[31.67,23.75],[30.54,23.36],[30.46,23.36],[30.4,23.56],[30.1,23.75],[30.11,23.88],[29.96,23.88],[29.67,24.2],[28.57,24.65],[28.29,25.16],[28.24,25.94],[28.35,26.58],[28.27,26.58],[28.15,27.35],[27.94,27.54],[27.71,27.54],[27.79,27.67],[27.43,27.99],[27.28,27.93],[27.29,28.12],[27.14,28.25],[25.59,28.96],[25.37,29.28],[25.15,29.28],[25.0,29.41],[24.85,29.34],[24.78,29.54],[24.33,29.67],[24.26,29.79],[23.51,29.99],[22.92,30.31],[22.76,30.24],[22.77,30.37],[22.54,30.44],[21.94,30.56],[20.95,30.56],[19.19,30.05],[18.81,30.05],[18.82,30.24],[19.66,30.37],[19.96,30.56],[19.97,30.69],[20.2,30.89],[20.13,31.14],[20.21,31.27],[20.0,31.59],[20.09,32.11],[20.02,32.24],[20.25,32.24],[20.33,32.49],[20.48,32.43],[20.56,32.56],[20.72,32.56],[20.64,32.69],[20.87,32.62],[21.11,32.81],[21.41,32.75],[21.88,32.94],[23.09,32.62],[23.08,32.36],[23.3,32.17],[23.68,32.17],[24.13,31.98],[24.89,31.98],[25.11,31.79],[25.1,31.59],[25.25,31.46],[26.85,31.46],[27.3,31.34],[27.51,31.14],[28.5,31.01],[28.87,30.82],[29.4,30.82],[29.49,31.01],[29.63,30.95],[29.87,31.08],[29.8,31.21],[29.88,31.27],[30.34,31.27],[30.27,31.4],[30.35,31.46],[30.81,31.46],[30.97,31.53],[30.97,31.66],[31.2,31.66],[31.12,31.53],[31.27,31.46],[31.88,31.46],[31.78,31.21],[31.94,31.27],[32.0,31.08],[32.3,31.08],[32.24,31.21],[32.53,31.08],[32.77,31.14],[32.83,31.01],[33.98,31.14],[34.3,31.27],[34.31,31.4],[34.63,31.66],[34.57,31.85],[34.81,31.98],[34.77,32.36],[35.02,32.62],[35.06,33.01],[35.22,33.07],[35.4,33.39],[35.35,33.65],[35.5,33.65],[35.45,33.91],[35.68,33.97],[35.64,34.36],[35.79,34.29],[36.05,34.55],[36.07,34.74],[35.93,34.87],[35.96,35.19],[35.88,35.19],[35.99,35.52],[35.84,35.58],[35.99,36.22],[35.84,36.29],[36.26,36.61],[36.27,36.67],[36.68,36.8],[36.77,37.0],[37.23,36.93],[37.52,36.74],[38.16,36.87],[38.38,36.74],[38.26,36.35],[38.09,36.29],[38.13,35.97],[39.74,35.77],[40.37,35.26],[40.36,35.13],[40.51,35.13]]],[[[33.66,36.22],[33.61,36.48],[33.78,36.61],[33.75,37.13],[34.3,37.19],[34.56,37.45],[34.8,37.45],[34.69,37.19],[34.89,36.87],[34.82,36.87],[34.58,36.87],[34.41,36.74],[34.34,36.74],[34.1,36.67],[34.08,36.48],[34.07,36.42],[34.06,36.35],[33.99,36.35],[33.98,36.29],[33.9,36.29],[33.82,36.29],[33.75,36.29],[33.74,36.22],[33.66,36.22]]]]},"properties":{"id":"territory:Mamluk Sultanate:1363","name":"맘루크 술탄국","name_en":"Mamluk Sultanate","actor":"기타중립","valid_from":1363,"valid_to":1375,"wikidata":"Q282428","area":1474790,"src":"cliopatria","confidence":"medium"}},{"type":"Feature","geometry":{"type":"Point","coordinates":[34.009,28.139]},"properties":{"id":"territory:Mamluk Sultanate:1363:label","name":"맘루크 술탄국","name_en":"Mamluk Sultanate","actor":"기타중립","valid_from":1363,"valid_to":1375,"wikidata":"Q282428","area":1474790,"src":"cliopatria","confidence":"medium"}},{"type":"Feature","geometry":{"type":"Polygon","coordinates":[[[40.96,34.42],[40.77,34.74],[40.55,34.81],[40.51,35.13],[40.36,35.13],[40.37,35.26],[39.88,35.71],[39.13,35.9],[38.13,35.97],[38.09,36.29],[38.26,36.35],[38.38,36.74],[38.16,36.87],[37.52,36.74],[37.23,36.93],[36.77,37.0],[36.68,36.8],[36.27,36.67],[36.26,36.61],[35.84,36.29],[35.99,36.22],[35.84,35.58],[35.99,35.52],[35.88,35.19],[35.96,35.19],[35.93,34.87],[36.07,34.74],[36.05,34.55],[35.79,34.29],[35.64,34.36],[35.68,33.97],[35.45,33.91],[35.5,33.65],[35.35,33.65],[35.4,33.39],[35.22,33.07],[35.06,33.01],[35.02,32.62],[34.77,32.36],[34.81,31.98],[34.57,31.85],[34.63,31.66],[34.31,31.4],[34.3,31.27],[33.98,31.14],[32.83,31.01],[32.77,31.14],[32.53,31.08],[32.24,31.21],[32.3,31.08],[32.0,31.08],[31.94,31.27],[31.78,31.21],[31.88,31.46],[31.27,31.46],[31.12,31.53],[31.2,31.66],[30.97,31.66],[30.97,31.53],[30.81,31.46],[30.35,31.46],[30.27,31.4],[30.34,31.27],[29.88,31.27],[29.8,31.21],[29.87,31.08],[29.63,30.95],[29.49,31.01],[29.4,30.82],[28.87,30.82],[28.5,31.01],[27.51,31.14],[27.3,31.34],[26.85,31.46],[25.25,31.46],[25.1,31.59],[25.11,31.79],[24.89,31.98],[24.13,31.98],[23.68,32.17],[23.3,32.17],[23.08,32.36],[23.09,32.62],[21.88,32.94],[21.41,32.75],[21.11,32.81],[20.87,32.62],[20.64,32.69],[20.72,32.56],[20.56,32.56],[20.48,32.43],[20.33,32.49],[20.25,32.24],[20.02,32.24],[20.09,32.11],[20.0,31.59],[20.21,31.27],[20.13,31.14],[20.2,30.89],[19.97,30.69],[19.96,30.56],[19.66,30.37],[18.82,30.24],[18.81,30.05],[19.19,30.05],[20.95,30.56],[21.94,30.56],[22.54,30.44],[22.77,30.37],[22.76,30.24],[22.92,30.31],[23.51,29.99],[24.26,29.79],[24.33,29.67],[24.78,29.54],[24.85,29.34],[25.0,29.41],[25.15,29.28],[25.37,29.28],[25.59,28.96],[27.14,28.25],[27.29,28.12],[27.28,27.93],[27.43,27.99],[27.79,27.67],[27.71,27.54],[27.94,27.54],[28.15,27.35],[28.27,26.58],[28.35,26.58],[28.24,25.94],[28.29,25.16],[28.57,24.65],[29.67,24.2],[29.96,23.88],[30.11,23.88],[30.1,23.75],[30.4,23.56],[30.46,23.36],[30.54,23.36],[31.67,23.75],[32.04,23.69],[33.39,23.81],[33.68,23.69],[33.76,23.69],[35.11,23.88],[35.55,23.81],[35.56,23.94],[35.85,23.88],[35.86,24.01],[35.15,24.65],[34.61,25.81],[34.46,25.87],[34.2,26.52],[34.05,26.58],[34.07,26.97],[33.93,27.03],[33.8,27.42],[33.59,27.61],[33.61,27.99],[33.11,28.38],[32.84,28.89],[32.69,28.96],[32.64,29.34],[32.43,29.6],[32.53,29.92],[32.86,29.22],[33.21,28.89],[33.19,28.51],[33.4,28.32],[33.55,28.32],[33.62,28.12],[34.12,27.74],[34.35,27.74],[34.36,27.93],[34.52,28.06],[34.75,29.28],[34.91,29.41],[34.85,28.57],[34.61,28.25],[34.59,28.06],[35.05,28.12],[35.41,27.87],[35.47,27.61],[35.61,27.54],[35.67,27.29],[36.16,26.77],[36.43,26.19],[36.72,26.0],[36.77,25.68],[37.27,25.23],[37.33,24.97],[37.18,24.91],[37.17,24.78],[37.39,24.65],[37.44,24.33],[38.03,24.14],[38.6,23.62],[38.87,23.04],[38.86,22.85],[39.14,22.53],[39.03,21.76],[39.17,21.63],[39.15,21.18],[39.35,20.79],[39.84,20.28],[40.14,20.28],[40.56,19.83],[40.85,19.7],[40.84,19.51],[40.99,19.44],[41.04,19.12],[41.25,18.86],[41.24,18.61],[41.45,18.48],[41.58,18.09],[42.14,17.51],[42.21,17.51],[42.66,17.71],[43.21,18.16],[43.51,18.22],[44.36,18.93],[44.53,19.25],[44.53,19.31],[44.46,19.31],[44.47,19.51],[43.97,19.89],[43.98,20.02],[42.78,21.18],[42.45,21.82],[41.89,22.46],[41.9,22.59],[41.75,22.66],[41.55,23.11],[41.41,23.17],[41.35,23.36],[41.42,23.43],[41.2,23.49],[41.01,23.94],[40.72,24.2],[40.19,25.23],[40.28,25.42],[40.13,25.49],[40.1,26.07],[39.94,26.0],[40.03,26.26],[39.88,26.26],[39.9,26.45],[39.82,26.45],[39.91,26.64],[39.76,26.64],[39.6,27.54],[39.53,27.54],[39.62,27.8],[39.47,27.8],[39.34,27.99],[39.36,28.25],[39.28,28.25],[39.37,28.44],[39.23,28.57],[39.15,29.41],[39.02,29.67],[39.04,29.92],[38.97,29.92],[39.0,30.24],[38.87,30.5],[38.89,30.76],[38.82,30.76],[38.92,31.01],[38.77,31.08],[38.79,31.34],[38.72,31.34],[38.86,31.98],[38.7,31.98],[38.74,32.3],[38.66,32.3],[38.73,32.94],[39.5,33.71],[40.96,34.36],[40.96,34.42]]]},"properties":{"id":"territory:Mamluk Sultanate:1294","name":"맘루크 술탄국","name_en":"Mamluk Sultanate","actor":"기타중립","valid_from":1294,"valid_to":1344,"wikidata":"Q282428","area":1468646,"src":"cliopatria","confidence":"medium"}},{"type":"Feature","geometry":{"type":"Point","coordinates":[34.011,28.142]},"properties":{"id":"territory:Mamluk Sultanate:1294:label","name":"맘루크 술탄국","name_en":"Mamluk Sultanate","actor":"기타중립","valid_from":1294,"valid_to":1344,"wikidata":"Q282428","area":1468646,"src":"cliopatria","confidence":"medium"}},{"type":"Feature","geometry":{"type":"Polygon","coordinates":[[[40.96,34.42],[40.77,34.74],[40.55,34.81],[40.51,35.13],[40.36,35.13],[40.37,35.26],[39.74,35.77],[38.13,35.97],[38.09,36.29],[38.26,36.35],[38.38,36.74],[38.16,36.87],[37.52,36.74],[37.23,36.93],[36.77,37.0],[36.68,36.8],[36.27,36.67],[36.26,36.61],[35.84,36.29],[35.99,36.22],[35.84,35.58],[35.99,35.52],[35.88,35.19],[35.96,35.19],[35.93,34.87],[36.07,34.74],[36.05,34.55],[35.79,34.29],[35.64,34.36],[35.68,33.97],[35.45,33.91],[35.5,33.65],[35.35,33.65],[35.4,33.39],[35.22,33.07],[35.06,33.01],[35.02,32.62],[34.77,32.36],[34.81,31.98],[34.57,31.85],[34.63,31.66],[34.31,31.4],[34.3,31.27],[33.98,31.14],[32.83,31.01],[32.77,31.14],[32.53,31.08],[32.24,31.21],[32.3,31.08],[32.0,31.08],[31.94,31.27],[31.78,31.21],[31.88,31.46],[31.27,31.46],[31.12,31.53],[31.2,31.66],[30.97,31.66],[30.97,31.53],[30.81,31.46],[30.35,31.46],[30.27,31.4],[30.34,31.27],[29.88,31.27],[29.8,31.21],[29.87,31.08],[29.63,30.95],[29.49,31.01],[29.4,30.82],[28.87,30.82],[28.5,31.01],[27.51,31.14],[27.3,31.34],[26.85,31.46],[25.25,31.46],[25.1,31.59],[25.11,31.79],[24.89,31.98],[24.13,31.98],[23.68,32.17],[23.3,32.17],[23.08,32.36],[23.09,32.62],[21.88,32.94],[21.41,32.75],[21.11,32.81],[20.87,32.62],[20.64,32.69],[20.72,32.56],[20.56,32.56],[20.48,32.43],[20.33,32.49],[20.25,32.24],[20.02,32.24],[20.09,32.11],[20.0,31.59],[20.21,31.27],[20.13,31.14],[20.2,30.89],[19.97,30.69],[19.96,30.56],[19.66,30.37],[18.82,30.24],[18.81,30.05],[19.19,30.05],[20.95,30.56],[21.94,30.56],[22.54,30.44],[22.77,30.37],[22.76,30.24],[22.92,30.31],[23.51,29.99],[24.26,29.79],[24.33,29.67],[24.78,29.54],[24.85,29.34],[25.0,29.41],[25.15,29.28],[25.37,29.28],[25.59,28.96],[27.14,28.25],[27.29,28.12],[27.28,27.93],[27.43,27.99],[27.79,27.67],[27.71,27.54],[27.94,27.54],[28.15,27.35],[28.27,26.58],[28.35,26.58],[28.24,25.94],[28.29,25.16],[28.57,24.65],[29.67,24.2],[29.96,23.88],[30.11,23.88],[30.1,23.75],[30.4,23.56],[30.46,23.36],[30.54,23.36],[31.67,23.75],[32.04,23.69],[33.39,23.81],[33.68,23.69],[33.76,23.69],[35.11,23.88],[35.55,23.81],[35.56,23.94],[35.85,23.88],[35.86,24.01],[35.15,24.65],[34.61,25.81],[34.46,25.87],[34.2,26.52],[34.05,26.58],[34.07,26.97],[33.93,27.03],[33.8,27.42],[33.59,27.61],[33.61,27.99],[33.11,28.38],[32.84,28.89],[32.69,28.96],[32.64,29.34],[32.43,29.6],[32.53,29.92],[32.86,29.22],[33.21,28.89],[33.19,28.51],[33.4,28.32],[33.55,28.32],[33.62,28.12],[34.12,27.74],[34.35,27.74],[34.36,27.93],[34.52,28.06],[34.75,29.28],[34.91,29.41],[34.85,28.57],[34.61,28.25],[34.59,28.06],[35.05,28.12],[35.41,27.87],[35.47,27.61],[35.61,27.54],[35.67,27.29],[36.16,26.77],[36.43,26.19],[36.72,26.0],[36.77,25.68],[37.27,25.23],[37.33,24.97],[37.18,24.91],[37.17,24.78],[37.39,24.65],[37.44,24.33],[38.03,24.14],[38.6,23.62],[38.87,23.04],[38.86,22.85],[39.14,22.53],[39.03,21.76],[39.17,21.63],[39.15,21.18],[39.35,20.79],[39.84,20.28],[40.14,20.28],[40.56,19.83],[40.85,19.7],[40.84,19.51],[40.99,19.44],[41.04,19.12],[41.25,18.86],[41.24,18.61],[41.45,18.48],[41.58,18.09],[42.14,17.51],[42.21,17.51],[42.66,17.71],[43.21,18.16],[43.51,18.22],[44.36,18.93],[44.53,19.25],[44.53,19.31],[44.46,19.31],[44.47,19.51],[43.97,19.89],[43.98,20.02],[42.78,21.18],[42.45,21.82],[41.89,22.46],[41.9,22.59],[41.75,22.66],[41.55,23.11],[41.41,23.17],[41.35,23.36],[41.42,23.43],[41.2,23.49],[41.01,23.94],[40.72,24.2],[40.19,25.23],[40.28,25.42],[40.13,25.49],[40.1,26.07],[39.94,26.0],[40.03,26.26],[39.88,26.26],[39.9,26.45],[39.82,26.45],[39.91,26.64],[39.76,26.64],[39.6,27.54],[39.53,27.54],[39.62,27.8],[39.47,27.8],[39.34,27.99],[39.36,28.25],[39.28,28.25],[39.37,28.44],[39.23,28.57],[39.15,29.41],[39.02,29.67],[39.04,29.92],[38.97,29.92],[39.0,30.24],[38.87,30.5],[38.89,30.76],[38.82,30.76],[38.92,31.01],[38.77,31.08],[38.79,31.34],[38.72,31.34],[38.86,31.98],[38.7,31.98],[38.74,32.3],[38.66,32.3],[38.73,32.94],[39.5,33.71],[40.96,34.36],[40.96,34.42]]]},"properties":{"id":"territory:Mamluk Sultanate:1344","name":"맘루크 술탄국","name_en":"Mamluk Sultanate","actor":"기타중립","valid_from":1344,"valid_to":1352,"wikidata":"Q282428","area":1468119,"src":"cliopatria","confidence":"medium"}},{"type":"Feature","geometry":{"type":"Polygon","coordinates":[[[40.96,34.42],[40.77,34.74],[40.55,34.81],[40.51,35.13],[40.36,35.13],[40.37,35.26],[39.74,35.77],[38.13,35.97],[38.09,36.29],[38.26,36.35],[38.38,36.74],[38.16,36.87],[37.52,36.74],[37.23,36.93],[36.77,37.0],[36.68,36.8],[36.27,36.67],[36.26,36.61],[35.84,36.29],[35.99,36.22],[35.84,35.58],[35.99,35.52],[35.88,35.19],[35.96,35.19],[35.93,34.87],[36.07,34.74],[36.05,34.55],[35.79,34.29],[35.64,34.36],[35.68,33.97],[35.45,33.91],[35.5,33.65],[35.35,33.65],[35.4,33.39],[35.22,33.07],[35.06,33.01],[35.02,32.62],[34.77,32.36],[34.81,31.98],[34.57,31.85],[34.63,31.66],[34.31,31.4],[34.3,31.27],[33.98,31.14],[32.83,31.01],[32.77,31.14],[32.53,31.08],[32.24,31.21],[32.3,31.08],[32.0,31.08],[31.94,31.27],[31.78,31.21],[31.88,31.46],[31.27,31.46],[31.12,31.53],[31.2,31.66],[30.97,31.66],[30.97,31.53],[30.81,31.46],[30.35,31.46],[30.27,31.4],[30.34,31.27],[29.88,31.27],[29.8,31.21],[29.87,31.08],[29.63,30.95],[29.49,31.01],[29.4,30.82],[28.87,30.82],[28.5,31.01],[27.51,31.14],[27.3,31.34],[26.85,31.46],[25.25,31.46],[25.1,31.59],[25.11,31.79],[24.89,31.98],[24.13,31.98],[23.68,32.17],[23.3,32.17],[23.08,32.36],[23.09,32.62],[21.88,32.94],[21.41,32.75],[21.11,32.81],[20.87,32.62],[20.64,32.69],[20.72,32.56],[20.56,32.56],[20.48,32.43],[20.33,32.49],[20.25,32.24],[20.02,32.24],[20.09,32.11],[20.0,31.59],[20.21,31.27],[20.13,31.14],[20.2,30.89],[19.97,30.69],[19.96,30.56],[19.66,30.37],[18.82,30.24],[18.81,30.05],[19.19,30.05],[20.95,30.56],[21.94,30.56],[22.54,30.44],[22.77,30.37],[22.76,30.24],[22.92,30.31],[23.51,29.99],[24.26,29.79],[24.33,29.67],[24.78,29.54],[24.85,29.34],[25.0,29.41],[25.15,29.28],[25.37,29.28],[25.59,28.96],[27.14,28.25],[27.29,28.12],[27.28,27.93],[27.43,27.99],[27.79,27.67],[27.71,27.54],[27.94,27.54],[28.15,27.35],[28.27,26.58],[28.35,26.58],[28.24,25.94],[28.29,25.16],[28.57,24.65],[29.67,24.2],[29.96,23.88],[30.11,23.88],[30.1,23.75],[30.4,23.56],[30.46,23.36],[30.54,23.36],[31.67,23.75],[32.04,23.69],[33.39,23.81],[33.68,23.69],[33.76,23.69],[35.11,23.88],[35.55,23.81],[35.56,23.94],[35.85,23.88],[35.86,24.01],[35.15,24.65],[34.61,25.81],[34.46,25.87],[34.2,26.52],[34.05,26.58],[34.07,26.97],[33.93,27.03],[33.8,27.42],[33.59,27.61],[33.61,27.99],[33.11,28.38],[32.84,28.89],[32.69,28.96],[32.64,29.34],[32.43,29.6],[32.53,29.92],[32.86,29.22],[33.21,28.89],[33.19,28.51],[33.4,28.32],[33.55,28.32],[33.62,28.12],[34.12,27.74],[34.35,27.74],[34.36,27.93],[34.52,28.06],[34.75,29.28],[34.91,29.41],[34.85,28.57],[34.61,28.25],[34.59,28.06],[35.05,28.12],[35.41,27.87],[35.47,27.61],[35.61,27.54],[35.67,27.29],[36.16,26.77],[36.43,26.19],[36.72,26.0],[36.77,25.68],[37.27,25.23],[37.33,24.97],[37.18,24.91],[37.17,24.78],[37.39,24.65],[37.44,24.33],[38.03,24.14],[38.6,23.62],[38.87,23.04],[38.86,22.85],[39.14,22.53],[39.03,21.76],[39.17,21.63],[39.15,21.18],[39.35,20.79],[39.84,20.28],[40.14,20.28],[40.56,19.83],[40.85,19.7],[40.84,19.51],[40.99,19.44],[41.04,19.12],[41.25,18.86],[41.24,18.61],[41.45,18.48],[41.58,18.09],[42.14,17.51],[42.21,17.51],[42.66,17.71],[43.21,18.16],[43.51,18.22],[44.36,18.93],[44.53,19.25],[44.53,19.31],[44.46,19.31],[44.47,19.51],[43.97,19.89],[43.98,20.02],[42.78,21.18],[42.45,21.82],[41.89,22.46],[41.9,22.59],[41.75,22.66],[41.55,23.11],[41.41,23.17],[41.35,23.36],[41.42,23.43],[41.2,23.49],[41.01,23.94],[40.72,24.2],[40.19,25.23],[40.28,25.42],[40.13,25.49],[40.1,26.07],[39.94,26.0],[40.03,26.26],[39.88,26.26],[39.9,26.45],[39.82,26.45],[39.91,26.64],[39.76,26.64],[39.6,27.54],[39.53,27.54],[39.62,27.8],[39.47,27.8],[39.34,27.99],[39.36,28.25],[39.28,28.25],[39.37,28.44],[39.23,28.57],[39.15,29.41],[39.02,29.67],[39.04,29.92],[38.97,29.92],[39.0,30.24],[38.87,30.5],[38.89,30.76],[38.82,30.76],[38.92,31.01],[38.77,31.08],[38.79,31.34],[38.72,31.34],[38.86,31.98],[38.7,31.98],[38.74,32.3],[38.66,32.3],[38.73,32.94],[39.5,33.71],[40.96,34.36],[40.96,34.42]]]},"properties":{"id":"territory:Mamluk Sultanate:1352","name":"맘루크 술탄국","name_en":"Mamluk Sultanate","actor":"기타중립","valid_from":1352,"valid_to":1363,"wikidata":"Q282428","area":1468119,"src":"cliopatria","confidence":"medium"}},{"type":"Feature","geometry":{"type":"Point","coordinates":[34.009,28.139]},"properties":{"id":"territory:Mamluk Sultanate:1344:label","name":"맘루크 술탄국","name_en":"Mamluk Sultanate","actor":"기타중립","valid_from":1344,"valid_to":1352,"wikidata":"Q282428","area":1468119,"src":"cliopatria","confidence":"medium"}},{"type":"Feature","geometry":{"type":"Point","coordinates":[34.009,28.139]},"properties":{"id":"territory:Mamluk Sultanate:1352:label","name":"맘루크 술탄국","name_en":"Mamluk Sultanate","actor":"기타중립","valid_from":1352,"valid_to":1363,"wikidata":"Q282428","area":1468119,"src":"cliopatria","confidence":"medium"}},{"type":"Feature","geometry":{"type":"Polygon","coordinates":[[[61.39,69.87],[60.83,69.95],[60.54,69.79],[60.48,70.02],[60.12,70.1],[60.16,70.18],[59.86,70.18],[59.91,70.26],[59.7,70.26],[59.75,70.33],[59.44,70.33],[59.49,70.41],[58.97,70.57],[58.43,70.33],[58.34,70.18],[58.44,70.18],[58.45,70.02],[58.81,69.95],[58.77,69.87],[59.11,69.95],[59.07,69.87],[59.37,69.87],[59.33,69.79],[59.53,69.79],[59.48,69.72],[60.09,69.72],[60.05,69.49],[60.41,69.41],[60.48,69.18],[60.78,69.18],[60.73,69.11],[60.83,69.11],[60.7,68.88],[59.96,68.8],[59.77,68.65],[59.74,68.42],[59.24,68.42],[59.23,68.57],[59.13,68.57],[59.4,68.88],[59.04,68.95],[59.09,69.03],[58.39,69.03],[58.2,68.88],[57.84,68.95],[57.18,68.65],[55.62,68.73],[55.04,68.57],[54.79,68.27],[54.69,68.27],[54.73,68.35],[53.3,68.27],[53.87,68.42],[53.95,68.57],[53.79,68.65],[54.04,68.95],[53.28,69.03],[52.47,68.8],[52.25,68.57],[51.89,68.65],[51.52,68.5],[50.82,68.5],[49.29,67.97],[48.7,67.97],[48.7,67.74],[47.78,67.67],[47.72,67.52],[47.82,67.52],[47.53,67.07],[47.63,67.07],[47.6,67.0],[47.37,66.92],[45.81,66.92],[45.56,67.3],[45.17,67.3],[45.2,67.37],[44.93,67.44],[45.09,67.59],[45.29,67.59],[45.35,67.74],[46.66,67.82],[46.69,68.12],[46.49,68.12],[46.45,68.27],[46.09,68.35],[46.12,68.42],[45.92,68.42],[45.88,68.57],[45.58,68.57],[45.61,68.65],[44.19,68.57],[44.22,68.65],[43.45,68.73],[43.46,68.5],[43.76,68.5],[43.73,68.42],[44.17,68.27],[43.94,67.67],[43.84,67.67],[43.6,67.3],[43.7,67.3],[43.74,67.15],[44.13,67.15],[44.1,67.07],[44.37,67.0],[44.28,66.77],[44.38,66.77],[44.35,66.7],[44.13,66.62],[43.97,66.18],[43.61,66.25],[43.66,66.4],[43.46,66.4],[43.49,66.48],[41.96,66.55],[41.44,66.18],[40.4,65.96],[40.26,65.81],[39.61,65.59],[39.54,65.37],[39.68,65.22],[39.88,65.22],[39.93,65.08],[40.12,65.08],[40.07,64.93],[40.24,64.86],[40.19,64.71],[39.41,64.64],[39.43,64.71],[38.88,64.79],[38.9,64.86],[38.21,64.79],[38.16,64.93],[37.45,65.15],[37.48,65.22],[36.92,65.3],[36.69,65.15],[36.65,65.0],[36.36,65.0],[36.32,64.86],[36.54,64.64],[36.73,64.64],[36.79,64.49],[37.15,64.42],[37.13,64.35],[37.53,64.42],[37.89,64.35],[37.88,63.99],[37.39,63.91],[36.55,63.99],[36.25,64.28],[35.97,64.28],[35.82,64.42],[35.15,64.42],[35.0,64.57],[34.81,64.57],[34.58,64.42],[34.41,64.13],[34.01,64.06],[33.88,63.91],[32.14,63.77],[31.73,63.62],[31.4,63.41],[31.37,63.26],[31.18,63.26],[31.26,63.19],[31.12,62.98],[30.62,62.83],[30.19,62.55],[28.8,62.12],[28.68,61.97],[28.59,61.97],[28.75,61.83],[28.72,61.69],[28.97,61.55],[28.93,61.34],[29.11,61.26],[29.07,61.05],[29.16,61.05],[29.11,60.77],[29.2,60.77],[29.0,60.21],[28.99,60.14],[29.66,60.28],[29.99,60.14],[29.97,60.0],[30.16,60.07],[30.14,59.92],[29.94,59.85],[29.07,60.07],[28.85,59.85],[28.41,59.92],[28.29,59.78],[27.93,59.78],[27.88,59.5],[28.05,59.43],[28.04,59.36],[28.43,59.02],[28.78,58.95],[28.76,58.81],[28.85,58.81],[28.82,58.67],[28.91,58.67],[28.89,58.53],[29.04,58.39],[28.98,58.04],[29.38,57.77],[29.37,57.7],[29.76,57.35],[29.58,56.87],[29.98,56.59],[29.96,56.46],[30.11,56.32],[30.47,56.39],[30.84,56.46],[31.13,57.08],[31.66,57.08],[32.13,57.21],[32.45,57.49],[32.63,57.49],[32.86,57.77],[33.3,57.7],[33.34,57.49],[33.51,57.42],[33.48,57.28],[33.7,57.08],[34.79,56.8],[34.96,56.73],[35.0,56.52],[35.21,56.66],[35.53,56.52],[35.83,56.66],[35.86,56.8],[36.06,57.28],[36.55,57.49],[36.59,58.04],[36.5,58.04],[36.55,58.25],[36.46,58.25],[36.51,58.46],[36.42,58.46],[36.45,58.95],[35.96,59.16],[35.91,59.71],[35.77,59.85],[35.82,60.07],[35.73,60.07],[35.85,60.56],[36.74,60.84],[37.29,60.84],[38.32,60.91],[38.38,60.77],[38.56,60.77],[38.87,60.56],[39.29,60.42],[39.32,60.21],[39.74,60.07],[39.86,59.85],[40.28,59.71],[40.61,59.29],[40.79,59.29],[41.6,59.57],[41.64,59.71],[42.2,60.07],[43.01,60.91],[43.29,61.48],[43.54,61.69],[44.28,61.69],[44.49,61.76],[44.54,61.9],[46.09,61.83],[46.07,61.76],[46.25,61.76],[46.39,61.62],[46.24,61.19],[46.33,61.19],[47.32,61.12],[47.61,61.41],[48.16,61.41],[48.26,61.19],[49.12,61.26],[49.09,61.19],[49.65,61.19],[49.62,61.12],[50.73,61.12],[51.7,61.26],[53.11,61.76],[53.17,61.69],[53.05,61.41],[53.15,61.41],[52.97,61.19],[53.15,61.19],[53.1,60.63],[53.19,60.63],[53.01,60.42],[53.19,60.42],[53.14,60.28],[53.23,60.28],[53.08,60.14],[53.26,60.14],[53.18,59.92],[53.27,59.92],[53.09,59.71],[53.27,59.71],[53.4,59.57],[53.41,59.16],[54.01,59.29],[55.25,59.22],[57.0,59.92],[58.52,60.07],[59.13,60.0],[59.96,60.21],[61.39,60.35],[62.48,60.7],[63.12,61.05],[63.99,61.83],[64.22,62.26],[64.13,62.26],[64.32,62.62],[64.23,62.62],[64.31,62.76],[64.21,62.76],[64.29,62.9],[64.2,62.9],[64.28,63.05],[64.18,63.05],[64.26,63.19],[64.11,63.26],[64.19,63.41],[64.04,63.48],[64.11,63.77],[64.02,63.77],[64.27,64.57],[64.46,64.57],[64.49,64.79],[64.77,64.93],[64.89,65.15],[65.09,65.15],[65.27,65.3],[65.53,65.74],[66.27,66.33],[66.45,66.62],[67.02,67.07],[68.29,68.42],[67.94,68.5],[67.99,68.57],[67.69,68.57],[67.74,68.65],[67.25,68.8],[67.3,68.88],[67.0,68.88],[67.05,68.95],[66.2,69.03],[66.25,69.11],[65.34,69.26],[65.39,69.33],[64.89,69.33],[64.94,69.41],[64.74,69.41],[64.79,69.49],[64.38,69.49],[64.43,69.56],[63.88,69.64],[63.93,69.72],[61.5,69.87],[61.39,69.87]]]},"properties":{"id":"territory:Novgorod Republic:1314","name":"노브고로드 공화국","name_en":"Novgorod Republic","actor":"기타중립","valid_from":1314,"valid_to":1326,"wikidata":"Q151536","area":1427928,"src":"cliopatria","confidence":"medium"}},{"type":"Feature","geometry":{"type":"Point","coordinates":[49.064,63.753]},"properties":{"id":"territory:Novgorod Republic:1314:label","name":"노브고로드 공화국","name_en":"Novgorod Republic","actor":"기타중립","valid_from":1314,"valid_to":1326,"wikidata":"Q151536","area":1427928,"src":"cliopatria","confidence":"medium"}},{"type":"Feature","geometry":{"type":"Polygon","coordinates":[[[35.93,54.34],[35.89,54.14],[36.06,54.14],[36.02,53.94],[36.1,53.94],[35.77,53.12],[36.32,52.92],[36.43,52.59],[36.74,52.45],[37.01,52.12],[37.43,52.05],[37.48,51.92],[37.96,51.78],[37.94,51.65],[38.15,51.45],[38.09,51.18],[37.9,51.05],[37.84,50.31],[37.75,50.31],[37.54,49.65],[37.63,49.65],[37.59,49.45],[37.67,49.45],[37.71,49.18],[37.86,49.12],[37.84,48.99],[36.94,48.59],[36.69,48.59],[36.63,48.72],[36.31,48.79],[36.33,48.92],[36.08,48.92],[36.09,48.99],[36.01,48.99],[35.95,49.12],[35.78,49.12],[35.5,48.92],[35.03,47.53],[34.38,47.6],[34.11,47.47],[34.08,47.27],[33.69,46.87],[32.92,46.61],[32.17,46.55],[32.18,46.61],[32.03,46.74],[31.79,46.74],[31.61,46.61],[30.88,46.68],[30.48,46.15],[30.4,46.15],[30.26,46.35],[29.94,46.41],[29.88,46.61],[29.56,46.68],[29.34,46.87],[29.21,47.2],[28.92,47.47],[29.03,47.73],[28.56,47.93],[28.57,48.06],[28.42,48.19],[27.54,48.46],[27.39,48.65],[26.47,48.59],[25.98,48.65],[25.51,48.92],[25.25,48.85],[25.36,49.05],[25.78,49.12],[26.22,49.38],[26.19,49.85],[26.03,49.91],[25.97,50.11],[25.8,50.11],[25.74,50.31],[24.84,50.58],[24.77,50.71],[24.59,50.58],[24.33,50.58],[24.37,50.91],[24.2,50.91],[24.73,51.18],[24.96,51.71],[25.22,51.78],[25.26,52.12],[24.84,52.18],[24.64,51.92],[24.04,51.85],[23.94,51.65],[23.59,51.58],[22.75,51.65],[22.69,51.92],[22.12,52.25],[22.15,52.52],[22.4,52.52],[22.34,52.79],[22.7,52.92],[22.74,53.33],[22.42,53.6],[22.55,54.0],[22.46,54.0],[22.48,54.21],[22.66,54.27],[22.7,54.61],[22.7,54.68],[22.81,54.89],[22.57,55.09],[22.31,55.09],[22.07,55.29],[21.64,55.36],[21.24,55.7],[21.25,55.84],[20.99,55.91],[21.0,55.98],[20.91,55.98],[20.92,56.05],[21.57,56.39],[21.65,56.39],[21.74,56.39],[21.83,56.39],[21.84,56.46],[21.93,56.46],[22.01,56.46],[22.1,56.46],[22.19,56.46],[24.11,56.25],[24.83,56.39],[25.07,56.18],[25.76,56.11],[25.83,55.98],[26.58,55.7],[26.87,55.84],[27.47,55.77],[27.97,56.18],[28.15,56.18],[28.12,56.59],[27.88,56.73],[27.89,56.8],[28.38,57.08],[29.58,56.87],[29.98,56.59],[29.96,56.46],[30.11,56.32],[30.37,56.32],[30.84,56.46],[31.13,57.08],[31.66,57.08],[32.13,57.21],[32.45,57.49],[32.63,57.49],[32.86,57.77],[33.13,57.77],[33.36,57.56],[33.7,57.08],[34.79,56.8],[34.96,56.73],[34.93,56.59],[33.97,56.25],[33.94,56.11],[33.68,56.11],[33.01,55.84],[32.66,55.84],[32.36,55.63],[31.86,55.77],[30.88,55.7],[30.88,55.23],[30.97,55.23],[30.8,54.75],[30.89,54.75],[30.94,54.55],[31.65,54.61],[31.79,54.48],[31.75,52.72],[31.99,52.65],[32.05,52.45],[32.22,52.45],[32.47,52.92],[32.87,53.26],[33.3,53.26],[33.68,53.46],[33.85,53.87],[34.04,54.0],[34.01,54.27],[34.43,54.61],[35.73,54.61],[35.93,54.34]]]},"properties":{"id":"territory:Grand Duchy of Lithuania:1375","name":"리투아니아 대공국","name_en":"Grand Duchy of Lithuania","actor":"기타중립","valid_from":1375,"valid_to":1385,"wikidata":"Q49683","area":815504,"src":"cliopatria","confidence":"medium"}},{"type":"Feature","geometry":{"type":"Point","coordinates":[30.037,51.999]},"properties":{"id":"territory:Grand Duchy of Lithuania:1375:label","name":"리투아니아 대공국","name_en":"Grand Duchy of Lithuania","actor":"기타중립","valid_from":1375,"valid_to":1385,"wikidata":"Q49683","area":815504,"src":"cliopatria","confidence":"medium"}},{"type":"Feature","geometry":{"type":"Polygon","coordinates":[[[35.93,54.34],[35.89,54.14],[36.06,54.14],[36.02,53.94],[36.1,53.94],[35.77,53.12],[36.32,52.92],[36.43,52.59],[36.74,52.45],[37.01,52.12],[37.43,52.05],[37.48,51.92],[37.96,51.78],[37.94,51.65],[38.15,51.45],[38.09,51.18],[37.9,51.05],[37.84,50.31],[37.75,50.31],[37.54,49.65],[37.63,49.65],[37.59,49.45],[37.67,49.45],[37.71,49.18],[37.86,49.12],[37.84,48.99],[36.94,48.59],[36.69,48.59],[36.63,48.72],[36.31,48.79],[36.33,48.92],[36.08,48.92],[36.09,48.99],[36.01,48.99],[35.95,49.12],[35.78,49.12],[35.5,48.92],[35.03,47.53],[34.38,47.6],[34.11,47.47],[34.08,47.27],[33.69,46.87],[32.92,46.61],[32.17,46.55],[32.18,46.61],[32.03,46.74],[31.79,46.74],[31.61,46.61],[30.88,46.68],[30.48,46.15],[30.4,46.15],[30.26,46.35],[29.94,46.41],[29.9,46.74],[29.53,47.07],[29.55,47.27],[29.16,47.47],[29.21,47.86],[28.98,48.06],[28.01,48.26],[27.54,48.46],[27.39,48.65],[26.47,48.59],[25.98,48.65],[25.51,48.92],[25.25,48.85],[25.36,49.05],[25.78,49.12],[26.22,49.38],[26.19,49.85],[26.03,49.91],[25.97,50.11],[25.8,50.11],[25.74,50.31],[24.84,50.58],[24.77,50.71],[24.59,50.58],[24.33,50.58],[24.37,50.91],[24.2,50.91],[24.73,51.18],[24.96,51.71],[25.22,51.78],[25.26,52.12],[24.84,52.18],[24.64,51.92],[24.04,51.85],[23.94,51.65],[23.59,51.58],[22.75,51.65],[22.69,51.92],[22.12,52.25],[22.15,52.52],[22.4,52.52],[22.34,52.79],[22.7,52.92],[22.74,53.33],[22.42,53.6],[22.55,54.0],[22.46,54.0],[22.48,54.21],[22.66,54.27],[22.7,54.61],[22.7,54.68],[22.81,54.89],[22.57,55.09],[22.31,55.09],[22.07,55.29],[21.64,55.36],[21.24,55.7],[21.25,55.84],[20.99,55.91],[21.0,55.98],[20.91,55.98],[20.92,56.05],[21.57,56.39],[21.65,56.39],[21.74,56.39],[21.83,56.39],[21.84,56.46],[21.93,56.46],[22.01,56.46],[22.1,56.46],[22.19,56.46],[24.11,56.25],[24.83,56.39],[25.07,56.18],[25.76,56.11],[25.83,55.98],[26.58,55.7],[26.87,55.84],[27.47,55.77],[27.97,56.18],[28.15,56.18],[28.12,56.59],[27.88,56.73],[27.89,56.8],[28.38,57.08],[29.58,56.87],[29.98,56.59],[29.96,56.46],[30.11,56.32],[30.37,56.32],[30.84,56.46],[31.13,57.08],[31.66,57.08],[32.13,57.21],[32.45,57.49],[32.63,57.49],[32.86,57.77],[33.13,57.77],[33.36,57.56],[33.7,57.08],[34.79,56.8],[34.96,56.73],[34.93,56.59],[33.97,56.25],[33.94,56.11],[33.68,56.11],[33.01,55.84],[32.66,55.84],[32.36,55.63],[31.86,55.77],[30.88,55.7],[30.88,55.23],[30.97,55.23],[30.8,54.75],[30.89,54.75],[30.94,54.55],[31.65,54.61],[31.79,54.48],[31.75,52.72],[31.99,52.65],[32.05,52.45],[32.22,52.45],[32.47,52.92],[32.87,53.26],[33.3,53.26],[33.68,53.46],[33.85,53.87],[34.04,54.0],[34.01,54.27],[34.43,54.61],[35.73,54.61],[35.93,54.34]]]},"properties":{"id":"territory:Grand Duchy of Lithuania:1385","name":"리투아니아 대공국","name_en":"Grand Duchy of Lithuania","actor":"기타중립","valid_from":1385,"valid_to":1395,"wikidata":"Q49683","area":811448,"src":"cliopatria","confidence":"medium"}},{"type":"Feature","geometry":{"type":"Point","coordinates":[30.041,52.02]},"properties":{"id":"territory:Grand Duchy of Lithuania:1385:label","name":"리투아니아 대공국","name_en":"Grand Duchy of Lithuania","actor":"기타중립","valid_from":1385,"valid_to":1395,"wikidata":"Q49683","area":811448,"src":"cliopatria","confidence":"medium"}},{"type":"Feature","geometry":{"type":"Polygon","coordinates":[[[35.93,54.34],[35.83,53.87],[35.9,53.8],[35.79,53.66],[36.05,53.66],[35.83,53.46],[35.77,53.12],[36.32,52.92],[36.43,52.59],[36.74,52.45],[37.01,52.12],[37.43,52.05],[37.48,51.92],[37.96,51.78],[37.94,51.65],[38.15,51.45],[38.09,51.18],[37.9,51.05],[37.84,50.31],[37.75,50.31],[37.54,49.65],[37.63,49.65],[37.59,49.45],[37.67,49.45],[37.71,49.18],[37.86,49.12],[37.84,48.99],[36.94,48.59],[36.69,48.59],[36.63,48.72],[36.31,48.79],[36.33,48.92],[36.08,48.92],[36.09,48.99],[36.01,48.99],[35.95,49.12],[35.78,49.12],[35.5,48.92],[35.03,47.53],[34.38,47.6],[34.11,47.47],[34.08,47.27],[33.69,46.87],[32.92,46.61],[32.17,46.55],[32.18,46.61],[32.03,46.74],[31.79,46.74],[31.61,46.61],[30.88,46.68],[30.48,46.15],[30.4,46.15],[30.26,46.35],[29.94,46.41],[29.9,46.74],[29.53,47.07],[29.55,47.27],[29.16,47.47],[29.21,47.86],[28.98,48.06],[28.01,48.26],[27.54,48.46],[27.39,48.65],[26.47,48.59],[25.98,48.65],[25.51,48.92],[25.25,48.85],[25.36,49.05],[25.78,49.12],[26.22,49.38],[26.19,49.85],[26.03,49.91],[25.97,50.11],[25.8,50.11],[25.74,50.31],[24.84,50.58],[24.77,50.71],[24.59,50.58],[24.33,50.58],[24.37,50.91],[24.2,50.91],[24.73,51.18],[24.96,51.71],[25.22,51.78],[25.26,52.12],[24.84,52.18],[24.64,51.92],[24.04,51.85],[23.94,51.65],[23.59,51.58],[22.75,51.65],[22.61,52.05],[23.14,52.18],[23.34,52.52],[23.19,52.65],[22.84,52.65],[22.66,52.52],[22.41,52.59],[22.34,52.79],[22.7,52.92],[22.74,53.33],[22.42,53.6],[22.55,54.0],[22.46,54.0],[22.48,54.21],[22.66,54.27],[22.7,54.61],[22.7,54.68],[22.81,54.89],[22.57,55.09],[22.31,55.09],[22.07,55.29],[21.64,55.36],[21.24,55.7],[21.25,55.84],[20.99,55.91],[21.0,55.98],[20.91,55.98],[20.92,56.05],[21.57,56.39],[21.65,56.39],[21.74,56.39],[21.83,56.39],[21.84,56.46],[21.93,56.46],[22.01,56.46],[22.1,56.46],[22.19,56.46],[24.11,56.25],[24.83,56.39],[25.07,56.18],[25.76,56.11],[25.83,55.98],[26.58,55.7],[26.87,55.84],[27.47,55.77],[27.97,56.18],[28.15,56.18],[28.12,56.59],[27.88,56.73],[27.89,56.8],[28.38,57.08],[29.58,56.87],[29.98,56.59],[29.96,56.46],[30.11,56.32],[30.37,56.32],[30.84,56.46],[31.13,57.08],[31.66,57.08],[32.13,57.21],[32.45,57.49],[32.63,57.49],[32.86,57.77],[33.13,57.77],[33.36,57.56],[33.7,57.08],[34.79,56.8],[34.96,56.73],[34.93,56.59],[33.97,56.25],[33.94,56.11],[33.68,56.11],[33.01,55.84],[32.66,55.84],[32.36,55.63],[31.86,55.77],[30.88,55.7],[30.88,55.23],[30.97,55.23],[30.8,54.75],[30.89,54.75],[30.94,54.55],[31.65,54.61],[31.79,54.48],[31.75,52.72],[31.99,52.65],[32.05,52.45],[32.22,52.45],[32.47,52.92],[32.87,53.26],[33.3,53.26],[33.68,53.46],[33.85,53.87],[34.04,54.0],[34.01,54.27],[34.43,54.61],[35.73,54.61],[35.93,54.34]]]},"properties":{"id":"territory:Grand Duchy of Lithuania:1395","name":"리투아니아 대공국","name_en":"Grand Duchy of Lithuania","actor":"기타중립","valid_from":1395,"valid_to":1402,"wikidata":"Q49683","area":806718,"src":"cliopatria","confidence":"medium"}},{"type":"Feature","geometry":{"type":"Point","coordinates":[30.071,52.017]},"properties":{"id":"territory:Grand Duchy of Lithuania:1395:label","name":"리투아니아 대공국","name_en":"Grand Duchy of Lithuania","actor":"기타중립","valid_from":1395,"valid_to":1402,"wikidata":"Q49683","area":806718,"src":"cliopatria","confidence":"medium"}},{"type":"Feature","geometry":{"type":"Polygon","coordinates":[[[73.78,36.8],[73.93,36.8],[73.98,36.67],[73.18,36.61],[73.22,36.48],[72.66,36.1],[72.61,35.9],[73.23,35.9],[73.25,35.71],[73.84,35.58],[73.94,35.39],[73.69,35.32],[73.66,35.19],[74.09,35.07],[74.17,35.07],[73.97,34.87],[73.64,34.81],[73.33,34.49],[73.02,34.49],[72.66,34.29],[72.54,34.1],[72.31,34.1],[71.96,33.91],[71.53,33.39],[71.48,33.2],[71.59,33.01],[71.23,32.75],[71.17,32.49],[70.72,31.79],[70.64,31.79],[70.53,31.98],[70.25,32.11],[70.28,32.24],[70.01,32.43],[70.04,32.56],[69.41,33.2],[69.03,33.2],[68.69,33.39],[68.03,33.52],[67.95,33.52],[68.01,33.78],[68.28,33.97],[68.32,34.16],[68.84,34.74],[68.92,35.39],[68.75,35.64],[68.77,36.35],[68.64,36.48],[68.27,36.55],[67.18,36.55],[66.47,36.8],[65.97,37.32],[65.81,37.32],[65.58,37.64],[64.66,38.03],[64.37,38.42],[64.15,38.48],[64.16,38.55],[64.01,38.55],[63.57,39.0],[63.42,39.0],[63.25,39.26],[63.09,39.26],[62.65,39.71],[62.69,39.84],[62.42,40.03],[62.46,40.16],[62.25,40.29],[62.23,40.48],[61.69,40.55],[61.71,40.61],[59.75,41.0],[59.5,41.26],[60.45,41.85],[60.6,42.11],[60.78,42.17],[61.13,42.56],[61.21,42.82],[61.52,43.08],[61.76,43.6],[61.96,43.73],[66.76,44.12],[67.0,43.86],[67.16,43.86],[67.25,43.67],[67.41,43.67],[67.83,43.21],[67.8,42.89],[67.88,42.89],[67.49,41.91],[67.79,41.59],[68.36,41.39],[68.46,41.2],[68.76,41.13],[68.8,41.0],[70.03,41.13],[70.35,41.39],[70.69,41.46],[70.73,41.59],[71.29,41.59],[72.1,41.39],[72.92,41.0],[72.94,40.81],[73.18,40.81],[73.47,40.48],[73.63,40.48],[73.86,40.23],[73.82,40.1],[73.95,40.03],[73.89,39.58],[73.71,39.51],[73.61,39.19],[73.69,39.19],[73.65,39.06],[73.79,39.0],[73.73,38.8],[73.81,38.8],[73.67,38.61],[73.75,38.61],[73.62,37.9],[73.7,37.9],[73.62,37.64],[73.7,37.64],[73.65,37.45],[73.78,37.38],[73.69,37.06],[73.8,36.87],[73.78,36.8]]]},"properties":{"id":"territory:Timurid Empire:1375","name":"티무르 제국","name_en":"Timurid Empire","actor":"기타중립","valid_from":1375,"valid_to":1385,"wikidata":"Q484195","area":776655,"src":"cliopatria","confidence":"medium"}},{"type":"Feature","geometry":{"type":"Point","coordinates":[68.024,39.024]},"properties":{"id":"territory:Timurid Empire:1375:label","name":"티무르 제국","name_en":"Timurid Empire","actor":"기타중립","valid_from":1375,"valid_to":1385,"wikidata":"Q484195","area":776655,"src":"cliopatria","confidence":"medium"}},{"type":"Feature","geometry":{"type":"Polygon","coordinates":[[[35.73,54.61],[34.43,54.61],[34.01,54.27],[34.04,54.0],[33.85,53.87],[33.68,53.46],[33.3,53.26],[32.87,53.26],[32.47,52.92],[32.22,52.45],[32.05,52.45],[31.99,52.65],[31.75,52.72],[31.79,54.48],[31.65,54.61],[30.86,54.61],[30.89,54.75],[30.8,54.75],[30.97,55.23],[30.88,55.23],[30.93,55.5],[30.77,55.57],[30.8,55.77],[30.65,55.91],[30.68,56.05],[30.51,56.11],[30.47,56.39],[30.11,56.32],[29.96,56.46],[29.98,56.59],[29.58,56.87],[28.38,57.08],[27.89,56.8],[27.88,56.73],[28.12,56.59],[28.15,56.18],[27.97,56.18],[27.47,55.77],[26.87,55.84],[26.58,55.7],[25.83,55.98],[25.76,56.11],[25.07,56.18],[24.83,56.39],[24.11,56.25],[22.19,56.46],[22.1,56.46],[22.01,56.46],[21.93,56.46],[21.84,56.46],[21.83,56.39],[21.74,56.39],[21.65,56.39],[21.57,56.39],[20.92,56.05],[20.91,55.98],[21.0,55.98],[20.99,55.91],[21.25,55.84],[21.24,55.7],[21.64,55.36],[22.07,55.29],[22.31,55.09],[22.57,55.09],[22.81,54.89],[22.7,54.68],[22.7,54.61],[22.66,54.27],[22.48,54.21],[22.46,54.0],[22.55,54.0],[22.42,53.6],[22.74,53.33],[22.7,52.92],[22.34,52.79],[22.4,52.52],[22.15,52.52],[22.12,52.25],[22.69,51.92],[22.67,51.71],[22.91,51.58],[23.59,51.58],[23.94,51.65],[24.04,51.85],[24.64,51.92],[24.84,52.18],[25.26,52.12],[25.22,51.78],[24.96,51.71],[24.73,51.18],[24.21,50.98],[24.37,50.91],[24.33,50.58],[24.59,50.58],[24.77,50.71],[24.84,50.58],[25.74,50.31],[25.8,50.11],[25.97,50.11],[26.03,49.91],[26.19,49.85],[26.17,49.65],[26.34,49.65],[26.32,49.52],[26.66,49.58],[26.95,49.18],[27.64,49.32],[27.62,49.18],[27.85,48.99],[27.82,48.79],[27.64,48.65],[27.88,48.52],[27.86,48.39],[28.41,48.13],[28.83,48.13],[29.13,47.93],[29.21,47.86],[29.16,47.47],[29.55,47.27],[29.53,47.07],[29.9,46.74],[29.94,46.41],[30.26,46.35],[30.4,46.15],[30.48,46.15],[30.88,46.68],[31.61,46.61],[31.79,46.74],[32.03,46.74],[32.18,46.61],[32.17,46.55],[32.92,46.61],[33.69,46.87],[34.08,47.27],[34.11,47.47],[34.38,47.6],[35.03,47.53],[35.5,48.92],[35.78,49.12],[35.95,49.12],[36.01,48.99],[36.09,48.99],[36.08,48.92],[36.33,48.92],[36.31,48.79],[36.63,48.72],[36.69,48.59],[36.94,48.59],[37.84,48.99],[37.86,49.12],[37.71,49.18],[37.67,49.45],[37.59,49.45],[37.63,49.65],[37.54,49.65],[37.75,50.31],[37.84,50.31],[37.9,51.05],[38.09,51.18],[38.15,51.45],[37.94,51.65],[37.96,51.78],[37.48,51.92],[37.43,52.05],[37.01,52.12],[36.74,52.45],[36.43,52.59],[36.32,52.92],[35.77,53.12],[36.1,53.94],[36.02,53.94],[36.06,54.14],[35.89,54.14],[35.93,54.34],[35.73,54.61]]]},"properties":{"id":"territory:Grand Duchy of Lithuania:1363","name":"리투아니아 대공국","name_en":"Grand Duchy of Lithuania","actor":"기타중립","valid_from":1363,"valid_to":1375,"wikidata":"Q49683","area":763877,"src":"cliopatria","confidence":"medium"}},{"type":"Feature","geometry":{"type":"Point","coordinates":[29.962,51.834]},"properties":{"id":"territory:Grand Duchy of Lithuania:1363:label","name":"리투아니아 대공국","name_en":"Grand Duchy of Lithuania","actor":"기타중립","valid_from":1363,"valid_to":1375,"wikidata":"Q49683","area":763877,"src":"cliopatria","confidence":"medium"}},{"type":"Feature","geometry":{"type":"MultiPolygon","coordinates":[[[[10.85,35.64],[11.08,35.58],[11.08,35.39],[11.01,35.39],[11.08,35.0],[10.85,34.94],[10.85,34.81],[10.54,34.55],[10.0,34.29],[10.08,34.23],[10.01,33.91],[10.24,33.71],[10.54,33.71],[10.7,33.52],[11.08,33.59],[11.16,33.2],[11.46,33.2],[12.23,32.81],[12.61,32.88],[12.53,32.75],[12.84,32.75],[12.84,32.88],[13.07,32.94],[13.3,32.94],[13.45,32.81],[13.76,32.88],[13.76,32.75],[14.07,32.75],[14.44,32.49],[14.67,32.56],[14.75,32.43],[15.21,32.36],[15.42,31.66],[15.58,31.59],[15.65,31.4],[16.18,31.21],[17.47,31.08],[18.0,30.89],[18.59,30.37],[18.9,30.37],[18.81,29.99],[18.28,30.05],[16.7,30.69],[15.49,30.95],[15.18,30.89],[15.19,31.08],[14.58,31.53],[14.59,31.66],[13.83,32.11],[13.3,32.24],[13.07,32.17],[13.07,32.3],[12.46,32.36],[11.77,32.3],[11.77,32.43],[11.54,32.43],[11.46,32.56],[11.31,32.49],[11.16,32.69],[10.39,33.01],[10.01,33.01],[10.08,33.14],[9.63,33.14],[9.55,33.33],[9.62,33.46],[9.32,33.59],[9.24,33.84],[9.08,33.91],[9.08,34.04],[8.93,34.04],[8.93,34.16],[8.31,34.29],[8.08,34.23],[8.0,34.42],[7.61,34.55],[7.15,34.49],[6.92,34.61],[6.46,34.55],[6.15,34.68],[5.38,34.68],[5.15,34.55],[4.45,34.61],[3.84,34.42],[3.46,34.49],[2.92,34.36],[2.45,34.61],[1.29,34.61],[0.68,34.42],[0.45,34.49],[0.3,34.36],[-0.47,34.36],[-0.83,33.91],[-0.99,33.91],[-1.28,33.59],[-1.58,33.46],[-1.57,33.33],[-1.88,33.33],[-2.54,32.75],[-2.84,32.62],[-2.83,32.49],[-3.2,32.24],[-3.19,32.04],[-3.35,32.11],[-3.42,31.91],[-3.64,31.79],[-3.56,31.66],[-3.78,31.59],[-3.77,31.34],[-3.92,31.4],[-4.21,31.14],[-4.21,31.01],[-4.65,30.69],[-4.57,30.56],[-4.87,30.5],[-5.44,29.92],[-5.59,29.92],[-5.88,29.67],[-5.88,29.54],[-6.18,29.54],[-7.2,28.77],[-7.35,28.77],[-7.56,28.51],[-8.01,28.38],[-8.66,27.93],[-10.47,27.93],[-11.62,28.25],[-10.98,28.83],[-10.47,29.09],[-10.33,29.34],[-10.04,29.54],[-10.05,29.67],[-9.83,29.79],[-9.63,30.18],[-9.65,30.5],[-9.88,30.56],[-9.86,31.34],[-9.78,31.34],[-9.73,31.72],[-9.51,31.85],[-9.52,31.98],[-9.31,32.17],[-9.33,32.49],[-9.2,32.75],[-8.55,33.33],[-7.13,33.84],[-7.06,33.97],[-6.9,33.91],[-6.61,34.16],[-6.7,34.29],[-6.47,34.36],[-6.48,34.49],[-6.33,34.55],[-6.28,34.87],[-6.2,34.87],[-6.29,35.07],[-6.13,35.0],[-6.15,35.19],[-6.0,35.32],[-5.88,35.77],[-5.34,35.84],[-5.24,35.52],[-4.75,35.19],[-3.13,35.19],[-2.98,35.26],[-2.99,35.45],[-2.84,35.45],[-2.82,35.13],[-2.66,35.07],[-1.89,35.07],[-1.59,35.26],[-1.36,35.26],[-1.14,35.45],[-1.22,35.64],[-1.07,35.58],[-0.92,35.71],[-0.53,35.71],[-0.46,35.84],[0.08,35.84],[0.38,36.22],[0.68,36.29],[0.68,36.42],[0.91,36.35],[1.22,36.55],[1.53,36.48],[2.38,36.67],[2.69,36.61],[2.84,36.74],[3.23,36.74],[3.46,36.87],[3.85,36.8],[4.24,36.93],[4.86,36.87],[5.1,36.67],[5.56,36.67],[5.64,36.8],[6.11,36.8],[6.1,36.93],[6.33,37.06],[6.8,36.87],[7.19,36.87],[7.35,37.06],[7.5,37.06],[7.74,36.87],[8.52,36.87],[8.9,37.13],[9.06,37.06],[9.37,37.25],[9.76,37.32],[9.99,37.19],[10.23,37.25],[10.23,37.06],[10.31,37.06],[10.23,36.8],[10.46,36.74],[11.01,37.0],[11.01,36.8],[10.46,36.42],[10.54,36.35],[10.46,35.9],[10.85,35.71],[10.85,35.64]]],[[[2.61,34.42],[2.53,34.42],[2.53,34.49],[2.61,34.49],[2.61,34.42]]]]},"properties":{"id":"territory:Marinid Sultanate:1352","name":"마린 술탄국","name_en":"Marinid Sultanate","actor":"기타중립","valid_from":1352,"valid_to":1363,"wikidata":"Q582861","area":737940,"src":"cliopatria","confidence":"medium"}},{"type":"Feature","geometry":{"type":"Point","coordinates":[-0.057,33.337]},"properties":{"id":"territory:Marinid Sultanate:1352:label","name":"마린 술탄국","name_en":"Marinid Sultanate","actor":"기타중립","valid_from":1352,"valid_to":1363,"wikidata":"Q582861","area":737940,"src":"cliopatria","confidence":"medium"}},{"type":"Feature","geometry":{"type":"Polygon","coordinates":[[[47.4,39.51],[46.67,38.93],[46.19,38.87],[46.05,39.0],[46.08,39.19],[45.87,39.32],[45.89,39.45],[45.76,39.58],[45.51,39.51],[45.32,39.77],[44.95,39.9],[44.82,40.1],[44.51,40.1],[43.69,39.45],[43.49,39.19],[43.52,38.87],[43.59,38.87],[43.57,38.74],[43.95,38.61],[44.2,38.22],[44.28,38.22],[44.31,37.9],[44.59,37.71],[44.87,37.0],[44.21,36.74],[43.78,37.0],[42.85,37.0],[41.46,36.48],[41.31,36.55],[41.21,36.42],[41.06,36.42],[40.51,35.13],[40.55,34.81],[40.77,34.74],[40.96,34.42],[41.04,34.42],[41.43,33.78],[41.86,33.59],[42.06,33.33],[42.58,33.14],[42.71,32.94],[43.15,32.81],[44.46,31.59],[44.44,31.46],[44.66,31.34],[44.64,31.14],[44.79,31.21],[45.4,30.5],[45.55,30.5],[46.1,29.99],[46.53,29.79],[46.59,29.6],[46.75,29.67],[46.87,29.41],[47.1,29.47],[47.38,29.28],[47.46,29.28],[47.57,29.6],[48.07,29.99],[48.15,29.99],[48.9,29.99],[49.03,30.44],[49.04,30.5],[49.34,31.08],[49.69,31.4],[49.99,31.91],[50.77,32.56],[50.91,33.01],[51.59,33.91],[52.52,34.42],[52.64,34.68],[52.13,34.87],[52.15,35.0],[52.01,35.07],[52.07,35.45],[51.94,35.58],[51.97,35.77],[51.3,35.9],[51.01,35.58],[50.79,35.64],[50.53,36.87],[50.54,36.93],[50.63,37.0],[50.57,37.06],[50.32,37.0],[50.0,37.38],[49.09,37.51],[48.88,37.71],[48.84,38.35],[48.76,38.35],[48.82,38.67],[48.74,38.67],[48.92,39.19],[49.16,39.26],[49.18,39.32],[49.03,39.38],[49.0,39.64],[48.78,39.71],[48.72,39.84],[48.09,39.84],[47.9,39.64],[47.4,39.51]]]},"properties":{"id":"territory:Jalayirid Sultanate:1363","name":"잘라이르 술탄국","name_en":"Jalayirid Sultanate","actor":"기타중립","valid_from":1363,"valid_to":1375,"wikidata":"Q866716","area":711751,"src":"cliopatria","confidence":"medium"}},{"type":"Feature","geometry":{"type":"Point","coordinates":[46.596,34.803]},"properties":{"id":"territory:Jalayirid Sultanate:1363:label","name":"잘라이르 술탄국","name_en":"Jalayirid Sultanate","actor":"기타중립","valid_from":1363,"valid_to":1375,"wikidata":"Q866716","area":711751,"src":"cliopatria","confidence":"medium"}},{"type":"Feature","geometry":{"type":"Polygon","coordinates":[[[64.16,38.55],[64.01,38.55],[63.57,39.0],[63.42,39.0],[63.25,39.26],[63.09,39.26],[62.65,39.71],[62.38,39.58],[61.66,39.51],[60.19,39.0],[59.82,38.42],[59.9,38.42],[59.96,37.64],[60.12,37.32],[59.91,36.35],[59.39,35.32],[58.45,34.42],[57.3,34.04],[57.2,33.91],[56.65,33.84],[56.68,33.14],[56.76,33.14],[56.72,32.94],[56.84,32.75],[56.83,31.72],[56.9,31.72],[57.47,31.46],[57.93,31.46],[58.95,31.21],[59.37,31.46],[59.6,31.46],[61.08,32.04],[61.19,32.24],[61.43,32.3],[63.96,32.75],[64.5,32.75],[65.38,32.94],[65.65,33.14],[66.26,33.14],[66.36,33.26],[67.19,33.2],[67.3,33.33],[67.87,33.52],[67.95,33.52],[68.01,33.78],[68.28,33.97],[68.32,34.16],[68.84,34.74],[68.92,35.39],[68.75,35.64],[68.77,36.35],[68.64,36.48],[68.27,36.55],[67.18,36.55],[66.47,36.8],[65.97,37.32],[65.81,37.32],[65.58,37.64],[64.66,38.03],[64.37,38.42],[64.15,38.48],[64.16,38.55]]]},"properties":{"id":"territory:Kartids:1375","name":"카르트 왕조","name_en":"Kartids","actor":"기타중립","valid_from":1375,"valid_to":1385,"wikidata":"Q1734616","area":576490,"src":"cliopatria","confidence":"medium"}},{"type":"Feature","geometry":{"type":"Point","coordinates":[62.665,35.136]},"properties":{"id":"territory:Kartids:1375:label","name":"카르트 왕조","name_en":"Kartids","actor":"기타중립","valid_from":1375,"valid_to":1385,"wikidata":"Q1734616","area":576490,"src":"cliopatria","confidence":"medium"}},{"type":"Feature","geometry":{"type":"MultiPolygon","coordinates":[[[[11.02,42.63],[11.02,42.82],[10.78,42.95],[10.78,43.15],[10.78,43.21],[10.86,43.41],[11.26,43.47],[11.58,43.34],[11.66,43.15],[11.9,43.15],[11.98,43.15],[12.06,42.76],[11.74,42.63],[11.57,42.37],[11.49,42.37],[11.41,42.37],[11.42,42.43],[11.34,42.43],[11.26,42.43],[11.26,42.5],[11.18,42.63],[11.02,42.63]]],[[[11.27,47.6],[11.27,47.47],[11.44,47.47],[11.44,47.33],[11.6,47.27],[11.85,47.27],[12.01,47.53],[12.26,47.53],[12.34,47.33],[12.51,47.4],[12.59,47.66],[12.76,47.66],[12.84,47.53],[13.09,47.6],[12.92,47.73],[12.93,47.93],[12.76,47.99],[12.77,48.19],[12.93,48.06],[13.18,48.06],[13.18,47.93],[13.42,47.66],[13.41,47.27],[13.74,47.2],[13.65,47.01],[13.9,47.01],[13.99,47.14],[14.56,47.01],[14.89,47.07],[15.13,46.81],[15.12,46.61],[14.96,46.41],[14.63,46.41],[14.62,46.28],[15.11,46.09],[15.11,45.89],[15.51,45.89],[15.26,45.76],[15.34,45.5],[14.45,45.63],[14.28,45.43],[14.19,45.04],[13.87,45.1],[13.87,45.17],[13.79,45.24],[14.12,45.5],[14.04,45.5],[13.95,45.5],[13.71,45.43],[13.71,45.76],[13.63,45.76],[13.56,46.02],[13.89,46.22],[13.65,46.55],[12.58,46.61],[12.58,46.48],[12.42,46.41],[12.49,45.76],[12.0,45.56],[12.0,45.37],[12.16,45.37],[12.16,45.3],[12.16,45.17],[12.4,45.04],[12.4,44.78],[12.16,44.78],[12.16,44.71],[11.99,44.65],[11.75,44.84],[11.35,44.91],[11.18,44.32],[10.86,44.25],[10.7,43.8],[10.21,43.93],[10.21,43.99],[10.13,43.99],[10.13,44.06],[10.05,44.06],[10.05,43.99],[9.97,43.99],[9.97,44.06],[9.97,44.12],[9.65,44.32],[9.64,44.52],[9.48,44.65],[9.16,44.71],[8.99,44.71],[8.91,44.58],[8.59,44.65],[8.35,44.45],[8.35,44.32],[8.35,44.25],[8.27,44.25],[8.27,44.19],[8.19,44.19],[8.19,44.12],[7.47,44.12],[7.47,44.12],[6.9,44.32],[6.97,44.71],[6.97,44.78],[7.29,44.84],[7.2,45.3],[7.28,45.43],[7.44,45.56],[7.93,45.56],[8.0,45.89],[7.35,45.96],[6.93,46.41],[6.36,46.41],[6.53,46.09],[6.78,45.89],[6.29,45.76],[6.29,45.89],[6.04,45.89],[6.04,46.09],[5.87,46.09],[5.71,45.96],[5.72,45.69],[5.89,45.56],[5.81,45.43],[5.65,45.43],[5.48,45.69],[5.15,45.63],[5.07,45.63],[5.07,45.82],[5.15,45.82],[5.3,46.28],[5.43,47.07],[5.59,47.14],[5.58,47.66],[5.82,47.73],[5.82,47.86],[5.65,48.06],[5.48,48.06],[5.47,48.26],[5.22,48.46],[4.88,48.52],[4.87,48.99],[5.03,49.12],[4.86,49.18],[4.67,49.58],[4.58,49.91],[4.49,49.91],[4.49,49.98],[4.41,49.98],[4.39,50.25],[4.64,50.45],[5.05,50.71],[5.22,50.71],[5.28,51.18],[5.78,51.38],[5.78,51.51],[5.61,51.65],[5.26,51.71],[5.17,51.85],[5.26,51.85],[5.25,52.05],[5.0,52.05],[5.07,52.32],[4.9,52.38],[4.89,52.52],[5.06,52.52],[5.06,52.65],[5.05,52.72],[5.39,52.86],[5.39,52.99],[5.21,53.12],[5.54,53.39],[6.23,53.53],[6.92,53.46],[6.91,53.6],[7.08,53.73],[7.94,53.73],[8.03,53.66],[7.95,53.53],[8.12,53.53],[8.2,53.66],[8.38,53.66],[8.46,53.94],[8.89,53.87],[8.8,54.14],[8.8,54.21],[8.89,54.34],[9.15,54.21],[9.93,54.27],[10.19,54.48],[10.27,54.48],[11.05,54.41],[11.05,54.21],[10.88,54.07],[11.4,54.0],[11.4,54.14],[12.09,54.27],[12.44,54.48],[13.05,54.48],[13.14,54.68],[13.41,54.75],[13.66,54.61],[13.74,54.27],[13.3,54.21],[14.17,54.07],[14.16,53.87],[13.98,53.8],[14.5,53.73],[14.51,54.0],[15.04,54.21],[15.99,54.27],[16.62,54.68],[17.41,54.82],[17.5,54.82],[17.56,54.41],[17.39,54.41],[17.38,54.27],[17.11,54.14],[17.09,53.8],[17.18,53.8],[17.08,53.6],[16.99,53.6],[16.99,53.53],[16.9,53.53],[16.66,53.8],[16.31,53.8],[16.41,54.0],[15.98,54.07],[16.05,53.66],[15.79,53.73],[15.7,53.66],[15.78,53.46],[15.44,53.53],[15.26,53.26],[14.82,53.19],[14.65,53.06],[14.48,53.06],[14.23,53.26],[14.32,53.39],[13.9,53.73],[13.55,53.66],[13.2,53.33],[12.17,53.39],[11.91,53.6],[11.74,53.6],[11.56,53.39],[11.31,53.46],[11.13,53.33],[11.22,53.19],[11.39,53.19],[11.39,53.06],[11.22,53.06],[11.04,52.86],[11.13,52.52],[11.9,52.59],[12.33,52.79],[12.33,52.65],[12.58,52.45],[12.41,52.32],[12.49,52.12],[13.17,52.12],[13.17,52.25],[13.43,52.18],[13.68,52.32],[13.69,52.45],[13.94,52.45],[14.54,52.32],[14.7,52.18],[14.69,51.92],[14.78,51.92],[14.78,51.85],[14.69,51.85],[14.61,51.85],[14.61,51.78],[14.6,51.71],[14.52,51.71],[14.52,51.65],[14.6,51.65],[14.76,51.45],[14.93,51.45],[15.19,51.65],[15.53,51.65],[15.53,51.51],[15.69,51.38],[15.68,51.05],[15.93,50.98],[15.92,50.78],[15.42,50.78],[15.26,50.98],[14.75,50.91],[14.66,50.98],[14.68,51.38],[14.26,51.51],[14.33,51.25],[13.99,51.11],[14.08,51.31],[13.91,51.38],[14.26,51.71],[13.59,51.98],[13.5,51.85],[13.67,51.78],[13.67,51.65],[13.16,51.58],[13.07,51.45],[12.9,51.45],[12.9,51.31],[12.48,51.45],[12.56,51.58],[11.97,51.58],[12.05,51.38],[11.37,51.25],[11.55,51.58],[11.38,51.71],[10.95,51.71],[10.87,51.45],[11.21,51.51],[11.12,51.31],[10.27,51.31],[9.94,51.05],[10.02,50.85],[10.36,50.85],[10.36,50.65],[10.53,50.65],[10.78,50.91],[10.36,51.18],[10.87,51.25],[10.7,51.11],[11.03,51.11],[11.2,50.98],[11.29,50.78],[11.03,50.71],[10.86,50.51],[10.36,50.51],[10.36,50.18],[10.69,50.05],[11.11,50.11],[11.11,50.25],[11.28,50.25],[11.2,50.51],[11.28,50.58],[11.54,50.51],[11.71,50.71],[11.96,50.71],[12.05,50.85],[12.21,50.78],[12.21,50.65],[11.96,50.58],[11.96,50.31],[12.12,50.25],[12.12,50.18],[11.87,50.18],[11.7,49.91],[11.2,49.78],[11.28,49.52],[11.03,49.45],[11.03,49.25],[11.28,49.25],[11.28,49.12],[10.86,49.05],[11.03,48.99],[10.94,48.85],[10.61,48.92],[10.36,49.25],[10.03,49.12],[10.03,48.99],[10.28,48.85],[10.28,48.72],[10.44,48.59],[10.53,48.26],[10.2,48.26],[10.12,48.06],[10.36,47.99],[10.53,48.19],[10.45,47.8],[10.69,47.73],[10.61,47.6],[10.69,47.6],[10.69,47.53],[10.78,47.53],[10.86,47.53],[10.94,47.53],[11.27,47.6]],[[10.2,48.46],[10.11,48.46],[10.11,48.32],[10.28,48.32],[10.2,48.46]],[[9.78,48.32],[10.03,48.26],[10.03,48.39],[9.95,48.39],[9.95,48.46],[9.45,48.46],[9.45,48.19],[9.78,48.32]],[[9.37,48.26],[9.37,48.39],[9.28,48.39],[9.2,48.39],[9.2,48.26],[9.37,48.26]],[[6.98,47.53],[7.4,47.47],[7.56,47.6],[7.55,47.93],[7.38,48.06],[7.3,48.06],[7.14,47.93],[6.89,47.93],[6.98,47.53]]],[[[3.64,50.25],[3.64,50.31],[3.63,50.38],[3.97,50.38],[4.14,50.25],[4.15,50.05],[4.07,50.05],[4.07,49.98],[3.99,49.98],[3.98,50.05],[3.9,50.05],[3.82,50.05],[3.81,50.11],[3.73,50.11],[3.73,50.18],[3.64,50.18],[3.64,50.25]]],[[[14.02,48.59],[14.01,48.52],[13.93,48.52],[13.93,48.46],[13.85,48.46],[13.77,48.59],[13.27,48.59],[13.19,48.85],[13.36,48.85],[13.36,48.99],[13.44,48.99],[13.53,48.99],[13.52,48.92],[13.61,48.92],[14.1,48.65],[14.1,48.59],[14.02,48.59]]],[[[12.55,50.91],[12.81,50.98],[12.8,50.78],[12.72,50.78],[12.72,50.71],[12.8,50.65],[12.63,50.65],[12.55,50.91]]],[[[12.22,51.25],[12.22,51.05],[11.96,51.05],[11.96,51.11],[11.88,51.18],[12.05,51.31],[12.22,51.25]]]]},"properties":{"id":"territory:Holy Roman Empire Minor States:1326","name":"신성로마제국 소국","name_en":"Holy Roman Empire Minor States","actor":"기타중립","valid_from":1326,"valid_to":1333,"wikidata":"Q12548","area":556407,"src":"cliopatria","confidence":"medium"}},{"type":"Feature","geometry":{"type":"Point","coordinates":[9.474,49.551]},"properties":{"id":"territory:Holy Roman Empire Minor States:1326:label","name":"신성로마제국 소국","name_en":"Holy Roman Empire Minor States","actor":"기타중립","valid_from":1326,"valid_to":1333,"wikidata":"Q12548","area":556407,"src":"cliopatria","confidence":"medium"}},{"type":"Feature","geometry":{"type":"MultiPolygon","coordinates":[[[[11.02,42.63],[11.02,42.82],[10.78,42.95],[10.78,43.15],[10.78,43.21],[10.86,43.41],[11.26,43.47],[11.58,43.34],[11.66,43.15],[11.9,43.15],[11.98,43.15],[12.06,42.76],[11.74,42.63],[11.57,42.37],[11.49,42.37],[11.41,42.37],[11.42,42.43],[11.34,42.43],[11.26,42.43],[11.26,42.5],[11.18,42.63],[11.02,42.63]]],[[[11.27,47.6],[11.27,47.53],[11.27,47.47],[11.44,47.47],[11.44,47.33],[11.6,47.27],[11.85,47.27],[12.01,47.53],[12.26,47.53],[12.34,47.33],[12.51,47.4],[12.59,47.66],[12.76,47.66],[12.84,47.53],[13.09,47.6],[12.92,47.73],[12.93,47.93],[12.76,47.99],[12.77,48.19],[12.93,48.06],[13.18,48.06],[13.18,47.93],[13.42,47.66],[13.41,47.27],[13.74,47.2],[13.65,47.01],[13.9,47.01],[13.99,47.14],[14.56,47.01],[14.89,47.07],[15.13,46.81],[15.12,46.61],[14.96,46.41],[14.63,46.41],[14.62,46.28],[15.11,46.09],[15.11,45.89],[15.51,45.89],[15.26,45.76],[15.34,45.5],[14.45,45.63],[14.28,45.43],[14.19,45.04],[13.87,45.1],[13.87,45.17],[13.79,45.24],[14.12,45.5],[14.04,45.5],[13.95,45.5],[13.71,45.43],[13.71,45.76],[13.63,45.76],[13.56,46.02],[13.89,46.22],[13.65,46.55],[12.58,46.61],[12.58,46.48],[12.42,46.41],[12.49,45.76],[12.0,45.56],[12.0,45.37],[12.16,45.37],[12.16,45.3],[12.16,45.17],[12.4,45.04],[12.4,44.78],[12.16,44.78],[12.16,44.71],[11.99,44.65],[11.75,44.84],[11.35,44.91],[11.18,44.32],[10.86,44.25],[10.7,43.8],[10.21,43.93],[10.21,43.99],[10.13,43.99],[10.13,44.06],[10.05,44.06],[10.05,43.99],[9.97,43.99],[9.97,44.06],[9.97,44.12],[9.65,44.32],[9.64,44.52],[9.48,44.65],[9.16,44.71],[8.99,44.71],[8.91,44.58],[8.59,44.65],[8.35,44.45],[8.35,44.32],[8.35,44.25],[8.27,44.25],[8.27,44.19],[8.19,44.19],[8.19,44.12],[7.47,44.12],[7.47,44.12],[6.9,44.32],[6.97,44.71],[6.97,44.78],[7.29,44.84],[7.2,45.3],[7.28,45.43],[7.44,45.56],[7.93,45.56],[8.0,45.89],[7.35,45.96],[6.93,46.41],[6.36,46.41],[6.53,46.09],[6.78,45.89],[6.29,45.76],[6.29,45.89],[6.04,45.89],[6.04,46.09],[5.87,46.09],[5.71,45.96],[5.72,45.69],[5.89,45.56],[5.81,45.43],[5.65,45.43],[5.48,45.69],[5.23,45.69],[5.0,45.37],[4.59,45.37],[4.5,45.56],[5.07,45.63],[5.3,46.28],[5.43,47.07],[5.59,47.14],[5.58,47.66],[5.82,47.73],[5.82,47.86],[5.65,48.06],[5.48,48.06],[5.47,48.26],[5.22,48.46],[4.88,48.52],[4.87,48.99],[5.03,49.12],[4.86,49.18],[4.67,49.58],[4.58,49.91],[4.49,49.91],[4.49,49.98],[4.41,49.98],[4.39,50.25],[4.64,50.45],[5.05,50.71],[5.22,50.71],[5.28,51.18],[5.78,51.38],[5.78,51.51],[5.61,51.65],[5.26,51.71],[5.17,51.85],[5.26,51.85],[5.25,52.05],[5.0,52.05],[5.07,52.32],[4.9,52.38],[4.89,52.52],[5.06,52.52],[5.06,52.65],[5.05,52.72],[5.39,52.86],[5.39,52.99],[5.21,53.12],[5.54,53.39],[6.23,53.53],[6.92,53.46],[6.91,53.6],[7.08,53.73],[7.94,53.73],[8.03,53.66],[7.95,53.53],[8.12,53.53],[8.2,53.66],[8.38,53.66],[8.46,53.94],[8.89,53.87],[8.8,54.14],[8.8,54.21],[8.89,54.34],[9.15,54.21],[9.93,54.27],[10.19,54.48],[10.27,54.48],[11.05,54.41],[11.05,54.21],[10.88,54.07],[11.14,54.0],[11.4,54.0],[11.4,54.14],[12.01,54.27],[12.09,54.27],[12.18,54.14],[12.7,54.07],[13.39,54.14],[13.48,54.14],[13.74,54.21],[13.82,54.07],[14.17,54.07],[14.16,53.87],[13.98,53.8],[14.5,53.73],[14.51,54.0],[15.04,54.21],[15.99,54.27],[16.62,54.68],[17.41,54.82],[17.5,54.82],[17.49,54.68],[17.58,54.68],[17.53,54.0],[17.78,53.73],[17.76,53.53],[17.68,53.53],[16.99,53.53],[16.9,53.53],[16.66,53.8],[16.31,53.8],[16.41,54.0],[15.98,54.07],[16.05,53.66],[15.79,53.73],[15.7,53.66],[15.78,53.46],[15.44,53.53],[15.26,53.26],[14.82,53.19],[14.65,53.06],[14.48,53.06],[14.23,53.26],[14.32,53.39],[13.9,53.73],[13.55,53.66],[13.2,53.33],[12.17,53.39],[11.91,53.6],[11.74,53.6],[11.56,53.39],[11.31,53.46],[11.13,53.33],[11.22,53.19],[11.39,53.19],[11.39,53.06],[11.22,53.06],[11.04,52.86],[11.04,52.65],[11.21,52.65],[11.04,52.38],[12.24,52.52],[12.49,52.45],[12.49,52.32],[12.41,52.32],[12.49,52.12],[13.17,52.12],[13.17,52.25],[13.43,52.18],[13.68,52.32],[13.69,52.45],[14.62,52.32],[14.96,52.12],[14.95,51.98],[14.61,51.85],[14.6,51.71],[14.52,51.71],[14.52,51.65],[14.6,51.65],[14.76,51.45],[14.93,51.45],[15.19,51.65],[15.53,51.65],[15.53,51.51],[15.69,51.38],[15.68,51.05],[15.93,50.98],[15.92,50.78],[15.42,50.78],[15.26,50.98],[14.58,50.91],[14.5,51.05],[14.33,51.05],[14.33,51.25],[13.99,51.11],[14.08,51.31],[13.91,51.31],[14.26,51.71],[13.59,51.98],[13.5,51.85],[13.67,51.78],[13.67,51.65],[13.16,51.58],[13.07,51.45],[12.9,51.45],[12.9,51.31],[12.48,51.45],[12.56,51.58],[11.97,51.58],[12.05,51.38],[11.37,51.25],[11.55,51.58],[11.38,51.71],[10.95,51.71],[10.87,51.45],[11.21,51.51],[11.12,51.31],[10.27,51.31],[9.94,51.05],[10.02,50.85],[10.36,50.85],[10.36,50.65],[10.53,50.65],[10.78,50.91],[10.36,51.18],[10.87,51.25],[10.7,51.11],[11.03,51.11],[11.2,50.98],[11.29,50.78],[11.03,50.71],[10.86,50.51],[10.36,50.51],[10.36,50.18],[10.69,50.05],[11.11,50.11],[11.11,50.25],[11.28,50.25],[11.2,50.51],[11.28,50.58],[11.54,50.51],[11.71,50.71],[11.96,50.71],[12.05,50.85],[12.21,50.78],[12.21,50.65],[11.96,50.58],[11.96,50.31],[12.12,50.25],[12.12,50.18],[11.87,50.18],[11.7,49.91],[11.2,49.78],[11.28,49.52],[11.03,49.45],[11.03,49.25],[11.28,49.25],[11.28,49.12],[10.86,49.05],[11.03,48.99],[10.94,48.85],[10.61,48.92],[10.36,49.25],[10.03,49.12],[10.03,48.99],[10.28,48.85],[10.28,48.72],[10.44,48.59],[10.53,48.26],[10.2,48.26],[10.12,48.06],[10.36,47.99],[10.53,48.19],[10.45,47.8],[10.69,47.73],[10.61,47.6],[10.69,47.6],[10.69,47.53],[10.78,47.53],[10.86,47.53],[10.94,47.53],[11.02,47.53],[11.02,47.6],[11.11,47.6],[11.19,47.6],[11.27,47.6]],[[10.28,48.32],[10.2,48.39],[10.2,48.46],[10.11,48.46],[10.11,48.32],[10.28,48.32]],[[9.78,48.32],[10.03,48.26],[10.03,48.39],[9.95,48.39],[9.45,48.46],[9.45,48.19],[9.78,48.32]],[[9.37,48.32],[9.37,48.39],[9.2,48.39],[9.2,48.26],[9.37,48.32]],[[7.4,47.47],[7.56,47.6],[7.47,48.06],[7.38,48.06],[6.89,47.93],[6.9,47.6],[7.4,47.47]]],[[[3.64,50.25],[3.64,50.31],[3.63,50.38],[3.97,50.38],[4.14,50.25],[4.15,50.05],[4.07,50.05],[4.07,49.98],[3.99,49.98],[3.98,50.05],[3.9,50.05],[3.82,50.05],[3.81,50.11],[3.73,50.11],[3.73,50.18],[3.64,50.18],[3.64,50.25]]],[[[14.02,48.59],[14.01,48.52],[13.93,48.52],[13.93,48.46],[13.85,48.46],[13.77,48.59],[13.27,48.59],[13.19,48.85],[13.36,48.85],[13.36,48.99],[13.44,48.99],[13.53,48.99],[13.52,48.92],[13.61,48.92],[14.1,48.65],[14.1,48.59],[14.02,48.59]]],[[[12.55,50.91],[12.81,50.98],[12.8,50.78],[12.72,50.78],[12.72,50.71],[12.8,50.65],[12.63,50.65],[12.55,50.91]]],[[[12.22,51.25],[12.22,51.05],[11.96,51.05],[11.96,51.11],[11.88,51.18],[12.05,51.31],[12.22,51.25]]]]},"properties":{"id":"territory:Holy Roman Empire Minor States:1305","name":"신성로마제국 소국","name_en":"Holy Roman Empire Minor States","actor":"기타중립","valid_from":1305,"valid_to":1314,"wikidata":"Q12548","area":556088,"src":"cliopatria","confidence":"medium"}},{"type":"Feature","geometry":{"type":"Point","coordinates":[9.489,49.521]},"properties":{"id":"territory:Holy Roman Empire Minor States:1305:label","name":"신성로마제국 소국","name_en":"Holy Roman Empire Minor States","actor":"기타중립","valid_from":1305,"valid_to":1314,"wikidata":"Q12548","area":556088,"src":"cliopatria","confidence":"medium"}},{"type":"Feature","geometry":{"type":"MultiPolygon","coordinates":[[[[11.02,42.63],[11.02,42.82],[10.78,42.95],[10.78,43.15],[10.78,43.21],[10.86,43.41],[11.26,43.47],[11.58,43.34],[11.66,43.15],[11.9,43.15],[11.98,43.15],[12.06,42.76],[11.74,42.63],[11.57,42.37],[11.49,42.37],[11.41,42.37],[11.42,42.43],[11.34,42.43],[11.26,42.43],[11.26,42.5],[11.18,42.63],[11.02,42.63]]],[[[11.19,47.6],[11.27,47.6],[11.27,47.53],[11.27,47.47],[11.44,47.47],[11.44,47.33],[11.6,47.27],[11.85,47.27],[12.01,47.53],[12.26,47.53],[12.34,47.33],[12.51,47.4],[12.59,47.66],[12.76,47.66],[12.84,47.53],[13.09,47.6],[12.92,47.73],[12.93,47.93],[12.76,47.99],[12.77,48.19],[12.93,48.06],[13.18,48.06],[13.18,47.93],[13.42,47.66],[13.41,47.27],[13.74,47.2],[13.65,47.01],[13.9,47.01],[13.99,47.14],[14.56,47.01],[14.89,47.07],[15.13,46.81],[15.12,46.61],[14.96,46.41],[14.63,46.41],[14.62,46.28],[15.11,46.09],[15.11,45.89],[15.51,45.89],[15.26,45.76],[15.34,45.5],[14.45,45.63],[14.28,45.43],[14.19,45.04],[13.87,45.1],[13.87,45.17],[13.79,45.24],[14.12,45.5],[14.04,45.5],[13.95,45.5],[13.71,45.43],[13.71,45.76],[13.63,45.76],[13.56,46.02],[13.89,46.22],[13.65,46.55],[12.58,46.61],[12.58,46.48],[12.42,46.41],[12.49,45.76],[12.0,45.56],[12.0,45.37],[12.16,45.37],[12.16,45.3],[12.16,45.17],[12.4,45.04],[12.4,44.78],[12.16,44.78],[12.16,44.71],[11.99,44.65],[11.75,44.84],[11.35,44.91],[11.18,44.32],[10.86,44.25],[10.7,43.8],[10.21,43.93],[10.21,43.99],[10.13,43.99],[10.13,44.06],[10.05,44.06],[10.05,43.99],[9.97,43.99],[9.97,44.06],[9.97,44.12],[9.65,44.32],[9.64,44.52],[9.48,44.65],[9.16,44.71],[8.99,44.71],[8.91,44.58],[8.59,44.65],[8.35,44.45],[8.35,44.32],[8.35,44.25],[8.27,44.25],[8.27,44.19],[8.19,44.19],[8.19,44.12],[7.47,44.12],[7.47,44.12],[6.9,44.32],[6.97,44.71],[6.97,44.78],[7.29,44.84],[7.2,45.3],[7.28,45.43],[7.44,45.56],[7.93,45.56],[8.0,45.89],[7.35,45.96],[6.93,46.41],[6.36,46.41],[6.53,46.09],[6.78,45.89],[6.29,45.76],[6.29,45.89],[6.04,45.89],[6.04,46.09],[5.87,46.09],[5.71,45.96],[5.72,45.69],[5.89,45.56],[5.81,45.43],[5.65,45.43],[5.48,45.69],[5.23,45.69],[5.0,45.37],[4.59,45.37],[4.5,45.56],[5.07,45.63],[5.3,46.28],[5.43,47.07],[5.59,47.14],[5.58,47.66],[5.82,47.73],[5.82,47.86],[5.65,48.06],[5.48,48.06],[5.47,48.26],[5.22,48.46],[4.88,48.52],[4.87,48.99],[5.03,49.12],[4.86,49.18],[4.67,49.58],[4.58,49.91],[4.49,49.91],[4.49,49.98],[4.41,49.98],[4.39,50.25],[4.56,50.31],[4.99,49.98],[5.16,49.98],[5.23,50.38],[4.97,50.58],[5.05,50.71],[5.22,50.71],[5.28,51.18],[5.78,51.38],[5.78,51.51],[5.61,51.65],[5.26,51.71],[5.17,51.85],[5.26,51.85],[5.25,52.05],[5.0,52.05],[5.07,52.32],[4.9,52.38],[4.89,52.52],[5.06,52.52],[5.06,52.65],[5.05,52.72],[5.39,52.86],[5.39,52.99],[5.21,53.12],[5.54,53.39],[6.23,53.53],[6.92,53.46],[6.91,53.6],[7.08,53.73],[7.94,53.73],[8.03,53.66],[7.95,53.53],[8.12,53.53],[8.2,53.66],[8.38,53.66],[8.46,53.94],[8.89,53.87],[8.8,54.14],[8.8,54.21],[8.89,54.34],[9.15,54.21],[9.93,54.27],[10.19,54.48],[10.27,54.48],[11.05,54.41],[11.05,54.21],[10.88,54.07],[11.14,54.0],[11.4,54.0],[11.4,54.14],[12.01,54.27],[12.09,54.27],[12.18,54.14],[12.7,54.07],[13.39,54.14],[13.48,54.14],[13.74,54.21],[13.82,54.07],[14.17,54.07],[14.16,53.87],[13.98,53.8],[14.5,53.73],[14.51,54.0],[15.04,54.21],[15.99,54.27],[16.62,54.68],[17.41,54.82],[17.5,54.82],[17.49,54.68],[17.58,54.68],[17.53,54.0],[17.78,53.73],[17.76,53.53],[16.9,53.53],[16.66,53.8],[16.31,53.8],[16.41,54.0],[15.98,54.07],[16.05,53.66],[15.79,53.73],[15.7,53.66],[15.78,53.46],[15.44,53.53],[15.26,53.26],[14.82,53.19],[14.65,53.06],[14.48,53.06],[14.23,53.26],[14.32,53.39],[13.9,53.73],[13.55,53.66],[13.2,53.33],[12.17,53.39],[11.91,53.6],[11.74,53.6],[11.56,53.39],[11.31,53.46],[11.13,53.33],[11.22,53.19],[11.39,53.19],[11.39,53.06],[11.22,53.06],[11.04,52.86],[11.04,52.65],[11.21,52.65],[11.04,52.38],[12.24,52.52],[12.49,52.45],[12.49,52.32],[12.41,52.32],[12.49,52.12],[13.17,52.12],[13.17,52.25],[13.43,52.18],[13.68,52.32],[13.69,52.45],[14.62,52.32],[14.96,52.12],[14.95,51.98],[14.61,51.85],[14.6,51.71],[14.52,51.71],[14.52,51.65],[14.6,51.65],[14.76,51.45],[14.93,51.45],[15.19,51.65],[15.28,51.65],[15.53,51.65],[15.53,51.51],[15.69,51.38],[15.69,51.31],[15.68,51.05],[15.93,50.98],[15.93,50.91],[15.93,50.85],[15.92,50.78],[15.42,50.78],[15.26,50.98],[14.58,50.91],[14.5,51.05],[14.33,51.05],[14.33,51.25],[13.99,51.11],[14.08,51.31],[13.91,51.31],[14.26,51.71],[13.59,51.98],[13.5,51.85],[13.67,51.78],[13.67,51.65],[13.16,51.58],[13.07,51.45],[12.9,51.45],[12.9,51.31],[12.48,51.45],[12.56,51.58],[11.97,51.58],[12.05,51.38],[11.37,51.25],[11.55,51.58],[11.38,51.71],[10.95,51.71],[10.87,51.45],[11.21,51.51],[11.12,51.31],[10.27,51.31],[9.94,51.05],[10.02,50.85],[10.36,50.85],[10.36,50.65],[10.53,50.65],[10.78,50.91],[10.36,51.18],[10.87,51.25],[10.7,51.11],[11.03,51.11],[11.2,50.98],[11.29,50.78],[11.03,50.71],[10.86,50.51],[10.36,50.51],[10.36,50.18],[10.69,50.05],[11.11,50.11],[11.11,50.25],[11.28,50.25],[11.2,50.51],[11.28,50.58],[11.54,50.51],[11.71,50.71],[11.96,50.71],[12.05,50.85],[12.21,50.78],[12.21,50.65],[11.96,50.58],[11.96,50.31],[12.12,50.25],[12.12,50.18],[11.87,50.18],[11.7,49.91],[11.2,49.78],[11.28,49.52],[11.03,49.45],[11.03,49.25],[11.28,49.25],[11.28,49.12],[10.86,49.05],[11.03,48.99],[10.94,48.85],[10.61,48.92],[10.36,49.25],[10.03,49.12],[10.03,48.99],[10.28,48.85],[10.28,48.72],[10.44,48.59],[10.45,48.32],[10.53,48.32],[10.45,47.8],[10.69,47.73],[10.61,47.6],[10.69,47.6],[10.69,47.53],[10.78,47.53],[10.86,47.53],[10.94,47.53],[11.02,47.53],[11.02,47.6],[11.11,47.6],[11.19,47.6]],[[7.4,47.47],[7.56,47.6],[7.47,48.06],[7.38,48.06],[6.89,47.93],[6.9,47.6],[7.4,47.47]]],[[[3.64,50.18],[3.64,50.25],[3.64,50.31],[3.63,50.38],[3.97,50.38],[4.14,50.25],[4.15,50.05],[4.07,50.05],[4.07,49.98],[3.99,49.98],[3.98,50.05],[3.9,50.05],[3.82,50.05],[3.81,50.11],[3.73,50.11],[3.73,50.18],[3.64,50.18]]],[[[12.05,51.31],[12.22,51.25],[12.22,51.05],[11.96,51.05],[11.96,51.11],[11.88,51.18],[12.05,51.31]]],[[[14.02,48.59],[14.01,48.52],[13.93,48.52],[13.93,48.46],[13.85,48.46],[13.77,48.59],[13.27,48.59],[13.19,48.85],[13.36,48.85],[13.36,48.99],[13.44,48.99],[13.53,48.99],[13.52,48.92],[13.61,48.92],[13.94,48.79],[14.1,48.59],[14.02,48.59]]],[[[12.55,50.91],[12.81,50.98],[12.8,50.78],[12.72,50.78],[12.72,50.71],[12.8,50.65],[12.63,50.65],[12.55,50.91]]]]},"properties":{"id":"territory:Holy Roman Empire Minor States:1294","name":"신성로마제국 소국","name_en":"Holy Roman Empire Minor States","actor":"기타중립","valid_from":1294,"valid_to":1305,"wikidata":"Q12548","area":555409,"src":"cliopatria","confidence":"medium"}},{"type":"Feature","geometry":{"type":"Point","coordinates":[9.509,49.516]},"properties":{"id":"territory:Holy Roman Empire Minor States:1294:label","name":"신성로마제국 소국","name_en":"Holy Roman Empire Minor States","actor":"기타중립","valid_from":1294,"valid_to":1305,"wikidata":"Q12548","area":555409,"src":"cliopatria","confidence":"medium"}},{"type":"Feature","geometry":{"type":"MultiPolygon","coordinates":[[[[11.02,42.63],[11.02,42.82],[10.78,42.95],[10.78,43.15],[10.78,43.21],[10.86,43.41],[11.26,43.47],[11.58,43.34],[11.66,43.15],[11.9,43.15],[11.98,43.15],[12.06,42.76],[11.74,42.63],[11.57,42.37],[11.49,42.37],[11.41,42.37],[11.42,42.43],[11.34,42.43],[11.26,42.43],[11.26,42.5],[11.18,42.63],[11.02,42.63]]],[[[11.27,47.6],[11.27,47.53],[11.27,47.47],[11.44,47.47],[11.44,47.33],[11.6,47.27],[11.85,47.27],[12.01,47.53],[12.26,47.53],[12.34,47.33],[12.51,47.4],[12.59,47.66],[12.76,47.66],[12.84,47.53],[13.09,47.6],[12.92,47.73],[12.93,47.93],[12.76,47.99],[12.77,48.19],[12.93,48.06],[13.18,48.06],[13.18,47.93],[13.42,47.66],[13.41,47.27],[13.74,47.2],[13.65,47.01],[13.9,47.01],[13.99,47.14],[14.56,47.01],[14.89,47.07],[15.13,46.81],[15.12,46.61],[14.96,46.41],[14.63,46.41],[14.62,46.28],[15.11,46.09],[15.11,45.89],[15.51,45.89],[15.26,45.76],[15.34,45.5],[14.45,45.63],[14.28,45.43],[14.2,45.43],[14.12,45.43],[14.12,45.5],[14.04,45.5],[13.95,45.5],[13.71,45.43],[13.71,45.76],[13.63,45.76],[13.56,46.02],[13.89,46.22],[13.65,46.55],[12.58,46.61],[12.58,46.48],[12.42,46.41],[12.49,45.76],[12.0,45.56],[12.0,45.37],[12.16,45.37],[12.16,45.3],[12.16,45.17],[12.4,45.04],[12.4,44.78],[12.16,44.78],[12.16,44.71],[11.99,44.65],[11.75,44.84],[11.35,44.91],[11.18,44.32],[10.86,44.25],[10.7,43.8],[10.21,43.93],[10.21,43.99],[10.13,43.99],[10.13,44.06],[10.05,44.06],[10.05,43.99],[9.97,43.99],[9.97,44.06],[9.97,44.12],[9.65,44.32],[9.64,44.52],[9.48,44.65],[9.16,44.71],[8.99,44.71],[8.91,44.58],[8.59,44.65],[8.35,44.45],[8.35,44.32],[8.35,44.25],[8.27,44.25],[8.27,44.19],[8.19,44.19],[8.19,44.12],[7.47,44.12],[7.47,44.12],[6.9,44.32],[6.97,44.71],[6.97,44.78],[7.29,44.84],[7.2,45.3],[7.28,45.43],[7.44,45.56],[7.93,45.56],[8.0,45.89],[7.35,45.96],[6.93,46.41],[6.36,46.41],[6.53,46.09],[6.78,45.89],[6.29,45.76],[6.29,45.89],[6.04,45.89],[6.04,46.09],[5.87,46.09],[5.71,45.96],[5.72,45.69],[5.89,45.56],[5.81,45.43],[5.65,45.43],[5.48,45.69],[5.15,45.63],[5.07,45.63],[5.07,45.82],[5.15,45.82],[5.3,46.28],[5.43,47.07],[5.59,47.14],[5.58,47.66],[5.82,47.73],[5.82,47.86],[5.65,48.06],[5.48,48.06],[5.47,48.26],[5.22,48.46],[4.88,48.52],[4.87,48.99],[5.03,49.12],[4.86,49.18],[4.67,49.58],[4.58,49.91],[4.49,49.91],[4.49,49.98],[4.41,49.98],[4.39,50.25],[4.64,50.45],[5.05,50.71],[5.22,50.71],[5.28,51.18],[5.78,51.38],[5.78,51.51],[5.61,51.65],[5.26,51.71],[5.17,51.85],[5.26,51.85],[5.25,52.05],[5.0,52.05],[5.07,52.32],[4.9,52.38],[4.89,52.52],[5.06,52.52],[5.06,52.65],[5.05,52.72],[5.39,52.86],[5.39,52.99],[5.21,53.12],[5.54,53.39],[6.23,53.53],[6.92,53.46],[6.91,53.6],[7.08,53.73],[7.94,53.73],[8.03,53.66],[7.95,53.53],[8.12,53.53],[8.2,53.66],[8.38,53.66],[8.46,53.94],[8.89,53.87],[8.8,54.14],[8.8,54.21],[8.89,54.34],[9.15,54.21],[9.93,54.27],[10.19,54.48],[10.27,54.48],[11.05,54.41],[11.05,54.21],[10.88,54.07],[11.14,54.0],[11.4,54.0],[11.4,54.14],[12.01,54.27],[12.09,54.27],[12.18,54.14],[12.7,54.07],[13.39,54.14],[13.48,54.14],[13.74,54.21],[13.82,54.07],[14.17,54.07],[14.16,53.87],[13.98,53.8],[14.5,53.73],[14.51,54.0],[15.04,54.21],[15.99,54.27],[16.62,54.68],[17.41,54.82],[17.5,54.82],[17.56,54.41],[17.39,54.41],[17.38,54.27],[17.11,54.14],[17.09,53.8],[17.18,53.8],[17.08,53.6],[16.99,53.6],[16.99,53.53],[16.9,53.53],[16.66,53.8],[16.31,53.8],[16.41,54.0],[15.98,54.07],[16.05,53.66],[15.79,53.73],[15.7,53.66],[15.78,53.46],[15.44,53.53],[15.26,53.26],[14.82,53.19],[14.65,53.06],[14.48,53.06],[14.23,53.26],[14.32,53.39],[13.9,53.73],[13.55,53.66],[13.2,53.33],[12.17,53.39],[11.91,53.6],[11.74,53.6],[11.56,53.39],[11.31,53.46],[11.13,53.33],[11.22,53.19],[11.39,53.19],[11.39,53.06],[11.22,53.06],[11.04,52.86],[11.04,52.65],[11.21,52.65],[11.04,52.38],[12.24,52.52],[12.49,52.45],[12.49,52.32],[12.41,52.32],[12.49,52.12],[13.17,52.12],[13.17,52.25],[13.43,52.18],[13.68,52.32],[13.69,52.45],[13.94,52.45],[14.54,52.32],[14.7,52.18],[14.69,51.92],[14.78,51.92],[14.78,51.85],[14.69,51.85],[14.61,51.85],[14.61,51.78],[14.6,51.71],[14.52,51.71],[14.52,51.65],[14.6,51.65],[14.76,51.45],[14.93,51.45],[15.19,51.65],[15.53,51.65],[15.53,51.51],[15.69,51.38],[15.68,51.05],[15.93,50.98],[15.92,50.78],[15.42,50.78],[15.26,50.98],[14.58,50.91],[14.5,51.05],[14.33,51.05],[14.33,51.25],[13.99,51.11],[14.08,51.31],[13.91,51.31],[14.26,51.71],[13.59,51.98],[13.5,51.85],[13.67,51.78],[13.67,51.65],[13.16,51.58],[13.07,51.45],[12.9,51.45],[12.9,51.31],[12.48,51.45],[12.56,51.58],[11.97,51.58],[12.05,51.38],[11.37,51.25],[11.55,51.58],[11.38,51.71],[10.95,51.71],[10.87,51.45],[11.21,51.51],[11.12,51.31],[10.27,51.31],[9.94,51.05],[10.02,50.85],[10.36,50.85],[10.36,50.65],[10.53,50.65],[10.78,50.91],[10.36,51.18],[10.87,51.25],[10.7,51.11],[11.03,51.11],[11.2,50.98],[11.29,50.78],[11.03,50.71],[10.86,50.51],[10.36,50.51],[10.36,50.18],[10.69,50.05],[11.11,50.11],[11.11,50.25],[11.28,50.25],[11.2,50.51],[11.28,50.58],[11.54,50.51],[11.71,50.71],[11.96,50.71],[12.05,50.85],[12.21,50.78],[12.21,50.65],[11.96,50.58],[11.96,50.31],[12.12,50.25],[12.12,50.18],[11.87,50.18],[11.7,49.91],[11.2,49.78],[11.28,49.52],[11.03,49.45],[11.03,49.25],[11.28,49.25],[11.28,49.12],[10.86,49.05],[11.03,48.99],[10.94,48.85],[10.61,48.92],[10.36,49.25],[10.03,49.12],[10.03,48.99],[10.28,48.85],[10.28,48.72],[10.44,48.59],[10.53,48.26],[10.2,48.26],[10.12,48.06],[10.36,47.99],[10.53,48.19],[10.45,47.8],[10.69,47.73],[10.61,47.6],[10.69,47.6],[10.69,47.53],[10.78,47.53],[10.86,47.53],[10.94,47.53],[11.02,47.53],[11.02,47.6],[11.11,47.6],[11.19,47.6],[11.27,47.6]],[[10.28,48.32],[10.2,48.39],[10.2,48.46],[10.11,48.46],[10.11,48.32],[10.28,48.32]],[[9.78,48.32],[10.03,48.26],[10.03,48.39],[9.95,48.39],[9.45,48.46],[9.45,48.19],[9.78,48.32]],[[9.37,48.32],[9.37,48.39],[9.2,48.39],[9.2,48.26],[9.37,48.32]],[[7.4,47.47],[7.56,47.6],[7.47,48.06],[7.38,48.06],[6.89,47.93],[6.9,47.6],[7.4,47.47]]],[[[3.64,50.25],[3.64,50.31],[3.63,50.38],[3.97,50.38],[4.14,50.25],[4.15,50.05],[4.07,50.05],[4.07,49.98],[3.99,49.98],[3.98,50.05],[3.9,50.05],[3.82,50.05],[3.81,50.11],[3.73,50.11],[3.73,50.18],[3.64,50.18],[3.64,50.25]]],[[[14.19,45.04],[13.87,45.1],[14.03,45.3],[14.03,45.37],[14.28,45.43],[14.19,45.04]]],[[[14.02,48.59],[14.01,48.52],[13.93,48.52],[13.93,48.46],[13.85,48.46],[13.77,48.59],[13.27,48.59],[13.19,48.85],[13.36,48.85],[13.36,48.99],[13.44,48.99],[13.53,48.99],[13.52,48.92],[13.61,48.92],[14.1,48.65],[14.1,48.59],[14.02,48.59]]],[[[12.55,50.91],[12.81,50.98],[12.8,50.78],[12.72,50.78],[12.72,50.71],[12.8,50.65],[12.63,50.65],[12.55,50.91]]],[[[12.22,51.25],[12.22,51.05],[11.96,51.05],[11.96,51.11],[11.88,51.18],[12.05,51.31],[12.22,51.25]]]]},"properties":{"id":"territory:Holy Roman Empire Minor States:1314","name":"신성로마제국 소국","name_en":"Holy Roman Empire Minor States","actor":"기타중립","valid_from":1314,"valid_to":1326,"wikidata":"Q12548","area":551229,"src":"cliopatria","confidence":"medium"}},{"type":"Feature","geometry":{"type":"Point","coordinates":[9.435,49.507]},"properties":{"id":"territory:Holy Roman Empire Minor States:1314:label","name":"신성로마제국 소국","name_en":"Holy Roman Empire Minor States","actor":"기타중립","valid_from":1314,"valid_to":1326,"wikidata":"Q12548","area":551229,"src":"cliopatria","confidence":"medium"}},{"type":"Feature","geometry":{"type":"MultiPolygon","coordinates":[[[[11.02,42.63],[11.02,42.82],[10.78,42.95],[10.78,43.15],[10.78,43.21],[10.86,43.41],[11.26,43.47],[11.58,43.34],[11.66,43.15],[11.9,43.15],[11.98,43.15],[12.06,42.76],[11.74,42.63],[11.57,42.37],[11.49,42.37],[11.41,42.37],[11.42,42.43],[11.34,42.43],[11.26,42.43],[11.26,42.5],[11.18,42.63],[11.02,42.63]]],[[[11.27,47.6],[11.27,47.47],[11.44,47.47],[11.44,47.33],[11.6,47.27],[11.85,47.27],[12.01,47.53],[12.26,47.53],[12.34,47.33],[12.51,47.4],[12.59,47.66],[12.76,47.66],[12.84,47.53],[13.09,47.6],[12.92,47.73],[12.93,47.93],[12.76,47.99],[12.77,48.19],[12.93,48.06],[13.18,48.06],[13.18,47.93],[13.42,47.66],[13.41,47.27],[13.74,47.2],[13.65,47.01],[13.9,47.01],[13.99,47.14],[14.56,47.01],[14.89,47.07],[15.13,46.81],[15.12,46.61],[14.96,46.41],[14.63,46.41],[14.62,46.28],[15.11,46.09],[15.11,45.89],[15.51,45.89],[15.26,45.76],[15.34,45.5],[14.45,45.63],[14.28,45.43],[14.19,45.04],[13.87,45.1],[13.87,45.17],[13.79,45.24],[14.12,45.5],[14.04,45.5],[13.95,45.5],[13.71,45.43],[13.71,45.76],[13.63,45.76],[13.56,46.02],[13.89,46.22],[13.65,46.55],[12.58,46.61],[12.58,46.48],[12.42,46.41],[12.49,45.76],[12.0,45.56],[12.0,45.37],[12.16,45.37],[12.16,45.3],[12.16,45.17],[12.4,45.04],[12.4,44.78],[12.16,44.78],[12.16,44.71],[11.99,44.65],[11.75,44.84],[11.35,44.91],[11.18,44.32],[10.86,44.25],[10.7,43.8],[10.21,43.93],[10.21,43.99],[10.13,43.99],[10.13,44.06],[10.05,44.06],[10.05,43.99],[9.97,43.99],[9.97,44.06],[9.97,44.12],[9.65,44.32],[9.64,44.52],[9.48,44.65],[9.16,44.71],[8.99,44.71],[8.91,44.58],[8.59,44.65],[8.35,44.45],[8.35,44.32],[8.35,44.25],[8.27,44.25],[8.27,44.19],[8.19,44.19],[8.19,44.12],[7.47,44.12],[7.47,44.12],[6.9,44.32],[6.97,44.71],[6.97,44.78],[7.29,44.84],[7.2,45.3],[7.28,45.43],[7.44,45.56],[7.93,45.56],[8.0,45.89],[7.35,45.96],[6.93,46.41],[6.36,46.41],[6.53,46.09],[6.78,45.89],[6.29,45.76],[6.29,45.89],[6.04,45.89],[6.04,46.09],[5.87,46.09],[5.71,45.96],[5.72,45.69],[5.89,45.56],[5.81,45.43],[5.65,45.43],[5.48,45.69],[5.15,45.63],[5.07,45.63],[5.07,45.82],[5.15,45.82],[5.3,46.28],[5.38,46.28],[5.87,46.28],[6.34,46.81],[6.67,47.07],[6.83,47.07],[6.83,47.2],[6.99,47.27],[6.98,47.53],[7.4,47.47],[7.56,47.6],[7.55,47.93],[7.47,48.06],[7.22,48.06],[7.14,47.93],[6.89,47.93],[6.14,47.99],[5.82,47.86],[5.65,48.06],[5.48,48.06],[5.47,48.26],[5.22,48.46],[4.88,48.52],[4.87,48.99],[5.03,49.12],[4.86,49.18],[4.67,49.58],[4.58,49.91],[4.49,49.91],[4.49,49.98],[4.41,49.98],[4.39,50.25],[4.64,50.45],[5.05,50.71],[5.22,50.71],[5.28,51.18],[5.78,51.38],[5.78,51.51],[5.61,51.65],[5.26,51.71],[5.17,51.85],[5.26,51.85],[5.25,52.05],[5.0,52.05],[5.07,52.32],[4.9,52.38],[4.89,52.52],[5.06,52.52],[5.06,52.65],[5.05,52.72],[5.39,52.86],[5.39,52.99],[5.21,53.12],[5.54,53.39],[6.23,53.53],[6.92,53.46],[6.91,53.6],[7.08,53.73],[7.94,53.73],[8.03,53.66],[7.95,53.53],[8.12,53.53],[8.2,53.66],[8.38,53.66],[8.46,53.94],[8.89,53.87],[8.8,54.14],[8.8,54.21],[8.89,54.34],[9.15,54.21],[9.93,54.27],[10.19,54.48],[10.27,54.48],[11.05,54.41],[11.05,54.21],[10.88,54.07],[11.4,54.0],[11.4,54.14],[12.09,54.27],[12.44,54.48],[13.05,54.48],[13.14,54.68],[13.41,54.75],[13.66,54.61],[13.74,54.27],[13.3,54.21],[14.17,54.07],[14.16,53.87],[13.98,53.8],[14.5,53.73],[14.51,54.0],[15.04,54.21],[15.99,54.27],[16.62,54.68],[17.41,54.82],[17.5,54.82],[17.56,54.41],[17.39,54.41],[17.38,54.27],[17.11,54.14],[17.09,53.8],[17.18,53.8],[17.08,53.6],[16.99,53.6],[16.99,53.53],[16.9,53.53],[16.66,53.8],[16.31,53.8],[16.41,54.0],[15.98,54.07],[16.05,53.66],[15.79,53.73],[15.7,53.66],[15.78,53.46],[15.44,53.53],[15.26,53.26],[14.82,53.19],[14.65,53.06],[14.48,53.06],[14.23,53.26],[14.32,53.39],[13.9,53.73],[13.55,53.66],[13.2,53.33],[12.17,53.39],[11.91,53.6],[11.74,53.6],[11.56,53.39],[11.31,53.46],[11.13,53.33],[11.22,53.19],[11.39,53.19],[11.39,53.06],[11.22,53.06],[11.04,52.86],[11.13,52.52],[11.9,52.59],[12.33,52.79],[12.33,52.65],[12.58,52.45],[12.41,52.32],[12.49,52.12],[12.91,52.18],[13.42,52.05],[13.43,52.18],[13.94,52.32],[14.36,52.12],[14.62,52.12],[14.69,51.92],[14.61,51.92],[14.6,51.71],[14.35,51.65],[14.26,51.65],[14.1,51.85],[13.76,51.85],[13.59,51.98],[13.5,51.85],[13.67,51.78],[13.67,51.65],[13.16,51.58],[13.07,51.45],[12.9,51.45],[12.9,51.31],[12.48,51.45],[12.56,51.58],[11.97,51.58],[12.05,51.38],[11.37,51.25],[11.55,51.58],[11.38,51.71],[10.95,51.71],[10.87,51.45],[11.21,51.51],[11.12,51.31],[10.27,51.31],[9.94,51.05],[10.02,50.85],[10.36,50.85],[10.36,50.65],[10.53,50.65],[10.78,50.91],[10.36,51.18],[10.87,51.25],[10.7,51.11],[11.03,51.11],[11.2,50.98],[11.29,50.78],[11.03,50.71],[10.86,50.51],[10.36,50.51],[10.36,50.18],[10.69,50.05],[11.11,50.11],[11.11,50.25],[11.28,50.25],[11.2,50.51],[11.28,50.58],[11.54,50.51],[11.71,50.71],[11.96,50.71],[12.05,50.85],[12.21,50.78],[12.21,50.65],[11.96,50.58],[11.96,50.31],[12.12,50.25],[12.12,50.18],[11.87,50.18],[11.7,49.91],[11.2,49.78],[11.28,49.52],[11.03,49.45],[11.03,49.25],[11.28,49.18],[10.86,49.05],[11.03,48.99],[10.94,48.85],[10.61,48.92],[10.36,49.25],[10.03,49.12],[10.03,48.99],[10.28,48.85],[10.28,48.72],[10.44,48.59],[10.53,48.26],[10.2,48.26],[10.12,48.06],[10.36,47.99],[10.53,48.19],[10.45,47.8],[10.69,47.73],[10.61,47.6],[10.69,47.6],[10.69,47.53],[10.78,47.53],[10.86,47.53],[10.94,47.53],[11.27,47.6]],[[10.28,48.32],[10.2,48.46],[10.11,48.46],[10.11,48.32],[10.28,48.32]],[[9.45,48.19],[9.78,48.32],[10.03,48.26],[10.03,48.39],[9.95,48.39],[9.95,48.46],[9.45,48.46],[9.45,48.19]],[[9.2,48.26],[9.37,48.26],[9.37,48.39],[9.28,48.39],[9.2,48.39],[9.2,48.26]]],[[[3.64,50.25],[3.64,50.31],[3.63,50.38],[3.97,50.38],[4.14,50.25],[4.15,50.05],[4.07,50.05],[4.07,49.98],[3.99,49.98],[3.98,50.05],[3.9,50.05],[3.82,50.05],[3.81,50.11],[3.73,50.11],[3.73,50.18],[3.64,50.18],[3.64,50.25]]],[[[12.55,50.91],[12.81,50.98],[12.8,50.78],[12.72,50.78],[12.72,50.71],[12.8,50.65],[12.63,50.65],[12.55,50.91]]],[[[12.05,51.31],[12.22,51.25],[12.22,51.05],[11.96,51.05],[11.96,51.11],[11.88,51.18],[12.05,51.31]]],[[[14.02,48.59],[14.01,48.52],[13.93,48.52],[13.93,48.46],[13.85,48.46],[13.77,48.59],[13.27,48.59],[13.19,48.85],[13.36,48.85],[13.36,48.99],[13.44,48.99],[13.53,48.99],[13.52,48.92],[13.61,48.92],[14.1,48.65],[14.1,48.59],[14.02,48.59]]],[[[14.17,51.58],[14.33,51.25],[14.16,51.11],[13.99,51.18],[14.08,51.18],[14.08,51.31],[13.91,51.38],[14.17,51.58]]]]},"properties":{"id":"territory:Holy Roman Empire Minor States:1333","name":"신성로마제국 소국","name_en":"Holy Roman Empire Minor States","actor":"기타중립","valid_from":1333,"valid_to":1344,"wikidata":"Q12548","area":532744,"src":"cliopatria","confidence":"medium"}},{"type":"Feature","geometry":{"type":"Point","coordinates":[9.483,49.591]},"properties":{"id":"territory:Holy Roman Empire Minor States:1333:label","name":"신성로마제국 소국","name_en":"Holy Roman Empire Minor States","actor":"기타중립","valid_from":1333,"valid_to":1344,"wikidata":"Q12548","area":532744,"src":"cliopatria","confidence":"medium"}},{"type":"Feature","geometry":{"type":"MultiPolygon","coordinates":[[[[-3.44,59.02],[-3.38,59.22],[-3.2,59.22],[-3.09,59.09],[-2.81,59.02],[-2.79,58.88],[-2.97,58.88],[-3.06,58.88],[-3.42,58.81],[-3.53,59.02],[-3.44,59.02]]],[[[-2.58,59.36],[-2.56,59.22],[-2.65,59.22],[-2.64,59.16],[-2.83,59.16],[-2.84,59.29],[-2.58,59.36]]],[[[-0.81,60.63],[-1.16,60.56],[-1.05,60.35],[-1.14,60.35],[-1.2,60.07],[-1.67,60.21],[-1.63,60.63],[-1.36,60.7],[-1.35,60.56],[-1.26,60.56],[-1.28,60.77],[-0.83,60.84],[-0.81,60.63]]],[[[-6.74,61.62],[-6.72,61.48],[-6.71,61.41],[-6.99,61.48],[-7.02,61.62],[-6.74,61.62]]],[[[-6.96,62.4],[-6.77,62.33],[-6.66,62.26],[-6.69,61.9],[-6.79,61.9],[-7.28,62.05],[-7.32,62.33],[-6.96,62.4]]],[[[23.11,70.1],[23.1,70.02],[22.49,70.02],[22.46,69.87],[21.97,69.95],[22.05,69.79],[21.66,69.87],[21.33,69.72],[20.93,69.72],[20.71,69.56],[20.5,69.56],[20.53,69.79],[20.43,69.79],[20.29,69.49],[20.0,69.56],[19.78,69.41],[19.38,69.41],[18.54,69.11],[18.43,68.95],[17.91,68.8],[18.0,68.65],[17.6,68.65],[17.59,68.5],[17.29,68.5],[17.27,68.27],[17.06,68.12],[17.16,68.12],[17.15,68.05],[17.05,68.05],[17.04,67.97],[16.94,67.97],[16.94,67.89],[16.84,67.89],[16.83,67.82],[16.74,67.82],[16.74,67.89],[16.64,67.82],[16.43,67.74],[16.53,67.74],[16.53,67.67],[16.43,67.67],[16.43,67.74],[16.23,67.67],[16.32,67.52],[15.72,67.37],[15.0,66.77],[14.8,66.77],[13.79,65.96],[13.6,65.96],[13.2,65.66],[13.19,65.3],[13.28,65.22],[14.34,65.3],[14.52,65.15],[14.91,65.15],[15.18,64.93],[15.38,64.93],[15.56,64.79],[15.55,64.64],[15.85,64.86],[15.93,64.64],[16.4,64.49],[16.48,64.35],[16.58,64.35],[16.46,64.06],[16.26,63.91],[15.5,63.84],[15.49,63.7],[15.77,63.48],[16.51,63.26],[16.59,63.12],[16.1,62.76],[14.69,62.62],[14.68,62.4],[15.23,62.19],[15.21,61.97],[14.75,61.97],[14.74,61.69],[14.35,61.26],[14.51,60.7],[14.42,60.7],[14.4,60.42],[14.31,60.42],[14.29,59.85],[14.38,59.85],[14.28,59.5],[14.36,59.43],[14.27,59.43],[14.16,58.95],[14.25,58.95],[14.25,58.81],[14.6,58.67],[14.6,58.53],[14.04,58.04],[13.59,58.04],[13.59,57.83],[13.67,57.83],[13.58,57.63],[12.95,57.28],[12.33,57.77],[11.98,57.77],[11.8,57.63],[11.8,57.7],[11.71,57.7],[11.71,58.11],[11.45,58.11],[11.45,58.32],[11.18,58.39],[11.1,59.16],[10.83,59.16],[10.56,59.36],[10.56,59.64],[10.37,59.5],[10.47,59.43],[10.37,59.16],[10.19,59.16],[10.01,58.95],[9.65,59.02],[9.56,58.88],[9.38,58.88],[9.38,58.74],[9.11,58.74],[9.11,58.6],[8.93,58.6],[8.67,58.32],[7.6,57.97],[6.61,58.04],[6.52,58.25],[5.7,58.46],[5.51,58.6],[5.5,59.02],[5.95,59.02],[6.03,59.36],[5.84,59.43],[5.85,59.29],[5.21,59.29],[5.28,59.78],[5.19,59.78],[5.18,60.0],[5.45,60.14],[5.26,60.28],[4.9,60.21],[4.89,60.42],[5.16,60.49],[4.95,61.05],[5.13,61.19],[5.03,61.19],[4.93,61.48],[5.2,61.62],[4.92,61.62],[4.91,61.76],[5.19,61.9],[5.08,62.26],[5.45,62.19],[5.44,62.4],[5.72,62.4],[5.73,62.19],[5.92,62.19],[5.91,62.4],[6.56,62.47],[6.64,62.76],[7.4,62.62],[7.39,62.76],[6.92,62.83],[6.92,63.05],[7.95,63.05],[7.94,63.19],[8.23,63.19],[8.22,63.34],[7.75,63.34],[7.84,63.55],[8.22,63.48],[8.5,63.7],[9.07,63.7],[8.98,63.48],[9.26,63.41],[9.35,63.62],[9.54,63.62],[9.54,63.91],[9.92,63.99],[9.92,64.13],[10.3,64.28],[10.3,64.42],[10.87,64.64],[11.16,64.64],[11.35,64.49],[11.44,64.57],[11.35,64.86],[11.45,64.86],[11.45,65.0],[11.74,65.08],[11.84,65.22],[12.13,65.15],[12.04,65.44],[12.13,65.44],[12.14,65.59],[12.53,65.74],[12.53,65.88],[12.34,65.88],[12.44,66.11],[12.34,66.11],[12.35,66.25],[12.64,66.25],[12.63,66.11],[12.82,66.03],[12.93,66.25],[13.12,66.25],[12.94,66.62],[13.23,66.62],[13.24,66.77],[13.63,66.77],[13.54,67.0],[13.64,67.07],[14.13,67.07],[14.44,67.3],[14.55,67.52],[14.95,67.67],[15.07,67.97],[15.36,67.97],[15.58,68.27],[15.88,68.27],[15.88,68.35],[15.09,68.42],[14.98,68.27],[14.19,68.2],[14.19,68.35],[14.4,68.5],[14.9,68.57],[14.91,68.73],[14.41,68.65],[14.42,68.8],[14.93,68.95],[15.03,69.11],[15.33,69.03],[15.32,68.8],[15.52,68.8],[15.44,69.18],[15.75,69.33],[16.15,69.33],[16.14,69.18],[15.94,69.11],[15.92,68.88],[16.62,68.88],[16.61,68.73],[17.21,68.8],[17.23,69.03],[17.33,69.03],[17.32,68.88],[17.52,68.88],[17.65,69.18],[17.04,69.11],[16.96,69.33],[16.86,69.33],[16.87,69.49],[17.89,69.64],[17.98,69.49],[18.58,69.49],[18.59,69.56],[18.19,69.56],[18.2,69.72],[18.82,69.79],[18.72,69.87],[18.75,70.1],[18.86,70.18],[19.66,70.1],[19.59,70.33],[19.79,70.33],[19.88,70.26],[19.84,69.87],[20.04,69.87],[20.16,70.02],[20.36,70.02],[20.29,70.26],[20.81,70.33],[20.77,70.02],[21.77,69.95],[21.79,70.1],[21.38,70.1],[21.43,70.41],[22.03,70.33],[22.02,70.26],[22.33,70.33],[22.47,70.57],[22.37,70.57],[22.41,70.8],[23.44,70.88],[23.3,70.64],[23.5,70.64],[23.63,70.8],[24.33,70.72],[24.27,70.95],[25.21,71.03],[25.3,70.95],[25.34,71.19],[25.56,71.27],[26.06,71.19],[25.88,70.8],[25.34,70.64],[25.22,70.57],[25.3,70.41],[24.95,70.18],[24.15,70.26],[23.93,70.18],[23.83,70.18],[23.53,70.18],[23.5,70.02],[23.11,70.1]],[[17.06,68.12],[16.95,68.05],[17.05,68.05],[17.06,68.12]],[[16.95,68.04],[16.85,67.97],[16.94,67.97],[16.95,68.04]],[[16.85,67.97],[16.74,67.89],[16.84,67.89],[16.85,67.97]]],[[[-20.54,66.18],[-20.05,66.18],[-20.01,66.03],[-19.55,65.81],[-19.57,66.18],[-19.18,66.18],[-19.2,66.25],[-18.72,66.25],[-18.36,66.03],[-18.43,66.25],[-18.04,66.25],[-17.59,66.03],[-17.46,66.25],[-16.66,66.18],[-16.67,66.55],[-15.79,66.55],[-15.61,66.25],[-15.34,66.33],[-15.36,66.4],[-15.07,66.4],[-14.99,66.11],[-14.7,66.11],[-14.64,65.88],[-14.72,65.81],[-14.33,65.81],[-14.29,65.66],[-13.7,65.59],[-13.64,65.37],[-13.72,65.3],[-13.51,65.22],[-13.47,65.08],[-13.93,65.0],[-13.88,64.79],[-14.07,64.79],[-14.05,64.71],[-14.43,64.71],[-14.47,64.49],[-14.74,64.42],[-14.8,64.28],[-15.27,64.28],[-15.5,64.42],[-15.46,64.28],[-16.09,64.13],[-16.07,64.06],[-16.6,63.91],[-16.58,63.84],[-17.7,63.77],[-18.16,63.41],[-19.39,63.41],[-19.81,63.55],[-20.37,63.55],[-20.53,63.77],[-21.15,63.91],[-22.8,63.77],[-22.9,64.06],[-22.83,64.13],[-22.33,64.06],[-22.36,64.13],[-22.17,64.13],[-22.02,64.28],[-22.1,64.49],[-22.5,64.57],[-22.58,64.79],[-23.98,64.71],[-24.16,64.93],[-22.61,65.15],[-22.59,65.37],[-22.03,65.44],[-22.06,65.52],[-23.31,65.52],[-23.28,65.44],[-24.03,65.37],[-24.37,65.52],[-24.42,65.66],[-24.13,65.66],[-24.21,65.88],[-23.8,65.81],[-23.91,66.11],[-23.62,66.11],[-23.67,66.25],[-23.28,66.25],[-22.94,66.11],[-23.17,66.48],[-22.97,66.48],[-23.0,66.55],[-22.61,66.55],[-21.48,66.11],[-21.38,65.52],[-21.26,65.44],[-20.97,65.74],[-20.78,65.74],[-20.76,65.66],[-20.54,65.59],[-20.4,65.74],[-20.54,66.18]]],[[[12.79,68.05],[12.89,68.05],[12.89,68.12],[13.19,68.12],[13.19,67.97],[12.79,67.89],[12.79,68.05]]],[[[13.59,68.12],[13.58,68.05],[13.39,68.05],[13.39,68.12],[13.39,68.2],[13.7,68.42],[14.1,68.42],[14.09,68.2],[13.59,68.12]]],[[[16.43,67.67],[16.42,67.59],[16.32,67.59],[16.33,67.67],[16.43,67.67]]],[[[16.74,67.82],[16.73,67.74],[16.63,67.74],[16.64,67.82],[16.74,67.82]]],[[[28.68,70.95],[29.29,70.95],[29.36,70.8],[30.07,70.8],[30.24,70.64],[30.65,70.64],[30.63,70.57],[31.12,70.49],[30.96,70.26],[30.43,70.18],[30.33,70.18],[30.47,70.33],[28.37,70.49],[28.44,70.8],[28.68,70.95]]],[[[26.75,71.03],[26.68,70.72],[26.56,70.64],[26.96,70.57],[27.09,70.72],[27.01,70.8],[27.23,70.88],[27.38,71.11],[28.22,71.19],[28.2,71.11],[28.49,71.03],[28.46,70.88],[28.25,70.88],[28.3,70.64],[28.06,70.49],[26.21,70.41],[26.11,70.41],[25.37,70.26],[25.41,70.49],[26.44,71.03],[26.75,71.03]]]]},"properties":{"id":"territory:Old Kingdom of Norway:1333","name":"노르웨이 왕국","name_en":"Old Kingdom of Norway","actor":"기타중립","valid_from":1333,"valid_to":1344,"wikidata":"Q202266","area":519922,"src":"cliopatria","confidence":"medium"}},{"type":"Feature","geometry":{"type":"MultiPolygon","coordinates":[[[[-3.44,59.02],[-3.38,59.22],[-3.2,59.22],[-3.09,59.09],[-2.81,59.02],[-2.79,58.88],[-2.97,58.88],[-3.06,58.88],[-3.42,58.81],[-3.53,59.02],[-3.44,59.02]]],[[[-2.58,59.36],[-2.56,59.22],[-2.65,59.22],[-2.64,59.16],[-2.83,59.16],[-2.84,59.29],[-2.58,59.36]]],[[[-0.81,60.63],[-1.16,60.56],[-1.05,60.35],[-1.14,60.35],[-1.2,60.07],[-1.67,60.21],[-1.63,60.63],[-1.36,60.7],[-1.35,60.56],[-1.26,60.56],[-1.28,60.77],[-0.83,60.84],[-0.81,60.63]]],[[[-6.74,61.62],[-6.72,61.48],[-6.71,61.41],[-6.99,61.48],[-7.02,61.62],[-6.74,61.62]]],[[[-6.96,62.4],[-6.77,62.33],[-6.66,62.26],[-6.69,61.9],[-6.79,61.9],[-7.28,62.05],[-7.32,62.33],[-6.96,62.4]]],[[[23.11,70.1],[23.1,70.02],[22.49,70.02],[22.46,69.87],[21.97,69.95],[22.05,69.79],[21.66,69.87],[21.33,69.72],[20.93,69.72],[20.71,69.56],[20.5,69.56],[20.53,69.79],[20.43,69.79],[20.29,69.49],[20.0,69.56],[19.78,69.41],[19.38,69.41],[18.54,69.11],[18.43,68.95],[17.91,68.8],[18.0,68.65],[17.6,68.65],[17.59,68.5],[17.29,68.5],[17.27,68.27],[17.06,68.12],[17.16,68.12],[17.15,68.05],[17.05,68.05],[17.04,67.97],[16.94,67.97],[16.94,67.89],[16.84,67.89],[16.83,67.82],[16.74,67.82],[16.74,67.89],[16.64,67.82],[16.43,67.74],[16.53,67.74],[16.53,67.67],[16.43,67.67],[16.43,67.74],[16.23,67.67],[16.32,67.52],[15.72,67.37],[15.0,66.77],[14.8,66.77],[13.79,65.96],[13.6,65.96],[13.2,65.66],[13.19,65.3],[13.28,65.22],[14.34,65.3],[14.52,65.15],[14.91,65.15],[15.18,64.93],[15.38,64.93],[15.56,64.79],[15.55,64.64],[15.85,64.86],[15.93,64.64],[16.4,64.49],[16.48,64.35],[16.58,64.35],[16.46,64.06],[16.26,63.91],[15.5,63.84],[15.49,63.7],[15.77,63.48],[16.51,63.26],[16.59,63.12],[16.1,62.76],[14.69,62.62],[14.68,62.4],[15.23,62.19],[15.21,61.97],[14.75,61.97],[14.74,61.69],[14.35,61.26],[14.51,60.7],[14.42,60.7],[14.4,60.42],[14.31,60.42],[14.29,59.85],[14.38,59.85],[14.28,59.5],[14.36,59.43],[14.27,59.43],[14.16,58.95],[14.25,58.95],[14.25,58.81],[14.6,58.67],[14.6,58.53],[14.04,58.04],[13.59,58.04],[13.59,57.83],[13.67,57.83],[13.58,57.63],[12.95,57.28],[12.33,57.77],[11.98,57.77],[11.8,57.63],[11.8,57.7],[11.71,57.7],[11.71,58.11],[11.45,58.11],[11.45,58.32],[11.18,58.39],[11.1,59.16],[10.83,59.16],[10.56,59.36],[10.56,59.64],[10.37,59.5],[10.47,59.43],[10.37,59.16],[10.19,59.16],[10.01,58.95],[9.65,59.02],[9.56,58.88],[9.38,58.88],[9.38,58.74],[9.11,58.74],[9.11,58.6],[8.93,58.6],[8.67,58.32],[7.6,57.97],[6.61,58.04],[6.52,58.25],[5.7,58.46],[5.51,58.6],[5.5,59.02],[5.95,59.02],[6.03,59.36],[5.84,59.43],[5.85,59.29],[5.21,59.29],[5.28,59.78],[5.19,59.78],[5.18,60.0],[5.45,60.14],[5.26,60.28],[4.9,60.21],[4.89,60.42],[5.16,60.49],[4.95,61.05],[5.13,61.19],[5.03,61.19],[4.93,61.48],[5.2,61.62],[4.92,61.62],[4.91,61.76],[5.19,61.9],[5.08,62.26],[5.45,62.19],[5.44,62.4],[5.72,62.4],[5.73,62.19],[5.92,62.19],[5.91,62.4],[6.56,62.47],[6.64,62.76],[7.4,62.62],[7.39,62.76],[6.92,62.83],[6.92,63.05],[7.95,63.05],[7.94,63.19],[8.23,63.19],[8.22,63.34],[7.75,63.34],[7.84,63.55],[8.22,63.48],[8.5,63.7],[9.07,63.7],[8.98,63.48],[9.26,63.41],[9.35,63.62],[9.54,63.62],[9.54,63.91],[9.92,63.99],[9.92,64.13],[10.3,64.28],[10.3,64.42],[10.87,64.64],[11.16,64.64],[11.35,64.49],[11.44,64.57],[11.35,64.86],[11.45,64.86],[11.45,65.0],[11.74,65.08],[11.84,65.22],[12.13,65.15],[12.04,65.44],[12.13,65.44],[12.14,65.59],[12.53,65.74],[12.53,65.88],[12.34,65.88],[12.44,66.11],[12.34,66.11],[12.35,66.25],[12.64,66.25],[12.63,66.11],[12.82,66.03],[12.93,66.25],[13.12,66.25],[12.94,66.62],[13.23,66.62],[13.24,66.77],[13.63,66.77],[13.54,67.0],[13.64,67.07],[14.13,67.07],[14.44,67.3],[14.55,67.52],[14.95,67.67],[15.07,67.97],[15.36,67.97],[15.58,68.27],[15.88,68.27],[15.88,68.35],[15.09,68.42],[14.98,68.27],[14.19,68.2],[14.19,68.35],[14.4,68.5],[14.9,68.57],[14.91,68.73],[14.41,68.65],[14.42,68.8],[14.93,68.95],[15.03,69.11],[15.33,69.03],[15.32,68.8],[15.52,68.8],[15.44,69.18],[15.75,69.33],[16.15,69.33],[16.14,69.18],[15.94,69.11],[15.92,68.88],[16.62,68.88],[16.61,68.73],[17.21,68.8],[17.23,69.03],[17.33,69.03],[17.32,68.88],[17.52,68.88],[17.65,69.18],[17.04,69.11],[16.96,69.33],[16.86,69.33],[16.87,69.49],[17.89,69.64],[17.98,69.49],[18.58,69.49],[18.59,69.56],[18.19,69.56],[18.2,69.72],[18.82,69.79],[18.72,69.87],[18.75,70.1],[18.86,70.18],[19.66,70.1],[19.59,70.33],[19.79,70.33],[19.88,70.26],[19.84,69.87],[20.04,69.87],[20.16,70.02],[20.36,70.02],[20.29,70.26],[20.81,70.33],[20.77,70.02],[21.77,69.95],[21.79,70.1],[21.38,70.1],[21.43,70.41],[22.03,70.33],[22.02,70.26],[22.33,70.33],[22.47,70.57],[22.37,70.57],[22.41,70.8],[23.44,70.88],[23.3,70.64],[23.5,70.64],[23.63,70.8],[24.33,70.72],[24.27,70.95],[25.21,71.03],[25.3,70.95],[25.34,71.19],[25.56,71.27],[26.06,71.19],[25.88,70.8],[25.34,70.64],[25.22,70.57],[25.3,70.41],[24.95,70.18],[24.15,70.26],[23.93,70.18],[23.83,70.18],[23.53,70.18],[23.5,70.02],[23.11,70.1]],[[17.06,68.12],[16.95,68.05],[17.05,68.05],[17.06,68.12]],[[16.95,68.04],[16.85,67.97],[16.94,67.97],[16.95,68.04]],[[16.85,67.97],[16.74,67.89],[16.84,67.89],[16.85,67.97]]],[[[-20.54,66.18],[-20.05,66.18],[-20.01,66.03],[-19.55,65.81],[-19.57,66.18],[-19.18,66.18],[-19.2,66.25],[-18.72,66.25],[-18.36,66.03],[-18.43,66.25],[-18.04,66.25],[-17.59,66.03],[-17.46,66.25],[-16.66,66.18],[-16.67,66.55],[-15.79,66.55],[-15.61,66.25],[-15.34,66.33],[-15.36,66.4],[-15.07,66.4],[-14.99,66.11],[-14.7,66.11],[-14.64,65.88],[-14.72,65.81],[-14.33,65.81],[-14.29,65.66],[-13.7,65.59],[-13.64,65.37],[-13.72,65.3],[-13.51,65.22],[-13.47,65.08],[-13.93,65.0],[-13.88,64.79],[-14.07,64.79],[-14.05,64.71],[-14.43,64.71],[-14.47,64.49],[-14.74,64.42],[-14.8,64.28],[-15.27,64.28],[-15.5,64.42],[-15.46,64.28],[-16.09,64.13],[-16.07,64.06],[-16.6,63.91],[-16.58,63.84],[-17.7,63.77],[-18.16,63.41],[-19.39,63.41],[-19.81,63.55],[-20.37,63.55],[-20.53,63.77],[-21.15,63.91],[-22.8,63.77],[-22.9,64.06],[-22.83,64.13],[-22.33,64.06],[-22.36,64.13],[-22.17,64.13],[-22.02,64.28],[-22.1,64.49],[-22.5,64.57],[-22.58,64.79],[-23.98,64.71],[-24.16,64.93],[-22.61,65.15],[-22.59,65.37],[-22.03,65.44],[-22.06,65.52],[-23.31,65.52],[-23.28,65.44],[-24.03,65.37],[-24.37,65.52],[-24.42,65.66],[-24.13,65.66],[-24.21,65.88],[-23.8,65.81],[-23.91,66.11],[-23.62,66.11],[-23.67,66.25],[-23.28,66.25],[-22.94,66.11],[-23.17,66.48],[-22.97,66.48],[-23.0,66.55],[-22.61,66.55],[-21.48,66.11],[-21.38,65.52],[-21.26,65.44],[-20.97,65.74],[-20.78,65.74],[-20.76,65.66],[-20.54,65.59],[-20.4,65.74],[-20.54,66.18]]],[[[12.79,68.05],[12.89,68.05],[12.89,68.12],[13.19,68.12],[13.19,67.97],[12.79,67.89],[12.79,68.05]]],[[[13.59,68.12],[13.58,68.05],[13.39,68.05],[13.39,68.12],[13.39,68.2],[13.7,68.42],[14.1,68.42],[14.09,68.2],[13.59,68.12]]],[[[16.43,67.67],[16.42,67.59],[16.32,67.59],[16.33,67.67],[16.43,67.67]]],[[[16.74,67.82],[16.73,67.74],[16.63,67.74],[16.64,67.82],[16.74,67.82]]],[[[28.68,70.95],[29.29,70.95],[29.36,70.8],[30.07,70.8],[30.24,70.64],[30.65,70.64],[30.63,70.57],[31.12,70.49],[30.96,70.26],[30.43,70.18],[30.33,70.18],[30.47,70.33],[28.37,70.49],[28.44,70.8],[28.68,70.95]]],[[[26.75,71.03],[26.68,70.72],[26.56,70.64],[26.96,70.57],[27.09,70.72],[27.01,70.8],[27.23,70.88],[27.38,71.11],[28.22,71.19],[28.2,71.11],[28.49,71.03],[28.46,70.88],[28.25,70.88],[28.3,70.64],[28.06,70.49],[26.21,70.41],[26.11,70.41],[25.37,70.26],[25.41,70.49],[26.44,71.03],[26.75,71.03]]]]},"properties":{"id":"territory:Old Kingdom of Norway:1363","name":"노르웨이 왕국","name_en":"Old Kingdom of Norway","actor":"기타중립","valid_from":1363,"valid_to":1395,"wikidata":"Q202266","area":519922,"src":"cliopatria","confidence":"medium"}},{"type":"Feature","geometry":{"type":"MultiPolygon","coordinates":[[[[-3.44,59.02],[-3.38,59.22],[-3.2,59.22],[-3.09,59.09],[-2.81,59.02],[-2.79,58.88],[-2.97,58.88],[-3.06,58.88],[-3.42,58.81],[-3.53,59.02],[-3.44,59.02]]],[[[-2.58,59.36],[-2.56,59.22],[-2.65,59.22],[-2.64,59.16],[-2.83,59.16],[-2.84,59.29],[-2.58,59.36]]],[[[-0.81,60.63],[-1.16,60.56],[-1.05,60.35],[-1.14,60.35],[-1.2,60.07],[-1.67,60.21],[-1.63,60.63],[-1.36,60.7],[-1.35,60.56],[-1.26,60.56],[-1.28,60.77],[-0.83,60.84],[-0.81,60.63]]],[[[-6.74,61.62],[-6.72,61.48],[-6.71,61.41],[-6.99,61.48],[-7.02,61.62],[-6.74,61.62]]],[[[-6.96,62.4],[-6.77,62.33],[-6.66,62.26],[-6.69,61.9],[-6.79,61.9],[-7.28,62.05],[-7.32,62.33],[-6.96,62.4]]],[[[23.11,70.1],[23.1,70.02],[22.49,70.02],[22.46,69.87],[21.97,69.95],[22.05,69.79],[21.66,69.87],[21.33,69.72],[20.93,69.72],[20.71,69.56],[20.5,69.56],[20.53,69.79],[20.43,69.79],[20.29,69.49],[20.0,69.56],[19.78,69.41],[19.38,69.41],[18.54,69.11],[18.43,68.95],[17.91,68.8],[18.0,68.65],[17.6,68.65],[17.59,68.5],[17.29,68.5],[17.27,68.27],[17.06,68.12],[17.16,68.12],[17.15,68.05],[17.05,68.05],[17.04,67.97],[16.94,67.97],[16.94,67.89],[16.84,67.89],[16.83,67.82],[16.74,67.82],[16.74,67.89],[16.64,67.82],[16.43,67.74],[16.53,67.74],[16.53,67.67],[16.43,67.67],[16.43,67.74],[16.23,67.67],[16.32,67.52],[15.72,67.37],[15.0,66.77],[14.8,66.77],[13.79,65.96],[13.6,65.96],[13.2,65.66],[13.19,65.3],[13.28,65.22],[14.34,65.3],[14.52,65.15],[14.91,65.15],[15.18,64.93],[15.38,64.93],[15.56,64.79],[15.55,64.64],[15.85,64.86],[15.93,64.64],[16.4,64.49],[16.48,64.35],[16.58,64.35],[16.46,64.06],[16.26,63.91],[15.5,63.84],[15.49,63.7],[15.77,63.48],[16.51,63.26],[16.59,63.12],[16.1,62.76],[14.69,62.62],[14.68,62.4],[15.23,62.19],[15.21,61.97],[14.75,61.97],[14.74,61.69],[14.35,61.26],[14.51,60.7],[14.42,60.7],[14.4,60.42],[14.31,60.42],[14.29,59.85],[14.38,59.85],[14.28,59.5],[14.36,59.43],[14.27,59.43],[14.16,58.95],[14.25,58.95],[14.25,58.81],[14.6,58.67],[14.6,58.53],[14.04,58.04],[13.59,58.04],[13.59,57.83],[13.67,57.83],[13.58,57.63],[12.95,57.28],[12.33,57.77],[11.98,57.77],[11.8,57.63],[11.8,57.7],[11.71,57.7],[11.71,58.11],[11.45,58.11],[11.45,58.32],[11.18,58.39],[11.1,59.16],[10.83,59.16],[10.56,59.36],[10.56,59.64],[10.37,59.5],[10.47,59.43],[10.37,59.16],[10.19,59.16],[10.01,58.95],[9.65,59.02],[9.56,58.88],[9.38,58.88],[9.38,58.74],[9.11,58.74],[9.11,58.6],[8.93,58.6],[8.67,58.32],[7.6,57.97],[6.61,58.04],[6.52,58.25],[5.7,58.46],[5.51,58.6],[5.5,59.02],[5.95,59.02],[6.03,59.36],[5.84,59.43],[5.85,59.29],[5.21,59.29],[5.28,59.78],[5.19,59.78],[5.18,60.0],[5.45,60.14],[5.26,60.28],[4.9,60.21],[4.89,60.42],[5.16,60.49],[4.95,61.05],[5.13,61.19],[5.03,61.19],[4.93,61.48],[5.2,61.62],[4.92,61.62],[4.91,61.76],[5.19,61.9],[5.08,62.26],[5.45,62.19],[5.44,62.4],[5.72,62.4],[5.73,62.19],[5.92,62.19],[5.91,62.4],[6.56,62.47],[6.64,62.76],[7.4,62.62],[7.39,62.76],[6.92,62.83],[6.92,63.05],[7.95,63.05],[7.94,63.19],[8.23,63.19],[8.22,63.34],[7.75,63.34],[7.84,63.55],[8.22,63.48],[8.5,63.7],[9.07,63.7],[8.98,63.48],[9.26,63.41],[9.35,63.62],[9.54,63.62],[9.54,63.91],[9.92,63.99],[9.92,64.13],[10.3,64.28],[10.3,64.42],[10.87,64.64],[11.16,64.64],[11.35,64.49],[11.44,64.57],[11.35,64.86],[11.45,64.86],[11.45,65.0],[11.74,65.08],[11.84,65.22],[12.13,65.15],[12.04,65.44],[12.13,65.44],[12.14,65.59],[12.53,65.74],[12.53,65.88],[12.34,65.88],[12.44,66.11],[12.34,66.11],[12.35,66.25],[12.64,66.25],[12.63,66.11],[12.82,66.03],[12.93,66.25],[13.12,66.25],[12.94,66.62],[13.23,66.62],[13.24,66.77],[13.63,66.77],[13.54,67.0],[13.64,67.07],[14.13,67.07],[14.44,67.3],[14.55,67.52],[14.95,67.67],[15.07,67.97],[15.36,67.97],[15.58,68.27],[15.88,68.27],[15.88,68.35],[15.09,68.42],[14.98,68.27],[14.19,68.2],[14.19,68.35],[14.4,68.5],[14.9,68.57],[14.91,68.73],[14.41,68.65],[14.42,68.8],[14.93,68.95],[15.03,69.11],[15.33,69.03],[15.32,68.8],[15.52,68.8],[15.44,69.18],[15.75,69.33],[16.15,69.33],[16.14,69.18],[15.94,69.11],[15.92,68.88],[16.62,68.88],[16.61,68.73],[17.21,68.8],[17.23,69.03],[17.33,69.03],[17.32,68.88],[17.52,68.88],[17.65,69.18],[17.04,69.11],[16.96,69.33],[16.86,69.33],[16.87,69.49],[17.89,69.64],[17.98,69.49],[18.58,69.49],[18.59,69.56],[18.19,69.56],[18.2,69.72],[18.82,69.79],[18.72,69.87],[18.75,70.1],[18.86,70.18],[19.66,70.1],[19.59,70.33],[19.79,70.33],[19.88,70.26],[19.84,69.87],[20.04,69.87],[20.16,70.02],[20.36,70.02],[20.29,70.26],[20.81,70.33],[20.77,70.02],[21.77,69.95],[21.79,70.1],[21.38,70.1],[21.43,70.41],[22.03,70.33],[22.02,70.26],[22.33,70.33],[22.47,70.57],[22.37,70.57],[22.41,70.8],[23.44,70.88],[23.3,70.64],[23.5,70.64],[23.63,70.8],[24.33,70.72],[24.27,70.95],[25.21,71.03],[25.3,70.95],[25.34,71.19],[25.56,71.27],[26.06,71.19],[25.88,70.8],[25.34,70.64],[25.22,70.57],[25.3,70.41],[24.95,70.18],[24.15,70.26],[23.93,70.18],[23.83,70.18],[23.53,70.18],[23.5,70.02],[23.11,70.1]],[[17.06,68.12],[16.95,68.05],[17.05,68.05],[17.06,68.12]],[[16.95,68.04],[16.85,67.97],[16.94,67.97],[16.95,68.04]],[[16.85,67.97],[16.74,67.89],[16.84,67.89],[16.85,67.97]]],[[[-20.05,66.18],[-20.01,66.03],[-19.55,65.81],[-19.57,66.18],[-19.18,66.18],[-19.2,66.25],[-18.72,66.25],[-18.36,66.03],[-18.43,66.25],[-18.04,66.25],[-17.59,66.03],[-17.46,66.25],[-16.66,66.18],[-16.67,66.55],[-15.79,66.55],[-15.61,66.25],[-15.34,66.33],[-15.36,66.4],[-15.07,66.4],[-14.99,66.11],[-14.7,66.11],[-14.64,65.88],[-14.72,65.81],[-14.33,65.81],[-14.29,65.66],[-13.7,65.59],[-13.64,65.37],[-13.72,65.3],[-13.51,65.22],[-13.47,65.08],[-13.93,65.0],[-13.88,64.79],[-14.07,64.79],[-14.05,64.71],[-14.43,64.71],[-14.47,64.49],[-14.74,64.42],[-14.8,64.28],[-15.27,64.28],[-15.5,64.42],[-15.46,64.28],[-16.09,64.13],[-16.07,64.06],[-16.6,63.91],[-16.58,63.84],[-17.7,63.77],[-18.16,63.41],[-19.39,63.41],[-19.81,63.55],[-20.37,63.55],[-20.53,63.77],[-21.15,63.91],[-22.8,63.77],[-22.9,64.06],[-22.83,64.13],[-22.33,64.06],[-22.36,64.13],[-22.17,64.13],[-22.02,64.28],[-22.1,64.49],[-22.5,64.57],[-22.58,64.79],[-23.98,64.71],[-24.16,64.93],[-22.61,65.15],[-22.59,65.37],[-22.03,65.44],[-22.06,65.52],[-23.31,65.52],[-23.28,65.44],[-24.03,65.37],[-24.37,65.52],[-24.42,65.66],[-24.13,65.66],[-24.21,65.88],[-23.8,65.81],[-23.91,66.11],[-23.62,66.11],[-23.67,66.25],[-23.28,66.25],[-22.94,66.11],[-23.17,66.48],[-22.97,66.48],[-23.0,66.55],[-22.61,66.55],[-21.48,66.11],[-21.38,65.52],[-21.26,65.44],[-20.97,65.74],[-20.78,65.74],[-20.76,65.66],[-20.54,65.59],[-20.4,65.74],[-20.54,66.18],[-20.05,66.18]]],[[[12.79,68.05],[12.89,68.05],[12.89,68.12],[13.19,68.12],[13.19,67.97],[12.79,67.89],[12.79,68.05]]],[[[14.09,68.2],[13.59,68.12],[13.58,68.05],[13.39,68.05],[13.39,68.12],[13.39,68.2],[13.7,68.42],[14.1,68.42],[14.09,68.2]]],[[[16.43,67.67],[16.42,67.59],[16.32,67.59],[16.33,67.67],[16.43,67.67]]],[[[16.73,67.74],[16.63,67.74],[16.64,67.82],[16.74,67.82],[16.73,67.74]]],[[[28.68,70.95],[29.29,70.95],[29.36,70.8],[30.07,70.8],[30.24,70.64],[30.65,70.64],[30.63,70.57],[31.12,70.49],[30.96,70.26],[30.43,70.18],[30.33,70.18],[30.47,70.33],[28.37,70.49],[28.44,70.8],[28.68,70.95]]],[[[26.75,71.03],[26.68,70.72],[26.56,70.64],[26.96,70.57],[27.09,70.72],[27.01,70.8],[27.23,70.88],[27.38,71.11],[28.22,71.19],[28.2,71.11],[28.49,71.03],[28.46,70.88],[28.25,70.88],[28.3,70.64],[28.06,70.49],[26.21,70.41],[26.11,70.41],[25.37,70.26],[25.41,70.49],[26.44,71.03],[26.75,71.03]]]]},"properties":{"id":"territory:Old Kingdom of Norway:1395","name":"노르웨이 왕국","name_en":"Old Kingdom of Norway","actor":"기타중립","valid_from":1395,"valid_to":1402,"wikidata":"Q202266","area":519922,"src":"cliopatria","confidence":"medium"}},{"type":"Feature","geometry":{"type":"Point","coordinates":[11.982,62.663]},"properties":{"id":"territory:Old Kingdom of Norway:1333:label","name":"노르웨이 왕국","name_en":"Old Kingdom of Norway","actor":"기타중립","valid_from":1333,"valid_to":1344,"wikidata":"Q202266","area":519922,"src":"cliopatria","confidence":"medium"}},{"type":"Feature","geometry":{"type":"Point","coordinates":[11.982,62.663]},"properties":{"id":"territory:Old Kingdom of Norway:1363:label","name":"노르웨이 왕국","name_en":"Old Kingdom of Norway","actor":"기타중립","valid_from":1363,"valid_to":1395,"wikidata":"Q202266","area":519922,"src":"cliopatria","confidence":"medium"}},{"type":"Feature","geometry":{"type":"Point","coordinates":[11.982,62.663]},"properties":{"id":"territory:Old Kingdom of Norway:1395:label","name":"노르웨이 왕국","name_en":"Old Kingdom of Norway","actor":"기타중립","valid_from":1395,"valid_to":1402,"wikidata":"Q202266","area":519922,"src":"cliopatria","confidence":"medium"}},{"type":"Feature","geometry":{"type":"MultiPolygon","coordinates":[[[[-3.44,59.02],[-3.38,59.22],[-3.2,59.22],[-3.09,59.09],[-2.81,59.02],[-2.79,58.88],[-2.97,58.88],[-3.06,58.88],[-3.42,58.81],[-3.53,59.02],[-3.44,59.02]]],[[[-2.58,59.36],[-2.56,59.22],[-2.65,59.22],[-2.64,59.16],[-2.83,59.16],[-2.84,59.29],[-2.58,59.36]]],[[[-0.81,60.63],[-1.16,60.56],[-1.05,60.35],[-1.14,60.35],[-1.2,60.07],[-1.67,60.21],[-1.63,60.63],[-1.36,60.7],[-1.35,60.56],[-1.26,60.56],[-1.28,60.77],[-0.83,60.84],[-0.81,60.63]]],[[[-6.74,61.62],[-6.72,61.48],[-6.71,61.41],[-6.99,61.48],[-7.02,61.62],[-6.74,61.62]]],[[[-6.96,62.4],[-6.77,62.33],[-6.66,62.26],[-6.69,61.9],[-6.79,61.9],[-7.28,62.05],[-7.32,62.33],[-6.96,62.4]]],[[[23.21,70.1],[22.49,70.02],[22.46,69.87],[21.97,69.95],[22.05,69.79],[21.66,69.87],[21.33,69.72],[20.93,69.72],[20.71,69.56],[20.5,69.56],[20.53,69.79],[20.43,69.79],[20.29,69.49],[20.0,69.56],[19.78,69.41],[19.38,69.41],[18.54,69.11],[18.43,68.95],[17.91,68.8],[18.0,68.65],[17.6,68.65],[17.59,68.5],[17.29,68.5],[17.27,68.27],[17.06,68.12],[17.16,68.12],[17.15,68.05],[17.05,68.05],[17.04,67.97],[16.94,67.97],[16.94,67.89],[16.84,67.89],[16.83,67.82],[16.74,67.82],[16.74,67.89],[16.64,67.82],[16.43,67.74],[16.53,67.74],[16.53,67.67],[16.43,67.67],[16.43,67.74],[16.23,67.67],[16.32,67.52],[15.72,67.37],[15.0,66.77],[14.8,66.77],[13.79,65.96],[13.6,65.96],[13.2,65.66],[13.19,65.3],[13.28,65.22],[14.34,65.3],[14.52,65.15],[14.91,65.15],[15.18,64.93],[15.38,64.93],[15.56,64.79],[15.55,64.64],[15.85,64.86],[15.93,64.64],[16.4,64.49],[16.48,64.35],[16.58,64.35],[16.46,64.06],[16.26,63.91],[15.5,63.84],[15.49,63.7],[15.77,63.48],[16.51,63.26],[16.59,63.12],[16.1,62.76],[14.69,62.62],[14.68,62.4],[15.23,62.19],[15.21,61.97],[14.75,61.97],[14.74,61.69],[14.35,61.26],[14.51,60.7],[14.42,60.7],[14.4,60.42],[14.31,60.42],[14.29,59.85],[14.38,59.85],[14.28,59.5],[14.36,59.43],[14.27,59.43],[14.16,58.95],[14.25,58.95],[14.25,58.81],[14.6,58.67],[14.6,58.53],[14.04,58.04],[13.59,58.04],[13.59,57.83],[13.67,57.83],[13.58,57.63],[12.95,57.28],[12.33,57.77],[11.98,57.77],[11.8,57.63],[11.8,57.7],[11.71,57.7],[11.71,58.11],[11.45,58.11],[11.45,58.32],[11.18,58.39],[11.1,59.16],[10.83,59.16],[10.56,59.36],[10.56,59.64],[10.37,59.5],[10.47,59.43],[10.37,59.16],[10.19,59.16],[10.01,58.95],[9.65,59.02],[9.56,58.88],[9.38,58.88],[9.38,58.74],[9.11,58.74],[9.11,58.6],[8.93,58.6],[8.67,58.32],[7.6,57.97],[6.61,58.04],[6.52,58.25],[5.7,58.46],[5.51,58.6],[5.5,59.02],[5.95,59.02],[6.03,59.36],[5.84,59.43],[5.85,59.29],[5.21,59.29],[5.28,59.78],[5.19,59.78],[5.18,60.0],[5.45,60.14],[5.26,60.28],[4.9,60.21],[4.89,60.42],[5.16,60.49],[4.95,61.05],[5.13,61.19],[5.03,61.19],[4.93,61.48],[5.2,61.62],[4.92,61.62],[4.91,61.76],[5.19,61.9],[5.08,62.26],[5.45,62.19],[5.44,62.4],[5.72,62.4],[5.73,62.19],[5.92,62.19],[5.91,62.4],[6.56,62.47],[6.64,62.76],[7.4,62.62],[7.39,62.76],[6.92,62.83],[6.92,63.05],[7.95,63.05],[7.94,63.19],[8.23,63.19],[8.22,63.34],[7.75,63.34],[7.84,63.55],[8.22,63.48],[8.5,63.7],[9.07,63.7],[8.98,63.48],[9.26,63.41],[9.35,63.62],[9.54,63.62],[9.54,63.91],[9.92,63.99],[9.92,64.13],[10.3,64.28],[10.3,64.42],[10.87,64.64],[11.16,64.64],[11.35,64.49],[11.44,64.57],[11.35,64.86],[11.45,64.86],[11.45,65.0],[11.74,65.08],[11.84,65.22],[12.13,65.15],[12.04,65.44],[12.13,65.44],[12.14,65.59],[12.53,65.74],[12.53,65.88],[12.34,65.88],[12.44,66.11],[12.34,66.11],[12.35,66.25],[12.64,66.25],[12.63,66.11],[12.82,66.03],[12.93,66.25],[13.12,66.25],[12.94,66.62],[13.23,66.62],[13.24,66.77],[13.63,66.77],[13.54,67.0],[13.64,67.07],[14.13,67.07],[14.44,67.3],[14.55,67.52],[14.95,67.67],[15.07,67.97],[15.36,67.97],[15.58,68.27],[15.88,68.27],[15.88,68.35],[15.09,68.42],[14.98,68.27],[14.19,68.2],[14.19,68.35],[14.4,68.5],[14.9,68.57],[14.91,68.73],[14.41,68.65],[14.42,68.8],[14.93,68.95],[15.03,69.11],[15.33,69.03],[15.32,68.8],[15.52,68.8],[15.44,69.18],[15.75,69.33],[16.15,69.33],[16.14,69.18],[15.94,69.11],[15.92,68.88],[16.62,68.88],[16.61,68.73],[17.21,68.8],[17.23,69.03],[17.33,69.03],[17.32,68.88],[17.52,68.88],[17.65,69.18],[17.04,69.11],[16.96,69.33],[16.86,69.33],[16.87,69.49],[17.27,69.49],[17.59,69.64],[17.89,69.64],[17.98,69.49],[18.58,69.49],[18.59,69.56],[18.19,69.56],[18.2,69.72],[18.82,69.79],[18.72,69.87],[18.75,70.1],[18.86,70.18],[19.66,70.1],[19.59,70.33],[19.79,70.33],[19.88,70.26],[19.84,69.87],[20.04,69.87],[20.16,70.02],[20.36,70.02],[20.29,70.26],[20.81,70.33],[20.77,70.02],[21.77,69.95],[21.79,70.1],[21.38,70.1],[21.43,70.41],[22.03,70.33],[22.02,70.26],[22.33,70.33],[22.47,70.57],[22.37,70.57],[22.41,70.8],[23.44,70.88],[23.3,70.64],[23.5,70.64],[23.63,70.8],[24.33,70.72],[24.27,70.95],[24.58,70.95],[24.6,71.03],[25.3,70.95],[25.34,71.19],[25.56,71.27],[26.06,71.19],[25.88,70.8],[25.34,70.64],[25.22,70.57],[25.3,70.41],[24.95,70.18],[24.86,70.26],[23.93,70.18],[23.83,70.18],[23.53,70.18],[23.5,70.02],[23.2,70.02],[23.21,70.1]],[[17.06,68.12],[16.95,68.05],[17.05,68.05],[17.06,68.12]],[[16.95,68.04],[16.85,67.97],[16.94,67.97],[16.95,68.04]],[[16.85,67.97],[16.74,67.89],[16.84,67.89],[16.85,67.97]]],[[[-20.54,66.18],[-20.05,66.18],[-20.01,66.03],[-19.55,65.81],[-19.57,66.18],[-19.18,66.18],[-19.2,66.25],[-18.72,66.25],[-18.36,66.03],[-18.43,66.25],[-18.04,66.25],[-17.59,66.03],[-17.46,66.25],[-16.66,66.18],[-16.67,66.55],[-15.79,66.55],[-15.61,66.25],[-15.34,66.33],[-15.36,66.4],[-15.07,66.4],[-14.99,66.11],[-14.7,66.11],[-14.64,65.88],[-14.72,65.81],[-14.33,65.81],[-14.29,65.66],[-13.7,65.59],[-13.64,65.37],[-13.72,65.3],[-13.51,65.22],[-13.47,65.08],[-13.93,65.0],[-13.88,64.79],[-14.07,64.79],[-14.05,64.71],[-14.43,64.71],[-14.47,64.49],[-14.74,64.42],[-14.8,64.28],[-15.27,64.28],[-15.5,64.42],[-15.46,64.28],[-16.09,64.13],[-16.07,64.06],[-16.6,63.91],[-16.58,63.84],[-17.7,63.77],[-18.16,63.41],[-19.39,63.41],[-19.81,63.55],[-20.37,63.55],[-20.53,63.77],[-21.15,63.91],[-22.8,63.77],[-22.9,64.06],[-22.83,64.13],[-22.33,64.06],[-22.36,64.13],[-22.17,64.13],[-22.02,64.28],[-22.1,64.49],[-22.5,64.57],[-22.58,64.79],[-23.98,64.71],[-24.16,64.93],[-22.61,65.15],[-22.59,65.37],[-22.03,65.44],[-22.06,65.52],[-23.31,65.52],[-23.28,65.44],[-24.03,65.37],[-24.37,65.52],[-24.42,65.66],[-24.13,65.66],[-24.21,65.88],[-23.8,65.81],[-23.91,66.11],[-23.62,66.11],[-23.67,66.25],[-23.28,66.25],[-22.94,66.11],[-23.17,66.48],[-22.97,66.48],[-23.0,66.55],[-22.61,66.55],[-21.48,66.11],[-21.38,65.52],[-21.26,65.44],[-20.97,65.74],[-20.78,65.74],[-20.76,65.66],[-20.54,65.59],[-20.4,65.74],[-20.54,66.18]]],[[[12.79,68.05],[12.89,68.05],[12.89,68.12],[13.19,68.12],[13.19,67.97],[12.79,67.89],[12.79,68.05]]],[[[13.59,68.12],[13.58,68.05],[13.39,68.05],[13.39,68.12],[13.39,68.2],[13.7,68.42],[14.1,68.42],[14.09,68.2],[13.59,68.12]]],[[[16.43,67.67],[16.42,67.59],[16.32,67.59],[16.33,67.67],[16.43,67.67]]],[[[16.74,67.82],[16.73,67.74],[16.63,67.74],[16.64,67.82],[16.74,67.82]]],[[[28.68,70.95],[29.29,70.95],[29.36,70.8],[30.07,70.8],[30.24,70.64],[30.65,70.64],[30.63,70.57],[31.12,70.49],[30.96,70.26],[30.43,70.18],[30.33,70.18],[30.47,70.33],[28.37,70.49],[28.44,70.8],[28.68,70.95]]],[[[26.75,71.03],[26.68,70.72],[26.56,70.64],[26.96,70.57],[27.09,70.72],[27.01,70.8],[27.23,70.88],[27.38,71.11],[28.22,71.19],[28.2,71.11],[28.49,71.03],[28.46,70.88],[28.25,70.88],[28.3,70.64],[28.06,70.49],[26.21,70.41],[26.11,70.41],[25.37,70.26],[25.41,70.49],[26.44,71.03],[26.75,71.03]]]]},"properties":{"id":"territory:Old Kingdom of Norway:1344","name":"노르웨이 왕국","name_en":"Old Kingdom of Norway","actor":"기타중립","valid_from":1344,"valid_to":1363,"wikidata":"Q202266","area":519790,"src":"cliopatria","confidence":"medium"}},{"type":"Feature","geometry":{"type":"Point","coordinates":[11.977,62.659]},"properties":{"id":"territory:Old Kingdom of Norway:1344:label","name":"노르웨이 왕국","name_en":"Old Kingdom of Norway","actor":"기타중립","valid_from":1344,"valid_to":1363,"wikidata":"Q202266","area":519790,"src":"cliopatria","confidence":"medium"}},{"type":"Feature","geometry":{"type":"MultiPolygon","coordinates":[[[[4.6,35.0],[4.6,34.74],[4.45,34.61],[4.46,34.55],[2.92,34.36],[2.45,34.61],[1.29,34.61],[0.68,34.42],[0.45,34.49],[0.3,34.36],[-0.47,34.36],[-0.83,33.91],[-0.99,33.91],[-1.28,33.59],[-1.58,33.46],[-1.57,33.33],[-1.88,33.33],[-2.54,32.75],[-2.84,32.62],[-2.83,32.49],[-3.2,32.24],[-3.19,32.04],[-3.35,32.11],[-3.42,31.91],[-3.64,31.79],[-3.56,31.66],[-3.78,31.59],[-3.77,31.34],[-3.92,31.4],[-4.21,31.14],[-4.21,31.01],[-4.65,30.69],[-4.57,30.56],[-4.87,30.5],[-5.44,29.92],[-5.59,29.92],[-5.88,29.67],[-5.88,29.54],[-6.18,29.54],[-7.2,28.77],[-7.35,28.77],[-7.56,28.51],[-8.01,28.38],[-8.66,27.93],[-8.81,27.99],[-9.18,27.87],[-10.47,27.93],[-11.62,28.25],[-10.98,28.83],[-10.47,29.09],[-10.33,29.34],[-10.04,29.54],[-10.05,29.67],[-9.83,29.79],[-9.63,30.18],[-9.65,30.5],[-9.88,30.56],[-9.86,31.34],[-9.78,31.34],[-9.73,31.72],[-9.51,31.85],[-9.52,31.98],[-9.31,32.17],[-9.33,32.49],[-9.2,32.75],[-8.55,33.33],[-7.13,33.84],[-7.06,33.97],[-6.9,33.91],[-6.61,34.16],[-6.7,34.29],[-6.47,34.36],[-6.48,34.49],[-6.33,34.55],[-6.28,34.87],[-6.2,34.87],[-6.29,35.07],[-6.13,35.0],[-6.15,35.19],[-6.0,35.32],[-5.88,35.77],[-5.34,35.84],[-5.24,35.52],[-4.75,35.19],[-3.13,35.19],[-2.98,35.26],[-2.99,35.45],[-2.84,35.45],[-2.82,35.13],[-2.66,35.07],[-1.89,35.07],[-1.59,35.26],[-1.36,35.26],[-1.14,35.45],[-1.22,35.64],[-1.07,35.58],[-0.92,35.71],[-0.53,35.71],[-0.46,35.84],[0.08,35.84],[0.38,36.22],[0.68,36.29],[0.68,36.42],[0.91,36.35],[1.22,36.55],[1.53,36.48],[2.38,36.67],[2.69,36.61],[2.84,36.74],[3.23,36.74],[3.46,36.87],[3.85,36.8],[4.31,36.93],[4.39,36.93],[4.48,36.67],[4.63,36.61],[4.68,35.0],[4.6,35.0]]],[[[2.61,34.42],[2.53,34.42],[2.53,34.49],[2.61,34.49],[2.61,34.42]]]]},"properties":{"id":"territory:Marinid Sultanate:1344","name":"마린 술탄국","name_en":"Marinid Sultanate","actor":"기타중립","valid_from":1344,"valid_to":1352,"wikidata":"Q582861","area":514801,"src":"cliopatria","confidence":"medium"}},{"type":"Feature","geometry":{"type":"Point","coordinates":[-4.363,32.759]},"properties":{"id":"territory:Marinid Sultanate:1344:label","name":"마린 술탄국","name_en":"Marinid Sultanate","actor":"기타중립","valid_from":1344,"valid_to":1352,"wikidata":"Q582861","area":514801,"src":"cliopatria","confidence":"medium"}},{"type":"Feature","geometry":{"type":"MultiPolygon","coordinates":[[[[11.02,42.63],[11.02,42.82],[10.78,42.95],[10.78,43.15],[10.78,43.21],[10.86,43.41],[11.26,43.47],[11.58,43.34],[11.66,43.15],[11.9,43.15],[11.98,43.15],[12.06,42.76],[11.74,42.63],[11.57,42.37],[11.49,42.37],[11.41,42.37],[11.42,42.43],[11.34,42.43],[11.26,42.43],[11.26,42.5],[11.18,42.63],[11.02,42.63]]],[[[12.75,46.61],[12.66,46.61],[12.58,46.61],[12.58,46.48],[12.42,46.41],[12.41,45.89],[12.49,45.82],[12.17,45.82],[12.0,45.56],[12.0,45.37],[12.16,45.37],[12.16,45.3],[12.16,45.17],[12.4,45.04],[12.4,44.78],[12.16,44.78],[12.16,44.71],[11.99,44.65],[11.75,44.84],[11.35,44.91],[11.18,44.32],[10.86,44.25],[10.7,43.8],[10.21,43.93],[10.21,43.99],[10.13,43.99],[10.13,44.06],[10.05,44.06],[10.05,43.99],[9.97,43.99],[9.97,44.06],[9.97,44.12],[9.65,44.32],[9.64,44.52],[9.48,44.65],[9.16,44.71],[8.99,44.71],[8.91,44.58],[8.59,44.65],[8.35,44.45],[8.35,44.32],[8.35,44.25],[8.27,44.25],[8.27,44.19],[8.19,44.19],[8.19,44.12],[7.47,44.12],[7.47,44.12],[6.9,44.32],[6.97,44.71],[6.97,44.78],[7.29,44.84],[7.2,45.3],[7.28,45.43],[7.44,45.56],[7.93,45.56],[8.0,45.89],[7.35,45.96],[6.93,46.41],[6.36,46.41],[6.53,46.09],[6.78,45.89],[6.29,45.76],[6.29,45.89],[6.04,45.89],[6.04,46.09],[5.87,46.09],[5.71,45.96],[5.72,45.69],[5.89,45.56],[5.81,45.43],[5.65,45.43],[5.48,45.69],[5.15,45.63],[5.07,45.63],[5.07,45.82],[5.15,45.82],[5.3,46.28],[5.38,46.28],[5.87,46.28],[6.34,46.81],[6.67,47.07],[6.83,47.07],[6.83,47.2],[6.99,47.27],[6.98,47.53],[7.4,47.47],[7.56,47.6],[7.55,47.93],[7.47,48.06],[7.22,48.06],[7.14,47.93],[6.89,47.93],[6.14,47.99],[5.82,47.86],[5.65,48.06],[5.48,48.06],[5.47,48.26],[5.22,48.46],[4.88,48.52],[4.87,48.99],[5.03,49.12],[4.86,49.18],[4.67,49.58],[4.58,49.91],[4.49,49.91],[4.49,49.98],[4.41,49.98],[4.39,50.25],[4.64,50.45],[5.05,50.71],[5.22,50.71],[5.28,51.18],[5.78,51.38],[5.78,51.51],[5.61,51.65],[5.26,51.71],[5.17,51.85],[5.26,51.85],[5.25,52.05],[5.0,52.05],[5.07,52.32],[4.9,52.38],[4.89,52.52],[5.06,52.52],[5.06,52.65],[5.05,52.72],[5.39,52.86],[5.39,52.99],[5.21,53.12],[5.54,53.39],[6.23,53.53],[6.92,53.46],[6.91,53.6],[7.08,53.73],[7.94,53.73],[8.03,53.66],[7.95,53.53],[8.12,53.53],[8.2,53.66],[8.38,53.66],[8.46,53.94],[8.89,53.87],[8.8,54.14],[8.8,54.21],[8.89,54.34],[9.15,54.21],[9.93,54.27],[10.19,54.48],[10.27,54.48],[11.05,54.41],[11.05,54.21],[10.88,54.07],[11.4,54.0],[11.4,54.14],[12.09,54.27],[12.44,54.48],[13.05,54.48],[13.14,54.68],[13.41,54.75],[13.66,54.61],[13.74,54.27],[13.3,54.21],[14.17,54.07],[14.16,53.87],[13.98,53.8],[14.5,53.73],[14.51,54.0],[15.04,54.21],[15.99,54.27],[16.62,54.68],[17.41,54.82],[17.5,54.82],[17.56,54.41],[17.39,54.41],[17.38,54.27],[17.11,54.14],[17.09,53.8],[17.18,53.8],[17.08,53.6],[16.99,53.6],[16.99,53.53],[16.9,53.53],[16.66,53.8],[16.31,53.8],[16.41,54.0],[15.98,54.07],[16.05,53.66],[15.79,53.73],[15.7,53.66],[15.78,53.46],[15.44,53.53],[15.26,53.26],[14.82,53.19],[14.65,53.06],[14.48,53.06],[14.23,53.26],[14.32,53.39],[13.9,53.73],[13.55,53.66],[13.2,53.33],[12.17,53.39],[11.91,53.6],[11.74,53.6],[11.56,53.39],[11.31,53.46],[11.13,53.33],[11.22,53.19],[11.39,53.19],[11.39,53.06],[11.22,53.06],[11.04,52.86],[11.13,52.52],[11.9,52.59],[12.33,52.79],[12.33,52.65],[12.58,52.45],[12.41,52.32],[12.49,52.12],[12.91,52.18],[13.42,52.05],[13.51,52.05],[13.51,51.98],[13.59,51.98],[13.59,51.92],[13.5,51.92],[13.5,51.85],[13.25,51.85],[13.24,51.71],[13.58,51.65],[13.16,51.58],[13.07,51.45],[12.9,51.45],[12.9,51.31],[12.48,51.45],[12.56,51.58],[11.97,51.58],[12.05,51.38],[11.37,51.25],[11.55,51.58],[11.38,51.71],[10.95,51.71],[10.87,51.45],[11.21,51.51],[11.12,51.31],[10.27,51.31],[9.94,51.05],[10.02,50.85],[10.36,50.85],[10.36,50.65],[10.53,50.65],[10.78,50.91],[10.36,51.18],[10.87,51.25],[10.7,51.11],[11.03,51.11],[11.2,50.98],[11.29,50.78],[11.03,50.71],[10.86,50.51],[10.36,50.51],[10.36,50.18],[10.69,50.05],[11.11,50.11],[11.11,50.25],[11.28,50.25],[11.2,50.51],[11.28,50.58],[11.54,50.51],[11.71,50.71],[11.96,50.71],[12.05,50.85],[12.21,50.78],[12.21,50.65],[11.96,50.58],[11.96,50.31],[12.12,50.25],[12.12,50.18],[11.87,50.18],[11.7,49.91],[11.2,49.78],[11.28,49.52],[11.03,49.45],[11.03,49.25],[11.28,49.18],[10.86,49.05],[11.03,48.99],[10.94,48.85],[10.61,48.92],[10.36,49.25],[10.03,49.12],[10.03,48.99],[10.28,48.85],[10.28,48.72],[10.44,48.59],[10.53,48.26],[10.2,48.26],[10.12,48.06],[10.36,47.99],[10.53,48.19],[10.45,47.8],[10.69,47.73],[10.61,47.6],[10.69,47.6],[10.69,47.53],[10.78,47.53],[10.86,47.53],[10.94,47.53],[11.27,47.6],[11.27,47.47],[11.44,47.47],[11.44,47.33],[11.6,47.27],[11.85,47.27],[12.01,47.53],[12.26,47.53],[12.34,47.33],[12.51,47.4],[12.59,47.66],[12.76,47.66],[12.84,47.53],[13.09,47.6],[12.92,47.73],[12.93,47.93],[12.76,47.99],[12.77,48.19],[12.93,48.06],[13.18,48.06],[13.18,47.93],[13.42,47.66],[13.41,47.27],[13.66,47.27],[13.74,47.07],[13.08,47.07],[13.0,47.07],[12.92,47.07],[12.83,47.07],[12.91,46.61],[12.83,46.61],[12.75,46.61]],[[10.28,48.32],[10.2,48.39],[10.2,48.46],[10.11,48.46],[10.11,48.32],[10.28,48.32]],[[9.78,48.32],[10.03,48.26],[10.03,48.39],[9.95,48.39],[9.45,48.46],[9.45,48.19],[9.78,48.32]],[[9.37,48.32],[9.37,48.39],[9.2,48.39],[9.2,48.26],[9.37,48.32]]],[[[3.64,50.25],[3.64,50.31],[3.63,50.38],[3.97,50.38],[4.14,50.25],[4.15,50.05],[4.07,50.05],[4.07,49.98],[3.99,49.98],[3.98,50.05],[3.9,50.05],[3.82,50.05],[3.81,50.11],[3.73,50.11],[3.73,50.18],[3.64,50.18],[3.64,50.25]]],[[[12.05,51.31],[12.22,51.25],[12.22,51.05],[11.96,51.05],[11.96,51.11],[11.88,51.18],[12.05,51.31]]],[[[14.2,45.5],[14.28,45.43],[14.19,45.04],[13.87,45.1],[13.87,45.17],[13.79,45.24],[14.12,45.5],[14.2,45.5]]],[[[13.71,45.43],[13.71,45.76],[13.63,45.76],[13.56,46.02],[13.89,46.22],[13.97,46.22],[13.97,46.15],[14.05,46.15],[14.05,46.09],[14.05,46.02],[14.13,46.02],[14.13,45.96],[14.04,45.5],[13.95,45.5],[13.71,45.43]]],[[[14.01,48.52],[13.93,48.52],[13.93,48.46],[13.85,48.46],[13.77,48.59],[13.27,48.59],[13.19,48.85],[13.36,48.85],[13.36,48.99],[13.44,48.99],[13.53,48.99],[13.52,48.92],[13.61,48.92],[14.1,48.65],[14.1,48.59],[14.02,48.59],[14.01,48.52]]],[[[12.55,50.91],[12.81,50.98],[12.8,50.78],[12.72,50.78],[12.72,50.71],[12.8,50.65],[12.63,50.65],[12.55,50.91]]],[[[14.09,51.58],[14.26,51.58],[14.26,51.51],[14.26,51.45],[14.25,51.38],[14.25,51.31],[14.34,51.31],[14.33,51.25],[14.16,51.11],[13.99,51.18],[14.08,51.18],[14.08,51.31],[13.91,51.38],[14.09,51.58]]]]},"properties":{"id":"territory:Holy Roman Empire Minor States:1344","name":"신성로마제국 소국","name_en":"Holy Roman Empire Minor States","actor":"기타중립","valid_from":1344,"valid_to":1352,"wikidata":"Q12548","area":509433,"src":"cliopatria","confidence":"medium"}},{"type":"Feature","geometry":{"type":"Point","coordinates":[9.238,49.715]},"properties":{"id":"territory:Holy Roman Empire Minor States:1344:label","name":"신성로마제국 소국","name_en":"Holy Roman Empire Minor States","actor":"기타중립","valid_from":1344,"valid_to":1352,"wikidata":"Q12548","area":509433,"src":"cliopatria","confidence":"medium"}},{"type":"Feature","geometry":{"type":"Polygon","coordinates":[[[50.86,35.58],[50.25,35.19],[49.24,35.13],[48.34,35.32],[48.14,35.52],[47.36,35.52],[46.25,35.84],[45.79,35.84],[45.35,36.03],[45.38,36.22],[45.1,36.42],[45.06,36.67],[44.91,36.74],[44.86,36.93],[44.21,36.74],[43.78,37.0],[42.85,37.0],[41.46,36.48],[41.31,36.55],[41.21,36.42],[41.06,36.42],[40.51,35.13],[40.55,34.81],[40.77,34.74],[40.96,34.42],[41.04,34.42],[41.43,33.78],[41.86,33.59],[42.06,33.33],[42.58,33.14],[42.71,32.94],[43.15,32.81],[44.46,31.59],[44.44,31.46],[44.66,31.34],[44.64,31.14],[44.79,31.21],[45.4,30.5],[45.55,30.5],[46.1,29.99],[46.53,29.79],[46.59,29.6],[46.75,29.67],[46.87,29.41],[47.1,29.47],[47.38,29.28],[47.46,29.28],[47.57,29.6],[48.07,29.99],[48.15,29.99],[48.9,29.99],[49.03,30.44],[49.04,30.5],[49.34,31.08],[49.69,31.4],[49.99,31.91],[50.42,32.24],[50.44,32.36],[50.76,32.49],[50.91,33.01],[51.59,33.91],[52.52,34.42],[52.64,34.68],[52.13,34.87],[52.15,35.0],[52.01,35.07],[52.07,35.45],[51.94,35.58],[51.97,35.77],[51.3,35.9],[51.01,35.58],[50.86,35.58]]]},"properties":{"id":"territory:Jalayirid Sultanate:1344","name":"잘라이르 술탄국","name_en":"Jalayirid Sultanate","actor":"기타중립","valid_from":1344,"valid_to":1363,"wikidata":"Q866716","area":503892,"src":"cliopatria","confidence":"medium"}},{"type":"Feature","geometry":{"type":"Point","coordinates":[46.331,33.637]},"properties":{"id":"territory:Jalayirid Sultanate:1344:label","name":"잘라이르 술탄국","name_en":"Jalayirid Sultanate","actor":"기타중립","valid_from":1344,"valid_to":1363,"wikidata":"Q866716","area":503892,"src":"cliopatria","confidence":"medium"}},{"type":"Feature","geometry":{"type":"Polygon","coordinates":[[[39.6,64.64],[38.88,64.79],[38.9,64.86],[38.21,64.79],[38.16,64.93],[37.45,65.15],[37.48,65.22],[36.92,65.3],[36.69,65.15],[36.65,65.0],[36.36,65.0],[36.32,64.86],[36.54,64.64],[36.73,64.64],[36.79,64.49],[37.15,64.42],[37.13,64.35],[37.53,64.42],[37.89,64.35],[37.88,63.99],[37.39,63.91],[36.55,63.99],[36.25,64.28],[35.97,64.28],[35.82,64.42],[35.15,64.42],[35.0,64.57],[34.81,64.57],[34.58,64.42],[34.41,64.13],[34.01,64.06],[33.88,63.91],[32.14,63.77],[31.73,63.62],[31.4,63.41],[31.37,63.26],[31.18,63.26],[31.26,63.19],[31.12,62.98],[30.62,62.83],[30.19,62.55],[28.8,62.12],[28.68,61.97],[28.59,61.97],[28.75,61.83],[28.72,61.69],[28.97,61.55],[28.93,61.34],[29.11,61.26],[29.07,61.05],[29.16,61.05],[29.11,60.77],[29.2,60.77],[29.0,60.21],[28.99,60.14],[29.66,60.28],[29.99,60.14],[29.97,60.0],[30.16,60.07],[30.14,59.92],[29.94,59.85],[29.07,60.07],[28.85,59.85],[28.41,59.92],[28.29,59.78],[27.93,59.78],[27.88,59.5],[28.05,59.43],[28.04,59.36],[28.43,59.02],[28.78,58.95],[28.76,58.81],[28.85,58.81],[28.82,58.67],[28.91,58.67],[28.89,58.53],[29.04,58.39],[28.98,58.04],[29.38,57.77],[29.37,57.7],[29.76,57.35],[29.58,56.87],[29.98,56.59],[29.96,56.46],[30.11,56.32],[30.47,56.39],[30.84,56.46],[31.13,57.08],[31.66,57.08],[32.13,57.21],[32.45,57.49],[32.63,57.49],[32.86,57.77],[33.3,57.7],[33.34,57.49],[33.51,57.42],[33.48,57.28],[33.7,57.08],[34.79,56.8],[34.96,56.73],[35.0,56.52],[35.21,56.66],[35.44,56.52],[35.83,56.66],[35.84,56.73],[35.86,56.8],[36.06,57.28],[36.55,57.49],[36.59,58.04],[36.5,58.04],[36.55,58.25],[36.46,58.25],[36.51,58.46],[36.42,58.46],[36.45,58.95],[35.96,59.16],[35.91,59.71],[35.77,59.85],[35.82,60.07],[35.73,60.07],[35.85,60.56],[36.74,60.84],[37.29,60.84],[38.32,60.91],[38.38,60.77],[38.56,60.77],[38.87,60.56],[39.29,60.42],[39.32,60.21],[39.74,60.07],[39.86,59.85],[40.28,59.71],[40.61,59.29],[40.79,59.29],[41.6,59.57],[41.64,59.71],[42.2,60.07],[43.01,60.91],[43.43,61.62],[44.28,61.69],[44.63,61.9],[44.66,61.97],[44.78,62.33],[44.69,62.33],[44.79,62.62],[44.69,62.62],[44.79,62.9],[44.66,63.05],[44.71,63.19],[44.61,63.19],[44.66,63.34],[44.57,63.34],[44.62,63.48],[44.53,63.48],[44.58,63.62],[44.48,63.62],[44.53,63.77],[44.44,63.77],[44.45,64.06],[43.75,64.79],[43.06,65.0],[43.09,65.08],[42.23,65.08],[41.94,64.79],[41.48,64.57],[40.86,64.71],[40.89,64.79],[40.53,64.86],[40.55,64.93],[40.26,64.93],[40.19,64.71],[39.62,64.71],[39.6,64.64]]]},"properties":{"id":"territory:Novgorod Republic:1294","name":"노브고로드 공화국","name_en":"Novgorod Republic","actor":"기타중립","valid_from":1294,"valid_to":1314,"wikidata":"Q151536","area":496382,"src":"cliopatria","confidence":"medium"}},{"type":"Feature","geometry":{"type":"Point","coordinates":[36.012,61.28]},"properties":{"id":"territory:Novgorod Republic:1294:label","name":"노브고로드 공화국","name_en":"Novgorod Republic","actor":"기타중립","valid_from":1294,"valid_to":1314,"wikidata":"Q151536","area":496382,"src":"cliopatria","confidence":"medium"}},{"type":"Feature","geometry":{"type":"MultiPolygon","coordinates":[[[[11.02,42.63],[11.02,42.82],[10.78,42.95],[10.78,43.15],[10.78,43.21],[10.86,43.41],[11.26,43.47],[11.58,43.34],[11.66,43.15],[11.9,43.15],[11.98,43.15],[12.06,42.76],[11.74,42.63],[11.57,42.37],[11.49,42.37],[11.41,42.37],[11.42,42.43],[11.34,42.43],[11.26,42.43],[11.26,42.5],[11.18,42.63],[11.02,42.63]]],[[[10.94,47.53],[11.27,47.6],[11.19,47.4],[10.94,47.47],[10.94,47.53]]],[[[13.59,51.92],[13.5,51.92],[13.5,51.85],[13.25,51.85],[13.24,51.71],[13.58,51.65],[13.16,51.58],[13.07,51.45],[12.9,51.45],[12.9,51.31],[12.48,51.45],[12.56,51.58],[11.97,51.58],[12.05,51.38],[11.37,51.25],[11.55,51.58],[11.38,51.71],[10.95,51.71],[10.87,51.45],[11.21,51.51],[11.12,51.31],[10.27,51.31],[9.94,51.05],[10.02,50.85],[10.36,50.85],[10.36,50.65],[10.53,50.65],[10.78,50.91],[10.36,51.18],[10.87,51.25],[10.7,51.11],[11.03,51.11],[11.2,50.98],[11.29,50.78],[11.03,50.71],[10.86,50.51],[10.36,50.51],[10.36,50.18],[10.69,50.05],[11.11,50.11],[11.11,50.25],[11.28,50.25],[11.2,50.51],[11.28,50.58],[11.54,50.51],[11.71,50.71],[11.96,50.71],[12.05,50.85],[12.21,50.78],[12.21,50.65],[11.96,50.58],[11.96,50.31],[12.12,50.25],[12.12,50.18],[11.87,50.18],[11.7,49.91],[11.2,49.78],[11.28,49.52],[11.03,49.45],[11.03,49.25],[11.28,49.18],[10.86,49.05],[11.03,48.99],[10.94,48.85],[10.61,48.92],[10.36,49.25],[10.03,49.12],[10.03,48.99],[10.28,48.85],[10.28,48.72],[10.44,48.59],[10.53,48.26],[10.2,48.26],[10.12,48.06],[10.36,47.99],[10.53,48.19],[10.45,47.8],[10.61,47.8],[10.69,47.66],[10.45,47.6],[10.37,47.33],[10.2,47.33],[10.12,47.2],[10.12,46.94],[10.45,46.94],[10.45,46.55],[11.19,46.61],[11.11,46.41],[11.27,46.41],[11.52,46.61],[11.84,46.68],[12.58,46.61],[12.58,46.48],[12.42,46.41],[12.41,45.89],[12.49,45.82],[12.17,45.82],[12.0,45.56],[12.0,45.37],[12.16,45.37],[12.16,45.3],[12.16,45.17],[12.4,45.04],[12.4,44.78],[12.16,44.78],[12.16,44.71],[11.99,44.65],[11.75,44.84],[11.35,44.91],[11.18,44.32],[10.86,44.25],[10.7,43.8],[10.21,43.93],[10.21,43.99],[10.13,43.99],[10.13,44.06],[10.05,44.06],[10.05,43.99],[9.97,43.99],[9.97,44.06],[9.97,44.12],[9.65,44.32],[9.64,44.52],[9.48,44.65],[9.16,44.71],[8.99,44.71],[8.91,44.58],[8.59,44.65],[8.35,44.45],[8.35,44.32],[8.35,44.25],[8.27,44.25],[8.27,44.19],[8.19,44.19],[8.19,44.12],[7.47,44.12],[7.47,44.12],[6.9,44.32],[6.97,44.71],[6.97,44.78],[7.29,44.84],[7.2,45.3],[7.28,45.43],[7.44,45.56],[7.93,45.56],[8.0,45.89],[7.35,45.96],[6.93,46.41],[6.36,46.41],[6.53,46.09],[6.78,45.89],[6.29,45.76],[6.29,45.89],[6.04,45.89],[6.04,46.09],[5.87,46.09],[5.71,45.96],[5.72,45.69],[5.89,45.56],[5.81,45.43],[5.65,45.43],[5.48,45.69],[5.07,45.63],[5.3,46.28],[5.38,46.28],[5.95,46.28],[5.95,46.35],[6.34,46.81],[6.67,47.07],[6.83,47.07],[6.83,47.2],[6.99,47.27],[6.98,47.53],[7.4,47.47],[7.56,47.6],[7.55,47.93],[7.47,48.06],[7.22,48.06],[7.14,47.93],[6.89,47.93],[6.14,47.99],[5.82,47.86],[5.65,48.06],[5.48,48.06],[5.47,48.26],[5.22,48.46],[4.88,48.52],[4.87,48.99],[5.03,49.12],[4.86,49.18],[4.67,49.58],[4.58,49.91],[4.49,49.91],[4.49,49.98],[4.41,49.98],[4.39,50.25],[4.64,50.45],[5.05,50.71],[5.22,50.71],[5.28,51.18],[5.78,51.38],[5.78,51.51],[5.61,51.65],[5.26,51.71],[5.17,51.85],[5.26,51.85],[5.25,52.05],[5.0,52.05],[5.07,52.32],[4.9,52.38],[4.89,52.52],[5.06,52.52],[5.06,52.65],[5.05,52.72],[5.39,52.86],[5.39,52.99],[5.21,53.12],[5.54,53.39],[6.23,53.53],[6.92,53.46],[6.91,53.6],[7.08,53.73],[7.94,53.73],[8.03,53.66],[7.95,53.53],[8.12,53.53],[8.2,53.66],[8.38,53.66],[8.46,53.94],[8.89,53.87],[8.8,54.14],[8.8,54.21],[8.89,54.34],[9.15,54.21],[9.93,54.27],[10.19,54.48],[10.27,54.48],[11.05,54.41],[11.05,54.21],[10.88,54.07],[11.4,54.0],[11.4,54.14],[12.09,54.27],[12.44,54.48],[13.05,54.48],[13.14,54.68],[13.41,54.75],[13.66,54.61],[13.74,54.27],[13.3,54.21],[14.17,54.07],[14.16,53.87],[13.98,53.8],[14.5,53.73],[14.51,54.0],[15.04,54.21],[15.99,54.27],[16.62,54.68],[17.41,54.82],[17.5,54.82],[17.56,54.41],[17.39,54.41],[17.38,54.27],[17.11,54.14],[17.09,53.8],[17.18,53.8],[17.08,53.6],[16.99,53.6],[16.99,53.53],[16.9,53.53],[16.66,53.8],[16.31,53.8],[16.41,54.0],[15.98,54.07],[16.05,53.66],[15.79,53.73],[15.7,53.66],[15.78,53.46],[15.44,53.53],[15.26,53.26],[14.82,53.19],[14.65,53.06],[14.48,53.06],[14.23,53.26],[14.32,53.39],[13.9,53.73],[13.55,53.66],[13.2,53.33],[12.17,53.39],[11.91,53.6],[11.74,53.6],[11.56,53.39],[11.31,53.46],[11.13,53.33],[11.22,53.19],[11.39,53.19],[11.39,53.06],[11.22,53.06],[11.04,52.86],[11.13,52.52],[11.9,52.59],[12.33,52.79],[12.33,52.65],[12.58,52.45],[12.41,52.32],[12.49,52.12],[12.91,52.18],[13.42,52.05],[13.51,52.05],[13.51,51.98],[13.59,51.98],[13.59,51.92]],[[10.28,48.32],[10.2,48.39],[10.2,48.46],[10.11,48.46],[10.11,48.32],[10.28,48.32]],[[9.78,48.32],[10.03,48.26],[10.03,48.39],[9.95,48.39],[9.45,48.46],[9.45,48.19],[9.78,48.32]],[[9.37,48.32],[9.37,48.39],[9.2,48.39],[9.2,48.26],[9.37,48.32]]],[[[3.64,50.25],[3.64,50.31],[3.63,50.38],[3.97,50.38],[4.14,50.25],[4.15,50.05],[4.07,50.05],[4.07,49.98],[3.99,49.98],[3.98,50.05],[3.9,50.05],[3.82,50.05],[3.81,50.11],[3.73,50.11],[3.73,50.18],[3.64,50.18],[3.64,50.25]]],[[[12.05,51.31],[12.22,51.25],[12.22,51.05],[11.96,51.05],[11.96,51.11],[11.88,51.18],[12.05,51.31]]],[[[14.2,45.5],[14.28,45.43],[14.19,45.04],[13.87,45.1],[13.87,45.17],[13.79,45.24],[14.12,45.5],[14.2,45.5]]],[[[13.71,45.43],[13.71,45.76],[13.63,45.76],[13.56,46.02],[13.89,46.22],[13.97,46.22],[13.97,46.15],[14.05,46.15],[14.05,46.09],[14.05,46.02],[14.13,46.02],[14.13,45.96],[14.04,45.5],[13.95,45.5],[13.71,45.43]]],[[[12.18,47.07],[12.18,47.27],[12.51,47.4],[12.59,47.66],[12.76,47.66],[12.84,47.53],[13.09,47.6],[12.92,47.73],[12.93,47.93],[12.76,47.99],[12.77,48.19],[12.93,48.06],[13.18,48.06],[13.18,47.93],[13.42,47.66],[13.41,47.27],[13.66,47.27],[13.74,47.07],[13.08,47.07],[13.0,47.07],[12.92,47.07],[12.83,47.07],[12.18,47.07]]],[[[14.01,48.52],[13.93,48.52],[13.93,48.46],[13.85,48.46],[13.77,48.59],[13.27,48.59],[13.19,48.85],[13.36,48.85],[13.36,48.99],[13.44,48.99],[13.53,48.99],[13.52,48.92],[13.61,48.92],[14.1,48.65],[14.1,48.59],[14.02,48.59],[14.01,48.52]]],[[[12.55,50.91],[12.81,50.98],[12.8,50.78],[12.72,50.78],[12.72,50.71],[12.8,50.65],[12.63,50.65],[12.55,50.91]]],[[[14.09,51.58],[14.26,51.58],[14.26,51.51],[14.26,51.45],[14.25,51.38],[14.25,51.31],[14.34,51.31],[14.33,51.25],[14.16,51.11],[13.99,51.18],[14.08,51.18],[14.08,51.31],[13.91,51.38],[14.09,51.58]]]]},"properties":{"id":"territory:Holy Roman Empire Minor States:1352","name":"신성로마제국 소국","name_en":"Holy Roman Empire Minor States","actor":"기타중립","valid_from":1352,"valid_to":1363,"wikidata":"Q12548","area":492660,"src":"cliopatria","confidence":"medium"}},{"type":"Feature","geometry":{"type":"Point","coordinates":[9.114,49.839]},"properties":{"id":"territory:Holy Roman Empire Minor States:1352:label","name":"신성로마제국 소국","name_en":"Holy Roman Empire Minor States","actor":"기타중립","valid_from":1352,"valid_to":1363,"wikidata":"Q12548","area":492660,"src":"cliopatria","confidence":"medium"}},{"type":"Feature","geometry":{"type":"Polygon","coordinates":[[[52.13,34.87],[52.15,35.0],[52.01,35.07],[52.07,35.45],[51.94,35.58],[51.97,35.77],[51.3,35.9],[51.01,35.58],[50.79,35.64],[50.53,36.87],[50.54,36.93],[50.63,37.0],[50.57,37.06],[50.32,37.0],[50.0,37.38],[49.7,37.45],[49.62,37.45],[49.04,36.8],[48.89,36.8],[48.84,36.55],[49.21,36.42],[49.16,36.1],[48.68,36.03],[48.62,35.64],[48.16,35.64],[47.95,35.77],[47.68,35.58],[47.7,35.19],[47.85,35.13],[47.74,34.94],[47.51,34.94],[47.38,35.13],[47.23,35.13],[46.8,34.81],[46.57,34.87],[46.59,35.0],[46.38,35.13],[46.41,35.32],[46.16,35.71],[45.0,35.77],[44.87,35.9],[44.46,35.77],[43.92,35.77],[43.72,35.45],[43.5,35.52],[43.51,35.64],[42.65,35.58],[42.43,35.64],[42.37,35.77],[42.13,35.71],[41.99,35.84],[42.01,35.97],[41.79,36.1],[41.81,36.22],[41.59,36.35],[41.61,36.48],[41.46,36.55],[41.06,36.42],[40.51,35.13],[40.55,34.81],[40.77,34.74],[40.96,34.42],[41.04,34.42],[41.43,33.78],[41.86,33.59],[42.06,33.33],[42.58,33.14],[42.71,32.94],[43.15,32.81],[44.46,31.59],[44.44,31.46],[44.66,31.34],[44.64,31.14],[44.79,31.21],[45.4,30.5],[45.55,30.5],[46.1,29.99],[46.53,29.79],[46.59,29.6],[46.75,29.67],[46.87,29.41],[47.1,29.47],[47.38,29.28],[47.46,29.28],[47.57,29.6],[48.07,29.99],[48.15,29.99],[48.9,29.99],[49.03,30.44],[49.04,30.5],[49.34,31.08],[49.69,31.4],[49.99,31.91],[50.77,32.56],[50.91,33.01],[51.59,33.91],[52.52,34.42],[52.64,34.68],[52.13,34.87]]]},"properties":{"id":"territory:Jalayirid Sultanate:1375","name":"잘라이르 술탄국","name_en":"Jalayirid Sultanate","actor":"기타중립","valid_from":1375,"valid_to":1395,"wikidata":"Q866716","area":491301,"src":"cliopatria","confidence":"medium"}},{"type":"Feature","geometry":{"type":"Point","coordinates":[46.823,33.572]},"properties":{"id":"territory:Jalayirid Sultanate:1375:label","name":"잘라이르 술탄국","name_en":"Jalayirid Sultanate","actor":"기타중립","valid_from":1375,"valid_to":1395,"wikidata":"Q866716","area":491301,"src":"cliopatria","confidence":"medium"}},{"type":"Feature","geometry":{"type":"MultiPolygon","coordinates":[[[[-3.44,59.02],[-3.38,59.22],[-3.2,59.22],[-3.09,59.09],[-2.81,59.02],[-2.79,58.88],[-2.97,58.88],[-3.06,58.88],[-3.42,58.81],[-3.53,59.02],[-3.44,59.02]]],[[[-2.56,59.22],[-2.65,59.22],[-2.64,59.16],[-2.83,59.16],[-2.84,59.29],[-2.58,59.36],[-2.56,59.22]]],[[[-1.16,60.56],[-1.05,60.35],[-1.14,60.35],[-1.2,60.07],[-1.67,60.21],[-1.63,60.63],[-1.36,60.7],[-1.35,60.56],[-1.26,60.56],[-1.28,60.77],[-0.83,60.84],[-0.81,60.63],[-1.16,60.56]]],[[[-6.74,61.62],[-6.72,61.48],[-6.71,61.41],[-6.99,61.48],[-7.02,61.62],[-6.74,61.62]]],[[[-48.61,61.19],[-48.68,61.48],[-49.23,61.48],[-49.36,61.69],[-49.17,61.69],[-49.21,61.76],[-49.44,61.83],[-49.57,62.05],[-49.14,62.12],[-49.27,62.33],[-48.67,62.26],[-47.45,61.26],[-47.41,61.19],[-47.74,61.12],[-47.53,60.91],[-47.68,60.84],[-47.77,60.84],[-47.73,60.77],[-48.04,60.84],[-48.11,61.12],[-48.61,61.19]]],[[[12.6,61.55],[12.78,61.41],[12.78,61.19],[12.31,60.98],[12.31,60.77],[12.49,60.7],[12.57,60.35],[12.48,60.35],[12.38,60.07],[11.92,59.92],[11.92,59.43],[12.01,59.43],[12.0,58.88],[12.09,58.88],[12.16,58.18],[11.89,57.97],[11.71,57.97],[11.71,58.04],[11.45,58.11],[11.36,58.39],[11.18,58.39],[11.1,59.16],[10.83,59.16],[10.56,59.36],[10.56,59.64],[10.37,59.5],[10.47,59.43],[10.37,59.16],[10.19,59.16],[10.01,58.95],[9.65,59.02],[9.56,58.88],[9.38,58.88],[9.38,58.74],[9.11,58.74],[9.11,58.6],[8.93,58.6],[8.67,58.32],[7.6,57.97],[6.61,58.04],[6.52,58.25],[5.7,58.46],[5.51,58.6],[5.5,59.02],[5.95,59.02],[6.03,59.36],[5.84,59.43],[5.85,59.29],[5.21,59.29],[5.28,59.78],[5.19,59.78],[5.18,60.0],[5.45,60.14],[5.26,60.28],[4.9,60.21],[4.89,60.42],[5.16,60.49],[4.95,61.05],[5.13,61.19],[5.03,61.19],[4.93,61.48],[5.2,61.62],[4.92,61.62],[4.91,61.76],[5.19,61.9],[5.08,62.26],[5.45,62.19],[5.44,62.4],[5.72,62.4],[5.73,62.19],[5.92,62.19],[5.91,62.4],[6.56,62.47],[6.64,62.76],[7.4,62.62],[7.39,62.76],[6.92,62.83],[6.92,63.05],[7.95,63.05],[7.94,63.19],[8.23,63.19],[8.22,63.34],[7.75,63.34],[7.84,63.55],[8.22,63.48],[8.5,63.7],[9.07,63.7],[8.98,63.48],[9.26,63.41],[9.35,63.62],[9.54,63.62],[9.54,63.91],[9.92,63.99],[9.92,64.13],[10.3,64.28],[10.3,64.42],[10.87,64.64],[11.16,64.64],[11.35,64.49],[11.44,64.57],[11.35,64.86],[11.45,64.86],[11.45,65.0],[11.74,65.08],[11.84,65.22],[12.13,65.15],[12.04,65.44],[12.13,65.44],[12.14,65.59],[12.53,65.74],[12.53,65.88],[12.34,65.88],[12.44,66.11],[12.34,66.11],[12.35,66.25],[12.64,66.25],[12.63,66.11],[12.82,66.03],[12.93,66.25],[13.12,66.25],[12.94,66.62],[13.23,66.62],[13.24,66.77],[13.63,66.77],[13.54,67.0],[13.64,67.07],[14.13,67.07],[14.44,67.3],[14.55,67.52],[14.95,67.67],[15.07,67.97],[15.36,67.97],[15.58,68.27],[15.88,68.27],[15.88,68.35],[15.09,68.42],[14.98,68.27],[14.19,68.2],[14.19,68.35],[14.4,68.5],[14.9,68.57],[14.91,68.73],[14.41,68.65],[14.42,68.8],[14.93,68.95],[15.03,69.11],[15.33,69.03],[15.32,68.8],[15.52,68.8],[15.44,69.18],[15.75,69.33],[16.15,69.33],[16.14,69.18],[15.94,69.11],[15.92,68.88],[16.62,68.88],[16.61,68.73],[17.21,68.8],[17.23,69.03],[17.33,69.03],[17.32,68.88],[17.52,68.88],[17.65,69.18],[17.04,69.11],[16.96,69.33],[16.86,69.33],[16.87,69.49],[17.89,69.64],[17.98,69.49],[18.58,69.49],[18.59,69.56],[18.19,69.56],[18.2,69.72],[18.82,69.79],[18.72,69.87],[18.75,70.1],[18.86,70.18],[19.66,70.1],[19.59,70.33],[19.79,70.33],[19.88,70.26],[19.84,69.87],[20.04,69.87],[20.16,70.02],[20.36,70.02],[20.29,70.26],[20.81,70.33],[20.77,70.02],[21.77,69.95],[21.79,70.1],[21.38,70.1],[21.43,70.41],[22.03,70.33],[22.02,70.26],[22.33,70.33],[22.47,70.57],[22.37,70.57],[22.41,70.8],[23.44,70.88],[23.3,70.64],[23.5,70.64],[23.63,70.8],[24.33,70.72],[24.27,70.95],[25.21,71.03],[25.3,70.95],[25.34,71.19],[25.56,71.27],[26.06,71.19],[25.88,70.8],[25.34,70.64],[25.22,70.57],[25.3,70.41],[24.95,70.18],[24.15,70.26],[23.93,70.18],[23.83,70.18],[23.53,70.18],[23.5,70.02],[23.11,70.1],[23.1,70.02],[22.49,70.02],[22.46,69.87],[21.97,69.95],[22.05,69.79],[21.66,69.87],[21.33,69.72],[20.93,69.72],[20.71,69.56],[20.5,69.56],[20.53,69.79],[20.43,69.79],[20.29,69.49],[20.0,69.56],[19.78,69.41],[19.38,69.41],[18.54,69.11],[18.43,68.95],[17.91,68.8],[18.0,68.65],[17.6,68.65],[17.59,68.5],[17.29,68.5],[17.27,68.27],[17.06,68.12],[17.16,68.12],[17.15,68.05],[17.05,68.05],[17.04,67.97],[16.94,67.97],[16.94,67.89],[16.84,67.89],[16.83,67.82],[16.74,67.82],[16.74,67.89],[16.64,67.82],[16.43,67.74],[16.53,67.74],[16.53,67.67],[16.43,67.67],[16.43,67.74],[16.23,67.67],[16.32,67.52],[15.72,67.37],[15.0,66.77],[14.8,66.77],[13.79,65.96],[13.6,65.96],[13.2,65.66],[13.3,65.66],[13.29,65.59],[13.2,65.59],[13.19,65.3],[13.28,65.22],[14.34,65.3],[14.52,65.15],[14.91,65.15],[15.18,64.93],[15.38,64.93],[15.56,64.79],[15.55,64.64],[15.85,64.86],[15.93,64.64],[16.4,64.49],[16.48,64.35],[16.58,64.35],[16.46,64.06],[16.26,63.91],[15.5,63.84],[15.49,63.7],[15.77,63.48],[16.51,63.26],[16.59,63.12],[16.1,62.76],[14.69,62.62],[14.68,62.4],[15.23,62.19],[15.21,61.97],[14.75,61.97],[14.74,61.69],[14.0,61.69],[13.73,61.9],[13.45,61.9],[13.07,61.76],[12.61,61.76],[12.51,61.62],[12.6,61.62],[12.6,61.55]],[[17.06,68.12],[16.95,68.05],[17.05,68.05],[17.06,68.12]],[[16.95,68.04],[16.85,67.97],[16.94,67.97],[16.95,68.04]],[[16.85,67.97],[16.74,67.89],[16.84,67.89],[16.85,67.97]]],[[[-6.96,62.4],[-6.77,62.33],[-6.66,62.26],[-6.69,61.9],[-6.79,61.9],[-7.28,62.05],[-7.32,62.33],[-6.96,62.4]]],[[[-50.03,62.98],[-50.22,62.98],[-50.04,62.83],[-50.37,62.76],[-50.72,63.19],[-51.01,63.19],[-51.19,63.34],[-51.23,63.41],[-50.52,63.48],[-50.53,63.34],[-50.07,63.05],[-50.03,62.98]]],[[[-50.61,63.62],[-51.42,63.55],[-51.69,63.84],[-51.51,63.84],[-51.74,64.2],[-52.02,64.2],[-52.25,64.71],[-51.16,64.64],[-51.3,64.86],[-51.15,64.93],[-51.25,65.08],[-50.91,65.0],[-50.91,65.15],[-50.48,65.08],[-50.53,65.15],[-50.14,65.15],[-49.72,64.93],[-49.35,64.35],[-49.5,64.28],[-49.41,64.13],[-49.51,64.13],[-49.51,63.99],[-49.99,63.84],[-50.09,63.84],[-50.04,63.77],[-50.66,63.7],[-50.61,63.62]]],[[[-20.05,66.18],[-20.01,66.03],[-19.55,65.81],[-19.57,66.18],[-19.18,66.18],[-19.2,66.25],[-18.72,66.25],[-18.36,66.03],[-18.43,66.25],[-18.04,66.25],[-17.59,66.03],[-17.46,66.25],[-16.66,66.18],[-16.67,66.55],[-15.79,66.55],[-15.61,66.25],[-15.34,66.33],[-15.36,66.4],[-15.07,66.4],[-14.99,66.11],[-14.7,66.11],[-14.64,65.88],[-14.72,65.81],[-14.33,65.81],[-14.29,65.66],[-13.7,65.59],[-13.64,65.37],[-13.72,65.3],[-13.51,65.22],[-13.47,65.08],[-13.93,65.0],[-13.88,64.79],[-14.07,64.79],[-14.05,64.71],[-14.43,64.71],[-14.47,64.49],[-14.74,64.42],[-14.8,64.28],[-15.27,64.28],[-15.5,64.42],[-15.46,64.28],[-16.09,64.13],[-16.07,64.06],[-16.6,63.91],[-16.58,63.84],[-17.7,63.77],[-18.16,63.41],[-19.39,63.41],[-19.81,63.55],[-20.37,63.55],[-20.53,63.77],[-21.15,63.91],[-22.8,63.77],[-22.9,64.06],[-22.83,64.13],[-22.33,64.06],[-22.36,64.13],[-22.17,64.13],[-22.02,64.28],[-22.1,64.49],[-22.5,64.57],[-22.58,64.79],[-23.98,64.71],[-24.16,64.93],[-22.61,65.15],[-22.59,65.37],[-22.03,65.44],[-22.06,65.52],[-23.31,65.52],[-23.28,65.44],[-24.03,65.37],[-24.37,65.52],[-24.42,65.66],[-24.13,65.66],[-24.21,65.88],[-23.8,65.81],[-23.91,66.11],[-23.62,66.11],[-23.67,66.25],[-23.28,66.25],[-22.94,66.11],[-23.17,66.48],[-22.97,66.48],[-23.0,66.55],[-22.61,66.55],[-21.48,66.11],[-21.38,65.52],[-21.26,65.44],[-20.97,65.74],[-20.78,65.74],[-20.76,65.66],[-20.54,65.59],[-20.4,65.74],[-20.54,66.18],[-20.05,66.18]]],[[[12.79,68.05],[12.89,68.05],[12.89,68.12],[13.19,68.12],[13.19,67.97],[12.79,67.89],[12.79,68.05]]],[[[16.42,67.59],[16.32,67.59],[16.33,67.67],[16.43,67.67],[16.42,67.59]]],[[[16.73,67.74],[16.63,67.74],[16.64,67.82],[16.74,67.82],[16.73,67.74]]],[[[14.09,68.2],[13.59,68.12],[13.58,68.05],[13.39,68.05],[13.39,68.12],[13.39,68.2],[13.7,68.42],[14.1,68.42],[14.09,68.2]]],[[[28.68,70.95],[29.29,70.95],[29.36,70.8],[30.07,70.8],[30.24,70.64],[30.65,70.64],[30.63,70.57],[31.12,70.49],[30.96,70.26],[30.43,70.18],[30.33,70.18],[30.47,70.33],[28.37,70.49],[28.44,70.8],[28.68,70.95]]],[[[26.75,71.03],[26.68,70.72],[26.56,70.64],[26.96,70.57],[27.09,70.72],[27.01,70.8],[27.23,70.88],[27.38,71.11],[28.22,71.19],[28.2,71.11],[28.49,71.03],[28.46,70.88],[28.25,70.88],[28.3,70.64],[28.06,70.49],[26.21,70.41],[26.11,70.41],[25.37,70.26],[25.41,70.49],[26.44,71.03],[26.75,71.03]]]]},"properties":{"id":"territory:Old Kingdom of Norway:1314","name":"노르웨이 왕국","name_en":"Old Kingdom of Norway","actor":"기타중립","valid_from":1314,"valid_to":1326,"wikidata":"Q202266","area":491243,"src":"cliopatria","confidence":"medium"}},{"type":"Feature","geometry":{"type":"Point","coordinates":[11.797,63.105]},"properties":{"id":"territory:Old Kingdom of Norway:1314:label","name":"노르웨이 왕국","name_en":"Old Kingdom of Norway","actor":"기타중립","valid_from":1314,"valid_to":1326,"wikidata":"Q202266","area":491243,"src":"cliopatria","confidence":"medium"}},{"type":"Feature","geometry":{"type":"MultiPolygon","coordinates":[[[[-3.44,59.02],[-3.38,59.22],[-3.2,59.22],[-3.09,59.09],[-2.81,59.02],[-2.79,58.88],[-2.97,58.88],[-3.06,58.88],[-3.42,58.81],[-3.53,59.02],[-3.44,59.02]]],[[[-2.58,59.36],[-2.56,59.22],[-2.65,59.22],[-2.64,59.16],[-2.83,59.16],[-2.84,59.29],[-2.58,59.36]]],[[[-0.81,60.63],[-1.16,60.56],[-1.05,60.35],[-1.14,60.35],[-1.2,60.07],[-1.67,60.21],[-1.63,60.63],[-1.36,60.7],[-1.35,60.56],[-1.26,60.56],[-1.28,60.77],[-0.83,60.84],[-0.81,60.63]]],[[[-6.72,61.48],[-6.71,61.41],[-6.99,61.48],[-7.02,61.62],[-6.74,61.62],[-6.72,61.48]]],[[[-48.61,61.19],[-48.68,61.48],[-49.23,61.48],[-49.36,61.69],[-49.17,61.69],[-49.21,61.76],[-49.44,61.83],[-49.57,62.05],[-49.14,62.12],[-49.27,62.33],[-48.67,62.26],[-47.45,61.26],[-47.41,61.19],[-47.74,61.12],[-47.53,60.91],[-47.68,60.84],[-47.77,60.84],[-47.73,60.77],[-48.04,60.84],[-48.11,61.12],[-48.61,61.19]]],[[[-6.96,62.4],[-6.77,62.33],[-6.66,62.26],[-6.69,61.9],[-6.79,61.9],[-7.28,62.05],[-7.32,62.33],[-6.96,62.4]]],[[[-51.42,63.55],[-51.69,63.84],[-51.51,63.84],[-51.74,64.2],[-52.02,64.2],[-52.25,64.71],[-51.16,64.64],[-51.3,64.86],[-51.15,64.93],[-51.25,65.08],[-50.91,65.0],[-50.91,65.15],[-50.48,65.08],[-50.53,65.15],[-50.14,65.15],[-49.72,64.93],[-49.35,64.35],[-49.5,64.28],[-49.41,64.13],[-49.51,64.13],[-49.51,63.99],[-49.99,63.84],[-50.09,63.84],[-50.04,63.77],[-50.66,63.7],[-50.61,63.62],[-51.42,63.55]]],[[[-20.54,66.18],[-20.05,66.18],[-20.01,66.03],[-19.55,65.81],[-19.57,66.18],[-19.18,66.18],[-19.2,66.25],[-18.72,66.25],[-18.36,66.03],[-18.43,66.25],[-18.04,66.25],[-17.59,66.03],[-17.46,66.25],[-16.66,66.18],[-16.67,66.55],[-15.79,66.55],[-15.61,66.25],[-15.34,66.33],[-15.36,66.4],[-15.07,66.4],[-14.99,66.11],[-14.7,66.11],[-14.64,65.88],[-14.72,65.81],[-14.33,65.81],[-14.29,65.66],[-13.7,65.59],[-13.64,65.37],[-13.72,65.3],[-13.51,65.22],[-13.47,65.08],[-13.93,65.0],[-13.88,64.79],[-14.07,64.79],[-14.05,64.71],[-14.43,64.71],[-14.47,64.49],[-14.74,64.42],[-14.8,64.28],[-15.27,64.28],[-15.5,64.42],[-15.46,64.28],[-16.09,64.13],[-16.07,64.06],[-16.6,63.91],[-16.58,63.84],[-17.7,63.77],[-18.16,63.41],[-19.39,63.41],[-19.81,63.55],[-20.37,63.55],[-20.53,63.77],[-21.15,63.91],[-22.8,63.77],[-22.9,64.06],[-22.83,64.13],[-22.33,64.06],[-22.36,64.13],[-22.17,64.13],[-22.02,64.28],[-22.1,64.49],[-22.5,64.57],[-22.58,64.79],[-23.98,64.71],[-24.16,64.93],[-22.61,65.15],[-22.59,65.37],[-22.03,65.44],[-22.06,65.52],[-23.31,65.52],[-23.28,65.44],[-24.03,65.37],[-24.37,65.52],[-24.42,65.66],[-24.13,65.66],[-24.21,65.88],[-23.8,65.81],[-23.91,66.11],[-23.62,66.11],[-23.67,66.25],[-23.28,66.25],[-22.94,66.11],[-23.17,66.48],[-22.97,66.48],[-23.0,66.55],[-22.61,66.55],[-21.48,66.11],[-21.38,65.52],[-21.26,65.44],[-20.97,65.74],[-20.78,65.74],[-20.76,65.66],[-20.54,65.59],[-20.4,65.74],[-20.54,66.18]]],[[[13.29,65.59],[13.2,65.59],[13.19,65.3],[13.28,65.22],[14.34,65.3],[14.52,65.15],[14.91,65.15],[15.18,64.93],[15.38,64.93],[15.56,64.79],[15.55,64.64],[15.85,64.86],[15.93,64.64],[16.4,64.49],[16.48,64.35],[16.58,64.35],[16.46,64.06],[16.26,63.91],[15.5,63.84],[15.49,63.7],[15.77,63.48],[16.51,63.26],[16.59,63.12],[16.1,62.76],[14.69,62.62],[14.68,62.4],[15.23,62.19],[15.21,61.97],[14.75,61.97],[14.74,61.69],[14.0,61.69],[13.73,61.9],[13.45,61.9],[12.51,61.69],[12.6,61.48],[12.78,61.41],[12.78,61.19],[12.31,60.98],[12.31,60.77],[12.49,60.7],[12.57,60.35],[12.48,60.35],[12.38,60.07],[11.92,59.92],[11.92,59.43],[12.01,59.43],[12.0,58.88],[12.09,58.88],[12.16,58.18],[11.89,57.97],[11.71,57.97],[11.71,58.04],[11.45,58.11],[11.36,58.39],[11.18,58.39],[11.1,59.16],[10.83,59.16],[10.56,59.36],[10.56,59.64],[10.37,59.5],[10.47,59.43],[10.37,59.16],[10.19,59.16],[10.01,58.95],[9.65,59.02],[9.56,58.88],[9.38,58.88],[9.38,58.74],[9.11,58.74],[9.11,58.6],[8.93,58.6],[8.67,58.32],[7.6,57.97],[6.61,58.04],[6.52,58.25],[5.7,58.46],[5.51,58.6],[5.5,59.02],[5.95,59.02],[6.03,59.36],[5.84,59.43],[5.85,59.29],[5.21,59.29],[5.28,59.78],[5.19,59.78],[5.18,60.0],[5.45,60.14],[5.26,60.28],[4.9,60.21],[4.89,60.42],[5.16,60.49],[4.95,61.05],[5.13,61.19],[5.03,61.19],[4.93,61.48],[5.2,61.62],[4.92,61.62],[4.91,61.76],[5.19,61.9],[5.08,62.26],[5.45,62.19],[5.44,62.4],[5.72,62.4],[5.73,62.19],[5.92,62.19],[5.91,62.4],[6.56,62.47],[6.64,62.76],[7.4,62.62],[7.39,62.76],[6.92,62.83],[6.92,63.05],[7.95,63.05],[7.94,63.19],[8.23,63.19],[8.22,63.34],[7.75,63.34],[7.84,63.55],[8.22,63.48],[8.5,63.7],[9.07,63.7],[8.98,63.48],[9.26,63.41],[9.35,63.62],[9.54,63.62],[9.54,63.91],[9.92,63.99],[9.92,64.13],[10.3,64.28],[10.3,64.42],[10.87,64.64],[11.16,64.64],[11.35,64.49],[11.44,64.57],[11.35,64.86],[11.45,64.86],[11.45,65.0],[11.74,65.08],[11.84,65.22],[12.13,65.15],[12.04,65.44],[12.13,65.44],[12.14,65.59],[12.53,65.74],[12.53,65.88],[12.34,65.88],[12.44,66.11],[12.34,66.11],[12.35,66.25],[12.64,66.25],[12.63,66.11],[12.82,66.03],[12.93,66.25],[13.12,66.25],[12.94,66.62],[13.23,66.62],[13.24,66.77],[13.63,66.77],[13.54,67.0],[13.64,67.07],[14.13,67.07],[14.44,67.3],[14.55,67.52],[14.95,67.67],[15.07,67.97],[15.36,67.97],[15.58,68.27],[15.88,68.27],[15.88,68.35],[15.09,68.42],[14.98,68.27],[14.19,68.2],[14.19,68.35],[14.4,68.5],[14.9,68.57],[14.91,68.73],[14.41,68.65],[14.42,68.8],[14.93,68.95],[15.03,69.11],[15.33,69.03],[15.32,68.8],[15.52,68.8],[15.44,69.18],[15.75,69.33],[16.15,69.33],[16.14,69.18],[15.94,69.11],[15.92,68.88],[16.62,68.88],[16.61,68.73],[17.21,68.8],[17.23,69.03],[17.33,69.03],[17.32,68.88],[17.52,68.88],[17.65,69.18],[17.04,69.11],[16.96,69.33],[16.86,69.33],[16.87,69.49],[17.89,69.64],[17.98,69.49],[18.58,69.49],[18.59,69.56],[18.19,69.56],[18.2,69.72],[18.82,69.79],[18.72,69.87],[18.75,70.1],[18.86,70.18],[19.66,70.1],[19.59,70.33],[19.79,70.33],[19.88,70.26],[19.84,69.87],[20.04,69.87],[20.16,70.02],[20.36,70.02],[20.29,70.26],[20.81,70.33],[20.77,70.02],[21.77,69.95],[21.79,70.1],[21.38,70.1],[21.43,70.41],[22.03,70.33],[22.02,70.26],[22.33,70.33],[22.47,70.57],[22.37,70.57],[22.41,70.8],[23.44,70.88],[23.3,70.64],[23.5,70.64],[23.63,70.8],[24.33,70.72],[24.27,70.95],[25.21,71.03],[25.3,70.95],[25.34,71.19],[25.56,71.27],[26.06,71.19],[25.88,70.8],[25.34,70.64],[25.22,70.57],[25.3,70.41],[24.95,70.18],[24.15,70.26],[23.93,70.18],[23.83,70.18],[23.53,70.18],[23.5,70.02],[23.11,70.1],[23.1,70.02],[22.49,70.02],[22.46,69.87],[21.97,69.95],[22.05,69.79],[21.66,69.87],[21.33,69.72],[20.93,69.72],[20.71,69.56],[20.5,69.56],[20.53,69.79],[20.43,69.79],[20.29,69.49],[20.0,69.56],[19.78,69.41],[19.38,69.41],[18.54,69.11],[18.43,68.95],[17.91,68.8],[18.0,68.65],[17.6,68.65],[17.59,68.5],[17.29,68.5],[17.27,68.27],[17.06,68.12],[17.16,68.12],[17.15,68.05],[17.05,68.05],[17.04,67.97],[16.94,67.97],[16.94,67.89],[16.84,67.89],[16.83,67.82],[16.74,67.82],[16.74,67.89],[16.64,67.82],[16.43,67.74],[16.53,67.74],[16.53,67.67],[16.43,67.67],[16.43,67.74],[16.23,67.67],[16.32,67.52],[15.72,67.37],[15.0,66.77],[14.8,66.77],[13.79,65.96],[13.6,65.96],[13.2,65.66],[13.3,65.66],[13.29,65.59]],[[17.06,68.12],[16.95,68.05],[17.05,68.05],[17.06,68.12]],[[16.95,68.04],[16.85,67.97],[16.94,67.97],[16.95,68.04]],[[16.85,67.97],[16.74,67.89],[16.84,67.89],[16.85,67.97]]],[[[12.79,68.05],[12.89,68.05],[12.89,68.12],[13.19,68.12],[13.19,67.97],[12.79,67.89],[12.79,68.05]]],[[[16.43,67.67],[16.42,67.59],[16.32,67.59],[16.33,67.67],[16.43,67.67]]],[[[16.73,67.74],[16.63,67.74],[16.64,67.82],[16.74,67.82],[16.73,67.74]]],[[[14.09,68.2],[13.59,68.12],[13.58,68.05],[13.39,68.05],[13.39,68.12],[13.39,68.2],[13.7,68.42],[14.1,68.42],[14.09,68.2]]],[[[28.68,70.95],[29.29,70.95],[29.36,70.8],[30.07,70.8],[30.24,70.64],[30.65,70.64],[30.63,70.57],[31.12,70.49],[30.96,70.26],[30.43,70.18],[30.33,70.18],[30.47,70.33],[28.37,70.49],[28.44,70.8],[28.68,70.95]]],[[[26.75,71.03],[26.68,70.72],[26.56,70.64],[26.96,70.57],[27.09,70.72],[27.01,70.8],[27.23,70.88],[27.38,71.11],[28.22,71.19],[28.2,71.11],[28.49,71.03],[28.46,70.88],[28.25,70.88],[28.3,70.64],[28.06,70.49],[26.21,70.41],[26.11,70.41],[25.37,70.26],[25.41,70.49],[26.44,71.03],[26.75,71.03]]]]},"properties":{"id":"territory:Old Kingdom of Norway:1326","name":"노르웨이 왕국","name_en":"Old Kingdom of Norway","actor":"기타중립","valid_from":1326,"valid_to":1333,"wikidata":"Q202266","area":489170,"src":"cliopatria","confidence":"medium"}},{"type":"Feature","geometry":{"type":"Point","coordinates":[11.796,63.105]},"properties":{"id":"territory:Old Kingdom of Norway:1326:label","name":"노르웨이 왕국","name_en":"Old Kingdom of Norway","actor":"기타중립","valid_from":1326,"valid_to":1333,"wikidata":"Q202266","area":489170,"src":"cliopatria","confidence":"medium"}},{"type":"Feature","geometry":{"type":"MultiPolygon","coordinates":[[[[11.02,42.63],[11.02,42.82],[10.78,42.95],[10.78,43.15],[10.78,43.21],[10.86,43.41],[11.26,43.47],[11.58,43.34],[11.66,43.15],[11.9,43.15],[11.98,43.15],[12.06,42.76],[11.74,42.63],[11.57,42.37],[11.49,42.37],[11.41,42.37],[11.42,42.43],[11.34,42.43],[11.26,42.43],[11.26,42.5],[11.18,42.63],[11.02,42.63]]],[[[11.27,47.6],[11.27,47.47],[11.02,47.4],[10.94,47.53],[11.27,47.6]]],[[[11.37,51.25],[11.55,51.58],[11.38,51.71],[10.95,51.71],[10.87,51.45],[11.21,51.51],[11.12,51.31],[10.27,51.31],[9.94,51.05],[10.02,50.85],[10.36,50.85],[10.36,50.65],[10.53,50.65],[10.78,50.91],[10.36,51.18],[10.87,51.25],[10.7,51.11],[11.03,51.11],[11.2,50.98],[11.29,50.78],[11.03,50.71],[10.86,50.51],[10.36,50.51],[10.36,50.18],[10.69,50.05],[11.11,50.11],[11.11,50.25],[11.28,50.25],[11.2,50.51],[11.28,50.58],[11.54,50.51],[11.71,50.71],[11.96,50.71],[12.05,50.85],[12.21,50.78],[12.21,50.65],[11.96,50.58],[11.96,50.31],[12.12,50.25],[12.12,50.18],[11.87,50.18],[11.7,49.91],[11.2,49.78],[11.28,49.52],[11.03,49.45],[11.03,49.25],[11.28,49.18],[10.86,49.05],[11.03,48.99],[10.94,48.85],[10.61,48.92],[10.36,49.25],[10.03,49.12],[10.03,48.99],[10.28,48.85],[10.28,48.72],[10.44,48.59],[10.53,48.26],[10.2,48.26],[10.12,48.06],[10.36,47.99],[10.53,48.19],[10.45,47.8],[10.69,47.73],[10.61,47.6],[10.45,47.6],[10.37,47.33],[10.2,47.33],[10.12,47.2],[10.12,46.94],[10.45,46.94],[10.45,46.55],[11.19,46.61],[11.11,46.41],[11.27,46.41],[11.52,46.61],[11.84,46.68],[12.58,46.61],[12.58,46.48],[12.42,46.41],[12.41,45.89],[12.49,45.82],[12.17,45.82],[12.0,45.56],[12.0,45.37],[12.16,45.37],[12.16,45.3],[12.16,45.17],[12.4,45.04],[12.4,44.78],[12.16,44.78],[12.16,44.71],[11.99,44.65],[11.75,44.84],[11.35,44.91],[11.18,44.32],[10.86,44.25],[10.7,43.8],[10.21,43.93],[10.21,43.99],[10.13,43.99],[10.13,44.06],[10.05,44.06],[10.05,43.99],[9.97,43.99],[9.97,44.06],[9.97,44.12],[9.65,44.32],[9.64,44.52],[9.48,44.65],[9.16,44.71],[8.99,44.71],[8.91,44.58],[8.59,44.65],[8.35,44.45],[8.35,44.32],[8.35,44.25],[8.27,44.25],[8.27,44.19],[8.19,44.19],[8.19,44.12],[7.47,44.12],[7.47,44.12],[6.9,44.32],[6.97,44.71],[6.97,44.78],[7.29,44.84],[7.2,45.3],[7.28,45.43],[7.44,45.56],[7.93,45.56],[8.0,45.89],[7.35,45.96],[6.93,46.41],[6.36,46.41],[6.53,46.09],[6.78,45.89],[6.29,45.76],[6.29,45.89],[6.04,45.89],[6.04,46.09],[5.87,46.09],[5.71,45.96],[5.72,45.69],[5.89,45.56],[5.81,45.43],[5.65,45.43],[5.48,45.69],[5.07,45.63],[5.3,46.28],[5.38,46.28],[5.95,46.28],[5.95,46.35],[6.34,46.81],[6.67,47.07],[6.83,47.07],[6.83,47.2],[6.99,47.27],[6.98,47.53],[7.4,47.47],[7.56,47.6],[7.55,47.93],[7.47,48.06],[7.22,48.06],[7.14,47.93],[6.89,47.93],[6.14,47.99],[5.82,47.86],[5.65,48.06],[5.48,48.06],[5.47,48.26],[5.22,48.46],[4.88,48.52],[4.87,48.99],[5.03,49.12],[4.86,49.18],[4.67,49.58],[4.58,49.91],[4.49,49.91],[4.49,49.98],[4.41,49.98],[4.39,50.25],[4.64,50.45],[5.05,50.71],[5.22,50.71],[5.28,51.18],[5.78,51.38],[5.78,51.51],[5.61,51.65],[5.26,51.71],[5.17,51.85],[5.26,51.85],[5.25,52.05],[5.0,52.05],[5.07,52.32],[4.9,52.38],[4.89,52.52],[5.06,52.52],[5.06,52.65],[5.05,52.72],[5.39,52.86],[5.39,52.99],[5.21,53.12],[5.54,53.39],[6.23,53.53],[6.92,53.46],[6.91,53.6],[7.08,53.73],[7.94,53.73],[8.03,53.66],[7.95,53.53],[8.12,53.53],[8.2,53.66],[8.38,53.66],[8.46,53.94],[8.89,53.87],[8.8,54.14],[8.8,54.21],[8.89,54.34],[9.15,54.21],[9.93,54.27],[10.19,54.48],[10.27,54.48],[11.05,54.41],[11.05,54.21],[10.88,54.07],[11.4,54.0],[11.4,54.14],[12.09,54.27],[12.44,54.48],[13.05,54.48],[13.14,54.68],[13.41,54.75],[13.66,54.61],[13.74,54.27],[13.3,54.21],[14.17,54.07],[14.16,53.87],[13.98,53.8],[14.5,53.73],[14.51,54.0],[15.04,54.21],[15.99,54.27],[16.62,54.68],[17.41,54.82],[17.5,54.82],[17.56,54.41],[17.39,54.41],[17.38,54.27],[17.11,54.14],[17.09,53.8],[17.18,53.8],[17.08,53.6],[16.99,53.6],[16.99,53.53],[16.9,53.53],[16.66,53.8],[16.31,53.8],[16.41,54.0],[15.98,54.07],[16.05,53.66],[15.79,53.73],[15.7,53.66],[15.78,53.46],[15.44,53.53],[15.26,53.26],[14.82,53.19],[14.65,53.06],[14.48,53.06],[14.23,53.26],[14.32,53.39],[13.9,53.73],[13.55,53.66],[13.2,53.33],[12.17,53.39],[11.91,53.6],[11.74,53.6],[11.56,53.39],[11.31,53.46],[11.13,53.33],[11.22,53.19],[11.39,53.19],[11.39,53.06],[11.22,53.06],[11.04,52.86],[11.13,52.52],[11.9,52.59],[12.33,52.79],[12.33,52.65],[12.58,52.45],[12.41,52.32],[12.4,52.18],[12.15,52.12],[12.23,51.92],[12.4,51.85],[12.31,51.58],[11.97,51.58],[12.05,51.38],[11.37,51.25]],[[10.28,48.39],[10.2,48.39],[10.11,48.46],[10.11,48.32],[10.28,48.39]],[[10.03,48.32],[10.03,48.39],[9.45,48.46],[9.45,48.19],[10.03,48.32]],[[9.37,48.26],[9.37,48.32],[9.2,48.39],[9.2,48.26],[9.37,48.26]]],[[[3.64,50.25],[3.64,50.31],[3.63,50.38],[3.97,50.38],[4.14,50.25],[4.15,50.05],[4.07,50.05],[4.07,49.98],[3.99,49.98],[3.98,50.05],[3.9,50.05],[3.82,50.05],[3.81,50.11],[3.73,50.11],[3.73,50.18],[3.64,50.18],[3.64,50.25]]],[[[12.22,51.25],[12.22,51.05],[11.96,51.05],[11.96,51.11],[11.88,51.18],[12.05,51.31],[12.22,51.25]]],[[[14.12,45.5],[14.2,45.5],[14.28,45.43],[14.19,45.04],[13.87,45.1],[13.87,45.17],[13.79,45.24],[14.12,45.5]]],[[[13.71,45.43],[13.71,45.76],[13.63,45.76],[13.56,46.02],[13.89,46.22],[13.97,46.22],[13.97,46.15],[14.05,46.15],[14.05,46.09],[14.05,46.02],[14.13,46.02],[14.13,45.96],[14.04,45.5],[13.95,45.5],[13.71,45.43]]],[[[12.34,47.33],[12.51,47.4],[12.51,47.66],[12.76,47.66],[12.84,47.53],[13.09,47.6],[12.92,47.73],[12.93,47.93],[12.76,47.99],[12.77,48.19],[12.93,48.06],[13.18,48.06],[13.18,47.93],[13.42,47.66],[13.41,47.27],[13.66,47.27],[13.74,47.07],[13.08,47.07],[13.0,47.07],[12.18,47.07],[12.18,47.27],[12.34,47.33]]],[[[14.01,48.52],[13.93,48.52],[13.93,48.46],[13.85,48.46],[13.77,48.59],[13.27,48.59],[13.19,48.85],[13.36,48.85],[13.36,48.99],[13.44,48.99],[13.53,48.99],[13.52,48.92],[13.61,48.92],[14.1,48.65],[14.1,48.59],[14.02,48.59],[14.01,48.52]]],[[[12.55,50.91],[12.81,50.98],[12.8,50.78],[12.72,50.78],[12.72,50.71],[12.8,50.65],[12.63,50.65],[12.55,50.91]]],[[[14.09,51.58],[14.26,51.58],[14.26,51.51],[14.26,51.45],[14.25,51.38],[14.25,51.31],[14.34,51.31],[14.33,51.25],[14.16,51.11],[13.99,51.18],[14.08,51.18],[14.08,51.31],[13.91,51.38],[14.09,51.58]]],[[[12.64,51.38],[12.73,51.45],[12.81,51.45],[12.9,51.45],[12.9,51.31],[12.64,51.38]]]]},"properties":{"id":"territory:Holy Roman Empire Minor States:1363","name":"신성로마제국 소국","name_en":"Holy Roman Empire Minor States","actor":"기타중립","valid_from":1363,"valid_to":1375,"wikidata":"Q12548","area":487206,"src":"cliopatria","confidence":"medium"}},{"type":"Feature","geometry":{"type":"Point","coordinates":[9.067,49.814]},"properties":{"id":"territory:Holy Roman Empire Minor States:1363:label","name":"신성로마제국 소국","name_en":"Holy Roman Empire Minor States","actor":"기타중립","valid_from":1363,"valid_to":1375,"wikidata":"Q12548","area":487206,"src":"cliopatria","confidence":"medium"}},{"type":"Feature","geometry":{"type":"Polygon","coordinates":[[[64.16,38.55],[64.01,38.55],[63.57,39.0],[63.42,39.0],[63.25,39.26],[63.09,39.26],[62.73,39.71],[62.65,39.71],[62.38,39.58],[61.66,39.51],[60.19,39.0],[59.82,38.42],[59.9,38.42],[59.86,38.22],[59.93,38.22],[59.89,38.03],[59.97,38.03],[59.93,37.84],[60.09,37.51],[60.13,37.0],[60.21,37.0],[60.19,36.93],[60.0,35.26],[59.63,34.55],[59.28,34.36],[59.38,33.65],[59.68,33.2],[60.29,33.2],[60.72,33.46],[61.01,33.33],[61.04,33.07],[61.18,33.01],[61.15,32.88],[61.29,32.81],[61.27,32.69],[61.4,32.56],[61.26,32.24],[61.34,32.24],[62.38,32.49],[65.13,32.88],[65.97,33.2],[67.19,33.2],[67.3,33.33],[67.95,33.52],[68.01,33.78],[68.28,33.97],[68.32,34.16],[68.84,34.74],[68.92,35.39],[68.75,35.64],[68.79,36.16],[68.69,36.35],[68.84,37.25],[67.92,37.0],[67.75,37.25],[67.12,37.25],[67.0,37.38],[66.52,37.32],[65.63,37.51],[65.24,37.84],[64.66,38.03],[64.37,38.42],[64.15,38.48],[64.16,38.55]]]},"properties":{"id":"territory:Kartids:1352","name":"카르트 왕조","name_en":"Kartids","actor":"기타중립","valid_from":1352,"valid_to":1375,"wikidata":"Q1734616","area":474715,"src":"cliopatria","confidence":"medium"}},{"type":"Feature","geometry":{"type":"Point","coordinates":[63.766,35.708]},"properties":{"id":"territory:Kartids:1352:label","name":"카르트 왕조","name_en":"Kartids","actor":"기타중립","valid_from":1352,"valid_to":1375,"wikidata":"Q1734616","area":474715,"src":"cliopatria","confidence":"medium"}},{"type":"Feature","geometry":{"type":"MultiPolygon","coordinates":[[[[11.02,42.63],[11.02,42.82],[10.78,42.95],[10.78,43.15],[10.78,43.21],[10.86,43.41],[11.26,43.47],[11.58,43.34],[11.66,43.15],[11.9,43.15],[11.98,43.15],[12.06,42.76],[11.74,42.63],[11.57,42.37],[11.49,42.37],[11.41,42.37],[11.42,42.43],[11.34,42.43],[11.26,42.43],[11.26,42.5],[11.18,42.63],[11.02,42.63]]],[[[11.27,47.6],[11.27,47.53],[11.27,47.47],[11.02,47.4],[10.94,47.53],[11.02,47.53],[11.02,47.6],[11.11,47.6],[11.19,47.6],[11.27,47.6]]],[[[11.9,52.59],[12.33,52.79],[12.33,52.65],[12.58,52.45],[12.41,52.32],[12.4,52.18],[12.15,52.12],[12.23,51.92],[12.4,51.85],[12.31,51.58],[11.97,51.58],[12.05,51.38],[11.37,51.25],[11.55,51.58],[11.38,51.71],[10.95,51.71],[10.87,51.45],[11.21,51.51],[11.12,51.31],[10.27,51.31],[9.94,51.05],[10.02,50.85],[10.36,50.85],[10.36,50.65],[10.53,50.65],[10.78,50.91],[10.36,51.18],[10.87,51.25],[10.7,51.11],[11.03,51.11],[11.2,50.98],[11.29,50.78],[11.03,50.71],[10.86,50.51],[10.36,50.51],[10.36,50.18],[10.69,50.05],[11.11,50.11],[11.11,50.25],[11.28,50.25],[11.2,50.51],[11.28,50.58],[11.54,50.51],[11.71,50.71],[11.96,50.71],[12.05,50.85],[12.21,50.78],[12.21,50.65],[11.96,50.58],[11.96,50.31],[12.12,50.25],[12.12,50.18],[11.87,50.18],[11.7,49.91],[11.2,49.78],[11.28,49.52],[11.03,49.45],[11.03,49.25],[11.28,49.18],[10.86,49.05],[11.03,48.99],[10.94,48.85],[10.61,48.92],[10.36,49.25],[10.03,49.12],[10.03,48.99],[10.28,48.85],[10.28,48.72],[10.44,48.59],[10.53,48.26],[10.2,48.26],[10.12,48.06],[10.36,47.99],[10.53,48.19],[10.45,47.8],[10.69,47.73],[10.61,47.6],[10.45,47.6],[10.37,47.33],[10.2,47.33],[10.12,47.2],[10.12,46.94],[10.45,46.94],[10.45,46.55],[11.19,46.61],[11.11,46.41],[11.27,46.41],[11.52,46.61],[11.84,46.68],[12.58,46.61],[12.58,46.48],[12.42,46.41],[12.41,45.89],[12.49,45.82],[12.17,45.82],[12.0,45.56],[12.0,45.37],[12.16,45.37],[12.16,45.3],[12.16,45.17],[12.4,45.04],[12.4,44.78],[12.16,44.78],[12.16,44.71],[11.99,44.65],[11.75,44.84],[11.35,44.91],[11.18,44.32],[10.86,44.25],[10.7,43.8],[10.21,43.93],[10.21,43.99],[10.13,43.99],[10.13,44.06],[10.05,44.06],[10.05,43.99],[9.97,43.99],[9.97,44.06],[9.97,44.12],[9.65,44.32],[9.64,44.52],[9.48,44.65],[9.16,44.71],[8.99,44.71],[8.91,44.58],[8.59,44.65],[8.35,44.45],[8.35,44.32],[8.35,44.25],[8.27,44.25],[8.27,44.19],[8.19,44.19],[8.19,44.12],[7.47,44.12],[7.47,44.12],[6.9,44.32],[6.97,44.71],[6.97,44.78],[7.29,44.84],[7.2,45.3],[7.28,45.43],[7.44,45.56],[7.93,45.56],[8.0,45.89],[7.35,45.96],[6.93,46.41],[6.36,46.41],[6.53,46.09],[6.78,45.89],[6.29,45.76],[6.29,45.89],[6.04,45.89],[6.04,46.09],[5.87,46.09],[5.71,45.96],[5.72,45.69],[5.89,45.56],[5.81,45.43],[5.65,45.43],[5.48,45.69],[5.07,45.69],[5.07,45.76],[5.07,45.82],[5.15,45.82],[5.3,46.28],[5.38,46.28],[5.95,46.28],[5.95,46.35],[6.34,46.81],[6.67,47.07],[6.83,47.07],[6.83,47.2],[6.99,47.27],[6.98,47.53],[7.4,47.47],[7.56,47.6],[7.55,47.93],[7.47,48.06],[7.22,48.06],[7.14,47.93],[6.89,47.93],[6.14,47.99],[5.82,47.86],[5.65,48.06],[5.48,48.06],[5.47,48.26],[5.22,48.46],[4.88,48.52],[4.87,48.99],[5.03,49.12],[4.86,49.18],[4.67,49.58],[4.58,49.91],[4.49,49.91],[4.49,49.98],[4.41,49.98],[4.39,50.25],[4.64,50.45],[5.05,50.71],[5.22,50.71],[5.28,51.18],[5.78,51.38],[5.78,51.51],[5.61,51.65],[5.26,51.71],[5.17,51.85],[5.26,51.85],[5.25,52.05],[5.0,52.05],[5.07,52.32],[4.9,52.38],[4.89,52.52],[5.06,52.52],[5.06,52.65],[5.05,52.72],[5.39,52.86],[5.39,52.99],[5.21,53.12],[5.54,53.39],[6.23,53.53],[6.92,53.46],[6.91,53.6],[7.08,53.73],[7.94,53.73],[8.03,53.66],[7.95,53.53],[8.12,53.53],[8.2,53.66],[8.38,53.66],[8.46,53.94],[8.89,53.87],[8.8,54.14],[8.8,54.21],[8.89,54.34],[9.15,54.21],[9.93,54.27],[10.19,54.48],[10.27,54.48],[11.05,54.41],[11.05,54.21],[10.79,54.0],[10.88,54.0],[11.05,53.87],[11.05,53.73],[10.62,53.39],[11.13,53.26],[11.39,53.19],[11.39,53.06],[11.3,53.06],[11.22,53.06],[11.04,52.86],[11.13,52.52],[11.9,52.59]],[[10.28,48.39],[10.2,48.39],[10.11,48.46],[10.11,48.32],[10.28,48.39]],[[10.03,48.32],[10.03,48.39],[9.45,48.46],[9.45,48.19],[10.03,48.32]],[[9.37,48.26],[9.37,48.32],[9.2,48.39],[9.2,48.26],[9.37,48.26]]],[[[3.64,50.18],[3.64,50.25],[3.64,50.31],[3.63,50.38],[3.97,50.38],[4.14,50.25],[4.15,50.05],[4.07,50.05],[4.07,49.98],[3.99,49.98],[3.98,50.05],[3.9,50.05],[3.82,50.05],[3.81,50.11],[3.73,50.11],[3.73,50.18],[3.64,50.18]]],[[[12.22,51.25],[12.22,51.05],[11.96,51.05],[11.96,51.11],[11.88,51.18],[12.05,51.31],[12.22,51.25]]],[[[13.95,45.5],[13.71,45.43],[13.71,45.76],[13.63,45.76],[13.56,46.02],[13.89,46.22],[13.97,46.22],[13.97,46.15],[14.05,46.15],[14.05,46.09],[14.05,46.02],[14.13,46.02],[14.13,45.96],[14.04,45.5],[13.95,45.5]]],[[[12.34,47.33],[12.51,47.4],[12.51,47.66],[12.76,47.66],[12.84,47.53],[13.09,47.6],[12.92,47.73],[12.93,47.93],[12.76,47.99],[12.77,48.19],[12.93,48.06],[13.18,48.06],[13.18,47.93],[13.42,47.66],[13.41,47.27],[13.66,47.27],[13.74,47.07],[13.08,47.07],[13.0,47.07],[12.18,47.07],[12.18,47.27],[12.34,47.33]]],[[[14.02,48.59],[14.01,48.52],[13.93,48.52],[13.93,48.46],[13.85,48.46],[13.77,48.59],[13.27,48.59],[13.19,48.85],[13.36,48.85],[13.36,48.99],[13.44,48.99],[13.53,48.99],[13.52,48.92],[13.61,48.92],[14.1,48.65],[14.1,48.59],[14.02,48.59]]],[[[12.55,50.91],[12.81,50.98],[12.8,50.78],[12.72,50.78],[12.72,50.71],[12.8,50.65],[12.63,50.65],[12.55,50.91]]],[[[14.09,51.58],[14.26,51.58],[14.26,51.51],[14.26,51.45],[14.25,51.38],[14.25,51.31],[14.34,51.31],[14.33,51.25],[14.16,51.11],[13.99,51.18],[14.08,51.18],[14.08,51.31],[13.91,51.38],[14.09,51.58]]],[[[12.64,51.38],[12.73,51.45],[12.81,51.45],[12.9,51.45],[12.9,51.31],[12.64,51.38]]],[[[15.98,54.07],[16.05,53.66],[15.79,53.73],[15.7,53.66],[15.78,53.46],[15.44,53.53],[15.26,53.26],[14.82,53.19],[14.65,53.06],[14.48,53.06],[14.23,53.26],[14.32,53.39],[13.9,53.73],[13.55,53.66],[13.2,53.33],[12.77,53.39],[13.12,53.66],[13.03,53.66],[13.04,53.8],[12.86,53.8],[12.95,53.94],[12.44,54.27],[12.44,54.41],[12.44,54.48],[13.05,54.48],[13.14,54.68],[13.41,54.75],[13.66,54.61],[13.74,54.27],[13.3,54.21],[14.17,54.07],[14.16,53.87],[13.98,53.8],[14.5,53.73],[14.51,54.0],[15.04,54.21],[15.99,54.27],[16.62,54.68],[17.41,54.82],[17.5,54.82],[17.56,54.41],[17.39,54.41],[17.38,54.27],[17.11,54.14],[17.09,53.8],[17.18,53.8],[17.08,53.6],[16.82,53.6],[16.66,53.8],[16.4,53.8],[16.31,53.8],[16.41,54.0],[15.98,54.07]]]]},"properties":{"id":"territory:Holy Roman Empire Minor States:1375","name":"신성로마제국 소국","name_en":"Holy Roman Empire Minor States","actor":"기타중립","valid_from":1375,"valid_to":1385,"wikidata":"Q12548","area":474549,"src":"cliopatria","confidence":"medium"}},{"type":"Feature","geometry":{"type":"Point","coordinates":[8.56,49.401]},"properties":{"id":"territory:Holy Roman Empire Minor States:1375:label","name":"신성로마제국 소국","name_en":"Holy Roman Empire Minor States","actor":"기타중립","valid_from":1375,"valid_to":1385,"wikidata":"Q12548","area":474549,"src":"cliopatria","confidence":"medium"}},{"type":"Feature","geometry":{"type":"Polygon","coordinates":[[[64.16,38.55],[64.01,38.55],[63.57,39.0],[63.42,39.0],[63.25,39.26],[63.09,39.26],[62.65,39.71],[62.38,39.58],[61.66,39.51],[60.19,39.0],[59.82,38.42],[59.9,38.42],[59.86,38.22],[59.93,38.22],[59.89,38.03],[59.97,38.03],[59.93,37.84],[60.09,37.51],[60.13,37.0],[60.21,37.0],[60.19,36.93],[60.0,35.26],[59.63,34.55],[59.28,34.36],[59.38,33.65],[59.68,33.2],[60.29,33.2],[60.72,33.46],[61.01,33.33],[61.04,33.07],[61.18,33.01],[61.15,32.88],[61.29,32.81],[61.27,32.69],[61.4,32.56],[61.26,32.24],[61.34,32.24],[62.38,32.49],[65.13,32.88],[65.97,33.2],[67.19,33.2],[67.3,33.33],[67.87,33.52],[67.95,33.52],[68.01,33.78],[68.28,33.97],[68.32,34.16],[68.84,34.74],[68.92,35.39],[68.75,35.64],[68.79,36.16],[68.69,36.35],[68.84,37.25],[67.92,37.0],[67.75,37.25],[67.12,37.25],[67.0,37.38],[66.52,37.32],[65.63,37.51],[65.24,37.84],[64.66,38.03],[64.37,38.42],[64.15,38.48],[64.16,38.55]]]},"properties":{"id":"territory:Kartids:1344","name":"카르트 왕조","name_en":"Kartids","actor":"기타중립","valid_from":1344,"valid_to":1352,"wikidata":"Q1734616","area":474468,"src":"cliopatria","confidence":"medium"}},{"type":"Feature","geometry":{"type":"Point","coordinates":[63.765,35.707]},"properties":{"id":"territory:Kartids:1344:label","name":"카르트 왕조","name_en":"Kartids","actor":"기타중립","valid_from":1344,"valid_to":1352,"wikidata":"Q1734616","area":474468,"src":"cliopatria","confidence":"medium"}},{"type":"Feature","geometry":{"type":"MultiPolygon","coordinates":[[[[11.02,42.63],[11.02,42.82],[10.78,42.95],[10.78,43.15],[10.78,43.21],[10.86,43.41],[11.26,43.47],[11.58,43.34],[11.66,43.15],[11.9,43.15],[11.98,43.15],[12.06,42.76],[11.74,42.63],[11.57,42.37],[11.49,42.37],[11.41,42.37],[11.42,42.43],[11.34,42.43],[11.26,42.43],[11.26,42.5],[11.18,42.63],[11.02,42.63]]],[[[11.27,47.6],[11.27,47.53],[11.27,47.47],[11.02,47.4],[10.94,47.53],[11.02,47.53],[11.02,47.6],[11.11,47.6],[11.19,47.6],[11.27,47.6]]],[[[11.38,52.52],[12.15,52.65],[12.33,52.79],[12.33,52.65],[12.58,52.45],[12.41,52.32],[12.4,52.18],[12.15,52.12],[12.23,51.92],[12.4,51.85],[12.31,51.58],[11.97,51.58],[12.05,51.38],[11.37,51.25],[11.55,51.58],[11.38,51.71],[10.95,51.71],[10.87,51.45],[11.21,51.51],[11.12,51.31],[10.27,51.31],[9.94,51.05],[10.02,50.85],[10.36,50.85],[10.36,50.65],[10.53,50.65],[10.78,50.91],[10.36,51.18],[10.87,51.25],[10.7,51.11],[11.03,51.11],[11.2,50.98],[11.29,50.78],[11.03,50.71],[10.86,50.51],[10.36,50.51],[10.36,50.18],[10.69,50.05],[11.11,50.11],[11.11,50.25],[11.28,50.25],[11.2,50.51],[11.28,50.58],[11.54,50.51],[11.71,50.71],[11.96,50.71],[12.05,50.85],[12.21,50.78],[12.21,50.65],[11.96,50.58],[11.96,50.31],[12.12,50.25],[12.12,50.18],[11.87,50.18],[11.7,49.91],[11.2,49.78],[11.28,49.52],[11.03,49.45],[11.03,49.25],[11.28,49.18],[10.86,49.05],[11.03,48.99],[10.94,48.85],[10.61,48.92],[10.36,49.25],[10.03,49.12],[10.03,48.99],[10.28,48.85],[10.28,48.72],[10.44,48.59],[10.53,48.26],[10.2,48.26],[10.12,48.06],[10.36,47.99],[10.53,48.19],[10.45,47.8],[10.69,47.73],[10.61,47.6],[10.45,47.6],[10.37,47.33],[10.2,47.33],[10.12,47.2],[10.12,46.94],[10.45,46.94],[10.45,46.55],[11.19,46.61],[11.11,46.41],[11.27,46.41],[11.52,46.61],[11.84,46.68],[12.58,46.61],[12.58,46.48],[12.42,46.41],[12.41,45.89],[12.49,45.82],[12.17,45.82],[12.0,45.56],[12.0,45.37],[12.16,45.37],[12.16,45.3],[12.16,45.17],[12.4,45.04],[12.4,44.78],[12.16,44.78],[12.16,44.71],[11.99,44.65],[11.75,44.84],[11.35,44.91],[11.18,44.32],[10.86,44.25],[10.7,43.8],[10.21,43.93],[10.21,43.99],[10.13,43.99],[10.13,44.06],[10.05,44.06],[10.05,43.99],[9.97,43.99],[9.97,44.06],[9.97,44.12],[9.65,44.32],[9.64,44.52],[9.48,44.65],[9.16,44.71],[8.99,44.71],[8.91,44.58],[8.59,44.65],[8.35,44.45],[8.35,44.32],[8.35,44.25],[8.27,44.25],[8.27,44.19],[8.19,44.19],[8.19,44.12],[7.47,44.12],[6.9,44.32],[6.97,44.78],[7.29,44.84],[7.2,45.3],[7.28,45.43],[7.44,45.56],[7.93,45.56],[8.0,45.89],[7.35,45.96],[6.93,46.41],[6.36,46.41],[6.53,46.09],[6.78,45.89],[6.29,45.76],[6.29,45.89],[6.04,45.89],[6.04,46.09],[5.87,46.09],[5.71,45.96],[5.72,45.69],[5.89,45.56],[5.81,45.43],[5.65,45.43],[5.48,45.69],[5.07,45.69],[5.07,45.76],[5.07,45.82],[5.15,45.82],[5.3,46.28],[5.87,46.28],[5.95,46.28],[5.95,46.35],[6.34,46.81],[6.67,47.07],[6.83,47.07],[6.83,47.2],[6.99,47.27],[6.98,47.53],[7.4,47.47],[7.56,47.6],[7.55,47.93],[7.47,48.06],[7.22,48.06],[7.14,47.93],[6.89,47.93],[6.14,47.99],[5.82,47.86],[5.65,48.06],[5.48,48.06],[5.47,48.26],[5.22,48.46],[4.88,48.52],[4.87,48.99],[5.03,49.12],[4.86,49.18],[4.67,49.58],[4.58,49.91],[4.49,49.91],[4.49,49.98],[4.41,49.98],[4.39,50.25],[4.64,50.45],[5.05,50.71],[5.22,50.71],[5.28,51.18],[5.78,51.38],[5.78,51.51],[5.61,51.65],[5.26,51.71],[5.17,51.85],[5.26,51.85],[5.25,52.05],[5.0,52.05],[5.07,52.32],[4.9,52.38],[4.89,52.52],[5.06,52.52],[5.06,52.65],[5.05,52.72],[5.39,52.86],[5.39,52.99],[5.21,53.12],[5.54,53.39],[6.23,53.53],[6.92,53.46],[6.91,53.6],[7.08,53.73],[7.94,53.73],[8.03,53.66],[7.95,53.53],[8.12,53.53],[8.2,53.66],[8.38,53.66],[8.46,53.94],[8.89,53.87],[8.8,54.14],[8.8,54.21],[8.89,54.34],[9.15,54.21],[9.93,54.27],[10.19,54.48],[10.27,54.48],[11.05,54.41],[11.05,54.21],[10.79,54.0],[10.88,54.0],[11.05,53.87],[11.05,53.73],[10.62,53.39],[11.13,53.26],[11.39,53.19],[11.39,53.06],[11.13,52.99],[11.04,52.72],[11.04,52.65],[11.13,52.65],[11.13,52.52],[11.38,52.52]],[[10.11,48.32],[10.2,48.32],[10.28,48.39],[10.11,48.46],[10.11,48.32]],[[9.78,48.32],[10.03,48.26],[10.03,48.39],[9.86,48.46],[9.86,48.39],[9.45,48.46],[9.45,48.19],[9.78,48.32]],[[9.79,47.33],[9.71,47.4],[9.62,47.4],[9.54,47.27],[9.71,47.2],[9.79,47.33]],[[9.2,48.39],[9.2,48.32],[9.37,48.26],[9.37,48.39],[9.2,48.39]],[[8.54,48.32],[8.54,48.26],[8.71,48.19],[8.79,48.32],[8.54,48.32]],[[8.53,48.59],[8.54,48.52],[8.62,48.52],[8.7,48.52],[8.7,48.59],[8.7,48.65],[8.62,48.65],[8.62,48.59],[8.53,48.59]],[[8.29,48.59],[8.29,48.52],[8.37,48.52],[8.37,48.46],[8.45,48.46],[8.45,48.52],[8.45,48.59],[8.37,48.59],[8.29,48.59]],[[8.46,47.99],[8.46,48.06],[8.38,48.06],[8.38,48.13],[8.29,48.13],[8.21,48.13],[8.21,48.06],[8.21,47.99],[8.3,47.99],[8.38,47.99],[8.46,47.99]],[[8.46,48.32],[8.37,48.39],[8.29,48.39],[8.21,48.39],[8.21,48.26],[8.46,48.32]],[[7.94,44.58],[7.94,44.78],[7.86,44.78],[7.7,44.84],[7.78,44.45],[7.94,44.58]]],[[[3.64,50.18],[3.64,50.25],[3.64,50.31],[3.63,50.38],[3.97,50.38],[4.14,50.25],[4.15,50.05],[4.07,50.05],[4.07,49.98],[3.99,49.98],[3.98,50.05],[3.9,50.05],[3.82,50.05],[3.81,50.11],[3.73,50.11],[3.73,50.18],[3.64,50.18]]],[[[12.18,47.27],[12.34,47.33],[12.51,47.4],[12.51,47.66],[12.76,47.66],[12.84,47.53],[13.09,47.6],[12.92,47.73],[12.93,47.93],[12.76,47.99],[12.77,48.19],[12.93,48.06],[13.18,48.06],[13.18,47.93],[13.42,47.66],[13.41,47.27],[13.66,47.27],[13.74,47.07],[13.08,47.07],[13.0,47.07],[12.18,47.07],[12.18,47.27]]],[[[14.02,48.59],[14.01,48.52],[13.93,48.52],[13.93,48.46],[13.85,48.46],[13.77,48.59],[13.27,48.59],[13.19,48.85],[13.36,48.85],[13.36,48.99],[13.44,48.99],[13.53,48.99],[13.52,48.92],[13.61,48.92],[14.1,48.65],[14.1,48.59],[14.02,48.59]]],[[[12.55,50.91],[12.81,50.98],[12.8,50.78],[12.72,50.78],[12.72,50.71],[12.8,50.65],[12.63,50.65],[12.55,50.91]]],[[[12.22,51.25],[12.22,51.05],[11.96,51.05],[11.96,51.11],[11.88,51.18],[12.05,51.31],[12.22,51.25]]],[[[14.09,51.58],[14.26,51.58],[14.26,51.51],[14.26,51.45],[14.25,51.38],[14.25,51.31],[14.34,51.31],[14.33,51.25],[14.16,51.11],[13.99,51.18],[14.08,51.18],[14.08,51.31],[13.91,51.38],[14.09,51.58]]],[[[12.64,51.38],[12.73,51.45],[12.81,51.45],[12.9,51.45],[12.9,51.31],[12.64,51.38]]],[[[16.4,53.8],[16.31,53.8],[16.41,54.0],[15.98,54.07],[16.05,53.66],[15.79,53.73],[15.7,53.66],[15.78,53.46],[15.44,53.53],[15.26,53.26],[14.82,53.19],[14.65,53.06],[14.48,53.06],[14.23,53.26],[14.32,53.39],[13.9,53.73],[13.55,53.66],[13.2,53.33],[12.77,53.39],[13.12,53.66],[13.03,53.66],[13.04,53.8],[12.86,53.8],[12.95,53.94],[12.44,54.27],[12.44,54.41],[12.44,54.48],[13.05,54.48],[13.14,54.68],[13.41,54.75],[13.66,54.61],[13.74,54.27],[13.3,54.21],[14.17,54.07],[14.16,53.87],[13.98,53.8],[14.5,53.73],[14.51,54.0],[15.04,54.21],[15.99,54.27],[16.62,54.68],[17.41,54.82],[17.5,54.82],[17.56,54.41],[17.39,54.41],[17.38,54.27],[17.11,54.14],[17.09,53.8],[17.18,53.8],[17.08,53.6],[16.82,53.6],[16.66,53.8],[16.4,53.8]]]]},"properties":{"id":"territory:Holy Roman Empire Minor States:1385","name":"신성로마제국 소국","name_en":"Holy Roman Empire Minor States","actor":"기타중립","valid_from":1385,"valid_to":1395,"wikidata":"Q12548","area":470390,"src":"cliopatria","confidence":"medium"}},{"type":"Feature","geometry":{"type":"Point","coordinates":[8.56,49.4]},"properties":{"id":"territory:Holy Roman Empire Minor States:1385:label","name":"신성로마제국 소국","name_en":"Holy Roman Empire Minor States","actor":"기타중립","valid_from":1385,"valid_to":1395,"wikidata":"Q12548","area":470390,"src":"cliopatria","confidence":"medium"}},{"type":"Feature","geometry":{"type":"MultiPolygon","coordinates":[[[[7.22,44.19],[6.9,44.32],[6.97,44.78],[7.37,44.71],[7.46,44.58],[7.46,44.52],[7.46,44.39],[7.22,44.19]]],[[[11.02,47.4],[10.94,47.53],[11.27,47.6],[11.27,47.47],[11.02,47.4]]],[[[7.79,48.32],[7.71,48.32],[7.63,48.26],[7.64,47.8],[7.89,47.73],[7.73,47.53],[7.56,47.53],[7.73,47.33],[7.57,47.14],[7.32,47.14],[7.32,47.33],[6.99,47.27],[6.99,47.33],[6.99,47.4],[6.99,47.47],[6.98,47.53],[7.4,47.47],[7.56,47.6],[7.55,47.93],[7.47,48.06],[7.22,48.06],[7.14,47.93],[6.89,47.93],[6.14,47.99],[5.82,47.86],[5.65,48.06],[5.48,48.06],[5.47,48.26],[5.22,48.46],[4.88,48.52],[4.87,48.99],[5.03,49.12],[4.86,49.18],[4.67,49.58],[4.58,49.91],[4.49,49.91],[4.49,49.98],[4.41,49.98],[4.39,50.25],[4.64,50.45],[5.05,50.71],[5.22,50.71],[5.28,51.18],[5.78,51.38],[5.78,51.51],[5.61,51.65],[5.26,51.71],[5.17,51.85],[5.26,51.85],[5.25,52.05],[5.0,52.05],[5.07,52.32],[4.9,52.38],[4.89,52.52],[5.06,52.52],[5.06,52.65],[5.05,52.72],[5.39,52.86],[5.39,52.99],[5.21,53.12],[5.54,53.39],[6.23,53.53],[6.92,53.46],[6.91,53.6],[7.08,53.73],[7.94,53.73],[8.03,53.66],[7.95,53.53],[8.12,53.53],[8.2,53.66],[8.38,53.66],[8.46,53.94],[8.89,53.87],[8.8,54.14],[8.8,54.21],[8.89,54.34],[9.15,54.21],[9.93,54.27],[10.19,54.48],[10.27,54.48],[11.05,54.41],[11.05,54.21],[10.88,54.07],[11.4,54.0],[11.4,54.14],[12.09,54.27],[12.44,54.48],[13.05,54.48],[13.14,54.68],[13.41,54.75],[13.66,54.61],[13.74,54.27],[13.3,54.21],[14.17,54.07],[14.16,53.87],[13.98,53.8],[14.5,53.73],[14.51,54.0],[15.04,54.21],[15.99,54.27],[16.62,54.68],[17.41,54.82],[17.5,54.82],[17.56,54.41],[17.39,54.41],[17.38,54.27],[17.11,54.14],[17.09,53.8],[17.18,53.8],[17.08,53.6],[16.82,53.6],[16.66,53.8],[16.4,53.8],[16.31,53.8],[16.41,54.0],[15.98,54.07],[15.97,53.8],[16.06,53.8],[16.05,53.73],[15.7,53.66],[15.78,53.46],[15.44,53.53],[15.26,53.26],[14.82,53.19],[14.65,53.06],[14.48,53.06],[14.23,53.26],[14.32,53.39],[13.9,53.73],[13.55,53.66],[13.2,53.33],[12.17,53.39],[11.91,53.6],[11.74,53.6],[11.56,53.39],[11.31,53.46],[11.13,53.33],[11.22,53.19],[11.39,53.19],[11.39,53.06],[11.22,53.06],[11.04,52.86],[11.13,52.52],[11.9,52.59],[12.33,52.79],[12.33,52.65],[12.58,52.45],[12.41,52.32],[12.4,52.18],[12.15,52.12],[12.23,51.92],[12.4,51.85],[12.31,51.58],[11.97,51.58],[12.05,51.38],[11.37,51.25],[11.55,51.58],[11.38,51.71],[10.95,51.71],[10.87,51.45],[11.21,51.51],[11.12,51.31],[10.27,51.31],[9.94,51.05],[10.02,50.85],[10.36,50.85],[10.36,50.65],[10.53,50.65],[10.78,50.91],[10.36,51.18],[10.87,51.25],[10.7,51.11],[11.03,51.11],[11.2,50.98],[11.29,50.78],[11.03,50.71],[10.86,50.51],[10.36,50.51],[10.36,50.18],[10.69,50.05],[11.11,50.11],[11.11,50.25],[11.28,50.25],[11.2,50.51],[11.28,50.58],[11.54,50.51],[11.71,50.71],[11.96,50.71],[12.05,50.85],[12.21,50.78],[12.21,50.65],[11.96,50.58],[11.96,50.31],[12.12,50.25],[12.12,50.18],[11.87,50.18],[11.7,49.91],[11.2,49.78],[11.28,49.52],[11.03,49.45],[11.03,49.25],[11.28,49.18],[10.86,49.05],[11.03,48.99],[10.94,48.85],[10.61,48.92],[10.36,49.25],[10.03,49.12],[10.03,48.99],[10.28,48.85],[10.28,48.72],[10.44,48.59],[10.53,48.26],[10.2,48.26],[10.12,48.06],[10.36,47.99],[10.53,48.19],[10.45,47.8],[10.69,47.73],[10.61,47.6],[10.45,47.6],[10.37,47.33],[10.2,47.33],[10.12,47.2],[10.12,46.94],[10.45,46.94],[10.45,46.55],[11.19,46.61],[11.11,46.41],[11.27,46.41],[11.52,46.61],[11.84,46.68],[12.58,46.61],[12.58,46.48],[12.42,46.41],[12.41,45.89],[12.49,45.82],[12.17,45.82],[12.0,45.56],[12.0,45.37],[12.16,45.37],[12.16,45.3],[12.16,45.17],[12.4,45.04],[12.4,44.78],[12.16,44.78],[12.16,44.71],[11.99,44.65],[11.75,44.84],[11.35,44.91],[11.18,44.32],[10.86,44.25],[10.7,43.8],[10.21,43.93],[10.21,43.99],[10.13,43.99],[10.13,44.06],[10.05,44.06],[10.05,43.99],[9.97,43.99],[9.97,44.06],[9.97,44.12],[9.65,44.32],[9.64,44.52],[9.48,44.65],[8.99,44.71],[8.91,44.58],[8.19,44.58],[8.11,44.19],[7.63,44.12],[7.7,44.52],[7.86,44.45],[7.94,44.78],[7.7,44.84],[7.53,45.04],[7.61,45.3],[8.58,45.3],[8.58,45.56],[8.09,45.63],[7.92,45.96],[7.35,45.96],[6.93,46.41],[6.36,46.41],[6.53,46.09],[6.78,45.96],[6.45,45.76],[6.29,45.76],[6.29,45.89],[6.04,45.89],[6.04,46.09],[5.87,46.09],[5.71,45.96],[5.72,45.69],[5.89,45.56],[5.81,45.43],[5.65,45.43],[5.48,45.69],[5.07,45.69],[5.07,45.76],[5.07,45.82],[5.15,45.82],[5.3,46.28],[5.87,46.28],[5.95,46.28],[5.95,46.35],[6.11,46.48],[6.1,46.61],[6.83,47.14],[7.24,47.01],[7.33,46.87],[7.33,46.68],[7.17,46.55],[7.26,46.35],[7.75,46.55],[8.15,46.55],[8.32,46.68],[8.56,46.61],[8.72,46.94],[9.13,47.01],[8.88,47.2],[8.88,47.53],[8.71,47.66],[8.47,47.66],[8.14,47.27],[8.06,47.33],[8.14,47.53],[8.05,47.6],[8.22,47.66],[8.13,48.13],[8.21,48.13],[8.21,48.26],[7.96,48.26],[7.8,48.13],[7.79,48.32]],[[8.21,48.06],[8.21,47.99],[8.3,47.99],[8.38,47.99],[8.46,47.99],[8.46,48.06],[8.38,48.06],[8.38,48.13],[8.29,48.13],[8.21,48.13],[8.21,48.06]],[[10.2,48.46],[10.11,48.46],[10.11,48.32],[10.28,48.32],[10.2,48.46]],[[9.78,48.32],[10.03,48.26],[10.03,48.39],[9.95,48.39],[9.45,48.46],[9.45,48.19],[9.78,48.32]],[[9.71,47.2],[9.79,47.33],[9.71,47.33],[9.62,47.4],[9.54,47.27],[9.71,47.2]],[[9.37,48.32],[9.37,48.39],[9.2,48.39],[9.2,48.26],[9.37,48.32]],[[8.54,48.32],[8.54,48.26],[8.71,48.19],[8.79,48.32],[8.54,48.32]],[[8.54,48.52],[8.62,48.52],[8.7,48.52],[8.7,48.65],[8.54,48.52]],[[8.29,48.26],[8.29,48.32],[8.45,48.39],[8.21,48.39],[8.29,48.26]],[[8.45,48.52],[8.45,48.59],[8.29,48.59],[8.37,48.46],[8.45,48.52]]],[[[3.64,50.25],[3.64,50.31],[3.63,50.38],[3.97,50.38],[4.14,50.25],[4.15,50.05],[4.07,50.05],[4.07,49.98],[3.99,49.98],[3.98,50.05],[3.9,50.05],[3.82,50.05],[3.81,50.11],[3.73,50.11],[3.73,50.18],[3.64,50.18],[3.64,50.25]]],[[[11.02,42.63],[11.02,42.82],[10.78,42.95],[10.78,43.15],[10.78,43.21],[10.86,43.41],[11.26,43.47],[11.58,43.34],[11.66,43.15],[11.9,43.15],[11.98,43.15],[12.06,42.76],[11.74,42.63],[11.57,42.37],[11.49,42.37],[11.41,42.37],[11.42,42.43],[11.34,42.43],[11.26,42.43],[11.26,42.5],[11.18,42.63],[11.02,42.63]]],[[[12.51,47.4],[12.51,47.66],[12.76,47.66],[12.84,47.53],[13.09,47.6],[12.92,47.73],[12.93,47.93],[12.76,47.99],[12.77,48.19],[12.93,48.06],[13.18,48.06],[13.18,47.93],[13.42,47.66],[13.41,47.27],[13.66,47.27],[13.74,47.07],[13.08,47.07],[13.0,47.07],[12.18,47.07],[12.18,47.27],[12.34,47.33],[12.51,47.4]]],[[[14.01,48.52],[13.93,48.52],[13.93,48.46],[13.85,48.46],[13.77,48.59],[13.27,48.59],[13.19,48.85],[13.36,48.85],[13.36,48.99],[13.44,48.99],[13.53,48.99],[13.52,48.92],[13.61,48.92],[14.1,48.65],[14.1,48.59],[14.02,48.59],[14.01,48.52]]],[[[12.55,50.91],[12.81,50.98],[12.8,50.78],[12.72,50.78],[12.72,50.71],[12.8,50.65],[12.63,50.65],[12.55,50.91]]],[[[12.22,51.25],[12.22,51.05],[11.96,51.05],[11.96,51.11],[11.88,51.18],[12.05,51.31],[12.22,51.25]]],[[[14.09,51.58],[14.26,51.58],[14.26,51.51],[14.26,51.45],[14.25,51.38],[14.25,51.31],[14.34,51.31],[14.33,51.25],[14.16,51.11],[13.99,51.18],[14.08,51.18],[14.08,51.31],[13.91,51.38],[14.09,51.58]]],[[[12.64,51.38],[12.73,51.45],[12.81,51.45],[12.9,51.45],[12.9,51.31],[12.64,51.38]]]]},"properties":{"id":"territory:Holy Roman Empire Minor States:1395","name":"신성로마제국 소국","name_en":"Holy Roman Empire Minor States","actor":"기타중립","valid_from":1395,"valid_to":1402,"wikidata":"Q12548","area":458793,"src":"cliopatria","confidence":"medium"}},{"type":"Feature","geometry":{"type":"Point","coordinates":[9.132,50.005]},"properties":{"id":"territory:Holy Roman Empire Minor States:1395:label","name":"신성로마제국 소국","name_en":"Holy Roman Empire Minor States","actor":"기타중립","valid_from":1395,"valid_to":1402,"wikidata":"Q12548","area":458793,"src":"cliopatria","confidence":"medium"}},{"type":"Feature","geometry":{"type":"MultiPolygon","coordinates":[[[[-3.44,59.02],[-3.38,59.22],[-3.2,59.22],[-3.09,59.09],[-2.81,59.02],[-2.79,58.88],[-2.97,58.88],[-3.06,58.88],[-3.42,58.81],[-3.53,59.02],[-3.44,59.02]]],[[[-2.58,59.36],[-2.56,59.22],[-2.65,59.22],[-2.64,59.16],[-2.83,59.16],[-2.84,59.29],[-2.58,59.36]]],[[[-0.81,60.63],[-1.16,60.56],[-1.05,60.35],[-1.14,60.35],[-1.2,60.07],[-1.67,60.21],[-1.63,60.63],[-1.36,60.7],[-1.35,60.56],[-1.26,60.56],[-1.28,60.77],[-0.83,60.84],[-0.81,60.63]]],[[[-6.72,61.48],[-6.71,61.41],[-6.99,61.48],[-7.02,61.62],[-6.74,61.62],[-6.72,61.48]]],[[[-48.61,61.19],[-48.68,61.48],[-49.23,61.48],[-49.36,61.69],[-49.17,61.69],[-49.21,61.76],[-49.44,61.83],[-49.57,62.05],[-49.14,62.12],[-49.27,62.33],[-48.67,62.26],[-47.45,61.26],[-47.41,61.19],[-47.74,61.12],[-47.53,60.91],[-47.68,60.84],[-47.77,60.84],[-47.73,60.77],[-48.04,60.84],[-48.11,61.12],[-48.61,61.19]]],[[[-6.96,62.4],[-6.77,62.33],[-6.66,62.26],[-6.69,61.9],[-6.79,61.9],[-7.28,62.05],[-7.32,62.33],[-6.96,62.4]]],[[[-50.03,62.98],[-50.22,62.98],[-50.04,62.83],[-50.37,62.76],[-50.72,63.19],[-51.01,63.19],[-51.19,63.34],[-51.23,63.41],[-50.52,63.48],[-50.53,63.34],[-50.07,63.05],[-50.03,62.98]]],[[[17.29,68.5],[17.27,68.27],[17.06,68.12],[17.16,68.12],[17.15,68.05],[17.05,68.05],[17.04,67.97],[16.94,67.97],[16.94,67.89],[16.84,67.89],[16.83,67.82],[16.74,67.82],[16.74,67.89],[16.64,67.82],[16.43,67.74],[16.53,67.74],[16.53,67.67],[16.43,67.67],[16.43,67.74],[16.23,67.67],[16.32,67.52],[15.72,67.37],[15.0,66.77],[14.8,66.77],[13.79,65.96],[13.6,65.96],[13.2,65.66],[13.3,65.66],[13.29,65.59],[13.2,65.59],[13.19,65.3],[13.38,65.22],[13.27,65.08],[13.37,65.08],[13.46,64.79],[14.02,64.57],[14.11,64.42],[14.39,64.42],[14.95,64.2],[14.95,64.06],[15.22,63.91],[15.21,63.62],[15.01,63.48],[15.0,63.19],[14.9,63.19],[14.89,62.98],[14.69,62.76],[14.78,62.62],[14.69,62.62],[14.68,62.47],[14.5,62.55],[14.29,62.12],[13.73,61.97],[13.82,61.83],[13.45,61.9],[13.07,61.76],[12.61,61.76],[12.61,61.69],[12.51,61.69],[12.51,61.62],[12.88,61.41],[12.87,61.34],[12.68,61.12],[12.31,60.98],[12.31,60.77],[12.49,60.7],[12.48,60.49],[12.58,60.49],[12.38,60.07],[11.92,59.92],[11.92,59.43],[12.01,59.43],[12.0,58.88],[12.09,58.88],[12.16,58.18],[11.89,57.97],[11.71,57.97],[11.71,58.04],[11.45,58.11],[11.36,58.39],[11.18,58.39],[11.1,59.16],[10.83,59.16],[10.56,59.36],[10.56,59.64],[10.37,59.5],[10.47,59.43],[10.37,59.16],[10.19,59.16],[10.01,58.95],[9.65,59.02],[9.56,58.88],[9.38,58.88],[9.38,58.74],[9.11,58.74],[9.11,58.6],[8.93,58.6],[8.67,58.32],[7.6,57.97],[6.61,58.04],[6.52,58.25],[5.7,58.46],[5.51,58.6],[5.5,59.02],[5.95,59.02],[6.03,59.36],[5.84,59.43],[5.85,59.29],[5.21,59.29],[5.28,59.78],[5.19,59.78],[5.18,60.0],[5.45,60.14],[5.26,60.28],[4.9,60.21],[4.89,60.42],[5.16,60.49],[4.95,61.05],[5.13,61.19],[5.03,61.19],[4.93,61.48],[5.2,61.62],[4.92,61.62],[4.91,61.76],[5.19,61.9],[5.08,62.26],[5.45,62.19],[5.44,62.4],[5.72,62.4],[5.73,62.19],[5.92,62.19],[5.91,62.4],[6.56,62.47],[6.64,62.76],[7.4,62.62],[7.39,62.76],[6.92,62.83],[6.92,63.05],[7.95,63.05],[7.94,63.19],[8.23,63.19],[8.22,63.34],[7.75,63.34],[7.84,63.55],[8.22,63.48],[8.5,63.7],[9.07,63.7],[8.98,63.48],[9.26,63.41],[9.35,63.62],[9.54,63.62],[9.54,63.91],[9.92,63.99],[9.92,64.13],[10.3,64.28],[10.3,64.42],[10.87,64.64],[11.16,64.64],[11.35,64.49],[11.44,64.57],[11.35,64.86],[11.45,64.86],[11.45,65.0],[11.74,65.08],[11.84,65.22],[12.13,65.15],[12.04,65.44],[12.13,65.44],[12.14,65.59],[12.53,65.74],[12.53,65.88],[12.34,65.88],[12.44,66.11],[12.34,66.11],[12.35,66.25],[12.64,66.25],[12.63,66.11],[12.82,66.03],[12.93,66.25],[13.12,66.25],[12.94,66.62],[13.23,66.62],[13.24,66.77],[13.63,66.77],[13.54,67.0],[13.64,67.07],[14.13,67.07],[14.44,67.3],[14.55,67.52],[14.95,67.67],[15.07,67.97],[15.36,67.97],[15.58,68.27],[15.88,68.27],[15.88,68.35],[15.09,68.42],[14.98,68.27],[14.19,68.2],[14.19,68.35],[14.4,68.5],[14.9,68.57],[14.91,68.73],[14.41,68.65],[14.52,68.88],[15.13,69.11],[15.13,69.03],[15.33,69.03],[15.32,68.8],[15.52,68.8],[15.44,69.18],[15.75,69.33],[16.15,69.33],[16.14,69.18],[15.94,69.11],[15.92,68.88],[16.62,68.88],[16.61,68.73],[17.21,68.8],[17.23,69.03],[17.33,69.03],[17.32,68.88],[17.52,68.88],[17.65,69.18],[17.04,69.11],[16.96,69.33],[16.86,69.33],[16.87,69.49],[17.89,69.64],[17.98,69.49],[18.58,69.49],[18.59,69.56],[18.19,69.56],[18.31,69.79],[18.92,69.79],[18.79,69.56],[19.38,69.41],[19.16,69.26],[18.65,69.18],[18.43,68.95],[18.02,68.88],[17.9,68.73],[18.0,68.73],[18.0,68.65],[17.6,68.65],[17.59,68.5],[17.29,68.5]],[[17.06,68.12],[16.95,68.05],[17.05,68.05],[17.06,68.12]],[[16.95,68.04],[16.85,67.97],[16.94,67.97],[16.95,68.04]],[[16.85,67.97],[16.74,67.89],[16.84,67.89],[16.85,67.97]]],[[[-51.42,63.55],[-51.69,63.84],[-51.51,63.84],[-51.74,64.2],[-52.02,64.2],[-52.25,64.71],[-51.16,64.64],[-51.3,64.86],[-51.15,64.93],[-51.25,65.08],[-50.91,65.0],[-50.91,65.15],[-50.48,65.08],[-50.53,65.15],[-50.14,65.15],[-49.72,64.93],[-49.35,64.35],[-49.5,64.28],[-49.41,64.13],[-49.51,64.13],[-49.51,63.99],[-49.99,63.84],[-50.09,63.84],[-50.04,63.77],[-50.66,63.7],[-50.61,63.62],[-51.42,63.55]]],[[[-20.05,66.18],[-20.01,66.03],[-19.55,65.81],[-19.57,66.18],[-19.18,66.18],[-19.2,66.25],[-18.72,66.25],[-18.36,66.03],[-18.43,66.25],[-18.04,66.25],[-17.59,66.03],[-17.46,66.25],[-16.66,66.18],[-16.67,66.55],[-15.79,66.55],[-15.61,66.25],[-15.34,66.33],[-15.36,66.4],[-15.07,66.4],[-14.99,66.11],[-14.7,66.11],[-14.64,65.88],[-14.72,65.81],[-14.33,65.81],[-14.29,65.66],[-13.7,65.59],[-13.64,65.37],[-13.72,65.3],[-13.51,65.22],[-13.47,65.08],[-13.93,65.0],[-13.88,64.79],[-14.07,64.79],[-14.05,64.71],[-14.43,64.71],[-14.47,64.49],[-14.74,64.42],[-14.8,64.28],[-15.27,64.28],[-15.5,64.42],[-15.46,64.28],[-16.09,64.13],[-16.07,64.06],[-16.6,63.91],[-16.58,63.84],[-17.7,63.77],[-18.16,63.41],[-19.39,63.41],[-19.81,63.55],[-20.37,63.55],[-20.53,63.77],[-21.15,63.91],[-22.8,63.77],[-22.9,64.06],[-22.83,64.13],[-22.33,64.06],[-22.36,64.13],[-22.17,64.13],[-22.02,64.28],[-22.1,64.49],[-22.5,64.57],[-22.58,64.79],[-23.98,64.71],[-24.16,64.93],[-22.61,65.15],[-22.59,65.37],[-22.03,65.44],[-22.06,65.52],[-23.31,65.52],[-23.28,65.44],[-24.03,65.37],[-24.37,65.52],[-24.42,65.66],[-24.13,65.66],[-24.21,65.88],[-23.8,65.81],[-23.91,66.11],[-23.62,66.11],[-23.67,66.25],[-23.28,66.25],[-22.94,66.11],[-23.17,66.48],[-22.97,66.48],[-23.0,66.55],[-22.61,66.55],[-21.48,66.11],[-21.38,65.52],[-21.26,65.44],[-20.97,65.74],[-20.78,65.74],[-20.76,65.66],[-20.54,65.59],[-20.4,65.74],[-20.54,66.18],[-20.05,66.18]]],[[[16.43,67.67],[16.42,67.59],[16.32,67.59],[16.33,67.67],[16.43,67.67]]],[[[16.73,67.74],[16.63,67.74],[16.64,67.82],[16.74,67.82],[16.73,67.74]]],[[[12.79,67.89],[12.79,68.05],[12.89,68.05],[12.89,68.12],[13.19,68.12],[13.19,67.97],[12.79,67.89]]],[[[13.59,68.12],[13.58,68.05],[13.39,68.05],[13.39,68.12],[13.39,68.2],[13.7,68.42],[14.1,68.42],[14.09,68.2],[13.59,68.12]]]]},"properties":{"id":"territory:Old Kingdom of Norway:1272","name":"노르웨이 왕국","name_en":"Old Kingdom of Norway","actor":"기타중립","valid_from":1272,"valid_to":1314,"wikidata":"Q202266","area":439491,"src":"cliopatria","confidence":"medium"}},{"type":"Feature","geometry":{"type":"Point","coordinates":[10.635,62.453]},"properties":{"id":"territory:Old Kingdom of Norway:1272:label","name":"노르웨이 왕국","name_en":"Old Kingdom of Norway","actor":"기타중립","valid_from":1272,"valid_to":1314,"wikidata":"Q202266","area":439491,"src":"cliopatria","confidence":"medium"}},{"type":"Feature","geometry":{"type":"Polygon","coordinates":[[[61.71,40.61],[59.75,41.0],[59.5,41.26],[58.83,40.81],[56.35,40.42],[56.14,39.84],[55.95,39.71],[55.89,39.45],[55.45,38.87],[54.95,38.74],[53.95,38.8],[53.93,38.74],[53.83,37.84],[53.91,37.84],[53.91,37.45],[54.09,37.19],[54.03,36.87],[53.09,36.8],[52.19,36.55],[51.26,36.61],[50.61,36.87],[50.53,36.87],[50.59,36.29],[50.72,36.16],[50.69,35.97],[50.77,35.97],[50.73,35.77],[50.86,35.58],[51.01,35.58],[51.3,35.9],[51.97,35.77],[51.94,35.58],[52.07,35.45],[52.01,35.07],[52.15,35.0],[52.13,34.87],[52.64,34.68],[53.04,35.26],[53.55,35.52],[54.14,35.32],[54.4,35.07],[54.78,35.0],[54.83,34.87],[54.98,34.87],[55.04,34.74],[55.82,34.36],[55.87,34.23],[56.95,33.78],[57.0,33.65],[57.38,33.65],[58.57,34.23],[59.28,34.36],[59.63,34.55],[60.0,35.26],[60.19,36.93],[60.12,36.93],[60.13,37.0],[60.09,37.51],[59.93,37.84],[59.97,38.03],[59.89,38.03],[59.93,38.22],[59.86,38.22],[59.9,38.42],[59.82,38.42],[60.19,39.0],[61.66,39.51],[62.38,39.58],[62.65,39.71],[62.69,39.84],[62.42,40.03],[62.46,40.16],[62.25,40.29],[62.23,40.48],[61.69,40.55],[61.71,40.61]]]},"properties":{"id":"territory:Sarbadars:1344","name":"사르베다르","name_en":"Sarbadars","actor":"기타중립","valid_from":1344,"valid_to":1352,"wikidata":"Q1931074","area":418561,"src":"cliopatria","confidence":"medium"}},{"type":"Feature","geometry":{"type":"Point","coordinates":[57.102,37.35]},"properties":{"id":"territory:Sarbadars:1344:label","name":"사르베다르","name_en":"Sarbadars","actor":"기타중립","valid_from":1344,"valid_to":1352,"wikidata":"Q1931074","area":418561,"src":"cliopatria","confidence":"medium"}},{"type":"Feature","geometry":{"type":"Polygon","coordinates":[[[61.71,40.61],[59.75,41.0],[59.54,41.13],[59.58,41.26],[59.5,41.26],[58.83,40.81],[56.35,40.42],[56.14,39.84],[55.95,39.71],[55.89,39.45],[55.45,38.87],[54.95,38.74],[53.95,38.8],[53.93,38.74],[53.83,37.84],[53.91,37.84],[53.91,37.45],[54.09,37.19],[54.03,36.87],[53.09,36.8],[52.19,36.55],[51.26,36.61],[50.61,36.87],[50.53,36.87],[50.59,36.29],[50.72,36.16],[50.69,35.97],[50.77,35.97],[50.73,35.77],[50.86,35.58],[51.01,35.58],[51.3,35.9],[51.97,35.77],[51.94,35.58],[52.07,35.45],[52.01,35.07],[52.15,35.0],[52.13,34.87],[52.64,34.68],[53.04,35.26],[53.55,35.52],[54.14,35.32],[54.4,35.07],[54.78,35.0],[54.83,34.87],[54.98,34.87],[55.04,34.74],[55.82,34.36],[55.87,34.23],[56.95,33.78],[57.0,33.65],[57.38,33.65],[58.57,34.23],[59.28,34.36],[59.63,34.55],[60.0,35.26],[60.19,36.93],[60.12,36.93],[60.13,37.0],[60.09,37.51],[59.93,37.84],[59.97,38.03],[59.89,38.03],[59.93,38.22],[59.86,38.22],[59.9,38.42],[59.82,38.42],[60.19,39.0],[61.66,39.51],[62.38,39.58],[62.65,39.71],[62.67,39.77],[62.42,40.03],[62.46,40.16],[62.25,40.29],[62.23,40.48],[61.69,40.55],[61.71,40.61]]]},"properties":{"id":"territory:Sarbadars:1352","name":"사르베다르","name_en":"Sarbadars","actor":"기타중립","valid_from":1352,"valid_to":1363,"wikidata":"Q1931074","area":418416,"src":"cliopatria","confidence":"medium"}},{"type":"Feature","geometry":{"type":"Point","coordinates":[57.1,37.349]},"properties":{"id":"territory:Sarbadars:1352:label","name":"사르베다르","name_en":"Sarbadars","actor":"기타중립","valid_from":1352,"valid_to":1363,"wikidata":"Q1931074","area":418416,"src":"cliopatria","confidence":"medium"}},{"type":"Feature","geometry":{"type":"Polygon","coordinates":[[[61.71,40.61],[59.75,41.0],[59.54,41.13],[59.58,41.26],[59.5,41.26],[58.83,40.81],[56.35,40.42],[56.14,39.84],[55.95,39.71],[55.89,39.45],[55.45,38.87],[54.95,38.74],[53.95,38.8],[53.93,38.74],[53.83,37.84],[53.91,37.84],[53.91,37.45],[54.09,37.19],[54.03,36.87],[53.09,36.8],[52.19,36.55],[51.26,36.61],[50.61,36.87],[50.53,36.87],[50.79,35.64],[51.01,35.58],[51.3,35.9],[51.97,35.77],[51.94,35.58],[52.07,35.45],[52.01,35.07],[52.15,35.0],[52.13,34.87],[52.64,34.68],[53.04,35.26],[53.55,35.52],[54.14,35.32],[54.4,35.07],[54.78,35.0],[54.83,34.87],[54.98,34.87],[55.04,34.74],[55.82,34.36],[55.87,34.23],[56.95,33.78],[57.0,33.65],[57.38,33.65],[58.57,34.23],[59.28,34.36],[59.63,34.55],[60.0,35.26],[60.19,36.93],[60.12,36.93],[60.13,37.0],[60.09,37.51],[59.93,37.84],[59.97,38.03],[59.89,38.03],[59.93,38.22],[59.86,38.22],[59.9,38.42],[59.82,38.42],[60.19,39.0],[61.66,39.51],[62.38,39.58],[62.65,39.71],[62.67,39.77],[62.42,40.03],[62.46,40.16],[62.25,40.29],[62.23,40.48],[61.69,40.55],[61.71,40.61]]]},"properties":{"id":"territory:Sarbadars:1363","name":"사르베다르","name_en":"Sarbadars","actor":"기타중립","valid_from":1363,"valid_to":1375,"wikidata":"Q1931074","area":418190,"src":"cliopatria","confidence":"medium"}},{"type":"Feature","geometry":{"type":"Point","coordinates":[57.103,37.35]},"properties":{"id":"territory:Sarbadars:1363:label","name":"사르베다르","name_en":"Sarbadars","actor":"기타중립","valid_from":1363,"valid_to":1375,"wikidata":"Q1931074","area":418190,"src":"cliopatria","confidence":"medium"}},{"type":"Feature","geometry":{"type":"MultiPolygon","coordinates":[[[[39.74,39.9],[40.04,39.84],[41.06,39.77],[41.03,39.58],[40.76,39.38],[40.75,39.26],[38.87,38.8],[38.85,38.61],[36.83,38.74],[36.48,38.48],[36.16,38.42],[36.05,38.16],[35.72,38.03],[35.62,37.84],[35.54,37.84],[35.47,37.84],[35.47,37.9],[35.39,37.9],[35.35,38.16],[35.2,38.29],[34.89,38.29],[34.68,38.48],[35.06,39.71],[34.43,39.77],[34.37,39.9],[33.57,39.77],[33.77,40.16],[33.94,40.29],[34.59,40.42],[34.88,40.81],[36.08,40.87],[36.16,40.87],[36.24,40.87],[36.24,40.94],[36.41,41.0],[36.47,40.87],[36.63,40.87],[36.88,40.94],[37.17,40.74],[37.87,40.68],[38.21,40.29],[38.85,40.29],[38.99,40.16],[39.68,40.03],[39.74,39.9]]],[[[29.05,40.36],[28.9,40.48],[28.91,40.61],[29.48,40.74],[29.49,40.87],[29.25,40.81],[29.1,40.94],[29.04,41.13],[29.21,41.2],[30.48,41.2],[30.62,41.07],[31.18,41.07],[31.61,41.39],[31.69,41.39],[31.98,41.13],[32.31,41.2],[32.37,41.07],[32.6,41.0],[32.56,40.61],[32.64,40.61],[32.61,40.42],[32.76,40.36],[32.76,40.29],[32.68,40.29],[32.67,40.23],[32.75,40.23],[32.74,40.16],[32.78,39.77],[32.66,39.38],[32.5,39.38],[32.49,39.26],[31.61,39.19],[31.15,39.32],[31.18,39.58],[30.95,39.64],[29.3,39.71],[28.9,39.58],[28.78,39.13],[28.62,39.13],[28.52,38.93],[26.95,38.93],[26.96,39.0],[26.88,39.0],[26.89,39.19],[26.74,39.26],[26.85,39.58],[26.13,39.51],[26.27,40.29],[26.6,40.48],[26.68,40.48],[26.67,40.36],[27.47,40.42],[27.54,40.29],[27.7,40.29],[27.79,40.48],[27.94,40.42],[27.94,40.36],[29.05,40.36]]],[[[26.15,40.68],[26.22,40.68],[26.22,40.61],[26.14,40.61],[26.15,40.68]]],[[[29.05,44.97],[28.8,44.97],[28.84,44.58],[28.58,44.39],[28.54,43.99],[28.62,43.99],[28.48,43.47],[28.16,43.47],[28.23,43.34],[27.9,43.28],[27.8,43.15],[27.85,42.76],[27.51,42.63],[27.49,42.43],[27.8,42.24],[27.78,42.11],[28.0,41.91],[27.98,41.65],[28.22,41.65],[28.28,41.46],[28.43,41.39],[28.08,41.0],[27.53,41.07],[27.02,40.68],[26.92,40.48],[26.63,40.74],[26.22,40.68],[26.16,40.87],[25.85,40.94],[24.35,41.0],[24.01,40.74],[23.7,40.81],[23.68,40.61],[23.84,40.55],[23.74,40.23],[23.11,40.36],[23.21,40.61],[23.13,40.61],[23.13,40.68],[23.14,40.81],[22.67,40.81],[22.42,40.68],[22.41,40.55],[22.57,40.48],[22.56,40.42],[22.54,40.1],[22.7,40.1],[22.61,39.9],[23.14,39.45],[22.82,39.38],[22.8,39.06],[22.96,39.13],[23.02,38.87],[22.94,38.87],[22.39,38.87],[22.53,38.42],[22.45,38.42],[22.37,38.42],[22.29,38.42],[22.29,38.35],[22.21,38.35],[22.21,38.42],[22.13,38.42],[22.06,38.42],[21.99,38.67],[22.07,38.67],[22.17,39.06],[21.72,39.51],[21.21,40.36],[21.0,40.74],[20.6,40.68],[20.61,40.87],[20.53,40.87],[20.47,41.2],[20.55,41.2],[20.56,41.39],[20.48,41.46],[20.58,41.78],[20.84,42.11],[21.24,42.11],[21.32,42.24],[22.37,42.37],[22.54,42.5],[22.48,42.82],[22.56,42.82],[22.58,43.08],[22.91,43.21],[23.31,43.15],[23.45,42.95],[24.26,43.02],[24.8,43.67],[25.43,43.6],[25.85,43.73],[26.28,44.06],[27.49,44.06],[27.83,44.19],[27.94,44.52],[27.79,44.58],[27.8,44.71],[27.97,44.78],[28.0,45.04],[27.85,45.17],[27.86,45.3],[28.04,45.43],[28.28,45.43],[28.35,45.3],[28.67,45.24],[29.1,45.43],[29.58,45.43],[29.58,45.37],[29.66,45.37],[29.53,44.91],[29.11,44.84],[29.11,44.78],[29.02,44.78],[29.05,44.97]]]]},"properties":{"id":"territory:Ottoman Empire:1395","name":"오스만 제국","name_en":"Ottoman Empire","actor":"기타중립","valid_from":1395,"valid_to":1402,"wikidata":"Q12560","area":403705,"src":"cliopatria","confidence":"medium"}},{"type":"Feature","geometry":{"type":"Point","coordinates":[24.814,42.05]},"properties":{"id":"territory:Ottoman Empire:1395:label","name":"오스만 제국","name_en":"Ottoman Empire","actor":"기타중립","valid_from":1395,"valid_to":1402,"wikidata":"Q12560","area":403705,"src":"cliopatria","confidence":"medium"}},{"type":"Feature","geometry":{"type":"Polygon","coordinates":[[[61.71,40.61],[59.75,41.0],[59.5,41.26],[58.83,40.81],[56.35,40.42],[56.14,39.84],[55.95,39.71],[55.89,39.45],[55.45,38.87],[54.95,38.74],[53.95,38.8],[53.93,38.74],[53.83,37.84],[53.91,37.84],[53.91,37.45],[54.09,37.19],[54.03,36.87],[53.09,36.8],[52.19,36.55],[51.26,36.61],[50.61,36.87],[50.53,36.87],[50.79,35.64],[51.01,35.58],[51.3,35.9],[51.97,35.77],[51.94,35.58],[52.07,35.45],[52.01,35.07],[52.15,35.0],[52.13,34.87],[52.64,34.68],[53.04,35.26],[53.55,35.52],[54.14,35.32],[54.4,35.07],[54.78,35.0],[54.83,34.87],[54.98,34.87],[55.04,34.74],[55.19,34.74],[55.25,34.61],[55.4,34.61],[55.46,34.49],[55.61,34.49],[55.66,34.36],[56.31,34.1],[56.65,33.84],[57.2,33.91],[57.3,34.04],[58.45,34.42],[59.39,35.32],[59.91,36.35],[60.12,37.32],[59.96,37.64],[59.9,38.42],[59.82,38.42],[60.19,39.0],[61.66,39.51],[62.38,39.58],[62.65,39.71],[62.69,39.84],[62.42,40.03],[62.46,40.16],[62.25,40.29],[62.23,40.48],[61.69,40.55],[61.71,40.61]]]},"properties":{"id":"territory:Sarbadars:1375","name":"사르베다르","name_en":"Sarbadars","actor":"기타중립","valid_from":1375,"valid_to":1385,"wikidata":"Q1931074","area":398519,"src":"cliopatria","confidence":"medium"}},{"type":"Feature","geometry":{"type":"Point","coordinates":[57.012,37.468]},"properties":{"id":"territory:Sarbadars:1375:label","name":"사르베다르","name_en":"Sarbadars","actor":"기타중립","valid_from":1375,"valid_to":1385,"wikidata":"Q1931074","area":398519,"src":"cliopatria","confidence":"medium"}},{"type":"Feature","geometry":{"type":"Polygon","coordinates":[[[61.71,40.61],[59.75,41.0],[59.5,41.26],[58.83,40.81],[56.35,40.42],[56.14,39.84],[55.95,39.71],[55.89,39.45],[55.45,38.87],[54.95,38.74],[53.95,38.8],[53.93,38.74],[53.83,37.84],[53.91,37.84],[53.91,37.45],[54.09,37.19],[54.03,36.87],[53.09,36.8],[52.19,36.55],[51.26,36.61],[50.61,36.87],[50.53,36.87],[50.79,35.64],[51.01,35.58],[51.3,35.9],[51.97,35.77],[51.94,35.58],[52.07,35.45],[52.01,35.07],[52.15,35.0],[52.13,34.87],[52.64,34.68],[53.04,35.26],[53.55,35.52],[54.14,35.32],[54.4,35.07],[54.78,35.0],[54.83,34.87],[54.98,34.87],[55.04,34.74],[55.19,34.74],[55.25,34.61],[55.4,34.61],[55.46,34.49],[55.61,34.49],[55.66,34.36],[56.31,34.1],[56.65,33.84],[57.2,33.91],[57.3,34.04],[58.45,34.42],[59.39,35.32],[59.91,36.35],[60.12,37.32],[59.96,37.64],[59.87,38.61],[60.19,39.0],[60.89,39.26],[61.66,39.51],[62.64,39.64],[62.69,39.84],[62.42,40.03],[62.46,40.16],[62.25,40.29],[62.23,40.48],[61.69,40.55],[61.71,40.61]]]},"properties":{"id":"territory:Sarbadars:1385","name":"사르베다르","name_en":"Sarbadars","actor":"기타중립","valid_from":1385,"valid_to":1395,"wikidata":"Q1931074","area":398122,"src":"cliopatria","confidence":"medium"}},{"type":"Feature","geometry":{"type":"Point","coordinates":[57.009,37.466]},"properties":{"id":"territory:Sarbadars:1385:label","name":"사르베다르","name_en":"Sarbadars","actor":"기타중립","valid_from":1385,"valid_to":1395,"wikidata":"Q1931074","area":398122,"src":"cliopatria","confidence":"medium"}},{"type":"Feature","geometry":{"type":"MultiPolygon","coordinates":[[[[-3.29,35.19],[-2.98,35.26],[-2.99,35.45],[-2.84,35.45],[-2.82,35.13],[-2.2,35.07],[-2.12,35.07],[-2.11,34.94],[-1.72,34.68],[-1.58,33.46],[-1.58,33.39],[-1.88,33.33],[-2.54,32.75],[-2.84,32.62],[-2.83,32.49],[-3.2,32.24],[-3.19,32.04],[-3.35,32.11],[-3.42,31.91],[-3.64,31.79],[-3.56,31.66],[-3.78,31.59],[-3.77,31.34],[-3.92,31.4],[-4.21,31.14],[-4.21,31.01],[-4.65,30.69],[-4.57,30.56],[-4.87,30.5],[-5.44,29.92],[-5.59,29.92],[-5.88,29.67],[-5.88,29.54],[-6.18,29.54],[-7.2,28.77],[-7.35,28.77],[-7.56,28.51],[-8.01,28.38],[-8.66,27.93],[-10.47,27.93],[-11.62,28.25],[-10.98,28.83],[-10.47,29.09],[-10.33,29.34],[-10.04,29.54],[-10.05,29.67],[-9.83,29.79],[-9.63,30.18],[-9.65,30.5],[-9.88,30.56],[-9.86,31.34],[-9.78,31.34],[-9.73,31.72],[-9.51,31.85],[-9.52,31.98],[-9.31,32.17],[-9.33,32.49],[-9.2,32.75],[-8.55,33.33],[-7.13,33.84],[-7.06,33.97],[-6.9,33.91],[-6.61,34.16],[-6.7,34.29],[-6.47,34.36],[-6.48,34.49],[-6.33,34.55],[-6.28,34.87],[-6.2,34.87],[-6.29,35.07],[-6.13,35.0],[-6.15,35.19],[-6.0,35.32],[-5.88,35.77],[-5.34,35.84],[-5.24,35.52],[-4.75,35.19],[-3.36,35.19],[-3.29,35.19]]],[[[4.64,36.35],[4.56,36.35],[4.56,36.42],[4.64,36.42],[4.64,36.35]]]]},"properties":{"id":"territory:Almohad Caliphate:1285","name":"무와히드 칼리프국","name_en":"Almohad Caliphate","actor":"기타중립","valid_from":1285,"valid_to":1333,"wikidata":"Q199688","area":388541,"src":"cliopatria","confidence":"medium"}},{"type":"Feature","geometry":{"type":"MultiPolygon","coordinates":[[[[-3.29,35.19],[-2.98,35.26],[-2.99,35.45],[-2.84,35.45],[-2.82,35.13],[-2.2,35.07],[-2.12,35.07],[-2.11,34.94],[-1.72,34.68],[-1.58,33.46],[-1.58,33.39],[-1.88,33.33],[-2.54,32.75],[-2.84,32.62],[-2.83,32.49],[-3.2,32.24],[-3.19,32.04],[-3.35,32.11],[-3.42,31.91],[-3.64,31.79],[-3.56,31.66],[-3.78,31.59],[-3.77,31.34],[-3.92,31.4],[-4.21,31.14],[-4.21,31.01],[-4.65,30.69],[-4.57,30.56],[-4.87,30.5],[-5.44,29.92],[-5.59,29.92],[-5.88,29.67],[-5.88,29.54],[-6.18,29.54],[-7.2,28.77],[-7.35,28.77],[-7.56,28.51],[-8.01,28.38],[-8.66,27.93],[-10.47,27.93],[-11.62,28.25],[-10.98,28.83],[-10.47,29.09],[-10.33,29.34],[-10.04,29.54],[-10.05,29.67],[-9.83,29.79],[-9.63,30.18],[-9.65,30.5],[-9.88,30.56],[-9.86,31.34],[-9.78,31.34],[-9.73,31.72],[-9.51,31.85],[-9.52,31.98],[-9.31,32.17],[-9.33,32.49],[-9.2,32.75],[-8.55,33.33],[-7.13,33.84],[-7.06,33.97],[-6.9,33.91],[-6.61,34.16],[-6.7,34.29],[-6.47,34.36],[-6.48,34.49],[-6.33,34.55],[-6.28,34.87],[-6.2,34.87],[-6.29,35.07],[-6.13,35.0],[-6.15,35.19],[-6.0,35.32],[-5.88,35.77],[-5.34,35.84],[-5.24,35.52],[-4.75,35.19],[-3.36,35.19],[-3.29,35.19]]],[[[4.64,36.35],[4.56,36.35],[4.56,36.42],[4.64,36.42],[4.64,36.35]]]]},"properties":{"id":"territory:Almohad Caliphate:1333","name":"무와히드 칼리프국","name_en":"Almohad Caliphate","actor":"기타중립","valid_from":1333,"valid_to":1344,"wikidata":"Q199688","area":388541,"src":"cliopatria","confidence":"medium"}},{"type":"Feature","geometry":{"type":"MultiPolygon","coordinates":[[[[-3.29,35.19],[-2.98,35.26],[-2.99,35.45],[-2.84,35.45],[-2.82,35.13],[-2.2,35.07],[-2.12,35.07],[-2.11,34.94],[-1.72,34.68],[-1.58,33.46],[-1.58,33.39],[-1.88,33.33],[-2.54,32.75],[-2.84,32.62],[-2.83,32.49],[-3.2,32.24],[-3.19,32.04],[-3.35,32.11],[-3.42,31.91],[-3.64,31.79],[-3.56,31.66],[-3.78,31.59],[-3.77,31.34],[-3.92,31.4],[-4.21,31.14],[-4.21,31.01],[-4.65,30.69],[-4.57,30.56],[-4.87,30.5],[-5.44,29.92],[-5.59,29.92],[-5.88,29.67],[-5.88,29.54],[-6.18,29.54],[-7.2,28.77],[-7.35,28.77],[-7.56,28.51],[-8.01,28.38],[-8.66,27.93],[-10.47,27.93],[-11.62,28.25],[-10.98,28.83],[-10.47,29.09],[-10.33,29.34],[-10.04,29.54],[-10.05,29.67],[-9.83,29.79],[-9.63,30.18],[-9.65,30.5],[-9.88,30.56],[-9.86,31.34],[-9.78,31.34],[-9.73,31.72],[-9.51,31.85],[-9.52,31.98],[-9.31,32.17],[-9.33,32.49],[-9.2,32.75],[-8.55,33.33],[-7.13,33.84],[-7.06,33.97],[-6.9,33.91],[-6.61,34.16],[-6.7,34.29],[-6.47,34.36],[-6.48,34.49],[-6.33,34.55],[-6.28,34.87],[-6.2,34.87],[-6.29,35.07],[-6.13,35.0],[-6.15,35.19],[-6.0,35.32],[-5.88,35.77],[-5.34,35.84],[-5.24,35.52],[-4.75,35.19],[-3.36,35.19],[-3.29,35.19]]],[[[4.64,36.35],[4.56,36.35],[4.56,36.42],[4.64,36.42],[4.64,36.35]]]]},"properties":{"id":"territory:Marinid Sultanate:1363","name":"마린 술탄국","name_en":"Marinid Sultanate","actor":"기타중립","valid_from":1363,"valid_to":1415,"wikidata":"Q582861","area":388541,"src":"cliopatria","confidence":"medium"}},{"type":"Feature","geometry":{"type":"Point","coordinates":[-6.4,31.879]},"properties":{"id":"territory:Almohad Caliphate:1285:label","name":"무와히드 칼리프국","name_en":"Almohad Caliphate","actor":"기타중립","valid_from":1285,"valid_to":1333,"wikidata":"Q199688","area":388541,"src":"cliopatria","confidence":"medium"}},{"type":"Feature","geometry":{"type":"Point","coordinates":[-6.4,31.879]},"properties":{"id":"territory:Almohad Caliphate:1333:label","name":"무와히드 칼리프국","name_en":"Almohad Caliphate","actor":"기타중립","valid_from":1333,"valid_to":1344,"wikidata":"Q199688","area":388541,"src":"cliopatria","confidence":"medium"}},{"type":"Feature","geometry":{"type":"Point","coordinates":[-6.4,31.879]},"properties":{"id":"territory:Marinid Sultanate:1363:label","name":"마린 술탄국","name_en":"Marinid Sultanate","actor":"기타중립","valid_from":1363,"valid_to":1415,"wikidata":"Q582861","area":388541,"src":"cliopatria","confidence":"medium"}},{"type":"Feature","geometry":{"type":"MultiPolygon","coordinates":[[[[14.77,56.18],[14.76,55.98],[14.32,55.98],[14.23,55.91],[14.3,55.36],[12.81,55.36],[12.73,55.5],[12.9,55.57],[12.91,55.77],[12.48,56.11],[12.48,56.32],[12.66,56.32],[12.57,56.52],[12.75,56.52],[12.75,56.66],[12.4,56.8],[12.41,56.94],[12.14,57.08],[12.06,57.35],[11.79,57.42],[11.79,57.56],[11.8,57.63],[11.98,57.77],[12.33,57.77],[12.95,57.28],[13.58,57.63],[13.67,57.83],[13.59,57.83],[13.59,58.04],[14.04,58.04],[14.6,58.53],[14.6,58.67],[14.25,58.81],[14.25,58.95],[14.16,58.95],[14.27,59.43],[14.36,59.43],[14.28,59.5],[14.38,59.85],[14.29,59.85],[14.31,60.42],[14.4,60.42],[14.42,60.7],[14.51,60.7],[14.35,61.26],[14.74,61.69],[14.75,61.97],[15.21,61.97],[15.23,62.19],[14.68,62.4],[14.69,62.62],[16.1,62.76],[16.59,63.12],[16.51,63.26],[15.77,63.48],[15.49,63.7],[15.5,63.84],[16.26,63.91],[16.46,64.06],[16.58,64.35],[16.67,64.35],[16.76,64.2],[17.5,63.91],[18.46,64.06],[18.54,63.99],[18.43,63.77],[18.9,63.7],[19.5,64.06],[20.28,64.28],[20.52,64.71],[20.34,64.86],[20.38,65.15],[20.87,65.3],[20.79,65.44],[21.08,65.44],[21.32,65.81],[21.52,65.88],[21.54,66.03],[21.85,66.18],[22.14,66.18],[22.66,66.4],[23.62,66.33],[23.73,66.4],[23.8,66.25],[25.34,66.18],[25.33,66.11],[25.79,65.96],[25.89,65.96],[26.22,65.66],[26.09,65.44],[26.07,64.79],[25.75,64.57],[25.15,64.42],[25.13,64.28],[26.29,63.84],[26.28,63.77],[26.56,63.77],[26.45,63.62],[26.99,63.48],[27.31,63.19],[27.68,63.12],[28.08,62.76],[28.17,62.76],[28.41,62.55],[28.6,62.55],[29.24,61.97],[29.21,61.83],[29.37,61.69],[29.29,61.26],[29.38,61.26],[29.41,60.91],[29.59,60.91],[29.64,60.7],[30.0,60.63],[29.93,60.28],[29.83,60.21],[29.73,60.21],[29.38,60.28],[28.99,60.14],[28.49,60.42],[28.54,60.7],[28.45,60.7],[28.24,60.56],[27.13,60.49],[27.05,60.56],[26.75,60.42],[26.4,60.49],[25.82,60.28],[24.61,60.14],[24.5,60.0],[24.05,60.07],[23.76,59.92],[23.03,59.85],[23.05,60.07],[22.31,60.0],[22.36,60.42],[21.91,60.42],[21.74,60.56],[21.46,60.56],[21.33,60.98],[21.23,60.98],[21.25,61.12],[21.44,61.19],[21.5,61.69],[21.24,61.83],[21.19,62.26],[21.29,62.33],[21.2,62.33],[21.21,62.47],[20.95,62.62],[21.07,62.83],[21.26,62.9],[21.28,63.05],[21.48,63.12],[21.5,63.34],[21.96,63.26],[22.16,63.34],[22.37,63.48],[22.38,63.62],[22.78,63.77],[22.8,63.91],[23.28,63.99],[23.3,64.13],[23.49,64.13],[23.82,64.42],[24.01,64.42],[24.54,64.79],[24.56,64.93],[25.23,64.93],[25.23,65.52],[24.67,65.59],[24.68,65.66],[24.21,65.74],[24.22,65.81],[22.47,65.74],[22.38,65.81],[22.44,65.52],[21.76,65.44],[21.65,65.37],[21.62,65.08],[21.21,64.93],[21.3,64.86],[21.28,64.64],[21.47,64.64],[21.54,64.42],[21.14,64.28],[20.81,63.91],[20.62,63.91],[20.41,63.7],[19.83,63.62],[19.73,63.48],[19.35,63.48],[19.14,63.26],[18.75,63.12],[18.47,63.12],[18.35,62.83],[17.98,62.83],[17.96,62.62],[17.76,62.47],[17.39,62.47],[17.56,62.33],[17.55,62.19],[17.36,62.05],[17.51,61.69],[17.24,61.69],[17.19,60.98],[17.28,60.98],[17.26,60.77],[18.61,60.42],[18.5,60.21],[18.78,60.21],[19.03,60.0],[19.01,59.71],[18.83,59.71],[18.63,59.5],[18.35,59.43],[18.41,59.09],[18.14,59.09],[17.95,58.88],[17.5,58.88],[17.49,58.74],[17.13,58.74],[17.03,58.6],[16.85,58.6],[16.84,58.46],[16.66,58.46],[16.83,58.32],[16.81,58.04],[16.63,57.9],[16.71,57.83],[16.7,57.7],[16.61,57.7],[16.69,57.42],[16.5,57.28],[16.48,56.87],[16.76,57.08],[16.95,57.42],[17.13,57.42],[17.12,57.28],[16.74,56.8],[16.63,56.39],[16.27,56.25],[16.28,56.52],[16.19,56.52],[16.19,56.39],[16.1,56.39],[16.09,56.32],[15.82,56.11],[14.77,56.18]]],[[[18.23,57.83],[18.6,57.97],[19.05,57.97],[19.03,57.83],[18.84,57.7],[18.91,57.42],[18.45,57.21],[18.34,56.94],[18.08,56.94],[18.03,57.49],[18.03,57.56],[18.23,57.83]]],[[[19.72,60.49],[20.17,60.42],[20.15,60.21],[19.95,60.07],[19.68,60.14],[19.7,60.28],[19.7,60.35],[19.72,60.49]]],[[[-48.04,60.84],[-48.11,61.12],[-48.61,61.19],[-48.68,61.48],[-49.23,61.48],[-49.36,61.69],[-49.17,61.69],[-49.21,61.76],[-49.44,61.83],[-49.57,62.05],[-49.14,62.12],[-49.27,62.33],[-48.67,62.26],[-47.45,61.26],[-47.41,61.19],[-47.74,61.12],[-47.53,60.91],[-47.68,60.84],[-47.77,60.84],[-47.73,60.77],[-48.04,60.84]]]]},"properties":{"id":"territory:Kingdom of Sweden:1344","name":"스웨덴 왕국","name_en":"Kingdom of Sweden","actor":"기타중립","valid_from":1344,"valid_to":1375,"wikidata":"Q34","area":376070,"src":"cliopatria","confidence":"medium"}},{"type":"Feature","geometry":{"type":"Point","coordinates":[20.604,61.222]},"properties":{"id":"territory:Kingdom of Sweden:1344:label","name":"스웨덴 왕국","name_en":"Kingdom of Sweden","actor":"기타중립","valid_from":1344,"valid_to":1375,"wikidata":"Q34","area":376070,"src":"cliopatria","confidence":"medium"}},{"type":"Feature","geometry":{"type":"Polygon","coordinates":[[[-5.73,43.54],[-7.18,43.54],[-7.34,43.6],[-7.28,43.73],[-8.24,43.73],[-8.39,43.6],[-8.37,43.41],[-8.85,43.41],[-9.3,43.15],[-9.08,42.56],[-8.66,42.37],[-8.96,42.17],[-8.94,41.98],[-8.93,41.91],[-8.47,42.11],[-8.15,42.11],[-8.14,41.98],[-8.22,41.98],[-8.12,41.78],[-6.7,41.98],[-6.35,41.65],[-6.27,41.65],[-6.25,41.46],[-6.93,41.0],[-6.87,40.36],[-7.01,40.23],[-7.0,40.1],[-6.84,40.03],[-6.9,39.77],[-7.44,39.64],[-7.42,39.45],[-7.26,39.38],[-6.99,39.0],[-7.12,38.74],[-7.27,38.67],[-7.24,38.35],[-7.0,38.22],[-6.99,38.09],[-7.14,38.09],[-7.28,37.84],[-7.5,37.71],[-7.39,37.25],[-7.31,37.25],[-6.84,37.25],[-6.59,37.0],[-6.43,37.0],[-6.06,36.22],[-5.83,36.22],[-5.74,36.1],[-5.67,36.1],[-5.86,36.67],[-5.73,36.93],[-4.95,37.0],[-4.81,37.19],[-4.04,37.38],[-3.9,37.51],[-3.59,37.51],[-3.52,37.64],[-3.04,37.58],[-2.83,37.9],[-2.12,37.84],[-1.94,37.38],[-1.78,37.32],[-1.7,37.32],[-1.62,37.32],[-1.71,37.45],[-1.4,37.58],[-0.7,37.64],[-0.8,38.03],[-0.66,38.29],[-0.43,38.42],[-0.44,38.48],[-1.1,39.06],[-1.1,39.13],[-1.11,39.26],[-0.32,39.26],[-0.32,39.32],[-0.35,39.71],[-0.2,39.9],[-0.2,39.97],[-0.76,40.03],[-1.01,40.23],[-1.02,40.42],[-1.44,40.81],[-1.16,41.39],[-1.33,41.59],[-1.65,41.65],[-1.75,41.91],[-1.83,41.91],[-1.85,42.17],[-1.77,42.17],[-1.78,42.3],[-2.02,42.37],[-2.2,42.69],[-1.84,43.21],[-1.85,43.34],[-1.85,43.41],[-3.3,43.34],[-3.47,43.47],[-4.99,43.41],[-5.65,43.54],[-5.73,43.54]]]},"properties":{"id":"territory:Crown of Castile:1363","name":"카스티야 왕국","name_en":"Crown of Castile","actor":"기타중립","valid_from":1363,"valid_to":1375,"wikidata":"Q217196","area":369600,"src":"cliopatria","confidence":"medium"}},{"type":"Feature","geometry":{"type":"Point","coordinates":[-4.501,40.396]},"properties":{"id":"territory:Crown of Castile:1363:label","name":"카스티야 왕국","name_en":"Crown of Castile","actor":"기타중립","valid_from":1363,"valid_to":1375,"wikidata":"Q217196","area":369600,"src":"cliopatria","confidence":"medium"}},{"type":"Feature","geometry":{"type":"Polygon","coordinates":[[[61.19,32.24],[61.08,32.04],[59.6,31.46],[59.37,31.46],[58.95,31.21],[57.93,31.46],[57.47,31.46],[56.98,31.72],[56.67,31.72],[56.4,31.46],[55.16,31.34],[54.2,31.01],[53.75,31.01],[52.69,30.5],[51.5,29.54],[51.31,29.22],[50.99,29.09],[50.62,29.15],[50.65,29.41],[50.24,29.73],[50.06,30.18],[49.59,29.99],[49.02,30.31],[49.12,30.5],[49.04,30.5],[49.34,31.08],[49.69,31.4],[49.99,31.91],[50.77,32.56],[50.91,33.01],[51.59,33.91],[52.52,34.42],[52.64,34.68],[53.04,35.26],[53.55,35.52],[54.14,35.32],[54.4,35.07],[54.78,35.0],[54.83,34.87],[54.98,34.87],[55.04,34.74],[55.82,34.36],[55.87,34.23],[56.95,33.78],[57.0,33.65],[57.38,33.65],[58.57,34.23],[59.28,34.36],[59.38,33.65],[59.68,33.2],[60.29,33.2],[60.72,33.46],[61.01,33.33],[61.04,33.07],[61.18,33.01],[61.15,32.88],[61.29,32.81],[61.27,32.69],[61.4,32.56],[61.26,32.24],[61.19,32.24]]]},"properties":{"id":"territory:Muzaffarids:1363","name":"무자파르 왕조","name_en":"Muzaffarids","actor":"기타중립","valid_from":1363,"valid_to":1375,"wikidata":"Q6944360","area":369513,"src":"cliopatria","confidence":"medium"}},{"type":"Feature","geometry":{"type":"Point","coordinates":[54.65,32.453]},"properties":{"id":"territory:Muzaffarids:1363:label","name":"무자파르 왕조","name_en":"Muzaffarids","actor":"기타중립","valid_from":1363,"valid_to":1375,"wikidata":"Q6944360","area":369513,"src":"cliopatria","confidence":"medium"}},{"type":"Feature","geometry":{"type":"MultiPolygon","coordinates":[[[[18.23,57.83],[18.6,57.97],[19.05,57.97],[19.03,57.83],[18.84,57.7],[18.91,57.42],[18.45,57.21],[18.34,56.94],[18.08,56.94],[18.03,57.49],[18.03,57.56],[18.23,57.83]]],[[[19.72,60.49],[20.17,60.42],[20.15,60.21],[19.95,60.07],[19.68,60.14],[19.7,60.28],[19.7,60.35],[19.72,60.49]]],[[[19.08,63.62],[19.07,63.48],[19.24,63.34],[18.75,63.12],[18.47,63.12],[18.35,62.83],[17.98,62.83],[17.96,62.62],[17.76,62.47],[17.39,62.47],[17.56,62.33],[17.55,62.19],[17.36,62.05],[17.51,61.69],[17.24,61.69],[17.19,60.98],[17.28,60.98],[17.26,60.77],[18.61,60.42],[18.5,60.21],[18.78,60.21],[19.03,60.0],[19.01,59.71],[18.83,59.71],[18.63,59.5],[18.35,59.43],[18.41,59.09],[18.14,59.09],[17.95,58.88],[17.5,58.88],[17.49,58.74],[17.13,58.74],[17.03,58.6],[16.85,58.6],[16.84,58.46],[16.66,58.46],[16.83,58.32],[16.81,58.04],[16.63,57.9],[16.71,57.83],[16.7,57.7],[16.61,57.7],[16.69,57.42],[16.5,57.28],[16.48,56.87],[16.76,57.08],[16.95,57.42],[17.13,57.42],[17.12,57.28],[16.74,56.8],[16.63,56.39],[16.27,56.25],[16.28,56.52],[16.19,56.52],[16.19,56.39],[16.1,56.39],[15.93,56.52],[13.46,56.59],[13.29,56.94],[13.12,57.01],[13.12,57.14],[12.59,57.49],[12.6,57.63],[12.42,57.63],[12.33,57.77],[11.98,57.77],[11.8,57.63],[11.8,57.7],[11.71,57.7],[11.71,57.77],[11.71,57.83],[11.71,57.9],[11.71,57.97],[11.89,57.97],[12.16,58.18],[12.09,58.88],[12.0,58.88],[12.01,59.43],[11.92,59.43],[11.92,59.92],[12.38,60.07],[12.48,60.35],[12.57,60.35],[12.49,60.7],[12.31,60.77],[12.31,60.98],[12.78,61.19],[12.78,61.41],[12.6,61.48],[12.51,61.69],[13.45,61.9],[13.73,61.9],[14.0,61.69],[14.74,61.69],[14.75,61.97],[15.21,61.97],[15.23,62.19],[14.68,62.4],[14.69,62.62],[16.1,62.76],[16.59,63.12],[16.51,63.26],[15.77,63.48],[15.49,63.7],[15.5,63.84],[16.26,63.91],[16.46,64.06],[16.58,64.35],[16.67,64.35],[16.76,64.2],[17.5,63.91],[18.46,64.06],[18.54,63.99],[18.43,63.77],[18.99,63.7],[18.98,63.62],[19.08,63.62]]],[[[26.99,63.48],[27.31,63.19],[27.68,63.12],[27.74,62.98],[27.93,62.98],[28.17,62.76],[28.27,62.76],[28.41,62.55],[28.6,62.55],[29.24,61.97],[29.21,61.83],[29.37,61.69],[29.29,61.26],[29.38,61.26],[29.41,60.91],[29.59,60.91],[29.64,60.7],[30.0,60.63],[29.93,60.28],[29.83,60.21],[29.73,60.21],[29.38,60.28],[28.99,60.14],[28.49,60.42],[28.54,60.7],[28.45,60.7],[28.24,60.56],[27.13,60.49],[27.05,60.56],[26.75,60.42],[26.4,60.49],[25.82,60.28],[24.61,60.14],[24.5,60.0],[24.05,60.07],[23.76,59.92],[23.03,59.85],[23.05,60.07],[22.31,60.0],[22.36,60.42],[21.91,60.42],[21.38,60.63],[21.4,60.84],[21.23,60.98],[21.25,61.12],[21.44,61.19],[21.5,61.69],[21.24,61.83],[21.19,62.26],[21.29,62.33],[21.2,62.33],[21.21,62.47],[20.95,62.62],[21.07,62.83],[21.26,62.9],[21.28,63.05],[21.48,63.12],[21.5,63.34],[21.96,63.26],[22.16,63.34],[22.37,63.48],[22.38,63.62],[22.78,63.77],[22.8,63.91],[23.28,63.99],[23.3,64.13],[23.49,64.13],[24.34,64.71],[24.44,64.71],[24.41,64.57],[24.78,64.49],[24.86,64.35],[25.58,64.13],[26.28,63.77],[26.56,63.77],[26.45,63.62],[26.54,63.62],[26.99,63.48]]]]},"properties":{"id":"territory:Kingdom of Sweden:1326","name":"스웨덴 왕국","name_en":"Kingdom of Sweden","actor":"기타중립","valid_from":1326,"valid_to":1333,"wikidata":"Q34","area":365984,"src":"cliopatria","confidence":"medium"}},{"type":"Feature","geometry":{"type":"Point","coordinates":[15.347,59.969]},"properties":{"id":"territory:Kingdom of Sweden:1326:label","name":"스웨덴 왕국","name_en":"Kingdom of Sweden","actor":"기타중립","valid_from":1326,"valid_to":1333,"wikidata":"Q34","area":365984,"src":"cliopatria","confidence":"medium"}},{"type":"Feature","geometry":{"type":"MultiPolygon","coordinates":[[[[19.72,60.49],[20.17,60.42],[20.15,60.21],[19.95,60.07],[19.68,60.14],[19.7,60.28],[19.7,60.35],[19.72,60.49]]],[[[26.22,65.66],[26.09,65.44],[26.07,64.79],[25.75,64.57],[25.15,64.42],[25.13,64.28],[26.29,63.84],[26.28,63.77],[26.56,63.77],[26.45,63.62],[26.99,63.48],[27.31,63.19],[27.68,63.12],[28.08,62.76],[28.17,62.76],[28.41,62.55],[28.6,62.55],[29.24,61.97],[29.21,61.83],[29.37,61.69],[29.29,61.26],[29.38,61.26],[29.41,60.91],[29.59,60.91],[29.64,60.7],[30.0,60.63],[29.93,60.28],[29.83,60.21],[29.73,60.21],[29.38,60.28],[28.99,60.14],[28.49,60.42],[28.54,60.7],[28.45,60.7],[28.24,60.56],[27.13,60.49],[27.05,60.56],[26.75,60.42],[26.4,60.49],[25.82,60.28],[24.61,60.14],[24.5,60.0],[24.05,60.07],[23.76,59.92],[23.03,59.85],[23.05,60.07],[22.31,60.0],[22.36,60.42],[21.91,60.42],[21.74,60.56],[21.46,60.56],[21.33,60.98],[21.23,60.98],[21.25,61.12],[21.44,61.19],[21.5,61.69],[21.24,61.83],[21.19,62.26],[21.29,62.33],[21.2,62.33],[21.21,62.47],[20.95,62.62],[21.07,62.83],[21.26,62.9],[21.28,63.05],[21.48,63.12],[21.5,63.34],[21.96,63.26],[22.16,63.34],[22.37,63.48],[22.38,63.62],[22.78,63.77],[22.8,63.91],[23.28,63.99],[23.3,64.13],[23.49,64.13],[23.82,64.42],[24.01,64.42],[24.54,64.79],[24.56,64.93],[25.23,64.93],[25.23,65.52],[24.67,65.59],[24.68,65.66],[24.21,65.74],[24.22,65.81],[22.47,65.74],[22.38,65.81],[22.44,65.52],[21.76,65.44],[21.65,65.37],[21.62,65.08],[21.21,64.93],[21.3,64.86],[21.28,64.64],[21.47,64.64],[21.54,64.42],[21.14,64.28],[20.81,63.91],[20.62,63.91],[20.41,63.7],[19.83,63.62],[19.73,63.48],[19.35,63.48],[19.14,63.26],[18.75,63.12],[18.47,63.12],[18.35,62.83],[17.98,62.83],[17.96,62.62],[17.76,62.47],[17.39,62.47],[17.56,62.33],[17.55,62.19],[17.36,62.05],[17.51,61.69],[17.24,61.69],[17.19,60.98],[17.28,60.98],[17.26,60.77],[18.61,60.42],[18.5,60.21],[18.78,60.21],[19.03,60.0],[19.01,59.71],[18.83,59.71],[18.63,59.5],[18.35,59.43],[18.41,59.09],[18.14,59.09],[17.95,58.88],[17.5,58.88],[17.49,58.74],[17.13,58.74],[17.03,58.6],[16.85,58.6],[16.84,58.46],[16.66,58.46],[16.83,58.32],[16.81,58.04],[16.63,57.9],[16.71,57.83],[16.7,57.7],[16.61,57.7],[16.69,57.42],[16.5,57.28],[16.48,56.87],[16.76,57.08],[16.95,57.42],[17.13,57.42],[17.12,57.28],[16.74,56.8],[16.63,56.39],[16.27,56.25],[16.28,56.52],[16.19,56.52],[16.19,56.39],[16.1,56.39],[15.93,56.52],[13.46,56.59],[13.29,56.94],[13.12,57.01],[13.12,57.14],[12.95,57.28],[13.58,57.63],[13.67,57.83],[13.59,57.83],[13.59,58.04],[14.04,58.04],[14.6,58.53],[14.6,58.67],[14.25,58.81],[14.25,58.95],[14.16,58.95],[14.27,59.43],[14.36,59.43],[14.28,59.5],[14.38,59.85],[14.29,59.85],[14.31,60.42],[14.4,60.42],[14.42,60.7],[14.51,60.7],[14.35,61.26],[14.74,61.69],[14.75,61.97],[15.21,61.97],[15.23,62.19],[14.68,62.4],[14.69,62.62],[16.1,62.76],[16.59,63.12],[16.51,63.26],[15.77,63.48],[15.49,63.7],[15.5,63.84],[16.26,63.91],[16.46,64.06],[16.58,64.35],[16.67,64.35],[16.76,64.2],[17.5,63.91],[18.46,64.06],[18.54,63.99],[18.43,63.77],[18.9,63.7],[19.5,64.06],[20.28,64.28],[20.52,64.71],[20.34,64.86],[20.38,65.15],[20.87,65.3],[20.79,65.44],[21.08,65.44],[21.32,65.81],[21.52,65.88],[21.54,66.03],[21.85,66.18],[22.14,66.18],[22.66,66.4],[23.62,66.33],[23.73,66.4],[23.8,66.25],[25.34,66.18],[25.33,66.11],[25.79,65.96],[25.89,65.96],[26.22,65.66]]],[[[-47.73,60.77],[-48.04,60.84],[-48.11,61.12],[-48.61,61.19],[-48.68,61.48],[-49.23,61.48],[-49.36,61.69],[-49.17,61.69],[-49.21,61.76],[-49.44,61.83],[-49.57,62.05],[-49.14,62.12],[-49.27,62.33],[-48.67,62.26],[-47.45,61.26],[-47.41,61.19],[-47.74,61.12],[-47.53,60.91],[-47.68,60.84],[-47.77,60.84],[-47.73,60.77]]],[[[-50.04,63.77],[-50.66,63.7],[-50.61,63.62],[-51.42,63.55],[-51.69,63.84],[-51.51,63.84],[-51.74,64.2],[-52.02,64.2],[-52.25,64.71],[-51.16,64.64],[-51.3,64.86],[-51.15,64.93],[-51.25,65.08],[-50.91,65.0],[-50.91,65.15],[-50.48,65.08],[-50.53,65.15],[-50.14,65.15],[-49.72,64.93],[-49.35,64.35],[-49.5,64.28],[-49.41,64.13],[-49.51,64.13],[-49.51,63.99],[-49.99,63.84],[-50.09,63.84],[-50.04,63.77]]]]},"properties":{"id":"territory:Kingdom of Sweden:1333","name":"스웨덴 왕국","name_en":"Kingdom of Sweden","actor":"기타중립","valid_from":1333,"valid_to":1344,"wikidata":"Q34","area":362304,"src":"cliopatria","confidence":"medium"}},{"type":"Feature","geometry":{"type":"Point","coordinates":[21.058,61.535]},"properties":{"id":"territory:Kingdom of Sweden:1333:label","name":"스웨덴 왕국","name_en":"Kingdom of Sweden","actor":"기타중립","valid_from":1333,"valid_to":1344,"wikidata":"Q34","area":362304,"src":"cliopatria","confidence":"medium"}},{"type":"Feature","geometry":{"type":"Polygon","coordinates":[[[-5.65,43.54],[-4.99,43.41],[-3.47,43.47],[-3.3,43.34],[-1.85,43.41],[-1.85,43.34],[-1.84,43.21],[-2.2,42.69],[-2.02,42.37],[-1.78,42.3],[-1.83,41.91],[-1.82,41.78],[-1.98,41.78],[-1.88,41.52],[-2.12,41.46],[-2.1,41.2],[-1.51,40.74],[-1.73,40.36],[-1.16,40.1],[-1.15,39.9],[-1.37,39.71],[-1.35,39.45],[-1.11,39.38],[-1.1,39.13],[-1.1,39.06],[-0.44,38.48],[-0.43,38.42],[-0.66,38.29],[-0.8,38.03],[-0.7,37.64],[-1.4,37.58],[-1.71,37.45],[-1.62,37.32],[-1.7,37.32],[-1.78,37.32],[-1.94,37.38],[-2.12,37.84],[-2.83,37.9],[-2.96,37.51],[-3.19,37.51],[-3.2,37.64],[-3.52,37.64],[-3.65,37.32],[-4.66,37.25],[-4.95,37.0],[-5.73,36.93],[-5.85,36.48],[-5.61,36.35],[-5.52,36.16],[-5.51,36.1],[-5.66,36.03],[-5.83,36.22],[-6.06,36.22],[-6.43,37.0],[-6.59,37.0],[-6.84,37.25],[-7.31,37.25],[-7.39,37.25],[-7.5,37.71],[-7.28,37.84],[-7.14,38.09],[-6.99,38.09],[-7.0,38.22],[-7.24,38.35],[-7.27,38.67],[-7.12,38.74],[-6.99,39.0],[-7.26,39.38],[-7.42,39.45],[-7.44,39.64],[-6.9,39.77],[-6.84,40.03],[-7.0,40.1],[-7.01,40.23],[-6.87,40.36],[-6.93,41.0],[-6.25,41.46],[-6.27,41.65],[-6.35,41.65],[-6.7,41.98],[-8.12,41.78],[-8.22,41.98],[-8.14,41.98],[-8.15,42.11],[-8.47,42.11],[-8.93,41.91],[-8.94,41.98],[-8.96,42.17],[-8.66,42.37],[-9.08,42.56],[-9.3,43.15],[-8.85,43.41],[-8.37,43.41],[-8.39,43.6],[-8.24,43.73],[-7.28,43.73],[-7.34,43.6],[-7.18,43.54],[-5.73,43.54],[-5.65,43.54]]]},"properties":{"id":"territory:Crown of Castile:1395","name":"카스티야 왕국","name_en":"Crown of Castile","actor":"기타중립","valid_from":1395,"valid_to":1402,"wikidata":"Q217196","area":356051,"src":"cliopatria","confidence":"medium"}},{"type":"Feature","geometry":{"type":"Point","coordinates":[-4.643,40.379]},"properties":{"id":"territory:Crown of Castile:1395:label","name":"카스티야 왕국","name_en":"Crown of Castile","actor":"기타중립","valid_from":1395,"valid_to":1402,"wikidata":"Q217196","area":356051,"src":"cliopatria","confidence":"medium"}},{"type":"Feature","geometry":{"type":"Polygon","coordinates":[[[-5.65,43.54],[-4.99,43.41],[-3.47,43.47],[-3.3,43.34],[-1.85,43.41],[-1.85,43.34],[-1.84,43.21],[-2.2,42.69],[-2.02,42.37],[-1.78,42.3],[-1.83,41.91],[-1.82,41.78],[-1.98,41.78],[-1.88,41.52],[-2.12,41.46],[-2.1,41.2],[-1.51,40.74],[-1.73,40.36],[-1.16,40.1],[-1.15,39.9],[-1.37,39.71],[-1.35,39.45],[-1.11,39.38],[-1.09,39.0],[-0.77,38.87],[-0.68,38.61],[-0.44,38.48],[-0.43,38.42],[-0.66,38.29],[-0.8,38.03],[-0.7,37.64],[-1.4,37.58],[-1.71,37.45],[-1.62,37.32],[-1.7,37.32],[-1.78,37.32],[-1.94,37.38],[-2.12,37.84],[-2.83,37.9],[-2.96,37.51],[-3.19,37.51],[-3.2,37.64],[-3.52,37.64],[-3.65,37.32],[-4.66,37.25],[-4.95,37.0],[-5.73,36.93],[-5.85,36.48],[-5.61,36.35],[-5.52,36.16],[-5.51,36.1],[-5.66,36.03],[-5.83,36.22],[-6.06,36.22],[-6.43,37.0],[-6.59,37.0],[-6.84,37.25],[-7.31,37.25],[-7.39,37.25],[-7.5,37.71],[-7.28,37.84],[-7.14,38.09],[-6.99,38.09],[-7.0,38.22],[-7.24,38.35],[-7.27,38.67],[-7.12,38.74],[-6.99,39.0],[-7.26,39.38],[-7.42,39.45],[-7.44,39.64],[-6.9,39.77],[-6.84,40.03],[-7.0,40.1],[-7.01,40.23],[-6.87,40.36],[-6.93,41.0],[-6.25,41.46],[-6.27,41.65],[-6.35,41.65],[-6.7,41.98],[-8.12,41.78],[-8.22,41.98],[-8.14,41.98],[-8.15,42.11],[-8.47,42.11],[-8.93,41.91],[-8.94,41.98],[-8.96,42.17],[-8.66,42.37],[-9.08,42.56],[-9.3,43.15],[-8.85,43.41],[-8.37,43.41],[-8.39,43.6],[-8.24,43.73],[-7.28,43.73],[-7.34,43.6],[-7.18,43.54],[-5.73,43.54],[-5.65,43.54]]]},"properties":{"id":"territory:Crown of Castile:1352","name":"카스티야 왕국","name_en":"Crown of Castile","actor":"기타중립","valid_from":1352,"valid_to":1363,"wikidata":"Q217196","area":356006,"src":"cliopatria","confidence":"medium"}},{"type":"Feature","geometry":{"type":"Polygon","coordinates":[[[-5.65,43.54],[-4.99,43.41],[-3.47,43.47],[-3.3,43.34],[-1.85,43.41],[-1.85,43.34],[-1.84,43.21],[-2.2,42.69],[-2.02,42.37],[-1.78,42.3],[-1.83,41.91],[-1.82,41.78],[-1.98,41.78],[-1.88,41.52],[-2.12,41.46],[-2.1,41.2],[-1.51,40.74],[-1.73,40.36],[-1.16,40.1],[-1.15,39.9],[-1.37,39.71],[-1.35,39.45],[-1.11,39.38],[-1.09,39.0],[-0.77,38.87],[-0.68,38.61],[-0.44,38.48],[-0.43,38.42],[-0.66,38.29],[-0.8,38.03],[-0.7,37.64],[-1.4,37.58],[-1.71,37.45],[-1.62,37.32],[-1.7,37.32],[-1.78,37.32],[-1.94,37.38],[-2.12,37.84],[-2.83,37.9],[-2.96,37.51],[-3.19,37.51],[-3.2,37.64],[-3.52,37.64],[-3.65,37.32],[-4.66,37.25],[-4.95,37.0],[-5.73,36.93],[-5.85,36.48],[-5.61,36.35],[-5.52,36.16],[-5.51,36.1],[-5.66,36.03],[-5.83,36.22],[-6.06,36.22],[-6.43,37.0],[-6.59,37.0],[-6.84,37.25],[-7.31,37.25],[-7.39,37.25],[-7.5,37.71],[-7.28,37.84],[-7.14,38.09],[-6.99,38.09],[-7.0,38.22],[-7.24,38.35],[-7.27,38.67],[-7.12,38.74],[-6.99,39.0],[-7.26,39.38],[-7.42,39.45],[-7.44,39.64],[-6.9,39.77],[-6.84,40.03],[-7.0,40.1],[-7.01,40.23],[-6.87,40.36],[-6.93,41.0],[-6.25,41.46],[-6.27,41.65],[-6.35,41.65],[-6.7,41.98],[-8.12,41.78],[-8.22,41.98],[-8.14,41.98],[-8.15,42.11],[-8.47,42.11],[-8.93,41.91],[-8.94,41.98],[-8.96,42.17],[-8.66,42.37],[-9.08,42.56],[-9.3,43.15],[-8.85,43.41],[-8.37,43.41],[-8.39,43.6],[-8.24,43.73],[-7.28,43.73],[-7.34,43.6],[-7.18,43.54],[-5.73,43.54],[-5.65,43.54]]]},"properties":{"id":"territory:Crown of Castile:1375","name":"카스티야 왕국","name_en":"Crown of Castile","actor":"기타중립","valid_from":1375,"valid_to":1395,"wikidata":"Q217196","area":356006,"src":"cliopatria","confidence":"medium"}},{"type":"Feature","geometry":{"type":"Point","coordinates":[-4.643,40.379]},"properties":{"id":"territory:Crown of Castile:1352:label","name":"카스티야 왕국","name_en":"Crown of Castile","actor":"기타중립","valid_from":1352,"valid_to":1363,"wikidata":"Q217196","area":356006,"src":"cliopatria","confidence":"medium"}},{"type":"Feature","geometry":{"type":"Point","coordinates":[-4.643,40.379]},"properties":{"id":"territory:Crown of Castile:1375:label","name":"카스티야 왕국","name_en":"Crown of Castile","actor":"기타중립","valid_from":1375,"valid_to":1395,"wikidata":"Q217196","area":356006,"src":"cliopatria","confidence":"medium"}},{"type":"Feature","geometry":{"type":"Polygon","coordinates":[[[-5.65,43.54],[-4.99,43.41],[-3.47,43.47],[-3.3,43.34],[-1.85,43.41],[-1.85,43.34],[-1.84,43.21],[-2.2,42.69],[-2.02,42.37],[-1.78,42.3],[-1.83,41.91],[-1.82,41.78],[-1.98,41.78],[-1.88,41.52],[-2.12,41.46],[-2.1,41.2],[-1.51,40.74],[-1.73,40.36],[-1.16,40.1],[-1.15,39.9],[-1.37,39.71],[-1.35,39.45],[-1.11,39.38],[-1.09,39.0],[-0.77,38.87],[-0.68,38.61],[-0.44,38.48],[-0.43,38.42],[-0.66,38.29],[-0.8,38.03],[-0.7,37.64],[-1.4,37.58],[-1.71,37.45],[-1.62,37.32],[-1.7,37.32],[-1.78,37.32],[-1.94,37.38],[-2.12,37.84],[-2.83,37.9],[-3.04,37.58],[-3.52,37.64],[-3.65,37.32],[-4.66,37.25],[-4.95,37.0],[-5.73,36.93],[-5.85,36.48],[-5.61,36.35],[-5.52,36.16],[-5.51,36.1],[-5.66,36.03],[-5.83,36.22],[-6.06,36.22],[-6.43,37.0],[-6.59,37.0],[-6.84,37.25],[-7.31,37.25],[-7.39,37.25],[-7.5,37.71],[-7.28,37.84],[-7.14,38.09],[-6.99,38.09],[-7.0,38.22],[-7.24,38.35],[-7.27,38.67],[-7.12,38.74],[-6.99,39.0],[-7.26,39.38],[-7.42,39.45],[-7.44,39.64],[-6.9,39.77],[-6.84,40.03],[-7.0,40.1],[-7.01,40.23],[-6.87,40.36],[-6.93,41.0],[-6.25,41.46],[-6.27,41.65],[-6.35,41.65],[-6.7,41.98],[-8.12,41.78],[-8.22,41.98],[-8.14,41.98],[-8.15,42.11],[-8.47,42.11],[-8.93,41.91],[-8.94,41.98],[-8.96,42.17],[-8.66,42.37],[-9.08,42.56],[-9.3,43.15],[-8.85,43.41],[-8.37,43.41],[-8.39,43.6],[-8.24,43.73],[-7.28,43.73],[-7.34,43.6],[-7.18,43.54],[-5.73,43.54],[-5.65,43.54]]]},"properties":{"id":"territory:Crown of Castile:1344","name":"카스티야 왕국","name_en":"Crown of Castile","actor":"기타중립","valid_from":1344,"valid_to":1352,"wikidata":"Q217196","area":355735,"src":"cliopatria","confidence":"medium"}},{"type":"Feature","geometry":{"type":"Point","coordinates":[-4.644,40.381]},"properties":{"id":"territory:Crown of Castile:1344:label","name":"카스티야 왕국","name_en":"Crown of Castile","actor":"기타중립","valid_from":1344,"valid_to":1352,"wikidata":"Q217196","area":355735,"src":"cliopatria","confidence":"medium"}},{"type":"Feature","geometry":{"type":"Polygon","coordinates":[[[-5.73,43.54],[-7.18,43.54],[-7.34,43.6],[-7.28,43.73],[-8.24,43.73],[-8.39,43.6],[-8.37,43.41],[-8.85,43.41],[-9.3,43.15],[-9.08,42.56],[-8.66,42.37],[-8.96,42.17],[-8.94,41.98],[-8.93,41.91],[-8.47,42.11],[-8.15,42.11],[-8.14,41.98],[-8.22,41.98],[-8.12,41.78],[-6.7,41.98],[-6.35,41.65],[-6.27,41.65],[-6.25,41.46],[-6.93,41.0],[-6.87,40.36],[-7.01,40.23],[-7.0,40.1],[-6.84,40.03],[-6.9,39.77],[-7.44,39.64],[-7.42,39.45],[-7.26,39.38],[-6.99,39.0],[-7.12,38.74],[-7.27,38.67],[-7.24,38.35],[-7.0,38.22],[-6.99,38.09],[-7.14,38.09],[-7.28,37.84],[-7.5,37.71],[-7.39,37.25],[-7.31,37.25],[-6.84,37.25],[-6.59,37.0],[-6.43,37.0],[-6.06,36.22],[-5.83,36.22],[-5.74,36.1],[-5.67,36.1],[-5.86,36.67],[-5.73,36.93],[-4.95,37.0],[-4.81,37.19],[-4.04,37.38],[-3.9,37.51],[-3.59,37.51],[-3.52,37.64],[-3.04,37.58],[-2.83,37.9],[-2.12,37.84],[-1.94,37.38],[-1.78,37.32],[-1.7,37.32],[-1.62,37.32],[-1.71,37.45],[-1.4,37.58],[-0.7,37.64],[-0.8,38.03],[-0.66,38.29],[-0.43,38.42],[-0.44,38.48],[-0.68,38.61],[-0.77,38.87],[-1.09,39.0],[-1.11,39.38],[-1.35,39.45],[-1.37,39.71],[-1.15,39.9],[-1.16,40.1],[-1.73,40.36],[-1.51,40.74],[-2.1,41.2],[-2.12,41.46],[-1.88,41.52],[-1.98,41.78],[-1.82,41.78],[-1.83,41.91],[-1.78,42.3],[-2.02,42.37],[-2.2,42.69],[-1.84,43.21],[-1.85,43.34],[-1.85,43.41],[-3.3,43.34],[-3.47,43.47],[-4.99,43.41],[-5.65,43.54],[-5.73,43.54]]]},"properties":{"id":"territory:Crown of Castile:1333","name":"카스티야 왕국","name_en":"Crown of Castile","actor":"기타중립","valid_from":1333,"valid_to":1344,"wikidata":"Q217196","area":354048,"src":"cliopatria","confidence":"medium"}},{"type":"Feature","geometry":{"type":"Point","coordinates":[-4.645,40.396]},"properties":{"id":"territory:Crown of Castile:1333:label","name":"카스티야 왕국","name_en":"Crown of Castile","actor":"기타중립","valid_from":1333,"valid_to":1344,"wikidata":"Q217196","area":354048,"src":"cliopatria","confidence":"medium"}},{"type":"Feature","geometry":{"type":"Polygon","coordinates":[[[-5.73,43.54],[-7.18,43.54],[-7.34,43.6],[-7.28,43.73],[-8.24,43.73],[-8.39,43.6],[-8.37,43.41],[-8.85,43.41],[-9.3,43.15],[-9.08,42.56],[-8.66,42.37],[-8.96,42.17],[-8.94,41.98],[-8.93,41.91],[-8.47,42.11],[-8.15,42.11],[-8.14,41.98],[-8.22,41.98],[-8.12,41.78],[-6.7,41.98],[-6.35,41.65],[-6.27,41.65],[-6.25,41.46],[-6.93,41.0],[-6.87,40.36],[-7.01,40.23],[-7.0,40.1],[-6.84,40.03],[-6.9,39.77],[-7.44,39.64],[-7.42,39.45],[-7.26,39.38],[-6.99,39.0],[-7.12,38.74],[-7.27,38.67],[-7.24,38.35],[-7.0,38.22],[-6.99,38.09],[-7.14,38.09],[-7.28,37.84],[-7.5,37.71],[-7.39,37.25],[-7.31,37.25],[-6.84,37.25],[-6.59,37.0],[-6.43,37.0],[-6.06,36.22],[-5.83,36.22],[-5.74,36.1],[-5.67,36.1],[-5.77,36.48],[-5.85,36.48],[-5.8,36.87],[-5.12,37.19],[-4.66,37.19],[-3.9,37.51],[-3.59,37.51],[-3.52,37.64],[-3.04,37.58],[-2.83,37.9],[-2.12,37.84],[-1.94,37.38],[-1.78,37.32],[-1.7,37.32],[-1.62,37.32],[-1.71,37.45],[-1.4,37.58],[-0.7,37.64],[-0.8,38.03],[-0.51,38.35],[-0.51,38.42],[-0.9,38.35],[-0.77,38.87],[-1.09,39.0],[-1.11,39.32],[-0.97,39.58],[-1.21,39.71],[-1.16,40.1],[-1.73,40.36],[-1.51,40.74],[-2.1,41.2],[-2.12,41.46],[-1.88,41.52],[-1.98,41.78],[-1.82,41.78],[-1.83,41.91],[-1.78,42.3],[-2.02,42.37],[-2.2,42.69],[-1.84,43.21],[-1.85,43.34],[-1.85,43.41],[-3.3,43.34],[-3.47,43.47],[-4.99,43.41],[-5.65,43.54],[-5.73,43.54]]]},"properties":{"id":"territory:Crown of Castile:1294","name":"카스티야 왕국","name_en":"Crown of Castile","actor":"기타중립","valid_from":1294,"valid_to":1305,"wikidata":"Q217196","area":353152,"src":"cliopatria","confidence":"medium"}},{"type":"Feature","geometry":{"type":"Point","coordinates":[-4.643,40.407]},"properties":{"id":"territory:Crown of Castile:1294:label","name":"카스티야 왕국","name_en":"Crown of Castile","actor":"기타중립","valid_from":1294,"valid_to":1305,"wikidata":"Q217196","area":353152,"src":"cliopatria","confidence":"medium"}},{"type":"Feature","geometry":{"type":"Polygon","coordinates":[[[-5.73,43.54],[-7.18,43.54],[-7.34,43.6],[-7.28,43.73],[-8.24,43.73],[-8.39,43.6],[-8.37,43.41],[-8.85,43.41],[-9.3,43.15],[-9.08,42.56],[-8.66,42.37],[-8.96,42.17],[-8.94,41.98],[-8.93,41.91],[-8.47,42.11],[-8.15,42.11],[-8.14,41.98],[-8.22,41.98],[-8.12,41.78],[-6.7,41.98],[-6.35,41.65],[-6.27,41.65],[-6.25,41.46],[-6.93,41.0],[-6.87,40.36],[-7.01,40.23],[-7.0,40.1],[-6.84,40.03],[-6.9,39.77],[-7.44,39.64],[-7.42,39.45],[-7.26,39.38],[-6.99,39.0],[-7.12,38.74],[-7.27,38.67],[-7.24,38.35],[-7.0,38.22],[-6.99,38.09],[-7.14,38.09],[-7.28,37.84],[-7.5,37.71],[-7.39,37.25],[-7.31,37.25],[-6.84,37.25],[-6.59,37.0],[-6.43,37.0],[-6.06,36.22],[-5.83,36.22],[-5.74,36.1],[-5.67,36.1],[-5.77,36.48],[-5.85,36.48],[-5.8,36.87],[-5.12,37.19],[-4.66,37.19],[-3.9,37.51],[-3.59,37.51],[-3.52,37.64],[-3.04,37.58],[-2.83,37.9],[-2.12,37.84],[-1.94,37.38],[-1.78,37.32],[-1.7,37.32],[-1.62,37.32],[-1.71,37.45],[-1.4,37.58],[-0.7,37.64],[-0.8,38.03],[-0.66,38.29],[-0.43,38.42],[-0.44,38.48],[-0.68,38.61],[-0.77,38.87],[-1.09,39.0],[-1.11,39.38],[-1.35,39.45],[-1.37,39.71],[-1.15,39.9],[-1.16,40.1],[-1.73,40.36],[-1.51,40.74],[-2.1,41.2],[-2.12,41.46],[-1.88,41.52],[-1.98,41.78],[-1.82,41.78],[-1.83,41.91],[-1.78,42.3],[-2.02,42.37],[-2.2,42.69],[-1.84,43.21],[-1.85,43.34],[-1.85,43.41],[-3.3,43.34],[-3.47,43.47],[-4.99,43.41],[-5.65,43.54],[-5.73,43.54]]]},"properties":{"id":"territory:Crown of Castile:1305","name":"카스티야 왕국","name_en":"Crown of Castile","actor":"기타중립","valid_from":1305,"valid_to":1333,"wikidata":"Q217196","area":352986,"src":"cliopatria","confidence":"medium"}},{"type":"Feature","geometry":{"type":"Point","coordinates":[-4.644,40.406]},"properties":{"id":"territory:Crown of Castile:1305:label","name":"카스티야 왕국","name_en":"Crown of Castile","actor":"기타중립","valid_from":1305,"valid_to":1333,"wikidata":"Q217196","area":352986,"src":"cliopatria","confidence":"medium"}},{"type":"Feature","geometry":{"type":"Polygon","coordinates":[[[24.91,47.8],[24.59,47.93],[24.69,48.13],[24.37,48.26],[24.38,48.39],[24.05,48.46],[23.83,48.72],[23.09,48.85],[22.78,49.12],[22.52,49.05],[21.8,49.38],[21.39,49.45],[20.96,49.32],[20.21,49.38],[19.87,49.18],[19.39,49.58],[19.13,49.45],[18.8,49.52],[18.38,49.45],[17.94,48.99],[16.93,48.72],[16.83,48.32],[16.99,48.19],[16.99,48.13],[16.32,47.86],[16.3,47.53],[16.14,47.53],[16.03,46.81],[15.86,46.68],[16.02,46.35],[15.6,46.22],[15.68,45.96],[15.51,45.89],[15.26,45.76],[15.34,45.5],[14.45,45.63],[14.28,45.43],[14.28,45.37],[14.6,45.37],[14.6,45.17],[14.76,45.1],[14.76,44.97],[14.92,44.97],[14.91,44.58],[15.15,44.45],[15.15,44.39],[15.39,44.32],[15.38,44.12],[15.62,43.93],[15.86,43.93],[16.1,43.73],[16.42,43.73],[16.66,43.6],[16.74,43.6],[16.82,43.6],[16.81,43.54],[16.9,43.54],[16.98,43.54],[17.06,43.54],[17.05,43.47],[17.37,43.21],[17.36,43.15],[17.44,43.15],[17.44,43.08],[17.52,43.08],[17.52,43.02],[17.6,43.02],[17.76,43.15],[18.01,43.15],[18.01,43.28],[18.1,43.54],[17.87,43.73],[17.8,43.99],[17.41,44.25],[17.34,44.52],[17.42,44.65],[18.0,44.97],[18.97,44.84],[19.22,44.97],[19.3,44.84],[19.62,44.91],[19.86,44.71],[20.02,44.71],[20.11,44.91],[20.52,44.97],[20.59,44.78],[20.75,44.71],[21.41,44.84],[22.11,44.52],[22.53,44.71],[22.65,45.24],[23.14,45.24],[23.47,45.37],[23.48,45.5],[25.04,45.63],[25.35,45.37],[25.44,45.5],[25.85,45.5],[26.02,45.63],[25.95,45.76],[25.71,45.82],[25.91,46.15],[25.75,46.22],[25.71,46.68],[25.41,47.01],[25.43,47.2],[25.26,47.2],[25.21,47.47],[24.89,47.6],[24.91,47.8]]]},"properties":{"id":"territory:Kingdom of Hungary:1314","name":"헝가리 왕국","name_en":"Kingdom of Hungary","actor":"기타중립","valid_from":1314,"valid_to":1326,"wikidata":"Q171150","area":349938,"src":"cliopatria","confidence":"medium"}},{"type":"Feature","geometry":{"type":"Point","coordinates":[20.087,46.698]},"properties":{"id":"territory:Kingdom of Hungary:1314:label","name":"헝가리 왕국","name_en":"Kingdom of Hungary","actor":"기타중립","valid_from":1314,"valid_to":1326,"wikidata":"Q171150","area":349938,"src":"cliopatria","confidence":"medium"}},{"type":"Feature","geometry":{"type":"MultiPolygon","coordinates":[[[[11.4,54.0],[11.4,54.14],[12.36,54.41],[12.44,54.41],[12.44,54.27],[12.95,53.94],[12.86,53.8],[13.04,53.8],[13.03,53.66],[13.12,53.66],[12.77,53.39],[12.17,53.39],[11.91,53.6],[11.74,53.6],[11.56,53.39],[11.31,53.46],[11.13,53.26],[10.62,53.39],[11.05,53.73],[11.05,53.87],[10.88,54.0],[10.88,54.07],[11.4,54.0]]],[[[19.72,60.49],[20.17,60.42],[20.15,60.21],[19.95,60.07],[19.68,60.14],[19.7,60.28],[19.7,60.35],[19.72,60.49]]],[[[26.22,65.66],[26.09,65.44],[26.07,64.79],[25.75,64.57],[25.15,64.42],[25.13,64.28],[26.29,63.84],[26.28,63.77],[26.56,63.77],[26.45,63.62],[26.99,63.48],[27.31,63.19],[27.68,63.12],[28.08,62.76],[28.17,62.76],[28.41,62.55],[28.6,62.55],[29.24,61.97],[29.21,61.83],[29.37,61.69],[29.29,61.26],[29.38,61.26],[29.41,60.91],[29.59,60.91],[29.64,60.7],[30.0,60.63],[29.93,60.28],[29.83,60.21],[29.73,60.21],[29.38,60.28],[28.99,60.14],[28.49,60.42],[28.54,60.7],[28.45,60.7],[28.24,60.56],[27.13,60.49],[27.05,60.56],[26.75,60.42],[26.4,60.49],[25.82,60.28],[24.61,60.14],[24.5,60.0],[24.05,60.07],[23.76,59.92],[23.03,59.85],[23.05,60.07],[22.31,60.0],[22.36,60.42],[21.91,60.42],[21.74,60.56],[21.46,60.56],[21.33,60.98],[21.23,60.98],[21.25,61.12],[21.44,61.19],[21.5,61.69],[21.24,61.83],[21.19,62.26],[21.29,62.33],[21.2,62.33],[21.21,62.47],[20.95,62.62],[21.07,62.83],[21.26,62.9],[21.28,63.05],[21.48,63.12],[21.5,63.34],[21.96,63.26],[22.16,63.34],[22.37,63.48],[22.38,63.62],[22.78,63.77],[22.8,63.91],[23.28,63.99],[23.3,64.13],[23.49,64.13],[23.82,64.42],[24.01,64.42],[24.54,64.79],[24.56,64.93],[25.23,64.93],[25.23,65.52],[24.67,65.59],[24.68,65.66],[24.21,65.74],[24.22,65.81],[22.47,65.74],[22.38,65.81],[22.44,65.52],[21.76,65.44],[21.65,65.37],[21.62,65.08],[21.21,64.93],[21.3,64.86],[21.28,64.64],[21.47,64.64],[21.54,64.42],[21.14,64.28],[20.81,63.91],[20.62,63.91],[20.41,63.7],[19.83,63.62],[19.73,63.48],[19.35,63.48],[19.14,63.26],[18.75,63.12],[18.47,63.12],[18.35,62.83],[17.98,62.83],[17.96,62.62],[17.76,62.47],[17.39,62.47],[17.56,62.33],[17.55,62.19],[17.36,62.05],[17.51,61.69],[17.24,61.69],[17.19,60.98],[17.28,60.98],[17.26,60.77],[18.61,60.42],[18.5,60.21],[18.78,60.21],[19.03,60.0],[19.01,59.71],[18.83,59.71],[18.63,59.5],[18.35,59.43],[18.41,59.09],[18.14,59.09],[17.95,58.88],[17.5,58.88],[17.49,58.74],[17.13,58.74],[17.03,58.6],[16.85,58.6],[16.84,58.46],[16.66,58.46],[16.83,58.32],[16.81,58.04],[16.63,57.9],[16.71,57.83],[16.7,57.7],[16.61,57.7],[16.69,57.42],[16.5,57.28],[16.48,56.87],[16.76,57.08],[16.95,57.42],[17.13,57.42],[17.12,57.28],[16.74,56.8],[16.63,56.39],[16.27,56.25],[16.28,56.52],[16.19,56.52],[16.19,56.39],[16.1,56.39],[15.93,56.52],[13.46,56.59],[13.29,56.94],[13.12,57.01],[13.12,57.14],[12.95,57.28],[13.58,57.63],[13.67,57.83],[13.59,57.83],[13.59,58.04],[14.04,58.04],[14.6,58.53],[14.6,58.67],[14.25,58.81],[14.25,58.95],[14.16,58.95],[14.27,59.43],[14.36,59.43],[14.28,59.5],[14.38,59.85],[14.29,59.85],[14.31,60.42],[14.4,60.42],[14.42,60.7],[14.51,60.7],[14.35,61.26],[14.74,61.69],[14.75,61.97],[15.21,61.97],[15.23,62.19],[14.68,62.4],[14.69,62.62],[16.1,62.76],[16.59,63.12],[16.51,63.26],[15.77,63.48],[15.49,63.7],[15.5,63.84],[16.26,63.91],[16.46,64.06],[16.58,64.35],[16.67,64.35],[16.76,64.2],[17.5,63.91],[18.46,64.06],[18.54,63.99],[18.43,63.77],[18.9,63.7],[19.5,64.06],[20.28,64.28],[20.52,64.71],[20.34,64.86],[20.38,65.15],[20.87,65.3],[20.79,65.44],[21.08,65.44],[21.32,65.81],[21.52,65.88],[21.54,66.03],[21.85,66.18],[22.14,66.18],[22.66,66.4],[23.62,66.33],[23.73,66.4],[23.8,66.25],[25.34,66.18],[25.33,66.11],[25.79,65.96],[25.89,65.96],[26.22,65.66]]]]},"properties":{"id":"territory:Kingdom of Sweden:1375","name":"스웨덴 왕국","name_en":"Kingdom of Sweden","actor":"기타중립","valid_from":1375,"valid_to":1402,"wikidata":"Q34","area":349560,"src":"cliopatria","confidence":"medium"}},{"type":"Feature","geometry":{"type":"Point","coordinates":[21.058,61.535]},"properties":{"id":"territory:Kingdom of Sweden:1375:label","name":"스웨덴 왕국","name_en":"Kingdom of Sweden","actor":"기타중립","valid_from":1375,"valid_to":1402,"wikidata":"Q34","area":349560,"src":"cliopatria","confidence":"medium"}},{"type":"Feature","geometry":{"type":"MultiPolygon","coordinates":[[[[18.3,42.63],[18.38,42.63],[18.38,42.56],[18.3,42.56],[18.3,42.63]]],[[[18.3,42.63],[18.14,42.63],[17.83,42.89],[17.59,42.89],[17.51,42.76],[17.52,42.95],[17.36,42.95],[17.36,43.08],[17.36,43.15],[17.6,42.95],[18.24,42.95],[18.23,42.89],[18.23,42.82],[18.23,42.76],[18.3,42.63]]],[[[14.51,44.91],[14.5,44.52],[14.26,44.58],[14.27,44.97],[14.35,44.97],[14.51,44.91]]],[[[25.94,45.63],[25.85,45.5],[25.44,45.5],[25.35,45.37],[25.04,45.63],[23.48,45.5],[23.47,45.37],[23.14,45.24],[22.65,45.24],[22.53,44.71],[22.53,44.65],[22.45,44.65],[22.37,44.65],[22.36,44.58],[21.95,44.52],[21.88,44.65],[21.8,44.65],[21.41,44.84],[21.08,44.84],[20.83,44.71],[20.35,44.84],[19.86,44.71],[19.62,44.91],[19.3,44.84],[19.22,44.97],[18.89,44.84],[18.58,45.1],[18.09,45.1],[17.5,44.65],[17.1,44.78],[17.03,45.04],[16.79,45.04],[16.62,44.78],[16.29,44.84],[16.29,44.58],[16.52,44.45],[16.51,44.12],[16.67,43.99],[16.74,43.6],[17.06,43.54],[17.37,43.21],[17.29,43.21],[17.12,43.15],[17.05,43.41],[16.73,43.34],[16.73,43.54],[16.58,43.6],[15.93,43.47],[16.01,43.6],[15.86,43.8],[15.7,43.8],[15.62,43.93],[15.37,43.86],[15.46,43.99],[15.22,44.06],[15.15,44.39],[14.91,44.58],[14.92,44.97],[14.52,45.1],[14.6,45.37],[14.28,45.37],[14.28,45.43],[14.45,45.63],[15.34,45.5],[15.26,45.76],[15.68,45.96],[15.6,46.22],[16.02,46.35],[15.86,46.68],[16.03,46.81],[16.14,47.53],[16.3,47.53],[16.32,47.86],[16.99,48.13],[16.99,48.19],[16.83,48.32],[16.93,48.72],[17.94,48.99],[18.38,49.45],[18.88,49.52],[19.13,49.45],[19.47,49.58],[19.87,49.18],[20.21,49.38],[21.8,49.38],[22.52,49.05],[22.78,49.12],[22.93,48.92],[23.67,48.79],[24.05,48.46],[24.38,48.39],[24.37,48.26],[24.69,48.13],[24.59,47.93],[24.91,47.8],[24.88,47.53],[25.03,47.4],[25.02,47.2],[25.67,47.14],[25.73,46.87],[25.97,46.81],[25.94,46.55],[26.48,46.15],[26.44,45.76],[26.1,45.63],[25.94,45.63]]]]},"properties":{"id":"territory:Kingdom of Hungary:1363","name":"헝가리 왕국","name_en":"Kingdom of Hungary","actor":"기타중립","valid_from":1363,"valid_to":1375,"wikidata":"Q171150","area":344138,"src":"cliopatria","confidence":"medium"}},{"type":"Feature","geometry":{"type":"Point","coordinates":[20.263,46.783]},"properties":{"id":"territory:Kingdom of Hungary:1363:label","name":"헝가리 왕국","name_en":"Kingdom of Hungary","actor":"기타중립","valid_from":1363,"valid_to":1375,"wikidata":"Q171150","area":344138,"src":"cliopatria","confidence":"medium"}},{"type":"Feature","geometry":{"type":"Polygon","coordinates":[[[24.91,47.8],[24.59,47.93],[24.69,48.13],[24.37,48.26],[24.38,48.39],[24.05,48.46],[23.83,48.72],[23.09,48.85],[22.78,49.12],[22.52,49.05],[21.8,49.38],[21.39,49.45],[20.96,49.32],[20.21,49.38],[19.87,49.18],[19.39,49.58],[19.13,49.45],[18.8,49.52],[18.38,49.45],[17.94,48.99],[16.93,48.72],[16.83,48.32],[16.99,48.19],[16.99,48.13],[16.32,47.86],[16.3,47.53],[16.14,47.53],[16.03,46.81],[15.86,46.68],[16.02,46.35],[15.6,46.22],[15.68,45.96],[15.51,45.89],[15.26,45.76],[15.34,45.5],[14.45,45.63],[14.28,45.43],[14.28,45.37],[14.6,45.37],[14.6,45.17],[14.76,45.1],[14.76,44.97],[14.92,44.97],[14.91,44.58],[15.15,44.45],[15.15,44.39],[15.39,44.32],[15.38,44.12],[15.62,43.93],[15.86,43.93],[16.1,43.73],[16.42,43.73],[16.66,43.6],[16.74,43.6],[16.82,43.6],[16.81,43.54],[16.9,43.54],[16.98,43.54],[17.06,43.54],[17.05,43.47],[17.37,43.21],[17.36,43.15],[17.44,43.15],[17.44,43.08],[17.52,43.08],[17.52,43.02],[17.6,43.02],[17.76,43.15],[18.01,43.15],[18.01,43.28],[17.85,43.28],[17.62,43.47],[17.55,43.86],[17.15,43.99],[16.92,44.19],[16.92,44.32],[16.29,44.58],[16.29,44.84],[16.62,44.78],[16.79,45.04],[17.03,45.04],[17.1,44.78],[17.5,44.65],[18.09,45.1],[18.58,45.1],[18.89,44.84],[19.22,44.97],[19.3,44.84],[19.62,44.91],[19.86,44.71],[20.02,44.71],[20.11,44.84],[20.75,44.71],[21.41,44.84],[21.88,44.65],[21.95,44.52],[22.28,44.52],[22.53,44.71],[22.65,45.24],[23.14,45.24],[23.47,45.37],[23.48,45.5],[25.04,45.63],[25.35,45.37],[25.44,45.5],[25.85,45.5],[26.02,45.63],[25.95,45.76],[25.71,45.82],[25.91,46.15],[25.75,46.22],[25.71,46.68],[25.41,47.01],[25.43,47.2],[25.26,47.2],[25.21,47.47],[24.89,47.6],[24.91,47.8]]]},"properties":{"id":"territory:Kingdom of Hungary:1326","name":"헝가리 왕국","name_en":"Kingdom of Hungary","actor":"기타중립","valid_from":1326,"valid_to":1333,"wikidata":"Q171150","area":341023,"src":"cliopatria","confidence":"medium"}},{"type":"Feature","geometry":{"type":"Point","coordinates":[20.164,46.757]},"properties":{"id":"territory:Kingdom of Hungary:1326:label","name":"헝가리 왕국","name_en":"Kingdom of Hungary","actor":"기타중립","valid_from":1326,"valid_to":1333,"wikidata":"Q171150","area":341023,"src":"cliopatria","confidence":"medium"}},{"type":"Feature","geometry":{"type":"Polygon","coordinates":[[[47.4,39.51],[46.67,38.93],[46.19,38.87],[46.05,39.0],[46.08,39.19],[45.87,39.32],[45.89,39.45],[45.76,39.58],[45.51,39.51],[45.32,39.77],[44.95,39.9],[44.82,40.1],[44.25,39.97],[44.12,39.71],[43.77,39.45],[43.06,39.45],[43.17,39.64],[43.09,39.64],[43.11,39.77],[42.82,39.9],[42.49,39.84],[42.27,39.97],[41.87,39.9],[41.43,40.1],[41.39,40.36],[41.15,40.36],[40.73,40.23],[40.11,40.29],[40.03,40.29],[39.68,40.03],[39.74,39.9],[40.04,39.84],[41.06,39.77],[41.03,39.58],[40.76,39.38],[40.75,39.26],[38.87,38.8],[38.85,38.61],[39.31,38.55],[39.36,38.35],[39.44,38.35],[39.43,38.29],[39.51,38.29],[39.5,38.22],[39.71,38.03],[39.95,38.03],[40.15,37.84],[40.46,37.77],[41.15,37.13],[41.14,37.06],[41.46,36.55],[41.61,36.48],[41.59,36.35],[41.81,36.22],[41.79,36.1],[42.01,35.97],[41.99,35.84],[42.13,35.71],[42.37,35.77],[42.43,35.64],[42.65,35.58],[43.51,35.64],[43.5,35.52],[43.72,35.45],[43.92,35.77],[44.46,35.77],[44.87,35.9],[45.0,35.77],[46.16,35.71],[46.41,35.32],[46.38,35.13],[46.59,35.0],[46.57,34.87],[46.8,34.81],[47.23,35.13],[47.38,35.13],[47.51,34.94],[47.74,34.94],[47.85,35.13],[47.7,35.19],[47.68,35.58],[47.95,35.77],[48.16,35.64],[48.62,35.64],[48.68,36.03],[49.16,36.1],[49.21,36.42],[48.84,36.55],[48.89,36.8],[49.04,36.8],[49.62,37.45],[49.54,37.45],[49.09,37.51],[48.83,37.84],[48.8,39.0],[48.92,39.19],[49.16,39.26],[49.18,39.32],[49.03,39.38],[49.0,39.64],[48.78,39.71],[48.72,39.84],[48.09,39.84],[47.9,39.64],[47.4,39.51]]]},"properties":{"id":"territory:Qara Qoyunlu:1375","name":"흑양 왕조","name_en":"Qara Qoyunlu","actor":"기타중립","valid_from":1375,"valid_to":1385,"wikidata":"Q324470","area":338765,"src":"cliopatria","confidence":"medium"}},{"type":"Feature","geometry":{"type":"Point","coordinates":[44.663,37.755]},"properties":{"id":"territory:Qara Qoyunlu:1375:label","name":"흑양 왕조","name_en":"Qara Qoyunlu","actor":"기타중립","valid_from":1375,"valid_to":1385,"wikidata":"Q324470","area":338765,"src":"cliopatria","confidence":"medium"}},{"type":"Feature","geometry":{"type":"MultiPolygon","coordinates":[[[[17.51,42.82],[17.59,42.82],[17.59,42.76],[17.51,42.76],[17.51,42.82]]],[[[16.79,42.89],[16.8,43.02],[17.12,43.08],[17.2,43.08],[17.19,42.89],[16.79,42.89]]],[[[17.12,43.08],[16.72,43.08],[16.72,43.21],[16.8,43.21],[17.12,43.21],[17.12,43.08]]],[[[16.73,43.54],[16.81,43.47],[16.81,43.41],[16.73,43.34],[16.73,43.54]]],[[[14.83,44.52],[14.83,44.58],[14.91,44.58],[14.92,44.97],[14.52,45.1],[14.6,45.37],[14.52,45.37],[14.44,45.37],[14.52,45.5],[15.34,45.5],[15.26,45.76],[15.68,45.96],[15.6,46.22],[16.02,46.35],[15.86,46.68],[16.03,46.81],[16.14,47.53],[16.3,47.53],[16.32,47.86],[16.99,48.13],[16.99,48.19],[16.83,48.32],[16.93,48.72],[17.94,48.99],[18.11,49.18],[18.12,49.25],[18.2,49.25],[18.2,49.32],[18.29,49.32],[18.29,49.38],[18.88,49.52],[19.13,49.45],[19.47,49.58],[19.87,49.18],[20.21,49.38],[21.8,49.38],[22.52,49.05],[22.78,49.12],[22.93,48.92],[23.67,48.79],[24.05,48.46],[24.38,48.39],[24.37,48.26],[24.69,48.13],[24.59,47.93],[24.91,47.8],[24.88,47.53],[25.03,47.4],[25.02,47.2],[25.67,47.14],[25.73,46.87],[25.97,46.81],[25.94,46.55],[26.48,46.15],[26.44,45.76],[26.1,45.63],[25.94,45.63],[25.85,45.5],[25.44,45.5],[25.35,45.37],[25.04,45.63],[23.48,45.5],[23.47,45.37],[23.14,45.24],[22.65,45.24],[22.53,44.71],[22.53,44.65],[22.45,44.65],[22.37,44.65],[22.36,44.58],[21.95,44.52],[21.8,44.65],[21.72,44.65],[21.41,44.84],[21.08,44.84],[20.83,44.71],[20.35,44.84],[19.86,44.71],[19.62,44.91],[19.3,44.84],[19.14,44.97],[18.89,44.84],[18.58,45.1],[16.54,45.04],[16.29,44.84],[16.29,44.58],[16.52,44.45],[16.52,44.32],[16.27,44.25],[16.27,44.06],[16.43,44.06],[16.74,43.8],[16.73,43.54],[16.65,43.54],[16.25,43.6],[16.17,43.47],[15.93,43.47],[16.01,43.6],[15.86,43.8],[15.7,43.8],[15.62,43.93],[15.37,43.86],[15.46,43.99],[15.22,44.06],[15.15,44.39],[14.99,44.52],[14.91,44.52],[14.83,44.52]]],[[[14.5,44.52],[14.26,44.58],[14.27,44.97],[14.35,44.97],[14.51,44.91],[14.5,44.52]]]]},"properties":{"id":"territory:Kingdom of Hungary:1395","name":"헝가리 왕국","name_en":"Kingdom of Hungary","actor":"기타중립","valid_from":1395,"valid_to":1402,"wikidata":"Q171150","area":338700,"src":"cliopatria","confidence":"medium"}},{"type":"Feature","geometry":{"type":"Point","coordinates":[20.317,46.815]},"properties":{"id":"territory:Kingdom of Hungary:1395:label","name":"헝가리 왕국","name_en":"Kingdom of Hungary","actor":"기타중립","valid_from":1395,"valid_to":1402,"wikidata":"Q171150","area":338700,"src":"cliopatria","confidence":"medium"}},{"type":"Feature","geometry":{"type":"MultiPolygon","coordinates":[[[[17.51,42.82],[17.59,42.82],[17.59,42.76],[17.51,42.76],[17.51,42.82]]],[[[16.79,42.89],[16.8,43.02],[17.12,43.08],[17.2,43.08],[17.19,42.89],[16.79,42.89]]],[[[17.12,43.08],[16.72,43.08],[16.72,43.21],[16.8,43.21],[17.12,43.21],[17.12,43.08]]],[[[16.73,43.34],[16.73,43.54],[16.81,43.47],[16.81,43.41],[16.73,43.34]]],[[[14.5,44.52],[14.26,44.58],[14.27,44.97],[14.35,44.97],[14.51,44.91],[14.5,44.52]]],[[[25.85,45.5],[25.44,45.5],[25.35,45.37],[25.04,45.63],[23.48,45.5],[23.47,45.37],[23.14,45.24],[22.65,45.24],[22.53,44.71],[22.53,44.65],[22.45,44.65],[22.37,44.65],[22.36,44.58],[21.95,44.52],[21.8,44.65],[21.72,44.65],[21.41,44.84],[21.08,44.84],[20.83,44.71],[20.35,44.84],[19.86,44.71],[19.62,44.91],[19.3,44.84],[19.14,44.97],[18.89,44.84],[18.58,45.1],[16.54,45.04],[16.29,44.84],[16.29,44.58],[16.52,44.45],[16.52,44.32],[16.27,44.25],[16.27,44.06],[16.43,44.06],[16.74,43.8],[16.73,43.54],[16.65,43.54],[16.25,43.6],[16.17,43.47],[15.93,43.47],[16.01,43.6],[15.86,43.8],[15.7,43.8],[15.62,43.93],[15.37,43.86],[15.46,43.99],[15.22,44.06],[15.15,44.39],[14.91,44.58],[14.92,44.97],[14.52,45.1],[14.6,45.37],[14.52,45.37],[14.44,45.37],[14.52,45.5],[15.34,45.5],[15.26,45.76],[15.68,45.96],[15.6,46.22],[16.02,46.35],[15.86,46.68],[16.03,46.81],[16.14,47.53],[16.3,47.53],[16.32,47.86],[16.99,48.13],[16.99,48.19],[16.83,48.32],[16.93,48.72],[17.94,48.99],[18.11,49.18],[18.12,49.25],[18.2,49.25],[18.2,49.32],[18.29,49.32],[18.29,49.38],[18.88,49.52],[19.13,49.45],[19.47,49.58],[19.87,49.18],[20.21,49.38],[21.8,49.38],[22.52,49.05],[22.78,49.12],[22.93,48.92],[23.67,48.79],[24.05,48.46],[24.38,48.39],[24.37,48.26],[24.69,48.13],[24.59,47.93],[24.91,47.8],[24.88,47.53],[25.03,47.4],[25.02,47.2],[25.67,47.14],[25.73,46.87],[25.97,46.81],[25.94,46.55],[26.48,46.15],[26.44,45.76],[26.1,45.63],[25.94,45.63],[25.85,45.5]]]]},"properties":{"id":"territory:Kingdom of Hungary:1385","name":"헝가리 왕국","name_en":"Kingdom of Hungary","actor":"기타중립","valid_from":1385,"valid_to":1395,"wikidata":"Q171150","area":338630,"src":"cliopatria","confidence":"medium"}},{"type":"Feature","geometry":{"type":"Point","coordinates":[20.318,46.815]},"properties":{"id":"territory:Kingdom of Hungary:1385:label","name":"헝가리 왕국","name_en":"Kingdom of Hungary","actor":"기타중립","valid_from":1385,"valid_to":1395,"wikidata":"Q171150","area":338630,"src":"cliopatria","confidence":"medium"}},{"type":"Feature","geometry":{"type":"MultiPolygon","coordinates":[[[[17.51,42.82],[17.59,42.82],[17.59,42.76],[17.51,42.76],[17.51,42.82]]],[[[16.79,42.89],[16.8,43.02],[17.12,43.08],[17.2,43.08],[17.19,42.89],[16.79,42.89]]],[[[17.12,43.08],[16.72,43.08],[16.72,43.21],[16.8,43.21],[17.12,43.21],[17.12,43.08]]],[[[16.73,43.34],[16.73,43.54],[16.81,43.47],[16.81,43.41],[16.73,43.34]]],[[[14.5,44.52],[14.26,44.58],[14.27,44.97],[14.35,44.97],[14.51,44.91],[14.5,44.52]]],[[[23.09,48.85],[23.83,48.72],[24.05,48.46],[24.38,48.39],[24.37,48.26],[24.69,48.13],[24.59,47.93],[24.91,47.8],[24.9,47.73],[25.02,47.2],[25.67,47.14],[25.73,46.87],[25.97,46.81],[25.94,46.55],[26.48,46.15],[26.44,45.76],[26.1,45.63],[25.94,45.63],[25.85,45.5],[25.44,45.5],[25.35,45.37],[25.04,45.63],[23.48,45.5],[23.47,45.37],[23.14,45.24],[22.65,45.24],[22.53,44.71],[22.53,44.65],[22.45,44.65],[22.37,44.65],[22.36,44.58],[21.95,44.52],[21.8,44.65],[21.72,44.65],[21.41,44.84],[21.08,44.84],[20.83,44.71],[20.35,44.84],[19.86,44.71],[19.62,44.91],[19.3,44.84],[19.22,44.97],[18.89,44.84],[18.58,45.1],[18.09,45.1],[18.01,45.1],[16.54,45.04],[16.38,44.91],[16.38,44.84],[16.29,44.84],[16.29,44.58],[16.52,44.45],[16.52,44.32],[16.44,44.32],[16.27,44.25],[16.27,44.06],[16.43,44.06],[16.74,43.8],[16.73,43.54],[16.25,43.6],[16.17,43.47],[15.93,43.47],[16.01,43.6],[15.86,43.8],[15.7,43.8],[15.62,43.93],[15.37,43.86],[15.46,43.99],[15.22,44.06],[15.15,44.39],[14.91,44.58],[14.92,44.97],[14.52,45.1],[14.6,45.37],[14.52,45.37],[14.44,45.37],[14.52,45.5],[15.34,45.5],[15.26,45.76],[15.68,45.96],[15.6,46.22],[16.02,46.35],[15.86,46.68],[16.03,46.81],[16.14,47.53],[16.3,47.53],[16.32,47.86],[16.99,48.13],[16.99,48.19],[16.83,48.32],[16.93,48.72],[17.94,48.99],[18.38,49.45],[18.88,49.52],[19.13,49.45],[19.47,49.58],[19.87,49.18],[20.21,49.38],[21.8,49.38],[21.79,49.32],[22.52,49.05],[22.78,49.12],[23.09,48.85]]]]},"properties":{"id":"territory:Kingdom of Hungary:1375","name":"헝가리 왕국","name_en":"Kingdom of Hungary","actor":"기타중립","valid_from":1375,"valid_to":1385,"wikidata":"Q171150","area":338285,"src":"cliopatria","confidence":"medium"}},{"type":"Feature","geometry":{"type":"Point","coordinates":[20.318,46.815]},"properties":{"id":"territory:Kingdom of Hungary:1375:label","name":"헝가리 왕국","name_en":"Kingdom of Hungary","actor":"기타중립","valid_from":1375,"valid_to":1385,"wikidata":"Q171150","area":338285,"src":"cliopatria","confidence":"medium"}},{"type":"Feature","geometry":{"type":"Polygon","coordinates":[[[24.91,47.8],[24.74,47.8],[24.67,47.93],[23.76,47.93],[23.11,48.06],[23.04,48.19],[22.39,48.39],[22.31,48.46],[22.34,48.85],[21.53,49.12],[21.38,49.38],[20.21,49.38],[19.87,49.18],[19.39,49.58],[19.13,49.45],[18.8,49.52],[18.38,49.45],[17.94,48.99],[16.93,48.72],[16.83,48.32],[16.99,48.19],[16.99,48.13],[16.32,47.86],[16.3,47.53],[16.14,47.53],[16.03,46.81],[15.86,46.68],[16.02,46.35],[15.6,46.22],[15.68,45.96],[15.51,45.89],[15.26,45.76],[15.34,45.5],[14.45,45.63],[14.28,45.43],[14.28,45.37],[14.6,45.37],[14.6,45.17],[14.76,45.1],[14.76,44.97],[14.92,44.97],[14.91,44.58],[15.15,44.45],[15.15,44.39],[15.39,44.32],[15.38,44.12],[15.62,43.93],[15.86,43.93],[16.1,43.73],[16.42,43.73],[16.66,43.6],[16.74,43.6],[16.82,43.6],[16.81,43.54],[16.9,43.54],[16.98,43.54],[17.06,43.54],[17.05,43.47],[17.37,43.21],[17.36,43.15],[17.44,43.15],[17.44,43.08],[17.52,43.08],[17.52,43.02],[17.6,43.02],[17.76,43.15],[18.01,43.15],[18.01,43.28],[18.1,43.54],[17.87,43.73],[17.8,43.99],[17.41,44.25],[17.34,44.52],[17.42,44.65],[18.0,44.97],[18.97,44.84],[19.22,44.97],[19.3,44.84],[19.62,44.91],[19.86,44.71],[20.02,44.71],[20.11,44.91],[20.52,44.97],[20.59,44.78],[20.75,44.71],[21.41,44.84],[22.11,44.52],[22.28,44.52],[22.37,44.65],[22.69,44.65],[22.69,44.71],[22.94,44.78],[22.96,44.97],[23.31,45.3],[23.23,45.43],[23.32,45.5],[24.63,45.56],[24.56,45.76],[25.62,45.76],[25.71,45.76],[25.72,45.96],[25.91,46.15],[25.75,46.22],[25.71,46.68],[25.41,47.01],[25.43,47.2],[25.26,47.2],[25.21,47.47],[24.89,47.6],[24.91,47.8]]]},"properties":{"id":"territory:Kingdom of Hungary:1294","name":"헝가리 왕국","name_en":"Kingdom of Hungary","actor":"기타중립","valid_from":1294,"valid_to":1305,"wikidata":"Q171150","area":334132,"src":"cliopatria","confidence":"medium"}},{"type":"Feature","geometry":{"type":"Point","coordinates":[19.917,46.611]},"properties":{"id":"territory:Kingdom of Hungary:1294:label","name":"헝가리 왕국","name_en":"Kingdom of Hungary","actor":"기타중립","valid_from":1294,"valid_to":1305,"wikidata":"Q171150","area":334132,"src":"cliopatria","confidence":"medium"}},{"type":"Feature","geometry":{"type":"Polygon","coordinates":[[[24.91,47.8],[24.59,47.93],[24.69,48.13],[24.37,48.26],[24.38,48.39],[24.05,48.46],[23.67,48.79],[22.93,48.92],[22.78,49.12],[22.52,49.05],[21.8,49.38],[20.21,49.38],[19.87,49.18],[19.47,49.58],[19.13,49.45],[18.88,49.52],[18.38,49.45],[17.94,48.99],[16.93,48.72],[16.83,48.32],[16.99,48.19],[16.99,48.13],[16.32,47.86],[16.3,47.53],[16.14,47.53],[16.03,46.81],[15.86,46.68],[16.02,46.35],[15.6,46.22],[15.68,45.96],[15.26,45.76],[15.34,45.5],[14.45,45.63],[14.28,45.43],[14.28,45.37],[14.6,45.37],[14.6,45.17],[14.76,45.1],[14.76,44.97],[14.92,44.97],[14.91,44.58],[15.15,44.45],[15.15,44.39],[15.39,44.32],[15.38,44.12],[15.62,43.93],[15.86,43.93],[16.1,43.73],[16.42,43.73],[16.66,43.6],[16.74,43.6],[16.67,43.99],[16.51,44.12],[16.52,44.45],[16.29,44.58],[16.29,44.84],[16.62,44.78],[16.79,45.04],[17.03,45.04],[17.1,44.78],[17.5,44.65],[18.09,45.1],[18.58,45.1],[18.89,44.84],[19.22,44.97],[19.3,44.84],[19.62,44.91],[19.86,44.71],[20.02,44.71],[20.11,44.84],[20.75,44.71],[21.41,44.84],[21.88,44.65],[21.95,44.52],[22.28,44.52],[22.53,44.71],[22.65,45.24],[23.14,45.24],[23.47,45.37],[23.48,45.5],[25.04,45.63],[25.35,45.37],[25.44,45.5],[25.85,45.5],[26.02,45.63],[25.95,45.76],[25.71,45.82],[25.91,46.15],[25.75,46.22],[25.71,46.68],[25.41,47.01],[25.43,47.2],[25.26,47.2],[25.21,47.47],[24.89,47.6],[24.91,47.8]]]},"properties":{"id":"territory:Kingdom of Hungary:1352","name":"헝가리 왕국","name_en":"Kingdom of Hungary","actor":"기타중립","valid_from":1352,"valid_to":1363,"wikidata":"Q171150","area":334005,"src":"cliopatria","confidence":"medium"}},{"type":"Feature","geometry":{"type":"Point","coordinates":[20.225,46.821]},"properties":{"id":"territory:Kingdom of Hungary:1352:label","name":"헝가리 왕국","name_en":"Kingdom of Hungary","actor":"기타중립","valid_from":1352,"valid_to":1363,"wikidata":"Q171150","area":334005,"src":"cliopatria","confidence":"medium"}},{"type":"Feature","geometry":{"type":"Polygon","coordinates":[[[24.91,47.8],[24.59,47.93],[24.69,48.13],[24.37,48.26],[24.38,48.39],[24.05,48.46],[23.83,48.72],[23.09,48.85],[22.78,49.12],[22.52,49.05],[21.8,49.38],[21.39,49.45],[20.96,49.32],[20.21,49.38],[19.87,49.18],[19.47,49.58],[19.13,49.45],[18.88,49.52],[18.38,49.45],[17.94,48.99],[16.93,48.72],[16.83,48.32],[16.99,48.19],[16.99,48.13],[16.32,47.86],[16.3,47.53],[16.14,47.53],[16.03,46.81],[15.86,46.68],[16.02,46.35],[15.6,46.22],[15.68,45.96],[15.51,45.89],[15.26,45.76],[15.34,45.5],[14.45,45.63],[14.28,45.43],[14.28,45.37],[14.6,45.37],[14.6,45.17],[14.76,45.1],[14.76,44.97],[14.92,44.97],[14.91,44.58],[15.15,44.45],[15.15,44.39],[15.39,44.32],[15.38,44.12],[15.62,43.93],[15.86,43.93],[16.1,43.73],[16.42,43.73],[16.66,43.6],[16.74,43.6],[16.67,43.99],[16.51,44.12],[16.52,44.45],[16.29,44.58],[16.29,44.84],[16.62,44.78],[16.79,45.04],[17.03,45.04],[17.1,44.78],[17.5,44.65],[18.09,45.1],[18.58,45.1],[18.89,44.84],[19.22,44.97],[19.3,44.84],[19.62,44.91],[19.86,44.71],[20.02,44.71],[20.11,44.84],[20.75,44.71],[21.41,44.84],[21.88,44.65],[21.95,44.52],[22.28,44.52],[22.53,44.71],[22.65,45.24],[23.14,45.24],[23.47,45.37],[23.48,45.5],[25.04,45.63],[25.35,45.37],[25.44,45.5],[25.85,45.5],[26.02,45.63],[25.95,45.76],[25.71,45.82],[25.91,46.15],[25.75,46.22],[25.71,46.68],[25.41,47.01],[25.43,47.2],[25.26,47.2],[25.21,47.47],[24.89,47.6],[24.91,47.8]]]},"properties":{"id":"territory:Kingdom of Hungary:1333","name":"헝가리 왕국","name_en":"Kingdom of Hungary","actor":"기타중립","valid_from":1333,"valid_to":1344,"wikidata":"Q171150","area":333917,"src":"cliopatria","confidence":"medium"}},{"type":"Feature","geometry":{"type":"Point","coordinates":[20.224,46.82]},"properties":{"id":"territory:Kingdom of Hungary:1333:label","name":"헝가리 왕국","name_en":"Kingdom of Hungary","actor":"기타중립","valid_from":1333,"valid_to":1344,"wikidata":"Q171150","area":333917,"src":"cliopatria","confidence":"medium"}},{"type":"Feature","geometry":{"type":"Polygon","coordinates":[[[24.91,47.8],[24.59,47.93],[24.69,48.13],[24.37,48.26],[24.38,48.39],[24.05,48.46],[23.83,48.72],[23.09,48.85],[22.78,49.12],[22.52,49.05],[21.8,49.38],[21.39,49.45],[20.96,49.32],[20.21,49.38],[19.87,49.18],[19.47,49.58],[19.13,49.45],[18.88,49.52],[18.38,49.45],[17.94,48.99],[16.93,48.72],[16.83,48.32],[16.99,48.19],[16.99,48.13],[16.32,47.86],[16.3,47.53],[16.14,47.53],[16.03,46.81],[15.86,46.68],[16.02,46.35],[15.6,46.22],[15.68,45.96],[15.26,45.76],[15.34,45.5],[14.45,45.63],[14.28,45.43],[14.28,45.37],[14.6,45.37],[14.6,45.17],[14.76,45.1],[14.76,44.97],[14.92,44.97],[14.91,44.58],[15.15,44.45],[15.15,44.39],[15.39,44.32],[15.38,44.12],[15.62,43.93],[15.86,43.93],[16.1,43.73],[16.42,43.73],[16.66,43.6],[16.74,43.6],[16.67,43.99],[16.51,44.12],[16.52,44.45],[16.29,44.58],[16.29,44.84],[16.62,44.78],[16.79,45.04],[17.03,45.04],[17.1,44.78],[17.5,44.65],[18.09,45.1],[18.58,45.1],[18.89,44.84],[19.22,44.97],[19.3,44.84],[19.62,44.91],[19.86,44.71],[20.02,44.71],[20.11,44.84],[20.75,44.71],[21.41,44.84],[21.88,44.65],[21.95,44.52],[22.28,44.52],[22.53,44.71],[22.65,45.24],[23.14,45.24],[23.47,45.37],[23.48,45.5],[25.04,45.63],[25.35,45.37],[25.44,45.5],[25.85,45.5],[26.02,45.63],[25.95,45.76],[25.71,45.82],[25.91,46.15],[25.75,46.22],[25.71,46.68],[25.41,47.01],[25.43,47.2],[25.26,47.2],[25.21,47.47],[24.89,47.6],[24.91,47.8]]]},"properties":{"id":"territory:Kingdom of Hungary:1344","name":"헝가리 왕국","name_en":"Kingdom of Hungary","actor":"기타중립","valid_from":1344,"valid_to":1352,"wikidata":"Q171150","area":333893,"src":"cliopatria","confidence":"medium"}},{"type":"Feature","geometry":{"type":"Point","coordinates":[20.225,46.82]},"properties":{"id":"territory:Kingdom of Hungary:1344:label","name":"헝가리 왕국","name_en":"Kingdom of Hungary","actor":"기타중립","valid_from":1344,"valid_to":1352,"wikidata":"Q171150","area":333893,"src":"cliopatria","confidence":"medium"}},{"type":"Feature","geometry":{"type":"MultiPolygon","coordinates":[[[[-6.09,52.86],[-6.17,52.86],[-6.15,52.65],[-6.23,52.65],[-6.43,52.18],[-7.61,52.12],[-7.68,51.98],[-8.41,51.71],[-8.86,51.92],[-8.92,52.32],[-9.26,52.32],[-9.32,52.18],[-9.57,52.12],[-10.51,52.12],[-10.45,52.32],[-9.94,52.32],[-9.97,52.52],[-9.81,52.59],[-9.15,52.72],[-8.37,52.65],[-8.18,53.12],[-7.65,52.99],[-7.86,53.26],[-7.91,53.6],[-7.32,53.73],[-7.25,53.87],[-6.65,53.87],[-6.53,54.27],[-6.01,54.27],[-5.95,54.48],[-6.33,54.68],[-6.44,54.89],[-5.94,55.02],[-5.73,54.75],[-5.55,54.75],[-5.42,54.41],[-5.67,54.34],[-5.9,54.07],[-6.33,54.07],[-6.29,53.73],[-6.08,53.46],[-6.16,53.46],[-6.24,53.39],[-6.15,53.33],[-6.09,52.86]]],[[[-7.47,57.08],[-7.6,57.35],[-7.25,57.42],[-7.23,57.28],[-7.32,57.28],[-7.29,57.08],[-7.47,57.08]]],[[[-7.12,57.7],[-7.11,57.63],[-7.44,57.49],[-7.56,57.7],[-7.12,57.7]]],[[[-6.21,58.18],[-6.39,58.18],[-6.52,57.9],[-7.13,57.77],[-7.07,57.97],[-7.28,58.18],[-6.85,58.32],[-6.76,58.32],[-6.79,58.46],[-6.26,58.53],[-6.21,58.18]]],[[[0.09,43.15],[0.09,43.21],[0.08,43.34],[0.4,43.34],[0.48,43.47],[0.64,43.47],[0.97,43.34],[0.81,43.21],[0.98,43.02],[0.99,42.82],[0.04,42.69],[-0.29,42.82],[-0.29,42.89],[-0.3,42.95],[0.01,43.15],[0.09,43.15]]],[[[-1.77,43.41],[-1.77,43.34],[-1.85,43.34],[-1.85,43.41],[-1.77,43.41]]],[[[-1.04,43.34],[-1.69,43.34],[-1.69,43.41],[-1.46,43.54],[-1.4,43.86],[-1.32,43.86],[-1.35,44.25],[-1.27,44.25],[-1.29,44.52],[-1.21,44.52],[-1.25,45.17],[-1.17,45.17],[-1.19,45.43],[-1.03,45.5],[-1.04,45.56],[-0.45,45.37],[-0.44,45.24],[-0.28,45.24],[-0.19,45.1],[-0.18,44.91],[-0.07,44.52],[0.04,44.06],[0.04,43.99],[-0.04,43.99],[-0.12,43.99],[-0.2,43.99],[-0.28,43.99],[-0.33,43.47],[-0.65,43.54],[-1.04,43.34]]],[[[-4.86,54.07],[-4.8,54.27],[-4.81,54.34],[-4.38,54.41],[-4.36,54.21],[-4.86,54.07]]],[[[-2.08,57.28],[-2.21,56.87],[-2.53,56.59],[-2.79,56.52],[-2.67,56.25],[-3.1,56.18],[-3.26,56.05],[-2.66,56.11],[-2.02,55.91],[-1.73,55.7],[-1.61,55.29],[-1.52,55.29],[-1.49,54.95],[-1.4,54.95],[-1.29,54.68],[-0.67,54.61],[-0.2,54.21],[-0.18,53.94],[0.0,53.8],[0.02,53.6],[0.3,53.39],[0.32,53.12],[0.07,52.99],[0.17,52.86],[0.34,52.86],[0.49,53.06],[1.09,53.06],[1.62,52.86],[1.74,52.38],[1.65,52.38],[1.59,52.12],[1.43,51.98],[1.17,51.98],[1.18,51.78],[0.84,51.78],[0.86,51.51],[0.52,51.51],[1.38,51.38],[1.31,51.11],[0.49,50.78],[-1.37,50.85],[-1.11,50.78],[-1.18,50.58],[-1.51,50.58],[-1.52,50.71],[-2.61,50.58],[-2.79,50.71],[-3.13,50.71],[-3.46,50.65],[-3.58,50.25],[-4.09,50.25],[-4.19,50.38],[-4.35,50.38],[-4.93,50.25],[-5.15,49.98],[-5.75,50.05],[-5.77,50.25],[-5.28,50.38],[-5.13,50.58],[-4.88,50.58],[-4.82,50.78],[-4.66,50.85],[-4.68,51.05],[-4.43,51.05],[-4.2,51.31],[-3.09,51.25],[-3.11,51.38],[-2.95,51.45],[-3.12,51.51],[-3.28,51.38],[-3.7,51.38],[-3.89,51.58],[-4.31,51.51],[-4.42,51.71],[-5.08,51.58],[-5.26,51.71],[-5.3,51.98],[-4.89,52.18],[-4.39,52.25],[-4.16,52.45],[-4.3,52.92],[-4.79,52.79],[-4.81,52.92],[-4.49,53.12],[-4.67,53.19],[-4.7,53.46],[-4.27,53.46],[-4.16,53.26],[-3.32,53.39],[-3.15,53.46],[-3.1,53.73],[-3.2,53.87],[-2.97,54.14],[-3.3,54.07],[-3.32,54.21],[-3.59,54.27],[-3.72,54.68],[-3.57,54.89],[-4.42,54.75],[-4.95,54.82],[-4.94,54.68],[-5.21,54.75],[-5.33,55.02],[-5.15,55.02],[-5.17,55.16],[-4.77,55.43],[-4.79,55.63],[-4.98,55.7],[-5.0,55.84],[-5.44,55.91],[-5.43,55.77],[-5.16,55.77],[-5.12,55.43],[-5.38,55.43],[-5.57,55.57],[-5.63,55.29],[-5.89,55.29],[-5.92,55.5],[-5.69,55.77],[-5.8,55.98],[-5.89,55.98],[-5.95,55.77],[-6.13,55.77],[-6.19,55.57],[-6.36,55.57],[-6.38,55.7],[-6.63,55.63],[-6.51,55.98],[-6.07,55.98],[-5.92,56.18],[-5.66,56.18],[-5.68,56.39],[-6.29,56.32],[-6.23,56.52],[-6.34,56.66],[-5.91,56.73],[-5.95,57.01],[-6.06,57.14],[-6.41,57.14],[-6.62,57.35],[-6.8,57.35],[-6.82,57.49],[-6.47,57.56],[-6.5,57.77],[-6.32,57.77],[-6.12,57.56],[-6.09,57.35],[-5.81,57.28],[-5.7,57.14],[-5.73,57.35],[-5.92,57.42],[-5.89,57.83],[-5.73,57.97],[-5.46,57.97],[-5.42,58.32],[-5.24,58.32],[-5.26,58.46],[-5.17,58.46],[-5.2,58.67],[-4.02,58.6],[-3.68,58.74],[-3.14,58.74],[-3.02,58.53],[-3.43,58.18],[-4.12,57.97],[-3.93,57.9],[-3.99,57.7],[-3.73,57.77],[-3.65,57.77],[-1.85,57.7],[-1.82,57.42],[-2.08,57.28]]]]},"properties":{"id":"territory:Kingdom of England:1305","name":"Kingdom of England","name_en":"Kingdom of England","actor":"기타중립","valid_from":1305,"valid_to":1314,"wikidata":"Q179876","area":311102,"src":"cliopatria","confidence":"medium"}},{"type":"Feature","geometry":{"type":"Point","coordinates":[-2.72,54.043]},"properties":{"id":"territory:Kingdom of England:1305:label","name":"Kingdom of England","name_en":"Kingdom of England","actor":"기타중립","valid_from":1305,"valid_to":1314,"wikidata":"Q179876","area":311102,"src":"cliopatria","confidence":"medium"}},{"type":"Feature","geometry":{"type":"Polygon","coordinates":[[[46.26,38.87],[46.05,39.0],[46.08,39.19],[45.87,39.32],[45.89,39.45],[45.76,39.58],[45.51,39.51],[45.32,39.77],[44.95,39.9],[44.82,40.1],[44.25,39.97],[44.12,39.71],[43.77,39.45],[43.06,39.45],[43.17,39.64],[43.09,39.64],[43.11,39.77],[42.82,39.9],[42.49,39.84],[42.27,39.97],[41.87,39.9],[41.43,40.1],[41.39,40.36],[41.15,40.36],[40.73,40.23],[40.11,40.29],[40.03,40.29],[39.68,40.03],[39.74,39.9],[40.04,39.84],[41.06,39.77],[41.03,39.58],[40.76,39.38],[40.75,39.26],[38.87,38.8],[38.85,38.61],[39.31,38.55],[39.36,38.35],[39.44,38.35],[39.43,38.29],[39.51,38.29],[39.5,38.22],[39.71,38.03],[39.95,38.03],[40.15,37.84],[40.46,37.77],[41.15,37.13],[41.14,37.06],[41.46,36.55],[41.61,36.48],[41.59,36.35],[41.81,36.22],[41.79,36.1],[42.01,35.97],[41.99,35.84],[42.13,35.71],[42.37,35.77],[42.43,35.64],[42.65,35.58],[43.51,35.64],[43.5,35.52],[43.72,35.45],[43.92,35.77],[44.46,35.77],[44.87,35.9],[45.0,35.77],[46.16,35.71],[46.41,35.32],[46.38,35.13],[46.59,35.0],[46.57,34.87],[46.8,34.81],[47.23,35.13],[47.38,35.13],[47.51,34.94],[47.74,34.94],[47.85,35.13],[47.7,35.19],[47.68,35.58],[47.95,35.77],[48.16,35.64],[48.62,35.64],[48.68,36.03],[49.16,36.1],[49.21,36.42],[48.84,36.55],[48.89,36.8],[49.04,36.8],[49.62,37.45],[49.54,37.45],[49.09,37.51],[48.84,37.9],[48.85,37.96],[48.27,37.77],[46.75,38.03],[45.48,37.9],[45.4,38.42],[46.26,38.87]]]},"properties":{"id":"territory:Qara Qoyunlu:1385","name":"흑양 왕조","name_en":"Qara Qoyunlu","actor":"기타중립","valid_from":1385,"valid_to":1395,"wikidata":"Q324470","area":294134,"src":"cliopatria","confidence":"medium"}},{"type":"Feature","geometry":{"type":"Point","coordinates":[44.223,37.611]},"properties":{"id":"territory:Qara Qoyunlu:1385:label","name":"흑양 왕조","name_en":"Qara Qoyunlu","actor":"기타중립","valid_from":1385,"valid_to":1395,"wikidata":"Q324470","area":294134,"src":"cliopatria","confidence":"medium"}},{"type":"Feature","geometry":{"type":"MultiPolygon","coordinates":[[[[25.81,50.25],[25.73,50.25],[25.74,50.31],[25.82,50.31],[25.81,50.25]]],[[[30.44,51.98],[30.58,51.85],[30.52,51.45],[30.6,51.38],[30.5,51.31],[30.33,51.31],[30.27,51.45],[29.68,51.45],[29.3,51.78],[29.26,52.12],[28.41,52.12],[28.1,51.71],[27.64,51.45],[26.95,51.31],[26.49,51.05],[26.07,51.05],[25.96,50.85],[25.7,50.71],[25.74,50.31],[24.84,50.58],[24.77,50.71],[24.59,50.58],[24.33,50.58],[24.37,50.91],[24.2,50.91],[24.73,51.18],[24.96,51.71],[25.22,51.78],[25.26,52.12],[24.84,52.18],[24.64,51.92],[24.04,51.85],[23.94,51.65],[22.91,51.58],[22.67,51.71],[22.69,51.92],[22.53,52.05],[22.12,52.25],[22.15,52.52],[22.4,52.52],[22.34,52.79],[22.7,52.92],[22.74,53.33],[22.42,53.6],[22.55,54.0],[22.46,54.0],[22.48,54.21],[22.66,54.27],[22.7,54.61],[22.7,54.68],[22.81,54.89],[22.57,55.09],[22.31,55.09],[22.07,55.29],[21.64,55.36],[21.24,55.7],[21.25,55.84],[20.99,55.91],[21.0,55.98],[20.91,55.98],[20.92,56.05],[21.57,56.39],[21.65,56.39],[21.74,56.39],[21.83,56.39],[21.84,56.46],[21.93,56.46],[22.01,56.46],[22.1,56.46],[22.19,56.46],[24.11,56.25],[24.83,56.39],[25.07,56.18],[25.76,56.11],[25.83,55.98],[26.58,55.7],[26.87,55.84],[27.47,55.77],[27.97,56.18],[28.15,56.18],[28.12,56.59],[27.88,56.73],[27.89,56.8],[28.38,57.08],[29.58,56.87],[29.98,56.59],[29.96,56.46],[30.11,56.32],[30.47,56.39],[30.51,56.11],[30.68,56.05],[30.65,55.91],[30.8,55.77],[30.77,55.57],[30.93,55.5],[30.88,55.23],[30.97,55.23],[30.81,54.82],[30.41,54.48],[30.48,54.41],[30.39,53.87],[29.98,53.46],[29.96,52.79],[30.21,52.72],[30.17,52.45],[30.4,52.32],[30.46,52.12],[30.44,51.98]]]]},"properties":{"id":"territory:Grand Duchy of Lithuania:1352","name":"리투아니아 대공국","name_en":"Grand Duchy of Lithuania","actor":"기타중립","valid_from":1352,"valid_to":1363,"wikidata":"Q49683","area":292776,"src":"cliopatria","confidence":"medium"}},{"type":"Feature","geometry":{"type":"Point","coordinates":[26.362,53.966]},"properties":{"id":"territory:Grand Duchy of Lithuania:1352:label","name":"리투아니아 대공국","name_en":"Grand Duchy of Lithuania","actor":"기타중립","valid_from":1352,"valid_to":1363,"wikidata":"Q49683","area":292776,"src":"cliopatria","confidence":"medium"}},{"type":"Feature","geometry":{"type":"Polygon","coordinates":[[[15.86,46.68],[16.02,46.35],[15.6,46.22],[15.68,45.96],[15.51,45.89],[15.26,45.76],[15.34,45.5],[14.45,45.63],[14.28,45.43],[14.28,45.37],[14.6,45.37],[14.6,45.17],[14.76,45.1],[14.76,44.97],[14.92,44.97],[14.91,44.58],[15.15,44.45],[15.15,44.39],[15.39,44.32],[15.38,44.12],[15.62,43.93],[15.86,43.93],[16.1,43.73],[16.42,43.73],[16.66,43.6],[16.74,43.6],[16.82,43.6],[16.81,43.54],[16.9,43.54],[16.98,43.54],[17.06,43.54],[17.05,43.47],[17.37,43.21],[17.36,43.15],[17.44,43.15],[17.44,43.08],[17.52,43.08],[17.52,43.02],[17.6,43.02],[17.76,43.15],[18.01,43.15],[18.01,43.28],[18.1,43.54],[17.87,43.73],[17.8,43.99],[17.41,44.25],[17.34,44.52],[17.42,44.65],[18.0,44.97],[18.97,44.84],[19.22,44.97],[19.3,44.84],[19.62,44.91],[19.86,44.71],[20.02,44.71],[20.11,44.91],[20.52,44.97],[20.59,44.78],[20.75,44.71],[21.41,44.84],[22.11,44.52],[22.28,44.52],[22.37,44.65],[22.69,44.65],[22.69,44.71],[22.94,44.78],[22.96,44.97],[23.31,45.3],[23.23,45.43],[23.32,45.5],[24.63,45.56],[24.56,45.76],[25.62,45.76],[25.71,45.76],[25.72,45.96],[25.91,46.15],[25.75,46.22],[25.71,46.68],[25.41,47.01],[25.43,47.2],[25.26,47.2],[25.21,47.47],[24.89,47.6],[24.91,47.8],[24.59,47.93],[24.69,48.13],[24.37,48.26],[24.38,48.39],[24.05,48.46],[23.83,48.72],[23.09,48.85],[22.78,49.12],[22.44,49.05],[22.06,48.39],[20.58,48.59],[20.14,48.19],[19.47,48.19],[19.52,47.6],[19.26,47.33],[18.77,47.47],[18.62,47.73],[17.71,47.73],[17.06,47.99],[17.06,47.8],[16.89,47.66],[16.48,47.73],[16.64,47.6],[16.63,47.47],[16.46,47.4],[16.45,47.07],[16.04,46.94],[15.86,46.68]]]},"properties":{"id":"territory:Kingdom of Hungary:1305","name":"헝가리 왕국","name_en":"Kingdom of Hungary","actor":"기타중립","valid_from":1305,"valid_to":1314,"wikidata":"Q171150","area":291761,"src":"cliopatria","confidence":"medium"}},{"type":"Feature","geometry":{"type":"Point","coordinates":[20.235,46.316]},"properties":{"id":"territory:Kingdom of Hungary:1305:label","name":"헝가리 왕국","name_en":"Kingdom of Hungary","actor":"기타중립","valid_from":1305,"valid_to":1314,"wikidata":"Q171150","area":291761,"src":"cliopatria","confidence":"medium"}},{"type":"Feature","geometry":{"type":"MultiPolygon","coordinates":[[[[-1.85,43.41],[-1.77,43.41],[-1.77,43.34],[-1.85,43.34],[-1.85,43.41]]],[[[1.32,45.69],[2.3,45.56],[2.4,45.24],[2.17,45.04],[2.1,44.71],[2.36,44.52],[2.59,44.71],[3.17,44.45],[3.26,44.12],[3.43,44.06],[3.28,43.8],[2.88,43.73],[2.79,43.93],[2.54,43.99],[1.42,43.93],[1.25,44.06],[1.01,44.06],[0.85,43.93],[0.95,43.67],[0.64,43.47],[0.97,43.34],[0.81,43.21],[0.98,43.02],[0.99,42.82],[0.04,42.69],[-0.86,42.95],[-0.96,43.34],[-1.69,43.34],[-1.69,43.41],[-1.46,43.54],[-1.4,43.86],[-1.32,43.86],[-1.35,44.25],[-1.27,44.25],[-1.29,44.52],[-1.21,44.52],[-1.25,45.17],[-1.17,45.17],[-1.19,45.43],[-1.03,45.5],[-1.05,45.69],[-1.21,45.76],[-1.14,45.89],[-1.22,45.89],[-1.25,46.28],[-1.75,46.41],[-1.76,46.48],[-1.61,46.68],[-1.28,46.68],[-1.11,46.55],[-0.79,46.74],[0.36,46.74],[0.95,46.48],[1.21,46.09],[0.9,45.96],[0.9,45.89],[1.23,45.82],[1.32,45.69]]],[[[-4.69,47.99],[-4.71,48.13],[-4.55,48.19],[-4.64,48.32],[-4.89,48.32],[-4.91,48.52],[-4.6,48.72],[-4.18,48.72],[-4.1,48.72],[-3.97,48.26],[-3.28,47.93],[-3.34,47.73],[-3.43,47.73],[-3.76,47.73],[-4.02,47.86],[-4.1,47.86],[-4.42,47.8],[-4.69,47.99]]],[[[1.44,50.45],[1.44,50.51],[1.43,50.58],[1.52,50.58],[1.6,50.58],[1.78,50.38],[2.13,50.25],[1.57,49.78],[1.4,49.78],[1.22,50.05],[1.21,50.11],[1.3,50.11],[1.29,50.18],[1.38,50.18],[1.37,50.25],[1.45,50.25],[1.45,50.31],[1.45,50.38],[1.44,50.45]]],[[[2.09,50.85],[1.76,50.78],[1.58,50.98],[1.74,51.05],[1.83,51.05],[2.07,51.11],[2.09,50.85]]],[[[0.02,53.6],[0.3,53.39],[0.32,53.12],[0.08,52.92],[0.34,52.86],[0.49,53.06],[1.09,53.06],[1.53,52.92],[1.72,52.72],[1.74,52.38],[1.65,52.38],[1.59,52.12],[1.43,51.98],[1.17,51.98],[1.18,51.78],[0.84,51.78],[0.86,51.51],[0.52,51.51],[1.38,51.38],[1.31,51.11],[0.49,50.78],[-1.37,50.85],[-1.11,50.78],[-1.18,50.58],[-1.51,50.58],[-1.52,50.71],[-2.03,50.71],[-2.1,50.58],[-3.13,50.71],[-3.46,50.65],[-3.58,50.25],[-4.09,50.25],[-4.19,50.38],[-4.35,50.38],[-4.93,50.25],[-5.15,49.98],[-5.75,50.05],[-5.77,50.25],[-5.28,50.38],[-5.13,50.58],[-4.88,50.58],[-4.82,50.78],[-4.66,50.85],[-4.68,51.05],[-4.43,51.05],[-4.2,51.31],[-3.09,51.25],[-3.11,51.38],[-2.95,51.45],[-3.12,51.51],[-3.28,51.38],[-3.7,51.38],[-3.89,51.58],[-4.31,51.51],[-4.42,51.71],[-4.91,51.58],[-5.26,51.71],[-5.22,52.05],[-4.55,52.18],[-4.16,52.45],[-4.3,52.92],[-4.79,52.79],[-4.81,52.92],[-4.49,53.12],[-4.67,53.19],[-4.7,53.46],[-4.27,53.46],[-4.16,53.26],[-3.15,53.46],[-3.1,53.73],[-3.2,53.87],[-2.97,54.14],[-3.3,54.07],[-3.32,54.21],[-3.59,54.27],[-3.62,54.55],[-3.7,54.55],[-3.65,54.82],[-3.39,54.89],[-3.4,54.95],[-3.14,54.95],[-2.81,55.09],[-2.73,55.23],[-2.56,55.23],[-2.24,55.5],[-2.27,55.77],[-2.11,55.91],[-2.02,55.91],[-1.63,55.57],[-1.49,54.95],[-1.4,54.95],[-1.29,54.68],[-0.67,54.61],[-0.39,54.41],[-0.38,54.27],[-0.29,54.27],[-0.18,53.94],[0.0,53.8],[0.02,53.6]]],[[[-6.87,52.32],[-6.96,52.32],[-7.3,52.32],[-7.4,52.45],[-7.75,52.52],[-8.26,52.52],[-8.37,52.65],[-8.38,52.72],[-8.23,52.86],[-8.18,53.12],[-8.01,53.12],[-7.89,52.92],[-7.57,53.06],[-7.59,53.19],[-7.15,53.12],[-7.07,53.19],[-7.12,53.53],[-6.87,53.6],[-6.92,53.94],[-6.33,54.07],[-6.29,53.73],[-6.09,53.53],[-6.24,53.39],[-6.14,53.26],[-6.64,53.19],[-6.79,52.99],[-7.12,52.92],[-7.09,52.65],[-7.0,52.65],[-6.29,52.45],[-6.43,52.18],[-6.94,52.18],[-6.87,52.32]]]]},"properties":{"id":"territory:Kingdom of England:1363","name":"Kingdom of England","name_en":"Kingdom of England","actor":"기타중립","valid_from":1363,"valid_to":1375,"wikidata":"Q179876","area":286021,"src":"cliopatria","confidence":"medium"}},{"type":"Feature","geometry":{"type":"Point","coordinates":[-1.867,52.554]},"properties":{"id":"territory:Kingdom of England:1363:label","name":"Kingdom of England","name_en":"Kingdom of England","actor":"기타중립","valid_from":1363,"valid_to":1375,"wikidata":"Q179876","area":286021,"src":"cliopatria","confidence":"medium"}},{"type":"Feature","geometry":{"type":"Polygon","coordinates":[[[61.19,32.24],[61.08,32.04],[59.6,31.46],[59.37,31.46],[58.95,31.21],[57.93,31.46],[57.47,31.46],[56.98,31.72],[56.67,31.72],[56.4,31.46],[55.16,31.34],[54.2,31.01],[53.9,31.01],[53.82,31.01],[53.54,31.14],[53.21,31.53],[52.98,31.53],[52.99,31.59],[52.92,31.59],[52.84,31.59],[52.85,31.66],[52.78,31.66],[52.7,31.66],[52.62,31.66],[51.31,32.04],[50.76,32.49],[50.91,33.01],[51.59,33.91],[52.52,34.42],[52.64,34.68],[53.04,35.26],[53.55,35.52],[54.14,35.32],[54.4,35.07],[54.78,35.0],[54.83,34.87],[54.98,34.87],[55.04,34.74],[55.82,34.36],[55.87,34.23],[56.95,33.78],[57.0,33.65],[57.38,33.65],[58.57,34.23],[59.28,34.36],[59.38,33.65],[59.68,33.2],[60.29,33.2],[60.72,33.46],[61.01,33.33],[61.04,33.07],[61.18,33.01],[61.15,32.88],[61.29,32.81],[61.27,32.69],[61.4,32.56],[61.26,32.24],[61.19,32.24]]]},"properties":{"id":"territory:Muzaffarids:1344","name":"무자파르 왕조","name_en":"Muzaffarids","actor":"기타중립","valid_from":1344,"valid_to":1363,"wikidata":"Q6944360","area":283626,"src":"cliopatria","confidence":"medium"}},{"type":"Feature","geometry":{"type":"Point","coordinates":[55.684,32.928]},"properties":{"id":"territory:Muzaffarids:1344:label","name":"무자파르 왕조","name_en":"Muzaffarids","actor":"기타중립","valid_from":1344,"valid_to":1363,"wikidata":"Q6944360","area":283626,"src":"cliopatria","confidence":"medium"}},{"type":"Feature","geometry":{"type":"Polygon","coordinates":[[[30.46,52.12],[30.4,52.32],[30.17,52.45],[30.21,52.72],[29.96,52.79],[29.98,53.46],[30.39,53.87],[30.48,54.41],[30.41,54.48],[30.81,54.82],[30.97,55.23],[30.88,55.23],[30.93,55.5],[30.77,55.57],[30.8,55.77],[30.65,55.91],[30.68,56.05],[30.51,56.11],[30.47,56.39],[30.11,56.32],[29.96,56.46],[29.98,56.59],[29.58,56.87],[28.38,57.08],[27.89,56.8],[27.88,56.73],[28.12,56.59],[28.15,56.18],[27.97,56.18],[27.47,55.77],[26.87,55.84],[26.58,55.7],[25.83,55.98],[25.76,56.11],[25.07,56.18],[24.83,56.39],[24.11,56.25],[22.19,56.46],[22.1,56.46],[22.01,56.46],[21.93,56.46],[21.84,56.46],[21.83,56.39],[21.74,56.39],[21.65,56.39],[21.57,56.39],[20.92,56.05],[20.91,55.98],[21.0,55.98],[20.99,55.91],[21.25,55.84],[21.24,55.7],[21.64,55.36],[22.07,55.29],[22.31,55.09],[22.57,55.09],[22.81,54.89],[22.7,54.68],[22.7,54.61],[22.66,54.27],[22.48,54.21],[22.46,54.0],[22.55,54.0],[22.42,53.6],[22.49,53.46],[22.3,53.26],[22.65,53.26],[22.63,53.12],[22.34,52.79],[22.4,52.52],[22.15,52.52],[22.2,52.18],[22.37,52.18],[22.69,51.92],[22.67,51.71],[23.0,51.58],[23.93,51.58],[24.3,51.85],[24.64,51.92],[24.66,52.05],[24.93,52.18],[25.08,52.05],[25.13,51.71],[25.48,51.78],[25.61,51.45],[26.03,51.38],[25.99,51.05],[26.49,51.05],[26.95,51.31],[27.64,51.45],[28.1,51.71],[28.41,52.12],[29.26,52.12],[29.3,51.78],[29.68,51.45],[30.27,51.45],[30.33,51.31],[30.5,51.31],[30.6,51.38],[30.52,51.45],[30.58,51.85],[30.44,51.98],[30.46,52.12]]]},"properties":{"id":"territory:Grand Duchy of Lithuania:1326","name":"리투아니아 대공국","name_en":"Grand Duchy of Lithuania","actor":"기타중립","valid_from":1326,"valid_to":1352,"wikidata":"Q49683","area":282762,"src":"cliopatria","confidence":"medium"}},{"type":"Feature","geometry":{"type":"Point","coordinates":[26.389,54.071]},"properties":{"id":"territory:Grand Duchy of Lithuania:1326:label","name":"리투아니아 대공국","name_en":"Grand Duchy of Lithuania","actor":"기타중립","valid_from":1326,"valid_to":1352,"wikidata":"Q49683","area":282762,"src":"cliopatria","confidence":"medium"}},{"type":"Feature","geometry":{"type":"MultiPolygon","coordinates":[[[[0.01,43.15],[0.01,43.21],[0.09,43.21],[0.09,43.15],[0.01,43.15]]],[[[6.22,45.5],[6.31,45.1],[6.32,44.84],[5.91,44.71],[5.91,44.71],[5.92,44.65],[5.92,44.65],[5.6,44.52],[5.69,44.19],[5.44,44.19],[5.44,44.19],[5.44,44.25],[5.36,44.25],[5.28,44.25],[5.19,44.45],[5.03,44.52],[4.95,44.39],[4.63,44.39],[4.8,44.19],[4.8,44.12],[4.8,44.06],[4.8,43.99],[4.72,43.99],[4.73,43.93],[4.73,43.86],[4.73,43.8],[4.41,43.73],[4.34,43.47],[4.26,43.47],[4.17,43.6],[3.85,43.6],[3.62,43.41],[3.14,43.28],[2.99,43.08],[2.99,43.02],[2.75,43.02],[2.52,42.82],[1.81,42.56],[1.73,42.56],[1.73,42.63],[1.87,42.89],[1.3,43.02],[1.28,43.54],[0.95,43.67],[0.92,44.12],[0.28,43.99],[0.04,44.06],[-0.07,44.52],[1.07,44.45],[1.38,44.65],[1.45,44.84],[2.1,44.78],[2.17,45.04],[2.4,45.24],[2.3,45.56],[2.54,45.82],[2.6,46.15],[2.77,46.02],[3.01,46.09],[3.27,45.89],[3.35,45.89],[3.34,46.02],[3.67,46.02],[3.68,45.89],[3.92,45.89],[4.08,46.02],[4.07,46.15],[3.73,46.55],[3.73,46.61],[3.81,46.61],[3.8,46.68],[4.14,46.61],[4.23,46.28],[4.73,45.96],[4.9,46.02],[4.97,46.28],[5.3,46.28],[5.07,45.63],[5.48,45.69],[5.65,45.43],[5.81,45.43],[5.89,45.56],[6.22,45.5]]],[[[5.87,46.28],[5.87,46.35],[5.95,46.35],[5.95,46.28],[5.87,46.28]]],[[[3.81,50.11],[3.99,49.98],[4.49,49.98],[4.49,49.91],[4.33,49.85],[4.25,49.65],[4.17,49.65],[4.18,49.52],[4.67,49.58],[4.86,49.18],[5.03,49.12],[4.87,48.99],[4.88,48.52],[5.22,48.46],[5.47,48.26],[5.48,48.06],[5.65,48.06],[5.82,47.86],[5.82,47.8],[5.82,47.73],[5.74,47.73],[5.66,47.73],[5.66,47.66],[5.58,47.66],[5.25,47.6],[4.82,47.99],[4.57,47.99],[4.58,47.86],[4.34,47.66],[4.17,47.66],[3.91,47.93],[3.75,47.8],[3.25,47.99],[2.76,47.8],[2.43,47.86],[2.37,47.47],[2.7,47.33],[2.9,46.81],[2.4,46.81],[2.35,46.35],[1.52,46.55],[0.94,46.55],[0.95,46.35],[1.21,46.22],[1.21,46.09],[0.97,46.02],[0.9,45.82],[0.91,45.69],[0.68,45.43],[0.22,44.97],[-0.18,44.91],[-0.19,45.1],[-0.28,45.24],[-0.44,45.24],[-0.45,45.37],[-1.04,45.56],[-1.04,45.63],[-1.21,45.76],[-1.14,45.89],[-1.22,45.89],[-1.25,46.28],[-1.67,46.35],[-2.19,46.81],[-2.21,47.01],[-2.13,47.01],[-1.47,46.94],[-1.31,47.07],[-1.32,47.2],[-1.16,47.27],[-1.2,47.8],[-1.04,47.86],[-1.07,48.26],[-0.99,48.26],[-1.0,48.39],[-1.17,48.46],[-1.25,48.46],[-1.5,48.39],[-1.52,48.65],[-1.6,48.65],[-1.61,48.72],[-1.72,49.05],[-1.64,49.05],[-1.65,49.25],[-1.91,49.38],[-2.03,49.78],[-1.36,49.78],[-1.25,49.45],[0.01,49.38],[-0.01,49.65],[0.22,49.85],[1.05,49.98],[1.45,50.25],[1.5,50.91],[1.66,50.91],[1.76,50.78],[1.84,50.78],[1.6,50.58],[1.78,50.38],[2.55,50.11],[3.4,50.05],[3.48,50.05],[3.56,50.05],[3.81,50.11]],[[1.2,47.73],[1.32,47.14],[1.89,47.14],[1.68,47.99],[1.35,47.99],[1.19,47.86],[1.19,47.8],[1.28,47.8],[1.2,47.73]]]]},"properties":{"id":"territory:Kingdom of France:1352","name":"프랑스 왕국","name_en":"Kingdom of France","actor":"기타중립","valid_from":1352,"valid_to":1363,"wikidata":"Q207162","area":277869,"src":"cliopatria","confidence":"medium"}},{"type":"Feature","geometry":{"type":"Point","coordinates":[1.307,48.082]},"properties":{"id":"territory:Kingdom of France:1352:label","name":"프랑스 왕국","name_en":"Kingdom of France","actor":"기타중립","valid_from":1352,"valid_to":1363,"wikidata":"Q207162","area":277869,"src":"cliopatria","confidence":"medium"}},{"type":"Feature","geometry":{"type":"MultiPolygon","coordinates":[[[[40.04,39.84],[41.06,39.77],[41.03,39.58],[40.76,39.38],[40.75,39.26],[38.87,38.8],[38.85,38.61],[36.83,38.74],[36.48,38.48],[36.16,38.42],[36.05,38.16],[35.72,38.03],[35.62,37.84],[35.54,37.84],[35.47,37.84],[35.47,37.9],[35.39,37.9],[35.35,38.16],[35.2,38.29],[34.89,38.29],[34.68,38.48],[35.06,39.71],[34.43,39.77],[34.37,39.9],[33.57,39.77],[33.77,40.16],[33.94,40.29],[34.59,40.42],[34.88,40.81],[36.08,40.87],[36.16,40.87],[36.24,40.87],[36.24,40.94],[36.41,41.0],[36.47,40.87],[36.63,40.87],[36.88,40.94],[37.17,40.74],[37.87,40.68],[38.21,40.29],[38.85,40.29],[38.99,40.16],[39.68,40.03],[39.74,39.9],[40.04,39.84]]],[[[29.05,40.36],[28.9,40.48],[28.91,40.61],[29.48,40.74],[29.49,40.87],[29.25,40.81],[29.1,40.94],[29.04,41.13],[29.21,41.2],[30.48,41.2],[30.62,41.07],[31.18,41.07],[31.61,41.39],[31.69,41.39],[31.98,41.13],[32.31,41.2],[32.37,41.07],[32.6,41.0],[32.56,40.61],[32.64,40.61],[32.61,40.42],[32.76,40.36],[32.76,40.29],[32.68,40.29],[32.67,40.23],[32.75,40.23],[32.74,40.16],[32.78,39.77],[32.66,39.38],[32.5,39.38],[32.49,39.26],[31.61,39.19],[31.15,39.32],[31.18,39.58],[30.95,39.64],[29.3,39.71],[28.9,39.58],[28.78,39.13],[28.62,39.13],[28.52,38.93],[26.95,38.93],[26.96,39.0],[26.88,39.0],[26.89,39.19],[26.74,39.26],[26.85,39.58],[26.13,39.51],[26.27,40.29],[26.6,40.48],[26.68,40.48],[26.67,40.36],[27.47,40.42],[27.54,40.29],[27.7,40.29],[27.79,40.48],[27.94,40.42],[27.94,40.36],[29.05,40.36]]],[[[26.15,40.68],[26.22,40.68],[26.22,40.61],[26.14,40.61],[26.15,40.68]]],[[[27.94,42.04],[27.98,41.65],[28.22,41.65],[28.28,41.46],[28.43,41.39],[28.08,41.0],[27.53,41.07],[27.02,40.68],[26.92,40.48],[26.63,40.74],[26.22,40.68],[26.16,40.87],[25.38,41.0],[24.35,41.0],[24.01,40.74],[23.69,40.74],[23.69,40.68],[23.36,40.55],[23.13,40.61],[23.42,41.33],[23.04,41.59],[22.97,41.78],[22.89,41.78],[22.83,42.04],[23.47,42.04],[23.48,42.17],[23.17,42.3],[23.18,42.5],[22.95,42.63],[22.82,43.08],[22.9,43.08],[23.68,42.82],[23.9,42.56],[24.14,42.56],[24.21,42.43],[24.69,42.37],[25.97,42.43],[26.4,42.69],[26.56,42.69],[26.63,42.56],[27.44,42.69],[27.52,42.69],[27.49,42.43],[27.94,42.04]]]]},"properties":{"id":"territory:Ottoman Empire:1385","name":"오스만 제국","name_en":"Ottoman Empire","actor":"기타중립","valid_from":1385,"valid_to":1395,"wikidata":"Q12560","area":276994,"src":"cliopatria","confidence":"medium"}},{"type":"Feature","geometry":{"type":"Point","coordinates":[37.016,39.598]},"properties":{"id":"territory:Ottoman Empire:1385:label","name":"오스만 제국","name_en":"Ottoman Empire","actor":"기타중립","valid_from":1385,"valid_to":1395,"wikidata":"Q12560","area":276994,"src":"cliopatria","confidence":"medium"}},{"type":"Feature","geometry":{"type":"Polygon","coordinates":[[[56.75,31.72],[56.4,31.46],[54.85,31.27],[54.44,31.08],[53.75,31.01],[53.26,30.82],[52.18,30.12],[52.16,29.99],[51.5,29.54],[51.31,29.22],[50.99,29.09],[50.62,29.15],[50.65,29.41],[50.24,29.73],[50.06,30.18],[49.59,29.99],[49.02,30.31],[49.12,30.5],[49.04,30.5],[49.34,31.08],[49.69,31.4],[49.99,31.91],[50.77,32.56],[50.91,33.01],[51.59,33.91],[52.52,34.42],[52.64,34.68],[53.04,35.26],[53.55,35.52],[54.14,35.32],[54.4,35.07],[54.78,35.0],[54.83,34.87],[54.98,34.87],[55.04,34.74],[55.19,34.74],[55.25,34.61],[55.4,34.61],[55.46,34.49],[55.61,34.49],[55.66,34.36],[56.31,34.1],[56.65,33.84],[56.68,33.14],[56.76,33.14],[56.72,32.94],[56.84,32.75],[56.83,31.72],[56.75,31.72]]]},"properties":{"id":"territory:Muzaffarids:1375","name":"무자파르 왕조","name_en":"Muzaffarids","actor":"기타중립","valid_from":1375,"valid_to":1385,"wikidata":"Q6944360","area":270985,"src":"cliopatria","confidence":"medium"}},{"type":"Feature","geometry":{"type":"Polygon","coordinates":[[[56.65,33.84],[56.68,33.14],[56.76,33.14],[56.72,32.94],[56.84,32.75],[56.83,31.72],[56.25,31.46],[56.17,31.46],[56.1,31.46],[56.09,31.4],[54.85,31.27],[54.44,31.08],[53.75,31.01],[53.26,30.82],[52.18,30.12],[52.16,29.99],[51.5,29.54],[51.31,29.22],[50.92,29.09],[50.84,29.09],[50.62,29.15],[50.65,29.41],[50.24,29.73],[50.06,30.18],[49.59,29.99],[49.02,30.31],[49.12,30.5],[49.04,30.5],[49.34,31.08],[49.69,31.4],[49.99,31.91],[50.77,32.56],[50.91,33.01],[51.59,33.91],[52.52,34.42],[52.64,34.68],[53.04,35.26],[53.55,35.52],[54.14,35.32],[54.4,35.07],[54.78,35.0],[54.83,34.87],[54.98,34.87],[55.04,34.74],[55.19,34.74],[55.25,34.61],[55.4,34.61],[55.46,34.49],[55.61,34.49],[55.66,34.36],[56.31,34.1],[56.65,33.84]]]},"properties":{"id":"territory:Muzaffarids:1385","name":"무자파르 왕조","name_en":"Muzaffarids","actor":"기타중립","valid_from":1385,"valid_to":1395,"wikidata":"Q6944360","area":270985,"src":"cliopatria","confidence":"medium"}},{"type":"Feature","geometry":{"type":"Point","coordinates":[53.128,32.373]},"properties":{"id":"territory:Muzaffarids:1375:label","name":"무자파르 왕조","name_en":"Muzaffarids","actor":"기타중립","valid_from":1375,"valid_to":1385,"wikidata":"Q6944360","area":270985,"src":"cliopatria","confidence":"medium"}},{"type":"Feature","geometry":{"type":"Point","coordinates":[53.127,32.373]},"properties":{"id":"territory:Muzaffarids:1385:label","name":"무자파르 왕조","name_en":"Muzaffarids","actor":"기타중립","valid_from":1385,"valid_to":1395,"wikidata":"Q6944360","area":270985,"src":"cliopatria","confidence":"medium"}},{"type":"Feature","geometry":{"type":"MultiPolygon","coordinates":[[[[38.85,40.29],[38.99,40.16],[39.68,40.03],[39.74,39.9],[40.04,39.84],[41.06,39.77],[41.03,39.58],[40.76,39.38],[40.75,39.26],[38.87,38.8],[38.85,38.61],[36.83,38.74],[36.48,38.48],[36.16,38.42],[36.05,38.16],[35.72,38.03],[35.62,37.84],[35.54,37.84],[35.47,37.84],[35.47,37.9],[35.39,37.9],[35.35,38.16],[35.2,38.29],[34.89,38.29],[34.68,38.48],[35.06,39.71],[34.43,39.77],[34.37,39.9],[33.57,39.77],[33.77,40.16],[33.94,40.29],[34.59,40.42],[34.88,40.81],[36.08,40.87],[36.16,40.87],[36.25,41.0],[36.41,41.0],[36.47,40.87],[36.63,40.87],[36.88,40.94],[37.17,40.74],[37.87,40.68],[38.02,40.61],[38.06,40.36],[38.37,40.29],[38.45,40.29],[38.85,40.29]]],[[[32.66,39.38],[32.5,39.38],[32.49,39.26],[31.61,39.19],[31.15,39.32],[31.18,39.58],[30.95,39.64],[29.3,39.71],[28.9,39.58],[28.78,39.13],[28.62,39.13],[28.52,38.93],[26.95,38.93],[26.96,39.0],[26.88,39.0],[26.89,39.19],[26.74,39.26],[26.85,39.58],[26.13,39.51],[26.25,40.03],[26.26,40.1],[26.67,40.36],[26.75,40.36],[27.47,40.42],[27.54,40.29],[27.7,40.29],[27.79,40.48],[27.95,40.48],[27.94,40.36],[29.05,40.36],[28.9,40.48],[28.91,40.61],[29.39,40.68],[29.49,40.87],[29.25,40.81],[29.04,41.13],[30.48,41.2],[30.62,41.07],[31.18,41.07],[31.61,41.39],[31.69,41.39],[31.98,41.13],[32.31,41.2],[32.37,41.07],[32.6,41.0],[32.56,40.61],[32.64,40.61],[32.61,40.42],[32.76,40.36],[32.76,40.29],[32.68,40.29],[32.67,40.23],[32.75,40.23],[32.74,40.16],[32.78,39.77],[32.66,39.38]]],[[[26.15,40.68],[26.22,40.68],[26.22,40.61],[26.14,40.61],[26.15,40.68]]],[[[27.1,40.68],[26.22,40.68],[26.16,40.87],[25.38,41.0],[24.43,41.0],[24.35,41.0],[23.65,41.33],[23.42,41.33],[23.04,41.59],[22.89,41.85],[22.9,41.91],[22.82,41.91],[22.83,42.04],[23.55,42.11],[24.69,42.37],[25.97,42.43],[26.4,42.69],[26.56,42.69],[26.63,42.56],[27.44,42.69],[27.52,42.69],[27.49,42.43],[27.94,42.04],[27.98,41.65],[28.22,41.65],[28.28,41.46],[28.43,41.39],[28.33,41.2],[28.08,41.07],[28.08,41.0],[27.53,41.07],[27.1,40.68]]]]},"properties":{"id":"territory:Ottoman Empire:1375","name":"오스만 제국","name_en":"Ottoman Empire","actor":"기타중립","valid_from":1375,"valid_to":1385,"wikidata":"Q12560","area":264192,"src":"cliopatria","confidence":"medium"}},{"type":"Feature","geometry":{"type":"Point","coordinates":[37.016,39.599]},"properties":{"id":"territory:Ottoman Empire:1375:label","name":"오스만 제국","name_en":"Ottoman Empire","actor":"기타중립","valid_from":1375,"valid_to":1385,"wikidata":"Q12560","area":264192,"src":"cliopatria","confidence":"medium"}},{"type":"Feature","geometry":{"type":"MultiPolygon","coordinates":[[[[18.23,57.83],[18.6,57.97],[19.05,57.97],[19.03,57.83],[18.84,57.7],[18.91,57.42],[18.45,57.21],[18.34,56.94],[18.08,56.94],[18.03,57.49],[18.03,57.56],[18.23,57.83]]],[[[19.72,60.49],[20.17,60.42],[20.15,60.21],[19.95,60.07],[19.68,60.14],[19.7,60.28],[19.7,60.35],[19.72,60.49]]],[[[19.08,63.62],[19.07,63.48],[19.24,63.34],[18.75,63.12],[18.47,63.12],[18.35,62.83],[17.98,62.83],[17.96,62.62],[17.76,62.47],[17.39,62.47],[17.56,62.33],[17.55,62.19],[17.36,62.05],[17.51,61.69],[17.24,61.69],[17.19,60.98],[17.28,60.98],[17.26,60.77],[18.61,60.42],[18.5,60.21],[18.78,60.21],[19.03,60.0],[19.01,59.71],[18.83,59.71],[18.63,59.5],[18.35,59.43],[18.41,59.09],[18.14,59.09],[17.95,58.88],[17.5,58.88],[17.49,58.74],[17.13,58.74],[17.03,58.6],[16.85,58.6],[16.84,58.46],[16.66,58.46],[16.83,58.32],[16.81,58.04],[16.63,57.9],[16.71,57.83],[16.7,57.7],[16.61,57.7],[16.69,57.42],[16.5,57.28],[16.48,56.87],[16.76,57.08],[16.95,57.42],[17.13,57.42],[17.12,57.28],[16.74,56.8],[16.63,56.39],[16.27,56.25],[16.28,56.52],[16.19,56.52],[16.19,56.39],[16.1,56.39],[15.93,56.52],[13.46,56.59],[13.29,56.94],[13.12,57.01],[13.12,57.14],[12.59,57.49],[12.6,57.63],[12.42,57.63],[12.33,57.77],[11.98,57.77],[11.8,57.63],[11.8,57.7],[11.71,57.7],[11.71,57.77],[11.71,57.83],[11.71,57.9],[11.71,57.97],[11.89,57.97],[12.16,58.18],[12.09,58.88],[12.0,58.88],[12.01,59.43],[11.92,59.43],[11.92,59.92],[12.38,60.07],[12.48,60.35],[12.57,60.35],[12.49,60.7],[12.31,60.77],[12.31,60.98],[12.78,61.19],[12.78,61.41],[12.6,61.55],[12.6,61.62],[12.51,61.62],[12.61,61.76],[13.07,61.76],[13.45,61.9],[13.73,61.9],[14.0,61.69],[14.74,61.69],[14.75,61.97],[15.21,61.97],[15.23,62.19],[14.68,62.4],[14.69,62.62],[16.1,62.76],[16.59,63.12],[16.51,63.26],[15.77,63.48],[15.49,63.7],[15.5,63.84],[16.26,63.91],[16.46,64.06],[16.58,64.35],[16.67,64.35],[16.76,64.2],[17.5,63.91],[18.46,64.06],[18.54,63.99],[18.43,63.77],[18.99,63.7],[18.98,63.62],[19.08,63.62]]],[[[23.43,60.91],[24.8,60.84],[25.86,61.12],[26.22,61.12],[26.43,61.26],[26.6,61.19],[27.08,61.26],[27.19,61.41],[27.57,61.48],[28.5,61.97],[28.59,61.97],[28.75,61.83],[28.72,61.69],[28.97,61.55],[28.93,61.34],[29.11,61.26],[29.07,61.05],[29.16,61.05],[29.11,60.77],[29.2,60.77],[29.0,60.21],[28.91,60.21],[28.49,60.42],[28.54,60.7],[28.45,60.7],[28.24,60.56],[27.77,60.49],[27.05,60.56],[26.75,60.42],[26.4,60.49],[25.82,60.28],[24.61,60.14],[24.5,60.0],[24.05,60.07],[23.76,59.92],[23.03,59.85],[23.05,60.07],[22.31,60.0],[22.36,60.42],[21.91,60.42],[21.38,60.63],[21.4,60.84],[21.23,60.98],[21.25,61.12],[21.44,61.19],[21.5,61.69],[21.24,61.83],[21.19,62.26],[21.29,62.33],[21.2,62.33],[21.21,62.47],[22.06,62.55],[22.13,62.33],[22.31,62.26],[22.42,61.62],[22.59,61.55],[22.57,61.41],[22.91,61.12],[23.1,61.19],[23.09,61.12],[23.08,61.05],[23.43,60.91]]]]},"properties":{"id":"territory:Kingdom of Sweden:1314","name":"스웨덴 왕국","name_en":"Kingdom of Sweden","actor":"기타중립","valid_from":1314,"valid_to":1326,"wikidata":"Q34","area":260648,"src":"cliopatria","confidence":"medium"}},{"type":"Feature","geometry":{"type":"Point","coordinates":[15.349,59.967]},"properties":{"id":"territory:Kingdom of Sweden:1314:label","name":"스웨덴 왕국","name_en":"Kingdom of Sweden","actor":"기타중립","valid_from":1314,"valid_to":1326,"wikidata":"Q34","area":260648,"src":"cliopatria","confidence":"medium"}},{"type":"Feature","geometry":{"type":"MultiPolygon","coordinates":[[[[-1.43,41.91],[-1.83,41.91],[-1.78,42.3],[-2.02,42.37],[-2.2,42.69],[-1.84,43.21],[-1.85,43.34],[-1.77,43.34],[-1.69,43.34],[-1.04,43.34],[-0.87,43.15],[-0.86,42.95],[-1.39,42.5],[-1.44,42.11],[-1.44,42.04],[-1.43,41.91]]],[[[0.01,43.15],[0.01,43.21],[0.09,43.21],[0.09,43.15],[0.01,43.15]]],[[[4.95,44.39],[4.63,44.39],[4.8,44.19],[4.8,44.12],[4.8,44.06],[4.8,43.99],[4.72,43.99],[4.73,43.93],[4.73,43.86],[4.73,43.8],[4.41,43.73],[4.34,43.47],[4.26,43.47],[4.17,43.6],[3.85,43.6],[3.62,43.41],[3.14,43.28],[2.99,43.08],[2.99,43.02],[2.75,43.02],[2.52,42.82],[1.81,42.56],[1.73,42.56],[1.73,42.63],[1.87,42.89],[1.3,43.02],[1.28,43.54],[0.95,43.67],[0.92,44.12],[0.28,43.99],[0.04,44.06],[-0.07,44.52],[1.07,44.45],[1.38,44.65],[1.45,44.84],[2.1,44.78],[2.28,44.52],[2.52,44.58],[2.58,44.84],[2.75,44.84],[2.92,44.65],[3.16,44.71],[3.23,44.91],[3.47,44.91],[3.56,44.78],[3.97,44.78],[3.96,44.91],[4.12,44.91],[4.36,45.17],[5.09,45.17],[5.08,45.3],[5.33,45.3],[5.27,44.71],[5.76,44.58],[5.6,44.52],[5.69,44.19],[5.44,44.19],[5.44,44.19],[5.11,44.45],[5.11,44.52],[4.95,44.39]]],[[[4.15,50.05],[4.15,49.98],[4.24,49.98],[4.32,49.98],[4.41,49.98],[4.49,49.98],[4.49,49.91],[4.33,49.85],[4.25,49.65],[4.17,49.65],[4.18,49.52],[4.67,49.58],[4.86,49.18],[5.03,49.12],[4.87,48.99],[4.88,48.52],[5.22,48.46],[5.47,48.26],[5.48,48.06],[5.65,48.06],[5.82,47.86],[5.82,47.73],[5.58,47.66],[5.25,47.6],[4.82,47.99],[4.57,47.99],[4.58,47.86],[4.34,47.66],[4.17,47.66],[3.91,47.93],[3.75,47.8],[3.58,47.93],[3.08,47.99],[3.01,47.86],[2.76,47.8],[2.43,47.86],[2.44,47.66],[2.36,47.66],[2.37,47.47],[2.62,47.4],[2.79,47.2],[2.98,46.68],[3.65,46.55],[3.73,46.55],[3.73,46.61],[3.81,46.61],[3.8,46.68],[4.14,46.61],[4.23,46.28],[4.73,45.96],[4.9,46.02],[4.97,46.28],[5.3,46.28],[5.15,45.82],[5.07,45.82],[5.07,45.63],[5.15,45.63],[5.16,45.5],[5.0,45.37],[4.35,45.3],[4.27,45.3],[3.94,45.37],[4.01,45.63],[3.93,45.63],[3.92,45.82],[3.68,45.89],[3.67,46.02],[3.34,46.02],[3.35,45.89],[3.27,45.89],[3.01,46.09],[2.77,46.02],[2.6,46.15],[2.54,45.82],[2.3,45.56],[0.99,45.82],[0.68,45.43],[0.22,44.97],[-0.18,44.91],[-0.19,45.1],[-0.28,45.24],[-0.44,45.24],[-0.45,45.37],[-1.04,45.56],[-1.04,45.63],[-1.21,45.76],[-1.14,45.89],[-1.22,45.89],[-1.25,46.28],[-1.67,46.35],[-2.19,46.81],[-2.21,47.01],[-2.13,47.01],[-1.39,47.01],[-1.05,46.87],[0.34,46.94],[0.58,47.01],[0.49,47.2],[0.72,47.47],[1.13,47.47],[1.21,47.47],[1.3,47.47],[1.4,47.07],[1.89,47.14],[1.68,47.99],[1.19,47.93],[0.92,48.13],[0.44,47.99],[0.34,48.26],[-0.0,48.32],[-0.09,48.46],[-0.58,48.32],[-1.0,48.39],[-1.08,48.39],[-1.09,48.46],[-1.17,48.46],[-1.25,48.46],[-1.5,48.39],[-1.52,48.65],[-1.6,48.65],[-1.61,48.72],[-1.72,49.05],[-1.64,49.05],[-1.65,49.25],[-1.91,49.38],[-2.03,49.78],[-1.36,49.78],[-1.25,49.45],[0.01,49.38],[-0.01,49.65],[0.22,49.85],[1.22,50.05],[1.45,50.25],[1.43,50.58],[1.52,50.58],[1.6,50.58],[1.78,50.38],[2.55,50.11],[3.73,50.11],[3.81,50.11],[3.82,50.05],[3.9,50.05],[3.98,50.05],[3.99,49.98],[4.07,49.98],[4.07,50.05],[4.15,50.05]],[[3.6,49.32],[3.35,49.32],[3.11,49.12],[2.94,49.12],[3.03,48.99],[3.46,48.85],[3.54,48.85],[3.62,48.92],[3.6,49.32]]]]},"properties":{"id":"territory:Kingdom of France:1314","name":"프랑스 왕국","name_en":"Kingdom of France","actor":"기타중립","valid_from":1314,"valid_to":1333,"wikidata":"Q207162","area":254047,"src":"cliopatria","confidence":"medium"}},{"type":"Feature","geometry":{"type":"Point","coordinates":[1.762,47.845]},"properties":{"id":"territory:Kingdom of France:1314:label","name":"프랑스 왕국","name_en":"Kingdom of France","actor":"기타중립","valid_from":1314,"valid_to":1333,"wikidata":"Q207162","area":254047,"src":"cliopatria","confidence":"medium"}},{"type":"Feature","geometry":{"type":"MultiPolygon","coordinates":[[[[-1.43,41.91],[-1.83,41.91],[-1.78,42.3],[-2.02,42.37],[-2.2,42.69],[-1.84,43.21],[-1.85,43.34],[-1.77,43.34],[-1.69,43.34],[-1.04,43.34],[-0.87,43.15],[-0.86,42.95],[-1.39,42.5],[-1.44,42.11],[-1.44,42.04],[-1.43,41.91]]],[[[0.01,43.15],[0.01,43.21],[0.09,43.21],[0.09,43.15],[0.01,43.15]]],[[[4.95,44.39],[4.63,44.39],[4.8,44.19],[4.8,44.12],[4.8,44.06],[4.8,43.99],[4.72,43.99],[4.73,43.93],[4.73,43.86],[4.73,43.8],[4.41,43.73],[4.34,43.47],[4.26,43.47],[4.17,43.6],[3.85,43.6],[3.62,43.41],[3.14,43.28],[2.99,43.08],[2.99,43.02],[2.75,43.02],[2.52,42.82],[1.81,42.56],[1.73,42.56],[1.73,42.63],[1.87,42.89],[1.3,43.02],[1.28,43.54],[0.95,43.67],[0.92,44.12],[0.28,43.99],[0.04,44.06],[-0.07,44.52],[1.07,44.45],[1.38,44.65],[1.45,44.84],[2.1,44.78],[2.28,44.52],[2.52,44.58],[2.58,44.84],[2.75,44.84],[2.92,44.65],[3.16,44.71],[3.23,44.91],[3.47,44.91],[3.56,44.78],[3.97,44.78],[3.96,44.91],[4.12,44.91],[4.36,45.17],[5.09,45.17],[5.08,45.3],[5.33,45.3],[5.27,44.71],[5.76,44.58],[5.6,44.52],[5.69,44.19],[5.44,44.19],[5.44,44.19],[5.11,44.45],[5.11,44.52],[4.95,44.39]]],[[[4.15,50.05],[4.15,49.98],[4.24,49.98],[4.32,49.98],[4.41,49.98],[4.49,49.98],[4.49,49.91],[4.33,49.85],[4.25,49.65],[4.17,49.65],[4.18,49.52],[4.67,49.58],[4.86,49.18],[5.03,49.12],[4.87,48.99],[4.88,48.52],[5.22,48.46],[5.47,48.26],[5.48,48.06],[5.65,48.06],[5.82,47.86],[5.82,47.73],[5.58,47.66],[5.25,47.6],[4.82,47.99],[4.57,47.99],[4.58,47.86],[4.34,47.66],[4.17,47.66],[3.91,47.93],[3.75,47.8],[3.58,47.93],[3.08,47.99],[3.01,47.86],[2.76,47.8],[2.43,47.86],[2.44,47.66],[2.36,47.66],[2.37,47.47],[2.62,47.4],[2.79,47.2],[2.98,46.68],[3.65,46.55],[3.73,46.55],[3.73,46.61],[3.81,46.61],[3.8,46.68],[4.14,46.61],[4.23,46.28],[4.73,45.96],[4.9,46.02],[4.97,46.28],[5.3,46.28],[5.07,45.63],[4.5,45.56],[4.59,45.37],[4.51,45.37],[4.43,45.37],[4.35,45.37],[4.35,45.3],[4.27,45.3],[3.94,45.37],[4.01,45.63],[3.93,45.63],[3.92,45.82],[3.68,45.89],[3.67,46.02],[3.34,46.02],[3.35,45.89],[3.27,45.89],[3.01,46.09],[2.77,46.02],[2.6,46.15],[2.54,45.82],[2.3,45.56],[0.99,45.82],[0.68,45.43],[0.22,44.97],[-0.18,44.91],[-0.19,45.1],[-0.28,45.24],[-0.44,45.24],[-0.45,45.37],[-1.04,45.56],[-1.04,45.63],[-1.21,45.76],[-1.14,45.89],[-1.22,45.89],[-1.25,46.28],[-1.67,46.35],[-2.19,46.81],[-2.21,47.01],[-2.13,47.01],[-1.39,47.01],[-1.05,46.87],[0.34,46.94],[0.58,47.01],[0.49,47.2],[0.72,47.47],[1.13,47.47],[1.21,47.47],[1.3,47.47],[1.4,47.07],[1.89,47.14],[1.68,47.99],[1.19,47.93],[0.92,48.13],[0.44,47.99],[0.34,48.26],[-0.0,48.32],[-0.09,48.46],[-0.58,48.32],[-1.0,48.39],[-1.08,48.39],[-1.09,48.46],[-1.17,48.46],[-1.25,48.46],[-1.5,48.39],[-1.52,48.65],[-1.6,48.65],[-1.61,48.72],[-1.72,49.05],[-1.64,49.05],[-1.65,49.25],[-1.91,49.38],[-2.03,49.78],[-1.36,49.78],[-1.25,49.45],[0.01,49.38],[-0.01,49.65],[0.22,49.85],[1.22,50.05],[1.45,50.25],[1.43,50.58],[1.52,50.58],[1.6,50.58],[1.78,50.38],[2.55,50.11],[3.73,50.11],[3.81,50.11],[3.82,50.05],[3.9,50.05],[3.98,50.05],[3.99,49.98],[4.07,49.98],[4.07,50.05],[4.15,50.05]],[[3.6,49.32],[3.35,49.32],[3.11,49.12],[2.94,49.12],[3.03,48.99],[3.46,48.85],[3.54,48.85],[3.62,48.92],[3.6,49.32]]]]},"properties":{"id":"territory:Kingdom of France:1305","name":"프랑스 왕국","name_en":"Kingdom of France","actor":"기타중립","valid_from":1305,"valid_to":1314,"wikidata":"Q207162","area":252751,"src":"cliopatria","confidence":"medium"}},{"type":"Feature","geometry":{"type":"Point","coordinates":[1.741,47.861]},"properties":{"id":"territory:Kingdom of France:1305:label","name":"프랑스 왕국","name_en":"Kingdom of France","actor":"기타중립","valid_from":1305,"valid_to":1314,"wikidata":"Q207162","area":252751,"src":"cliopatria","confidence":"medium"}},{"type":"Feature","geometry":{"type":"MultiPolygon","coordinates":[[[[28.14,36.03],[27.74,35.9],[27.69,36.29],[28.02,36.48],[28.09,36.48],[28.25,36.48],[28.14,36.03]]],[[[23.0,37.0],[23.06,36.67],[22.83,36.87],[22.6,36.87],[22.51,36.67],[22.36,36.67],[22.22,37.06],[22.14,37.06],[22.15,37.32],[22.32,37.58],[22.71,37.58],[22.71,37.51],[22.71,37.45],[22.7,37.32],[23.0,37.0]]],[[[24.27,37.51],[24.2,37.64],[24.28,37.71],[24.36,37.71],[24.43,37.58],[24.27,37.51]]],[[[25.99,37.51],[26.08,37.71],[26.16,37.71],[26.31,37.71],[26.3,37.58],[25.99,37.51]]],[[[24.36,38.87],[24.36,39.0],[24.44,39.0],[24.67,38.93],[24.66,38.74],[24.36,38.87]]],[[[26.64,39.0],[26.25,38.93],[26.09,39.0],[26.1,39.13],[25.79,39.19],[26.04,39.38],[26.12,39.38],[26.51,39.32],[26.64,39.0]]],[[[27.98,41.65],[28.22,41.65],[28.28,41.46],[28.51,41.33],[28.98,41.26],[28.96,41.13],[30.48,41.2],[30.62,41.07],[31.18,41.07],[31.53,41.39],[32.03,41.52],[32.04,41.65],[32.19,41.59],[32.69,41.78],[32.63,41.91],[33.11,41.91],[33.19,41.91],[32.97,41.46],[32.17,40.68],[31.1,40.29],[30.62,40.23],[30.43,39.97],[30.1,39.77],[30.08,39.58],[29.92,39.58],[29.77,38.87],[29.91,38.67],[29.88,38.29],[30.02,38.16],[29.92,37.84],[29.68,37.77],[29.67,37.64],[29.51,37.58],[28.72,37.51],[28.63,37.38],[28.25,37.45],[27.61,37.25],[27.61,37.32],[27.22,37.32],[27.31,37.45],[27.16,37.58],[27.26,37.77],[27.18,37.77],[27.28,38.03],[26.89,38.09],[26.82,38.22],[26.43,38.22],[26.38,38.67],[26.54,38.61],[26.59,38.35],[27.06,38.35],[27.08,38.55],[26.85,38.61],[26.96,39.0],[26.88,39.0],[26.89,39.19],[26.74,39.26],[26.85,39.58],[26.13,39.51],[26.27,40.29],[26.6,40.48],[26.68,40.48],[26.67,40.36],[27.47,40.42],[27.54,40.29],[27.7,40.29],[27.79,40.48],[27.95,40.48],[27.94,40.36],[29.05,40.36],[28.9,40.48],[28.91,40.61],[29.39,40.68],[29.49,40.87],[29.25,40.81],[29.1,40.94],[29.12,41.07],[27.53,41.07],[26.84,40.48],[26.78,40.68],[26.63,40.74],[26.14,40.61],[26.08,40.87],[25.85,40.94],[24.35,41.0],[24.01,40.74],[23.7,40.81],[23.68,40.61],[23.84,40.55],[23.74,40.23],[22.96,40.42],[22.89,40.61],[22.65,40.61],[22.56,40.42],[22.56,40.36],[22.09,40.42],[22.0,40.23],[21.36,40.1],[20.8,39.97],[20.47,39.71],[20.15,39.71],[20.08,39.71],[19.92,39.71],[20.01,39.97],[19.55,40.29],[19.64,40.55],[19.33,40.74],[19.5,40.87],[19.42,40.94],[19.53,41.52],[19.46,41.65],[19.54,41.65],[19.78,41.78],[20.01,41.59],[20.64,41.39],[20.96,41.39],[21.04,41.52],[21.43,41.39],[22.39,41.39],[22.55,41.52],[22.49,41.72],[22.57,41.78],[22.42,41.85],[22.45,42.3],[22.37,42.3],[22.46,42.5],[22.54,42.5],[22.54,42.56],[22.62,42.56],[22.62,42.5],[22.7,42.5],[22.69,42.43],[22.69,42.37],[22.77,42.37],[23.57,42.43],[23.65,42.3],[25.08,42.24],[25.07,42.17],[25.15,42.17],[26.34,42.04],[27.4,42.24],[27.57,42.37],[27.65,42.37],[28.0,41.91],[27.98,41.65]]],[[[25.45,39.84],[24.97,39.84],[25.07,40.03],[25.15,40.03],[25.46,40.03],[25.45,39.84]]],[[[25.7,40.1],[25.72,40.29],[25.8,40.29],[26.04,40.29],[26.02,40.16],[25.7,40.1]]],[[[24.55,40.55],[24.49,40.81],[24.57,40.81],[24.81,40.81],[24.79,40.61],[24.55,40.55]]]]},"properties":{"id":"territory:Byzantine Empire:1294","name":"비잔티움 제국","name_en":"Byzantine Empire","actor":"로마","valid_from":1294,"valid_to":1305,"wikidata":"Q112039853","area":251647,"src":"cliopatria","confidence":"medium"}},{"type":"Feature","geometry":{"type":"Point","coordinates":[26.354,40.374]},"properties":{"id":"territory:Byzantine Empire:1294:label","name":"비잔티움 제국","name_en":"Byzantine Empire","actor":"로마","valid_from":1294,"valid_to":1305,"wikidata":"Q112039853","area":251647,"src":"cliopatria","confidence":"medium"}},{"type":"Feature","geometry":{"type":"MultiPolygon","coordinates":[[[[0.01,43.15],[0.01,43.21],[0.09,43.21],[0.09,43.15],[0.01,43.15]]],[[[4.95,44.39],[4.63,44.39],[4.8,44.19],[4.8,44.12],[4.8,44.06],[4.8,43.99],[4.72,43.99],[4.73,43.93],[4.73,43.86],[4.73,43.8],[4.41,43.73],[4.34,43.47],[4.26,43.47],[4.17,43.6],[3.85,43.6],[3.62,43.41],[3.14,43.28],[2.99,43.08],[2.99,43.02],[2.75,43.02],[2.52,42.82],[1.81,42.56],[1.73,42.56],[1.73,42.63],[1.87,42.89],[1.3,43.02],[1.28,43.54],[0.95,43.67],[0.92,44.12],[0.28,43.99],[0.04,44.06],[-0.07,44.52],[1.07,44.45],[1.38,44.65],[1.45,44.84],[2.1,44.78],[2.28,44.52],[2.52,44.58],[2.58,44.84],[2.75,44.84],[2.92,44.65],[3.16,44.71],[3.23,44.91],[3.47,44.91],[3.56,44.78],[3.97,44.78],[3.96,44.91],[4.12,44.91],[4.36,45.17],[5.09,45.17],[5.08,45.3],[5.33,45.3],[5.27,44.71],[5.76,44.58],[5.6,44.52],[5.69,44.19],[5.44,44.19],[5.44,44.19],[5.11,44.45],[5.11,44.52],[4.95,44.39]]],[[[5.16,45.5],[5.0,45.37],[4.35,45.3],[4.27,45.3],[3.94,45.37],[4.01,45.63],[3.84,45.89],[4.08,46.02],[4.07,46.15],[3.73,46.55],[3.73,46.61],[3.81,46.61],[3.8,46.68],[4.14,46.61],[4.23,46.28],[4.73,45.96],[4.9,46.02],[4.97,46.28],[5.3,46.28],[5.15,45.82],[5.07,45.82],[5.07,45.63],[5.15,45.63],[5.16,45.5]]],[[[4.15,50.05],[4.15,49.98],[4.24,49.98],[4.32,49.98],[4.41,49.98],[4.49,49.98],[4.49,49.91],[4.33,49.85],[4.25,49.65],[4.17,49.65],[4.18,49.52],[4.67,49.58],[4.86,49.18],[5.03,49.12],[4.87,48.99],[4.88,48.52],[5.22,48.46],[5.47,48.26],[5.48,48.06],[5.65,48.06],[5.82,47.86],[5.82,47.8],[5.82,47.73],[5.74,47.73],[5.66,47.73],[5.66,47.66],[5.58,47.66],[5.25,47.6],[4.82,47.99],[4.57,47.99],[4.58,47.86],[4.34,47.66],[4.17,47.66],[3.91,47.93],[3.75,47.8],[3.25,47.99],[2.76,47.8],[2.43,47.86],[2.37,47.47],[2.7,47.33],[2.9,46.81],[2.4,46.81],[2.35,46.35],[1.52,46.55],[0.94,46.55],[0.95,46.35],[1.21,46.22],[1.21,46.09],[0.97,46.02],[0.9,45.82],[0.91,45.69],[0.68,45.43],[0.22,44.97],[-0.18,44.91],[-0.19,45.1],[-0.28,45.24],[-0.44,45.24],[-0.45,45.37],[-1.04,45.56],[-1.04,45.63],[-1.21,45.76],[-1.14,45.89],[-1.22,45.89],[-1.25,46.28],[-1.67,46.35],[-2.19,46.81],[-2.21,47.01],[-2.13,47.01],[-1.47,46.94],[-1.31,47.07],[-1.32,47.2],[-1.16,47.27],[-1.2,47.8],[-1.04,47.86],[-1.07,48.26],[-0.99,48.26],[-1.0,48.39],[-1.17,48.46],[-1.25,48.46],[-1.5,48.39],[-1.52,48.65],[-1.6,48.65],[-1.61,48.72],[-1.72,49.05],[-1.64,49.05],[-1.65,49.25],[-1.91,49.38],[-2.03,49.78],[-1.36,49.78],[-1.25,49.45],[0.01,49.38],[-0.01,49.65],[0.22,49.85],[1.22,50.05],[1.45,50.25],[1.43,50.58],[1.52,50.58],[1.6,50.58],[1.78,50.38],[2.55,50.11],[3.73,50.11],[3.81,50.11],[3.82,50.05],[3.9,50.05],[3.98,50.05],[3.99,49.98],[4.07,49.98],[4.07,50.05],[4.15,50.05]],[[1.2,47.73],[1.32,47.14],[1.89,47.14],[1.68,47.99],[1.35,47.99],[1.19,47.86],[1.19,47.8],[1.28,47.8],[1.2,47.73]]]]},"properties":{"id":"territory:Kingdom of France:1344","name":"프랑스 왕국","name_en":"Kingdom of France","actor":"기타중립","valid_from":1344,"valid_to":1352,"wikidata":"Q207162","area":249934,"src":"cliopatria","confidence":"medium"}},{"type":"Feature","geometry":{"type":"Point","coordinates":[1.31,48.078]},"properties":{"id":"territory:Kingdom of France:1344:label","name":"프랑스 왕국","name_en":"Kingdom of France","actor":"기타중립","valid_from":1344,"valid_to":1352,"wikidata":"Q207162","area":249934,"src":"cliopatria","confidence":"medium"}},{"type":"Feature","geometry":{"type":"MultiPolygon","coordinates":[[[[5.11,44.52],[4.95,44.39],[4.63,44.39],[4.8,44.19],[4.8,44.12],[4.8,44.06],[4.8,43.99],[4.72,43.99],[4.73,43.93],[4.73,43.86],[4.73,43.8],[4.41,43.73],[4.34,43.47],[4.26,43.47],[4.17,43.6],[3.85,43.6],[3.62,43.41],[3.14,43.28],[2.99,43.08],[2.99,43.02],[2.75,43.02],[2.52,42.82],[1.81,42.56],[1.73,42.56],[1.73,42.63],[1.87,42.89],[1.3,43.02],[1.28,43.54],[0.95,43.67],[0.92,44.12],[0.28,43.99],[0.04,44.06],[-0.07,44.52],[1.07,44.45],[1.38,44.65],[1.45,44.84],[2.1,44.78],[2.28,44.52],[2.52,44.58],[2.58,44.84],[2.75,44.84],[2.92,44.65],[3.16,44.71],[3.23,44.91],[3.47,44.91],[3.56,44.78],[3.97,44.78],[3.96,44.91],[4.12,44.91],[4.36,45.17],[5.09,45.17],[5.08,45.3],[5.33,45.3],[5.27,44.71],[5.76,44.58],[5.6,44.52],[5.69,44.19],[5.44,44.19],[5.44,44.19],[5.11,44.45],[5.11,44.52]]],[[[5.16,45.5],[5.0,45.37],[4.35,45.3],[4.27,45.3],[3.94,45.37],[4.01,45.63],[3.84,45.89],[4.08,46.02],[4.07,46.15],[3.73,46.55],[3.73,46.61],[3.81,46.61],[3.8,46.68],[4.14,46.61],[4.23,46.28],[4.73,45.96],[4.9,46.02],[4.97,46.28],[5.3,46.28],[5.15,45.82],[5.07,45.82],[5.07,45.63],[5.15,45.63],[5.16,45.5]]],[[[4.15,50.05],[4.15,49.98],[4.24,49.98],[4.32,49.98],[4.41,49.98],[4.49,49.98],[4.49,49.91],[4.33,49.85],[4.25,49.65],[4.17,49.65],[4.18,49.52],[4.67,49.58],[4.86,49.18],[5.03,49.12],[4.87,48.99],[4.88,48.52],[5.22,48.46],[5.47,48.26],[5.48,48.06],[5.65,48.06],[5.82,47.86],[5.82,47.8],[5.82,47.73],[5.74,47.73],[5.66,47.73],[5.66,47.66],[5.58,47.66],[5.25,47.6],[4.82,47.99],[4.57,47.99],[4.58,47.86],[4.34,47.66],[4.17,47.66],[3.91,47.93],[3.75,47.8],[3.25,47.99],[2.76,47.8],[2.43,47.86],[2.37,47.47],[2.7,47.33],[2.9,46.81],[2.4,46.81],[2.35,46.35],[1.52,46.55],[0.94,46.55],[0.95,46.35],[1.21,46.22],[1.21,46.09],[0.97,46.02],[0.9,45.82],[0.91,45.69],[0.68,45.43],[0.22,44.97],[-0.18,44.91],[-0.19,45.1],[-0.28,45.24],[-0.44,45.24],[-0.45,45.37],[-1.04,45.56],[-1.04,45.63],[-1.21,45.76],[-1.14,45.89],[-1.22,45.89],[-1.25,46.28],[-1.67,46.35],[-2.19,46.81],[-2.21,47.01],[-2.13,47.01],[-1.47,46.94],[-1.31,47.07],[-1.32,47.2],[-1.16,47.27],[-1.2,47.8],[-1.04,47.86],[-1.07,48.26],[-0.99,48.26],[-1.0,48.39],[-1.17,48.46],[-1.25,48.46],[-1.5,48.39],[-1.52,48.65],[-1.6,48.65],[-1.61,48.72],[-1.72,49.05],[-1.64,49.05],[-1.65,49.25],[-1.91,49.38],[-2.03,49.78],[-1.36,49.78],[-1.25,49.45],[0.01,49.38],[-0.01,49.65],[0.22,49.85],[1.22,50.05],[1.45,50.25],[1.43,50.58],[1.52,50.58],[1.6,50.58],[1.78,50.38],[2.55,50.11],[3.73,50.11],[3.81,50.11],[3.82,50.05],[3.9,50.05],[3.98,50.05],[3.99,49.98],[4.07,49.98],[4.07,50.05],[4.15,50.05]],[[1.2,47.73],[1.32,47.14],[1.89,47.14],[1.68,47.99],[1.35,47.99],[1.19,47.86],[1.19,47.8],[1.28,47.8],[1.2,47.73]]]]},"properties":{"id":"territory:Kingdom of France:1333","name":"프랑스 왕국","name_en":"Kingdom of France","actor":"기타중립","valid_from":1333,"valid_to":1344,"wikidata":"Q207162","area":249887,"src":"cliopatria","confidence":"medium"}},{"type":"Feature","geometry":{"type":"Point","coordinates":[1.31,48.078]},"properties":{"id":"territory:Kingdom of France:1333:label","name":"프랑스 왕국","name_en":"Kingdom of France","actor":"기타중립","valid_from":1333,"valid_to":1344,"wikidata":"Q207162","area":249887,"src":"cliopatria","confidence":"medium"}},{"type":"Feature","geometry":{"type":"MultiPolygon","coordinates":[[[[46.41,57.42],[46.43,57.49],[46.52,57.49],[46.5,57.42],[46.41,57.42]]],[[[46.54,57.56],[46.63,57.56],[46.61,57.49],[46.52,57.49],[46.54,57.56]]],[[[47.26,57.83],[47.35,57.83],[47.33,57.77],[47.24,57.77],[47.26,57.83]]],[[[40.04,59.85],[40.09,59.71],[40.28,59.71],[40.61,59.29],[40.79,59.29],[41.02,59.16],[41.26,59.36],[41.54,59.36],[42.07,59.64],[42.62,59.64],[42.6,59.57],[43.98,59.64],[43.96,59.57],[45.02,59.5],[45.68,59.85],[45.85,60.07],[45.94,60.07],[47.24,60.14],[47.1,60.0],[47.44,59.92],[47.55,60.0],[47.5,59.85],[47.75,59.78],[47.51,59.36],[47.76,59.29],[47.48,59.02],[47.57,59.02],[47.57,58.74],[47.75,58.74],[47.61,58.6],[47.74,58.46],[47.65,58.18],[47.71,58.11],[47.33,58.04],[47.26,57.83],[46.77,57.7],[46.81,57.56],[46.57,57.63],[46.43,57.49],[46.25,57.49],[46.3,57.35],[45.77,57.35],[45.15,57.08],[43.49,56.87],[43.16,56.66],[42.87,56.25],[42.3,56.11],[42.21,56.11],[41.84,56.05],[41.64,56.25],[41.21,56.32],[41.23,56.39],[40.33,56.32],[40.15,55.98],[39.94,55.84],[39.33,55.84],[39.3,55.7],[39.12,55.7],[38.87,55.02],[38.45,54.75],[37.8,54.95],[37.18,54.89],[36.54,55.16],[35.79,55.29],[35.69,55.63],[35.53,55.7],[35.5,56.39],[34.93,56.59],[34.96,56.73],[34.79,56.8],[33.7,57.08],[33.36,57.56],[33.67,57.77],[34.23,57.9],[35.02,57.83],[35.01,57.77],[35.36,57.77],[35.69,57.63],[35.84,57.49],[35.83,57.08],[35.92,57.08],[35.86,56.8],[36.11,56.73],[36.31,56.87],[36.67,56.87],[36.81,57.08],[37.07,57.08],[37.28,57.21],[37.8,57.14],[38.05,57.08],[38.46,57.28],[38.81,57.28],[38.79,57.21],[39.15,57.21],[39.13,57.14],[39.68,57.21],[39.66,57.14],[40.27,57.08],[41.52,57.42],[41.79,57.77],[41.99,57.83],[42.01,57.9],[41.58,57.97],[41.6,58.04],[41.24,58.04],[41.19,57.83],[40.7,57.7],[40.75,58.18],[40.91,58.46],[40.84,58.53],[40.86,58.6],[40.77,58.6],[40.83,58.81],[40.09,58.74],[39.56,59.09],[38.94,59.16],[38.8,59.29],[38.44,59.29],[38.36,59.02],[37.89,58.95],[37.68,58.81],[36.78,58.81],[36.72,58.95],[36.45,58.95],[35.96,59.16],[35.91,59.71],[35.77,59.85],[35.82,60.07],[35.73,60.07],[35.85,60.56],[36.25,60.7],[36.52,60.7],[36.74,60.84],[38.32,60.91],[38.38,60.77],[39.29,60.42],[39.32,60.21],[39.5,60.21],[39.56,60.07],[39.81,60.0],[39.79,59.92],[40.04,59.85]]],[[[38.02,58.74],[38.07,58.6],[38.25,58.6],[38.4,58.46],[38.43,57.9],[38.52,57.9],[38.49,57.77],[37.85,57.7],[37.76,57.7],[37.77,57.77],[37.64,58.67],[38.02,58.74]]],[[[47.72,58.67],[47.81,58.67],[47.79,58.6],[47.7,58.6],[47.72,58.67]]]]},"properties":{"id":"territory:Grand Principality of Moscow:1395","name":"모스크바 대공국","name_en":"Grand Principality of Moscow","actor":"기타중립","valid_from":1395,"valid_to":1402,"wikidata":"Q170770","area":249239,"src":"cliopatria","confidence":"medium"}},{"type":"Feature","geometry":{"type":"Point","coordinates":[40.787,57.995]},"properties":{"id":"territory:Grand Principality of Moscow:1395:label","name":"모스크바 대공국","name_en":"Grand Principality of Moscow","actor":"기타중립","valid_from":1395,"valid_to":1402,"wikidata":"Q170770","area":249239,"src":"cliopatria","confidence":"medium"}},{"type":"Feature","geometry":{"type":"MultiPolygon","coordinates":[[[[-1.43,41.91],[-1.83,41.91],[-1.78,42.3],[-2.02,42.37],[-2.2,42.69],[-1.84,43.21],[-1.85,43.34],[-1.77,43.34],[-1.69,43.34],[-1.04,43.34],[-0.87,43.15],[-0.86,42.95],[-1.39,42.5],[-1.44,42.11],[-1.44,42.04],[-1.43,41.91]]],[[[0.01,43.15],[0.01,43.21],[0.09,43.21],[0.09,43.15],[0.01,43.15]]],[[[4.95,44.39],[4.63,44.39],[4.8,44.19],[4.8,44.12],[4.8,44.06],[4.8,43.99],[4.72,43.99],[4.73,43.93],[4.73,43.86],[4.73,43.8],[4.41,43.73],[4.34,43.47],[4.26,43.47],[4.17,43.6],[3.85,43.6],[3.62,43.41],[3.14,43.28],[2.99,43.08],[2.99,43.02],[2.75,43.02],[2.52,42.82],[1.81,42.56],[1.73,42.56],[1.73,42.63],[1.87,42.89],[1.3,43.02],[1.28,43.54],[0.95,43.67],[0.92,44.12],[0.28,43.99],[0.04,44.06],[-0.07,44.52],[1.07,44.45],[1.38,44.65],[1.45,44.84],[2.1,44.78],[2.28,44.52],[2.52,44.58],[2.58,44.84],[2.75,44.84],[2.92,44.65],[3.16,44.71],[3.23,44.91],[3.47,44.91],[3.56,44.78],[3.97,44.78],[3.96,44.91],[4.12,44.91],[4.36,45.17],[5.09,45.17],[5.08,45.3],[5.33,45.3],[5.27,44.71],[5.76,44.58],[5.6,44.52],[5.69,44.19],[5.44,44.19],[5.44,44.19],[5.11,44.45],[5.11,44.52],[4.95,44.39]]],[[[4.15,50.05],[4.15,49.98],[4.24,49.98],[4.32,49.98],[4.41,49.98],[4.49,49.98],[4.49,49.91],[4.33,49.85],[4.25,49.65],[4.17,49.65],[4.18,49.52],[4.67,49.58],[4.86,49.18],[5.03,49.12],[4.87,48.99],[4.88,48.52],[5.22,48.46],[5.47,48.26],[5.48,48.06],[5.65,48.06],[5.82,47.86],[5.82,47.73],[5.58,47.66],[5.25,47.6],[4.82,47.99],[4.57,47.99],[4.58,47.86],[4.34,47.66],[4.17,47.66],[3.91,47.93],[3.75,47.8],[3.58,47.93],[3.08,47.99],[3.01,47.86],[2.76,47.8],[2.43,47.86],[2.44,47.66],[2.36,47.66],[2.37,47.47],[2.62,47.4],[2.79,47.2],[2.98,46.68],[3.65,46.55],[3.73,46.55],[3.73,46.61],[3.81,46.61],[3.8,46.68],[4.14,46.61],[4.23,46.28],[4.73,45.96],[4.9,46.02],[4.97,46.28],[5.3,46.28],[5.07,45.63],[4.5,45.56],[4.59,45.37],[4.51,45.37],[4.43,45.37],[4.35,45.37],[4.35,45.3],[4.27,45.3],[3.94,45.37],[4.01,45.63],[3.93,45.63],[3.92,45.82],[3.68,45.89],[3.67,46.02],[3.34,46.02],[3.35,45.89],[3.27,45.89],[3.01,46.09],[2.77,46.02],[2.6,46.15],[2.43,46.35],[2.18,46.41],[0.94,46.55],[0.95,46.35],[1.21,46.22],[1.21,46.09],[0.97,46.02],[0.9,45.82],[0.91,45.69],[0.68,45.43],[0.22,44.97],[-0.18,44.91],[-0.19,45.1],[-0.28,45.24],[-0.44,45.24],[-0.45,45.37],[-1.04,45.56],[-1.04,45.63],[-1.21,45.76],[-1.14,45.89],[-1.22,45.89],[-1.25,46.28],[-1.67,46.35],[-2.19,46.81],[-2.21,47.01],[-2.13,47.01],[-1.39,47.01],[-1.05,46.87],[0.34,46.94],[0.58,47.01],[0.49,47.2],[0.72,47.47],[1.13,47.47],[1.21,47.47],[1.3,47.47],[1.4,47.07],[1.89,47.14],[1.68,47.99],[1.19,47.93],[0.92,48.13],[0.44,47.99],[0.34,48.26],[-0.0,48.32],[-0.09,48.46],[-0.58,48.32],[-1.0,48.39],[-1.08,48.39],[-1.09,48.46],[-1.17,48.46],[-1.25,48.46],[-1.5,48.39],[-1.52,48.65],[-1.6,48.65],[-1.61,48.72],[-1.72,49.05],[-1.64,49.05],[-1.65,49.25],[-1.91,49.38],[-2.03,49.78],[-1.36,49.78],[-1.25,49.45],[0.01,49.38],[-0.01,49.65],[0.22,49.85],[1.22,50.05],[1.45,50.25],[1.43,50.58],[1.52,50.58],[1.6,50.58],[1.78,50.38],[2.55,50.11],[3.73,50.11],[3.81,50.11],[3.82,50.05],[3.9,50.05],[3.98,50.05],[3.99,49.98],[4.07,49.98],[4.07,50.05],[4.15,50.05]],[[3.6,49.32],[3.35,49.32],[3.11,49.12],[2.94,49.12],[3.03,48.99],[3.46,48.85],[3.54,48.85],[3.62,48.92],[3.6,49.32]]]]},"properties":{"id":"territory:Kingdom of France:1294","name":"프랑스 왕국","name_en":"Kingdom of France","actor":"기타중립","valid_from":1294,"valid_to":1305,"wikidata":"Q207162","area":242840,"src":"cliopatria","confidence":"medium"}},{"type":"Feature","geometry":{"type":"Point","coordinates":[1.738,47.962]},"properties":{"id":"territory:Kingdom of France:1294:label","name":"프랑스 왕국","name_en":"Kingdom of France","actor":"기타중립","valid_from":1294,"valid_to":1305,"wikidata":"Q207162","area":242840,"src":"cliopatria","confidence":"medium"}},{"type":"Feature","geometry":{"type":"Polygon","coordinates":[[[19.09,50.18],[19.17,50.18],[19.19,50.38],[19.02,50.45],[19.03,50.58],[18.86,50.58],[18.7,50.71],[18.71,50.85],[18.54,50.85],[18.46,50.98],[17.88,51.18],[17.46,51.11],[17.56,51.38],[17.39,51.45],[17.32,51.71],[16.98,51.71],[16.72,51.58],[16.56,51.71],[16.13,51.71],[16.14,51.85],[15.81,52.12],[15.81,52.25],[15.65,52.32],[15.49,52.65],[16.01,52.79],[16.01,52.86],[16.28,53.12],[16.71,53.19],[16.72,53.39],[16.9,53.53],[16.99,53.53],[16.99,53.6],[17.08,53.6],[17.33,53.39],[17.51,53.53],[18.45,53.46],[18.52,53.19],[18.69,53.19],[18.93,52.92],[19.36,52.99],[19.72,53.26],[20.4,53.06],[20.67,53.26],[20.93,53.26],[21.29,53.46],[22.42,53.6],[22.74,53.33],[22.7,52.92],[22.34,52.79],[22.4,52.52],[22.15,52.52],[22.12,52.25],[22.53,52.05],[22.69,51.92],[22.67,51.71],[22.91,51.58],[23.94,51.65],[24.04,51.85],[24.64,51.92],[24.84,52.18],[25.26,52.12],[25.22,51.78],[24.96,51.71],[24.73,51.18],[24.2,50.91],[24.37,50.91],[24.33,50.58],[24.59,50.58],[24.77,50.71],[24.84,50.58],[25.74,50.31],[25.73,50.25],[25.81,50.25],[25.8,50.11],[25.97,50.11],[26.03,49.91],[26.19,49.85],[26.17,49.65],[26.34,49.65],[26.32,49.52],[26.66,49.58],[26.95,49.18],[27.64,49.32],[27.62,49.18],[27.85,48.99],[27.82,48.79],[27.64,48.65],[27.88,48.52],[27.86,48.39],[27.54,48.46],[27.39,48.65],[26.47,48.59],[25.98,48.65],[25.34,48.92],[25.25,48.79],[25.56,48.59],[25.54,48.39],[25.01,48.06],[24.99,47.8],[24.91,47.8],[24.59,47.93],[24.69,48.13],[24.37,48.26],[24.38,48.39],[24.05,48.46],[23.67,48.79],[22.93,48.92],[22.78,49.12],[22.52,49.05],[21.8,49.38],[20.21,49.38],[19.87,49.18],[19.47,49.58],[19.13,49.45],[18.88,49.52],[19.24,49.85],[19.17,50.05],[19.08,50.05],[19.09,50.11],[19.09,50.18]]]},"properties":{"id":"territory:Kingdom of Poland:1352","name":"폴란드 왕국","name_en":"Kingdom of Poland","actor":"기타중립","valid_from":1352,"valid_to":1363,"wikidata":"Q577867","area":240672,"src":"cliopatria","confidence":"medium"}},{"type":"Feature","geometry":{"type":"Point","coordinates":[21.485,51.011]},"properties":{"id":"territory:Kingdom of Poland:1352:label","name":"폴란드 왕국","name_en":"Kingdom of Poland","actor":"기타중립","valid_from":1352,"valid_to":1363,"wikidata":"Q577867","area":240672,"src":"cliopatria","confidence":"medium"}},{"type":"Feature","geometry":{"type":"Polygon","coordinates":[[[19.09,50.18],[19.17,50.18],[19.19,50.38],[19.02,50.45],[19.03,50.58],[18.7,50.71],[18.71,50.85],[18.05,51.11],[17.97,51.25],[17.55,51.25],[17.32,51.71],[16.98,51.71],[16.72,51.58],[16.56,51.71],[16.13,51.71],[16.14,51.85],[15.81,52.12],[15.81,52.25],[15.65,52.32],[15.49,52.65],[16.01,52.79],[16.01,52.86],[16.28,53.12],[16.71,53.19],[16.72,53.39],[16.9,53.53],[16.99,53.53],[16.99,53.6],[17.08,53.6],[17.33,53.39],[17.51,53.53],[18.45,53.46],[18.52,53.19],[18.69,53.19],[18.93,52.92],[19.36,52.99],[19.72,53.26],[20.4,53.06],[20.67,53.26],[20.93,53.26],[21.29,53.46],[22.42,53.6],[22.74,53.33],[22.7,52.92],[22.34,52.79],[22.4,52.52],[22.15,52.52],[22.12,52.25],[22.69,51.92],[22.67,51.71],[22.91,51.58],[23.59,51.58],[23.94,51.65],[24.04,51.85],[24.64,51.92],[24.84,52.18],[25.26,52.12],[25.22,51.78],[24.96,51.71],[24.73,51.18],[24.21,50.98],[24.37,50.91],[24.33,50.58],[24.59,50.58],[24.77,50.71],[24.84,50.58],[25.74,50.31],[25.8,50.11],[25.97,50.11],[26.03,49.91],[26.19,49.85],[26.17,49.65],[26.34,49.65],[26.32,49.52],[26.66,49.58],[26.95,49.18],[27.64,49.32],[27.62,49.18],[27.85,48.99],[27.82,48.79],[27.64,48.65],[27.88,48.52],[27.86,48.39],[27.54,48.46],[27.39,48.65],[26.47,48.59],[25.98,48.65],[25.34,48.92],[25.25,48.79],[25.56,48.59],[25.54,48.39],[25.01,48.06],[24.99,47.8],[24.91,47.8],[24.59,47.93],[24.69,48.13],[24.37,48.26],[24.38,48.39],[24.05,48.46],[23.67,48.79],[22.93,48.92],[22.78,49.12],[22.52,49.05],[21.8,49.38],[20.21,49.38],[19.87,49.18],[19.47,49.58],[19.13,49.45],[18.88,49.52],[19.24,49.85],[19.17,50.05],[19.08,50.05],[19.09,50.11],[19.09,50.18]]]},"properties":{"id":"territory:Kingdom of Poland:1363","name":"폴란드 왕국","name_en":"Kingdom of Poland","actor":"기타중립","valid_from":1363,"valid_to":1375,"wikidata":"Q577867","area":239794,"src":"cliopatria","confidence":"medium"}},{"type":"Feature","geometry":{"type":"Point","coordinates":[21.489,51.01]},"properties":{"id":"territory:Kingdom of Poland:1363:label","name":"폴란드 왕국","name_en":"Kingdom of Poland","actor":"기타중립","valid_from":1363,"valid_to":1375,"wikidata":"Q577867","area":239794,"src":"cliopatria","confidence":"medium"}},{"type":"Feature","geometry":{"type":"Polygon","coordinates":[[[44.94,35.9],[43.92,35.77],[43.72,35.45],[43.5,35.52],[43.51,35.64],[42.65,35.58],[42.43,35.64],[42.37,35.77],[42.13,35.71],[41.99,35.84],[42.01,35.97],[41.79,36.1],[41.81,36.22],[41.59,36.35],[41.61,36.48],[41.46,36.55],[41.06,36.42],[40.51,35.13],[40.55,34.81],[40.77,34.74],[40.96,34.42],[41.04,34.42],[41.43,33.78],[41.86,33.59],[42.06,33.33],[42.58,33.14],[42.71,32.94],[43.15,32.81],[44.46,31.59],[44.44,31.46],[44.66,31.34],[44.64,31.14],[44.79,31.21],[45.4,30.5],[45.55,30.5],[46.1,29.99],[46.53,29.79],[46.59,29.6],[46.75,29.67],[46.87,29.41],[47.1,29.47],[47.38,29.28],[47.46,29.28],[47.57,29.6],[48.07,29.99],[48.15,29.99],[48.59,29.92],[48.6,29.99],[48.39,30.12],[48.41,30.31],[48.28,30.44],[48.05,30.44],[48.1,30.89],[47.74,31.01],[47.8,31.46],[47.98,31.72],[47.58,32.17],[47.6,32.3],[47.32,32.49],[46.95,32.56],[46.68,32.88],[46.23,32.94],[46.14,33.39],[45.59,33.91],[45.44,33.91],[45.65,34.29],[45.5,34.36],[45.54,34.61],[45.69,34.61],[45.72,34.81],[45.34,34.87],[45.2,35.0],[45.18,35.39],[45.04,35.52],[45.07,35.71],[44.94,35.9]]]},"properties":{"id":"territory:Jalayirid Sultanate:1395","name":"잘라이르 술탄국","name_en":"Jalayirid Sultanate","actor":"기타중립","valid_from":1395,"valid_to":1402,"wikidata":"Q866716","area":238099,"src":"cliopatria","confidence":"medium"}},{"type":"Feature","geometry":{"type":"Point","coordinates":[44.557,33.126]},"properties":{"id":"territory:Jalayirid Sultanate:1395:label","name":"잘라이르 술탄국","name_en":"Jalayirid Sultanate","actor":"기타중립","valid_from":1395,"valid_to":1402,"wikidata":"Q866716","area":238099,"src":"cliopatria","confidence":"medium"}},{"type":"Feature","geometry":{"type":"Polygon","coordinates":[[[19.09,50.18],[19.17,50.18],[19.19,50.38],[19.02,50.45],[19.03,50.58],[18.7,50.71],[18.71,50.85],[18.05,51.11],[17.97,51.25],[17.55,51.25],[17.32,51.71],[16.98,51.71],[16.72,51.58],[16.56,51.71],[16.13,51.71],[16.14,51.85],[15.81,52.12],[15.81,52.25],[15.65,52.32],[15.49,52.65],[16.1,52.86],[16.02,53.12],[16.11,53.12],[16.12,53.33],[16.29,53.39],[16.3,53.53],[16.48,53.6],[16.4,53.8],[16.66,53.8],[16.82,53.6],[17.08,53.6],[17.33,53.39],[17.51,53.53],[18.45,53.46],[18.52,53.19],[18.69,53.19],[18.93,52.92],[19.36,52.99],[19.72,53.26],[20.4,53.06],[20.67,53.26],[20.93,53.26],[21.29,53.46],[22.42,53.6],[22.74,53.33],[22.7,52.92],[22.34,52.79],[22.41,52.59],[22.66,52.52],[22.84,52.65],[23.19,52.65],[23.34,52.52],[23.14,52.18],[22.61,52.05],[22.75,51.65],[23.59,51.58],[23.94,51.65],[24.04,51.85],[24.64,51.92],[24.84,52.18],[25.26,52.12],[25.22,51.78],[24.96,51.71],[24.73,51.18],[24.2,50.91],[24.37,50.91],[24.33,50.58],[24.59,50.58],[24.77,50.71],[24.84,50.58],[25.74,50.31],[25.8,50.11],[25.97,50.11],[26.03,49.91],[26.19,49.85],[26.22,49.38],[25.78,49.12],[25.36,49.05],[25.25,48.85],[25.56,48.59],[25.54,48.39],[25.01,48.06],[24.99,47.8],[24.91,47.8],[24.59,47.93],[24.69,48.13],[24.37,48.26],[24.38,48.39],[24.05,48.46],[23.67,48.79],[22.93,48.92],[22.78,49.12],[22.52,49.05],[21.8,49.38],[20.21,49.38],[19.87,49.18],[19.47,49.58],[19.13,49.45],[18.88,49.52],[19.24,49.85],[19.17,50.05],[19.08,50.05],[19.09,50.11],[19.09,50.18]]]},"properties":{"id":"territory:Kingdom of Poland:1395","name":"폴란드 왕국","name_en":"Kingdom of Poland","actor":"기타중립","valid_from":1395,"valid_to":1402,"wikidata":"Q577867","area":233778,"src":"cliopatria","confidence":"medium"}},{"type":"Feature","geometry":{"type":"Point","coordinates":[21.181,51.169]},"properties":{"id":"territory:Kingdom of Poland:1395:label","name":"폴란드 왕국","name_en":"Kingdom of Poland","actor":"기타중립","valid_from":1395,"valid_to":1402,"wikidata":"Q577867","area":233778,"src":"cliopatria","confidence":"medium"}},{"type":"Feature","geometry":{"type":"Polygon","coordinates":[[[19.09,50.18],[19.17,50.18],[19.19,50.38],[19.02,50.45],[19.03,50.58],[18.7,50.71],[18.71,50.85],[18.05,51.11],[17.97,51.25],[17.55,51.25],[17.32,51.71],[16.98,51.71],[16.72,51.58],[16.56,51.71],[16.13,51.71],[16.14,51.85],[15.81,52.12],[15.81,52.25],[15.48,52.52],[15.58,52.72],[16.1,52.86],[16.02,53.12],[16.11,53.12],[16.12,53.33],[16.29,53.39],[16.3,53.53],[16.48,53.6],[16.4,53.8],[16.66,53.8],[16.82,53.6],[17.08,53.6],[17.33,53.39],[17.51,53.53],[18.45,53.46],[18.52,53.19],[18.69,53.19],[18.93,52.92],[19.36,52.99],[19.72,53.26],[20.4,53.06],[20.67,53.26],[20.93,53.26],[21.29,53.46],[22.42,53.6],[22.74,53.33],[22.7,52.92],[22.34,52.79],[22.4,52.52],[22.15,52.52],[22.12,52.25],[22.69,51.92],[22.75,51.65],[23.59,51.58],[23.94,51.65],[24.04,51.85],[24.64,51.92],[24.84,52.18],[25.26,52.12],[25.22,51.78],[24.96,51.71],[24.73,51.18],[24.2,50.91],[24.37,50.91],[24.33,50.58],[24.59,50.58],[24.77,50.71],[24.84,50.58],[25.74,50.31],[25.8,50.11],[25.97,50.11],[26.03,49.91],[26.19,49.85],[26.22,49.38],[25.78,49.12],[25.36,49.05],[25.25,48.85],[25.56,48.59],[25.54,48.39],[25.01,48.06],[24.99,47.8],[24.91,47.8],[24.59,47.93],[24.69,48.13],[24.37,48.26],[24.38,48.39],[24.05,48.46],[23.83,48.72],[23.09,48.85],[22.78,49.12],[22.52,49.05],[21.79,49.32],[21.8,49.38],[20.21,49.38],[19.87,49.18],[19.47,49.58],[19.13,49.45],[18.88,49.52],[19.24,49.85],[19.16,49.98],[19.17,50.05],[19.08,50.05],[19.09,50.11],[19.09,50.18]]]},"properties":{"id":"territory:Kingdom of Poland:1375","name":"폴란드 왕국","name_en":"Kingdom of Poland","actor":"기타중립","valid_from":1375,"valid_to":1385,"wikidata":"Q577867","area":230091,"src":"cliopatria","confidence":"medium"}},{"type":"Feature","geometry":{"type":"Point","coordinates":[21.153,51.147]},"properties":{"id":"territory:Kingdom of Poland:1375:label","name":"폴란드 왕국","name_en":"Kingdom of Poland","actor":"기타중립","valid_from":1375,"valid_to":1385,"wikidata":"Q577867","area":230091,"src":"cliopatria","confidence":"medium"}},{"type":"Feature","geometry":{"type":"Polygon","coordinates":[[[19.09,50.18],[19.17,50.18],[19.19,50.38],[19.02,50.45],[19.03,50.58],[18.7,50.71],[18.71,50.85],[18.05,51.11],[17.97,51.25],[17.55,51.25],[17.32,51.71],[16.98,51.71],[16.72,51.58],[16.56,51.71],[16.13,51.71],[16.14,51.85],[15.81,52.12],[15.81,52.25],[15.65,52.32],[15.49,52.65],[15.57,52.65],[16.1,52.86],[16.02,53.12],[16.11,53.12],[16.12,53.33],[16.29,53.39],[16.3,53.53],[16.48,53.6],[16.4,53.8],[16.66,53.8],[16.82,53.6],[17.08,53.6],[17.33,53.39],[17.51,53.53],[18.45,53.46],[18.52,53.19],[18.69,53.19],[18.93,52.92],[19.36,52.99],[19.72,53.26],[20.4,53.06],[20.67,53.26],[20.93,53.26],[21.29,53.46],[22.42,53.6],[22.74,53.33],[22.7,52.92],[22.34,52.79],[22.4,52.52],[22.15,52.52],[22.12,52.25],[22.69,51.92],[22.75,51.65],[23.59,51.58],[23.94,51.65],[24.04,51.85],[24.64,51.92],[24.84,52.18],[25.26,52.12],[25.22,51.78],[24.96,51.71],[24.73,51.18],[24.2,50.91],[24.37,50.91],[24.33,50.58],[24.59,50.58],[24.77,50.71],[24.84,50.58],[25.74,50.31],[25.8,50.11],[25.97,50.11],[26.03,49.91],[26.19,49.85],[26.22,49.38],[25.78,49.12],[25.36,49.05],[25.25,48.85],[25.56,48.59],[25.54,48.39],[25.01,48.06],[24.99,47.8],[24.91,47.8],[24.59,47.93],[24.69,48.13],[24.37,48.26],[24.38,48.39],[24.05,48.46],[23.67,48.79],[22.93,48.92],[22.78,49.12],[22.52,49.05],[21.8,49.38],[20.21,49.38],[19.87,49.18],[19.47,49.58],[19.13,49.45],[18.88,49.52],[19.24,49.85],[19.17,50.05],[19.08,50.05],[19.09,50.11],[19.09,50.18]]]},"properties":{"id":"territory:Kingdom of Poland:1385","name":"폴란드 왕국","name_en":"Kingdom of Poland","actor":"기타중립","valid_from":1385,"valid_to":1395,"wikidata":"Q577867","area":229737,"src":"cliopatria","confidence":"medium"}},{"type":"Feature","geometry":{"type":"Point","coordinates":[21.155,51.148]},"properties":{"id":"territory:Kingdom of Poland:1385:label","name":"폴란드 왕국","name_en":"Kingdom of Poland","actor":"기타중립","valid_from":1385,"valid_to":1395,"wikidata":"Q577867","area":229737,"src":"cliopatria","confidence":"medium"}},{"type":"Feature","geometry":{"type":"MultiPolygon","coordinates":[[[[0.09,43.15],[0.09,43.21],[0.08,43.34],[0.4,43.34],[0.48,43.47],[0.64,43.47],[0.97,43.34],[0.81,43.21],[0.98,43.02],[0.99,42.82],[0.04,42.69],[-0.29,42.82],[-0.29,42.89],[-0.3,42.95],[0.01,43.15],[0.09,43.15]]],[[[-1.85,43.41],[-1.77,43.41],[-1.77,43.34],[-1.85,43.34],[-1.85,43.41]]],[[[-0.65,43.54],[-1.04,43.34],[-1.69,43.34],[-1.69,43.41],[-1.46,43.54],[-1.4,43.86],[-1.32,43.86],[-1.35,44.25],[-1.27,44.25],[-1.29,44.52],[-1.21,44.52],[-1.25,45.17],[-1.17,45.17],[-1.19,45.43],[-1.03,45.5],[-1.04,45.56],[-0.45,45.37],[-0.44,45.24],[-0.28,45.24],[-0.19,45.1],[-0.18,44.91],[-0.07,44.52],[0.04,44.06],[0.04,43.99],[-0.04,43.99],[-0.12,43.99],[-0.2,43.99],[-0.28,43.99],[-0.33,43.47],[-0.65,43.54]]],[[[0.02,53.6],[0.3,53.39],[0.32,53.12],[0.08,52.92],[0.34,52.86],[0.49,53.06],[1.09,53.06],[1.53,52.92],[1.72,52.72],[1.74,52.38],[1.65,52.38],[1.59,52.12],[1.43,51.98],[1.17,51.98],[1.18,51.78],[0.84,51.78],[0.86,51.51],[0.52,51.51],[1.38,51.38],[1.31,51.11],[0.49,50.78],[-1.37,50.85],[-1.11,50.78],[-1.18,50.58],[-1.51,50.58],[-1.52,50.71],[-2.03,50.71],[-2.1,50.58],[-3.13,50.71],[-3.46,50.65],[-3.58,50.25],[-4.09,50.25],[-4.19,50.38],[-4.35,50.38],[-4.93,50.25],[-5.15,49.98],[-5.75,50.05],[-5.77,50.25],[-5.28,50.38],[-5.13,50.58],[-4.88,50.58],[-4.82,50.78],[-4.66,50.85],[-4.68,51.05],[-4.43,51.05],[-4.2,51.31],[-3.09,51.25],[-3.11,51.38],[-2.95,51.45],[-3.12,51.51],[-3.28,51.38],[-3.7,51.38],[-3.89,51.58],[-4.31,51.51],[-4.42,51.71],[-4.91,51.58],[-5.26,51.71],[-5.22,52.05],[-4.55,52.18],[-4.16,52.45],[-4.3,52.92],[-4.79,52.79],[-4.81,52.92],[-4.49,53.12],[-4.67,53.19],[-4.7,53.46],[-4.27,53.46],[-4.16,53.26],[-3.15,53.46],[-3.1,53.73],[-3.2,53.87],[-2.97,54.14],[-3.3,54.07],[-3.32,54.21],[-3.59,54.27],[-3.62,54.55],[-3.7,54.55],[-3.65,54.82],[-3.39,54.89],[-3.4,54.95],[-3.14,54.95],[-2.81,55.09],[-2.73,55.23],[-2.56,55.23],[-2.24,55.5],[-2.27,55.77],[-2.11,55.91],[-2.02,55.91],[-1.63,55.57],[-1.49,54.95],[-1.4,54.95],[-1.29,54.68],[-0.67,54.61],[-0.39,54.41],[-0.38,54.27],[-0.29,54.27],[-0.18,53.94],[0.0,53.8],[0.02,53.6]]],[[[-6.15,53.33],[-6.09,52.86],[-6.17,52.86],[-6.15,52.65],[-6.23,52.65],[-6.43,52.18],[-7.61,52.12],[-7.68,51.98],[-8.41,51.71],[-8.86,51.92],[-8.92,52.32],[-9.26,52.32],[-9.32,52.18],[-9.57,52.12],[-10.51,52.12],[-10.45,52.32],[-9.94,52.32],[-9.97,52.52],[-9.81,52.59],[-9.15,52.72],[-8.37,52.65],[-8.18,53.12],[-7.65,52.99],[-7.86,53.26],[-7.91,53.6],[-7.32,53.73],[-7.25,53.87],[-6.65,53.87],[-6.53,54.27],[-6.01,54.27],[-5.95,54.48],[-6.33,54.68],[-6.44,54.89],[-5.94,55.02],[-5.73,54.75],[-5.55,54.75],[-5.42,54.41],[-5.67,54.34],[-5.9,54.07],[-6.33,54.07],[-6.29,53.73],[-6.08,53.46],[-6.16,53.46],[-6.24,53.39],[-6.15,53.33]]]]},"properties":{"id":"territory:Kingdom of England:1294","name":"Kingdom of England","name_en":"Kingdom of England","actor":"기타중립","valid_from":1294,"valid_to":1305,"wikidata":"Q179876","area":224712,"src":"cliopatria","confidence":"medium"}},{"type":"Feature","geometry":{"type":"MultiPolygon","coordinates":[[[[0.09,43.15],[0.09,43.21],[0.08,43.34],[0.4,43.34],[0.48,43.47],[0.64,43.47],[0.97,43.34],[0.81,43.21],[0.98,43.02],[0.99,42.82],[0.04,42.69],[-0.29,42.82],[-0.29,42.89],[-0.3,42.95],[0.01,43.15],[0.09,43.15]]],[[[-1.85,43.41],[-1.77,43.41],[-1.77,43.34],[-1.85,43.34],[-1.85,43.41]]],[[[-0.65,43.54],[-1.04,43.34],[-1.69,43.34],[-1.69,43.41],[-1.46,43.54],[-1.4,43.86],[-1.32,43.86],[-1.35,44.25],[-1.27,44.25],[-1.29,44.52],[-1.21,44.52],[-1.25,45.17],[-1.17,45.17],[-1.19,45.43],[-1.03,45.5],[-1.04,45.56],[-0.45,45.37],[-0.44,45.24],[-0.28,45.24],[-0.19,45.1],[-0.18,44.91],[-0.07,44.52],[0.04,44.06],[0.04,43.99],[-0.04,43.99],[-0.12,43.99],[-0.2,43.99],[-0.28,43.99],[-0.33,43.47],[-0.65,43.54]]],[[[0.02,53.6],[0.3,53.39],[0.32,53.12],[0.08,52.92],[0.34,52.86],[0.49,53.06],[1.09,53.06],[1.53,52.92],[1.72,52.72],[1.74,52.38],[1.65,52.38],[1.59,52.12],[1.43,51.98],[1.17,51.98],[1.18,51.78],[0.84,51.78],[0.86,51.51],[0.52,51.51],[1.38,51.38],[1.31,51.11],[0.49,50.78],[-1.37,50.85],[-1.11,50.78],[-1.18,50.58],[-1.51,50.58],[-1.52,50.71],[-2.03,50.71],[-2.1,50.58],[-3.13,50.71],[-3.46,50.65],[-3.58,50.25],[-4.09,50.25],[-4.19,50.38],[-4.35,50.38],[-4.93,50.25],[-5.15,49.98],[-5.75,50.05],[-5.77,50.25],[-5.28,50.38],[-5.13,50.58],[-4.88,50.58],[-4.82,50.78],[-4.66,50.85],[-4.68,51.05],[-4.43,51.05],[-4.2,51.31],[-3.09,51.25],[-3.11,51.38],[-2.95,51.45],[-3.12,51.51],[-3.28,51.38],[-3.7,51.38],[-3.89,51.58],[-4.31,51.51],[-4.42,51.71],[-4.91,51.58],[-5.26,51.71],[-5.22,52.05],[-4.55,52.18],[-4.16,52.45],[-4.3,52.92],[-4.79,52.79],[-4.81,52.92],[-4.49,53.12],[-4.67,53.19],[-4.7,53.46],[-4.27,53.46],[-4.16,53.26],[-3.15,53.46],[-3.1,53.73],[-3.2,53.87],[-2.97,54.14],[-3.3,54.07],[-3.32,54.21],[-3.59,54.27],[-3.62,54.55],[-3.7,54.55],[-3.65,54.82],[-3.39,54.89],[-3.4,54.95],[-3.14,54.95],[-2.81,55.09],[-2.73,55.23],[-2.56,55.23],[-2.24,55.5],[-2.27,55.77],[-2.11,55.91],[-2.02,55.91],[-1.63,55.57],[-1.49,54.95],[-1.4,54.95],[-1.29,54.68],[-0.67,54.61],[-0.39,54.41],[-0.38,54.27],[-0.29,54.27],[-0.18,53.94],[0.0,53.8],[0.02,53.6]]],[[[-6.15,53.33],[-6.09,52.86],[-6.17,52.86],[-6.15,52.65],[-6.23,52.65],[-6.43,52.18],[-7.61,52.12],[-7.68,51.98],[-8.41,51.71],[-8.86,51.92],[-8.92,52.32],[-9.26,52.32],[-9.32,52.18],[-9.57,52.12],[-10.51,52.12],[-10.45,52.32],[-9.94,52.32],[-9.97,52.52],[-9.81,52.59],[-9.15,52.72],[-8.37,52.65],[-8.18,53.12],[-7.65,52.99],[-7.86,53.26],[-7.91,53.6],[-7.32,53.73],[-7.25,53.87],[-6.65,53.87],[-6.53,54.27],[-6.01,54.27],[-5.95,54.48],[-6.33,54.68],[-6.44,54.89],[-5.94,55.02],[-5.73,54.75],[-5.55,54.75],[-5.42,54.41],[-5.67,54.34],[-5.9,54.07],[-6.33,54.07],[-6.29,53.73],[-6.08,53.46],[-6.16,53.46],[-6.24,53.39],[-6.15,53.33]]]]},"properties":{"id":"territory:Kingdom of England:1314","name":"Kingdom of England","name_en":"Kingdom of England","actor":"기타중립","valid_from":1314,"valid_to":1326,"wikidata":"Q179876","area":224712,"src":"cliopatria","confidence":"medium"}},{"type":"Feature","geometry":{"type":"Point","coordinates":[-1.867,52.554]},"properties":{"id":"territory:Kingdom of England:1294:label","name":"Kingdom of England","name_en":"Kingdom of England","actor":"기타중립","valid_from":1294,"valid_to":1305,"wikidata":"Q179876","area":224712,"src":"cliopatria","confidence":"medium"}},{"type":"Feature","geometry":{"type":"Point","coordinates":[-1.867,52.554]},"properties":{"id":"territory:Kingdom of England:1314:label","name":"Kingdom of England","name_en":"Kingdom of England","actor":"기타중립","valid_from":1314,"valid_to":1326,"wikidata":"Q179876","area":224712,"src":"cliopatria","confidence":"medium"}},{"type":"Feature","geometry":{"type":"Polygon","coordinates":[[[10.85,35.64],[11.08,35.58],[11.08,35.39],[11.01,35.39],[11.08,35.0],[10.85,34.94],[10.85,34.81],[10.54,34.55],[10.0,34.29],[10.08,34.23],[10.01,33.91],[10.24,33.71],[10.54,33.71],[10.7,33.52],[11.08,33.59],[11.16,33.2],[11.46,33.2],[12.23,32.81],[12.61,32.88],[12.53,32.75],[12.84,32.75],[12.84,32.88],[13.07,32.94],[13.3,32.94],[13.45,32.81],[13.76,32.88],[13.76,32.75],[14.07,32.75],[14.44,32.49],[14.67,32.56],[14.75,32.43],[15.21,32.36],[15.42,31.66],[15.58,31.59],[15.65,31.4],[16.18,31.21],[17.47,31.08],[18.0,30.89],[18.59,30.37],[18.9,30.37],[18.81,29.99],[18.28,30.05],[16.7,30.69],[15.49,30.95],[15.18,30.89],[15.19,31.08],[14.58,31.53],[14.59,31.66],[13.83,32.11],[13.3,32.24],[13.07,32.17],[13.07,32.3],[12.46,32.36],[11.77,32.3],[11.77,32.43],[11.54,32.43],[11.46,32.56],[11.31,32.49],[11.16,32.69],[10.39,33.01],[10.01,33.01],[10.08,33.14],[9.63,33.14],[9.55,33.33],[9.62,33.46],[9.32,33.59],[9.08,34.04],[8.93,34.04],[8.93,34.16],[8.77,34.23],[8.08,34.23],[8.0,34.42],[7.85,34.49],[7.15,34.49],[6.92,34.61],[4.53,34.61],[4.45,34.61],[4.6,34.74],[4.6,35.0],[4.68,35.0],[4.63,36.61],[4.48,36.67],[4.39,36.93],[4.47,36.93],[4.86,36.87],[5.1,36.67],[5.56,36.67],[5.64,36.8],[6.11,36.8],[6.1,36.93],[6.33,37.06],[6.8,36.87],[7.19,36.87],[7.35,37.06],[7.66,37.0],[7.74,36.87],[8.52,36.87],[8.9,37.13],[9.06,37.06],[9.6,37.32],[9.99,37.19],[10.23,37.25],[10.23,37.06],[10.31,37.06],[10.23,36.8],[10.54,36.74],[10.85,37.0],[11.01,37.0],[11.01,36.8],[10.46,36.42],[10.54,36.35],[10.46,35.9],[10.85,35.71],[10.85,35.64]]]},"properties":{"id":"territory:Hafsid Dynasty:1344","name":"Hafsid Dynasty","name_en":"Hafsid Dynasty","actor":"기타중립","valid_from":1344,"valid_to":1352,"wikidata":"Q752662","area":224244,"src":"cliopatria","confidence":"medium"}},{"type":"Feature","geometry":{"type":"Point","coordinates":[9.627,34.632]},"properties":{"id":"territory:Hafsid Dynasty:1344:label","name":"Hafsid Dynasty","name_en":"Hafsid Dynasty","actor":"기타중립","valid_from":1344,"valid_to":1352,"wikidata":"Q752662","area":224244,"src":"cliopatria","confidence":"medium"}},{"type":"Feature","geometry":{"type":"Polygon","coordinates":[[[10.85,35.64],[11.08,35.58],[11.08,35.39],[11.01,35.39],[11.08,35.0],[10.85,34.94],[10.85,34.81],[10.54,34.55],[10.0,34.29],[10.08,34.23],[10.01,33.91],[10.24,33.71],[10.54,33.71],[10.7,33.52],[11.08,33.59],[11.16,33.2],[11.46,33.2],[12.23,32.81],[12.61,32.88],[12.53,32.75],[12.84,32.75],[12.84,32.88],[13.07,32.94],[13.3,32.94],[13.45,32.81],[13.76,32.88],[13.76,32.75],[14.07,32.75],[14.44,32.49],[14.67,32.56],[14.75,32.43],[15.21,32.36],[15.42,31.66],[15.58,31.59],[15.65,31.4],[16.18,31.21],[17.47,31.08],[18.0,30.89],[18.59,30.37],[18.9,30.37],[18.81,29.99],[18.28,30.05],[16.7,30.69],[15.49,30.95],[15.18,30.89],[15.19,31.08],[14.58,31.53],[14.59,31.66],[13.83,32.11],[13.3,32.24],[13.07,32.17],[13.07,32.3],[12.46,32.36],[11.77,32.3],[11.77,32.43],[11.54,32.43],[11.46,32.56],[11.31,32.49],[11.16,32.69],[10.39,33.01],[10.01,33.01],[10.08,33.14],[9.63,33.14],[9.55,33.33],[9.62,33.46],[9.32,33.59],[9.08,34.04],[8.93,34.04],[8.93,34.16],[8.77,34.23],[8.08,34.23],[8.0,34.42],[7.85,34.49],[7.15,34.49],[6.92,34.61],[4.53,34.61],[4.45,34.61],[4.6,34.74],[4.67,35.07],[4.67,35.13],[4.64,36.29],[4.56,36.35],[4.64,36.35],[4.64,36.42],[4.63,36.61],[4.48,36.67],[4.39,36.93],[4.47,36.93],[4.86,36.87],[5.1,36.67],[5.56,36.67],[5.64,36.8],[6.11,36.8],[6.1,36.93],[6.33,37.06],[6.8,36.87],[7.19,36.87],[7.35,37.06],[7.66,37.0],[7.74,36.87],[8.52,36.87],[8.9,37.13],[9.06,37.06],[9.6,37.32],[9.99,37.19],[10.23,37.25],[10.23,37.06],[10.31,37.06],[10.23,36.8],[10.54,36.74],[10.85,37.0],[11.01,37.0],[11.01,36.8],[10.46,36.42],[10.54,36.35],[10.46,35.9],[10.85,35.71],[10.85,35.64]]]},"properties":{"id":"territory:Hafsid Dynasty:1294","name":"Hafsid Dynasty","name_en":"Hafsid Dynasty","actor":"기타중립","valid_from":1294,"valid_to":1344,"wikidata":"Q752662","area":224190,"src":"cliopatria","confidence":"medium"}},{"type":"Feature","geometry":{"type":"Polygon","coordinates":[[[10.85,35.64],[11.08,35.58],[11.08,35.39],[11.01,35.39],[11.08,35.0],[10.85,34.94],[10.85,34.81],[10.54,34.55],[10.0,34.29],[10.08,34.23],[10.01,33.91],[10.24,33.71],[10.54,33.71],[10.7,33.52],[11.08,33.59],[11.16,33.2],[11.46,33.2],[12.23,32.81],[12.61,32.88],[12.53,32.75],[12.84,32.75],[12.84,32.88],[13.07,32.94],[13.3,32.94],[13.45,32.81],[13.76,32.88],[13.76,32.75],[14.07,32.75],[14.44,32.49],[14.67,32.56],[14.75,32.43],[15.21,32.36],[15.42,31.66],[15.58,31.59],[15.65,31.4],[16.18,31.21],[17.47,31.08],[18.0,30.89],[18.59,30.37],[18.9,30.37],[18.81,29.99],[18.28,30.05],[16.7,30.69],[15.49,30.95],[15.18,30.89],[15.19,31.08],[14.58,31.53],[14.59,31.66],[13.83,32.11],[13.3,32.24],[13.07,32.17],[13.07,32.3],[12.46,32.36],[11.77,32.3],[11.77,32.43],[11.54,32.43],[11.46,32.56],[11.31,32.49],[11.16,32.69],[10.39,33.01],[10.01,33.01],[10.08,33.14],[9.63,33.14],[9.55,33.33],[9.62,33.46],[9.32,33.59],[9.08,34.04],[8.93,34.04],[8.93,34.16],[8.77,34.23],[8.08,34.23],[8.0,34.42],[7.85,34.49],[7.15,34.49],[6.92,34.61],[4.53,34.61],[4.45,34.61],[4.6,34.74],[4.67,35.07],[4.67,35.13],[4.64,36.29],[4.56,36.35],[4.64,36.35],[4.64,36.42],[4.63,36.61],[4.48,36.67],[4.39,36.93],[4.47,36.93],[4.86,36.87],[5.1,36.67],[5.56,36.67],[5.64,36.8],[6.11,36.8],[6.1,36.93],[6.33,37.06],[6.8,36.87],[7.19,36.87],[7.35,37.06],[7.66,37.0],[7.74,36.87],[8.52,36.87],[8.9,37.13],[9.06,37.06],[9.6,37.32],[9.99,37.19],[10.23,37.25],[10.23,37.06],[10.31,37.06],[10.23,36.8],[10.54,36.74],[10.85,37.0],[11.01,37.0],[11.01,36.8],[10.46,36.42],[10.54,36.35],[10.46,35.9],[10.85,35.71],[10.85,35.64]]]},"properties":{"id":"territory:Hafsid Dynasty:1363","name":"Hafsid Dynasty","name_en":"Hafsid Dynasty","actor":"기타중립","valid_from":1363,"valid_to":1453,"wikidata":"Q752662","area":224190,"src":"cliopatria","confidence":"medium"}},{"type":"Feature","geometry":{"type":"Point","coordinates":[9.628,34.633]},"properties":{"id":"territory:Hafsid Dynasty:1294:label","name":"Hafsid Dynasty","name_en":"Hafsid Dynasty","actor":"기타중립","valid_from":1294,"valid_to":1344,"wikidata":"Q752662","area":224190,"src":"cliopatria","confidence":"medium"}},{"type":"Feature","geometry":{"type":"Point","coordinates":[9.628,34.633]},"properties":{"id":"territory:Hafsid Dynasty:1363:label","name":"Hafsid Dynasty","name_en":"Hafsid Dynasty","actor":"기타중립","valid_from":1363,"valid_to":1453,"wikidata":"Q752662","area":224190,"src":"cliopatria","confidence":"medium"}},{"type":"Feature","geometry":{"type":"MultiPolygon","coordinates":[[[[5.19,44.45],[5.03,44.52],[4.95,44.39],[4.63,44.39],[4.8,44.19],[4.8,44.12],[4.8,44.06],[4.8,43.99],[4.72,43.99],[4.73,43.93],[4.73,43.86],[4.73,43.8],[4.41,43.73],[4.34,43.47],[4.26,43.47],[4.17,43.6],[3.85,43.6],[3.62,43.41],[3.14,43.28],[2.99,43.08],[2.99,43.02],[2.75,43.02],[2.52,42.82],[1.81,42.56],[1.73,42.56],[1.73,42.63],[1.87,42.89],[1.3,43.02],[1.28,43.54],[0.95,43.67],[0.92,44.12],[0.28,43.99],[0.04,44.06],[-0.07,44.52],[1.07,44.45],[1.38,44.65],[1.45,44.84],[2.1,44.78],[2.1,44.71],[2.19,44.71],[2.19,44.65],[2.19,44.58],[1.95,44.52],[2.05,44.19],[2.46,44.12],[2.46,43.99],[2.79,43.93],[2.88,43.73],[3.28,43.8],[3.43,44.06],[3.26,44.12],[3.17,44.45],[2.59,44.71],[2.58,44.84],[2.75,44.84],[2.92,44.65],[3.08,44.65],[3.23,44.91],[3.47,44.91],[3.56,44.78],[3.97,44.78],[3.96,44.91],[4.12,44.91],[4.36,45.17],[4.52,45.04],[4.85,45.1],[4.84,45.3],[4.59,45.37],[4.58,45.69],[5.07,45.69],[5.48,45.69],[5.65,45.43],[5.81,45.43],[5.89,45.56],[6.22,45.5],[6.31,45.1],[6.32,44.84],[5.6,44.52],[5.69,44.19],[5.28,44.25],[5.19,44.45]]],[[[7.7,44.84],[7.86,44.78],[7.94,44.78],[7.94,44.58],[7.78,44.45],[7.7,44.84]]],[[[5.15,45.82],[5.07,45.82],[5.06,45.89],[4.98,45.89],[4.98,45.96],[4.9,45.96],[4.97,46.28],[5.3,46.28],[5.15,45.82]]],[[[5.87,46.28],[5.87,46.35],[5.95,46.35],[5.95,46.28],[5.87,46.28]]],[[[4.08,45.96],[4.07,46.15],[3.73,46.55],[3.8,46.68],[4.05,46.68],[4.4,46.09],[4.33,45.96],[4.08,45.96]]],[[[4.49,49.91],[4.33,49.85],[4.25,49.65],[4.17,49.65],[4.18,49.52],[4.67,49.58],[4.86,49.18],[5.03,49.12],[4.87,48.99],[4.88,48.52],[5.22,48.46],[5.47,48.26],[5.48,48.06],[5.65,48.06],[5.82,47.86],[5.82,47.73],[5.5,47.6],[5.25,47.6],[5.08,47.73],[5.08,47.8],[4.82,47.99],[4.57,47.99],[4.58,47.86],[4.34,47.66],[4.17,47.66],[3.91,47.93],[3.75,47.8],[3.25,47.99],[2.76,47.8],[2.43,47.86],[2.37,47.47],[2.7,47.33],[2.9,46.81],[2.4,46.81],[2.35,46.35],[1.52,46.55],[0.94,46.55],[0.95,46.35],[1.21,46.22],[1.21,46.09],[0.97,46.02],[0.9,45.82],[0.91,45.69],[0.68,45.43],[0.22,44.97],[-0.18,44.91],[-0.19,45.1],[-0.28,45.24],[-0.44,45.24],[-0.45,45.37],[-1.04,45.56],[-1.04,45.63],[-1.21,45.76],[-1.14,45.89],[-1.22,45.89],[-1.25,46.28],[-1.67,46.35],[-2.19,46.81],[-2.21,47.01],[-2.13,47.01],[-1.39,47.01],[-1.05,46.87],[0.34,46.94],[0.58,47.01],[0.49,47.2],[0.72,47.47],[1.13,47.47],[1.21,47.47],[1.3,47.47],[1.4,47.07],[1.89,47.14],[1.68,47.99],[1.19,47.93],[0.92,48.13],[0.44,47.99],[0.34,48.26],[-0.0,48.32],[-0.09,48.46],[-0.58,48.32],[-1.0,48.39],[-1.08,48.39],[-1.09,48.46],[-1.17,48.46],[-1.25,48.46],[-1.5,48.39],[-1.52,48.65],[-1.6,48.65],[-1.61,48.72],[-1.72,49.05],[-1.64,49.05],[-1.65,49.25],[-1.91,49.38],[-2.03,49.78],[-1.36,49.78],[-1.25,49.45],[0.01,49.38],[-0.01,49.65],[0.22,49.85],[1.22,50.05],[1.45,50.25],[1.43,50.58],[1.52,50.58],[1.6,50.58],[1.78,50.38],[2.55,50.11],[3.73,50.11],[3.81,50.11],[3.82,50.05],[3.9,50.05],[3.98,50.05],[3.99,49.98],[4.07,49.98],[4.49,49.98],[4.49,49.91]]]]},"properties":{"id":"territory:Kingdom of France:1385","name":"프랑스 왕국","name_en":"Kingdom of France","actor":"기타중립","valid_from":1385,"valid_to":1395,"wikidata":"Q207162","area":223568,"src":"cliopatria","confidence":"medium"}},{"type":"Feature","geometry":{"type":"Point","coordinates":[1.524,48.158]},"properties":{"id":"territory:Kingdom of France:1385:label","name":"프랑스 왕국","name_en":"Kingdom of France","actor":"기타중립","valid_from":1385,"valid_to":1395,"wikidata":"Q207162","area":223568,"src":"cliopatria","confidence":"medium"}},{"type":"Feature","geometry":{"type":"MultiPolygon","coordinates":[[[[5.19,44.45],[5.03,44.52],[4.95,44.39],[4.63,44.39],[4.8,44.19],[4.8,44.12],[4.8,44.06],[4.8,43.99],[4.72,43.99],[4.73,43.93],[4.73,43.86],[4.73,43.8],[4.41,43.73],[4.34,43.47],[4.26,43.47],[4.17,43.6],[3.85,43.6],[3.62,43.41],[3.14,43.28],[2.99,43.08],[2.99,43.02],[2.75,43.02],[2.52,42.82],[1.81,42.56],[1.73,42.56],[1.73,42.63],[1.87,42.89],[1.3,43.02],[1.28,43.54],[0.95,43.67],[0.92,44.12],[0.28,43.99],[0.04,44.06],[-0.07,44.52],[1.07,44.45],[1.38,44.65],[1.45,44.84],[2.1,44.78],[2.1,44.71],[2.19,44.71],[2.19,44.65],[2.19,44.58],[1.95,44.52],[2.05,44.19],[2.46,44.12],[2.46,43.99],[2.79,43.93],[2.88,43.73],[3.28,43.8],[3.43,44.06],[3.26,44.12],[3.17,44.45],[2.59,44.71],[2.58,44.84],[2.75,44.84],[2.92,44.65],[3.08,44.65],[3.23,44.91],[3.47,44.91],[3.56,44.78],[3.97,44.78],[3.96,44.91],[4.12,44.91],[4.36,45.17],[4.52,45.04],[4.85,45.1],[4.84,45.3],[4.59,45.37],[4.58,45.69],[5.07,45.69],[5.48,45.69],[5.65,45.43],[5.81,45.43],[5.89,45.56],[6.22,45.5],[6.31,45.1],[6.32,44.84],[5.6,44.52],[5.69,44.19],[5.28,44.25],[5.19,44.45]]],[[[7.7,44.71],[7.7,44.78],[7.7,44.84],[7.94,44.78],[7.86,44.45],[7.7,44.52],[7.7,44.58],[7.7,44.65],[7.7,44.71]]],[[[5.3,46.28],[5.15,45.82],[5.07,45.82],[5.06,45.89],[4.98,45.89],[4.98,45.96],[4.9,45.96],[4.97,46.28],[5.3,46.28]]],[[[5.87,46.35],[5.95,46.35],[5.95,46.28],[5.87,46.28],[5.87,46.35]]],[[[4.49,49.91],[4.33,49.85],[4.25,49.65],[4.17,49.65],[4.18,49.52],[4.67,49.58],[4.86,49.18],[5.03,49.12],[4.87,48.99],[4.88,48.52],[5.22,48.46],[5.47,48.26],[5.48,48.06],[5.65,48.06],[5.82,47.86],[5.82,47.73],[5.5,47.6],[5.25,47.6],[5.08,47.73],[5.08,47.8],[4.82,47.99],[4.57,47.99],[4.58,47.86],[4.34,47.66],[4.17,47.66],[3.91,47.93],[3.75,47.8],[3.25,47.99],[2.76,47.8],[2.43,47.86],[2.37,47.47],[2.7,47.33],[2.9,46.81],[2.4,46.81],[2.35,46.35],[1.52,46.55],[0.94,46.55],[0.95,46.35],[1.21,46.22],[1.21,46.09],[0.97,46.02],[0.9,45.82],[0.91,45.69],[0.68,45.43],[0.22,44.97],[-0.18,44.91],[-0.19,45.1],[-0.28,45.24],[-0.44,45.24],[-0.45,45.37],[-1.04,45.56],[-1.04,45.63],[-1.21,45.76],[-1.14,45.89],[-1.22,45.89],[-1.25,46.28],[-1.67,46.35],[-2.19,46.81],[-2.21,47.01],[-2.13,47.01],[-1.39,47.01],[-1.05,46.87],[0.34,46.94],[0.58,47.01],[0.49,47.2],[0.72,47.47],[1.13,47.47],[1.21,47.47],[1.3,47.47],[1.4,47.07],[1.89,47.14],[1.68,47.99],[1.19,47.93],[0.92,48.13],[0.44,47.99],[0.34,48.26],[-0.0,48.32],[-0.09,48.46],[-0.58,48.32],[-1.0,48.39],[-1.08,48.39],[-1.09,48.46],[-1.17,48.46],[-1.25,48.46],[-1.5,48.39],[-1.52,48.65],[-1.6,48.65],[-1.61,48.72],[-1.72,49.05],[-1.64,49.05],[-1.65,49.25],[-1.91,49.38],[-2.03,49.78],[-1.36,49.78],[-1.25,49.45],[0.01,49.38],[-0.01,49.65],[0.22,49.85],[1.22,50.05],[1.45,50.25],[1.43,50.58],[1.52,50.58],[1.6,50.58],[1.78,50.38],[2.55,50.11],[3.73,50.11],[3.81,50.11],[3.82,50.05],[3.9,50.05],[3.98,50.05],[3.99,49.98],[4.07,49.98],[4.49,49.98],[4.49,49.91]]]]},"properties":{"id":"territory:Kingdom of France:1395","name":"프랑스 왕국","name_en":"Kingdom of France","actor":"기타중립","valid_from":1395,"valid_to":1402,"wikidata":"Q207162","area":221639,"src":"cliopatria","confidence":"medium"}},{"type":"Feature","geometry":{"type":"Point","coordinates":[1.524,48.158]},"properties":{"id":"territory:Kingdom of France:1395:label","name":"프랑스 왕국","name_en":"Kingdom of France","actor":"기타중립","valid_from":1395,"valid_to":1402,"wikidata":"Q207162","area":221639,"src":"cliopatria","confidence":"medium"}},{"type":"Feature","geometry":{"type":"MultiPolygon","coordinates":[[[[0.01,43.15],[0.09,43.15],[0.09,43.21],[0.08,43.34],[0.4,43.34],[0.48,43.47],[0.64,43.47],[0.97,43.34],[0.81,43.21],[0.98,43.02],[0.99,42.82],[0.04,42.69],[-0.29,42.82],[-0.29,42.89],[-0.3,42.95],[0.01,43.15]]],[[[-1.85,43.41],[-1.77,43.41],[-1.77,43.34],[-1.85,43.34],[-1.85,43.41]]],[[[-0.65,43.54],[-1.04,43.34],[-1.69,43.34],[-1.69,43.41],[-1.46,43.54],[-1.4,43.86],[-1.32,43.86],[-1.35,44.25],[-1.27,44.25],[-1.29,44.52],[-1.21,44.52],[-1.25,45.17],[-1.17,45.17],[-1.19,45.43],[-1.03,45.5],[-1.04,45.56],[-0.45,45.37],[-0.44,45.24],[-0.28,45.24],[-0.19,45.1],[-0.18,44.91],[-0.07,44.52],[0.04,44.06],[0.04,43.99],[-0.04,43.99],[-0.12,43.99],[-0.2,43.99],[-0.28,43.99],[-0.33,43.47],[-0.65,43.54]]],[[[-4.69,47.99],[-4.71,48.13],[-4.55,48.19],[-4.64,48.32],[-4.89,48.32],[-4.91,48.52],[-4.6,48.72],[-4.18,48.72],[-4.1,48.72],[-3.97,48.26],[-3.28,47.93],[-3.34,47.73],[-3.43,47.73],[-3.76,47.73],[-4.02,47.86],[-4.1,47.86],[-4.42,47.8],[-4.69,47.99]]],[[[-6.28,52.38],[-6.43,52.18],[-7.61,52.12],[-7.68,51.98],[-8.41,51.71],[-8.86,51.92],[-8.92,52.32],[-9.26,52.32],[-9.32,52.18],[-9.57,52.12],[-10.51,52.12],[-10.53,52.25],[-9.94,52.32],[-9.97,52.52],[-9.15,52.72],[-8.37,52.65],[-8.18,53.12],[-8.01,53.12],[-7.81,52.92],[-7.57,53.06],[-7.59,53.19],[-7.15,53.12],[-7.07,53.19],[-7.12,53.53],[-6.87,53.6],[-6.92,53.94],[-6.33,54.07],[-6.29,53.73],[-6.09,53.53],[-6.24,53.39],[-6.14,53.26],[-6.64,53.19],[-6.79,52.99],[-7.12,52.92],[-7.09,52.65],[-7.0,52.65],[-6.56,52.59],[-6.28,52.38]]],[[[0.02,53.6],[0.3,53.39],[0.32,53.12],[0.08,52.92],[0.34,52.86],[0.49,53.06],[1.09,53.06],[1.53,52.92],[1.72,52.72],[1.74,52.38],[1.65,52.38],[1.59,52.12],[1.43,51.98],[1.17,51.98],[1.18,51.78],[0.84,51.78],[0.86,51.51],[0.52,51.51],[1.38,51.38],[1.31,51.11],[0.49,50.78],[-1.37,50.85],[-1.11,50.78],[-1.18,50.58],[-1.51,50.58],[-1.52,50.71],[-2.03,50.71],[-2.1,50.58],[-3.13,50.71],[-3.46,50.65],[-3.58,50.25],[-4.09,50.25],[-4.19,50.38],[-4.35,50.38],[-4.93,50.25],[-5.15,49.98],[-5.75,50.05],[-5.77,50.25],[-5.28,50.38],[-5.13,50.58],[-4.88,50.58],[-4.82,50.78],[-4.66,50.85],[-4.68,51.05],[-4.43,51.05],[-4.2,51.31],[-3.09,51.25],[-3.11,51.38],[-2.95,51.45],[-3.12,51.51],[-3.28,51.38],[-3.7,51.38],[-3.89,51.58],[-4.31,51.51],[-4.42,51.71],[-4.91,51.58],[-5.26,51.71],[-5.22,52.05],[-4.55,52.18],[-4.16,52.45],[-4.3,52.92],[-4.79,52.79],[-4.81,52.92],[-4.49,53.12],[-4.67,53.19],[-4.7,53.46],[-4.27,53.46],[-4.16,53.26],[-3.15,53.46],[-3.1,53.73],[-3.2,53.87],[-2.97,54.14],[-3.3,54.07],[-3.32,54.21],[-3.59,54.27],[-3.62,54.55],[-3.7,54.55],[-3.65,54.82],[-3.39,54.89],[-3.4,54.95],[-3.14,54.95],[-2.81,55.09],[-2.73,55.23],[-2.56,55.23],[-2.24,55.5],[-2.27,55.77],[-2.11,55.91],[-2.02,55.91],[-1.63,55.57],[-1.49,54.95],[-1.4,54.95],[-1.29,54.68],[-0.67,54.61],[-0.39,54.41],[-0.38,54.27],[-0.29,54.27],[-0.18,53.94],[0.0,53.8],[0.02,53.6]]]]},"properties":{"id":"territory:Kingdom of England:1344","name":"Kingdom of England","name_en":"Kingdom of England","actor":"기타중립","valid_from":1344,"valid_to":1352,"wikidata":"Q179876","area":220123,"src":"cliopatria","confidence":"medium"}},{"type":"Feature","geometry":{"type":"Point","coordinates":[-1.867,52.554]},"properties":{"id":"territory:Kingdom of England:1344:label","name":"Kingdom of England","name_en":"Kingdom of England","actor":"기타중립","valid_from":1344,"valid_to":1352,"wikidata":"Q179876","area":220123,"src":"cliopatria","confidence":"medium"}},{"type":"Feature","geometry":{"type":"MultiPolygon","coordinates":[[[[0.09,43.15],[0.09,43.21],[0.08,43.34],[0.4,43.34],[0.48,43.47],[0.64,43.47],[0.97,43.34],[0.81,43.21],[0.98,43.02],[0.99,42.82],[0.04,42.69],[-0.29,42.82],[-0.29,42.89],[-0.3,42.95],[0.01,43.15],[0.09,43.15]]],[[[-1.85,43.41],[-1.77,43.41],[-1.77,43.34],[-1.85,43.34],[-1.85,43.41]]],[[[1.2,44.97],[1.45,44.84],[1.38,44.65],[1.06,44.52],[1.07,44.39],[0.83,44.25],[0.76,44.06],[-0.28,43.99],[-0.33,43.47],[-0.65,43.54],[-1.04,43.34],[-1.69,43.34],[-1.69,43.41],[-1.46,43.54],[-1.4,43.86],[-1.32,43.86],[-1.35,44.25],[-1.27,44.25],[-1.29,44.52],[-1.21,44.52],[-1.25,45.17],[-1.17,45.17],[-1.19,45.43],[-1.03,45.5],[-1.04,45.56],[-0.45,45.37],[-0.44,45.24],[-0.28,45.24],[-0.1,44.91],[0.22,44.97],[0.68,45.43],[1.1,45.24],[1.2,44.97]]],[[[-4.69,47.99],[-4.71,48.13],[-4.55,48.19],[-4.64,48.32],[-4.89,48.32],[-4.91,48.52],[-4.6,48.72],[-4.18,48.72],[-4.1,48.72],[-3.97,48.26],[-3.28,47.93],[-3.34,47.73],[-3.43,47.73],[-3.76,47.73],[-4.02,47.86],[-4.1,47.86],[-4.42,47.8],[-4.69,47.99]]],[[[2.09,50.85],[1.76,50.78],[1.58,50.98],[1.74,51.05],[1.83,51.05],[2.07,51.11],[2.09,50.85]]],[[[0.02,53.6],[0.3,53.39],[0.32,53.12],[0.08,52.92],[0.34,52.86],[0.49,53.06],[1.09,53.06],[1.53,52.92],[1.72,52.72],[1.74,52.38],[1.65,52.38],[1.59,52.12],[1.43,51.98],[1.17,51.98],[1.18,51.78],[0.84,51.78],[0.86,51.51],[0.52,51.51],[1.38,51.38],[1.31,51.11],[0.49,50.78],[-1.37,50.85],[-1.11,50.78],[-1.18,50.58],[-1.51,50.58],[-1.52,50.71],[-2.03,50.71],[-2.1,50.58],[-3.13,50.71],[-3.46,50.65],[-3.58,50.25],[-4.09,50.25],[-4.19,50.38],[-4.35,50.38],[-4.93,50.25],[-5.15,49.98],[-5.75,50.05],[-5.77,50.25],[-5.28,50.38],[-5.13,50.58],[-4.88,50.58],[-4.82,50.78],[-4.66,50.85],[-4.68,51.05],[-4.43,51.05],[-4.2,51.31],[-3.09,51.25],[-3.11,51.38],[-2.95,51.45],[-3.12,51.51],[-3.28,51.38],[-3.7,51.38],[-3.89,51.58],[-4.31,51.51],[-4.42,51.71],[-4.91,51.58],[-5.26,51.71],[-5.22,52.05],[-4.55,52.18],[-4.16,52.45],[-4.3,52.92],[-4.79,52.79],[-4.81,52.92],[-4.49,53.12],[-4.67,53.19],[-4.7,53.46],[-4.27,53.46],[-4.16,53.26],[-3.15,53.46],[-3.1,53.73],[-3.2,53.87],[-2.97,54.14],[-3.3,54.07],[-3.32,54.21],[-3.59,54.27],[-3.62,54.55],[-3.7,54.55],[-3.65,54.82],[-3.39,54.89],[-3.4,54.95],[-3.14,54.95],[-2.81,55.09],[-2.73,55.23],[-2.56,55.23],[-2.24,55.5],[-2.27,55.77],[-2.11,55.91],[-2.02,55.91],[-1.63,55.57],[-1.49,54.95],[-1.4,54.95],[-1.29,54.68],[-0.67,54.61],[-0.39,54.41],[-0.38,54.27],[-0.29,54.27],[-0.18,53.94],[0.0,53.8],[0.02,53.6]]],[[[-6.94,52.18],[-6.87,52.32],[-6.96,52.32],[-7.3,52.32],[-7.4,52.45],[-7.75,52.52],[-8.26,52.52],[-8.37,52.65],[-8.38,52.72],[-8.23,52.86],[-8.18,53.12],[-8.01,53.12],[-7.89,52.92],[-7.57,53.06],[-7.59,53.19],[-7.15,53.12],[-7.07,53.19],[-7.12,53.53],[-6.87,53.6],[-6.92,53.94],[-6.33,54.07],[-6.29,53.73],[-6.09,53.53],[-6.24,53.39],[-6.14,53.26],[-6.64,53.19],[-6.79,52.99],[-7.12,52.92],[-7.09,52.65],[-7.0,52.65],[-6.29,52.45],[-6.43,52.18],[-6.94,52.18]]]]},"properties":{"id":"territory:Kingdom of England:1375","name":"Kingdom of England","name_en":"Kingdom of England","actor":"기타중립","valid_from":1375,"valid_to":1385,"wikidata":"Q179876","area":220043,"src":"cliopatria","confidence":"medium"}},{"type":"Feature","geometry":{"type":"Point","coordinates":[-1.867,52.554]},"properties":{"id":"territory:Kingdom of England:1375:label","name":"Kingdom of England","name_en":"Kingdom of England","actor":"기타중립","valid_from":1375,"valid_to":1385,"wikidata":"Q179876","area":220043,"src":"cliopatria","confidence":"medium"}},{"type":"Feature","geometry":{"type":"MultiPolygon","coordinates":[[[[44.31,37.9],[44.59,37.71],[44.87,37.0],[44.21,36.74],[43.78,37.0],[42.85,37.0],[41.46,36.48],[41.31,36.55],[41.21,36.42],[41.06,36.42],[40.51,35.13],[40.36,35.13],[40.37,35.26],[39.74,35.77],[38.13,35.97],[38.09,36.29],[38.26,36.35],[38.38,36.74],[38.16,36.87],[38.18,37.0],[37.96,37.13],[38.08,37.51],[38.72,37.64],[39.5,38.22],[39.31,38.55],[38.85,38.61],[38.87,38.8],[40.09,39.06],[40.76,39.32],[41.67,39.13],[42.39,39.19],[42.42,39.38],[43.69,39.45],[43.49,39.19],[43.52,38.87],[43.59,38.87],[43.57,38.74],[43.95,38.61],[44.2,38.22],[44.28,38.22],[44.31,37.9]]],[[[30.27,37.45],[30.05,37.58],[28.71,37.45],[28.68,37.96],[28.38,38.09],[28.64,38.48],[28.5,38.67],[28.52,38.93],[28.62,39.13],[28.78,39.13],[28.9,39.58],[29.3,39.71],[30.95,39.64],[31.18,39.58],[31.15,39.32],[31.08,39.32],[31.04,38.93],[31.03,38.87],[31.02,38.8],[30.95,38.8],[30.94,38.74],[30.93,38.67],[31.56,38.61],[31.85,38.42],[31.84,38.29],[31.52,38.22],[31.0,37.71],[30.92,37.71],[30.84,37.71],[30.84,37.64],[30.76,37.64],[30.75,37.58],[30.27,37.45]]],[[[32.68,40.29],[32.76,40.29],[32.76,40.36],[33.17,40.42],[33.77,40.16],[33.57,39.77],[32.78,39.77],[32.74,40.16],[32.75,40.23],[32.67,40.23],[32.68,40.29]]],[[[48.2,41.59],[48.12,41.59],[48.17,41.85],[48.09,41.85],[48.2,41.98],[48.28,41.98],[48.27,41.91],[48.34,41.91],[48.48,41.78],[48.28,41.59],[48.2,41.59]]]]},"properties":{"id":"territory:Germiyanids:1363","name":"Germiyanids","name_en":"Germiyanids","actor":"기타중립","valid_from":1363,"valid_to":1375,"wikidata":"Q1324889","area":217789,"src":"cliopatria","confidence":"medium"}},{"type":"Feature","geometry":{"type":"Point","coordinates":[41.2,37.582]},"properties":{"id":"territory:Germiyanids:1363:label","name":"Germiyanids","name_en":"Germiyanids","actor":"기타중립","valid_from":1363,"valid_to":1375,"wikidata":"Q1324889","area":217789,"src":"cliopatria","confidence":"medium"}},{"type":"Feature","geometry":{"type":"Polygon","coordinates":[[[46.04,60.63],[46.24,61.19],[46.35,61.26],[46.26,61.26],[46.39,61.62],[46.25,61.76],[44.73,61.9],[44.63,61.9],[44.28,61.69],[43.43,61.62],[43.01,60.91],[42.2,60.07],[41.64,59.71],[41.6,59.57],[40.79,59.29],[40.61,59.29],[40.28,59.71],[39.86,59.85],[39.74,60.07],[39.32,60.21],[39.29,60.42],[38.87,60.56],[38.55,59.71],[38.13,59.5],[38.04,59.5],[38.06,59.57],[37.69,59.57],[37.66,59.78],[37.49,59.85],[37.53,60.0],[37.37,60.07],[37.35,60.35],[37.26,60.35],[37.29,60.84],[36.74,60.84],[35.85,60.56],[35.73,60.07],[35.82,60.07],[35.77,59.85],[35.91,59.71],[35.96,59.16],[36.45,58.95],[36.42,58.46],[36.51,58.46],[36.46,58.25],[36.55,58.25],[36.5,58.04],[36.59,58.04],[36.55,57.49],[37.21,57.63],[37.26,57.83],[37.85,57.7],[37.8,57.14],[37.28,57.21],[37.07,57.08],[36.81,57.08],[36.67,56.87],[36.3,56.8],[36.21,56.8],[35.84,56.73],[35.83,56.66],[36.08,56.59],[36.04,56.46],[36.28,56.32],[36.25,56.18],[36.39,56.05],[37.11,56.11],[37.32,56.25],[37.85,56.25],[38.17,56.11],[38.31,55.98],[38.28,55.84],[38.44,55.77],[38.4,55.63],[37.84,55.5],[37.81,55.36],[37.18,55.29],[37.1,55.29],[37.08,55.23],[36.99,55.23],[36.91,55.23],[36.82,55.23],[36.86,55.02],[37.19,54.95],[37.31,55.09],[38.13,55.23],[38.94,55.7],[39.3,55.7],[39.33,55.84],[39.94,55.84],[40.15,55.98],[40.33,56.32],[41.98,56.52],[42.1,56.66],[42.03,56.73],[42.34,56.87],[42.42,57.14],[42.81,57.28],[42.83,57.35],[43.03,57.42],[43.0,57.63],[43.2,57.7],[43.19,57.97],[43.28,57.97],[43.54,58.53],[43.96,59.02],[44.93,59.5],[45.2,59.5],[45.16,59.64],[45.68,59.85],[46.02,60.56],[46.04,60.63]]]},"properties":{"id":"territory:Principality of Vladimir-Suzdal:1294","name":"Principality of Vladimir-Suzdal","name_en":"Principality of Vladimir-Suzdal","actor":"기타중립","valid_from":1294,"valid_to":1305,"wikidata":"Q83546","area":215167,"src":"cliopatria","confidence":"medium"}},{"type":"Feature","geometry":{"type":"Point","coordinates":[40.586,58.688]},"properties":{"id":"territory:Principality of Vladimir-Suzdal:1294:label","name":"Principality of Vladimir-Suzdal","name_en":"Principality of Vladimir-Suzdal","actor":"기타중립","valid_from":1294,"valid_to":1305,"wikidata":"Q83546","area":215167,"src":"cliopatria","confidence":"medium"}},{"type":"Feature","geometry":{"type":"MultiPolygon","coordinates":[[[[0.01,43.15],[0.09,43.15],[0.09,43.21],[0.08,43.34],[0.4,43.34],[0.48,43.47],[0.64,43.47],[0.97,43.34],[0.81,43.21],[0.98,43.02],[0.99,42.82],[0.04,42.69],[-0.29,42.82],[-0.29,42.89],[-0.3,42.95],[0.01,43.15]]],[[[-1.85,43.41],[-1.77,43.41],[-1.77,43.34],[-1.85,43.34],[-1.85,43.41]]],[[[-0.65,43.54],[-1.04,43.34],[-1.69,43.34],[-1.69,43.41],[-1.46,43.54],[-1.4,43.86],[-1.32,43.86],[-1.35,44.25],[-1.27,44.25],[-1.29,44.52],[-1.21,44.52],[-1.25,45.17],[-1.17,45.17],[-1.19,45.43],[-1.03,45.5],[-1.04,45.56],[-0.45,45.37],[-0.44,45.24],[-0.28,45.24],[-0.19,45.1],[-0.18,44.91],[-0.07,44.52],[0.04,44.06],[0.04,43.99],[-0.04,43.99],[-0.12,43.99],[-0.2,43.99],[-0.28,43.99],[-0.33,43.47],[-0.65,43.54]]],[[[-6.28,52.38],[-6.43,52.18],[-7.61,52.12],[-7.68,51.98],[-8.41,51.71],[-8.86,51.92],[-8.92,52.32],[-9.26,52.32],[-9.32,52.18],[-9.57,52.12],[-10.51,52.12],[-10.53,52.25],[-9.94,52.32],[-9.97,52.52],[-9.15,52.72],[-8.37,52.65],[-8.18,53.12],[-7.65,52.99],[-7.59,53.19],[-7.15,53.12],[-7.07,53.19],[-7.12,53.53],[-6.87,53.6],[-6.92,53.94],[-6.33,54.07],[-6.29,53.73],[-6.09,53.53],[-6.24,53.39],[-6.14,53.26],[-6.64,53.19],[-6.79,52.99],[-7.12,52.92],[-7.09,52.65],[-7.0,52.65],[-6.56,52.59],[-6.28,52.38]]],[[[0.02,53.6],[0.3,53.39],[0.32,53.12],[0.08,52.92],[0.34,52.86],[0.49,53.06],[1.09,53.06],[1.53,52.92],[1.72,52.72],[1.74,52.38],[1.65,52.38],[1.59,52.12],[1.43,51.98],[1.17,51.98],[1.18,51.78],[0.84,51.78],[0.86,51.51],[0.52,51.51],[1.38,51.38],[1.31,51.11],[0.49,50.78],[-1.37,50.85],[-1.11,50.78],[-1.18,50.58],[-1.51,50.58],[-1.52,50.71],[-2.03,50.71],[-2.1,50.58],[-3.13,50.71],[-3.46,50.65],[-3.58,50.25],[-4.09,50.25],[-4.19,50.38],[-4.35,50.38],[-4.93,50.25],[-5.15,49.98],[-5.75,50.05],[-5.77,50.25],[-5.28,50.38],[-5.13,50.58],[-4.88,50.58],[-4.82,50.78],[-4.66,50.85],[-4.68,51.05],[-4.43,51.05],[-4.2,51.31],[-3.09,51.25],[-3.11,51.38],[-2.95,51.45],[-3.12,51.51],[-3.28,51.38],[-3.7,51.38],[-3.89,51.58],[-4.31,51.51],[-4.42,51.71],[-4.91,51.58],[-5.26,51.71],[-5.22,52.05],[-4.55,52.18],[-4.16,52.45],[-4.3,52.92],[-4.79,52.79],[-4.81,52.92],[-4.49,53.12],[-4.67,53.19],[-4.7,53.46],[-4.27,53.46],[-4.16,53.26],[-3.15,53.46],[-3.1,53.73],[-3.2,53.87],[-2.97,54.14],[-3.3,54.07],[-3.32,54.21],[-3.59,54.27],[-3.62,54.55],[-3.7,54.55],[-3.65,54.82],[-3.39,54.89],[-3.4,54.95],[-3.14,54.95],[-2.81,55.09],[-2.73,55.23],[-2.56,55.23],[-2.24,55.5],[-2.27,55.77],[-2.11,55.91],[-2.02,55.91],[-1.63,55.57],[-1.49,54.95],[-1.4,54.95],[-1.29,54.68],[-0.67,54.61],[-0.39,54.41],[-0.38,54.27],[-0.29,54.27],[-0.18,53.94],[0.0,53.8],[0.02,53.6]]],[[[-4.36,54.21],[-4.86,54.07],[-4.8,54.27],[-4.81,54.34],[-4.38,54.41],[-4.36,54.21]]]]},"properties":{"id":"territory:Kingdom of England:1326","name":"Kingdom of England","name_en":"Kingdom of England","actor":"기타중립","valid_from":1326,"valid_to":1333,"wikidata":"Q179876","area":213880,"src":"cliopatria","confidence":"medium"}},{"type":"Feature","geometry":{"type":"Point","coordinates":[-1.867,52.554]},"properties":{"id":"territory:Kingdom of England:1326:label","name":"Kingdom of England","name_en":"Kingdom of England","actor":"기타중립","valid_from":1326,"valid_to":1333,"wikidata":"Q179876","area":213880,"src":"cliopatria","confidence":"medium"}},{"type":"Feature","geometry":{"type":"MultiPolygon","coordinates":[[[[-0.06,43.08],[-0.07,43.21],[0.64,43.47],[0.97,43.34],[0.81,43.21],[0.98,43.02],[0.99,42.82],[0.04,42.69],[-0.29,42.82],[-0.29,42.89],[-0.3,42.95],[-0.06,43.08]]],[[[-1.85,43.41],[-1.77,43.41],[-1.77,43.34],[-1.85,43.34],[-1.85,43.41]]],[[[-0.65,43.54],[-1.04,43.34],[-1.69,43.34],[-1.69,43.41],[-1.46,43.54],[-1.4,43.86],[-1.32,43.86],[-1.35,44.25],[-1.27,44.25],[-1.29,44.52],[-1.21,44.52],[-1.25,45.17],[-1.17,45.17],[-1.19,45.43],[-1.03,45.5],[-1.04,45.56],[-0.45,45.37],[-0.44,45.24],[-0.28,45.24],[-0.19,45.1],[-0.18,44.91],[-0.07,44.52],[0.04,44.06],[0.04,43.99],[-0.04,43.99],[-0.12,43.99],[-0.2,43.99],[-0.28,43.99],[-0.33,43.47],[-0.65,43.54]]],[[[-6.56,52.59],[-6.28,52.38],[-6.43,52.18],[-7.61,52.12],[-7.68,51.98],[-8.41,51.71],[-8.86,51.92],[-8.92,52.32],[-9.26,52.32],[-9.32,52.18],[-9.57,52.12],[-10.51,52.12],[-10.53,52.25],[-9.94,52.32],[-9.97,52.52],[-9.15,52.72],[-8.37,52.65],[-8.18,53.12],[-8.01,53.12],[-7.81,52.92],[-7.57,53.06],[-7.59,53.19],[-7.15,53.12],[-7.07,53.19],[-7.12,53.53],[-6.87,53.6],[-6.92,53.94],[-6.33,54.07],[-6.29,53.73],[-6.09,53.53],[-6.24,53.39],[-6.14,53.26],[-6.64,53.19],[-6.79,52.99],[-7.12,52.92],[-7.09,52.65],[-7.0,52.65],[-6.56,52.59]]],[[[0.02,53.6],[0.3,53.39],[0.32,53.12],[0.08,52.92],[0.34,52.86],[0.49,53.06],[1.09,53.06],[1.53,52.92],[1.72,52.72],[1.74,52.38],[1.65,52.38],[1.59,52.12],[1.43,51.98],[1.17,51.98],[1.18,51.78],[0.84,51.78],[0.86,51.51],[0.52,51.51],[1.38,51.38],[1.31,51.11],[0.49,50.78],[-1.37,50.85],[-1.11,50.78],[-1.18,50.58],[-1.51,50.58],[-1.52,50.71],[-2.03,50.71],[-2.1,50.58],[-3.13,50.71],[-3.46,50.65],[-3.58,50.25],[-4.09,50.25],[-4.19,50.38],[-4.35,50.38],[-4.93,50.25],[-5.15,49.98],[-5.75,50.05],[-5.77,50.25],[-5.28,50.38],[-5.13,50.58],[-4.88,50.58],[-4.82,50.78],[-4.66,50.85],[-4.68,51.05],[-4.43,51.05],[-4.2,51.31],[-3.09,51.25],[-3.11,51.38],[-2.95,51.45],[-3.12,51.51],[-3.28,51.38],[-3.7,51.38],[-3.89,51.58],[-4.31,51.51],[-4.42,51.71],[-4.91,51.58],[-5.26,51.71],[-5.22,52.05],[-4.55,52.18],[-4.16,52.45],[-4.3,52.92],[-4.79,52.79],[-4.81,52.92],[-4.49,53.12],[-4.67,53.19],[-4.7,53.46],[-4.27,53.46],[-4.16,53.26],[-3.15,53.46],[-3.1,53.73],[-3.2,53.87],[-2.97,54.14],[-3.3,54.07],[-3.32,54.21],[-3.59,54.27],[-3.62,54.55],[-3.7,54.55],[-3.65,54.82],[-3.39,54.89],[-3.4,54.95],[-3.14,54.95],[-2.81,55.09],[-2.73,55.23],[-2.56,55.23],[-2.24,55.5],[-2.27,55.77],[-2.11,55.91],[-2.02,55.91],[-1.63,55.57],[-1.49,54.95],[-1.4,54.95],[-1.29,54.68],[-0.67,54.61],[-0.39,54.41],[-0.38,54.27],[-0.29,54.27],[-0.18,53.94],[0.0,53.8],[0.02,53.6]]]]},"properties":{"id":"territory:Kingdom of England:1333","name":"Kingdom of England","name_en":"Kingdom of England","actor":"기타중립","valid_from":1333,"valid_to":1344,"wikidata":"Q179876","area":213052,"src":"cliopatria","confidence":"medium"}},{"type":"Feature","geometry":{"type":"Point","coordinates":[-1.867,52.554]},"properties":{"id":"territory:Kingdom of England:1333:label","name":"Kingdom of England","name_en":"Kingdom of England","actor":"기타중립","valid_from":1333,"valid_to":1344,"wikidata":"Q179876","area":213052,"src":"cliopatria","confidence":"medium"}},{"type":"Feature","geometry":{"type":"Polygon","coordinates":[[[33.84,22.14],[33.88,23.17],[33.81,23.17],[33.82,23.49],[33.68,23.62],[33.68,23.69],[33.39,23.81],[32.04,23.69],[31.67,23.75],[30.54,23.36],[30.53,23.3],[30.74,22.85],[30.72,22.27],[30.56,21.95],[30.64,21.95],[30.69,21.31],[30.76,21.31],[30.74,20.79],[30.82,20.79],[30.91,19.31],[30.99,19.31],[31.1,18.35],[31.1,18.29],[31.54,18.16],[33.24,18.29],[34.12,18.03],[34.48,18.03],[34.63,17.9],[35.29,17.96],[35.3,18.03],[35.16,18.22],[34.94,18.29],[34.88,18.61],[34.6,18.93],[34.47,19.38],[34.26,19.64],[33.82,21.63],[33.75,21.63],[33.84,22.01],[33.76,22.08],[33.84,22.08],[33.84,22.14]]]},"properties":{"id":"territory:Makuria:1294","name":"Makuria","name_en":"Makuria","actor":"기타중립","valid_from":1294,"valid_to":1407,"wikidata":"Q829356","area":212626,"src":"cliopatria","confidence":"medium"}},{"type":"Feature","geometry":{"type":"Point","coordinates":[32.529,20.818]},"properties":{"id":"territory:Makuria:1294:label","name":"Makuria","name_en":"Makuria","actor":"기타중립","valid_from":1294,"valid_to":1407,"wikidata":"Q829356","area":212626,"src":"cliopatria","confidence":"medium"}},{"type":"Feature","geometry":{"type":"MultiPolygon","coordinates":[[[[44.31,37.9],[44.59,37.71],[44.86,36.93],[44.21,36.74],[43.78,37.0],[42.85,37.0],[41.46,36.48],[41.31,36.55],[41.21,36.42],[41.06,36.42],[40.51,35.13],[40.36,35.13],[40.37,35.26],[39.74,35.77],[38.13,35.97],[38.09,36.29],[38.26,36.35],[38.38,36.74],[38.16,36.87],[38.18,37.0],[37.96,37.13],[38.08,37.51],[38.72,37.64],[39.5,38.22],[39.31,38.55],[38.85,38.61],[38.87,38.8],[40.09,39.06],[40.76,39.32],[41.67,39.13],[42.39,39.19],[42.42,39.38],[43.69,39.45],[43.49,39.19],[43.52,38.87],[43.59,38.87],[43.57,38.74],[43.95,38.61],[44.2,38.22],[44.28,38.22],[44.31,37.9]]],[[[30.43,37.45],[30.05,37.58],[28.71,37.45],[28.68,37.96],[28.38,38.09],[28.64,38.48],[28.5,38.67],[28.52,38.93],[28.62,39.13],[28.78,39.13],[28.8,39.45],[28.98,39.64],[30.95,39.64],[30.94,39.58],[31.18,39.58],[31.15,39.32],[31.08,39.32],[31.12,39.0],[31.04,39.0],[31.04,38.93],[31.03,38.87],[31.02,38.8],[30.95,38.8],[30.94,38.74],[30.93,38.67],[31.01,38.67],[31.4,38.67],[31.77,38.42],[31.85,38.42],[31.84,38.29],[31.52,38.22],[31.0,37.71],[30.92,37.71],[30.84,37.71],[30.84,37.64],[30.43,37.45]]],[[[48.28,41.59],[48.2,41.59],[48.12,41.59],[48.17,41.85],[48.09,41.85],[48.2,41.98],[48.28,41.98],[48.27,41.91],[48.34,41.91],[48.48,41.78],[48.28,41.59]]]]},"properties":{"id":"territory:Germiyanids:1352","name":"Germiyanids","name_en":"Germiyanids","actor":"기타중립","valid_from":1352,"valid_to":1363,"wikidata":"Q1324889","area":212440,"src":"cliopatria","confidence":"medium"}},{"type":"Feature","geometry":{"type":"Point","coordinates":[41.202,37.581]},"properties":{"id":"territory:Germiyanids:1352:label","name":"Germiyanids","name_en":"Germiyanids","actor":"기타중립","valid_from":1352,"valid_to":1363,"wikidata":"Q1324889","area":212440,"src":"cliopatria","confidence":"medium"}},{"type":"Feature","geometry":{"type":"MultiPolygon","coordinates":[[[[44.31,37.9],[44.59,37.71],[44.86,36.93],[44.21,36.74],[43.78,37.0],[42.85,37.0],[41.46,36.48],[41.31,36.55],[41.21,36.42],[41.06,36.42],[40.51,35.13],[40.36,35.13],[40.37,35.26],[39.74,35.77],[38.13,35.97],[38.09,36.29],[38.26,36.35],[38.38,36.74],[38.16,36.87],[38.18,37.0],[37.96,37.13],[38.08,37.51],[38.72,37.64],[39.5,38.22],[39.31,38.55],[38.85,38.61],[38.87,38.8],[40.09,39.06],[40.76,39.32],[41.67,39.13],[42.39,39.19],[42.42,39.38],[43.69,39.45],[43.49,39.19],[43.52,38.87],[43.59,38.87],[43.57,38.74],[43.95,38.61],[44.2,38.22],[44.28,38.22],[44.31,37.9]]],[[[30.27,37.45],[30.05,37.58],[28.71,37.45],[28.68,37.96],[28.38,38.09],[28.64,38.48],[28.5,38.67],[28.52,38.93],[28.62,39.13],[28.78,39.13],[28.8,39.45],[28.98,39.64],[30.95,39.64],[30.94,39.58],[31.02,39.58],[31.1,39.58],[31.18,39.58],[31.17,39.51],[31.04,38.93],[31.03,38.87],[31.02,38.8],[30.95,38.8],[30.94,38.74],[30.93,38.67],[31.56,38.61],[31.85,38.42],[31.84,38.29],[31.52,38.22],[31.0,37.71],[30.92,37.71],[30.84,37.71],[30.84,37.64],[30.76,37.64],[30.75,37.58],[30.27,37.45]]],[[[48.28,41.59],[48.2,41.59],[48.12,41.59],[48.17,41.85],[48.09,41.85],[48.2,41.98],[48.28,41.98],[48.27,41.91],[48.34,41.91],[48.48,41.78],[48.28,41.59]]]]},"properties":{"id":"territory:Germiyanids:1344","name":"Germiyanids","name_en":"Germiyanids","actor":"기타중립","valid_from":1344,"valid_to":1352,"wikidata":"Q1324889","area":212417,"src":"cliopatria","confidence":"medium"}},{"type":"Feature","geometry":{"type":"Point","coordinates":[41.202,37.581]},"properties":{"id":"territory:Germiyanids:1344:label","name":"Germiyanids","name_en":"Germiyanids","actor":"기타중립","valid_from":1344,"valid_to":1352,"wikidata":"Q1324889","area":212417,"src":"cliopatria","confidence":"medium"}},{"type":"Feature","geometry":{"type":"MultiPolygon","coordinates":[[[[0.01,43.15],[0.01,43.21],[0.09,43.21],[0.09,43.15],[0.01,43.15]]],[[[6.16,44.78],[6.07,44.78],[6.08,44.71],[6.0,44.71],[5.91,44.71],[5.92,44.65],[5.92,44.65],[5.6,44.52],[5.69,44.19],[5.44,44.19],[5.44,44.19],[5.44,44.25],[5.36,44.25],[5.28,44.25],[5.19,44.45],[5.03,44.52],[4.95,44.39],[4.63,44.39],[4.8,44.19],[4.8,44.12],[4.8,44.06],[4.8,43.99],[4.72,43.99],[4.73,43.93],[4.73,43.86],[4.73,43.8],[4.41,43.73],[4.34,43.47],[4.26,43.47],[4.17,43.6],[3.85,43.6],[3.62,43.41],[3.14,43.28],[2.99,43.08],[2.99,43.02],[2.75,43.02],[2.52,42.82],[1.81,42.56],[1.73,42.56],[1.73,42.63],[1.87,42.89],[1.3,43.02],[1.28,43.54],[0.95,43.67],[0.85,43.93],[1.01,44.06],[1.25,44.06],[1.42,43.93],[2.54,43.99],[2.79,43.93],[2.88,43.73],[3.28,43.8],[3.43,44.06],[3.26,44.12],[3.17,44.45],[2.59,44.71],[2.58,44.84],[2.75,44.84],[2.92,44.65],[3.08,44.65],[3.23,44.91],[3.47,44.91],[3.56,44.78],[3.97,44.78],[3.96,44.91],[4.12,44.91],[4.36,45.17],[4.52,45.04],[4.85,45.1],[4.84,45.3],[4.59,45.37],[4.58,45.69],[5.07,45.69],[5.48,45.69],[5.65,45.43],[5.81,45.43],[5.89,45.56],[6.22,45.5],[6.31,45.1],[6.31,45.04],[6.31,44.97],[6.31,44.91],[6.32,44.84],[6.24,44.84],[6.24,44.78],[6.16,44.78]]],[[[4.97,46.28],[5.3,46.28],[5.15,45.82],[5.07,45.82],[5.06,45.89],[4.98,45.89],[4.98,45.96],[4.9,45.96],[4.97,46.28]]],[[[5.87,46.35],[5.95,46.35],[5.95,46.28],[5.87,46.28],[5.87,46.35]]],[[[4.49,49.91],[4.33,49.85],[4.25,49.65],[4.17,49.65],[4.18,49.52],[4.67,49.58],[4.86,49.18],[5.03,49.12],[4.87,48.99],[4.88,48.52],[5.22,48.46],[5.47,48.26],[5.48,48.06],[5.65,48.06],[5.82,47.86],[5.82,47.8],[5.82,47.73],[5.74,47.73],[5.66,47.73],[5.66,47.66],[5.58,47.66],[5.25,47.6],[4.82,47.99],[4.57,47.99],[4.58,47.86],[4.34,47.66],[4.17,47.66],[3.91,47.93],[3.75,47.8],[3.25,47.99],[2.76,47.8],[2.43,47.86],[2.37,47.47],[2.7,47.33],[2.9,46.81],[2.4,46.81],[2.35,46.35],[1.52,46.55],[0.94,46.55],[0.95,46.35],[1.21,46.22],[1.21,46.09],[0.97,46.02],[0.9,45.82],[0.91,45.69],[0.68,45.43],[0.22,44.97],[-0.1,44.91],[-0.28,45.24],[-0.44,45.24],[-0.45,45.37],[-1.04,45.56],[-1.04,45.63],[-1.21,45.76],[-1.14,45.89],[-1.22,45.89],[-1.25,46.28],[-1.67,46.35],[-2.19,46.81],[-2.21,47.01],[-2.13,47.01],[-1.39,47.01],[-1.05,46.87],[0.34,46.94],[0.58,47.01],[0.49,47.2],[0.72,47.47],[1.13,47.47],[1.21,47.47],[1.3,47.47],[1.4,47.07],[1.89,47.14],[1.68,47.99],[1.19,47.93],[0.92,48.13],[0.44,47.99],[0.34,48.26],[-0.0,48.32],[-0.09,48.46],[-0.58,48.32],[-1.0,48.39],[-1.08,48.39],[-1.09,48.46],[-1.17,48.46],[-1.25,48.46],[-1.5,48.39],[-1.52,48.65],[-1.6,48.65],[-1.61,48.72],[-1.72,49.05],[-1.64,49.05],[-1.65,49.25],[-1.91,49.38],[-2.03,49.78],[-1.36,49.78],[-1.25,49.45],[0.01,49.38],[-0.01,49.65],[0.22,49.85],[1.22,50.05],[1.45,50.25],[1.43,50.58],[1.52,50.58],[1.6,50.58],[1.78,50.38],[2.55,50.11],[3.4,50.05],[3.48,50.05],[3.81,50.11],[3.99,49.98],[4.07,49.98],[4.49,49.98],[4.49,49.91]]]]},"properties":{"id":"territory:Kingdom of France:1375","name":"프랑스 왕국","name_en":"Kingdom of France","actor":"기타중립","valid_from":1375,"valid_to":1385,"wikidata":"Q207162","area":209332,"src":"cliopatria","confidence":"medium"}},{"type":"Feature","geometry":{"type":"Point","coordinates":[1.518,48.155]},"properties":{"id":"territory:Kingdom of France:1375:label","name":"프랑스 왕국","name_en":"Kingdom of France","actor":"기타중립","valid_from":1375,"valid_to":1385,"wikidata":"Q207162","area":209332,"src":"cliopatria","confidence":"medium"}},{"type":"Feature","geometry":{"type":"MultiPolygon","coordinates":[[[[40.11,40.29],[40.73,40.23],[41.15,40.36],[41.39,40.36],[41.43,40.1],[41.57,40.03],[41.52,39.71],[40.94,39.51],[40.76,39.32],[40.09,39.06],[38.87,38.8],[38.85,38.61],[36.83,38.74],[36.48,38.48],[36.16,38.42],[36.05,38.16],[35.72,38.03],[35.62,37.84],[35.54,37.84],[35.47,37.84],[35.47,37.9],[35.39,37.9],[35.35,38.16],[35.2,38.29],[34.89,38.29],[34.68,38.48],[35.06,39.71],[34.43,39.77],[34.37,39.9],[33.57,39.77],[33.77,40.16],[33.94,40.29],[34.59,40.42],[34.88,40.81],[36.08,40.87],[36.16,40.87],[36.24,40.87],[36.24,40.94],[36.41,41.0],[36.47,40.87],[36.63,40.87],[36.88,40.94],[37.17,40.74],[37.87,40.68],[38.21,40.29],[38.85,40.29],[38.99,40.16],[39.6,40.03],[40.03,40.29],[40.11,40.29]]],[[[32.66,39.38],[32.5,39.38],[32.49,39.26],[31.61,39.19],[31.15,39.32],[31.18,39.58],[30.95,39.64],[29.3,39.71],[28.9,39.58],[28.78,39.13],[28.62,39.13],[28.52,38.93],[26.95,38.93],[26.96,39.0],[26.88,39.0],[26.89,39.19],[26.74,39.26],[26.85,39.58],[26.13,39.51],[26.27,40.29],[26.44,40.42],[27.47,40.42],[27.54,40.29],[27.7,40.29],[27.79,40.48],[27.95,40.48],[27.94,40.36],[29.05,40.36],[28.9,40.48],[28.91,40.61],[29.39,40.68],[29.49,40.87],[29.25,40.81],[29.04,41.13],[30.48,41.2],[30.62,41.07],[31.18,41.07],[31.61,41.39],[31.69,41.39],[31.98,41.13],[32.31,41.2],[32.37,41.07],[32.6,41.0],[32.56,40.61],[32.64,40.61],[32.61,40.42],[32.76,40.36],[32.76,40.29],[32.68,40.29],[32.67,40.23],[32.75,40.23],[32.74,40.16],[32.78,39.77],[32.66,39.38]]],[[[26.77,40.61],[26.78,40.68],[26.87,40.81],[27.36,40.94],[27.35,40.87],[27.27,40.87],[27.27,40.81],[27.19,40.81],[26.92,40.48],[26.77,40.61]]]]},"properties":{"id":"territory:Ottoman Empire:1363","name":"오스만 제국","name_en":"Ottoman Empire","actor":"기타중립","valid_from":1363,"valid_to":1375,"wikidata":"Q12560","area":209227,"src":"cliopatria","confidence":"medium"}},{"type":"Feature","geometry":{"type":"Point","coordinates":[37.29,39.626]},"properties":{"id":"territory:Ottoman Empire:1363:label","name":"오스만 제국","name_en":"Ottoman Empire","actor":"기타중립","valid_from":1363,"valid_to":1375,"wikidata":"Q12560","area":209227,"src":"cliopatria","confidence":"medium"}},{"type":"Feature","geometry":{"type":"MultiPolygon","coordinates":[[[[0.09,43.15],[0.09,43.21],[0.08,43.34],[0.4,43.34],[0.48,43.47],[0.64,43.47],[0.97,43.34],[0.81,43.21],[0.98,43.02],[0.99,42.82],[0.04,42.69],[-0.29,42.82],[-0.29,42.89],[-0.3,42.95],[0.01,43.15],[0.09,43.15]]],[[[-1.85,43.41],[-1.77,43.41],[-1.77,43.34],[-1.85,43.34],[-1.85,43.41]]],[[[-0.65,43.54],[-1.04,43.34],[-1.69,43.34],[-1.69,43.41],[-1.46,43.54],[-1.4,43.86],[-1.32,43.86],[-1.35,44.25],[-1.27,44.25],[-1.29,44.52],[-1.21,44.52],[-1.25,45.17],[-1.17,45.17],[-1.19,45.43],[-1.03,45.5],[-1.04,45.56],[-0.45,45.37],[-0.44,45.24],[-0.28,45.24],[-0.19,45.1],[-0.18,44.91],[-0.07,44.52],[0.04,44.06],[0.04,43.99],[-0.04,43.99],[-0.12,43.99],[-0.2,43.99],[-0.28,43.99],[-0.33,43.47],[-0.65,43.54]]],[[[-4.69,47.99],[-4.71,48.13],[-4.55,48.19],[-4.64,48.32],[-4.89,48.32],[-4.91,48.52],[-4.6,48.72],[-4.18,48.72],[-4.1,48.72],[-3.97,48.26],[-3.28,47.93],[-3.34,47.73],[-3.43,47.73],[-3.76,47.73],[-4.02,47.86],[-4.1,47.86],[-4.42,47.8],[-4.69,47.99]]],[[[2.09,50.85],[1.76,50.78],[1.58,50.98],[1.74,51.05],[1.83,51.05],[2.07,51.11],[2.09,50.85]]],[[[0.02,53.6],[0.3,53.39],[0.32,53.12],[0.08,52.92],[0.34,52.86],[0.49,53.06],[1.09,53.06],[1.53,52.92],[1.72,52.72],[1.74,52.38],[1.65,52.38],[1.59,52.12],[1.43,51.98],[1.17,51.98],[1.18,51.78],[0.84,51.78],[0.86,51.51],[0.52,51.51],[1.38,51.38],[1.31,51.11],[0.49,50.78],[-1.37,50.85],[-1.11,50.78],[-1.18,50.58],[-1.51,50.58],[-1.52,50.71],[-2.03,50.71],[-2.1,50.58],[-3.13,50.71],[-3.46,50.65],[-3.58,50.25],[-4.09,50.25],[-4.19,50.38],[-4.35,50.38],[-4.93,50.25],[-5.15,49.98],[-5.75,50.05],[-5.77,50.25],[-5.28,50.38],[-5.13,50.58],[-4.88,50.58],[-4.82,50.78],[-4.66,50.85],[-4.68,51.05],[-4.43,51.05],[-4.2,51.31],[-3.09,51.25],[-3.11,51.38],[-2.95,51.45],[-3.12,51.51],[-3.28,51.38],[-3.7,51.38],[-3.89,51.58],[-4.31,51.51],[-4.42,51.71],[-4.91,51.58],[-5.26,51.71],[-5.22,52.05],[-4.55,52.18],[-4.16,52.45],[-4.3,52.92],[-4.79,52.79],[-4.81,52.92],[-4.49,53.12],[-4.67,53.19],[-4.7,53.46],[-4.27,53.46],[-4.16,53.26],[-3.15,53.46],[-3.1,53.73],[-3.2,53.87],[-2.97,54.14],[-3.3,54.07],[-3.32,54.21],[-3.59,54.27],[-3.62,54.55],[-3.7,54.55],[-3.65,54.82],[-3.39,54.89],[-3.4,54.95],[-3.14,54.95],[-2.81,55.09],[-2.73,55.23],[-2.56,55.23],[-2.24,55.5],[-2.27,55.77],[-2.11,55.91],[-2.02,55.91],[-1.63,55.57],[-1.49,54.95],[-1.4,54.95],[-1.29,54.68],[-0.67,54.61],[-0.39,54.41],[-0.38,54.27],[-0.29,54.27],[-0.18,53.94],[0.0,53.8],[0.02,53.6]]],[[[-6.94,52.18],[-6.87,52.32],[-6.96,52.32],[-7.3,52.32],[-7.4,52.45],[-7.75,52.52],[-8.26,52.52],[-8.37,52.65],[-8.38,52.72],[-8.23,52.86],[-8.18,53.12],[-8.01,53.12],[-7.89,52.92],[-7.57,53.06],[-7.59,53.19],[-7.15,53.12],[-7.07,53.19],[-7.12,53.53],[-6.87,53.6],[-6.92,53.94],[-6.33,54.07],[-6.29,53.73],[-6.09,53.53],[-6.24,53.39],[-6.14,53.26],[-6.64,53.19],[-6.79,52.99],[-7.12,52.92],[-7.09,52.65],[-7.0,52.65],[-6.29,52.45],[-6.43,52.18],[-6.94,52.18]]]]},"properties":{"id":"territory:Kingdom of England:1352","name":"Kingdom of England","name_en":"Kingdom of England","actor":"기타중립","valid_from":1352,"valid_to":1363,"wikidata":"Q179876","area":207985,"src":"cliopatria","confidence":"medium"}},{"type":"Feature","geometry":{"type":"Point","coordinates":[-1.867,52.554]},"properties":{"id":"territory:Kingdom of England:1352:label","name":"Kingdom of England","name_en":"Kingdom of England","actor":"기타중립","valid_from":1352,"valid_to":1363,"wikidata":"Q179876","area":207985,"src":"cliopatria","confidence":"medium"}},{"type":"Feature","geometry":{"type":"Polygon","coordinates":[[[47.4,39.51],[46.67,38.93],[46.19,38.87],[46.05,39.0],[46.08,39.19],[45.87,39.32],[45.89,39.45],[45.76,39.58],[45.51,39.51],[45.32,39.77],[44.95,39.9],[44.82,40.1],[44.51,40.1],[43.69,39.45],[43.49,39.19],[43.52,38.87],[43.59,38.87],[43.57,38.74],[43.95,38.61],[44.2,38.22],[44.28,38.22],[44.31,37.9],[44.59,37.71],[44.86,36.93],[44.91,36.74],[45.06,36.67],[45.1,36.42],[45.38,36.22],[45.35,36.03],[45.79,35.84],[46.25,35.84],[47.36,35.52],[48.14,35.52],[48.34,35.32],[49.24,35.13],[50.25,35.19],[50.86,35.58],[50.73,35.77],[50.77,35.97],[50.69,35.97],[50.72,36.16],[50.59,36.29],[50.53,36.87],[50.54,36.93],[50.63,37.0],[50.57,37.06],[50.32,37.0],[50.0,37.38],[49.09,37.51],[48.88,37.71],[48.84,38.35],[48.76,38.35],[48.82,38.67],[48.74,38.67],[48.92,39.19],[49.16,39.26],[49.18,39.32],[49.03,39.38],[49.0,39.64],[48.78,39.71],[48.72,39.84],[48.09,39.84],[47.9,39.64],[47.4,39.51]]]},"properties":{"id":"territory:Chobanids:1344","name":"Chobanids","name_en":"Chobanids","actor":"기타중립","valid_from":1344,"valid_to":1352,"wikidata":"Q1089675","area":207603,"src":"cliopatria","confidence":"medium"}},{"type":"Feature","geometry":{"type":"Polygon","coordinates":[[[47.4,39.51],[46.67,38.93],[46.19,38.87],[46.05,39.0],[46.08,39.19],[45.87,39.32],[45.89,39.45],[45.76,39.58],[45.51,39.51],[45.32,39.77],[44.95,39.9],[44.82,40.1],[44.51,40.1],[43.69,39.45],[43.49,39.19],[43.52,38.87],[43.59,38.87],[43.57,38.74],[43.95,38.61],[44.2,38.22],[44.28,38.22],[44.31,37.9],[44.59,37.71],[44.86,36.93],[44.91,36.74],[45.06,36.67],[45.1,36.42],[45.38,36.22],[45.35,36.03],[45.79,35.84],[46.25,35.84],[47.36,35.52],[48.14,35.52],[48.34,35.32],[49.24,35.13],[50.25,35.19],[50.86,35.58],[50.73,35.77],[50.77,35.97],[50.69,35.97],[50.72,36.16],[50.59,36.29],[50.53,36.87],[50.54,36.93],[50.63,37.0],[50.57,37.06],[50.32,37.0],[50.0,37.38],[49.09,37.51],[48.88,37.71],[48.84,38.35],[48.76,38.35],[48.82,38.67],[48.74,38.67],[48.92,39.19],[49.16,39.26],[49.18,39.32],[49.03,39.38],[49.0,39.64],[48.78,39.71],[48.72,39.84],[48.09,39.84],[47.9,39.64],[47.4,39.51]]]},"properties":{"id":"territory:Chobanids:1352","name":"Chobanids","name_en":"Chobanids","actor":"기타중립","valid_from":1352,"valid_to":1363,"wikidata":"Q1089675","area":207603,"src":"cliopatria","confidence":"medium"}},{"type":"Feature","geometry":{"type":"Point","coordinates":[47.208,37.503]},"properties":{"id":"territory:Chobanids:1344:label","name":"Chobanids","name_en":"Chobanids","actor":"기타중립","valid_from":1344,"valid_to":1352,"wikidata":"Q1089675","area":207603,"src":"cliopatria","confidence":"medium"}},{"type":"Feature","geometry":{"type":"Point","coordinates":[47.208,37.503]},"properties":{"id":"territory:Chobanids:1352:label","name":"Chobanids","name_en":"Chobanids","actor":"기타중립","valid_from":1352,"valid_to":1363,"wikidata":"Q1089675","area":207603,"src":"cliopatria","confidence":"medium"}},{"type":"Feature","geometry":{"type":"MultiPolygon","coordinates":[[[[-1.85,43.34],[-1.85,43.41],[-1.77,43.41],[-1.77,43.34],[-1.85,43.34]]],[[[-0.65,43.54],[-1.04,43.34],[-1.69,43.34],[-1.69,43.41],[-1.46,43.54],[-1.4,43.86],[-1.32,43.86],[-1.35,44.25],[-1.27,44.25],[-1.29,44.52],[-1.21,44.52],[-1.25,45.17],[-1.17,45.17],[-1.19,45.43],[-1.03,45.5],[-1.04,45.56],[-0.45,45.37],[-0.44,45.24],[-0.28,45.24],[-0.19,45.1],[-0.18,44.91],[-0.07,44.52],[0.04,44.06],[0.04,43.99],[-0.04,43.99],[-0.12,43.99],[-0.2,43.99],[-0.28,43.99],[-0.33,43.47],[-0.65,43.54]]],[[[-4.69,47.99],[-4.71,48.13],[-4.55,48.19],[-4.64,48.32],[-4.89,48.32],[-4.91,48.52],[-4.6,48.72],[-4.18,48.72],[-4.1,48.72],[-3.97,48.26],[-3.28,47.93],[-3.34,47.73],[-3.43,47.73],[-3.76,47.73],[-4.02,47.86],[-4.1,47.86],[-4.42,47.8],[-4.69,47.99]]],[[[1.91,51.11],[1.99,51.11],[2.07,51.11],[2.09,50.85],[1.84,50.78],[1.76,50.78],[1.58,50.98],[1.74,51.05],[1.83,51.05],[1.91,51.05],[1.91,51.11]]],[[[0.02,53.6],[0.3,53.39],[0.32,53.12],[0.08,52.92],[0.34,52.86],[0.49,53.06],[1.09,53.06],[1.53,52.92],[1.72,52.72],[1.74,52.38],[1.65,52.38],[1.59,52.12],[1.43,51.98],[1.17,51.98],[1.18,51.78],[0.84,51.78],[0.86,51.51],[0.52,51.51],[1.38,51.38],[1.31,51.11],[0.49,50.78],[-1.37,50.85],[-1.11,50.78],[-1.18,50.58],[-1.51,50.58],[-1.52,50.71],[-2.03,50.71],[-2.1,50.58],[-3.13,50.71],[-3.46,50.65],[-3.58,50.25],[-4.09,50.25],[-4.19,50.38],[-4.35,50.38],[-4.93,50.25],[-5.15,49.98],[-5.75,50.05],[-5.77,50.25],[-5.28,50.38],[-5.13,50.58],[-4.88,50.58],[-4.82,50.78],[-4.66,50.85],[-4.68,51.05],[-4.43,51.05],[-4.2,51.31],[-3.09,51.25],[-3.11,51.38],[-2.95,51.45],[-3.12,51.51],[-3.28,51.38],[-3.7,51.38],[-3.89,51.58],[-4.31,51.51],[-4.42,51.71],[-4.91,51.58],[-5.26,51.71],[-5.22,52.05],[-4.55,52.18],[-4.16,52.45],[-4.3,52.92],[-4.79,52.79],[-4.81,52.92],[-4.49,53.12],[-4.67,53.19],[-4.7,53.46],[-4.27,53.46],[-4.16,53.26],[-3.15,53.46],[-3.1,53.73],[-3.2,53.87],[-2.97,54.14],[-3.3,54.07],[-3.32,54.21],[-3.59,54.27],[-3.62,54.55],[-3.7,54.55],[-3.65,54.82],[-3.39,54.89],[-3.4,54.95],[-3.14,54.95],[-2.81,55.09],[-2.73,55.23],[-2.56,55.23],[-2.24,55.5],[-2.27,55.77],[-2.11,55.91],[-2.02,55.91],[-1.63,55.57],[-1.49,54.95],[-1.4,54.95],[-1.29,54.68],[-0.67,54.61],[-0.39,54.41],[-0.38,54.27],[-0.29,54.27],[-0.18,53.94],[0.0,53.8],[0.02,53.6]]],[[[-7.75,52.52],[-8.26,52.52],[-8.37,52.65],[-8.38,52.72],[-8.23,52.86],[-8.18,53.12],[-8.01,53.12],[-7.89,52.92],[-7.57,53.06],[-7.59,53.19],[-7.15,53.12],[-7.07,53.19],[-7.12,53.53],[-6.87,53.6],[-6.92,53.94],[-6.33,54.07],[-6.29,53.73],[-6.09,53.53],[-6.24,53.39],[-6.14,53.26],[-6.64,53.19],[-6.79,52.99],[-7.12,52.92],[-7.09,52.65],[-7.0,52.65],[-6.97,52.45],[-7.21,52.32],[-7.75,52.52]]]]},"properties":{"id":"territory:Kingdom of England:1385","name":"Kingdom of England","name_en":"Kingdom of England","actor":"기타중립","valid_from":1385,"valid_to":1395,"wikidata":"Q179876","area":200286,"src":"cliopatria","confidence":"medium"}},{"type":"Feature","geometry":{"type":"Point","coordinates":[-1.867,52.554]},"properties":{"id":"territory:Kingdom of England:1385:label","name":"Kingdom of England","name_en":"Kingdom of England","actor":"기타중립","valid_from":1385,"valid_to":1395,"wikidata":"Q179876","area":200286,"src":"cliopatria","confidence":"medium"}},{"type":"Feature","geometry":{"type":"MultiPolygon","coordinates":[[[[18.23,57.83],[18.6,57.97],[19.05,57.97],[19.03,57.83],[18.84,57.7],[18.91,57.42],[18.45,57.21],[18.34,56.94],[18.08,56.94],[18.03,57.49],[18.03,57.56],[18.23,57.83]]],[[[15.97,60.63],[16.33,60.56],[16.8,60.63],[16.99,60.77],[17.45,60.77],[17.62,60.63],[17.99,60.63],[18.07,60.49],[18.61,60.42],[18.5,60.21],[18.78,60.21],[19.03,60.0],[19.01,59.71],[18.83,59.71],[18.63,59.5],[18.35,59.43],[18.41,59.09],[18.14,59.09],[17.95,58.88],[17.5,58.88],[17.49,58.74],[17.13,58.74],[17.03,58.6],[16.85,58.6],[16.84,58.46],[16.66,58.46],[16.83,58.32],[16.81,58.04],[16.63,57.9],[16.71,57.83],[16.7,57.7],[16.61,57.7],[16.69,57.42],[16.5,57.28],[16.48,56.87],[16.76,57.08],[16.95,57.42],[17.13,57.42],[17.12,57.28],[16.74,56.8],[16.63,56.39],[16.27,56.25],[16.28,56.52],[16.19,56.52],[16.19,56.39],[16.1,56.39],[15.93,56.52],[13.46,56.59],[13.29,56.94],[13.12,57.01],[13.12,57.14],[12.59,57.49],[12.6,57.63],[12.42,57.63],[12.33,57.77],[11.98,57.77],[11.8,57.63],[11.8,57.7],[11.71,57.7],[11.71,57.77],[11.71,57.83],[11.71,57.9],[11.71,57.97],[11.89,57.97],[12.16,58.18],[12.09,58.88],[12.0,58.88],[12.01,59.43],[11.92,59.43],[11.92,59.92],[12.38,60.07],[12.58,60.49],[12.48,60.49],[12.49,60.7],[12.31,60.77],[12.31,60.98],[12.68,61.12],[12.87,61.34],[12.97,61.34],[13.33,61.05],[13.51,61.05],[13.6,60.91],[14.32,60.63],[15.51,60.56],[15.6,60.56],[15.97,60.63]]],[[[19.72,60.49],[20.17,60.42],[20.15,60.21],[19.95,60.07],[19.68,60.14],[19.7,60.28],[19.7,60.35],[19.72,60.49]]],[[[23.43,60.91],[24.8,60.84],[25.86,61.12],[26.22,61.12],[26.43,61.26],[26.6,61.19],[27.08,61.26],[27.19,61.41],[27.57,61.48],[28.5,61.97],[28.59,61.97],[28.75,61.83],[28.72,61.69],[28.97,61.55],[28.93,61.34],[29.11,61.26],[29.07,61.05],[29.16,61.05],[29.11,60.77],[29.2,60.77],[29.0,60.21],[28.91,60.21],[28.49,60.42],[28.54,60.7],[28.45,60.7],[28.24,60.56],[27.77,60.49],[27.05,60.56],[26.75,60.42],[26.4,60.49],[25.82,60.28],[24.61,60.14],[24.5,60.0],[24.05,60.07],[23.76,59.92],[23.03,59.85],[23.05,60.07],[22.31,60.0],[22.36,60.42],[21.91,60.42],[21.38,60.63],[21.4,60.84],[21.23,60.98],[21.25,61.12],[21.44,61.19],[21.5,61.69],[21.24,61.83],[21.19,62.26],[21.29,62.33],[21.2,62.33],[21.21,62.47],[22.06,62.55],[22.13,62.33],[22.31,62.26],[22.42,61.62],[22.59,61.55],[22.57,61.41],[22.91,61.12],[23.1,61.19],[23.09,61.12],[23.08,61.05],[23.43,60.91]]]]},"properties":{"id":"territory:Kingdom of Sweden:1294","name":"스웨덴 왕국","name_en":"Kingdom of Sweden","actor":"기타중립","valid_from":1294,"valid_to":1314,"wikidata":"Q34","area":198811,"src":"cliopatria","confidence":"medium"}},{"type":"Feature","geometry":{"type":"Point","coordinates":[14.965,58.891]},"properties":{"id":"territory:Kingdom of Sweden:1294:label","name":"스웨덴 왕국","name_en":"Kingdom of Sweden","actor":"기타중립","valid_from":1294,"valid_to":1314,"wikidata":"Q34","area":198811,"src":"cliopatria","confidence":"medium"}},{"type":"Feature","geometry":{"type":"MultiPolygon","coordinates":[[[[-1.85,43.34],[-1.85,43.41],[-1.77,43.41],[-1.77,43.34],[-1.85,43.34]]],[[[-0.65,43.54],[-1.04,43.34],[-1.69,43.34],[-1.69,43.41],[-1.46,43.54],[-1.4,43.86],[-1.32,43.86],[-1.35,44.25],[-1.27,44.25],[-1.29,44.52],[-1.21,44.52],[-1.25,45.17],[-1.17,45.17],[-1.19,45.43],[-1.03,45.5],[-1.04,45.56],[-0.45,45.37],[-0.44,45.24],[-0.28,45.24],[-0.19,45.1],[-0.18,44.91],[-0.07,44.52],[0.04,44.06],[0.04,43.99],[-0.04,43.99],[-0.12,43.99],[-0.2,43.99],[-0.28,43.99],[-0.33,43.47],[-0.65,43.54]]],[[[-4.69,47.99],[-4.71,48.13],[-4.55,48.19],[-4.64,48.32],[-4.89,48.32],[-4.91,48.52],[-4.6,48.72],[-4.18,48.72],[-4.1,48.72],[-3.97,48.26],[-3.28,47.93],[-3.34,47.73],[-3.43,47.73],[-3.76,47.73],[-4.02,47.86],[-4.1,47.86],[-4.42,47.8],[-4.69,47.99]]],[[[1.91,51.11],[1.99,51.11],[2.07,51.11],[2.09,50.85],[1.84,50.78],[1.76,50.78],[1.58,50.98],[1.74,51.05],[1.83,51.05],[1.91,51.05],[1.91,51.11]]],[[[0.02,53.6],[0.3,53.39],[0.32,53.12],[0.08,52.92],[0.34,52.86],[0.49,53.06],[1.09,53.06],[1.53,52.92],[1.72,52.72],[1.74,52.38],[1.65,52.38],[1.59,52.12],[1.43,51.98],[1.17,51.98],[1.18,51.78],[0.84,51.78],[0.86,51.51],[0.52,51.51],[1.38,51.38],[1.31,51.11],[0.49,50.78],[-1.37,50.85],[-1.11,50.78],[-1.18,50.58],[-1.51,50.58],[-1.52,50.71],[-2.03,50.71],[-2.1,50.58],[-3.13,50.71],[-3.46,50.65],[-3.58,50.25],[-4.09,50.25],[-4.19,50.38],[-4.35,50.38],[-4.93,50.25],[-5.15,49.98],[-5.75,50.05],[-5.77,50.25],[-5.28,50.38],[-5.13,50.58],[-4.88,50.58],[-4.82,50.78],[-4.66,50.85],[-4.68,51.05],[-4.43,51.05],[-4.2,51.31],[-3.09,51.25],[-3.11,51.38],[-2.95,51.45],[-3.12,51.51],[-3.28,51.38],[-3.7,51.38],[-3.89,51.58],[-4.31,51.51],[-4.42,51.71],[-4.91,51.58],[-5.26,51.71],[-5.22,52.05],[-4.55,52.18],[-4.16,52.45],[-4.3,52.92],[-4.79,52.79],[-4.81,52.92],[-4.49,53.12],[-4.67,53.19],[-4.7,53.46],[-4.27,53.46],[-4.16,53.26],[-3.15,53.46],[-3.1,53.73],[-3.2,53.87],[-2.97,54.14],[-3.3,54.07],[-3.32,54.21],[-3.59,54.27],[-3.62,54.55],[-3.7,54.55],[-3.65,54.82],[-3.39,54.89],[-3.4,54.95],[-3.14,54.95],[-2.81,55.09],[-2.73,55.23],[-2.56,55.23],[-2.24,55.5],[-2.27,55.77],[-2.11,55.91],[-2.02,55.91],[-1.63,55.57],[-1.49,54.95],[-1.4,54.95],[-1.29,54.68],[-0.67,54.61],[-0.39,54.41],[-0.38,54.27],[-0.29,54.27],[-0.18,53.94],[0.0,53.8],[0.02,53.6]]],[[[-6.29,53.73],[-6.09,53.53],[-6.24,53.39],[-6.14,53.26],[-6.64,53.12],[-6.72,53.12],[-6.87,53.6],[-6.88,53.66],[-6.89,53.73],[-6.9,53.8],[-6.91,53.87],[-6.92,53.94],[-6.33,54.07],[-6.29,53.73]]]]},"properties":{"id":"territory:Kingdom of England:1395","name":"Kingdom of England","name_en":"Kingdom of England","actor":"기타중립","valid_from":1395,"valid_to":1402,"wikidata":"Q179876","area":193220,"src":"cliopatria","confidence":"medium"}},{"type":"Feature","geometry":{"type":"Point","coordinates":[-1.867,52.554]},"properties":{"id":"territory:Kingdom of England:1395:label","name":"Kingdom of England","name_en":"Kingdom of England","actor":"기타중립","valid_from":1395,"valid_to":1402,"wikidata":"Q179876","area":193220,"src":"cliopatria","confidence":"medium"}},{"type":"Feature","geometry":{"type":"MultiPolygon","coordinates":[[[[40.11,40.29],[40.73,40.23],[41.15,40.36],[41.39,40.36],[41.43,40.1],[41.57,40.03],[41.52,39.71],[40.94,39.51],[40.76,39.32],[40.09,39.06],[38.87,38.8],[38.85,38.61],[36.83,38.74],[36.48,38.48],[36.16,38.42],[36.05,38.16],[35.72,38.03],[35.62,37.84],[35.54,37.84],[35.47,37.84],[35.47,37.9],[35.39,37.9],[35.35,38.16],[35.2,38.29],[34.89,38.29],[34.68,38.48],[35.06,39.71],[34.43,39.77],[34.37,39.9],[33.57,39.77],[33.57,39.84],[33.76,40.1],[33.77,40.16],[33.94,40.29],[34.59,40.42],[34.88,40.81],[36.08,40.87],[36.16,40.87],[36.24,40.87],[36.24,40.94],[36.41,41.0],[36.47,40.87],[36.63,40.87],[36.88,40.94],[37.17,40.74],[37.87,40.68],[38.21,40.29],[38.85,40.29],[38.99,40.16],[39.6,40.03],[40.03,40.29],[40.11,40.29]]],[[[31.34,39.64],[31.03,39.64],[30.95,39.64],[28.98,39.64],[28.8,39.45],[28.78,39.13],[28.62,39.13],[28.52,38.93],[26.95,38.93],[26.96,39.0],[26.88,39.0],[26.89,39.19],[26.74,39.26],[26.85,39.58],[26.13,39.51],[26.25,40.03],[26.26,40.1],[26.67,40.36],[26.75,40.36],[27.47,40.42],[27.54,40.29],[27.7,40.29],[27.79,40.48],[27.95,40.48],[27.94,40.36],[29.05,40.36],[28.9,40.48],[28.91,40.61],[29.48,40.74],[29.49,40.87],[29.25,40.81],[29.1,40.94],[29.04,41.13],[29.21,41.2],[30.48,41.2],[30.62,41.07],[31.18,41.07],[31.53,41.33],[31.5,41.13],[31.33,41.0],[32.04,40.94],[31.92,40.61],[32.0,40.61],[32.03,40.16],[31.86,40.03],[31.85,39.97],[31.34,39.64]]],[[[31.53,41.39],[31.61,41.39],[31.61,41.33],[31.53,41.33],[31.53,41.39]]]]},"properties":{"id":"territory:Ottoman Empire:1352","name":"오스만 제국","name_en":"Ottoman Empire","actor":"기타중립","valid_from":1352,"valid_to":1363,"wikidata":"Q12560","area":190206,"src":"cliopatria","confidence":"medium"}},{"type":"Feature","geometry":{"type":"Point","coordinates":[37.29,39.626]},"properties":{"id":"territory:Ottoman Empire:1352:label","name":"오스만 제국","name_en":"Ottoman Empire","actor":"기타중립","valid_from":1352,"valid_to":1363,"wikidata":"Q12560","area":190206,"src":"cliopatria","confidence":"medium"}},{"type":"Feature","geometry":{"type":"Polygon","coordinates":[[[30.51,56.11],[30.52,56.18],[30.54,56.25],[30.45,56.25],[30.46,56.32],[30.47,56.39],[30.11,56.32],[29.96,56.46],[29.98,56.59],[29.58,56.87],[28.38,57.08],[27.89,56.8],[27.88,56.73],[28.12,56.59],[28.15,56.18],[27.97,56.18],[27.47,55.77],[26.87,55.84],[26.58,55.7],[25.83,55.98],[25.76,56.11],[25.07,56.18],[24.83,56.39],[24.11,56.25],[22.19,56.46],[22.1,56.46],[22.01,56.46],[21.93,56.46],[21.84,56.46],[21.83,56.39],[21.74,56.39],[21.65,56.39],[21.57,56.39],[20.92,56.05],[20.91,55.98],[21.0,55.98],[20.99,55.91],[21.25,55.84],[21.24,55.7],[21.64,55.36],[22.07,55.29],[22.31,55.09],[22.57,55.09],[22.81,54.89],[22.7,54.68],[22.7,54.61],[22.66,54.27],[22.48,54.21],[22.46,54.0],[22.55,54.0],[22.42,53.6],[22.49,53.46],[22.3,53.26],[22.65,53.26],[23.24,53.19],[23.73,52.99],[24.05,52.72],[24.48,52.72],[24.58,52.92],[25.26,52.86],[25.28,52.99],[25.45,52.99],[25.63,53.06],[25.75,53.33],[26.52,53.33],[26.88,53.46],[28.24,53.33],[29.51,53.19],[29.77,53.19],[29.96,53.33],[30.39,53.87],[30.48,54.41],[30.41,54.48],[30.81,54.82],[30.86,55.09],[30.95,55.09],[30.93,55.5],[30.77,55.57],[30.8,55.77],[30.72,55.77],[30.6,56.11],[30.51,56.11]]]},"properties":{"id":"territory:Grand Duchy of Lithuania:1314","name":"리투아니아 대공국","name_en":"Grand Duchy of Lithuania","actor":"기타중립","valid_from":1314,"valid_to":1326,"wikidata":"Q49683","area":190169,"src":"cliopatria","confidence":"medium"}},{"type":"Feature","geometry":{"type":"Point","coordinates":[26.332,54.852]},"properties":{"id":"territory:Grand Duchy of Lithuania:1314:label","name":"리투아니아 대공국","name_en":"Grand Duchy of Lithuania","actor":"기타중립","valid_from":1314,"valid_to":1326,"wikidata":"Q49683","area":190169,"src":"cliopatria","confidence":"medium"}},{"type":"Feature","geometry":{"type":"Polygon","coordinates":[[[45.99,60.49],[46.21,61.12],[46.24,61.19],[46.39,61.62],[46.25,61.76],[46.07,61.76],[46.09,61.83],[44.54,61.9],[44.49,61.76],[44.28,61.69],[43.54,61.69],[43.29,61.48],[43.01,60.91],[42.2,60.07],[41.64,59.71],[41.6,59.57],[40.79,59.29],[40.61,59.29],[40.28,59.71],[39.86,59.85],[39.74,60.07],[39.32,60.21],[39.29,60.42],[38.87,60.56],[38.55,59.71],[38.13,59.5],[38.04,59.5],[38.06,59.57],[37.69,59.57],[37.66,59.78],[37.49,59.85],[37.53,60.0],[37.37,60.07],[37.35,60.35],[37.26,60.35],[37.29,60.84],[36.74,60.84],[35.85,60.56],[35.73,60.07],[35.82,60.07],[35.77,59.85],[35.91,59.71],[35.96,59.16],[36.45,58.95],[36.42,58.46],[36.51,58.46],[36.46,58.25],[36.55,58.25],[36.5,58.04],[36.59,58.04],[36.55,57.49],[37.21,57.63],[37.26,57.83],[37.52,57.83],[37.51,57.77],[37.85,57.7],[37.8,57.14],[38.05,57.08],[38.46,57.28],[38.81,57.28],[39.34,56.94],[39.29,56.39],[39.08,56.25],[39.31,56.11],[39.12,55.7],[39.3,55.7],[39.33,55.84],[39.94,55.84],[40.15,55.98],[40.33,56.32],[41.98,56.52],[42.1,56.66],[42.03,56.73],[42.34,56.87],[42.42,57.14],[42.81,57.28],[42.83,57.35],[43.03,57.42],[43.0,57.63],[43.2,57.7],[43.19,57.97],[43.28,57.97],[43.54,58.53],[43.96,59.02],[44.93,59.5],[45.2,59.5],[45.16,59.64],[45.46,59.71],[45.82,60.0],[45.97,60.42],[45.99,60.49]]]},"properties":{"id":"territory:Principality of Vladimir-Suzdal:1314","name":"Principality of Vladimir-Suzdal","name_en":"Principality of Vladimir-Suzdal","actor":"기타중립","valid_from":1314,"valid_to":1333,"wikidata":"Q83546","area":188919,"src":"cliopatria","confidence":"medium"}},{"type":"Feature","geometry":{"type":"Point","coordinates":[40.956,58.997]},"properties":{"id":"territory:Principality of Vladimir-Suzdal:1314:label","name":"Principality of Vladimir-Suzdal","name_en":"Principality of Vladimir-Suzdal","actor":"기타중립","valid_from":1314,"valid_to":1333,"wikidata":"Q83546","area":188919,"src":"cliopatria","confidence":"medium"}},{"type":"Feature","geometry":{"type":"MultiPolygon","coordinates":[[[[40.11,40.29],[40.73,40.23],[41.15,40.36],[41.39,40.36],[41.43,40.1],[41.57,40.03],[41.52,39.71],[40.94,39.51],[40.76,39.32],[40.09,39.06],[38.87,38.8],[38.85,38.61],[36.83,38.74],[36.48,38.48],[36.16,38.42],[36.05,38.16],[35.72,38.03],[35.62,37.84],[35.54,37.84],[35.47,37.84],[35.47,37.9],[35.39,37.9],[35.35,38.16],[35.2,38.29],[34.89,38.29],[34.68,38.48],[35.06,39.71],[34.43,39.77],[34.37,39.9],[33.57,39.77],[33.57,39.84],[33.76,40.1],[33.77,40.16],[33.94,40.29],[34.59,40.42],[34.88,40.81],[36.08,40.87],[36.16,40.87],[36.24,40.87],[36.24,40.94],[36.41,41.0],[36.47,40.87],[36.63,40.87],[36.88,40.94],[37.17,40.74],[37.87,40.68],[38.21,40.29],[38.85,40.29],[38.99,40.16],[39.6,40.03],[40.03,40.29],[40.11,40.29]]],[[[31.88,40.94],[32.04,40.94],[31.92,40.61],[32.0,40.61],[32.03,40.16],[31.69,39.9],[31.67,39.77],[31.03,39.64],[30.95,39.64],[28.98,39.64],[28.8,39.45],[28.78,39.13],[28.62,39.13],[28.52,38.93],[26.95,38.93],[26.96,39.0],[26.88,39.0],[26.89,39.19],[26.74,39.26],[26.85,39.58],[26.13,39.51],[26.25,40.03],[26.26,40.1],[26.67,40.36],[26.75,40.36],[27.47,40.42],[27.54,40.29],[27.7,40.29],[27.79,40.48],[27.95,40.48],[27.94,40.36],[29.05,40.36],[28.9,40.48],[28.91,40.61],[29.39,40.68],[29.49,40.87],[29.25,40.81],[29.04,41.07],[29.12,41.13],[29.2,41.13],[29.59,41.0],[29.83,41.07],[29.84,41.2],[29.92,41.2],[30.48,41.2],[30.62,41.07],[31.27,41.13],[31.33,41.0],[31.8,40.94],[31.88,40.94]]]]},"properties":{"id":"territory:Ottoman Empire:1344","name":"오스만 제국","name_en":"Ottoman Empire","actor":"기타중립","valid_from":1344,"valid_to":1352,"wikidata":"Q12560","area":188739,"src":"cliopatria","confidence":"medium"}},{"type":"Feature","geometry":{"type":"Point","coordinates":[37.29,39.626]},"properties":{"id":"territory:Ottoman Empire:1344:label","name":"오스만 제국","name_en":"Ottoman Empire","actor":"기타중립","valid_from":1344,"valid_to":1352,"wikidata":"Q12560","area":188739,"src":"cliopatria","confidence":"medium"}},{"type":"Feature","geometry":{"type":"Polygon","coordinates":[[[46.04,60.63],[46.24,61.19],[46.35,61.26],[46.26,61.26],[46.39,61.62],[46.25,61.76],[44.73,61.9],[44.63,61.9],[44.28,61.69],[43.43,61.62],[43.01,60.91],[42.2,60.07],[41.64,59.71],[41.6,59.57],[40.79,59.29],[40.61,59.29],[40.28,59.71],[39.86,59.85],[39.74,60.07],[39.32,60.21],[39.29,60.42],[38.87,60.56],[38.55,59.71],[38.13,59.5],[38.04,59.5],[38.06,59.57],[37.69,59.57],[37.66,59.78],[37.49,59.85],[37.53,60.0],[37.37,60.07],[37.35,60.35],[37.26,60.35],[37.29,60.84],[36.74,60.84],[35.85,60.56],[35.73,60.07],[35.82,60.07],[35.77,59.85],[35.91,59.71],[35.96,59.16],[36.45,58.95],[36.42,58.46],[36.51,58.46],[36.46,58.25],[36.55,58.25],[36.5,58.04],[36.59,58.04],[36.55,57.49],[37.21,57.63],[37.26,57.83],[37.52,57.83],[37.51,57.77],[37.85,57.7],[37.8,57.14],[38.05,57.08],[38.46,57.28],[38.81,57.28],[39.34,56.94],[39.29,56.39],[39.08,56.25],[39.31,56.11],[39.12,55.7],[39.3,55.7],[39.33,55.84],[39.94,55.84],[40.15,55.98],[40.33,56.32],[41.98,56.52],[42.1,56.66],[42.03,56.73],[42.34,56.87],[42.42,57.14],[42.81,57.28],[42.83,57.35],[43.03,57.42],[43.0,57.63],[43.2,57.7],[43.19,57.97],[43.28,57.97],[43.54,58.53],[43.96,59.02],[44.93,59.5],[45.2,59.5],[45.16,59.64],[45.68,59.85],[46.02,60.56],[46.04,60.63]]]},"properties":{"id":"territory:Principality of Vladimir-Suzdal:1305","name":"Principality of Vladimir-Suzdal","name_en":"Principality of Vladimir-Suzdal","actor":"기타중립","valid_from":1305,"valid_to":1314,"wikidata":"Q83546","area":188331,"src":"cliopatria","confidence":"medium"}},{"type":"Feature","geometry":{"type":"Point","coordinates":[40.944,58.99]},"properties":{"id":"territory:Principality of Vladimir-Suzdal:1305:label","name":"Principality of Vladimir-Suzdal","name_en":"Principality of Vladimir-Suzdal","actor":"기타중립","valid_from":1305,"valid_to":1314,"wikidata":"Q83546","area":188331,"src":"cliopatria","confidence":"medium"}},{"type":"Feature","geometry":{"type":"MultiPolygon","coordinates":[[[[5.89,45.56],[6.22,45.5],[6.31,45.1],[6.32,44.84],[5.91,44.71],[5.91,44.71],[5.92,44.65],[5.92,44.65],[5.6,44.52],[5.69,44.19],[5.44,44.19],[5.44,44.19],[5.44,44.25],[5.36,44.25],[5.28,44.25],[5.19,44.45],[5.03,44.52],[4.95,44.39],[4.63,44.39],[4.8,44.19],[4.8,44.12],[4.8,44.06],[4.8,43.99],[4.72,43.99],[4.73,43.93],[4.73,43.86],[4.73,43.8],[4.41,43.73],[4.34,43.47],[4.26,43.47],[4.17,43.6],[3.85,43.6],[3.62,43.41],[3.14,43.28],[2.99,43.08],[2.99,43.02],[2.75,43.02],[2.52,42.82],[1.81,42.56],[1.73,42.56],[1.73,42.63],[1.87,42.89],[1.3,43.02],[1.28,43.54],[0.95,43.67],[0.85,43.93],[1.01,44.06],[1.25,44.06],[1.42,43.93],[2.54,43.99],[2.79,43.93],[2.88,43.73],[3.28,43.8],[3.43,44.06],[3.26,44.12],[3.17,44.45],[2.59,44.71],[2.58,44.84],[2.75,44.84],[2.92,44.65],[3.08,44.65],[3.23,44.91],[3.47,44.91],[3.56,44.78],[3.97,44.78],[3.96,44.91],[4.12,44.91],[4.36,45.1],[4.35,45.3],[4.27,45.3],[3.94,45.37],[4.01,45.63],[3.84,45.89],[4.08,46.02],[4.07,46.15],[3.73,46.55],[3.73,46.61],[3.81,46.61],[3.8,46.68],[4.14,46.61],[4.23,46.28],[4.73,45.96],[4.9,46.02],[4.97,46.28],[5.3,46.28],[5.07,45.63],[5.48,45.69],[5.65,45.43],[5.81,45.43],[5.89,45.56]]],[[[5.87,46.28],[5.87,46.35],[5.95,46.35],[5.95,46.28],[5.87,46.28]]],[[[4.18,49.52],[4.67,49.58],[4.86,49.18],[5.03,49.12],[4.87,48.99],[4.88,48.52],[5.22,48.46],[5.47,48.26],[5.48,48.06],[5.65,48.06],[5.82,47.86],[5.82,47.8],[5.82,47.73],[5.74,47.73],[5.66,47.73],[5.66,47.66],[5.58,47.66],[5.25,47.6],[4.82,47.99],[4.57,47.99],[4.58,47.86],[4.34,47.66],[4.17,47.66],[3.91,47.93],[3.75,47.8],[3.25,47.99],[2.76,47.8],[2.43,47.86],[2.37,47.47],[2.7,47.33],[2.9,46.81],[2.4,46.81],[2.35,46.35],[1.52,46.55],[0.95,46.48],[0.36,46.74],[-0.79,46.74],[-1.11,46.55],[-1.28,46.68],[-1.61,46.68],[-1.76,46.48],[-1.84,46.48],[-2.19,46.81],[-2.21,47.01],[-2.13,47.01],[-1.39,47.01],[-1.05,46.87],[0.34,46.94],[0.58,47.01],[0.49,47.2],[0.72,47.47],[1.13,47.47],[1.21,47.47],[1.3,47.47],[1.4,47.07],[1.89,47.14],[1.68,47.99],[1.19,47.93],[0.92,48.13],[0.44,47.99],[0.34,48.26],[-0.0,48.32],[-0.09,48.46],[-0.58,48.32],[-1.0,48.39],[-1.08,48.39],[-1.09,48.46],[-1.17,48.46],[-1.25,48.46],[-1.5,48.39],[-1.52,48.65],[-1.6,48.65],[-1.61,48.72],[-1.72,49.05],[-1.64,49.05],[-1.65,49.25],[-1.91,49.38],[-2.03,49.78],[-1.36,49.78],[-1.25,49.45],[0.01,49.38],[-0.01,49.65],[0.22,49.85],[1.13,50.05],[1.22,50.05],[1.4,49.78],[1.57,49.78],[2.13,50.25],[3.4,50.05],[3.48,50.05],[3.81,50.11],[3.99,49.98],[4.49,49.98],[4.49,49.91],[4.33,49.85],[4.25,49.65],[4.17,49.65],[4.18,49.52]]]]},"properties":{"id":"territory:Kingdom of France:1363","name":"프랑스 왕국","name_en":"Kingdom of France","actor":"기타중립","valid_from":1363,"valid_to":1375,"wikidata":"Q207162","area":187213,"src":"cliopatria","confidence":"medium"}},{"type":"Feature","geometry":{"type":"Point","coordinates":[1.873,48.562]},"properties":{"id":"territory:Kingdom of France:1363:label","name":"프랑스 왕국","name_en":"Kingdom of France","actor":"기타중립","valid_from":1363,"valid_to":1375,"wikidata":"Q207162","area":187213,"src":"cliopatria","confidence":"medium"}},{"type":"Feature","geometry":{"type":"MultiPolygon","coordinates":[[[[20.15,39.64],[20.15,39.58],[20.07,39.58],[20.07,39.64],[20.15,39.64]]],[[[24.01,40.74],[23.7,40.81],[23.68,40.61],[23.84,40.55],[23.74,40.23],[23.11,40.36],[23.21,40.61],[23.13,40.61],[23.13,40.68],[23.14,40.81],[22.67,40.81],[22.42,40.68],[22.41,40.55],[22.57,40.48],[22.56,40.42],[22.54,40.1],[22.7,40.1],[22.61,39.9],[23.14,39.45],[22.82,39.38],[22.8,39.06],[22.96,39.13],[23.02,38.87],[22.94,38.87],[22.16,38.93],[21.99,38.67],[21.59,38.48],[21.51,38.48],[21.19,38.42],[21.12,38.61],[20.9,38.74],[20.91,39.0],[21.14,38.93],[21.15,39.06],[20.68,39.13],[20.3,39.38],[20.15,39.71],[19.92,39.71],[20.01,39.97],[19.55,40.29],[19.64,40.55],[19.33,40.74],[19.5,40.87],[19.44,41.26],[19.52,41.39],[19.44,41.39],[19.53,41.52],[19.45,41.52],[19.54,41.78],[18.85,42.37],[18.69,42.37],[18.23,42.69],[18.23,42.89],[18.24,42.95],[18.25,43.15],[18.5,43.34],[18.51,43.54],[18.83,43.67],[19.0,43.86],[19.41,43.86],[19.5,44.06],[19.42,44.06],[19.11,44.32],[19.3,44.84],[19.62,44.91],[19.86,44.71],[20.02,44.71],[20.11,44.84],[20.75,44.71],[21.41,44.84],[21.88,44.65],[21.95,44.52],[22.28,44.52],[22.53,44.71],[22.69,44.65],[22.52,44.52],[22.5,44.32],[22.66,44.19],[22.14,43.67],[21.93,43.02],[22.16,42.82],[22.3,42.5],[22.46,42.56],[22.45,42.37],[22.37,42.37],[22.44,42.17],[22.83,42.04],[22.89,41.78],[23.26,41.39],[23.65,41.33],[24.35,41.0],[24.34,40.94],[24.01,40.74]]]]},"properties":{"id":"territory:Serbian Empire:1352","name":"Serbian Empire","name_en":"Serbian Empire","actor":"기타중립","valid_from":1352,"valid_to":1363,"wikidata":"Q1406298","area":187002,"src":"cliopatria","confidence":"medium"}},{"type":"Feature","geometry":{"type":"Point","coordinates":[21.035,41.87]},"properties":{"id":"territory:Serbian Empire:1352:label","name":"Serbian Empire","name_en":"Serbian Empire","actor":"기타중립","valid_from":1352,"valid_to":1363,"wikidata":"Q1406298","area":187002,"src":"cliopatria","confidence":"medium"}},{"type":"Feature","geometry":{"type":"MultiPolygon","coordinates":[[[[20.15,39.58],[20.07,39.58],[20.07,39.64],[20.15,39.64],[20.15,39.58]]],[[[21.95,44.52],[22.36,44.58],[22.24,43.93],[22.15,43.93],[22.12,43.47],[22.2,43.41],[21.95,43.28],[21.93,43.02],[22.16,42.82],[22.3,42.5],[22.46,42.56],[22.45,42.37],[22.37,42.37],[22.44,42.17],[22.83,42.04],[22.89,41.78],[23.26,41.39],[23.65,41.33],[24.35,41.0],[24.34,40.94],[24.01,40.74],[23.7,40.81],[23.68,40.61],[23.84,40.55],[23.74,40.23],[23.11,40.36],[23.12,40.42],[23.2,40.42],[23.21,40.61],[23.13,40.61],[23.14,40.81],[22.5,40.74],[22.41,40.55],[22.57,40.48],[22.56,40.42],[22.54,40.1],[22.7,40.1],[22.61,39.9],[23.14,39.45],[22.82,39.38],[22.8,39.06],[22.96,39.13],[23.02,38.87],[22.94,38.87],[22.16,38.93],[21.99,38.67],[21.59,38.55],[21.51,38.42],[21.43,38.42],[21.19,38.42],[21.12,38.61],[20.9,38.74],[20.91,39.0],[21.14,38.93],[21.15,39.06],[20.83,39.06],[20.61,39.26],[20.45,39.26],[20.23,39.64],[19.92,39.71],[20.01,39.97],[19.63,40.29],[19.55,40.29],[19.64,40.55],[19.49,40.61],[19.49,40.68],[19.34,40.81],[19.5,40.87],[19.43,41.13],[19.68,41.26],[19.68,41.39],[19.45,41.52],[19.54,41.78],[18.85,42.37],[18.69,42.37],[18.23,42.69],[18.23,42.89],[18.24,42.95],[18.25,43.15],[18.67,43.67],[18.83,43.67],[19.0,43.86],[19.16,43.8],[19.49,43.93],[19.5,44.06],[19.11,44.32],[19.3,44.84],[19.62,44.91],[19.86,44.71],[20.35,44.84],[20.83,44.71],[21.08,44.84],[21.41,44.84],[21.8,44.65],[21.88,44.65],[21.95,44.52]]],[[[22.36,44.58],[22.37,44.65],[22.45,44.65],[22.44,44.58],[22.36,44.58]]]]},"properties":{"id":"territory:Serbian Empire:1363","name":"Serbian Empire","name_en":"Serbian Empire","actor":"기타중립","valid_from":1363,"valid_to":1375,"wikidata":"Q1406298","area":184871,"src":"cliopatria","confidence":"medium"}},{"type":"Feature","geometry":{"type":"Point","coordinates":[21.026,41.854]},"properties":{"id":"territory:Serbian Empire:1363:label","name":"Serbian Empire","name_en":"Serbian Empire","actor":"기타중립","valid_from":1363,"valid_to":1375,"wikidata":"Q1406298","area":184871,"src":"cliopatria","confidence":"medium"}},{"type":"Feature","geometry":{"type":"Polygon","coordinates":[[[45.97,60.42],[45.82,60.0],[45.46,59.71],[45.16,59.64],[45.2,59.5],[44.93,59.5],[43.96,59.02],[43.54,58.53],[43.28,57.97],[43.19,57.97],[43.2,57.7],[43.0,57.63],[43.03,57.42],[42.83,57.35],[42.81,57.28],[42.42,57.14],[42.34,56.87],[42.03,56.73],[42.1,56.66],[41.98,56.52],[40.33,56.32],[40.15,55.98],[39.94,55.84],[39.33,55.84],[39.3,55.7],[39.12,55.7],[39.31,56.11],[39.08,56.25],[39.29,56.39],[39.34,56.94],[38.81,57.28],[38.46,57.28],[38.05,57.08],[37.8,57.14],[37.85,57.7],[38.49,57.77],[38.45,58.32],[38.36,58.32],[38.4,58.46],[38.25,58.6],[37.84,58.74],[37.64,58.67],[37.61,58.53],[37.75,58.39],[37.7,58.18],[37.68,58.11],[37.77,58.11],[37.77,57.77],[37.26,57.83],[37.21,57.63],[36.55,57.49],[36.59,58.04],[36.5,58.04],[36.55,58.25],[36.46,58.25],[36.51,58.46],[36.42,58.46],[36.45,58.95],[35.96,59.16],[35.91,59.71],[35.77,59.85],[35.82,60.07],[35.73,60.07],[35.85,60.56],[36.74,60.84],[37.29,60.84],[37.26,60.35],[37.35,60.35],[37.37,60.07],[37.53,60.0],[37.49,59.85],[37.66,59.78],[37.69,59.57],[38.06,59.57],[38.04,59.5],[38.13,59.5],[38.55,59.71],[38.87,60.56],[39.29,60.42],[39.32,60.21],[39.74,60.07],[39.86,59.85],[40.28,59.71],[40.61,59.29],[40.79,59.29],[41.6,59.57],[41.64,59.71],[42.2,60.07],[43.01,60.91],[43.29,61.48],[43.54,61.69],[44.28,61.69],[44.49,61.76],[44.54,61.9],[46.09,61.83],[46.07,61.76],[46.25,61.76],[46.39,61.62],[46.24,61.19],[46.21,61.12],[45.99,60.49],[45.97,60.42]]]},"properties":{"id":"territory:Principality of Vladimir-Suzdal:1333","name":"Principality of Vladimir-Suzdal","name_en":"Principality of Vladimir-Suzdal","actor":"기타중립","valid_from":1333,"valid_to":1344,"wikidata":"Q83546","area":184522,"src":"cliopatria","confidence":"medium"}},{"type":"Feature","geometry":{"type":"Point","coordinates":[41.023,59.016]},"properties":{"id":"territory:Principality of Vladimir-Suzdal:1333:label","name":"Principality of Vladimir-Suzdal","name_en":"Principality of Vladimir-Suzdal","actor":"기타중립","valid_from":1333,"valid_to":1344,"wikidata":"Q83546","area":184522,"src":"cliopatria","confidence":"medium"}},{"type":"Feature","geometry":{"type":"MultiPolygon","coordinates":[[[[45.23,42.69],[45.73,42.43],[45.75,42.11],[46.3,42.04],[46.35,41.91],[46.74,41.85],[47.15,41.52],[47.11,41.33],[46.6,41.13],[46.26,40.61],[46.49,40.55],[46.54,40.42],[46.87,40.48],[46.94,40.42],[46.8,40.1],[47.0,39.9],[47.31,39.9],[47.36,39.71],[47.5,39.64],[47.48,39.51],[46.67,38.93],[46.19,38.87],[46.05,39.0],[46.08,39.19],[45.87,39.32],[45.89,39.45],[45.76,39.58],[45.51,39.51],[45.32,39.77],[44.95,39.9],[44.82,40.1],[44.25,39.97],[44.12,39.71],[43.77,39.45],[42.42,39.38],[42.39,39.19],[41.67,39.13],[40.76,39.32],[40.94,39.51],[41.52,39.71],[41.57,40.03],[41.43,40.1],[41.39,40.36],[40.93,40.48],[41.16,40.94],[41.17,41.0],[41.35,41.13],[41.23,41.33],[41.57,41.46],[41.6,41.65],[41.78,41.78],[41.76,42.11],[41.6,42.11],[41.7,42.24],[41.48,42.37],[41.61,42.63],[41.12,43.02],[40.82,43.15],[40.42,43.15],[40.22,43.41],[39.98,43.41],[39.34,43.93],[39.35,43.99],[40.03,43.73],[40.29,43.8],[40.26,43.67],[40.4,43.54],[41.12,43.47],[41.71,43.21],[42.99,43.15],[43.42,42.89],[43.66,42.89],[43.85,42.63],[44.36,42.76],[44.74,42.69],[44.82,42.69],[45.23,42.69]]],[[[39.28,44.06],[39.36,44.06],[39.35,43.99],[39.27,43.99],[39.19,43.99],[39.2,44.06],[39.28,44.06]]],[[[39.12,44.06],[39.13,44.12],[39.21,44.12],[39.2,44.06],[39.12,44.06]]],[[[39.05,44.12],[39.06,44.19],[39.14,44.19],[39.13,44.12],[39.05,44.12]]]]},"properties":{"id":"territory:Kingdom of Georgia:1333","name":"Kingdom of Georgia","name_en":"Kingdom of Georgia","actor":"기타중립","valid_from":1333,"valid_to":1344,"wikidata":"Q154667","area":175909,"src":"cliopatria","confidence":"medium"}},{"type":"Feature","geometry":{"type":"Point","coordinates":[43.816,41.119]},"properties":{"id":"territory:Kingdom of Georgia:1333:label","name":"Kingdom of Georgia","name_en":"Kingdom of Georgia","actor":"기타중립","valid_from":1333,"valid_to":1344,"wikidata":"Q154667","area":175909,"src":"cliopatria","confidence":"medium"}},{"type":"Feature","geometry":{"type":"MultiPolygon","coordinates":[[[[45.23,42.69],[45.67,42.5],[45.75,42.11],[46.3,42.04],[46.35,41.91],[46.74,41.85],[47.14,41.46],[47.11,41.33],[46.6,41.13],[46.26,40.61],[46.49,40.55],[46.54,40.42],[46.87,40.48],[46.94,40.42],[46.8,40.1],[47.0,39.9],[47.31,39.9],[47.36,39.71],[47.44,39.71],[47.42,39.64],[47.41,39.58],[47.4,39.51],[46.67,38.93],[46.19,38.87],[46.05,39.0],[46.08,39.19],[45.87,39.32],[45.89,39.45],[45.76,39.58],[45.51,39.51],[45.32,39.77],[44.95,39.9],[44.82,40.1],[44.51,40.1],[43.69,39.45],[42.42,39.38],[42.39,39.19],[41.67,39.13],[40.76,39.32],[40.94,39.51],[41.52,39.71],[41.57,40.03],[41.43,40.1],[41.39,40.36],[41.15,40.36],[40.93,40.48],[41.17,41.0],[41.25,41.0],[41.35,41.13],[41.23,41.33],[41.57,41.46],[41.6,41.65],[41.78,41.78],[41.76,42.11],[41.6,42.11],[41.7,42.24],[41.48,42.37],[41.61,42.63],[41.12,43.02],[40.82,43.15],[40.42,43.15],[40.22,43.41],[39.98,43.41],[39.34,43.93],[39.35,43.99],[40.03,43.73],[40.29,43.8],[40.26,43.67],[40.4,43.54],[41.12,43.47],[41.71,43.21],[42.99,43.15],[43.42,42.89],[43.66,42.89],[43.85,42.63],[44.36,42.76],[44.74,42.69],[44.82,42.69],[45.23,42.69]]],[[[39.28,44.06],[39.36,44.06],[39.35,43.99],[39.27,43.99],[39.19,43.99],[39.2,44.06],[39.28,44.06]]],[[[39.12,44.06],[39.13,44.12],[39.21,44.12],[39.2,44.06],[39.12,44.06]]],[[[39.05,44.12],[39.06,44.19],[39.14,44.19],[39.13,44.12],[39.05,44.12]]]]},"properties":{"id":"territory:Kingdom of Georgia:1344","name":"Kingdom of Georgia","name_en":"Kingdom of Georgia","actor":"기타중립","valid_from":1344,"valid_to":1375,"wikidata":"Q154667","area":175163,"src":"cliopatria","confidence":"medium"}},{"type":"Feature","geometry":{"type":"Point","coordinates":[43.805,41.125]},"properties":{"id":"territory:Kingdom of Georgia:1344:label","name":"Kingdom of Georgia","name_en":"Kingdom of Georgia","actor":"기타중립","valid_from":1344,"valid_to":1375,"wikidata":"Q154667","area":175163,"src":"cliopatria","confidence":"medium"}},{"type":"Feature","geometry":{"type":"MultiPolygon","coordinates":[[[[23.06,36.67],[22.83,36.87],[22.6,36.87],[22.51,36.67],[22.36,36.67],[22.22,37.06],[22.14,37.06],[22.15,37.32],[22.32,37.58],[22.71,37.58],[22.71,37.51],[22.71,37.45],[22.7,37.32],[23.0,37.0],[23.06,36.67]]],[[[24.2,37.64],[24.28,37.71],[24.36,37.71],[24.43,37.58],[24.27,37.51],[24.2,37.64]]],[[[24.36,38.87],[24.36,39.0],[24.44,39.0],[24.67,38.93],[24.66,38.74],[24.36,38.87]]],[[[24.97,39.84],[25.07,40.03],[25.15,40.03],[25.46,40.03],[25.45,39.84],[24.97,39.84]]],[[[19.41,40.61],[19.41,40.68],[19.44,40.68],[19.39,40.71],[19.33,40.61],[19.25,40.68],[19.25,40.74],[19.33,40.74],[19.5,40.87],[19.42,40.94],[19.53,41.52],[19.46,41.65],[19.54,41.65],[19.78,41.78],[20.01,41.59],[20.64,41.39],[20.96,41.39],[21.04,41.52],[21.43,41.39],[22.39,41.39],[22.57,41.78],[22.42,41.85],[22.45,42.3],[22.37,42.3],[22.46,42.5],[22.54,42.5],[22.54,42.56],[22.62,42.56],[22.62,42.5],[22.7,42.5],[22.69,42.43],[22.69,42.37],[22.77,42.37],[23.57,42.43],[23.65,42.3],[25.08,42.24],[25.07,42.17],[25.15,42.17],[25.55,42.17],[25.99,41.72],[26.23,41.72],[26.57,41.98],[27.06,42.11],[27.38,42.11],[27.45,41.98],[27.93,41.98],[27.92,41.91],[28.0,41.91],[28.05,41.59],[28.22,41.65],[28.35,41.39],[28.98,41.26],[28.96,41.13],[30.48,41.2],[30.62,41.07],[31.18,41.07],[31.53,41.33],[31.5,41.13],[30.91,40.74],[30.9,40.68],[30.17,40.48],[29.66,40.16],[29.58,40.16],[28.68,39.84],[28.68,39.77],[27.82,39.9],[26.95,39.84],[26.78,39.71],[26.15,39.71],[26.15,39.77],[26.27,40.29],[26.6,40.48],[26.68,40.48],[26.67,40.36],[27.47,40.42],[27.54,40.29],[27.7,40.29],[27.79,40.48],[27.95,40.48],[27.94,40.36],[29.05,40.36],[28.9,40.48],[28.91,40.61],[29.39,40.68],[29.49,40.87],[29.25,40.81],[29.1,40.94],[29.12,41.07],[27.53,41.07],[26.84,40.48],[26.78,40.68],[26.63,40.74],[26.14,40.61],[26.08,40.87],[25.85,40.94],[24.35,41.0],[24.01,40.74],[23.7,40.81],[23.68,40.61],[23.84,40.55],[23.74,40.23],[22.96,40.42],[22.89,40.61],[22.65,40.61],[22.56,40.42],[22.56,40.36],[22.09,40.42],[22.0,40.23],[21.36,40.1],[20.8,39.97],[20.47,39.71],[20.15,39.71],[20.08,39.71],[19.92,39.71],[20.01,39.97],[19.55,40.29],[19.58,40.38],[19.47,40.29],[19.49,40.61],[19.41,40.61]],[[19.62,40.5],[19.64,40.55],[19.49,40.65],[19.49,40.61],[19.62,40.5]]],[[[24.55,40.55],[24.49,40.81],[24.57,40.81],[24.81,40.81],[24.79,40.61],[24.55,40.55]]],[[[27.74,35.9],[27.69,36.29],[28.02,36.48],[28.09,36.48],[28.25,36.48],[28.14,36.03],[27.74,35.9]]],[[[25.33,37.0],[25.34,37.13],[25.42,37.13],[25.57,37.13],[25.56,37.0],[25.33,37.0]]],[[[25.99,37.51],[26.08,37.71],[26.16,37.71],[26.31,37.71],[26.3,37.58],[25.99,37.51]]],[[[26.62,37.64],[26.56,37.84],[26.64,37.84],[27.03,37.84],[27.01,37.64],[26.62,37.64]]],[[[26.82,38.22],[26.43,38.22],[26.38,38.67],[26.54,38.61],[26.59,38.35],[27.06,38.35],[27.08,38.55],[26.85,38.61],[26.94,38.8],[26.87,38.87],[26.95,38.87],[26.95,38.93],[28.52,38.93],[28.5,38.67],[28.64,38.48],[28.38,38.09],[27.67,38.09],[27.59,38.09],[27.12,38.03],[26.89,38.09],[26.82,38.22]]],[[[26.25,38.93],[26.09,39.0],[26.1,39.13],[25.79,39.19],[26.04,39.38],[26.12,39.38],[26.51,39.32],[26.64,39.0],[26.25,38.93]]],[[[25.72,40.29],[25.8,40.29],[26.04,40.29],[26.02,40.16],[25.7,40.1],[25.72,40.29]]],[[[31.53,41.33],[31.53,41.39],[31.61,41.39],[31.61,41.33],[31.53,41.33]]]]},"properties":{"id":"territory:Byzantine Empire:1305","name":"비잔티움 제국","name_en":"Byzantine Empire","actor":"로마","valid_from":1305,"valid_to":1314,"wikidata":"Q112039853","area":171727,"src":"cliopatria","confidence":"medium"}},{"type":"Feature","geometry":{"type":"Point","coordinates":[24.625,41.048]},"properties":{"id":"territory:Byzantine Empire:1305:label","name":"비잔티움 제국","name_en":"Byzantine Empire","actor":"로마","valid_from":1305,"valid_to":1314,"wikidata":"Q112039853","area":171727,"src":"cliopatria","confidence":"medium"}},{"type":"Feature","geometry":{"type":"MultiPolygon","coordinates":[[[[19.09,50.18],[19.09,50.11],[19.08,50.05],[19.08,49.98],[19.16,49.98],[19.24,49.85],[18.88,49.52],[18.38,49.45],[17.94,48.99],[16.93,48.72],[16.18,48.72],[15.69,48.92],[14.94,48.99],[14.85,48.72],[14.6,48.59],[14.1,48.65],[13.61,48.92],[13.52,48.92],[13.53,48.99],[13.44,48.99],[13.36,48.99],[13.03,49.25],[12.53,49.52],[12.53,49.65],[12.37,49.71],[12.37,49.98],[12.12,50.18],[12.12,50.25],[12.29,50.25],[12.38,50.38],[12.8,50.38],[13.22,50.65],[13.99,50.85],[14.07,50.85],[14.33,50.98],[14.33,51.25],[14.34,51.31],[14.25,51.31],[14.25,51.38],[14.26,51.45],[14.26,51.51],[14.26,51.58],[14.26,51.71],[14.1,51.85],[13.76,51.85],[13.59,51.98],[12.91,52.18],[12.4,52.18],[12.41,52.32],[12.58,52.45],[12.33,52.65],[12.33,52.79],[11.9,52.59],[11.13,52.52],[11.04,52.86],[11.22,53.06],[11.3,53.06],[11.39,53.06],[11.39,53.19],[11.13,53.26],[11.31,53.46],[11.56,53.39],[11.74,53.6],[11.91,53.6],[12.17,53.39],[12.77,53.39],[13.2,53.33],[13.55,53.66],[13.9,53.73],[14.32,53.39],[14.23,53.26],[14.48,53.06],[14.65,53.06],[14.82,53.19],[15.26,53.26],[15.44,53.53],[15.78,53.46],[15.7,53.66],[15.79,53.73],[16.05,53.66],[15.98,54.07],[16.41,54.0],[16.31,53.8],[16.4,53.8],[16.48,53.6],[16.3,53.53],[16.29,53.39],[16.12,53.33],[16.11,53.12],[16.02,53.12],[16.1,52.86],[15.58,52.72],[15.48,52.52],[15.81,52.25],[15.81,52.12],[16.14,51.85],[16.13,51.71],[16.56,51.71],[16.72,51.58],[16.98,51.71],[17.32,51.71],[17.55,51.25],[17.97,51.25],[18.05,51.11],[18.71,50.85],[18.7,50.71],[19.03,50.58],[19.02,50.45],[19.19,50.38],[19.17,50.18],[19.09,50.18]]],[[[13.59,51.78],[13.67,51.78],[13.67,51.71],[13.67,51.65],[13.58,51.65],[13.24,51.71],[13.25,51.85],[13.5,51.85],[13.59,51.85],[13.59,51.78]]]]},"properties":{"id":"territory:Kingdom of Bohemia:1375","name":"Kingdom of Bohemia","name_en":"Kingdom of Bohemia","actor":"기타중립","valid_from":1375,"valid_to":1385,"wikidata":"Q42585","area":170577,"src":"cliopatria","confidence":"medium"}},{"type":"Feature","geometry":{"type":"Point","coordinates":[15.25,50.938]},"properties":{"id":"territory:Kingdom of Bohemia:1375:label","name":"Kingdom of Bohemia","name_en":"Kingdom of Bohemia","actor":"기타중립","valid_from":1375,"valid_to":1385,"wikidata":"Q42585","area":170577,"src":"cliopatria","confidence":"medium"}},{"type":"Feature","geometry":{"type":"MultiPolygon","coordinates":[[[[22.87,36.16],[22.89,36.42],[22.96,36.42],[23.12,36.35],[23.11,36.16],[22.87,36.16]]],[[[22.83,36.87],[22.6,36.87],[22.51,36.67],[22.36,36.67],[22.22,37.06],[22.14,37.06],[22.06,37.06],[21.67,37.0],[21.61,37.38],[21.7,37.51],[21.24,37.84],[21.42,38.16],[21.73,38.16],[21.74,38.42],[22.13,38.42],[22.29,38.35],[22.28,38.22],[22.44,38.29],[22.43,38.16],[22.59,38.16],[22.66,37.96],[23.05,38.03],[23.04,37.77],[23.11,37.64],[23.34,37.64],[23.4,37.32],[23.17,37.32],[23.1,37.51],[22.87,37.58],[22.79,37.58],[22.71,37.58],[22.71,37.51],[22.71,37.45],[22.7,37.32],[23.0,37.0],[23.06,36.67],[22.83,36.87]]],[[[24.2,37.64],[24.28,37.71],[24.36,37.71],[24.43,37.58],[24.27,37.51],[24.2,37.64]]],[[[20.62,37.9],[20.7,37.9],[20.93,37.9],[20.92,37.64],[20.61,37.71],[20.62,37.9]]],[[[24.68,37.84],[24.69,38.03],[24.77,38.03],[25.07,37.77],[24.83,37.71],[24.68,37.84]]],[[[20.32,38.16],[20.33,38.35],[20.49,38.42],[20.57,38.42],[20.8,38.29],[20.79,38.09],[20.32,38.16]]],[[[24.36,38.87],[24.36,39.0],[24.44,39.0],[24.67,38.93],[24.66,38.74],[24.36,38.87]]],[[[25.07,40.03],[25.15,40.03],[25.46,40.03],[25.45,39.84],[24.97,39.84],[25.07,40.03]]],[[[24.49,40.81],[24.57,40.81],[24.81,40.81],[24.79,40.61],[24.55,40.55],[24.49,40.81]]],[[[25.33,37.0],[25.34,37.13],[25.42,37.13],[25.57,37.13],[25.56,37.0],[25.33,37.0]]],[[[26.62,37.64],[26.56,37.84],[26.64,37.84],[27.03,37.84],[27.01,37.64],[26.62,37.64]]],[[[25.88,38.16],[25.9,38.48],[25.82,38.48],[25.91,38.67],[25.99,38.67],[26.22,38.55],[26.11,38.16],[25.88,38.16]]],[[[26.09,39.0],[26.1,39.13],[25.79,39.19],[26.04,39.38],[26.12,39.38],[26.51,39.32],[26.64,39.0],[26.25,38.93],[26.09,39.0]]],[[[25.72,40.29],[25.8,40.29],[26.04,40.29],[26.02,40.16],[25.7,40.1],[25.72,40.29]]],[[[26.67,40.36],[26.26,40.1],[26.26,40.16],[26.27,40.23],[26.27,40.29],[26.35,40.29],[26.36,40.36],[26.6,40.48],[26.68,40.42],[26.67,40.36]]],[[[31.5,41.13],[31.25,41.0],[31.25,40.94],[30.16,40.42],[29.92,40.42],[29.94,40.55],[29.7,40.61],[29.72,40.74],[29.48,40.74],[29.49,40.81],[29.25,40.81],[29.1,40.94],[29.12,41.07],[27.53,41.07],[26.84,40.48],[26.78,40.68],[26.63,40.74],[26.14,40.61],[26.08,40.87],[25.85,40.94],[24.35,41.0],[24.01,40.74],[23.7,40.81],[23.68,40.61],[23.84,40.55],[23.74,40.23],[23.27,40.29],[22.88,40.48],[22.89,40.61],[22.65,40.61],[22.56,40.36],[22.54,40.1],[22.7,40.1],[22.61,39.9],[23.14,39.45],[22.82,39.38],[22.8,39.06],[22.96,39.13],[23.02,38.87],[22.94,38.87],[22.16,38.93],[22.17,39.06],[21.79,39.38],[21.8,39.51],[21.5,39.77],[21.36,40.1],[20.8,39.97],[20.47,39.71],[20.15,39.71],[20.08,39.71],[19.92,39.71],[20.01,39.97],[19.63,40.29],[19.55,40.29],[19.64,40.55],[19.49,40.61],[19.49,40.68],[19.33,40.74],[19.5,40.87],[19.42,40.94],[19.53,41.52],[19.46,41.65],[19.54,41.65],[19.78,41.78],[20.01,41.59],[20.64,41.39],[20.96,41.39],[21.04,41.52],[21.43,41.39],[22.39,41.39],[22.57,41.72],[22.42,41.85],[22.43,42.11],[22.51,42.11],[23.23,42.04],[23.49,42.3],[25.08,42.24],[25.07,42.17],[25.15,42.17],[25.55,42.17],[25.99,41.72],[26.23,41.72],[26.57,41.98],[27.06,42.04],[27.57,42.37],[27.65,42.37],[28.0,41.91],[27.98,41.65],[28.22,41.65],[28.28,41.46],[28.51,41.33],[28.98,41.26],[28.96,41.13],[30.48,41.2],[30.78,41.07],[30.86,41.07],[31.18,41.07],[31.53,41.33],[31.5,41.13]]],[[[41.26,41.07],[41.25,41.0],[41.17,41.0],[41.18,41.07],[41.26,41.07]]],[[[41.34,41.07],[41.26,41.07],[41.27,41.13],[41.35,41.13],[41.34,41.07]]],[[[31.53,41.33],[31.53,41.39],[31.61,41.39],[31.61,41.33],[31.53,41.33]]]]},"properties":{"id":"territory:Byzantine Empire:1333","name":"비잔티움 제국","name_en":"Byzantine Empire","actor":"로마","valid_from":1333,"valid_to":1344,"wikidata":"Q112039853","area":166504,"src":"cliopatria","confidence":"medium"}},{"type":"Feature","geometry":{"type":"Point","coordinates":[23.988,41.01]},"properties":{"id":"territory:Byzantine Empire:1333:label","name":"비잔티움 제국","name_en":"Byzantine Empire","actor":"로마","valid_from":1333,"valid_to":1344,"wikidata":"Q112039853","area":166504,"src":"cliopatria","confidence":"medium"}},{"type":"Feature","geometry":{"type":"MultiPolygon","coordinates":[[[[36.12,56.8],[36.67,56.87],[36.81,57.08],[37.07,57.08],[37.28,57.21],[37.8,57.14],[38.05,57.08],[38.46,57.28],[39.15,57.21],[39.13,57.14],[39.68,57.21],[39.82,57.08],[39.79,56.94],[40.32,56.94],[40.33,56.32],[40.15,55.98],[39.94,55.84],[39.33,55.84],[39.3,55.7],[39.12,55.7],[38.87,55.02],[38.45,54.75],[37.8,54.95],[37.18,54.89],[36.54,55.16],[35.79,55.29],[35.69,55.63],[35.53,55.7],[35.5,56.39],[34.93,56.59],[34.96,56.73],[34.79,56.8],[33.7,57.08],[33.36,57.56],[33.67,57.77],[34.23,57.9],[35.02,57.83],[35.01,57.77],[35.36,57.77],[35.69,57.63],[35.84,57.49],[35.83,57.08],[35.92,57.08],[35.86,56.8],[36.11,56.73],[36.12,56.8]]],[[[37.64,58.67],[38.02,58.74],[38.07,58.6],[38.25,58.6],[38.4,58.46],[38.43,57.9],[38.52,57.9],[38.49,57.77],[37.85,57.7],[37.76,57.7],[37.77,57.77],[37.64,58.67]]],[[[40.04,59.85],[40.09,59.71],[40.28,59.71],[40.61,59.29],[40.79,59.29],[41.02,59.16],[41.26,59.36],[41.54,59.36],[42.07,59.64],[42.62,59.64],[42.6,59.57],[43.98,59.64],[43.96,59.57],[45.02,59.5],[45.68,59.85],[45.85,60.07],[45.94,60.07],[47.24,60.14],[47.1,60.0],[47.44,59.92],[47.55,60.0],[47.5,59.85],[47.75,59.78],[47.51,59.36],[43.98,59.09],[43.96,59.02],[43.6,59.02],[43.04,58.67],[42.61,58.11],[41.92,57.9],[41.58,57.97],[41.6,58.04],[41.24,58.04],[41.19,57.83],[40.7,57.7],[40.75,58.18],[40.91,58.46],[40.84,58.53],[40.86,58.6],[40.77,58.6],[40.83,58.81],[40.09,58.74],[39.56,59.09],[38.94,59.16],[38.8,59.29],[38.44,59.29],[38.36,59.02],[37.89,58.95],[37.68,58.81],[36.78,58.81],[36.72,58.95],[36.45,58.95],[35.96,59.16],[35.91,59.71],[35.77,59.85],[35.82,60.07],[35.73,60.07],[35.85,60.56],[36.25,60.7],[36.52,60.7],[36.74,60.84],[38.32,60.91],[38.38,60.77],[39.29,60.42],[39.32,60.21],[39.5,60.21],[39.56,60.07],[39.81,60.0],[39.79,59.92],[40.04,59.85]]]]},"properties":{"id":"territory:Grand Principality of Moscow:1375","name":"모스크바 대공국","name_en":"Grand Principality of Moscow","actor":"기타중립","valid_from":1375,"valid_to":1395,"wikidata":"Q170770","area":164593,"src":"cliopatria","confidence":"medium"}},{"type":"Feature","geometry":{"type":"Point","coordinates":[40.501,59.475]},"properties":{"id":"territory:Grand Principality of Moscow:1375:label","name":"모스크바 대공국","name_en":"Grand Principality of Moscow","actor":"기타중립","valid_from":1375,"valid_to":1395,"wikidata":"Q170770","area":164593,"src":"cliopatria","confidence":"medium"}},{"type":"Feature","geometry":{"type":"MultiPolygon","coordinates":[[[[22.87,36.16],[22.89,36.42],[22.96,36.42],[23.12,36.35],[23.11,36.16],[22.87,36.16]]],[[[22.83,36.87],[22.6,36.87],[22.51,36.67],[22.36,36.67],[22.22,37.06],[22.14,37.06],[22.06,37.06],[21.67,37.0],[21.61,37.38],[21.7,37.51],[21.24,37.84],[21.42,38.16],[21.73,38.16],[21.74,38.42],[21.19,38.42],[20.97,38.74],[20.74,38.8],[20.91,39.06],[20.3,39.38],[20.15,39.71],[19.92,39.71],[20.01,39.97],[19.63,40.29],[19.55,40.29],[19.64,40.55],[19.49,40.61],[19.49,40.68],[19.33,40.74],[19.5,40.87],[19.42,40.94],[19.53,41.52],[19.46,41.65],[19.54,41.65],[19.78,41.78],[20.01,41.59],[20.64,41.39],[20.96,41.39],[21.04,41.52],[21.43,41.39],[22.39,41.39],[22.57,41.72],[22.42,41.85],[22.43,42.11],[22.51,42.11],[24.57,41.91],[25.19,41.65],[26.23,41.72],[26.57,41.98],[27.06,42.11],[27.38,42.11],[27.45,41.98],[27.93,41.98],[27.92,41.91],[28.0,41.91],[28.05,41.59],[28.22,41.65],[28.35,41.39],[28.98,41.26],[29.04,41.07],[27.53,41.07],[27.02,40.68],[26.92,40.48],[26.63,40.74],[26.14,40.61],[26.08,40.87],[25.85,40.94],[24.35,41.0],[24.01,40.74],[23.7,40.81],[23.68,40.61],[23.84,40.55],[23.74,40.23],[23.11,40.36],[23.12,40.42],[23.2,40.42],[23.21,40.61],[23.13,40.61],[23.14,40.81],[22.5,40.74],[22.41,40.55],[22.57,40.48],[22.56,40.42],[22.54,40.1],[22.7,40.1],[22.61,39.9],[23.14,39.45],[22.82,39.38],[22.8,39.06],[22.96,39.13],[23.02,38.87],[22.94,38.87],[22.16,38.93],[21.99,38.67],[22.06,38.42],[22.13,38.42],[22.29,38.35],[22.28,38.22],[22.44,38.29],[22.43,38.16],[22.59,38.16],[22.66,37.96],[23.05,38.03],[23.04,37.77],[23.11,37.64],[23.34,37.64],[23.4,37.32],[23.17,37.32],[23.1,37.51],[22.87,37.58],[22.79,37.58],[22.71,37.58],[22.71,37.51],[22.71,37.45],[22.7,37.32],[23.0,37.0],[23.06,36.67],[22.83,36.87]]],[[[24.2,37.64],[24.28,37.71],[24.36,37.71],[24.43,37.58],[24.27,37.51],[24.2,37.64]]],[[[20.62,37.9],[20.7,37.9],[20.93,37.9],[20.92,37.64],[20.61,37.71],[20.62,37.9]]],[[[24.68,37.84],[24.69,38.03],[24.77,38.03],[25.07,37.77],[24.83,37.71],[24.68,37.84]]],[[[20.33,38.35],[20.49,38.42],[20.57,38.42],[20.8,38.29],[20.79,38.09],[20.32,38.16],[20.33,38.35]]],[[[24.36,39.0],[24.44,39.0],[24.67,38.93],[24.66,38.74],[24.36,38.87],[24.36,39.0]]],[[[20.07,39.64],[20.15,39.64],[20.15,39.58],[20.07,39.58],[20.07,39.64]]],[[[25.07,40.03],[25.15,40.03],[25.46,40.03],[25.45,39.84],[24.97,39.84],[25.07,40.03]]],[[[24.55,40.55],[24.49,40.81],[24.57,40.81],[24.81,40.81],[24.79,40.61],[24.55,40.55]]],[[[25.34,37.13],[25.42,37.13],[25.57,37.13],[25.56,37.0],[25.33,37.0],[25.34,37.13]]],[[[26.56,37.84],[26.64,37.84],[27.03,37.84],[27.01,37.64],[26.62,37.64],[26.56,37.84]]],[[[25.88,38.16],[25.9,38.48],[25.82,38.48],[25.91,38.67],[25.99,38.67],[26.22,38.55],[26.11,38.16],[25.88,38.16]]],[[[26.09,39.0],[26.1,39.13],[25.79,39.19],[26.04,39.38],[26.12,39.38],[26.51,39.32],[26.64,39.0],[26.25,38.93],[26.09,39.0]]],[[[25.72,40.29],[25.8,40.29],[26.04,40.29],[26.02,40.16],[25.7,40.1],[25.72,40.29]]],[[[26.67,40.36],[26.26,40.1],[26.26,40.16],[26.27,40.23],[26.27,40.29],[26.35,40.29],[26.36,40.36],[26.6,40.48],[26.68,40.42],[26.67,40.36]]],[[[41.25,41.0],[41.17,41.0],[41.18,41.07],[41.26,41.07],[41.25,41.0]]],[[[41.34,41.07],[41.26,41.07],[41.27,41.13],[41.35,41.13],[41.34,41.07]]],[[[29.6,41.13],[29.68,41.13],[29.76,41.13],[29.76,41.2],[29.84,41.2],[29.83,41.07],[29.59,41.0],[29.2,41.13],[29.21,41.2],[29.29,41.2],[29.37,41.2],[29.45,41.2],[29.53,41.2],[29.61,41.2],[29.6,41.13]]],[[[31.43,41.13],[31.26,41.07],[31.53,41.33],[31.5,41.13],[31.43,41.13]]],[[[31.53,41.33],[31.53,41.39],[31.61,41.39],[31.61,41.33],[31.53,41.33]]]]},"properties":{"id":"territory:Byzantine Empire:1344","name":"비잔티움 제국","name_en":"Byzantine Empire","actor":"로마","valid_from":1344,"valid_to":1352,"wikidata":"Q112039853","area":164074,"src":"cliopatria","confidence":"medium"}},{"type":"Feature","geometry":{"type":"Point","coordinates":[22.993,40.328]},"properties":{"id":"territory:Byzantine Empire:1344:label","name":"비잔티움 제국","name_en":"Byzantine Empire","actor":"로마","valid_from":1344,"valid_to":1352,"wikidata":"Q112039853","area":164074,"src":"cliopatria","confidence":"medium"}},{"type":"Feature","geometry":{"type":"MultiPolygon","coordinates":[[[[45.23,42.69],[45.67,42.5],[45.75,42.11],[46.3,42.04],[46.35,41.91],[46.74,41.85],[47.15,41.52],[47.11,41.33],[46.6,41.13],[46.26,40.61],[46.49,40.55],[46.54,40.42],[46.94,40.42],[46.8,40.1],[47.0,39.9],[47.38,39.84],[47.39,39.45],[46.67,38.93],[46.26,38.87],[46.05,39.0],[46.08,39.19],[45.87,39.32],[45.89,39.45],[45.76,39.58],[45.51,39.51],[45.32,39.77],[44.95,39.9],[44.82,40.1],[44.25,39.97],[44.12,39.71],[43.77,39.45],[43.06,39.45],[43.17,39.64],[43.09,39.64],[43.11,39.77],[42.82,39.9],[42.49,39.84],[42.27,39.97],[41.87,39.9],[41.43,40.1],[41.39,40.36],[41.15,40.36],[40.93,40.48],[41.17,41.0],[41.25,41.0],[41.35,41.13],[41.23,41.33],[41.57,41.46],[41.6,41.65],[41.78,41.78],[41.76,42.11],[41.6,42.11],[41.7,42.24],[41.48,42.37],[41.61,42.63],[41.12,43.02],[40.82,43.15],[40.42,43.15],[40.22,43.41],[39.98,43.41],[39.34,43.93],[39.35,43.99],[40.03,43.73],[40.29,43.8],[40.26,43.67],[40.4,43.54],[41.12,43.47],[41.71,43.21],[42.99,43.15],[43.42,42.89],[43.66,42.89],[43.85,42.63],[44.36,42.76],[44.74,42.69],[44.82,42.69],[45.23,42.69]]],[[[39.28,44.06],[39.36,44.06],[39.35,43.99],[39.27,43.99],[39.19,43.99],[39.2,44.06],[39.28,44.06]]],[[[39.12,44.06],[39.13,44.12],[39.21,44.12],[39.2,44.06],[39.12,44.06]]],[[[39.05,44.12],[39.06,44.19],[39.14,44.19],[39.13,44.12],[39.05,44.12]]]]},"properties":{"id":"territory:Kingdom of Georgia:1385","name":"Kingdom of Georgia","name_en":"Kingdom of Georgia","actor":"기타중립","valid_from":1385,"valid_to":1395,"wikidata":"Q154667","area":163535,"src":"cliopatria","confidence":"medium"}},{"type":"Feature","geometry":{"type":"Point","coordinates":[43.936,41.236]},"properties":{"id":"territory:Kingdom of Georgia:1385:label","name":"Kingdom of Georgia","name_en":"Kingdom of Georgia","actor":"기타중립","valid_from":1385,"valid_to":1395,"wikidata":"Q154667","area":163535,"src":"cliopatria","confidence":"medium"}},{"type":"Feature","geometry":{"type":"MultiPolygon","coordinates":[[[[45.23,42.69],[45.67,42.5],[45.75,42.11],[46.3,42.04],[46.35,41.91],[46.74,41.85],[47.14,41.46],[47.11,41.33],[46.6,41.13],[46.26,40.61],[46.49,40.55],[46.54,40.42],[46.87,40.48],[46.94,40.42],[46.8,40.1],[47.0,39.9],[47.31,39.9],[47.36,39.71],[47.44,39.71],[47.42,39.64],[47.41,39.58],[47.4,39.51],[46.67,38.93],[46.19,38.87],[46.05,39.0],[46.08,39.19],[45.87,39.32],[45.89,39.45],[45.76,39.58],[45.51,39.51],[45.32,39.77],[44.95,39.9],[44.82,40.1],[44.25,39.97],[44.12,39.71],[43.77,39.45],[43.06,39.45],[43.17,39.64],[43.09,39.64],[43.11,39.77],[42.82,39.9],[42.49,39.84],[42.27,39.97],[41.87,39.9],[41.43,40.1],[41.39,40.36],[41.15,40.36],[40.93,40.48],[41.17,41.0],[41.25,41.0],[41.35,41.13],[41.23,41.33],[41.57,41.46],[41.6,41.65],[41.78,41.78],[41.76,42.11],[41.6,42.11],[41.7,42.24],[41.48,42.37],[41.61,42.63],[41.12,43.02],[40.82,43.15],[40.42,43.15],[40.22,43.41],[39.98,43.41],[39.34,43.93],[39.35,43.99],[40.03,43.73],[40.29,43.8],[40.26,43.67],[40.4,43.54],[41.12,43.47],[41.71,43.21],[42.99,43.15],[43.42,42.89],[43.66,42.89],[43.85,42.63],[44.36,42.76],[44.74,42.69],[44.82,42.69],[45.23,42.69]]],[[[39.28,44.06],[39.36,44.06],[39.35,43.99],[39.27,43.99],[39.19,43.99],[39.2,44.06],[39.28,44.06]]],[[[39.12,44.06],[39.13,44.12],[39.21,44.12],[39.2,44.06],[39.12,44.06]]],[[[39.05,44.12],[39.06,44.19],[39.14,44.19],[39.13,44.12],[39.05,44.12]]]]},"properties":{"id":"territory:Kingdom of Georgia:1375","name":"Kingdom of Georgia","name_en":"Kingdom of Georgia","actor":"기타중립","valid_from":1375,"valid_to":1385,"wikidata":"Q154667","area":163440,"src":"cliopatria","confidence":"medium"}},{"type":"Feature","geometry":{"type":"Point","coordinates":[43.934,41.236]},"properties":{"id":"territory:Kingdom of Georgia:1375:label","name":"Kingdom of Georgia","name_en":"Kingdom of Georgia","actor":"기타중립","valid_from":1375,"valid_to":1385,"wikidata":"Q154667","area":163440,"src":"cliopatria","confidence":"medium"}},{"type":"Feature","geometry":{"type":"Polygon","coordinates":[[[17.37,51.11],[17.38,51.18],[17.46,51.18],[17.46,51.25],[17.55,51.25],[17.97,51.25],[18.05,51.11],[18.71,50.85],[18.7,50.71],[19.03,50.58],[19.02,50.45],[19.19,50.38],[19.17,50.18],[19.09,50.18],[19.09,50.11],[19.08,50.05],[19.17,50.05],[19.39,49.58],[19.87,49.18],[20.21,49.38],[20.96,49.32],[21.39,49.45],[21.8,49.38],[22.44,49.05],[22.06,48.39],[20.58,48.59],[20.14,48.19],[19.47,48.19],[19.52,47.6],[19.26,47.33],[18.77,47.47],[18.62,47.73],[17.71,47.73],[17.06,47.99],[17.06,47.8],[16.89,47.66],[16.48,47.73],[16.64,47.6],[16.63,47.47],[16.46,47.4],[16.45,47.07],[16.04,46.94],[16.14,47.53],[16.3,47.53],[16.32,47.86],[16.99,48.13],[16.99,48.19],[16.83,48.32],[16.93,48.65],[16.84,48.72],[16.18,48.72],[15.69,48.92],[14.94,48.99],[14.85,48.72],[14.6,48.59],[14.1,48.65],[13.61,48.92],[13.52,48.92],[13.53,48.99],[13.44,48.99],[13.36,48.99],[13.11,49.25],[12.78,49.32],[12.37,49.71],[12.37,49.98],[12.12,50.18],[12.12,50.25],[12.29,50.25],[12.38,50.38],[12.8,50.38],[13.22,50.65],[13.99,50.85],[14.07,50.85],[14.15,50.85],[14.16,50.91],[14.24,50.91],[14.24,50.98],[14.33,50.98],[14.33,51.05],[14.5,51.05],[14.58,50.91],[15.26,50.98],[15.42,50.78],[15.92,50.78],[16.09,50.65],[16.34,50.65],[16.34,50.58],[16.84,50.45],[16.92,50.45],[17.29,51.05],[17.37,51.05],[17.37,51.11]]]},"properties":{"id":"territory:Kingdom of Bohemia:1305","name":"Kingdom of Bohemia","name_en":"Kingdom of Bohemia","actor":"기타중립","valid_from":1305,"valid_to":1314,"wikidata":"Q42585","area":155930,"src":"cliopatria","confidence":"medium"}},{"type":"Feature","geometry":{"type":"Point","coordinates":[17.039,49.402]},"properties":{"id":"territory:Kingdom of Bohemia:1305:label","name":"Kingdom of Bohemia","name_en":"Kingdom of Bohemia","actor":"기타중립","valid_from":1305,"valid_to":1314,"wikidata":"Q42585","area":155930,"src":"cliopatria","confidence":"medium"}},{"type":"Feature","geometry":{"type":"MultiPolygon","coordinates":[[[[36.12,56.8],[36.67,56.87],[36.81,57.08],[37.07,57.08],[37.28,57.21],[37.8,57.14],[38.05,57.08],[38.46,57.28],[38.81,57.28],[39.34,56.94],[39.29,56.39],[39.08,56.25],[39.31,56.11],[39.12,55.7],[38.87,55.02],[38.45,54.75],[37.8,54.95],[37.18,54.89],[36.54,55.16],[35.79,55.29],[35.69,55.63],[35.53,55.7],[35.5,56.39],[35.0,56.52],[34.96,56.73],[34.79,56.8],[33.7,57.08],[33.36,57.56],[33.67,57.77],[34.23,57.9],[35.02,57.83],[35.01,57.77],[35.36,57.77],[35.69,57.63],[35.84,57.49],[35.83,57.08],[35.92,57.08],[35.86,56.8],[36.11,56.73],[36.12,56.8]]],[[[37.64,58.67],[38.02,58.74],[38.07,58.6],[38.25,58.6],[38.4,58.46],[38.43,57.9],[38.52,57.9],[38.49,57.77],[37.85,57.7],[37.76,57.7],[37.77,57.77],[37.64,58.67]]],[[[40.04,59.85],[40.09,59.71],[40.28,59.71],[40.61,59.29],[40.79,59.29],[41.02,59.16],[41.26,59.36],[41.54,59.36],[42.07,59.64],[42.62,59.64],[42.6,59.57],[43.98,59.64],[43.96,59.57],[45.02,59.5],[45.68,59.85],[45.85,60.07],[45.94,60.07],[47.24,60.14],[47.1,60.0],[47.44,59.92],[47.55,60.0],[47.5,59.85],[47.75,59.78],[47.51,59.36],[43.98,59.09],[43.96,59.02],[43.6,59.02],[43.04,58.67],[42.61,58.11],[41.92,57.9],[41.58,57.97],[41.6,58.04],[41.24,58.04],[41.19,57.83],[40.7,57.7],[40.75,58.18],[40.91,58.46],[40.84,58.53],[40.86,58.6],[40.77,58.6],[40.83,58.81],[40.09,58.74],[39.56,59.09],[38.94,59.16],[38.8,59.29],[38.44,59.29],[38.36,59.02],[37.89,58.95],[37.68,58.81],[36.78,58.81],[36.72,58.95],[36.45,58.95],[35.96,59.16],[35.91,59.71],[35.77,59.85],[35.82,60.07],[35.73,60.07],[35.85,60.56],[36.25,60.7],[36.52,60.7],[36.74,60.84],[38.32,60.91],[38.38,60.77],[39.29,60.42],[39.32,60.21],[39.5,60.21],[39.56,60.07],[39.81,60.0],[39.79,59.92],[40.04,59.85]]]]},"properties":{"id":"territory:Grand Principality of Moscow:1363","name":"모스크바 대공국","name_en":"Grand Principality of Moscow","actor":"기타중립","valid_from":1363,"valid_to":1375,"wikidata":"Q170770","area":155904,"src":"cliopatria","confidence":"medium"}},{"type":"Feature","geometry":{"type":"Point","coordinates":[40.501,59.475]},"properties":{"id":"territory:Grand Principality of Moscow:1363:label","name":"모스크바 대공국","name_en":"Grand Principality of Moscow","actor":"기타중립","valid_from":1363,"valid_to":1375,"wikidata":"Q170770","area":155904,"src":"cliopatria","confidence":"medium"}},{"type":"Feature","geometry":{"type":"MultiPolygon","coordinates":[[[[22.87,36.16],[22.89,36.42],[22.96,36.42],[23.12,36.35],[23.11,36.16],[22.87,36.16]]],[[[22.83,36.87],[22.6,36.87],[22.51,36.67],[22.36,36.67],[22.22,37.06],[22.14,37.06],[22.06,37.06],[21.67,37.0],[21.61,37.38],[21.7,37.51],[21.24,37.84],[21.42,38.16],[21.73,38.16],[21.74,38.42],[22.13,38.42],[22.29,38.35],[22.28,38.22],[22.44,38.29],[22.43,38.16],[22.59,38.16],[22.66,37.96],[23.05,38.03],[23.04,37.77],[23.11,37.64],[23.34,37.64],[23.4,37.32],[23.17,37.32],[23.1,37.51],[22.87,37.58],[22.79,37.58],[22.71,37.58],[22.71,37.51],[22.71,37.45],[22.7,37.32],[23.0,37.0],[23.06,36.67],[22.83,36.87]]],[[[24.2,37.64],[24.28,37.71],[24.36,37.71],[24.43,37.58],[24.27,37.51],[24.2,37.64]]],[[[20.61,37.71],[20.62,37.9],[20.7,37.9],[20.93,37.9],[20.92,37.64],[20.61,37.71]]],[[[24.68,37.84],[24.69,38.03],[24.77,38.03],[25.07,37.77],[24.83,37.71],[24.68,37.84]]],[[[20.32,38.16],[20.33,38.35],[20.49,38.42],[20.57,38.42],[20.8,38.29],[20.79,38.09],[20.32,38.16]]],[[[24.36,38.87],[24.36,39.0],[24.44,39.0],[24.67,38.93],[24.66,38.74],[24.36,38.87]]],[[[24.55,40.55],[24.49,40.81],[24.57,40.81],[24.81,40.81],[24.79,40.61],[24.55,40.55]]],[[[25.33,37.0],[25.34,37.13],[25.42,37.13],[25.57,37.13],[25.56,37.0],[25.33,37.0]]],[[[26.62,37.64],[26.56,37.84],[26.64,37.84],[27.03,37.84],[27.01,37.64],[26.62,37.64]]],[[[26.25,38.93],[26.09,39.0],[26.1,39.13],[25.79,39.19],[26.04,39.38],[26.12,39.38],[26.51,39.32],[26.64,39.0],[26.25,38.93]]],[[[24.97,39.84],[25.07,40.03],[25.15,40.03],[25.46,40.03],[25.45,39.84],[24.97,39.84]]],[[[25.7,40.1],[25.72,40.29],[25.8,40.29],[26.04,40.29],[26.02,40.16],[25.7,40.1]]],[[[26.67,40.36],[26.26,40.1],[26.26,40.16],[26.27,40.23],[26.27,40.29],[26.35,40.29],[26.36,40.36],[26.6,40.48],[26.68,40.42],[26.67,40.36]]],[[[31.25,41.0],[31.25,40.94],[29.5,40.1],[29.36,40.29],[29.05,40.42],[28.97,40.42],[28.91,40.61],[29.39,40.68],[29.49,40.87],[29.25,40.81],[29.1,40.94],[29.12,41.07],[28.63,41.0],[28.17,41.13],[28.08,41.0],[27.53,41.07],[27.02,40.68],[26.92,40.48],[26.63,40.74],[26.14,40.61],[26.08,40.87],[25.85,40.94],[24.35,41.0],[24.01,40.74],[23.7,40.81],[23.68,40.61],[23.84,40.55],[23.74,40.23],[22.96,40.42],[22.89,40.61],[22.65,40.61],[22.56,40.42],[22.56,40.36],[22.09,40.42],[22.0,40.23],[21.36,40.1],[20.8,39.97],[20.47,39.71],[20.15,39.71],[20.08,39.71],[19.92,39.71],[20.01,39.97],[19.55,40.29],[19.64,40.55],[19.33,40.74],[19.5,40.87],[19.42,40.94],[19.53,41.52],[19.46,41.65],[19.54,41.65],[19.78,41.78],[20.01,41.59],[20.64,41.39],[20.96,41.39],[21.04,41.52],[21.43,41.39],[22.39,41.39],[22.57,41.72],[22.42,41.85],[22.43,42.11],[22.51,42.11],[23.23,42.04],[23.49,42.3],[25.08,42.24],[25.07,42.17],[25.15,42.17],[25.55,42.17],[25.99,41.72],[26.23,41.72],[26.57,41.98],[27.06,42.04],[27.57,42.37],[27.65,42.37],[28.0,41.91],[27.98,41.65],[28.22,41.65],[28.28,41.46],[28.51,41.33],[28.98,41.26],[28.96,41.13],[30.48,41.2],[30.78,41.07],[30.86,41.07],[31.18,41.07],[31.53,41.33],[31.5,41.13],[31.25,41.0]]],[[[31.53,41.33],[31.53,41.39],[31.61,41.39],[31.61,41.33],[31.53,41.33]]]]},"properties":{"id":"territory:Byzantine Empire:1326","name":"비잔티움 제국","name_en":"Byzantine Empire","actor":"로마","valid_from":1326,"valid_to":1333,"wikidata":"Q112039853","area":154752,"src":"cliopatria","confidence":"medium"}},{"type":"Feature","geometry":{"type":"Point","coordinates":[24.349,41.146]},"properties":{"id":"territory:Byzantine Empire:1326:label","name":"비잔티움 제국","name_en":"Byzantine Empire","actor":"로마","valid_from":1326,"valid_to":1333,"wikidata":"Q112039853","area":154752,"src":"cliopatria","confidence":"medium"}},{"type":"Feature","geometry":{"type":"MultiPolygon","coordinates":[[[[23.11,36.16],[22.87,36.16],[22.89,36.42],[22.96,36.42],[23.12,36.35],[23.11,36.16]]],[[[23.0,37.0],[23.06,36.67],[22.83,36.87],[22.6,36.87],[22.51,36.67],[22.36,36.67],[22.22,37.06],[22.14,37.06],[22.15,37.32],[22.32,37.58],[22.71,37.58],[22.71,37.51],[22.71,37.45],[22.7,37.32],[23.0,37.0]]],[[[27.01,37.64],[26.62,37.64],[26.56,37.84],[26.64,37.84],[27.03,37.84],[27.01,37.64]]],[[[26.64,39.0],[26.25,38.93],[26.09,39.0],[26.1,39.13],[25.79,39.19],[26.04,39.38],[26.12,39.38],[26.51,39.32],[26.64,39.0]]],[[[25.45,39.84],[24.97,39.84],[25.07,40.03],[25.15,40.03],[25.46,40.03],[25.45,39.84]]],[[[26.02,40.16],[25.7,40.1],[25.72,40.29],[25.8,40.29],[26.04,40.29],[26.02,40.16]]],[[[24.79,40.61],[24.55,40.55],[24.49,40.81],[24.57,40.81],[24.81,40.81],[24.79,40.61]]],[[[28.22,41.65],[28.35,41.39],[28.98,41.26],[28.96,41.13],[30.48,41.2],[30.62,41.07],[31.18,41.07],[31.53,41.33],[31.5,41.13],[30.91,40.74],[30.9,40.68],[30.17,40.48],[29.66,40.16],[29.58,40.16],[28.68,39.84],[28.68,39.77],[27.82,39.9],[26.95,39.84],[26.78,39.71],[26.15,39.71],[26.15,39.77],[26.27,40.29],[26.6,40.48],[26.68,40.48],[26.67,40.36],[27.47,40.42],[27.54,40.29],[27.7,40.29],[27.79,40.48],[27.95,40.48],[27.94,40.36],[29.05,40.36],[28.9,40.48],[28.91,40.61],[29.39,40.68],[29.49,40.87],[29.25,40.81],[29.1,40.94],[29.12,41.07],[27.53,41.07],[26.84,40.48],[26.78,40.68],[26.63,40.74],[26.14,40.61],[26.08,40.87],[25.85,40.94],[24.35,41.0],[24.01,40.74],[23.7,40.81],[23.68,40.61],[23.84,40.55],[23.74,40.23],[22.96,40.42],[22.89,40.61],[22.65,40.61],[22.56,40.42],[22.56,40.36],[22.09,40.42],[22.0,40.23],[21.36,40.1],[20.8,39.97],[20.47,39.71],[20.15,39.71],[20.08,39.71],[19.92,39.71],[20.01,39.97],[19.63,40.29],[19.47,40.29],[19.49,40.61],[19.25,40.61],[19.25,40.74],[19.5,40.87],[19.42,40.94],[19.53,41.52],[19.46,41.65],[19.54,41.65],[19.78,41.78],[20.01,41.59],[20.64,41.39],[20.96,41.39],[21.04,41.52],[21.43,41.39],[22.39,41.39],[22.57,41.78],[22.42,41.85],[22.45,42.3],[22.37,42.3],[22.46,42.5],[22.54,42.5],[22.54,42.56],[22.62,42.56],[22.62,42.5],[22.7,42.5],[22.69,42.43],[22.69,42.37],[22.77,42.37],[23.57,42.43],[23.65,42.3],[25.08,42.24],[25.07,42.17],[25.15,42.17],[25.55,42.17],[25.99,41.72],[26.23,41.72],[26.57,41.98],[27.06,42.11],[27.38,42.11],[27.45,41.98],[27.93,41.98],[27.92,41.91],[28.0,41.91],[28.05,41.59],[28.22,41.65]]],[[[31.61,41.33],[31.53,41.33],[31.53,41.39],[31.61,41.39],[31.61,41.33]]]]},"properties":{"id":"territory:Byzantine Empire:1314","name":"비잔티움 제국","name_en":"Byzantine Empire","actor":"로마","valid_from":1314,"valid_to":1326,"wikidata":"Q112039853","area":154563,"src":"cliopatria","confidence":"medium"}},{"type":"Feature","geometry":{"type":"Point","coordinates":[24.624,41.048]},"properties":{"id":"territory:Byzantine Empire:1314:label","name":"비잔티움 제국","name_en":"Byzantine Empire","actor":"로마","valid_from":1314,"valid_to":1326,"wikidata":"Q112039853","area":154563,"src":"cliopatria","confidence":"medium"}},{"type":"Feature","geometry":{"type":"MultiPolygon","coordinates":[[[[36.12,56.8],[36.67,56.87],[36.81,57.08],[37.07,57.08],[37.28,57.21],[37.8,57.14],[38.05,57.08],[38.46,57.28],[38.81,57.28],[39.34,56.94],[39.29,56.39],[39.08,56.25],[39.31,56.11],[39.12,55.7],[38.87,55.02],[38.45,54.75],[37.8,54.95],[37.18,54.89],[36.65,55.23],[36.51,55.77],[35.53,55.7],[35.5,56.39],[35.0,56.52],[34.96,56.73],[34.79,56.8],[33.7,57.08],[33.36,57.56],[33.67,57.77],[34.23,57.9],[35.02,57.83],[35.01,57.77],[35.36,57.77],[35.69,57.63],[35.84,57.49],[35.83,57.08],[35.92,57.08],[35.86,56.8],[36.11,56.73],[36.12,56.8]]],[[[37.64,58.67],[38.02,58.74],[38.07,58.6],[38.25,58.6],[38.4,58.46],[38.43,57.9],[38.52,57.9],[38.49,57.77],[37.85,57.7],[37.76,57.7],[37.77,57.77],[37.64,58.67]]],[[[40.09,59.71],[40.28,59.71],[40.61,59.29],[40.79,59.29],[41.02,59.16],[41.26,59.36],[41.54,59.36],[42.07,59.64],[42.62,59.64],[42.6,59.57],[43.98,59.64],[43.96,59.57],[45.02,59.5],[45.68,59.85],[45.85,60.07],[45.94,60.07],[47.24,60.14],[47.1,60.0],[47.28,60.0],[47.26,59.92],[47.55,60.0],[47.5,59.85],[47.75,59.78],[47.51,59.36],[43.98,59.09],[43.96,59.02],[43.6,59.02],[43.04,58.67],[42.61,58.11],[41.92,57.9],[41.58,57.97],[41.6,58.04],[41.24,58.04],[41.19,57.83],[40.7,57.7],[40.75,58.18],[40.91,58.46],[40.84,58.53],[40.86,58.6],[40.77,58.6],[40.83,58.81],[40.09,58.74],[39.56,59.09],[38.94,59.16],[38.8,59.29],[38.44,59.29],[38.36,59.02],[37.89,58.95],[37.68,58.81],[36.78,58.81],[36.72,58.95],[36.45,58.95],[35.96,59.16],[35.91,59.71],[35.77,59.85],[35.82,60.07],[35.73,60.07],[35.85,60.56],[36.25,60.7],[36.52,60.7],[36.74,60.84],[38.32,60.91],[38.38,60.77],[39.29,60.42],[39.32,60.21],[39.5,60.21],[39.56,60.07],[39.81,60.0],[39.79,59.92],[40.04,59.85],[40.09,59.71]]]]},"properties":{"id":"territory:Grand Principality of Moscow:1344","name":"모스크바 대공국","name_en":"Grand Principality of Moscow","actor":"기타중립","valid_from":1344,"valid_to":1363,"wikidata":"Q170770","area":152539,"src":"cliopatria","confidence":"medium"}},{"type":"Feature","geometry":{"type":"Point","coordinates":[40.505,59.475]},"properties":{"id":"territory:Grand Principality of Moscow:1344:label","name":"모스크바 대공국","name_en":"Grand Principality of Moscow","actor":"기타중립","valid_from":1344,"valid_to":1363,"wikidata":"Q170770","area":152539,"src":"cliopatria","confidence":"medium"}},{"type":"Feature","geometry":{"type":"Polygon","coordinates":[[[43.11,39.77],[42.82,39.9],[42.49,39.84],[42.27,39.97],[41.87,39.9],[41.43,40.1],[41.39,40.36],[41.15,40.36],[40.73,40.23],[40.11,40.29],[40.03,40.29],[39.68,40.03],[39.74,39.9],[40.04,39.84],[41.06,39.77],[41.03,39.58],[40.76,39.38],[40.75,39.26],[38.87,38.8],[38.85,38.61],[39.31,38.55],[39.36,38.35],[39.44,38.35],[39.43,38.29],[39.51,38.29],[39.5,38.22],[39.71,38.03],[39.95,38.03],[40.15,37.84],[40.46,37.77],[41.15,37.13],[41.14,37.06],[41.46,36.55],[41.61,36.48],[41.59,36.35],[41.81,36.22],[41.79,36.1],[42.01,35.97],[41.99,35.84],[42.13,35.71],[42.37,35.77],[42.43,35.64],[42.65,35.58],[43.51,35.64],[43.5,35.52],[43.72,35.45],[43.92,35.77],[44.94,35.9],[44.59,36.16],[44.61,36.29],[44.34,36.55],[44.38,36.8],[44.87,37.0],[44.74,37.19],[44.77,37.38],[44.63,37.45],[44.59,37.71],[44.31,37.9],[44.35,38.16],[44.13,38.29],[44.15,38.42],[43.73,38.74],[43.57,38.74],[43.49,39.19],[43.69,39.45],[43.06,39.45],[43.17,39.64],[43.1,39.71],[43.11,39.77]]]},"properties":{"id":"territory:Qara Qoyunlu:1395","name":"흑양 왕조","name_en":"Qara Qoyunlu","actor":"기타중립","valid_from":1395,"valid_to":1402,"wikidata":"Q324470","area":151717,"src":"cliopatria","confidence":"medium"}},{"type":"Feature","geometry":{"type":"Point","coordinates":[42.258,37.929]},"properties":{"id":"territory:Qara Qoyunlu:1395:label","name":"흑양 왕조","name_en":"Qara Qoyunlu","actor":"기타중립","valid_from":1395,"valid_to":1402,"wikidata":"Q324470","area":151717,"src":"cliopatria","confidence":"medium"}},{"type":"Feature","geometry":{"type":"Polygon","coordinates":[[[36.65,55.23],[36.39,56.05],[36.25,56.18],[36.28,56.32],[36.04,56.46],[36.08,56.59],[35.83,56.66],[35.44,56.52],[35.21,56.66],[35.0,56.52],[34.96,56.73],[34.79,56.8],[33.7,57.08],[33.48,57.28],[33.51,57.42],[33.34,57.49],[33.3,57.7],[32.86,57.77],[32.63,57.49],[32.45,57.49],[32.13,57.21],[31.66,57.08],[31.13,57.08],[30.84,56.46],[30.47,56.39],[30.46,56.32],[30.45,56.25],[30.54,56.25],[30.52,56.18],[30.51,56.11],[30.68,56.05],[30.65,55.91],[30.8,55.77],[30.77,55.57],[30.93,55.5],[30.95,55.09],[30.86,55.09],[30.81,54.82],[30.41,54.48],[30.48,54.41],[30.39,53.87],[29.96,53.33],[30.04,53.26],[29.96,52.79],[30.21,52.72],[30.17,52.45],[30.4,52.32],[30.46,52.12],[30.96,52.05],[31.3,52.59],[31.48,52.65],[31.51,52.86],[31.9,53.12],[34.0,53.33],[34.98,53.94],[35.01,54.07],[35.92,54.68],[35.95,54.82],[36.5,54.95],[36.65,55.23]]]},"properties":{"id":"territory:Principality of Smolensk:1294","name":"Principality of Smolensk","name_en":"Principality of Smolensk","actor":"기타중립","valid_from":1294,"valid_to":1314,"wikidata":"Q1483495","area":151032,"src":"cliopatria","confidence":"medium"}},{"type":"Feature","geometry":{"type":"Point","coordinates":[33.008,55.081]},"properties":{"id":"territory:Principality of Smolensk:1294:label","name":"Principality of Smolensk","name_en":"Principality of Smolensk","actor":"기타중립","valid_from":1294,"valid_to":1314,"wikidata":"Q1483495","area":151032,"src":"cliopatria","confidence":"medium"}},{"type":"Feature","geometry":{"type":"Polygon","coordinates":[[[30.4,52.32],[30.17,52.45],[30.21,52.72],[29.96,52.79],[29.98,53.46],[30.39,53.87],[30.48,54.41],[30.41,54.48],[30.81,54.82],[30.97,55.23],[30.88,55.23],[30.93,55.5],[30.77,55.57],[30.8,55.77],[30.65,55.91],[30.68,56.05],[30.51,56.11],[30.47,56.39],[30.84,56.46],[31.13,57.08],[31.66,57.08],[32.13,57.21],[32.45,57.49],[32.63,57.49],[32.86,57.77],[33.3,57.7],[33.34,57.49],[33.51,57.42],[33.48,57.28],[33.7,57.08],[34.79,56.8],[34.96,56.73],[35.0,56.52],[35.21,56.66],[35.53,56.52],[35.53,55.7],[36.51,55.77],[36.65,55.23],[36.5,54.95],[35.95,54.82],[35.92,54.68],[35.01,54.07],[34.98,53.94],[34.0,53.33],[31.9,53.12],[31.51,52.86],[31.48,52.65],[31.3,52.59],[30.96,52.05],[30.46,52.12],[30.4,52.32]]]},"properties":{"id":"territory:Principality of Smolensk:1326","name":"Principality of Smolensk","name_en":"Principality of Smolensk","actor":"기타중립","valid_from":1326,"valid_to":1344,"wikidata":"Q1483495","area":146809,"src":"cliopatria","confidence":"medium"}},{"type":"Feature","geometry":{"type":"Point","coordinates":[32.911,55.045]},"properties":{"id":"territory:Principality of Smolensk:1326:label","name":"Principality of Smolensk","name_en":"Principality of Smolensk","actor":"기타중립","valid_from":1326,"valid_to":1344,"wikidata":"Q1483495","area":146809,"src":"cliopatria","confidence":"medium"}},{"type":"Feature","geometry":{"type":"Polygon","coordinates":[[[30.96,52.05],[31.3,52.59],[31.48,52.65],[31.51,52.86],[31.9,53.12],[34.0,53.33],[34.98,53.94],[35.01,54.07],[35.92,54.68],[35.95,54.82],[36.5,54.95],[36.65,55.23],[36.51,55.77],[35.53,55.7],[35.53,56.52],[35.21,56.66],[35.0,56.52],[34.96,56.73],[34.79,56.8],[33.7,57.08],[33.48,57.28],[33.51,57.42],[33.34,57.49],[33.3,57.7],[32.86,57.77],[32.63,57.49],[32.45,57.49],[32.13,57.21],[31.66,57.08],[31.13,57.08],[30.84,56.46],[30.47,56.39],[30.46,56.32],[30.45,56.25],[30.54,56.25],[30.52,56.18],[30.51,56.11],[30.6,56.11],[30.72,55.77],[30.8,55.77],[30.77,55.57],[30.93,55.5],[30.95,55.09],[30.86,55.09],[30.81,54.82],[30.41,54.48],[30.48,54.41],[30.39,53.87],[29.96,53.33],[30.04,53.26],[29.96,52.79],[30.21,52.72],[30.17,52.45],[30.4,52.32],[30.46,52.12],[30.96,52.05]]]},"properties":{"id":"territory:Principality of Smolensk:1314","name":"Principality of Smolensk","name_en":"Principality of Smolensk","actor":"기타중립","valid_from":1314,"valid_to":1326,"wikidata":"Q1483495","area":146571,"src":"cliopatria","confidence":"medium"}},{"type":"Feature","geometry":{"type":"Point","coordinates":[32.916,55.048]},"properties":{"id":"territory:Principality of Smolensk:1314:label","name":"Principality of Smolensk","name_en":"Principality of Smolensk","actor":"기타중립","valid_from":1314,"valid_to":1326,"wikidata":"Q1483495","area":146571,"src":"cliopatria","confidence":"medium"}},{"type":"Feature","geometry":{"type":"Polygon","coordinates":[[[30.96,52.05],[31.3,52.59],[31.48,52.65],[31.51,52.86],[31.9,53.12],[34.0,53.33],[34.98,53.94],[35.01,54.07],[35.92,54.68],[35.95,54.82],[36.5,54.95],[36.65,55.23],[36.51,55.77],[35.53,55.7],[35.5,56.39],[35.0,56.52],[34.96,56.73],[34.79,56.8],[33.7,57.08],[33.36,57.56],[33.13,57.77],[32.86,57.77],[32.63,57.49],[32.45,57.49],[32.13,57.21],[31.66,57.08],[31.13,57.08],[30.84,56.46],[30.47,56.39],[30.51,56.11],[30.68,56.05],[30.65,55.91],[30.8,55.77],[30.77,55.57],[30.93,55.5],[30.88,55.23],[30.97,55.23],[30.81,54.82],[30.41,54.48],[30.48,54.41],[30.39,53.87],[29.98,53.46],[29.96,52.79],[30.21,52.72],[30.17,52.45],[30.4,52.32],[30.46,52.12],[30.96,52.05]]]},"properties":{"id":"territory:Principality of Smolensk:1344","name":"Principality of Smolensk","name_en":"Principality of Smolensk","actor":"기타중립","valid_from":1344,"valid_to":1363,"wikidata":"Q1483495","area":146327,"src":"cliopatria","confidence":"medium"}},{"type":"Feature","geometry":{"type":"Point","coordinates":[32.902,55.041]},"properties":{"id":"territory:Principality of Smolensk:1344:label","name":"Principality of Smolensk","name_en":"Principality of Smolensk","actor":"기타중립","valid_from":1344,"valid_to":1363,"wikidata":"Q1483495","area":146327,"src":"cliopatria","confidence":"medium"}},{"type":"Feature","geometry":{"type":"MultiPolygon","coordinates":[[[[22.66,54.27],[22.48,54.21],[22.46,54.0],[22.55,54.0],[22.42,53.6],[21.29,53.46],[20.93,53.26],[20.67,53.26],[20.4,53.06],[19.72,53.26],[19.36,52.99],[18.93,52.92],[18.69,53.19],[18.52,53.19],[18.45,53.46],[17.51,53.53],[17.33,53.39],[17.08,53.6],[17.18,53.8],[17.09,53.8],[17.11,54.14],[17.38,54.27],[17.39,54.41],[17.56,54.41],[17.5,54.82],[17.5,54.89],[18.46,54.89],[18.45,54.68],[18.69,54.41],[19.46,54.34],[19.56,54.48],[19.82,54.48],[19.83,54.61],[20.0,54.61],[19.84,54.68],[19.95,55.02],[20.65,55.09],[20.73,54.95],[20.99,54.95],[21.2,55.36],[20.97,55.63],[20.98,55.84],[20.99,55.91],[21.25,55.84],[21.24,55.7],[21.64,55.36],[22.07,55.29],[22.31,55.09],[22.57,55.09],[22.81,54.89],[22.7,54.68],[22.7,54.61],[22.66,54.27]]],[[[25.7,56.94],[25.77,56.8],[25.94,56.8],[26.18,56.59],[26.07,56.46],[26.32,56.32],[26.37,56.05],[26.81,56.05],[27.09,56.18],[26.93,56.25],[26.87,56.46],[26.59,56.39],[26.46,56.66],[26.83,56.8],[27.18,56.8],[27.16,56.66],[27.79,56.73],[27.88,56.73],[28.12,56.59],[28.15,56.18],[27.97,56.18],[27.47,55.77],[26.87,55.84],[26.58,55.7],[25.83,55.98],[25.76,56.11],[25.07,56.18],[24.83,56.39],[24.11,56.25],[22.19,56.46],[22.2,56.52],[21.84,56.52],[21.77,56.66],[21.87,56.73],[21.7,56.8],[21.57,56.46],[21.57,56.39],[20.92,56.05],[20.92,56.11],[20.87,56.46],[20.95,56.46],[20.99,56.8],[21.25,56.73],[21.23,56.59],[21.42,56.66],[21.37,57.08],[21.28,57.08],[21.31,57.35],[21.51,57.56],[21.68,57.49],[21.65,57.21],[22.0,57.21],[22.2,57.42],[22.37,57.35],[22.75,57.49],[22.67,57.63],[22.85,57.63],[23.41,57.08],[23.67,57.01],[23.47,56.87],[23.74,56.87],[23.81,56.73],[24.44,56.8],[24.53,56.8],[25.5,56.8],[25.7,56.94]]],[[[21.69,56.73],[21.78,56.73],[21.77,56.66],[21.68,56.66],[21.69,56.73]]],[[[22.43,58.67],[22.88,58.67],[22.77,58.46],[22.93,58.32],[22.29,58.18],[22.08,57.9],[21.9,57.9],[22.02,58.18],[21.94,58.25],[22.21,58.32],[22.3,58.32],[22.51,58.53],[22.43,58.67]]],[[[27.4,58.81],[26.87,58.88],[26.93,58.67],[26.75,58.67],[26.83,58.6],[26.72,58.46],[26.74,57.97],[27.11,58.04],[27.27,57.97],[27.25,57.83],[27.43,57.83],[27.4,57.63],[27.2,57.49],[27.26,57.28],[26.89,57.21],[26.64,57.35],[25.94,57.42],[25.96,57.56],[25.43,57.56],[25.32,57.42],[25.49,57.35],[25.47,57.21],[25.26,57.01],[24.82,57.01],[24.45,56.87],[23.94,57.08],[24.14,57.28],[24.4,57.21],[24.61,57.42],[24.79,57.42],[24.72,57.63],[24.99,57.63],[24.92,57.77],[25.01,57.77],[25.03,57.9],[24.6,58.04],[24.23,57.97],[24.27,58.25],[24.36,58.25],[24.38,58.46],[24.57,58.53],[24.59,58.67],[24.41,58.67],[24.52,58.81],[24.36,58.95],[24.09,58.95],[24.11,59.09],[23.92,59.02],[23.84,59.16],[23.49,59.22],[23.6,59.36],[24.72,59.57],[25.35,59.57],[25.37,59.71],[26.45,59.64],[26.79,59.5],[28.06,59.5],[28.03,59.29],[27.73,59.16],[27.64,59.16],[27.37,59.16],[27.4,58.81]]],[[[23.68,58.6],[23.67,58.46],[23.49,58.46],[23.43,58.74],[23.62,58.81],[23.71,58.81],[23.87,58.67],[23.68,58.6]]],[[[22.9,58.81],[22.38,59.02],[22.39,59.09],[22.84,59.09],[22.9,58.81]]]]},"properties":{"id":"territory:Teutonic Order:1352","name":"Teutonic Order","name_en":"Teutonic Order","actor":"기타중립","valid_from":1352,"valid_to":1402,"wikidata":"Q48189","area":144474,"src":"cliopatria","confidence":"medium"}},{"type":"Feature","geometry":{"type":"Point","coordinates":[20.112,54.16]},"properties":{"id":"territory:Teutonic Order:1352:label","name":"Teutonic Order","name_en":"Teutonic Order","actor":"기타중립","valid_from":1352,"valid_to":1402,"wikidata":"Q48189","area":144474,"src":"cliopatria","confidence":"medium"}},{"type":"Feature","geometry":{"type":"MultiPolygon","coordinates":[[[[22.66,54.27],[22.48,54.21],[22.46,54.0],[22.55,54.0],[22.42,53.6],[21.29,53.46],[20.22,53.06],[20.13,52.92],[20.12,52.79],[20.2,52.79],[20.07,52.12],[20.23,51.98],[19.87,51.78],[19.62,51.85],[18.65,52.65],[18.66,52.79],[18.33,52.99],[18.26,53.26],[18.1,53.39],[17.93,53.39],[17.85,53.53],[17.51,53.53],[17.33,53.39],[17.08,53.6],[17.18,53.8],[17.09,53.8],[17.11,54.14],[17.38,54.27],[17.39,54.41],[17.56,54.41],[17.5,54.82],[17.5,54.89],[18.46,54.89],[18.45,54.68],[18.69,54.41],[19.46,54.34],[19.56,54.48],[19.82,54.48],[19.83,54.61],[20.0,54.61],[19.84,54.68],[19.95,55.02],[20.65,55.09],[20.73,54.95],[20.99,54.95],[21.2,55.36],[20.97,55.63],[20.98,55.84],[20.99,55.91],[21.25,55.84],[21.24,55.7],[21.64,55.36],[22.07,55.29],[22.31,55.09],[22.57,55.09],[22.81,54.89],[22.7,54.68],[22.7,54.61],[22.66,54.27]]],[[[25.7,56.94],[25.77,56.8],[25.94,56.8],[26.18,56.59],[26.07,56.46],[26.32,56.32],[26.37,56.05],[26.81,56.05],[27.09,56.18],[26.93,56.25],[26.87,56.46],[26.59,56.39],[26.46,56.66],[26.83,56.8],[27.18,56.8],[27.16,56.66],[27.79,56.73],[27.88,56.73],[28.12,56.59],[28.15,56.18],[27.97,56.18],[27.47,55.77],[26.87,55.84],[26.58,55.7],[25.83,55.98],[25.76,56.11],[25.07,56.18],[24.83,56.39],[24.11,56.25],[22.19,56.46],[22.2,56.52],[21.84,56.52],[21.77,56.66],[21.87,56.73],[21.7,56.8],[21.57,56.46],[21.57,56.39],[20.92,56.05],[20.92,56.11],[20.87,56.46],[20.95,56.46],[20.99,56.8],[21.25,56.73],[21.23,56.59],[21.42,56.66],[21.37,57.08],[21.28,57.08],[21.31,57.35],[21.51,57.56],[21.68,57.49],[21.65,57.21],[22.0,57.21],[22.2,57.42],[22.37,57.35],[22.75,57.49],[22.67,57.63],[22.85,57.63],[23.41,57.08],[23.67,57.01],[23.47,56.87],[23.74,56.87],[23.81,56.73],[24.44,56.8],[24.53,56.8],[25.5,56.8],[25.7,56.94]]],[[[21.69,56.73],[21.78,56.73],[21.77,56.66],[21.68,56.66],[21.69,56.73]]],[[[26.75,58.67],[26.83,58.6],[26.73,58.53],[26.68,58.18],[26.77,58.18],[26.74,57.97],[27.11,58.04],[27.27,57.97],[27.25,57.83],[27.43,57.83],[27.4,57.63],[27.2,57.49],[27.26,57.28],[26.89,57.21],[26.64,57.35],[25.94,57.42],[25.96,57.56],[25.43,57.56],[25.33,57.49],[25.49,57.35],[25.36,57.08],[24.45,56.87],[23.94,57.08],[24.14,57.28],[24.4,57.21],[24.61,57.42],[24.79,57.42],[24.72,57.63],[24.99,57.63],[24.92,57.77],[25.01,57.77],[25.03,57.9],[24.6,58.04],[24.23,57.97],[24.38,58.46],[24.58,58.6],[24.59,58.67],[24.97,58.81],[25.18,59.02],[25.73,59.09],[25.95,59.36],[26.14,59.36],[26.15,58.88],[26.42,58.88],[26.54,59.02],[27.11,59.22],[27.37,59.16],[27.36,59.09],[27.4,58.81],[26.96,58.88],[26.87,58.88],[26.93,58.67],[26.75,58.67]]],[[[22.43,58.67],[22.88,58.67],[22.77,58.46],[22.93,58.32],[22.29,58.18],[22.08,57.9],[21.9,57.9],[22.02,58.18],[21.94,58.25],[22.21,58.32],[22.3,58.32],[22.51,58.53],[22.43,58.67]]],[[[23.68,58.6],[23.67,58.46],[23.49,58.46],[23.43,58.74],[23.62,58.81],[23.71,58.81],[23.87,58.67],[23.68,58.6]]],[[[22.9,58.81],[22.38,59.02],[22.39,59.09],[22.84,59.09],[22.9,58.81]]]]},"properties":{"id":"territory:Teutonic Order:1333","name":"Teutonic Order","name_en":"Teutonic Order","actor":"기타중립","valid_from":1333,"valid_to":1344,"wikidata":"Q48189","area":142623,"src":"cliopatria","confidence":"medium"}},{"type":"Feature","geometry":{"type":"Point","coordinates":[19.995,53.914]},"properties":{"id":"territory:Teutonic Order:1333:label","name":"Teutonic Order","name_en":"Teutonic Order","actor":"기타중립","valid_from":1333,"valid_to":1344,"wikidata":"Q48189","area":142623,"src":"cliopatria","confidence":"medium"}},{"type":"Feature","geometry":{"type":"MultiPolygon","coordinates":[[[[14.57,35.77],[14.34,35.84],[14.34,36.03],[14.42,36.03],[14.57,35.97],[14.57,35.77]]],[[[15.21,37.19],[15.21,37.0],[15.05,36.74],[14.66,36.74],[14.28,37.13],[13.58,37.25],[13.19,37.58],[12.49,37.71],[12.49,37.9],[12.65,38.09],[13.04,38.03],[13.12,38.16],[13.35,38.16],[13.67,37.96],[14.06,37.96],[15.63,38.29],[15.62,38.16],[15.39,38.16],[15.07,37.58],[15.06,37.51],[15.06,37.25],[15.21,37.19]]],[[[22.99,38.29],[22.6,38.42],[22.13,38.42],[22.06,38.42],[21.99,38.67],[22.16,38.93],[22.94,38.87],[22.94,38.8],[23.31,38.48],[23.7,38.48],[24.08,38.29],[23.98,37.84],[23.44,38.03],[23.36,38.03],[23.04,37.9],[22.99,38.29]]],[[[1.66,39.0],[1.43,38.8],[1.27,38.8],[1.18,39.06],[1.26,39.13],[1.34,39.13],[1.65,39.13],[1.66,39.0]]],[[[9.36,39.19],[9.04,39.19],[9.12,39.38],[9.2,39.38],[9.36,39.38],[9.36,39.19]]],[[[3.2,39.84],[3.52,39.77],[3.3,39.32],[2.82,39.32],[2.66,39.51],[2.35,39.45],[2.34,39.64],[2.88,39.97],[2.96,39.97],[3.19,39.97],[3.2,39.84]]],[[[4.3,39.84],[3.83,39.9],[3.74,40.1],[3.82,40.1],[4.22,40.1],[4.3,39.84]]],[[[8.4,40.29],[8.32,40.29],[8.32,40.36],[8.32,40.42],[8.32,40.48],[8.24,40.48],[8.24,40.55],[8.24,40.61],[8.32,40.61],[8.56,40.55],[8.56,40.36],[8.4,40.29]]],[[[1.24,41.2],[0.7,40.94],[0.71,40.68],[0.47,40.61],[0.25,40.42],[0.18,40.16],[-0.2,39.97],[-0.35,39.71],[-0.31,39.13],[0.1,38.74],[-0.36,38.48],[-0.44,38.48],[-0.68,38.61],[-0.77,38.87],[-1.09,39.0],[-1.11,39.38],[-1.35,39.45],[-1.37,39.71],[-1.15,39.9],[-1.16,40.1],[-1.73,40.36],[-1.51,40.74],[-2.1,41.2],[-2.12,41.46],[-1.88,41.52],[-1.98,41.78],[-1.82,41.78],[-1.83,41.91],[-1.43,41.91],[-1.44,42.04],[-1.44,42.11],[-1.39,42.5],[-0.86,42.95],[-0.29,42.82],[-0.21,42.82],[0.04,42.69],[0.12,42.76],[0.2,42.76],[0.52,42.69],[0.67,42.82],[0.99,42.82],[1.07,42.82],[1.49,42.63],[1.49,42.56],[1.58,42.43],[1.81,42.56],[2.52,42.82],[2.75,43.02],[2.99,43.02],[2.99,42.95],[3.01,42.56],[3.09,42.56],[3.09,42.5],[2.86,42.43],[2.86,42.24],[3.03,42.11],[3.03,42.04],[3.12,41.91],[2.57,41.59],[2.49,41.59],[2.33,41.59],[2.11,41.33],[1.24,41.2]]]]},"properties":{"id":"territory:Crown of Aragon:1385","name":"Crown of Aragon","name_en":"Crown of Aragon","actor":"기타중립","valid_from":1385,"valid_to":1395,"wikidata":"Q204920","area":140222,"src":"cliopatria","confidence":"medium"}},{"type":"Feature","geometry":{"type":"Point","coordinates":[0.138,41.369]},"properties":{"id":"territory:Crown of Aragon:1385:label","name":"Crown of Aragon","name_en":"Crown of Aragon","actor":"기타중립","valid_from":1385,"valid_to":1395,"wikidata":"Q204920","area":140222,"src":"cliopatria","confidence":"medium"}},{"type":"Feature","geometry":{"type":"Polygon","coordinates":[[[19.09,50.18],[19.17,50.18],[19.19,50.38],[19.02,50.45],[19.03,50.58],[18.7,50.71],[18.71,50.85],[18.05,51.11],[17.97,51.25],[17.55,51.25],[17.32,51.71],[17.07,51.71],[16.98,51.71],[16.72,51.58],[16.22,51.78],[16.06,51.98],[16.07,52.25],[15.81,52.25],[15.65,52.38],[15.65,52.45],[15.57,52.45],[15.57,52.52],[15.48,52.52],[15.58,52.72],[16.01,52.79],[16.01,52.86],[16.28,53.12],[16.71,53.19],[16.72,53.39],[16.9,53.53],[16.99,53.53],[17.17,53.6],[17.16,53.46],[17.41,53.39],[17.51,53.53],[17.68,53.53],[17.76,53.53],[17.78,53.73],[17.53,54.0],[17.58,54.68],[17.49,54.68],[17.5,54.82],[17.5,54.89],[18.46,54.89],[18.45,54.68],[18.69,54.41],[19.29,54.34],[19.38,54.34],[19.26,53.94],[19.42,53.8],[19.41,53.6],[19.06,53.6],[18.97,53.46],[18.62,53.39],[18.52,53.19],[18.69,53.19],[18.93,52.92],[19.1,52.92],[19.42,52.65],[19.48,52.32],[20.08,52.25],[20.07,52.12],[20.31,51.92],[20.56,51.92],[20.72,51.78],[20.71,51.65],[21.04,51.58],[22.1,52.05],[22.35,51.92],[22.69,51.92],[22.67,51.71],[23.0,51.58],[22.88,51.25],[23.04,51.18],[23.02,50.98],[23.11,50.98],[23.09,50.78],[22.92,50.71],[22.95,50.11],[22.26,49.91],[22.16,49.71],[21.39,49.45],[20.96,49.32],[20.21,49.38],[19.87,49.18],[19.39,49.58],[19.17,50.05],[19.08,50.05],[19.09,50.11],[19.09,50.18]]]},"properties":{"id":"territory:Kingdom of Poland:1305","name":"폴란드 왕국","name_en":"Kingdom of Poland","actor":"기타중립","valid_from":1305,"valid_to":1314,"wikidata":"Q577867","area":136204,"src":"cliopatria","confidence":"medium"}},{"type":"Feature","geometry":{"type":"Point","coordinates":[19.438,51.709]},"properties":{"id":"territory:Kingdom of Poland:1305:label","name":"폴란드 왕국","name_en":"Kingdom of Poland","actor":"기타중립","valid_from":1305,"valid_to":1314,"wikidata":"Q577867","area":136204,"src":"cliopatria","confidence":"medium"}},{"type":"Feature","geometry":{"type":"Polygon","coordinates":[[[25.99,51.05],[26.03,51.38],[25.53,51.51],[25.62,52.25],[25.53,52.25],[25.45,52.99],[25.28,52.99],[25.26,52.86],[24.58,52.92],[24.48,52.72],[24.05,52.72],[23.73,52.99],[23.24,53.19],[22.65,53.26],[22.43,52.79],[22.34,52.79],[22.42,52.72],[22.29,52.25],[22.1,52.05],[22.35,51.98],[22.24,51.71],[22.29,51.25],[22.6,50.98],[22.59,50.85],[22.91,50.65],[22.96,50.31],[22.96,50.25],[22.95,50.11],[22.26,49.91],[22.16,49.71],[21.99,49.71],[21.64,49.52],[21.39,49.52],[21.38,49.38],[21.53,49.12],[22.34,48.85],[22.31,48.46],[22.39,48.39],[23.04,48.19],[23.11,48.06],[23.76,47.93],[24.67,47.93],[24.74,47.8],[24.91,47.8],[24.99,47.8],[25.01,48.06],[25.63,48.46],[25.57,48.65],[25.25,48.79],[25.27,48.99],[25.95,49.18],[26.22,49.38],[26.19,49.85],[26.03,49.91],[25.97,50.11],[25.8,50.11],[25.82,50.31],[25.66,50.38],[25.7,50.71],[25.96,50.85],[25.99,51.05]]]},"properties":{"id":"territory:Galicia-Volhynia:1294","name":"Galicia-Volhynia","name_en":"Galicia-Volhynia","actor":"기타중립","valid_from":1294,"valid_to":1305,"wikidata":"Q239502","area":132427,"src":"cliopatria","confidence":"medium"}},{"type":"Feature","geometry":{"type":"Point","coordinates":[24.001,50.464]},"properties":{"id":"territory:Galicia-Volhynia:1294:label","name":"Galicia-Volhynia","name_en":"Galicia-Volhynia","actor":"기타중립","valid_from":1294,"valid_to":1305,"wikidata":"Q239502","area":132427,"src":"cliopatria","confidence":"medium"}},{"type":"Feature","geometry":{"type":"MultiPolygon","coordinates":[[[[14.57,35.77],[14.34,35.84],[14.34,36.03],[14.42,36.03],[14.57,35.97],[14.57,35.77]]],[[[15.21,37.19],[15.21,37.0],[15.05,36.74],[14.66,36.74],[14.28,37.13],[13.58,37.25],[13.19,37.58],[12.49,37.71],[12.49,37.9],[12.65,38.09],[13.04,38.03],[13.12,38.16],[13.35,38.16],[13.67,37.96],[14.06,37.96],[15.63,38.29],[15.62,38.16],[15.39,38.16],[15.07,37.58],[15.06,37.51],[15.06,37.25],[15.21,37.19]]],[[[1.66,39.0],[1.43,38.8],[1.27,38.8],[1.18,39.06],[1.26,39.13],[1.34,39.13],[1.65,39.13],[1.66,39.0]]],[[[9.36,39.19],[9.04,39.19],[9.12,39.38],[9.2,39.38],[9.36,39.38],[9.36,39.19]]],[[[3.2,39.84],[3.52,39.77],[3.3,39.32],[2.82,39.32],[2.66,39.51],[2.35,39.45],[2.34,39.64],[2.88,39.97],[2.96,39.97],[3.19,39.97],[3.2,39.84]]],[[[4.3,39.84],[3.83,39.9],[3.74,40.1],[3.82,40.1],[4.22,40.1],[4.3,39.84]]],[[[8.56,40.36],[8.4,40.29],[8.32,40.29],[8.32,40.36],[8.32,40.42],[8.32,40.48],[8.24,40.48],[8.24,40.55],[8.24,40.61],[8.32,40.61],[8.56,40.55],[8.56,40.36]]],[[[-1.35,39.45],[-1.37,39.71],[-1.15,39.9],[-1.16,40.1],[-1.73,40.36],[-1.51,40.74],[-2.1,41.2],[-2.12,41.46],[-1.88,41.52],[-1.98,41.78],[-1.82,41.78],[-1.83,41.91],[-1.43,41.91],[-1.44,42.04],[-1.44,42.11],[-1.39,42.5],[-0.86,42.95],[-0.29,42.82],[-0.21,42.82],[0.04,42.69],[0.12,42.76],[0.2,42.76],[0.52,42.69],[0.67,42.82],[0.99,42.82],[1.07,42.82],[1.49,42.63],[1.49,42.56],[1.58,42.43],[1.81,42.56],[2.52,42.82],[2.75,43.02],[2.99,43.02],[2.99,42.95],[3.01,42.56],[3.18,42.37],[3.12,41.91],[2.57,41.59],[2.33,41.59],[2.11,41.33],[1.24,41.2],[0.7,40.94],[0.71,40.68],[0.47,40.61],[0.25,40.42],[0.18,40.16],[-0.2,39.97],[-0.35,39.71],[-0.31,39.13],[0.1,38.74],[-0.36,38.48],[-0.44,38.48],[-1.1,39.06],[-1.1,39.13],[-1.11,39.38],[-1.35,39.45]]]]},"properties":{"id":"territory:Crown of Aragon:1395","name":"Crown of Aragon","name_en":"Crown of Aragon","actor":"기타중립","valid_from":1395,"valid_to":1402,"wikidata":"Q204920","area":130979,"src":"cliopatria","confidence":"medium"}},{"type":"Feature","geometry":{"type":"Point","coordinates":[0.166,41.378]},"properties":{"id":"territory:Crown of Aragon:1395:label","name":"Crown of Aragon","name_en":"Crown of Aragon","actor":"기타중립","valid_from":1395,"valid_to":1402,"wikidata":"Q204920","area":130979,"src":"cliopatria","confidence":"medium"}},{"type":"Feature","geometry":{"type":"MultiPolygon","coordinates":[[[[22.66,54.27],[22.48,54.21],[22.46,54.0],[22.55,54.0],[22.42,53.6],[21.29,53.46],[20.93,53.26],[20.67,53.26],[20.4,53.06],[19.72,53.26],[19.63,53.12],[19.1,52.92],[18.93,52.92],[18.69,53.19],[18.52,53.19],[18.45,53.46],[17.51,53.53],[17.33,53.39],[17.08,53.6],[17.18,53.8],[17.09,53.8],[17.11,54.14],[17.38,54.27],[17.39,54.41],[17.56,54.41],[17.5,54.82],[17.5,54.89],[18.46,54.89],[18.45,54.68],[18.69,54.41],[19.46,54.34],[19.56,54.48],[19.82,54.48],[19.83,54.61],[20.0,54.61],[19.84,54.68],[19.95,55.02],[20.65,55.09],[20.73,54.95],[20.99,54.95],[21.2,55.36],[20.97,55.63],[20.98,55.84],[20.99,55.91],[21.25,55.84],[21.24,55.7],[21.64,55.36],[22.07,55.29],[22.31,55.09],[22.57,55.09],[22.81,54.89],[22.7,54.68],[22.7,54.61],[22.66,54.27]]],[[[25.7,56.94],[25.77,56.8],[25.94,56.8],[26.18,56.59],[26.07,56.46],[26.32,56.32],[26.37,56.05],[26.81,56.05],[27.09,56.18],[26.93,56.25],[26.87,56.46],[26.59,56.39],[26.46,56.66],[26.83,56.8],[27.18,56.8],[27.16,56.66],[27.79,56.73],[27.88,56.73],[28.12,56.59],[28.15,56.18],[27.97,56.18],[27.47,55.77],[26.87,55.84],[26.58,55.7],[25.83,55.98],[25.76,56.11],[25.07,56.18],[24.83,56.39],[24.11,56.25],[22.19,56.46],[22.2,56.52],[21.84,56.52],[21.77,56.66],[21.87,56.73],[21.7,56.8],[21.57,56.46],[21.57,56.39],[20.92,56.05],[20.92,56.11],[20.87,56.46],[20.95,56.46],[20.99,56.8],[21.25,56.73],[21.23,56.59],[21.42,56.66],[21.37,57.08],[21.28,57.08],[21.31,57.35],[21.51,57.56],[21.68,57.49],[21.65,57.21],[22.0,57.21],[22.2,57.42],[22.37,57.35],[22.75,57.49],[22.67,57.63],[22.85,57.63],[23.41,57.08],[23.67,57.01],[23.47,56.87],[23.74,56.87],[23.81,56.73],[24.44,56.8],[24.53,56.8],[25.5,56.8],[25.7,56.94]]],[[[21.69,56.73],[21.78,56.73],[21.77,56.66],[21.68,56.66],[21.69,56.73]]],[[[26.75,58.67],[26.83,58.6],[26.73,58.53],[26.68,58.18],[26.77,58.18],[26.74,57.97],[27.11,58.04],[27.27,57.97],[27.25,57.83],[27.43,57.83],[27.4,57.63],[27.2,57.49],[27.26,57.28],[26.89,57.21],[26.64,57.35],[25.94,57.42],[25.96,57.56],[25.43,57.56],[25.33,57.49],[25.49,57.35],[25.36,57.08],[24.45,56.87],[23.94,57.08],[24.14,57.28],[24.4,57.21],[24.61,57.42],[24.79,57.42],[24.72,57.63],[24.99,57.63],[24.92,57.77],[25.01,57.77],[25.03,57.9],[24.6,58.04],[24.23,57.97],[24.38,58.46],[24.58,58.6],[24.59,58.67],[24.97,58.81],[25.18,59.02],[25.73,59.09],[25.95,59.36],[26.14,59.36],[26.15,58.88],[26.42,58.88],[26.54,59.02],[27.11,59.22],[27.37,59.16],[27.36,59.09],[27.4,58.81],[26.96,58.88],[26.87,58.88],[26.93,58.67],[26.75,58.67]]],[[[22.43,58.67],[22.88,58.67],[22.77,58.46],[22.93,58.32],[22.29,58.18],[22.08,57.9],[21.9,57.9],[22.02,58.18],[21.94,58.25],[22.21,58.32],[22.3,58.32],[22.51,58.53],[22.43,58.67]]],[[[23.68,58.6],[23.67,58.46],[23.49,58.46],[23.43,58.74],[23.62,58.81],[23.71,58.81],[23.87,58.67],[23.68,58.6]]],[[[22.9,58.81],[22.38,59.02],[22.39,59.09],[22.84,59.09],[22.9,58.81]]]]},"properties":{"id":"territory:Teutonic Order:1344","name":"Teutonic Order","name_en":"Teutonic Order","actor":"기타중립","valid_from":1344,"valid_to":1352,"wikidata":"Q48189","area":130284,"src":"cliopatria","confidence":"medium"}},{"type":"Feature","geometry":{"type":"Point","coordinates":[20.112,54.158]},"properties":{"id":"territory:Teutonic Order:1344:label","name":"Teutonic Order","name_en":"Teutonic Order","actor":"기타중립","valid_from":1344,"valid_to":1352,"wikidata":"Q48189","area":130284,"src":"cliopatria","confidence":"medium"}},{"type":"Feature","geometry":{"type":"MultiPolygon","coordinates":[[[[1.65,39.13],[1.66,39.0],[1.43,38.8],[1.27,38.8],[1.18,39.06],[1.26,39.13],[1.34,39.13],[1.65,39.13]]],[[[3.19,39.97],[3.2,39.84],[3.52,39.77],[3.3,39.32],[2.82,39.32],[2.66,39.51],[2.35,39.45],[2.34,39.64],[2.88,39.97],[2.96,39.97],[3.19,39.97]]],[[[4.22,40.1],[4.3,39.84],[3.83,39.9],[3.74,40.1],[3.82,40.1],[4.22,40.1]]],[[[9.82,40.74],[9.82,40.36],[9.67,40.29],[9.74,40.16],[9.67,39.19],[9.12,39.19],[8.97,38.87],[8.42,38.93],[8.33,39.51],[8.41,39.51],[8.41,39.58],[8.96,39.64],[9.27,40.03],[9.11,40.1],[9.11,40.23],[8.4,40.16],[8.4,40.23],[8.32,40.48],[8.16,40.55],[8.15,40.94],[8.55,40.87],[9.02,41.26],[9.1,41.26],[9.5,41.2],[9.82,40.74]]],[[[2.11,41.33],[1.24,41.2],[0.7,40.94],[0.71,40.68],[0.47,40.61],[0.25,40.42],[0.18,40.16],[-0.2,39.97],[-0.35,39.71],[-0.31,39.13],[0.1,38.74],[-0.36,38.48],[-0.44,38.48],[-0.68,38.61],[-0.77,38.87],[-1.09,39.0],[-1.11,39.38],[-1.35,39.45],[-1.37,39.71],[-1.15,39.9],[-1.16,40.1],[-1.73,40.36],[-1.51,40.74],[-2.1,41.2],[-2.12,41.46],[-1.88,41.52],[-1.98,41.78],[-1.82,41.78],[-1.83,41.91],[-1.43,41.91],[-1.44,42.04],[-1.44,42.11],[-1.39,42.5],[-0.86,42.95],[-0.29,42.82],[0.04,42.69],[0.99,42.82],[1.07,42.82],[1.49,42.63],[1.49,42.56],[1.58,42.43],[1.81,42.56],[2.52,42.82],[2.75,43.02],[2.99,43.02],[2.99,42.95],[3.01,42.56],[3.09,42.56],[3.09,42.5],[2.86,42.43],[2.86,42.24],[3.03,42.11],[3.03,42.04],[3.12,41.91],[2.57,41.59],[2.49,41.59],[2.33,41.59],[2.11,41.33]]]]},"properties":{"id":"territory:Crown of Aragon:1344","name":"Crown of Aragon","name_en":"Crown of Aragon","actor":"기타중립","valid_from":1344,"valid_to":1363,"wikidata":"Q204920","area":129119,"src":"cliopatria","confidence":"medium"}},{"type":"Feature","geometry":{"type":"Point","coordinates":[0.138,41.367]},"properties":{"id":"territory:Crown of Aragon:1344:label","name":"Crown of Aragon","name_en":"Crown of Aragon","actor":"기타중립","valid_from":1344,"valid_to":1363,"wikidata":"Q204920","area":129119,"src":"cliopatria","confidence":"medium"}},{"type":"Feature","geometry":{"type":"MultiPolygon","coordinates":[[[[19.09,50.11],[19.08,50.05],[19.17,50.05],[19.24,49.85],[18.88,49.52],[18.38,49.45],[17.94,48.99],[16.93,48.72],[16.18,48.72],[15.69,48.92],[14.94,48.99],[14.85,48.72],[14.6,48.59],[14.1,48.65],[13.61,48.92],[13.52,48.92],[13.53,48.99],[13.44,48.99],[13.36,48.99],[13.03,49.25],[12.53,49.52],[12.53,49.65],[12.37,49.71],[12.37,49.98],[12.12,50.18],[12.12,50.25],[12.29,50.25],[12.38,50.38],[12.8,50.38],[13.22,50.65],[13.99,50.85],[14.07,50.85],[14.33,50.98],[14.33,51.25],[14.34,51.31],[14.25,51.31],[14.25,51.38],[14.26,51.45],[14.26,51.51],[14.26,51.58],[14.26,51.71],[14.1,51.85],[13.76,51.85],[13.59,51.98],[13.51,51.98],[13.51,52.05],[13.42,52.05],[13.43,52.18],[13.94,52.32],[14.36,52.12],[14.62,52.12],[14.78,51.92],[15.13,52.25],[15.47,52.18],[15.65,52.32],[15.81,52.25],[15.81,52.12],[16.14,51.85],[16.13,51.71],[16.56,51.71],[16.72,51.58],[16.98,51.71],[17.32,51.71],[17.55,51.25],[17.97,51.25],[18.05,51.11],[18.71,50.85],[18.7,50.71],[19.03,50.58],[19.02,50.45],[19.19,50.38],[19.17,50.18],[19.09,50.18],[19.09,50.11]]],[[[13.59,51.78],[13.67,51.78],[13.67,51.71],[13.67,51.65],[13.58,51.65],[13.24,51.71],[13.25,51.85],[13.5,51.85],[13.59,51.85],[13.59,51.78]]]]},"properties":{"id":"territory:Kingdom of Bohemia:1363","name":"Kingdom of Bohemia","name_en":"Kingdom of Bohemia","actor":"기타중립","valid_from":1363,"valid_to":1375,"wikidata":"Q42585","area":128939,"src":"cliopatria","confidence":"medium"}},{"type":"Feature","geometry":{"type":"Point","coordinates":[15.759,50.262]},"properties":{"id":"territory:Kingdom of Bohemia:1363:label","name":"Kingdom of Bohemia","name_en":"Kingdom of Bohemia","actor":"기타중립","valid_from":1363,"valid_to":1375,"wikidata":"Q42585","area":128939,"src":"cliopatria","confidence":"medium"}},{"type":"Feature","geometry":{"type":"MultiPolygon","coordinates":[[[[22.66,54.27],[22.48,54.21],[22.46,54.0],[22.55,54.0],[22.42,53.6],[21.29,53.46],[20.93,53.26],[20.67,53.26],[20.4,53.06],[19.72,53.26],[19.63,53.12],[19.1,52.92],[18.93,52.92],[18.69,53.19],[18.52,53.19],[18.62,53.39],[19.06,53.53],[18.98,53.66],[17.95,53.66],[17.85,53.53],[17.51,53.53],[17.41,53.39],[17.16,53.46],[17.17,53.6],[17.08,53.6],[17.18,53.8],[17.09,53.8],[17.11,54.14],[17.38,54.27],[17.39,54.41],[17.56,54.41],[17.5,54.82],[17.5,54.89],[18.46,54.89],[18.45,54.68],[18.69,54.41],[19.46,54.34],[19.56,54.48],[19.82,54.48],[19.83,54.61],[20.0,54.61],[19.84,54.68],[19.95,55.02],[20.65,55.09],[20.73,54.95],[20.99,54.95],[21.2,55.36],[20.97,55.63],[20.98,55.84],[20.99,55.91],[21.25,55.84],[21.24,55.7],[21.64,55.36],[22.07,55.29],[22.31,55.09],[22.57,55.09],[22.81,54.89],[22.7,54.68],[22.7,54.61],[22.66,54.27]]],[[[25.7,56.94],[25.77,56.8],[25.94,56.8],[26.18,56.59],[26.07,56.46],[26.32,56.32],[26.37,56.05],[26.81,56.05],[27.09,56.18],[26.93,56.25],[26.87,56.46],[26.59,56.39],[26.46,56.66],[26.83,56.8],[27.18,56.8],[27.16,56.66],[27.79,56.73],[27.88,56.73],[28.12,56.59],[28.15,56.18],[27.97,56.18],[27.47,55.77],[26.87,55.84],[26.58,55.7],[25.83,55.98],[25.76,56.11],[25.07,56.18],[24.83,56.39],[24.11,56.25],[22.19,56.46],[22.2,56.52],[21.84,56.52],[21.77,56.66],[21.87,56.73],[21.7,56.8],[21.57,56.46],[21.57,56.39],[20.92,56.05],[20.92,56.11],[20.87,56.46],[20.95,56.46],[20.99,56.8],[21.25,56.73],[21.23,56.59],[21.42,56.66],[21.37,57.08],[21.28,57.08],[21.31,57.35],[21.51,57.56],[21.68,57.49],[21.65,57.21],[22.0,57.21],[22.2,57.42],[22.37,57.35],[22.75,57.49],[22.67,57.63],[22.85,57.63],[23.41,57.08],[23.67,57.01],[23.47,56.87],[23.74,56.87],[23.81,56.73],[24.44,56.8],[24.53,56.8],[25.5,56.8],[25.7,56.94]]],[[[21.69,56.73],[21.78,56.73],[21.77,56.66],[21.68,56.66],[21.69,56.73]]],[[[26.75,58.67],[26.83,58.6],[26.73,58.53],[26.68,58.18],[26.77,58.18],[26.74,57.97],[27.11,58.04],[27.27,57.97],[27.25,57.83],[27.43,57.83],[27.4,57.63],[27.2,57.49],[27.26,57.28],[26.89,57.21],[26.64,57.35],[25.94,57.42],[25.96,57.56],[25.43,57.56],[25.33,57.49],[25.49,57.35],[25.36,57.08],[24.45,56.87],[23.94,57.08],[24.14,57.28],[24.4,57.21],[24.61,57.42],[24.79,57.42],[24.72,57.63],[24.99,57.63],[24.92,57.77],[25.01,57.77],[25.03,57.9],[24.6,58.04],[24.23,57.97],[24.38,58.46],[24.58,58.6],[24.59,58.67],[24.97,58.81],[25.18,59.02],[25.73,59.09],[25.95,59.36],[26.14,59.36],[26.15,58.88],[26.42,58.88],[26.54,59.02],[27.11,59.22],[27.37,59.16],[27.36,59.09],[27.4,58.81],[26.96,58.88],[26.87,58.88],[26.93,58.67],[26.75,58.67]]],[[[22.43,58.67],[22.88,58.67],[22.77,58.46],[22.93,58.32],[22.29,58.18],[22.08,57.9],[21.9,57.9],[22.02,58.18],[21.94,58.25],[22.21,58.32],[22.3,58.32],[22.51,58.53],[22.43,58.67]]],[[[23.68,58.6],[23.67,58.46],[23.49,58.46],[23.43,58.74],[23.62,58.81],[23.71,58.81],[23.87,58.67],[23.68,58.6]]],[[[22.9,58.81],[22.38,59.02],[22.39,59.09],[22.84,59.09],[22.9,58.81]]]]},"properties":{"id":"territory:Teutonic Order:1314","name":"Teutonic Order","name_en":"Teutonic Order","actor":"기타중립","valid_from":1314,"valid_to":1333,"wikidata":"Q48189","area":128481,"src":"cliopatria","confidence":"medium"}},{"type":"Feature","geometry":{"type":"Point","coordinates":[20.159,54.176]},"properties":{"id":"territory:Teutonic Order:1314:label","name":"Teutonic Order","name_en":"Teutonic Order","actor":"기타중립","valid_from":1314,"valid_to":1333,"wikidata":"Q48189","area":128481,"src":"cliopatria","confidence":"medium"}},{"type":"Feature","geometry":{"type":"MultiPolygon","coordinates":[[[[22.99,38.29],[22.6,38.42],[22.13,38.42],[22.06,38.42],[21.99,38.67],[22.16,38.93],[22.94,38.87],[22.94,38.8],[23.31,38.48],[23.7,38.48],[24.08,38.29],[23.98,37.84],[23.44,38.03],[23.36,38.03],[23.04,37.9],[22.99,38.29]]],[[[1.66,39.0],[1.43,38.8],[1.27,38.8],[1.18,39.06],[1.26,39.13],[1.34,39.13],[1.65,39.13],[1.66,39.0]]],[[[9.36,39.19],[9.04,39.19],[9.12,39.38],[9.2,39.38],[9.36,39.38],[9.36,39.19]]],[[[3.2,39.84],[3.52,39.77],[3.3,39.32],[2.82,39.32],[2.66,39.51],[2.35,39.45],[2.34,39.64],[2.88,39.97],[2.96,39.97],[3.19,39.97],[3.2,39.84]]],[[[4.3,39.84],[3.83,39.9],[3.74,40.1],[3.82,40.1],[4.22,40.1],[4.3,39.84]]],[[[8.56,40.36],[8.4,40.29],[8.32,40.29],[8.32,40.36],[8.32,40.42],[8.32,40.48],[8.24,40.48],[8.24,40.55],[8.24,40.61],[8.32,40.61],[8.56,40.55],[8.56,40.36]]],[[[2.11,41.33],[1.24,41.2],[0.7,40.94],[0.71,40.68],[0.47,40.61],[0.25,40.42],[0.18,40.16],[-0.2,39.97],[-0.35,39.71],[-0.31,39.13],[0.1,38.74],[-0.36,38.48],[-0.44,38.48],[-0.68,38.61],[-0.77,38.87],[-1.09,39.0],[-1.11,39.38],[-1.35,39.45],[-1.37,39.71],[-1.15,39.9],[-1.16,40.1],[-1.73,40.36],[-1.51,40.74],[-2.1,41.2],[-2.12,41.46],[-1.88,41.52],[-1.98,41.78],[-1.82,41.78],[-1.83,41.91],[-1.43,41.91],[-1.44,42.04],[-1.44,42.11],[-1.39,42.5],[-0.86,42.95],[-0.29,42.82],[0.04,42.69],[0.99,42.82],[1.07,42.82],[1.49,42.63],[1.49,42.56],[1.58,42.43],[1.81,42.56],[2.52,42.82],[2.75,43.02],[2.99,43.02],[2.99,42.95],[3.01,42.56],[3.09,42.56],[3.09,42.5],[2.86,42.43],[2.86,42.24],[3.03,42.11],[3.03,42.04],[3.12,41.91],[2.57,41.59],[2.49,41.59],[2.33,41.59],[2.11,41.33]]],[[[9.49,42.76],[9.57,42.76],[9.58,41.98],[9.5,41.98],[9.5,41.78],[9.26,41.39],[9.1,41.33],[8.78,41.52],[8.78,41.72],[8.62,41.72],[8.7,41.91],[8.54,42.11],[8.53,42.5],[8.77,42.69],[9.17,42.76],[9.25,43.02],[9.33,43.02],[9.49,43.02],[9.49,42.76]]]]},"properties":{"id":"territory:Crown of Aragon:1375","name":"Crown of Aragon","name_en":"Crown of Aragon","actor":"기타중립","valid_from":1375,"valid_to":1385,"wikidata":"Q204920","area":128445,"src":"cliopatria","confidence":"medium"}},{"type":"Feature","geometry":{"type":"Point","coordinates":[0.138,41.367]},"properties":{"id":"territory:Crown of Aragon:1375:label","name":"Crown of Aragon","name_en":"Crown of Aragon","actor":"기타중립","valid_from":1375,"valid_to":1385,"wikidata":"Q204920","area":128445,"src":"cliopatria","confidence":"medium"}},{"type":"Feature","geometry":{"type":"MultiPolygon","coordinates":[[[[19.09,50.11],[19.08,50.05],[19.17,50.05],[19.24,49.85],[18.88,49.52],[18.38,49.45],[17.94,48.99],[16.93,48.72],[16.18,48.72],[15.69,48.92],[14.94,48.99],[14.85,48.72],[14.6,48.59],[14.1,48.65],[13.61,48.92],[13.52,48.92],[13.53,48.99],[13.44,48.99],[13.36,48.99],[13.03,49.25],[12.53,49.52],[12.53,49.65],[12.37,49.71],[12.37,49.98],[12.12,50.18],[12.12,50.25],[12.29,50.25],[12.38,50.38],[12.8,50.38],[13.22,50.65],[13.99,50.85],[14.07,50.85],[14.33,50.98],[14.33,51.25],[14.34,51.31],[14.25,51.31],[14.25,51.38],[14.26,51.45],[14.26,51.51],[14.26,51.58],[14.26,51.71],[14.1,51.85],[13.76,51.85],[13.59,51.98],[13.51,51.98],[13.51,52.05],[13.42,52.05],[13.43,52.18],[13.94,52.32],[14.36,52.12],[14.62,52.12],[14.78,51.92],[15.13,52.25],[15.47,52.18],[15.65,52.32],[15.81,52.25],[15.81,52.12],[16.14,51.85],[16.13,51.71],[16.56,51.71],[16.72,51.58],[16.98,51.71],[17.32,51.71],[17.39,51.45],[17.56,51.38],[17.46,51.11],[17.88,51.18],[18.46,50.98],[18.54,50.85],[18.71,50.85],[18.7,50.71],[18.86,50.58],[19.03,50.58],[19.02,50.45],[19.19,50.38],[19.17,50.18],[19.09,50.18],[19.09,50.11]]],[[[13.59,51.78],[13.67,51.78],[13.67,51.71],[13.67,51.65],[13.58,51.65],[13.24,51.71],[13.25,51.85],[13.5,51.85],[13.59,51.85],[13.59,51.78]]]]},"properties":{"id":"territory:Kingdom of Bohemia:1352","name":"Kingdom of Bohemia","name_en":"Kingdom of Bohemia","actor":"기타중립","valid_from":1352,"valid_to":1363,"wikidata":"Q42585","area":128435,"src":"cliopatria","confidence":"medium"}},{"type":"Feature","geometry":{"type":"Point","coordinates":[15.75,50.259]},"properties":{"id":"territory:Kingdom of Bohemia:1352:label","name":"Kingdom of Bohemia","name_en":"Kingdom of Bohemia","actor":"기타중립","valid_from":1352,"valid_to":1363,"wikidata":"Q42585","area":128435,"src":"cliopatria","confidence":"medium"}},{"type":"Feature","geometry":{"type":"MultiPolygon","coordinates":[[[[19.09,50.11],[19.08,50.05],[19.17,50.05],[19.24,49.85],[18.88,49.52],[18.38,49.45],[17.94,48.99],[16.93,48.72],[16.18,48.72],[15.69,48.92],[14.94,48.99],[14.85,48.72],[14.6,48.59],[14.1,48.65],[13.61,48.92],[13.52,48.92],[13.53,48.99],[13.44,48.99],[13.36,48.99],[13.03,49.25],[12.53,49.52],[12.53,49.65],[12.37,49.71],[12.37,49.98],[12.12,50.18],[12.12,50.25],[12.29,50.25],[12.38,50.38],[12.8,50.38],[13.22,50.65],[13.99,50.85],[14.07,50.85],[14.33,50.98],[14.33,51.25],[14.34,51.31],[14.25,51.31],[14.25,51.38],[14.26,51.45],[14.26,51.51],[14.26,51.58],[14.26,51.71],[14.1,51.85],[13.76,51.85],[13.59,51.98],[13.51,51.98],[13.51,52.05],[13.42,52.05],[13.43,52.18],[13.94,52.32],[14.36,52.12],[14.62,52.12],[14.78,51.92],[14.87,52.05],[15.04,52.05],[15.13,52.25],[15.47,52.18],[15.65,52.32],[15.81,52.25],[15.81,52.12],[16.14,51.85],[16.13,51.71],[16.56,51.71],[16.72,51.58],[16.98,51.71],[17.32,51.71],[17.39,51.45],[17.56,51.38],[17.46,51.11],[17.88,51.18],[18.46,50.98],[18.54,50.85],[18.71,50.85],[18.7,50.71],[18.86,50.58],[19.03,50.58],[19.02,50.45],[19.19,50.38],[19.17,50.18],[19.09,50.18],[19.09,50.11]]],[[[13.59,51.78],[13.67,51.78],[13.67,51.71],[13.67,51.65],[13.58,51.65],[13.24,51.71],[13.25,51.85],[13.5,51.85],[13.59,51.85],[13.59,51.78]]]]},"properties":{"id":"territory:Kingdom of Bohemia:1344","name":"Kingdom of Bohemia","name_en":"Kingdom of Bohemia","actor":"기타중립","valid_from":1344,"valid_to":1352,"wikidata":"Q42585","area":128370,"src":"cliopatria","confidence":"medium"}},{"type":"Feature","geometry":{"type":"Point","coordinates":[15.75,50.258]},"properties":{"id":"territory:Kingdom of Bohemia:1344:label","name":"Kingdom of Bohemia","name_en":"Kingdom of Bohemia","actor":"기타중립","valid_from":1344,"valid_to":1352,"wikidata":"Q42585","area":128370,"src":"cliopatria","confidence":"medium"}},{"type":"Feature","geometry":{"type":"MultiPolygon","coordinates":[[[[2.61,34.42],[2.53,34.42],[2.53,34.49],[2.61,34.49],[2.61,34.42]]],[[[4.67,35.07],[4.6,34.74],[4.45,34.61],[4.46,34.55],[2.92,34.36],[2.45,34.61],[1.29,34.61],[0.68,34.42],[0.45,34.49],[0.3,34.36],[-0.47,34.36],[-0.54,34.16],[-0.69,34.16],[-0.68,34.04],[-1.5,33.46],[-1.58,33.46],[-1.72,34.68],[-2.11,34.94],[-2.12,35.07],[-2.04,35.07],[-1.36,35.26],[-1.14,35.45],[-1.22,35.64],[-1.07,35.58],[-0.92,35.71],[-0.53,35.71],[-0.46,35.84],[0.08,35.84],[0.38,36.22],[0.68,36.29],[0.68,36.42],[0.91,36.35],[1.22,36.55],[1.53,36.48],[2.38,36.67],[2.69,36.61],[2.84,36.74],[3.23,36.74],[3.46,36.87],[3.85,36.8],[4.31,36.93],[4.39,36.93],[4.48,36.67],[4.63,36.61],[4.64,36.42],[4.56,36.42],[4.56,36.35],[4.64,36.29],[4.67,35.13],[4.67,35.07]]]]},"properties":{"id":"territory:Zayyanid dynasty:1285","name":"Zayyanid dynasty","name_en":"Zayyanid dynasty","actor":"기타중립","valid_from":1285,"valid_to":1344,"wikidata":"Q307697","area":126172,"src":"cliopatria","confidence":"medium"}},{"type":"Feature","geometry":{"type":"MultiPolygon","coordinates":[[[[2.61,34.42],[2.53,34.42],[2.53,34.49],[2.61,34.49],[2.61,34.42]]],[[[4.67,35.07],[4.6,34.74],[4.45,34.61],[4.46,34.55],[2.92,34.36],[2.45,34.61],[1.29,34.61],[0.68,34.42],[0.45,34.49],[0.3,34.36],[-0.47,34.36],[-0.54,34.16],[-0.69,34.16],[-0.68,34.04],[-1.5,33.46],[-1.58,33.46],[-1.72,34.68],[-2.11,34.94],[-2.12,35.07],[-2.04,35.07],[-1.36,35.26],[-1.14,35.45],[-1.22,35.64],[-1.07,35.58],[-0.92,35.71],[-0.53,35.71],[-0.46,35.84],[0.08,35.84],[0.38,36.22],[0.68,36.29],[0.68,36.42],[0.91,36.35],[1.22,36.55],[1.53,36.48],[2.38,36.67],[2.69,36.61],[2.84,36.74],[3.23,36.74],[3.46,36.87],[3.85,36.8],[4.31,36.93],[4.39,36.93],[4.48,36.67],[4.63,36.61],[4.64,36.42],[4.56,36.42],[4.56,36.35],[4.64,36.29],[4.67,35.13],[4.67,35.07]]]]},"properties":{"id":"territory:Zayyanid dynasty:1363","name":"Zayyanid dynasty","name_en":"Zayyanid dynasty","actor":"기타중립","valid_from":1363,"valid_to":1507,"wikidata":"Q307697","area":126172,"src":"cliopatria","confidence":"medium"}},{"type":"Feature","geometry":{"type":"Point","coordinates":[1.684,35.377]},"properties":{"id":"territory:Zayyanid dynasty:1285:label","name":"Zayyanid dynasty","name_en":"Zayyanid dynasty","actor":"기타중립","valid_from":1285,"valid_to":1344,"wikidata":"Q307697","area":126172,"src":"cliopatria","confidence":"medium"}},{"type":"Feature","geometry":{"type":"Point","coordinates":[1.684,35.377]},"properties":{"id":"territory:Zayyanid dynasty:1363:label","name":"Zayyanid dynasty","name_en":"Zayyanid dynasty","actor":"기타중립","valid_from":1363,"valid_to":1507,"wikidata":"Q307697","area":126172,"src":"cliopatria","confidence":"medium"}},{"type":"Feature","geometry":{"type":"Polygon","coordinates":[[[17.97,51.25],[18.05,51.11],[18.71,50.85],[18.7,50.71],[19.03,50.58],[19.02,50.45],[19.19,50.38],[19.17,50.18],[19.09,50.18],[19.09,50.11],[19.08,50.05],[19.17,50.05],[19.24,49.85],[18.88,49.52],[18.38,49.45],[17.94,48.99],[16.93,48.72],[16.18,48.72],[15.69,48.92],[14.94,48.99],[14.85,48.72],[14.6,48.59],[14.1,48.65],[13.61,48.92],[13.52,48.92],[13.53,48.99],[13.44,48.99],[13.36,48.99],[13.03,49.25],[12.53,49.52],[12.53,49.65],[12.37,49.71],[12.37,49.98],[12.12,50.18],[12.12,50.25],[12.29,50.25],[12.38,50.38],[12.8,50.38],[13.22,50.65],[13.99,50.85],[14.07,50.85],[14.33,50.98],[14.33,51.25],[14.17,51.58],[14.26,51.58],[14.26,51.65],[14.35,51.65],[14.43,51.65],[14.52,51.65],[14.6,51.65],[14.6,51.71],[14.61,51.78],[14.61,51.85],[14.61,51.92],[14.69,51.92],[14.96,52.12],[15.65,52.32],[15.99,52.32],[16.14,51.85],[16.72,51.58],[16.98,51.71],[17.32,51.71],[17.55,51.25],[17.97,51.25]]]},"properties":{"id":"territory:Kingdom of Bohemia:1333","name":"Kingdom of Bohemia","name_en":"Kingdom of Bohemia","actor":"기타중립","valid_from":1333,"valid_to":1344,"wikidata":"Q42585","area":125537,"src":"cliopatria","confidence":"medium"}},{"type":"Feature","geometry":{"type":"Point","coordinates":[15.81,50.222]},"properties":{"id":"territory:Kingdom of Bohemia:1333:label","name":"Kingdom of Bohemia","name_en":"Kingdom of Bohemia","actor":"기타중립","valid_from":1333,"valid_to":1344,"wikidata":"Q42585","area":125537,"src":"cliopatria","confidence":"medium"}},{"type":"Feature","geometry":{"type":"Polygon","coordinates":[[[19.09,50.18],[19.17,50.18],[19.19,50.38],[19.02,50.45],[19.03,50.58],[18.86,50.58],[18.7,50.71],[18.71,50.85],[18.54,50.85],[18.46,50.98],[17.88,51.18],[17.46,51.11],[17.56,51.38],[17.39,51.45],[17.32,51.71],[16.98,51.71],[16.72,51.58],[16.56,51.71],[16.13,51.71],[16.14,51.85],[15.81,52.12],[15.81,52.25],[15.65,52.32],[15.49,52.65],[16.01,52.79],[16.01,52.86],[16.28,53.12],[16.71,53.19],[16.72,53.39],[16.9,53.53],[16.99,53.53],[16.99,53.6],[17.08,53.6],[17.33,53.39],[17.51,53.53],[18.45,53.46],[18.52,53.19],[18.69,53.19],[18.93,52.92],[19.1,52.92],[19.42,52.65],[19.48,52.32],[20.08,52.25],[20.07,52.12],[20.31,51.92],[20.56,51.92],[20.72,51.78],[20.71,51.65],[20.96,51.58],[22.01,51.98],[22.11,52.12],[22.2,52.12],[22.2,52.18],[22.37,52.18],[22.69,51.92],[22.67,51.71],[23.0,51.58],[22.88,51.25],[23.04,51.18],[23.02,50.98],[23.11,50.98],[23.09,50.78],[22.92,50.71],[22.95,50.11],[22.26,49.91],[22.16,49.71],[21.39,49.45],[20.96,49.32],[20.21,49.38],[19.87,49.18],[19.47,49.58],[19.13,49.45],[18.88,49.52],[19.24,49.85],[19.17,50.05],[19.08,50.05],[19.09,50.11],[19.09,50.18]]]},"properties":{"id":"territory:Kingdom of Poland:1344","name":"폴란드 왕국","name_en":"Kingdom of Poland","actor":"기타중립","valid_from":1344,"valid_to":1352,"wikidata":"Q577867","area":123945,"src":"cliopatria","confidence":"medium"}},{"type":"Feature","geometry":{"type":"Point","coordinates":[19.566,51.393]},"properties":{"id":"territory:Kingdom of Poland:1344:label","name":"폴란드 왕국","name_en":"Kingdom of Poland","actor":"기타중립","valid_from":1344,"valid_to":1352,"wikidata":"Q577867","area":123945,"src":"cliopatria","confidence":"medium"}},{"type":"Feature","geometry":{"type":"MultiPolygon","coordinates":[[[[22.99,38.29],[22.6,38.42],[22.21,38.35],[22.06,38.42],[22.07,38.61],[21.99,38.61],[21.99,38.67],[22.16,38.93],[22.94,38.87],[22.94,38.8],[23.31,38.48],[23.7,38.48],[24.08,38.29],[23.98,37.84],[23.44,38.03],[23.36,38.03],[23.04,37.9],[22.99,38.29]]],[[[-0.32,39.26],[-0.32,39.19],[0.1,38.74],[-0.36,38.48],[-0.44,38.48],[-1.1,39.06],[-1.1,39.13],[-1.11,39.26],[-0.32,39.26]]],[[[1.66,39.0],[1.43,38.8],[1.27,38.8],[1.18,39.06],[1.26,39.13],[1.34,39.13],[1.65,39.13],[1.66,39.0]]],[[[3.2,39.84],[3.52,39.77],[3.3,39.32],[2.82,39.32],[2.66,39.51],[2.35,39.45],[2.34,39.64],[2.88,39.97],[2.96,39.97],[3.19,39.97],[3.2,39.84]]],[[[4.3,39.84],[3.83,39.9],[3.74,40.1],[3.82,40.1],[4.22,40.1],[4.3,39.84]]],[[[9.82,40.74],[9.82,40.36],[9.67,40.29],[9.74,40.16],[9.67,39.19],[9.12,39.19],[8.97,38.87],[8.42,38.93],[8.33,39.51],[8.41,39.51],[8.41,39.58],[8.96,39.64],[9.27,40.03],[9.11,40.1],[9.11,40.23],[8.4,40.16],[8.4,40.23],[8.32,40.48],[8.16,40.55],[8.15,40.94],[8.55,40.87],[9.02,41.26],[9.1,41.26],[9.5,41.2],[9.82,40.74]]],[[[2.11,41.33],[1.24,41.2],[0.7,40.94],[0.71,40.68],[0.25,40.42],[0.18,40.16],[-0.05,40.1],[-0.12,39.97],[-0.2,39.97],[-0.76,40.03],[-1.01,40.23],[-1.02,40.42],[-1.44,40.81],[-1.16,41.39],[-1.33,41.59],[-1.65,41.65],[-1.75,41.91],[-1.67,41.91],[-1.59,41.91],[-1.51,41.91],[-1.43,41.91],[-1.43,41.98],[-1.44,42.04],[-1.44,42.11],[-1.39,42.5],[-0.86,42.95],[0.04,42.69],[0.99,42.82],[1.07,42.82],[1.49,42.63],[1.49,42.56],[1.58,42.43],[1.81,42.56],[2.52,42.82],[2.75,43.02],[2.99,43.02],[2.99,42.95],[3.01,42.56],[3.09,42.56],[3.09,42.5],[2.86,42.43],[2.86,42.24],[3.03,42.11],[3.03,42.04],[3.12,41.91],[2.57,41.59],[2.49,41.59],[2.33,41.59],[2.11,41.33]]]]},"properties":{"id":"territory:Crown of Aragon:1363","name":"Crown of Aragon","name_en":"Crown of Aragon","actor":"기타중립","valid_from":1363,"valid_to":1375,"wikidata":"Q204920","area":123916,"src":"cliopatria","confidence":"medium"}},{"type":"Feature","geometry":{"type":"Point","coordinates":[0.443,41.711]},"properties":{"id":"territory:Crown of Aragon:1363:label","name":"Crown of Aragon","name_en":"Crown of Aragon","actor":"기타중립","valid_from":1363,"valid_to":1375,"wikidata":"Q204920","area":123916,"src":"cliopatria","confidence":"medium"}},{"type":"Feature","geometry":{"type":"Polygon","coordinates":[[[19.09,50.18],[19.17,50.18],[19.19,50.38],[19.02,50.45],[19.03,50.58],[18.7,50.71],[18.71,50.85],[18.05,51.11],[17.97,51.25],[17.55,51.25],[17.32,51.71],[16.98,51.71],[16.72,51.58],[16.14,51.85],[15.99,52.32],[15.65,52.32],[15.49,52.65],[16.01,52.79],[16.01,52.86],[16.28,53.12],[16.71,53.19],[16.72,53.39],[16.9,53.53],[16.99,53.53],[16.99,53.6],[17.08,53.6],[17.17,53.6],[17.16,53.46],[17.41,53.39],[17.51,53.53],[17.85,53.53],[17.95,53.66],[18.98,53.66],[19.06,53.53],[18.62,53.39],[18.52,53.19],[18.69,53.19],[18.93,52.92],[19.1,52.92],[19.42,52.65],[19.48,52.32],[20.08,52.25],[20.07,52.12],[20.31,51.92],[20.56,51.92],[20.72,51.78],[20.71,51.65],[20.96,51.58],[22.01,51.98],[22.11,52.12],[22.2,52.12],[22.2,52.18],[22.37,52.18],[22.69,51.92],[22.67,51.71],[23.0,51.58],[22.88,51.25],[23.04,51.18],[23.02,50.98],[23.11,50.98],[23.09,50.78],[22.92,50.71],[22.95,50.11],[22.26,49.91],[22.16,49.71],[21.39,49.45],[20.96,49.32],[20.21,49.38],[19.87,49.18],[19.39,49.58],[19.17,50.05],[19.08,50.05],[19.09,50.11],[19.09,50.18]]]},"properties":{"id":"territory:Kingdom of Poland:1326","name":"폴란드 왕국","name_en":"Kingdom of Poland","actor":"기타중립","valid_from":1326,"valid_to":1333,"wikidata":"Q577867","area":123814,"src":"cliopatria","confidence":"medium"}},{"type":"Feature","geometry":{"type":"Point","coordinates":[19.581,51.433]},"properties":{"id":"territory:Kingdom of Poland:1326:label","name":"폴란드 왕국","name_en":"Kingdom of Poland","actor":"기타중립","valid_from":1326,"valid_to":1333,"wikidata":"Q577867","area":123814,"src":"cliopatria","confidence":"medium"}},{"type":"Feature","geometry":{"type":"Polygon","coordinates":[[[19.09,50.18],[19.17,50.18],[19.19,50.38],[19.02,50.45],[19.03,50.58],[18.7,50.71],[18.71,50.85],[18.05,51.11],[17.97,51.25],[17.55,51.25],[17.32,51.71],[16.98,51.71],[16.72,51.58],[16.14,51.85],[15.99,52.32],[15.65,52.32],[15.49,52.65],[16.01,52.79],[16.01,52.86],[16.28,53.12],[16.71,53.19],[16.72,53.39],[16.9,53.53],[16.99,53.53],[16.99,53.6],[17.08,53.6],[17.17,53.6],[17.16,53.46],[17.41,53.39],[17.51,53.53],[17.85,53.53],[17.95,53.66],[18.98,53.66],[19.06,53.53],[18.62,53.39],[18.52,53.19],[18.69,53.19],[18.93,52.92],[19.1,52.92],[19.42,52.65],[19.48,52.32],[20.08,52.25],[20.07,52.12],[20.31,51.92],[20.56,51.92],[20.72,51.78],[20.71,51.65],[21.04,51.58],[22.1,52.05],[22.35,51.92],[22.69,51.92],[22.67,51.71],[23.0,51.58],[22.88,51.25],[23.04,51.18],[23.02,50.98],[23.11,50.98],[23.09,50.78],[22.92,50.71],[22.95,50.11],[22.26,49.91],[22.16,49.71],[21.39,49.45],[20.96,49.32],[20.21,49.38],[19.87,49.18],[19.39,49.58],[19.17,50.05],[19.08,50.05],[19.09,50.11],[19.09,50.18]]]},"properties":{"id":"territory:Kingdom of Poland:1314","name":"폴란드 왕국","name_en":"Kingdom of Poland","actor":"기타중립","valid_from":1314,"valid_to":1326,"wikidata":"Q577867","area":123094,"src":"cliopatria","confidence":"medium"}},{"type":"Feature","geometry":{"type":"Point","coordinates":[19.565,51.429]},"properties":{"id":"territory:Kingdom of Poland:1314:label","name":"폴란드 왕국","name_en":"Kingdom of Poland","actor":"기타중립","valid_from":1314,"valid_to":1326,"wikidata":"Q577867","area":123094,"src":"cliopatria","confidence":"medium"}},{"type":"Feature","geometry":{"type":"MultiPolygon","coordinates":[[[[14.57,35.97],[14.57,35.77],[14.34,35.84],[14.34,36.03],[14.42,36.03],[14.57,35.97]]],[[[15.21,37.19],[15.21,37.0],[15.05,36.74],[14.66,36.74],[14.28,37.13],[13.58,37.25],[13.19,37.58],[12.49,37.71],[12.49,37.9],[12.65,38.09],[13.04,38.03],[13.12,38.16],[13.35,38.16],[13.67,37.96],[14.06,37.96],[15.63,38.29],[15.62,38.16],[15.39,38.16],[15.07,37.58],[15.06,37.51],[15.06,37.25],[15.21,37.19]]],[[[1.66,39.0],[1.43,38.8],[1.27,38.8],[1.18,39.06],[1.26,39.13],[1.34,39.13],[1.65,39.13],[1.66,39.0]]],[[[3.19,39.97],[3.2,39.84],[3.52,39.77],[3.3,39.32],[2.82,39.32],[2.66,39.51],[2.35,39.45],[2.34,39.64],[2.88,39.97],[2.96,39.97],[3.19,39.97]]],[[[4.3,39.84],[3.83,39.9],[3.74,40.1],[3.82,40.1],[4.22,40.1],[4.3,39.84]]],[[[1.42,42.37],[1.51,42.24],[2.86,42.3],[2.86,42.24],[3.11,41.98],[2.89,41.72],[2.33,41.59],[2.11,41.33],[1.24,41.2],[0.7,40.94],[0.71,40.68],[0.47,40.61],[0.25,40.42],[0.18,40.16],[-0.2,39.97],[-0.35,39.71],[-0.31,39.13],[0.1,38.74],[-0.43,38.42],[-0.51,38.42],[-0.9,38.35],[-0.77,38.87],[-1.09,39.0],[-1.11,39.32],[-0.97,39.58],[-1.21,39.71],[-1.16,40.1],[-1.73,40.36],[-1.51,40.74],[-2.1,41.2],[-2.12,41.46],[-1.88,41.52],[-1.98,41.78],[-1.82,41.78],[-1.83,41.91],[-1.43,41.91],[-1.44,42.04],[-1.44,42.11],[-1.39,42.5],[-0.86,42.95],[-0.29,42.82],[0.04,42.69],[0.99,42.82],[1.07,42.82],[1.49,42.63],[1.49,42.56],[1.49,42.5],[1.41,42.5],[1.42,42.43],[1.42,42.37]]]]},"properties":{"id":"territory:Crown of Aragon:1294","name":"Crown of Aragon","name_en":"Crown of Aragon","actor":"기타중립","valid_from":1294,"valid_to":1305,"wikidata":"Q204920","area":122292,"src":"cliopatria","confidence":"medium"}},{"type":"Feature","geometry":{"type":"Point","coordinates":[-0.017,41.272]},"properties":{"id":"territory:Crown of Aragon:1294:label","name":"Crown of Aragon","name_en":"Crown of Aragon","actor":"기타중립","valid_from":1294,"valid_to":1305,"wikidata":"Q204920","area":122292,"src":"cliopatria","confidence":"medium"}},{"type":"Feature","geometry":{"type":"MultiPolygon","coordinates":[[[[40.84,58.53],[40.91,58.46],[40.75,58.18],[40.7,57.7],[41.19,57.83],[41.24,58.04],[41.6,58.04],[41.58,57.97],[41.92,57.9],[42.61,58.11],[43.04,58.67],[43.6,59.02],[43.96,59.02],[43.94,58.95],[43.54,58.53],[43.28,57.97],[43.19,57.97],[43.2,57.7],[43.0,57.63],[43.03,57.42],[42.83,57.35],[42.81,57.28],[42.42,57.14],[42.34,56.87],[42.03,56.73],[42.1,56.66],[41.98,56.52],[40.33,56.32],[40.15,55.98],[39.94,55.84],[39.33,55.84],[39.3,55.7],[39.12,55.7],[39.31,56.11],[39.08,56.25],[39.29,56.39],[39.34,56.94],[38.81,57.28],[38.46,57.28],[38.05,57.08],[37.8,57.14],[37.85,57.7],[38.49,57.77],[38.52,57.9],[38.43,57.9],[38.4,58.46],[38.25,58.6],[38.07,58.6],[38.02,58.74],[37.64,58.67],[37.77,57.77],[37.26,57.83],[37.21,57.63],[36.55,57.49],[36.59,58.04],[36.5,58.04],[36.55,58.25],[36.46,58.25],[36.51,58.46],[36.42,58.46],[36.45,58.95],[36.72,58.95],[36.78,58.81],[37.68,58.81],[37.89,58.95],[38.36,59.02],[38.44,59.29],[38.8,59.29],[38.94,59.16],[39.56,59.09],[40.09,58.74],[40.83,58.81],[40.77,58.6],[40.86,58.6],[40.84,58.53]]],[[[43.96,59.02],[43.98,59.09],[44.07,59.09],[44.05,59.02],[43.96,59.02]]],[[[45.94,60.35],[45.92,60.28],[45.89,60.21],[45.87,60.14],[45.85,60.07],[45.68,59.85],[45.02,59.5],[43.96,59.57],[43.98,59.64],[42.6,59.57],[42.62,59.64],[42.07,59.64],[41.54,59.36],[41.26,59.36],[41.02,59.16],[40.79,59.29],[41.6,59.57],[41.64,59.71],[42.2,60.07],[43.01,60.91],[43.29,61.48],[43.54,61.69],[44.28,61.69],[44.49,61.76],[44.54,61.9],[46.09,61.83],[46.07,61.76],[46.25,61.76],[46.39,61.62],[46.24,61.19],[46.21,61.12],[45.99,60.49],[45.97,60.42],[45.94,60.35]]]]},"properties":{"id":"territory:Principality of Vladimir-Suzdal:1344","name":"Principality of Vladimir-Suzdal","name_en":"Principality of Vladimir-Suzdal","actor":"기타중립","valid_from":1344,"valid_to":1375,"wikidata":"Q83546","area":121591,"src":"cliopatria","confidence":"medium"}},{"type":"Feature","geometry":{"type":"Point","coordinates":[39.97,57.712]},"properties":{"id":"territory:Principality of Vladimir-Suzdal:1344:label","name":"Principality of Vladimir-Suzdal","name_en":"Principality of Vladimir-Suzdal","actor":"기타중립","valid_from":1344,"valid_to":1375,"wikidata":"Q83546","area":121591,"src":"cliopatria","confidence":"medium"}},{"type":"Feature","geometry":{"type":"Polygon","coordinates":[[[18.38,49.45],[17.94,48.99],[16.93,48.72],[16.18,48.72],[15.69,48.92],[14.94,48.99],[14.85,48.72],[14.6,48.59],[14.1,48.65],[13.61,48.92],[13.52,48.92],[13.53,48.99],[13.44,48.99],[13.36,48.99],[13.11,49.25],[12.78,49.32],[12.37,49.71],[12.37,49.98],[12.12,50.18],[12.12,50.25],[12.29,50.25],[12.38,50.38],[12.8,50.38],[13.22,50.65],[13.99,50.85],[14.07,50.85],[14.33,50.98],[14.33,51.25],[14.26,51.51],[14.68,51.38],[14.66,50.98],[14.75,50.91],[15.26,50.98],[15.42,50.78],[15.92,50.78],[15.93,50.98],[15.68,51.05],[15.69,51.38],[15.53,51.51],[15.53,51.65],[15.19,51.65],[14.93,51.45],[14.76,51.45],[14.6,51.65],[14.6,51.71],[14.61,51.78],[14.61,51.85],[14.69,51.85],[14.78,51.85],[14.78,51.92],[14.96,52.12],[15.65,52.32],[15.99,52.32],[16.14,51.85],[16.72,51.58],[16.98,51.71],[17.32,51.71],[17.55,51.25],[17.97,51.25],[18.05,51.11],[18.71,50.85],[18.7,50.71],[19.03,50.58],[19.02,50.45],[19.19,50.38],[19.17,50.18],[19.09,50.18],[19.09,50.11],[19.08,50.05],[19.17,50.05],[19.39,49.58],[19.13,49.45],[18.8,49.52],[18.38,49.45]]]},"properties":{"id":"territory:Kingdom of Bohemia:1326","name":"Kingdom of Bohemia","name_en":"Kingdom of Bohemia","actor":"기타중립","valid_from":1326,"valid_to":1333,"wikidata":"Q42585","area":119951,"src":"cliopatria","confidence":"medium"}},{"type":"Feature","geometry":{"type":"Point","coordinates":[15.867,50.161]},"properties":{"id":"territory:Kingdom of Bohemia:1326:label","name":"Kingdom of Bohemia","name_en":"Kingdom of Bohemia","actor":"기타중립","valid_from":1326,"valid_to":1333,"wikidata":"Q42585","area":119951,"src":"cliopatria","confidence":"medium"}},{"type":"Feature","geometry":{"type":"MultiPolygon","coordinates":[[[[41.46,36.55],[41.06,36.42],[40.51,35.13],[40.36,35.13],[40.37,35.26],[39.74,35.77],[38.13,35.97],[38.09,36.29],[38.26,36.35],[38.38,36.74],[37.96,37.13],[38.08,37.51],[38.72,37.64],[39.5,38.22],[39.71,38.03],[39.95,38.03],[40.15,37.84],[40.46,37.77],[41.15,37.13],[41.14,37.06],[41.46,36.55]]],[[[30.27,37.45],[30.05,37.58],[28.71,37.45],[28.68,37.96],[28.38,38.09],[28.64,38.48],[28.5,38.67],[28.52,38.93],[28.62,39.13],[28.78,39.13],[28.9,39.58],[29.3,39.71],[30.95,39.64],[31.18,39.58],[31.15,39.32],[31.08,39.32],[31.04,38.93],[31.03,38.87],[31.02,38.8],[30.95,38.8],[30.94,38.74],[30.93,38.67],[31.56,38.61],[31.85,38.42],[31.84,38.29],[31.52,38.22],[31.0,37.71],[30.92,37.71],[30.84,37.71],[30.84,37.64],[30.76,37.64],[30.75,37.58],[30.27,37.45]]],[[[32.68,40.29],[32.76,40.29],[32.76,40.36],[33.17,40.42],[33.77,40.16],[33.57,39.77],[32.78,39.77],[32.74,40.16],[32.75,40.23],[32.67,40.23],[32.68,40.29]]],[[[48.2,41.59],[48.12,41.59],[48.17,41.85],[48.09,41.85],[48.2,41.98],[48.28,41.98],[48.27,41.91],[48.34,41.91],[48.48,41.78],[48.28,41.59],[48.2,41.59]]]]},"properties":{"id":"territory:Germiyanids:1375","name":"Germiyanids","name_en":"Germiyanids","actor":"기타중립","valid_from":1375,"valid_to":1407,"wikidata":"Q1324889","area":119775,"src":"cliopatria","confidence":"medium"}},{"type":"Feature","geometry":{"type":"Point","coordinates":[39.679,36.762]},"properties":{"id":"territory:Germiyanids:1375:label","name":"Germiyanids","name_en":"Germiyanids","actor":"기타중립","valid_from":1375,"valid_to":1407,"wikidata":"Q1324889","area":119775,"src":"cliopatria","confidence":"medium"}},{"type":"Feature","geometry":{"type":"Polygon","coordinates":[[[18.38,49.45],[17.94,48.99],[16.93,48.72],[16.18,48.72],[15.69,48.92],[14.94,48.99],[14.85,48.72],[14.6,48.59],[14.1,48.65],[13.61,48.92],[13.52,48.92],[13.53,48.99],[13.44,48.99],[13.36,48.99],[13.11,49.25],[12.78,49.32],[12.37,49.71],[12.37,49.98],[12.12,50.18],[12.12,50.25],[12.29,50.25],[12.38,50.38],[12.8,50.38],[13.22,50.65],[13.99,50.85],[14.07,50.85],[14.15,50.85],[14.16,50.91],[14.24,50.91],[14.24,50.98],[14.33,50.98],[14.33,51.05],[14.5,51.05],[14.58,50.91],[15.26,50.98],[15.42,50.78],[15.92,50.78],[15.93,50.98],[15.68,51.05],[15.69,51.38],[15.53,51.51],[15.53,51.65],[15.19,51.65],[14.93,51.45],[14.76,51.45],[14.6,51.65],[14.6,51.71],[14.61,51.78],[14.61,51.85],[14.69,51.85],[14.78,51.85],[14.78,51.92],[14.96,52.12],[15.65,52.32],[15.99,52.32],[16.14,51.85],[16.72,51.58],[16.98,51.71],[17.32,51.71],[17.55,51.25],[17.97,51.25],[18.05,51.11],[18.71,50.85],[18.7,50.71],[19.03,50.58],[19.02,50.45],[19.19,50.38],[19.17,50.18],[19.09,50.18],[19.09,50.11],[19.08,50.05],[19.17,50.05],[19.39,49.58],[19.13,49.45],[18.8,49.52],[18.38,49.45]]]},"properties":{"id":"territory:Kingdom of Bohemia:1314","name":"Kingdom of Bohemia","name_en":"Kingdom of Bohemia","actor":"기타중립","valid_from":1314,"valid_to":1326,"wikidata":"Q42585","area":118743,"src":"cliopatria","confidence":"medium"}},{"type":"Feature","geometry":{"type":"Point","coordinates":[15.882,50.15]},"properties":{"id":"territory:Kingdom of Bohemia:1314:label","name":"Kingdom of Bohemia","name_en":"Kingdom of Bohemia","actor":"기타중립","valid_from":1314,"valid_to":1326,"wikidata":"Q42585","area":118743,"src":"cliopatria","confidence":"medium"}},{"type":"Feature","geometry":{"type":"Polygon","coordinates":[[[29.11,44.84],[29.53,44.91],[29.66,45.37],[29.58,45.37],[29.58,45.43],[29.1,45.43],[28.67,45.24],[28.35,45.3],[28.28,45.43],[28.04,45.43],[27.86,45.3],[27.85,45.17],[28.0,45.04],[27.97,44.78],[27.8,44.71],[27.79,44.58],[27.94,44.52],[27.83,44.19],[27.49,44.06],[26.28,44.06],[25.85,43.73],[25.43,43.6],[24.88,43.73],[24.15,43.67],[23.6,43.86],[22.95,43.8],[22.89,44.12],[22.66,44.19],[22.14,43.67],[21.93,43.02],[22.16,42.82],[22.3,42.5],[22.46,42.56],[22.45,42.37],[22.37,42.37],[22.44,42.17],[22.83,42.04],[24.49,41.91],[24.8,41.72],[25.19,41.65],[26.23,41.72],[26.57,41.98],[27.06,42.11],[27.38,42.11],[27.45,41.98],[27.93,41.98],[27.94,42.04],[27.49,42.43],[27.51,42.63],[27.85,42.76],[27.8,43.15],[27.9,43.28],[28.23,43.34],[28.16,43.47],[28.48,43.47],[28.62,43.99],[28.54,43.99],[28.58,44.39],[28.84,44.58],[28.8,44.97],[29.05,44.97],[29.02,44.78],[29.11,44.78],[29.11,44.84]]]},"properties":{"id":"territory:Second Bulgarian Empire:1352","name":"Second Bulgarian Empire","name_en":"Second Bulgarian Empire","actor":"기타중립","valid_from":1352,"valid_to":1363,"wikidata":"Q420759","area":116798,"src":"cliopatria","confidence":"medium"}},{"type":"Feature","geometry":{"type":"Point","coordinates":[25.567,43.162]},"properties":{"id":"territory:Second Bulgarian Empire:1352:label","name":"Second Bulgarian Empire","name_en":"Second Bulgarian Empire","actor":"기타중립","valid_from":1352,"valid_to":1363,"wikidata":"Q420759","area":116798,"src":"cliopatria","confidence":"medium"}},{"type":"Feature","geometry":{"type":"Polygon","coordinates":[[[29.11,44.78],[29.53,44.91],[29.66,45.37],[29.58,45.37],[29.58,45.43],[29.1,45.43],[28.67,45.24],[28.35,45.3],[28.28,45.43],[28.04,45.43],[27.86,45.3],[27.85,45.17],[28.0,45.04],[27.97,44.78],[27.8,44.71],[27.79,44.58],[27.94,44.52],[27.83,44.19],[27.49,44.06],[26.28,44.06],[25.85,43.73],[25.43,43.6],[24.88,43.73],[24.15,43.67],[23.6,43.86],[22.95,43.8],[22.89,44.12],[22.66,44.19],[22.23,43.8],[22.03,43.28],[21.95,43.28],[21.93,43.02],[22.16,42.82],[22.22,42.56],[22.46,42.56],[22.37,42.3],[22.51,42.11],[24.57,41.91],[25.19,41.65],[26.23,41.72],[26.57,41.98],[27.06,42.11],[27.38,42.11],[27.45,41.98],[27.93,41.98],[27.94,42.04],[27.49,42.43],[27.51,42.63],[27.85,42.76],[27.8,43.15],[27.9,43.28],[28.23,43.34],[28.16,43.47],[28.48,43.47],[28.62,43.99],[28.54,43.99],[28.58,44.39],[28.84,44.58],[28.8,44.97],[29.05,44.97],[29.02,44.78],[29.11,44.78]]]},"properties":{"id":"territory:Second Bulgarian Empire:1344","name":"Second Bulgarian Empire","name_en":"Second Bulgarian Empire","actor":"기타중립","valid_from":1344,"valid_to":1352,"wikidata":"Q420759","area":116344,"src":"cliopatria","confidence":"medium"}},{"type":"Feature","geometry":{"type":"Point","coordinates":[25.576,43.171]},"properties":{"id":"territory:Second Bulgarian Empire:1344:label","name":"Second Bulgarian Empire","name_en":"Second Bulgarian Empire","actor":"기타중립","valid_from":1344,"valid_to":1352,"wikidata":"Q420759","area":116344,"src":"cliopatria","confidence":"medium"}},{"type":"Feature","geometry":{"type":"Polygon","coordinates":[[[19.09,50.18],[19.17,50.18],[19.19,50.38],[19.02,50.45],[19.03,50.58],[18.7,50.71],[18.71,50.85],[18.05,51.11],[17.97,51.25],[17.55,51.25],[17.32,51.71],[16.98,51.71],[16.72,51.58],[16.14,51.85],[15.99,52.32],[15.65,52.32],[15.49,52.65],[16.01,52.79],[16.01,52.86],[16.28,53.12],[16.71,53.19],[16.72,53.39],[16.9,53.53],[16.99,53.53],[16.99,53.6],[17.08,53.6],[17.33,53.39],[17.51,53.53],[17.85,53.53],[17.93,53.39],[18.1,53.39],[18.26,53.26],[18.33,52.99],[18.66,52.79],[18.65,52.65],[19.62,51.85],[19.87,51.78],[20.23,51.98],[20.56,51.92],[20.72,51.78],[20.71,51.65],[21.04,51.58],[21.57,51.78],[21.67,51.92],[22.01,51.98],[22.11,52.12],[22.2,52.12],[22.2,52.18],[22.37,52.18],[22.69,51.92],[22.67,51.71],[23.0,51.58],[22.88,51.25],[23.04,51.18],[23.02,50.98],[23.11,50.98],[23.09,50.78],[22.92,50.71],[22.95,50.11],[22.26,49.91],[22.16,49.71],[21.39,49.45],[20.96,49.32],[20.21,49.38],[19.87,49.18],[19.47,49.58],[19.13,49.45],[18.88,49.52],[19.24,49.85],[19.17,50.05],[19.08,50.05],[19.09,50.11],[19.09,50.18]]]},"properties":{"id":"territory:Kingdom of Poland:1333","name":"폴란드 왕국","name_en":"Kingdom of Poland","actor":"기타중립","valid_from":1333,"valid_to":1344,"wikidata":"Q577867","area":115541,"src":"cliopatria","confidence":"medium"}},{"type":"Feature","geometry":{"type":"Point","coordinates":[19.624,51.314]},"properties":{"id":"territory:Kingdom of Poland:1333:label","name":"폴란드 왕국","name_en":"Kingdom of Poland","actor":"기타중립","valid_from":1333,"valid_to":1344,"wikidata":"Q577867","area":115541,"src":"cliopatria","confidence":"medium"}},{"type":"Feature","geometry":{"type":"MultiPolygon","coordinates":[[[[9.5,41.2],[9.82,40.74],[9.82,40.36],[9.67,40.29],[9.74,40.16],[9.67,39.19],[9.12,39.19],[8.97,38.87],[8.42,38.93],[8.33,39.51],[8.41,39.51],[8.41,39.58],[8.96,39.64],[9.27,39.97],[9.11,40.23],[8.8,40.23],[8.72,40.23],[8.4,40.16],[8.32,40.48],[8.16,40.55],[8.15,40.94],[8.55,40.87],[9.02,41.26],[9.1,41.26],[9.5,41.2]]],[[[1.41,42.5],[1.42,42.43],[1.42,42.37],[1.51,42.24],[2.86,42.3],[2.86,42.24],[3.11,41.98],[2.89,41.72],[2.33,41.59],[2.11,41.33],[1.24,41.2],[0.7,40.94],[0.71,40.68],[0.47,40.61],[0.25,40.42],[0.18,40.16],[-0.2,39.97],[-0.35,39.71],[-0.31,39.13],[0.1,38.74],[-0.36,38.48],[-0.44,38.48],[-0.68,38.61],[-0.77,38.87],[-1.09,39.0],[-1.11,39.38],[-1.35,39.45],[-1.37,39.71],[-1.15,39.9],[-1.16,40.1],[-1.73,40.36],[-1.51,40.74],[-2.1,41.2],[-2.12,41.46],[-1.88,41.52],[-1.98,41.78],[-1.82,41.78],[-1.83,41.91],[-1.43,41.91],[-1.44,42.04],[-1.44,42.11],[-1.39,42.5],[-0.86,42.95],[-0.29,42.82],[0.04,42.69],[0.99,42.82],[1.07,42.82],[1.49,42.63],[1.49,42.56],[1.49,42.5],[1.41,42.5]]]]},"properties":{"id":"territory:Crown of Aragon:1326","name":"Crown of Aragon","name_en":"Crown of Aragon","actor":"기타중립","valid_from":1326,"valid_to":1344,"wikidata":"Q204920","area":115445,"src":"cliopatria","confidence":"medium"}},{"type":"Feature","geometry":{"type":"Point","coordinates":[-0.023,41.283]},"properties":{"id":"territory:Crown of Aragon:1326:label","name":"Crown of Aragon","name_en":"Crown of Aragon","actor":"기타중립","valid_from":1326,"valid_to":1344,"wikidata":"Q204920","area":115445,"src":"cliopatria","confidence":"medium"}},{"type":"Feature","geometry":{"type":"MultiPolygon","coordinates":[[[[40.84,58.53],[40.91,58.46],[40.75,58.18],[40.7,57.7],[41.19,57.83],[41.24,58.04],[41.6,58.04],[41.58,57.97],[41.92,57.9],[42.61,58.11],[43.04,58.67],[43.6,59.02],[43.96,59.02],[43.94,58.95],[43.54,58.53],[43.28,57.97],[43.19,57.97],[43.2,57.7],[43.0,57.63],[43.03,57.42],[42.83,57.35],[42.81,57.28],[42.42,57.14],[42.34,56.87],[42.03,56.73],[42.1,56.66],[41.98,56.52],[40.33,56.32],[40.32,56.94],[39.79,56.94],[39.82,57.08],[39.68,57.21],[39.13,57.14],[39.15,57.21],[38.46,57.28],[38.05,57.08],[37.8,57.14],[37.85,57.7],[38.49,57.77],[38.52,57.9],[38.43,57.9],[38.4,58.46],[38.25,58.6],[38.07,58.6],[38.02,58.74],[37.64,58.67],[37.77,57.77],[37.26,57.83],[37.21,57.63],[36.55,57.49],[36.59,58.04],[36.5,58.04],[36.55,58.25],[36.46,58.25],[36.51,58.46],[36.42,58.46],[36.45,58.95],[36.72,58.95],[36.78,58.81],[37.68,58.81],[37.89,58.95],[38.36,59.02],[38.44,59.29],[38.8,59.29],[38.94,59.16],[39.56,59.09],[40.09,58.74],[40.83,58.81],[40.77,58.6],[40.86,58.6],[40.84,58.53]]],[[[43.96,59.02],[43.98,59.09],[44.07,59.09],[44.05,59.02],[43.96,59.02]]],[[[45.94,60.35],[45.92,60.28],[45.89,60.21],[45.87,60.14],[45.85,60.07],[45.68,59.85],[45.02,59.5],[43.96,59.57],[43.98,59.64],[42.6,59.57],[42.62,59.64],[42.07,59.64],[41.54,59.36],[41.26,59.36],[41.02,59.16],[40.79,59.29],[41.6,59.57],[41.64,59.71],[42.2,60.07],[43.01,60.91],[43.29,61.48],[43.54,61.69],[44.28,61.69],[44.49,61.76],[44.54,61.9],[46.09,61.83],[46.07,61.76],[46.25,61.76],[46.39,61.62],[46.24,61.19],[46.21,61.12],[45.99,60.49],[45.97,60.42],[45.94,60.35]]]]},"properties":{"id":"territory:Principality of Vladimir-Suzdal:1375","name":"Principality of Vladimir-Suzdal","name_en":"Principality of Vladimir-Suzdal","actor":"기타중립","valid_from":1375,"valid_to":1395,"wikidata":"Q83546","area":112861,"src":"cliopatria","confidence":"medium"}},{"type":"Feature","geometry":{"type":"Point","coordinates":[40.001,57.867]},"properties":{"id":"territory:Principality of Vladimir-Suzdal:1375:label","name":"Principality of Vladimir-Suzdal","name_en":"Principality of Vladimir-Suzdal","actor":"기타중립","valid_from":1375,"valid_to":1395,"wikidata":"Q83546","area":112861,"src":"cliopatria","confidence":"medium"}},{"type":"Feature","geometry":{"type":"Polygon","coordinates":[[[23.24,53.19],[23.73,52.99],[24.05,52.72],[24.48,52.72],[24.58,52.92],[25.26,52.86],[25.28,52.99],[25.45,52.99],[25.53,52.25],[25.62,52.25],[25.53,51.51],[26.03,51.38],[25.99,51.05],[25.96,50.85],[25.7,50.71],[25.66,50.38],[25.82,50.31],[25.8,50.11],[25.97,50.11],[26.03,49.91],[26.19,49.85],[26.22,49.38],[25.95,49.18],[25.27,48.99],[25.25,48.79],[25.57,48.65],[25.63,48.46],[25.01,48.06],[24.99,47.8],[24.91,47.8],[24.59,47.93],[24.69,48.13],[24.37,48.26],[24.38,48.39],[24.05,48.46],[23.83,48.72],[23.09,48.85],[22.78,49.12],[22.44,49.05],[21.8,49.38],[21.39,49.45],[22.16,49.71],[22.26,49.91],[22.95,50.11],[22.92,50.71],[23.09,50.78],[23.11,50.98],[23.02,50.98],[23.04,51.18],[22.88,51.25],[23.0,51.58],[22.67,51.71],[22.69,51.92],[22.35,51.92],[22.1,52.05],[22.29,52.25],[22.42,52.72],[22.34,52.79],[22.43,52.79],[22.65,53.26],[23.24,53.19]]]},"properties":{"id":"territory:Galicia-Volhynia:1305","name":"Galicia-Volhynia","name_en":"Galicia-Volhynia","actor":"기타중립","valid_from":1305,"valid_to":1314,"wikidata":"Q239502","area":112375,"src":"cliopatria","confidence":"medium"}},{"type":"Feature","geometry":{"type":"Point","coordinates":[24.176,50.671]},"properties":{"id":"territory:Galicia-Volhynia:1305:label","name":"Galicia-Volhynia","name_en":"Galicia-Volhynia","actor":"기타중립","valid_from":1305,"valid_to":1314,"wikidata":"Q239502","area":112375,"src":"cliopatria","confidence":"medium"}},{"type":"Feature","geometry":{"type":"MultiPolygon","coordinates":[[[[22.66,54.27],[22.48,54.21],[22.46,54.0],[22.55,54.0],[22.42,53.6],[21.29,53.46],[20.93,53.26],[20.67,53.26],[20.4,53.06],[19.72,53.26],[19.63,53.12],[19.1,52.92],[18.93,52.92],[18.69,53.19],[18.52,53.19],[18.62,53.39],[18.97,53.46],[19.06,53.6],[19.41,53.6],[19.42,53.8],[19.26,53.94],[19.38,54.34],[19.46,54.34],[19.56,54.48],[19.82,54.48],[19.83,54.61],[20.0,54.61],[19.84,54.68],[19.95,55.02],[20.65,55.09],[20.73,54.95],[20.99,54.95],[21.2,55.36],[20.97,55.63],[20.98,55.84],[20.99,55.91],[21.25,55.84],[21.24,55.7],[21.64,55.36],[22.07,55.29],[22.31,55.09],[22.57,55.09],[22.81,54.89],[22.7,54.68],[22.7,54.61],[22.66,54.27]]],[[[25.7,56.94],[25.77,56.8],[25.94,56.8],[26.18,56.59],[26.07,56.46],[26.32,56.32],[26.37,56.05],[26.81,56.05],[27.09,56.18],[26.93,56.25],[26.87,56.46],[26.59,56.39],[26.46,56.66],[26.83,56.8],[27.18,56.8],[27.16,56.66],[27.79,56.73],[27.88,56.73],[28.12,56.59],[28.15,56.18],[27.97,56.18],[27.47,55.77],[26.87,55.84],[26.5,55.7],[25.83,55.98],[25.76,56.11],[25.07,56.18],[24.83,56.39],[24.11,56.25],[22.19,56.46],[22.2,56.52],[21.84,56.52],[21.77,56.66],[21.87,56.73],[21.7,56.8],[21.57,56.46],[21.57,56.39],[20.92,56.05],[20.92,56.11],[20.87,56.46],[20.95,56.46],[20.99,56.8],[21.25,56.73],[21.23,56.59],[21.42,56.66],[21.37,57.08],[21.28,57.08],[21.31,57.35],[21.51,57.56],[21.68,57.49],[21.65,57.21],[22.0,57.21],[22.2,57.42],[22.37,57.35],[22.75,57.49],[22.67,57.63],[22.85,57.63],[23.41,57.08],[23.67,57.01],[23.47,56.87],[23.74,56.87],[23.81,56.73],[24.44,56.8],[24.53,56.8],[25.5,56.8],[25.7,56.94]]],[[[21.69,56.73],[21.78,56.73],[21.77,56.66],[21.68,56.66],[21.69,56.73]]],[[[26.75,58.67],[26.83,58.6],[26.73,58.53],[26.68,58.18],[26.77,58.18],[26.74,57.97],[27.11,58.04],[27.27,57.97],[27.25,57.83],[27.43,57.83],[27.4,57.63],[27.2,57.49],[27.26,57.28],[26.89,57.21],[26.64,57.35],[25.94,57.42],[25.96,57.56],[25.43,57.56],[25.33,57.49],[25.49,57.35],[25.36,57.08],[24.45,56.87],[23.94,57.08],[24.14,57.28],[24.4,57.21],[24.61,57.42],[24.79,57.42],[24.72,57.63],[24.99,57.63],[24.92,57.77],[25.01,57.77],[25.03,57.9],[24.6,58.04],[24.23,57.97],[24.38,58.46],[24.58,58.6],[24.59,58.67],[24.97,58.81],[25.18,59.02],[25.73,59.09],[25.95,59.36],[26.14,59.36],[26.15,58.88],[26.42,58.88],[26.54,59.02],[27.11,59.22],[27.37,59.16],[27.36,59.09],[27.4,58.81],[26.96,58.88],[26.87,58.88],[26.93,58.67],[26.75,58.67]]],[[[22.43,58.67],[22.88,58.67],[22.77,58.46],[22.93,58.32],[22.29,58.18],[22.08,57.9],[21.9,57.9],[22.02,58.18],[21.94,58.25],[22.21,58.32],[22.3,58.32],[22.51,58.53],[22.43,58.67]]],[[[23.68,58.6],[23.67,58.46],[23.49,58.46],[23.43,58.74],[23.62,58.81],[23.71,58.81],[23.87,58.67],[23.68,58.6]]],[[[22.9,58.81],[22.38,59.02],[22.39,59.09],[22.84,59.09],[22.9,58.81]]]]},"properties":{"id":"territory:Teutonic Order:1305","name":"Teutonic Order","name_en":"Teutonic Order","actor":"기타중립","valid_from":1305,"valid_to":1314,"wikidata":"Q48189","area":112292,"src":"cliopatria","confidence":"medium"}},{"type":"Feature","geometry":{"type":"Point","coordinates":[20.889,54.197]},"properties":{"id":"territory:Teutonic Order:1305:label","name":"Teutonic Order","name_en":"Teutonic Order","actor":"기타중립","valid_from":1305,"valid_to":1314,"wikidata":"Q48189","area":112292,"src":"cliopatria","confidence":"medium"}},{"type":"Feature","geometry":{"type":"Polygon","coordinates":[[[25.99,51.05],[26.03,51.38],[25.53,51.51],[25.62,52.25],[25.53,52.25],[25.45,52.99],[25.28,52.99],[25.26,52.86],[24.58,52.92],[24.48,52.72],[24.05,52.72],[23.73,52.99],[23.24,53.19],[22.65,53.26],[22.43,52.79],[22.34,52.79],[22.42,52.72],[22.29,52.25],[22.1,52.05],[22.35,51.92],[22.69,51.92],[22.67,51.71],[23.0,51.58],[22.88,51.25],[23.04,51.18],[23.02,50.98],[23.11,50.98],[23.09,50.78],[22.92,50.71],[22.95,50.11],[22.26,49.91],[22.16,49.71],[21.39,49.45],[21.8,49.38],[22.52,49.05],[22.78,49.12],[23.09,48.85],[23.83,48.72],[24.05,48.46],[24.38,48.39],[24.37,48.26],[24.69,48.13],[24.59,47.93],[24.91,47.8],[24.99,47.8],[25.01,48.06],[25.63,48.46],[25.57,48.65],[25.25,48.79],[25.27,48.99],[25.95,49.18],[26.22,49.38],[26.19,49.85],[26.03,49.91],[25.97,50.11],[25.8,50.11],[25.82,50.31],[25.66,50.38],[25.7,50.71],[25.96,50.85],[25.99,51.05]]]},"properties":{"id":"territory:Galicia-Volhynia:1314","name":"Galicia-Volhynia","name_en":"Galicia-Volhynia","actor":"기타중립","valid_from":1314,"valid_to":1326,"wikidata":"Q239502","area":112286,"src":"cliopatria","confidence":"medium"}},{"type":"Feature","geometry":{"type":"Point","coordinates":[24.177,50.672]},"properties":{"id":"territory:Galicia-Volhynia:1314:label","name":"Galicia-Volhynia","name_en":"Galicia-Volhynia","actor":"기타중립","valid_from":1314,"valid_to":1326,"wikidata":"Q239502","area":112286,"src":"cliopatria","confidence":"medium"}},{"type":"Feature","geometry":{"type":"MultiPolygon","coordinates":[[[[22.66,54.27],[22.48,54.21],[22.46,54.0],[22.55,54.0],[22.42,53.6],[21.29,53.46],[20.93,53.26],[20.67,53.26],[20.4,53.06],[19.72,53.26],[19.63,53.12],[19.1,52.92],[18.93,52.92],[18.69,53.19],[18.52,53.19],[18.53,53.33],[18.97,53.46],[19.06,53.6],[19.41,53.6],[19.42,53.8],[19.26,53.94],[19.38,54.34],[19.46,54.34],[19.56,54.48],[19.82,54.48],[19.83,54.61],[20.0,54.61],[19.84,54.68],[19.95,55.02],[20.65,55.09],[20.73,54.95],[20.99,54.95],[21.2,55.36],[20.97,55.63],[20.98,55.84],[20.99,55.91],[21.25,55.84],[21.24,55.7],[21.64,55.36],[22.07,55.29],[22.31,55.09],[22.57,55.09],[22.81,54.89],[22.7,54.68],[22.7,54.61],[22.66,54.27]]],[[[25.7,56.94],[25.77,56.8],[25.94,56.8],[26.18,56.59],[26.07,56.46],[26.32,56.32],[26.37,56.05],[26.81,56.05],[27.09,56.18],[26.93,56.25],[26.87,56.46],[26.59,56.39],[26.46,56.66],[26.83,56.8],[27.18,56.8],[27.16,56.66],[27.79,56.73],[27.88,56.73],[28.12,56.59],[28.15,56.18],[27.97,56.18],[27.47,55.77],[26.87,55.84],[26.5,55.7],[25.83,55.98],[25.76,56.11],[25.07,56.18],[24.83,56.39],[24.11,56.25],[22.19,56.46],[22.2,56.52],[21.84,56.52],[21.77,56.66],[21.87,56.73],[21.7,56.8],[21.57,56.46],[21.57,56.39],[20.92,56.05],[20.92,56.11],[20.87,56.46],[20.95,56.46],[20.99,56.8],[21.25,56.73],[21.23,56.59],[21.42,56.66],[21.37,57.08],[21.28,57.08],[21.31,57.35],[21.51,57.56],[21.68,57.49],[21.65,57.21],[22.0,57.21],[22.2,57.42],[22.37,57.35],[22.75,57.49],[22.67,57.63],[22.85,57.63],[23.41,57.08],[23.67,57.01],[23.47,56.87],[23.74,56.87],[23.81,56.73],[24.44,56.8],[24.53,56.8],[25.5,56.8],[25.7,56.94]]],[[[21.69,56.73],[21.78,56.73],[21.77,56.66],[21.68,56.66],[21.69,56.73]]],[[[26.75,58.67],[26.83,58.6],[26.73,58.53],[26.68,58.18],[26.77,58.18],[26.74,57.97],[27.11,58.04],[27.27,57.97],[27.25,57.83],[27.43,57.83],[27.4,57.63],[27.2,57.49],[27.26,57.28],[26.89,57.21],[26.64,57.35],[25.94,57.42],[25.96,57.56],[25.43,57.56],[25.33,57.49],[25.49,57.35],[25.36,57.08],[24.45,56.87],[23.94,57.08],[24.14,57.28],[24.4,57.21],[24.61,57.42],[24.79,57.42],[24.72,57.63],[24.99,57.63],[24.92,57.77],[25.01,57.77],[25.03,57.9],[24.6,58.04],[24.23,57.97],[24.38,58.46],[24.58,58.6],[24.59,58.67],[24.97,58.81],[25.18,59.02],[25.73,59.09],[25.95,59.36],[26.14,59.36],[26.15,58.88],[26.42,58.88],[26.54,59.02],[27.11,59.22],[27.37,59.16],[27.36,59.09],[27.4,58.81],[26.96,58.88],[26.87,58.88],[26.93,58.67],[26.75,58.67]]],[[[22.43,58.67],[22.88,58.67],[22.77,58.46],[22.93,58.32],[22.29,58.18],[22.08,57.9],[21.9,57.9],[22.02,58.18],[21.94,58.25],[22.21,58.32],[22.3,58.32],[22.51,58.53],[22.43,58.67]]],[[[23.68,58.6],[23.67,58.46],[23.49,58.46],[23.43,58.74],[23.62,58.81],[23.71,58.81],[23.87,58.67],[23.68,58.6]]],[[[22.9,58.81],[22.38,59.02],[22.39,59.09],[22.84,59.09],[22.9,58.81]]]]},"properties":{"id":"territory:Teutonic Order:1272","name":"Teutonic Order","name_en":"Teutonic Order","actor":"기타중립","valid_from":1272,"valid_to":1305,"wikidata":"Q48189","area":112270,"src":"cliopatria","confidence":"medium"}},{"type":"Feature","geometry":{"type":"Point","coordinates":[20.889,54.197]},"properties":{"id":"territory:Teutonic Order:1272:label","name":"Teutonic Order","name_en":"Teutonic Order","actor":"기타중립","valid_from":1272,"valid_to":1305,"wikidata":"Q48189","area":112270,"src":"cliopatria","confidence":"medium"}},{"type":"Feature","geometry":{"type":"Polygon","coordinates":[[[35.92,54.68],[35.95,54.82],[36.5,54.95],[36.54,55.16],[35.79,55.29],[35.69,55.63],[35.53,55.7],[35.5,56.39],[35.0,56.52],[34.96,56.73],[34.79,56.8],[33.7,57.08],[33.36,57.56],[33.13,57.77],[32.86,57.77],[32.63,57.49],[32.45,57.49],[32.13,57.21],[31.66,57.08],[31.13,57.08],[30.84,56.46],[30.47,56.39],[30.51,56.11],[30.68,56.05],[30.65,55.91],[30.8,55.77],[30.77,55.57],[30.93,55.5],[30.88,55.23],[30.97,55.23],[30.8,54.75],[30.89,54.75],[30.86,54.61],[31.65,54.61],[31.79,54.48],[31.75,52.72],[31.99,52.65],[32.05,52.45],[32.22,52.45],[32.47,52.92],[32.87,53.26],[33.3,53.26],[33.68,53.46],[33.85,53.87],[34.04,54.0],[34.01,54.27],[34.43,54.61],[35.73,54.61],[35.92,54.68]]]},"properties":{"id":"territory:Principality of Smolensk:1363","name":"Principality of Smolensk","name_en":"Principality of Smolensk","actor":"기타중립","valid_from":1363,"valid_to":1375,"wikidata":"Q1483495","area":110656,"src":"cliopatria","confidence":"medium"}},{"type":"Feature","geometry":{"type":"Point","coordinates":[33.094,55.411]},"properties":{"id":"territory:Principality of Smolensk:1363:label","name":"Principality of Smolensk","name_en":"Principality of Smolensk","actor":"기타중립","valid_from":1363,"valid_to":1375,"wikidata":"Q1483495","area":110656,"src":"cliopatria","confidence":"medium"}},{"type":"Feature","geometry":{"type":"MultiPolygon","coordinates":[[[[14.1,48.52],[14.01,48.52],[14.02,48.59],[14.1,48.59],[14.1,48.52]]],[[[17.82,50.05],[17.91,50.05],[17.9,49.98],[17.99,49.98],[17.99,50.05],[18.08,50.05],[18.65,49.85],[18.8,49.52],[18.38,49.45],[17.94,48.99],[16.93,48.72],[16.18,48.72],[15.69,48.92],[14.94,48.99],[14.77,48.65],[14.1,48.59],[13.94,48.79],[13.61,48.92],[13.52,48.92],[13.53,48.99],[13.44,48.99],[13.36,48.99],[13.11,49.25],[12.78,49.32],[12.37,49.71],[12.37,49.98],[12.12,50.18],[12.12,50.25],[12.29,50.25],[12.38,50.38],[12.8,50.38],[13.22,50.65],[13.99,50.85],[14.07,50.85],[14.15,50.85],[14.16,50.91],[14.24,50.91],[14.24,50.98],[14.33,50.98],[14.33,51.05],[14.5,51.05],[14.58,50.91],[15.26,50.98],[15.42,50.78],[15.92,50.78],[17.25,50.25],[17.58,50.18],[17.66,50.05],[17.74,50.05],[17.82,50.05]]],[[[21.38,49.38],[20.21,49.38],[19.87,49.18],[19.39,49.58],[19.39,49.65],[19.16,49.91],[19.19,50.38],[19.11,50.45],[19.02,50.45],[19.03,50.58],[18.7,50.71],[18.71,50.78],[18.71,50.85],[18.62,50.85],[18.63,50.91],[18.64,51.05],[18.98,51.11],[19.14,50.98],[19.4,51.05],[19.55,50.85],[19.97,50.85],[20.05,50.71],[20.22,50.71],[20.21,50.58],[20.89,50.71],[21.04,50.38],[21.29,50.38],[21.52,50.18],[21.51,50.05],[21.99,49.71],[21.64,49.52],[21.39,49.52],[21.38,49.38]]]]},"properties":{"id":"territory:Kingdom of Bohemia:1294","name":"Kingdom of Bohemia","name_en":"Kingdom of Bohemia","actor":"기타중립","valid_from":1294,"valid_to":1305,"wikidata":"Q42585","area":107597,"src":"cliopatria","confidence":"medium"}},{"type":"Feature","geometry":{"type":"Point","coordinates":[15.303,49.764]},"properties":{"id":"territory:Kingdom of Bohemia:1294:label","name":"Kingdom of Bohemia","name_en":"Kingdom of Bohemia","actor":"기타중립","valid_from":1294,"valid_to":1305,"wikidata":"Q42585","area":107597,"src":"cliopatria","confidence":"medium"}},{"type":"Feature","geometry":{"type":"MultiPolygon","coordinates":[[[[19.09,50.11],[19.08,50.05],[19.17,50.05],[19.24,49.85],[18.88,49.52],[18.29,49.38],[18.23,49.85],[17.97,49.65],[17.72,49.65],[16.91,50.31],[16.82,50.05],[16.39,49.91],[16.21,49.65],[15.8,49.78],[15.71,49.52],[15.2,49.18],[15.19,48.99],[14.94,48.99],[14.85,48.72],[14.6,48.59],[14.1,48.65],[13.61,48.92],[13.52,48.92],[13.53,48.99],[13.44,48.99],[13.36,48.99],[13.03,49.25],[12.53,49.52],[12.53,49.65],[12.37,49.71],[12.37,49.98],[12.12,50.18],[12.12,50.25],[12.29,50.25],[12.38,50.38],[12.8,50.38],[13.22,50.65],[13.99,50.85],[14.07,50.85],[14.33,50.98],[14.33,51.25],[14.34,51.31],[14.25,51.31],[14.25,51.38],[14.26,51.45],[14.26,51.51],[14.26,51.58],[14.26,51.71],[14.1,51.85],[13.76,51.85],[13.59,51.98],[13.51,51.98],[13.51,52.05],[13.42,52.05],[13.43,52.18],[13.94,52.32],[14.36,52.12],[14.62,52.12],[14.78,51.92],[15.13,52.25],[15.47,52.18],[15.65,52.32],[15.81,52.25],[15.81,52.12],[16.14,51.85],[16.13,51.71],[16.56,51.71],[16.72,51.58],[16.98,51.71],[17.32,51.71],[17.55,51.25],[17.97,51.25],[18.05,51.11],[18.71,50.85],[18.7,50.71],[19.03,50.58],[19.02,50.45],[19.19,50.38],[19.17,50.18],[19.09,50.18],[19.09,50.11]]],[[[13.59,51.78],[13.67,51.78],[13.67,51.71],[13.67,51.65],[13.58,51.65],[13.24,51.71],[13.25,51.85],[13.5,51.85],[13.59,51.85],[13.59,51.78]]]]},"properties":{"id":"territory:Kingdom of Bohemia:1385","name":"Kingdom of Bohemia","name_en":"Kingdom of Bohemia","actor":"기타중립","valid_from":1385,"valid_to":1415,"wikidata":"Q42585","area":106360,"src":"cliopatria","confidence":"medium"}},{"type":"Feature","geometry":{"type":"Point","coordinates":[15.544,50.453]},"properties":{"id":"territory:Kingdom of Bohemia:1385:label","name":"Kingdom of Bohemia","name_en":"Kingdom of Bohemia","actor":"기타중립","valid_from":1385,"valid_to":1415,"wikidata":"Q42585","area":106360,"src":"cliopatria","confidence":"medium"}},{"type":"Feature","geometry":{"type":"Polygon","coordinates":[[[29.11,44.84],[29.53,44.91],[29.66,45.37],[29.58,45.37],[29.58,45.43],[29.1,45.43],[28.67,45.24],[28.35,45.3],[28.28,45.43],[28.04,45.43],[27.86,45.3],[27.85,45.17],[28.0,45.04],[27.97,44.78],[27.8,44.71],[27.79,44.58],[27.94,44.52],[27.83,44.19],[27.49,44.06],[26.28,44.06],[25.85,43.73],[25.43,43.6],[24.88,43.73],[24.15,43.67],[23.6,43.86],[22.95,43.8],[22.89,44.12],[22.66,44.19],[22.23,43.8],[22.03,43.28],[21.95,43.28],[21.93,43.02],[22.16,42.82],[22.22,42.56],[22.46,42.56],[22.37,42.3],[22.51,42.11],[23.23,42.04],[23.49,42.3],[25.08,42.24],[25.16,42.24],[25.15,42.17],[25.55,42.17],[25.99,41.72],[26.23,41.72],[26.57,41.98],[27.06,42.04],[27.57,42.37],[27.57,42.43],[27.49,42.43],[27.51,42.63],[27.85,42.76],[27.8,43.15],[27.9,43.28],[28.23,43.34],[28.16,43.47],[28.48,43.47],[28.62,43.99],[28.54,43.99],[28.58,44.39],[28.84,44.58],[28.8,44.97],[29.05,44.97],[29.02,44.78],[29.11,44.78],[29.11,44.84]]]},"properties":{"id":"territory:Second Bulgarian Empire:1326","name":"Second Bulgarian Empire","name_en":"Second Bulgarian Empire","actor":"기타중립","valid_from":1326,"valid_to":1344,"wikidata":"Q420759","area":106120,"src":"cliopatria","confidence":"medium"}},{"type":"Feature","geometry":{"type":"Point","coordinates":[25.618,43.276]},"properties":{"id":"territory:Second Bulgarian Empire:1326:label","name":"Second Bulgarian Empire","name_en":"Second Bulgarian Empire","actor":"기타중립","valid_from":1326,"valid_to":1344,"wikidata":"Q420759","area":106120,"src":"cliopatria","confidence":"medium"}},{"type":"Feature","geometry":{"type":"Polygon","coordinates":[[[29.11,44.84],[29.53,44.91],[29.66,45.37],[29.58,45.37],[29.58,45.43],[29.1,45.43],[28.67,45.24],[28.35,45.3],[28.28,45.43],[27.78,45.3],[27.77,45.24],[27.92,45.1],[27.89,44.78],[27.73,44.78],[27.71,44.58],[27.87,44.58],[27.85,44.39],[27.93,44.39],[27.75,44.19],[26.37,44.12],[25.52,43.67],[24.81,43.8],[24.08,43.73],[23.92,43.86],[23.28,43.93],[22.88,43.86],[22.94,43.67],[22.76,43.41],[22.53,43.54],[22.21,43.54],[22.13,43.54],[21.95,43.28],[21.93,43.02],[22.16,42.82],[22.22,42.56],[22.46,42.5],[22.54,42.5],[22.54,42.56],[22.62,42.56],[22.62,42.5],[22.7,42.5],[22.69,42.43],[22.77,42.43],[22.77,42.37],[23.57,42.43],[23.65,42.3],[25.08,42.24],[25.16,42.24],[25.15,42.17],[25.55,42.17],[25.99,41.72],[26.23,41.72],[26.57,41.98],[27.06,42.11],[27.38,42.11],[27.45,41.98],[27.93,41.98],[27.94,42.04],[27.49,42.43],[27.51,42.63],[27.85,42.76],[27.8,43.15],[27.9,43.28],[28.23,43.34],[28.16,43.47],[28.48,43.47],[28.62,43.99],[28.54,43.99],[28.58,44.39],[28.84,44.58],[28.8,44.97],[29.05,44.97],[29.02,44.78],[29.11,44.78],[29.11,44.84]]]},"properties":{"id":"territory:Second Bulgarian Empire:1305","name":"Second Bulgarian Empire","name_en":"Second Bulgarian Empire","actor":"기타중립","valid_from":1305,"valid_to":1314,"wikidata":"Q420759","area":104394,"src":"cliopatria","confidence":"medium"}},{"type":"Feature","geometry":{"type":"Point","coordinates":[25.826,43.304]},"properties":{"id":"territory:Second Bulgarian Empire:1305:label","name":"Second Bulgarian Empire","name_en":"Second Bulgarian Empire","actor":"기타중립","valid_from":1305,"valid_to":1314,"wikidata":"Q420759","area":104394,"src":"cliopatria","confidence":"medium"}},{"type":"Feature","geometry":{"type":"Polygon","coordinates":[[[22.69,44.65],[22.52,44.52],[22.5,44.32],[22.66,44.19],[22.23,43.8],[22.03,43.28],[21.95,43.28],[21.93,43.02],[22.16,42.82],[22.22,42.56],[22.46,42.56],[22.37,42.3],[22.51,42.11],[22.43,42.11],[22.42,41.85],[22.57,41.72],[22.39,41.39],[21.43,41.39],[21.04,41.52],[20.96,41.39],[20.64,41.39],[20.01,41.59],[19.78,41.78],[19.54,41.65],[19.54,41.72],[18.85,42.37],[18.46,42.5],[18.23,42.76],[18.23,42.82],[18.08,43.02],[17.6,43.02],[17.76,43.15],[18.01,43.15],[18.01,43.28],[18.42,43.34],[18.51,43.54],[18.83,43.67],[19.0,43.86],[19.41,43.86],[19.5,44.06],[19.42,44.06],[19.11,44.32],[19.3,44.84],[19.62,44.91],[19.86,44.71],[20.02,44.71],[20.11,44.84],[20.75,44.71],[21.41,44.84],[21.88,44.65],[21.95,44.52],[22.28,44.52],[22.53,44.71],[22.69,44.65]]]},"properties":{"id":"territory:Kingdom of Serbia:1326","name":"Kingdom of Serbia","name_en":"Kingdom of Serbia","actor":"기타중립","valid_from":1326,"valid_to":1333,"wikidata":"Q241748","area":102415,"src":"cliopatria","confidence":"medium"}},{"type":"Feature","geometry":{"type":"Point","coordinates":[20.562,43.112]},"properties":{"id":"territory:Kingdom of Serbia:1326:label","name":"Kingdom of Serbia","name_en":"Kingdom of Serbia","actor":"기타중립","valid_from":1326,"valid_to":1333,"wikidata":"Q241748","area":102415,"src":"cliopatria","confidence":"medium"}},{"type":"Feature","geometry":{"type":"MultiPolygon","coordinates":[[[[29.58,45.37],[29.58,45.43],[29.67,45.43],[29.66,45.37],[29.58,45.37]]],[[[29.86,45.69],[29.61,45.69],[29.59,45.5],[29.58,45.43],[29.1,45.43],[28.67,45.24],[28.35,45.3],[28.28,45.43],[28.04,45.43],[27.86,45.3],[27.63,45.43],[26.66,45.5],[26.42,45.5],[26.24,45.37],[26.1,45.63],[26.44,45.76],[26.48,46.15],[25.94,46.55],[25.97,46.81],[25.73,46.87],[25.67,47.14],[25.02,47.2],[25.03,47.4],[24.88,47.53],[24.91,47.8],[24.99,47.8],[25.01,48.06],[25.54,48.39],[25.56,48.59],[25.25,48.79],[25.34,48.92],[25.98,48.65],[26.47,48.59],[27.39,48.65],[27.54,48.46],[27.86,48.39],[28.41,48.13],[28.83,48.13],[29.13,47.93],[29.21,47.86],[29.16,47.47],[29.55,47.27],[29.53,47.07],[29.9,46.74],[29.94,46.41],[30.26,46.35],[30.4,46.15],[30.4,46.09],[29.86,45.69]]]]},"properties":{"id":"territory:Principality of Moldavia:1363","name":"Principality of Moldavia","name_en":"Principality of Moldavia","actor":"기타중립","valid_from":1363,"valid_to":1375,"wikidata":"Q10957559","area":102007,"src":"cliopatria","confidence":"medium"}},{"type":"Feature","geometry":{"type":"Point","coordinates":[27.568,46.98]},"properties":{"id":"territory:Principality of Moldavia:1363:label","name":"Principality of Moldavia","name_en":"Principality of Moldavia","actor":"기타중립","valid_from":1363,"valid_to":1375,"wikidata":"Q10957559","area":102007,"src":"cliopatria","confidence":"medium"}},{"type":"Feature","geometry":{"type":"MultiPolygon","coordinates":[[[[29.58,45.37],[29.58,45.43],[29.67,45.43],[29.66,45.37],[29.58,45.37]]],[[[29.86,45.69],[29.61,45.69],[29.59,45.5],[29.58,45.43],[29.1,45.43],[28.67,45.24],[28.35,45.3],[28.28,45.43],[28.04,45.43],[27.86,45.3],[27.63,45.43],[26.66,45.5],[26.42,45.5],[26.24,45.37],[26.1,45.63],[26.44,45.76],[26.48,46.15],[25.94,46.55],[25.97,46.81],[25.73,46.87],[25.67,47.14],[25.02,47.2],[25.03,47.4],[24.88,47.53],[24.91,47.8],[24.99,47.8],[25.01,48.06],[25.54,48.39],[25.56,48.59],[25.25,48.85],[25.51,48.92],[25.98,48.65],[26.47,48.59],[27.39,48.65],[27.54,48.46],[28.01,48.26],[28.98,48.06],[29.21,47.86],[29.16,47.47],[29.55,47.27],[29.53,47.07],[29.9,46.74],[29.94,46.41],[30.26,46.35],[30.4,46.15],[30.4,46.09],[29.86,45.69]]]]},"properties":{"id":"territory:Principality of Moldavia:1385","name":"Principality of Moldavia","name_en":"Principality of Moldavia","actor":"기타중립","valid_from":1385,"valid_to":1402,"wikidata":"Q10957559","area":101939,"src":"cliopatria","confidence":"medium"}},{"type":"Feature","geometry":{"type":"Point","coordinates":[27.566,46.98]},"properties":{"id":"territory:Principality of Moldavia:1385:label","name":"Principality of Moldavia","name_en":"Principality of Moldavia","actor":"기타중립","valid_from":1385,"valid_to":1402,"wikidata":"Q10957559","area":101939,"src":"cliopatria","confidence":"medium"}},{"type":"Feature","geometry":{"type":"Polygon","coordinates":[[[22.51,42.11],[22.43,42.11],[22.42,41.85],[22.57,41.72],[22.39,41.39],[21.43,41.39],[21.04,41.52],[20.96,41.39],[20.64,41.39],[20.01,41.59],[19.78,41.78],[19.54,41.65],[19.54,41.72],[18.85,42.37],[18.69,42.37],[18.23,42.69],[18.23,42.89],[18.24,42.95],[18.25,43.15],[18.5,43.34],[18.51,43.54],[18.83,43.67],[19.0,43.86],[19.41,43.86],[19.5,44.06],[19.42,44.06],[19.11,44.32],[19.3,44.84],[19.62,44.91],[19.86,44.71],[20.02,44.71],[20.11,44.84],[20.75,44.71],[21.41,44.84],[21.88,44.65],[21.95,44.52],[22.28,44.52],[22.53,44.71],[22.69,44.65],[22.52,44.52],[22.5,44.32],[22.66,44.19],[22.23,43.8],[22.03,43.28],[21.95,43.28],[21.93,43.02],[22.16,42.82],[22.22,42.56],[22.46,42.56],[22.37,42.3],[22.51,42.11]]]},"properties":{"id":"territory:Kingdom of Serbia:1333","name":"Kingdom of Serbia","name_en":"Kingdom of Serbia","actor":"기타중립","valid_from":1333,"valid_to":1352,"wikidata":"Q241748","area":101116,"src":"cliopatria","confidence":"medium"}},{"type":"Feature","geometry":{"type":"Point","coordinates":[20.594,43.111]},"properties":{"id":"territory:Kingdom of Serbia:1333:label","name":"Kingdom of Serbia","name_en":"Kingdom of Serbia","actor":"기타중립","valid_from":1333,"valid_to":1352,"wikidata":"Q241748","area":101116,"src":"cliopatria","confidence":"medium"}},{"type":"Feature","geometry":{"type":"MultiPolygon","coordinates":[[[[12.44,54.48],[13.05,54.48],[13.14,54.68],[13.41,54.75],[13.66,54.61],[13.66,54.41],[13.74,54.41],[13.74,54.27],[13.31,54.27],[13.39,54.21],[13.39,54.14],[12.7,54.07],[12.18,54.14],[12.09,54.27],[12.09,54.34],[12.18,54.34],[12.44,54.48]]],[[[14.64,55.09],[14.64,55.29],[14.99,55.23],[15.08,55.23],[15.07,55.02],[14.64,55.09]]],[[[10.45,55.98],[10.63,55.98],[10.63,55.77],[10.54,55.77],[10.36,55.77],[10.45,55.98]]],[[[10.36,56.11],[10.37,56.25],[10.28,56.25],[10.28,55.98],[10.01,55.91],[9.93,55.7],[9.75,55.7],[9.75,55.57],[10.63,55.63],[10.63,55.5],[10.8,55.43],[10.88,54.95],[10.71,54.75],[10.54,54.75],[10.54,55.02],[9.93,55.09],[10.01,55.02],[9.93,54.55],[10.19,54.55],[10.19,54.48],[9.93,54.27],[9.15,54.21],[8.89,54.34],[8.8,54.21],[8.72,54.21],[8.54,54.27],[8.54,54.41],[8.8,54.48],[8.8,54.61],[8.53,54.82],[8.44,55.23],[8.53,55.23],[8.53,55.36],[8.35,55.5],[8.09,55.5],[8.09,55.63],[8.0,55.63],[8.08,56.11],[7.99,56.11],[7.98,56.66],[8.24,56.73],[8.15,56.87],[8.24,56.87],[8.24,57.01],[8.5,57.21],[9.39,57.21],[9.66,57.42],[9.66,57.56],[9.83,57.56],[9.92,57.7],[10.46,57.77],[10.55,57.28],[10.28,57.08],[10.28,56.59],[10.9,56.52],[10.81,56.18],[10.54,56.18],[10.54,56.11],[10.36,56.11]]],[[[14.76,55.98],[14.32,55.98],[14.23,55.91],[14.3,55.36],[12.81,55.36],[12.73,55.5],[12.9,55.57],[12.91,55.77],[12.56,55.98],[12.56,55.7],[12.2,55.57],[12.38,55.43],[12.37,55.23],[12.11,55.16],[12.1,54.75],[10.88,54.75],[10.97,55.02],[11.67,54.89],[11.67,55.09],[11.5,55.23],[10.97,55.29],[11.06,55.57],[10.89,55.63],[10.89,55.77],[11.24,55.84],[11.33,56.05],[11.6,56.05],[11.77,55.84],[11.86,56.11],[12.48,56.18],[12.48,56.32],[12.66,56.32],[12.57,56.52],[12.75,56.52],[12.75,56.66],[12.4,56.8],[12.41,56.94],[12.14,57.08],[12.06,57.35],[11.79,57.42],[11.79,57.56],[11.8,57.63],[11.98,57.77],[12.33,57.77],[12.42,57.63],[12.6,57.63],[12.59,57.49],[13.12,57.14],[13.12,57.01],[13.29,56.94],[13.46,56.59],[15.93,56.52],[16.1,56.39],[16.09,56.32],[15.82,56.11],[14.77,56.18],[14.76,55.98]]],[[[27.37,59.16],[27.11,59.22],[26.54,59.02],[26.42,58.88],[26.15,58.88],[26.14,59.36],[25.95,59.36],[25.73,59.09],[25.18,59.02],[24.97,58.81],[24.59,58.67],[24.5,58.67],[24.41,58.67],[24.52,58.81],[24.36,58.95],[24.09,58.95],[24.11,59.09],[23.92,59.02],[23.84,59.16],[23.5,59.29],[23.96,59.36],[24.16,59.5],[25.35,59.57],[25.37,59.71],[25.55,59.71],[25.54,59.64],[26.45,59.64],[26.79,59.5],[28.06,59.5],[28.03,59.29],[27.73,59.16],[27.64,59.16],[27.55,59.16],[27.46,59.16],[27.37,59.16]]]]},"properties":{"id":"territory:Kingdom of Denmark:1285","name":"Kingdom of Denmark","name_en":"Kingdom of Denmark","actor":"기타중립","valid_from":1285,"valid_to":1333,"wikidata":"Q756617","area":100984,"src":"cliopatria","confidence":"medium"}},{"type":"Feature","geometry":{"type":"Point","coordinates":[9.397,55.942]},"properties":{"id":"territory:Kingdom of Denmark:1285:label","name":"Kingdom of Denmark","name_en":"Kingdom of Denmark","actor":"기타중립","valid_from":1285,"valid_to":1333,"wikidata":"Q756617","area":100984,"src":"cliopatria","confidence":"medium"}},{"type":"Feature","geometry":{"type":"Polygon","coordinates":[[[29.11,44.84],[29.53,44.91],[29.66,45.37],[29.58,45.37],[29.58,45.43],[29.1,45.43],[28.67,45.24],[28.35,45.3],[28.28,45.43],[28.04,45.43],[27.86,45.3],[27.85,45.17],[28.0,45.04],[27.97,44.78],[27.8,44.71],[27.79,44.58],[27.94,44.52],[27.92,44.25],[27.49,44.06],[26.28,44.06],[25.85,43.73],[25.43,43.6],[24.88,43.73],[24.15,43.67],[23.6,43.86],[22.87,43.8],[22.87,43.73],[22.94,43.67],[22.76,43.41],[22.53,43.54],[22.21,43.54],[22.13,43.54],[21.95,43.28],[21.93,43.02],[22.16,42.82],[22.22,42.56],[22.46,42.5],[22.54,42.5],[22.54,42.56],[22.62,42.56],[22.62,42.5],[22.7,42.5],[22.69,42.43],[22.77,42.43],[22.77,42.37],[23.57,42.43],[23.65,42.3],[25.08,42.24],[25.16,42.24],[25.15,42.17],[25.55,42.17],[25.99,41.72],[26.23,41.72],[26.57,41.98],[27.06,42.11],[27.38,42.11],[27.45,41.98],[27.93,41.98],[27.94,42.04],[27.49,42.43],[27.51,42.63],[27.85,42.76],[27.8,43.15],[27.9,43.28],[28.23,43.34],[28.16,43.47],[28.48,43.47],[28.62,43.99],[28.54,43.99],[28.58,44.39],[28.84,44.58],[28.8,44.97],[29.05,44.97],[29.02,44.78],[29.11,44.78],[29.11,44.84]]]},"properties":{"id":"territory:Second Bulgarian Empire:1314","name":"Second Bulgarian Empire","name_en":"Second Bulgarian Empire","actor":"기타중립","valid_from":1314,"valid_to":1326,"wikidata":"Q420759","area":100643,"src":"cliopatria","confidence":"medium"}},{"type":"Feature","geometry":{"type":"Point","coordinates":[25.827,43.277]},"properties":{"id":"territory:Second Bulgarian Empire:1314:label","name":"Second Bulgarian Empire","name_en":"Second Bulgarian Empire","actor":"기타중립","valid_from":1314,"valid_to":1326,"wikidata":"Q420759","area":100643,"src":"cliopatria","confidence":"medium"}},{"type":"Feature","geometry":{"type":"Polygon","coordinates":[[[29.11,44.84],[29.53,44.91],[29.66,45.37],[29.58,45.37],[29.58,45.43],[29.1,45.43],[28.67,45.24],[28.35,45.3],[28.28,45.43],[27.78,45.3],[27.77,45.24],[27.92,45.1],[27.89,44.78],[27.73,44.78],[27.71,44.58],[27.87,44.58],[27.85,44.39],[27.93,44.39],[27.75,44.19],[26.37,44.12],[25.52,43.67],[24.81,43.8],[24.08,43.73],[23.92,43.86],[23.28,43.93],[22.88,43.86],[22.94,43.67],[22.76,43.41],[22.53,43.54],[22.21,43.54],[22.13,43.54],[21.95,43.28],[21.93,43.02],[22.16,42.82],[22.22,42.56],[22.46,42.5],[22.54,42.5],[22.54,42.56],[22.62,42.56],[22.62,42.5],[22.7,42.5],[22.69,42.43],[22.77,42.43],[22.77,42.37],[23.57,42.43],[23.65,42.3],[25.08,42.24],[25.16,42.24],[25.15,42.17],[26.34,42.04],[27.4,42.24],[27.57,42.37],[27.57,42.43],[27.49,42.43],[27.51,42.63],[27.85,42.76],[27.8,43.15],[27.9,43.28],[28.23,43.34],[28.16,43.47],[28.48,43.47],[28.62,43.99],[28.54,43.99],[28.58,44.39],[28.84,44.58],[28.8,44.97],[29.05,44.97],[29.02,44.78],[29.11,44.78],[29.11,44.84]]]},"properties":{"id":"territory:Second Bulgarian Empire:1294","name":"Second Bulgarian Empire","name_en":"Second Bulgarian Empire","actor":"기타중립","valid_from":1294,"valid_to":1305,"wikidata":"Q420759","area":100460,"src":"cliopatria","confidence":"medium"}},{"type":"Feature","geometry":{"type":"Point","coordinates":[25.791,43.352]},"properties":{"id":"territory:Second Bulgarian Empire:1294:label","name":"Second Bulgarian Empire","name_en":"Second Bulgarian Empire","actor":"기타중립","valid_from":1294,"valid_to":1305,"wikidata":"Q420759","area":100460,"src":"cliopatria","confidence":"medium"}},{"type":"Feature","geometry":{"type":"Polygon","coordinates":[[[33.58,36.22],[32.56,36.03],[32.5,36.22],[32.07,36.61],[31.76,36.67],[31.77,36.74],[31.96,37.13],[31.8,37.13],[31.68,37.51],[31.0,37.71],[31.52,38.22],[31.84,38.29],[31.85,38.42],[31.56,38.61],[30.93,38.67],[30.94,38.74],[30.95,38.8],[31.02,38.8],[31.03,38.87],[31.04,38.93],[31.08,39.32],[31.15,39.32],[31.61,39.19],[32.49,39.26],[32.5,39.38],[32.66,39.38],[32.78,39.77],[33.57,39.77],[34.37,39.9],[34.43,39.77],[35.06,39.71],[34.68,38.48],[34.89,38.29],[35.2,38.29],[35.35,38.16],[35.39,37.9],[34.8,37.45],[34.56,37.45],[34.3,37.19],[33.75,37.13],[33.78,36.61],[33.61,36.48],[33.66,36.22],[33.58,36.22]]]},"properties":{"id":"territory:Beylik of Karaman:1363","name":"Beylik of Karaman","name_en":"Beylik of Karaman","actor":"기타중립","valid_from":1363,"valid_to":1385,"wikidata":"Q1469100","area":100412,"src":"cliopatria","confidence":"medium"}},{"type":"Feature","geometry":{"type":"Point","coordinates":[33.178,38.138]},"properties":{"id":"territory:Beylik of Karaman:1363:label","name":"Beylik of Karaman","name_en":"Beylik of Karaman","actor":"기타중립","valid_from":1363,"valid_to":1385,"wikidata":"Q1469100","area":100412,"src":"cliopatria","confidence":"medium"}},{"type":"Feature","geometry":{"type":"Polygon","coordinates":[[[33.58,36.22],[32.56,36.03],[32.5,36.22],[32.07,36.61],[31.76,36.67],[31.77,36.74],[31.96,37.13],[31.8,37.13],[31.68,37.51],[31.0,37.71],[31.52,38.22],[31.84,38.29],[31.85,38.42],[31.56,38.61],[30.93,38.67],[30.94,38.74],[30.95,38.8],[31.02,38.8],[31.03,38.87],[31.04,38.93],[31.08,39.32],[31.15,39.32],[31.61,39.19],[32.49,39.26],[32.5,39.38],[32.66,39.38],[32.78,39.77],[33.57,39.77],[34.37,39.9],[34.43,39.77],[35.06,39.71],[34.68,38.48],[34.89,38.29],[35.2,38.29],[35.35,38.16],[35.39,37.9],[35.06,37.71],[34.88,37.45],[34.56,37.45],[34.3,37.19],[33.75,37.13],[33.78,36.61],[33.61,36.48],[33.66,36.22],[33.58,36.22]]]},"properties":{"id":"territory:Beylik of Karaman:1385","name":"Beylik of Karaman","name_en":"Beylik of Karaman","actor":"기타중립","valid_from":1385,"valid_to":1402,"wikidata":"Q1469100","area":100337,"src":"cliopatria","confidence":"medium"}},{"type":"Feature","geometry":{"type":"Point","coordinates":[33.177,38.138]},"properties":{"id":"territory:Beylik of Karaman:1385:label","name":"Beylik of Karaman","name_en":"Beylik of Karaman","actor":"기타중립","valid_from":1385,"valid_to":1402,"wikidata":"Q1469100","area":100337,"src":"cliopatria","confidence":"medium"}},{"type":"Feature","geometry":{"type":"MultiPolygon","coordinates":[[[[7.55,47.93],[7.56,47.6],[7.4,47.47],[6.98,47.53],[6.89,47.93],[7.14,47.93],[7.22,48.06],[7.47,48.06],[7.55,47.93]]],[[[7.63,48.26],[7.79,48.32],[7.8,48.13],[7.88,48.13],[7.96,48.26],[8.21,48.26],[8.21,48.13],[8.13,48.13],[8.22,47.66],[8.05,47.6],[8.14,47.4],[7.73,47.33],[7.56,47.47],[7.64,47.53],[7.73,47.53],[7.89,47.73],[7.64,47.8],[7.63,48.26]]],[[[8.46,47.99],[8.38,47.99],[8.3,47.99],[8.21,47.99],[8.21,48.06],[8.21,48.13],[8.29,48.13],[8.38,48.13],[8.38,48.06],[8.46,48.06],[8.46,47.99]]],[[[8.54,48.26],[8.54,48.32],[8.79,48.32],[8.71,48.19],[8.54,48.26]]],[[[8.29,48.39],[8.37,48.39],[8.46,48.32],[8.21,48.26],[8.21,48.39],[8.29,48.39]]],[[[8.37,48.46],[8.37,48.52],[8.29,48.52],[8.29,48.59],[8.37,48.59],[8.45,48.59],[8.45,48.52],[8.45,48.46],[8.37,48.46]]],[[[8.62,48.52],[8.54,48.52],[8.53,48.59],[8.62,48.59],[8.62,48.65],[8.7,48.65],[8.7,48.59],[8.7,48.52],[8.62,48.52]]],[[[16.14,47.53],[16.03,46.81],[15.86,46.68],[16.02,46.35],[15.6,46.22],[15.68,45.96],[15.26,45.76],[15.34,45.5],[14.52,45.5],[14.44,45.37],[14.36,45.37],[14.2,45.37],[14.19,45.04],[14.11,45.04],[14.03,45.04],[13.79,45.24],[14.12,45.5],[13.71,45.5],[13.71,45.56],[13.71,45.63],[13.71,45.69],[13.71,45.76],[13.63,45.76],[13.56,46.02],[13.89,46.15],[13.89,46.28],[13.73,46.35],[13.65,46.55],[12.58,46.61],[11.84,46.68],[11.52,46.61],[11.27,46.41],[11.11,46.41],[11.19,46.61],[10.45,46.55],[10.45,46.94],[10.12,46.94],[10.12,47.2],[10.2,47.33],[10.37,47.33],[10.45,47.6],[10.61,47.6],[10.69,47.6],[10.69,47.53],[10.78,47.53],[10.86,47.53],[10.94,47.53],[11.02,47.4],[11.27,47.47],[11.44,47.47],[11.44,47.33],[11.6,47.27],[11.85,47.27],[12.01,47.53],[12.26,47.53],[12.34,47.33],[12.18,47.27],[12.18,47.07],[13.0,47.07],[13.08,47.07],[13.74,47.07],[13.66,47.27],[13.41,47.27],[13.42,47.66],[13.18,47.93],[13.18,48.06],[13.85,48.46],[13.93,48.46],[13.93,48.52],[14.01,48.52],[14.02,48.59],[14.1,48.59],[14.1,48.65],[14.6,48.59],[14.85,48.72],[14.94,48.99],[15.19,48.99],[16.18,48.72],[16.93,48.72],[16.83,48.32],[16.99,48.19],[16.99,48.13],[16.32,47.86],[16.3,47.53],[16.14,47.53]]],[[[9.62,47.4],[9.71,47.4],[9.79,47.33],[9.71,47.2],[9.54,47.27],[9.62,47.4]]],[[[10.53,48.26],[10.53,48.19],[10.36,47.99],[10.12,48.06],[10.2,48.26],[10.53,48.26]]],[[[9.2,48.39],[9.37,48.39],[9.37,48.26],[9.2,48.32],[9.2,48.39]]],[[[9.45,48.19],[9.45,48.46],[9.86,48.39],[9.86,48.46],[10.03,48.39],[10.03,48.26],[9.78,48.32],[9.45,48.19]]],[[[10.11,48.32],[10.11,48.46],[10.28,48.39],[10.2,48.32],[10.11,48.32]]]]},"properties":{"id":"territory:House of Habsburg:1385","name":"합스부르크가","name_en":"House of Habsburg","actor":"기타중립","valid_from":1385,"valid_to":1395,"wikidata":"Q65968","area":99650,"src":"cliopatria","confidence":"medium"}},{"type":"Feature","geometry":{"type":"Point","coordinates":[14.216,47.224]},"properties":{"id":"territory:House of Habsburg:1385:label","name":"합스부르크가","name_en":"House of Habsburg","actor":"기타중립","valid_from":1385,"valid_to":1395,"wikidata":"Q65968","area":99650,"src":"cliopatria","confidence":"medium"}},{"type":"Feature","geometry":{"type":"MultiPolygon","coordinates":[[[[7.55,47.93],[7.56,47.6],[7.4,47.47],[6.98,47.53],[6.89,47.93],[7.14,47.93],[7.22,48.06],[7.47,48.06],[7.55,47.93]]],[[[7.56,47.53],[7.73,47.53],[7.89,47.73],[7.64,47.8],[7.63,48.26],[7.71,48.32],[7.79,48.32],[7.8,48.13],[7.96,48.26],[8.21,48.26],[8.21,48.13],[8.13,48.13],[8.22,47.66],[8.05,47.6],[8.14,47.53],[8.06,47.33],[7.98,47.33],[7.89,47.33],[7.81,47.33],[7.73,47.33],[7.56,47.53]]],[[[8.46,47.99],[8.38,47.99],[8.3,47.99],[8.21,47.99],[8.21,48.06],[8.21,48.13],[8.29,48.13],[8.38,48.13],[8.38,48.06],[8.46,48.06],[8.46,47.99]]],[[[8.54,48.26],[8.54,48.32],[8.79,48.32],[8.71,48.19],[8.54,48.26]]],[[[8.29,48.26],[8.21,48.39],[8.45,48.39],[8.29,48.32],[8.29,48.26]]],[[[8.45,48.52],[8.37,48.46],[8.29,48.59],[8.45,48.59],[8.45,48.52]]],[[[8.62,48.52],[8.54,48.52],[8.7,48.65],[8.7,48.52],[8.62,48.52]]],[[[16.14,47.53],[16.03,46.81],[15.86,46.68],[16.02,46.35],[15.6,46.22],[15.68,45.96],[15.26,45.76],[15.34,45.5],[14.52,45.5],[14.44,45.37],[14.36,45.37],[14.2,45.37],[14.19,45.04],[14.11,45.04],[14.03,45.04],[13.79,45.24],[14.12,45.5],[13.71,45.5],[13.71,45.56],[13.71,45.63],[13.71,45.69],[13.71,45.76],[13.63,45.76],[13.56,46.02],[13.89,46.15],[13.89,46.28],[13.73,46.35],[13.65,46.55],[12.58,46.61],[11.84,46.68],[11.52,46.61],[11.27,46.41],[11.11,46.41],[11.19,46.61],[10.45,46.55],[10.45,46.94],[10.12,46.94],[10.12,47.2],[10.2,47.33],[10.37,47.33],[10.45,47.6],[10.61,47.6],[10.69,47.6],[10.69,47.53],[10.78,47.53],[10.86,47.53],[10.94,47.53],[11.02,47.4],[11.27,47.47],[11.44,47.47],[11.44,47.33],[11.6,47.27],[11.85,47.27],[12.01,47.53],[12.26,47.53],[12.34,47.33],[12.18,47.27],[12.18,47.07],[13.0,47.07],[13.08,47.07],[13.74,47.07],[13.66,47.27],[13.41,47.27],[13.42,47.66],[13.18,47.93],[13.18,48.06],[13.85,48.46],[13.93,48.46],[13.93,48.52],[14.01,48.52],[14.02,48.59],[14.1,48.59],[14.1,48.65],[14.6,48.59],[14.85,48.72],[14.94,48.99],[15.19,48.99],[16.18,48.72],[16.93,48.72],[16.83,48.32],[16.99,48.19],[16.99,48.13],[16.32,47.86],[16.3,47.53],[16.14,47.53]]],[[[9.71,47.33],[9.79,47.33],[9.71,47.2],[9.54,47.27],[9.62,47.4],[9.71,47.33]]],[[[10.53,48.26],[10.53,48.19],[10.36,47.99],[10.12,48.06],[10.2,48.26],[10.53,48.26]]],[[[9.37,48.32],[9.2,48.26],[9.2,48.39],[9.37,48.39],[9.37,48.32]]],[[[9.45,48.46],[9.95,48.39],[10.03,48.39],[10.03,48.26],[9.78,48.32],[9.45,48.19],[9.45,48.46]]],[[[10.2,48.46],[10.28,48.32],[10.11,48.32],[10.11,48.46],[10.2,48.46]]]]},"properties":{"id":"territory:House of Habsburg:1395","name":"합스부르크가","name_en":"House of Habsburg","actor":"기타중립","valid_from":1395,"valid_to":1402,"wikidata":"Q65968","area":99582,"src":"cliopatria","confidence":"medium"}},{"type":"Feature","geometry":{"type":"Point","coordinates":[14.216,47.224]},"properties":{"id":"territory:House of Habsburg:1395:label","name":"합스부르크가","name_en":"House of Habsburg","actor":"기타중립","valid_from":1395,"valid_to":1402,"wikidata":"Q65968","area":99582,"src":"cliopatria","confidence":"medium"}},{"type":"Feature","geometry":{"type":"Polygon","coordinates":[[[33.58,36.22],[32.56,36.03],[32.5,36.22],[32.07,36.61],[31.76,36.67],[31.77,36.74],[31.96,37.13],[31.8,37.13],[31.68,37.51],[31.0,37.71],[31.52,38.22],[31.84,38.29],[31.85,38.42],[31.56,38.61],[30.93,38.67],[30.94,38.74],[30.95,38.8],[31.02,38.8],[31.03,38.87],[31.04,38.93],[31.17,39.51],[31.25,39.51],[31.8,39.51],[31.78,39.32],[32.22,39.0],[32.38,39.0],[32.63,39.13],[33.09,39.77],[33.49,39.77],[33.57,39.77],[34.37,39.9],[34.43,39.77],[35.06,39.71],[34.68,38.48],[34.89,38.29],[35.2,38.29],[35.35,38.16],[35.39,37.9],[35.06,37.71],[34.88,37.45],[34.56,37.45],[34.3,37.19],[33.75,37.13],[33.78,36.61],[33.61,36.48],[33.66,36.22],[33.58,36.22]]]},"properties":{"id":"territory:Beylik of Karaman:1344","name":"Beylik of Karaman","name_en":"Beylik of Karaman","actor":"기타중립","valid_from":1344,"valid_to":1352,"wikidata":"Q1469100","area":99551,"src":"cliopatria","confidence":"medium"}},{"type":"Feature","geometry":{"type":"Point","coordinates":[33.164,38.13]},"properties":{"id":"territory:Beylik of Karaman:1344:label","name":"Beylik of Karaman","name_en":"Beylik of Karaman","actor":"기타중립","valid_from":1344,"valid_to":1352,"wikidata":"Q1469100","area":99551,"src":"cliopatria","confidence":"medium"}},{"type":"Feature","geometry":{"type":"Polygon","coordinates":[[[33.58,36.22],[32.56,36.03],[32.5,36.22],[32.07,36.61],[31.76,36.67],[31.77,36.74],[31.96,37.13],[31.8,37.13],[31.68,37.51],[31.0,37.71],[31.52,38.22],[31.84,38.29],[31.85,38.42],[31.56,38.61],[30.93,38.67],[30.94,38.74],[30.95,38.8],[31.02,38.8],[31.03,38.87],[31.04,38.93],[31.17,39.51],[31.25,39.51],[31.8,39.51],[31.78,39.32],[32.22,39.0],[32.38,39.0],[32.63,39.13],[33.09,39.77],[33.4,39.71],[34.29,39.9],[34.37,39.9],[34.43,39.77],[35.06,39.71],[34.68,38.48],[34.89,38.29],[35.2,38.29],[35.35,38.16],[35.39,37.9],[35.06,37.71],[34.88,37.45],[34.56,37.45],[34.3,37.19],[33.75,37.13],[33.78,36.61],[33.61,36.48],[33.66,36.22],[33.58,36.22]]]},"properties":{"id":"territory:Beylik of Karaman:1333","name":"Beylik of Karaman","name_en":"Beylik of Karaman","actor":"기타중립","valid_from":1333,"valid_to":1344,"wikidata":"Q1469100","area":99332,"src":"cliopatria","confidence":"medium"}},{"type":"Feature","geometry":{"type":"Point","coordinates":[33.164,38.127]},"properties":{"id":"territory:Beylik of Karaman:1333:label","name":"Beylik of Karaman","name_en":"Beylik of Karaman","actor":"기타중립","valid_from":1333,"valid_to":1344,"wikidata":"Q1469100","area":99332,"src":"cliopatria","confidence":"medium"}},{"type":"Feature","geometry":{"type":"Polygon","coordinates":[[[30.52,56.18],[30.54,56.25],[30.45,56.25],[30.46,56.32],[30.47,56.39],[30.11,56.32],[29.96,56.46],[29.98,56.59],[29.58,56.87],[28.38,57.08],[27.89,56.8],[27.88,56.73],[28.12,56.59],[28.15,56.18],[27.97,56.18],[27.47,55.77],[26.87,55.84],[26.5,55.7],[26.46,55.43],[26.71,55.36],[26.69,55.23],[25.97,55.02],[25.66,54.68],[25.68,54.14],[26.0,53.94],[25.97,53.73],[26.06,53.73],[25.93,53.39],[26.52,53.33],[26.88,53.46],[27.49,53.46],[28.24,53.33],[28.57,53.19],[29.77,53.19],[29.96,53.33],[30.39,53.87],[30.48,54.41],[30.41,54.48],[30.81,54.82],[30.86,55.09],[30.95,55.09],[30.93,55.5],[30.77,55.57],[30.8,55.77],[30.65,55.91],[30.68,56.05],[30.51,56.11],[30.52,56.18]]]},"properties":{"id":"territory:Principality of Minsk:1294","name":"Principality of Minsk","name_en":"Principality of Minsk","actor":"기타중립","valid_from":1294,"valid_to":1305,"wikidata":"Q2662372","area":98908,"src":"cliopatria","confidence":"medium"}},{"type":"Feature","geometry":{"type":"Polygon","coordinates":[[[30.52,56.18],[30.54,56.25],[30.45,56.25],[30.46,56.32],[30.47,56.39],[30.11,56.32],[29.96,56.46],[29.98,56.59],[29.58,56.87],[28.38,57.08],[27.89,56.8],[27.88,56.73],[28.12,56.59],[28.15,56.18],[27.97,56.18],[27.47,55.77],[26.87,55.84],[26.5,55.7],[26.46,55.43],[26.71,55.36],[26.69,55.23],[25.97,55.02],[25.66,54.68],[25.68,54.14],[26.0,53.94],[25.97,53.73],[26.06,53.73],[25.93,53.39],[26.52,53.33],[26.88,53.46],[27.49,53.46],[28.24,53.33],[28.57,53.19],[29.77,53.19],[29.96,53.33],[30.39,53.87],[30.48,54.41],[30.41,54.48],[30.81,54.82],[30.86,55.09],[30.95,55.09],[30.93,55.5],[30.77,55.57],[30.8,55.77],[30.65,55.91],[30.68,56.05],[30.51,56.11],[30.52,56.18]]]},"properties":{"id":"territory:Principality of Minsk:1305","name":"Principality of Minsk","name_en":"Principality of Minsk","actor":"기타중립","valid_from":1305,"valid_to":1314,"wikidata":"Q2662372","area":98908,"src":"cliopatria","confidence":"medium"}},{"type":"Feature","geometry":{"type":"Point","coordinates":[28.48,54.898]},"properties":{"id":"territory:Principality of Minsk:1294:label","name":"Principality of Minsk","name_en":"Principality of Minsk","actor":"기타중립","valid_from":1294,"valid_to":1305,"wikidata":"Q2662372","area":98908,"src":"cliopatria","confidence":"medium"}},{"type":"Feature","geometry":{"type":"Point","coordinates":[28.48,54.898]},"properties":{"id":"territory:Principality of Minsk:1305:label","name":"Principality of Minsk","name_en":"Principality of Minsk","actor":"기타중립","valid_from":1305,"valid_to":1314,"wikidata":"Q2662372","area":98908,"src":"cliopatria","confidence":"medium"}},{"type":"Feature","geometry":{"type":"MultiPolygon","coordinates":[[[[29.58,45.37],[29.58,45.43],[29.67,45.43],[29.66,45.37],[29.58,45.37]]],[[[29.86,45.69],[29.61,45.69],[29.59,45.5],[29.58,45.43],[29.1,45.43],[28.67,45.24],[28.35,45.3],[28.28,45.43],[28.04,45.43],[27.86,45.3],[27.63,45.43],[26.66,45.5],[26.42,45.5],[26.24,45.37],[26.1,45.63],[26.44,45.76],[26.48,46.15],[25.94,46.55],[25.97,46.81],[25.73,46.87],[25.67,47.14],[25.02,47.2],[24.9,47.73],[24.98,47.73],[24.99,47.8],[25.01,48.06],[25.54,48.39],[25.56,48.59],[25.25,48.85],[25.51,48.92],[25.98,48.65],[26.47,48.59],[27.39,48.65],[27.54,48.46],[28.42,48.19],[28.57,48.06],[28.56,47.93],[29.03,47.73],[28.92,47.47],[29.21,47.2],[29.34,46.87],[29.56,46.68],[29.88,46.61],[29.94,46.41],[30.26,46.35],[30.4,46.15],[30.4,46.09],[29.86,45.69]]]]},"properties":{"id":"territory:Principality of Moldavia:1375","name":"Principality of Moldavia","name_en":"Principality of Moldavia","actor":"기타중립","valid_from":1375,"valid_to":1385,"wikidata":"Q10957559","area":97839,"src":"cliopatria","confidence":"medium"}},{"type":"Feature","geometry":{"type":"Point","coordinates":[27.496,46.965]},"properties":{"id":"territory:Principality of Moldavia:1375:label","name":"Principality of Moldavia","name_en":"Principality of Moldavia","actor":"기타중립","valid_from":1375,"valid_to":1385,"wikidata":"Q10957559","area":97839,"src":"cliopatria","confidence":"medium"}},{"type":"Feature","geometry":{"type":"MultiPolygon","coordinates":[[[[12.11,48.99],[12.36,48.79],[12.52,48.85],[12.61,49.12],[12.86,49.12],[13.03,49.25],[13.36,48.99],[13.36,48.85],[13.19,48.85],[13.27,48.59],[13.77,48.59],[13.85,48.46],[13.18,48.06],[12.93,48.06],[12.77,48.19],[12.76,47.99],[12.93,47.93],[12.92,47.73],[13.09,47.6],[12.84,47.53],[12.76,47.66],[12.59,47.66],[12.51,47.4],[12.18,47.27],[12.18,47.07],[12.83,47.07],[12.91,46.61],[12.83,46.61],[12.75,46.61],[12.66,46.61],[12.58,46.61],[11.84,46.68],[11.52,46.61],[11.27,46.41],[11.11,46.41],[11.19,46.61],[10.45,46.55],[10.45,46.94],[10.12,46.94],[10.12,47.2],[10.2,47.33],[10.37,47.33],[10.45,47.6],[10.69,47.66],[10.61,47.8],[10.45,47.8],[10.53,48.19],[10.53,48.26],[10.44,48.59],[10.28,48.72],[10.28,48.85],[10.03,48.99],[10.03,49.12],[10.36,49.25],[10.61,48.92],[10.94,48.85],[11.03,48.99],[10.86,49.05],[11.28,49.18],[11.53,49.12],[11.69,48.92],[12.03,48.99],[12.11,48.99]],[[10.94,47.47],[11.19,47.4],[11.27,47.6],[10.94,47.53],[10.94,47.47]]],[[[16.01,52.79],[15.49,52.65],[15.65,52.32],[15.47,52.18],[15.13,52.25],[14.78,51.92],[14.62,52.12],[14.36,52.12],[13.94,52.32],[13.43,52.18],[13.42,52.05],[12.91,52.18],[12.49,52.12],[12.41,52.32],[12.58,52.45],[12.33,52.65],[12.33,52.79],[11.9,52.59],[11.13,52.52],[11.04,52.86],[11.22,53.06],[11.39,53.06],[11.39,53.19],[11.22,53.19],[11.13,53.33],[11.31,53.46],[11.56,53.39],[11.74,53.6],[11.91,53.6],[12.17,53.39],[13.2,53.33],[13.55,53.66],[13.9,53.73],[14.32,53.39],[14.23,53.26],[14.48,53.06],[14.65,53.06],[14.82,53.19],[15.26,53.26],[15.44,53.53],[15.78,53.46],[15.7,53.66],[15.79,53.73],[16.05,53.66],[15.98,54.07],[16.41,54.0],[16.31,53.8],[16.66,53.8],[16.9,53.53],[16.72,53.39],[16.71,53.19],[16.28,53.12],[16.01,52.86],[16.01,52.79]]]]},"properties":{"id":"territory:Duchy of Bavaria:1352","name":"Duchy of Bavaria","name_en":"Duchy of Bavaria","actor":"기타중립","valid_from":1352,"valid_to":1363,"wikidata":"Q47261","area":97046,"src":"cliopatria","confidence":"medium"}},{"type":"Feature","geometry":{"type":"Point","coordinates":[11.71,47.909]},"properties":{"id":"territory:Duchy of Bavaria:1352:label","name":"Duchy of Bavaria","name_en":"Duchy of Bavaria","actor":"기타중립","valid_from":1352,"valid_to":1363,"wikidata":"Q47261","area":97046,"src":"cliopatria","confidence":"medium"}},{"type":"Feature","geometry":{"type":"MultiPolygon","coordinates":[[[[16.32,47.86],[16.3,47.53],[16.14,47.53],[16.03,46.81],[15.86,46.68],[16.02,46.35],[15.6,46.22],[15.68,45.96],[15.26,45.76],[15.34,45.5],[14.52,45.5],[14.44,45.37],[14.36,45.37],[14.2,45.37],[14.19,45.04],[14.11,45.04],[14.03,45.04],[13.79,45.24],[14.12,45.43],[14.04,45.5],[14.13,45.96],[14.13,46.02],[14.05,46.02],[14.05,46.09],[14.05,46.15],[13.97,46.15],[13.97,46.22],[13.89,46.22],[13.65,46.55],[12.58,46.61],[11.84,46.68],[11.52,46.61],[11.27,46.41],[11.11,46.41],[11.19,46.61],[10.45,46.55],[10.45,46.94],[10.12,46.94],[10.12,47.2],[10.2,47.33],[10.37,47.33],[10.45,47.6],[10.61,47.6],[10.69,47.6],[10.69,47.53],[10.78,47.53],[10.86,47.53],[10.94,47.53],[11.02,47.4],[11.27,47.47],[11.44,47.47],[11.44,47.33],[11.6,47.27],[11.85,47.27],[12.01,47.53],[12.26,47.53],[12.34,47.33],[12.18,47.27],[12.18,47.07],[13.0,47.07],[13.08,47.07],[13.74,47.07],[13.66,47.27],[13.41,47.27],[13.42,47.66],[13.18,47.93],[13.18,48.06],[13.85,48.46],[13.93,48.46],[13.93,48.52],[14.01,48.52],[14.02,48.59],[14.1,48.59],[14.1,48.65],[14.6,48.59],[14.85,48.72],[14.94,48.99],[15.69,48.92],[16.18,48.72],[16.93,48.72],[16.83,48.32],[16.99,48.19],[16.99,48.13],[16.32,47.86]]],[[[7.55,47.93],[7.56,47.6],[7.4,47.47],[6.98,47.53],[6.89,47.93],[7.14,47.93],[7.22,48.06],[7.47,48.06],[7.55,47.93]]],[[[7.64,47.8],[7.63,48.26],[7.79,48.32],[7.8,48.13],[7.88,48.13],[7.96,48.26],[8.21,48.26],[8.21,48.13],[8.13,48.13],[8.22,47.66],[8.05,47.6],[8.14,47.4],[7.73,47.33],[7.56,47.47],[7.64,47.53],[7.73,47.53],[7.89,47.73],[7.64,47.8]]],[[[10.2,48.26],[10.53,48.26],[10.53,48.19],[10.36,47.99],[10.12,48.06],[10.2,48.26]]],[[[9.37,48.32],[9.37,48.26],[9.2,48.26],[9.2,48.39],[9.37,48.32]]],[[[10.03,48.39],[10.03,48.32],[9.45,48.19],[9.45,48.46],[10.03,48.39]]],[[[10.2,48.39],[10.28,48.39],[10.11,48.32],[10.11,48.46],[10.2,48.39]]]]},"properties":{"id":"territory:House of Habsburg:1375","name":"합스부르크가","name_en":"House of Habsburg","actor":"기타중립","valid_from":1375,"valid_to":1385,"wikidata":"Q65968","area":96273,"src":"cliopatria","confidence":"medium"}},{"type":"Feature","geometry":{"type":"Point","coordinates":[14.229,47.266]},"properties":{"id":"territory:House of Habsburg:1375:label","name":"합스부르크가","name_en":"House of Habsburg","actor":"기타중립","valid_from":1375,"valid_to":1385,"wikidata":"Q65968","area":96273,"src":"cliopatria","confidence":"medium"}},{"type":"Feature","geometry":{"type":"MultiPolygon","coordinates":[[[[-8.46,52.72],[-8.38,52.72],[-8.37,52.65],[-8.46,52.65],[-8.46,52.72]]],[[[-6.33,52.72],[-6.32,52.65],[-6.4,52.65],[-6.41,52.72],[-6.33,52.72]]],[[[-6.2,53.06],[-6.19,52.99],[-6.28,52.99],[-6.28,53.06],[-6.2,53.06]]],[[[-6.38,53.12],[-6.29,53.12],[-6.28,53.06],[-6.37,53.06],[-6.38,53.12]]],[[[10.63,55.98],[10.63,55.77],[10.54,55.77],[10.36,55.77],[10.45,55.98],[10.63,55.98]]],[[[10.28,55.98],[10.01,55.91],[9.93,55.7],[9.75,55.7],[9.75,55.57],[10.63,55.63],[10.63,55.5],[10.8,55.43],[10.88,54.95],[10.71,54.75],[10.54,54.75],[10.54,55.02],[9.93,55.09],[10.01,55.02],[9.93,54.55],[10.19,54.55],[10.19,54.48],[9.93,54.27],[9.15,54.21],[8.89,54.34],[8.8,54.21],[8.72,54.21],[8.54,54.27],[8.54,54.41],[8.8,54.48],[8.8,54.61],[8.53,54.82],[8.44,55.23],[8.53,55.23],[8.53,55.36],[8.35,55.5],[8.09,55.5],[8.09,55.63],[8.0,55.63],[8.08,56.11],[7.99,56.11],[7.98,56.66],[8.24,56.73],[8.15,56.87],[8.24,56.87],[8.24,57.01],[8.5,57.21],[9.39,57.21],[9.66,57.42],[9.66,57.56],[9.83,57.56],[9.92,57.7],[10.46,57.77],[10.55,57.28],[10.28,57.08],[10.28,56.59],[10.9,56.52],[10.81,56.18],[10.54,56.18],[10.54,56.11],[10.36,56.11],[10.37,56.25],[10.28,56.25],[10.28,55.98]]],[[[-48.04,60.84],[-48.11,61.12],[-48.61,61.19],[-48.68,61.48],[-49.23,61.48],[-49.36,61.69],[-49.17,61.69],[-49.21,61.76],[-49.44,61.83],[-49.57,62.05],[-49.14,62.12],[-49.27,62.33],[-48.67,62.26],[-47.45,61.26],[-47.41,61.19],[-47.74,61.12],[-47.53,60.91],[-47.68,60.84],[-47.77,60.84],[-47.73,60.77],[-48.04,60.84]]],[[[14.64,55.29],[14.99,55.23],[15.08,55.23],[15.07,55.02],[14.64,55.09],[14.64,55.29]]],[[[14.32,55.98],[14.23,55.91],[14.3,55.36],[12.81,55.36],[12.73,55.5],[12.9,55.57],[12.91,55.77],[12.56,55.98],[12.56,55.7],[12.2,55.57],[12.38,55.43],[12.37,55.23],[12.11,55.16],[12.1,54.75],[10.88,54.75],[10.97,55.02],[11.67,54.89],[11.67,55.09],[11.5,55.23],[10.97,55.29],[11.06,55.57],[10.89,55.63],[10.89,55.77],[11.24,55.84],[11.33,56.05],[11.6,56.05],[11.77,55.84],[11.86,56.11],[12.48,56.18],[12.48,56.32],[12.66,56.32],[12.57,56.52],[12.75,56.52],[12.75,56.66],[12.4,56.8],[12.41,56.94],[12.14,57.08],[12.06,57.35],[11.79,57.42],[11.79,57.56],[11.8,57.63],[11.98,57.77],[12.33,57.77],[12.95,57.28],[13.12,57.14],[13.12,57.01],[13.29,56.94],[13.46,56.59],[15.93,56.52],[16.1,56.39],[16.09,56.32],[15.82,56.11],[14.77,56.18],[14.76,55.98],[14.32,55.98]]],[[[19.05,57.97],[19.03,57.83],[18.84,57.7],[18.91,57.42],[18.45,57.21],[18.34,56.94],[18.08,56.94],[18.03,57.49],[18.03,57.56],[18.23,57.83],[18.6,57.97],[19.05,57.97]]],[[[17.88,68.42],[17.78,68.42],[17.68,68.42],[17.68,68.5],[17.78,68.5],[17.88,68.5],[17.88,68.42]]],[[[18.08,68.5],[18.08,68.42],[17.89,68.57],[18.2,68.65],[18.08,68.5]]],[[[17.7,68.65],[17.69,68.57],[17.59,68.57],[17.6,68.65],[17.7,68.65]]]]},"properties":{"id":"territory:Kingdom of Denmark:1395","name":"Kingdom of Denmark","name_en":"Kingdom of Denmark","actor":"기타중립","valid_from":1395,"valid_to":1402,"wikidata":"Q756617","area":95830,"src":"cliopatria","confidence":"medium"}},{"type":"Feature","geometry":{"type":"Point","coordinates":[9.397,55.942]},"properties":{"id":"territory:Kingdom of Denmark:1395:label","name":"Kingdom of Denmark","name_en":"Kingdom of Denmark","actor":"기타중립","valid_from":1395,"valid_to":1402,"wikidata":"Q756617","area":95830,"src":"cliopatria","confidence":"medium"}},{"type":"Feature","geometry":{"type":"MultiPolygon","coordinates":[[[[15.07,55.02],[14.64,55.09],[14.64,55.29],[14.99,55.23],[15.08,55.23],[15.07,55.02]]],[[[10.45,55.98],[10.63,55.98],[10.63,55.77],[10.54,55.77],[10.36,55.77],[10.45,55.98]]],[[[10.28,56.25],[10.28,55.98],[10.01,55.91],[9.93,55.7],[9.75,55.7],[9.75,55.57],[10.63,55.63],[10.63,55.5],[10.8,55.43],[10.88,54.95],[10.71,54.75],[10.54,54.75],[10.54,55.02],[9.93,55.09],[10.01,55.02],[9.93,54.55],[10.19,54.55],[10.19,54.48],[9.93,54.27],[9.15,54.21],[8.89,54.34],[8.8,54.21],[8.72,54.21],[8.54,54.27],[8.54,54.41],[8.8,54.48],[8.8,54.61],[8.53,54.82],[8.44,55.23],[8.53,55.23],[8.53,55.36],[8.35,55.5],[8.09,55.5],[8.09,55.63],[8.0,55.63],[8.08,56.11],[7.99,56.11],[7.98,56.66],[8.24,56.73],[8.15,56.87],[8.24,56.87],[8.24,57.01],[8.5,57.21],[9.39,57.21],[9.66,57.42],[9.66,57.56],[9.83,57.56],[9.92,57.7],[10.46,57.77],[10.55,57.28],[10.28,57.08],[10.28,56.59],[10.9,56.52],[10.81,56.18],[10.54,56.18],[10.54,56.11],[10.36,56.11],[10.37,56.25],[10.28,56.25]]],[[[14.77,56.18],[14.76,55.98],[14.32,55.98],[14.23,55.91],[14.3,55.36],[12.81,55.36],[12.73,55.5],[12.9,55.57],[12.91,55.77],[12.56,55.98],[12.56,55.7],[12.2,55.57],[12.38,55.43],[12.37,55.23],[12.11,55.16],[12.1,54.75],[10.88,54.75],[10.97,55.02],[11.67,54.89],[11.67,55.09],[11.5,55.23],[10.97,55.29],[11.06,55.57],[10.89,55.63],[10.89,55.77],[11.24,55.84],[11.33,56.05],[11.6,56.05],[11.77,55.84],[11.86,56.11],[12.48,56.18],[12.48,56.32],[12.66,56.32],[12.57,56.52],[12.75,56.52],[12.75,56.66],[12.4,56.8],[12.41,56.94],[12.14,57.08],[12.06,57.35],[11.79,57.42],[11.79,57.56],[11.8,57.63],[11.98,57.77],[12.33,57.77],[12.95,57.28],[13.12,57.14],[13.12,57.01],[13.29,56.94],[13.46,56.59],[15.93,56.52],[16.1,56.39],[16.09,56.32],[15.82,56.11],[14.77,56.18]]],[[[18.6,57.97],[19.05,57.97],[19.03,57.83],[18.84,57.7],[18.91,57.42],[18.45,57.21],[18.34,56.94],[18.08,56.94],[18.03,57.49],[18.03,57.56],[18.23,57.83],[18.6,57.97]]],[[[-48.04,60.84],[-48.11,61.12],[-48.61,61.19],[-48.68,61.48],[-49.23,61.48],[-49.36,61.69],[-49.17,61.69],[-49.21,61.76],[-49.44,61.83],[-49.57,62.05],[-49.14,62.12],[-49.27,62.33],[-48.67,62.26],[-47.45,61.26],[-47.41,61.19],[-47.74,61.12],[-47.53,60.91],[-47.68,60.84],[-47.77,60.84],[-47.73,60.77],[-48.04,60.84]]]]},"properties":{"id":"territory:Kingdom of Denmark:1385","name":"Kingdom of Denmark","name_en":"Kingdom of Denmark","actor":"기타중립","valid_from":1385,"valid_to":1395,"wikidata":"Q756617","area":95433,"src":"cliopatria","confidence":"medium"}},{"type":"Feature","geometry":{"type":"Point","coordinates":[9.397,55.942]},"properties":{"id":"territory:Kingdom of Denmark:1385:label","name":"Kingdom of Denmark","name_en":"Kingdom of Denmark","actor":"기타중립","valid_from":1385,"valid_to":1395,"wikidata":"Q756617","area":95433,"src":"cliopatria","confidence":"medium"}},{"type":"Feature","geometry":{"type":"MultiPolygon","coordinates":[[[[16.32,47.86],[16.3,47.53],[16.14,47.53],[16.03,46.81],[15.86,46.68],[16.02,46.35],[15.6,46.22],[15.68,45.96],[15.26,45.76],[15.34,45.5],[14.45,45.63],[14.28,45.43],[14.2,45.43],[14.2,45.5],[14.12,45.5],[14.04,45.5],[14.13,45.96],[14.13,46.02],[14.05,46.02],[14.05,46.09],[14.05,46.15],[13.97,46.15],[13.97,46.22],[13.89,46.22],[13.65,46.55],[12.58,46.61],[11.84,46.68],[11.52,46.61],[11.27,46.41],[11.11,46.41],[11.19,46.61],[10.45,46.55],[10.45,46.94],[10.12,46.94],[10.12,47.2],[10.2,47.33],[10.37,47.33],[10.45,47.6],[10.61,47.6],[10.69,47.6],[10.69,47.53],[10.78,47.53],[10.86,47.53],[10.94,47.53],[11.02,47.4],[11.27,47.47],[11.44,47.47],[11.44,47.33],[11.6,47.27],[11.85,47.27],[12.01,47.53],[12.26,47.53],[12.34,47.33],[12.18,47.27],[12.18,47.07],[13.0,47.07],[13.08,47.07],[13.74,47.07],[13.66,47.27],[13.41,47.27],[13.42,47.66],[13.18,47.93],[13.18,48.06],[13.85,48.46],[13.93,48.46],[13.93,48.52],[14.01,48.52],[14.02,48.59],[14.1,48.59],[14.1,48.65],[14.6,48.59],[14.85,48.72],[14.94,48.99],[15.69,48.92],[16.18,48.72],[16.93,48.72],[16.83,48.32],[16.99,48.19],[16.99,48.13],[16.32,47.86]]],[[[7.55,47.93],[7.56,47.6],[7.4,47.47],[6.98,47.53],[6.89,47.93],[7.14,47.93],[7.22,48.06],[7.47,48.06],[7.55,47.93]]],[[[7.64,47.8],[7.63,48.26],[7.79,48.32],[7.8,48.13],[7.88,48.13],[7.96,48.26],[8.21,48.26],[8.21,48.13],[8.13,48.13],[8.22,47.66],[8.05,47.6],[8.14,47.4],[7.73,47.33],[7.56,47.47],[7.64,47.53],[7.73,47.53],[7.89,47.73],[7.64,47.8]]],[[[10.2,48.26],[10.53,48.26],[10.53,48.19],[10.36,47.99],[10.12,48.06],[10.2,48.26]]],[[[9.37,48.32],[9.37,48.26],[9.2,48.26],[9.2,48.39],[9.37,48.32]]],[[[10.03,48.39],[10.03,48.32],[9.45,48.19],[9.45,48.46],[10.03,48.39]]],[[[10.2,48.39],[10.28,48.39],[10.11,48.32],[10.11,48.46],[10.2,48.39]]]]},"properties":{"id":"territory:House of Habsburg:1363","name":"합스부르크가","name_en":"House of Habsburg","actor":"기타중립","valid_from":1363,"valid_to":1375,"wikidata":"Q65968","area":94465,"src":"cliopatria","confidence":"medium"}},{"type":"Feature","geometry":{"type":"Point","coordinates":[14.227,47.304]},"properties":{"id":"territory:House of Habsburg:1363:label","name":"합스부르크가","name_en":"House of Habsburg","actor":"기타중립","valid_from":1363,"valid_to":1375,"wikidata":"Q65968","area":94465,"src":"cliopatria","confidence":"medium"}},{"type":"Feature","geometry":{"type":"Polygon","coordinates":[[[1.49,42.5],[1.49,42.56],[1.49,42.63],[1.07,42.82],[0.99,42.82],[0.04,42.69],[-0.29,42.82],[-0.86,42.95],[-1.39,42.5],[-1.44,42.11],[-1.44,42.04],[-1.43,41.91],[-1.83,41.91],[-1.82,41.78],[-1.98,41.78],[-1.88,41.52],[-2.12,41.46],[-2.1,41.2],[-1.51,40.74],[-1.73,40.36],[-1.16,40.1],[-1.15,39.9],[-1.37,39.71],[-1.35,39.45],[-1.11,39.38],[-1.09,39.0],[-0.77,38.87],[-0.68,38.61],[-0.44,38.48],[-0.36,38.48],[0.1,38.74],[-0.31,39.13],[-0.35,39.71],[-0.2,39.97],[0.18,40.16],[0.25,40.42],[0.47,40.61],[0.71,40.68],[0.7,40.94],[1.24,41.2],[2.11,41.33],[2.33,41.59],[2.89,41.72],[3.11,41.98],[2.86,42.24],[2.86,42.3],[1.51,42.24],[1.42,42.37],[1.42,42.43],[1.41,42.5],[1.49,42.5]]]},"properties":{"id":"territory:Crown of Aragon:1305","name":"Crown of Aragon","name_en":"Crown of Aragon","actor":"기타중립","valid_from":1305,"valid_to":1326,"wikidata":"Q204920","area":92434,"src":"cliopatria","confidence":"medium"}},{"type":"Feature","geometry":{"type":"Point","coordinates":[-0.023,41.283]},"properties":{"id":"territory:Crown of Aragon:1305:label","name":"Crown of Aragon","name_en":"Crown of Aragon","actor":"기타중립","valid_from":1305,"valid_to":1326,"wikidata":"Q204920","area":92434,"src":"cliopatria","confidence":"medium"}},{"type":"Feature","geometry":{"type":"MultiPolygon","coordinates":[[[[12.28,48.92],[12.27,48.79],[12.36,48.79],[12.52,48.85],[12.61,49.12],[12.86,49.12],[13.03,49.25],[13.36,48.99],[13.36,48.85],[13.19,48.85],[13.27,48.59],[13.77,48.59],[13.85,48.46],[13.18,48.06],[12.93,48.06],[12.77,48.19],[12.76,47.99],[12.93,47.93],[12.92,47.73],[13.09,47.6],[12.84,47.53],[12.76,47.66],[12.51,47.66],[12.51,47.4],[12.34,47.33],[12.26,47.53],[12.01,47.53],[11.85,47.27],[11.6,47.27],[11.44,47.33],[11.44,47.47],[11.27,47.47],[11.27,47.6],[10.94,47.53],[10.86,47.53],[10.78,47.53],[10.69,47.53],[10.69,47.6],[10.61,47.6],[10.69,47.73],[10.45,47.8],[10.53,48.19],[10.53,48.26],[10.44,48.59],[10.28,48.72],[10.28,48.85],[10.03,48.99],[10.03,49.12],[10.36,49.25],[10.61,48.92],[10.94,48.85],[11.03,48.99],[10.86,49.05],[11.28,49.18],[11.53,49.12],[11.69,48.92],[11.94,48.99],[12.03,48.99],[12.28,48.92]]],[[[3.7,50.71],[4.03,50.78],[4.21,50.71],[4.3,50.51],[4.64,50.45],[4.39,50.25],[4.41,49.98],[4.32,49.98],[4.24,49.98],[4.15,49.98],[4.15,50.05],[4.14,50.25],[3.97,50.38],[3.63,50.38],[3.55,50.38],[3.54,50.45],[3.54,50.51],[3.7,50.71]]],[[[4.24,51.71],[4.08,51.51],[4.0,51.51],[3.41,51.51],[3.4,51.65],[3.74,51.65],[3.65,51.78],[3.82,51.78],[3.81,51.92],[3.98,51.92],[3.97,52.05],[4.22,52.18],[4.22,52.32],[4.46,52.52],[4.53,52.86],[4.7,52.92],[4.61,53.12],[4.69,53.19],[4.86,53.19],[4.79,52.99],[4.87,52.99],[4.97,52.65],[5.06,52.65],[5.06,52.52],[4.89,52.52],[4.9,52.38],[5.07,52.32],[5.0,52.05],[5.25,52.05],[5.26,51.85],[5.17,51.85],[5.09,51.85],[5.0,51.85],[4.92,51.85],[4.83,51.85],[4.84,51.78],[4.75,51.78],[4.67,51.78],[4.24,51.71]]],[[[15.49,52.65],[15.65,52.32],[15.47,52.18],[15.13,52.25],[14.78,51.92],[14.62,52.12],[14.36,52.12],[13.94,52.32],[13.43,52.18],[13.42,52.05],[12.4,52.18],[12.41,52.32],[12.58,52.45],[12.33,52.65],[12.33,52.79],[11.9,52.59],[11.13,52.52],[11.04,52.86],[11.22,53.06],[11.39,53.06],[11.39,53.19],[11.22,53.19],[11.13,53.33],[11.31,53.46],[11.56,53.39],[11.74,53.6],[11.91,53.6],[12.17,53.39],[13.2,53.33],[13.55,53.66],[13.9,53.73],[14.32,53.39],[14.23,53.26],[14.48,53.06],[14.65,53.06],[14.82,53.19],[15.26,53.26],[15.44,53.53],[15.78,53.46],[15.7,53.66],[15.79,53.73],[16.05,53.66],[15.98,54.07],[16.41,54.0],[16.31,53.8],[16.66,53.8],[16.9,53.53],[16.72,53.39],[16.71,53.19],[16.28,53.12],[16.01,52.86],[16.01,52.79],[15.49,52.65]]]]},"properties":{"id":"territory:Duchy of Bavaria:1363","name":"Duchy of Bavaria","name_en":"Duchy of Bavaria","actor":"기타중립","valid_from":1363,"valid_to":1375,"wikidata":"Q47261","area":92081,"src":"cliopatria","confidence":"medium"}},{"type":"Feature","geometry":{"type":"Point","coordinates":[13.926,52.928]},"properties":{"id":"territory:Duchy of Bavaria:1363:label","name":"Duchy of Bavaria","name_en":"Duchy of Bavaria","actor":"기타중립","valid_from":1363,"valid_to":1375,"wikidata":"Q47261","area":92081,"src":"cliopatria","confidence":"medium"}},{"type":"Feature","geometry":{"type":"Polygon","coordinates":[[[-6.35,41.65],[-6.7,41.98],[-8.12,41.78],[-8.22,41.98],[-8.14,41.98],[-8.15,42.11],[-8.47,42.11],[-8.93,41.91],[-8.92,41.85],[-8.73,40.74],[-8.87,40.61],[-8.85,40.36],[-8.93,40.36],[-9.03,39.77],[-9.1,39.77],[-9.16,39.51],[-9.39,39.45],[-9.43,39.06],[-9.57,38.93],[-9.55,38.74],[-9.38,38.61],[-9.23,38.67],[-9.21,38.42],[-8.82,38.48],[-8.82,37.58],[-8.9,37.58],[-9.0,37.0],[-8.7,37.13],[-7.68,37.0],[-7.45,37.13],[-7.47,37.25],[-7.39,37.25],[-7.5,37.71],[-7.28,37.84],[-7.14,38.09],[-6.99,38.09],[-7.0,38.22],[-7.24,38.35],[-7.27,38.67],[-7.12,38.74],[-6.99,39.0],[-7.26,39.38],[-7.42,39.45],[-7.44,39.64],[-6.9,39.77],[-6.84,40.03],[-7.0,40.1],[-7.01,40.23],[-6.87,40.36],[-6.93,41.0],[-6.25,41.46],[-6.27,41.65],[-6.35,41.65]]]},"properties":{"id":"territory:Kingdom of Portugal:1250","name":"Kingdom of Portugal","name_en":"Kingdom of Portugal","actor":"기타중립","valid_from":1250,"valid_to":1415,"wikidata":"Q45670","area":91910,"src":"cliopatria","confidence":"medium"}},{"type":"Feature","geometry":{"type":"Point","coordinates":[-8.004,39.669]},"properties":{"id":"territory:Kingdom of Portugal:1250:label","name":"Kingdom of Portugal","name_en":"Kingdom of Portugal","actor":"기타중립","valid_from":1250,"valid_to":1415,"wikidata":"Q45670","area":91910,"src":"cliopatria","confidence":"medium"}},{"type":"Feature","geometry":{"type":"Polygon","coordinates":[[[33.58,36.22],[32.56,36.03],[32.5,36.22],[32.07,36.61],[31.76,36.67],[31.77,36.74],[31.96,37.13],[31.8,37.13],[31.68,37.51],[31.0,37.71],[31.52,38.22],[31.84,38.29],[31.85,38.42],[31.86,38.48],[31.95,38.67],[31.88,38.74],[32.63,39.13],[33.09,39.77],[33.49,39.77],[33.57,39.77],[34.37,39.9],[34.43,39.77],[35.06,39.71],[34.68,38.48],[34.89,38.29],[35.2,38.29],[35.35,38.16],[35.39,37.9],[35.06,37.71],[34.88,37.45],[34.56,37.45],[34.3,37.19],[33.75,37.13],[33.78,36.61],[33.61,36.48],[33.66,36.22],[33.58,36.22]]]},"properties":{"id":"territory:Beylik of Karaman:1352","name":"Beylik of Karaman","name_en":"Beylik of Karaman","actor":"기타중립","valid_from":1352,"valid_to":1363,"wikidata":"Q1469100","area":91374,"src":"cliopatria","confidence":"medium"}},{"type":"Feature","geometry":{"type":"Point","coordinates":[33.31,38.051]},"properties":{"id":"territory:Beylik of Karaman:1352:label","name":"Beylik of Karaman","name_en":"Beylik of Karaman","actor":"기타중립","valid_from":1352,"valid_to":1363,"wikidata":"Q1469100","area":91374,"src":"cliopatria","confidence":"medium"}},{"type":"Feature","geometry":{"type":"Polygon","coordinates":[[[26.06,53.73],[25.97,53.73],[26.0,53.94],[25.68,54.14],[25.66,54.68],[25.97,55.02],[26.69,55.23],[26.71,55.36],[26.46,55.43],[26.5,55.7],[25.83,55.98],[25.76,56.11],[25.07,56.18],[24.83,56.39],[24.11,56.25],[22.19,56.46],[22.1,56.46],[22.01,56.46],[21.93,56.46],[21.84,56.46],[21.83,56.39],[21.74,56.39],[21.65,56.39],[21.57,56.39],[20.92,56.05],[20.91,55.98],[21.0,55.98],[20.99,55.91],[21.25,55.84],[21.24,55.7],[21.64,55.36],[22.07,55.29],[22.31,55.09],[22.57,55.09],[22.81,54.89],[22.7,54.68],[22.7,54.61],[22.66,54.27],[22.48,54.21],[22.46,54.0],[22.55,54.0],[22.42,53.6],[22.49,53.46],[22.3,53.26],[22.65,53.26],[23.24,53.19],[23.73,52.99],[24.05,52.72],[24.48,52.72],[24.58,52.92],[25.26,52.86],[25.28,52.99],[25.45,52.99],[25.93,53.39],[26.06,53.73]]]},"properties":{"id":"territory:Grand Duchy of Lithuania:1294","name":"리투아니아 대공국","name_en":"Grand Duchy of Lithuania","actor":"기타중립","valid_from":1294,"valid_to":1314,"wikidata":"Q49683","area":91241,"src":"cliopatria","confidence":"medium"}},{"type":"Feature","geometry":{"type":"Point","coordinates":[24.014,54.801]},"properties":{"id":"territory:Grand Duchy of Lithuania:1294:label","name":"리투아니아 대공국","name_en":"Grand Duchy of Lithuania","actor":"기타중립","valid_from":1294,"valid_to":1314,"wikidata":"Q49683","area":91241,"src":"cliopatria","confidence":"medium"}},{"type":"Feature","geometry":{"type":"Polygon","coordinates":[[[33.58,36.22],[32.56,36.03],[32.5,36.22],[32.07,36.61],[31.76,36.67],[31.77,36.74],[31.96,37.13],[31.8,37.13],[31.68,37.51],[31.0,37.71],[31.52,38.22],[31.84,38.29],[31.85,38.42],[31.86,38.48],[31.95,38.67],[31.88,38.74],[32.63,39.13],[33.09,39.77],[33.4,39.71],[34.29,39.9],[34.37,39.9],[34.43,39.77],[35.06,39.71],[34.68,38.48],[34.89,38.29],[35.2,38.29],[35.35,38.16],[35.39,37.9],[35.06,37.71],[34.88,37.45],[34.56,37.45],[34.3,37.19],[33.75,37.13],[33.78,36.61],[33.61,36.48],[33.66,36.22],[33.58,36.22]]]},"properties":{"id":"territory:Beylik of Karaman:1326","name":"Beylik of Karaman","name_en":"Beylik of Karaman","actor":"기타중립","valid_from":1326,"valid_to":1333,"wikidata":"Q1469100","area":91156,"src":"cliopatria","confidence":"medium"}},{"type":"Feature","geometry":{"type":"Point","coordinates":[33.31,38.047]},"properties":{"id":"territory:Beylik of Karaman:1326:label","name":"Beylik of Karaman","name_en":"Beylik of Karaman","actor":"기타중립","valid_from":1326,"valid_to":1333,"wikidata":"Q1469100","area":91156,"src":"cliopatria","confidence":"medium"}},{"type":"Feature","geometry":{"type":"MultiPolygon","coordinates":[[[[40.84,58.53],[40.91,58.46],[40.75,58.18],[40.7,57.7],[41.19,57.83],[41.24,58.04],[41.6,58.04],[41.58,57.97],[42.01,57.9],[41.99,57.83],[41.79,57.77],[41.52,57.42],[40.27,57.08],[39.66,57.14],[39.68,57.21],[39.13,57.14],[39.15,57.21],[38.79,57.21],[38.81,57.28],[38.46,57.28],[38.05,57.08],[37.8,57.14],[37.85,57.7],[38.49,57.77],[38.52,57.9],[38.43,57.9],[38.4,58.46],[38.25,58.6],[38.07,58.6],[38.02,58.74],[37.64,58.67],[37.77,57.77],[37.26,57.83],[37.21,57.63],[36.55,57.49],[36.59,58.04],[36.5,58.04],[36.55,58.25],[36.46,58.25],[36.51,58.46],[36.42,58.46],[36.45,58.95],[36.72,58.95],[36.78,58.81],[37.68,58.81],[37.89,58.95],[38.36,59.02],[38.44,59.29],[38.8,59.29],[38.94,59.16],[39.56,59.09],[40.09,58.74],[40.83,58.81],[40.77,58.6],[40.86,58.6],[40.84,58.53]]],[[[45.97,60.42],[45.94,60.35],[45.92,60.28],[45.89,60.21],[45.87,60.14],[45.85,60.07],[45.68,59.85],[45.02,59.5],[43.96,59.57],[43.98,59.64],[42.6,59.57],[42.62,59.64],[42.07,59.64],[41.54,59.36],[41.26,59.36],[41.02,59.16],[40.79,59.29],[41.6,59.57],[41.64,59.71],[42.2,60.07],[43.01,60.91],[43.29,61.48],[43.54,61.69],[44.28,61.69],[44.49,61.76],[44.54,61.9],[46.09,61.83],[46.07,61.76],[46.25,61.76],[46.39,61.62],[46.24,61.19],[46.21,61.12],[45.99,60.49],[45.97,60.42]]]]},"properties":{"id":"territory:Principality of Vladimir-Suzdal:1395","name":"Principality of Vladimir-Suzdal","name_en":"Principality of Vladimir-Suzdal","actor":"기타중립","valid_from":1395,"valid_to":1415,"wikidata":"Q83546","area":90644,"src":"cliopatria","confidence":"medium"}},{"type":"Feature","geometry":{"type":"Point","coordinates":[44.29,60.611]},"properties":{"id":"territory:Principality of Vladimir-Suzdal:1395:label","name":"Principality of Vladimir-Suzdal","name_en":"Principality of Vladimir-Suzdal","actor":"기타중립","valid_from":1395,"valid_to":1415,"wikidata":"Q83546","area":90644,"src":"cliopatria","confidence":"medium"}},{"type":"Feature","geometry":{"type":"MultiPolygon","coordinates":[[[[15.07,55.02],[14.64,55.09],[14.64,55.29],[14.99,55.23],[15.08,55.23],[15.07,55.02]]],[[[10.36,55.77],[10.45,55.98],[10.63,55.98],[10.63,55.77],[10.54,55.77],[10.36,55.77]]],[[[10.37,56.25],[10.28,56.25],[10.28,55.98],[10.01,55.91],[9.93,55.7],[9.75,55.7],[9.75,55.57],[10.63,55.63],[10.63,55.5],[10.8,55.43],[10.88,54.95],[10.71,54.75],[10.54,54.75],[10.54,55.02],[9.93,55.09],[10.01,55.02],[9.93,54.55],[10.19,54.55],[10.19,54.48],[9.93,54.27],[9.15,54.21],[8.89,54.34],[8.8,54.21],[8.72,54.21],[8.54,54.27],[8.54,54.41],[8.8,54.48],[8.8,54.61],[8.53,54.82],[8.44,55.23],[8.53,55.23],[8.53,55.36],[8.35,55.5],[8.09,55.5],[8.09,55.63],[8.0,55.63],[8.08,56.11],[7.99,56.11],[7.98,56.66],[8.24,56.73],[8.15,56.87],[8.24,56.87],[8.24,57.01],[8.5,57.21],[9.39,57.21],[9.66,57.42],[9.66,57.56],[9.83,57.56],[9.92,57.7],[10.46,57.77],[10.55,57.28],[10.28,57.08],[10.28,56.59],[10.9,56.52],[10.81,56.18],[10.54,56.18],[10.54,56.11],[10.36,56.11],[10.37,56.25]]],[[[14.76,55.98],[14.32,55.98],[14.23,55.91],[14.3,55.36],[12.81,55.36],[12.73,55.5],[12.9,55.57],[12.91,55.77],[12.56,55.98],[12.56,55.7],[12.2,55.57],[12.38,55.43],[12.37,55.23],[12.11,55.16],[12.1,54.75],[10.88,54.75],[10.97,55.02],[11.67,54.89],[11.67,55.09],[11.5,55.23],[10.97,55.29],[11.06,55.57],[10.89,55.63],[10.89,55.77],[11.24,55.84],[11.33,56.05],[11.6,56.05],[11.77,55.84],[11.86,56.11],[12.48,56.18],[12.48,56.32],[12.66,56.32],[12.57,56.52],[12.75,56.52],[12.75,56.66],[12.4,56.8],[12.41,56.94],[12.14,57.08],[12.06,57.35],[11.79,57.42],[11.79,57.56],[11.8,57.63],[11.98,57.77],[12.33,57.77],[12.95,57.28],[13.12,57.14],[13.12,57.01],[13.29,56.94],[13.46,56.59],[15.93,56.52],[16.1,56.39],[16.09,56.32],[15.82,56.11],[14.77,56.18],[14.76,55.98]]],[[[18.6,57.97],[19.05,57.97],[19.03,57.83],[18.84,57.7],[18.91,57.42],[18.45,57.21],[18.34,56.94],[18.08,56.94],[18.03,57.49],[18.03,57.56],[18.23,57.83],[18.6,57.97]]]]},"properties":{"id":"territory:Kingdom of Denmark:1333","name":"Kingdom of Denmark","name_en":"Kingdom of Denmark","actor":"기타중립","valid_from":1333,"valid_to":1344,"wikidata":"Q756617","area":87067,"src":"cliopatria","confidence":"medium"}},{"type":"Feature","geometry":{"type":"MultiPolygon","coordinates":[[[[15.07,55.02],[14.64,55.09],[14.64,55.29],[14.99,55.23],[15.08,55.23],[15.07,55.02]]],[[[10.36,55.77],[10.45,55.98],[10.63,55.98],[10.63,55.77],[10.54,55.77],[10.36,55.77]]],[[[10.37,56.25],[10.28,56.25],[10.28,55.98],[10.01,55.91],[9.93,55.7],[9.75,55.7],[9.75,55.57],[10.63,55.63],[10.63,55.5],[10.8,55.43],[10.88,54.95],[10.71,54.75],[10.54,54.75],[10.54,55.02],[9.93,55.09],[10.01,55.02],[9.93,54.55],[10.19,54.55],[10.19,54.48],[9.93,54.27],[9.15,54.21],[8.89,54.34],[8.8,54.21],[8.72,54.21],[8.54,54.27],[8.54,54.41],[8.8,54.48],[8.8,54.61],[8.53,54.82],[8.44,55.23],[8.53,55.23],[8.53,55.36],[8.35,55.5],[8.09,55.5],[8.09,55.63],[8.0,55.63],[8.08,56.11],[7.99,56.11],[7.98,56.66],[8.24,56.73],[8.15,56.87],[8.24,56.87],[8.24,57.01],[8.5,57.21],[9.39,57.21],[9.66,57.42],[9.66,57.56],[9.83,57.56],[9.92,57.7],[10.46,57.77],[10.55,57.28],[10.28,57.08],[10.28,56.59],[10.9,56.52],[10.81,56.18],[10.54,56.18],[10.54,56.11],[10.36,56.11],[10.37,56.25]]],[[[14.76,55.98],[14.32,55.98],[14.23,55.91],[14.3,55.36],[12.81,55.36],[12.73,55.5],[12.9,55.57],[12.91,55.77],[12.56,55.98],[12.56,55.7],[12.2,55.57],[12.38,55.43],[12.37,55.23],[12.11,55.16],[12.1,54.75],[10.88,54.75],[10.97,55.02],[11.67,54.89],[11.67,55.09],[11.5,55.23],[10.97,55.29],[11.06,55.57],[10.89,55.63],[10.89,55.77],[11.24,55.84],[11.33,56.05],[11.6,56.05],[11.77,55.84],[11.86,56.11],[12.48,56.18],[12.48,56.32],[12.66,56.32],[12.57,56.52],[12.75,56.52],[12.75,56.66],[12.4,56.8],[12.41,56.94],[12.14,57.08],[12.06,57.35],[11.79,57.42],[11.79,57.56],[11.8,57.63],[11.98,57.77],[12.33,57.77],[12.95,57.28],[13.12,57.14],[13.12,57.01],[13.29,56.94],[13.46,56.59],[15.93,56.52],[16.1,56.39],[16.09,56.32],[15.82,56.11],[14.77,56.18],[14.76,55.98]]],[[[18.6,57.97],[19.05,57.97],[19.03,57.83],[18.84,57.7],[18.91,57.42],[18.45,57.21],[18.34,56.94],[18.08,56.94],[18.03,57.49],[18.03,57.56],[18.23,57.83],[18.6,57.97]]]]},"properties":{"id":"territory:Kingdom of Denmark:1363","name":"Kingdom of Denmark","name_en":"Kingdom of Denmark","actor":"기타중립","valid_from":1363,"valid_to":1385,"wikidata":"Q756617","area":87067,"src":"cliopatria","confidence":"medium"}},{"type":"Feature","geometry":{"type":"Point","coordinates":[9.397,55.942]},"properties":{"id":"territory:Kingdom of Denmark:1333:label","name":"Kingdom of Denmark","name_en":"Kingdom of Denmark","actor":"기타중립","valid_from":1333,"valid_to":1344,"wikidata":"Q756617","area":87067,"src":"cliopatria","confidence":"medium"}},{"type":"Feature","geometry":{"type":"Point","coordinates":[9.397,55.942]},"properties":{"id":"territory:Kingdom of Denmark:1363:label","name":"Kingdom of Denmark","name_en":"Kingdom of Denmark","actor":"기타중립","valid_from":1363,"valid_to":1385,"wikidata":"Q756617","area":87067,"src":"cliopatria","confidence":"medium"}},{"type":"Feature","geometry":{"type":"MultiPolygon","coordinates":[[[[-4.38,54.41],[-4.36,54.21],[-4.86,54.07],[-4.8,54.27],[-4.81,54.34],[-4.38,54.41]]],[[[-1.85,57.7],[-1.82,57.42],[-2.08,57.28],[-2.21,56.87],[-2.53,56.59],[-2.79,56.52],[-2.67,56.25],[-3.27,56.11],[-3.0,56.05],[-2.66,56.11],[-2.19,55.91],[-2.11,55.91],[-2.27,55.77],[-2.24,55.5],[-2.56,55.23],[-2.73,55.23],[-2.81,55.09],[-3.14,54.95],[-3.4,54.95],[-3.49,54.95],[-3.74,54.82],[-4.42,54.75],[-4.95,54.82],[-4.94,54.68],[-5.11,54.68],[-5.33,55.02],[-5.15,55.02],[-5.17,55.16],[-4.77,55.43],[-4.79,55.63],[-4.98,55.7],[-5.0,55.84],[-5.44,55.91],[-5.43,55.77],[-5.16,55.77],[-5.12,55.43],[-5.38,55.43],[-5.57,55.57],[-5.63,55.29],[-5.89,55.29],[-5.92,55.5],[-5.69,55.77],[-5.8,55.98],[-5.89,55.98],[-5.95,55.77],[-6.13,55.77],[-6.19,55.57],[-6.36,55.57],[-6.38,55.7],[-6.63,55.63],[-6.51,55.98],[-6.07,55.98],[-5.92,56.18],[-5.66,56.18],[-5.68,56.39],[-6.29,56.32],[-6.23,56.52],[-6.34,56.66],[-5.91,56.73],[-5.95,57.01],[-6.06,57.14],[-6.41,57.14],[-6.62,57.35],[-6.8,57.35],[-6.82,57.49],[-6.47,57.56],[-6.5,57.77],[-6.32,57.77],[-6.12,57.56],[-6.09,57.35],[-5.81,57.28],[-5.7,57.14],[-5.73,57.35],[-5.92,57.42],[-5.89,57.83],[-5.73,57.97],[-5.46,57.97],[-5.42,58.32],[-5.24,58.32],[-5.26,58.46],[-5.17,58.46],[-5.2,58.67],[-4.02,58.6],[-3.68,58.74],[-3.14,58.74],[-3.02,58.53],[-3.43,58.18],[-4.12,57.97],[-3.93,57.9],[-3.99,57.7],[-3.73,57.7],[-3.73,57.77],[-1.85,57.7]]],[[[-7.29,57.08],[-7.47,57.08],[-7.6,57.35],[-7.25,57.42],[-7.23,57.28],[-7.32,57.28],[-7.29,57.08]]],[[[-7.56,57.7],[-7.12,57.7],[-7.11,57.63],[-7.44,57.49],[-7.56,57.7]]],[[[-6.26,58.53],[-6.21,58.18],[-6.39,58.18],[-6.52,57.9],[-7.13,57.77],[-7.07,57.97],[-7.28,58.18],[-6.85,58.32],[-6.76,58.32],[-6.79,58.46],[-6.26,58.53]]]]},"properties":{"id":"territory:Kingdom of Scotland:1294","name":"Kingdom of Scotland","name_en":"Kingdom of Scotland","actor":"기타중립","valid_from":1294,"valid_to":1305,"wikidata":"Q230791","area":86071,"src":"cliopatria","confidence":"medium"}},{"type":"Feature","geometry":{"type":"MultiPolygon","coordinates":[[[[-4.38,54.41],[-4.36,54.21],[-4.86,54.07],[-4.8,54.27],[-4.81,54.34],[-4.38,54.41]]],[[[-1.85,57.7],[-1.82,57.42],[-2.08,57.28],[-2.21,56.87],[-2.53,56.59],[-2.79,56.52],[-2.67,56.25],[-3.27,56.11],[-3.0,56.05],[-2.66,56.11],[-2.19,55.91],[-2.11,55.91],[-2.27,55.77],[-2.24,55.5],[-2.56,55.23],[-2.73,55.23],[-2.81,55.09],[-3.14,54.95],[-3.4,54.95],[-3.49,54.95],[-3.74,54.82],[-4.42,54.75],[-4.95,54.82],[-4.94,54.68],[-5.11,54.68],[-5.33,55.02],[-5.15,55.02],[-5.17,55.16],[-4.77,55.43],[-4.79,55.63],[-4.98,55.7],[-5.0,55.84],[-5.44,55.91],[-5.43,55.77],[-5.16,55.77],[-5.12,55.43],[-5.38,55.43],[-5.57,55.57],[-5.63,55.29],[-5.89,55.29],[-5.92,55.5],[-5.69,55.77],[-5.8,55.98],[-5.89,55.98],[-5.95,55.77],[-6.13,55.77],[-6.19,55.57],[-6.36,55.57],[-6.38,55.7],[-6.63,55.63],[-6.51,55.98],[-6.07,55.98],[-5.92,56.18],[-5.66,56.18],[-5.68,56.39],[-6.29,56.32],[-6.23,56.52],[-6.34,56.66],[-5.91,56.73],[-5.95,57.01],[-6.06,57.14],[-6.41,57.14],[-6.62,57.35],[-6.8,57.35],[-6.82,57.49],[-6.47,57.56],[-6.5,57.77],[-6.32,57.77],[-6.12,57.56],[-6.09,57.35],[-5.81,57.28],[-5.7,57.14],[-5.73,57.35],[-5.92,57.42],[-5.89,57.83],[-5.73,57.97],[-5.46,57.97],[-5.42,58.32],[-5.24,58.32],[-5.26,58.46],[-5.17,58.46],[-5.2,58.67],[-4.02,58.6],[-3.68,58.74],[-3.14,58.74],[-3.02,58.53],[-3.43,58.18],[-4.12,57.97],[-3.93,57.9],[-3.99,57.7],[-3.73,57.7],[-3.73,57.77],[-1.85,57.7]]],[[[-7.29,57.08],[-7.47,57.08],[-7.6,57.35],[-7.25,57.42],[-7.23,57.28],[-7.32,57.28],[-7.29,57.08]]],[[[-7.56,57.7],[-7.12,57.7],[-7.11,57.63],[-7.44,57.49],[-7.56,57.7]]],[[[-6.26,58.53],[-6.21,58.18],[-6.39,58.18],[-6.52,57.9],[-7.13,57.77],[-7.07,57.97],[-7.28,58.18],[-6.85,58.32],[-6.76,58.32],[-6.79,58.46],[-6.26,58.53]]]]},"properties":{"id":"territory:Kingdom of Scotland:1314","name":"Kingdom of Scotland","name_en":"Kingdom of Scotland","actor":"기타중립","valid_from":1314,"valid_to":1475,"wikidata":"Q230791","area":86071,"src":"cliopatria","confidence":"medium"}},{"type":"Feature","geometry":{"type":"Point","coordinates":[-4.23,56.701]},"properties":{"id":"territory:Kingdom of Scotland:1294:label","name":"Kingdom of Scotland","name_en":"Kingdom of Scotland","actor":"기타중립","valid_from":1294,"valid_to":1305,"wikidata":"Q230791","area":86071,"src":"cliopatria","confidence":"medium"}},{"type":"Feature","geometry":{"type":"Point","coordinates":[-4.23,56.701]},"properties":{"id":"territory:Kingdom of Scotland:1314:label","name":"Kingdom of Scotland","name_en":"Kingdom of Scotland","actor":"기타중립","valid_from":1314,"valid_to":1475,"wikidata":"Q230791","area":86071,"src":"cliopatria","confidence":"medium"}},{"type":"Feature","geometry":{"type":"Polygon","coordinates":[[[53.21,31.53],[53.54,31.14],[53.82,31.01],[53.75,31.01],[52.69,30.5],[51.5,29.54],[51.31,29.22],[50.99,29.09],[50.62,29.15],[50.65,29.41],[50.24,29.73],[50.06,30.18],[49.59,29.99],[49.02,30.31],[49.12,30.5],[49.04,30.5],[49.34,31.08],[49.69,31.4],[49.99,31.91],[50.42,32.24],[50.44,32.36],[50.76,32.49],[51.31,32.04],[52.62,31.66],[52.7,31.66],[52.78,31.66],[52.85,31.66],[52.84,31.59],[52.92,31.59],[52.99,31.59],[52.98,31.53],[53.21,31.53]]]},"properties":{"id":"territory:Injuids:1344","name":"Injuids","name_en":"Injuids","actor":"기타중립","valid_from":1344,"valid_to":1352,"wikidata":"Q1067513","area":85841,"src":"cliopatria","confidence":"medium"}},{"type":"Feature","geometry":{"type":"Polygon","coordinates":[[[53.21,31.53],[53.54,31.14],[53.82,31.01],[53.75,31.01],[52.69,30.5],[51.5,29.54],[51.31,29.22],[50.99,29.09],[50.62,29.15],[50.65,29.41],[50.24,29.73],[50.06,30.18],[49.59,29.99],[49.02,30.31],[49.12,30.5],[49.04,30.5],[49.34,31.08],[49.69,31.4],[49.99,31.91],[50.42,32.24],[50.44,32.36],[50.76,32.49],[51.31,32.04],[52.62,31.66],[52.7,31.66],[52.78,31.66],[52.85,31.66],[52.84,31.59],[52.92,31.59],[52.99,31.59],[52.98,31.53],[53.21,31.53]]]},"properties":{"id":"territory:Injuids:1352","name":"Injuids","name_en":"Injuids","actor":"기타중립","valid_from":1352,"valid_to":1363,"wikidata":"Q1067513","area":85841,"src":"cliopatria","confidence":"medium"}},{"type":"Feature","geometry":{"type":"Point","coordinates":[51.155,30.846]},"properties":{"id":"territory:Injuids:1344:label","name":"Injuids","name_en":"Injuids","actor":"기타중립","valid_from":1344,"valid_to":1352,"wikidata":"Q1067513","area":85841,"src":"cliopatria","confidence":"medium"}},{"type":"Feature","geometry":{"type":"Point","coordinates":[51.155,30.846]},"properties":{"id":"territory:Injuids:1352:label","name":"Injuids","name_en":"Injuids","actor":"기타중립","valid_from":1352,"valid_to":1363,"wikidata":"Q1067513","area":85841,"src":"cliopatria","confidence":"medium"}},{"type":"Feature","geometry":{"type":"Polygon","coordinates":[[[56.73,24.46],[57.06,24.07],[57.49,23.88],[58.81,23.62],[59.08,23.3],[59.07,23.17],[59.28,23.04],[59.27,22.91],[59.54,22.66],[59.9,22.53],[59.86,22.08],[59.44,21.44],[59.2,21.31],[59.21,21.44],[58.86,21.69],[58.88,21.82],[58.24,22.27],[57.48,22.08],[57.19,22.14],[56.99,22.34],[56.83,22.27],[56.85,22.46],[56.63,22.53],[56.44,22.91],[56.23,23.04],[56.17,23.3],[55.89,23.43],[55.71,23.94],[55.56,23.94],[55.65,24.14],[55.58,24.14],[55.54,24.52],[55.54,24.59],[56.02,24.84],[56.05,25.23],[55.81,25.74],[55.81,25.81],[55.97,25.87],[56.17,26.32],[56.54,26.32],[56.4,25.68],[56.42,25.16],[56.5,25.16],[56.4,24.97],[56.54,24.91],[56.73,24.52],[56.73,24.46]]]},"properties":{"id":"territory:Mahdids:1260","name":"Mahdids","name_en":"Mahdids","actor":"기타중립","valid_from":1260,"valid_to":1475,"wikidata":"Q1884830","area":84464,"src":"cliopatria","confidence":"medium"}},{"type":"Feature","geometry":{"type":"Point","coordinates":[57.525,23.345]},"properties":{"id":"territory:Mahdids:1260:label","name":"Mahdids","name_en":"Mahdids","actor":"기타중립","valid_from":1260,"valid_to":1475,"wikidata":"Q1884830","area":84464,"src":"cliopatria","confidence":"medium"}},{"type":"Feature","geometry":{"type":"Polygon","coordinates":[[[24.99,47.8],[25.01,48.06],[25.63,48.46],[25.57,48.65],[25.25,48.79],[25.27,48.99],[25.95,49.18],[26.22,49.38],[26.19,49.85],[26.03,49.91],[25.97,50.11],[25.8,50.11],[25.82,50.31],[25.66,50.38],[25.7,50.71],[25.96,50.85],[25.99,51.05],[26.03,51.38],[25.61,51.45],[25.48,51.78],[25.13,51.71],[25.08,52.05],[24.93,52.18],[24.66,52.05],[24.64,51.92],[24.3,51.85],[23.93,51.58],[23.0,51.58],[22.88,51.25],[23.04,51.18],[23.02,50.98],[23.11,50.98],[23.09,50.78],[22.92,50.71],[22.95,50.11],[22.26,49.91],[22.16,49.71],[21.39,49.45],[21.8,49.38],[22.52,49.05],[22.78,49.12],[23.09,48.85],[23.83,48.72],[24.05,48.46],[24.38,48.39],[24.37,48.26],[24.69,48.13],[24.59,47.93],[24.91,47.8],[24.99,47.8]]]},"properties":{"id":"territory:Galicia-Volhynia:1326","name":"Galicia-Volhynia","name_en":"Galicia-Volhynia","actor":"기타중립","valid_from":1326,"valid_to":1344,"wikidata":"Q239502","area":82924,"src":"cliopatria","confidence":"medium"}},{"type":"Feature","geometry":{"type":"Polygon","coordinates":[[[24.99,47.8],[25.01,48.06],[25.63,48.46],[25.57,48.65],[25.25,48.79],[25.27,48.99],[25.95,49.18],[26.22,49.38],[26.19,49.85],[26.03,49.91],[25.97,50.11],[25.8,50.11],[25.82,50.31],[25.66,50.38],[25.7,50.71],[25.96,50.85],[25.99,51.05],[26.03,51.38],[25.61,51.45],[25.48,51.78],[25.13,51.71],[25.08,52.05],[24.93,52.18],[24.66,52.05],[24.64,51.92],[24.3,51.85],[23.93,51.58],[23.0,51.58],[22.88,51.25],[23.04,51.18],[23.02,50.98],[23.11,50.98],[23.09,50.78],[22.92,50.71],[22.95,50.11],[22.26,49.91],[22.16,49.71],[21.39,49.45],[21.8,49.38],[22.52,49.05],[22.78,49.12],[23.09,48.85],[23.83,48.72],[24.05,48.46],[24.38,48.39],[24.37,48.26],[24.69,48.13],[24.59,47.93],[24.91,47.8],[24.99,47.8]]]},"properties":{"id":"territory:Galicia-Volhynia:1344","name":"Galicia-Volhynia","name_en":"Galicia-Volhynia","actor":"기타중립","valid_from":1344,"valid_to":1352,"wikidata":"Q239502","area":82924,"src":"cliopatria","confidence":"medium"}},{"type":"Feature","geometry":{"type":"Point","coordinates":[24.316,50.046]},"properties":{"id":"territory:Galicia-Volhynia:1326:label","name":"Galicia-Volhynia","name_en":"Galicia-Volhynia","actor":"기타중립","valid_from":1326,"valid_to":1344,"wikidata":"Q239502","area":82924,"src":"cliopatria","confidence":"medium"}},{"type":"Feature","geometry":{"type":"Point","coordinates":[24.316,50.046]},"properties":{"id":"territory:Galicia-Volhynia:1344:label","name":"Galicia-Volhynia","name_en":"Galicia-Volhynia","actor":"기타중립","valid_from":1344,"valid_to":1352,"wikidata":"Q239502","area":82924,"src":"cliopatria","confidence":"medium"}},{"type":"Feature","geometry":{"type":"Polygon","coordinates":[[[33.58,36.22],[32.56,36.03],[32.5,36.22],[32.07,36.61],[31.76,36.67],[31.77,36.74],[31.96,37.13],[32.33,37.71],[32.66,37.9],[32.67,38.03],[32.21,38.09],[31.84,38.35],[31.85,38.42],[31.95,38.67],[31.88,38.74],[32.63,39.13],[33.09,39.77],[33.4,39.71],[34.29,39.9],[34.37,39.9],[34.43,39.77],[35.06,39.71],[34.68,38.48],[34.89,38.29],[35.2,38.29],[35.35,38.16],[35.39,37.9],[35.06,37.71],[34.88,37.45],[34.56,37.45],[34.06,37.13],[33.75,37.13],[33.78,36.61],[33.61,36.48],[33.66,36.22],[33.58,36.22]]]},"properties":{"id":"territory:Beylik of Karaman:1314","name":"Beylik of Karaman","name_en":"Beylik of Karaman","actor":"기타중립","valid_from":1314,"valid_to":1326,"wikidata":"Q1469100","area":81820,"src":"cliopatria","confidence":"medium"}},{"type":"Feature","geometry":{"type":"Point","coordinates":[33.471,38.076]},"properties":{"id":"territory:Beylik of Karaman:1314:label","name":"Beylik of Karaman","name_en":"Beylik of Karaman","actor":"기타중립","valid_from":1314,"valid_to":1326,"wikidata":"Q1469100","area":81820,"src":"cliopatria","confidence":"medium"}},{"type":"Feature","geometry":{"type":"MultiPolygon","coordinates":[[[[12.03,48.99],[12.28,48.92],[12.27,48.79],[12.36,48.79],[12.52,48.85],[12.61,49.12],[12.86,49.12],[13.03,49.25],[13.36,48.99],[13.36,48.85],[13.19,48.85],[13.27,48.59],[13.77,48.59],[13.85,48.46],[13.18,48.06],[12.93,48.06],[12.77,48.19],[12.76,47.99],[12.93,47.93],[12.92,47.73],[13.09,47.6],[12.84,47.53],[12.76,47.66],[12.59,47.66],[12.51,47.4],[12.34,47.33],[12.26,47.53],[12.01,47.53],[11.85,47.27],[11.6,47.27],[11.44,47.33],[11.44,47.47],[11.27,47.47],[11.27,47.6],[10.94,47.53],[10.86,47.53],[10.78,47.53],[10.69,47.53],[10.69,47.6],[10.61,47.6],[10.69,47.73],[10.45,47.8],[10.53,48.19],[10.53,48.26],[10.44,48.59],[10.28,48.72],[10.28,48.85],[10.03,48.99],[10.03,49.12],[10.36,49.25],[10.61,48.92],[10.94,48.85],[11.03,48.99],[10.86,49.05],[11.28,49.18],[11.53,49.12],[11.69,48.92],[11.94,48.99],[12.03,48.99]]],[[[16.01,52.79],[15.49,52.65],[15.65,52.32],[15.47,52.18],[15.13,52.25],[15.04,52.05],[14.87,52.05],[14.78,51.92],[14.62,52.12],[14.36,52.12],[13.94,52.32],[13.43,52.18],[13.42,52.05],[12.91,52.18],[12.49,52.12],[12.41,52.32],[12.58,52.45],[12.33,52.65],[12.33,52.79],[11.9,52.59],[11.13,52.52],[11.04,52.86],[11.22,53.06],[11.39,53.06],[11.39,53.19],[11.22,53.19],[11.13,53.33],[11.31,53.46],[11.56,53.39],[11.74,53.6],[11.91,53.6],[12.17,53.39],[13.2,53.33],[13.55,53.66],[13.9,53.73],[14.32,53.39],[14.23,53.26],[14.48,53.06],[14.65,53.06],[14.82,53.19],[15.26,53.26],[15.44,53.53],[15.78,53.46],[15.7,53.66],[15.79,53.73],[16.05,53.66],[15.98,54.07],[16.41,54.0],[16.31,53.8],[16.66,53.8],[16.9,53.53],[16.72,53.39],[16.71,53.19],[16.28,53.12],[16.01,52.86],[16.01,52.79]]]]},"properties":{"id":"territory:Margraviate of Brandenburg:1344","name":"Margraviate of Brandenburg","name_en":"Margraviate of Brandenburg","actor":"기타중립","valid_from":1344,"valid_to":1352,"wikidata":"Q148499","area":80499,"src":"cliopatria","confidence":"medium"}},{"type":"Feature","geometry":{"type":"Point","coordinates":[13.932,52.93]},"properties":{"id":"territory:Margraviate of Brandenburg:1344:label","name":"Margraviate of Brandenburg","name_en":"Margraviate of Brandenburg","actor":"기타중립","valid_from":1344,"valid_to":1352,"wikidata":"Q148499","area":80499,"src":"cliopatria","confidence":"medium"}},{"type":"Feature","geometry":{"type":"MultiPolygon","coordinates":[[[[12.03,48.99],[12.28,48.92],[12.27,48.79],[12.36,48.79],[12.52,48.85],[12.61,49.12],[12.86,49.12],[13.03,49.25],[13.36,48.99],[13.36,48.85],[13.19,48.85],[13.27,48.59],[13.77,48.59],[13.85,48.46],[13.18,48.06],[12.93,48.06],[12.77,48.19],[12.76,47.99],[12.93,47.93],[12.92,47.73],[13.09,47.6],[12.84,47.53],[12.76,47.66],[12.59,47.66],[12.51,47.4],[12.34,47.33],[12.26,47.53],[12.01,47.53],[11.85,47.27],[11.6,47.27],[11.44,47.33],[11.44,47.47],[11.27,47.47],[11.27,47.6],[10.94,47.53],[10.86,47.53],[10.78,47.53],[10.69,47.53],[10.69,47.6],[10.61,47.6],[10.69,47.73],[10.45,47.8],[10.53,48.19],[10.53,48.26],[10.44,48.59],[10.28,48.72],[10.28,48.85],[10.03,48.99],[10.03,49.12],[10.36,49.25],[10.61,48.92],[10.94,48.85],[11.03,48.99],[10.86,49.05],[11.28,49.18],[11.53,49.12],[11.69,48.92],[11.94,48.99],[12.03,48.99]]],[[[16.01,52.79],[15.49,52.65],[15.65,52.32],[14.96,52.12],[14.69,51.92],[14.62,52.12],[14.36,52.12],[13.94,52.32],[13.43,52.18],[13.42,52.05],[12.91,52.18],[12.49,52.12],[12.41,52.32],[12.58,52.45],[12.33,52.65],[12.33,52.79],[11.9,52.59],[11.13,52.52],[11.04,52.86],[11.22,53.06],[11.39,53.06],[11.39,53.19],[11.22,53.19],[11.13,53.33],[11.31,53.46],[11.56,53.39],[11.74,53.6],[11.91,53.6],[12.17,53.39],[13.2,53.33],[13.55,53.66],[13.9,53.73],[14.32,53.39],[14.23,53.26],[14.48,53.06],[14.65,53.06],[14.82,53.19],[15.26,53.26],[15.44,53.53],[15.78,53.46],[15.7,53.66],[15.79,53.73],[16.05,53.66],[15.98,54.07],[16.41,54.0],[16.31,53.8],[16.66,53.8],[16.9,53.53],[16.72,53.39],[16.71,53.19],[16.28,53.12],[16.01,52.86],[16.01,52.79]]]]},"properties":{"id":"territory:Margraviate of Brandenburg:1333","name":"Margraviate of Brandenburg","name_en":"Margraviate of Brandenburg","actor":"기타중립","valid_from":1333,"valid_to":1344,"wikidata":"Q148499","area":80391,"src":"cliopatria","confidence":"medium"}},{"type":"Feature","geometry":{"type":"Point","coordinates":[13.928,52.932]},"properties":{"id":"territory:Margraviate of Brandenburg:1333:label","name":"Margraviate of Brandenburg","name_en":"Margraviate of Brandenburg","actor":"기타중립","valid_from":1333,"valid_to":1344,"wikidata":"Q148499","area":80391,"src":"cliopatria","confidence":"medium"}},{"type":"Feature","geometry":{"type":"Polygon","coordinates":[[[27.51,42.63],[27.46,42.95],[27.38,42.95],[27.46,43.73],[27.74,44.12],[26.61,44.12],[26.11,43.99],[25.85,43.73],[25.43,43.6],[24.8,43.67],[24.26,43.02],[23.85,42.95],[23.45,42.95],[23.31,43.15],[22.83,43.21],[22.68,43.41],[22.2,43.41],[21.95,43.28],[21.93,43.02],[22.16,42.82],[22.3,42.5],[22.46,42.56],[22.45,42.37],[22.37,42.37],[22.44,42.17],[22.83,42.04],[24.49,41.91],[24.8,41.72],[25.19,41.65],[26.23,41.72],[26.57,41.98],[27.06,42.11],[27.38,42.11],[27.45,41.98],[27.93,41.98],[27.94,42.04],[27.49,42.43],[27.51,42.56],[27.51,42.63]]]},"properties":{"id":"territory:Second Bulgarian Empire:1363","name":"Second Bulgarian Empire","name_en":"Second Bulgarian Empire","actor":"기타중립","valid_from":1363,"valid_to":1375,"wikidata":"Q420759","area":80054,"src":"cliopatria","confidence":"medium"}},{"type":"Feature","geometry":{"type":"Point","coordinates":[25.234,42.778]},"properties":{"id":"territory:Second Bulgarian Empire:1363:label","name":"Second Bulgarian Empire","name_en":"Second Bulgarian Empire","actor":"기타중립","valid_from":1363,"valid_to":1375,"wikidata":"Q420759","area":80054,"src":"cliopatria","confidence":"medium"}},{"type":"Feature","geometry":{"type":"Polygon","coordinates":[[[22.46,42.5],[22.37,42.3],[22.45,42.3],[22.42,41.85],[22.57,41.78],[22.49,41.72],[22.55,41.52],[22.39,41.39],[21.43,41.39],[21.04,41.52],[20.96,41.39],[20.64,41.39],[20.01,41.59],[19.78,41.78],[19.54,41.65],[19.54,41.72],[18.85,42.37],[18.46,42.5],[18.23,42.76],[18.23,42.82],[18.08,43.02],[17.6,43.02],[17.76,43.15],[18.01,43.15],[18.01,43.28],[18.42,43.34],[18.51,43.54],[18.83,43.67],[19.0,43.86],[19.41,43.86],[19.4,43.73],[19.71,43.47],[20.11,43.47],[20.44,43.6],[20.61,43.73],[20.62,43.93],[21.04,44.19],[21.36,44.12],[21.59,43.93],[21.58,43.8],[21.74,43.8],[21.93,44.12],[21.93,44.19],[22.1,44.25],[22.11,44.52],[22.28,44.52],[22.37,44.65],[22.69,44.65],[22.77,44.65],[22.68,44.52],[22.52,44.52],[22.51,44.39],[22.74,44.19],[22.49,44.06],[22.38,43.73],[22.23,43.8],[22.13,43.6],[22.13,43.54],[21.95,43.28],[21.93,43.02],[22.16,42.82],[22.22,42.56],[22.46,42.5]]]},"properties":{"id":"territory:Kingdom of Serbia:1294","name":"Kingdom of Serbia","name_en":"Kingdom of Serbia","actor":"기타중립","valid_from":1294,"valid_to":1305,"wikidata":"Q241748","area":79357,"src":"cliopatria","confidence":"medium"}},{"type":"Feature","geometry":{"type":"Point","coordinates":[20.602,42.766]},"properties":{"id":"territory:Kingdom of Serbia:1294:label","name":"Kingdom of Serbia","name_en":"Kingdom of Serbia","actor":"기타중립","valid_from":1294,"valid_to":1305,"wikidata":"Q241748","area":79357,"src":"cliopatria","confidence":"medium"}},{"type":"Feature","geometry":{"type":"Polygon","coordinates":[[[22.46,42.5],[22.37,42.3],[22.45,42.3],[22.42,41.85],[22.57,41.78],[22.39,41.39],[21.43,41.39],[21.04,41.52],[20.96,41.39],[20.64,41.39],[20.01,41.59],[19.78,41.78],[19.54,41.65],[19.54,41.72],[18.85,42.37],[18.46,42.5],[18.23,42.76],[18.23,42.82],[18.08,43.02],[17.6,43.02],[17.76,43.15],[18.01,43.15],[18.01,43.28],[18.42,43.34],[18.51,43.54],[18.83,43.67],[19.0,43.86],[19.41,43.86],[19.4,43.73],[19.71,43.47],[20.11,43.47],[20.44,43.6],[20.61,43.73],[20.62,43.93],[21.04,44.19],[21.36,44.12],[21.59,43.93],[21.58,43.8],[21.74,43.8],[21.93,44.12],[21.93,44.19],[22.1,44.25],[22.11,44.52],[22.28,44.52],[22.37,44.65],[22.69,44.65],[22.77,44.65],[22.68,44.52],[22.52,44.52],[22.51,44.39],[22.74,44.19],[22.49,44.06],[22.38,43.73],[22.23,43.8],[22.13,43.6],[22.13,43.54],[21.95,43.28],[21.93,43.02],[22.16,42.82],[22.22,42.56],[22.46,42.5]]]},"properties":{"id":"territory:Kingdom of Serbia:1305","name":"Kingdom of Serbia","name_en":"Kingdom of Serbia","actor":"기타중립","valid_from":1305,"valid_to":1314,"wikidata":"Q241748","area":79262,"src":"cliopatria","confidence":"medium"}},{"type":"Feature","geometry":{"type":"Point","coordinates":[20.6,42.768]},"properties":{"id":"territory:Kingdom of Serbia:1305:label","name":"Kingdom of Serbia","name_en":"Kingdom of Serbia","actor":"기타중립","valid_from":1305,"valid_to":1314,"wikidata":"Q241748","area":79262,"src":"cliopatria","confidence":"medium"}},{"type":"Feature","geometry":{"type":"Polygon","coordinates":[[[22.46,42.5],[22.37,42.3],[22.45,42.3],[22.42,41.85],[22.57,41.78],[22.39,41.39],[21.43,41.39],[21.04,41.52],[20.96,41.39],[20.64,41.39],[20.01,41.59],[19.78,41.78],[19.54,41.65],[19.54,41.72],[18.85,42.37],[18.46,42.5],[18.23,42.76],[18.23,42.82],[18.08,43.02],[17.6,43.02],[17.76,43.15],[18.01,43.15],[18.01,43.28],[18.42,43.34],[18.51,43.54],[18.83,43.67],[19.0,43.86],[19.41,43.86],[19.4,43.73],[19.71,43.47],[20.11,43.47],[20.44,43.6],[20.61,43.73],[20.62,43.93],[21.04,44.19],[21.36,44.12],[21.59,43.93],[21.58,43.8],[21.74,43.8],[21.93,44.12],[21.93,44.19],[22.1,44.25],[22.11,44.52],[22.53,44.71],[22.69,44.65],[22.52,44.52],[22.5,44.32],[22.66,44.19],[22.65,44.12],[22.49,44.06],[22.38,43.73],[22.23,43.8],[22.13,43.6],[22.13,43.54],[21.95,43.28],[21.93,43.02],[22.16,42.82],[22.22,42.56],[22.46,42.5]]]},"properties":{"id":"territory:Kingdom of Serbia:1314","name":"Kingdom of Serbia","name_en":"Kingdom of Serbia","actor":"기타중립","valid_from":1314,"valid_to":1326,"wikidata":"Q241748","area":79168,"src":"cliopatria","confidence":"medium"}},{"type":"Feature","geometry":{"type":"Point","coordinates":[20.597,42.766]},"properties":{"id":"territory:Kingdom of Serbia:1314:label","name":"Kingdom of Serbia","name_en":"Kingdom of Serbia","actor":"기타중립","valid_from":1314,"valid_to":1326,"wikidata":"Q241748","area":79168,"src":"cliopatria","confidence":"medium"}},{"type":"Feature","geometry":{"type":"MultiPolygon","coordinates":[[[[8.23,46.81],[7.99,46.81],[7.99,46.61],[7.83,46.61],[7.82,46.94],[7.9,46.94],[7.98,46.94],[8.15,46.94],[8.23,46.81]]],[[[16.3,47.53],[16.14,47.53],[16.03,46.81],[15.86,46.68],[16.02,46.35],[15.6,46.22],[15.68,45.96],[15.26,45.76],[15.34,45.5],[14.45,45.63],[14.28,45.43],[14.2,45.43],[14.2,45.5],[14.12,45.5],[14.04,45.5],[14.13,45.96],[14.13,46.02],[14.05,46.02],[14.05,46.09],[14.05,46.15],[13.97,46.15],[13.97,46.22],[13.89,46.22],[13.65,46.55],[12.91,46.61],[12.83,47.07],[12.92,47.07],[13.0,47.07],[13.08,47.07],[13.74,47.07],[13.66,47.27],[13.41,47.27],[13.42,47.66],[13.18,47.93],[13.18,48.06],[13.85,48.46],[13.93,48.46],[13.93,48.52],[14.01,48.52],[14.02,48.59],[14.1,48.59],[14.1,48.65],[14.6,48.59],[14.85,48.72],[14.94,48.99],[15.69,48.92],[16.18,48.72],[16.93,48.72],[16.83,48.32],[16.99,48.19],[16.99,48.13],[16.32,47.86],[16.3,47.53]]],[[[8.39,47.4],[8.55,47.4],[8.64,47.27],[8.55,47.27],[8.39,47.2],[8.39,47.4]]],[[[7.55,47.93],[7.56,47.6],[7.4,47.47],[6.98,47.53],[6.89,47.93],[7.14,47.93],[7.22,48.06],[7.47,48.06],[7.55,47.93]]],[[[7.64,47.8],[7.63,48.26],[7.79,48.32],[7.8,48.13],[7.88,48.13],[7.96,48.26],[8.21,48.26],[8.21,48.13],[8.13,48.13],[8.22,47.66],[8.05,47.6],[8.14,47.4],[7.73,47.33],[7.56,47.47],[7.64,47.53],[7.73,47.53],[7.89,47.73],[7.64,47.8]]],[[[10.2,48.26],[10.53,48.26],[10.53,48.19],[10.36,47.99],[10.12,48.06],[10.2,48.26]]],[[[9.37,48.39],[9.37,48.32],[9.2,48.26],[9.2,48.39],[9.37,48.39]]],[[[9.45,48.46],[9.95,48.39],[10.03,48.39],[10.03,48.26],[9.78,48.32],[9.45,48.19],[9.45,48.46]]],[[[10.2,48.46],[10.2,48.39],[10.28,48.32],[10.11,48.32],[10.11,48.46],[10.2,48.46]]]]},"properties":{"id":"territory:House of Habsburg:1344","name":"합스부르크가","name_en":"House of Habsburg","actor":"기타중립","valid_from":1344,"valid_to":1363,"wikidata":"Q65968","area":78677,"src":"cliopatria","confidence":"medium"}},{"type":"Feature","geometry":{"type":"Point","coordinates":[14.892,47.375]},"properties":{"id":"territory:House of Habsburg:1344:label","name":"합스부르크가","name_en":"House of Habsburg","actor":"기타중립","valid_from":1344,"valid_to":1363,"wikidata":"Q65968","area":78677,"src":"cliopatria","confidence":"medium"}},{"type":"Feature","geometry":{"type":"MultiPolygon","coordinates":[[[[11.78,48.92],[11.44,48.85],[11.28,48.52],[10.94,48.46],[10.86,48.32],[11.85,48.32],[11.94,48.19],[12.43,48.06],[12.43,47.86],[12.59,47.8],[12.59,47.66],[12.51,47.4],[12.34,47.33],[12.26,47.53],[12.01,47.53],[11.85,47.27],[11.6,47.27],[11.44,47.33],[11.44,47.47],[11.27,47.47],[11.27,47.6],[10.94,47.53],[10.86,47.53],[10.78,47.53],[10.69,47.53],[10.69,47.6],[10.61,47.6],[10.69,47.73],[10.45,47.8],[10.53,48.19],[10.53,48.26],[10.44,48.59],[10.28,48.72],[10.28,48.85],[10.03,48.99],[10.03,49.12],[10.36,49.25],[10.61,48.92],[10.94,48.85],[11.03,48.99],[10.86,49.05],[11.28,49.12],[11.28,49.25],[11.03,49.25],[11.03,49.45],[11.28,49.52],[11.2,49.78],[11.7,49.91],[11.87,50.18],[12.12,50.18],[12.37,49.98],[12.37,49.71],[12.78,49.32],[12.44,49.05],[11.86,48.92],[11.78,48.92]]],[[[7.69,49.38],[7.36,49.25],[7.02,49.58],[7.6,49.58],[7.51,49.91],[7.76,49.91],[7.85,49.71],[8.27,49.71],[8.36,49.45],[8.61,49.45],[8.77,49.32],[8.27,49.25],[8.11,48.99],[7.86,49.05],[7.86,49.12],[7.69,49.38]]],[[[15.49,52.65],[15.65,52.32],[14.96,52.12],[14.78,51.92],[14.69,51.92],[14.7,52.18],[14.54,52.32],[13.94,52.45],[13.69,52.45],[13.68,52.32],[13.43,52.18],[13.17,52.25],[13.17,52.12],[12.49,52.12],[12.41,52.32],[12.58,52.45],[12.33,52.65],[12.33,52.79],[11.9,52.59],[11.13,52.52],[11.04,52.86],[11.22,53.06],[11.39,53.06],[11.39,53.19],[11.22,53.19],[11.13,53.33],[11.31,53.46],[11.56,53.39],[11.74,53.6],[11.91,53.6],[12.17,53.39],[13.2,53.33],[13.55,53.66],[13.9,53.73],[14.32,53.39],[14.23,53.26],[14.48,53.06],[14.65,53.06],[14.82,53.19],[15.26,53.26],[15.44,53.53],[15.78,53.46],[15.7,53.66],[15.79,53.73],[16.05,53.66],[15.98,54.07],[16.41,54.0],[16.31,53.8],[16.66,53.8],[16.9,53.53],[16.72,53.39],[16.71,53.19],[16.28,53.12],[16.01,52.86],[16.01,52.79],[15.49,52.65]]]]},"properties":{"id":"territory:Margraviate of Brandenburg:1326","name":"Margraviate of Brandenburg","name_en":"Margraviate of Brandenburg","actor":"기타중립","valid_from":1326,"valid_to":1333,"wikidata":"Q148499","area":77889,"src":"cliopatria","confidence":"medium"}},{"type":"Feature","geometry":{"type":"Point","coordinates":[13.92,52.955]},"properties":{"id":"territory:Margraviate of Brandenburg:1326:label","name":"Margraviate of Brandenburg","name_en":"Margraviate of Brandenburg","actor":"기타중립","valid_from":1326,"valid_to":1333,"wikidata":"Q148499","area":77889,"src":"cliopatria","confidence":"medium"}},{"type":"Feature","geometry":{"type":"MultiPolygon","coordinates":[[[[22.87,36.16],[22.89,36.42],[22.96,36.42],[23.12,36.35],[23.11,36.16],[22.87,36.16]]],[[[22.83,36.87],[22.6,36.87],[22.51,36.67],[22.36,36.67],[22.22,37.06],[22.14,37.06],[22.06,37.06],[21.67,37.0],[21.61,37.38],[21.7,37.51],[21.24,37.84],[21.42,38.16],[21.73,38.16],[21.74,38.37],[21.58,38.35],[21.51,38.48],[21.59,38.48],[21.99,38.67],[21.99,38.61],[22.07,38.61],[22.06,38.42],[22.13,38.42],[22.29,38.35],[22.28,38.22],[22.44,38.29],[22.43,38.16],[22.59,38.16],[22.66,37.96],[23.05,38.03],[23.04,37.77],[23.11,37.64],[23.34,37.64],[23.4,37.32],[23.17,37.32],[23.1,37.51],[22.87,37.58],[22.79,37.58],[22.71,37.58],[22.71,37.51],[22.71,37.45],[22.7,37.32],[23.0,37.0],[23.06,36.67],[22.83,36.87]]],[[[24.2,37.64],[24.28,37.71],[24.36,37.71],[24.43,37.58],[24.27,37.51],[24.2,37.64]]],[[[20.62,37.9],[20.7,37.9],[20.93,37.9],[20.92,37.64],[20.61,37.71],[20.62,37.9]]],[[[20.32,38.16],[20.33,38.35],[20.49,38.42],[20.57,38.42],[20.8,38.29],[20.79,38.09],[20.32,38.16]]],[[[24.36,38.87],[24.36,39.0],[24.44,39.0],[24.67,38.93],[24.66,38.74],[24.36,38.87]]],[[[20.75,38.93],[20.83,38.93],[20.91,39.0],[20.9,38.8],[20.74,38.8],[20.75,38.93]]],[[[22.89,40.61],[22.57,40.55],[22.57,40.48],[22.41,40.55],[22.42,40.68],[22.67,40.81],[23.14,40.81],[23.13,40.68],[23.13,40.61],[23.21,40.61],[23.2,40.42],[22.96,40.42],[22.89,40.61]]],[[[25.33,37.0],[25.34,37.13],[25.42,37.13],[25.57,37.13],[25.56,37.0],[25.33,37.0]]],[[[24.68,37.84],[24.69,38.03],[24.77,38.03],[25.07,37.77],[24.83,37.71],[24.68,37.84]]],[[[26.25,38.93],[26.09,39.0],[26.1,39.13],[25.79,39.19],[26.04,39.38],[26.12,39.38],[26.51,39.32],[26.64,39.0],[26.25,38.93]]],[[[25.07,40.03],[25.15,40.03],[25.46,40.03],[25.45,39.84],[24.97,39.84],[25.07,40.03]]],[[[25.72,40.29],[25.8,40.29],[26.04,40.29],[26.02,40.16],[25.7,40.1],[25.72,40.29]]],[[[26.67,40.36],[26.26,40.1],[26.26,40.16],[26.27,40.23],[26.27,40.29],[26.35,40.29],[26.36,40.36],[26.6,40.48],[26.68,40.42],[26.67,40.36]]],[[[24.55,40.55],[24.49,40.81],[24.57,40.81],[24.81,40.81],[24.79,40.61],[24.55,40.55]]],[[[41.26,41.07],[41.25,41.0],[41.17,41.0],[41.18,41.07],[41.26,41.07]]],[[[41.34,41.07],[41.26,41.07],[41.27,41.13],[41.35,41.13],[41.34,41.07]]],[[[26.14,40.61],[26.08,40.87],[25.85,40.94],[24.43,41.0],[24.35,41.0],[23.65,41.33],[23.26,41.39],[22.89,41.78],[22.83,42.04],[24.49,41.91],[24.8,41.72],[25.19,41.65],[26.23,41.72],[26.57,41.98],[27.06,42.11],[27.38,42.11],[27.45,41.98],[27.93,41.98],[27.92,41.91],[28.0,41.91],[28.05,41.59],[28.22,41.65],[28.35,41.39],[28.98,41.26],[29.04,41.07],[28.63,41.0],[28.17,41.13],[28.08,41.0],[27.53,41.07],[27.36,40.94],[27.35,40.87],[26.84,40.48],[26.78,40.68],[26.63,40.74],[26.14,40.61]]]]},"properties":{"id":"territory:Byzantine Empire:1352","name":"비잔티움 제국","name_en":"Byzantine Empire","actor":"로마","valid_from":1352,"valid_to":1363,"wikidata":"Q112039853","area":76575,"src":"cliopatria","confidence":"medium"}},{"type":"Feature","geometry":{"type":"Point","coordinates":[25.98,41.409]},"properties":{"id":"territory:Byzantine Empire:1352:label","name":"비잔티움 제국","name_en":"Byzantine Empire","actor":"로마","valid_from":1352,"valid_to":1363,"wikidata":"Q112039853","area":76575,"src":"cliopatria","confidence":"medium"}},{"type":"Feature","geometry":{"type":"Polygon","coordinates":[[[35.92,54.68],[35.95,54.82],[36.5,54.95],[36.54,55.16],[35.79,55.29],[35.69,55.63],[35.53,55.7],[35.5,56.39],[34.93,56.59],[33.97,56.25],[33.94,56.11],[33.68,56.11],[33.01,55.84],[32.66,55.84],[32.36,55.63],[31.86,55.77],[30.88,55.7],[30.88,55.23],[30.97,55.23],[30.8,54.75],[30.89,54.75],[30.94,54.55],[31.65,54.61],[31.79,54.48],[31.75,52.72],[31.99,52.65],[32.05,52.45],[32.22,52.45],[32.47,52.92],[32.87,53.26],[33.3,53.26],[33.68,53.46],[33.85,53.87],[34.04,54.0],[34.01,54.27],[34.43,54.61],[35.73,54.61],[35.92,54.68]]]},"properties":{"id":"territory:Principality of Smolensk:1375","name":"Principality of Smolensk","name_en":"Principality of Smolensk","actor":"기타중립","valid_from":1375,"valid_to":1402,"wikidata":"Q1483495","area":75618,"src":"cliopatria","confidence":"medium"}},{"type":"Feature","geometry":{"type":"Point","coordinates":[33.364,54.846]},"properties":{"id":"territory:Principality of Smolensk:1375:label","name":"Principality of Smolensk","name_en":"Principality of Smolensk","actor":"기타중립","valid_from":1375,"valid_to":1402,"wikidata":"Q1483495","area":75618,"src":"cliopatria","confidence":"medium"}},{"type":"Feature","geometry":{"type":"Polygon","coordinates":[[[27.63,45.43],[26.66,45.5],[26.42,45.5],[26.24,45.37],[26.1,45.63],[25.94,45.63],[25.85,45.5],[25.44,45.5],[25.35,45.37],[25.04,45.63],[23.48,45.5],[23.47,45.37],[23.14,45.24],[22.65,45.24],[22.53,44.71],[22.69,44.65],[22.52,44.52],[22.5,44.32],[22.89,44.12],[22.95,43.8],[23.6,43.86],[24.15,43.67],[24.8,43.67],[25.43,43.6],[25.85,43.73],[26.28,44.06],[27.49,44.06],[27.83,44.19],[27.94,44.52],[27.79,44.58],[27.8,44.71],[27.97,44.78],[28.0,45.04],[27.85,45.17],[27.86,45.3],[27.63,45.43]]]},"properties":{"id":"territory:Principality of Wallachia:1395","name":"Principality of Wallachia","name_en":"Principality of Wallachia","actor":"기타중립","valid_from":1395,"valid_to":1402,"wikidata":"Q171393","area":74679,"src":"cliopatria","confidence":"medium"}},{"type":"Feature","geometry":{"type":"Point","coordinates":[25.195,44.662]},"properties":{"id":"territory:Principality of Wallachia:1395:label","name":"Principality of Wallachia","name_en":"Principality of Wallachia","actor":"기타중립","valid_from":1395,"valid_to":1402,"wikidata":"Q171393","area":74679,"src":"cliopatria","confidence":"medium"}},{"type":"Feature","geometry":{"type":"Polygon","coordinates":[[[27.63,45.43],[26.66,45.5],[26.42,45.5],[26.24,45.37],[26.18,45.56],[26.02,45.63],[25.85,45.5],[25.44,45.5],[25.35,45.37],[25.04,45.63],[23.48,45.5],[23.47,45.37],[23.14,45.24],[22.65,45.24],[22.53,44.71],[22.69,44.65],[22.52,44.52],[22.5,44.32],[22.66,44.19],[22.74,44.19],[22.89,44.12],[22.8,43.86],[22.88,43.86],[22.87,43.8],[23.6,43.86],[24.15,43.67],[24.88,43.73],[25.43,43.6],[25.85,43.73],[26.28,44.06],[27.49,44.06],[27.92,44.25],[27.94,44.52],[27.79,44.58],[27.8,44.71],[27.97,44.78],[28.0,45.04],[27.85,45.17],[27.86,45.3],[27.63,45.43]]]},"properties":{"id":"territory:Principality of Wallachia:1314","name":"Principality of Wallachia","name_en":"Principality of Wallachia","actor":"기타중립","valid_from":1314,"valid_to":1326,"wikidata":"Q171393","area":74561,"src":"cliopatria","confidence":"medium"}},{"type":"Feature","geometry":{"type":"Point","coordinates":[25.191,44.664]},"properties":{"id":"territory:Principality of Wallachia:1314:label","name":"Principality of Wallachia","name_en":"Principality of Wallachia","actor":"기타중립","valid_from":1314,"valid_to":1326,"wikidata":"Q171393","area":74561,"src":"cliopatria","confidence":"medium"}},{"type":"Feature","geometry":{"type":"Polygon","coordinates":[[[27.63,45.43],[26.66,45.5],[26.42,45.5],[26.24,45.37],[26.18,45.56],[26.02,45.63],[25.85,45.5],[25.44,45.5],[25.35,45.37],[25.04,45.63],[23.48,45.5],[23.47,45.37],[23.14,45.24],[22.65,45.24],[22.53,44.71],[22.69,44.65],[22.52,44.52],[22.5,44.32],[22.66,44.19],[22.89,44.12],[22.95,43.8],[23.6,43.86],[24.15,43.67],[24.88,43.73],[25.43,43.6],[25.85,43.73],[26.28,44.06],[27.49,44.06],[27.83,44.19],[27.94,44.52],[27.79,44.58],[27.8,44.71],[27.97,44.78],[28.0,45.04],[27.85,45.17],[27.86,45.3],[27.63,45.43]]]},"properties":{"id":"territory:Principality of Wallachia:1326","name":"Principality of Wallachia","name_en":"Principality of Wallachia","actor":"기타중립","valid_from":1326,"valid_to":1333,"wikidata":"Q171393","area":74350,"src":"cliopatria","confidence":"medium"}},{"type":"Feature","geometry":{"type":"Polygon","coordinates":[[[27.63,45.43],[26.66,45.5],[26.42,45.5],[26.24,45.37],[26.18,45.56],[26.02,45.63],[25.85,45.5],[25.44,45.5],[25.35,45.37],[25.04,45.63],[23.48,45.5],[23.47,45.37],[23.14,45.24],[22.65,45.24],[22.53,44.71],[22.69,44.65],[22.52,44.52],[22.5,44.32],[22.66,44.19],[22.89,44.12],[22.95,43.8],[23.6,43.86],[24.15,43.67],[24.88,43.73],[25.43,43.6],[25.85,43.73],[26.28,44.06],[27.49,44.06],[27.83,44.19],[27.94,44.52],[27.79,44.58],[27.8,44.71],[27.97,44.78],[28.0,45.04],[27.85,45.17],[27.86,45.3],[27.63,45.43]]]},"properties":{"id":"territory:Principality of Wallachia:1333","name":"Principality of Wallachia","name_en":"Principality of Wallachia","actor":"기타중립","valid_from":1333,"valid_to":1363,"wikidata":"Q171393","area":74350,"src":"cliopatria","confidence":"medium"}},{"type":"Feature","geometry":{"type":"Point","coordinates":[25.193,44.666]},"properties":{"id":"territory:Principality of Wallachia:1326:label","name":"Principality of Wallachia","name_en":"Principality of Wallachia","actor":"기타중립","valid_from":1326,"valid_to":1333,"wikidata":"Q171393","area":74350,"src":"cliopatria","confidence":"medium"}},{"type":"Feature","geometry":{"type":"Point","coordinates":[25.193,44.666]},"properties":{"id":"territory:Principality of Wallachia:1333:label","name":"Principality of Wallachia","name_en":"Principality of Wallachia","actor":"기타중립","valid_from":1333,"valid_to":1363,"wikidata":"Q171393","area":74350,"src":"cliopatria","confidence":"medium"}},{"type":"Feature","geometry":{"type":"Polygon","coordinates":[[[27.63,45.43],[26.66,45.5],[26.42,45.5],[26.24,45.37],[26.1,45.63],[25.94,45.63],[25.85,45.5],[25.44,45.5],[25.35,45.37],[25.04,45.63],[23.48,45.5],[23.47,45.37],[23.14,45.24],[22.65,45.24],[22.53,44.71],[22.69,44.65],[22.52,44.52],[22.5,44.32],[22.89,44.12],[22.95,43.8],[23.6,43.86],[24.15,43.67],[24.8,43.67],[25.43,43.6],[25.85,43.73],[26.11,43.99],[26.61,44.12],[27.74,44.12],[27.92,44.25],[27.94,44.52],[27.79,44.58],[27.8,44.71],[27.97,44.78],[28.0,45.04],[27.85,45.17],[27.86,45.3],[27.63,45.43]]]},"properties":{"id":"territory:Principality of Wallachia:1363","name":"Principality of Wallachia","name_en":"Principality of Wallachia","actor":"기타중립","valid_from":1363,"valid_to":1395,"wikidata":"Q171393","area":74069,"src":"cliopatria","confidence":"medium"}},{"type":"Feature","geometry":{"type":"Point","coordinates":[25.184,44.666]},"properties":{"id":"territory:Principality of Wallachia:1363:label","name":"Principality of Wallachia","name_en":"Principality of Wallachia","actor":"기타중립","valid_from":1363,"valid_to":1395,"wikidata":"Q171393","area":74069,"src":"cliopatria","confidence":"medium"}},{"type":"Feature","geometry":{"type":"MultiPolygon","coordinates":[[[[55.46,24.52],[55.46,24.46],[54.81,23.94],[53.97,23.69],[51.88,23.69],[51.82,23.88],[51.17,24.07],[51.18,24.2],[50.48,24.78],[50.03,25.68],[49.67,25.87],[49.88,26.45],[49.25,26.97],[49.27,27.09],[49.06,27.29],[48.55,27.48],[48.53,27.99],[48.47,28.12],[48.25,28.19],[48.21,28.51],[48.06,28.51],[48.14,28.64],[47.87,28.89],[47.9,29.15],[47.89,29.09],[47.82,29.09],[47.82,29.12],[47.74,29.09],[47.45,29.22],[47.46,29.28],[47.57,29.6],[48.07,29.99],[48.06,29.92],[48.37,29.92],[48.4,29.6],[47.87,29.54],[47.85,29.41],[48.08,29.41],[48.22,29.28],[48.19,29.09],[48.46,28.77],[48.45,28.7],[48.44,28.57],[48.58,28.51],[48.56,28.32],[48.97,27.93],[48.87,27.67],[49.24,27.61],[49.36,27.29],[50.13,26.77],[50.12,26.58],[50.25,26.45],[50.22,26.13],[50.07,26.07],[50.21,26.0],[50.33,25.62],[50.61,25.42],[50.65,25.1],[50.73,25.1],[50.77,25.55],[50.92,25.62],[50.95,25.94],[51.12,26.13],[51.42,26.13],[51.7,25.87],[51.57,25.36],[51.72,25.29],[51.69,24.97],[51.52,24.78],[51.41,24.33],[51.85,24.26],[51.91,24.01],[52.28,24.01],[52.6,24.26],[53.11,24.14],[54.08,24.14],[54.1,24.33],[54.32,24.26],[54.56,24.46],[54.74,24.84],[55.14,25.1],[55.41,25.55],[55.73,25.74],[55.81,25.74],[56.05,25.23],[56.02,24.84],[55.54,24.59],[55.54,24.52],[55.46,24.52]]],[[[50.65,25.87],[50.43,25.94],[50.46,26.26],[50.69,26.26],[50.67,26.13],[50.67,26.07],[50.65,25.87]]]]},"properties":{"id":"territory:Bahrani Dynasty:1260","name":"Bahrani Dynasty","name_en":"Bahrani Dynasty","actor":"기타중립","valid_from":1260,"valid_to":1440,"wikidata":"Q311341","area":73757,"src":"cliopatria","confidence":"medium"}},{"type":"Feature","geometry":{"type":"Point","coordinates":[51.715,25.656]},"properties":{"id":"territory:Bahrani Dynasty:1260:label","name":"Bahrani Dynasty","name_en":"Bahrani Dynasty","actor":"기타중립","valid_from":1260,"valid_to":1440,"wikidata":"Q311341","area":73757,"src":"cliopatria","confidence":"medium"}},{"type":"Feature","geometry":{"type":"Polygon","coordinates":[[[35.35,38.16],[35.2,38.29],[34.89,38.29],[34.68,38.48],[35.06,39.71],[34.43,39.77],[34.45,39.9],[34.37,39.9],[34.5,40.36],[34.79,40.74],[33.82,40.61],[33.77,40.81],[32.9,40.87],[32.9,40.81],[32.58,40.81],[32.31,40.55],[32.3,40.42],[32.6,40.29],[32.74,40.16],[32.73,40.03],[32.88,39.97],[32.91,39.51],[32.63,39.13],[31.88,38.74],[32.0,38.35],[31.99,38.29],[32.06,38.16],[32.52,38.09],[32.67,37.96],[33.52,37.9],[33.58,37.77],[33.75,37.84],[33.75,37.13],[34.06,37.13],[34.56,37.45],[34.88,37.45],[35.06,37.71],[35.39,37.9],[35.35,38.16]]]},"properties":{"id":"territory:Sultanate of Rum:1305","name":"Sultanate of Rum","name_en":"Sultanate of Rum","actor":"기타중립","valid_from":1305,"valid_to":1314,"wikidata":"Q975405","area":71760,"src":"cliopatria","confidence":"medium"}},{"type":"Feature","geometry":{"type":"Point","coordinates":[33.693,39.041]},"properties":{"id":"territory:Sultanate of Rum:1305:label","name":"Sultanate of Rum","name_en":"Sultanate of Rum","actor":"기타중립","valid_from":1305,"valid_to":1314,"wikidata":"Q975405","area":71760,"src":"cliopatria","confidence":"medium"}},{"type":"Feature","geometry":{"type":"MultiPolygon","coordinates":[[[[22.83,36.87],[22.6,36.87],[22.51,36.67],[22.36,36.67],[22.22,37.06],[22.14,37.06],[22.06,37.06],[21.67,37.0],[21.61,37.38],[21.7,37.51],[21.24,37.84],[21.42,38.16],[21.73,38.16],[21.74,38.42],[21.59,38.42],[21.51,38.42],[21.59,38.55],[21.99,38.67],[21.99,38.61],[22.07,38.61],[22.06,38.42],[22.13,38.42],[22.29,38.35],[22.28,38.22],[22.44,38.29],[22.43,38.16],[22.59,38.16],[22.66,37.96],[23.05,38.03],[23.04,37.77],[23.11,37.64],[23.34,37.64],[23.4,37.32],[23.17,37.32],[23.1,37.51],[22.87,37.58],[22.79,37.58],[22.71,37.58],[22.71,37.51],[22.71,37.45],[22.7,37.32],[23.0,37.0],[23.06,36.67],[22.83,36.87]]],[[[24.2,37.64],[24.28,37.71],[24.36,37.71],[24.43,37.58],[24.27,37.51],[24.2,37.64]]],[[[24.36,38.87],[24.36,39.0],[24.44,39.0],[24.67,38.93],[24.66,38.74],[24.36,38.87]]],[[[20.74,38.8],[20.75,38.93],[20.83,38.93],[20.91,39.0],[20.9,38.8],[20.74,38.8]]],[[[22.57,40.48],[22.41,40.55],[22.5,40.74],[23.14,40.81],[23.13,40.61],[23.21,40.61],[23.2,40.42],[23.12,40.42],[23.04,40.42],[22.88,40.48],[22.89,40.61],[22.57,40.55],[22.57,40.48]]],[[[24.55,40.55],[24.49,40.81],[24.57,40.81],[24.81,40.81],[24.79,40.61],[24.55,40.55]]],[[[25.33,37.0],[25.34,37.13],[25.42,37.13],[25.57,37.13],[25.56,37.0],[25.33,37.0]]],[[[24.68,37.84],[24.69,38.03],[24.77,38.03],[25.07,37.77],[24.83,37.71],[24.68,37.84]]],[[[24.97,39.84],[25.07,40.03],[25.15,40.03],[25.46,40.03],[25.45,39.84],[24.97,39.84]]],[[[25.7,40.1],[25.72,40.29],[25.8,40.29],[26.04,40.29],[26.02,40.16],[25.7,40.1]]],[[[26.22,40.61],[26.14,40.61],[26.15,40.68],[26.22,40.68],[26.22,40.61]]],[[[41.26,41.07],[41.25,41.0],[41.17,41.0],[41.18,41.07],[41.26,41.07]]],[[[41.35,41.13],[41.34,41.07],[41.26,41.07],[41.27,41.13],[41.35,41.13]]],[[[26.7,40.68],[26.22,40.68],[26.16,40.87],[25.85,40.94],[24.43,41.0],[24.35,41.0],[23.65,41.33],[23.26,41.39],[22.89,41.78],[22.83,42.04],[24.49,41.91],[24.8,41.72],[25.19,41.65],[26.23,41.72],[26.57,41.98],[27.06,42.11],[27.38,42.11],[27.45,41.98],[27.93,41.98],[27.92,41.91],[28.0,41.91],[28.05,41.59],[28.22,41.65],[28.35,41.39],[28.98,41.26],[29.04,41.07],[28.63,41.0],[28.17,41.13],[28.08,41.0],[27.53,41.07],[27.44,40.94],[27.36,40.94],[26.87,40.81],[26.78,40.68],[26.7,40.68]]]]},"properties":{"id":"territory:Byzantine Empire:1363","name":"비잔티움 제국","name_en":"Byzantine Empire","actor":"로마","valid_from":1363,"valid_to":1375,"wikidata":"Q112039853","area":70196,"src":"cliopatria","confidence":"medium"}},{"type":"Feature","geometry":{"type":"Point","coordinates":[25.959,41.426]},"properties":{"id":"territory:Byzantine Empire:1363:label","name":"비잔티움 제국","name_en":"Byzantine Empire","actor":"로마","valid_from":1363,"valid_to":1375,"wikidata":"Q112039853","area":70196,"src":"cliopatria","confidence":"medium"}},{"type":"Feature","geometry":{"type":"MultiPolygon","coordinates":[[[[5.08,47.73],[5.25,47.6],[5.5,47.6],[5.82,47.73],[5.82,47.86],[6.14,47.99],[6.89,47.93],[6.98,47.53],[6.99,47.47],[6.99,47.4],[6.99,47.33],[6.99,47.27],[6.91,47.27],[6.91,47.2],[6.83,47.2],[6.83,47.14],[6.1,46.61],[6.11,46.48],[5.95,46.35],[5.87,46.35],[5.87,46.28],[5.3,46.28],[4.97,46.28],[4.9,45.96],[4.4,46.09],[4.33,45.96],[4.08,45.96],[4.07,46.15],[3.73,46.55],[3.07,46.61],[2.9,46.81],[2.7,47.33],[2.37,47.47],[2.43,47.86],[2.76,47.8],[3.25,47.99],[3.75,47.8],[3.91,47.93],[4.17,47.66],[4.34,47.66],[4.58,47.86],[4.57,47.99],[4.82,47.99],[5.08,47.8],[5.08,47.73]]],[[[4.33,49.85],[4.49,49.91],[4.58,49.91],[4.67,49.58],[4.18,49.52],[4.17,49.65],[4.25,49.65],[4.33,49.85]]],[[[3.73,50.18],[3.73,50.11],[2.55,50.11],[1.78,50.38],[1.6,50.58],[1.69,50.58],[1.68,50.65],[1.77,50.65],[1.76,50.71],[1.85,50.71],[1.84,50.78],[2.09,50.85],[2.07,51.11],[2.16,51.11],[2.99,51.31],[3.16,51.45],[4.0,51.45],[4.09,51.45],[4.26,51.31],[4.27,51.18],[4.11,51.05],[4.03,50.78],[3.54,50.58],[3.54,50.51],[3.54,50.45],[3.55,50.38],[3.63,50.38],[3.64,50.31],[3.64,50.25],[3.64,50.18],[3.73,50.18]]]]},"properties":{"id":"territory:Duchy of Burgundy:1395","name":"Duchy of Burgundy","name_en":"Duchy of Burgundy","actor":"게르만","valid_from":1395,"valid_to":1402,"wikidata":"Q4712","area":69987,"src":"cliopatria","confidence":"medium"}},{"type":"Feature","geometry":{"type":"Point","coordinates":[4.732,47.126]},"properties":{"id":"territory:Duchy of Burgundy:1395:label","name":"Duchy of Burgundy","name_en":"Duchy of Burgundy","actor":"게르만","valid_from":1395,"valid_to":1402,"wikidata":"Q4712","area":69987,"src":"cliopatria","confidence":"medium"}},{"type":"Feature","geometry":{"type":"MultiPolygon","coordinates":[[[[20.15,39.58],[20.07,39.58],[20.07,39.64],[20.15,39.64],[20.15,39.58]]],[[[19.76,39.64],[19.76,39.77],[19.92,39.77],[19.92,39.71],[19.91,39.58],[19.76,39.64]]],[[[20.15,39.71],[19.92,39.71],[20.01,39.9],[20.01,39.97],[19.93,39.97],[19.63,40.29],[19.47,40.29],[19.49,40.61],[19.25,40.61],[19.25,40.74],[19.5,40.87],[19.43,41.07],[19.68,41.26],[19.68,41.39],[19.45,41.52],[19.45,41.59],[19.77,41.59],[19.79,41.91],[19.87,41.91],[19.87,41.98],[20.11,42.04],[20.27,41.91],[20.26,41.85],[20.34,41.85],[20.42,41.85],[20.42,41.78],[20.5,41.78],[20.58,41.78],[20.84,42.11],[21.46,41.85],[21.47,42.04],[21.32,42.11],[21.32,42.24],[21.57,42.3],[21.58,42.5],[22.09,42.95],[22.57,43.02],[22.66,43.15],[22.82,43.08],[22.95,42.63],[23.18,42.5],[23.17,42.3],[23.55,42.11],[22.83,42.04],[22.82,41.91],[22.9,41.91],[22.89,41.85],[23.04,41.59],[23.42,41.33],[22.21,41.13],[22.12,40.94],[21.88,40.94],[21.87,40.81],[21.08,40.74],[21.21,40.36],[21.72,39.51],[21.4,39.32],[20.69,39.32],[20.68,39.26],[20.45,39.26],[20.3,39.38],[20.15,39.71]]]]},"properties":{"id":"territory:Albanian Principalities:1375","name":"Albanian Principalities","name_en":"Albanian Principalities","actor":"기타중립","valid_from":1375,"valid_to":1385,"wikidata":"Q2658979","area":69573,"src":"cliopatria","confidence":"medium"}},{"type":"Feature","geometry":{"type":"Point","coordinates":[21.239,41.193]},"properties":{"id":"territory:Albanian Principalities:1375:label","name":"Albanian Principalities","name_en":"Albanian Principalities","actor":"기타중립","valid_from":1375,"valid_to":1385,"wikidata":"Q2658979","area":69573,"src":"cliopatria","confidence":"medium"}},{"type":"Feature","geometry":{"type":"Polygon","coordinates":[[[15.72,41.91],[16.12,41.91],[16.11,41.78],[15.87,41.72],[15.94,41.39],[17.2,41.0],[17.51,40.74],[17.98,40.61],[18.44,40.16],[18.35,39.9],[18.11,39.9],[17.81,40.36],[17.42,40.36],[17.35,40.55],[17.03,40.55],[16.87,40.48],[16.95,40.42],[16.86,40.29],[16.62,40.29],[16.7,40.1],[16.46,39.97],[16.45,39.64],[16.92,39.51],[17.07,39.38],[17.14,39.06],[16.5,38.8],[16.49,38.42],[15.93,37.96],[15.7,37.96],[15.63,38.29],[15.94,38.35],[15.95,38.67],[16.27,38.74],[16.27,38.93],[16.12,39.06],[15.9,39.77],[15.67,39.9],[15.75,40.03],[15.43,40.03],[15.2,40.23],[15.04,40.23],[14.89,40.68],[14.42,40.68],[14.42,40.87],[14.1,40.87],[13.95,41.13],[13.79,41.13],[13.79,41.2],[14.04,41.52],[13.96,41.72],[13.8,41.85],[13.41,41.85],[13.33,41.98],[13.01,42.04],[12.86,42.5],[13.1,42.69],[13.34,42.69],[13.58,42.89],[13.91,42.95],[13.99,42.95],[13.9,42.76],[14.37,42.24],[14.53,42.24],[14.61,42.11],[14.77,42.17],[14.77,42.04],[14.92,41.98],[15.17,42.04],[15.24,41.91],[15.64,41.91],[15.72,41.91]]]},"properties":{"id":"territory:Kingdom of Naples:1285","name":"Kingdom of Naples","name_en":"Kingdom of Naples","actor":"기타중립","valid_from":1285,"valid_to":1450,"wikidata":"Q173065","area":68688,"src":"cliopatria","confidence":"medium"}},{"type":"Feature","geometry":{"type":"Point","coordinates":[15.503,40.835]},"properties":{"id":"territory:Kingdom of Naples:1285:label","name":"Kingdom of Naples","name_en":"Kingdom of Naples","actor":"기타중립","valid_from":1285,"valid_to":1450,"wikidata":"Q173065","area":68688,"src":"cliopatria","confidence":"medium"}},{"type":"Feature","geometry":{"type":"MultiPolygon","coordinates":[[[[5.08,47.73],[5.25,47.6],[5.5,47.6],[5.82,47.73],[5.82,47.86],[6.14,47.99],[6.89,47.93],[6.98,47.53],[6.99,47.27],[6.83,47.2],[6.83,47.07],[6.67,47.07],[6.34,46.81],[5.95,46.35],[5.87,46.35],[5.87,46.28],[5.3,46.28],[4.97,46.28],[4.9,45.96],[4.4,46.09],[4.05,46.68],[3.8,46.68],[3.73,46.55],[3.07,46.61],[2.9,46.81],[2.7,47.33],[2.37,47.47],[2.43,47.86],[2.76,47.8],[3.25,47.99],[3.75,47.8],[3.91,47.93],[4.17,47.66],[4.34,47.66],[4.58,47.86],[4.57,47.99],[4.82,47.99],[5.08,47.8],[5.08,47.73]]],[[[4.33,49.85],[4.49,49.91],[4.58,49.91],[4.67,49.58],[4.18,49.52],[4.17,49.65],[4.25,49.65],[4.33,49.85]]],[[[3.73,50.11],[2.55,50.11],[1.78,50.38],[1.6,50.58],[1.69,50.58],[1.68,50.65],[1.77,50.65],[1.76,50.71],[1.85,50.71],[1.84,50.78],[2.09,50.85],[2.07,51.11],[2.16,51.11],[2.99,51.31],[3.16,51.45],[4.0,51.45],[4.09,51.45],[4.26,51.31],[4.27,51.18],[4.11,51.05],[4.03,50.78],[3.54,50.58],[3.54,50.51],[3.54,50.45],[3.55,50.38],[3.63,50.38],[3.64,50.31],[3.64,50.25],[3.64,50.18],[3.73,50.18],[3.73,50.11]]]]},"properties":{"id":"territory:Duchy of Burgundy:1385","name":"Duchy of Burgundy","name_en":"Duchy of Burgundy","actor":"게르만","valid_from":1385,"valid_to":1395,"wikidata":"Q4712","area":67895,"src":"cliopatria","confidence":"medium"}},{"type":"Feature","geometry":{"type":"Point","coordinates":[4.757,47.159]},"properties":{"id":"territory:Duchy of Burgundy:1385:label","name":"Duchy of Burgundy","name_en":"Duchy of Burgundy","actor":"게르만","valid_from":1385,"valid_to":1395,"wikidata":"Q4712","area":67895,"src":"cliopatria","confidence":"medium"}},{"type":"Feature","geometry":{"type":"MultiPolygon","coordinates":[[[[11.75,54.68],[11.23,54.68],[10.88,54.75],[10.88,54.95],[11.32,55.02],[11.41,54.89],[11.67,54.82],[11.75,54.82],[11.75,54.68]]],[[[10.54,54.75],[10.54,55.02],[10.8,55.16],[10.89,55.16],[10.8,54.82],[10.54,54.75]]],[[[14.64,55.09],[14.64,55.29],[14.99,55.23],[15.08,55.23],[15.07,55.02],[14.64,55.09]]],[[[10.97,55.29],[11.06,55.57],[10.89,55.63],[10.89,55.77],[11.24,55.84],[11.33,56.05],[11.6,56.05],[11.77,55.84],[11.86,56.11],[12.56,56.11],[12.56,55.7],[12.2,55.57],[12.38,55.43],[12.37,55.23],[12.2,55.23],[12.11,55.02],[11.84,55.02],[11.76,54.89],[11.67,54.89],[11.67,55.09],[11.58,55.09],[11.5,55.23],[10.97,55.29]]],[[[10.45,55.98],[10.63,55.98],[10.63,55.77],[10.54,55.77],[10.36,55.77],[10.45,55.98]]],[[[10.28,56.25],[10.28,55.98],[10.01,55.91],[9.93,55.7],[9.75,55.7],[9.66,55.23],[9.49,55.16],[10.01,55.02],[9.93,54.55],[10.19,54.55],[10.19,54.48],[9.93,54.27],[9.15,54.21],[8.89,54.34],[8.8,54.21],[8.72,54.21],[8.54,54.27],[8.54,54.41],[8.8,54.48],[8.8,54.61],[8.53,54.82],[8.44,55.23],[8.53,55.23],[8.53,55.36],[8.35,55.5],[8.09,55.5],[8.09,55.63],[8.0,55.63],[8.08,56.11],[7.99,56.11],[7.98,56.66],[8.24,56.73],[8.15,56.87],[8.24,56.87],[8.24,57.01],[8.5,57.21],[9.39,57.21],[9.66,57.42],[9.66,57.56],[9.83,57.56],[9.92,57.7],[10.46,57.77],[10.55,57.28],[10.28,57.08],[10.28,56.59],[10.9,56.52],[10.81,56.18],[10.54,56.18],[10.54,56.11],[10.36,56.11],[10.37,56.25],[10.28,56.25]]],[[[27.37,59.16],[27.11,59.22],[26.54,59.02],[26.42,58.88],[26.15,58.88],[26.14,59.36],[25.95,59.36],[25.73,59.09],[25.18,59.02],[24.97,58.81],[24.59,58.67],[24.5,58.67],[24.41,58.67],[24.52,58.81],[24.36,58.95],[24.09,58.95],[24.11,59.09],[23.92,59.02],[23.84,59.16],[23.5,59.29],[23.96,59.36],[24.16,59.5],[25.35,59.57],[25.37,59.71],[25.55,59.71],[25.54,59.64],[26.45,59.64],[26.79,59.5],[28.06,59.5],[28.03,59.29],[27.73,59.16],[27.64,59.16],[27.55,59.16],[27.46,59.16],[27.37,59.16]]]]},"properties":{"id":"territory:Kingdom of Denmark:1344","name":"Kingdom of Denmark","name_en":"Kingdom of Denmark","actor":"기타중립","valid_from":1344,"valid_to":1352,"wikidata":"Q756617","area":66496,"src":"cliopatria","confidence":"medium"}},{"type":"Feature","geometry":{"type":"Point","coordinates":[9.292,56.022]},"properties":{"id":"territory:Kingdom of Denmark:1344:label","name":"Kingdom of Denmark","name_en":"Kingdom of Denmark","actor":"기타중립","valid_from":1344,"valid_to":1352,"wikidata":"Q756617","area":66496,"src":"cliopatria","confidence":"medium"}},{"type":"Feature","geometry":{"type":"MultiPolygon","coordinates":[[[[8.64,47.27],[8.06,47.14],[8.06,47.2],[8.06,47.27],[8.14,47.27],[8.14,47.33],[8.64,47.33],[8.64,47.27]]],[[[16.3,47.53],[16.14,47.53],[16.03,46.81],[15.86,46.68],[16.02,46.35],[15.6,46.22],[15.68,45.96],[15.51,45.89],[15.11,45.89],[15.11,46.09],[14.62,46.28],[14.63,46.41],[14.96,46.41],[15.12,46.61],[15.13,46.81],[14.89,47.07],[14.56,47.01],[13.99,47.14],[13.9,47.01],[13.65,47.01],[13.74,47.2],[13.41,47.27],[13.42,47.66],[13.18,47.93],[13.18,48.06],[13.85,48.46],[13.93,48.46],[13.93,48.52],[14.01,48.52],[14.02,48.59],[14.1,48.59],[14.1,48.65],[14.6,48.59],[14.85,48.72],[14.94,48.99],[15.69,48.92],[16.18,48.72],[16.93,48.72],[16.83,48.32],[16.99,48.19],[16.99,48.13],[16.32,47.86],[16.3,47.53]]],[[[7.99,46.61],[7.83,46.61],[7.81,47.2],[7.9,47.27],[7.56,47.47],[7.89,47.66],[7.8,47.8],[7.64,47.8],[7.63,48.26],[7.71,48.32],[7.79,48.32],[7.8,48.13],[7.96,48.26],[8.21,48.26],[8.21,48.13],[8.13,48.13],[8.22,47.66],[8.05,47.6],[8.14,47.4],[7.98,47.27],[7.98,46.94],[8.15,46.87],[8.23,46.87],[7.99,46.81],[7.99,46.61]]],[[[7.4,47.47],[6.98,47.53],[6.89,47.93],[7.14,47.93],[7.3,48.06],[7.38,48.06],[7.55,47.93],[7.56,47.6],[7.4,47.47]]],[[[10.2,48.26],[10.53,48.26],[10.53,48.19],[10.36,47.99],[10.12,48.06],[10.2,48.26]]],[[[9.2,48.39],[9.28,48.39],[9.37,48.39],[9.37,48.26],[9.2,48.26],[9.2,48.39]]],[[[9.78,48.32],[9.45,48.19],[9.45,48.46],[9.95,48.46],[9.95,48.39],[10.03,48.39],[10.03,48.26],[9.78,48.32]]],[[[10.11,48.46],[10.2,48.46],[10.28,48.32],[10.11,48.32],[10.11,48.46]]]]},"properties":{"id":"territory:House of Habsburg:1326","name":"합스부르크가","name_en":"House of Habsburg","actor":"기타중립","valid_from":1326,"valid_to":1333,"wikidata":"Q65968","area":60887,"src":"cliopatria","confidence":"medium"}},{"type":"Feature","geometry":{"type":"Point","coordinates":[15.116,47.715]},"properties":{"id":"territory:House of Habsburg:1326:label","name":"합스부르크가","name_en":"House of Habsburg","actor":"기타중립","valid_from":1326,"valid_to":1333,"wikidata":"Q65968","area":60887,"src":"cliopatria","confidence":"medium"}},{"type":"Feature","geometry":{"type":"MultiPolygon","coordinates":[[[[8.64,47.27],[8.06,47.14],[8.06,47.2],[8.06,47.27],[8.14,47.27],[8.14,47.33],[8.64,47.33],[8.64,47.27]]],[[[16.14,47.53],[16.03,46.81],[15.86,46.68],[16.02,46.35],[15.6,46.22],[15.68,45.96],[15.51,45.89],[15.11,45.89],[15.11,46.09],[14.62,46.28],[14.63,46.41],[14.96,46.41],[15.12,46.61],[15.13,46.81],[14.89,47.07],[14.56,47.01],[13.99,47.14],[13.9,47.01],[13.65,47.01],[13.74,47.2],[13.41,47.27],[13.42,47.66],[13.18,47.93],[13.18,48.06],[13.85,48.46],[13.93,48.46],[13.93,48.52],[14.01,48.52],[14.02,48.59],[14.1,48.59],[14.1,48.65],[14.6,48.59],[14.85,48.72],[14.94,48.99],[15.69,48.92],[16.18,48.72],[16.93,48.72],[16.83,48.32],[16.99,48.19],[16.99,48.13],[16.32,47.86],[16.3,47.53],[16.14,47.53]]],[[[7.99,46.61],[7.83,46.61],[7.81,47.2],[7.9,47.27],[7.56,47.47],[7.89,47.66],[7.8,47.8],[7.64,47.8],[7.63,48.26],[7.71,48.32],[7.79,48.32],[7.8,48.13],[7.96,48.26],[8.21,48.26],[8.21,48.13],[8.13,48.13],[8.22,47.66],[8.05,47.6],[8.14,47.4],[7.98,47.27],[7.98,46.94],[8.15,46.87],[8.23,46.87],[7.99,46.81],[7.99,46.61]]],[[[6.9,47.6],[6.89,47.93],[7.38,48.06],[7.47,48.06],[7.56,47.6],[7.4,47.47],[6.9,47.6]]],[[[10.2,48.26],[10.53,48.26],[10.53,48.19],[10.36,47.99],[10.12,48.06],[10.2,48.26]]],[[[9.37,48.39],[9.37,48.32],[9.2,48.26],[9.2,48.39],[9.37,48.39]]],[[[9.45,48.19],[9.45,48.46],[9.95,48.39],[10.03,48.39],[10.03,48.26],[9.78,48.32],[9.45,48.19]]],[[[10.11,48.46],[10.2,48.46],[10.2,48.39],[10.28,48.32],[10.11,48.32],[10.11,48.46]]]]},"properties":{"id":"territory:House of Habsburg:1314","name":"합스부르크가","name_en":"House of Habsburg","actor":"기타중립","valid_from":1314,"valid_to":1326,"wikidata":"Q65968","area":60728,"src":"cliopatria","confidence":"medium"}},{"type":"Feature","geometry":{"type":"Point","coordinates":[15.116,47.715]},"properties":{"id":"territory:House of Habsburg:1314:label","name":"합스부르크가","name_en":"House of Habsburg","actor":"기타중립","valid_from":1314,"valid_to":1326,"wikidata":"Q65968","area":60728,"src":"cliopatria","confidence":"medium"}},{"type":"Feature","geometry":{"type":"MultiPolygon","coordinates":[[[[8.64,47.27],[8.06,47.14],[8.06,47.2],[8.06,47.27],[8.14,47.27],[8.14,47.33],[8.64,47.33],[8.64,47.27]]],[[[16.3,47.53],[16.14,47.53],[16.04,46.94],[15.86,46.68],[16.02,46.35],[15.6,46.22],[15.68,45.96],[15.51,45.89],[15.11,45.89],[15.11,46.09],[14.62,46.28],[14.63,46.41],[14.96,46.41],[15.12,46.61],[15.13,46.81],[14.89,47.07],[14.56,47.01],[13.99,47.14],[13.9,47.01],[13.65,47.01],[13.74,47.2],[13.41,47.27],[13.42,47.66],[13.18,47.93],[13.18,48.06],[13.85,48.46],[13.93,48.46],[13.93,48.52],[14.01,48.52],[14.02,48.59],[14.1,48.59],[14.1,48.65],[14.6,48.59],[14.85,48.72],[14.94,48.99],[15.69,48.92],[16.18,48.72],[16.84,48.72],[16.93,48.65],[16.83,48.32],[16.99,48.19],[16.99,48.13],[16.32,47.86],[16.3,47.53]]],[[[7.99,46.61],[7.83,46.61],[7.81,47.2],[7.9,47.27],[7.56,47.47],[7.89,47.66],[7.8,47.8],[7.64,47.8],[7.63,48.26],[7.71,48.32],[7.79,48.32],[7.8,48.13],[7.96,48.26],[8.21,48.26],[8.21,48.13],[8.13,48.13],[8.22,47.66],[8.05,47.6],[8.14,47.4],[7.98,47.27],[7.98,46.94],[8.15,46.87],[8.23,46.87],[7.99,46.81],[7.99,46.61]]],[[[6.9,47.6],[6.89,47.93],[7.38,48.06],[7.47,48.06],[7.56,47.6],[7.4,47.47],[6.9,47.6]]],[[[10.2,48.26],[10.53,48.26],[10.53,48.19],[10.36,47.99],[10.12,48.06],[10.2,48.26]]],[[[9.37,48.39],[9.37,48.32],[9.2,48.26],[9.2,48.39],[9.37,48.39]]],[[[9.45,48.19],[9.45,48.46],[9.95,48.39],[10.03,48.39],[10.03,48.26],[9.78,48.32],[9.45,48.19]]],[[[10.11,48.46],[10.2,48.46],[10.2,48.39],[10.28,48.32],[10.11,48.32],[10.11,48.46]]]]},"properties":{"id":"territory:House of Habsburg:1305","name":"합스부르크가","name_en":"House of Habsburg","actor":"기타중립","valid_from":1305,"valid_to":1314,"wikidata":"Q65968","area":60591,"src":"cliopatria","confidence":"medium"}},{"type":"Feature","geometry":{"type":"Point","coordinates":[15.114,47.717]},"properties":{"id":"territory:House of Habsburg:1305:label","name":"합스부르크가","name_en":"House of Habsburg","actor":"기타중립","valid_from":1305,"valid_to":1314,"wikidata":"Q65968","area":60591,"src":"cliopatria","confidence":"medium"}},{"type":"Feature","geometry":{"type":"MultiPolygon","coordinates":[[[[8.23,46.81],[7.99,46.81],[7.99,46.61],[7.83,46.61],[7.82,46.94],[7.9,46.94],[7.98,46.94],[8.15,46.94],[8.23,46.81]]],[[[8.39,47.4],[8.55,47.4],[8.64,47.27],[8.55,47.27],[8.39,47.2],[8.39,47.4]]],[[[16.3,47.53],[16.14,47.53],[16.03,46.81],[15.86,46.68],[16.02,46.35],[15.6,46.22],[15.68,45.96],[15.51,45.89],[15.11,45.89],[15.11,46.09],[14.62,46.28],[14.63,46.41],[14.96,46.41],[15.12,46.61],[15.13,46.81],[14.89,47.07],[14.56,47.01],[13.99,47.14],[13.9,47.01],[13.65,47.01],[13.74,47.2],[13.41,47.27],[13.42,47.66],[13.18,47.93],[13.18,48.06],[13.85,48.46],[13.93,48.46],[13.93,48.52],[14.01,48.52],[14.02,48.59],[14.1,48.59],[14.1,48.65],[14.6,48.59],[14.85,48.72],[14.94,48.99],[15.69,48.92],[16.18,48.72],[16.93,48.72],[16.83,48.32],[16.99,48.19],[16.99,48.13],[16.32,47.86],[16.3,47.53]]],[[[7.55,47.93],[7.56,47.6],[7.4,47.47],[6.98,47.53],[6.89,47.93],[7.14,47.93],[7.22,48.06],[7.47,48.06],[7.55,47.93]]],[[[7.64,47.8],[7.63,48.26],[7.79,48.32],[7.8,48.13],[7.88,48.13],[7.96,48.26],[8.21,48.26],[8.21,48.13],[8.13,48.13],[8.22,47.66],[8.05,47.6],[8.14,47.4],[7.73,47.33],[7.56,47.47],[7.64,47.53],[7.73,47.53],[7.89,47.73],[7.64,47.8]]],[[[10.2,48.26],[10.53,48.26],[10.53,48.19],[10.36,47.99],[10.12,48.06],[10.2,48.26]]],[[[9.2,48.39],[9.28,48.39],[9.37,48.39],[9.37,48.26],[9.2,48.26],[9.2,48.39]]],[[[9.45,48.19],[9.45,48.46],[9.95,48.46],[9.95,48.39],[10.03,48.39],[10.03,48.26],[9.78,48.32],[9.45,48.19]]],[[[10.2,48.46],[10.28,48.32],[10.11,48.32],[10.11,48.46],[10.2,48.46]]]]},"properties":{"id":"territory:House of Habsburg:1333","name":"합스부르크가","name_en":"House of Habsburg","actor":"기타중립","valid_from":1333,"valid_to":1344,"wikidata":"Q65968","area":60157,"src":"cliopatria","confidence":"medium"}},{"type":"Feature","geometry":{"type":"Point","coordinates":[15.116,47.715]},"properties":{"id":"territory:House of Habsburg:1333:label","name":"합스부르크가","name_en":"House of Habsburg","actor":"기타중립","valid_from":1333,"valid_to":1344,"wikidata":"Q65968","area":60157,"src":"cliopatria","confidence":"medium"}},{"type":"Feature","geometry":{"type":"MultiPolygon","coordinates":[[[[8.64,47.33],[8.64,47.27],[8.06,47.14],[8.06,47.2],[8.06,47.27],[8.14,47.27],[8.14,47.33],[8.64,47.33]]],[[[16.3,47.53],[16.14,47.53],[16.03,46.81],[15.86,46.68],[16.02,46.35],[15.6,46.22],[15.68,45.96],[15.51,45.89],[15.11,45.89],[15.11,46.09],[14.62,46.28],[14.63,46.41],[14.96,46.41],[15.12,46.61],[15.13,46.81],[14.89,47.07],[14.56,47.01],[13.99,47.14],[13.9,47.01],[13.65,47.01],[13.74,47.2],[13.41,47.27],[13.42,47.66],[13.18,47.93],[13.18,48.06],[13.26,48.06],[13.26,48.13],[13.34,48.13],[13.85,48.46],[13.93,48.46],[13.93,48.52],[14.01,48.52],[14.1,48.52],[14.1,48.59],[14.77,48.65],[14.94,48.99],[15.69,48.92],[16.18,48.72],[16.93,48.72],[16.83,48.32],[16.99,48.19],[16.99,48.13],[16.32,47.86],[16.3,47.53]]],[[[7.99,46.81],[7.99,46.61],[7.83,46.61],[7.81,47.2],[7.9,47.27],[7.56,47.47],[7.89,47.66],[7.8,47.8],[7.64,47.8],[7.63,48.26],[7.71,48.32],[7.79,48.32],[7.8,48.13],[7.96,48.26],[8.21,48.26],[8.21,48.13],[8.13,48.13],[8.22,47.66],[8.05,47.6],[8.14,47.4],[7.98,47.27],[7.98,46.94],[8.15,46.87],[8.23,46.87],[7.99,46.81]]],[[[7.4,47.47],[6.9,47.6],[6.89,47.93],[7.38,48.06],[7.47,48.06],[7.56,47.6],[7.4,47.47]]]]},"properties":{"id":"territory:House of Habsburg:1294","name":"합스부르크가","name_en":"House of Habsburg","actor":"기타중립","valid_from":1294,"valid_to":1305,"wikidata":"Q65968","area":59057,"src":"cliopatria","confidence":"medium"}},{"type":"Feature","geometry":{"type":"Point","coordinates":[15.119,47.714]},"properties":{"id":"territory:House of Habsburg:1294:label","name":"합스부르크가","name_en":"House of Habsburg","actor":"기타중립","valid_from":1294,"valid_to":1305,"wikidata":"Q65968","area":59057,"src":"cliopatria","confidence":"medium"}},{"type":"Feature","geometry":{"type":"MultiPolygon","coordinates":[[[[19.91,39.58],[19.76,39.64],[19.76,39.77],[19.92,39.77],[19.92,39.71],[19.91,39.58]]],[[[20.01,39.97],[19.93,39.97],[19.63,40.29],[19.47,40.29],[19.49,40.61],[19.25,40.61],[19.25,40.74],[19.5,40.87],[19.43,41.07],[19.53,41.52],[19.45,41.52],[19.45,41.59],[19.77,41.59],[19.79,41.91],[19.95,42.04],[20.27,41.91],[20.26,41.85],[20.34,41.85],[20.42,41.85],[20.42,41.78],[20.5,41.78],[20.58,41.78],[20.84,42.11],[21.46,41.85],[21.47,42.04],[21.32,42.11],[21.32,42.24],[21.57,42.3],[21.58,42.5],[22.09,42.95],[22.57,43.02],[22.66,43.15],[22.82,43.08],[22.95,42.63],[23.18,42.5],[23.17,42.3],[23.48,42.17],[23.47,42.04],[22.83,42.04],[22.89,41.78],[22.97,41.78],[23.04,41.59],[23.42,41.33],[22.21,41.13],[22.12,40.94],[21.88,40.94],[21.87,40.81],[21.39,40.74],[21.32,40.74],[21.24,40.74],[21.16,40.74],[21.08,40.74],[21.21,40.36],[21.14,40.36],[21.06,40.36],[20.98,40.36],[20.97,40.29],[20.89,40.29],[20.82,40.29],[20.01,39.97]]]]},"properties":{"id":"territory:Albanian Principalities:1385","name":"Albanian Principalities","name_en":"Albanian Principalities","actor":"기타중립","valid_from":1385,"valid_to":1395,"wikidata":"Q2658979","area":58212,"src":"cliopatria","confidence":"medium"}},{"type":"Feature","geometry":{"type":"Point","coordinates":[21.312,41.485]},"properties":{"id":"territory:Albanian Principalities:1385:label","name":"Albanian Principalities","name_en":"Albanian Principalities","actor":"기타중립","valid_from":1385,"valid_to":1395,"wikidata":"Q2658979","area":58212,"src":"cliopatria","confidence":"medium"}},{"type":"Feature","geometry":{"type":"MultiPolygon","coordinates":[[[[15.07,55.02],[14.64,55.09],[14.64,55.29],[14.99,55.23],[15.08,55.23],[15.07,55.02]]],[[[10.88,54.75],[10.97,55.02],[11.67,54.89],[11.67,55.09],[11.5,55.23],[10.97,55.29],[11.06,55.57],[10.89,55.63],[10.89,55.77],[11.24,55.84],[11.33,56.05],[11.6,56.05],[11.77,55.84],[11.86,56.11],[12.48,56.18],[12.56,56.11],[12.56,55.7],[12.2,55.57],[12.38,55.43],[12.37,55.23],[12.11,55.16],[12.1,54.75],[11.67,54.68],[11.58,54.68],[10.88,54.75]]],[[[10.36,55.77],[10.45,55.98],[10.63,55.98],[10.63,55.77],[10.54,55.77],[10.36,55.77]]],[[[10.37,56.25],[10.28,56.25],[10.28,55.98],[10.01,55.91],[9.93,55.7],[9.75,55.7],[9.75,55.57],[10.63,55.63],[10.63,55.5],[10.8,55.43],[10.88,54.95],[10.71,54.75],[10.54,54.75],[10.54,55.02],[9.93,55.09],[10.01,55.02],[9.93,54.55],[10.19,54.55],[10.19,54.48],[9.93,54.27],[9.15,54.21],[8.89,54.34],[8.8,54.21],[8.72,54.21],[8.54,54.27],[8.54,54.41],[8.8,54.48],[8.8,54.61],[8.53,54.82],[8.44,55.23],[8.53,55.23],[8.53,55.36],[8.35,55.5],[8.09,55.5],[8.09,55.63],[8.0,55.63],[8.08,56.11],[7.99,56.11],[7.98,56.66],[8.24,56.73],[8.15,56.87],[8.24,56.87],[8.24,57.01],[8.5,57.21],[9.39,57.21],[9.66,57.42],[9.66,57.56],[9.83,57.56],[9.92,57.7],[10.46,57.77],[10.55,57.28],[10.28,57.08],[10.28,56.59],[10.9,56.52],[10.81,56.18],[10.54,56.18],[10.54,56.11],[10.36,56.11],[10.37,56.25]]]]},"properties":{"id":"territory:Kingdom of Denmark:1352","name":"Kingdom of Denmark","name_en":"Kingdom of Denmark","actor":"기타중립","valid_from":1352,"valid_to":1363,"wikidata":"Q756617","area":57754,"src":"cliopatria","confidence":"medium"}},{"type":"Feature","geometry":{"type":"Point","coordinates":[9.397,55.942]},"properties":{"id":"territory:Kingdom of Denmark:1352:label","name":"Kingdom of Denmark","name_en":"Kingdom of Denmark","actor":"기타중립","valid_from":1352,"valid_to":1363,"wikidata":"Q756617","area":57754,"src":"cliopatria","confidence":"medium"}},{"type":"Feature","geometry":{"type":"Polygon","coordinates":[[[31.03,37.19],[31.41,37.06],[31.96,37.13],[31.77,36.74],[31.69,36.74],[31.09,36.93],[30.62,36.93],[30.49,36.35],[30.03,36.35],[29.94,36.22],[29.24,36.22],[29.12,36.74],[28.74,36.74],[28.51,36.87],[28.43,36.87],[28.63,37.38],[28.71,37.45],[28.68,37.96],[28.38,38.09],[28.64,38.48],[30.15,38.67],[30.48,38.87],[31.04,38.93],[31.03,38.87],[31.02,38.8],[30.95,38.8],[30.94,38.74],[30.93,38.67],[31.01,38.67],[31.4,38.67],[31.85,38.42],[31.84,38.35],[31.52,38.22],[30.92,37.71],[31.03,37.19]],[[30.25,38.09],[30.25,38.03],[30.33,38.03],[30.33,38.09],[30.25,38.09]]]},"properties":{"id":"territory:Beylik of Hamid:1305","name":"Beylik of Hamid","name_en":"Beylik of Hamid","actor":"기타중립","valid_from":1305,"valid_to":1326,"wikidata":"Q2410637","area":57306,"src":"cliopatria","confidence":"medium"}},{"type":"Feature","geometry":{"type":"Point","coordinates":[29.995,37.605]},"properties":{"id":"territory:Beylik of Hamid:1305:label","name":"Beylik of Hamid","name_en":"Beylik of Hamid","actor":"기타중립","valid_from":1305,"valid_to":1326,"wikidata":"Q2410637","area":57306,"src":"cliopatria","confidence":"medium"}},{"type":"Feature","geometry":{"type":"Polygon","coordinates":[[[18.3,50.98],[17.97,51.25],[18.08,51.65],[18.26,51.85],[18.27,51.92],[18.35,51.92],[18.36,52.12],[18.28,52.12],[18.21,52.45],[18.05,52.59],[17.79,52.59],[17.38,52.86],[17.12,52.86],[16.71,53.19],[16.72,53.39],[16.9,53.53],[17.76,53.53],[17.78,53.73],[17.53,54.0],[17.58,54.68],[17.49,54.68],[17.5,54.82],[17.5,54.89],[18.46,54.89],[18.45,54.68],[18.69,54.41],[19.29,54.34],[19.38,54.34],[19.26,53.94],[19.42,53.8],[19.41,53.6],[19.06,53.6],[18.97,53.46],[18.53,53.33],[18.52,53.19],[18.69,53.19],[18.93,52.92],[19.1,52.92],[19.42,52.65],[19.48,52.32],[20.08,52.25],[20.07,52.12],[20.31,51.92],[20.56,51.92],[20.72,51.78],[20.71,51.65],[20.96,51.58],[20.39,50.78],[20.22,50.71],[20.05,50.71],[19.97,50.85],[19.55,50.85],[19.4,51.05],[19.14,50.98],[18.98,51.11],[18.64,51.05],[18.63,50.91],[18.3,50.98]]]},"properties":{"id":"territory:Duchies of Poland:1294","name":"Duchies of Poland","name_en":"Duchies of Poland","actor":"기타중립","valid_from":1294,"valid_to":1305,"wikidata":"Q2984183","area":55490,"src":"cliopatria","confidence":"medium"}},{"type":"Feature","geometry":{"type":"Point","coordinates":[18.763,52.648]},"properties":{"id":"territory:Duchies of Poland:1294:label","name":"Duchies of Poland","name_en":"Duchies of Poland","actor":"기타중립","valid_from":1294,"valid_to":1305,"wikidata":"Q2984183","area":55490,"src":"cliopatria","confidence":"medium"}},{"type":"Feature","geometry":{"type":"MultiPolygon","coordinates":[[[[17.75,42.76],[17.75,42.69],[17.67,42.69],[17.67,42.76],[17.75,42.76]]],[[[17.91,42.89],[17.91,42.82],[17.83,42.82],[17.83,42.89],[17.91,42.89]]],[[[19.21,43.08],[19.05,43.08],[18.96,42.89],[18.54,42.5],[18.46,42.5],[17.99,42.76],[18.07,42.82],[18.15,42.82],[18.23,42.89],[18.08,43.02],[17.84,43.02],[17.83,42.89],[17.75,42.89],[17.51,42.82],[17.52,42.95],[17.36,42.95],[17.37,43.21],[17.12,43.15],[17.13,43.34],[16.81,43.41],[16.81,43.54],[16.73,43.54],[16.74,43.8],[16.43,44.06],[16.27,44.06],[16.27,44.25],[16.52,44.32],[16.52,44.45],[16.29,44.58],[16.29,44.84],[16.54,45.04],[18.58,45.1],[18.89,44.84],[19.14,44.97],[19.3,44.84],[19.11,44.32],[19.5,44.06],[19.4,43.67],[19.71,43.47],[19.21,43.08]]]]},"properties":{"id":"territory:Kingdom of Bosnia:1385","name":"Kingdom of Bosnia","name_en":"Kingdom of Bosnia","actor":"기타중립","valid_from":1385,"valid_to":1395,"wikidata":"Q2980623","area":52467,"src":"cliopatria","confidence":"medium"}},{"type":"Feature","geometry":{"type":"Point","coordinates":[17.987,43.993]},"properties":{"id":"territory:Kingdom of Bosnia:1385:label","name":"Kingdom of Bosnia","name_en":"Kingdom of Bosnia","actor":"기타중립","valid_from":1385,"valid_to":1395,"wikidata":"Q2980623","area":52467,"src":"cliopatria","confidence":"medium"}},{"type":"Feature","geometry":{"type":"MultiPolygon","coordinates":[[[[17.75,42.76],[17.75,42.69],[17.67,42.69],[17.67,42.76],[17.75,42.76]]],[[[17.91,42.89],[17.91,42.82],[17.83,42.82],[17.83,42.89],[17.91,42.89]]],[[[19.21,43.08],[19.05,43.08],[18.96,42.89],[18.88,42.89],[18.87,42.82],[18.87,42.76],[18.79,42.76],[18.79,42.69],[18.71,42.69],[18.39,42.76],[18.38,42.56],[18.3,42.56],[17.99,42.76],[18.07,42.82],[18.15,42.82],[18.23,42.89],[18.08,43.02],[17.84,43.02],[17.83,42.89],[17.75,42.89],[17.51,42.82],[17.52,42.95],[17.36,42.95],[17.37,43.21],[17.12,43.15],[17.13,43.34],[16.81,43.41],[16.81,43.54],[16.73,43.54],[16.74,43.8],[16.43,44.06],[16.27,44.06],[16.27,44.25],[16.52,44.32],[16.52,44.45],[16.29,44.58],[16.29,44.84],[16.54,45.04],[18.58,45.1],[18.89,44.84],[19.14,44.97],[19.3,44.84],[19.11,44.32],[19.5,44.06],[19.4,43.67],[19.71,43.47],[19.21,43.08]]]]},"properties":{"id":"territory:Kingdom of Bosnia:1395","name":"Kingdom of Bosnia","name_en":"Kingdom of Bosnia","actor":"기타중립","valid_from":1395,"valid_to":1402,"wikidata":"Q2980623","area":51943,"src":"cliopatria","confidence":"medium"}},{"type":"Feature","geometry":{"type":"Point","coordinates":[17.982,44.006]},"properties":{"id":"territory:Kingdom of Bosnia:1395:label","name":"Kingdom of Bosnia","name_en":"Kingdom of Bosnia","actor":"기타중립","valid_from":1395,"valid_to":1402,"wikidata":"Q2980623","area":51943,"src":"cliopatria","confidence":"medium"}},{"type":"Feature","geometry":{"type":"MultiPolygon","coordinates":[[[[39.12,55.7],[38.87,55.02],[38.45,54.75],[37.8,54.95],[37.18,54.89],[36.65,55.23],[36.51,55.77],[35.53,55.7],[35.53,56.52],[35.83,56.66],[35.86,56.8],[36.11,56.73],[36.31,56.87],[36.67,56.87],[36.81,57.08],[37.07,57.08],[37.28,57.21],[37.8,57.14],[38.05,57.08],[38.46,57.28],[38.81,57.28],[39.34,56.94],[39.29,56.39],[39.08,56.25],[39.31,56.11],[39.12,55.7]]],[[[37.7,58.18],[37.75,58.39],[37.61,58.53],[37.64,58.67],[37.84,58.74],[38.25,58.6],[38.4,58.46],[38.36,58.32],[38.45,58.32],[38.49,57.77],[37.85,57.7],[37.76,57.7],[37.77,57.77],[37.77,58.11],[37.68,58.11],[37.7,58.18]]]]},"properties":{"id":"territory:Grand Principality of Moscow:1333","name":"모스크바 대공국","name_en":"Grand Principality of Moscow","actor":"기타중립","valid_from":1333,"valid_to":1344,"wikidata":"Q170770","area":51260,"src":"cliopatria","confidence":"medium"}},{"type":"Feature","geometry":{"type":"Point","coordinates":[37.627,56.101]},"properties":{"id":"territory:Grand Principality of Moscow:1333:label","name":"모스크바 대공국","name_en":"Grand Principality of Moscow","actor":"기타중립","valid_from":1333,"valid_to":1344,"wikidata":"Q170770","area":51260,"src":"cliopatria","confidence":"medium"}},{"type":"Feature","geometry":{"type":"MultiPolygon","coordinates":[[[[21.8,44.65],[21.95,44.52],[22.36,44.58],[22.13,43.54],[22.61,43.47],[22.91,43.21],[22.58,43.08],[22.56,42.82],[22.48,42.82],[22.54,42.5],[22.37,42.37],[21.32,42.24],[21.02,42.5],[21.43,42.69],[21.36,42.89],[20.97,43.02],[20.98,43.15],[20.82,43.21],[20.1,43.28],[19.87,43.47],[19.71,43.47],[19.4,43.67],[19.5,44.06],[19.11,44.32],[19.3,44.84],[19.62,44.91],[19.86,44.71],[20.35,44.84],[20.83,44.71],[21.08,44.84],[21.41,44.84],[21.72,44.65],[21.8,44.65]]],[[[22.44,44.58],[22.36,44.58],[22.37,44.65],[22.45,44.65],[22.44,44.58]]]]},"properties":{"id":"territory:Serbian Empire:1395","name":"Serbian Empire","name_en":"Serbian Empire","actor":"기타중립","valid_from":1395,"valid_to":1402,"wikidata":"Q1406298","area":50813,"src":"cliopatria","confidence":"medium"}},{"type":"Feature","geometry":{"type":"Point","coordinates":[21.07,43.745]},"properties":{"id":"territory:Serbian Empire:1395:label","name":"Serbian Empire","name_en":"Serbian Empire","actor":"기타중립","valid_from":1395,"valid_to":1402,"wikidata":"Q1406298","area":50813,"src":"cliopatria","confidence":"medium"}},{"type":"Feature","geometry":{"type":"MultiPolygon","coordinates":[[[[7.15,43.67],[6.67,43.47],[6.6,43.28],[6.28,43.15],[5.8,43.15],[5.63,43.28],[5.39,43.28],[5.39,43.41],[5.06,43.47],[4.42,43.47],[4.34,43.47],[4.41,43.73],[4.73,43.8],[4.97,43.73],[5.05,43.93],[5.29,43.99],[5.2,44.25],[5.28,44.25],[5.69,44.19],[5.6,44.52],[6.32,44.84],[6.31,45.1],[6.63,45.1],[6.64,44.97],[6.97,44.78],[6.9,44.32],[7.47,44.12],[7.31,43.8],[7.23,43.8],[7.23,43.73],[7.15,43.73],[7.15,43.67]]],[[[0.72,47.47],[0.49,47.2],[0.58,47.01],[0.34,46.94],[-1.05,46.87],[-1.39,47.01],[-1.32,47.2],[-1.16,47.27],[-1.2,47.8],[-1.04,47.86],[-1.0,48.39],[-0.58,48.32],[-0.09,48.46],[-0.0,48.32],[0.34,48.26],[0.44,47.99],[0.92,48.13],[1.19,47.93],[1.19,47.86],[1.19,47.8],[1.28,47.8],[1.2,47.73],[1.3,47.47],[1.21,47.47],[1.13,47.47],[0.72,47.47]]]]},"properties":{"id":"territory:House of Valois-Anjou:1385","name":"House of Valois-Anjou","name_en":"House of Valois-Anjou","actor":"기타중립","valid_from":1385,"valid_to":1395,"wikidata":"Q1716871","area":49592,"src":"cliopatria","confidence":"medium"}},{"type":"Feature","geometry":{"type":"Point","coordinates":[6.112,43.972]},"properties":{"id":"territory:House of Valois-Anjou:1385:label","name":"House of Valois-Anjou","name_en":"House of Valois-Anjou","actor":"기타중립","valid_from":1385,"valid_to":1395,"wikidata":"Q1716871","area":49592,"src":"cliopatria","confidence":"medium"}},{"type":"Feature","geometry":{"type":"MultiPolygon","coordinates":[[[[4.8,44.12],[4.88,44.12],[4.88,44.06],[4.88,43.99],[4.8,43.99],[4.8,44.06],[4.8,44.12]]],[[[6.6,43.28],[6.28,43.15],[5.8,43.15],[5.63,43.28],[5.39,43.28],[5.39,43.41],[5.06,43.47],[4.42,43.47],[4.34,43.47],[4.41,43.73],[4.73,43.8],[4.81,43.8],[4.97,43.73],[5.05,43.93],[5.29,43.99],[5.2,44.25],[5.44,44.25],[5.44,44.19],[5.69,44.19],[5.6,44.52],[5.76,44.58],[5.84,44.58],[5.84,44.65],[5.92,44.65],[5.91,44.71],[6.32,44.84],[6.31,45.1],[6.63,45.1],[6.64,44.97],[6.97,44.84],[6.97,44.78],[6.97,44.71],[6.9,44.32],[7.47,44.12],[7.47,44.06],[7.15,43.73],[7.15,43.67],[6.67,43.47],[6.6,43.28]]],[[[0.72,47.4],[0.49,47.2],[0.58,47.01],[0.34,47.01],[0.34,46.94],[-0.15,46.94],[-0.15,46.87],[-0.23,46.87],[-0.23,46.94],[-0.23,46.94],[-0.89,46.94],[-0.89,46.87],[-1.39,47.07],[-1.16,47.27],[-1.2,47.8],[-1.04,47.86],[-1.07,48.26],[-0.99,48.32],[-1.0,48.39],[-0.67,48.39],[-0.66,48.32],[-0.09,48.46],[-0.0,48.32],[0.34,48.26],[0.44,47.99],[0.92,48.13],[1.28,47.8],[1.2,47.73],[1.3,47.47],[1.21,47.47],[1.21,47.47],[0.72,47.47],[0.72,47.4]]]]},"properties":{"id":"territory:Capetian House of Anjou:1272","name":"Capetian House of Anjou","name_en":"Capetian House of Anjou","actor":"기타중립","valid_from":1272,"valid_to":1326,"wikidata":"Q939200","area":49457,"src":"cliopatria","confidence":"medium"}},{"type":"Feature","geometry":{"type":"Point","coordinates":[6.111,43.978]},"properties":{"id":"territory:Capetian House of Anjou:1272:label","name":"Capetian House of Anjou","name_en":"Capetian House of Anjou","actor":"기타중립","valid_from":1272,"valid_to":1326,"wikidata":"Q939200","area":49457,"src":"cliopatria","confidence":"medium"}},{"type":"Feature","geometry":{"type":"Polygon","coordinates":[[[36.24,40.94],[36.41,41.0],[36.47,40.87],[36.63,40.87],[36.76,41.2],[36.92,41.2],[36.92,41.26],[36.21,41.26],[35.95,41.72],[35.16,41.72],[35.12,42.04],[34.88,42.04],[34.78,41.91],[32.63,41.91],[32.69,41.78],[32.19,41.59],[32.04,41.65],[32.03,41.52],[31.7,41.46],[31.69,41.39],[31.98,41.13],[32.31,41.2],[32.37,41.07],[32.6,41.0],[32.56,40.61],[32.64,40.61],[32.61,40.42],[32.76,40.36],[33.17,40.42],[33.77,40.16],[33.94,40.29],[34.59,40.42],[34.88,40.81],[36.08,40.87],[36.09,40.94],[36.16,40.94],[36.16,40.87],[36.24,40.87],[36.24,40.94]]]},"properties":{"id":"territory:Beylik of Isfendiyar:1363","name":"Beylik of Isfendiyar","name_en":"Beylik of Isfendiyar","actor":"기타중립","valid_from":1363,"valid_to":1375,"wikidata":"Q2096678","area":49082,"src":"cliopatria","confidence":"medium"}},{"type":"Feature","geometry":{"type":"Polygon","coordinates":[[[36.24,40.94],[36.41,41.0],[36.47,40.87],[36.63,40.87],[36.76,41.2],[36.92,41.2],[36.92,41.26],[36.21,41.26],[35.95,41.72],[35.16,41.72],[35.12,42.04],[34.88,42.04],[34.78,41.91],[32.63,41.91],[32.69,41.78],[32.19,41.59],[32.04,41.65],[32.03,41.52],[31.7,41.46],[31.69,41.39],[31.98,41.13],[32.31,41.2],[32.37,41.07],[32.6,41.0],[32.56,40.61],[32.64,40.61],[32.61,40.42],[32.76,40.36],[33.17,40.42],[33.77,40.16],[33.94,40.29],[34.59,40.42],[34.88,40.81],[36.08,40.87],[36.09,40.94],[36.16,40.94],[36.16,40.87],[36.24,40.87],[36.24,40.94]]]},"properties":{"id":"territory:Beylik of Isfendiyar:1385","name":"Beylik of Isfendiyar","name_en":"Beylik of Isfendiyar","actor":"기타중립","valid_from":1385,"valid_to":1402,"wikidata":"Q2096678","area":49082,"src":"cliopatria","confidence":"medium"}},{"type":"Feature","geometry":{"type":"Point","coordinates":[34.102,41.191]},"properties":{"id":"territory:Beylik of Isfendiyar:1363:label","name":"Beylik of Isfendiyar","name_en":"Beylik of Isfendiyar","actor":"기타중립","valid_from":1363,"valid_to":1375,"wikidata":"Q2096678","area":49082,"src":"cliopatria","confidence":"medium"}},{"type":"Feature","geometry":{"type":"Point","coordinates":[34.102,41.191]},"properties":{"id":"territory:Beylik of Isfendiyar:1385:label","name":"Beylik of Isfendiyar","name_en":"Beylik of Isfendiyar","actor":"기타중립","valid_from":1385,"valid_to":1402,"wikidata":"Q2096678","area":49082,"src":"cliopatria","confidence":"medium"}},{"type":"Feature","geometry":{"type":"MultiPolygon","coordinates":[[[[17.75,42.76],[17.75,42.69],[17.67,42.69],[17.67,42.76],[17.75,42.76]]],[[[17.91,42.89],[17.91,42.82],[17.83,42.82],[17.83,42.89],[17.91,42.89]]],[[[18.07,42.82],[18.15,42.82],[18.23,42.89],[18.08,43.02],[17.84,43.02],[17.83,42.89],[17.75,42.89],[17.51,42.82],[17.52,42.95],[17.36,42.95],[17.37,43.21],[17.12,43.15],[17.05,43.41],[16.81,43.41],[16.52,44.25],[16.52,44.32],[16.52,44.45],[16.29,44.58],[16.29,44.84],[16.38,44.84],[16.46,44.84],[16.62,44.78],[16.79,45.04],[17.03,45.04],[17.1,44.78],[17.5,44.65],[17.84,44.97],[18.09,45.04],[18.09,45.1],[18.58,45.1],[18.89,44.84],[19.22,44.97],[19.3,44.84],[19.11,44.32],[19.5,44.06],[19.4,43.67],[19.71,43.47],[19.21,43.08],[19.05,43.08],[18.96,42.89],[18.54,42.5],[18.46,42.5],[17.99,42.76],[18.07,42.82]]]]},"properties":{"id":"territory:Banate of Bosnia:1375","name":"Banate of Bosnia","name_en":"Banate of Bosnia","actor":"기타중립","valid_from":1375,"valid_to":1385,"wikidata":"Q3627069","area":49021,"src":"cliopatria","confidence":"medium"}},{"type":"Feature","geometry":{"type":"Point","coordinates":[18.05,43.936]},"properties":{"id":"territory:Banate of Bosnia:1375:label","name":"Banate of Bosnia","name_en":"Banate of Bosnia","actor":"기타중립","valid_from":1375,"valid_to":1385,"wikidata":"Q3627069","area":49021,"src":"cliopatria","confidence":"medium"}},{"type":"Feature","geometry":{"type":"Polygon","coordinates":[[[36.16,40.87],[36.25,41.0],[36.41,41.0],[36.47,40.87],[36.63,40.87],[36.76,41.2],[36.92,41.2],[36.92,41.26],[36.21,41.26],[35.95,41.72],[35.16,41.72],[35.12,42.04],[34.88,42.04],[34.78,41.91],[32.63,41.91],[32.69,41.78],[32.19,41.59],[32.04,41.65],[32.03,41.52],[31.7,41.46],[31.69,41.39],[31.98,41.13],[32.31,41.2],[32.37,41.07],[32.6,41.0],[32.56,40.61],[32.64,40.61],[32.61,40.42],[32.76,40.36],[33.17,40.42],[33.77,40.16],[33.94,40.29],[34.59,40.42],[34.88,40.81],[36.08,40.87],[36.09,40.94],[36.16,40.94],[36.16,40.87]]]},"properties":{"id":"territory:Beylik of Isfendiyar:1375","name":"Beylik of Isfendiyar","name_en":"Beylik of Isfendiyar","actor":"기타중립","valid_from":1375,"valid_to":1385,"wikidata":"Q2096678","area":48986,"src":"cliopatria","confidence":"medium"}},{"type":"Feature","geometry":{"type":"Point","coordinates":[34.098,41.191]},"properties":{"id":"territory:Beylik of Isfendiyar:1375:label","name":"Beylik of Isfendiyar","name_en":"Beylik of Isfendiyar","actor":"기타중립","valid_from":1375,"valid_to":1385,"wikidata":"Q2096678","area":48986,"src":"cliopatria","confidence":"medium"}},{"type":"Feature","geometry":{"type":"Polygon","coordinates":[[[36.24,40.94],[36.41,41.0],[36.47,40.87],[36.63,40.87],[36.76,41.2],[36.92,41.2],[36.92,41.26],[36.21,41.26],[35.95,41.72],[35.16,41.72],[35.12,42.04],[34.88,42.04],[34.78,41.91],[32.63,41.91],[32.69,41.78],[32.19,41.59],[32.04,41.65],[32.03,41.52],[31.7,41.46],[32.05,41.07],[32.38,41.13],[32.6,41.0],[32.57,40.74],[32.49,40.74],[32.48,40.61],[32.64,40.61],[32.53,40.42],[33.17,40.42],[33.78,40.23],[33.77,40.16],[33.94,40.29],[34.59,40.42],[34.88,40.81],[36.08,40.87],[36.09,40.94],[36.16,40.94],[36.16,40.87],[36.24,40.87],[36.24,40.94]]]},"properties":{"id":"territory:Beylik of Isfendiyar:1344","name":"Beylik of Isfendiyar","name_en":"Beylik of Isfendiyar","actor":"기타중립","valid_from":1344,"valid_to":1363,"wikidata":"Q2096678","area":48913,"src":"cliopatria","confidence":"medium"}},{"type":"Feature","geometry":{"type":"Point","coordinates":[34.103,41.195]},"properties":{"id":"territory:Beylik of Isfendiyar:1344:label","name":"Beylik of Isfendiyar","name_en":"Beylik of Isfendiyar","actor":"기타중립","valid_from":1344,"valid_to":1363,"wikidata":"Q2096678","area":48913,"src":"cliopatria","confidence":"medium"}},{"type":"Feature","geometry":{"type":"Polygon","coordinates":[[[27.46,43.73],[27.74,44.12],[26.61,44.12],[26.11,43.99],[25.85,43.73],[25.43,43.6],[24.8,43.67],[24.26,43.02],[23.45,42.95],[23.31,43.15],[22.91,43.21],[22.91,43.15],[22.9,43.08],[22.82,43.08],[22.95,42.63],[23.18,42.5],[23.17,42.3],[23.55,42.11],[24.69,42.37],[25.97,42.43],[26.4,42.69],[26.56,42.69],[26.63,42.56],[27.44,42.69],[27.46,43.73]]]},"properties":{"id":"territory:Second Bulgarian Empire:1375","name":"Second Bulgarian Empire","name_en":"Second Bulgarian Empire","actor":"기타중립","valid_from":1375,"valid_to":1385,"wikidata":"Q420759","area":48182,"src":"cliopatria","confidence":"medium"}},{"type":"Feature","geometry":{"type":"Point","coordinates":[25.508,43.077]},"properties":{"id":"territory:Second Bulgarian Empire:1375:label","name":"Second Bulgarian Empire","name_en":"Second Bulgarian Empire","actor":"기타중립","valid_from":1375,"valid_to":1385,"wikidata":"Q420759","area":48182,"src":"cliopatria","confidence":"medium"}},{"type":"Feature","geometry":{"type":"MultiPolygon","coordinates":[[[[12.03,48.99],[12.28,48.92],[12.27,48.79],[12.36,48.79],[12.52,48.85],[12.61,49.12],[12.86,49.12],[13.03,49.25],[13.36,48.99],[13.36,48.85],[13.19,48.85],[13.27,48.59],[13.77,48.59],[13.85,48.46],[13.18,48.06],[12.93,48.06],[12.77,48.19],[12.76,47.99],[12.93,47.93],[12.92,47.73],[13.09,47.6],[12.84,47.53],[12.76,47.66],[12.51,47.66],[12.51,47.4],[12.34,47.33],[12.26,47.53],[12.01,47.53],[11.85,47.27],[11.6,47.27],[11.44,47.33],[11.44,47.47],[11.27,47.47],[11.27,47.53],[10.69,47.6],[10.61,47.6],[10.69,47.73],[10.45,47.8],[10.53,48.19],[10.53,48.26],[10.44,48.59],[10.28,48.72],[10.28,48.85],[10.03,48.99],[10.03,49.12],[10.36,49.25],[10.61,48.92],[10.94,48.85],[11.03,48.99],[10.86,49.05],[11.28,49.18],[11.53,49.12],[11.69,48.92],[11.94,48.99],[12.03,48.99]]],[[[3.7,50.71],[4.03,50.78],[4.21,50.71],[4.3,50.51],[4.64,50.45],[4.39,50.25],[4.41,49.98],[4.32,49.98],[4.24,49.98],[4.15,49.98],[4.15,50.05],[4.14,50.25],[3.97,50.38],[3.63,50.38],[3.55,50.38],[3.54,50.45],[3.54,50.51],[3.7,50.71]]],[[[4.24,51.71],[4.08,51.51],[4.0,51.51],[3.41,51.51],[3.4,51.65],[3.74,51.65],[3.65,51.78],[3.82,51.78],[3.81,51.92],[3.98,51.92],[3.97,52.05],[4.22,52.18],[4.22,52.32],[4.46,52.52],[4.53,52.86],[4.7,52.92],[4.61,53.12],[4.69,53.19],[4.86,53.19],[4.79,52.99],[4.87,52.99],[4.97,52.65],[5.06,52.65],[5.06,52.52],[4.89,52.52],[4.9,52.38],[5.07,52.32],[5.0,52.05],[5.25,52.05],[5.26,51.85],[5.17,51.85],[5.09,51.85],[5.0,51.85],[4.92,51.85],[4.83,51.85],[4.84,51.78],[4.75,51.78],[4.67,51.78],[4.24,51.71]]]]},"properties":{"id":"territory:Duchy of Bavaria:1375","name":"Duchy of Bavaria","name_en":"Duchy of Bavaria","actor":"기타중립","valid_from":1375,"valid_to":1385,"wikidata":"Q47261","area":47618,"src":"cliopatria","confidence":"medium"}},{"type":"Feature","geometry":{"type":"Point","coordinates":[11.852,48.319]},"properties":{"id":"territory:Duchy of Bavaria:1375:label","name":"Duchy of Bavaria","name_en":"Duchy of Bavaria","actor":"기타중립","valid_from":1375,"valid_to":1385,"wikidata":"Q47261","area":47618,"src":"cliopatria","confidence":"medium"}},{"type":"Feature","geometry":{"type":"MultiPolygon","coordinates":[[[[12.03,48.99],[12.28,48.92],[12.27,48.79],[12.36,48.79],[12.52,48.85],[12.61,49.12],[12.86,49.12],[13.03,49.25],[13.36,48.99],[13.36,48.85],[13.19,48.85],[13.27,48.59],[13.77,48.59],[13.85,48.46],[13.18,48.06],[12.93,48.06],[12.77,48.19],[12.76,47.99],[12.93,47.93],[12.92,47.73],[13.09,47.6],[12.84,47.53],[12.76,47.66],[12.51,47.66],[12.51,47.4],[12.34,47.33],[12.26,47.53],[12.01,47.53],[11.85,47.27],[11.6,47.27],[11.44,47.33],[11.44,47.47],[11.27,47.47],[11.27,47.6],[10.94,47.53],[10.86,47.53],[10.78,47.53],[10.69,47.53],[10.69,47.6],[10.61,47.6],[10.69,47.73],[10.45,47.8],[10.53,48.19],[10.53,48.26],[10.44,48.59],[10.28,48.72],[10.28,48.85],[10.03,48.99],[10.03,49.12],[10.36,49.25],[10.61,48.92],[10.94,48.85],[11.03,48.99],[10.86,49.05],[11.28,49.18],[11.53,49.12],[11.69,48.92],[11.94,48.99],[12.03,48.99]]],[[[4.03,50.78],[4.21,50.71],[4.3,50.51],[4.64,50.45],[4.39,50.25],[4.41,49.98],[4.32,49.98],[4.24,49.98],[4.15,49.98],[4.15,50.05],[4.14,50.25],[3.97,50.38],[3.63,50.38],[3.55,50.38],[3.54,50.45],[3.54,50.51],[3.54,50.58],[4.03,50.78]]],[[[4.24,51.71],[4.08,51.51],[4.0,51.51],[3.41,51.51],[3.4,51.65],[3.74,51.65],[3.65,51.78],[3.82,51.78],[3.81,51.92],[3.98,51.92],[3.97,52.05],[4.22,52.18],[4.22,52.32],[4.46,52.52],[4.53,52.86],[4.7,52.92],[4.61,53.12],[4.69,53.19],[4.86,53.19],[4.79,52.99],[4.87,52.99],[4.97,52.65],[5.06,52.65],[5.06,52.52],[4.89,52.52],[4.9,52.38],[5.07,52.32],[5.0,52.05],[5.25,52.05],[5.26,51.85],[5.17,51.85],[5.09,51.85],[5.0,51.85],[4.92,51.85],[4.83,51.85],[4.84,51.78],[4.75,51.78],[4.67,51.78],[4.24,51.71]]]]},"properties":{"id":"territory:Duchy of Bavaria:1395","name":"Duchy of Bavaria","name_en":"Duchy of Bavaria","actor":"기타중립","valid_from":1395,"valid_to":1422,"wikidata":"Q47261","area":47598,"src":"cliopatria","confidence":"medium"}},{"type":"Feature","geometry":{"type":"Point","coordinates":[11.849,48.317]},"properties":{"id":"territory:Duchy of Bavaria:1395:label","name":"Duchy of Bavaria","name_en":"Duchy of Bavaria","actor":"기타중립","valid_from":1395,"valid_to":1422,"wikidata":"Q47261","area":47598,"src":"cliopatria","confidence":"medium"}},{"type":"Feature","geometry":{"type":"MultiPolygon","coordinates":[[[[12.03,48.99],[12.28,48.92],[12.27,48.79],[12.36,48.79],[12.52,48.85],[12.61,49.12],[12.86,49.12],[13.03,49.25],[13.36,48.99],[13.36,48.85],[13.19,48.85],[13.27,48.59],[13.77,48.59],[13.85,48.46],[13.18,48.06],[12.93,48.06],[12.77,48.19],[12.76,47.99],[12.93,47.93],[12.92,47.73],[13.09,47.6],[12.84,47.53],[12.76,47.66],[12.51,47.66],[12.51,47.4],[12.34,47.33],[12.26,47.53],[12.01,47.53],[11.85,47.27],[11.6,47.27],[11.44,47.33],[11.44,47.47],[11.27,47.47],[11.27,47.53],[10.69,47.6],[10.61,47.6],[10.69,47.73],[10.45,47.8],[10.53,48.19],[10.53,48.26],[10.44,48.59],[10.28,48.72],[10.28,48.85],[10.03,48.99],[10.03,49.12],[10.36,49.25],[10.61,48.92],[10.94,48.85],[11.03,48.99],[10.86,49.05],[11.28,49.18],[11.53,49.12],[11.69,48.92],[11.94,48.99],[12.03,48.99]]],[[[4.03,50.78],[4.21,50.71],[4.3,50.51],[4.64,50.45],[4.39,50.25],[4.41,49.98],[4.32,49.98],[4.24,49.98],[4.15,49.98],[4.15,50.05],[4.14,50.25],[3.97,50.38],[3.63,50.38],[3.55,50.38],[3.54,50.45],[3.54,50.51],[3.54,50.58],[4.03,50.78]]],[[[4.24,51.71],[4.08,51.51],[4.0,51.51],[3.41,51.51],[3.4,51.65],[3.74,51.65],[3.65,51.78],[3.82,51.78],[3.81,51.92],[3.98,51.92],[3.97,52.05],[4.22,52.18],[4.22,52.32],[4.46,52.52],[4.53,52.86],[4.7,52.92],[4.61,53.12],[4.69,53.19],[4.86,53.19],[4.79,52.99],[4.87,52.99],[4.97,52.65],[5.06,52.65],[5.06,52.52],[4.89,52.52],[4.9,52.38],[5.07,52.32],[5.0,52.05],[5.25,52.05],[5.26,51.85],[5.17,51.85],[5.09,51.85],[5.0,51.85],[4.92,51.85],[4.83,51.85],[4.84,51.78],[4.75,51.78],[4.67,51.78],[4.24,51.71]]]]},"properties":{"id":"territory:Duchy of Bavaria:1385","name":"Duchy of Bavaria","name_en":"Duchy of Bavaria","actor":"기타중립","valid_from":1385,"valid_to":1395,"wikidata":"Q47261","area":47529,"src":"cliopatria","confidence":"medium"}},{"type":"Feature","geometry":{"type":"Point","coordinates":[11.852,48.319]},"properties":{"id":"territory:Duchy of Bavaria:1385:label","name":"Duchy of Bavaria","name_en":"Duchy of Bavaria","actor":"기타중립","valid_from":1385,"valid_to":1395,"wikidata":"Q47261","area":47529,"src":"cliopatria","confidence":"medium"}},{"type":"Feature","geometry":{"type":"MultiPolygon","coordinates":[[[[-8.12,52.12],[-8.02,51.98],[-8.08,51.78],[-8.16,51.78],[-8.58,51.71],[-8.71,52.05],[-8.12,52.12]]],[[[-7.53,52.12],[-7.61,52.12],[-7.65,52.38],[-7.4,52.45],[-7.02,52.12],[-7.53,52.12]]],[[[-6.43,52.18],[-6.77,52.18],[-6.79,52.32],[-6.79,52.38],[-6.56,52.59],[-6.31,52.59],[-6.28,52.38],[-6.43,52.18]]],[[[-8.38,52.72],[-8.37,52.65],[-8.46,52.65],[-8.46,52.72],[-8.38,52.72]]],[[[-7.25,57.42],[-7.23,57.28],[-7.32,57.28],[-7.29,57.08],[-7.47,57.08],[-7.6,57.35],[-7.25,57.42]]],[[[-7.11,57.63],[-7.44,57.49],[-7.56,57.7],[-7.12,57.7],[-7.11,57.63]]],[[[-6.21,58.18],[-6.39,58.18],[-6.52,57.9],[-7.13,57.77],[-7.07,57.97],[-7.28,58.18],[-6.85,58.32],[-6.76,58.32],[-6.79,58.46],[-6.26,58.53],[-6.21,58.18]]],[[[-6.72,61.48],[-6.71,61.41],[-6.99,61.48],[-7.02,61.62],[-6.74,61.62],[-6.72,61.48]]],[[[-48.61,61.19],[-48.68,61.48],[-49.23,61.48],[-49.36,61.69],[-49.17,61.69],[-49.21,61.76],[-49.44,61.83],[-49.57,62.05],[-49.14,62.12],[-49.27,62.33],[-48.67,62.26],[-47.45,61.26],[-47.41,61.19],[-47.74,61.12],[-47.53,60.91],[-47.68,60.84],[-47.77,60.84],[-47.73,60.77],[-48.04,60.84],[-48.11,61.12],[-48.61,61.19]]],[[[-6.96,62.4],[-6.77,62.33],[-6.66,62.26],[-6.69,61.9],[-6.79,61.9],[-7.28,62.05],[-7.32,62.33],[-6.96,62.4]]],[[[-50.03,62.98],[-50.22,62.98],[-50.04,62.83],[-50.37,62.76],[-50.72,63.19],[-51.01,63.19],[-51.19,63.34],[-51.23,63.41],[-50.52,63.48],[-50.53,63.34],[-50.07,63.05],[-50.03,62.98]]],[[[-51.42,63.55],[-51.69,63.84],[-51.51,63.84],[-51.74,64.2],[-52.02,64.2],[-52.25,64.71],[-51.16,64.64],[-51.3,64.86],[-51.15,64.93],[-51.25,65.08],[-50.91,65.0],[-50.91,65.15],[-50.48,65.08],[-50.53,65.15],[-50.14,65.15],[-49.72,64.93],[-49.35,64.35],[-49.5,64.28],[-49.41,64.13],[-49.51,64.13],[-49.51,63.99],[-49.99,63.84],[-50.09,63.84],[-50.04,63.77],[-50.66,63.7],[-50.61,63.62],[-51.42,63.55]]],[[[-6.18,52.92],[-6.15,52.65],[-6.31,52.59],[-6.32,52.65],[-6.4,52.65],[-6.43,52.86],[-6.18,52.92]]],[[[-6.15,53.33],[-6.09,52.92],[-6.47,53.19],[-6.81,53.12],[-6.84,53.39],[-6.6,53.53],[-6.61,53.6],[-6.19,53.66],[-6.09,53.53],[-6.24,53.39],[-6.15,53.33]]],[[[-4.8,54.27],[-4.81,54.34],[-4.38,54.41],[-4.36,54.21],[-4.86,54.07],[-4.8,54.27]]],[[[-5.38,55.43],[-5.57,55.57],[-5.55,55.36],[-5.89,55.29],[-5.92,55.5],[-5.76,55.63],[-5.78,55.77],[-5.44,55.84],[-5.43,55.77],[-5.16,55.77],[-5.12,55.43],[-5.38,55.43]]],[[[-5.87,55.84],[-6.13,55.77],[-6.19,55.57],[-6.36,55.57],[-6.38,55.7],[-6.63,55.63],[-6.51,55.98],[-6.07,55.98],[-5.91,56.11],[-5.92,56.18],[-5.74,56.18],[-5.72,55.98],[-5.89,55.98],[-5.87,55.84]]],[[[-5.3,56.11],[-4.93,56.05],[-4.93,55.98],[-5.0,55.84],[-5.35,55.84],[-5.36,55.91],[-5.3,56.11]]],[[[-6.34,56.66],[-5.99,56.66],[-5.88,56.52],[-5.7,56.52],[-5.68,56.39],[-5.94,56.32],[-6.03,56.32],[-6.29,56.32],[-6.23,56.52],[-6.34,56.66]]],[[[-5.81,57.28],[-5.78,57.08],[-6.04,57.01],[-6.06,57.14],[-6.41,57.14],[-6.62,57.35],[-6.8,57.35],[-6.74,57.56],[-6.47,57.56],[-6.48,57.63],[-6.5,57.77],[-6.22,57.7],[-6.09,57.35],[-5.81,57.28]]],[[[5.18,61.97],[5.18,62.05],[5.27,62.05],[5.37,62.05],[5.36,62.12],[5.55,62.12],[5.55,61.97],[5.19,61.9],[5.18,61.97]]],[[[17.88,68.42],[17.78,68.42],[17.68,68.42],[17.68,68.5],[17.78,68.5],[17.88,68.5],[17.88,68.42]]],[[[18.08,68.42],[17.89,68.57],[18.2,68.65],[18.08,68.5],[18.08,68.42]]],[[[17.69,68.57],[17.59,68.57],[17.6,68.65],[17.7,68.65],[17.69,68.57]]]]},"properties":{"id":"territory:Viking settlements:1028","name":"Viking settlements","name_en":"Viking settlements","actor":"기타중립","valid_from":1028,"valid_to":1326,"wikidata":"Q12567","area":47312,"src":"cliopatria","confidence":"medium"}},{"type":"Feature","geometry":{"type":"Point","coordinates":[-50.692,64.362]},"properties":{"id":"territory:Viking settlements:1028:label","name":"Viking settlements","name_en":"Viking settlements","actor":"기타중립","valid_from":1028,"valid_to":1326,"wikidata":"Q12567","area":47312,"src":"cliopatria","confidence":"medium"}},{"type":"Feature","geometry":{"type":"Polygon","coordinates":[[[37.18,54.89],[37.8,54.95],[38.45,54.75],[38.87,55.02],[39.12,55.7],[39.31,56.11],[39.08,56.25],[39.29,56.39],[39.34,56.94],[38.81,57.28],[38.46,57.28],[38.05,57.08],[37.8,57.14],[37.28,57.21],[37.07,57.08],[36.81,57.08],[36.67,56.87],[36.3,56.8],[36.21,56.8],[36.12,56.8],[36.11,56.73],[36.02,56.73],[36.03,56.8],[35.95,56.8],[35.86,56.8],[35.83,56.66],[35.53,56.52],[35.53,55.7],[36.51,55.77],[36.65,55.23],[37.18,54.89]]]},"properties":{"id":"territory:Grand Principality of Moscow:1314","name":"모스크바 대공국","name_en":"Grand Principality of Moscow","actor":"기타중립","valid_from":1314,"valid_to":1333,"wikidata":"Q170770","area":46841,"src":"cliopatria","confidence":"medium"}},{"type":"Feature","geometry":{"type":"Point","coordinates":[37.628,56.1]},"properties":{"id":"territory:Grand Principality of Moscow:1314:label","name":"모스크바 대공국","name_en":"Grand Principality of Moscow","actor":"기타중립","valid_from":1314,"valid_to":1333,"wikidata":"Q170770","area":46841,"src":"cliopatria","confidence":"medium"}},{"type":"Feature","geometry":{"type":"MultiPolygon","coordinates":[[[[21.8,44.65],[21.95,44.52],[22.36,44.58],[22.13,43.54],[22.61,43.47],[22.91,43.21],[22.91,43.15],[22.9,43.08],[22.82,43.08],[22.66,43.15],[22.57,43.02],[22.09,42.95],[21.58,42.5],[21.57,42.3],[21.32,42.24],[21.02,42.5],[21.43,42.69],[21.36,42.89],[20.97,43.02],[20.98,43.15],[20.82,43.21],[20.1,43.28],[19.87,43.47],[19.71,43.47],[19.4,43.67],[19.5,44.06],[19.11,44.32],[19.3,44.84],[19.62,44.91],[19.86,44.71],[20.35,44.84],[20.83,44.71],[21.08,44.84],[21.41,44.84],[21.72,44.65],[21.8,44.65]]],[[[22.44,44.58],[22.36,44.58],[22.37,44.65],[22.45,44.65],[22.44,44.58]]]]},"properties":{"id":"territory:Serbian Empire:1375","name":"Serbian Empire","name_en":"Serbian Empire","actor":"기타중립","valid_from":1375,"valid_to":1395,"wikidata":"Q1406298","area":46495,"src":"cliopatria","confidence":"medium"}},{"type":"Feature","geometry":{"type":"Point","coordinates":[20.978,43.849]},"properties":{"id":"territory:Serbian Empire:1375:label","name":"Serbian Empire","name_en":"Serbian Empire","actor":"기타중립","valid_from":1375,"valid_to":1395,"wikidata":"Q1406298","area":46495,"src":"cliopatria","confidence":"medium"}},{"type":"Feature","geometry":{"type":"MultiPolygon","coordinates":[[[[6.75,43.47],[6.59,43.41],[6.52,43.21],[5.8,43.15],[5.63,43.28],[5.39,43.28],[5.39,43.41],[4.58,43.54],[4.42,43.47],[4.34,43.47],[4.41,43.73],[4.73,43.8],[4.97,43.73],[5.05,43.93],[5.29,43.99],[5.2,44.25],[5.28,44.25],[5.69,44.19],[5.6,44.52],[6.32,44.84],[6.31,45.1],[6.63,45.1],[6.64,44.97],[6.97,44.78],[6.9,44.32],[6.9,44.19],[6.66,43.99],[6.67,43.67],[6.83,43.67],[6.91,43.54],[6.83,43.54],[6.83,43.47],[6.75,43.47]]],[[[0.72,47.47],[0.49,47.2],[0.58,47.01],[0.34,46.94],[-1.05,46.87],[-1.39,47.01],[-1.32,47.2],[-1.16,47.27],[-1.2,47.8],[-1.04,47.86],[-1.0,48.39],[-0.58,48.32],[-0.09,48.46],[-0.0,48.32],[0.34,48.26],[0.44,47.99],[0.92,48.13],[1.19,47.93],[1.19,47.86],[1.19,47.8],[1.28,47.8],[1.2,47.73],[1.3,47.47],[1.21,47.47],[1.13,47.47],[0.72,47.47]]]]},"properties":{"id":"territory:House of Valois-Anjou:1395","name":"House of Valois-Anjou","name_en":"House of Valois-Anjou","actor":"기타중립","valid_from":1395,"valid_to":1402,"wikidata":"Q1716871","area":46046,"src":"cliopatria","confidence":"medium"}},{"type":"Feature","geometry":{"type":"Point","coordinates":[-0.163,47.615]},"properties":{"id":"territory:House of Valois-Anjou:1395:label","name":"House of Valois-Anjou","name_en":"House of Valois-Anjou","actor":"기타중립","valid_from":1395,"valid_to":1402,"wikidata":"Q1716871","area":46046,"src":"cliopatria","confidence":"medium"}},{"type":"Feature","geometry":{"type":"Polygon","coordinates":[[[47.44,39.71],[47.42,39.64],[47.41,39.58],[47.4,39.51],[47.9,39.64],[48.09,39.84],[48.72,39.84],[48.78,39.71],[49.0,39.64],[49.03,39.38],[49.18,39.32],[49.19,39.38],[49.27,39.38],[49.51,40.23],[49.69,40.36],[50.26,40.42],[50.05,40.55],[49.51,40.61],[49.24,40.87],[49.27,41.0],[49.06,41.13],[49.09,41.26],[48.56,41.78],[48.28,41.59],[48.2,41.59],[48.08,41.39],[47.72,41.2],[47.14,41.46],[47.11,41.33],[46.6,41.13],[46.26,40.61],[46.49,40.55],[46.54,40.42],[46.87,40.48],[46.94,40.42],[46.8,40.1],[47.0,39.9],[47.31,39.9],[47.36,39.71],[47.44,39.71]]]},"properties":{"id":"territory:Shirvan:1344","name":"Shirvan","name_en":"Shirvan","actor":"기타중립","valid_from":1344,"valid_to":1385,"wikidata":"Q638064","area":44163,"src":"cliopatria","confidence":"medium"}},{"type":"Feature","geometry":{"type":"Point","coordinates":[48.129,40.558]},"properties":{"id":"territory:Shirvan:1344:label","name":"Shirvan","name_en":"Shirvan","actor":"기타중립","valid_from":1344,"valid_to":1385,"wikidata":"Q638064","area":44163,"src":"cliopatria","confidence":"medium"}},{"type":"Feature","geometry":{"type":"Polygon","coordinates":[[[16.01,52.86],[16.28,53.12],[16.71,53.19],[16.72,53.39],[16.9,53.53],[16.66,53.8],[16.31,53.8],[16.41,54.0],[15.98,54.07],[16.05,53.66],[15.79,53.73],[15.7,53.66],[15.78,53.46],[15.44,53.53],[15.26,53.26],[14.82,53.19],[14.65,53.06],[14.48,53.06],[14.23,53.26],[14.32,53.39],[13.9,53.73],[13.55,53.66],[13.2,53.33],[12.17,53.39],[11.91,53.6],[11.74,53.6],[11.56,53.39],[11.31,53.46],[11.13,53.33],[11.22,53.19],[11.39,53.19],[11.39,53.06],[11.22,53.06],[11.04,52.86],[11.04,52.65],[11.21,52.65],[11.04,52.38],[12.24,52.52],[12.49,52.45],[12.49,52.32],[12.41,52.32],[12.49,52.12],[13.17,52.12],[13.17,52.25],[13.43,52.18],[13.68,52.32],[13.69,52.45],[13.94,52.45],[14.54,52.32],[14.7,52.18],[14.69,51.92],[14.78,51.92],[14.96,52.12],[15.65,52.32],[15.49,52.65],[16.01,52.79],[16.01,52.86]]]},"properties":{"id":"territory:Margraviate of Brandenburg:1314","name":"Margraviate of Brandenburg","name_en":"Margraviate of Brandenburg","actor":"기타중립","valid_from":1314,"valid_to":1326,"wikidata":"Q148499","area":44084,"src":"cliopatria","confidence":"medium"}},{"type":"Feature","geometry":{"type":"Point","coordinates":[13.85,52.941]},"properties":{"id":"territory:Margraviate of Brandenburg:1314:label","name":"Margraviate of Brandenburg","name_en":"Margraviate of Brandenburg","actor":"기타중립","valid_from":1314,"valid_to":1326,"wikidata":"Q148499","area":44084,"src":"cliopatria","confidence":"medium"}},{"type":"Feature","geometry":{"type":"MultiPolygon","coordinates":[[[[23.06,36.67],[22.83,36.87],[22.6,36.87],[22.51,36.67],[22.36,36.67],[22.22,37.06],[22.14,37.06],[22.15,37.32],[22.32,37.58],[22.71,37.58],[22.71,37.51],[22.71,37.45],[22.7,37.32],[23.0,37.0],[23.06,36.67]]],[[[21.98,38.42],[21.97,38.35],[21.9,38.35],[21.82,38.35],[21.82,38.42],[21.9,38.42],[21.98,38.42]]],[[[25.45,39.84],[24.97,39.84],[25.07,40.03],[25.15,40.03],[25.46,40.03],[25.45,39.84]]],[[[22.89,40.61],[22.57,40.55],[22.54,40.1],[22.7,40.1],[22.61,39.9],[23.14,39.45],[22.82,39.38],[22.8,39.06],[22.96,39.13],[23.02,38.87],[22.94,38.87],[22.16,38.93],[22.02,39.26],[21.72,39.51],[21.21,40.36],[21.08,40.74],[21.87,40.81],[21.88,40.94],[22.12,40.94],[22.21,41.13],[23.42,41.33],[23.65,41.33],[24.35,41.0],[24.34,40.94],[24.01,40.74],[23.7,40.81],[23.68,40.61],[23.84,40.55],[23.66,40.23],[23.66,40.29],[23.27,40.29],[22.96,40.42],[22.89,40.61]]],[[[25.7,40.1],[25.72,40.29],[25.8,40.29],[26.04,40.29],[26.02,40.16],[25.7,40.1]]],[[[24.79,40.61],[24.55,40.55],[24.49,40.81],[24.57,40.81],[24.81,40.81],[24.79,40.61]]],[[[26.67,40.36],[26.26,40.1],[26.26,40.16],[26.27,40.23],[26.27,40.29],[26.35,40.29],[26.36,40.36],[26.6,40.48],[26.68,40.42],[26.67,40.36]]],[[[26.84,40.48],[26.78,40.68],[26.78,40.74],[27.02,40.68],[27.01,40.55],[26.84,40.48]]],[[[41.18,41.07],[41.26,41.07],[41.25,41.0],[41.17,41.0],[41.18,41.07]]],[[[41.35,41.13],[41.34,41.07],[41.26,41.07],[41.27,41.13],[41.35,41.13]]],[[[28.25,41.13],[28.43,41.39],[28.9,41.26],[28.98,41.26],[29.04,41.07],[28.87,41.0],[28.25,41.13]]]]},"properties":{"id":"territory:Byzantine Empire:1375","name":"비잔티움 제국","name_en":"Byzantine Empire","actor":"로마","valid_from":1375,"valid_to":1385,"wikidata":"Q112039853","area":44046,"src":"cliopatria","confidence":"medium"}},{"type":"Feature","geometry":{"type":"Point","coordinates":[22.543,40.296]},"properties":{"id":"territory:Byzantine Empire:1375:label","name":"비잔티움 제국","name_en":"Byzantine Empire","actor":"로마","valid_from":1375,"valid_to":1385,"wikidata":"Q112039853","area":44046,"src":"cliopatria","confidence":"medium"}},{"type":"Feature","geometry":{"type":"Polygon","coordinates":[[[37.87,37.71],[37.18,37.77],[36.15,37.64],[36.01,37.84],[35.61,37.77],[35.39,37.9],[35.06,37.71],[34.88,37.45],[34.56,37.45],[34.3,37.19],[33.43,37.06],[33.1,36.8],[32.86,36.8],[32.85,36.61],[32.99,36.55],[32.98,36.42],[32.67,36.35],[32.56,36.1],[32.56,36.03],[33.98,36.29],[34.25,36.67],[34.58,36.87],[34.89,36.87],[34.95,36.67],[35.11,36.74],[35.33,36.61],[35.49,36.61],[35.83,36.93],[36.14,36.93],[36.28,36.74],[36.27,36.67],[36.68,36.8],[36.77,37.0],[37.23,36.93],[37.52,36.74],[38.16,36.87],[38.18,37.0],[37.96,37.13],[38.09,37.58],[37.86,37.64],[37.87,37.71]]]},"properties":{"id":"territory:Armenian Kingdom of Cilicia:1294","name":"Armenian Kingdom of Cilicia","name_en":"Armenian Kingdom of Cilicia","actor":"기타중립","valid_from":1294,"valid_to":1305,"wikidata":"Q335088","area":43640,"src":"cliopatria","confidence":"medium"}},{"type":"Feature","geometry":{"type":"Point","coordinates":[35.52,37.083]},"properties":{"id":"territory:Armenian Kingdom of Cilicia:1294:label","name":"Armenian Kingdom of Cilicia","name_en":"Armenian Kingdom of Cilicia","actor":"기타중립","valid_from":1294,"valid_to":1305,"wikidata":"Q335088","area":43640,"src":"cliopatria","confidence":"medium"}},{"type":"Feature","geometry":{"type":"Polygon","coordinates":[[[37.18,54.89],[37.8,54.95],[38.45,54.75],[38.87,55.02],[39.12,55.7],[39.31,56.11],[39.08,56.25],[39.29,56.39],[39.34,56.94],[38.81,57.28],[38.46,57.28],[38.05,57.08],[37.8,57.14],[37.28,57.21],[37.07,57.08],[36.81,57.08],[36.67,56.87],[36.3,56.8],[36.21,56.8],[35.84,56.73],[35.83,56.66],[36.08,56.59],[36.04,56.46],[36.28,56.32],[36.25,56.18],[36.33,56.18],[36.3,56.05],[36.39,56.05],[36.65,55.23],[37.18,54.89]]]},"properties":{"id":"territory:Grand Principality of Moscow:1305","name":"모스크바 대공국","name_en":"Grand Principality of Moscow","actor":"기타중립","valid_from":1305,"valid_to":1314,"wikidata":"Q170770","area":42296,"src":"cliopatria","confidence":"medium"}},{"type":"Feature","geometry":{"type":"Point","coordinates":[37.813,56.096]},"properties":{"id":"territory:Grand Principality of Moscow:1305:label","name":"모스크바 대공국","name_en":"Grand Principality of Moscow","actor":"기타중립","valid_from":1305,"valid_to":1314,"wikidata":"Q170770","area":42296,"src":"cliopatria","confidence":"medium"}},{"type":"Feature","geometry":{"type":"Polygon","coordinates":[[[15.57,52.65],[16.1,52.86],[16.02,53.12],[16.11,53.12],[16.12,53.33],[16.29,53.39],[16.3,53.53],[16.48,53.6],[16.4,53.8],[16.31,53.8],[16.41,54.0],[15.98,54.07],[16.05,53.66],[15.79,53.73],[15.7,53.66],[15.78,53.46],[15.44,53.53],[15.26,53.26],[14.82,53.19],[14.65,53.06],[14.48,53.06],[14.23,53.26],[14.32,53.39],[13.9,53.73],[13.55,53.66],[13.2,53.33],[12.77,53.39],[12.17,53.39],[11.91,53.6],[11.74,53.6],[11.56,53.39],[11.31,53.46],[11.13,53.26],[11.39,53.19],[11.39,53.06],[11.13,52.99],[11.04,52.72],[11.04,52.65],[11.13,52.65],[11.13,52.52],[11.38,52.52],[12.15,52.65],[12.33,52.79],[12.33,52.65],[12.58,52.45],[12.41,52.32],[12.4,52.18],[13.42,52.05],[13.43,52.18],[13.94,52.32],[14.36,52.12],[14.62,52.12],[14.78,51.92],[15.13,52.25],[15.47,52.18],[15.65,52.32],[15.49,52.65],[15.57,52.65]]]},"properties":{"id":"territory:Margraviate of Brandenburg:1385","name":"Margraviate of Brandenburg","name_en":"Margraviate of Brandenburg","actor":"기타중립","valid_from":1385,"valid_to":1395,"wikidata":"Q148499","area":42074,"src":"cliopatria","confidence":"medium"}},{"type":"Feature","geometry":{"type":"Point","coordinates":[13.774,52.9]},"properties":{"id":"territory:Margraviate of Brandenburg:1385:label","name":"Margraviate of Brandenburg","name_en":"Margraviate of Brandenburg","actor":"기타중립","valid_from":1385,"valid_to":1395,"wikidata":"Q148499","area":42074,"src":"cliopatria","confidence":"medium"}},{"type":"Feature","geometry":{"type":"MultiPolygon","coordinates":[[[[44.82,42.69],[45.23,42.69],[45.52,42.56],[45.22,42.24],[44.59,42.3],[44.13,41.98],[43.49,41.98],[43.14,41.78],[41.92,41.65],[41.75,41.59],[41.72,41.39],[41.29,41.2],[41.3,41.26],[41.23,41.33],[41.57,41.46],[41.6,41.65],[41.78,41.78],[41.76,42.11],[41.6,42.11],[41.7,42.24],[41.48,42.37],[41.61,42.63],[41.12,43.02],[40.82,43.15],[40.42,43.15],[40.22,43.41],[39.98,43.41],[39.34,43.93],[39.35,43.99],[40.03,43.73],[40.29,43.8],[40.26,43.67],[40.4,43.54],[41.12,43.47],[41.71,43.21],[42.99,43.15],[43.42,42.89],[43.66,42.89],[43.85,42.63],[44.76,42.76],[44.74,42.69],[44.82,42.69]]],[[[39.28,44.06],[39.36,44.06],[39.35,43.99],[39.27,43.99],[39.19,43.99],[39.2,44.06],[39.28,44.06]]],[[[39.12,44.06],[39.13,44.12],[39.21,44.12],[39.2,44.06],[39.12,44.06]]],[[[39.05,44.12],[39.06,44.19],[39.14,44.19],[39.13,44.12],[39.05,44.12]]]]},"properties":{"id":"territory:Kingdom of Georgia:1395","name":"Kingdom of Georgia","name_en":"Kingdom of Georgia","actor":"기타중립","valid_from":1395,"valid_to":1402,"wikidata":"Q154667","area":42039,"src":"cliopatria","confidence":"medium"}},{"type":"Feature","geometry":{"type":"Point","coordinates":[42.59,42.58]},"properties":{"id":"territory:Kingdom of Georgia:1395:label","name":"Kingdom of Georgia","name_en":"Kingdom of Georgia","actor":"기타중립","valid_from":1395,"valid_to":1402,"wikidata":"Q154667","area":42039,"src":"cliopatria","confidence":"medium"}},{"type":"Feature","geometry":{"type":"Polygon","coordinates":[[[15.65,52.32],[15.47,52.18],[15.13,52.25],[14.78,51.92],[14.62,52.12],[14.36,52.12],[13.94,52.32],[13.43,52.18],[13.42,52.05],[12.4,52.18],[12.41,52.32],[12.58,52.45],[12.33,52.65],[12.33,52.79],[11.9,52.59],[11.13,52.52],[11.04,52.86],[11.22,53.06],[11.39,53.06],[11.39,53.19],[11.22,53.19],[11.13,53.33],[11.31,53.46],[11.56,53.39],[11.74,53.6],[11.91,53.6],[12.17,53.39],[13.2,53.33],[13.55,53.66],[13.9,53.73],[14.32,53.39],[14.23,53.26],[14.48,53.06],[14.65,53.06],[14.82,53.19],[15.26,53.26],[15.44,53.53],[15.78,53.46],[15.7,53.66],[16.05,53.73],[16.06,53.8],[15.97,53.8],[15.98,54.07],[16.41,54.0],[16.31,53.8],[16.4,53.8],[16.48,53.6],[16.3,53.53],[16.29,53.39],[16.12,53.33],[16.11,53.12],[16.02,53.12],[16.1,52.86],[15.49,52.65],[15.65,52.32]]]},"properties":{"id":"territory:Margraviate of Brandenburg:1395","name":"Margraviate of Brandenburg","name_en":"Margraviate of Brandenburg","actor":"기타중립","valid_from":1395,"valid_to":1402,"wikidata":"Q148499","area":41922,"src":"cliopatria","confidence":"medium"}},{"type":"Feature","geometry":{"type":"Point","coordinates":[13.774,52.901]},"properties":{"id":"territory:Margraviate of Brandenburg:1395:label","name":"Margraviate of Brandenburg","name_en":"Margraviate of Brandenburg","actor":"기타중립","valid_from":1395,"valid_to":1402,"wikidata":"Q148499","area":41922,"src":"cliopatria","confidence":"medium"}},{"type":"Feature","geometry":{"type":"Polygon","coordinates":[[[16.01,52.86],[16.28,53.12],[16.71,53.19],[16.72,53.39],[16.9,53.53],[16.66,53.8],[16.31,53.8],[16.41,54.0],[15.98,54.07],[16.05,53.66],[15.79,53.73],[15.7,53.66],[15.78,53.46],[15.44,53.53],[15.26,53.26],[14.82,53.19],[14.65,53.06],[14.48,53.06],[14.23,53.26],[14.32,53.39],[13.9,53.73],[13.55,53.66],[13.2,53.33],[12.17,53.39],[11.91,53.6],[11.74,53.6],[11.56,53.39],[11.31,53.46],[11.13,53.33],[11.22,53.19],[11.39,53.19],[11.39,53.06],[11.22,53.06],[11.04,52.86],[11.04,52.65],[11.21,52.65],[11.04,52.38],[12.24,52.52],[12.49,52.45],[12.49,52.32],[12.41,52.32],[12.49,52.12],[13.17,52.12],[13.17,52.25],[13.43,52.18],[13.68,52.32],[13.69,52.45],[14.62,52.32],[14.71,52.32],[14.71,52.45],[15.48,52.52],[15.58,52.72],[16.01,52.79],[16.01,52.86]]]},"properties":{"id":"territory:Margraviate of Brandenburg:1305","name":"Margraviate of Brandenburg","name_en":"Margraviate of Brandenburg","actor":"기타중립","valid_from":1305,"valid_to":1314,"wikidata":"Q148499","area":41672,"src":"cliopatria","confidence":"medium"}},{"type":"Feature","geometry":{"type":"Point","coordinates":[13.777,52.978]},"properties":{"id":"territory:Margraviate of Brandenburg:1305:label","name":"Margraviate of Brandenburg","name_en":"Margraviate of Brandenburg","actor":"기타중립","valid_from":1305,"valid_to":1314,"wikidata":"Q148499","area":41672,"src":"cliopatria","confidence":"medium"}},{"type":"Feature","geometry":{"type":"Polygon","coordinates":[[[16.01,52.86],[16.28,53.12],[16.71,53.19],[16.72,53.39],[16.9,53.53],[16.66,53.8],[16.31,53.8],[16.41,54.0],[15.98,54.07],[16.05,53.66],[15.79,53.73],[15.7,53.66],[15.78,53.46],[15.44,53.53],[15.26,53.26],[14.82,53.19],[14.65,53.06],[14.48,53.06],[14.23,53.26],[14.32,53.39],[13.9,53.73],[13.55,53.66],[13.2,53.33],[12.17,53.39],[11.91,53.6],[11.74,53.6],[11.56,53.39],[11.31,53.46],[11.13,53.33],[11.22,53.19],[11.39,53.19],[11.39,53.06],[11.22,53.06],[11.04,52.86],[11.04,52.65],[11.21,52.65],[11.04,52.38],[12.24,52.52],[12.49,52.45],[12.49,52.32],[12.41,52.32],[12.49,52.12],[13.17,52.12],[13.17,52.25],[13.43,52.18],[13.68,52.32],[13.69,52.45],[14.62,52.32],[14.71,52.32],[14.71,52.45],[15.05,52.45],[15.31,52.52],[15.23,52.65],[16.01,52.79],[16.01,52.86]]]},"properties":{"id":"territory:Margraviate of Brandenburg:1272","name":"Margraviate of Brandenburg","name_en":"Margraviate of Brandenburg","actor":"기타중립","valid_from":1272,"valid_to":1305,"wikidata":"Q148499","area":41412,"src":"cliopatria","confidence":"medium"}},{"type":"Feature","geometry":{"type":"Point","coordinates":[13.767,52.98]},"properties":{"id":"territory:Margraviate of Brandenburg:1272:label","name":"Margraviate of Brandenburg","name_en":"Margraviate of Brandenburg","actor":"기타중립","valid_from":1272,"valid_to":1305,"wikidata":"Q148499","area":41412,"src":"cliopatria","confidence":"medium"}},{"type":"Feature","geometry":{"type":"Polygon","coordinates":[[[27.44,42.69],[26.63,42.56],[26.56,42.69],[26.4,42.69],[25.97,42.43],[24.69,42.37],[24.21,42.43],[24.14,42.56],[23.9,42.56],[23.68,42.82],[22.9,43.08],[22.91,43.15],[22.91,43.21],[23.31,43.15],[23.45,42.95],[24.26,43.02],[24.8,43.67],[25.43,43.6],[25.85,43.73],[26.11,43.99],[26.61,44.12],[27.74,44.12],[27.46,43.73],[27.44,42.69]]]},"properties":{"id":"territory:Second Bulgarian Empire:1385","name":"Second Bulgarian Empire","name_en":"Second Bulgarian Empire","actor":"기타중립","valid_from":1385,"valid_to":1395,"wikidata":"Q420759","area":41224,"src":"cliopatria","confidence":"medium"}},{"type":"Feature","geometry":{"type":"Point","coordinates":[25.832,43.165]},"properties":{"id":"territory:Second Bulgarian Empire:1385:label","name":"Second Bulgarian Empire","name_en":"Second Bulgarian Empire","actor":"기타중립","valid_from":1385,"valid_to":1395,"wikidata":"Q420759","area":41224,"src":"cliopatria","confidence":"medium"}},{"type":"Feature","geometry":{"type":"MultiPolygon","coordinates":[[[[11.57,42.37],[11.57,42.3],[11.49,42.3],[11.49,42.37],[11.57,42.37]]],[[[13.75,43.28],[13.75,43.21],[13.75,43.15],[13.75,43.08],[13.83,43.08],[13.83,43.02],[13.91,43.02],[13.91,42.95],[13.58,42.89],[13.34,42.69],[13.1,42.69],[12.86,42.5],[13.01,42.04],[13.33,41.98],[13.41,41.85],[13.8,41.85],[13.96,41.72],[14.04,41.52],[13.79,41.2],[13.71,41.2],[13.4,41.33],[13.0,41.33],[12.92,41.46],[12.6,41.52],[12.13,41.91],[12.13,42.04],[11.73,42.17],[11.65,42.37],[11.57,42.37],[11.74,42.63],[12.06,42.76],[11.98,43.15],[11.9,43.15],[11.82,43.34],[12.14,43.41],[12.23,43.6],[11.74,43.8],[11.75,44.12],[11.51,44.39],[11.18,44.32],[11.35,44.91],[11.75,44.84],[11.99,44.65],[12.16,44.71],[12.16,44.65],[12.31,44.19],[12.87,43.8],[13.04,43.86],[13.03,43.73],[13.36,43.67],[13.67,43.41],[13.67,43.28],[13.75,43.28]]]]},"properties":{"id":"territory:Papal States:1285","name":"Papal States","name_en":"Papal States","actor":"기타중립","valid_from":1285,"valid_to":1314,"wikidata":"Q170174","area":39501,"src":"cliopatria","confidence":"medium"}},{"type":"Feature","geometry":{"type":"MultiPolygon","coordinates":[[[[11.57,42.37],[11.57,42.3],[11.49,42.3],[11.49,42.37],[11.57,42.37]]],[[[13.75,43.28],[13.75,43.21],[13.75,43.15],[13.75,43.08],[13.83,43.08],[13.83,43.02],[13.91,43.02],[13.91,42.95],[13.58,42.89],[13.34,42.69],[13.1,42.69],[12.86,42.5],[13.01,42.04],[13.33,41.98],[13.41,41.85],[13.8,41.85],[13.96,41.72],[14.04,41.52],[13.79,41.2],[13.71,41.2],[13.4,41.33],[13.0,41.33],[12.92,41.46],[12.6,41.52],[12.13,41.91],[12.13,42.04],[11.73,42.17],[11.65,42.37],[11.57,42.37],[11.74,42.63],[12.06,42.76],[11.98,43.15],[11.9,43.15],[11.82,43.34],[12.14,43.41],[12.23,43.6],[11.74,43.8],[11.75,44.12],[11.51,44.39],[11.18,44.32],[11.35,44.91],[11.75,44.84],[11.99,44.65],[12.16,44.71],[12.16,44.65],[12.31,44.19],[12.87,43.8],[13.04,43.86],[13.03,43.73],[13.36,43.67],[13.67,43.41],[13.67,43.28],[13.75,43.28]]]]},"properties":{"id":"territory:Papal States:1314","name":"Papal States","name_en":"Papal States","actor":"기타중립","valid_from":1314,"valid_to":1463,"wikidata":"Q170174","area":39501,"src":"cliopatria","confidence":"medium"}},{"type":"Feature","geometry":{"type":"Point","coordinates":[12.62,42.936]},"properties":{"id":"territory:Papal States:1285:label","name":"Papal States","name_en":"Papal States","actor":"기타중립","valid_from":1285,"valid_to":1314,"wikidata":"Q170174","area":39501,"src":"cliopatria","confidence":"medium"}},{"type":"Feature","geometry":{"type":"Point","coordinates":[12.62,42.936]},"properties":{"id":"territory:Papal States:1314:label","name":"Papal States","name_en":"Papal States","actor":"기타중립","valid_from":1314,"valid_to":1463,"wikidata":"Q170174","area":39501,"src":"cliopatria","confidence":"medium"}},{"type":"Feature","geometry":{"type":"MultiPolygon","coordinates":[[[[23.0,37.0],[23.06,36.67],[22.83,36.87],[22.6,36.87],[22.51,36.67],[22.36,36.67],[22.22,37.06],[22.14,37.06],[22.15,37.32],[22.32,37.58],[22.71,37.58],[22.71,37.51],[22.71,37.45],[22.7,37.32],[23.0,37.0]]],[[[25.45,39.84],[24.97,39.84],[25.07,40.03],[25.15,40.03],[25.46,40.03],[25.45,39.84]]],[[[22.89,40.61],[22.57,40.55],[22.54,40.1],[22.7,40.1],[22.61,39.9],[23.14,39.45],[22.82,39.38],[22.8,39.06],[22.96,39.13],[23.02,38.87],[22.94,38.87],[22.16,38.93],[22.02,39.26],[21.72,39.51],[21.21,40.36],[21.08,40.74],[21.16,40.74],[21.24,40.74],[21.32,40.74],[21.39,40.74],[21.87,40.81],[21.88,40.94],[22.12,40.94],[22.21,41.13],[23.42,41.33],[23.13,40.61],[23.36,40.55],[23.69,40.68],[23.68,40.61],[23.84,40.55],[23.74,40.23],[23.5,40.29],[23.43,40.29],[22.96,40.42],[22.89,40.61]]],[[[26.02,40.16],[25.7,40.1],[25.72,40.29],[25.8,40.29],[26.04,40.29],[26.02,40.16]]],[[[24.79,40.61],[24.55,40.55],[24.49,40.81],[24.57,40.81],[24.81,40.81],[24.79,40.61]]],[[[41.18,41.07],[41.26,41.07],[41.25,41.0],[41.17,41.0],[41.18,41.07]]],[[[41.27,41.13],[41.35,41.13],[41.34,41.07],[41.26,41.07],[41.27,41.13]]],[[[28.87,41.0],[28.25,41.13],[28.43,41.39],[28.9,41.26],[28.98,41.26],[29.04,41.07],[28.87,41.0]]]]},"properties":{"id":"territory:Byzantine Empire:1385","name":"비잔티움 제국","name_en":"Byzantine Empire","actor":"로마","valid_from":1385,"valid_to":1395,"wikidata":"Q112039853","area":37888,"src":"cliopatria","confidence":"medium"}},{"type":"Feature","geometry":{"type":"Point","coordinates":[22.357,40.183]},"properties":{"id":"territory:Byzantine Empire:1385:label","name":"비잔티움 제국","name_en":"Byzantine Empire","actor":"로마","valid_from":1385,"valid_to":1395,"wikidata":"Q112039853","area":37888,"src":"cliopatria","confidence":"medium"}},{"type":"Feature","geometry":{"type":"Polygon","coordinates":[[[19.42,44.06],[19.11,44.32],[19.3,44.84],[19.22,44.97],[18.89,44.84],[18.58,45.1],[18.09,45.1],[17.5,44.65],[17.1,44.78],[17.03,45.04],[16.79,45.04],[16.62,44.78],[16.29,44.84],[16.29,44.58],[16.52,44.45],[16.51,44.12],[16.67,43.99],[16.74,43.6],[16.82,43.6],[16.81,43.54],[16.9,43.54],[16.98,43.54],[17.06,43.54],[17.05,43.47],[17.37,43.21],[17.36,43.15],[17.6,42.95],[18.24,42.95],[18.25,43.15],[18.5,43.34],[18.51,43.54],[18.83,43.67],[19.0,43.86],[19.41,43.86],[19.5,44.06],[19.42,44.06]]]},"properties":{"id":"territory:Banate of Bosnia:1333","name":"Banate of Bosnia","name_en":"Banate of Bosnia","actor":"기타중립","valid_from":1333,"valid_to":1363,"wikidata":"Q3627069","area":37870,"src":"cliopatria","confidence":"medium"}},{"type":"Feature","geometry":{"type":"Point","coordinates":[17.878,44.129]},"properties":{"id":"territory:Banate of Bosnia:1333:label","name":"Banate of Bosnia","name_en":"Banate of Bosnia","actor":"기타중립","valid_from":1333,"valid_to":1363,"wikidata":"Q3627069","area":37870,"src":"cliopatria","confidence":"medium"}},{"type":"Feature","geometry":{"type":"Polygon","coordinates":[[[17.37,43.21],[17.06,43.54],[16.74,43.6],[16.67,43.99],[16.51,44.12],[16.52,44.45],[16.29,44.58],[16.29,44.84],[16.62,44.78],[16.79,45.04],[17.03,45.04],[17.1,44.78],[17.5,44.65],[18.09,45.1],[18.58,45.1],[18.89,44.84],[19.22,44.97],[19.3,44.84],[19.11,44.32],[19.5,44.06],[19.49,43.93],[19.16,43.8],[19.0,43.86],[18.83,43.67],[18.67,43.67],[18.25,43.15],[18.24,42.95],[17.6,42.95],[17.36,43.15],[17.37,43.21]]]},"properties":{"id":"territory:Banate of Bosnia:1363","name":"Banate of Bosnia","name_en":"Banate of Bosnia","actor":"기타중립","valid_from":1363,"valid_to":1375,"wikidata":"Q3627069","area":37777,"src":"cliopatria","confidence":"medium"}},{"type":"Feature","geometry":{"type":"Point","coordinates":[17.885,44.135]},"properties":{"id":"territory:Banate of Bosnia:1363:label","name":"Banate of Bosnia","name_en":"Banate of Bosnia","actor":"기타중립","valid_from":1363,"valid_to":1375,"wikidata":"Q3627069","area":37777,"src":"cliopatria","confidence":"medium"}},{"type":"Feature","geometry":{"type":"Polygon","coordinates":[[[-1.25,48.46],[-1.5,48.39],[-1.52,48.65],[-1.6,48.65],[-1.69,48.65],[-2.52,48.72],[-2.76,48.59],[-3.12,48.92],[-3.46,48.92],[-3.85,48.72],[-4.6,48.72],[-4.91,48.52],[-4.89,48.32],[-4.64,48.32],[-4.55,48.19],[-4.71,48.13],[-4.69,47.99],[-4.42,47.8],[-3.93,47.86],[-3.76,47.73],[-3.34,47.73],[-3.16,47.47],[-2.84,47.6],[-2.83,47.47],[-2.58,47.47],[-2.56,47.27],[-2.23,47.27],[-2.13,47.07],[-2.13,47.01],[-1.47,46.94],[-1.31,47.07],[-1.32,47.2],[-1.16,47.27],[-1.2,47.8],[-1.04,47.86],[-1.07,48.26],[-0.99,48.26],[-1.0,48.39],[-1.17,48.46],[-1.25,48.46]]]},"properties":{"id":"territory:Duchy of Brittany:1333","name":"Duchy of Brittany","name_en":"Duchy of Brittany","actor":"기타중립","valid_from":1333,"valid_to":1344,"wikidata":"Q71747","area":37386,"src":"cliopatria","confidence":"medium"}},{"type":"Feature","geometry":{"type":"Point","coordinates":[-2.724,48.054]},"properties":{"id":"territory:Duchy of Brittany:1333:label","name":"Duchy of Brittany","name_en":"Duchy of Brittany","actor":"기타중립","valid_from":1333,"valid_to":1344,"wikidata":"Q71747","area":37386,"src":"cliopatria","confidence":"medium"}},{"type":"Feature","geometry":{"type":"Polygon","coordinates":[[[-1.17,48.46],[-1.09,48.46],[-1.08,48.39],[-1.0,48.39],[-1.04,47.86],[-1.2,47.8],[-1.16,47.27],[-1.32,47.2],[-1.39,47.01],[-2.13,47.01],[-2.13,47.07],[-2.23,47.27],[-2.56,47.27],[-2.58,47.47],[-2.83,47.47],[-2.84,47.6],[-3.16,47.47],[-3.34,47.73],[-3.76,47.73],[-3.93,47.86],[-4.42,47.8],[-4.69,47.99],[-4.71,48.13],[-4.55,48.19],[-4.64,48.32],[-4.89,48.32],[-4.91,48.52],[-4.6,48.72],[-3.85,48.72],[-3.46,48.92],[-3.12,48.92],[-2.76,48.59],[-2.52,48.72],[-1.69,48.65],[-1.6,48.65],[-1.52,48.65],[-1.5,48.39],[-1.25,48.46],[-1.17,48.46]]]},"properties":{"id":"territory:Duchy of Brittany:1294","name":"Duchy of Brittany","name_en":"Duchy of Brittany","actor":"기타중립","valid_from":1294,"valid_to":1333,"wikidata":"Q71747","area":37226,"src":"cliopatria","confidence":"medium"}},{"type":"Feature","geometry":{"type":"Point","coordinates":[-2.728,48.061]},"properties":{"id":"territory:Duchy of Brittany:1294:label","name":"Duchy of Brittany","name_en":"Duchy of Brittany","actor":"기타중립","valid_from":1294,"valid_to":1333,"wikidata":"Q71747","area":37226,"src":"cliopatria","confidence":"medium"}},{"type":"Feature","geometry":{"type":"Polygon","coordinates":[[[38.18,37.0],[37.96,37.13],[38.09,37.58],[37.87,37.71],[37.18,37.77],[36.15,37.64],[36.01,37.84],[35.61,37.77],[35.39,37.9],[35.06,37.71],[34.88,37.45],[34.56,37.45],[34.06,37.13],[33.75,37.13],[33.78,36.61],[33.61,36.48],[33.66,36.22],[33.74,36.22],[33.98,36.29],[34.25,36.67],[34.58,36.87],[34.89,36.87],[34.95,36.67],[35.11,36.74],[35.33,36.61],[35.49,36.61],[35.83,36.93],[36.14,36.93],[36.28,36.74],[36.27,36.67],[36.68,36.8],[36.77,37.0],[37.23,36.93],[37.52,36.74],[38.16,36.87],[38.18,37.0]]]},"properties":{"id":"territory:Armenian Kingdom of Cilicia:1305","name":"Armenian Kingdom of Cilicia","name_en":"Armenian Kingdom of Cilicia","actor":"기타중립","valid_from":1305,"valid_to":1326,"wikidata":"Q335088","area":36674,"src":"cliopatria","confidence":"medium"}},{"type":"Feature","geometry":{"type":"Point","coordinates":[35.957,37.191]},"properties":{"id":"territory:Armenian Kingdom of Cilicia:1305:label","name":"Armenian Kingdom of Cilicia","name_en":"Armenian Kingdom of Cilicia","actor":"기타중립","valid_from":1305,"valid_to":1326,"wikidata":"Q335088","area":36674,"src":"cliopatria","confidence":"medium"}},{"type":"Feature","geometry":{"type":"Polygon","coordinates":[[[38.08,37.51],[38.02,37.64],[37.65,37.77],[36.15,37.64],[36.01,37.84],[35.62,37.84],[35.54,37.84],[35.47,37.84],[35.47,37.9],[35.39,37.9],[35.06,37.71],[34.88,37.45],[34.56,37.45],[34.3,37.19],[33.75,37.13],[33.78,36.61],[33.61,36.48],[33.66,36.22],[33.74,36.22],[33.98,36.29],[34.25,36.67],[34.58,36.87],[34.89,36.87],[34.95,36.67],[35.11,36.74],[35.33,36.61],[35.49,36.61],[35.83,36.93],[36.14,36.93],[36.28,36.74],[36.27,36.67],[36.68,36.8],[36.77,37.0],[37.23,36.93],[37.52,36.74],[38.16,36.87],[38.18,37.0],[37.96,37.13],[38.08,37.51]]]},"properties":{"id":"territory:Armenian Kingdom of Cilicia:1344","name":"Armenian Kingdom of Cilicia","name_en":"Armenian Kingdom of Cilicia","actor":"기타중립","valid_from":1344,"valid_to":1363,"wikidata":"Q335088","area":36575,"src":"cliopatria","confidence":"medium"}},{"type":"Feature","geometry":{"type":"Point","coordinates":[35.958,37.191]},"properties":{"id":"territory:Armenian Kingdom of Cilicia:1344:label","name":"Armenian Kingdom of Cilicia","name_en":"Armenian Kingdom of Cilicia","actor":"기타중립","valid_from":1344,"valid_to":1363,"wikidata":"Q335088","area":36575,"src":"cliopatria","confidence":"medium"}},{"type":"Feature","geometry":{"type":"Polygon","coordinates":[[[38.18,37.0],[37.96,37.13],[38.09,37.58],[37.87,37.71],[37.18,37.77],[36.15,37.64],[36.01,37.84],[35.61,37.77],[35.39,37.9],[35.06,37.71],[34.88,37.45],[34.56,37.45],[34.3,37.19],[33.75,37.13],[33.78,36.61],[33.61,36.48],[33.66,36.22],[33.74,36.22],[33.98,36.29],[34.25,36.67],[34.58,36.87],[34.89,36.87],[34.95,36.67],[35.11,36.74],[35.33,36.61],[35.49,36.61],[35.83,36.93],[36.14,36.93],[36.28,36.74],[36.27,36.67],[36.68,36.8],[36.77,37.0],[37.23,36.93],[37.52,36.74],[38.16,36.87],[38.18,37.0]]]},"properties":{"id":"territory:Armenian Kingdom of Cilicia:1326","name":"Armenian Kingdom of Cilicia","name_en":"Armenian Kingdom of Cilicia","actor":"기타중립","valid_from":1326,"valid_to":1344,"wikidata":"Q335088","area":36551,"src":"cliopatria","confidence":"medium"}},{"type":"Feature","geometry":{"type":"Point","coordinates":[35.963,37.19]},"properties":{"id":"territory:Armenian Kingdom of Cilicia:1326:label","name":"Armenian Kingdom of Cilicia","name_en":"Armenian Kingdom of Cilicia","actor":"기타중립","valid_from":1326,"valid_to":1344,"wikidata":"Q335088","area":36551,"src":"cliopatria","confidence":"medium"}},{"type":"Feature","geometry":{"type":"MultiPolygon","coordinates":[[[[11.44,48.85],[11.28,48.52],[10.94,48.46],[10.86,48.32],[11.85,48.32],[11.94,48.19],[12.43,48.06],[12.43,47.86],[12.59,47.8],[12.59,47.66],[12.51,47.4],[12.34,47.33],[12.26,47.53],[12.01,47.53],[11.85,47.27],[11.6,47.27],[11.44,47.33],[11.44,47.47],[11.27,47.47],[11.27,47.53],[10.69,47.6],[10.61,47.6],[10.69,47.73],[10.45,47.8],[10.53,48.32],[10.45,48.32],[10.44,48.59],[10.28,48.72],[10.28,48.85],[10.03,48.99],[10.03,49.12],[10.36,49.25],[10.61,48.92],[10.94,48.85],[11.03,48.99],[10.86,49.05],[11.28,49.12],[11.28,49.25],[11.03,49.25],[11.03,49.45],[11.28,49.52],[11.2,49.78],[11.7,49.91],[11.87,50.18],[12.12,50.18],[12.37,49.98],[12.37,49.71],[12.78,49.32],[12.44,49.05],[11.86,48.92],[11.78,48.92],[11.44,48.85]]],[[[7.86,49.12],[7.69,49.38],[7.36,49.25],[7.02,49.58],[7.6,49.58],[7.51,49.91],[7.76,49.91],[7.85,49.71],[8.27,49.71],[8.36,49.45],[8.61,49.45],[8.77,49.32],[8.27,49.25],[8.11,48.99],[7.86,49.05],[7.86,49.12]]]]},"properties":{"id":"territory:Duchy of Bavaria:1294","name":"Duchy of Bavaria","name_en":"Duchy of Bavaria","actor":"기타중립","valid_from":1294,"valid_to":1305,"wikidata":"Q47261","area":35300,"src":"cliopatria","confidence":"medium"}},{"type":"Feature","geometry":{"type":"Point","coordinates":[11.509,48.636]},"properties":{"id":"territory:Duchy of Bavaria:1294:label","name":"Duchy of Bavaria","name_en":"Duchy of Bavaria","actor":"기타중립","valid_from":1294,"valid_to":1305,"wikidata":"Q47261","area":35300,"src":"cliopatria","confidence":"medium"}},{"type":"Feature","geometry":{"type":"MultiPolygon","coordinates":[[[[11.44,48.85],[11.28,48.52],[10.94,48.46],[10.86,48.32],[11.85,48.32],[11.94,48.19],[12.43,48.06],[12.43,47.86],[12.59,47.8],[12.59,47.66],[12.51,47.4],[12.34,47.33],[12.26,47.53],[12.01,47.53],[11.85,47.27],[11.6,47.27],[11.44,47.33],[11.44,47.47],[11.27,47.47],[11.27,47.53],[10.69,47.6],[10.61,47.6],[10.69,47.73],[10.45,47.8],[10.53,48.19],[10.53,48.26],[10.44,48.59],[10.28,48.72],[10.28,48.85],[10.03,48.99],[10.03,49.12],[10.36,49.25],[10.61,48.92],[10.94,48.85],[11.03,48.99],[10.86,49.05],[11.28,49.12],[11.28,49.25],[11.03,49.25],[11.03,49.45],[11.28,49.52],[11.2,49.78],[11.7,49.91],[11.87,50.18],[12.12,50.18],[12.37,49.98],[12.37,49.71],[12.78,49.32],[12.44,49.05],[11.86,48.92],[11.78,48.92],[11.44,48.85]]],[[[7.86,49.12],[7.69,49.38],[7.36,49.25],[7.02,49.58],[7.6,49.58],[7.51,49.91],[7.76,49.91],[7.85,49.71],[8.27,49.71],[8.36,49.45],[8.61,49.45],[8.77,49.32],[8.27,49.25],[8.11,48.99],[7.86,49.05],[7.86,49.12]]]]},"properties":{"id":"territory:Duchy of Bavaria:1305","name":"Duchy of Bavaria","name_en":"Duchy of Bavaria","actor":"기타중립","valid_from":1305,"valid_to":1326,"wikidata":"Q47261","area":35188,"src":"cliopatria","confidence":"medium"}},{"type":"Feature","geometry":{"type":"Point","coordinates":[11.512,48.637]},"properties":{"id":"territory:Duchy of Bavaria:1305:label","name":"Duchy of Bavaria","name_en":"Duchy of Bavaria","actor":"기타중립","valid_from":1305,"valid_to":1326,"wikidata":"Q47261","area":35188,"src":"cliopatria","confidence":"medium"}},{"type":"Feature","geometry":{"type":"Polygon","coordinates":[[[27.21,51.38],[27.49,52.25],[27.67,52.32],[27.7,52.52],[28.2,53.06],[28.24,53.33],[27.49,53.46],[26.88,53.46],[26.52,53.33],[25.93,53.39],[25.45,52.99],[25.53,52.25],[25.62,52.25],[25.53,51.51],[26.03,51.38],[25.99,51.05],[26.49,51.05],[26.59,51.18],[27.21,51.38]]]},"properties":{"id":"territory:Principality of Pinsk:1294","name":"Principality of Pinsk","name_en":"Principality of Pinsk","actor":"기타중립","valid_from":1294,"valid_to":1314,"wikidata":"Q671362","area":34385,"src":"cliopatria","confidence":"medium"}},{"type":"Feature","geometry":{"type":"Point","coordinates":[26.657,52.419]},"properties":{"id":"territory:Principality of Pinsk:1294:label","name":"Principality of Pinsk","name_en":"Principality of Pinsk","actor":"기타중립","valid_from":1294,"valid_to":1314,"wikidata":"Q671362","area":34385,"src":"cliopatria","confidence":"medium"}},{"type":"Feature","geometry":{"type":"Polygon","coordinates":[[[27.21,51.38],[27.49,52.25],[27.67,52.32],[27.7,52.52],[28.2,53.06],[28.24,53.33],[26.88,53.46],[26.52,53.33],[25.75,53.33],[25.63,53.06],[25.45,52.99],[25.53,52.25],[25.62,52.25],[25.53,51.51],[26.03,51.38],[25.99,51.05],[26.49,51.05],[26.59,51.18],[27.21,51.38]]]},"properties":{"id":"territory:Principality of Pinsk:1314","name":"Principality of Pinsk","name_en":"Principality of Pinsk","actor":"기타중립","valid_from":1314,"valid_to":1326,"wikidata":"Q671362","area":33892,"src":"cliopatria","confidence":"medium"}},{"type":"Feature","geometry":{"type":"Point","coordinates":[26.652,52.406]},"properties":{"id":"territory:Principality of Pinsk:1314:label","name":"Principality of Pinsk","name_en":"Principality of Pinsk","actor":"기타중립","valid_from":1314,"valid_to":1326,"wikidata":"Q671362","area":33892,"src":"cliopatria","confidence":"medium"}},{"type":"Feature","geometry":{"type":"Polygon","coordinates":[[[36.24,40.94],[36.41,41.0],[36.47,40.87],[36.63,40.87],[36.76,41.2],[36.92,41.2],[36.92,41.26],[36.21,41.26],[35.95,41.72],[35.16,41.72],[35.12,42.04],[34.88,42.04],[34.78,41.91],[33.27,41.91],[33.19,41.91],[33.63,41.59],[32.3,41.13],[32.38,41.13],[32.59,40.94],[32.91,40.94],[32.9,40.81],[33.77,40.81],[33.74,40.61],[34.71,40.74],[34.79,40.74],[35.75,40.81],[36.16,40.94],[36.24,40.94]]]},"properties":{"id":"territory:Kastamonu:1333","name":"Kastamonu","name_en":"Kastamonu","actor":"기타중립","valid_from":1333,"valid_to":1344,"wikidata":"Q155915","area":33647,"src":"cliopatria","confidence":"medium"}},{"type":"Feature","geometry":{"type":"Point","coordinates":[34.571,41.271]},"properties":{"id":"territory:Kastamonu:1333:label","name":"Kastamonu","name_en":"Kastamonu","actor":"기타중립","valid_from":1333,"valid_to":1344,"wikidata":"Q155915","area":33647,"src":"cliopatria","confidence":"medium"}},{"type":"Feature","geometry":{"type":"MultiPolygon","coordinates":[[[[30.75,37.58],[30.27,37.45],[30.05,37.58],[30.25,38.03],[30.33,38.03],[30.33,38.09],[30.52,38.48],[30.84,38.55],[30.93,38.67],[31.56,38.61],[31.85,38.42],[31.84,38.29],[31.52,38.22],[31.0,37.71],[30.92,37.71],[30.84,37.71],[30.84,37.64],[30.76,37.64],[30.75,37.58]]],[[[31.17,39.51],[31.04,38.93],[30.48,38.87],[30.15,38.67],[28.64,38.48],[28.5,38.67],[28.52,38.93],[28.78,39.19],[28.79,39.26],[28.8,39.45],[28.98,39.64],[30.95,39.64],[30.94,39.58],[31.02,39.58],[31.1,39.58],[31.18,39.58],[31.17,39.51]]]]},"properties":{"id":"territory:Germiyanids:1333","name":"Germiyanids","name_en":"Germiyanids","actor":"기타중립","valid_from":1333,"valid_to":1344,"wikidata":"Q1324889","area":33276,"src":"cliopatria","confidence":"medium"}},{"type":"Feature","geometry":{"type":"Point","coordinates":[29.776,39.131]},"properties":{"id":"territory:Germiyanids:1333:label","name":"Germiyanids","name_en":"Germiyanids","actor":"기타중립","valid_from":1333,"valid_to":1344,"wikidata":"Q1324889","area":33276,"src":"cliopatria","confidence":"medium"}},{"type":"Feature","geometry":{"type":"Polygon","coordinates":[[[22.29,52.25],[22.42,52.72],[22.34,52.79],[22.43,52.79],[22.65,53.26],[22.3,53.26],[22.49,53.46],[22.42,53.6],[21.29,53.46],[20.93,53.26],[20.67,53.26],[20.4,53.06],[19.72,53.26],[19.63,53.12],[19.1,52.92],[19.42,52.65],[19.48,52.32],[20.08,52.25],[20.07,52.12],[20.31,51.92],[20.56,51.92],[20.72,51.78],[20.71,51.65],[21.04,51.58],[22.1,52.05],[22.29,52.25]]]},"properties":{"id":"territory:Duchy of Masovia:1305","name":"Duchy of Masovia","name_en":"Duchy of Masovia","actor":"기타중립","valid_from":1305,"valid_to":1326,"wikidata":"Q2361927","area":31448,"src":"cliopatria","confidence":"medium"}},{"type":"Feature","geometry":{"type":"Point","coordinates":[21.063,52.648]},"properties":{"id":"territory:Duchy of Masovia:1305:label","name":"Duchy of Masovia","name_en":"Duchy of Masovia","actor":"기타중립","valid_from":1305,"valid_to":1326,"wikidata":"Q2361927","area":31448,"src":"cliopatria","confidence":"medium"}},{"type":"Feature","geometry":{"type":"Polygon","coordinates":[[[22.29,52.25],[22.42,52.72],[22.34,52.79],[22.43,52.79],[22.65,53.26],[22.3,53.26],[22.49,53.46],[22.42,53.6],[21.29,53.46],[20.93,53.26],[20.67,53.26],[20.4,53.06],[19.72,53.26],[19.63,53.12],[19.1,52.92],[19.42,52.65],[19.48,52.32],[20.08,52.25],[20.07,52.12],[20.31,51.92],[20.56,51.92],[20.72,51.78],[20.71,51.65],[20.96,51.58],[22.1,52.05],[22.29,52.25]]]},"properties":{"id":"territory:Duchy of Masovia:1279","name":"Duchy of Masovia","name_en":"Duchy of Masovia","actor":"기타중립","valid_from":1279,"valid_to":1305,"wikidata":"Q2361927","area":31317,"src":"cliopatria","confidence":"medium"}},{"type":"Feature","geometry":{"type":"Point","coordinates":[21.061,52.651]},"properties":{"id":"territory:Duchy of Masovia:1279:label","name":"Duchy of Masovia","name_en":"Duchy of Masovia","actor":"기타중립","valid_from":1279,"valid_to":1305,"wikidata":"Q2361927","area":31317,"src":"cliopatria","confidence":"medium"}},{"type":"Feature","geometry":{"type":"Polygon","coordinates":[[[31.34,39.64],[31.67,39.77],[31.69,39.9],[32.03,40.16],[32.0,40.61],[31.92,40.61],[32.04,40.94],[31.32,40.94],[31.25,40.94],[30.16,40.42],[29.92,40.42],[29.94,40.55],[29.7,40.61],[29.72,40.74],[29.48,40.74],[29.4,40.74],[28.91,40.61],[28.9,40.48],[29.05,40.42],[28.89,40.36],[28.81,40.36],[28.68,39.77],[28.98,39.64],[30.95,39.64],[31.03,39.64],[31.11,39.64],[31.19,39.64],[31.27,39.64],[31.34,39.64]]]},"properties":{"id":"territory:Ottoman Empire:1333","name":"오스만 제국","name_en":"Ottoman Empire","actor":"기타중립","valid_from":1333,"valid_to":1344,"wikidata":"Q12560","area":31143,"src":"cliopatria","confidence":"medium"}},{"type":"Feature","geometry":{"type":"Point","coordinates":[30.44,40.204]},"properties":{"id":"territory:Ottoman Empire:1333:label","name":"오스만 제국","name_en":"Ottoman Empire","actor":"기타중립","valid_from":1333,"valid_to":1344,"wikidata":"Q12560","area":31143,"src":"cliopatria","confidence":"medium"}},{"type":"Feature","geometry":{"type":"MultiPolygon","coordinates":[[[[-2.68,36.74],[-4.47,36.74],[-4.69,36.55],[-5.23,36.48],[-5.29,36.22],[-5.66,36.03],[-5.67,36.1],[-5.77,36.48],[-5.85,36.48],[-5.8,36.87],[-5.12,37.19],[-4.66,37.19],[-3.9,37.51],[-3.59,37.51],[-3.52,37.64],[-3.04,37.58],[-2.83,37.9],[-2.12,37.84],[-1.94,37.38],[-1.78,37.32],[-1.86,37.32],[-2.06,36.8],[-2.38,36.87],[-2.45,36.87],[-2.68,36.74]]],[[[-1.78,37.25],[-1.78,37.32],[-1.7,37.32],[-1.7,37.25],[-1.78,37.25]]]]},"properties":{"id":"territory:Emirate of Granada:1294","name":"Emirate of Granada","name_en":"Emirate of Granada","actor":"기타중립","valid_from":1294,"valid_to":1333,"wikidata":"Q238445","area":31106,"src":"cliopatria","confidence":"medium"}},{"type":"Feature","geometry":{"type":"Point","coordinates":[-3.736,37.072]},"properties":{"id":"territory:Emirate of Granada:1294:label","name":"Emirate of Granada","name_en":"Emirate of Granada","actor":"기타중립","valid_from":1294,"valid_to":1333,"wikidata":"Q238445","area":31106,"src":"cliopatria","confidence":"medium"}},{"type":"Feature","geometry":{"type":"Polygon","coordinates":[[[22.2,52.12],[22.2,52.18],[22.15,52.52],[22.4,52.52],[22.34,52.79],[22.63,53.12],[22.65,53.26],[22.3,53.26],[22.49,53.46],[22.42,53.6],[21.29,53.46],[20.93,53.26],[20.67,53.26],[20.4,53.06],[19.72,53.26],[19.63,53.12],[19.1,52.92],[19.42,52.65],[19.48,52.32],[20.08,52.25],[20.07,52.12],[20.31,51.92],[20.56,51.92],[20.72,51.78],[20.71,51.65],[20.96,51.58],[22.01,51.98],[22.11,52.12],[22.2,52.12]]]},"properties":{"id":"territory:Duchy of Masovia:1326","name":"Duchy of Masovia","name_en":"Duchy of Masovia","actor":"기타중립","valid_from":1326,"valid_to":1333,"wikidata":"Q2361927","area":30989,"src":"cliopatria","confidence":"medium"}},{"type":"Feature","geometry":{"type":"Polygon","coordinates":[[[22.2,52.12],[22.2,52.18],[22.15,52.52],[22.4,52.52],[22.34,52.79],[22.63,53.12],[22.65,53.26],[22.3,53.26],[22.49,53.46],[22.42,53.6],[21.29,53.46],[20.93,53.26],[20.67,53.26],[20.4,53.06],[19.72,53.26],[19.63,53.12],[19.1,52.92],[19.42,52.65],[19.48,52.32],[20.08,52.25],[20.07,52.12],[20.31,51.92],[20.56,51.92],[20.72,51.78],[20.71,51.65],[20.96,51.58],[22.01,51.98],[22.11,52.12],[22.2,52.12]]]},"properties":{"id":"territory:Duchy of Masovia:1344","name":"Duchy of Masovia","name_en":"Duchy of Masovia","actor":"기타중립","valid_from":1344,"valid_to":1352,"wikidata":"Q2361927","area":30989,"src":"cliopatria","confidence":"medium"}},{"type":"Feature","geometry":{"type":"Point","coordinates":[21.047,52.651]},"properties":{"id":"territory:Duchy of Masovia:1326:label","name":"Duchy of Masovia","name_en":"Duchy of Masovia","actor":"기타중립","valid_from":1326,"valid_to":1333,"wikidata":"Q2361927","area":30989,"src":"cliopatria","confidence":"medium"}},{"type":"Feature","geometry":{"type":"Point","coordinates":[21.047,52.651]},"properties":{"id":"territory:Duchy of Masovia:1344:label","name":"Duchy of Masovia","name_en":"Duchy of Masovia","actor":"기타중립","valid_from":1344,"valid_to":1352,"wikidata":"Q2361927","area":30989,"src":"cliopatria","confidence":"medium"}},{"type":"Feature","geometry":{"type":"Polygon","coordinates":[[[30.84,37.64],[30.43,37.45],[30.05,37.58],[29.97,37.58],[29.9,37.58],[29.82,37.58],[29.81,37.51],[29.73,37.51],[29.66,37.51],[29.58,37.51],[28.71,37.45],[28.68,37.96],[28.38,38.09],[28.64,38.48],[30.15,38.67],[30.48,38.87],[31.04,38.93],[31.03,38.87],[31.02,38.8],[30.95,38.8],[30.94,38.74],[30.93,38.67],[31.01,38.67],[31.4,38.67],[31.77,38.42],[31.85,38.42],[31.84,38.29],[31.52,38.22],[31.0,37.71],[30.92,37.71],[30.84,37.71],[30.84,37.64]],[[30.33,38.03],[30.33,38.09],[30.25,38.09],[30.25,38.03],[30.33,38.03]]]},"properties":{"id":"territory:Beylik of Hamid:1326","name":"Beylik of Hamid","name_en":"Beylik of Hamid","actor":"기타중립","valid_from":1326,"valid_to":1333,"wikidata":"Q2410637","area":30958,"src":"cliopatria","confidence":"medium"}},{"type":"Feature","geometry":{"type":"Point","coordinates":[30.052,38.139]},"properties":{"id":"territory:Beylik of Hamid:1326:label","name":"Beylik of Hamid","name_en":"Beylik of Hamid","actor":"기타중립","valid_from":1326,"valid_to":1333,"wikidata":"Q2410637","area":30958,"src":"cliopatria","confidence":"medium"}},{"type":"Feature","geometry":{"type":"Polygon","coordinates":[[[31.24,36.87],[31.69,36.74],[31.77,36.74],[31.96,37.13],[31.8,37.13],[31.68,37.51],[31.0,37.71],[30.92,37.71],[30.84,37.71],[30.84,37.64],[30.43,37.45],[30.05,37.58],[28.71,37.45],[28.64,37.45],[28.63,37.38],[28.43,36.87],[28.51,36.87],[28.74,36.74],[29.12,36.74],[29.24,36.22],[29.94,36.22],[30.03,36.35],[30.49,36.35],[30.54,36.87],[31.16,36.87],[31.24,36.87]]]},"properties":{"id":"territory:Beylik of Teke:1352","name":"Beylik of Teke","name_en":"Beylik of Teke","actor":"기타중립","valid_from":1352,"valid_to":1363,"wikidata":"Q373988","area":30671,"src":"cliopatria","confidence":"medium"}},{"type":"Feature","geometry":{"type":"Point","coordinates":[30.114,37.028]},"properties":{"id":"territory:Beylik of Teke:1352:label","name":"Beylik of Teke","name_en":"Beylik of Teke","actor":"기타중립","valid_from":1352,"valid_to":1363,"wikidata":"Q373988","area":30671,"src":"cliopatria","confidence":"medium"}},{"type":"Feature","geometry":{"type":"Polygon","coordinates":[[[28.79,39.26],[28.8,39.45],[28.98,39.64],[28.68,39.77],[28.81,40.36],[28.73,40.36],[27.94,40.36],[27.95,40.48],[27.79,40.48],[27.7,40.29],[27.54,40.29],[27.47,40.42],[26.75,40.36],[26.67,40.36],[26.26,40.1],[26.25,40.03],[26.13,39.51],[26.85,39.58],[26.74,39.26],[26.89,39.19],[26.88,39.0],[26.96,39.0],[26.95,38.93],[28.52,38.93],[28.78,39.19],[28.79,39.26]]]},"properties":{"id":"territory:Beylik of Karasi:1326","name":"Beylik of Karasi","name_en":"Beylik of Karasi","actor":"기타중립","valid_from":1326,"valid_to":1333,"wikidata":"Q941887","area":30666,"src":"cliopatria","confidence":"medium"}},{"type":"Feature","geometry":{"type":"Polygon","coordinates":[[[28.79,39.26],[28.8,39.45],[28.98,39.64],[28.68,39.77],[28.81,40.36],[28.73,40.36],[27.94,40.36],[27.95,40.48],[27.79,40.48],[27.7,40.29],[27.54,40.29],[27.47,40.42],[26.75,40.36],[26.67,40.36],[26.26,40.1],[26.25,40.03],[26.13,39.51],[26.85,39.58],[26.74,39.26],[26.89,39.19],[26.88,39.0],[26.96,39.0],[26.95,38.93],[28.52,38.93],[28.78,39.19],[28.79,39.26]]]},"properties":{"id":"territory:Beylik of Karasi:1333","name":"Beylik of Karasi","name_en":"Beylik of Karasi","actor":"기타중립","valid_from":1333,"valid_to":1344,"wikidata":"Q941887","area":30666,"src":"cliopatria","confidence":"medium"}},{"type":"Feature","geometry":{"type":"Point","coordinates":[27.624,39.694]},"properties":{"id":"territory:Beylik of Karasi:1326:label","name":"Beylik of Karasi","name_en":"Beylik of Karasi","actor":"기타중립","valid_from":1326,"valid_to":1333,"wikidata":"Q941887","area":30666,"src":"cliopatria","confidence":"medium"}},{"type":"Feature","geometry":{"type":"Point","coordinates":[27.624,39.694]},"properties":{"id":"territory:Beylik of Karasi:1333:label","name":"Beylik of Karasi","name_en":"Beylik of Karasi","actor":"기타중립","valid_from":1333,"valid_to":1344,"wikidata":"Q941887","area":30666,"src":"cliopatria","confidence":"medium"}},{"type":"Feature","geometry":{"type":"Polygon","coordinates":[[[31.16,36.87],[30.62,36.93],[30.49,36.35],[30.03,36.35],[29.94,36.22],[29.24,36.22],[29.12,36.74],[28.74,36.74],[28.51,36.87],[28.43,36.87],[28.63,37.38],[28.64,37.45],[28.71,37.45],[30.05,37.58],[30.27,37.45],[30.75,37.58],[30.76,37.64],[30.84,37.64],[30.84,37.71],[30.92,37.71],[31.0,37.71],[31.68,37.51],[31.8,37.13],[31.96,37.13],[31.77,36.74],[31.69,36.74],[31.24,36.87],[31.16,36.87]]]},"properties":{"id":"territory:Beylik of Teke:1375","name":"Beylik of Teke","name_en":"Beylik of Teke","actor":"기타중립","valid_from":1375,"valid_to":1422,"wikidata":"Q373988","area":30648,"src":"cliopatria","confidence":"medium"}},{"type":"Feature","geometry":{"type":"Point","coordinates":[30.114,37.026]},"properties":{"id":"territory:Beylik of Teke:1375:label","name":"Beylik of Teke","name_en":"Beylik of Teke","actor":"기타중립","valid_from":1375,"valid_to":1422,"wikidata":"Q373988","area":30648,"src":"cliopatria","confidence":"medium"}},{"type":"Feature","geometry":{"type":"Polygon","coordinates":[[[31.24,36.87],[31.69,36.74],[31.77,36.74],[31.96,37.13],[31.8,37.13],[31.68,37.51],[31.0,37.71],[30.92,37.71],[30.84,37.71],[30.84,37.64],[30.76,37.64],[30.75,37.58],[30.27,37.45],[30.05,37.58],[28.71,37.45],[28.64,37.45],[28.63,37.38],[28.43,36.87],[28.51,36.87],[28.74,36.74],[29.12,36.74],[29.24,36.22],[29.94,36.22],[30.03,36.35],[30.49,36.35],[30.54,36.87],[31.16,36.87],[31.24,36.87]]]},"properties":{"id":"territory:Beylik of Teke:1344","name":"Beylik of Teke","name_en":"Beylik of Teke","actor":"기타중립","valid_from":1344,"valid_to":1352,"wikidata":"Q373988","area":30647,"src":"cliopatria","confidence":"medium"}},{"type":"Feature","geometry":{"type":"Point","coordinates":[30.115,37.028]},"properties":{"id":"territory:Beylik of Teke:1344:label","name":"Beylik of Teke","name_en":"Beylik of Teke","actor":"기타중립","valid_from":1344,"valid_to":1352,"wikidata":"Q373988","area":30647,"src":"cliopatria","confidence":"medium"}},{"type":"Feature","geometry":{"type":"Polygon","coordinates":[[[31.16,36.87],[30.62,36.93],[30.49,36.35],[30.03,36.35],[29.94,36.22],[29.24,36.22],[29.12,36.74],[28.74,36.74],[28.51,36.87],[28.43,36.87],[28.63,37.38],[28.64,37.45],[28.71,37.45],[29.58,37.51],[29.66,37.51],[29.73,37.51],[29.81,37.51],[29.82,37.58],[29.9,37.58],[29.97,37.58],[30.05,37.58],[30.43,37.45],[30.84,37.64],[30.84,37.71],[30.92,37.71],[31.0,37.71],[31.68,37.51],[31.8,37.13],[31.96,37.13],[31.77,36.74],[31.69,36.74],[31.24,36.87],[31.16,36.87]]]},"properties":{"id":"territory:Beylik of Teke:1326","name":"Beylik of Teke","name_en":"Beylik of Teke","actor":"기타중립","valid_from":1326,"valid_to":1333,"wikidata":"Q373988","area":30549,"src":"cliopatria","confidence":"medium"}},{"type":"Feature","geometry":{"type":"Point","coordinates":[30.117,37.024]},"properties":{"id":"territory:Beylik of Teke:1326:label","name":"Beylik of Teke","name_en":"Beylik of Teke","actor":"기타중립","valid_from":1326,"valid_to":1333,"wikidata":"Q373988","area":30549,"src":"cliopatria","confidence":"medium"}},{"type":"Feature","geometry":{"type":"Polygon","coordinates":[[[31.16,36.87],[30.62,36.93],[30.49,36.35],[30.03,36.35],[29.94,36.22],[29.24,36.22],[29.12,36.74],[28.74,36.74],[28.51,36.87],[28.43,36.87],[28.63,37.38],[28.64,37.45],[28.71,37.45],[29.58,37.51],[29.66,37.51],[29.73,37.51],[29.81,37.51],[29.82,37.58],[29.9,37.58],[29.97,37.58],[30.05,37.58],[30.27,37.45],[30.75,37.58],[30.76,37.64],[30.84,37.64],[30.84,37.71],[30.92,37.71],[31.0,37.71],[31.68,37.51],[31.8,37.13],[31.96,37.13],[31.77,36.74],[31.69,36.74],[31.24,36.87],[31.16,36.87]]]},"properties":{"id":"territory:Beylik of Teke:1333","name":"Beylik of Teke","name_en":"Beylik of Teke","actor":"기타중립","valid_from":1333,"valid_to":1344,"wikidata":"Q373988","area":30525,"src":"cliopatria","confidence":"medium"}},{"type":"Feature","geometry":{"type":"Point","coordinates":[30.117,37.024]},"properties":{"id":"territory:Beylik of Teke:1333:label","name":"Beylik of Teke","name_en":"Beylik of Teke","actor":"기타중립","valid_from":1333,"valid_to":1344,"wikidata":"Q373988","area":30525,"src":"cliopatria","confidence":"medium"}},{"type":"Feature","geometry":{"type":"Polygon","coordinates":[[[39.36,38.35],[39.31,38.55],[38.85,38.61],[36.83,38.74],[36.48,38.48],[36.16,38.42],[36.05,38.16],[35.72,38.03],[35.62,37.84],[36.01,37.84],[36.15,37.64],[37.01,37.71],[37.65,37.77],[38.02,37.64],[38.08,37.51],[38.72,37.64],[39.5,38.22],[39.51,38.29],[39.43,38.29],[39.44,38.35],[39.36,38.35]]]},"properties":{"id":"territory:Beylik of Dulkadir:1385","name":"Beylik of Dulkadir","name_en":"Beylik of Dulkadir","actor":"기타중립","valid_from":1385,"valid_to":1402,"wikidata":"Q1264808","area":30319,"src":"cliopatria","confidence":"medium"}},{"type":"Feature","geometry":{"type":"Point","coordinates":[37.642,38.156]},"properties":{"id":"territory:Beylik of Dulkadir:1385:label","name":"Beylik of Dulkadir","name_en":"Beylik of Dulkadir","actor":"기타중립","valid_from":1385,"valid_to":1402,"wikidata":"Q1264808","area":30319,"src":"cliopatria","confidence":"medium"}},{"type":"Feature","geometry":{"type":"Polygon","coordinates":[[[38.72,37.64],[39.5,38.22],[39.31,38.55],[38.85,38.61],[36.83,38.74],[36.48,38.48],[36.16,38.42],[36.05,38.16],[35.72,38.03],[35.62,37.84],[36.01,37.84],[36.15,37.64],[37.65,37.77],[38.02,37.64],[38.08,37.51],[38.72,37.64]]]},"properties":{"id":"territory:Beylik of Dulkadir:1344","name":"Beylik of Dulkadir","name_en":"Beylik of Dulkadir","actor":"기타중립","valid_from":1344,"valid_to":1375,"wikidata":"Q1264808","area":30294,"src":"cliopatria","confidence":"medium"}},{"type":"Feature","geometry":{"type":"Point","coordinates":[37.646,38.157]},"properties":{"id":"territory:Beylik of Dulkadir:1344:label","name":"Beylik of Dulkadir","name_en":"Beylik of Dulkadir","actor":"기타중립","valid_from":1344,"valid_to":1375,"wikidata":"Q1264808","area":30294,"src":"cliopatria","confidence":"medium"}},{"type":"Feature","geometry":{"type":"Polygon","coordinates":[[[-1.25,48.46],[-1.5,48.39],[-1.52,48.65],[-1.6,48.65],[-1.69,48.65],[-2.52,48.72],[-2.76,48.59],[-3.12,48.92],[-3.46,48.92],[-3.61,48.79],[-4.02,48.72],[-4.1,48.72],[-3.97,48.26],[-3.28,47.93],[-3.34,47.73],[-3.34,47.66],[-3.16,47.47],[-2.84,47.6],[-2.83,47.47],[-2.58,47.47],[-2.56,47.27],[-2.23,47.27],[-2.13,47.07],[-2.13,47.01],[-1.47,46.94],[-1.31,47.07],[-1.32,47.2],[-1.16,47.27],[-1.2,47.8],[-1.04,47.86],[-1.07,48.26],[-0.99,48.26],[-1.0,48.39],[-1.17,48.46],[-1.25,48.46]]]},"properties":{"id":"territory:Duchy of Brittany:1344","name":"Duchy of Brittany","name_en":"Duchy of Brittany","actor":"기타중립","valid_from":1344,"valid_to":1363,"wikidata":"Q71747","area":30269,"src":"cliopatria","confidence":"medium"}},{"type":"Feature","geometry":{"type":"Point","coordinates":[-2.377,48.018]},"properties":{"id":"territory:Duchy of Brittany:1344:label","name":"Duchy of Brittany","name_en":"Duchy of Brittany","actor":"기타중립","valid_from":1344,"valid_to":1363,"wikidata":"Q71747","area":30269,"src":"cliopatria","confidence":"medium"}},{"type":"Feature","geometry":{"type":"Polygon","coordinates":[[[39.36,38.35],[39.31,38.55],[38.85,38.61],[36.83,38.74],[36.48,38.48],[36.16,38.42],[36.05,38.16],[35.72,38.03],[35.62,37.84],[36.01,37.84],[36.15,37.64],[37.65,37.77],[38.02,37.64],[38.08,37.51],[38.72,37.64],[39.5,38.22],[39.51,38.29],[39.43,38.29],[39.44,38.35],[39.36,38.35]]]},"properties":{"id":"territory:Beylik of Dulkadir:1375","name":"Beylik of Dulkadir","name_en":"Beylik of Dulkadir","actor":"기타중립","valid_from":1375,"valid_to":1385,"wikidata":"Q1264808","area":30245,"src":"cliopatria","confidence":"medium"}},{"type":"Feature","geometry":{"type":"Point","coordinates":[37.643,38.157]},"properties":{"id":"territory:Beylik of Dulkadir:1375:label","name":"Beylik of Dulkadir","name_en":"Beylik of Dulkadir","actor":"기타중립","valid_from":1375,"valid_to":1385,"wikidata":"Q1264808","area":30245,"src":"cliopatria","confidence":"medium"}},{"type":"Feature","geometry":{"type":"Polygon","coordinates":[[[-1.25,48.46],[-1.5,48.39],[-1.52,48.65],[-1.6,48.65],[-1.69,48.65],[-2.52,48.72],[-2.76,48.59],[-3.12,48.92],[-3.46,48.92],[-3.61,48.79],[-4.02,48.72],[-4.1,48.72],[-3.97,48.26],[-3.28,47.93],[-3.34,47.73],[-3.34,47.66],[-3.16,47.47],[-2.84,47.6],[-2.83,47.47],[-2.58,47.47],[-2.56,47.27],[-2.23,47.27],[-2.13,47.07],[-2.13,47.01],[-1.39,47.01],[-1.32,47.2],[-1.16,47.27],[-1.2,47.8],[-1.04,47.86],[-1.0,48.39],[-1.08,48.39],[-1.09,48.46],[-1.17,48.46],[-1.25,48.46]]]},"properties":{"id":"territory:Duchy of Brittany:1363","name":"Duchy of Brittany","name_en":"Duchy of Brittany","actor":"기타중립","valid_from":1363,"valid_to":1402,"wikidata":"Q71747","area":30109,"src":"cliopatria","confidence":"medium"}},{"type":"Feature","geometry":{"type":"Point","coordinates":[-2.38,48.027]},"properties":{"id":"territory:Duchy of Brittany:1363:label","name":"Duchy of Brittany","name_en":"Duchy of Brittany","actor":"기타중립","valid_from":1363,"valid_to":1402,"wikidata":"Q71747","area":30109,"src":"cliopatria","confidence":"medium"}},{"type":"Feature","geometry":{"type":"MultiPolygon","coordinates":[[[[-2.68,36.74],[-4.47,36.74],[-4.69,36.55],[-5.23,36.48],[-5.29,36.22],[-5.66,36.03],[-5.67,36.1],[-5.86,36.67],[-5.73,36.93],[-4.95,37.0],[-4.81,37.19],[-4.04,37.38],[-3.9,37.51],[-3.59,37.51],[-3.52,37.64],[-3.04,37.58],[-2.83,37.9],[-2.12,37.84],[-1.94,37.38],[-1.78,37.32],[-1.86,37.32],[-2.06,36.8],[-2.38,36.87],[-2.45,36.87],[-2.68,36.74]]],[[[-1.78,37.25],[-1.78,37.32],[-1.7,37.32],[-1.7,37.25],[-1.78,37.25]]]]},"properties":{"id":"territory:Emirate of Granada:1333","name":"Emirate of Granada","name_en":"Emirate of Granada","actor":"기타중립","valid_from":1333,"valid_to":1344,"wikidata":"Q238445","area":30044,"src":"cliopatria","confidence":"medium"}},{"type":"Feature","geometry":{"type":"MultiPolygon","coordinates":[[[[-2.68,36.74],[-4.47,36.74],[-4.69,36.55],[-5.23,36.48],[-5.29,36.22],[-5.66,36.03],[-5.67,36.1],[-5.86,36.67],[-5.73,36.93],[-4.95,37.0],[-4.81,37.19],[-4.04,37.38],[-3.9,37.51],[-3.59,37.51],[-3.52,37.64],[-3.04,37.58],[-2.83,37.9],[-2.12,37.84],[-1.94,37.38],[-1.78,37.32],[-1.86,37.32],[-2.06,36.8],[-2.38,36.87],[-2.45,36.87],[-2.68,36.74]]],[[[-1.78,37.25],[-1.78,37.32],[-1.7,37.32],[-1.7,37.25],[-1.78,37.25]]]]},"properties":{"id":"territory:Emirate of Granada:1363","name":"Emirate of Granada","name_en":"Emirate of Granada","actor":"기타중립","valid_from":1363,"valid_to":1375,"wikidata":"Q238445","area":30044,"src":"cliopatria","confidence":"medium"}},{"type":"Feature","geometry":{"type":"Point","coordinates":[-3.689,37.07]},"properties":{"id":"territory:Emirate of Granada:1333:label","name":"Emirate of Granada","name_en":"Emirate of Granada","actor":"기타중립","valid_from":1333,"valid_to":1344,"wikidata":"Q238445","area":30044,"src":"cliopatria","confidence":"medium"}},{"type":"Feature","geometry":{"type":"Point","coordinates":[-3.689,37.07]},"properties":{"id":"territory:Emirate of Granada:1363:label","name":"Emirate of Granada","name_en":"Emirate of Granada","actor":"기타중립","valid_from":1363,"valid_to":1375,"wikidata":"Q238445","area":30044,"src":"cliopatria","confidence":"medium"}}]}