{"type":"FeatureCollection","features":[{"type":"Feature","geometry":{"type":"Polygon","coordinates":[[[68.48,23.36],[68.34,23.43],[68.35,23.56],[68.13,23.56],[68.16,23.81],[67.63,23.81],[67.49,23.88],[67.44,24.07],[67.29,24.07],[67.33,24.39],[67.25,24.39],[67.21,24.71],[66.63,24.84],[66.68,25.23],[66.35,25.55],[66.02,25.36],[64.82,25.29],[64.8,25.16],[64.28,25.23],[64.23,25.36],[63.63,25.36],[63.46,25.23],[63.39,25.23],[63.53,26.39],[63.18,26.58],[63.0,26.97],[62.8,27.09],[62.81,27.22],[62.61,27.35],[62.62,27.48],[62.35,27.67],[62.18,28.06],[61.97,28.19],[61.99,28.32],[61.78,28.44],[61.8,28.57],[61.66,28.64],[61.75,28.77],[61.49,29.02],[61.45,29.28],[60.98,29.67],[61.0,29.79],[60.85,29.79],[60.59,30.05],[60.61,30.18],[60.35,30.44],[60.19,30.44],[60.38,32.43],[60.3,32.43],[60.46,33.26],[60.38,33.26],[60.57,33.84],[60.49,33.84],[60.57,34.23],[60.82,34.36],[60.78,34.55],[61.05,34.74],[61.19,35.39],[61.26,35.39],[61.34,35.77],[61.22,35.9],[61.2,36.55],[60.44,36.61],[59.92,37.13],[59.41,37.25],[59.17,37.58],[58.4,37.64],[57.91,37.9],[57.52,37.9],[57.19,38.22],[56.9,38.29],[56.58,38.29],[56.31,38.09],[55.2,38.03],[54.83,37.77],[54.79,37.58],[54.61,37.45],[54.04,37.32],[53.96,37.32],[53.91,37.84],[53.83,37.84],[53.99,39.0],[53.52,39.38],[53.14,39.45],[53.54,39.51],[53.5,40.03],[52.72,40.1],[52.71,40.42],[52.79,40.42],[52.89,40.87],[52.97,40.87],[52.94,40.74],[53.34,40.74],[53.45,40.87],[53.4,40.68],[54.39,40.81],[56.83,40.74],[57.46,41.39],[58.26,43.47],[58.42,43.47],[58.63,43.67],[59.12,43.41],[60.29,43.54],[60.5,43.73],[60.6,44.06],[60.78,44.12],[61.02,44.65],[61.58,44.91],[61.7,45.3],[62.56,45.17],[62.9,44.97],[64.48,44.58],[66.95,44.45],[67.7,44.52],[67.65,44.39],[68.74,44.25],[69.58,43.86],[69.84,43.93],[69.85,43.73],[70.15,43.67],[70.39,43.41],[71.38,43.02],[72.5,43.02],[74.01,43.21],[74.3,43.34],[74.69,43.08],[75.34,42.89],[75.74,42.89],[75.87,43.02],[77.85,42.95],[77.93,42.95],[79.08,42.82],[79.25,42.63],[79.41,42.63],[79.44,42.5],[80.03,42.37],[77.8,41.52],[78.04,41.33],[78.05,41.13],[78.29,41.13],[78.24,41.0],[78.39,40.74],[78.29,40.23],[78.36,40.23],[78.26,39.45],[78.34,39.45],[78.03,38.74],[77.47,38.48],[77.39,38.48],[77.22,38.67],[76.61,38.74],[75.98,38.74],[74.98,38.55],[74.81,38.22],[74.65,38.22],[74.54,37.84],[74.62,37.84],[74.54,37.58],[74.66,37.45],[74.53,37.25],[74.68,37.25],[74.57,37.13],[74.78,37.06],[74.67,36.93],[74.75,36.93],[74.71,36.8],[74.85,36.74],[75.0,36.16],[75.2,36.03],[75.16,35.9],[75.34,35.71],[75.28,34.87],[75.44,34.61],[75.3,34.36],[75.38,34.36],[75.32,33.84],[75.4,33.84],[75.47,33.2],[75.62,33.2],[75.93,32.88],[76.1,32.94],[76.11,32.69],[76.49,32.36],[76.65,32.36],[76.69,32.24],[76.85,32.24],[76.89,32.11],[77.75,31.85],[77.73,31.79],[76.3,30.5],[76.24,29.86],[76.13,29.67],[76.25,29.54],[76.25,29.15],[76.38,29.02],[76.34,28.83],[76.41,28.83],[76.65,28.06],[76.85,27.93],[76.83,27.8],[77.02,27.61],[77.05,26.9],[76.85,26.64],[76.7,26.64],[75.29,25.74],[75.27,25.62],[74.76,25.23],[74.77,24.78],[74.61,24.65],[74.6,24.59],[74.57,24.39],[74.27,24.33],[74.17,24.21],[74.09,23.93],[74.0,23.6],[71.91,24.04],[70.06,24.12],[69.89,23.98],[68.79,23.86],[68.74,23.84],[68.42,23.57],[68.53,23.36],[68.48,23.36]],[[77.37,42.11],[78.04,42.17],[78.58,42.56],[78.66,42.76],[76.53,42.63],[76.51,42.37],[77.29,42.11],[77.37,42.11]]]},"properties":{"id":"territory:White Huns:490","name":"백훈(에프탈)","name_en":"White Huns","actor":"기타중립","valid_from":490,"valid_to":523,"wikidata":"Q41761342","area":3300387,"src":"cliopatria","confidence":"medium"}},{"type":"Feature","geometry":{"type":"Point","coordinates":[67.729,35.142]},"properties":{"id":"territory:White Huns:490:label","name":"백훈(에프탈)","name_en":"White Huns","actor":"기타중립","valid_from":490,"valid_to":523,"wikidata":"Q41761342","area":3300387,"src":"cliopatria","confidence":"medium"}},{"type":"Feature","geometry":{"type":"MultiPolygon","coordinates":[[[[51.21,25.42],[51.13,25.42],[51.14,25.49],[51.21,25.49],[51.21,25.42]]],[[[50.65,25.87],[50.43,25.94],[50.46,26.26],[50.69,26.26],[50.67,26.13],[50.67,26.07],[50.65,25.87]]],[[[48.76,38.35],[48.84,38.35],[48.83,37.84],[49.09,37.51],[50.0,37.38],[50.32,37.0],[50.57,37.06],[50.63,37.0],[50.53,36.87],[50.82,36.74],[51.64,36.55],[52.19,36.55],[53.09,36.8],[54.03,36.87],[54.09,37.19],[53.91,37.45],[53.91,37.84],[53.83,37.84],[53.99,39.0],[53.52,39.38],[53.14,39.45],[53.54,39.51],[53.5,40.03],[52.72,40.1],[52.71,40.42],[52.79,40.42],[52.89,40.87],[52.97,40.87],[52.94,40.74],[53.34,40.74],[53.45,40.87],[53.4,40.68],[54.54,40.81],[56.65,40.36],[56.99,40.42],[56.96,40.29],[57.11,40.29],[57.16,40.16],[57.35,40.29],[58.33,40.42],[58.54,40.29],[58.85,40.29],[58.98,40.16],[59.77,40.16],[59.77,39.84],[60.08,39.84],[60.05,39.71],[60.68,39.71],[60.71,39.51],[61.2,39.58],[62.5,40.03],[62.58,40.03],[62.61,39.84],[63.05,39.71],[63.09,39.58],[63.25,39.58],[63.7,39.19],[64.26,38.93],[64.5,38.93],[65.11,38.55],[64.76,36.16],[64.84,36.16],[64.75,35.77],[64.83,35.77],[64.77,35.52],[64.9,35.39],[64.9,35.07],[65.17,34.87],[65.14,34.74],[65.46,34.42],[65.75,34.36],[65.86,34.16],[66.02,34.16],[66.25,33.84],[66.41,33.84],[66.52,33.65],[66.88,33.52],[66.99,33.33],[67.22,33.33],[67.19,33.2],[67.42,33.2],[68.12,32.88],[68.09,32.75],[68.38,32.69],[68.64,32.43],[68.61,32.3],[68.94,32.04],[69.02,31.72],[69.0,31.59],[68.29,31.08],[67.96,30.56],[67.52,30.24],[67.21,29.79],[66.93,28.57],[67.01,28.57],[66.97,28.32],[67.04,28.32],[67.05,27.87],[67.12,27.87],[67.06,27.48],[67.17,27.22],[67.2,26.32],[67.5,25.81],[67.11,25.1],[66.64,24.91],[66.65,24.97],[66.62,25.36],[66.35,25.55],[66.02,25.36],[64.82,25.29],[64.8,25.16],[64.28,25.23],[64.23,25.36],[63.63,25.36],[63.54,25.23],[62.56,25.23],[62.47,25.1],[62.18,25.16],[62.02,25.04],[61.72,25.04],[61.66,25.16],[61.13,25.1],[60.92,25.23],[60.62,25.23],[60.63,25.36],[59.06,25.36],[58.78,25.55],[57.96,25.55],[57.74,25.62],[57.68,25.74],[57.38,25.74],[57.18,25.94],[57.05,26.84],[56.71,27.16],[56.19,27.16],[56.1,27.03],[56.32,27.03],[56.31,26.9],[56.06,26.71],[55.6,26.64],[55.44,26.52],[55.29,26.52],[55.31,26.71],[55.54,26.77],[55.24,26.77],[54.83,26.45],[54.46,26.52],[54.26,26.71],[53.66,26.71],[53.46,26.97],[52.74,27.22],[52.48,27.61],[52.05,27.8],[51.6,27.8],[51.32,27.99],[51.33,28.12],[51.07,28.44],[51.03,28.77],[50.81,28.83],[50.92,29.09],[50.62,29.15],[50.65,29.41],[50.24,29.73],[50.06,30.18],[49.59,29.99],[48.94,30.31],[48.99,30.05],[48.37,29.92],[48.4,29.6],[47.87,29.54],[47.85,29.41],[48.08,29.41],[48.22,29.28],[48.19,29.09],[48.46,28.77],[48.56,28.32],[48.97,27.93],[48.87,27.67],[49.24,27.61],[49.36,27.29],[50.13,26.77],[50.12,26.58],[50.25,26.45],[50.22,26.13],[50.07,26.07],[50.21,26.0],[50.33,25.62],[50.61,25.42],[50.65,25.1],[50.73,25.1],[50.77,25.55],[50.92,25.62],[50.95,25.94],[51.12,26.13],[51.42,26.13],[51.7,25.87],[51.57,25.36],[51.72,25.29],[51.69,24.97],[51.52,24.78],[51.41,24.33],[51.85,24.26],[51.91,24.01],[52.28,24.01],[52.6,24.26],[53.11,24.14],[54.08,24.14],[54.1,24.33],[54.32,24.26],[54.56,24.46],[54.74,24.84],[55.14,25.1],[55.41,25.55],[55.97,25.87],[56.17,26.32],[56.48,26.39],[56.54,26.32],[56.39,25.55],[56.46,25.55],[56.42,25.16],[56.5,25.16],[56.4,24.97],[56.54,24.91],[56.79,24.33],[57.49,23.88],[58.81,23.62],[59.08,23.3],[59.07,23.17],[59.28,23.04],[59.27,22.91],[58.9,22.91],[58.91,23.04],[58.61,23.04],[58.33,23.3],[57.96,23.3],[57.97,23.43],[57.83,23.49],[56.81,23.75],[56.82,23.88],[56.54,24.07],[56.49,24.33],[56.27,24.39],[56.29,24.59],[56.09,24.84],[55.86,24.78],[55.84,24.59],[55.62,24.65],[54.81,23.94],[54.27,23.75],[51.88,23.69],[51.82,23.88],[51.17,24.07],[51.1,24.2],[51.2,24.52],[51.13,24.59],[51.29,24.71],[51.33,25.1],[51.4,25.1],[51.27,25.29],[51.35,25.36],[51.32,25.87],[51.17,25.87],[51.23,25.68],[50.98,25.42],[50.96,25.23],[51.12,25.29],[50.92,24.71],[50.62,24.65],[50.34,24.97],[50.03,25.68],[49.67,25.87],[49.88,26.45],[49.25,26.97],[49.27,27.09],[49.06,27.29],[48.55,27.48],[48.53,27.99],[48.32,28.19],[48.25,28.19],[48.21,28.57],[47.53,29.28],[47.65,29.67],[46.7,29.92],[46.66,30.24],[46.45,30.37],[45.77,30.44],[45.08,31.08],[45.1,31.21],[44.81,31.34],[44.86,31.72],[44.73,31.98],[43.91,32.11],[43.92,32.17],[43.7,32.24],[43.49,32.43],[43.5,32.56],[43.35,32.56],[43.15,32.81],[42.71,32.94],[42.58,33.14],[42.21,33.26],[42.22,33.33],[42.06,33.33],[42.0,33.46],[41.49,33.65],[41.43,33.78],[41.27,33.78],[41.21,33.91],[40.91,33.97],[40.7,34.16],[40.31,34.1],[40.4,34.23],[40.18,34.29],[40.1,34.29],[40.62,34.74],[40.77,34.74],[41.11,35.0],[41.09,36.03],[41.66,36.29],[41.68,36.42],[41.53,36.48],[41.55,36.61],[41.21,37.0],[41.13,38.09],[40.91,38.22],[40.95,38.48],[40.87,38.48],[40.97,38.61],[40.98,39.26],[41.26,39.51],[41.33,39.97],[41.48,39.97],[41.67,40.16],[41.7,40.36],[41.36,40.68],[41.53,41.26],[42.25,41.26],[42.36,41.46],[42.62,41.59],[42.86,41.59],[43.34,41.13],[43.98,41.13],[44.24,41.26],[45.11,41.26],[45.3,41.0],[45.6,40.87],[45.46,40.55],[45.59,40.42],[46.2,40.29],[46.26,40.16],[46.48,40.1],[46.46,39.97],[46.77,39.97],[47.07,39.84],[47.12,39.71],[47.53,39.77],[47.74,39.64],[48.53,39.64],[48.81,39.45],[48.78,39.32],[48.92,39.19],[48.9,39.13],[48.77,38.8],[48.76,38.35]]]]},"properties":{"id":"territory:Sasanian Empire:439","name":"사산조 페르시아","name_en":"Sasanian Empire","actor":"기타중립","valid_from":439,"valid_to":451,"wikidata":"Q1661685","area":3129341,"src":"cliopatria","confidence":"medium"}},{"type":"Feature","geometry":{"type":"Point","coordinates":[55.322,33.159]},"properties":{"id":"territory:Sasanian Empire:439:label","name":"사산조 페르시아","name_en":"Sasanian Empire","actor":"기타중립","valid_from":439,"valid_to":451,"wikidata":"Q1661685","area":3129341,"src":"cliopatria","confidence":"medium"}},{"type":"Feature","geometry":{"type":"MultiPolygon","coordinates":[[[[51.13,25.42],[51.14,25.49],[51.21,25.49],[51.21,25.42],[51.13,25.42]]],[[[50.65,25.87],[50.43,25.94],[50.46,26.26],[50.69,26.26],[50.67,26.13],[50.67,26.07],[50.65,25.87]]],[[[57.24,40.16],[57.35,40.29],[58.33,40.42],[58.54,40.29],[58.85,40.29],[58.98,40.16],[59.77,40.16],[59.77,39.84],[60.08,39.84],[60.05,39.71],[60.68,39.71],[60.71,39.51],[61.2,39.58],[62.5,40.03],[62.58,40.03],[62.61,39.84],[63.05,39.71],[63.09,39.58],[63.25,39.58],[63.7,39.19],[65.12,38.61],[64.75,35.77],[64.83,35.77],[64.85,35.19],[65.17,34.87],[65.14,34.74],[65.46,34.42],[66.02,34.16],[66.52,33.65],[66.88,33.52],[66.99,33.33],[67.22,33.33],[67.19,33.2],[67.42,33.2],[68.12,32.88],[68.09,32.75],[68.38,32.69],[68.64,32.43],[68.61,32.3],[68.94,32.04],[69.02,31.72],[69.0,31.59],[68.29,31.08],[67.96,30.56],[67.52,30.24],[67.21,29.79],[66.93,28.57],[67.01,28.57],[66.97,28.32],[67.04,28.32],[67.05,27.87],[67.12,27.87],[67.06,27.48],[67.17,27.22],[67.2,26.32],[67.5,25.81],[67.11,25.1],[66.64,24.91],[66.65,24.97],[66.62,25.36],[66.35,25.55],[66.02,25.36],[64.82,25.29],[64.8,25.16],[64.28,25.23],[64.23,25.36],[63.63,25.36],[63.54,25.23],[62.56,25.23],[62.47,25.1],[62.18,25.16],[62.02,25.04],[61.72,25.04],[61.66,25.16],[61.13,25.1],[60.92,25.23],[60.62,25.23],[60.63,25.36],[59.06,25.36],[58.78,25.55],[57.96,25.55],[57.74,25.62],[57.68,25.74],[57.38,25.74],[57.18,25.94],[57.05,26.84],[56.71,27.16],[56.19,27.16],[56.1,27.03],[56.32,27.03],[56.31,26.9],[56.06,26.71],[55.6,26.64],[55.44,26.52],[55.29,26.52],[55.31,26.71],[55.54,26.77],[55.24,26.77],[54.83,26.45],[54.46,26.52],[54.26,26.71],[53.66,26.71],[53.46,26.97],[52.74,27.22],[52.48,27.61],[52.05,27.8],[51.6,27.8],[51.32,27.99],[51.33,28.12],[51.07,28.44],[51.03,28.77],[50.81,28.83],[50.92,29.09],[50.62,29.15],[50.65,29.41],[50.24,29.73],[50.06,30.18],[49.59,29.99],[48.94,30.31],[48.99,30.05],[48.37,29.92],[48.4,29.6],[47.87,29.54],[47.85,29.41],[48.08,29.41],[48.22,29.28],[48.19,29.09],[48.46,28.77],[48.56,28.32],[48.97,27.93],[48.87,27.67],[49.24,27.61],[49.36,27.29],[50.13,26.77],[50.12,26.58],[50.25,26.45],[50.22,26.13],[50.07,26.07],[50.21,26.0],[50.33,25.62],[50.61,25.42],[50.65,25.1],[50.73,25.1],[50.77,25.55],[50.92,25.62],[50.95,25.94],[51.12,26.13],[51.42,26.13],[51.7,25.87],[51.57,25.36],[51.72,25.29],[51.69,24.97],[51.52,24.78],[51.41,24.33],[51.85,24.26],[51.91,24.01],[52.28,24.01],[52.6,24.26],[53.11,24.14],[54.08,24.14],[54.1,24.33],[54.32,24.26],[54.56,24.46],[54.74,24.84],[55.14,25.1],[55.41,25.55],[55.97,25.87],[56.17,26.32],[56.48,26.39],[56.54,26.32],[56.39,25.55],[56.46,25.55],[56.42,25.16],[56.5,25.16],[56.4,24.97],[56.54,24.91],[56.79,24.33],[57.49,23.88],[58.81,23.62],[59.08,23.3],[59.07,23.17],[59.28,23.04],[59.27,22.91],[58.9,22.91],[58.91,23.04],[58.61,23.04],[58.33,23.3],[57.96,23.3],[57.97,23.43],[57.83,23.49],[56.81,23.75],[56.82,23.88],[56.54,24.07],[56.49,24.33],[56.27,24.39],[56.29,24.59],[56.09,24.84],[55.86,24.78],[55.84,24.59],[55.62,24.65],[54.81,23.94],[54.27,23.75],[51.88,23.69],[51.82,23.88],[51.17,24.07],[51.1,24.2],[51.2,24.52],[51.13,24.59],[51.29,24.71],[51.33,25.1],[51.4,25.1],[51.27,25.29],[51.35,25.36],[51.32,25.87],[51.17,25.87],[51.23,25.68],[50.98,25.42],[50.96,25.23],[51.12,25.29],[50.92,24.71],[50.62,24.65],[50.34,24.97],[50.03,25.68],[49.67,25.87],[49.88,26.45],[49.25,26.97],[49.27,27.09],[49.06,27.29],[48.55,27.48],[48.53,27.99],[48.32,28.19],[48.25,28.19],[48.21,28.57],[47.53,29.28],[47.65,29.67],[46.7,29.92],[46.66,30.24],[46.45,30.37],[45.77,30.44],[45.08,31.08],[45.1,31.21],[44.81,31.34],[44.86,31.72],[44.73,31.98],[43.9,32.04],[43.92,32.17],[43.7,32.24],[43.49,32.43],[43.5,32.56],[43.35,32.56],[43.15,32.81],[42.71,32.94],[42.58,33.14],[42.21,33.26],[42.22,33.33],[42.06,33.33],[42.0,33.46],[41.49,33.65],[41.43,33.78],[41.27,33.78],[41.21,33.91],[40.91,33.97],[40.7,34.16],[40.31,34.1],[40.4,34.23],[40.18,34.29],[40.1,34.29],[40.62,34.74],[40.77,34.74],[41.11,35.0],[41.09,36.03],[41.66,36.29],[41.68,36.42],[41.53,36.48],[41.55,36.61],[41.21,37.0],[41.12,38.03],[41.67,38.03],[41.97,37.96],[42.03,37.84],[42.51,37.9],[43.26,37.71],[43.89,37.71],[44.02,37.58],[44.12,37.71],[44.05,37.77],[44.31,37.9],[44.36,38.22],[44.7,38.42],[44.72,39.0],[44.99,39.26],[45.23,39.26],[45.29,39.13],[45.87,38.87],[46.34,38.87],[46.51,38.93],[46.56,39.19],[47.12,39.71],[48.3,39.71],[48.67,39.58],[48.92,39.19],[48.9,39.13],[48.77,38.8],[48.76,38.35],[48.84,38.35],[48.83,37.84],[49.09,37.51],[50.0,37.38],[50.32,37.0],[50.57,37.06],[50.63,37.0],[50.53,36.87],[50.82,36.74],[51.64,36.55],[52.19,36.55],[53.09,36.8],[54.03,36.87],[54.09,37.19],[53.91,37.45],[53.91,37.84],[53.83,37.84],[53.99,39.0],[53.52,39.38],[53.14,39.45],[53.54,39.51],[53.5,40.03],[52.72,40.1],[52.71,40.42],[52.79,40.42],[52.89,40.87],[52.97,40.87],[52.94,40.74],[53.34,40.74],[53.45,40.87],[53.4,40.68],[54.54,40.81],[56.65,40.36],[56.99,40.42],[56.96,40.29],[57.03,40.29],[57.24,40.16]]],[[[47.04,39.71],[47.05,39.77],[47.13,39.77],[47.12,39.71],[47.04,39.71]]]]},"properties":{"id":"territory:Sasanian Empire:451","name":"사산조 페르시아","name_en":"Sasanian Empire","actor":"기타중립","valid_from":451,"valid_to":490,"wikidata":"Q1661685","area":2986976,"src":"cliopatria","confidence":"medium"}},{"type":"Feature","geometry":{"type":"Point","coordinates":[55.937,32.824]},"properties":{"id":"territory:Sasanian Empire:451:label","name":"사산조 페르시아","name_en":"Sasanian Empire","actor":"기타중립","valid_from":451,"valid_to":490,"wikidata":"Q1661685","area":2986976,"src":"cliopatria","confidence":"medium"}},{"type":"Feature","geometry":{"type":"MultiPolygon","coordinates":[[[[51.13,25.42],[51.14,25.49],[51.21,25.49],[51.21,25.42],[51.13,25.42]]],[[[50.65,25.87],[50.43,25.94],[50.46,26.26],[50.69,26.26],[50.67,26.13],[50.67,26.07],[50.65,25.87]]],[[[57.24,40.16],[57.35,40.29],[58.33,40.42],[58.54,40.29],[58.85,40.29],[58.98,40.16],[59.77,40.16],[59.77,39.84],[60.08,39.84],[60.05,39.71],[60.68,39.71],[60.71,39.51],[61.2,39.58],[62.5,40.03],[62.58,40.03],[62.61,39.84],[63.05,39.71],[63.09,39.58],[63.25,39.58],[63.7,39.19],[64.26,38.93],[64.5,38.93],[65.11,38.55],[64.76,36.16],[64.84,36.16],[64.75,35.77],[64.83,35.77],[64.77,35.52],[64.9,35.39],[64.9,35.07],[65.17,34.87],[65.14,34.74],[65.46,34.42],[65.75,34.36],[65.86,34.16],[66.02,34.16],[66.25,33.84],[66.41,33.84],[66.52,33.65],[66.88,33.52],[66.99,33.33],[67.22,33.33],[67.19,33.2],[67.42,33.2],[68.12,32.88],[68.09,32.75],[68.38,32.69],[68.64,32.43],[68.61,32.3],[68.94,32.04],[69.02,31.72],[69.0,31.59],[68.29,31.08],[67.96,30.56],[67.52,30.24],[67.21,29.79],[66.93,28.57],[67.01,28.57],[66.97,28.32],[67.04,28.32],[67.05,27.87],[67.12,27.87],[67.06,27.48],[67.17,27.22],[67.2,26.32],[67.5,25.81],[67.11,25.1],[66.64,24.91],[66.65,24.97],[66.62,25.36],[66.35,25.55],[66.02,25.36],[64.82,25.29],[64.8,25.16],[64.28,25.23],[64.23,25.36],[63.63,25.36],[63.54,25.23],[62.56,25.23],[62.47,25.1],[62.18,25.16],[62.02,25.04],[61.72,25.04],[61.66,25.16],[61.13,25.1],[60.92,25.23],[60.62,25.23],[60.63,25.36],[59.06,25.36],[58.78,25.55],[57.96,25.55],[57.74,25.62],[57.68,25.74],[57.38,25.74],[57.18,25.94],[57.05,26.84],[56.71,27.16],[56.19,27.16],[56.1,27.03],[56.32,27.03],[56.31,26.9],[56.06,26.71],[55.6,26.64],[55.44,26.52],[55.29,26.52],[55.31,26.71],[55.54,26.77],[55.24,26.77],[54.83,26.45],[54.46,26.52],[54.26,26.71],[53.66,26.71],[53.46,26.97],[52.74,27.22],[52.48,27.61],[52.05,27.8],[51.6,27.8],[51.32,27.99],[51.33,28.12],[51.07,28.44],[51.03,28.77],[50.81,28.83],[50.92,29.09],[50.62,29.15],[50.65,29.41],[50.24,29.73],[50.06,30.18],[49.59,29.99],[48.94,30.31],[48.99,30.05],[48.37,29.92],[48.4,29.6],[47.87,29.54],[47.85,29.41],[48.08,29.41],[48.22,29.28],[48.19,29.09],[48.46,28.77],[48.56,28.32],[48.97,27.93],[48.87,27.67],[49.24,27.61],[49.36,27.29],[50.13,26.77],[50.12,26.58],[50.25,26.45],[50.22,26.13],[50.07,26.07],[50.21,26.0],[50.33,25.62],[50.61,25.42],[50.65,25.1],[50.73,25.1],[50.77,25.55],[50.92,25.62],[50.95,25.94],[51.12,26.13],[51.42,26.13],[51.7,25.87],[51.57,25.36],[51.72,25.29],[51.69,24.97],[51.52,24.78],[51.41,24.33],[51.85,24.26],[51.91,24.01],[52.28,24.01],[52.6,24.26],[53.11,24.14],[54.08,24.14],[54.1,24.33],[54.32,24.26],[54.56,24.46],[54.74,24.84],[55.14,25.1],[55.41,25.55],[55.97,25.87],[56.17,26.32],[56.48,26.39],[56.54,26.32],[56.39,25.55],[56.46,25.55],[56.42,25.16],[56.5,25.16],[56.4,24.97],[56.54,24.91],[56.79,24.33],[57.49,23.88],[58.81,23.62],[59.08,23.3],[59.07,23.17],[59.28,23.04],[59.27,22.91],[58.9,22.91],[58.91,23.04],[58.61,23.04],[58.33,23.3],[57.96,23.3],[57.97,23.43],[57.83,23.49],[56.81,23.75],[56.82,23.88],[56.54,24.07],[56.49,24.33],[56.27,24.39],[56.29,24.59],[56.09,24.84],[55.86,24.78],[55.84,24.59],[55.62,24.65],[54.81,23.94],[54.27,23.75],[51.88,23.69],[51.82,23.88],[51.17,24.07],[51.1,24.2],[51.2,24.52],[51.13,24.59],[51.29,24.71],[51.33,25.1],[51.4,25.1],[51.27,25.29],[51.35,25.36],[51.32,25.87],[51.17,25.87],[51.23,25.68],[50.98,25.42],[50.96,25.23],[51.12,25.29],[50.92,24.71],[50.62,24.65],[50.34,24.97],[50.03,25.68],[49.67,25.87],[49.88,26.45],[49.25,26.97],[49.27,27.09],[49.06,27.29],[48.55,27.48],[48.53,27.99],[48.32,28.19],[48.25,28.19],[48.21,28.57],[47.53,29.28],[47.65,29.67],[46.7,29.92],[46.66,30.24],[46.45,30.37],[45.77,30.44],[45.08,31.08],[45.1,31.21],[44.81,31.34],[44.86,31.72],[44.73,31.98],[43.9,32.04],[43.92,32.17],[43.7,32.24],[43.49,32.43],[43.5,32.56],[43.35,32.56],[43.15,32.81],[42.71,32.94],[42.58,33.14],[42.21,33.26],[42.22,33.33],[42.06,33.33],[42.0,33.46],[41.49,33.65],[41.43,33.78],[41.27,33.78],[41.21,33.91],[40.91,33.97],[40.7,34.16],[40.31,34.1],[40.4,34.23],[40.18,34.29],[40.1,34.29],[40.62,34.74],[40.77,34.74],[41.11,35.0],[41.09,36.03],[41.66,36.29],[41.68,36.42],[41.53,36.48],[41.55,36.61],[41.21,37.0],[41.12,38.03],[41.67,38.03],[41.97,37.96],[42.03,37.84],[42.51,37.9],[43.26,37.71],[43.89,37.71],[44.02,37.58],[44.12,37.71],[44.05,37.77],[44.31,37.9],[44.36,38.22],[44.7,38.42],[44.72,39.0],[44.99,39.26],[45.23,39.26],[45.29,39.13],[45.87,38.87],[46.34,38.87],[46.51,38.93],[46.56,39.19],[47.12,39.71],[48.3,39.71],[48.67,39.58],[48.92,39.19],[48.9,39.13],[48.77,38.8],[48.76,38.35],[48.84,38.35],[48.83,37.84],[49.09,37.51],[50.0,37.38],[50.32,37.0],[50.57,37.06],[50.63,37.0],[50.53,36.87],[50.82,36.74],[51.64,36.55],[52.19,36.55],[53.09,36.8],[54.03,36.87],[54.09,37.19],[53.91,37.45],[53.91,37.84],[53.83,37.84],[53.99,39.0],[53.52,39.38],[53.14,39.45],[53.54,39.51],[53.5,40.03],[52.72,40.1],[52.71,40.42],[52.79,40.42],[52.89,40.87],[52.97,40.87],[52.94,40.74],[53.34,40.74],[53.45,40.87],[53.4,40.68],[54.54,40.81],[56.65,40.36],[56.99,40.42],[56.96,40.29],[57.03,40.29],[57.24,40.16]]],[[[47.04,39.71],[47.05,39.77],[47.13,39.77],[47.12,39.71],[47.04,39.71]]]]},"properties":{"id":"territory:Sasanian Empire:410","name":"사산조 페르시아","name_en":"Sasanian Empire","actor":"기타중립","valid_from":410,"valid_to":439,"wikidata":"Q1661685","area":2986321,"src":"cliopatria","confidence":"medium"}},{"type":"Feature","geometry":{"type":"Point","coordinates":[55.935,32.823]},"properties":{"id":"territory:Sasanian Empire:410:label","name":"사산조 페르시아","name_en":"Sasanian Empire","actor":"기타중립","valid_from":410,"valid_to":439,"wikidata":"Q1661685","area":2986321,"src":"cliopatria","confidence":"medium"}},{"type":"Feature","geometry":{"type":"MultiPolygon","coordinates":[[[[51.13,25.42],[51.14,25.49],[51.21,25.49],[51.21,25.42],[51.13,25.42]]],[[[50.65,25.87],[50.43,25.94],[50.46,26.26],[50.69,26.26],[50.67,26.13],[50.67,26.07],[50.65,25.87]]],[[[57.24,40.16],[57.35,40.29],[58.33,40.42],[58.54,40.29],[58.85,40.29],[58.98,40.16],[59.77,40.16],[59.77,39.84],[60.08,39.84],[60.05,39.71],[60.68,39.71],[60.71,39.51],[61.2,39.58],[62.5,40.03],[62.58,40.03],[62.61,39.84],[63.05,39.71],[63.09,39.58],[63.25,39.58],[63.7,39.19],[64.26,38.93],[64.5,38.93],[65.11,38.55],[64.76,36.16],[64.84,36.16],[64.75,35.77],[64.83,35.77],[64.77,35.52],[64.9,35.39],[64.9,35.07],[65.17,34.87],[65.14,34.74],[65.46,34.42],[65.75,34.36],[65.86,34.16],[66.02,34.16],[66.25,33.84],[66.41,33.84],[66.52,33.65],[66.88,33.52],[66.99,33.33],[67.22,33.33],[67.19,33.2],[67.42,33.2],[68.12,32.88],[68.09,32.75],[68.38,32.69],[68.64,32.43],[68.61,32.3],[68.94,32.04],[69.02,31.72],[69.0,31.59],[68.29,31.08],[67.96,30.56],[67.52,30.24],[67.21,29.79],[66.93,28.57],[67.01,28.57],[66.97,28.32],[67.04,28.32],[67.05,27.87],[67.12,27.87],[67.06,27.48],[67.17,27.22],[67.2,26.32],[67.5,25.81],[67.21,25.29],[67.11,25.1],[66.64,24.91],[66.65,24.97],[66.62,25.36],[66.35,25.55],[66.02,25.36],[64.82,25.29],[64.8,25.16],[64.28,25.23],[64.23,25.36],[63.63,25.36],[63.54,25.23],[62.56,25.23],[62.47,25.1],[62.18,25.16],[62.02,25.04],[61.72,25.04],[61.66,25.16],[61.13,25.1],[60.92,25.23],[60.62,25.23],[60.63,25.36],[59.06,25.36],[58.78,25.55],[57.96,25.55],[57.74,25.62],[57.68,25.74],[57.38,25.74],[57.18,25.94],[57.05,26.84],[56.71,27.16],[56.19,27.16],[56.1,27.03],[56.32,27.03],[56.31,26.9],[56.06,26.71],[55.6,26.64],[55.44,26.52],[55.29,26.52],[55.31,26.71],[55.54,26.77],[55.24,26.77],[54.83,26.45],[54.46,26.52],[54.26,26.71],[53.66,26.71],[53.46,26.97],[52.74,27.22],[52.48,27.61],[52.05,27.8],[51.6,27.8],[51.32,27.99],[51.33,28.12],[51.07,28.44],[51.03,28.77],[50.81,28.83],[50.92,29.09],[50.62,29.15],[50.65,29.41],[50.24,29.73],[50.06,30.18],[49.59,29.99],[48.94,30.31],[48.99,30.05],[48.37,29.92],[48.4,29.6],[47.87,29.54],[47.85,29.41],[48.08,29.41],[48.22,29.28],[48.19,29.09],[48.46,28.77],[48.56,28.32],[48.97,27.93],[48.87,27.67],[49.24,27.61],[49.36,27.29],[50.13,26.77],[50.12,26.58],[50.25,26.45],[50.22,26.13],[50.07,26.07],[50.21,26.0],[50.33,25.62],[50.61,25.42],[50.65,25.1],[50.73,25.1],[50.77,25.55],[50.92,25.62],[50.95,25.94],[51.12,26.13],[51.42,26.13],[51.7,25.87],[51.57,25.36],[51.72,25.29],[51.69,24.97],[51.52,24.78],[51.41,24.33],[51.85,24.26],[51.91,24.01],[52.28,24.01],[52.6,24.26],[53.11,24.14],[54.08,24.14],[54.1,24.33],[54.32,24.26],[54.56,24.46],[54.74,24.84],[55.14,25.1],[55.41,25.55],[55.97,25.87],[56.17,26.32],[56.48,26.39],[56.54,26.32],[56.39,25.55],[56.46,25.55],[56.42,25.16],[56.5,25.16],[56.4,24.97],[56.54,24.91],[56.79,24.33],[57.49,23.88],[58.81,23.62],[59.08,23.3],[59.07,23.17],[59.28,23.04],[59.27,22.91],[58.9,22.91],[58.91,23.04],[58.61,23.04],[58.33,23.3],[57.96,23.3],[57.97,23.43],[57.83,23.49],[56.81,23.75],[56.82,23.88],[56.54,24.07],[56.49,24.33],[56.27,24.39],[56.29,24.59],[56.09,24.84],[55.86,24.78],[55.84,24.59],[55.62,24.65],[54.81,23.94],[54.27,23.75],[51.88,23.69],[51.82,23.88],[51.17,24.07],[51.1,24.2],[51.2,24.52],[51.13,24.59],[51.29,24.71],[51.33,25.1],[51.4,25.1],[51.27,25.29],[51.35,25.36],[51.32,25.87],[51.17,25.87],[51.23,25.68],[50.98,25.42],[50.96,25.23],[51.12,25.29],[50.92,24.71],[50.62,24.65],[50.34,24.97],[50.03,25.68],[49.67,25.87],[49.88,26.45],[49.25,26.97],[49.27,27.09],[49.06,27.29],[48.55,27.48],[48.53,27.99],[48.32,28.19],[48.25,28.19],[48.21,28.57],[47.53,29.28],[47.65,29.67],[46.7,29.92],[46.66,30.24],[46.45,30.37],[45.77,30.44],[45.08,31.08],[45.1,31.21],[44.81,31.34],[44.86,31.72],[44.73,31.98],[43.9,32.04],[43.92,32.17],[43.7,32.24],[43.49,32.43],[43.5,32.56],[43.35,32.56],[43.15,32.81],[42.71,32.94],[42.58,33.14],[42.21,33.26],[42.22,33.33],[42.06,33.33],[42.0,33.46],[41.49,33.65],[41.43,33.78],[41.27,33.78],[41.21,33.91],[40.91,33.97],[40.7,34.16],[40.31,34.1],[40.4,34.23],[40.18,34.29],[40.1,34.29],[40.62,34.74],[40.77,34.74],[41.11,35.0],[41.09,36.03],[41.66,36.29],[41.68,36.42],[41.53,36.48],[41.55,36.61],[41.21,37.0],[41.12,38.03],[41.67,38.03],[41.97,37.96],[42.03,37.84],[42.51,37.9],[43.26,37.71],[43.89,37.71],[44.02,37.58],[44.12,37.71],[44.05,37.77],[44.31,37.9],[44.36,38.22],[44.7,38.42],[44.72,39.0],[44.99,39.26],[45.23,39.26],[45.29,39.13],[45.87,38.87],[46.34,38.87],[46.51,38.93],[46.56,39.19],[47.12,39.71],[48.3,39.71],[48.67,39.58],[48.92,39.19],[48.9,39.13],[48.77,38.8],[48.76,38.35],[48.84,38.35],[48.83,37.84],[49.09,37.51],[50.0,37.38],[50.32,37.0],[50.57,37.06],[50.63,37.0],[50.53,36.87],[50.82,36.74],[51.64,36.55],[52.19,36.55],[53.09,36.8],[54.03,36.87],[54.09,37.19],[53.91,37.45],[53.91,37.84],[53.83,37.84],[53.99,39.0],[53.52,39.38],[53.14,39.45],[53.54,39.51],[53.5,40.03],[52.72,40.1],[52.71,40.42],[52.79,40.42],[52.89,40.87],[52.97,40.87],[52.94,40.74],[53.34,40.74],[53.45,40.87],[53.4,40.68],[54.54,40.81],[56.65,40.36],[56.99,40.42],[56.96,40.29],[57.03,40.29],[57.24,40.16]]],[[[47.04,39.71],[47.05,39.77],[47.13,39.77],[47.12,39.71],[47.04,39.71]]]]},"properties":{"id":"territory:Sasanian Empire:402","name":"사산조 페르시아","name_en":"Sasanian Empire","actor":"기타중립","valid_from":402,"valid_to":410,"wikidata":"Q1661685","area":2986291,"src":"cliopatria","confidence":"medium"}},{"type":"Feature","geometry":{"type":"Point","coordinates":[55.935,32.823]},"properties":{"id":"territory:Sasanian Empire:402:label","name":"사산조 페르시아","name_en":"Sasanian Empire","actor":"기타중립","valid_from":402,"valid_to":410,"wikidata":"Q1661685","area":2986291,"src":"cliopatria","confidence":"medium"}},{"type":"Feature","geometry":{"type":"MultiPolygon","coordinates":[[[[51.13,25.42],[51.14,25.49],[51.21,25.49],[51.21,25.42],[51.13,25.42]]],[[[50.65,25.87],[50.43,25.94],[50.46,26.26],[50.69,26.26],[50.67,26.13],[50.67,26.07],[50.65,25.87]]],[[[57.24,40.16],[57.35,40.29],[58.33,40.42],[58.54,40.29],[58.85,40.29],[58.98,40.16],[59.77,40.16],[59.77,39.84],[60.08,39.84],[60.05,39.71],[60.68,39.71],[60.71,39.51],[61.2,39.58],[62.5,40.03],[62.58,40.03],[62.61,39.84],[63.05,39.71],[63.09,39.58],[63.25,39.58],[63.7,39.19],[64.26,38.93],[64.5,38.93],[65.11,38.55],[64.76,36.16],[64.84,36.16],[64.75,35.77],[64.83,35.77],[64.77,35.52],[64.9,35.39],[64.9,35.07],[65.17,34.87],[65.14,34.74],[65.46,34.42],[65.75,34.36],[65.86,34.16],[66.02,34.16],[66.25,33.84],[66.41,33.84],[66.52,33.65],[66.88,33.52],[66.99,33.33],[67.22,33.33],[67.19,33.2],[67.42,33.2],[68.12,32.88],[68.09,32.75],[68.38,32.69],[68.64,32.43],[68.61,32.3],[68.94,32.04],[69.02,31.72],[69.0,31.59],[68.29,31.08],[67.96,30.56],[67.52,30.24],[67.21,29.79],[66.93,28.57],[67.01,28.57],[66.97,28.32],[67.04,28.32],[67.05,27.87],[67.12,27.87],[67.06,27.48],[67.17,27.22],[67.2,26.32],[67.5,25.81],[67.21,25.29],[67.11,25.1],[66.64,24.91],[66.65,24.97],[66.62,25.36],[66.35,25.55],[66.02,25.36],[64.82,25.29],[64.8,25.16],[64.28,25.23],[64.23,25.36],[63.63,25.36],[63.54,25.23],[62.56,25.23],[62.47,25.1],[62.18,25.16],[62.02,25.04],[61.72,25.04],[61.66,25.16],[61.13,25.1],[60.92,25.23],[60.62,25.23],[60.63,25.36],[59.06,25.36],[58.78,25.55],[57.96,25.55],[57.74,25.62],[57.68,25.74],[57.38,25.74],[57.18,25.94],[57.05,26.84],[56.71,27.16],[56.19,27.16],[56.1,27.03],[56.32,27.03],[56.31,26.9],[56.06,26.71],[55.6,26.64],[55.44,26.52],[55.29,26.52],[55.31,26.71],[55.54,26.77],[55.24,26.77],[54.83,26.45],[54.46,26.52],[54.26,26.71],[53.66,26.71],[53.46,26.97],[52.74,27.22],[52.48,27.61],[52.05,27.8],[51.6,27.8],[51.32,27.99],[51.33,28.12],[51.07,28.44],[51.03,28.77],[50.81,28.83],[50.92,29.09],[50.62,29.15],[50.65,29.41],[50.24,29.73],[50.06,30.18],[49.59,29.99],[48.94,30.31],[48.99,30.05],[48.37,29.92],[48.4,29.6],[47.87,29.54],[47.85,29.41],[48.08,29.41],[48.22,29.28],[48.19,29.09],[48.46,28.77],[48.56,28.32],[48.97,27.93],[48.87,27.67],[49.24,27.61],[49.36,27.29],[50.13,26.77],[50.12,26.58],[50.25,26.45],[50.22,26.13],[50.07,26.07],[50.21,26.0],[50.33,25.62],[50.61,25.42],[50.65,25.1],[50.73,25.1],[50.77,25.55],[50.92,25.62],[50.95,25.94],[51.12,26.13],[51.42,26.13],[51.7,25.87],[51.57,25.36],[51.72,25.29],[51.69,24.97],[51.52,24.78],[51.41,24.33],[51.85,24.26],[51.91,24.01],[52.28,24.01],[52.6,24.26],[53.11,24.14],[54.08,24.14],[54.1,24.33],[54.32,24.26],[54.56,24.46],[54.74,24.84],[55.14,25.1],[55.41,25.55],[55.97,25.87],[56.17,26.32],[56.48,26.39],[56.54,26.32],[56.39,25.55],[56.46,25.55],[56.42,25.16],[56.5,25.16],[56.4,24.97],[56.54,24.91],[56.79,24.33],[57.49,23.88],[58.81,23.62],[59.08,23.3],[59.07,23.17],[59.28,23.04],[59.27,22.91],[58.9,22.91],[58.91,23.04],[58.61,23.04],[58.33,23.3],[57.96,23.3],[57.97,23.43],[57.83,23.49],[56.81,23.75],[56.82,23.88],[56.54,24.07],[56.49,24.33],[56.27,24.39],[56.29,24.59],[56.09,24.84],[55.86,24.78],[55.84,24.59],[55.62,24.65],[54.81,23.94],[54.27,23.75],[51.88,23.69],[51.82,23.88],[51.17,24.07],[51.1,24.2],[51.2,24.52],[51.13,24.59],[51.29,24.71],[51.33,25.1],[51.4,25.1],[51.27,25.29],[51.35,25.36],[51.32,25.87],[51.17,25.87],[51.23,25.68],[50.98,25.42],[50.96,25.23],[51.12,25.29],[50.92,24.71],[50.62,24.65],[50.34,24.97],[50.03,25.68],[49.67,25.87],[49.88,26.45],[49.25,26.97],[49.27,27.09],[49.06,27.29],[48.55,27.48],[48.53,27.99],[48.32,28.19],[48.25,28.19],[48.21,28.57],[47.53,29.28],[47.65,29.67],[46.7,29.92],[46.66,30.24],[46.45,30.37],[45.77,30.44],[45.08,31.08],[45.1,31.21],[44.81,31.34],[44.86,31.72],[44.73,31.98],[43.9,32.04],[43.92,32.17],[43.7,32.24],[43.49,32.43],[43.5,32.56],[43.35,32.56],[43.15,32.81],[42.71,32.94],[42.58,33.14],[42.21,33.26],[42.22,33.33],[42.06,33.33],[42.0,33.46],[41.49,33.65],[41.43,33.78],[41.27,33.78],[41.21,33.91],[40.91,33.97],[40.7,34.16],[40.31,34.1],[40.4,34.23],[40.18,34.29],[40.1,34.29],[40.62,34.74],[40.77,34.74],[41.11,35.0],[41.12,35.71],[41.13,35.77],[41.05,35.77],[41.09,36.03],[41.58,36.22],[41.68,36.42],[41.27,36.87],[41.23,37.13],[41.12,38.03],[41.67,38.03],[41.97,37.96],[42.03,37.84],[42.51,37.9],[42.8,37.77],[44.03,37.64],[44.05,37.77],[44.31,37.9],[44.36,38.22],[44.7,38.42],[44.72,39.0],[44.99,39.26],[45.23,39.26],[45.29,39.13],[45.87,38.87],[46.34,38.87],[46.51,38.93],[46.56,39.19],[47.12,39.71],[48.3,39.71],[48.67,39.58],[48.92,39.19],[48.9,39.13],[48.77,38.8],[48.76,38.35],[48.84,38.35],[48.83,37.84],[49.09,37.51],[50.0,37.38],[50.32,37.0],[50.57,37.06],[50.63,37.0],[50.53,36.87],[50.82,36.74],[51.64,36.55],[52.19,36.55],[53.09,36.8],[54.03,36.87],[54.09,37.19],[53.91,37.45],[53.91,37.84],[53.83,37.84],[53.99,39.0],[53.52,39.38],[53.14,39.45],[53.54,39.51],[53.5,40.03],[52.72,40.1],[52.71,40.42],[52.79,40.42],[52.89,40.87],[52.97,40.87],[52.94,40.74],[53.34,40.74],[53.45,40.87],[53.4,40.68],[54.54,40.81],[56.65,40.36],[56.99,40.42],[56.96,40.29],[57.03,40.29],[57.24,40.16]]],[[[47.04,39.71],[47.05,39.77],[47.13,39.77],[47.12,39.71],[47.04,39.71]]]]},"properties":{"id":"territory:Sasanian Empire:397","name":"사산조 페르시아","name_en":"Sasanian Empire","actor":"기타중립","valid_from":397,"valid_to":402,"wikidata":"Q1661685","area":2985924,"src":"cliopatria","confidence":"medium"}},{"type":"Feature","geometry":{"type":"Point","coordinates":[55.937,32.823]},"properties":{"id":"territory:Sasanian Empire:397:label","name":"사산조 페르시아","name_en":"Sasanian Empire","actor":"기타중립","valid_from":397,"valid_to":402,"wikidata":"Q1661685","area":2985924,"src":"cliopatria","confidence":"medium"}},{"type":"Feature","geometry":{"type":"MultiPolygon","coordinates":[[[[51.13,25.42],[51.14,25.49],[51.21,25.49],[51.21,25.42],[51.13,25.42]]],[[[50.65,25.87],[50.43,25.94],[50.46,26.26],[50.69,26.26],[50.67,26.13],[50.67,26.07],[50.65,25.87]]],[[[48.82,38.67],[48.76,38.35],[48.84,38.35],[48.88,37.71],[49.09,37.51],[50.0,37.38],[50.32,37.0],[50.57,37.06],[50.63,37.0],[50.53,36.87],[50.82,36.74],[51.64,36.55],[52.19,36.55],[53.09,36.8],[54.03,36.87],[54.03,37.25],[54.04,37.32],[54.61,37.45],[54.79,37.58],[54.83,37.77],[55.2,38.03],[56.31,38.09],[56.58,38.29],[56.9,38.29],[57.19,38.22],[57.52,37.9],[57.91,37.9],[58.4,37.64],[59.17,37.58],[59.41,37.25],[59.92,37.13],[60.44,36.61],[61.2,36.55],[61.22,35.9],[61.34,35.77],[61.26,35.39],[61.19,35.39],[61.05,34.74],[60.78,34.55],[60.82,34.36],[60.57,34.23],[60.49,33.84],[60.57,33.84],[60.38,33.26],[60.46,33.26],[60.3,32.43],[60.38,32.43],[60.19,30.44],[60.35,30.44],[60.61,30.18],[60.59,30.05],[60.85,29.79],[61.0,29.79],[60.98,29.67],[61.45,29.28],[61.49,29.02],[61.75,28.77],[61.66,28.64],[61.8,28.57],[61.78,28.44],[61.99,28.32],[61.97,28.19],[62.18,28.06],[62.35,27.67],[62.62,27.48],[62.61,27.35],[62.81,27.22],[62.8,27.09],[63.0,26.97],[63.18,26.58],[63.53,26.39],[63.39,25.23],[63.31,25.23],[62.56,25.23],[62.47,25.1],[62.18,25.16],[62.02,25.04],[61.72,25.04],[61.66,25.16],[61.13,25.1],[60.92,25.23],[60.62,25.23],[60.63,25.36],[59.06,25.36],[58.78,25.55],[57.96,25.55],[57.74,25.62],[57.68,25.74],[57.38,25.74],[57.18,25.94],[57.05,26.84],[56.71,27.16],[56.19,27.16],[56.1,27.03],[56.32,27.03],[56.31,26.9],[56.06,26.71],[55.6,26.64],[55.44,26.52],[55.29,26.52],[55.31,26.71],[55.54,26.77],[55.24,26.77],[54.83,26.45],[54.46,26.52],[54.26,26.71],[53.66,26.71],[53.46,26.97],[52.74,27.22],[52.48,27.61],[52.05,27.8],[51.6,27.8],[51.32,27.99],[51.33,28.12],[51.07,28.44],[51.03,28.77],[50.81,28.83],[50.92,29.09],[50.62,29.15],[50.65,29.41],[50.24,29.73],[50.06,30.18],[49.59,29.99],[48.94,30.31],[48.99,30.05],[48.37,29.92],[48.4,29.6],[47.87,29.54],[47.85,29.41],[48.08,29.41],[48.22,29.28],[48.19,29.09],[48.46,28.77],[48.56,28.32],[48.97,27.93],[48.87,27.67],[49.24,27.61],[49.36,27.29],[50.13,26.77],[50.12,26.58],[50.25,26.45],[50.22,26.13],[50.07,26.07],[50.21,26.0],[50.33,25.62],[50.61,25.42],[50.65,25.1],[50.73,25.1],[50.77,25.55],[50.92,25.62],[50.95,25.94],[51.12,26.13],[51.42,26.13],[51.7,25.87],[51.57,25.36],[51.72,25.29],[51.69,24.97],[51.52,24.78],[51.41,24.33],[51.85,24.26],[51.91,24.01],[52.28,24.01],[52.6,24.26],[53.11,24.14],[54.08,24.14],[54.1,24.33],[54.32,24.26],[54.56,24.46],[54.74,24.84],[55.14,25.1],[55.41,25.55],[55.97,25.87],[56.17,26.32],[56.48,26.39],[56.54,26.32],[56.39,25.55],[56.46,25.55],[56.42,25.16],[56.5,25.16],[56.4,24.97],[56.54,24.91],[56.79,24.33],[57.49,23.88],[58.81,23.62],[59.08,23.3],[59.07,23.17],[59.28,23.04],[59.27,22.91],[58.9,22.91],[58.91,23.04],[58.61,23.04],[58.33,23.3],[57.96,23.3],[57.97,23.43],[57.83,23.49],[56.81,23.75],[56.82,23.88],[56.54,24.07],[56.49,24.33],[56.27,24.39],[56.29,24.59],[56.09,24.84],[55.86,24.78],[55.84,24.59],[55.62,24.65],[54.81,23.94],[54.27,23.75],[51.88,23.69],[51.82,23.88],[51.17,24.07],[51.1,24.2],[51.2,24.52],[51.13,24.59],[51.29,24.71],[51.33,25.1],[51.4,25.1],[51.27,25.29],[51.35,25.36],[51.32,25.87],[51.17,25.87],[51.23,25.68],[50.98,25.42],[50.96,25.23],[51.12,25.29],[50.92,24.71],[50.62,24.65],[50.34,24.97],[50.03,25.68],[49.67,25.87],[49.88,26.45],[49.25,26.97],[49.27,27.09],[49.06,27.29],[48.55,27.48],[48.53,27.99],[48.32,28.19],[48.25,28.19],[48.21,28.57],[47.53,29.28],[47.65,29.67],[46.7,29.92],[46.66,30.24],[46.45,30.37],[45.77,30.44],[45.08,31.08],[45.1,31.21],[44.81,31.34],[44.86,31.72],[44.73,31.98],[43.91,32.11],[43.92,32.17],[43.7,32.24],[43.49,32.43],[43.5,32.56],[43.35,32.56],[43.15,32.81],[42.71,32.94],[42.58,33.14],[42.21,33.26],[42.22,33.33],[42.06,33.33],[42.0,33.46],[41.49,33.65],[41.43,33.78],[41.27,33.78],[41.21,33.91],[40.91,33.97],[40.7,34.16],[40.31,34.1],[40.4,34.23],[40.18,34.29],[40.1,34.29],[40.62,34.74],[40.77,34.74],[41.11,35.0],[41.09,36.03],[41.66,36.29],[41.68,36.42],[41.53,36.48],[41.55,36.61],[41.21,37.0],[41.13,38.09],[40.91,38.22],[40.95,38.48],[40.87,38.48],[40.97,38.61],[40.98,39.26],[41.26,39.51],[41.33,39.97],[41.48,39.97],[41.67,40.16],[41.7,40.36],[41.36,40.68],[41.53,41.26],[42.25,41.26],[42.36,41.46],[42.62,41.59],[42.86,41.59],[43.34,41.13],[43.98,41.13],[44.24,41.26],[45.11,41.26],[45.3,41.0],[45.6,40.87],[45.46,40.55],[45.59,40.42],[46.2,40.29],[46.26,40.16],[46.48,40.1],[46.46,39.97],[46.77,39.97],[47.07,39.84],[47.12,39.71],[47.53,39.77],[47.74,39.64],[48.53,39.64],[48.81,39.45],[48.78,39.32],[48.92,39.19],[48.9,39.13],[48.74,38.67],[48.82,38.67]],[[56.98,35.64],[56.97,35.58],[57.05,35.58],[57.06,35.64],[56.98,35.64]],[[53.73,31.4],[53.74,31.46],[53.66,31.46],[53.65,31.4],[53.73,31.4]],[[53.61,31.66],[53.54,31.66],[53.53,31.59],[53.6,31.59],[53.61,31.66]],[[47.48,38.16],[47.49,38.22],[47.41,38.22],[47.4,38.16],[47.48,38.16]],[[47.43,38.35],[47.35,38.35],[47.34,38.29],[47.42,38.29],[47.43,38.35]]]]},"properties":{"id":"territory:Sasanian Empire:490","name":"사산조 페르시아","name_en":"Sasanian Empire","actor":"기타중립","valid_from":490,"valid_to":510,"wikidata":"Q1661685","area":2154742,"src":"cliopatria","confidence":"medium"}},{"type":"Feature","geometry":{"type":"Point","coordinates":[52.025,32.973]},"properties":{"id":"territory:Sasanian Empire:490:label","name":"사산조 페르시아","name_en":"Sasanian Empire","actor":"기타중립","valid_from":490,"valid_to":510,"wikidata":"Q1661685","area":2154742,"src":"cliopatria","confidence":"medium"}},{"type":"Feature","geometry":{"type":"MultiPolygon","coordinates":[[[[11.08,35.39],[11.01,35.39],[11.08,35.0],[10.85,34.94],[10.85,34.81],[10.54,34.55],[10.0,34.29],[10.08,34.23],[10.01,33.91],[10.24,33.71],[10.54,33.71],[10.7,33.52],[11.08,33.59],[11.16,33.2],[11.46,33.2],[12.23,32.81],[12.61,32.88],[12.53,32.75],[12.84,32.75],[12.84,32.88],[13.07,32.94],[13.3,32.94],[13.45,32.81],[13.76,32.88],[13.76,32.75],[14.07,32.75],[14.44,32.49],[14.67,32.56],[14.75,32.43],[15.21,32.36],[15.42,31.66],[15.58,31.59],[15.65,31.4],[16.18,31.21],[17.47,31.08],[18.0,30.89],[18.59,30.37],[18.9,30.37],[18.81,29.99],[18.28,30.05],[16.7,30.69],[15.49,30.95],[15.18,30.89],[15.19,31.08],[14.58,31.53],[14.59,31.66],[13.83,32.11],[13.3,32.24],[13.07,32.17],[13.07,32.3],[12.46,32.36],[11.77,32.3],[11.77,32.43],[11.54,32.43],[11.46,32.56],[11.31,32.49],[11.16,32.69],[10.39,33.01],[10.01,33.01],[10.08,33.14],[9.63,33.14],[9.55,33.33],[9.62,33.46],[9.32,33.59],[9.08,34.04],[8.93,34.04],[9.0,34.36],[8.93,34.36],[8.85,34.74],[8.46,34.87],[8.23,34.81],[7.99,35.07],[7.99,35.52],[7.91,35.52],[7.91,35.97],[7.83,35.97],[7.9,36.22],[7.59,36.61],[6.96,36.61],[6.89,36.48],[6.42,36.55],[6.35,36.42],[5.88,36.48],[5.65,36.35],[2.77,36.42],[2.32,36.22],[2.0,36.29],[2.01,36.16],[1.15,36.16],[1.01,36.03],[0.77,36.03],[0.48,35.64],[-0.29,35.58],[-1.04,35.07],[-1.2,35.13],[-1.35,35.0],[-1.81,34.94],[-1.88,34.81],[-2.81,34.94],[-5.28,34.94],[-5.81,34.81],[-6.11,34.61],[-6.24,34.36],[-6.16,34.23],[-6.31,34.23],[-6.6,33.97],[-6.59,33.84],[-6.81,33.71],[-6.73,33.59],[-7.18,33.52],[-7.47,33.26],[-7.88,33.52],[-7.13,33.84],[-7.06,33.97],[-6.9,33.91],[-6.61,34.16],[-6.7,34.29],[-6.47,34.36],[-6.48,34.49],[-6.33,34.55],[-6.28,34.87],[-6.2,34.87],[-6.29,35.07],[-6.13,35.0],[-6.15,35.19],[-6.0,35.32],[-5.88,35.77],[-5.34,35.84],[-5.24,35.52],[-4.75,35.19],[-3.13,35.19],[-2.98,35.26],[-2.99,35.45],[-2.84,35.45],[-2.82,35.13],[-2.66,35.07],[-1.89,35.07],[-1.59,35.26],[-1.36,35.26],[-1.14,35.45],[-1.22,35.64],[-1.07,35.58],[-0.92,35.71],[-0.53,35.71],[-0.46,35.84],[0.08,35.84],[0.38,36.22],[0.68,36.29],[0.68,36.42],[0.91,36.35],[1.22,36.55],[1.53,36.48],[2.38,36.67],[2.69,36.61],[2.84,36.74],[3.23,36.74],[3.46,36.87],[3.85,36.8],[4.47,36.93],[4.86,36.87],[5.1,36.67],[5.56,36.67],[5.64,36.8],[6.11,36.8],[6.1,36.93],[6.33,37.06],[6.8,36.87],[7.19,36.87],[7.35,37.06],[7.5,37.06],[7.74,36.87],[8.52,36.87],[8.9,37.13],[9.06,37.06],[9.6,37.32],[9.99,37.19],[10.23,37.25],[10.23,37.06],[10.31,37.06],[10.23,36.8],[10.54,36.74],[10.85,37.0],[11.01,37.0],[11.01,36.8],[10.46,36.42],[10.54,36.35],[10.46,35.9],[10.7,35.71],[10.85,35.77],[10.85,35.64],[10.93,35.64],[11.08,35.58],[11.08,35.39]]],[[[1.66,39.0],[1.43,38.8],[1.27,38.8],[1.18,39.06],[1.26,39.13],[1.34,39.13],[1.65,39.13],[1.66,39.0]]],[[[3.2,39.84],[3.52,39.77],[3.3,39.32],[2.82,39.32],[2.66,39.51],[2.35,39.45],[2.34,39.64],[2.88,39.97],[2.96,39.97],[3.19,39.97],[3.2,39.84]]],[[[3.83,39.9],[3.74,40.1],[3.82,40.1],[4.22,40.1],[4.3,39.84],[3.83,39.9]]],[[[9.82,40.36],[9.67,40.29],[9.75,39.64],[9.67,39.64],[9.59,39.13],[9.12,39.19],[8.97,38.87],[8.73,38.87],[8.34,39.0],[8.41,39.26],[8.33,39.26],[8.33,39.51],[8.41,39.51],[8.48,39.9],[8.32,39.97],[8.4,40.29],[8.32,40.29],[8.32,40.48],[8.16,40.55],[8.15,40.94],[8.55,40.87],[9.02,41.26],[9.1,41.26],[9.5,41.2],[9.82,40.74],[9.82,40.36]]],[[[9.49,42.76],[9.57,42.76],[9.58,41.98],[9.5,41.98],[9.5,41.78],[9.26,41.39],[9.1,41.33],[8.78,41.52],[8.78,41.72],[8.62,41.72],[8.7,41.91],[8.54,42.11],[8.53,42.5],[8.77,42.69],[9.17,42.76],[9.25,43.02],[9.33,43.02],[9.49,43.02],[9.49,42.76]]],[[[10.46,42.69],[10.21,42.69],[10.13,42.89],[10.21,42.89],[10.46,42.89],[10.46,42.69]]],[[[7.06,50.98],[7.24,50.91],[7.24,50.71],[7.41,50.65],[7.41,50.51],[7.58,50.51],[7.75,50.31],[7.68,49.91],[8.18,49.85],[8.18,49.78],[8.35,49.65],[8.36,49.45],[8.27,49.45],[8.28,49.18],[8.11,49.05],[8.12,48.85],[7.79,48.65],[7.71,48.32],[7.63,48.32],[7.63,47.99],[7.55,47.99],[7.64,47.53],[8.47,47.6],[8.55,47.73],[8.88,47.8],[8.96,48.06],[9.12,48.19],[11.19,48.79],[11.86,49.18],[12.61,48.99],[12.94,48.72],[13.6,48.59],[13.68,48.59],[13.76,48.46],[14.26,48.26],[15.17,48.32],[15.5,48.19],[16.08,48.19],[16.66,48.32],[17.06,47.99],[17.71,47.73],[18.87,47.8],[19.03,47.66],[19.03,47.53],[19.19,47.47],[19.17,47.2],[18.84,47.07],[18.81,46.61],[19.05,46.41],[18.86,45.89],[18.78,45.89],[18.93,45.56],[18.92,45.5],[19.0,45.5],[19.0,45.37],[19.24,45.24],[19.89,45.24],[20.06,45.37],[20.14,45.37],[20.13,45.3],[20.21,45.3],[20.21,45.24],[20.29,45.24],[20.29,45.17],[19.94,44.71],[19.84,44.32],[19.67,44.25],[19.66,44.06],[19.41,43.93],[19.47,43.6],[19.31,43.6],[19.3,43.41],[19.46,43.28],[19.11,42.82],[19.17,42.3],[19.01,42.24],[18.93,42.24],[18.85,42.37],[18.14,42.63],[17.83,42.89],[17.59,42.89],[17.51,42.76],[17.52,42.95],[17.36,42.95],[17.37,43.21],[17.12,43.15],[17.05,43.41],[16.73,43.34],[16.73,43.54],[16.58,43.6],[15.93,43.47],[16.01,43.6],[15.86,43.8],[15.7,43.8],[15.62,43.93],[15.37,43.86],[15.46,43.99],[15.22,44.06],[15.15,44.39],[14.91,44.58],[14.92,44.97],[14.52,45.1],[14.6,45.37],[14.2,45.37],[14.19,45.04],[13.95,45.04],[13.94,44.91],[13.78,44.91],[13.71,45.24],[13.54,45.3],[13.55,45.5],[13.71,45.5],[13.71,45.76],[13.14,45.82],[13.06,45.63],[12.82,45.69],[12.65,45.56],[12.16,45.5],[12.16,45.17],[12.4,45.04],[12.4,44.78],[12.16,44.84],[12.15,44.45],[12.31,44.19],[12.87,43.8],[13.04,43.86],[13.03,43.73],[13.36,43.67],[13.67,43.41],[13.75,43.08],[13.99,42.95],[13.9,42.76],[14.06,42.5],[14.61,42.11],[14.77,42.17],[14.77,42.04],[14.92,41.98],[15.17,42.04],[15.24,41.91],[16.12,41.91],[16.11,41.78],[15.87,41.72],[15.94,41.39],[17.2,41.0],[17.51,40.74],[17.98,40.61],[18.44,40.16],[18.35,39.9],[18.11,39.9],[17.81,40.36],[17.42,40.36],[17.35,40.55],[17.03,40.55],[16.87,40.48],[16.95,40.42],[16.86,40.29],[16.62,40.29],[16.7,40.1],[16.46,39.97],[16.45,39.64],[16.92,39.51],[17.07,39.38],[17.14,39.06],[16.5,38.8],[16.49,38.42],[15.93,37.96],[15.7,37.96],[15.62,38.16],[15.39,38.16],[15.07,37.64],[15.06,37.25],[15.21,37.19],[15.05,36.74],[14.66,36.74],[14.28,37.13],[13.58,37.25],[13.19,37.58],[12.49,37.71],[12.49,37.9],[12.65,38.09],[13.04,38.03],[13.12,38.16],[13.35,38.16],[13.67,37.96],[14.06,37.96],[15.86,38.29],[15.95,38.67],[16.27,38.74],[16.27,38.93],[16.12,39.06],[15.9,39.77],[15.67,39.9],[15.75,40.03],[15.43,40.03],[15.2,40.23],[15.04,40.23],[14.89,40.68],[14.42,40.68],[14.42,40.87],[14.1,40.87],[13.95,41.13],[13.79,41.13],[13.71,41.26],[13.0,41.33],[12.92,41.46],[12.6,41.52],[12.13,41.91],[12.13,42.04],[11.81,42.11],[11.65,42.37],[11.49,42.3],[11.42,42.43],[11.26,42.43],[11.18,42.63],[11.02,42.63],[11.02,42.82],[10.54,43.08],[10.21,43.99],[9.89,43.99],[9.97,44.12],[9.73,44.12],[9.16,44.45],[8.43,44.39],[8.03,43.93],[7.15,43.73],[6.99,43.54],[6.67,43.47],[6.52,43.21],[6.28,43.15],[5.8,43.15],[5.63,43.28],[5.39,43.28],[5.39,43.41],[5.06,43.47],[4.18,43.47],[4.17,43.6],[3.85,43.6],[3.62,43.41],[3.14,43.28],[2.98,43.15],[3.01,42.56],[3.18,42.37],[3.12,41.91],[2.57,41.59],[2.33,41.59],[2.11,41.33],[1.24,41.2],[0.7,40.94],[0.71,40.68],[0.25,40.42],[0.18,40.16],[-0.13,40.03],[-0.35,39.71],[-0.31,39.13],[0.1,38.74],[-0.66,38.29],[-0.8,38.03],[-0.7,37.64],[-1.71,37.45],[-1.62,37.32],[-1.86,37.32],[-2.06,36.8],[-2.53,36.87],[-2.68,36.74],[-4.47,36.74],[-4.69,36.55],[-5.23,36.48],[-5.29,36.22],[-5.66,36.03],[-5.83,36.22],[-6.06,36.22],[-6.33,36.67],[-6.35,36.93],[-6.59,37.0],[-6.84,37.25],[-7.47,37.25],[-7.45,37.13],[-7.68,37.0],[-8.7,37.13],[-9.0,37.0],[-8.9,37.58],[-8.82,37.58],[-8.82,38.48],[-9.21,38.42],[-9.23,38.67],[-9.38,38.61],[-9.55,38.74],[-9.57,38.93],[-9.43,39.06],[-9.39,39.45],[-9.16,39.51],[-9.1,39.77],[-9.03,39.77],[-8.93,40.36],[-8.85,40.36],[-8.87,40.61],[-8.73,40.74],[-8.96,42.17],[-8.66,42.37],[-9.08,42.56],[-9.1,42.76],[-9.28,42.89],[-9.3,43.15],[-9.16,43.28],[-8.85,43.41],[-8.37,43.41],[-8.39,43.6],[-8.24,43.73],[-7.28,43.73],[-7.34,43.6],[-7.18,43.54],[-5.73,43.6],[-4.99,43.41],[-3.47,43.47],[-3.3,43.34],[-1.69,43.34],[-1.39,43.67],[-1.35,44.25],[-1.27,44.25],[-1.29,44.52],[-1.21,44.52],[-1.25,45.17],[-1.17,45.17],[-1.19,45.43],[-1.03,45.5],[-1.05,45.69],[-1.21,45.76],[-1.14,45.89],[-1.22,45.89],[-1.25,46.28],[-1.67,46.35],[-2.01,46.61],[-2.02,46.74],[-2.19,46.81],[-2.14,47.14],[-2.23,47.27],[-2.56,47.27],[-2.58,47.47],[-2.83,47.47],[-2.84,47.6],[-3.16,47.47],[-3.34,47.73],[-3.76,47.73],[-3.93,47.86],[-4.42,47.8],[-4.69,47.99],[-4.71,48.13],[-4.55,48.19],[-4.64,48.32],[-4.89,48.32],[-4.91,48.52],[-4.6,48.72],[-3.85,48.72],[-3.46,48.92],[-3.12,48.92],[-2.76,48.59],[-2.52,48.72],[-1.6,48.65],[-1.72,49.05],[-1.64,49.05],[-1.65,49.25],[-1.91,49.38],[-2.03,49.78],[-1.36,49.78],[-1.25,49.45],[0.01,49.38],[-0.01,49.65],[0.22,49.85],[1.05,49.98],[1.45,50.25],[1.42,50.71],[1.66,51.05],[2.58,51.18],[2.74,51.31],[3.41,51.45],[3.4,51.65],[3.74,51.65],[3.65,51.78],[3.98,51.92],[4.06,52.12],[4.23,51.98],[4.57,51.98],[4.57,52.05],[5.93,51.98],[6.63,51.51],[6.71,51.51],[6.89,51.38],[7.06,50.98]],[[5.53,51.31],[5.78,51.38],[5.86,51.58],[5.52,51.78],[4.33,51.71],[4.27,51.18],[4.7,51.05],[4.78,51.05],[5.2,51.05],[5.54,51.18],[5.53,51.31]]],[[[14.26,44.58],[14.27,44.97],[14.35,44.97],[14.51,44.91],[14.5,44.52],[14.26,44.58]]],[[[0.32,53.12],[0.07,52.99],[0.17,52.86],[0.34,52.86],[0.49,53.06],[1.09,53.06],[1.53,52.92],[1.72,52.72],[1.74,52.38],[1.65,52.38],[1.59,52.12],[1.43,51.98],[1.17,51.98],[1.18,51.78],[0.84,51.78],[0.86,51.51],[0.52,51.51],[1.38,51.38],[1.31,51.11],[0.49,50.78],[-1.37,50.85],[-1.11,50.78],[-1.1,50.65],[-1.51,50.58],[-1.52,50.71],[-2.03,50.71],[-2.1,50.58],[-2.61,50.58],[-2.96,50.71],[-2.9,50.98],[-3.26,51.18],[-3.09,51.25],[-3.11,51.38],[-2.95,51.51],[-3.28,51.38],[-3.7,51.38],[-3.88,51.51],[-3.9,51.65],[-3.73,51.65],[-3.35,52.05],[-2.93,52.18],[-2.87,52.38],[-2.7,52.38],[-2.47,52.65],[-2.3,52.65],[-1.74,53.12],[-1.84,53.26],[-1.76,53.26],[-1.77,53.39],[-1.6,53.39],[-1.7,53.53],[-1.62,53.6],[-1.67,54.21],[-1.76,54.21],[-1.78,54.41],[-1.95,54.41],[-1.89,54.68],[-1.98,54.68],[-2.1,55.02],[-3.21,54.82],[-3.32,55.02],[-2.89,55.09],[-2.82,55.23],[-2.38,55.16],[-1.61,55.36],[-1.29,54.68],[-0.67,54.61],[-0.2,54.21],[-0.18,53.94],[0.0,53.8],[0.01,53.73],[0.12,53.46],[0.3,53.39],[0.32,53.12]]]]},"properties":{"id":"territory:Western Roman Empire:396","name":"서로마 제국","name_en":"Western Roman Empire","actor":"로마","valid_from":396,"valid_to":402,"wikidata":"Q42834","area":2133724,"src":"cliopatria","confidence":"medium"}},{"type":"Feature","geometry":{"type":"Point","coordinates":[4.205,44.353]},"properties":{"id":"territory:Western Roman Empire:396:label","name":"서로마 제국","name_en":"Western Roman Empire","actor":"로마","valid_from":396,"valid_to":402,"wikidata":"Q42834","area":2133724,"src":"cliopatria","confidence":"medium"}},{"type":"Feature","geometry":{"type":"MultiPolygon","coordinates":[[[[11.08,35.39],[11.01,35.39],[11.08,35.0],[10.85,34.94],[10.85,34.81],[10.54,34.55],[10.0,34.29],[10.08,34.23],[10.01,33.91],[10.24,33.71],[10.54,33.71],[10.7,33.52],[11.08,33.59],[11.16,33.2],[11.46,33.2],[12.23,32.81],[12.61,32.88],[12.53,32.75],[12.84,32.75],[12.84,32.88],[13.07,32.94],[13.3,32.94],[13.45,32.81],[13.76,32.88],[13.76,32.75],[14.07,32.75],[14.44,32.49],[14.67,32.56],[14.75,32.43],[15.21,32.36],[15.42,31.66],[15.58,31.59],[15.65,31.4],[16.18,31.21],[17.47,31.08],[18.0,30.89],[18.59,30.37],[18.9,30.37],[18.81,29.99],[18.28,30.05],[16.7,30.69],[15.49,30.95],[15.18,30.89],[15.19,31.08],[14.58,31.53],[14.59,31.66],[13.83,32.11],[13.3,32.24],[13.07,32.17],[13.07,32.3],[12.46,32.36],[11.77,32.3],[11.77,32.43],[11.54,32.43],[11.46,32.56],[11.31,32.49],[11.16,32.69],[10.39,33.01],[10.01,33.01],[10.08,33.14],[9.63,33.14],[9.55,33.33],[9.62,33.46],[9.32,33.59],[9.08,34.04],[8.93,34.04],[9.0,34.36],[8.93,34.36],[8.85,34.74],[8.46,34.87],[8.23,34.81],[7.99,35.07],[7.99,35.52],[7.91,35.52],[7.91,35.97],[7.83,35.97],[7.9,36.22],[7.59,36.61],[6.96,36.61],[6.89,36.48],[6.42,36.55],[6.35,36.42],[5.88,36.48],[5.65,36.35],[2.77,36.42],[2.32,36.22],[2.0,36.29],[2.01,36.16],[1.15,36.16],[1.01,36.03],[0.77,36.03],[0.48,35.64],[-0.29,35.58],[-1.04,35.07],[-1.2,35.13],[-1.35,35.0],[-1.81,34.94],[-1.88,34.81],[-2.81,34.94],[-5.28,34.94],[-5.81,34.81],[-6.11,34.61],[-6.24,34.36],[-6.16,34.23],[-6.31,34.23],[-6.6,33.97],[-6.59,33.84],[-6.81,33.71],[-6.73,33.59],[-7.18,33.52],[-7.47,33.26],[-7.88,33.52],[-7.13,33.84],[-7.06,33.97],[-6.9,33.91],[-6.61,34.16],[-6.7,34.29],[-6.47,34.36],[-6.48,34.49],[-6.33,34.55],[-6.28,34.87],[-6.2,34.87],[-6.29,35.07],[-6.13,35.0],[-6.15,35.19],[-6.0,35.32],[-5.88,35.77],[-5.34,35.84],[-5.24,35.52],[-4.75,35.19],[-3.13,35.19],[-2.98,35.26],[-2.99,35.45],[-2.84,35.45],[-2.82,35.13],[-2.66,35.07],[-1.89,35.07],[-1.59,35.26],[-1.36,35.26],[-1.14,35.45],[-1.22,35.64],[-1.07,35.58],[-0.92,35.71],[-0.53,35.71],[-0.46,35.84],[0.08,35.84],[0.38,36.22],[0.68,36.29],[0.68,36.42],[0.91,36.35],[1.22,36.55],[1.53,36.48],[2.38,36.67],[2.69,36.61],[2.84,36.74],[3.23,36.74],[3.46,36.87],[3.85,36.8],[4.47,36.93],[4.86,36.87],[5.1,36.67],[5.56,36.67],[5.64,36.8],[6.11,36.8],[6.1,36.93],[6.33,37.06],[6.8,36.87],[7.19,36.87],[7.35,37.06],[7.5,37.06],[7.74,36.87],[8.52,36.87],[8.9,37.13],[9.06,37.06],[9.6,37.32],[9.99,37.19],[10.23,37.25],[10.23,37.06],[10.31,37.06],[10.23,36.8],[10.54,36.74],[10.85,37.0],[11.01,37.0],[11.01,36.8],[10.46,36.42],[10.54,36.35],[10.46,35.9],[10.7,35.71],[10.85,35.77],[10.85,35.64],[10.93,35.64],[11.08,35.58],[11.08,35.39]]],[[[1.66,39.0],[1.43,38.8],[1.27,38.8],[1.18,39.06],[1.26,39.13],[1.34,39.13],[1.65,39.13],[1.66,39.0]]],[[[3.2,39.84],[3.52,39.77],[3.3,39.32],[2.82,39.32],[2.66,39.51],[2.35,39.45],[2.34,39.64],[2.88,39.97],[2.96,39.97],[3.19,39.97],[3.2,39.84]]],[[[3.83,39.9],[3.74,40.1],[3.82,40.1],[4.22,40.1],[4.3,39.84],[3.83,39.9]]],[[[9.82,40.36],[9.67,40.29],[9.75,39.64],[9.67,39.64],[9.59,39.13],[9.12,39.19],[8.97,38.87],[8.73,38.87],[8.34,39.0],[8.41,39.26],[8.33,39.26],[8.33,39.51],[8.41,39.51],[8.48,39.9],[8.32,39.97],[8.4,40.29],[8.32,40.29],[8.32,40.48],[8.16,40.55],[8.15,40.94],[8.55,40.87],[9.02,41.26],[9.1,41.26],[9.5,41.2],[9.82,40.74],[9.82,40.36]]],[[[9.49,42.76],[9.57,42.76],[9.58,41.98],[9.5,41.98],[9.5,41.78],[9.26,41.39],[9.1,41.33],[8.78,41.52],[8.78,41.72],[8.62,41.72],[8.7,41.91],[8.54,42.11],[8.53,42.5],[8.77,42.69],[9.17,42.76],[9.25,43.02],[9.33,43.02],[9.49,43.02],[9.49,42.76]]],[[[10.46,42.69],[10.21,42.69],[10.13,42.89],[10.21,42.89],[10.46,42.89],[10.46,42.69]]],[[[7.06,50.98],[7.24,50.91],[7.24,50.71],[7.41,50.65],[7.41,50.51],[7.58,50.51],[7.75,50.31],[7.68,49.91],[8.18,49.85],[8.18,49.78],[8.35,49.65],[8.36,49.45],[8.27,49.45],[8.28,49.18],[8.11,49.05],[8.12,48.85],[7.79,48.65],[7.71,48.32],[7.63,48.32],[7.63,47.99],[7.55,47.99],[7.64,47.53],[8.47,47.6],[8.55,47.73],[8.88,47.8],[8.96,48.06],[9.12,48.19],[11.19,48.79],[11.86,49.18],[12.61,48.99],[12.94,48.72],[13.6,48.59],[13.68,48.59],[13.76,48.46],[14.26,48.26],[15.17,48.32],[15.5,48.19],[16.08,48.19],[16.66,48.32],[17.06,47.99],[17.71,47.73],[18.87,47.8],[19.03,47.66],[19.03,47.53],[19.19,47.47],[19.17,47.2],[18.84,47.07],[18.81,46.61],[19.05,46.41],[18.86,45.89],[18.78,45.89],[18.93,45.56],[18.92,45.5],[19.0,45.5],[19.0,45.37],[19.24,45.24],[19.89,45.24],[20.06,45.37],[20.14,45.37],[20.13,45.3],[20.21,45.3],[20.21,45.24],[20.29,45.24],[20.29,45.17],[19.94,44.71],[19.84,44.32],[19.67,44.25],[19.66,44.06],[19.41,43.93],[19.47,43.6],[19.31,43.6],[19.3,43.41],[19.46,43.28],[19.11,42.82],[19.17,42.3],[19.01,42.24],[18.93,42.24],[18.85,42.37],[18.14,42.63],[17.83,42.89],[17.59,42.89],[17.51,42.76],[17.52,42.95],[17.36,42.95],[17.37,43.21],[17.12,43.15],[17.05,43.41],[16.73,43.34],[16.73,43.54],[16.58,43.6],[15.93,43.47],[16.01,43.6],[15.86,43.8],[15.7,43.8],[15.62,43.93],[15.37,43.86],[15.46,43.99],[15.22,44.06],[15.15,44.39],[14.91,44.58],[14.92,44.97],[14.52,45.1],[14.6,45.37],[14.2,45.37],[14.19,45.04],[13.95,45.04],[13.94,44.91],[13.78,44.91],[13.71,45.24],[13.54,45.3],[13.55,45.5],[13.71,45.5],[13.71,45.76],[13.14,45.82],[13.06,45.63],[12.82,45.69],[12.33,45.5],[12.24,45.5],[12.16,45.63],[10.86,45.5],[9.96,45.63],[8.58,45.63],[7.93,45.43],[7.94,45.04],[8.18,44.97],[9.32,45.1],[11.1,44.78],[12.16,44.78],[12.16,44.71],[12.15,44.45],[12.31,44.19],[12.87,43.8],[13.04,43.86],[13.03,43.73],[13.36,43.67],[13.67,43.41],[13.75,43.08],[13.99,42.95],[13.9,42.76],[14.06,42.5],[14.37,42.24],[14.53,42.24],[14.61,42.11],[14.77,42.17],[14.77,42.04],[14.92,41.98],[15.17,42.04],[15.24,41.91],[16.12,41.91],[16.11,41.78],[15.87,41.72],[15.94,41.39],[17.2,41.0],[17.51,40.74],[17.98,40.61],[18.44,40.16],[18.35,39.9],[18.11,39.9],[17.81,40.36],[17.42,40.36],[17.35,40.55],[17.03,40.55],[16.87,40.48],[16.95,40.42],[16.86,40.29],[16.62,40.29],[16.7,40.1],[16.46,39.97],[16.45,39.64],[16.92,39.51],[17.07,39.38],[17.14,39.06],[16.5,38.8],[16.49,38.42],[15.93,37.96],[15.7,37.96],[15.62,38.16],[15.39,38.16],[15.07,37.64],[15.06,37.25],[15.21,37.19],[15.05,36.74],[14.66,36.74],[14.28,37.13],[13.58,37.25],[13.19,37.58],[12.49,37.71],[12.49,37.9],[12.65,38.09],[13.04,38.03],[13.12,38.16],[13.35,38.16],[13.67,37.96],[14.06,37.96],[15.86,38.29],[15.95,38.67],[16.27,38.74],[16.27,38.93],[16.12,39.06],[15.9,39.77],[15.67,39.9],[15.75,40.03],[15.43,40.03],[15.2,40.23],[15.04,40.23],[14.89,40.68],[14.42,40.68],[14.42,40.87],[14.1,40.87],[13.95,41.13],[13.79,41.13],[13.71,41.26],[13.0,41.33],[12.92,41.46],[12.6,41.52],[12.13,41.91],[12.13,42.04],[11.81,42.11],[11.65,42.37],[11.49,42.3],[11.42,42.43],[11.26,42.43],[11.18,42.63],[11.02,42.63],[11.02,42.82],[10.54,43.08],[10.21,43.99],[9.89,43.99],[9.97,44.12],[9.73,44.12],[9.16,44.45],[8.43,44.39],[8.03,43.93],[7.15,43.73],[6.99,43.54],[6.67,43.47],[6.52,43.21],[6.28,43.15],[5.8,43.15],[5.63,43.28],[5.39,43.28],[5.39,43.41],[5.06,43.47],[4.18,43.47],[4.17,43.6],[3.85,43.6],[3.62,43.41],[3.14,43.28],[2.98,43.15],[3.01,42.56],[3.18,42.37],[3.12,41.91],[2.57,41.59],[2.33,41.59],[2.11,41.33],[1.24,41.2],[0.7,40.94],[0.71,40.68],[0.25,40.42],[0.18,40.16],[-0.13,40.03],[-0.35,39.71],[-0.31,39.13],[0.1,38.74],[-0.66,38.29],[-0.8,38.03],[-0.7,37.64],[-1.71,37.45],[-1.62,37.32],[-1.86,37.32],[-2.06,36.8],[-2.53,36.87],[-2.68,36.74],[-4.47,36.74],[-4.69,36.55],[-5.23,36.48],[-5.29,36.22],[-5.66,36.03],[-5.83,36.22],[-6.06,36.22],[-6.33,36.67],[-6.35,36.93],[-6.59,37.0],[-6.84,37.25],[-7.47,37.25],[-7.45,37.13],[-7.68,37.0],[-8.7,37.13],[-9.0,37.0],[-8.9,37.58],[-8.82,37.58],[-8.82,38.48],[-9.21,38.42],[-9.23,38.67],[-9.38,38.61],[-9.55,38.74],[-9.57,38.93],[-9.43,39.06],[-9.39,39.45],[-9.16,39.51],[-9.1,39.77],[-9.03,39.77],[-8.93,40.36],[-8.85,40.36],[-8.87,40.61],[-8.73,40.74],[-8.96,42.17],[-8.66,42.37],[-9.08,42.56],[-9.1,42.76],[-9.28,42.89],[-9.3,43.15],[-9.16,43.28],[-8.85,43.41],[-8.37,43.41],[-8.39,43.6],[-8.24,43.73],[-7.28,43.73],[-7.34,43.6],[-7.18,43.54],[-5.73,43.6],[-4.99,43.41],[-3.47,43.47],[-3.3,43.34],[-1.69,43.34],[-1.39,43.67],[-1.35,44.25],[-1.27,44.25],[-1.29,44.52],[-1.21,44.52],[-1.25,45.17],[-1.17,45.17],[-1.19,45.43],[-1.03,45.5],[-1.05,45.69],[-1.21,45.76],[-1.14,45.89],[-1.22,45.89],[-1.25,46.28],[-1.67,46.35],[-2.01,46.61],[-2.02,46.74],[-2.19,46.81],[-2.14,47.14],[-2.23,47.27],[-2.56,47.27],[-2.58,47.47],[-2.83,47.47],[-2.84,47.6],[-3.16,47.47],[-3.34,47.73],[-3.76,47.73],[-3.93,47.86],[-4.42,47.8],[-4.69,47.99],[-4.71,48.13],[-4.55,48.19],[-4.64,48.32],[-4.89,48.32],[-4.91,48.52],[-4.6,48.72],[-3.85,48.72],[-3.46,48.92],[-3.12,48.92],[-2.76,48.59],[-2.52,48.72],[-1.6,48.65],[-1.72,49.05],[-1.64,49.05],[-1.65,49.25],[-1.91,49.38],[-2.03,49.78],[-1.36,49.78],[-1.25,49.45],[0.01,49.38],[-0.01,49.65],[0.22,49.85],[1.05,49.98],[1.45,50.25],[1.42,50.71],[1.66,51.05],[2.58,51.18],[2.74,51.31],[3.41,51.45],[3.4,51.65],[3.74,51.65],[3.65,51.78],[3.98,51.92],[4.06,52.12],[4.23,51.98],[4.57,51.98],[4.57,52.05],[5.93,51.98],[6.63,51.51],[6.71,51.51],[6.89,51.38],[7.06,50.98]],[[5.53,51.31],[5.78,51.38],[5.86,51.58],[5.52,51.78],[4.33,51.71],[4.27,51.18],[4.7,51.05],[4.78,51.05],[5.2,51.05],[5.54,51.18],[5.53,51.31]]],[[[14.26,44.58],[14.27,44.97],[14.35,44.97],[14.51,44.91],[14.5,44.52],[14.26,44.58]]],[[[1.09,53.06],[1.53,52.92],[1.72,52.72],[1.74,52.38],[1.65,52.38],[1.59,52.12],[1.43,51.98],[1.17,51.98],[1.18,51.78],[0.84,51.78],[0.86,51.51],[0.52,51.51],[1.38,51.38],[1.39,51.18],[0.74,50.85],[-1.37,50.85],[-1.11,50.78],[-1.1,50.65],[-1.51,50.58],[-1.52,50.71],[-2.03,50.71],[-2.1,50.58],[-2.61,50.58],[-2.96,50.71],[-2.9,50.98],[-3.26,51.18],[-3.09,51.25],[-3.11,51.38],[-2.95,51.51],[-3.28,51.38],[-3.7,51.38],[-3.88,51.51],[-3.9,51.65],[-3.73,51.65],[-3.35,52.05],[-2.93,52.18],[-2.87,52.38],[-2.7,52.38],[-2.47,52.65],[-2.3,52.65],[-1.74,53.12],[-1.84,53.26],[-1.76,53.26],[-1.77,53.39],[-1.6,53.39],[-1.7,53.6],[-1.62,53.6],[-1.67,54.14],[-1.34,54.34],[-1.08,54.34],[-1.18,54.48],[-0.83,54.48],[-0.93,54.61],[-0.67,54.61],[-0.39,54.41],[-0.38,54.27],[-0.2,54.21],[-0.18,53.94],[0.0,53.8],[0.02,53.6],[0.3,53.39],[0.32,53.12],[0.08,52.92],[0.16,52.92],[0.34,52.86],[0.49,53.06],[1.09,53.06]]]]},"properties":{"id":"territory:Western Roman Empire:402","name":"서로마 제국","name_en":"Western Roman Empire","actor":"로마","valid_from":402,"valid_to":407,"wikidata":"Q42834","area":2101434,"src":"cliopatria","confidence":"medium"}},{"type":"Feature","geometry":{"type":"Point","coordinates":[4.118,44.34]},"properties":{"id":"territory:Western Roman Empire:402:label","name":"서로마 제국","name_en":"Western Roman Empire","actor":"로마","valid_from":402,"valid_to":407,"wikidata":"Q42834","area":2101434,"src":"cliopatria","confidence":"medium"}},{"type":"Feature","geometry":{"type":"MultiPolygon","coordinates":[[[[11.08,35.39],[11.01,35.39],[11.08,35.0],[10.85,34.94],[10.85,34.81],[10.54,34.55],[10.0,34.29],[10.08,34.23],[10.01,33.91],[10.24,33.71],[10.54,33.71],[10.7,33.52],[11.08,33.59],[11.16,33.2],[11.46,33.2],[12.23,32.81],[12.61,32.88],[12.53,32.75],[12.84,32.75],[12.84,32.88],[13.07,32.94],[13.3,32.94],[13.45,32.81],[13.76,32.88],[13.76,32.75],[14.07,32.75],[14.44,32.49],[14.67,32.56],[14.75,32.43],[15.21,32.36],[15.42,31.66],[15.58,31.59],[15.65,31.4],[16.18,31.21],[17.47,31.08],[18.0,30.89],[18.59,30.37],[18.9,30.37],[18.81,29.99],[18.28,30.05],[16.7,30.69],[15.49,30.95],[15.18,30.89],[15.19,31.08],[14.58,31.53],[14.59,31.66],[13.83,32.11],[13.3,32.24],[13.07,32.17],[13.07,32.3],[12.46,32.36],[11.77,32.3],[11.77,32.43],[11.54,32.43],[11.46,32.56],[11.31,32.49],[11.16,32.69],[10.39,33.01],[10.01,33.01],[10.08,33.14],[9.63,33.14],[9.55,33.33],[9.62,33.46],[9.32,33.59],[9.08,34.04],[8.93,34.04],[9.0,34.36],[8.93,34.36],[8.85,34.74],[8.46,34.87],[8.23,34.81],[7.99,35.07],[7.99,35.52],[7.91,35.52],[7.91,35.97],[7.83,35.97],[7.9,36.22],[7.59,36.61],[6.96,36.61],[6.89,36.48],[6.42,36.55],[6.35,36.42],[5.88,36.48],[5.65,36.35],[2.77,36.42],[2.32,36.22],[2.0,36.29],[2.01,36.16],[1.15,36.16],[1.01,36.03],[0.77,36.03],[0.48,35.64],[-0.29,35.58],[-1.04,35.07],[-1.2,35.13],[-1.35,35.0],[-1.81,34.94],[-1.88,34.81],[-2.81,34.94],[-5.28,34.94],[-5.81,34.81],[-6.11,34.61],[-6.24,34.36],[-6.16,34.23],[-6.31,34.23],[-6.6,33.97],[-6.59,33.84],[-6.81,33.71],[-6.73,33.59],[-7.18,33.52],[-7.47,33.26],[-7.88,33.52],[-7.13,33.84],[-7.06,33.97],[-6.9,33.91],[-6.61,34.16],[-6.7,34.29],[-6.47,34.36],[-6.48,34.49],[-6.33,34.55],[-6.28,34.87],[-6.2,34.87],[-6.29,35.07],[-6.13,35.0],[-6.15,35.19],[-6.0,35.32],[-5.88,35.77],[-5.34,35.84],[-5.24,35.52],[-4.75,35.19],[-3.13,35.19],[-2.98,35.26],[-2.99,35.45],[-2.84,35.45],[-2.82,35.13],[-2.66,35.07],[-1.89,35.07],[-1.59,35.26],[-1.36,35.26],[-1.14,35.45],[-1.22,35.64],[-1.07,35.58],[-0.92,35.71],[-0.53,35.71],[-0.46,35.84],[0.08,35.84],[0.38,36.22],[0.68,36.29],[0.68,36.42],[0.91,36.35],[1.22,36.55],[1.53,36.48],[2.38,36.67],[2.69,36.61],[2.84,36.74],[3.23,36.74],[3.46,36.87],[3.85,36.8],[4.47,36.93],[4.86,36.87],[5.1,36.67],[5.56,36.67],[5.64,36.8],[6.11,36.8],[6.1,36.93],[6.33,37.06],[6.8,36.87],[7.19,36.87],[7.35,37.06],[7.5,37.06],[7.74,36.87],[8.52,36.87],[8.9,37.13],[9.06,37.06],[9.6,37.32],[9.99,37.19],[10.23,37.25],[10.23,37.06],[10.31,37.06],[10.23,36.8],[10.54,36.74],[10.85,37.0],[11.01,37.0],[11.01,36.8],[10.46,36.42],[10.54,36.35],[10.46,35.9],[10.7,35.71],[10.85,35.77],[10.85,35.64],[10.93,35.64],[11.08,35.58],[11.08,35.39]]],[[[1.66,39.0],[1.43,38.8],[1.27,38.8],[1.18,39.06],[1.26,39.13],[1.34,39.13],[1.65,39.13],[1.66,39.0]]],[[[3.2,39.84],[3.52,39.77],[3.3,39.32],[2.82,39.32],[2.66,39.51],[2.35,39.45],[2.34,39.64],[2.88,39.97],[2.96,39.97],[3.19,39.97],[3.2,39.84]]],[[[3.83,39.9],[3.74,40.1],[3.82,40.1],[4.22,40.1],[4.3,39.84],[3.83,39.9]]],[[[7.67,50.45],[7.67,50.31],[7.75,50.31],[7.68,49.91],[7.76,49.85],[7.09,49.85],[6.76,49.58],[6.35,49.58],[6.0,49.91],[5.83,49.91],[5.74,50.11],[5.32,50.18],[4.89,50.45],[4.3,50.51],[4.21,50.71],[3.86,50.85],[2.77,50.71],[2.6,50.85],[2.09,50.85],[1.93,50.71],[1.87,50.31],[1.79,50.31],[2.15,49.78],[3.44,49.25],[4.61,49.18],[5.43,49.38],[6.19,49.32],[6.44,49.25],[6.61,49.05],[6.95,48.99],[7.2,48.79],[7.29,48.46],[7.54,48.39],[7.62,48.72],[7.54,48.72],[7.52,49.38],[7.6,49.38],[7.6,49.52],[7.94,49.52],[8.27,49.32],[8.12,48.85],[7.71,48.52],[7.63,47.99],[7.55,47.99],[7.56,47.6],[8.47,47.6],[8.55,47.73],[8.88,47.8],[9.04,48.13],[10.03,48.52],[10.45,48.52],[10.94,48.79],[11.36,48.85],[11.69,49.12],[12.11,49.18],[12.61,48.99],[12.77,48.79],[13.27,48.72],[13.35,48.59],[13.6,48.59],[14.26,48.26],[15.17,48.32],[15.5,48.19],[16.08,48.19],[16.66,48.32],[17.06,47.99],[17.71,47.73],[18.54,47.73],[18.71,47.86],[19.19,47.47],[19.17,47.2],[18.84,47.07],[18.81,46.61],[19.05,46.41],[18.86,45.89],[18.78,45.89],[18.93,45.56],[18.92,45.5],[19.0,45.5],[19.0,45.37],[19.24,45.24],[19.89,45.24],[20.14,45.37],[20.29,45.17],[19.94,44.71],[19.84,44.32],[19.67,44.25],[19.66,44.06],[19.41,43.93],[19.47,43.6],[19.31,43.6],[19.3,43.41],[19.46,43.28],[19.11,42.82],[19.17,42.3],[19.01,42.24],[18.93,42.24],[18.85,42.37],[18.14,42.63],[17.83,42.89],[17.59,42.89],[17.51,42.76],[17.52,42.95],[17.36,42.95],[17.37,43.21],[17.12,43.15],[17.05,43.41],[16.73,43.34],[16.73,43.54],[16.58,43.6],[15.93,43.47],[16.01,43.6],[15.86,43.8],[15.7,43.8],[15.62,43.93],[15.37,43.86],[15.46,43.99],[15.22,44.06],[15.15,44.39],[14.91,44.58],[14.92,44.97],[14.52,45.1],[14.6,45.37],[14.2,45.37],[14.19,45.04],[13.95,45.04],[13.94,44.91],[13.78,44.91],[13.71,45.24],[13.54,45.3],[13.55,45.5],[13.71,45.5],[13.71,45.76],[13.14,45.82],[13.06,45.63],[12.82,45.69],[12.65,45.56],[12.16,45.5],[12.16,45.17],[12.4,45.04],[12.4,44.78],[12.16,44.84],[12.15,44.45],[12.31,44.19],[12.87,43.8],[13.04,43.86],[13.03,43.73],[13.36,43.67],[13.67,43.41],[13.75,43.08],[13.99,42.95],[13.9,42.76],[14.06,42.5],[14.61,42.11],[14.77,42.17],[14.77,42.04],[14.92,41.98],[15.17,42.04],[15.24,41.91],[16.12,41.91],[16.11,41.78],[15.87,41.72],[15.94,41.39],[17.2,41.0],[17.51,40.74],[17.98,40.61],[18.44,40.16],[18.35,39.9],[18.11,39.9],[17.81,40.36],[17.42,40.36],[17.35,40.55],[17.03,40.55],[16.87,40.48],[16.95,40.42],[16.86,40.29],[16.62,40.29],[16.7,40.1],[16.46,39.97],[16.45,39.64],[16.92,39.51],[17.07,39.38],[17.14,39.06],[16.5,38.8],[16.49,38.42],[15.93,37.96],[15.7,37.96],[15.62,38.16],[15.39,38.16],[15.07,37.64],[15.06,37.25],[15.21,37.19],[15.05,36.74],[14.66,36.74],[14.28,37.13],[13.58,37.25],[13.19,37.58],[12.49,37.71],[12.49,37.9],[12.65,38.09],[13.04,38.03],[13.12,38.16],[13.35,38.16],[13.67,37.96],[14.06,37.96],[15.86,38.29],[15.95,38.67],[16.27,38.74],[16.27,38.93],[16.12,39.06],[15.9,39.77],[15.67,39.9],[15.75,40.03],[15.43,40.03],[14.96,40.29],[14.89,40.68],[14.42,40.68],[14.42,40.87],[14.1,40.87],[13.95,41.13],[13.79,41.13],[13.71,41.26],[13.0,41.33],[12.92,41.46],[12.53,41.59],[12.53,41.65],[12.77,41.78],[12.77,42.24],[12.54,42.43],[12.06,42.5],[11.73,42.24],[11.73,42.3],[11.26,42.43],[11.18,42.63],[11.02,42.63],[11.02,42.82],[10.54,43.08],[10.21,43.99],[9.89,43.99],[9.97,44.12],[9.73,44.12],[9.16,44.45],[8.43,44.39],[8.03,43.93],[7.15,43.73],[6.99,43.54],[6.67,43.47],[6.52,43.21],[6.28,43.15],[5.8,43.15],[5.63,43.28],[5.39,43.28],[5.39,43.41],[5.06,43.47],[4.18,43.47],[4.17,43.6],[3.85,43.6],[2.98,43.15],[3.01,42.56],[3.18,42.37],[3.12,41.91],[2.57,41.59],[2.33,41.59],[2.11,41.33],[1.24,41.2],[0.7,40.94],[0.71,40.68],[0.47,40.61],[0.25,40.42],[0.18,40.16],[-0.2,39.97],[-0.35,39.71],[-0.31,39.13],[0.1,38.74],[-0.66,38.29],[-0.8,38.03],[-0.7,37.64],[-1.71,37.45],[-1.62,37.32],[-1.86,37.32],[-2.06,36.8],[-2.53,36.87],[-2.68,36.74],[-4.47,36.74],[-4.69,36.55],[-5.23,36.48],[-5.29,36.22],[-5.66,36.03],[-5.83,36.22],[-6.06,36.22],[-6.33,36.67],[-6.35,36.93],[-6.59,37.0],[-6.84,37.25],[-7.47,37.25],[-7.45,37.13],[-7.68,37.0],[-8.7,37.13],[-9.0,37.0],[-8.9,37.58],[-8.82,37.58],[-8.82,38.48],[-9.21,38.42],[-9.23,38.67],[-9.38,38.61],[-9.55,38.74],[-9.57,38.93],[-9.43,39.06],[-9.39,39.45],[-9.16,39.51],[-9.1,39.77],[-9.03,39.77],[-8.93,40.36],[-8.85,40.36],[-8.87,40.61],[-8.73,40.74],[-8.96,42.17],[-8.66,42.37],[-9.08,42.56],[-9.1,42.76],[-9.28,42.89],[-9.3,43.15],[-9.16,43.28],[-8.85,43.41],[-8.37,43.41],[-8.39,43.6],[-8.24,43.73],[-7.28,43.73],[-7.34,43.6],[-7.18,43.54],[-5.73,43.6],[-4.99,43.41],[-3.47,43.47],[-3.3,43.34],[-1.69,43.34],[-1.39,43.67],[-1.35,44.25],[-1.27,44.25],[-1.29,44.52],[-1.21,44.52],[-1.25,45.17],[-1.17,45.17],[-1.19,45.43],[-1.03,45.5],[-1.05,45.69],[-1.21,45.76],[-1.14,45.89],[-1.22,45.89],[-1.25,46.28],[-1.67,46.35],[-2.01,46.61],[-2.02,46.74],[-2.19,46.81],[-2.14,47.14],[-2.23,47.27],[-2.56,47.27],[-2.58,47.47],[-2.83,47.47],[-2.84,47.6],[-3.16,47.47],[-3.34,47.73],[-3.76,47.73],[-3.93,47.86],[-4.42,47.8],[-4.69,47.99],[-4.71,48.13],[-4.55,48.19],[-4.64,48.32],[-4.89,48.32],[-4.91,48.52],[-4.6,48.72],[-3.85,48.72],[-3.46,48.92],[-3.12,48.92],[-2.76,48.59],[-2.52,48.72],[-1.6,48.65],[-1.72,49.05],[-1.64,49.05],[-1.65,49.25],[-1.91,49.38],[-2.03,49.78],[-1.36,49.78],[-1.25,49.45],[0.01,49.38],[-0.01,49.65],[0.22,49.85],[1.05,49.98],[1.45,50.25],[1.42,50.71],[1.66,51.05],[2.58,51.18],[2.74,51.31],[3.41,51.45],[3.4,51.65],[3.74,51.65],[3.65,51.78],[3.98,51.92],[4.06,52.12],[4.23,51.98],[4.57,51.98],[4.57,52.05],[5.93,51.98],[6.02,51.85],[6.63,51.58],[6.63,51.51],[6.89,51.38],[7.41,50.51],[7.67,50.45]],[[5.78,51.38],[5.86,51.58],[5.52,51.78],[4.33,51.71],[4.27,51.18],[4.7,51.05],[4.78,51.05],[5.2,51.05],[5.54,51.18],[5.53,51.31],[5.78,51.38]]],[[[0.49,53.06],[1.09,53.06],[1.53,52.92],[1.72,52.72],[1.74,52.38],[1.65,52.38],[1.59,52.12],[1.43,51.98],[1.17,51.98],[1.18,51.78],[0.84,51.78],[0.86,51.51],[0.52,51.51],[1.38,51.38],[1.39,51.18],[0.74,50.85],[-1.37,50.85],[-1.11,50.78],[-1.1,50.65],[-1.51,50.58],[-1.52,50.71],[-2.03,50.71],[-2.1,50.58],[-2.61,50.58],[-2.96,50.71],[-2.9,50.98],[-3.26,51.18],[-3.09,51.25],[-3.11,51.38],[-2.95,51.51],[-3.28,51.38],[-3.7,51.38],[-3.88,51.51],[-3.9,51.65],[-3.73,51.65],[-3.35,52.05],[-2.93,52.18],[-2.87,52.38],[-2.7,52.38],[-2.47,52.65],[-2.3,52.65],[-1.74,53.12],[-1.84,53.26],[-1.76,53.26],[-1.77,53.39],[-1.6,53.39],[-1.7,53.6],[-1.62,53.6],[-1.67,54.14],[-1.34,54.34],[-1.08,54.34],[-1.18,54.48],[-0.83,54.48],[-0.93,54.61],[-0.67,54.61],[-0.39,54.41],[-0.38,54.27],[-0.2,54.21],[-0.18,53.94],[0.0,53.8],[0.02,53.6],[0.3,53.39],[0.32,53.12],[0.08,52.92],[0.16,52.92],[0.34,52.86],[0.49,53.06]]],[[[9.82,40.36],[9.67,40.29],[9.75,39.64],[9.67,39.64],[9.59,39.13],[9.12,39.19],[8.97,38.87],[8.73,38.87],[8.34,39.0],[8.41,39.26],[8.33,39.26],[8.33,39.51],[8.41,39.51],[8.48,39.9],[8.32,39.97],[8.4,40.29],[8.32,40.29],[8.32,40.48],[8.16,40.55],[8.15,40.94],[8.55,40.87],[9.02,41.26],[9.1,41.26],[9.5,41.2],[9.82,40.74],[9.82,40.36]]],[[[12.21,41.91],[12.13,41.91],[12.13,41.98],[12.13,42.04],[12.05,42.04],[12.05,42.11],[12.05,42.17],[12.13,42.17],[12.13,42.24],[12.45,42.17],[12.45,41.98],[12.21,41.91]]],[[[9.49,42.76],[9.57,42.76],[9.58,41.98],[9.5,41.98],[9.5,41.78],[9.26,41.39],[9.1,41.33],[8.78,41.52],[8.78,41.72],[8.62,41.72],[8.7,41.91],[8.54,42.11],[8.53,42.5],[8.77,42.69],[9.17,42.76],[9.25,43.02],[9.33,43.02],[9.49,43.02],[9.49,42.76]]],[[[10.21,42.69],[10.13,42.89],[10.21,42.89],[10.46,42.89],[10.46,42.69],[10.21,42.69]]],[[[14.26,44.58],[14.27,44.97],[14.35,44.97],[14.51,44.91],[14.5,44.52],[14.26,44.58]]]]},"properties":{"id":"territory:Western Roman Empire:407","name":"서로마 제국","name_en":"Western Roman Empire","actor":"로마","valid_from":407,"valid_to":410,"wikidata":"Q42834","area":2071651,"src":"cliopatria","confidence":"medium"}},{"type":"Feature","geometry":{"type":"Point","coordinates":[4.171,44.182]},"properties":{"id":"territory:Western Roman Empire:407:label","name":"서로마 제국","name_en":"Western Roman Empire","actor":"로마","valid_from":407,"valid_to":410,"wikidata":"Q42834","area":2071651,"src":"cliopatria","confidence":"medium"}},{"type":"Feature","geometry":{"type":"MultiPolygon","coordinates":[[[[24.16,35.52],[24.15,35.39],[24.3,35.32],[25.69,35.32],[25.68,35.13],[26.23,35.19],[26.14,35.07],[24.82,35.0],[24.76,35.19],[24.53,35.19],[24.45,35.19],[23.68,35.26],[23.62,35.52],[24.16,35.52]]],[[[14.34,36.03],[14.42,36.03],[14.57,35.97],[14.57,35.77],[14.34,35.84],[14.34,36.03]]],[[[22.89,36.42],[22.96,36.42],[23.12,36.35],[23.11,36.16],[22.87,36.16],[22.89,36.42]]],[[[24.2,37.64],[24.28,37.71],[24.36,37.71],[24.43,37.58],[24.27,37.51],[24.2,37.64]]],[[[24.99,37.71],[25.06,37.71],[25.22,37.71],[25.29,37.51],[25.05,37.51],[24.99,37.71]]],[[[20.62,37.9],[20.7,37.9],[20.93,37.9],[20.92,37.64],[20.61,37.71],[20.62,37.9]]],[[[24.68,37.84],[24.69,38.03],[24.77,38.03],[25.07,37.77],[24.83,37.71],[24.68,37.84]]],[[[20.33,38.35],[20.49,38.42],[20.57,38.42],[20.8,38.29],[20.79,38.09],[20.32,38.16],[20.33,38.35]]],[[[23.57,38.8],[23.56,38.74],[23.48,38.74],[23.49,38.8],[23.57,38.8]]],[[[24.36,38.87],[24.36,39.0],[24.44,39.0],[24.67,38.93],[24.66,38.74],[24.36,38.87]]],[[[20.15,39.64],[20.15,39.58],[20.07,39.58],[20.07,39.64],[20.15,39.64]]],[[[25.07,40.03],[25.15,40.03],[25.46,40.03],[25.45,39.84],[24.97,39.84],[25.07,40.03]]],[[[24.55,40.55],[24.49,40.81],[24.57,40.81],[24.81,40.81],[24.79,40.61],[24.55,40.55]]],[[[28.84,44.58],[28.58,44.39],[28.54,43.99],[28.62,43.99],[28.48,43.47],[28.16,43.47],[28.23,43.34],[27.9,43.28],[27.8,43.15],[27.85,42.76],[27.51,42.63],[27.49,42.43],[27.94,42.04],[27.98,41.65],[28.22,41.65],[28.28,41.46],[28.51,41.33],[28.98,41.26],[28.96,41.13],[30.48,41.2],[30.62,41.07],[31.18,41.07],[31.53,41.39],[32.03,41.52],[32.04,41.65],[32.19,41.59],[32.69,41.78],[32.63,41.91],[32.86,41.85],[33.28,41.98],[34.78,41.91],[34.88,42.04],[35.12,42.04],[35.16,41.72],[35.95,41.72],[36.21,41.26],[36.77,41.33],[37.07,41.13],[37.23,41.2],[37.21,41.07],[37.77,41.07],[37.83,40.94],[38.16,41.0],[38.3,40.87],[38.78,40.94],[39.05,41.13],[39.74,40.94],[40.37,40.94],[40.39,41.07],[40.54,41.0],[41.05,41.2],[41.16,41.39],[41.31,41.33],[41.41,41.46],[41.57,41.46],[41.68,41.65],[41.69,41.72],[41.84,41.65],[41.81,41.46],[41.53,41.26],[41.36,40.68],[41.7,40.36],[41.67,40.16],[41.48,39.97],[41.33,39.97],[41.26,39.51],[40.98,39.26],[40.97,38.61],[40.87,38.48],[40.95,38.48],[40.91,38.22],[41.12,38.03],[41.21,37.0],[41.55,36.61],[41.53,36.48],[41.68,36.42],[41.66,36.29],[41.09,36.03],[41.11,35.0],[40.77,34.74],[40.62,34.74],[40.1,34.29],[40.03,34.29],[39.51,34.49],[39.12,34.49],[37.99,33.97],[37.74,33.78],[37.73,33.65],[37.57,33.65],[37.07,33.26],[37.05,33.07],[36.9,33.07],[36.72,32.75],[36.75,32.3],[36.52,32.24],[36.66,32.17],[36.39,31.66],[36.42,31.21],[36.27,31.21],[36.4,30.95],[36.16,30.76],[35.85,29.73],[35.77,29.73],[35.81,29.22],[35.66,29.22],[35.64,29.02],[35.48,28.89],[35.2,28.06],[34.59,28.06],[34.61,28.25],[34.85,28.57],[34.91,29.41],[34.75,29.28],[34.52,28.06],[34.36,27.93],[34.35,27.74],[34.12,27.74],[33.62,28.12],[33.55,28.32],[33.4,28.32],[33.19,28.51],[33.15,29.02],[32.86,29.22],[32.59,29.73],[32.6,29.92],[32.44,29.79],[32.69,28.96],[32.84,28.89],[33.11,28.38],[33.61,27.99],[33.59,27.61],[33.8,27.42],[33.93,27.03],[34.07,26.97],[34.05,26.58],[34.2,26.52],[34.46,25.87],[34.61,25.81],[35.15,24.65],[35.86,24.01],[35.85,23.88],[35.56,23.94],[35.55,23.81],[35.11,23.88],[33.76,23.69],[33.68,23.69],[33.39,23.81],[32.04,23.69],[31.67,23.75],[30.54,23.36],[30.46,23.36],[30.4,23.56],[30.1,23.75],[30.11,23.88],[29.96,23.88],[29.67,24.2],[28.57,24.65],[28.29,25.16],[28.24,25.94],[28.35,26.58],[28.27,26.58],[28.15,27.35],[27.94,27.54],[27.71,27.54],[27.79,27.67],[27.43,27.99],[27.28,27.93],[27.29,28.12],[27.14,28.25],[25.59,28.96],[25.37,29.28],[25.15,29.28],[25.0,29.41],[24.85,29.34],[24.78,29.54],[24.33,29.67],[23.96,29.92],[23.51,29.99],[22.92,30.31],[22.76,30.24],[22.77,30.37],[21.94,30.56],[20.95,30.56],[19.65,30.24],[19.5,30.12],[18.81,30.05],[18.89,30.31],[19.27,30.24],[19.66,30.37],[19.96,30.56],[19.97,30.69],[20.2,30.89],[20.13,31.14],[20.21,31.27],[20.0,31.59],[20.09,32.11],[20.02,32.24],[20.25,32.24],[20.33,32.49],[20.48,32.43],[20.56,32.56],[20.72,32.56],[20.64,32.69],[20.87,32.62],[21.11,32.81],[21.41,32.75],[21.88,32.94],[23.09,32.62],[23.08,32.36],[23.3,32.17],[23.68,32.17],[24.13,31.98],[24.89,31.98],[25.11,31.79],[25.1,31.59],[25.25,31.46],[26.85,31.46],[27.3,31.34],[27.51,31.14],[28.5,31.01],[28.87,30.82],[29.4,30.82],[29.49,31.01],[29.63,30.95],[29.87,31.08],[29.8,31.21],[29.88,31.27],[30.34,31.27],[30.27,31.4],[30.35,31.46],[30.81,31.46],[30.97,31.53],[30.97,31.66],[31.2,31.66],[31.12,31.53],[31.27,31.46],[31.88,31.46],[31.78,31.21],[31.94,31.27],[32.0,31.08],[32.3,31.08],[32.24,31.21],[32.39,31.21],[32.53,31.08],[32.77,31.14],[32.83,31.01],[33.98,31.14],[34.3,31.27],[34.31,31.4],[34.55,31.53],[34.64,31.72],[34.57,31.85],[34.81,31.98],[34.77,32.36],[35.02,32.62],[35.06,33.01],[35.22,33.07],[35.4,33.39],[35.35,33.65],[35.5,33.65],[35.45,33.91],[35.68,33.97],[35.64,34.36],[35.79,34.29],[36.05,34.55],[36.07,34.74],[35.93,34.87],[35.96,35.19],[35.88,35.19],[35.99,35.52],[35.84,35.58],[35.99,36.22],[35.84,36.29],[36.26,36.61],[36.29,36.8],[36.14,36.93],[35.83,36.93],[35.49,36.61],[35.33,36.61],[35.11,36.74],[34.95,36.67],[34.89,36.87],[34.58,36.87],[34.25,36.67],[33.98,36.29],[33.27,36.22],[32.71,36.03],[32.56,36.03],[32.5,36.22],[32.07,36.61],[31.09,36.93],[30.62,36.93],[30.49,36.35],[30.03,36.35],[29.94,36.22],[29.24,36.22],[29.12,36.74],[28.74,36.74],[28.59,36.87],[28.36,36.87],[28.19,36.67],[28.03,36.67],[28.14,37.06],[28.07,37.13],[27.6,37.13],[27.54,37.38],[27.22,37.32],[27.31,37.45],[27.16,37.58],[27.26,37.77],[27.18,37.77],[27.28,38.03],[26.89,38.09],[26.82,38.22],[26.43,38.22],[26.38,38.67],[26.54,38.61],[26.59,38.35],[27.06,38.35],[27.08,38.55],[26.85,38.61],[26.96,39.0],[26.88,39.0],[26.89,39.19],[26.74,39.26],[26.85,39.58],[26.13,39.51],[26.27,40.29],[26.6,40.48],[26.68,40.48],[26.67,40.36],[27.47,40.42],[27.54,40.29],[27.7,40.29],[27.79,40.48],[27.95,40.48],[27.94,40.36],[29.05,40.36],[28.9,40.48],[28.91,40.61],[29.39,40.68],[29.49,40.87],[29.25,40.81],[29.1,40.94],[29.12,41.07],[27.53,41.07],[27.02,40.68],[26.92,40.48],[26.77,40.55],[26.93,40.61],[26.85,40.61],[26.77,40.61],[26.78,40.68],[26.7,40.68],[26.62,40.68],[26.55,40.74],[26.14,40.61],[26.08,40.87],[25.85,40.94],[24.35,41.0],[24.01,40.74],[23.7,40.81],[23.68,40.61],[23.84,40.55],[23.74,40.23],[22.96,40.42],[22.89,40.61],[22.57,40.55],[22.54,40.1],[22.7,40.1],[22.61,39.9],[23.14,39.45],[22.82,39.38],[22.8,39.06],[22.96,39.13],[23.49,38.87],[23.33,38.8],[23.03,38.93],[22.94,38.74],[23.17,38.67],[23.31,38.48],[23.63,38.48],[23.56,38.74],[24.03,38.67],[24.18,38.55],[24.16,38.22],[24.0,38.22],[23.98,37.84],[23.44,38.03],[23.21,38.03],[23.2,37.9],[23.04,37.9],[23.11,37.64],[23.34,37.64],[23.4,37.32],[23.17,37.32],[23.18,37.45],[22.95,37.58],[22.71,37.58],[22.7,37.32],[22.85,37.25],[23.06,36.67],[22.83,36.87],[22.6,36.87],[22.51,36.67],[22.36,36.67],[22.22,37.06],[21.91,37.06],[21.9,36.87],[21.74,36.87],[21.68,37.19],[21.6,37.19],[21.7,37.51],[21.24,37.84],[21.42,38.16],[21.73,38.16],[21.74,38.35],[21.19,38.42],[20.97,38.74],[20.74,38.8],[20.91,39.06],[20.3,39.38],[20.15,39.71],[19.92,39.71],[19.91,39.58],[19.76,39.64],[19.76,39.77],[20.0,39.77],[20.01,39.97],[19.63,40.29],[19.47,40.29],[19.49,40.61],[19.25,40.61],[19.25,40.74],[19.5,40.87],[19.44,41.26],[19.52,41.39],[19.44,41.39],[19.53,41.52],[19.45,41.52],[19.54,41.78],[19.0,42.17],[19.01,42.24],[19.17,42.3],[19.11,42.82],[19.46,43.28],[19.31,43.54],[19.47,43.6],[19.41,43.93],[19.66,44.06],[19.67,44.25],[19.92,44.45],[19.94,44.71],[20.29,45.24],[20.37,45.24],[20.61,45.1],[20.52,44.97],[20.67,44.78],[21.41,44.91],[21.64,44.71],[21.88,44.71],[22.03,44.52],[22.19,44.52],[22.37,44.71],[22.69,44.71],[22.77,44.58],[22.52,44.52],[22.51,44.39],[22.98,44.12],[22.88,43.86],[23.53,43.93],[23.92,43.86],[24.08,43.73],[24.81,43.8],[25.28,43.67],[25.77,43.73],[26.03,43.99],[26.37,44.12],[27.75,44.19],[27.93,44.39],[27.85,44.39],[27.87,44.58],[27.71,44.58],[27.73,44.78],[27.89,44.78],[27.92,45.1],[27.77,45.17],[27.79,45.37],[28.04,45.43],[28.05,45.56],[28.29,45.5],[28.27,45.37],[28.43,45.3],[28.76,45.3],[29.18,45.5],[29.67,45.43],[29.53,44.91],[29.11,44.84],[29.11,44.78],[29.02,44.78],[29.05,44.97],[28.8,44.97],[28.84,44.58]]],[[[34.09,35.0],[33.7,34.94],[33.52,34.74],[33.13,34.68],[33.04,34.55],[32.37,34.74],[32.23,34.94],[32.25,35.13],[32.55,35.13],[32.88,35.26],[32.89,35.39],[33.74,35.39],[34.31,35.71],[34.39,35.71],[34.54,35.71],[34.53,35.58],[33.96,35.26],[34.09,35.0]]],[[[27.74,35.9],[27.69,36.29],[28.02,36.48],[28.09,36.48],[28.25,36.48],[28.14,36.03],[27.74,35.9]]],[[[27.12,36.93],[27.19,36.8],[26.87,36.67],[27.04,36.93],[27.12,36.93]]],[[[25.34,37.13],[25.42,37.13],[25.57,37.13],[25.56,37.0],[25.33,37.0],[25.34,37.13]]],[[[25.99,37.51],[26.08,37.71],[26.16,37.71],[26.31,37.71],[26.3,37.58],[25.99,37.51]]],[[[25.9,38.48],[25.82,38.48],[25.91,38.67],[25.99,38.67],[26.22,38.55],[26.11,38.16],[25.88,38.16],[25.9,38.48]]],[[[26.09,39.0],[26.1,39.13],[25.79,39.19],[26.04,39.38],[26.12,39.38],[26.51,39.32],[26.64,39.0],[26.25,38.93],[26.09,39.0]]],[[[25.72,40.29],[25.8,40.29],[26.04,40.29],[26.02,40.16],[25.7,40.1],[25.72,40.29]]],[[[33.47,44.65],[33.55,44.65],[33.61,45.1],[32.61,45.5],[33.71,45.82],[33.74,46.02],[34.32,46.09],[34.38,45.96],[34.62,45.89],[34.6,45.76],[34.74,45.63],[34.99,45.63],[35.02,45.3],[35.43,45.3],[35.3,44.97],[34.55,44.84],[34.54,44.78],[34.38,44.78],[33.93,44.45],[33.52,44.45],[33.47,44.65]]]]},"properties":{"id":"territory:Eastern Roman Empire:469","name":"동로마 제국","name_en":"Eastern Roman Empire","actor":"로마","valid_from":469,"valid_to":490,"wikidata":"Q12544","area":2003622,"src":"cliopatria","confidence":"medium"}},{"type":"Feature","geometry":{"type":"Point","coordinates":[30.578,35.426]},"properties":{"id":"territory:Eastern Roman Empire:469:label","name":"동로마 제국","name_en":"Eastern Roman Empire","actor":"로마","valid_from":469,"valid_to":490,"wikidata":"Q12544","area":2003622,"src":"cliopatria","confidence":"medium"}},{"type":"Feature","geometry":{"type":"MultiPolygon","coordinates":[[[[24.16,35.52],[24.15,35.39],[24.3,35.32],[25.69,35.32],[25.68,35.13],[26.23,35.19],[26.14,35.07],[24.82,35.0],[24.76,35.19],[24.53,35.19],[24.45,35.19],[23.68,35.26],[23.62,35.52],[24.16,35.52]]],[[[14.34,36.03],[14.42,36.03],[14.57,35.97],[14.57,35.77],[14.34,35.84],[14.34,36.03]]],[[[22.89,36.42],[22.96,36.42],[23.12,36.35],[23.11,36.16],[22.87,36.16],[22.89,36.42]]],[[[24.2,37.64],[24.28,37.71],[24.36,37.71],[24.43,37.58],[24.27,37.51],[24.2,37.64]]],[[[24.99,37.71],[25.06,37.71],[25.22,37.71],[25.29,37.51],[25.05,37.51],[24.99,37.71]]],[[[20.62,37.9],[20.7,37.9],[20.93,37.9],[20.92,37.64],[20.61,37.71],[20.62,37.9]]],[[[24.68,37.84],[24.69,38.03],[24.77,38.03],[25.07,37.77],[24.83,37.71],[24.68,37.84]]],[[[20.33,38.35],[20.49,38.42],[20.57,38.42],[20.8,38.29],[20.79,38.09],[20.32,38.16],[20.33,38.35]]],[[[23.57,38.8],[23.56,38.74],[23.48,38.74],[23.49,38.8],[23.57,38.8]]],[[[24.36,38.87],[24.36,39.0],[24.44,39.0],[24.67,38.93],[24.66,38.74],[24.36,38.87]]],[[[20.15,39.64],[20.15,39.58],[20.07,39.58],[20.07,39.64],[20.15,39.64]]],[[[25.07,40.03],[25.15,40.03],[25.46,40.03],[25.45,39.84],[24.97,39.84],[25.07,40.03]]],[[[24.55,40.55],[24.49,40.81],[24.57,40.81],[24.81,40.81],[24.79,40.61],[24.55,40.55]]],[[[28.84,44.58],[28.58,44.39],[28.54,43.99],[28.62,43.99],[28.48,43.47],[28.16,43.47],[28.23,43.34],[27.9,43.28],[27.8,43.15],[27.85,42.76],[27.51,42.63],[27.49,42.43],[27.94,42.04],[27.98,41.65],[28.22,41.65],[28.28,41.46],[28.51,41.33],[28.98,41.26],[28.96,41.13],[30.48,41.2],[30.62,41.07],[31.18,41.07],[31.53,41.39],[32.03,41.52],[32.04,41.65],[32.19,41.59],[32.69,41.78],[32.63,41.91],[32.86,41.85],[33.28,41.98],[34.78,41.91],[34.88,42.04],[35.12,42.04],[35.16,41.72],[35.95,41.72],[36.21,41.26],[36.77,41.33],[37.07,41.13],[37.23,41.2],[37.21,41.07],[37.77,41.07],[37.83,40.94],[38.16,41.0],[38.3,40.87],[38.78,40.94],[39.05,41.13],[39.74,40.94],[40.37,40.94],[40.39,41.07],[40.54,41.0],[41.05,41.2],[41.16,41.39],[41.31,41.33],[41.41,41.46],[41.57,41.46],[41.68,41.65],[41.69,41.72],[41.84,41.65],[41.81,41.46],[41.53,41.26],[41.36,40.68],[41.7,40.36],[41.67,40.16],[41.48,39.97],[41.33,39.97],[41.26,39.51],[40.98,39.26],[40.97,38.61],[40.87,38.48],[40.95,38.48],[40.91,38.22],[41.13,38.09],[41.21,37.0],[41.55,36.61],[41.53,36.48],[41.68,36.42],[41.66,36.29],[41.09,36.03],[41.11,35.0],[40.77,34.74],[40.62,34.74],[40.1,34.29],[40.03,34.29],[39.51,34.49],[39.12,34.49],[37.99,33.97],[37.74,33.78],[37.73,33.65],[37.57,33.65],[37.07,33.26],[37.05,33.07],[36.9,33.07],[36.72,32.75],[36.75,32.3],[36.52,32.24],[36.66,32.17],[36.39,31.66],[36.42,31.21],[36.27,31.21],[36.4,30.95],[36.16,30.76],[35.85,29.73],[35.77,29.73],[35.81,29.22],[35.66,29.22],[35.64,29.02],[35.48,28.89],[35.2,28.06],[34.59,28.06],[34.61,28.25],[34.85,28.57],[34.91,29.41],[34.75,29.28],[34.52,28.06],[34.36,27.93],[34.35,27.74],[34.12,27.74],[33.62,28.12],[33.55,28.32],[33.4,28.32],[33.19,28.51],[33.15,29.02],[32.86,29.22],[32.59,29.73],[32.6,29.92],[32.44,29.79],[32.69,28.96],[32.84,28.89],[33.11,28.38],[33.61,27.99],[33.59,27.61],[33.8,27.42],[33.93,27.03],[34.07,26.97],[34.05,26.58],[34.2,26.52],[34.46,25.87],[34.61,25.81],[35.15,24.65],[35.86,24.01],[35.85,23.88],[35.56,23.94],[35.55,23.81],[35.11,23.88],[33.76,23.69],[33.68,23.69],[33.39,23.81],[32.04,23.69],[31.67,23.75],[30.54,23.36],[30.46,23.36],[30.4,23.56],[30.1,23.75],[30.11,23.88],[29.96,23.88],[29.67,24.2],[28.57,24.65],[28.29,25.16],[28.24,25.94],[28.35,26.58],[28.27,26.58],[28.15,27.35],[27.94,27.54],[27.71,27.54],[27.79,27.67],[27.43,27.99],[27.28,27.93],[27.29,28.12],[27.14,28.25],[25.59,28.96],[25.37,29.28],[25.15,29.28],[25.0,29.41],[24.85,29.34],[24.78,29.54],[24.33,29.67],[23.96,29.92],[23.51,29.99],[22.92,30.31],[22.76,30.24],[22.77,30.37],[21.94,30.56],[20.95,30.56],[19.65,30.24],[19.5,30.12],[18.81,30.05],[18.89,30.31],[19.27,30.24],[19.66,30.37],[19.96,30.56],[19.97,30.69],[20.2,30.89],[20.13,31.14],[20.21,31.27],[20.0,31.59],[20.09,32.11],[20.02,32.24],[20.25,32.24],[20.33,32.49],[20.48,32.43],[20.56,32.56],[20.72,32.56],[20.64,32.69],[20.87,32.62],[21.11,32.81],[21.41,32.75],[21.88,32.94],[23.09,32.62],[23.08,32.36],[23.3,32.17],[23.68,32.17],[24.13,31.98],[24.89,31.98],[25.11,31.79],[25.1,31.59],[25.25,31.46],[26.85,31.46],[27.3,31.34],[27.51,31.14],[28.5,31.01],[28.87,30.82],[29.4,30.82],[29.49,31.01],[29.63,30.95],[29.87,31.08],[29.8,31.21],[29.88,31.27],[30.34,31.27],[30.27,31.4],[30.35,31.46],[30.81,31.46],[30.97,31.53],[30.97,31.66],[31.2,31.66],[31.12,31.53],[31.27,31.46],[31.88,31.46],[31.78,31.21],[31.94,31.27],[32.0,31.08],[32.3,31.08],[32.24,31.21],[32.39,31.21],[32.53,31.08],[32.77,31.14],[32.83,31.01],[33.98,31.14],[34.3,31.27],[34.31,31.4],[34.55,31.53],[34.64,31.72],[34.57,31.85],[34.81,31.98],[34.77,32.36],[35.02,32.62],[35.06,33.01],[35.22,33.07],[35.4,33.39],[35.35,33.65],[35.5,33.65],[35.45,33.91],[35.68,33.97],[35.64,34.36],[35.79,34.29],[36.05,34.55],[36.07,34.74],[35.93,34.87],[35.96,35.19],[35.88,35.19],[35.99,35.52],[35.84,35.58],[35.99,36.22],[35.84,36.29],[36.26,36.61],[36.29,36.8],[36.14,36.93],[35.83,36.93],[35.49,36.61],[35.33,36.61],[35.11,36.74],[34.95,36.67],[34.89,36.87],[34.58,36.87],[34.25,36.67],[33.98,36.29],[33.27,36.22],[32.71,36.03],[32.56,36.03],[32.5,36.22],[32.07,36.61],[31.09,36.93],[30.62,36.93],[30.49,36.35],[30.03,36.35],[29.94,36.22],[29.24,36.22],[29.12,36.74],[28.74,36.74],[28.59,36.87],[28.36,36.87],[28.19,36.67],[28.03,36.67],[28.14,37.06],[28.07,37.13],[27.6,37.13],[27.54,37.38],[27.22,37.32],[27.31,37.45],[27.16,37.58],[27.26,37.77],[27.18,37.77],[27.28,38.03],[26.89,38.09],[26.82,38.22],[26.43,38.22],[26.38,38.67],[26.54,38.61],[26.59,38.35],[27.06,38.35],[27.08,38.55],[26.85,38.61],[26.96,39.0],[26.88,39.0],[26.89,39.19],[26.74,39.26],[26.85,39.58],[26.13,39.51],[26.27,40.29],[26.6,40.48],[26.68,40.48],[26.67,40.36],[27.47,40.42],[27.54,40.29],[27.7,40.29],[27.79,40.48],[27.95,40.48],[27.94,40.36],[29.05,40.36],[28.9,40.48],[28.91,40.61],[29.39,40.68],[29.49,40.87],[29.25,40.81],[29.1,40.94],[29.12,41.07],[27.53,41.07],[27.02,40.68],[26.92,40.48],[26.77,40.55],[26.93,40.61],[26.85,40.61],[26.77,40.61],[26.78,40.68],[26.7,40.68],[26.62,40.68],[26.55,40.74],[26.14,40.61],[26.08,40.87],[25.85,40.94],[24.35,41.0],[24.01,40.74],[23.7,40.81],[23.68,40.61],[23.84,40.55],[23.74,40.23],[22.96,40.42],[22.89,40.61],[22.57,40.55],[22.54,40.1],[22.7,40.1],[22.61,39.9],[23.14,39.45],[22.82,39.38],[22.8,39.06],[22.96,39.13],[23.49,38.87],[23.33,38.8],[23.03,38.93],[22.94,38.74],[23.17,38.67],[23.31,38.48],[23.63,38.48],[23.56,38.74],[24.03,38.67],[24.18,38.55],[24.16,38.22],[24.0,38.22],[23.98,37.84],[23.44,38.03],[23.21,38.03],[23.2,37.9],[23.04,37.9],[23.11,37.64],[23.34,37.64],[23.4,37.32],[23.17,37.32],[23.18,37.45],[22.95,37.58],[22.71,37.58],[22.7,37.32],[22.85,37.25],[23.06,36.67],[22.83,36.87],[22.6,36.87],[22.51,36.67],[22.36,36.67],[22.22,37.06],[21.91,37.06],[21.9,36.87],[21.74,36.87],[21.68,37.19],[21.6,37.19],[21.7,37.51],[21.24,37.84],[21.42,38.16],[21.73,38.16],[21.74,38.35],[21.19,38.42],[20.97,38.74],[20.74,38.8],[20.91,39.06],[20.3,39.38],[20.15,39.71],[19.92,39.71],[19.91,39.58],[19.76,39.64],[19.76,39.77],[20.0,39.77],[20.01,39.97],[19.63,40.29],[19.47,40.29],[19.49,40.61],[19.25,40.61],[19.25,40.74],[19.5,40.87],[19.44,41.26],[19.52,41.39],[19.44,41.39],[19.53,41.52],[19.45,41.52],[19.54,41.78],[19.0,42.17],[19.01,42.24],[19.17,42.3],[19.11,42.82],[19.46,43.28],[19.3,43.41],[19.31,43.6],[19.47,43.6],[19.41,43.93],[19.66,44.06],[19.67,44.25],[19.92,44.45],[19.94,44.71],[20.29,45.24],[20.37,45.24],[20.61,45.1],[20.52,44.97],[20.67,44.78],[21.41,44.91],[21.64,44.71],[21.88,44.71],[22.03,44.52],[22.19,44.52],[22.37,44.71],[22.69,44.71],[22.77,44.58],[22.52,44.52],[22.51,44.39],[22.98,44.12],[22.88,43.86],[23.53,43.93],[23.92,43.86],[24.08,43.73],[24.81,43.8],[25.28,43.67],[25.77,43.73],[26.03,43.99],[26.37,44.12],[27.75,44.19],[27.93,44.39],[27.85,44.39],[27.87,44.58],[27.71,44.58],[27.73,44.78],[27.89,44.78],[27.92,45.1],[27.77,45.17],[27.79,45.37],[28.04,45.43],[28.05,45.56],[28.29,45.5],[28.27,45.37],[28.43,45.3],[28.76,45.3],[29.18,45.5],[29.67,45.43],[29.53,44.91],[29.11,44.84],[29.11,44.78],[29.02,44.78],[29.05,44.97],[28.8,44.97],[28.84,44.58]],[[35.59,33.84],[35.6,33.91],[35.52,33.91],[35.52,33.84],[35.59,33.84]],[[34.92,32.3],[34.92,32.36],[34.85,32.36],[34.84,32.3],[34.92,32.3]],[[31.52,37.38],[31.59,37.38],[31.6,37.45],[31.52,37.45],[31.52,37.38]],[[23.06,38.16],[22.98,38.16],[22.98,38.09],[23.06,38.09],[23.06,38.16]],[[22.91,38.22],[22.75,38.16],[22.84,38.35],[22.51,38.22],[22.6,38.42],[22.29,38.42],[22.44,38.29],[22.44,38.22],[22.59,38.16],[22.66,37.96],[22.97,37.96],[22.91,38.22]],[[22.98,38.22],[22.99,38.29],[22.91,38.29],[22.91,38.22],[22.98,38.22]],[[22.35,38.09],[22.43,38.09],[22.43,38.16],[22.35,38.16],[22.35,38.09]],[[22.2,38.16],[22.28,38.16],[22.28,38.22],[22.2,38.22],[22.2,38.16]],[[22.36,38.22],[22.36,38.29],[22.28,38.29],[22.28,38.22],[22.36,38.22]],[[21.14,38.93],[21.14,39.0],[21.15,39.06],[21.07,39.06],[20.99,39.06],[20.99,39.0],[21.06,39.0],[21.06,38.93],[21.14,38.93]]],[[[34.09,35.0],[33.7,34.94],[33.52,34.74],[33.13,34.68],[33.04,34.55],[32.37,34.74],[32.23,34.94],[32.25,35.13],[32.55,35.13],[32.88,35.26],[32.89,35.39],[33.74,35.39],[34.31,35.71],[34.39,35.71],[34.54,35.71],[34.53,35.58],[33.96,35.26],[34.09,35.0]]],[[[27.74,35.9],[27.69,36.29],[28.02,36.48],[28.09,36.48],[28.25,36.48],[28.14,36.03],[27.74,35.9]]],[[[27.12,36.93],[27.19,36.8],[26.87,36.67],[27.04,36.93],[27.12,36.93]]],[[[25.34,37.13],[25.42,37.13],[25.57,37.13],[25.56,37.0],[25.33,37.0],[25.34,37.13]]],[[[25.99,37.51],[26.08,37.71],[26.16,37.71],[26.31,37.71],[26.3,37.58],[25.99,37.51]]],[[[25.9,38.48],[25.82,38.48],[25.91,38.67],[25.99,38.67],[26.22,38.55],[26.11,38.16],[25.88,38.16],[25.9,38.48]]],[[[26.09,39.0],[26.1,39.13],[25.79,39.19],[26.04,39.38],[26.12,39.38],[26.51,39.32],[26.64,39.0],[26.25,38.93],[26.09,39.0]]],[[[25.72,40.29],[25.8,40.29],[26.04,40.29],[26.02,40.16],[25.7,40.1],[25.72,40.29]]],[[[33.47,44.65],[33.55,44.65],[33.61,45.1],[32.61,45.5],[33.71,45.82],[33.74,46.02],[34.32,46.09],[34.38,45.96],[34.62,45.89],[34.6,45.76],[34.74,45.63],[34.99,45.63],[35.02,45.3],[35.43,45.3],[35.3,44.97],[34.55,44.84],[34.54,44.78],[34.38,44.78],[33.93,44.45],[33.52,44.45],[33.47,44.65]]]]},"properties":{"id":"territory:Eastern Roman Empire:490","name":"동로마 제국","name_en":"Eastern Roman Empire","actor":"로마","valid_from":490,"valid_to":510,"wikidata":"Q12544","area":2002067,"src":"cliopatria","confidence":"medium"}},{"type":"Feature","geometry":{"type":"Point","coordinates":[30.578,35.427]},"properties":{"id":"territory:Eastern Roman Empire:490:label","name":"동로마 제국","name_en":"Eastern Roman Empire","actor":"로마","valid_from":490,"valid_to":510,"wikidata":"Q12544","area":2002067,"src":"cliopatria","confidence":"medium"}},{"type":"Feature","geometry":{"type":"MultiPolygon","coordinates":[[[[24.16,35.52],[24.15,35.39],[24.3,35.32],[25.69,35.32],[25.68,35.13],[26.23,35.19],[26.14,35.07],[24.82,35.0],[24.76,35.19],[24.53,35.19],[24.45,35.19],[23.68,35.26],[23.62,35.52],[24.16,35.52]]],[[[14.34,36.03],[14.42,36.03],[14.57,35.97],[14.57,35.77],[14.34,35.84],[14.34,36.03]]],[[[22.89,36.42],[22.96,36.42],[23.12,36.35],[23.11,36.16],[22.87,36.16],[22.89,36.42]]],[[[24.2,37.64],[24.28,37.71],[24.36,37.71],[24.43,37.58],[24.27,37.51],[24.2,37.64]]],[[[24.99,37.71],[25.06,37.71],[25.22,37.71],[25.29,37.51],[25.05,37.51],[24.99,37.71]]],[[[20.62,37.9],[20.7,37.9],[20.93,37.9],[20.92,37.64],[20.61,37.71],[20.62,37.9]]],[[[24.68,37.84],[24.69,38.03],[24.77,38.03],[25.07,37.77],[24.83,37.71],[24.68,37.84]]],[[[20.33,38.35],[20.49,38.42],[20.57,38.42],[20.8,38.29],[20.79,38.09],[20.32,38.16],[20.33,38.35]]],[[[23.57,38.8],[23.56,38.74],[23.48,38.74],[23.49,38.8],[23.57,38.8]]],[[[24.36,38.87],[24.36,39.0],[24.44,39.0],[24.67,38.93],[24.66,38.74],[24.36,38.87]]],[[[20.15,39.64],[20.15,39.58],[20.07,39.58],[20.07,39.64],[20.15,39.64]]],[[[24.49,40.81],[24.57,40.81],[24.81,40.81],[24.79,40.61],[24.55,40.55],[24.49,40.81]]],[[[28.8,44.97],[28.84,44.58],[28.58,44.39],[28.54,43.99],[28.62,43.99],[28.48,43.47],[28.16,43.47],[28.23,43.34],[27.9,43.28],[27.8,43.15],[27.85,42.76],[27.51,42.63],[27.49,42.43],[27.94,42.04],[27.98,41.65],[28.22,41.65],[28.28,41.46],[28.51,41.33],[28.98,41.26],[28.96,41.13],[30.48,41.2],[30.62,41.07],[31.18,41.07],[31.53,41.39],[32.03,41.52],[32.04,41.65],[32.19,41.59],[32.69,41.78],[32.63,41.91],[32.86,41.85],[33.28,41.98],[34.78,41.91],[34.88,42.04],[35.12,42.04],[35.16,41.72],[35.95,41.72],[36.21,41.26],[36.77,41.33],[37.07,41.13],[37.23,41.2],[37.21,41.07],[37.77,41.07],[37.83,40.94],[38.16,41.0],[38.3,40.87],[38.78,40.94],[39.05,41.13],[39.74,40.94],[40.37,40.94],[40.39,41.07],[40.54,41.0],[41.05,41.2],[41.16,41.39],[41.31,41.33],[41.41,41.46],[41.57,41.46],[41.68,41.65],[41.69,41.72],[41.84,41.65],[41.81,41.46],[41.53,41.26],[41.36,40.68],[41.7,40.36],[41.67,40.16],[41.48,39.97],[41.33,39.97],[41.26,39.51],[40.98,39.26],[40.97,38.61],[40.87,38.48],[40.95,38.48],[40.91,38.22],[41.12,38.03],[41.21,37.0],[41.55,36.61],[41.53,36.48],[41.68,36.42],[41.66,36.29],[41.09,36.03],[41.11,35.0],[40.77,34.74],[40.62,34.74],[40.1,34.29],[40.03,34.29],[39.51,34.49],[39.12,34.49],[37.99,33.97],[37.74,33.78],[37.73,33.65],[37.57,33.65],[37.07,33.26],[37.05,33.07],[36.9,33.07],[36.72,32.75],[36.75,32.3],[36.52,32.24],[36.66,32.17],[36.39,31.66],[36.42,31.21],[36.27,31.21],[36.4,30.95],[36.16,30.76],[35.85,29.73],[35.77,29.73],[35.81,29.22],[35.66,29.22],[35.64,29.02],[35.48,28.89],[35.2,28.06],[34.59,28.06],[34.61,28.25],[34.85,28.57],[34.91,29.41],[34.75,29.28],[34.52,28.06],[34.36,27.93],[34.35,27.74],[34.12,27.74],[33.62,28.12],[33.55,28.32],[33.4,28.32],[33.19,28.51],[33.15,29.02],[32.86,29.22],[32.59,29.73],[32.6,29.92],[32.44,29.79],[32.69,28.96],[32.84,28.89],[33.11,28.38],[33.61,27.99],[33.59,27.61],[33.8,27.42],[33.93,27.03],[34.07,26.97],[34.05,26.58],[34.2,26.52],[34.46,25.87],[34.61,25.81],[35.15,24.65],[35.86,24.01],[35.85,23.88],[35.56,23.94],[35.55,23.81],[35.11,23.88],[33.76,23.69],[33.68,23.69],[33.39,23.81],[32.04,23.69],[31.67,23.75],[30.54,23.36],[30.46,23.36],[30.4,23.56],[30.1,23.75],[30.11,23.88],[29.96,23.88],[29.67,24.2],[28.57,24.65],[28.29,25.16],[28.24,25.94],[28.35,26.58],[28.27,26.58],[28.15,27.35],[27.94,27.54],[27.71,27.54],[27.79,27.67],[27.43,27.99],[27.28,27.93],[27.29,28.12],[27.14,28.25],[25.59,28.96],[25.37,29.28],[25.15,29.28],[25.0,29.41],[24.85,29.34],[24.78,29.54],[24.33,29.67],[23.96,29.92],[23.51,29.99],[22.92,30.31],[22.76,30.24],[22.77,30.37],[21.94,30.56],[20.95,30.56],[19.65,30.24],[19.5,30.12],[18.81,30.05],[18.89,30.31],[19.27,30.24],[19.66,30.37],[19.96,30.56],[19.97,30.69],[20.2,30.89],[20.13,31.14],[20.21,31.27],[20.0,31.59],[20.09,32.11],[20.02,32.24],[20.25,32.24],[20.33,32.49],[20.48,32.43],[20.56,32.56],[20.72,32.56],[20.64,32.69],[20.87,32.62],[21.11,32.81],[21.41,32.75],[21.88,32.94],[23.09,32.62],[23.08,32.36],[23.3,32.17],[23.68,32.17],[24.13,31.98],[24.89,31.98],[25.11,31.79],[25.1,31.59],[25.25,31.46],[26.85,31.46],[27.3,31.34],[27.51,31.14],[28.5,31.01],[28.87,30.82],[29.4,30.82],[29.49,31.01],[29.63,30.95],[29.87,31.08],[29.8,31.21],[29.88,31.27],[30.34,31.27],[30.27,31.4],[30.35,31.46],[30.81,31.46],[30.97,31.53],[30.97,31.66],[31.2,31.66],[31.12,31.53],[31.27,31.46],[31.88,31.46],[31.78,31.21],[31.94,31.27],[32.0,31.08],[32.3,31.08],[32.24,31.21],[32.39,31.21],[32.53,31.08],[32.77,31.14],[32.83,31.01],[33.98,31.14],[34.3,31.27],[34.31,31.4],[34.55,31.53],[34.64,31.72],[34.57,31.85],[34.81,31.98],[34.77,32.36],[35.02,32.62],[35.06,33.01],[35.22,33.07],[35.4,33.39],[35.35,33.65],[35.5,33.65],[35.45,33.91],[35.68,33.97],[35.64,34.36],[35.79,34.29],[36.05,34.55],[36.07,34.74],[35.93,34.87],[35.96,35.19],[35.88,35.19],[35.99,35.52],[35.84,35.58],[35.99,36.22],[35.84,36.29],[36.26,36.61],[36.29,36.8],[36.14,36.93],[35.83,36.93],[35.49,36.61],[35.33,36.61],[35.11,36.74],[34.95,36.67],[34.89,36.87],[34.58,36.87],[34.25,36.67],[33.98,36.29],[33.27,36.22],[32.71,36.03],[32.56,36.03],[32.5,36.22],[32.07,36.61],[31.09,36.93],[30.62,36.93],[30.49,36.35],[30.03,36.35],[29.94,36.22],[29.24,36.22],[29.12,36.74],[28.74,36.74],[28.59,36.87],[28.36,36.87],[28.19,36.67],[28.03,36.67],[28.14,37.06],[28.07,37.13],[27.6,37.13],[27.54,37.38],[27.22,37.32],[27.31,37.45],[27.16,37.58],[27.26,37.77],[27.18,37.77],[27.28,38.03],[26.89,38.09],[26.82,38.22],[26.43,38.22],[26.38,38.67],[26.54,38.61],[26.59,38.35],[27.06,38.35],[27.08,38.55],[26.85,38.61],[26.96,39.0],[26.88,39.0],[26.89,39.19],[26.74,39.26],[26.85,39.58],[26.13,39.51],[26.27,40.29],[26.6,40.48],[26.68,40.48],[26.67,40.36],[27.47,40.42],[27.54,40.29],[27.7,40.29],[27.79,40.48],[27.95,40.48],[27.94,40.36],[29.05,40.36],[28.9,40.48],[28.91,40.61],[29.39,40.68],[29.49,40.87],[29.25,40.81],[29.1,40.94],[29.12,41.07],[27.53,41.07],[27.02,40.68],[26.92,40.48],[26.77,40.55],[26.93,40.61],[26.85,40.61],[26.77,40.61],[26.78,40.68],[26.7,40.68],[26.62,40.68],[26.55,40.74],[26.14,40.61],[26.08,40.87],[25.85,40.94],[24.35,41.0],[24.01,40.74],[23.7,40.81],[23.68,40.61],[23.84,40.55],[23.74,40.23],[22.96,40.42],[22.89,40.61],[22.57,40.55],[22.54,40.1],[22.7,40.1],[22.61,39.9],[23.14,39.45],[22.82,39.38],[22.8,39.06],[22.96,39.13],[23.49,38.87],[23.33,38.8],[23.03,38.93],[22.94,38.74],[23.17,38.67],[23.31,38.48],[23.63,38.48],[23.56,38.74],[24.03,38.67],[24.18,38.55],[24.16,38.22],[24.0,38.22],[23.98,37.84],[23.44,38.03],[23.21,38.03],[23.2,37.9],[23.04,37.9],[23.11,37.64],[23.34,37.64],[23.4,37.32],[23.17,37.32],[23.18,37.45],[22.95,37.58],[22.71,37.58],[22.7,37.32],[22.85,37.25],[23.06,36.67],[22.83,36.87],[22.6,36.87],[22.51,36.67],[22.36,36.67],[22.22,37.06],[21.91,37.06],[21.9,36.87],[21.74,36.87],[21.68,37.19],[21.6,37.19],[21.7,37.51],[21.24,37.84],[21.42,38.16],[21.73,38.16],[21.74,38.35],[21.19,38.42],[20.97,38.74],[20.74,38.8],[20.91,39.06],[20.3,39.38],[20.15,39.71],[19.92,39.71],[19.91,39.58],[19.76,39.64],[19.76,39.77],[20.0,39.77],[20.01,39.97],[19.63,40.29],[19.47,40.29],[19.49,40.61],[19.25,40.61],[19.25,40.74],[19.5,40.87],[19.44,41.26],[19.52,41.39],[19.44,41.39],[19.53,41.52],[19.45,41.52],[19.54,41.78],[19.0,42.17],[19.01,42.24],[19.17,42.3],[19.11,42.82],[19.46,43.28],[19.31,43.54],[19.47,43.6],[19.41,43.93],[19.66,44.06],[19.67,44.25],[19.92,44.45],[19.94,44.71],[20.29,45.24],[20.37,45.24],[20.61,45.1],[20.52,44.97],[20.67,44.78],[21.41,44.91],[21.64,44.71],[21.88,44.71],[22.03,44.52],[22.19,44.52],[22.37,44.71],[22.69,44.71],[22.77,44.58],[22.52,44.52],[22.51,44.39],[22.98,44.12],[22.88,43.86],[23.53,43.93],[23.92,43.86],[24.08,43.73],[24.81,43.8],[25.28,43.67],[25.77,43.73],[26.03,43.99],[26.37,44.12],[27.75,44.19],[27.93,44.39],[27.85,44.39],[27.87,44.58],[27.71,44.58],[27.73,44.78],[27.89,44.78],[27.92,45.1],[27.77,45.17],[27.79,45.37],[28.04,45.43],[28.05,45.56],[28.29,45.5],[28.27,45.37],[28.43,45.3],[28.76,45.3],[29.18,45.5],[29.67,45.43],[29.53,44.91],[29.11,44.84],[29.11,44.78],[29.02,44.78],[29.05,44.97],[28.8,44.97]]],[[[34.09,35.0],[33.7,34.94],[33.52,34.74],[33.13,34.68],[33.04,34.55],[32.37,34.74],[32.23,34.94],[32.25,35.13],[32.55,35.13],[32.88,35.26],[32.89,35.39],[33.74,35.39],[34.31,35.71],[34.39,35.71],[34.54,35.71],[34.53,35.58],[33.96,35.26],[34.09,35.0]]],[[[27.69,36.29],[28.02,36.48],[28.09,36.48],[28.25,36.48],[28.14,36.03],[27.74,35.9],[27.69,36.29]]],[[[27.04,36.93],[27.12,36.93],[27.19,36.8],[26.87,36.67],[27.04,36.93]]],[[[25.34,37.13],[25.42,37.13],[25.57,37.13],[25.56,37.0],[25.33,37.0],[25.34,37.13]]],[[[26.08,37.71],[26.16,37.71],[26.31,37.71],[26.3,37.58],[25.99,37.51],[26.08,37.71]]],[[[25.88,38.16],[25.9,38.48],[25.82,38.48],[25.91,38.67],[25.99,38.67],[26.22,38.55],[26.11,38.16],[25.88,38.16]]],[[[26.09,39.0],[26.1,39.13],[25.79,39.19],[26.04,39.38],[26.12,39.38],[26.51,39.32],[26.64,39.0],[26.25,38.93],[26.09,39.0]]],[[[25.07,40.03],[25.15,40.03],[25.46,40.03],[25.45,39.84],[24.97,39.84],[25.07,40.03]]],[[[25.7,40.1],[25.72,40.29],[25.8,40.29],[26.04,40.29],[26.02,40.16],[25.7,40.1]]]]},"properties":{"id":"territory:Eastern Roman Empire:455","name":"동로마 제국","name_en":"Eastern Roman Empire","actor":"로마","valid_from":455,"valid_to":459,"wikidata":"Q12544","area":1984479,"src":"cliopatria","confidence":"medium"}},{"type":"Feature","geometry":{"type":"Point","coordinates":[30.578,35.426]},"properties":{"id":"territory:Eastern Roman Empire:455:label","name":"동로마 제국","name_en":"Eastern Roman Empire","actor":"로마","valid_from":455,"valid_to":459,"wikidata":"Q12544","area":1984479,"src":"cliopatria","confidence":"medium"}},{"type":"Feature","geometry":{"type":"MultiPolygon","coordinates":[[[[24.16,35.52],[24.15,35.39],[24.3,35.32],[25.69,35.32],[25.68,35.13],[26.23,35.19],[26.14,35.07],[24.82,35.0],[24.76,35.19],[24.53,35.19],[24.45,35.19],[23.68,35.26],[23.62,35.52],[24.16,35.52]]],[[[14.34,36.03],[14.42,36.03],[14.57,35.97],[14.57,35.77],[14.34,35.84],[14.34,36.03]]],[[[22.89,36.42],[22.96,36.42],[23.12,36.35],[23.11,36.16],[22.87,36.16],[22.89,36.42]]],[[[24.2,37.64],[24.28,37.71],[24.36,37.71],[24.43,37.58],[24.27,37.51],[24.2,37.64]]],[[[24.99,37.71],[25.06,37.71],[25.22,37.71],[25.29,37.51],[25.05,37.51],[24.99,37.71]]],[[[20.62,37.9],[20.7,37.9],[20.93,37.9],[20.92,37.64],[20.61,37.71],[20.62,37.9]]],[[[24.68,37.84],[24.69,38.03],[24.77,38.03],[25.07,37.77],[24.83,37.71],[24.68,37.84]]],[[[20.33,38.35],[20.49,38.42],[20.57,38.42],[20.8,38.29],[20.79,38.09],[20.32,38.16],[20.33,38.35]]],[[[23.57,38.8],[23.56,38.74],[23.48,38.74],[23.49,38.8],[23.57,38.8]]],[[[24.36,38.87],[24.36,39.0],[24.44,39.0],[24.67,38.93],[24.66,38.74],[24.36,38.87]]],[[[20.15,39.64],[20.15,39.58],[20.07,39.58],[20.07,39.64],[20.15,39.64]]],[[[24.49,40.81],[24.57,40.81],[24.81,40.81],[24.79,40.61],[24.55,40.55],[24.49,40.81]]],[[[28.8,44.97],[28.84,44.58],[28.58,44.39],[28.54,43.99],[28.62,43.99],[28.48,43.47],[28.16,43.47],[28.23,43.34],[27.9,43.28],[27.8,43.15],[27.85,42.76],[27.51,42.63],[27.49,42.43],[27.94,42.04],[27.98,41.65],[28.22,41.65],[28.28,41.46],[28.51,41.33],[28.98,41.26],[28.96,41.13],[30.48,41.2],[30.62,41.07],[31.18,41.07],[31.53,41.39],[32.03,41.52],[32.04,41.65],[32.19,41.59],[32.69,41.78],[32.63,41.91],[32.86,41.85],[33.28,41.98],[34.78,41.91],[34.88,42.04],[35.12,42.04],[35.16,41.72],[35.95,41.72],[36.21,41.26],[36.77,41.33],[37.07,41.13],[37.23,41.2],[37.21,41.07],[37.77,41.07],[37.83,40.94],[38.16,41.0],[38.3,40.87],[38.78,40.94],[39.05,41.13],[39.74,40.94],[40.37,40.94],[40.39,41.07],[40.54,41.0],[41.05,41.2],[41.16,41.39],[41.31,41.33],[41.41,41.46],[41.57,41.46],[41.68,41.65],[41.69,41.72],[41.84,41.65],[41.81,41.46],[41.53,41.26],[41.36,40.68],[41.7,40.36],[41.67,40.16],[41.48,39.97],[41.33,39.97],[41.26,39.51],[40.98,39.26],[40.97,38.61],[40.87,38.48],[40.95,38.48],[40.91,38.22],[41.12,38.03],[41.21,37.0],[41.55,36.61],[41.53,36.48],[41.68,36.42],[41.66,36.29],[41.09,36.03],[41.11,35.0],[40.77,34.74],[40.62,34.74],[40.1,34.29],[40.03,34.29],[39.51,34.49],[39.12,34.49],[37.99,33.97],[37.74,33.78],[37.73,33.65],[37.57,33.65],[37.07,33.26],[37.05,33.07],[36.9,33.07],[36.72,32.75],[36.75,32.3],[36.52,32.24],[36.66,32.17],[36.39,31.66],[36.42,31.21],[36.27,31.21],[36.4,30.95],[36.16,30.76],[35.85,29.73],[35.77,29.73],[35.81,29.22],[35.66,29.22],[35.64,29.02],[35.48,28.89],[35.2,28.06],[34.59,28.06],[34.61,28.25],[34.85,28.57],[34.91,29.41],[34.75,29.28],[34.52,28.06],[34.36,27.93],[34.35,27.74],[34.12,27.74],[33.62,28.12],[33.55,28.32],[33.4,28.32],[33.19,28.51],[33.15,29.02],[32.86,29.22],[32.59,29.73],[32.6,29.92],[32.44,29.79],[32.69,28.96],[32.84,28.89],[33.11,28.38],[33.61,27.99],[33.59,27.61],[33.8,27.42],[33.93,27.03],[34.07,26.97],[34.05,26.58],[34.2,26.52],[34.46,25.87],[34.61,25.81],[35.15,24.65],[35.86,24.01],[35.85,23.88],[35.56,23.94],[35.55,23.81],[35.11,23.88],[33.76,23.69],[33.68,23.69],[33.39,23.81],[32.04,23.69],[31.67,23.75],[30.54,23.36],[30.46,23.36],[30.4,23.56],[30.1,23.75],[30.11,23.88],[29.96,23.88],[29.67,24.2],[28.57,24.65],[28.29,25.16],[28.24,25.94],[28.35,26.58],[28.27,26.58],[28.15,27.35],[27.94,27.54],[27.71,27.54],[27.79,27.67],[27.43,27.99],[27.28,27.93],[27.29,28.12],[27.14,28.25],[25.59,28.96],[25.37,29.28],[25.15,29.28],[25.0,29.41],[24.85,29.34],[24.78,29.54],[24.33,29.67],[23.96,29.92],[23.51,29.99],[22.92,30.31],[22.76,30.24],[22.77,30.37],[21.94,30.56],[20.95,30.56],[19.65,30.24],[19.5,30.12],[18.81,30.05],[18.89,30.31],[19.27,30.24],[19.66,30.37],[19.96,30.56],[19.97,30.69],[20.2,30.89],[20.13,31.14],[20.21,31.27],[20.0,31.59],[20.09,32.11],[20.02,32.24],[20.25,32.24],[20.33,32.49],[20.48,32.43],[20.56,32.56],[20.72,32.56],[20.64,32.69],[20.87,32.62],[21.11,32.81],[21.41,32.75],[21.88,32.94],[23.09,32.62],[23.08,32.36],[23.3,32.17],[23.68,32.17],[24.13,31.98],[24.89,31.98],[25.11,31.79],[25.1,31.59],[25.25,31.46],[26.85,31.46],[27.3,31.34],[27.51,31.14],[28.5,31.01],[28.87,30.82],[29.4,30.82],[29.49,31.01],[29.63,30.95],[29.87,31.08],[29.8,31.21],[29.88,31.27],[30.34,31.27],[30.27,31.4],[30.35,31.46],[30.81,31.46],[30.97,31.53],[30.97,31.66],[31.2,31.66],[31.12,31.53],[31.27,31.46],[31.88,31.46],[31.78,31.21],[31.94,31.27],[32.0,31.08],[32.3,31.08],[32.24,31.21],[32.39,31.21],[32.53,31.08],[32.77,31.14],[32.83,31.01],[33.98,31.14],[34.3,31.27],[34.31,31.4],[34.55,31.53],[34.64,31.72],[34.57,31.85],[34.81,31.98],[34.77,32.36],[35.02,32.62],[35.06,33.01],[35.22,33.07],[35.4,33.39],[35.35,33.65],[35.5,33.65],[35.45,33.91],[35.68,33.97],[35.64,34.36],[35.79,34.29],[36.05,34.55],[36.07,34.74],[35.93,34.87],[35.96,35.19],[35.88,35.19],[35.99,35.52],[35.84,35.58],[35.99,36.22],[35.84,36.29],[36.26,36.61],[36.29,36.8],[36.14,36.93],[35.83,36.93],[35.49,36.61],[35.33,36.61],[35.11,36.74],[34.95,36.67],[34.89,36.87],[34.58,36.87],[34.25,36.67],[33.98,36.29],[33.27,36.22],[32.71,36.03],[32.56,36.03],[32.5,36.22],[32.07,36.61],[31.09,36.93],[30.62,36.93],[30.49,36.35],[30.03,36.35],[29.94,36.22],[29.24,36.22],[29.12,36.74],[28.74,36.74],[28.59,36.87],[28.36,36.87],[28.19,36.67],[28.03,36.67],[28.14,37.06],[28.07,37.13],[27.6,37.13],[27.54,37.38],[27.22,37.32],[27.31,37.45],[27.16,37.58],[27.26,37.77],[27.18,37.77],[27.28,38.03],[26.89,38.09],[26.82,38.22],[26.43,38.22],[26.38,38.67],[26.54,38.61],[26.59,38.35],[27.06,38.35],[27.08,38.55],[26.85,38.61],[26.96,39.0],[26.88,39.0],[26.89,39.19],[26.74,39.26],[26.85,39.58],[26.13,39.51],[26.27,40.29],[26.6,40.48],[26.68,40.48],[26.67,40.36],[27.47,40.42],[27.54,40.29],[27.7,40.29],[27.79,40.48],[27.95,40.48],[27.94,40.36],[29.05,40.36],[28.9,40.48],[28.91,40.61],[29.39,40.68],[29.49,40.87],[29.25,40.81],[29.1,40.94],[29.12,41.07],[27.53,41.07],[27.02,40.68],[26.92,40.48],[26.77,40.55],[26.93,40.61],[26.85,40.61],[26.77,40.61],[26.78,40.68],[26.7,40.68],[26.62,40.68],[26.55,40.74],[26.14,40.61],[26.08,40.87],[25.85,40.94],[24.35,41.0],[24.01,40.74],[23.7,40.81],[23.68,40.61],[23.84,40.55],[23.74,40.23],[22.96,40.42],[22.89,40.61],[22.57,40.55],[22.54,40.1],[22.7,40.1],[22.61,39.9],[23.14,39.45],[22.82,39.38],[22.8,39.06],[22.96,39.13],[23.49,38.87],[23.33,38.8],[23.03,38.93],[22.94,38.74],[23.17,38.67],[23.31,38.48],[23.63,38.48],[23.56,38.74],[24.03,38.67],[24.18,38.55],[24.16,38.22],[24.0,38.22],[23.98,37.84],[23.44,38.03],[23.21,38.03],[23.2,37.9],[23.04,37.9],[23.11,37.64],[23.34,37.64],[23.4,37.32],[23.17,37.32],[23.18,37.45],[22.95,37.58],[22.71,37.58],[22.7,37.32],[22.85,37.25],[23.06,36.67],[22.83,36.87],[22.6,36.87],[22.51,36.67],[22.36,36.67],[22.22,37.06],[21.91,37.06],[21.9,36.87],[21.74,36.87],[21.68,37.19],[21.6,37.19],[21.7,37.51],[21.24,37.84],[21.42,38.16],[21.73,38.16],[21.74,38.35],[21.19,38.42],[20.97,38.74],[20.74,38.8],[20.91,39.06],[20.3,39.38],[20.15,39.71],[19.92,39.71],[19.91,39.58],[19.76,39.64],[19.76,39.77],[20.0,39.77],[20.01,39.97],[19.63,40.29],[19.47,40.29],[19.49,40.61],[19.25,40.61],[19.25,40.74],[19.5,40.87],[19.44,41.26],[19.52,41.39],[19.44,41.39],[19.53,41.52],[19.45,41.52],[19.54,41.78],[19.0,42.17],[19.01,42.24],[19.17,42.3],[19.11,42.82],[19.19,42.82],[19.2,42.89],[19.2,42.95],[19.46,43.28],[19.31,43.54],[19.47,43.6],[19.41,43.93],[19.66,44.06],[19.67,44.25],[19.92,44.45],[19.94,44.71],[20.29,45.24],[20.37,45.24],[20.61,45.1],[20.52,44.97],[20.67,44.78],[21.41,44.91],[21.64,44.71],[21.88,44.71],[22.03,44.52],[22.19,44.52],[22.37,44.71],[22.69,44.71],[22.77,44.58],[22.52,44.52],[22.51,44.39],[22.98,44.12],[22.88,43.86],[23.53,43.93],[23.92,43.86],[24.08,43.73],[24.81,43.8],[25.28,43.67],[25.77,43.73],[26.03,43.99],[26.37,44.12],[27.75,44.19],[27.93,44.39],[27.85,44.39],[27.87,44.58],[27.71,44.58],[27.73,44.78],[27.89,44.78],[27.92,45.1],[27.77,45.17],[27.79,45.37],[28.04,45.43],[28.05,45.56],[28.29,45.5],[28.27,45.37],[28.43,45.3],[28.76,45.3],[29.18,45.5],[29.67,45.43],[29.53,44.91],[29.11,44.84],[29.11,44.78],[29.02,44.78],[29.05,44.97],[28.8,44.97]]],[[[34.09,35.0],[33.7,34.94],[33.52,34.74],[33.13,34.68],[33.04,34.55],[32.37,34.74],[32.23,34.94],[32.25,35.13],[32.55,35.13],[32.88,35.26],[32.89,35.39],[33.74,35.39],[34.31,35.71],[34.39,35.71],[34.54,35.71],[34.53,35.58],[33.96,35.26],[34.09,35.0]]],[[[27.69,36.29],[28.02,36.48],[28.09,36.48],[28.25,36.48],[28.14,36.03],[27.74,35.9],[27.69,36.29]]],[[[27.04,36.93],[27.12,36.93],[27.19,36.8],[26.87,36.67],[27.04,36.93]]],[[[25.34,37.13],[25.42,37.13],[25.57,37.13],[25.56,37.0],[25.33,37.0],[25.34,37.13]]],[[[26.08,37.71],[26.16,37.71],[26.31,37.71],[26.3,37.58],[25.99,37.51],[26.08,37.71]]],[[[25.88,38.16],[25.9,38.48],[25.82,38.48],[25.91,38.67],[25.99,38.67],[26.22,38.55],[26.11,38.16],[25.88,38.16]]],[[[26.09,39.0],[26.1,39.13],[25.79,39.19],[26.04,39.38],[26.12,39.38],[26.51,39.32],[26.64,39.0],[26.25,38.93],[26.09,39.0]]],[[[25.07,40.03],[25.15,40.03],[25.46,40.03],[25.45,39.84],[24.97,39.84],[25.07,40.03]]],[[[25.7,40.1],[25.72,40.29],[25.8,40.29],[26.04,40.29],[26.02,40.16],[25.7,40.1]]]]},"properties":{"id":"territory:Eastern Roman Empire:459","name":"동로마 제국","name_en":"Eastern Roman Empire","actor":"로마","valid_from":459,"valid_to":469,"wikidata":"Q12544","area":1984457,"src":"cliopatria","confidence":"medium"}},{"type":"Feature","geometry":{"type":"Point","coordinates":[30.579,35.426]},"properties":{"id":"territory:Eastern Roman Empire:459:label","name":"동로마 제국","name_en":"Eastern Roman Empire","actor":"로마","valid_from":459,"valid_to":469,"wikidata":"Q12544","area":1984457,"src":"cliopatria","confidence":"medium"}},{"type":"Feature","geometry":{"type":"MultiPolygon","coordinates":[[[[24.16,35.52],[24.15,35.39],[24.3,35.32],[25.69,35.32],[25.68,35.13],[26.23,35.19],[26.14,35.07],[24.82,35.0],[24.76,35.19],[24.53,35.19],[24.45,35.19],[23.68,35.26],[23.62,35.52],[24.16,35.52]]],[[[14.34,35.84],[14.34,36.03],[14.42,36.03],[14.57,35.97],[14.57,35.77],[14.34,35.84]]],[[[22.87,36.16],[22.89,36.42],[22.96,36.42],[23.12,36.35],[23.11,36.16],[22.87,36.16]]],[[[24.28,37.71],[24.36,37.71],[24.43,37.58],[24.27,37.51],[24.2,37.64],[24.28,37.71]]],[[[20.62,37.9],[20.7,37.9],[20.93,37.9],[20.92,37.64],[20.61,37.71],[20.62,37.9]]],[[[24.68,37.84],[24.69,38.03],[24.77,38.03],[25.07,37.77],[24.83,37.71],[24.68,37.84]]],[[[20.33,38.35],[20.49,38.42],[20.57,38.42],[20.8,38.29],[20.79,38.09],[20.32,38.16],[20.33,38.35]]],[[[23.57,38.8],[23.56,38.74],[23.48,38.74],[23.49,38.8],[23.57,38.8]]],[[[24.36,38.87],[24.36,39.0],[24.44,39.0],[24.67,38.93],[24.66,38.74],[24.36,38.87]]],[[[20.15,39.64],[20.15,39.58],[20.07,39.58],[20.07,39.64],[20.15,39.64]]],[[[24.49,40.81],[24.57,40.81],[24.81,40.81],[24.79,40.61],[24.55,40.55],[24.49,40.81]]],[[[28.84,44.58],[28.58,44.39],[28.54,43.99],[28.62,43.99],[28.48,43.47],[28.16,43.47],[28.23,43.34],[27.9,43.28],[27.8,43.15],[27.85,42.76],[27.51,42.63],[27.49,42.43],[27.94,42.04],[27.98,41.65],[28.22,41.65],[28.28,41.46],[28.51,41.33],[28.98,41.26],[28.96,41.13],[30.48,41.2],[30.62,41.07],[31.18,41.07],[31.53,41.39],[32.03,41.52],[32.04,41.65],[32.19,41.59],[32.69,41.78],[32.63,41.91],[32.86,41.85],[33.28,41.98],[34.78,41.91],[34.88,42.04],[35.12,42.04],[35.16,41.72],[35.95,41.72],[36.21,41.26],[36.77,41.33],[37.07,41.13],[37.23,41.2],[37.21,41.07],[37.77,41.07],[37.83,40.94],[38.16,41.0],[38.3,40.87],[38.78,40.94],[39.05,41.13],[39.74,40.94],[40.37,40.94],[40.39,41.07],[40.54,41.0],[41.05,41.2],[41.16,41.39],[41.31,41.33],[41.41,41.46],[41.57,41.46],[41.68,41.65],[41.69,41.72],[41.84,41.65],[41.81,41.46],[41.53,41.26],[41.36,40.68],[41.7,40.36],[41.67,40.16],[41.48,39.97],[41.33,39.97],[41.26,39.51],[40.98,39.26],[40.97,38.61],[40.87,38.48],[40.95,38.48],[40.91,38.22],[41.12,38.03],[41.21,37.0],[41.55,36.61],[41.53,36.48],[41.68,36.42],[41.66,36.29],[41.09,36.03],[41.11,35.0],[40.77,34.74],[40.62,34.74],[40.1,34.29],[40.03,34.29],[39.51,34.49],[39.12,34.49],[37.99,33.97],[37.74,33.78],[37.73,33.65],[37.57,33.65],[37.07,33.26],[37.05,33.07],[36.9,33.07],[36.72,32.75],[36.75,32.3],[36.52,32.24],[36.66,32.17],[36.39,31.66],[36.42,31.21],[36.27,31.21],[36.4,30.95],[36.16,30.76],[35.85,29.73],[35.77,29.73],[35.81,29.22],[35.66,29.22],[35.64,29.02],[35.48,28.89],[35.2,28.06],[34.59,28.06],[34.61,28.25],[34.85,28.57],[34.91,29.41],[34.75,29.28],[34.52,28.06],[34.36,27.93],[34.35,27.74],[34.12,27.74],[33.62,28.12],[33.55,28.32],[33.4,28.32],[33.19,28.51],[33.15,29.02],[32.86,29.22],[32.59,29.73],[32.6,29.92],[32.44,29.79],[32.69,28.96],[32.84,28.89],[33.11,28.38],[33.61,27.99],[33.59,27.61],[33.8,27.42],[33.93,27.03],[34.07,26.97],[34.05,26.58],[34.2,26.52],[34.46,25.87],[34.61,25.81],[35.15,24.65],[35.86,24.01],[35.85,23.88],[35.56,23.94],[35.55,23.81],[35.11,23.88],[33.76,23.69],[33.68,23.69],[33.39,23.81],[32.04,23.69],[31.67,23.75],[30.54,23.36],[30.46,23.36],[30.4,23.56],[30.1,23.75],[30.11,23.88],[29.96,23.88],[29.67,24.2],[28.57,24.65],[28.29,25.16],[28.24,25.94],[28.35,26.58],[28.27,26.58],[28.15,27.35],[27.94,27.54],[27.71,27.54],[27.79,27.67],[27.43,27.99],[27.28,27.93],[27.29,28.12],[27.14,28.25],[25.59,28.96],[25.37,29.28],[25.15,29.28],[25.0,29.41],[24.85,29.34],[24.78,29.54],[24.33,29.67],[24.26,29.79],[23.51,29.99],[22.92,30.31],[22.76,30.24],[22.77,30.37],[22.54,30.44],[21.94,30.56],[20.95,30.56],[19.19,30.05],[18.81,30.05],[18.82,30.24],[19.66,30.37],[19.96,30.56],[19.97,30.69],[20.2,30.89],[20.13,31.14],[20.21,31.27],[20.0,31.59],[20.09,32.11],[20.02,32.24],[20.25,32.24],[20.33,32.49],[20.48,32.43],[20.56,32.56],[20.72,32.56],[20.64,32.69],[20.87,32.62],[21.11,32.81],[21.41,32.75],[21.88,32.94],[23.09,32.62],[23.08,32.36],[23.3,32.17],[23.68,32.17],[24.13,31.98],[24.89,31.98],[25.11,31.79],[25.1,31.59],[25.25,31.46],[26.85,31.46],[27.3,31.34],[27.51,31.14],[28.5,31.01],[28.87,30.82],[29.4,30.82],[29.49,31.01],[29.63,30.95],[29.87,31.08],[29.8,31.21],[29.88,31.27],[30.34,31.27],[30.27,31.4],[30.35,31.46],[30.81,31.46],[30.97,31.53],[30.97,31.66],[31.2,31.66],[31.12,31.53],[31.27,31.46],[31.88,31.46],[31.78,31.21],[31.94,31.27],[32.0,31.08],[32.3,31.08],[32.24,31.21],[32.53,31.08],[32.77,31.14],[32.83,31.01],[33.98,31.14],[34.3,31.27],[34.31,31.4],[34.63,31.66],[34.57,31.85],[34.81,31.98],[34.77,32.36],[35.02,32.62],[35.06,33.01],[35.22,33.07],[35.4,33.39],[35.35,33.65],[35.5,33.65],[35.45,33.91],[35.68,33.97],[35.64,34.36],[35.79,34.29],[36.05,34.55],[36.07,34.74],[35.93,34.87],[35.96,35.19],[35.88,35.19],[35.99,35.52],[35.84,35.58],[35.99,36.22],[35.84,36.29],[36.26,36.61],[36.29,36.8],[36.14,36.93],[35.83,36.93],[35.49,36.61],[35.33,36.61],[35.11,36.74],[34.95,36.67],[34.89,36.87],[34.58,36.87],[34.25,36.67],[33.98,36.29],[33.27,36.22],[32.71,36.03],[32.56,36.03],[32.5,36.22],[32.07,36.61],[31.09,36.93],[30.62,36.93],[30.49,36.35],[30.03,36.35],[29.94,36.22],[29.24,36.22],[29.12,36.74],[28.74,36.74],[28.59,36.87],[28.36,36.87],[28.19,36.67],[28.03,36.67],[28.14,37.06],[28.07,37.13],[27.6,37.13],[27.54,37.38],[27.22,37.32],[27.31,37.45],[27.16,37.58],[27.26,37.77],[27.18,37.77],[27.28,38.03],[26.89,38.09],[26.82,38.22],[26.43,38.22],[26.38,38.67],[26.54,38.61],[26.59,38.35],[27.06,38.35],[27.08,38.55],[26.85,38.61],[26.96,39.0],[26.88,39.0],[26.89,39.19],[26.74,39.26],[26.85,39.58],[26.13,39.51],[26.27,40.29],[26.6,40.48],[26.68,40.48],[26.67,40.36],[27.47,40.42],[27.54,40.29],[27.7,40.29],[27.79,40.48],[27.95,40.48],[27.94,40.36],[29.05,40.36],[28.9,40.48],[28.91,40.61],[29.48,40.74],[29.49,40.87],[29.25,40.81],[29.1,40.94],[29.12,41.07],[28.63,41.0],[28.17,41.13],[28.08,41.0],[27.53,41.07],[27.02,40.68],[26.92,40.48],[26.63,40.74],[26.14,40.61],[26.08,40.87],[25.38,41.0],[24.35,41.0],[24.01,40.74],[23.7,40.81],[23.68,40.61],[23.84,40.55],[23.74,40.23],[23.27,40.29],[22.88,40.48],[22.89,40.61],[22.65,40.61],[22.56,40.36],[22.54,40.1],[22.7,40.1],[22.61,39.9],[23.14,39.45],[22.82,39.38],[22.8,39.06],[22.96,39.13],[23.49,38.87],[23.33,38.8],[23.03,38.93],[22.94,38.74],[23.17,38.67],[23.31,38.48],[23.63,38.48],[23.56,38.74],[24.03,38.67],[24.18,38.55],[24.16,38.22],[24.0,38.22],[23.98,37.84],[23.44,38.03],[23.21,38.03],[23.2,37.9],[23.04,37.9],[23.11,37.64],[23.34,37.64],[23.41,37.51],[23.4,37.32],[23.17,37.32],[23.1,37.51],[22.71,37.58],[22.7,37.32],[22.85,37.25],[23.06,36.67],[22.83,36.87],[22.6,36.87],[22.51,36.67],[22.36,36.67],[22.22,37.06],[21.91,37.06],[21.9,36.87],[21.74,36.87],[21.68,37.19],[21.6,37.19],[21.7,37.51],[21.24,37.84],[21.42,38.16],[21.73,38.16],[21.74,38.35],[21.19,38.42],[20.97,38.74],[20.74,38.8],[20.91,39.06],[20.3,39.38],[20.15,39.71],[19.92,39.71],[19.91,39.58],[19.76,39.64],[19.76,39.77],[20.0,39.77],[20.01,39.97],[19.63,40.29],[19.47,40.29],[19.49,40.61],[19.25,40.61],[19.25,40.74],[19.5,40.87],[19.44,41.26],[19.52,41.39],[19.44,41.39],[19.53,41.52],[19.45,41.52],[19.54,41.78],[19.0,42.17],[19.01,42.24],[19.17,42.3],[19.11,42.82],[19.46,43.28],[19.3,43.41],[19.31,43.6],[19.47,43.6],[19.41,43.93],[19.66,44.06],[19.67,44.25],[19.84,44.32],[19.94,44.71],[20.29,45.17],[20.53,45.1],[20.52,44.91],[20.75,44.71],[21.41,44.84],[21.88,44.65],[21.95,44.52],[22.69,44.65],[22.52,44.52],[22.5,44.32],[22.89,44.12],[22.95,43.8],[23.6,43.86],[24.15,43.67],[24.88,43.73],[25.43,43.6],[25.85,43.73],[26.28,44.06],[27.49,44.06],[27.83,44.19],[27.94,44.52],[27.79,44.58],[27.8,44.71],[27.97,44.78],[28.0,45.04],[27.85,45.17],[27.87,45.37],[28.28,45.43],[28.35,45.3],[28.67,45.24],[29.1,45.43],[29.58,45.43],[29.58,45.37],[29.66,45.37],[29.53,44.91],[29.11,44.78],[29.02,44.78],[29.05,44.97],[28.8,44.97],[28.84,44.58]]],[[[33.96,35.26],[34.09,35.0],[33.7,34.94],[33.52,34.74],[33.13,34.68],[33.04,34.55],[32.37,34.74],[32.23,34.94],[32.25,35.13],[32.55,35.13],[32.88,35.26],[32.89,35.39],[33.74,35.39],[34.31,35.71],[34.39,35.71],[34.54,35.71],[34.53,35.58],[33.96,35.26]]],[[[27.74,35.9],[27.69,36.29],[28.02,36.48],[28.09,36.48],[28.25,36.48],[28.14,36.03],[27.74,35.9]]],[[[27.12,36.93],[27.19,36.8],[26.87,36.67],[27.04,36.93],[27.12,36.93]]],[[[25.34,37.13],[25.42,37.13],[25.57,37.13],[25.56,37.0],[25.33,37.0],[25.34,37.13]]],[[[25.05,37.51],[24.99,37.71],[25.06,37.71],[25.22,37.71],[25.29,37.51],[25.05,37.51]]],[[[26.08,37.71],[26.16,37.71],[26.31,37.71],[26.3,37.58],[25.99,37.51],[26.08,37.71]]],[[[25.9,38.48],[25.82,38.48],[25.91,38.67],[25.99,38.67],[26.22,38.55],[26.11,38.16],[25.88,38.16],[25.9,38.48]]],[[[26.25,38.93],[26.09,39.0],[26.1,39.13],[25.79,39.19],[26.04,39.38],[26.12,39.38],[26.51,39.32],[26.64,39.0],[26.25,38.93]]],[[[25.07,40.03],[25.15,40.03],[25.46,40.03],[25.45,39.84],[24.97,39.84],[25.07,40.03]]],[[[25.72,40.29],[25.8,40.29],[26.04,40.29],[26.02,40.16],[25.7,40.1],[25.72,40.29]]]]},"properties":{"id":"territory:Eastern Roman Empire:451","name":"동로마 제국","name_en":"Eastern Roman Empire","actor":"로마","valid_from":451,"valid_to":452,"wikidata":"Q12544","area":1979950,"src":"cliopatria","confidence":"medium"}},{"type":"Feature","geometry":{"type":"Point","coordinates":[30.592,35.395]},"properties":{"id":"territory:Eastern Roman Empire:451:label","name":"동로마 제국","name_en":"Eastern Roman Empire","actor":"로마","valid_from":451,"valid_to":452,"wikidata":"Q12544","area":1979950,"src":"cliopatria","confidence":"medium"}},{"type":"Feature","geometry":{"type":"MultiPolygon","coordinates":[[[[24.16,35.52],[24.15,35.39],[24.3,35.32],[25.69,35.32],[25.68,35.13],[26.23,35.19],[26.14,35.07],[24.82,35.0],[24.76,35.19],[24.53,35.19],[24.45,35.19],[23.68,35.26],[23.62,35.52],[24.16,35.52]]],[[[14.34,35.84],[14.34,36.03],[14.42,36.03],[14.57,35.97],[14.57,35.77],[14.34,35.84]]],[[[22.87,36.16],[22.89,36.42],[22.96,36.42],[23.12,36.35],[23.11,36.16],[22.87,36.16]]],[[[24.28,37.71],[24.36,37.71],[24.43,37.58],[24.27,37.51],[24.2,37.64],[24.28,37.71]]],[[[24.99,37.71],[25.06,37.71],[25.22,37.71],[25.29,37.51],[25.05,37.51],[24.99,37.71]]],[[[20.61,37.71],[20.62,37.9],[20.7,37.9],[20.93,37.9],[20.92,37.64],[20.61,37.71]]],[[[24.69,38.03],[24.77,38.03],[25.07,37.77],[24.83,37.71],[24.68,37.84],[24.69,38.03]]],[[[20.33,38.35],[20.49,38.42],[20.57,38.42],[20.8,38.29],[20.79,38.09],[20.32,38.16],[20.33,38.35]]],[[[23.49,38.8],[23.57,38.8],[23.56,38.74],[23.48,38.74],[23.49,38.8]]],[[[24.36,39.0],[24.44,39.0],[24.67,38.93],[24.66,38.74],[24.36,38.87],[24.36,39.0]]],[[[20.15,39.64],[20.15,39.58],[20.07,39.58],[20.07,39.64],[20.15,39.64]]],[[[24.55,40.55],[24.49,40.81],[24.57,40.81],[24.81,40.81],[24.79,40.61],[24.55,40.55]]],[[[28.58,44.39],[28.54,43.99],[28.62,43.99],[28.48,43.47],[28.16,43.47],[28.23,43.34],[27.9,43.28],[27.8,43.15],[27.85,42.76],[27.51,42.63],[27.49,42.43],[27.94,42.04],[27.98,41.65],[28.22,41.65],[28.28,41.46],[28.51,41.33],[28.98,41.26],[28.96,41.13],[30.48,41.2],[30.62,41.07],[31.18,41.07],[31.53,41.39],[32.03,41.52],[32.04,41.65],[32.19,41.59],[32.69,41.78],[32.63,41.91],[32.86,41.85],[33.28,41.98],[34.78,41.91],[34.88,42.04],[35.12,42.04],[35.16,41.72],[35.95,41.72],[36.21,41.26],[36.77,41.33],[37.07,41.13],[37.23,41.2],[37.21,41.07],[37.77,41.07],[37.83,40.94],[38.16,41.0],[38.3,40.87],[38.78,40.94],[39.05,41.13],[39.74,40.94],[40.37,40.94],[40.39,41.07],[40.54,41.0],[41.05,41.2],[41.16,41.39],[41.31,41.33],[41.41,41.46],[41.57,41.46],[41.68,41.65],[41.69,41.72],[41.84,41.65],[41.81,41.46],[41.53,41.26],[41.36,40.68],[41.7,40.36],[41.67,40.16],[41.48,39.97],[41.33,39.97],[41.26,39.51],[40.98,39.26],[40.97,38.61],[40.87,38.48],[40.95,38.48],[40.91,38.22],[41.13,38.09],[41.21,37.0],[41.55,36.61],[41.53,36.48],[41.68,36.42],[41.66,36.29],[41.09,36.03],[41.11,35.0],[40.77,34.74],[40.62,34.74],[40.1,34.29],[40.03,34.29],[39.51,34.49],[39.12,34.49],[37.99,33.97],[37.74,33.78],[37.73,33.65],[37.57,33.65],[37.07,33.26],[37.05,33.07],[36.9,33.07],[36.72,32.75],[36.75,32.3],[36.52,32.24],[36.66,32.17],[36.39,31.66],[36.42,31.21],[36.27,31.21],[36.4,30.95],[36.16,30.76],[35.85,29.73],[35.77,29.73],[35.81,29.22],[35.66,29.22],[35.64,29.02],[35.48,28.89],[35.2,28.06],[34.59,28.06],[34.61,28.25],[34.85,28.57],[34.91,29.41],[34.75,29.28],[34.52,28.06],[34.36,27.93],[34.35,27.74],[34.12,27.74],[33.62,28.12],[33.55,28.32],[33.4,28.32],[33.19,28.51],[33.15,29.02],[32.86,29.22],[32.59,29.73],[32.6,29.92],[32.44,29.79],[32.69,28.96],[32.84,28.89],[33.11,28.38],[33.61,27.99],[33.59,27.61],[33.8,27.42],[33.93,27.03],[34.07,26.97],[34.05,26.58],[34.2,26.52],[34.46,25.87],[34.61,25.81],[35.15,24.65],[35.86,24.01],[35.85,23.88],[35.56,23.94],[35.55,23.81],[35.11,23.88],[33.76,23.69],[33.68,23.69],[33.39,23.81],[32.04,23.69],[31.67,23.75],[30.54,23.36],[30.46,23.36],[30.4,23.56],[30.1,23.75],[30.11,23.88],[29.96,23.88],[29.67,24.2],[28.57,24.65],[28.29,25.16],[28.24,25.94],[28.35,26.58],[28.27,26.58],[28.15,27.35],[27.94,27.54],[27.71,27.54],[27.79,27.67],[27.43,27.99],[27.28,27.93],[27.29,28.12],[27.14,28.25],[25.59,28.96],[25.37,29.28],[25.15,29.28],[25.0,29.41],[24.85,29.34],[24.78,29.54],[24.33,29.67],[23.96,29.92],[23.51,29.99],[22.92,30.31],[22.76,30.24],[22.77,30.37],[21.94,30.56],[20.95,30.56],[19.65,30.24],[19.5,30.12],[18.81,30.05],[18.89,30.31],[19.27,30.24],[19.66,30.37],[19.96,30.56],[19.97,30.69],[20.2,30.89],[20.13,31.14],[20.21,31.27],[20.0,31.59],[20.09,32.11],[20.02,32.24],[20.25,32.24],[20.33,32.49],[20.48,32.43],[20.56,32.56],[20.72,32.56],[20.64,32.69],[20.87,32.62],[21.11,32.81],[21.41,32.75],[21.88,32.94],[23.09,32.62],[23.08,32.36],[23.3,32.17],[23.68,32.17],[24.13,31.98],[24.89,31.98],[25.11,31.79],[25.1,31.59],[25.25,31.46],[26.85,31.46],[27.3,31.34],[27.51,31.14],[28.5,31.01],[28.87,30.82],[29.4,30.82],[29.49,31.01],[29.63,30.95],[29.87,31.08],[29.8,31.21],[29.88,31.27],[30.34,31.27],[30.27,31.4],[30.35,31.46],[30.81,31.46],[30.97,31.53],[30.97,31.66],[31.2,31.66],[31.12,31.53],[31.27,31.46],[31.88,31.46],[31.78,31.21],[31.94,31.27],[32.0,31.08],[32.3,31.08],[32.24,31.21],[32.39,31.21],[32.53,31.08],[32.77,31.14],[32.83,31.01],[33.98,31.14],[34.3,31.27],[34.31,31.4],[34.55,31.53],[34.64,31.72],[34.57,31.85],[34.81,31.98],[34.77,32.36],[35.02,32.62],[35.06,33.01],[35.22,33.07],[35.4,33.39],[35.35,33.65],[35.5,33.65],[35.45,33.91],[35.68,33.97],[35.64,34.36],[35.79,34.29],[36.05,34.55],[36.07,34.74],[35.93,34.87],[35.96,35.19],[35.88,35.19],[35.99,35.52],[35.84,35.58],[35.99,36.22],[35.84,36.29],[36.26,36.61],[36.29,36.8],[36.14,36.93],[35.83,36.93],[35.49,36.61],[35.33,36.61],[35.11,36.74],[34.95,36.67],[34.89,36.87],[34.58,36.87],[34.25,36.67],[33.98,36.29],[33.27,36.22],[32.71,36.03],[32.56,36.03],[32.5,36.22],[32.07,36.61],[31.09,36.93],[30.62,36.93],[30.49,36.35],[30.03,36.35],[29.94,36.22],[29.24,36.22],[29.12,36.74],[28.74,36.74],[28.59,36.87],[28.36,36.87],[28.19,36.67],[28.03,36.67],[28.14,37.06],[28.07,37.13],[27.6,37.13],[27.54,37.38],[27.22,37.32],[27.31,37.45],[27.16,37.58],[27.26,37.77],[27.18,37.77],[27.28,38.03],[26.89,38.09],[26.82,38.22],[26.43,38.22],[26.38,38.67],[26.54,38.61],[26.59,38.35],[27.06,38.35],[27.08,38.55],[26.85,38.61],[26.96,39.0],[26.88,39.0],[26.89,39.19],[26.74,39.26],[26.85,39.58],[26.13,39.51],[26.27,40.29],[26.6,40.48],[26.68,40.48],[26.67,40.36],[27.47,40.42],[27.54,40.29],[27.7,40.29],[27.79,40.48],[27.95,40.48],[27.94,40.36],[29.05,40.36],[28.9,40.48],[28.91,40.61],[29.39,40.68],[29.49,40.87],[29.25,40.81],[29.1,40.94],[29.12,41.07],[27.53,41.07],[27.02,40.68],[26.92,40.48],[26.77,40.55],[26.93,40.61],[26.85,40.61],[26.77,40.61],[26.78,40.68],[26.7,40.68],[26.62,40.68],[26.55,40.74],[26.14,40.61],[26.08,40.87],[25.85,40.94],[24.35,41.0],[24.01,40.74],[23.7,40.81],[23.68,40.61],[23.84,40.55],[23.74,40.23],[22.96,40.42],[22.89,40.61],[22.57,40.55],[22.54,40.1],[22.7,40.1],[22.61,39.9],[23.14,39.45],[22.82,39.38],[22.8,39.06],[22.96,39.13],[23.49,38.87],[23.33,38.8],[23.03,38.93],[22.94,38.74],[23.17,38.67],[23.31,38.48],[23.63,38.48],[23.56,38.74],[24.03,38.67],[24.18,38.55],[24.16,38.22],[24.0,38.22],[23.98,37.84],[23.44,38.03],[23.21,38.03],[23.2,37.9],[23.04,37.9],[23.11,37.64],[23.34,37.64],[23.4,37.32],[23.17,37.32],[23.18,37.45],[22.95,37.58],[22.71,37.58],[22.7,37.32],[22.85,37.25],[23.06,36.67],[22.83,36.87],[22.6,36.87],[22.51,36.67],[22.36,36.67],[22.22,37.06],[21.91,37.06],[21.9,36.87],[21.74,36.87],[21.68,37.19],[21.6,37.19],[21.7,37.51],[21.24,37.84],[21.42,38.16],[21.73,38.16],[21.74,38.35],[21.19,38.42],[20.97,38.74],[20.74,38.8],[20.91,39.06],[20.3,39.38],[20.15,39.71],[19.92,39.71],[19.91,39.58],[19.76,39.64],[19.76,39.77],[20.0,39.77],[20.01,39.97],[19.63,40.29],[19.47,40.29],[19.49,40.61],[19.25,40.61],[19.25,40.74],[19.5,40.87],[19.44,41.26],[19.52,41.39],[19.44,41.39],[19.53,41.52],[19.45,41.52],[19.54,41.78],[19.0,42.17],[19.01,42.24],[19.17,42.3],[19.11,42.82],[19.46,43.28],[19.3,43.41],[19.31,43.6],[19.47,43.6],[19.41,43.93],[19.66,44.06],[19.67,44.25],[19.84,44.32],[19.94,44.71],[20.29,45.17],[20.53,45.1],[20.52,44.91],[20.75,44.71],[21.41,44.84],[21.88,44.65],[21.95,44.52],[22.69,44.65],[22.52,44.52],[22.5,44.32],[22.89,44.12],[22.95,43.8],[23.6,43.86],[24.15,43.67],[24.88,43.73],[25.43,43.6],[25.85,43.73],[26.28,44.06],[27.49,44.06],[27.83,44.19],[27.94,44.52],[27.79,44.58],[27.8,44.71],[27.97,44.78],[28.0,45.04],[27.85,45.17],[27.87,45.37],[28.28,45.43],[28.35,45.3],[28.67,45.24],[29.1,45.43],[29.58,45.43],[29.58,45.37],[29.66,45.37],[29.53,44.91],[29.11,44.78],[29.02,44.78],[29.05,44.97],[28.8,44.97],[28.84,44.58],[28.58,44.39]]],[[[34.09,35.0],[33.7,34.94],[33.52,34.74],[33.13,34.68],[33.04,34.55],[32.37,34.74],[32.23,34.94],[32.25,35.13],[32.55,35.13],[32.88,35.26],[32.89,35.39],[33.74,35.39],[34.31,35.71],[34.39,35.71],[34.54,35.71],[34.53,35.58],[33.96,35.26],[34.09,35.0]]],[[[27.74,35.9],[27.69,36.29],[28.02,36.48],[28.09,36.48],[28.25,36.48],[28.14,36.03],[27.74,35.9]]],[[[27.12,36.93],[27.19,36.8],[26.87,36.67],[27.04,36.93],[27.12,36.93]]],[[[25.34,37.13],[25.42,37.13],[25.57,37.13],[25.56,37.0],[25.33,37.0],[25.34,37.13]]],[[[25.99,37.51],[26.08,37.71],[26.16,37.71],[26.31,37.71],[26.3,37.58],[25.99,37.51]]],[[[25.9,38.48],[25.82,38.48],[25.91,38.67],[25.99,38.67],[26.22,38.55],[26.11,38.16],[25.88,38.16],[25.9,38.48]]],[[[26.09,39.0],[26.1,39.13],[25.79,39.19],[26.04,39.38],[26.12,39.38],[26.51,39.32],[26.64,39.0],[26.25,38.93],[26.09,39.0]]],[[[24.97,39.84],[25.07,40.03],[25.15,40.03],[25.46,40.03],[25.45,39.84],[24.97,39.84]]],[[[25.72,40.29],[25.8,40.29],[26.04,40.29],[26.02,40.16],[25.7,40.1],[25.72,40.29]]]]},"properties":{"id":"territory:Eastern Roman Empire:439","name":"동로마 제국","name_en":"Eastern Roman Empire","actor":"로마","valid_from":439,"valid_to":441,"wikidata":"Q12544","area":1978806,"src":"cliopatria","confidence":"medium"}},{"type":"Feature","geometry":{"type":"Point","coordinates":[30.598,35.395]},"properties":{"id":"territory:Eastern Roman Empire:439:label","name":"동로마 제국","name_en":"Eastern Roman Empire","actor":"로마","valid_from":439,"valid_to":441,"wikidata":"Q12544","area":1978806,"src":"cliopatria","confidence":"medium"}},{"type":"Feature","geometry":{"type":"MultiPolygon","coordinates":[[[[24.16,35.52],[24.15,35.39],[24.3,35.32],[25.69,35.32],[25.68,35.13],[26.23,35.19],[26.14,35.07],[24.82,35.0],[24.76,35.19],[24.53,35.19],[24.45,35.19],[23.68,35.26],[23.62,35.52],[24.16,35.52]]],[[[14.34,35.84],[14.34,36.03],[14.42,36.03],[14.57,35.97],[14.57,35.77],[14.34,35.84]]],[[[22.87,36.16],[22.89,36.42],[22.96,36.42],[23.12,36.35],[23.11,36.16],[22.87,36.16]]],[[[24.28,37.71],[24.36,37.71],[24.43,37.58],[24.27,37.51],[24.2,37.64],[24.28,37.71]]],[[[24.99,37.71],[25.06,37.71],[25.22,37.71],[25.29,37.51],[25.05,37.51],[24.99,37.71]]],[[[20.61,37.71],[20.62,37.9],[20.7,37.9],[20.93,37.9],[20.92,37.64],[20.61,37.71]]],[[[24.69,38.03],[24.77,38.03],[25.07,37.77],[24.83,37.71],[24.68,37.84],[24.69,38.03]]],[[[20.33,38.35],[20.49,38.42],[20.57,38.42],[20.8,38.29],[20.79,38.09],[20.32,38.16],[20.33,38.35]]],[[[23.49,38.8],[23.57,38.8],[23.56,38.74],[23.48,38.74],[23.49,38.8]]],[[[24.36,39.0],[24.44,39.0],[24.67,38.93],[24.66,38.74],[24.36,38.87],[24.36,39.0]]],[[[20.15,39.64],[20.15,39.58],[20.07,39.58],[20.07,39.64],[20.15,39.64]]],[[[24.55,40.55],[24.49,40.81],[24.57,40.81],[24.81,40.81],[24.79,40.61],[24.55,40.55]]],[[[28.58,44.39],[28.54,43.99],[28.62,43.99],[28.48,43.47],[28.16,43.47],[28.23,43.34],[27.9,43.28],[27.8,43.15],[27.85,42.76],[27.51,42.63],[27.49,42.43],[27.94,42.04],[27.98,41.65],[28.22,41.65],[28.28,41.46],[28.51,41.33],[28.98,41.26],[28.96,41.13],[30.48,41.2],[30.62,41.07],[31.18,41.07],[31.53,41.39],[32.03,41.52],[32.04,41.65],[32.19,41.59],[32.69,41.78],[32.63,41.91],[32.86,41.85],[33.28,41.98],[34.78,41.91],[34.88,42.04],[35.12,42.04],[35.16,41.72],[35.95,41.72],[36.21,41.26],[36.77,41.33],[37.07,41.13],[37.23,41.2],[37.21,41.07],[37.77,41.07],[37.83,40.94],[38.16,41.0],[38.3,40.87],[38.78,40.94],[39.05,41.13],[39.74,40.94],[40.37,40.94],[40.39,41.07],[40.54,41.0],[41.05,41.2],[41.16,41.39],[41.31,41.33],[41.41,41.46],[41.57,41.46],[41.68,41.65],[41.69,41.72],[41.84,41.65],[41.81,41.46],[41.53,41.26],[41.36,40.68],[41.7,40.36],[41.67,40.16],[41.48,39.97],[41.33,39.97],[41.26,39.51],[40.98,39.26],[40.97,38.61],[40.87,38.48],[40.95,38.48],[40.91,38.22],[41.12,38.03],[41.21,37.0],[41.55,36.61],[41.53,36.48],[41.68,36.42],[41.66,36.29],[41.09,36.03],[41.11,35.0],[40.77,34.74],[40.62,34.74],[40.1,34.29],[40.03,34.29],[39.51,34.49],[39.12,34.49],[37.99,33.97],[37.74,33.78],[37.73,33.65],[37.57,33.65],[37.07,33.26],[37.05,33.07],[36.9,33.07],[36.72,32.75],[36.75,32.3],[36.52,32.24],[36.66,32.17],[36.39,31.66],[36.42,31.21],[36.27,31.21],[36.4,30.95],[36.16,30.76],[35.85,29.73],[35.77,29.73],[35.81,29.22],[35.66,29.22],[35.64,29.02],[35.48,28.89],[35.2,28.06],[34.59,28.06],[34.61,28.25],[34.85,28.57],[34.91,29.41],[34.75,29.28],[34.52,28.06],[34.36,27.93],[34.35,27.74],[34.12,27.74],[33.62,28.12],[33.55,28.32],[33.4,28.32],[33.19,28.51],[33.15,29.02],[32.86,29.22],[32.59,29.73],[32.6,29.92],[32.44,29.79],[32.69,28.96],[32.84,28.89],[33.11,28.38],[33.61,27.99],[33.59,27.61],[33.8,27.42],[33.93,27.03],[34.07,26.97],[34.05,26.58],[34.2,26.52],[34.46,25.87],[34.61,25.81],[35.15,24.65],[35.86,24.01],[35.85,23.88],[35.56,23.94],[35.55,23.81],[35.11,23.88],[33.76,23.69],[33.68,23.69],[33.39,23.81],[32.04,23.69],[31.67,23.75],[30.54,23.36],[30.46,23.36],[30.4,23.56],[30.1,23.75],[30.11,23.88],[29.96,23.88],[29.67,24.2],[28.57,24.65],[28.29,25.16],[28.24,25.94],[28.35,26.58],[28.27,26.58],[28.15,27.35],[27.94,27.54],[27.71,27.54],[27.79,27.67],[27.43,27.99],[27.28,27.93],[27.29,28.12],[27.14,28.25],[25.59,28.96],[25.37,29.28],[25.15,29.28],[25.0,29.41],[24.85,29.34],[24.78,29.54],[24.33,29.67],[23.96,29.92],[23.51,29.99],[22.92,30.31],[22.76,30.24],[22.77,30.37],[21.94,30.56],[20.95,30.56],[19.65,30.24],[19.5,30.12],[18.81,30.05],[18.89,30.31],[19.27,30.24],[19.66,30.37],[19.96,30.56],[19.97,30.69],[20.2,30.89],[20.13,31.14],[20.21,31.27],[20.0,31.59],[20.09,32.11],[20.02,32.24],[20.25,32.24],[20.33,32.49],[20.48,32.43],[20.56,32.56],[20.72,32.56],[20.64,32.69],[20.87,32.62],[21.11,32.81],[21.41,32.75],[21.88,32.94],[23.09,32.62],[23.08,32.36],[23.3,32.17],[23.68,32.17],[24.13,31.98],[24.89,31.98],[25.11,31.79],[25.1,31.59],[25.25,31.46],[26.85,31.46],[27.3,31.34],[27.51,31.14],[28.5,31.01],[28.87,30.82],[29.4,30.82],[29.49,31.01],[29.63,30.95],[29.87,31.08],[29.8,31.21],[29.88,31.27],[30.34,31.27],[30.27,31.4],[30.35,31.46],[30.81,31.46],[30.97,31.53],[30.97,31.66],[31.2,31.66],[31.12,31.53],[31.27,31.46],[31.88,31.46],[31.78,31.21],[31.94,31.27],[32.0,31.08],[32.3,31.08],[32.24,31.21],[32.39,31.21],[32.53,31.08],[32.77,31.14],[32.83,31.01],[33.98,31.14],[34.3,31.27],[34.31,31.4],[34.55,31.53],[34.64,31.72],[34.57,31.85],[34.81,31.98],[34.77,32.36],[35.02,32.62],[35.06,33.01],[35.22,33.07],[35.4,33.39],[35.35,33.65],[35.5,33.65],[35.45,33.91],[35.68,33.97],[35.64,34.36],[35.79,34.29],[36.05,34.55],[36.07,34.74],[35.93,34.87],[35.96,35.19],[35.88,35.19],[35.99,35.52],[35.84,35.58],[35.99,36.22],[35.84,36.29],[36.26,36.61],[36.29,36.8],[36.14,36.93],[35.83,36.93],[35.49,36.61],[35.33,36.61],[35.11,36.74],[34.95,36.67],[34.89,36.87],[34.58,36.87],[34.25,36.67],[33.98,36.29],[33.27,36.22],[32.71,36.03],[32.56,36.03],[32.5,36.22],[32.07,36.61],[31.09,36.93],[30.62,36.93],[30.49,36.35],[30.03,36.35],[29.94,36.22],[29.24,36.22],[29.12,36.74],[28.74,36.74],[28.59,36.87],[28.36,36.87],[28.19,36.67],[28.03,36.67],[28.14,37.06],[28.07,37.13],[27.6,37.13],[27.54,37.38],[27.22,37.32],[27.31,37.45],[27.16,37.58],[27.26,37.77],[27.18,37.77],[27.28,38.03],[26.89,38.09],[26.82,38.22],[26.43,38.22],[26.38,38.67],[26.54,38.61],[26.59,38.35],[27.06,38.35],[27.08,38.55],[26.85,38.61],[26.96,39.0],[26.88,39.0],[26.89,39.19],[26.74,39.26],[26.85,39.58],[26.13,39.51],[26.27,40.29],[26.6,40.48],[26.68,40.48],[26.67,40.36],[27.47,40.42],[27.54,40.29],[27.7,40.29],[27.79,40.48],[27.95,40.48],[27.94,40.36],[29.05,40.36],[28.9,40.48],[28.91,40.61],[29.39,40.68],[29.49,40.87],[29.25,40.81],[29.1,40.94],[29.12,41.07],[27.53,41.07],[27.02,40.68],[26.92,40.48],[26.77,40.55],[26.93,40.61],[26.85,40.61],[26.77,40.61],[26.78,40.68],[26.7,40.68],[26.62,40.68],[26.55,40.74],[26.14,40.61],[26.08,40.87],[25.85,40.94],[24.35,41.0],[24.01,40.74],[23.7,40.81],[23.68,40.61],[23.84,40.55],[23.74,40.23],[22.96,40.42],[22.89,40.61],[22.57,40.55],[22.54,40.1],[22.7,40.1],[22.61,39.9],[23.14,39.45],[22.82,39.38],[22.8,39.06],[22.96,39.13],[23.49,38.87],[23.33,38.8],[23.03,38.93],[22.94,38.74],[23.17,38.67],[23.31,38.48],[23.63,38.48],[23.56,38.74],[24.03,38.67],[24.18,38.55],[24.16,38.22],[24.0,38.22],[23.98,37.84],[23.44,38.03],[23.21,38.03],[23.2,37.9],[23.04,37.9],[23.11,37.64],[23.34,37.64],[23.4,37.32],[23.17,37.32],[23.18,37.45],[22.95,37.58],[22.71,37.58],[22.7,37.32],[22.85,37.25],[23.06,36.67],[22.83,36.87],[22.6,36.87],[22.51,36.67],[22.36,36.67],[22.22,37.06],[21.91,37.06],[21.9,36.87],[21.74,36.87],[21.68,37.19],[21.6,37.19],[21.7,37.51],[21.24,37.84],[21.42,38.16],[21.73,38.16],[21.74,38.35],[21.19,38.42],[20.97,38.74],[20.74,38.8],[20.91,39.06],[20.3,39.38],[20.15,39.71],[19.92,39.71],[19.91,39.58],[19.76,39.64],[19.76,39.77],[20.0,39.77],[20.01,39.97],[19.63,40.29],[19.47,40.29],[19.49,40.61],[19.25,40.61],[19.25,40.74],[19.5,40.87],[19.44,41.26],[19.52,41.39],[19.44,41.39],[19.53,41.52],[19.45,41.52],[19.54,41.78],[19.0,42.17],[19.01,42.24],[19.17,42.3],[19.11,42.82],[19.46,43.28],[19.3,43.41],[19.31,43.6],[19.47,43.6],[19.41,43.93],[19.66,44.06],[19.67,44.25],[19.84,44.32],[19.94,44.71],[20.29,45.17],[20.53,45.1],[20.52,44.91],[20.75,44.71],[21.41,44.84],[21.88,44.65],[21.95,44.52],[22.69,44.65],[22.52,44.52],[22.5,44.32],[22.89,44.12],[22.95,43.8],[23.6,43.86],[24.15,43.67],[24.88,43.73],[25.43,43.6],[25.85,43.73],[26.28,44.06],[27.49,44.06],[27.83,44.19],[27.94,44.52],[27.79,44.58],[27.8,44.71],[27.97,44.78],[28.0,45.04],[27.85,45.17],[27.87,45.37],[28.28,45.43],[28.35,45.3],[28.67,45.24],[29.1,45.43],[29.58,45.43],[29.58,45.37],[29.66,45.37],[29.53,44.91],[29.11,44.78],[29.02,44.78],[29.05,44.97],[28.8,44.97],[28.84,44.58],[28.58,44.39]]],[[[34.09,35.0],[33.7,34.94],[33.52,34.74],[33.13,34.68],[33.04,34.55],[32.37,34.74],[32.23,34.94],[32.25,35.13],[32.55,35.13],[32.88,35.26],[32.89,35.39],[33.74,35.39],[34.31,35.71],[34.39,35.71],[34.54,35.71],[34.53,35.58],[33.96,35.26],[34.09,35.0]]],[[[27.74,35.9],[27.69,36.29],[28.02,36.48],[28.09,36.48],[28.25,36.48],[28.14,36.03],[27.74,35.9]]],[[[27.12,36.93],[27.19,36.8],[26.87,36.67],[27.04,36.93],[27.12,36.93]]],[[[25.34,37.13],[25.42,37.13],[25.57,37.13],[25.56,37.0],[25.33,37.0],[25.34,37.13]]],[[[25.99,37.51],[26.08,37.71],[26.16,37.71],[26.31,37.71],[26.3,37.58],[25.99,37.51]]],[[[25.9,38.48],[25.82,38.48],[25.91,38.67],[25.99,38.67],[26.22,38.55],[26.11,38.16],[25.88,38.16],[25.9,38.48]]],[[[26.09,39.0],[26.1,39.13],[25.79,39.19],[26.04,39.38],[26.12,39.38],[26.51,39.32],[26.64,39.0],[26.25,38.93],[26.09,39.0]]],[[[24.97,39.84],[25.07,40.03],[25.15,40.03],[25.46,40.03],[25.45,39.84],[24.97,39.84]]],[[[25.72,40.29],[25.8,40.29],[26.04,40.29],[26.02,40.16],[25.7,40.1],[25.72,40.29]]]]},"properties":{"id":"territory:Eastern Roman Empire:407","name":"동로마 제국","name_en":"Eastern Roman Empire","actor":"로마","valid_from":407,"valid_to":439,"wikidata":"Q12544","area":1978657,"src":"cliopatria","confidence":"medium"}},{"type":"Feature","geometry":{"type":"MultiPolygon","coordinates":[[[[24.16,35.52],[24.15,35.39],[24.3,35.32],[25.69,35.32],[25.68,35.13],[26.23,35.19],[26.14,35.07],[24.82,35.0],[24.76,35.19],[24.53,35.19],[24.45,35.19],[23.68,35.26],[23.62,35.52],[24.16,35.52]]],[[[14.34,35.84],[14.34,36.03],[14.42,36.03],[14.57,35.97],[14.57,35.77],[14.34,35.84]]],[[[22.87,36.16],[22.89,36.42],[22.96,36.42],[23.12,36.35],[23.11,36.16],[22.87,36.16]]],[[[24.28,37.71],[24.36,37.71],[24.43,37.58],[24.27,37.51],[24.2,37.64],[24.28,37.71]]],[[[24.99,37.71],[25.06,37.71],[25.22,37.71],[25.29,37.51],[25.05,37.51],[24.99,37.71]]],[[[20.61,37.71],[20.62,37.9],[20.7,37.9],[20.93,37.9],[20.92,37.64],[20.61,37.71]]],[[[24.69,38.03],[24.77,38.03],[25.07,37.77],[24.83,37.71],[24.68,37.84],[24.69,38.03]]],[[[20.33,38.35],[20.49,38.42],[20.57,38.42],[20.8,38.29],[20.79,38.09],[20.32,38.16],[20.33,38.35]]],[[[23.49,38.8],[23.57,38.8],[23.56,38.74],[23.48,38.74],[23.49,38.8]]],[[[24.36,39.0],[24.44,39.0],[24.67,38.93],[24.66,38.74],[24.36,38.87],[24.36,39.0]]],[[[20.15,39.64],[20.15,39.58],[20.07,39.58],[20.07,39.64],[20.15,39.64]]],[[[24.55,40.55],[24.49,40.81],[24.57,40.81],[24.81,40.81],[24.79,40.61],[24.55,40.55]]],[[[28.58,44.39],[28.54,43.99],[28.62,43.99],[28.48,43.47],[28.16,43.47],[28.23,43.34],[27.9,43.28],[27.8,43.15],[27.85,42.76],[27.51,42.63],[27.49,42.43],[27.94,42.04],[27.98,41.65],[28.22,41.65],[28.28,41.46],[28.51,41.33],[28.98,41.26],[28.96,41.13],[30.48,41.2],[30.62,41.07],[31.18,41.07],[31.53,41.39],[32.03,41.52],[32.04,41.65],[32.19,41.59],[32.69,41.78],[32.63,41.91],[32.86,41.85],[33.28,41.98],[34.78,41.91],[34.88,42.04],[35.12,42.04],[35.16,41.72],[35.95,41.72],[36.21,41.26],[36.77,41.33],[37.07,41.13],[37.23,41.2],[37.21,41.07],[37.77,41.07],[37.83,40.94],[38.16,41.0],[38.3,40.87],[38.78,40.94],[39.05,41.13],[39.74,40.94],[40.37,40.94],[40.39,41.07],[40.54,41.0],[41.05,41.2],[41.16,41.39],[41.31,41.33],[41.41,41.46],[41.57,41.46],[41.68,41.65],[41.69,41.72],[41.84,41.65],[41.81,41.46],[41.53,41.26],[41.36,40.68],[41.7,40.36],[41.67,40.16],[41.48,39.97],[41.33,39.97],[41.26,39.51],[40.98,39.26],[40.97,38.61],[40.87,38.48],[40.95,38.48],[40.91,38.22],[41.12,38.03],[41.21,37.0],[41.55,36.61],[41.53,36.48],[41.68,36.42],[41.66,36.29],[41.09,36.03],[41.11,35.0],[40.77,34.74],[40.62,34.74],[40.1,34.29],[40.03,34.29],[39.51,34.49],[39.12,34.49],[37.99,33.97],[37.74,33.78],[37.73,33.65],[37.57,33.65],[37.07,33.26],[37.05,33.07],[36.9,33.07],[36.72,32.75],[36.75,32.3],[36.52,32.24],[36.66,32.17],[36.39,31.66],[36.42,31.21],[36.27,31.21],[36.4,30.95],[36.16,30.76],[35.85,29.73],[35.77,29.73],[35.81,29.22],[35.66,29.22],[35.64,29.02],[35.48,28.89],[35.2,28.06],[34.59,28.06],[34.61,28.25],[34.85,28.57],[34.91,29.41],[34.75,29.28],[34.52,28.06],[34.36,27.93],[34.35,27.74],[34.12,27.74],[33.62,28.12],[33.55,28.32],[33.4,28.32],[33.19,28.51],[33.15,29.02],[32.86,29.22],[32.59,29.73],[32.6,29.92],[32.44,29.79],[32.69,28.96],[32.84,28.89],[33.11,28.38],[33.61,27.99],[33.59,27.61],[33.8,27.42],[33.93,27.03],[34.07,26.97],[34.05,26.58],[34.2,26.52],[34.46,25.87],[34.61,25.81],[35.15,24.65],[35.86,24.01],[35.85,23.88],[35.56,23.94],[35.55,23.81],[35.11,23.88],[33.76,23.69],[33.68,23.69],[33.39,23.81],[32.04,23.69],[31.67,23.75],[30.54,23.36],[30.46,23.36],[30.4,23.56],[30.1,23.75],[30.11,23.88],[29.96,23.88],[29.67,24.2],[28.57,24.65],[28.29,25.16],[28.24,25.94],[28.35,26.58],[28.27,26.58],[28.15,27.35],[27.94,27.54],[27.71,27.54],[27.79,27.67],[27.43,27.99],[27.28,27.93],[27.29,28.12],[27.14,28.25],[25.59,28.96],[25.37,29.28],[25.15,29.28],[25.0,29.41],[24.85,29.34],[24.78,29.54],[24.33,29.67],[23.96,29.92],[23.51,29.99],[22.92,30.31],[22.76,30.24],[22.77,30.37],[21.94,30.56],[20.95,30.56],[19.65,30.24],[19.5,30.12],[18.81,30.05],[18.89,30.31],[19.27,30.24],[19.66,30.37],[19.96,30.56],[19.97,30.69],[20.2,30.89],[20.13,31.14],[20.21,31.27],[20.0,31.59],[20.09,32.11],[20.02,32.24],[20.25,32.24],[20.33,32.49],[20.48,32.43],[20.56,32.56],[20.72,32.56],[20.64,32.69],[20.87,32.62],[21.11,32.81],[21.41,32.75],[21.88,32.94],[23.09,32.62],[23.08,32.36],[23.3,32.17],[23.68,32.17],[24.13,31.98],[24.89,31.98],[25.11,31.79],[25.1,31.59],[25.25,31.46],[26.85,31.46],[27.3,31.34],[27.51,31.14],[28.5,31.01],[28.87,30.82],[29.4,30.82],[29.49,31.01],[29.63,30.95],[29.87,31.08],[29.8,31.21],[29.88,31.27],[30.34,31.27],[30.27,31.4],[30.35,31.46],[30.81,31.46],[30.97,31.53],[30.97,31.66],[31.2,31.66],[31.12,31.53],[31.27,31.46],[31.88,31.46],[31.78,31.21],[31.94,31.27],[32.0,31.08],[32.3,31.08],[32.24,31.21],[32.39,31.21],[32.53,31.08],[32.77,31.14],[32.83,31.01],[33.98,31.14],[34.3,31.27],[34.31,31.4],[34.55,31.53],[34.64,31.72],[34.57,31.85],[34.81,31.98],[34.77,32.36],[35.02,32.62],[35.06,33.01],[35.22,33.07],[35.4,33.39],[35.35,33.65],[35.5,33.65],[35.45,33.91],[35.68,33.97],[35.64,34.36],[35.79,34.29],[36.05,34.55],[36.07,34.74],[35.93,34.87],[35.96,35.19],[35.88,35.19],[35.99,35.52],[35.84,35.58],[35.99,36.22],[35.84,36.29],[36.26,36.61],[36.29,36.8],[36.14,36.93],[35.83,36.93],[35.49,36.61],[35.33,36.61],[35.11,36.74],[34.95,36.67],[34.89,36.87],[34.58,36.87],[34.25,36.67],[33.98,36.29],[33.27,36.22],[32.71,36.03],[32.56,36.03],[32.5,36.22],[32.07,36.61],[31.09,36.93],[30.62,36.93],[30.49,36.35],[30.03,36.35],[29.94,36.22],[29.24,36.22],[29.12,36.74],[28.74,36.74],[28.59,36.87],[28.36,36.87],[28.19,36.67],[28.03,36.67],[28.14,37.06],[28.07,37.13],[27.6,37.13],[27.54,37.38],[27.22,37.32],[27.31,37.45],[27.16,37.58],[27.26,37.77],[27.18,37.77],[27.28,38.03],[26.89,38.09],[26.82,38.22],[26.43,38.22],[26.38,38.67],[26.54,38.61],[26.59,38.35],[27.06,38.35],[27.08,38.55],[26.85,38.61],[26.96,39.0],[26.88,39.0],[26.89,39.19],[26.74,39.26],[26.85,39.58],[26.13,39.51],[26.27,40.29],[26.6,40.48],[26.68,40.48],[26.67,40.36],[27.47,40.42],[27.54,40.29],[27.7,40.29],[27.79,40.48],[27.95,40.48],[27.94,40.36],[29.05,40.36],[28.9,40.48],[28.91,40.61],[29.39,40.68],[29.49,40.87],[29.25,40.81],[29.1,40.94],[29.12,41.07],[27.53,41.07],[27.02,40.68],[26.92,40.48],[26.77,40.55],[26.93,40.61],[26.85,40.61],[26.77,40.61],[26.78,40.68],[26.7,40.68],[26.62,40.68],[26.55,40.74],[26.14,40.61],[26.08,40.87],[25.85,40.94],[24.35,41.0],[24.01,40.74],[23.7,40.81],[23.68,40.61],[23.84,40.55],[23.74,40.23],[22.96,40.42],[22.89,40.61],[22.57,40.55],[22.54,40.1],[22.7,40.1],[22.61,39.9],[23.14,39.45],[22.82,39.38],[22.8,39.06],[22.96,39.13],[23.49,38.87],[23.33,38.8],[23.03,38.93],[22.94,38.74],[23.17,38.67],[23.31,38.48],[23.63,38.48],[23.56,38.74],[24.03,38.67],[24.18,38.55],[24.16,38.22],[24.0,38.22],[23.98,37.84],[23.44,38.03],[23.21,38.03],[23.2,37.9],[23.04,37.9],[23.11,37.64],[23.34,37.64],[23.4,37.32],[23.17,37.32],[23.18,37.45],[22.95,37.58],[22.71,37.58],[22.7,37.32],[22.85,37.25],[23.06,36.67],[22.83,36.87],[22.6,36.87],[22.51,36.67],[22.36,36.67],[22.22,37.06],[21.91,37.06],[21.9,36.87],[21.74,36.87],[21.68,37.19],[21.6,37.19],[21.7,37.51],[21.24,37.84],[21.42,38.16],[21.73,38.16],[21.74,38.35],[21.19,38.42],[20.97,38.74],[20.74,38.8],[20.91,39.06],[20.3,39.38],[20.15,39.71],[19.92,39.71],[19.91,39.58],[19.76,39.64],[19.76,39.77],[20.0,39.77],[20.01,39.97],[19.63,40.29],[19.47,40.29],[19.49,40.61],[19.25,40.61],[19.25,40.74],[19.5,40.87],[19.44,41.26],[19.52,41.39],[19.44,41.39],[19.53,41.52],[19.45,41.52],[19.54,41.78],[19.0,42.17],[19.01,42.24],[19.17,42.3],[19.11,42.82],[19.46,43.28],[19.3,43.41],[19.31,43.6],[19.47,43.6],[19.41,43.93],[19.66,44.06],[19.67,44.25],[19.84,44.32],[19.94,44.71],[20.29,45.17],[20.53,45.1],[20.52,44.91],[20.75,44.71],[21.41,44.84],[21.88,44.65],[21.95,44.52],[22.69,44.65],[22.52,44.52],[22.5,44.32],[22.89,44.12],[22.95,43.8],[23.6,43.86],[24.15,43.67],[24.88,43.73],[25.43,43.6],[25.85,43.73],[26.28,44.06],[27.49,44.06],[27.83,44.19],[27.94,44.52],[27.79,44.58],[27.8,44.71],[27.97,44.78],[28.0,45.04],[27.85,45.17],[27.87,45.37],[28.28,45.43],[28.35,45.3],[28.67,45.24],[29.1,45.43],[29.58,45.43],[29.58,45.37],[29.66,45.37],[29.53,44.91],[29.11,44.78],[29.02,44.78],[29.05,44.97],[28.8,44.97],[28.84,44.58],[28.58,44.39]]],[[[34.09,35.0],[33.7,34.94],[33.52,34.74],[33.13,34.68],[33.04,34.55],[32.37,34.74],[32.23,34.94],[32.25,35.13],[32.55,35.13],[32.88,35.26],[32.89,35.39],[33.74,35.39],[34.31,35.71],[34.39,35.71],[34.54,35.71],[34.53,35.58],[33.96,35.26],[34.09,35.0]]],[[[27.74,35.9],[27.69,36.29],[28.02,36.48],[28.09,36.48],[28.25,36.48],[28.14,36.03],[27.74,35.9]]],[[[27.12,36.93],[27.19,36.8],[26.87,36.67],[27.04,36.93],[27.12,36.93]]],[[[25.34,37.13],[25.42,37.13],[25.57,37.13],[25.56,37.0],[25.33,37.0],[25.34,37.13]]],[[[25.99,37.51],[26.08,37.71],[26.16,37.71],[26.31,37.71],[26.3,37.58],[25.99,37.51]]],[[[25.9,38.48],[25.82,38.48],[25.91,38.67],[25.99,38.67],[26.22,38.55],[26.11,38.16],[25.88,38.16],[25.9,38.48]]],[[[26.09,39.0],[26.1,39.13],[25.79,39.19],[26.04,39.38],[26.12,39.38],[26.51,39.32],[26.64,39.0],[26.25,38.93],[26.09,39.0]]],[[[24.97,39.84],[25.07,40.03],[25.15,40.03],[25.46,40.03],[25.45,39.84],[24.97,39.84]]],[[[25.72,40.29],[25.8,40.29],[26.04,40.29],[26.02,40.16],[25.7,40.1],[25.72,40.29]]]]},"properties":{"id":"territory:Eastern Roman Empire:452","name":"동로마 제국","name_en":"Eastern Roman Empire","actor":"로마","valid_from":452,"valid_to":455,"wikidata":"Q12544","area":1978657,"src":"cliopatria","confidence":"medium"}},{"type":"Feature","geometry":{"type":"Point","coordinates":[30.597,35.395]},"properties":{"id":"territory:Eastern Roman Empire:407:label","name":"동로마 제국","name_en":"Eastern Roman Empire","actor":"로마","valid_from":407,"valid_to":439,"wikidata":"Q12544","area":1978657,"src":"cliopatria","confidence":"medium"}},{"type":"Feature","geometry":{"type":"Point","coordinates":[30.597,35.395]},"properties":{"id":"territory:Eastern Roman Empire:452:label","name":"동로마 제국","name_en":"Eastern Roman Empire","actor":"로마","valid_from":452,"valid_to":455,"wikidata":"Q12544","area":1978657,"src":"cliopatria","confidence":"medium"}},{"type":"Feature","geometry":{"type":"MultiPolygon","coordinates":[[[[24.16,35.52],[24.15,35.39],[24.3,35.32],[25.69,35.32],[25.68,35.13],[26.23,35.19],[26.14,35.07],[24.82,35.0],[24.76,35.19],[24.53,35.19],[24.45,35.19],[23.68,35.26],[23.62,35.52],[24.16,35.52]]],[[[22.87,36.16],[22.89,36.42],[22.96,36.42],[23.12,36.35],[23.11,36.16],[22.87,36.16]]],[[[24.2,37.64],[24.28,37.71],[24.36,37.71],[24.43,37.58],[24.27,37.51],[24.2,37.64]]],[[[24.99,37.71],[25.06,37.71],[25.22,37.71],[25.29,37.51],[25.05,37.51],[24.99,37.71]]],[[[20.62,37.9],[20.7,37.9],[20.93,37.9],[20.92,37.64],[20.61,37.71],[20.62,37.9]]],[[[24.68,37.84],[24.69,38.03],[24.77,38.03],[25.07,37.77],[24.83,37.71],[24.68,37.84]]],[[[20.33,38.35],[20.49,38.42],[20.57,38.42],[20.8,38.29],[20.79,38.09],[20.32,38.16],[20.33,38.35]]],[[[23.57,38.8],[23.56,38.74],[23.48,38.74],[23.49,38.8],[23.57,38.8]]],[[[24.36,38.87],[24.36,39.0],[24.44,39.0],[24.67,38.93],[24.66,38.74],[24.36,38.87]]],[[[20.15,39.64],[20.15,39.58],[20.07,39.58],[20.07,39.64],[20.15,39.64]]],[[[24.49,40.81],[24.57,40.81],[24.81,40.81],[24.79,40.61],[24.55,40.55],[24.49,40.81]]],[[[28.84,44.58],[28.58,44.39],[28.54,43.99],[28.62,43.99],[28.48,43.47],[28.16,43.47],[28.23,43.34],[27.9,43.28],[27.8,43.15],[27.85,42.76],[27.51,42.63],[27.49,42.43],[27.94,42.04],[27.98,41.65],[28.22,41.65],[28.28,41.46],[28.51,41.33],[28.98,41.26],[28.96,41.13],[30.48,41.2],[30.62,41.07],[31.18,41.07],[31.53,41.39],[32.03,41.52],[32.04,41.65],[32.19,41.59],[32.69,41.78],[32.63,41.91],[32.86,41.85],[33.28,41.98],[34.78,41.91],[34.88,42.04],[35.12,42.04],[35.16,41.72],[35.95,41.72],[36.21,41.26],[36.77,41.33],[37.07,41.13],[37.23,41.2],[37.21,41.07],[37.77,41.07],[37.83,40.94],[38.16,41.0],[38.3,40.87],[38.78,40.94],[39.05,41.13],[39.74,40.94],[40.37,40.94],[40.39,41.07],[40.54,41.0],[41.05,41.2],[41.16,41.39],[41.31,41.33],[41.41,41.46],[41.57,41.46],[41.68,41.65],[41.69,41.72],[41.84,41.65],[41.81,41.46],[41.53,41.26],[41.36,40.68],[41.7,40.36],[41.67,40.16],[41.48,39.97],[41.33,39.97],[41.26,39.51],[40.98,39.26],[40.97,38.61],[40.87,38.48],[40.95,38.48],[40.91,38.22],[41.13,38.09],[41.21,37.0],[41.55,36.61],[41.53,36.48],[41.68,36.42],[41.66,36.29],[41.09,36.03],[41.11,35.0],[40.77,34.74],[40.62,34.74],[40.1,34.29],[40.03,34.29],[39.51,34.49],[39.12,34.49],[37.99,33.97],[37.74,33.78],[37.73,33.65],[37.57,33.65],[37.07,33.26],[37.05,33.07],[36.9,33.07],[36.72,32.75],[36.75,32.3],[36.52,32.24],[36.66,32.17],[36.39,31.66],[36.42,31.21],[36.27,31.21],[36.4,30.95],[36.16,30.76],[35.85,29.73],[35.77,29.73],[35.81,29.22],[35.66,29.22],[35.64,29.02],[35.48,28.89],[35.2,28.06],[34.59,28.06],[34.61,28.25],[34.85,28.57],[34.91,29.41],[34.75,29.28],[34.52,28.06],[34.36,27.93],[34.35,27.74],[34.12,27.74],[33.62,28.12],[33.55,28.32],[33.4,28.32],[33.19,28.51],[33.15,29.02],[32.86,29.22],[32.59,29.73],[32.6,29.92],[32.44,29.79],[32.69,28.96],[32.84,28.89],[33.11,28.38],[33.61,27.99],[33.59,27.61],[33.8,27.42],[33.93,27.03],[34.07,26.97],[34.05,26.58],[34.2,26.52],[34.46,25.87],[34.61,25.81],[35.15,24.65],[35.86,24.01],[35.85,23.88],[35.56,23.94],[35.55,23.81],[35.11,23.88],[33.76,23.69],[33.68,23.69],[33.39,23.81],[32.04,23.69],[31.67,23.75],[30.54,23.36],[30.46,23.36],[30.4,23.56],[30.1,23.75],[30.11,23.88],[29.96,23.88],[29.67,24.2],[28.57,24.65],[28.29,25.16],[28.24,25.94],[28.35,26.58],[28.27,26.58],[28.15,27.35],[27.94,27.54],[27.71,27.54],[27.79,27.67],[27.43,27.99],[27.28,27.93],[27.29,28.12],[27.14,28.25],[25.59,28.96],[25.37,29.28],[25.15,29.28],[25.0,29.41],[24.85,29.34],[24.78,29.54],[24.33,29.67],[23.96,29.92],[23.51,29.99],[22.92,30.31],[22.76,30.24],[22.77,30.37],[21.94,30.56],[20.95,30.56],[19.65,30.24],[19.5,30.12],[18.81,30.05],[18.89,30.31],[19.27,30.24],[19.66,30.37],[19.96,30.56],[19.97,30.69],[20.2,30.89],[20.13,31.14],[20.21,31.27],[20.0,31.59],[20.09,32.11],[20.02,32.24],[20.25,32.24],[20.33,32.49],[20.48,32.43],[20.56,32.56],[20.72,32.56],[20.64,32.69],[20.87,32.62],[21.11,32.81],[21.41,32.75],[21.88,32.94],[23.09,32.62],[23.08,32.36],[23.3,32.17],[23.68,32.17],[24.13,31.98],[24.89,31.98],[25.11,31.79],[25.1,31.59],[25.25,31.46],[26.85,31.46],[27.3,31.34],[27.51,31.14],[28.5,31.01],[28.87,30.82],[29.4,30.82],[29.49,31.01],[29.63,30.95],[29.87,31.08],[29.8,31.21],[29.88,31.27],[30.34,31.27],[30.27,31.4],[30.35,31.46],[30.81,31.46],[30.97,31.53],[30.97,31.66],[31.2,31.66],[31.12,31.53],[31.27,31.46],[31.88,31.46],[31.78,31.21],[31.94,31.27],[32.0,31.08],[32.3,31.08],[32.24,31.21],[32.39,31.21],[32.53,31.08],[32.77,31.14],[32.83,31.01],[33.98,31.14],[34.3,31.27],[34.31,31.4],[34.55,31.53],[34.64,31.72],[34.57,31.85],[34.81,31.98],[34.77,32.36],[35.02,32.62],[35.06,33.01],[35.22,33.07],[35.4,33.39],[35.35,33.65],[35.5,33.65],[35.45,33.91],[35.68,33.97],[35.64,34.36],[35.79,34.29],[36.05,34.55],[36.07,34.74],[35.93,34.87],[35.96,35.19],[35.88,35.19],[35.99,35.52],[35.84,35.58],[35.99,36.22],[35.84,36.29],[36.26,36.61],[36.29,36.8],[36.14,36.93],[35.83,36.93],[35.49,36.61],[35.33,36.61],[35.11,36.74],[34.95,36.67],[34.89,36.87],[34.58,36.87],[34.25,36.67],[33.98,36.29],[33.27,36.22],[32.71,36.03],[32.56,36.03],[32.5,36.22],[32.07,36.61],[31.09,36.93],[30.62,36.93],[30.49,36.35],[30.03,36.35],[29.94,36.22],[29.24,36.22],[29.12,36.74],[28.74,36.74],[28.59,36.87],[28.36,36.87],[28.19,36.67],[28.03,36.67],[28.14,37.06],[28.07,37.13],[27.6,37.13],[27.54,37.38],[27.22,37.32],[27.31,37.45],[27.16,37.58],[27.26,37.77],[27.18,37.77],[27.28,38.03],[26.89,38.09],[26.82,38.22],[26.43,38.22],[26.38,38.67],[26.54,38.61],[26.59,38.35],[27.06,38.35],[27.08,38.55],[26.85,38.61],[26.96,39.0],[26.88,39.0],[26.89,39.19],[26.74,39.26],[26.85,39.58],[26.13,39.51],[26.27,40.29],[26.6,40.48],[26.68,40.48],[26.67,40.36],[27.47,40.42],[27.54,40.29],[27.7,40.29],[27.79,40.48],[27.95,40.48],[27.94,40.36],[29.05,40.36],[28.9,40.48],[28.91,40.61],[29.39,40.68],[29.49,40.87],[29.25,40.81],[29.1,40.94],[29.12,41.07],[27.53,41.07],[27.02,40.68],[26.92,40.48],[26.77,40.55],[26.93,40.61],[26.85,40.61],[26.77,40.61],[26.78,40.68],[26.7,40.68],[26.62,40.68],[26.55,40.74],[26.14,40.61],[26.08,40.87],[25.85,40.94],[24.35,41.0],[24.01,40.74],[23.7,40.81],[23.68,40.61],[23.84,40.55],[23.74,40.23],[22.96,40.42],[22.89,40.61],[22.57,40.55],[22.54,40.1],[22.7,40.1],[22.61,39.9],[23.14,39.45],[22.82,39.38],[22.8,39.06],[22.96,39.13],[23.49,38.87],[23.33,38.8],[23.03,38.93],[22.94,38.74],[23.17,38.67],[23.31,38.48],[23.63,38.48],[23.56,38.74],[24.03,38.67],[24.18,38.55],[24.16,38.22],[24.0,38.22],[23.98,37.84],[23.44,38.03],[23.21,38.03],[23.2,37.9],[23.04,37.9],[23.11,37.64],[23.34,37.64],[23.4,37.32],[23.17,37.32],[23.18,37.45],[22.95,37.58],[22.71,37.58],[22.7,37.32],[22.85,37.25],[23.06,36.67],[22.83,36.87],[22.6,36.87],[22.51,36.67],[22.36,36.67],[22.22,37.06],[21.91,37.06],[21.9,36.87],[21.74,36.87],[21.68,37.19],[21.6,37.19],[21.7,37.51],[21.24,37.84],[21.42,38.16],[21.73,38.16],[21.74,38.35],[21.19,38.42],[20.97,38.74],[20.74,38.8],[20.91,39.06],[20.3,39.38],[20.15,39.71],[19.92,39.71],[19.91,39.58],[19.76,39.64],[19.76,39.77],[20.0,39.77],[20.01,39.97],[19.63,40.29],[19.47,40.29],[19.49,40.61],[19.25,40.61],[19.25,40.74],[19.5,40.87],[19.44,41.26],[19.52,41.39],[19.44,41.39],[19.53,41.52],[19.45,41.52],[19.54,41.78],[19.0,42.17],[19.01,42.24],[19.17,42.3],[19.11,42.82],[19.46,43.28],[19.3,43.41],[19.31,43.6],[19.47,43.6],[19.41,43.93],[19.66,44.06],[19.67,44.25],[19.84,44.32],[19.94,44.71],[20.11,44.91],[20.59,44.84],[20.75,44.71],[21.08,44.78],[21.14,44.52],[21.56,44.71],[21.88,44.65],[21.95,44.52],[22.69,44.65],[22.52,44.52],[22.5,44.32],[22.89,44.12],[22.95,43.8],[23.6,43.86],[24.15,43.67],[24.88,43.73],[25.43,43.6],[25.85,43.73],[26.28,44.06],[27.49,44.06],[27.83,44.19],[27.94,44.52],[27.79,44.58],[27.8,44.71],[27.97,44.78],[28.0,45.04],[27.85,45.17],[27.87,45.37],[28.28,45.43],[28.35,45.3],[28.67,45.24],[29.1,45.43],[29.58,45.43],[29.58,45.37],[29.66,45.37],[29.53,44.91],[29.11,44.78],[29.02,44.78],[29.05,44.97],[28.8,44.97],[28.84,44.58]]],[[[33.96,35.26],[34.09,35.0],[33.7,34.94],[33.52,34.74],[33.13,34.68],[33.04,34.55],[32.37,34.74],[32.23,34.94],[32.25,35.13],[32.55,35.13],[32.88,35.26],[32.89,35.39],[33.74,35.39],[34.31,35.71],[34.39,35.71],[34.54,35.71],[34.53,35.58],[33.96,35.26]]],[[[27.74,35.9],[27.69,36.29],[28.02,36.48],[28.09,36.48],[28.25,36.48],[28.14,36.03],[27.74,35.9]]],[[[27.12,36.93],[27.19,36.8],[26.87,36.67],[27.04,36.93],[27.12,36.93]]],[[[25.34,37.13],[25.42,37.13],[25.57,37.13],[25.56,37.0],[25.33,37.0],[25.34,37.13]]],[[[25.99,37.51],[26.08,37.71],[26.16,37.71],[26.31,37.71],[26.3,37.58],[25.99,37.51]]],[[[25.9,38.48],[25.82,38.48],[25.91,38.67],[25.99,38.67],[26.22,38.55],[26.11,38.16],[25.88,38.16],[25.9,38.48]]],[[[26.09,39.0],[26.1,39.13],[25.79,39.19],[26.04,39.38],[26.12,39.38],[26.51,39.32],[26.64,39.0],[26.25,38.93],[26.09,39.0]]],[[[24.97,39.84],[25.07,40.03],[25.15,40.03],[25.46,40.03],[25.45,39.84],[24.97,39.84]]],[[[25.72,40.29],[25.8,40.29],[26.04,40.29],[26.02,40.16],[25.7,40.1],[25.72,40.29]]]]},"properties":{"id":"territory:Eastern Roman Empire:441","name":"동로마 제국","name_en":"Eastern Roman Empire","actor":"로마","valid_from":441,"valid_to":443,"wikidata":"Q12544","area":1976586,"src":"cliopatria","confidence":"medium"}},{"type":"Feature","geometry":{"type":"Point","coordinates":[30.608,35.386]},"properties":{"id":"territory:Eastern Roman Empire:441:label","name":"동로마 제국","name_en":"Eastern Roman Empire","actor":"로마","valid_from":441,"valid_to":443,"wikidata":"Q12544","area":1976586,"src":"cliopatria","confidence":"medium"}},{"type":"Feature","geometry":{"type":"MultiPolygon","coordinates":[[[[24.16,35.52],[24.15,35.39],[24.3,35.32],[25.69,35.32],[25.68,35.13],[26.23,35.19],[26.14,35.07],[24.82,35.0],[24.76,35.19],[24.53,35.19],[24.45,35.19],[23.68,35.26],[23.62,35.52],[24.16,35.52]]],[[[14.34,35.84],[14.34,36.03],[14.42,36.03],[14.57,35.97],[14.57,35.77],[14.34,35.84]]],[[[22.87,36.16],[22.89,36.42],[22.96,36.42],[23.12,36.35],[23.11,36.16],[22.87,36.16]]],[[[24.28,37.71],[24.36,37.71],[24.43,37.58],[24.27,37.51],[24.2,37.64],[24.28,37.71]]],[[[24.99,37.71],[25.06,37.71],[25.22,37.71],[25.29,37.51],[25.05,37.51],[24.99,37.71]]],[[[20.61,37.71],[20.62,37.9],[20.7,37.9],[20.93,37.9],[20.92,37.64],[20.61,37.71]]],[[[24.69,38.03],[24.77,38.03],[25.07,37.77],[24.83,37.71],[24.68,37.84],[24.69,38.03]]],[[[20.33,38.35],[20.49,38.42],[20.57,38.42],[20.8,38.29],[20.79,38.09],[20.32,38.16],[20.33,38.35]]],[[[23.49,38.8],[23.57,38.8],[23.56,38.74],[23.48,38.74],[23.49,38.8]]],[[[24.36,39.0],[24.44,39.0],[24.67,38.93],[24.66,38.74],[24.36,38.87],[24.36,39.0]]],[[[24.49,40.81],[24.57,40.81],[24.81,40.81],[24.79,40.61],[24.55,40.55],[24.49,40.81]]],[[[28.84,44.58],[28.58,44.39],[28.54,43.99],[28.62,43.99],[28.48,43.47],[28.16,43.47],[28.23,43.34],[27.9,43.28],[27.8,43.15],[27.85,42.76],[27.51,42.63],[27.49,42.43],[27.94,42.04],[27.98,41.65],[28.22,41.65],[28.28,41.46],[28.51,41.33],[28.98,41.26],[28.96,41.13],[30.48,41.2],[30.62,41.07],[31.18,41.07],[31.53,41.39],[32.03,41.52],[32.04,41.65],[32.19,41.59],[32.69,41.78],[32.63,41.91],[32.86,41.85],[33.28,41.98],[34.78,41.91],[34.88,42.04],[35.12,42.04],[35.16,41.72],[35.95,41.72],[36.21,41.26],[36.77,41.33],[37.07,41.13],[37.23,41.2],[37.21,41.07],[37.77,41.07],[37.83,40.94],[38.16,41.0],[38.3,40.87],[38.78,40.94],[39.05,41.13],[39.74,40.94],[40.37,40.94],[40.39,41.07],[40.54,41.0],[41.05,41.2],[41.16,41.39],[41.31,41.33],[41.41,41.46],[41.57,41.46],[41.68,41.65],[41.69,41.72],[41.84,41.65],[41.81,41.46],[41.53,41.26],[41.36,40.68],[41.7,40.36],[41.67,40.16],[41.48,39.97],[41.33,39.97],[41.26,39.51],[40.98,39.26],[40.97,38.61],[40.87,38.48],[40.95,38.48],[40.91,38.22],[41.12,38.03],[41.21,37.0],[41.55,36.61],[41.53,36.48],[41.68,36.42],[41.66,36.29],[41.09,36.03],[41.11,35.0],[40.77,34.74],[40.62,34.74],[40.1,34.29],[40.03,34.29],[39.51,34.49],[39.12,34.49],[37.99,33.97],[37.74,33.78],[37.73,33.65],[37.57,33.65],[37.07,33.26],[37.05,33.07],[36.9,33.07],[36.72,32.75],[36.75,32.3],[36.52,32.24],[36.66,32.17],[36.39,31.66],[36.42,31.21],[36.27,31.21],[36.4,30.95],[36.16,30.76],[35.85,29.73],[35.77,29.73],[35.81,29.22],[35.66,29.22],[35.64,29.02],[35.48,28.89],[35.2,28.06],[34.59,28.06],[34.61,28.25],[34.85,28.57],[34.91,29.41],[34.75,29.28],[34.52,28.06],[34.36,27.93],[34.35,27.74],[34.12,27.74],[33.62,28.12],[33.55,28.32],[33.4,28.32],[33.19,28.51],[33.15,29.02],[32.86,29.22],[32.59,29.73],[32.6,29.92],[32.44,29.79],[32.69,28.96],[32.84,28.89],[33.11,28.38],[33.61,27.99],[33.59,27.61],[33.8,27.42],[33.93,27.03],[34.07,26.97],[34.05,26.58],[34.2,26.52],[34.46,25.87],[34.61,25.81],[35.15,24.65],[35.86,24.01],[35.85,23.88],[35.56,23.94],[35.55,23.81],[35.11,23.88],[33.76,23.69],[33.68,23.69],[33.39,23.81],[32.04,23.69],[31.67,23.75],[30.54,23.36],[30.46,23.36],[30.4,23.56],[30.1,23.75],[30.11,23.88],[29.96,23.88],[29.67,24.2],[28.57,24.65],[28.29,25.16],[28.24,25.94],[28.35,26.58],[28.27,26.58],[28.15,27.35],[27.94,27.54],[27.71,27.54],[27.79,27.67],[27.43,27.99],[27.28,27.93],[27.29,28.12],[27.14,28.25],[25.59,28.96],[25.37,29.28],[25.15,29.28],[25.0,29.41],[24.85,29.34],[24.78,29.54],[24.33,29.67],[23.96,29.92],[23.51,29.99],[22.92,30.31],[22.76,30.24],[22.77,30.37],[21.94,30.56],[20.95,30.56],[19.65,30.24],[19.5,30.12],[18.81,30.05],[18.89,30.31],[19.27,30.24],[19.66,30.37],[19.96,30.56],[19.97,30.69],[20.2,30.89],[20.13,31.14],[20.21,31.27],[20.0,31.59],[20.09,32.11],[20.02,32.24],[20.25,32.24],[20.33,32.49],[20.48,32.43],[20.56,32.56],[20.72,32.56],[20.64,32.69],[20.87,32.62],[21.11,32.81],[21.41,32.75],[21.88,32.94],[23.09,32.62],[23.08,32.36],[23.3,32.17],[23.68,32.17],[24.13,31.98],[24.89,31.98],[25.11,31.79],[25.1,31.59],[25.25,31.46],[26.85,31.46],[27.3,31.34],[27.51,31.14],[28.5,31.01],[28.87,30.82],[29.4,30.82],[29.49,31.01],[29.63,30.95],[29.87,31.08],[29.8,31.21],[29.88,31.27],[30.34,31.27],[30.27,31.4],[30.35,31.46],[30.81,31.46],[30.97,31.53],[30.97,31.66],[31.2,31.66],[31.12,31.53],[31.27,31.46],[31.88,31.46],[31.78,31.21],[31.94,31.27],[32.0,31.08],[32.3,31.08],[32.24,31.21],[32.39,31.21],[32.53,31.08],[32.77,31.14],[32.83,31.01],[33.98,31.14],[34.3,31.27],[34.31,31.4],[34.55,31.53],[34.64,31.72],[34.57,31.85],[34.81,31.98],[34.77,32.36],[35.02,32.62],[35.06,33.01],[35.22,33.07],[35.4,33.39],[35.35,33.65],[35.5,33.65],[35.45,33.91],[35.68,33.97],[35.64,34.36],[35.79,34.29],[36.05,34.55],[36.07,34.74],[35.93,34.87],[35.96,35.19],[35.88,35.19],[35.99,35.52],[35.84,35.58],[35.99,36.22],[35.84,36.29],[36.26,36.61],[36.29,36.8],[36.14,36.93],[35.83,36.93],[35.49,36.61],[35.33,36.61],[35.11,36.74],[34.95,36.67],[34.89,36.87],[34.58,36.87],[34.25,36.67],[33.98,36.29],[33.27,36.22],[32.71,36.03],[32.56,36.03],[32.5,36.22],[32.07,36.61],[31.09,36.93],[30.62,36.93],[30.49,36.35],[30.03,36.35],[29.94,36.22],[29.24,36.22],[29.12,36.74],[28.74,36.74],[28.59,36.87],[28.36,36.87],[28.19,36.67],[28.03,36.67],[28.14,37.06],[28.07,37.13],[27.6,37.13],[27.54,37.38],[27.22,37.32],[27.31,37.45],[27.16,37.58],[27.26,37.77],[27.18,37.77],[27.28,38.03],[26.89,38.09],[26.82,38.22],[26.43,38.22],[26.38,38.67],[26.54,38.61],[26.59,38.35],[27.06,38.35],[27.08,38.55],[26.85,38.61],[26.96,39.0],[26.88,39.0],[26.89,39.19],[26.74,39.26],[26.85,39.58],[26.13,39.51],[26.27,40.29],[26.6,40.48],[26.68,40.48],[26.67,40.36],[27.47,40.42],[27.54,40.29],[27.7,40.29],[27.79,40.48],[27.95,40.48],[27.94,40.36],[29.05,40.36],[28.9,40.48],[28.91,40.61],[29.39,40.68],[29.49,40.87],[29.25,40.81],[29.1,40.94],[29.12,41.07],[27.53,41.07],[27.02,40.68],[26.92,40.48],[26.77,40.55],[26.93,40.61],[26.85,40.61],[26.77,40.61],[26.78,40.68],[26.7,40.68],[26.62,40.68],[26.55,40.74],[26.14,40.61],[26.08,40.87],[25.85,40.94],[24.35,41.0],[24.01,40.74],[23.7,40.81],[23.68,40.61],[23.84,40.55],[23.74,40.23],[22.96,40.42],[22.89,40.61],[22.57,40.55],[22.54,40.1],[22.7,40.1],[22.61,39.9],[23.14,39.45],[22.82,39.38],[22.8,39.06],[22.96,39.13],[23.49,38.87],[23.33,38.8],[23.03,38.93],[22.94,38.74],[23.17,38.67],[23.31,38.48],[23.63,38.48],[23.56,38.74],[24.03,38.67],[24.18,38.55],[24.16,38.22],[24.0,38.22],[23.98,37.84],[23.44,38.03],[23.21,38.03],[23.2,37.9],[23.04,37.9],[23.11,37.64],[23.34,37.64],[23.4,37.32],[23.17,37.32],[23.18,37.45],[22.95,37.58],[22.71,37.58],[22.7,37.32],[22.85,37.25],[23.06,36.67],[22.83,36.87],[22.6,36.87],[22.51,36.67],[22.36,36.67],[22.22,37.06],[21.91,37.06],[21.9,36.87],[21.74,36.87],[21.68,37.19],[21.6,37.19],[21.7,37.51],[21.24,37.84],[21.42,38.16],[21.73,38.16],[21.74,38.35],[21.19,38.42],[20.97,38.74],[20.74,38.8],[20.83,39.0],[21.14,39.0],[21.15,39.06],[21.47,39.26],[21.17,39.45],[21.17,39.51],[20.94,39.71],[20.81,40.1],[20.49,40.16],[20.43,40.42],[20.19,40.42],[19.73,40.81],[19.33,40.74],[19.34,40.81],[19.5,40.87],[19.44,41.26],[19.52,41.39],[19.44,41.39],[19.53,41.52],[19.45,41.52],[19.54,41.78],[19.0,42.17],[19.01,42.24],[19.17,42.3],[19.11,42.82],[19.46,43.28],[19.3,43.41],[19.31,43.6],[19.47,43.6],[19.41,43.93],[19.66,44.06],[19.67,44.25],[19.84,44.32],[19.94,44.71],[20.29,45.17],[20.53,45.1],[20.52,44.91],[20.75,44.71],[21.41,44.84],[21.88,44.65],[21.95,44.52],[22.69,44.65],[22.52,44.52],[22.5,44.32],[22.89,44.12],[22.95,43.8],[23.6,43.86],[24.15,43.67],[24.88,43.73],[25.43,43.6],[25.85,43.73],[26.28,44.06],[27.49,44.06],[27.83,44.19],[27.94,44.52],[27.79,44.58],[27.8,44.71],[27.97,44.78],[28.0,45.04],[27.85,45.17],[27.87,45.37],[28.28,45.43],[28.35,45.3],[28.67,45.24],[29.1,45.43],[29.58,45.43],[29.58,45.37],[29.66,45.37],[29.53,44.91],[29.11,44.78],[29.02,44.78],[29.05,44.97],[28.8,44.97],[28.84,44.58]]],[[[33.96,35.26],[34.09,35.0],[33.7,34.94],[33.52,34.74],[33.13,34.68],[33.04,34.55],[32.37,34.74],[32.23,34.94],[32.25,35.13],[32.55,35.13],[32.88,35.26],[32.89,35.39],[33.74,35.39],[34.31,35.71],[34.39,35.71],[34.54,35.71],[34.53,35.58],[33.96,35.26]]],[[[27.74,35.9],[27.69,36.29],[28.02,36.48],[28.09,36.48],[28.25,36.48],[28.14,36.03],[27.74,35.9]]],[[[27.12,36.93],[27.19,36.8],[26.87,36.67],[27.04,36.93],[27.12,36.93]]],[[[25.34,37.13],[25.42,37.13],[25.57,37.13],[25.56,37.0],[25.33,37.0],[25.34,37.13]]],[[[25.99,37.51],[26.08,37.71],[26.16,37.71],[26.31,37.71],[26.3,37.58],[25.99,37.51]]],[[[25.9,38.48],[25.82,38.48],[25.91,38.67],[25.99,38.67],[26.22,38.55],[26.11,38.16],[25.88,38.16],[25.9,38.48]]],[[[26.09,39.0],[26.1,39.13],[25.79,39.19],[26.04,39.38],[26.12,39.38],[26.51,39.32],[26.64,39.0],[26.25,38.93],[26.09,39.0]]],[[[24.97,39.84],[25.07,40.03],[25.15,40.03],[25.46,40.03],[25.45,39.84],[24.97,39.84]]],[[[25.72,40.29],[25.8,40.29],[26.04,40.29],[26.02,40.16],[25.7,40.1],[25.72,40.29]]]]},"properties":{"id":"territory:Eastern Roman Empire:402","name":"동로마 제국","name_en":"Eastern Roman Empire","actor":"로마","valid_from":402,"valid_to":407,"wikidata":"Q12544","area":1965274,"src":"cliopatria","confidence":"medium"}},{"type":"Feature","geometry":{"type":"Point","coordinates":[30.672,35.363]},"properties":{"id":"territory:Eastern Roman Empire:402:label","name":"동로마 제국","name_en":"Eastern Roman Empire","actor":"로마","valid_from":402,"valid_to":407,"wikidata":"Q12544","area":1965274,"src":"cliopatria","confidence":"medium"}},{"type":"Feature","geometry":{"type":"MultiPolygon","coordinates":[[[[24.16,35.52],[24.15,35.39],[24.3,35.32],[25.69,35.32],[25.68,35.13],[26.23,35.19],[26.14,35.07],[24.82,35.0],[24.76,35.19],[24.53,35.19],[24.45,35.19],[23.68,35.26],[23.62,35.52],[24.16,35.52]]],[[[14.34,35.84],[14.34,36.03],[14.42,36.03],[14.57,35.97],[14.57,35.77],[14.34,35.84]]],[[[22.87,36.16],[22.89,36.42],[22.96,36.42],[23.12,36.35],[23.11,36.16],[22.87,36.16]]],[[[24.28,37.71],[24.36,37.71],[24.43,37.58],[24.27,37.51],[24.2,37.64],[24.28,37.71]]],[[[24.99,37.71],[25.06,37.71],[25.22,37.71],[25.29,37.51],[25.05,37.51],[24.99,37.71]]],[[[20.61,37.71],[20.62,37.9],[20.7,37.9],[20.93,37.9],[20.92,37.64],[20.61,37.71]]],[[[24.69,38.03],[24.77,38.03],[25.07,37.77],[24.83,37.71],[24.68,37.84],[24.69,38.03]]],[[[20.33,38.35],[20.49,38.42],[20.57,38.42],[20.8,38.29],[20.79,38.09],[20.32,38.16],[20.33,38.35]]],[[[23.49,38.8],[23.57,38.8],[23.56,38.74],[23.48,38.74],[23.49,38.8]]],[[[24.36,39.0],[24.44,39.0],[24.67,38.93],[24.66,38.74],[24.36,38.87],[24.36,39.0]]],[[[20.15,39.64],[20.15,39.58],[20.07,39.58],[20.07,39.64],[20.15,39.64]]],[[[24.55,40.55],[24.49,40.81],[24.57,40.81],[24.81,40.81],[24.79,40.61],[24.55,40.55]]],[[[28.58,44.39],[28.54,43.99],[28.62,43.99],[28.48,43.47],[28.16,43.47],[28.23,43.34],[27.9,43.28],[27.8,43.15],[27.85,42.76],[27.51,42.63],[27.49,42.43],[27.94,42.04],[27.98,41.65],[28.22,41.65],[28.28,41.46],[28.51,41.33],[28.98,41.26],[28.96,41.13],[30.48,41.2],[30.62,41.07],[31.18,41.07],[31.53,41.39],[32.03,41.52],[32.04,41.65],[32.19,41.59],[32.69,41.78],[32.63,41.91],[32.86,41.85],[33.28,41.98],[34.78,41.91],[34.88,42.04],[35.12,42.04],[35.16,41.72],[35.95,41.72],[36.21,41.26],[36.77,41.33],[37.07,41.13],[37.23,41.2],[37.21,41.07],[37.77,41.07],[37.83,40.94],[38.16,41.0],[38.3,40.87],[38.78,40.94],[39.05,41.13],[39.74,40.94],[40.37,40.94],[40.39,41.07],[40.54,41.0],[41.05,41.2],[41.16,41.39],[41.31,41.33],[41.41,41.46],[41.57,41.46],[41.68,41.65],[41.69,41.72],[41.84,41.65],[41.81,41.46],[41.53,41.26],[41.36,40.68],[41.7,40.36],[41.67,40.16],[41.48,39.97],[41.33,39.97],[41.26,39.51],[40.98,39.26],[40.97,38.61],[40.87,38.48],[40.95,38.48],[40.91,38.22],[41.13,38.09],[41.21,37.0],[41.55,36.61],[41.53,36.48],[41.68,36.42],[41.66,36.29],[41.09,36.03],[41.11,35.0],[40.77,34.74],[40.62,34.74],[40.1,34.29],[40.03,34.29],[39.51,34.49],[39.12,34.49],[37.99,33.97],[37.74,33.78],[37.73,33.65],[37.57,33.65],[37.07,33.26],[37.05,33.07],[36.9,33.07],[36.72,32.75],[36.75,32.3],[36.52,32.24],[36.66,32.17],[36.39,31.66],[36.42,31.21],[36.27,31.21],[36.4,30.95],[36.16,30.76],[35.85,29.73],[35.77,29.73],[35.81,29.22],[35.66,29.22],[35.64,29.02],[35.48,28.89],[35.2,28.06],[34.59,28.06],[34.61,28.25],[34.85,28.57],[34.91,29.41],[34.75,29.28],[34.52,28.06],[34.36,27.93],[34.35,27.74],[34.12,27.74],[33.62,28.12],[33.55,28.32],[33.4,28.32],[33.19,28.51],[33.15,29.02],[32.86,29.22],[32.59,29.73],[32.6,29.92],[32.44,29.79],[32.69,28.96],[32.84,28.89],[33.11,28.38],[33.61,27.99],[33.59,27.61],[33.8,27.42],[33.93,27.03],[34.07,26.97],[34.05,26.58],[34.2,26.52],[34.46,25.87],[34.61,25.81],[35.15,24.65],[35.86,24.01],[35.85,23.88],[35.56,23.94],[35.55,23.81],[35.11,23.88],[33.76,23.69],[33.68,23.69],[33.39,23.81],[32.04,23.69],[31.67,23.75],[30.54,23.36],[30.46,23.36],[30.4,23.56],[30.1,23.75],[30.11,23.88],[29.96,23.88],[29.67,24.2],[28.57,24.65],[28.29,25.16],[28.24,25.94],[28.35,26.58],[28.27,26.58],[28.15,27.35],[27.94,27.54],[27.71,27.54],[27.79,27.67],[27.43,27.99],[27.28,27.93],[27.29,28.12],[27.14,28.25],[25.59,28.96],[25.37,29.28],[25.15,29.28],[25.0,29.41],[24.85,29.34],[24.78,29.54],[24.33,29.67],[23.96,29.92],[23.51,29.99],[22.92,30.31],[22.76,30.24],[22.77,30.37],[21.94,30.56],[20.95,30.56],[19.65,30.24],[19.5,30.12],[18.81,30.05],[18.89,30.31],[19.27,30.24],[19.66,30.37],[19.96,30.56],[19.97,30.69],[20.2,30.89],[20.13,31.14],[20.21,31.27],[20.0,31.59],[20.09,32.11],[20.02,32.24],[20.25,32.24],[20.33,32.49],[20.48,32.43],[20.56,32.56],[20.72,32.56],[20.64,32.69],[20.87,32.62],[21.11,32.81],[21.41,32.75],[21.88,32.94],[23.09,32.62],[23.08,32.36],[23.3,32.17],[23.68,32.17],[24.13,31.98],[24.89,31.98],[25.11,31.79],[25.1,31.59],[25.25,31.46],[26.85,31.46],[27.3,31.34],[27.51,31.14],[28.5,31.01],[28.87,30.82],[29.4,30.82],[29.49,31.01],[29.63,30.95],[29.87,31.08],[29.8,31.21],[29.88,31.27],[30.34,31.27],[30.27,31.4],[30.35,31.46],[30.81,31.46],[30.97,31.53],[30.97,31.66],[31.2,31.66],[31.12,31.53],[31.27,31.46],[31.88,31.46],[31.78,31.21],[31.94,31.27],[32.0,31.08],[32.3,31.08],[32.24,31.21],[32.39,31.21],[32.53,31.08],[32.77,31.14],[32.83,31.01],[33.98,31.14],[34.3,31.27],[34.31,31.4],[34.55,31.53],[34.64,31.72],[34.57,31.85],[34.81,31.98],[34.77,32.36],[35.02,32.62],[35.06,33.01],[35.22,33.07],[35.4,33.39],[35.35,33.65],[35.5,33.65],[35.45,33.91],[35.68,33.97],[35.64,34.36],[35.79,34.29],[36.05,34.55],[36.07,34.74],[35.93,34.87],[35.96,35.19],[35.88,35.19],[35.99,35.52],[35.84,35.58],[35.99,36.22],[35.84,36.29],[36.26,36.61],[36.29,36.8],[36.14,36.93],[35.83,36.93],[35.49,36.61],[35.33,36.61],[35.11,36.74],[34.95,36.67],[34.89,36.87],[34.58,36.87],[34.25,36.67],[33.98,36.29],[33.27,36.22],[32.71,36.03],[32.56,36.03],[32.5,36.22],[32.07,36.61],[31.09,36.93],[30.62,36.93],[30.49,36.35],[30.03,36.35],[29.94,36.22],[29.24,36.22],[29.12,36.74],[28.74,36.74],[28.59,36.87],[28.36,36.87],[28.19,36.67],[28.03,36.67],[28.14,37.06],[28.07,37.13],[27.6,37.13],[27.54,37.38],[27.22,37.32],[27.31,37.45],[27.16,37.58],[27.26,37.77],[27.18,37.77],[27.28,38.03],[26.89,38.09],[26.82,38.22],[26.43,38.22],[26.38,38.67],[26.54,38.61],[26.59,38.35],[27.06,38.35],[27.08,38.55],[26.85,38.61],[26.96,39.0],[26.88,39.0],[26.89,39.19],[26.74,39.26],[26.85,39.58],[26.13,39.51],[26.27,40.29],[26.6,40.48],[26.68,40.48],[26.67,40.36],[27.47,40.42],[27.54,40.29],[27.7,40.29],[27.79,40.48],[27.95,40.48],[27.94,40.36],[29.05,40.36],[28.9,40.48],[28.91,40.61],[29.39,40.68],[29.49,40.87],[29.25,40.81],[29.1,40.94],[29.12,41.07],[27.53,41.07],[27.02,40.68],[26.92,40.48],[26.77,40.55],[26.93,40.61],[26.85,40.61],[26.77,40.61],[26.78,40.68],[26.7,40.68],[26.62,40.68],[26.55,40.74],[26.14,40.61],[26.08,40.87],[25.85,40.94],[24.35,41.0],[24.01,40.74],[23.7,40.81],[23.68,40.61],[23.84,40.55],[23.74,40.23],[22.96,40.42],[22.89,40.61],[22.57,40.55],[22.54,40.1],[22.7,40.1],[22.61,39.9],[23.14,39.45],[22.82,39.38],[22.8,39.06],[22.96,39.13],[23.49,38.87],[23.33,38.8],[23.03,38.93],[22.94,38.74],[23.17,38.67],[23.31,38.48],[23.63,38.48],[23.56,38.74],[24.03,38.67],[24.18,38.55],[24.16,38.22],[24.0,38.22],[23.98,37.84],[23.44,38.03],[23.21,38.03],[23.2,37.9],[23.04,37.9],[23.11,37.64],[23.34,37.64],[23.4,37.32],[23.17,37.32],[23.18,37.45],[22.95,37.58],[22.71,37.58],[22.7,37.32],[22.85,37.25],[23.06,36.67],[22.83,36.87],[22.6,36.87],[22.51,36.67],[22.36,36.67],[22.22,37.06],[21.91,37.06],[21.9,36.87],[21.74,36.87],[21.68,37.19],[21.6,37.19],[21.7,37.51],[21.24,37.84],[21.42,38.16],[21.73,38.16],[21.74,38.35],[21.19,38.42],[20.97,38.74],[20.74,38.8],[20.91,39.06],[20.3,39.38],[20.15,39.71],[19.92,39.71],[19.91,39.58],[19.76,39.64],[19.76,39.77],[20.0,39.77],[20.01,39.97],[19.63,40.29],[19.47,40.29],[19.49,40.61],[19.25,40.61],[19.25,40.74],[19.5,40.87],[19.44,41.26],[19.52,41.39],[19.44,41.39],[19.53,41.52],[19.45,41.52],[19.54,41.78],[19.0,42.17],[19.01,42.24],[19.17,42.3],[19.11,42.82],[19.46,43.28],[19.3,43.41],[19.31,43.6],[19.47,43.6],[19.41,43.93],[19.66,44.06],[19.67,44.25],[19.84,44.32],[19.94,44.71],[20.11,44.91],[20.59,44.84],[20.75,44.71],[21.08,44.78],[21.14,44.52],[21.56,44.71],[21.88,44.65],[21.95,44.52],[22.69,44.65],[22.52,44.52],[22.5,44.32],[22.89,44.12],[22.89,42.95],[23.05,42.89],[23.04,42.76],[23.26,42.5],[23.49,42.43],[23.49,42.3],[24.11,42.04],[25.06,41.98],[25.28,41.78],[25.98,41.59],[26.43,41.2],[26.82,41.13],[27.38,41.2],[27.49,41.52],[26.45,41.52],[26.31,41.72],[26.33,41.91],[26.02,41.98],[25.79,42.17],[24.21,42.43],[23.53,42.95],[23.48,43.34],[23.56,43.34],[23.6,43.8],[23.92,43.8],[24.15,43.67],[24.88,43.73],[25.43,43.6],[25.85,43.73],[26.28,44.06],[27.49,44.06],[27.92,44.25],[27.94,44.52],[27.79,44.58],[27.8,44.71],[27.97,44.78],[28.0,45.04],[27.85,45.17],[27.87,45.37],[28.28,45.43],[28.35,45.3],[28.67,45.24],[29.1,45.43],[29.58,45.43],[29.58,45.37],[29.66,45.37],[29.53,44.91],[29.11,44.78],[29.02,44.78],[29.05,44.97],[28.8,44.97],[28.84,44.58],[28.58,44.39]]],[[[34.09,35.0],[33.7,34.94],[33.52,34.74],[33.13,34.68],[33.04,34.55],[32.37,34.74],[32.23,34.94],[32.25,35.13],[32.55,35.13],[32.88,35.26],[32.89,35.39],[33.74,35.39],[34.31,35.71],[34.39,35.71],[34.54,35.71],[34.53,35.58],[33.96,35.26],[34.09,35.0]]],[[[27.74,35.9],[27.69,36.29],[28.02,36.48],[28.09,36.48],[28.25,36.48],[28.14,36.03],[27.74,35.9]]],[[[27.12,36.93],[27.19,36.8],[26.87,36.67],[27.04,36.93],[27.12,36.93]]],[[[25.34,37.13],[25.42,37.13],[25.57,37.13],[25.56,37.0],[25.33,37.0],[25.34,37.13]]],[[[25.99,37.51],[26.08,37.71],[26.16,37.71],[26.31,37.71],[26.3,37.58],[25.99,37.51]]],[[[25.9,38.48],[25.82,38.48],[25.91,38.67],[25.99,38.67],[26.22,38.55],[26.11,38.16],[25.88,38.16],[25.9,38.48]]],[[[26.09,39.0],[26.1,39.13],[25.79,39.19],[26.04,39.38],[26.12,39.38],[26.51,39.32],[26.64,39.0],[26.25,38.93],[26.09,39.0]]],[[[24.97,39.84],[25.07,40.03],[25.15,40.03],[25.46,40.03],[25.45,39.84],[24.97,39.84]]],[[[25.72,40.29],[25.8,40.29],[26.04,40.29],[26.02,40.16],[25.7,40.1],[25.72,40.29]]]]},"properties":{"id":"territory:Eastern Roman Empire:443","name":"동로마 제국","name_en":"Eastern Roman Empire","actor":"로마","valid_from":443,"valid_to":451,"wikidata":"Q12544","area":1954307,"src":"cliopatria","confidence":"medium"}},{"type":"Feature","geometry":{"type":"Point","coordinates":[30.684,35.296]},"properties":{"id":"territory:Eastern Roman Empire:443:label","name":"동로마 제국","name_en":"Eastern Roman Empire","actor":"로마","valid_from":443,"valid_to":451,"wikidata":"Q12544","area":1954307,"src":"cliopatria","confidence":"medium"}},{"type":"Feature","geometry":{"type":"MultiPolygon","coordinates":[[[[44.68,43.6],[44.7,43.67],[44.78,43.67],[44.76,43.6],[44.68,43.6]]],[[[35.02,45.3],[36.42,45.43],[36.37,45.1],[35.88,45.04],[35.73,45.17],[35.41,45.17],[35.3,44.97],[34.38,44.78],[33.93,44.45],[33.52,44.45],[33.47,44.65],[33.55,44.65],[33.61,45.1],[32.92,45.43],[32.6,45.43],[33.04,45.69],[33.71,45.82],[33.74,46.02],[34.15,46.09],[34.54,45.96],[34.74,45.63],[34.82,45.63],[34.99,45.63],[35.02,45.3]]],[[[29.67,45.43],[29.66,45.37],[29.58,45.37],[29.58,45.43],[29.67,45.43]]],[[[53.1,46.02],[53.18,46.02],[53.17,45.96],[53.08,45.96],[53.1,46.02]]],[[[47.04,44.84],[46.69,44.71],[46.63,44.45],[47.01,44.32],[47.4,43.86],[47.41,43.54],[46.92,43.54],[46.95,43.67],[46.75,43.86],[46.27,43.86],[46.29,43.99],[45.93,43.8],[45.61,43.8],[45.08,43.6],[44.79,43.73],[44.13,43.67],[44.08,43.8],[43.38,43.93],[43.4,44.06],[43.13,44.32],[43.15,44.45],[42.57,44.78],[41.33,44.65],[41.01,44.71],[40.32,44.45],[39.6,44.52],[38.75,44.25],[38.61,44.39],[38.22,44.45],[38.01,44.71],[37.53,44.71],[37.26,45.04],[36.78,45.1],[36.75,45.43],[36.91,45.43],[36.97,45.3],[37.7,45.3],[37.75,45.56],[37.59,45.63],[37.76,45.63],[37.89,45.96],[38.33,46.15],[38.37,46.35],[37.9,46.48],[37.84,46.61],[38.49,46.61],[38.62,46.87],[38.79,46.87],[38.89,47.01],[39.13,46.94],[39.27,47.27],[39.2,47.33],[38.68,47.2],[37.52,47.14],[37.17,47.01],[37.23,46.87],[36.91,46.94],[36.8,46.81],[35.63,46.68],[35.25,46.28],[34.76,46.28],[34.74,46.15],[34.08,46.15],[34.02,46.28],[33.61,46.28],[33.59,46.15],[32.95,46.22],[32.85,46.09],[32.68,46.09],[32.06,46.35],[31.82,46.35],[31.84,46.48],[32.16,46.48],[32.19,46.68],[32.03,46.74],[31.79,46.74],[31.61,46.61],[30.88,46.68],[30.3,45.96],[30.04,45.89],[29.86,45.69],[29.61,45.69],[29.59,45.5],[29.58,45.43],[29.1,45.43],[28.67,45.24],[28.35,45.3],[28.28,45.43],[27.87,45.37],[27.85,45.17],[28.0,45.04],[27.97,44.78],[27.8,44.71],[27.79,44.58],[27.94,44.52],[27.83,44.19],[27.49,44.06],[26.28,44.06],[25.85,43.73],[25.43,43.6],[24.88,43.73],[24.15,43.67],[23.6,43.86],[22.95,43.8],[22.89,44.12],[22.5,44.32],[22.52,44.52],[22.69,44.65],[21.95,44.52],[21.88,44.65],[21.41,44.84],[20.75,44.71],[20.52,44.91],[20.53,45.1],[20.29,45.17],[20.14,45.37],[19.89,45.24],[19.24,45.24],[19.0,45.37],[19.0,45.5],[19.01,45.56],[18.93,45.56],[18.78,45.89],[18.45,45.76],[17.88,45.76],[17.15,46.02],[16.84,46.35],[16.59,46.41],[16.6,46.55],[16.44,46.61],[16.46,47.4],[16.63,47.47],[16.72,47.66],[17.06,47.8],[17.07,48.06],[16.66,48.32],[15.5,48.19],[15.17,48.32],[14.76,48.32],[14.17,48.19],[14.09,48.06],[13.42,47.8],[12.76,47.66],[11.93,47.66],[11.19,47.4],[9.62,47.53],[9.54,47.53],[9.37,47.66],[8.22,47.8],[7.8,48.06],[7.71,48.32],[7.37,48.59],[7.29,48.59],[7.28,48.79],[7.53,48.99],[7.53,49.18],[7.69,49.32],[7.69,49.52],[7.43,49.65],[7.02,49.58],[6.85,49.45],[6.86,49.32],[6.69,49.25],[6.69,49.12],[6.12,48.79],[4.71,48.79],[4.6,49.25],[4.28,49.12],[3.96,48.72],[3.63,48.72],[3.37,48.92],[2.12,48.92],[1.78,49.05],[1.51,49.32],[1.56,49.91],[1.72,49.98],[1.72,50.11],[1.97,50.11],[3.14,50.11],[4.15,49.98],[4.32,50.11],[4.31,50.25],[4.64,50.38],[4.64,50.51],[4.97,50.58],[5.05,50.71],[5.89,50.71],[6.06,50.85],[6.3,51.05],[6.81,51.05],[6.99,50.58],[7.67,50.05],[7.76,49.85],[8.27,49.85],[8.35,49.85],[8.6,49.78],[8.77,49.32],[8.94,49.18],[10.03,48.99],[9.44,50.11],[9.27,50.11],[9.27,50.25],[8.84,50.51],[8.76,50.51],[8.42,50.58],[8.33,50.78],[8.17,50.78],[7.65,51.18],[7.65,51.31],[7.39,51.45],[7.3,51.71],[6.7,51.98],[6.7,52.05],[6.78,52.18],[7.71,52.38],[7.71,52.52],[7.88,52.45],[7.97,52.59],[8.14,52.59],[8.13,52.72],[8.56,52.79],[8.56,52.92],[10.1,52.86],[11.3,53.12],[12.16,53.06],[12.68,53.19],[14.05,53.26],[14.23,53.33],[14.23,53.46],[14.48,53.26],[15.25,53.19],[17.17,53.73],[17.34,53.6],[17.76,53.53],[17.67,53.39],[18.35,53.19],[18.5,52.86],[19.0,52.79],[19.33,52.59],[19.51,52.65],[19.76,52.52],[20.35,52.45],[21.05,52.72],[21.66,52.79],[21.84,52.92],[22.18,52.92],[22.17,52.79],[22.44,52.86],[22.49,52.52],[23.16,52.38],[23.15,52.25],[23.4,52.25],[23.64,52.05],[23.52,51.71],[23.6,51.71],[23.72,51.18],[24.11,50.91],[24.01,50.71],[25.48,51.05],[27.51,51.05],[27.91,50.91],[29.24,50.78],[29.76,50.85],[30.42,50.71],[31.44,50.25],[32.2,50.25],[33.42,50.51],[33.52,50.65],[33.45,50.71],[33.63,50.78],[33.96,50.71],[34.32,50.85],[34.52,51.05],[34.87,51.11],[34.81,51.25],[35.3,51.18],[35.68,51.38],[36.36,51.38],[37.0,51.18],[36.88,51.05],[37.05,51.05],[37.41,50.71],[37.73,50.65],[38.13,50.11],[38.39,50.11],[38.26,49.91],[38.35,49.91],[38.5,49.38],[39.2,48.72],[39.51,48.59],[40.76,48.59],[42.45,48.72],[42.42,48.59],[43.0,48.59],[43.22,48.46],[44.96,48.46],[45.43,48.32],[45.73,48.19],[45.85,47.99],[46.02,47.99],[46.34,47.6],[46.59,47.6],[46.64,47.47],[46.46,47.4],[46.43,47.27],[46.77,46.94],[46.93,46.94],[47.46,46.35],[47.7,46.35],[48.38,46.81],[48.71,46.81],[49.41,47.33],[49.58,47.33],[49.97,47.6],[52.02,47.86],[53.24,47.8],[53.68,47.6],[54.52,46.74],[54.48,46.28],[54.56,46.28],[54.29,45.56],[53.88,45.56],[53.67,45.37],[53.42,45.37],[53.06,45.56],[53.07,45.89],[53.25,45.96],[53.35,46.35],[53.27,46.35],[53.27,46.68],[53.19,46.68],[53.24,46.87],[53.11,47.01],[51.86,46.94],[51.81,47.07],[51.58,47.14],[50.84,47.14],[50.3,46.94],[49.99,46.68],[49.3,46.55],[49.06,46.22],[48.64,46.15],[48.59,45.96],[48.35,45.96],[48.06,45.76],[47.57,45.76],[47.47,45.69],[47.51,45.5],[47.5,45.43],[47.33,45.43],[47.04,44.84]]],[[[32.48,50.45],[32.56,50.45],[32.55,50.38],[32.47,50.38],[32.48,50.45]]],[[[7.29,52.38],[7.37,52.38],[7.37,52.32],[7.29,52.32],[7.29,52.38]]]]},"properties":{"id":"territory:Hunnic Empire:451","name":"훈 제국","name_en":"Hunnic Empire","actor":"기타중립","valid_from":451,"valid_to":452,"wikidata":"Q45813","area":1913269,"src":"cliopatria","confidence":"medium"}},{"type":"Feature","geometry":{"type":"Point","coordinates":[26.001,48.491]},"properties":{"id":"territory:Hunnic Empire:451:label","name":"훈 제국","name_en":"Hunnic Empire","actor":"기타중립","valid_from":451,"valid_to":452,"wikidata":"Q45813","area":1913269,"src":"cliopatria","confidence":"medium"}},{"type":"Feature","geometry":{"type":"MultiPolygon","coordinates":[[[[44.68,43.6],[44.7,43.67],[44.78,43.67],[44.76,43.6],[44.68,43.6]]],[[[35.02,45.3],[36.42,45.43],[36.37,45.1],[35.88,45.04],[35.73,45.17],[35.41,45.17],[35.3,44.97],[34.38,44.78],[33.93,44.45],[33.52,44.45],[33.47,44.65],[33.55,44.65],[33.61,45.1],[32.92,45.43],[32.6,45.43],[33.04,45.69],[33.71,45.82],[33.74,46.02],[34.15,46.09],[34.54,45.96],[34.74,45.63],[34.82,45.63],[34.99,45.63],[35.02,45.3]]],[[[29.67,45.43],[29.66,45.37],[29.58,45.37],[29.58,45.43],[29.67,45.43]]],[[[53.1,46.02],[53.18,46.02],[53.17,45.96],[53.08,45.96],[53.1,46.02]]],[[[47.33,45.43],[47.29,45.24],[47.1,45.1],[47.04,44.84],[46.69,44.71],[46.63,44.45],[47.01,44.32],[47.34,43.99],[47.41,43.54],[46.92,43.54],[46.95,43.67],[46.75,43.86],[46.27,43.86],[46.29,43.99],[45.93,43.8],[45.61,43.8],[45.08,43.6],[44.79,43.73],[44.13,43.67],[44.08,43.8],[43.38,43.93],[43.4,44.06],[43.13,44.32],[43.15,44.45],[42.57,44.78],[41.33,44.65],[41.01,44.71],[40.32,44.45],[39.6,44.52],[38.75,44.25],[38.61,44.39],[38.22,44.45],[38.01,44.71],[37.53,44.71],[37.26,45.04],[36.78,45.1],[36.75,45.43],[36.91,45.43],[36.97,45.3],[37.7,45.3],[37.75,45.56],[37.59,45.63],[37.76,45.63],[37.89,45.96],[38.33,46.15],[38.37,46.35],[37.9,46.48],[37.84,46.61],[38.49,46.61],[38.62,46.87],[38.79,46.87],[38.89,47.01],[39.13,46.94],[39.27,47.27],[39.2,47.33],[38.68,47.2],[37.52,47.14],[37.17,47.01],[37.23,46.87],[36.91,46.94],[36.8,46.81],[35.63,46.68],[35.25,46.28],[34.76,46.28],[34.74,46.15],[34.08,46.15],[34.02,46.28],[33.61,46.28],[33.59,46.15],[32.95,46.22],[32.85,46.09],[32.68,46.09],[32.06,46.35],[31.82,46.35],[31.84,46.48],[32.16,46.48],[32.19,46.68],[32.03,46.74],[31.79,46.74],[31.61,46.61],[30.88,46.68],[30.3,45.96],[30.04,45.89],[29.86,45.69],[29.61,45.69],[29.59,45.5],[29.58,45.43],[29.1,45.43],[28.67,45.24],[28.35,45.3],[28.28,45.43],[27.87,45.37],[27.85,45.17],[28.0,45.04],[27.97,44.78],[27.8,44.71],[27.79,44.58],[27.94,44.52],[27.83,44.19],[27.49,44.06],[26.28,44.06],[25.85,43.73],[25.43,43.6],[24.88,43.73],[24.15,43.67],[23.6,43.86],[22.95,43.8],[22.89,44.12],[22.5,44.32],[22.52,44.52],[22.69,44.65],[21.95,44.52],[21.88,44.65],[21.41,44.84],[20.75,44.71],[20.52,44.91],[20.53,45.1],[20.29,45.17],[20.14,45.37],[19.89,45.24],[19.24,45.24],[19.0,45.37],[19.0,45.5],[19.01,45.56],[18.93,45.56],[18.78,45.89],[18.45,45.76],[17.88,45.76],[17.15,46.02],[16.84,46.35],[16.59,46.41],[16.6,46.55],[16.44,46.61],[16.46,47.4],[16.63,47.47],[16.72,47.66],[17.06,47.8],[17.07,48.06],[16.66,48.32],[16.08,48.19],[15.25,48.26],[15.16,47.93],[14.99,47.86],[14.56,47.07],[14.39,47.01],[14.22,46.61],[14.06,46.55],[14.05,46.35],[13.97,46.35],[13.97,46.15],[13.8,46.09],[13.71,45.76],[13.63,45.76],[13.14,45.82],[13.06,45.63],[12.82,45.69],[12.65,45.56],[12.16,45.5],[12.16,45.17],[12.4,45.04],[12.4,44.97],[11.51,44.91],[11.35,45.17],[11.35,45.5],[9.23,45.3],[8.83,45.37],[8.74,45.56],[9.8,45.82],[11.76,45.89],[11.92,46.02],[12.49,46.09],[12.66,46.28],[13.32,46.55],[13.41,46.81],[13.74,47.07],[13.74,47.33],[14.08,47.86],[14.42,48.06],[14.42,48.19],[13.6,48.59],[13.35,48.59],[13.27,48.72],[12.77,48.79],[12.61,48.99],[12.11,49.18],[11.86,49.18],[11.36,48.85],[10.2,48.52],[10.2,48.59],[10.11,48.99],[9.86,49.18],[9.86,49.38],[9.69,49.52],[9.69,49.71],[9.44,49.98],[9.44,50.11],[9.27,50.11],[9.27,50.25],[8.84,50.51],[8.76,50.51],[8.42,50.58],[8.33,50.78],[8.17,50.78],[7.65,51.18],[7.65,51.31],[7.39,51.45],[7.3,51.71],[6.7,51.98],[6.7,52.05],[6.78,52.18],[7.71,52.38],[7.71,52.52],[7.88,52.45],[7.97,52.59],[8.14,52.59],[8.13,52.72],[8.56,52.79],[8.56,52.92],[10.1,52.86],[11.3,53.12],[12.16,53.06],[12.68,53.19],[14.05,53.26],[14.23,53.33],[14.23,53.46],[14.48,53.26],[15.25,53.19],[17.17,53.73],[17.34,53.6],[17.76,53.53],[17.67,53.39],[18.35,53.19],[18.5,52.86],[19.0,52.79],[19.33,52.59],[19.51,52.65],[19.76,52.52],[20.35,52.45],[21.05,52.72],[21.66,52.79],[21.84,52.92],[22.18,52.92],[22.17,52.79],[22.44,52.86],[22.49,52.52],[23.16,52.38],[23.15,52.25],[23.4,52.25],[23.64,52.05],[23.52,51.71],[23.6,51.71],[23.72,51.18],[24.11,50.91],[24.01,50.71],[25.48,51.05],[27.51,51.05],[27.91,50.91],[29.24,50.78],[29.76,50.85],[30.42,50.71],[31.44,50.25],[32.2,50.25],[33.42,50.51],[33.52,50.65],[33.45,50.71],[33.63,50.78],[33.96,50.71],[34.32,50.85],[34.52,51.05],[34.87,51.11],[34.81,51.25],[35.3,51.18],[35.68,51.38],[36.36,51.38],[37.0,51.18],[36.88,51.05],[37.05,51.05],[37.41,50.71],[37.73,50.65],[38.13,50.11],[38.39,50.11],[38.26,49.91],[38.35,49.91],[38.5,49.38],[39.2,48.72],[39.51,48.59],[40.76,48.59],[42.45,48.72],[42.42,48.59],[43.0,48.59],[43.22,48.46],[44.96,48.46],[45.43,48.32],[45.73,48.19],[45.85,47.99],[46.02,47.99],[46.34,47.6],[46.59,47.6],[46.64,47.47],[46.46,47.4],[46.43,47.27],[46.77,46.94],[46.93,46.94],[47.46,46.35],[47.7,46.35],[48.38,46.81],[48.71,46.81],[49.41,47.33],[49.58,47.33],[49.97,47.6],[52.02,47.86],[53.24,47.8],[53.68,47.6],[54.52,46.74],[54.48,46.28],[54.56,46.28],[54.29,45.56],[53.88,45.56],[53.67,45.37],[53.42,45.37],[53.06,45.56],[53.07,45.89],[53.25,45.96],[53.35,46.35],[53.27,46.35],[53.27,46.68],[53.19,46.68],[53.24,46.87],[53.11,47.01],[51.86,46.94],[51.81,47.07],[51.58,47.14],[50.84,47.14],[50.3,46.94],[49.99,46.68],[49.3,46.55],[49.06,46.22],[48.64,46.15],[48.59,45.96],[48.35,45.96],[48.06,45.76],[47.57,45.76],[47.46,45.63],[47.54,45.63],[47.52,45.56],[47.48,45.37],[47.33,45.43]]],[[[32.48,50.45],[32.56,50.45],[32.55,50.38],[32.47,50.38],[32.48,50.45]]],[[[7.29,52.38],[7.37,52.38],[7.37,52.32],[7.29,52.32],[7.29,52.38]]]]},"properties":{"id":"territory:Hunnic Empire:452","name":"훈 제국","name_en":"Hunnic Empire","actor":"기타중립","valid_from":452,"valid_to":455,"wikidata":"Q45813","area":1811416,"src":"cliopatria","confidence":"medium"}},{"type":"Feature","geometry":{"type":"Point","coordinates":[27.186,48.4]},"properties":{"id":"territory:Hunnic Empire:452:label","name":"훈 제국","name_en":"Hunnic Empire","actor":"기타중립","valid_from":452,"valid_to":455,"wikidata":"Q45813","area":1811416,"src":"cliopatria","confidence":"medium"}},{"type":"Feature","geometry":{"type":"MultiPolygon","coordinates":[[[[24.16,35.52],[24.15,35.39],[24.3,35.32],[25.69,35.32],[25.68,35.13],[26.23,35.19],[26.14,35.07],[24.82,35.0],[24.76,35.19],[24.53,35.19],[24.45,35.19],[23.68,35.26],[23.62,35.52],[24.16,35.52]]],[[[14.34,36.03],[14.42,36.03],[14.57,35.97],[14.57,35.77],[14.34,35.84],[14.34,36.03]]],[[[22.89,36.42],[22.96,36.42],[23.12,36.35],[23.11,36.16],[22.87,36.16],[22.89,36.42]]],[[[24.28,37.71],[24.36,37.71],[24.43,37.58],[24.27,37.51],[24.2,37.64],[24.28,37.71]]],[[[24.99,37.71],[25.06,37.71],[25.22,37.71],[25.29,37.51],[25.05,37.51],[24.99,37.71]]],[[[20.62,37.9],[20.7,37.9],[20.93,37.9],[20.92,37.64],[20.61,37.71],[20.62,37.9]]],[[[24.69,38.03],[24.77,38.03],[25.07,37.77],[24.83,37.71],[24.68,37.84],[24.69,38.03]]],[[[21.73,38.16],[21.74,38.42],[22.29,38.35],[22.28,38.22],[22.44,38.29],[22.43,38.16],[22.59,38.16],[22.66,38.03],[22.66,37.96],[21.88,38.09],[21.55,37.77],[21.47,37.77],[21.24,37.84],[21.25,37.96],[21.42,38.16],[21.73,38.16]]],[[[20.33,38.35],[20.49,38.42],[20.57,38.42],[20.8,38.29],[20.79,38.09],[20.32,38.16],[20.33,38.35]]],[[[23.63,38.48],[23.56,38.74],[23.72,38.74],[23.8,38.74],[24.18,38.55],[24.16,38.22],[24.09,38.35],[23.63,38.48]]],[[[20.67,38.87],[20.73,38.61],[20.5,38.61],[20.59,38.87],[20.67,38.87]]],[[[23.57,38.8],[23.56,38.74],[23.48,38.74],[23.49,38.8],[23.57,38.8]]],[[[24.36,39.0],[24.44,39.0],[24.67,38.93],[24.66,38.74],[24.36,38.87],[24.36,39.0]]],[[[19.92,39.77],[19.92,39.71],[19.91,39.58],[19.76,39.64],[19.76,39.77],[19.92,39.77]]],[[[24.49,40.81],[24.57,40.81],[24.81,40.81],[24.79,40.61],[24.55,40.55],[24.49,40.81]]],[[[40.62,34.74],[40.1,34.29],[40.03,34.29],[39.51,34.49],[39.12,34.49],[37.99,33.97],[37.74,33.78],[37.73,33.65],[37.57,33.65],[37.07,33.26],[37.05,33.07],[36.9,33.07],[36.72,32.75],[36.75,32.3],[36.52,32.24],[36.66,32.17],[36.39,31.66],[36.42,31.21],[36.27,31.21],[36.4,30.95],[36.16,30.76],[35.85,29.73],[35.77,29.73],[35.81,29.22],[35.66,29.22],[35.64,29.02],[35.48,28.89],[35.2,28.06],[34.59,28.06],[34.61,28.25],[34.85,28.57],[34.91,29.41],[34.75,29.28],[34.52,28.06],[34.36,27.93],[34.35,27.74],[34.12,27.74],[33.62,28.12],[33.55,28.32],[33.4,28.32],[33.19,28.51],[33.15,29.02],[32.86,29.22],[32.59,29.73],[32.6,29.92],[32.44,29.79],[32.69,28.96],[32.84,28.89],[33.11,28.38],[33.61,27.99],[33.59,27.61],[33.8,27.42],[33.93,27.03],[34.07,26.97],[34.05,26.58],[34.2,26.52],[34.46,25.87],[34.61,25.81],[35.15,24.65],[35.86,24.01],[35.85,23.88],[35.56,23.94],[35.55,23.81],[35.11,23.88],[33.76,23.69],[33.68,23.69],[33.39,23.81],[32.04,23.69],[31.67,23.75],[30.54,23.36],[30.46,23.36],[30.4,23.56],[30.1,23.75],[30.11,23.88],[29.96,23.88],[29.67,24.2],[28.57,24.65],[28.29,25.16],[28.24,25.94],[28.35,26.58],[28.27,26.58],[28.15,27.35],[27.94,27.54],[27.71,27.54],[27.79,27.67],[27.43,27.99],[27.28,27.93],[27.29,28.12],[27.14,28.25],[25.59,28.96],[25.37,29.28],[25.15,29.28],[25.0,29.41],[24.85,29.34],[24.78,29.54],[24.33,29.67],[24.26,29.79],[23.51,29.99],[22.92,30.31],[22.76,30.24],[22.77,30.37],[22.54,30.44],[21.94,30.56],[20.95,30.56],[19.19,30.05],[18.81,30.05],[18.82,30.24],[19.66,30.37],[19.96,30.56],[19.97,30.69],[20.2,30.89],[20.13,31.14],[20.21,31.27],[20.0,31.59],[20.09,32.11],[20.02,32.24],[20.25,32.24],[20.33,32.49],[20.48,32.43],[20.56,32.56],[20.72,32.56],[20.64,32.69],[20.87,32.62],[21.11,32.81],[21.41,32.75],[21.88,32.94],[23.09,32.62],[23.08,32.36],[23.3,32.17],[23.68,32.17],[24.13,31.98],[24.89,31.98],[25.11,31.79],[25.1,31.59],[25.25,31.46],[26.85,31.46],[27.3,31.34],[27.51,31.14],[28.5,31.01],[28.87,30.82],[29.4,30.82],[29.49,31.01],[29.63,30.95],[29.87,31.08],[29.8,31.21],[29.88,31.27],[30.34,31.27],[30.27,31.4],[30.35,31.46],[30.81,31.46],[30.97,31.53],[30.97,31.66],[31.2,31.66],[31.12,31.53],[31.27,31.46],[31.88,31.46],[31.78,31.21],[31.94,31.27],[32.0,31.08],[32.3,31.08],[32.24,31.21],[32.53,31.08],[32.77,31.14],[32.83,31.01],[33.98,31.14],[34.3,31.27],[34.31,31.4],[34.63,31.66],[34.57,31.85],[34.81,31.98],[34.77,32.36],[35.02,32.62],[35.06,33.01],[35.22,33.07],[35.4,33.39],[35.35,33.65],[35.5,33.65],[35.45,33.91],[35.68,33.97],[35.64,34.36],[35.79,34.29],[36.05,34.55],[36.07,34.74],[35.93,34.87],[35.96,35.19],[35.88,35.19],[35.99,35.52],[35.84,35.58],[35.88,35.9],[35.96,35.9],[36.27,35.9],[36.46,36.22],[36.87,36.42],[38.52,36.61],[38.61,36.74],[39.54,36.67],[40.44,37.06],[41.23,37.13],[41.27,36.87],[41.68,36.42],[41.58,36.22],[41.09,36.03],[41.05,35.77],[41.13,35.77],[41.12,35.71],[41.11,35.0],[40.77,34.74],[40.62,34.74]]],[[[34.09,35.0],[33.7,34.94],[33.52,34.74],[33.13,34.68],[33.04,34.55],[32.37,34.74],[32.23,34.94],[32.25,35.13],[32.55,35.13],[32.88,35.26],[32.89,35.39],[33.74,35.39],[34.31,35.71],[34.39,35.71],[34.54,35.71],[34.53,35.58],[33.96,35.26],[34.09,35.0]]],[[[36.3,36.22],[36.29,36.1],[36.05,36.1],[36.07,36.29],[36.31,36.29],[36.3,36.22]]],[[[27.69,36.29],[28.02,36.48],[28.09,36.48],[28.25,36.48],[28.14,36.03],[27.74,35.9],[27.69,36.29]]],[[[27.12,36.93],[27.19,36.8],[26.87,36.67],[27.04,36.93],[27.12,36.93]]],[[[25.34,37.13],[25.42,37.13],[25.57,37.13],[25.56,37.0],[25.33,37.0],[25.34,37.13]]],[[[38.91,37.25],[38.88,37.06],[38.65,37.06],[38.67,37.25],[38.83,37.25],[38.91,37.25]]],[[[26.08,37.71],[26.16,37.71],[26.31,37.71],[26.3,37.58],[25.99,37.51],[26.08,37.71]]],[[[25.9,38.48],[25.82,38.48],[25.91,38.67],[25.99,38.67],[26.22,38.55],[26.11,38.16],[25.88,38.16],[25.9,38.48]]],[[[26.09,39.0],[26.1,39.13],[25.79,39.19],[26.04,39.38],[26.12,39.38],[26.51,39.32],[26.64,39.0],[26.25,38.93],[26.09,39.0]]],[[[25.07,40.03],[25.15,40.03],[25.46,40.03],[25.45,39.84],[24.97,39.84],[25.07,40.03]]],[[[25.72,40.29],[25.8,40.29],[26.04,40.29],[26.02,40.16],[25.7,40.1],[25.72,40.29]]],[[[26.62,40.68],[26.55,40.74],[26.14,40.61],[26.08,40.87],[25.85,40.94],[24.35,41.0],[24.01,40.74],[23.7,40.81],[23.68,40.61],[23.84,40.55],[23.74,40.23],[23.27,40.29],[22.88,40.48],[22.89,40.61],[22.65,40.61],[22.56,40.36],[22.54,40.1],[22.7,40.1],[22.61,39.9],[23.14,39.45],[22.82,39.38],[22.8,39.06],[22.96,39.13],[23.11,39.0],[23.34,39.0],[23.49,38.8],[23.18,38.93],[23.02,38.87],[22.94,38.87],[21.53,38.93],[21.47,39.26],[21.09,39.51],[20.81,40.1],[20.49,40.16],[20.43,40.42],[20.19,40.42],[19.73,40.81],[19.33,40.74],[19.34,40.81],[19.5,40.87],[19.44,41.26],[19.52,41.39],[19.44,41.39],[19.53,41.52],[19.45,41.52],[19.54,41.78],[19.0,42.17],[19.01,42.24],[19.17,42.3],[19.11,42.82],[19.46,43.28],[19.3,43.41],[19.31,43.6],[19.47,43.6],[19.41,43.93],[19.66,44.06],[19.67,44.25],[19.84,44.32],[19.94,44.71],[20.29,45.17],[20.53,45.1],[20.52,44.91],[20.75,44.71],[21.41,44.84],[21.88,44.65],[21.95,44.52],[22.69,44.65],[22.52,44.52],[22.5,44.32],[22.89,44.12],[22.95,43.8],[23.6,43.86],[24.15,43.67],[24.88,43.73],[25.43,43.6],[25.85,43.73],[26.28,44.06],[27.49,44.06],[27.83,44.19],[27.94,44.52],[27.79,44.58],[27.8,44.71],[27.97,44.78],[28.0,45.04],[27.85,45.17],[27.87,45.37],[28.28,45.43],[28.35,45.3],[28.67,45.24],[29.1,45.43],[29.58,45.43],[29.58,45.37],[29.66,45.37],[29.53,44.91],[29.11,44.78],[29.02,44.78],[29.05,44.97],[28.8,44.97],[28.84,44.58],[28.58,44.39],[28.54,43.99],[28.62,43.99],[28.48,43.47],[28.16,43.47],[28.23,43.34],[27.9,43.28],[27.8,43.15],[27.85,42.76],[27.51,42.63],[27.49,42.43],[27.94,42.04],[27.98,41.65],[28.22,41.65],[28.28,41.46],[28.51,41.33],[28.98,41.26],[28.96,41.13],[30.48,41.2],[30.62,41.07],[31.18,41.07],[31.53,41.39],[32.03,41.52],[32.04,41.65],[32.19,41.59],[32.69,41.78],[32.63,41.91],[34.78,41.91],[34.88,42.04],[35.12,42.04],[35.16,41.72],[35.95,41.72],[36.21,41.26],[36.77,41.33],[37.07,41.13],[37.23,41.2],[37.21,41.07],[37.77,41.07],[37.83,40.94],[38.16,41.0],[38.3,40.87],[38.78,40.94],[39.05,41.13],[39.74,40.94],[40.13,40.94],[40.21,40.94],[40.1,40.74],[39.78,40.74],[38.93,40.29],[38.27,40.16],[36.92,39.45],[36.8,39.13],[36.87,39.13],[36.78,39.0],[36.83,38.74],[36.55,38.42],[36.5,37.96],[36.33,37.84],[36.37,37.51],[36.02,37.19],[36.09,37.13],[35.98,36.87],[35.9,36.87],[35.83,36.93],[35.49,36.61],[35.33,36.61],[35.11,36.74],[34.95,36.67],[34.89,36.87],[34.58,36.87],[34.25,36.67],[33.98,36.29],[33.27,36.22],[32.71,36.03],[32.56,36.03],[32.5,36.22],[32.07,36.61],[31.09,36.93],[30.62,36.93],[30.49,36.35],[30.03,36.35],[29.94,36.22],[29.24,36.22],[29.12,36.74],[28.74,36.74],[28.59,36.87],[28.36,36.87],[28.19,36.67],[28.03,36.67],[28.14,37.06],[28.07,37.13],[27.6,37.13],[27.54,37.38],[27.22,37.32],[27.31,37.45],[27.16,37.58],[27.26,37.77],[27.18,37.77],[27.28,38.03],[26.89,38.09],[26.82,38.22],[26.43,38.22],[26.38,38.67],[26.54,38.61],[26.59,38.35],[27.06,38.35],[27.08,38.55],[26.85,38.61],[26.96,39.0],[26.88,39.0],[26.89,39.19],[26.74,39.26],[26.85,39.58],[26.13,39.51],[26.27,40.29],[26.6,40.48],[26.68,40.48],[26.67,40.36],[27.47,40.42],[27.54,40.29],[27.7,40.29],[27.79,40.48],[27.95,40.48],[27.94,40.36],[29.05,40.36],[28.9,40.48],[28.91,40.61],[29.39,40.68],[29.49,40.87],[29.25,40.81],[29.1,40.94],[29.12,41.07],[27.53,41.07],[27.02,40.68],[26.92,40.48],[26.77,40.55],[26.93,40.61],[26.85,40.61],[26.77,40.61],[26.78,40.68],[26.7,40.68],[26.62,40.68]]]]},"properties":{"id":"territory:Eastern Roman Empire:397","name":"동로마 제국","name_en":"Eastern Roman Empire","actor":"로마","valid_from":397,"valid_to":402,"wikidata":"Q12544","area":1763135,"src":"cliopatria","confidence":"medium"}},{"type":"Feature","geometry":{"type":"Point","coordinates":[31.269,29.769]},"properties":{"id":"territory:Eastern Roman Empire:397:label","name":"동로마 제국","name_en":"Eastern Roman Empire","actor":"로마","valid_from":397,"valid_to":402,"wikidata":"Q12544","area":1763135,"src":"cliopatria","confidence":"medium"}},{"type":"Feature","geometry":{"type":"MultiPolygon","coordinates":[[[[11.08,35.39],[11.01,35.39],[11.08,35.0],[10.85,34.94],[10.85,34.81],[10.54,34.55],[10.0,34.29],[10.08,34.23],[10.01,33.91],[10.24,33.71],[10.54,33.71],[10.7,33.52],[11.08,33.59],[11.16,33.2],[11.46,33.2],[12.23,32.81],[12.61,32.88],[12.53,32.75],[12.84,32.75],[12.84,32.88],[13.07,32.94],[13.3,32.94],[13.45,32.81],[13.76,32.88],[13.76,32.75],[14.07,32.75],[14.44,32.49],[14.67,32.56],[14.75,32.43],[15.21,32.36],[15.42,31.66],[15.58,31.59],[15.65,31.4],[16.18,31.21],[17.47,31.08],[18.0,30.89],[18.59,30.37],[18.9,30.37],[18.81,29.99],[18.28,30.05],[16.7,30.69],[15.49,30.95],[15.18,30.89],[15.19,31.08],[14.58,31.53],[14.59,31.66],[13.83,32.11],[13.3,32.24],[13.07,32.17],[13.07,32.3],[12.46,32.36],[11.77,32.3],[11.77,32.43],[11.54,32.43],[11.46,32.56],[11.31,32.49],[11.16,32.69],[10.39,33.01],[10.01,33.01],[10.08,33.14],[9.63,33.14],[9.55,33.33],[9.62,33.46],[9.32,33.59],[9.08,34.04],[8.93,34.04],[9.0,34.36],[8.93,34.36],[8.85,34.74],[8.46,34.87],[8.23,34.81],[7.99,35.07],[7.99,35.52],[7.91,35.52],[7.91,35.97],[7.83,35.97],[7.9,36.22],[7.59,36.61],[6.96,36.61],[6.89,36.48],[6.42,36.55],[6.35,36.42],[5.88,36.48],[5.65,36.35],[2.77,36.42],[2.32,36.22],[2.0,36.29],[2.01,36.16],[1.15,36.16],[1.01,36.03],[0.77,36.03],[0.48,35.64],[-0.29,35.58],[-1.04,35.07],[-1.2,35.13],[-1.35,35.0],[-1.81,34.94],[-1.88,34.81],[-2.81,34.94],[-5.28,34.94],[-5.81,34.81],[-6.11,34.61],[-6.24,34.36],[-6.16,34.23],[-6.31,34.23],[-6.6,33.97],[-6.59,33.84],[-6.81,33.71],[-6.73,33.59],[-7.18,33.52],[-7.47,33.26],[-7.88,33.52],[-7.13,33.84],[-7.06,33.97],[-6.9,33.91],[-6.61,34.16],[-6.7,34.29],[-6.47,34.36],[-6.48,34.49],[-6.26,34.68],[-6.2,34.94],[-6.29,35.07],[-6.13,35.0],[-5.95,35.71],[-5.57,35.84],[-5.34,35.84],[-5.24,35.52],[-4.75,35.19],[-3.13,35.19],[-2.98,35.26],[-2.99,35.45],[-2.84,35.45],[-2.82,35.13],[-2.66,35.07],[-1.89,35.07],[-1.59,35.26],[-1.36,35.26],[-1.14,35.45],[-1.22,35.64],[-1.07,35.58],[-0.92,35.71],[-0.53,35.71],[-0.46,35.84],[0.08,35.84],[0.38,36.22],[0.68,36.29],[0.68,36.42],[0.91,36.35],[1.22,36.55],[1.53,36.48],[2.38,36.67],[2.69,36.61],[2.84,36.74],[3.23,36.74],[3.46,36.87],[3.85,36.8],[4.24,36.93],[4.86,36.87],[5.1,36.67],[5.56,36.67],[5.64,36.8],[6.11,36.8],[6.1,36.93],[6.33,37.06],[6.8,36.87],[7.19,36.87],[7.35,37.06],[7.5,37.06],[7.74,36.87],[8.52,36.87],[8.9,37.13],[9.06,37.06],[9.37,37.25],[9.76,37.32],[9.99,37.19],[10.23,37.25],[10.23,37.06],[10.31,37.06],[10.23,36.8],[10.46,36.74],[11.01,37.0],[11.01,36.8],[10.46,36.42],[10.54,36.35],[10.46,35.9],[10.85,35.71],[10.85,35.64],[11.08,35.58],[11.08,35.39]]],[[[1.66,39.0],[1.43,38.8],[1.27,38.8],[1.18,39.06],[1.26,39.13],[1.34,39.13],[1.65,39.13],[1.66,39.0]]],[[[3.2,39.84],[3.52,39.77],[3.3,39.32],[2.82,39.32],[2.66,39.51],[2.35,39.45],[2.34,39.64],[2.88,39.97],[2.96,39.97],[3.19,39.97],[3.2,39.84]]],[[[3.83,39.9],[3.74,40.1],[3.82,40.1],[4.22,40.1],[4.3,39.84],[3.83,39.9]]],[[[9.82,40.36],[9.67,40.29],[9.75,39.64],[9.67,39.64],[9.59,39.13],[9.12,39.19],[8.97,38.87],[8.73,38.87],[8.34,39.0],[8.41,39.26],[8.33,39.26],[8.33,39.51],[8.41,39.51],[8.48,39.9],[8.32,39.97],[8.4,40.29],[8.32,40.29],[8.32,40.48],[8.16,40.55],[8.15,40.94],[8.55,40.87],[9.02,41.26],[9.1,41.26],[9.5,41.2],[9.82,40.74],[9.82,40.36]]],[[[8.36,49.45],[8.27,49.45],[8.28,49.18],[8.11,49.05],[8.12,48.85],[7.79,48.65],[7.71,48.32],[7.63,48.32],[7.63,47.99],[7.55,47.99],[7.64,47.53],[8.47,47.6],[8.55,47.73],[8.88,47.8],[8.96,48.06],[9.12,48.19],[11.19,48.79],[11.86,49.18],[12.61,48.99],[12.94,48.72],[13.52,48.65],[14.26,48.26],[14.67,48.26],[14.84,48.39],[15.5,48.19],[16.66,48.32],[16.9,48.13],[17.07,48.19],[17.07,48.06],[17.63,47.8],[18.63,47.86],[18.71,47.86],[19.19,47.47],[19.17,47.2],[18.84,47.07],[18.81,46.61],[19.05,46.41],[18.86,45.89],[18.78,45.89],[18.93,45.56],[18.92,45.5],[19.0,45.5],[19.0,45.37],[19.24,45.24],[19.89,45.24],[20.14,45.37],[20.29,45.17],[19.94,44.71],[19.84,44.32],[19.67,44.25],[19.66,44.06],[19.41,43.93],[19.47,43.6],[19.31,43.6],[19.3,43.41],[19.46,43.28],[19.11,42.82],[19.17,42.3],[19.01,42.24],[18.93,42.24],[18.85,42.37],[18.14,42.63],[17.83,42.89],[17.59,42.89],[17.51,42.76],[17.52,42.95],[17.36,42.95],[17.37,43.21],[17.12,43.15],[17.05,43.41],[16.73,43.34],[16.73,43.54],[16.58,43.6],[15.93,43.47],[16.01,43.6],[15.86,43.8],[15.7,43.8],[15.62,43.93],[15.37,43.86],[15.46,43.99],[15.22,44.06],[15.15,44.39],[14.91,44.58],[14.92,44.97],[14.52,45.1],[14.6,45.37],[14.2,45.37],[14.19,45.04],[13.95,45.04],[13.94,44.91],[13.78,44.91],[13.71,45.24],[13.54,45.3],[13.55,45.5],[13.71,45.5],[13.71,45.76],[13.14,45.82],[13.06,45.63],[12.82,45.69],[12.65,45.56],[12.16,45.5],[12.16,45.17],[12.4,45.04],[12.4,44.78],[12.16,44.84],[12.15,44.45],[12.31,44.19],[12.87,43.8],[13.04,43.86],[13.03,43.73],[13.36,43.67],[13.67,43.41],[13.75,43.08],[13.99,42.95],[13.9,42.76],[14.06,42.5],[14.61,42.11],[14.77,42.17],[14.77,42.04],[14.92,41.98],[15.17,42.04],[15.24,41.91],[16.12,41.91],[16.11,41.78],[15.87,41.72],[15.94,41.39],[17.2,41.0],[17.51,40.74],[17.98,40.61],[18.44,40.16],[18.35,39.9],[18.11,39.9],[17.81,40.36],[17.42,40.36],[17.35,40.55],[17.03,40.55],[16.87,40.48],[16.95,40.42],[16.86,40.29],[16.62,40.29],[16.7,40.1],[16.46,39.97],[16.45,39.64],[16.92,39.51],[17.07,39.38],[17.14,39.06],[16.5,38.8],[16.49,38.42],[15.93,37.96],[15.7,37.96],[15.62,38.16],[15.39,38.16],[15.07,37.64],[15.06,37.25],[15.21,37.19],[15.05,36.74],[14.66,36.74],[14.28,37.13],[13.58,37.25],[13.19,37.58],[12.49,37.71],[12.49,37.9],[12.65,38.09],[13.04,38.03],[13.12,38.16],[13.35,38.16],[13.67,37.96],[14.06,37.96],[15.86,38.29],[15.95,38.67],[16.27,38.74],[16.27,38.93],[16.12,39.06],[15.9,39.77],[15.67,39.9],[15.75,40.03],[15.43,40.03],[14.96,40.29],[14.89,40.68],[14.42,40.68],[14.42,40.87],[14.1,40.87],[13.95,41.13],[13.79,41.13],[13.71,41.26],[13.0,41.33],[12.92,41.46],[12.53,41.59],[12.53,41.65],[12.77,41.78],[12.77,42.24],[12.54,42.43],[12.06,42.5],[11.73,42.24],[11.73,42.3],[11.26,42.43],[11.18,42.63],[11.02,42.63],[11.02,42.82],[10.54,43.08],[10.21,43.99],[9.89,43.99],[9.97,44.12],[9.73,44.12],[9.16,44.45],[8.43,44.39],[8.03,43.93],[7.15,43.73],[6.99,43.54],[6.67,43.47],[6.52,43.21],[6.28,43.15],[5.8,43.15],[5.63,43.28],[5.39,43.28],[5.39,43.41],[5.06,43.47],[4.18,43.47],[4.17,43.6],[3.85,43.6],[2.98,43.15],[3.01,42.56],[3.18,42.37],[3.12,41.91],[2.57,41.59],[2.33,41.59],[2.11,41.33],[1.24,41.2],[0.7,40.94],[0.71,40.68],[0.25,40.42],[0.18,40.16],[0.1,40.16],[-0.85,40.23],[-1.24,40.1],[-2.44,40.36],[-2.85,40.55],[-4.76,40.74],[-5.75,41.2],[-5.98,41.98],[-5.83,42.11],[-5.85,42.24],[-5.69,42.3],[-5.7,42.43],[-5.01,42.69],[-2.2,42.63],[-2.13,42.76],[-1.81,42.82],[-0.93,42.89],[-1.03,43.08],[-1.43,43.08],[-1.44,43.28],[-1.69,43.34],[-1.69,43.41],[-1.46,43.54],[-1.4,43.86],[-1.32,43.86],[-1.35,44.25],[-1.27,44.25],[-1.29,44.52],[-1.21,44.52],[-1.25,45.17],[-1.17,45.17],[-1.19,45.43],[-1.03,45.5],[-1.05,45.69],[-1.21,45.76],[-1.14,45.89],[-1.22,45.89],[-1.25,46.28],[-1.67,46.35],[-2.01,46.61],[-2.02,46.74],[-2.19,46.81],[-2.14,47.14],[-2.23,47.27],[-2.56,47.27],[-2.58,47.47],[-2.83,47.47],[-2.84,47.66],[-2.45,47.86],[-2.12,47.86],[-1.64,48.13],[-1.65,49.25],[-1.91,49.38],[-2.03,49.78],[-1.36,49.78],[-1.25,49.45],[0.01,49.38],[-0.01,49.65],[0.22,49.85],[1.05,49.98],[1.45,50.25],[1.42,50.71],[1.66,51.05],[2.58,51.18],[2.74,51.31],[3.41,51.45],[3.4,51.65],[3.74,51.65],[3.65,51.78],[3.98,51.92],[4.06,52.12],[4.23,51.98],[4.57,51.98],[4.57,52.05],[5.93,51.98],[6.37,51.65],[6.54,51.65],[6.89,51.38],[7.41,50.51],[7.67,50.45],[7.67,50.31],[7.75,50.31],[7.68,49.91],[8.18,49.85],[8.18,49.78],[8.35,49.65],[8.36,49.45]],[[5.53,51.31],[5.78,51.38],[5.86,51.58],[5.52,51.78],[4.33,51.71],[4.27,51.18],[4.7,51.05],[4.78,51.05],[5.2,51.05],[5.54,51.18],[5.53,51.31]]],[[[9.57,42.76],[9.58,41.98],[9.5,41.98],[9.5,41.78],[9.26,41.39],[9.1,41.33],[8.78,41.52],[8.78,41.72],[8.62,41.72],[8.7,41.91],[8.54,42.11],[8.53,42.5],[8.77,42.69],[9.17,42.76],[9.25,43.02],[9.33,43.02],[9.49,43.02],[9.49,42.76],[9.57,42.76]]],[[[10.21,42.69],[10.13,42.89],[10.21,42.89],[10.46,42.89],[10.46,42.69],[10.21,42.69]]],[[[14.5,44.52],[14.26,44.58],[14.27,44.97],[14.35,44.97],[14.51,44.91],[14.5,44.52]]],[[[16.99,48.26],[16.99,48.19],[16.91,48.19],[16.91,48.26],[16.99,48.26]]],[[[16.91,48.32],[16.91,48.26],[16.83,48.26],[16.83,48.32],[16.91,48.32]]]]},"properties":{"id":"territory:Western Roman Empire:410","name":"서로마 제국","name_en":"Western Roman Empire","actor":"로마","valid_from":410,"valid_to":414,"wikidata":"Q42834","area":1585118,"src":"cliopatria","confidence":"medium"}},{"type":"Feature","geometry":{"type":"Point","coordinates":[7.061,45.599]},"properties":{"id":"territory:Western Roman Empire:410:label","name":"서로마 제국","name_en":"Western Roman Empire","actor":"로마","valid_from":410,"valid_to":414,"wikidata":"Q42834","area":1585118,"src":"cliopatria","confidence":"medium"}},{"type":"Feature","geometry":{"type":"MultiPolygon","coordinates":[[[[11.08,35.39],[11.01,35.39],[11.08,35.0],[10.85,34.94],[10.85,34.81],[10.54,34.55],[10.0,34.29],[10.08,34.23],[10.01,33.91],[10.24,33.71],[10.54,33.71],[10.7,33.52],[11.08,33.59],[11.16,33.2],[11.46,33.2],[12.23,32.81],[12.61,32.88],[12.53,32.75],[12.84,32.75],[12.84,32.88],[13.07,32.94],[13.3,32.94],[13.45,32.81],[13.76,32.88],[13.76,32.75],[14.07,32.75],[14.44,32.49],[14.67,32.56],[14.75,32.43],[15.21,32.36],[15.42,31.66],[15.58,31.59],[15.65,31.4],[16.18,31.21],[17.47,31.08],[18.0,30.89],[18.59,30.37],[18.9,30.37],[18.81,29.99],[18.28,30.05],[16.7,30.69],[15.49,30.95],[15.18,30.89],[15.19,31.08],[14.58,31.53],[14.59,31.66],[13.83,32.11],[13.3,32.24],[13.07,32.17],[13.07,32.3],[12.46,32.36],[11.77,32.3],[11.77,32.43],[11.54,32.43],[11.46,32.56],[11.31,32.49],[11.16,32.69],[10.39,33.01],[10.01,33.01],[10.08,33.14],[9.63,33.14],[9.55,33.33],[9.62,33.46],[9.32,33.59],[9.08,34.04],[8.93,34.04],[9.0,34.36],[8.93,34.36],[8.85,34.74],[8.46,34.87],[8.23,34.81],[7.99,35.07],[7.99,35.52],[7.91,35.52],[7.91,35.97],[7.83,35.97],[7.9,36.22],[7.59,36.61],[6.96,36.61],[6.89,36.48],[6.42,36.55],[6.35,36.42],[5.88,36.48],[5.65,36.35],[2.77,36.42],[2.32,36.22],[2.0,36.29],[2.01,36.16],[1.15,36.16],[1.01,36.03],[0.77,36.03],[0.48,35.64],[-0.29,35.58],[-1.04,35.07],[-1.2,35.13],[-1.35,35.0],[-1.81,34.94],[-1.88,34.81],[-2.81,34.94],[-5.28,34.94],[-5.81,34.81],[-6.11,34.61],[-6.24,34.36],[-6.16,34.23],[-6.31,34.23],[-6.6,33.97],[-6.59,33.84],[-6.81,33.71],[-6.73,33.59],[-7.18,33.52],[-7.47,33.26],[-7.88,33.52],[-7.13,33.84],[-7.06,33.97],[-6.9,33.91],[-6.61,34.16],[-6.7,34.29],[-6.47,34.36],[-6.48,34.49],[-6.26,34.68],[-6.2,34.94],[-6.29,35.07],[-6.13,35.0],[-5.95,35.71],[-5.57,35.84],[-5.34,35.84],[-5.24,35.52],[-4.75,35.19],[-3.13,35.19],[-2.98,35.26],[-2.99,35.45],[-2.84,35.45],[-2.82,35.13],[-2.66,35.07],[-1.89,35.07],[-1.59,35.26],[-1.36,35.26],[-1.14,35.45],[-1.22,35.64],[-1.07,35.58],[-0.92,35.71],[-0.53,35.71],[-0.46,35.84],[0.08,35.84],[0.38,36.22],[0.68,36.29],[0.68,36.42],[0.91,36.35],[1.22,36.55],[1.53,36.48],[2.38,36.67],[2.69,36.61],[2.84,36.74],[3.23,36.74],[3.46,36.87],[3.85,36.8],[4.24,36.93],[4.86,36.87],[5.1,36.67],[5.56,36.67],[5.64,36.8],[6.11,36.8],[6.1,36.93],[6.33,37.06],[6.8,36.87],[7.19,36.87],[7.35,37.06],[7.5,37.06],[7.74,36.87],[8.52,36.87],[8.9,37.13],[9.06,37.06],[9.37,37.25],[9.76,37.32],[9.99,37.19],[10.23,37.25],[10.23,37.06],[10.31,37.06],[10.23,36.8],[10.46,36.74],[11.01,37.0],[11.01,36.8],[10.46,36.42],[10.54,36.35],[10.46,35.9],[10.85,35.71],[10.85,35.64],[11.08,35.58],[11.08,35.39]]],[[[1.43,38.8],[1.27,38.8],[1.18,39.06],[1.26,39.13],[1.34,39.13],[1.65,39.13],[1.66,39.0],[1.43,38.8]]],[[[-0.31,39.13],[-0.24,39.13],[-0.23,39.06],[-0.31,39.06],[-0.31,39.13]]],[[[3.52,39.77],[3.3,39.32],[2.82,39.32],[2.66,39.51],[2.35,39.45],[2.34,39.64],[2.88,39.97],[2.96,39.97],[3.19,39.97],[3.2,39.84],[3.52,39.77]]],[[[3.83,39.9],[3.74,40.1],[3.82,40.1],[4.22,40.1],[4.3,39.84],[3.83,39.9]]],[[[9.82,40.36],[9.67,40.29],[9.75,39.64],[9.67,39.64],[9.59,39.13],[9.12,39.19],[8.97,38.87],[8.73,38.87],[8.34,39.0],[8.41,39.26],[8.33,39.26],[8.33,39.51],[8.41,39.51],[8.48,39.9],[8.32,39.97],[8.4,40.29],[8.32,40.29],[8.32,40.48],[8.16,40.55],[8.15,40.94],[8.55,40.87],[9.02,41.26],[9.1,41.26],[9.5,41.2],[9.82,40.74],[9.82,40.36]]],[[[-1.77,43.41],[-1.77,43.34],[-1.85,43.34],[-1.85,43.41],[-1.77,43.41]]],[[[7.55,47.99],[7.64,47.53],[8.47,47.6],[8.55,47.73],[8.88,47.8],[8.96,48.06],[9.12,48.19],[10.03,48.52],[10.45,48.52],[10.94,48.79],[11.36,48.85],[11.69,49.12],[12.11,49.18],[12.61,48.99],[12.77,48.79],[13.52,48.65],[14.26,48.26],[14.67,48.26],[14.84,48.39],[15.5,48.19],[16.66,48.32],[16.9,48.13],[17.07,48.19],[17.07,48.06],[17.63,47.8],[18.63,47.86],[18.71,47.86],[19.19,47.47],[19.17,47.2],[18.84,47.07],[18.81,46.61],[19.05,46.41],[18.86,45.89],[18.78,45.89],[18.93,45.56],[18.92,45.5],[19.0,45.5],[19.0,45.37],[19.24,45.24],[19.89,45.24],[20.14,45.37],[20.29,45.17],[19.94,44.71],[19.84,44.32],[19.67,44.25],[19.66,44.06],[19.41,43.93],[19.47,43.6],[19.31,43.6],[19.3,43.41],[19.46,43.28],[19.11,42.82],[19.17,42.3],[19.01,42.24],[18.93,42.24],[18.62,42.5],[18.14,42.63],[17.99,42.82],[17.59,42.82],[17.59,42.76],[17.51,42.76],[17.51,42.82],[17.52,42.95],[17.36,42.95],[17.37,43.21],[17.12,43.15],[17.05,43.41],[16.73,43.34],[16.73,43.54],[16.58,43.6],[15.93,43.47],[16.01,43.6],[15.86,43.8],[15.7,43.8],[15.62,43.93],[15.37,43.86],[15.46,43.99],[15.22,44.06],[15.15,44.39],[14.91,44.58],[14.92,44.97],[14.52,45.1],[14.6,45.37],[14.2,45.37],[14.19,45.04],[13.95,45.04],[13.94,44.91],[13.78,44.91],[13.71,45.24],[13.54,45.3],[13.55,45.5],[13.71,45.5],[13.71,45.76],[13.14,45.82],[13.06,45.63],[12.82,45.69],[12.65,45.56],[12.16,45.5],[12.16,45.17],[12.4,45.04],[12.4,44.78],[12.16,44.84],[12.15,44.45],[12.31,44.19],[12.87,43.8],[13.04,43.86],[13.03,43.73],[13.36,43.67],[13.67,43.41],[13.75,43.08],[13.99,42.95],[13.9,42.76],[14.06,42.5],[14.61,42.11],[14.77,42.17],[14.77,42.04],[14.92,41.98],[15.17,42.04],[15.24,41.91],[16.12,41.91],[16.11,41.78],[15.87,41.72],[15.94,41.39],[17.2,41.0],[17.51,40.74],[17.98,40.61],[18.44,40.16],[18.35,39.9],[18.11,39.9],[17.81,40.36],[17.42,40.36],[17.35,40.55],[17.03,40.55],[16.87,40.48],[16.95,40.42],[16.86,40.29],[16.62,40.29],[16.7,40.1],[16.46,39.97],[16.45,39.64],[16.92,39.51],[17.07,39.38],[17.14,39.06],[16.5,38.8],[16.49,38.42],[15.93,37.96],[15.7,37.96],[15.62,38.16],[15.39,38.16],[15.07,37.64],[15.06,37.25],[15.21,37.19],[15.21,37.0],[15.05,36.74],[14.66,36.74],[14.28,37.13],[13.58,37.25],[13.19,37.58],[12.49,37.71],[12.49,37.9],[12.65,38.09],[13.04,38.03],[13.12,38.16],[13.35,38.16],[13.67,37.96],[14.06,37.96],[15.86,38.29],[15.95,38.67],[16.27,38.74],[16.27,38.93],[16.12,39.06],[15.9,39.77],[15.67,39.9],[15.75,40.03],[15.43,40.03],[15.2,40.23],[15.04,40.23],[14.89,40.68],[14.42,40.68],[14.42,40.87],[14.1,40.87],[13.95,41.13],[13.79,41.13],[13.71,41.26],[13.0,41.33],[12.13,41.91],[12.13,42.04],[11.81,42.11],[11.65,42.37],[11.49,42.3],[11.42,42.43],[11.26,42.43],[11.18,42.63],[11.02,42.63],[11.02,42.82],[10.54,43.08],[10.37,43.67],[10.13,44.06],[9.89,43.99],[9.97,44.12],[9.73,44.12],[9.16,44.45],[8.59,44.45],[8.19,44.19],[8.03,43.93],[7.15,43.73],[6.99,43.54],[6.67,43.47],[6.52,43.21],[6.28,43.15],[5.8,43.15],[5.63,43.28],[5.39,43.28],[5.39,43.41],[5.06,43.47],[4.18,43.47],[4.17,43.6],[3.85,43.6],[3.54,43.41],[3.46,43.41],[3.2,43.67],[2.47,43.93],[1.66,43.99],[1.34,43.86],[1.35,43.6],[1.69,43.28],[1.93,43.28],[2.1,43.08],[2.35,43.02],[2.99,42.95],[3.0,42.89],[3.01,42.56],[3.18,42.37],[3.12,41.91],[2.57,41.59],[2.33,41.59],[2.11,41.33],[1.24,41.2],[0.7,40.94],[0.71,40.68],[0.47,40.61],[0.25,40.42],[0.18,40.16],[-0.2,39.97],[-0.35,39.71],[-0.32,39.19],[-0.31,39.13],[-0.72,39.32],[-1.07,39.9],[-1.47,40.03],[-1.64,40.23],[-1.96,40.23],[-2.61,40.48],[-3.57,40.68],[-4.36,40.68],[-5.01,40.81],[-6.26,41.52],[-6.13,41.85],[-5.9,41.98],[-5.85,42.24],[-5.77,42.24],[-5.73,42.76],[-5.65,42.76],[-2.68,42.63],[-2.53,42.76],[-2.28,42.63],[-2.13,42.82],[-1.81,42.76],[-0.94,42.95],[-1.11,43.08],[-1.42,43.02],[-1.52,43.21],[-1.44,43.28],[-1.76,43.28],[-1.46,43.54],[-1.4,43.86],[-1.32,43.86],[-1.35,44.25],[-1.27,44.25],[-1.29,44.52],[-1.21,44.52],[-1.25,45.17],[-1.17,45.17],[-1.19,45.43],[-1.03,45.5],[-1.05,45.69],[-1.21,45.76],[-1.14,45.89],[-1.22,45.89],[-1.25,46.28],[-1.67,46.35],[-2.01,46.61],[-2.02,46.74],[-2.19,46.81],[-2.14,47.14],[-2.23,47.27],[-2.56,47.27],[-2.58,47.47],[-2.83,47.47],[-2.77,47.73],[-2.12,47.86],[-1.64,48.13],[-1.65,49.25],[-1.91,49.38],[-2.03,49.78],[-1.36,49.78],[-1.25,49.45],[0.01,49.38],[-0.01,49.65],[0.22,49.85],[1.05,49.98],[1.45,50.25],[1.42,50.71],[1.66,51.05],[2.58,51.18],[2.74,51.31],[3.41,51.45],[3.4,51.65],[3.74,51.65],[3.65,51.78],[3.98,51.92],[4.06,52.12],[4.23,51.98],[4.57,51.98],[4.57,52.05],[5.93,51.98],[6.37,51.65],[6.54,51.65],[6.89,51.38],[7.41,50.51],[7.67,50.45],[7.67,50.31],[7.75,50.31],[7.68,49.91],[7.85,49.78],[7.85,49.65],[7.52,49.25],[7.53,48.99],[7.28,48.85],[7.29,48.72],[7.12,48.59],[7.29,48.52],[7.29,48.46],[7.63,48.39],[7.63,47.99],[7.55,47.99]],[[5.78,51.38],[5.86,51.58],[5.52,51.78],[4.33,51.71],[4.27,51.18],[4.7,51.05],[4.78,51.05],[5.2,51.05],[5.54,51.18],[5.53,51.31],[5.78,51.38]]],[[[9.57,42.76],[9.58,41.98],[9.5,41.98],[9.5,41.78],[9.26,41.39],[9.1,41.33],[8.78,41.52],[8.78,41.72],[8.62,41.72],[8.7,41.91],[8.54,42.11],[8.53,42.5],[8.77,42.69],[9.17,42.76],[9.25,43.02],[9.33,43.02],[9.49,43.02],[9.49,42.76],[9.57,42.76]]],[[[17.67,42.76],[17.75,42.76],[17.75,42.69],[17.67,42.69],[17.67,42.76]]],[[[10.21,42.69],[10.13,42.89],[10.21,42.89],[10.46,42.89],[10.46,42.69],[10.21,42.69]]],[[[14.26,44.58],[14.27,44.97],[14.35,44.97],[14.51,44.91],[14.5,44.52],[14.26,44.58]]],[[[16.99,48.26],[16.99,48.19],[16.91,48.19],[16.91,48.26],[16.99,48.26]]],[[[16.91,48.32],[16.91,48.26],[16.83,48.26],[16.83,48.32],[16.91,48.32]]]]},"properties":{"id":"territory:Western Roman Empire:414","name":"서로마 제국","name_en":"Western Roman Empire","actor":"로마","valid_from":414,"valid_to":417,"wikidata":"Q42834","area":1580608,"src":"cliopatria","confidence":"medium"}},{"type":"Feature","geometry":{"type":"Point","coordinates":[7.054,45.552]},"properties":{"id":"territory:Western Roman Empire:414:label","name":"서로마 제국","name_en":"Western Roman Empire","actor":"로마","valid_from":414,"valid_to":417,"wikidata":"Q42834","area":1580608,"src":"cliopatria","confidence":"medium"}},{"type":"Feature","geometry":{"type":"MultiPolygon","coordinates":[[[[11.08,35.39],[11.01,35.39],[11.08,35.0],[10.85,34.94],[10.85,34.81],[10.54,34.55],[10.0,34.29],[10.08,34.23],[10.01,33.91],[10.24,33.71],[10.54,33.71],[10.7,33.52],[11.08,33.59],[11.16,33.2],[11.46,33.2],[12.23,32.81],[12.61,32.88],[12.53,32.75],[12.84,32.75],[12.84,32.88],[13.07,32.94],[13.3,32.94],[13.45,32.81],[13.76,32.88],[13.76,32.75],[14.07,32.75],[14.44,32.49],[14.67,32.56],[14.75,32.43],[15.21,32.36],[15.42,31.66],[15.58,31.59],[15.65,31.4],[16.18,31.21],[17.47,31.08],[18.0,30.89],[18.59,30.37],[18.9,30.37],[18.81,29.99],[18.28,30.05],[16.7,30.69],[15.49,30.95],[15.18,30.89],[15.19,31.08],[14.58,31.53],[14.59,31.66],[13.83,32.11],[13.3,32.24],[13.07,32.17],[13.07,32.3],[12.46,32.36],[11.77,32.3],[11.77,32.43],[11.54,32.43],[11.46,32.56],[11.31,32.49],[11.16,32.69],[10.39,33.01],[10.01,33.01],[10.08,33.14],[9.63,33.14],[9.55,33.33],[9.62,33.46],[9.32,33.59],[9.08,34.04],[8.93,34.04],[9.0,34.36],[8.93,34.36],[8.85,34.74],[8.46,34.87],[8.23,34.81],[7.99,35.07],[7.99,35.52],[7.91,35.52],[7.91,35.97],[7.83,35.97],[7.9,36.22],[7.59,36.61],[6.96,36.61],[6.89,36.48],[6.42,36.55],[6.35,36.42],[5.88,36.48],[5.65,36.35],[2.77,36.42],[2.32,36.22],[2.0,36.29],[2.01,36.16],[1.15,36.16],[1.01,36.03],[0.77,36.03],[0.48,35.64],[-0.29,35.58],[-1.04,35.07],[-1.2,35.13],[-1.35,35.0],[-1.81,34.94],[-1.88,34.81],[-2.81,34.94],[-5.28,34.94],[-5.81,34.81],[-6.11,34.61],[-6.24,34.36],[-6.16,34.23],[-6.31,34.23],[-6.6,33.97],[-6.59,33.84],[-6.81,33.71],[-6.73,33.59],[-7.18,33.52],[-7.47,33.26],[-7.88,33.52],[-7.13,33.84],[-7.06,33.97],[-6.9,33.91],[-6.61,34.16],[-6.7,34.29],[-6.47,34.36],[-6.48,34.49],[-6.26,34.68],[-6.2,34.94],[-6.29,35.07],[-6.13,35.0],[-5.95,35.71],[-5.57,35.84],[-5.34,35.84],[-5.24,35.52],[-4.75,35.19],[-3.13,35.19],[-2.98,35.26],[-2.99,35.45],[-2.84,35.45],[-2.82,35.13],[-2.66,35.07],[-1.89,35.07],[-1.59,35.26],[-1.36,35.26],[-1.14,35.45],[-1.22,35.64],[-1.07,35.58],[-0.92,35.71],[-0.53,35.71],[-0.46,35.84],[0.08,35.84],[0.38,36.22],[0.68,36.29],[0.68,36.42],[0.91,36.35],[1.22,36.55],[1.53,36.48],[2.38,36.67],[2.69,36.61],[2.84,36.74],[3.23,36.74],[3.46,36.87],[3.85,36.8],[4.24,36.93],[4.86,36.87],[5.1,36.67],[5.56,36.67],[5.64,36.8],[6.11,36.8],[6.1,36.93],[6.33,37.06],[6.8,36.87],[7.19,36.87],[7.35,37.06],[7.5,37.06],[7.74,36.87],[8.52,36.87],[8.9,37.13],[9.06,37.06],[9.37,37.25],[9.76,37.32],[9.99,37.19],[10.23,37.25],[10.23,37.06],[10.31,37.06],[10.23,36.8],[10.46,36.74],[11.01,37.0],[11.01,36.8],[10.46,36.42],[10.54,36.35],[10.46,35.9],[10.85,35.71],[10.85,35.64],[11.08,35.58],[11.08,35.39]]],[[[1.43,38.8],[1.27,38.8],[1.18,39.06],[1.26,39.13],[1.34,39.13],[1.65,39.13],[1.66,39.0],[1.43,38.8]]],[[[-0.31,39.13],[-0.24,39.13],[-0.23,39.06],[-0.31,39.06],[-0.31,39.13]]],[[[3.52,39.77],[3.3,39.32],[2.82,39.32],[2.66,39.51],[2.35,39.45],[2.34,39.64],[2.88,39.97],[2.96,39.97],[3.19,39.97],[3.2,39.84],[3.52,39.77]]],[[[3.83,39.9],[3.74,40.1],[3.82,40.1],[4.22,40.1],[4.3,39.84],[3.83,39.9]]],[[[-0.94,43.02],[-1.51,43.08],[-1.44,43.28],[-1.76,43.28],[-1.39,43.67],[-1.21,44.65],[-1.22,44.71],[-1.06,44.78],[0.3,43.8],[1.12,43.41],[1.6,43.54],[1.9,43.93],[1.89,44.19],[1.55,44.45],[1.39,44.45],[0.54,45.17],[0.37,45.17],[-0.23,45.69],[-0.39,45.69],[-1.09,46.28],[-1.25,46.28],[-1.33,46.28],[-1.67,46.35],[-2.19,46.81],[-2.14,47.14],[-2.23,47.27],[-2.56,47.27],[-2.58,47.47],[-2.83,47.47],[-2.77,47.73],[-2.12,47.86],[-1.64,48.13],[-1.65,49.25],[-1.91,49.38],[-2.03,49.78],[-1.36,49.78],[-1.25,49.45],[0.01,49.38],[-0.01,49.65],[0.22,49.85],[1.05,49.98],[1.45,50.25],[1.42,50.71],[1.66,51.05],[2.58,51.18],[2.74,51.31],[3.41,51.45],[3.4,51.65],[3.74,51.65],[3.65,51.78],[3.98,51.92],[4.06,52.12],[4.23,51.98],[4.57,51.98],[4.57,52.05],[5.93,51.98],[6.37,51.65],[6.54,51.65],[6.89,51.38],[7.41,50.51],[7.67,50.45],[7.67,50.31],[7.75,50.31],[7.68,49.91],[7.85,49.78],[7.85,49.65],[7.52,49.25],[7.53,48.99],[7.28,48.85],[7.29,48.72],[7.12,48.59],[7.29,48.52],[7.29,48.46],[7.63,48.39],[7.63,47.99],[7.55,47.99],[7.64,47.53],[8.47,47.6],[8.55,47.73],[8.88,47.8],[8.96,48.06],[9.12,48.19],[10.03,48.52],[10.45,48.52],[10.94,48.79],[11.36,48.85],[11.69,49.12],[12.11,49.18],[12.61,48.99],[12.77,48.79],[13.52,48.65],[14.26,48.26],[14.67,48.26],[14.84,48.39],[15.5,48.19],[16.66,48.32],[16.9,48.13],[17.07,48.19],[17.07,48.06],[17.63,47.8],[18.63,47.86],[18.71,47.86],[19.19,47.47],[19.17,47.2],[18.84,47.07],[18.81,46.61],[19.05,46.41],[18.86,45.89],[18.78,45.89],[18.93,45.56],[18.92,45.5],[19.0,45.5],[19.0,45.37],[19.24,45.24],[19.89,45.24],[20.14,45.37],[20.29,45.17],[19.94,44.71],[19.84,44.32],[19.67,44.25],[19.66,44.06],[19.41,43.93],[19.47,43.6],[19.31,43.6],[19.3,43.41],[19.46,43.28],[19.11,42.82],[19.17,42.3],[19.01,42.24],[18.93,42.24],[18.85,42.37],[18.14,42.63],[17.83,42.89],[17.59,42.89],[17.51,42.76],[17.52,42.95],[17.36,42.95],[17.37,43.21],[17.12,43.15],[17.05,43.41],[16.73,43.34],[16.73,43.54],[16.58,43.6],[15.93,43.47],[16.01,43.6],[15.86,43.8],[15.7,43.8],[15.62,43.93],[15.37,43.86],[15.46,43.99],[15.22,44.06],[15.15,44.39],[14.91,44.58],[14.92,44.97],[14.52,45.1],[14.6,45.37],[14.2,45.37],[14.19,45.04],[13.95,45.04],[13.94,44.91],[13.78,44.91],[13.71,45.24],[13.54,45.3],[13.55,45.5],[13.71,45.5],[13.71,45.76],[13.14,45.82],[13.06,45.63],[12.82,45.69],[12.65,45.56],[12.16,45.5],[12.16,45.17],[12.4,45.04],[12.4,44.78],[12.16,44.84],[12.15,44.45],[12.31,44.19],[12.87,43.8],[13.04,43.86],[13.03,43.73],[13.36,43.67],[13.67,43.41],[13.75,43.08],[13.99,42.95],[13.9,42.76],[14.06,42.5],[14.61,42.11],[14.77,42.17],[14.77,42.04],[14.92,41.98],[15.17,42.04],[15.24,41.91],[16.12,41.91],[16.11,41.78],[15.87,41.72],[15.94,41.39],[17.2,41.0],[17.51,40.74],[17.98,40.61],[18.44,40.16],[18.35,39.9],[18.11,39.9],[17.81,40.36],[17.42,40.36],[17.35,40.55],[17.03,40.55],[16.87,40.48],[16.95,40.42],[16.86,40.29],[16.62,40.29],[16.7,40.1],[16.46,39.97],[16.45,39.64],[16.92,39.51],[17.07,39.38],[17.14,39.06],[16.5,38.8],[16.49,38.42],[15.93,37.96],[15.7,37.96],[15.62,38.16],[15.39,38.16],[15.07,37.64],[15.06,37.25],[15.21,37.19],[15.05,36.74],[14.66,36.74],[14.28,37.13],[13.58,37.25],[13.19,37.58],[12.49,37.71],[12.49,37.9],[12.65,38.09],[13.04,38.03],[13.12,38.16],[13.35,38.16],[13.67,37.96],[14.06,37.96],[15.86,38.29],[15.95,38.67],[16.27,38.74],[16.27,38.93],[16.12,39.06],[15.9,39.77],[15.67,39.9],[15.75,40.03],[15.43,40.03],[15.2,40.23],[15.04,40.23],[14.89,40.68],[14.42,40.68],[14.42,40.87],[14.1,40.87],[13.95,41.13],[13.79,41.13],[13.71,41.26],[13.0,41.33],[12.92,41.46],[12.6,41.52],[12.13,41.91],[12.13,42.04],[11.81,42.11],[11.65,42.37],[11.49,42.3],[11.42,42.43],[11.26,42.43],[11.18,42.63],[11.02,42.63],[11.02,42.82],[10.54,43.08],[10.21,43.99],[9.89,43.99],[9.97,44.12],[9.73,44.12],[9.16,44.45],[8.43,44.39],[8.03,43.93],[7.15,43.73],[6.99,43.54],[6.67,43.47],[6.52,43.21],[6.28,43.15],[5.8,43.15],[5.63,43.28],[5.39,43.28],[5.39,43.41],[5.06,43.47],[4.18,43.47],[4.17,43.6],[3.85,43.6],[3.62,43.41],[3.14,43.28],[2.98,43.15],[3.01,42.56],[3.18,42.37],[3.12,41.91],[2.57,41.59],[2.33,41.59],[2.11,41.33],[1.24,41.2],[0.7,40.94],[0.71,40.68],[0.47,40.61],[0.25,40.42],[0.18,40.16],[-0.2,39.97],[-0.35,39.71],[-0.32,39.19],[-0.31,39.13],[-0.72,39.32],[-1.07,39.9],[-1.47,40.03],[-1.64,40.23],[-1.96,40.23],[-2.61,40.48],[-3.57,40.68],[-4.36,40.68],[-5.01,40.81],[-6.26,41.52],[-6.13,41.85],[-5.9,41.98],[-5.85,42.24],[-5.77,42.24],[-5.73,42.76],[-5.65,42.76],[-2.68,42.63],[-2.53,42.76],[-2.28,42.63],[-2.13,42.82],[-1.81,42.76],[-1.01,42.89],[-0.98,42.95],[-1.02,42.95],[-1.02,43.02],[-0.94,43.02]],[[5.78,51.38],[5.86,51.58],[5.52,51.78],[4.33,51.71],[4.27,51.18],[4.7,51.05],[4.78,51.05],[5.2,51.05],[5.54,51.18],[5.53,51.31],[5.78,51.38]]],[[[-1.77,43.41],[-1.77,43.34],[-1.85,43.34],[-1.85,43.41],[-1.77,43.41]]],[[[9.82,40.74],[9.82,40.36],[9.67,40.29],[9.75,39.64],[9.67,39.64],[9.59,39.13],[9.12,39.19],[8.97,38.87],[8.73,38.87],[8.34,39.0],[8.41,39.26],[8.33,39.26],[8.33,39.51],[8.41,39.51],[8.48,39.9],[8.32,39.97],[8.4,40.29],[8.32,40.29],[8.32,40.48],[8.16,40.55],[8.15,40.94],[8.55,40.87],[9.02,41.26],[9.1,41.26],[9.5,41.2],[9.82,40.74]]],[[[9.57,42.76],[9.58,41.98],[9.5,41.98],[9.5,41.78],[9.26,41.39],[9.1,41.33],[8.78,41.52],[8.78,41.72],[8.62,41.72],[8.7,41.91],[8.54,42.11],[8.53,42.5],[8.77,42.69],[9.17,42.76],[9.25,43.02],[9.33,43.02],[9.49,43.02],[9.49,42.76],[9.57,42.76]]],[[[10.21,42.69],[10.13,42.89],[10.21,42.89],[10.46,42.89],[10.46,42.69],[10.21,42.69]]],[[[14.26,44.58],[14.27,44.97],[14.35,44.97],[14.51,44.91],[14.5,44.52],[14.26,44.58]]],[[[16.99,48.26],[16.99,48.19],[16.91,48.19],[16.91,48.26],[16.99,48.26]]],[[[16.91,48.32],[16.91,48.26],[16.83,48.26],[16.83,48.32],[16.91,48.32]]]]},"properties":{"id":"territory:Western Roman Empire:417","name":"서로마 제국","name_en":"Western Roman Empire","actor":"로마","valid_from":417,"valid_to":426,"wikidata":"Q42834","area":1558209,"src":"cliopatria","confidence":"medium"}},{"type":"Feature","geometry":{"type":"Point","coordinates":[7.191,45.557]},"properties":{"id":"territory:Western Roman Empire:417:label","name":"서로마 제국","name_en":"Western Roman Empire","actor":"로마","valid_from":417,"valid_to":426,"wikidata":"Q42834","area":1558209,"src":"cliopatria","confidence":"medium"}},{"type":"Feature","geometry":{"type":"MultiPolygon","coordinates":[[[[11.08,35.39],[11.01,35.39],[11.08,35.0],[10.85,34.94],[10.85,34.81],[10.54,34.55],[10.0,34.29],[10.08,34.23],[10.01,33.91],[10.24,33.71],[10.54,33.71],[10.7,33.52],[11.08,33.59],[11.16,33.2],[11.46,33.2],[12.23,32.81],[12.61,32.88],[12.53,32.75],[12.84,32.75],[12.84,32.88],[13.07,32.94],[13.3,32.94],[13.45,32.81],[13.76,32.88],[13.76,32.75],[14.07,32.75],[14.44,32.49],[14.67,32.56],[14.75,32.43],[15.21,32.36],[15.42,31.66],[15.58,31.59],[15.65,31.4],[16.18,31.21],[17.47,31.08],[18.0,30.89],[18.59,30.37],[18.9,30.37],[18.81,29.99],[18.28,30.05],[16.7,30.69],[15.49,30.95],[15.18,30.89],[15.19,31.08],[14.58,31.53],[14.59,31.66],[13.83,32.11],[13.3,32.24],[13.07,32.17],[13.07,32.3],[12.46,32.36],[11.77,32.3],[11.77,32.43],[11.54,32.43],[11.46,32.56],[11.31,32.49],[11.16,32.69],[10.39,33.01],[10.01,33.01],[10.08,33.14],[9.63,33.14],[9.55,33.33],[9.62,33.46],[9.32,33.59],[9.08,34.04],[8.93,34.04],[9.0,34.36],[8.93,34.36],[8.85,34.74],[8.46,34.87],[8.23,34.81],[7.99,35.07],[7.99,35.52],[7.91,35.52],[7.91,35.97],[7.83,35.97],[7.9,36.22],[7.59,36.61],[6.96,36.61],[6.89,36.48],[6.42,36.55],[6.35,36.42],[5.88,36.48],[5.65,36.35],[2.77,36.42],[2.32,36.22],[2.0,36.29],[2.01,36.16],[1.15,36.16],[1.01,36.03],[0.77,36.03],[0.48,35.64],[-0.29,35.58],[-1.04,35.07],[-1.2,35.13],[-1.35,35.0],[-1.81,34.94],[-1.88,34.81],[-2.81,34.94],[-5.28,34.94],[-5.81,34.81],[-6.11,34.61],[-6.24,34.36],[-6.16,34.23],[-6.31,34.23],[-6.6,33.97],[-6.59,33.84],[-6.81,33.71],[-6.73,33.59],[-7.18,33.52],[-7.47,33.26],[-7.88,33.52],[-7.13,33.84],[-7.06,33.97],[-6.9,33.91],[-6.61,34.16],[-6.7,34.29],[-6.47,34.36],[-6.48,34.49],[-6.26,34.68],[-6.2,34.94],[-6.29,35.07],[-6.13,35.0],[-5.95,35.71],[-5.57,35.84],[-5.34,35.84],[-5.24,35.52],[-4.75,35.19],[-3.13,35.19],[-2.98,35.26],[-2.99,35.45],[-2.84,35.45],[-2.82,35.13],[-2.66,35.07],[-1.89,35.07],[-1.59,35.26],[-1.36,35.26],[-1.14,35.45],[-1.22,35.64],[-1.07,35.58],[-0.92,35.71],[-0.53,35.71],[-0.46,35.84],[0.08,35.84],[0.38,36.22],[0.68,36.29],[0.68,36.42],[0.91,36.35],[1.22,36.55],[1.53,36.48],[2.38,36.67],[2.69,36.61],[2.84,36.74],[3.23,36.74],[3.46,36.87],[3.85,36.8],[4.24,36.93],[4.86,36.87],[5.1,36.67],[5.56,36.67],[5.64,36.8],[6.11,36.8],[6.1,36.93],[6.33,37.06],[6.8,36.87],[7.19,36.87],[7.35,37.06],[7.5,37.06],[7.74,36.87],[8.52,36.87],[8.9,37.13],[9.06,37.06],[9.37,37.25],[9.76,37.32],[9.99,37.19],[10.23,37.25],[10.23,37.06],[10.31,37.06],[10.23,36.8],[10.46,36.74],[11.01,37.0],[11.01,36.8],[10.46,36.42],[10.54,36.35],[10.46,35.9],[10.85,35.71],[10.85,35.64],[11.08,35.58],[11.08,35.39]]],[[[1.43,38.8],[1.27,38.8],[1.18,39.06],[1.26,39.13],[1.34,39.13],[1.65,39.13],[1.66,39.0],[1.43,38.8]]],[[[-0.31,39.13],[-0.24,39.13],[-0.23,39.06],[-0.31,39.06],[-0.31,39.13]]],[[[3.52,39.77],[3.3,39.32],[2.82,39.32],[2.66,39.51],[2.35,39.45],[2.34,39.64],[2.88,39.97],[2.96,39.97],[3.19,39.97],[3.2,39.84],[3.52,39.77]]],[[[3.83,39.9],[3.74,40.1],[3.82,40.1],[4.22,40.1],[4.3,39.84],[3.83,39.9]]],[[[-0.94,43.02],[-1.51,43.08],[-1.44,43.28],[-1.76,43.28],[-1.39,43.67],[-1.21,44.65],[-1.22,44.71],[-1.06,44.78],[0.3,43.8],[1.12,43.41],[1.6,43.54],[1.9,43.93],[1.89,44.19],[1.55,44.45],[1.39,44.45],[0.54,45.17],[0.37,45.17],[-0.23,45.69],[-0.39,45.69],[-1.09,46.28],[-1.25,46.28],[-1.33,46.28],[-1.67,46.35],[-2.19,46.81],[-2.14,47.14],[-2.23,47.27],[-2.56,47.27],[-2.58,47.47],[-2.83,47.47],[-2.77,47.73],[-2.12,47.86],[-1.64,48.13],[-1.65,49.25],[-1.91,49.38],[-2.03,49.78],[-1.36,49.78],[-1.25,49.45],[0.01,49.38],[-0.01,49.65],[0.22,49.85],[1.05,49.98],[1.45,50.25],[1.42,50.71],[1.66,51.05],[2.58,51.18],[2.74,51.31],[3.41,51.45],[3.4,51.65],[3.74,51.65],[3.65,51.78],[3.98,51.92],[4.06,52.12],[4.23,51.98],[4.57,51.98],[4.57,52.05],[5.93,51.98],[6.37,51.65],[6.54,51.65],[6.89,51.38],[7.41,50.51],[7.67,50.45],[7.67,50.31],[7.75,50.31],[7.68,49.91],[7.85,49.78],[7.85,49.65],[7.52,49.25],[7.53,48.99],[7.36,48.92],[7.28,48.92],[7.03,48.99],[7.37,48.85],[7.12,48.79],[7.2,48.79],[7.12,48.52],[7.63,48.39],[7.63,48.32],[7.56,47.6],[8.47,47.6],[8.55,47.73],[8.88,47.8],[8.96,48.06],[9.12,48.19],[10.03,48.52],[10.45,48.52],[10.94,48.79],[11.36,48.85],[11.69,49.12],[12.11,49.18],[12.61,48.99],[12.77,48.79],[13.52,48.65],[14.26,48.26],[14.67,48.26],[14.84,48.39],[15.5,48.19],[16.66,48.32],[16.9,48.13],[17.07,48.19],[17.07,48.06],[17.63,47.8],[18.63,47.86],[18.71,47.86],[19.19,47.47],[19.17,47.2],[18.84,47.07],[18.81,46.61],[19.05,46.41],[18.86,45.89],[18.78,45.89],[18.93,45.56],[18.92,45.5],[19.0,45.5],[19.0,45.37],[19.24,45.24],[19.89,45.24],[20.14,45.37],[20.29,45.17],[19.94,44.71],[19.84,44.32],[19.67,44.25],[19.66,44.06],[19.41,43.93],[19.47,43.6],[19.31,43.6],[19.3,43.41],[19.46,43.28],[19.11,42.82],[19.17,42.3],[19.01,42.24],[18.93,42.24],[18.85,42.37],[18.14,42.63],[17.83,42.89],[17.59,42.89],[17.51,42.76],[17.52,42.95],[17.36,42.95],[17.37,43.21],[17.12,43.15],[17.05,43.41],[16.73,43.34],[16.73,43.54],[16.58,43.6],[15.93,43.47],[16.01,43.6],[15.86,43.8],[15.7,43.8],[15.62,43.93],[15.37,43.86],[15.46,43.99],[15.22,44.06],[15.15,44.39],[14.91,44.58],[14.92,44.97],[14.52,45.1],[14.6,45.37],[14.2,45.37],[14.19,45.04],[13.95,45.04],[13.94,44.91],[13.78,44.91],[13.71,45.24],[13.54,45.3],[13.55,45.5],[13.71,45.5],[13.71,45.76],[13.14,45.82],[13.06,45.63],[12.82,45.69],[12.65,45.56],[12.16,45.5],[12.16,45.17],[12.4,45.04],[12.4,44.78],[12.16,44.84],[12.15,44.45],[12.31,44.19],[12.87,43.8],[13.04,43.86],[13.03,43.73],[13.36,43.67],[13.67,43.41],[13.75,43.08],[13.99,42.95],[13.9,42.76],[14.06,42.5],[14.61,42.11],[14.77,42.17],[14.77,42.04],[14.92,41.98],[15.17,42.04],[15.24,41.91],[16.12,41.91],[16.11,41.78],[15.87,41.72],[15.94,41.39],[17.2,41.0],[17.51,40.74],[17.98,40.61],[18.44,40.16],[18.35,39.9],[18.11,39.9],[17.81,40.36],[17.42,40.36],[17.35,40.55],[17.03,40.55],[16.87,40.48],[16.95,40.42],[16.86,40.29],[16.62,40.29],[16.7,40.1],[16.46,39.97],[16.45,39.64],[16.92,39.51],[17.07,39.38],[17.14,39.06],[16.5,38.8],[16.49,38.42],[15.93,37.96],[15.7,37.96],[15.62,38.16],[15.39,38.16],[15.07,37.64],[15.06,37.25],[15.21,37.19],[15.05,36.74],[14.66,36.74],[14.28,37.13],[13.58,37.25],[13.19,37.58],[12.49,37.71],[12.49,37.9],[12.65,38.09],[13.04,38.03],[13.12,38.16],[13.35,38.16],[13.67,37.96],[14.06,37.96],[15.86,38.29],[15.95,38.67],[16.27,38.74],[16.27,38.93],[16.12,39.06],[15.9,39.77],[15.67,39.9],[15.75,40.03],[15.43,40.03],[15.2,40.23],[15.04,40.23],[14.89,40.68],[14.42,40.68],[14.42,40.87],[14.1,40.87],[13.95,41.13],[13.79,41.13],[13.71,41.26],[13.0,41.33],[12.92,41.46],[12.6,41.52],[12.13,41.91],[12.13,42.04],[11.81,42.11],[11.65,42.37],[11.49,42.3],[11.42,42.43],[11.26,42.43],[11.18,42.63],[11.02,42.63],[11.02,42.82],[10.54,43.08],[10.21,43.99],[9.89,43.99],[9.97,44.12],[9.73,44.12],[9.16,44.45],[8.43,44.39],[8.03,43.93],[7.15,43.73],[6.99,43.54],[6.67,43.47],[6.52,43.21],[6.28,43.15],[5.8,43.15],[5.63,43.28],[5.39,43.28],[5.39,43.41],[5.06,43.47],[4.18,43.47],[4.17,43.6],[3.85,43.6],[3.62,43.41],[3.14,43.28],[2.98,43.15],[3.01,42.56],[3.18,42.37],[3.12,41.91],[2.57,41.59],[2.33,41.59],[2.11,41.33],[1.24,41.2],[0.7,40.94],[0.71,40.68],[0.47,40.61],[0.25,40.42],[0.18,40.16],[-0.2,39.97],[-0.35,39.71],[-0.32,39.19],[-0.31,39.13],[-0.72,39.32],[-1.07,39.9],[-1.47,40.03],[-1.64,40.23],[-1.96,40.23],[-2.61,40.48],[-3.57,40.68],[-4.36,40.68],[-5.01,40.81],[-6.26,41.52],[-6.13,41.85],[-5.9,41.98],[-5.85,42.24],[-5.77,42.24],[-5.73,42.76],[-5.65,42.76],[-2.68,42.63],[-2.53,42.76],[-2.28,42.63],[-2.13,42.82],[-1.81,42.76],[-1.01,42.89],[-0.98,42.95],[-1.02,42.95],[-1.02,43.02],[-0.94,43.02]],[[5.78,51.38],[5.86,51.58],[5.52,51.78],[4.33,51.71],[4.27,51.18],[4.7,51.05],[4.78,51.05],[5.2,51.05],[5.54,51.18],[5.53,51.31],[5.78,51.38]]],[[[-1.77,43.41],[-1.77,43.34],[-1.85,43.34],[-1.85,43.41],[-1.77,43.41]]],[[[9.82,40.36],[9.67,40.29],[9.75,39.64],[9.67,39.64],[9.59,39.13],[9.12,39.19],[8.97,38.87],[8.73,38.87],[8.34,39.0],[8.41,39.26],[8.33,39.26],[8.33,39.51],[8.41,39.51],[8.48,39.9],[8.32,39.97],[8.4,40.29],[8.32,40.29],[8.32,40.48],[8.16,40.55],[8.15,40.94],[8.55,40.87],[9.02,41.26],[9.1,41.26],[9.5,41.2],[9.82,40.74],[9.82,40.36]]],[[[9.57,42.76],[9.58,41.98],[9.5,41.98],[9.5,41.78],[9.26,41.39],[9.1,41.33],[8.78,41.52],[8.78,41.72],[8.62,41.72],[8.7,41.91],[8.54,42.11],[8.53,42.5],[8.77,42.69],[9.17,42.76],[9.25,43.02],[9.33,43.02],[9.49,43.02],[9.49,42.76],[9.57,42.76]]],[[[10.21,42.69],[10.13,42.89],[10.21,42.89],[10.46,42.89],[10.46,42.69],[10.21,42.69]]],[[[14.26,44.58],[14.27,44.97],[14.35,44.97],[14.51,44.91],[14.5,44.52],[14.26,44.58]]],[[[16.99,48.26],[16.99,48.19],[16.91,48.19],[16.91,48.26],[16.99,48.26]]],[[[16.91,48.32],[16.91,48.26],[16.83,48.26],[16.83,48.32],[16.91,48.32]]]]},"properties":{"id":"territory:Western Roman Empire:426","name":"서로마 제국","name_en":"Western Roman Empire","actor":"로마","valid_from":426,"valid_to":439,"wikidata":"Q42834","area":1558121,"src":"cliopatria","confidence":"medium"}},{"type":"Feature","geometry":{"type":"Point","coordinates":[7.192,45.556]},"properties":{"id":"territory:Western Roman Empire:426:label","name":"서로마 제국","name_en":"Western Roman Empire","actor":"로마","valid_from":426,"valid_to":439,"wikidata":"Q42834","area":1558121,"src":"cliopatria","confidence":"medium"}},{"type":"Feature","geometry":{"type":"MultiPolygon","coordinates":[[[[44.16,41.26],[44.24,41.26],[45.11,41.26],[45.3,41.0],[45.6,40.87],[45.46,40.55],[45.59,40.42],[46.2,40.29],[46.26,40.16],[46.48,40.1],[46.46,39.97],[46.77,39.97],[47.05,39.77],[47.04,39.71],[47.12,39.71],[46.56,39.19],[46.51,38.93],[46.34,38.87],[45.87,38.87],[45.29,39.13],[45.23,39.26],[44.99,39.26],[44.72,39.0],[44.7,38.42],[44.36,38.22],[44.31,37.9],[44.05,37.77],[44.03,37.64],[42.8,37.77],[42.51,37.9],[42.03,37.84],[41.97,37.96],[41.67,38.03],[41.12,38.03],[41.23,37.13],[40.44,37.06],[39.54,36.67],[38.61,36.74],[38.52,36.61],[36.87,36.42],[36.46,36.22],[36.27,35.9],[35.96,35.9],[35.96,35.97],[35.99,36.22],[35.85,36.35],[36.26,36.61],[36.29,36.8],[36.14,36.93],[36.06,36.87],[35.98,36.87],[36.09,37.13],[36.02,37.19],[36.37,37.51],[36.33,37.84],[36.5,37.96],[36.55,38.42],[36.83,38.74],[36.78,39.0],[36.87,39.13],[36.8,39.13],[36.92,39.45],[38.27,40.16],[38.93,40.29],[39.78,40.74],[40.1,40.74],[40.21,40.94],[40.29,40.94],[40.39,41.07],[40.54,41.0],[41.05,41.2],[41.16,41.39],[41.31,41.33],[41.58,41.52],[41.59,41.59],[41.91,41.59],[41.97,41.46],[42.44,41.46],[42.62,41.59],[42.86,41.59],[43.34,41.13],[43.99,41.2],[44.07,41.2],[44.15,41.2],[44.16,41.26]],[[38.65,37.06],[38.88,37.06],[38.91,37.25],[38.83,37.25],[38.67,37.25],[38.65,37.06]],[[36.05,36.1],[36.29,36.1],[36.3,36.22],[36.31,36.29],[36.07,36.29],[36.05,36.1]]],[[[44.7,43.67],[44.78,43.67],[44.76,43.6],[44.68,43.6],[44.7,43.67]]],[[[35.02,45.3],[36.42,45.43],[36.37,45.1],[35.88,45.04],[35.73,45.17],[35.41,45.17],[35.3,44.97],[34.38,44.78],[33.93,44.45],[33.52,44.45],[33.47,44.65],[33.55,44.65],[33.61,45.1],[32.92,45.43],[32.6,45.43],[33.04,45.69],[33.71,45.82],[33.74,46.02],[34.15,46.09],[34.54,45.96],[34.74,45.63],[34.82,45.63],[34.99,45.63],[35.02,45.3]]],[[[29.67,45.43],[29.66,45.37],[29.58,45.37],[29.58,45.43],[29.67,45.43]]],[[[53.1,46.02],[53.18,46.02],[53.17,45.96],[53.08,45.96],[53.1,46.02]]],[[[47.33,45.43],[47.29,45.24],[47.1,45.1],[47.04,44.84],[46.69,44.71],[46.63,44.45],[47.01,44.32],[47.34,43.99],[47.41,43.54],[46.92,43.54],[46.95,43.67],[46.75,43.86],[46.27,43.86],[46.29,43.99],[45.93,43.8],[45.61,43.8],[45.08,43.6],[44.79,43.73],[44.13,43.67],[44.08,43.8],[43.38,43.93],[43.4,44.06],[43.13,44.32],[43.15,44.45],[42.57,44.78],[41.33,44.65],[41.01,44.71],[40.32,44.45],[39.6,44.52],[38.75,44.25],[38.61,44.39],[38.22,44.45],[38.01,44.71],[37.53,44.71],[37.26,45.04],[36.78,45.1],[36.75,45.43],[36.91,45.43],[36.97,45.3],[37.7,45.3],[37.75,45.56],[37.59,45.63],[37.76,45.63],[37.89,45.96],[38.33,46.15],[38.37,46.35],[37.9,46.48],[37.84,46.61],[38.49,46.61],[38.62,46.87],[38.79,46.87],[38.89,47.01],[39.13,46.94],[39.27,47.27],[39.2,47.33],[38.68,47.2],[37.52,47.14],[37.17,47.01],[37.23,46.87],[36.91,46.94],[36.8,46.81],[35.63,46.68],[35.25,46.28],[34.76,46.28],[34.74,46.15],[34.08,46.15],[34.02,46.28],[33.61,46.28],[33.59,46.15],[32.95,46.22],[32.85,46.09],[32.68,46.09],[32.06,46.35],[31.82,46.35],[31.84,46.48],[32.16,46.48],[32.19,46.68],[32.03,46.74],[31.79,46.74],[31.61,46.61],[30.88,46.68],[30.3,45.96],[30.04,45.89],[29.86,45.69],[29.61,45.69],[29.59,45.5],[29.58,45.43],[29.1,45.43],[28.67,45.24],[28.35,45.3],[28.28,45.43],[27.87,45.37],[27.85,45.17],[28.0,45.04],[27.97,44.78],[27.8,44.71],[27.79,44.58],[27.94,44.52],[27.83,44.19],[27.49,44.06],[26.28,44.06],[25.85,43.73],[25.43,43.6],[24.88,43.73],[24.15,43.67],[23.6,43.86],[22.95,43.8],[22.89,44.12],[22.5,44.32],[22.52,44.52],[22.69,44.65],[21.95,44.52],[21.88,44.65],[21.41,44.84],[20.75,44.71],[20.52,44.91],[20.53,45.1],[20.29,45.17],[20.29,45.24],[20.21,45.24],[20.21,45.3],[20.13,45.3],[20.14,45.37],[20.06,45.37],[20.0,45.82],[20.08,45.82],[20.19,46.22],[20.59,46.22],[20.75,46.09],[21.24,46.09],[21.33,46.22],[21.49,46.22],[21.49,46.09],[21.74,46.15],[22.01,46.55],[22.03,46.81],[22.29,47.07],[22.22,47.2],[22.3,47.2],[22.31,47.4],[22.48,47.47],[22.67,47.73],[22.6,47.86],[22.95,48.19],[22.99,48.65],[22.83,48.79],[22.85,48.99],[22.69,49.05],[22.78,49.18],[22.62,49.25],[22.66,49.71],[23.65,50.45],[23.99,50.51],[24.01,50.71],[24.36,50.85],[25.48,51.05],[27.51,51.05],[27.91,50.91],[29.24,50.78],[29.76,50.85],[30.42,50.71],[31.44,50.25],[32.2,50.25],[33.42,50.51],[33.52,50.65],[33.45,50.71],[33.63,50.78],[33.96,50.71],[34.32,50.85],[34.52,51.05],[34.87,51.11],[34.81,51.25],[35.3,51.18],[35.68,51.38],[36.77,51.31],[36.83,51.18],[37.0,51.18],[36.88,51.05],[37.05,51.05],[37.41,50.71],[37.73,50.65],[38.13,50.11],[38.39,50.11],[38.26,49.91],[38.35,49.91],[38.5,49.38],[38.79,49.18],[38.77,49.05],[39.51,48.59],[42.45,48.72],[42.42,48.59],[43.0,48.59],[43.22,48.46],[44.96,48.46],[45.73,48.19],[46.34,47.6],[46.59,47.6],[46.64,47.47],[46.46,47.4],[46.43,47.27],[46.77,46.94],[46.93,46.94],[47.46,46.35],[47.7,46.35],[48.38,46.81],[48.71,46.81],[49.41,47.33],[49.58,47.33],[49.97,47.6],[52.02,47.86],[53.24,47.8],[53.68,47.6],[54.52,46.74],[54.48,46.28],[54.56,46.28],[54.29,45.56],[53.88,45.56],[53.67,45.37],[53.42,45.37],[53.06,45.56],[53.07,45.89],[53.25,45.96],[53.35,46.35],[53.27,46.35],[53.27,46.68],[53.19,46.68],[53.24,46.87],[53.11,47.01],[51.86,46.94],[51.81,47.07],[51.58,47.14],[50.84,47.14],[50.3,46.94],[49.99,46.68],[49.3,46.55],[49.06,46.22],[48.64,46.15],[48.59,45.96],[48.35,45.96],[48.06,45.76],[47.57,45.76],[47.46,45.63],[47.54,45.63],[47.52,45.56],[47.48,45.37],[47.33,45.43]]],[[[32.48,50.45],[32.56,50.45],[32.55,50.38],[32.47,50.38],[32.48,50.45]]]]},"properties":{"id":"territory:Huns:397","name":"훈족","name_en":"Huns","actor":"기타중립","valid_from":397,"valid_to":407,"wikidata":"Q45813","area":1444959,"src":"cliopatria","confidence":"medium"}},{"type":"Feature","geometry":{"type":"Point","coordinates":[34.232,47.365]},"properties":{"id":"territory:Huns:397:label","name":"훈족","name_en":"Huns","actor":"기타중립","valid_from":397,"valid_to":407,"wikidata":"Q45813","area":1444959,"src":"cliopatria","confidence":"medium"}},{"type":"Feature","geometry":{"type":"MultiPolygon","coordinates":[[[[11.08,35.39],[11.01,35.39],[11.08,35.0],[10.85,34.94],[10.85,34.81],[10.54,34.55],[10.0,34.29],[10.08,34.23],[10.01,33.91],[10.24,33.71],[10.54,33.71],[10.7,33.52],[11.08,33.59],[11.16,33.2],[11.46,33.2],[12.23,32.81],[12.61,32.88],[12.53,32.75],[12.84,32.75],[12.84,32.88],[13.07,32.94],[13.3,32.94],[13.45,32.81],[13.76,32.88],[13.76,32.75],[14.07,32.75],[14.44,32.49],[14.67,32.56],[14.75,32.43],[15.21,32.36],[15.42,31.66],[15.58,31.59],[15.65,31.4],[16.18,31.21],[17.47,31.08],[18.0,30.89],[18.59,30.37],[18.9,30.37],[18.81,29.99],[18.28,30.05],[16.7,30.69],[15.49,30.95],[15.18,30.89],[15.19,31.08],[14.58,31.53],[14.59,31.66],[13.83,32.11],[13.3,32.24],[13.07,32.17],[13.07,32.3],[12.46,32.36],[11.77,32.3],[11.77,32.43],[11.54,32.43],[11.46,32.56],[11.31,32.49],[11.16,32.69],[10.39,33.01],[10.01,33.01],[10.08,33.14],[9.63,33.14],[9.55,33.33],[9.62,33.46],[9.32,33.59],[9.08,34.04],[8.93,34.04],[9.0,34.36],[8.93,34.36],[8.85,34.74],[8.46,34.87],[8.23,34.81],[7.99,35.07],[7.82,36.29],[7.82,36.35],[9.14,36.35],[9.53,36.48],[10.23,36.42],[10.38,36.61],[10.38,36.8],[10.46,36.8],[10.54,36.74],[10.85,37.0],[11.01,37.0],[11.01,36.8],[10.46,36.42],[10.54,36.35],[10.46,35.9],[10.7,35.71],[10.85,35.77],[10.85,35.64],[10.93,35.64],[11.08,35.58],[11.08,35.39]]],[[[9.82,40.74],[9.82,40.36],[9.67,40.29],[9.75,39.64],[9.67,39.64],[9.59,39.13],[9.12,39.19],[8.97,38.87],[8.73,38.87],[8.34,39.0],[8.41,39.26],[8.33,39.26],[8.33,39.51],[8.41,39.51],[8.48,39.9],[8.32,39.97],[8.4,40.29],[8.32,40.29],[8.32,40.48],[8.16,40.55],[8.15,40.94],[8.55,40.87],[9.02,41.26],[9.1,41.26],[9.5,41.2],[9.82,40.74]]],[[[9.49,42.76],[9.57,42.76],[9.58,41.98],[9.5,41.98],[9.5,41.78],[9.26,41.39],[9.1,41.33],[8.78,41.52],[8.78,41.72],[8.62,41.72],[8.7,41.91],[8.54,42.11],[8.53,42.5],[8.77,42.69],[9.17,42.76],[9.25,43.02],[9.33,43.02],[9.49,43.02],[9.49,42.76]]],[[[10.46,42.69],[10.21,42.69],[10.13,42.89],[10.21,42.89],[10.46,42.89],[10.46,42.69]]],[[[-1.85,43.41],[-1.77,43.41],[-1.77,43.34],[-1.85,43.34],[-1.85,43.41]]],[[[8.36,49.45],[8.27,49.45],[8.28,49.18],[8.11,49.05],[8.12,48.85],[7.79,48.65],[7.71,48.32],[7.63,48.32],[7.63,47.99],[7.55,47.99],[7.64,47.53],[8.47,47.6],[8.55,47.73],[8.88,47.8],[8.96,48.06],[9.12,48.19],[11.19,48.79],[11.86,49.18],[12.61,48.99],[12.94,48.72],[13.52,48.65],[14.26,48.26],[14.67,48.26],[14.84,48.39],[15.5,48.19],[16.66,48.32],[16.9,48.13],[17.07,48.19],[17.07,48.06],[17.63,47.8],[18.63,47.86],[18.71,47.86],[19.19,47.47],[19.17,47.2],[18.84,47.07],[18.81,46.61],[19.05,46.41],[18.86,45.89],[18.78,45.89],[18.93,45.56],[18.92,45.5],[19.0,45.5],[19.0,45.37],[19.24,45.24],[19.89,45.24],[20.14,45.37],[20.29,45.17],[19.94,44.71],[19.84,44.32],[19.67,44.25],[19.66,44.06],[19.41,43.93],[19.47,43.6],[19.31,43.6],[19.3,43.41],[19.46,43.28],[19.11,42.82],[19.17,42.3],[19.01,42.24],[18.93,42.24],[18.85,42.37],[18.14,42.63],[17.83,42.89],[17.59,42.89],[17.51,42.76],[17.52,42.95],[17.36,42.95],[17.37,43.21],[17.12,43.15],[17.05,43.41],[16.73,43.34],[16.73,43.54],[16.58,43.6],[15.93,43.47],[16.01,43.6],[15.86,43.8],[15.7,43.8],[15.62,43.93],[15.37,43.86],[15.46,43.99],[15.22,44.06],[15.15,44.39],[14.91,44.58],[14.92,44.97],[14.52,45.1],[14.6,45.37],[14.2,45.37],[14.19,45.04],[13.95,45.04],[13.94,44.91],[13.78,44.91],[13.71,45.24],[13.54,45.3],[13.55,45.5],[13.71,45.5],[13.71,45.76],[13.14,45.82],[13.06,45.63],[12.82,45.69],[12.65,45.56],[12.16,45.5],[12.16,45.17],[12.4,45.04],[12.4,44.78],[12.16,44.84],[12.15,44.45],[12.31,44.19],[12.87,43.8],[13.04,43.86],[13.03,43.73],[13.36,43.67],[13.67,43.41],[13.75,43.08],[13.99,42.95],[13.9,42.76],[14.06,42.5],[14.61,42.11],[14.77,42.17],[14.77,42.04],[14.92,41.98],[15.17,42.04],[15.24,41.91],[16.12,41.91],[16.11,41.78],[15.87,41.72],[15.94,41.39],[17.2,41.0],[17.51,40.74],[17.98,40.61],[18.44,40.16],[18.35,39.9],[18.11,39.9],[17.81,40.36],[17.42,40.36],[17.35,40.55],[17.03,40.55],[16.87,40.48],[16.95,40.42],[16.86,40.29],[16.62,40.29],[16.7,40.1],[16.46,39.97],[16.45,39.64],[16.92,39.51],[17.07,39.38],[17.14,39.06],[16.5,38.8],[16.49,38.42],[15.93,37.96],[15.7,37.96],[15.62,38.16],[15.39,38.16],[15.07,37.64],[15.06,37.25],[15.21,37.19],[15.05,36.74],[14.66,36.74],[14.28,37.13],[13.58,37.25],[13.19,37.58],[12.49,37.71],[12.49,37.9],[12.65,38.09],[13.04,38.03],[13.12,38.16],[13.35,38.16],[13.67,37.96],[14.06,37.96],[15.86,38.29],[15.95,38.67],[16.27,38.74],[16.27,38.93],[16.12,39.06],[15.9,39.77],[15.67,39.9],[15.75,40.03],[15.43,40.03],[15.2,40.23],[15.04,40.23],[14.89,40.68],[14.42,40.68],[14.42,40.87],[14.1,40.87],[13.95,41.13],[13.79,41.13],[13.71,41.26],[13.0,41.33],[12.92,41.46],[12.6,41.52],[12.13,41.91],[12.13,42.04],[11.81,42.11],[11.65,42.37],[11.49,42.3],[11.42,42.43],[11.26,42.43],[11.18,42.63],[11.02,42.63],[11.02,42.82],[10.54,43.08],[10.21,43.99],[9.89,43.99],[9.97,44.12],[9.73,44.12],[9.16,44.45],[8.43,44.39],[8.03,43.93],[7.15,43.73],[6.99,43.54],[6.67,43.47],[6.52,43.21],[6.28,43.15],[5.8,43.15],[5.63,43.28],[5.39,43.28],[5.39,43.41],[5.06,43.47],[4.18,43.47],[4.17,43.6],[3.85,43.6],[3.62,43.41],[3.14,43.28],[2.98,43.15],[3.01,42.56],[3.18,42.37],[3.12,41.91],[2.57,41.59],[2.33,41.59],[2.11,41.33],[1.24,41.2],[0.7,40.94],[0.71,40.68],[0.25,40.42],[0.18,40.16],[-0.85,40.23],[-1.32,40.1],[-1.56,40.23],[-2.44,40.36],[-2.85,40.55],[-3.08,40.48],[-3.57,40.68],[-3.88,40.61],[-4.76,40.74],[-5.5,41.07],[-5.58,41.07],[-5.93,41.39],[-6.17,41.46],[-6.2,41.72],[-5.77,42.24],[-5.73,42.76],[-5.65,42.76],[-2.68,42.63],[-2.53,42.76],[-2.28,42.63],[-2.13,42.82],[-1.81,42.76],[-1.33,42.82],[-1.26,42.95],[-0.94,42.95],[-1.11,43.08],[-1.42,43.02],[-1.52,43.21],[-1.44,43.28],[-1.76,43.28],[-1.39,43.67],[-1.21,44.65],[-1.22,44.71],[-1.06,44.78],[0.3,43.8],[1.12,43.41],[1.6,43.54],[1.9,43.93],[1.89,44.19],[1.55,44.45],[1.39,44.45],[0.54,45.17],[0.37,45.17],[-0.23,45.69],[-0.39,45.69],[-1.09,46.28],[-1.25,46.28],[-1.33,46.28],[-1.67,46.35],[-2.01,46.61],[-2.02,46.74],[-2.19,46.81],[-2.14,47.14],[-2.23,47.27],[-2.56,47.27],[-2.58,47.47],[-2.83,47.53],[-2.84,47.6],[-2.45,47.86],[-1.8,47.99],[-1.65,48.19],[-1.65,48.26],[-1.67,48.46],[-1.51,48.52],[-1.6,48.65],[-1.61,48.72],[-1.72,49.05],[-1.64,49.05],[-1.65,49.25],[-1.91,49.38],[-2.03,49.78],[-1.36,49.78],[-1.25,49.45],[0.01,49.38],[-0.01,49.65],[0.22,49.85],[1.05,49.98],[1.37,50.25],[1.45,50.25],[1.97,50.11],[3.14,50.11],[4.15,49.98],[4.32,50.11],[4.31,50.25],[4.64,50.38],[4.64,50.51],[4.97,50.58],[5.05,50.71],[5.81,50.71],[5.89,50.71],[5.97,50.78],[5.96,51.18],[6.2,51.51],[6.71,51.51],[6.89,51.38],[7.06,50.98],[7.24,50.91],[7.24,50.71],[7.75,50.31],[7.68,49.91],[8.18,49.85],[8.18,49.78],[8.35,49.65],[8.36,49.45]]],[[[14.5,44.52],[14.26,44.58],[14.27,44.97],[14.35,44.97],[14.51,44.91],[14.5,44.52]]],[[[16.99,48.26],[16.99,48.19],[16.91,48.19],[16.91,48.26],[16.99,48.26]]],[[[16.91,48.32],[16.91,48.26],[16.83,48.26],[16.83,48.32],[16.91,48.32]]]]},"properties":{"id":"territory:Western Roman Empire:439","name":"서로마 제국","name_en":"Western Roman Empire","actor":"로마","valid_from":439,"valid_to":441,"wikidata":"Q42834","area":1431933,"src":"cliopatria","confidence":"medium"}},{"type":"Feature","geometry":{"type":"Point","coordinates":[7.368,45.369]},"properties":{"id":"territory:Western Roman Empire:439:label","name":"서로마 제국","name_en":"Western Roman Empire","actor":"로마","valid_from":439,"valid_to":441,"wikidata":"Q42834","area":1431933,"src":"cliopatria","confidence":"medium"}},{"type":"Feature","geometry":{"type":"MultiPolygon","coordinates":[[[[11.08,35.39],[11.01,35.39],[11.08,35.0],[10.85,34.94],[10.85,34.81],[10.54,34.55],[10.0,34.29],[10.08,34.23],[10.01,33.91],[10.24,33.71],[10.54,33.71],[10.7,33.52],[11.08,33.59],[11.16,33.2],[11.46,33.2],[12.23,32.81],[12.61,32.88],[12.53,32.75],[12.84,32.75],[12.84,32.88],[13.07,32.94],[13.3,32.94],[13.45,32.81],[13.76,32.88],[13.76,32.75],[14.07,32.75],[14.44,32.49],[14.67,32.56],[14.75,32.43],[15.21,32.36],[15.42,31.66],[15.58,31.59],[15.65,31.4],[16.18,31.21],[17.47,31.08],[18.0,30.89],[18.59,30.37],[18.9,30.37],[18.81,29.99],[18.28,30.05],[16.7,30.69],[15.49,30.95],[15.18,30.89],[15.19,31.08],[14.58,31.53],[14.59,31.66],[13.83,32.11],[13.3,32.24],[13.07,32.17],[13.07,32.3],[12.46,32.36],[11.77,32.3],[11.77,32.43],[11.54,32.43],[11.46,32.56],[11.31,32.49],[11.16,32.69],[10.39,33.01],[10.01,33.01],[10.08,33.14],[9.63,33.14],[9.55,33.33],[9.62,33.46],[9.32,33.59],[9.08,34.04],[8.93,34.04],[9.0,34.36],[8.93,34.36],[8.85,34.74],[8.46,34.87],[8.23,34.81],[7.99,35.07],[7.82,36.29],[7.82,36.35],[9.14,36.35],[9.53,36.48],[10.23,36.42],[10.38,36.61],[10.38,36.8],[10.46,36.8],[10.54,36.74],[10.85,37.0],[11.01,37.0],[11.01,36.8],[10.46,36.42],[10.54,36.35],[10.46,35.9],[10.7,35.71],[10.85,35.77],[10.85,35.64],[10.93,35.64],[11.08,35.58],[11.08,35.39]]],[[[9.82,40.74],[9.82,40.36],[9.67,40.29],[9.75,39.64],[9.67,39.64],[9.59,39.13],[9.12,39.19],[8.97,38.87],[8.73,38.87],[8.34,39.0],[8.41,39.26],[8.33,39.26],[8.33,39.51],[8.41,39.51],[8.48,39.9],[8.32,39.97],[8.4,40.29],[8.32,40.29],[8.32,40.48],[8.16,40.55],[8.15,40.94],[8.55,40.87],[9.02,41.26],[9.1,41.26],[9.5,41.2],[9.82,40.74]]],[[[9.49,42.76],[9.57,42.76],[9.58,41.98],[9.5,41.98],[9.5,41.78],[9.26,41.39],[9.1,41.33],[8.78,41.52],[8.78,41.72],[8.62,41.72],[8.7,41.91],[8.54,42.11],[8.53,42.5],[8.77,42.69],[9.17,42.76],[9.25,43.02],[9.33,43.02],[9.49,43.02],[9.49,42.76]]],[[[10.46,42.69],[10.21,42.69],[10.13,42.89],[10.21,42.89],[10.46,42.89],[10.46,42.69]]],[[[-1.85,43.41],[-1.77,43.41],[-1.77,43.34],[-1.85,43.34],[-1.85,43.41]]],[[[8.36,49.45],[8.27,49.45],[8.28,49.18],[8.11,49.05],[8.12,48.85],[7.79,48.65],[7.71,48.32],[7.63,48.32],[7.63,47.99],[7.55,47.99],[7.64,47.53],[8.47,47.6],[8.55,47.73],[8.88,47.8],[8.96,48.06],[9.12,48.19],[11.19,48.79],[11.86,49.18],[12.61,48.99],[12.94,48.72],[13.52,48.65],[14.26,48.26],[14.67,48.26],[14.84,48.39],[15.5,48.19],[16.66,48.32],[16.9,48.13],[17.07,48.19],[17.07,48.06],[17.63,47.8],[18.63,47.86],[18.71,47.86],[19.19,47.47],[19.17,47.2],[18.84,47.07],[18.81,46.61],[19.05,46.41],[18.86,45.89],[18.78,45.89],[18.93,45.56],[18.92,45.5],[19.0,45.5],[19.0,45.37],[19.24,45.24],[19.89,45.24],[20.14,45.37],[20.29,45.24],[20.11,44.91],[19.94,44.71],[19.84,44.32],[19.67,44.25],[19.66,44.06],[19.41,43.93],[19.47,43.6],[19.31,43.6],[19.3,43.41],[19.46,43.28],[19.11,42.82],[19.17,42.3],[19.01,42.24],[18.93,42.24],[18.85,42.37],[18.14,42.63],[17.83,42.89],[17.59,42.89],[17.51,42.76],[17.52,42.95],[17.36,42.95],[17.37,43.21],[17.12,43.15],[17.05,43.41],[16.73,43.34],[16.73,43.54],[16.58,43.6],[15.93,43.47],[16.01,43.6],[15.86,43.8],[15.7,43.8],[15.62,43.93],[15.37,43.86],[15.46,43.99],[15.22,44.06],[15.15,44.39],[14.91,44.58],[14.92,44.97],[14.52,45.1],[14.6,45.37],[14.2,45.37],[14.19,45.04],[13.95,45.04],[13.94,44.91],[13.78,44.91],[13.71,45.24],[13.54,45.3],[13.55,45.5],[13.71,45.5],[13.71,45.76],[13.14,45.82],[13.06,45.63],[12.82,45.69],[12.65,45.56],[12.16,45.5],[12.16,45.17],[12.4,45.04],[12.4,44.78],[12.16,44.84],[12.15,44.45],[12.31,44.19],[12.87,43.8],[13.04,43.86],[13.03,43.73],[13.36,43.67],[13.67,43.41],[13.75,43.08],[13.99,42.95],[13.9,42.76],[14.06,42.5],[14.61,42.11],[14.77,42.17],[14.77,42.04],[14.92,41.98],[15.17,42.04],[15.24,41.91],[16.12,41.91],[16.11,41.78],[15.87,41.72],[15.94,41.39],[17.2,41.0],[17.51,40.74],[17.98,40.61],[18.44,40.16],[18.35,39.9],[18.11,39.9],[17.81,40.36],[17.42,40.36],[17.35,40.55],[17.03,40.55],[16.87,40.48],[16.95,40.42],[16.86,40.29],[16.62,40.29],[16.7,40.1],[16.46,39.97],[16.45,39.64],[16.92,39.51],[17.07,39.38],[17.14,39.06],[16.5,38.8],[16.49,38.42],[15.93,37.96],[15.7,37.96],[15.63,38.29],[15.94,38.35],[15.95,38.67],[16.27,38.74],[16.27,38.93],[16.12,39.06],[15.9,39.77],[15.67,39.9],[15.75,40.03],[15.43,40.03],[15.2,40.23],[15.04,40.23],[14.89,40.68],[14.42,40.68],[14.42,40.87],[14.1,40.87],[13.95,41.13],[13.79,41.13],[13.71,41.26],[13.0,41.33],[12.92,41.46],[12.6,41.52],[12.13,41.91],[12.13,42.04],[11.81,42.11],[11.65,42.37],[11.49,42.3],[11.42,42.43],[11.26,42.43],[11.18,42.63],[11.02,42.63],[11.02,42.82],[10.54,43.08],[10.21,43.99],[9.89,43.99],[9.97,44.12],[9.73,44.12],[9.16,44.45],[8.43,44.39],[8.03,43.93],[7.15,43.73],[6.99,43.54],[6.67,43.47],[6.52,43.21],[6.28,43.15],[5.8,43.15],[5.63,43.28],[5.39,43.28],[5.39,43.41],[5.06,43.47],[4.18,43.47],[4.17,43.6],[3.85,43.6],[3.62,43.41],[3.14,43.28],[2.98,43.15],[3.01,42.56],[3.18,42.37],[3.12,41.91],[2.57,41.59],[2.33,41.59],[2.11,41.33],[1.24,41.2],[0.7,40.94],[0.71,40.68],[0.25,40.42],[0.18,40.16],[-0.85,40.23],[-1.32,40.1],[-1.56,40.23],[-2.44,40.36],[-2.85,40.55],[-3.08,40.48],[-3.57,40.68],[-3.88,40.61],[-4.76,40.74],[-5.5,41.07],[-5.58,41.07],[-5.93,41.39],[-6.17,41.46],[-6.2,41.72],[-5.77,42.24],[-5.73,42.76],[-5.65,42.76],[-2.68,42.63],[-2.53,42.76],[-2.28,42.63],[-2.13,42.82],[-1.81,42.76],[-1.33,42.82],[-1.26,42.95],[-0.94,42.95],[-1.11,43.08],[-1.42,43.02],[-1.52,43.21],[-1.44,43.28],[-1.76,43.28],[-1.39,43.67],[-1.21,44.65],[-1.22,44.71],[-1.06,44.78],[0.3,43.8],[1.12,43.41],[1.6,43.54],[1.9,43.93],[1.89,44.19],[1.55,44.45],[1.39,44.45],[0.54,45.17],[0.37,45.17],[-0.23,45.69],[-0.39,45.69],[-1.09,46.28],[-1.25,46.28],[-1.33,46.28],[-1.67,46.35],[-2.01,46.61],[-2.02,46.74],[-2.19,46.81],[-2.14,47.14],[-2.23,47.27],[-2.56,47.27],[-2.58,47.47],[-2.83,47.53],[-2.84,47.6],[-2.45,47.86],[-1.8,47.99],[-1.65,48.19],[-1.65,48.26],[-1.67,48.46],[-1.51,48.52],[-1.6,48.65],[-1.61,48.72],[-1.72,49.05],[-1.64,49.05],[-1.65,49.25],[-1.91,49.38],[-2.03,49.78],[-1.36,49.78],[-1.25,49.45],[0.01,49.38],[-0.01,49.65],[0.22,49.85],[1.05,49.98],[1.37,50.25],[1.45,50.25],[1.97,50.11],[3.14,50.11],[4.15,49.98],[4.32,50.11],[4.31,50.25],[4.64,50.38],[4.64,50.51],[4.97,50.58],[5.05,50.71],[5.81,50.71],[5.89,50.71],[5.97,50.78],[5.96,51.18],[6.2,51.51],[6.71,51.51],[6.89,51.38],[7.06,50.98],[7.24,50.91],[7.24,50.71],[7.75,50.31],[7.68,49.91],[8.18,49.85],[8.18,49.78],[8.35,49.65],[8.36,49.45]]],[[[14.5,44.52],[14.26,44.58],[14.27,44.97],[14.35,44.97],[14.51,44.91],[14.5,44.52]]],[[[16.99,48.26],[16.99,48.19],[16.91,48.19],[16.91,48.26],[16.99,48.26]]],[[[16.91,48.32],[16.91,48.26],[16.83,48.26],[16.83,48.32],[16.91,48.32]]]]},"properties":{"id":"territory:Western Roman Empire:441","name":"서로마 제국","name_en":"Western Roman Empire","actor":"로마","valid_from":441,"valid_to":443,"wikidata":"Q42834","area":1410095,"src":"cliopatria","confidence":"medium"}},{"type":"Feature","geometry":{"type":"Point","coordinates":[7.263,45.49]},"properties":{"id":"territory:Western Roman Empire:441:label","name":"서로마 제국","name_en":"Western Roman Empire","actor":"로마","valid_from":441,"valid_to":443,"wikidata":"Q42834","area":1410095,"src":"cliopatria","confidence":"medium"}},{"type":"Feature","geometry":{"type":"MultiPolygon","coordinates":[[[[9.82,40.74],[9.82,40.36],[9.67,40.29],[9.75,39.64],[9.67,39.64],[9.59,39.13],[9.12,39.19],[8.97,38.87],[8.73,38.87],[8.34,39.0],[8.41,39.26],[8.33,39.26],[8.33,39.51],[8.41,39.51],[8.48,39.9],[8.32,39.97],[8.4,40.29],[8.32,40.29],[8.32,40.48],[8.16,40.55],[8.15,40.94],[8.55,40.87],[9.02,41.26],[9.1,41.26],[9.5,41.2],[9.82,40.74]]],[[[9.49,42.76],[9.57,42.76],[9.58,41.98],[9.5,41.98],[9.5,41.78],[9.26,41.39],[9.1,41.33],[8.78,41.52],[8.78,41.72],[8.62,41.72],[8.7,41.91],[8.54,42.11],[8.53,42.5],[8.77,42.69],[9.17,42.76],[9.25,43.02],[9.33,43.02],[9.49,43.02],[9.49,42.76]]],[[[-1.85,43.41],[-1.77,43.41],[-1.77,43.34],[-1.85,43.34],[-1.85,43.41]]],[[[8.27,49.45],[8.28,49.18],[8.11,49.05],[8.12,48.85],[7.79,48.65],[7.71,48.32],[7.63,48.32],[7.63,47.99],[7.55,47.99],[7.64,47.53],[8.47,47.6],[8.55,47.73],[8.88,47.8],[8.96,48.06],[9.12,48.19],[11.19,48.79],[11.86,49.18],[12.61,48.99],[12.94,48.72],[13.52,48.65],[14.26,48.26],[14.67,48.26],[14.84,48.39],[15.5,48.19],[16.66,48.32],[16.9,48.13],[17.07,48.19],[17.07,48.06],[17.63,47.8],[18.63,47.86],[18.71,47.86],[19.19,47.47],[19.17,47.2],[18.84,47.07],[18.81,46.61],[19.05,46.41],[18.86,45.89],[18.78,45.89],[18.93,45.56],[18.92,45.5],[19.0,45.5],[19.0,45.37],[19.24,45.24],[19.89,45.24],[20.14,45.37],[20.29,45.24],[20.11,44.91],[19.94,44.71],[19.84,44.32],[19.67,44.25],[19.66,44.06],[19.41,43.93],[19.47,43.6],[19.31,43.6],[19.3,43.41],[19.46,43.28],[19.11,42.82],[19.17,42.3],[19.01,42.24],[18.93,42.24],[18.85,42.37],[18.14,42.63],[17.83,42.89],[17.59,42.89],[17.51,42.76],[17.52,42.95],[17.36,42.95],[17.37,43.21],[17.12,43.15],[17.05,43.41],[16.73,43.34],[16.73,43.54],[16.58,43.6],[15.93,43.47],[16.01,43.6],[15.86,43.8],[15.7,43.8],[15.62,43.93],[15.37,43.86],[15.46,43.99],[15.22,44.06],[15.15,44.39],[14.91,44.58],[14.92,44.97],[14.52,45.1],[14.6,45.37],[14.2,45.37],[14.19,45.04],[13.95,45.04],[13.94,44.91],[13.78,44.91],[13.71,45.24],[13.54,45.3],[13.55,45.5],[13.71,45.5],[13.71,45.76],[13.14,45.82],[13.06,45.63],[12.82,45.69],[12.65,45.56],[12.16,45.5],[12.16,45.17],[12.4,45.04],[12.4,44.78],[12.16,44.84],[12.15,44.45],[12.31,44.19],[12.87,43.8],[13.04,43.86],[13.03,43.73],[13.36,43.67],[13.67,43.41],[13.75,43.08],[13.99,42.95],[13.9,42.76],[14.06,42.5],[14.61,42.11],[14.77,42.17],[14.77,42.04],[14.92,41.98],[15.17,42.04],[15.24,41.91],[16.12,41.91],[16.11,41.78],[15.87,41.72],[15.94,41.39],[17.2,41.0],[17.51,40.74],[17.98,40.61],[18.44,40.16],[18.35,39.9],[18.11,39.9],[17.81,40.36],[17.42,40.36],[17.35,40.55],[17.03,40.55],[16.87,40.48],[16.95,40.42],[16.86,40.29],[16.62,40.29],[16.7,40.1],[16.46,39.97],[16.45,39.64],[16.92,39.51],[17.07,39.38],[17.14,39.06],[16.5,38.8],[16.49,38.42],[15.93,37.96],[15.7,37.96],[15.63,38.29],[15.94,38.35],[15.95,38.67],[16.27,38.74],[16.27,38.93],[16.12,39.06],[15.9,39.77],[15.67,39.9],[15.75,40.03],[15.43,40.03],[15.2,40.23],[15.04,40.23],[14.89,40.68],[14.42,40.68],[14.42,40.87],[14.1,40.87],[13.95,41.13],[13.79,41.13],[13.71,41.26],[13.0,41.33],[12.92,41.46],[12.6,41.52],[12.13,41.91],[12.13,42.04],[11.81,42.11],[11.65,42.37],[11.49,42.3],[11.42,42.43],[11.26,42.43],[11.18,42.63],[11.02,42.63],[11.02,42.82],[10.54,43.08],[10.21,43.99],[9.89,43.99],[9.97,44.12],[9.73,44.12],[9.16,44.45],[8.43,44.39],[8.03,43.93],[7.15,43.73],[6.99,43.54],[6.67,43.47],[6.52,43.21],[6.28,43.15],[5.8,43.15],[5.63,43.28],[5.39,43.28],[5.39,43.41],[5.06,43.47],[4.18,43.47],[4.17,43.6],[3.85,43.6],[3.62,43.41],[3.14,43.28],[2.98,43.15],[3.01,42.56],[3.18,42.37],[3.12,41.91],[2.57,41.59],[2.33,41.59],[2.11,41.33],[1.24,41.2],[0.7,40.94],[0.71,40.68],[0.25,40.42],[0.18,40.16],[-0.85,40.23],[-1.32,40.1],[-1.56,40.23],[-2.44,40.36],[-2.85,40.55],[-3.08,40.48],[-3.57,40.68],[-3.88,40.61],[-4.76,40.74],[-5.5,41.07],[-5.58,41.07],[-5.93,41.39],[-6.17,41.46],[-6.2,41.72],[-5.77,42.24],[-5.73,42.76],[-5.65,42.76],[-2.68,42.63],[-2.53,42.76],[-2.28,42.63],[-2.13,42.82],[-1.81,42.76],[-1.33,42.82],[-1.26,42.95],[-0.94,42.95],[-1.11,43.08],[-1.42,43.02],[-1.52,43.21],[-1.44,43.28],[-1.76,43.28],[-1.39,43.67],[-1.21,44.65],[-1.22,44.71],[-1.06,44.78],[0.3,43.8],[1.12,43.41],[1.6,43.54],[1.9,43.93],[1.89,44.19],[1.55,44.45],[1.39,44.45],[0.54,45.17],[0.37,45.17],[-0.23,45.69],[-0.39,45.69],[-1.09,46.28],[-1.25,46.28],[-1.33,46.28],[-1.67,46.35],[-2.01,46.61],[-2.02,46.74],[-2.19,46.81],[-2.14,47.14],[-2.23,47.27],[-2.56,47.27],[-2.58,47.47],[-2.83,47.53],[-2.84,47.6],[-2.45,47.86],[-1.8,47.99],[-1.65,48.19],[-1.65,48.26],[-1.67,48.46],[-1.51,48.52],[-1.6,48.65],[-1.61,48.72],[-1.72,49.05],[-1.64,49.05],[-1.65,49.25],[-1.91,49.38],[-2.03,49.78],[-1.36,49.78],[-1.25,49.45],[0.01,49.38],[-0.01,49.65],[0.22,49.85],[1.05,49.98],[1.37,50.25],[1.45,50.25],[1.97,50.11],[3.14,50.11],[4.15,49.98],[4.32,50.11],[4.31,50.25],[4.64,50.38],[4.64,50.51],[4.97,50.58],[5.05,50.71],[5.81,50.71],[5.89,50.71],[5.97,50.78],[5.96,51.18],[6.2,51.51],[6.71,51.51],[6.89,51.38],[7.06,50.98],[7.24,50.91],[7.24,50.71],[7.75,50.31],[7.68,49.91],[8.18,49.85],[8.18,49.78],[8.35,49.65],[8.36,49.45],[8.27,49.45]]],[[[10.21,42.69],[10.13,42.89],[10.21,42.89],[10.46,42.89],[10.46,42.69],[10.21,42.69]]],[[[14.26,44.58],[14.27,44.97],[14.35,44.97],[14.51,44.91],[14.5,44.52],[14.26,44.58]]],[[[16.99,48.26],[16.99,48.19],[16.91,48.19],[16.91,48.26],[16.99,48.26]]],[[[16.91,48.32],[16.91,48.26],[16.83,48.26],[16.83,48.32],[16.91,48.32]]]]},"properties":{"id":"territory:Western Roman Empire:443","name":"서로마 제국","name_en":"Western Roman Empire","actor":"로마","valid_from":443,"valid_to":451,"wikidata":"Q42834","area":1284072,"src":"cliopatria","confidence":"medium"}},{"type":"Feature","geometry":{"type":"Point","coordinates":[7.263,45.49]},"properties":{"id":"territory:Western Roman Empire:443:label","name":"서로마 제국","name_en":"Western Roman Empire","actor":"로마","valid_from":443,"valid_to":451,"wikidata":"Q42834","area":1284072,"src":"cliopatria","confidence":"medium"}},{"type":"Feature","geometry":{"type":"MultiPolygon","coordinates":[[[[9.49,42.76],[9.57,42.76],[9.58,41.98],[9.5,41.98],[9.5,41.78],[9.26,41.39],[9.1,41.33],[8.78,41.52],[8.78,41.72],[8.62,41.72],[8.7,41.91],[8.54,42.11],[8.53,42.5],[8.77,42.69],[9.17,42.76],[9.25,43.02],[9.33,43.02],[9.49,43.02],[9.49,42.76]]],[[[2.04,42.76],[2.12,42.76],[2.15,43.86],[1.97,44.12],[1.55,44.45],[1.39,44.45],[0.54,45.17],[0.37,45.17],[-0.23,45.69],[-0.39,45.69],[-1.09,46.28],[-1.25,46.28],[-1.33,46.28],[-1.67,46.35],[-2.01,46.61],[-2.02,46.74],[-2.19,46.81],[-2.14,47.14],[-2.23,47.27],[-2.56,47.27],[-2.58,47.47],[-2.83,47.53],[-2.84,47.6],[-2.45,47.86],[-1.8,47.99],[-1.65,48.19],[-1.65,48.26],[-1.67,48.46],[-1.51,48.52],[-1.6,48.65],[-1.61,48.72],[-1.72,49.05],[-1.64,49.05],[-1.65,49.25],[-1.91,49.38],[-2.03,49.78],[-1.36,49.78],[-1.25,49.45],[0.01,49.38],[-0.01,49.65],[0.22,49.85],[1.05,49.98],[1.37,50.25],[1.45,50.25],[1.97,50.11],[3.14,50.11],[4.15,49.98],[4.32,50.11],[4.31,50.25],[4.64,50.38],[4.64,50.51],[4.97,50.58],[5.05,50.71],[5.81,50.71],[5.89,50.71],[5.97,50.78],[5.96,51.18],[6.2,51.51],[6.71,51.51],[6.89,51.38],[7.06,50.98],[7.24,50.91],[7.24,50.71],[7.75,50.31],[7.68,49.91],[8.18,49.85],[8.18,49.78],[8.35,49.65],[8.28,49.18],[8.11,48.99],[7.53,49.05],[7.36,48.92],[7.21,48.26],[7.13,48.26],[7.14,47.86],[7.06,47.86],[7.06,47.8],[6.81,47.93],[6.14,47.99],[5.5,47.6],[5.25,47.6],[5.16,47.73],[3.92,47.73],[2.95,47.47],[3.03,47.33],[2.97,47.07],[3.23,46.74],[3.08,46.48],[3.66,46.35],[4.08,46.09],[4.16,46.09],[4.16,46.02],[4.24,46.02],[4.24,45.96],[4.4,46.09],[4.65,46.09],[4.82,45.89],[5.97,45.5],[7.03,45.56],[7.76,45.82],[8.08,46.09],[8.08,46.22],[8.4,46.41],[8.4,46.55],[8.64,46.68],[8.72,46.94],[8.81,46.94],[9.13,47.27],[9.3,47.27],[9.38,47.4],[9.95,47.66],[9.87,47.86],[9.95,47.86],[10.03,48.32],[10.2,48.52],[11.36,48.85],[11.86,49.18],[12.61,48.99],[12.94,48.72],[13.6,48.59],[13.68,48.59],[13.76,48.46],[14.26,48.26],[16.16,48.26],[16.07,47.86],[15.98,47.86],[15.78,46.61],[15.61,46.41],[14.86,46.09],[14.86,45.96],[14.61,45.82],[14.61,45.63],[14.93,45.56],[15.17,45.17],[15.49,44.91],[15.65,44.91],[15.64,44.71],[15.88,44.71],[16.04,44.58],[16.19,44.25],[16.36,44.25],[16.43,43.99],[17.15,43.8],[17.22,43.67],[17.86,43.41],[19.31,43.54],[19.46,43.28],[19.2,42.95],[19.2,42.89],[19.19,42.82],[19.11,42.82],[19.17,42.3],[19.01,42.24],[18.93,42.24],[18.85,42.37],[18.14,42.63],[17.83,42.89],[17.59,42.89],[17.51,42.76],[17.52,42.95],[17.36,42.95],[17.37,43.21],[17.12,43.15],[17.05,43.41],[16.73,43.34],[16.73,43.54],[16.58,43.6],[15.93,43.47],[16.01,43.6],[15.86,43.8],[15.7,43.8],[15.62,43.93],[15.37,43.86],[15.46,43.99],[15.22,44.06],[15.15,44.39],[14.91,44.58],[14.92,44.97],[14.52,45.1],[14.6,45.37],[14.2,45.37],[14.19,45.04],[13.95,45.04],[13.94,44.91],[13.78,44.91],[13.71,45.24],[13.54,45.3],[13.55,45.5],[13.71,45.5],[13.71,45.76],[13.14,45.82],[13.06,45.63],[12.82,45.69],[12.65,45.56],[12.16,45.5],[12.16,45.17],[12.4,45.04],[12.4,44.78],[12.16,44.84],[12.15,44.45],[12.31,44.19],[12.87,43.8],[13.04,43.86],[13.03,43.73],[13.36,43.67],[13.67,43.41],[13.75,43.08],[13.99,42.95],[13.9,42.76],[14.06,42.5],[14.37,42.24],[14.53,42.24],[14.61,42.11],[14.77,42.17],[14.77,42.04],[14.92,41.98],[15.17,42.04],[15.24,41.91],[16.12,41.91],[16.11,41.78],[15.87,41.72],[15.94,41.39],[17.2,41.0],[17.51,40.74],[17.98,40.61],[18.44,40.16],[18.35,39.9],[18.11,39.9],[17.81,40.36],[17.42,40.36],[17.35,40.55],[17.03,40.55],[16.87,40.48],[16.95,40.42],[16.86,40.29],[16.62,40.29],[16.7,40.1],[16.46,39.97],[16.45,39.64],[16.92,39.51],[17.07,39.38],[17.14,39.06],[16.5,38.8],[16.49,38.42],[15.93,37.96],[15.7,37.96],[15.63,38.29],[15.94,38.35],[15.95,38.67],[16.27,38.74],[16.27,38.93],[16.12,39.06],[15.9,39.77],[15.67,39.9],[15.75,40.03],[15.43,40.03],[15.2,40.23],[15.04,40.23],[14.89,40.68],[14.42,40.68],[14.42,40.87],[14.1,40.87],[13.95,41.13],[13.79,41.13],[13.71,41.26],[13.0,41.33],[12.92,41.46],[12.6,41.52],[12.13,41.91],[12.13,42.04],[11.81,42.11],[11.65,42.37],[11.49,42.3],[11.42,42.43],[11.26,42.43],[11.18,42.63],[11.02,42.63],[11.02,42.82],[10.54,43.08],[10.21,43.99],[9.89,43.99],[9.97,44.12],[9.73,44.12],[9.16,44.45],[8.43,44.39],[8.03,43.93],[7.15,43.73],[6.99,43.54],[6.67,43.47],[6.52,43.21],[6.28,43.15],[5.8,43.15],[5.63,43.28],[5.39,43.28],[5.39,43.41],[5.06,43.47],[4.18,43.47],[4.17,43.6],[3.85,43.6],[3.62,43.41],[3.14,43.28],[2.98,43.15],[3.01,42.56],[3.18,42.37],[3.12,41.91],[2.57,41.59],[2.33,41.59],[2.11,41.33],[1.24,41.2],[0.7,40.94],[0.71,40.68],[0.25,40.42],[0.18,40.16],[-0.13,40.03],[-0.35,39.71],[-0.31,39.13],[0.1,38.74],[-0.66,38.29],[-0.8,38.03],[-0.7,37.64],[-1.71,37.45],[-1.62,37.32],[-1.86,37.32],[-2.06,36.8],[-2.53,36.87],[-2.68,36.74],[-4.47,36.74],[-4.69,36.55],[-5.23,36.48],[-5.29,36.22],[-5.66,36.03],[-5.83,36.22],[-6.06,36.22],[-6.33,36.67],[-6.35,36.93],[-6.59,37.0],[-6.84,37.25],[-7.47,37.25],[-7.45,37.13],[-7.68,37.0],[-8.7,37.13],[-9.0,37.0],[-8.9,37.58],[-8.82,37.58],[-8.82,38.48],[-9.21,38.42],[-9.23,38.67],[-9.0,38.74],[-9.01,38.8],[-8.9,39.26],[-8.6,39.45],[-8.62,39.64],[-8.47,39.77],[-7.93,39.84],[-6.86,40.29],[-6.85,41.07],[-6.25,41.46],[-6.13,41.85],[-5.9,41.98],[-5.78,42.43],[-5.7,42.43],[-5.73,42.76],[-5.65,42.76],[-2.68,42.63],[-2.53,42.76],[-2.28,42.63],[-2.13,42.82],[-1.81,42.76],[-1.33,42.82],[-1.26,42.95],[-0.94,42.95],[-0.94,43.02],[0.04,42.69],[1.07,42.82],[1.73,42.56],[1.97,42.56],[2.04,42.69],[2.04,42.76]]],[[[10.46,42.69],[10.21,42.69],[10.13,42.89],[10.21,42.89],[10.46,42.89],[10.46,42.69]]],[[[14.5,44.52],[14.26,44.58],[14.27,44.97],[14.35,44.97],[14.51,44.91],[14.5,44.52]]]]},"properties":{"id":"territory:Western Roman Empire:459","name":"서로마 제국","name_en":"Western Roman Empire","actor":"로마","valid_from":459,"valid_to":462,"wikidata":"Q42834","area":1273924,"src":"cliopatria","confidence":"medium"}},{"type":"Feature","geometry":{"type":"Point","coordinates":[3.848,43.948]},"properties":{"id":"territory:Western Roman Empire:459:label","name":"서로마 제국","name_en":"Western Roman Empire","actor":"로마","valid_from":459,"valid_to":462,"wikidata":"Q42834","area":1273924,"src":"cliopatria","confidence":"medium"}},{"type":"Feature","geometry":{"type":"MultiPolygon","coordinates":[[[[44.68,43.6],[44.7,43.67],[44.78,43.67],[44.76,43.6],[44.68,43.6]]],[[[35.02,45.3],[36.42,45.43],[36.37,45.1],[35.88,45.04],[35.73,45.17],[35.41,45.17],[35.3,44.97],[34.38,44.78],[33.93,44.45],[33.52,44.45],[33.47,44.65],[33.55,44.65],[33.61,45.1],[32.92,45.43],[32.6,45.43],[33.04,45.69],[33.71,45.82],[33.74,46.02],[34.15,46.09],[34.54,45.96],[34.74,45.63],[34.82,45.63],[34.99,45.63],[35.02,45.3]]],[[[29.67,45.43],[29.66,45.37],[29.58,45.37],[29.58,45.43],[29.67,45.43]]],[[[53.08,45.96],[53.1,46.02],[53.18,46.02],[53.17,45.96],[53.08,45.96]]],[[[47.33,45.43],[47.29,45.24],[47.1,45.1],[47.04,44.84],[46.69,44.71],[46.63,44.45],[47.01,44.32],[47.34,43.99],[47.41,43.54],[46.92,43.54],[46.95,43.67],[46.75,43.86],[46.27,43.86],[46.29,43.99],[45.93,43.8],[45.61,43.8],[45.08,43.6],[44.79,43.73],[44.13,43.67],[44.08,43.8],[43.38,43.93],[43.4,44.06],[43.13,44.32],[43.15,44.45],[42.57,44.78],[41.33,44.65],[41.01,44.71],[40.32,44.45],[39.6,44.52],[38.75,44.25],[38.61,44.39],[38.22,44.45],[38.01,44.71],[37.53,44.71],[37.26,45.04],[36.78,45.1],[36.75,45.43],[36.91,45.43],[36.97,45.3],[37.7,45.3],[37.75,45.56],[37.59,45.63],[37.76,45.63],[37.89,45.96],[38.33,46.15],[38.37,46.35],[37.9,46.48],[37.84,46.61],[38.49,46.61],[38.62,46.87],[38.79,46.87],[38.89,47.01],[39.13,46.94],[39.27,47.27],[39.2,47.33],[38.68,47.2],[37.52,47.14],[37.17,47.01],[37.23,46.87],[36.91,46.94],[36.8,46.81],[35.63,46.68],[35.25,46.28],[34.76,46.28],[34.74,46.15],[34.08,46.15],[34.02,46.28],[33.61,46.28],[33.59,46.15],[32.95,46.22],[32.85,46.09],[32.68,46.09],[32.06,46.35],[31.82,46.35],[31.84,46.48],[32.16,46.48],[32.19,46.68],[32.03,46.74],[31.79,46.74],[31.61,46.61],[30.88,46.68],[30.3,45.96],[30.04,45.89],[29.86,45.69],[29.61,45.69],[29.59,45.5],[29.58,45.43],[29.1,45.43],[28.67,45.24],[28.35,45.3],[28.28,45.43],[27.87,45.37],[27.85,45.17],[28.0,45.04],[27.97,44.78],[27.8,44.71],[27.79,44.58],[27.94,44.52],[27.92,44.25],[27.49,44.06],[26.28,44.06],[25.85,43.73],[25.43,43.6],[24.88,43.73],[24.15,43.67],[23.92,43.8],[23.6,43.8],[23.56,43.34],[23.48,43.34],[23.53,42.95],[24.21,42.43],[25.79,42.17],[26.02,41.98],[26.33,41.91],[26.31,41.72],[26.45,41.52],[27.49,41.52],[27.38,41.2],[26.82,41.13],[26.43,41.2],[25.98,41.59],[25.28,41.78],[25.06,41.98],[24.11,42.04],[23.49,42.3],[23.49,42.43],[23.26,42.5],[23.04,42.76],[23.05,42.89],[22.89,42.95],[22.89,44.12],[22.5,44.32],[22.52,44.52],[22.69,44.65],[21.95,44.52],[21.88,44.65],[21.56,44.71],[21.14,44.52],[21.08,44.78],[20.75,44.71],[20.59,44.84],[20.11,44.91],[20.29,45.24],[20.14,45.37],[19.89,45.24],[19.24,45.24],[19.0,45.37],[19.0,45.5],[19.01,45.56],[18.93,45.56],[18.78,45.89],[18.86,45.89],[19.05,46.41],[18.81,46.61],[18.84,47.07],[19.17,47.2],[19.19,47.47],[18.71,47.86],[18.72,47.93],[18.97,48.13],[18.98,48.26],[19.73,48.39],[20.17,48.65],[20.99,48.59],[21.92,48.79],[21.85,48.92],[22.1,48.92],[22.48,49.58],[23.65,50.45],[23.99,50.51],[24.01,50.71],[24.62,50.91],[25.48,51.05],[27.51,51.05],[27.91,50.91],[29.24,50.78],[29.76,50.85],[30.42,50.71],[31.44,50.25],[32.2,50.25],[33.42,50.51],[33.52,50.65],[33.45,50.71],[33.63,50.78],[33.96,50.71],[34.32,50.85],[34.52,51.05],[34.87,51.11],[34.81,51.25],[35.3,51.18],[35.68,51.38],[36.36,51.38],[37.0,51.18],[36.88,51.05],[37.05,51.05],[37.41,50.71],[37.73,50.65],[38.13,50.11],[38.39,50.11],[38.26,49.91],[38.35,49.91],[38.5,49.38],[39.2,48.72],[39.51,48.59],[40.76,48.59],[42.45,48.72],[42.42,48.59],[43.0,48.59],[43.22,48.46],[44.96,48.46],[45.43,48.32],[45.73,48.19],[45.85,47.99],[46.02,47.99],[46.34,47.6],[46.59,47.6],[46.64,47.47],[46.46,47.4],[46.43,47.27],[46.77,46.94],[46.93,46.94],[47.46,46.35],[47.7,46.35],[48.38,46.81],[48.71,46.81],[49.41,47.33],[49.58,47.33],[49.97,47.6],[52.02,47.86],[53.24,47.8],[53.68,47.6],[54.52,46.74],[54.48,46.28],[54.56,46.28],[54.29,45.56],[53.88,45.56],[53.67,45.37],[53.42,45.37],[53.06,45.56],[53.07,45.89],[53.25,45.96],[53.35,46.35],[53.27,46.35],[53.27,46.68],[53.19,46.68],[53.24,46.87],[53.11,47.01],[51.86,46.94],[51.81,47.07],[51.58,47.14],[50.84,47.14],[50.3,46.94],[49.99,46.68],[49.3,46.55],[49.06,46.22],[48.64,46.15],[48.59,45.96],[48.35,45.96],[48.06,45.76],[47.57,45.76],[47.46,45.63],[47.54,45.63],[47.52,45.56],[47.48,45.37],[47.33,45.43]]],[[[32.48,50.45],[32.56,50.45],[32.55,50.38],[32.47,50.38],[32.48,50.45]]]]},"properties":{"id":"territory:Hunnic Empire:443","name":"훈 제국","name_en":"Hunnic Empire","actor":"기타중립","valid_from":443,"valid_to":451,"wikidata":"Q45813","area":1237704,"src":"cliopatria","confidence":"medium"}},{"type":"Feature","geometry":{"type":"Point","coordinates":[33.118,47.275]},"properties":{"id":"territory:Hunnic Empire:443:label","name":"훈 제국","name_en":"Hunnic Empire","actor":"기타중립","valid_from":443,"valid_to":451,"wikidata":"Q45813","area":1237704,"src":"cliopatria","confidence":"medium"}},{"type":"Feature","geometry":{"type":"MultiPolygon","coordinates":[[[[44.68,43.6],[44.7,43.67],[44.78,43.67],[44.76,43.6],[44.68,43.6]]],[[[35.02,45.3],[36.42,45.43],[36.37,45.1],[35.88,45.04],[35.73,45.17],[35.41,45.17],[35.3,44.97],[34.38,44.78],[33.93,44.45],[33.52,44.45],[33.47,44.65],[33.55,44.65],[33.61,45.1],[32.92,45.43],[32.6,45.43],[33.04,45.69],[33.71,45.82],[33.74,46.02],[34.15,46.09],[34.54,45.96],[34.74,45.63],[34.82,45.63],[34.99,45.63],[35.02,45.3]]],[[[29.67,45.43],[29.66,45.37],[29.58,45.37],[29.58,45.43],[29.67,45.43]]],[[[53.08,45.96],[53.1,46.02],[53.18,46.02],[53.17,45.96],[53.08,45.96]]],[[[47.33,45.43],[47.29,45.24],[47.1,45.1],[47.04,44.84],[46.69,44.71],[46.63,44.45],[47.01,44.32],[47.34,43.99],[47.41,43.54],[46.92,43.54],[46.95,43.67],[46.75,43.86],[46.27,43.86],[46.29,43.99],[45.93,43.8],[45.61,43.8],[45.08,43.6],[44.79,43.73],[44.13,43.67],[44.08,43.8],[43.38,43.93],[43.4,44.06],[43.13,44.32],[43.15,44.45],[42.57,44.78],[41.33,44.65],[41.01,44.71],[40.32,44.45],[39.6,44.52],[38.75,44.25],[38.61,44.39],[38.22,44.45],[38.01,44.71],[37.53,44.71],[37.26,45.04],[36.78,45.1],[36.75,45.43],[36.91,45.43],[36.97,45.3],[37.7,45.3],[37.75,45.56],[37.59,45.63],[37.76,45.63],[37.89,45.96],[38.33,46.15],[38.37,46.35],[37.9,46.48],[37.84,46.61],[38.49,46.61],[38.62,46.87],[38.79,46.87],[38.89,47.01],[39.13,46.94],[39.27,47.27],[39.2,47.33],[38.68,47.2],[37.52,47.14],[37.17,47.01],[37.23,46.87],[36.91,46.94],[36.8,46.81],[35.63,46.68],[35.25,46.28],[34.76,46.28],[34.74,46.15],[34.08,46.15],[34.02,46.28],[33.61,46.28],[33.59,46.15],[32.95,46.22],[32.85,46.09],[32.68,46.09],[32.06,46.35],[31.82,46.35],[31.84,46.48],[32.16,46.48],[32.19,46.68],[32.03,46.74],[31.79,46.74],[31.61,46.61],[30.88,46.68],[30.3,45.96],[30.04,45.89],[29.86,45.69],[29.61,45.69],[29.59,45.5],[29.58,45.43],[29.1,45.43],[28.67,45.24],[28.35,45.3],[28.28,45.43],[27.87,45.37],[27.85,45.17],[28.0,45.04],[27.97,44.78],[27.8,44.71],[27.79,44.58],[27.94,44.52],[27.83,44.19],[27.49,44.06],[26.28,44.06],[25.85,43.73],[25.43,43.6],[24.88,43.73],[24.15,43.67],[23.6,43.86],[22.95,43.8],[22.89,44.12],[22.5,44.32],[22.52,44.52],[22.69,44.65],[21.95,44.52],[21.88,44.65],[21.56,44.71],[21.14,44.52],[21.08,44.78],[20.75,44.71],[20.59,44.84],[20.11,44.91],[20.29,45.24],[20.14,45.37],[19.89,45.24],[19.24,45.24],[19.0,45.37],[19.0,45.5],[19.01,45.56],[18.93,45.56],[18.78,45.89],[18.86,45.89],[19.05,46.41],[18.81,46.61],[18.84,47.07],[19.17,47.2],[19.19,47.47],[18.71,47.86],[18.72,47.93],[18.97,48.13],[18.98,48.26],[19.73,48.39],[20.17,48.65],[20.99,48.59],[21.92,48.79],[21.85,48.92],[22.1,48.92],[22.48,49.58],[23.65,50.45],[23.99,50.51],[24.01,50.71],[24.62,50.91],[25.48,51.05],[27.51,51.05],[27.91,50.91],[29.24,50.78],[29.76,50.85],[30.42,50.71],[31.44,50.25],[32.2,50.25],[33.42,50.51],[33.52,50.65],[33.45,50.71],[33.63,50.78],[33.96,50.71],[34.32,50.85],[34.52,51.05],[34.87,51.11],[34.81,51.25],[35.3,51.18],[35.68,51.38],[36.36,51.38],[37.0,51.18],[36.88,51.05],[37.05,51.05],[37.41,50.71],[37.73,50.65],[38.13,50.11],[38.39,50.11],[38.26,49.91],[38.35,49.91],[38.5,49.38],[39.2,48.72],[39.51,48.59],[40.76,48.59],[42.45,48.72],[42.42,48.59],[43.0,48.59],[43.22,48.46],[44.96,48.46],[45.43,48.32],[45.73,48.19],[45.85,47.99],[46.02,47.99],[46.34,47.6],[46.59,47.6],[46.64,47.47],[46.46,47.4],[46.43,47.27],[46.77,46.94],[46.93,46.94],[47.46,46.35],[47.7,46.35],[48.38,46.81],[48.71,46.81],[49.41,47.33],[49.58,47.33],[49.97,47.6],[52.02,47.86],[53.24,47.8],[53.68,47.6],[54.52,46.74],[54.48,46.28],[54.56,46.28],[54.29,45.56],[53.88,45.56],[53.67,45.37],[53.42,45.37],[53.06,45.56],[53.07,45.89],[53.25,45.96],[53.35,46.35],[53.27,46.35],[53.27,46.68],[53.19,46.68],[53.24,46.87],[53.11,47.01],[51.86,46.94],[51.81,47.07],[51.58,47.14],[50.84,47.14],[50.3,46.94],[49.99,46.68],[49.3,46.55],[49.06,46.22],[48.64,46.15],[48.59,45.96],[48.35,45.96],[48.06,45.76],[47.57,45.76],[47.46,45.63],[47.54,45.63],[47.52,45.56],[47.48,45.37],[47.33,45.43]]],[[[32.48,50.45],[32.56,50.45],[32.55,50.38],[32.47,50.38],[32.48,50.45]]]]},"properties":{"id":"territory:Hunnic Empire:441","name":"훈 제국","name_en":"Hunnic Empire","actor":"기타중립","valid_from":441,"valid_to":443,"wikidata":"Q45813","area":1214950,"src":"cliopatria","confidence":"medium"}},{"type":"Feature","geometry":{"type":"Point","coordinates":[33.265,47.36]},"properties":{"id":"territory:Hunnic Empire:441:label","name":"훈 제국","name_en":"Hunnic Empire","actor":"기타중립","valid_from":441,"valid_to":443,"wikidata":"Q45813","area":1214950,"src":"cliopatria","confidence":"medium"}},{"type":"Feature","geometry":{"type":"MultiPolygon","coordinates":[[[[44.68,43.6],[44.7,43.67],[44.78,43.67],[44.76,43.6],[44.68,43.6]]],[[[35.02,45.3],[36.42,45.43],[36.37,45.1],[35.88,45.04],[35.73,45.17],[35.41,45.17],[35.3,44.97],[34.38,44.78],[33.93,44.45],[33.52,44.45],[33.47,44.65],[33.55,44.65],[33.61,45.1],[32.92,45.43],[32.6,45.43],[33.04,45.69],[33.71,45.82],[33.74,46.02],[34.15,46.09],[34.54,45.96],[34.74,45.63],[34.82,45.63],[34.99,45.63],[35.02,45.3]]],[[[29.67,45.43],[29.66,45.37],[29.58,45.37],[29.58,45.43],[29.67,45.43]]],[[[53.08,45.96],[53.1,46.02],[53.18,46.02],[53.17,45.96],[53.08,45.96]]],[[[47.33,45.43],[47.29,45.24],[47.1,45.1],[47.04,44.84],[46.69,44.71],[46.63,44.45],[47.01,44.32],[47.34,43.99],[47.41,43.54],[46.92,43.54],[46.95,43.67],[46.75,43.86],[46.27,43.86],[46.29,43.99],[45.93,43.8],[45.61,43.8],[45.08,43.6],[44.79,43.73],[44.13,43.67],[44.08,43.8],[43.38,43.93],[43.4,44.06],[43.13,44.32],[43.15,44.45],[42.57,44.78],[41.33,44.65],[41.01,44.71],[40.32,44.45],[39.6,44.52],[38.75,44.25],[38.61,44.39],[38.22,44.45],[38.01,44.71],[37.53,44.71],[37.26,45.04],[36.78,45.1],[36.75,45.43],[36.91,45.43],[36.97,45.3],[37.7,45.3],[37.75,45.56],[37.59,45.63],[37.76,45.63],[37.89,45.96],[38.33,46.15],[38.37,46.35],[37.9,46.48],[37.84,46.61],[38.49,46.61],[38.62,46.87],[38.79,46.87],[38.89,47.01],[39.13,46.94],[39.27,47.27],[39.2,47.33],[38.68,47.2],[37.52,47.14],[37.17,47.01],[37.23,46.87],[36.91,46.94],[36.8,46.81],[35.63,46.68],[35.25,46.28],[34.76,46.28],[34.74,46.15],[34.08,46.15],[34.02,46.28],[33.61,46.28],[33.59,46.15],[32.95,46.22],[32.85,46.09],[32.68,46.09],[32.06,46.35],[31.82,46.35],[31.84,46.48],[32.16,46.48],[32.19,46.68],[32.03,46.74],[31.79,46.74],[31.61,46.61],[30.88,46.68],[30.3,45.96],[30.04,45.89],[29.86,45.69],[29.61,45.69],[29.59,45.5],[29.58,45.43],[29.1,45.43],[28.67,45.24],[28.35,45.3],[28.28,45.43],[27.87,45.37],[27.85,45.17],[28.0,45.04],[27.97,44.78],[27.8,44.71],[27.79,44.58],[27.94,44.52],[27.83,44.19],[27.49,44.06],[26.28,44.06],[25.85,43.73],[25.43,43.6],[24.88,43.73],[24.15,43.67],[23.6,43.86],[22.95,43.8],[22.89,44.12],[22.5,44.32],[22.52,44.52],[22.69,44.65],[21.95,44.52],[21.88,44.65],[21.41,44.84],[20.75,44.71],[20.52,44.91],[20.53,45.1],[20.29,45.17],[20.14,45.37],[19.89,45.24],[19.24,45.24],[19.0,45.37],[19.0,45.5],[19.01,45.56],[18.93,45.56],[18.78,45.89],[18.86,45.89],[19.05,46.41],[18.81,46.61],[18.84,47.07],[19.17,47.2],[19.19,47.47],[18.71,47.86],[18.72,47.93],[18.97,48.13],[18.98,48.26],[19.73,48.39],[20.17,48.65],[20.99,48.59],[21.92,48.79],[21.85,48.92],[22.1,48.92],[22.48,49.58],[23.65,50.45],[23.99,50.51],[24.01,50.71],[24.62,50.91],[25.48,51.05],[27.51,51.05],[27.91,50.91],[29.24,50.78],[29.76,50.85],[30.42,50.71],[31.44,50.25],[32.2,50.25],[33.42,50.51],[33.52,50.65],[33.45,50.71],[33.63,50.78],[33.96,50.71],[34.32,50.85],[34.52,51.05],[34.87,51.11],[34.81,51.25],[35.3,51.18],[35.68,51.38],[36.36,51.38],[37.0,51.18],[36.88,51.05],[37.05,51.05],[37.41,50.71],[37.73,50.65],[38.13,50.11],[38.39,50.11],[38.26,49.91],[38.35,49.91],[38.5,49.38],[39.2,48.72],[39.51,48.59],[40.76,48.59],[42.45,48.72],[42.42,48.59],[43.0,48.59],[43.22,48.46],[44.96,48.46],[45.43,48.32],[45.73,48.19],[45.85,47.99],[46.02,47.99],[46.34,47.6],[46.59,47.6],[46.64,47.47],[46.46,47.4],[46.43,47.27],[46.77,46.94],[46.93,46.94],[47.46,46.35],[47.7,46.35],[48.38,46.81],[48.71,46.81],[49.41,47.33],[49.58,47.33],[49.97,47.6],[52.02,47.86],[53.24,47.8],[53.68,47.6],[54.52,46.74],[54.48,46.28],[54.56,46.28],[54.29,45.56],[53.88,45.56],[53.67,45.37],[53.42,45.37],[53.06,45.56],[53.07,45.89],[53.25,45.96],[53.35,46.35],[53.27,46.35],[53.27,46.68],[53.19,46.68],[53.24,46.87],[53.11,47.01],[51.86,46.94],[51.81,47.07],[51.58,47.14],[50.84,47.14],[50.3,46.94],[49.99,46.68],[49.3,46.55],[49.06,46.22],[48.64,46.15],[48.59,45.96],[48.35,45.96],[48.06,45.76],[47.57,45.76],[47.46,45.63],[47.54,45.63],[47.52,45.56],[47.48,45.37],[47.33,45.43]]],[[[32.48,50.45],[32.56,50.45],[32.55,50.38],[32.47,50.38],[32.48,50.45]]]]},"properties":{"id":"territory:Huns:410","name":"훈족","name_en":"Huns","actor":"기타중립","valid_from":410,"valid_to":417,"wikidata":"Q45813","area":1213250,"src":"cliopatria","confidence":"medium"}},{"type":"Feature","geometry":{"type":"MultiPolygon","coordinates":[[[[44.68,43.6],[44.7,43.67],[44.78,43.67],[44.76,43.6],[44.68,43.6]]],[[[35.02,45.3],[36.42,45.43],[36.37,45.1],[35.88,45.04],[35.73,45.17],[35.41,45.17],[35.3,44.97],[34.38,44.78],[33.93,44.45],[33.52,44.45],[33.47,44.65],[33.55,44.65],[33.61,45.1],[32.92,45.43],[32.6,45.43],[33.04,45.69],[33.71,45.82],[33.74,46.02],[34.15,46.09],[34.54,45.96],[34.74,45.63],[34.82,45.63],[34.99,45.63],[35.02,45.3]]],[[[29.67,45.43],[29.66,45.37],[29.58,45.37],[29.58,45.43],[29.67,45.43]]],[[[53.08,45.96],[53.1,46.02],[53.18,46.02],[53.17,45.96],[53.08,45.96]]],[[[47.33,45.43],[47.29,45.24],[47.1,45.1],[47.04,44.84],[46.69,44.71],[46.63,44.45],[47.01,44.32],[47.34,43.99],[47.41,43.54],[46.92,43.54],[46.95,43.67],[46.75,43.86],[46.27,43.86],[46.29,43.99],[45.93,43.8],[45.61,43.8],[45.08,43.6],[44.79,43.73],[44.13,43.67],[44.08,43.8],[43.38,43.93],[43.4,44.06],[43.13,44.32],[43.15,44.45],[42.57,44.78],[41.33,44.65],[41.01,44.71],[40.32,44.45],[39.6,44.52],[38.75,44.25],[38.61,44.39],[38.22,44.45],[38.01,44.71],[37.53,44.71],[37.26,45.04],[36.78,45.1],[36.75,45.43],[36.91,45.43],[36.97,45.3],[37.7,45.3],[37.75,45.56],[37.59,45.63],[37.76,45.63],[37.89,45.96],[38.33,46.15],[38.37,46.35],[37.9,46.48],[37.84,46.61],[38.49,46.61],[38.62,46.87],[38.79,46.87],[38.89,47.01],[39.13,46.94],[39.27,47.27],[39.2,47.33],[38.68,47.2],[37.52,47.14],[37.17,47.01],[37.23,46.87],[36.91,46.94],[36.8,46.81],[35.63,46.68],[35.25,46.28],[34.76,46.28],[34.74,46.15],[34.08,46.15],[34.02,46.28],[33.61,46.28],[33.59,46.15],[32.95,46.22],[32.85,46.09],[32.68,46.09],[32.06,46.35],[31.82,46.35],[31.84,46.48],[32.16,46.48],[32.19,46.68],[32.03,46.74],[31.79,46.74],[31.61,46.61],[30.88,46.68],[30.3,45.96],[30.04,45.89],[29.86,45.69],[29.61,45.69],[29.59,45.5],[29.58,45.43],[29.1,45.43],[28.67,45.24],[28.35,45.3],[28.28,45.43],[27.87,45.37],[27.85,45.17],[28.0,45.04],[27.97,44.78],[27.8,44.71],[27.79,44.58],[27.94,44.52],[27.83,44.19],[27.49,44.06],[26.28,44.06],[25.85,43.73],[25.43,43.6],[24.88,43.73],[24.15,43.67],[23.6,43.86],[22.95,43.8],[22.89,44.12],[22.5,44.32],[22.52,44.52],[22.69,44.65],[21.95,44.52],[21.88,44.65],[21.41,44.84],[20.75,44.71],[20.52,44.91],[20.53,45.1],[20.29,45.17],[20.14,45.37],[19.89,45.24],[19.24,45.24],[19.0,45.37],[19.0,45.5],[19.01,45.56],[18.93,45.56],[18.78,45.89],[18.86,45.89],[19.05,46.41],[18.81,46.61],[18.84,47.07],[19.17,47.2],[19.19,47.47],[18.71,47.86],[18.72,47.93],[18.97,48.13],[18.98,48.26],[19.73,48.39],[20.17,48.65],[20.99,48.59],[21.92,48.79],[21.85,48.92],[22.1,48.92],[22.48,49.58],[23.65,50.45],[23.99,50.51],[24.01,50.71],[24.62,50.91],[25.48,51.05],[27.51,51.05],[27.91,50.91],[29.24,50.78],[29.76,50.85],[30.42,50.71],[31.44,50.25],[32.2,50.25],[33.42,50.51],[33.52,50.65],[33.45,50.71],[33.63,50.78],[33.96,50.71],[34.32,50.85],[34.52,51.05],[34.87,51.11],[34.81,51.25],[35.3,51.18],[35.68,51.38],[36.36,51.38],[37.0,51.18],[36.88,51.05],[37.05,51.05],[37.41,50.71],[37.73,50.65],[38.13,50.11],[38.39,50.11],[38.26,49.91],[38.35,49.91],[38.5,49.38],[39.2,48.72],[39.51,48.59],[40.76,48.59],[42.45,48.72],[42.42,48.59],[43.0,48.59],[43.22,48.46],[44.96,48.46],[45.43,48.32],[45.73,48.19],[45.85,47.99],[46.02,47.99],[46.34,47.6],[46.59,47.6],[46.64,47.47],[46.46,47.4],[46.43,47.27],[46.77,46.94],[46.93,46.94],[47.46,46.35],[47.7,46.35],[48.38,46.81],[48.71,46.81],[49.41,47.33],[49.58,47.33],[49.97,47.6],[52.02,47.86],[53.24,47.8],[53.68,47.6],[54.52,46.74],[54.48,46.28],[54.56,46.28],[54.29,45.56],[53.88,45.56],[53.67,45.37],[53.42,45.37],[53.06,45.56],[53.07,45.89],[53.25,45.96],[53.35,46.35],[53.27,46.35],[53.27,46.68],[53.19,46.68],[53.24,46.87],[53.11,47.01],[51.86,46.94],[51.81,47.07],[51.58,47.14],[50.84,47.14],[50.3,46.94],[49.99,46.68],[49.3,46.55],[49.06,46.22],[48.64,46.15],[48.59,45.96],[48.35,45.96],[48.06,45.76],[47.57,45.76],[47.46,45.63],[47.54,45.63],[47.52,45.56],[47.48,45.37],[47.33,45.43]]],[[[32.48,50.45],[32.56,50.45],[32.55,50.38],[32.47,50.38],[32.48,50.45]]]]},"properties":{"id":"territory:Huns:417","name":"훈족","name_en":"Huns","actor":"기타중립","valid_from":417,"valid_to":426,"wikidata":"Q45813","area":1213250,"src":"cliopatria","confidence":"medium"}},{"type":"Feature","geometry":{"type":"MultiPolygon","coordinates":[[[[44.68,43.6],[44.7,43.67],[44.78,43.67],[44.76,43.6],[44.68,43.6]]],[[[35.02,45.3],[36.42,45.43],[36.37,45.1],[35.88,45.04],[35.73,45.17],[35.41,45.17],[35.3,44.97],[34.38,44.78],[33.93,44.45],[33.52,44.45],[33.47,44.65],[33.55,44.65],[33.61,45.1],[32.92,45.43],[32.6,45.43],[33.04,45.69],[33.71,45.82],[33.74,46.02],[34.15,46.09],[34.54,45.96],[34.74,45.63],[34.82,45.63],[34.99,45.63],[35.02,45.3]]],[[[29.67,45.43],[29.66,45.37],[29.58,45.37],[29.58,45.43],[29.67,45.43]]],[[[53.08,45.96],[53.1,46.02],[53.18,46.02],[53.17,45.96],[53.08,45.96]]],[[[47.33,45.43],[47.29,45.24],[47.1,45.1],[47.04,44.84],[46.69,44.71],[46.63,44.45],[47.01,44.32],[47.34,43.99],[47.41,43.54],[46.92,43.54],[46.95,43.67],[46.75,43.86],[46.27,43.86],[46.29,43.99],[45.93,43.8],[45.61,43.8],[45.08,43.6],[44.79,43.73],[44.13,43.67],[44.08,43.8],[43.38,43.93],[43.4,44.06],[43.13,44.32],[43.15,44.45],[42.57,44.78],[41.33,44.65],[41.01,44.71],[40.32,44.45],[39.6,44.52],[38.75,44.25],[38.61,44.39],[38.22,44.45],[38.01,44.71],[37.53,44.71],[37.26,45.04],[36.78,45.1],[36.75,45.43],[36.91,45.43],[36.97,45.3],[37.7,45.3],[37.75,45.56],[37.59,45.63],[37.76,45.63],[37.89,45.96],[38.33,46.15],[38.37,46.35],[37.9,46.48],[37.84,46.61],[38.49,46.61],[38.62,46.87],[38.79,46.87],[38.89,47.01],[39.13,46.94],[39.27,47.27],[39.2,47.33],[38.68,47.2],[37.52,47.14],[37.17,47.01],[37.23,46.87],[36.91,46.94],[36.8,46.81],[35.63,46.68],[35.25,46.28],[34.76,46.28],[34.74,46.15],[34.08,46.15],[34.02,46.28],[33.61,46.28],[33.59,46.15],[32.95,46.22],[32.85,46.09],[32.68,46.09],[32.06,46.35],[31.82,46.35],[31.84,46.48],[32.16,46.48],[32.19,46.68],[32.03,46.74],[31.79,46.74],[31.61,46.61],[30.88,46.68],[30.3,45.96],[30.04,45.89],[29.86,45.69],[29.61,45.69],[29.59,45.5],[29.58,45.43],[29.1,45.43],[28.67,45.24],[28.35,45.3],[28.28,45.43],[27.87,45.37],[27.85,45.17],[28.0,45.04],[27.97,44.78],[27.8,44.71],[27.79,44.58],[27.94,44.52],[27.83,44.19],[27.49,44.06],[26.28,44.06],[25.85,43.73],[25.43,43.6],[24.88,43.73],[24.15,43.67],[23.6,43.86],[22.95,43.8],[22.89,44.12],[22.5,44.32],[22.52,44.52],[22.69,44.65],[21.95,44.52],[21.88,44.65],[21.41,44.84],[20.75,44.71],[20.52,44.91],[20.53,45.1],[20.29,45.17],[20.14,45.37],[19.89,45.24],[19.24,45.24],[19.0,45.37],[19.0,45.5],[19.01,45.56],[18.93,45.56],[18.78,45.89],[18.86,45.89],[19.05,46.41],[18.81,46.61],[18.84,47.07],[19.17,47.2],[19.19,47.47],[18.71,47.86],[18.72,47.93],[18.97,48.13],[18.98,48.26],[19.73,48.39],[20.17,48.65],[20.99,48.59],[21.92,48.79],[21.85,48.92],[22.1,48.92],[22.48,49.58],[23.65,50.45],[23.99,50.51],[24.01,50.71],[24.62,50.91],[25.48,51.05],[27.51,51.05],[27.91,50.91],[29.24,50.78],[29.76,50.85],[30.42,50.71],[31.44,50.25],[32.2,50.25],[33.42,50.51],[33.52,50.65],[33.45,50.71],[33.63,50.78],[33.96,50.71],[34.32,50.85],[34.52,51.05],[34.87,51.11],[34.81,51.25],[35.3,51.18],[35.68,51.38],[36.36,51.38],[37.0,51.18],[36.88,51.05],[37.05,51.05],[37.41,50.71],[37.73,50.65],[38.13,50.11],[38.39,50.11],[38.26,49.91],[38.35,49.91],[38.5,49.38],[39.2,48.72],[39.51,48.59],[40.76,48.59],[42.45,48.72],[42.42,48.59],[43.0,48.59],[43.22,48.46],[44.96,48.46],[45.43,48.32],[45.73,48.19],[45.85,47.99],[46.02,47.99],[46.34,47.6],[46.59,47.6],[46.64,47.47],[46.46,47.4],[46.43,47.27],[46.77,46.94],[46.93,46.94],[47.46,46.35],[47.7,46.35],[48.38,46.81],[48.71,46.81],[49.41,47.33],[49.58,47.33],[49.97,47.6],[52.02,47.86],[53.24,47.8],[53.68,47.6],[54.52,46.74],[54.48,46.28],[54.56,46.28],[54.29,45.56],[53.88,45.56],[53.67,45.37],[53.42,45.37],[53.06,45.56],[53.07,45.89],[53.25,45.96],[53.35,46.35],[53.27,46.35],[53.27,46.68],[53.19,46.68],[53.24,46.87],[53.11,47.01],[51.86,46.94],[51.81,47.07],[51.58,47.14],[50.84,47.14],[50.3,46.94],[49.99,46.68],[49.3,46.55],[49.06,46.22],[48.64,46.15],[48.59,45.96],[48.35,45.96],[48.06,45.76],[47.57,45.76],[47.46,45.63],[47.54,45.63],[47.52,45.56],[47.48,45.37],[47.33,45.43]]],[[[32.48,50.45],[32.56,50.45],[32.55,50.38],[32.47,50.38],[32.48,50.45]]]]},"properties":{"id":"territory:Hunnic Empire:426","name":"훈 제국","name_en":"Hunnic Empire","actor":"기타중립","valid_from":426,"valid_to":441,"wikidata":"Q45813","area":1213250,"src":"cliopatria","confidence":"medium"}},{"type":"Feature","geometry":{"type":"Point","coordinates":[33.282,47.364]},"properties":{"id":"territory:Huns:410:label","name":"훈족","name_en":"Huns","actor":"기타중립","valid_from":410,"valid_to":417,"wikidata":"Q45813","area":1213250,"src":"cliopatria","confidence":"medium"}},{"type":"Feature","geometry":{"type":"Point","coordinates":[33.282,47.364]},"properties":{"id":"territory:Huns:417:label","name":"훈족","name_en":"Huns","actor":"기타중립","valid_from":417,"valid_to":426,"wikidata":"Q45813","area":1213250,"src":"cliopatria","confidence":"medium"}},{"type":"Feature","geometry":{"type":"Point","coordinates":[33.282,47.364]},"properties":{"id":"territory:Hunnic Empire:426:label","name":"훈 제국","name_en":"Hunnic Empire","actor":"기타중립","valid_from":426,"valid_to":441,"wikidata":"Q45813","area":1213250,"src":"cliopatria","confidence":"medium"}},{"type":"Feature","geometry":{"type":"MultiPolygon","coordinates":[[[[44.68,43.6],[44.7,43.67],[44.78,43.67],[44.76,43.6],[44.68,43.6]]],[[[35.02,45.3],[36.42,45.43],[36.37,45.1],[35.88,45.04],[35.73,45.17],[35.41,45.17],[35.3,44.97],[34.38,44.78],[33.93,44.45],[33.52,44.45],[33.47,44.65],[33.55,44.65],[33.61,45.1],[32.92,45.43],[32.6,45.43],[33.04,45.69],[33.71,45.82],[33.74,46.02],[34.15,46.09],[34.54,45.96],[34.74,45.63],[34.82,45.63],[34.99,45.63],[35.02,45.3]]],[[[29.67,45.43],[29.66,45.37],[29.58,45.37],[29.58,45.43],[29.67,45.43]]],[[[53.08,45.96],[53.1,46.02],[53.18,46.02],[53.17,45.96],[53.08,45.96]]],[[[47.33,45.43],[47.29,45.24],[47.1,45.1],[47.04,44.84],[46.69,44.71],[46.63,44.45],[47.01,44.32],[47.34,43.99],[47.41,43.54],[46.92,43.54],[46.95,43.67],[46.75,43.86],[46.27,43.86],[46.29,43.99],[45.93,43.8],[45.61,43.8],[45.08,43.6],[44.79,43.73],[44.13,43.67],[44.08,43.8],[43.38,43.93],[43.4,44.06],[43.13,44.32],[43.15,44.45],[42.57,44.78],[41.33,44.65],[41.01,44.71],[40.32,44.45],[39.6,44.52],[38.75,44.25],[38.61,44.39],[38.22,44.45],[38.01,44.71],[37.53,44.71],[37.26,45.04],[36.78,45.1],[36.75,45.43],[36.91,45.43],[36.97,45.3],[37.7,45.3],[37.75,45.56],[37.59,45.63],[37.76,45.63],[37.89,45.96],[38.33,46.15],[38.37,46.35],[37.9,46.48],[37.84,46.61],[38.49,46.61],[38.62,46.87],[38.79,46.87],[38.89,47.01],[39.13,46.94],[39.27,47.27],[39.2,47.33],[38.68,47.2],[37.52,47.14],[37.17,47.01],[37.23,46.87],[36.91,46.94],[36.8,46.81],[35.63,46.68],[35.25,46.28],[34.76,46.28],[34.74,46.15],[34.08,46.15],[34.02,46.28],[33.61,46.28],[33.59,46.15],[32.95,46.22],[32.85,46.09],[32.68,46.09],[32.06,46.35],[31.82,46.35],[31.84,46.48],[32.16,46.48],[32.19,46.68],[32.03,46.74],[31.79,46.74],[31.61,46.61],[30.88,46.68],[30.3,45.96],[30.04,45.89],[29.86,45.69],[29.61,45.69],[29.59,45.5],[29.58,45.43],[29.1,45.43],[28.67,45.24],[28.35,45.3],[28.28,45.43],[27.87,45.37],[27.85,45.17],[28.0,45.04],[27.97,44.78],[27.8,44.71],[27.79,44.58],[27.94,44.52],[27.83,44.19],[27.49,44.06],[26.28,44.06],[25.85,43.73],[25.43,43.6],[24.88,43.73],[24.15,43.67],[23.6,43.86],[22.95,43.8],[22.89,44.12],[22.5,44.32],[22.52,44.52],[22.69,44.65],[21.95,44.52],[21.88,44.65],[21.41,44.84],[20.75,44.71],[20.52,44.91],[20.53,45.1],[20.29,45.17],[20.14,45.37],[19.89,45.24],[19.24,45.24],[19.0,45.37],[19.0,45.5],[19.01,45.56],[18.93,45.56],[18.78,45.89],[18.86,45.89],[19.05,46.41],[18.81,46.61],[18.84,47.07],[19.17,47.2],[19.19,47.47],[18.71,47.86],[18.72,47.93],[18.88,47.99],[18.98,48.26],[19.73,48.39],[20.17,48.65],[20.99,48.59],[21.92,48.79],[21.85,48.92],[22.1,48.92],[22.48,49.58],[23.65,50.45],[23.99,50.51],[24.01,50.71],[24.62,50.91],[25.48,51.05],[27.51,51.05],[27.91,50.91],[29.24,50.78],[29.76,50.85],[30.42,50.71],[31.44,50.25],[32.2,50.25],[33.42,50.51],[33.52,50.65],[33.45,50.71],[33.63,50.78],[33.96,50.71],[34.32,50.85],[34.52,51.05],[34.87,51.11],[34.81,51.25],[35.3,51.18],[35.68,51.38],[36.36,51.38],[37.0,51.18],[36.88,51.05],[37.05,51.05],[37.41,50.71],[37.73,50.65],[38.13,50.11],[38.39,50.11],[38.26,49.91],[38.35,49.91],[38.5,49.38],[39.2,48.72],[39.51,48.59],[40.76,48.59],[42.45,48.72],[42.42,48.59],[43.0,48.59],[43.22,48.46],[44.96,48.46],[45.43,48.32],[45.73,48.19],[45.85,47.99],[46.02,47.99],[46.34,47.6],[46.59,47.6],[46.64,47.47],[46.46,47.4],[46.43,47.27],[46.77,46.94],[46.93,46.94],[47.46,46.35],[47.7,46.35],[48.38,46.81],[48.71,46.81],[49.41,47.33],[49.58,47.33],[49.97,47.6],[52.02,47.86],[53.24,47.8],[53.68,47.6],[54.52,46.74],[54.48,46.28],[54.56,46.28],[54.29,45.56],[53.88,45.56],[53.67,45.37],[53.42,45.37],[53.06,45.56],[53.07,45.89],[53.25,45.96],[53.35,46.35],[53.27,46.35],[53.27,46.68],[53.19,46.68],[53.24,46.87],[53.11,47.01],[51.86,46.94],[51.81,47.07],[51.58,47.14],[50.84,47.14],[50.3,46.94],[49.99,46.68],[49.3,46.55],[49.06,46.22],[48.64,46.15],[48.59,45.96],[48.35,45.96],[48.06,45.76],[47.57,45.76],[47.46,45.63],[47.54,45.63],[47.52,45.56],[47.48,45.37],[47.33,45.43]]],[[[32.48,50.45],[32.56,50.45],[32.55,50.38],[32.47,50.38],[32.48,50.45]]]]},"properties":{"id":"territory:Huns:407","name":"훈족","name_en":"Huns","actor":"기타중립","valid_from":407,"valid_to":410,"wikidata":"Q45813","area":1213227,"src":"cliopatria","confidence":"medium"}},{"type":"Feature","geometry":{"type":"Point","coordinates":[33.282,47.364]},"properties":{"id":"territory:Huns:407:label","name":"훈족","name_en":"Huns","actor":"기타중립","valid_from":407,"valid_to":410,"wikidata":"Q45813","area":1213227,"src":"cliopatria","confidence":"medium"}},{"type":"Feature","geometry":{"type":"MultiPolygon","coordinates":[[[[2.46,42.37],[3.09,42.5],[3.1,42.43],[3.18,42.37],[3.12,41.91],[2.89,41.72],[2.33,41.59],[2.11,41.33],[1.24,41.2],[0.7,40.94],[0.71,40.68],[0.47,40.61],[0.25,40.42],[0.18,40.16],[-0.2,39.97],[-0.35,39.71],[-0.31,39.13],[0.1,38.74],[-0.66,38.29],[-0.8,38.03],[-0.7,37.64],[-1.71,37.45],[-1.62,37.32],[-1.86,37.32],[-2.06,36.8],[-2.53,36.87],[-2.68,36.74],[-4.47,36.74],[-4.69,36.55],[-5.23,36.48],[-5.29,36.22],[-5.66,36.03],[-5.83,36.22],[-6.06,36.22],[-6.33,36.67],[-6.35,36.93],[-6.59,37.0],[-6.84,37.25],[-7.47,37.25],[-7.45,37.13],[-7.68,37.0],[-8.7,37.13],[-9.0,37.0],[-8.9,37.58],[-8.82,37.58],[-8.82,38.48],[-9.21,38.42],[-9.23,38.67],[-9.0,38.74],[-9.01,38.8],[-8.9,39.26],[-8.6,39.45],[-8.62,39.64],[-8.47,39.77],[-7.93,39.84],[-6.86,40.29],[-6.85,41.07],[-6.25,41.46],[-6.13,41.85],[-5.9,41.98],[-5.78,42.43],[-5.7,42.43],[-5.73,42.76],[-5.65,42.76],[-2.68,42.63],[-2.53,42.76],[-2.28,42.63],[-2.13,42.82],[-1.81,42.76],[-1.33,42.82],[-1.26,42.95],[-0.94,42.95],[-0.94,43.02],[0.04,42.69],[1.07,42.82],[1.57,42.63],[1.65,42.63],[2.46,42.37]]],[[[9.49,42.76],[9.57,42.76],[9.58,41.98],[9.5,41.98],[9.5,41.78],[9.26,41.39],[9.1,41.33],[8.78,41.52],[8.78,41.72],[8.62,41.72],[8.7,41.91],[8.54,42.11],[8.53,42.5],[8.77,42.69],[9.17,42.76],[9.25,43.02],[9.33,43.02],[9.49,43.02],[9.49,42.76]]],[[[10.46,42.69],[10.21,42.69],[10.13,42.89],[10.21,42.89],[10.46,42.89],[10.46,42.69]]],[[[19.11,42.82],[19.17,42.3],[19.01,42.24],[18.93,42.24],[18.85,42.37],[18.14,42.63],[17.83,42.89],[17.59,42.89],[17.51,42.76],[17.52,42.95],[17.36,42.95],[17.37,43.21],[17.12,43.15],[17.05,43.41],[16.73,43.34],[16.73,43.54],[16.58,43.6],[15.93,43.47],[16.01,43.6],[15.86,43.8],[15.7,43.8],[15.62,43.93],[15.37,43.86],[15.46,43.99],[15.22,44.06],[15.15,44.39],[14.91,44.58],[14.92,44.97],[14.52,45.1],[14.6,45.37],[14.2,45.37],[14.19,45.04],[13.95,45.04],[13.94,44.91],[13.78,44.91],[13.71,45.24],[13.54,45.3],[13.55,45.5],[13.71,45.5],[13.71,45.76],[13.14,45.82],[13.06,45.63],[12.82,45.69],[12.65,45.56],[12.16,45.5],[12.16,45.17],[12.4,45.04],[12.4,44.78],[12.16,44.84],[12.15,44.45],[12.31,44.19],[12.87,43.8],[13.04,43.86],[13.03,43.73],[13.36,43.67],[13.67,43.41],[13.75,43.08],[13.99,42.95],[13.9,42.76],[14.06,42.5],[14.61,42.11],[14.77,42.17],[14.77,42.04],[14.92,41.98],[15.17,42.04],[15.24,41.91],[16.12,41.91],[16.11,41.78],[15.87,41.72],[15.94,41.39],[17.2,41.0],[17.51,40.74],[17.98,40.61],[18.44,40.16],[18.35,39.9],[18.11,39.9],[17.81,40.36],[17.42,40.36],[17.35,40.55],[17.03,40.55],[16.87,40.48],[16.95,40.42],[16.86,40.29],[16.62,40.29],[16.7,40.1],[16.46,39.97],[16.45,39.64],[16.92,39.51],[17.07,39.38],[17.14,39.06],[16.66,38.93],[16.5,38.8],[16.49,38.42],[15.93,37.96],[15.7,37.96],[15.63,38.29],[15.94,38.35],[15.95,38.67],[16.27,38.74],[16.27,38.93],[16.12,39.06],[15.9,39.77],[15.67,39.9],[15.75,40.03],[15.43,40.03],[15.2,40.23],[15.04,40.23],[14.89,40.68],[14.42,40.68],[14.42,40.87],[14.1,40.87],[13.95,41.13],[13.79,41.13],[13.71,41.26],[13.0,41.33],[12.13,41.91],[12.13,42.04],[11.81,42.11],[11.65,42.37],[11.49,42.3],[11.42,42.43],[11.26,42.43],[11.18,42.63],[11.02,42.63],[11.02,42.82],[10.54,43.08],[10.37,43.67],[10.13,44.06],[9.89,43.99],[9.97,44.12],[9.73,44.12],[9.16,44.45],[8.59,44.45],[8.19,44.19],[8.03,43.93],[7.15,43.73],[6.99,43.54],[6.67,43.47],[6.52,43.21],[6.28,43.15],[5.8,43.15],[5.63,43.28],[5.39,43.28],[5.39,43.41],[5.06,43.47],[4.42,43.47],[4.34,43.47],[4.41,43.73],[4.57,43.73],[4.8,44.06],[5.86,43.93],[6.09,44.39],[6.89,44.52],[6.97,44.71],[6.89,44.71],[6.88,44.91],[6.64,44.97],[6.63,45.1],[7.04,45.24],[7.11,45.43],[7.44,45.56],[7.52,45.76],[8.08,46.09],[8.08,46.22],[8.64,46.68],[8.72,46.94],[8.89,46.94],[8.89,47.07],[9.13,47.27],[9.3,47.27],[9.38,47.4],[9.95,47.66],[9.87,47.86],[9.95,47.86],[10.03,48.32],[10.2,48.52],[10.28,48.52],[11.36,48.85],[11.86,49.18],[12.61,48.99],[12.94,48.72],[13.6,48.59],[13.68,48.59],[13.76,48.46],[14.26,48.26],[16.16,48.26],[16.07,47.86],[15.98,47.86],[15.78,46.61],[15.61,46.41],[14.86,46.09],[14.86,45.96],[14.61,45.82],[14.61,45.63],[14.93,45.56],[15.17,45.17],[15.49,44.91],[15.65,44.91],[15.64,44.71],[15.88,44.71],[16.04,44.58],[16.19,44.25],[16.36,44.25],[16.43,43.99],[17.15,43.8],[17.22,43.67],[17.86,43.41],[19.31,43.54],[19.46,43.28],[19.2,42.95],[19.2,42.89],[19.19,42.82],[19.11,42.82]]],[[[14.5,44.52],[14.26,44.58],[14.27,44.97],[14.35,44.97],[14.51,44.91],[14.5,44.52]]],[[[4.87,48.99],[4.8,48.65],[3.73,48.32],[3.6,47.66],[2.95,47.47],[3.03,47.33],[2.97,47.07],[3.23,46.74],[3.07,46.55],[3.17,46.28],[3.42,46.09],[3.86,45.43],[3.96,45.04],[3.14,45.1],[2.75,44.84],[2.43,44.78],[2.12,44.45],[1.3,44.52],[0.54,45.17],[0.37,45.17],[-0.23,45.69],[-0.39,45.69],[-1.09,46.28],[-1.25,46.28],[-1.33,46.28],[-1.67,46.35],[-2.01,46.61],[-2.02,46.74],[-2.19,46.81],[-2.14,47.14],[-2.23,47.27],[-2.56,47.27],[-2.58,47.47],[-2.83,47.53],[-2.84,47.6],[-2.45,47.86],[-1.8,47.99],[-1.65,48.19],[-1.65,48.26],[-1.67,48.46],[-1.51,48.52],[-1.6,48.65],[-1.61,48.72],[-1.72,49.05],[-1.64,49.05],[-1.65,49.25],[-1.91,49.38],[-2.03,49.78],[-1.36,49.78],[-1.25,49.45],[0.01,49.38],[-0.01,49.65],[0.22,49.85],[1.05,49.98],[1.37,50.25],[1.45,50.25],[1.97,50.11],[3.14,50.11],[4.15,49.98],[4.24,49.98],[4.32,49.98],[4.33,49.91],[4.33,49.85],[4.33,49.78],[4.43,49.38],[4.87,48.99]]]]},"properties":{"id":"territory:Western Roman Empire:462","name":"서로마 제국","name_en":"Western Roman Empire","actor":"로마","valid_from":462,"valid_to":469,"wikidata":"Q42834","area":1106378,"src":"cliopatria","confidence":"medium"}},{"type":"Feature","geometry":{"type":"Point","coordinates":[-3.589,39.806]},"properties":{"id":"territory:Western Roman Empire:462:label","name":"서로마 제국","name_en":"Western Roman Empire","actor":"로마","valid_from":462,"valid_to":469,"wikidata":"Q42834","area":1106378,"src":"cliopatria","confidence":"medium"}},{"type":"Feature","geometry":{"type":"MultiPolygon","coordinates":[[[[9.82,40.74],[9.82,40.36],[9.67,40.29],[9.75,39.64],[9.67,39.64],[9.59,39.13],[9.12,39.19],[8.97,38.87],[8.73,38.87],[8.34,39.0],[8.41,39.26],[8.33,39.26],[8.33,39.51],[8.41,39.51],[8.48,39.9],[8.32,39.97],[8.4,40.29],[8.32,40.29],[8.32,40.48],[8.16,40.55],[8.15,40.94],[8.55,40.87],[9.02,41.26],[9.1,41.26],[9.5,41.2],[9.82,40.74]]],[[[9.49,42.76],[9.57,42.76],[9.58,41.98],[9.5,41.98],[9.5,41.78],[9.26,41.39],[9.1,41.33],[8.78,41.52],[8.78,41.72],[8.62,41.72],[8.7,41.91],[8.54,42.11],[8.53,42.5],[8.77,42.69],[9.17,42.76],[9.25,43.02],[9.33,43.02],[9.49,43.02],[9.49,42.76]]],[[[10.46,42.69],[10.21,42.69],[10.13,42.89],[10.21,42.89],[10.46,42.89],[10.46,42.69]]],[[[-1.85,43.41],[-1.77,43.41],[-1.77,43.34],[-1.85,43.34],[-1.85,43.41]]],[[[8.28,49.18],[8.11,48.99],[7.53,49.05],[7.36,48.92],[7.21,48.26],[7.13,48.26],[7.14,47.86],[7.06,47.86],[7.06,47.8],[6.81,47.93],[6.14,47.99],[5.5,47.6],[5.25,47.6],[5.16,47.73],[3.92,47.73],[2.95,47.47],[3.03,47.33],[2.97,47.07],[3.23,46.74],[3.08,46.48],[3.66,46.35],[4.08,46.09],[4.16,46.09],[4.16,46.02],[4.24,46.02],[4.24,45.96],[4.4,46.09],[4.65,46.09],[4.82,45.89],[5.97,45.5],[7.03,45.56],[7.76,45.82],[8.08,46.09],[8.08,46.22],[8.4,46.41],[8.4,46.55],[8.64,46.68],[8.72,46.94],[8.81,46.94],[9.13,47.27],[9.3,47.27],[9.38,47.4],[9.95,47.66],[9.87,47.86],[10.03,48.06],[10.03,48.32],[10.2,48.46],[10.2,48.52],[11.36,48.85],[11.86,49.18],[12.11,49.18],[12.61,48.99],[12.77,48.79],[13.27,48.72],[13.35,48.59],[13.6,48.59],[14.42,48.19],[14.42,48.06],[14.08,47.86],[13.74,47.33],[13.74,47.07],[13.41,46.81],[13.32,46.55],[12.66,46.28],[12.49,46.09],[11.92,46.02],[11.76,45.89],[9.8,45.82],[8.74,45.56],[8.83,45.37],[9.23,45.3],[11.35,45.5],[11.35,45.17],[11.51,44.91],[12.4,44.97],[12.4,44.91],[12.4,44.78],[12.16,44.84],[12.15,44.45],[12.31,44.19],[12.87,43.8],[13.04,43.86],[13.03,43.73],[13.36,43.67],[13.67,43.41],[13.75,43.08],[13.99,42.95],[13.9,42.76],[14.06,42.5],[14.37,42.24],[14.53,42.24],[14.61,42.11],[14.77,42.17],[14.77,42.04],[14.92,41.98],[15.17,42.04],[15.24,41.91],[16.12,41.91],[16.11,41.78],[15.87,41.72],[15.94,41.39],[17.2,41.0],[17.51,40.74],[17.98,40.61],[18.44,40.16],[18.35,39.9],[18.11,39.9],[17.81,40.36],[17.42,40.36],[17.35,40.55],[17.03,40.55],[16.87,40.48],[16.95,40.42],[16.86,40.29],[16.62,40.29],[16.7,40.1],[16.46,39.97],[16.45,39.64],[16.92,39.51],[17.07,39.38],[17.14,39.06],[16.5,38.8],[16.49,38.42],[15.93,37.96],[15.7,37.96],[15.63,38.29],[15.94,38.35],[15.95,38.67],[16.27,38.74],[16.27,38.93],[16.12,39.06],[15.9,39.77],[15.67,39.9],[15.75,40.03],[15.43,40.03],[15.2,40.23],[15.04,40.23],[14.89,40.68],[14.42,40.68],[14.42,40.87],[14.1,40.87],[13.95,41.13],[13.79,41.13],[13.71,41.26],[13.0,41.33],[12.92,41.46],[12.6,41.52],[12.13,41.91],[12.13,42.04],[11.81,42.11],[11.65,42.37],[11.49,42.3],[11.42,42.43],[11.26,42.43],[11.18,42.63],[11.02,42.63],[11.02,42.82],[10.54,43.08],[10.21,43.99],[9.89,43.99],[9.97,44.12],[9.73,44.12],[9.16,44.45],[8.43,44.39],[8.03,43.93],[7.15,43.73],[6.99,43.54],[6.67,43.47],[6.52,43.21],[6.28,43.15],[5.8,43.15],[5.63,43.28],[5.39,43.28],[5.39,43.41],[5.06,43.47],[4.18,43.47],[4.17,43.6],[3.85,43.6],[3.62,43.41],[3.14,43.28],[2.98,43.15],[3.01,42.56],[3.18,42.37],[3.12,41.91],[2.57,41.59],[2.33,41.59],[2.11,41.33],[1.24,41.2],[0.7,40.94],[0.71,40.68],[0.25,40.42],[0.18,40.16],[-0.85,40.23],[-1.32,40.1],[-1.56,40.23],[-2.44,40.36],[-2.85,40.55],[-3.08,40.48],[-3.57,40.68],[-3.88,40.61],[-4.76,40.74],[-5.5,41.07],[-5.58,41.07],[-5.93,41.39],[-6.17,41.46],[-6.2,41.72],[-5.77,42.24],[-5.73,42.76],[-5.65,42.76],[-2.68,42.63],[-2.53,42.76],[-2.28,42.63],[-2.13,42.82],[-1.81,42.76],[-1.33,42.82],[-1.26,42.95],[-0.94,42.95],[-1.11,43.08],[-1.42,43.02],[-1.52,43.21],[-1.44,43.28],[-1.76,43.28],[-1.39,43.67],[-1.21,44.65],[-1.22,44.71],[-1.06,44.78],[0.3,43.8],[1.12,43.41],[1.6,43.54],[1.9,43.93],[1.89,44.19],[1.55,44.45],[1.39,44.45],[0.54,45.17],[0.37,45.17],[-0.23,45.69],[-0.39,45.69],[-1.09,46.28],[-1.25,46.28],[-1.33,46.28],[-1.67,46.35],[-2.01,46.61],[-2.02,46.74],[-2.19,46.81],[-2.14,47.14],[-2.23,47.27],[-2.56,47.27],[-2.58,47.47],[-2.83,47.53],[-2.84,47.6],[-2.45,47.86],[-1.8,47.99],[-1.65,48.19],[-1.65,48.26],[-1.67,48.46],[-1.51,48.52],[-1.6,48.65],[-1.61,48.72],[-1.72,49.05],[-1.64,49.05],[-1.65,49.25],[-1.91,49.38],[-2.03,49.78],[-1.36,49.78],[-1.25,49.45],[0.01,49.38],[-0.01,49.65],[0.22,49.85],[1.05,49.98],[1.37,50.25],[1.45,50.25],[1.97,50.11],[3.14,50.11],[4.15,49.98],[4.32,50.11],[4.31,50.25],[4.64,50.38],[4.64,50.51],[4.97,50.58],[5.05,50.71],[5.81,50.71],[5.89,50.71],[5.97,50.78],[5.96,51.18],[6.2,51.51],[6.71,51.51],[6.89,51.38],[7.06,50.98],[7.24,50.91],[7.24,50.71],[7.75,50.31],[7.68,49.91],[8.18,49.85],[8.18,49.78],[8.35,49.65],[8.28,49.18]]],[[[14.5,44.52],[14.26,44.58],[14.27,44.97],[14.35,44.97],[14.51,44.91],[14.5,44.52]]],[[[19.0,45.37],[19.24,45.24],[19.89,45.24],[20.14,45.37],[20.29,45.17],[19.94,44.71],[19.84,44.32],[19.67,44.25],[19.66,44.06],[19.41,43.93],[19.47,43.6],[19.31,43.6],[19.3,43.41],[19.46,43.28],[19.11,42.82],[19.17,42.3],[19.01,42.24],[18.93,42.24],[18.85,42.37],[18.14,42.63],[17.83,42.89],[17.59,42.89],[17.51,42.76],[17.52,42.95],[17.36,42.95],[17.37,43.21],[17.12,43.15],[17.05,43.41],[16.73,43.34],[16.73,43.54],[16.58,43.6],[15.93,43.47],[16.01,43.6],[15.86,43.8],[15.7,43.8],[15.62,43.93],[15.37,43.86],[15.46,43.99],[15.22,44.06],[15.15,44.39],[14.91,44.58],[14.92,44.97],[14.52,45.1],[14.6,45.37],[14.2,45.37],[14.19,45.04],[13.95,45.04],[13.94,44.91],[13.78,44.91],[13.71,45.24],[13.54,45.3],[13.55,45.5],[13.71,45.5],[13.71,45.69],[13.71,45.76],[13.8,46.09],[13.97,46.15],[13.97,46.35],[14.05,46.35],[14.06,46.55],[14.22,46.61],[14.39,47.01],[14.56,47.07],[14.99,47.86],[15.16,47.93],[15.25,48.26],[16.08,48.19],[16.66,48.32],[17.07,48.06],[17.06,47.8],[16.72,47.66],[16.63,47.47],[16.46,47.4],[16.44,46.61],[16.6,46.55],[16.59,46.41],[16.84,46.35],[17.15,46.02],[17.88,45.76],[18.45,45.76],[18.78,45.89],[18.93,45.56],[18.92,45.5],[19.0,45.5],[19.0,45.37]]]]},"properties":{"id":"territory:Western Roman Empire:452","name":"서로마 제국","name_en":"Western Roman Empire","actor":"로마","valid_from":452,"valid_to":455,"wikidata":"Q42834","area":1104728,"src":"cliopatria","confidence":"medium"}},{"type":"Feature","geometry":{"type":"Point","coordinates":[4.966,45.269]},"properties":{"id":"territory:Western Roman Empire:452:label","name":"서로마 제국","name_en":"Western Roman Empire","actor":"로마","valid_from":452,"valid_to":455,"wikidata":"Q42834","area":1104728,"src":"cliopatria","confidence":"medium"}},{"type":"Feature","geometry":{"type":"MultiPolygon","coordinates":[[[[76.65,42.95],[77.85,42.95],[77.93,42.95],[79.08,42.82],[79.25,42.63],[79.41,42.63],[79.44,42.5],[80.03,42.37],[77.8,41.52],[78.04,41.33],[78.05,41.13],[78.29,41.13],[78.24,41.0],[78.39,40.74],[78.29,40.23],[78.36,40.23],[78.26,39.45],[78.34,39.45],[78.03,38.74],[77.47,38.48],[77.39,38.48],[77.22,38.67],[75.98,38.74],[74.98,38.55],[74.81,38.22],[74.65,38.22],[74.54,37.84],[74.62,37.84],[74.54,37.58],[74.66,37.45],[74.53,37.25],[74.68,37.25],[74.57,37.13],[74.78,37.06],[74.67,36.93],[74.75,36.93],[74.71,36.8],[74.95,36.55],[75.0,36.16],[75.2,36.03],[75.16,35.9],[75.3,35.84],[75.29,35.52],[75.37,35.52],[75.32,35.32],[74.91,34.94],[74.95,34.81],[74.72,34.81],[74.76,34.68],[74.44,34.61],[74.33,34.49],[74.25,34.49],[73.64,34.81],[73.61,34.68],[73.34,34.55],[73.37,34.04],[73.17,33.84],[72.77,33.78],[72.72,33.91],[72.42,33.91],[72.46,34.1],[72.14,34.04],[71.5,33.26],[70.95,32.88],[70.7,32.43],[69.87,32.11],[69.67,31.91],[69.29,31.91],[69.02,31.72],[68.94,32.04],[68.61,32.3],[68.64,32.43],[68.38,32.69],[68.09,32.75],[68.12,32.88],[67.42,33.2],[67.19,33.2],[67.22,33.33],[66.99,33.33],[66.88,33.52],[66.52,33.65],[66.02,34.16],[65.46,34.42],[65.14,34.74],[65.17,34.87],[64.85,35.19],[64.83,35.77],[64.75,35.77],[65.12,38.61],[63.7,39.19],[63.25,39.58],[63.09,39.58],[63.05,39.71],[62.61,39.84],[62.58,40.03],[62.66,40.03],[62.95,40.23],[63.02,40.48],[62.77,40.74],[62.76,41.0],[62.56,41.13],[62.6,41.26],[62.34,41.46],[62.45,41.59],[62.29,41.85],[62.36,42.11],[62.76,42.37],[66.03,42.37],[66.39,42.24],[68.17,42.04],[69.53,42.04],[69.73,42.17],[70.49,42.3],[70.64,42.5],[70.58,42.56],[70.74,42.56],[70.99,42.82],[71.46,43.02],[72.5,43.02],[74.01,43.21],[74.3,43.34],[74.69,43.08],[75.34,42.89],[75.74,42.89],[75.87,43.02],[76.57,42.95],[76.65,42.95]]],[[[62.36,41.26],[62.38,41.33],[62.46,41.33],[62.44,41.26],[62.36,41.26]]],[[[62.3,41.33],[62.32,41.39],[62.4,41.39],[62.38,41.33],[62.3,41.33]]]]},"properties":{"id":"territory:White Huns:451","name":"백훈(에프탈)","name_en":"White Huns","actor":"기타중립","valid_from":451,"valid_to":490,"wikidata":"Q41761342","area":1097409,"src":"cliopatria","confidence":"medium"}},{"type":"Feature","geometry":{"type":"Point","coordinates":[70.504,38.539]},"properties":{"id":"territory:White Huns:451:label","name":"백훈(에프탈)","name_en":"White Huns","actor":"기타중립","valid_from":451,"valid_to":490,"wikidata":"Q41761342","area":1097409,"src":"cliopatria","confidence":"medium"}},{"type":"Feature","geometry":{"type":"MultiPolygon","coordinates":[[[[9.82,40.74],[9.82,40.36],[9.67,40.29],[9.75,39.64],[9.67,39.64],[9.59,39.13],[9.12,39.19],[8.97,38.87],[8.73,38.87],[8.34,39.0],[8.41,39.26],[8.33,39.26],[8.33,39.51],[8.41,39.51],[8.48,39.9],[8.32,39.97],[8.4,40.29],[8.32,40.29],[8.32,40.48],[8.16,40.55],[8.15,40.94],[8.55,40.87],[9.02,41.26],[9.1,41.26],[9.5,41.2],[9.82,40.74]]],[[[9.49,42.76],[9.57,42.76],[9.58,41.98],[9.5,41.98],[9.5,41.78],[9.26,41.39],[9.1,41.33],[8.78,41.52],[8.78,41.72],[8.62,41.72],[8.7,41.91],[8.54,42.11],[8.53,42.5],[8.77,42.69],[9.17,42.76],[9.25,43.02],[9.33,43.02],[9.49,43.02],[9.49,42.76]]],[[[10.46,42.69],[10.21,42.69],[10.13,42.89],[10.21,42.89],[10.46,42.89],[10.46,42.69]]],[[[-1.77,43.41],[-1.77,43.34],[-1.85,43.34],[-1.85,43.41],[-1.77,43.41]]],[[[7.06,47.86],[7.06,47.8],[6.81,47.93],[6.14,47.99],[5.5,47.6],[5.25,47.6],[5.16,47.73],[3.92,47.73],[2.95,47.47],[3.03,47.33],[2.97,47.07],[3.23,46.74],[3.08,46.48],[3.66,46.35],[4.08,46.09],[4.16,46.09],[4.16,46.02],[4.24,46.02],[4.24,45.96],[4.4,46.09],[4.65,46.09],[4.82,45.89],[5.97,45.5],[7.03,45.56],[7.76,45.82],[8.08,46.09],[8.08,46.22],[8.4,46.41],[8.4,46.55],[8.64,46.68],[8.72,46.94],[8.81,46.94],[9.13,47.27],[9.62,47.47],[9.62,47.53],[11.19,47.4],[11.93,47.66],[12.76,47.66],[13.42,47.8],[14.09,48.06],[14.17,48.19],[14.76,48.32],[15.17,48.32],[15.5,48.19],[16.66,48.32],[17.07,48.06],[17.06,47.8],[16.72,47.66],[16.63,47.47],[16.46,47.4],[16.44,46.61],[16.6,46.55],[16.59,46.41],[16.84,46.35],[17.15,46.02],[17.88,45.76],[18.45,45.76],[18.78,45.89],[18.93,45.56],[18.92,45.5],[19.0,45.5],[19.0,45.37],[19.24,45.24],[19.89,45.24],[20.14,45.37],[20.29,45.17],[19.94,44.71],[19.84,44.32],[19.67,44.25],[19.66,44.06],[19.41,43.93],[19.47,43.6],[19.31,43.6],[19.3,43.41],[19.46,43.28],[19.11,42.82],[19.17,42.3],[19.01,42.24],[18.93,42.24],[18.85,42.37],[18.14,42.63],[17.83,42.89],[17.59,42.89],[17.51,42.76],[17.52,42.95],[17.36,42.95],[17.37,43.21],[17.12,43.15],[17.05,43.41],[16.73,43.34],[16.73,43.54],[16.58,43.6],[15.93,43.47],[16.01,43.6],[15.86,43.8],[15.7,43.8],[15.62,43.93],[15.37,43.86],[15.46,43.99],[15.22,44.06],[15.15,44.39],[14.91,44.58],[14.92,44.97],[14.52,45.1],[14.6,45.37],[14.2,45.37],[14.19,45.04],[13.95,45.04],[13.94,44.91],[13.78,44.91],[13.71,45.24],[13.54,45.3],[13.55,45.5],[13.71,45.5],[13.71,45.76],[13.14,45.82],[13.06,45.63],[12.82,45.69],[12.65,45.56],[12.16,45.5],[12.16,45.17],[12.4,45.04],[12.4,44.78],[12.16,44.84],[12.15,44.45],[12.31,44.19],[12.87,43.8],[13.04,43.86],[13.03,43.73],[13.36,43.67],[13.67,43.41],[13.75,43.08],[13.99,42.95],[13.9,42.76],[14.06,42.5],[14.61,42.11],[14.77,42.17],[14.77,42.04],[14.92,41.98],[15.17,42.04],[15.24,41.91],[16.12,41.91],[16.11,41.78],[15.87,41.72],[15.94,41.39],[17.2,41.0],[17.51,40.74],[17.98,40.61],[18.44,40.16],[18.35,39.9],[18.11,39.9],[17.81,40.36],[17.42,40.36],[17.35,40.55],[17.03,40.55],[16.87,40.48],[16.95,40.42],[16.86,40.29],[16.62,40.29],[16.7,40.1],[16.46,39.97],[16.45,39.64],[16.92,39.51],[17.07,39.38],[17.14,39.06],[16.5,38.8],[16.49,38.42],[15.93,37.96],[15.7,37.96],[15.63,38.29],[15.94,38.35],[15.95,38.67],[16.27,38.74],[16.27,38.93],[16.12,39.06],[15.9,39.77],[15.67,39.9],[15.75,40.03],[15.43,40.03],[15.2,40.23],[15.04,40.23],[14.89,40.68],[14.42,40.68],[14.42,40.87],[14.1,40.87],[13.95,41.13],[13.79,41.13],[13.71,41.26],[13.0,41.33],[12.92,41.46],[12.6,41.52],[12.13,41.91],[12.13,42.04],[11.81,42.11],[11.65,42.37],[11.49,42.3],[11.42,42.43],[11.26,42.43],[11.18,42.63],[11.02,42.63],[11.02,42.82],[10.54,43.08],[10.21,43.99],[9.89,43.99],[9.97,44.12],[9.73,44.12],[9.16,44.45],[8.43,44.39],[8.03,43.93],[7.15,43.73],[6.99,43.54],[6.67,43.47],[6.52,43.21],[6.28,43.15],[5.8,43.15],[5.63,43.28],[5.39,43.28],[5.39,43.41],[5.06,43.47],[4.18,43.47],[4.17,43.6],[3.85,43.6],[3.62,43.41],[3.14,43.28],[2.98,43.15],[3.01,42.56],[3.18,42.37],[3.12,41.91],[2.57,41.59],[2.33,41.59],[2.11,41.33],[1.24,41.2],[0.7,40.94],[0.71,40.68],[0.25,40.42],[0.18,40.16],[-0.85,40.23],[-1.32,40.1],[-1.56,40.23],[-2.44,40.36],[-2.85,40.55],[-3.08,40.48],[-3.57,40.68],[-3.88,40.61],[-4.76,40.74],[-5.5,41.07],[-5.58,41.07],[-5.93,41.39],[-6.17,41.46],[-6.2,41.72],[-5.77,42.24],[-5.73,42.76],[-5.65,42.76],[-2.68,42.63],[-2.53,42.76],[-2.28,42.63],[-2.13,42.82],[-1.57,42.82],[-1.48,42.69],[-1.49,42.82],[-1.33,42.82],[-1.26,42.95],[-0.94,42.95],[-1.11,43.08],[-1.42,43.02],[-1.52,43.21],[-1.44,43.28],[-1.76,43.28],[-1.39,43.67],[-1.21,44.65],[-1.22,44.71],[-1.06,44.78],[0.3,43.8],[1.12,43.41],[1.6,43.54],[1.9,43.93],[1.89,44.19],[1.55,44.45],[1.39,44.45],[0.54,45.17],[0.37,45.17],[-0.23,45.69],[-0.39,45.69],[-1.09,46.28],[-1.25,46.28],[-1.33,46.28],[-1.67,46.35],[-2.01,46.61],[-2.02,46.74],[-2.19,46.81],[-2.14,47.14],[-2.23,47.27],[-2.56,47.27],[-2.58,47.47],[-2.83,47.53],[-2.84,47.6],[-2.75,47.6],[-2.77,47.73],[-2.12,47.86],[-1.64,48.13],[-1.67,48.46],[-1.51,48.52],[-1.6,48.65],[-1.61,48.72],[-1.72,49.05],[-1.64,49.05],[-1.65,49.25],[-1.91,49.38],[-2.03,49.78],[-1.36,49.78],[-1.25,49.45],[0.01,49.38],[-0.01,49.65],[0.22,49.85],[1.05,49.98],[1.37,50.25],[1.45,50.25],[1.97,50.11],[1.72,50.11],[1.72,49.98],[1.56,49.91],[1.51,49.32],[1.78,49.05],[2.12,48.92],[3.37,48.92],[3.63,48.72],[3.96,48.72],[4.28,49.12],[4.6,49.25],[4.71,48.79],[6.12,48.79],[6.69,49.12],[6.69,49.25],[6.86,49.32],[6.85,49.45],[7.02,49.58],[7.43,49.65],[7.69,49.52],[7.69,49.32],[7.53,49.18],[7.53,48.99],[7.28,48.79],[7.29,48.59],[7.29,48.52],[7.21,48.52],[7.14,47.86],[7.06,47.86]]],[[[14.5,44.52],[14.26,44.58],[14.27,44.97],[14.35,44.97],[14.51,44.91],[14.5,44.52]]],[[[10.03,47.99],[10.03,48.32],[10.2,48.52],[11.36,48.85],[11.86,49.18],[12.61,48.99],[12.94,48.72],[13.27,48.72],[13.35,48.59],[13.77,48.52],[13.35,48.32],[13.26,48.32],[12.85,48.19],[12.43,48.26],[10.03,47.99]]],[[[6.2,51.51],[6.71,51.51],[6.89,51.38],[7.06,50.98],[7.24,50.91],[7.24,50.71],[7.75,50.31],[7.67,50.05],[6.99,50.58],[6.81,51.05],[6.3,51.05],[6.06,50.85],[5.97,50.85],[5.96,51.18],[6.2,51.51]]]]},"properties":{"id":"territory:Western Roman Empire:451","name":"서로마 제국","name_en":"Western Roman Empire","actor":"로마","valid_from":451,"valid_to":452,"wikidata":"Q42834","area":1051343,"src":"cliopatria","confidence":"medium"}},{"type":"Feature","geometry":{"type":"Point","coordinates":[6.922,44.784]},"properties":{"id":"territory:Western Roman Empire:451:label","name":"서로마 제국","name_en":"Western Roman Empire","actor":"로마","valid_from":451,"valid_to":452,"wikidata":"Q42834","area":1051343,"src":"cliopatria","confidence":"medium"}},{"type":"Feature","geometry":{"type":"MultiPolygon","coordinates":[[[[72.35,37.0],[72.3,36.8],[72.38,36.8],[72.23,36.55],[72.31,36.55],[72.3,36.22],[72.5,36.1],[72.47,35.97],[72.64,36.03],[72.61,35.9],[72.82,35.84],[72.71,35.71],[73.44,34.94],[73.73,34.87],[73.72,34.81],[73.34,34.55],[73.37,34.04],[73.17,33.84],[72.77,33.78],[72.72,33.91],[72.42,33.91],[72.46,34.1],[72.14,34.04],[71.5,33.26],[70.95,32.88],[70.7,32.43],[69.87,32.11],[69.67,31.91],[69.29,31.91],[69.02,31.72],[68.94,32.04],[68.61,32.3],[68.64,32.43],[68.38,32.69],[68.09,32.75],[68.12,32.88],[67.42,33.2],[67.19,33.2],[67.22,33.33],[66.99,33.33],[66.88,33.52],[66.52,33.65],[66.41,33.84],[66.25,33.84],[66.02,34.16],[65.86,34.16],[65.75,34.36],[65.46,34.42],[65.14,34.74],[65.17,34.87],[64.9,35.07],[64.9,35.39],[64.77,35.52],[64.83,35.77],[64.75,35.77],[64.84,36.16],[64.76,36.16],[65.11,38.55],[64.5,38.93],[64.26,38.93],[63.7,39.19],[63.25,39.58],[63.09,39.58],[63.05,39.71],[62.61,39.84],[62.58,40.03],[62.66,40.03],[62.95,40.23],[63.02,40.48],[62.77,40.74],[62.76,41.0],[62.56,41.13],[62.6,41.26],[62.34,41.46],[62.45,41.59],[62.29,41.85],[62.36,42.11],[62.76,42.37],[66.03,42.37],[66.39,42.24],[68.17,42.04],[69.53,42.04],[69.73,42.17],[70.49,42.3],[70.64,42.5],[70.58,42.56],[70.74,42.56],[70.99,42.82],[71.46,43.02],[72.5,43.02],[74.01,43.21],[74.3,43.34],[75.04,42.95],[75.66,42.89],[75.74,42.89],[75.88,42.82],[75.76,42.5],[76.21,42.43],[76.2,42.17],[76.33,42.11],[76.21,41.98],[76.24,41.85],[76.8,41.85],[76.65,41.65],[76.98,41.46],[77.8,41.52],[78.04,41.33],[78.05,41.13],[78.29,41.13],[78.24,41.0],[78.39,40.74],[78.29,40.23],[78.36,40.23],[78.26,39.45],[78.34,39.45],[78.03,38.74],[77.47,38.48],[77.39,38.48],[77.16,38.74],[76.6,38.93],[73.77,39.45],[73.69,39.45],[73.67,39.38],[73.63,39.26],[73.75,39.13],[73.49,38.55],[72.99,38.16],[72.72,37.77],[72.7,37.71],[72.35,37.0]]],[[[72.5,36.1],[72.52,36.16],[72.6,36.16],[72.58,36.1],[72.5,36.1]]],[[[62.38,41.33],[62.46,41.33],[62.44,41.26],[62.36,41.26],[62.38,41.33]]],[[[62.32,41.39],[62.4,41.39],[62.38,41.33],[62.3,41.33],[62.32,41.39]]]]},"properties":{"id":"territory:Kidarites:402","name":"키다라","name_en":"Kidarites","actor":"기타중립","valid_from":402,"valid_to":443,"wikidata":"Q26996","area":961557,"src":"cliopatria","confidence":"medium"}},{"type":"Feature","geometry":{"type":"Point","coordinates":[69.853,38.54]},"properties":{"id":"territory:Kidarites:402:label","name":"키다라","name_en":"Kidarites","actor":"기타중립","valid_from":402,"valid_to":443,"wikidata":"Q26996","area":961557,"src":"cliopatria","confidence":"medium"}},{"type":"Feature","geometry":{"type":"MultiPolygon","coordinates":[[[[9.82,40.74],[9.82,40.36],[9.67,40.29],[9.75,39.64],[9.67,39.64],[9.59,39.13],[9.12,39.19],[8.97,38.87],[8.73,38.87],[8.34,39.0],[8.41,39.26],[8.33,39.26],[8.33,39.51],[8.41,39.51],[8.48,39.9],[8.32,39.97],[8.4,40.29],[8.32,40.29],[8.32,40.48],[8.16,40.55],[8.15,40.94],[8.55,40.87],[9.02,41.26],[9.1,41.26],[9.5,41.2],[9.82,40.74]]],[[[9.49,42.76],[9.57,42.76],[9.58,41.98],[9.5,41.98],[9.5,41.78],[9.26,41.39],[9.1,41.33],[8.78,41.52],[8.78,41.72],[8.62,41.72],[8.7,41.91],[8.54,42.11],[8.53,42.5],[8.77,42.69],[9.17,42.76],[9.25,43.02],[9.33,43.02],[9.49,43.02],[9.49,42.76]]],[[[10.46,42.69],[10.21,42.69],[10.13,42.89],[10.21,42.89],[10.46,42.89],[10.46,42.69]]],[[[4.13,44.65],[4.14,44.58],[4.05,44.58],[4.22,44.39],[4.39,44.39],[4.39,44.25],[4.96,44.12],[5.2,44.19],[5.28,44.32],[6.73,44.45],[6.89,44.52],[6.97,44.71],[6.89,44.71],[6.89,44.78],[6.88,44.84],[6.96,45.04],[7.37,45.1],[7.53,45.24],[7.44,45.69],[8.08,46.09],[8.08,46.22],[8.64,46.68],[8.72,46.94],[8.81,46.94],[9.13,47.27],[9.3,47.27],[9.38,47.4],[9.95,47.66],[9.87,47.86],[9.95,47.86],[10.03,48.32],[10.2,48.52],[11.36,48.85],[11.86,49.18],[12.61,48.99],[12.94,48.72],[13.6,48.59],[13.68,48.59],[13.76,48.46],[14.26,48.26],[16.16,48.26],[16.07,47.86],[15.98,47.86],[15.78,46.61],[15.61,46.41],[14.86,46.09],[14.86,45.96],[14.61,45.82],[14.61,45.63],[14.93,45.56],[15.17,45.17],[15.49,44.91],[15.65,44.91],[15.64,44.71],[15.88,44.71],[16.04,44.58],[16.19,44.25],[16.36,44.25],[16.43,43.99],[17.15,43.8],[17.22,43.67],[17.86,43.41],[19.31,43.54],[19.46,43.28],[19.11,42.82],[19.17,42.3],[19.01,42.24],[18.93,42.24],[18.85,42.37],[18.14,42.63],[17.83,42.89],[17.59,42.89],[17.51,42.76],[17.52,42.95],[17.36,42.95],[17.37,43.21],[17.12,43.15],[17.05,43.41],[16.73,43.34],[16.73,43.54],[16.58,43.6],[15.93,43.47],[16.01,43.6],[15.86,43.8],[15.7,43.8],[15.62,43.93],[15.37,43.86],[15.46,43.99],[15.22,44.06],[15.15,44.39],[14.91,44.58],[14.92,44.97],[14.52,45.1],[14.6,45.37],[14.2,45.37],[14.19,45.04],[13.95,45.04],[13.94,44.91],[13.78,44.91],[13.71,45.24],[13.54,45.3],[13.55,45.5],[13.71,45.5],[13.71,45.76],[13.14,45.82],[13.06,45.63],[12.82,45.69],[12.65,45.56],[12.16,45.5],[12.16,45.17],[12.4,45.04],[12.4,44.78],[12.16,44.84],[12.15,44.45],[12.31,44.19],[12.87,43.8],[13.04,43.86],[13.03,43.73],[13.36,43.67],[13.67,43.41],[13.75,43.08],[13.99,42.95],[13.9,42.76],[14.06,42.5],[14.37,42.24],[14.53,42.24],[14.61,42.11],[14.77,42.17],[14.77,42.04],[14.92,41.98],[15.17,42.04],[15.24,41.91],[16.12,41.91],[16.11,41.78],[15.87,41.72],[15.94,41.39],[16.73,41.2],[17.44,40.87],[17.51,40.74],[17.98,40.61],[18.36,40.29],[18.44,40.1],[18.36,40.1],[18.35,39.9],[18.11,39.9],[17.81,40.36],[17.42,40.36],[17.35,40.55],[16.87,40.48],[16.94,40.36],[16.62,40.29],[16.7,40.1],[16.46,39.97],[16.45,39.64],[16.92,39.51],[17.07,39.38],[17.14,39.06],[16.66,38.93],[16.5,38.8],[16.49,38.42],[15.93,37.96],[15.7,37.96],[15.63,38.29],[15.94,38.35],[15.95,38.67],[16.27,38.74],[16.27,38.93],[16.12,39.06],[15.9,39.77],[15.67,39.9],[15.75,40.03],[15.43,40.03],[15.2,40.23],[15.04,40.23],[14.89,40.68],[14.42,40.68],[14.42,40.87],[14.1,40.87],[13.95,41.13],[13.79,41.13],[13.71,41.26],[13.0,41.33],[12.92,41.46],[12.53,41.59],[12.53,41.65],[12.77,41.78],[12.77,42.24],[12.54,42.43],[12.06,42.5],[11.73,42.24],[11.73,42.3],[11.26,42.43],[11.18,42.63],[11.02,42.63],[11.02,42.82],[10.54,43.08],[10.37,43.67],[10.13,44.06],[9.89,43.99],[9.97,44.12],[9.73,44.12],[9.16,44.45],[8.59,44.45],[8.19,44.19],[8.03,43.93],[7.15,43.73],[6.99,43.54],[6.67,43.47],[6.52,43.21],[6.28,43.15],[5.8,43.15],[5.63,43.28],[5.39,43.28],[5.39,43.41],[5.06,43.47],[4.18,43.47],[4.17,43.6],[3.85,43.6],[3.62,43.41],[3.14,43.28],[2.98,43.15],[3.01,42.56],[3.18,42.37],[3.12,41.91],[2.57,41.59],[2.33,41.59],[2.11,41.33],[1.24,41.2],[0.7,40.94],[0.71,40.68],[0.25,40.42],[0.18,40.16],[-0.85,40.23],[-1.32,40.1],[-1.56,40.23],[-2.44,40.36],[-2.85,40.55],[-3.08,40.48],[-3.57,40.68],[-3.88,40.61],[-4.76,40.74],[-5.5,41.07],[-5.58,41.07],[-5.93,41.39],[-6.17,41.46],[-6.2,41.72],[-5.77,42.24],[-5.73,42.76],[-5.65,42.76],[-2.68,42.63],[-2.53,42.76],[-2.28,42.63],[-2.13,42.82],[-1.81,42.76],[-1.33,42.82],[-1.26,42.95],[-0.94,42.95],[-0.94,43.02],[0.04,42.69],[1.07,42.82],[1.41,42.63],[1.97,42.56],[2.12,42.76],[2.1,43.08],[2.18,43.08],[2.15,43.86],[1.55,44.45],[1.39,44.45],[0.54,45.17],[0.37,45.17],[-0.23,45.69],[-0.39,45.69],[-1.09,46.28],[-1.25,46.28],[-1.33,46.28],[-1.67,46.35],[-2.01,46.61],[-2.02,46.74],[-2.19,46.81],[-2.14,47.14],[-2.23,47.27],[-2.56,47.27],[-2.58,47.47],[-2.83,47.53],[-2.84,47.6],[-2.45,47.86],[-1.8,47.99],[-1.65,48.19],[-1.65,48.26],[-1.67,48.46],[-1.51,48.52],[-1.6,48.65],[-1.61,48.72],[-1.72,49.05],[-1.64,49.05],[-1.65,49.25],[-1.91,49.38],[-2.03,49.78],[-1.36,49.78],[-1.25,49.45],[0.01,49.38],[-0.01,49.65],[0.22,49.85],[1.05,49.98],[1.37,50.25],[1.45,50.25],[1.97,50.11],[3.14,50.11],[4.15,49.98],[4.32,50.11],[4.31,50.25],[4.64,50.38],[4.64,50.51],[4.97,50.58],[5.05,50.71],[5.81,50.71],[5.89,50.71],[5.97,50.78],[5.96,51.18],[6.2,51.51],[6.71,51.51],[6.89,51.38],[7.06,50.98],[7.24,50.91],[7.24,50.71],[7.75,50.31],[7.68,49.91],[8.18,49.85],[8.18,49.78],[8.35,49.65],[8.28,49.18],[8.11,48.99],[7.53,49.05],[7.36,48.92],[7.21,48.26],[7.13,48.26],[7.14,47.86],[7.06,47.86],[7.06,47.8],[6.81,47.93],[6.14,47.99],[5.5,47.6],[5.25,47.6],[5.16,47.73],[3.92,47.73],[2.95,47.47],[3.03,47.33],[2.97,47.07],[3.23,46.74],[3.08,46.48],[3.86,45.43],[4.04,44.84],[4.05,44.78],[3.97,44.78],[3.97,44.71],[3.97,44.65],[4.05,44.65],[4.13,44.65]]],[[[14.5,44.52],[14.26,44.58],[14.27,44.97],[14.35,44.97],[14.51,44.91],[14.5,44.52]]]]},"properties":{"id":"territory:Western Roman Empire:455","name":"서로마 제국","name_en":"Western Roman Empire","actor":"로마","valid_from":455,"valid_to":458,"wikidata":"Q42834","area":960284,"src":"cliopatria","confidence":"medium"}},{"type":"Feature","geometry":{"type":"Point","coordinates":[6.187,45.403]},"properties":{"id":"territory:Western Roman Empire:455:label","name":"서로마 제국","name_en":"Western Roman Empire","actor":"로마","valid_from":455,"valid_to":458,"wikidata":"Q42834","area":960284,"src":"cliopatria","confidence":"medium"}},{"type":"Feature","geometry":{"type":"MultiPolygon","coordinates":[[[[44.68,43.6],[44.7,43.67],[44.78,43.67],[44.76,43.6],[44.68,43.6]]],[[[35.02,45.3],[36.42,45.43],[36.37,45.1],[35.88,45.04],[35.73,45.17],[35.41,45.17],[35.3,44.97],[34.38,44.78],[33.93,44.45],[33.52,44.45],[33.47,44.65],[33.55,44.65],[33.61,45.1],[32.92,45.43],[32.6,45.43],[33.04,45.69],[33.71,45.82],[33.74,46.02],[34.15,46.09],[34.54,45.96],[34.74,45.63],[34.82,45.63],[34.99,45.63],[35.02,45.3]]],[[[30.22,45.96],[30.21,45.89],[30.13,45.89],[30.04,45.89],[30.05,45.96],[30.13,45.96],[30.22,45.96]]],[[[53.08,45.96],[53.1,46.02],[53.18,46.02],[53.17,45.96],[53.08,45.96]]],[[[47.33,45.43],[47.29,45.24],[47.1,45.1],[47.04,44.84],[46.69,44.71],[46.63,44.45],[47.01,44.32],[47.34,43.99],[47.41,43.54],[46.92,43.54],[46.95,43.67],[46.75,43.86],[46.27,43.86],[46.29,43.99],[45.93,43.8],[45.61,43.8],[45.08,43.6],[44.79,43.73],[44.13,43.67],[44.08,43.8],[43.38,43.93],[43.4,44.06],[43.13,44.32],[43.15,44.45],[42.57,44.78],[41.33,44.65],[41.01,44.71],[40.32,44.45],[39.6,44.52],[38.75,44.25],[38.61,44.39],[38.22,44.45],[38.01,44.71],[37.53,44.71],[37.26,45.04],[36.78,45.1],[36.82,45.37],[36.74,45.37],[36.91,45.43],[36.97,45.3],[37.7,45.3],[37.75,45.56],[37.59,45.63],[37.76,45.63],[37.89,45.96],[38.33,46.15],[38.37,46.35],[37.9,46.48],[37.84,46.61],[38.49,46.61],[38.62,46.87],[38.79,46.87],[38.89,47.01],[39.13,46.94],[39.27,47.27],[39.2,47.33],[38.68,47.2],[37.52,47.14],[37.17,47.01],[37.23,46.87],[36.91,46.94],[36.8,46.81],[35.63,46.68],[35.25,46.28],[34.76,46.28],[34.74,46.15],[34.08,46.15],[34.02,46.28],[33.61,46.28],[33.59,46.15],[32.95,46.22],[32.85,46.09],[32.68,46.09],[32.06,46.35],[31.82,46.35],[31.84,46.48],[32.16,46.48],[32.19,46.68],[31.79,46.74],[31.61,46.61],[30.88,46.68],[30.48,46.15],[30.32,46.15],[30.26,46.35],[29.94,46.35],[29.95,46.48],[29.8,46.61],[29.56,46.61],[29.57,46.74],[29.12,47.14],[29.14,47.27],[28.91,47.4],[28.95,47.8],[28.55,47.86],[28.5,48.13],[28.33,48.13],[28.26,48.26],[28.09,48.19],[27.94,48.32],[27.69,48.32],[27.62,48.46],[27.37,48.46],[27.47,48.59],[27.31,48.65],[26.14,48.59],[25.74,48.72],[25.67,48.85],[25.33,48.79],[24.95,49.12],[24.21,49.32],[23.9,49.58],[23.32,49.58],[22.7,49.18],[22.62,49.25],[22.66,49.71],[23.65,50.45],[23.99,50.51],[24.01,50.71],[25.48,51.05],[27.51,51.05],[27.91,50.91],[29.24,50.78],[29.76,50.85],[30.42,50.71],[31.44,50.25],[32.2,50.25],[33.42,50.51],[33.52,50.65],[33.45,50.71],[33.63,50.78],[33.96,50.71],[34.32,50.85],[34.52,51.05],[34.87,51.11],[34.81,51.25],[35.3,51.18],[35.68,51.38],[36.36,51.38],[37.0,51.18],[36.88,51.05],[37.05,51.05],[37.41,50.71],[37.73,50.65],[38.13,50.11],[38.39,50.11],[38.26,49.91],[38.35,49.91],[38.5,49.38],[39.2,48.72],[39.51,48.59],[40.76,48.59],[42.45,48.72],[42.42,48.59],[43.0,48.59],[43.22,48.46],[44.96,48.46],[45.43,48.32],[45.73,48.19],[45.85,47.99],[46.02,47.99],[46.34,47.6],[46.59,47.6],[46.64,47.47],[46.46,47.4],[46.43,47.27],[46.77,46.94],[46.93,46.94],[47.46,46.35],[47.7,46.35],[48.38,46.81],[48.71,46.81],[49.41,47.33],[49.58,47.33],[49.97,47.6],[52.02,47.86],[53.24,47.8],[53.68,47.6],[54.52,46.74],[54.48,46.28],[54.56,46.28],[54.29,45.56],[53.88,45.56],[53.67,45.37],[53.42,45.37],[53.06,45.56],[53.07,45.89],[53.25,45.96],[53.35,46.35],[53.27,46.35],[53.27,46.68],[53.19,46.68],[53.24,46.87],[53.11,47.01],[51.86,46.94],[51.81,47.07],[51.58,47.14],[50.84,47.14],[50.3,46.94],[49.99,46.68],[49.3,46.55],[49.06,46.22],[48.64,46.15],[48.59,45.96],[48.35,45.96],[48.06,45.76],[47.57,45.76],[47.46,45.63],[47.54,45.63],[47.52,45.56],[47.48,45.37],[47.33,45.43]]],[[[32.48,50.45],[32.56,50.45],[32.55,50.38],[32.47,50.38],[32.48,50.45]]]]},"properties":{"id":"territory:Hunnic Empire:455","name":"훈 제국","name_en":"Hunnic Empire","actor":"기타중립","valid_from":455,"valid_to":469,"wikidata":"Q45813","area":828485,"src":"cliopatria","confidence":"medium"}},{"type":"Feature","geometry":{"type":"Point","coordinates":[37.521,47.736]},"properties":{"id":"territory:Hunnic Empire:455:label","name":"훈 제국","name_en":"Hunnic Empire","actor":"기타중립","valid_from":455,"valid_to":469,"wikidata":"Q45813","area":828485,"src":"cliopatria","confidence":"medium"}},{"type":"Feature","geometry":{"type":"MultiPolygon","coordinates":[[[[9.49,43.02],[9.49,42.76],[9.57,42.76],[9.58,41.98],[9.5,41.98],[9.5,41.78],[9.26,41.39],[9.1,41.33],[8.78,41.52],[8.78,41.72],[8.62,41.72],[8.7,41.91],[8.54,42.11],[8.53,42.5],[8.77,42.69],[9.17,42.76],[9.25,43.02],[9.33,43.02],[9.49,43.02]]],[[[10.46,42.69],[10.21,42.69],[10.13,42.89],[10.21,42.89],[10.46,42.89],[10.46,42.69]]],[[[19.11,42.82],[19.17,42.3],[19.01,42.24],[18.93,42.24],[18.85,42.37],[18.14,42.63],[17.83,42.89],[17.59,42.89],[17.51,42.76],[17.52,42.95],[17.36,42.95],[17.37,43.21],[17.12,43.15],[17.05,43.41],[16.73,43.34],[16.73,43.54],[16.58,43.6],[15.93,43.47],[16.01,43.6],[15.86,43.8],[15.7,43.8],[15.62,43.93],[15.37,43.86],[15.46,43.99],[15.22,44.06],[15.15,44.39],[14.91,44.58],[14.92,44.97],[14.52,45.1],[14.6,45.37],[14.2,45.37],[14.19,45.04],[13.95,45.04],[13.94,44.91],[13.78,44.91],[13.71,45.24],[13.54,45.3],[13.55,45.5],[13.71,45.5],[13.71,45.76],[13.14,45.82],[13.06,45.63],[12.82,45.69],[12.65,45.56],[12.16,45.5],[12.16,45.17],[12.4,45.04],[12.4,44.78],[12.16,44.84],[12.15,44.45],[12.31,44.19],[12.87,43.8],[13.04,43.86],[13.03,43.73],[13.36,43.67],[13.67,43.41],[13.75,43.08],[13.99,42.95],[13.9,42.76],[14.06,42.5],[14.61,42.11],[14.77,42.17],[14.77,42.04],[14.92,41.98],[15.17,42.04],[15.24,41.91],[16.12,41.91],[16.11,41.78],[15.87,41.72],[15.94,41.39],[16.73,41.2],[17.44,40.87],[17.51,40.74],[17.98,40.61],[18.36,40.29],[18.44,40.1],[18.36,40.1],[18.35,39.9],[18.11,39.9],[17.81,40.36],[17.42,40.36],[17.35,40.55],[16.87,40.48],[16.94,40.36],[16.62,40.29],[16.7,40.1],[16.46,39.97],[16.45,39.64],[16.92,39.51],[17.07,39.38],[17.14,39.06],[16.66,38.93],[16.5,38.8],[16.49,38.42],[15.93,37.96],[15.7,37.96],[15.63,38.29],[15.86,38.29],[15.95,38.67],[16.27,38.74],[15.9,39.77],[15.67,39.9],[15.75,40.03],[15.43,40.03],[14.96,40.29],[14.89,40.68],[14.42,40.68],[14.42,40.87],[14.26,40.87],[14.18,40.87],[14.27,41.2],[14.19,41.33],[14.03,41.39],[13.79,41.2],[13.71,41.2],[13.4,41.33],[13.0,41.33],[12.92,41.46],[12.6,41.52],[12.13,41.91],[12.13,42.04],[11.73,42.17],[11.65,42.37],[11.49,42.3],[11.42,42.43],[11.26,42.43],[11.18,42.63],[11.02,42.63],[11.02,42.82],[10.54,43.08],[10.21,43.99],[9.89,43.99],[9.97,44.12],[9.73,44.12],[9.16,44.45],[8.43,44.39],[8.03,43.93],[7.15,43.73],[6.99,43.54],[6.67,43.47],[6.52,43.21],[6.28,43.15],[5.8,43.15],[5.63,43.28],[5.39,43.28],[5.39,43.41],[5.06,43.47],[4.42,43.47],[4.34,43.47],[4.41,43.73],[4.73,43.86],[4.8,44.12],[5.2,44.19],[5.28,44.32],[6.73,44.45],[6.89,44.52],[6.97,44.71],[6.89,44.71],[6.89,44.78],[6.88,44.84],[6.96,45.04],[7.37,45.1],[7.53,45.24],[7.44,45.69],[8.08,46.09],[8.08,46.22],[8.64,46.68],[8.72,46.94],[8.81,46.94],[9.13,47.27],[9.3,47.27],[9.38,47.4],[9.95,47.66],[9.87,47.86],[9.95,47.86],[10.03,48.32],[10.2,48.52],[11.36,48.85],[11.86,49.18],[12.61,48.99],[12.94,48.72],[13.6,48.59],[13.68,48.59],[13.76,48.46],[14.26,48.26],[16.16,48.26],[16.07,47.86],[15.98,47.86],[15.78,46.61],[15.61,46.41],[14.86,46.09],[14.86,45.96],[14.61,45.82],[14.61,45.63],[14.93,45.56],[15.17,45.17],[15.49,44.91],[15.65,44.91],[15.64,44.71],[15.88,44.71],[16.04,44.58],[16.19,44.25],[16.36,44.25],[16.43,43.99],[17.15,43.8],[17.22,43.67],[17.86,43.41],[19.31,43.54],[19.46,43.28],[19.11,42.82]]],[[[14.51,44.91],[14.5,44.52],[14.26,44.58],[14.27,44.97],[14.35,44.97],[14.51,44.91]]],[[[8.28,49.18],[8.11,48.99],[7.53,49.05],[7.36,48.92],[7.21,48.26],[7.13,48.26],[7.14,47.86],[7.06,47.86],[7.06,47.8],[6.81,47.93],[6.14,47.99],[5.5,47.6],[5.25,47.6],[5.16,47.73],[3.92,47.73],[2.95,47.47],[3.03,47.33],[2.97,47.07],[3.23,46.74],[3.08,46.48],[3.86,45.43],[3.96,45.04],[3.14,45.1],[2.75,44.84],[2.43,44.78],[2.12,44.45],[1.3,44.52],[0.54,45.17],[0.37,45.17],[-0.23,45.69],[-0.39,45.69],[-1.09,46.28],[-1.25,46.28],[-1.33,46.28],[-1.67,46.35],[-2.01,46.61],[-2.02,46.74],[-2.19,46.81],[-2.14,47.14],[-2.23,47.27],[-2.56,47.27],[-2.58,47.47],[-2.83,47.53],[-2.84,47.6],[-2.45,47.86],[-1.8,47.99],[-1.65,48.19],[-1.65,48.26],[-1.67,48.46],[-1.51,48.52],[-1.6,48.65],[-1.61,48.72],[-1.72,49.05],[-1.64,49.05],[-1.65,49.25],[-1.91,49.38],[-2.03,49.78],[-1.36,49.78],[-1.25,49.45],[0.01,49.38],[-0.01,49.65],[0.22,49.85],[1.05,49.98],[1.37,50.25],[1.45,50.25],[1.97,50.11],[3.14,50.11],[4.15,49.98],[4.32,50.11],[4.31,50.25],[4.64,50.38],[4.64,50.51],[4.97,50.58],[5.05,50.71],[5.81,50.71],[5.89,50.71],[5.97,50.78],[5.96,51.18],[6.2,51.51],[6.71,51.51],[6.89,51.38],[7.06,50.98],[7.24,50.91],[7.24,50.71],[7.75,50.31],[7.68,49.91],[8.18,49.85],[8.18,49.78],[8.35,49.65],[8.28,49.18]]]]},"properties":{"id":"territory:Western Roman Empire:458","name":"서로마 제국","name_en":"Western Roman Empire","actor":"로마","valid_from":458,"valid_to":459,"wikidata":"Q42834","area":734195,"src":"cliopatria","confidence":"medium"}},{"type":"Feature","geometry":{"type":"Point","coordinates":[12.353,44.788]},"properties":{"id":"territory:Western Roman Empire:458:label","name":"서로마 제국","name_en":"Western Roman Empire","actor":"로마","valid_from":458,"valid_to":459,"wikidata":"Q42834","area":734195,"src":"cliopatria","confidence":"medium"}},{"type":"Feature","geometry":{"type":"MultiPolygon","coordinates":[[[[7.39,43.8],[7.15,43.73],[6.99,43.54],[6.67,43.47],[6.6,43.28],[6.28,43.15],[5.8,43.15],[5.63,43.28],[5.39,43.28],[5.39,43.41],[5.06,43.47],[4.18,43.47],[4.17,43.6],[3.85,43.6],[3.62,43.41],[3.14,43.28],[2.98,43.15],[3.01,42.56],[3.18,42.37],[3.12,41.91],[2.57,41.59],[2.33,41.59],[2.11,41.33],[1.24,41.2],[0.7,40.94],[0.71,40.68],[0.25,40.42],[0.18,40.16],[-0.13,40.03],[-0.35,39.71],[-0.31,39.13],[0.1,38.74],[-0.66,38.29],[-0.8,38.03],[-0.7,37.64],[-1.71,37.45],[-1.62,37.32],[-1.86,37.32],[-2.06,36.8],[-2.53,36.87],[-2.68,36.74],[-4.47,36.74],[-4.69,36.55],[-5.23,36.48],[-5.29,36.22],[-5.66,36.03],[-5.83,36.22],[-6.06,36.22],[-6.33,36.67],[-6.35,36.93],[-6.59,37.0],[-6.84,37.25],[-7.47,37.25],[-7.45,37.13],[-7.68,37.0],[-8.07,37.0],[-8.31,37.13],[-8.7,37.13],[-9.0,37.0],[-8.9,37.58],[-8.82,37.58],[-8.82,38.48],[-9.21,38.42],[-9.23,38.67],[-9.38,38.61],[-9.55,38.74],[-9.45,39.26],[-9.37,39.26],[-8.97,39.26],[-8.91,39.45],[-8.76,39.45],[-8.47,39.77],[-7.93,39.84],[-6.86,40.29],[-6.85,41.07],[-6.25,41.46],[-6.13,41.85],[-5.9,41.98],[-5.78,42.43],[-5.7,42.43],[-5.73,42.76],[-5.65,42.76],[-3.72,42.63],[-2.68,42.63],[-2.53,42.76],[-2.28,42.63],[-2.13,42.82],[-1.81,42.76],[-1.33,42.82],[-1.26,42.95],[-0.94,42.95],[-1.11,43.08],[-1.42,43.02],[-1.52,43.21],[-1.44,43.28],[-1.76,43.28],[-1.46,43.54],[-1.4,43.86],[-1.32,43.86],[-1.35,44.25],[-1.27,44.25],[-1.29,44.52],[-1.21,44.52],[-1.25,45.17],[-1.17,45.17],[-1.19,45.43],[-1.03,45.5],[-1.05,45.69],[-1.21,45.76],[-1.14,45.89],[-1.22,45.89],[-1.25,46.28],[-1.67,46.35],[-2.19,46.81],[-2.14,47.14],[-2.23,47.2],[-2.23,47.27],[-1.41,47.27],[-1.18,47.47],[-0.27,47.47],[-0.26,47.33],[-0.1,47.33],[-0.0,47.2],[1.31,47.2],[2.02,47.73],[2.95,47.47],[3.03,47.33],[2.97,47.07],[3.23,46.74],[3.08,46.48],[3.86,45.43],[3.87,45.17],[4.04,44.97],[3.97,44.71],[4.13,44.65],[4.22,44.39],[4.39,44.39],[4.39,44.25],[5.05,43.99],[5.86,43.93],[6.09,44.39],[6.81,44.52],[7.47,43.8],[7.39,43.8]]],[[[-1.77,43.34],[-1.85,43.34],[-1.85,43.41],[-1.77,43.41],[-1.77,43.34]]]]},"properties":{"id":"territory:Visigothic Kingdom:490","name":"서고트 왕국","name_en":"Visigothic Kingdom","actor":"게르만","valid_from":490,"valid_to":510,"wikidata":"Q126936","area":689704,"src":"cliopatria","confidence":"medium"}},{"type":"Feature","geometry":{"type":"Point","coordinates":[-1.798,41.598]},"properties":{"id":"territory:Visigothic Kingdom:490:label","name":"서고트 왕국","name_en":"Visigothic Kingdom","actor":"게르만","valid_from":490,"valid_to":510,"wikidata":"Q126936","area":689704,"src":"cliopatria","confidence":"medium"}},{"type":"Feature","geometry":{"type":"MultiPolygon","coordinates":[[[[6.98,44.25],[7.14,44.25],[7.14,44.12],[7.47,43.8],[6.67,43.47],[6.52,43.21],[5.8,43.15],[5.63,43.28],[5.39,43.28],[5.39,43.41],[4.58,43.54],[4.18,43.47],[4.17,43.6],[3.85,43.6],[2.98,43.15],[3.01,42.56],[3.18,42.37],[3.12,41.91],[2.57,41.59],[2.33,41.59],[2.11,41.33],[1.24,41.2],[0.7,40.94],[0.71,40.68],[0.25,40.42],[0.18,40.16],[-0.13,40.03],[-0.35,39.71],[-0.31,39.13],[0.1,38.74],[-0.66,38.29],[-0.8,38.03],[-0.7,37.64],[-1.71,37.45],[-1.62,37.32],[-1.86,37.32],[-2.06,36.8],[-2.53,36.87],[-2.68,36.74],[-4.47,36.74],[-4.69,36.55],[-5.23,36.48],[-5.29,36.22],[-5.66,36.03],[-5.83,36.22],[-6.06,36.22],[-6.33,36.67],[-6.35,36.93],[-6.59,37.0],[-6.84,37.25],[-7.47,37.25],[-7.45,37.13],[-7.68,37.0],[-8.07,37.0],[-8.31,37.13],[-8.7,37.13],[-9.0,37.0],[-8.9,37.58],[-8.82,37.58],[-8.82,38.48],[-9.21,38.42],[-9.23,38.67],[-9.38,38.61],[-9.55,38.74],[-9.45,39.26],[-9.37,39.26],[-8.97,39.26],[-8.91,39.45],[-8.76,39.45],[-8.47,39.77],[-7.93,39.84],[-6.86,40.29],[-6.85,41.07],[-6.25,41.46],[-6.13,41.85],[-5.9,41.98],[-5.78,42.43],[-5.7,42.43],[-5.73,42.76],[-5.65,42.76],[-3.72,42.63],[-2.68,42.63],[-2.53,42.76],[-2.28,42.63],[-2.13,42.82],[-1.81,42.76],[-1.33,42.82],[-1.26,42.95],[-0.94,42.95],[-1.11,43.08],[-1.42,43.02],[-1.52,43.21],[-1.44,43.28],[-1.76,43.28],[-1.46,43.54],[-1.4,43.86],[-1.32,43.86],[-1.35,44.25],[-1.27,44.25],[-1.29,44.52],[-1.21,44.52],[-1.25,45.17],[-1.17,45.17],[-1.19,45.43],[-1.03,45.5],[-1.05,45.69],[-1.21,45.76],[-1.14,45.89],[-1.22,45.89],[-1.25,46.28],[-1.67,46.35],[-2.19,46.81],[-2.14,47.14],[-2.23,47.2],[-2.23,47.27],[-1.41,47.27],[-1.18,47.47],[-0.27,47.47],[-0.26,47.33],[-0.1,47.33],[-0.0,47.2],[1.31,47.2],[2.02,47.73],[2.95,47.47],[3.03,47.33],[2.97,47.07],[3.23,46.74],[3.08,46.48],[3.86,45.43],[3.87,45.17],[4.04,44.97],[3.97,44.71],[4.13,44.65],[4.22,44.39],[4.39,44.39],[4.39,44.25],[5.05,43.99],[5.86,43.93],[6.09,44.39],[6.81,44.52],[6.81,44.45],[6.98,44.25]]],[[[-1.77,43.34],[-1.85,43.34],[-1.85,43.41],[-1.77,43.41],[-1.77,43.34]]]]},"properties":{"id":"territory:Visigothic Kingdom:480","name":"서고트 왕국","name_en":"Visigothic Kingdom","actor":"게르만","valid_from":480,"valid_to":490,"wikidata":"Q126936","area":689150,"src":"cliopatria","confidence":"medium"}},{"type":"Feature","geometry":{"type":"Point","coordinates":[-1.804,41.596]},"properties":{"id":"territory:Visigothic Kingdom:480:label","name":"서고트 왕국","name_en":"Visigothic Kingdom","actor":"게르만","valid_from":480,"valid_to":490,"wikidata":"Q126936","area":689150,"src":"cliopatria","confidence":"medium"}},{"type":"Feature","geometry":{"type":"MultiPolygon","coordinates":[[[[4.57,43.73],[4.41,43.73],[4.34,43.47],[4.18,43.47],[4.17,43.6],[3.85,43.6],[2.98,43.15],[3.01,42.56],[3.18,42.3],[3.1,42.3],[3.12,41.91],[2.89,41.72],[2.33,41.59],[2.11,41.33],[1.24,41.2],[0.7,40.94],[0.71,40.68],[0.25,40.42],[0.18,40.16],[-0.13,40.03],[-0.35,39.71],[-0.31,39.13],[0.1,38.74],[-0.66,38.29],[-0.8,38.03],[-0.7,37.64],[-1.71,37.45],[-1.62,37.32],[-1.86,37.32],[-2.06,36.8],[-2.53,36.87],[-2.68,36.74],[-4.47,36.74],[-4.69,36.55],[-5.23,36.48],[-5.29,36.22],[-5.66,36.03],[-5.83,36.22],[-6.06,36.22],[-6.33,36.67],[-6.35,36.93],[-6.59,37.0],[-6.84,37.25],[-7.47,37.25],[-7.45,37.13],[-7.68,37.0],[-8.07,37.0],[-8.31,37.13],[-8.7,37.13],[-9.0,37.0],[-8.9,37.58],[-8.82,37.58],[-8.82,38.48],[-9.21,38.42],[-9.23,38.67],[-9.38,38.61],[-9.55,38.74],[-9.45,39.26],[-9.37,39.26],[-8.97,39.26],[-8.91,39.45],[-8.76,39.45],[-8.47,39.77],[-7.93,39.84],[-6.86,40.29],[-6.85,41.07],[-6.25,41.46],[-6.13,41.85],[-5.9,41.98],[-5.78,42.43],[-5.7,42.43],[-5.73,42.76],[-5.65,42.76],[-3.72,42.63],[-2.68,42.63],[-2.53,42.76],[-2.28,42.63],[-2.13,42.82],[-1.81,42.76],[-1.33,42.82],[-1.26,42.95],[-0.94,42.95],[-1.11,43.08],[-1.42,43.02],[-1.52,43.21],[-1.44,43.28],[-1.76,43.28],[-1.46,43.54],[-1.4,43.86],[-1.32,43.86],[-1.35,44.25],[-1.27,44.25],[-1.29,44.52],[-1.21,44.52],[-1.25,45.17],[-1.17,45.17],[-1.19,45.43],[-1.03,45.5],[-1.05,45.69],[-1.21,45.76],[-1.14,45.89],[-1.22,45.89],[-1.25,46.28],[-1.67,46.35],[-2.19,46.81],[-2.14,47.14],[-2.23,47.2],[-2.23,47.27],[-1.41,47.27],[-1.18,47.47],[-0.27,47.47],[-0.26,47.33],[-0.1,47.33],[-0.0,47.2],[1.31,47.2],[2.02,47.73],[2.95,47.47],[3.03,47.33],[2.97,47.07],[3.23,46.74],[3.08,46.48],[3.86,45.43],[3.87,45.17],[4.04,44.97],[3.97,44.71],[4.13,44.65],[4.14,44.45],[4.8,44.06],[4.8,43.99],[4.57,43.73]]],[[[-1.77,43.34],[-1.85,43.34],[-1.85,43.41],[-1.77,43.41],[-1.77,43.34]]]]},"properties":{"id":"territory:Visigothic Kingdom:476","name":"서고트 왕국","name_en":"Visigothic Kingdom","actor":"게르만","valid_from":476,"valid_to":480,"wikidata":"Q126936","area":669590,"src":"cliopatria","confidence":"medium"}},{"type":"Feature","geometry":{"type":"Point","coordinates":[-2.04,41.531]},"properties":{"id":"territory:Visigothic Kingdom:476:label","name":"서고트 왕국","name_en":"Visigothic Kingdom","actor":"게르만","valid_from":476,"valid_to":480,"wikidata":"Q126936","area":669590,"src":"cliopatria","confidence":"medium"}},{"type":"Feature","geometry":{"type":"MultiPolygon","coordinates":[[[[2.46,42.37],[3.09,42.5],[3.1,42.43],[3.18,42.37],[3.12,41.91],[2.89,41.72],[2.33,41.59],[2.11,41.33],[1.24,41.2],[0.7,40.94],[0.71,40.68],[0.25,40.42],[0.18,40.16],[0.1,40.16],[-0.17,40.81],[-0.59,41.26],[-2.38,41.78],[-2.65,42.17],[-2.66,42.37],[-2.36,42.63],[-2.28,42.63],[-2.13,42.82],[-1.81,42.76],[-1.33,42.82],[-1.26,42.95],[-0.94,42.95],[-0.94,43.02],[0.04,42.69],[1.07,42.82],[1.57,42.63],[1.65,42.63],[2.46,42.37]]],[[[10.46,42.89],[10.46,42.69],[10.21,42.69],[10.13,42.89],[10.21,42.89],[10.46,42.89]]],[[[19.46,43.28],[19.11,42.82],[19.17,42.3],[19.01,42.24],[18.93,42.24],[18.85,42.37],[18.14,42.63],[17.83,42.89],[17.59,42.89],[17.51,42.76],[17.52,42.95],[17.36,42.95],[17.37,43.21],[17.12,43.15],[17.05,43.41],[16.73,43.34],[16.73,43.54],[16.58,43.6],[15.93,43.47],[16.01,43.6],[15.86,43.8],[15.7,43.8],[15.62,43.93],[15.37,43.86],[15.46,43.99],[15.22,44.06],[15.15,44.39],[14.91,44.58],[14.92,44.97],[14.52,45.1],[14.6,45.37],[14.2,45.37],[14.19,45.04],[13.95,45.04],[13.94,44.91],[13.78,44.91],[13.71,45.24],[13.54,45.3],[13.55,45.5],[13.71,45.5],[13.71,45.76],[13.14,45.82],[13.06,45.63],[12.82,45.69],[12.65,45.56],[12.16,45.5],[12.16,45.17],[12.4,45.04],[12.4,44.78],[12.16,44.84],[12.15,44.45],[12.31,44.19],[12.87,43.8],[13.04,43.86],[13.03,43.73],[13.36,43.67],[13.67,43.41],[13.75,43.08],[13.99,42.95],[13.9,42.76],[14.06,42.5],[14.61,42.11],[14.77,42.17],[14.77,42.04],[14.92,41.98],[15.17,42.04],[15.24,41.91],[16.12,41.91],[16.11,41.78],[15.87,41.72],[15.94,41.39],[17.2,41.0],[17.51,40.74],[17.98,40.61],[18.44,40.16],[18.35,39.9],[18.11,39.9],[17.81,40.36],[17.42,40.36],[17.35,40.55],[17.03,40.55],[16.87,40.48],[16.95,40.42],[16.86,40.29],[16.62,40.29],[16.7,40.1],[16.46,39.97],[16.45,39.64],[16.92,39.51],[17.07,39.38],[17.14,39.06],[16.66,38.93],[16.5,38.8],[16.49,38.42],[15.93,37.96],[15.7,37.96],[15.63,38.29],[15.94,38.35],[15.95,38.67],[16.27,38.74],[16.27,38.93],[16.12,39.06],[15.9,39.77],[15.67,39.9],[15.75,40.03],[15.43,40.03],[15.2,40.23],[15.04,40.23],[14.89,40.68],[14.42,40.68],[14.42,40.87],[14.1,40.87],[13.95,41.13],[13.79,41.13],[13.71,41.26],[13.0,41.33],[12.13,41.91],[12.13,42.04],[11.81,42.11],[11.65,42.37],[11.49,42.3],[11.42,42.43],[11.26,42.43],[11.18,42.63],[11.02,42.63],[11.02,42.82],[10.54,43.08],[10.37,43.67],[10.13,44.06],[9.89,43.99],[9.97,44.12],[9.73,44.12],[9.16,44.45],[8.59,44.45],[8.19,44.19],[8.03,43.93],[7.15,43.73],[6.99,43.54],[6.67,43.47],[6.52,43.21],[6.28,43.15],[5.8,43.15],[5.63,43.28],[5.39,43.28],[5.39,43.41],[5.06,43.47],[4.42,43.47],[4.34,43.47],[4.41,43.73],[4.57,43.73],[4.8,44.06],[5.86,43.93],[6.09,44.39],[6.89,44.52],[6.97,44.71],[6.89,44.71],[6.88,44.91],[6.64,44.97],[6.63,45.1],[7.04,45.24],[7.11,45.43],[7.44,45.56],[7.52,45.76],[8.08,46.09],[8.08,46.22],[8.64,46.68],[8.72,46.94],[8.89,46.94],[8.89,47.07],[9.13,47.27],[9.3,47.27],[9.38,47.4],[9.95,47.66],[9.87,47.86],[9.95,47.86],[10.11,48.46],[11.03,48.79],[11.11,48.79],[11.61,48.99],[11.69,49.12],[12.11,49.18],[12.94,48.72],[13.6,48.59],[13.68,48.59],[13.76,48.46],[14.26,48.26],[16.16,48.26],[16.07,47.86],[15.98,47.86],[15.78,46.61],[15.61,46.41],[14.86,46.09],[14.86,45.96],[14.61,45.82],[14.61,45.63],[14.93,45.56],[15.17,45.17],[15.49,44.91],[15.65,44.91],[15.64,44.71],[15.88,44.71],[16.04,44.58],[16.19,44.25],[16.36,44.25],[16.43,43.99],[17.15,43.8],[17.22,43.67],[17.86,43.41],[19.31,43.54],[19.46,43.28]]],[[[14.5,44.52],[14.26,44.58],[14.27,44.97],[14.35,44.97],[14.51,44.91],[14.5,44.52]]],[[[4.87,48.99],[4.8,48.65],[3.73,48.32],[3.6,47.66],[2.95,47.47],[2.02,47.73],[1.31,47.2],[-0.0,47.2],[-0.1,47.33],[-0.26,47.33],[-0.27,47.47],[-1.18,47.47],[-1.41,47.27],[-2.23,47.27],[-2.31,47.27],[-2.56,47.27],[-2.58,47.47],[-2.83,47.53],[-2.84,47.6],[-2.45,47.86],[-1.8,47.99],[-1.65,48.19],[-1.65,48.26],[-1.67,48.46],[-1.51,48.52],[-1.6,48.65],[-1.61,48.72],[-1.72,49.05],[-1.64,49.05],[-1.65,49.25],[-1.91,49.38],[-2.03,49.78],[-1.36,49.78],[-1.25,49.45],[0.01,49.38],[-0.01,49.65],[0.22,49.85],[1.05,49.98],[1.37,50.25],[1.45,50.25],[1.97,50.11],[3.14,50.11],[4.15,49.98],[4.24,49.98],[4.32,49.98],[4.33,49.91],[4.33,49.85],[4.33,49.78],[4.43,49.38],[4.87,48.99]]]]},"properties":{"id":"territory:Western Roman Empire:469","name":"서로마 제국","name_en":"Western Roman Empire","actor":"로마","valid_from":469,"valid_to":476,"wikidata":"Q42834","area":615791,"src":"cliopatria","confidence":"medium"}},{"type":"Feature","geometry":{"type":"Point","coordinates":[12.373,44.792]},"properties":{"id":"territory:Western Roman Empire:469:label","name":"서로마 제국","name_en":"Western Roman Empire","actor":"로마","valid_from":469,"valid_to":476,"wikidata":"Q42834","area":615791,"src":"cliopatria","confidence":"medium"}},{"type":"Feature","geometry":{"type":"MultiPolygon","coordinates":[[[[-2.6,42.69],[-2.61,42.76],[-2.53,42.76],[-2.52,42.69],[-2.44,42.69],[-2.36,42.69],[-2.36,42.63],[-2.66,42.37],[-2.65,42.17],[-2.38,41.78],[-0.59,41.26],[-0.17,40.81],[0.1,40.16],[0.11,40.1],[-0.2,39.97],[-0.35,39.71],[-0.31,39.13],[0.1,38.74],[-0.66,38.29],[-0.8,38.03],[-0.7,37.64],[-1.71,37.45],[-1.62,37.32],[-1.86,37.32],[-2.06,36.8],[-2.53,36.87],[-2.68,36.74],[-4.47,36.74],[-4.69,36.55],[-5.23,36.48],[-5.29,36.22],[-5.52,36.16],[-5.58,36.03],[-5.83,36.22],[-6.06,36.22],[-6.33,36.67],[-6.35,36.93],[-6.59,37.0],[-6.84,37.25],[-7.47,37.25],[-7.45,37.13],[-7.68,37.0],[-8.7,37.13],[-9.0,37.0],[-8.9,37.58],[-8.82,37.58],[-8.82,38.48],[-9.21,38.42],[-9.23,38.67],[-9.0,38.74],[-9.01,38.8],[-8.9,39.26],[-8.6,39.45],[-8.62,39.64],[-8.47,39.77],[-7.93,39.84],[-6.86,40.29],[-6.85,41.07],[-6.25,41.46],[-6.13,41.85],[-5.9,41.98],[-5.78,42.43],[-5.7,42.43],[-5.73,42.76],[-5.65,42.76],[-3.72,42.63],[-2.68,42.69],[-2.6,42.69]]],[[[-1.85,43.34],[-1.85,43.41],[-1.77,43.41],[-1.77,43.34],[-1.85,43.34]]],[[[4.34,43.47],[4.26,43.47],[4.17,43.6],[3.85,43.6],[3.62,43.41],[3.14,43.28],[2.98,43.15],[3.01,42.56],[3.09,42.56],[3.09,42.5],[2.46,42.37],[1.65,42.63],[1.57,42.63],[1.07,42.82],[0.04,42.69],[-0.94,43.02],[-1.02,43.02],[-1.42,43.02],[-1.52,43.21],[-1.44,43.28],[-1.77,43.34],[-1.46,43.54],[-1.4,43.86],[-1.32,43.86],[-1.35,44.25],[-1.27,44.25],[-1.29,44.52],[-1.21,44.52],[-1.25,45.17],[-1.17,45.17],[-1.19,45.43],[-1.03,45.5],[-1.05,45.69],[-1.21,45.76],[-1.14,45.89],[-1.22,45.89],[-1.25,46.28],[-1.67,46.35],[-2.19,46.81],[-2.14,47.14],[-2.23,47.2],[-2.23,47.27],[-1.41,47.27],[-1.18,47.47],[-0.27,47.47],[-0.26,47.33],[-0.1,47.33],[-0.0,47.2],[1.31,47.2],[2.02,47.73],[2.95,47.47],[3.03,47.33],[2.97,47.07],[3.23,46.74],[3.08,46.48],[3.86,45.43],[3.87,45.17],[4.04,44.97],[3.97,44.71],[4.13,44.65],[4.14,44.45],[4.8,44.06],[4.57,43.73],[4.41,43.73],[4.34,43.47]]]]},"properties":{"id":"territory:Visigothic Kingdom:469","name":"서고트 왕국","name_en":"Visigothic Kingdom","actor":"게르만","valid_from":469,"valid_to":476,"wikidata":"Q126936","area":591755,"src":"cliopatria","confidence":"medium"}},{"type":"Feature","geometry":{"type":"Point","coordinates":[-4.355,39.371]},"properties":{"id":"territory:Visigothic Kingdom:469:label","name":"서고트 왕국","name_en":"Visigothic Kingdom","actor":"게르만","valid_from":469,"valid_to":476,"wikidata":"Q126936","area":591755,"src":"cliopatria","confidence":"medium"}},{"type":"Feature","geometry":{"type":"MultiPolygon","coordinates":[[[[4.41,43.73],[4.34,43.47],[4.26,43.47],[4.17,43.6],[3.85,43.6],[2.98,43.15],[3.01,42.56],[3.18,42.3],[3.1,42.3],[3.12,41.91],[2.89,41.72],[2.33,41.59],[2.11,41.33],[1.24,41.2],[0.7,40.94],[0.71,40.68],[0.25,40.42],[0.18,40.16],[-0.13,40.03],[-0.35,39.71],[-0.31,39.13],[0.1,38.74],[-0.66,38.29],[-0.8,38.03],[-0.7,37.64],[-1.71,37.45],[-1.62,37.32],[-1.86,37.32],[-2.06,36.8],[-2.53,36.87],[-2.68,36.74],[-4.47,36.74],[-4.69,36.55],[-5.23,36.48],[-5.29,36.22],[-5.66,36.03],[-5.83,36.22],[-6.06,36.22],[-6.33,36.67],[-6.35,36.93],[-6.59,37.0],[-6.84,37.25],[-7.47,37.25],[-7.45,37.13],[-7.68,37.0],[-8.07,37.0],[-8.31,37.13],[-8.7,37.13],[-9.0,37.0],[-8.9,37.58],[-8.82,37.58],[-8.82,38.48],[-9.21,38.42],[-9.23,38.67],[-9.0,38.74],[-9.01,38.8],[-8.9,39.26],[-8.6,39.45],[-8.62,39.64],[-8.47,39.77],[-7.93,39.84],[-6.86,40.29],[-6.85,41.07],[-6.25,41.46],[-6.13,41.85],[-5.9,41.98],[-5.78,42.43],[-5.7,42.43],[-5.73,42.76],[-5.65,42.76],[-3.72,42.63],[-2.68,42.63],[-2.53,42.76],[-2.28,42.63],[-2.13,42.82],[-1.81,42.76],[-1.33,42.82],[-1.26,42.95],[-0.94,42.95],[-1.11,43.08],[-1.42,43.02],[-1.52,43.21],[-1.44,43.28],[-1.76,43.28],[-1.46,43.54],[-1.4,43.86],[-1.32,43.86],[-1.35,44.25],[-1.27,44.25],[-1.29,44.52],[-1.21,44.52],[-1.25,45.17],[-1.17,45.17],[-1.19,45.43],[-1.03,45.5],[-1.05,45.69],[-1.21,45.76],[-1.14,45.89],[-1.22,45.89],[-1.25,46.22],[-1.25,46.28],[-1.09,46.28],[-0.39,45.69],[-0.23,45.69],[0.37,45.17],[0.54,45.17],[1.3,44.52],[2.12,44.45],[2.43,44.78],[2.75,44.84],[3.14,45.1],[3.96,45.04],[4.04,44.97],[3.97,44.71],[4.13,44.65],[4.14,44.45],[4.8,44.12],[4.73,43.86],[4.41,43.73]]],[[[-1.77,43.34],[-1.85,43.34],[-1.85,43.41],[-1.77,43.41],[-1.77,43.34]]]]},"properties":{"id":"territory:Visigothic Kingdom:458","name":"서고트 왕국","name_en":"Visigothic Kingdom","actor":"게르만","valid_from":458,"valid_to":459,"wikidata":"Q126936","area":569232,"src":"cliopatria","confidence":"medium"}},{"type":"Feature","geometry":{"type":"Point","coordinates":[-2.593,40.675]},"properties":{"id":"territory:Visigothic Kingdom:458:label","name":"서고트 왕국","name_en":"Visigothic Kingdom","actor":"게르만","valid_from":458,"valid_to":459,"wikidata":"Q126936","area":569232,"src":"cliopatria","confidence":"medium"}},{"type":"Feature","geometry":{"type":"MultiPolygon","coordinates":[[[[77.8,41.52],[78.04,41.33],[78.05,41.13],[78.29,41.13],[78.24,41.0],[78.39,40.74],[78.29,40.23],[78.36,40.23],[78.26,39.45],[78.34,39.45],[78.03,38.74],[77.47,38.48],[77.39,38.48],[77.16,38.74],[76.6,38.93],[73.77,39.45],[73.69,39.45],[73.3,39.45],[73.1,39.32],[72.49,39.38],[72.37,39.26],[71.84,39.32],[69.48,39.06],[67.27,39.0],[65.3,38.67],[65.11,38.55],[64.5,38.93],[64.26,38.93],[63.7,39.19],[63.25,39.58],[63.09,39.58],[63.05,39.71],[62.61,39.84],[62.58,40.03],[62.66,40.03],[62.95,40.23],[63.02,40.48],[62.77,40.74],[62.76,41.0],[62.56,41.13],[62.6,41.26],[62.34,41.46],[62.45,41.59],[62.29,41.85],[62.36,42.11],[62.76,42.37],[66.03,42.37],[66.39,42.24],[68.17,42.04],[69.53,42.04],[69.73,42.17],[70.49,42.3],[70.64,42.5],[70.58,42.56],[70.74,42.56],[70.99,42.82],[71.46,43.02],[72.5,43.02],[74.01,43.21],[74.3,43.34],[75.04,42.95],[75.66,42.89],[75.74,42.89],[75.88,42.82],[75.76,42.5],[76.21,42.43],[76.2,42.17],[76.33,42.11],[76.21,41.98],[76.24,41.85],[76.8,41.85],[76.65,41.65],[76.98,41.46],[77.8,41.52]]],[[[62.36,41.26],[62.38,41.33],[62.46,41.33],[62.44,41.26],[62.36,41.26]]],[[[62.3,41.33],[62.32,41.39],[62.4,41.39],[62.38,41.33],[62.3,41.33]]]]},"properties":{"id":"territory:Xionites:397","name":"키오니타이","name_en":"Xionites","actor":"기타중립","valid_from":397,"valid_to":402,"wikidata":"Q26264","area":488435,"src":"cliopatria","confidence":"medium"}},{"type":"Feature","geometry":{"type":"MultiPolygon","coordinates":[[[[77.8,41.52],[78.04,41.33],[78.05,41.13],[78.29,41.13],[78.24,41.0],[78.39,40.74],[78.29,40.23],[78.36,40.23],[78.26,39.45],[78.34,39.45],[78.03,38.74],[77.47,38.48],[77.39,38.48],[77.16,38.74],[76.6,38.93],[73.77,39.45],[73.69,39.45],[73.3,39.45],[73.1,39.32],[72.49,39.38],[72.37,39.26],[71.84,39.32],[69.48,39.06],[67.27,39.0],[65.3,38.67],[65.11,38.55],[64.5,38.93],[64.26,38.93],[63.7,39.19],[63.25,39.58],[63.09,39.58],[63.05,39.71],[62.61,39.84],[62.58,40.03],[62.66,40.03],[62.95,40.23],[63.02,40.48],[62.77,40.74],[62.76,41.0],[62.56,41.13],[62.6,41.26],[62.34,41.46],[62.45,41.59],[62.29,41.85],[62.36,42.11],[62.76,42.37],[66.03,42.37],[66.39,42.24],[68.17,42.04],[69.53,42.04],[69.73,42.17],[70.49,42.3],[70.64,42.5],[70.58,42.56],[70.74,42.56],[70.99,42.82],[71.46,43.02],[72.5,43.02],[74.01,43.21],[74.3,43.34],[75.04,42.95],[75.66,42.89],[75.74,42.89],[75.88,42.82],[75.76,42.5],[76.21,42.43],[76.2,42.17],[76.33,42.11],[76.21,41.98],[76.24,41.85],[76.8,41.85],[76.65,41.65],[76.98,41.46],[77.8,41.52]]],[[[62.36,41.26],[62.38,41.33],[62.46,41.33],[62.44,41.26],[62.36,41.26]]],[[[62.3,41.33],[62.32,41.39],[62.4,41.39],[62.38,41.33],[62.3,41.33]]]]},"properties":{"id":"territory:White Huns:410","name":"백훈(에프탈)","name_en":"White Huns","actor":"기타중립","valid_from":410,"valid_to":451,"wikidata":"Q41761342","area":488435,"src":"cliopatria","confidence":"medium"}},{"type":"Feature","geometry":{"type":"Point","coordinates":[70.489,40.786]},"properties":{"id":"territory:Xionites:397:label","name":"키오니타이","name_en":"Xionites","actor":"기타중립","valid_from":397,"valid_to":402,"wikidata":"Q26264","area":488435,"src":"cliopatria","confidence":"medium"}},{"type":"Feature","geometry":{"type":"Point","coordinates":[70.489,40.786]},"properties":{"id":"territory:White Huns:410:label","name":"백훈(에프탈)","name_en":"White Huns","actor":"기타중립","valid_from":410,"valid_to":451,"wikidata":"Q41761342","area":488435,"src":"cliopatria","confidence":"medium"}},{"type":"Feature","geometry":{"type":"MultiPolygon","coordinates":[[[[72.7,37.71],[72.35,37.0],[72.3,36.8],[72.38,36.8],[72.23,36.55],[72.31,36.55],[72.3,36.22],[72.5,36.1],[72.47,35.97],[72.64,36.03],[72.61,35.9],[72.82,35.84],[72.71,35.71],[73.44,34.94],[73.73,34.87],[73.72,34.81],[73.34,34.55],[73.37,34.04],[73.17,33.84],[72.77,33.78],[72.72,33.91],[72.42,33.91],[72.46,34.1],[72.14,34.04],[71.5,33.26],[70.95,32.88],[70.7,32.43],[69.87,32.11],[69.67,31.91],[69.29,31.91],[69.02,31.72],[68.94,32.04],[68.61,32.3],[68.64,32.43],[68.38,32.69],[68.09,32.75],[68.12,32.88],[67.42,33.2],[67.19,33.2],[67.22,33.33],[66.99,33.33],[66.88,33.52],[66.52,33.65],[66.41,33.84],[66.25,33.84],[66.02,34.16],[65.86,34.16],[65.75,34.36],[65.46,34.42],[65.14,34.74],[65.17,34.87],[64.9,35.07],[64.9,35.39],[64.77,35.52],[64.83,35.77],[64.75,35.77],[64.84,36.16],[64.76,36.16],[65.11,38.55],[65.3,38.67],[67.27,39.0],[69.48,39.06],[71.84,39.32],[72.37,39.26],[72.49,39.38],[73.1,39.32],[73.3,39.45],[73.69,39.45],[73.67,39.38],[73.63,39.26],[73.75,39.13],[73.49,38.55],[72.99,38.16],[72.72,37.77],[72.7,37.71]]],[[[72.58,36.1],[72.5,36.1],[72.52,36.16],[72.6,36.16],[72.58,36.1]]]]},"properties":{"id":"territory:Kidarites:390","name":"키다라","name_en":"Kidarites","actor":"기타중립","valid_from":390,"valid_to":402,"wikidata":"Q26996","area":473121,"src":"cliopatria","confidence":"medium"}},{"type":"Feature","geometry":{"type":"MultiPolygon","coordinates":[[[[72.7,37.71],[72.35,37.0],[72.3,36.8],[72.38,36.8],[72.23,36.55],[72.31,36.55],[72.3,36.22],[72.5,36.1],[72.47,35.97],[72.64,36.03],[72.61,35.9],[72.82,35.84],[72.71,35.71],[73.44,34.94],[73.73,34.87],[73.72,34.81],[73.34,34.55],[73.37,34.04],[73.17,33.84],[72.77,33.78],[72.72,33.91],[72.42,33.91],[72.46,34.1],[72.14,34.04],[71.5,33.26],[70.95,32.88],[70.7,32.43],[69.87,32.11],[69.67,31.91],[69.29,31.91],[69.02,31.72],[68.94,32.04],[68.61,32.3],[68.64,32.43],[68.38,32.69],[68.09,32.75],[68.12,32.88],[67.42,33.2],[67.19,33.2],[67.22,33.33],[66.99,33.33],[66.88,33.52],[66.52,33.65],[66.41,33.84],[66.25,33.84],[66.02,34.16],[65.86,34.16],[65.75,34.36],[65.46,34.42],[65.14,34.74],[65.17,34.87],[64.9,35.07],[64.9,35.39],[64.77,35.52],[64.83,35.77],[64.75,35.77],[64.84,36.16],[64.76,36.16],[65.11,38.55],[65.3,38.67],[67.27,39.0],[69.48,39.06],[71.84,39.32],[72.37,39.26],[72.49,39.38],[73.1,39.32],[73.3,39.45],[73.69,39.45],[73.67,39.38],[73.63,39.26],[73.75,39.13],[73.49,38.55],[72.99,38.16],[72.72,37.77],[72.7,37.71]]],[[[72.58,36.1],[72.5,36.1],[72.52,36.16],[72.6,36.16],[72.58,36.1]]]]},"properties":{"id":"territory:Kidarites:443","name":"키다라","name_en":"Kidarites","actor":"기타중립","valid_from":443,"valid_to":451,"wikidata":"Q26996","area":473121,"src":"cliopatria","confidence":"medium"}},{"type":"Feature","geometry":{"type":"Point","coordinates":[69.154,36.065]},"properties":{"id":"territory:Kidarites:390:label","name":"키다라","name_en":"Kidarites","actor":"기타중립","valid_from":390,"valid_to":402,"wikidata":"Q26996","area":473121,"src":"cliopatria","confidence":"medium"}},{"type":"Feature","geometry":{"type":"Point","coordinates":[69.154,36.065]},"properties":{"id":"territory:Kidarites:443:label","name":"키다라","name_en":"Kidarites","actor":"기타중립","valid_from":443,"valid_to":451,"wikidata":"Q26996","area":473121,"src":"cliopatria","confidence":"medium"}},{"type":"Feature","geometry":{"type":"Polygon","coordinates":[[[-5.57,43.54],[-4.99,43.41],[-3.47,43.47],[-3.3,43.34],[-1.77,43.34],[-1.69,43.34],[-1.44,43.28],[-1.43,43.08],[-1.03,43.08],[-0.93,42.89],[-1.81,42.82],[-2.13,42.76],[-2.2,42.63],[-5.01,42.69],[-5.7,42.43],[-5.69,42.3],[-5.85,42.24],[-5.83,42.11],[-5.98,41.98],[-5.75,41.2],[-4.76,40.74],[-2.85,40.55],[-2.44,40.36],[-1.24,40.1],[-0.85,40.23],[0.1,40.16],[0.11,40.1],[-0.2,39.97],[-0.35,39.71],[-0.31,39.13],[0.1,38.74],[-0.66,38.29],[-0.8,38.03],[-0.7,37.64],[-1.71,37.45],[-1.62,37.32],[-1.86,37.32],[-2.06,36.8],[-2.53,36.87],[-2.68,36.74],[-4.47,36.74],[-4.69,36.55],[-5.23,36.48],[-5.29,36.22],[-5.66,36.03],[-5.83,36.22],[-6.06,36.22],[-6.33,36.67],[-6.35,36.93],[-6.59,37.0],[-6.84,37.25],[-7.47,37.25],[-7.45,37.13],[-7.68,37.0],[-8.07,37.0],[-8.31,37.13],[-8.7,37.13],[-9.0,37.0],[-8.9,37.58],[-8.82,37.58],[-8.82,38.48],[-9.21,38.42],[-9.23,38.67],[-9.38,38.61],[-9.55,38.74],[-9.57,38.93],[-9.43,39.06],[-9.39,39.45],[-9.16,39.51],[-9.04,39.97],[-8.9,40.1],[-8.87,40.61],[-8.73,40.74],[-8.96,42.17],[-8.65,42.3],[-8.9,42.43],[-8.92,42.56],[-9.08,42.56],[-9.3,43.15],[-8.85,43.41],[-8.37,43.41],[-8.39,43.6],[-8.24,43.73],[-7.28,43.73],[-7.34,43.6],[-7.18,43.54],[-5.65,43.54],[-5.57,43.54]]]},"properties":{"id":"territory:Vandals:410","name":"반달족","name_en":"Vandals","actor":"게르만","valid_from":410,"valid_to":414,"wikidata":"Q42211","area":420481,"src":"cliopatria","confidence":"medium"}},{"type":"Feature","geometry":{"type":"Point","coordinates":[-5.324,39.776]},"properties":{"id":"territory:Vandals:410:label","name":"반달족","name_en":"Vandals","actor":"게르만","valid_from":410,"valid_to":414,"wikidata":"Q42211","area":420481,"src":"cliopatria","confidence":"medium"}},{"type":"Feature","geometry":{"type":"MultiPolygon","coordinates":[[[[14.51,44.91],[14.5,44.52],[14.26,44.58],[14.27,44.97],[14.35,44.97],[14.51,44.91]]],[[[19.0,45.5],[19.01,45.56],[19.09,45.56],[19.09,45.5],[19.0,45.5]]],[[[16.91,48.19],[16.91,48.26],[16.99,48.26],[16.99,48.19],[17.07,48.19],[17.07,48.06],[17.63,47.8],[18.63,47.8],[18.8,47.93],[18.96,47.8],[18.95,47.66],[19.27,47.47],[19.09,47.2],[19.17,47.07],[18.83,47.01],[18.82,46.81],[18.91,46.81],[18.9,46.61],[19.05,46.41],[18.95,46.09],[18.87,46.09],[18.95,46.02],[18.85,45.76],[19.01,45.63],[18.92,45.5],[19.0,45.5],[19.0,45.37],[19.24,45.3],[20.3,45.3],[20.29,45.24],[19.94,44.71],[19.92,44.45],[19.67,44.25],[19.66,44.06],[19.41,43.93],[19.47,43.6],[19.31,43.6],[19.3,43.41],[19.46,43.28],[19.11,42.82],[19.17,42.3],[19.01,42.24],[18.93,42.24],[18.85,42.37],[18.14,42.63],[17.83,42.89],[17.59,42.89],[17.51,42.76],[17.52,42.95],[17.36,42.95],[17.37,43.21],[17.12,43.15],[17.05,43.41],[16.73,43.34],[16.73,43.54],[16.58,43.6],[15.93,43.47],[16.01,43.6],[15.86,43.8],[15.7,43.8],[15.62,43.93],[15.37,43.86],[15.46,43.99],[15.22,44.06],[15.15,44.39],[14.91,44.58],[14.92,44.97],[14.52,45.1],[14.6,45.37],[14.2,45.37],[14.19,45.04],[13.95,45.04],[13.94,44.91],[13.78,44.91],[13.71,45.24],[13.54,45.3],[13.55,45.5],[13.71,45.5],[13.71,45.76],[13.39,45.82],[13.14,45.82],[13.06,45.63],[12.82,45.69],[12.65,45.56],[12.16,45.5],[12.16,45.17],[12.4,45.04],[12.4,44.78],[12.16,44.84],[12.23,44.39],[12.07,44.39],[11.99,44.19],[12.47,44.12],[12.55,43.99],[12.79,43.93],[12.55,43.73],[10.78,43.86],[10.29,43.67],[10.29,43.86],[10.13,44.06],[9.89,43.99],[9.97,44.12],[9.73,44.12],[9.16,44.45],[8.43,44.39],[8.03,43.93],[7.55,43.8],[7.47,43.8],[6.81,44.52],[6.97,44.71],[6.89,44.71],[6.88,44.91],[6.64,44.97],[6.63,45.1],[7.04,45.24],[7.11,45.43],[7.44,45.56],[7.52,45.76],[8.08,46.09],[8.08,46.22],[8.64,46.68],[8.72,46.94],[8.89,46.94],[8.89,47.07],[9.13,47.27],[9.3,47.27],[9.38,47.4],[9.95,47.66],[9.87,47.86],[9.95,47.86],[10.11,48.46],[11.03,48.79],[11.11,48.79],[11.61,48.99],[11.69,49.12],[12.11,49.18],[12.94,48.72],[13.6,48.59],[13.68,48.59],[13.76,48.46],[14.26,48.26],[16.83,48.26],[16.82,48.19],[16.91,48.19]]]]},"properties":{"id":"territory:Ostrogoths:490","name":"동고트족","name_en":"Ostrogoths","actor":"게르만","valid_from":490,"valid_to":500,"wikidata":"Q103122","area":417637,"src":"cliopatria","confidence":"medium"}},{"type":"Feature","geometry":{"type":"Point","coordinates":[13.883,45.955]},"properties":{"id":"territory:Ostrogoths:490:label","name":"동고트족","name_en":"Ostrogoths","actor":"게르만","valid_from":490,"valid_to":500,"wikidata":"Q103122","area":417637,"src":"cliopatria","confidence":"medium"}},{"type":"Feature","geometry":{"type":"MultiPolygon","coordinates":[[[[11.08,35.58],[11.08,35.39],[11.01,35.39],[11.08,35.0],[10.85,34.94],[10.85,34.81],[10.54,34.55],[10.0,34.29],[10.08,34.23],[10.01,33.91],[10.24,33.71],[10.54,33.71],[10.7,33.52],[11.08,33.59],[11.16,33.2],[11.46,33.2],[12.23,32.81],[12.61,32.88],[12.53,32.75],[12.84,32.75],[12.84,32.88],[13.07,32.94],[13.3,32.94],[13.45,32.81],[13.76,32.88],[13.76,32.75],[14.07,32.75],[14.44,32.49],[14.67,32.56],[14.75,32.43],[15.21,32.36],[15.42,31.66],[15.58,31.59],[15.65,31.4],[16.18,31.21],[17.47,31.08],[18.0,30.89],[18.59,30.37],[18.9,30.37],[18.81,29.99],[18.28,30.05],[16.7,30.69],[15.49,30.95],[15.18,30.89],[15.19,31.08],[14.58,31.53],[14.59,31.66],[13.83,32.11],[13.3,32.24],[13.07,32.17],[13.07,32.3],[12.46,32.36],[11.77,32.3],[11.77,32.43],[11.54,32.43],[11.46,32.56],[11.31,32.49],[11.16,32.69],[10.39,33.01],[10.01,33.01],[10.08,33.14],[9.63,33.14],[9.55,33.33],[9.62,33.46],[9.32,33.59],[9.08,34.04],[8.93,34.04],[9.0,34.36],[8.93,34.36],[8.85,34.74],[8.46,34.87],[8.23,34.81],[7.99,35.07],[7.99,35.52],[7.91,35.52],[7.91,35.97],[7.83,35.97],[7.9,36.22],[7.59,36.61],[6.96,36.61],[6.89,36.48],[6.42,36.55],[6.35,36.42],[5.88,36.48],[5.65,36.35],[2.77,36.42],[2.32,36.22],[2.0,36.29],[2.01,36.16],[1.15,36.16],[1.01,36.03],[0.77,36.03],[0.48,35.64],[-0.29,35.58],[-1.04,35.07],[-1.2,35.13],[-1.35,35.0],[-1.81,34.94],[-1.88,34.81],[-2.81,34.94],[-5.28,34.94],[-5.81,34.81],[-6.11,34.61],[-6.24,34.36],[-6.16,34.23],[-6.31,34.23],[-6.6,33.97],[-6.59,33.84],[-6.81,33.71],[-6.73,33.59],[-7.18,33.52],[-7.47,33.26],[-7.88,33.52],[-7.13,33.84],[-7.06,33.97],[-6.9,33.91],[-6.61,34.16],[-6.7,34.29],[-6.47,34.36],[-6.48,34.49],[-6.33,34.55],[-6.28,34.87],[-6.2,34.87],[-6.29,35.07],[-6.13,35.0],[-6.15,35.19],[-6.0,35.32],[-5.88,35.77],[-5.34,35.84],[-5.24,35.52],[-4.75,35.19],[-3.13,35.19],[-2.98,35.26],[-2.99,35.45],[-2.84,35.45],[-2.82,35.13],[-2.66,35.07],[-1.89,35.07],[-1.59,35.26],[-1.36,35.26],[-1.14,35.45],[-1.22,35.64],[-1.07,35.58],[-0.92,35.71],[-0.53,35.71],[-0.46,35.84],[0.08,35.84],[0.38,36.22],[0.68,36.29],[0.68,36.42],[0.91,36.35],[1.22,36.55],[1.53,36.48],[2.38,36.67],[2.69,36.61],[2.84,36.74],[3.23,36.74],[3.46,36.87],[3.85,36.8],[4.47,36.93],[4.86,36.87],[5.1,36.67],[5.56,36.67],[5.64,36.8],[6.11,36.8],[6.1,36.93],[6.33,37.06],[6.8,36.87],[7.19,36.87],[7.35,37.06],[7.5,37.06],[7.74,36.87],[8.52,36.87],[8.9,37.13],[9.06,37.06],[9.6,37.32],[9.99,37.19],[10.23,37.25],[10.23,37.06],[10.31,37.06],[10.23,36.8],[10.54,36.74],[10.85,37.0],[11.01,37.0],[11.01,36.8],[10.46,36.42],[10.54,36.35],[10.46,35.9],[10.7,35.71],[10.85,35.77],[10.85,35.64],[10.93,35.64],[11.08,35.58]]],[[[15.21,37.19],[15.21,37.0],[15.05,36.74],[14.66,36.74],[14.28,37.13],[13.58,37.25],[13.19,37.58],[12.49,37.71],[12.49,37.9],[12.65,38.09],[13.04,38.03],[13.12,38.16],[13.35,38.16],[13.67,37.96],[14.06,37.96],[15.63,38.29],[15.62,38.16],[15.39,38.16],[15.07,37.58],[15.06,37.51],[15.06,37.25],[15.21,37.19]]],[[[1.66,39.0],[1.43,38.8],[1.27,38.8],[1.18,39.06],[1.26,39.13],[1.34,39.13],[1.65,39.13],[1.66,39.0]]],[[[3.2,39.84],[3.52,39.77],[3.3,39.32],[2.82,39.32],[2.66,39.51],[2.35,39.45],[2.34,39.64],[2.88,39.97],[2.96,39.97],[3.19,39.97],[3.2,39.84]]],[[[4.3,39.84],[3.83,39.9],[3.74,40.1],[3.82,40.1],[4.22,40.1],[4.3,39.84]]],[[[9.82,40.74],[9.82,40.36],[9.67,40.29],[9.75,39.64],[9.67,39.64],[9.59,39.13],[9.12,39.19],[8.97,38.87],[8.73,38.87],[8.34,39.0],[8.41,39.26],[8.33,39.26],[8.33,39.51],[8.41,39.51],[8.48,39.9],[8.32,39.97],[8.4,40.29],[8.32,40.29],[8.32,40.48],[8.16,40.55],[8.15,40.94],[8.55,40.87],[9.02,41.26],[9.1,41.26],[9.5,41.2],[9.82,40.74]]],[[[9.49,42.76],[9.57,42.76],[9.58,41.98],[9.5,41.98],[9.5,41.78],[9.26,41.39],[9.1,41.33],[8.78,41.52],[8.78,41.72],[8.62,41.72],[8.7,41.91],[8.54,42.11],[8.53,42.5],[8.77,42.69],[9.17,42.76],[9.25,43.02],[9.33,43.02],[9.49,43.02],[9.49,42.76]]]]},"properties":{"id":"territory:Vandal Kingdom:469","name":"반달 왕국","name_en":"Vandal Kingdom","actor":"게르만","valid_from":469,"valid_to":490,"wikidata":"Q10416611","area":271182,"src":"cliopatria","confidence":"medium"}},{"type":"Feature","geometry":{"type":"Point","coordinates":[7.981,34.566]},"properties":{"id":"territory:Vandal Kingdom:469:label","name":"반달 왕국","name_en":"Vandal Kingdom","actor":"게르만","valid_from":469,"valid_to":490,"wikidata":"Q10416611","area":271182,"src":"cliopatria","confidence":"medium"}},{"type":"Feature","geometry":{"type":"MultiPolygon","coordinates":[[[[11.08,35.58],[11.08,35.39],[11.01,35.39],[11.08,35.0],[10.85,34.94],[10.85,34.81],[10.54,34.55],[10.0,34.29],[10.08,34.23],[10.01,33.91],[10.24,33.71],[10.54,33.71],[10.7,33.52],[11.08,33.59],[11.16,33.2],[11.46,33.2],[12.23,32.81],[12.61,32.88],[12.53,32.75],[12.84,32.75],[12.84,32.88],[13.07,32.94],[13.3,32.94],[13.45,32.81],[13.76,32.88],[13.76,32.75],[14.07,32.75],[14.44,32.49],[14.67,32.56],[14.75,32.43],[15.21,32.36],[15.42,31.66],[15.58,31.59],[15.65,31.4],[16.18,31.21],[17.47,31.08],[18.0,30.89],[18.59,30.37],[18.9,30.37],[18.81,29.99],[18.28,30.05],[16.7,30.69],[15.49,30.95],[15.18,30.89],[15.19,31.08],[14.58,31.53],[14.59,31.66],[13.83,32.11],[13.3,32.24],[13.07,32.17],[13.07,32.3],[12.46,32.36],[11.77,32.3],[11.77,32.43],[11.54,32.43],[11.46,32.56],[11.31,32.49],[11.16,32.69],[10.39,33.01],[10.01,33.01],[10.08,33.14],[9.63,33.14],[9.55,33.33],[9.62,33.46],[9.32,33.59],[9.08,34.04],[8.93,34.04],[9.0,34.36],[8.93,34.36],[8.85,34.74],[8.46,34.87],[8.23,34.81],[7.99,35.07],[7.99,35.52],[7.91,35.52],[7.91,35.97],[7.83,35.97],[7.9,36.22],[7.59,36.61],[6.96,36.61],[6.89,36.48],[6.42,36.55],[6.35,36.42],[5.88,36.48],[5.65,36.35],[2.77,36.42],[2.32,36.22],[2.0,36.29],[2.01,36.16],[1.15,36.16],[1.01,36.03],[0.77,36.03],[0.48,35.64],[-0.29,35.58],[-1.04,35.07],[-1.2,35.13],[-1.35,35.0],[-1.81,34.94],[-1.88,34.81],[-2.81,34.94],[-5.28,34.94],[-5.81,34.81],[-6.11,34.61],[-6.24,34.36],[-6.16,34.23],[-6.31,34.23],[-6.6,33.97],[-6.59,33.84],[-6.81,33.71],[-6.73,33.59],[-7.18,33.52],[-7.47,33.26],[-7.88,33.52],[-7.13,33.84],[-7.06,33.97],[-6.9,33.91],[-6.61,34.16],[-6.7,34.29],[-6.47,34.36],[-6.48,34.49],[-6.33,34.55],[-6.28,34.87],[-6.2,34.87],[-6.29,35.07],[-6.13,35.0],[-6.15,35.19],[-6.0,35.32],[-5.88,35.77],[-5.34,35.84],[-5.24,35.52],[-4.75,35.19],[-3.13,35.19],[-2.98,35.26],[-2.99,35.45],[-2.84,35.45],[-2.82,35.13],[-2.66,35.07],[-1.89,35.07],[-1.59,35.26],[-1.36,35.26],[-1.14,35.45],[-1.22,35.64],[-1.07,35.58],[-0.92,35.71],[-0.53,35.71],[-0.46,35.84],[0.08,35.84],[0.38,36.22],[0.68,36.29],[0.68,36.42],[0.91,36.35],[1.22,36.55],[1.53,36.48],[2.38,36.67],[2.69,36.61],[2.84,36.74],[3.23,36.74],[3.46,36.87],[3.85,36.8],[4.47,36.93],[4.86,36.87],[5.1,36.67],[5.56,36.67],[5.64,36.8],[6.11,36.8],[6.1,36.93],[6.33,37.06],[6.8,36.87],[7.19,36.87],[7.35,37.06],[7.5,37.06],[7.74,36.87],[8.52,36.87],[8.9,37.13],[9.06,37.06],[9.6,37.32],[9.99,37.19],[10.23,37.25],[10.23,37.06],[10.31,37.06],[10.23,36.8],[10.54,36.74],[10.85,37.0],[11.01,37.0],[11.01,36.8],[10.46,36.42],[10.54,36.35],[10.46,35.9],[10.7,35.71],[10.85,35.77],[10.85,35.64],[10.93,35.64],[11.08,35.58]]],[[[15.21,37.19],[15.21,37.0],[15.05,36.74],[14.66,36.74],[14.28,37.13],[13.58,37.25],[13.19,37.58],[12.49,37.71],[12.49,37.9],[12.65,38.09],[13.04,38.03],[13.12,38.16],[13.35,38.16],[13.67,37.96],[14.06,37.96],[15.63,38.29],[15.62,38.16],[15.39,38.16],[15.07,37.58],[15.06,37.51],[15.06,37.25],[15.21,37.19]]],[[[1.66,39.0],[1.43,38.8],[1.27,38.8],[1.18,39.06],[1.26,39.13],[1.34,39.13],[1.65,39.13],[1.66,39.0]]],[[[3.2,39.84],[3.52,39.77],[3.3,39.32],[2.82,39.32],[2.66,39.51],[2.35,39.45],[2.34,39.64],[2.88,39.97],[2.96,39.97],[3.19,39.97],[3.2,39.84]]],[[[4.3,39.84],[3.83,39.9],[3.74,40.1],[3.82,40.1],[4.22,40.1],[4.3,39.84]]],[[[9.82,40.74],[9.82,40.36],[9.67,40.29],[9.75,39.64],[9.67,39.64],[9.59,39.13],[9.12,39.19],[8.97,38.87],[8.73,38.87],[8.34,39.0],[8.41,39.26],[8.33,39.26],[8.33,39.51],[8.41,39.51],[8.48,39.9],[8.32,39.97],[8.4,40.29],[8.32,40.29],[8.32,40.48],[8.16,40.55],[8.15,40.94],[8.55,40.87],[9.02,41.26],[9.1,41.26],[9.5,41.2],[9.82,40.74]]],[[[13.79,41.2],[14.03,41.39],[14.19,41.33],[14.27,41.2],[14.18,40.87],[14.1,40.87],[13.95,41.13],[13.79,41.13],[13.79,41.2]]]]},"properties":{"id":"territory:Vandal Kingdom:458","name":"반달 왕국","name_en":"Vandal Kingdom","actor":"게르만","valid_from":458,"valid_to":469,"wikidata":"Q10416611","area":261213,"src":"cliopatria","confidence":"medium"}},{"type":"Feature","geometry":{"type":"Point","coordinates":[7.981,34.566]},"properties":{"id":"territory:Vandal Kingdom:458:label","name":"반달 왕국","name_en":"Vandal Kingdom","actor":"게르만","valid_from":458,"valid_to":469,"wikidata":"Q10416611","area":261213,"src":"cliopatria","confidence":"medium"}},{"type":"Feature","geometry":{"type":"MultiPolygon","coordinates":[[[[42.78,28.57],[42.78,28.64],[42.86,28.64],[42.85,28.57],[42.78,28.57]]],[[[41.9,28.89],[41.91,28.96],[41.98,28.96],[41.98,28.89],[41.9,28.89]]],[[[41.76,28.96],[41.76,29.02],[41.84,29.02],[41.83,28.96],[41.76,28.96]]],[[[44.73,31.98],[44.86,31.72],[44.81,31.34],[45.1,31.21],[45.08,31.08],[45.77,30.44],[46.45,30.37],[46.66,30.24],[46.7,29.92],[47.65,29.67],[47.53,29.28],[48.21,28.57],[48.25,28.19],[48.17,28.19],[47.69,27.87],[46.7,27.74],[45.8,27.8],[45.43,27.93],[45.13,27.87],[45.14,27.99],[44.92,28.06],[44.03,28.25],[43.8,28.19],[43.74,28.32],[43.44,28.38],[43.28,28.32],[43.23,28.51],[42.99,28.44],[43.08,28.57],[42.93,28.57],[42.87,28.7],[42.71,28.64],[42.42,28.83],[42.2,28.83],[42.13,28.96],[41.84,29.02],[41.77,29.15],[41.27,29.41],[41.11,29.34],[41.06,29.6],[40.12,30.05],[39.98,30.24],[40.01,30.5],[39.93,30.5],[40.06,31.08],[40.41,31.53],[40.74,31.72],[40.68,31.85],[40.83,31.85],[41.16,32.11],[41.37,32.62],[41.62,32.81],[41.64,32.94],[41.89,33.14],[42.2,33.2],[42.21,33.26],[42.58,33.14],[42.71,32.94],[43.15,32.81],[43.35,32.56],[43.5,32.56],[43.49,32.43],[43.7,32.24],[43.92,32.17],[43.91,32.11],[44.73,31.98]]]]},"properties":{"id":"territory:Lakhmid Kingdom:439","name":"Lakhmid Kingdom","name_en":"Lakhmid Kingdom","actor":"기타중립","valid_from":439,"valid_to":451,"wikidata":"Q943191","area":259124,"src":"cliopatria","confidence":"medium"}},{"type":"Feature","geometry":{"type":"MultiPolygon","coordinates":[[[[42.78,28.57],[42.78,28.64],[42.86,28.64],[42.85,28.57],[42.78,28.57]]],[[[41.9,28.89],[41.91,28.96],[41.98,28.96],[41.98,28.89],[41.9,28.89]]],[[[41.76,28.96],[41.76,29.02],[41.84,29.02],[41.83,28.96],[41.76,28.96]]],[[[44.73,31.98],[44.86,31.72],[44.81,31.34],[45.1,31.21],[45.08,31.08],[45.77,30.44],[46.45,30.37],[46.66,30.24],[46.7,29.92],[47.65,29.67],[47.53,29.28],[48.21,28.57],[48.25,28.19],[48.17,28.19],[47.69,27.87],[46.7,27.74],[45.8,27.8],[45.43,27.93],[45.13,27.87],[45.14,27.99],[44.92,28.06],[44.03,28.25],[43.8,28.19],[43.74,28.32],[43.44,28.38],[43.28,28.32],[43.23,28.51],[42.99,28.44],[43.08,28.57],[42.93,28.57],[42.87,28.7],[42.71,28.64],[42.42,28.83],[42.2,28.83],[42.13,28.96],[41.84,29.02],[41.77,29.15],[41.27,29.41],[41.11,29.34],[41.06,29.6],[40.12,30.05],[39.98,30.24],[40.01,30.5],[39.93,30.5],[40.06,31.08],[40.41,31.53],[40.74,31.72],[40.68,31.85],[40.83,31.85],[41.16,32.11],[41.37,32.62],[41.62,32.81],[41.64,32.94],[41.89,33.14],[42.2,33.2],[42.21,33.26],[42.58,33.14],[42.71,32.94],[43.15,32.81],[43.35,32.56],[43.5,32.56],[43.49,32.43],[43.7,32.24],[43.92,32.17],[43.91,32.11],[44.73,31.98]]]]},"properties":{"id":"territory:Lakhmid Kingdom:490","name":"Lakhmid Kingdom","name_en":"Lakhmid Kingdom","actor":"기타중립","valid_from":490,"valid_to":510,"wikidata":"Q943191","area":259124,"src":"cliopatria","confidence":"medium"}},{"type":"Feature","geometry":{"type":"Point","coordinates":[43.806,30.156]},"properties":{"id":"territory:Lakhmid Kingdom:439:label","name":"Lakhmid Kingdom","name_en":"Lakhmid Kingdom","actor":"기타중립","valid_from":439,"valid_to":451,"wikidata":"Q943191","area":259124,"src":"cliopatria","confidence":"medium"}},{"type":"Feature","geometry":{"type":"Point","coordinates":[43.806,30.156]},"properties":{"id":"territory:Lakhmid Kingdom:490:label","name":"Lakhmid Kingdom","name_en":"Lakhmid Kingdom","actor":"기타중립","valid_from":490,"valid_to":510,"wikidata":"Q943191","area":259124,"src":"cliopatria","confidence":"medium"}},{"type":"Feature","geometry":{"type":"MultiPolygon","coordinates":[[[[42.78,28.57],[42.78,28.64],[42.86,28.64],[42.85,28.57],[42.78,28.57]]],[[[41.9,28.89],[41.91,28.96],[41.98,28.96],[41.98,28.89],[41.9,28.89]]],[[[41.76,28.96],[41.76,29.02],[41.84,29.02],[41.83,28.96],[41.76,28.96]]],[[[46.7,27.74],[45.8,27.8],[45.43,27.93],[45.13,27.87],[45.14,27.99],[44.92,28.06],[44.03,28.25],[43.8,28.19],[43.74,28.32],[43.44,28.38],[43.28,28.32],[43.23,28.51],[42.99,28.44],[43.08,28.57],[42.93,28.57],[42.87,28.7],[42.71,28.64],[42.42,28.83],[42.2,28.83],[42.13,28.96],[41.84,29.02],[41.77,29.15],[41.27,29.41],[41.11,29.34],[41.06,29.6],[40.12,30.05],[39.98,30.24],[40.01,30.5],[39.93,30.5],[40.06,31.08],[40.41,31.53],[40.74,31.72],[40.68,31.85],[40.83,31.85],[41.16,32.11],[41.37,32.62],[41.62,32.81],[41.64,32.94],[41.89,33.14],[42.2,33.2],[42.21,33.26],[42.58,33.14],[42.71,32.94],[43.15,32.81],[43.35,32.56],[43.5,32.56],[43.49,32.43],[43.7,32.24],[43.92,32.17],[43.9,32.04],[44.73,31.98],[44.86,31.72],[44.81,31.34],[45.1,31.21],[45.08,31.08],[45.77,30.44],[46.45,30.37],[46.66,30.24],[46.7,29.92],[47.65,29.67],[47.53,29.28],[48.21,28.57],[48.25,28.19],[48.17,28.19],[47.69,27.87],[46.7,27.74]]]]},"properties":{"id":"territory:Lakhmid Kingdom:270","name":"Lakhmid Kingdom","name_en":"Lakhmid Kingdom","actor":"기타중립","valid_from":270,"valid_to":402,"wikidata":"Q943191","area":258841,"src":"cliopatria","confidence":"medium"}},{"type":"Feature","geometry":{"type":"MultiPolygon","coordinates":[[[[42.78,28.57],[42.78,28.64],[42.86,28.64],[42.85,28.57],[42.78,28.57]]],[[[41.9,28.89],[41.91,28.96],[41.98,28.96],[41.98,28.89],[41.9,28.89]]],[[[41.76,28.96],[41.76,29.02],[41.84,29.02],[41.83,28.96],[41.76,28.96]]],[[[46.7,27.74],[45.8,27.8],[45.43,27.93],[45.13,27.87],[45.14,27.99],[44.92,28.06],[44.03,28.25],[43.8,28.19],[43.74,28.32],[43.44,28.38],[43.28,28.32],[43.23,28.51],[42.99,28.44],[43.08,28.57],[42.93,28.57],[42.87,28.7],[42.71,28.64],[42.42,28.83],[42.2,28.83],[42.13,28.96],[41.84,29.02],[41.77,29.15],[41.27,29.41],[41.11,29.34],[41.06,29.6],[40.12,30.05],[39.98,30.24],[40.01,30.5],[39.93,30.5],[40.06,31.08],[40.41,31.53],[40.74,31.72],[40.68,31.85],[40.83,31.85],[41.16,32.11],[41.37,32.62],[41.62,32.81],[41.64,32.94],[41.89,33.14],[42.2,33.2],[42.21,33.26],[42.58,33.14],[42.71,32.94],[43.15,32.81],[43.35,32.56],[43.5,32.56],[43.49,32.43],[43.7,32.24],[43.92,32.17],[43.9,32.04],[44.73,31.98],[44.86,31.72],[44.81,31.34],[45.1,31.21],[45.08,31.08],[45.77,30.44],[46.45,30.37],[46.66,30.24],[46.7,29.92],[47.65,29.67],[47.53,29.28],[48.21,28.57],[48.25,28.19],[48.17,28.19],[47.69,27.87],[46.7,27.74]]]]},"properties":{"id":"territory:Lakhmid Kingdom:402","name":"Lakhmid Kingdom","name_en":"Lakhmid Kingdom","actor":"기타중립","valid_from":402,"valid_to":439,"wikidata":"Q943191","area":258841,"src":"cliopatria","confidence":"medium"}},{"type":"Feature","geometry":{"type":"MultiPolygon","coordinates":[[[[42.78,28.57],[42.78,28.64],[42.86,28.64],[42.85,28.57],[42.78,28.57]]],[[[41.9,28.89],[41.91,28.96],[41.98,28.96],[41.98,28.89],[41.9,28.89]]],[[[41.76,28.96],[41.76,29.02],[41.84,29.02],[41.83,28.96],[41.76,28.96]]],[[[46.7,27.74],[45.8,27.8],[45.43,27.93],[45.13,27.87],[45.14,27.99],[44.92,28.06],[44.03,28.25],[43.8,28.19],[43.74,28.32],[43.44,28.38],[43.28,28.32],[43.23,28.51],[42.99,28.44],[43.08,28.57],[42.93,28.57],[42.87,28.7],[42.71,28.64],[42.42,28.83],[42.2,28.83],[42.13,28.96],[41.84,29.02],[41.77,29.15],[41.27,29.41],[41.11,29.34],[41.06,29.6],[40.12,30.05],[39.98,30.24],[40.01,30.5],[39.93,30.5],[40.06,31.08],[40.41,31.53],[40.74,31.72],[40.68,31.85],[40.83,31.85],[41.16,32.11],[41.37,32.62],[41.62,32.81],[41.64,32.94],[41.89,33.14],[42.2,33.2],[42.21,33.26],[42.58,33.14],[42.71,32.94],[43.15,32.81],[43.35,32.56],[43.5,32.56],[43.49,32.43],[43.7,32.24],[43.92,32.17],[43.9,32.04],[44.73,31.98],[44.86,31.72],[44.81,31.34],[45.1,31.21],[45.08,31.08],[45.77,30.44],[46.45,30.37],[46.66,30.24],[46.7,29.92],[47.65,29.67],[47.53,29.28],[48.21,28.57],[48.25,28.19],[48.17,28.19],[47.69,27.87],[46.7,27.74]]]]},"properties":{"id":"territory:Lakhmid Kingdom:451","name":"Lakhmid Kingdom","name_en":"Lakhmid Kingdom","actor":"기타중립","valid_from":451,"valid_to":490,"wikidata":"Q943191","area":258841,"src":"cliopatria","confidence":"medium"}},{"type":"Feature","geometry":{"type":"Point","coordinates":[43.806,30.153]},"properties":{"id":"territory:Lakhmid Kingdom:270:label","name":"Lakhmid Kingdom","name_en":"Lakhmid Kingdom","actor":"기타중립","valid_from":270,"valid_to":402,"wikidata":"Q943191","area":258841,"src":"cliopatria","confidence":"medium"}},{"type":"Feature","geometry":{"type":"Point","coordinates":[43.806,30.153]},"properties":{"id":"territory:Lakhmid Kingdom:402:label","name":"Lakhmid Kingdom","name_en":"Lakhmid Kingdom","actor":"기타중립","valid_from":402,"valid_to":439,"wikidata":"Q943191","area":258841,"src":"cliopatria","confidence":"medium"}},{"type":"Feature","geometry":{"type":"Point","coordinates":[43.806,30.153]},"properties":{"id":"territory:Lakhmid Kingdom:451:label","name":"Lakhmid Kingdom","name_en":"Lakhmid Kingdom","actor":"기타중립","valid_from":451,"valid_to":490,"wikidata":"Q943191","area":258841,"src":"cliopatria","confidence":"medium"}},{"type":"Feature","geometry":{"type":"Polygon","coordinates":[[[-5.86,43.21],[-5.76,43.08],[-5.81,42.76],[-5.73,42.76],[-5.77,42.24],[-6.2,41.72],[-6.17,41.46],[-5.93,41.39],[-5.58,41.07],[-5.58,41.0],[-5.46,40.48],[-5.38,40.48],[-5.32,39.84],[-5.4,39.77],[-5.14,39.51],[-5.12,39.32],[-4.8,39.19],[-4.86,38.93],[-4.7,38.93],[-4.74,38.42],[-4.48,38.03],[-3.81,37.45],[-3.81,37.32],[-2.92,36.8],[-4.47,36.74],[-4.69,36.55],[-5.23,36.48],[-5.29,36.22],[-5.66,36.03],[-5.83,36.22],[-6.06,36.22],[-6.33,36.67],[-6.35,36.93],[-6.59,37.0],[-6.84,37.25],[-7.47,37.25],[-7.45,37.13],[-7.68,37.0],[-8.07,37.0],[-8.31,37.13],[-8.7,37.13],[-9.0,37.0],[-8.9,37.58],[-8.82,37.58],[-8.82,38.48],[-9.21,38.42],[-9.23,38.67],[-9.38,38.61],[-9.55,38.74],[-9.57,38.93],[-9.43,39.06],[-9.39,39.45],[-9.16,39.51],[-9.04,39.97],[-8.9,40.1],[-8.87,40.61],[-8.73,40.74],[-8.96,42.17],[-8.65,42.3],[-8.9,42.43],[-8.92,42.56],[-9.08,42.56],[-9.3,43.15],[-8.85,43.41],[-8.37,43.41],[-8.39,43.6],[-8.24,43.73],[-7.28,43.73],[-7.34,43.6],[-7.18,43.54],[-6.05,43.54],[-5.94,43.21],[-5.86,43.21]]]},"properties":{"id":"territory:Kingdom of the Suebi:441","name":"Kingdom of the Suebi","name_en":"Kingdom of the Suebi","actor":"게르만","valid_from":441,"valid_to":458,"wikidata":"Q1048918","area":248613,"src":"cliopatria","confidence":"medium"}},{"type":"Feature","geometry":{"type":"Point","coordinates":[-6.933,39.79]},"properties":{"id":"territory:Kingdom of the Suebi:441:label","name":"Kingdom of the Suebi","name_en":"Kingdom of the Suebi","actor":"게르만","valid_from":441,"valid_to":458,"wikidata":"Q1048918","area":248613,"src":"cliopatria","confidence":"medium"}},{"type":"Feature","geometry":{"type":"MultiPolygon","coordinates":[[[[10.23,36.8],[10.54,36.74],[10.85,37.0],[11.01,37.0],[11.01,36.8],[10.46,36.42],[10.54,36.35],[10.46,35.9],[10.7,35.71],[10.85,35.77],[10.85,35.64],[10.93,35.64],[11.08,35.58],[11.08,35.39],[11.01,35.39],[11.08,35.0],[10.85,34.94],[10.85,34.81],[10.54,34.55],[10.0,34.29],[10.08,34.23],[10.01,33.91],[10.24,33.71],[10.54,33.71],[10.7,33.52],[11.08,33.59],[11.16,33.2],[11.46,33.2],[12.23,32.81],[12.61,32.88],[12.53,32.75],[12.84,32.75],[12.84,32.88],[13.07,32.94],[13.3,32.94],[13.45,32.81],[13.76,32.88],[13.76,32.75],[14.07,32.75],[14.44,32.49],[14.67,32.56],[14.75,32.43],[15.21,32.36],[15.42,31.66],[15.58,31.59],[15.65,31.4],[16.18,31.21],[17.47,31.08],[18.0,30.89],[18.59,30.37],[18.9,30.37],[18.81,29.99],[18.28,30.05],[16.7,30.69],[15.49,30.95],[15.18,30.89],[15.19,31.08],[14.58,31.53],[14.59,31.66],[13.83,32.11],[13.3,32.24],[13.07,32.17],[13.07,32.3],[12.46,32.36],[11.77,32.3],[11.77,32.43],[11.54,32.43],[11.46,32.56],[11.31,32.49],[11.16,32.69],[10.39,33.01],[10.01,33.01],[10.08,33.14],[9.63,33.14],[9.55,33.33],[9.62,33.46],[9.32,33.59],[9.08,34.04],[8.93,34.04],[9.0,34.36],[8.93,34.36],[8.85,34.74],[8.46,34.87],[8.23,34.81],[7.99,35.07],[7.99,35.52],[7.91,35.52],[7.91,35.97],[7.83,35.97],[7.9,36.22],[7.59,36.61],[6.96,36.61],[6.89,36.48],[6.42,36.55],[6.35,36.42],[5.88,36.48],[5.65,36.35],[2.77,36.42],[2.32,36.22],[2.0,36.29],[2.01,36.16],[1.15,36.16],[1.01,36.03],[0.77,36.03],[0.48,35.64],[-0.29,35.58],[-1.04,35.07],[-1.2,35.13],[-1.35,35.0],[-1.81,34.94],[-1.88,34.81],[-2.81,34.94],[-5.28,34.94],[-5.81,34.81],[-6.11,34.61],[-6.24,34.36],[-6.16,34.23],[-6.31,34.23],[-6.6,33.97],[-6.59,33.84],[-6.81,33.71],[-6.73,33.59],[-7.18,33.52],[-7.47,33.26],[-7.88,33.52],[-7.13,33.84],[-7.06,33.97],[-6.9,33.91],[-6.61,34.16],[-6.7,34.29],[-6.47,34.36],[-6.48,34.49],[-6.33,34.55],[-6.28,34.87],[-6.2,34.87],[-6.29,35.07],[-6.13,35.0],[-6.15,35.19],[-6.0,35.32],[-5.88,35.77],[-5.34,35.84],[-5.24,35.52],[-4.75,35.19],[-3.13,35.19],[-2.98,35.26],[-2.99,35.45],[-2.84,35.45],[-2.82,35.13],[-2.66,35.07],[-1.89,35.07],[-1.59,35.26],[-1.36,35.26],[-1.14,35.45],[-1.22,35.64],[-1.07,35.58],[-0.92,35.71],[-0.53,35.71],[-0.46,35.84],[0.08,35.84],[0.38,36.22],[0.68,36.29],[0.68,36.42],[0.91,36.35],[1.22,36.55],[1.53,36.48],[2.38,36.67],[2.69,36.61],[2.84,36.74],[3.23,36.74],[3.46,36.87],[3.85,36.8],[4.47,36.93],[4.86,36.87],[5.1,36.67],[5.56,36.67],[5.64,36.8],[6.11,36.8],[6.1,36.93],[6.33,37.06],[6.8,36.87],[7.19,36.87],[7.35,37.06],[7.5,37.06],[7.74,36.87],[8.52,36.87],[8.9,37.13],[9.06,37.06],[9.6,37.32],[9.99,37.19],[10.23,37.25],[10.23,37.06],[10.31,37.06],[10.23,36.8]],[[10.15,37.06],[10.15,37.0],[10.23,37.0],[10.23,37.06],[10.15,37.06]],[[13.15,32.88],[13.07,32.88],[13.07,32.81],[13.15,32.81],[13.15,32.88]],[[8.9,37.0],[8.83,37.0],[8.83,36.93],[8.9,36.93],[8.9,37.0]],[[8.37,36.03],[8.37,36.1],[8.29,36.1],[8.29,36.03],[8.37,36.03]]],[[[1.66,39.0],[1.43,38.8],[1.27,38.8],[1.18,39.06],[1.26,39.13],[1.34,39.13],[1.65,39.13],[1.66,39.0]]],[[[3.2,39.84],[3.52,39.77],[3.3,39.32],[2.82,39.32],[2.66,39.51],[2.35,39.45],[2.34,39.64],[2.88,39.97],[2.96,39.97],[3.19,39.97],[3.2,39.84]]],[[[4.22,40.1],[4.3,39.84],[3.83,39.9],[3.74,40.1],[3.82,40.1],[4.22,40.1]]],[[[9.82,40.74],[9.82,40.36],[9.67,40.29],[9.75,39.64],[9.67,39.64],[9.59,39.13],[9.12,39.19],[8.97,38.87],[8.73,38.87],[8.34,39.0],[8.41,39.26],[8.33,39.26],[8.33,39.51],[8.41,39.51],[8.48,39.9],[8.32,39.97],[8.4,40.29],[8.32,40.29],[8.32,40.48],[8.16,40.55],[8.15,40.94],[8.55,40.87],[9.02,41.26],[9.1,41.26],[9.5,41.2],[9.82,40.74]]],[[[9.49,42.76],[9.57,42.76],[9.58,41.98],[9.5,41.98],[9.5,41.78],[9.26,41.39],[9.1,41.33],[8.78,41.52],[8.78,41.72],[8.62,41.72],[8.7,41.91],[8.54,42.11],[8.53,42.5],[8.77,42.69],[9.17,42.76],[9.25,43.02],[9.33,43.02],[9.49,43.02],[9.49,42.76]]]]},"properties":{"id":"territory:Vandal Kingdom:490","name":"반달 왕국","name_en":"Vandal Kingdom","actor":"게르만","valid_from":490,"valid_to":523,"wikidata":"Q10416611","area":248580,"src":"cliopatria","confidence":"medium"}},{"type":"Feature","geometry":{"type":"Point","coordinates":[7.981,34.566]},"properties":{"id":"territory:Vandal Kingdom:490:label","name":"반달 왕국","name_en":"Vandal Kingdom","actor":"게르만","valid_from":490,"valid_to":523,"wikidata":"Q10416611","area":248580,"src":"cliopatria","confidence":"medium"}},{"type":"Feature","geometry":{"type":"MultiPolygon","coordinates":[[[[11.08,35.58],[11.08,35.39],[11.01,35.39],[11.08,35.0],[10.85,34.94],[10.85,34.81],[10.54,34.55],[10.0,34.29],[10.08,34.23],[10.01,33.91],[10.24,33.71],[10.54,33.71],[10.7,33.52],[11.08,33.59],[11.16,33.2],[11.46,33.2],[12.23,32.81],[12.61,32.88],[12.53,32.75],[12.84,32.75],[12.84,32.88],[13.07,32.94],[13.3,32.94],[13.45,32.81],[13.76,32.88],[13.76,32.75],[14.07,32.75],[14.44,32.49],[14.67,32.56],[14.75,32.43],[15.21,32.36],[15.42,31.66],[15.58,31.59],[15.65,31.4],[16.18,31.21],[17.47,31.08],[18.0,30.89],[18.59,30.37],[18.9,30.37],[18.81,29.99],[18.28,30.05],[16.7,30.69],[15.49,30.95],[15.18,30.89],[15.19,31.08],[14.58,31.53],[14.59,31.66],[13.83,32.11],[13.3,32.24],[13.07,32.17],[13.07,32.3],[12.46,32.36],[11.77,32.3],[11.77,32.43],[11.54,32.43],[11.46,32.56],[11.31,32.49],[11.16,32.69],[10.39,33.01],[10.01,33.01],[10.08,33.14],[9.63,33.14],[9.55,33.33],[9.62,33.46],[9.32,33.59],[9.08,34.04],[8.93,34.04],[9.0,34.36],[8.93,34.36],[8.85,34.74],[8.46,34.87],[8.23,34.81],[7.99,35.07],[7.99,35.52],[7.91,35.52],[7.91,35.97],[7.83,35.97],[7.9,36.22],[7.59,36.61],[6.96,36.61],[6.89,36.48],[6.42,36.55],[6.35,36.42],[5.88,36.48],[5.65,36.35],[2.77,36.42],[2.32,36.22],[2.0,36.29],[2.01,36.16],[1.15,36.16],[1.01,36.03],[0.77,36.03],[0.48,35.64],[-0.29,35.58],[-1.04,35.07],[-1.2,35.13],[-1.35,35.0],[-1.81,34.94],[-1.88,34.81],[-2.81,34.94],[-5.28,34.94],[-5.81,34.81],[-6.11,34.61],[-6.24,34.36],[-6.16,34.23],[-6.31,34.23],[-6.6,33.97],[-6.59,33.84],[-6.81,33.71],[-6.73,33.59],[-7.18,33.52],[-7.47,33.26],[-7.88,33.52],[-7.13,33.84],[-7.06,33.97],[-6.9,33.91],[-6.61,34.16],[-6.7,34.29],[-6.47,34.36],[-6.48,34.49],[-6.33,34.55],[-6.28,34.87],[-6.2,34.87],[-6.29,35.07],[-6.13,35.0],[-6.15,35.19],[-6.0,35.32],[-5.88,35.77],[-5.34,35.84],[-5.24,35.52],[-4.75,35.19],[-3.13,35.19],[-2.98,35.26],[-2.99,35.45],[-2.84,35.45],[-2.82,35.13],[-2.66,35.07],[-1.89,35.07],[-1.59,35.26],[-1.36,35.26],[-1.14,35.45],[-1.22,35.64],[-1.07,35.58],[-0.92,35.71],[-0.53,35.71],[-0.46,35.84],[0.08,35.84],[0.38,36.22],[0.68,36.29],[0.68,36.42],[0.91,36.35],[1.22,36.55],[1.53,36.48],[2.38,36.67],[2.69,36.61],[2.84,36.74],[3.23,36.74],[3.46,36.87],[3.85,36.8],[4.47,36.93],[4.86,36.87],[5.1,36.67],[5.56,36.67],[5.64,36.8],[6.11,36.8],[6.1,36.93],[6.33,37.06],[6.8,36.87],[7.19,36.87],[7.35,37.06],[7.5,37.06],[7.74,36.87],[8.52,36.87],[8.9,37.13],[9.06,37.06],[9.6,37.32],[9.99,37.19],[10.23,37.25],[10.23,37.06],[10.31,37.06],[10.23,36.8],[10.54,36.74],[10.85,37.0],[11.01,37.0],[11.01,36.8],[10.46,36.42],[10.54,36.35],[10.46,35.9],[10.7,35.71],[10.85,35.77],[10.85,35.64],[10.93,35.64],[11.08,35.58]]],[[[15.21,37.19],[15.21,37.0],[15.05,36.74],[14.66,36.74],[14.28,37.13],[13.58,37.25],[13.19,37.58],[12.49,37.71],[12.49,37.9],[12.65,38.09],[13.04,38.03],[13.12,38.16],[13.35,38.16],[13.67,37.96],[14.06,37.96],[15.63,38.29],[15.62,38.16],[15.39,38.16],[15.07,37.58],[15.06,37.51],[15.06,37.25],[15.21,37.19]]],[[[1.66,39.0],[1.43,38.8],[1.27,38.8],[1.18,39.06],[1.26,39.13],[1.34,39.13],[1.65,39.13],[1.66,39.0]]],[[[3.19,39.97],[3.2,39.84],[3.52,39.77],[3.3,39.32],[2.82,39.32],[2.66,39.51],[2.35,39.45],[2.34,39.64],[2.88,39.97],[2.96,39.97],[3.19,39.97]]],[[[4.3,39.84],[3.83,39.9],[3.74,40.1],[3.82,40.1],[4.22,40.1],[4.3,39.84]]],[[[12.06,42.5],[12.54,42.43],[12.77,42.24],[12.77,41.78],[12.53,41.65],[12.45,41.65],[12.13,41.91],[12.13,42.04],[11.81,42.11],[11.81,42.17],[11.73,42.17],[11.73,42.24],[12.06,42.5]]]]},"properties":{"id":"territory:Vandal Kingdom:455","name":"반달 왕국","name_en":"Vandal Kingdom","actor":"게르만","valid_from":455,"valid_to":458,"wikidata":"Q10416611","area":237862,"src":"cliopatria","confidence":"medium"}},{"type":"Feature","geometry":{"type":"Point","coordinates":[7.981,34.566]},"properties":{"id":"territory:Vandal Kingdom:455:label","name":"반달 왕국","name_en":"Vandal Kingdom","actor":"게르만","valid_from":455,"valid_to":458,"wikidata":"Q10416611","area":237862,"src":"cliopatria","confidence":"medium"}},{"type":"Feature","geometry":{"type":"MultiPolygon","coordinates":[[[[11.08,35.58],[11.08,35.39],[11.01,35.39],[11.08,35.0],[10.85,34.94],[10.85,34.81],[10.54,34.55],[10.0,34.29],[10.08,34.23],[10.01,33.91],[10.24,33.71],[10.54,33.71],[10.7,33.52],[11.08,33.59],[11.16,33.2],[11.46,33.2],[12.23,32.81],[12.61,32.88],[12.53,32.75],[12.84,32.75],[12.84,32.88],[13.07,32.94],[13.3,32.94],[13.45,32.81],[13.76,32.88],[13.76,32.75],[14.07,32.75],[14.44,32.49],[14.67,32.56],[14.75,32.43],[15.21,32.36],[15.42,31.66],[15.58,31.59],[15.65,31.4],[16.18,31.21],[17.47,31.08],[18.0,30.89],[18.59,30.37],[18.9,30.37],[18.81,29.99],[18.28,30.05],[16.7,30.69],[15.49,30.95],[15.18,30.89],[15.19,31.08],[14.58,31.53],[14.59,31.66],[13.83,32.11],[13.3,32.24],[13.07,32.17],[13.07,32.3],[12.46,32.36],[11.77,32.3],[11.77,32.43],[11.54,32.43],[11.46,32.56],[11.31,32.49],[11.16,32.69],[10.39,33.01],[10.01,33.01],[10.08,33.14],[9.63,33.14],[9.55,33.33],[9.62,33.46],[9.32,33.59],[9.08,34.04],[8.93,34.04],[9.0,34.36],[8.93,34.36],[8.85,34.74],[8.46,34.87],[8.23,34.81],[7.99,35.07],[7.99,35.52],[7.91,35.52],[7.91,35.97],[7.83,35.97],[7.9,36.22],[7.59,36.61],[6.96,36.61],[6.89,36.48],[6.42,36.55],[6.35,36.42],[5.88,36.48],[5.65,36.35],[2.77,36.42],[2.32,36.22],[2.0,36.29],[2.01,36.16],[1.15,36.16],[1.01,36.03],[0.77,36.03],[0.48,35.64],[-0.29,35.58],[-1.04,35.07],[-1.2,35.13],[-1.35,35.0],[-1.81,34.94],[-1.88,34.81],[-2.81,34.94],[-5.28,34.94],[-5.81,34.81],[-6.11,34.61],[-6.24,34.36],[-6.16,34.23],[-6.31,34.23],[-6.6,33.97],[-6.59,33.84],[-6.81,33.71],[-6.73,33.59],[-7.18,33.52],[-7.47,33.26],[-7.88,33.52],[-7.13,33.84],[-7.06,33.97],[-6.9,33.91],[-6.61,34.16],[-6.7,34.29],[-6.47,34.36],[-6.48,34.49],[-6.33,34.55],[-6.28,34.87],[-6.2,34.87],[-6.29,35.07],[-6.13,35.0],[-6.15,35.19],[-6.0,35.32],[-5.88,35.77],[-5.34,35.84],[-5.24,35.52],[-4.75,35.19],[-3.13,35.19],[-2.98,35.26],[-2.99,35.45],[-2.84,35.45],[-2.82,35.13],[-2.66,35.07],[-1.89,35.07],[-1.59,35.26],[-1.36,35.26],[-1.14,35.45],[-1.22,35.64],[-1.07,35.58],[-0.92,35.71],[-0.53,35.71],[-0.46,35.84],[0.08,35.84],[0.38,36.22],[0.68,36.29],[0.68,36.42],[0.91,36.35],[1.22,36.55],[1.53,36.48],[2.38,36.67],[2.69,36.61],[2.84,36.74],[3.23,36.74],[3.46,36.87],[3.85,36.8],[4.47,36.93],[4.86,36.87],[5.1,36.67],[5.56,36.67],[5.64,36.8],[6.11,36.8],[6.1,36.93],[6.33,37.06],[6.8,36.87],[7.19,36.87],[7.35,37.06],[7.5,37.06],[7.74,36.87],[8.52,36.87],[8.9,37.13],[9.06,37.06],[9.6,37.32],[9.99,37.19],[10.23,37.25],[10.23,37.06],[10.31,37.06],[10.23,36.8],[10.54,36.74],[10.85,37.0],[11.01,37.0],[11.01,36.8],[10.46,36.42],[10.54,36.35],[10.46,35.9],[10.7,35.71],[10.85,35.77],[10.85,35.64],[10.93,35.64],[11.08,35.58]]],[[[15.06,37.25],[15.21,37.19],[15.21,37.0],[15.05,36.74],[14.66,36.74],[14.28,37.13],[13.58,37.25],[13.19,37.58],[12.49,37.71],[12.49,37.9],[12.65,38.09],[13.04,38.03],[13.12,38.16],[13.35,38.16],[13.67,37.96],[14.06,37.96],[15.63,38.29],[15.62,38.16],[15.39,38.16],[15.07,37.58],[15.06,37.51],[15.06,37.25]]],[[[1.65,39.13],[1.66,39.0],[1.43,38.8],[1.27,38.8],[1.18,39.06],[1.26,39.13],[1.34,39.13],[1.65,39.13]]],[[[3.2,39.84],[3.52,39.77],[3.3,39.32],[2.82,39.32],[2.66,39.51],[2.35,39.45],[2.34,39.64],[2.88,39.97],[2.96,39.97],[3.19,39.97],[3.2,39.84]]],[[[4.3,39.84],[3.83,39.9],[3.74,40.1],[3.82,40.1],[4.22,40.1],[4.3,39.84]]]]},"properties":{"id":"territory:Vandal Kingdom:443","name":"반달 왕국","name_en":"Vandal Kingdom","actor":"게르만","valid_from":443,"valid_to":455,"wikidata":"Q10416611","area":232835,"src":"cliopatria","confidence":"medium"}},{"type":"Feature","geometry":{"type":"Point","coordinates":[7.981,34.566]},"properties":{"id":"territory:Vandal Kingdom:443:label","name":"반달 왕국","name_en":"Vandal Kingdom","actor":"게르만","valid_from":443,"valid_to":455,"wikidata":"Q10416611","area":232835,"src":"cliopatria","confidence":"medium"}},{"type":"Feature","geometry":{"type":"Polygon","coordinates":[[[-0.31,39.13],[-0.72,39.32],[-1.07,39.9],[-1.47,40.03],[-1.64,40.23],[-1.96,40.23],[-2.61,40.48],[-3.57,40.68],[-4.36,40.68],[-5.01,40.81],[-6.26,41.52],[-6.85,41.07],[-6.8,40.42],[-7.01,40.16],[-7.33,40.16],[-7.39,40.03],[-7.78,39.97],[-7.93,39.84],[-8.97,40.03],[-8.97,39.97],[-9.04,39.97],[-9.16,39.51],[-9.39,39.45],[-9.43,39.06],[-9.57,38.93],[-9.55,38.74],[-9.38,38.61],[-9.23,38.67],[-9.21,38.42],[-8.82,38.48],[-8.82,37.58],[-8.9,37.58],[-9.0,37.0],[-8.7,37.13],[-7.68,37.0],[-7.45,37.13],[-7.47,37.25],[-7.39,37.25],[-7.5,37.71],[-7.28,37.84],[-7.14,38.09],[-6.84,38.22],[-6.14,38.22],[-5.53,38.48],[-5.06,38.42],[-4.91,38.55],[-4.67,38.55],[-4.35,38.35],[-4.03,38.35],[-3.93,38.03],[-3.44,37.71],[-2.97,37.64],[-2.72,37.38],[-2.7,37.13],[-2.38,36.87],[-2.3,36.87],[-1.99,36.87],[-1.86,37.32],[-1.62,37.32],[-1.71,37.45],[-0.7,37.64],[-0.8,38.03],[-0.66,38.29],[0.1,38.74],[-0.31,39.06],[-0.31,39.13]]]},"properties":{"id":"territory:Alans:417","name":"Alans","name_en":"Alans","actor":"기타중립","valid_from":417,"valid_to":426,"wikidata":"Q178054","area":225365,"src":"cliopatria","confidence":"medium"}},{"type":"Feature","geometry":{"type":"Point","coordinates":[-4.842,39.1]},"properties":{"id":"territory:Alans:417:label","name":"Alans","name_en":"Alans","actor":"기타중립","valid_from":417,"valid_to":426,"wikidata":"Q178054","area":225365,"src":"cliopatria","confidence":"medium"}},{"type":"Feature","geometry":{"type":"Polygon","coordinates":[[[-0.31,39.06],[0.1,38.74],[-0.66,38.29],[-0.8,38.03],[-0.7,37.64],[-1.71,37.45],[-1.62,37.32],[-1.86,37.32],[-1.99,36.87],[-2.3,36.87],[-2.38,36.87],[-2.7,37.13],[-2.8,37.51],[-2.88,37.51],[-2.97,37.64],[-3.44,37.71],[-3.61,37.9],[-3.77,37.9],[-3.93,38.03],[-4.03,38.35],[-4.91,38.55],[-5.06,38.42],[-5.53,38.48],[-6.14,38.22],[-6.84,38.22],[-7.14,38.09],[-7.28,37.84],[-7.5,37.71],[-7.39,37.25],[-7.47,37.25],[-7.45,37.13],[-7.68,37.0],[-8.07,37.0],[-8.31,37.13],[-8.7,37.13],[-9.0,37.0],[-8.9,37.58],[-8.82,37.58],[-8.82,38.48],[-9.21,38.42],[-9.23,38.67],[-9.38,38.61],[-9.55,38.74],[-9.57,38.93],[-9.43,39.06],[-9.39,39.45],[-9.16,39.51],[-9.04,39.97],[-8.97,39.97],[-8.97,40.03],[-7.93,39.84],[-7.78,39.97],[-7.39,40.03],[-7.33,40.16],[-7.01,40.16],[-6.8,40.42],[-6.85,41.07],[-6.7,41.13],[-6.71,41.2],[-6.4,41.33],[-6.26,41.52],[-5.01,40.81],[-4.36,40.68],[-3.57,40.68],[-2.61,40.48],[-1.96,40.23],[-1.64,40.23],[-1.47,40.03],[-1.07,39.9],[-0.72,39.32],[-0.31,39.13],[-0.31,39.06]]]},"properties":{"id":"territory:Alans:414","name":"Alans","name_en":"Alans","actor":"기타중립","valid_from":414,"valid_to":417,"wikidata":"Q178054","area":225102,"src":"cliopatria","confidence":"medium"}},{"type":"Feature","geometry":{"type":"Point","coordinates":[-4.841,39.099]},"properties":{"id":"territory:Alans:414:label","name":"Alans","name_en":"Alans","actor":"기타중립","valid_from":414,"valid_to":417,"wikidata":"Q178054","area":225102,"src":"cliopatria","confidence":"medium"}},{"type":"Feature","geometry":{"type":"Polygon","coordinates":[[[-0.31,39.13],[-0.72,39.32],[-1.07,39.9],[-1.47,40.03],[-1.64,40.23],[-1.96,40.23],[-2.61,40.48],[-3.57,40.68],[-4.36,40.68],[-5.01,40.81],[-6.26,41.52],[-6.85,41.07],[-6.86,40.29],[-7.93,39.84],[-8.47,39.77],[-8.62,39.64],[-8.6,39.45],[-8.9,39.26],[-9.01,38.8],[-9.0,38.74],[-9.23,38.67],[-9.21,38.42],[-8.82,38.48],[-8.82,37.58],[-8.9,37.58],[-9.0,37.0],[-8.7,37.13],[-7.68,37.0],[-7.45,37.13],[-7.47,37.25],[-7.39,37.25],[-7.5,37.71],[-7.28,37.84],[-7.14,38.09],[-6.84,38.22],[-6.14,38.22],[-5.53,38.48],[-5.06,38.42],[-4.91,38.55],[-4.67,38.55],[-4.35,38.35],[-4.03,38.35],[-3.93,38.03],[-3.44,37.71],[-2.97,37.64],[-2.72,37.38],[-2.7,37.13],[-2.38,36.87],[-2.3,36.87],[-1.99,36.87],[-1.86,37.32],[-1.62,37.32],[-1.71,37.45],[-0.7,37.64],[-0.8,38.03],[-0.66,38.29],[0.1,38.74],[-0.31,39.06],[-0.31,39.13]]]},"properties":{"id":"territory:Alans:426","name":"Alans","name_en":"Alans","actor":"기타중립","valid_from":426,"valid_to":439,"wikidata":"Q178054","area":217937,"src":"cliopatria","confidence":"medium"}},{"type":"Feature","geometry":{"type":"Point","coordinates":[-4.698,39.092]},"properties":{"id":"territory:Alans:426:label","name":"Alans","name_en":"Alans","actor":"기타중립","valid_from":426,"valid_to":439,"wikidata":"Q178054","area":217937,"src":"cliopatria","confidence":"medium"}},{"type":"Feature","geometry":{"type":"MultiPolygon","coordinates":[[[[-1.65,48.19],[-1.8,47.99],[-2.45,47.86],[-2.84,47.6],[-2.92,47.6],[-3.16,47.47],[-3.34,47.73],[-3.76,47.73],[-3.93,47.86],[-4.42,47.8],[-4.69,47.99],[-4.71,48.13],[-4.55,48.19],[-4.64,48.32],[-4.89,48.32],[-4.91,48.52],[-4.6,48.72],[-3.85,48.72],[-3.46,48.92],[-3.12,48.92],[-2.76,48.59],[-2.52,48.72],[-1.69,48.65],[-1.6,48.65],[-1.51,48.52],[-1.67,48.46],[-1.65,48.26],[-1.65,48.19]]],[[[-1.63,55.57],[-1.49,54.95],[-1.4,54.95],[-1.29,54.68],[-0.67,54.61],[-0.2,54.21],[-0.18,53.94],[0.0,53.8],[0.02,53.6],[0.3,53.39],[0.32,53.12],[0.08,52.92],[0.34,52.86],[0.49,53.06],[1.09,53.06],[1.53,52.92],[1.72,52.72],[1.74,52.38],[1.65,52.38],[1.59,52.12],[1.43,51.98],[1.17,51.98],[1.18,51.78],[0.84,51.78],[0.86,51.51],[0.52,51.51],[1.21,51.45],[1.38,51.38],[1.39,51.18],[0.49,50.78],[-1.37,50.85],[-1.11,50.78],[-1.18,50.58],[-1.51,50.58],[-1.52,50.71],[-2.61,50.58],[-2.79,50.71],[-3.13,50.71],[-3.46,50.65],[-3.58,50.25],[-4.09,50.25],[-4.19,50.38],[-4.35,50.38],[-4.93,50.25],[-5.15,49.98],[-5.75,50.05],[-5.77,50.25],[-5.28,50.38],[-5.13,50.58],[-4.88,50.58],[-4.82,50.78],[-4.66,50.85],[-4.68,51.05],[-4.43,51.05],[-4.2,51.31],[-3.09,51.25],[-3.11,51.38],[-2.95,51.45],[-3.12,51.51],[-3.28,51.38],[-3.7,51.38],[-3.89,51.58],[-4.31,51.51],[-4.42,51.71],[-5.08,51.58],[-5.26,51.71],[-5.22,52.05],[-4.55,52.18],[-4.16,52.45],[-4.3,52.92],[-4.79,52.79],[-4.81,52.92],[-4.49,53.12],[-4.67,53.19],[-4.7,53.46],[-4.27,53.46],[-4.16,53.26],[-3.32,53.39],[-3.15,53.46],[-3.17,53.66],[-3.09,53.66],[-3.2,53.87],[-3.11,53.87],[-3.12,54.0],[-2.96,54.07],[-3.14,54.14],[-3.3,54.07],[-3.32,54.21],[-3.59,54.27],[-3.72,54.68],[-3.57,54.89],[-4.42,54.75],[-4.95,54.82],[-4.94,54.68],[-5.21,54.75],[-5.33,55.02],[-5.15,55.02],[-5.17,55.16],[-4.77,55.43],[-4.79,55.63],[-4.98,55.7],[-5.01,55.98],[-4.31,55.98],[-4.15,56.11],[-3.78,55.98],[-3.8,56.11],[-2.66,56.11],[-2.02,55.91],[-1.73,55.7],[-1.72,55.57],[-1.63,55.57]]]]},"properties":{"id":"territory:Brythons:439","name":"Brythons","name_en":"Brythons","actor":"기타중립","valid_from":439,"valid_to":441,"wikidata":"Q849967","area":207599,"src":"cliopatria","confidence":"medium"}},{"type":"Feature","geometry":{"type":"Point","coordinates":[-2.103,52.924]},"properties":{"id":"territory:Brythons:439:label","name":"Brythons","name_en":"Brythons","actor":"기타중립","valid_from":439,"valid_to":441,"wikidata":"Q849967","area":207599,"src":"cliopatria","confidence":"medium"}},{"type":"Feature","geometry":{"type":"Polygon","coordinates":[[[5.89,50.71],[5.97,50.78],[5.96,51.18],[6.2,51.51],[5.94,51.78],[4.41,51.71],[4.33,51.71],[4.16,51.71],[4.26,51.38],[4.09,51.31],[3.42,51.31],[3.41,51.45],[3.16,51.45],[2.58,51.18],[1.66,51.05],[1.42,50.71],[1.45,50.25],[1.05,49.98],[0.22,49.85],[-0.01,49.65],[0.01,49.38],[-1.25,49.45],[-1.36,49.78],[-2.03,49.78],[-1.91,49.38],[-1.65,49.25],[-1.64,49.05],[-1.72,49.05],[-1.61,48.72],[-1.6,48.65],[-1.51,48.52],[-1.67,48.46],[-1.65,48.26],[-1.65,48.19],[-1.8,47.99],[-2.45,47.86],[-2.84,47.6],[-2.83,47.53],[-2.58,47.47],[-2.56,47.27],[-2.31,47.27],[-2.23,47.27],[-1.41,47.27],[-1.18,47.47],[-0.27,47.47],[-0.26,47.33],[-0.1,47.33],[-0.0,47.2],[1.31,47.2],[2.02,47.73],[2.95,47.47],[3.6,47.66],[3.73,48.32],[4.8,48.65],[4.87,48.99],[4.43,49.38],[4.23,50.11],[4.64,50.38],[4.64,50.51],[4.97,50.58],[5.05,50.71],[5.81,50.71],[5.89,50.71]]]},"properties":{"id":"territory:Salian Franks:490","name":"살리 프랑크","name_en":"Salian Franks","actor":"게르만","valid_from":490,"valid_to":500,"wikidata":"Q939852","area":166333,"src":"cliopatria","confidence":"medium"}},{"type":"Feature","geometry":{"type":"Point","coordinates":[1.877,49.23]},"properties":{"id":"territory:Salian Franks:490:label","name":"살리 프랑크","name_en":"Salian Franks","actor":"게르만","valid_from":490,"valid_to":500,"wikidata":"Q939852","area":166333,"src":"cliopatria","confidence":"medium"}},{"type":"Feature","geometry":{"type":"MultiPolygon","coordinates":[[[[-1.65,48.19],[-1.8,47.99],[-2.45,47.86],[-2.84,47.6],[-2.92,47.6],[-3.16,47.47],[-3.34,47.73],[-3.76,47.73],[-3.93,47.86],[-4.42,47.8],[-4.69,47.99],[-4.71,48.13],[-4.55,48.19],[-4.64,48.32],[-4.89,48.32],[-4.91,48.52],[-4.6,48.72],[-3.85,48.72],[-3.46,48.92],[-3.12,48.92],[-2.76,48.59],[-2.52,48.72],[-1.69,48.65],[-1.6,48.65],[-1.51,48.52],[-1.67,48.46],[-1.65,48.26],[-1.65,48.19]]],[[[-1.49,54.95],[-1.4,54.95],[-1.29,54.68],[-0.67,54.61],[-0.39,54.34],[-0.38,54.27],[-0.99,54.34],[-1.32,54.14],[-1.31,54.0],[-0.96,53.94],[-0.9,53.33],[-1.31,53.12],[-1.3,52.99],[-1.46,52.86],[-1.42,52.38],[-1.14,52.12],[-0.03,52.05],[0.85,51.71],[0.85,51.65],[0.86,51.58],[0.86,51.51],[0.78,51.51],[0.77,51.58],[0.69,51.58],[0.68,51.65],[0.6,51.65],[0.35,51.58],[-0.18,51.78],[-0.85,51.71],[-0.95,51.85],[-1.36,51.78],[-1.47,51.98],[-2.14,51.92],[-2.12,51.65],[-1.61,51.65],[-1.42,51.45],[-0.92,51.51],[-0.65,51.31],[0.19,51.38],[0.29,51.25],[1.31,51.18],[1.31,51.11],[0.49,50.78],[-1.37,50.85],[-1.11,50.78],[-1.18,50.58],[-1.51,50.58],[-1.52,50.71],[-2.03,50.71],[-2.1,50.58],[-3.13,50.71],[-3.46,50.65],[-3.58,50.25],[-4.09,50.25],[-4.19,50.38],[-4.35,50.38],[-4.93,50.25],[-5.15,49.98],[-5.75,50.05],[-5.77,50.25],[-5.28,50.38],[-5.13,50.58],[-4.88,50.58],[-4.82,50.78],[-4.66,50.85],[-4.68,51.05],[-4.43,51.05],[-4.2,51.31],[-3.09,51.25],[-3.11,51.38],[-2.95,51.45],[-3.12,51.51],[-3.28,51.38],[-3.7,51.38],[-3.89,51.58],[-4.31,51.51],[-4.42,51.71],[-4.91,51.58],[-5.26,51.71],[-5.22,52.05],[-4.55,52.18],[-4.16,52.45],[-4.3,52.92],[-4.54,52.79],[-4.79,52.79],[-4.81,52.92],[-4.08,53.33],[-3.15,53.46],[-3.1,53.73],[-3.2,53.87],[-2.96,54.07],[-3.3,54.07],[-3.32,54.21],[-3.59,54.27],[-3.72,54.68],[-3.57,54.89],[-4.42,54.75],[-4.95,54.82],[-4.94,54.68],[-5.21,54.75],[-5.33,55.02],[-5.15,55.02],[-5.17,55.16],[-4.77,55.43],[-4.79,55.63],[-4.98,55.7],[-5.01,55.98],[-4.31,55.98],[-4.15,56.11],[-3.98,56.11],[-3.87,55.98],[-3.78,55.98],[-3.8,56.11],[-2.66,56.11],[-2.02,55.91],[-1.73,55.7],[-1.72,55.57],[-1.63,55.57],[-1.49,54.95]]]]},"properties":{"id":"territory:Brythons:462","name":"Brythons","name_en":"Brythons","actor":"기타중립","valid_from":462,"valid_to":469,"wikidata":"Q849967","area":163804,"src":"cliopatria","confidence":"medium"}},{"type":"Feature","geometry":{"type":"Point","coordinates":[-2.703,53.028]},"properties":{"id":"territory:Brythons:462:label","name":"Brythons","name_en":"Brythons","actor":"기타중립","valid_from":462,"valid_to":469,"wikidata":"Q849967","area":163804,"src":"cliopatria","confidence":"medium"}},{"type":"Feature","geometry":{"type":"MultiPolygon","coordinates":[[[[-1.65,48.19],[-1.8,47.99],[-2.45,47.86],[-2.84,47.6],[-2.92,47.6],[-3.16,47.47],[-3.34,47.73],[-3.76,47.73],[-3.93,47.86],[-4.42,47.8],[-4.69,47.99],[-4.71,48.13],[-4.55,48.19],[-4.64,48.32],[-4.89,48.32],[-4.91,48.52],[-4.6,48.72],[-3.85,48.72],[-3.46,48.92],[-3.12,48.92],[-2.76,48.59],[-2.52,48.72],[-1.69,48.65],[-1.6,48.65],[-1.51,48.52],[-1.67,48.46],[-1.65,48.26],[-1.65,48.19]]],[[[-1.49,54.95],[-1.4,54.95],[-1.29,54.68],[-0.67,54.61],[-0.39,54.34],[-0.38,54.27],[-0.99,54.34],[-1.32,54.14],[-1.31,54.0],[-0.96,53.94],[-0.9,53.33],[-1.31,53.12],[-1.3,52.99],[-1.46,52.86],[-1.42,52.38],[-1.14,52.12],[-0.03,52.05],[0.85,51.71],[0.85,51.65],[0.86,51.58],[0.86,51.51],[0.78,51.51],[0.77,51.58],[0.69,51.58],[0.68,51.65],[0.6,51.65],[0.35,51.58],[-0.18,51.78],[-0.85,51.71],[-0.95,51.85],[-1.36,51.78],[-1.47,51.98],[-1.98,51.98],[-2.22,51.85],[-2.2,51.65],[-1.61,51.65],[-1.42,51.45],[-0.92,51.51],[-0.65,51.31],[0.19,51.38],[0.29,51.25],[1.31,51.18],[1.31,51.11],[0.49,50.78],[-1.37,50.85],[-1.11,50.78],[-1.18,50.58],[-1.51,50.58],[-1.52,50.71],[-2.03,50.71],[-2.1,50.58],[-3.13,50.71],[-3.46,50.65],[-3.58,50.25],[-4.09,50.25],[-4.19,50.38],[-4.35,50.38],[-4.93,50.25],[-5.15,49.98],[-5.75,50.05],[-5.77,50.25],[-5.28,50.38],[-5.13,50.58],[-4.88,50.58],[-4.82,50.78],[-4.66,50.85],[-4.68,51.05],[-4.43,51.05],[-4.2,51.31],[-3.09,51.25],[-3.11,51.38],[-2.95,51.45],[-3.12,51.51],[-3.28,51.38],[-3.7,51.38],[-3.89,51.58],[-4.31,51.51],[-4.42,51.71],[-4.91,51.58],[-5.26,51.71],[-5.22,52.05],[-4.55,52.18],[-4.16,52.45],[-4.3,52.92],[-4.54,52.79],[-4.79,52.79],[-4.81,52.92],[-4.08,53.33],[-3.15,53.46],[-3.1,53.73],[-3.2,53.87],[-2.96,54.07],[-3.3,54.07],[-3.32,54.21],[-3.59,54.27],[-3.72,54.68],[-3.57,54.89],[-4.42,54.75],[-4.95,54.82],[-4.94,54.68],[-5.21,54.75],[-5.33,55.02],[-5.15,55.02],[-5.17,55.16],[-4.77,55.43],[-4.79,55.63],[-4.98,55.7],[-5.01,55.98],[-4.31,55.98],[-4.15,56.11],[-3.98,56.11],[-3.87,55.98],[-3.78,55.98],[-3.8,56.11],[-2.66,56.11],[-2.02,55.91],[-1.73,55.7],[-1.72,55.57],[-1.63,55.57],[-1.49,54.95]]]]},"properties":{"id":"territory:Brythons:455","name":"Brythons","name_en":"Brythons","actor":"기타중립","valid_from":455,"valid_to":462,"wikidata":"Q849967","area":163542,"src":"cliopatria","confidence":"medium"}},{"type":"Feature","geometry":{"type":"MultiPolygon","coordinates":[[[[-1.65,48.19],[-1.8,47.99],[-2.45,47.86],[-2.84,47.6],[-2.92,47.6],[-3.16,47.47],[-3.34,47.73],[-3.76,47.73],[-3.93,47.86],[-4.42,47.8],[-4.69,47.99],[-4.71,48.13],[-4.55,48.19],[-4.64,48.32],[-4.89,48.32],[-4.91,48.52],[-4.6,48.72],[-3.85,48.72],[-3.46,48.92],[-3.12,48.92],[-2.76,48.59],[-2.52,48.72],[-1.69,48.65],[-1.6,48.65],[-1.51,48.52],[-1.67,48.46],[-1.65,48.26],[-1.65,48.19]]],[[[-1.49,54.95],[-1.4,54.95],[-1.29,54.68],[-0.67,54.61],[-0.39,54.34],[-0.38,54.27],[-0.99,54.34],[-1.32,54.14],[-1.31,54.0],[-0.96,53.94],[-0.9,53.33],[-1.31,53.12],[-1.3,52.99],[-1.46,52.86],[-1.42,52.38],[-1.14,52.12],[-0.03,52.05],[0.85,51.71],[0.85,51.65],[0.86,51.58],[0.86,51.51],[0.78,51.51],[0.77,51.58],[0.69,51.58],[0.68,51.65],[0.6,51.65],[0.35,51.58],[-0.18,51.78],[-0.85,51.71],[-0.95,51.85],[-1.36,51.78],[-1.47,51.98],[-1.98,51.98],[-2.22,51.85],[-2.2,51.65],[-1.61,51.65],[-1.42,51.45],[-0.92,51.51],[-0.65,51.31],[0.19,51.38],[0.29,51.25],[1.31,51.18],[1.31,51.11],[0.49,50.78],[-1.37,50.85],[-1.11,50.78],[-1.18,50.58],[-1.51,50.58],[-1.52,50.71],[-2.03,50.71],[-2.1,50.58],[-3.13,50.71],[-3.46,50.65],[-3.58,50.25],[-4.09,50.25],[-4.19,50.38],[-4.35,50.38],[-4.93,50.25],[-5.15,49.98],[-5.75,50.05],[-5.77,50.25],[-5.28,50.38],[-5.13,50.58],[-4.88,50.58],[-4.82,50.78],[-4.66,50.85],[-4.68,51.05],[-4.43,51.05],[-4.2,51.31],[-3.09,51.25],[-3.11,51.38],[-2.95,51.45],[-3.12,51.51],[-3.28,51.38],[-3.7,51.38],[-3.89,51.58],[-4.31,51.51],[-4.42,51.71],[-4.91,51.58],[-5.26,51.71],[-5.22,52.05],[-4.55,52.18],[-4.16,52.45],[-4.3,52.92],[-4.54,52.79],[-4.79,52.79],[-4.81,52.92],[-4.08,53.33],[-3.15,53.46],[-3.1,53.73],[-3.2,53.87],[-2.96,54.07],[-3.3,54.07],[-3.32,54.21],[-3.59,54.27],[-3.72,54.68],[-3.57,54.89],[-4.42,54.75],[-4.95,54.82],[-4.94,54.68],[-5.21,54.75],[-5.33,55.02],[-5.15,55.02],[-5.17,55.16],[-4.77,55.43],[-4.79,55.63],[-4.98,55.7],[-5.01,55.98],[-4.31,55.98],[-4.15,56.11],[-3.98,56.11],[-3.87,55.98],[-3.78,55.98],[-3.8,56.11],[-2.66,56.11],[-2.02,55.91],[-1.73,55.7],[-1.72,55.57],[-1.63,55.57],[-1.49,54.95]]]]},"properties":{"id":"territory:Brythons:469","name":"Brythons","name_en":"Brythons","actor":"기타중립","valid_from":469,"valid_to":480,"wikidata":"Q849967","area":163542,"src":"cliopatria","confidence":"medium"}},{"type":"Feature","geometry":{"type":"Point","coordinates":[-2.704,53.03]},"properties":{"id":"territory:Brythons:455:label","name":"Brythons","name_en":"Brythons","actor":"기타중립","valid_from":455,"valid_to":462,"wikidata":"Q849967","area":163542,"src":"cliopatria","confidence":"medium"}},{"type":"Feature","geometry":{"type":"Point","coordinates":[-2.704,53.03]},"properties":{"id":"territory:Brythons:469:label","name":"Brythons","name_en":"Brythons","actor":"기타중립","valid_from":469,"valid_to":480,"wikidata":"Q849967","area":163542,"src":"cliopatria","confidence":"medium"}},{"type":"Feature","geometry":{"type":"MultiPolygon","coordinates":[[[[-3.16,47.47],[-3.34,47.73],[-3.76,47.73],[-3.93,47.86],[-4.42,47.8],[-4.69,47.99],[-4.71,48.13],[-4.55,48.19],[-4.64,48.32],[-4.89,48.32],[-4.91,48.52],[-4.6,48.72],[-3.85,48.72],[-3.46,48.92],[-3.12,48.92],[-2.76,48.59],[-2.52,48.72],[-1.69,48.65],[-1.6,48.65],[-1.51,48.52],[-1.67,48.46],[-1.64,48.13],[-2.12,47.86],[-2.77,47.73],[-2.75,47.6],[-2.84,47.6],[-2.92,47.6],[-3.16,47.47]]],[[[-1.49,54.95],[-1.4,54.95],[-1.29,54.68],[-0.67,54.61],[-0.39,54.34],[-0.38,54.27],[-0.99,54.34],[-1.32,54.14],[-1.31,54.0],[-0.96,53.94],[-0.9,53.33],[-1.31,53.12],[-1.3,52.99],[-1.46,52.86],[-1.42,52.38],[-1.14,52.12],[-0.03,52.05],[0.85,51.71],[0.85,51.65],[0.86,51.58],[0.86,51.51],[0.78,51.51],[0.77,51.58],[0.69,51.58],[0.68,51.65],[0.6,51.65],[0.35,51.58],[-0.18,51.78],[-0.85,51.71],[-0.95,51.85],[-1.36,51.78],[-1.47,51.98],[-1.98,51.98],[-2.22,51.85],[-2.2,51.65],[-1.61,51.65],[-1.42,51.45],[-0.92,51.51],[-0.65,51.31],[0.19,51.38],[0.29,51.25],[1.31,51.18],[1.31,51.11],[0.49,50.78],[-1.37,50.85],[-1.11,50.78],[-1.18,50.58],[-1.51,50.58],[-1.52,50.71],[-2.03,50.71],[-2.1,50.58],[-3.13,50.71],[-3.46,50.65],[-3.58,50.25],[-4.09,50.25],[-4.19,50.38],[-4.35,50.38],[-4.93,50.25],[-5.15,49.98],[-5.75,50.05],[-5.77,50.25],[-5.28,50.38],[-5.13,50.58],[-4.88,50.58],[-4.82,50.78],[-4.66,50.85],[-4.68,51.05],[-4.43,51.05],[-4.2,51.31],[-3.09,51.25],[-3.11,51.38],[-2.95,51.45],[-3.12,51.51],[-3.28,51.38],[-3.7,51.38],[-3.89,51.58],[-4.31,51.51],[-4.42,51.71],[-4.91,51.58],[-5.26,51.71],[-5.22,52.05],[-4.55,52.18],[-4.16,52.45],[-4.3,52.92],[-4.06,53.12],[-4.08,53.33],[-3.15,53.46],[-3.1,53.73],[-3.2,53.87],[-2.96,54.07],[-3.3,54.07],[-3.32,54.21],[-3.59,54.27],[-3.72,54.68],[-3.57,54.89],[-4.42,54.75],[-4.95,54.82],[-4.94,54.68],[-5.21,54.75],[-5.33,55.02],[-5.15,55.02],[-5.17,55.16],[-4.77,55.43],[-4.79,55.63],[-4.98,55.7],[-5.01,55.98],[-4.31,55.98],[-4.15,56.11],[-3.98,56.11],[-3.87,55.98],[-3.78,55.98],[-3.8,56.11],[-2.66,56.11],[-2.02,55.91],[-1.73,55.7],[-1.72,55.57],[-1.63,55.57],[-1.49,54.95]]]]},"properties":{"id":"territory:Brythons:451","name":"Brythons","name_en":"Brythons","actor":"기타중립","valid_from":451,"valid_to":452,"wikidata":"Q849967","area":162412,"src":"cliopatria","confidence":"medium"}},{"type":"Feature","geometry":{"type":"Point","coordinates":[-2.688,53.03]},"properties":{"id":"territory:Brythons:451:label","name":"Brythons","name_en":"Brythons","actor":"기타중립","valid_from":451,"valid_to":452,"wikidata":"Q849967","area":162412,"src":"cliopatria","confidence":"medium"}},{"type":"Feature","geometry":{"type":"MultiPolygon","coordinates":[[[[-1.65,48.19],[-1.8,47.99],[-2.45,47.86],[-2.84,47.6],[-2.92,47.6],[-3.16,47.47],[-3.34,47.73],[-3.76,47.73],[-3.93,47.86],[-4.42,47.8],[-4.69,47.99],[-4.71,48.13],[-4.55,48.19],[-4.64,48.32],[-4.89,48.32],[-4.91,48.52],[-4.6,48.72],[-3.85,48.72],[-3.46,48.92],[-3.12,48.92],[-2.76,48.59],[-2.52,48.72],[-1.69,48.65],[-1.6,48.65],[-1.51,48.52],[-1.67,48.46],[-1.65,48.26],[-1.65,48.19]]],[[[-1.49,54.95],[-1.4,54.95],[-1.29,54.68],[-0.67,54.61],[-0.39,54.34],[-0.38,54.27],[-0.99,54.34],[-1.32,54.14],[-1.31,54.0],[-0.96,53.94],[-0.9,53.33],[-1.31,53.12],[-1.3,52.99],[-1.46,52.86],[-1.42,52.38],[-1.14,52.12],[-0.03,52.05],[0.85,51.71],[0.85,51.65],[0.86,51.58],[0.86,51.51],[0.78,51.51],[0.77,51.58],[0.69,51.58],[0.68,51.65],[0.6,51.65],[0.35,51.58],[-0.18,51.78],[-0.85,51.71],[-0.95,51.85],[-1.36,51.78],[-1.47,51.98],[-1.98,51.98],[-2.22,51.85],[-2.2,51.65],[-1.61,51.65],[-1.42,51.45],[-0.92,51.51],[-0.65,51.31],[0.19,51.38],[0.29,51.25],[1.31,51.18],[1.31,51.11],[0.49,50.78],[-1.37,50.85],[-1.11,50.78],[-1.18,50.58],[-1.51,50.58],[-1.52,50.71],[-2.03,50.71],[-2.1,50.58],[-3.13,50.71],[-3.46,50.65],[-3.58,50.25],[-4.09,50.25],[-4.19,50.38],[-4.35,50.38],[-4.93,50.25],[-5.15,49.98],[-5.75,50.05],[-5.77,50.25],[-5.28,50.38],[-5.13,50.58],[-4.88,50.58],[-4.82,50.78],[-4.66,50.85],[-4.68,51.05],[-4.43,51.05],[-4.2,51.31],[-3.09,51.25],[-3.11,51.38],[-2.95,51.45],[-3.12,51.51],[-3.28,51.38],[-3.7,51.38],[-3.89,51.58],[-4.31,51.51],[-4.42,51.71],[-4.91,51.58],[-5.26,51.71],[-5.22,52.05],[-4.55,52.18],[-4.16,52.45],[-4.3,52.92],[-4.06,53.12],[-4.08,53.33],[-3.15,53.46],[-3.1,53.73],[-3.2,53.87],[-2.96,54.07],[-3.3,54.07],[-3.32,54.21],[-3.59,54.27],[-3.72,54.68],[-3.57,54.89],[-4.42,54.75],[-4.95,54.82],[-4.94,54.68],[-5.21,54.75],[-5.33,55.02],[-5.15,55.02],[-5.17,55.16],[-4.77,55.43],[-4.79,55.63],[-4.98,55.7],[-5.01,55.98],[-4.31,55.98],[-4.15,56.11],[-3.98,56.11],[-3.87,55.98],[-3.78,55.98],[-3.8,56.11],[-2.66,56.11],[-2.02,55.91],[-1.73,55.7],[-1.72,55.57],[-1.63,55.57],[-1.49,54.95]]]]},"properties":{"id":"territory:Brythons:441","name":"Brythons","name_en":"Brythons","actor":"기타중립","valid_from":441,"valid_to":451,"wikidata":"Q849967","area":162185,"src":"cliopatria","confidence":"medium"}},{"type":"Feature","geometry":{"type":"MultiPolygon","coordinates":[[[[-1.65,48.19],[-1.8,47.99],[-2.45,47.86],[-2.84,47.6],[-2.92,47.6],[-3.16,47.47],[-3.34,47.73],[-3.76,47.73],[-3.93,47.86],[-4.42,47.8],[-4.69,47.99],[-4.71,48.13],[-4.55,48.19],[-4.64,48.32],[-4.89,48.32],[-4.91,48.52],[-4.6,48.72],[-3.85,48.72],[-3.46,48.92],[-3.12,48.92],[-2.76,48.59],[-2.52,48.72],[-1.69,48.65],[-1.6,48.65],[-1.51,48.52],[-1.67,48.46],[-1.65,48.26],[-1.65,48.19]]],[[[-1.49,54.95],[-1.4,54.95],[-1.29,54.68],[-0.67,54.61],[-0.39,54.34],[-0.38,54.27],[-0.99,54.34],[-1.32,54.14],[-1.31,54.0],[-0.96,53.94],[-0.9,53.33],[-1.31,53.12],[-1.3,52.99],[-1.46,52.86],[-1.42,52.38],[-1.14,52.12],[-0.03,52.05],[0.85,51.71],[0.85,51.65],[0.86,51.58],[0.86,51.51],[0.78,51.51],[0.77,51.58],[0.69,51.58],[0.68,51.65],[0.6,51.65],[0.35,51.58],[-0.18,51.78],[-0.85,51.71],[-0.95,51.85],[-1.36,51.78],[-1.47,51.98],[-1.98,51.98],[-2.22,51.85],[-2.2,51.65],[-1.61,51.65],[-1.42,51.45],[-0.92,51.51],[-0.65,51.31],[0.19,51.38],[0.29,51.25],[1.31,51.18],[1.31,51.11],[0.49,50.78],[-1.37,50.85],[-1.11,50.78],[-1.18,50.58],[-1.51,50.58],[-1.52,50.71],[-2.03,50.71],[-2.1,50.58],[-3.13,50.71],[-3.46,50.65],[-3.58,50.25],[-4.09,50.25],[-4.19,50.38],[-4.35,50.38],[-4.93,50.25],[-5.15,49.98],[-5.75,50.05],[-5.77,50.25],[-5.28,50.38],[-5.13,50.58],[-4.88,50.58],[-4.82,50.78],[-4.66,50.85],[-4.68,51.05],[-4.43,51.05],[-4.2,51.31],[-3.09,51.25],[-3.11,51.38],[-2.95,51.45],[-3.12,51.51],[-3.28,51.38],[-3.7,51.38],[-3.89,51.58],[-4.31,51.51],[-4.42,51.71],[-4.91,51.58],[-5.26,51.71],[-5.22,52.05],[-4.55,52.18],[-4.16,52.45],[-4.3,52.92],[-4.06,53.12],[-4.08,53.33],[-3.15,53.46],[-3.1,53.73],[-3.2,53.87],[-2.96,54.07],[-3.3,54.07],[-3.32,54.21],[-3.59,54.27],[-3.72,54.68],[-3.57,54.89],[-4.42,54.75],[-4.95,54.82],[-4.94,54.68],[-5.21,54.75],[-5.33,55.02],[-5.15,55.02],[-5.17,55.16],[-4.77,55.43],[-4.79,55.63],[-4.98,55.7],[-5.01,55.98],[-4.31,55.98],[-4.15,56.11],[-3.98,56.11],[-3.87,55.98],[-3.78,55.98],[-3.8,56.11],[-2.66,56.11],[-2.02,55.91],[-1.73,55.7],[-1.72,55.57],[-1.63,55.57],[-1.49,54.95]]]]},"properties":{"id":"territory:Brythons:452","name":"Brythons","name_en":"Brythons","actor":"기타중립","valid_from":452,"valid_to":455,"wikidata":"Q849967","area":162185,"src":"cliopatria","confidence":"medium"}},{"type":"Feature","geometry":{"type":"Point","coordinates":[-2.688,53.03]},"properties":{"id":"territory:Brythons:441:label","name":"Brythons","name_en":"Brythons","actor":"기타중립","valid_from":441,"valid_to":451,"wikidata":"Q849967","area":162185,"src":"cliopatria","confidence":"medium"}},{"type":"Feature","geometry":{"type":"Point","coordinates":[-2.688,53.03]},"properties":{"id":"territory:Brythons:452:label","name":"Brythons","name_en":"Brythons","actor":"기타중립","valid_from":452,"valid_to":455,"wikidata":"Q849967","area":162185,"src":"cliopatria","confidence":"medium"}},{"type":"Feature","geometry":{"type":"MultiPolygon","coordinates":[[[[19.31,43.54],[19.46,43.28],[19.11,42.82],[19.17,42.3],[19.01,42.24],[18.93,42.24],[18.85,42.37],[18.14,42.63],[17.83,42.89],[17.59,42.89],[17.51,42.76],[17.52,42.95],[17.36,42.95],[17.37,43.21],[17.12,43.15],[17.05,43.41],[16.73,43.34],[16.73,43.54],[16.58,43.6],[15.93,43.47],[16.01,43.6],[15.86,43.8],[15.7,43.8],[15.62,43.93],[15.37,43.86],[15.46,43.99],[15.22,44.06],[15.15,44.39],[14.91,44.58],[14.92,44.97],[14.52,45.1],[14.61,45.5],[14.61,45.56],[14.93,45.56],[15.17,45.17],[15.49,44.91],[15.65,44.91],[15.64,44.71],[15.88,44.71],[16.04,44.45],[16.2,44.39],[16.19,44.25],[16.36,44.25],[16.43,43.99],[17.15,43.8],[17.46,43.54],[17.7,43.54],[17.86,43.41],[19.31,43.54]]],[[[14.51,44.91],[14.5,44.52],[14.26,44.58],[14.27,44.97],[14.35,44.97],[14.51,44.91]]],[[[4.43,49.38],[4.87,48.99],[4.8,48.65],[3.73,48.32],[3.6,47.66],[2.95,47.47],[2.02,47.73],[1.31,47.2],[-0.0,47.2],[-0.1,47.33],[-0.26,47.33],[-0.27,47.47],[-1.18,47.47],[-1.41,47.27],[-2.23,47.27],[-2.31,47.27],[-2.56,47.27],[-2.58,47.47],[-2.83,47.53],[-2.84,47.6],[-2.45,47.86],[-1.8,47.99],[-1.65,48.19],[-1.65,48.26],[-1.67,48.46],[-1.51,48.52],[-1.6,48.65],[-1.61,48.72],[-1.72,49.05],[-1.64,49.05],[-1.65,49.25],[-1.91,49.38],[-2.03,49.78],[-1.36,49.78],[-1.25,49.45],[0.01,49.38],[-0.01,49.65],[0.22,49.85],[1.05,49.98],[1.37,50.25],[1.45,50.25],[1.97,50.11],[3.14,50.11],[4.15,49.98],[4.24,49.98],[4.32,49.98],[4.33,49.91],[4.33,49.85],[4.33,49.78],[4.43,49.38]]]]},"properties":{"id":"territory:Kingdom of Soissons:476","name":"수아송 왕국","name_en":"Kingdom of Soissons","actor":"기타중립","valid_from":476,"valid_to":480,"wikidata":"Q1247508","area":159003,"src":"cliopatria","confidence":"medium"}},{"type":"Feature","geometry":{"type":"Point","coordinates":[1.213,48.668]},"properties":{"id":"territory:Kingdom of Soissons:476:label","name":"수아송 왕국","name_en":"Kingdom of Soissons","actor":"기타중립","valid_from":476,"valid_to":480,"wikidata":"Q1247508","area":159003,"src":"cliopatria","confidence":"medium"}},{"type":"Feature","geometry":{"type":"Polygon","coordinates":[[[-7.19,38.67],[-7.27,38.67],[-7.28,38.74],[-7.36,38.74],[-7.45,38.87],[-7.9,38.67],[-7.97,38.55],[-8.52,38.61],[-8.51,38.48],[-8.67,38.55],[-8.97,38.42],[-9.21,38.42],[-9.23,38.67],[-9.38,38.61],[-9.55,38.74],[-9.39,39.45],[-9.16,39.51],[-9.1,39.77],[-9.03,39.77],[-8.93,40.36],[-8.85,40.36],[-8.87,40.61],[-8.73,40.74],[-8.96,42.17],[-8.66,42.37],[-9.08,42.56],[-9.3,43.15],[-8.85,43.41],[-8.37,43.41],[-8.39,43.6],[-8.24,43.73],[-7.28,43.73],[-7.34,43.6],[-7.18,43.54],[-6.05,43.54],[-5.94,43.21],[-5.86,43.21],[-5.76,43.08],[-5.81,42.76],[-5.73,42.76],[-5.77,42.24],[-6.2,41.72],[-6.17,41.46],[-5.93,41.39],[-5.58,41.07],[-5.58,41.0],[-5.46,40.48],[-5.38,40.48],[-5.32,39.84],[-5.4,39.77],[-5.31,39.64],[-5.46,39.58],[-5.45,39.45],[-5.76,39.38],[-6.05,39.06],[-6.35,38.93],[-7.06,38.93],[-7.12,38.74],[-7.2,38.74],[-7.19,38.67]]]},"properties":{"id":"territory:Kingdom of the Suebi:439","name":"Kingdom of the Suebi","name_en":"Kingdom of the Suebi","actor":"게르만","valid_from":439,"valid_to":441,"wikidata":"Q1048918","area":149184,"src":"cliopatria","confidence":"medium"}},{"type":"Feature","geometry":{"type":"Point","coordinates":[-7.422,41.069]},"properties":{"id":"territory:Kingdom of the Suebi:439:label","name":"Kingdom of the Suebi","name_en":"Kingdom of the Suebi","actor":"게르만","valid_from":439,"valid_to":441,"wikidata":"Q1048918","area":149184,"src":"cliopatria","confidence":"medium"}},{"type":"Feature","geometry":{"type":"Polygon","coordinates":[[[33.84,22.14],[33.88,23.17],[33.81,23.17],[33.82,23.49],[33.68,23.62],[33.68,23.69],[33.39,23.81],[32.04,23.69],[31.67,23.75],[30.54,23.36],[30.53,23.3],[30.74,22.85],[30.72,22.27],[30.56,21.95],[30.7,21.69],[30.87,20.09],[30.87,20.02],[31.38,19.83],[31.52,19.64],[32.03,19.51],[32.48,19.51],[33.0,19.7],[34.26,19.64],[34.26,19.7],[33.82,21.63],[33.75,21.63],[33.84,22.01],[33.76,22.08],[33.84,22.08],[33.84,22.14]]]},"properties":{"id":"territory:Nobatia:347","name":"Nobatia","name_en":"Nobatia","actor":"기타중립","valid_from":347,"valid_to":647,"wikidata":"Q568523","area":147534,"src":"cliopatria","confidence":"medium"}},{"type":"Feature","geometry":{"type":"Point","coordinates":[32.364,21.658]},"properties":{"id":"territory:Nobatia:347:label","name":"Nobatia","name_en":"Nobatia","actor":"기타중립","valid_from":347,"valid_to":647,"wikidata":"Q568523","area":147534,"src":"cliopatria","confidence":"medium"}},{"type":"Feature","geometry":{"type":"Polygon","coordinates":[[[47.04,39.71],[47.12,39.71],[46.56,39.19],[46.51,38.93],[46.34,38.87],[45.87,38.87],[45.29,39.13],[45.23,39.26],[44.99,39.26],[44.72,39.0],[44.7,38.42],[44.36,38.22],[44.31,37.9],[44.05,37.77],[44.12,37.71],[44.02,37.58],[43.89,37.71],[43.26,37.71],[42.51,37.9],[42.03,37.84],[41.97,37.96],[41.67,38.03],[41.12,38.03],[40.91,38.22],[40.95,38.48],[40.87,38.48],[40.97,38.61],[40.98,39.26],[41.26,39.51],[41.33,39.97],[41.48,39.97],[41.67,40.16],[41.7,40.36],[41.36,40.68],[41.53,41.26],[42.25,41.26],[42.36,41.46],[42.62,41.59],[42.86,41.59],[43.34,41.13],[43.98,41.13],[44.24,41.26],[45.11,41.26],[45.3,41.0],[45.6,40.87],[45.46,40.55],[45.59,40.42],[46.2,40.29],[46.26,40.16],[46.48,40.1],[46.46,39.97],[46.77,39.97],[47.05,39.77],[47.04,39.71]]]},"properties":{"id":"territory:Kingdom of Armenia:402","name":"아르메니아 왕국","name_en":"Kingdom of Armenia","actor":"기타중립","valid_from":402,"valid_to":439,"wikidata":"Q208404","area":143621,"src":"cliopatria","confidence":"medium"}},{"type":"Feature","geometry":{"type":"Polygon","coordinates":[[[47.04,39.71],[47.12,39.71],[46.56,39.19],[46.51,38.93],[46.34,38.87],[45.87,38.87],[45.29,39.13],[45.23,39.26],[44.99,39.26],[44.72,39.0],[44.7,38.42],[44.36,38.22],[44.31,37.9],[44.05,37.77],[44.12,37.71],[44.02,37.58],[43.89,37.71],[43.26,37.71],[42.51,37.9],[42.03,37.84],[41.97,37.96],[41.67,38.03],[41.12,38.03],[40.91,38.22],[40.95,38.48],[40.87,38.48],[40.97,38.61],[40.98,39.26],[41.26,39.51],[41.33,39.97],[41.48,39.97],[41.67,40.16],[41.7,40.36],[41.36,40.68],[41.53,41.26],[42.25,41.26],[42.36,41.46],[42.62,41.59],[42.86,41.59],[43.34,41.13],[43.98,41.13],[44.24,41.26],[45.11,41.26],[45.3,41.0],[45.6,40.87],[45.46,40.55],[45.59,40.42],[46.2,40.29],[46.26,40.16],[46.48,40.1],[46.46,39.97],[46.77,39.97],[47.05,39.77],[47.04,39.71]]]},"properties":{"id":"territory:Kingdom of Armenia:451","name":"아르메니아 왕국","name_en":"Kingdom of Armenia","actor":"기타중립","valid_from":451,"valid_to":490,"wikidata":"Q208404","area":143621,"src":"cliopatria","confidence":"medium"}},{"type":"Feature","geometry":{"type":"Point","coordinates":[43.538,39.607]},"properties":{"id":"territory:Kingdom of Armenia:402:label","name":"아르메니아 왕국","name_en":"Kingdom of Armenia","actor":"기타중립","valid_from":402,"valid_to":439,"wikidata":"Q208404","area":143621,"src":"cliopatria","confidence":"medium"}},{"type":"Feature","geometry":{"type":"Point","coordinates":[43.538,39.607]},"properties":{"id":"territory:Kingdom of Armenia:451:label","name":"아르메니아 왕국","name_en":"Kingdom of Armenia","actor":"기타중립","valid_from":451,"valid_to":490,"wikidata":"Q208404","area":143621,"src":"cliopatria","confidence":"medium"}},{"type":"Feature","geometry":{"type":"MultiPolygon","coordinates":[[[[19.09,45.5],[19.0,45.5],[19.01,45.56],[19.09,45.56],[19.09,45.5]]],[[[19.27,47.47],[19.09,47.2],[19.17,47.07],[18.83,47.01],[18.82,46.81],[18.91,46.81],[18.9,46.61],[19.05,46.41],[18.95,46.09],[18.87,46.09],[18.95,46.02],[18.85,45.76],[19.01,45.63],[18.92,45.5],[19.0,45.5],[19.0,45.37],[19.24,45.3],[20.3,45.3],[20.29,45.24],[19.94,44.71],[19.92,44.45],[19.67,44.25],[19.66,44.06],[19.41,43.93],[19.47,43.6],[19.31,43.54],[17.86,43.41],[17.7,43.54],[17.46,43.54],[17.15,43.8],[16.43,43.99],[16.36,44.25],[16.19,44.25],[16.2,44.39],[16.04,44.45],[15.88,44.71],[15.64,44.71],[15.65,44.91],[15.49,44.91],[15.17,45.17],[14.93,45.56],[14.61,45.56],[14.61,45.63],[14.61,45.82],[14.86,45.96],[14.86,46.09],[15.61,46.41],[15.78,46.61],[15.98,47.86],[16.07,47.86],[16.16,48.19],[16.16,48.26],[16.83,48.26],[16.82,48.19],[16.91,48.19],[16.91,48.26],[16.99,48.26],[16.99,48.19],[17.07,48.19],[17.07,48.06],[17.63,47.8],[18.63,47.8],[18.72,47.93],[18.88,47.86],[18.87,47.8],[19.27,47.47]]]]},"properties":{"id":"territory:Ostrogoths:476","name":"동고트족","name_en":"Ostrogoths","actor":"게르만","valid_from":476,"valid_to":480,"wikidata":"Q103122","area":138245,"src":"cliopatria","confidence":"medium"}},{"type":"Feature","geometry":{"type":"Point","coordinates":[17.479,45.725]},"properties":{"id":"territory:Ostrogoths:476:label","name":"동고트족","name_en":"Ostrogoths","actor":"게르만","valid_from":476,"valid_to":480,"wikidata":"Q103122","area":138245,"src":"cliopatria","confidence":"medium"}},{"type":"Feature","geometry":{"type":"MultiPolygon","coordinates":[[[[19.09,45.5],[19.0,45.5],[19.01,45.56],[19.09,45.56],[19.09,45.5]]],[[[19.27,47.47],[19.09,47.2],[19.17,47.07],[18.83,47.01],[18.82,46.81],[18.91,46.81],[18.9,46.61],[19.05,46.41],[18.95,46.09],[18.87,46.09],[18.95,46.02],[18.85,45.76],[19.01,45.63],[18.92,45.5],[19.0,45.5],[19.0,45.37],[19.24,45.3],[20.3,45.3],[20.29,45.24],[19.94,44.71],[19.92,44.45],[19.67,44.25],[19.66,44.06],[19.41,43.93],[19.47,43.6],[19.31,43.54],[17.86,43.41],[17.22,43.67],[17.15,43.8],[16.43,43.99],[16.36,44.25],[16.19,44.25],[16.04,44.58],[15.88,44.71],[15.64,44.71],[15.65,44.91],[15.49,44.91],[15.17,45.17],[14.93,45.56],[14.61,45.63],[14.61,45.82],[14.86,45.96],[14.86,46.09],[15.61,46.41],[15.78,46.61],[15.98,47.86],[16.07,47.86],[16.16,48.26],[16.83,48.26],[16.82,48.19],[16.91,48.19],[16.91,48.26],[16.99,48.26],[16.99,48.19],[17.07,48.19],[17.07,48.06],[17.63,47.8],[18.63,47.8],[18.72,47.93],[18.88,47.86],[18.87,47.8],[19.27,47.47]]]]},"properties":{"id":"territory:Ostrogoths:455","name":"동고트족","name_en":"Ostrogoths","actor":"게르만","valid_from":455,"valid_to":476,"wikidata":"Q103122","area":138224,"src":"cliopatria","confidence":"medium"}},{"type":"Feature","geometry":{"type":"Point","coordinates":[17.481,45.724]},"properties":{"id":"territory:Ostrogoths:455:label","name":"동고트족","name_en":"Ostrogoths","actor":"게르만","valid_from":455,"valid_to":476,"wikidata":"Q103122","area":138224,"src":"cliopatria","confidence":"medium"}},{"type":"Feature","geometry":{"type":"MultiPolygon","coordinates":[[[[19.09,45.5],[19.0,45.5],[19.01,45.56],[19.09,45.56],[19.09,45.5]]],[[[19.27,47.47],[19.09,47.2],[19.17,47.07],[18.83,47.01],[18.82,46.81],[18.91,46.81],[18.9,46.61],[19.05,46.41],[18.95,46.09],[18.87,46.09],[18.95,46.02],[18.85,45.76],[19.01,45.63],[18.92,45.5],[19.0,45.5],[19.0,45.37],[19.24,45.3],[20.3,45.3],[20.29,45.24],[19.94,44.71],[19.92,44.45],[19.67,44.25],[19.66,44.06],[19.41,43.93],[19.47,43.6],[19.31,43.54],[19.23,43.54],[17.86,43.41],[17.22,43.67],[17.15,43.8],[16.43,43.99],[16.36,44.25],[16.19,44.25],[16.04,44.58],[15.88,44.71],[15.64,44.71],[15.65,44.91],[15.49,44.91],[15.17,45.17],[14.93,45.56],[14.61,45.63],[14.61,45.82],[14.86,45.96],[14.86,46.09],[15.61,46.41],[15.78,46.61],[15.98,47.86],[16.07,47.86],[16.16,48.19],[16.16,48.26],[16.83,48.26],[16.82,48.19],[16.91,48.19],[16.91,48.26],[16.99,48.26],[16.99,48.19],[17.07,48.19],[17.07,48.06],[17.63,47.8],[18.63,47.8],[18.72,47.93],[18.88,47.86],[18.87,47.8],[19.27,47.47]]]]},"properties":{"id":"territory:Ostrogoths:480","name":"동고트족","name_en":"Ostrogoths","actor":"게르만","valid_from":480,"valid_to":490,"wikidata":"Q103122","area":138154,"src":"cliopatria","confidence":"medium"}},{"type":"Feature","geometry":{"type":"Point","coordinates":[17.481,45.724]},"properties":{"id":"territory:Ostrogoths:480:label","name":"동고트족","name_en":"Ostrogoths","actor":"게르만","valid_from":480,"valid_to":490,"wikidata":"Q103122","area":138154,"src":"cliopatria","confidence":"medium"}},{"type":"Feature","geometry":{"type":"MultiPolygon","coordinates":[[[[-1.65,48.19],[-1.8,47.99],[-2.45,47.86],[-2.84,47.6],[-2.92,47.6],[-3.16,47.47],[-3.34,47.73],[-3.76,47.73],[-3.93,47.86],[-4.42,47.8],[-4.69,47.99],[-4.71,48.13],[-4.55,48.19],[-4.64,48.32],[-4.89,48.32],[-4.91,48.52],[-4.6,48.72],[-3.85,48.72],[-3.46,48.92],[-3.12,48.92],[-2.76,48.59],[-2.52,48.72],[-1.69,48.65],[-1.6,48.65],[-1.51,48.52],[-1.67,48.46],[-1.65,48.26],[-1.65,48.19]]],[[[-1.51,50.58],[-1.52,50.71],[-1.11,50.78],[-1.1,50.65],[-1.26,50.58],[-1.35,50.58],[-1.51,50.58]]],[[[-1.29,54.75],[-1.29,54.68],[-1.36,54.55],[-1.95,54.34],[-2.19,54.14],[-2.13,53.53],[-2.04,53.53],[-2.01,53.19],[-1.92,53.19],[-1.88,52.79],[-1.5,52.38],[-1.64,52.05],[-2.22,51.85],[-2.17,51.31],[-1.8,50.98],[-1.78,50.71],[-1.86,50.71],[-2.03,50.71],[-2.1,50.58],[-3.13,50.71],[-3.46,50.65],[-3.58,50.25],[-4.09,50.25],[-4.19,50.38],[-4.35,50.38],[-4.93,50.25],[-5.15,49.98],[-5.75,50.05],[-5.77,50.25],[-5.28,50.38],[-5.13,50.58],[-4.88,50.58],[-4.82,50.78],[-4.66,50.85],[-4.68,51.05],[-4.43,51.05],[-4.2,51.31],[-3.09,51.25],[-3.11,51.38],[-2.95,51.45],[-3.12,51.51],[-3.28,51.38],[-3.7,51.38],[-3.89,51.58],[-4.31,51.51],[-4.42,51.71],[-4.91,51.58],[-5.26,51.71],[-5.22,52.05],[-4.55,52.18],[-4.16,52.45],[-4.3,52.92],[-4.54,52.79],[-4.79,52.79],[-4.81,52.92],[-4.08,53.33],[-3.15,53.46],[-3.1,53.73],[-3.2,53.87],[-2.96,54.07],[-3.3,54.07],[-3.32,54.21],[-3.59,54.27],[-3.72,54.68],[-3.57,54.89],[-4.42,54.75],[-4.95,54.82],[-4.94,54.68],[-5.21,54.75],[-5.33,55.02],[-5.15,55.02],[-5.17,55.16],[-4.77,55.43],[-4.79,55.63],[-4.98,55.7],[-5.01,55.98],[-4.31,55.98],[-4.15,56.11],[-3.98,56.11],[-3.87,55.98],[-3.78,55.98],[-3.8,56.11],[-2.66,56.11],[-2.02,55.91],[-1.73,55.7],[-1.72,55.57],[-1.63,55.57],[-1.49,54.95],[-1.29,54.75]]]]},"properties":{"id":"territory:Brythons:480","name":"Brythons","name_en":"Brythons","actor":"기타중립","valid_from":480,"valid_to":523,"wikidata":"Q849967","area":129529,"src":"cliopatria","confidence":"medium"}},{"type":"Feature","geometry":{"type":"Point","coordinates":[-3.253,53.255]},"properties":{"id":"territory:Brythons:480:label","name":"Brythons","name_en":"Brythons","actor":"기타중립","valid_from":480,"valid_to":523,"wikidata":"Q849967","area":129529,"src":"cliopatria","confidence":"medium"}},{"type":"Feature","geometry":{"type":"Polygon","coordinates":[[[4.33,49.85],[4.33,49.91],[4.32,49.98],[4.24,49.98],[4.15,49.98],[3.14,50.11],[1.97,50.11],[1.45,50.25],[1.37,50.25],[1.05,49.98],[0.22,49.85],[-0.01,49.65],[0.01,49.38],[-1.25,49.45],[-1.36,49.78],[-2.03,49.78],[-1.91,49.38],[-1.65,49.25],[-1.64,49.05],[-1.72,49.05],[-1.61,48.72],[-1.6,48.65],[-1.51,48.52],[-1.67,48.46],[-1.65,48.26],[-1.65,48.19],[-1.8,47.99],[-2.45,47.86],[-2.84,47.6],[-2.83,47.53],[-2.58,47.47],[-2.56,47.27],[-2.31,47.27],[-2.23,47.27],[-1.41,47.27],[-1.18,47.47],[-0.27,47.47],[-0.26,47.33],[-0.1,47.33],[-0.0,47.2],[1.31,47.2],[2.02,47.73],[2.95,47.47],[3.6,47.66],[3.73,48.32],[4.8,48.65],[4.87,48.99],[4.43,49.38],[4.33,49.78],[4.33,49.85]]]},"properties":{"id":"territory:Kingdom of Soissons:480","name":"수아송 왕국","name_en":"Kingdom of Soissons","actor":"기타중립","valid_from":480,"valid_to":490,"wikidata":"Q1247508","area":125215,"src":"cliopatria","confidence":"medium"}},{"type":"Feature","geometry":{"type":"Point","coordinates":[1.213,48.668]},"properties":{"id":"territory:Kingdom of Soissons:480:label","name":"수아송 왕국","name_en":"Kingdom of Soissons","actor":"기타중립","valid_from":480,"valid_to":490,"wikidata":"Q1247508","area":125215,"src":"cliopatria","confidence":"medium"}},{"type":"Feature","geometry":{"type":"Polygon","coordinates":[[[8.39,47.01],[8.39,46.94],[8.48,46.94],[8.56,46.94],[8.64,46.94],[8.72,46.94],[8.64,46.68],[8.08,46.22],[8.08,46.09],[7.44,45.69],[7.53,45.24],[7.37,45.1],[6.96,45.04],[6.88,44.84],[6.89,44.78],[6.89,44.71],[6.97,44.71],[6.89,44.52],[6.73,44.45],[5.28,44.32],[5.2,44.19],[4.96,44.12],[4.39,44.25],[4.39,44.39],[4.22,44.39],[4.05,44.58],[4.14,44.58],[4.13,44.65],[4.05,44.65],[3.97,44.65],[3.97,44.71],[3.97,44.78],[4.05,44.78],[4.04,44.84],[3.86,45.43],[3.08,46.48],[3.23,46.74],[2.97,47.07],[3.03,47.33],[2.95,47.47],[3.92,47.73],[5.16,47.73],[5.25,47.6],[5.5,47.6],[6.14,47.99],[6.81,47.93],[7.06,47.8],[7.06,47.73],[7.07,47.53],[7.31,47.47],[7.48,47.27],[8.06,47.2],[8.31,47.01],[8.39,47.01]]]},"properties":{"id":"territory:Burgundian Kingdom:455","name":"부르군트 왕국","name_en":"Burgundian Kingdom","actor":"게르만","valid_from":455,"valid_to":458,"wikidata":"Q13590051","area":122001,"src":"cliopatria","confidence":"medium"}},{"type":"Feature","geometry":{"type":"Point","coordinates":[5.614,46.209]},"properties":{"id":"territory:Burgundian Kingdom:455:label","name":"부르군트 왕국","name_en":"Burgundian Kingdom","actor":"게르만","valid_from":455,"valid_to":458,"wikidata":"Q13590051","area":122001,"src":"cliopatria","confidence":"medium"}},{"type":"Feature","geometry":{"type":"Polygon","coordinates":[[[8.31,47.01],[8.06,47.2],[7.48,47.27],[7.31,47.47],[7.07,47.53],[7.06,47.73],[7.06,47.8],[6.81,47.93],[6.14,47.99],[5.5,47.6],[5.25,47.6],[5.16,47.73],[3.92,47.73],[2.95,47.47],[3.03,47.33],[2.97,47.07],[3.23,46.74],[3.08,46.48],[3.86,45.43],[3.96,45.04],[4.04,44.97],[3.97,44.71],[4.13,44.65],[4.14,44.45],[4.8,44.12],[5.2,44.19],[5.28,44.32],[6.73,44.45],[6.89,44.52],[6.97,44.71],[6.89,44.71],[6.89,44.78],[6.88,44.84],[6.96,45.04],[7.37,45.1],[7.53,45.24],[7.44,45.69],[8.08,46.09],[8.08,46.22],[8.64,46.68],[8.72,46.94],[8.64,46.94],[8.56,46.94],[8.48,46.94],[8.39,46.94],[8.39,47.01],[8.31,47.01]]]},"properties":{"id":"territory:Burgundian Kingdom:458","name":"부르군트 왕국","name_en":"Burgundian Kingdom","actor":"게르만","valid_from":458,"valid_to":459,"wikidata":"Q13590051","area":121930,"src":"cliopatria","confidence":"medium"}},{"type":"Feature","geometry":{"type":"Point","coordinates":[5.615,46.21]},"properties":{"id":"territory:Burgundian Kingdom:458:label","name":"부르군트 왕국","name_en":"Burgundian Kingdom","actor":"게르만","valid_from":458,"valid_to":459,"wikidata":"Q13590051","area":121930,"src":"cliopatria","confidence":"medium"}},{"type":"Feature","geometry":{"type":"Polygon","coordinates":[[[8.72,46.94],[8.39,46.94],[8.06,47.2],[7.48,47.27],[7.31,47.47],[7.07,47.53],[6.98,47.86],[6.81,47.93],[6.14,47.99],[5.82,47.86],[5.82,47.73],[5.58,47.66],[5.59,47.14],[5.51,47.07],[5.18,47.2],[5.18,47.33],[4.76,47.47],[4.67,47.73],[3.6,47.66],[2.95,47.47],[3.03,47.33],[2.97,47.07],[3.23,46.74],[3.08,46.48],[3.86,45.43],[3.87,45.17],[4.04,44.97],[3.97,44.71],[4.13,44.65],[4.22,44.39],[4.39,44.39],[4.39,44.25],[5.05,43.99],[5.86,43.93],[6.09,44.39],[6.81,44.52],[6.89,44.52],[6.97,44.71],[6.89,44.71],[6.88,44.91],[6.64,44.97],[6.63,45.1],[7.04,45.24],[7.11,45.43],[7.44,45.56],[7.52,45.76],[8.08,46.09],[8.08,46.22],[8.4,46.41],[8.4,46.55],[8.64,46.68],[8.72,46.87],[8.72,46.94]]]},"properties":{"id":"territory:Burgundian Kingdom:480","name":"부르군트 왕국","name_en":"Burgundian Kingdom","actor":"게르만","valid_from":480,"valid_to":490,"wikidata":"Q13590051","area":119816,"src":"cliopatria","confidence":"medium"}},{"type":"Feature","geometry":{"type":"Point","coordinates":[5.592,46.143]},"properties":{"id":"territory:Burgundian Kingdom:480:label","name":"부르군트 왕국","name_en":"Burgundian Kingdom","actor":"게르만","valid_from":480,"valid_to":490,"wikidata":"Q13590051","area":119816,"src":"cliopatria","confidence":"medium"}},{"type":"Feature","geometry":{"type":"Polygon","coordinates":[[[5.86,43.93],[6.09,44.39],[6.89,44.52],[6.97,44.71],[6.89,44.71],[6.88,44.91],[6.64,44.97],[6.63,45.1],[7.04,45.24],[7.11,45.43],[7.44,45.56],[7.52,45.76],[8.08,46.09],[8.08,46.22],[8.64,46.68],[8.72,46.94],[8.39,46.94],[8.06,47.2],[7.48,47.27],[7.31,47.47],[7.07,47.53],[6.98,47.86],[6.81,47.93],[6.14,47.99],[5.82,47.86],[5.82,47.73],[5.58,47.66],[5.59,47.14],[5.51,47.07],[5.18,47.2],[5.18,47.33],[4.76,47.47],[4.67,47.73],[3.6,47.66],[2.95,47.47],[3.03,47.33],[2.97,47.07],[3.23,46.74],[3.08,46.48],[3.86,45.43],[3.87,45.17],[4.04,44.97],[3.97,44.71],[4.13,44.65],[4.14,44.45],[4.8,44.06],[5.86,43.93]]]},"properties":{"id":"territory:Burgundian Kingdom:469","name":"부르군트 왕국","name_en":"Burgundian Kingdom","actor":"게르만","valid_from":469,"valid_to":480,"wikidata":"Q13590051","area":119772,"src":"cliopatria","confidence":"medium"}},{"type":"Feature","geometry":{"type":"Point","coordinates":[5.591,46.144]},"properties":{"id":"territory:Burgundian Kingdom:469:label","name":"부르군트 왕국","name_en":"Burgundian Kingdom","actor":"게르만","valid_from":469,"valid_to":480,"wikidata":"Q13590051","area":119772,"src":"cliopatria","confidence":"medium"}},{"type":"Feature","geometry":{"type":"Polygon","coordinates":[[[8.72,46.94],[8.39,46.94],[8.06,47.2],[7.48,47.27],[7.31,47.47],[7.07,47.53],[6.98,47.86],[6.81,47.93],[6.14,47.99],[5.82,47.86],[5.82,47.73],[5.58,47.66],[5.59,47.14],[5.51,47.07],[5.18,47.2],[5.18,47.33],[4.76,47.47],[4.67,47.73],[3.6,47.66],[2.95,47.47],[3.03,47.33],[2.97,47.07],[3.23,46.74],[3.08,46.48],[3.86,45.43],[3.87,45.17],[4.04,44.97],[3.97,44.71],[4.13,44.65],[4.22,44.39],[4.39,44.39],[4.39,44.25],[5.05,43.99],[5.86,43.93],[6.09,44.39],[6.81,44.52],[6.97,44.71],[6.89,44.71],[6.88,44.91],[6.64,44.97],[6.63,45.1],[7.04,45.24],[7.11,45.43],[7.44,45.56],[7.52,45.76],[8.08,46.09],[8.08,46.22],[8.64,46.68],[8.72,46.94]]]},"properties":{"id":"territory:Burgundian Kingdom:490","name":"부르군트 왕국","name_en":"Burgundian Kingdom","actor":"게르만","valid_from":490,"valid_to":500,"wikidata":"Q13590051","area":119702,"src":"cliopatria","confidence":"medium"}},{"type":"Feature","geometry":{"type":"Point","coordinates":[5.59,46.144]},"properties":{"id":"territory:Burgundian Kingdom:490:label","name":"부르군트 왕국","name_en":"Burgundian Kingdom","actor":"게르만","valid_from":490,"valid_to":500,"wikidata":"Q13590051","area":119702,"src":"cliopatria","confidence":"medium"}},{"type":"Feature","geometry":{"type":"Polygon","coordinates":[[[5.86,43.93],[6.09,44.39],[6.89,44.52],[6.97,44.71],[6.89,44.71],[6.88,44.91],[6.64,44.97],[6.63,45.1],[7.04,45.24],[7.11,45.43],[7.44,45.56],[7.52,45.76],[8.08,46.09],[8.08,46.22],[8.64,46.68],[8.72,46.94],[8.39,46.94],[8.06,47.2],[7.48,47.27],[7.31,47.47],[7.07,47.53],[6.98,47.86],[6.81,47.93],[6.14,47.99],[5.82,47.86],[5.82,47.73],[5.58,47.66],[5.59,47.14],[5.51,47.07],[5.18,47.2],[5.18,47.33],[4.76,47.47],[4.67,47.73],[3.6,47.66],[2.95,47.47],[3.03,47.33],[2.97,47.07],[3.23,46.74],[3.07,46.55],[3.17,46.28],[3.42,46.09],[3.86,45.43],[3.96,45.04],[4.04,44.97],[3.97,44.71],[4.13,44.65],[4.14,44.45],[4.8,44.06],[5.86,43.93]]]},"properties":{"id":"territory:Burgundian Kingdom:462","name":"부르군트 왕국","name_en":"Burgundian Kingdom","actor":"게르만","valid_from":462,"valid_to":469,"wikidata":"Q13590051","area":119620,"src":"cliopatria","confidence":"medium"}},{"type":"Feature","geometry":{"type":"Point","coordinates":[5.592,46.145]},"properties":{"id":"territory:Burgundian Kingdom:462:label","name":"부르군트 왕국","name_en":"Burgundian Kingdom","actor":"게르만","valid_from":462,"valid_to":469,"wikidata":"Q13590051","area":119620,"src":"cliopatria","confidence":"medium"}},{"type":"Feature","geometry":{"type":"MultiPolygon","coordinates":[[[[-1.77,43.34],[-1.85,43.34],[-1.85,43.41],[-1.77,43.41],[-1.77,43.34]]],[[[4.41,43.73],[4.34,43.47],[4.26,43.47],[4.17,43.6],[3.85,43.6],[3.62,43.41],[3.14,43.28],[2.98,43.15],[3.01,42.56],[3.09,42.56],[3.09,42.5],[2.46,42.37],[1.65,42.63],[1.57,42.63],[1.07,42.82],[0.04,42.69],[-0.94,43.02],[-1.02,43.02],[-1.42,43.02],[-1.52,43.21],[-1.44,43.28],[-1.77,43.34],[-1.46,43.54],[-1.4,43.86],[-1.32,43.86],[-1.35,44.25],[-1.27,44.25],[-1.29,44.52],[-1.21,44.52],[-1.25,45.17],[-1.17,45.17],[-1.19,45.43],[-1.03,45.5],[-1.05,45.69],[-1.21,45.76],[-1.14,45.89],[-1.22,45.89],[-1.25,46.22],[-1.25,46.28],[-1.09,46.28],[-0.39,45.69],[-0.23,45.69],[0.37,45.17],[0.54,45.17],[1.3,44.52],[2.12,44.45],[2.43,44.78],[2.75,44.84],[3.14,45.1],[3.96,45.04],[4.04,44.97],[3.97,44.71],[4.13,44.65],[4.14,44.45],[4.8,44.06],[4.57,43.73],[4.41,43.73]]]]},"properties":{"id":"territory:Visigothic Kingdom:462","name":"서고트 왕국","name_en":"Visigothic Kingdom","actor":"게르만","valid_from":462,"valid_to":469,"wikidata":"Q126936","area":112892,"src":"cliopatria","confidence":"medium"}},{"type":"Feature","geometry":{"type":"Point","coordinates":[1.192,43.99]},"properties":{"id":"territory:Visigothic Kingdom:462:label","name":"서고트 왕국","name_en":"Visigothic Kingdom","actor":"게르만","valid_from":462,"valid_to":469,"wikidata":"Q126936","area":112892,"src":"cliopatria","confidence":"medium"}},{"type":"Feature","geometry":{"type":"Polygon","coordinates":[[[10.86,49.25],[10.53,49.25],[9.78,49.45],[9.69,49.58],[9.44,49.58],[9.52,49.98],[9.27,50.25],[8.76,50.51],[8.43,50.31],[8.27,49.85],[7.09,49.91],[6.43,49.71],[6.34,49.71],[6.35,49.52],[6.18,49.45],[5.76,49.58],[5.44,49.18],[5.45,48.92],[4.87,48.99],[4.8,48.65],[3.73,48.32],[3.6,47.66],[4.67,47.73],[4.76,47.47],[5.18,47.33],[5.18,47.2],[5.51,47.07],[5.59,47.14],[5.58,47.66],[5.82,47.73],[5.82,47.86],[6.14,47.99],[6.81,47.93],[6.98,47.86],[7.07,47.53],[7.31,47.47],[7.48,47.27],[8.06,47.2],[8.39,46.94],[8.72,46.94],[8.81,46.94],[9.13,47.27],[9.3,47.27],[9.38,47.4],[9.95,47.66],[9.87,47.86],[9.95,47.86],[10.11,48.46],[11.03,48.79],[11.11,49.18],[10.94,49.25],[10.86,49.25]]]},"properties":{"id":"territory:Kingdom of Alamannia:476","name":"알라마니아 왕국","name_en":"Kingdom of Alamannia","actor":"기타중립","valid_from":476,"valid_to":490,"wikidata":"Q2208978","area":111562,"src":"cliopatria","confidence":"medium"}},{"type":"Feature","geometry":{"type":"Point","coordinates":[7.588,48.589]},"properties":{"id":"territory:Kingdom of Alamannia:476:label","name":"알라마니아 왕국","name_en":"Kingdom of Alamannia","actor":"기타중립","valid_from":476,"valid_to":490,"wikidata":"Q2208978","area":111562,"src":"cliopatria","confidence":"medium"}},{"type":"Feature","geometry":{"type":"Polygon","coordinates":[[[10.86,49.25],[10.53,49.25],[9.78,49.45],[9.69,49.58],[9.44,49.58],[9.52,49.98],[9.27,50.25],[8.76,50.51],[8.43,50.31],[8.27,49.85],[7.09,49.91],[6.43,49.71],[6.34,49.71],[6.35,49.52],[6.18,49.45],[5.76,49.58],[5.44,49.18],[5.45,48.92],[4.87,48.99],[4.8,48.65],[3.73,48.32],[3.6,47.66],[4.67,47.73],[4.76,47.47],[5.18,47.33],[5.18,47.2],[5.51,47.07],[5.59,47.14],[5.58,47.66],[5.82,47.73],[5.82,47.86],[6.14,47.99],[6.81,47.93],[6.98,47.86],[7.07,47.53],[7.31,47.47],[7.48,47.27],[8.06,47.2],[8.39,46.94],[8.72,46.94],[8.89,46.94],[8.89,47.07],[9.13,47.27],[9.3,47.27],[9.38,47.4],[9.95,47.66],[9.87,47.86],[9.95,47.86],[10.11,48.46],[11.03,48.79],[11.03,48.85],[11.11,49.18],[10.94,49.25],[10.86,49.25]]]},"properties":{"id":"territory:Kingdom of Alamannia:469","name":"알라마니아 왕국","name_en":"Kingdom of Alamannia","actor":"기타중립","valid_from":469,"valid_to":476,"wikidata":"Q2208978","area":111516,"src":"cliopatria","confidence":"medium"}},{"type":"Feature","geometry":{"type":"Polygon","coordinates":[[[10.86,49.25],[10.53,49.25],[9.78,49.45],[9.69,49.58],[9.44,49.58],[9.52,49.98],[9.27,50.25],[8.76,50.51],[8.43,50.31],[8.27,49.85],[7.09,49.91],[6.43,49.71],[6.34,49.71],[6.35,49.52],[6.18,49.45],[5.76,49.58],[5.44,49.18],[5.45,48.92],[4.87,48.99],[4.8,48.65],[3.73,48.32],[3.6,47.66],[4.67,47.73],[4.76,47.47],[5.18,47.33],[5.18,47.2],[5.51,47.07],[5.59,47.14],[5.58,47.66],[5.82,47.73],[5.82,47.86],[6.14,47.99],[6.81,47.93],[6.98,47.86],[7.07,47.53],[7.31,47.47],[7.48,47.27],[8.06,47.2],[8.39,46.94],[8.72,46.94],[8.89,46.94],[8.89,47.07],[9.13,47.27],[9.3,47.27],[9.38,47.4],[9.95,47.66],[9.87,47.86],[9.95,47.86],[10.11,48.46],[11.03,48.79],[11.03,48.85],[11.11,49.18],[10.94,49.25],[10.86,49.25]]]},"properties":{"id":"territory:Kingdom of Alamannia:490","name":"알라마니아 왕국","name_en":"Kingdom of Alamannia","actor":"기타중립","valid_from":490,"valid_to":500,"wikidata":"Q2208978","area":111516,"src":"cliopatria","confidence":"medium"}},{"type":"Feature","geometry":{"type":"Point","coordinates":[7.587,48.589]},"properties":{"id":"territory:Kingdom of Alamannia:469:label","name":"알라마니아 왕국","name_en":"Kingdom of Alamannia","actor":"기타중립","valid_from":469,"valid_to":476,"wikidata":"Q2208978","area":111516,"src":"cliopatria","confidence":"medium"}},{"type":"Feature","geometry":{"type":"Point","coordinates":[7.587,48.589]},"properties":{"id":"territory:Kingdom of Alamannia:490:label","name":"알라마니아 왕국","name_en":"Kingdom of Alamannia","actor":"기타중립","valid_from":490,"valid_to":500,"wikidata":"Q2208978","area":111516,"src":"cliopatria","confidence":"medium"}},{"type":"Feature","geometry":{"type":"MultiPolygon","coordinates":[[[[6.96,36.61],[6.89,36.48],[6.42,36.55],[6.35,36.42],[5.88,36.48],[5.65,36.35],[2.77,36.42],[2.32,36.22],[2.0,36.29],[2.01,36.16],[1.15,36.16],[1.01,36.03],[0.77,36.03],[0.48,35.64],[-0.29,35.58],[-1.04,35.07],[-1.2,35.13],[-1.35,35.0],[-1.81,34.94],[-1.88,34.81],[-2.81,34.94],[-5.28,34.94],[-5.81,34.81],[-6.11,34.61],[-6.24,34.36],[-6.16,34.23],[-6.31,34.23],[-6.81,33.71],[-6.73,33.59],[-7.18,33.52],[-7.47,33.26],[-7.88,33.52],[-7.13,33.84],[-7.06,33.97],[-6.9,33.91],[-6.61,34.16],[-6.7,34.29],[-6.47,34.36],[-6.48,34.49],[-6.26,34.68],[-6.2,34.94],[-6.29,35.07],[-6.13,35.0],[-5.95,35.71],[-5.57,35.84],[-5.34,35.84],[-5.24,35.52],[-4.75,35.19],[-3.13,35.19],[-2.98,35.26],[-2.99,35.45],[-2.84,35.45],[-2.82,35.13],[-2.66,35.07],[-1.89,35.07],[-1.59,35.26],[-1.36,35.26],[-1.14,35.45],[-1.22,35.64],[-1.07,35.58],[-0.92,35.71],[-0.53,35.71],[-0.46,35.84],[0.08,35.84],[0.38,36.22],[0.68,36.29],[0.68,36.42],[0.91,36.35],[1.22,36.55],[1.53,36.48],[2.38,36.67],[2.69,36.61],[2.84,36.74],[3.23,36.74],[3.46,36.87],[3.85,36.8],[4.47,36.93],[4.86,36.87],[5.1,36.67],[5.56,36.67],[5.64,36.8],[6.11,36.8],[6.1,36.93],[6.33,37.06],[6.8,36.87],[7.19,36.87],[7.35,37.06],[7.66,37.0],[7.74,36.87],[8.52,36.87],[8.9,37.13],[9.06,37.06],[9.37,37.25],[9.76,37.32],[9.99,37.19],[10.23,37.25],[10.23,37.06],[10.31,37.06],[10.23,36.8],[10.31,36.8],[10.38,36.8],[10.38,36.61],[10.23,36.42],[9.53,36.48],[9.14,36.35],[7.82,36.35],[7.75,36.35],[7.59,36.61],[6.96,36.61]]],[[[14.57,35.77],[14.34,35.84],[14.34,36.03],[14.42,36.03],[14.57,35.97],[14.57,35.77]]],[[[15.21,37.19],[15.21,37.0],[15.05,36.74],[14.66,36.74],[14.28,37.13],[13.58,37.25],[13.19,37.58],[12.49,37.71],[12.49,37.9],[12.65,38.09],[13.04,38.03],[13.12,38.16],[13.35,38.16],[13.67,37.96],[14.06,37.96],[15.63,38.29],[15.62,38.16],[15.39,38.16],[15.07,37.58],[15.06,37.51],[15.06,37.25],[15.21,37.19]]],[[[1.65,39.13],[1.66,39.0],[1.43,38.8],[1.27,38.8],[1.18,39.06],[1.26,39.13],[1.34,39.13],[1.65,39.13]]],[[[3.2,39.84],[3.52,39.77],[3.3,39.32],[2.82,39.32],[2.66,39.51],[2.35,39.45],[2.34,39.64],[2.88,39.97],[2.96,39.97],[3.19,39.97],[3.2,39.84]]],[[[4.3,39.84],[3.83,39.9],[3.74,40.1],[3.82,40.1],[4.22,40.1],[4.3,39.84]]]]},"properties":{"id":"territory:Vandal Kingdom:441","name":"반달 왕국","name_en":"Vandal Kingdom","actor":"게르만","valid_from":441,"valid_to":443,"wikidata":"Q10416611","area":107888,"src":"cliopatria","confidence":"medium"}},{"type":"Feature","geometry":{"type":"Point","coordinates":[1.997,35.979]},"properties":{"id":"territory:Vandal Kingdom:441:label","name":"반달 왕국","name_en":"Vandal Kingdom","actor":"게르만","valid_from":441,"valid_to":443,"wikidata":"Q10416611","area":107888,"src":"cliopatria","confidence":"medium"}},{"type":"Feature","geometry":{"type":"Polygon","coordinates":[[[10.11,48.99],[9.44,49.98],[9.52,50.11],[9.35,50.11],[8.84,50.51],[8.76,50.51],[8.43,50.31],[8.27,49.85],[7.09,49.91],[6.43,49.71],[6.34,49.71],[6.35,49.52],[6.18,49.45],[5.76,49.58],[5.44,49.18],[5.45,48.92],[4.87,48.99],[4.8,48.65],[3.73,48.32],[3.6,47.66],[4.67,47.73],[4.76,47.47],[5.18,47.33],[5.18,47.2],[5.51,47.07],[5.59,47.14],[5.58,47.66],[5.82,47.73],[5.82,47.86],[6.14,47.99],[6.81,47.93],[6.98,47.86],[7.07,47.53],[7.31,47.47],[7.48,47.27],[8.06,47.2],[8.39,46.94],[8.72,46.94],[8.89,46.94],[8.89,47.07],[9.13,47.27],[9.3,47.27],[9.38,47.4],[9.95,47.66],[9.87,47.86],[9.95,47.86],[10.03,48.32],[10.2,48.52],[10.2,48.59],[10.2,48.65],[10.2,48.72],[10.11,48.72],[10.11,48.79],[10.11,48.85],[10.11,48.92],[10.11,48.99]]]},"properties":{"id":"territory:Kingdom of Alamannia:462","name":"알라마니아 왕국","name_en":"Kingdom of Alamannia","actor":"기타중립","valid_from":462,"valid_to":469,"wikidata":"Q2208978","area":106382,"src":"cliopatria","confidence":"medium"}},{"type":"Feature","geometry":{"type":"Point","coordinates":[7.445,48.572]},"properties":{"id":"territory:Kingdom of Alamannia:462:label","name":"알라마니아 왕국","name_en":"Kingdom of Alamannia","actor":"기타중립","valid_from":462,"valid_to":469,"wikidata":"Q2208978","area":106382,"src":"cliopatria","confidence":"medium"}},{"type":"Feature","geometry":{"type":"MultiPolygon","coordinates":[[[[-2.8,37.51],[-2.7,37.13],[-2.38,36.87],[-2.45,36.87],[-2.68,36.74],[-4.47,36.74],[-4.69,36.55],[-5.23,36.48],[-5.29,36.22],[-5.66,36.03],[-5.83,36.22],[-6.06,36.22],[-6.43,37.0],[-6.59,37.0],[-6.84,37.25],[-7.31,37.25],[-7.39,37.25],[-7.5,37.71],[-7.28,37.84],[-7.14,38.09],[-6.84,38.22],[-6.14,38.22],[-5.53,38.48],[-5.06,38.42],[-4.91,38.55],[-4.03,38.35],[-3.93,38.03],[-3.77,37.9],[-3.61,37.9],[-3.44,37.71],[-2.97,37.64],[-2.88,37.51],[-2.8,37.51]]],[[[-5.86,43.21],[-5.76,43.08],[-5.82,42.82],[-5.81,42.76],[-6.75,42.5],[-7.15,42.5],[-7.22,42.37],[-7.53,42.3],[-8.48,42.17],[-8.8,42.24],[-8.81,42.3],[-8.66,42.37],[-9.08,42.56],[-9.3,43.15],[-8.85,43.41],[-8.37,43.41],[-8.39,43.6],[-8.24,43.73],[-7.28,43.73],[-7.34,43.6],[-7.18,43.54],[-6.05,43.54],[-5.94,43.21],[-5.86,43.21]]]]},"properties":{"id":"territory:Vandals:414","name":"반달족","name_en":"Vandals","actor":"게르만","valid_from":414,"valid_to":417,"wikidata":"Q42211","area":102891,"src":"cliopatria","confidence":"medium"}},{"type":"Feature","geometry":{"type":"Point","coordinates":[-5.095,37.415]},"properties":{"id":"territory:Vandals:414:label","name":"반달족","name_en":"Vandals","actor":"게르만","valid_from":414,"valid_to":417,"wikidata":"Q42211","area":102891,"src":"cliopatria","confidence":"medium"}},{"type":"Feature","geometry":{"type":"Polygon","coordinates":[[[-5.94,43.21],[-6.05,43.54],[-7.18,43.54],[-7.34,43.6],[-7.28,43.73],[-8.24,43.73],[-8.39,43.6],[-8.37,43.41],[-8.85,43.41],[-9.3,43.15],[-9.08,42.56],[-8.92,42.56],[-8.9,42.43],[-8.65,42.3],[-8.96,42.17],[-8.73,40.74],[-8.87,40.61],[-8.9,40.1],[-9.04,39.97],[-9.16,39.51],[-9.39,39.45],[-9.43,39.06],[-9.57,38.93],[-9.55,38.74],[-9.38,38.61],[-9.08,38.67],[-9.09,38.8],[-9.01,38.8],[-8.9,39.26],[-8.6,39.45],[-8.62,39.64],[-8.47,39.77],[-7.93,39.84],[-6.86,40.29],[-6.85,41.07],[-6.25,41.46],[-6.13,41.85],[-5.9,41.98],[-5.78,42.43],[-5.7,42.43],[-5.73,42.76],[-5.81,42.76],[-5.76,43.08],[-5.86,43.21],[-5.94,43.21]]]},"properties":{"id":"territory:Kingdom of the Suebi:458","name":"Kingdom of the Suebi","name_en":"Kingdom of the Suebi","actor":"게르만","valid_from":458,"valid_to":476,"wikidata":"Q1048918","area":95340,"src":"cliopatria","confidence":"medium"}},{"type":"Feature","geometry":{"type":"Point","coordinates":[-7.679,41.784]},"properties":{"id":"territory:Kingdom of the Suebi:458:label","name":"Kingdom of the Suebi","name_en":"Kingdom of the Suebi","actor":"게르만","valid_from":458,"valid_to":476,"wikidata":"Q1048918","area":95340,"src":"cliopatria","confidence":"medium"}},{"type":"Feature","geometry":{"type":"Polygon","coordinates":[[[-5.94,43.21],[-6.05,43.54],[-7.18,43.54],[-7.34,43.6],[-7.28,43.73],[-8.24,43.73],[-8.39,43.6],[-8.37,43.41],[-8.85,43.41],[-9.3,43.15],[-9.08,42.56],[-8.92,42.56],[-8.9,42.43],[-8.65,42.3],[-8.96,42.17],[-8.73,40.74],[-8.87,40.61],[-8.9,40.1],[-9.04,39.97],[-9.16,39.51],[-9.39,39.45],[-9.43,39.06],[-9.57,38.93],[-9.55,38.74],[-9.38,38.61],[-9.08,38.67],[-9.09,38.8],[-9.01,38.8],[-8.9,39.26],[-8.6,39.45],[-8.62,39.64],[-8.47,39.77],[-7.93,39.84],[-6.86,40.29],[-6.85,41.07],[-6.26,41.52],[-6.13,41.85],[-5.9,41.98],[-5.85,42.24],[-5.77,42.24],[-5.73,42.76],[-5.81,42.76],[-5.76,43.08],[-5.86,43.21],[-5.94,43.21]]]},"properties":{"id":"territory:Kingdom of the Suebi:426","name":"Kingdom of the Suebi","name_en":"Kingdom of the Suebi","actor":"게르만","valid_from":426,"valid_to":439,"wikidata":"Q1048918","area":95101,"src":"cliopatria","confidence":"medium"}},{"type":"Feature","geometry":{"type":"Point","coordinates":[-7.683,41.785]},"properties":{"id":"territory:Kingdom of the Suebi:426:label","name":"Kingdom of the Suebi","name_en":"Kingdom of the Suebi","actor":"게르만","valid_from":426,"valid_to":439,"wikidata":"Q1048918","area":95101,"src":"cliopatria","confidence":"medium"}},{"type":"Feature","geometry":{"type":"Polygon","coordinates":[[[-5.94,43.21],[-6.05,43.54],[-7.18,43.54],[-7.34,43.6],[-7.28,43.73],[-8.24,43.73],[-8.39,43.6],[-8.37,43.41],[-8.85,43.41],[-9.3,43.15],[-9.08,42.56],[-8.92,42.56],[-8.9,42.43],[-8.65,42.3],[-8.96,42.17],[-8.73,40.74],[-8.87,40.61],[-8.85,40.36],[-8.93,40.36],[-9.03,39.77],[-9.1,39.77],[-9.16,39.51],[-9.39,39.45],[-9.37,39.32],[-9.37,39.26],[-8.97,39.26],[-8.91,39.45],[-8.76,39.45],[-8.47,39.77],[-7.93,39.84],[-6.86,40.29],[-6.85,41.07],[-6.25,41.46],[-6.13,41.85],[-5.9,41.98],[-5.78,42.43],[-5.7,42.43],[-5.73,42.76],[-5.81,42.76],[-5.76,43.08],[-5.86,43.21],[-5.94,43.21]]]},"properties":{"id":"territory:Kingdom of the Suebi:476","name":"Kingdom of the Suebi","name_en":"Kingdom of the Suebi","actor":"게르만","valid_from":476,"valid_to":577,"wikidata":"Q1048918","area":91850,"src":"cliopatria","confidence":"medium"}},{"type":"Feature","geometry":{"type":"Point","coordinates":[-7.625,41.885]},"properties":{"id":"territory:Kingdom of the Suebi:476:label","name":"Kingdom of the Suebi","name_en":"Kingdom of the Suebi","actor":"게르만","valid_from":476,"valid_to":577,"wikidata":"Q1048918","area":91850,"src":"cliopatria","confidence":"medium"}},{"type":"Feature","geometry":{"type":"MultiPolygon","coordinates":[[[[17.41,48.39],[17.33,48.39],[17.33,48.46],[17.42,48.46],[17.41,48.39]]],[[[8.68,49.85],[8.85,49.71],[8.61,48.92],[9.12,48.59],[10.28,48.92],[11.78,49.58],[12.12,49.58],[12.61,49.38],[12.95,49.38],[14.1,48.65],[14.77,48.72],[15.92,48.52],[16.93,48.72],[16.92,48.59],[17.17,48.59],[17.08,48.46],[17.25,48.46],[17.33,48.32],[17.5,48.39],[17.49,48.26],[17.73,48.13],[18.89,48.13],[18.88,47.99],[18.72,47.93],[18.71,47.86],[18.54,47.73],[17.71,47.73],[17.06,47.99],[16.66,48.32],[16.08,48.19],[15.5,48.19],[15.17,48.32],[14.26,48.26],[13.6,48.59],[13.35,48.59],[13.27,48.72],[12.77,48.79],[12.61,48.99],[12.11,49.18],[11.69,49.12],[11.36,48.85],[10.94,48.79],[10.45,48.52],[10.03,48.52],[9.04,48.13],[8.62,48.26],[8.2,48.59],[8.12,48.85],[8.27,49.32],[7.94,49.52],[7.6,49.52],[7.6,49.38],[7.52,49.38],[7.54,48.72],[7.62,48.72],[7.54,48.39],[7.29,48.46],[7.2,48.79],[6.95,48.99],[6.61,49.05],[6.44,49.25],[6.19,49.32],[5.43,49.38],[4.61,49.18],[3.44,49.25],[2.15,49.78],[1.79,50.31],[1.87,50.31],[1.93,50.71],[2.09,50.85],[2.6,50.85],[2.77,50.71],[3.86,50.85],[4.21,50.71],[4.3,50.51],[4.89,50.45],[5.32,50.18],[5.74,50.11],[5.83,49.91],[6.0,49.91],[6.35,49.58],[6.76,49.58],[7.09,49.85],[7.76,49.85],[7.85,49.85],[8.68,49.85]]],[[[12.62,49.45],[12.62,49.52],[12.7,49.52],[12.7,49.45],[12.62,49.45]]]]},"properties":{"id":"territory:Vandals:407","name":"반달족","name_en":"Vandals","actor":"게르만","valid_from":407,"valid_to":410,"wikidata":"Q42211","area":91607,"src":"cliopatria","confidence":"medium"}},{"type":"Feature","geometry":{"type":"Point","coordinates":[8.265,49.338]},"properties":{"id":"territory:Vandals:407:label","name":"반달족","name_en":"Vandals","actor":"게르만","valid_from":407,"valid_to":410,"wikidata":"Q42211","area":91607,"src":"cliopatria","confidence":"medium"}},{"type":"Feature","geometry":{"type":"Polygon","coordinates":[[[-5.94,43.21],[-6.05,43.54],[-7.18,43.54],[-7.34,43.6],[-7.28,43.73],[-8.24,43.73],[-8.39,43.6],[-8.37,43.41],[-8.85,43.41],[-9.3,43.15],[-9.08,42.56],[-8.92,42.56],[-8.9,42.43],[-8.65,42.3],[-8.96,42.17],[-8.73,40.74],[-8.87,40.61],[-8.85,40.36],[-8.93,40.36],[-8.9,40.1],[-8.98,40.1],[-8.97,40.03],[-7.93,39.84],[-7.78,39.97],[-7.39,40.03],[-7.33,40.16],[-7.01,40.16],[-6.8,40.42],[-6.85,41.07],[-6.26,41.52],[-6.13,41.85],[-5.9,41.98],[-5.85,42.24],[-5.77,42.24],[-5.73,42.76],[-5.81,42.76],[-5.76,43.08],[-5.86,43.21],[-5.94,43.21]]]},"properties":{"id":"territory:Kingdom of the Suebi:417","name":"Kingdom of the Suebi","name_en":"Kingdom of the Suebi","actor":"게르만","valid_from":417,"valid_to":426,"wikidata":"Q1048918","area":87648,"src":"cliopatria","confidence":"medium"}},{"type":"Feature","geometry":{"type":"Point","coordinates":[-7.572,41.985]},"properties":{"id":"territory:Kingdom of the Suebi:417:label","name":"Kingdom of the Suebi","name_en":"Kingdom of the Suebi","actor":"게르만","valid_from":417,"valid_to":426,"wikidata":"Q1048918","area":87648,"src":"cliopatria","confidence":"medium"}},{"type":"Feature","geometry":{"type":"MultiPolygon","coordinates":[[[[6.96,36.61],[6.89,36.48],[6.42,36.55],[6.35,36.42],[5.88,36.48],[5.65,36.35],[2.77,36.42],[2.32,36.22],[2.0,36.29],[2.01,36.16],[1.15,36.16],[1.01,36.03],[0.77,36.03],[0.48,35.64],[-0.29,35.58],[-1.04,35.07],[-1.2,35.13],[-1.35,35.0],[-1.81,34.94],[-1.88,34.81],[-2.81,34.94],[-5.28,34.94],[-5.81,34.81],[-6.11,34.61],[-6.24,34.36],[-6.16,34.23],[-6.31,34.23],[-6.81,33.71],[-6.73,33.59],[-7.18,33.52],[-7.47,33.26],[-7.88,33.52],[-7.13,33.84],[-7.06,33.97],[-6.9,33.91],[-6.61,34.16],[-6.7,34.29],[-6.47,34.36],[-6.48,34.49],[-6.26,34.68],[-6.2,34.94],[-6.29,35.07],[-6.13,35.0],[-5.95,35.71],[-5.57,35.84],[-5.34,35.84],[-5.24,35.52],[-4.75,35.19],[-3.13,35.19],[-2.98,35.26],[-2.99,35.45],[-2.84,35.45],[-2.82,35.13],[-2.66,35.07],[-1.89,35.07],[-1.59,35.26],[-1.36,35.26],[-1.14,35.45],[-1.22,35.64],[-1.07,35.58],[-0.92,35.71],[-0.53,35.71],[-0.46,35.84],[0.08,35.84],[0.38,36.22],[0.68,36.29],[0.68,36.42],[0.91,36.35],[1.22,36.55],[1.53,36.48],[2.38,36.67],[2.69,36.61],[2.84,36.74],[3.23,36.74],[3.46,36.87],[3.85,36.8],[4.47,36.93],[4.86,36.87],[5.1,36.67],[5.56,36.67],[5.64,36.8],[6.11,36.8],[6.1,36.93],[6.33,37.06],[6.8,36.87],[7.19,36.87],[7.35,37.06],[7.66,37.0],[7.74,36.87],[8.52,36.87],[8.9,37.13],[9.06,37.06],[9.37,37.25],[9.76,37.32],[9.99,37.19],[10.23,37.25],[10.23,37.06],[10.31,37.06],[10.23,36.8],[10.31,36.8],[10.38,36.8],[10.38,36.61],[10.23,36.42],[9.53,36.48],[9.14,36.35],[7.82,36.35],[7.75,36.35],[7.59,36.61],[6.96,36.61]]],[[[1.65,39.13],[1.66,39.0],[1.43,38.8],[1.27,38.8],[1.18,39.06],[1.26,39.13],[1.34,39.13],[1.65,39.13]]],[[[3.19,39.97],[3.2,39.84],[3.52,39.77],[3.3,39.32],[2.82,39.32],[2.66,39.51],[2.35,39.45],[2.34,39.64],[2.88,39.97],[2.96,39.97],[3.19,39.97]]],[[[4.22,40.1],[4.3,39.84],[3.83,39.9],[3.74,40.1],[3.82,40.1],[4.22,40.1]]]]},"properties":{"id":"territory:Vandal Kingdom:439","name":"반달 왕국","name_en":"Vandal Kingdom","actor":"게르만","valid_from":439,"valid_to":441,"wikidata":"Q10416611","area":85012,"src":"cliopatria","confidence":"medium"}},{"type":"Feature","geometry":{"type":"Point","coordinates":[1.997,35.979]},"properties":{"id":"territory:Vandal Kingdom:439:label","name":"반달 왕국","name_en":"Vandal Kingdom","actor":"게르만","valid_from":439,"valid_to":441,"wikidata":"Q10416611","area":85012,"src":"cliopatria","confidence":"medium"}},{"type":"Feature","geometry":{"type":"MultiPolygon","coordinates":[[[[17.52,48.85],[17.52,48.92],[17.6,48.92],[17.6,48.85],[17.52,48.85]]],[[[18.05,51.18],[18.06,51.25],[18.14,51.25],[18.14,51.18],[18.05,51.18]]],[[[13.03,53.39],[13.11,53.39],[13.02,53.26],[15.16,53.06],[15.24,52.92],[15.41,52.92],[15.33,52.86],[15.4,52.45],[15.64,52.25],[16.07,52.32],[16.06,52.12],[16.32,52.12],[16.39,51.78],[16.81,51.78],[16.81,51.65],[16.89,51.65],[16.8,51.45],[17.56,51.45],[17.72,51.31],[18.06,51.31],[17.97,51.25],[18.05,51.05],[18.37,50.78],[18.54,50.85],[18.53,50.71],[18.7,50.65],[18.58,50.11],[18.41,49.98],[18.48,49.85],[18.23,49.78],[18.22,49.65],[18.05,49.58],[18.13,49.45],[17.88,49.45],[17.53,49.18],[17.44,49.05],[17.52,48.92],[17.27,48.92],[17.35,48.79],[16.93,48.72],[16.92,48.52],[16.84,48.52],[16.91,48.26],[16.83,48.26],[14.26,48.26],[13.76,48.46],[13.68,48.59],[13.69,48.65],[13.69,48.85],[13.86,48.85],[14.1,48.65],[14.68,48.65],[14.94,49.05],[16.27,48.79],[16.44,49.05],[16.87,49.32],[16.88,49.45],[17.04,49.45],[17.3,49.65],[17.22,49.78],[17.39,49.78],[17.49,49.98],[17.66,50.05],[17.75,50.25],[17.67,50.31],[17.84,50.38],[17.86,50.71],[17.44,50.85],[17.37,50.98],[17.19,50.91],[17.12,51.05],[16.53,51.11],[16.54,51.38],[15.95,51.45],[15.79,51.58],[15.8,51.85],[14.95,51.92],[14.78,52.05],[14.61,51.98],[14.62,52.25],[14.45,52.38],[14.55,52.65],[14.38,52.72],[13.27,52.72],[13.01,52.86],[12.33,52.86],[12.15,52.65],[11.81,52.65],[11.73,52.65],[11.73,53.12],[11.05,53.26],[10.88,53.46],[10.88,53.73],[11.22,54.0],[11.31,54.0],[11.4,54.0],[11.4,54.14],[12.09,54.27],[12.44,54.48],[13.05,54.48],[13.05,54.61],[13.23,54.75],[13.58,54.68],[13.74,54.27],[13.3,54.21],[13.56,54.14],[13.56,54.0],[13.73,53.87],[13.03,53.6],[13.03,53.53],[13.03,53.39]]],[[[12.81,55.36],[12.73,55.5],[12.9,55.57],[12.91,55.77],[12.56,55.98],[12.56,56.11],[14.32,55.98],[14.23,55.91],[14.3,55.36],[13.69,55.43],[13.6,55.43],[12.81,55.36]]]]},"properties":{"id":"territory:Lombards:490","name":"Lombards","name_en":"Lombards","actor":"게르만","valid_from":490,"valid_to":500,"wikidata":"Q130900","area":84360,"src":"cliopatria","confidence":"medium"}},{"type":"Feature","geometry":{"type":"Point","coordinates":[14.847,51.592]},"properties":{"id":"territory:Lombards:490:label","name":"Lombards","name_en":"Lombards","actor":"게르만","valid_from":490,"valid_to":500,"wikidata":"Q130900","area":84360,"src":"cliopatria","confidence":"medium"}},{"type":"Feature","geometry":{"type":"Polygon","coordinates":[[[11.22,53.94],[11.14,54.07],[9.58,54.07],[9.32,54.14],[9.15,54.34],[8.97,54.34],[8.97,54.55],[8.8,54.55],[8.54,54.41],[8.54,54.27],[8.8,54.21],[8.89,53.87],[8.37,53.87],[8.38,53.33],[7.44,53.06],[7.1,53.12],[7.1,52.99],[7.01,52.99],[7.02,52.92],[6.95,52.25],[6.7,52.05],[6.7,51.98],[7.13,51.85],[7.3,51.71],[7.39,51.45],[7.65,51.31],[7.65,51.18],[8.17,50.78],[8.42,50.71],[8.42,50.78],[9.34,51.25],[9.51,51.18],[9.51,51.31],[9.68,51.25],[9.68,51.38],[10.19,51.45],[10.27,51.65],[10.44,51.58],[10.87,51.92],[11.55,51.78],[11.8,51.98],[11.55,52.18],[11.55,52.32],[11.64,52.32],[11.82,53.12],[11.47,53.12],[11.48,53.26],[11.13,53.26],[10.88,53.46],[10.88,53.73],[11.14,53.94],[11.22,53.94]]]},"properties":{"id":"territory:Saxons:455","name":"Saxons","name_en":"Saxons","actor":"게르만","valid_from":455,"valid_to":469,"wikidata":"Q101985","area":82798,"src":"cliopatria","confidence":"medium"}},{"type":"Feature","geometry":{"type":"Point","coordinates":[9.294,52.565]},"properties":{"id":"territory:Saxons:455:label","name":"Saxons","name_en":"Saxons","actor":"게르만","valid_from":455,"valid_to":469,"wikidata":"Q101985","area":82798,"src":"cliopatria","confidence":"medium"}},{"type":"Feature","geometry":{"type":"Polygon","coordinates":[[[11.22,53.94],[11.14,54.07],[9.58,54.07],[9.32,54.14],[9.15,54.34],[8.97,54.34],[8.97,54.55],[8.8,54.55],[8.54,54.41],[8.54,54.27],[8.8,54.21],[8.89,53.87],[8.37,53.87],[8.38,53.33],[7.44,53.06],[7.1,53.12],[7.1,52.99],[7.01,52.99],[7.02,52.92],[6.95,52.25],[6.7,52.05],[6.7,51.98],[7.3,51.71],[7.39,51.45],[7.65,51.31],[7.65,51.18],[8.34,50.71],[8.84,51.05],[9.43,51.25],[10.1,51.45],[10.27,51.65],[10.53,51.65],[10.87,51.92],[11.55,51.78],[11.55,51.85],[11.8,51.98],[11.55,52.18],[11.55,52.32],[11.64,52.32],[11.82,53.12],[11.47,53.12],[11.48,53.26],[10.96,53.33],[10.88,53.73],[11.14,53.94],[11.22,53.94]]]},"properties":{"id":"territory:Saxons:469","name":"Saxons","name_en":"Saxons","actor":"게르만","valid_from":469,"valid_to":490,"wikidata":"Q101985","area":82596,"src":"cliopatria","confidence":"medium"}},{"type":"Feature","geometry":{"type":"Point","coordinates":[9.292,52.572]},"properties":{"id":"territory:Saxons:469:label","name":"Saxons","name_en":"Saxons","actor":"게르만","valid_from":469,"valid_to":490,"wikidata":"Q101985","area":82596,"src":"cliopatria","confidence":"medium"}},{"type":"Feature","geometry":{"type":"Polygon","coordinates":[[[11.73,52.65],[11.73,53.12],[11.05,53.26],[10.88,53.46],[10.88,53.73],[11.22,54.0],[11.14,54.0],[9.58,54.07],[9.32,54.14],[9.15,54.34],[8.97,54.34],[8.97,54.55],[8.8,54.55],[8.54,54.41],[8.54,54.27],[8.8,54.21],[8.89,53.87],[8.37,53.87],[8.38,53.33],[7.44,53.06],[7.1,53.12],[7.1,52.99],[7.01,52.99],[7.02,52.92],[6.95,52.25],[6.7,52.05],[6.7,51.98],[7.3,51.71],[7.39,51.45],[7.65,51.31],[7.65,51.18],[8.34,50.71],[8.84,51.05],[9.43,51.25],[10.1,51.45],[10.27,51.65],[10.53,51.65],[10.87,51.92],[11.55,51.78],[11.55,51.85],[11.8,51.98],[11.55,52.18],[11.64,52.65],[11.73,52.65]]]},"properties":{"id":"territory:Saxons:490","name":"Saxons","name_en":"Saxons","actor":"게르만","valid_from":490,"valid_to":500,"wikidata":"Q101985","area":81649,"src":"cliopatria","confidence":"medium"}},{"type":"Feature","geometry":{"type":"Point","coordinates":[9.27,52.561]},"properties":{"id":"territory:Saxons:490:label","name":"Saxons","name_en":"Saxons","actor":"게르만","valid_from":490,"valid_to":500,"wikidata":"Q101985","area":81649,"src":"cliopatria","confidence":"medium"}},{"type":"Feature","geometry":{"type":"Polygon","coordinates":[[[8.39,47.01],[8.39,46.94],[8.48,46.94],[8.56,46.94],[8.64,46.94],[8.72,46.94],[8.64,46.68],[8.4,46.55],[8.4,46.41],[8.08,46.22],[8.08,46.09],[7.76,45.82],[7.03,45.56],[5.97,45.5],[4.82,45.89],[4.65,46.09],[4.4,46.09],[4.24,45.96],[4.24,46.02],[4.16,46.02],[4.16,46.09],[4.08,46.09],[3.66,46.35],[3.08,46.48],[3.23,46.74],[2.97,47.07],[3.03,47.33],[2.95,47.47],[3.92,47.73],[5.16,47.73],[5.25,47.6],[5.5,47.6],[6.14,47.99],[6.81,47.93],[7.06,47.8],[7.06,47.73],[7.07,47.53],[7.31,47.47],[7.48,47.27],[8.06,47.2],[8.31,47.01],[8.39,47.01]]]},"properties":{"id":"territory:Burgundian Kingdom:451","name":"부르군트 왕국","name_en":"Burgundian Kingdom","actor":"게르만","valid_from":451,"valid_to":455,"wikidata":"Q13590051","area":79867,"src":"cliopatria","confidence":"medium"}},{"type":"Feature","geometry":{"type":"Polygon","coordinates":[[[8.39,47.01],[8.39,46.94],[8.48,46.94],[8.56,46.94],[8.64,46.94],[8.72,46.94],[8.64,46.68],[8.4,46.55],[8.4,46.41],[8.08,46.22],[8.08,46.09],[7.76,45.82],[7.03,45.56],[5.97,45.5],[4.82,45.89],[4.65,46.09],[4.4,46.09],[4.24,45.96],[4.24,46.02],[4.16,46.02],[4.16,46.09],[4.08,46.09],[3.66,46.35],[3.08,46.48],[3.23,46.74],[2.97,47.07],[3.03,47.33],[2.95,47.47],[3.92,47.73],[5.16,47.73],[5.25,47.6],[5.5,47.6],[6.14,47.99],[6.81,47.93],[7.06,47.8],[7.06,47.73],[7.07,47.53],[7.31,47.47],[7.48,47.27],[8.06,47.2],[8.31,47.01],[8.39,47.01]]]},"properties":{"id":"territory:Burgundian Kingdom:459","name":"부르군트 왕국","name_en":"Burgundian Kingdom","actor":"게르만","valid_from":459,"valid_to":462,"wikidata":"Q13590051","area":79867,"src":"cliopatria","confidence":"medium"}},{"type":"Feature","geometry":{"type":"Point","coordinates":[5.797,46.75]},"properties":{"id":"territory:Burgundian Kingdom:451:label","name":"부르군트 왕국","name_en":"Burgundian Kingdom","actor":"게르만","valid_from":451,"valid_to":455,"wikidata":"Q13590051","area":79867,"src":"cliopatria","confidence":"medium"}},{"type":"Feature","geometry":{"type":"Point","coordinates":[5.797,46.75]},"properties":{"id":"territory:Burgundian Kingdom:459:label","name":"부르군트 왕국","name_en":"Burgundian Kingdom","actor":"게르만","valid_from":459,"valid_to":462,"wikidata":"Q13590051","area":79867,"src":"cliopatria","confidence":"medium"}},{"type":"Feature","geometry":{"type":"Polygon","coordinates":[[[8.31,47.01],[8.06,47.2],[7.48,47.27],[7.31,47.47],[7.15,47.47],[6.98,47.86],[6.31,47.99],[5.82,47.86],[5.82,47.73],[5.5,47.6],[5.25,47.6],[5.16,47.73],[3.92,47.73],[2.95,47.47],[3.03,47.33],[2.97,47.07],[3.23,46.74],[3.07,46.55],[3.16,46.41],[3.49,46.41],[3.99,46.22],[4.24,45.96],[4.4,46.09],[4.65,46.09],[4.82,45.89],[5.97,45.5],[6.71,45.5],[7.76,45.82],[8.73,46.81],[8.72,46.94],[8.39,47.01],[8.31,47.01]]]},"properties":{"id":"territory:Burgundian Kingdom:443","name":"부르군트 왕국","name_en":"Burgundian Kingdom","actor":"게르만","valid_from":443,"valid_to":451,"wikidata":"Q13590051","area":79727,"src":"cliopatria","confidence":"medium"}},{"type":"Feature","geometry":{"type":"Point","coordinates":[5.799,46.748]},"properties":{"id":"territory:Burgundian Kingdom:443:label","name":"부르군트 왕국","name_en":"Burgundian Kingdom","actor":"게르만","valid_from":443,"valid_to":451,"wikidata":"Q13590051","area":79727,"src":"cliopatria","confidence":"medium"}},{"type":"Feature","geometry":{"type":"Polygon","coordinates":[[[0.69,51.51],[0.53,51.45],[1.21,51.45],[1.38,51.38],[1.39,51.18],[0.49,50.78],[-1.37,50.85],[-1.44,50.71],[-1.69,50.71],[-1.78,50.71],[-1.8,50.98],[-2.17,51.31],[-2.22,51.85],[-1.64,52.05],[-1.5,52.38],[-1.88,52.79],[-1.92,53.19],[-2.01,53.19],[-2.04,53.53],[-2.13,53.53],[-2.19,54.14],[-1.95,54.34],[-1.36,54.55],[-1.29,54.68],[-1.2,54.68],[-0.67,54.61],[-0.2,54.21],[-0.18,53.94],[0.0,53.8],[0.02,53.6],[0.3,53.39],[0.32,53.12],[0.23,53.12],[0.24,53.06],[0.07,52.99],[0.17,52.86],[0.34,52.86],[0.49,53.06],[1.09,53.06],[1.53,52.92],[1.72,52.72],[1.74,52.38],[1.65,52.38],[1.59,52.12],[1.43,51.98],[1.17,51.98],[1.18,51.78],[0.84,51.78],[0.85,51.71],[0.85,51.65],[0.86,51.58],[0.86,51.51],[0.78,51.51],[0.69,51.51]]]},"properties":{"id":"territory:Anglo-Saxon England:480","name":"Anglo-Saxon England","name_en":"Anglo-Saxon England","actor":"게르만","valid_from":480,"valid_to":490,"wikidata":"Q784963","area":77091,"src":"cliopatria","confidence":"medium"}},{"type":"Feature","geometry":{"type":"Point","coordinates":[-0.504,52.485]},"properties":{"id":"territory:Anglo-Saxon England:480:label","name":"Anglo-Saxon England","name_en":"Anglo-Saxon England","actor":"게르만","valid_from":480,"valid_to":490,"wikidata":"Q784963","area":77091,"src":"cliopatria","confidence":"medium"}},{"type":"Feature","geometry":{"type":"Polygon","coordinates":[[[47.5,41.26],[47.99,41.33],[48.12,41.59],[48.56,41.78],[49.09,41.26],[49.06,41.13],[49.27,41.0],[49.24,40.87],[49.51,40.61],[50.05,40.55],[50.26,40.42],[49.69,40.36],[49.51,40.23],[49.27,39.38],[49.15,39.19],[48.99,39.19],[48.92,39.19],[48.78,39.32],[48.81,39.45],[48.53,39.64],[47.74,39.64],[47.53,39.77],[47.12,39.71],[47.07,39.84],[46.77,39.97],[46.46,39.97],[46.48,40.1],[46.26,40.16],[46.2,40.29],[45.59,40.42],[45.46,40.55],[45.6,40.87],[45.3,41.0],[45.11,41.26],[44.24,41.26],[44.35,41.46],[44.77,41.59],[45.07,41.91],[45.31,41.91],[45.54,42.24],[45.7,42.24],[45.68,42.17],[46.23,42.11],[46.43,41.91],[46.82,41.85],[47.35,41.33],[47.51,41.33],[47.5,41.26]]]},"properties":{"id":"territory:Caucasian Albania:439","name":"Caucasian Albania","name_en":"Caucasian Albania","actor":"기타중립","valid_from":439,"valid_to":451,"wikidata":"Q177076","area":75000,"src":"cliopatria","confidence":"medium"}},{"type":"Feature","geometry":{"type":"Polygon","coordinates":[[[47.5,41.26],[47.99,41.33],[48.12,41.59],[48.56,41.78],[49.09,41.26],[49.06,41.13],[49.27,41.0],[49.24,40.87],[49.51,40.61],[50.05,40.55],[50.26,40.42],[49.69,40.36],[49.51,40.23],[49.27,39.38],[49.15,39.19],[48.99,39.19],[48.92,39.19],[48.78,39.32],[48.81,39.45],[48.53,39.64],[47.74,39.64],[47.53,39.77],[47.12,39.71],[47.07,39.84],[46.77,39.97],[46.46,39.97],[46.48,40.1],[46.26,40.16],[46.2,40.29],[45.59,40.42],[45.46,40.55],[45.6,40.87],[45.3,41.0],[45.11,41.26],[44.24,41.26],[44.35,41.46],[44.77,41.59],[45.07,41.91],[45.31,41.91],[45.54,42.24],[45.7,42.24],[45.68,42.17],[46.23,42.11],[46.43,41.91],[46.82,41.85],[47.35,41.33],[47.51,41.33],[47.5,41.26]]]},"properties":{"id":"territory:Caucasian Albania:490","name":"Caucasian Albania","name_en":"Caucasian Albania","actor":"기타중립","valid_from":490,"valid_to":500,"wikidata":"Q177076","area":75000,"src":"cliopatria","confidence":"medium"}},{"type":"Feature","geometry":{"type":"Point","coordinates":[47.333,40.786]},"properties":{"id":"territory:Caucasian Albania:439:label","name":"Caucasian Albania","name_en":"Caucasian Albania","actor":"기타중립","valid_from":439,"valid_to":451,"wikidata":"Q177076","area":75000,"src":"cliopatria","confidence":"medium"}},{"type":"Feature","geometry":{"type":"Point","coordinates":[47.333,40.786]},"properties":{"id":"territory:Caucasian Albania:490:label","name":"Caucasian Albania","name_en":"Caucasian Albania","actor":"기타중립","valid_from":490,"valid_to":500,"wikidata":"Q177076","area":75000,"src":"cliopatria","confidence":"medium"}},{"type":"Feature","geometry":{"type":"Polygon","coordinates":[[[47.51,41.33],[47.35,41.33],[46.82,41.85],[46.43,41.91],[46.23,42.11],[45.68,42.17],[45.7,42.24],[45.54,42.24],[45.31,41.91],[45.07,41.91],[44.77,41.59],[44.35,41.46],[44.24,41.26],[45.11,41.26],[45.3,41.0],[45.6,40.87],[45.46,40.55],[45.59,40.42],[46.2,40.29],[46.26,40.16],[46.48,40.1],[46.46,39.97],[46.77,39.97],[47.05,39.77],[47.13,39.77],[47.12,39.71],[48.3,39.71],[48.67,39.58],[48.92,39.19],[48.99,39.19],[49.15,39.19],[49.27,39.38],[49.51,40.23],[49.69,40.36],[50.26,40.42],[50.05,40.55],[49.51,40.61],[49.24,40.87],[49.27,41.0],[49.06,41.13],[49.09,41.26],[48.56,41.78],[48.12,41.59],[47.99,41.33],[47.5,41.26],[47.51,41.33]]]},"properties":{"id":"territory:Caucasian Albania:387","name":"Caucasian Albania","name_en":"Caucasian Albania","actor":"기타중립","valid_from":387,"valid_to":439,"wikidata":"Q177076","area":74782,"src":"cliopatria","confidence":"medium"}},{"type":"Feature","geometry":{"type":"Polygon","coordinates":[[[47.51,41.33],[47.35,41.33],[46.82,41.85],[46.43,41.91],[46.23,42.11],[45.68,42.17],[45.7,42.24],[45.54,42.24],[45.31,41.91],[45.07,41.91],[44.77,41.59],[44.35,41.46],[44.24,41.26],[45.11,41.26],[45.3,41.0],[45.6,40.87],[45.46,40.55],[45.59,40.42],[46.2,40.29],[46.26,40.16],[46.48,40.1],[46.46,39.97],[46.77,39.97],[47.05,39.77],[47.13,39.77],[47.12,39.71],[48.3,39.71],[48.67,39.58],[48.92,39.19],[48.99,39.19],[49.15,39.19],[49.27,39.38],[49.51,40.23],[49.69,40.36],[50.26,40.42],[50.05,40.55],[49.51,40.61],[49.24,40.87],[49.27,41.0],[49.06,41.13],[49.09,41.26],[48.56,41.78],[48.12,41.59],[47.99,41.33],[47.5,41.26],[47.51,41.33]]]},"properties":{"id":"territory:Caucasian Albania:451","name":"Caucasian Albania","name_en":"Caucasian Albania","actor":"기타중립","valid_from":451,"valid_to":490,"wikidata":"Q177076","area":74782,"src":"cliopatria","confidence":"medium"}},{"type":"Feature","geometry":{"type":"Point","coordinates":[47.327,40.79]},"properties":{"id":"territory:Caucasian Albania:387:label","name":"Caucasian Albania","name_en":"Caucasian Albania","actor":"기타중립","valid_from":387,"valid_to":439,"wikidata":"Q177076","area":74782,"src":"cliopatria","confidence":"medium"}},{"type":"Feature","geometry":{"type":"Point","coordinates":[47.327,40.79]},"properties":{"id":"territory:Caucasian Albania:451:label","name":"Caucasian Albania","name_en":"Caucasian Albania","actor":"기타중립","valid_from":451,"valid_to":490,"wikidata":"Q177076","area":74782,"src":"cliopatria","confidence":"medium"}},{"type":"Feature","geometry":{"type":"MultiPolygon","coordinates":[[[[-1.77,43.34],[-1.85,43.34],[-1.85,43.41],[-1.77,43.41],[-1.77,43.34]]],[[[-1.42,43.02],[-1.52,43.21],[-1.44,43.28],[-1.77,43.34],[-1.46,43.54],[-1.4,43.86],[-1.32,43.86],[-1.35,44.25],[-1.27,44.25],[-1.29,44.52],[-1.21,44.52],[-1.25,45.17],[-1.17,45.17],[-1.19,45.43],[-1.03,45.5],[-1.05,45.69],[-1.21,45.76],[-1.14,45.89],[-1.22,45.89],[-1.25,46.22],[-1.25,46.28],[-1.09,46.28],[-0.39,45.69],[-0.23,45.69],[0.37,45.17],[0.54,45.17],[1.39,44.45],[1.55,44.45],[2.15,43.86],[2.18,43.08],[2.1,43.08],[2.12,42.76],[1.97,42.56],[1.41,42.63],[1.07,42.82],[0.04,42.69],[-0.94,43.02],[-1.02,43.02],[-1.42,43.02]]]]},"properties":{"id":"territory:Visigothic Kingdom:455","name":"서고트 왕국","name_en":"Visigothic Kingdom","actor":"게르만","valid_from":455,"valid_to":458,"wikidata":"Q126936","area":73560,"src":"cliopatria","confidence":"medium"}},{"type":"Feature","geometry":{"type":"Point","coordinates":[0.179,44.031]},"properties":{"id":"territory:Visigothic Kingdom:455:label","name":"서고트 왕국","name_en":"Visigothic Kingdom","actor":"게르만","valid_from":455,"valid_to":458,"wikidata":"Q126936","area":73560,"src":"cliopatria","confidence":"medium"}},{"type":"Feature","geometry":{"type":"MultiPolygon","coordinates":[[[[-1.77,43.34],[-1.85,43.34],[-1.85,43.41],[-1.77,43.41],[-1.77,43.34]]],[[[2.04,42.69],[1.97,42.56],[1.73,42.56],[1.07,42.82],[0.04,42.69],[-0.94,43.02],[-1.02,43.02],[-1.42,43.02],[-1.52,43.21],[-1.44,43.28],[-1.77,43.34],[-1.46,43.54],[-1.4,43.86],[-1.32,43.86],[-1.35,44.25],[-1.27,44.25],[-1.29,44.52],[-1.21,44.52],[-1.25,45.17],[-1.17,45.17],[-1.19,45.43],[-1.03,45.5],[-1.05,45.69],[-1.21,45.76],[-1.14,45.89],[-1.22,45.89],[-1.25,46.22],[-1.25,46.28],[-1.09,46.28],[-0.39,45.69],[-0.23,45.69],[0.37,45.17],[0.54,45.17],[1.39,44.45],[1.55,44.45],[1.97,44.12],[2.15,43.86],[2.12,42.76],[2.04,42.76],[2.04,42.69]]]]},"properties":{"id":"territory:Visigothic Kingdom:459","name":"서고트 왕국","name_en":"Visigothic Kingdom","actor":"게르만","valid_from":459,"valid_to":462,"wikidata":"Q126936","area":73467,"src":"cliopatria","confidence":"medium"}},{"type":"Feature","geometry":{"type":"Point","coordinates":[0.178,44.034]},"properties":{"id":"territory:Visigothic Kingdom:459:label","name":"서고트 왕국","name_en":"Visigothic Kingdom","actor":"게르만","valid_from":459,"valid_to":462,"wikidata":"Q126936","area":73467,"src":"cliopatria","confidence":"medium"}},{"type":"Feature","geometry":{"type":"MultiPolygon","coordinates":[[[[10.71,55.02],[9.93,55.09],[9.75,55.36],[9.49,55.16],[9.49,55.02],[9.23,55.09],[9.05,55.02],[9.06,54.89],[8.53,54.89],[8.53,55.09],[8.44,55.09],[8.53,55.36],[9.14,55.36],[9.22,55.91],[9.13,55.98],[9.92,56.32],[10.37,56.25],[10.28,56.25],[10.28,55.98],[9.93,55.84],[9.93,55.7],[9.75,55.7],[9.75,55.57],[10.63,55.63],[10.63,55.5],[10.8,55.43],[10.8,55.36],[10.71,55.02]]],[[[18.23,57.83],[18.6,57.97],[19.05,57.97],[19.03,57.83],[18.84,57.7],[18.91,57.42],[18.45,57.21],[18.34,56.94],[18.08,56.94],[18.03,57.49],[18.03,57.56],[18.23,57.83]]],[[[7.84,59.09],[7.84,59.16],[7.93,59.16],[7.93,59.09],[7.84,59.09]]],[[[16.93,59.92],[16.94,60.07],[17.31,60.07],[17.3,59.92],[17.48,59.92],[17.47,59.78],[17.74,59.71],[17.63,59.5],[17.45,59.5],[17.34,59.22],[16.89,59.22],[16.9,59.36],[16.72,59.36],[16.72,59.5],[16.45,59.5],[16.55,59.57],[16.55,59.64],[16.56,59.78],[16.93,59.92]]],[[[11.92,59.78],[11.74,59.64],[11.73,59.43],[11.82,59.43],[11.82,59.22],[11.64,59.02],[11.73,58.95],[11.72,58.46],[11.54,58.32],[11.18,58.39],[11.1,59.16],[10.83,59.16],[10.56,59.36],[10.56,59.64],[10.47,59.64],[10.47,59.5],[10.37,59.5],[10.46,59.29],[10.01,58.95],[9.65,59.02],[9.56,58.88],[9.38,58.88],[9.38,58.74],[9.11,58.74],[9.11,58.6],[8.93,58.6],[8.67,58.32],[8.04,58.18],[7.86,58.04],[7.06,58.04],[7.4,58.67],[7.85,58.81],[7.93,59.09],[8.02,59.09],[7.93,59.22],[8.2,59.22],[8.2,59.36],[8.38,59.43],[8.47,59.71],[8.56,59.71],[8.55,60.0],[8.73,60.14],[8.64,60.42],[8.82,60.49],[8.91,60.84],[9.09,60.98],[9.09,61.19],[9.27,61.34],[9.74,61.41],[10.66,61.05],[10.84,61.12],[10.93,60.98],[11.3,60.91],[11.66,60.63],[11.66,60.35],[11.66,60.28],[11.84,60.21],[11.92,59.78]]]]},"properties":{"id":"territory:Norse:402","name":"Norse","name_en":"Norse","actor":"기타중립","valid_from":402,"valid_to":490,"wikidata":"Q909583","area":71171,"src":"cliopatria","confidence":"medium"}},{"type":"Feature","geometry":{"type":"MultiPolygon","coordinates":[[[[10.71,55.02],[9.93,55.09],[9.75,55.36],[9.49,55.16],[9.49,55.02],[9.23,55.09],[9.05,55.02],[9.06,54.89],[8.53,54.89],[8.53,55.09],[8.44,55.09],[8.53,55.36],[9.14,55.36],[9.22,55.91],[9.13,55.98],[9.92,56.32],[10.37,56.25],[10.28,56.25],[10.28,55.98],[9.93,55.84],[9.93,55.7],[9.75,55.7],[9.75,55.57],[10.63,55.63],[10.63,55.5],[10.8,55.43],[10.8,55.36],[10.71,55.02]]],[[[18.23,57.83],[18.6,57.97],[19.05,57.97],[19.03,57.83],[18.84,57.7],[18.91,57.42],[18.45,57.21],[18.34,56.94],[18.08,56.94],[18.03,57.49],[18.03,57.56],[18.23,57.83]]],[[[7.84,59.09],[7.84,59.16],[7.93,59.16],[7.93,59.09],[7.84,59.09]]],[[[16.93,59.92],[16.94,60.07],[17.31,60.07],[17.3,59.92],[17.48,59.92],[17.47,59.78],[17.74,59.71],[17.63,59.5],[17.45,59.5],[17.34,59.22],[16.89,59.22],[16.9,59.36],[16.72,59.36],[16.72,59.5],[16.45,59.5],[16.55,59.57],[16.55,59.64],[16.56,59.78],[16.93,59.92]]],[[[11.92,59.78],[11.74,59.64],[11.73,59.43],[11.82,59.43],[11.82,59.22],[11.64,59.02],[11.73,58.95],[11.72,58.46],[11.54,58.32],[11.18,58.39],[11.1,59.16],[10.83,59.16],[10.56,59.36],[10.56,59.64],[10.47,59.64],[10.47,59.5],[10.37,59.5],[10.46,59.29],[10.01,58.95],[9.65,59.02],[9.56,58.88],[9.38,58.88],[9.38,58.74],[9.11,58.74],[9.11,58.6],[8.93,58.6],[8.67,58.32],[8.04,58.18],[7.86,58.04],[7.06,58.04],[7.4,58.67],[7.85,58.81],[7.93,59.09],[8.02,59.09],[7.93,59.22],[8.2,59.22],[8.2,59.36],[8.38,59.43],[8.47,59.71],[8.56,59.71],[8.55,60.0],[8.73,60.14],[8.64,60.42],[8.82,60.49],[8.91,60.84],[9.09,60.98],[9.09,61.19],[9.27,61.34],[9.74,61.41],[10.66,61.05],[10.84,61.12],[10.93,60.98],[11.3,60.91],[11.66,60.63],[11.66,60.35],[11.66,60.28],[11.84,60.21],[11.92,59.78]]]]},"properties":{"id":"territory:Norse:490","name":"Norse","name_en":"Norse","actor":"기타중립","valid_from":490,"valid_to":500,"wikidata":"Q909583","area":71171,"src":"cliopatria","confidence":"medium"}},{"type":"Feature","geometry":{"type":"Point","coordinates":[9.828,59.734]},"properties":{"id":"territory:Norse:402:label","name":"Norse","name_en":"Norse","actor":"기타중립","valid_from":402,"valid_to":490,"wikidata":"Q909583","area":71171,"src":"cliopatria","confidence":"medium"}},{"type":"Feature","geometry":{"type":"Point","coordinates":[9.828,59.734]},"properties":{"id":"territory:Norse:490:label","name":"Norse","name_en":"Norse","actor":"기타중립","valid_from":490,"valid_to":500,"wikidata":"Q909583","area":71171,"src":"cliopatria","confidence":"medium"}},{"type":"Feature","geometry":{"type":"Polygon","coordinates":[[[-2.45,36.87],[-2.68,36.74],[-4.47,36.74],[-4.69,36.55],[-5.23,36.48],[-5.29,36.22],[-5.66,36.03],[-5.83,36.22],[-6.06,36.22],[-6.43,37.0],[-6.59,37.0],[-6.84,37.25],[-7.31,37.25],[-7.39,37.25],[-7.5,37.71],[-7.28,37.84],[-7.14,38.09],[-6.84,38.22],[-6.14,38.22],[-5.53,38.48],[-5.06,38.42],[-4.91,38.55],[-4.67,38.55],[-4.35,38.35],[-4.03,38.35],[-3.93,38.03],[-3.44,37.71],[-2.97,37.64],[-2.72,37.38],[-2.7,37.13],[-2.38,36.87],[-2.45,36.87]]]},"properties":{"id":"territory:Vandals:417","name":"반달족","name_en":"Vandals","actor":"게르만","valid_from":417,"valid_to":426,"wikidata":"Q42211","area":68459,"src":"cliopatria","confidence":"medium"}},{"type":"Feature","geometry":{"type":"Polygon","coordinates":[[[-2.45,36.87],[-2.68,36.74],[-4.47,36.74],[-4.69,36.55],[-5.23,36.48],[-5.29,36.22],[-5.66,36.03],[-5.83,36.22],[-6.06,36.22],[-6.43,37.0],[-6.59,37.0],[-6.84,37.25],[-7.31,37.25],[-7.39,37.25],[-7.5,37.71],[-7.28,37.84],[-7.14,38.09],[-6.84,38.22],[-6.14,38.22],[-5.53,38.48],[-5.06,38.42],[-4.91,38.55],[-4.67,38.55],[-4.35,38.35],[-4.03,38.35],[-3.93,38.03],[-3.44,37.71],[-2.97,37.64],[-2.72,37.38],[-2.7,37.13],[-2.38,36.87],[-2.45,36.87]]]},"properties":{"id":"territory:Vandals:426","name":"반달족","name_en":"Vandals","actor":"게르만","valid_from":426,"valid_to":439,"wikidata":"Q42211","area":68459,"src":"cliopatria","confidence":"medium"}},{"type":"Feature","geometry":{"type":"Point","coordinates":[-5.096,37.414]},"properties":{"id":"territory:Vandals:417:label","name":"반달족","name_en":"Vandals","actor":"게르만","valid_from":417,"valid_to":426,"wikidata":"Q42211","area":68459,"src":"cliopatria","confidence":"medium"}},{"type":"Feature","geometry":{"type":"Point","coordinates":[-5.096,37.414]},"properties":{"id":"territory:Vandals:426:label","name":"반달족","name_en":"Vandals","actor":"게르만","valid_from":426,"valid_to":439,"wikidata":"Q42211","area":68459,"src":"cliopatria","confidence":"medium"}},{"type":"Feature","geometry":{"type":"Polygon","coordinates":[[[0.69,51.51],[0.61,51.51],[0.52,51.51],[0.53,51.45],[-0.07,51.51],[0.05,51.11],[-1.15,51.25],[-1.47,51.05],[-1.37,50.85],[-1.36,50.78],[-1.45,50.78],[-1.44,50.71],[-1.52,50.71],[-1.61,50.71],[-1.69,50.71],[-1.78,50.71],[-1.8,50.98],[-2.17,51.31],[-2.22,51.85],[-1.64,52.05],[-1.5,52.38],[-1.88,52.79],[-1.92,53.19],[-2.01,53.19],[-2.04,53.53],[-2.13,53.53],[-2.19,54.14],[-1.95,54.34],[-1.36,54.55],[-1.29,54.68],[-1.2,54.68],[-0.67,54.61],[-0.2,54.21],[-0.18,53.94],[0.0,53.8],[0.02,53.6],[0.3,53.39],[0.32,53.12],[0.23,53.12],[0.24,53.06],[0.07,52.99],[0.17,52.86],[0.34,52.86],[0.49,53.06],[1.09,53.06],[1.53,52.92],[1.72,52.72],[1.74,52.38],[1.65,52.38],[1.59,52.12],[1.43,51.98],[1.17,51.98],[1.18,51.78],[0.84,51.78],[0.85,51.71],[0.85,51.65],[0.86,51.58],[0.86,51.51],[0.78,51.51],[0.69,51.51]]]},"properties":{"id":"territory:Anglo-Saxon England:490","name":"Anglo-Saxon England","name_en":"Anglo-Saxon England","actor":"게르만","valid_from":490,"valid_to":523,"wikidata":"Q784963","area":67194,"src":"cliopatria","confidence":"medium"}},{"type":"Feature","geometry":{"type":"Point","coordinates":[-0.585,52.68]},"properties":{"id":"territory:Anglo-Saxon England:490:label","name":"Anglo-Saxon England","name_en":"Anglo-Saxon England","actor":"게르만","valid_from":490,"valid_to":523,"wikidata":"Q784963","area":67194,"src":"cliopatria","confidence":"medium"}},{"type":"Feature","geometry":{"type":"Polygon","coordinates":[[[34.26,19.64],[33.0,19.7],[32.48,19.51],[32.03,19.51],[31.52,19.64],[31.38,19.83],[30.87,20.02],[30.86,19.96],[31.1,18.35],[31.1,18.29],[31.54,18.16],[33.24,18.29],[34.12,18.03],[34.48,18.03],[34.63,17.9],[35.29,17.96],[35.3,18.03],[35.16,18.22],[34.94,18.29],[34.88,18.61],[34.6,18.93],[34.33,19.64],[34.26,19.64]]]},"properties":{"id":"territory:Makuria:347","name":"Makuria","name_en":"Makuria","actor":"기타중립","valid_from":347,"valid_to":569,"wikidata":"Q829356","area":65102,"src":"cliopatria","confidence":"medium"}},{"type":"Feature","geometry":{"type":"Point","coordinates":[32.914,18.88]},"properties":{"id":"territory:Makuria:347:label","name":"Makuria","name_en":"Makuria","actor":"기타중립","valid_from":347,"valid_to":569,"wikidata":"Q829356","area":65102,"src":"cliopatria","confidence":"medium"}},{"type":"Feature","geometry":{"type":"Polygon","coordinates":[[[-6.71,41.2],[-6.4,41.33],[-6.26,41.52],[-6.13,41.85],[-5.9,41.98],[-5.85,42.24],[-5.77,42.24],[-5.73,42.76],[-5.81,42.76],[-6.75,42.5],[-7.15,42.5],[-7.22,42.37],[-7.53,42.3],[-8.48,42.17],[-8.8,42.24],[-8.88,42.24],[-8.96,42.17],[-8.73,40.74],[-8.87,40.61],[-8.85,40.36],[-8.93,40.36],[-8.9,40.1],[-8.98,40.1],[-8.97,40.03],[-7.93,39.84],[-7.78,39.97],[-7.39,40.03],[-7.33,40.16],[-7.01,40.16],[-6.8,40.42],[-6.85,41.07],[-6.7,41.13],[-6.71,41.2]]]},"properties":{"id":"territory:Kingdom of the Suebi:414","name":"Kingdom of the Suebi","name_en":"Kingdom of the Suebi","actor":"게르만","valid_from":414,"valid_to":417,"wikidata":"Q1048918","area":53504,"src":"cliopatria","confidence":"medium"}},{"type":"Feature","geometry":{"type":"Point","coordinates":[-7.557,41.328]},"properties":{"id":"territory:Kingdom of the Suebi:414:label","name":"Kingdom of the Suebi","name_en":"Kingdom of the Suebi","actor":"게르만","valid_from":414,"valid_to":417,"wikidata":"Q1048918","area":53504,"src":"cliopatria","confidence":"medium"}},{"type":"Feature","geometry":{"type":"MultiPolygon","coordinates":[[[[23.31,38.48],[23.7,38.48],[24.08,38.29],[23.98,37.84],[23.44,38.03],[23.21,38.03],[23.2,37.9],[23.04,37.9],[23.11,37.64],[23.34,37.64],[23.4,37.32],[23.17,37.32],[23.18,37.45],[22.95,37.58],[22.71,37.58],[22.7,37.32],[22.85,37.25],[23.06,36.67],[22.83,36.87],[22.6,36.87],[22.51,36.67],[22.36,36.67],[22.22,37.06],[21.91,37.06],[21.9,36.87],[21.74,36.87],[21.68,37.19],[21.6,37.19],[21.7,37.51],[21.39,37.71],[21.47,37.77],[21.55,37.77],[21.88,38.09],[22.66,37.96],[22.74,37.96],[22.97,37.96],[23.06,38.16],[22.99,38.29],[22.6,38.42],[21.19,38.42],[20.97,38.74],[20.74,38.8],[20.91,39.06],[20.3,39.38],[20.15,39.71],[19.92,39.71],[20.01,39.97],[19.63,40.29],[19.47,40.29],[19.49,40.61],[19.25,40.61],[19.25,40.74],[19.33,40.74],[19.73,40.81],[20.19,40.42],[20.43,40.42],[20.49,40.16],[20.81,40.1],[21.09,39.51],[21.47,39.26],[21.53,38.93],[22.94,38.87],[22.94,38.8],[23.31,38.48]]],[[[20.15,39.64],[20.15,39.58],[20.07,39.58],[20.07,39.64],[20.15,39.64]]]]},"properties":{"id":"territory:Visigoths:397","name":"서고트족","name_en":"Visigoths","actor":"게르만","valid_from":397,"valid_to":402,"wikidata":"Q23693","area":44637,"src":"cliopatria","confidence":"medium"}},{"type":"Feature","geometry":{"type":"Point","coordinates":[21.783,38.59]},"properties":{"id":"territory:Visigoths:397:label","name":"서고트족","name_en":"Visigoths","actor":"게르만","valid_from":397,"valid_to":402,"wikidata":"Q23693","area":44637,"src":"cliopatria","confidence":"medium"}},{"type":"Feature","geometry":{"type":"Polygon","coordinates":[[[9.18,50.71],[9.35,50.85],[9.43,51.25],[8.84,51.05],[8.34,50.71],[7.65,51.18],[7.65,51.31],[7.39,51.45],[7.3,51.71],[6.7,51.98],[6.61,51.98],[6.61,52.05],[6.7,52.05],[6.95,52.25],[7.02,52.92],[6.93,52.92],[6.67,53.19],[6.49,53.19],[6.41,53.06],[6.24,53.06],[6.25,52.92],[6.33,52.92],[6.25,52.79],[6.08,52.86],[5.99,52.72],[5.65,52.65],[5.56,52.92],[5.39,52.99],[5.39,52.86],[4.89,52.65],[4.81,52.38],[4.56,52.32],[4.65,52.12],[4.41,51.78],[4.41,51.71],[5.94,51.78],[6.2,51.51],[6.71,51.51],[7.15,50.98],[7.15,50.78],[6.99,50.58],[6.82,50.58],[6.74,50.45],[6.4,50.45],[6.08,50.18],[6.17,49.91],[6.43,49.71],[7.09,49.91],[8.27,49.85],[8.43,50.31],[8.76,50.51],[9.27,50.25],[9.18,50.71]]]},"properties":{"id":"territory:Ripuarian Franks:469","name":"리푸아리아 프랑크","name_en":"Ripuarian Franks","actor":"게르만","valid_from":469,"valid_to":500,"wikidata":"Q316860","area":44275,"src":"cliopatria","confidence":"medium"}},{"type":"Feature","geometry":{"type":"Point","coordinates":[6.82,51.37]},"properties":{"id":"territory:Ripuarian Franks:469:label","name":"리푸아리아 프랑크","name_en":"Ripuarian Franks","actor":"게르만","valid_from":469,"valid_to":500,"wikidata":"Q316860","area":44275,"src":"cliopatria","confidence":"medium"}},{"type":"Feature","geometry":{"type":"MultiPolygon","coordinates":[[[[0.68,51.65],[0.78,51.51],[0.53,51.45],[1.21,51.45],[1.38,51.38],[1.39,51.18],[1.31,51.18],[0.29,51.25],[0.19,51.38],[-0.65,51.31],[-0.92,51.51],[-1.42,51.45],[-1.61,51.65],[-2.2,51.65],[-2.22,51.85],[-1.98,51.98],[-1.47,51.98],[-1.36,51.78],[-0.95,51.85],[-0.85,51.71],[-0.18,51.78],[0.35,51.58],[0.6,51.65],[0.68,51.65]]],[[[0.34,52.86],[0.49,53.06],[1.09,53.06],[1.53,52.92],[1.72,52.72],[1.74,52.38],[1.65,52.38],[1.59,52.12],[1.43,51.98],[1.17,51.98],[1.18,51.78],[0.84,51.78],[0.85,51.71],[-0.03,52.05],[-1.14,52.12],[-1.42,52.38],[-1.46,52.86],[-1.3,52.99],[-1.31,53.12],[-0.9,53.33],[-0.96,53.94],[-1.31,54.0],[-1.32,54.14],[-0.99,54.34],[-0.38,54.27],[-0.29,54.27],[-0.18,53.94],[0.0,53.8],[0.02,53.6],[0.3,53.39],[0.32,53.12],[0.07,52.99],[0.25,52.86],[0.34,52.86]]]]},"properties":{"id":"territory:Anglo-Saxon England:441","name":"Anglo-Saxon England","name_en":"Anglo-Saxon England","actor":"게르만","valid_from":441,"valid_to":462,"wikidata":"Q784963","area":43213,"src":"cliopatria","confidence":"medium"}},{"type":"Feature","geometry":{"type":"MultiPolygon","coordinates":[[[[0.68,51.65],[0.78,51.51],[0.53,51.45],[1.21,51.45],[1.38,51.38],[1.39,51.18],[1.31,51.18],[0.29,51.25],[0.19,51.38],[-0.65,51.31],[-0.92,51.51],[-1.42,51.45],[-1.61,51.65],[-2.2,51.65],[-2.22,51.85],[-1.98,51.98],[-1.47,51.98],[-1.36,51.78],[-0.95,51.85],[-0.85,51.71],[-0.18,51.78],[0.35,51.58],[0.6,51.65],[0.68,51.65]]],[[[0.34,52.86],[0.49,53.06],[1.09,53.06],[1.53,52.92],[1.72,52.72],[1.74,52.38],[1.65,52.38],[1.59,52.12],[1.43,51.98],[1.17,51.98],[1.18,51.78],[0.84,51.78],[0.85,51.71],[-0.03,52.05],[-1.14,52.12],[-1.42,52.38],[-1.46,52.86],[-1.3,52.99],[-1.31,53.12],[-0.9,53.33],[-0.96,53.94],[-1.31,54.0],[-1.32,54.14],[-0.99,54.34],[-0.38,54.27],[-0.29,54.27],[-0.18,53.94],[0.0,53.8],[0.02,53.6],[0.3,53.39],[0.32,53.12],[0.07,52.99],[0.25,52.86],[0.34,52.86]]]]},"properties":{"id":"territory:Anglo-Saxon England:469","name":"Anglo-Saxon England","name_en":"Anglo-Saxon England","actor":"게르만","valid_from":469,"valid_to":480,"wikidata":"Q784963","area":43213,"src":"cliopatria","confidence":"medium"}},{"type":"Feature","geometry":{"type":"Point","coordinates":[-0.022,52.84]},"properties":{"id":"territory:Anglo-Saxon England:441:label","name":"Anglo-Saxon England","name_en":"Anglo-Saxon England","actor":"게르만","valid_from":441,"valid_to":462,"wikidata":"Q784963","area":43213,"src":"cliopatria","confidence":"medium"}},{"type":"Feature","geometry":{"type":"Point","coordinates":[-0.022,52.84]},"properties":{"id":"territory:Anglo-Saxon England:469:label","name":"Anglo-Saxon England","name_en":"Anglo-Saxon England","actor":"게르만","valid_from":469,"valid_to":480,"wikidata":"Q784963","area":43213,"src":"cliopatria","confidence":"medium"}},{"type":"Feature","geometry":{"type":"MultiPolygon","coordinates":[[[[0.68,51.65],[0.78,51.51],[0.53,51.45],[1.21,51.45],[1.38,51.38],[1.39,51.18],[1.31,51.18],[0.29,51.25],[0.19,51.38],[-0.65,51.31],[-0.92,51.51],[-1.42,51.45],[-1.61,51.65],[-2.12,51.65],[-2.14,51.92],[-1.47,51.98],[-1.36,51.78],[-0.95,51.85],[-0.85,51.71],[-0.18,51.78],[0.35,51.58],[0.6,51.65],[0.68,51.65]]],[[[0.34,52.86],[0.49,53.06],[1.09,53.06],[1.53,52.92],[1.72,52.72],[1.74,52.38],[1.65,52.38],[1.59,52.12],[1.43,51.98],[1.17,51.98],[1.18,51.78],[0.84,51.78],[0.85,51.71],[-0.03,52.05],[-1.14,52.12],[-1.42,52.38],[-1.46,52.86],[-1.3,52.99],[-1.31,53.12],[-0.9,53.33],[-0.96,53.94],[-1.31,54.0],[-1.32,54.14],[-0.99,54.34],[-0.38,54.27],[-0.29,54.27],[-0.18,53.94],[0.0,53.8],[0.02,53.6],[0.3,53.39],[0.32,53.12],[0.07,52.99],[0.25,52.86],[0.34,52.86]]]]},"properties":{"id":"territory:Anglo-Saxon England:462","name":"Anglo-Saxon England","name_en":"Anglo-Saxon England","actor":"게르만","valid_from":462,"valid_to":469,"wikidata":"Q784963","area":42951,"src":"cliopatria","confidence":"medium"}},{"type":"Feature","geometry":{"type":"Point","coordinates":[-0.022,52.84]},"properties":{"id":"territory:Anglo-Saxon England:462:label","name":"Anglo-Saxon England","name_en":"Anglo-Saxon England","actor":"게르만","valid_from":462,"valid_to":469,"wikidata":"Q784963","area":42951,"src":"cliopatria","confidence":"medium"}},{"type":"Feature","geometry":{"type":"Polygon","coordinates":[[[1.45,50.25],[1.97,50.11],[3.14,50.11],[4.15,49.98],[4.32,50.11],[4.31,50.25],[4.64,50.38],[4.64,50.51],[4.97,50.58],[5.05,50.71],[5.89,50.71],[6.06,50.85],[5.97,50.85],[5.96,51.18],[6.2,51.51],[5.94,51.78],[4.41,51.71],[4.33,51.71],[4.16,51.71],[4.26,51.38],[4.09,51.31],[3.42,51.31],[3.41,51.45],[3.16,51.45],[2.58,51.18],[1.66,51.05],[1.42,50.71],[1.45,50.31],[1.45,50.25]]]},"properties":{"id":"territory:Salian Franks:451","name":"살리 프랑크","name_en":"Salian Franks","actor":"게르만","valid_from":451,"valid_to":452,"wikidata":"Q939852","area":41187,"src":"cliopatria","confidence":"medium"}},{"type":"Feature","geometry":{"type":"Point","coordinates":[3.805,50.865]},"properties":{"id":"territory:Salian Franks:451:label","name":"살리 프랑크","name_en":"Salian Franks","actor":"게르만","valid_from":451,"valid_to":452,"wikidata":"Q939852","area":41187,"src":"cliopatria","confidence":"medium"}},{"type":"Feature","geometry":{"type":"Polygon","coordinates":[[[5.89,50.71],[5.97,50.78],[5.96,51.18],[6.2,51.51],[5.94,51.78],[4.41,51.71],[4.33,51.71],[4.16,51.71],[4.26,51.38],[4.09,51.31],[3.42,51.31],[3.41,51.45],[3.16,51.45],[2.58,51.18],[1.66,51.05],[1.42,50.71],[1.45,50.31],[1.45,50.25],[1.97,50.11],[3.14,50.11],[4.15,49.98],[4.32,50.11],[4.31,50.25],[4.64,50.38],[4.64,50.51],[4.97,50.58],[5.05,50.71],[5.81,50.71],[5.89,50.71]]]},"properties":{"id":"territory:Salian Franks:439","name":"살리 프랑크","name_en":"Salian Franks","actor":"게르만","valid_from":439,"valid_to":451,"wikidata":"Q939852","area":41165,"src":"cliopatria","confidence":"medium"}},{"type":"Feature","geometry":{"type":"Polygon","coordinates":[[[5.89,50.71],[5.97,50.78],[5.96,51.18],[6.2,51.51],[5.94,51.78],[4.41,51.71],[4.33,51.71],[4.16,51.71],[4.26,51.38],[4.09,51.31],[3.42,51.31],[3.41,51.45],[3.16,51.45],[2.58,51.18],[1.66,51.05],[1.42,50.71],[1.45,50.31],[1.45,50.25],[1.97,50.11],[3.14,50.11],[4.15,49.98],[4.32,50.11],[4.31,50.25],[4.64,50.38],[4.64,50.51],[4.97,50.58],[5.05,50.71],[5.81,50.71],[5.89,50.71]]]},"properties":{"id":"territory:Salian Franks:452","name":"살리 프랑크","name_en":"Salian Franks","actor":"게르만","valid_from":452,"valid_to":490,"wikidata":"Q939852","area":41165,"src":"cliopatria","confidence":"medium"}},{"type":"Feature","geometry":{"type":"Point","coordinates":[3.803,50.865]},"properties":{"id":"territory:Salian Franks:439:label","name":"살리 프랑크","name_en":"Salian Franks","actor":"게르만","valid_from":439,"valid_to":451,"wikidata":"Q939852","area":41165,"src":"cliopatria","confidence":"medium"}},{"type":"Feature","geometry":{"type":"Point","coordinates":[3.803,50.865]},"properties":{"id":"territory:Salian Franks:452:label","name":"살리 프랑크","name_en":"Salian Franks","actor":"게르만","valid_from":452,"valid_to":490,"wikidata":"Q939852","area":41165,"src":"cliopatria","confidence":"medium"}},{"type":"Feature","geometry":{"type":"MultiPolygon","coordinates":[[[[12.12,50.25],[12.04,50.25],[12.04,50.31],[12.12,50.31],[12.12,50.25]]],[[[12.3,50.65],[12.04,50.58],[12.04,50.31],[11.87,50.25],[11.87,50.11],[11.28,49.91],[11.28,49.78],[11.03,49.65],[10.86,49.32],[10.86,49.25],[10.53,49.25],[9.78,49.45],[9.69,49.58],[9.44,49.58],[9.52,49.98],[9.27,50.25],[9.18,50.71],[9.35,50.85],[9.43,51.25],[10.1,51.45],[10.27,51.65],[10.53,51.65],[10.87,51.92],[11.55,51.78],[11.55,51.71],[11.29,51.38],[11.46,51.25],[12.05,51.11],[12.13,50.85],[12.3,50.71],[12.3,50.65]]]]},"properties":{"id":"territory:Thuringian states:469","name":"Thuringian states","name_en":"Thuringian states","actor":"게르만","valid_from":469,"valid_to":476,"wikidata":"Q315010","area":40556,"src":"cliopatria","confidence":"medium"}},{"type":"Feature","geometry":{"type":"MultiPolygon","coordinates":[[[[12.12,50.25],[12.04,50.25],[12.04,50.31],[12.12,50.31],[12.12,50.25]]],[[[12.3,50.65],[12.04,50.58],[12.04,50.31],[11.87,50.25],[11.87,50.11],[11.28,49.91],[11.28,49.78],[11.03,49.65],[10.86,49.32],[10.86,49.25],[10.53,49.25],[9.78,49.45],[9.69,49.58],[9.44,49.58],[9.52,49.98],[9.27,50.25],[9.18,50.71],[9.35,50.85],[9.43,51.25],[10.1,51.45],[10.27,51.65],[10.53,51.65],[10.87,51.92],[11.55,51.78],[11.55,51.71],[11.29,51.38],[11.46,51.25],[12.05,51.11],[12.13,50.85],[12.3,50.71],[12.3,50.65]]]]},"properties":{"id":"territory:Kingdom of Thuringia:476","name":"Kingdom of Thuringia","name_en":"Kingdom of Thuringia","actor":"게르만","valid_from":476,"valid_to":523,"wikidata":"Q268562","area":40556,"src":"cliopatria","confidence":"medium"}},{"type":"Feature","geometry":{"type":"Point","coordinates":[10.62,50.568]},"properties":{"id":"territory:Thuringian states:469:label","name":"Thuringian states","name_en":"Thuringian states","actor":"게르만","valid_from":469,"valid_to":476,"wikidata":"Q315010","area":40556,"src":"cliopatria","confidence":"medium"}},{"type":"Feature","geometry":{"type":"Point","coordinates":[10.62,50.568]},"properties":{"id":"territory:Kingdom of Thuringia:476:label","name":"Kingdom of Thuringia","name_en":"Kingdom of Thuringia","actor":"게르만","valid_from":476,"valid_to":523,"wikidata":"Q268562","area":40556,"src":"cliopatria","confidence":"medium"}},{"type":"Feature","geometry":{"type":"Polygon","coordinates":[[[8.42,50.71],[8.17,50.78],[7.65,51.18],[7.65,51.31],[7.39,51.45],[7.3,51.71],[7.13,51.85],[6.7,51.98],[6.61,51.98],[6.61,52.05],[6.7,52.05],[6.95,52.25],[7.02,52.92],[6.93,52.92],[6.67,53.19],[6.49,53.19],[6.41,53.06],[6.24,53.06],[6.25,52.92],[6.33,52.92],[6.25,52.79],[6.08,52.86],[5.99,52.72],[5.65,52.65],[5.56,52.92],[5.39,52.99],[5.39,52.86],[4.89,52.65],[4.81,52.38],[4.56,52.32],[4.65,52.12],[4.41,51.78],[4.41,51.71],[5.94,51.78],[6.2,51.51],[6.71,51.51],[7.15,50.98],[7.15,50.78],[6.99,50.58],[6.82,50.58],[6.74,50.45],[6.4,50.45],[6.08,50.18],[6.17,49.91],[6.43,49.71],[7.09,49.91],[8.27,49.85],[8.43,50.31],[8.76,50.51],[8.68,50.51],[8.59,50.51],[8.59,50.58],[8.51,50.58],[8.42,50.58],[8.42,50.65],[8.42,50.71]]]},"properties":{"id":"territory:Ripuarian Franks:462","name":"리푸아리아 프랑크","name_en":"Ripuarian Franks","actor":"게르만","valid_from":462,"valid_to":469,"wikidata":"Q316860","area":40329,"src":"cliopatria","confidence":"medium"}},{"type":"Feature","geometry":{"type":"Point","coordinates":[6.61,51.431]},"properties":{"id":"territory:Ripuarian Franks:462:label","name":"리푸아리아 프랑크","name_en":"Ripuarian Franks","actor":"게르만","valid_from":462,"valid_to":469,"wikidata":"Q316860","area":40329,"src":"cliopatria","confidence":"medium"}},{"type":"Feature","geometry":{"type":"MultiPolygon","coordinates":[[[[20.15,39.64],[20.15,39.58],[20.07,39.58],[20.07,39.64],[20.15,39.64]]],[[[21.47,39.26],[21.15,39.06],[21.07,39.06],[20.83,39.06],[20.61,39.26],[20.45,39.26],[20.15,39.71],[19.92,39.71],[19.91,39.58],[19.76,39.64],[19.76,39.77],[20.0,39.77],[20.01,39.97],[19.63,40.29],[19.47,40.29],[19.49,40.61],[19.25,40.61],[19.25,40.74],[19.33,40.74],[19.73,40.81],[20.19,40.42],[20.43,40.42],[20.49,40.16],[20.81,40.1],[20.94,39.71],[21.17,39.51],[21.17,39.45],[21.47,39.26]]],[[[12.4,45.04],[12.4,44.78],[12.16,44.84],[12.16,44.78],[11.1,44.78],[9.32,45.1],[8.18,44.97],[7.94,45.04],[7.93,45.43],[8.58,45.63],[9.96,45.63],[10.86,45.5],[12.16,45.63],[12.24,45.5],[12.16,45.5],[12.16,45.17],[12.4,45.04]]]]},"properties":{"id":"territory:Visigoths:402","name":"서고트족","name_en":"Visigoths","actor":"게르만","valid_from":402,"valid_to":407,"wikidata":"Q23693","area":37797,"src":"cliopatria","confidence":"medium"}},{"type":"Feature","geometry":{"type":"Point","coordinates":[10.283,45.241]},"properties":{"id":"territory:Visigoths:402:label","name":"서고트족","name_en":"Visigoths","actor":"게르만","valid_from":402,"valid_to":407,"wikidata":"Q23693","area":37797,"src":"cliopatria","confidence":"medium"}},{"type":"Feature","geometry":{"type":"Polygon","coordinates":[[[44.82,42.69],[44.69,42.82],[43.78,42.69],[43.74,42.89],[43.2,43.02],[42.92,43.21],[42.5,43.15],[42.49,43.08],[42.57,43.08],[42.61,42.82],[42.75,42.76],[42.72,42.56],[42.93,42.43],[42.62,41.59],[42.86,41.59],[43.34,41.13],[43.98,41.13],[44.24,41.26],[44.35,41.46],[44.77,41.59],[45.07,41.91],[45.31,41.91],[45.54,42.24],[45.7,42.24],[45.71,42.3],[45.68,42.56],[45.44,42.56],[45.16,42.76],[44.84,42.76],[44.82,42.69]]]},"properties":{"id":"territory:Caucasian Iberia:402","name":"Caucasian Iberia","name_en":"Caucasian Iberia","actor":"기타중립","valid_from":402,"valid_to":510,"wikidata":"Q19083","area":35797,"src":"cliopatria","confidence":"medium"}},{"type":"Feature","geometry":{"type":"Point","coordinates":[43.932,42.147]},"properties":{"id":"territory:Caucasian Iberia:402:label","name":"Caucasian Iberia","name_en":"Caucasian Iberia","actor":"기타중립","valid_from":402,"valid_to":510,"wikidata":"Q19083","area":35797,"src":"cliopatria","confidence":"medium"}},{"type":"Feature","geometry":{"type":"Polygon","coordinates":[[[44.82,42.69],[44.69,42.82],[43.78,42.69],[43.74,42.89],[43.2,43.02],[42.92,43.21],[42.5,43.15],[42.49,43.08],[42.57,43.08],[42.61,42.82],[42.75,42.76],[42.72,42.56],[42.93,42.43],[42.62,41.59],[42.86,41.59],[43.34,41.13],[43.99,41.2],[44.07,41.2],[44.15,41.2],[44.16,41.26],[44.24,41.26],[44.35,41.46],[44.77,41.59],[45.07,41.91],[45.31,41.91],[45.54,42.24],[45.7,42.24],[45.71,42.3],[45.68,42.56],[45.44,42.56],[45.16,42.76],[44.84,42.76],[44.82,42.69]]]},"properties":{"id":"territory:Caucasian Iberia:397","name":"Caucasian Iberia","name_en":"Caucasian Iberia","actor":"기타중립","valid_from":397,"valid_to":402,"wikidata":"Q19083","area":35557,"src":"cliopatria","confidence":"medium"}},{"type":"Feature","geometry":{"type":"Point","coordinates":[43.933,42.154]},"properties":{"id":"territory:Caucasian Iberia:397:label","name":"Caucasian Iberia","name_en":"Caucasian Iberia","actor":"기타중립","valid_from":397,"valid_to":402,"wikidata":"Q19083","area":35557,"src":"cliopatria","confidence":"medium"}},{"type":"Feature","geometry":{"type":"Polygon","coordinates":[[[-1.22,44.78],[-1.19,45.43],[-1.03,45.5],[-1.05,45.69],[-1.21,45.76],[-1.14,45.89],[-1.22,45.89],[-1.25,46.22],[-1.25,46.28],[-1.09,46.28],[-0.39,45.69],[-0.23,45.69],[0.37,45.17],[0.54,45.17],[1.39,44.45],[1.55,44.45],[1.89,44.19],[1.9,43.93],[1.6,43.54],[1.12,43.41],[0.3,43.8],[-1.06,44.78],[-1.22,44.71],[-1.22,44.78]]]},"properties":{"id":"territory:Visigoths:417","name":"서고트족","name_en":"Visigoths","actor":"게르만","valid_from":417,"valid_to":426,"wikidata":"Q23693","area":35099,"src":"cliopatria","confidence":"medium"}},{"type":"Feature","geometry":{"type":"Polygon","coordinates":[[[-1.22,44.78],[-1.19,45.43],[-1.03,45.5],[-1.05,45.69],[-1.21,45.76],[-1.14,45.89],[-1.22,45.89],[-1.25,46.22],[-1.25,46.28],[-1.09,46.28],[-0.39,45.69],[-0.23,45.69],[0.37,45.17],[0.54,45.17],[1.39,44.45],[1.55,44.45],[1.89,44.19],[1.9,43.93],[1.6,43.54],[1.12,43.41],[0.3,43.8],[-1.06,44.78],[-1.22,44.71],[-1.22,44.78]]]},"properties":{"id":"territory:Visigothic Kingdom:426","name":"서고트 왕국","name_en":"Visigothic Kingdom","actor":"게르만","valid_from":426,"valid_to":455,"wikidata":"Q126936","area":35099,"src":"cliopatria","confidence":"medium"}},{"type":"Feature","geometry":{"type":"Point","coordinates":[0.201,44.664]},"properties":{"id":"territory:Visigoths:417:label","name":"서고트족","name_en":"Visigoths","actor":"게르만","valid_from":417,"valid_to":426,"wikidata":"Q23693","area":35099,"src":"cliopatria","confidence":"medium"}},{"type":"Feature","geometry":{"type":"Point","coordinates":[0.201,44.664]},"properties":{"id":"territory:Visigothic Kingdom:426:label","name":"서고트 왕국","name_en":"Visigothic Kingdom","actor":"게르만","valid_from":426,"valid_to":455,"wikidata":"Q126936","area":35099,"src":"cliopatria","confidence":"medium"}},{"type":"Feature","geometry":{"type":"Polygon","coordinates":[[[7.13,51.78],[7.3,51.71],[7.39,51.45],[7.65,51.31],[7.74,51.11],[7.99,51.11],[7.91,50.98],[8.17,50.78],[8.33,50.78],[8.42,50.58],[8.76,50.51],[8.43,50.31],[8.27,49.85],[8.18,49.85],[7.68,49.91],[7.75,50.31],[7.24,50.71],[7.24,50.91],[7.06,50.98],[6.89,51.38],[6.71,51.51],[6.2,51.51],[5.94,51.78],[4.41,51.71],[4.41,51.78],[4.65,52.12],[4.56,52.32],[4.81,52.38],[4.89,52.65],[5.31,52.79],[5.39,52.99],[5.56,52.92],[5.65,52.65],[5.99,52.72],[6.08,52.86],[6.25,52.79],[6.33,52.92],[6.25,52.92],[6.24,53.06],[6.41,53.06],[6.49,53.19],[6.67,53.19],[6.93,52.92],[7.1,52.99],[7.11,52.79],[6.94,52.72],[6.94,52.38],[7.03,52.38],[6.95,52.12],[6.7,52.12],[6.79,51.92],[7.13,51.85],[7.13,51.78]]]},"properties":{"id":"territory:Ripuarian Franks:439","name":"리푸아리아 프랑크","name_en":"Ripuarian Franks","actor":"게르만","valid_from":439,"valid_to":451,"wikidata":"Q316860","area":32161,"src":"cliopatria","confidence":"medium"}},{"type":"Feature","geometry":{"type":"Point","coordinates":[6.533,51.751]},"properties":{"id":"territory:Ripuarian Franks:439:label","name":"리푸아리아 프랑크","name_en":"Ripuarian Franks","actor":"게르만","valid_from":439,"valid_to":451,"wikidata":"Q316860","area":32161,"src":"cliopatria","confidence":"medium"}},{"type":"Feature","geometry":{"type":"Polygon","coordinates":[[[8.76,50.45],[8.43,50.31],[8.26,49.91],[8.27,49.85],[7.76,49.85],[7.67,50.05],[7.75,50.31],[7.24,50.71],[7.24,50.91],[7.06,50.98],[6.89,51.38],[6.71,51.51],[6.2,51.51],[5.94,51.78],[4.41,51.71],[4.41,51.78],[4.65,52.12],[4.56,52.32],[4.81,52.38],[4.89,52.65],[5.31,52.79],[5.39,52.99],[5.56,52.92],[5.65,52.65],[5.99,52.72],[6.08,52.86],[6.25,52.79],[6.33,52.92],[6.25,52.92],[6.24,53.06],[6.41,53.06],[6.49,53.19],[6.67,53.19],[6.93,52.92],[7.1,52.99],[7.11,52.79],[6.94,52.72],[7.03,52.32],[6.61,51.98],[6.7,51.98],[7.3,51.71],[7.39,51.45],[7.65,51.31],[7.65,51.18],[8.17,50.78],[8.33,50.78],[8.42,50.58],[8.76,50.51],[8.76,50.45]]]},"properties":{"id":"territory:Ripuarian Franks:451","name":"리푸아리아 프랑크","name_en":"Ripuarian Franks","actor":"게르만","valid_from":451,"valid_to":452,"wikidata":"Q316860","area":32052,"src":"cliopatria","confidence":"medium"}},{"type":"Feature","geometry":{"type":"Point","coordinates":[6.531,51.749]},"properties":{"id":"territory:Ripuarian Franks:451:label","name":"리푸아리아 프랑크","name_en":"Ripuarian Franks","actor":"게르만","valid_from":451,"valid_to":452,"wikidata":"Q316860","area":32052,"src":"cliopatria","confidence":"medium"}},{"type":"Feature","geometry":{"type":"Polygon","coordinates":[[[8.76,50.51],[8.42,50.58],[8.33,50.78],[8.17,50.78],[7.65,51.18],[7.65,51.31],[7.39,51.45],[7.3,51.71],[6.7,51.98],[6.61,51.98],[7.03,52.32],[6.94,52.72],[7.11,52.79],[7.1,52.99],[6.93,52.92],[6.67,53.19],[6.49,53.19],[6.41,53.06],[6.24,53.06],[6.25,52.92],[6.33,52.92],[6.25,52.79],[6.08,52.86],[5.99,52.72],[5.65,52.65],[5.56,52.92],[5.39,52.99],[5.31,52.79],[4.89,52.65],[4.81,52.38],[4.56,52.32],[4.65,52.12],[4.41,51.78],[4.41,51.71],[5.94,51.78],[6.2,51.51],[6.71,51.51],[6.89,51.38],[7.06,50.98],[7.24,50.91],[7.24,50.71],[7.75,50.31],[7.68,49.91],[8.18,49.85],[8.27,49.85],[8.43,50.31],[8.76,50.45],[8.76,50.51]]]},"properties":{"id":"territory:Ripuarian Franks:452","name":"리푸아리아 프랑크","name_en":"Ripuarian Franks","actor":"게르만","valid_from":452,"valid_to":455,"wikidata":"Q316860","area":31985,"src":"cliopatria","confidence":"medium"}},{"type":"Feature","geometry":{"type":"Point","coordinates":[6.53,51.752]},"properties":{"id":"territory:Ripuarian Franks:452:label","name":"리푸아리아 프랑크","name_en":"Ripuarian Franks","actor":"게르만","valid_from":452,"valid_to":455,"wikidata":"Q316860","area":31985,"src":"cliopatria","confidence":"medium"}},{"type":"Feature","geometry":{"type":"MultiPolygon","coordinates":[[[[16.93,48.72],[16.92,48.59],[17.17,48.59],[17.08,48.46],[17.25,48.46],[17.33,48.32],[17.5,48.39],[17.49,48.26],[17.73,48.13],[19.22,48.13],[19.13,47.99],[19.61,47.66],[19.52,47.53],[19.68,47.47],[19.67,47.2],[19.33,47.01],[19.41,46.94],[19.31,46.74],[19.4,46.74],[19.38,46.48],[19.46,46.48],[19.36,46.02],[19.75,45.69],[19.92,45.82],[20.0,45.82],[20.06,45.37],[19.89,45.24],[19.24,45.24],[19.0,45.37],[19.0,45.5],[19.01,45.56],[18.93,45.56],[18.78,45.89],[18.86,45.89],[19.05,46.41],[18.81,46.61],[18.84,47.07],[19.17,47.2],[19.19,47.47],[19.03,47.53],[19.03,47.66],[18.87,47.8],[17.71,47.73],[17.06,47.99],[16.66,48.32],[16.08,48.19],[15.5,48.19],[15.17,48.32],[14.26,48.26],[13.76,48.46],[13.68,48.59],[13.69,48.65],[13.69,48.85],[14.02,48.79],[14.1,48.65],[14.77,48.72],[15.67,48.52],[16.34,48.65],[16.43,48.65],[16.93,48.72]]],[[[19.58,47.07],[19.58,47.14],[19.66,47.14],[19.66,47.07],[19.58,47.07]]],[[[17.33,48.39],[17.33,48.46],[17.42,48.46],[17.41,48.39],[17.33,48.39]]]]},"properties":{"id":"territory:Vandals:394","name":"반달족","name_en":"Vandals","actor":"게르만","valid_from":394,"valid_to":407,"wikidata":"Q42211","area":31926,"src":"cliopatria","confidence":"medium"}},{"type":"Feature","geometry":{"type":"Point","coordinates":[17.663,47.465]},"properties":{"id":"territory:Vandals:394:label","name":"반달족","name_en":"Vandals","actor":"게르만","valid_from":394,"valid_to":407,"wikidata":"Q42211","area":31926,"src":"cliopatria","confidence":"medium"}},{"type":"Feature","geometry":{"type":"Polygon","coordinates":[[[8.42,50.71],[8.17,50.78],[7.65,51.18],[7.65,51.31],[7.39,51.45],[7.3,51.71],[7.13,51.85],[6.7,51.98],[6.61,51.98],[6.61,52.05],[6.7,52.05],[6.95,52.25],[7.02,52.92],[6.93,52.92],[6.67,53.19],[6.49,53.19],[6.41,53.06],[6.24,53.06],[6.25,52.92],[6.33,52.92],[6.25,52.79],[6.08,52.86],[5.99,52.72],[5.65,52.65],[5.56,52.92],[5.39,52.99],[5.39,52.86],[4.89,52.65],[4.81,52.38],[4.56,52.32],[4.65,52.12],[4.41,51.78],[4.41,51.71],[5.94,51.78],[6.2,51.51],[6.71,51.51],[6.89,51.38],[7.06,50.98],[7.24,50.91],[7.24,50.71],[7.75,50.31],[7.68,49.91],[8.18,49.85],[8.27,49.85],[8.43,50.31],[8.76,50.45],[8.42,50.65],[8.42,50.71]]]},"properties":{"id":"territory:Ripuarian Franks:455","name":"리푸아리아 프랑크","name_en":"Ripuarian Franks","actor":"게르만","valid_from":455,"valid_to":462,"wikidata":"Q316860","area":31921,"src":"cliopatria","confidence":"medium"}},{"type":"Feature","geometry":{"type":"Point","coordinates":[6.528,51.747]},"properties":{"id":"territory:Ripuarian Franks:455:label","name":"리푸아리아 프랑크","name_en":"Ripuarian Franks","actor":"게르만","valid_from":455,"valid_to":462,"wikidata":"Q316860","area":31921,"src":"cliopatria","confidence":"medium"}}]}