{"type":"FeatureCollection","features":[{"type":"Feature","geometry":{"type":"MultiPolygon","coordinates":[[[[42.02,16.81],[42.17,16.81],[42.24,16.68],[42.23,16.61],[42.01,16.61],[42.02,16.81]]],[[[61.4,42.37],[61.56,42.37],[61.78,42.04],[61.94,42.04],[62.19,41.78],[62.15,41.65],[62.35,41.52],[62.32,41.39],[62.4,41.39],[62.28,41.26],[62.53,41.0],[62.3,40.74],[62.4,40.55],[62.33,40.29],[62.47,40.23],[62.5,40.03],[62.58,40.03],[62.65,39.71],[63.09,39.26],[63.25,39.26],[63.42,39.0],[63.84,38.8],[64.01,38.55],[64.37,38.42],[64.66,38.03],[65.24,37.84],[65.63,37.51],[66.52,37.32],[67.0,37.38],[67.12,37.25],[67.75,37.25],[67.92,37.0],[68.15,37.0],[68.78,37.32],[69.01,37.32],[69.12,37.13],[69.35,37.13],[69.55,37.58],[70.08,37.51],[70.27,37.64],[70.16,37.84],[70.21,38.03],[70.71,38.42],[71.18,38.42],[71.3,38.29],[71.27,37.9],[71.57,37.84],[71.48,36.93],[70.24,36.67],[69.0,36.67],[68.6,36.61],[68.49,36.48],[67.8,36.55],[67.07,36.42],[66.9,36.03],[66.72,35.9],[66.37,35.07],[65.93,34.49],[64.74,33.97],[64.36,33.59],[64.25,33.07],[64.33,33.07],[64.28,32.81],[64.36,32.81],[64.22,32.49],[64.21,32.04],[64.28,32.04],[64.25,31.46],[64.33,31.46],[64.46,30.95],[64.59,30.82],[65.63,30.69],[66.34,30.44],[67.17,30.37],[67.15,30.31],[70.2,29.99],[71.08,29.79],[71.27,29.6],[71.19,29.15],[70.95,28.7],[70.47,28.06],[70.22,27.93],[70.01,27.54],[69.85,27.48],[69.56,27.09],[69.52,26.84],[69.27,26.64],[69.24,26.45],[68.79,25.94],[68.77,25.74],[68.31,25.1],[68.15,25.04],[67.95,24.65],[67.36,24.07],[67.29,24.07],[67.33,24.39],[67.25,24.39],[67.21,24.71],[66.63,24.84],[66.68,25.23],[66.35,25.55],[66.02,25.36],[64.82,25.29],[64.8,25.16],[64.28,25.23],[64.23,25.36],[63.63,25.36],[63.54,25.23],[62.56,25.23],[62.47,25.1],[62.18,25.16],[62.02,25.04],[61.72,25.04],[61.66,25.16],[61.13,25.1],[60.92,25.23],[60.62,25.23],[60.63,25.36],[59.06,25.36],[58.78,25.55],[57.96,25.55],[57.74,25.62],[57.68,25.74],[57.38,25.74],[57.11,26.07],[57.05,26.84],[56.71,27.16],[56.19,27.16],[56.1,27.03],[56.32,27.03],[56.31,26.9],[56.06,26.71],[55.6,26.64],[55.44,26.52],[55.29,26.52],[55.31,26.71],[55.54,26.77],[55.24,26.77],[54.83,26.45],[54.46,26.52],[54.26,26.71],[53.66,26.71],[53.46,26.97],[52.74,27.22],[52.48,27.61],[52.05,27.8],[51.6,27.8],[51.32,27.99],[51.33,28.12],[51.07,28.44],[51.03,28.77],[50.81,28.83],[50.92,29.09],[50.62,29.15],[50.65,29.41],[50.24,29.73],[50.06,30.18],[49.59,29.99],[48.94,30.31],[48.99,30.05],[48.9,29.99],[48.37,29.92],[48.4,29.6],[47.87,29.54],[47.85,29.41],[48.08,29.41],[48.22,29.28],[48.19,29.09],[48.46,28.77],[48.56,28.32],[48.97,27.93],[48.87,27.67],[49.24,27.61],[49.36,27.29],[50.13,26.77],[50.12,26.58],[50.25,26.45],[50.22,26.13],[50.07,26.07],[50.21,26.0],[50.33,25.62],[50.61,25.42],[50.65,25.1],[50.73,25.1],[50.77,25.55],[50.92,25.62],[50.95,25.94],[51.12,26.13],[51.42,26.13],[51.7,25.87],[51.57,25.36],[51.72,25.29],[51.69,24.97],[51.52,24.78],[51.41,24.33],[51.85,24.26],[51.91,24.01],[52.28,24.01],[52.6,24.26],[53.11,24.14],[54.08,24.14],[54.1,24.33],[54.32,24.26],[54.56,24.46],[54.74,24.84],[55.14,25.1],[55.41,25.55],[55.97,25.87],[56.17,26.32],[56.48,26.39],[56.54,26.32],[56.39,25.55],[56.46,25.55],[56.42,25.16],[56.5,25.16],[56.4,24.97],[56.54,24.91],[56.79,24.33],[57.49,23.88],[58.81,23.62],[59.08,23.3],[59.07,23.17],[59.28,23.04],[59.27,22.91],[59.54,22.66],[59.9,22.53],[59.86,22.08],[59.44,21.44],[58.8,20.92],[58.61,20.41],[58.31,20.34],[58.25,20.54],[58.1,20.54],[57.93,20.28],[57.79,19.51],[57.87,19.51],[57.9,18.99],[57.0,18.8],[56.75,18.54],[56.64,18.09],[56.41,17.9],[55.59,17.84],[55.35,17.58],[55.31,17.13],[55.16,17.0],[54.2,17.0],[53.59,16.68],[53.22,16.68],[53.13,16.55],[52.38,16.29],[52.26,15.59],[52.1,15.46],[51.88,15.46],[51.27,15.14],[50.76,15.07],[50.23,14.81],[49.41,14.69],[48.79,14.04],[47.75,13.91],[47.67,13.72],[47.07,13.46],[45.74,13.34],[45.05,12.76],[44.61,12.76],[44.39,12.63],[43.44,12.69],[43.45,12.89],[43.24,13.08],[43.26,13.72],[43.06,13.98],[42.95,14.88],[42.89,15.07],[42.75,15.14],[42.71,15.84],[42.78,15.84],[42.82,16.61],[42.48,17.0],[42.48,17.13],[42.34,17.13],[42.28,17.45],[41.78,17.84],[41.45,18.48],[41.24,18.61],[41.25,18.86],[41.04,19.12],[40.99,19.44],[40.84,19.51],[40.85,19.7],[40.56,19.83],[40.14,20.28],[39.84,20.28],[39.35,20.79],[39.15,21.18],[39.17,21.63],[39.03,21.76],[39.14,22.53],[38.86,22.85],[38.87,23.04],[38.6,23.62],[38.03,24.14],[37.44,24.33],[37.39,24.65],[37.17,24.78],[37.18,24.91],[37.33,24.97],[37.27,25.23],[36.77,25.68],[36.72,26.0],[36.43,26.19],[36.16,26.77],[35.67,27.29],[35.61,27.54],[35.47,27.61],[35.41,27.87],[35.05,28.12],[34.59,28.06],[34.61,28.25],[34.85,28.57],[34.91,29.41],[34.75,29.28],[34.52,28.06],[34.36,27.93],[34.35,27.74],[34.12,27.74],[33.62,28.12],[33.55,28.32],[33.4,28.32],[33.19,28.51],[33.21,28.89],[32.86,29.22],[32.53,29.92],[32.43,29.6],[32.64,29.34],[32.69,28.96],[32.84,28.89],[33.11,28.38],[33.61,27.99],[33.59,27.61],[33.8,27.42],[33.93,27.03],[34.07,26.97],[34.05,26.58],[34.2,26.52],[34.46,25.87],[34.61,25.81],[35.15,24.65],[35.86,24.01],[35.85,23.88],[35.56,23.94],[35.55,23.81],[35.11,23.88],[33.76,23.69],[33.68,23.69],[33.39,23.81],[32.04,23.69],[31.67,23.75],[30.54,23.36],[30.46,23.36],[30.4,23.56],[30.1,23.75],[30.11,23.88],[29.96,23.88],[29.67,24.2],[28.57,24.65],[28.29,25.16],[28.24,25.94],[28.35,26.58],[28.27,26.58],[28.15,27.35],[27.94,27.54],[27.71,27.54],[27.79,27.67],[27.43,27.99],[27.28,27.93],[27.29,28.12],[27.14,28.25],[25.59,28.96],[25.37,29.28],[25.15,29.28],[25.0,29.41],[24.85,29.34],[24.78,29.54],[23.74,29.99],[22.45,30.05],[21.23,29.86],[20.16,29.34],[19.93,29.34],[18.71,28.83],[18.7,28.7],[18.4,28.7],[18.33,28.64],[18.4,28.51],[18.02,28.44],[16.79,27.29],[16.64,27.29],[16.34,27.03],[16.41,26.9],[15.81,26.64],[14.46,26.32],[14.08,26.07],[13.33,25.94],[12.58,26.0],[11.98,26.19],[11.83,26.45],[11.6,26.45],[11.45,26.71],[11.3,26.64],[11.15,26.9],[11.0,26.9],[10.25,27.48],[10.1,27.48],[10.17,27.67],[10.1,27.67],[10.1,27.87],[9.95,27.8],[9.87,28.19],[9.8,28.19],[9.8,28.57],[9.49,28.77],[9.34,29.02],[8.13,29.09],[7.83,28.96],[6.54,28.96],[4.36,28.64],[2.47,28.64],[1.8,28.51],[1.04,28.64],[-0.25,28.64],[-1.08,28.89],[-1.46,28.89],[-1.39,29.02],[-3.61,29.67],[-5.14,29.99],[-5.98,29.99],[-6.5,29.86],[-8.03,30.05],[-8.04,30.18],[-8.65,30.31],[-9.64,30.31],[-9.65,30.5],[-9.88,30.56],[-9.86,31.34],[-9.78,31.34],[-9.73,31.72],[-9.51,31.85],[-9.52,31.98],[-9.31,32.17],[-9.33,32.49],[-9.2,32.75],[-8.55,33.33],[-7.13,33.84],[-7.06,33.97],[-6.9,33.91],[-6.61,34.16],[-6.7,34.29],[-6.47,34.36],[-6.48,34.49],[-6.33,34.55],[-6.28,34.87],[-6.2,34.87],[-6.29,35.07],[-6.13,35.0],[-6.15,35.19],[-6.0,35.32],[-5.88,35.77],[-5.34,35.84],[-5.24,35.52],[-4.75,35.19],[-3.13,35.19],[-2.98,35.26],[-2.99,35.45],[-2.84,35.45],[-2.82,35.13],[-2.66,35.07],[-1.89,35.07],[-1.59,35.26],[-1.36,35.26],[-1.14,35.45],[-1.22,35.64],[-1.07,35.58],[-0.92,35.71],[-0.53,35.71],[-0.46,35.84],[0.08,35.84],[0.38,36.22],[0.68,36.29],[0.68,36.42],[0.91,36.35],[1.22,36.55],[1.53,36.48],[2.38,36.67],[2.69,36.61],[2.84,36.74],[3.23,36.74],[3.46,36.87],[3.85,36.8],[4.24,36.93],[4.86,36.87],[5.1,36.67],[5.56,36.67],[5.64,36.8],[6.11,36.8],[6.1,36.93],[6.33,37.06],[6.8,36.87],[7.19,36.87],[7.35,37.06],[7.5,37.06],[7.74,36.87],[8.52,36.87],[8.9,37.13],[9.06,37.06],[9.37,37.25],[9.76,37.32],[9.99,37.19],[10.23,37.25],[10.23,37.06],[10.31,37.06],[10.23,36.8],[10.46,36.74],[11.01,37.0],[11.01,36.8],[10.46,36.42],[10.54,36.35],[10.46,35.9],[10.7,35.71],[10.85,35.77],[10.93,35.58],[11.08,35.58],[11.08,35.39],[11.01,35.39],[11.08,35.0],[10.85,34.94],[10.85,34.81],[10.54,34.55],[10.0,34.29],[10.08,34.23],[10.01,33.91],[10.24,33.71],[10.54,33.71],[10.7,33.52],[11.08,33.59],[11.16,33.2],[11.46,33.2],[12.23,32.81],[12.61,32.88],[12.53,32.75],[12.84,32.75],[12.84,32.88],[13.3,32.94],[13.45,32.81],[13.76,32.88],[13.76,32.75],[14.07,32.75],[14.44,32.49],[14.67,32.56],[14.75,32.43],[15.06,32.43],[15.28,32.3],[15.42,31.66],[15.58,31.59],[15.65,31.4],[16.18,31.21],[16.86,31.21],[17.85,30.95],[18.22,30.76],[18.59,30.37],[18.9,30.37],[18.97,30.24],[19.66,30.37],[19.96,30.56],[19.97,30.69],[20.2,30.89],[20.13,31.14],[20.21,31.27],[20.0,31.59],[20.09,32.11],[20.02,32.24],[20.25,32.24],[20.33,32.49],[20.48,32.43],[20.56,32.56],[20.72,32.56],[20.64,32.69],[20.87,32.62],[21.11,32.81],[21.41,32.75],[21.88,32.94],[23.09,32.62],[23.08,32.36],[23.3,32.17],[23.68,32.17],[24.13,31.98],[24.89,31.98],[25.11,31.79],[25.1,31.59],[25.25,31.46],[26.85,31.46],[27.3,31.34],[27.51,31.14],[28.5,31.01],[28.87,30.82],[29.4,30.82],[29.49,31.01],[29.63,30.95],[29.87,31.08],[29.8,31.21],[29.88,31.27],[30.34,31.27],[30.27,31.4],[30.35,31.46],[30.81,31.46],[30.97,31.53],[30.97,31.66],[31.2,31.66],[31.12,31.53],[31.27,31.46],[31.88,31.46],[31.78,31.21],[31.94,31.27],[32.0,31.08],[32.3,31.08],[32.24,31.21],[32.39,31.21],[32.53,31.08],[32.77,31.14],[32.83,31.01],[33.75,31.08],[34.3,31.27],[34.31,31.4],[34.63,31.66],[34.57,31.85],[34.81,31.98],[34.77,32.36],[35.02,32.62],[35.06,33.01],[35.22,33.07],[35.4,33.39],[35.35,33.65],[35.5,33.65],[35.45,33.91],[35.68,33.97],[35.64,34.36],[35.79,34.29],[36.05,34.55],[36.07,34.74],[35.93,34.87],[35.96,35.19],[35.88,35.19],[35.99,35.52],[35.84,35.58],[35.99,36.22],[35.84,36.29],[36.26,36.61],[36.29,36.8],[36.14,36.93],[35.83,36.93],[35.49,36.61],[35.33,36.61],[35.11,36.74],[34.95,36.67],[34.89,36.87],[34.74,36.87],[34.66,36.87],[34.78,37.25],[35.03,37.45],[35.35,37.51],[35.43,37.51],[35.82,37.51],[36.15,37.71],[36.46,38.29],[36.61,38.22],[36.79,38.48],[37.13,38.67],[37.07,38.8],[37.31,38.87],[37.43,39.19],[37.68,39.26],[38.15,39.84],[38.16,39.9],[38.3,39.77],[38.84,39.71],[39.59,39.97],[40.58,40.74],[40.74,40.74],[41.53,41.26],[42.25,41.26],[42.36,41.46],[42.62,41.59],[42.86,41.59],[43.34,41.13],[43.98,41.13],[44.24,41.26],[44.35,41.46],[44.87,41.65],[45.07,41.91],[45.31,41.91],[45.62,42.24],[45.75,42.11],[46.3,42.04],[46.35,41.91],[46.74,41.85],[47.27,41.33],[47.56,41.2],[47.89,41.26],[48.18,41.52],[48.17,41.85],[48.09,41.85],[48.2,41.98],[48.28,41.98],[49.09,41.26],[49.06,41.13],[49.27,41.0],[49.24,40.87],[49.51,40.61],[50.05,40.55],[50.26,40.42],[49.69,40.36],[49.51,40.23],[49.27,39.38],[49.15,39.19],[48.99,39.19],[48.92,39.19],[48.67,39.58],[48.45,39.64],[48.23,39.32],[48.25,39.0],[47.99,38.87],[47.99,38.42],[48.19,38.22],[48.39,37.58],[48.85,37.06],[49.14,36.93],[49.19,36.74],[50.28,36.29],[50.47,36.03],[51.09,36.03],[51.83,35.84],[52.03,35.64],[52.34,35.64],[52.7,35.97],[53.2,36.16],[54.3,36.22],[54.88,36.42],[55.15,36.61],[55.19,36.8],[55.45,36.93],[55.48,37.13],[55.03,37.19],[54.83,37.38],[54.04,37.32],[53.96,37.32],[53.91,37.84],[53.83,37.84],[53.99,39.0],[53.52,39.38],[53.14,39.45],[53.54,39.51],[53.5,40.03],[52.72,40.1],[52.71,40.42],[52.79,40.42],[52.89,40.87],[52.97,40.87],[52.94,40.74],[53.34,40.74],[53.45,40.87],[53.4,40.68],[54.39,40.81],[56.83,40.74],[57.46,41.39],[58.26,43.47],[58.42,43.47],[58.63,43.67],[59.12,43.41],[60.37,43.54],[60.39,43.34],[60.84,42.95],[60.82,42.89],[61.01,42.69],[61.17,42.69],[61.4,42.37]]],[[[-6.35,29.86],[-6.35,29.79],[-6.42,29.79],[-6.42,29.86],[-6.35,29.86]]],[[[-5.97,29.92],[-5.9,29.92],[-5.89,29.86],[-5.97,29.86],[-5.97,29.92]]],[[[37.06,38.74],[37.05,38.67],[36.97,38.67],[36.98,38.74],[37.06,38.74]]],[[[4.39,44.39],[4.64,44.19],[4.24,44.06],[4.09,43.6],[4.01,43.6],[3.69,43.54],[3.62,43.41],[2.98,43.15],[3.01,42.56],[3.18,42.37],[3.12,41.91],[2.57,41.59],[2.33,41.59],[2.11,41.33],[1.24,41.2],[0.7,40.94],[0.71,40.68],[0.47,40.61],[0.25,40.42],[0.18,40.16],[-0.2,39.97],[-0.35,39.71],[-0.31,39.13],[0.1,38.74],[-0.66,38.29],[-0.8,38.03],[-0.7,37.64],[-1.71,37.45],[-1.62,37.32],[-1.86,37.32],[-2.06,36.8],[-2.53,36.87],[-2.68,36.74],[-4.47,36.74],[-4.69,36.55],[-5.23,36.48],[-5.29,36.22],[-5.52,36.16],[-5.58,36.03],[-5.83,36.22],[-6.06,36.22],[-6.33,36.67],[-6.35,36.93],[-6.59,37.0],[-6.84,37.25],[-7.47,37.25],[-7.45,37.13],[-7.68,37.0],[-8.07,37.0],[-8.31,37.13],[-8.7,37.13],[-9.0,37.0],[-8.9,37.58],[-8.82,37.58],[-8.82,38.48],[-9.21,38.42],[-9.23,38.67],[-9.38,38.61],[-9.55,38.74],[-9.57,38.93],[-9.43,39.06],[-9.39,39.45],[-9.16,39.51],[-9.1,39.77],[-9.03,39.77],[-8.93,40.36],[-8.85,40.36],[-8.87,40.61],[-8.73,40.74],[-8.89,41.52],[-8.89,41.59],[-8.42,41.65],[-8.44,41.78],[-7.33,41.85],[-7.18,41.98],[-6.61,41.91],[-6.39,42.04],[-4.96,42.11],[-4.02,42.37],[-3.71,42.56],[-3.0,42.63],[-2.2,42.63],[-2.13,42.76],[-1.73,42.76],[0.72,42.04],[1.35,42.17],[1.48,42.69],[1.79,42.95],[1.95,42.95],[2.1,43.28],[2.33,43.41],[2.32,43.6],[1.53,44.78],[1.37,44.84],[1.36,45.04],[1.11,45.17],[0.91,45.69],[0.57,45.96],[0.12,46.61],[0.18,46.94],[0.58,47.01],[0.93,46.81],[1.82,45.5],[1.82,45.43],[2.79,43.99],[3.43,44.06],[3.81,44.52],[4.39,44.39]]],[[[58.98,20.41],[58.82,20.21],[58.67,20.21],[58.77,20.54],[58.77,20.6],[59.0,20.66],[58.98,20.41]]],[[[50.46,26.26],[50.69,26.26],[50.67,26.13],[50.67,26.07],[50.65,25.87],[50.43,25.94],[50.46,26.26]]]]},"properties":{"id":"territory:Umayyad Caliphate:732","name":"우마이야 칼리프국","name_en":"Umayyad Caliphate","actor":"기타중립","valid_from":732,"valid_to":741,"wikidata":"Q8575586","area":9878640,"src":"cliopatria","confidence":"medium"}},{"type":"Feature","geometry":{"type":"Point","coordinates":[39.686,29.807]},"properties":{"id":"territory:Umayyad Caliphate:732:label","name":"우마이야 칼리프국","name_en":"Umayyad Caliphate","actor":"기타중립","valid_from":732,"valid_to":741,"wikidata":"Q8575586","area":9878640,"src":"cliopatria","confidence":"medium"}},{"type":"Feature","geometry":{"type":"MultiPolygon","coordinates":[[[[42.02,16.81],[42.17,16.81],[42.24,16.68],[42.23,16.61],[42.01,16.61],[42.02,16.81]]],[[[61.4,42.37],[61.56,42.37],[61.78,42.04],[61.94,42.04],[62.19,41.78],[62.15,41.65],[62.35,41.52],[62.32,41.39],[62.4,41.39],[62.28,41.26],[62.53,41.0],[62.3,40.74],[62.4,40.55],[62.33,40.29],[62.47,40.23],[62.5,40.03],[62.58,40.03],[62.65,39.71],[63.09,39.26],[63.25,39.26],[63.42,39.0],[63.84,38.8],[64.01,38.55],[64.37,38.42],[64.66,38.03],[65.24,37.84],[65.63,37.51],[66.52,37.32],[67.0,37.38],[67.12,37.25],[67.75,37.25],[67.92,37.0],[68.15,37.0],[68.78,37.32],[69.01,37.32],[69.12,37.13],[69.35,37.13],[69.55,37.58],[70.08,37.51],[70.27,37.64],[70.16,37.84],[70.21,38.03],[70.71,38.42],[71.18,38.42],[71.3,38.29],[71.27,37.9],[71.57,37.84],[71.48,36.93],[70.24,36.67],[69.0,36.67],[68.6,36.61],[68.49,36.48],[67.8,36.55],[67.07,36.42],[66.9,36.03],[66.72,35.9],[66.37,35.07],[65.93,34.49],[64.74,33.97],[64.36,33.59],[64.25,33.07],[64.33,33.07],[64.28,32.81],[64.36,32.81],[64.22,32.49],[64.21,32.04],[64.28,32.04],[64.25,31.46],[64.33,31.46],[64.46,30.95],[64.59,30.82],[65.63,30.69],[66.34,30.44],[67.17,30.37],[67.15,30.31],[70.2,29.99],[71.08,29.79],[71.27,29.6],[71.19,29.15],[70.95,28.7],[70.47,28.06],[70.22,27.93],[70.01,27.54],[69.85,27.48],[69.56,27.09],[69.52,26.84],[69.27,26.64],[69.24,26.45],[68.79,25.94],[68.77,25.74],[68.31,25.1],[68.15,25.04],[67.95,24.65],[67.36,24.07],[67.29,24.07],[67.33,24.39],[67.25,24.39],[67.21,24.71],[66.63,24.84],[66.68,25.23],[66.35,25.55],[66.02,25.36],[64.82,25.29],[64.8,25.16],[64.28,25.23],[64.23,25.36],[63.63,25.36],[63.54,25.23],[62.56,25.23],[62.47,25.1],[62.18,25.16],[62.02,25.04],[61.72,25.04],[61.66,25.16],[61.13,25.1],[60.92,25.23],[60.62,25.23],[60.63,25.36],[59.06,25.36],[58.78,25.55],[57.96,25.55],[57.74,25.62],[57.68,25.74],[57.38,25.74],[57.11,26.07],[57.05,26.84],[56.71,27.16],[56.19,27.16],[56.1,27.03],[56.32,27.03],[56.31,26.9],[56.06,26.71],[55.6,26.64],[55.44,26.52],[55.29,26.52],[55.31,26.71],[55.54,26.77],[55.24,26.77],[54.83,26.45],[54.46,26.52],[54.26,26.71],[53.66,26.71],[53.46,26.97],[52.74,27.22],[52.48,27.61],[52.05,27.8],[51.6,27.8],[51.32,27.99],[51.33,28.12],[51.07,28.44],[51.03,28.77],[50.81,28.83],[50.92,29.09],[50.62,29.15],[50.65,29.41],[50.24,29.73],[50.06,30.18],[49.59,29.99],[48.94,30.31],[48.99,30.05],[48.9,29.99],[48.37,29.92],[48.4,29.6],[47.87,29.54],[47.85,29.41],[48.08,29.41],[48.22,29.28],[48.19,29.09],[48.46,28.77],[48.56,28.32],[48.97,27.93],[48.87,27.67],[49.24,27.61],[49.36,27.29],[50.13,26.77],[50.12,26.58],[50.25,26.45],[50.22,26.13],[50.07,26.07],[50.21,26.0],[50.33,25.62],[50.61,25.42],[50.65,25.1],[50.73,25.1],[50.77,25.55],[50.92,25.62],[50.95,25.94],[51.12,26.13],[51.42,26.13],[51.7,25.87],[51.57,25.36],[51.72,25.29],[51.69,24.97],[51.52,24.78],[51.41,24.33],[51.85,24.26],[51.91,24.01],[52.28,24.01],[52.6,24.26],[53.11,24.14],[54.08,24.14],[54.1,24.33],[54.32,24.26],[54.56,24.46],[54.74,24.84],[55.14,25.1],[55.41,25.55],[55.97,25.87],[56.17,26.32],[56.48,26.39],[56.54,26.32],[56.39,25.55],[56.46,25.55],[56.42,25.16],[56.5,25.16],[56.4,24.97],[56.54,24.91],[56.79,24.33],[57.49,23.88],[58.81,23.62],[59.08,23.3],[59.07,23.17],[59.28,23.04],[59.27,22.91],[59.54,22.66],[59.9,22.53],[59.86,22.08],[59.44,21.44],[58.8,20.92],[58.61,20.41],[58.31,20.34],[58.25,20.54],[58.1,20.54],[57.93,20.28],[57.79,19.51],[57.87,19.51],[57.9,18.99],[57.0,18.8],[56.75,18.54],[56.64,18.09],[56.41,17.9],[55.59,17.84],[55.35,17.58],[55.31,17.13],[55.16,17.0],[54.2,17.0],[53.59,16.68],[53.22,16.68],[53.13,16.55],[52.38,16.29],[52.26,15.59],[52.1,15.46],[51.88,15.46],[51.27,15.14],[50.76,15.07],[50.23,14.81],[49.41,14.69],[48.79,14.04],[47.75,13.91],[47.67,13.72],[47.07,13.46],[45.74,13.34],[45.05,12.76],[44.61,12.76],[44.39,12.63],[43.44,12.69],[43.45,12.89],[43.24,13.08],[43.26,13.72],[43.06,13.98],[42.95,14.88],[42.89,15.07],[42.75,15.14],[42.71,15.84],[42.78,15.84],[42.82,16.61],[42.48,17.0],[42.48,17.13],[42.34,17.13],[42.28,17.45],[41.78,17.84],[41.45,18.48],[41.24,18.61],[41.25,18.86],[41.04,19.12],[40.99,19.44],[40.84,19.51],[40.85,19.7],[40.56,19.83],[40.14,20.28],[39.84,20.28],[39.35,20.79],[39.15,21.18],[39.17,21.63],[39.03,21.76],[39.14,22.53],[38.86,22.85],[38.87,23.04],[38.6,23.62],[38.03,24.14],[37.44,24.33],[37.39,24.65],[37.17,24.78],[37.18,24.91],[37.33,24.97],[37.27,25.23],[36.77,25.68],[36.72,26.0],[36.43,26.19],[36.16,26.77],[35.67,27.29],[35.61,27.54],[35.47,27.61],[35.41,27.87],[35.05,28.12],[34.59,28.06],[34.61,28.25],[34.85,28.57],[34.91,29.41],[34.75,29.28],[34.52,28.06],[34.36,27.93],[34.35,27.74],[34.12,27.74],[33.62,28.12],[33.55,28.32],[33.4,28.32],[33.19,28.51],[33.21,28.89],[32.86,29.22],[32.53,29.92],[32.43,29.6],[32.64,29.34],[32.69,28.96],[32.84,28.89],[33.11,28.38],[33.61,27.99],[33.59,27.61],[33.8,27.42],[33.93,27.03],[34.07,26.97],[34.05,26.58],[34.2,26.52],[34.46,25.87],[34.61,25.81],[35.15,24.65],[35.86,24.01],[35.85,23.88],[35.56,23.94],[35.55,23.81],[35.11,23.88],[33.76,23.69],[33.68,23.69],[33.39,23.81],[32.04,23.69],[31.67,23.75],[30.54,23.36],[30.46,23.36],[30.4,23.56],[30.1,23.75],[30.11,23.88],[29.96,23.88],[29.67,24.2],[28.57,24.65],[28.29,25.16],[28.24,25.94],[28.35,26.58],[28.27,26.58],[28.15,27.35],[27.94,27.54],[27.71,27.54],[27.79,27.67],[27.43,27.99],[27.28,27.93],[27.29,28.12],[27.14,28.25],[25.59,28.96],[25.37,29.28],[25.15,29.28],[25.0,29.41],[24.85,29.34],[24.78,29.54],[23.74,29.99],[22.45,30.05],[21.23,29.86],[20.16,29.34],[19.93,29.34],[18.71,28.83],[18.7,28.7],[18.4,28.7],[18.33,28.64],[18.4,28.51],[18.02,28.44],[16.79,27.29],[16.64,27.29],[16.34,27.03],[16.41,26.9],[15.81,26.64],[14.46,26.32],[14.08,26.07],[13.33,25.94],[12.58,26.0],[11.98,26.19],[11.83,26.45],[11.6,26.45],[11.45,26.71],[11.3,26.64],[11.15,26.9],[11.0,26.9],[10.25,27.48],[10.1,27.48],[10.17,27.67],[10.1,27.67],[10.1,27.87],[9.95,27.8],[9.87,28.19],[9.8,28.19],[9.8,28.57],[9.49,28.77],[9.34,29.02],[8.13,29.09],[7.83,28.96],[6.54,28.96],[4.36,28.64],[2.47,28.64],[1.8,28.51],[1.04,28.64],[-0.25,28.64],[-1.08,28.89],[-1.46,28.89],[-1.39,29.02],[-3.61,29.67],[-5.14,29.99],[-5.98,29.99],[-6.5,29.86],[-8.03,30.05],[-8.04,30.18],[-8.65,30.31],[-9.64,30.31],[-9.65,30.5],[-9.88,30.56],[-9.86,31.34],[-9.78,31.34],[-9.73,31.72],[-9.51,31.85],[-9.52,31.98],[-9.31,32.17],[-9.33,32.49],[-9.2,32.75],[-8.55,33.33],[-7.13,33.84],[-7.06,33.97],[-6.9,33.91],[-6.61,34.16],[-6.7,34.29],[-6.47,34.36],[-6.48,34.49],[-6.33,34.55],[-6.28,34.87],[-6.2,34.87],[-6.29,35.07],[-6.13,35.0],[-6.15,35.19],[-6.0,35.32],[-5.88,35.77],[-5.34,35.84],[-5.24,35.52],[-4.75,35.19],[-3.13,35.19],[-2.98,35.26],[-2.99,35.45],[-2.84,35.45],[-2.82,35.13],[-2.66,35.07],[-1.89,35.07],[-1.59,35.26],[-1.36,35.26],[-1.14,35.45],[-1.22,35.64],[-1.07,35.58],[-0.92,35.71],[-0.53,35.71],[-0.46,35.84],[0.08,35.84],[0.38,36.22],[0.68,36.29],[0.68,36.42],[0.91,36.35],[1.22,36.55],[1.53,36.48],[2.38,36.67],[2.69,36.61],[2.84,36.74],[3.23,36.74],[3.46,36.87],[3.85,36.8],[4.24,36.93],[4.86,36.87],[5.1,36.67],[5.56,36.67],[5.64,36.8],[6.11,36.8],[6.1,36.93],[6.33,37.06],[6.8,36.87],[7.19,36.87],[7.35,37.06],[7.5,37.06],[7.74,36.87],[8.52,36.87],[8.9,37.13],[9.06,37.06],[9.37,37.25],[9.76,37.32],[9.99,37.19],[10.23,37.25],[10.23,37.06],[10.31,37.06],[10.23,36.8],[10.46,36.74],[11.01,37.0],[11.01,36.8],[10.46,36.42],[10.54,36.35],[10.46,35.9],[10.7,35.71],[10.85,35.77],[10.93,35.58],[11.08,35.58],[11.08,35.39],[11.01,35.39],[11.08,35.0],[10.85,34.94],[10.85,34.81],[10.54,34.55],[10.0,34.29],[10.08,34.23],[10.01,33.91],[10.24,33.71],[10.54,33.71],[10.7,33.52],[11.08,33.59],[11.16,33.2],[11.46,33.2],[12.23,32.81],[12.61,32.88],[12.53,32.75],[12.84,32.75],[12.84,32.88],[13.3,32.94],[13.45,32.81],[13.76,32.88],[13.76,32.75],[14.07,32.75],[14.44,32.49],[14.67,32.56],[14.75,32.43],[15.06,32.43],[15.28,32.3],[15.42,31.66],[15.58,31.59],[15.65,31.4],[16.18,31.21],[16.86,31.21],[17.85,30.95],[18.22,30.76],[18.59,30.37],[18.9,30.37],[18.97,30.24],[19.66,30.37],[19.96,30.56],[19.97,30.69],[20.2,30.89],[20.13,31.14],[20.21,31.27],[20.0,31.59],[20.09,32.11],[20.02,32.24],[20.25,32.24],[20.33,32.49],[20.48,32.43],[20.56,32.56],[20.72,32.56],[20.64,32.69],[20.87,32.62],[21.11,32.81],[21.41,32.75],[21.88,32.94],[23.09,32.62],[23.08,32.36],[23.3,32.17],[23.68,32.17],[24.13,31.98],[24.89,31.98],[25.11,31.79],[25.1,31.59],[25.25,31.46],[26.85,31.46],[27.3,31.34],[27.51,31.14],[28.5,31.01],[28.87,30.82],[29.4,30.82],[29.49,31.01],[29.63,30.95],[29.87,31.08],[29.8,31.21],[29.88,31.27],[30.34,31.27],[30.27,31.4],[30.35,31.46],[30.81,31.46],[30.97,31.53],[30.97,31.66],[31.2,31.66],[31.12,31.53],[31.27,31.46],[31.88,31.46],[31.78,31.21],[31.94,31.27],[32.0,31.08],[32.3,31.08],[32.24,31.21],[32.39,31.21],[32.53,31.08],[32.77,31.14],[32.83,31.01],[33.75,31.08],[34.3,31.27],[34.31,31.4],[34.63,31.66],[34.57,31.85],[34.81,31.98],[34.77,32.36],[35.02,32.62],[35.06,33.01],[35.22,33.07],[35.4,33.39],[35.35,33.65],[35.5,33.65],[35.45,33.91],[35.68,33.97],[35.64,34.36],[35.79,34.29],[36.05,34.55],[36.07,34.74],[35.93,34.87],[35.96,35.19],[35.88,35.19],[35.99,35.52],[35.84,35.58],[35.99,36.22],[35.84,36.29],[36.26,36.61],[36.29,36.8],[36.14,36.93],[35.83,36.93],[35.49,36.61],[35.33,36.61],[35.11,36.74],[34.95,36.67],[34.89,36.87],[34.74,36.87],[34.66,36.87],[34.78,37.25],[35.03,37.45],[35.35,37.51],[35.43,37.51],[35.82,37.51],[36.15,37.71],[36.46,38.29],[36.61,38.22],[36.79,38.48],[37.13,38.67],[37.07,38.8],[37.31,38.87],[37.43,39.19],[37.68,39.26],[38.15,39.84],[38.16,39.9],[38.3,39.77],[38.84,39.71],[39.59,39.97],[40.58,40.74],[40.74,40.74],[41.53,41.26],[42.25,41.26],[42.36,41.46],[42.62,41.59],[42.86,41.59],[43.34,41.13],[43.98,41.13],[44.24,41.26],[44.35,41.46],[44.87,41.65],[45.07,41.91],[45.31,41.91],[45.62,42.24],[45.75,42.11],[46.3,42.04],[46.35,41.91],[46.74,41.85],[47.27,41.33],[47.56,41.2],[47.97,41.26],[48.0,41.0],[48.13,40.87],[48.08,40.61],[48.0,40.61],[48.01,40.23],[48.49,40.29],[48.72,40.61],[48.78,40.94],[48.65,41.07],[48.68,41.59],[48.76,41.59],[49.51,40.61],[50.05,40.55],[50.26,40.42],[49.69,40.36],[49.51,40.23],[49.27,39.38],[49.15,39.19],[48.99,39.19],[48.92,39.19],[48.67,39.58],[48.45,39.64],[48.23,39.32],[48.25,39.0],[47.99,38.87],[47.99,38.42],[48.19,38.22],[48.39,37.58],[48.85,37.06],[49.14,36.93],[49.19,36.74],[50.28,36.29],[50.47,36.03],[51.09,36.03],[51.83,35.84],[52.03,35.64],[52.34,35.64],[52.7,35.97],[53.2,36.16],[54.3,36.22],[54.88,36.42],[55.15,36.61],[55.19,36.8],[55.45,36.93],[55.48,37.13],[55.03,37.19],[54.83,37.38],[54.04,37.32],[53.96,37.32],[53.91,37.84],[53.83,37.84],[53.99,39.0],[53.52,39.38],[53.14,39.45],[53.54,39.51],[53.5,40.03],[52.72,40.1],[52.71,40.42],[52.79,40.42],[52.89,40.87],[52.97,40.87],[52.94,40.74],[53.34,40.74],[53.45,40.87],[53.4,40.68],[54.39,40.81],[56.83,40.74],[57.46,41.39],[58.26,43.47],[58.42,43.47],[58.63,43.67],[59.12,43.41],[60.37,43.54],[60.39,43.34],[60.84,42.95],[60.82,42.89],[61.01,42.69],[61.17,42.69],[61.4,42.37]]],[[[-6.35,29.86],[-6.35,29.79],[-6.42,29.79],[-6.42,29.86],[-6.35,29.86]]],[[[-5.97,29.92],[-5.9,29.92],[-5.89,29.86],[-5.97,29.86],[-5.97,29.92]]],[[[37.06,38.74],[37.05,38.67],[36.97,38.67],[36.98,38.74],[37.06,38.74]]],[[[3.12,41.91],[2.57,41.59],[2.33,41.59],[2.11,41.33],[1.24,41.2],[0.7,40.94],[0.71,40.68],[0.47,40.61],[0.25,40.42],[0.18,40.16],[-0.2,39.97],[-0.35,39.71],[-0.31,39.13],[0.1,38.74],[-0.66,38.29],[-0.8,38.03],[-0.7,37.64],[-1.71,37.45],[-1.62,37.32],[-1.86,37.32],[-2.06,36.8],[-2.53,36.87],[-2.68,36.74],[-4.47,36.74],[-4.69,36.55],[-5.23,36.48],[-5.29,36.22],[-5.52,36.16],[-5.58,36.03],[-5.83,36.22],[-6.06,36.22],[-6.33,36.67],[-6.35,36.93],[-6.59,37.0],[-6.84,37.25],[-7.47,37.25],[-7.45,37.13],[-7.68,37.0],[-8.07,37.0],[-8.31,37.13],[-8.7,37.13],[-9.0,37.0],[-8.9,37.58],[-8.82,37.58],[-8.82,38.48],[-9.21,38.42],[-9.23,38.67],[-9.38,38.61],[-9.55,38.74],[-9.57,38.93],[-9.43,39.06],[-9.39,39.45],[-9.16,39.51],[-9.1,39.77],[-9.03,39.77],[-8.93,40.36],[-8.85,40.36],[-8.87,40.61],[-8.73,40.74],[-8.89,41.52],[-8.89,41.59],[-8.42,41.65],[-8.44,41.78],[-7.33,41.85],[-7.18,41.98],[-6.61,41.91],[-6.39,42.04],[-4.96,42.11],[-4.02,42.37],[-3.71,42.56],[-3.0,42.63],[-2.2,42.63],[-2.13,42.76],[-1.73,42.76],[0.72,42.04],[1.04,42.04],[1.43,42.24],[1.48,42.69],[1.79,42.95],[1.95,42.95],[2.1,43.28],[2.63,43.8],[2.8,43.8],[3.03,44.06],[3.43,44.06],[3.81,44.52],[4.06,44.52],[4.14,44.52],[4.14,44.45],[4.22,44.45],[4.22,44.39],[4.31,44.39],[4.39,44.39],[4.64,44.19],[4.24,44.06],[4.09,43.6],[4.01,43.6],[3.54,43.41],[3.46,43.41],[2.98,43.15],[3.01,42.56],[3.18,42.37],[3.12,41.91]]],[[[58.98,20.41],[58.82,20.21],[58.67,20.21],[58.77,20.54],[58.77,20.6],[59.0,20.66],[58.98,20.41]]],[[[50.46,26.26],[50.69,26.26],[50.67,26.13],[50.67,26.07],[50.65,25.87],[50.43,25.94],[50.46,26.26]]]]},"properties":{"id":"territory:Umayyad Caliphate:724","name":"우마이야 칼리프국","name_en":"Umayyad Caliphate","actor":"기타중립","valid_from":724,"valid_to":732,"wikidata":"Q8575586","area":9846552,"src":"cliopatria","confidence":"medium"}},{"type":"Feature","geometry":{"type":"Point","coordinates":[39.676,29.795]},"properties":{"id":"territory:Umayyad Caliphate:724:label","name":"우마이야 칼리프국","name_en":"Umayyad Caliphate","actor":"기타중립","valid_from":724,"valid_to":732,"wikidata":"Q8575586","area":9846552,"src":"cliopatria","confidence":"medium"}},{"type":"Feature","geometry":{"type":"MultiPolygon","coordinates":[[[[42.02,16.81],[42.17,16.81],[42.24,16.68],[42.23,16.61],[42.01,16.61],[42.02,16.81]]],[[[11.01,37.0],[11.01,36.8],[10.46,36.42],[10.54,36.35],[10.46,35.9],[10.7,35.71],[10.85,35.77],[10.93,35.58],[11.08,35.58],[11.08,35.39],[11.01,35.39],[11.08,35.0],[10.85,34.94],[10.85,34.81],[10.54,34.55],[10.0,34.29],[10.08,34.23],[10.01,33.91],[10.24,33.71],[10.54,33.71],[10.7,33.52],[11.08,33.59],[11.16,33.2],[11.46,33.2],[12.23,32.81],[12.61,32.88],[12.53,32.75],[12.84,32.75],[12.84,32.88],[13.3,32.94],[13.45,32.81],[13.76,32.88],[13.76,32.75],[14.07,32.75],[14.44,32.49],[14.67,32.56],[14.75,32.43],[15.06,32.43],[15.28,32.3],[15.42,31.66],[15.58,31.59],[15.65,31.4],[16.18,31.21],[16.86,31.21],[17.85,30.95],[18.22,30.76],[18.59,30.37],[18.9,30.37],[18.97,30.24],[19.66,30.37],[19.96,30.56],[19.97,30.69],[20.2,30.89],[20.13,31.14],[20.21,31.27],[20.0,31.59],[20.09,32.11],[20.02,32.24],[20.25,32.24],[20.33,32.49],[20.48,32.43],[20.56,32.56],[20.72,32.56],[20.64,32.69],[20.87,32.62],[21.11,32.81],[21.41,32.75],[21.88,32.94],[23.09,32.62],[23.08,32.36],[23.3,32.17],[23.68,32.17],[24.13,31.98],[24.89,31.98],[25.11,31.79],[25.1,31.59],[25.25,31.46],[26.85,31.46],[27.3,31.34],[27.51,31.14],[28.5,31.01],[28.87,30.82],[29.4,30.82],[29.49,31.01],[29.63,30.95],[29.87,31.08],[29.8,31.21],[29.88,31.27],[30.34,31.27],[30.27,31.4],[30.35,31.46],[30.81,31.46],[30.97,31.53],[30.97,31.66],[31.2,31.66],[31.12,31.53],[31.27,31.46],[31.88,31.46],[31.78,31.21],[31.94,31.27],[32.0,31.08],[32.3,31.08],[32.24,31.21],[32.39,31.21],[32.53,31.08],[32.77,31.14],[32.83,31.01],[33.75,31.08],[34.3,31.27],[34.31,31.4],[34.63,31.66],[34.57,31.85],[34.81,31.98],[34.77,32.36],[35.02,32.62],[35.06,33.01],[35.22,33.07],[35.4,33.39],[35.35,33.65],[35.5,33.65],[35.45,33.91],[35.68,33.97],[35.64,34.36],[35.79,34.29],[36.05,34.55],[36.07,34.74],[35.93,34.87],[35.96,35.19],[35.88,35.19],[35.99,35.52],[35.84,35.58],[35.99,36.22],[35.84,36.29],[36.26,36.61],[36.29,36.8],[36.14,36.93],[35.83,36.93],[35.49,36.61],[35.33,36.61],[35.11,36.74],[34.95,36.67],[34.89,36.87],[34.82,36.87],[34.92,37.13],[34.39,37.25],[34.18,37.51],[33.65,37.64],[33.66,37.77],[32.98,37.96],[32.91,38.09],[32.31,38.29],[32.24,38.42],[31.71,38.55],[30.52,38.42],[30.03,38.22],[28.61,38.09],[28.53,38.09],[27.98,38.09],[27.69,38.29],[27.07,38.42],[27.07,38.48],[26.85,38.61],[26.96,39.0],[26.88,39.0],[26.89,39.19],[26.74,39.26],[26.85,39.58],[26.68,39.51],[26.7,39.71],[26.62,39.71],[26.63,39.77],[26.57,40.1],[26.42,40.16],[26.52,40.42],[26.6,40.42],[26.68,40.48],[26.67,40.36],[26.91,40.36],[26.99,40.36],[27.41,39.77],[27.43,39.0],[27.96,38.74],[29.13,38.67],[29.77,38.87],[30.03,39.06],[31.78,39.26],[32.77,38.93],[32.83,38.8],[33.14,38.74],[33.27,38.55],[33.73,38.42],[34.02,38.16],[34.25,38.16],[34.39,37.96],[34.69,37.9],[34.76,37.77],[35.06,37.71],[35.27,37.51],[35.51,37.51],[35.88,37.32],[36.66,37.32],[37.82,37.9],[37.97,38.48],[39.3,38.48],[40.05,38.8],[40.26,39.19],[40.52,39.32],[40.56,39.58],[40.81,39.71],[40.96,40.16],[41.33,40.48],[41.53,41.26],[42.25,41.26],[42.36,41.46],[42.62,41.59],[42.86,41.59],[43.34,41.13],[43.98,41.13],[44.24,41.26],[44.35,41.46],[44.87,41.65],[45.07,41.91],[45.31,41.91],[45.62,42.24],[45.75,42.11],[46.3,42.04],[46.35,41.91],[46.74,41.85],[47.27,41.33],[47.56,41.2],[47.89,41.26],[48.18,41.52],[48.17,41.85],[48.09,41.85],[48.2,41.98],[48.28,41.98],[49.09,41.26],[49.06,41.13],[49.27,41.0],[49.24,40.87],[49.51,40.61],[50.05,40.55],[50.26,40.42],[49.69,40.36],[49.51,40.23],[49.27,39.38],[49.15,39.19],[48.99,39.19],[48.92,39.19],[48.67,39.58],[48.45,39.64],[48.23,39.32],[48.25,39.0],[47.99,38.87],[47.99,38.42],[48.19,38.22],[48.39,37.58],[48.85,37.06],[49.14,36.93],[49.19,36.74],[50.28,36.29],[50.47,36.03],[51.09,36.03],[51.83,35.84],[52.03,35.64],[52.34,35.64],[52.7,35.97],[53.2,36.16],[54.3,36.22],[54.88,36.42],[55.15,36.61],[55.19,36.8],[55.45,36.93],[55.48,37.13],[55.03,37.19],[54.83,37.38],[54.04,37.32],[53.96,37.32],[53.91,37.84],[53.83,37.84],[53.99,39.0],[53.52,39.38],[53.14,39.45],[53.54,39.51],[53.5,40.03],[52.72,40.1],[52.71,40.42],[52.79,40.42],[52.89,40.87],[52.97,40.87],[52.94,40.74],[53.34,40.74],[53.45,40.87],[53.4,40.68],[54.39,40.81],[56.83,40.74],[57.46,41.39],[58.26,43.47],[58.42,43.47],[58.63,43.67],[59.12,43.41],[60.37,43.54],[60.39,43.34],[60.84,42.95],[60.82,42.89],[61.01,42.69],[61.17,42.69],[61.4,42.37],[61.56,42.37],[61.78,42.04],[61.94,42.04],[62.19,41.78],[62.15,41.65],[62.35,41.52],[62.32,41.39],[62.4,41.39],[62.28,41.26],[62.53,41.0],[62.3,40.74],[62.4,40.55],[62.33,40.29],[62.47,40.23],[62.5,40.03],[62.58,40.03],[62.65,39.71],[63.09,39.26],[63.25,39.26],[63.42,39.0],[63.84,38.8],[64.01,38.55],[64.37,38.42],[64.66,38.03],[65.24,37.84],[65.63,37.51],[66.52,37.32],[67.0,37.38],[67.12,37.25],[67.75,37.25],[67.92,37.0],[68.15,37.0],[68.78,37.32],[69.01,37.32],[69.12,37.13],[69.35,37.13],[69.55,37.58],[70.08,37.51],[70.27,37.64],[70.16,37.84],[70.21,38.03],[70.71,38.42],[71.18,38.42],[71.3,38.29],[71.27,37.9],[71.57,37.84],[71.48,36.93],[70.24,36.67],[69.0,36.67],[68.6,36.61],[68.49,36.48],[67.8,36.55],[67.07,36.42],[66.9,36.03],[66.72,35.9],[66.37,35.07],[65.93,34.49],[64.74,33.97],[64.36,33.59],[64.25,33.07],[64.33,33.07],[64.28,32.81],[64.36,32.81],[64.22,32.49],[64.21,32.04],[64.28,32.04],[64.25,31.46],[64.33,31.46],[64.46,30.95],[64.59,30.82],[65.63,30.69],[66.34,30.44],[67.17,30.37],[67.15,30.31],[70.2,29.99],[71.08,29.79],[71.27,29.6],[71.19,29.15],[70.95,28.7],[70.47,28.06],[70.22,27.93],[70.01,27.54],[69.85,27.48],[69.56,27.09],[69.52,26.84],[69.27,26.64],[69.24,26.45],[68.79,25.94],[68.77,25.74],[68.31,25.1],[68.15,25.04],[67.95,24.65],[67.36,24.07],[67.29,24.07],[67.33,24.39],[67.25,24.39],[67.21,24.71],[66.63,24.84],[66.68,25.23],[66.35,25.55],[66.02,25.36],[64.82,25.29],[64.8,25.16],[64.28,25.23],[64.23,25.36],[63.63,25.36],[63.54,25.23],[62.56,25.23],[62.47,25.1],[62.18,25.16],[62.02,25.04],[61.72,25.04],[61.66,25.16],[61.13,25.1],[60.92,25.23],[60.62,25.23],[60.63,25.36],[59.06,25.36],[58.78,25.55],[57.96,25.55],[57.74,25.62],[57.68,25.74],[57.38,25.74],[57.11,26.07],[57.05,26.84],[56.71,27.16],[56.19,27.16],[56.1,27.03],[56.32,27.03],[56.31,26.9],[56.06,26.71],[55.6,26.64],[55.44,26.52],[55.29,26.52],[55.31,26.71],[55.54,26.77],[55.24,26.77],[54.83,26.45],[54.46,26.52],[54.26,26.71],[53.66,26.71],[53.46,26.97],[52.74,27.22],[52.48,27.61],[52.05,27.8],[51.6,27.8],[51.32,27.99],[51.33,28.12],[51.07,28.44],[51.03,28.77],[50.81,28.83],[50.92,29.09],[50.62,29.15],[50.65,29.41],[50.24,29.73],[50.06,30.18],[49.59,29.99],[48.94,30.31],[48.99,30.05],[48.9,29.99],[48.37,29.92],[48.4,29.6],[47.87,29.54],[47.85,29.41],[48.08,29.41],[48.22,29.28],[48.19,29.09],[48.46,28.77],[48.56,28.32],[48.97,27.93],[48.87,27.67],[49.24,27.61],[49.36,27.29],[50.13,26.77],[50.12,26.58],[50.25,26.45],[50.22,26.13],[50.07,26.07],[50.21,26.0],[50.33,25.62],[50.61,25.42],[50.65,25.1],[50.73,25.1],[50.77,25.55],[50.92,25.62],[50.95,25.94],[51.12,26.13],[51.42,26.13],[51.7,25.87],[51.57,25.36],[51.72,25.29],[51.69,24.97],[51.52,24.78],[51.41,24.33],[51.85,24.26],[51.91,24.01],[52.28,24.01],[52.6,24.26],[53.11,24.14],[54.08,24.14],[54.1,24.33],[54.32,24.26],[54.56,24.46],[54.74,24.84],[55.14,25.1],[55.41,25.55],[55.97,25.87],[56.17,26.32],[56.48,26.39],[56.54,26.32],[56.39,25.55],[56.46,25.55],[56.42,25.16],[56.5,25.16],[56.4,24.97],[56.54,24.91],[56.79,24.33],[57.49,23.88],[58.81,23.62],[59.08,23.3],[59.07,23.17],[59.28,23.04],[59.27,22.91],[59.54,22.66],[59.9,22.53],[59.86,22.08],[59.44,21.44],[58.8,20.92],[58.61,20.41],[58.31,20.34],[58.25,20.54],[58.1,20.54],[57.93,20.28],[57.79,19.51],[57.87,19.51],[57.9,18.99],[57.0,18.8],[56.75,18.54],[56.64,18.09],[56.41,17.9],[55.59,17.84],[55.35,17.58],[55.31,17.13],[55.16,17.0],[54.2,17.0],[53.59,16.68],[53.22,16.68],[53.13,16.55],[52.38,16.29],[52.26,15.59],[52.1,15.46],[51.88,15.46],[51.27,15.14],[50.76,15.07],[50.23,14.81],[49.41,14.69],[48.79,14.04],[47.75,13.91],[47.67,13.72],[47.07,13.46],[45.74,13.34],[45.05,12.76],[44.61,12.76],[44.39,12.63],[43.44,12.69],[43.45,12.89],[43.24,13.08],[43.26,13.72],[43.06,13.98],[42.95,14.88],[42.89,15.07],[42.75,15.14],[42.71,15.84],[42.78,15.84],[42.82,16.61],[42.48,17.0],[42.48,17.13],[42.34,17.13],[42.28,17.45],[41.78,17.84],[41.45,18.48],[41.24,18.61],[41.25,18.86],[41.04,19.12],[40.99,19.44],[40.84,19.51],[40.85,19.7],[40.56,19.83],[40.14,20.28],[39.84,20.28],[39.35,20.79],[39.15,21.18],[39.17,21.63],[39.03,21.76],[39.14,22.53],[38.86,22.85],[38.87,23.04],[38.6,23.62],[38.03,24.14],[37.44,24.33],[37.39,24.65],[37.17,24.78],[37.18,24.91],[37.33,24.97],[37.27,25.23],[36.77,25.68],[36.72,26.0],[36.43,26.19],[36.16,26.77],[35.67,27.29],[35.61,27.54],[35.47,27.61],[35.41,27.87],[35.05,28.12],[34.59,28.06],[34.61,28.25],[34.85,28.57],[34.91,29.41],[34.75,29.28],[34.52,28.06],[34.36,27.93],[34.35,27.74],[34.12,27.74],[33.62,28.12],[33.55,28.32],[33.4,28.32],[33.19,28.51],[33.21,28.89],[32.86,29.22],[32.53,29.92],[32.43,29.6],[32.64,29.34],[32.69,28.96],[32.84,28.89],[33.11,28.38],[33.61,27.99],[33.59,27.61],[33.8,27.42],[33.93,27.03],[34.07,26.97],[34.05,26.58],[34.2,26.52],[34.46,25.87],[34.61,25.81],[35.15,24.65],[35.86,24.01],[35.85,23.88],[35.56,23.94],[35.55,23.81],[35.11,23.88],[33.76,23.69],[33.68,23.69],[33.39,23.81],[32.04,23.69],[31.67,23.75],[30.54,23.36],[30.46,23.36],[30.4,23.56],[30.1,23.75],[30.11,23.88],[29.96,23.88],[29.67,24.2],[28.57,24.65],[28.29,25.16],[28.24,25.94],[28.35,26.58],[28.27,26.58],[28.15,27.35],[27.94,27.54],[27.71,27.54],[27.79,27.67],[27.43,27.99],[27.28,27.93],[27.29,28.12],[27.14,28.25],[25.59,28.96],[25.37,29.28],[25.15,29.28],[25.0,29.41],[24.85,29.34],[24.78,29.54],[23.74,29.99],[22.45,30.05],[21.23,29.86],[20.16,29.34],[19.93,29.34],[18.71,28.83],[18.7,28.7],[18.4,28.7],[18.33,28.64],[18.4,28.51],[18.02,28.44],[16.79,27.29],[16.64,27.29],[16.34,27.03],[16.41,26.9],[15.81,26.64],[14.46,26.32],[14.08,26.07],[13.33,25.94],[12.58,26.0],[11.98,26.19],[11.83,26.45],[11.6,26.45],[11.45,26.71],[11.3,26.64],[11.15,26.9],[11.0,26.9],[10.25,27.48],[10.1,27.48],[10.17,27.67],[10.1,27.67],[10.1,27.87],[9.95,27.8],[9.87,28.19],[9.8,28.19],[9.8,28.57],[9.49,28.77],[9.34,29.02],[8.13,29.09],[7.83,28.96],[6.54,28.96],[4.36,28.64],[2.47,28.64],[1.8,28.51],[1.04,28.64],[-0.25,28.64],[-1.08,28.89],[-1.46,28.89],[-1.39,29.02],[-3.61,29.67],[-5.14,29.99],[-5.98,29.99],[-6.5,29.86],[-8.03,30.05],[-8.04,30.18],[-8.65,30.31],[-9.64,30.31],[-9.65,30.5],[-9.88,30.56],[-9.86,31.34],[-9.78,31.34],[-9.73,31.72],[-9.51,31.85],[-9.52,31.98],[-9.31,32.17],[-9.33,32.49],[-9.2,32.75],[-8.55,33.33],[-7.13,33.84],[-7.06,33.97],[-6.9,33.91],[-6.61,34.16],[-6.7,34.29],[-6.47,34.36],[-6.48,34.49],[-6.33,34.55],[-6.28,34.87],[-6.2,34.87],[-6.29,35.07],[-6.13,35.0],[-6.15,35.19],[-6.0,35.32],[-5.88,35.77],[-5.34,35.84],[-5.24,35.52],[-4.75,35.19],[-3.13,35.19],[-2.98,35.26],[-2.99,35.45],[-2.84,35.45],[-2.82,35.13],[-2.66,35.07],[-1.89,35.07],[-1.59,35.26],[-1.36,35.26],[-1.14,35.45],[-1.22,35.64],[-1.07,35.58],[-0.92,35.71],[-0.53,35.71],[-0.46,35.84],[0.08,35.84],[0.38,36.22],[0.68,36.29],[0.68,36.42],[0.91,36.35],[1.22,36.55],[1.53,36.48],[2.38,36.67],[2.69,36.61],[2.84,36.74],[3.23,36.74],[3.46,36.87],[3.85,36.8],[4.24,36.93],[4.86,36.87],[5.1,36.67],[5.56,36.67],[5.64,36.8],[6.11,36.8],[6.1,36.93],[6.33,37.06],[6.8,36.87],[7.19,36.87],[7.35,37.06],[7.5,37.06],[7.74,36.87],[8.52,36.87],[8.9,37.13],[9.06,37.06],[9.37,37.25],[9.76,37.32],[9.99,37.19],[10.23,37.25],[10.23,37.06],[10.31,37.06],[10.23,36.8],[10.46,36.74],[11.01,37.0]],[[10.15,37.06],[10.15,37.0],[10.23,37.0],[10.23,37.06],[10.15,37.06]],[[35.52,33.84],[35.59,33.84],[35.6,33.91],[35.52,33.91],[35.52,33.84]],[[34.84,32.3],[34.92,32.3],[34.92,32.36],[34.85,32.36],[34.84,32.3]],[[13.07,32.81],[13.15,32.81],[13.15,32.88],[13.07,32.88],[13.07,32.81]],[[8.83,36.93],[8.9,36.93],[8.9,37.0],[8.83,37.0],[8.83,36.93]]],[[[-6.35,29.86],[-6.35,29.79],[-6.42,29.79],[-6.42,29.86],[-6.35,29.86]]],[[[-5.97,29.92],[-5.9,29.92],[-5.89,29.86],[-5.97,29.86],[-5.97,29.92]]],[[[1.56,42.69],[1.89,42.5],[2.21,42.5],[2.46,42.37],[3.09,42.5],[3.1,42.43],[3.18,42.37],[3.12,41.91],[2.89,41.72],[2.33,41.59],[2.11,41.33],[1.24,41.2],[0.7,40.94],[0.71,40.68],[0.47,40.61],[0.25,40.42],[0.18,40.16],[-0.2,39.97],[-0.35,39.71],[-0.31,39.13],[0.1,38.74],[-0.66,38.29],[-0.8,38.03],[-0.7,37.64],[-1.71,37.45],[-1.62,37.32],[-1.86,37.32],[-2.06,36.8],[-2.53,36.87],[-2.68,36.74],[-4.47,36.74],[-4.69,36.55],[-5.23,36.48],[-5.29,36.22],[-5.52,36.16],[-5.58,36.03],[-5.83,36.22],[-6.06,36.22],[-6.33,36.67],[-6.35,36.93],[-6.59,37.0],[-6.84,37.25],[-7.47,37.25],[-7.45,37.13],[-7.68,37.0],[-8.7,37.13],[-9.0,37.0],[-8.9,37.58],[-8.82,37.58],[-8.82,38.48],[-9.21,38.42],[-9.23,38.67],[-9.38,38.61],[-9.55,38.74],[-9.57,38.93],[-9.43,39.06],[-9.39,39.45],[-9.16,39.51],[-9.1,39.77],[-9.03,39.77],[-8.93,40.36],[-8.85,40.36],[-8.87,40.61],[-8.73,40.74],[-8.89,41.52],[-8.89,41.59],[-8.42,41.65],[-8.44,41.78],[-7.33,41.85],[-7.18,41.98],[-6.61,41.91],[-6.39,42.04],[-4.96,42.11],[-4.02,42.37],[-3.71,42.56],[-3.0,42.63],[-2.2,42.63],[-2.13,42.76],[-1.73,42.76],[0.47,42.17],[0.47,42.11],[1.04,42.04],[1.35,42.17],[1.56,42.69]]],[[[28.58,41.33],[28.48,41.07],[27.53,41.07],[27.02,40.68],[26.92,40.48],[26.77,40.55],[26.78,40.68],[26.7,40.68],[26.71,40.81],[26.97,41.0],[27.12,41.0],[27.47,41.26],[27.55,41.26],[27.88,41.46],[28.28,41.46],[28.36,41.46],[28.58,41.33]]],[[[58.98,20.41],[58.82,20.21],[58.67,20.21],[58.77,20.54],[58.77,20.6],[59.0,20.66],[58.98,20.41]]],[[[50.46,26.26],[50.69,26.26],[50.67,26.13],[50.67,26.07],[50.65,25.87],[50.43,25.94],[50.46,26.26]]]]},"properties":{"id":"territory:Umayyad Caliphate:718","name":"우마이야 칼리프국","name_en":"Umayyad Caliphate","actor":"기타중립","valid_from":718,"valid_to":724,"wikidata":"Q8575586","area":9839090,"src":"cliopatria","confidence":"medium"}},{"type":"Feature","geometry":{"type":"Point","coordinates":[39.626,29.803]},"properties":{"id":"territory:Umayyad Caliphate:718:label","name":"우마이야 칼리프국","name_en":"Umayyad Caliphate","actor":"기타중립","valid_from":718,"valid_to":724,"wikidata":"Q8575586","area":9839090,"src":"cliopatria","confidence":"medium"}},{"type":"Feature","geometry":{"type":"MultiPolygon","coordinates":[[[[-6.35,29.86],[-6.35,29.79],[-6.42,29.79],[-6.42,29.86],[-6.35,29.86]]],[[[-5.9,29.92],[-5.89,29.86],[-5.97,29.86],[-5.97,29.92],[-5.9,29.92]]],[[[11.08,35.0],[10.85,34.94],[10.85,34.81],[10.54,34.55],[10.0,34.29],[10.08,34.04],[10.01,34.04],[10.01,33.97],[10.01,33.91],[10.08,33.91],[10.08,33.84],[10.16,33.84],[10.16,33.78],[10.24,33.78],[10.24,33.71],[10.31,33.71],[10.54,33.71],[10.7,33.52],[11.08,33.59],[11.16,33.2],[11.46,33.2],[12.23,32.81],[12.61,32.88],[12.53,32.75],[12.84,32.75],[12.84,32.88],[13.3,32.94],[13.45,32.81],[13.76,32.88],[13.76,32.75],[14.07,32.75],[14.44,32.49],[14.67,32.56],[14.75,32.43],[15.06,32.43],[15.28,32.3],[15.42,31.66],[15.58,31.59],[15.65,31.4],[16.18,31.21],[16.86,31.21],[17.85,30.95],[18.22,30.76],[18.59,30.37],[18.9,30.37],[18.97,30.24],[19.66,30.37],[19.96,30.56],[19.97,30.69],[20.2,30.89],[20.13,31.14],[20.21,31.27],[20.0,31.59],[20.09,32.11],[20.02,32.24],[20.25,32.24],[20.33,32.49],[20.48,32.43],[20.56,32.56],[20.72,32.56],[20.64,32.69],[20.87,32.62],[21.11,32.81],[21.41,32.75],[21.88,32.94],[23.09,32.62],[23.08,32.36],[23.3,32.17],[23.68,32.17],[24.13,31.98],[24.89,31.98],[25.11,31.79],[25.1,31.59],[25.25,31.46],[26.85,31.46],[27.3,31.34],[27.51,31.14],[28.5,31.01],[28.87,30.82],[29.4,30.82],[29.49,31.01],[29.63,30.95],[29.87,31.08],[29.8,31.21],[29.88,31.27],[30.34,31.27],[30.27,31.4],[30.35,31.46],[30.81,31.46],[30.97,31.53],[30.97,31.66],[31.2,31.66],[31.12,31.53],[31.27,31.46],[31.88,31.46],[31.78,31.21],[31.94,31.27],[32.0,31.08],[32.3,31.08],[32.24,31.21],[32.39,31.21],[32.53,31.08],[32.77,31.14],[32.83,31.01],[33.75,31.08],[34.3,31.27],[34.31,31.4],[34.63,31.66],[34.57,31.85],[34.81,31.98],[34.77,32.36],[35.02,32.62],[35.06,33.01],[35.22,33.07],[35.4,33.39],[35.35,33.65],[35.5,33.65],[35.45,33.91],[35.68,33.97],[35.64,34.36],[35.79,34.29],[36.05,34.55],[36.07,34.74],[35.93,34.87],[35.96,35.19],[35.88,35.19],[35.99,35.52],[35.84,35.58],[35.99,36.22],[35.84,36.29],[36.26,36.61],[36.29,36.8],[36.14,36.93],[35.83,36.93],[35.49,36.61],[35.33,36.61],[35.11,36.74],[34.95,36.67],[34.89,36.87],[34.74,36.87],[34.66,36.87],[34.78,37.25],[35.03,37.45],[35.35,37.51],[35.43,37.51],[35.82,37.51],[36.15,37.71],[36.46,38.29],[36.61,38.22],[36.79,38.48],[37.13,38.67],[37.07,38.8],[37.31,38.87],[37.43,39.19],[37.68,39.26],[38.15,39.84],[38.16,39.9],[38.3,39.77],[38.84,39.71],[39.59,39.97],[40.58,40.74],[40.74,40.74],[41.53,41.26],[42.25,41.26],[42.36,41.46],[42.61,41.52],[42.66,41.78],[42.67,41.85],[42.75,41.85],[42.93,42.43],[42.72,42.56],[42.75,42.76],[42.61,42.82],[42.5,43.15],[42.99,43.15],[43.42,42.89],[43.66,42.89],[43.85,42.63],[44.36,42.76],[44.74,42.69],[44.82,42.69],[45.23,42.69],[45.67,42.5],[45.75,42.11],[46.3,42.04],[46.35,41.91],[46.74,41.85],[47.27,41.33],[47.56,41.2],[47.89,41.26],[48.18,41.52],[48.17,41.85],[48.09,41.85],[48.2,41.98],[48.28,41.98],[49.09,41.26],[49.06,41.13],[49.27,41.0],[49.24,40.87],[49.51,40.61],[50.05,40.55],[50.26,40.42],[49.69,40.36],[49.51,40.23],[49.27,39.38],[49.15,39.19],[48.99,39.19],[48.92,39.19],[48.67,39.58],[48.45,39.64],[48.23,39.32],[48.25,39.0],[47.99,38.87],[47.99,38.42],[48.19,38.22],[48.39,37.58],[48.85,37.06],[49.14,36.93],[49.19,36.74],[50.28,36.29],[50.47,36.03],[51.09,36.03],[51.83,35.84],[52.03,35.64],[52.34,35.64],[52.7,35.97],[53.2,36.16],[54.3,36.22],[54.88,36.42],[55.15,36.61],[55.19,36.8],[55.45,36.93],[55.48,37.13],[55.03,37.19],[54.83,37.38],[54.04,37.32],[53.96,37.32],[53.91,37.84],[53.83,37.84],[53.99,39.0],[53.52,39.38],[53.14,39.45],[53.54,39.51],[53.5,40.03],[52.72,40.1],[52.71,40.42],[52.79,40.42],[52.89,40.87],[52.97,40.87],[52.94,40.74],[53.34,40.74],[53.45,40.87],[53.4,40.68],[54.39,40.81],[56.83,40.74],[57.46,41.39],[58.26,43.47],[58.42,43.47],[58.63,43.67],[59.12,43.41],[60.37,43.54],[60.39,43.34],[60.84,42.95],[60.82,42.89],[61.01,42.69],[61.17,42.69],[61.4,42.37],[61.56,42.37],[61.78,42.04],[61.94,42.04],[62.19,41.78],[62.15,41.65],[62.35,41.52],[62.32,41.39],[62.4,41.39],[62.28,41.26],[62.53,41.0],[62.3,40.74],[62.4,40.55],[62.33,40.29],[62.47,40.23],[62.5,40.03],[62.58,40.03],[62.65,39.71],[63.09,39.26],[63.25,39.26],[63.42,39.0],[63.84,38.8],[64.01,38.55],[64.37,38.42],[64.66,38.03],[65.24,37.84],[65.63,37.51],[66.52,37.32],[67.0,37.38],[67.12,37.25],[67.75,37.25],[67.92,37.0],[68.15,37.0],[68.78,37.32],[69.01,37.32],[69.12,37.13],[69.35,37.13],[69.55,37.58],[70.08,37.51],[70.27,37.64],[70.16,37.84],[70.21,38.03],[70.71,38.42],[71.18,38.42],[71.3,38.29],[71.27,37.9],[71.57,37.84],[71.48,36.93],[70.24,36.67],[69.0,36.67],[68.6,36.61],[68.49,36.48],[67.8,36.55],[67.07,36.42],[66.9,36.03],[66.72,35.9],[66.37,35.07],[65.93,34.49],[64.74,33.97],[64.36,33.59],[64.25,33.07],[64.33,33.07],[64.28,32.81],[64.36,32.81],[64.22,32.49],[64.21,32.04],[64.28,32.04],[64.25,31.46],[64.33,31.46],[64.46,30.95],[64.59,30.82],[65.63,30.69],[66.34,30.44],[67.17,30.37],[67.15,30.31],[68.43,30.24],[70.56,29.86],[70.39,28.96],[70.17,28.51],[69.23,27.87],[68.52,27.67],[68.09,27.29],[67.92,26.64],[67.99,26.64],[68.06,26.07],[68.19,25.94],[68.22,25.55],[67.76,24.91],[67.54,24.26],[67.36,24.07],[67.29,24.07],[67.33,24.39],[67.25,24.39],[67.21,24.71],[66.63,24.84],[66.68,25.23],[66.35,25.55],[66.02,25.36],[64.82,25.29],[64.8,25.16],[64.28,25.23],[64.23,25.36],[63.63,25.36],[63.54,25.23],[62.56,25.23],[62.47,25.1],[62.18,25.16],[62.02,25.04],[61.72,25.04],[61.66,25.16],[61.13,25.1],[60.92,25.23],[60.62,25.23],[60.63,25.36],[59.06,25.36],[58.78,25.55],[57.96,25.55],[57.74,25.62],[57.68,25.74],[57.38,25.74],[57.11,26.07],[57.05,26.84],[56.71,27.16],[56.19,27.16],[56.1,27.03],[56.32,27.03],[56.31,26.9],[56.06,26.71],[55.6,26.64],[55.44,26.52],[55.29,26.52],[55.31,26.71],[55.54,26.77],[55.24,26.77],[54.83,26.45],[54.46,26.52],[54.26,26.71],[53.66,26.71],[53.46,26.97],[52.74,27.22],[52.48,27.61],[52.05,27.8],[51.6,27.8],[51.32,27.99],[51.33,28.12],[51.07,28.44],[51.03,28.77],[50.81,28.83],[50.92,29.09],[50.62,29.15],[50.65,29.41],[50.24,29.73],[50.06,30.18],[49.59,29.99],[48.94,30.31],[48.99,30.05],[48.9,29.99],[48.37,29.92],[48.4,29.6],[47.87,29.54],[47.85,29.41],[48.08,29.41],[48.22,29.28],[48.19,29.09],[48.46,28.77],[48.56,28.32],[48.97,27.93],[48.87,27.67],[49.24,27.61],[49.36,27.29],[50.13,26.77],[50.12,26.58],[50.25,26.45],[50.22,26.13],[50.07,26.07],[50.21,26.0],[50.33,25.62],[50.61,25.42],[50.65,25.1],[50.73,25.1],[50.77,25.55],[50.92,25.62],[50.95,25.94],[51.12,26.13],[51.42,26.13],[51.7,25.87],[51.57,25.36],[51.72,25.29],[51.69,24.97],[51.52,24.78],[51.41,24.33],[51.85,24.26],[51.91,24.01],[52.28,24.01],[52.6,24.26],[53.11,24.14],[54.08,24.14],[54.1,24.33],[54.32,24.26],[54.56,24.46],[54.74,24.84],[55.14,25.1],[55.41,25.55],[55.97,25.87],[56.17,26.32],[56.48,26.39],[56.54,26.32],[56.39,25.55],[56.46,25.55],[56.42,25.16],[56.5,25.16],[56.4,24.97],[56.54,24.91],[56.79,24.33],[57.49,23.88],[58.81,23.62],[59.08,23.3],[59.07,23.17],[59.28,23.04],[59.27,22.91],[59.54,22.66],[59.9,22.53],[59.86,22.08],[59.44,21.44],[58.8,20.92],[58.61,20.41],[58.31,20.34],[58.25,20.54],[58.1,20.54],[57.93,20.28],[57.79,19.51],[57.87,19.51],[57.9,18.99],[57.0,18.8],[56.75,18.54],[56.64,18.09],[56.41,17.9],[55.59,17.84],[55.35,17.58],[55.31,17.13],[55.16,17.0],[54.2,17.0],[53.59,16.68],[53.22,16.68],[53.13,16.55],[52.38,16.29],[52.26,15.59],[52.1,15.46],[51.88,15.46],[51.27,15.14],[50.76,15.07],[50.23,14.81],[49.41,14.69],[48.79,14.04],[47.75,13.91],[47.67,13.72],[47.07,13.46],[45.74,13.34],[45.05,12.76],[44.61,12.76],[44.39,12.63],[43.44,12.69],[43.45,12.89],[43.24,13.08],[43.26,13.72],[43.06,13.98],[42.95,14.88],[42.89,15.07],[42.75,15.14],[42.71,15.84],[42.78,15.84],[42.82,16.61],[42.48,17.0],[42.48,17.13],[42.34,17.13],[42.28,17.45],[41.78,17.84],[41.45,18.48],[41.24,18.61],[41.25,18.86],[41.04,19.12],[40.99,19.44],[40.84,19.51],[40.85,19.7],[40.56,19.83],[40.14,20.28],[39.84,20.28],[39.35,20.79],[39.15,21.18],[39.17,21.63],[39.03,21.76],[39.14,22.53],[38.86,22.85],[38.87,23.04],[38.6,23.62],[38.03,24.14],[37.44,24.33],[37.39,24.65],[37.17,24.78],[37.18,24.91],[37.33,24.97],[37.27,25.23],[36.77,25.68],[36.72,26.0],[36.43,26.19],[36.16,26.77],[35.67,27.29],[35.61,27.54],[35.47,27.61],[35.41,27.87],[35.05,28.12],[34.59,28.06],[34.61,28.25],[34.85,28.57],[34.91,29.41],[34.75,29.28],[34.52,28.06],[34.36,27.93],[34.35,27.74],[34.12,27.74],[33.62,28.12],[33.55,28.32],[33.4,28.32],[33.19,28.51],[33.21,28.89],[32.86,29.22],[32.53,29.92],[32.43,29.6],[32.64,29.34],[32.69,28.96],[32.84,28.89],[33.11,28.38],[33.61,27.99],[33.59,27.61],[33.8,27.42],[33.93,27.03],[34.07,26.97],[34.05,26.58],[34.2,26.52],[34.46,25.87],[34.61,25.81],[35.15,24.65],[35.86,24.01],[35.85,23.88],[35.56,23.94],[35.55,23.81],[35.11,23.88],[33.76,23.69],[33.68,23.69],[33.39,23.81],[32.04,23.69],[31.67,23.75],[30.54,23.36],[30.46,23.36],[30.4,23.56],[30.1,23.75],[30.11,23.88],[29.96,23.88],[29.67,24.2],[28.57,24.65],[28.29,25.16],[28.24,25.94],[28.35,26.58],[28.27,26.58],[28.15,27.35],[27.94,27.54],[27.71,27.54],[27.79,27.67],[27.43,27.99],[27.28,27.93],[27.29,28.12],[27.14,28.25],[25.59,28.96],[25.37,29.28],[25.15,29.28],[25.0,29.41],[24.85,29.34],[24.78,29.54],[23.74,29.99],[22.45,30.05],[21.23,29.86],[20.16,29.34],[19.93,29.34],[18.71,28.83],[18.7,28.7],[18.4,28.7],[18.33,28.64],[18.4,28.51],[18.02,28.44],[16.79,27.29],[16.64,27.29],[16.34,27.03],[16.41,26.9],[13.48,25.94],[12.58,26.0],[11.98,26.19],[11.83,26.45],[11.6,26.45],[11.45,26.71],[11.3,26.64],[11.15,26.9],[11.0,26.9],[10.25,27.48],[10.1,27.48],[10.17,27.67],[10.1,27.67],[10.1,27.87],[9.95,27.8],[9.8,28.51],[9.8,28.57],[9.72,28.57],[9.34,29.02],[8.89,29.09],[8.13,29.09],[7.83,28.96],[6.54,28.96],[3.23,28.57],[2.47,28.64],[1.72,28.51],[1.04,28.64],[-0.25,28.64],[-1.08,28.89],[-1.46,28.89],[-1.39,29.02],[-3.61,29.67],[-5.14,29.99],[-5.98,29.99],[-6.5,29.86],[-8.03,30.05],[-8.04,30.18],[-8.65,30.31],[-9.64,30.31],[-9.65,30.5],[-9.88,30.56],[-9.86,31.34],[-9.78,31.34],[-9.73,31.72],[-9.51,31.85],[-9.52,31.98],[-9.31,32.17],[-9.33,32.49],[-9.2,32.75],[-8.55,33.33],[-7.13,33.84],[-7.06,33.97],[-6.9,33.91],[-6.61,34.16],[-6.7,34.29],[-6.47,34.36],[-6.48,34.49],[-6.33,34.55],[-6.28,34.87],[-6.2,34.87],[-6.29,35.07],[-6.13,35.0],[-6.15,35.19],[-6.0,35.32],[-5.88,35.77],[-5.5,35.73],[-5.57,35.84],[-5.34,35.84],[-5.33,35.77],[-5.45,35.72],[-5.33,35.71],[-5.24,35.52],[-4.75,35.19],[-3.13,35.19],[-2.98,35.26],[-2.99,35.45],[-2.84,35.45],[-2.82,35.13],[-2.66,35.07],[-1.89,35.07],[-1.59,35.26],[-1.36,35.26],[-1.14,35.45],[-1.22,35.64],[-1.07,35.58],[-0.92,35.71],[-0.53,35.71],[-0.46,35.84],[0.08,35.84],[0.38,36.22],[0.68,36.29],[0.68,36.42],[0.91,36.35],[1.22,36.55],[1.53,36.48],[2.38,36.67],[2.69,36.61],[2.84,36.74],[3.23,36.74],[3.46,36.87],[3.85,36.8],[4.24,36.93],[4.86,36.87],[5.1,36.67],[5.56,36.67],[5.64,36.8],[6.11,36.8],[6.1,36.93],[6.33,37.06],[6.8,36.87],[7.19,36.87],[7.35,37.06],[7.66,37.0],[7.74,36.87],[8.52,36.87],[8.9,37.13],[9.06,37.06],[9.37,37.25],[9.76,37.32],[9.99,37.19],[10.23,37.25],[10.23,37.06],[10.31,37.06],[10.23,36.8],[10.46,36.74],[11.01,37.0],[11.01,36.8],[10.46,36.42],[10.54,36.35],[10.46,35.9],[10.7,35.71],[10.85,35.77],[10.85,35.64],[10.93,35.64],[11.08,35.58],[11.08,35.39],[11.01,35.39],[11.08,35.0]]],[[[37.06,38.74],[37.05,38.67],[36.97,38.67],[36.98,38.74],[37.06,38.74]]],[[[3.12,41.91],[2.57,41.59],[2.33,41.59],[2.11,41.33],[1.24,41.2],[0.7,40.94],[0.71,40.68],[0.47,40.61],[0.25,40.42],[0.18,40.16],[-0.2,39.97],[-0.35,39.71],[-0.31,39.13],[0.1,38.74],[-0.66,38.29],[-0.8,38.03],[-0.7,37.64],[-1.71,37.45],[-1.62,37.32],[-1.86,37.32],[-2.06,36.8],[-2.53,36.87],[-2.68,36.74],[-4.47,36.74],[-4.69,36.55],[-5.23,36.48],[-5.29,36.22],[-5.52,36.16],[-5.58,36.03],[-5.83,36.22],[-6.06,36.22],[-6.33,36.67],[-6.35,36.93],[-6.59,37.0],[-6.84,37.25],[-7.47,37.25],[-7.45,37.13],[-7.68,37.0],[-8.07,37.0],[-8.31,37.13],[-8.7,37.13],[-9.0,37.0],[-8.9,37.58],[-8.82,37.58],[-8.82,38.48],[-9.21,38.42],[-9.23,38.67],[-9.38,38.61],[-9.55,38.74],[-9.57,38.93],[-9.43,39.06],[-9.39,39.45],[-9.16,39.51],[-9.1,39.77],[-9.03,39.77],[-8.93,40.36],[-8.85,40.36],[-8.87,40.61],[-8.73,40.74],[-8.89,41.52],[-8.89,41.59],[-8.42,41.65],[-8.44,41.78],[-7.33,41.85],[-7.18,41.98],[-6.61,41.91],[-6.39,42.04],[-4.96,42.11],[-4.02,42.37],[-3.71,42.56],[-3.0,42.63],[-2.2,42.63],[-2.13,42.76],[-1.73,42.76],[0.72,42.04],[1.04,42.04],[1.43,42.24],[1.48,42.69],[1.79,42.95],[1.95,42.95],[1.94,43.08],[2.33,43.41],[2.32,43.54],[2.63,43.8],[2.8,43.8],[3.03,44.06],[3.43,44.06],[3.81,44.52],[4.06,44.52],[4.63,44.25],[4.24,44.06],[4.09,43.6],[4.01,43.6],[3.54,43.41],[3.46,43.41],[2.98,43.15],[3.01,42.56],[3.18,42.37],[3.12,41.91]]],[[[42.17,16.81],[42.24,16.68],[42.23,16.61],[42.01,16.61],[42.02,16.81],[42.17,16.81]]],[[[58.82,20.21],[58.67,20.21],[58.77,20.54],[58.77,20.6],[59.0,20.66],[58.98,20.41],[58.82,20.21]]],[[[50.46,26.26],[50.69,26.26],[50.67,26.13],[50.67,26.07],[50.65,25.87],[50.43,25.94],[50.46,26.26]]]]},"properties":{"id":"territory:Umayyad Caliphate:741","name":"우마이야 칼리프국","name_en":"Umayyad Caliphate","actor":"기타중립","valid_from":741,"valid_to":750,"wikidata":"Q8575586","area":9838253,"src":"cliopatria","confidence":"medium"}},{"type":"Feature","geometry":{"type":"Point","coordinates":[39.553,29.874]},"properties":{"id":"territory:Umayyad Caliphate:741:label","name":"우마이야 칼리프국","name_en":"Umayyad Caliphate","actor":"기타중립","valid_from":741,"valid_to":750,"wikidata":"Q8575586","area":9838253,"src":"cliopatria","confidence":"medium"}},{"type":"Feature","geometry":{"type":"MultiPolygon","coordinates":[[[[42.02,16.81],[42.17,16.81],[42.24,16.68],[42.23,16.61],[42.01,16.61],[42.02,16.81]]],[[[58.98,20.41],[58.82,20.21],[58.67,20.21],[58.77,20.54],[58.77,20.6],[59.0,20.66],[58.98,20.41]]],[[[50.43,25.94],[50.46,26.26],[50.69,26.26],[50.67,26.13],[50.67,26.07],[50.65,25.87],[50.43,25.94]]],[[[11.01,37.0],[11.01,36.8],[10.46,36.42],[10.54,36.35],[10.46,35.9],[10.7,35.71],[10.85,35.77],[10.93,35.58],[11.08,35.58],[11.08,35.39],[11.01,35.39],[11.08,35.0],[10.85,34.94],[10.85,34.81],[10.54,34.55],[10.0,34.29],[10.08,34.23],[10.01,33.91],[10.24,33.71],[10.54,33.71],[10.7,33.52],[11.08,33.59],[11.16,33.2],[11.46,33.2],[12.23,32.81],[12.61,32.88],[12.53,32.75],[12.84,32.75],[12.84,32.88],[13.3,32.94],[13.45,32.81],[13.76,32.88],[13.76,32.75],[14.07,32.75],[14.44,32.49],[14.67,32.56],[14.75,32.43],[15.06,32.43],[15.28,32.3],[15.42,31.66],[15.58,31.59],[15.65,31.4],[16.18,31.21],[16.86,31.21],[17.85,30.95],[18.22,30.76],[18.59,30.37],[18.9,30.37],[18.97,30.24],[19.66,30.37],[19.96,30.56],[19.97,30.69],[20.2,30.89],[20.13,31.14],[20.21,31.27],[20.0,31.59],[20.09,32.11],[20.02,32.24],[20.25,32.24],[20.33,32.49],[20.48,32.43],[20.56,32.56],[20.72,32.56],[20.64,32.69],[20.87,32.62],[21.11,32.81],[21.41,32.75],[21.88,32.94],[23.09,32.62],[23.08,32.36],[23.3,32.17],[23.68,32.17],[24.13,31.98],[24.89,31.98],[25.11,31.79],[25.1,31.59],[25.25,31.46],[26.85,31.46],[27.3,31.34],[27.51,31.14],[28.5,31.01],[28.87,30.82],[29.4,30.82],[29.49,31.01],[29.63,30.95],[29.87,31.08],[29.8,31.21],[29.88,31.27],[30.34,31.27],[30.27,31.4],[30.35,31.46],[30.81,31.46],[30.97,31.53],[30.97,31.66],[31.2,31.66],[31.12,31.53],[31.27,31.46],[31.88,31.46],[31.78,31.21],[31.94,31.27],[32.0,31.08],[32.3,31.08],[32.24,31.21],[32.39,31.21],[32.53,31.08],[32.77,31.14],[32.83,31.01],[33.75,31.08],[34.3,31.27],[34.31,31.4],[34.63,31.66],[34.57,31.85],[34.81,31.98],[34.77,32.36],[35.02,32.62],[35.06,33.01],[35.22,33.07],[35.4,33.39],[35.35,33.65],[35.5,33.65],[35.45,33.91],[35.68,33.97],[35.64,34.36],[35.79,34.29],[36.05,34.55],[36.07,34.74],[35.93,34.87],[35.96,35.19],[35.88,35.19],[35.99,35.52],[35.84,35.58],[35.99,36.22],[35.84,36.29],[36.26,36.61],[36.29,36.8],[36.14,36.93],[35.83,36.93],[35.49,36.61],[35.41,36.61],[35.62,37.13],[36.56,37.13],[37.39,37.58],[37.62,37.58],[37.79,37.71],[37.94,37.64],[39.02,38.09],[39.33,38.09],[39.42,38.22],[39.73,38.16],[39.91,38.35],[40.07,38.35],[40.27,38.67],[40.32,39.0],[40.5,39.19],[40.56,39.58],[40.81,39.71],[40.96,40.16],[41.33,40.48],[41.53,41.26],[42.25,41.26],[42.36,41.46],[42.62,41.59],[42.86,41.59],[43.34,41.13],[43.98,41.13],[44.24,41.26],[44.35,41.46],[44.87,41.65],[45.07,41.91],[45.31,41.91],[45.62,42.24],[45.75,42.11],[46.3,42.04],[46.35,41.91],[46.74,41.85],[47.27,41.33],[47.56,41.2],[47.89,41.26],[48.18,41.52],[48.17,41.85],[48.09,41.85],[48.2,41.98],[48.28,41.98],[49.09,41.26],[49.06,41.13],[49.27,41.0],[49.24,40.87],[49.51,40.61],[50.05,40.55],[50.26,40.42],[49.69,40.36],[49.51,40.23],[49.27,39.38],[49.15,39.19],[48.99,39.19],[48.92,39.19],[48.67,39.58],[48.45,39.64],[48.23,39.32],[48.25,39.0],[47.99,38.87],[47.99,38.42],[48.19,38.22],[48.39,37.58],[48.85,37.06],[49.14,36.93],[49.19,36.74],[50.28,36.29],[50.47,36.03],[51.09,36.03],[51.83,35.84],[52.03,35.64],[52.34,35.64],[52.7,35.97],[53.2,36.16],[54.3,36.22],[54.88,36.42],[55.15,36.61],[55.19,36.8],[55.45,36.93],[55.48,37.13],[55.56,37.13],[55.8,37.13],[55.85,37.0],[56.09,37.06],[56.61,36.93],[57.31,36.93],[57.81,37.06],[58.15,37.58],[58.52,37.84],[58.68,38.22],[59.55,38.93],[60.52,39.38],[60.65,39.58],[60.95,39.51],[62.5,40.03],[62.58,40.03],[62.65,39.71],[63.09,39.26],[63.25,39.26],[63.42,39.0],[63.84,38.8],[64.01,38.55],[64.37,38.42],[64.66,38.03],[65.24,37.84],[65.63,37.51],[66.52,37.32],[67.0,37.38],[67.12,37.25],[67.75,37.25],[67.92,37.0],[67.57,36.87],[67.09,36.48],[66.37,35.07],[65.93,34.49],[64.56,33.84],[64.36,33.59],[64.25,33.07],[64.33,33.07],[64.28,32.81],[64.36,32.81],[64.2,32.43],[64.28,32.43],[64.25,31.46],[64.59,30.82],[65.63,30.69],[66.34,30.44],[67.17,30.37],[67.15,30.31],[66.55,28.57],[66.48,28.57],[66.4,26.52],[65.8,25.36],[64.82,25.29],[64.8,25.16],[64.58,25.16],[64.28,25.23],[64.23,25.36],[63.63,25.36],[63.54,25.23],[62.56,25.23],[62.47,25.1],[62.18,25.16],[62.02,25.04],[61.72,25.04],[61.66,25.16],[61.13,25.1],[60.92,25.23],[60.62,25.23],[60.63,25.36],[59.06,25.36],[58.78,25.55],[57.96,25.55],[57.74,25.62],[57.68,25.74],[57.38,25.74],[57.11,26.07],[57.05,26.84],[56.71,27.16],[56.19,27.16],[56.1,27.03],[56.32,27.03],[56.31,26.9],[56.06,26.71],[55.6,26.64],[55.44,26.52],[55.29,26.52],[55.31,26.71],[55.54,26.77],[55.24,26.77],[54.83,26.45],[54.46,26.52],[54.26,26.71],[53.66,26.71],[53.46,26.97],[52.74,27.22],[52.48,27.61],[52.05,27.8],[51.6,27.8],[51.32,27.99],[51.33,28.12],[51.07,28.44],[51.03,28.77],[50.81,28.83],[50.92,29.09],[50.62,29.15],[50.65,29.41],[50.24,29.73],[50.06,30.18],[49.59,29.99],[48.94,30.31],[48.99,30.05],[48.9,29.99],[48.37,29.92],[48.4,29.6],[47.87,29.54],[47.85,29.41],[48.08,29.41],[48.22,29.28],[48.19,29.09],[48.46,28.77],[48.56,28.32],[48.97,27.93],[48.87,27.67],[49.24,27.61],[49.36,27.29],[50.13,26.77],[50.12,26.58],[50.25,26.45],[50.22,26.13],[50.07,26.07],[50.21,26.0],[50.33,25.62],[50.61,25.42],[50.65,25.1],[50.73,25.1],[50.77,25.55],[50.92,25.62],[50.95,25.94],[51.12,26.13],[51.42,26.13],[51.7,25.87],[51.57,25.36],[51.72,25.29],[51.69,24.97],[51.52,24.78],[51.41,24.33],[51.85,24.26],[51.91,24.01],[52.28,24.01],[52.6,24.26],[53.11,24.14],[54.08,24.14],[54.1,24.33],[54.32,24.26],[54.56,24.46],[54.74,24.84],[55.14,25.1],[55.41,25.55],[55.97,25.87],[56.17,26.32],[56.48,26.39],[56.54,26.32],[56.39,25.55],[56.46,25.55],[56.42,25.16],[56.5,25.16],[56.4,24.97],[56.54,24.91],[56.79,24.33],[57.49,23.88],[58.81,23.62],[59.08,23.3],[59.07,23.17],[59.28,23.04],[59.27,22.91],[59.54,22.66],[59.9,22.53],[59.86,22.08],[59.44,21.44],[58.8,20.92],[58.61,20.41],[58.31,20.34],[58.25,20.54],[58.1,20.54],[57.93,20.28],[57.79,19.51],[57.87,19.51],[57.9,18.99],[57.0,18.8],[56.75,18.54],[56.64,18.09],[56.41,17.9],[55.59,17.84],[55.35,17.58],[55.31,17.13],[55.16,17.0],[54.2,17.0],[53.59,16.68],[53.22,16.68],[53.13,16.55],[52.38,16.29],[52.26,15.59],[52.1,15.46],[51.88,15.46],[51.27,15.14],[50.76,15.07],[50.23,14.81],[49.41,14.69],[48.79,14.04],[47.75,13.91],[47.67,13.72],[47.07,13.46],[45.74,13.34],[45.05,12.76],[44.61,12.76],[44.39,12.63],[43.44,12.69],[43.45,12.89],[43.24,13.08],[43.26,13.72],[43.06,13.98],[42.95,14.88],[42.89,15.07],[42.75,15.14],[42.71,15.84],[42.78,15.84],[42.82,16.61],[42.48,17.0],[42.48,17.13],[42.34,17.13],[42.28,17.45],[41.78,17.84],[41.45,18.48],[41.24,18.61],[41.25,18.86],[41.04,19.12],[40.99,19.44],[40.84,19.51],[40.85,19.7],[40.56,19.83],[40.14,20.28],[39.84,20.28],[39.35,20.79],[39.15,21.18],[39.17,21.63],[39.03,21.76],[39.14,22.53],[38.86,22.85],[38.87,23.04],[38.6,23.62],[38.03,24.14],[37.44,24.33],[37.39,24.65],[37.17,24.78],[37.18,24.91],[37.33,24.97],[37.27,25.23],[36.77,25.68],[36.72,26.0],[36.43,26.19],[36.16,26.77],[35.67,27.29],[35.61,27.54],[35.47,27.61],[35.41,27.87],[35.05,28.12],[34.59,28.06],[34.61,28.25],[34.85,28.57],[34.91,29.41],[34.75,29.28],[34.52,28.06],[34.36,27.93],[34.35,27.74],[34.12,27.74],[33.62,28.12],[33.55,28.32],[33.4,28.32],[33.19,28.51],[33.21,28.89],[32.86,29.22],[32.53,29.92],[32.43,29.6],[32.64,29.34],[32.69,28.96],[32.84,28.89],[33.11,28.38],[33.61,27.99],[33.59,27.61],[33.8,27.42],[33.93,27.03],[34.07,26.97],[34.05,26.58],[34.2,26.52],[34.46,25.87],[34.61,25.81],[35.15,24.65],[35.86,24.01],[35.85,23.88],[35.56,23.94],[35.55,23.81],[35.11,23.88],[33.76,23.69],[33.68,23.69],[33.39,23.81],[32.04,23.69],[31.67,23.75],[30.54,23.36],[30.46,23.36],[30.4,23.56],[30.1,23.75],[30.11,23.88],[29.96,23.88],[29.67,24.2],[28.57,24.65],[28.29,25.16],[28.24,25.94],[28.35,26.58],[28.27,26.58],[28.15,27.35],[27.94,27.54],[27.71,27.54],[27.79,27.67],[27.43,27.99],[27.28,27.93],[27.29,28.12],[27.14,28.25],[25.59,28.96],[25.37,29.28],[25.15,29.28],[25.0,29.41],[24.85,29.34],[24.78,29.54],[23.74,29.99],[22.45,30.05],[21.23,29.86],[20.16,29.34],[19.93,29.34],[18.71,28.83],[18.7,28.7],[18.4,28.7],[18.33,28.64],[18.4,28.51],[18.02,28.44],[16.79,27.29],[16.64,27.29],[16.34,27.03],[16.41,26.9],[15.81,26.64],[14.46,26.32],[14.08,26.07],[13.33,25.94],[12.58,26.0],[11.98,26.19],[11.83,26.45],[11.6,26.45],[11.45,26.71],[11.3,26.64],[11.15,26.9],[11.0,26.9],[10.25,27.48],[10.1,27.48],[10.17,27.67],[10.1,27.67],[10.1,27.87],[9.95,27.8],[9.87,28.19],[9.8,28.19],[9.8,28.57],[9.49,28.77],[9.34,29.02],[8.13,29.09],[7.83,28.96],[6.54,28.96],[4.36,28.64],[2.47,28.64],[1.8,28.51],[1.04,28.64],[-0.25,28.64],[-1.08,28.89],[-1.46,28.89],[-1.39,29.02],[-3.61,29.67],[-5.14,29.99],[-5.98,29.99],[-6.5,29.86],[-8.03,30.05],[-8.04,30.18],[-8.65,30.31],[-9.64,30.31],[-9.65,30.5],[-9.88,30.56],[-9.86,31.34],[-9.78,31.34],[-9.73,31.72],[-9.51,31.85],[-9.52,31.98],[-9.31,32.17],[-9.33,32.49],[-9.2,32.75],[-8.55,33.33],[-7.13,33.84],[-7.06,33.97],[-6.9,33.91],[-6.61,34.16],[-6.7,34.29],[-6.47,34.36],[-6.48,34.49],[-6.33,34.55],[-6.28,34.87],[-6.2,34.87],[-6.29,35.07],[-6.13,35.0],[-6.15,35.19],[-6.0,35.32],[-5.88,35.77],[-5.34,35.84],[-5.24,35.52],[-4.75,35.19],[-3.13,35.19],[-2.98,35.26],[-2.99,35.45],[-2.84,35.45],[-2.82,35.13],[-2.66,35.07],[-1.89,35.07],[-1.59,35.26],[-1.36,35.26],[-1.14,35.45],[-1.22,35.64],[-1.07,35.58],[-0.92,35.71],[-0.53,35.71],[-0.46,35.84],[0.08,35.84],[0.38,36.22],[0.68,36.29],[0.68,36.42],[0.91,36.35],[1.22,36.55],[1.53,36.48],[2.38,36.67],[2.69,36.61],[2.84,36.74],[3.23,36.74],[3.46,36.87],[3.85,36.8],[4.24,36.93],[4.86,36.87],[5.1,36.67],[5.56,36.67],[5.64,36.8],[6.11,36.8],[6.1,36.93],[6.33,37.06],[6.8,36.87],[7.19,36.87],[7.35,37.06],[7.5,37.06],[7.74,36.87],[8.52,36.87],[8.9,37.13],[9.06,37.06],[9.37,37.25],[9.76,37.32],[9.99,37.19],[10.23,37.25],[10.23,37.06],[10.31,37.06],[10.23,36.8],[10.46,36.74],[11.01,37.0]],[[10.15,37.06],[10.15,37.0],[10.23,37.0],[10.23,37.06],[10.15,37.06]],[[35.52,33.84],[35.59,33.84],[35.6,33.91],[35.52,33.91],[35.52,33.84]],[[34.84,32.3],[34.92,32.3],[34.92,32.36],[34.85,32.36],[34.84,32.3]],[[13.07,32.81],[13.15,32.81],[13.15,32.88],[13.07,32.88],[13.07,32.81]],[[8.83,36.93],[8.9,36.93],[8.9,37.0],[8.83,37.0],[8.83,36.93]]],[[[-6.35,29.86],[-6.35,29.79],[-6.42,29.79],[-6.42,29.86],[-6.35,29.86]]],[[[-5.97,29.92],[-5.9,29.92],[-5.89,29.86],[-5.97,29.86],[-5.97,29.92]]]]},"properties":{"id":"territory:Umayyad Caliphate:710","name":"우마이야 칼리프국","name_en":"Umayyad Caliphate","actor":"기타중립","valid_from":710,"valid_to":718,"wikidata":"Q8575586","area":8712591,"src":"cliopatria","confidence":"medium"}},{"type":"Feature","geometry":{"type":"Point","coordinates":[38.156,29.291]},"properties":{"id":"territory:Umayyad Caliphate:710:label","name":"우마이야 칼리프국","name_en":"Umayyad Caliphate","actor":"기타중립","valid_from":710,"valid_to":718,"wikidata":"Q8575586","area":8712591,"src":"cliopatria","confidence":"medium"}},{"type":"Feature","geometry":{"type":"MultiPolygon","coordinates":[[[[42.02,16.81],[42.17,16.81],[42.24,16.68],[42.23,16.61],[42.01,16.61],[42.02,16.81]]],[[[58.98,20.41],[58.82,20.21],[58.67,20.21],[58.77,20.54],[58.77,20.6],[59.0,20.66],[58.98,20.41]]],[[[50.43,25.94],[50.46,26.26],[50.69,26.26],[50.67,26.13],[50.67,26.07],[50.65,25.87],[50.43,25.94]]],[[[10.85,37.0],[11.01,37.0],[11.01,36.8],[10.46,36.42],[10.54,36.35],[10.46,35.9],[10.7,35.71],[10.85,35.77],[10.93,35.58],[11.08,35.58],[11.08,35.39],[11.01,35.39],[11.08,35.0],[10.85,34.94],[10.85,34.81],[10.54,34.55],[10.0,34.29],[10.08,34.23],[10.01,33.91],[10.24,33.71],[10.54,33.71],[10.7,33.52],[11.08,33.59],[11.16,33.2],[11.46,33.2],[12.23,32.81],[12.61,32.88],[12.53,32.75],[12.84,32.75],[12.84,32.88],[13.3,32.94],[13.45,32.81],[13.76,32.88],[13.76,32.75],[14.07,32.75],[14.44,32.49],[14.67,32.56],[14.75,32.43],[15.06,32.43],[15.28,32.3],[15.42,31.66],[15.58,31.59],[15.65,31.4],[16.18,31.21],[17.47,31.08],[18.22,30.76],[18.59,30.37],[19.27,30.24],[19.89,30.5],[20.2,30.89],[20.13,31.14],[20.21,31.27],[20.0,31.59],[20.09,32.11],[20.02,32.24],[20.25,32.24],[20.33,32.49],[20.48,32.43],[20.56,32.56],[20.72,32.56],[20.64,32.69],[20.87,32.62],[21.11,32.81],[21.41,32.75],[21.88,32.94],[23.09,32.62],[23.08,32.36],[23.3,32.17],[23.68,32.17],[24.13,31.98],[24.89,31.98],[25.11,31.79],[25.1,31.59],[25.25,31.46],[26.85,31.46],[27.3,31.34],[27.51,31.14],[28.5,31.01],[28.87,30.82],[29.4,30.82],[29.49,31.01],[29.63,30.95],[29.87,31.08],[29.8,31.21],[29.88,31.27],[30.34,31.27],[30.27,31.4],[30.35,31.46],[30.81,31.46],[30.97,31.53],[30.97,31.66],[31.2,31.66],[31.12,31.53],[31.27,31.46],[31.88,31.46],[31.78,31.21],[31.94,31.27],[32.0,31.08],[32.3,31.08],[32.24,31.21],[32.53,31.08],[32.77,31.14],[32.83,31.01],[33.98,31.14],[34.3,31.27],[34.31,31.4],[34.63,31.66],[34.57,31.85],[34.81,31.98],[34.77,32.36],[35.02,32.62],[35.06,33.01],[35.22,33.07],[35.4,33.39],[35.35,33.65],[35.5,33.65],[35.45,33.91],[35.68,33.97],[35.64,34.36],[35.79,34.29],[36.05,34.55],[36.07,34.74],[35.93,34.87],[35.96,35.19],[35.88,35.19],[35.99,35.52],[35.84,35.58],[35.99,36.22],[35.84,36.29],[36.26,36.61],[36.29,36.8],[36.14,36.93],[35.83,36.93],[35.49,36.61],[35.41,36.61],[35.62,37.13],[36.56,37.13],[37.39,37.58],[37.62,37.58],[37.79,37.71],[37.94,37.64],[39.02,38.09],[39.33,38.09],[39.42,38.22],[39.73,38.16],[39.91,38.35],[40.07,38.35],[40.27,38.67],[40.32,39.0],[40.5,39.19],[40.56,39.58],[40.81,39.71],[40.96,40.16],[41.33,40.48],[41.53,41.26],[42.25,41.26],[42.36,41.46],[42.62,41.59],[42.86,41.59],[43.34,41.13],[43.98,41.13],[44.24,41.26],[44.35,41.46],[44.87,41.65],[45.07,41.91],[45.31,41.91],[45.62,42.24],[45.75,42.11],[46.3,42.04],[46.35,41.91],[46.74,41.85],[47.27,41.33],[47.56,41.2],[47.89,41.26],[48.18,41.52],[48.17,41.85],[48.09,41.85],[48.2,41.98],[48.28,41.98],[49.09,41.26],[49.06,41.13],[49.27,41.0],[49.24,40.87],[49.51,40.61],[50.05,40.55],[50.26,40.42],[49.69,40.36],[49.51,40.23],[49.27,39.38],[49.15,39.19],[48.99,39.19],[48.92,39.19],[48.67,39.58],[48.45,39.64],[48.23,39.32],[48.25,39.0],[47.99,38.87],[47.99,38.42],[48.19,38.22],[48.39,37.58],[48.85,37.06],[49.14,36.93],[49.19,36.74],[50.28,36.29],[50.47,36.03],[51.09,36.03],[51.83,35.84],[52.03,35.64],[52.34,35.64],[52.7,35.97],[53.2,36.16],[54.3,36.22],[54.88,36.42],[55.15,36.61],[55.19,36.8],[55.45,36.93],[55.48,37.13],[55.56,37.13],[55.8,37.13],[55.85,37.0],[56.09,37.06],[56.61,36.93],[57.31,36.93],[57.81,37.06],[58.15,37.58],[58.52,37.84],[58.68,38.22],[59.55,38.93],[60.52,39.38],[60.65,39.58],[60.95,39.51],[62.5,40.03],[62.58,40.03],[62.65,39.71],[63.09,39.26],[63.25,39.26],[63.42,39.0],[63.84,38.8],[64.01,38.55],[64.37,38.42],[64.66,38.03],[65.24,37.84],[65.63,37.51],[66.52,37.32],[67.0,37.38],[67.12,37.25],[67.75,37.25],[67.92,37.0],[67.57,36.87],[67.09,36.48],[66.37,35.07],[65.93,34.49],[64.56,33.84],[64.36,33.59],[64.25,33.07],[64.33,33.07],[64.28,32.81],[64.36,32.81],[64.2,32.43],[64.28,32.43],[64.25,31.46],[64.59,30.82],[65.63,30.69],[66.34,30.44],[67.17,30.37],[67.15,30.31],[66.55,28.57],[66.48,28.57],[66.4,26.52],[65.8,25.36],[64.82,25.29],[64.8,25.16],[64.58,25.16],[64.28,25.23],[64.23,25.36],[63.63,25.36],[63.54,25.23],[62.56,25.23],[62.47,25.1],[62.18,25.16],[62.02,25.04],[61.72,25.04],[61.66,25.16],[61.13,25.1],[60.92,25.23],[60.62,25.23],[60.63,25.36],[59.06,25.36],[58.78,25.55],[57.96,25.55],[57.74,25.62],[57.68,25.74],[57.38,25.74],[57.11,26.07],[57.05,26.84],[56.71,27.16],[56.19,27.16],[56.1,27.03],[56.32,27.03],[56.31,26.9],[56.06,26.71],[55.6,26.64],[55.44,26.52],[55.29,26.52],[55.31,26.71],[55.54,26.77],[55.24,26.77],[54.83,26.45],[54.46,26.52],[54.26,26.71],[53.66,26.71],[53.46,26.97],[52.74,27.22],[52.48,27.61],[52.05,27.8],[51.6,27.8],[51.32,27.99],[51.33,28.12],[51.07,28.44],[51.03,28.77],[50.81,28.83],[50.92,29.09],[50.62,29.15],[50.65,29.41],[50.24,29.73],[50.06,30.18],[49.59,29.99],[48.94,30.31],[48.99,30.05],[48.9,29.99],[48.37,29.92],[48.4,29.6],[47.87,29.54],[47.85,29.41],[48.08,29.41],[48.22,29.28],[48.19,29.09],[48.46,28.77],[48.56,28.32],[48.97,27.93],[48.87,27.67],[49.24,27.61],[49.36,27.29],[50.13,26.77],[50.12,26.58],[50.25,26.45],[50.22,26.13],[50.07,26.07],[50.21,26.0],[50.33,25.62],[50.61,25.42],[50.65,25.1],[50.73,25.1],[50.77,25.55],[50.92,25.62],[50.95,25.94],[51.12,26.13],[51.42,26.13],[51.7,25.87],[51.57,25.36],[51.72,25.29],[51.69,24.97],[51.52,24.78],[51.41,24.33],[51.85,24.26],[51.91,24.01],[52.28,24.01],[52.6,24.26],[53.11,24.14],[54.08,24.14],[54.1,24.33],[54.32,24.26],[54.56,24.46],[54.74,24.84],[55.14,25.1],[55.41,25.55],[55.97,25.87],[56.17,26.32],[56.48,26.39],[56.54,26.32],[56.39,25.55],[56.46,25.55],[56.42,25.16],[56.5,25.16],[56.4,24.97],[56.54,24.91],[56.79,24.33],[57.49,23.88],[58.81,23.62],[59.08,23.3],[59.07,23.17],[59.28,23.04],[59.27,22.91],[59.54,22.66],[59.9,22.53],[59.86,22.08],[59.44,21.44],[58.8,20.92],[58.61,20.41],[58.31,20.34],[58.25,20.54],[58.1,20.54],[57.93,20.28],[57.79,19.51],[57.87,19.51],[57.9,18.99],[57.0,18.8],[56.75,18.54],[56.64,18.09],[56.41,17.9],[55.59,17.84],[55.35,17.58],[55.31,17.13],[55.16,17.0],[54.2,17.0],[53.59,16.68],[53.22,16.68],[53.13,16.55],[52.38,16.29],[52.26,15.59],[52.1,15.46],[51.88,15.46],[51.27,15.14],[50.76,15.07],[50.23,14.81],[49.41,14.69],[48.79,14.04],[47.75,13.91],[47.67,13.72],[47.07,13.46],[45.74,13.34],[45.05,12.76],[44.61,12.76],[44.39,12.63],[43.44,12.69],[43.45,12.89],[43.24,13.08],[43.26,13.72],[43.06,13.98],[42.95,14.88],[42.89,15.07],[42.75,15.14],[42.71,15.84],[42.78,15.84],[42.82,16.61],[42.48,17.0],[42.48,17.13],[42.34,17.13],[42.28,17.45],[41.78,17.84],[41.45,18.48],[41.24,18.61],[41.25,18.86],[41.04,19.12],[40.99,19.44],[40.84,19.51],[40.85,19.7],[40.56,19.83],[40.14,20.28],[39.84,20.28],[39.35,20.79],[39.15,21.18],[39.17,21.63],[39.03,21.76],[39.14,22.53],[38.86,22.85],[38.87,23.04],[38.6,23.62],[38.03,24.14],[37.44,24.33],[37.39,24.65],[37.17,24.78],[37.18,24.91],[37.33,24.97],[37.27,25.23],[36.77,25.68],[36.72,26.0],[36.43,26.19],[36.16,26.77],[35.67,27.29],[35.61,27.54],[35.47,27.61],[35.41,27.87],[35.05,28.12],[34.59,28.06],[34.61,28.25],[34.85,28.57],[34.91,29.41],[34.75,29.28],[34.52,28.06],[34.36,27.93],[34.35,27.74],[34.12,27.74],[33.62,28.12],[33.55,28.32],[33.4,28.32],[33.19,28.51],[33.21,28.89],[32.86,29.22],[32.53,29.92],[32.43,29.6],[32.64,29.34],[32.69,28.96],[32.84,28.89],[33.11,28.38],[33.61,27.99],[33.59,27.61],[33.8,27.42],[33.93,27.03],[34.07,26.97],[34.05,26.58],[34.2,26.52],[34.46,25.87],[34.61,25.81],[35.15,24.65],[35.86,24.01],[35.85,23.88],[35.56,23.94],[35.55,23.81],[35.11,23.88],[33.76,23.69],[33.68,23.69],[33.39,23.81],[32.04,23.69],[31.67,23.75],[30.54,23.36],[30.46,23.36],[30.4,23.56],[30.1,23.75],[30.11,23.88],[29.96,23.88],[29.67,24.2],[28.57,24.65],[28.29,25.16],[28.24,25.94],[28.35,26.58],[28.27,26.58],[28.15,27.35],[27.94,27.54],[27.71,27.54],[27.79,27.67],[27.43,27.99],[27.28,27.93],[27.29,28.12],[27.14,28.25],[25.59,28.96],[25.37,29.28],[25.15,29.28],[25.0,29.41],[24.85,29.34],[24.78,29.54],[23.74,29.99],[22.45,30.05],[21.23,29.86],[20.16,29.34],[19.93,29.34],[18.71,28.83],[18.7,28.7],[18.4,28.7],[18.33,28.64],[18.4,28.51],[18.02,28.44],[16.79,27.29],[16.64,27.29],[16.34,27.03],[16.41,26.9],[15.81,26.64],[14.46,26.32],[14.08,26.07],[13.33,25.94],[12.58,26.0],[11.98,26.19],[11.83,26.45],[11.6,26.45],[11.45,26.71],[11.3,26.64],[11.15,26.9],[11.0,26.9],[10.25,27.48],[10.1,27.48],[10.17,27.67],[10.1,27.67],[10.1,27.87],[9.95,27.8],[9.87,28.19],[9.8,28.19],[9.8,28.57],[9.49,28.77],[9.34,29.02],[8.13,29.09],[7.83,28.96],[6.54,28.96],[4.36,28.64],[2.47,28.64],[1.8,28.51],[1.04,28.64],[-0.25,28.64],[-1.08,28.89],[-1.46,28.89],[-1.39,29.02],[-3.61,29.67],[-5.14,29.99],[-5.98,29.99],[-6.5,29.86],[-8.03,30.05],[-8.04,30.18],[-8.65,30.31],[-9.64,30.31],[-9.65,30.5],[-9.88,30.56],[-9.86,31.34],[-9.78,31.34],[-9.73,31.72],[-9.51,31.85],[-9.52,31.98],[-9.31,32.17],[-9.33,32.49],[-9.2,32.75],[-8.55,33.33],[-7.13,33.84],[-7.06,33.97],[-6.9,33.91],[-6.61,34.16],[-6.7,34.29],[-6.47,34.36],[-6.48,34.49],[-6.33,34.55],[-6.28,34.87],[-6.2,34.87],[-6.29,35.07],[-6.13,35.0],[-6.15,35.19],[-6.0,35.32],[-6.0,35.39],[-5.08,35.39],[-5.0,35.39],[-4.75,35.19],[-3.13,35.19],[-2.98,35.26],[-2.99,35.45],[-2.84,35.45],[-2.82,35.13],[-2.66,35.07],[-1.89,35.07],[-1.59,35.26],[-1.36,35.26],[-1.14,35.45],[-1.22,35.64],[-1.07,35.58],[-0.92,35.71],[-0.53,35.71],[-0.46,35.84],[0.08,35.84],[0.38,36.22],[0.68,36.29],[0.68,36.42],[0.91,36.35],[1.22,36.55],[1.53,36.48],[2.38,36.67],[2.69,36.61],[2.84,36.74],[3.23,36.74],[3.46,36.87],[3.85,36.8],[4.24,36.93],[4.86,36.87],[5.1,36.67],[5.56,36.67],[5.64,36.8],[6.11,36.8],[6.1,36.93],[6.33,37.06],[6.8,36.87],[7.19,36.87],[7.35,37.06],[7.5,37.06],[7.74,36.87],[8.52,36.87],[8.9,37.13],[9.06,37.06],[9.6,37.32],[9.99,37.19],[10.23,37.25],[10.23,37.06],[10.31,37.06],[10.23,36.8],[10.54,36.74],[10.85,37.0]],[[10.15,37.06],[10.15,37.0],[10.23,37.0],[10.23,37.06],[10.15,37.06]],[[35.52,33.84],[35.59,33.84],[35.6,33.91],[35.52,33.91],[35.52,33.84]],[[34.84,32.3],[34.92,32.3],[34.92,32.36],[34.85,32.36],[34.84,32.3]],[[13.07,32.81],[13.15,32.81],[13.15,32.88],[13.07,32.88],[13.07,32.81]],[[8.83,36.93],[8.9,36.93],[8.9,37.0],[8.83,37.0],[8.83,36.93]]],[[[-6.35,29.86],[-6.35,29.79],[-6.42,29.79],[-6.42,29.86],[-6.35,29.86]]],[[[-5.97,29.92],[-5.9,29.92],[-5.89,29.86],[-5.97,29.86],[-5.97,29.92]]]]},"properties":{"id":"territory:Umayyad Caliphate:705","name":"우마이야 칼리프국","name_en":"Umayyad Caliphate","actor":"기타중립","valid_from":705,"valid_to":710,"wikidata":"Q8575586","area":8709116,"src":"cliopatria","confidence":"medium"}},{"type":"Feature","geometry":{"type":"Point","coordinates":[38.172,29.289]},"properties":{"id":"territory:Umayyad Caliphate:705:label","name":"우마이야 칼리프국","name_en":"Umayyad Caliphate","actor":"기타중립","valid_from":705,"valid_to":710,"wikidata":"Q8575586","area":8709116,"src":"cliopatria","confidence":"medium"}},{"type":"Feature","geometry":{"type":"MultiPolygon","coordinates":[[[[42.02,16.81],[42.17,16.81],[42.24,16.68],[42.23,16.61],[42.01,16.61],[42.02,16.81]]],[[[58.98,20.41],[58.82,20.21],[58.67,20.21],[58.77,20.54],[58.77,20.6],[59.0,20.66],[58.98,20.41]]],[[[50.43,25.94],[50.46,26.26],[50.69,26.26],[50.67,26.13],[50.67,26.07],[50.65,25.87],[50.43,25.94]]],[[[49.27,41.0],[49.24,40.87],[49.51,40.61],[50.05,40.55],[50.26,40.42],[49.69,40.36],[49.51,40.23],[49.27,39.38],[49.15,39.19],[48.99,39.19],[48.92,39.19],[48.67,39.58],[48.45,39.64],[48.23,39.32],[48.25,39.0],[47.99,38.87],[47.99,38.42],[48.19,38.22],[48.39,37.58],[48.85,37.06],[49.14,36.93],[49.19,36.74],[50.28,36.29],[50.47,36.03],[51.09,36.03],[51.83,35.84],[52.03,35.64],[52.34,35.64],[52.7,35.97],[53.2,36.16],[54.3,36.22],[54.88,36.42],[55.15,36.61],[55.19,36.8],[55.45,36.93],[55.48,37.13],[55.56,37.13],[55.8,37.13],[55.85,37.0],[56.09,37.06],[56.61,36.93],[57.31,36.93],[57.81,37.06],[58.15,37.58],[58.52,37.84],[58.68,38.22],[59.55,38.93],[60.52,39.38],[60.65,39.58],[60.95,39.51],[62.5,40.03],[62.58,40.03],[62.65,39.71],[63.09,39.26],[63.25,39.26],[63.42,39.0],[63.84,38.8],[64.01,38.55],[64.37,38.42],[64.66,38.03],[65.24,37.84],[65.63,37.51],[66.52,37.32],[67.0,37.38],[67.12,37.25],[67.75,37.25],[67.92,37.0],[67.57,36.87],[67.09,36.48],[66.37,35.07],[65.93,34.49],[64.56,33.84],[64.36,33.59],[64.25,33.07],[64.33,33.07],[64.28,32.81],[64.36,32.81],[64.2,32.43],[64.28,32.43],[64.25,31.46],[64.59,30.82],[65.63,30.69],[66.34,30.44],[67.17,30.37],[67.15,30.31],[66.55,28.57],[66.48,28.57],[66.4,26.52],[65.8,25.36],[64.82,25.29],[64.8,25.16],[64.58,25.16],[64.28,25.23],[64.23,25.36],[63.63,25.36],[63.54,25.23],[62.56,25.23],[62.47,25.1],[62.18,25.16],[62.02,25.04],[61.72,25.04],[61.66,25.16],[61.13,25.1],[60.92,25.23],[60.62,25.23],[60.63,25.36],[59.06,25.36],[58.78,25.55],[57.96,25.55],[57.74,25.62],[57.68,25.74],[57.38,25.74],[57.11,26.07],[57.05,26.84],[56.71,27.16],[56.19,27.16],[56.1,27.03],[56.32,27.03],[56.31,26.9],[56.06,26.71],[55.6,26.64],[55.44,26.52],[55.29,26.52],[55.31,26.71],[55.54,26.77],[55.24,26.77],[54.83,26.45],[54.46,26.52],[54.26,26.71],[53.66,26.71],[53.46,26.97],[52.74,27.22],[52.48,27.61],[52.05,27.8],[51.6,27.8],[51.32,27.99],[51.33,28.12],[51.07,28.44],[51.03,28.77],[50.81,28.83],[50.92,29.09],[50.62,29.15],[50.65,29.41],[50.24,29.73],[50.06,30.18],[49.59,29.99],[48.94,30.31],[48.99,30.05],[48.9,29.99],[48.37,29.92],[48.4,29.6],[47.87,29.54],[47.85,29.41],[48.08,29.41],[48.22,29.28],[48.19,29.09],[48.46,28.77],[48.56,28.32],[48.97,27.93],[48.87,27.67],[49.24,27.61],[49.36,27.29],[50.13,26.77],[50.12,26.58],[50.25,26.45],[50.22,26.13],[50.07,26.07],[50.21,26.0],[50.33,25.62],[50.61,25.42],[50.65,25.1],[50.73,25.1],[50.77,25.55],[50.92,25.62],[50.95,25.94],[51.12,26.13],[51.42,26.13],[51.7,25.87],[51.57,25.36],[51.72,25.29],[51.69,24.97],[51.52,24.78],[51.41,24.33],[51.85,24.26],[51.91,24.01],[52.28,24.01],[52.6,24.26],[53.11,24.14],[54.08,24.14],[54.1,24.33],[54.32,24.26],[54.56,24.46],[54.74,24.84],[55.14,25.1],[55.41,25.55],[55.97,25.87],[56.17,26.32],[56.48,26.39],[56.54,26.32],[56.39,25.55],[56.46,25.55],[56.42,25.16],[56.5,25.16],[56.4,24.97],[56.54,24.91],[56.79,24.33],[57.49,23.88],[58.81,23.62],[59.08,23.3],[59.07,23.17],[59.28,23.04],[59.27,22.91],[59.54,22.66],[59.9,22.53],[59.86,22.08],[59.44,21.44],[58.8,20.92],[58.61,20.41],[58.31,20.34],[58.25,20.54],[58.1,20.54],[57.93,20.28],[57.79,19.51],[57.87,19.51],[57.9,18.99],[57.0,18.8],[56.75,18.54],[56.64,18.09],[56.41,17.9],[55.59,17.84],[55.35,17.58],[55.31,17.13],[55.16,17.0],[54.2,17.0],[53.59,16.68],[53.22,16.68],[53.13,16.55],[52.38,16.29],[52.26,15.59],[52.1,15.46],[51.88,15.46],[51.27,15.14],[50.76,15.07],[50.23,14.81],[49.41,14.69],[48.79,14.04],[47.75,13.91],[47.67,13.72],[47.07,13.46],[45.74,13.34],[45.05,12.76],[44.61,12.76],[44.39,12.63],[43.44,12.69],[43.45,12.89],[43.24,13.08],[43.26,13.72],[43.06,13.98],[42.95,14.88],[42.89,15.07],[42.75,15.14],[42.71,15.84],[42.78,15.84],[42.82,16.61],[42.48,17.0],[42.48,17.13],[42.34,17.13],[42.28,17.45],[41.78,17.84],[41.45,18.48],[41.24,18.61],[41.25,18.86],[41.04,19.12],[40.99,19.44],[40.84,19.51],[40.85,19.7],[40.56,19.83],[40.14,20.28],[39.84,20.28],[39.35,20.79],[39.15,21.18],[39.17,21.63],[39.03,21.76],[39.14,22.53],[38.86,22.85],[38.87,23.04],[38.6,23.62],[38.03,24.14],[37.44,24.33],[37.39,24.65],[37.17,24.78],[37.18,24.91],[37.33,24.97],[37.27,25.23],[36.77,25.68],[36.72,26.0],[36.43,26.19],[36.16,26.77],[35.67,27.29],[35.61,27.54],[35.47,27.61],[35.41,27.87],[35.05,28.12],[34.59,28.06],[34.61,28.25],[34.85,28.57],[34.91,29.41],[34.75,29.28],[34.52,28.06],[34.36,27.93],[34.35,27.74],[34.12,27.74],[33.62,28.12],[33.55,28.32],[33.4,28.32],[33.19,28.51],[33.21,28.89],[32.86,29.22],[32.53,29.92],[32.43,29.6],[32.64,29.34],[32.69,28.96],[32.84,28.89],[33.11,28.38],[33.61,27.99],[33.59,27.61],[33.8,27.42],[33.93,27.03],[34.07,26.97],[34.05,26.58],[34.2,26.52],[34.46,25.87],[34.61,25.81],[35.15,24.65],[35.86,24.01],[35.85,23.88],[35.56,23.94],[35.55,23.81],[35.11,23.88],[33.76,23.69],[33.68,23.69],[33.39,23.81],[32.04,23.69],[31.67,23.75],[30.54,23.36],[30.46,23.36],[30.4,23.56],[30.1,23.75],[30.11,23.88],[29.96,23.88],[29.67,24.2],[28.57,24.65],[28.29,25.16],[28.24,25.94],[28.35,26.58],[28.27,26.58],[28.15,27.35],[27.94,27.54],[27.71,27.54],[27.79,27.67],[27.43,27.99],[27.28,27.93],[27.29,28.12],[27.14,28.25],[25.59,28.96],[25.37,29.28],[25.15,29.28],[25.0,29.41],[24.85,29.34],[24.78,29.54],[23.74,29.99],[22.45,30.05],[21.23,29.86],[20.16,29.34],[19.93,29.34],[18.71,28.83],[18.7,28.7],[18.4,28.7],[18.33,28.64],[18.4,28.51],[18.02,28.44],[16.79,27.29],[16.64,27.29],[16.34,27.03],[16.41,26.9],[15.81,26.64],[14.46,26.32],[14.08,26.07],[13.33,25.94],[12.58,26.0],[11.98,26.19],[11.83,26.45],[11.6,26.45],[11.45,26.71],[11.3,26.64],[11.15,26.9],[11.0,26.9],[10.25,27.48],[10.1,27.48],[10.17,27.67],[10.1,27.67],[10.1,27.87],[9.95,27.8],[9.87,28.19],[9.8,28.19],[9.8,28.57],[9.49,28.77],[9.34,29.02],[8.13,29.09],[7.83,28.96],[6.54,28.96],[4.36,28.64],[2.47,28.64],[1.8,28.51],[1.04,28.64],[-0.25,28.64],[-1.08,28.89],[-1.46,28.89],[-1.39,29.02],[-3.61,29.67],[-5.14,29.99],[-5.98,29.99],[-6.5,29.86],[-8.03,30.05],[-8.04,30.18],[-8.65,30.31],[-9.64,30.31],[-9.65,30.5],[-9.88,30.56],[-9.86,31.34],[-9.78,31.34],[-9.73,31.72],[-9.51,31.85],[-9.52,31.98],[-9.31,32.17],[-9.33,32.49],[-9.2,32.75],[-8.55,33.33],[-7.13,33.84],[-7.06,33.97],[-6.9,33.91],[-6.61,34.16],[-6.7,34.29],[-6.47,34.36],[-6.48,34.49],[-6.33,34.55],[-6.28,34.87],[-6.2,34.87],[-6.29,35.07],[-6.13,35.0],[-6.15,35.19],[-6.0,35.32],[-6.0,35.39],[-5.08,35.39],[-5.0,35.39],[-4.75,35.19],[-3.13,35.19],[-2.98,35.26],[-2.99,35.45],[-2.84,35.45],[-2.82,35.13],[-2.66,35.07],[-1.89,35.07],[-1.59,35.26],[-1.36,35.26],[-1.14,35.45],[-1.22,35.64],[-1.07,35.58],[-0.92,35.71],[-0.53,35.71],[-0.46,35.84],[0.08,35.84],[0.38,36.22],[0.68,36.29],[0.68,36.42],[0.76,36.42],[0.92,36.1],[1.16,36.1],[1.93,36.29],[2.47,36.29],[2.7,36.42],[5.88,36.42],[6.34,36.55],[7.66,36.61],[7.9,36.22],[7.91,35.52],[7.99,35.52],[8.07,35.0],[8.84,35.0],[8.92,35.58],[9.22,35.77],[10.08,35.9],[10.31,35.71],[10.23,35.13],[9.85,34.81],[9.77,34.29],[9.7,34.29],[9.77,34.1],[10.08,34.1],[10.08,34.04],[10.01,33.91],[10.24,33.71],[10.54,33.71],[10.7,33.52],[11.08,33.59],[11.16,33.2],[11.46,33.2],[12.23,32.81],[12.61,32.88],[12.53,32.75],[12.84,32.75],[12.84,32.88],[13.07,32.94],[13.3,32.94],[13.45,32.81],[13.76,32.88],[13.76,32.75],[14.07,32.75],[14.44,32.49],[14.67,32.56],[14.75,32.43],[15.21,32.36],[15.42,31.66],[15.58,31.59],[15.65,31.4],[16.18,31.21],[16.86,31.21],[17.85,30.95],[18.22,30.76],[18.59,30.37],[18.9,30.37],[18.97,30.24],[19.66,30.37],[19.96,30.56],[19.97,30.69],[20.2,30.89],[20.13,31.14],[20.21,31.27],[20.0,31.59],[20.09,32.11],[20.02,32.24],[20.25,32.24],[20.33,32.49],[20.48,32.43],[20.56,32.56],[20.72,32.56],[20.64,32.69],[20.87,32.62],[21.11,32.81],[21.41,32.75],[21.88,32.94],[23.09,32.62],[23.08,32.36],[23.3,32.17],[23.68,32.17],[24.13,31.98],[24.89,31.98],[25.11,31.79],[25.1,31.59],[25.25,31.46],[26.85,31.46],[27.3,31.34],[27.51,31.14],[28.5,31.01],[28.87,30.82],[29.4,30.82],[29.49,31.01],[29.63,30.95],[29.87,31.08],[29.8,31.21],[29.88,31.27],[30.34,31.27],[30.27,31.4],[30.35,31.46],[30.81,31.46],[30.97,31.53],[30.97,31.66],[31.2,31.66],[31.12,31.53],[31.27,31.46],[31.88,31.46],[31.78,31.21],[31.94,31.27],[32.0,31.08],[32.3,31.08],[32.24,31.21],[32.39,31.21],[32.53,31.08],[32.77,31.14],[32.83,31.01],[33.75,31.08],[34.3,31.27],[34.31,31.4],[34.63,31.66],[34.57,31.85],[34.81,31.98],[34.77,32.36],[35.02,32.62],[35.06,33.01],[35.22,33.07],[35.4,33.39],[35.35,33.65],[35.5,33.65],[35.45,33.91],[35.68,33.97],[35.64,34.36],[35.79,34.29],[36.05,34.55],[36.07,34.74],[35.93,34.87],[35.96,35.19],[35.88,35.19],[35.99,35.52],[35.84,35.58],[35.99,36.22],[35.84,36.29],[36.26,36.61],[36.29,36.8],[36.14,36.87],[36.14,36.93],[37.22,37.51],[37.79,37.71],[37.94,37.64],[38.52,37.9],[40.04,38.16],[40.9,38.16],[40.98,39.26],[41.26,39.51],[41.33,39.97],[41.48,39.97],[41.67,40.16],[41.7,40.36],[41.36,40.68],[41.53,41.26],[42.25,41.26],[42.36,41.46],[42.62,41.59],[42.86,41.59],[43.34,41.13],[43.98,41.13],[44.24,41.26],[44.35,41.46],[44.87,41.65],[45.07,41.91],[45.31,41.91],[45.62,42.24],[45.75,42.11],[46.3,42.04],[46.35,41.91],[46.74,41.85],[47.27,41.33],[47.56,41.2],[47.89,41.26],[48.18,41.52],[48.17,41.85],[48.09,41.85],[48.2,41.98],[48.28,41.98],[49.09,41.26],[49.06,41.13],[49.27,41.0]],[[39.58,20.92],[39.88,20.92],[39.88,21.05],[40.19,21.18],[40.2,21.44],[39.91,21.56],[39.92,21.69],[39.62,21.69],[39.46,21.44],[39.31,21.44],[39.31,21.37],[39.3,21.18],[39.44,21.18],[39.58,20.92]],[[35.52,33.84],[35.59,33.84],[35.6,33.91],[35.52,33.91],[35.52,33.84]],[[34.84,32.3],[34.92,32.3],[34.92,32.36],[34.85,32.36],[34.84,32.3]],[[13.07,32.81],[13.15,32.81],[13.15,32.88],[13.07,32.88],[13.07,32.81]]],[[[-6.35,29.86],[-6.35,29.79],[-6.42,29.79],[-6.42,29.86],[-6.35,29.86]]],[[[-5.97,29.92],[-5.9,29.92],[-5.89,29.86],[-5.97,29.86],[-5.97,29.92]]]]},"properties":{"id":"territory:Umayyad Caliphate:692","name":"우마이야 칼리프국","name_en":"Umayyad Caliphate","actor":"기타중립","valid_from":692,"valid_to":705,"wikidata":"Q8575586","area":8608405,"src":"cliopatria","confidence":"medium"}},{"type":"Feature","geometry":{"type":"Point","coordinates":[38.465,29.2]},"properties":{"id":"territory:Umayyad Caliphate:692:label","name":"우마이야 칼리프국","name_en":"Umayyad Caliphate","actor":"기타중립","valid_from":692,"valid_to":705,"wikidata":"Q8575586","area":8608405,"src":"cliopatria","confidence":"medium"}},{"type":"Feature","geometry":{"type":"MultiPolygon","coordinates":[[[[42.01,16.61],[42.02,16.81],[42.17,16.81],[42.24,16.68],[42.23,16.61],[42.01,16.61]]],[[[58.98,20.41],[58.82,20.21],[58.67,20.21],[58.77,20.54],[58.77,20.6],[59.0,20.66],[58.98,20.41]]],[[[50.43,25.94],[50.46,26.26],[50.69,26.26],[50.67,26.13],[50.67,26.07],[50.65,25.87],[50.43,25.94]]],[[[10.23,36.8],[10.46,36.74],[11.01,37.0],[11.01,36.8],[10.46,36.42],[10.54,36.35],[10.46,35.9],[10.7,35.71],[10.85,35.77],[10.93,35.58],[11.08,35.58],[11.08,35.39],[11.01,35.39],[11.08,35.0],[10.85,34.94],[10.85,34.81],[10.54,34.55],[10.0,34.29],[10.08,34.23],[10.01,33.91],[10.24,33.71],[10.54,33.71],[10.7,33.52],[11.08,33.59],[11.16,33.2],[11.46,33.2],[12.23,32.81],[12.61,32.88],[12.53,32.75],[12.84,32.75],[12.84,32.88],[13.3,32.94],[13.45,32.81],[13.76,32.88],[13.76,32.75],[14.07,32.75],[14.44,32.49],[14.67,32.56],[14.75,32.43],[15.06,32.43],[15.28,32.3],[15.42,31.66],[15.58,31.59],[15.65,31.4],[16.18,31.21],[16.86,31.21],[17.85,30.95],[18.22,30.76],[18.59,30.37],[18.9,30.37],[18.97,30.24],[19.66,30.37],[19.96,30.56],[19.97,30.69],[20.2,30.89],[20.13,31.14],[20.21,31.27],[20.0,31.59],[20.09,32.11],[20.02,32.24],[20.25,32.24],[20.33,32.49],[20.48,32.43],[20.56,32.56],[20.72,32.56],[20.64,32.69],[20.87,32.62],[21.11,32.81],[21.41,32.75],[21.88,32.94],[23.09,32.62],[23.08,32.36],[23.3,32.17],[23.68,32.17],[24.13,31.98],[24.89,31.98],[25.11,31.79],[25.1,31.59],[25.25,31.46],[26.85,31.46],[27.3,31.34],[27.51,31.14],[28.5,31.01],[28.87,30.82],[29.4,30.82],[29.49,31.01],[29.63,30.95],[29.87,31.08],[29.8,31.21],[29.88,31.27],[30.34,31.27],[30.27,31.4],[30.35,31.46],[30.81,31.46],[30.97,31.53],[30.97,31.66],[31.2,31.66],[31.12,31.53],[31.27,31.46],[31.88,31.46],[31.78,31.21],[31.94,31.27],[32.0,31.08],[32.3,31.08],[32.24,31.21],[32.53,31.08],[32.77,31.14],[32.83,31.01],[33.75,31.08],[34.3,31.27],[34.31,31.4],[34.63,31.66],[34.57,31.85],[34.81,31.98],[34.77,32.36],[35.02,32.62],[35.06,33.01],[35.3,33.2],[35.4,33.46],[35.33,33.46],[35.35,33.65],[35.5,33.65],[35.44,33.84],[35.52,33.91],[35.53,33.97],[35.68,33.97],[35.64,34.36],[35.79,34.29],[36.05,34.55],[36.07,34.74],[35.93,34.87],[35.96,35.19],[35.88,35.19],[35.99,35.52],[35.84,35.58],[35.99,36.22],[35.84,36.29],[36.26,36.61],[36.29,36.8],[36.14,36.93],[35.83,36.93],[35.49,36.61],[35.33,36.61],[35.11,36.74],[34.95,36.67],[34.89,36.87],[34.74,36.87],[34.66,36.87],[34.78,37.25],[35.03,37.45],[35.35,37.51],[35.43,37.51],[35.82,37.51],[36.15,37.71],[36.46,38.29],[36.61,38.22],[36.79,38.48],[37.13,38.67],[37.07,38.8],[37.31,38.87],[37.43,39.19],[37.68,39.26],[38.15,39.84],[38.16,39.9],[38.3,39.77],[38.84,39.71],[39.59,39.97],[40.58,40.74],[41.08,40.94],[41.82,41.52],[42.61,41.52],[42.93,42.43],[42.72,42.56],[42.75,42.76],[42.61,42.82],[42.5,43.15],[42.99,43.15],[43.42,42.89],[43.66,42.89],[43.85,42.63],[44.36,42.76],[44.74,42.69],[44.82,42.69],[45.23,42.69],[45.67,42.5],[45.75,42.11],[46.3,42.04],[46.35,41.91],[46.74,41.85],[47.27,41.33],[47.56,41.2],[47.89,41.26],[48.18,41.52],[48.17,41.85],[48.09,41.85],[48.2,41.98],[48.28,41.98],[49.09,41.26],[49.06,41.13],[49.27,41.0],[49.24,40.87],[49.51,40.61],[50.05,40.55],[50.26,40.42],[49.69,40.36],[49.51,40.23],[49.27,39.38],[49.15,39.19],[48.92,39.19],[48.8,39.0],[48.76,38.35],[48.84,38.35],[48.88,37.71],[49.09,37.51],[50.0,37.38],[50.32,37.0],[50.57,37.06],[50.63,37.0],[50.53,36.87],[51.26,36.61],[52.19,36.55],[53.09,36.8],[54.03,36.87],[54.09,37.19],[53.91,37.45],[53.91,37.84],[53.83,37.84],[53.99,39.0],[53.52,39.38],[53.14,39.45],[53.54,39.51],[53.5,40.03],[52.79,40.03],[52.78,40.36],[52.7,40.36],[52.89,40.87],[52.97,40.87],[52.94,40.74],[53.34,40.74],[53.45,40.87],[53.4,40.68],[54.37,40.74],[54.39,40.81],[56.83,40.74],[57.46,41.39],[57.56,41.78],[57.96,42.37],[58.05,43.02],[58.34,43.47],[58.42,43.47],[58.63,43.67],[59.12,43.41],[60.37,43.54],[60.39,43.34],[61.01,42.69],[61.17,42.69],[61.4,42.37],[61.56,42.37],[61.78,42.04],[61.94,42.04],[62.19,41.78],[62.15,41.65],[62.35,41.52],[62.32,41.39],[62.46,41.33],[62.39,41.07],[62.53,41.0],[62.3,40.74],[62.4,40.55],[62.33,40.29],[62.47,40.23],[62.5,40.03],[64.84,40.48],[65.35,40.61],[65.39,40.74],[65.69,40.68],[66.28,40.81],[66.69,41.13],[66.65,41.26],[66.89,41.26],[68.11,42.11],[69.42,43.41],[69.5,43.41],[69.58,43.41],[69.54,43.28],[70.11,43.08],[70.42,42.56],[71.25,42.17],[71.42,41.98],[71.38,41.85],[71.69,41.59],[71.64,41.46],[71.76,41.33],[73.0,40.74],[72.98,40.68],[73.06,40.68],[73.14,40.68],[73.29,40.68],[73.33,40.55],[73.49,40.55],[73.53,40.42],[73.8,40.29],[73.57,39.58],[73.42,39.58],[73.16,39.26],[73.0,39.26],[72.32,38.8],[71.79,38.35],[71.5,37.58],[71.58,37.58],[71.48,36.93],[70.24,36.67],[69.0,36.67],[68.6,36.61],[68.49,36.48],[67.8,36.55],[67.07,36.42],[66.9,36.03],[66.72,35.9],[66.37,35.07],[65.93,34.49],[64.74,33.97],[64.36,33.59],[64.25,33.07],[64.33,33.07],[64.28,32.81],[64.36,32.81],[64.22,32.49],[64.21,32.04],[64.28,32.04],[64.25,31.46],[64.33,31.46],[64.46,30.95],[64.59,30.82],[65.63,30.69],[66.34,30.44],[67.17,30.37],[67.15,30.31],[68.43,30.24],[70.56,29.86],[70.39,28.96],[70.17,28.51],[69.23,27.87],[68.52,27.67],[68.09,27.29],[67.92,26.64],[67.99,26.64],[68.06,26.07],[68.19,25.94],[68.22,25.55],[67.76,24.91],[67.54,24.26],[67.36,24.07],[67.29,24.07],[67.33,24.39],[67.25,24.39],[67.21,24.71],[66.63,24.84],[66.68,25.23],[66.35,25.55],[66.02,25.36],[64.82,25.29],[64.8,25.16],[64.28,25.23],[64.23,25.36],[63.63,25.36],[63.54,25.23],[62.56,25.23],[62.47,25.1],[62.18,25.16],[62.02,25.04],[61.72,25.04],[61.66,25.16],[61.13,25.1],[60.92,25.23],[60.62,25.23],[60.63,25.36],[59.06,25.36],[58.78,25.55],[57.96,25.55],[57.74,25.62],[57.68,25.74],[57.38,25.74],[57.11,26.07],[57.05,26.84],[56.71,27.16],[56.19,27.16],[56.1,27.03],[56.32,27.03],[56.31,26.9],[56.06,26.71],[55.6,26.64],[55.44,26.52],[55.29,26.52],[55.31,26.71],[55.54,26.77],[55.24,26.77],[54.83,26.45],[54.46,26.52],[54.26,26.71],[53.66,26.71],[53.46,26.97],[52.74,27.22],[52.48,27.61],[52.05,27.8],[51.6,27.8],[51.32,27.99],[51.33,28.12],[51.07,28.44],[51.03,28.77],[50.81,28.83],[50.92,29.09],[50.62,29.15],[50.65,29.41],[50.24,29.73],[50.06,30.18],[49.59,29.99],[48.94,30.31],[48.99,30.05],[48.9,29.99],[48.37,29.92],[48.4,29.6],[47.87,29.54],[47.85,29.41],[48.08,29.41],[48.22,29.28],[48.19,29.09],[48.46,28.77],[48.56,28.32],[48.97,27.93],[48.87,27.67],[49.24,27.61],[49.36,27.29],[50.13,26.77],[50.12,26.58],[50.25,26.45],[50.22,26.13],[50.07,26.07],[50.21,26.0],[50.33,25.62],[50.61,25.42],[50.65,25.1],[50.73,25.1],[50.77,25.55],[50.92,25.62],[50.95,25.94],[51.12,26.13],[51.42,26.13],[51.7,25.87],[51.57,25.36],[51.72,25.29],[51.69,24.97],[51.52,24.78],[51.41,24.33],[51.85,24.26],[51.91,24.01],[52.28,24.01],[52.6,24.26],[53.11,24.14],[54.08,24.14],[54.1,24.33],[54.32,24.26],[54.56,24.46],[54.74,24.84],[55.14,25.1],[55.41,25.55],[55.97,25.87],[56.17,26.32],[56.48,26.39],[56.54,26.32],[56.39,25.55],[56.46,25.55],[56.42,25.16],[56.5,25.16],[56.4,24.97],[56.54,24.91],[56.79,24.33],[57.49,23.88],[58.81,23.62],[59.08,23.3],[59.07,23.17],[59.28,23.04],[59.27,22.91],[59.54,22.66],[59.9,22.53],[59.86,22.08],[59.44,21.44],[58.8,20.92],[58.61,20.41],[58.31,20.34],[58.25,20.54],[58.1,20.54],[57.93,20.28],[57.79,19.51],[57.87,19.51],[57.9,18.99],[57.0,18.8],[56.75,18.54],[56.64,18.09],[56.41,17.9],[55.59,17.84],[55.35,17.58],[55.31,17.13],[55.16,17.0],[54.2,17.0],[53.59,16.68],[53.22,16.68],[53.13,16.55],[52.38,16.29],[52.26,15.59],[52.1,15.46],[51.88,15.46],[51.27,15.14],[50.76,15.07],[50.23,14.81],[49.41,14.69],[48.79,14.04],[47.75,13.91],[47.67,13.72],[47.07,13.46],[45.74,13.34],[45.05,12.76],[44.61,12.76],[44.39,12.63],[43.44,12.69],[43.45,12.89],[43.24,13.08],[43.26,13.72],[43.06,13.98],[42.95,14.88],[42.89,15.07],[42.75,15.14],[42.71,15.84],[42.78,15.84],[42.82,16.61],[42.48,17.0],[42.48,17.13],[42.34,17.13],[42.28,17.45],[41.78,17.84],[41.45,18.48],[41.24,18.61],[41.25,18.86],[41.04,19.12],[40.99,19.44],[40.84,19.51],[40.85,19.7],[40.56,19.83],[40.14,20.28],[39.84,20.28],[39.35,20.79],[39.15,21.18],[39.17,21.63],[39.03,21.76],[39.14,22.53],[38.86,22.85],[38.87,23.04],[38.6,23.62],[38.03,24.14],[37.44,24.33],[37.39,24.65],[37.17,24.78],[37.18,24.91],[37.33,24.97],[37.27,25.23],[36.77,25.68],[36.72,26.0],[36.43,26.19],[36.16,26.77],[35.67,27.29],[35.61,27.54],[35.47,27.61],[35.41,27.87],[35.05,28.12],[34.59,28.06],[34.61,28.25],[34.85,28.57],[34.91,29.41],[34.75,29.28],[34.52,28.06],[34.36,27.93],[34.35,27.74],[34.12,27.74],[33.62,28.12],[33.55,28.32],[33.4,28.32],[33.19,28.51],[33.21,28.89],[32.86,29.22],[32.53,29.92],[32.43,29.6],[32.64,29.34],[32.69,28.96],[32.84,28.89],[33.11,28.38],[33.61,27.99],[33.59,27.61],[33.8,27.42],[33.93,27.03],[34.07,26.97],[34.05,26.58],[34.2,26.52],[34.46,25.87],[34.61,25.81],[35.15,24.65],[35.86,24.01],[35.85,23.88],[35.56,23.94],[35.55,23.81],[35.11,23.88],[33.76,23.69],[33.68,23.69],[33.39,23.81],[32.04,23.69],[31.67,23.75],[30.54,23.36],[30.46,23.36],[30.4,23.56],[30.1,23.75],[30.11,23.88],[29.96,23.88],[29.67,24.2],[28.57,24.65],[28.29,25.16],[28.24,25.94],[28.35,26.58],[28.27,26.58],[28.15,27.35],[27.94,27.54],[27.71,27.54],[27.79,27.67],[27.43,27.99],[27.28,27.93],[27.29,28.12],[27.14,28.25],[25.59,28.96],[25.37,29.28],[25.15,29.28],[25.0,29.41],[24.85,29.34],[24.78,29.54],[23.74,29.99],[22.45,30.05],[21.23,29.86],[19.77,29.22],[18.64,29.09],[18.04,29.34],[17.74,29.73],[16.16,30.12],[15.16,30.58],[14.21,31.68],[13.37,32.05],[12.33,31.91],[10.14,32.9],[9.86,32.81],[9.7,33.14],[9.24,33.52],[9.26,34.05],[9.16,34.1],[7.61,34.55],[7.23,34.5],[6.15,34.71],[5.35,34.61],[5.53,35.62],[5.32,35.71],[5.32,36.1],[5.47,36.43],[5.33,36.74],[5.56,36.67],[5.64,36.8],[6.11,36.8],[6.1,36.93],[6.33,37.06],[6.8,36.87],[7.19,36.87],[7.35,37.06],[7.66,37.0],[7.74,36.87],[8.52,36.87],[8.9,37.13],[9.06,37.06],[9.6,37.32],[9.99,37.19],[10.23,37.25],[10.23,37.06],[10.31,37.06],[10.23,36.8]],[[35.52,33.84],[35.59,33.84],[35.6,33.91],[35.52,33.91],[35.52,33.84]],[[10.15,37.06],[10.15,37.0],[10.23,37.0],[10.23,37.06],[10.15,37.06]],[[53.74,31.46],[53.66,31.46],[53.65,31.4],[53.73,31.4],[53.74,31.46]],[[53.54,31.66],[53.53,31.59],[53.6,31.59],[53.61,31.66],[53.54,31.66]],[[47.4,38.16],[47.48,38.16],[47.49,38.22],[47.41,38.22],[47.4,38.16]],[[47.42,38.29],[47.43,38.35],[47.35,38.35],[47.34,38.29],[47.42,38.29]],[[34.92,32.36],[34.85,32.36],[34.84,32.3],[34.92,32.3],[34.92,32.36]],[[13.15,32.88],[13.07,32.88],[13.07,32.81],[13.15,32.81],[13.15,32.88]],[[8.9,37.0],[8.83,37.0],[8.83,36.93],[8.9,36.93],[8.9,37.0]]],[[[36.98,38.74],[37.06,38.74],[37.05,38.67],[36.97,38.67],[36.98,38.74]]],[[[1.43,42.24],[1.41,42.5],[1.49,42.5],[1.66,42.43],[1.89,42.56],[2.46,42.37],[3.09,42.5],[3.1,42.43],[3.18,42.37],[3.12,41.91],[2.57,41.59],[2.33,41.59],[2.11,41.33],[1.95,41.33],[1.87,41.33],[1.77,41.72],[1.68,41.85],[1.2,41.98],[1.2,42.04],[1.12,42.04],[1.04,42.04],[1.43,42.24]]]]},"properties":{"id":"territory:Abbasid Caliphate:778","name":"아바스 칼리프국","name_en":"Abbasid Caliphate","actor":"기타중립","valid_from":778,"valid_to":783,"wikidata":"Q12536","area":8151272,"src":"cliopatria","confidence":"medium"}},{"type":"Feature","geometry":{"type":"Point","coordinates":[48.169,30.088]},"properties":{"id":"territory:Abbasid Caliphate:778:label","name":"아바스 칼리프국","name_en":"Abbasid Caliphate","actor":"기타중립","valid_from":778,"valid_to":783,"wikidata":"Q12536","area":8151272,"src":"cliopatria","confidence":"medium"}},{"type":"Feature","geometry":{"type":"MultiPolygon","coordinates":[[[[42.01,16.61],[42.02,16.81],[42.17,16.81],[42.24,16.68],[42.23,16.61],[42.01,16.61]]],[[[58.98,20.41],[58.82,20.21],[58.67,20.21],[58.77,20.54],[58.77,20.6],[59.0,20.66],[58.98,20.41]]],[[[50.43,25.94],[50.46,26.26],[50.69,26.26],[50.67,26.13],[50.67,26.07],[50.65,25.87],[50.43,25.94]]],[[[62.19,41.78],[62.15,41.65],[62.46,41.33],[62.39,41.07],[62.53,41.0],[62.3,40.74],[62.4,40.55],[62.33,40.29],[62.47,40.23],[62.5,40.03],[62.74,40.03],[63.26,40.23],[65.35,40.61],[65.39,40.74],[65.69,40.68],[66.28,40.81],[66.69,41.13],[66.65,41.26],[66.89,41.26],[68.11,42.11],[69.42,43.41],[69.5,43.41],[69.58,43.41],[69.54,43.28],[70.11,43.08],[70.42,42.56],[71.25,42.17],[71.42,41.98],[71.38,41.85],[71.69,41.59],[71.64,41.46],[71.76,41.33],[73.0,40.74],[72.98,40.68],[73.06,40.68],[73.14,40.68],[73.29,40.68],[73.33,40.55],[73.49,40.55],[73.53,40.42],[73.8,40.29],[73.57,39.58],[73.42,39.58],[73.16,39.26],[73.0,39.26],[72.32,38.8],[71.79,38.35],[71.5,37.58],[71.58,37.58],[71.48,36.93],[70.24,36.67],[69.0,36.67],[68.6,36.61],[68.49,36.48],[67.8,36.55],[67.07,36.42],[66.9,36.03],[66.72,35.9],[66.37,35.07],[65.93,34.49],[64.74,33.97],[64.36,33.59],[64.25,33.07],[64.33,33.07],[64.28,32.81],[64.36,32.81],[64.22,32.49],[64.21,32.04],[64.28,32.04],[64.25,31.46],[64.33,31.46],[64.46,30.95],[64.59,30.82],[65.63,30.69],[66.34,30.44],[67.17,30.37],[67.15,30.31],[68.43,30.24],[70.56,29.86],[70.39,28.96],[70.17,28.51],[69.23,27.87],[68.52,27.67],[68.09,27.29],[67.92,26.64],[67.99,26.64],[68.06,26.07],[68.19,25.94],[68.22,25.55],[67.76,24.91],[67.54,24.26],[67.36,24.07],[67.29,24.07],[67.33,24.39],[67.25,24.39],[67.21,24.71],[66.63,24.84],[66.68,25.23],[66.35,25.55],[66.02,25.36],[64.82,25.29],[64.8,25.16],[64.28,25.23],[64.23,25.36],[63.63,25.36],[63.54,25.23],[62.56,25.23],[62.47,25.1],[62.18,25.16],[62.02,25.04],[61.72,25.04],[61.66,25.16],[61.13,25.1],[60.92,25.23],[60.62,25.23],[60.63,25.36],[59.06,25.36],[58.78,25.55],[57.96,25.55],[57.74,25.62],[57.68,25.74],[57.38,25.74],[57.11,26.07],[57.05,26.84],[56.71,27.16],[56.19,27.16],[56.1,27.03],[56.32,27.03],[56.31,26.9],[56.06,26.71],[55.6,26.64],[55.44,26.52],[55.29,26.52],[55.31,26.71],[55.54,26.77],[55.24,26.77],[54.83,26.45],[54.46,26.52],[54.26,26.71],[53.66,26.71],[53.46,26.97],[52.74,27.22],[52.48,27.61],[52.05,27.8],[51.6,27.8],[51.32,27.99],[51.33,28.12],[51.07,28.44],[51.03,28.77],[50.81,28.83],[50.92,29.09],[50.62,29.15],[50.65,29.41],[50.24,29.73],[50.06,30.18],[49.59,29.99],[48.94,30.31],[48.99,30.05],[48.9,29.99],[48.37,29.92],[48.4,29.6],[47.87,29.54],[47.85,29.41],[48.08,29.41],[48.22,29.28],[48.19,29.09],[48.46,28.77],[48.56,28.32],[48.97,27.93],[48.87,27.67],[49.24,27.61],[49.36,27.29],[50.13,26.77],[50.12,26.58],[50.25,26.45],[50.22,26.13],[50.07,26.07],[50.21,26.0],[50.33,25.62],[50.61,25.42],[50.65,25.1],[50.73,25.1],[50.77,25.55],[50.92,25.62],[50.95,25.94],[51.12,26.13],[51.42,26.13],[51.7,25.87],[51.57,25.36],[51.72,25.29],[51.69,24.97],[51.52,24.78],[51.41,24.33],[51.85,24.26],[51.91,24.01],[52.28,24.01],[52.6,24.26],[53.11,24.14],[54.08,24.14],[54.1,24.33],[54.32,24.26],[54.56,24.46],[54.74,24.84],[55.14,25.1],[55.41,25.55],[55.97,25.87],[56.17,26.32],[56.48,26.39],[56.54,26.32],[56.39,25.55],[56.46,25.55],[56.42,25.16],[56.5,25.16],[56.4,24.97],[56.54,24.91],[56.79,24.33],[57.49,23.88],[58.81,23.62],[59.08,23.3],[59.07,23.17],[59.28,23.04],[59.27,22.91],[59.54,22.66],[59.9,22.53],[59.86,22.08],[59.44,21.44],[58.8,20.92],[58.61,20.41],[58.31,20.34],[58.25,20.54],[58.1,20.54],[57.93,20.28],[57.79,19.51],[57.87,19.51],[57.9,18.99],[57.0,18.8],[56.75,18.54],[56.64,18.09],[56.41,17.9],[55.59,17.84],[55.35,17.58],[55.31,17.13],[55.16,17.0],[54.2,17.0],[53.59,16.68],[53.22,16.68],[53.13,16.55],[52.38,16.29],[52.26,15.59],[52.1,15.46],[51.88,15.46],[51.27,15.14],[50.76,15.07],[50.23,14.81],[49.41,14.69],[48.79,14.04],[47.75,13.91],[47.67,13.72],[47.07,13.46],[45.74,13.34],[45.05,12.76],[44.61,12.76],[44.39,12.63],[43.44,12.69],[43.45,12.89],[43.24,13.08],[43.26,13.72],[43.06,13.98],[42.95,14.88],[42.89,15.07],[42.75,15.14],[42.71,15.84],[42.78,15.84],[42.82,16.61],[42.48,17.0],[42.48,17.13],[42.34,17.13],[42.28,17.45],[41.78,17.84],[41.45,18.48],[41.24,18.61],[41.25,18.86],[41.04,19.12],[40.99,19.44],[40.84,19.51],[40.85,19.7],[40.56,19.83],[40.14,20.28],[39.84,20.28],[39.35,20.79],[39.15,21.18],[39.17,21.63],[39.03,21.76],[39.14,22.53],[38.86,22.85],[38.87,23.04],[38.6,23.62],[38.03,24.14],[37.44,24.33],[37.39,24.65],[37.17,24.78],[37.18,24.91],[37.33,24.97],[37.27,25.23],[36.77,25.68],[36.72,26.0],[36.43,26.19],[36.16,26.77],[35.67,27.29],[35.61,27.54],[35.47,27.61],[35.41,27.87],[35.05,28.12],[34.59,28.06],[34.61,28.25],[34.85,28.57],[34.91,29.41],[34.75,29.28],[34.52,28.06],[34.36,27.93],[34.35,27.74],[34.12,27.74],[33.62,28.12],[33.55,28.32],[33.4,28.32],[33.19,28.51],[33.21,28.89],[32.86,29.22],[32.53,29.92],[32.43,29.6],[32.64,29.34],[32.69,28.96],[32.84,28.89],[33.11,28.38],[33.61,27.99],[33.59,27.61],[33.8,27.42],[33.93,27.03],[34.07,26.97],[34.05,26.58],[34.2,26.52],[34.46,25.87],[34.61,25.81],[35.15,24.65],[35.86,24.01],[35.85,23.88],[35.56,23.94],[35.55,23.81],[35.11,23.88],[33.76,23.69],[33.68,23.69],[33.39,23.81],[32.04,23.69],[31.67,23.75],[30.54,23.36],[30.46,23.36],[30.4,23.56],[30.1,23.75],[30.11,23.88],[29.96,23.88],[29.67,24.2],[28.57,24.65],[28.29,25.16],[28.24,25.94],[28.35,26.58],[28.27,26.58],[28.15,27.35],[27.94,27.54],[27.71,27.54],[27.79,27.67],[27.43,27.99],[27.28,27.93],[27.29,28.12],[27.14,28.25],[25.59,28.96],[25.37,29.28],[25.15,29.28],[25.0,29.41],[24.85,29.34],[24.78,29.54],[23.74,29.99],[22.45,30.05],[21.23,29.86],[19.77,29.22],[18.64,29.09],[18.04,29.34],[17.82,29.67],[17.44,29.86],[16.16,30.12],[15.1,30.56],[14.88,30.95],[14.65,31.08],[14.66,31.21],[13.98,31.79],[13.37,32.04],[13.22,32.04],[13.22,31.91],[12.99,31.98],[12.45,31.85],[12.15,32.04],[11.61,32.17],[11.54,32.3],[11.08,32.24],[11.16,32.43],[10.09,32.88],[9.86,32.81],[9.7,33.14],[9.24,33.52],[9.16,34.1],[8.31,34.29],[8.08,34.23],[8.0,34.42],[7.61,34.55],[7.15,34.49],[6.92,34.61],[6.46,34.55],[6.15,34.68],[5.3,34.61],[5.29,35.13],[5.37,35.13],[5.36,35.52],[5.44,35.52],[5.43,35.64],[5.28,35.64],[5.34,36.1],[5.27,36.16],[5.42,36.35],[5.33,36.74],[5.56,36.67],[5.64,36.8],[6.11,36.8],[6.1,36.93],[6.33,37.06],[6.8,36.87],[7.19,36.87],[7.35,37.06],[7.5,37.06],[7.74,36.87],[8.52,36.87],[8.9,37.13],[9.06,37.06],[9.6,37.32],[9.99,37.19],[10.23,37.25],[10.23,37.06],[10.31,37.06],[10.23,36.8],[10.46,36.74],[11.01,37.0],[11.01,36.8],[10.46,36.42],[10.54,36.35],[10.46,35.9],[10.7,35.71],[10.85,35.77],[10.93,35.58],[11.08,35.58],[11.08,35.39],[11.01,35.39],[11.08,35.0],[10.85,34.94],[10.85,34.81],[10.54,34.55],[10.0,34.29],[10.08,34.23],[10.01,33.91],[10.24,33.71],[10.54,33.71],[10.7,33.52],[11.08,33.59],[11.16,33.2],[11.46,33.2],[12.23,32.81],[12.61,32.88],[12.53,32.75],[12.84,32.75],[12.84,32.88],[13.3,32.94],[13.45,32.81],[13.76,32.88],[13.76,32.75],[14.07,32.75],[14.44,32.49],[14.67,32.56],[14.75,32.43],[15.06,32.43],[15.28,32.3],[15.42,31.66],[15.58,31.59],[15.65,31.4],[16.18,31.21],[17.47,31.08],[18.22,30.76],[18.59,30.37],[19.27,30.24],[19.89,30.5],[20.2,30.89],[20.13,31.14],[20.21,31.27],[20.0,31.59],[20.09,32.11],[20.02,32.24],[20.25,32.24],[20.33,32.49],[20.48,32.43],[20.56,32.56],[20.72,32.56],[20.64,32.69],[20.87,32.62],[21.11,32.81],[21.41,32.75],[21.88,32.94],[23.09,32.62],[23.08,32.36],[23.3,32.17],[23.68,32.17],[24.13,31.98],[24.89,31.98],[25.11,31.79],[25.1,31.59],[25.25,31.46],[26.85,31.46],[27.3,31.34],[27.51,31.14],[28.5,31.01],[28.87,30.82],[29.4,30.82],[29.49,31.01],[29.63,30.95],[29.87,31.08],[29.8,31.21],[29.88,31.27],[30.34,31.27],[30.27,31.4],[30.35,31.46],[30.81,31.46],[30.97,31.53],[30.97,31.66],[31.2,31.66],[31.12,31.53],[31.27,31.46],[31.88,31.46],[31.78,31.21],[31.94,31.27],[32.0,31.08],[32.3,31.08],[32.24,31.21],[32.39,31.21],[32.53,31.08],[32.77,31.14],[32.83,31.01],[33.75,31.08],[34.3,31.27],[34.31,31.4],[34.63,31.66],[34.57,31.85],[34.81,31.98],[34.77,32.36],[35.02,32.62],[35.06,33.01],[35.22,33.07],[35.4,33.39],[35.35,33.65],[35.5,33.65],[35.45,33.91],[35.68,33.97],[35.64,34.36],[35.79,34.29],[36.05,34.55],[36.07,34.74],[35.93,34.87],[35.96,35.19],[35.88,35.19],[35.99,35.52],[35.84,35.58],[35.99,36.22],[35.84,36.29],[36.26,36.61],[36.29,36.8],[36.14,36.93],[35.83,36.93],[35.49,36.61],[35.33,36.61],[35.11,36.74],[34.95,36.67],[34.89,36.87],[34.74,36.87],[34.66,36.87],[34.78,37.25],[35.03,37.45],[35.35,37.51],[35.43,37.51],[35.82,37.51],[36.15,37.71],[36.46,38.29],[36.61,38.22],[36.79,38.48],[37.13,38.67],[37.07,38.8],[37.31,38.87],[37.43,39.19],[37.68,39.26],[38.15,39.84],[38.16,39.9],[38.3,39.77],[38.84,39.71],[39.59,39.97],[40.58,40.74],[40.74,40.74],[41.53,41.26],[42.25,41.26],[42.36,41.46],[42.61,41.52],[42.66,41.78],[42.67,41.85],[42.75,41.85],[42.93,42.43],[42.72,42.56],[42.75,42.76],[42.61,42.82],[42.5,43.15],[42.99,43.15],[43.42,42.89],[43.66,42.89],[43.85,42.63],[44.36,42.76],[44.74,42.69],[44.82,42.69],[45.23,42.69],[45.67,42.5],[45.75,42.11],[46.3,42.04],[46.35,41.91],[46.74,41.85],[47.27,41.33],[47.56,41.2],[47.89,41.26],[48.18,41.52],[48.17,41.85],[48.09,41.85],[48.2,41.98],[48.28,41.98],[49.09,41.26],[49.06,41.13],[49.27,41.0],[49.24,40.87],[49.51,40.61],[50.05,40.55],[50.26,40.42],[49.69,40.36],[49.51,40.23],[49.27,39.38],[49.15,39.19],[48.92,39.19],[48.8,39.0],[48.76,38.35],[48.84,38.35],[48.88,37.71],[49.09,37.51],[50.0,37.38],[50.32,37.0],[50.57,37.06],[50.63,37.0],[50.53,36.87],[51.26,36.61],[52.19,36.55],[53.09,36.8],[54.03,36.87],[54.09,37.19],[53.91,37.45],[53.91,37.84],[53.83,37.84],[53.99,39.0],[53.52,39.38],[53.14,39.45],[53.54,39.51],[53.5,40.03],[52.79,40.03],[52.78,40.36],[52.7,40.36],[52.89,40.87],[52.97,40.87],[52.94,40.74],[53.34,40.74],[53.45,40.87],[53.4,40.68],[54.37,40.74],[54.39,40.81],[56.83,40.74],[57.46,41.39],[57.56,41.78],[57.96,42.37],[58.05,43.02],[58.34,43.47],[58.42,43.47],[58.63,43.67],[59.12,43.41],[60.37,43.54],[60.39,43.34],[60.84,42.95],[60.82,42.89],[62.19,41.78]]],[[[11.54,32.17],[11.61,32.17],[11.61,32.11],[11.54,32.11],[11.54,32.17]]],[[[36.98,38.74],[37.06,38.74],[37.05,38.67],[36.97,38.67],[36.98,38.74]]]]},"properties":{"id":"territory:Abbasid Caliphate:768","name":"아바스 칼리프국","name_en":"Abbasid Caliphate","actor":"기타중립","valid_from":768,"valid_to":778,"wikidata":"Q12536","area":8140387,"src":"cliopatria","confidence":"medium"}},{"type":"Feature","geometry":{"type":"Point","coordinates":[48.155,30.088]},"properties":{"id":"territory:Abbasid Caliphate:768:label","name":"아바스 칼리프국","name_en":"Abbasid Caliphate","actor":"기타중립","valid_from":768,"valid_to":778,"wikidata":"Q12536","area":8140387,"src":"cliopatria","confidence":"medium"}},{"type":"Feature","geometry":{"type":"MultiPolygon","coordinates":[[[[42.01,16.61],[42.02,16.81],[42.17,16.81],[42.24,16.68],[42.23,16.61],[42.01,16.61]]],[[[59.0,20.66],[58.98,20.41],[58.82,20.21],[58.67,20.21],[58.77,20.54],[58.77,20.6],[59.0,20.66]]],[[[50.65,25.87],[50.43,25.94],[50.46,26.26],[50.69,26.26],[50.67,26.13],[50.67,26.07],[50.65,25.87]]],[[[35.79,34.29],[36.05,34.55],[36.07,34.74],[35.93,34.87],[35.96,35.19],[35.88,35.19],[35.99,35.52],[35.84,35.58],[35.99,36.22],[35.84,36.29],[36.26,36.61],[36.29,36.8],[36.14,36.93],[35.83,36.93],[35.49,36.61],[35.33,36.61],[35.11,36.74],[34.95,36.67],[34.89,36.87],[34.74,36.87],[34.66,36.87],[34.78,37.25],[35.03,37.45],[35.35,37.51],[35.43,37.51],[35.82,37.51],[36.15,37.71],[36.46,38.29],[36.61,38.22],[36.79,38.48],[37.13,38.67],[37.07,38.8],[37.31,38.87],[37.43,39.19],[37.68,39.26],[38.15,39.84],[38.16,39.9],[38.3,39.77],[38.84,39.71],[39.59,39.97],[40.58,40.74],[41.08,40.94],[41.73,41.46],[42.61,41.52],[42.93,42.43],[42.72,42.56],[42.75,42.76],[42.61,42.82],[42.5,43.15],[42.99,43.15],[43.42,42.89],[43.66,42.89],[43.85,42.63],[44.36,42.76],[44.74,42.69],[44.82,42.69],[45.23,42.69],[45.67,42.5],[45.75,42.11],[46.3,42.04],[46.35,41.91],[46.74,41.85],[47.27,41.33],[47.56,41.2],[47.89,41.26],[48.18,41.52],[48.17,41.85],[48.09,41.85],[48.2,41.98],[48.28,41.98],[49.09,41.26],[49.06,41.13],[49.27,41.0],[49.24,40.87],[49.51,40.61],[50.05,40.55],[50.26,40.42],[49.69,40.36],[49.51,40.23],[49.27,39.38],[49.15,39.19],[48.92,39.19],[48.8,39.0],[48.76,38.35],[48.84,38.35],[48.88,37.71],[49.09,37.51],[50.0,37.38],[50.32,37.0],[50.57,37.06],[50.63,37.0],[50.53,36.87],[51.26,36.61],[52.19,36.55],[53.09,36.8],[54.03,36.87],[54.09,37.19],[53.91,37.45],[53.91,37.84],[53.83,37.84],[53.99,39.0],[53.52,39.38],[53.14,39.45],[53.54,39.51],[53.5,40.03],[52.79,40.03],[52.78,40.36],[52.7,40.36],[52.89,40.87],[52.97,40.87],[52.94,40.74],[53.34,40.74],[53.45,40.87],[53.4,40.68],[54.37,40.74],[54.39,40.81],[56.83,40.74],[57.46,41.39],[57.56,41.78],[57.96,42.37],[58.05,43.02],[58.34,43.47],[58.42,43.47],[58.63,43.67],[59.12,43.41],[60.37,43.54],[60.39,43.34],[61.01,42.69],[61.17,42.69],[61.4,42.37],[61.56,42.37],[61.78,42.04],[61.94,42.04],[62.19,41.78],[62.15,41.65],[62.35,41.52],[62.32,41.39],[62.46,41.33],[62.39,41.07],[62.53,41.0],[62.3,40.74],[62.4,40.55],[62.33,40.29],[62.47,40.23],[62.5,40.03],[64.84,40.48],[65.35,40.61],[65.39,40.74],[65.69,40.68],[66.28,40.81],[66.69,41.13],[66.65,41.26],[66.89,41.26],[68.11,42.11],[69.42,43.41],[69.5,43.41],[69.58,43.41],[69.54,43.28],[70.11,43.08],[70.42,42.56],[71.25,42.17],[71.42,41.98],[71.38,41.85],[71.69,41.59],[71.64,41.46],[71.76,41.33],[73.0,40.74],[72.98,40.68],[73.06,40.68],[73.14,40.68],[73.29,40.68],[73.33,40.55],[73.49,40.55],[73.53,40.42],[73.8,40.29],[73.57,39.58],[73.42,39.58],[73.16,39.26],[73.0,39.26],[72.32,38.8],[71.79,38.35],[71.5,37.58],[71.58,37.58],[71.48,36.93],[70.24,36.67],[69.0,36.67],[68.6,36.61],[68.49,36.48],[67.8,36.55],[67.07,36.42],[66.9,36.03],[66.72,35.9],[66.37,35.07],[65.93,34.49],[64.74,33.97],[64.36,33.59],[64.25,33.07],[64.33,33.07],[64.28,32.81],[64.36,32.81],[64.22,32.49],[64.21,32.04],[64.28,32.04],[64.25,31.46],[64.33,31.46],[64.46,30.95],[64.59,30.82],[65.63,30.69],[66.34,30.44],[67.17,30.37],[67.15,30.31],[68.43,30.24],[70.56,29.86],[70.39,28.96],[70.17,28.51],[69.23,27.87],[68.52,27.67],[68.09,27.29],[67.92,26.64],[67.99,26.64],[68.06,26.07],[68.19,25.94],[68.22,25.55],[67.76,24.91],[67.54,24.26],[67.36,24.07],[67.29,24.07],[67.33,24.39],[67.25,24.39],[67.21,24.71],[66.63,24.84],[66.68,25.23],[66.35,25.55],[66.02,25.36],[64.82,25.29],[64.8,25.16],[64.28,25.23],[64.23,25.36],[63.63,25.36],[63.54,25.23],[62.56,25.23],[62.47,25.1],[62.18,25.16],[62.02,25.04],[61.72,25.04],[61.66,25.16],[61.13,25.1],[60.92,25.23],[60.62,25.23],[60.63,25.36],[59.06,25.36],[58.78,25.55],[57.96,25.55],[57.74,25.62],[57.68,25.74],[57.38,25.74],[57.11,26.07],[57.05,26.84],[56.71,27.16],[56.19,27.16],[56.1,27.03],[56.32,27.03],[56.31,26.9],[56.06,26.71],[55.6,26.64],[55.44,26.52],[55.29,26.52],[55.31,26.71],[55.54,26.77],[55.24,26.77],[54.83,26.45],[54.46,26.52],[54.26,26.71],[53.66,26.71],[53.46,26.97],[52.74,27.22],[52.48,27.61],[52.05,27.8],[51.6,27.8],[51.32,27.99],[51.33,28.12],[51.07,28.44],[51.03,28.77],[50.81,28.83],[50.92,29.09],[50.62,29.15],[50.65,29.41],[50.24,29.73],[50.06,30.18],[49.59,29.99],[48.94,30.31],[48.99,30.05],[48.9,29.99],[48.37,29.92],[48.4,29.6],[47.87,29.54],[47.85,29.41],[48.08,29.41],[48.22,29.28],[48.19,29.09],[48.46,28.77],[48.56,28.32],[48.97,27.93],[48.87,27.67],[49.24,27.61],[49.36,27.29],[50.13,26.77],[50.12,26.58],[50.25,26.45],[50.22,26.13],[50.07,26.07],[50.21,26.0],[50.33,25.62],[50.61,25.42],[50.65,25.1],[50.73,25.1],[50.77,25.55],[50.92,25.62],[50.95,25.94],[51.12,26.13],[51.42,26.13],[51.7,25.87],[51.57,25.36],[51.72,25.29],[51.69,24.97],[51.52,24.78],[51.41,24.33],[51.85,24.26],[51.91,24.01],[52.28,24.01],[52.6,24.26],[53.11,24.14],[54.08,24.14],[54.1,24.33],[54.32,24.26],[54.56,24.46],[54.74,24.84],[55.14,25.1],[55.41,25.55],[55.97,25.87],[56.17,26.32],[56.48,26.39],[56.54,26.32],[56.39,25.55],[56.46,25.55],[56.42,25.16],[56.5,25.16],[56.4,24.97],[56.54,24.91],[56.79,24.33],[57.49,23.88],[58.81,23.62],[59.08,23.3],[59.07,23.17],[59.28,23.04],[59.27,22.91],[59.54,22.66],[59.9,22.53],[59.86,22.08],[59.44,21.44],[58.8,20.92],[58.61,20.41],[58.31,20.34],[58.25,20.54],[58.1,20.54],[57.93,20.28],[57.79,19.51],[57.87,19.51],[57.9,18.99],[57.0,18.8],[56.75,18.54],[56.64,18.09],[56.41,17.9],[55.59,17.84],[55.35,17.58],[55.31,17.13],[55.16,17.0],[54.2,17.0],[53.59,16.68],[53.22,16.68],[53.13,16.55],[52.38,16.29],[52.26,15.59],[52.1,15.46],[51.88,15.46],[51.27,15.14],[50.76,15.07],[50.23,14.81],[49.41,14.69],[48.79,14.04],[47.75,13.91],[47.67,13.72],[47.07,13.46],[45.74,13.34],[45.05,12.76],[44.61,12.76],[44.39,12.63],[43.44,12.69],[43.45,12.89],[43.24,13.08],[43.26,13.72],[43.06,13.98],[42.95,14.88],[42.89,15.07],[42.75,15.14],[42.71,15.84],[42.78,15.84],[42.82,16.61],[42.48,17.0],[42.48,17.13],[42.34,17.13],[42.28,17.45],[41.78,17.84],[41.45,18.48],[41.24,18.61],[41.25,18.86],[41.04,19.12],[40.99,19.44],[40.84,19.51],[40.85,19.7],[40.56,19.83],[40.14,20.28],[39.84,20.28],[39.35,20.79],[39.15,21.18],[39.17,21.63],[39.03,21.76],[39.14,22.53],[38.86,22.85],[38.87,23.04],[38.6,23.62],[38.03,24.14],[37.44,24.33],[37.39,24.65],[37.17,24.78],[37.18,24.91],[37.33,24.97],[37.27,25.23],[36.77,25.68],[36.72,26.0],[36.43,26.19],[36.16,26.77],[35.67,27.29],[35.61,27.54],[35.47,27.61],[35.41,27.87],[35.05,28.12],[34.59,28.06],[34.61,28.25],[34.85,28.57],[34.91,29.41],[34.75,29.28],[34.52,28.06],[34.36,27.93],[34.35,27.74],[34.12,27.74],[33.62,28.12],[33.55,28.32],[33.4,28.32],[33.19,28.51],[33.21,28.89],[32.86,29.22],[32.53,29.92],[32.43,29.6],[32.64,29.34],[32.69,28.96],[32.84,28.89],[33.11,28.38],[33.61,27.99],[33.59,27.61],[33.8,27.42],[33.93,27.03],[34.07,26.97],[34.05,26.58],[34.2,26.52],[34.46,25.87],[34.61,25.81],[35.15,24.65],[35.86,24.01],[35.85,23.88],[35.56,23.94],[35.55,23.81],[35.11,23.88],[33.76,23.69],[33.68,23.69],[33.39,23.81],[32.04,23.69],[31.67,23.75],[30.54,23.36],[30.46,23.36],[30.4,23.56],[30.1,23.75],[30.11,23.88],[29.96,23.88],[29.67,24.2],[28.57,24.65],[28.29,25.16],[28.24,25.94],[28.35,26.58],[28.27,26.58],[28.15,27.35],[27.94,27.54],[27.71,27.54],[27.79,27.67],[27.43,27.99],[27.28,27.93],[27.29,28.12],[27.14,28.25],[25.59,28.96],[25.37,29.28],[25.15,29.28],[25.0,29.41],[24.85,29.34],[24.78,29.54],[23.74,29.99],[22.45,30.05],[21.23,29.86],[19.77,29.22],[18.64,29.09],[18.04,29.34],[17.74,29.73],[16.16,30.12],[15.16,30.58],[14.21,31.68],[13.37,32.05],[12.33,31.91],[10.14,32.9],[9.86,32.81],[9.7,33.14],[9.24,33.52],[9.26,34.05],[9.16,34.1],[7.61,34.55],[7.23,34.5],[6.15,34.71],[5.35,34.61],[5.53,35.62],[5.32,35.71],[5.32,36.1],[5.47,36.43],[5.33,36.74],[5.56,36.67],[5.64,36.8],[6.11,36.8],[6.1,36.93],[6.33,37.06],[6.8,36.87],[7.19,36.87],[7.35,37.06],[7.66,37.0],[7.74,36.87],[8.52,36.87],[8.9,37.13],[9.06,37.06],[9.6,37.32],[9.99,37.19],[10.23,37.25],[10.23,37.06],[10.31,37.06],[10.23,36.8],[10.46,36.74],[11.01,37.0],[11.01,36.8],[10.46,36.42],[10.54,36.35],[10.46,35.9],[10.7,35.71],[10.85,35.77],[10.93,35.58],[11.08,35.58],[11.08,35.39],[11.01,35.39],[11.08,35.0],[10.85,34.94],[10.85,34.81],[10.54,34.55],[10.0,34.29],[10.08,34.23],[10.01,33.91],[10.24,33.71],[10.54,33.71],[10.7,33.52],[11.08,33.59],[11.16,33.2],[11.46,33.2],[12.23,32.81],[12.61,32.88],[12.53,32.75],[12.84,32.75],[12.84,32.88],[13.3,32.94],[13.45,32.81],[13.76,32.88],[13.76,32.75],[14.07,32.75],[14.44,32.49],[14.67,32.56],[14.75,32.43],[15.06,32.43],[15.28,32.3],[15.42,31.66],[15.58,31.59],[15.65,31.4],[16.18,31.21],[16.86,31.21],[17.85,30.95],[18.22,30.76],[18.59,30.37],[18.9,30.37],[18.97,30.24],[19.66,30.37],[19.96,30.56],[19.97,30.69],[20.2,30.89],[20.13,31.14],[20.21,31.27],[20.0,31.59],[20.09,32.11],[20.02,32.24],[20.25,32.24],[20.33,32.49],[20.48,32.43],[20.56,32.56],[20.72,32.56],[20.64,32.69],[20.87,32.62],[21.11,32.81],[21.41,32.75],[21.88,32.94],[23.09,32.62],[23.08,32.36],[23.3,32.17],[23.68,32.17],[24.13,31.98],[24.89,31.98],[25.11,31.79],[25.1,31.59],[25.25,31.46],[26.85,31.46],[27.3,31.34],[27.51,31.14],[28.5,31.01],[28.87,30.82],[29.4,30.82],[29.49,31.01],[29.63,30.95],[29.87,31.08],[29.8,31.21],[29.88,31.27],[30.34,31.27],[30.27,31.4],[30.35,31.46],[30.81,31.46],[30.97,31.53],[30.97,31.66],[31.2,31.66],[31.12,31.53],[31.27,31.46],[31.88,31.46],[31.78,31.21],[31.94,31.27],[32.0,31.08],[32.3,31.08],[32.24,31.21],[32.53,31.08],[32.77,31.14],[32.83,31.01],[33.75,31.08],[34.3,31.27],[34.31,31.4],[34.63,31.66],[34.57,31.85],[34.81,31.98],[34.77,32.36],[35.02,32.62],[35.06,33.01],[35.3,33.2],[35.4,33.46],[35.33,33.46],[35.35,33.65],[35.5,33.65],[35.44,33.84],[35.52,33.91],[35.53,33.97],[35.68,33.97],[35.64,34.36],[35.79,34.29]]],[[[36.98,38.74],[37.06,38.74],[37.05,38.67],[36.97,38.67],[36.98,38.74]]]]},"properties":{"id":"territory:Abbasid Caliphate:783","name":"아바스 칼리프국","name_en":"Abbasid Caliphate","actor":"기타중립","valid_from":783,"valid_to":800,"wikidata":"Q12536","area":8138040,"src":"cliopatria","confidence":"medium"}},{"type":"Feature","geometry":{"type":"Point","coordinates":[48.169,30.088]},"properties":{"id":"territory:Abbasid Caliphate:783:label","name":"아바스 칼리프국","name_en":"Abbasid Caliphate","actor":"기타중립","valid_from":783,"valid_to":800,"wikidata":"Q12536","area":8138040,"src":"cliopatria","confidence":"medium"}},{"type":"Feature","geometry":{"type":"MultiPolygon","coordinates":[[[[42.01,16.61],[42.02,16.81],[42.17,16.81],[42.24,16.68],[42.23,16.61],[42.01,16.61]]],[[[58.98,20.41],[58.82,20.21],[58.67,20.21],[58.77,20.54],[58.77,20.6],[59.0,20.66],[58.98,20.41]]],[[[50.43,25.94],[50.46,26.26],[50.69,26.26],[50.67,26.13],[50.67,26.07],[50.65,25.87],[50.43,25.94]]],[[[62.19,41.78],[62.15,41.65],[62.46,41.33],[62.39,41.07],[62.53,41.0],[62.3,40.74],[62.4,40.55],[62.33,40.29],[62.47,40.23],[62.5,40.03],[62.74,40.03],[63.26,40.23],[65.35,40.61],[65.39,40.74],[65.69,40.68],[66.28,40.81],[66.69,41.13],[66.65,41.26],[66.89,41.26],[68.11,42.11],[69.42,43.41],[69.5,43.41],[69.58,43.41],[69.54,43.28],[70.11,43.08],[70.42,42.56],[71.25,42.17],[71.42,41.98],[71.38,41.85],[71.69,41.59],[71.64,41.46],[71.76,41.33],[73.0,40.74],[72.98,40.68],[73.06,40.68],[73.14,40.68],[73.29,40.68],[73.33,40.55],[73.49,40.55],[73.53,40.42],[73.8,40.29],[73.57,39.58],[73.42,39.58],[73.16,39.26],[73.0,39.26],[72.32,38.8],[71.79,38.35],[71.5,37.58],[71.58,37.58],[71.48,36.93],[70.24,36.67],[69.0,36.67],[68.6,36.61],[68.49,36.48],[67.8,36.55],[67.07,36.42],[66.9,36.03],[66.72,35.9],[66.37,35.07],[65.93,34.49],[64.74,33.97],[64.36,33.59],[64.25,33.07],[64.33,33.07],[64.28,32.81],[64.36,32.81],[64.22,32.49],[64.21,32.04],[64.28,32.04],[64.25,31.46],[64.33,31.46],[64.46,30.95],[64.59,30.82],[65.63,30.69],[66.34,30.44],[67.17,30.37],[67.15,30.31],[68.43,30.24],[70.56,29.86],[70.39,28.96],[70.17,28.51],[69.23,27.87],[68.52,27.67],[68.09,27.29],[67.92,26.64],[67.99,26.64],[68.06,26.07],[68.19,25.94],[68.22,25.55],[67.76,24.91],[67.54,24.26],[67.36,24.07],[67.29,24.07],[67.33,24.39],[67.25,24.39],[67.21,24.71],[66.63,24.84],[66.68,25.23],[66.35,25.55],[66.02,25.36],[64.82,25.29],[64.8,25.16],[64.28,25.23],[64.23,25.36],[63.63,25.36],[63.54,25.23],[62.56,25.23],[62.47,25.1],[62.18,25.16],[62.02,25.04],[61.72,25.04],[61.66,25.16],[61.13,25.1],[60.92,25.23],[60.62,25.23],[60.63,25.36],[59.06,25.36],[58.78,25.55],[57.96,25.55],[57.74,25.62],[57.68,25.74],[57.38,25.74],[57.11,26.07],[57.05,26.84],[56.71,27.16],[56.19,27.16],[56.1,27.03],[56.32,27.03],[56.31,26.9],[56.06,26.71],[55.6,26.64],[55.44,26.52],[55.29,26.52],[55.31,26.71],[55.54,26.77],[55.24,26.77],[54.83,26.45],[54.46,26.52],[54.26,26.71],[53.66,26.71],[53.46,26.97],[52.74,27.22],[52.48,27.61],[52.05,27.8],[51.6,27.8],[51.32,27.99],[51.33,28.12],[51.07,28.44],[51.03,28.77],[50.81,28.83],[50.92,29.09],[50.62,29.15],[50.65,29.41],[50.24,29.73],[50.06,30.18],[49.59,29.99],[48.94,30.31],[48.99,30.05],[48.9,29.99],[48.37,29.92],[48.4,29.6],[47.87,29.54],[47.85,29.41],[48.08,29.41],[48.22,29.28],[48.19,29.09],[48.46,28.77],[48.56,28.32],[48.97,27.93],[48.87,27.67],[49.24,27.61],[49.36,27.29],[50.13,26.77],[50.12,26.58],[50.25,26.45],[50.22,26.13],[50.07,26.07],[50.21,26.0],[50.33,25.62],[50.61,25.42],[50.65,25.1],[50.73,25.1],[50.77,25.55],[50.92,25.62],[50.95,25.94],[51.12,26.13],[51.42,26.13],[51.7,25.87],[51.57,25.36],[51.72,25.29],[51.69,24.97],[51.52,24.78],[51.41,24.33],[51.85,24.26],[51.91,24.01],[52.28,24.01],[52.6,24.26],[53.11,24.14],[54.08,24.14],[54.1,24.33],[54.32,24.26],[54.56,24.46],[54.74,24.84],[55.14,25.1],[55.41,25.55],[55.97,25.87],[56.17,26.32],[56.48,26.39],[56.54,26.32],[56.39,25.55],[56.46,25.55],[56.42,25.16],[56.5,25.16],[56.4,24.97],[56.54,24.91],[56.79,24.33],[57.49,23.88],[58.81,23.62],[59.08,23.3],[59.07,23.17],[59.28,23.04],[59.27,22.91],[59.54,22.66],[59.9,22.53],[59.86,22.08],[59.44,21.44],[58.8,20.92],[58.61,20.41],[58.31,20.34],[58.25,20.54],[58.1,20.54],[57.93,20.28],[57.79,19.51],[57.87,19.51],[57.9,18.99],[57.0,18.8],[56.75,18.54],[56.64,18.09],[56.41,17.9],[55.59,17.84],[55.35,17.58],[55.31,17.13],[55.16,17.0],[54.2,17.0],[53.59,16.68],[53.22,16.68],[53.13,16.55],[52.38,16.29],[52.26,15.59],[52.1,15.46],[51.88,15.46],[51.27,15.14],[50.76,15.07],[50.23,14.81],[49.41,14.69],[48.79,14.04],[47.75,13.91],[47.67,13.72],[47.07,13.46],[45.74,13.34],[45.05,12.76],[44.61,12.76],[44.39,12.63],[43.44,12.69],[43.45,12.89],[43.24,13.08],[43.26,13.72],[43.06,13.98],[42.95,14.88],[42.89,15.07],[42.75,15.14],[42.71,15.84],[42.78,15.84],[42.82,16.61],[42.48,17.0],[42.48,17.13],[42.34,17.13],[42.28,17.45],[41.78,17.84],[41.45,18.48],[41.24,18.61],[41.25,18.86],[41.04,19.12],[40.99,19.44],[40.84,19.51],[40.85,19.7],[40.56,19.83],[40.14,20.28],[39.84,20.28],[39.35,20.79],[39.15,21.18],[39.17,21.63],[39.03,21.76],[39.14,22.53],[38.86,22.85],[38.87,23.04],[38.6,23.62],[38.03,24.14],[37.44,24.33],[37.39,24.65],[37.17,24.78],[37.18,24.91],[37.33,24.97],[37.27,25.23],[36.77,25.68],[36.72,26.0],[36.43,26.19],[36.16,26.77],[35.67,27.29],[35.61,27.54],[35.47,27.61],[35.41,27.87],[35.05,28.12],[34.59,28.06],[34.61,28.25],[34.85,28.57],[34.91,29.41],[34.75,29.28],[34.52,28.06],[34.36,27.93],[34.35,27.74],[34.12,27.74],[33.62,28.12],[33.55,28.32],[33.4,28.32],[33.19,28.51],[33.21,28.89],[32.86,29.22],[32.53,29.92],[32.43,29.6],[32.64,29.34],[32.69,28.96],[32.84,28.89],[33.11,28.38],[33.61,27.99],[33.59,27.61],[33.8,27.42],[33.93,27.03],[34.07,26.97],[34.05,26.58],[34.2,26.52],[34.46,25.87],[34.61,25.81],[35.15,24.65],[35.86,24.01],[35.85,23.88],[35.56,23.94],[35.55,23.81],[35.11,23.88],[33.76,23.69],[33.68,23.69],[33.39,23.81],[32.04,23.69],[31.67,23.75],[30.54,23.36],[30.46,23.36],[30.4,23.56],[30.1,23.75],[30.11,23.88],[29.96,23.88],[29.67,24.2],[28.57,24.65],[28.29,25.16],[28.24,25.94],[28.35,26.58],[28.27,26.58],[28.15,27.35],[27.94,27.54],[27.71,27.54],[27.79,27.67],[27.43,27.99],[27.28,27.93],[27.29,28.12],[27.14,28.25],[25.59,28.96],[25.37,29.28],[25.15,29.28],[25.0,29.41],[24.85,29.34],[24.78,29.54],[23.74,29.99],[22.45,30.05],[21.23,29.86],[19.77,29.22],[18.64,29.09],[18.04,29.34],[17.82,29.67],[17.44,29.86],[16.16,30.12],[15.1,30.56],[14.88,30.95],[14.65,31.08],[14.66,31.21],[13.98,31.79],[13.37,32.04],[13.22,32.04],[13.22,31.91],[12.99,31.98],[12.45,31.85],[12.15,32.04],[11.61,32.17],[11.54,32.3],[11.08,32.24],[11.16,32.43],[10.09,32.88],[9.86,32.81],[9.7,33.14],[9.24,33.52],[9.16,34.1],[8.31,34.29],[8.08,34.23],[8.0,34.42],[7.61,34.55],[7.15,34.49],[6.92,34.61],[6.46,34.55],[6.15,34.68],[5.3,34.61],[5.29,35.13],[5.37,35.13],[5.36,35.52],[5.44,35.52],[5.43,35.64],[5.28,35.64],[5.34,36.1],[5.27,36.16],[5.42,36.35],[5.33,36.74],[5.56,36.67],[5.64,36.8],[6.11,36.8],[6.1,36.93],[6.33,37.06],[6.8,36.87],[7.19,36.87],[7.35,37.06],[7.5,37.06],[7.74,36.87],[8.52,36.87],[8.9,37.13],[9.06,37.06],[9.6,37.32],[9.99,37.19],[10.23,37.25],[10.23,37.06],[10.31,37.06],[10.23,36.8],[10.46,36.74],[11.01,37.0],[11.01,36.8],[10.46,36.42],[10.54,36.35],[10.46,35.9],[10.7,35.71],[10.85,35.77],[10.93,35.58],[11.08,35.58],[11.08,35.39],[11.01,35.39],[11.08,35.0],[10.85,34.94],[10.85,34.81],[10.54,34.55],[10.0,34.29],[10.08,34.23],[10.01,33.91],[10.24,33.71],[10.54,33.71],[10.7,33.52],[11.08,33.59],[11.16,33.2],[11.46,33.2],[12.23,32.81],[12.61,32.88],[12.53,32.75],[12.84,32.75],[12.84,32.88],[13.3,32.94],[13.45,32.81],[13.76,32.88],[13.76,32.75],[14.07,32.75],[14.44,32.49],[14.67,32.56],[14.75,32.43],[15.06,32.43],[15.28,32.3],[15.42,31.66],[15.58,31.59],[15.65,31.4],[16.18,31.21],[17.47,31.08],[18.22,30.76],[18.59,30.37],[19.27,30.24],[19.89,30.5],[20.2,30.89],[20.13,31.14],[20.21,31.27],[20.0,31.59],[20.09,32.11],[20.02,32.24],[20.25,32.24],[20.33,32.49],[20.48,32.43],[20.56,32.56],[20.72,32.56],[20.64,32.69],[20.87,32.62],[21.11,32.81],[21.41,32.75],[21.88,32.94],[23.09,32.62],[23.08,32.36],[23.3,32.17],[23.68,32.17],[24.13,31.98],[24.89,31.98],[25.11,31.79],[25.1,31.59],[25.25,31.46],[26.85,31.46],[27.3,31.34],[27.51,31.14],[28.5,31.01],[28.87,30.82],[29.4,30.82],[29.49,31.01],[29.63,30.95],[29.87,31.08],[29.8,31.21],[29.88,31.27],[30.34,31.27],[30.27,31.4],[30.35,31.46],[30.81,31.46],[30.97,31.53],[30.97,31.66],[31.2,31.66],[31.12,31.53],[31.27,31.46],[31.88,31.46],[31.78,31.21],[31.94,31.27],[32.0,31.08],[32.3,31.08],[32.24,31.21],[32.39,31.21],[32.53,31.08],[32.77,31.14],[32.83,31.01],[33.75,31.08],[34.3,31.27],[34.31,31.4],[34.63,31.66],[34.57,31.85],[34.81,31.98],[34.77,32.36],[35.02,32.62],[35.06,33.01],[35.22,33.07],[35.4,33.39],[35.35,33.65],[35.5,33.65],[35.45,33.91],[35.68,33.97],[35.64,34.36],[35.79,34.29],[36.05,34.55],[36.07,34.74],[35.93,34.87],[35.96,35.19],[35.88,35.19],[35.99,35.52],[35.84,35.58],[35.99,36.22],[35.84,36.29],[36.26,36.61],[36.29,36.8],[36.14,36.93],[35.83,36.93],[35.49,36.61],[35.33,36.61],[35.11,36.74],[34.95,36.67],[34.89,36.87],[34.74,36.87],[34.66,36.87],[34.78,37.25],[35.03,37.45],[35.35,37.51],[35.43,37.51],[35.82,37.51],[36.15,37.71],[36.46,38.29],[36.61,38.22],[36.79,38.48],[37.13,38.67],[37.07,38.8],[37.31,38.87],[37.43,39.19],[37.68,39.26],[38.15,39.84],[38.16,39.9],[38.3,39.77],[38.84,39.71],[39.59,39.97],[40.58,40.74],[40.74,40.74],[41.53,41.26],[42.25,41.26],[42.36,41.46],[42.61,41.52],[42.66,41.78],[42.67,41.85],[42.75,41.85],[42.93,42.43],[42.72,42.56],[42.75,42.76],[42.61,42.82],[42.5,43.15],[42.99,43.15],[43.42,42.89],[43.66,42.89],[43.85,42.63],[44.36,42.76],[44.74,42.69],[44.21,41.98],[44.1,41.39],[44.18,41.39],[44.2,41.07],[44.39,40.81],[44.7,40.74],[44.76,40.61],[45.2,40.42],[45.82,40.36],[46.08,40.48],[46.87,40.48],[47.14,40.68],[48.07,40.94],[48.87,41.39],[48.95,41.39],[49.51,40.61],[50.05,40.55],[50.26,40.42],[49.69,40.36],[49.51,40.23],[49.27,39.38],[49.15,39.19],[48.92,39.19],[48.8,39.0],[48.76,38.35],[48.84,38.35],[48.88,37.71],[49.09,37.51],[50.0,37.38],[50.32,37.0],[50.57,37.06],[50.63,37.0],[50.53,36.87],[50.82,36.74],[51.64,36.55],[52.59,36.61],[53.49,36.87],[54.03,36.87],[54.09,37.19],[53.91,37.45],[53.91,37.84],[53.83,37.84],[53.99,39.0],[53.52,39.38],[53.14,39.45],[53.54,39.51],[53.5,40.03],[52.79,40.03],[52.78,40.36],[52.7,40.36],[52.89,40.87],[52.97,40.87],[52.94,40.74],[53.34,40.74],[53.45,40.87],[53.4,40.68],[54.37,40.74],[54.39,40.81],[56.83,40.74],[57.46,41.39],[57.56,41.78],[57.96,42.37],[58.05,43.02],[58.34,43.47],[58.42,43.47],[58.63,43.67],[59.12,43.41],[60.37,43.54],[60.39,43.34],[60.84,42.95],[60.82,42.89],[62.19,41.78]]],[[[11.54,32.17],[11.61,32.17],[11.61,32.11],[11.54,32.11],[11.54,32.17]]],[[[36.98,38.74],[37.06,38.74],[37.05,38.67],[36.97,38.67],[36.98,38.74]]]]},"properties":{"id":"territory:Abbasid Caliphate:763","name":"아바스 칼리프국","name_en":"Abbasid Caliphate","actor":"기타중립","valid_from":763,"valid_to":768,"wikidata":"Q12536","area":8085750,"src":"cliopatria","confidence":"medium"}},{"type":"Feature","geometry":{"type":"Point","coordinates":[48.172,30.001]},"properties":{"id":"territory:Abbasid Caliphate:763:label","name":"아바스 칼리프국","name_en":"Abbasid Caliphate","actor":"기타중립","valid_from":763,"valid_to":768,"wikidata":"Q12536","area":8085750,"src":"cliopatria","confidence":"medium"}},{"type":"Feature","geometry":{"type":"MultiPolygon","coordinates":[[[[42.01,16.61],[42.02,16.81],[42.17,16.81],[42.24,16.68],[42.23,16.61],[42.01,16.61]]],[[[59.0,20.66],[58.98,20.41],[58.82,20.21],[58.67,20.21],[58.77,20.54],[58.77,20.6],[59.0,20.66]]],[[[50.65,25.87],[50.43,25.94],[50.46,26.26],[50.69,26.26],[50.67,26.13],[50.67,26.07],[50.65,25.87]]],[[[62.15,41.65],[62.46,41.33],[62.39,41.07],[62.53,41.0],[62.3,40.74],[62.4,40.55],[62.33,40.29],[62.47,40.23],[62.5,40.03],[62.74,40.03],[63.26,40.23],[65.35,40.61],[65.39,40.74],[65.69,40.68],[66.28,40.81],[66.69,41.13],[66.65,41.26],[66.89,41.26],[68.11,42.11],[69.42,43.41],[69.5,43.41],[69.58,43.41],[69.54,43.28],[70.11,43.08],[70.42,42.56],[71.25,42.17],[71.42,41.98],[71.38,41.85],[71.69,41.59],[71.64,41.46],[71.76,41.33],[73.0,40.74],[72.98,40.68],[73.06,40.68],[73.14,40.68],[73.29,40.68],[73.33,40.55],[73.49,40.55],[73.53,40.42],[73.8,40.29],[73.57,39.58],[73.42,39.58],[73.16,39.26],[73.0,39.26],[72.32,38.8],[71.79,38.35],[71.5,37.58],[71.58,37.58],[71.48,36.93],[70.24,36.67],[69.0,36.67],[68.6,36.61],[68.49,36.48],[67.8,36.55],[67.07,36.42],[66.9,36.03],[66.72,35.9],[66.37,35.07],[65.93,34.49],[64.74,33.97],[64.36,33.59],[64.25,33.07],[64.33,33.07],[64.28,32.81],[64.36,32.81],[64.22,32.49],[64.21,32.04],[64.28,32.04],[64.25,31.46],[64.33,31.46],[64.46,30.95],[64.59,30.82],[65.63,30.69],[66.34,30.44],[67.17,30.37],[67.15,30.31],[68.43,30.24],[70.56,29.86],[70.39,28.96],[70.17,28.51],[69.23,27.87],[68.52,27.67],[68.09,27.29],[67.92,26.64],[67.99,26.64],[68.06,26.07],[68.19,25.94],[68.22,25.55],[67.76,24.91],[67.54,24.26],[67.36,24.07],[67.29,24.07],[67.33,24.39],[67.25,24.39],[67.21,24.71],[66.63,24.84],[66.68,25.23],[66.35,25.55],[66.02,25.36],[64.82,25.29],[64.8,25.16],[64.28,25.23],[64.23,25.36],[63.63,25.36],[63.54,25.23],[62.56,25.23],[62.47,25.1],[62.18,25.16],[62.02,25.04],[61.72,25.04],[61.66,25.16],[61.13,25.1],[60.92,25.23],[60.62,25.23],[60.63,25.36],[59.06,25.36],[58.78,25.55],[57.96,25.55],[57.74,25.62],[57.68,25.74],[57.38,25.74],[57.11,26.07],[57.05,26.84],[56.71,27.16],[56.19,27.16],[56.1,27.03],[56.32,27.03],[56.31,26.9],[56.06,26.71],[55.6,26.64],[55.44,26.52],[55.29,26.52],[55.31,26.71],[55.54,26.77],[55.24,26.77],[54.83,26.45],[54.46,26.52],[54.26,26.71],[53.66,26.71],[53.46,26.97],[52.74,27.22],[52.48,27.61],[52.05,27.8],[51.6,27.8],[51.32,27.99],[51.33,28.12],[51.07,28.44],[51.03,28.77],[50.81,28.83],[50.92,29.09],[50.62,29.15],[50.65,29.41],[50.24,29.73],[50.06,30.18],[49.59,29.99],[48.94,30.31],[48.99,30.05],[48.9,29.99],[48.37,29.92],[48.4,29.6],[47.87,29.54],[47.85,29.41],[48.08,29.41],[48.22,29.28],[48.19,29.09],[48.46,28.77],[48.56,28.32],[48.97,27.93],[48.87,27.67],[49.24,27.61],[49.36,27.29],[50.13,26.77],[50.12,26.58],[50.25,26.45],[50.22,26.13],[50.07,26.07],[50.21,26.0],[50.33,25.62],[50.61,25.42],[50.65,25.1],[50.73,25.1],[50.77,25.55],[50.92,25.62],[50.95,25.94],[51.12,26.13],[51.42,26.13],[51.7,25.87],[51.57,25.36],[51.72,25.29],[51.69,24.97],[51.52,24.78],[51.41,24.33],[51.85,24.26],[51.91,24.01],[52.28,24.01],[52.6,24.26],[53.11,24.14],[54.08,24.14],[54.1,24.33],[54.32,24.26],[54.56,24.46],[54.74,24.84],[55.14,25.1],[55.41,25.55],[55.97,25.87],[56.17,26.32],[56.48,26.39],[56.54,26.32],[56.39,25.55],[56.46,25.55],[56.42,25.16],[56.5,25.16],[56.4,24.97],[56.54,24.91],[56.79,24.33],[57.49,23.88],[58.81,23.62],[59.08,23.3],[59.07,23.17],[59.28,23.04],[59.27,22.91],[59.54,22.66],[59.9,22.53],[59.86,22.08],[59.44,21.44],[58.8,20.92],[58.61,20.41],[58.31,20.34],[58.25,20.54],[58.1,20.54],[57.93,20.28],[57.79,19.51],[57.87,19.51],[57.9,18.99],[57.0,18.8],[56.75,18.54],[56.64,18.09],[56.41,17.9],[55.59,17.84],[55.35,17.58],[55.31,17.13],[55.16,17.0],[54.2,17.0],[53.59,16.68],[53.22,16.68],[53.13,16.55],[52.38,16.29],[52.26,15.59],[52.1,15.46],[51.88,15.46],[51.27,15.14],[50.76,15.07],[50.23,14.81],[49.41,14.69],[48.79,14.04],[47.75,13.91],[47.67,13.72],[47.07,13.46],[45.74,13.34],[45.05,12.76],[44.61,12.76],[44.39,12.63],[43.44,12.69],[43.45,12.89],[43.24,13.08],[43.26,13.72],[43.06,13.98],[42.95,14.88],[42.89,15.07],[42.75,15.14],[42.71,15.84],[42.78,15.84],[42.82,16.61],[42.48,17.0],[42.48,17.13],[42.34,17.13],[42.28,17.45],[41.78,17.84],[41.45,18.48],[41.24,18.61],[41.25,18.86],[41.04,19.12],[40.99,19.44],[40.84,19.51],[40.85,19.7],[40.56,19.83],[40.14,20.28],[39.84,20.28],[39.35,20.79],[39.15,21.18],[39.17,21.63],[39.03,21.76],[39.14,22.53],[38.86,22.85],[38.87,23.04],[38.6,23.62],[38.03,24.14],[37.44,24.33],[37.39,24.65],[37.17,24.78],[37.18,24.91],[37.33,24.97],[37.27,25.23],[36.77,25.68],[36.72,26.0],[36.43,26.19],[36.16,26.77],[35.67,27.29],[35.61,27.54],[35.47,27.61],[35.41,27.87],[35.05,28.12],[34.59,28.06],[34.61,28.25],[34.85,28.57],[34.91,29.41],[34.75,29.28],[34.52,28.06],[34.36,27.93],[34.35,27.74],[34.12,27.74],[33.62,28.12],[33.55,28.32],[33.4,28.32],[33.19,28.51],[33.21,28.89],[32.86,29.22],[32.53,29.92],[32.43,29.6],[32.64,29.34],[32.69,28.96],[32.84,28.89],[33.11,28.38],[33.61,27.99],[33.59,27.61],[33.8,27.42],[33.93,27.03],[34.07,26.97],[34.05,26.58],[34.2,26.52],[34.46,25.87],[34.61,25.81],[35.15,24.65],[35.86,24.01],[35.85,23.88],[35.56,23.94],[35.55,23.81],[35.11,23.88],[33.76,23.69],[33.68,23.69],[33.39,23.81],[32.04,23.69],[31.67,23.75],[30.54,23.36],[30.46,23.36],[30.4,23.56],[30.1,23.75],[30.11,23.88],[29.96,23.88],[29.67,24.2],[28.57,24.65],[28.29,25.16],[28.24,25.94],[28.35,26.58],[28.27,26.58],[28.15,27.35],[27.94,27.54],[27.71,27.54],[27.79,27.67],[27.43,27.99],[27.28,27.93],[27.29,28.12],[27.14,28.25],[25.59,28.96],[25.37,29.28],[25.15,29.28],[25.0,29.41],[24.85,29.34],[24.78,29.54],[23.74,29.99],[22.45,30.05],[21.23,29.86],[19.77,29.22],[18.79,29.15],[18.71,29.15],[18.87,29.34],[18.72,29.54],[18.73,29.79],[18.81,29.79],[18.89,30.31],[18.97,30.31],[19.27,30.24],[19.66,30.37],[19.96,30.56],[19.97,30.69],[20.2,30.89],[20.13,31.14],[20.21,31.27],[20.0,31.59],[20.09,32.11],[20.02,32.24],[20.25,32.24],[20.33,32.49],[20.48,32.43],[20.56,32.56],[20.72,32.56],[20.64,32.69],[20.87,32.62],[21.11,32.81],[21.41,32.75],[21.88,32.94],[23.09,32.62],[23.08,32.36],[23.3,32.17],[23.68,32.17],[24.13,31.98],[24.89,31.98],[25.11,31.79],[25.1,31.59],[25.25,31.46],[26.85,31.46],[27.3,31.34],[27.51,31.14],[28.5,31.01],[28.87,30.82],[29.4,30.82],[29.49,31.01],[29.63,30.95],[29.87,31.08],[29.8,31.21],[29.88,31.27],[30.34,31.27],[30.27,31.4],[30.35,31.46],[30.81,31.46],[30.97,31.53],[30.97,31.66],[31.2,31.66],[31.12,31.53],[31.27,31.46],[31.88,31.46],[31.78,31.21],[31.94,31.27],[32.0,31.08],[32.3,31.08],[32.24,31.21],[32.39,31.21],[32.53,31.08],[32.77,31.14],[32.83,31.01],[33.75,31.08],[34.3,31.27],[34.31,31.4],[34.63,31.66],[34.57,31.85],[34.81,31.98],[34.77,32.36],[35.02,32.62],[35.06,33.01],[35.22,33.07],[35.4,33.39],[35.35,33.65],[35.5,33.65],[35.45,33.91],[35.68,33.97],[35.64,34.36],[35.79,34.29],[36.05,34.55],[36.07,34.74],[35.93,34.87],[35.96,35.19],[35.88,35.19],[35.99,35.52],[35.84,35.58],[35.99,36.22],[35.84,36.29],[36.26,36.61],[36.29,36.8],[36.14,36.93],[35.83,36.93],[35.49,36.61],[35.33,36.61],[35.11,36.74],[34.95,36.67],[34.89,36.87],[34.74,36.87],[34.66,36.87],[34.78,37.25],[35.03,37.45],[35.35,37.51],[35.43,37.51],[35.82,37.51],[36.15,37.71],[36.46,38.29],[36.61,38.22],[36.79,38.48],[37.13,38.67],[37.07,38.8],[37.31,38.87],[37.43,39.19],[37.68,39.26],[38.15,39.84],[38.16,39.9],[38.3,39.77],[38.84,39.71],[39.59,39.97],[40.58,40.74],[40.74,40.74],[41.53,41.26],[42.25,41.26],[42.36,41.46],[42.61,41.52],[42.66,41.78],[42.67,41.85],[42.75,41.85],[42.93,42.43],[42.72,42.56],[42.75,42.76],[42.61,42.82],[42.5,43.15],[42.99,43.15],[43.42,42.89],[43.66,42.89],[43.85,42.63],[44.36,42.76],[44.74,42.69],[44.82,42.69],[45.23,42.69],[45.67,42.5],[45.75,42.11],[46.3,42.04],[46.35,41.91],[46.74,41.85],[47.27,41.33],[47.56,41.2],[47.89,41.26],[48.18,41.52],[48.17,41.85],[48.09,41.85],[48.2,41.98],[48.28,41.98],[49.09,41.26],[49.06,41.13],[49.27,41.0],[49.24,40.87],[49.51,40.61],[50.05,40.55],[50.26,40.42],[49.69,40.36],[49.51,40.23],[49.27,39.38],[49.15,39.19],[48.92,39.19],[48.8,39.0],[48.76,38.35],[48.84,38.35],[48.88,37.71],[49.09,37.51],[50.0,37.38],[50.32,37.0],[50.57,37.06],[50.63,37.0],[50.53,36.87],[51.26,36.61],[52.19,36.55],[53.09,36.8],[54.03,36.87],[54.09,37.19],[53.91,37.45],[53.91,37.84],[53.83,37.84],[53.99,39.0],[53.52,39.38],[53.14,39.45],[53.54,39.51],[53.5,40.03],[52.79,40.03],[52.78,40.36],[52.7,40.36],[52.89,40.87],[52.97,40.87],[52.94,40.74],[53.34,40.74],[53.45,40.87],[53.4,40.68],[54.37,40.74],[54.39,40.81],[56.83,40.74],[57.46,41.39],[57.56,41.78],[57.96,42.37],[58.05,43.02],[58.34,43.47],[58.42,43.47],[58.63,43.67],[59.12,43.41],[60.37,43.54],[60.39,43.34],[60.84,42.95],[60.82,42.89],[62.19,41.78],[62.15,41.65]]],[[[36.98,38.74],[37.06,38.74],[37.05,38.67],[36.97,38.67],[36.98,38.74]]]]},"properties":{"id":"territory:Abbasid Caliphate:757","name":"아바스 칼리프국","name_en":"Abbasid Caliphate","actor":"기타중립","valid_from":757,"valid_to":763,"wikidata":"Q12536","area":7889304,"src":"cliopatria","confidence":"medium"}},{"type":"Feature","geometry":{"type":"Point","coordinates":[49.384,29.961]},"properties":{"id":"territory:Abbasid Caliphate:757:label","name":"아바스 칼리프국","name_en":"Abbasid Caliphate","actor":"기타중립","valid_from":757,"valid_to":763,"wikidata":"Q12536","area":7889304,"src":"cliopatria","confidence":"medium"}},{"type":"Feature","geometry":{"type":"MultiPolygon","coordinates":[[[[42.02,16.81],[42.17,16.81],[42.24,16.68],[42.23,16.61],[42.01,16.61],[42.02,16.81]]],[[[58.98,20.41],[58.82,20.21],[58.67,20.21],[58.77,20.54],[58.77,20.6],[59.0,20.66],[58.98,20.41]]],[[[50.43,25.94],[50.46,26.26],[50.69,26.26],[50.67,26.13],[50.67,26.07],[50.65,25.87],[50.43,25.94]]],[[[62.15,41.65],[62.46,41.33],[62.39,41.07],[62.53,41.0],[62.3,40.74],[62.4,40.55],[62.33,40.29],[62.47,40.23],[62.5,40.03],[62.74,40.03],[63.26,40.23],[65.35,40.61],[65.39,40.74],[65.69,40.68],[66.28,40.81],[66.69,41.13],[66.65,41.26],[66.89,41.26],[68.11,42.11],[69.42,43.41],[69.5,43.41],[69.58,43.41],[69.54,43.28],[70.11,43.08],[70.42,42.56],[71.25,42.17],[71.42,41.98],[71.38,41.85],[71.69,41.59],[71.64,41.46],[71.76,41.33],[72.06,41.26],[72.15,41.07],[72.53,41.0],[72.78,40.81],[73.1,40.81],[73.14,40.68],[73.29,40.68],[73.33,40.55],[73.49,40.55],[73.53,40.42],[73.8,40.29],[73.57,39.58],[73.42,39.58],[73.38,39.45],[72.02,38.61],[71.79,38.35],[71.5,37.58],[71.58,37.58],[71.48,36.93],[70.24,36.67],[69.0,36.67],[68.6,36.61],[68.49,36.48],[67.8,36.55],[67.07,36.42],[66.9,36.03],[66.72,35.9],[66.37,35.07],[65.93,34.49],[64.74,33.97],[64.36,33.59],[64.25,33.07],[64.33,33.07],[64.28,32.81],[64.36,32.81],[64.22,32.49],[64.21,32.04],[64.28,32.04],[64.25,31.46],[64.33,31.46],[64.46,30.95],[64.59,30.82],[65.63,30.69],[66.34,30.44],[67.17,30.37],[67.15,30.31],[68.43,30.24],[70.56,29.86],[70.39,28.96],[70.17,28.51],[69.23,27.87],[68.52,27.67],[68.09,27.29],[67.92,26.64],[67.99,26.64],[68.06,26.07],[68.19,25.94],[68.22,25.55],[67.76,24.91],[67.54,24.26],[67.36,24.07],[67.29,24.07],[67.33,24.39],[67.25,24.39],[67.21,24.71],[66.63,24.84],[66.68,25.23],[66.35,25.55],[66.02,25.36],[64.82,25.29],[64.8,25.16],[64.28,25.23],[64.23,25.36],[63.63,25.36],[63.54,25.23],[62.56,25.23],[62.47,25.1],[62.18,25.16],[62.02,25.04],[61.72,25.04],[61.66,25.16],[61.13,25.1],[60.92,25.23],[60.62,25.23],[60.63,25.36],[59.06,25.36],[58.78,25.55],[57.96,25.55],[57.74,25.62],[57.68,25.74],[57.38,25.74],[57.11,26.07],[57.05,26.84],[56.71,27.16],[56.19,27.16],[56.1,27.03],[56.32,27.03],[56.31,26.9],[56.06,26.71],[55.6,26.64],[55.44,26.52],[55.29,26.52],[55.31,26.71],[55.54,26.77],[55.24,26.77],[54.83,26.45],[54.46,26.52],[54.26,26.71],[53.66,26.71],[53.46,26.97],[52.74,27.22],[52.48,27.61],[52.05,27.8],[51.6,27.8],[51.32,27.99],[51.33,28.12],[51.07,28.44],[51.03,28.77],[50.81,28.83],[50.92,29.09],[50.62,29.15],[50.65,29.41],[50.24,29.73],[50.06,30.18],[49.59,29.99],[48.94,30.31],[48.99,30.05],[48.9,29.99],[48.37,29.92],[48.4,29.6],[47.87,29.54],[47.85,29.41],[48.08,29.41],[48.22,29.28],[48.19,29.09],[48.46,28.77],[48.56,28.32],[48.97,27.93],[48.87,27.67],[49.24,27.61],[49.36,27.29],[50.13,26.77],[50.12,26.58],[50.25,26.45],[50.22,26.13],[50.07,26.07],[50.21,26.0],[50.33,25.62],[50.61,25.42],[50.65,25.1],[50.73,25.1],[50.77,25.55],[50.92,25.62],[50.95,25.94],[51.12,26.13],[51.42,26.13],[51.7,25.87],[51.57,25.36],[51.72,25.29],[51.69,24.97],[51.52,24.78],[51.41,24.33],[51.85,24.26],[51.91,24.01],[52.28,24.01],[52.6,24.26],[53.11,24.14],[54.08,24.14],[54.1,24.33],[54.32,24.26],[54.56,24.46],[54.74,24.84],[55.14,25.1],[55.41,25.55],[55.97,25.87],[56.17,26.32],[56.48,26.39],[56.54,26.32],[56.39,25.55],[56.46,25.55],[56.42,25.16],[56.5,25.16],[56.4,24.97],[56.54,24.91],[56.79,24.33],[57.49,23.88],[58.81,23.62],[59.08,23.3],[59.07,23.17],[59.28,23.04],[59.27,22.91],[59.54,22.66],[59.9,22.53],[59.86,22.08],[59.44,21.44],[58.8,20.92],[58.61,20.41],[58.31,20.34],[58.25,20.54],[58.1,20.54],[57.93,20.28],[57.79,19.51],[57.87,19.51],[57.9,18.99],[57.0,18.8],[56.75,18.54],[56.64,18.09],[56.41,17.9],[55.59,17.84],[55.35,17.58],[55.31,17.13],[55.16,17.0],[54.2,17.0],[53.59,16.68],[53.22,16.68],[53.13,16.55],[52.38,16.29],[52.26,15.59],[52.1,15.46],[51.88,15.46],[51.27,15.14],[50.76,15.07],[50.23,14.81],[49.41,14.69],[48.79,14.04],[47.75,13.91],[47.67,13.72],[47.07,13.46],[45.74,13.34],[45.05,12.76],[44.61,12.76],[44.39,12.63],[43.44,12.69],[43.45,12.89],[43.24,13.08],[43.26,13.72],[43.06,13.98],[42.95,14.88],[42.89,15.07],[42.75,15.14],[42.71,15.84],[42.78,15.84],[42.82,16.61],[42.48,17.0],[42.48,17.13],[42.34,17.13],[42.28,17.45],[41.78,17.84],[41.45,18.48],[41.24,18.61],[41.25,18.86],[41.04,19.12],[40.99,19.44],[40.84,19.51],[40.85,19.7],[40.56,19.83],[40.14,20.28],[39.84,20.28],[39.35,20.79],[39.15,21.18],[39.17,21.63],[39.03,21.76],[39.14,22.53],[38.86,22.85],[38.87,23.04],[38.6,23.62],[38.03,24.14],[37.44,24.33],[37.39,24.65],[37.17,24.78],[37.18,24.91],[37.33,24.97],[37.27,25.23],[36.77,25.68],[36.72,26.0],[36.43,26.19],[36.16,26.77],[35.67,27.29],[35.61,27.54],[35.47,27.61],[35.41,27.87],[35.05,28.12],[34.59,28.06],[34.61,28.25],[34.85,28.57],[34.91,29.41],[34.75,29.28],[34.52,28.06],[34.36,27.93],[34.35,27.74],[34.12,27.74],[33.62,28.12],[33.55,28.32],[33.4,28.32],[33.19,28.51],[33.21,28.89],[32.86,29.22],[32.53,29.92],[32.43,29.6],[32.64,29.34],[32.69,28.96],[32.84,28.89],[33.11,28.38],[33.61,27.99],[33.59,27.61],[33.8,27.42],[33.93,27.03],[34.07,26.97],[34.05,26.58],[34.2,26.52],[34.46,25.87],[34.61,25.81],[35.15,24.65],[35.86,24.01],[35.85,23.88],[35.56,23.94],[35.55,23.81],[35.11,23.88],[33.76,23.69],[33.68,23.69],[33.39,23.81],[32.04,23.69],[31.67,23.75],[30.54,23.36],[30.46,23.36],[30.4,23.56],[30.1,23.75],[30.11,23.88],[29.96,23.88],[29.67,24.2],[28.57,24.65],[28.29,25.16],[28.24,25.94],[28.35,26.58],[28.27,26.58],[28.15,27.35],[27.94,27.54],[27.71,27.54],[27.79,27.67],[27.43,27.99],[27.28,27.93],[27.29,28.12],[27.14,28.25],[25.59,28.96],[25.37,29.28],[25.15,29.28],[25.0,29.41],[24.85,29.34],[24.78,29.54],[23.74,29.99],[22.45,30.05],[21.23,29.86],[19.77,29.22],[18.79,29.15],[18.71,29.15],[18.87,29.34],[18.72,29.54],[18.73,29.79],[18.81,29.79],[18.89,30.31],[18.97,30.31],[19.27,30.24],[19.66,30.37],[19.96,30.56],[19.97,30.69],[20.2,30.89],[20.13,31.14],[20.21,31.27],[20.0,31.59],[20.09,32.11],[20.02,32.24],[20.25,32.24],[20.33,32.49],[20.48,32.43],[20.56,32.56],[20.72,32.56],[20.64,32.69],[20.87,32.62],[21.11,32.81],[21.41,32.75],[21.88,32.94],[23.09,32.62],[23.08,32.36],[23.3,32.17],[23.68,32.17],[24.13,31.98],[24.89,31.98],[25.11,31.79],[25.1,31.59],[25.25,31.46],[26.85,31.46],[27.3,31.34],[27.51,31.14],[28.5,31.01],[28.87,30.82],[29.4,30.82],[29.49,31.01],[29.63,30.95],[29.87,31.08],[29.8,31.21],[29.88,31.27],[30.34,31.27],[30.27,31.4],[30.35,31.46],[30.81,31.46],[30.97,31.53],[30.97,31.66],[31.2,31.66],[31.12,31.53],[31.27,31.46],[31.88,31.46],[31.78,31.21],[31.94,31.27],[32.0,31.08],[32.3,31.08],[32.24,31.21],[32.39,31.21],[32.53,31.08],[32.77,31.14],[32.83,31.01],[33.75,31.08],[34.3,31.27],[34.31,31.4],[34.63,31.66],[34.57,31.85],[34.81,31.98],[34.77,32.36],[35.02,32.62],[35.06,33.01],[35.22,33.07],[35.4,33.39],[35.35,33.65],[35.5,33.65],[35.45,33.91],[35.68,33.97],[35.64,34.36],[35.79,34.29],[36.05,34.55],[36.07,34.74],[35.93,34.87],[35.96,35.19],[35.88,35.19],[35.99,35.52],[35.84,35.58],[35.99,36.22],[35.84,36.29],[36.26,36.61],[36.29,36.8],[36.14,36.93],[35.83,36.93],[35.49,36.61],[35.33,36.61],[35.11,36.74],[34.95,36.67],[34.89,36.87],[34.74,36.87],[34.66,36.87],[34.78,37.25],[35.03,37.45],[35.35,37.51],[35.43,37.51],[35.82,37.51],[36.15,37.71],[36.46,38.29],[36.61,38.22],[36.79,38.48],[37.13,38.67],[37.07,38.8],[37.31,38.87],[37.43,39.19],[37.68,39.26],[38.15,39.84],[38.16,39.9],[38.3,39.77],[38.84,39.71],[39.59,39.97],[40.58,40.74],[40.74,40.74],[41.53,41.26],[42.25,41.26],[42.36,41.46],[42.61,41.52],[42.66,41.78],[42.67,41.85],[42.75,41.85],[42.93,42.43],[42.72,42.56],[42.75,42.76],[42.61,42.82],[42.5,43.15],[42.99,43.15],[43.42,42.89],[43.66,42.89],[43.85,42.63],[44.36,42.76],[44.74,42.69],[44.82,42.69],[45.23,42.69],[45.67,42.5],[45.75,42.11],[46.3,42.04],[46.35,41.91],[46.74,41.85],[47.27,41.33],[47.56,41.2],[47.89,41.26],[48.18,41.52],[48.17,41.85],[48.09,41.85],[48.2,41.98],[48.28,41.98],[49.09,41.26],[49.06,41.13],[49.27,41.0],[49.24,40.87],[49.51,40.61],[50.05,40.55],[50.26,40.42],[49.69,40.36],[49.51,40.23],[49.27,39.38],[49.15,39.19],[48.99,39.19],[48.92,39.19],[48.67,39.58],[48.45,39.64],[48.23,39.32],[48.25,39.0],[47.99,38.87],[47.99,38.42],[48.19,38.22],[48.39,37.58],[48.85,37.06],[49.14,36.93],[49.19,36.74],[50.28,36.29],[50.47,36.03],[51.09,36.03],[51.83,35.84],[52.03,35.64],[52.34,35.64],[52.7,35.97],[53.2,36.16],[54.3,36.22],[54.88,36.42],[55.15,36.61],[55.19,36.8],[55.45,36.93],[55.48,37.13],[55.03,37.19],[54.83,37.38],[54.04,37.32],[53.96,37.32],[53.91,37.84],[53.83,37.84],[53.99,39.0],[53.52,39.38],[53.14,39.45],[53.54,39.51],[53.5,40.03],[52.79,40.03],[52.78,40.36],[52.7,40.36],[52.89,40.87],[52.97,40.87],[52.94,40.74],[53.34,40.74],[53.45,40.87],[53.4,40.68],[54.37,40.74],[54.39,40.81],[56.83,40.74],[57.46,41.39],[57.56,41.78],[57.96,42.37],[58.05,43.02],[58.34,43.47],[58.42,43.47],[58.63,43.67],[59.12,43.41],[60.37,43.54],[60.39,43.34],[60.84,42.95],[60.82,42.89],[62.19,41.78],[62.15,41.65]]],[[[37.06,38.74],[37.05,38.67],[36.97,38.67],[36.98,38.74],[37.06,38.74]]]]},"properties":{"id":"territory:Abbasid Caliphate:755","name":"아바스 칼리프국","name_en":"Abbasid Caliphate","actor":"기타중립","valid_from":755,"valid_to":757,"wikidata":"Q12536","area":7825157,"src":"cliopatria","confidence":"medium"}},{"type":"Feature","geometry":{"type":"Point","coordinates":[49.368,29.899]},"properties":{"id":"territory:Abbasid Caliphate:755:label","name":"아바스 칼리프국","name_en":"Abbasid Caliphate","actor":"기타중립","valid_from":755,"valid_to":757,"wikidata":"Q12536","area":7825157,"src":"cliopatria","confidence":"medium"}},{"type":"Feature","geometry":{"type":"MultiPolygon","coordinates":[[[[42.02,16.81],[42.17,16.81],[42.24,16.68],[42.23,16.61],[42.01,16.61],[42.02,16.81]]],[[[58.98,20.41],[58.82,20.21],[58.67,20.21],[58.77,20.54],[58.77,20.6],[59.0,20.66],[58.98,20.41]]],[[[50.43,25.94],[50.46,26.26],[50.69,26.26],[50.67,26.13],[50.67,26.07],[50.65,25.87],[50.43,25.94]]],[[[61.78,42.04],[61.94,42.04],[62.19,41.78],[62.15,41.65],[62.35,41.52],[62.32,41.39],[62.46,41.33],[62.39,41.07],[62.53,41.0],[62.3,40.74],[62.4,40.55],[62.33,40.29],[62.47,40.23],[62.5,40.03],[62.58,40.03],[62.65,39.71],[63.09,39.26],[63.25,39.26],[63.42,39.0],[63.57,39.0],[64.01,38.55],[64.16,38.55],[64.21,38.42],[64.49,38.29],[65.08,39.06],[65.77,39.58],[66.02,39.9],[68.2,41.39],[68.74,41.59],[69.06,41.85],[69.32,41.91],[69.47,42.11],[70.7,42.69],[71.15,42.82],[72.27,42.82],[72.11,42.37],[71.19,42.24],[68.7,40.68],[68.44,40.36],[66.85,39.19],[65.5,37.64],[65.63,37.51],[65.94,37.51],[66.14,37.38],[67.75,37.25],[67.92,37.0],[68.15,37.0],[68.78,37.32],[69.01,37.32],[69.12,37.13],[69.35,37.13],[69.55,37.58],[70.08,37.51],[70.27,37.64],[70.2,37.96],[70.42,38.22],[70.71,38.42],[71.18,38.42],[71.36,38.22],[71.27,37.9],[71.57,37.84],[71.48,36.93],[70.24,36.67],[69.0,36.67],[68.6,36.61],[68.49,36.48],[67.8,36.55],[67.07,36.42],[66.9,36.03],[66.72,35.9],[66.37,35.07],[65.93,34.49],[64.74,33.97],[64.36,33.59],[64.25,33.07],[64.33,33.07],[64.28,32.81],[64.36,32.81],[64.22,32.49],[64.21,32.04],[64.28,32.04],[64.25,31.46],[64.33,31.46],[64.46,30.95],[64.59,30.82],[65.63,30.69],[66.34,30.44],[67.17,30.37],[67.15,30.31],[68.43,30.24],[70.56,29.86],[70.39,28.96],[70.17,28.51],[69.23,27.87],[68.52,27.67],[68.09,27.29],[67.92,26.64],[67.99,26.64],[68.06,26.07],[68.19,25.94],[68.22,25.55],[67.76,24.91],[67.54,24.26],[67.36,24.07],[67.29,24.07],[67.33,24.39],[67.25,24.39],[67.21,24.71],[66.63,24.84],[66.68,25.23],[66.35,25.55],[66.02,25.36],[64.82,25.29],[64.8,25.16],[64.28,25.23],[64.23,25.36],[63.63,25.36],[63.54,25.23],[62.56,25.23],[62.47,25.1],[62.18,25.16],[62.02,25.04],[61.72,25.04],[61.66,25.16],[61.13,25.1],[60.92,25.23],[60.62,25.23],[60.63,25.36],[59.06,25.36],[58.78,25.55],[57.96,25.55],[57.74,25.62],[57.68,25.74],[57.38,25.74],[57.11,26.07],[57.05,26.84],[56.71,27.16],[56.19,27.16],[56.1,27.03],[56.32,27.03],[56.31,26.9],[56.06,26.71],[55.6,26.64],[55.44,26.52],[55.29,26.52],[55.31,26.71],[55.54,26.77],[55.24,26.77],[54.83,26.45],[54.46,26.52],[54.26,26.71],[53.66,26.71],[53.46,26.97],[52.74,27.22],[52.48,27.61],[52.05,27.8],[51.6,27.8],[51.32,27.99],[51.33,28.12],[51.07,28.44],[51.03,28.77],[50.81,28.83],[50.92,29.09],[50.62,29.15],[50.65,29.41],[50.24,29.73],[50.06,30.18],[49.59,29.99],[48.94,30.31],[48.99,30.05],[48.9,29.99],[48.37,29.92],[48.4,29.6],[47.87,29.54],[47.85,29.41],[48.08,29.41],[48.22,29.28],[48.19,29.09],[48.46,28.77],[48.56,28.32],[48.97,27.93],[48.87,27.67],[49.24,27.61],[49.36,27.29],[50.13,26.77],[50.12,26.58],[50.25,26.45],[50.22,26.13],[50.07,26.07],[50.21,26.0],[50.33,25.62],[50.61,25.42],[50.65,25.1],[50.73,25.1],[50.77,25.55],[50.92,25.62],[50.95,25.94],[51.12,26.13],[51.42,26.13],[51.7,25.87],[51.57,25.36],[51.72,25.29],[51.69,24.97],[51.52,24.78],[51.41,24.33],[51.85,24.26],[51.91,24.01],[52.28,24.01],[52.6,24.26],[53.11,24.14],[54.08,24.14],[54.1,24.33],[54.32,24.26],[54.56,24.46],[54.74,24.84],[55.14,25.1],[55.41,25.55],[55.97,25.87],[56.17,26.32],[56.48,26.39],[56.54,26.32],[56.39,25.55],[56.46,25.55],[56.42,25.16],[56.5,25.16],[56.4,24.97],[56.54,24.91],[56.79,24.33],[57.49,23.88],[58.81,23.62],[59.08,23.3],[59.07,23.17],[59.28,23.04],[59.27,22.91],[59.54,22.66],[59.9,22.53],[59.86,22.08],[59.44,21.44],[58.8,20.92],[58.61,20.41],[58.31,20.34],[58.25,20.54],[58.1,20.54],[57.93,20.28],[57.79,19.51],[57.87,19.51],[57.9,18.99],[57.0,18.8],[56.75,18.54],[56.64,18.09],[56.41,17.9],[55.59,17.84],[55.35,17.58],[55.31,17.13],[55.16,17.0],[54.2,17.0],[53.59,16.68],[53.22,16.68],[53.13,16.55],[52.38,16.29],[52.26,15.59],[52.1,15.46],[51.88,15.46],[51.27,15.14],[50.76,15.07],[50.23,14.81],[49.41,14.69],[48.79,14.04],[47.75,13.91],[47.67,13.72],[47.07,13.46],[45.74,13.34],[45.05,12.76],[44.61,12.76],[44.39,12.63],[43.44,12.69],[43.45,12.89],[43.24,13.08],[43.26,13.72],[43.06,13.98],[42.95,14.88],[42.89,15.07],[42.75,15.14],[42.71,15.84],[42.78,15.84],[42.82,16.61],[42.48,17.0],[42.48,17.13],[42.34,17.13],[42.28,17.45],[41.78,17.84],[41.45,18.48],[41.24,18.61],[41.25,18.86],[41.04,19.12],[40.99,19.44],[40.84,19.51],[40.85,19.7],[40.56,19.83],[40.14,20.28],[39.84,20.28],[39.35,20.79],[39.15,21.18],[39.17,21.63],[39.03,21.76],[39.14,22.53],[38.86,22.85],[38.87,23.04],[38.6,23.62],[38.03,24.14],[37.44,24.33],[37.39,24.65],[37.17,24.78],[37.18,24.91],[37.33,24.97],[37.27,25.23],[36.77,25.68],[36.72,26.0],[36.43,26.19],[36.16,26.77],[35.67,27.29],[35.61,27.54],[35.47,27.61],[35.41,27.87],[35.05,28.12],[34.59,28.06],[34.61,28.25],[34.85,28.57],[34.91,29.41],[34.75,29.28],[34.52,28.06],[34.36,27.93],[34.35,27.74],[34.12,27.74],[33.62,28.12],[33.55,28.32],[33.4,28.32],[33.19,28.51],[33.21,28.89],[32.86,29.22],[32.53,29.92],[32.43,29.6],[32.64,29.34],[32.69,28.96],[32.84,28.89],[33.11,28.38],[33.61,27.99],[33.59,27.61],[33.8,27.42],[33.93,27.03],[34.07,26.97],[34.05,26.58],[34.2,26.52],[34.46,25.87],[34.61,25.81],[35.15,24.65],[35.86,24.01],[35.85,23.88],[35.56,23.94],[35.55,23.81],[35.11,23.88],[33.76,23.69],[33.68,23.69],[33.39,23.81],[32.04,23.69],[31.67,23.75],[30.54,23.36],[30.46,23.36],[30.4,23.56],[30.1,23.75],[30.11,23.88],[29.96,23.88],[29.67,24.2],[28.57,24.65],[28.29,25.16],[28.24,25.94],[28.35,26.58],[28.27,26.58],[28.15,27.35],[27.94,27.54],[27.71,27.54],[27.79,27.67],[27.43,27.99],[27.28,27.93],[27.29,28.12],[27.14,28.25],[25.59,28.96],[25.37,29.28],[25.15,29.28],[25.0,29.41],[24.85,29.34],[24.78,29.54],[23.74,29.99],[22.45,30.05],[21.23,29.86],[19.77,29.22],[18.79,29.15],[18.71,29.15],[18.87,29.34],[18.72,29.54],[18.73,29.79],[18.81,29.79],[18.89,30.31],[18.97,30.31],[19.27,30.24],[19.66,30.37],[19.96,30.56],[19.97,30.69],[20.2,30.89],[20.13,31.14],[20.21,31.27],[20.0,31.59],[20.09,32.11],[20.02,32.24],[20.25,32.24],[20.33,32.49],[20.48,32.43],[20.56,32.56],[20.72,32.56],[20.64,32.69],[20.87,32.62],[21.11,32.81],[21.41,32.75],[21.88,32.94],[23.09,32.62],[23.08,32.36],[23.3,32.17],[23.68,32.17],[24.13,31.98],[24.89,31.98],[25.11,31.79],[25.1,31.59],[25.25,31.46],[26.85,31.46],[27.3,31.34],[27.51,31.14],[28.5,31.01],[28.87,30.82],[29.4,30.82],[29.49,31.01],[29.63,30.95],[29.87,31.08],[29.8,31.21],[29.88,31.27],[30.34,31.27],[30.27,31.4],[30.35,31.46],[30.81,31.46],[30.97,31.53],[30.97,31.66],[31.2,31.66],[31.12,31.53],[31.27,31.46],[31.88,31.46],[31.78,31.21],[31.94,31.27],[32.0,31.08],[32.3,31.08],[32.24,31.21],[32.39,31.21],[32.53,31.08],[32.77,31.14],[32.83,31.01],[33.75,31.08],[34.3,31.27],[34.31,31.4],[34.63,31.66],[34.57,31.85],[34.81,31.98],[34.77,32.36],[35.02,32.62],[35.06,33.01],[35.22,33.07],[35.4,33.39],[35.35,33.65],[35.5,33.65],[35.45,33.91],[35.68,33.97],[35.64,34.36],[35.79,34.29],[36.05,34.55],[36.07,34.74],[35.93,34.87],[35.96,35.19],[35.88,35.19],[35.99,35.52],[35.84,35.58],[35.99,36.22],[35.84,36.29],[36.26,36.61],[36.29,36.8],[36.14,36.93],[35.83,36.93],[35.49,36.61],[35.33,36.61],[35.11,36.74],[34.95,36.67],[34.89,36.87],[34.74,36.87],[34.66,36.87],[34.78,37.25],[35.03,37.45],[35.35,37.51],[35.43,37.51],[35.82,37.51],[36.15,37.71],[36.46,38.29],[36.61,38.22],[36.79,38.48],[37.13,38.67],[37.07,38.8],[37.31,38.87],[37.43,39.19],[37.68,39.26],[38.15,39.84],[38.16,39.9],[38.3,39.77],[38.84,39.71],[39.59,39.97],[40.58,40.74],[40.74,40.74],[41.53,41.26],[42.25,41.26],[42.36,41.46],[42.61,41.52],[42.66,41.78],[42.67,41.85],[42.75,41.85],[42.93,42.43],[42.72,42.56],[42.75,42.76],[42.61,42.82],[42.5,43.15],[42.99,43.15],[43.42,42.89],[43.66,42.89],[43.85,42.63],[44.36,42.76],[44.74,42.69],[44.82,42.69],[45.23,42.69],[45.67,42.5],[45.75,42.11],[46.3,42.04],[46.35,41.91],[46.74,41.85],[47.27,41.33],[47.56,41.2],[47.89,41.26],[48.18,41.52],[48.17,41.85],[48.09,41.85],[48.2,41.98],[48.28,41.98],[49.09,41.26],[49.06,41.13],[49.27,41.0],[49.24,40.87],[49.51,40.61],[50.05,40.55],[50.26,40.42],[49.69,40.36],[49.51,40.23],[49.27,39.38],[49.15,39.19],[48.99,39.19],[48.92,39.19],[48.67,39.58],[48.45,39.64],[48.23,39.32],[48.25,39.0],[47.99,38.87],[47.99,38.42],[48.19,38.22],[48.39,37.58],[48.85,37.06],[49.14,36.93],[49.19,36.74],[50.28,36.29],[50.47,36.03],[51.09,36.03],[51.83,35.84],[52.03,35.64],[52.34,35.64],[52.7,35.97],[53.2,36.16],[54.3,36.22],[54.88,36.42],[55.15,36.61],[55.19,36.8],[55.45,36.93],[55.48,37.13],[55.03,37.19],[54.83,37.38],[54.04,37.32],[53.96,37.32],[53.91,37.84],[53.83,37.84],[53.99,39.0],[53.52,39.38],[53.14,39.45],[53.54,39.51],[53.5,40.03],[52.79,40.03],[52.78,40.36],[52.7,40.36],[52.89,40.87],[52.97,40.87],[52.94,40.74],[53.34,40.74],[53.45,40.87],[53.4,40.68],[54.37,40.74],[54.39,40.81],[56.83,40.74],[57.46,41.39],[57.56,41.78],[57.96,42.37],[58.05,43.02],[58.34,43.47],[58.42,43.47],[58.63,43.67],[59.12,43.41],[60.37,43.54],[60.39,43.34],[60.82,42.89],[60.9,42.89],[61.4,42.37],[61.56,42.37],[61.78,42.04]]],[[[37.06,38.74],[37.05,38.67],[36.97,38.67],[36.98,38.74],[37.06,38.74]]]]},"properties":{"id":"territory:Abbasid Caliphate:751","name":"아바스 칼리프국","name_en":"Abbasid Caliphate","actor":"기타중립","valid_from":751,"valid_to":755,"wikidata":"Q12536","area":7548682,"src":"cliopatria","confidence":"medium"}},{"type":"Feature","geometry":{"type":"Point","coordinates":[48.573,29.499]},"properties":{"id":"territory:Abbasid Caliphate:751:label","name":"아바스 칼리프국","name_en":"Abbasid Caliphate","actor":"기타중립","valid_from":751,"valid_to":755,"wikidata":"Q12536","area":7548682,"src":"cliopatria","confidence":"medium"}},{"type":"Feature","geometry":{"type":"MultiPolygon","coordinates":[[[[42.02,16.81],[42.17,16.81],[42.24,16.68],[42.23,16.61],[42.01,16.61],[42.02,16.81]]],[[[58.98,20.41],[58.82,20.21],[58.67,20.21],[58.77,20.54],[58.77,20.6],[59.0,20.66],[58.98,20.41]]],[[[50.43,25.94],[50.46,26.26],[50.69,26.26],[50.67,26.13],[50.67,26.07],[50.65,25.87],[50.43,25.94]]],[[[49.06,41.13],[49.27,41.0],[49.24,40.87],[49.51,40.61],[50.05,40.55],[50.26,40.42],[49.69,40.36],[49.51,40.23],[49.27,39.38],[49.15,39.19],[48.99,39.19],[48.92,39.19],[48.67,39.58],[48.45,39.64],[48.23,39.32],[48.25,39.0],[47.99,38.87],[47.99,38.42],[48.19,38.22],[48.34,37.71],[46.71,37.32],[46.54,37.19],[46.24,37.25],[45.81,37.0],[44.44,36.74],[44.26,36.55],[43.59,36.22],[43.44,35.64],[43.27,35.58],[43.26,35.45],[43.4,35.39],[43.45,35.13],[43.67,35.07],[43.63,34.81],[43.83,34.55],[43.87,34.23],[44.24,34.16],[44.45,33.97],[44.51,33.84],[44.37,33.39],[44.53,33.39],[44.8,33.14],[44.78,33.01],[45.28,32.69],[46.13,32.75],[46.71,32.49],[46.75,32.24],[46.9,32.24],[47.02,31.98],[47.24,31.85],[47.22,31.72],[47.36,31.66],[47.41,30.82],[47.92,30.63],[48.05,30.44],[48.28,30.44],[48.41,30.31],[48.39,30.12],[48.6,29.99],[48.59,29.92],[48.37,29.92],[48.4,29.6],[47.87,29.54],[47.85,29.41],[48.08,29.41],[48.22,29.28],[48.19,29.09],[48.46,28.77],[48.56,28.32],[48.97,27.93],[48.87,27.67],[49.24,27.61],[49.36,27.29],[50.13,26.77],[50.12,26.58],[50.25,26.45],[50.22,26.13],[50.07,26.07],[50.21,26.0],[50.33,25.62],[50.61,25.42],[50.65,25.1],[50.73,25.1],[50.77,25.55],[50.92,25.62],[50.95,25.94],[51.12,26.13],[51.42,26.13],[51.7,25.87],[51.57,25.36],[51.72,25.29],[51.69,24.97],[51.52,24.78],[51.41,24.33],[51.85,24.26],[51.91,24.01],[52.28,24.01],[52.6,24.26],[53.11,24.14],[54.08,24.14],[54.1,24.33],[54.32,24.26],[54.56,24.46],[54.74,24.84],[55.14,25.1],[55.41,25.55],[55.97,25.87],[56.17,26.32],[56.48,26.39],[56.54,26.32],[56.39,25.55],[56.46,25.55],[56.42,25.16],[56.5,25.16],[56.4,24.97],[56.54,24.91],[56.79,24.33],[57.49,23.88],[58.81,23.62],[59.08,23.3],[59.07,23.17],[59.28,23.04],[59.27,22.91],[59.54,22.66],[59.9,22.53],[59.86,22.08],[59.44,21.44],[58.8,20.92],[58.61,20.41],[58.31,20.34],[58.25,20.54],[58.1,20.54],[57.93,20.28],[57.79,19.51],[57.92,19.25],[57.82,18.93],[57.0,18.8],[56.75,18.54],[56.64,18.09],[56.41,17.9],[55.59,17.84],[55.35,17.58],[55.31,17.13],[55.16,17.0],[54.2,17.0],[53.59,16.68],[53.22,16.68],[53.13,16.55],[52.46,16.36],[52.3,16.16],[52.26,15.59],[52.1,15.46],[51.88,15.46],[51.27,15.14],[50.76,15.07],[50.23,14.81],[49.41,14.69],[48.79,14.04],[47.75,13.91],[47.67,13.72],[46.84,13.4],[45.74,13.34],[45.05,12.76],[44.61,12.76],[44.39,12.63],[43.44,12.69],[43.45,12.89],[43.24,13.08],[43.26,13.72],[43.06,13.98],[42.95,14.88],[42.89,15.07],[42.75,15.14],[42.71,15.84],[42.78,15.84],[42.82,16.61],[42.48,17.0],[42.48,17.13],[42.34,17.13],[42.28,17.45],[41.78,17.84],[41.45,18.48],[41.24,18.61],[41.25,18.86],[41.04,19.12],[40.99,19.44],[40.84,19.51],[40.85,19.7],[40.56,19.83],[40.14,20.28],[39.84,20.28],[39.35,20.79],[39.15,21.18],[39.17,21.63],[39.03,21.76],[39.14,22.53],[38.86,22.85],[38.87,23.04],[38.6,23.62],[38.03,24.14],[37.44,24.33],[37.39,24.65],[37.17,24.78],[37.18,24.91],[37.33,24.97],[37.27,25.23],[36.77,25.68],[36.72,26.0],[36.43,26.19],[36.16,26.77],[35.67,27.29],[35.61,27.54],[35.47,27.61],[35.41,27.87],[35.05,28.12],[34.59,28.06],[34.61,28.25],[34.85,28.57],[34.91,29.41],[34.75,29.28],[34.52,28.06],[34.36,27.93],[34.35,27.74],[34.12,27.74],[33.62,28.12],[33.55,28.32],[33.4,28.32],[33.19,28.51],[33.21,28.89],[32.86,29.22],[32.53,29.92],[32.43,29.6],[32.64,29.34],[32.69,28.96],[32.84,28.89],[33.11,28.38],[33.61,27.99],[33.59,27.61],[33.8,27.42],[33.93,27.03],[34.07,26.97],[34.05,26.58],[34.2,26.52],[34.46,25.87],[34.61,25.81],[35.15,24.65],[35.86,24.01],[35.85,23.88],[35.56,23.94],[35.55,23.81],[35.11,23.88],[33.76,23.69],[33.68,23.69],[33.39,23.81],[32.04,23.69],[31.67,23.75],[30.54,23.36],[30.46,23.36],[30.4,23.56],[30.1,23.75],[30.11,23.88],[29.96,23.88],[29.67,24.2],[28.57,24.65],[28.29,25.16],[28.24,25.94],[28.35,26.58],[28.27,26.58],[28.15,27.35],[27.94,27.54],[27.71,27.54],[27.79,27.67],[27.43,27.99],[27.28,27.93],[27.29,28.12],[27.14,28.25],[25.59,28.96],[25.37,29.28],[25.15,29.28],[25.0,29.41],[24.85,29.34],[24.78,29.54],[23.74,29.99],[22.45,30.05],[21.23,29.86],[19.77,29.22],[18.79,29.15],[18.71,29.15],[18.87,29.34],[18.72,29.54],[18.73,29.79],[18.81,29.79],[18.89,30.31],[18.97,30.31],[19.27,30.24],[19.66,30.37],[19.96,30.56],[19.97,30.69],[20.2,30.89],[20.13,31.14],[20.21,31.27],[20.0,31.59],[20.09,32.11],[20.02,32.24],[20.25,32.24],[20.33,32.49],[20.48,32.43],[20.56,32.56],[20.72,32.56],[20.64,32.69],[20.87,32.62],[21.11,32.81],[21.41,32.75],[21.88,32.94],[23.09,32.62],[23.08,32.36],[23.3,32.17],[23.68,32.17],[24.13,31.98],[24.89,31.98],[25.11,31.79],[25.1,31.59],[25.25,31.46],[26.85,31.46],[27.3,31.34],[27.51,31.14],[28.5,31.01],[28.87,30.82],[29.4,30.82],[29.49,31.01],[29.63,30.95],[29.87,31.08],[29.8,31.21],[29.88,31.27],[30.34,31.27],[30.27,31.4],[30.35,31.46],[30.81,31.46],[30.97,31.53],[30.97,31.66],[31.2,31.66],[31.12,31.53],[31.27,31.46],[31.88,31.46],[31.78,31.21],[31.94,31.27],[32.0,31.08],[32.3,31.08],[32.24,31.21],[32.39,31.21],[32.53,31.08],[32.77,31.14],[32.83,31.01],[33.75,31.08],[34.3,31.27],[34.31,31.4],[34.63,31.66],[34.57,31.85],[34.81,31.98],[34.77,32.36],[35.02,32.62],[35.06,33.01],[35.22,33.07],[35.4,33.39],[35.35,33.65],[35.5,33.65],[35.45,33.91],[35.68,33.97],[35.64,34.36],[35.79,34.29],[36.05,34.55],[36.07,34.74],[35.93,34.87],[35.96,35.19],[35.88,35.19],[35.99,35.52],[35.84,35.58],[35.99,36.22],[35.84,36.29],[36.26,36.61],[36.29,36.8],[36.14,36.93],[35.83,36.93],[35.49,36.61],[35.33,36.61],[35.11,36.74],[34.95,36.67],[34.89,36.87],[34.74,36.87],[34.66,36.87],[34.78,37.25],[35.03,37.45],[35.35,37.51],[35.43,37.51],[35.82,37.51],[36.15,37.71],[36.46,38.29],[36.61,38.22],[36.79,38.48],[37.13,38.67],[37.07,38.8],[37.31,38.87],[37.43,39.19],[37.68,39.26],[38.15,39.84],[38.16,39.9],[38.3,39.77],[38.84,39.71],[39.59,39.97],[40.58,40.74],[40.74,40.74],[41.53,41.26],[42.25,41.26],[42.36,41.46],[42.61,41.52],[42.66,41.78],[42.67,41.85],[42.75,41.85],[42.93,42.43],[42.72,42.56],[42.75,42.76],[42.61,42.82],[42.5,43.15],[42.99,43.15],[43.42,42.89],[43.66,42.89],[43.85,42.63],[44.36,42.76],[44.74,42.69],[44.82,42.69],[45.23,42.69],[45.67,42.5],[45.75,42.11],[46.3,42.04],[46.35,41.91],[46.74,41.85],[47.27,41.33],[47.56,41.2],[47.89,41.26],[48.18,41.52],[48.17,41.85],[48.09,41.85],[48.2,41.98],[48.28,41.98],[49.09,41.26],[49.06,41.13]]],[[[36.98,38.74],[37.06,38.74],[37.05,38.67],[36.97,38.67],[36.98,38.74]]],[[[3.01,42.56],[3.18,42.37],[3.12,41.91],[2.57,41.59],[2.33,41.59],[2.11,41.33],[1.24,41.2],[0.7,40.94],[0.71,40.68],[0.25,40.42],[0.18,40.16],[-0.13,40.03],[-0.35,39.71],[-0.31,39.13],[0.1,38.74],[-0.66,38.29],[-0.8,38.03],[-0.7,37.64],[-1.71,37.45],[-1.62,37.32],[-1.86,37.32],[-2.06,36.8],[-2.53,36.87],[-2.68,36.74],[-4.47,36.74],[-4.69,36.55],[-5.23,36.48],[-5.29,36.22],[-5.66,36.03],[-5.83,36.22],[-6.06,36.22],[-6.33,36.67],[-6.35,36.93],[-6.59,37.0],[-6.84,37.25],[-7.47,37.25],[-7.45,37.13],[-7.68,37.0],[-8.7,37.13],[-9.0,37.0],[-8.9,37.58],[-8.82,37.58],[-8.82,38.48],[-9.21,38.42],[-9.23,38.67],[-9.38,38.61],[-9.55,38.74],[-9.57,38.93],[-9.43,39.06],[-9.39,39.45],[-9.16,39.51],[-9.1,39.77],[-9.03,39.77],[-8.74,40.87],[-8.26,40.81],[-8.12,41.07],[-7.89,41.07],[-7.82,41.2],[-7.03,41.2],[-6.63,41.26],[-6.49,41.39],[-5.29,41.39],[-4.68,41.65],[-4.64,42.17],[-4.65,42.24],[-4.02,42.37],[-3.71,42.56],[-3.0,42.63],[-2.2,42.63],[-2.13,42.76],[-1.73,42.76],[0.72,42.04],[1.04,42.04],[1.43,42.24],[1.48,42.69],[1.79,42.95],[1.95,42.95],[2.1,43.28],[2.63,43.8],[2.8,43.8],[3.03,44.06],[3.43,44.06],[3.81,44.52],[4.06,44.52],[4.63,44.25],[4.24,44.06],[4.09,43.6],[4.01,43.6],[3.54,43.41],[3.46,43.41],[2.98,43.15],[3.01,42.56]]]]},"properties":{"id":"territory:Umayyad Caliphate:750","name":"우마이야 칼리프국","name_en":"Umayyad Caliphate","actor":"기타중립","valid_from":750,"valid_to":751,"wikidata":"Q8575586","area":5209411,"src":"cliopatria","confidence":"medium"}},{"type":"Feature","geometry":{"type":"Point","coordinates":[42.486,27.064]},"properties":{"id":"territory:Umayyad Caliphate:750:label","name":"우마이야 칼리프국","name_en":"Umayyad Caliphate","actor":"기타중립","valid_from":750,"valid_to":751,"wikidata":"Q8575586","area":5209411,"src":"cliopatria","confidence":"medium"}},{"type":"Feature","geometry":{"type":"Polygon","coordinates":[[[103.24,51.71],[103.16,51.71],[103.21,51.92],[102.83,51.98],[102.88,52.05],[102.46,52.18],[102.51,52.25],[101.79,52.32],[101.8,52.45],[101.63,52.45],[101.6,52.65],[101.43,52.65],[101.48,52.72],[100.6,52.92],[99.68,52.59],[99.01,52.12],[98.25,52.25],[98.3,52.32],[97.87,52.45],[97.92,52.52],[96.38,52.52],[94.58,52.25],[92.38,51.58],[91.1,51.58],[91.14,51.65],[90.97,51.65],[91.01,51.71],[90.93,51.71],[90.68,51.71],[90.67,51.85],[90.25,51.85],[90.0,51.58],[89.33,51.45],[87.86,50.51],[86.54,49.45],[85.28,48.79],[85.22,48.65],[84.41,48.19],[82.89,47.6],[79.31,46.94],[79.25,46.61],[79.09,46.61],[78.97,46.35],[77.8,46.28],[77.83,46.35],[77.36,46.41],[77.39,46.48],[75.51,46.48],[75.53,46.55],[74.88,46.35],[74.75,46.02],[74.32,45.96],[74.12,45.43],[74.25,45.37],[74.13,45.04],[73.86,44.97],[73.91,45.1],[73.74,45.3],[73.25,45.5],[73.12,45.37],[71.27,44.78],[69.85,43.73],[69.72,43.8],[69.63,43.54],[68.27,42.37],[68.11,42.11],[66.89,41.26],[66.65,41.26],[66.69,41.13],[66.28,40.81],[65.69,40.68],[65.39,40.74],[65.35,40.61],[62.66,40.03],[62.58,40.03],[62.65,39.71],[63.09,39.26],[63.25,39.26],[63.42,39.0],[63.84,38.8],[64.01,38.55],[64.37,38.42],[64.66,38.03],[65.24,37.84],[65.63,37.51],[66.52,37.32],[67.0,37.38],[67.12,37.25],[67.75,37.25],[67.92,37.0],[68.15,37.0],[68.78,37.32],[69.01,37.32],[69.12,37.13],[69.35,37.13],[69.55,37.58],[70.08,37.51],[70.27,37.64],[70.16,37.84],[70.21,38.03],[70.71,38.42],[71.18,38.42],[71.3,38.29],[71.46,38.55],[71.29,38.8],[71.35,39.0],[71.27,39.0],[71.64,39.97],[72.08,40.36],[73.08,40.74],[73.32,41.0],[74.75,41.0],[77.43,41.39],[80.0,42.3],[80.13,42.43],[82.06,42.24],[84.19,42.76],[85.79,42.76],[85.76,42.69],[87.04,42.5],[87.12,42.5],[90.22,41.91],[90.19,41.85],[90.43,41.85],[90.54,41.72],[90.78,41.72],[91.27,41.39],[92.35,41.13],[92.32,41.07],[93.3,40.94],[93.27,40.87],[93.72,40.81],[93.69,40.74],[95.23,41.0],[97.21,41.0],[97.18,40.94],[97.89,40.74],[98.04,40.55],[98.27,40.55],[98.5,40.36],[98.95,40.29],[98.92,40.23],[99.28,40.16],[99.38,40.03],[100.17,40.03],[100.14,39.97],[100.38,39.97],[100.74,39.71],[101.26,39.64],[101.28,39.51],[101.44,39.51],[101.54,39.38],[101.48,39.26],[101.63,39.06],[102.12,38.93],[102.12,38.74],[102.4,38.67],[102.6,38.42],[102.76,38.42],[103.38,38.03],[103.69,38.03],[103.76,37.84],[104.36,37.77],[104.46,37.64],[105.22,37.77],[105.43,37.9],[106.16,37.96],[106.38,38.09],[107.39,39.45],[107.44,39.71],[107.64,39.97],[108.51,40.74],[109.79,41.07],[110.87,41.0],[110.83,40.94],[111.31,40.94],[111.27,40.87],[112.97,40.94],[113.01,41.0],[113.43,41.2],[114.66,42.11],[114.85,42.56],[116.44,44.39],[116.93,44.78],[118.02,46.22],[118.49,46.68],[118.63,47.01],[118.55,47.01],[118.82,47.4],[118.73,47.4],[119.04,47.73],[118.96,47.73],[119.15,47.99],[119.06,47.99],[119.34,48.39],[119.26,48.39],[120.17,49.85],[120.08,49.85],[120.54,50.65],[120.45,50.65],[120.72,50.98],[120.64,50.98],[120.8,51.18],[120.71,51.18],[120.82,51.31],[120.71,51.38],[120.76,51.45],[120.03,51.58],[120.14,51.71],[119.83,51.65],[119.88,51.71],[119.68,51.78],[119.74,51.85],[119.57,51.85],[119.59,51.98],[119.42,51.98],[119.45,52.12],[119.05,52.25],[119.11,52.32],[118.85,52.32],[118.91,52.38],[118.74,52.38],[118.79,52.45],[118.34,52.52],[118.39,52.59],[118.22,52.59],[118.28,52.65],[117.59,52.65],[117.65,52.72],[116.65,52.65],[114.99,52.18],[113.86,52.05],[112.27,51.65],[110.36,51.58],[110.41,51.65],[109.98,51.65],[110.0,51.78],[109.52,51.71],[109.54,51.85],[109.27,51.71],[108.72,51.78],[107.22,51.58],[104.93,50.98],[104.29,50.91],[103.5,50.98],[103.46,51.18],[103.29,51.18],[103.3,51.31],[103.22,51.31],[103.32,51.58],[103.19,51.65],[103.24,51.71]]]},"properties":{"id":"territory:Türgesh:724","name":"튀르기시","name_en":"Türgesh","actor":"기타중립","valid_from":724,"valid_to":741,"wikidata":"Q1277895","area":4040712,"src":"cliopatria","confidence":"medium"}},{"type":"Feature","geometry":{"type":"Polygon","coordinates":[[[103.24,51.71],[103.16,51.71],[103.21,51.92],[102.83,51.98],[102.88,52.05],[102.46,52.18],[102.51,52.25],[101.79,52.32],[101.8,52.45],[101.63,52.45],[101.6,52.65],[101.43,52.65],[101.48,52.72],[100.6,52.92],[99.68,52.59],[99.01,52.12],[98.25,52.25],[98.3,52.32],[97.87,52.45],[97.92,52.52],[96.38,52.52],[94.58,52.25],[92.38,51.58],[91.1,51.58],[91.14,51.65],[90.97,51.65],[91.01,51.71],[90.93,51.71],[90.68,51.71],[90.67,51.85],[90.25,51.85],[90.0,51.58],[89.33,51.45],[87.86,50.51],[86.54,49.45],[85.28,48.79],[85.22,48.65],[84.41,48.19],[82.89,47.6],[79.31,46.94],[79.25,46.61],[79.09,46.61],[78.97,46.35],[77.8,46.28],[77.83,46.35],[77.36,46.41],[77.39,46.48],[75.51,46.48],[75.53,46.55],[74.88,46.35],[74.75,46.02],[74.32,45.96],[74.12,45.43],[74.25,45.37],[74.13,45.04],[73.86,44.97],[73.91,45.1],[73.74,45.3],[73.25,45.5],[73.12,45.37],[71.27,44.78],[69.85,43.73],[69.72,43.8],[69.63,43.54],[68.27,42.37],[68.11,42.11],[66.89,41.26],[66.65,41.26],[66.69,41.13],[66.28,40.81],[65.69,40.68],[65.39,40.74],[65.35,40.61],[62.66,40.03],[62.58,40.03],[62.65,39.71],[63.09,39.26],[63.25,39.26],[63.42,39.0],[63.84,38.8],[64.01,38.55],[64.37,38.42],[64.66,38.03],[65.24,37.84],[65.63,37.51],[66.52,37.32],[67.0,37.38],[67.12,37.25],[67.75,37.25],[67.92,37.0],[68.15,37.0],[68.78,37.32],[69.01,37.32],[69.12,37.13],[69.35,37.13],[69.55,37.58],[70.08,37.51],[70.27,37.64],[70.16,37.84],[70.21,38.03],[70.71,38.42],[71.18,38.42],[71.3,38.29],[71.46,38.55],[71.29,38.8],[71.35,39.0],[71.27,39.0],[71.64,39.97],[72.08,40.36],[73.08,40.74],[73.32,41.0],[74.75,41.0],[77.43,41.39],[80.0,42.3],[80.13,42.43],[82.06,42.24],[84.19,42.76],[85.79,42.76],[85.76,42.69],[87.04,42.5],[87.12,42.5],[90.22,41.91],[90.19,41.85],[90.43,41.85],[90.54,41.72],[90.78,41.72],[91.27,41.39],[92.35,41.13],[92.32,41.07],[93.3,40.94],[93.27,40.87],[93.72,40.81],[93.69,40.74],[95.23,41.0],[97.21,41.0],[97.18,40.94],[97.89,40.74],[98.04,40.55],[98.27,40.55],[98.5,40.36],[98.95,40.29],[98.92,40.23],[99.28,40.16],[99.38,40.03],[100.17,40.03],[100.14,39.97],[100.38,39.97],[100.74,39.71],[101.26,39.64],[101.28,39.51],[101.44,39.51],[101.54,39.38],[101.48,39.26],[101.63,39.06],[102.12,38.93],[102.12,38.74],[102.4,38.67],[102.6,38.42],[102.76,38.42],[103.38,38.03],[103.69,38.03],[103.76,37.84],[104.36,37.77],[104.46,37.64],[105.22,37.77],[105.43,37.9],[106.16,37.96],[106.38,38.09],[107.39,39.45],[107.44,39.71],[107.64,39.97],[108.51,40.74],[109.79,41.07],[110.87,41.0],[110.83,40.94],[111.31,40.94],[111.27,40.87],[112.97,40.94],[113.01,41.0],[113.43,41.2],[114.66,42.11],[114.85,42.56],[116.44,44.39],[116.93,44.78],[118.02,46.22],[118.49,46.68],[118.63,47.01],[118.55,47.01],[118.82,47.4],[118.73,47.4],[119.04,47.73],[118.96,47.73],[119.15,47.99],[119.06,47.99],[119.34,48.39],[119.26,48.39],[120.17,49.85],[120.08,49.85],[120.54,50.65],[120.45,50.65],[120.72,50.98],[120.64,50.98],[120.8,51.18],[120.71,51.18],[120.82,51.31],[120.71,51.38],[120.76,51.45],[120.03,51.58],[120.14,51.71],[119.83,51.65],[119.88,51.71],[119.68,51.78],[119.74,51.85],[119.57,51.85],[119.59,51.98],[119.42,51.98],[119.45,52.12],[119.05,52.25],[119.11,52.32],[118.85,52.32],[118.91,52.38],[118.74,52.38],[118.79,52.45],[118.34,52.52],[118.39,52.59],[118.22,52.59],[118.28,52.65],[117.59,52.65],[117.65,52.72],[116.65,52.65],[114.99,52.18],[113.86,52.05],[112.27,51.65],[110.36,51.58],[110.41,51.65],[109.98,51.65],[110.0,51.78],[109.52,51.71],[109.54,51.85],[109.27,51.71],[108.72,51.78],[107.22,51.58],[104.93,50.98],[104.29,50.91],[103.5,50.98],[103.46,51.18],[103.29,51.18],[103.3,51.31],[103.22,51.31],[103.32,51.58],[103.19,51.65],[103.24,51.71]]]},"properties":{"id":"territory:Türgesh:741","name":"튀르기시","name_en":"Türgesh","actor":"기타중립","valid_from":741,"valid_to":750,"wikidata":"Q1277895","area":4040712,"src":"cliopatria","confidence":"medium"}},{"type":"Feature","geometry":{"type":"Point","coordinates":[96.287,45.55]},"properties":{"id":"territory:Türgesh:724:label","name":"튀르기시","name_en":"Türgesh","actor":"기타중립","valid_from":724,"valid_to":741,"wikidata":"Q1277895","area":4040712,"src":"cliopatria","confidence":"medium"}},{"type":"Feature","geometry":{"type":"Point","coordinates":[96.287,45.55]},"properties":{"id":"territory:Türgesh:741:label","name":"튀르기시","name_en":"Türgesh","actor":"기타중립","valid_from":741,"valid_to":750,"wikidata":"Q1277895","area":4040712,"src":"cliopatria","confidence":"medium"}},{"type":"Feature","geometry":{"type":"Polygon","coordinates":[[[103.24,51.71],[103.16,51.71],[103.21,51.92],[102.83,51.98],[102.88,52.05],[102.46,52.18],[102.51,52.25],[101.79,52.32],[101.8,52.45],[101.63,52.45],[101.6,52.65],[101.43,52.65],[101.48,52.72],[100.6,52.92],[99.68,52.59],[99.01,52.12],[98.25,52.25],[98.3,52.32],[97.87,52.45],[97.92,52.52],[96.38,52.52],[94.58,52.25],[92.38,51.58],[91.1,51.58],[91.14,51.65],[90.97,51.65],[91.01,51.71],[90.93,51.71],[90.68,51.71],[90.67,51.85],[90.25,51.85],[90.0,51.58],[89.33,51.45],[87.86,50.51],[86.54,49.45],[85.28,48.79],[85.22,48.65],[84.41,48.19],[82.89,47.6],[79.31,46.94],[79.25,46.61],[79.09,46.61],[78.97,46.35],[77.8,46.28],[77.83,46.35],[77.36,46.41],[77.39,46.48],[75.51,46.48],[75.53,46.55],[74.88,46.35],[74.75,46.02],[74.32,45.96],[74.12,45.43],[74.25,45.37],[74.13,45.04],[73.86,44.97],[73.91,45.1],[73.74,45.3],[73.25,45.5],[73.12,45.37],[71.27,44.78],[69.85,43.73],[69.72,43.8],[69.63,43.54],[68.27,42.37],[68.11,42.11],[66.89,41.26],[66.65,41.26],[66.69,41.13],[66.28,40.81],[65.69,40.68],[65.39,40.74],[65.35,40.61],[62.66,40.03],[62.58,40.03],[62.65,39.71],[63.09,39.26],[63.25,39.26],[63.42,39.0],[63.84,38.8],[64.01,38.55],[64.37,38.42],[64.66,38.03],[65.24,37.84],[65.63,37.51],[66.52,37.32],[67.0,37.38],[67.12,37.25],[67.75,37.25],[67.92,37.0],[68.15,37.0],[68.78,37.32],[69.01,37.32],[69.12,37.13],[69.35,37.13],[69.55,37.58],[70.08,37.51],[70.27,37.64],[70.16,37.84],[70.21,38.03],[70.71,38.42],[71.18,38.42],[71.3,38.29],[71.46,38.55],[71.29,38.8],[71.35,39.0],[71.27,39.0],[71.64,39.97],[72.08,40.36],[73.08,40.74],[73.32,41.0],[74.75,41.0],[77.43,41.39],[80.0,42.3],[80.13,42.43],[82.06,42.24],[84.19,42.76],[85.79,42.76],[85.76,42.69],[87.04,42.5],[87.12,42.5],[90.22,41.91],[90.19,41.85],[90.43,41.85],[90.54,41.72],[90.78,41.72],[91.27,41.39],[92.35,41.13],[92.32,41.07],[93.3,40.94],[93.27,40.87],[93.72,40.81],[93.69,40.74],[95.23,41.0],[97.21,41.0],[97.18,40.94],[97.89,40.74],[98.04,40.55],[98.27,40.55],[98.5,40.36],[98.95,40.29],[98.92,40.23],[99.28,40.16],[99.38,40.03],[100.17,40.03],[100.14,39.97],[100.38,39.97],[100.74,39.71],[101.26,39.64],[101.28,39.51],[101.44,39.51],[101.54,39.38],[101.48,39.26],[101.63,39.06],[102.12,38.93],[102.12,38.74],[102.4,38.67],[102.6,38.42],[102.76,38.42],[103.38,38.03],[103.69,38.03],[103.76,37.84],[104.36,37.77],[104.46,37.64],[105.22,37.77],[105.43,37.9],[106.16,37.96],[106.38,38.09],[107.39,39.45],[107.44,39.71],[107.64,39.97],[108.51,40.74],[109.79,41.07],[110.87,41.0],[110.83,40.94],[111.31,40.94],[111.27,40.87],[112.97,40.94],[113.01,41.0],[113.43,41.2],[114.66,42.11],[114.85,42.56],[116.44,44.39],[116.93,44.78],[118.02,46.22],[118.49,46.68],[118.63,47.01],[118.55,47.01],[118.82,47.4],[118.73,47.4],[119.04,47.73],[118.96,47.73],[119.15,47.99],[119.06,47.99],[119.34,48.39],[119.26,48.39],[120.17,49.85],[120.08,49.85],[120.54,50.65],[120.45,50.65],[120.72,50.98],[120.64,50.98],[120.8,51.18],[120.71,51.18],[120.82,51.31],[120.71,51.38],[120.76,51.45],[120.03,51.58],[120.14,51.71],[119.83,51.65],[119.88,51.71],[119.68,51.78],[119.74,51.85],[119.57,51.85],[119.59,51.98],[119.42,51.98],[119.45,52.12],[119.05,52.25],[119.11,52.32],[118.85,52.32],[118.91,52.38],[118.74,52.38],[118.79,52.45],[118.34,52.52],[118.39,52.59],[118.22,52.59],[118.28,52.65],[117.59,52.65],[117.65,52.72],[116.65,52.65],[114.99,52.18],[113.86,52.05],[112.27,51.65],[110.36,51.58],[110.41,51.65],[109.98,51.65],[110.0,51.78],[109.52,51.71],[109.54,51.85],[109.27,51.71],[108.72,51.78],[107.22,51.58],[104.93,50.98],[104.29,50.91],[103.5,50.98],[103.46,51.18],[103.29,51.18],[103.3,51.31],[103.22,51.31],[103.32,51.58],[103.19,51.65],[103.24,51.71]],[[77.32,42.17],[77.0,42.17],[76.51,42.37],[76.53,42.63],[78.66,42.76],[78.58,42.56],[78.04,42.17],[77.29,42.11],[77.32,42.17]]]},"properties":{"id":"territory:Türgesh:705","name":"튀르기시","name_en":"Türgesh","actor":"기타중립","valid_from":705,"valid_to":724,"wikidata":"Q1277895","area":4032061,"src":"cliopatria","confidence":"medium"}},{"type":"Feature","geometry":{"type":"Point","coordinates":[96.287,45.55]},"properties":{"id":"territory:Türgesh:705:label","name":"튀르기시","name_en":"Türgesh","actor":"기타중립","valid_from":705,"valid_to":724,"wikidata":"Q1277895","area":4032061,"src":"cliopatria","confidence":"medium"}},{"type":"Feature","geometry":{"type":"Polygon","coordinates":[[[61.17,42.69],[61.4,42.37],[61.56,42.37],[61.78,42.04],[61.94,42.04],[62.19,41.78],[62.15,41.65],[62.35,41.52],[62.32,41.39],[62.4,41.39],[62.28,41.26],[62.53,41.0],[62.3,40.74],[62.4,40.55],[62.33,40.29],[62.47,40.23],[62.5,40.03],[62.58,40.03],[62.65,39.71],[63.09,39.26],[63.25,39.26],[63.42,39.0],[63.84,38.8],[64.01,38.55],[64.37,38.42],[64.66,38.03],[65.24,37.84],[65.63,37.51],[66.52,37.32],[67.0,37.38],[67.12,37.25],[67.75,37.25],[67.92,37.0],[68.15,37.0],[68.78,37.32],[69.01,37.32],[69.12,37.13],[69.35,37.13],[69.55,37.58],[70.08,37.51],[70.27,37.64],[70.2,37.96],[70.42,38.22],[70.71,38.42],[71.18,38.42],[71.36,38.22],[71.27,37.9],[71.57,37.84],[71.48,36.93],[70.24,36.67],[69.0,36.67],[68.6,36.61],[68.49,36.48],[67.8,36.55],[67.07,36.42],[66.9,36.03],[66.72,35.9],[66.37,35.07],[65.93,34.49],[64.74,33.97],[64.36,33.59],[64.25,33.07],[64.33,33.07],[64.28,32.81],[64.36,32.81],[64.22,32.49],[64.21,32.04],[64.28,32.04],[64.25,31.46],[64.33,31.46],[64.46,30.95],[64.59,30.82],[65.63,30.69],[66.34,30.44],[67.17,30.37],[67.15,30.31],[68.43,30.24],[70.56,29.86],[70.39,28.96],[70.17,28.51],[69.23,27.87],[68.52,27.67],[68.09,27.29],[67.92,26.64],[67.99,26.64],[68.06,26.07],[68.19,25.94],[68.22,25.55],[67.76,24.91],[67.54,24.26],[67.36,24.07],[67.29,24.07],[67.33,24.39],[67.25,24.39],[67.21,24.71],[66.63,24.84],[66.68,25.23],[66.35,25.55],[66.02,25.36],[64.82,25.29],[64.8,25.16],[64.28,25.23],[64.23,25.36],[63.63,25.36],[63.54,25.23],[62.56,25.23],[62.47,25.1],[62.18,25.16],[62.02,25.04],[61.72,25.04],[61.66,25.16],[61.13,25.1],[60.92,25.23],[60.62,25.23],[60.63,25.36],[59.06,25.36],[58.78,25.55],[57.96,25.55],[57.74,25.62],[57.68,25.74],[57.38,25.74],[57.11,26.07],[57.05,26.84],[56.71,27.16],[56.19,27.16],[56.1,27.03],[56.32,27.03],[56.31,26.9],[56.06,26.71],[55.6,26.64],[55.44,26.52],[55.29,26.52],[55.31,26.71],[55.54,26.77],[55.24,26.77],[54.83,26.45],[54.46,26.52],[54.26,26.71],[53.66,26.71],[53.46,26.97],[52.74,27.22],[52.48,27.61],[52.05,27.8],[51.6,27.8],[51.32,27.99],[51.33,28.12],[51.07,28.44],[51.03,28.77],[50.81,28.83],[50.92,29.09],[50.62,29.15],[50.65,29.41],[50.24,29.73],[50.06,30.18],[49.59,29.99],[48.94,30.31],[48.99,30.05],[48.68,29.99],[48.6,29.99],[48.39,30.12],[48.41,30.31],[48.28,30.44],[48.05,30.44],[47.92,30.63],[47.41,30.82],[47.36,31.66],[47.22,31.72],[47.24,31.85],[47.02,31.98],[46.9,32.24],[46.75,32.24],[46.71,32.49],[46.13,32.75],[45.28,32.69],[44.78,33.01],[44.8,33.14],[44.53,33.39],[44.37,33.39],[44.51,33.84],[44.45,33.97],[44.24,34.16],[43.87,34.23],[43.83,34.55],[43.63,34.81],[43.67,35.07],[43.45,35.13],[43.4,35.39],[43.26,35.45],[43.27,35.58],[43.44,35.64],[43.59,36.22],[44.26,36.55],[44.44,36.74],[45.81,37.0],[46.24,37.25],[46.54,37.19],[46.71,37.32],[48.34,37.71],[48.54,37.51],[48.52,37.38],[49.14,36.93],[49.19,36.74],[50.28,36.29],[50.47,36.03],[51.39,35.97],[51.97,35.77],[52.03,35.64],[52.34,35.64],[52.7,35.97],[53.2,36.16],[54.3,36.22],[54.71,36.35],[55.45,36.93],[55.48,37.13],[55.03,37.19],[54.83,37.38],[54.04,37.32],[53.96,37.32],[53.91,37.84],[53.83,37.84],[53.99,39.0],[53.52,39.38],[53.14,39.45],[53.54,39.51],[53.5,40.03],[52.79,40.03],[52.78,40.36],[52.7,40.36],[52.89,40.87],[52.97,40.87],[52.94,40.74],[53.34,40.74],[53.45,40.87],[53.4,40.68],[54.37,40.74],[54.39,40.81],[56.83,40.74],[57.46,41.39],[57.56,41.78],[57.96,42.37],[58.05,43.02],[58.34,43.47],[58.42,43.47],[58.63,43.67],[59.12,43.41],[60.37,43.54],[60.39,43.34],[60.78,43.02],[60.76,42.95],[61.01,42.69],[61.17,42.69]]]},"properties":{"id":"territory:Abbasid Caliphate:750","name":"아바스 칼리프국","name_en":"Abbasid Caliphate","actor":"기타중립","valid_from":750,"valid_to":751,"wikidata":"Q12536","area":2738468,"src":"cliopatria","confidence":"medium"}},{"type":"Feature","geometry":{"type":"Point","coordinates":[57.949,33.157]},"properties":{"id":"territory:Abbasid Caliphate:750:label","name":"아바스 칼리프국","name_en":"Abbasid Caliphate","actor":"기타중립","valid_from":750,"valid_to":751,"wikidata":"Q12536","area":2738468,"src":"cliopatria","confidence":"medium"}},{"type":"Feature","geometry":{"type":"MultiPolygon","coordinates":[[[[67.99,43.93],[68.01,43.99],[68.09,43.99],[68.07,43.93],[67.99,43.93]]],[[[67.93,43.99],[67.95,44.06],[68.03,44.06],[68.01,43.99],[67.93,43.99]]],[[[71.33,53.53],[71.29,53.46],[73.2,53.33],[73.17,53.26],[73.46,53.33],[73.43,53.26],[74.87,53.06],[74.84,52.99],[76.38,52.32],[76.39,52.18],[76.89,51.98],[76.9,51.85],[77.07,51.85],[77.14,51.65],[77.31,51.65],[77.43,51.38],[77.6,51.38],[77.67,51.18],[77.84,51.18],[77.91,50.98],[78.08,50.98],[78.15,50.78],[78.32,50.78],[78.49,50.45],[78.66,50.45],[78.65,50.25],[78.81,50.25],[79.02,49.98],[80.0,49.91],[79.96,49.85],[83.33,49.71],[83.3,49.65],[83.8,49.65],[83.9,49.52],[84.63,49.32],[84.78,49.12],[84.7,48.79],[84.79,48.79],[84.36,48.26],[84.33,48.19],[82.89,47.6],[79.58,47.01],[79.33,46.81],[79.25,46.81],[79.28,46.87],[78.7,46.87],[78.1,46.61],[77.91,46.74],[76.73,46.68],[76.76,46.74],[76.35,46.74],[76.32,46.87],[74.6,46.87],[74.44,46.68],[73.95,46.48],[73.87,46.28],[73.63,46.28],[73.53,46.02],[73.72,46.09],[73.64,45.89],[73.5,45.96],[73.35,45.56],[73.33,45.5],[71.27,44.78],[70.83,44.45],[70.75,44.45],[68.9,43.99],[68.09,43.99],[68.05,44.12],[67.87,44.06],[67.54,44.52],[66.39,44.97],[66.09,45.3],[64.9,45.63],[64.82,45.63],[64.98,46.35],[64.89,46.35],[64.94,46.74],[64.82,46.87],[64.87,47.01],[64.79,47.01],[64.83,47.14],[64.75,47.14],[64.76,47.4],[64.53,47.47],[64.43,47.66],[64.27,47.66],[64.23,47.8],[63.86,47.93],[61.82,47.99],[56.38,47.8],[54.52,47.33],[54.37,47.4],[54.41,47.53],[54.26,47.6],[54.3,47.73],[54.17,47.86],[54.0,47.86],[53.96,47.99],[53.79,47.99],[53.6,48.19],[51.28,48.19],[51.3,48.26],[51.3,48.59],[51.46,48.85],[51.39,48.92],[51.56,48.92],[51.81,49.52],[51.58,49.58],[51.52,49.98],[51.44,49.98],[51.65,50.98],[51.94,51.38],[52.3,51.45],[52.43,51.58],[52.83,51.51],[53.57,51.71],[54.61,51.78],[54.59,51.71],[55.76,51.65],[56.41,51.31],[58.11,51.11],[59.01,51.71],[59.19,51.98],[59.05,52.05],[59.12,52.25],[59.44,52.65],[60.31,53.12],[61.11,53.39],[61.25,53.33],[62.77,53.66],[63.92,53.73],[67.17,53.66],[67.25,53.66],[71.33,53.53]]],[[[61.22,53.46],[61.31,53.46],[61.28,53.39],[61.2,53.39],[61.22,53.46]]],[[[66.19,53.8],[66.28,53.8],[66.25,53.73],[66.16,53.73],[66.19,53.8]]]]},"properties":{"id":"territory:Kimek-Kipchak confederation:750","name":"키메크·킵차크","name_en":"Kimek-Kipchak confederation","actor":"기타중립","valid_from":750,"valid_to":793,"wikidata":"Q2477776","area":1428929,"src":"cliopatria","confidence":"medium"}},{"type":"Feature","geometry":{"type":"Point","coordinates":[67.795,49.508]},"properties":{"id":"territory:Kimek-Kipchak confederation:750:label","name":"키메크·킵차크","name_en":"Kimek-Kipchak confederation","actor":"기타중립","valid_from":750,"valid_to":793,"wikidata":"Q2477776","area":1428929,"src":"cliopatria","confidence":"medium"}},{"type":"Feature","geometry":{"type":"MultiPolygon","coordinates":[[[[67.99,43.93],[68.01,43.99],[68.09,43.99],[68.07,43.93],[67.99,43.93]]],[[[67.93,43.99],[67.95,44.06],[68.03,44.06],[68.01,43.99],[67.93,43.99]]],[[[71.33,53.53],[71.29,53.46],[72.15,53.46],[72.12,53.39],[72.72,53.39],[72.69,53.33],[73.2,53.33],[73.17,53.26],[73.46,53.33],[73.43,53.26],[74.65,53.12],[74.61,53.06],[74.87,53.06],[74.84,52.99],[76.38,52.32],[76.58,52.05],[77.07,51.85],[77.14,51.65],[77.31,51.65],[77.43,51.38],[77.6,51.38],[77.67,51.18],[77.84,51.18],[77.91,50.98],[78.08,50.98],[78.15,50.78],[78.32,50.78],[78.49,50.45],[78.66,50.45],[78.65,50.25],[78.81,50.25],[79.02,49.98],[83.8,49.65],[83.9,49.52],[84.37,49.45],[84.33,49.38],[85.3,48.99],[85.4,48.85],[85.34,48.72],[85.52,48.59],[85.47,48.32],[85.55,48.32],[85.64,48.32],[85.43,47.73],[85.17,47.53],[80.92,46.87],[80.73,46.81],[80.62,46.55],[80.04,46.74],[80.07,46.81],[79.61,46.68],[79.31,46.74],[79.33,46.81],[78.7,46.87],[78.1,46.61],[77.91,46.74],[76.73,46.68],[76.76,46.74],[76.35,46.74],[76.32,46.87],[74.6,46.87],[74.44,46.68],[74.36,46.68],[73.89,46.74],[73.91,46.81],[73.18,46.81],[72.03,46.61],[70.96,45.69],[69.93,44.19],[69.85,44.19],[68.9,43.99],[68.09,43.99],[68.05,44.12],[67.87,44.06],[67.54,44.52],[66.39,44.97],[66.09,45.3],[64.9,45.63],[64.82,45.63],[64.98,46.35],[64.89,46.35],[64.94,46.74],[64.82,46.87],[64.87,47.01],[64.79,47.01],[64.83,47.14],[64.75,47.14],[64.76,47.4],[64.53,47.47],[64.43,47.66],[64.27,47.66],[64.23,47.8],[63.86,47.93],[61.82,47.99],[56.38,47.8],[54.52,47.33],[54.37,47.4],[54.41,47.53],[54.26,47.6],[54.3,47.73],[54.17,47.86],[54.0,47.86],[53.96,47.99],[53.79,47.99],[53.6,48.19],[51.28,48.19],[51.3,48.26],[51.3,48.59],[51.46,48.85],[51.39,48.92],[51.56,48.92],[51.81,49.52],[51.58,49.58],[51.52,49.98],[51.44,49.98],[51.65,50.98],[51.94,51.38],[52.3,51.45],[52.43,51.58],[52.83,51.51],[53.57,51.71],[54.61,51.78],[54.59,51.71],[55.76,51.65],[56.41,51.31],[58.11,51.11],[59.01,51.71],[59.19,51.98],[59.05,52.05],[59.12,52.25],[59.44,52.65],[60.31,53.12],[61.11,53.39],[61.25,53.33],[62.77,53.66],[63.92,53.73],[67.17,53.66],[67.25,53.66],[71.33,53.53]]],[[[61.22,53.46],[61.31,53.46],[61.28,53.39],[61.2,53.39],[61.22,53.46]]],[[[66.19,53.8],[66.28,53.8],[66.25,53.73],[66.16,53.73],[66.19,53.8]]]]},"properties":{"id":"territory:Kimek-Kipchak confederation:793","name":"키메크·킵차크","name_en":"Kimek-Kipchak confederation","actor":"기타중립","valid_from":793,"valid_to":850,"wikidata":"Q2477776","area":1423776,"src":"cliopatria","confidence":"medium"}},{"type":"Feature","geometry":{"type":"Point","coordinates":[68.029,49.562]},"properties":{"id":"territory:Kimek-Kipchak confederation:793:label","name":"키메크·킵차크","name_en":"Kimek-Kipchak confederation","actor":"기타중립","valid_from":793,"valid_to":850,"wikidata":"Q2477776","area":1423776,"src":"cliopatria","confidence":"medium"}},{"type":"Feature","geometry":{"type":"MultiPolygon","coordinates":[[[[9.33,43.02],[9.49,43.02],[9.49,42.76],[9.57,42.76],[9.58,41.98],[9.5,41.98],[9.5,41.78],[9.26,41.39],[9.1,41.33],[8.78,41.52],[8.78,41.72],[8.62,41.72],[8.7,41.91],[8.54,42.11],[8.53,42.5],[8.77,42.69],[9.17,42.76],[9.25,43.02],[9.33,43.02]]],[[[10.46,42.89],[10.46,42.69],[10.21,42.69],[10.13,42.89],[10.21,42.89],[10.46,42.89]]],[[[10.88,53.73],[10.96,53.33],[11.48,53.26],[11.47,53.12],[11.82,53.12],[11.64,52.32],[11.55,52.32],[11.55,52.18],[11.8,51.98],[11.55,51.85],[11.55,51.65],[11.38,51.58],[11.29,51.38],[12.13,51.05],[12.13,50.85],[12.3,50.78],[12.3,50.65],[12.04,50.58],[12.04,50.31],[12.45,49.98],[12.37,49.78],[12.54,49.71],[12.53,49.58],[13.03,49.25],[13.2,49.25],[13.36,49.05],[13.53,49.05],[13.69,48.85],[14.02,48.79],[14.1,48.65],[14.68,48.65],[14.94,49.05],[15.61,48.99],[16.1,48.79],[16.68,48.85],[16.93,48.72],[16.83,48.39],[17.07,48.13],[17.07,48.06],[16.49,47.99],[16.32,47.86],[16.3,47.53],[16.14,47.53],[16.13,47.14],[16.21,47.14],[16.2,46.94],[16.44,46.74],[16.44,46.61],[16.1,46.35],[15.6,46.22],[15.68,45.96],[15.26,45.76],[15.34,45.43],[15.42,45.43],[15.33,45.3],[15.09,45.3],[14.93,45.43],[14.28,45.37],[14.2,45.37],[14.19,45.04],[14.03,45.04],[13.95,45.04],[13.63,45.5],[13.71,45.5],[13.71,45.76],[13.14,45.82],[13.06,45.69],[12.98,45.82],[12.82,45.82],[12.74,45.82],[12.16,45.69],[12.0,45.56],[12.0,45.37],[12.16,45.37],[12.16,45.3],[12.16,45.17],[12.4,45.04],[12.4,44.78],[12.16,44.84],[12.15,44.45],[12.31,44.19],[12.87,43.8],[13.04,43.86],[13.03,43.73],[13.36,43.67],[13.67,43.41],[13.75,43.08],[13.99,42.95],[13.9,42.76],[14.06,42.5],[14.61,42.11],[14.77,42.17],[14.77,42.04],[14.92,41.98],[15.17,42.04],[15.24,41.91],[16.12,41.91],[16.11,41.78],[15.87,41.72],[15.94,41.39],[16.73,41.2],[17.67,40.74],[17.5,40.55],[16.87,40.48],[16.94,40.36],[16.62,40.29],[16.7,40.1],[16.46,39.97],[16.45,39.77],[16.45,39.71],[15.9,39.71],[15.9,39.77],[15.67,39.9],[15.75,40.03],[15.43,40.03],[14.96,40.29],[14.97,40.61],[14.81,40.68],[14.73,40.68],[14.74,40.81],[14.58,40.81],[14.5,41.0],[14.03,41.0],[13.95,41.0],[13.95,41.13],[13.79,41.13],[13.71,41.26],[13.4,41.26],[13.4,41.33],[13.87,41.33],[14.04,41.59],[13.8,41.85],[13.41,41.85],[13.33,41.98],[13.01,42.04],[12.62,42.43],[12.38,42.43],[12.3,43.08],[12.14,43.08],[12.22,43.41],[11.82,43.34],[11.82,43.21],[11.98,43.15],[12.06,42.76],[11.82,42.76],[11.42,43.02],[11.26,42.95],[11.1,43.15],[10.54,43.15],[10.54,43.21],[10.21,43.99],[9.89,43.99],[9.97,44.12],[9.73,44.12],[9.16,44.45],[8.43,44.39],[8.03,43.93],[7.15,43.73],[6.99,43.54],[6.67,43.47],[6.52,43.21],[6.28,43.15],[5.8,43.15],[5.63,43.28],[5.39,43.28],[5.39,43.41],[5.06,43.47],[4.18,43.47],[4.17,43.6],[3.85,43.6],[2.98,43.15],[3.01,42.56],[3.18,42.37],[3.12,41.91],[2.49,41.59],[2.41,41.59],[2.3,42.43],[1.49,42.63],[1.07,42.82],[0.04,42.69],[-0.21,42.82],[-0.53,42.82],[-1.03,43.08],[-1.43,43.08],[-1.44,43.28],[-1.69,43.34],[-1.69,43.41],[-1.46,43.54],[-1.4,43.86],[-1.32,43.86],[-1.35,44.25],[-1.27,44.25],[-1.29,44.52],[-1.21,44.52],[-1.25,45.17],[-1.17,45.17],[-1.19,45.43],[-1.03,45.5],[-1.05,45.69],[-1.21,45.76],[-1.14,45.89],[-1.22,45.89],[-1.25,46.28],[-1.67,46.35],[-2.01,46.61],[-2.02,46.74],[-2.19,46.81],[-2.14,47.14],[-2.23,47.27],[-2.56,47.27],[-2.58,47.47],[-2.83,47.53],[-2.84,47.6],[-2.45,47.86],[-1.8,47.99],[-1.65,48.19],[-1.65,48.26],[-1.67,48.46],[-1.51,48.52],[-1.6,48.65],[-1.61,48.72],[-1.72,49.05],[-1.64,49.05],[-1.65,49.25],[-1.91,49.38],[-2.03,49.78],[-1.36,49.78],[-1.25,49.45],[0.01,49.38],[-0.01,49.65],[0.22,49.85],[1.05,49.98],[1.45,50.25],[1.42,50.71],[1.66,51.05],[2.58,51.18],[3.16,51.45],[3.75,51.45],[3.41,51.51],[3.4,51.65],[3.74,51.65],[3.65,51.78],[3.82,51.78],[3.81,51.92],[3.98,51.92],[3.97,52.05],[4.22,52.18],[4.22,52.32],[4.46,52.52],[4.45,52.72],[4.7,52.99],[4.87,52.99],[4.97,52.65],[5.39,52.86],[5.39,52.99],[5.21,53.12],[5.54,53.39],[6.23,53.53],[6.92,53.46],[6.91,53.6],[7.08,53.73],[7.94,53.73],[8.21,53.6],[8.38,53.66],[8.46,53.94],[8.89,53.87],[8.8,54.21],[8.54,54.27],[8.54,54.41],[8.8,54.55],[8.97,54.55],[8.97,54.34],[9.15,54.34],[9.32,54.14],[9.58,54.07],[11.14,54.07],[11.22,53.94],[11.14,53.94],[10.88,53.73]]]]},"properties":{"id":"territory:Kingdom of the Franks:788","name":"프랑크 왕국","name_en":"Kingdom of the Franks","actor":"게르만","valid_from":788,"valid_to":793,"wikidata":"Q146246","area":1228587,"src":"cliopatria","confidence":"medium"}},{"type":"Feature","geometry":{"type":"Point","coordinates":[7.029,47.513]},"properties":{"id":"territory:Kingdom of the Franks:788:label","name":"프랑크 왕국","name_en":"Kingdom of the Franks","actor":"게르만","valid_from":788,"valid_to":793,"wikidata":"Q146246","area":1228587,"src":"cliopatria","confidence":"medium"}},{"type":"Feature","geometry":{"type":"MultiPolygon","coordinates":[[[[14.69,42.17],[14.77,42.17],[14.77,42.11],[14.69,42.11],[14.69,42.17]]],[[[9.49,43.02],[9.49,42.76],[9.57,42.76],[9.58,41.98],[9.5,41.98],[9.5,41.78],[9.26,41.39],[9.1,41.33],[8.78,41.52],[8.78,41.72],[8.62,41.72],[8.7,41.91],[8.54,42.11],[8.53,42.5],[8.77,42.69],[9.17,42.76],[9.25,43.02],[9.33,43.02],[9.49,43.02]]],[[[10.46,42.89],[10.46,42.69],[10.21,42.69],[10.13,42.89],[10.21,42.89],[10.46,42.89]]],[[[6.61,51.98],[6.7,51.98],[7.3,51.71],[7.39,51.45],[7.65,51.31],[7.65,51.18],[8.34,50.71],[8.84,51.05],[10.1,51.45],[10.27,51.65],[10.53,51.65],[10.87,51.92],[11.55,51.78],[11.55,51.71],[11.29,51.38],[12.13,51.05],[12.13,50.85],[12.3,50.78],[12.3,50.65],[12.04,50.58],[12.04,50.31],[12.45,49.98],[12.37,49.78],[12.54,49.71],[12.53,49.58],[13.03,49.25],[13.2,49.25],[13.36,49.05],[13.53,49.05],[13.69,48.85],[14.02,48.79],[14.1,48.65],[14.68,48.65],[14.94,49.05],[15.19,49.05],[16.1,48.79],[16.85,48.79],[16.93,48.72],[16.92,48.52],[16.84,48.52],[16.91,48.26],[17.07,48.19],[17.07,48.06],[17.63,47.8],[18.63,47.8],[18.8,47.93],[18.87,47.8],[19.13,47.86],[19.45,47.8],[19.53,47.66],[19.86,47.66],[20.46,47.99],[21.03,47.93],[21.03,47.86],[20.42,47.4],[20.3,46.74],[20.13,46.61],[19.98,45.5],[20.29,45.17],[20.28,45.1],[20.02,44.71],[19.62,44.78],[19.62,44.91],[18.81,44.84],[18.74,45.04],[18.5,45.1],[16.86,44.91],[16.78,44.91],[16.54,44.84],[16.46,44.97],[16.14,44.97],[15.98,45.1],[15.57,45.1],[15.42,45.3],[15.09,45.3],[14.93,45.43],[14.28,45.37],[14.2,45.37],[14.19,45.04],[14.03,45.04],[13.95,45.04],[13.63,45.5],[13.71,45.5],[13.71,45.76],[13.14,45.82],[13.06,45.69],[12.98,45.82],[12.82,45.82],[12.74,45.82],[12.16,45.69],[12.0,45.56],[12.0,45.37],[12.16,45.37],[12.16,45.3],[12.16,45.17],[12.4,45.04],[12.4,44.78],[12.16,44.84],[12.15,44.45],[12.31,44.19],[12.87,43.8],[13.04,43.86],[13.03,43.73],[13.36,43.67],[13.67,43.41],[13.75,43.08],[13.99,42.95],[13.9,42.76],[14.06,42.5],[14.61,42.11],[14.69,42.11],[14.37,41.98],[14.12,41.72],[13.96,41.72],[13.8,41.85],[13.33,41.91],[13.33,41.98],[13.01,42.04],[12.62,42.43],[12.38,42.43],[12.3,43.08],[12.14,43.08],[12.22,43.41],[11.82,43.34],[12.06,42.95],[11.98,42.56],[12.14,42.5],[12.13,42.37],[12.05,42.24],[11.73,42.24],[11.73,42.3],[11.26,42.43],[10.94,42.82],[10.94,42.89],[11.18,42.95],[11.18,43.08],[10.54,43.15],[10.54,43.21],[10.21,43.99],[9.89,43.99],[9.97,44.12],[9.73,44.12],[9.16,44.45],[8.43,44.39],[8.03,43.93],[7.15,43.73],[6.99,43.54],[6.67,43.47],[6.52,43.21],[6.28,43.15],[5.8,43.15],[5.63,43.28],[5.39,43.28],[5.39,43.41],[5.06,43.47],[4.18,43.47],[4.17,43.6],[3.85,43.6],[2.98,43.15],[3.01,42.56],[3.18,42.37],[3.12,41.91],[2.49,41.59],[2.41,41.59],[2.21,42.5],[1.49,42.63],[1.43,42.24],[0.96,41.91],[0.72,41.91],[0.56,42.04],[0.16,41.98],[-0.01,42.11],[-0.02,42.3],[0.13,42.56],[0.04,42.76],[-0.53,42.82],[-1.03,43.08],[-1.43,43.08],[-1.44,43.28],[-1.69,43.34],[-1.69,43.41],[-1.46,43.54],[-1.4,43.86],[-1.32,43.86],[-1.35,44.25],[-1.27,44.25],[-1.29,44.52],[-1.21,44.52],[-1.25,45.17],[-1.17,45.17],[-1.19,45.43],[-1.03,45.5],[-1.05,45.69],[-1.21,45.76],[-1.14,45.89],[-1.22,45.89],[-1.25,46.28],[-1.67,46.35],[-2.01,46.61],[-2.02,46.74],[-2.19,46.81],[-2.14,47.14],[-2.23,47.27],[-2.56,47.27],[-2.58,47.47],[-2.83,47.53],[-2.84,47.6],[-2.45,47.86],[-1.8,47.99],[-1.65,48.19],[-1.65,48.26],[-1.67,48.46],[-1.51,48.52],[-1.6,48.65],[-1.61,48.72],[-1.72,49.05],[-1.64,49.05],[-1.65,49.25],[-1.91,49.38],[-2.03,49.78],[-1.36,49.78],[-1.25,49.45],[0.01,49.38],[-0.01,49.65],[0.22,49.85],[1.05,49.98],[1.45,50.25],[1.42,50.71],[1.66,51.05],[2.58,51.18],[3.16,51.45],[3.75,51.45],[3.41,51.51],[3.4,51.65],[3.74,51.65],[3.65,51.78],[3.82,51.78],[3.81,51.92],[3.98,51.92],[3.97,52.05],[4.22,52.18],[4.22,52.32],[4.46,52.52],[4.53,52.86],[4.87,52.99],[4.88,52.79],[5.06,52.65],[5.14,52.79],[5.39,52.86],[5.39,52.99],[5.21,53.12],[5.54,53.39],[6.14,53.46],[6.23,53.46],[6.16,53.06],[6.67,53.12],[6.85,52.92],[7.02,52.92],[6.95,52.25],[6.7,52.05],[6.61,52.05],[6.61,51.98]]]]},"properties":{"id":"territory:Kingdom of the Franks:793","name":"프랑크 왕국","name_en":"Kingdom of the Franks","actor":"게르만","valid_from":793,"valid_to":800,"wikidata":"Q146246","area":1217634,"src":"cliopatria","confidence":"medium"}},{"type":"Feature","geometry":{"type":"Point","coordinates":[7.533,47.13]},"properties":{"id":"territory:Kingdom of the Franks:793:label","name":"프랑크 왕국","name_en":"Kingdom of the Franks","actor":"게르만","valid_from":793,"valid_to":800,"wikidata":"Q146246","area":1217634,"src":"cliopatria","confidence":"medium"}},{"type":"Feature","geometry":{"type":"MultiPolygon","coordinates":[[[[9.33,43.02],[9.49,43.02],[9.49,42.76],[9.57,42.76],[9.58,41.98],[9.5,41.98],[9.5,41.78],[9.26,41.39],[9.1,41.33],[8.78,41.52],[8.78,41.72],[8.62,41.72],[8.7,41.91],[8.54,42.11],[8.53,42.5],[8.77,42.69],[9.17,42.76],[9.25,43.02],[9.33,43.02]]],[[[10.46,42.89],[10.46,42.69],[10.21,42.69],[10.13,42.89],[10.21,42.89],[10.46,42.89]]],[[[11.48,53.26],[11.47,53.12],[11.82,53.12],[11.64,52.32],[11.55,52.32],[11.55,52.18],[11.8,51.98],[11.55,51.85],[11.55,51.65],[11.38,51.58],[11.29,51.38],[12.13,51.05],[12.13,50.85],[12.3,50.78],[12.3,50.65],[12.04,50.58],[12.04,50.31],[12.45,49.98],[12.37,49.78],[12.78,49.38],[13.2,49.25],[13.69,48.85],[14.27,48.65],[14.18,48.52],[14.35,48.52],[14.51,48.39],[14.51,48.26],[14.26,48.32],[14.18,48.32],[13.6,48.59],[13.1,48.59],[13.1,48.72],[12.77,48.79],[12.61,48.99],[11.86,49.18],[11.36,48.85],[10.11,48.46],[9.95,47.86],[9.87,47.86],[9.95,47.66],[9.54,47.4],[9.63,46.94],[9.38,46.68],[9.39,46.41],[9.88,46.28],[10.12,46.35],[10.04,46.61],[10.37,46.61],[10.53,46.41],[11.93,46.48],[12.09,46.68],[13.73,46.48],[13.73,46.41],[13.81,46.41],[13.81,46.28],[14.05,46.22],[14.13,45.89],[14.21,45.89],[14.12,45.69],[14.2,45.69],[14.28,45.37],[14.2,45.37],[14.19,45.04],[14.03,45.04],[13.95,45.04],[13.63,45.5],[13.71,45.5],[13.71,45.76],[13.14,45.82],[13.06,45.69],[12.98,45.82],[12.82,45.82],[12.74,45.82],[12.16,45.69],[12.0,45.56],[12.0,45.37],[12.16,45.37],[12.16,45.3],[12.16,45.17],[12.4,45.04],[12.4,44.78],[12.16,44.84],[12.15,44.45],[12.31,44.19],[12.87,43.8],[13.04,43.86],[13.03,43.73],[13.51,43.54],[13.51,43.47],[13.27,43.41],[13.19,43.54],[12.55,43.6],[12.55,43.47],[12.22,43.41],[11.82,43.34],[12.06,42.95],[11.98,42.56],[12.14,42.5],[12.13,42.37],[12.05,42.24],[11.73,42.24],[11.73,42.3],[11.26,42.43],[11.18,42.63],[11.02,42.63],[11.02,42.82],[10.54,43.08],[10.21,43.99],[9.89,43.99],[9.97,44.12],[9.73,44.12],[9.16,44.45],[8.43,44.39],[8.03,43.93],[7.15,43.73],[6.99,43.54],[6.67,43.47],[6.52,43.21],[6.28,43.15],[5.8,43.15],[5.63,43.28],[5.39,43.28],[5.39,43.41],[5.06,43.47],[4.18,43.47],[4.17,43.6],[3.85,43.6],[2.98,43.15],[3.01,42.56],[3.09,42.56],[3.09,42.5],[2.46,42.37],[1.89,42.56],[1.66,42.43],[1.49,42.5],[1.49,42.63],[1.32,42.69],[1.21,43.21],[0.54,43.73],[0.44,44.06],[0.28,44.06],[0.02,44.39],[-0.64,44.52],[-1.06,44.78],[-1.22,44.71],[-1.22,44.78],[-1.19,45.43],[-1.03,45.5],[-1.05,45.69],[-1.21,45.76],[-1.14,45.89],[-1.22,45.89],[-1.25,46.28],[-1.67,46.35],[-2.01,46.61],[-2.02,46.74],[-2.19,46.81],[-2.14,47.14],[-2.23,47.27],[-2.56,47.27],[-2.58,47.47],[-2.83,47.53],[-2.84,47.6],[-2.45,47.86],[-1.8,47.99],[-1.65,48.19],[-1.65,48.26],[-1.67,48.46],[-1.51,48.52],[-1.6,48.65],[-1.61,48.72],[-1.72,49.05],[-1.64,49.05],[-1.65,49.25],[-1.91,49.38],[-2.03,49.78],[-1.36,49.78],[-1.25,49.45],[0.01,49.38],[-0.01,49.65],[0.22,49.85],[1.05,49.98],[1.45,50.25],[1.42,50.71],[1.66,51.05],[2.58,51.18],[3.16,51.45],[3.75,51.45],[3.41,51.51],[3.4,51.65],[3.74,51.65],[3.65,51.78],[3.82,51.78],[3.81,51.92],[3.98,51.92],[3.97,52.05],[4.22,52.18],[4.22,52.32],[4.46,52.52],[4.45,52.72],[4.7,52.99],[4.87,52.99],[4.88,52.79],[5.06,52.65],[5.14,52.79],[5.39,52.86],[5.39,52.99],[5.21,53.12],[5.54,53.39],[6.23,53.53],[6.92,53.46],[6.91,53.6],[7.08,53.73],[7.94,53.73],[8.21,53.6],[8.38,53.66],[8.46,53.94],[8.81,53.87],[8.89,53.87],[9.24,53.87],[9.41,53.66],[10.02,53.53],[10.19,53.39],[10.53,53.46],[10.7,53.33],[10.96,53.33],[11.05,53.33],[11.13,53.33],[11.48,53.26]]]]},"properties":{"id":"territory:Kingdom of the Franks:775","name":"프랑크 왕국","name_en":"Kingdom of the Franks","actor":"게르만","valid_from":775,"valid_to":778,"wikidata":"Q146246","area":979957,"src":"cliopatria","confidence":"medium"}},{"type":"Feature","geometry":{"type":"Point","coordinates":[5.87,47.926]},"properties":{"id":"territory:Kingdom of the Franks:775:label","name":"프랑크 왕국","name_en":"Kingdom of the Franks","actor":"게르만","valid_from":775,"valid_to":778,"wikidata":"Q146246","area":979957,"src":"cliopatria","confidence":"medium"}},{"type":"Feature","geometry":{"type":"MultiPolygon","coordinates":[[[[81.71,46.41],[81.65,46.28],[82.27,46.22],[82.25,46.15],[82.6,46.22],[82.54,46.09],[83.57,45.82],[83.54,45.76],[86.68,45.3],[86.65,45.24],[87.56,45.1],[87.53,45.04],[87.78,45.04],[87.74,44.97],[88.17,44.84],[88.19,44.71],[88.49,44.65],[88.51,44.52],[88.8,44.45],[88.82,44.32],[89.11,44.25],[89.35,44.06],[89.29,43.93],[89.47,43.8],[89.41,43.67],[89.59,43.54],[89.53,43.41],[89.73,43.15],[89.72,42.04],[89.69,41.98],[88.82,42.17],[88.85,42.24],[87.25,42.43],[87.28,42.5],[85.76,42.69],[85.79,42.76],[84.19,42.76],[82.06,42.24],[80.13,42.43],[80.0,42.3],[77.43,41.39],[74.75,41.0],[73.32,41.0],[73.08,40.74],[72.08,40.36],[71.64,39.97],[71.27,39.0],[71.35,39.0],[71.29,38.8],[71.46,38.55],[71.3,38.29],[71.18,38.42],[70.71,38.42],[70.21,38.03],[70.16,37.84],[70.27,37.64],[70.08,37.51],[69.55,37.58],[69.35,37.13],[69.12,37.13],[69.01,37.32],[68.78,37.32],[68.15,37.0],[67.92,37.0],[67.75,37.25],[67.12,37.25],[67.0,37.38],[66.52,37.32],[65.63,37.51],[65.24,37.84],[64.66,38.03],[64.37,38.42],[64.01,38.55],[63.84,38.8],[63.42,39.0],[63.25,39.26],[63.09,39.26],[62.65,39.71],[62.58,40.03],[62.66,40.03],[65.35,40.61],[65.39,40.74],[65.69,40.68],[66.28,40.81],[66.69,41.13],[66.65,41.26],[66.89,41.26],[68.11,42.11],[68.27,42.37],[69.63,43.54],[69.72,43.8],[69.85,43.73],[71.06,44.65],[73.12,45.37],[73.25,45.5],[73.74,45.3],[73.91,45.1],[73.86,44.97],[74.13,45.04],[74.25,45.37],[74.12,45.43],[74.32,45.96],[74.75,46.02],[74.88,46.35],[75.32,46.41],[75.45,46.55],[77.39,46.48],[77.36,46.41],[77.83,46.35],[77.8,46.28],[78.46,46.28],[78.97,46.35],[79.36,46.87],[79.47,46.74],[79.72,46.74],[80.1,46.87],[80.26,46.68],[81.51,46.35],[81.54,46.41],[81.71,46.41]],[[78.04,42.17],[78.58,42.56],[78.66,42.76],[76.53,42.63],[76.51,42.37],[77.0,42.17],[77.32,42.17],[77.29,42.11],[78.04,42.17]]],[[[61.94,43.41],[61.96,43.47],[62.04,43.47],[62.02,43.41],[61.94,43.41]]],[[[62.04,43.47],[62.06,43.54],[62.14,43.54],[62.12,43.47],[62.04,43.47]]],[[[62.06,43.54],[61.88,43.47],[61.84,43.6],[61.92,43.6],[62.0,43.6],[62.06,43.54]]]]},"properties":{"id":"territory:Turks:692","name":"투르크","name_en":"Turks","actor":"기타중립","valid_from":692,"valid_to":718,"wikidata":"Q2118293","area":959272,"src":"cliopatria","confidence":"medium"}},{"type":"Feature","geometry":{"type":"Point","coordinates":[75.633,42.586]},"properties":{"id":"territory:Turks:692:label","name":"투르크","name_en":"Turks","actor":"기타중립","valid_from":692,"valid_to":718,"wikidata":"Q2118293","area":959272,"src":"cliopatria","confidence":"medium"}},{"type":"Feature","geometry":{"type":"MultiPolygon","coordinates":[[[[1.2,41.98],[1.68,41.85],[1.77,41.72],[-1.48,41.46],[-1.83,41.91],[-1.83,41.98],[-1.91,41.98],[-1.93,42.17],[-1.78,42.3],[-1.94,42.3],[-2.19,42.56],[-2.2,42.63],[-2.13,42.76],[-1.73,42.76],[-1.4,42.63],[-1.31,42.56],[-1.39,42.5],[-1.35,41.85],[-1.26,41.78],[-0.23,41.91],[-0.15,41.91],[1.2,41.98]],[[-1.26,41.72],[-1.25,41.52],[-1.01,41.52],[-1.01,41.65],[-1.02,41.72],[-1.26,41.72]]],[[[14.69,42.17],[14.77,42.17],[14.77,42.11],[14.69,42.11],[14.69,42.17]]],[[[9.49,43.02],[9.49,42.76],[9.57,42.76],[9.58,41.98],[9.5,41.98],[9.5,41.78],[9.26,41.39],[9.1,41.33],[8.78,41.52],[8.78,41.72],[8.62,41.72],[8.7,41.91],[8.54,42.11],[8.53,42.5],[8.77,42.69],[9.17,42.76],[9.25,43.02],[9.33,43.02],[9.49,43.02]]],[[[10.46,42.69],[10.21,42.69],[10.13,42.89],[10.21,42.89],[10.46,42.89],[10.46,42.69]]],[[[6.7,51.98],[7.3,51.71],[7.39,51.45],[7.65,51.31],[7.65,51.18],[8.34,50.71],[8.84,51.05],[10.1,51.45],[10.27,51.65],[10.53,51.65],[10.87,51.92],[11.55,51.78],[11.55,51.71],[11.29,51.38],[12.13,51.05],[12.13,50.85],[12.3,50.78],[12.3,50.65],[12.04,50.58],[12.04,50.31],[12.45,49.98],[12.37,49.78],[12.78,49.38],[13.2,49.25],[13.69,48.85],[14.27,48.65],[14.18,48.52],[14.35,48.52],[14.51,48.39],[14.51,48.26],[14.26,48.32],[14.18,48.32],[13.6,48.59],[13.1,48.59],[13.1,48.72],[12.77,48.79],[12.61,48.99],[11.86,49.18],[11.36,48.85],[10.11,48.46],[9.95,47.86],[9.87,47.86],[9.95,47.66],[9.54,47.4],[9.63,46.94],[9.38,46.68],[9.39,46.41],[9.88,46.28],[10.12,46.35],[10.04,46.61],[10.37,46.61],[10.53,46.41],[11.93,46.48],[12.09,46.68],[13.73,46.48],[13.73,46.41],[13.81,46.41],[13.81,46.28],[14.05,46.22],[14.13,45.89],[14.21,45.89],[14.12,45.69],[14.2,45.69],[14.28,45.37],[14.2,45.37],[14.19,45.04],[14.03,45.04],[13.95,45.04],[13.63,45.5],[13.71,45.5],[13.71,45.76],[13.14,45.82],[13.06,45.69],[12.98,45.82],[12.82,45.82],[12.74,45.82],[12.16,45.69],[12.0,45.56],[12.0,45.37],[12.16,45.37],[12.16,45.3],[12.16,45.17],[12.4,45.04],[12.4,44.78],[12.16,44.84],[12.15,44.45],[12.31,44.19],[12.87,43.8],[13.04,43.86],[13.03,43.73],[13.36,43.67],[13.67,43.41],[13.75,43.08],[13.99,42.95],[13.9,42.76],[14.06,42.5],[14.61,42.11],[14.69,42.11],[14.37,41.98],[14.12,41.72],[13.96,41.72],[13.8,41.85],[13.41,41.85],[13.33,41.98],[13.01,42.04],[12.62,42.43],[12.38,42.43],[12.3,43.08],[12.14,43.08],[12.22,43.41],[11.82,43.34],[12.06,42.95],[11.98,42.56],[12.14,42.5],[12.13,42.37],[12.05,42.24],[11.73,42.24],[11.73,42.3],[11.26,42.43],[11.18,42.63],[11.02,42.63],[11.02,42.82],[10.54,43.08],[10.21,43.99],[9.89,43.99],[9.97,44.12],[9.73,44.12],[9.16,44.45],[8.43,44.39],[8.03,43.93],[7.15,43.73],[6.99,43.54],[6.67,43.47],[6.52,43.21],[6.28,43.15],[5.8,43.15],[5.63,43.28],[5.39,43.28],[5.39,43.41],[5.06,43.47],[4.18,43.47],[4.17,43.6],[3.85,43.6],[2.98,43.15],[3.01,42.56],[3.09,42.56],[3.09,42.5],[2.46,42.37],[1.89,42.56],[1.66,42.43],[1.49,42.5],[1.49,42.63],[1.32,42.69],[1.21,43.21],[0.54,43.73],[0.44,44.06],[0.28,44.06],[0.02,44.39],[-0.64,44.52],[-1.06,44.78],[-1.22,44.71],[-1.22,44.78],[-1.19,45.43],[-1.03,45.5],[-1.05,45.69],[-1.21,45.76],[-1.14,45.89],[-1.22,45.89],[-1.25,46.28],[-1.67,46.35],[-2.01,46.61],[-2.02,46.74],[-2.19,46.81],[-2.14,47.14],[-2.23,47.27],[-2.56,47.27],[-2.58,47.47],[-2.83,47.53],[-2.84,47.6],[-2.45,47.86],[-1.8,47.99],[-1.65,48.19],[-1.65,48.26],[-1.67,48.46],[-1.51,48.52],[-1.6,48.65],[-1.61,48.72],[-1.72,49.05],[-1.64,49.05],[-1.65,49.25],[-1.91,49.38],[-2.03,49.78],[-1.36,49.78],[-1.25,49.45],[0.01,49.38],[-0.01,49.65],[0.22,49.85],[1.05,49.98],[1.45,50.25],[1.42,50.71],[1.66,51.05],[2.58,51.18],[3.16,51.45],[3.75,51.45],[3.41,51.51],[3.4,51.65],[3.74,51.65],[3.65,51.78],[3.82,51.78],[3.81,51.92],[3.98,51.92],[3.97,52.05],[4.22,52.18],[4.22,52.32],[4.46,52.52],[4.45,52.72],[4.7,52.99],[4.87,52.99],[4.88,52.79],[5.06,52.65],[5.14,52.79],[5.39,52.86],[5.39,52.99],[5.21,53.12],[5.54,53.39],[6.23,53.53],[6.92,53.46],[6.91,53.6],[7.08,53.73],[7.94,53.73],[8.12,53.6],[8.29,53.66],[8.38,53.66],[8.47,53.39],[8.3,53.26],[7.1,52.99],[7.1,52.86],[6.94,52.72],[6.95,52.25],[6.7,52.05],[6.61,52.05],[6.61,51.98],[6.7,51.98]]]]},"properties":{"id":"territory:Kingdom of the Franks:778","name":"프랑크 왕국","name_en":"Kingdom of the Franks","actor":"게르만","valid_from":778,"valid_to":783,"wikidata":"Q146246","area":944934,"src":"cliopatria","confidence":"medium"}},{"type":"Feature","geometry":{"type":"Point","coordinates":[5.751,47.411]},"properties":{"id":"territory:Kingdom of the Franks:778:label","name":"프랑크 왕국","name_en":"Kingdom of the Franks","actor":"게르만","valid_from":778,"valid_to":783,"wikidata":"Q146246","area":944934,"src":"cliopatria","confidence":"medium"}},{"type":"Feature","geometry":{"type":"MultiPolygon","coordinates":[[[[-5.08,35.39],[-6.0,35.39],[-6.01,35.45],[-5.88,35.77],[-5.57,35.84],[-5.49,35.84],[-5.34,35.84],[-5.24,35.52],[-5.08,35.45],[-5.08,35.39]]],[[[10.46,36.42],[10.54,36.35],[10.46,35.9],[10.85,35.71],[10.85,35.64],[11.08,35.58],[11.08,35.39],[11.01,35.39],[11.08,35.0],[10.85,34.94],[10.85,34.81],[10.54,34.55],[10.16,34.42],[10.0,34.29],[10.08,34.16],[10.08,34.1],[9.77,34.1],[9.7,34.29],[9.77,34.29],[9.85,34.81],[10.23,35.13],[10.31,35.71],[10.08,35.9],[9.22,35.77],[8.92,35.58],[8.84,35.0],[8.07,35.0],[7.99,35.52],[7.91,35.52],[7.9,36.22],[7.66,36.61],[6.34,36.55],[5.88,36.42],[2.7,36.42],[2.47,36.29],[1.93,36.29],[1.16,36.1],[0.92,36.1],[0.76,36.42],[0.83,36.42],[0.91,36.35],[1.22,36.55],[1.53,36.48],[2.38,36.67],[2.69,36.61],[2.84,36.74],[3.23,36.74],[3.46,36.87],[3.85,36.8],[4.24,36.93],[4.86,36.87],[5.1,36.67],[5.56,36.67],[5.64,36.8],[6.11,36.8],[6.1,36.93],[6.33,37.06],[6.8,36.87],[7.19,36.87],[7.35,37.06],[7.5,37.06],[7.74,36.87],[8.52,36.87],[8.9,37.13],[9.06,37.06],[9.37,37.25],[9.76,37.32],[9.99,37.19],[10.23,37.25],[10.23,37.06],[10.31,37.06],[10.23,36.8],[10.46,36.74],[11.01,37.0],[11.01,36.8],[10.46,36.42]],[[10.15,37.06],[10.15,37.0],[10.23,37.0],[10.23,37.06],[10.15,37.06]],[[8.9,37.0],[8.83,37.0],[8.83,36.93],[8.9,36.93],[8.9,37.0]]],[[[14.42,36.03],[14.57,35.97],[14.57,35.77],[14.34,35.84],[14.34,36.03],[14.42,36.03]]],[[[16.49,38.42],[15.93,37.96],[15.7,37.96],[15.62,38.16],[15.39,38.16],[15.07,37.64],[15.06,37.25],[15.21,37.19],[15.05,36.74],[14.66,36.74],[14.28,37.13],[13.58,37.25],[13.19,37.58],[12.49,37.71],[12.49,37.9],[12.65,38.09],[13.04,38.03],[13.12,38.16],[13.35,38.16],[13.67,37.96],[14.06,37.96],[15.86,38.29],[15.95,38.67],[16.27,38.74],[16.27,38.93],[16.12,39.06],[16.05,39.45],[15.9,39.64],[15.9,39.71],[16.45,39.71],[16.45,39.64],[16.84,39.51],[16.92,39.51],[17.07,39.38],[17.14,39.06],[16.5,38.8],[16.49,38.42]]],[[[1.18,39.06],[1.26,39.13],[1.34,39.13],[1.65,39.13],[1.66,39.0],[1.43,38.8],[1.27,38.8],[1.18,39.06]]],[[[2.82,39.32],[2.66,39.51],[2.35,39.45],[2.34,39.64],[2.88,39.97],[2.96,39.97],[3.19,39.97],[3.2,39.84],[3.52,39.77],[3.3,39.32],[2.82,39.32]]],[[[3.74,40.1],[3.82,40.1],[4.22,40.1],[4.3,39.84],[3.83,39.9],[3.74,40.1]]],[[[9.75,39.64],[9.67,39.64],[9.59,39.13],[9.12,39.19],[8.97,38.87],[8.73,38.87],[8.34,39.0],[8.41,39.26],[8.33,39.26],[8.33,39.51],[8.41,39.51],[8.48,39.9],[8.32,39.97],[8.4,40.29],[8.32,40.29],[8.32,40.48],[8.16,40.55],[8.15,40.94],[8.55,40.87],[9.02,41.26],[9.1,41.26],[9.5,41.2],[9.82,40.74],[9.82,40.36],[9.67,40.29],[9.75,39.64]]],[[[14.58,40.81],[14.74,40.81],[14.73,40.68],[14.66,40.68],[14.58,40.68],[14.5,40.68],[14.42,40.68],[14.42,40.74],[14.42,40.87],[14.03,40.94],[14.03,41.0],[14.5,41.0],[14.58,40.81]]],[[[9.58,41.98],[9.5,41.98],[9.5,41.78],[9.26,41.39],[9.1,41.33],[8.78,41.52],[8.78,41.72],[8.62,41.72],[8.7,41.91],[8.54,42.11],[8.53,42.5],[8.77,42.69],[9.17,42.76],[9.25,43.02],[9.33,43.02],[9.49,43.02],[9.49,42.76],[9.57,42.76],[9.58,41.98]]],[[[11.57,42.3],[11.49,42.3],[11.49,42.37],[11.57,42.37],[11.57,42.3]]],[[[13.67,43.41],[13.67,43.34],[13.43,43.28],[13.11,43.6],[12.71,43.6],[12.55,43.47],[12.38,42.95],[12.46,42.95],[12.61,42.37],[13.01,42.04],[13.33,41.98],[13.41,41.85],[13.8,41.85],[13.96,41.72],[14.04,41.52],[13.79,41.2],[13.71,41.2],[13.4,41.33],[13.0,41.33],[12.92,41.46],[12.6,41.52],[12.13,41.91],[12.13,42.04],[11.73,42.17],[11.65,42.37],[11.57,42.37],[11.98,42.82],[11.58,43.15],[11.66,43.6],[11.26,43.8],[11.26,44.25],[11.02,44.58],[11.02,44.84],[11.27,45.04],[11.27,45.17],[11.83,45.04],[12.0,45.24],[12.0,45.56],[12.16,45.69],[12.98,45.82],[13.06,45.69],[13.06,45.63],[12.82,45.69],[12.65,45.56],[12.16,45.5],[12.16,45.17],[12.4,45.04],[12.4,44.78],[12.16,44.84],[12.15,44.45],[12.39,44.12],[12.47,44.12],[12.87,43.8],[13.04,43.86],[13.03,43.73],[13.36,43.67],[13.67,43.41]]],[[[16.01,43.6],[15.93,43.67],[16.66,43.67],[16.65,43.54],[16.57,43.54],[16.25,43.6],[16.17,43.47],[15.93,43.47],[16.01,43.6]]],[[[15.3,44.12],[15.22,44.25],[15.14,44.25],[14.99,44.58],[15.15,44.58],[15.15,44.45],[15.47,44.32],[15.3,44.12]]],[[[13.71,45.24],[13.54,45.3],[13.55,45.5],[13.71,45.5],[13.71,45.76],[14.12,45.82],[14.2,45.5],[14.28,45.5],[14.19,45.24],[14.19,45.17],[14.19,45.04],[13.95,45.04],[13.94,44.91],[13.78,44.91],[13.71,45.24]]],[[[14.21,45.82],[14.12,45.82],[14.13,45.89],[14.21,45.89],[14.21,45.82]]],[[[22.96,36.42],[23.12,36.35],[23.11,36.16],[22.87,36.16],[22.89,36.42],[22.96,36.42]]],[[[24.36,37.71],[24.43,37.58],[24.27,37.51],[24.2,37.64],[24.28,37.71],[24.36,37.71]]],[[[20.62,37.9],[20.7,37.9],[20.93,37.9],[20.92,37.64],[20.61,37.71],[20.62,37.9]]],[[[20.49,38.42],[20.57,38.42],[20.8,38.29],[20.79,38.09],[20.32,38.16],[20.33,38.35],[20.49,38.42]]],[[[23.56,38.74],[23.48,38.74],[23.49,38.8],[23.57,38.8],[23.56,38.74]]],[[[24.36,39.0],[24.44,39.0],[24.67,38.93],[24.66,38.74],[24.36,38.87],[24.36,39.0]]],[[[20.15,39.58],[20.07,39.58],[20.07,39.64],[20.15,39.64],[20.15,39.58]]],[[[21.74,39.9],[21.75,39.97],[21.83,39.97],[21.82,39.9],[21.74,39.9]]],[[[17.81,40.36],[17.42,40.36],[17.35,40.55],[17.83,40.68],[18.21,40.42],[18.21,40.36],[18.44,40.16],[18.35,39.9],[18.11,39.9],[17.81,40.36]]],[[[24.57,40.81],[24.81,40.81],[24.79,40.61],[24.55,40.55],[24.49,40.81],[24.57,40.81]]],[[[19.92,41.33],[19.92,41.39],[20.0,41.39],[20.0,41.33],[19.92,41.33]]],[[[19.93,41.65],[19.85,41.65],[19.86,41.72],[19.94,41.72],[19.93,41.65]]],[[[18.07,42.89],[18.07,42.82],[18.23,42.76],[18.07,42.69],[17.99,42.82],[17.83,42.82],[18.07,42.89]]],[[[17.51,42.89],[17.59,42.89],[17.59,42.82],[17.59,42.76],[17.51,42.76],[17.51,42.82],[17.51,42.89]]],[[[16.72,43.21],[16.8,43.21],[17.12,43.21],[17.12,43.08],[16.72,43.08],[16.72,43.21]]],[[[16.73,43.47],[16.81,43.47],[16.81,43.41],[16.81,43.34],[16.73,43.34],[16.73,43.41],[16.73,43.47]]],[[[24.3,35.32],[25.69,35.32],[25.68,35.13],[26.23,35.19],[26.14,35.07],[24.82,35.0],[24.76,35.19],[24.53,35.19],[24.45,35.19],[23.68,35.26],[23.62,35.52],[24.16,35.52],[24.15,35.39],[24.3,35.32]]],[[[27.69,36.29],[28.02,36.48],[28.09,36.48],[28.25,36.48],[28.14,36.03],[27.74,35.9],[27.69,36.29]]],[[[27.19,36.8],[26.87,36.67],[27.04,36.93],[27.12,36.93],[27.19,36.8]]],[[[25.42,37.13],[25.57,37.13],[25.56,37.0],[25.33,37.0],[25.34,37.13],[25.42,37.13]]],[[[24.99,37.71],[25.06,37.71],[25.22,37.71],[25.29,37.51],[25.05,37.51],[24.99,37.71]]],[[[26.16,37.71],[26.31,37.71],[26.3,37.58],[25.99,37.51],[26.08,37.71],[26.16,37.71]]],[[[24.77,38.03],[25.07,37.77],[24.83,37.71],[24.68,37.84],[24.69,38.03],[24.77,38.03]]],[[[25.9,38.48],[25.82,38.48],[25.91,38.67],[25.99,38.67],[26.22,38.55],[26.11,38.16],[25.88,38.16],[25.9,38.48]]],[[[26.1,39.13],[25.79,39.19],[26.04,39.38],[26.12,39.38],[26.51,39.32],[26.64,39.0],[26.25,38.93],[26.09,39.0],[26.1,39.13]]],[[[32.03,41.52],[32.04,41.65],[32.19,41.59],[32.69,41.78],[32.63,41.91],[32.86,41.85],[33.28,41.98],[34.78,41.91],[34.88,42.04],[35.12,42.04],[35.16,41.72],[35.95,41.72],[36.21,41.26],[36.77,41.33],[37.07,41.13],[37.23,41.2],[37.21,41.07],[37.77,41.07],[37.83,40.94],[38.16,41.0],[38.3,40.87],[38.78,40.94],[39.05,41.13],[39.74,40.94],[40.37,40.94],[40.39,41.07],[40.54,41.0],[41.05,41.2],[41.16,41.39],[41.31,41.33],[41.41,41.46],[41.57,41.46],[41.68,41.65],[41.69,41.72],[41.84,41.65],[41.81,41.46],[41.53,41.26],[41.36,40.68],[41.7,40.36],[41.67,40.16],[41.48,39.97],[41.33,39.97],[41.26,39.51],[40.98,39.26],[40.9,38.16],[40.04,38.16],[38.52,37.9],[37.94,37.64],[37.79,37.71],[37.22,37.51],[36.14,36.93],[36.07,36.93],[35.83,36.93],[35.49,36.61],[35.11,36.74],[34.95,36.67],[34.89,36.87],[34.58,36.87],[34.25,36.67],[33.98,36.29],[33.27,36.22],[32.71,36.03],[32.56,36.03],[32.5,36.22],[32.07,36.61],[31.09,36.93],[30.62,36.93],[30.49,36.35],[30.03,36.35],[29.94,36.22],[29.24,36.22],[29.12,36.74],[28.74,36.74],[28.59,36.87],[28.36,36.87],[28.19,36.67],[28.03,36.67],[28.14,37.06],[28.07,37.13],[27.6,37.13],[27.54,37.38],[27.22,37.32],[27.31,37.45],[27.16,37.58],[27.26,37.77],[27.18,37.77],[27.28,38.03],[26.89,38.09],[26.82,38.22],[26.43,38.22],[26.38,38.67],[26.54,38.61],[26.59,38.35],[27.06,38.35],[27.08,38.55],[26.85,38.61],[26.96,39.0],[26.88,39.0],[26.89,39.19],[26.74,39.26],[26.85,39.58],[26.13,39.51],[26.27,40.29],[26.6,40.48],[26.68,40.48],[26.67,40.36],[27.47,40.42],[27.54,40.29],[27.7,40.29],[27.79,40.48],[27.95,40.48],[27.94,40.36],[29.05,40.36],[28.9,40.48],[28.91,40.61],[29.39,40.68],[29.49,40.87],[29.25,40.81],[29.1,40.94],[29.12,41.07],[27.53,41.07],[27.02,40.68],[26.92,40.48],[26.77,40.55],[26.93,40.61],[26.85,40.61],[26.77,40.61],[26.78,40.68],[26.7,40.68],[26.62,40.68],[26.55,40.74],[26.14,40.61],[26.08,40.87],[25.85,40.94],[24.35,41.0],[24.01,40.74],[23.7,40.81],[23.68,40.61],[23.84,40.55],[23.74,40.23],[22.96,40.42],[22.89,40.61],[22.57,40.55],[22.54,40.1],[22.7,40.1],[22.61,39.9],[23.14,39.45],[22.82,39.38],[22.8,39.06],[22.96,39.13],[23.49,38.87],[23.33,38.8],[23.03,38.93],[22.94,38.74],[23.17,38.67],[23.31,38.48],[23.63,38.48],[23.56,38.74],[24.03,38.67],[24.18,38.55],[24.16,38.22],[24.0,38.22],[23.98,37.84],[23.44,38.03],[23.21,38.03],[23.2,37.9],[23.04,37.9],[23.11,37.64],[23.34,37.64],[23.4,37.32],[23.17,37.32],[23.18,37.45],[22.95,37.58],[22.71,37.58],[22.7,37.32],[22.85,37.25],[23.06,36.67],[22.83,36.87],[22.6,36.87],[22.51,36.67],[22.36,36.67],[22.22,37.06],[21.91,37.06],[21.9,36.87],[21.74,36.87],[21.68,37.19],[21.6,37.19],[21.7,37.51],[21.24,37.84],[21.42,38.16],[21.73,38.16],[21.74,38.35],[21.19,38.42],[20.97,38.74],[20.74,38.8],[20.91,39.06],[20.3,39.38],[20.15,39.71],[19.92,39.71],[19.91,39.58],[19.76,39.64],[19.76,39.77],[20.0,39.77],[20.01,39.97],[19.63,40.29],[19.47,40.29],[19.49,40.61],[19.25,40.61],[19.25,40.74],[19.5,40.87],[19.42,40.94],[19.53,41.52],[19.46,41.65],[19.78,41.72],[19.92,41.46],[19.84,41.33],[19.99,41.26],[19.89,40.74],[20.04,40.55],[20.27,40.48],[20.18,40.29],[20.33,40.1],[20.49,40.1],[20.4,39.97],[20.79,39.77],[21.66,39.77],[22.06,39.97],[22.01,40.36],[22.1,40.55],[23.4,41.07],[23.73,41.33],[23.66,41.46],[23.75,41.52],[24.63,41.65],[24.65,41.85],[24.8,41.78],[24.97,41.91],[25.21,41.91],[25.14,42.04],[25.23,42.11],[25.46,42.04],[25.88,42.3],[26.12,42.3],[26.21,42.43],[27.01,42.43],[27.18,42.5],[27.29,42.76],[27.29,42.82],[27.7,42.89],[27.77,42.76],[27.69,42.76],[27.67,42.63],[27.51,42.63],[27.49,42.43],[27.94,42.04],[27.98,41.65],[28.22,41.65],[28.35,41.39],[28.97,41.2],[28.96,41.13],[30.48,41.2],[30.62,41.07],[31.18,41.07],[31.53,41.39],[32.03,41.52]],[[31.59,37.38],[31.6,37.45],[31.52,37.45],[31.52,37.38],[31.59,37.38]],[[22.98,38.16],[22.98,38.09],[23.06,38.09],[23.06,38.16],[22.98,38.16]],[[22.75,38.16],[22.84,38.35],[22.51,38.22],[22.6,38.42],[22.29,38.42],[22.44,38.29],[22.44,38.22],[22.59,38.16],[22.66,37.96],[22.97,37.96],[22.91,38.22],[22.75,38.16]],[[22.98,38.22],[22.99,38.29],[22.91,38.29],[22.91,38.22],[22.98,38.22]],[[22.43,38.09],[22.43,38.16],[22.35,38.16],[22.35,38.09],[22.43,38.09]],[[22.28,38.16],[22.28,38.22],[22.2,38.22],[22.2,38.16],[22.28,38.16]],[[22.36,38.22],[22.36,38.29],[22.28,38.29],[22.28,38.22],[22.36,38.22]],[[20.99,39.06],[21.06,38.93],[21.15,39.06],[21.07,39.06],[20.99,39.06]]],[[[25.07,40.03],[25.15,40.03],[25.46,40.03],[25.45,39.84],[24.97,39.84],[25.07,40.03]]],[[[25.8,40.29],[26.04,40.29],[26.02,40.16],[25.7,40.1],[25.72,40.29],[25.8,40.29]]],[[[27.71,43.02],[27.72,43.08],[27.74,43.28],[27.99,43.34],[27.98,43.28],[27.71,43.02]]],[[[33.76,45.04],[33.84,45.04],[33.93,45.04],[34.01,45.04],[34.09,45.04],[34.08,44.97],[34.73,44.97],[34.79,44.84],[34.71,44.84],[33.76,44.45],[33.68,44.45],[33.6,44.45],[33.52,44.45],[33.47,44.65],[33.55,44.65],[33.6,45.04],[33.68,45.04],[33.76,45.04]]]]},"properties":{"id":"territory:Byzantine Empire:692","name":"비잔티움 제국","name_en":"Byzantine Empire","actor":"로마","valid_from":692,"valid_to":705,"wikidata":"Q112039853","area":943368,"src":"cliopatria","confidence":"medium"}},{"type":"Feature","geometry":{"type":"Point","coordinates":[31.826,39.316]},"properties":{"id":"territory:Byzantine Empire:692:label","name":"비잔티움 제국","name_en":"Byzantine Empire","actor":"로마","valid_from":692,"valid_to":705,"wikidata":"Q112039853","area":943368,"src":"cliopatria","confidence":"medium"}},{"type":"Feature","geometry":{"type":"MultiPolygon","coordinates":[[[[14.69,42.17],[14.77,42.17],[14.77,42.11],[14.69,42.11],[14.69,42.17]]],[[[9.49,43.02],[9.49,42.76],[9.57,42.76],[9.58,41.98],[9.5,41.98],[9.5,41.78],[9.26,41.39],[9.1,41.33],[8.78,41.52],[8.78,41.72],[8.62,41.72],[8.7,41.91],[8.54,42.11],[8.53,42.5],[8.77,42.69],[9.17,42.76],[9.25,43.02],[9.33,43.02],[9.49,43.02]]],[[[10.46,42.89],[10.46,42.69],[10.21,42.69],[10.13,42.89],[10.21,42.89],[10.46,42.89]]],[[[11.29,51.38],[12.13,51.05],[12.13,50.85],[12.3,50.78],[12.3,50.65],[12.04,50.58],[12.04,50.31],[12.45,49.98],[12.37,49.78],[12.78,49.38],[13.2,49.25],[13.69,48.85],[14.27,48.65],[14.18,48.52],[14.35,48.52],[14.51,48.39],[14.51,48.26],[14.26,48.32],[14.18,48.32],[13.6,48.59],[13.1,48.59],[13.1,48.72],[12.77,48.79],[12.61,48.99],[11.86,49.18],[11.36,48.85],[10.11,48.46],[9.95,47.86],[9.87,47.86],[9.95,47.66],[9.54,47.4],[9.63,46.94],[9.38,46.68],[9.39,46.41],[9.88,46.28],[10.12,46.35],[10.04,46.61],[10.37,46.61],[10.53,46.41],[11.93,46.48],[12.09,46.68],[13.73,46.48],[13.73,46.41],[13.81,46.41],[13.81,46.28],[14.05,46.22],[14.13,45.89],[14.21,45.89],[14.12,45.69],[14.2,45.69],[14.28,45.37],[14.2,45.37],[14.19,45.04],[14.03,45.04],[13.95,45.04],[13.63,45.5],[13.71,45.5],[13.71,45.76],[13.14,45.82],[13.06,45.69],[12.98,45.82],[12.82,45.82],[12.74,45.82],[12.16,45.69],[12.0,45.56],[12.0,45.37],[12.16,45.37],[12.16,45.3],[12.16,45.17],[12.4,45.04],[12.4,44.78],[12.16,44.84],[12.15,44.45],[12.31,44.19],[12.87,43.8],[13.04,43.86],[13.03,43.73],[13.36,43.67],[13.67,43.41],[13.75,43.08],[13.99,42.95],[13.9,42.76],[14.06,42.5],[14.61,42.11],[14.69,42.11],[14.37,41.98],[14.12,41.72],[13.96,41.72],[13.8,41.85],[13.41,41.85],[13.33,41.98],[13.01,42.04],[12.62,42.43],[12.38,42.43],[12.3,43.08],[12.14,43.08],[12.22,43.41],[11.82,43.34],[11.82,43.21],[11.98,43.15],[12.06,42.76],[11.82,42.76],[11.42,43.02],[11.26,42.95],[11.1,43.15],[10.54,43.15],[10.54,43.21],[10.13,44.06],[9.89,43.99],[9.97,44.12],[9.73,44.12],[9.16,44.45],[8.59,44.45],[8.19,44.19],[8.03,43.93],[7.15,43.73],[6.99,43.54],[6.67,43.47],[6.52,43.21],[6.28,43.15],[5.8,43.15],[5.63,43.28],[5.39,43.28],[5.39,43.41],[5.06,43.47],[4.18,43.47],[4.17,43.6],[3.85,43.6],[2.98,43.15],[3.01,42.56],[3.09,42.56],[3.09,42.5],[2.46,42.37],[1.89,42.56],[1.66,42.43],[1.49,42.5],[1.4,42.69],[1.07,42.82],[0.04,42.69],[-0.21,42.82],[-0.53,42.82],[-1.03,43.08],[-1.43,43.08],[-1.44,43.28],[-1.69,43.34],[-1.69,43.41],[-1.46,43.54],[-1.4,43.86],[-1.32,43.86],[-1.35,44.25],[-1.27,44.25],[-1.29,44.52],[-1.21,44.52],[-1.25,45.17],[-1.17,45.17],[-1.19,45.43],[-1.03,45.5],[-1.05,45.69],[-1.21,45.76],[-1.14,45.89],[-1.22,45.89],[-1.25,46.28],[-1.67,46.35],[-2.01,46.61],[-2.02,46.74],[-2.19,46.81],[-2.14,47.14],[-2.23,47.27],[-2.56,47.27],[-2.58,47.47],[-2.83,47.53],[-2.84,47.6],[-2.45,47.86],[-1.8,47.99],[-1.65,48.19],[-1.65,48.26],[-1.67,48.46],[-1.51,48.52],[-1.6,48.65],[-1.61,48.72],[-1.72,49.05],[-1.64,49.05],[-1.65,49.25],[-1.91,49.38],[-2.03,49.78],[-1.36,49.78],[-1.25,49.45],[0.01,49.38],[-0.01,49.65],[0.22,49.85],[1.05,49.98],[1.45,50.25],[1.42,50.71],[1.66,51.05],[2.58,51.18],[3.16,51.45],[3.75,51.45],[3.41,51.51],[3.4,51.65],[3.74,51.65],[3.65,51.78],[3.82,51.78],[3.81,51.92],[3.98,51.92],[3.97,52.05],[4.22,52.18],[4.22,52.32],[4.46,52.52],[4.53,52.86],[4.87,52.99],[4.88,52.79],[5.06,52.65],[5.14,52.79],[5.39,52.86],[5.39,52.92],[5.56,52.92],[5.65,52.65],[6.34,52.79],[6.33,53.06],[6.5,53.12],[7.02,52.92],[6.95,52.25],[6.7,52.05],[6.61,52.05],[6.61,51.98],[6.7,51.98],[7.3,51.71],[7.39,51.45],[7.65,51.31],[7.65,51.18],[8.34,50.71],[8.84,51.05],[10.1,51.45],[10.27,51.65],[10.53,51.65],[10.87,51.92],[11.55,51.78],[11.55,51.71],[11.29,51.38]]]]},"properties":{"id":"territory:Kingdom of the Franks:783","name":"프랑크 왕국","name_en":"Kingdom of the Franks","actor":"게르만","valid_from":783,"valid_to":788,"wikidata":"Q146246","area":942405,"src":"cliopatria","confidence":"medium"}},{"type":"Feature","geometry":{"type":"Point","coordinates":[5.506,47.222]},"properties":{"id":"territory:Kingdom of the Franks:783:label","name":"프랑크 왕국","name_en":"Kingdom of the Franks","actor":"게르만","valid_from":783,"valid_to":788,"wikidata":"Q146246","area":942405,"src":"cliopatria","confidence":"medium"}},{"type":"Feature","geometry":{"type":"MultiPolygon","coordinates":[[[[-5.08,35.39],[-6.0,35.39],[-6.01,35.45],[-5.88,35.77],[-5.57,35.84],[-5.49,35.84],[-5.34,35.84],[-5.24,35.52],[-5.08,35.45],[-5.08,35.39]]],[[[14.34,36.03],[14.42,36.03],[14.57,35.97],[14.57,35.77],[14.34,35.84],[14.34,36.03]]],[[[16.49,38.42],[15.93,37.96],[15.7,37.96],[15.62,38.16],[15.39,38.16],[15.07,37.64],[15.06,37.25],[15.21,37.19],[15.05,36.74],[14.66,36.74],[14.28,37.13],[13.58,37.25],[13.19,37.58],[12.49,37.71],[12.49,37.9],[12.65,38.09],[13.04,38.03],[13.12,38.16],[13.35,38.16],[13.67,37.96],[14.06,37.96],[15.86,38.29],[15.95,38.67],[16.27,38.74],[16.27,38.93],[16.12,39.06],[16.05,39.45],[15.9,39.64],[15.9,39.71],[16.45,39.71],[16.45,39.64],[16.84,39.51],[16.92,39.51],[17.07,39.38],[17.14,39.06],[16.5,38.8],[16.49,38.42]]],[[[1.18,39.06],[1.26,39.13],[1.34,39.13],[1.65,39.13],[1.66,39.0],[1.43,38.8],[1.27,38.8],[1.18,39.06]]],[[[2.82,39.32],[2.66,39.51],[2.35,39.45],[2.34,39.64],[2.88,39.97],[2.96,39.97],[3.19,39.97],[3.2,39.84],[3.52,39.77],[3.3,39.32],[2.82,39.32]]],[[[3.74,40.1],[3.82,40.1],[4.22,40.1],[4.3,39.84],[3.83,39.9],[3.74,40.1]]],[[[9.75,39.64],[9.67,39.64],[9.59,39.13],[9.12,39.19],[8.97,38.87],[8.73,38.87],[8.34,39.0],[8.41,39.26],[8.33,39.26],[8.33,39.51],[8.41,39.51],[8.48,39.9],[8.32,39.97],[8.4,40.29],[8.32,40.29],[8.32,40.48],[8.16,40.55],[8.15,40.94],[8.55,40.87],[9.02,41.26],[9.1,41.26],[9.5,41.2],[9.82,40.74],[9.82,40.36],[9.67,40.29],[9.75,39.64]]],[[[14.58,40.81],[14.74,40.81],[14.73,40.68],[14.66,40.68],[14.58,40.68],[14.5,40.68],[14.42,40.68],[14.42,40.74],[14.42,40.87],[14.03,40.94],[14.03,41.0],[14.5,41.0],[14.58,40.81]]],[[[9.58,41.98],[9.5,41.98],[9.5,41.78],[9.26,41.39],[9.1,41.33],[8.78,41.52],[8.78,41.72],[8.62,41.72],[8.7,41.91],[8.54,42.11],[8.53,42.5],[8.77,42.69],[9.17,42.76],[9.25,43.02],[9.33,43.02],[9.49,43.02],[9.49,42.76],[9.57,42.76],[9.58,41.98]]],[[[11.57,42.3],[11.49,42.3],[11.49,42.37],[11.57,42.37],[11.57,42.3]]],[[[12.38,42.95],[12.46,42.95],[12.61,42.37],[13.01,42.04],[13.33,41.98],[13.41,41.85],[13.8,41.85],[13.96,41.72],[14.04,41.52],[13.79,41.2],[13.71,41.2],[13.4,41.33],[13.0,41.33],[12.92,41.46],[12.6,41.52],[12.13,41.91],[12.13,42.04],[11.73,42.17],[11.65,42.37],[11.57,42.37],[11.98,42.82],[11.58,43.15],[11.66,43.6],[11.26,43.8],[11.26,44.25],[11.02,44.58],[11.02,44.84],[11.27,45.04],[11.27,45.17],[11.83,45.04],[12.0,45.37],[12.08,45.37],[12.16,45.37],[12.16,45.17],[12.4,45.04],[12.4,44.78],[12.16,44.84],[12.15,44.45],[12.31,44.19],[12.87,43.8],[13.04,43.86],[13.03,43.73],[13.36,43.67],[13.67,43.41],[13.59,43.34],[13.59,43.28],[13.43,43.28],[13.11,43.6],[12.71,43.6],[12.55,43.47],[12.38,42.95]]],[[[16.73,43.41],[16.73,43.47],[16.81,43.47],[16.81,43.41],[16.81,43.34],[16.73,43.34],[16.73,43.41]]],[[[15.93,43.67],[16.66,43.67],[16.65,43.54],[16.57,43.54],[16.25,43.6],[16.17,43.47],[15.93,43.47],[16.01,43.6],[15.93,43.67]]],[[[15.3,44.12],[15.22,44.25],[15.14,44.25],[14.99,44.58],[15.15,44.58],[15.15,44.45],[15.47,44.32],[15.3,44.12]]],[[[14.19,45.04],[14.03,45.04],[13.95,45.04],[13.63,45.5],[13.71,45.5],[13.71,45.56],[13.71,45.63],[13.71,45.69],[13.71,45.76],[13.8,45.76],[13.88,45.76],[13.88,45.82],[14.12,45.82],[14.2,45.5],[14.28,45.5],[14.19,45.04]]],[[[14.12,45.82],[14.13,45.89],[14.21,45.89],[14.21,45.82],[14.12,45.82]]],[[[22.96,36.42],[23.12,36.35],[23.11,36.16],[22.87,36.16],[22.89,36.42],[22.96,36.42]]],[[[24.28,37.71],[24.36,37.71],[24.43,37.58],[24.27,37.51],[24.2,37.64],[24.28,37.71]]],[[[20.7,37.9],[20.93,37.9],[20.92,37.64],[20.61,37.71],[20.62,37.9],[20.7,37.9]]],[[[24.77,38.03],[25.07,37.77],[24.83,37.71],[24.68,37.84],[24.69,38.03],[24.77,38.03]]],[[[20.33,38.35],[20.49,38.42],[20.57,38.42],[20.8,38.29],[20.79,38.09],[20.32,38.16],[20.33,38.35]]],[[[23.56,38.74],[23.48,38.74],[23.49,38.8],[23.57,38.8],[23.56,38.74]]],[[[24.44,39.0],[24.67,38.93],[24.66,38.74],[24.36,38.87],[24.36,39.0],[24.44,39.0]]],[[[20.15,39.64],[20.15,39.58],[20.07,39.58],[20.07,39.64],[20.15,39.64]]],[[[21.74,39.9],[21.75,39.97],[21.83,39.97],[21.82,39.9],[21.74,39.9]]],[[[17.42,40.36],[17.35,40.55],[17.83,40.68],[18.21,40.42],[18.21,40.36],[18.44,40.16],[18.35,39.9],[18.11,39.9],[17.81,40.36],[17.42,40.36]]],[[[24.49,40.81],[24.57,40.81],[24.81,40.81],[24.79,40.61],[24.55,40.55],[24.49,40.81]]],[[[19.92,41.33],[19.92,41.39],[20.0,41.39],[20.0,41.33],[19.92,41.33]]],[[[19.85,41.65],[19.86,41.72],[19.94,41.72],[19.93,41.65],[19.85,41.65]]],[[[17.83,42.82],[18.07,42.89],[18.07,42.82],[18.23,42.76],[18.07,42.69],[17.99,42.82],[17.83,42.82]]],[[[17.51,42.89],[17.59,42.89],[17.59,42.82],[17.59,42.76],[17.51,42.76],[17.51,42.82],[17.51,42.89]]],[[[16.8,43.21],[17.12,43.21],[17.12,43.08],[16.72,43.08],[16.72,43.21],[16.8,43.21]]],[[[24.15,35.39],[24.3,35.32],[25.69,35.32],[25.68,35.13],[26.23,35.19],[26.14,35.07],[24.82,35.0],[24.76,35.19],[24.53,35.19],[24.45,35.19],[23.68,35.26],[23.62,35.52],[24.16,35.52],[24.15,35.39]]],[[[28.02,36.48],[28.09,36.48],[28.25,36.48],[28.14,36.03],[27.74,35.9],[27.69,36.29],[28.02,36.48]]],[[[27.19,36.8],[26.87,36.67],[27.04,36.93],[27.12,36.93],[27.19,36.8]]],[[[25.34,37.13],[25.42,37.13],[25.57,37.13],[25.56,37.0],[25.33,37.0],[25.34,37.13]]],[[[25.06,37.71],[25.22,37.71],[25.29,37.51],[25.05,37.51],[24.99,37.71],[25.06,37.71]]],[[[26.16,37.71],[26.31,37.71],[26.3,37.58],[25.99,37.51],[26.08,37.71],[26.16,37.71]]],[[[25.9,38.48],[25.82,38.48],[25.91,38.67],[25.99,38.67],[26.22,38.55],[26.11,38.16],[25.88,38.16],[25.9,38.48]]],[[[26.1,39.13],[25.79,39.19],[26.04,39.38],[26.12,39.38],[26.51,39.32],[26.64,39.0],[26.25,38.93],[26.09,39.0],[26.1,39.13]]],[[[32.03,41.52],[32.04,41.65],[32.19,41.59],[32.69,41.78],[32.63,41.91],[32.86,41.85],[33.28,41.98],[34.78,41.91],[34.88,42.04],[35.12,42.04],[35.16,41.72],[35.95,41.72],[36.21,41.26],[36.77,41.33],[37.07,41.13],[37.23,41.2],[37.21,41.07],[37.77,41.07],[37.83,40.94],[38.16,41.0],[38.3,40.87],[38.78,40.94],[39.05,41.13],[39.74,40.94],[40.37,40.94],[40.39,41.07],[40.54,41.0],[41.05,41.2],[41.16,41.39],[41.31,41.33],[41.41,41.46],[41.57,41.46],[41.68,41.65],[41.69,41.72],[41.84,41.65],[41.81,41.46],[41.53,41.26],[41.33,40.48],[40.96,40.16],[40.81,39.71],[40.56,39.58],[40.5,39.19],[40.32,39.0],[40.27,38.67],[40.07,38.35],[39.91,38.35],[39.73,38.16],[39.42,38.22],[39.33,38.09],[39.02,38.09],[37.94,37.64],[37.79,37.71],[37.62,37.58],[37.39,37.58],[36.56,37.13],[35.62,37.13],[35.41,36.61],[35.33,36.61],[35.11,36.74],[34.95,36.67],[34.89,36.87],[34.58,36.87],[34.25,36.67],[33.98,36.29],[32.56,36.03],[32.5,36.22],[32.07,36.61],[31.09,36.93],[30.62,36.93],[30.49,36.35],[30.03,36.35],[29.94,36.22],[29.24,36.22],[29.12,36.74],[28.74,36.74],[28.59,36.87],[28.36,36.87],[28.19,36.67],[28.03,36.67],[28.14,37.06],[28.07,37.13],[27.6,37.13],[27.54,37.38],[27.22,37.32],[27.31,37.45],[27.16,37.58],[27.26,37.77],[27.18,37.77],[27.28,38.03],[26.89,38.09],[26.82,38.22],[26.43,38.22],[26.38,38.67],[26.54,38.61],[26.59,38.35],[27.06,38.35],[27.08,38.55],[26.85,38.61],[26.96,39.0],[26.88,39.0],[26.89,39.19],[26.74,39.26],[26.85,39.58],[26.13,39.51],[26.27,40.29],[26.6,40.48],[26.68,40.48],[26.67,40.36],[27.47,40.42],[27.54,40.29],[27.7,40.29],[27.79,40.48],[27.95,40.48],[27.94,40.36],[29.05,40.36],[28.9,40.48],[28.91,40.61],[29.39,40.68],[29.49,40.87],[29.25,40.81],[29.1,40.94],[29.12,41.07],[27.53,41.07],[27.02,40.68],[26.92,40.48],[26.77,40.55],[26.93,40.61],[26.85,40.61],[26.77,40.61],[26.78,40.68],[26.7,40.68],[26.62,40.68],[26.55,40.74],[26.14,40.61],[26.08,40.87],[25.85,40.94],[24.35,41.0],[24.01,40.74],[23.7,40.81],[23.68,40.61],[23.84,40.55],[23.74,40.23],[22.96,40.42],[22.89,40.61],[22.57,40.55],[22.54,40.1],[22.7,40.1],[22.61,39.9],[23.14,39.45],[22.82,39.38],[22.8,39.06],[22.96,39.13],[23.49,38.87],[23.33,38.8],[23.03,38.93],[22.94,38.74],[23.17,38.67],[23.31,38.48],[23.63,38.48],[23.56,38.74],[24.03,38.67],[24.18,38.55],[24.16,38.22],[24.0,38.22],[23.98,37.84],[23.44,38.03],[23.21,38.03],[23.2,37.9],[23.04,37.9],[23.11,37.64],[23.34,37.64],[23.4,37.32],[23.17,37.32],[23.18,37.45],[22.95,37.58],[22.71,37.58],[22.7,37.32],[22.85,37.25],[23.06,36.67],[22.83,36.87],[22.6,36.87],[22.51,36.67],[22.36,36.67],[22.22,37.06],[21.91,37.06],[21.9,36.87],[21.74,36.87],[21.68,37.19],[21.6,37.19],[21.7,37.51],[21.24,37.84],[21.42,38.16],[21.73,38.16],[21.74,38.35],[21.19,38.42],[20.97,38.74],[20.74,38.8],[20.91,39.06],[20.3,39.38],[20.15,39.71],[19.92,39.71],[19.91,39.58],[19.76,39.64],[19.76,39.77],[20.0,39.77],[20.01,39.97],[19.63,40.29],[19.47,40.29],[19.49,40.61],[19.25,40.61],[19.25,40.74],[19.5,40.87],[19.42,40.94],[19.53,41.52],[19.46,41.65],[19.85,41.65],[19.84,41.46],[19.92,41.46],[19.84,41.33],[19.99,41.26],[19.89,40.74],[20.04,40.55],[20.27,40.48],[20.18,40.29],[20.33,40.1],[20.49,40.1],[20.41,40.03],[20.48,39.9],[20.79,39.77],[21.66,39.77],[22.06,39.97],[22.01,40.36],[22.1,40.55],[23.4,41.07],[23.73,41.33],[23.66,41.46],[23.75,41.52],[24.63,41.65],[24.65,41.85],[24.97,41.85],[24.97,41.91],[25.21,41.91],[25.22,42.04],[25.46,42.04],[25.8,42.24],[27.33,42.37],[27.53,42.82],[27.77,42.76],[27.69,42.76],[27.67,42.63],[27.51,42.63],[27.49,42.43],[27.94,42.04],[27.98,41.65],[28.22,41.65],[28.35,41.39],[28.97,41.2],[28.96,41.13],[30.48,41.2],[30.62,41.07],[31.18,41.07],[31.53,41.39],[32.03,41.52]],[[31.59,37.38],[31.6,37.45],[31.52,37.45],[31.52,37.38],[31.59,37.38]],[[22.98,38.16],[22.98,38.09],[23.06,38.09],[23.06,38.16],[22.98,38.16]],[[22.75,38.16],[22.84,38.35],[22.51,38.22],[22.6,38.42],[22.29,38.42],[22.44,38.29],[22.44,38.22],[22.59,38.16],[22.66,37.96],[22.97,37.96],[22.91,38.22],[22.75,38.16]],[[22.98,38.22],[22.99,38.29],[22.91,38.29],[22.91,38.22],[22.98,38.22]],[[22.43,38.09],[22.43,38.16],[22.35,38.16],[22.35,38.09],[22.43,38.09]],[[22.28,38.16],[22.28,38.22],[22.2,38.22],[22.2,38.16],[22.28,38.16]],[[22.36,38.22],[22.36,38.29],[22.28,38.29],[22.28,38.22],[22.36,38.22]],[[20.99,39.06],[21.06,38.93],[21.15,39.06],[21.07,39.06],[20.99,39.06]]],[[[25.07,40.03],[25.15,40.03],[25.46,40.03],[25.45,39.84],[24.97,39.84],[25.07,40.03]]],[[[25.8,40.29],[26.04,40.29],[26.02,40.16],[25.7,40.1],[25.72,40.29],[25.8,40.29]]],[[[27.71,43.02],[27.72,43.08],[27.74,43.28],[27.99,43.34],[27.98,43.28],[27.71,43.02]]],[[[33.76,45.04],[33.84,45.04],[33.93,45.04],[34.01,45.04],[34.09,45.04],[34.08,44.97],[34.73,44.97],[34.79,44.84],[34.71,44.84],[33.76,44.45],[33.68,44.45],[33.6,44.45],[33.52,44.45],[33.47,44.65],[33.55,44.65],[33.6,45.04],[33.68,45.04],[33.76,45.04]]]]},"properties":{"id":"territory:Byzantine Empire:705","name":"비잔티움 제국","name_en":"Byzantine Empire","actor":"로마","valid_from":705,"valid_to":718,"wikidata":"Q112039853","area":842617,"src":"cliopatria","confidence":"medium"}},{"type":"Feature","geometry":{"type":"Point","coordinates":[31.643,39.312]},"properties":{"id":"territory:Byzantine Empire:705:label","name":"비잔티움 제국","name_en":"Byzantine Empire","actor":"로마","valid_from":705,"valid_to":718,"wikidata":"Q112039853","area":842617,"src":"cliopatria","confidence":"medium"}},{"type":"Feature","geometry":{"type":"MultiPolygon","coordinates":[[[[47.52,45.56],[47.48,45.37],[47.33,45.43],[47.29,45.24],[47.1,45.1],[47.04,44.84],[46.69,44.71],[46.63,44.45],[47.01,44.32],[47.34,43.99],[47.34,43.6],[47.46,43.41],[47.38,43.02],[47.66,42.82],[47.68,42.56],[47.96,42.37],[47.93,42.24],[48.4,41.78],[48.56,41.78],[48.89,41.46],[48.87,41.39],[48.07,40.94],[47.14,40.68],[46.87,40.48],[46.08,40.48],[45.82,40.36],[45.2,40.42],[44.76,40.61],[44.7,40.74],[44.39,40.81],[44.2,41.07],[44.18,41.39],[44.1,41.39],[44.21,41.98],[44.74,42.69],[44.36,42.76],[43.85,42.63],[43.66,42.89],[43.42,42.89],[42.99,43.15],[42.5,43.15],[41.63,43.21],[41.35,43.41],[41.1,43.41],[41.12,43.47],[40.4,43.54],[40.26,43.67],[40.29,43.8],[40.03,43.73],[39.35,43.99],[39.36,44.06],[38.22,44.45],[38.01,44.71],[37.53,44.71],[37.26,45.04],[36.78,45.1],[36.82,45.37],[36.74,45.37],[36.91,45.43],[36.97,45.3],[37.7,45.3],[37.68,45.63],[37.86,45.76],[37.89,45.96],[38.33,46.15],[38.37,46.35],[37.9,46.48],[37.84,46.61],[38.49,46.61],[38.62,46.87],[38.79,46.87],[38.89,47.01],[39.13,46.94],[39.27,47.27],[39.2,47.33],[38.68,47.2],[37.52,47.14],[37.17,47.01],[37.23,46.87],[36.91,46.94],[36.8,46.81],[35.63,46.68],[35.25,46.28],[34.76,46.28],[34.74,46.15],[34.08,46.15],[34.02,46.28],[33.61,46.28],[33.59,46.15],[32.95,46.22],[32.85,46.09],[32.68,46.09],[32.06,46.35],[31.82,46.35],[31.84,46.48],[32.16,46.48],[32.17,46.55],[32.92,46.61],[33.69,46.87],[34.08,47.27],[34.12,47.53],[34.2,47.53],[34.63,47.66],[34.78,47.53],[35.03,47.53],[35.19,48.06],[35.12,48.13],[35.2,48.13],[35.35,48.52],[36.37,49.18],[37.08,49.38],[37.69,49.98],[37.63,50.11],[37.9,50.18],[38.48,50.18],[38.95,49.98],[39.3,50.05],[40.93,49.85],[41.45,49.91],[41.74,49.71],[42.4,49.65],[43.57,49.65],[44.54,49.52],[46.81,49.58],[47.51,49.38],[48.1,48.72],[48.65,48.59],[48.78,48.46],[50.12,48.19],[51.2,48.19],[51.28,48.19],[53.6,48.19],[53.79,47.99],[53.96,47.99],[54.0,47.86],[54.17,47.86],[54.3,47.73],[54.26,47.6],[54.41,47.53],[54.37,47.4],[54.52,47.33],[54.44,46.74],[54.52,46.74],[54.29,45.56],[54.21,45.56],[53.88,45.56],[53.67,45.37],[53.42,45.37],[53.06,45.56],[53.07,45.89],[53.25,45.96],[53.35,46.35],[53.27,46.35],[53.27,46.68],[53.19,46.68],[53.24,46.87],[53.11,47.01],[51.86,46.94],[51.81,47.07],[51.58,47.14],[50.84,47.14],[50.3,46.94],[49.99,46.68],[49.3,46.55],[49.06,46.22],[48.64,46.15],[48.59,45.96],[48.35,45.96],[48.06,45.76],[47.57,45.76],[47.46,45.63],[47.54,45.63],[47.52,45.56]]],[[[35.02,45.3],[36.42,45.43],[36.37,45.1],[35.88,45.04],[35.73,45.17],[35.41,45.17],[35.3,44.97],[34.87,44.84],[34.79,44.84],[34.73,44.97],[34.08,44.97],[34.09,45.04],[33.6,45.04],[33.47,45.24],[33.22,45.24],[32.61,45.5],[33.71,45.82],[33.74,46.02],[34.15,46.09],[34.54,45.96],[34.74,45.63],[34.82,45.63],[34.99,45.63],[35.02,45.3]]],[[[53.08,45.96],[53.1,46.02],[53.18,46.02],[53.17,45.96],[53.08,45.96]]]]},"properties":{"id":"territory:Khazaria:763","name":"하자르","name_en":"Khazaria","actor":"기타중립","valid_from":763,"valid_to":768,"wikidata":"Q173282","area":803247,"src":"cliopatria","confidence":"medium"}},{"type":"Feature","geometry":{"type":"Point","coordinates":[43.53,46.272]},"properties":{"id":"territory:Khazaria:763:label","name":"하자르","name_en":"Khazaria","actor":"기타중립","valid_from":763,"valid_to":768,"wikidata":"Q173282","area":803247,"src":"cliopatria","confidence":"medium"}},{"type":"Feature","geometry":{"type":"Polygon","coordinates":[[[73.21,35.26],[72.71,35.71],[72.74,35.84],[72.47,35.97],[72.5,36.1],[72.26,36.35],[72.25,36.61],[72.27,36.67],[72.34,36.93],[71.89,36.74],[71.58,36.74],[71.48,36.93],[71.57,37.84],[71.27,37.9],[71.36,38.22],[71.18,38.42],[70.71,38.42],[70.42,38.22],[70.2,37.96],[70.27,37.64],[70.08,37.51],[69.55,37.58],[69.35,37.13],[69.12,37.13],[69.01,37.32],[68.78,37.32],[68.15,37.0],[67.92,37.0],[67.75,37.25],[67.12,37.25],[67.0,37.38],[66.52,37.32],[65.63,37.51],[65.24,37.84],[64.66,38.03],[64.37,38.42],[64.01,38.55],[63.84,38.8],[63.42,39.0],[63.25,39.26],[63.09,39.26],[62.65,39.71],[62.58,40.03],[62.66,40.03],[65.35,40.61],[65.39,40.74],[65.69,40.68],[66.28,40.81],[66.69,41.13],[66.65,41.26],[66.89,41.26],[68.11,42.11],[68.27,42.37],[69.63,43.54],[69.72,43.8],[69.85,43.73],[70.81,44.39],[70.83,44.45],[71.27,44.78],[73.33,45.5],[73.41,45.5],[73.58,45.3],[73.74,45.3],[73.91,45.1],[73.86,44.97],[74.13,45.04],[74.25,45.37],[74.12,45.43],[74.32,45.96],[74.75,46.02],[74.88,46.35],[75.32,46.41],[75.45,46.55],[77.39,46.48],[77.36,46.41],[77.61,46.41],[77.72,46.28],[77.8,46.28],[77.83,45.96],[78.02,45.82],[78.0,45.56],[78.35,45.43],[78.57,45.17],[79.36,44.91],[78.74,44.39],[77.35,43.73],[76.54,42.89],[75.77,42.3],[75.48,41.72],[75.23,41.46],[74.19,41.0],[73.32,41.0],[73.08,40.74],[73.8,40.29],[73.57,39.58],[73.42,39.58],[73.45,39.45],[74.01,39.45],[76.6,38.93],[77.16,38.74],[77.26,38.55],[77.41,38.55],[77.51,38.35],[77.67,38.35],[77.84,38.16],[77.49,37.25],[76.6,35.77],[75.93,35.58],[75.35,35.86],[74.81,36.3],[74.71,36.63],[74.14,36.69],[73.85,36.91],[72.62,36.86],[73.04,36.36],[73.22,35.96],[73.41,35.39],[73.21,35.24],[73.21,35.26]]]},"properties":{"id":"territory:Turks:750","name":"투르크","name_en":"Turks","actor":"기타중립","valid_from":750,"valid_to":751,"wikidata":"Q2118293","area":780395,"src":"cliopatria","confidence":"medium"}},{"type":"Feature","geometry":{"type":"Point","coordinates":[71.822,40.812]},"properties":{"id":"territory:Turks:750:label","name":"투르크","name_en":"Turks","actor":"기타중립","valid_from":750,"valid_to":751,"wikidata":"Q2118293","area":780395,"src":"cliopatria","confidence":"medium"}},{"type":"Feature","geometry":{"type":"MultiPolygon","coordinates":[[[[9.38,46.68],[9.39,46.48],[9.14,46.15],[8.24,46.15],[7.84,45.96],[6.94,45.96],[6.78,45.82],[6.78,45.69],[7.11,45.5],[7.12,45.3],[6.71,45.17],[6.64,44.97],[6.97,44.84],[6.97,44.65],[6.89,44.65],[6.98,44.25],[7.3,44.12],[7.63,44.19],[7.55,43.8],[7.47,43.8],[6.67,43.47],[6.6,43.28],[6.28,43.15],[5.8,43.15],[5.63,43.28],[5.39,43.28],[5.39,43.41],[5.06,43.47],[4.18,43.47],[4.17,43.6],[4.09,43.6],[4.24,44.06],[4.63,44.25],[4.06,44.52],[3.81,44.52],[3.43,44.06],[3.03,44.06],[2.8,43.8],[2.63,43.8],[2.32,43.54],[2.33,43.41],[1.94,43.08],[1.95,42.95],[1.79,42.95],[1.48,42.69],[1.43,42.24],[1.04,42.04],[0.72,42.04],[-1.73,42.76],[-2.13,42.76],[-2.2,42.63],[-3.0,42.63],[-2.93,42.82],[-3.01,42.82],[-3.03,43.02],[-3.19,43.08],[-3.14,43.41],[-3.06,43.41],[-1.69,43.34],[-1.46,43.54],[-1.4,43.86],[-1.32,43.86],[-1.29,44.52],[-1.21,44.52],[-1.25,45.17],[-1.17,45.17],[-1.19,45.43],[-1.03,45.5],[-1.05,45.69],[-1.21,45.76],[-1.14,45.89],[-1.22,45.89],[-1.25,46.28],[-1.67,46.35],[-2.01,46.61],[-2.02,46.74],[-2.19,46.81],[-2.14,47.14],[-2.23,47.27],[-2.56,47.27],[-2.58,47.47],[-2.83,47.53],[-2.84,47.6],[-2.45,47.86],[-1.8,47.99],[-1.65,48.19],[-1.65,48.26],[-1.67,48.46],[-1.51,48.52],[-1.6,48.65],[-1.61,48.72],[-1.72,49.05],[-1.64,49.05],[-1.65,49.25],[-1.91,49.38],[-2.03,49.78],[-1.36,49.78],[-1.25,49.45],[0.01,49.38],[-0.01,49.65],[0.22,49.85],[1.05,49.98],[1.45,50.25],[1.42,50.71],[1.66,51.05],[2.58,51.18],[2.74,51.31],[3.32,51.45],[3.41,51.45],[3.49,51.45],[3.75,51.45],[3.41,51.51],[3.4,51.65],[3.74,51.65],[3.65,51.78],[3.82,51.78],[3.81,51.92],[3.98,51.92],[3.97,52.05],[4.22,52.18],[4.22,52.32],[4.46,52.52],[4.45,52.72],[4.7,52.99],[4.87,52.99],[4.88,52.79],[5.06,52.65],[5.14,52.79],[5.39,52.86],[5.39,52.99],[5.21,53.12],[5.54,53.39],[6.14,53.46],[6.23,53.46],[6.16,53.06],[6.67,53.12],[6.85,52.92],[7.02,52.92],[6.95,52.25],[6.7,52.05],[6.61,52.05],[6.61,51.98],[6.7,51.98],[7.3,51.71],[7.39,51.45],[7.65,51.31],[7.65,51.18],[8.34,50.71],[8.84,51.05],[10.1,51.45],[10.27,51.65],[10.53,51.65],[10.87,51.92],[11.55,51.78],[11.55,51.71],[11.29,51.38],[11.46,51.25],[12.05,51.11],[12.3,50.65],[12.04,50.58],[12.04,50.31],[11.87,50.25],[11.87,50.11],[11.28,49.91],[11.28,49.78],[11.03,49.65],[11.03,49.52],[10.86,49.38],[10.86,49.25],[11.11,49.18],[11.03,48.85],[11.03,48.79],[10.11,48.46],[9.95,47.86],[9.87,47.86],[9.95,47.66],[9.54,47.4],[9.54,47.2],[9.63,47.2],[9.55,46.87],[9.38,46.68]],[[4.3,50.58],[4.29,50.65],[4.21,50.65],[4.21,50.58],[4.3,50.58]],[[7.05,48.06],[6.97,48.06],[6.97,47.99],[7.05,47.99],[7.05,48.06]]],[[[12.04,50.25],[12.04,50.31],[12.12,50.31],[12.12,50.25],[12.04,50.25]]]]},"properties":{"id":"territory:Kingdom of the Franks:741","name":"프랑크 왕국","name_en":"Kingdom of the Franks","actor":"게르만","valid_from":741,"valid_to":750,"wikidata":"Q146246","area":760508,"src":"cliopatria","confidence":"medium"}},{"type":"Feature","geometry":{"type":"Point","coordinates":[4.165,47.667]},"properties":{"id":"territory:Kingdom of the Franks:741:label","name":"프랑크 왕국","name_en":"Kingdom of the Franks","actor":"게르만","valid_from":741,"valid_to":750,"wikidata":"Q146246","area":760508,"src":"cliopatria","confidence":"medium"}},{"type":"Feature","geometry":{"type":"MultiPolygon","coordinates":[[[[47.48,45.37],[47.33,45.43],[47.29,45.24],[47.1,45.1],[47.04,44.84],[46.69,44.71],[46.63,44.45],[47.01,44.32],[47.34,43.99],[47.34,43.6],[47.46,43.41],[47.38,43.02],[47.66,42.82],[47.68,42.56],[47.96,42.37],[47.93,42.24],[48.4,41.78],[48.69,41.65],[48.68,41.59],[48.65,41.07],[48.78,40.94],[48.72,40.61],[48.49,40.29],[48.01,40.23],[48.0,40.61],[48.08,40.61],[48.13,40.87],[48.0,41.0],[47.97,41.26],[47.56,41.2],[47.27,41.33],[46.74,41.85],[46.35,41.91],[46.3,42.04],[45.75,42.11],[45.62,42.24],[45.73,42.43],[45.67,42.5],[45.23,42.69],[44.82,42.69],[44.84,42.76],[44.76,42.76],[44.74,42.69],[44.36,42.76],[43.85,42.63],[43.66,42.89],[43.42,42.89],[42.99,43.15],[42.5,43.15],[41.63,43.21],[41.35,43.41],[41.1,43.41],[41.12,43.47],[40.4,43.54],[40.26,43.67],[40.29,43.8],[40.03,43.73],[39.35,43.99],[39.36,44.06],[38.22,44.45],[38.01,44.71],[37.53,44.71],[37.26,45.04],[36.78,45.1],[36.82,45.37],[36.74,45.37],[36.91,45.43],[36.97,45.3],[37.7,45.3],[37.68,45.63],[37.86,45.76],[37.89,45.96],[38.33,46.15],[38.37,46.35],[37.9,46.48],[37.84,46.61],[38.49,46.61],[38.62,46.87],[38.79,46.87],[38.89,47.01],[39.13,46.94],[39.27,47.27],[39.2,47.33],[38.68,47.2],[37.52,47.14],[37.17,47.01],[37.23,46.87],[36.91,46.94],[36.8,46.81],[35.63,46.68],[35.25,46.28],[34.76,46.28],[34.74,46.15],[34.08,46.15],[34.02,46.28],[33.61,46.28],[33.59,46.15],[32.95,46.22],[32.85,46.09],[32.68,46.09],[32.06,46.35],[31.82,46.35],[31.84,46.48],[32.16,46.48],[32.17,46.55],[32.92,46.61],[33.69,46.87],[34.08,47.27],[34.12,47.53],[34.2,47.53],[34.47,47.66],[35.03,47.53],[35.19,48.06],[35.12,48.13],[35.2,48.13],[35.35,48.52],[36.37,49.18],[37.27,49.52],[37.4,49.78],[37.69,49.98],[37.63,50.11],[38.48,50.18],[38.95,49.98],[39.3,50.05],[40.93,49.85],[41.45,49.91],[41.74,49.71],[42.4,49.65],[43.57,49.65],[44.54,49.52],[46.81,49.58],[47.51,49.38],[48.1,48.72],[49.64,48.26],[53.6,48.19],[53.79,47.99],[53.96,47.99],[54.0,47.86],[54.17,47.86],[54.3,47.73],[54.26,47.6],[54.41,47.53],[54.37,47.4],[54.52,47.33],[54.48,47.2],[54.56,47.2],[54.29,45.56],[53.88,45.56],[53.67,45.37],[53.42,45.37],[53.06,45.56],[53.07,45.89],[53.25,45.96],[53.35,46.35],[53.27,46.35],[53.27,46.68],[53.19,46.68],[53.24,46.87],[53.11,47.01],[51.86,46.94],[51.81,47.07],[51.58,47.14],[50.84,47.14],[50.3,46.94],[49.99,46.68],[49.3,46.55],[49.06,46.22],[48.64,46.15],[48.59,45.96],[48.35,45.96],[48.06,45.76],[47.57,45.76],[47.46,45.63],[47.54,45.63],[47.52,45.56],[47.48,45.37]]],[[[35.02,45.3],[36.42,45.43],[36.37,45.1],[35.88,45.04],[35.73,45.17],[35.41,45.17],[35.3,44.97],[34.87,44.84],[34.79,44.84],[34.73,44.97],[34.08,44.97],[34.09,45.04],[33.6,45.04],[33.47,45.24],[33.22,45.24],[32.61,45.5],[33.71,45.82],[33.74,46.02],[34.15,46.09],[34.54,45.96],[34.74,45.63],[34.82,45.63],[34.99,45.63],[35.02,45.3]]],[[[53.08,45.96],[53.1,46.02],[53.18,46.02],[53.17,45.96],[53.08,45.96]]]]},"properties":{"id":"territory:Khazaria:724","name":"하자르","name_en":"Khazaria","actor":"기타중립","valid_from":724,"valid_to":732,"wikidata":"Q173282","area":758912,"src":"cliopatria","confidence":"medium"}},{"type":"Feature","geometry":{"type":"Point","coordinates":[43.429,46.548]},"properties":{"id":"territory:Khazaria:724:label","name":"하자르","name_en":"Khazaria","actor":"기타중립","valid_from":724,"valid_to":732,"wikidata":"Q173282","area":758912,"src":"cliopatria","confidence":"medium"}},{"type":"Feature","geometry":{"type":"MultiPolygon","coordinates":[[[[34.99,45.63],[35.02,45.3],[36.42,45.43],[36.37,45.1],[35.88,45.04],[35.73,45.17],[35.41,45.17],[35.3,44.97],[34.87,44.84],[34.79,44.84],[34.73,44.97],[34.08,44.97],[34.09,45.04],[33.6,45.04],[33.47,45.24],[33.22,45.24],[32.61,45.5],[33.71,45.82],[33.74,46.02],[34.15,46.09],[34.54,45.96],[34.74,45.63],[34.82,45.63],[34.99,45.63]]],[[[47.48,45.37],[47.33,45.43],[47.29,45.24],[47.1,45.1],[47.04,44.84],[46.69,44.71],[46.63,44.45],[47.01,44.32],[47.34,43.99],[47.34,43.6],[47.46,43.41],[47.38,43.02],[47.66,42.82],[47.68,42.56],[48.21,42.04],[48.2,41.98],[48.09,41.85],[48.17,41.85],[48.18,41.52],[47.89,41.26],[47.56,41.2],[47.27,41.33],[46.74,41.85],[46.35,41.91],[46.3,42.04],[45.75,42.11],[45.62,42.24],[45.73,42.43],[45.67,42.5],[45.23,42.69],[44.82,42.69],[44.84,42.76],[44.76,42.76],[44.74,42.69],[44.36,42.76],[43.85,42.63],[43.66,42.89],[43.42,42.89],[42.99,43.15],[42.5,43.15],[41.71,43.21],[41.35,43.41],[40.72,43.54],[40.16,43.54],[40.06,43.41],[39.98,43.41],[39.06,44.19],[38.22,44.45],[38.01,44.71],[37.53,44.71],[37.1,45.1],[36.78,45.1],[36.75,45.43],[36.91,45.43],[36.97,45.3],[37.7,45.3],[37.68,45.63],[37.86,45.76],[37.89,45.96],[38.33,46.15],[38.37,46.35],[37.9,46.48],[37.84,46.61],[38.49,46.61],[38.62,46.87],[38.79,46.87],[38.89,47.01],[39.13,46.94],[39.27,47.27],[39.2,47.33],[38.68,47.2],[37.52,47.14],[37.17,47.01],[37.23,46.87],[36.91,46.94],[36.8,46.81],[35.63,46.68],[35.25,46.28],[34.76,46.28],[34.74,46.15],[34.08,46.15],[34.02,46.28],[33.61,46.28],[33.59,46.15],[32.95,46.22],[32.85,46.09],[32.68,46.09],[32.06,46.35],[31.82,46.35],[31.84,46.48],[32.16,46.48],[32.17,46.55],[32.92,46.61],[33.69,46.87],[34.08,47.27],[34.12,47.53],[34.2,47.53],[34.63,47.66],[34.78,47.53],[35.03,47.53],[35.19,48.06],[35.12,48.13],[35.2,48.13],[35.35,48.52],[36.37,49.18],[37.27,49.52],[37.4,49.78],[37.69,49.98],[37.63,50.11],[38.48,50.18],[38.95,49.98],[39.3,50.05],[40.93,49.85],[41.45,49.91],[41.74,49.71],[42.4,49.65],[43.57,49.65],[44.54,49.52],[46.81,49.58],[47.51,49.38],[48.1,48.72],[49.64,48.26],[53.6,48.19],[53.79,47.99],[53.96,47.99],[54.0,47.86],[54.17,47.86],[54.3,47.73],[54.26,47.6],[54.41,47.53],[54.37,47.4],[54.52,47.33],[54.48,47.2],[54.56,47.2],[54.29,45.56],[53.88,45.56],[53.67,45.37],[53.42,45.37],[53.06,45.56],[53.07,45.89],[53.25,45.96],[53.35,46.35],[53.27,46.35],[53.27,46.68],[53.19,46.68],[53.24,46.87],[53.11,47.01],[51.86,46.94],[51.81,47.07],[51.58,47.14],[50.84,47.14],[50.3,46.94],[49.99,46.68],[49.3,46.55],[49.06,46.22],[48.64,46.15],[48.59,45.96],[48.35,45.96],[48.06,45.76],[47.57,45.76],[47.46,45.63],[47.54,45.63],[47.52,45.56],[47.48,45.37]]],[[[53.08,45.96],[53.1,46.02],[53.18,46.02],[53.17,45.96],[53.08,45.96]]]]},"properties":{"id":"territory:Khazaria:682","name":"하자르","name_en":"Khazaria","actor":"기타중립","valid_from":682,"valid_to":724,"wikidata":"Q173282","area":751961,"src":"cliopatria","confidence":"medium"}},{"type":"Feature","geometry":{"type":"Point","coordinates":[43.367,46.602]},"properties":{"id":"territory:Khazaria:682:label","name":"하자르","name_en":"Khazaria","actor":"기타중립","valid_from":682,"valid_to":724,"wikidata":"Q173282","area":751961,"src":"cliopatria","confidence":"medium"}},{"type":"Feature","geometry":{"type":"MultiPolygon","coordinates":[[[[34.99,45.63],[35.02,45.3],[36.42,45.43],[36.37,45.1],[35.88,45.04],[35.73,45.17],[35.41,45.17],[35.3,44.97],[34.87,44.84],[34.79,44.84],[34.73,44.97],[34.08,44.97],[34.09,45.04],[33.6,45.04],[33.47,45.24],[33.22,45.24],[32.61,45.5],[33.71,45.82],[33.74,46.02],[34.15,46.09],[34.54,45.96],[34.74,45.63],[34.82,45.63],[34.99,45.63]]],[[[47.33,45.43],[47.29,45.24],[47.1,45.1],[47.04,44.84],[46.69,44.71],[46.63,44.45],[47.01,44.32],[47.34,43.99],[47.34,43.6],[47.46,43.41],[47.38,43.02],[47.66,42.82],[47.68,42.56],[48.21,42.04],[48.2,41.98],[48.09,41.85],[48.17,41.85],[48.18,41.52],[47.89,41.26],[47.56,41.2],[47.27,41.33],[46.74,41.85],[46.35,41.91],[46.3,42.04],[45.75,42.11],[45.67,42.5],[45.23,42.69],[44.82,42.69],[44.84,42.76],[44.76,42.76],[44.74,42.69],[44.36,42.76],[43.85,42.63],[43.66,42.89],[43.42,42.89],[42.99,43.15],[42.5,43.15],[41.63,43.21],[41.35,43.41],[41.1,43.41],[41.12,43.47],[40.4,43.54],[40.26,43.67],[40.29,43.8],[40.03,43.73],[39.35,43.99],[39.36,44.06],[38.22,44.45],[38.01,44.71],[37.53,44.71],[37.26,45.04],[36.78,45.1],[36.82,45.37],[36.74,45.37],[36.91,45.43],[36.97,45.3],[37.7,45.3],[37.68,45.63],[37.86,45.76],[37.89,45.96],[38.33,46.15],[38.37,46.35],[37.9,46.48],[37.84,46.61],[38.49,46.61],[38.62,46.87],[38.79,46.87],[38.89,47.01],[39.13,46.94],[39.27,47.27],[39.2,47.33],[38.68,47.2],[37.52,47.14],[37.17,47.01],[37.23,46.87],[36.91,46.94],[36.8,46.81],[35.63,46.68],[35.25,46.28],[34.76,46.28],[34.74,46.15],[34.08,46.15],[34.02,46.28],[33.61,46.28],[33.59,46.15],[32.95,46.22],[32.85,46.09],[32.68,46.09],[32.06,46.35],[31.82,46.35],[31.84,46.48],[32.16,46.48],[32.17,46.55],[32.92,46.61],[33.69,46.87],[34.08,47.27],[34.12,47.53],[34.2,47.53],[34.47,47.66],[35.03,47.53],[35.19,48.06],[35.12,48.13],[35.2,48.13],[35.35,48.52],[36.37,49.18],[37.27,49.52],[37.4,49.78],[37.69,49.98],[37.63,50.11],[38.48,50.18],[38.95,49.98],[39.3,50.05],[40.93,49.85],[41.45,49.91],[41.74,49.71],[42.4,49.65],[43.57,49.65],[44.54,49.52],[46.81,49.58],[47.51,49.38],[48.1,48.72],[49.64,48.26],[53.6,48.19],[53.79,47.99],[53.96,47.99],[54.0,47.86],[54.17,47.86],[54.3,47.73],[54.26,47.6],[54.41,47.53],[54.37,47.4],[54.52,47.33],[54.48,47.2],[54.56,47.2],[54.29,45.56],[53.88,45.56],[53.67,45.37],[53.42,45.37],[53.06,45.56],[53.07,45.89],[53.25,45.96],[53.35,46.35],[53.27,46.35],[53.27,46.68],[53.19,46.68],[53.24,46.87],[53.11,47.01],[51.86,46.94],[51.81,47.07],[51.58,47.14],[50.84,47.14],[50.3,46.94],[49.99,46.68],[49.3,46.55],[49.06,46.22],[48.64,46.15],[48.59,45.96],[48.35,45.96],[48.06,45.76],[47.57,45.76],[47.46,45.63],[47.54,45.63],[47.52,45.56],[47.48,45.37],[47.33,45.43]]],[[[53.08,45.96],[53.1,46.02],[53.18,46.02],[53.17,45.96],[53.08,45.96]]]]},"properties":{"id":"territory:Khazaria:741","name":"하자르","name_en":"Khazaria","actor":"기타중립","valid_from":741,"valid_to":750,"wikidata":"Q173282","area":750091,"src":"cliopatria","confidence":"medium"}},{"type":"Feature","geometry":{"type":"Point","coordinates":[43.374,46.609]},"properties":{"id":"territory:Khazaria:741:label","name":"하자르","name_en":"Khazaria","actor":"기타중립","valid_from":741,"valid_to":750,"wikidata":"Q173282","area":750091,"src":"cliopatria","confidence":"medium"}},{"type":"Feature","geometry":{"type":"MultiPolygon","coordinates":[[[[34.99,45.63],[35.02,45.3],[36.42,45.43],[36.37,45.1],[35.88,45.04],[35.73,45.17],[35.41,45.17],[35.3,44.97],[34.87,44.84],[34.79,44.84],[34.73,44.97],[34.08,44.97],[34.09,45.04],[33.6,45.04],[33.47,45.24],[33.22,45.24],[32.61,45.5],[33.71,45.82],[33.74,46.02],[34.15,46.09],[34.54,45.96],[34.74,45.63],[34.82,45.63],[34.99,45.63]]],[[[47.48,45.37],[47.33,45.43],[47.29,45.24],[47.1,45.1],[47.04,44.84],[46.69,44.71],[46.63,44.45],[47.01,44.32],[47.34,43.99],[47.34,43.6],[47.46,43.41],[47.38,43.02],[47.66,42.82],[47.68,42.56],[48.21,42.04],[48.2,41.98],[48.09,41.85],[48.17,41.85],[48.18,41.52],[47.89,41.26],[47.56,41.2],[47.27,41.33],[46.74,41.85],[46.35,41.91],[46.3,42.04],[45.75,42.11],[45.62,42.24],[45.73,42.43],[45.67,42.5],[45.23,42.69],[44.82,42.69],[44.84,42.76],[44.76,42.76],[44.74,42.69],[44.36,42.76],[43.85,42.63],[43.66,42.89],[43.42,42.89],[42.99,43.15],[42.5,43.15],[41.63,43.21],[41.35,43.41],[41.1,43.41],[41.12,43.47],[40.4,43.54],[40.26,43.67],[40.29,43.8],[40.03,43.73],[39.35,43.99],[39.36,44.06],[38.22,44.45],[38.01,44.71],[37.53,44.71],[37.26,45.04],[36.78,45.1],[36.82,45.37],[36.74,45.37],[36.91,45.43],[36.97,45.3],[37.7,45.3],[37.68,45.63],[37.86,45.76],[37.89,45.96],[38.33,46.15],[38.37,46.35],[37.9,46.48],[37.84,46.61],[38.49,46.61],[38.62,46.87],[38.79,46.87],[38.89,47.01],[39.13,46.94],[39.27,47.27],[39.2,47.33],[38.68,47.2],[37.52,47.14],[37.17,47.01],[37.23,46.87],[36.91,46.94],[36.8,46.81],[35.63,46.68],[35.25,46.28],[34.76,46.28],[34.74,46.15],[34.08,46.15],[34.02,46.28],[33.61,46.28],[33.59,46.15],[32.95,46.22],[32.85,46.09],[32.68,46.09],[32.06,46.35],[31.82,46.35],[31.84,46.48],[32.16,46.48],[32.17,46.55],[32.92,46.61],[33.69,46.87],[34.08,47.27],[34.12,47.53],[34.2,47.53],[34.63,47.66],[34.78,47.53],[35.03,47.53],[35.19,48.06],[35.12,48.13],[35.2,48.13],[35.35,48.52],[36.37,49.18],[37.27,49.52],[37.4,49.78],[37.69,49.98],[37.63,50.11],[38.48,50.18],[38.95,49.98],[39.3,50.05],[40.93,49.85],[41.45,49.91],[41.74,49.71],[42.4,49.65],[43.57,49.65],[44.54,49.52],[46.81,49.58],[47.51,49.38],[48.1,48.72],[49.64,48.26],[53.6,48.19],[53.79,47.99],[53.96,47.99],[54.0,47.86],[54.17,47.86],[54.3,47.73],[54.26,47.6],[54.41,47.53],[54.37,47.4],[54.52,47.33],[54.48,47.2],[54.56,47.2],[54.29,45.56],[53.88,45.56],[53.67,45.37],[53.42,45.37],[53.06,45.56],[53.07,45.89],[53.25,45.96],[53.35,46.35],[53.27,46.35],[53.27,46.68],[53.19,46.68],[53.24,46.87],[53.11,47.01],[51.86,46.94],[51.81,47.07],[51.58,47.14],[50.84,47.14],[50.3,46.94],[49.99,46.68],[49.3,46.55],[49.06,46.22],[48.64,46.15],[48.59,45.96],[48.35,45.96],[48.06,45.76],[47.57,45.76],[47.46,45.63],[47.54,45.63],[47.52,45.56],[47.48,45.37]]],[[[53.08,45.96],[53.1,46.02],[53.18,46.02],[53.17,45.96],[53.08,45.96]]]]},"properties":{"id":"territory:Khazaria:732","name":"하자르","name_en":"Khazaria","actor":"기타중립","valid_from":732,"valid_to":741,"wikidata":"Q173282","area":750050,"src":"cliopatria","confidence":"medium"}},{"type":"Feature","geometry":{"type":"Point","coordinates":[43.376,46.609]},"properties":{"id":"territory:Khazaria:732:label","name":"하자르","name_en":"Khazaria","actor":"기타중립","valid_from":732,"valid_to":741,"wikidata":"Q173282","area":750050,"src":"cliopatria","confidence":"medium"}},{"type":"Feature","geometry":{"type":"MultiPolygon","coordinates":[[[[34.99,45.63],[35.02,45.3],[36.42,45.43],[36.37,45.1],[35.88,45.04],[35.73,45.17],[35.41,45.17],[35.3,44.97],[34.87,44.84],[34.79,44.84],[34.73,44.97],[34.08,44.97],[34.09,45.04],[33.6,45.04],[33.47,45.24],[33.22,45.24],[32.61,45.5],[33.71,45.82],[33.74,46.02],[34.15,46.09],[34.54,45.96],[34.74,45.63],[34.82,45.63],[34.99,45.63]]],[[[47.48,45.37],[47.33,45.43],[47.29,45.24],[47.1,45.1],[47.04,44.84],[46.69,44.71],[46.63,44.45],[47.01,44.32],[47.34,43.99],[47.34,43.6],[47.46,43.41],[47.38,43.02],[47.66,42.82],[47.68,42.56],[48.21,42.04],[48.2,41.98],[48.09,41.85],[48.17,41.85],[48.18,41.52],[47.89,41.26],[47.56,41.2],[47.27,41.33],[46.74,41.85],[46.35,41.91],[46.3,42.04],[45.75,42.11],[45.67,42.5],[45.23,42.69],[44.82,42.69],[44.84,42.76],[44.76,42.76],[44.74,42.69],[44.36,42.76],[43.85,42.63],[43.66,42.89],[43.42,42.89],[42.99,43.15],[42.5,43.15],[41.63,43.21],[41.35,43.41],[41.1,43.41],[41.12,43.47],[40.4,43.54],[40.26,43.67],[40.29,43.8],[40.03,43.73],[39.35,43.99],[39.36,44.06],[38.22,44.45],[38.01,44.71],[37.53,44.71],[37.26,45.04],[36.78,45.1],[36.82,45.37],[36.74,45.37],[36.91,45.43],[36.97,45.3],[37.7,45.3],[37.68,45.63],[37.86,45.76],[37.89,45.96],[38.33,46.15],[38.37,46.35],[37.9,46.48],[37.84,46.61],[38.49,46.61],[38.62,46.87],[38.79,46.87],[38.89,47.01],[39.13,46.94],[39.27,47.27],[39.2,47.33],[38.68,47.2],[37.52,47.14],[37.17,47.01],[37.23,46.87],[36.91,46.94],[36.8,46.81],[35.63,46.68],[35.25,46.28],[34.76,46.28],[34.74,46.15],[34.08,46.15],[34.02,46.28],[33.61,46.28],[33.59,46.15],[32.95,46.22],[32.85,46.09],[32.68,46.09],[32.06,46.35],[31.82,46.35],[31.84,46.48],[32.16,46.48],[32.17,46.55],[32.92,46.61],[33.69,46.87],[34.08,47.27],[34.12,47.53],[34.2,47.53],[34.63,47.66],[34.78,47.53],[35.03,47.53],[35.19,48.06],[35.12,48.13],[35.2,48.13],[35.35,48.52],[36.37,49.18],[37.08,49.38],[37.69,49.98],[37.63,50.11],[37.9,50.18],[38.48,50.18],[38.95,49.98],[39.3,50.05],[40.93,49.85],[41.45,49.91],[41.74,49.71],[42.4,49.65],[43.57,49.65],[44.54,49.52],[46.81,49.58],[47.51,49.38],[48.1,48.72],[48.65,48.59],[48.78,48.46],[50.12,48.19],[51.2,48.19],[51.28,48.19],[53.6,48.19],[53.79,47.99],[53.96,47.99],[54.0,47.86],[54.17,47.86],[54.3,47.73],[54.26,47.6],[54.41,47.53],[54.37,47.4],[54.52,47.33],[54.44,46.74],[54.52,46.74],[54.29,45.56],[54.21,45.56],[53.88,45.56],[53.67,45.37],[53.42,45.37],[53.06,45.56],[53.07,45.89],[53.25,45.96],[53.35,46.35],[53.27,46.35],[53.27,46.68],[53.19,46.68],[53.24,46.87],[53.11,47.01],[51.86,46.94],[51.81,47.07],[51.58,47.14],[50.84,47.14],[50.3,46.94],[49.99,46.68],[49.3,46.55],[49.06,46.22],[48.64,46.15],[48.59,45.96],[48.35,45.96],[48.06,45.76],[47.57,45.76],[47.46,45.63],[47.54,45.63],[47.52,45.56],[47.48,45.37]]],[[[53.08,45.96],[53.1,46.02],[53.18,46.02],[53.17,45.96],[53.08,45.96]]]]},"properties":{"id":"territory:Khazaria:750","name":"하자르","name_en":"Khazaria","actor":"기타중립","valid_from":750,"valid_to":763,"wikidata":"Q173282","area":748831,"src":"cliopatria","confidence":"medium"}},{"type":"Feature","geometry":{"type":"MultiPolygon","coordinates":[[[[34.99,45.63],[35.02,45.3],[36.42,45.43],[36.37,45.1],[35.88,45.04],[35.73,45.17],[35.41,45.17],[35.3,44.97],[34.87,44.84],[34.79,44.84],[34.73,44.97],[34.08,44.97],[34.09,45.04],[33.6,45.04],[33.47,45.24],[33.22,45.24],[32.61,45.5],[33.71,45.82],[33.74,46.02],[34.15,46.09],[34.54,45.96],[34.74,45.63],[34.82,45.63],[34.99,45.63]]],[[[47.48,45.37],[47.33,45.43],[47.29,45.24],[47.1,45.1],[47.04,44.84],[46.69,44.71],[46.63,44.45],[47.01,44.32],[47.34,43.99],[47.34,43.6],[47.46,43.41],[47.38,43.02],[47.66,42.82],[47.68,42.56],[48.21,42.04],[48.2,41.98],[48.09,41.85],[48.17,41.85],[48.18,41.52],[47.89,41.26],[47.56,41.2],[47.27,41.33],[46.74,41.85],[46.35,41.91],[46.3,42.04],[45.75,42.11],[45.67,42.5],[45.23,42.69],[44.82,42.69],[44.84,42.76],[44.76,42.76],[44.74,42.69],[44.36,42.76],[43.85,42.63],[43.66,42.89],[43.42,42.89],[42.99,43.15],[42.5,43.15],[41.63,43.21],[41.35,43.41],[41.1,43.41],[41.12,43.47],[40.4,43.54],[40.26,43.67],[40.29,43.8],[40.03,43.73],[39.35,43.99],[39.36,44.06],[38.22,44.45],[38.01,44.71],[37.53,44.71],[37.26,45.04],[36.78,45.1],[36.82,45.37],[36.74,45.37],[36.91,45.43],[36.97,45.3],[37.7,45.3],[37.68,45.63],[37.86,45.76],[37.89,45.96],[38.33,46.15],[38.37,46.35],[37.9,46.48],[37.84,46.61],[38.49,46.61],[38.62,46.87],[38.79,46.87],[38.89,47.01],[39.13,46.94],[39.27,47.27],[39.2,47.33],[38.68,47.2],[37.52,47.14],[37.17,47.01],[37.23,46.87],[36.91,46.94],[36.8,46.81],[35.63,46.68],[35.25,46.28],[34.76,46.28],[34.74,46.15],[34.08,46.15],[34.02,46.28],[33.61,46.28],[33.59,46.15],[32.95,46.22],[32.85,46.09],[32.68,46.09],[32.06,46.35],[31.82,46.35],[31.84,46.48],[32.16,46.48],[32.17,46.55],[32.92,46.61],[33.69,46.87],[34.08,47.27],[34.12,47.53],[34.2,47.53],[34.63,47.66],[34.78,47.53],[35.03,47.53],[35.19,48.06],[35.12,48.13],[35.2,48.13],[35.35,48.52],[36.37,49.18],[37.08,49.38],[37.69,49.98],[37.63,50.11],[37.9,50.18],[38.48,50.18],[38.95,49.98],[39.3,50.05],[40.93,49.85],[41.45,49.91],[41.74,49.71],[42.4,49.65],[43.57,49.65],[44.54,49.52],[46.81,49.58],[47.51,49.38],[48.1,48.72],[48.65,48.59],[48.78,48.46],[50.12,48.19],[51.2,48.19],[51.28,48.19],[53.6,48.19],[53.79,47.99],[53.96,47.99],[54.0,47.86],[54.17,47.86],[54.3,47.73],[54.26,47.6],[54.41,47.53],[54.37,47.4],[54.52,47.33],[54.44,46.74],[54.52,46.74],[54.29,45.56],[54.21,45.56],[53.88,45.56],[53.67,45.37],[53.42,45.37],[53.06,45.56],[53.07,45.89],[53.25,45.96],[53.35,46.35],[53.27,46.35],[53.27,46.68],[53.19,46.68],[53.24,46.87],[53.11,47.01],[51.86,46.94],[51.81,47.07],[51.58,47.14],[50.84,47.14],[50.3,46.94],[49.99,46.68],[49.3,46.55],[49.06,46.22],[48.64,46.15],[48.59,45.96],[48.35,45.96],[48.06,45.76],[47.57,45.76],[47.46,45.63],[47.54,45.63],[47.52,45.56],[47.48,45.37]]],[[[53.08,45.96],[53.1,46.02],[53.18,46.02],[53.17,45.96],[53.08,45.96]]]]},"properties":{"id":"territory:Khazaria:768","name":"하자르","name_en":"Khazaria","actor":"기타중립","valid_from":768,"valid_to":778,"wikidata":"Q173282","area":748831,"src":"cliopatria","confidence":"medium"}},{"type":"Feature","geometry":{"type":"Point","coordinates":[43.367,46.606]},"properties":{"id":"territory:Khazaria:750:label","name":"하자르","name_en":"Khazaria","actor":"기타중립","valid_from":750,"valid_to":763,"wikidata":"Q173282","area":748831,"src":"cliopatria","confidence":"medium"}},{"type":"Feature","geometry":{"type":"Point","coordinates":[43.367,46.606]},"properties":{"id":"territory:Khazaria:768:label","name":"하자르","name_en":"Khazaria","actor":"기타중립","valid_from":768,"valid_to":778,"wikidata":"Q173282","area":748831,"src":"cliopatria","confidence":"medium"}},{"type":"Feature","geometry":{"type":"MultiPolygon","coordinates":[[[[34.99,45.63],[35.02,45.3],[36.42,45.43],[36.37,45.1],[35.88,45.04],[35.73,45.17],[35.41,45.17],[35.3,44.97],[34.87,44.84],[34.79,44.84],[34.73,44.97],[34.08,44.97],[34.09,45.04],[33.6,45.04],[33.47,45.24],[33.22,45.24],[32.61,45.5],[33.71,45.82],[33.74,46.02],[34.15,46.09],[34.54,45.96],[34.74,45.63],[34.82,45.63],[34.99,45.63]]],[[[47.48,45.37],[47.33,45.43],[47.29,45.24],[47.1,45.1],[47.04,44.84],[46.69,44.71],[46.63,44.45],[47.01,44.32],[47.34,43.99],[47.34,43.6],[47.46,43.41],[47.38,43.02],[47.66,42.82],[47.68,42.56],[48.21,42.04],[48.2,41.98],[48.09,41.85],[48.17,41.85],[48.18,41.52],[47.89,41.26],[47.56,41.2],[47.27,41.33],[46.74,41.85],[46.35,41.91],[46.3,42.04],[45.75,42.11],[45.67,42.5],[45.23,42.69],[44.82,42.69],[44.84,42.76],[44.76,42.76],[44.74,42.69],[44.36,42.76],[43.85,42.63],[43.66,42.89],[43.42,42.89],[42.99,43.15],[42.5,43.15],[41.71,43.21],[41.35,43.41],[41.1,43.41],[41.12,43.47],[40.4,43.54],[40.26,43.67],[40.29,43.8],[40.03,43.73],[39.35,43.99],[39.36,44.06],[38.22,44.45],[38.01,44.71],[37.53,44.71],[37.26,45.04],[36.78,45.1],[36.82,45.37],[36.74,45.37],[36.91,45.43],[36.97,45.3],[37.7,45.3],[37.68,45.63],[37.86,45.76],[37.89,45.96],[38.33,46.15],[38.37,46.35],[37.9,46.48],[37.84,46.61],[38.49,46.61],[38.62,46.87],[38.79,46.87],[38.89,47.01],[39.13,46.94],[39.27,47.27],[39.2,47.33],[38.68,47.2],[37.52,47.14],[37.17,47.01],[37.23,46.87],[36.91,46.94],[36.8,46.81],[35.63,46.68],[35.25,46.28],[34.76,46.28],[34.74,46.15],[34.08,46.15],[34.02,46.28],[33.61,46.28],[33.59,46.15],[32.95,46.22],[32.85,46.09],[32.68,46.09],[32.06,46.35],[31.82,46.35],[31.84,46.48],[32.16,46.48],[32.17,46.55],[32.92,46.61],[33.69,46.87],[34.08,47.27],[34.12,47.53],[34.2,47.53],[34.63,47.66],[34.78,47.53],[35.03,47.53],[35.19,48.06],[35.12,48.13],[35.2,48.13],[35.35,48.52],[36.37,49.18],[37.08,49.38],[37.69,49.98],[37.63,50.11],[37.9,50.18],[38.48,50.18],[38.95,49.98],[39.3,50.05],[40.93,49.85],[41.45,49.91],[41.74,49.71],[42.4,49.65],[43.57,49.65],[44.54,49.52],[46.81,49.58],[47.51,49.38],[48.1,48.72],[48.65,48.59],[48.78,48.46],[50.12,48.19],[51.2,48.19],[51.28,48.19],[53.6,48.19],[53.79,47.99],[53.96,47.99],[54.0,47.86],[54.17,47.86],[54.3,47.73],[54.26,47.6],[54.41,47.53],[54.37,47.4],[54.52,47.33],[54.44,46.74],[54.52,46.74],[54.29,45.56],[54.21,45.56],[53.88,45.56],[53.67,45.37],[53.42,45.37],[53.06,45.56],[53.07,45.89],[53.25,45.96],[53.35,46.35],[53.27,46.35],[53.27,46.68],[53.19,46.68],[53.24,46.87],[53.11,47.01],[51.86,46.94],[51.81,47.07],[51.58,47.14],[50.84,47.14],[50.3,46.94],[49.99,46.68],[49.3,46.55],[49.06,46.22],[48.64,46.15],[48.59,45.96],[48.35,45.96],[48.06,45.76],[47.57,45.76],[47.46,45.63],[47.54,45.63],[47.52,45.56],[47.48,45.37]]],[[[53.08,45.96],[53.1,46.02],[53.18,46.02],[53.17,45.96],[53.08,45.96]]]]},"properties":{"id":"territory:Khazaria:778","name":"하자르","name_en":"Khazaria","actor":"기타중립","valid_from":778,"valid_to":814,"wikidata":"Q173282","area":748737,"src":"cliopatria","confidence":"medium"}},{"type":"Feature","geometry":{"type":"Point","coordinates":[43.367,46.607]},"properties":{"id":"territory:Khazaria:778:label","name":"하자르","name_en":"Khazaria","actor":"기타중립","valid_from":778,"valid_to":814,"wikidata":"Q173282","area":748737,"src":"cliopatria","confidence":"medium"}},{"type":"Feature","geometry":{"type":"MultiPolygon","coordinates":[[[[14.34,36.03],[14.42,36.03],[14.57,35.97],[14.57,35.77],[14.34,35.84],[14.34,36.03]]],[[[16.49,38.42],[15.93,37.96],[15.7,37.96],[15.62,38.16],[15.39,38.16],[15.07,37.64],[15.06,37.25],[15.21,37.19],[15.05,36.74],[14.66,36.74],[14.28,37.13],[13.58,37.25],[13.19,37.58],[12.49,37.71],[12.49,37.9],[12.65,38.09],[13.04,38.03],[13.12,38.16],[13.35,38.16],[13.67,37.96],[14.06,37.96],[15.86,38.29],[15.95,38.67],[16.27,38.74],[16.27,38.93],[16.12,39.06],[16.05,39.45],[15.9,39.64],[15.9,39.71],[16.45,39.71],[16.45,39.64],[16.84,39.51],[16.92,39.51],[17.07,39.38],[17.14,39.06],[16.5,38.8],[16.49,38.42]]],[[[9.67,40.29],[9.75,39.64],[9.67,39.64],[9.59,39.13],[9.12,39.19],[8.97,38.87],[8.73,38.87],[8.34,39.0],[8.41,39.26],[8.33,39.26],[8.33,39.51],[8.41,39.51],[8.48,39.9],[8.32,39.97],[8.4,40.29],[8.32,40.29],[8.32,40.48],[8.16,40.55],[8.15,40.94],[8.55,40.87],[9.02,41.26],[9.1,41.26],[9.5,41.2],[9.82,40.74],[9.82,40.36],[9.67,40.29]]],[[[17.42,40.36],[17.35,40.55],[17.83,40.68],[18.21,40.42],[18.21,40.36],[18.44,40.16],[18.35,39.9],[18.11,39.9],[17.81,40.36],[17.42,40.36]]],[[[14.58,40.81],[14.74,40.81],[14.73,40.68],[14.66,40.68],[14.58,40.68],[14.5,40.68],[14.42,40.68],[14.42,40.74],[14.42,40.87],[14.03,40.94],[14.03,41.0],[14.5,41.0],[14.58,40.81]]],[[[9.58,41.98],[9.5,41.98],[9.5,41.78],[9.26,41.39],[9.1,41.33],[8.78,41.52],[8.78,41.72],[8.62,41.72],[8.7,41.91],[8.54,42.11],[8.53,42.5],[8.77,42.69],[9.17,42.76],[9.25,43.02],[9.33,43.02],[9.49,43.02],[9.49,42.76],[9.57,42.76],[9.58,41.98]]],[[[11.57,42.3],[11.49,42.3],[11.49,42.37],[11.57,42.37],[11.57,42.3]]],[[[17.51,42.89],[17.59,42.89],[17.59,42.82],[17.59,42.76],[17.51,42.76],[17.51,42.82],[17.51,42.89]]],[[[16.72,43.21],[16.8,43.21],[17.12,43.21],[17.12,43.08],[16.72,43.08],[16.72,43.21]]],[[[12.38,42.95],[12.46,42.95],[12.61,42.37],[13.01,42.04],[13.33,41.98],[13.41,41.85],[13.8,41.85],[13.96,41.72],[14.04,41.52],[13.79,41.2],[13.71,41.2],[13.4,41.33],[13.0,41.33],[12.92,41.46],[12.6,41.52],[12.13,41.91],[12.13,42.04],[11.73,42.17],[11.65,42.37],[11.57,42.37],[11.98,42.82],[11.58,43.15],[11.66,43.6],[11.26,43.8],[11.26,44.25],[11.02,44.58],[11.02,44.84],[11.27,45.04],[11.27,45.17],[11.83,45.04],[12.0,45.37],[12.08,45.37],[12.16,45.37],[12.16,45.17],[12.4,45.04],[12.4,44.78],[12.16,44.84],[12.15,44.45],[12.31,44.19],[12.87,43.8],[13.04,43.86],[13.03,43.73],[13.36,43.67],[13.67,43.41],[13.59,43.34],[13.59,43.28],[13.43,43.28],[13.11,43.6],[12.71,43.6],[12.55,43.47],[12.38,42.95]]],[[[16.73,43.47],[16.81,43.47],[16.81,43.41],[16.81,43.34],[16.73,43.34],[16.73,43.41],[16.73,43.47]]],[[[16.01,43.6],[15.93,43.67],[16.66,43.67],[16.65,43.54],[16.57,43.54],[16.25,43.6],[16.17,43.47],[15.93,43.47],[16.01,43.6]]],[[[15.47,44.32],[15.3,44.12],[15.22,44.25],[15.14,44.25],[14.99,44.58],[15.15,44.58],[15.15,44.45],[15.47,44.32]]],[[[14.19,45.04],[14.03,45.04],[13.95,45.04],[13.63,45.5],[13.71,45.5],[13.71,45.56],[13.71,45.63],[13.71,45.69],[13.71,45.76],[13.8,45.76],[13.88,45.76],[13.88,45.82],[14.12,45.82],[14.2,45.5],[14.28,45.5],[14.19,45.04]]],[[[14.12,45.82],[14.13,45.89],[14.21,45.89],[14.21,45.82],[14.12,45.82]]],[[[24.3,35.32],[25.69,35.32],[25.68,35.13],[26.23,35.19],[26.14,35.07],[24.82,35.0],[24.76,35.19],[24.53,35.19],[24.45,35.19],[23.68,35.26],[23.62,35.52],[24.16,35.52],[24.15,35.39],[24.3,35.32]]],[[[22.89,36.42],[22.96,36.42],[23.12,36.35],[23.11,36.16],[22.87,36.16],[22.89,36.42]]],[[[24.36,37.71],[24.43,37.58],[24.27,37.51],[24.2,37.64],[24.28,37.71],[24.36,37.71]]],[[[20.7,37.9],[20.93,37.9],[20.92,37.64],[20.61,37.71],[20.62,37.9],[20.7,37.9]]],[[[24.69,38.03],[24.77,38.03],[25.07,37.77],[24.83,37.71],[24.68,37.84],[24.69,38.03]]],[[[20.49,38.42],[20.57,38.42],[20.8,38.29],[20.79,38.09],[20.32,38.16],[20.33,38.35],[20.49,38.42]]],[[[23.56,38.74],[23.48,38.74],[23.49,38.8],[23.57,38.8],[23.56,38.74]]],[[[24.36,39.0],[24.44,39.0],[24.67,38.93],[24.66,38.74],[24.36,38.87],[24.36,39.0]]],[[[20.15,39.64],[20.15,39.58],[20.07,39.58],[20.07,39.64],[20.15,39.64]]],[[[26.7,40.68],[26.62,40.68],[26.55,40.74],[26.14,40.61],[26.08,40.87],[25.85,40.94],[24.35,41.0],[24.01,40.74],[23.7,40.81],[23.68,40.61],[23.84,40.55],[23.74,40.23],[22.96,40.42],[22.89,40.61],[22.57,40.55],[22.54,40.1],[22.7,40.1],[22.61,39.9],[23.14,39.45],[22.82,39.38],[22.8,39.06],[22.96,39.13],[23.49,38.87],[23.33,38.8],[23.03,38.93],[22.94,38.74],[23.17,38.67],[23.31,38.48],[23.63,38.48],[23.56,38.74],[24.03,38.67],[24.18,38.55],[24.16,38.22],[24.0,38.22],[23.98,37.84],[23.44,38.03],[23.21,38.03],[23.2,37.9],[23.04,37.9],[23.11,37.64],[23.34,37.64],[23.4,37.32],[23.17,37.32],[23.18,37.45],[22.95,37.58],[22.71,37.58],[22.7,37.32],[22.85,37.25],[23.06,36.67],[22.83,36.87],[22.6,36.87],[22.51,36.67],[22.36,36.67],[22.22,37.06],[21.91,37.06],[21.9,36.87],[21.74,36.87],[21.68,37.19],[21.6,37.19],[21.7,37.51],[21.24,37.84],[21.42,38.16],[21.73,38.16],[21.74,38.35],[21.19,38.42],[20.97,38.74],[20.74,38.8],[20.91,39.06],[20.3,39.38],[20.15,39.71],[19.92,39.71],[19.91,39.58],[19.76,39.64],[19.76,39.77],[20.0,39.77],[20.01,39.97],[19.63,40.29],[19.47,40.29],[19.49,40.61],[19.25,40.61],[19.25,40.74],[19.5,40.87],[19.42,40.94],[19.53,41.52],[19.46,41.65],[19.85,41.65],[19.84,41.46],[19.92,41.46],[19.84,41.33],[19.99,41.26],[19.89,40.74],[20.04,40.55],[20.27,40.48],[20.18,40.29],[20.33,40.1],[20.49,40.1],[20.41,40.03],[20.48,39.9],[20.79,39.77],[21.66,39.77],[22.06,39.97],[22.01,40.36],[22.1,40.55],[23.4,41.07],[23.73,41.33],[23.66,41.46],[23.75,41.52],[24.63,41.65],[24.65,41.85],[24.97,41.85],[24.97,41.91],[25.21,41.91],[25.22,42.04],[25.46,42.04],[25.8,42.24],[27.33,42.37],[27.53,42.82],[27.77,42.76],[27.69,42.76],[27.67,42.63],[27.51,42.63],[27.49,42.43],[27.94,42.04],[27.98,41.65],[28.22,41.65],[28.29,41.52],[28.28,41.46],[27.88,41.46],[27.55,41.26],[27.47,41.26],[27.12,41.0],[26.97,41.0],[26.71,40.81],[26.7,40.68]],[[23.06,38.16],[22.98,38.16],[22.98,38.09],[23.06,38.09],[23.06,38.16]],[[22.91,38.22],[22.75,38.16],[22.84,38.35],[22.51,38.22],[22.6,38.42],[22.29,38.42],[22.44,38.29],[22.44,38.22],[22.59,38.16],[22.66,37.96],[22.97,37.96],[22.91,38.22]],[[22.98,38.22],[22.99,38.29],[22.91,38.29],[22.91,38.22],[22.98,38.22]],[[22.35,38.09],[22.43,38.09],[22.43,38.16],[22.35,38.16],[22.35,38.09]],[[22.2,38.16],[22.28,38.16],[22.28,38.22],[22.2,38.22],[22.2,38.16]],[[22.36,38.22],[22.36,38.29],[22.28,38.29],[22.28,38.22],[22.36,38.22]],[[21.06,39.0],[21.06,38.93],[21.14,38.93],[21.14,39.0],[21.15,39.06],[21.07,39.06],[20.99,39.06],[20.99,39.0],[21.06,39.0]]],[[[21.74,39.9],[21.75,39.97],[21.83,39.97],[21.82,39.9],[21.74,39.9]]],[[[24.57,40.81],[24.81,40.81],[24.79,40.61],[24.55,40.55],[24.49,40.81],[24.57,40.81]]],[[[20.0,41.33],[19.92,41.33],[19.92,41.39],[20.0,41.39],[20.0,41.33]]],[[[19.85,41.65],[19.86,41.72],[19.94,41.72],[19.93,41.65],[19.85,41.65]]],[[[18.07,42.89],[18.07,42.82],[18.23,42.76],[18.07,42.69],[17.99,42.82],[17.83,42.82],[18.07,42.89]]],[[[27.69,36.29],[28.02,36.48],[28.09,36.48],[28.25,36.48],[28.14,36.03],[27.74,35.9],[27.69,36.29]]],[[[27.19,36.8],[26.87,36.67],[27.04,36.93],[27.12,36.93],[27.19,36.8]]],[[[25.42,37.13],[25.57,37.13],[25.56,37.0],[25.33,37.0],[25.34,37.13],[25.42,37.13]]],[[[32.24,38.42],[32.31,38.29],[32.91,38.09],[32.98,37.96],[33.66,37.77],[33.65,37.64],[34.18,37.51],[34.39,37.25],[34.92,37.13],[34.82,36.87],[34.74,36.87],[34.25,36.67],[33.98,36.29],[33.27,36.22],[32.71,36.03],[32.56,36.03],[32.5,36.22],[32.07,36.61],[31.09,36.93],[30.54,36.87],[30.49,36.35],[30.03,36.35],[29.94,36.22],[29.24,36.22],[29.12,36.74],[28.36,36.87],[28.19,36.67],[28.03,36.67],[28.14,37.06],[28.07,37.13],[27.6,37.13],[27.54,37.38],[27.22,37.32],[27.31,37.45],[27.16,37.58],[27.26,37.77],[27.18,37.77],[27.28,38.03],[26.89,38.09],[26.82,38.22],[26.43,38.22],[26.38,38.67],[26.54,38.61],[26.59,38.35],[27.06,38.35],[27.07,38.42],[27.69,38.29],[27.98,38.09],[28.53,38.09],[28.61,38.09],[30.03,38.22],[30.52,38.42],[31.71,38.55],[32.24,38.42]]],[[[25.06,37.71],[25.22,37.71],[25.29,37.51],[25.05,37.51],[24.99,37.71],[25.06,37.71]]],[[[26.16,37.71],[26.31,37.71],[26.3,37.58],[25.99,37.51],[26.08,37.71],[26.16,37.71]]],[[[25.9,38.48],[25.82,38.48],[25.91,38.67],[25.99,38.67],[26.22,38.55],[26.11,38.16],[25.88,38.16],[25.9,38.48]]],[[[26.1,39.13],[25.79,39.19],[26.04,39.38],[26.12,39.38],[26.51,39.32],[26.64,39.0],[26.25,38.93],[26.09,39.0],[26.1,39.13]]],[[[40.39,41.07],[40.54,41.0],[41.05,41.2],[41.16,41.39],[41.31,41.33],[41.41,41.46],[41.57,41.46],[41.68,41.65],[41.69,41.72],[41.84,41.65],[41.81,41.46],[41.53,41.26],[41.33,40.48],[40.96,40.16],[40.81,39.71],[40.56,39.58],[40.52,39.32],[40.26,39.19],[40.05,38.8],[39.3,38.48],[37.97,38.48],[37.82,37.9],[36.66,37.32],[35.88,37.32],[35.51,37.51],[35.27,37.51],[35.06,37.71],[34.76,37.77],[34.69,37.9],[34.39,37.96],[34.25,38.16],[34.02,38.16],[33.73,38.42],[33.27,38.55],[33.14,38.74],[32.83,38.8],[32.77,38.93],[31.78,39.26],[30.03,39.06],[29.77,38.87],[29.13,38.67],[27.96,38.74],[27.43,39.0],[27.41,39.77],[26.99,40.36],[27.07,40.36],[27.47,40.42],[27.54,40.29],[27.7,40.29],[27.79,40.48],[27.95,40.48],[27.94,40.36],[29.05,40.36],[28.9,40.48],[28.91,40.61],[29.48,40.74],[29.49,40.87],[29.25,40.81],[29.1,40.94],[29.12,41.07],[28.48,41.07],[28.58,41.33],[28.98,41.26],[28.96,41.13],[30.48,41.2],[30.62,41.07],[31.18,41.07],[31.53,41.39],[32.03,41.52],[32.04,41.65],[32.19,41.59],[32.69,41.78],[32.63,41.91],[32.86,41.85],[33.28,41.98],[34.78,41.91],[34.88,42.04],[35.12,42.04],[35.16,41.72],[35.95,41.72],[36.21,41.26],[36.77,41.33],[37.07,41.13],[37.23,41.2],[37.21,41.07],[37.44,41.0],[37.92,41.0],[38.0,41.0],[38.54,40.87],[39.21,41.13],[39.74,40.94],[40.37,40.94],[40.39,41.07]]],[[[25.07,40.03],[25.15,40.03],[25.46,40.03],[25.45,39.84],[24.97,39.84],[25.07,40.03]]],[[[26.44,40.42],[26.52,40.42],[26.42,40.16],[26.57,40.1],[26.63,39.77],[26.62,39.71],[26.7,39.71],[26.68,39.51],[26.13,39.51],[26.27,40.29],[26.44,40.42]]],[[[25.8,40.29],[26.04,40.29],[26.02,40.16],[25.7,40.1],[25.72,40.29],[25.8,40.29]]],[[[27.71,43.02],[27.72,43.08],[27.74,43.28],[27.99,43.34],[27.98,43.28],[27.71,43.02]]],[[[33.76,45.04],[33.84,45.04],[33.93,45.04],[34.01,45.04],[34.09,45.04],[34.08,44.97],[34.73,44.97],[34.79,44.84],[34.71,44.84],[33.76,44.45],[33.68,44.45],[33.6,44.45],[33.52,44.45],[33.47,44.65],[33.55,44.65],[33.6,45.04],[33.68,45.04],[33.76,45.04]]]]},"properties":{"id":"territory:Byzantine Empire:718","name":"비잔티움 제국","name_en":"Byzantine Empire","actor":"로마","valid_from":718,"valid_to":724,"wikidata":"Q112039853","area":743892,"src":"cliopatria","confidence":"medium"}},{"type":"Feature","geometry":{"type":"Point","coordinates":[34.631,39.86]},"properties":{"id":"territory:Byzantine Empire:718:label","name":"비잔티움 제국","name_en":"Byzantine Empire","actor":"로마","valid_from":718,"valid_to":724,"wikidata":"Q112039853","area":743892,"src":"cliopatria","confidence":"medium"}},{"type":"Feature","geometry":{"type":"MultiPolygon","coordinates":[[[[6.61,52.05],[6.61,51.98],[6.7,51.98],[7.13,51.85],[7.39,51.58],[7.98,51.92],[8.57,52.05],[8.74,51.85],[8.66,51.58],[7.73,51.25],[7.74,51.11],[8.34,50.71],[8.84,51.05],[10.1,51.45],[10.27,51.65],[10.53,51.65],[10.87,51.92],[11.55,51.78],[11.55,51.71],[11.29,51.38],[11.46,51.25],[12.05,51.11],[12.3,50.65],[12.04,50.58],[12.04,50.31],[11.87,50.25],[11.87,50.11],[11.28,49.91],[11.28,49.78],[11.03,49.65],[11.03,49.52],[10.86,49.38],[10.86,49.25],[11.11,49.18],[11.03,48.85],[11.03,48.79],[10.11,48.46],[9.95,47.86],[9.87,47.86],[9.95,47.66],[9.54,47.4],[9.63,46.94],[9.38,46.68],[9.39,46.48],[9.14,46.15],[8.24,46.15],[7.84,45.96],[6.94,45.96],[6.78,45.82],[6.78,45.69],[7.11,45.5],[7.12,45.3],[6.71,45.17],[6.64,44.97],[6.97,44.84],[6.97,44.65],[6.89,44.65],[6.98,44.25],[7.3,44.12],[7.63,44.19],[7.55,43.8],[7.47,43.8],[6.67,43.47],[6.6,43.28],[6.28,43.15],[5.8,43.15],[5.63,43.28],[5.39,43.28],[5.39,43.41],[5.06,43.47],[4.18,43.47],[4.17,43.6],[3.85,43.6],[2.98,43.15],[3.01,42.56],[3.09,42.56],[3.09,42.5],[2.46,42.37],[1.89,42.56],[1.66,42.43],[1.49,42.5],[1.49,42.63],[1.32,42.69],[1.21,43.21],[0.54,43.73],[0.44,44.06],[0.28,44.06],[0.02,44.39],[-0.64,44.52],[-1.06,44.78],[-1.22,44.71],[-1.22,44.78],[-1.19,45.43],[-1.03,45.5],[-1.05,45.69],[-1.21,45.76],[-1.14,45.89],[-1.22,45.89],[-1.25,46.28],[-1.67,46.35],[-2.01,46.61],[-2.02,46.74],[-2.19,46.81],[-2.14,47.14],[-2.23,47.27],[-2.56,47.27],[-2.58,47.47],[-2.83,47.53],[-2.84,47.6],[-2.75,47.6],[-2.77,47.73],[-2.12,47.86],[-1.64,48.13],[-1.67,48.46],[-1.51,48.52],[-1.6,48.65],[-1.61,48.72],[-1.72,49.05],[-1.64,49.05],[-1.65,49.25],[-1.91,49.38],[-2.03,49.78],[-1.36,49.78],[-1.25,49.45],[0.01,49.38],[-0.01,49.65],[0.22,49.85],[1.05,49.98],[1.45,50.25],[1.42,50.71],[1.66,51.05],[2.58,51.18],[3.16,51.45],[3.75,51.45],[3.41,51.51],[3.4,51.65],[3.74,51.65],[3.65,51.78],[3.82,51.78],[3.81,51.92],[3.98,51.92],[3.97,52.05],[4.22,52.18],[4.22,52.32],[4.46,52.52],[4.45,52.72],[4.7,52.99],[4.87,52.99],[4.88,52.79],[5.06,52.65],[5.14,52.79],[5.39,52.86],[5.39,52.99],[5.21,53.12],[5.54,53.39],[6.23,53.53],[6.92,53.46],[6.91,53.6],[7.08,53.73],[7.94,53.73],[8.12,53.6],[8.29,53.66],[8.38,53.66],[8.47,53.39],[8.3,53.26],[7.1,52.99],[7.1,52.86],[6.94,52.72],[6.95,52.25],[6.7,52.05],[6.61,52.05]]],[[[12.12,50.25],[12.04,50.25],[12.04,50.31],[12.12,50.31],[12.12,50.25]]]]},"properties":{"id":"territory:Kingdom of the Franks:772","name":"프랑크 왕국","name_en":"Kingdom of the Franks","actor":"게르만","valid_from":772,"valid_to":775,"wikidata":"Q146246","area":740220,"src":"cliopatria","confidence":"medium"}},{"type":"Feature","geometry":{"type":"Point","coordinates":[4.534,47.966]},"properties":{"id":"territory:Kingdom of the Franks:772:label","name":"프랑크 왕국","name_en":"Kingdom of the Franks","actor":"게르만","valid_from":772,"valid_to":775,"wikidata":"Q146246","area":740220,"src":"cliopatria","confidence":"medium"}},{"type":"Feature","geometry":{"type":"MultiPolygon","coordinates":[[[[14.34,36.03],[14.42,36.03],[14.57,35.97],[14.57,35.77],[14.34,35.84],[14.34,36.03]]],[[[16.49,38.42],[15.93,37.96],[15.7,37.96],[15.62,38.16],[15.39,38.16],[15.07,37.64],[15.06,37.25],[15.21,37.19],[15.05,36.74],[14.66,36.74],[14.28,37.13],[13.58,37.25],[13.19,37.58],[12.49,37.71],[12.49,37.9],[12.65,38.09],[13.04,38.03],[13.12,38.16],[13.35,38.16],[13.67,37.96],[14.06,37.96],[15.86,38.29],[15.95,38.67],[16.27,38.74],[16.27,38.93],[16.12,39.06],[16.05,39.45],[15.9,39.64],[15.9,39.71],[16.45,39.71],[16.45,39.64],[16.84,39.51],[16.92,39.51],[17.07,39.38],[17.14,39.06],[16.5,38.8],[16.49,38.42]]],[[[9.67,40.29],[9.75,39.64],[9.67,39.64],[9.59,39.13],[9.12,39.19],[8.97,38.87],[8.73,38.87],[8.34,39.0],[8.41,39.26],[8.33,39.26],[8.33,39.51],[8.41,39.51],[8.48,39.9],[8.32,39.97],[8.4,40.29],[8.32,40.29],[8.32,40.48],[8.16,40.55],[8.15,40.94],[8.55,40.87],[9.02,41.26],[9.1,41.26],[9.5,41.2],[9.82,40.74],[9.82,40.36],[9.67,40.29]]],[[[17.42,40.36],[17.35,40.55],[17.83,40.68],[18.21,40.42],[18.21,40.36],[18.44,40.16],[18.35,39.9],[18.11,39.9],[17.81,40.36],[17.42,40.36]]],[[[14.58,40.81],[14.74,40.81],[14.73,40.68],[14.66,40.68],[14.58,40.68],[14.5,40.68],[14.42,40.68],[14.42,40.74],[14.42,40.87],[14.03,40.94],[14.03,41.0],[14.5,41.0],[14.58,40.81]]],[[[9.58,41.98],[9.5,41.98],[9.5,41.78],[9.26,41.39],[9.1,41.33],[8.78,41.52],[8.78,41.72],[8.62,41.72],[8.7,41.91],[8.54,42.11],[8.53,42.5],[8.77,42.69],[9.17,42.76],[9.25,43.02],[9.33,43.02],[9.49,43.02],[9.49,42.76],[9.57,42.76],[9.58,41.98]]],[[[11.57,42.37],[11.57,42.3],[11.49,42.3],[11.49,42.37],[11.57,42.37]]],[[[17.51,42.82],[17.51,42.89],[17.59,42.89],[17.59,42.82],[17.59,42.76],[17.51,42.76],[17.51,42.82]]],[[[16.8,43.21],[17.12,43.21],[17.12,43.08],[16.72,43.08],[16.72,43.21],[16.8,43.21]]],[[[12.38,42.95],[12.46,42.95],[12.61,42.37],[13.01,42.04],[13.33,41.98],[13.41,41.85],[13.8,41.85],[13.96,41.72],[14.04,41.52],[13.79,41.2],[13.71,41.2],[13.4,41.33],[13.0,41.33],[12.92,41.46],[12.6,41.52],[12.13,41.91],[12.13,42.04],[11.73,42.17],[11.65,42.37],[11.57,42.37],[11.98,42.82],[11.58,43.15],[11.66,43.6],[11.26,43.8],[11.26,44.25],[11.02,44.58],[11.02,44.84],[11.27,45.04],[11.27,45.17],[11.83,45.04],[12.0,45.37],[12.08,45.37],[12.16,45.37],[12.16,45.17],[12.4,45.04],[12.4,44.78],[12.16,44.84],[12.15,44.45],[12.31,44.19],[12.87,43.8],[13.04,43.86],[13.03,43.73],[13.36,43.67],[13.67,43.41],[13.59,43.34],[13.59,43.28],[13.43,43.28],[13.11,43.6],[12.71,43.6],[12.55,43.47],[12.38,42.95]]],[[[16.73,43.41],[16.73,43.47],[16.81,43.47],[16.81,43.41],[16.81,43.34],[16.73,43.34],[16.73,43.41]]],[[[16.01,43.6],[15.93,43.67],[16.66,43.67],[16.65,43.54],[16.57,43.54],[16.25,43.6],[16.17,43.47],[15.93,43.47],[16.01,43.6]]],[[[15.47,44.32],[15.3,44.12],[15.22,44.25],[15.14,44.25],[14.99,44.58],[15.15,44.58],[15.15,44.45],[15.47,44.32]]],[[[14.03,45.04],[13.95,45.04],[13.63,45.5],[13.71,45.5],[13.71,45.56],[13.71,45.63],[13.71,45.69],[13.71,45.76],[13.8,45.76],[13.88,45.76],[13.88,45.82],[14.12,45.82],[14.2,45.5],[14.28,45.5],[14.19,45.04],[14.03,45.04]]],[[[14.12,45.82],[14.13,45.89],[14.21,45.89],[14.21,45.82],[14.12,45.82]]],[[[24.15,35.39],[24.3,35.32],[25.69,35.32],[25.68,35.13],[26.23,35.19],[26.14,35.07],[24.82,35.0],[24.76,35.19],[24.53,35.19],[24.45,35.19],[23.68,35.26],[23.62,35.52],[24.16,35.52],[24.15,35.39]]],[[[22.96,36.42],[23.12,36.35],[23.11,36.16],[22.87,36.16],[22.89,36.42],[22.96,36.42]]],[[[24.36,37.71],[24.43,37.58],[24.27,37.51],[24.2,37.64],[24.28,37.71],[24.36,37.71]]],[[[24.99,37.71],[25.06,37.71],[25.22,37.71],[25.29,37.51],[25.05,37.51],[24.99,37.71]]],[[[20.7,37.9],[20.93,37.9],[20.92,37.64],[20.61,37.71],[20.62,37.9],[20.7,37.9]]],[[[24.77,38.03],[25.07,37.77],[24.83,37.71],[24.68,37.84],[24.69,38.03],[24.77,38.03]]],[[[20.33,38.35],[20.49,38.42],[20.57,38.42],[20.8,38.29],[20.79,38.09],[20.32,38.16],[20.33,38.35]]],[[[23.57,38.8],[23.56,38.74],[23.48,38.74],[23.49,38.8],[23.57,38.8]]],[[[24.36,39.0],[24.44,39.0],[24.67,38.93],[24.66,38.74],[24.36,38.87],[24.36,39.0]]],[[[20.15,39.58],[20.07,39.58],[20.07,39.64],[20.15,39.64],[20.15,39.58]]],[[[21.74,39.9],[21.75,39.97],[21.83,39.97],[21.82,39.9],[21.74,39.9]]],[[[24.49,40.81],[24.57,40.81],[24.81,40.81],[24.79,40.61],[24.55,40.55],[24.49,40.81]]],[[[19.92,41.33],[19.92,41.39],[20.0,41.39],[20.0,41.33],[19.92,41.33]]],[[[19.85,41.65],[19.86,41.72],[19.94,41.72],[19.93,41.65],[19.85,41.65]]],[[[17.83,42.82],[18.07,42.89],[18.07,42.82],[18.23,42.76],[18.07,42.69],[17.99,42.82],[17.83,42.82]]],[[[28.02,36.48],[28.09,36.48],[28.25,36.48],[28.14,36.03],[27.74,35.9],[27.69,36.29],[28.02,36.48]]],[[[27.19,36.8],[26.87,36.67],[27.04,36.93],[27.12,36.93],[27.19,36.8]]],[[[25.34,37.13],[25.42,37.13],[25.57,37.13],[25.56,37.0],[25.33,37.0],[25.34,37.13]]],[[[26.08,37.71],[26.16,37.71],[26.31,37.71],[26.3,37.58],[25.99,37.51],[26.08,37.71]]],[[[25.9,38.48],[25.82,38.48],[25.91,38.67],[25.99,38.67],[26.22,38.55],[26.11,38.16],[25.88,38.16],[25.9,38.48]]],[[[26.1,39.13],[25.79,39.19],[26.04,39.38],[26.12,39.38],[26.51,39.32],[26.64,39.0],[26.25,38.93],[26.09,39.0],[26.1,39.13]]],[[[32.03,41.52],[32.04,41.65],[32.19,41.59],[32.69,41.78],[32.63,41.91],[32.86,41.85],[33.28,41.98],[34.78,41.91],[34.88,42.04],[35.12,42.04],[35.16,41.72],[35.95,41.72],[36.21,41.26],[36.77,41.33],[37.07,41.13],[37.23,41.2],[37.21,41.07],[37.77,41.07],[37.83,40.94],[38.16,41.0],[38.3,40.87],[38.78,40.94],[39.05,41.13],[39.74,40.94],[40.37,40.94],[40.39,41.07],[40.54,41.0],[41.05,41.2],[41.16,41.39],[41.31,41.33],[41.41,41.46],[41.57,41.46],[41.68,41.65],[41.69,41.72],[41.84,41.65],[41.81,41.46],[41.53,41.26],[40.74,40.74],[40.58,40.74],[39.59,39.97],[38.84,39.71],[38.3,39.77],[38.16,39.9],[38.08,39.9],[37.76,39.9],[37.34,39.71],[36.82,39.32],[36.8,39.19],[36.56,39.13],[36.54,39.0],[35.74,38.22],[35.73,38.09],[35.81,38.09],[35.69,37.77],[35.54,37.77],[35.36,37.58],[35.35,37.51],[35.03,37.45],[34.78,37.25],[34.66,36.87],[34.58,36.87],[34.25,36.67],[33.98,36.29],[33.27,36.22],[32.71,36.03],[32.56,36.03],[32.5,36.22],[32.07,36.61],[31.09,36.93],[30.62,36.93],[30.49,36.35],[30.03,36.35],[29.94,36.22],[29.24,36.22],[29.12,36.74],[28.74,36.74],[28.59,36.87],[28.36,36.87],[28.19,36.67],[28.03,36.67],[28.14,37.06],[28.07,37.13],[27.6,37.13],[27.54,37.38],[27.22,37.32],[27.31,37.45],[27.16,37.58],[27.26,37.77],[27.18,37.77],[27.28,38.03],[26.89,38.09],[26.82,38.22],[26.43,38.22],[26.38,38.67],[26.54,38.61],[26.59,38.35],[27.06,38.35],[27.08,38.55],[26.85,38.61],[26.96,39.0],[26.88,39.0],[26.89,39.19],[26.74,39.26],[26.85,39.58],[26.13,39.51],[26.27,40.29],[26.6,40.48],[26.68,40.48],[26.67,40.36],[27.47,40.42],[27.54,40.29],[27.7,40.29],[27.79,40.48],[27.95,40.48],[27.94,40.36],[29.05,40.36],[28.9,40.48],[28.91,40.61],[29.39,40.68],[29.49,40.87],[29.25,40.81],[29.1,40.94],[29.12,41.07],[27.53,41.07],[27.02,40.68],[26.92,40.48],[26.77,40.55],[26.93,40.61],[26.85,40.61],[26.77,40.61],[26.78,40.68],[26.7,40.68],[26.62,40.68],[26.55,40.74],[26.14,40.61],[26.08,40.87],[25.85,40.94],[24.35,41.0],[24.01,40.74],[23.7,40.81],[23.68,40.61],[23.84,40.55],[23.74,40.23],[22.96,40.42],[22.89,40.61],[22.57,40.55],[22.54,40.1],[22.7,40.1],[22.61,39.9],[23.14,39.45],[22.82,39.38],[22.8,39.06],[22.96,39.13],[23.49,38.87],[23.33,38.8],[23.03,38.93],[22.94,38.74],[23.17,38.67],[23.31,38.48],[23.63,38.48],[23.56,38.74],[24.03,38.67],[24.18,38.55],[24.16,38.22],[24.0,38.22],[23.98,37.84],[23.44,38.03],[23.21,38.03],[23.2,37.9],[23.04,37.9],[23.11,37.64],[23.34,37.64],[23.4,37.32],[23.17,37.32],[23.18,37.45],[22.95,37.58],[22.71,37.58],[22.7,37.32],[22.85,37.25],[23.06,36.67],[22.83,36.87],[22.6,36.87],[22.51,36.67],[22.36,36.67],[22.22,37.06],[21.91,37.06],[21.9,36.87],[21.74,36.87],[21.68,37.19],[21.6,37.19],[21.7,37.51],[21.24,37.84],[21.42,38.16],[21.73,38.16],[21.74,38.35],[21.19,38.42],[20.97,38.74],[20.74,38.8],[20.91,39.06],[20.3,39.38],[20.15,39.71],[19.92,39.71],[19.91,39.58],[19.76,39.64],[19.76,39.77],[20.0,39.77],[20.01,39.97],[19.63,40.29],[19.47,40.29],[19.49,40.61],[19.25,40.61],[19.25,40.74],[19.5,40.87],[19.42,40.94],[19.53,41.52],[19.46,41.65],[19.85,41.65],[19.84,41.46],[19.92,41.46],[19.84,41.33],[19.99,41.26],[19.89,40.74],[20.04,40.55],[20.27,40.48],[20.18,40.29],[20.33,40.1],[20.49,40.1],[20.41,40.03],[20.48,39.9],[20.79,39.77],[21.66,39.77],[22.06,39.97],[22.01,40.36],[22.1,40.55],[23.4,41.07],[23.73,41.33],[23.66,41.46],[23.75,41.52],[24.63,41.65],[24.65,41.85],[24.97,41.85],[24.97,41.91],[25.21,41.91],[25.22,42.04],[25.46,42.04],[25.8,42.24],[27.33,42.37],[27.53,42.82],[27.77,42.76],[27.69,42.76],[27.67,42.63],[27.51,42.63],[27.49,42.43],[27.94,42.04],[27.98,41.65],[28.22,41.65],[28.35,41.39],[28.97,41.2],[28.96,41.13],[30.48,41.2],[30.62,41.07],[31.18,41.07],[31.53,41.39],[32.03,41.52]]],[[[25.07,40.03],[25.15,40.03],[25.46,40.03],[25.45,39.84],[24.97,39.84],[25.07,40.03]]],[[[25.8,40.29],[26.04,40.29],[26.02,40.16],[25.7,40.1],[25.72,40.29],[25.8,40.29]]],[[[27.71,43.02],[27.72,43.08],[27.74,43.28],[27.99,43.34],[27.98,43.28],[27.71,43.02]]],[[[33.76,45.04],[33.84,45.04],[33.93,45.04],[34.01,45.04],[34.09,45.04],[34.08,44.97],[34.73,44.97],[34.79,44.84],[34.71,44.84],[33.76,44.45],[33.68,44.45],[33.6,44.45],[33.52,44.45],[33.47,44.65],[33.55,44.65],[33.6,45.04],[33.68,45.04],[33.76,45.04]]]]},"properties":{"id":"territory:Byzantine Empire:724","name":"비잔티움 제국","name_en":"Byzantine Empire","actor":"로마","valid_from":724,"valid_to":732,"wikidata":"Q112039853","area":733600,"src":"cliopatria","confidence":"medium"}},{"type":"Feature","geometry":{"type":"Point","coordinates":[30.545,39.409]},"properties":{"id":"territory:Byzantine Empire:724:label","name":"비잔티움 제국","name_en":"Byzantine Empire","actor":"로마","valid_from":724,"valid_to":732,"wikidata":"Q112039853","area":733600,"src":"cliopatria","confidence":"medium"}},{"type":"Feature","geometry":{"type":"MultiPolygon","coordinates":[[[[6.6,43.28],[6.28,43.15],[5.8,43.15],[5.63,43.28],[5.39,43.28],[5.39,43.41],[5.06,43.47],[4.18,43.47],[4.17,43.6],[4.09,43.6],[4.24,44.06],[4.64,44.19],[4.39,44.39],[3.81,44.52],[3.43,44.06],[2.79,43.99],[1.82,45.43],[1.82,45.5],[0.93,46.81],[0.58,47.01],[0.18,46.94],[0.12,46.61],[0.57,45.96],[0.91,45.69],[1.11,45.17],[1.36,45.04],[1.37,44.84],[1.53,44.78],[2.32,43.6],[2.33,43.41],[2.1,43.28],[1.95,42.95],[1.79,42.95],[1.48,42.69],[1.35,42.17],[0.72,42.04],[-1.73,42.76],[-2.13,42.76],[-2.2,42.63],[-3.0,42.63],[-2.93,42.82],[-3.01,42.82],[-3.03,43.02],[-3.19,43.08],[-3.14,43.41],[-3.06,43.41],[-1.69,43.34],[-1.46,43.54],[-1.4,43.86],[-1.32,43.86],[-1.29,44.52],[-1.21,44.52],[-1.25,45.17],[-1.17,45.17],[-1.19,45.43],[-1.03,45.5],[-1.05,45.69],[-1.21,45.76],[-1.14,45.89],[-1.22,45.89],[-1.25,46.28],[-1.67,46.35],[-2.01,46.61],[-2.02,46.74],[-2.19,46.81],[-2.14,47.14],[-2.23,47.27],[-2.56,47.27],[-2.58,47.47],[-2.83,47.53],[-2.84,47.6],[-2.45,47.86],[-1.8,47.99],[-1.65,48.19],[-1.65,48.26],[-1.67,48.46],[-1.51,48.52],[-1.6,48.65],[-1.61,48.72],[-1.72,49.05],[-1.64,49.05],[-1.65,49.25],[-1.91,49.38],[-2.03,49.78],[-1.36,49.78],[-1.25,49.45],[0.01,49.38],[-0.01,49.65],[0.22,49.85],[1.05,49.98],[1.45,50.25],[1.42,50.71],[1.66,51.05],[2.58,51.18],[3.16,51.45],[3.75,51.45],[3.41,51.51],[3.4,51.65],[3.74,51.65],[3.65,51.78],[3.82,51.78],[3.81,51.92],[3.98,51.92],[3.97,52.05],[4.22,52.18],[4.22,52.32],[4.46,52.52],[4.53,52.86],[4.87,52.99],[4.88,52.79],[5.06,52.65],[5.14,52.79],[5.39,52.86],[5.39,52.92],[5.56,52.92],[5.65,52.65],[6.34,52.79],[6.33,53.06],[6.5,53.12],[7.02,52.92],[6.95,52.25],[6.7,52.05],[6.61,52.05],[6.61,51.98],[6.7,51.98],[7.3,51.71],[7.39,51.45],[7.65,51.31],[7.65,51.18],[8.34,50.71],[8.84,51.05],[10.1,51.45],[10.27,51.65],[10.53,51.65],[10.87,51.92],[11.55,51.78],[11.55,51.71],[11.29,51.38],[11.46,51.25],[12.05,51.11],[12.3,50.65],[12.04,50.58],[12.04,50.31],[11.87,50.25],[11.87,50.11],[11.28,49.91],[11.28,49.78],[11.03,49.65],[11.03,49.52],[10.86,49.38],[10.86,49.25],[11.11,49.18],[11.03,48.85],[11.03,48.79],[10.11,48.46],[9.95,47.86],[9.87,47.86],[9.95,47.66],[9.54,47.4],[9.63,46.94],[9.38,46.68],[9.39,46.48],[9.14,46.15],[8.24,46.15],[7.43,45.89],[6.94,45.96],[6.78,45.82],[6.78,45.69],[7.11,45.5],[7.12,45.3],[6.63,45.1],[6.64,44.97],[6.97,44.84],[6.9,44.32],[7.3,44.12],[7.63,44.19],[7.55,43.8],[7.47,43.8],[6.67,43.47],[6.6,43.28]]],[[[12.04,50.25],[12.04,50.31],[12.12,50.31],[12.12,50.25],[12.04,50.25]]]]},"properties":{"id":"territory:Kingdom of the Franks:732","name":"프랑크 왕국","name_en":"Kingdom of the Franks","actor":"게르만","valid_from":732,"valid_to":741,"wikidata":"Q146246","area":733111,"src":"cliopatria","confidence":"medium"}},{"type":"Feature","geometry":{"type":"Point","coordinates":[4.237,47.699]},"properties":{"id":"territory:Kingdom of the Franks:732:label","name":"프랑크 왕국","name_en":"Kingdom of the Franks","actor":"게르만","valid_from":732,"valid_to":741,"wikidata":"Q146246","area":733111,"src":"cliopatria","confidence":"medium"}},{"type":"Feature","geometry":{"type":"MultiPolygon","coordinates":[[[[11.11,49.18],[11.03,48.85],[11.03,48.79],[10.11,48.46],[9.95,47.86],[9.87,47.86],[9.95,47.66],[9.54,47.4],[9.63,46.94],[9.38,46.68],[9.39,46.48],[9.14,46.15],[8.24,46.15],[7.84,45.96],[6.94,45.96],[6.78,45.82],[6.78,45.69],[7.11,45.5],[7.12,45.3],[6.71,45.17],[6.64,44.97],[6.97,44.84],[6.97,44.65],[6.89,44.65],[6.98,44.25],[7.3,44.12],[7.63,44.19],[7.55,43.8],[7.47,43.8],[6.67,43.47],[6.6,43.28],[6.28,43.15],[5.8,43.15],[5.63,43.28],[5.39,43.28],[5.39,43.41],[5.06,43.47],[4.18,43.47],[4.17,43.6],[3.85,43.6],[2.98,43.15],[3.01,42.56],[3.09,42.56],[3.09,42.5],[2.7,42.37],[1.89,42.56],[1.66,42.43],[1.49,42.5],[1.49,42.63],[1.32,42.69],[1.21,43.21],[0.79,43.54],[0.79,43.6],[0.54,43.73],[0.44,44.06],[0.28,44.06],[0.02,44.39],[-0.64,44.52],[-1.06,44.78],[-1.22,44.71],[-1.22,44.78],[-1.19,45.43],[-1.03,45.5],[-1.05,45.69],[-1.21,45.76],[-1.14,45.89],[-1.22,45.89],[-1.25,46.28],[-1.67,46.35],[-2.01,46.61],[-2.02,46.74],[-2.19,46.81],[-2.14,47.14],[-2.23,47.27],[-2.56,47.27],[-2.58,47.47],[-2.83,47.53],[-2.84,47.6],[-2.45,47.86],[-1.8,47.99],[-1.65,48.19],[-1.65,48.26],[-1.67,48.46],[-1.51,48.52],[-1.6,48.65],[-1.61,48.72],[-1.72,49.05],[-1.64,49.05],[-1.65,49.25],[-1.91,49.38],[-2.03,49.78],[-1.36,49.78],[-1.25,49.45],[0.01,49.38],[-0.01,49.65],[0.22,49.85],[1.05,49.98],[1.45,50.25],[1.42,50.71],[1.66,51.05],[2.58,51.18],[3.16,51.45],[3.75,51.45],[3.41,51.51],[3.4,51.65],[3.74,51.65],[3.65,51.78],[3.82,51.78],[3.81,51.92],[3.98,51.92],[3.97,52.05],[4.22,52.18],[4.22,52.32],[4.46,52.52],[4.53,52.86],[4.87,52.99],[4.88,52.79],[5.06,52.65],[5.14,52.79],[5.39,52.86],[5.39,52.99],[5.21,53.12],[5.54,53.39],[6.14,53.46],[6.23,53.46],[6.16,53.06],[6.67,53.12],[6.85,52.92],[7.02,52.92],[6.95,52.25],[6.7,52.05],[6.61,52.05],[6.61,51.98],[6.7,51.98],[7.3,51.71],[7.39,51.45],[7.65,51.31],[7.65,51.18],[8.34,50.71],[8.84,51.05],[10.1,51.45],[10.27,51.65],[10.53,51.65],[10.87,51.92],[11.55,51.78],[11.55,51.71],[11.29,51.38],[11.46,51.25],[12.05,51.11],[12.3,50.65],[12.04,50.58],[12.04,50.31],[11.87,50.25],[11.87,50.11],[11.28,49.91],[11.28,49.78],[11.03,49.65],[10.86,49.32],[10.86,49.25],[10.94,49.25],[11.11,49.18]],[[0.9,45.82],[0.82,45.82],[0.83,45.76],[0.91,45.76],[0.9,45.82]]],[[[12.04,50.25],[12.04,50.31],[12.12,50.31],[12.12,50.25],[12.04,50.25]]]]},"properties":{"id":"territory:Kingdom of the Franks:768","name":"프랑크 왕국","name_en":"Kingdom of the Franks","actor":"게르만","valid_from":768,"valid_to":772,"wikidata":"Q146246","area":726173,"src":"cliopatria","confidence":"medium"}},{"type":"Feature","geometry":{"type":"Point","coordinates":[4.469,47.864]},"properties":{"id":"territory:Kingdom of the Franks:768:label","name":"프랑크 왕국","name_en":"Kingdom of the Franks","actor":"게르만","valid_from":768,"valid_to":772,"wikidata":"Q146246","area":726173,"src":"cliopatria","confidence":"medium"}},{"type":"Feature","geometry":{"type":"MultiPolygon","coordinates":[[[[14.34,36.03],[14.42,36.03],[14.57,35.97],[14.57,35.77],[14.34,35.84],[14.34,36.03]]],[[[16.49,38.42],[15.93,37.96],[15.7,37.96],[15.62,38.16],[15.39,38.16],[15.07,37.64],[15.06,37.25],[15.21,37.19],[15.05,36.74],[14.66,36.74],[14.28,37.13],[13.58,37.25],[13.19,37.58],[12.49,37.71],[12.49,37.9],[12.65,38.09],[13.04,38.03],[13.12,38.16],[13.35,38.16],[13.67,37.96],[14.06,37.96],[15.86,38.29],[15.95,38.67],[16.27,38.74],[16.27,38.93],[16.12,39.06],[16.05,39.45],[15.9,39.64],[15.9,39.71],[16.45,39.71],[16.45,39.64],[16.84,39.51],[16.92,39.51],[17.07,39.38],[17.14,39.06],[16.5,38.8],[16.49,38.42]]],[[[9.67,40.29],[9.75,39.64],[9.67,39.64],[9.59,39.13],[9.12,39.19],[8.97,38.87],[8.73,38.87],[8.34,39.0],[8.41,39.26],[8.33,39.26],[8.33,39.51],[8.41,39.51],[8.48,39.9],[8.32,39.97],[8.4,40.29],[8.32,40.29],[8.32,40.48],[8.16,40.55],[8.15,40.94],[8.55,40.87],[9.02,41.26],[9.1,41.26],[9.5,41.2],[9.82,40.74],[9.82,40.36],[9.67,40.29]]],[[[17.42,40.36],[17.35,40.55],[17.83,40.68],[18.21,40.42],[18.21,40.36],[18.44,40.16],[18.35,39.9],[18.11,39.9],[17.81,40.36],[17.42,40.36]]],[[[14.58,40.81],[14.74,40.81],[14.73,40.68],[14.66,40.68],[14.58,40.68],[14.5,40.68],[14.42,40.68],[14.42,40.74],[14.42,40.87],[14.03,40.94],[14.03,41.0],[14.5,41.0],[14.58,40.81]]],[[[17.83,42.82],[18.07,42.89],[18.07,42.82],[18.23,42.76],[18.07,42.69],[17.99,42.82],[17.83,42.82]]],[[[17.51,42.82],[17.51,42.89],[17.59,42.89],[17.59,42.82],[17.59,42.76],[17.51,42.76],[17.51,42.82]]],[[[13.41,41.85],[13.8,41.85],[13.96,41.72],[14.04,41.52],[13.79,41.2],[13.71,41.2],[13.4,41.33],[13.0,41.33],[12.92,41.46],[12.6,41.52],[12.13,41.91],[12.13,42.04],[11.81,42.11],[11.73,42.24],[11.73,42.3],[12.06,42.5],[11.98,42.76],[12.06,42.76],[12.06,43.08],[11.82,43.21],[11.82,43.34],[11.98,43.34],[11.98,43.54],[12.06,43.54],[12.07,43.99],[11.99,43.99],[11.99,44.45],[11.91,44.45],[11.75,44.91],[12.24,44.97],[12.24,44.84],[12.16,44.84],[12.15,44.45],[12.31,44.19],[12.55,44.06],[12.55,43.99],[12.39,43.93],[12.39,43.67],[12.23,43.6],[12.39,43.41],[12.38,43.21],[12.38,43.15],[12.3,42.69],[12.54,42.63],[12.61,42.37],[13.41,41.85]]],[[[16.8,43.21],[17.12,43.21],[17.12,43.08],[16.72,43.08],[16.72,43.21],[16.8,43.21]]],[[[16.73,43.47],[16.81,43.47],[16.81,43.41],[16.81,43.34],[16.73,43.34],[16.73,43.41],[16.73,43.47]]],[[[16.01,43.6],[15.93,43.67],[16.66,43.67],[16.65,43.54],[16.57,43.54],[16.25,43.6],[16.17,43.47],[15.93,43.47],[16.01,43.6]]],[[[15.47,44.32],[15.3,44.12],[15.22,44.25],[15.14,44.25],[14.99,44.58],[15.15,44.58],[15.15,44.45],[15.47,44.32]]],[[[14.19,45.04],[14.03,45.04],[13.95,45.04],[13.63,45.5],[13.71,45.5],[13.71,45.56],[13.71,45.63],[13.71,45.69],[13.71,45.76],[13.8,45.76],[13.88,45.76],[13.88,45.82],[14.12,45.82],[14.2,45.5],[14.28,45.5],[14.19,45.04]]],[[[14.12,45.82],[14.13,45.89],[14.21,45.89],[14.21,45.82],[14.12,45.82]]],[[[24.3,35.32],[25.69,35.32],[25.68,35.13],[26.23,35.19],[26.14,35.07],[24.82,35.0],[24.76,35.19],[24.53,35.19],[24.45,35.19],[23.68,35.26],[23.62,35.52],[24.16,35.52],[24.15,35.39],[24.3,35.32]]],[[[22.89,36.42],[22.96,36.42],[23.12,36.35],[23.11,36.16],[22.87,36.16],[22.89,36.42]]],[[[24.28,37.71],[24.36,37.71],[24.43,37.58],[24.27,37.51],[24.2,37.64],[24.28,37.71]]],[[[24.99,37.71],[25.06,37.71],[25.22,37.71],[25.29,37.51],[25.05,37.51],[24.99,37.71]]],[[[20.7,37.9],[20.93,37.9],[20.92,37.64],[20.61,37.71],[20.62,37.9],[20.7,37.9]]],[[[24.77,38.03],[25.07,37.77],[24.83,37.71],[24.68,37.84],[24.69,38.03],[24.77,38.03]]],[[[20.33,38.35],[20.49,38.42],[20.57,38.42],[20.8,38.29],[20.79,38.09],[20.32,38.16],[20.33,38.35]]],[[[23.57,38.8],[23.56,38.74],[23.48,38.74],[23.49,38.8],[23.57,38.8]]],[[[24.36,39.0],[24.44,39.0],[24.67,38.93],[24.66,38.74],[24.36,38.87],[24.36,39.0]]],[[[20.15,39.58],[20.07,39.58],[20.07,39.64],[20.15,39.64],[20.15,39.58]]],[[[21.74,39.9],[21.75,39.97],[21.83,39.97],[21.82,39.9],[21.74,39.9]]],[[[24.49,40.81],[24.57,40.81],[24.81,40.81],[24.79,40.61],[24.55,40.55],[24.49,40.81]]],[[[20.0,41.33],[19.92,41.33],[19.92,41.39],[20.0,41.39],[20.0,41.33]]],[[[19.93,41.65],[19.85,41.65],[19.86,41.72],[19.94,41.72],[19.93,41.65]]],[[[28.02,36.48],[28.09,36.48],[28.25,36.48],[28.14,36.03],[27.74,35.9],[27.69,36.29],[28.02,36.48]]],[[[27.19,36.8],[26.87,36.67],[27.04,36.93],[27.12,36.93],[27.19,36.8]]],[[[25.34,37.13],[25.42,37.13],[25.57,37.13],[25.56,37.0],[25.33,37.0],[25.34,37.13]]],[[[26.08,37.71],[26.16,37.71],[26.31,37.71],[26.3,37.58],[25.99,37.51],[26.08,37.71]]],[[[25.9,38.48],[25.82,38.48],[25.91,38.67],[25.99,38.67],[26.22,38.55],[26.11,38.16],[25.88,38.16],[25.9,38.48]]],[[[26.1,39.13],[25.79,39.19],[26.04,39.38],[26.12,39.38],[26.51,39.32],[26.64,39.0],[26.25,38.93],[26.09,39.0],[26.1,39.13]]],[[[32.03,41.52],[32.04,41.65],[32.19,41.59],[32.69,41.78],[32.63,41.91],[32.86,41.85],[33.28,41.98],[34.78,41.91],[34.88,42.04],[35.12,42.04],[35.16,41.72],[35.95,41.72],[36.21,41.26],[36.77,41.33],[37.07,41.13],[37.23,41.2],[37.21,41.07],[37.77,41.07],[37.83,40.94],[38.16,41.0],[38.3,40.87],[38.78,40.94],[39.05,41.13],[39.74,40.94],[40.37,40.94],[40.39,41.07],[40.54,41.0],[41.05,41.2],[41.16,41.39],[41.31,41.33],[41.41,41.46],[41.57,41.46],[41.68,41.65],[41.69,41.72],[41.84,41.65],[41.81,41.46],[41.53,41.26],[40.74,40.74],[40.58,40.74],[39.59,39.97],[38.84,39.71],[38.3,39.77],[38.16,39.9],[38.08,39.9],[37.76,39.9],[37.34,39.71],[36.82,39.32],[36.8,39.19],[36.56,39.13],[36.54,39.0],[35.74,38.22],[35.73,38.09],[35.81,38.09],[35.69,37.77],[35.54,37.77],[35.36,37.58],[35.35,37.51],[35.03,37.45],[34.78,37.25],[34.66,36.87],[34.58,36.87],[34.25,36.67],[33.98,36.29],[33.27,36.22],[32.71,36.03],[32.56,36.03],[32.5,36.22],[32.07,36.61],[31.09,36.93],[30.62,36.93],[30.49,36.35],[30.03,36.35],[29.94,36.22],[29.24,36.22],[29.12,36.74],[28.74,36.74],[28.59,36.87],[28.36,36.87],[28.19,36.67],[28.03,36.67],[28.14,37.06],[28.07,37.13],[27.6,37.13],[27.54,37.38],[27.22,37.32],[27.31,37.45],[27.16,37.58],[27.26,37.77],[27.18,37.77],[27.28,38.03],[26.89,38.09],[26.82,38.22],[26.43,38.22],[26.38,38.67],[26.54,38.61],[26.59,38.35],[27.06,38.35],[27.08,38.55],[26.85,38.61],[26.96,39.0],[26.88,39.0],[26.89,39.19],[26.74,39.26],[26.85,39.58],[26.13,39.51],[26.27,40.29],[26.6,40.48],[26.68,40.48],[26.67,40.36],[27.47,40.42],[27.54,40.29],[27.7,40.29],[27.79,40.48],[27.95,40.48],[27.94,40.36],[29.05,40.36],[28.9,40.48],[28.91,40.61],[29.39,40.68],[29.49,40.87],[29.25,40.81],[29.1,40.94],[29.12,41.07],[27.53,41.07],[27.02,40.68],[26.92,40.48],[26.77,40.55],[26.93,40.61],[26.85,40.61],[26.77,40.61],[26.78,40.68],[26.7,40.68],[26.62,40.68],[26.55,40.74],[26.14,40.61],[26.08,40.87],[25.85,40.94],[24.35,41.0],[24.01,40.74],[23.7,40.81],[23.68,40.61],[23.84,40.55],[23.74,40.23],[22.96,40.42],[22.89,40.61],[22.57,40.55],[22.54,40.1],[22.7,40.1],[22.61,39.9],[23.14,39.45],[22.82,39.38],[22.8,39.06],[22.96,39.13],[23.49,38.87],[23.33,38.8],[23.03,38.93],[22.94,38.74],[23.17,38.67],[23.31,38.48],[23.63,38.48],[23.56,38.74],[24.03,38.67],[24.18,38.55],[24.16,38.22],[24.0,38.22],[23.98,37.84],[23.44,38.03],[23.21,38.03],[23.2,37.9],[23.04,37.9],[23.11,37.64],[23.34,37.64],[23.4,37.32],[23.17,37.32],[23.18,37.45],[22.95,37.58],[22.71,37.58],[22.7,37.32],[22.85,37.25],[23.06,36.67],[22.83,36.87],[22.6,36.87],[22.51,36.67],[22.36,36.67],[22.22,37.06],[21.91,37.06],[21.9,36.87],[21.74,36.87],[21.68,37.19],[21.6,37.19],[21.7,37.51],[21.24,37.84],[21.42,38.16],[21.73,38.16],[21.74,38.35],[21.19,38.42],[20.97,38.74],[20.74,38.8],[20.91,39.06],[20.3,39.38],[20.15,39.71],[19.92,39.71],[19.91,39.58],[19.76,39.64],[19.76,39.77],[20.0,39.77],[20.01,39.97],[19.63,40.29],[19.47,40.29],[19.49,40.61],[19.25,40.61],[19.25,40.74],[19.5,40.87],[19.42,40.94],[19.53,41.52],[19.46,41.65],[19.85,41.65],[19.84,41.46],[19.92,41.46],[19.84,41.33],[19.99,41.26],[19.89,40.74],[20.04,40.55],[20.27,40.48],[20.18,40.29],[20.33,40.1],[20.49,40.1],[20.41,40.03],[20.48,39.9],[20.79,39.77],[21.66,39.77],[22.06,39.97],[22.01,40.36],[22.1,40.55],[23.4,41.07],[23.73,41.33],[23.66,41.46],[23.75,41.52],[24.63,41.65],[24.65,41.85],[24.97,41.85],[24.97,41.91],[25.21,41.91],[25.22,42.04],[25.46,42.04],[25.8,42.24],[27.33,42.37],[27.53,42.82],[27.77,42.76],[27.69,42.76],[27.67,42.63],[27.51,42.63],[27.49,42.43],[27.94,42.04],[27.98,41.65],[28.22,41.65],[28.35,41.39],[28.97,41.2],[28.96,41.13],[30.48,41.2],[30.62,41.07],[31.18,41.07],[31.53,41.39],[32.03,41.52]]],[[[25.07,40.03],[25.15,40.03],[25.46,40.03],[25.45,39.84],[24.97,39.84],[25.07,40.03]]],[[[25.8,40.29],[26.04,40.29],[26.02,40.16],[25.7,40.1],[25.72,40.29],[25.8,40.29]]],[[[27.71,43.02],[27.72,43.08],[27.74,43.28],[27.99,43.34],[27.98,43.28],[27.71,43.02]]],[[[33.76,45.04],[33.84,45.04],[33.93,45.04],[34.01,45.04],[34.09,45.04],[34.08,44.97],[34.73,44.97],[34.79,44.84],[34.71,44.84],[33.76,44.45],[33.68,44.45],[33.6,44.45],[33.52,44.45],[33.47,44.65],[33.55,44.65],[33.6,45.04],[33.68,45.04],[33.76,45.04]]]]},"properties":{"id":"territory:Byzantine Empire:732","name":"비잔티움 제국","name_en":"Byzantine Empire","actor":"로마","valid_from":732,"valid_to":741,"wikidata":"Q112039853","area":703756,"src":"cliopatria","confidence":"medium"}},{"type":"Feature","geometry":{"type":"Point","coordinates":[30.545,39.409]},"properties":{"id":"territory:Byzantine Empire:732:label","name":"비잔티움 제국","name_en":"Byzantine Empire","actor":"로마","valid_from":732,"valid_to":741,"wikidata":"Q112039853","area":703756,"src":"cliopatria","confidence":"medium"}},{"type":"Feature","geometry":{"type":"MultiPolygon","coordinates":[[[[14.34,36.03],[14.42,36.03],[14.57,35.97],[14.57,35.77],[14.34,35.84],[14.34,36.03]]],[[[16.49,38.42],[15.93,37.96],[15.7,37.96],[15.62,38.16],[15.39,38.16],[15.07,37.64],[15.06,37.25],[15.21,37.19],[15.05,36.74],[14.66,36.74],[14.28,37.13],[13.58,37.25],[13.19,37.58],[12.49,37.71],[12.49,37.9],[12.65,38.09],[13.04,38.03],[13.12,38.16],[13.35,38.16],[13.67,37.96],[14.06,37.96],[15.86,38.29],[15.95,38.67],[16.27,38.74],[16.27,38.93],[16.12,39.06],[16.05,39.45],[15.9,39.64],[15.9,39.71],[16.45,39.71],[16.45,39.64],[16.84,39.51],[16.92,39.51],[17.07,39.38],[17.14,39.06],[16.5,38.8],[16.49,38.42]]],[[[9.67,40.29],[9.75,39.64],[9.67,39.64],[9.59,39.13],[9.12,39.19],[8.97,38.87],[8.73,38.87],[8.34,39.0],[8.41,39.26],[8.33,39.26],[8.33,39.51],[8.41,39.51],[8.48,39.9],[8.32,39.97],[8.4,40.29],[8.32,40.29],[8.32,40.48],[8.16,40.55],[8.15,40.94],[8.55,40.87],[9.02,41.26],[9.1,41.26],[9.5,41.2],[9.82,40.74],[9.82,40.36],[9.67,40.29]]],[[[17.42,40.36],[17.35,40.55],[17.83,40.68],[18.21,40.42],[18.21,40.36],[18.44,40.16],[18.35,39.9],[18.11,39.9],[17.81,40.36],[17.42,40.36]]],[[[14.58,40.81],[14.74,40.81],[14.73,40.68],[14.66,40.68],[14.58,40.68],[14.5,40.68],[14.42,40.68],[14.42,40.74],[14.42,40.87],[14.03,40.94],[14.03,41.0],[14.5,41.0],[14.58,40.81]]],[[[17.51,42.82],[17.51,42.89],[17.59,42.89],[17.59,42.82],[17.59,42.76],[17.51,42.76],[17.51,42.82]]],[[[13.41,41.85],[13.8,41.85],[13.96,41.72],[14.04,41.52],[13.79,41.2],[13.71,41.2],[13.4,41.33],[13.0,41.33],[12.92,41.46],[12.6,41.52],[12.13,41.91],[12.13,42.04],[11.81,42.11],[11.73,42.24],[11.73,42.3],[12.06,42.5],[11.98,42.76],[12.06,42.76],[12.06,43.08],[11.82,43.21],[11.82,43.34],[11.98,43.34],[11.98,43.54],[12.06,43.54],[12.07,43.99],[11.99,43.99],[11.99,44.45],[11.91,44.45],[11.75,44.91],[12.24,44.97],[12.24,44.84],[12.16,44.84],[12.15,44.45],[12.31,44.19],[12.55,44.06],[12.55,43.99],[12.39,43.93],[12.39,43.67],[12.23,43.6],[12.39,43.41],[12.38,43.21],[12.38,43.15],[12.3,42.69],[12.54,42.63],[12.61,42.37],[13.41,41.85]]],[[[16.72,43.21],[16.8,43.21],[17.12,43.21],[17.12,43.08],[16.72,43.08],[16.72,43.21]]],[[[16.73,43.47],[16.81,43.47],[16.81,43.41],[16.81,43.34],[16.73,43.34],[16.73,43.41],[16.73,43.47]]],[[[15.93,43.6],[15.93,43.67],[16.66,43.67],[16.66,43.6],[16.25,43.6],[16.17,43.47],[15.93,43.47],[16.01,43.6],[15.93,43.6]]],[[[15.39,44.25],[15.22,44.12],[15.15,44.39],[15.39,44.32],[15.39,44.25]]],[[[15.07,44.39],[15.07,44.45],[15.15,44.45],[15.15,44.39],[15.07,44.39]]],[[[14.99,44.45],[14.99,44.52],[15.07,44.52],[15.07,44.45],[14.99,44.45]]],[[[14.03,45.04],[13.95,45.04],[13.63,45.5],[13.71,45.5],[13.71,45.56],[13.71,45.63],[13.71,45.69],[13.71,45.76],[13.8,45.76],[13.88,45.76],[13.88,45.82],[14.12,45.82],[14.2,45.5],[14.28,45.5],[14.19,45.04],[14.03,45.04]]],[[[14.12,45.82],[14.13,45.89],[14.21,45.89],[14.21,45.82],[14.12,45.82]]],[[[24.15,35.39],[24.3,35.32],[25.69,35.32],[25.68,35.13],[26.23,35.19],[26.14,35.07],[24.82,35.0],[24.76,35.19],[24.53,35.19],[24.45,35.19],[23.68,35.26],[23.62,35.52],[24.16,35.52],[24.15,35.39]]],[[[22.96,36.42],[23.12,36.35],[23.11,36.16],[22.87,36.16],[22.89,36.42],[22.96,36.42]]],[[[24.36,37.71],[24.43,37.58],[24.27,37.51],[24.2,37.64],[24.28,37.71],[24.36,37.71]]],[[[24.99,37.71],[25.06,37.71],[25.22,37.71],[25.29,37.51],[25.05,37.51],[24.99,37.71]]],[[[20.7,37.9],[20.93,37.9],[20.92,37.64],[20.61,37.71],[20.62,37.9],[20.7,37.9]]],[[[24.77,38.03],[25.07,37.77],[24.83,37.71],[24.68,37.84],[24.69,38.03],[24.77,38.03]]],[[[20.33,38.35],[20.49,38.42],[20.57,38.42],[20.8,38.29],[20.79,38.09],[20.32,38.16],[20.33,38.35]]],[[[23.57,38.8],[23.56,38.74],[23.48,38.74],[23.49,38.8],[23.57,38.8]]],[[[24.36,39.0],[24.44,39.0],[24.67,38.93],[24.66,38.74],[24.36,38.87],[24.36,39.0]]],[[[20.15,39.58],[20.07,39.58],[20.07,39.64],[20.15,39.64],[20.15,39.58]]],[[[21.74,39.9],[21.75,39.97],[21.83,39.97],[21.82,39.9],[21.74,39.9]]],[[[24.49,40.81],[24.57,40.81],[24.81,40.81],[24.79,40.61],[24.55,40.55],[24.49,40.81]]],[[[19.92,41.33],[19.92,41.39],[20.0,41.39],[20.0,41.33],[19.92,41.33]]],[[[19.85,41.65],[19.86,41.72],[19.94,41.72],[19.93,41.65],[19.85,41.65]]],[[[17.83,42.82],[18.07,42.89],[18.07,42.82],[18.23,42.76],[18.07,42.69],[17.99,42.82],[17.83,42.82]]],[[[28.02,36.48],[28.09,36.48],[28.25,36.48],[28.14,36.03],[27.74,35.9],[27.69,36.29],[28.02,36.48]]],[[[27.19,36.8],[26.87,36.67],[27.04,36.93],[27.12,36.93],[27.19,36.8]]],[[[25.34,37.13],[25.42,37.13],[25.57,37.13],[25.56,37.0],[25.33,37.0],[25.34,37.13]]],[[[26.08,37.71],[26.16,37.71],[26.31,37.71],[26.3,37.58],[25.99,37.51],[26.08,37.71]]],[[[25.9,38.48],[25.82,38.48],[25.91,38.67],[25.99,38.67],[26.22,38.55],[26.11,38.16],[25.88,38.16],[25.9,38.48]]],[[[26.1,39.13],[25.79,39.19],[26.04,39.38],[26.12,39.38],[26.51,39.32],[26.64,39.0],[26.25,38.93],[26.09,39.0],[26.1,39.13]]],[[[32.03,41.52],[32.04,41.65],[32.19,41.59],[32.69,41.78],[32.63,41.91],[32.86,41.85],[33.28,41.98],[34.78,41.91],[34.88,42.04],[35.12,42.04],[35.16,41.72],[35.95,41.72],[36.21,41.26],[36.77,41.33],[37.07,41.13],[37.23,41.2],[37.21,41.07],[37.77,41.07],[37.83,40.94],[38.16,41.0],[38.3,40.87],[38.78,40.94],[39.05,41.13],[39.74,40.94],[40.37,40.94],[40.39,41.07],[40.54,41.0],[41.05,41.2],[41.16,41.39],[41.31,41.33],[41.41,41.46],[41.57,41.46],[41.68,41.65],[41.69,41.72],[41.84,41.65],[41.81,41.46],[41.53,41.26],[40.74,40.74],[40.58,40.74],[39.59,39.97],[38.84,39.71],[38.3,39.77],[38.16,39.9],[38.08,39.9],[37.76,39.9],[37.34,39.71],[36.82,39.32],[36.8,39.19],[36.56,39.13],[36.54,39.0],[35.74,38.22],[35.73,38.09],[35.81,38.09],[35.69,37.77],[35.54,37.77],[35.36,37.58],[35.35,37.51],[35.03,37.45],[34.78,37.25],[34.66,36.87],[34.58,36.87],[34.25,36.67],[33.98,36.29],[33.27,36.22],[32.71,36.03],[32.56,36.03],[32.5,36.22],[32.07,36.61],[31.09,36.93],[30.62,36.93],[30.49,36.35],[30.03,36.35],[29.94,36.22],[29.24,36.22],[29.12,36.74],[28.74,36.74],[28.59,36.87],[28.36,36.87],[28.19,36.67],[28.03,36.67],[28.14,37.06],[28.07,37.13],[27.6,37.13],[27.54,37.38],[27.22,37.32],[27.31,37.45],[27.16,37.58],[27.26,37.77],[27.18,37.77],[27.28,38.03],[26.89,38.09],[26.82,38.22],[26.43,38.22],[26.38,38.67],[26.54,38.61],[26.59,38.35],[27.06,38.35],[27.08,38.55],[26.85,38.61],[26.96,39.0],[26.88,39.0],[26.89,39.19],[26.74,39.26],[26.85,39.58],[26.13,39.51],[26.27,40.29],[26.6,40.48],[26.68,40.48],[26.67,40.36],[27.47,40.42],[27.54,40.29],[27.7,40.29],[27.79,40.48],[27.95,40.48],[27.94,40.36],[29.05,40.36],[28.9,40.48],[28.91,40.61],[29.39,40.68],[29.49,40.87],[29.25,40.81],[29.1,40.94],[29.12,41.07],[27.53,41.07],[27.02,40.68],[26.92,40.48],[26.77,40.55],[26.93,40.61],[26.85,40.61],[26.77,40.61],[26.78,40.68],[26.7,40.68],[26.62,40.68],[26.55,40.74],[26.14,40.61],[26.08,40.87],[25.85,40.94],[24.35,41.0],[24.01,40.74],[23.7,40.81],[23.68,40.61],[23.84,40.55],[23.74,40.23],[22.96,40.42],[22.89,40.61],[22.57,40.55],[22.54,40.1],[22.7,40.1],[22.61,39.9],[23.14,39.45],[22.82,39.38],[22.8,39.06],[22.96,39.13],[23.49,38.87],[23.33,38.8],[23.03,38.93],[22.94,38.74],[23.17,38.67],[23.31,38.48],[23.63,38.48],[23.56,38.74],[24.03,38.67],[24.18,38.55],[24.16,38.22],[24.0,38.22],[23.98,37.84],[23.44,38.03],[23.21,38.03],[23.2,37.9],[23.04,37.9],[23.11,37.64],[23.34,37.64],[23.4,37.32],[23.17,37.32],[23.18,37.45],[22.95,37.58],[22.71,37.58],[22.7,37.32],[22.85,37.25],[23.06,36.67],[22.83,36.87],[22.6,36.87],[22.51,36.67],[22.36,36.67],[22.22,37.06],[21.91,37.06],[21.9,36.87],[21.74,36.87],[21.68,37.19],[21.6,37.19],[21.7,37.51],[21.24,37.84],[21.42,38.16],[21.73,38.16],[21.74,38.35],[21.19,38.42],[20.97,38.74],[20.74,38.8],[20.91,39.06],[20.3,39.38],[20.15,39.71],[19.92,39.71],[19.91,39.58],[19.76,39.64],[19.76,39.77],[20.0,39.77],[20.01,39.97],[19.63,40.29],[19.47,40.29],[19.49,40.61],[19.25,40.61],[19.25,40.74],[19.5,40.87],[19.42,40.94],[19.53,41.52],[19.46,41.65],[19.85,41.65],[19.84,41.46],[19.92,41.46],[19.84,41.33],[19.99,41.26],[19.89,40.74],[20.04,40.55],[20.27,40.48],[20.18,40.29],[20.33,40.1],[20.49,40.1],[20.41,40.03],[20.48,39.9],[20.79,39.77],[21.66,39.77],[22.06,39.97],[22.01,40.36],[22.1,40.55],[23.4,41.07],[23.73,41.33],[23.66,41.46],[23.75,41.52],[24.63,41.65],[24.65,41.85],[24.97,41.85],[24.97,41.91],[25.21,41.91],[25.22,42.04],[25.46,42.04],[25.8,42.24],[27.33,42.37],[27.53,42.82],[27.77,42.76],[27.69,42.76],[27.67,42.63],[27.51,42.63],[27.49,42.43],[27.94,42.04],[27.98,41.65],[28.22,41.65],[28.35,41.39],[28.97,41.2],[28.96,41.13],[30.48,41.2],[30.62,41.07],[31.18,41.07],[31.53,41.39],[32.03,41.52]]],[[[25.07,40.03],[25.15,40.03],[25.46,40.03],[25.45,39.84],[24.97,39.84],[25.07,40.03]]],[[[25.8,40.29],[26.04,40.29],[26.02,40.16],[25.7,40.1],[25.72,40.29],[25.8,40.29]]],[[[27.71,43.02],[27.72,43.08],[27.74,43.28],[27.99,43.34],[27.98,43.28],[27.71,43.02]]],[[[33.76,45.04],[33.84,45.04],[33.93,45.04],[34.01,45.04],[34.09,45.04],[34.08,44.97],[34.73,44.97],[34.79,44.84],[34.71,44.84],[33.76,44.45],[33.68,44.45],[33.6,44.45],[33.52,44.45],[33.47,44.65],[33.55,44.65],[33.6,45.04],[33.68,45.04],[33.76,45.04]]]]},"properties":{"id":"territory:Byzantine Empire:750","name":"비잔티움 제국","name_en":"Byzantine Empire","actor":"로마","valid_from":750,"valid_to":751,"wikidata":"Q112039853","area":703334,"src":"cliopatria","confidence":"medium"}},{"type":"Feature","geometry":{"type":"Point","coordinates":[30.545,39.409]},"properties":{"id":"territory:Byzantine Empire:750:label","name":"비잔티움 제국","name_en":"Byzantine Empire","actor":"로마","valid_from":750,"valid_to":751,"wikidata":"Q112039853","area":703334,"src":"cliopatria","confidence":"medium"}},{"type":"Feature","geometry":{"type":"MultiPolygon","coordinates":[[[[14.34,36.03],[14.42,36.03],[14.57,35.97],[14.57,35.77],[14.34,35.84],[14.34,36.03]]],[[[22.89,36.42],[22.96,36.42],[23.12,36.35],[23.11,36.16],[22.87,36.16],[22.89,36.42]]],[[[20.62,37.9],[20.7,37.9],[20.93,37.9],[20.92,37.64],[20.61,37.71],[20.62,37.9]]],[[[16.49,38.42],[15.93,37.96],[15.7,37.96],[15.62,38.16],[15.39,38.16],[15.07,37.64],[15.06,37.25],[15.21,37.19],[15.05,36.74],[14.66,36.74],[14.28,37.13],[13.58,37.25],[13.19,37.58],[12.49,37.71],[12.49,37.9],[12.65,38.09],[13.04,38.03],[13.12,38.16],[13.35,38.16],[13.67,37.96],[14.06,37.96],[15.86,38.29],[15.95,38.67],[16.27,38.74],[16.27,38.93],[16.12,39.06],[16.05,39.45],[15.9,39.64],[15.9,39.71],[16.45,39.71],[16.45,39.64],[16.84,39.51],[16.92,39.51],[17.07,39.38],[17.14,39.06],[16.5,38.8],[16.49,38.42]]],[[[20.33,38.35],[20.49,38.42],[20.57,38.42],[20.8,38.29],[20.79,38.09],[20.32,38.16],[20.33,38.35]]],[[[23.57,38.8],[23.56,38.74],[23.48,38.74],[23.49,38.8],[23.57,38.8]]],[[[20.15,39.64],[20.15,39.58],[20.07,39.58],[20.07,39.64],[20.15,39.64]]],[[[9.75,39.64],[9.67,39.64],[9.59,39.13],[9.12,39.19],[8.97,38.87],[8.73,38.87],[8.34,39.0],[8.41,39.26],[8.33,39.26],[8.33,39.51],[8.41,39.51],[8.48,39.9],[8.32,39.97],[8.4,40.29],[8.32,40.29],[8.32,40.48],[8.16,40.55],[8.15,40.94],[8.55,40.87],[9.02,41.26],[9.1,41.26],[9.5,41.2],[9.82,40.74],[9.82,40.36],[9.67,40.29],[9.75,39.64]]],[[[17.42,40.36],[17.35,40.55],[17.83,40.68],[18.21,40.42],[18.21,40.36],[18.44,40.16],[18.35,39.9],[18.11,39.9],[17.81,40.36],[17.42,40.36]]],[[[20.0,41.33],[19.92,41.33],[19.92,41.39],[20.0,41.39],[20.0,41.33]]],[[[19.93,41.65],[19.85,41.65],[19.86,41.72],[19.94,41.72],[19.93,41.65]]],[[[18.07,42.76],[17.99,42.76],[17.83,42.89],[18.07,42.89],[18.15,42.69],[18.07,42.76]]],[[[17.51,42.89],[17.59,42.89],[17.59,42.82],[17.59,42.76],[17.51,42.76],[17.51,42.82],[17.51,42.89]]],[[[16.8,43.21],[17.12,43.21],[17.12,43.08],[16.72,43.08],[16.72,43.21],[16.8,43.21]]],[[[16.73,43.41],[16.73,43.47],[16.81,43.47],[16.81,43.41],[16.81,43.34],[16.73,43.34],[16.73,43.41]]],[[[15.93,43.6],[15.93,43.67],[16.66,43.67],[16.65,43.54],[16.57,43.54],[16.25,43.6],[16.17,43.47],[15.93,43.47],[16.01,43.6],[15.93,43.6]]],[[[15.39,44.32],[15.38,44.19],[15.22,44.12],[15.22,44.19],[15.22,44.25],[15.14,44.25],[15.14,44.32],[15.15,44.39],[15.39,44.32]]],[[[15.07,44.45],[15.15,44.45],[15.15,44.39],[15.07,44.39],[15.07,44.45]]],[[[14.99,44.52],[15.07,44.52],[15.07,44.45],[14.99,44.45],[14.99,44.52]]],[[[24.15,35.39],[24.3,35.32],[25.69,35.32],[25.68,35.13],[26.23,35.19],[26.14,35.07],[24.82,35.0],[24.76,35.19],[24.53,35.19],[24.45,35.19],[23.68,35.26],[23.62,35.52],[24.16,35.52],[24.15,35.39]]],[[[27.69,36.29],[28.02,36.48],[28.09,36.48],[28.25,36.48],[28.14,36.03],[27.74,35.9],[27.69,36.29]]],[[[27.12,36.93],[27.19,36.8],[26.87,36.67],[27.04,36.93],[27.12,36.93]]],[[[25.34,37.13],[25.42,37.13],[25.57,37.13],[25.56,37.0],[25.33,37.0],[25.34,37.13]]],[[[24.28,37.71],[24.36,37.71],[24.43,37.58],[24.27,37.51],[24.2,37.64],[24.28,37.71]]],[[[24.99,37.71],[25.06,37.71],[25.22,37.71],[25.29,37.51],[25.05,37.51],[24.99,37.71]]],[[[26.08,37.71],[26.16,37.71],[26.31,37.71],[26.3,37.58],[25.99,37.51],[26.08,37.71]]],[[[24.77,38.03],[25.07,37.77],[24.83,37.71],[24.68,37.84],[24.69,38.03],[24.77,38.03]]],[[[25.82,38.48],[25.91,38.67],[25.99,38.67],[26.22,38.55],[26.11,38.16],[25.88,38.16],[25.9,38.48],[25.82,38.48]]],[[[24.36,39.0],[24.44,39.0],[24.67,38.93],[24.66,38.74],[24.36,38.87],[24.36,39.0]]],[[[26.09,39.0],[26.1,39.13],[25.79,39.19],[26.04,39.38],[26.12,39.38],[26.51,39.32],[26.64,39.0],[26.25,38.93],[26.09,39.0]]],[[[31.53,41.39],[32.03,41.52],[32.04,41.65],[32.19,41.59],[32.69,41.78],[32.63,41.91],[34.78,41.91],[34.88,42.04],[35.12,42.04],[35.09,41.78],[35.31,41.65],[35.95,41.72],[36.21,41.26],[36.77,41.33],[37.07,41.13],[37.23,41.2],[37.21,41.07],[37.77,41.07],[37.83,40.94],[38.16,41.0],[38.3,40.87],[38.78,40.94],[39.05,41.13],[39.74,40.94],[40.37,40.94],[40.39,41.07],[40.54,41.0],[41.05,41.2],[41.16,41.39],[41.31,41.33],[41.41,41.46],[41.74,41.52],[41.73,41.46],[41.08,40.94],[40.58,40.74],[39.59,39.97],[38.84,39.71],[38.3,39.77],[38.16,39.9],[38.08,39.9],[37.76,39.9],[37.34,39.71],[36.82,39.32],[36.8,39.19],[36.56,39.13],[36.54,39.0],[35.74,38.22],[35.73,38.09],[35.81,38.09],[35.69,37.77],[35.54,37.77],[35.36,37.58],[35.35,37.51],[35.03,37.45],[34.78,37.25],[34.66,36.87],[34.58,36.87],[34.25,36.67],[33.98,36.29],[33.27,36.22],[32.71,36.03],[32.56,36.03],[32.5,36.22],[32.07,36.61],[31.09,36.93],[30.62,36.93],[30.49,36.35],[30.03,36.35],[29.94,36.22],[29.24,36.22],[29.12,36.74],[28.74,36.74],[28.59,36.87],[28.36,36.87],[28.19,36.67],[28.03,36.67],[28.14,37.06],[28.07,37.13],[27.6,37.13],[27.54,37.38],[27.22,37.32],[27.31,37.45],[27.16,37.58],[27.26,37.77],[27.18,37.77],[27.28,38.03],[26.89,38.09],[26.82,38.22],[26.43,38.22],[26.38,38.67],[26.54,38.61],[26.59,38.35],[27.06,38.35],[27.08,38.55],[26.85,38.61],[26.96,39.0],[26.88,39.0],[26.89,39.19],[26.74,39.26],[26.85,39.58],[26.13,39.51],[26.27,40.29],[26.6,40.48],[26.68,40.48],[26.67,40.36],[27.47,40.42],[27.54,40.29],[27.7,40.29],[27.79,40.48],[27.95,40.48],[27.94,40.36],[29.05,40.36],[28.9,40.48],[28.91,40.61],[29.39,40.68],[29.49,40.87],[29.25,40.81],[29.1,40.94],[29.12,41.07],[27.53,41.07],[27.02,40.68],[26.92,40.48],[26.77,40.55],[26.93,40.61],[26.85,40.61],[26.77,40.61],[26.78,40.68],[26.7,40.68],[26.62,40.68],[26.55,40.74],[26.14,40.61],[26.08,40.87],[25.85,40.94],[24.35,41.0],[24.01,40.74],[23.7,40.81],[23.68,40.61],[23.84,40.55],[23.74,40.23],[22.96,40.42],[22.89,40.61],[22.57,40.55],[22.54,40.1],[22.7,40.1],[22.61,39.9],[23.14,39.45],[22.82,39.38],[22.8,39.06],[22.96,39.13],[23.49,38.87],[23.33,38.8],[23.03,38.93],[22.94,38.74],[23.17,38.67],[23.31,38.48],[23.63,38.48],[23.56,38.74],[24.03,38.67],[24.18,38.55],[24.16,38.22],[24.0,38.22],[23.98,37.84],[23.44,38.03],[23.21,38.03],[23.2,37.9],[23.04,37.9],[23.11,37.64],[23.34,37.64],[23.4,37.32],[23.17,37.32],[23.18,37.45],[22.95,37.58],[22.71,37.58],[22.7,37.32],[22.85,37.25],[23.06,36.67],[22.83,36.87],[22.6,36.87],[22.51,36.67],[22.36,36.67],[22.22,37.06],[21.91,37.06],[21.9,36.87],[21.74,36.87],[21.68,37.19],[21.6,37.19],[21.7,37.51],[21.24,37.84],[21.42,38.16],[21.73,38.16],[21.74,38.35],[21.19,38.42],[20.97,38.74],[20.74,38.8],[20.91,39.06],[20.3,39.38],[20.15,39.71],[19.92,39.71],[19.91,39.58],[19.76,39.64],[19.76,39.77],[20.0,39.77],[20.01,39.97],[19.63,40.29],[19.47,40.29],[19.49,40.61],[19.25,40.61],[19.25,40.74],[19.5,40.87],[19.42,40.94],[19.53,41.52],[19.46,41.65],[19.85,41.65],[19.84,41.46],[19.92,41.46],[19.84,41.33],[19.99,41.26],[19.9,40.94],[20.06,40.94],[20.13,40.74],[20.68,40.74],[20.93,40.87],[21.32,40.81],[21.97,41.07],[22.06,41.2],[22.61,41.2],[22.78,41.39],[24.63,41.65],[24.65,41.85],[24.97,41.85],[24.97,41.91],[25.21,41.91],[25.22,42.04],[25.46,42.04],[25.8,42.24],[27.33,42.37],[27.53,42.82],[27.77,42.76],[27.69,42.76],[27.67,42.63],[27.51,42.63],[27.49,42.43],[27.94,42.04],[27.98,41.65],[28.22,41.65],[28.35,41.39],[28.97,41.2],[28.96,41.13],[30.48,41.2],[30.62,41.07],[31.18,41.07],[31.53,41.39]]],[[[25.15,40.03],[25.46,40.03],[25.45,39.84],[24.97,39.84],[25.07,40.03],[25.15,40.03]]],[[[25.8,40.29],[26.04,40.29],[26.02,40.16],[25.7,40.1],[25.72,40.29],[25.8,40.29]]],[[[24.49,40.81],[24.57,40.81],[24.81,40.81],[24.79,40.61],[24.55,40.55],[24.49,40.81]]],[[[27.71,43.02],[27.72,43.08],[27.74,43.28],[27.99,43.34],[27.98,43.28],[27.71,43.02]]],[[[33.76,45.04],[33.84,45.04],[33.93,45.04],[34.01,45.04],[34.09,45.04],[34.08,44.97],[34.73,44.97],[34.79,44.84],[34.71,44.84],[33.76,44.45],[33.68,44.45],[33.6,44.45],[33.52,44.45],[33.47,44.65],[33.55,44.65],[33.6,45.04],[33.68,45.04],[33.76,45.04]]]]},"properties":{"id":"territory:Byzantine Empire:788","name":"비잔티움 제국","name_en":"Byzantine Empire","actor":"로마","valid_from":788,"valid_to":806,"wikidata":"Q112039853","area":703237,"src":"cliopatria","confidence":"medium"}},{"type":"Feature","geometry":{"type":"Point","coordinates":[30.152,39.453]},"properties":{"id":"territory:Byzantine Empire:788:label","name":"비잔티움 제국","name_en":"Byzantine Empire","actor":"로마","valid_from":788,"valid_to":806,"wikidata":"Q112039853","area":703237,"src":"cliopatria","confidence":"medium"}},{"type":"Feature","geometry":{"type":"MultiPolygon","coordinates":[[[[14.34,36.03],[14.42,36.03],[14.57,35.97],[14.57,35.77],[14.34,35.84],[14.34,36.03]]],[[[16.49,38.42],[15.93,37.96],[15.7,37.96],[15.62,38.16],[15.39,38.16],[15.07,37.64],[15.06,37.25],[15.21,37.19],[15.05,36.74],[14.66,36.74],[14.28,37.13],[13.58,37.25],[13.19,37.58],[12.49,37.71],[12.49,37.9],[12.65,38.09],[13.04,38.03],[13.12,38.16],[13.35,38.16],[13.67,37.96],[14.06,37.96],[15.86,38.29],[15.95,38.67],[16.27,38.74],[16.27,38.93],[16.12,39.06],[16.05,39.45],[15.9,39.64],[15.9,39.71],[16.45,39.71],[16.45,39.64],[16.84,39.51],[16.92,39.51],[17.07,39.38],[17.14,39.06],[16.5,38.8],[16.49,38.42]]],[[[9.67,40.29],[9.75,39.64],[9.67,39.64],[9.59,39.13],[9.12,39.19],[8.97,38.87],[8.73,38.87],[8.34,39.0],[8.41,39.26],[8.33,39.26],[8.33,39.51],[8.41,39.51],[8.48,39.9],[8.32,39.97],[8.4,40.29],[8.32,40.29],[8.32,40.48],[8.16,40.55],[8.15,40.94],[8.55,40.87],[9.02,41.26],[9.1,41.26],[9.5,41.2],[9.82,40.74],[9.82,40.36],[9.67,40.29]]],[[[17.42,40.36],[17.35,40.55],[17.83,40.68],[18.21,40.42],[18.21,40.36],[18.44,40.16],[18.35,39.9],[18.11,39.9],[17.81,40.36],[17.42,40.36]]],[[[14.58,40.81],[14.74,40.81],[14.73,40.68],[14.66,40.68],[14.58,40.68],[14.5,40.68],[14.42,40.68],[14.42,40.74],[14.42,40.87],[14.03,40.94],[14.03,41.0],[14.5,41.0],[14.58,40.81]]],[[[13.0,41.33],[12.92,41.46],[12.6,41.52],[12.13,41.91],[12.13,42.04],[11.81,42.11],[11.73,42.24],[11.73,42.3],[11.98,42.5],[12.05,42.37],[12.21,42.37],[12.21,42.24],[12.77,42.3],[13.01,42.04],[13.33,41.98],[13.41,41.85],[13.72,41.85],[13.96,41.72],[13.96,41.59],[14.04,41.59],[13.79,41.2],[13.71,41.2],[13.4,41.33],[13.0,41.33]]],[[[17.51,42.82],[17.51,42.89],[17.59,42.89],[17.59,42.82],[17.59,42.76],[17.51,42.76],[17.51,42.82]]],[[[16.72,43.21],[16.8,43.21],[17.12,43.21],[17.12,43.08],[16.72,43.08],[16.72,43.21]]],[[[16.73,43.47],[16.81,43.47],[16.81,43.41],[16.81,43.34],[16.73,43.34],[16.73,43.41],[16.73,43.47]]],[[[15.93,43.6],[15.93,43.67],[16.66,43.67],[16.66,43.6],[16.25,43.6],[16.17,43.47],[15.93,43.47],[16.01,43.6],[15.93,43.6]]],[[[15.39,44.25],[15.22,44.12],[15.15,44.39],[15.39,44.32],[15.39,44.25]]],[[[15.07,44.39],[15.07,44.45],[15.15,44.45],[15.15,44.39],[15.07,44.39]]],[[[14.99,44.45],[14.99,44.52],[15.07,44.52],[15.07,44.45],[14.99,44.45]]],[[[14.03,45.04],[13.95,45.04],[13.63,45.5],[13.71,45.5],[13.71,45.56],[13.71,45.63],[13.71,45.69],[13.71,45.76],[13.8,45.76],[13.88,45.76],[13.88,45.82],[14.12,45.82],[14.2,45.5],[14.28,45.5],[14.19,45.04],[14.03,45.04]]],[[[14.12,45.82],[14.13,45.89],[14.21,45.89],[14.21,45.82],[14.12,45.82]]],[[[24.15,35.39],[24.3,35.32],[25.69,35.32],[25.68,35.13],[26.23,35.19],[26.14,35.07],[24.82,35.0],[24.76,35.19],[24.53,35.19],[24.45,35.19],[23.68,35.26],[23.62,35.52],[24.16,35.52],[24.15,35.39]]],[[[22.96,36.42],[23.12,36.35],[23.11,36.16],[22.87,36.16],[22.89,36.42],[22.96,36.42]]],[[[24.36,37.71],[24.43,37.58],[24.27,37.51],[24.2,37.64],[24.28,37.71],[24.36,37.71]]],[[[24.99,37.71],[25.06,37.71],[25.22,37.71],[25.29,37.51],[25.05,37.51],[24.99,37.71]]],[[[20.7,37.9],[20.93,37.9],[20.92,37.64],[20.61,37.71],[20.62,37.9],[20.7,37.9]]],[[[24.77,38.03],[25.07,37.77],[24.83,37.71],[24.68,37.84],[24.69,38.03],[24.77,38.03]]],[[[20.33,38.35],[20.49,38.42],[20.57,38.42],[20.8,38.29],[20.79,38.09],[20.32,38.16],[20.33,38.35]]],[[[23.57,38.8],[23.56,38.74],[23.48,38.74],[23.49,38.8],[23.57,38.8]]],[[[24.36,39.0],[24.44,39.0],[24.67,38.93],[24.66,38.74],[24.36,38.87],[24.36,39.0]]],[[[20.15,39.58],[20.07,39.58],[20.07,39.64],[20.15,39.64],[20.15,39.58]]],[[[21.74,39.9],[21.75,39.97],[21.83,39.97],[21.82,39.9],[21.74,39.9]]],[[[24.49,40.81],[24.57,40.81],[24.81,40.81],[24.79,40.61],[24.55,40.55],[24.49,40.81]]],[[[19.92,41.33],[19.92,41.39],[20.0,41.39],[20.0,41.33],[19.92,41.33]]],[[[19.85,41.65],[19.86,41.72],[19.94,41.72],[19.93,41.65],[19.85,41.65]]],[[[17.83,42.82],[18.07,42.89],[18.07,42.82],[18.23,42.76],[18.07,42.69],[17.99,42.82],[17.83,42.82]]],[[[28.02,36.48],[28.09,36.48],[28.25,36.48],[28.14,36.03],[27.74,35.9],[27.69,36.29],[28.02,36.48]]],[[[27.19,36.8],[26.87,36.67],[27.04,36.93],[27.12,36.93],[27.19,36.8]]],[[[25.34,37.13],[25.42,37.13],[25.57,37.13],[25.56,37.0],[25.33,37.0],[25.34,37.13]]],[[[26.08,37.71],[26.16,37.71],[26.31,37.71],[26.3,37.58],[25.99,37.51],[26.08,37.71]]],[[[25.9,38.48],[25.82,38.48],[25.91,38.67],[25.99,38.67],[26.22,38.55],[26.11,38.16],[25.88,38.16],[25.9,38.48]]],[[[26.1,39.13],[25.79,39.19],[26.04,39.38],[26.12,39.38],[26.51,39.32],[26.64,39.0],[26.25,38.93],[26.09,39.0],[26.1,39.13]]],[[[32.03,41.52],[32.04,41.65],[32.19,41.59],[32.69,41.78],[32.63,41.91],[32.86,41.85],[33.28,41.98],[34.78,41.91],[34.88,42.04],[35.12,42.04],[35.16,41.72],[35.95,41.72],[36.21,41.26],[36.77,41.33],[37.07,41.13],[37.23,41.2],[37.21,41.07],[37.77,41.07],[37.83,40.94],[38.16,41.0],[38.3,40.87],[38.78,40.94],[39.05,41.13],[39.74,40.94],[40.37,40.94],[40.39,41.07],[40.54,41.0],[41.05,41.2],[41.16,41.39],[41.31,41.33],[41.41,41.46],[41.57,41.46],[41.68,41.65],[41.69,41.72],[41.84,41.65],[41.81,41.46],[41.53,41.26],[40.74,40.74],[40.58,40.74],[39.59,39.97],[38.84,39.71],[38.3,39.77],[38.16,39.9],[38.08,39.9],[37.76,39.9],[37.34,39.71],[36.82,39.32],[36.8,39.19],[36.56,39.13],[36.54,39.0],[35.74,38.22],[35.73,38.09],[35.81,38.09],[35.69,37.77],[35.54,37.77],[35.36,37.58],[35.35,37.51],[35.03,37.45],[34.78,37.25],[34.66,36.87],[34.58,36.87],[34.25,36.67],[33.98,36.29],[33.27,36.22],[32.71,36.03],[32.56,36.03],[32.5,36.22],[32.07,36.61],[31.09,36.93],[30.62,36.93],[30.49,36.35],[30.03,36.35],[29.94,36.22],[29.24,36.22],[29.12,36.74],[28.74,36.74],[28.59,36.87],[28.36,36.87],[28.19,36.67],[28.03,36.67],[28.14,37.06],[28.07,37.13],[27.6,37.13],[27.54,37.38],[27.22,37.32],[27.31,37.45],[27.16,37.58],[27.26,37.77],[27.18,37.77],[27.28,38.03],[26.89,38.09],[26.82,38.22],[26.43,38.22],[26.38,38.67],[26.54,38.61],[26.59,38.35],[27.06,38.35],[27.08,38.55],[26.85,38.61],[26.96,39.0],[26.88,39.0],[26.89,39.19],[26.74,39.26],[26.85,39.58],[26.13,39.51],[26.27,40.29],[26.6,40.48],[26.68,40.48],[26.67,40.36],[27.47,40.42],[27.54,40.29],[27.7,40.29],[27.79,40.48],[27.95,40.48],[27.94,40.36],[29.05,40.36],[28.9,40.48],[28.91,40.61],[29.39,40.68],[29.49,40.87],[29.25,40.81],[29.1,40.94],[29.12,41.07],[27.53,41.07],[27.02,40.68],[26.92,40.48],[26.77,40.55],[26.93,40.61],[26.85,40.61],[26.77,40.61],[26.78,40.68],[26.7,40.68],[26.62,40.68],[26.55,40.74],[26.14,40.61],[26.08,40.87],[25.85,40.94],[24.35,41.0],[24.01,40.74],[23.7,40.81],[23.68,40.61],[23.84,40.55],[23.74,40.23],[22.96,40.42],[22.89,40.61],[22.57,40.55],[22.54,40.1],[22.7,40.1],[22.61,39.9],[23.14,39.45],[22.82,39.38],[22.8,39.06],[22.96,39.13],[23.49,38.87],[23.33,38.8],[23.03,38.93],[22.94,38.74],[23.17,38.67],[23.31,38.48],[23.63,38.48],[23.56,38.74],[24.03,38.67],[24.18,38.55],[24.16,38.22],[24.0,38.22],[23.98,37.84],[23.44,38.03],[23.21,38.03],[23.2,37.9],[23.04,37.9],[23.11,37.64],[23.34,37.64],[23.4,37.32],[23.17,37.32],[23.18,37.45],[22.95,37.58],[22.71,37.58],[22.7,37.32],[22.85,37.25],[23.06,36.67],[22.83,36.87],[22.6,36.87],[22.51,36.67],[22.36,36.67],[22.22,37.06],[21.91,37.06],[21.9,36.87],[21.74,36.87],[21.68,37.19],[21.6,37.19],[21.7,37.51],[21.24,37.84],[21.42,38.16],[21.73,38.16],[21.74,38.35],[21.19,38.42],[20.97,38.74],[20.74,38.8],[20.91,39.06],[20.3,39.38],[20.15,39.71],[19.92,39.71],[19.91,39.58],[19.76,39.64],[19.76,39.77],[20.0,39.77],[20.01,39.97],[19.63,40.29],[19.47,40.29],[19.49,40.61],[19.25,40.61],[19.25,40.74],[19.5,40.87],[19.42,40.94],[19.53,41.52],[19.46,41.65],[19.85,41.65],[19.84,41.46],[19.92,41.46],[19.84,41.33],[19.99,41.26],[19.89,40.74],[20.04,40.55],[20.27,40.48],[20.18,40.29],[20.33,40.1],[20.49,40.1],[20.41,40.03],[20.48,39.9],[20.79,39.77],[21.66,39.77],[22.06,39.97],[22.01,40.36],[22.1,40.55],[23.4,41.07],[23.73,41.33],[23.66,41.46],[23.75,41.52],[24.63,41.65],[24.65,41.85],[24.97,41.85],[24.97,41.91],[25.21,41.91],[25.22,42.04],[25.46,42.04],[25.8,42.24],[27.33,42.37],[27.53,42.82],[27.77,42.76],[27.69,42.76],[27.67,42.63],[27.51,42.63],[27.49,42.43],[27.94,42.04],[27.98,41.65],[28.22,41.65],[28.35,41.39],[28.97,41.2],[28.96,41.13],[30.48,41.2],[30.62,41.07],[31.18,41.07],[31.53,41.39],[32.03,41.52]]],[[[25.07,40.03],[25.15,40.03],[25.46,40.03],[25.45,39.84],[24.97,39.84],[25.07,40.03]]],[[[25.8,40.29],[26.04,40.29],[26.02,40.16],[25.7,40.1],[25.72,40.29],[25.8,40.29]]],[[[27.71,43.02],[27.72,43.08],[27.74,43.28],[27.99,43.34],[27.98,43.28],[27.71,43.02]]],[[[33.76,45.04],[33.84,45.04],[33.93,45.04],[34.01,45.04],[34.09,45.04],[34.08,44.97],[34.73,44.97],[34.79,44.84],[34.71,44.84],[33.76,44.45],[33.68,44.45],[33.6,44.45],[33.52,44.45],[33.47,44.65],[33.55,44.65],[33.6,45.04],[33.68,45.04],[33.76,45.04]]]]},"properties":{"id":"territory:Byzantine Empire:741","name":"비잔티움 제국","name_en":"Byzantine Empire","actor":"로마","valid_from":741,"valid_to":750,"wikidata":"Q112039853","area":694338,"src":"cliopatria","confidence":"medium"}},{"type":"Feature","geometry":{"type":"Point","coordinates":[30.545,39.409]},"properties":{"id":"territory:Byzantine Empire:741:label","name":"비잔티움 제국","name_en":"Byzantine Empire","actor":"로마","valid_from":741,"valid_to":750,"wikidata":"Q112039853","area":694338,"src":"cliopatria","confidence":"medium"}},{"type":"Feature","geometry":{"type":"MultiPolygon","coordinates":[[[[14.34,36.03],[14.42,36.03],[14.57,35.97],[14.57,35.77],[14.34,35.84],[14.34,36.03]]],[[[16.49,38.42],[15.93,37.96],[15.7,37.96],[15.62,38.16],[15.39,38.16],[15.07,37.64],[15.06,37.25],[15.21,37.19],[15.05,36.74],[14.66,36.74],[14.28,37.13],[13.58,37.25],[13.19,37.58],[12.49,37.71],[12.49,37.9],[12.65,38.09],[13.04,38.03],[13.12,38.16],[13.35,38.16],[13.67,37.96],[14.06,37.96],[15.86,38.29],[15.95,38.67],[16.27,38.74],[16.27,38.93],[16.12,39.06],[16.05,39.45],[15.9,39.64],[15.9,39.71],[16.45,39.71],[16.45,39.64],[16.84,39.51],[16.92,39.51],[17.07,39.38],[17.14,39.06],[16.5,38.8],[16.49,38.42]]],[[[9.67,40.29],[9.75,39.64],[9.67,39.64],[9.59,39.13],[9.12,39.19],[8.97,38.87],[8.73,38.87],[8.34,39.0],[8.41,39.26],[8.33,39.26],[8.33,39.51],[8.41,39.51],[8.48,39.9],[8.32,39.97],[8.4,40.29],[8.32,40.29],[8.32,40.48],[8.16,40.55],[8.15,40.94],[8.55,40.87],[9.02,41.26],[9.1,41.26],[9.5,41.2],[9.82,40.74],[9.82,40.36],[9.67,40.29]]],[[[17.42,40.36],[17.35,40.55],[17.83,40.68],[18.21,40.42],[18.21,40.36],[18.44,40.16],[18.35,39.9],[18.11,39.9],[17.81,40.36],[17.42,40.36]]],[[[14.58,40.81],[14.74,40.81],[14.73,40.68],[14.66,40.68],[14.58,40.68],[14.5,40.68],[14.42,40.68],[14.42,40.74],[14.42,40.87],[14.03,40.94],[14.03,41.0],[14.5,41.0],[14.58,40.81]]],[[[13.32,41.33],[13.0,41.33],[12.92,41.46],[12.6,41.52],[12.13,41.91],[12.13,42.04],[11.81,42.11],[11.73,42.24],[11.73,42.3],[12.06,42.5],[11.98,42.76],[12.06,42.76],[12.06,43.08],[12.3,43.08],[12.3,42.69],[12.54,42.63],[12.61,42.37],[13.41,41.85],[13.8,41.85],[13.8,41.78],[14.04,41.59],[13.96,41.39],[13.4,41.33],[13.32,41.33]]],[[[17.83,42.82],[18.07,42.89],[18.07,42.82],[18.23,42.76],[18.07,42.69],[17.99,42.82],[17.83,42.82]]],[[[17.51,42.82],[17.51,42.89],[17.59,42.89],[17.59,42.82],[17.59,42.76],[17.51,42.76],[17.51,42.82]]],[[[16.8,43.21],[17.12,43.21],[17.12,43.08],[16.72,43.08],[16.72,43.21],[16.8,43.21]]],[[[16.73,43.47],[16.81,43.47],[16.81,43.41],[16.81,43.34],[16.73,43.34],[16.73,43.41],[16.73,43.47]]],[[[15.93,43.6],[15.93,43.67],[16.66,43.67],[16.65,43.54],[16.57,43.54],[16.25,43.6],[16.17,43.47],[15.93,43.47],[16.01,43.6],[15.93,43.6]]],[[[15.39,44.32],[15.38,44.19],[15.22,44.12],[15.22,44.19],[15.22,44.25],[15.14,44.25],[15.14,44.32],[15.15,44.39],[15.39,44.32]]],[[[15.07,44.39],[15.07,44.45],[15.15,44.45],[15.15,44.39],[15.07,44.39]]],[[[14.99,44.52],[15.07,44.52],[15.07,44.45],[14.99,44.45],[14.99,44.52]]],[[[24.3,35.32],[25.69,35.32],[25.68,35.13],[26.23,35.19],[26.14,35.07],[24.82,35.0],[24.76,35.19],[24.53,35.19],[24.45,35.19],[23.68,35.26],[23.62,35.52],[24.16,35.52],[24.15,35.39],[24.3,35.32]]],[[[22.89,36.42],[22.96,36.42],[23.12,36.35],[23.11,36.16],[22.87,36.16],[22.89,36.42]]],[[[24.28,37.71],[24.36,37.71],[24.43,37.58],[24.27,37.51],[24.2,37.64],[24.28,37.71]]],[[[24.99,37.71],[25.06,37.71],[25.22,37.71],[25.29,37.51],[25.05,37.51],[24.99,37.71]]],[[[20.7,37.9],[20.93,37.9],[20.92,37.64],[20.61,37.71],[20.62,37.9],[20.7,37.9]]],[[[24.77,38.03],[25.07,37.77],[24.83,37.71],[24.68,37.84],[24.69,38.03],[24.77,38.03]]],[[[20.33,38.35],[20.49,38.42],[20.57,38.42],[20.8,38.29],[20.79,38.09],[20.32,38.16],[20.33,38.35]]],[[[23.57,38.8],[23.56,38.74],[23.48,38.74],[23.49,38.8],[23.57,38.8]]],[[[24.36,39.0],[24.44,39.0],[24.67,38.93],[24.66,38.74],[24.36,38.87],[24.36,39.0]]],[[[20.15,39.58],[20.07,39.58],[20.07,39.64],[20.15,39.64],[20.15,39.58]]],[[[21.74,39.9],[21.75,39.97],[21.83,39.97],[21.82,39.9],[21.74,39.9]]],[[[24.49,40.81],[24.57,40.81],[24.81,40.81],[24.79,40.61],[24.55,40.55],[24.49,40.81]]],[[[20.0,41.33],[19.92,41.33],[19.92,41.39],[20.0,41.39],[20.0,41.33]]],[[[19.93,41.65],[19.85,41.65],[19.86,41.72],[19.94,41.72],[19.93,41.65]]],[[[28.02,36.48],[28.09,36.48],[28.25,36.48],[28.14,36.03],[27.74,35.9],[27.69,36.29],[28.02,36.48]]],[[[27.19,36.8],[26.87,36.67],[27.04,36.93],[27.12,36.93],[27.19,36.8]]],[[[25.34,37.13],[25.42,37.13],[25.57,37.13],[25.56,37.0],[25.33,37.0],[25.34,37.13]]],[[[26.08,37.71],[26.16,37.71],[26.31,37.71],[26.3,37.58],[25.99,37.51],[26.08,37.71]]],[[[25.9,38.48],[25.82,38.48],[25.91,38.67],[25.99,38.67],[26.22,38.55],[26.11,38.16],[25.88,38.16],[25.9,38.48]]],[[[26.1,39.13],[25.79,39.19],[26.04,39.38],[26.12,39.38],[26.51,39.32],[26.64,39.0],[26.25,38.93],[26.09,39.0],[26.1,39.13]]],[[[32.03,41.52],[32.04,41.65],[32.19,41.59],[32.69,41.78],[32.63,41.91],[32.86,41.85],[33.28,41.98],[34.78,41.91],[34.88,42.04],[35.12,42.04],[35.16,41.72],[35.95,41.72],[36.21,41.26],[36.77,41.33],[37.07,41.13],[37.23,41.2],[37.21,41.07],[37.77,41.07],[37.83,40.94],[38.16,41.0],[38.3,40.87],[38.78,40.94],[39.05,41.13],[39.74,40.94],[40.37,40.94],[40.39,41.07],[40.54,41.0],[41.05,41.2],[41.16,41.39],[41.31,41.33],[41.41,41.46],[41.57,41.46],[41.68,41.65],[41.69,41.72],[41.84,41.65],[41.81,41.46],[41.53,41.26],[40.74,40.74],[40.58,40.74],[39.59,39.97],[38.84,39.71],[38.3,39.77],[38.16,39.9],[38.08,39.9],[37.76,39.9],[37.34,39.71],[36.82,39.32],[36.8,39.19],[36.56,39.13],[36.54,39.0],[35.74,38.22],[35.73,38.09],[35.81,38.09],[35.69,37.77],[35.54,37.77],[35.36,37.58],[35.35,37.51],[35.03,37.45],[34.78,37.25],[34.66,36.87],[34.58,36.87],[34.25,36.67],[33.98,36.29],[33.27,36.22],[32.71,36.03],[32.56,36.03],[32.5,36.22],[32.07,36.61],[31.09,36.93],[30.62,36.93],[30.49,36.35],[30.03,36.35],[29.94,36.22],[29.24,36.22],[29.12,36.74],[28.74,36.74],[28.59,36.87],[28.36,36.87],[28.19,36.67],[28.03,36.67],[28.14,37.06],[28.07,37.13],[27.6,37.13],[27.54,37.38],[27.22,37.32],[27.31,37.45],[27.16,37.58],[27.26,37.77],[27.18,37.77],[27.28,38.03],[26.89,38.09],[26.82,38.22],[26.43,38.22],[26.38,38.67],[26.54,38.61],[26.59,38.35],[27.06,38.35],[27.08,38.55],[26.85,38.61],[26.96,39.0],[26.88,39.0],[26.89,39.19],[26.74,39.26],[26.85,39.58],[26.13,39.51],[26.27,40.29],[26.6,40.48],[26.68,40.48],[26.67,40.36],[27.47,40.42],[27.54,40.29],[27.7,40.29],[27.79,40.48],[27.95,40.48],[27.94,40.36],[29.05,40.36],[28.9,40.48],[28.91,40.61],[29.39,40.68],[29.49,40.87],[29.25,40.81],[29.1,40.94],[29.12,41.07],[27.53,41.07],[27.02,40.68],[26.92,40.48],[26.77,40.55],[26.93,40.61],[26.85,40.61],[26.77,40.61],[26.78,40.68],[26.7,40.68],[26.62,40.68],[26.55,40.74],[26.14,40.61],[26.08,40.87],[25.85,40.94],[24.35,41.0],[24.01,40.74],[23.7,40.81],[23.68,40.61],[23.84,40.55],[23.74,40.23],[22.96,40.42],[22.89,40.61],[22.57,40.55],[22.54,40.1],[22.7,40.1],[22.61,39.9],[23.14,39.45],[22.82,39.38],[22.8,39.06],[22.96,39.13],[23.49,38.87],[23.33,38.8],[23.03,38.93],[22.94,38.74],[23.17,38.67],[23.31,38.48],[23.63,38.48],[23.56,38.74],[24.03,38.67],[24.18,38.55],[24.16,38.22],[24.0,38.22],[23.98,37.84],[23.44,38.03],[23.21,38.03],[23.2,37.9],[23.04,37.9],[23.11,37.64],[23.34,37.64],[23.4,37.32],[23.17,37.32],[23.18,37.45],[22.95,37.58],[22.71,37.58],[22.7,37.32],[22.85,37.25],[23.06,36.67],[22.83,36.87],[22.6,36.87],[22.51,36.67],[22.36,36.67],[22.22,37.06],[21.91,37.06],[21.9,36.87],[21.74,36.87],[21.68,37.19],[21.6,37.19],[21.7,37.51],[21.24,37.84],[21.42,38.16],[21.73,38.16],[21.74,38.35],[21.19,38.42],[20.97,38.74],[20.74,38.8],[20.91,39.06],[20.3,39.38],[20.15,39.71],[19.92,39.71],[19.91,39.58],[19.76,39.64],[19.76,39.77],[20.0,39.77],[20.01,39.97],[19.63,40.29],[19.47,40.29],[19.49,40.61],[19.25,40.61],[19.25,40.74],[19.5,40.87],[19.42,40.94],[19.53,41.52],[19.46,41.65],[19.85,41.65],[19.84,41.46],[19.92,41.46],[19.84,41.33],[19.99,41.26],[19.89,40.74],[20.04,40.55],[20.27,40.48],[20.18,40.29],[20.33,40.1],[20.49,40.1],[20.41,40.03],[20.48,39.9],[20.79,39.77],[21.66,39.77],[22.06,39.97],[22.01,40.36],[22.1,40.55],[23.4,41.07],[23.73,41.33],[23.66,41.46],[23.75,41.52],[24.63,41.65],[24.65,41.85],[24.97,41.85],[24.97,41.91],[25.21,41.91],[25.22,42.04],[25.46,42.04],[25.8,42.24],[27.33,42.37],[27.53,42.82],[27.77,42.76],[27.69,42.76],[27.67,42.63],[27.51,42.63],[27.49,42.43],[27.94,42.04],[27.98,41.65],[28.22,41.65],[28.35,41.39],[28.97,41.2],[28.96,41.13],[30.48,41.2],[30.62,41.07],[31.18,41.07],[31.53,41.39],[32.03,41.52]]],[[[25.07,40.03],[25.15,40.03],[25.46,40.03],[25.45,39.84],[24.97,39.84],[25.07,40.03]]],[[[25.8,40.29],[26.04,40.29],[26.02,40.16],[25.7,40.1],[25.72,40.29],[25.8,40.29]]],[[[27.71,43.02],[27.72,43.08],[27.74,43.28],[27.99,43.34],[27.98,43.28],[27.71,43.02]]],[[[33.76,45.04],[33.84,45.04],[33.93,45.04],[34.01,45.04],[34.09,45.04],[34.08,44.97],[34.73,44.97],[34.79,44.84],[34.71,44.84],[33.76,44.45],[33.68,44.45],[33.6,44.45],[33.52,44.45],[33.47,44.65],[33.55,44.65],[33.6,45.04],[33.68,45.04],[33.76,45.04]]]]},"properties":{"id":"territory:Byzantine Empire:751","name":"비잔티움 제국","name_en":"Byzantine Empire","actor":"로마","valid_from":751,"valid_to":768,"wikidata":"Q112039853","area":693828,"src":"cliopatria","confidence":"medium"}},{"type":"Feature","geometry":{"type":"Point","coordinates":[30.545,39.409]},"properties":{"id":"territory:Byzantine Empire:751:label","name":"비잔티움 제국","name_en":"Byzantine Empire","actor":"로마","valid_from":751,"valid_to":768,"wikidata":"Q112039853","area":693828,"src":"cliopatria","confidence":"medium"}},{"type":"Feature","geometry":{"type":"MultiPolygon","coordinates":[[[[14.34,36.03],[14.42,36.03],[14.57,35.97],[14.57,35.77],[14.34,35.84],[14.34,36.03]]],[[[22.89,36.42],[22.96,36.42],[23.12,36.35],[23.11,36.16],[22.87,36.16],[22.89,36.42]]],[[[20.62,37.9],[20.7,37.9],[20.93,37.9],[20.92,37.64],[20.61,37.71],[20.62,37.9]]],[[[16.49,38.42],[15.93,37.96],[15.7,37.96],[15.62,38.16],[15.39,38.16],[15.07,37.64],[15.06,37.25],[15.21,37.19],[15.05,36.74],[14.66,36.74],[14.28,37.13],[13.58,37.25],[13.19,37.58],[12.49,37.71],[12.49,37.9],[12.65,38.09],[13.04,38.03],[13.12,38.16],[13.35,38.16],[13.67,37.96],[14.06,37.96],[15.86,38.29],[15.95,38.67],[16.27,38.74],[16.27,38.93],[16.12,39.06],[16.05,39.45],[15.9,39.64],[15.9,39.71],[16.45,39.71],[16.45,39.64],[16.84,39.51],[16.92,39.51],[17.07,39.38],[17.14,39.06],[16.5,38.8],[16.49,38.42]]],[[[20.33,38.35],[20.49,38.42],[20.57,38.42],[20.8,38.29],[20.79,38.09],[20.32,38.16],[20.33,38.35]]],[[[23.57,38.8],[23.56,38.74],[23.48,38.74],[23.49,38.8],[23.57,38.8]]],[[[20.15,39.64],[20.15,39.58],[20.07,39.58],[20.07,39.64],[20.15,39.64]]],[[[21.74,39.9],[21.75,39.97],[21.83,39.97],[21.82,39.9],[21.74,39.9]]],[[[9.75,39.64],[9.67,39.64],[9.59,39.13],[9.12,39.19],[8.97,38.87],[8.73,38.87],[8.34,39.0],[8.41,39.26],[8.33,39.26],[8.33,39.51],[8.41,39.51],[8.48,39.9],[8.32,39.97],[8.4,40.29],[8.32,40.29],[8.32,40.48],[8.16,40.55],[8.15,40.94],[8.55,40.87],[9.02,41.26],[9.1,41.26],[9.5,41.2],[9.82,40.74],[9.82,40.36],[9.67,40.29],[9.75,39.64]]],[[[17.81,40.36],[17.42,40.36],[17.35,40.55],[17.83,40.68],[18.21,40.42],[18.21,40.36],[18.44,40.16],[18.35,39.9],[18.11,39.9],[17.81,40.36]]],[[[20.0,41.33],[19.92,41.33],[19.92,41.39],[20.0,41.39],[20.0,41.33]]],[[[19.93,41.65],[19.85,41.65],[19.86,41.72],[19.94,41.72],[19.93,41.65]]],[[[17.99,42.76],[17.83,42.89],[18.07,42.89],[18.15,42.69],[18.07,42.76],[17.99,42.76]]],[[[17.51,42.89],[17.59,42.89],[17.59,42.82],[17.59,42.76],[17.51,42.76],[17.51,42.82],[17.51,42.89]]],[[[16.72,43.21],[16.8,43.21],[17.12,43.21],[17.12,43.08],[16.72,43.08],[16.72,43.21]]],[[[16.73,43.41],[16.73,43.47],[16.81,43.47],[16.81,43.41],[16.81,43.34],[16.73,43.34],[16.73,43.41]]],[[[15.93,43.6],[15.93,43.67],[16.66,43.67],[16.65,43.54],[16.57,43.54],[16.25,43.6],[16.17,43.47],[15.93,43.47],[16.01,43.6],[15.93,43.6]]],[[[15.38,44.19],[15.22,44.12],[15.22,44.19],[15.22,44.25],[15.14,44.25],[15.14,44.32],[15.15,44.39],[15.39,44.32],[15.38,44.19]]],[[[15.07,44.45],[15.15,44.45],[15.15,44.39],[15.07,44.39],[15.07,44.45]]],[[[14.99,44.45],[14.99,44.52],[15.07,44.52],[15.07,44.45],[14.99,44.45]]],[[[24.15,35.39],[24.3,35.32],[25.69,35.32],[25.68,35.13],[26.23,35.19],[26.14,35.07],[24.82,35.0],[24.76,35.19],[24.53,35.19],[24.45,35.19],[23.68,35.26],[23.62,35.52],[24.16,35.52],[24.15,35.39]]],[[[27.69,36.29],[28.02,36.48],[28.09,36.48],[28.25,36.48],[28.14,36.03],[27.74,35.9],[27.69,36.29]]],[[[27.19,36.8],[26.87,36.67],[27.04,36.93],[27.12,36.93],[27.19,36.8]]],[[[25.42,37.13],[25.57,37.13],[25.56,37.0],[25.33,37.0],[25.34,37.13],[25.42,37.13]]],[[[24.28,37.71],[24.36,37.71],[24.43,37.58],[24.27,37.51],[24.2,37.64],[24.28,37.71]]],[[[24.99,37.71],[25.06,37.71],[25.22,37.71],[25.29,37.51],[25.05,37.51],[24.99,37.71]]],[[[26.08,37.71],[26.16,37.71],[26.31,37.71],[26.3,37.58],[25.99,37.51],[26.08,37.71]]],[[[24.77,38.03],[25.07,37.77],[24.83,37.71],[24.68,37.84],[24.69,38.03],[24.77,38.03]]],[[[25.82,38.48],[25.91,38.67],[25.99,38.67],[26.22,38.55],[26.11,38.16],[25.88,38.16],[25.9,38.48],[25.82,38.48]]],[[[24.36,39.0],[24.44,39.0],[24.67,38.93],[24.66,38.74],[24.36,38.87],[24.36,39.0]]],[[[26.09,39.0],[26.1,39.13],[25.79,39.19],[26.04,39.38],[26.12,39.38],[26.51,39.32],[26.64,39.0],[26.25,38.93],[26.09,39.0]]],[[[31.53,41.39],[32.03,41.52],[32.04,41.65],[32.19,41.59],[32.69,41.78],[32.63,41.91],[32.86,41.85],[33.28,41.98],[34.78,41.91],[34.88,42.04],[35.12,42.04],[35.16,41.72],[35.95,41.72],[36.21,41.26],[36.77,41.33],[37.07,41.13],[37.23,41.2],[37.21,41.07],[37.77,41.07],[37.83,40.94],[38.16,41.0],[38.3,40.87],[38.78,40.94],[39.05,41.13],[39.74,40.94],[40.37,40.94],[40.39,41.07],[40.54,41.0],[41.05,41.2],[41.16,41.39],[41.31,41.33],[41.41,41.46],[41.57,41.46],[41.68,41.65],[41.69,41.72],[41.84,41.65],[41.81,41.46],[41.53,41.26],[40.74,40.74],[40.58,40.74],[39.59,39.97],[38.84,39.71],[38.3,39.77],[38.16,39.9],[38.08,39.9],[37.76,39.9],[37.34,39.71],[36.82,39.32],[36.8,39.19],[36.56,39.13],[36.54,39.0],[35.74,38.22],[35.73,38.09],[35.81,38.09],[35.69,37.77],[35.54,37.77],[35.36,37.58],[35.35,37.51],[35.03,37.45],[34.78,37.25],[34.66,36.87],[34.58,36.87],[34.25,36.67],[33.98,36.29],[33.27,36.22],[32.71,36.03],[32.56,36.03],[32.5,36.22],[32.07,36.61],[31.09,36.93],[30.62,36.93],[30.49,36.35],[30.03,36.35],[29.94,36.22],[29.24,36.22],[29.12,36.74],[28.74,36.74],[28.59,36.87],[28.36,36.87],[28.19,36.67],[28.03,36.67],[28.14,37.06],[28.07,37.13],[27.6,37.13],[27.54,37.38],[27.22,37.32],[27.31,37.45],[27.16,37.58],[27.26,37.77],[27.18,37.77],[27.28,38.03],[26.89,38.09],[26.82,38.22],[26.43,38.22],[26.38,38.67],[26.54,38.61],[26.59,38.35],[27.06,38.35],[27.08,38.55],[26.85,38.61],[26.96,39.0],[26.88,39.0],[26.89,39.19],[26.74,39.26],[26.85,39.58],[26.13,39.51],[26.27,40.29],[26.6,40.48],[26.68,40.48],[26.67,40.36],[27.47,40.42],[27.54,40.29],[27.7,40.29],[27.79,40.48],[27.95,40.48],[27.94,40.36],[29.05,40.36],[28.9,40.48],[28.91,40.61],[29.39,40.68],[29.49,40.87],[29.25,40.81],[29.1,40.94],[29.12,41.07],[27.53,41.07],[27.02,40.68],[26.92,40.48],[26.77,40.55],[26.93,40.61],[26.85,40.61],[26.77,40.61],[26.78,40.68],[26.7,40.68],[26.62,40.68],[26.55,40.74],[26.14,40.61],[26.08,40.87],[25.85,40.94],[24.35,41.0],[24.01,40.74],[23.7,40.81],[23.68,40.61],[23.84,40.55],[23.74,40.23],[22.96,40.42],[22.89,40.61],[22.57,40.55],[22.54,40.1],[22.7,40.1],[22.61,39.9],[23.14,39.45],[22.82,39.38],[22.8,39.06],[22.96,39.13],[23.49,38.87],[23.33,38.8],[23.03,38.93],[22.94,38.74],[23.17,38.67],[23.31,38.48],[23.63,38.48],[23.56,38.74],[24.03,38.67],[24.18,38.55],[24.16,38.22],[24.0,38.22],[23.98,37.84],[23.44,38.03],[23.21,38.03],[23.2,37.9],[23.04,37.9],[23.11,37.64],[23.34,37.64],[23.4,37.32],[23.17,37.32],[23.18,37.45],[22.95,37.58],[22.71,37.58],[22.7,37.32],[22.85,37.25],[23.06,36.67],[22.83,36.87],[22.6,36.87],[22.51,36.67],[22.36,36.67],[22.22,37.06],[21.91,37.06],[21.9,36.87],[21.74,36.87],[21.68,37.19],[21.6,37.19],[21.7,37.51],[21.24,37.84],[21.42,38.16],[21.73,38.16],[21.74,38.35],[21.19,38.42],[20.97,38.74],[20.74,38.8],[20.91,39.06],[20.3,39.38],[20.15,39.71],[19.92,39.71],[19.91,39.58],[19.76,39.64],[19.76,39.77],[20.0,39.77],[20.01,39.97],[19.63,40.29],[19.47,40.29],[19.49,40.61],[19.25,40.61],[19.25,40.74],[19.5,40.87],[19.42,40.94],[19.53,41.52],[19.46,41.65],[19.85,41.65],[19.84,41.46],[19.92,41.46],[19.84,41.33],[19.99,41.26],[19.89,40.74],[20.04,40.55],[20.27,40.48],[20.18,40.29],[20.33,40.1],[20.49,40.1],[20.41,40.03],[20.48,39.9],[20.79,39.77],[21.66,39.77],[22.06,39.97],[22.01,40.36],[22.1,40.55],[23.4,41.07],[23.73,41.33],[23.66,41.46],[23.75,41.52],[24.63,41.65],[24.65,41.85],[24.97,41.85],[24.97,41.91],[25.21,41.91],[25.22,42.04],[25.46,42.04],[25.8,42.24],[27.33,42.37],[27.53,42.82],[27.77,42.76],[27.69,42.76],[27.67,42.63],[27.51,42.63],[27.49,42.43],[27.94,42.04],[27.98,41.65],[28.22,41.65],[28.35,41.39],[28.97,41.2],[28.96,41.13],[30.48,41.2],[30.62,41.07],[31.18,41.07],[31.53,41.39]]],[[[25.15,40.03],[25.46,40.03],[25.45,39.84],[24.97,39.84],[25.07,40.03],[25.15,40.03]]],[[[25.8,40.29],[26.04,40.29],[26.02,40.16],[25.7,40.1],[25.72,40.29],[25.8,40.29]]],[[[24.49,40.81],[24.57,40.81],[24.81,40.81],[24.79,40.61],[24.55,40.55],[24.49,40.81]]],[[[27.71,43.02],[27.72,43.08],[27.74,43.28],[27.99,43.34],[27.98,43.28],[27.71,43.02]]],[[[33.76,45.04],[33.84,45.04],[33.93,45.04],[34.01,45.04],[34.09,45.04],[34.08,44.97],[34.73,44.97],[34.79,44.84],[34.71,44.84],[33.76,44.45],[33.68,44.45],[33.6,44.45],[33.52,44.45],[33.47,44.65],[33.55,44.65],[33.6,45.04],[33.68,45.04],[33.76,45.04]]]]},"properties":{"id":"territory:Byzantine Empire:768","name":"비잔티움 제국","name_en":"Byzantine Empire","actor":"로마","valid_from":768,"valid_to":778,"wikidata":"Q112039853","area":678915,"src":"cliopatria","confidence":"medium"}},{"type":"Feature","geometry":{"type":"Point","coordinates":[30.545,39.409]},"properties":{"id":"territory:Byzantine Empire:768:label","name":"비잔티움 제국","name_en":"Byzantine Empire","actor":"로마","valid_from":768,"valid_to":778,"wikidata":"Q112039853","area":678915,"src":"cliopatria","confidence":"medium"}},{"type":"Feature","geometry":{"type":"MultiPolygon","coordinates":[[[[14.34,36.03],[14.42,36.03],[14.57,35.97],[14.57,35.77],[14.34,35.84],[14.34,36.03]]],[[[22.89,36.42],[22.96,36.42],[23.12,36.35],[23.11,36.16],[22.87,36.16],[22.89,36.42]]],[[[20.62,37.9],[20.7,37.9],[20.93,37.9],[20.92,37.64],[20.61,37.71],[20.62,37.9]]],[[[16.49,38.42],[15.93,37.96],[15.7,37.96],[15.62,38.16],[15.39,38.16],[15.07,37.64],[15.06,37.25],[15.21,37.19],[15.05,36.74],[14.66,36.74],[14.28,37.13],[13.58,37.25],[13.19,37.58],[12.49,37.71],[12.49,37.9],[12.65,38.09],[13.04,38.03],[13.12,38.16],[13.35,38.16],[13.67,37.96],[14.06,37.96],[15.86,38.29],[15.95,38.67],[16.27,38.74],[16.27,38.93],[16.12,39.06],[16.05,39.45],[15.9,39.64],[15.9,39.71],[16.45,39.71],[16.45,39.64],[16.84,39.51],[16.92,39.51],[17.07,39.38],[17.14,39.06],[16.5,38.8],[16.49,38.42]]],[[[20.33,38.35],[20.49,38.42],[20.57,38.42],[20.8,38.29],[20.79,38.09],[20.32,38.16],[20.33,38.35]]],[[[23.57,38.8],[23.56,38.74],[23.48,38.74],[23.49,38.8],[23.57,38.8]]],[[[20.15,39.64],[20.15,39.58],[20.07,39.58],[20.07,39.64],[20.15,39.64]]],[[[21.74,39.9],[21.75,39.97],[21.83,39.97],[21.82,39.9],[21.74,39.9]]],[[[9.75,39.64],[9.67,39.64],[9.59,39.13],[9.12,39.19],[8.97,38.87],[8.73,38.87],[8.34,39.0],[8.41,39.26],[8.33,39.26],[8.33,39.51],[8.41,39.51],[8.48,39.9],[8.32,39.97],[8.4,40.29],[8.32,40.29],[8.32,40.48],[8.16,40.55],[8.15,40.94],[8.55,40.87],[9.02,41.26],[9.1,41.26],[9.5,41.2],[9.82,40.74],[9.82,40.36],[9.67,40.29],[9.75,39.64]]],[[[17.81,40.36],[17.42,40.36],[17.35,40.55],[17.83,40.68],[18.21,40.42],[18.21,40.36],[18.44,40.16],[18.35,39.9],[18.11,39.9],[17.81,40.36]]],[[[20.0,41.33],[19.92,41.33],[19.92,41.39],[20.0,41.39],[20.0,41.33]]],[[[19.93,41.65],[19.85,41.65],[19.86,41.72],[19.94,41.72],[19.93,41.65]]],[[[17.99,42.76],[17.83,42.89],[18.07,42.89],[18.15,42.69],[18.07,42.76],[17.99,42.76]]],[[[17.51,42.89],[17.59,42.89],[17.59,42.82],[17.59,42.76],[17.51,42.76],[17.51,42.82],[17.51,42.89]]],[[[16.72,43.21],[16.8,43.21],[17.12,43.21],[17.12,43.08],[16.72,43.08],[16.72,43.21]]],[[[16.73,43.41],[16.73,43.47],[16.81,43.47],[16.81,43.41],[16.81,43.34],[16.73,43.34],[16.73,43.41]]],[[[15.93,43.6],[15.93,43.67],[16.66,43.67],[16.65,43.54],[16.57,43.54],[16.25,43.6],[16.17,43.47],[15.93,43.47],[16.01,43.6],[15.93,43.6]]],[[[15.38,44.19],[15.22,44.12],[15.22,44.19],[15.22,44.25],[15.14,44.25],[15.14,44.32],[15.15,44.39],[15.39,44.32],[15.38,44.19]]],[[[15.07,44.45],[15.15,44.45],[15.15,44.39],[15.07,44.39],[15.07,44.45]]],[[[14.99,44.45],[14.99,44.52],[15.07,44.52],[15.07,44.45],[14.99,44.45]]],[[[24.15,35.39],[24.3,35.32],[25.69,35.32],[25.68,35.13],[26.23,35.19],[26.14,35.07],[24.82,35.0],[24.76,35.19],[24.53,35.19],[24.45,35.19],[23.68,35.26],[23.62,35.52],[24.16,35.52],[24.15,35.39]]],[[[27.69,36.29],[28.02,36.48],[28.09,36.48],[28.25,36.48],[28.14,36.03],[27.74,35.9],[27.69,36.29]]],[[[27.19,36.8],[26.87,36.67],[27.04,36.93],[27.12,36.93],[27.19,36.8]]],[[[25.42,37.13],[25.57,37.13],[25.56,37.0],[25.33,37.0],[25.34,37.13],[25.42,37.13]]],[[[24.28,37.71],[24.36,37.71],[24.43,37.58],[24.27,37.51],[24.2,37.64],[24.28,37.71]]],[[[24.99,37.71],[25.06,37.71],[25.22,37.71],[25.29,37.51],[25.05,37.51],[24.99,37.71]]],[[[26.08,37.71],[26.16,37.71],[26.31,37.71],[26.3,37.58],[25.99,37.51],[26.08,37.71]]],[[[24.77,38.03],[25.07,37.77],[24.83,37.71],[24.68,37.84],[24.69,38.03],[24.77,38.03]]],[[[25.82,38.48],[25.91,38.67],[25.99,38.67],[26.22,38.55],[26.11,38.16],[25.88,38.16],[25.9,38.48],[25.82,38.48]]],[[[24.36,39.0],[24.44,39.0],[24.67,38.93],[24.66,38.74],[24.36,38.87],[24.36,39.0]]],[[[26.09,39.0],[26.1,39.13],[25.79,39.19],[26.04,39.38],[26.12,39.38],[26.51,39.32],[26.64,39.0],[26.25,38.93],[26.09,39.0]]],[[[31.53,41.39],[32.03,41.52],[32.04,41.65],[32.19,41.59],[32.69,41.78],[32.63,41.91],[34.78,41.91],[34.88,42.04],[35.12,42.04],[35.09,41.78],[35.31,41.65],[35.95,41.72],[36.21,41.26],[36.77,41.33],[37.07,41.13],[37.23,41.2],[37.21,41.07],[37.77,41.07],[37.83,40.94],[38.16,41.0],[38.3,40.87],[38.78,40.94],[39.05,41.13],[39.74,40.94],[40.37,40.94],[40.39,41.07],[40.54,41.0],[41.05,41.2],[41.16,41.39],[41.31,41.33],[41.41,41.46],[41.74,41.52],[41.73,41.46],[41.08,40.94],[40.58,40.74],[39.59,39.97],[38.84,39.71],[38.3,39.77],[38.16,39.9],[38.08,39.9],[37.76,39.9],[37.34,39.71],[36.82,39.32],[36.8,39.19],[36.56,39.13],[36.54,39.0],[35.74,38.22],[35.73,38.09],[35.81,38.09],[35.69,37.77],[35.54,37.77],[35.36,37.58],[35.35,37.51],[35.03,37.45],[34.78,37.25],[34.66,36.87],[34.58,36.87],[34.25,36.67],[33.98,36.29],[33.27,36.22],[32.71,36.03],[32.56,36.03],[32.5,36.22],[32.07,36.61],[31.09,36.93],[30.62,36.93],[30.49,36.35],[30.03,36.35],[29.94,36.22],[29.24,36.22],[29.12,36.74],[28.74,36.74],[28.59,36.87],[28.36,36.87],[28.19,36.67],[28.03,36.67],[28.14,37.06],[28.07,37.13],[27.6,37.13],[27.54,37.38],[27.22,37.32],[27.31,37.45],[27.16,37.58],[27.26,37.77],[27.18,37.77],[27.28,38.03],[26.89,38.09],[26.82,38.22],[26.43,38.22],[26.38,38.67],[26.54,38.61],[26.59,38.35],[27.06,38.35],[27.08,38.55],[26.85,38.61],[26.96,39.0],[26.88,39.0],[26.89,39.19],[26.74,39.26],[26.85,39.58],[26.13,39.51],[26.27,40.29],[26.6,40.48],[26.68,40.48],[26.67,40.36],[27.47,40.42],[27.54,40.29],[27.7,40.29],[27.79,40.48],[27.95,40.48],[27.94,40.36],[29.05,40.36],[28.9,40.48],[28.91,40.61],[29.39,40.68],[29.49,40.87],[29.25,40.81],[29.1,40.94],[29.12,41.07],[27.53,41.07],[27.02,40.68],[26.92,40.48],[26.77,40.55],[26.93,40.61],[26.85,40.61],[26.77,40.61],[26.78,40.68],[26.7,40.68],[26.62,40.68],[26.55,40.74],[26.14,40.61],[26.08,40.87],[25.85,40.94],[24.35,41.0],[24.01,40.74],[23.7,40.81],[23.68,40.61],[23.84,40.55],[23.74,40.23],[22.96,40.42],[22.89,40.61],[22.57,40.55],[22.54,40.1],[22.7,40.1],[22.61,39.9],[23.14,39.45],[22.82,39.38],[22.8,39.06],[22.96,39.13],[23.49,38.87],[23.33,38.8],[23.03,38.93],[22.94,38.74],[23.17,38.67],[23.31,38.48],[23.63,38.48],[23.56,38.74],[24.03,38.67],[24.18,38.55],[24.16,38.22],[24.0,38.22],[23.98,37.84],[23.44,38.03],[23.21,38.03],[23.2,37.9],[23.04,37.9],[23.11,37.64],[23.34,37.64],[23.4,37.32],[23.17,37.32],[23.18,37.45],[22.95,37.58],[22.71,37.58],[22.7,37.32],[22.85,37.25],[23.06,36.67],[22.83,36.87],[22.6,36.87],[22.51,36.67],[22.36,36.67],[22.22,37.06],[21.91,37.06],[21.9,36.87],[21.74,36.87],[21.68,37.19],[21.6,37.19],[21.7,37.51],[21.24,37.84],[21.42,38.16],[21.73,38.16],[21.74,38.35],[21.19,38.42],[20.97,38.74],[20.74,38.8],[20.91,39.06],[20.3,39.38],[20.15,39.71],[19.92,39.71],[19.91,39.58],[19.76,39.64],[19.76,39.77],[20.0,39.77],[20.01,39.97],[19.63,40.29],[19.47,40.29],[19.49,40.61],[19.25,40.61],[19.25,40.74],[19.5,40.87],[19.42,40.94],[19.53,41.52],[19.46,41.65],[19.85,41.65],[19.84,41.46],[19.92,41.46],[19.84,41.33],[19.99,41.26],[19.89,40.74],[20.04,40.55],[20.27,40.48],[20.18,40.29],[20.33,40.1],[20.49,40.1],[20.41,40.03],[20.48,39.9],[20.79,39.77],[21.66,39.77],[22.06,39.97],[22.01,40.36],[22.1,40.55],[23.4,41.07],[23.73,41.33],[23.66,41.46],[23.75,41.52],[24.63,41.65],[24.65,41.85],[24.97,41.85],[24.97,41.91],[25.21,41.91],[25.22,42.04],[25.46,42.04],[25.8,42.24],[27.33,42.37],[27.53,42.82],[27.77,42.76],[27.69,42.76],[27.67,42.63],[27.51,42.63],[27.49,42.43],[27.94,42.04],[27.98,41.65],[28.22,41.65],[28.35,41.39],[28.97,41.2],[28.96,41.13],[30.48,41.2],[30.62,41.07],[31.18,41.07],[31.53,41.39]]],[[[25.15,40.03],[25.46,40.03],[25.45,39.84],[24.97,39.84],[25.07,40.03],[25.15,40.03]]],[[[25.8,40.29],[26.04,40.29],[26.02,40.16],[25.7,40.1],[25.72,40.29],[25.8,40.29]]],[[[24.49,40.81],[24.57,40.81],[24.81,40.81],[24.79,40.61],[24.55,40.55],[24.49,40.81]]],[[[27.71,43.02],[27.72,43.08],[27.74,43.28],[27.99,43.34],[27.98,43.28],[27.71,43.02]]],[[[33.76,45.04],[33.84,45.04],[33.93,45.04],[34.01,45.04],[34.09,45.04],[34.08,44.97],[34.73,44.97],[34.79,44.84],[34.71,44.84],[33.76,44.45],[33.68,44.45],[33.6,44.45],[33.52,44.45],[33.47,44.65],[33.55,44.65],[33.6,45.04],[33.68,45.04],[33.76,45.04]]]]},"properties":{"id":"territory:Byzantine Empire:783","name":"비잔티움 제국","name_en":"Byzantine Empire","actor":"로마","valid_from":783,"valid_to":788,"wikidata":"Q112039853","area":677695,"src":"cliopatria","confidence":"medium"}},{"type":"Feature","geometry":{"type":"Point","coordinates":[30.528,39.403]},"properties":{"id":"territory:Byzantine Empire:783:label","name":"비잔티움 제국","name_en":"Byzantine Empire","actor":"로마","valid_from":783,"valid_to":788,"wikidata":"Q112039853","area":677695,"src":"cliopatria","confidence":"medium"}},{"type":"Feature","geometry":{"type":"MultiPolygon","coordinates":[[[[14.34,36.03],[14.42,36.03],[14.57,35.97],[14.57,35.77],[14.34,35.84],[14.34,36.03]]],[[[22.89,36.42],[22.96,36.42],[23.12,36.35],[23.11,36.16],[22.87,36.16],[22.89,36.42]]],[[[20.62,37.9],[20.7,37.9],[20.93,37.9],[20.92,37.64],[20.61,37.71],[20.62,37.9]]],[[[16.49,38.42],[15.93,37.96],[15.7,37.96],[15.62,38.16],[15.39,38.16],[15.07,37.64],[15.06,37.25],[15.21,37.19],[15.05,36.74],[14.66,36.74],[14.28,37.13],[13.58,37.25],[13.19,37.58],[12.49,37.71],[12.49,37.9],[12.65,38.09],[13.04,38.03],[13.12,38.16],[13.35,38.16],[13.67,37.96],[14.06,37.96],[15.86,38.29],[15.95,38.67],[16.27,38.74],[16.27,38.93],[16.12,39.06],[16.05,39.45],[15.9,39.64],[15.9,39.71],[16.45,39.71],[16.45,39.64],[16.84,39.51],[16.92,39.51],[17.07,39.38],[17.14,39.06],[16.5,38.8],[16.49,38.42]]],[[[20.33,38.35],[20.49,38.42],[20.57,38.42],[20.8,38.29],[20.79,38.09],[20.32,38.16],[20.33,38.35]]],[[[23.57,38.8],[23.56,38.74],[23.48,38.74],[23.49,38.8],[23.57,38.8]]],[[[20.15,39.64],[20.15,39.58],[20.07,39.58],[20.07,39.64],[20.15,39.64]]],[[[21.74,39.9],[21.75,39.97],[21.83,39.97],[21.82,39.9],[21.74,39.9]]],[[[9.75,39.64],[9.67,39.64],[9.59,39.13],[9.12,39.19],[8.97,38.87],[8.73,38.87],[8.34,39.0],[8.41,39.26],[8.33,39.26],[8.33,39.51],[8.41,39.51],[8.48,39.9],[8.32,39.97],[8.4,40.29],[8.32,40.29],[8.32,40.48],[8.16,40.55],[8.15,40.94],[8.55,40.87],[9.02,41.26],[9.1,41.26],[9.5,41.2],[9.82,40.74],[9.82,40.36],[9.67,40.29],[9.75,39.64]]],[[[17.81,40.36],[17.42,40.36],[17.35,40.55],[17.83,40.68],[18.21,40.42],[18.21,40.36],[18.44,40.16],[18.35,39.9],[18.11,39.9],[17.81,40.36]]],[[[20.0,41.33],[19.92,41.33],[19.92,41.39],[20.0,41.39],[20.0,41.33]]],[[[19.93,41.65],[19.85,41.65],[19.86,41.72],[19.94,41.72],[19.93,41.65]]],[[[17.99,42.76],[17.83,42.89],[18.07,42.89],[18.15,42.69],[18.07,42.76],[17.99,42.76]]],[[[17.51,42.89],[17.59,42.89],[17.59,42.82],[17.59,42.76],[17.51,42.76],[17.51,42.82],[17.51,42.89]]],[[[16.72,43.21],[16.8,43.21],[17.12,43.21],[17.12,43.08],[16.72,43.08],[16.72,43.21]]],[[[16.73,43.41],[16.73,43.47],[16.81,43.47],[16.81,43.41],[16.81,43.34],[16.73,43.34],[16.73,43.41]]],[[[15.93,43.6],[15.93,43.67],[16.66,43.67],[16.65,43.54],[16.57,43.54],[16.25,43.6],[16.17,43.47],[15.93,43.47],[16.01,43.6],[15.93,43.6]]],[[[15.38,44.19],[15.22,44.12],[15.22,44.19],[15.22,44.25],[15.14,44.25],[15.14,44.32],[15.15,44.39],[15.39,44.32],[15.38,44.19]]],[[[15.07,44.45],[15.15,44.45],[15.15,44.39],[15.07,44.39],[15.07,44.45]]],[[[14.99,44.45],[14.99,44.52],[15.07,44.52],[15.07,44.45],[14.99,44.45]]],[[[24.15,35.39],[24.3,35.32],[25.69,35.32],[25.68,35.13],[26.23,35.19],[26.14,35.07],[24.82,35.0],[24.76,35.19],[24.53,35.19],[24.45,35.19],[23.68,35.26],[23.62,35.52],[24.16,35.52],[24.15,35.39]]],[[[27.69,36.29],[28.02,36.48],[28.09,36.48],[28.25,36.48],[28.14,36.03],[27.74,35.9],[27.69,36.29]]],[[[27.19,36.8],[26.87,36.67],[27.04,36.93],[27.12,36.93],[27.19,36.8]]],[[[25.42,37.13],[25.57,37.13],[25.56,37.0],[25.33,37.0],[25.34,37.13],[25.42,37.13]]],[[[24.28,37.71],[24.36,37.71],[24.43,37.58],[24.27,37.51],[24.2,37.64],[24.28,37.71]]],[[[24.99,37.71],[25.06,37.71],[25.22,37.71],[25.29,37.51],[25.05,37.51],[24.99,37.71]]],[[[26.08,37.71],[26.16,37.71],[26.31,37.71],[26.3,37.58],[25.99,37.51],[26.08,37.71]]],[[[24.77,38.03],[25.07,37.77],[24.83,37.71],[24.68,37.84],[24.69,38.03],[24.77,38.03]]],[[[25.82,38.48],[25.91,38.67],[25.99,38.67],[26.22,38.55],[26.11,38.16],[25.88,38.16],[25.9,38.48],[25.82,38.48]]],[[[24.36,39.0],[24.44,39.0],[24.67,38.93],[24.66,38.74],[24.36,38.87],[24.36,39.0]]],[[[26.09,39.0],[26.1,39.13],[25.79,39.19],[26.04,39.38],[26.12,39.38],[26.51,39.32],[26.64,39.0],[26.25,38.93],[26.09,39.0]]],[[[31.53,41.39],[32.03,41.52],[32.04,41.65],[32.19,41.59],[32.69,41.78],[32.63,41.91],[34.78,41.91],[34.88,42.04],[35.12,42.04],[35.09,41.78],[35.31,41.65],[35.95,41.72],[36.21,41.26],[36.77,41.33],[37.07,41.13],[37.23,41.2],[37.21,41.07],[37.77,41.07],[37.83,40.94],[38.16,41.0],[38.3,40.87],[38.78,40.94],[39.05,41.13],[39.74,40.94],[40.37,40.94],[40.39,41.07],[40.54,41.0],[41.05,41.2],[41.16,41.39],[41.31,41.33],[41.41,41.46],[41.57,41.46],[41.69,41.72],[41.83,41.59],[41.82,41.52],[41.08,40.94],[40.58,40.74],[39.59,39.97],[38.84,39.71],[38.3,39.77],[38.16,39.9],[38.08,39.9],[37.76,39.9],[37.34,39.71],[36.82,39.32],[36.8,39.19],[36.56,39.13],[36.54,39.0],[35.74,38.22],[35.73,38.09],[35.81,38.09],[35.69,37.77],[35.54,37.77],[35.36,37.58],[35.35,37.51],[35.03,37.45],[34.78,37.25],[34.66,36.87],[34.58,36.87],[34.25,36.67],[33.98,36.29],[33.27,36.22],[32.71,36.03],[32.56,36.03],[32.5,36.22],[32.07,36.61],[31.09,36.93],[30.62,36.93],[30.49,36.35],[30.03,36.35],[29.94,36.22],[29.24,36.22],[29.12,36.74],[28.74,36.74],[28.59,36.87],[28.36,36.87],[28.19,36.67],[28.03,36.67],[28.14,37.06],[28.07,37.13],[27.6,37.13],[27.54,37.38],[27.22,37.32],[27.31,37.45],[27.16,37.58],[27.26,37.77],[27.18,37.77],[27.28,38.03],[26.89,38.09],[26.82,38.22],[26.43,38.22],[26.38,38.67],[26.54,38.61],[26.59,38.35],[27.06,38.35],[27.08,38.55],[26.85,38.61],[26.96,39.0],[26.88,39.0],[26.89,39.19],[26.74,39.26],[26.85,39.58],[26.13,39.51],[26.27,40.29],[26.6,40.48],[26.68,40.48],[26.67,40.36],[27.47,40.42],[27.54,40.29],[27.7,40.29],[27.79,40.48],[27.95,40.48],[27.94,40.36],[29.05,40.36],[28.9,40.48],[28.91,40.61],[29.39,40.68],[29.49,40.87],[29.25,40.81],[29.1,40.94],[29.12,41.07],[27.53,41.07],[27.02,40.68],[26.92,40.48],[26.77,40.55],[26.93,40.61],[26.85,40.61],[26.77,40.61],[26.78,40.68],[26.7,40.68],[26.62,40.68],[26.55,40.74],[26.14,40.61],[26.08,40.87],[25.85,40.94],[24.35,41.0],[24.01,40.74],[23.7,40.81],[23.68,40.61],[23.84,40.55],[23.74,40.23],[22.96,40.42],[22.89,40.61],[22.57,40.55],[22.54,40.1],[22.7,40.1],[22.61,39.9],[23.14,39.45],[22.82,39.38],[22.8,39.06],[22.96,39.13],[23.49,38.87],[23.33,38.8],[23.03,38.93],[22.94,38.74],[23.17,38.67],[23.31,38.48],[23.63,38.48],[23.56,38.74],[24.03,38.67],[24.18,38.55],[24.16,38.22],[24.0,38.22],[23.98,37.84],[23.44,38.03],[23.21,38.03],[23.2,37.9],[23.04,37.9],[23.11,37.64],[23.34,37.64],[23.4,37.32],[23.17,37.32],[23.18,37.45],[22.95,37.58],[22.71,37.58],[22.7,37.32],[22.85,37.25],[23.06,36.67],[22.83,36.87],[22.6,36.87],[22.51,36.67],[22.36,36.67],[22.22,37.06],[21.91,37.06],[21.9,36.87],[21.74,36.87],[21.68,37.19],[21.6,37.19],[21.7,37.51],[21.24,37.84],[21.42,38.16],[21.73,38.16],[21.74,38.35],[21.19,38.42],[20.97,38.74],[20.74,38.8],[20.91,39.06],[20.3,39.38],[20.15,39.71],[19.92,39.71],[19.91,39.58],[19.76,39.64],[19.76,39.77],[20.0,39.77],[20.01,39.97],[19.63,40.29],[19.47,40.29],[19.49,40.61],[19.25,40.61],[19.25,40.74],[19.5,40.87],[19.42,40.94],[19.53,41.52],[19.46,41.65],[19.85,41.65],[19.84,41.46],[19.92,41.46],[19.84,41.33],[19.99,41.26],[19.89,40.74],[20.04,40.55],[20.27,40.48],[20.18,40.29],[20.33,40.1],[20.49,40.1],[20.41,40.03],[20.48,39.9],[20.79,39.77],[21.66,39.77],[22.06,39.97],[22.01,40.36],[22.1,40.55],[23.4,41.07],[23.73,41.33],[23.66,41.46],[23.75,41.52],[24.63,41.65],[24.65,41.85],[24.97,41.85],[24.97,41.91],[25.21,41.91],[25.22,42.04],[25.46,42.04],[25.8,42.24],[27.33,42.37],[27.53,42.82],[27.77,42.76],[27.69,42.76],[27.67,42.63],[27.51,42.63],[27.49,42.43],[27.94,42.04],[27.98,41.65],[28.22,41.65],[28.35,41.39],[28.97,41.2],[28.96,41.13],[30.48,41.2],[30.62,41.07],[31.18,41.07],[31.53,41.39]],[[31.52,37.38],[31.59,37.38],[31.6,37.45],[31.52,37.45],[31.52,37.38]],[[23.06,38.16],[22.98,38.16],[22.98,38.09],[23.06,38.09],[23.06,38.16]],[[22.91,38.22],[22.75,38.16],[22.84,38.35],[22.51,38.22],[22.6,38.42],[22.29,38.42],[22.44,38.29],[22.44,38.22],[22.59,38.16],[22.66,37.96],[22.97,37.96],[22.91,38.22]],[[22.98,38.22],[22.99,38.29],[22.91,38.29],[22.91,38.22],[22.98,38.22]],[[22.35,38.09],[22.43,38.09],[22.43,38.16],[22.35,38.16],[22.35,38.09]],[[22.2,38.16],[22.28,38.16],[22.28,38.22],[22.2,38.22],[22.2,38.16]],[[22.36,38.22],[22.36,38.29],[22.28,38.29],[22.28,38.22],[22.36,38.22]],[[21.07,39.06],[20.99,39.06],[21.06,38.93],[21.15,39.06],[21.07,39.06]]],[[[25.15,40.03],[25.46,40.03],[25.45,39.84],[24.97,39.84],[25.07,40.03],[25.15,40.03]]],[[[25.8,40.29],[26.04,40.29],[26.02,40.16],[25.7,40.1],[25.72,40.29],[25.8,40.29]]],[[[24.49,40.81],[24.57,40.81],[24.81,40.81],[24.79,40.61],[24.55,40.55],[24.49,40.81]]],[[[27.71,43.02],[27.72,43.08],[27.74,43.28],[27.99,43.34],[27.98,43.28],[27.71,43.02]]],[[[33.76,45.04],[33.84,45.04],[33.93,45.04],[34.01,45.04],[34.09,45.04],[34.08,44.97],[34.73,44.97],[34.79,44.84],[34.71,44.84],[33.76,44.45],[33.68,44.45],[33.6,44.45],[33.52,44.45],[33.47,44.65],[33.55,44.65],[33.6,45.04],[33.68,45.04],[33.76,45.04]]]]},"properties":{"id":"territory:Byzantine Empire:778","name":"비잔티움 제국","name_en":"Byzantine Empire","actor":"로마","valid_from":778,"valid_to":783,"wikidata":"Q112039853","area":676289,"src":"cliopatria","confidence":"medium"}},{"type":"Feature","geometry":{"type":"Point","coordinates":[30.535,39.405]},"properties":{"id":"territory:Byzantine Empire:778:label","name":"비잔티움 제국","name_en":"Byzantine Empire","actor":"로마","valid_from":778,"valid_to":783,"wikidata":"Q112039853","area":676289,"src":"cliopatria","confidence":"medium"}},{"type":"Feature","geometry":{"type":"MultiPolygon","coordinates":[[[[72.71,35.71],[72.74,35.84],[72.47,35.97],[72.5,36.1],[72.26,36.35],[72.25,36.61],[72.27,36.67],[72.34,36.93],[71.89,36.74],[71.58,36.74],[71.48,36.93],[71.57,37.84],[71.27,37.9],[71.36,38.22],[71.18,38.42],[70.71,38.42],[70.42,38.22],[70.2,37.96],[70.27,37.64],[70.08,37.51],[69.55,37.58],[69.35,37.13],[69.12,37.13],[69.01,37.32],[68.78,37.32],[68.15,37.0],[67.92,37.0],[67.75,37.25],[66.14,37.38],[65.94,37.51],[65.63,37.51],[65.5,37.64],[66.85,39.19],[68.44,40.36],[68.7,40.68],[71.19,42.24],[72.11,42.37],[72.68,42.17],[72.64,42.04],[72.99,41.91],[72.95,41.78],[73.18,41.52],[73.0,40.74],[73.29,40.68],[73.33,40.55],[73.49,40.55],[73.53,40.42],[73.8,40.29],[73.57,39.58],[73.42,39.58],[73.45,39.45],[74.01,39.45],[76.6,38.93],[77.16,38.74],[77.26,38.55],[77.41,38.55],[77.51,38.35],[77.67,38.35],[77.84,38.16],[77.49,37.25],[76.6,35.77],[76.09,35.59],[75.84,35.65],[74.85,36.32],[74.69,36.71],[74.14,36.78],[73.88,36.98],[73.25,36.98],[73.29,36.49],[73.15,36.15],[73.27,35.9],[73.3,35.34],[73.17,35.26],[73.14,35.26],[72.71,35.71]]],[[[72.27,42.82],[71.15,42.82],[70.7,42.69],[69.47,42.11],[69.32,41.91],[69.06,41.85],[68.74,41.59],[68.2,41.39],[66.02,39.9],[65.77,39.58],[65.08,39.06],[64.49,38.29],[64.21,38.42],[64.16,38.55],[64.01,38.55],[63.57,39.0],[63.42,39.0],[63.25,39.26],[63.09,39.26],[62.65,39.71],[62.58,40.03],[62.66,40.03],[65.35,40.61],[65.39,40.74],[65.69,40.68],[66.28,40.81],[66.69,41.13],[66.65,41.26],[66.89,41.26],[68.11,42.11],[68.27,42.37],[69.63,43.54],[69.72,43.8],[69.85,43.73],[70.81,44.39],[70.83,44.45],[71.27,44.78],[73.33,45.5],[73.41,45.5],[73.58,45.3],[73.74,45.3],[73.91,45.1],[73.86,44.97],[74.13,45.04],[74.25,45.37],[74.12,45.43],[74.32,45.96],[74.75,46.02],[74.88,46.35],[75.32,46.41],[75.45,46.55],[77.39,46.48],[77.36,46.41],[77.61,46.41],[77.72,46.28],[77.8,46.28],[77.83,45.96],[78.02,45.82],[78.0,45.56],[78.35,45.43],[78.57,45.17],[79.36,44.91],[78.74,44.39],[78.58,44.39],[77.24,43.67],[76.18,43.41],[74.84,43.28],[73.68,42.95],[72.88,42.95],[72.27,42.82]]]]},"properties":{"id":"territory:Turks:751","name":"투르크","name_en":"Turks","actor":"기타중립","valid_from":751,"valid_to":755,"wikidata":"Q2118293","area":644584,"src":"cliopatria","confidence":"medium"}},{"type":"Feature","geometry":{"type":"Point","coordinates":[71.941,38.742]},"properties":{"id":"territory:Turks:751:label","name":"투르크","name_en":"Turks","actor":"기타중립","valid_from":751,"valid_to":755,"wikidata":"Q2118293","area":644584,"src":"cliopatria","confidence":"medium"}},{"type":"Feature","geometry":{"type":"Polygon","coordinates":[[[3.54,43.41],[4.01,43.6],[4.09,43.6],[4.24,44.06],[4.64,44.19],[4.39,44.39],[4.31,44.39],[4.22,44.39],[4.22,44.45],[4.14,44.45],[4.14,44.52],[4.06,44.52],[3.81,44.52],[3.43,44.06],[3.03,44.06],[2.8,43.8],[2.63,43.8],[2.1,43.28],[1.95,42.95],[1.79,42.95],[1.48,42.69],[1.43,42.24],[1.04,42.04],[0.72,42.04],[-1.73,42.76],[-2.13,42.76],[-2.2,42.63],[-3.0,42.63],[-2.93,42.82],[-3.01,42.82],[-3.03,43.02],[-3.19,43.08],[-3.14,43.41],[-3.22,43.41],[-4.99,43.41],[-5.73,43.6],[-7.18,43.54],[-7.34,43.6],[-7.28,43.73],[-8.24,43.73],[-8.39,43.6],[-8.37,43.41],[-8.85,43.41],[-9.3,43.15],[-9.08,42.56],[-8.92,42.56],[-8.9,42.43],[-8.65,42.3],[-8.96,42.17],[-8.73,40.74],[-8.87,40.61],[-8.9,40.1],[-9.04,39.97],[-9.16,39.51],[-9.39,39.45],[-9.43,39.06],[-9.57,38.93],[-9.55,38.74],[-9.38,38.61],[-9.23,38.67],[-9.21,38.42],[-8.82,38.48],[-8.82,37.58],[-8.9,37.58],[-9.0,37.0],[-8.7,37.13],[-7.68,37.0],[-7.45,37.13],[-7.47,37.25],[-6.84,37.25],[-6.59,37.0],[-6.35,36.93],[-6.33,36.67],[-6.06,36.22],[-5.83,36.22],[-5.66,36.03],[-5.29,36.22],[-5.23,36.48],[-4.69,36.55],[-4.47,36.74],[-2.68,36.74],[-2.53,36.87],[-2.06,36.8],[-1.86,37.32],[-1.62,37.32],[-1.71,37.45],[-0.7,37.64],[-0.8,38.03],[-0.66,38.29],[0.1,38.74],[-0.31,39.13],[-0.35,39.71],[-0.13,40.03],[0.18,40.16],[0.25,40.42],[0.71,40.68],[0.7,40.94],[1.24,41.2],[2.11,41.33],[2.33,41.59],[2.57,41.59],[3.12,41.91],[3.18,42.37],[3.01,42.56],[2.98,43.15],[3.46,43.41],[3.54,43.41]]]},"properties":{"id":"territory:Visigothic Kingdom:705","name":"서고트 왕국","name_en":"Visigothic Kingdom","actor":"게르만","valid_from":705,"valid_to":710,"wikidata":"Q126936","area":579004,"src":"cliopatria","confidence":"medium"}},{"type":"Feature","geometry":{"type":"Point","coordinates":[-4.141,40.325]},"properties":{"id":"territory:Visigothic Kingdom:705:label","name":"서고트 왕국","name_en":"Visigothic Kingdom","actor":"게르만","valid_from":705,"valid_to":710,"wikidata":"Q126936","area":579004,"src":"cliopatria","confidence":"medium"}},{"type":"Feature","geometry":{"type":"Polygon","coordinates":[[[-0.8,38.03],[-0.7,37.64],[-1.71,37.45],[-1.62,37.32],[-1.86,37.32],[-2.06,36.8],[-2.53,36.87],[-2.68,36.74],[-4.47,36.74],[-4.69,36.55],[-5.23,36.48],[-5.29,36.22],[-5.52,36.16],[-5.58,36.03],[-5.83,36.22],[-6.06,36.22],[-6.33,36.67],[-6.35,36.93],[-6.59,37.0],[-6.84,37.25],[-7.47,37.25],[-7.45,37.13],[-7.68,37.0],[-8.07,37.0],[-8.31,37.13],[-8.7,37.13],[-9.0,37.0],[-8.9,37.58],[-8.82,37.58],[-8.82,38.48],[-9.21,38.42],[-9.23,38.67],[-9.38,38.61],[-9.55,38.74],[-9.57,38.93],[-9.43,39.06],[-9.39,39.45],[-9.16,39.51],[-9.04,39.97],[-8.9,40.1],[-8.87,40.61],[-8.73,40.74],[-8.79,41.33],[-8.79,41.39],[-8.87,41.39],[-8.96,42.17],[-8.66,42.37],[-9.08,42.56],[-9.3,43.15],[-8.85,43.41],[-8.37,43.41],[-8.39,43.6],[-8.24,43.73],[-7.28,43.73],[-7.34,43.6],[-7.18,43.54],[-5.73,43.6],[-4.99,43.41],[-3.22,43.41],[-3.14,43.41],[-3.19,43.08],[-3.03,43.02],[-3.01,42.82],[-2.93,42.82],[-3.0,42.63],[-2.2,42.63],[-2.13,42.76],[-1.73,42.76],[0.72,42.04],[1.04,42.04],[1.43,42.24],[1.48,42.69],[1.79,42.95],[1.95,42.95],[2.1,43.28],[2.63,43.8],[2.8,43.8],[3.03,44.06],[3.43,44.06],[3.81,44.52],[4.06,44.52],[4.14,44.52],[4.14,44.45],[4.22,44.45],[4.22,44.39],[4.31,44.39],[4.39,44.39],[4.64,44.19],[4.24,44.06],[4.09,43.6],[4.01,43.6],[3.54,43.41],[3.46,43.41],[2.98,43.15],[3.01,42.56],[3.18,42.37],[3.12,41.91],[2.57,41.59],[2.33,41.59],[2.11,41.33],[1.24,41.2],[0.7,40.94],[0.71,40.68],[0.47,40.61],[0.25,40.42],[0.18,40.16],[-0.2,39.97],[-0.35,39.71],[-0.31,39.13],[0.1,38.74],[-0.43,38.42],[-0.51,38.42],[-0.51,38.35],[-0.8,38.03]]]},"properties":{"id":"territory:Visigothic Kingdom:710","name":"서고트 왕국","name_en":"Visigothic Kingdom","actor":"게르만","valid_from":710,"valid_to":718,"wikidata":"Q126936","area":578962,"src":"cliopatria","confidence":"medium"}},{"type":"Feature","geometry":{"type":"Point","coordinates":[-4.142,40.325]},"properties":{"id":"territory:Visigothic Kingdom:710:label","name":"서고트 왕국","name_en":"Visigothic Kingdom","actor":"게르만","valid_from":710,"valid_to":718,"wikidata":"Q126936","area":578962,"src":"cliopatria","confidence":"medium"}},{"type":"Feature","geometry":{"type":"Polygon","coordinates":[[[3.54,43.41],[4.01,43.6],[4.09,43.6],[4.24,44.06],[4.63,44.25],[4.06,44.52],[3.81,44.52],[3.43,44.06],[3.03,44.06],[2.8,43.8],[2.63,43.8],[2.1,43.28],[1.95,42.95],[1.79,42.95],[1.48,42.69],[1.43,42.24],[1.04,42.04],[0.72,42.04],[-1.73,42.76],[-2.13,42.76],[-2.2,42.63],[-3.0,42.63],[-2.93,42.82],[-3.01,42.82],[-3.03,43.02],[-3.19,43.08],[-3.14,43.41],[-3.22,43.41],[-4.99,43.41],[-5.73,43.6],[-7.18,43.54],[-7.34,43.6],[-7.28,43.73],[-8.24,43.73],[-8.39,43.6],[-8.37,43.41],[-8.85,43.41],[-9.3,43.15],[-9.08,42.56],[-8.92,42.56],[-8.9,42.43],[-8.65,42.3],[-8.96,42.17],[-8.73,40.74],[-8.87,40.61],[-8.9,40.1],[-9.04,39.97],[-9.16,39.51],[-9.39,39.45],[-9.43,39.06],[-9.57,38.93],[-9.55,38.74],[-9.38,38.61],[-9.23,38.67],[-9.21,38.42],[-8.82,38.48],[-8.82,37.58],[-8.9,37.58],[-9.0,37.0],[-8.7,37.13],[-7.68,37.0],[-7.45,37.13],[-7.47,37.25],[-6.84,37.25],[-6.59,37.0],[-6.35,36.93],[-6.33,36.67],[-6.06,36.22],[-5.83,36.22],[-5.66,36.03],[-5.29,36.22],[-5.23,36.48],[-4.69,36.55],[-4.47,36.74],[-2.68,36.74],[-2.53,36.87],[-2.06,36.8],[-1.86,37.32],[-1.62,37.32],[-1.71,37.45],[-0.7,37.64],[-0.8,38.03],[-0.66,38.29],[0.1,38.74],[-0.31,39.13],[-0.35,39.71],[-0.13,40.03],[0.18,40.16],[0.25,40.42],[0.71,40.68],[0.7,40.94],[1.24,41.2],[2.11,41.33],[2.33,41.59],[2.57,41.59],[3.12,41.91],[3.18,42.37],[3.01,42.56],[2.98,43.15],[3.46,43.41],[3.54,43.41]]]},"properties":{"id":"territory:Visigothic Kingdom:661","name":"서고트 왕국","name_en":"Visigothic Kingdom","actor":"게르만","valid_from":661,"valid_to":705,"wikidata":"Q126936","area":578956,"src":"cliopatria","confidence":"medium"}},{"type":"Feature","geometry":{"type":"Point","coordinates":[-4.143,40.324]},"properties":{"id":"territory:Visigothic Kingdom:661:label","name":"서고트 왕국","name_en":"Visigothic Kingdom","actor":"게르만","valid_from":661,"valid_to":705,"wikidata":"Q126936","area":578956,"src":"cliopatria","confidence":"medium"}},{"type":"Feature","geometry":{"type":"MultiPolygon","coordinates":[[[[6.61,52.05],[6.61,51.98],[6.7,51.98],[7.3,51.71],[7.39,51.45],[7.65,51.31],[7.65,51.18],[8.34,50.71],[8.84,51.05],[10.1,51.45],[10.27,51.65],[10.53,51.65],[10.87,51.92],[11.55,51.78],[11.55,51.71],[11.29,51.38],[11.46,51.25],[12.05,51.11],[12.3,50.65],[12.04,50.58],[12.04,50.31],[11.87,50.25],[11.87,50.11],[11.28,49.91],[11.28,49.78],[11.03,49.65],[11.03,49.52],[10.86,49.38],[10.86,49.25],[11.11,49.18],[11.03,48.85],[11.03,48.79],[10.11,48.46],[9.95,47.86],[9.87,47.86],[9.95,47.66],[9.54,47.4],[9.63,46.94],[9.38,46.68],[9.39,46.48],[9.14,46.15],[8.24,46.15],[7.84,45.96],[6.94,45.96],[6.78,45.82],[6.78,45.69],[7.11,45.5],[7.12,45.3],[6.71,45.17],[6.64,44.97],[6.97,44.84],[6.97,44.65],[6.89,44.65],[6.98,44.25],[7.3,44.12],[7.63,44.19],[7.55,43.8],[7.47,43.8],[6.67,43.47],[6.6,43.28],[6.28,43.15],[5.8,43.15],[5.63,43.28],[5.39,43.28],[5.39,43.41],[5.06,43.47],[4.18,43.47],[4.17,43.6],[3.85,43.6],[2.98,43.15],[3.01,42.56],[3.09,42.56],[3.09,42.5],[2.7,42.37],[1.89,42.56],[1.66,42.43],[1.49,42.5],[1.48,42.69],[1.79,42.95],[1.95,42.95],[2.1,43.28],[2.63,43.8],[2.8,43.8],[3.03,44.06],[3.43,44.06],[3.81,44.52],[4.06,44.52],[3.97,44.78],[4.36,45.1],[4.27,45.37],[3.86,45.43],[3.59,46.02],[3.42,46.09],[3.33,46.35],[3.08,46.48],[3.23,46.74],[2.8,47.01],[2.7,47.33],[2.28,47.53],[1.15,47.2],[0.84,46.81],[0.01,47.01],[-0.26,47.27],[-2.23,47.27],[-2.31,47.27],[-2.56,47.27],[-2.58,47.47],[-2.83,47.53],[-2.84,47.6],[-2.45,47.86],[-1.8,47.99],[-1.65,48.19],[-1.65,48.26],[-1.67,48.46],[-1.51,48.52],[-1.6,48.65],[-1.61,48.72],[-1.72,49.05],[-1.64,49.05],[-1.65,49.25],[-1.91,49.38],[-2.03,49.78],[-1.36,49.78],[-1.25,49.45],[0.01,49.38],[-0.01,49.65],[0.22,49.85],[1.05,49.98],[1.45,50.25],[1.42,50.71],[1.66,51.05],[2.58,51.18],[3.16,51.45],[3.75,51.45],[3.41,51.51],[3.4,51.65],[3.74,51.65],[3.65,51.78],[3.82,51.78],[3.81,51.92],[3.98,51.92],[3.97,52.05],[4.22,52.18],[4.22,52.32],[4.46,52.52],[4.53,52.86],[4.87,52.99],[4.88,52.79],[5.06,52.65],[5.14,52.79],[5.39,52.86],[5.39,52.99],[5.21,53.12],[5.54,53.39],[6.14,53.46],[6.23,53.46],[6.16,53.06],[6.67,53.12],[6.85,52.92],[7.02,52.92],[6.95,52.25],[6.7,52.05],[6.61,52.05]]],[[[12.12,50.25],[12.04,50.25],[12.04,50.31],[12.12,50.31],[12.12,50.25]]]]},"properties":{"id":"territory:Kingdom of the Franks:763","name":"프랑크 왕국","name_en":"Kingdom of the Franks","actor":"게르만","valid_from":763,"valid_to":768,"wikidata":"Q146246","area":577819,"src":"cliopatria","confidence":"medium"}},{"type":"Feature","geometry":{"type":"Point","coordinates":[5.256,48.445]},"properties":{"id":"territory:Kingdom of the Franks:763:label","name":"프랑크 왕국","name_en":"Kingdom of the Franks","actor":"게르만","valid_from":763,"valid_to":768,"wikidata":"Q146246","area":577819,"src":"cliopatria","confidence":"medium"}},{"type":"Feature","geometry":{"type":"MultiPolygon","coordinates":[[[[6.61,52.05],[6.61,51.98],[6.7,51.98],[7.3,51.71],[7.39,51.45],[7.65,51.31],[7.65,51.18],[8.34,50.71],[8.84,51.05],[10.1,51.45],[10.27,51.65],[10.53,51.65],[10.87,51.92],[11.55,51.78],[11.55,51.71],[11.29,51.38],[11.46,51.25],[12.05,51.11],[12.3,50.65],[12.04,50.58],[12.04,50.31],[11.87,50.25],[11.87,50.11],[11.28,49.91],[11.28,49.78],[11.03,49.65],[11.03,49.52],[10.86,49.38],[10.86,49.25],[11.11,49.18],[11.03,48.85],[11.03,48.79],[10.11,48.46],[9.95,47.86],[9.87,47.86],[9.95,47.66],[9.54,47.4],[9.63,46.94],[9.38,46.68],[9.39,46.48],[9.14,46.15],[8.24,46.15],[7.84,45.96],[6.94,45.96],[6.78,45.82],[6.78,45.69],[7.11,45.5],[7.12,45.3],[6.71,45.17],[6.64,44.97],[6.97,44.84],[6.97,44.65],[6.89,44.65],[6.98,44.25],[7.3,44.12],[7.63,44.19],[7.55,43.8],[7.47,43.8],[6.67,43.47],[6.6,43.28],[6.28,43.15],[5.8,43.15],[5.63,43.28],[5.39,43.28],[5.39,43.41],[5.06,43.47],[4.18,43.47],[4.17,43.6],[3.85,43.6],[3.22,43.28],[3.14,43.28],[2.48,43.6],[3.03,44.06],[3.43,44.06],[3.81,44.52],[4.06,44.52],[3.97,44.78],[4.36,45.1],[4.27,45.37],[3.86,45.43],[3.59,46.02],[3.42,46.09],[3.33,46.35],[3.08,46.48],[3.23,46.74],[2.8,47.01],[2.7,47.33],[2.03,47.53],[1.15,47.2],[0.84,46.81],[0.01,47.01],[-0.26,47.27],[-2.23,47.27],[-2.31,47.27],[-2.56,47.27],[-2.58,47.47],[-2.83,47.53],[-2.84,47.6],[-2.45,47.86],[-1.8,47.99],[-1.65,48.19],[-1.65,48.26],[-1.67,48.46],[-1.51,48.52],[-1.6,48.65],[-1.61,48.72],[-1.72,49.05],[-1.64,49.05],[-1.65,49.25],[-1.91,49.38],[-2.03,49.78],[-1.36,49.78],[-1.25,49.45],[0.01,49.38],[-0.01,49.65],[0.22,49.85],[1.05,49.98],[1.45,50.25],[1.42,50.71],[1.66,51.05],[2.58,51.18],[3.16,51.45],[3.75,51.45],[3.41,51.51],[3.4,51.65],[3.74,51.65],[3.65,51.78],[3.82,51.78],[3.81,51.92],[3.98,51.92],[3.97,52.05],[4.22,52.18],[4.22,52.32],[4.46,52.52],[4.53,52.86],[4.87,52.99],[4.88,52.79],[5.06,52.65],[5.14,52.79],[5.39,52.86],[5.39,52.99],[5.21,53.12],[5.54,53.39],[6.14,53.46],[6.23,53.46],[6.16,53.06],[6.67,53.12],[6.85,52.92],[7.02,52.92],[6.95,52.25],[6.7,52.05],[6.61,52.05]]],[[[12.12,50.25],[12.04,50.25],[12.04,50.31],[12.12,50.31],[12.12,50.25]]]]},"properties":{"id":"territory:Kingdom of the Franks:755","name":"프랑크 왕국","name_en":"Kingdom of the Franks","actor":"게르만","valid_from":755,"valid_to":763,"wikidata":"Q146246","area":566556,"src":"cliopatria","confidence":"medium"}},{"type":"Feature","geometry":{"type":"Point","coordinates":[5.307,48.543]},"properties":{"id":"territory:Kingdom of the Franks:755:label","name":"프랑크 왕국","name_en":"Kingdom of the Franks","actor":"게르만","valid_from":755,"valid_to":763,"wikidata":"Q146246","area":566556,"src":"cliopatria","confidence":"medium"}},{"type":"Feature","geometry":{"type":"Polygon","coordinates":[[[6.7,52.05],[6.95,52.25],[7.02,52.92],[6.85,52.92],[6.67,53.12],[6.16,53.06],[6.23,53.46],[6.14,53.46],[5.54,53.39],[5.21,53.12],[5.39,52.99],[5.39,52.86],[5.14,52.79],[5.06,52.65],[4.88,52.79],[4.87,52.99],[4.53,52.86],[4.46,52.52],[4.22,52.32],[4.22,52.18],[3.97,52.05],[3.98,51.92],[3.81,51.92],[3.82,51.78],[3.65,51.78],[3.74,51.65],[3.4,51.65],[3.41,51.51],[3.75,51.45],[3.16,51.45],[2.58,51.18],[1.66,51.05],[1.42,50.71],[1.45,50.25],[1.05,49.98],[0.22,49.85],[-0.01,49.65],[0.01,49.38],[-1.25,49.45],[-1.36,49.78],[-2.03,49.78],[-1.91,49.38],[-1.65,49.25],[-1.64,49.05],[-1.72,49.05],[-1.61,48.72],[-1.6,48.65],[-1.51,48.52],[-1.67,48.46],[-1.65,48.26],[-1.65,48.19],[-1.8,47.99],[-2.45,47.86],[-2.84,47.6],[-2.83,47.53],[-2.58,47.47],[-2.56,47.27],[-2.31,47.27],[-2.23,47.27],[-0.26,47.27],[0.01,47.01],[0.84,46.81],[1.15,47.2],[1.63,47.4],[1.88,47.4],[2.03,47.53],[2.62,47.4],[2.79,47.2],[2.8,47.01],[3.23,46.74],[3.08,46.48],[3.33,46.35],[3.42,46.09],[3.59,46.02],[3.86,45.43],[4.35,45.3],[4.36,45.1],[3.97,44.78],[4.06,44.52],[4.63,44.25],[4.24,44.06],[4.09,43.6],[4.17,43.6],[4.18,43.47],[5.06,43.47],[5.39,43.41],[5.39,43.28],[5.63,43.28],[5.8,43.15],[6.28,43.15],[6.6,43.28],[6.67,43.47],[7.47,43.8],[7.55,43.8],[7.63,44.19],[7.3,44.12],[6.98,44.25],[6.89,44.65],[6.97,44.65],[6.97,44.84],[6.64,44.97],[6.71,45.17],[7.12,45.3],[7.11,45.5],[6.78,45.69],[6.78,45.82],[6.94,45.96],[7.84,45.96],[8.24,46.15],[9.14,46.15],[9.39,46.48],[9.38,46.68],[9.63,46.94],[9.54,47.4],[9.95,47.66],[9.87,47.86],[9.95,47.86],[10.11,48.46],[11.03,48.79],[11.03,48.85],[11.11,49.18],[10.86,49.25],[10.86,49.38],[11.03,49.52],[11.03,49.65],[11.28,49.78],[11.28,49.91],[11.87,50.11],[11.87,50.25],[12.12,50.18],[12.04,50.58],[12.3,50.65],[12.05,51.11],[11.46,51.25],[11.29,51.38],[11.55,51.71],[11.55,51.78],[10.87,51.92],[10.53,51.65],[10.27,51.65],[10.1,51.45],[8.84,51.05],[8.34,50.71],[7.65,51.18],[7.65,51.31],[7.39,51.45],[7.3,51.71],[6.7,51.98],[6.61,51.98],[6.61,52.05],[6.7,52.05]]]},"properties":{"id":"territory:Kingdom of the Franks:751","name":"프랑크 왕국","name_en":"Kingdom of the Franks","actor":"게르만","valid_from":751,"valid_to":755,"wikidata":"Q146246","area":555674,"src":"cliopatria","confidence":"medium"}},{"type":"Feature","geometry":{"type":"Point","coordinates":[5.342,48.628]},"properties":{"id":"territory:Kingdom of the Franks:751:label","name":"프랑크 왕국","name_en":"Kingdom of the Franks","actor":"게르만","valid_from":751,"valid_to":755,"wikidata":"Q146246","area":555674,"src":"cliopatria","confidence":"medium"}},{"type":"Feature","geometry":{"type":"MultiPolygon","coordinates":[[[[6.61,52.05],[6.61,51.98],[6.7,51.98],[7.3,51.71],[7.39,51.45],[7.65,51.31],[7.65,51.18],[8.34,50.71],[8.84,51.05],[10.1,51.45],[10.27,51.65],[10.53,51.65],[10.87,51.92],[11.55,51.78],[11.55,51.71],[11.29,51.38],[11.46,51.25],[12.05,51.11],[12.3,50.65],[12.04,50.58],[12.04,50.31],[11.87,50.25],[11.87,50.11],[11.28,49.91],[11.28,49.78],[11.03,49.65],[11.03,49.52],[10.86,49.38],[10.86,49.25],[11.11,49.18],[11.03,48.85],[11.03,48.79],[10.11,48.46],[9.95,47.86],[9.87,47.86],[9.95,47.66],[9.54,47.4],[9.63,46.94],[9.38,46.68],[9.39,46.48],[9.14,46.15],[8.24,46.15],[7.84,45.96],[6.94,45.96],[6.78,45.82],[6.78,45.69],[7.11,45.5],[7.12,45.3],[6.71,45.17],[6.64,44.97],[6.97,44.84],[6.97,44.65],[6.89,44.65],[6.98,44.25],[7.3,44.12],[7.63,44.19],[7.55,43.8],[7.47,43.8],[6.67,43.47],[6.6,43.28],[6.28,43.15],[5.8,43.15],[5.63,43.28],[5.39,43.28],[5.39,43.41],[5.06,43.47],[4.18,43.47],[4.17,43.6],[4.09,43.6],[4.24,44.06],[4.63,44.25],[4.06,44.52],[3.97,44.78],[4.36,45.1],[4.35,45.3],[3.86,45.43],[3.59,46.02],[3.42,46.09],[3.33,46.35],[3.08,46.48],[3.23,46.74],[2.8,47.01],[2.79,47.2],[2.62,47.4],[2.03,47.53],[1.88,47.4],[1.63,47.4],[1.15,47.2],[0.84,46.81],[0.01,47.01],[-0.26,47.27],[-2.23,47.27],[-2.31,47.27],[-2.56,47.27],[-2.58,47.47],[-2.83,47.53],[-2.84,47.6],[-2.45,47.86],[-1.8,47.99],[-1.65,48.19],[-1.65,48.26],[-1.67,48.46],[-1.51,48.52],[-1.6,48.65],[-1.61,48.72],[-1.72,49.05],[-1.64,49.05],[-1.65,49.25],[-1.91,49.38],[-2.03,49.78],[-1.36,49.78],[-1.25,49.45],[0.01,49.38],[-0.01,49.65],[0.22,49.85],[1.05,49.98],[1.45,50.25],[1.42,50.71],[1.66,51.05],[2.58,51.18],[3.16,51.45],[3.75,51.45],[3.41,51.51],[3.4,51.65],[3.74,51.65],[3.65,51.78],[3.82,51.78],[3.81,51.92],[3.98,51.92],[3.97,52.05],[4.22,52.18],[4.22,52.32],[4.46,52.52],[4.53,52.86],[4.87,52.99],[4.88,52.79],[5.06,52.65],[5.14,52.79],[5.39,52.86],[5.39,52.99],[5.21,53.12],[5.54,53.39],[6.14,53.46],[6.23,53.46],[6.16,53.06],[6.67,53.12],[6.85,52.92],[7.02,52.92],[6.95,52.25],[6.7,52.05],[6.61,52.05]]],[[[12.12,50.25],[12.04,50.25],[12.04,50.31],[12.12,50.31],[12.12,50.25]]]]},"properties":{"id":"territory:Kingdom of the Franks:750","name":"프랑크 왕국","name_en":"Kingdom of the Franks","actor":"게르만","valid_from":750,"valid_to":751,"wikidata":"Q146246","area":555519,"src":"cliopatria","confidence":"medium"}},{"type":"Feature","geometry":{"type":"Point","coordinates":[5.339,48.627]},"properties":{"id":"territory:Kingdom of the Franks:750:label","name":"프랑크 왕국","name_en":"Kingdom of the Franks","actor":"게르만","valid_from":750,"valid_to":751,"wikidata":"Q146246","area":555519,"src":"cliopatria","confidence":"medium"}},{"type":"Feature","geometry":{"type":"Polygon","coordinates":[[[3.54,43.41],[4.01,43.6],[4.09,43.6],[4.24,44.06],[4.63,44.25],[4.06,44.52],[3.81,44.52],[3.43,44.06],[3.03,44.06],[2.8,43.8],[2.63,43.8],[2.1,43.28],[1.95,42.95],[1.79,42.95],[1.48,42.69],[1.43,42.24],[1.04,42.04],[0.72,42.04],[-1.73,42.76],[-2.13,42.76],[-2.2,42.63],[-3.0,42.63],[-3.71,42.56],[-4.02,42.37],[-4.65,42.24],[-4.64,42.17],[-4.68,41.65],[-5.29,41.39],[-6.49,41.39],[-6.63,41.26],[-7.03,41.2],[-7.82,41.2],[-7.89,41.07],[-8.12,41.07],[-8.26,40.81],[-8.74,40.87],[-9.03,39.77],[-9.1,39.77],[-9.16,39.51],[-9.39,39.45],[-9.43,39.06],[-9.57,38.93],[-9.55,38.74],[-9.38,38.61],[-9.23,38.67],[-9.21,38.42],[-8.82,38.48],[-8.82,37.58],[-8.9,37.58],[-9.0,37.0],[-8.7,37.13],[-7.68,37.0],[-7.45,37.13],[-7.47,37.25],[-6.84,37.25],[-6.59,37.0],[-6.35,36.93],[-6.33,36.67],[-6.06,36.22],[-5.83,36.22],[-5.66,36.03],[-5.29,36.22],[-5.23,36.48],[-4.69,36.55],[-4.47,36.74],[-2.68,36.74],[-2.53,36.87],[-2.06,36.8],[-1.86,37.32],[-1.62,37.32],[-1.71,37.45],[-0.7,37.64],[-0.8,38.03],[-0.66,38.29],[0.1,38.74],[-0.31,39.13],[-0.35,39.71],[-0.13,40.03],[0.18,40.16],[0.25,40.42],[0.71,40.68],[0.7,40.94],[1.24,41.2],[2.11,41.33],[2.33,41.59],[2.57,41.59],[3.12,41.91],[3.18,42.37],[3.01,42.56],[2.98,43.15],[3.46,43.41],[3.54,43.41]]]},"properties":{"id":"territory:Umayyad Caliphate:751","name":"우마이야 칼리프국","name_en":"Umayyad Caliphate","actor":"기타중립","valid_from":751,"valid_to":755,"wikidata":"Q8575586","area":473691,"src":"cliopatria","confidence":"medium"}},{"type":"Feature","geometry":{"type":"Point","coordinates":[-3.587,39.826]},"properties":{"id":"territory:Umayyad Caliphate:751:label","name":"우마이야 칼리프국","name_en":"Umayyad Caliphate","actor":"기타중립","valid_from":751,"valid_to":755,"wikidata":"Q8575586","area":473691,"src":"cliopatria","confidence":"medium"}},{"type":"Feature","geometry":{"type":"Polygon","coordinates":[[[-0.02,35.41],[-0.19,35.04],[0.8,33.08],[1.62,32.65],[7.82,31.11],[12.77,30.08],[16.16,30.08],[15.16,30.58],[14.21,31.68],[13.37,32.05],[12.37,31.9],[11.86,32.05],[11.5,32.32],[11.05,32.42],[10.14,32.9],[9.82,32.77],[9.66,33.13],[9.2,33.53],[9.26,34.05],[8.49,34.3],[6.15,34.71],[5.34,34.58],[5.53,35.62],[5.32,35.71],[5.32,36.1],[5.47,36.43],[5.38,36.71],[3.85,36.91],[3.42,36.74],[2.97,36.75],[2.71,36.59],[1.34,36.49],[0.65,36.3],[0.1,35.79],[-0.02,35.41]]]},"properties":{"id":"territory:Rustamid dynasty:778","name":"루스탐 왕조","name_en":"Rustamid dynasty","actor":"기타중립","valid_from":778,"valid_to":900,"wikidata":"Q940123","area":469780,"src":"cliopatria","confidence":"medium"}},{"type":"Feature","geometry":{"type":"Point","coordinates":[6.388,33.268]},"properties":{"id":"territory:Rustamid dynasty:778:label","name":"루스탐 왕조","name_en":"Rustamid dynasty","actor":"기타중립","valid_from":778,"valid_to":900,"wikidata":"Q940123","area":469780,"src":"cliopatria","confidence":"medium"}},{"type":"Feature","geometry":{"type":"Polygon","coordinates":[[[10.86,49.25],[10.53,49.25],[9.78,49.45],[9.69,49.58],[9.44,49.58],[9.52,49.98],[9.27,50.25],[9.18,50.71],[9.35,50.85],[9.43,51.25],[8.84,51.05],[8.34,50.71],[7.65,51.18],[7.65,51.31],[7.39,51.45],[7.3,51.71],[6.7,51.98],[6.61,51.98],[6.61,52.05],[6.7,52.05],[6.95,52.25],[7.02,52.92],[6.5,53.12],[6.33,53.06],[6.34,52.79],[5.65,52.65],[5.56,52.92],[5.39,52.92],[5.39,52.86],[5.31,52.86],[5.31,52.79],[5.22,52.79],[5.32,52.45],[5.15,52.45],[5.07,52.25],[4.65,52.25],[4.65,52.12],[4.49,51.98],[4.5,51.71],[4.41,51.71],[4.33,51.71],[4.34,51.38],[4.01,51.25],[3.5,51.25],[3.41,51.45],[3.32,51.45],[2.74,51.31],[2.58,51.18],[1.66,51.05],[1.42,50.71],[1.45,50.25],[1.05,49.98],[0.22,49.85],[-0.01,49.65],[0.01,49.38],[-1.25,49.45],[-1.36,49.78],[-2.03,49.78],[-1.91,49.38],[-1.65,49.25],[-1.64,49.05],[-1.72,49.05],[-1.61,48.72],[-1.6,48.65],[-1.51,48.52],[-1.67,48.46],[-1.65,48.26],[-1.65,48.19],[-1.8,47.99],[-2.45,47.86],[-2.84,47.6],[-2.83,47.53],[-2.58,47.47],[-2.56,47.27],[-2.31,47.27],[-2.23,47.27],[-0.26,47.27],[0.01,47.01],[0.84,46.81],[1.15,47.2],[1.63,47.4],[1.88,47.4],[2.03,47.53],[2.62,47.4],[2.79,47.2],[2.8,47.01],[3.23,46.74],[3.08,46.48],[3.33,46.35],[3.42,46.09],[3.59,46.02],[3.86,45.43],[4.35,45.3],[4.36,45.1],[3.97,44.78],[4.06,44.52],[4.14,44.52],[4.14,44.45],[4.22,44.45],[4.22,44.39],[4.31,44.39],[4.39,44.39],[4.95,44.39],[5.11,44.52],[5.28,44.25],[5.69,44.19],[5.6,44.52],[6.32,44.84],[6.31,45.1],[6.63,45.1],[7.12,45.3],[7.11,45.5],[6.78,45.69],[6.78,45.82],[6.94,45.96],[7.43,45.89],[8.24,46.15],[9.14,46.15],[9.39,46.48],[9.38,46.68],[9.63,46.94],[9.54,47.4],[9.95,47.66],[9.87,47.86],[9.95,47.86],[10.11,48.46],[11.03,48.79],[11.03,48.85],[11.11,49.18],[10.94,49.25],[10.86,49.25]]]},"properties":{"id":"territory:Kingdom of the Franks:718","name":"프랑크 왕국","name_en":"Kingdom of the Franks","actor":"게르만","valid_from":718,"valid_to":724,"wikidata":"Q146246","area":469503,"src":"cliopatria","confidence":"medium"}},{"type":"Feature","geometry":{"type":"Point","coordinates":[4.844,48.631]},"properties":{"id":"territory:Kingdom of the Franks:718:label","name":"프랑크 왕국","name_en":"Kingdom of the Franks","actor":"게르만","valid_from":718,"valid_to":724,"wikidata":"Q146246","area":469503,"src":"cliopatria","confidence":"medium"}},{"type":"Feature","geometry":{"type":"Polygon","coordinates":[[[7.55,43.8],[7.63,44.19],[7.3,44.12],[6.98,44.25],[6.89,44.65],[6.97,44.65],[6.97,44.84],[6.64,44.97],[6.71,45.17],[7.12,45.3],[7.11,45.5],[6.78,45.69],[6.78,45.82],[6.94,45.96],[7.84,45.96],[8.24,46.15],[9.14,46.15],[9.39,46.48],[9.38,46.68],[9.55,46.87],[8.39,46.94],[8.23,47.14],[7.48,47.27],[7.32,47.4],[7.56,47.6],[7.55,47.99],[7.63,47.99],[7.71,48.52],[8.12,48.85],[8.11,49.05],[8.28,49.18],[8.35,49.65],[8.27,49.65],[8.26,49.98],[8.35,49.98],[8.43,50.31],[8.84,50.51],[9.27,50.25],[9.18,50.71],[9.35,50.85],[9.43,51.25],[8.84,51.05],[8.34,50.71],[7.65,51.18],[7.65,51.31],[7.39,51.45],[7.3,51.71],[6.7,51.98],[6.61,51.98],[6.61,52.05],[6.7,52.05],[6.95,52.25],[7.02,52.92],[6.5,53.12],[6.33,53.06],[6.34,52.79],[5.65,52.65],[5.56,52.92],[5.39,52.92],[5.39,52.86],[5.14,52.79],[5.06,52.65],[4.88,52.79],[4.87,52.99],[4.53,52.86],[4.46,52.52],[4.22,52.32],[4.22,52.18],[3.97,52.05],[3.98,51.92],[3.81,51.92],[3.82,51.78],[3.65,51.78],[3.74,51.65],[3.4,51.65],[3.41,51.51],[3.75,51.45],[3.16,51.45],[2.58,51.18],[1.66,51.05],[1.42,50.71],[1.45,50.25],[1.05,49.98],[0.22,49.85],[-0.01,49.65],[0.01,49.38],[-1.25,49.45],[-1.36,49.78],[-2.03,49.78],[-1.91,49.38],[-1.65,49.25],[-1.64,49.05],[-1.72,49.05],[-1.61,48.72],[-1.6,48.65],[-1.51,48.52],[-1.67,48.46],[-1.65,48.26],[-1.65,48.19],[-1.8,47.99],[-2.45,47.86],[-2.84,47.6],[-2.83,47.53],[-2.58,47.47],[-2.56,47.27],[-2.31,47.27],[-2.23,47.27],[-0.26,47.27],[0.01,47.01],[0.84,46.81],[1.15,47.2],[1.63,47.4],[1.88,47.4],[2.03,47.53],[2.62,47.4],[2.79,47.2],[2.8,47.01],[3.23,46.74],[3.08,46.48],[3.33,46.35],[3.42,46.09],[3.59,46.02],[3.86,45.43],[4.35,45.3],[4.36,45.1],[3.97,44.78],[4.06,44.52],[4.63,44.25],[4.24,44.06],[4.09,43.6],[4.17,43.6],[4.18,43.47],[5.06,43.47],[5.39,43.41],[5.39,43.28],[5.63,43.28],[5.8,43.15],[6.28,43.15],[6.6,43.28],[6.67,43.47],[7.47,43.8],[7.55,43.8]]]},"properties":{"id":"territory:Kingdom of the Franks:692","name":"프랑크 왕국","name_en":"Kingdom of the Franks","actor":"게르만","valid_from":692,"valid_to":705,"wikidata":"Q146246","area":453281,"src":"cliopatria","confidence":"medium"}},{"type":"Feature","geometry":{"type":"Point","coordinates":[4.374,48.413]},"properties":{"id":"territory:Kingdom of the Franks:692:label","name":"프랑크 왕국","name_en":"Kingdom of the Franks","actor":"게르만","valid_from":692,"valid_to":705,"wikidata":"Q146246","area":453281,"src":"cliopatria","confidence":"medium"}},{"type":"Feature","geometry":{"type":"Polygon","coordinates":[[[6.67,43.47],[6.6,43.28],[6.28,43.15],[5.8,43.15],[5.63,43.28],[5.39,43.28],[5.39,43.41],[5.06,43.47],[4.18,43.47],[4.17,43.6],[4.09,43.6],[4.24,44.06],[4.64,44.19],[4.39,44.39],[4.31,44.39],[4.22,44.39],[4.22,44.45],[4.14,44.45],[4.14,44.52],[4.06,44.52],[3.97,44.78],[4.36,45.1],[4.35,45.3],[3.86,45.43],[3.59,46.02],[3.42,46.09],[3.33,46.35],[3.08,46.48],[3.23,46.74],[2.8,47.01],[2.79,47.2],[2.62,47.4],[2.03,47.53],[1.88,47.4],[1.63,47.4],[1.15,47.2],[0.84,46.81],[0.01,47.01],[-0.26,47.27],[-2.23,47.27],[-2.31,47.27],[-2.56,47.27],[-2.58,47.47],[-2.83,47.53],[-2.84,47.6],[-2.45,47.86],[-1.8,47.99],[-1.65,48.19],[-1.65,48.26],[-1.67,48.46],[-1.51,48.52],[-1.6,48.65],[-1.61,48.72],[-1.72,49.05],[-1.64,49.05],[-1.65,49.25],[-1.91,49.38],[-2.03,49.78],[-1.36,49.78],[-1.25,49.45],[0.01,49.38],[-0.01,49.65],[0.22,49.85],[1.05,49.98],[1.45,50.25],[1.42,50.71],[1.66,51.05],[2.58,51.18],[3.16,51.45],[3.75,51.45],[3.41,51.51],[3.4,51.65],[3.74,51.65],[3.65,51.78],[3.82,51.78],[3.81,51.92],[3.98,51.92],[3.97,52.05],[4.22,52.18],[4.22,52.32],[4.46,52.52],[4.53,52.86],[4.87,52.99],[4.88,52.79],[5.06,52.65],[5.14,52.79],[5.39,52.86],[5.39,52.92],[5.56,52.92],[5.65,52.65],[6.34,52.79],[6.33,53.06],[6.5,53.12],[7.02,52.92],[6.95,52.25],[6.7,52.05],[6.61,52.05],[6.61,51.98],[6.7,51.98],[7.3,51.71],[7.39,51.45],[7.65,51.31],[7.65,51.18],[8.34,50.71],[8.84,51.05],[9.43,51.25],[9.35,50.85],[9.18,50.71],[9.27,50.25],[8.84,50.51],[8.43,50.31],[8.35,49.98],[8.26,49.98],[8.27,49.65],[8.35,49.65],[8.28,49.18],[8.11,49.05],[8.12,48.85],[7.71,48.52],[7.63,47.99],[7.55,47.99],[7.56,47.6],[7.32,47.4],[7.48,47.27],[8.23,47.14],[8.39,46.94],[9.55,46.87],[9.38,46.68],[9.39,46.48],[9.14,46.15],[8.24,46.15],[7.43,45.89],[6.94,45.96],[6.78,45.82],[6.78,45.69],[7.11,45.5],[7.12,45.3],[6.63,45.1],[6.64,44.97],[6.97,44.84],[6.9,44.32],[7.3,44.12],[7.63,44.19],[7.55,43.8],[7.47,43.8],[6.67,43.47]]]},"properties":{"id":"territory:Kingdom of the Franks:705","name":"프랑크 왕국","name_en":"Kingdom of the Franks","actor":"게르만","valid_from":705,"valid_to":718,"wikidata":"Q146246","area":453258,"src":"cliopatria","confidence":"medium"}},{"type":"Feature","geometry":{"type":"Point","coordinates":[4.374,48.413]},"properties":{"id":"territory:Kingdom of the Franks:705:label","name":"프랑크 왕국","name_en":"Kingdom of the Franks","actor":"게르만","valid_from":705,"valid_to":718,"wikidata":"Q146246","area":453258,"src":"cliopatria","confidence":"medium"}},{"type":"Feature","geometry":{"type":"Polygon","coordinates":[[[64.82,45.63],[64.98,46.35],[64.89,46.35],[64.94,46.74],[64.82,46.87],[64.87,47.01],[64.79,47.01],[64.83,47.14],[64.75,47.14],[64.76,47.4],[64.53,47.47],[64.43,47.66],[64.27,47.66],[64.23,47.8],[63.86,47.93],[61.82,47.99],[56.38,47.8],[54.52,47.33],[54.44,46.74],[54.52,46.74],[54.29,45.56],[54.27,45.5],[54.22,45.3],[54.36,45.24],[54.3,44.97],[53.81,44.97],[53.88,45.24],[52.09,45.24],[51.88,45.37],[51.47,45.37],[51.06,45.04],[51.02,44.84],[51.47,44.71],[51.42,44.52],[50.86,44.52],[50.4,44.65],[50.22,44.58],[50.19,44.45],[50.88,44.25],[51.07,44.06],[51.04,43.93],[51.32,43.73],[51.31,43.34],[51.44,43.21],[51.77,43.28],[51.94,42.95],[52.42,42.95],[52.79,42.82],[52.68,42.37],[52.44,42.04],[52.52,42.04],[52.49,41.91],[52.72,41.52],[52.8,41.52],[52.81,41.91],[53.19,42.17],[53.91,42.17],[54.09,41.59],[54.73,41.26],[54.67,41.0],[54.4,40.87],[54.39,40.81],[56.83,40.74],[57.46,41.39],[57.56,41.78],[57.96,42.37],[58.05,43.02],[58.34,43.47],[58.36,43.54],[58.19,43.8],[57.96,43.86],[58.07,44.25],[57.99,44.25],[58.04,44.45],[57.96,44.45],[58.27,45.24],[58.49,45.43],[58.64,45.96],[59.31,46.02],[59.49,46.35],[59.84,46.41],[60.12,46.81],[60.53,46.81],[60.57,46.94],[60.98,46.94],[61.0,46.74],[61.19,46.81],[61.23,46.94],[61.7,46.87],[61.25,45.96],[61.33,45.96],[61.25,45.69],[61.33,45.69],[61.34,45.43],[61.72,45.37],[61.58,44.91],[61.02,44.65],[60.76,44.06],[61.53,43.93],[61.57,43.8],[62.48,43.86],[63.39,44.19],[64.57,45.1],[64.8,45.56],[64.82,45.63]]]},"properties":{"id":"territory:Oghuz Turks:750","name":"오구즈 투르크","name_en":"Oghuz Turks","actor":"기타중립","valid_from":750,"valid_to":768,"wikidata":"Q2118293","area":450019,"src":"cliopatria","confidence":"medium"}},{"type":"Feature","geometry":{"type":"Polygon","coordinates":[[[64.82,45.63],[64.98,46.35],[64.89,46.35],[64.94,46.74],[64.82,46.87],[64.87,47.01],[64.79,47.01],[64.83,47.14],[64.75,47.14],[64.76,47.4],[64.53,47.47],[64.43,47.66],[64.27,47.66],[64.23,47.8],[63.86,47.93],[61.82,47.99],[56.38,47.8],[54.52,47.33],[54.44,46.74],[54.52,46.74],[54.29,45.56],[54.27,45.5],[54.22,45.3],[54.36,45.24],[54.3,44.97],[53.81,44.97],[53.88,45.24],[52.09,45.24],[51.88,45.37],[51.47,45.37],[51.06,45.04],[51.02,44.84],[51.47,44.71],[51.42,44.52],[50.86,44.52],[50.4,44.65],[50.22,44.58],[50.19,44.45],[50.88,44.25],[51.07,44.06],[51.04,43.93],[51.32,43.73],[51.31,43.34],[51.44,43.21],[51.77,43.28],[51.94,42.95],[52.42,42.95],[52.79,42.82],[52.68,42.37],[52.44,42.04],[52.52,42.04],[52.49,41.91],[52.72,41.52],[52.8,41.52],[52.81,41.91],[53.19,42.17],[53.91,42.17],[54.09,41.59],[54.73,41.26],[54.67,41.0],[54.4,40.87],[54.39,40.81],[56.83,40.74],[57.46,41.39],[57.56,41.78],[57.96,42.37],[58.05,43.02],[58.34,43.47],[58.36,43.54],[58.19,43.8],[57.96,43.86],[58.07,44.25],[57.99,44.25],[58.04,44.45],[57.96,44.45],[58.27,45.24],[58.49,45.43],[58.64,45.96],[59.31,46.02],[59.49,46.35],[59.84,46.41],[60.12,46.81],[60.53,46.81],[60.57,46.94],[60.98,46.94],[61.0,46.74],[61.19,46.81],[61.23,46.94],[61.7,46.87],[61.25,45.96],[61.33,45.96],[61.25,45.69],[61.33,45.69],[61.34,45.43],[61.72,45.37],[61.58,44.91],[61.02,44.65],[60.76,44.06],[61.53,43.93],[61.57,43.8],[62.48,43.86],[63.39,44.19],[64.57,45.1],[64.8,45.56],[64.82,45.63]]]},"properties":{"id":"territory:Oghuz Turks:768","name":"오구즈 투르크","name_en":"Oghuz Turks","actor":"기타중립","valid_from":768,"valid_to":778,"wikidata":"Q2118293","area":450019,"src":"cliopatria","confidence":"medium"}},{"type":"Feature","geometry":{"type":"Polygon","coordinates":[[[64.82,45.63],[64.98,46.35],[64.89,46.35],[64.94,46.74],[64.82,46.87],[64.87,47.01],[64.79,47.01],[64.83,47.14],[64.75,47.14],[64.76,47.4],[64.53,47.47],[64.43,47.66],[64.27,47.66],[64.23,47.8],[63.86,47.93],[61.82,47.99],[56.38,47.8],[54.52,47.33],[54.44,46.74],[54.52,46.74],[54.29,45.56],[54.27,45.5],[54.22,45.3],[54.36,45.24],[54.3,44.97],[53.81,44.97],[53.88,45.24],[52.09,45.24],[51.88,45.37],[51.47,45.37],[51.06,45.04],[51.02,44.84],[51.47,44.71],[51.42,44.52],[50.86,44.52],[50.4,44.65],[50.22,44.58],[50.19,44.45],[50.88,44.25],[51.07,44.06],[51.04,43.93],[51.32,43.73],[51.31,43.34],[51.44,43.21],[51.77,43.28],[51.94,42.95],[52.42,42.95],[52.79,42.82],[52.68,42.37],[52.44,42.04],[52.52,42.04],[52.49,41.91],[52.72,41.52],[52.8,41.52],[52.81,41.91],[53.19,42.17],[53.91,42.17],[54.09,41.59],[54.73,41.26],[54.67,41.0],[54.4,40.87],[54.39,40.81],[56.83,40.74],[57.46,41.39],[57.56,41.78],[57.96,42.37],[58.05,43.02],[58.34,43.47],[58.36,43.54],[58.19,43.8],[57.96,43.86],[58.07,44.25],[57.99,44.25],[58.04,44.45],[57.96,44.45],[58.27,45.24],[58.49,45.43],[58.64,45.96],[59.31,46.02],[59.49,46.35],[59.84,46.41],[60.12,46.81],[60.53,46.81],[60.57,46.94],[60.98,46.94],[61.0,46.74],[61.19,46.81],[61.23,46.94],[61.7,46.87],[61.25,45.96],[61.33,45.96],[61.25,45.69],[61.33,45.69],[61.34,45.43],[61.72,45.37],[61.58,44.91],[61.02,44.65],[60.76,44.06],[61.53,43.93],[61.57,43.8],[62.48,43.86],[63.39,44.19],[64.57,45.1],[64.8,45.56],[64.82,45.63]]]},"properties":{"id":"territory:Oghuz Turks:783","name":"오구즈 투르크","name_en":"Oghuz Turks","actor":"기타중립","valid_from":783,"valid_to":860,"wikidata":"Q2118293","area":450019,"src":"cliopatria","confidence":"medium"}},{"type":"Feature","geometry":{"type":"Point","coordinates":[57.608,44.934]},"properties":{"id":"territory:Oghuz Turks:750:label","name":"오구즈 투르크","name_en":"Oghuz Turks","actor":"기타중립","valid_from":750,"valid_to":768,"wikidata":"Q2118293","area":450019,"src":"cliopatria","confidence":"medium"}},{"type":"Feature","geometry":{"type":"Point","coordinates":[57.608,44.934]},"properties":{"id":"territory:Oghuz Turks:768:label","name":"오구즈 투르크","name_en":"Oghuz Turks","actor":"기타중립","valid_from":768,"valid_to":778,"wikidata":"Q2118293","area":450019,"src":"cliopatria","confidence":"medium"}},{"type":"Feature","geometry":{"type":"Point","coordinates":[57.608,44.934]},"properties":{"id":"territory:Oghuz Turks:783:label","name":"오구즈 투르크","name_en":"Oghuz Turks","actor":"기타중립","valid_from":783,"valid_to":860,"wikidata":"Q2118293","area":450019,"src":"cliopatria","confidence":"medium"}},{"type":"Feature","geometry":{"type":"Polygon","coordinates":[[[64.82,45.63],[64.98,46.35],[64.89,46.35],[64.94,46.74],[64.82,46.87],[64.87,47.01],[64.79,47.01],[64.83,47.14],[64.75,47.14],[64.76,47.4],[64.53,47.47],[64.43,47.66],[64.27,47.66],[64.23,47.8],[63.86,47.93],[61.82,47.99],[56.38,47.8],[54.52,47.33],[54.44,46.74],[54.52,46.74],[54.29,45.56],[54.27,45.5],[54.22,45.3],[54.36,45.24],[54.3,44.97],[53.81,44.97],[53.88,45.24],[52.09,45.24],[51.88,45.37],[51.47,45.37],[51.06,45.04],[51.02,44.84],[51.47,44.71],[51.42,44.52],[50.86,44.52],[50.4,44.65],[50.22,44.58],[50.19,44.45],[50.88,44.25],[51.07,44.06],[51.04,43.93],[51.32,43.73],[51.31,43.34],[51.44,43.21],[51.77,43.28],[51.94,42.95],[52.42,42.95],[52.79,42.82],[52.68,42.37],[52.44,42.04],[52.52,42.04],[52.49,41.91],[52.72,41.52],[52.8,41.52],[52.81,41.91],[53.19,42.17],[53.91,42.17],[54.09,41.59],[54.73,41.26],[54.67,41.0],[54.4,40.87],[54.39,40.81],[56.83,40.74],[57.46,41.39],[57.56,41.78],[57.96,42.37],[58.05,43.02],[58.34,43.47],[58.36,43.54],[58.19,43.8],[57.96,43.86],[58.07,44.25],[57.99,44.25],[58.04,44.45],[57.96,44.45],[58.27,45.24],[58.49,45.43],[58.64,45.96],[59.31,46.02],[59.49,46.35],[59.84,46.41],[60.12,46.81],[60.53,46.81],[60.57,46.94],[60.98,46.94],[61.0,46.74],[61.19,46.81],[61.23,46.94],[61.7,46.87],[61.25,45.96],[61.33,45.96],[61.25,45.69],[61.33,45.69],[61.34,45.43],[61.72,45.37],[61.58,44.91],[61.02,44.65],[60.76,44.06],[61.53,43.93],[61.57,43.8],[62.48,43.86],[63.39,44.19],[64.57,45.1],[64.8,45.56],[64.82,45.63]],[[53.16,44.65],[53.42,45.04],[53.74,45.04],[53.33,44.39],[53.09,44.39],[53.14,44.58],[53.16,44.65]]]},"properties":{"id":"territory:Oghuz Turks:778","name":"오구즈 투르크","name_en":"Oghuz Turks","actor":"기타중립","valid_from":778,"valid_to":783,"wikidata":"Q2118293","area":448197,"src":"cliopatria","confidence":"medium"}},{"type":"Feature","geometry":{"type":"Point","coordinates":[57.608,44.934]},"properties":{"id":"territory:Oghuz Turks:778:label","name":"오구즈 투르크","name_en":"Oghuz Turks","actor":"기타중립","valid_from":778,"valid_to":783,"wikidata":"Q2118293","area":448197,"src":"cliopatria","confidence":"medium"}},{"type":"Feature","geometry":{"type":"Polygon","coordinates":[[[-1.63,37.45],[-1.4,37.58],[-0.7,37.64],[-0.8,38.03],[-0.66,38.29],[0.1,38.74],[-0.31,39.13],[-0.35,39.71],[-0.13,40.03],[0.18,40.16],[0.25,40.42],[0.71,40.68],[0.7,40.94],[1.24,41.2],[2.11,41.33],[2.33,41.59],[2.57,41.59],[3.12,41.91],[3.18,42.37],[3.01,42.56],[2.98,43.15],[3.14,43.21],[3.14,43.28],[2.48,43.6],[2.1,43.28],[1.95,42.95],[1.79,42.95],[1.48,42.69],[1.43,42.24],[1.04,42.04],[0.72,42.04],[-1.73,42.76],[-2.13,42.76],[-2.2,42.63],[-2.19,42.56],[-1.94,42.3],[-1.78,42.3],[-1.93,42.17],[-1.83,41.91],[-3.98,41.85],[-4.75,41.52],[-5.15,41.52],[-5.29,41.39],[-6.49,41.39],[-6.63,41.26],[-7.03,41.2],[-7.82,41.2],[-7.89,41.07],[-8.12,41.07],[-8.26,40.81],[-8.74,40.87],[-9.03,39.77],[-9.1,39.77],[-9.16,39.51],[-9.39,39.45],[-9.43,39.06],[-9.57,38.93],[-9.55,38.74],[-9.38,38.61],[-9.23,38.67],[-9.21,38.42],[-8.82,38.48],[-8.82,37.58],[-8.9,37.58],[-9.0,37.0],[-8.7,37.13],[-7.68,37.0],[-7.45,37.13],[-7.47,37.25],[-6.84,37.25],[-6.59,37.0],[-6.35,36.93],[-6.33,36.67],[-6.06,36.22],[-5.83,36.22],[-5.66,36.03],[-5.29,36.22],[-5.23,36.48],[-4.69,36.55],[-4.47,36.74],[-2.68,36.74],[-2.53,36.87],[-2.06,36.8],[-1.86,37.32],[-1.62,37.32],[-1.71,37.45],[-1.63,37.45]]]},"properties":{"id":"territory:Umayyad Caliphate:755","name":"우마이야 칼리프국","name_en":"Umayyad Caliphate","actor":"기타중립","valid_from":755,"valid_to":757,"wikidata":"Q8575586","area":445046,"src":"cliopatria","confidence":"medium"}},{"type":"Feature","geometry":{"type":"Polygon","coordinates":[[[-1.63,37.45],[-1.4,37.58],[-0.7,37.64],[-0.8,38.03],[-0.66,38.29],[0.1,38.74],[-0.31,39.13],[-0.35,39.71],[-0.13,40.03],[0.18,40.16],[0.25,40.42],[0.71,40.68],[0.7,40.94],[1.24,41.2],[2.11,41.33],[2.33,41.59],[2.57,41.59],[3.12,41.91],[3.18,42.37],[3.01,42.56],[2.98,43.15],[3.14,43.21],[3.14,43.28],[2.48,43.6],[2.1,43.28],[1.95,42.95],[1.79,42.95],[1.48,42.69],[1.43,42.24],[1.04,42.04],[0.72,42.04],[-1.73,42.76],[-2.13,42.76],[-2.2,42.63],[-2.19,42.56],[-1.94,42.3],[-1.78,42.3],[-1.93,42.17],[-1.83,41.91],[-3.98,41.85],[-4.75,41.52],[-5.15,41.52],[-5.29,41.39],[-6.49,41.39],[-6.63,41.26],[-7.03,41.2],[-7.82,41.2],[-7.89,41.07],[-8.12,41.07],[-8.26,40.81],[-8.74,40.87],[-9.03,39.77],[-9.1,39.77],[-9.16,39.51],[-9.39,39.45],[-9.43,39.06],[-9.57,38.93],[-9.55,38.74],[-9.38,38.61],[-9.23,38.67],[-9.21,38.42],[-8.82,38.48],[-8.82,37.58],[-8.9,37.58],[-9.0,37.0],[-8.7,37.13],[-7.68,37.0],[-7.45,37.13],[-7.47,37.25],[-6.84,37.25],[-6.59,37.0],[-6.35,36.93],[-6.33,36.67],[-6.06,36.22],[-5.83,36.22],[-5.66,36.03],[-5.29,36.22],[-5.23,36.48],[-4.69,36.55],[-4.47,36.74],[-2.68,36.74],[-2.53,36.87],[-2.06,36.8],[-1.86,37.32],[-1.62,37.32],[-1.71,37.45],[-1.63,37.45]]]},"properties":{"id":"territory:Emirate of Córdoba:757","name":"코르도바 토후국","name_en":"Emirate of Córdoba","actor":"기타중립","valid_from":757,"valid_to":763,"wikidata":"Q1337854","area":445046,"src":"cliopatria","confidence":"medium"}},{"type":"Feature","geometry":{"type":"Point","coordinates":[-3.795,39.625]},"properties":{"id":"territory:Umayyad Caliphate:755:label","name":"우마이야 칼리프국","name_en":"Umayyad Caliphate","actor":"기타중립","valid_from":755,"valid_to":757,"wikidata":"Q8575586","area":445046,"src":"cliopatria","confidence":"medium"}},{"type":"Feature","geometry":{"type":"Point","coordinates":[-3.795,39.625]},"properties":{"id":"territory:Emirate of Córdoba:757:label","name":"코르도바 토후국","name_en":"Emirate of Córdoba","actor":"기타중립","valid_from":757,"valid_to":763,"wikidata":"Q1337854","area":445046,"src":"cliopatria","confidence":"medium"}},{"type":"Feature","geometry":{"type":"Polygon","coordinates":[[[0.47,42.17],[-1.73,42.76],[-2.13,42.76],[-2.2,42.63],[-2.19,42.56],[-1.94,42.3],[-1.78,42.3],[-1.93,42.17],[-1.83,41.91],[-3.98,41.85],[-4.75,41.52],[-5.15,41.52],[-5.29,41.39],[-6.49,41.39],[-6.63,41.26],[-7.03,41.2],[-7.82,41.2],[-7.89,41.07],[-8.12,41.07],[-8.26,40.81],[-8.74,40.87],[-9.03,39.77],[-9.1,39.77],[-9.16,39.51],[-9.39,39.45],[-9.43,39.06],[-9.57,38.93],[-9.55,38.74],[-9.38,38.61],[-9.23,38.67],[-9.21,38.42],[-8.82,38.48],[-8.82,37.58],[-8.9,37.58],[-9.0,37.0],[-8.7,37.13],[-7.68,37.0],[-7.45,37.13],[-7.47,37.25],[-6.84,37.25],[-6.59,37.0],[-6.35,36.93],[-6.33,36.67],[-6.06,36.22],[-5.83,36.22],[-5.66,36.03],[-5.29,36.22],[-5.23,36.48],[-4.69,36.55],[-4.47,36.74],[-2.68,36.74],[-2.53,36.87],[-2.06,36.8],[-1.86,37.32],[-1.62,37.32],[-1.71,37.45],[-0.7,37.64],[-0.8,38.03],[-0.66,38.29],[0.1,38.74],[-0.31,39.13],[-0.35,39.71],[-0.2,39.97],[0.18,40.16],[0.25,40.42],[0.47,40.61],[0.71,40.68],[0.7,40.94],[1.24,41.2],[2.11,41.33],[2.33,41.59],[2.89,41.72],[3.12,41.91],[3.18,42.37],[3.1,42.43],[3.09,42.5],[2.7,42.37],[1.89,42.56],[1.66,42.43],[1.49,42.5],[1.41,42.5],[1.43,42.24],[1.04,42.04],[0.47,42.11],[0.47,42.17]]]},"properties":{"id":"territory:Emirate of Córdoba:763","name":"코르도바 토후국","name_en":"Emirate of Córdoba","actor":"기타중립","valid_from":763,"valid_to":768,"wikidata":"Q1337854","area":434914,"src":"cliopatria","confidence":"medium"}},{"type":"Feature","geometry":{"type":"Point","coordinates":[-3.952,39.541]},"properties":{"id":"territory:Emirate of Córdoba:763:label","name":"코르도바 토후국","name_en":"Emirate of Córdoba","actor":"기타중립","valid_from":763,"valid_to":768,"wikidata":"Q1337854","area":434914,"src":"cliopatria","confidence":"medium"}},{"type":"Feature","geometry":{"type":"Polygon","coordinates":[[[1.66,42.43],[1.89,42.56],[2.7,42.37],[3.09,42.5],[3.1,42.43],[3.18,42.37],[3.12,41.91],[2.89,41.72],[2.33,41.59],[2.11,41.33],[1.24,41.2],[0.7,40.94],[0.71,40.68],[0.47,40.61],[0.25,40.42],[0.18,40.16],[-0.2,39.97],[-0.35,39.71],[-0.31,39.13],[0.1,38.74],[-0.66,38.29],[-0.8,38.03],[-0.7,37.64],[-1.71,37.45],[-1.62,37.32],[-1.86,37.32],[-2.06,36.8],[-2.53,36.87],[-2.68,36.74],[-4.47,36.74],[-4.69,36.55],[-5.23,36.48],[-5.29,36.22],[-5.66,36.03],[-5.83,36.22],[-6.06,36.22],[-6.33,36.67],[-6.35,36.93],[-6.59,37.0],[-6.84,37.25],[-7.47,37.25],[-7.45,37.13],[-7.68,37.0],[-8.07,37.0],[-8.31,37.13],[-8.7,37.13],[-9.0,37.0],[-8.9,37.58],[-8.82,37.58],[-8.82,38.48],[-9.21,38.42],[-9.23,38.67],[-9.38,38.61],[-9.55,38.74],[-9.57,38.93],[-9.43,39.06],[-9.39,39.45],[-9.16,39.51],[-9.1,39.77],[-9.03,39.77],[-8.74,40.87],[-8.26,40.81],[-8.12,41.07],[-7.89,41.07],[-7.82,41.2],[-7.03,41.2],[-6.63,41.26],[-6.49,41.39],[-5.29,41.39],[-5.15,41.52],[-4.75,41.52],[-3.98,41.85],[-1.83,41.91],[-1.93,42.17],[-1.78,42.3],[-1.94,42.3],[-2.19,42.56],[-2.2,42.63],[-2.13,42.76],[-1.4,42.69],[0.72,42.04],[1.35,42.17],[1.41,42.5],[1.49,42.5],[1.66,42.43]]]},"properties":{"id":"territory:Emirate of Córdoba:768","name":"코르도바 토후국","name_en":"Emirate of Córdoba","actor":"기타중립","valid_from":768,"valid_to":772,"wikidata":"Q1337854","area":434697,"src":"cliopatria","confidence":"medium"}},{"type":"Feature","geometry":{"type":"Point","coordinates":[-3.953,39.539]},"properties":{"id":"territory:Emirate of Córdoba:768:label","name":"코르도바 토후국","name_en":"Emirate of Córdoba","actor":"기타중립","valid_from":768,"valid_to":772,"wikidata":"Q1337854","area":434697,"src":"cliopatria","confidence":"medium"}},{"type":"Feature","geometry":{"type":"Polygon","coordinates":[[[1.66,42.43],[1.89,42.56],[2.46,42.37],[3.09,42.5],[3.1,42.43],[3.18,42.37],[3.12,41.91],[2.89,41.72],[2.33,41.59],[2.11,41.33],[1.24,41.2],[0.7,40.94],[0.71,40.68],[0.47,40.61],[0.25,40.42],[0.18,40.16],[-0.2,39.97],[-0.35,39.71],[-0.31,39.13],[0.1,38.74],[-0.66,38.29],[-0.8,38.03],[-0.7,37.64],[-1.71,37.45],[-1.62,37.32],[-1.86,37.32],[-2.06,36.8],[-2.53,36.87],[-2.68,36.74],[-4.47,36.74],[-4.69,36.55],[-5.23,36.48],[-5.29,36.22],[-5.66,36.03],[-5.83,36.22],[-6.06,36.22],[-6.33,36.67],[-6.35,36.93],[-6.59,37.0],[-6.84,37.25],[-7.47,37.25],[-7.45,37.13],[-7.68,37.0],[-8.07,37.0],[-8.31,37.13],[-8.7,37.13],[-9.0,37.0],[-8.9,37.58],[-8.82,37.58],[-8.82,38.48],[-9.21,38.42],[-9.23,38.67],[-9.38,38.61],[-9.55,38.74],[-9.57,38.93],[-9.43,39.06],[-9.39,39.45],[-9.16,39.51],[-9.1,39.77],[-9.03,39.77],[-8.74,40.87],[-8.26,40.81],[-8.12,41.07],[-7.89,41.07],[-7.82,41.2],[-7.03,41.2],[-6.63,41.26],[-6.49,41.39],[-5.29,41.39],[-5.15,41.52],[-4.75,41.52],[-3.98,41.85],[-1.83,41.91],[-1.93,42.17],[-1.78,42.3],[-1.94,42.3],[-2.19,42.56],[-2.2,42.63],[-2.13,42.76],[-1.4,42.69],[0.72,42.04],[1.35,42.17],[1.41,42.5],[1.49,42.5],[1.66,42.43]]]},"properties":{"id":"territory:Emirate of Córdoba:772","name":"코르도바 토후국","name_en":"Emirate of Córdoba","actor":"기타중립","valid_from":772,"valid_to":778,"wikidata":"Q1337854","area":434625,"src":"cliopatria","confidence":"medium"}},{"type":"Feature","geometry":{"type":"Polygon","coordinates":[[[1.66,42.43],[1.89,42.56],[2.46,42.37],[3.09,42.5],[3.1,42.43],[3.18,42.37],[3.12,41.91],[2.89,41.72],[2.33,41.59],[2.11,41.33],[1.24,41.2],[0.7,40.94],[0.71,40.68],[0.47,40.61],[0.25,40.42],[0.18,40.16],[-0.2,39.97],[-0.35,39.71],[-0.31,39.13],[0.1,38.74],[-0.66,38.29],[-0.8,38.03],[-0.7,37.64],[-1.71,37.45],[-1.62,37.32],[-1.86,37.32],[-2.06,36.8],[-2.53,36.87],[-2.68,36.74],[-4.47,36.74],[-4.69,36.55],[-5.23,36.48],[-5.29,36.22],[-5.66,36.03],[-5.83,36.22],[-6.06,36.22],[-6.33,36.67],[-6.35,36.93],[-6.59,37.0],[-6.84,37.25],[-7.47,37.25],[-7.45,37.13],[-7.68,37.0],[-8.07,37.0],[-8.31,37.13],[-8.7,37.13],[-9.0,37.0],[-8.9,37.58],[-8.82,37.58],[-8.82,38.48],[-9.21,38.42],[-9.23,38.67],[-9.38,38.61],[-9.55,38.74],[-9.57,38.93],[-9.43,39.06],[-9.39,39.45],[-9.16,39.51],[-9.1,39.77],[-9.03,39.77],[-8.74,40.87],[-8.26,40.81],[-8.12,41.07],[-7.89,41.07],[-7.82,41.2],[-7.03,41.2],[-6.63,41.26],[-6.49,41.39],[-5.29,41.39],[-5.15,41.52],[-4.75,41.52],[-3.98,41.85],[-1.83,41.91],[-1.93,42.17],[-1.78,42.3],[-1.94,42.3],[-2.19,42.56],[-2.2,42.63],[-2.13,42.76],[-1.4,42.69],[0.72,42.04],[1.35,42.17],[1.41,42.5],[1.49,42.5],[1.66,42.43]]]},"properties":{"id":"territory:Emirate of Córdoba:783","name":"코르도바 토후국","name_en":"Emirate of Córdoba","actor":"기타중립","valid_from":783,"valid_to":788,"wikidata":"Q1337854","area":434625,"src":"cliopatria","confidence":"medium"}},{"type":"Feature","geometry":{"type":"Point","coordinates":[-3.954,39.539]},"properties":{"id":"territory:Emirate of Córdoba:772:label","name":"코르도바 토후국","name_en":"Emirate of Córdoba","actor":"기타중립","valid_from":772,"valid_to":778,"wikidata":"Q1337854","area":434625,"src":"cliopatria","confidence":"medium"}},{"type":"Feature","geometry":{"type":"Point","coordinates":[-3.954,39.539]},"properties":{"id":"territory:Emirate of Córdoba:783:label","name":"코르도바 토후국","name_en":"Emirate of Córdoba","actor":"기타중립","valid_from":783,"valid_to":788,"wikidata":"Q1337854","area":434625,"src":"cliopatria","confidence":"medium"}},{"type":"Feature","geometry":{"type":"Polygon","coordinates":[[[2.3,42.43],[2.41,41.59],[2.33,41.59],[2.11,41.33],[1.24,41.2],[0.7,40.94],[0.71,40.68],[0.47,40.61],[0.25,40.42],[0.18,40.16],[-0.2,39.97],[-0.35,39.71],[-0.31,39.13],[0.1,38.74],[-0.66,38.29],[-0.8,38.03],[-0.7,37.64],[-1.71,37.45],[-1.62,37.32],[-1.86,37.32],[-2.06,36.8],[-2.53,36.87],[-2.68,36.74],[-4.47,36.74],[-4.69,36.55],[-5.23,36.48],[-5.29,36.22],[-5.66,36.03],[-5.83,36.22],[-6.06,36.22],[-6.33,36.67],[-6.35,36.93],[-6.59,37.0],[-6.84,37.25],[-7.47,37.25],[-7.45,37.13],[-7.68,37.0],[-8.07,37.0],[-8.31,37.13],[-8.7,37.13],[-9.0,37.0],[-8.9,37.58],[-8.82,37.58],[-8.82,38.48],[-9.21,38.42],[-9.23,38.67],[-9.38,38.61],[-9.55,38.74],[-9.57,38.93],[-9.43,39.06],[-9.39,39.45],[-9.16,39.51],[-9.1,39.77],[-9.03,39.77],[-8.74,40.87],[-8.26,40.81],[-8.12,41.07],[-7.89,41.07],[-7.82,41.2],[-7.03,41.2],[-6.63,41.26],[-6.49,41.39],[-5.29,41.39],[-5.15,41.52],[-4.75,41.52],[-3.98,41.85],[-1.83,41.91],[-1.93,42.17],[-1.78,42.3],[-1.94,42.3],[-2.19,42.56],[-2.2,42.63],[-2.13,42.76],[-1.4,42.69],[0.72,42.04],[1.35,42.17],[1.49,42.63],[2.3,42.43]]]},"properties":{"id":"territory:Emirate of Córdoba:788","name":"코르도바 토후국","name_en":"Emirate of Córdoba","actor":"기타중립","valid_from":788,"valid_to":793,"wikidata":"Q1337854","area":429712,"src":"cliopatria","confidence":"medium"}},{"type":"Feature","geometry":{"type":"Point","coordinates":[-4.035,39.509]},"properties":{"id":"territory:Emirate of Córdoba:788:label","name":"코르도바 토후국","name_en":"Emirate of Córdoba","actor":"기타중립","valid_from":788,"valid_to":793,"wikidata":"Q1337854","area":429712,"src":"cliopatria","confidence":"medium"}},{"type":"Feature","geometry":{"type":"Polygon","coordinates":[[[2.33,41.59],[2.11,41.33],[1.24,41.2],[0.7,40.94],[0.71,40.68],[0.47,40.61],[0.25,40.42],[0.18,40.16],[-0.2,39.97],[-0.35,39.71],[-0.31,39.13],[0.1,38.74],[-0.66,38.29],[-0.8,38.03],[-0.7,37.64],[-1.71,37.45],[-1.62,37.32],[-1.86,37.32],[-2.06,36.8],[-2.53,36.87],[-2.68,36.74],[-4.47,36.74],[-4.69,36.55],[-5.23,36.48],[-5.29,36.22],[-5.66,36.03],[-5.83,36.22],[-6.06,36.22],[-6.33,36.67],[-6.35,36.93],[-6.59,37.0],[-6.84,37.25],[-7.47,37.25],[-7.45,37.13],[-7.68,37.0],[-8.07,37.0],[-8.31,37.13],[-8.7,37.13],[-9.0,37.0],[-8.9,37.58],[-8.82,37.58],[-8.82,38.48],[-9.21,38.42],[-9.23,38.67],[-9.38,38.61],[-9.55,38.74],[-9.57,38.93],[-9.43,39.06],[-9.39,39.45],[-9.16,39.51],[-9.1,39.77],[-9.03,39.77],[-8.74,40.87],[-8.26,40.81],[-8.12,41.07],[-7.89,41.07],[-7.82,41.2],[-7.03,41.2],[-6.63,41.26],[-6.49,41.39],[-5.29,41.39],[-5.15,41.52],[-4.75,41.52],[-3.98,41.85],[-1.83,41.91],[-1.93,42.17],[-1.78,42.3],[-1.94,42.3],[-2.19,42.56],[-2.2,42.63],[-2.13,42.76],[-1.73,42.76],[-0.02,42.3],[-0.01,42.11],[0.16,41.98],[0.56,42.04],[0.72,41.91],[0.96,41.91],[1.43,42.24],[1.49,42.63],[2.21,42.5],[2.41,41.59],[2.33,41.59]]]},"properties":{"id":"territory:Emirate of Córdoba:793","name":"코르도바 토후국","name_en":"Emirate of Córdoba","actor":"기타중립","valid_from":793,"valid_to":800,"wikidata":"Q1337854","area":428051,"src":"cliopatria","confidence":"medium"}},{"type":"Feature","geometry":{"type":"Point","coordinates":[-4.055,39.499]},"properties":{"id":"territory:Emirate of Córdoba:793:label","name":"코르도바 토후국","name_en":"Emirate of Córdoba","actor":"기타중립","valid_from":793,"valid_to":800,"wikidata":"Q1337854","area":428051,"src":"cliopatria","confidence":"medium"}},{"type":"Feature","geometry":{"type":"MultiPolygon","coordinates":[[[[14.64,55.29],[14.99,55.23],[15.08,55.23],[15.07,55.02],[14.64,55.09],[14.64,55.29]]],[[[10.63,55.98],[10.63,55.77],[10.54,55.77],[10.36,55.77],[10.45,55.98],[10.63,55.98]]],[[[10.28,56.25],[10.28,55.98],[9.93,55.84],[9.93,55.7],[9.75,55.7],[9.75,55.57],[10.63,55.63],[10.63,55.5],[10.8,55.43],[10.8,55.16],[10.89,55.16],[10.8,54.82],[10.54,54.75],[10.54,55.02],[9.93,55.09],[10.01,55.02],[9.93,54.55],[8.8,54.48],[8.8,54.61],[8.53,54.82],[8.53,55.09],[8.44,55.09],[8.53,55.36],[8.35,55.5],[8.09,55.5],[8.09,55.63],[8.0,55.63],[8.08,56.11],[7.99,56.11],[7.98,56.66],[8.24,56.73],[8.15,56.87],[8.5,57.21],[9.39,57.21],[9.66,57.42],[9.66,57.56],[9.83,57.56],[9.92,57.7],[10.46,57.77],[10.55,57.28],[10.28,57.08],[10.28,56.59],[10.9,56.52],[10.81,56.18],[10.54,56.18],[10.54,56.11],[10.36,56.11],[10.37,56.25],[10.28,56.25]]],[[[17.06,68.12],[17.16,68.12],[17.15,68.05],[17.05,68.05],[17.04,67.97],[16.94,67.97],[16.94,67.89],[16.84,67.89],[16.83,67.82],[16.74,67.82],[16.74,67.89],[16.64,67.82],[16.43,67.74],[16.53,67.74],[16.53,67.67],[16.43,67.67],[16.43,67.74],[16.23,67.67],[16.32,67.52],[15.72,67.37],[13.79,65.96],[13.6,65.96],[12.9,65.44],[12.9,65.3],[12.7,65.15],[12.41,65.08],[12.5,64.93],[12.22,64.93],[12.02,64.79],[12.02,64.64],[11.73,64.49],[11.73,64.35],[11.44,64.06],[11.43,63.84],[11.34,63.84],[11.34,63.7],[11.05,63.41],[11.14,63.26],[10.95,63.26],[10.95,63.12],[10.86,63.12],[10.86,62.9],[10.76,62.9],[10.85,62.69],[10.57,62.62],[10.94,61.48],[11.21,61.19],[11.39,60.77],[11.93,60.35],[12.29,60.21],[12.48,60.28],[12.48,60.14],[12.66,60.07],[13.84,59.92],[14.2,59.78],[14.38,59.85],[14.65,59.71],[15.38,59.78],[15.65,59.71],[15.84,59.85],[16.57,59.92],[16.76,60.14],[17.13,60.21],[17.62,60.63],[17.99,60.63],[18.07,60.49],[18.61,60.42],[18.5,60.21],[18.78,60.21],[19.03,60.0],[19.01,59.71],[18.83,59.71],[18.63,59.5],[18.35,59.43],[18.41,59.09],[18.14,59.09],[17.95,58.88],[17.5,58.88],[17.49,58.74],[17.13,58.74],[17.03,58.6],[16.85,58.6],[16.84,58.46],[16.66,58.46],[16.83,58.32],[16.81,58.04],[16.63,57.9],[16.71,57.83],[16.7,57.7],[16.61,57.7],[16.69,57.42],[16.5,57.28],[16.48,56.87],[16.76,57.08],[16.86,57.35],[17.13,57.42],[17.12,57.28],[16.94,57.14],[16.92,56.94],[16.74,56.8],[16.63,56.39],[16.27,56.25],[16.28,56.52],[16.19,56.52],[16.09,56.25],[15.82,56.11],[14.77,56.18],[14.76,55.98],[14.23,55.91],[14.3,55.36],[12.81,55.36],[12.73,55.5],[12.9,55.57],[12.91,55.77],[12.56,55.98],[12.56,55.7],[12.2,55.57],[12.38,55.43],[12.37,55.23],[12.11,55.16],[12.1,54.75],[10.88,54.75],[10.97,55.02],[11.67,54.89],[11.67,55.09],[11.5,55.23],[10.97,55.29],[11.06,55.57],[10.89,55.63],[10.89,55.77],[11.24,55.84],[11.33,56.05],[11.6,56.05],[11.77,55.84],[11.86,56.11],[12.48,56.18],[12.48,56.32],[12.66,56.32],[12.57,56.52],[12.75,56.52],[12.75,56.66],[12.4,56.8],[12.41,56.94],[12.14,57.08],[12.06,57.35],[11.79,57.42],[11.71,58.11],[11.45,58.11],[11.45,58.32],[11.18,58.39],[11.1,59.16],[10.83,59.16],[10.56,59.36],[10.56,59.64],[10.37,59.5],[10.47,59.43],[10.37,59.16],[10.19,59.16],[10.01,58.95],[9.65,59.02],[9.56,58.88],[9.38,58.88],[9.38,58.74],[9.11,58.74],[9.11,58.6],[8.93,58.6],[8.67,58.32],[7.6,57.97],[6.61,58.04],[6.52,58.25],[5.97,58.32],[5.51,58.6],[5.5,59.02],[5.95,59.02],[6.03,59.36],[5.84,59.43],[5.85,59.29],[5.21,59.29],[5.28,59.78],[5.19,59.78],[5.18,60.0],[5.45,60.14],[5.26,60.28],[4.9,60.21],[4.89,60.42],[5.16,60.49],[4.95,61.05],[5.13,61.19],[5.03,61.19],[4.93,61.48],[5.2,61.62],[4.92,61.62],[4.91,61.76],[5.19,61.9],[5.08,62.26],[5.45,62.19],[5.44,62.4],[5.72,62.4],[5.73,62.19],[5.92,62.19],[5.91,62.4],[6.56,62.47],[6.64,62.76],[7.4,62.62],[7.39,62.76],[6.92,62.83],[6.92,63.05],[7.95,63.05],[7.94,63.19],[8.6,63.34],[8.6,63.41],[8.22,63.41],[8.22,63.34],[7.75,63.34],[7.84,63.55],[8.22,63.48],[8.5,63.7],[9.07,63.7],[8.98,63.48],[9.26,63.41],[9.35,63.62],[9.54,63.62],[9.54,63.91],[9.92,63.99],[9.92,64.13],[10.3,64.28],[10.3,64.42],[10.87,64.64],[11.16,64.64],[11.35,64.49],[11.44,64.57],[11.35,64.86],[11.45,64.86],[11.45,65.0],[11.74,65.08],[11.84,65.22],[12.13,65.15],[12.04,65.44],[12.13,65.44],[12.14,65.59],[12.53,65.74],[12.53,65.88],[12.34,65.88],[12.44,66.11],[12.34,66.11],[12.35,66.25],[12.64,66.25],[12.63,66.11],[12.82,66.03],[12.93,66.25],[13.12,66.25],[12.94,66.62],[13.23,66.62],[13.24,66.77],[13.63,66.77],[13.54,67.0],[13.64,67.07],[14.13,67.07],[14.44,67.3],[14.55,67.52],[14.95,67.67],[15.07,67.97],[15.36,67.97],[15.58,68.27],[15.88,68.27],[15.88,68.35],[15.09,68.42],[14.98,68.27],[14.19,68.2],[14.19,68.35],[14.4,68.5],[14.9,68.57],[14.91,68.73],[14.41,68.65],[14.52,68.88],[15.13,69.11],[15.13,69.03],[15.33,69.03],[15.32,68.8],[15.52,68.8],[15.44,69.18],[15.75,69.33],[16.15,69.33],[16.14,69.18],[15.94,69.11],[15.92,68.88],[16.62,68.88],[16.61,68.73],[17.21,68.8],[17.23,69.03],[17.33,69.03],[17.32,68.88],[17.52,68.88],[17.65,69.18],[17.04,69.11],[16.96,69.33],[16.86,69.33],[16.87,69.49],[17.89,69.64],[17.98,69.49],[18.58,69.49],[18.59,69.56],[18.19,69.56],[18.31,69.79],[18.92,69.79],[18.79,69.56],[19.38,69.41],[19.16,69.26],[18.65,69.18],[18.43,68.95],[18.02,68.88],[17.9,68.73],[18.0,68.73],[18.0,68.65],[17.29,68.5],[17.27,68.27],[17.06,68.12]],[[17.06,68.12],[16.95,68.05],[17.05,68.05],[17.06,68.12]],[[16.95,68.04],[16.85,67.97],[16.94,67.97],[16.95,68.04]],[[16.85,67.97],[16.74,67.89],[16.84,67.89],[16.85,67.97]]],[[[16.43,67.67],[16.42,67.59],[16.32,67.59],[16.33,67.67],[16.43,67.67]]],[[[12.79,67.89],[12.79,68.05],[12.89,68.05],[12.89,68.12],[13.19,68.12],[13.19,67.97],[12.79,67.89]]],[[[14.09,68.2],[13.59,68.12],[13.58,68.05],[13.39,68.05],[13.39,68.12],[13.39,68.2],[13.7,68.42],[14.1,68.42],[14.09,68.2]]],[[[19.05,57.97],[19.03,57.83],[18.84,57.7],[18.91,57.42],[18.45,57.21],[18.34,56.94],[18.08,56.94],[18.03,57.49],[18.03,57.56],[18.23,57.83],[18.6,57.97],[19.05,57.97]]],[[[16.74,67.82],[16.73,67.74],[16.63,67.74],[16.64,67.82],[16.74,67.82]]],[[[17.78,68.42],[17.68,68.42],[17.68,68.5],[17.78,68.5],[17.88,68.5],[17.88,68.42],[17.78,68.42]]],[[[18.08,68.42],[17.89,68.57],[18.2,68.65],[18.08,68.5],[18.08,68.42]]]]},"properties":{"id":"territory:Scandinavian minor kingdoms:793","name":"스칸디나비아 소왕국","name_en":"Scandinavian minor kingdoms","actor":"기타중립","valid_from":793,"valid_to":800,"wikidata":"Q1275225","area":423261,"src":"cliopatria","confidence":"medium"}},{"type":"Feature","geometry":{"type":"Point","coordinates":[11.679,60.67]},"properties":{"id":"territory:Scandinavian minor kingdoms:793:label","name":"스칸디나비아 소왕국","name_en":"Scandinavian minor kingdoms","actor":"기타중립","valid_from":793,"valid_to":800,"wikidata":"Q1275225","area":423261,"src":"cliopatria","confidence":"medium"}},{"type":"Feature","geometry":{"type":"MultiPolygon","coordinates":[[[[1.87,41.26],[1.24,41.2],[0.7,40.94],[0.71,40.68],[0.47,40.61],[0.25,40.42],[0.18,40.16],[-0.2,39.97],[-0.35,39.71],[-0.31,39.13],[0.1,38.74],[-0.66,38.29],[-0.8,38.03],[-0.7,37.64],[-1.71,37.45],[-1.62,37.32],[-1.86,37.32],[-2.06,36.8],[-2.53,36.87],[-2.68,36.74],[-4.47,36.74],[-4.69,36.55],[-5.23,36.48],[-5.29,36.22],[-5.66,36.03],[-5.83,36.22],[-6.06,36.22],[-6.33,36.67],[-6.35,36.93],[-6.59,37.0],[-6.84,37.25],[-7.47,37.25],[-7.45,37.13],[-7.68,37.0],[-8.07,37.0],[-8.31,37.13],[-8.7,37.13],[-9.0,37.0],[-8.9,37.58],[-8.82,37.58],[-8.82,38.48],[-9.21,38.42],[-9.23,38.67],[-9.38,38.61],[-9.55,38.74],[-9.57,38.93],[-9.43,39.06],[-9.39,39.45],[-9.16,39.51],[-9.1,39.77],[-9.03,39.77],[-8.74,40.87],[-8.26,40.81],[-8.12,41.07],[-7.89,41.07],[-7.82,41.2],[-7.03,41.2],[-6.63,41.26],[-6.49,41.39],[-5.29,41.39],[-5.15,41.52],[-4.75,41.52],[-3.66,41.91],[-1.91,41.91],[-1.83,41.91],[-1.48,41.46],[1.77,41.72],[1.87,41.33],[1.87,41.26]]],[[[-1.25,41.52],[-1.26,41.72],[-1.02,41.72],[-1.01,41.65],[-1.01,41.52],[-1.25,41.52]]],[[[-0.23,41.91],[-1.26,41.78],[-1.35,41.85],[-1.39,42.5],[-1.31,42.56],[-1.4,42.63],[0.72,42.04],[1.04,42.04],[1.12,42.04],[1.2,42.04],[1.2,41.98],[-0.15,41.91],[-0.23,41.91]]]]},"properties":{"id":"territory:Emirate of Córdoba:778","name":"코르도바 토후국","name_en":"Emirate of Córdoba","actor":"기타중립","valid_from":778,"valid_to":783,"wikidata":"Q1337854","area":406363,"src":"cliopatria","confidence":"medium"}},{"type":"Feature","geometry":{"type":"Point","coordinates":[-4.386,39.293]},"properties":{"id":"territory:Emirate of Córdoba:778:label","name":"코르도바 토후국","name_en":"Emirate of Córdoba","actor":"기타중립","valid_from":778,"valid_to":783,"wikidata":"Q1337854","area":406363,"src":"cliopatria","confidence":"medium"}},{"type":"Feature","geometry":{"type":"MultiPolygon","coordinates":[[[[11.83,54.66],[11.45,54.62],[10.99,54.79],[11.14,54.95],[11.56,54.82],[11.64,54.9],[11.81,54.79],[11.71,54.94],[12.1,54.89],[12.11,54.89],[12.17,54.84],[11.97,54.7],[11.97,54.56],[11.84,54.74],[11.83,54.66]]],[[[10.15,55.08],[9.68,55.49],[10.1,55.09],[10.01,55.09],[9.93,55.09],[10.01,55.02],[9.93,54.78],[9.44,54.81],[9.93,54.78],[10.04,54.62],[8.92,54.56],[8.55,54.87],[8.3,54.86],[8.29,54.74],[8.29,54.9],[8.39,55.05],[8.42,54.92],[8.66,54.91],[8.68,55.11],[8.49,55.06],[8.48,55.18],[8.69,55.16],[8.62,55.43],[8.09,55.56],[8.19,55.74],[8.13,55.98],[8.19,55.81],[8.4,55.89],[8.26,56.08],[8.14,56.11],[8.11,56.02],[8.22,56.71],[8.25,56.61],[8.74,56.49],[8.68,56.62],[9.07,56.81],[9.14,56.7],[9.06,56.57],[9.25,56.63],[9.32,56.53],[9.32,56.68],[9.17,56.67],[9.17,56.89],[9.3,57.0],[9.97,57.07],[10.31,56.98],[10.31,56.75],[9.87,56.65],[10.34,56.69],[10.19,56.47],[10.31,56.58],[10.96,56.44],[10.75,56.16],[10.62,56.23],[10.52,56.1],[10.36,56.2],[10.48,56.22],[10.45,56.29],[10.24,56.17],[10.18,55.83],[9.87,55.84],[10.04,55.82],[9.99,55.71],[9.55,55.7],[9.82,55.6],[9.69,55.5],[10.32,55.61],[10.48,55.53],[10.47,55.44],[10.62,55.61],[10.83,55.3],[10.8,55.25],[10.8,55.23],[10.88,54.95],[10.71,54.75],[10.54,54.75],[10.54,55.02],[10.36,55.08],[10.15,55.08]]],[[[12.07,54.97],[11.73,55.06],[11.73,55.2],[11.25,55.2],[11.09,55.67],[10.88,55.73],[11.21,55.7],[11.51,55.87],[11.27,55.99],[11.77,55.96],[11.67,55.81],[11.79,55.66],[11.91,55.93],[12.06,55.75],[11.94,55.65],[12.06,55.66],[12.09,55.71],[12.04,55.92],[11.85,55.96],[12.28,56.13],[12.62,56.04],[12.54,55.89],[12.6,55.7],[12.19,55.48],[12.46,55.29],[12.03,55.17],[12.18,55.12],[12.07,54.97]]],[[[10.42,55.91],[10.36,55.77],[10.36,55.84],[10.36,55.91],[10.42,55.91]]],[[[10.54,55.77],[10.36,55.77],[10.45,55.98],[10.63,55.98],[10.63,55.77],[10.54,55.77]]],[[[8.72,56.68],[8.51,56.74],[8.65,56.89],[8.91,56.95],[8.88,56.8],[8.73,56.69],[8.72,56.68]]],[[[8.58,56.69],[8.55,56.59],[8.24,56.7],[8.26,56.83],[8.62,57.12],[9.39,57.15],[9.96,57.59],[10.65,57.74],[10.43,57.59],[10.53,57.22],[10.32,56.99],[10.0,57.09],[9.12,57.05],[8.68,56.95],[8.42,56.68],[8.58,56.69]]],[[[14.75,59.86],[15.68,59.84],[16.84,60.21],[17.61,60.63],[17.69,60.5],[17.94,60.6],[18.24,60.33],[18.44,60.34],[18.6,60.24],[18.32,60.31],[18.42,60.19],[18.82,60.1],[19.07,59.89],[18.86,59.8],[19.07,59.74],[18.28,59.48],[18.33,59.4],[18.12,59.45],[18.09,59.33],[17.78,59.39],[17.82,59.59],[17.72,59.7],[17.6,59.65],[17.65,59.72],[17.59,59.8],[17.44,59.68],[17.54,59.57],[17.51,59.7],[17.61,59.73],[17.56,59.67],[17.79,59.53],[17.73,59.44],[17.38,59.65],[17.4,59.47],[16.56,59.61],[16.48,59.5],[16.03,59.49],[16.88,59.38],[16.7,59.47],[16.84,59.49],[17.37,59.25],[17.35,59.32],[17.7,59.32],[17.69,59.33],[17.61,59.42],[17.78,59.37],[17.73,59.32],[18.45,59.33],[18.48,59.44],[18.64,59.32],[18.28,59.31],[18.31,59.13],[18.02,59.04],[17.89,58.86],[17.67,59.17],[17.63,58.91],[17.35,58.75],[17.03,58.75],[17.14,58.7],[16.91,58.62],[16.19,58.63],[16.65,58.62],[16.93,58.49],[16.42,58.48],[16.77,58.37],[16.83,58.18],[16.75,58.01],[16.59,57.96],[16.64,57.89],[16.51,57.99],[16.71,57.7],[16.63,57.62],[16.69,57.48],[16.49,57.31],[16.58,57.05],[16.5,57.04],[16.38,56.7],[15.87,56.09],[15.6,56.19],[14.69,56.16],[14.74,56.01],[14.56,56.06],[14.22,55.83],[14.37,55.54],[14.16,55.38],[12.98,55.4],[12.92,55.57],[13.06,55.68],[12.46,56.3],[12.8,56.23],[12.62,56.42],[12.88,56.45],[12.92,56.58],[12.35,56.92],[12.09,57.43],[11.99,57.35],[11.9,57.42],[11.89,57.69],[11.7,57.7],[11.67,57.85],[11.88,58.2],[11.8,58.32],[11.53,58.23],[11.2,58.4],[11.23,58.84],[11.11,59.0],[11.32,59.1],[11.43,59.0],[11.35,59.11],[10.76,59.22],[10.56,59.72],[10.74,59.89],[10.47,59.84],[10.61,59.59],[10.51,59.53],[10.23,59.73],[10.4,59.6],[10.26,59.53],[10.52,59.31],[10.37,59.27],[10.23,59.04],[9.88,58.95],[9.55,59.11],[9.69,58.98],[8.13,58.1],[7.01,57.99],[6.78,58.11],[6.6,58.07],[6.76,58.24],[6.01,58.38],[5.51,58.67],[5.56,59.03],[6.17,58.83],[6.06,58.89],[6.12,58.96],[6.62,59.05],[6.16,59.0],[6.04,58.9],[5.87,59.07],[6.46,59.32],[6.13,59.26],[6.0,59.33],[6.47,59.56],[6.25,59.57],[6.15,59.45],[5.94,59.35],[5.88,59.44],[6.15,59.48],[5.81,59.47],[5.67,59.41],[5.85,59.34],[5.58,59.38],[5.52,59.28],[5.28,59.35],[5.18,59.51],[5.48,59.73],[5.46,59.52],[5.57,59.68],[6.06,59.74],[6.3,59.84],[5.98,59.75],[5.7,59.83],[5.98,59.97],[6.2,60.3],[6.63,60.41],[6.52,60.08],[6.74,60.44],[7.1,60.5],[6.98,60.51],[7.01,60.58],[6.66,60.43],[6.22,60.41],[5.75,59.99],[5.55,60.15],[5.73,60.38],[5.41,60.13],[5.14,60.36],[5.29,60.52],[5.43,60.48],[5.41,60.49],[5.36,60.52],[5.53,60.64],[5.2,60.58],[4.93,60.8],[5.43,60.63],[5.24,60.77],[5.53,60.87],[5.07,60.83],[5.01,61.04],[6.37,61.06],[6.82,61.14],[7.11,60.86],[7.16,60.94],[7.0,61.09],[7.43,61.18],[7.3,61.29],[7.56,61.47],[7.28,61.33],[7.35,61.19],[6.96,61.11],[6.58,61.21],[6.71,61.39],[6.43,61.11],[5.12,61.14],[5.05,61.16],[5.24,61.18],[4.95,61.26],[5.63,61.36],[5.05,61.32],[4.95,61.41],[5.8,61.45],[5.19,61.5],[5.27,61.56],[5.12,61.61],[5.23,61.62],[4.97,61.63],[4.98,61.74],[5.42,61.91],[6.47,61.8],[6.76,61.87],[5.43,61.94],[5.15,61.89],[5.15,61.97],[5.4,62.02],[5.08,62.18],[5.47,62.01],[5.55,62.08],[5.42,62.18],[5.85,62.2],[6.36,62.06],[5.92,62.21],[6.32,62.37],[6.53,62.11],[6.4,62.38],[6.7,62.44],[6.88,62.41],[7.0,62.26],[6.94,62.11],[7.07,62.09],[6.97,62.12],[7.03,62.27],[7.42,62.23],[6.97,62.31],[6.97,62.37],[6.79,62.48],[6.26,62.46],[6.65,62.5],[6.25,62.58],[7.09,62.65],[7.54,62.5],[7.77,62.58],[7.41,62.62],[8.14,62.69],[7.37,62.73],[7.64,62.79],[6.95,62.72],[6.95,62.93],[7.27,63.01],[7.47,62.91],[8.01,62.97],[8.55,62.65],[8.15,62.94],[7.88,63.0],[8.1,63.1],[8.53,62.85],[8.42,62.95],[8.66,62.97],[8.38,62.97],[8.16,63.12],[8.94,63.21],[8.48,63.29],[9.0,63.46],[9.23,63.35],[9.42,63.37],[9.16,63.39],[9.15,63.49],[9.65,63.62],[10.26,63.26],[10.06,63.42],[10.89,63.45],[10.76,63.51],[10.91,63.6],[10.67,63.55],[11.08,63.7],[10.95,63.51],[10.59,62.95],[10.96,61.92],[11.48,61.08],[12.11,60.6],[12.95,60.27],[14.75,59.86]],[[5.48,60.46],[5.64,60.42],[5.65,60.47],[5.48,60.46]],[[5.68,60.56],[5.72,60.67],[5.69,60.67],[5.68,60.56]]],[[[10.94,63.74],[10.05,63.5],[9.79,63.66],[10.09,63.76],[9.55,63.66],[9.63,63.81],[10.19,63.93],[9.98,63.99],[10.17,64.19],[10.65,64.36],[10.5,64.42],[10.85,64.37],[10.66,64.44],[10.97,64.6],[11.29,64.37],[11.22,64.32],[11.33,64.11],[10.58,63.8],[11.07,63.84],[10.94,63.74]]],[[[11.69,64.81],[11.73,64.88],[12.18,64.94],[11.73,64.58],[11.4,64.67],[11.84,64.79],[11.69,64.81]]],[[[10.82,64.85],[11.11,64.95],[11.26,64.89],[11.13,64.83],[11.06,64.85],[10.82,64.85]]],[[[11.25,64.86],[11.35,64.9],[12.21,65.05],[12.18,64.96],[11.71,64.88],[11.24,64.73],[11.37,64.81],[11.27,64.84],[11.7,64.9],[11.25,64.86]]],[[[10.74,64.85],[10.78,64.92],[10.79,64.92],[11.11,64.97],[10.74,64.85]]],[[[14.99,55.0],[14.68,55.1],[14.75,55.29],[15.15,55.13],[15.11,55.02],[15.01,55.0],[14.99,55.0]]],[[[12.04,65.13],[12.18,65.21],[12.31,65.1],[12.13,65.05],[12.01,65.1],[12.04,65.13]]],[[[12.26,65.58],[12.5,65.39],[12.06,65.21],[12.11,65.28],[12.12,65.3],[12.26,65.58]]],[[[13.17,65.85],[12.96,66.04],[12.67,66.06],[13.58,66.21],[13.09,65.73],[12.94,65.32],[12.39,65.14],[12.42,65.23],[12.68,65.25],[12.25,65.23],[12.54,65.38],[12.48,65.44],[12.63,65.42],[12.42,65.53],[12.35,65.64],[12.49,65.73],[12.78,65.63],[12.55,65.75],[12.83,65.97],[13.17,65.85]]],[[[12.44,65.86],[12.53,66.0],[12.55,66.01],[12.9,66.01],[12.44,65.86]]],[[[12.56,66.22],[12.66,66.1],[12.29,66.01],[12.33,66.06],[12.34,66.08],[12.56,66.22]]],[[[13.02,66.32],[13.16,66.43],[12.98,66.52],[13.21,66.51],[13.71,66.6],[13.23,66.55],[13.19,66.66],[13.54,66.63],[13.23,66.71],[13.99,66.79],[13.55,66.93],[14.59,67.03],[14.27,67.08],[14.35,67.15],[14.74,67.12],[14.58,67.2],[14.96,67.14],[15.06,67.21],[15.32,67.17],[13.91,66.29],[13.03,66.19],[13.53,66.31],[13.02,66.32]]],[[[14.26,67.13],[14.19,67.0],[14.18,67.0],[13.99,67.08],[14.26,67.13]]],[[[14.88,67.4],[14.73,67.49],[14.92,67.55],[15.15,67.54],[14.93,67.47],[15.44,67.47],[15.56,67.35],[15.41,67.24],[14.33,67.24],[14.62,67.42],[14.88,67.4]]],[[[15.65,68.05],[15.86,68.1],[16.01,68.24],[16.22,68.0],[16.5,67.95],[16.44,67.91],[16.41,67.89],[16.31,67.89],[16.35,67.84],[15.96,67.55],[15.59,67.37],[15.55,67.48],[15.89,67.56],[15.28,67.52],[15.18,67.62],[15.31,67.72],[15.65,67.68],[15.4,67.74],[15.78,67.73],[15.37,67.79],[14.73,67.65],[15.04,67.74],[14.76,67.8],[15.1,67.85],[14.92,67.88],[15.26,67.86],[15.87,67.92],[15.96,68.01],[15.29,68.03],[15.67,68.15],[15.74,68.09],[15.65,68.05]]],[[[14.94,67.93],[15.3,67.92],[14.93,67.93],[14.94,67.93]]],[[[12.83,67.86],[12.84,67.88],[13.05,68.1],[13.15,68.08],[13.14,67.96],[12.79,67.81],[12.83,67.86]]],[[[15.5,67.99],[15.92,67.99],[15.52,67.98],[15.5,67.99]]],[[[13.84,68.1],[13.45,68.06],[13.57,68.26],[14.06,68.26],[14.09,68.26],[13.84,68.1]]],[[[14.2,68.15],[14.54,68.4],[15.17,68.45],[14.78,68.26],[14.2,68.15]]],[[[16.5,68.55],[16.22,68.55],[15.93,68.37],[15.33,68.33],[15.54,68.5],[14.99,68.25],[15.33,68.48],[15.19,68.52],[15.45,68.73],[15.71,68.7],[15.45,68.76],[15.63,68.94],[15.91,68.96],[15.87,68.79],[15.99,68.75],[15.86,68.65],[15.76,68.62],[15.74,68.53],[16.2,68.86],[16.45,68.84],[16.57,68.7],[16.5,68.55]]],[[[14.63,68.83],[15.15,68.81],[15.0,68.95],[15.13,69.01],[15.38,68.85],[15.36,68.66],[15.04,68.57],[14.8,68.62],[15.15,68.75],[14.5,68.6],[14.37,68.69],[14.63,68.83]]],[[[15.42,68.9],[15.56,69.1],[15.99,69.29],[16.15,69.28],[15.87,69.03],[15.44,68.88],[15.42,68.9]]],[[[16.39,56.53],[17.1,57.35],[16.5,56.24],[16.42,56.21],[16.4,56.37],[16.39,56.53]]],[[[18.17,56.94],[18.08,56.94],[18.1,57.21],[18.01,57.21],[18.14,57.77],[18.6,57.97],[19.05,57.97],[19.03,57.83],[19.03,57.84],[19.03,57.83],[18.81,57.7],[18.71,57.24],[18.14,56.91],[18.17,56.94],[18.17,56.94]]],[[[18.94,57.78],[18.94,57.77],[18.84,57.7],[18.91,57.42],[18.74,57.35],[18.81,57.7],[18.94,57.78]]],[[[17.15,59.39],[17.07,59.46],[17.09,59.46],[17.32,59.41],[17.15,59.39]]],[[[16.34,68.07],[16.46,68.21],[16.11,68.27],[16.52,68.25],[16.8,68.13],[16.47,68.29],[16.22,68.35],[17.13,68.37],[17.19,68.34],[16.72,68.0],[16.52,67.97],[16.37,68.03],[16.72,68.07],[16.34,68.07]]],[[[16.1,68.4],[16.24,68.52],[16.46,68.47],[16.31,68.41],[16.3,68.41],[16.1,68.4]]],[[[16.81,68.73],[17.0,68.85],[17.14,68.76],[17.03,68.75],[17.01,68.75],[16.81,68.73]]],[[[17.09,68.91],[17.44,68.86],[17.17,68.82],[17.14,68.85],[17.09,68.91]]],[[[16.61,68.94],[16.38,68.91],[16.32,68.93],[16.26,68.97],[16.61,68.94]]],[[[16.5,68.44],[16.47,68.51],[16.97,68.7],[17.67,68.66],[17.24,68.75],[17.79,68.76],[17.47,68.83],[17.84,68.87],[17.72,68.93],[17.43,68.9],[17.51,69.01],[17.67,68.96],[17.69,69.11],[18.15,69.15],[18.0,69.28],[18.26,69.49],[18.54,69.3],[18.87,69.32],[18.93,69.3],[18.01,68.9],[18.04,68.79],[17.51,68.52],[17.06,68.43],[16.5,68.44]]],[[[17.13,69.08],[16.77,69.07],[17.17,69.2],[16.88,69.22],[17.14,69.25],[16.9,69.3],[17.1,69.32],[16.94,69.39],[17.48,69.42],[17.19,69.49],[17.59,69.46],[17.47,69.6],[17.69,69.51],[17.66,69.6],[17.84,69.59],[18.09,69.42],[17.88,69.24],[18.0,69.19],[17.52,69.19],[17.09,69.0],[17.13,69.08]]],[[[18.68,69.36],[18.46,69.45],[18.47,69.51],[18.85,69.55],[19.13,69.35],[18.76,69.35],[18.68,69.36]]],[[[19.13,69.72],[19.55,69.55],[19.6,69.47],[19.16,69.38],[19.0,69.51],[19.23,69.56],[18.94,69.61],[19.13,69.72]]],[[[18.35,69.73],[18.39,69.79],[18.76,69.68],[18.69,69.88],[19.06,69.79],[18.82,69.62],[18.74,69.56],[18.0,69.59],[18.27,69.62],[18.2,69.71],[18.63,69.69],[18.35,69.73]]]]},"properties":{"id":"territory:Scandinavian minor kingdoms:523","name":"스칸디나비아 소왕국","name_en":"Scandinavian minor kingdoms","actor":"기타중립","valid_from":523,"valid_to":793,"wikidata":"Q1275225","area":382453,"src":"cliopatria","confidence":"medium"}},{"type":"Feature","geometry":{"type":"Point","coordinates":[11.275,59.611]},"properties":{"id":"territory:Scandinavian minor kingdoms:523:label","name":"스칸디나비아 소왕국","name_en":"Scandinavian minor kingdoms","actor":"기타중립","valid_from":523,"valid_to":793,"wikidata":"Q1275225","area":382453,"src":"cliopatria","confidence":"medium"}},{"type":"Feature","geometry":{"type":"MultiPolygon","coordinates":[[[[6.6,43.28],[6.28,43.15],[5.8,43.15],[5.63,43.28],[5.39,43.28],[5.39,43.41],[5.06,43.47],[4.18,43.47],[4.17,43.6],[4.09,43.6],[4.24,44.06],[4.64,44.19],[4.39,44.39],[4.31,44.39],[4.22,44.39],[4.22,44.45],[4.14,44.45],[4.14,44.52],[4.06,44.52],[3.97,44.78],[4.36,45.1],[4.35,45.3],[3.86,45.43],[3.59,46.02],[3.42,46.09],[3.33,46.35],[3.08,46.48],[3.23,46.74],[2.8,47.01],[2.79,47.2],[2.62,47.4],[3.52,47.6],[3.59,47.86],[3.67,47.86],[3.73,48.32],[4.88,48.72],[4.87,48.99],[4.43,49.38],[4.33,49.78],[4.33,49.85],[4.32,49.98],[3.98,50.05],[1.97,50.11],[1.45,50.25],[1.45,50.31],[1.42,50.71],[1.66,51.05],[2.58,51.18],[3.16,51.45],[3.75,51.45],[3.41,51.51],[3.4,51.65],[3.74,51.65],[3.65,51.78],[3.82,51.78],[3.81,51.92],[3.98,51.92],[3.97,52.05],[4.22,52.18],[4.22,52.32],[4.46,52.52],[4.53,52.86],[4.87,52.99],[4.88,52.79],[5.06,52.65],[5.14,52.79],[5.39,52.86],[5.39,52.92],[5.56,52.92],[5.65,52.65],[6.34,52.79],[6.33,53.06],[6.5,53.12],[7.02,52.92],[6.95,52.25],[6.7,52.05],[6.61,52.05],[6.61,51.98],[6.7,51.98],[7.3,51.71],[7.39,51.45],[7.65,51.31],[7.65,51.18],[8.34,50.71],[8.84,51.05],[10.1,51.45],[10.27,51.65],[10.53,51.65],[10.87,51.92],[11.55,51.78],[11.55,51.71],[11.29,51.38],[11.46,51.25],[12.05,51.11],[12.3,50.65],[12.04,50.58],[12.04,50.31],[11.87,50.25],[11.87,50.11],[11.28,49.91],[11.28,49.78],[11.03,49.65],[10.86,49.25],[10.53,49.25],[10.53,49.32],[9.44,49.58],[9.52,49.98],[9.35,50.11],[9.35,50.25],[9.18,50.25],[8.84,50.51],[8.43,50.31],[8.35,49.98],[8.26,49.98],[8.27,49.65],[8.35,49.65],[8.28,49.18],[8.11,49.05],[8.12,48.85],[7.71,48.52],[7.63,47.99],[7.55,47.99],[7.56,47.6],[7.32,47.4],[7.48,47.27],[8.23,47.14],[8.39,46.94],[9.55,46.87],[9.38,46.68],[9.39,46.48],[9.14,46.15],[8.24,46.15],[7.43,45.89],[6.94,45.96],[6.78,45.82],[6.78,45.69],[7.11,45.5],[7.12,45.3],[6.63,45.1],[6.64,44.97],[6.97,44.84],[6.9,44.32],[7.3,44.12],[7.63,44.19],[7.55,43.8],[7.47,43.8],[6.67,43.47],[6.6,43.28]]],[[[12.04,50.25],[12.04,50.31],[12.12,50.31],[12.12,50.25],[12.04,50.25]]]]},"properties":{"id":"territory:Kingdom of the Franks:724","name":"프랑크 왕국","name_en":"Kingdom of the Franks","actor":"게르만","valid_from":724,"valid_to":732,"wikidata":"Q146246","area":362440,"src":"cliopatria","confidence":"medium"}},{"type":"Feature","geometry":{"type":"Point","coordinates":[6.254,48.595]},"properties":{"id":"territory:Kingdom of the Franks:724:label","name":"프랑크 왕국","name_en":"Kingdom of the Franks","actor":"게르만","valid_from":724,"valid_to":732,"wikidata":"Q146246","area":362440,"src":"cliopatria","confidence":"medium"}},{"type":"Feature","geometry":{"type":"Polygon","coordinates":[[[71.52,36.8],[71.42,37.0],[71.57,37.84],[71.27,37.9],[71.3,38.29],[71.18,38.42],[70.71,38.42],[70.21,38.03],[70.16,37.84],[70.27,37.64],[70.08,37.51],[69.55,37.58],[69.35,37.13],[69.12,37.13],[69.01,37.32],[68.78,37.32],[68.15,37.0],[67.92,37.0],[67.57,36.87],[67.09,36.48],[66.37,35.07],[65.93,34.49],[64.56,33.84],[64.36,33.59],[64.25,33.07],[64.33,33.07],[64.28,32.81],[64.36,32.81],[64.2,32.43],[64.28,32.43],[64.25,31.46],[64.59,30.82],[65.63,30.69],[66.34,30.44],[67.17,30.37],[67.18,30.44],[67.56,31.27],[68.34,31.34],[69.09,31.66],[69.29,31.91],[69.34,32.49],[69.55,32.75],[69.54,33.07],[70.26,33.2],[70.32,33.46],[70.18,33.52],[70.21,33.65],[69.93,33.78],[69.99,34.04],[70.73,33.91],[71.19,34.23],[71.16,34.42],[71.02,34.49],[71.05,34.61],[71.51,34.94],[71.68,35.32],[71.61,35.32],[71.66,35.52],[71.52,35.58],[71.55,35.71],[71.23,35.97],[71.28,36.16],[71.58,36.42],[71.98,36.48],[72.19,36.67],[72.27,36.67],[72.34,36.93],[71.89,36.74],[71.6,36.8],[71.52,36.8]]]},"properties":{"id":"territory:Turk Shahis:692","name":"Turk Shahis","name_en":"Turk Shahis","actor":"기타중립","valid_from":692,"valid_to":718,"wikidata":"Q654380","area":339517,"src":"cliopatria","confidence":"medium"}},{"type":"Feature","geometry":{"type":"Point","coordinates":[68.034,34.138]},"properties":{"id":"territory:Turk Shahis:692:label","name":"Turk Shahis","name_en":"Turk Shahis","actor":"기타중립","valid_from":692,"valid_to":718,"wikidata":"Q654380","area":339517,"src":"cliopatria","confidence":"medium"}},{"type":"Feature","geometry":{"type":"Polygon","coordinates":[[[71.37,36.22],[72.19,36.67],[72.27,36.67],[72.34,36.93],[71.89,36.74],[71.58,36.74],[71.48,36.93],[70.24,36.67],[69.0,36.67],[68.6,36.61],[68.49,36.48],[67.8,36.55],[67.07,36.42],[66.9,36.03],[66.72,35.9],[66.37,35.07],[65.93,34.49],[64.74,33.97],[64.36,33.59],[64.25,33.07],[64.33,33.07],[64.28,32.81],[64.36,32.81],[64.22,32.49],[64.21,32.04],[64.28,32.04],[64.25,31.46],[64.33,31.46],[64.46,30.95],[64.59,30.82],[65.63,30.69],[66.34,30.44],[67.17,30.37],[67.18,30.44],[67.56,31.27],[68.34,31.34],[69.09,31.66],[69.29,31.91],[69.34,32.49],[69.55,32.75],[69.54,33.07],[70.26,33.2],[70.32,33.46],[70.18,33.52],[70.21,33.65],[69.93,33.78],[69.99,34.04],[70.73,33.91],[71.19,34.23],[71.16,34.42],[71.02,34.49],[71.05,34.61],[71.51,34.94],[71.68,35.32],[71.61,35.32],[71.66,35.52],[71.52,35.58],[71.55,35.71],[71.23,35.97],[71.35,36.16],[71.37,36.22]]]},"properties":{"id":"territory:Turk Shahis:718","name":"Turk Shahis","name_en":"Turk Shahis","actor":"기타중립","valid_from":718,"valid_to":850,"wikidata":"Q654380","area":304553,"src":"cliopatria","confidence":"medium"}},{"type":"Feature","geometry":{"type":"Point","coordinates":[67.798,33.757]},"properties":{"id":"territory:Turk Shahis:718:label","name":"Turk Shahis","name_en":"Turk Shahis","actor":"기타중립","valid_from":718,"valid_to":850,"wikidata":"Q654380","area":304553,"src":"cliopatria","confidence":"medium"}},{"type":"Feature","geometry":{"type":"Polygon","coordinates":[[[19.37,47.8],[18.87,47.8],[18.8,47.93],[18.63,47.8],[17.63,47.8],[17.07,48.06],[17.07,48.19],[16.99,48.13],[16.9,48.13],[16.4,47.93],[16.3,47.53],[16.14,47.53],[16.13,47.14],[16.21,47.14],[16.2,46.94],[16.44,46.74],[16.44,46.61],[16.1,46.35],[15.6,46.22],[15.68,45.96],[15.51,45.89],[15.43,45.89],[15.18,45.76],[15.34,45.63],[15.26,45.56],[15.34,45.37],[15.33,45.3],[15.57,45.1],[15.98,45.1],[16.7,44.84],[16.7,44.91],[17.35,44.91],[17.52,45.04],[17.76,44.97],[17.93,45.1],[18.5,45.1],[18.74,45.04],[18.81,44.84],[19.62,44.91],[19.62,44.78],[20.02,44.71],[20.11,44.97],[20.37,45.17],[20.53,45.1],[20.44,44.97],[20.67,44.71],[21.41,44.84],[21.64,44.65],[21.88,44.65],[21.87,44.52],[22.03,44.45],[22.11,44.45],[22.37,44.65],[24.23,44.71],[24.33,44.84],[24.73,44.78],[26.45,45.04],[26.46,45.1],[26.47,45.24],[26.23,45.3],[26.19,45.69],[25.95,45.76],[25.9,46.09],[25.99,46.15],[25.75,46.28],[25.71,46.68],[25.41,47.01],[25.51,47.2],[25.19,47.33],[25.21,47.47],[24.89,47.66],[24.99,47.8],[24.82,47.8],[24.67,47.99],[23.68,47.99],[23.11,48.13],[22.68,47.93],[22.58,47.6],[22.32,47.53],[22.17,47.66],[21.99,47.53],[21.58,47.53],[21.52,47.8],[20.54,47.99],[19.86,47.66],[19.53,47.66],[19.45,47.8],[19.37,47.8]]]},"properties":{"id":"territory:Avar Khaganate:750","name":"아바르 칸국","name_en":"Avar Khaganate","actor":"기타중립","valid_from":750,"valid_to":788,"wikidata":"Q68962","area":254603,"src":"cliopatria","confidence":"medium"}},{"type":"Feature","geometry":{"type":"Point","coordinates":[20.909,46.286]},"properties":{"id":"territory:Avar Khaganate:750:label","name":"아바르 칸국","name_en":"Avar Khaganate","actor":"기타중립","valid_from":750,"valid_to":788,"wikidata":"Q68962","area":254603,"src":"cliopatria","confidence":"medium"}},{"type":"Feature","geometry":{"type":"Polygon","coordinates":[[[19.37,47.8],[18.87,47.8],[18.8,47.93],[18.63,47.8],[17.63,47.8],[17.07,48.06],[17.07,48.19],[16.99,48.13],[16.9,48.13],[16.48,47.93],[16.4,47.93],[16.3,47.53],[16.14,47.53],[16.13,47.14],[16.21,47.14],[16.2,46.94],[16.44,46.74],[16.44,46.61],[16.1,46.35],[15.6,46.22],[15.68,45.96],[15.51,45.89],[15.43,45.89],[15.18,45.76],[15.34,45.63],[15.26,45.56],[15.34,45.37],[15.33,45.3],[15.57,45.1],[15.98,45.1],[16.7,44.84],[16.7,44.91],[17.35,44.91],[17.52,45.04],[17.76,44.97],[17.93,45.1],[18.5,45.1],[18.74,45.04],[18.81,44.84],[19.62,44.91],[19.62,44.78],[20.02,44.71],[20.11,44.97],[20.37,45.17],[20.53,45.1],[20.44,44.97],[20.67,44.71],[21.41,44.84],[21.64,44.65],[21.88,44.65],[21.87,44.52],[22.03,44.45],[22.11,44.45],[22.37,44.65],[24.23,44.71],[24.33,44.84],[24.73,44.78],[26.45,45.04],[26.46,45.1],[26.47,45.24],[26.23,45.3],[26.19,45.69],[25.95,45.76],[25.9,46.09],[25.99,46.15],[25.75,46.28],[25.71,46.68],[25.41,47.01],[25.51,47.2],[25.19,47.33],[25.21,47.47],[24.89,47.66],[24.99,47.8],[24.82,47.8],[24.67,47.99],[23.68,47.99],[23.11,48.13],[22.68,47.93],[22.58,47.6],[22.32,47.53],[22.17,47.66],[21.99,47.53],[21.58,47.53],[21.52,47.8],[20.54,47.99],[19.86,47.66],[19.53,47.66],[19.45,47.8],[19.37,47.8]]]},"properties":{"id":"territory:Avar Khaganate:741","name":"아바르 칸국","name_en":"Avar Khaganate","actor":"기타중립","valid_from":741,"valid_to":750,"wikidata":"Q68962","area":254535,"src":"cliopatria","confidence":"medium"}},{"type":"Feature","geometry":{"type":"Point","coordinates":[20.91,46.285]},"properties":{"id":"territory:Avar Khaganate:741:label","name":"아바르 칸국","name_en":"Avar Khaganate","actor":"기타중립","valid_from":741,"valid_to":750,"wikidata":"Q68962","area":254535,"src":"cliopatria","confidence":"medium"}},{"type":"Feature","geometry":{"type":"Polygon","coordinates":[[[25.28,47.33],[24.89,47.66],[24.99,47.8],[24.82,47.8],[24.67,47.99],[23.68,47.99],[23.28,48.13],[22.77,47.99],[22.6,47.86],[22.67,47.8],[22.58,47.6],[22.32,47.53],[22.17,47.66],[21.99,47.53],[21.58,47.53],[21.52,47.8],[20.54,47.99],[19.86,47.66],[19.53,47.66],[19.45,47.8],[18.87,47.8],[18.8,47.93],[18.63,47.8],[17.63,47.8],[17.15,48.06],[17.07,48.06],[16.49,47.99],[16.32,47.86],[16.3,47.53],[16.14,47.53],[16.13,47.14],[16.21,47.14],[16.2,46.94],[16.44,46.74],[16.44,46.61],[16.1,46.35],[15.6,46.22],[15.68,45.96],[15.26,45.76],[15.34,45.43],[15.42,45.43],[15.33,45.3],[15.57,45.1],[15.98,45.1],[16.14,44.97],[16.46,44.97],[16.54,44.84],[16.78,44.91],[16.86,44.91],[18.5,45.1],[18.74,45.04],[18.81,44.84],[19.62,44.91],[19.62,44.78],[20.02,44.71],[20.11,44.97],[20.37,45.17],[20.53,45.1],[20.44,44.97],[20.67,44.71],[21.41,44.84],[21.64,44.65],[21.88,44.65],[21.87,44.52],[22.03,44.45],[22.11,44.45],[22.37,44.65],[24.23,44.71],[24.33,44.84],[24.73,44.78],[26.45,45.04],[26.46,45.1],[26.47,45.24],[26.23,45.3],[26.19,45.69],[25.95,45.76],[25.9,46.09],[25.99,46.15],[25.75,46.28],[25.71,46.68],[25.41,47.01],[25.51,47.2],[25.27,47.27],[25.28,47.33]]]},"properties":{"id":"territory:Avar Khaganate:788","name":"아바르 칸국","name_en":"Avar Khaganate","actor":"기타중립","valid_from":788,"valid_to":793,"wikidata":"Q68962","area":254513,"src":"cliopatria","confidence":"medium"}},{"type":"Feature","geometry":{"type":"Point","coordinates":[20.911,46.285]},"properties":{"id":"territory:Avar Khaganate:788:label","name":"아바르 칸국","name_en":"Avar Khaganate","actor":"기타중립","valid_from":788,"valid_to":793,"wikidata":"Q68962","area":254513,"src":"cliopatria","confidence":"medium"}},{"type":"Feature","geometry":{"type":"Polygon","coordinates":[[[10.85,35.64],[11.08,35.58],[11.08,35.39],[11.01,35.39],[11.08,35.0],[10.85,34.94],[10.85,34.81],[10.54,34.55],[10.0,34.29],[10.08,34.23],[10.01,33.91],[10.24,33.71],[10.54,33.71],[10.7,33.52],[11.08,33.59],[11.16,33.2],[11.46,33.2],[12.23,32.81],[12.61,32.88],[12.53,32.75],[12.84,32.75],[12.84,32.88],[13.3,32.94],[13.45,32.81],[13.76,32.88],[13.76,32.75],[14.07,32.75],[14.44,32.49],[14.67,32.56],[14.75,32.43],[15.06,32.43],[15.28,32.3],[15.42,31.66],[15.58,31.59],[15.65,31.4],[16.18,31.21],[17.47,31.08],[18.22,30.76],[18.59,30.37],[18.9,30.37],[18.89,30.31],[18.81,29.79],[18.73,29.79],[18.72,29.54],[18.87,29.34],[18.71,29.15],[18.71,29.09],[18.04,29.34],[17.82,29.67],[17.44,29.86],[16.16,30.12],[15.1,30.56],[14.88,30.95],[14.36,31.46],[13.98,31.79],[13.37,32.04],[13.22,32.04],[13.22,31.91],[12.99,31.98],[12.45,31.85],[11.77,32.17],[11.54,32.11],[11.46,32.3],[11.08,32.24],[11.16,32.43],[10.09,32.88],[9.86,32.81],[9.7,33.14],[9.24,33.52],[9.16,34.1],[8.31,34.29],[8.08,34.23],[8.0,34.42],[7.61,34.55],[7.15,34.49],[6.92,34.61],[6.46,34.55],[6.15,34.68],[5.3,34.61],[5.36,35.64],[5.28,35.64],[5.34,36.1],[5.27,36.16],[5.42,36.35],[5.33,36.74],[5.56,36.67],[5.64,36.8],[6.11,36.8],[6.1,36.93],[6.33,37.06],[6.8,36.87],[7.19,36.87],[7.35,37.06],[7.66,37.0],[7.74,36.87],[8.52,36.87],[8.9,37.13],[9.06,37.06],[9.6,37.32],[9.99,37.19],[10.23,37.25],[10.23,37.06],[10.31,37.06],[10.23,36.8],[10.54,36.74],[10.85,37.0],[11.01,37.0],[11.01,36.8],[10.46,36.42],[10.54,36.35],[10.46,35.9],[10.85,35.71],[10.85,35.64]]]},"properties":{"id":"territory:Fihrids:750","name":"Fihrids","name_en":"Fihrids","actor":"기타중립","valid_from":750,"valid_to":751,"wikidata":"Q5448100","area":251323,"src":"cliopatria","confidence":"medium"}},{"type":"Feature","geometry":{"type":"Polygon","coordinates":[[[10.85,35.64],[11.08,35.58],[11.08,35.39],[11.01,35.39],[11.08,35.0],[10.85,34.94],[10.85,34.81],[10.54,34.55],[10.0,34.29],[10.08,34.23],[10.01,33.91],[10.24,33.71],[10.54,33.71],[10.7,33.52],[11.08,33.59],[11.16,33.2],[11.46,33.2],[12.23,32.81],[12.61,32.88],[12.53,32.75],[12.84,32.75],[12.84,32.88],[13.3,32.94],[13.45,32.81],[13.76,32.88],[13.76,32.75],[14.07,32.75],[14.44,32.49],[14.67,32.56],[14.75,32.43],[15.06,32.43],[15.28,32.3],[15.42,31.66],[15.58,31.59],[15.65,31.4],[16.18,31.21],[17.47,31.08],[18.22,30.76],[18.59,30.37],[18.9,30.37],[18.89,30.31],[18.81,29.79],[18.73,29.79],[18.72,29.54],[18.87,29.34],[18.71,29.15],[18.71,29.09],[18.04,29.34],[17.82,29.67],[17.44,29.86],[16.16,30.12],[15.1,30.56],[14.88,30.95],[14.36,31.46],[13.98,31.79],[13.37,32.04],[13.22,32.04],[13.22,31.91],[12.99,31.98],[12.45,31.85],[11.77,32.17],[11.54,32.11],[11.46,32.3],[11.08,32.24],[11.16,32.43],[10.09,32.88],[9.86,32.81],[9.7,33.14],[9.24,33.52],[9.16,34.1],[8.31,34.29],[8.08,34.23],[8.0,34.42],[7.61,34.55],[7.15,34.49],[6.92,34.61],[6.46,34.55],[6.15,34.68],[5.3,34.61],[5.36,35.64],[5.28,35.64],[5.34,36.1],[5.27,36.16],[5.42,36.35],[5.33,36.74],[5.56,36.67],[5.64,36.8],[6.11,36.8],[6.1,36.93],[6.33,37.06],[6.8,36.87],[7.19,36.87],[7.35,37.06],[7.66,37.0],[7.74,36.87],[8.52,36.87],[8.9,37.13],[9.06,37.06],[9.6,37.32],[9.99,37.19],[10.23,37.25],[10.23,37.06],[10.31,37.06],[10.23,36.8],[10.54,36.74],[10.85,37.0],[11.01,37.0],[11.01,36.8],[10.46,36.42],[10.54,36.35],[10.46,35.9],[10.85,35.71],[10.85,35.64]]]},"properties":{"id":"territory:Fihrids:755","name":"Fihrids","name_en":"Fihrids","actor":"기타중립","valid_from":755,"valid_to":757,"wikidata":"Q5448100","area":251323,"src":"cliopatria","confidence":"medium"}},{"type":"Feature","geometry":{"type":"Point","coordinates":[10.858,33.955]},"properties":{"id":"territory:Fihrids:750:label","name":"Fihrids","name_en":"Fihrids","actor":"기타중립","valid_from":750,"valid_to":751,"wikidata":"Q5448100","area":251323,"src":"cliopatria","confidence":"medium"}},{"type":"Feature","geometry":{"type":"Point","coordinates":[10.858,33.955]},"properties":{"id":"territory:Fihrids:755:label","name":"Fihrids","name_en":"Fihrids","actor":"기타중립","valid_from":755,"valid_to":757,"wikidata":"Q5448100","area":251323,"src":"cliopatria","confidence":"medium"}},{"type":"Feature","geometry":{"type":"MultiPolygon","coordinates":[[[[11.61,32.11],[11.54,32.11],[11.54,32.17],[11.61,32.17],[11.61,32.11]]],[[[11.08,35.58],[11.08,35.39],[11.01,35.39],[11.08,35.0],[10.85,34.94],[10.85,34.81],[10.54,34.55],[10.0,34.29],[10.08,34.23],[10.01,33.91],[10.24,33.71],[10.54,33.71],[10.7,33.52],[11.08,33.59],[11.16,33.2],[11.46,33.2],[12.23,32.81],[12.61,32.88],[12.53,32.75],[12.84,32.75],[12.84,32.88],[13.3,32.94],[13.45,32.81],[13.76,32.88],[13.76,32.75],[14.07,32.75],[14.44,32.49],[14.67,32.56],[14.75,32.43],[15.06,32.43],[15.28,32.3],[15.42,31.66],[15.58,31.59],[15.65,31.4],[16.18,31.21],[17.47,31.08],[18.22,30.76],[18.59,30.37],[18.9,30.37],[18.89,30.31],[18.81,29.79],[18.73,29.79],[18.72,29.54],[18.87,29.34],[18.71,29.15],[18.71,29.09],[18.04,29.34],[17.82,29.67],[17.44,29.86],[16.16,30.12],[15.1,30.56],[14.88,30.95],[14.36,31.46],[13.98,31.79],[13.37,32.04],[13.22,32.04],[13.22,31.91],[12.99,31.98],[12.45,31.85],[12.15,32.04],[11.61,32.17],[11.54,32.3],[11.08,32.24],[11.16,32.43],[10.09,32.88],[9.86,32.81],[9.7,33.14],[9.24,33.52],[9.16,34.1],[8.31,34.29],[8.08,34.23],[8.0,34.42],[7.61,34.55],[7.15,34.49],[6.92,34.61],[6.46,34.55],[6.15,34.68],[5.3,34.61],[5.29,35.13],[5.37,35.13],[5.36,35.52],[5.44,35.52],[5.43,35.64],[5.28,35.64],[5.34,36.1],[5.27,36.16],[5.42,36.35],[5.33,36.74],[5.56,36.67],[5.64,36.8],[6.11,36.8],[6.1,36.93],[6.33,37.06],[6.8,36.87],[7.19,36.87],[7.35,37.06],[7.66,37.0],[7.74,36.87],[8.52,36.87],[8.9,37.13],[9.06,37.06],[9.6,37.32],[9.99,37.19],[10.23,37.25],[10.23,37.06],[10.31,37.06],[10.23,36.8],[10.54,36.74],[10.85,37.0],[11.01,37.0],[11.01,36.8],[10.46,36.42],[10.54,36.35],[10.46,35.9],[10.85,35.71],[10.85,35.64],[11.08,35.58]]]]},"properties":{"id":"territory:Kharijites:757","name":"Kharijites","name_en":"Kharijites","actor":"기타중립","valid_from":757,"valid_to":763,"wikidata":"Q189570","area":251017,"src":"cliopatria","confidence":"medium"}},{"type":"Feature","geometry":{"type":"Point","coordinates":[10.859,33.956]},"properties":{"id":"territory:Kharijites:757:label","name":"Kharijites","name_en":"Kharijites","actor":"기타중립","valid_from":757,"valid_to":763,"wikidata":"Q189570","area":251017,"src":"cliopatria","confidence":"medium"}},{"type":"Feature","geometry":{"type":"MultiPolygon","coordinates":[[[[22.78,41.26],[22.61,41.13],[22.05,41.13],[22.23,41.39],[21.76,41.52],[21.85,41.65],[21.77,41.78],[21.62,41.91],[21.46,41.85],[21.55,42.04],[21.32,42.24],[21.97,42.37],[21.88,42.24],[22.03,42.04],[22.35,42.04],[22.26,41.91],[22.5,41.91],[22.64,41.65],[23.04,41.59],[22.94,41.33],[22.78,41.33],[22.78,41.26]]],[[[19.45,47.8],[19.53,47.66],[19.86,47.66],[20.54,47.99],[21.52,47.8],[21.58,47.53],[21.99,47.53],[22.17,47.66],[22.32,47.53],[22.58,47.6],[22.68,47.93],[23.11,48.13],[23.68,47.99],[24.67,47.99],[24.82,47.8],[24.99,47.8],[24.89,47.66],[25.21,47.47],[25.19,47.33],[25.51,47.2],[25.41,47.01],[25.71,46.68],[25.75,46.28],[25.99,46.15],[25.9,46.09],[25.95,45.76],[26.19,45.69],[26.23,45.3],[26.47,45.24],[26.46,45.1],[26.45,45.04],[24.73,44.78],[24.33,44.84],[24.23,44.71],[22.37,44.65],[22.11,44.45],[22.03,44.45],[21.87,44.52],[21.88,44.65],[21.64,44.65],[21.41,44.84],[20.67,44.71],[20.44,44.97],[20.53,45.1],[20.37,45.17],[20.11,44.97],[20.02,44.71],[19.62,44.78],[19.62,44.91],[19.06,44.91],[19.06,45.04],[18.83,45.24],[18.18,45.24],[17.78,45.5],[17.38,45.56],[17.38,45.69],[17.15,45.89],[16.66,46.09],[16.67,46.22],[16.42,46.15],[16.51,46.28],[16.34,46.28],[16.27,46.41],[16.18,46.41],[16.44,46.61],[16.44,46.74],[16.2,46.94],[16.21,47.14],[16.13,47.14],[16.14,47.53],[16.3,47.53],[16.4,47.93],[16.48,47.93],[16.9,48.13],[16.99,48.13],[17.07,48.19],[17.07,48.06],[17.63,47.8],[18.63,47.8],[18.8,47.93],[18.87,47.8],[19.37,47.8],[19.45,47.8]]]]},"properties":{"id":"territory:Avar Khaganate:682","name":"아바르 칸국","name_en":"Avar Khaganate","actor":"기타중립","valid_from":682,"valid_to":741,"wikidata":"Q68962","area":238628,"src":"cliopatria","confidence":"medium"}},{"type":"Feature","geometry":{"type":"Point","coordinates":[21.35,46.367]},"properties":{"id":"territory:Avar Khaganate:682:label","name":"아바르 칸국","name_en":"Avar Khaganate","actor":"기타중립","valid_from":682,"valid_to":741,"wikidata":"Q68962","area":238628,"src":"cliopatria","confidence":"medium"}},{"type":"Feature","geometry":{"type":"MultiPolygon","coordinates":[[[[9.33,43.02],[9.49,43.02],[9.49,42.76],[9.57,42.76],[9.58,41.98],[9.5,41.98],[9.5,41.78],[9.26,41.39],[9.1,41.33],[8.78,41.52],[8.78,41.72],[8.62,41.72],[8.7,41.91],[8.54,42.11],[8.53,42.5],[8.77,42.69],[9.17,42.76],[9.25,43.02],[9.33,43.02]]],[[[10.46,42.89],[10.46,42.69],[10.21,42.69],[10.13,42.89],[10.21,42.89],[10.46,42.89]]],[[[14.2,45.69],[14.28,45.37],[14.2,45.37],[14.19,45.04],[14.03,45.04],[13.95,45.04],[13.63,45.5],[13.71,45.5],[13.71,45.76],[13.14,45.82],[13.06,45.69],[12.98,45.82],[12.82,45.82],[12.74,45.82],[12.16,45.69],[12.0,45.56],[12.0,45.37],[12.16,45.37],[12.16,45.3],[12.16,45.17],[12.4,45.04],[12.4,44.78],[12.16,44.84],[12.15,44.45],[12.31,44.19],[12.87,43.8],[13.04,43.86],[13.03,43.73],[13.36,43.67],[13.67,43.41],[13.75,43.08],[13.99,42.95],[13.9,42.76],[14.06,42.5],[14.61,42.11],[14.77,42.17],[14.77,42.04],[14.92,41.98],[15.17,42.04],[15.24,41.91],[16.12,41.91],[16.11,41.78],[15.87,41.72],[15.94,41.39],[16.73,41.2],[17.67,40.74],[17.5,40.55],[16.87,40.48],[16.94,40.36],[16.62,40.29],[16.7,40.1],[16.46,39.97],[16.45,39.77],[16.45,39.71],[15.9,39.71],[15.9,39.77],[15.67,39.9],[15.75,40.03],[15.43,40.03],[14.96,40.29],[14.97,40.61],[14.81,40.68],[14.73,40.68],[14.74,40.81],[14.58,40.81],[14.5,41.0],[14.03,41.0],[13.95,41.0],[13.95,41.13],[13.79,41.13],[13.71,41.26],[13.4,41.26],[13.4,41.33],[13.87,41.33],[14.04,41.59],[13.8,41.85],[13.41,41.85],[12.93,42.17],[12.53,42.04],[12.37,42.11],[12.46,42.43],[12.3,42.56],[12.3,43.08],[12.14,43.08],[12.22,43.41],[11.82,43.34],[12.06,42.95],[11.98,42.56],[12.14,42.5],[12.13,42.37],[12.05,42.24],[11.73,42.24],[11.73,42.3],[11.26,42.43],[11.18,42.63],[11.02,42.63],[11.02,42.82],[10.54,43.08],[10.21,43.99],[9.89,43.99],[9.97,44.12],[9.73,44.12],[9.16,44.45],[8.43,44.39],[8.03,43.93],[7.63,43.8],[7.55,43.8],[7.63,44.19],[7.3,44.12],[6.98,44.25],[6.89,44.65],[6.97,44.65],[6.97,44.84],[6.64,44.97],[6.71,45.17],[7.12,45.3],[7.11,45.5],[6.78,45.69],[6.78,45.82],[6.94,45.96],[7.84,45.96],[8.24,46.15],[9.14,46.15],[9.39,46.48],[9.55,46.35],[10.04,46.28],[10.12,46.41],[10.04,46.41],[10.04,46.61],[10.37,46.61],[10.53,46.41],[11.52,46.41],[11.93,46.48],[12.09,46.68],[13.73,46.48],[13.73,46.41],[13.81,46.41],[13.81,46.28],[14.05,46.22],[14.13,45.89],[14.21,45.89],[14.12,45.76],[14.12,45.69],[14.2,45.69]]]]},"properties":{"id":"territory:Kingdom of Italy:755","name":"Kingdom of Italy","name_en":"Kingdom of Italy","actor":"기타중립","valid_from":755,"valid_to":757,"wikidata":"Q172579","area":219476,"src":"cliopatria","confidence":"medium"}},{"type":"Feature","geometry":{"type":"Point","coordinates":[11.774,43.906]},"properties":{"id":"territory:Kingdom of Italy:755:label","name":"Kingdom of Italy","name_en":"Kingdom of Italy","actor":"기타중립","valid_from":755,"valid_to":757,"wikidata":"Q172579","area":219476,"src":"cliopatria","confidence":"medium"}},{"type":"Feature","geometry":{"type":"MultiPolygon","coordinates":[[[[9.33,43.02],[9.49,43.02],[9.49,42.76],[9.57,42.76],[9.58,41.98],[9.5,41.98],[9.5,41.78],[9.26,41.39],[9.1,41.33],[8.78,41.52],[8.78,41.72],[8.62,41.72],[8.7,41.91],[8.54,42.11],[8.53,42.5],[8.77,42.69],[9.17,42.76],[9.25,43.02],[9.33,43.02]]],[[[10.46,42.89],[10.46,42.69],[10.21,42.69],[10.13,42.89],[10.21,42.89],[10.46,42.89]]],[[[14.28,45.37],[14.2,45.37],[14.19,45.04],[14.03,45.04],[13.95,45.04],[13.63,45.5],[13.71,45.5],[13.71,45.76],[13.14,45.82],[13.06,45.69],[12.98,45.82],[12.82,45.82],[12.74,45.82],[12.16,45.69],[12.0,45.56],[12.0,45.37],[12.16,45.37],[12.16,45.3],[12.16,45.17],[12.4,45.04],[12.4,44.78],[12.16,44.84],[12.15,44.45],[12.31,44.19],[12.87,43.8],[13.04,43.86],[13.03,43.73],[13.36,43.67],[13.67,43.41],[13.75,43.08],[13.99,42.95],[13.9,42.76],[14.06,42.5],[14.61,42.11],[14.77,42.17],[14.77,42.04],[14.92,41.98],[15.17,42.04],[15.24,41.91],[16.12,41.91],[16.11,41.78],[15.87,41.72],[15.94,41.39],[16.73,41.2],[17.67,40.74],[17.5,40.55],[16.87,40.48],[16.94,40.36],[16.62,40.29],[16.7,40.1],[16.46,39.97],[16.45,39.77],[16.45,39.71],[15.9,39.71],[15.9,39.77],[15.67,39.9],[15.75,40.03],[15.43,40.03],[14.96,40.29],[14.97,40.61],[14.81,40.68],[14.73,40.68],[14.74,40.81],[14.58,40.81],[14.5,41.0],[14.03,41.0],[13.95,41.0],[13.95,41.13],[13.79,41.13],[13.71,41.26],[13.4,41.26],[13.4,41.33],[13.96,41.39],[14.04,41.59],[13.8,41.78],[13.8,41.85],[13.41,41.85],[12.61,42.37],[12.54,42.63],[12.3,42.69],[12.3,43.08],[12.06,43.08],[12.06,42.76],[11.98,42.76],[12.06,42.5],[11.73,42.3],[11.65,42.3],[11.26,42.43],[11.18,42.63],[11.02,42.63],[11.02,42.82],[10.54,43.08],[10.21,43.99],[9.89,43.99],[9.97,44.12],[9.73,44.12],[9.16,44.45],[8.43,44.39],[8.03,43.93],[7.63,43.8],[7.55,43.8],[7.63,44.19],[7.3,44.12],[6.98,44.25],[6.89,44.65],[6.97,44.65],[6.97,44.84],[6.64,44.97],[6.71,45.17],[7.12,45.3],[7.11,45.5],[6.78,45.69],[6.78,45.82],[6.94,45.96],[7.84,45.96],[8.24,46.15],[9.14,46.15],[9.39,46.48],[9.55,46.35],[10.04,46.28],[10.12,46.41],[10.04,46.41],[10.04,46.61],[10.37,46.61],[10.53,46.41],[11.52,46.41],[11.93,46.48],[12.09,46.68],[13.73,46.48],[13.73,46.41],[13.81,46.41],[13.81,46.28],[14.05,46.22],[14.13,45.89],[14.21,45.89],[14.12,45.76],[14.12,45.69],[14.2,45.69],[14.28,45.37]]]]},"properties":{"id":"territory:Kingdom of Italy:751","name":"Kingdom of Italy","name_en":"Kingdom of Italy","actor":"기타중립","valid_from":751,"valid_to":755,"wikidata":"Q172579","area":218405,"src":"cliopatria","confidence":"medium"}},{"type":"Feature","geometry":{"type":"Point","coordinates":[11.77,43.918]},"properties":{"id":"territory:Kingdom of Italy:751:label","name":"Kingdom of Italy","name_en":"Kingdom of Italy","actor":"기타중립","valid_from":751,"valid_to":755,"wikidata":"Q172579","area":218405,"src":"cliopatria","confidence":"medium"}},{"type":"Feature","geometry":{"type":"Polygon","coordinates":[[[33.84,22.14],[33.88,23.17],[33.81,23.17],[33.82,23.49],[33.68,23.62],[33.68,23.69],[33.39,23.81],[32.04,23.69],[31.67,23.75],[30.54,23.36],[30.53,23.3],[30.74,22.85],[30.72,22.27],[30.56,21.95],[30.64,21.95],[30.69,21.31],[30.76,21.31],[30.74,20.79],[30.82,20.79],[30.91,19.31],[30.99,19.31],[31.1,18.35],[31.1,18.29],[31.54,18.16],[33.24,18.29],[34.12,18.03],[34.48,18.03],[34.63,17.9],[35.29,17.96],[35.3,18.03],[35.16,18.22],[34.94,18.29],[34.88,18.61],[34.6,18.93],[34.47,19.38],[34.26,19.64],[33.82,21.63],[33.75,21.63],[33.84,22.01],[33.76,22.08],[33.84,22.08],[33.84,22.14]]]},"properties":{"id":"territory:Makuria:692","name":"Makuria","name_en":"Makuria","actor":"기타중립","valid_from":692,"valid_to":850,"wikidata":"Q829356","area":212626,"src":"cliopatria","confidence":"medium"}},{"type":"Feature","geometry":{"type":"Point","coordinates":[32.529,20.818]},"properties":{"id":"territory:Makuria:692:label","name":"Makuria","name_en":"Makuria","actor":"기타중립","valid_from":692,"valid_to":850,"wikidata":"Q829356","area":212626,"src":"cliopatria","confidence":"medium"}},{"type":"Feature","geometry":{"type":"MultiPolygon","coordinates":[[[[14.61,42.11],[14.77,42.17],[14.77,42.04],[14.92,41.98],[15.17,42.04],[15.24,41.91],[16.12,41.91],[16.11,41.78],[15.87,41.72],[15.94,41.39],[16.73,41.2],[17.67,40.74],[17.5,40.55],[16.87,40.48],[16.94,40.36],[16.62,40.29],[16.7,40.1],[16.46,39.97],[16.45,39.77],[16.45,39.71],[15.9,39.71],[15.9,39.77],[15.67,39.9],[15.75,40.03],[15.43,40.03],[14.96,40.29],[14.97,40.61],[14.81,40.68],[14.73,40.68],[14.74,40.81],[14.58,40.81],[14.5,41.0],[14.03,41.0],[13.95,41.0],[13.95,41.13],[13.79,41.13],[13.71,41.26],[13.4,41.26],[13.4,41.33],[13.87,41.33],[14.04,41.59],[13.8,41.85],[13.41,41.85],[12.93,42.17],[12.53,42.04],[12.37,42.11],[12.45,42.3],[12.61,42.24],[12.69,42.37],[12.38,42.43],[12.3,43.08],[12.14,43.08],[12.14,43.21],[12.22,43.21],[12.22,43.41],[12.55,43.47],[12.55,43.6],[13.19,43.47],[13.43,43.54],[13.51,43.54],[13.75,43.28],[13.75,43.08],[13.99,42.95],[13.9,42.76],[14.06,42.5],[14.29,42.3],[14.37,42.3],[14.61,42.11]]],[[[9.49,43.02],[9.49,42.76],[9.57,42.76],[9.58,41.98],[9.5,41.98],[9.5,41.78],[9.26,41.39],[9.1,41.33],[8.78,41.52],[8.78,41.72],[8.62,41.72],[8.7,41.91],[8.54,42.11],[8.53,42.5],[8.77,42.69],[9.17,42.76],[9.25,43.02],[9.33,43.02],[9.49,43.02]]],[[[10.46,42.89],[10.46,42.69],[10.21,42.69],[10.13,42.89],[10.21,42.89],[10.46,42.89]]],[[[14.2,45.69],[14.28,45.37],[14.2,45.37],[14.19,45.04],[14.03,45.04],[13.95,45.04],[13.63,45.5],[13.71,45.5],[13.71,45.76],[13.14,45.82],[13.06,45.69],[12.98,45.82],[12.82,45.82],[12.74,45.82],[12.16,45.69],[12.0,45.56],[12.0,45.37],[12.16,45.37],[12.16,45.3],[12.16,45.24],[12.16,45.17],[12.0,45.1],[11.99,44.39],[11.91,44.39],[11.91,44.19],[11.75,44.12],[11.74,43.8],[12.23,43.6],[12.14,43.41],[11.82,43.34],[12.06,42.95],[11.98,42.56],[12.14,42.5],[12.13,42.37],[12.05,42.24],[11.73,42.24],[11.73,42.3],[11.26,42.43],[11.18,42.63],[11.02,42.63],[11.02,42.82],[10.54,43.08],[10.21,43.99],[9.89,43.99],[9.97,44.12],[9.73,44.12],[9.16,44.45],[8.43,44.39],[8.03,43.93],[7.63,43.8],[7.55,43.8],[7.63,44.19],[7.3,44.12],[6.98,44.25],[6.89,44.65],[6.97,44.65],[6.97,44.84],[6.64,44.97],[6.71,45.17],[7.12,45.3],[7.11,45.5],[6.78,45.69],[6.78,45.82],[6.94,45.96],[7.84,45.96],[8.24,46.15],[9.14,46.15],[9.39,46.48],[9.55,46.35],[10.04,46.28],[10.12,46.41],[10.04,46.41],[10.04,46.61],[10.37,46.61],[10.53,46.41],[11.52,46.41],[11.93,46.48],[12.09,46.68],[13.73,46.48],[13.73,46.41],[13.81,46.41],[13.81,46.28],[14.05,46.22],[14.13,45.89],[14.21,45.89],[14.12,45.76],[14.12,45.69],[14.2,45.69]]]]},"properties":{"id":"territory:Kingdom of Italy:757","name":"Kingdom of Italy","name_en":"Kingdom of Italy","actor":"기타중립","valid_from":757,"valid_to":763,"wikidata":"Q172579","area":210468,"src":"cliopatria","confidence":"medium"}},{"type":"Feature","geometry":{"type":"Point","coordinates":[10.311,45.019]},"properties":{"id":"territory:Kingdom of Italy:757:label","name":"Kingdom of Italy","name_en":"Kingdom of Italy","actor":"기타중립","valid_from":757,"valid_to":763,"wikidata":"Q172579","area":210468,"src":"cliopatria","confidence":"medium"}},{"type":"Feature","geometry":{"type":"MultiPolygon","coordinates":[[[[14.77,42.17],[14.77,42.04],[14.92,41.98],[15.17,42.04],[15.24,41.91],[16.12,41.91],[16.11,41.78],[15.87,41.72],[15.94,41.39],[16.73,41.2],[17.67,40.74],[17.5,40.55],[16.87,40.48],[16.94,40.36],[16.62,40.29],[16.7,40.1],[16.46,39.97],[16.45,39.77],[16.45,39.71],[15.9,39.71],[15.9,39.77],[15.67,39.9],[15.75,40.03],[15.43,40.03],[14.96,40.29],[14.97,40.61],[14.81,40.68],[14.73,40.68],[14.74,40.81],[14.58,40.81],[14.5,41.0],[14.03,41.0],[13.95,41.0],[13.95,41.07],[13.95,41.13],[13.87,41.13],[13.79,41.13],[13.79,41.2],[14.04,41.52],[13.96,41.72],[13.8,41.85],[13.41,41.85],[12.61,42.37],[12.54,42.63],[12.3,42.69],[12.38,43.15],[12.38,43.21],[12.39,43.41],[12.23,43.6],[12.39,43.67],[12.39,43.93],[12.55,43.99],[12.63,43.99],[12.87,43.8],[13.04,43.86],[13.03,43.73],[13.36,43.67],[13.67,43.41],[13.75,43.08],[13.99,42.95],[13.9,42.76],[14.29,42.3],[14.37,42.3],[14.61,42.11],[14.77,42.17]]],[[[9.49,43.02],[9.49,42.76],[9.57,42.76],[9.58,41.98],[9.5,41.98],[9.5,41.78],[9.26,41.39],[9.1,41.33],[8.78,41.52],[8.78,41.72],[8.62,41.72],[8.7,41.91],[8.54,42.11],[8.53,42.5],[8.77,42.69],[9.17,42.76],[9.25,43.02],[9.33,43.02],[9.49,43.02]]],[[[10.46,42.89],[10.46,42.69],[10.21,42.69],[10.13,42.89],[10.21,42.89],[10.46,42.89]]],[[[13.14,45.82],[13.06,45.69],[12.98,45.82],[12.82,45.82],[12.74,45.82],[12.16,45.69],[12.0,45.56],[12.0,45.37],[12.16,45.37],[12.16,45.3],[12.16,45.17],[12.4,45.04],[12.4,44.78],[12.24,44.78],[12.24,44.84],[12.24,44.97],[11.75,44.91],[11.91,44.45],[11.99,44.45],[11.99,43.99],[12.07,43.99],[12.06,43.54],[11.98,43.54],[11.98,43.34],[11.82,43.34],[11.82,43.21],[12.06,43.08],[12.06,42.76],[11.98,42.76],[12.06,42.5],[11.73,42.3],[11.65,42.3],[11.26,42.43],[11.18,42.63],[11.02,42.63],[11.02,42.82],[10.54,43.08],[10.21,43.99],[9.89,43.99],[9.97,44.12],[9.73,44.12],[9.16,44.45],[8.43,44.39],[8.03,43.93],[7.63,43.8],[7.55,43.8],[7.63,44.19],[7.3,44.12],[6.9,44.32],[6.97,44.84],[6.64,44.97],[6.63,45.1],[7.12,45.3],[7.11,45.5],[6.78,45.69],[6.78,45.82],[6.94,45.96],[7.43,45.89],[8.24,46.15],[9.14,46.15],[9.39,46.48],[9.55,46.35],[10.04,46.28],[10.12,46.41],[10.04,46.41],[10.04,46.61],[10.37,46.61],[10.53,46.41],[11.93,46.48],[12.09,46.68],[12.91,46.61],[13.73,46.48],[13.73,46.41],[14.13,46.09],[14.12,45.82],[13.88,45.82],[13.88,45.76],[13.14,45.82]]]]},"properties":{"id":"territory:Kingdom of Italy:732","name":"Kingdom of Italy","name_en":"Kingdom of Italy","actor":"기타중립","valid_from":732,"valid_to":741,"wikidata":"Q172579","area":209430,"src":"cliopatria","confidence":"medium"}},{"type":"Feature","geometry":{"type":"Point","coordinates":[10.243,45.02]},"properties":{"id":"territory:Kingdom of Italy:732:label","name":"Kingdom of Italy","name_en":"Kingdom of Italy","actor":"기타중립","valid_from":732,"valid_to":741,"wikidata":"Q172579","area":209430,"src":"cliopatria","confidence":"medium"}},{"type":"Feature","geometry":{"type":"MultiPolygon","coordinates":[[[[14.77,42.17],[14.77,42.04],[14.92,41.98],[15.17,42.04],[15.24,41.91],[16.12,41.91],[16.11,41.78],[15.87,41.72],[15.94,41.39],[16.73,41.2],[17.67,40.74],[17.5,40.55],[16.87,40.48],[16.94,40.36],[16.62,40.29],[16.7,40.1],[16.46,39.97],[16.45,39.77],[16.45,39.71],[15.9,39.71],[15.9,39.77],[15.67,39.9],[15.75,40.03],[15.43,40.03],[14.96,40.29],[14.97,40.61],[14.81,40.68],[14.73,40.68],[14.74,40.81],[14.58,40.81],[14.5,41.0],[14.03,41.0],[13.95,41.0],[13.95,41.07],[13.95,41.13],[13.87,41.13],[13.79,41.13],[13.79,41.2],[14.04,41.52],[13.96,41.72],[13.8,41.85],[13.41,41.85],[12.61,42.37],[12.54,42.63],[12.3,42.69],[12.38,43.15],[12.38,43.21],[12.39,43.41],[12.23,43.6],[12.39,43.67],[12.39,43.93],[12.55,43.99],[12.63,43.99],[12.87,43.8],[13.04,43.86],[13.03,43.73],[13.36,43.67],[13.67,43.41],[13.75,43.08],[13.99,42.95],[13.9,42.76],[14.29,42.3],[14.37,42.3],[14.61,42.11],[14.77,42.17]]],[[[9.49,43.02],[9.49,42.76],[9.57,42.76],[9.58,41.98],[9.5,41.98],[9.5,41.78],[9.26,41.39],[9.1,41.33],[8.78,41.52],[8.78,41.72],[8.62,41.72],[8.7,41.91],[8.54,42.11],[8.53,42.5],[8.77,42.69],[9.17,42.76],[9.25,43.02],[9.33,43.02],[9.49,43.02]]],[[[10.46,42.89],[10.46,42.69],[10.21,42.69],[10.13,42.89],[10.21,42.89],[10.46,42.89]]],[[[13.06,45.69],[12.98,45.82],[12.82,45.82],[12.74,45.82],[12.16,45.69],[12.0,45.56],[12.0,45.37],[12.16,45.37],[12.16,45.3],[12.16,45.17],[12.4,45.04],[12.4,44.78],[12.24,44.78],[12.24,44.84],[12.24,44.97],[11.75,44.91],[11.91,44.45],[11.99,44.45],[11.99,43.99],[12.07,43.99],[12.06,43.54],[11.98,43.54],[11.98,43.34],[11.82,43.34],[11.82,43.21],[12.06,43.08],[12.06,42.76],[11.98,42.76],[12.06,42.5],[11.73,42.3],[11.65,42.3],[11.26,42.43],[11.18,42.63],[11.02,42.63],[11.02,42.82],[10.54,43.08],[10.21,43.99],[9.89,43.99],[9.97,44.12],[9.73,44.12],[9.16,44.45],[8.43,44.39],[8.03,43.93],[7.63,43.8],[7.55,43.8],[7.63,44.19],[7.3,44.12],[6.98,44.25],[6.89,44.65],[6.97,44.65],[6.97,44.84],[6.64,44.97],[6.71,45.17],[7.12,45.3],[7.11,45.5],[6.78,45.69],[6.78,45.82],[6.94,45.96],[7.84,45.96],[8.24,46.15],[9.14,46.15],[9.39,46.48],[9.55,46.35],[10.04,46.28],[10.12,46.41],[10.04,46.41],[10.04,46.61],[10.37,46.61],[10.53,46.41],[11.52,46.41],[11.93,46.48],[12.09,46.68],[13.73,46.48],[13.73,46.41],[14.13,46.09],[14.12,45.82],[13.88,45.82],[13.88,45.76],[13.14,45.82],[13.06,45.69]]]]},"properties":{"id":"territory:Kingdom of Italy:750","name":"Kingdom of Italy","name_en":"Kingdom of Italy","actor":"기타중립","valid_from":750,"valid_to":751,"wikidata":"Q172579","area":208949,"src":"cliopatria","confidence":"medium"}},{"type":"Feature","geometry":{"type":"Point","coordinates":[10.234,45.014]},"properties":{"id":"territory:Kingdom of Italy:750:label","name":"Kingdom of Italy","name_en":"Kingdom of Italy","actor":"기타중립","valid_from":750,"valid_to":751,"wikidata":"Q172579","area":208949,"src":"cliopatria","confidence":"medium"}},{"type":"Feature","geometry":{"type":"Polygon","coordinates":[[[-2.28,42.63],[-2.92,42.63],[-3.0,42.63],[-2.93,42.82],[-3.01,42.82],[-3.03,43.02],[-3.19,43.08],[-3.14,43.41],[-3.06,43.41],[-1.69,43.34],[-1.46,43.54],[-1.4,43.86],[-1.32,43.86],[-1.35,44.25],[-1.27,44.25],[-1.29,44.52],[-1.21,44.52],[-1.25,45.17],[-1.17,45.17],[-1.19,45.43],[-1.03,45.5],[-1.05,45.69],[-1.21,45.76],[-1.14,45.89],[-1.22,45.89],[-1.25,46.28],[-1.67,46.35],[-2.19,46.81],[-2.14,47.14],[-2.23,47.2],[-2.23,47.27],[-0.26,47.27],[0.01,47.01],[0.84,46.81],[1.15,47.2],[2.03,47.53],[2.7,47.33],[2.8,47.01],[3.23,46.74],[3.08,46.48],[3.33,46.35],[3.42,46.09],[3.59,46.02],[3.86,45.43],[4.27,45.37],[4.36,45.1],[3.97,44.78],[4.06,44.52],[3.81,44.52],[3.43,44.06],[3.03,44.06],[2.48,43.6],[2.1,43.28],[1.95,42.95],[1.79,42.95],[1.48,42.69],[1.43,42.24],[1.04,42.04],[0.72,42.04],[-1.73,42.76],[-2.13,42.76],[-2.2,42.63],[-2.28,42.63]]]},"properties":{"id":"territory:Aquitaine:755","name":"아키텐","name_en":"Aquitaine","actor":"기타중립","valid_from":755,"valid_to":763,"wikidata":"Q1179","area":205044,"src":"cliopatria","confidence":"medium"}},{"type":"Feature","geometry":{"type":"Point","coordinates":[0.756,44.873]},"properties":{"id":"territory:Aquitaine:755:label","name":"아키텐","name_en":"Aquitaine","actor":"기타중립","valid_from":755,"valid_to":763,"wikidata":"Q1179","area":205044,"src":"cliopatria","confidence":"medium"}},{"type":"Feature","geometry":{"type":"Polygon","coordinates":[[[-3.06,43.41],[-1.69,43.34],[-1.46,43.54],[-1.4,43.86],[-1.32,43.86],[-1.35,44.25],[-1.27,44.25],[-1.29,44.52],[-1.21,44.52],[-1.25,45.17],[-1.17,45.17],[-1.19,45.43],[-1.03,45.5],[-1.05,45.69],[-1.21,45.76],[-1.14,45.89],[-1.22,45.89],[-1.25,46.28],[-1.67,46.35],[-2.19,46.81],[-2.14,47.14],[-2.23,47.2],[-2.23,47.27],[-0.26,47.27],[0.01,47.01],[0.84,46.81],[1.15,47.2],[1.63,47.4],[1.88,47.4],[2.03,47.53],[2.62,47.4],[2.79,47.2],[2.8,47.01],[3.23,46.74],[3.08,46.48],[3.33,46.35],[3.42,46.09],[3.59,46.02],[3.86,45.43],[4.35,45.3],[4.36,45.1],[3.97,44.78],[4.06,44.52],[3.81,44.52],[3.43,44.06],[3.03,44.06],[2.8,43.8],[2.63,43.8],[2.1,43.28],[1.95,42.95],[1.79,42.95],[1.48,42.69],[1.43,42.24],[1.04,42.04],[0.72,42.04],[-1.73,42.76],[-2.13,42.76],[-2.2,42.63],[-3.0,42.63],[-2.93,42.82],[-3.01,42.82],[-3.03,43.02],[-3.19,43.08],[-3.14,43.41],[-3.06,43.41]]]},"properties":{"id":"territory:Aquitaine:682","name":"아키텐","name_en":"Aquitaine","actor":"기타중립","valid_from":682,"valid_to":718,"wikidata":"Q1179","area":205019,"src":"cliopatria","confidence":"medium"}},{"type":"Feature","geometry":{"type":"Polygon","coordinates":[[[-2.93,42.82],[-3.01,42.82],[-3.03,43.02],[-3.19,43.08],[-3.14,43.41],[-3.06,43.41],[-1.69,43.34],[-1.46,43.54],[-1.4,43.86],[-1.32,43.86],[-1.35,44.25],[-1.27,44.25],[-1.29,44.52],[-1.21,44.52],[-1.25,45.17],[-1.17,45.17],[-1.19,45.43],[-1.03,45.5],[-1.05,45.69],[-1.21,45.76],[-1.14,45.89],[-1.22,45.89],[-1.25,46.28],[-1.67,46.35],[-2.19,46.81],[-2.14,47.14],[-2.23,47.2],[-2.23,47.27],[-0.26,47.27],[0.01,47.01],[0.84,46.81],[1.15,47.2],[1.63,47.4],[1.88,47.4],[2.03,47.53],[2.62,47.4],[2.79,47.2],[2.8,47.01],[3.23,46.74],[3.08,46.48],[3.33,46.35],[3.42,46.09],[3.59,46.02],[3.86,45.43],[4.35,45.3],[4.36,45.1],[3.97,44.78],[4.06,44.52],[3.81,44.52],[3.43,44.06],[3.03,44.06],[2.8,43.8],[2.63,43.8],[2.1,43.28],[1.95,42.95],[1.79,42.95],[1.48,42.69],[1.43,42.24],[1.04,42.04],[0.72,42.04],[-1.73,42.76],[-2.13,42.76],[-2.2,42.63],[-3.0,42.63],[-2.93,42.82]]]},"properties":{"id":"territory:Aquitaine:724","name":"아키텐","name_en":"Aquitaine","actor":"기타중립","valid_from":724,"valid_to":732,"wikidata":"Q1179","area":205019,"src":"cliopatria","confidence":"medium"}},{"type":"Feature","geometry":{"type":"Polygon","coordinates":[[[-2.93,42.82],[-3.01,42.82],[-3.03,43.02],[-3.19,43.08],[-3.14,43.41],[-3.06,43.41],[-1.69,43.34],[-1.46,43.54],[-1.4,43.86],[-1.32,43.86],[-1.35,44.25],[-1.27,44.25],[-1.29,44.52],[-1.21,44.52],[-1.25,45.17],[-1.17,45.17],[-1.19,45.43],[-1.03,45.5],[-1.05,45.69],[-1.21,45.76],[-1.14,45.89],[-1.22,45.89],[-1.25,46.28],[-1.67,46.35],[-2.19,46.81],[-2.14,47.14],[-2.23,47.2],[-2.23,47.27],[-0.26,47.27],[0.01,47.01],[0.84,46.81],[1.15,47.2],[1.63,47.4],[1.88,47.4],[2.03,47.53],[2.62,47.4],[2.79,47.2],[2.8,47.01],[3.23,46.74],[3.08,46.48],[3.33,46.35],[3.42,46.09],[3.59,46.02],[3.86,45.43],[4.35,45.3],[4.36,45.1],[3.97,44.78],[4.06,44.52],[3.81,44.52],[3.43,44.06],[3.03,44.06],[2.8,43.8],[2.63,43.8],[2.1,43.28],[1.95,42.95],[1.79,42.95],[1.48,42.69],[1.43,42.24],[1.04,42.04],[0.72,42.04],[-1.73,42.76],[-2.13,42.76],[-2.2,42.63],[-3.0,42.63],[-2.93,42.82]]]},"properties":{"id":"territory:Aquitaine:750","name":"아키텐","name_en":"Aquitaine","actor":"기타중립","valid_from":750,"valid_to":755,"wikidata":"Q1179","area":205019,"src":"cliopatria","confidence":"medium"}},{"type":"Feature","geometry":{"type":"Point","coordinates":[0.756,44.875]},"properties":{"id":"territory:Aquitaine:682:label","name":"아키텐","name_en":"Aquitaine","actor":"기타중립","valid_from":682,"valid_to":718,"wikidata":"Q1179","area":205019,"src":"cliopatria","confidence":"medium"}},{"type":"Feature","geometry":{"type":"Point","coordinates":[0.756,44.875]},"properties":{"id":"territory:Aquitaine:724:label","name":"아키텐","name_en":"Aquitaine","actor":"기타중립","valid_from":724,"valid_to":732,"wikidata":"Q1179","area":205019,"src":"cliopatria","confidence":"medium"}},{"type":"Feature","geometry":{"type":"Point","coordinates":[0.756,44.875]},"properties":{"id":"territory:Aquitaine:750:label","name":"아키텐","name_en":"Aquitaine","actor":"기타중립","valid_from":750,"valid_to":755,"wikidata":"Q1179","area":205019,"src":"cliopatria","confidence":"medium"}},{"type":"Feature","geometry":{"type":"MultiPolygon","coordinates":[[[[14.61,42.11],[14.77,42.17],[14.77,42.04],[14.92,41.98],[15.17,42.04],[15.24,41.91],[16.12,41.91],[16.11,41.78],[15.87,41.72],[15.94,41.39],[16.73,41.2],[17.67,40.74],[17.5,40.55],[16.87,40.48],[16.94,40.36],[16.62,40.29],[16.7,40.1],[16.46,39.97],[16.45,39.77],[16.45,39.71],[15.9,39.71],[15.9,39.77],[15.67,39.9],[15.75,40.03],[15.43,40.03],[14.96,40.29],[14.97,40.61],[14.81,40.68],[14.73,40.68],[14.74,40.81],[14.58,40.81],[14.5,41.0],[14.03,41.0],[13.95,41.0],[13.95,41.13],[13.79,41.13],[13.71,41.26],[13.4,41.26],[13.4,41.33],[13.87,41.33],[14.04,41.59],[13.8,41.85],[13.41,41.85],[12.93,42.17],[12.53,42.04],[12.37,42.11],[12.45,42.3],[12.61,42.24],[12.69,42.37],[12.38,42.43],[12.3,43.08],[12.14,43.08],[12.14,43.21],[12.22,43.21],[12.22,43.41],[12.55,43.47],[12.55,43.6],[13.19,43.54],[13.27,43.41],[13.51,43.47],[13.59,43.47],[13.75,43.28],[13.75,43.08],[13.99,42.95],[13.9,42.76],[14.06,42.5],[14.29,42.3],[14.37,42.3],[14.61,42.11]]],[[[9.49,43.02],[9.49,42.76],[9.57,42.76],[9.58,41.98],[9.5,41.98],[9.5,41.78],[9.26,41.39],[9.1,41.33],[8.78,41.52],[8.78,41.72],[8.62,41.72],[8.7,41.91],[8.54,42.11],[8.53,42.5],[8.77,42.69],[9.17,42.76],[9.25,43.02],[9.33,43.02],[9.49,43.02]]],[[[10.46,42.89],[10.46,42.69],[10.21,42.69],[10.13,42.89],[10.21,42.89],[10.46,42.89]]],[[[14.2,45.69],[14.28,45.37],[14.2,45.37],[14.19,45.04],[14.03,45.04],[13.95,45.04],[13.63,45.5],[13.71,45.5],[13.71,45.76],[13.14,45.82],[13.06,45.69],[12.98,45.82],[12.82,45.82],[12.74,45.82],[12.16,45.69],[12.0,45.56],[12.0,45.37],[12.16,45.37],[12.16,45.3],[12.16,45.24],[12.16,45.17],[11.27,45.1],[11.35,44.84],[11.18,44.58],[11.18,44.32],[11.51,44.39],[11.75,44.12],[11.74,43.8],[11.91,43.8],[12.15,43.6],[11.98,43.34],[11.82,43.34],[12.06,42.95],[11.98,42.56],[12.14,42.5],[12.13,42.37],[12.05,42.24],[11.73,42.24],[11.73,42.3],[11.26,42.43],[11.18,42.63],[11.02,42.63],[11.02,42.82],[10.54,43.08],[10.21,43.99],[9.89,43.99],[9.97,44.12],[9.73,44.12],[9.16,44.45],[8.43,44.39],[8.03,43.93],[7.63,43.8],[7.55,43.8],[7.63,44.19],[7.3,44.12],[6.98,44.25],[6.89,44.65],[6.97,44.65],[6.97,44.84],[6.64,44.97],[6.71,45.17],[7.12,45.3],[7.11,45.5],[6.78,45.69],[6.78,45.82],[6.94,45.96],[7.84,45.96],[8.24,46.15],[9.14,46.15],[9.39,46.48],[9.55,46.35],[10.04,46.28],[10.12,46.41],[10.04,46.41],[10.04,46.61],[10.37,46.61],[10.53,46.41],[11.52,46.41],[11.93,46.48],[12.09,46.68],[13.73,46.48],[13.73,46.41],[13.81,46.41],[13.81,46.28],[14.05,46.22],[14.13,45.89],[14.21,45.89],[14.12,45.76],[14.12,45.69],[14.2,45.69]]]]},"properties":{"id":"territory:Kingdom of Italy:763","name":"Kingdom of Italy","name_en":"Kingdom of Italy","actor":"기타중립","valid_from":763,"valid_to":775,"wikidata":"Q172579","area":204800,"src":"cliopatria","confidence":"medium"}},{"type":"Feature","geometry":{"type":"Point","coordinates":[10.252,45.034]},"properties":{"id":"territory:Kingdom of Italy:763:label","name":"Kingdom of Italy","name_en":"Kingdom of Italy","actor":"기타중립","valid_from":763,"valid_to":775,"wikidata":"Q172579","area":204800,"src":"cliopatria","confidence":"medium"}},{"type":"Feature","geometry":{"type":"Polygon","coordinates":[[[1.35,42.17],[1.04,42.04],[0.47,42.11],[0.47,42.17],[-1.73,42.76],[-2.13,42.76],[-2.2,42.63],[-3.0,42.63],[-2.93,42.82],[-3.01,42.82],[-3.03,43.02],[-3.19,43.08],[-3.14,43.41],[-3.06,43.41],[-1.69,43.34],[-1.46,43.54],[-1.4,43.86],[-1.32,43.86],[-1.35,44.25],[-1.27,44.25],[-1.29,44.52],[-1.21,44.52],[-1.25,45.17],[-1.17,45.17],[-1.19,45.43],[-1.03,45.5],[-1.05,45.69],[-1.21,45.76],[-1.14,45.89],[-1.22,45.89],[-1.25,46.28],[-1.67,46.35],[-2.19,46.81],[-2.14,47.14],[-2.23,47.2],[-2.23,47.27],[-0.26,47.27],[0.01,47.01],[0.84,46.81],[1.15,47.2],[1.63,47.4],[1.88,47.4],[2.03,47.53],[2.62,47.4],[2.79,47.2],[2.8,47.01],[3.23,46.74],[3.08,46.48],[3.33,46.35],[3.42,46.09],[3.59,46.02],[3.86,45.43],[4.35,45.3],[4.36,45.1],[3.97,44.78],[4.06,44.52],[3.81,44.52],[3.43,44.06],[3.03,44.06],[2.8,43.8],[2.63,43.8],[2.1,43.28],[1.95,42.95],[1.79,42.95],[1.56,42.69],[1.35,42.17]]]},"properties":{"id":"territory:Aquitaine:718","name":"아키텐","name_en":"Aquitaine","actor":"기타중립","valid_from":718,"valid_to":724,"wikidata":"Q1179","area":204534,"src":"cliopatria","confidence":"medium"}},{"type":"Feature","geometry":{"type":"Point","coordinates":[0.759,44.881]},"properties":{"id":"territory:Aquitaine:718:label","name":"아키텐","name_en":"Aquitaine","actor":"기타중립","valid_from":718,"valid_to":724,"wikidata":"Q1179","area":204534,"src":"cliopatria","confidence":"medium"}},{"type":"Feature","geometry":{"type":"Polygon","coordinates":[[[0.47,42.17],[-1.73,42.76],[-2.13,42.76],[-2.2,42.63],[-2.28,42.63],[-2.92,42.63],[-3.0,42.63],[-2.93,42.82],[-3.01,42.82],[-3.03,43.02],[-3.19,43.08],[-3.14,43.41],[-3.06,43.41],[-1.69,43.34],[-1.46,43.54],[-1.4,43.86],[-1.32,43.86],[-1.35,44.25],[-1.27,44.25],[-1.29,44.52],[-1.21,44.52],[-1.25,45.17],[-1.17,45.17],[-1.19,45.43],[-1.03,45.5],[-1.05,45.69],[-1.21,45.76],[-1.14,45.89],[-1.22,45.89],[-1.25,46.28],[-1.67,46.35],[-2.19,46.81],[-2.14,47.14],[-2.23,47.2],[-2.23,47.27],[-0.26,47.27],[0.01,47.01],[0.84,46.81],[1.15,47.2],[2.28,47.53],[2.7,47.33],[2.8,47.01],[3.23,46.74],[3.08,46.48],[3.33,46.35],[3.42,46.09],[3.59,46.02],[3.86,45.43],[4.27,45.37],[4.36,45.1],[3.97,44.78],[4.06,44.52],[3.81,44.52],[3.43,44.06],[3.03,44.06],[2.8,43.8],[2.63,43.8],[2.1,43.28],[1.95,42.95],[1.79,42.95],[1.48,42.69],[1.49,42.5],[1.41,42.5],[1.43,42.24],[1.04,42.04],[0.47,42.11],[0.47,42.17]]]},"properties":{"id":"territory:Aquitaine:763","name":"아키텐","name_en":"Aquitaine","actor":"기타중립","valid_from":763,"valid_to":768,"wikidata":"Q1179","area":204113,"src":"cliopatria","confidence":"medium"}},{"type":"Feature","geometry":{"type":"Point","coordinates":[0.757,44.88]},"properties":{"id":"territory:Aquitaine:763:label","name":"아키텐","name_en":"Aquitaine","actor":"기타중립","valid_from":763,"valid_to":768,"wikidata":"Q1179","area":204113,"src":"cliopatria","confidence":"medium"}},{"type":"Feature","geometry":{"type":"Polygon","coordinates":[[[-3.5,34.81],[-4.51,34.94],[-4.45,35.26],[-4.53,35.26],[-4.91,35.26],[-5.24,35.52],[-5.34,35.84],[-5.88,35.77],[-6.0,35.32],[-6.15,35.19],[-6.13,35.0],[-6.29,35.07],[-6.2,34.87],[-6.28,34.87],[-6.33,34.55],[-6.48,34.49],[-6.47,34.36],[-6.7,34.29],[-6.61,34.16],[-6.9,33.91],[-7.06,33.97],[-7.13,33.84],[-7.73,33.59],[-7.8,33.59],[-7.79,33.46],[-7.56,33.39],[-7.37,32.81],[-7.44,32.81],[-7.42,32.49],[-7.63,32.24],[-7.62,32.04],[-7.91,31.85],[-8.05,31.59],[-7.97,31.59],[-7.65,31.34],[-6.22,31.53],[-5.7,31.79],[-5.39,31.72],[-5.4,31.85],[-5.25,31.91],[-4.27,32.17],[-3.97,32.36],[-3.82,32.3],[-3.6,32.49],[-2.54,32.81],[-1.88,33.33],[-1.57,33.33],[-1.43,33.59],[-1.28,33.59],[-0.99,33.91],[-0.83,33.91],[-0.69,34.16],[-0.54,34.16],[-0.54,34.29],[-0.09,34.61],[-0.2,35.26],[0.01,35.64],[-0.07,35.77],[0.01,35.84],[-0.46,35.84],[-0.53,35.71],[-0.92,35.71],[-1.07,35.58],[-1.22,35.64],[-1.14,35.45],[-1.36,35.26],[-2.12,35.07],[-2.2,35.07],[-2.42,34.94],[-3.12,34.94],[-3.42,34.81],[-3.5,34.81]]]},"properties":{"id":"territory:Idrisids:793","name":"Idrisids","name_en":"Idrisids","actor":"기타중립","valid_from":793,"valid_to":911,"wikidata":"Q431575","area":194486,"src":"cliopatria","confidence":"medium"}},{"type":"Feature","geometry":{"type":"Point","coordinates":[-4.338,33.672]},"properties":{"id":"territory:Idrisids:793:label","name":"Idrisids","name_en":"Idrisids","actor":"기타중립","valid_from":793,"valid_to":911,"wikidata":"Q431575","area":194486,"src":"cliopatria","confidence":"medium"}},{"type":"Feature","geometry":{"type":"Polygon","coordinates":[[[24.99,42.17],[24.91,42.17],[24.92,42.3],[24.55,42.56],[24.48,42.76],[24.08,42.76],[23.93,42.89],[23.6,42.82],[23.61,42.95],[23.13,42.89],[23.06,43.02],[22.82,43.02],[22.59,43.28],[22.2,43.34],[22.15,43.8],[21.99,43.86],[22.17,44.12],[22.1,44.39],[22.11,44.45],[22.37,44.65],[24.23,44.71],[24.33,44.84],[24.73,44.78],[26.45,45.04],[26.53,45.04],[26.7,45.04],[26.79,45.17],[27.19,45.1],[27.77,45.24],[27.79,45.37],[28.04,45.43],[28.05,45.56],[28.29,45.5],[28.47,45.63],[28.66,45.89],[28.59,46.02],[28.67,46.02],[28.71,46.35],[28.63,46.41],[28.81,46.55],[28.76,46.81],[28.92,46.81],[28.96,47.14],[29.12,47.14],[29.32,47.4],[30.67,47.66],[33.63,47.6],[33.62,47.53],[34.04,47.53],[34.12,47.53],[34.08,47.27],[33.69,46.87],[32.92,46.61],[32.17,46.55],[32.18,46.61],[32.03,46.74],[31.79,46.74],[31.61,46.61],[30.88,46.68],[30.3,45.96],[30.04,45.89],[29.86,45.69],[29.61,45.69],[29.62,45.04],[29.53,44.91],[29.11,44.78],[29.02,44.78],[29.05,44.97],[28.8,44.97],[28.84,44.58],[28.58,44.39],[28.54,43.99],[28.62,43.99],[28.48,43.47],[28.16,43.47],[28.23,43.34],[28.07,43.34],[27.99,43.34],[27.74,43.28],[27.72,43.08],[27.71,43.02],[27.79,43.02],[27.79,42.95],[27.87,42.95],[27.86,42.89],[27.85,42.82],[27.85,42.76],[27.77,42.76],[27.53,42.82],[27.33,42.37],[25.8,42.24],[25.46,42.04],[25.22,42.04],[25.21,41.91],[24.97,41.91],[24.98,41.98],[25.01,42.04],[24.98,42.04],[24.99,42.11],[24.99,42.17]]]},"properties":{"id":"territory:First Bulgarian Empire:705","name":"제1차 불가리아 제국","name_en":"First Bulgarian Empire","actor":"기타중립","valid_from":705,"valid_to":806,"wikidata":"Q203817","area":190199,"src":"cliopatria","confidence":"medium"}},{"type":"Feature","geometry":{"type":"Point","coordinates":[27.304,44.737]},"properties":{"id":"territory:First Bulgarian Empire:705:label","name":"제1차 불가리아 제국","name_en":"First Bulgarian Empire","actor":"기타중립","valid_from":705,"valid_to":806,"wikidata":"Q203817","area":190199,"src":"cliopatria","confidence":"medium"}},{"type":"Feature","geometry":{"type":"MultiPolygon","coordinates":[[[[14.61,42.11],[14.77,42.17],[14.77,42.04],[14.92,41.98],[15.17,42.04],[15.24,41.91],[16.12,41.91],[16.11,41.78],[15.87,41.72],[15.94,41.39],[16.73,41.2],[17.67,40.74],[17.5,40.55],[16.87,40.48],[16.94,40.36],[16.62,40.29],[16.7,40.1],[16.46,39.97],[16.45,39.77],[16.45,39.71],[15.9,39.71],[15.9,39.77],[15.67,39.9],[15.75,40.03],[15.43,40.03],[14.96,40.29],[14.97,40.61],[14.81,40.68],[14.73,40.68],[14.74,40.81],[14.58,40.81],[14.5,41.0],[14.03,41.0],[13.95,41.0],[13.95,41.07],[13.95,41.13],[13.87,41.13],[13.79,41.13],[13.79,41.2],[14.04,41.52],[13.96,41.72],[13.8,41.85],[13.41,41.85],[13.33,41.98],[13.01,42.04],[12.61,42.37],[12.46,42.95],[12.38,42.95],[12.55,43.47],[12.71,43.6],[13.11,43.6],[13.43,43.28],[13.67,43.34],[13.67,43.28],[13.75,43.28],[13.75,43.08],[13.99,42.95],[13.9,42.76],[14.06,42.5],[14.29,42.3],[14.37,42.3],[14.61,42.11]]],[[[10.46,42.89],[10.46,42.69],[10.21,42.69],[10.13,42.89],[10.21,42.89],[10.46,42.89]]],[[[13.14,45.69],[13.06,45.69],[12.98,45.82],[12.16,45.69],[12.0,45.56],[12.0,45.24],[11.83,45.04],[11.27,45.17],[11.27,45.04],[11.02,44.84],[11.02,44.58],[11.26,44.25],[11.26,43.8],[11.66,43.6],[11.58,43.15],[11.98,42.82],[11.57,42.37],[11.49,42.37],[11.26,42.43],[11.18,42.63],[11.02,42.63],[11.02,42.82],[10.54,43.08],[10.21,43.99],[9.89,43.99],[9.97,44.12],[9.73,44.12],[9.16,44.45],[8.43,44.39],[8.03,43.93],[7.63,43.8],[7.55,43.8],[7.63,44.19],[7.3,44.12],[6.98,44.25],[6.89,44.65],[6.97,44.65],[6.97,44.84],[6.64,44.97],[6.71,45.17],[7.12,45.3],[7.11,45.5],[6.78,45.69],[6.78,45.82],[6.94,45.96],[7.84,45.96],[8.24,46.15],[9.14,46.15],[9.39,46.48],[9.55,46.35],[10.04,46.28],[10.12,46.41],[10.04,46.41],[10.04,46.61],[10.37,46.61],[10.53,46.41],[11.93,46.48],[12.09,46.68],[12.91,46.61],[13.73,46.48],[13.73,46.41],[14.13,46.09],[14.12,45.82],[13.88,45.82],[13.88,45.76],[13.14,45.82],[13.14,45.69]]]]},"properties":{"id":"territory:Kingdom of Italy:692","name":"Kingdom of Italy","name_en":"Kingdom of Italy","actor":"기타중립","valid_from":692,"valid_to":705,"wikidata":"Q172579","area":179628,"src":"cliopatria","confidence":"medium"}},{"type":"Feature","geometry":{"type":"Point","coordinates":[10.068,45.13]},"properties":{"id":"territory:Kingdom of Italy:692:label","name":"Kingdom of Italy","name_en":"Kingdom of Italy","actor":"기타중립","valid_from":692,"valid_to":705,"wikidata":"Q172579","area":179628,"src":"cliopatria","confidence":"medium"}},{"type":"Feature","geometry":{"type":"MultiPolygon","coordinates":[[[[14.61,42.11],[14.77,42.17],[14.77,42.04],[14.92,41.98],[15.17,42.04],[15.24,41.91],[16.12,41.91],[16.11,41.78],[15.87,41.72],[15.94,41.39],[16.73,41.2],[17.67,40.74],[17.5,40.55],[16.87,40.48],[16.94,40.36],[16.62,40.29],[16.7,40.1],[16.46,39.97],[16.45,39.77],[16.45,39.71],[15.9,39.71],[15.9,39.77],[15.67,39.9],[15.75,40.03],[15.43,40.03],[14.96,40.29],[14.97,40.61],[14.81,40.68],[14.73,40.68],[14.74,40.81],[14.58,40.81],[14.5,41.0],[14.03,41.0],[13.95,41.0],[13.95,41.07],[13.95,41.13],[13.87,41.13],[13.79,41.13],[13.79,41.2],[14.04,41.52],[13.96,41.72],[13.8,41.85],[13.41,41.85],[13.33,41.98],[13.01,42.04],[12.61,42.37],[12.46,42.95],[12.38,42.95],[12.55,43.47],[12.71,43.6],[13.11,43.6],[13.43,43.28],[13.59,43.28],[13.59,43.34],[13.75,43.28],[13.75,43.08],[13.99,42.95],[13.9,42.76],[14.29,42.3],[14.37,42.3],[14.61,42.11]]],[[[10.46,42.89],[10.46,42.69],[10.21,42.69],[10.13,42.89],[10.21,42.89],[10.46,42.89]]],[[[13.14,45.82],[13.06,45.69],[12.98,45.82],[12.82,45.82],[12.74,45.82],[12.16,45.69],[12.0,45.56],[12.0,45.37],[11.83,45.04],[11.27,45.17],[11.27,45.04],[11.02,44.84],[11.02,44.58],[11.26,44.25],[11.26,43.8],[11.66,43.6],[11.58,43.15],[11.98,42.82],[11.57,42.37],[11.49,42.37],[11.26,42.43],[11.18,42.63],[11.02,42.63],[11.02,42.82],[10.54,43.08],[10.21,43.99],[9.89,43.99],[9.97,44.12],[9.73,44.12],[9.16,44.45],[8.43,44.39],[8.03,43.93],[7.63,43.8],[7.55,43.8],[7.63,44.19],[7.3,44.12],[6.9,44.32],[6.97,44.84],[6.64,44.97],[6.63,45.1],[7.12,45.3],[7.11,45.5],[6.78,45.69],[6.78,45.82],[6.94,45.96],[7.43,45.89],[8.24,46.15],[9.14,46.15],[9.39,46.48],[9.55,46.35],[10.04,46.28],[10.12,46.41],[10.04,46.41],[10.04,46.61],[10.37,46.61],[10.53,46.41],[11.93,46.48],[12.09,46.68],[12.91,46.61],[13.73,46.48],[13.73,46.41],[14.13,46.09],[14.12,45.82],[13.88,45.82],[13.88,45.76],[13.14,45.82]]]]},"properties":{"id":"territory:Kingdom of Italy:705","name":"Kingdom of Italy","name_en":"Kingdom of Italy","actor":"기타중립","valid_from":705,"valid_to":732,"wikidata":"Q172579","area":179443,"src":"cliopatria","confidence":"medium"}},{"type":"Feature","geometry":{"type":"Point","coordinates":[10.065,45.129]},"properties":{"id":"territory:Kingdom of Italy:705:label","name":"Kingdom of Italy","name_en":"Kingdom of Italy","actor":"기타중립","valid_from":705,"valid_to":732,"wikidata":"Q172579","area":179443,"src":"cliopatria","confidence":"medium"}},{"type":"Feature","geometry":{"type":"Polygon","coordinates":[[[33.63,47.6],[30.67,47.66],[29.32,47.4],[29.12,47.14],[28.96,47.14],[28.92,46.81],[28.76,46.81],[28.81,46.55],[28.63,46.41],[28.71,46.35],[28.67,46.02],[28.59,46.02],[28.66,45.89],[28.47,45.63],[28.29,45.5],[28.05,45.56],[28.04,45.43],[27.79,45.37],[27.77,45.24],[27.19,45.1],[26.79,45.17],[26.7,45.04],[26.53,45.04],[26.45,45.04],[24.73,44.78],[24.33,44.84],[24.23,44.71],[22.37,44.65],[22.11,44.45],[22.1,44.39],[22.17,44.12],[21.99,43.86],[22.15,43.8],[22.13,43.6],[22.21,43.6],[22.12,43.41],[22.59,43.28],[22.82,43.02],[23.06,43.02],[23.13,42.89],[23.61,42.95],[23.6,42.82],[23.93,42.89],[24.08,42.76],[24.48,42.76],[24.81,42.89],[27.3,42.89],[27.29,42.82],[27.7,42.89],[27.77,42.76],[27.85,42.76],[27.85,42.82],[27.86,42.89],[27.87,42.95],[27.79,42.95],[27.79,43.02],[27.71,43.02],[27.72,43.08],[27.74,43.28],[27.99,43.34],[28.07,43.34],[28.23,43.34],[28.16,43.47],[28.48,43.47],[28.62,43.99],[28.54,43.99],[28.58,44.39],[28.84,44.58],[28.8,44.97],[29.05,44.97],[29.02,44.78],[29.11,44.78],[29.53,44.91],[29.62,45.04],[29.61,45.69],[29.86,45.69],[30.04,45.89],[30.3,45.96],[30.88,46.68],[31.61,46.61],[31.79,46.74],[32.03,46.74],[32.18,46.61],[32.17,46.55],[32.92,46.61],[33.69,46.87],[34.08,47.27],[34.12,47.53],[34.04,47.53],[33.62,47.53],[33.63,47.6]]]},"properties":{"id":"territory:First Bulgarian Empire:682","name":"제1차 불가리아 제국","name_en":"First Bulgarian Empire","actor":"기타중립","valid_from":682,"valid_to":705,"wikidata":"Q203817","area":173252,"src":"cliopatria","confidence":"medium"}},{"type":"Feature","geometry":{"type":"Point","coordinates":[27.433,44.943]},"properties":{"id":"territory:First Bulgarian Empire:682:label","name":"제1차 불가리아 제국","name_en":"First Bulgarian Empire","actor":"기타중립","valid_from":682,"valid_to":705,"wikidata":"Q203817","area":173252,"src":"cliopatria","confidence":"medium"}},{"type":"Feature","geometry":{"type":"MultiPolygon","coordinates":[[[[9.33,43.02],[9.49,43.02],[9.49,42.76],[9.57,42.76],[9.58,41.98],[9.5,41.98],[9.5,41.78],[9.26,41.39],[9.1,41.33],[8.78,41.52],[8.78,41.72],[8.62,41.72],[8.7,41.91],[8.54,42.11],[8.53,42.5],[8.77,42.69],[9.17,42.76],[9.25,43.02],[9.33,43.02]]],[[[10.46,42.89],[10.46,42.69],[10.21,42.69],[10.13,42.89],[10.21,42.89],[10.46,42.89]]],[[[13.14,45.82],[13.06,45.69],[12.98,45.82],[12.82,45.82],[12.74,45.82],[12.16,45.69],[12.0,45.56],[12.0,45.37],[12.16,45.37],[12.16,45.3],[12.16,45.17],[12.4,45.04],[12.4,44.78],[12.16,44.84],[12.15,44.45],[12.31,44.19],[12.55,44.06],[12.55,43.99],[12.39,43.93],[12.39,43.67],[12.23,43.6],[12.39,43.41],[12.38,43.02],[12.3,43.02],[12.38,42.43],[12.21,42.37],[12.05,42.37],[11.98,42.5],[11.73,42.3],[11.65,42.3],[11.26,42.43],[11.18,42.63],[11.02,42.63],[11.02,42.82],[10.54,43.08],[10.21,43.99],[9.89,43.99],[9.97,44.12],[9.73,44.12],[9.16,44.45],[8.43,44.39],[8.03,43.93],[7.63,43.8],[7.55,43.8],[7.63,44.19],[7.3,44.12],[6.98,44.25],[6.89,44.65],[6.97,44.65],[6.97,44.84],[6.64,44.97],[6.71,45.17],[7.12,45.3],[7.11,45.5],[6.78,45.69],[6.78,45.82],[6.94,45.96],[7.84,45.96],[8.24,46.15],[9.14,46.15],[9.39,46.48],[9.55,46.35],[10.04,46.28],[10.12,46.41],[10.04,46.41],[10.04,46.61],[10.37,46.61],[10.53,46.41],[11.93,46.48],[12.09,46.68],[12.91,46.61],[13.73,46.48],[13.73,46.41],[14.13,46.09],[14.12,45.82],[13.88,45.82],[13.88,45.76],[13.14,45.82]]]]},"properties":{"id":"territory:Kingdom of Italy:741","name":"Kingdom of Italy","name_en":"Kingdom of Italy","actor":"기타중립","valid_from":741,"valid_to":750,"wikidata":"Q172579","area":149379,"src":"cliopatria","confidence":"medium"}},{"type":"Feature","geometry":{"type":"Point","coordinates":[10.347,44.945]},"properties":{"id":"territory:Kingdom of Italy:741:label","name":"Kingdom of Italy","name_en":"Kingdom of Italy","actor":"기타중립","valid_from":741,"valid_to":750,"wikidata":"Q172579","area":149379,"src":"cliopatria","confidence":"medium"}},{"type":"Feature","geometry":{"type":"Polygon","coordinates":[[[25.28,47.33],[24.89,47.66],[24.99,47.8],[24.82,47.8],[24.67,47.99],[23.68,47.99],[23.11,48.13],[22.68,47.93],[22.58,47.6],[22.32,47.53],[22.17,47.66],[21.99,47.53],[21.58,47.53],[21.52,47.8],[21.11,47.86],[21.03,47.86],[20.42,47.4],[20.3,46.74],[20.13,46.61],[19.98,45.5],[20.29,45.17],[20.37,45.17],[20.53,45.1],[20.44,44.97],[20.67,44.71],[21.41,44.84],[21.64,44.65],[21.88,44.65],[21.87,44.52],[22.03,44.45],[22.11,44.45],[22.37,44.65],[24.23,44.71],[24.33,44.84],[24.73,44.78],[26.45,45.04],[26.46,45.1],[26.47,45.24],[26.23,45.3],[26.19,45.69],[25.95,45.76],[25.9,46.09],[25.99,46.15],[25.75,46.28],[25.71,46.68],[25.41,47.01],[25.51,47.2],[25.27,47.27],[25.28,47.33]]]},"properties":{"id":"territory:Avar Khaganate:793","name":"아바르 칸국","name_en":"Avar Khaganate","actor":"기타중립","valid_from":793,"valid_to":800,"wikidata":"Q68962","area":145972,"src":"cliopatria","confidence":"medium"}},{"type":"Feature","geometry":{"type":"Point","coordinates":[23.031,46.214]},"properties":{"id":"territory:Avar Khaganate:793:label","name":"아바르 칸국","name_en":"Avar Khaganate","actor":"기타중립","valid_from":793,"valid_to":800,"wikidata":"Q68962","area":145972,"src":"cliopatria","confidence":"medium"}},{"type":"Feature","geometry":{"type":"MultiPolygon","coordinates":[[[[11.61,32.17],[11.54,32.17],[11.54,32.24],[11.61,32.24],[11.61,32.17]]],[[[11.46,32.24],[11.46,32.3],[11.54,32.3],[11.54,32.24],[11.46,32.24]]],[[[11.08,35.58],[11.08,35.39],[11.01,35.39],[11.08,35.0],[10.85,34.94],[10.85,34.81],[10.54,34.55],[10.0,34.29],[10.08,34.23],[10.01,33.91],[10.08,33.91],[10.08,33.84],[9.78,33.65],[9.55,33.26],[9.47,33.26],[9.24,33.52],[9.16,34.1],[8.93,34.1],[8.77,34.23],[8.08,34.23],[8.0,34.42],[7.61,34.55],[7.15,34.49],[6.92,34.61],[6.46,34.55],[6.15,34.68],[5.3,34.61],[5.36,35.64],[5.28,35.64],[5.34,36.1],[5.27,36.16],[5.42,36.35],[5.33,36.74],[5.56,36.67],[5.64,36.8],[6.11,36.8],[6.1,36.93],[6.33,37.06],[6.8,36.87],[7.19,36.87],[7.35,37.06],[7.5,37.06],[7.74,36.87],[8.52,36.87],[8.9,37.13],[9.06,37.06],[9.6,37.32],[9.99,37.19],[10.23,37.25],[10.23,37.06],[10.31,37.06],[10.23,36.8],[10.54,36.74],[10.85,37.0],[11.01,37.0],[11.01,36.8],[10.46,36.42],[10.54,36.35],[10.46,35.9],[10.85,35.71],[10.85,35.64],[11.08,35.58]]]]},"properties":{"id":"territory:Fihrids:751","name":"Fihrids","name_en":"Fihrids","actor":"기타중립","valid_from":751,"valid_to":755,"wikidata":"Q5448100","area":145608,"src":"cliopatria","confidence":"medium"}},{"type":"Feature","geometry":{"type":"Point","coordinates":[8.25,35.61]},"properties":{"id":"territory:Fihrids:751:label","name":"Fihrids","name_en":"Fihrids","actor":"기타중립","valid_from":751,"valid_to":755,"wikidata":"Q5448100","area":145608,"src":"cliopatria","confidence":"medium"}},{"type":"Feature","geometry":{"type":"Polygon","coordinates":[[[4.33,49.85],[4.32,49.98],[3.98,50.05],[1.97,50.11],[1.45,50.25],[1.37,50.25],[1.05,49.98],[0.22,49.85],[-0.01,49.65],[0.01,49.38],[-1.25,49.45],[-1.36,49.78],[-2.03,49.78],[-1.91,49.38],[-1.65,49.25],[-1.64,49.05],[-1.72,49.05],[-1.61,48.72],[-1.6,48.65],[-1.51,48.52],[-1.67,48.46],[-1.65,48.26],[-1.65,48.19],[-1.8,47.99],[-2.45,47.86],[-2.84,47.6],[-2.83,47.53],[-2.58,47.47],[-2.56,47.27],[-2.31,47.27],[-2.23,47.27],[-0.26,47.27],[0.01,47.01],[0.84,46.81],[1.15,47.2],[1.63,47.4],[1.88,47.4],[2.03,47.53],[2.62,47.4],[3.52,47.6],[3.59,47.86],[3.67,47.86],[3.73,48.32],[4.88,48.72],[4.87,48.99],[4.43,49.38],[4.33,49.78],[4.33,49.85]]]},"properties":{"id":"territory:Kingdom of Neustria:724","name":"Kingdom of Neustria","name_en":"Kingdom of Neustria","actor":"기타중립","valid_from":724,"valid_to":732,"wikidata":"Q106577","area":131302,"src":"cliopatria","confidence":"medium"}},{"type":"Feature","geometry":{"type":"Point","coordinates":[1.183,48.603]},"properties":{"id":"territory:Kingdom of Neustria:724:label","name":"Kingdom of Neustria","name_en":"Kingdom of Neustria","actor":"기타중립","valid_from":724,"valid_to":732,"wikidata":"Q106577","area":131302,"src":"cliopatria","confidence":"medium"}},{"type":"Feature","geometry":{"type":"MultiPolygon","coordinates":[[[[14.26,48.32],[14.67,48.26],[14.92,48.39],[15.5,48.19],[16.08,48.19],[16.33,48.32],[16.66,48.32],[16.91,48.19],[16.9,48.13],[16.4,47.93],[16.3,47.53],[16.14,47.53],[16.13,47.14],[16.21,47.14],[16.2,46.94],[16.44,46.74],[16.44,46.61],[16.1,46.35],[15.6,46.22],[15.68,45.96],[15.51,45.89],[15.52,45.96],[15.02,45.89],[15.11,46.09],[14.7,46.15],[14.63,46.35],[13.81,46.48],[13.73,46.48],[12.09,46.68],[11.93,46.48],[11.52,46.41],[10.53,46.41],[10.37,46.61],[10.04,46.61],[10.04,46.41],[10.12,46.41],[10.04,46.28],[9.55,46.35],[9.39,46.48],[9.38,46.68],[9.63,46.94],[9.54,47.4],[9.95,47.66],[9.87,47.86],[9.95,47.86],[10.11,48.46],[11.03,48.79],[11.11,48.79],[11.61,48.99],[11.69,49.12],[12.11,49.18],[12.61,48.99],[12.77,48.79],[13.52,48.65],[14.18,48.32],[14.26,48.32]]],[[[16.91,48.19],[16.91,48.26],[16.99,48.26],[16.99,48.19],[16.91,48.19]]],[[[16.83,48.26],[16.83,48.32],[16.91,48.32],[16.91,48.26],[16.83,48.26]]]]},"properties":{"id":"territory:Bavarians:750","name":"Bavarians","name_en":"Bavarians","actor":"기타중립","valid_from":750,"valid_to":775,"wikidata":"Q13048507","area":122313,"src":"cliopatria","confidence":"medium"}},{"type":"Feature","geometry":{"type":"Point","coordinates":[12.967,47.498]},"properties":{"id":"territory:Bavarians:750:label","name":"Bavarians","name_en":"Bavarians","actor":"기타중립","valid_from":750,"valid_to":775,"wikidata":"Q13048507","area":122313,"src":"cliopatria","confidence":"medium"}},{"type":"Feature","geometry":{"type":"MultiPolygon","coordinates":[[[[14.26,48.32],[14.67,48.26],[14.92,48.39],[15.5,48.19],[16.08,48.19],[16.33,48.32],[16.66,48.32],[16.91,48.19],[16.9,48.13],[16.4,47.93],[16.3,47.53],[16.14,47.53],[16.13,47.14],[16.21,47.14],[16.2,46.94],[16.44,46.74],[16.44,46.61],[16.1,46.35],[15.6,46.22],[15.68,45.96],[15.51,45.89],[15.52,45.96],[15.02,45.89],[15.11,46.09],[14.7,46.15],[14.63,46.35],[13.81,46.48],[13.73,46.48],[12.09,46.68],[11.93,46.48],[10.53,46.41],[10.37,46.61],[10.04,46.61],[10.12,46.35],[9.88,46.28],[9.39,46.41],[9.38,46.68],[9.63,46.94],[9.54,47.4],[9.95,47.66],[9.87,47.86],[9.95,47.86],[10.11,48.46],[11.36,48.85],[11.86,49.18],[12.61,48.99],[12.77,48.79],[13.1,48.72],[13.1,48.59],[13.6,48.59],[14.18,48.32],[14.26,48.32]]],[[[16.91,48.19],[16.91,48.26],[16.99,48.26],[16.99,48.19],[16.91,48.19]]],[[[16.83,48.26],[16.83,48.32],[16.91,48.32],[16.91,48.26],[16.83,48.26]]]]},"properties":{"id":"territory:Bavarians:775","name":"Bavarians","name_en":"Bavarians","actor":"기타중립","valid_from":775,"valid_to":783,"wikidata":"Q13048507","area":121272,"src":"cliopatria","confidence":"medium"}},{"type":"Feature","geometry":{"type":"MultiPolygon","coordinates":[[[[14.26,48.32],[14.67,48.26],[14.92,48.39],[15.5,48.19],[16.08,48.19],[16.33,48.32],[16.66,48.32],[16.91,48.19],[16.9,48.13],[16.4,47.93],[16.3,47.53],[16.14,47.53],[16.13,47.14],[16.21,47.14],[16.2,46.94],[16.44,46.74],[16.44,46.61],[16.1,46.35],[15.6,46.22],[15.68,45.96],[15.51,45.89],[15.52,45.96],[15.02,45.89],[15.11,46.09],[14.7,46.15],[14.63,46.35],[13.81,46.48],[13.73,46.48],[12.09,46.68],[11.93,46.48],[10.53,46.41],[10.37,46.61],[10.04,46.61],[10.12,46.35],[9.88,46.28],[9.39,46.41],[9.38,46.68],[9.63,46.94],[9.54,47.4],[9.95,47.66],[9.87,47.86],[9.95,47.86],[10.11,48.46],[11.36,48.85],[11.86,49.18],[12.61,48.99],[12.77,48.79],[13.1,48.72],[13.1,48.59],[13.6,48.59],[14.18,48.32],[14.26,48.32]]],[[[16.91,48.19],[16.91,48.26],[16.99,48.26],[16.99,48.19],[16.91,48.19]]],[[[16.83,48.26],[16.83,48.32],[16.91,48.32],[16.91,48.26],[16.83,48.26]]]]},"properties":{"id":"territory:Bavarians:783","name":"Bavarians","name_en":"Bavarians","actor":"기타중립","valid_from":783,"valid_to":788,"wikidata":"Q13048507","area":121272,"src":"cliopatria","confidence":"medium"}},{"type":"Feature","geometry":{"type":"Point","coordinates":[12.973,47.491]},"properties":{"id":"territory:Bavarians:775:label","name":"Bavarians","name_en":"Bavarians","actor":"기타중립","valid_from":775,"valid_to":783,"wikidata":"Q13048507","area":121272,"src":"cliopatria","confidence":"medium"}},{"type":"Feature","geometry":{"type":"Point","coordinates":[12.973,47.491]},"properties":{"id":"territory:Bavarians:783:label","name":"Bavarians","name_en":"Bavarians","actor":"기타중립","valid_from":783,"valid_to":788,"wikidata":"Q13048507","area":121272,"src":"cliopatria","confidence":"medium"}},{"type":"Feature","geometry":{"type":"MultiPolygon","coordinates":[[[[13.45,32.81],[13.76,32.88],[13.76,32.75],[14.07,32.75],[14.44,32.49],[14.67,32.56],[14.75,32.43],[15.21,32.36],[15.42,31.66],[15.58,31.59],[15.65,31.4],[16.18,31.21],[17.47,31.08],[18.22,30.76],[18.59,30.37],[18.9,30.37],[18.89,30.31],[18.81,29.79],[18.73,29.79],[18.72,29.54],[18.87,29.34],[18.71,29.15],[18.71,29.09],[18.04,29.34],[17.82,29.67],[17.44,29.86],[16.16,30.12],[15.1,30.56],[14.88,30.95],[14.65,31.08],[14.66,31.21],[13.98,31.79],[13.37,32.04],[13.22,32.04],[13.22,31.91],[12.99,31.98],[12.45,31.85],[12.15,32.04],[11.61,32.17],[11.54,32.3],[11.08,32.24],[11.16,32.43],[10.09,32.88],[9.86,32.81],[9.7,33.14],[9.55,33.2],[9.55,33.26],[9.78,33.65],[10.08,33.84],[10.16,33.84],[10.24,33.71],[10.54,33.71],[10.7,33.52],[11.08,33.59],[11.16,33.2],[11.46,33.2],[12.23,32.81],[12.61,32.88],[12.53,32.75],[12.84,32.75],[12.84,32.88],[13.23,32.94],[13.3,32.94],[13.45,32.81]]],[[[11.61,32.11],[11.54,32.11],[11.54,32.17],[11.61,32.17],[11.61,32.11]]]]},"properties":{"id":"territory:Kharijites:751","name":"Kharijites","name_en":"Kharijites","actor":"기타중립","valid_from":751,"valid_to":755,"wikidata":"Q189570","area":105811,"src":"cliopatria","confidence":"medium"}},{"type":"Feature","geometry":{"type":"Point","coordinates":[14.603,31.573]},"properties":{"id":"territory:Kharijites:751:label","name":"Kharijites","name_en":"Kharijites","actor":"기타중립","valid_from":751,"valid_to":755,"wikidata":"Q189570","area":105811,"src":"cliopatria","confidence":"medium"}},{"type":"Feature","geometry":{"type":"MultiPolygon","coordinates":[[[[-5.65,43.54],[-4.99,43.41],[-3.22,43.41],[-3.14,43.41],[-3.19,43.08],[-3.03,43.02],[-3.01,42.82],[-2.93,42.82],[-3.0,42.63],[-3.71,42.56],[-4.02,42.37],[-4.96,42.11],[-6.39,42.04],[-6.61,41.91],[-7.18,41.98],[-7.33,41.85],[-8.44,41.78],[-8.42,41.65],[-8.89,41.59],[-8.9,41.65],[-8.96,42.17],[-8.66,42.37],[-9.08,42.56],[-9.1,42.76],[-9.28,42.89],[-9.3,43.15],[-9.16,43.28],[-8.85,43.41],[-8.37,43.41],[-8.39,43.6],[-8.24,43.73],[-7.28,43.73],[-7.34,43.6],[-7.18,43.54],[-5.73,43.54],[-5.65,43.54]]],[[[3.46,43.41],[2.98,43.15],[3.01,42.56],[3.09,42.56],[3.09,42.5],[2.46,42.37],[2.21,42.5],[1.89,42.5],[1.56,42.69],[1.79,42.95],[1.95,42.95],[2.1,43.28],[2.63,43.8],[2.8,43.8],[3.03,44.06],[3.43,44.06],[3.81,44.52],[4.06,44.52],[4.14,44.52],[4.14,44.45],[4.22,44.45],[4.22,44.39],[4.31,44.39],[4.39,44.39],[4.64,44.19],[4.24,44.06],[4.09,43.6],[4.01,43.6],[3.54,43.41],[3.46,43.41]]]]},"properties":{"id":"territory:Visigothic Kingdom:718","name":"서고트 왕국","name_en":"Visigothic Kingdom","actor":"게르만","valid_from":718,"valid_to":724,"wikidata":"Q126936","area":100065,"src":"cliopatria","confidence":"medium"}},{"type":"Feature","geometry":{"type":"Point","coordinates":[-6.452,42.775]},"properties":{"id":"territory:Visigothic Kingdom:718:label","name":"서고트 왕국","name_en":"Visigothic Kingdom","actor":"게르만","valid_from":718,"valid_to":724,"wikidata":"Q126936","area":100065,"src":"cliopatria","confidence":"medium"}},{"type":"Feature","geometry":{"type":"Polygon","coordinates":[[[0.85,51.71],[0.33,51.85],[0.23,51.98],[0.09,52.72],[0.25,52.86],[0.17,52.86],[0.07,52.99],[0.32,53.12],[0.3,53.39],[0.02,53.6],[0.02,53.66],[-0.68,53.73],[-0.75,53.53],[-1.09,53.53],[-1.16,53.33],[-1.33,53.33],[-1.7,53.6],[-2.54,53.33],[-2.88,53.33],[-3.15,53.46],[-3.24,53.46],[-3.32,53.46],[-3.32,53.39],[-3.4,53.39],[-3.49,53.39],[-3.27,52.99],[-3.07,52.72],[-3.14,52.52],[-3.04,52.38],[-2.87,52.38],[-2.93,52.12],[-2.92,52.05],[-2.91,51.98],[-2.83,51.98],[-2.82,51.92],[-2.63,51.65],[-2.95,51.51],[-2.95,51.45],[-3.11,51.38],[-3.09,51.25],[-4.2,51.31],[-4.43,51.05],[-4.68,51.05],[-4.67,50.91],[-4.66,50.85],[-4.31,50.71],[-4.27,50.38],[-4.19,50.38],[-4.09,50.25],[-3.58,50.25],[-3.46,50.65],[-3.13,50.71],[-2.79,50.71],[-2.61,50.58],[-1.52,50.71],[-1.51,50.58],[-1.18,50.58],[-1.11,50.78],[-1.37,50.85],[0.49,50.78],[1.39,51.18],[1.38,51.38],[1.21,51.45],[0.53,51.45],[0.86,51.51],[0.85,51.65],[0.85,51.71]]]},"properties":{"id":"territory:Kingdom of Mercia:788","name":"Kingdom of Mercia","name_en":"Kingdom of Mercia","actor":"기타중립","valid_from":788,"valid_to":800,"wikidata":"Q105092","area":84530,"src":"cliopatria","confidence":"medium"}},{"type":"Feature","geometry":{"type":"Point","coordinates":[-1.518,51.938]},"properties":{"id":"territory:Kingdom of Mercia:788:label","name":"Kingdom of Mercia","name_en":"Kingdom of Mercia","actor":"기타중립","valid_from":788,"valid_to":800,"wikidata":"Q105092","area":84530,"src":"cliopatria","confidence":"medium"}},{"type":"Feature","geometry":{"type":"Polygon","coordinates":[[[11.22,53.94],[11.14,54.07],[9.58,54.07],[9.32,54.14],[9.15,54.34],[8.97,54.34],[8.97,54.55],[8.8,54.55],[8.54,54.41],[8.54,54.27],[8.8,54.21],[8.89,53.87],[8.46,53.94],[8.38,53.73],[8.38,53.66],[8.47,53.39],[8.3,53.26],[7.36,53.06],[7.27,53.06],[7.18,53.06],[7.19,52.99],[7.1,52.99],[7.1,52.92],[7.02,52.92],[6.95,52.25],[6.7,52.05],[6.7,51.98],[7.3,51.71],[7.39,51.45],[7.65,51.31],[7.65,51.18],[8.34,50.71],[8.84,51.05],[10.1,51.45],[10.27,51.65],[10.53,51.65],[10.87,51.92],[11.55,51.78],[11.55,51.85],[11.8,51.98],[11.55,52.18],[11.55,52.32],[11.64,52.32],[11.82,53.12],[11.47,53.12],[11.48,53.26],[10.96,53.33],[10.88,53.73],[11.14,53.94],[11.22,53.94]]]},"properties":{"id":"territory:Saxons:724","name":"Saxons","name_en":"Saxons","actor":"게르만","valid_from":724,"valid_to":772,"wikidata":"Q101985","area":82385,"src":"cliopatria","confidence":"medium"}},{"type":"Feature","geometry":{"type":"Polygon","coordinates":[[[11.22,53.94],[11.14,54.07],[9.58,54.07],[9.32,54.14],[9.15,54.34],[8.97,54.34],[8.97,54.55],[8.8,54.55],[8.54,54.41],[8.54,54.27],[8.8,54.21],[8.89,53.87],[8.46,53.94],[8.38,53.73],[8.38,53.66],[8.47,53.39],[8.3,53.26],[7.36,53.06],[7.27,53.06],[7.18,53.06],[7.19,52.99],[7.1,52.99],[7.1,52.92],[7.02,52.92],[6.95,52.25],[6.7,52.05],[6.7,51.98],[7.3,51.71],[7.39,51.45],[7.65,51.31],[7.65,51.18],[8.34,50.71],[8.84,51.05],[10.1,51.45],[10.27,51.65],[10.53,51.65],[10.87,51.92],[11.55,51.78],[11.55,51.85],[11.8,51.98],[11.55,52.18],[11.55,52.32],[11.64,52.32],[11.82,53.12],[11.47,53.12],[11.48,53.26],[10.96,53.33],[10.88,53.73],[11.14,53.94],[11.22,53.94]]]},"properties":{"id":"territory:Saxons:783","name":"Saxons","name_en":"Saxons","actor":"게르만","valid_from":783,"valid_to":788,"wikidata":"Q101985","area":82385,"src":"cliopatria","confidence":"medium"}},{"type":"Feature","geometry":{"type":"Point","coordinates":[9.298,52.569]},"properties":{"id":"territory:Saxons:724:label","name":"Saxons","name_en":"Saxons","actor":"게르만","valid_from":724,"valid_to":772,"wikidata":"Q101985","area":82385,"src":"cliopatria","confidence":"medium"}},{"type":"Feature","geometry":{"type":"Point","coordinates":[9.298,52.569]},"properties":{"id":"territory:Saxons:783:label","name":"Saxons","name_en":"Saxons","actor":"게르만","valid_from":783,"valid_to":788,"wikidata":"Q101985","area":82385,"src":"cliopatria","confidence":"medium"}},{"type":"Feature","geometry":{"type":"Polygon","coordinates":[[[11.22,53.94],[11.14,54.07],[9.58,54.07],[9.32,54.14],[9.15,54.34],[8.97,54.34],[8.97,54.55],[8.8,54.55],[8.54,54.41],[8.54,54.27],[8.8,54.21],[8.89,53.87],[8.46,53.94],[8.38,53.73],[8.38,53.66],[8.47,53.39],[8.3,53.26],[7.1,52.99],[7.1,52.86],[6.94,52.72],[6.95,52.25],[6.7,52.05],[6.7,51.98],[7.3,51.71],[7.39,51.45],[7.65,51.31],[7.65,51.18],[8.34,50.71],[8.84,51.05],[10.1,51.45],[10.27,51.65],[10.53,51.65],[10.87,51.92],[11.55,51.78],[11.55,51.85],[11.8,51.98],[11.55,52.18],[11.55,52.32],[11.64,52.32],[11.82,53.12],[11.47,53.12],[11.48,53.26],[10.96,53.33],[10.88,53.73],[11.14,53.94],[11.22,53.94]]]},"properties":{"id":"territory:Saxons:778","name":"Saxons","name_en":"Saxons","actor":"게르만","valid_from":778,"valid_to":783,"wikidata":"Q101985","area":82364,"src":"cliopatria","confidence":"medium"}},{"type":"Feature","geometry":{"type":"Point","coordinates":[9.298,52.568]},"properties":{"id":"territory:Saxons:778:label","name":"Saxons","name_en":"Saxons","actor":"게르만","valid_from":778,"valid_to":783,"wikidata":"Q101985","area":82364,"src":"cliopatria","confidence":"medium"}},{"type":"Feature","geometry":{"type":"Polygon","coordinates":[[[11.22,53.94],[11.14,54.07],[9.58,54.07],[9.32,54.14],[9.15,54.34],[8.97,54.34],[8.97,54.55],[8.8,54.55],[8.54,54.41],[8.54,54.27],[8.8,54.21],[8.89,53.87],[8.46,53.94],[8.38,53.73],[8.38,53.66],[8.47,53.39],[8.3,53.26],[7.36,53.06],[7.27,53.06],[7.18,53.06],[7.19,52.99],[7.1,52.99],[7.1,52.92],[7.02,52.92],[6.95,52.25],[6.7,52.05],[6.7,51.98],[7.3,51.71],[7.39,51.45],[7.65,51.31],[7.65,51.18],[8.34,50.71],[8.84,51.05],[9.43,51.25],[10.1,51.45],[10.27,51.65],[10.53,51.65],[10.87,51.92],[11.55,51.78],[11.55,51.85],[11.8,51.98],[11.55,52.18],[11.55,52.32],[11.64,52.32],[11.82,53.12],[11.47,53.12],[11.48,53.26],[10.96,53.33],[10.88,53.73],[11.14,53.94],[11.22,53.94]]]},"properties":{"id":"territory:Saxons:641","name":"Saxons","name_en":"Saxons","actor":"게르만","valid_from":641,"valid_to":724,"wikidata":"Q101985","area":82316,"src":"cliopatria","confidence":"medium"}},{"type":"Feature","geometry":{"type":"Point","coordinates":[9.298,52.57]},"properties":{"id":"territory:Saxons:641:label","name":"Saxons","name_en":"Saxons","actor":"게르만","valid_from":641,"valid_to":724,"wikidata":"Q101985","area":82316,"src":"cliopatria","confidence":"medium"}},{"type":"Feature","geometry":{"type":"Polygon","coordinates":[[[11.3,53.19],[11.05,53.26],[10.88,53.46],[10.88,53.73],[11.22,54.0],[11.14,54.0],[11.14,54.07],[11.05,54.07],[10.97,54.07],[10.88,54.07],[10.88,54.0],[10.79,54.0],[10.1,54.07],[10.01,54.07],[9.32,54.14],[9.15,54.34],[8.97,54.34],[8.97,54.48],[8.63,54.48],[8.54,54.27],[8.8,54.21],[8.89,53.87],[8.46,53.94],[8.38,53.73],[8.38,53.66],[8.47,53.39],[8.3,53.26],[7.36,53.06],[7.27,53.06],[7.18,53.06],[7.19,52.99],[7.1,52.99],[7.1,52.92],[7.02,52.92],[6.95,52.25],[6.7,52.05],[6.7,51.98],[7.3,51.71],[7.39,51.45],[7.65,51.31],[7.65,51.18],[8.34,50.71],[8.84,51.05],[10.1,51.45],[10.27,51.65],[10.53,51.65],[10.87,51.92],[11.55,51.78],[11.55,51.85],[11.8,51.98],[11.55,52.18],[11.64,52.65],[11.73,52.65],[11.73,53.12],[11.39,53.19],[11.3,53.19]]]},"properties":{"id":"territory:Saxons:793","name":"Saxons","name_en":"Saxons","actor":"게르만","valid_from":793,"valid_to":800,"wikidata":"Q101985","area":81546,"src":"cliopatria","confidence":"medium"}},{"type":"Feature","geometry":{"type":"Point","coordinates":[9.281,52.559]},"properties":{"id":"territory:Saxons:793:label","name":"Saxons","name_en":"Saxons","actor":"게르만","valid_from":793,"valid_to":800,"wikidata":"Q101985","area":81546,"src":"cliopatria","confidence":"medium"}},{"type":"Feature","geometry":{"type":"Polygon","coordinates":[[[-5.73,43.54],[-7.18,43.54],[-7.34,43.6],[-7.28,43.73],[-8.24,43.73],[-8.39,43.6],[-8.37,43.41],[-8.85,43.41],[-9.16,43.28],[-9.3,43.15],[-9.28,42.89],[-9.1,42.76],[-9.08,42.56],[-8.66,42.37],[-8.96,42.17],[-8.89,41.52],[-8.42,41.59],[-8.36,41.78],[-7.25,41.85],[-7.18,41.98],[-6.61,41.91],[-6.39,42.04],[-4.96,42.11],[-4.02,42.37],[-3.71,42.56],[-3.08,42.63],[-3.0,42.63],[-2.93,42.82],[-3.01,42.82],[-3.03,43.02],[-3.19,43.08],[-3.14,43.41],[-3.22,43.41],[-4.99,43.41],[-5.65,43.54],[-5.73,43.54]]]},"properties":{"id":"territory:Kingdom of Asturias:755","name":"Kingdom of Asturias","name_en":"Kingdom of Asturias","actor":"기타중립","valid_from":755,"valid_to":825,"wikidata":"Q231392","area":78715,"src":"cliopatria","confidence":"medium"}},{"type":"Feature","geometry":{"type":"Point","coordinates":[-6.464,42.768]},"properties":{"id":"territory:Kingdom of Asturias:755:label","name":"Kingdom of Asturias","name_en":"Kingdom of Asturias","actor":"기타중립","valid_from":755,"valid_to":825,"wikidata":"Q231392","area":78715,"src":"cliopatria","confidence":"medium"}},{"type":"Feature","geometry":{"type":"Polygon","coordinates":[[[-5.73,43.54],[-7.18,43.54],[-7.34,43.6],[-7.28,43.73],[-8.24,43.73],[-8.39,43.6],[-8.37,43.41],[-8.85,43.41],[-9.16,43.28],[-9.3,43.15],[-9.28,42.89],[-9.1,42.76],[-9.08,42.56],[-8.66,42.37],[-8.96,42.17],[-8.89,41.52],[-8.42,41.59],[-8.36,41.78],[-7.25,41.85],[-7.18,41.98],[-6.61,41.91],[-6.39,42.04],[-5.35,42.04],[-4.73,42.24],[-4.65,42.24],[-4.02,42.37],[-3.71,42.56],[-3.0,42.63],[-2.93,42.82],[-3.01,42.82],[-3.03,43.02],[-3.19,43.08],[-3.14,43.41],[-3.22,43.41],[-4.99,43.41],[-5.65,43.54],[-5.73,43.54]]]},"properties":{"id":"territory:Kingdom of Asturias:750","name":"Kingdom of Asturias","name_en":"Kingdom of Asturias","actor":"기타중립","valid_from":750,"valid_to":755,"wikidata":"Q231392","area":78644,"src":"cliopatria","confidence":"medium"}},{"type":"Feature","geometry":{"type":"Point","coordinates":[-6.468,42.768]},"properties":{"id":"territory:Kingdom of Asturias:750:label","name":"Kingdom of Asturias","name_en":"Kingdom of Asturias","actor":"기타중립","valid_from":750,"valid_to":755,"wikidata":"Q231392","area":78644,"src":"cliopatria","confidence":"medium"}},{"type":"Feature","geometry":{"type":"Polygon","coordinates":[[[-5.73,43.54],[-7.18,43.54],[-7.34,43.6],[-7.28,43.73],[-8.24,43.73],[-8.39,43.6],[-8.37,43.41],[-8.85,43.41],[-9.16,43.28],[-9.3,43.15],[-9.28,42.89],[-9.1,42.76],[-9.08,42.56],[-8.66,42.37],[-8.96,42.17],[-8.9,41.65],[-8.89,41.59],[-8.42,41.65],[-8.44,41.78],[-7.33,41.85],[-7.18,41.98],[-6.61,41.91],[-6.39,42.04],[-4.96,42.11],[-4.02,42.37],[-3.71,42.56],[-3.0,42.63],[-2.93,42.82],[-3.01,42.82],[-3.03,43.02],[-3.19,43.08],[-3.14,43.41],[-3.22,43.41],[-4.99,43.41],[-5.65,43.54],[-5.73,43.54]]]},"properties":{"id":"territory:Kingdom of Asturias:724","name":"Kingdom of Asturias","name_en":"Kingdom of Asturias","actor":"기타중립","valid_from":724,"valid_to":750,"wikidata":"Q231392","area":78284,"src":"cliopatria","confidence":"medium"}},{"type":"Feature","geometry":{"type":"Point","coordinates":[-6.452,42.775]},"properties":{"id":"territory:Kingdom of Asturias:724:label","name":"Kingdom of Asturias","name_en":"Kingdom of Asturias","actor":"기타중립","valid_from":724,"valid_to":750,"wikidata":"Q231392","area":78284,"src":"cliopatria","confidence":"medium"}},{"type":"Feature","geometry":{"type":"Polygon","coordinates":[[[11.22,53.94],[11.14,54.07],[9.58,54.07],[9.32,54.14],[9.15,54.34],[8.97,54.34],[8.97,54.55],[8.8,54.55],[8.54,54.41],[8.54,54.27],[8.8,54.21],[8.89,53.87],[8.46,53.94],[8.38,53.73],[8.38,53.66],[8.47,53.39],[8.3,53.26],[7.1,52.99],[7.1,52.86],[6.94,52.72],[6.95,52.25],[6.7,52.05],[6.7,51.98],[7.13,51.85],[7.39,51.58],[7.98,51.92],[8.57,52.05],[8.74,51.85],[8.66,51.58],[7.73,51.25],[7.74,51.11],[8.34,50.71],[8.84,51.05],[10.1,51.45],[10.27,51.65],[10.53,51.65],[10.87,51.92],[11.55,51.78],[11.55,51.85],[11.8,51.98],[11.55,52.18],[11.55,52.32],[11.64,52.32],[11.82,53.12],[11.47,53.12],[11.48,53.26],[10.96,53.33],[10.88,53.73],[11.14,53.94],[11.22,53.94]]]},"properties":{"id":"territory:Saxons:772","name":"Saxons","name_en":"Saxons","actor":"게르만","valid_from":772,"valid_to":775,"wikidata":"Q101985","area":77375,"src":"cliopatria","confidence":"medium"}},{"type":"Feature","geometry":{"type":"Point","coordinates":[9.377,52.626]},"properties":{"id":"territory:Saxons:772:label","name":"Saxons","name_en":"Saxons","actor":"게르만","valid_from":772,"valid_to":775,"wikidata":"Q101985","area":77375,"src":"cliopatria","confidence":"medium"}},{"type":"Feature","geometry":{"type":"Polygon","coordinates":[[[14.18,48.32],[13.52,48.65],[12.77,48.79],[12.61,48.99],[12.11,49.18],[11.69,49.12],[11.61,48.99],[11.11,48.79],[11.03,48.79],[10.11,48.46],[9.95,47.86],[9.87,47.86],[9.95,47.66],[9.54,47.4],[9.54,47.2],[9.63,47.2],[9.55,46.87],[9.38,46.68],[9.39,46.48],[9.55,46.35],[10.04,46.28],[10.12,46.41],[10.04,46.41],[10.04,46.61],[10.37,46.61],[10.53,46.41],[11.93,46.48],[12.09,46.68],[12.91,46.61],[12.83,47.07],[13.41,47.07],[13.66,47.27],[13.83,47.6],[14.58,47.8],[14.58,47.93],[14.42,47.99],[14.42,48.26],[14.34,48.26],[14.26,48.26],[14.26,48.32],[14.18,48.32]]]},"properties":{"id":"territory:Bavarians:661","name":"Bavarians","name_en":"Bavarians","actor":"기타중립","valid_from":661,"valid_to":718,"wikidata":"Q13048507","area":76473,"src":"cliopatria","confidence":"medium"}},{"type":"Feature","geometry":{"type":"Polygon","coordinates":[[[14.18,48.32],[13.52,48.65],[12.77,48.79],[12.61,48.99],[12.11,49.18],[11.69,49.12],[11.61,48.99],[11.11,48.79],[11.03,48.79],[10.11,48.46],[9.95,47.86],[9.87,47.86],[9.95,47.66],[9.54,47.4],[9.54,47.2],[9.63,47.2],[9.55,46.87],[9.38,46.68],[9.39,46.48],[9.55,46.35],[10.04,46.28],[10.12,46.41],[10.04,46.41],[10.04,46.61],[10.37,46.61],[10.53,46.41],[11.93,46.48],[12.09,46.68],[12.91,46.61],[12.83,47.07],[13.41,47.07],[13.66,47.27],[13.83,47.6],[14.58,47.8],[14.58,47.93],[14.42,47.99],[14.42,48.26],[14.34,48.26],[14.26,48.26],[14.26,48.32],[14.18,48.32]]]},"properties":{"id":"territory:Bavarians:724","name":"Bavarians","name_en":"Bavarians","actor":"기타중립","valid_from":724,"valid_to":732,"wikidata":"Q13048507","area":76473,"src":"cliopatria","confidence":"medium"}},{"type":"Feature","geometry":{"type":"Polygon","coordinates":[[[14.18,48.32],[13.52,48.65],[12.77,48.79],[12.61,48.99],[12.11,49.18],[11.69,49.12],[11.61,48.99],[11.11,48.79],[11.03,48.79],[10.11,48.46],[9.95,47.86],[9.87,47.86],[9.95,47.66],[9.54,47.4],[9.54,47.2],[9.63,47.2],[9.55,46.87],[9.38,46.68],[9.39,46.48],[9.55,46.35],[10.04,46.28],[10.12,46.41],[10.04,46.41],[10.04,46.61],[10.37,46.61],[10.53,46.41],[11.93,46.48],[12.09,46.68],[12.91,46.61],[12.83,47.07],[13.41,47.07],[13.66,47.27],[13.83,47.6],[14.58,47.8],[14.58,47.93],[14.42,47.99],[14.42,48.26],[14.34,48.26],[14.26,48.26],[14.26,48.32],[14.18,48.32]]]},"properties":{"id":"territory:Bavarians:741","name":"Bavarians","name_en":"Bavarians","actor":"기타중립","valid_from":741,"valid_to":750,"wikidata":"Q13048507","area":76473,"src":"cliopatria","confidence":"medium"}},{"type":"Feature","geometry":{"type":"Point","coordinates":[11.78,47.694]},"properties":{"id":"territory:Bavarians:661:label","name":"Bavarians","name_en":"Bavarians","actor":"기타중립","valid_from":661,"valid_to":718,"wikidata":"Q13048507","area":76473,"src":"cliopatria","confidence":"medium"}},{"type":"Feature","geometry":{"type":"Point","coordinates":[11.78,47.694]},"properties":{"id":"territory:Bavarians:724:label","name":"Bavarians","name_en":"Bavarians","actor":"기타중립","valid_from":724,"valid_to":732,"wikidata":"Q13048507","area":76473,"src":"cliopatria","confidence":"medium"}},{"type":"Feature","geometry":{"type":"Point","coordinates":[11.78,47.694]},"properties":{"id":"territory:Bavarians:741:label","name":"Bavarians","name_en":"Bavarians","actor":"기타중립","valid_from":741,"valid_to":750,"wikidata":"Q13048507","area":76473,"src":"cliopatria","confidence":"medium"}},{"type":"Feature","geometry":{"type":"Polygon","coordinates":[[[14.18,48.32],[13.52,48.65],[12.77,48.79],[12.61,48.99],[12.11,49.18],[11.69,49.12],[11.61,48.99],[11.11,48.79],[11.03,48.79],[10.11,48.46],[9.95,47.86],[9.87,47.86],[9.95,47.66],[9.54,47.4],[9.63,46.94],[9.38,46.68],[9.39,46.48],[9.55,46.35],[10.04,46.28],[10.12,46.41],[10.04,46.41],[10.04,46.61],[10.37,46.61],[10.53,46.41],[11.93,46.48],[12.09,46.68],[12.91,46.61],[12.83,47.07],[13.41,47.07],[13.66,47.27],[13.83,47.6],[14.58,47.8],[14.58,47.93],[14.42,47.99],[14.42,48.26],[14.34,48.26],[14.26,48.26],[14.26,48.32],[14.18,48.32]]]},"properties":{"id":"territory:Bavarians:718","name":"Bavarians","name_en":"Bavarians","actor":"기타중립","valid_from":718,"valid_to":724,"wikidata":"Q13048507","area":76382,"src":"cliopatria","confidence":"medium"}},{"type":"Feature","geometry":{"type":"Polygon","coordinates":[[[14.18,48.32],[13.52,48.65],[12.77,48.79],[12.61,48.99],[12.11,49.18],[11.69,49.12],[11.61,48.99],[11.11,48.79],[11.03,48.79],[10.11,48.46],[9.95,47.86],[9.87,47.86],[9.95,47.66],[9.54,47.4],[9.63,46.94],[9.38,46.68],[9.39,46.48],[9.55,46.35],[10.04,46.28],[10.12,46.41],[10.04,46.41],[10.04,46.61],[10.37,46.61],[10.53,46.41],[11.93,46.48],[12.09,46.68],[12.91,46.61],[12.83,47.07],[13.41,47.07],[13.66,47.27],[13.83,47.6],[14.58,47.8],[14.58,47.93],[14.42,47.99],[14.42,48.26],[14.34,48.26],[14.26,48.26],[14.26,48.32],[14.18,48.32]]]},"properties":{"id":"territory:Bavarians:732","name":"Bavarians","name_en":"Bavarians","actor":"기타중립","valid_from":732,"valid_to":741,"wikidata":"Q13048507","area":76382,"src":"cliopatria","confidence":"medium"}},{"type":"Feature","geometry":{"type":"Point","coordinates":[11.782,47.695]},"properties":{"id":"territory:Bavarians:718:label","name":"Bavarians","name_en":"Bavarians","actor":"기타중립","valid_from":718,"valid_to":724,"wikidata":"Q13048507","area":76382,"src":"cliopatria","confidence":"medium"}},{"type":"Feature","geometry":{"type":"Point","coordinates":[11.782,47.695]},"properties":{"id":"territory:Bavarians:732:label","name":"Bavarians","name_en":"Bavarians","actor":"기타중립","valid_from":732,"valid_to":741,"wikidata":"Q13048507","area":76382,"src":"cliopatria","confidence":"medium"}},{"type":"Feature","geometry":{"type":"Polygon","coordinates":[[[0.85,51.71],[0.33,51.85],[0.23,51.98],[0.09,52.72],[0.25,52.86],[0.17,52.86],[0.07,52.99],[0.32,53.12],[0.3,53.39],[0.02,53.6],[0.02,53.66],[-0.68,53.73],[-0.75,53.53],[-1.09,53.53],[-1.16,53.33],[-1.33,53.33],[-1.7,53.6],[-2.54,53.33],[-2.88,53.33],[-3.15,53.46],[-3.24,53.46],[-3.32,53.46],[-3.32,53.39],[-3.4,53.39],[-3.49,53.39],[-3.27,52.99],[-3.07,52.72],[-3.14,52.52],[-3.04,52.38],[-2.87,52.38],[-2.93,52.12],[-2.92,52.05],[-2.91,51.98],[-2.83,51.98],[-2.82,51.92],[-2.63,51.65],[-2.95,51.51],[-2.95,51.45],[-3.11,51.38],[-3.09,51.25],[-4.2,51.31],[-4.43,51.05],[-4.68,51.05],[-4.67,50.91],[-4.66,50.85],[-4.31,50.71],[-4.27,50.38],[-4.19,50.38],[-4.09,50.25],[-3.58,50.25],[-3.46,50.65],[-3.13,50.71],[-2.79,50.71],[-2.61,50.58],[-2.1,50.58],[-2.03,50.71],[-1.52,50.71],[-1.51,50.58],[-1.1,50.65],[-1.11,50.78],[-1.36,50.78],[-1.37,50.85],[-1.47,51.05],[-1.15,51.25],[0.05,51.11],[-0.06,51.45],[0.53,51.45],[0.52,51.51],[0.61,51.51],[0.69,51.51],[0.78,51.51],[0.86,51.51],[0.86,51.58],[0.85,51.65],[0.85,51.71]]]},"properties":{"id":"territory:Kingdom of Mercia:741","name":"Kingdom of Mercia","name_en":"Kingdom of Mercia","actor":"기타중립","valid_from":741,"valid_to":755,"wikidata":"Q105092","area":74610,"src":"cliopatria","confidence":"medium"}},{"type":"Feature","geometry":{"type":"Point","coordinates":[-1.723,52.047]},"properties":{"id":"territory:Kingdom of Mercia:741:label","name":"Kingdom of Mercia","name_en":"Kingdom of Mercia","actor":"기타중립","valid_from":741,"valid_to":755,"wikidata":"Q105092","area":74610,"src":"cliopatria","confidence":"medium"}},{"type":"Feature","geometry":{"type":"Polygon","coordinates":[[[48.9,37.77],[48.84,38.35],[48.76,38.35],[48.82,38.67],[48.74,38.67],[48.9,39.13],[48.92,39.19],[48.67,39.58],[48.45,39.64],[48.23,39.32],[48.25,39.0],[47.99,38.87],[47.99,38.42],[48.19,38.22],[48.39,37.58],[48.85,37.06],[49.14,36.93],[49.19,36.74],[50.28,36.29],[50.47,36.03],[51.09,36.03],[51.83,35.84],[52.03,35.64],[52.34,35.64],[52.7,35.97],[53.2,36.16],[54.3,36.22],[54.88,36.42],[55.15,36.61],[55.19,36.8],[55.45,36.93],[55.48,37.13],[55.41,37.13],[54.89,37.25],[54.83,37.38],[54.38,37.45],[53.98,37.38],[54.09,37.19],[54.03,36.87],[53.49,36.87],[52.59,36.61],[51.64,36.55],[50.82,36.74],[50.53,36.87],[50.63,37.0],[50.57,37.06],[50.32,37.0],[50.0,37.38],[49.09,37.51],[48.88,37.71],[48.9,37.77]]]},"properties":{"id":"territory:Dabuyid Dynasty:647","name":"Dabuyid Dynasty","name_en":"Dabuyid Dynasty","actor":"기타중립","valid_from":647,"valid_to":718,"wikidata":"Q2816439","area":64800,"src":"cliopatria","confidence":"medium"}},{"type":"Feature","geometry":{"type":"Point","coordinates":[51.359,37.019]},"properties":{"id":"territory:Dabuyid Dynasty:647:label","name":"Dabuyid Dynasty","name_en":"Dabuyid Dynasty","actor":"기타중립","valid_from":647,"valid_to":718,"wikidata":"Q2816439","area":64800,"src":"cliopatria","confidence":"medium"}},{"type":"Feature","geometry":{"type":"Polygon","coordinates":[[[48.88,37.71],[49.09,37.51],[50.0,37.38],[50.32,37.0],[50.57,37.06],[50.63,37.0],[50.53,36.87],[50.82,36.74],[51.64,36.55],[52.59,36.61],[53.49,36.87],[54.03,36.87],[54.03,37.25],[54.04,37.32],[54.83,37.38],[55.03,37.19],[55.48,37.13],[55.45,36.93],[55.19,36.8],[55.15,36.61],[54.88,36.42],[54.3,36.22],[53.2,36.16],[52.7,35.97],[52.34,35.64],[52.03,35.64],[51.83,35.84],[51.09,36.03],[50.47,36.03],[50.28,36.29],[49.19,36.74],[49.14,36.93],[48.85,37.06],[48.39,37.58],[48.19,38.22],[47.99,38.42],[47.99,38.87],[48.25,39.0],[48.23,39.32],[48.45,39.64],[48.67,39.58],[48.92,39.19],[48.9,39.13],[48.74,38.67],[48.82,38.67],[48.76,38.35],[48.84,38.35],[48.9,37.77],[48.88,37.71]]]},"properties":{"id":"territory:Dabuyid Dynasty:718","name":"Dabuyid Dynasty","name_en":"Dabuyid Dynasty","actor":"기타중립","valid_from":718,"valid_to":750,"wikidata":"Q2816439","area":64405,"src":"cliopatria","confidence":"medium"}},{"type":"Feature","geometry":{"type":"Polygon","coordinates":[[[48.88,37.71],[49.09,37.51],[50.0,37.38],[50.32,37.0],[50.57,37.06],[50.63,37.0],[50.53,36.87],[50.82,36.74],[51.64,36.55],[52.59,36.61],[53.49,36.87],[54.03,36.87],[54.03,37.25],[54.04,37.32],[54.83,37.38],[55.03,37.19],[55.48,37.13],[55.45,36.93],[55.19,36.8],[55.15,36.61],[54.88,36.42],[54.3,36.22],[53.2,36.16],[52.7,35.97],[52.34,35.64],[52.03,35.64],[51.83,35.84],[51.09,36.03],[50.47,36.03],[50.28,36.29],[49.19,36.74],[49.14,36.93],[48.85,37.06],[48.39,37.58],[48.19,38.22],[47.99,38.42],[47.99,38.87],[48.25,39.0],[48.23,39.32],[48.45,39.64],[48.67,39.58],[48.92,39.19],[48.9,39.13],[48.74,38.67],[48.82,38.67],[48.76,38.35],[48.84,38.35],[48.9,37.77],[48.88,37.71]]]},"properties":{"id":"territory:Dabuyid Dynasty:751","name":"Dabuyid Dynasty","name_en":"Dabuyid Dynasty","actor":"기타중립","valid_from":751,"valid_to":755,"wikidata":"Q2816439","area":64405,"src":"cliopatria","confidence":"medium"}},{"type":"Feature","geometry":{"type":"Polygon","coordinates":[[[48.88,37.71],[49.09,37.51],[50.0,37.38],[50.32,37.0],[50.57,37.06],[50.63,37.0],[50.53,36.87],[50.82,36.74],[51.64,36.55],[52.59,36.61],[53.49,36.87],[54.03,36.87],[54.03,37.25],[54.04,37.32],[54.83,37.38],[55.03,37.19],[55.48,37.13],[55.45,36.93],[55.19,36.8],[55.15,36.61],[54.88,36.42],[54.3,36.22],[53.2,36.16],[52.7,35.97],[52.34,35.64],[52.03,35.64],[51.83,35.84],[51.09,36.03],[50.47,36.03],[50.28,36.29],[49.19,36.74],[49.14,36.93],[48.85,37.06],[48.39,37.58],[48.19,38.22],[47.99,38.42],[47.99,38.87],[48.25,39.0],[48.23,39.32],[48.45,39.64],[48.67,39.58],[48.92,39.19],[48.9,39.13],[48.74,38.67],[48.82,38.67],[48.76,38.35],[48.84,38.35],[48.9,37.77],[48.88,37.71]]]},"properties":{"id":"territory:Dabuyid Dynasty:755","name":"Dabuyid Dynasty","name_en":"Dabuyid Dynasty","actor":"기타중립","valid_from":755,"valid_to":757,"wikidata":"Q2816439","area":64405,"src":"cliopatria","confidence":"medium"}},{"type":"Feature","geometry":{"type":"Point","coordinates":[51.34,37.016]},"properties":{"id":"territory:Dabuyid Dynasty:718:label","name":"Dabuyid Dynasty","name_en":"Dabuyid Dynasty","actor":"기타중립","valid_from":718,"valid_to":750,"wikidata":"Q2816439","area":64405,"src":"cliopatria","confidence":"medium"}},{"type":"Feature","geometry":{"type":"Point","coordinates":[51.34,37.016]},"properties":{"id":"territory:Dabuyid Dynasty:751:label","name":"Dabuyid Dynasty","name_en":"Dabuyid Dynasty","actor":"기타중립","valid_from":751,"valid_to":755,"wikidata":"Q2816439","area":64405,"src":"cliopatria","confidence":"medium"}},{"type":"Feature","geometry":{"type":"Point","coordinates":[51.34,37.016]},"properties":{"id":"territory:Dabuyid Dynasty:755:label","name":"Dabuyid Dynasty","name_en":"Dabuyid Dynasty","actor":"기타중립","valid_from":755,"valid_to":757,"wikidata":"Q2816439","area":64405,"src":"cliopatria","confidence":"medium"}},{"type":"Feature","geometry":{"type":"Polygon","coordinates":[[[48.9,37.77],[48.84,38.35],[48.76,38.35],[48.82,38.67],[48.74,38.67],[48.9,39.13],[48.92,39.19],[48.67,39.58],[48.45,39.64],[48.23,39.32],[48.25,39.0],[47.99,38.87],[47.99,38.42],[48.19,38.22],[48.34,37.71],[48.54,37.51],[48.52,37.38],[49.14,36.93],[49.19,36.74],[50.28,36.29],[50.47,36.03],[51.39,35.97],[51.97,35.77],[52.03,35.64],[52.34,35.64],[52.7,35.97],[53.2,36.16],[54.3,36.22],[54.71,36.35],[55.45,36.93],[55.48,37.13],[55.03,37.19],[54.83,37.38],[54.04,37.32],[54.03,37.25],[54.03,36.87],[53.49,36.87],[52.59,36.61],[51.64,36.55],[50.82,36.74],[50.53,36.87],[50.63,37.0],[50.57,37.06],[50.32,37.0],[50.0,37.38],[49.09,37.51],[48.88,37.71],[48.9,37.77]]]},"properties":{"id":"territory:Dabuyid Dynasty:750","name":"Dabuyid Dynasty","name_en":"Dabuyid Dynasty","actor":"기타중립","valid_from":750,"valid_to":751,"wikidata":"Q2816439","area":64137,"src":"cliopatria","confidence":"medium"}},{"type":"Feature","geometry":{"type":"Point","coordinates":[51.343,37.015]},"properties":{"id":"territory:Dabuyid Dynasty:750:label","name":"Dabuyid Dynasty","name_en":"Dabuyid Dynasty","actor":"기타중립","valid_from":750,"valid_to":751,"wikidata":"Q2816439","area":64137,"src":"cliopatria","confidence":"medium"}},{"type":"Feature","geometry":{"type":"MultiPolygon","coordinates":[[[[-6.19,55.57],[-6.36,55.57],[-6.38,55.7],[-6.56,55.7],[-6.59,55.91],[-5.89,55.98],[-5.87,55.84],[-6.13,55.77],[-6.12,55.7],[-6.19,55.57]]],[[[-1.85,57.7],[-1.82,57.42],[-2.08,57.28],[-2.21,56.87],[-2.53,56.59],[-2.79,56.52],[-2.67,56.25],[-3.27,56.11],[-3.26,56.05],[-3.78,55.98],[-3.96,55.98],[-4.25,56.18],[-4.86,56.18],[-4.85,56.05],[-4.93,56.05],[-5.0,55.84],[-5.44,55.91],[-5.43,55.77],[-5.16,55.77],[-5.12,55.43],[-5.38,55.43],[-5.57,55.57],[-5.55,55.36],[-5.89,55.29],[-5.86,55.7],[-5.69,55.77],[-5.81,56.05],[-5.66,56.18],[-5.68,56.39],[-6.12,56.32],[-6.34,56.66],[-5.99,56.66],[-5.91,56.73],[-5.96,57.08],[-5.7,57.14],[-5.73,57.35],[-5.92,57.42],[-5.89,57.83],[-5.73,57.97],[-5.46,57.97],[-5.42,58.32],[-5.24,58.32],[-5.26,58.46],[-5.17,58.46],[-5.2,58.67],[-4.02,58.6],[-3.68,58.74],[-3.14,58.74],[-3.02,58.53],[-3.43,58.18],[-4.12,57.97],[-3.93,57.9],[-3.99,57.7],[-3.73,57.7],[-3.73,57.77],[-1.85,57.7]]],[[[-6.0,57.35],[-5.97,57.14],[-6.41,57.14],[-6.62,57.35],[-6.8,57.35],[-6.74,57.56],[-6.47,57.56],[-6.5,57.77],[-6.32,57.77],[-6.21,57.63],[-6.2,57.56],[-6.0,57.35]]],[[[-3.53,59.02],[-3.44,59.02],[-3.38,59.22],[-3.2,59.22],[-3.09,59.09],[-2.81,59.02],[-2.79,58.88],[-2.97,58.88],[-3.06,58.88],[-3.42,58.81],[-3.53,59.02]]],[[[-2.84,59.29],[-2.58,59.36],[-2.56,59.22],[-2.65,59.22],[-2.64,59.16],[-2.83,59.16],[-2.84,59.29]]]]},"properties":{"id":"territory:Dál Riata:750","name":"Dál Riata","name_en":"Dál Riata","actor":"기타중립","valid_from":750,"valid_to":840,"wikidata":"Q111471","area":59788,"src":"cliopatria","confidence":"medium"}},{"type":"Feature","geometry":{"type":"Point","coordinates":[-4.246,57.166]},"properties":{"id":"territory:Dál Riata:750:label","name":"Dál Riata","name_en":"Dál Riata","actor":"기타중립","valid_from":750,"valid_to":840,"wikidata":"Q111471","area":59788,"src":"cliopatria","confidence":"medium"}},{"type":"Feature","geometry":{"type":"Polygon","coordinates":[[[0.85,51.71],[0.33,51.85],[0.23,51.98],[0.09,52.72],[0.25,52.86],[0.17,52.86],[0.07,52.99],[0.32,53.12],[0.3,53.39],[0.02,53.6],[0.02,53.66],[-0.68,53.73],[-0.75,53.53],[-1.09,53.53],[-1.16,53.33],[-1.33,53.33],[-1.7,53.6],[-2.54,53.33],[-2.88,53.33],[-3.15,53.46],[-3.24,53.46],[-3.32,53.46],[-3.32,53.39],[-3.4,53.39],[-3.49,53.39],[-3.27,52.99],[-3.07,52.72],[-3.14,52.52],[-3.04,52.38],[-2.87,52.38],[-2.93,52.12],[-2.92,52.05],[-2.91,51.98],[-2.83,51.98],[-2.82,51.92],[-2.64,51.78],[-2.7,51.58],[-2.35,51.38],[-2.11,51.58],[-2.12,51.71],[-1.36,51.78],[-1.26,51.58],[-0.07,51.58],[0.11,51.45],[0.05,51.11],[-1.15,51.25],[-1.47,51.05],[-1.37,50.85],[-1.28,50.85],[0.49,50.78],[1.39,51.18],[1.38,51.38],[1.21,51.45],[0.53,51.45],[0.86,51.51],[0.85,51.65],[0.85,51.71]]]},"properties":{"id":"territory:Kingdom of Mercia:783","name":"Kingdom of Mercia","name_en":"Kingdom of Mercia","actor":"기타중립","valid_from":783,"valid_to":788,"wikidata":"Q105092","area":57873,"src":"cliopatria","confidence":"medium"}},{"type":"Feature","geometry":{"type":"Point","coordinates":[-1.1,52.326]},"properties":{"id":"territory:Kingdom of Mercia:783:label","name":"Kingdom of Mercia","name_en":"Kingdom of Mercia","actor":"기타중립","valid_from":783,"valid_to":788,"wikidata":"Q105092","area":57873,"src":"cliopatria","confidence":"medium"}},{"type":"Feature","geometry":{"type":"Polygon","coordinates":[[[10.53,49.32],[9.44,49.58],[9.52,49.98],[9.35,50.11],[9.35,50.25],[9.18,50.25],[8.84,50.51],[8.43,50.31],[8.35,49.98],[8.26,49.98],[8.27,49.65],[8.35,49.65],[8.28,49.18],[8.11,49.05],[8.12,48.85],[7.71,48.52],[7.63,47.99],[7.55,47.99],[7.56,47.6],[7.32,47.4],[7.48,47.27],[8.23,47.14],[8.39,46.94],[9.55,46.87],[9.63,47.2],[9.54,47.2],[9.54,47.4],[9.95,47.66],[9.87,47.86],[9.95,47.86],[10.11,48.46],[11.03,48.79],[11.03,48.85],[11.11,49.18],[11.03,49.25],[10.53,49.25],[10.53,49.32]]]},"properties":{"id":"territory:Kingdom of Alamannia:724","name":"알라마니아 왕국","name_en":"Kingdom of Alamannia","actor":"기타중립","valid_from":724,"valid_to":732,"wikidata":"Q2208978","area":57419,"src":"cliopatria","confidence":"medium"}},{"type":"Feature","geometry":{"type":"Point","coordinates":[9.033,48.519]},"properties":{"id":"territory:Kingdom of Alamannia:724:label","name":"알라마니아 왕국","name_en":"Kingdom of Alamannia","actor":"기타중립","valid_from":724,"valid_to":732,"wikidata":"Q2208978","area":57419,"src":"cliopatria","confidence":"medium"}},{"type":"Feature","geometry":{"type":"Polygon","coordinates":[[[10.86,49.25],[10.53,49.25],[9.78,49.45],[9.69,49.58],[9.44,49.58],[9.52,49.98],[9.27,50.25],[8.84,50.51],[8.43,50.31],[8.35,49.98],[8.26,49.98],[8.27,49.65],[8.35,49.65],[8.28,49.18],[8.11,49.05],[8.12,48.85],[7.71,48.52],[7.63,47.99],[7.55,47.99],[7.56,47.6],[7.32,47.4],[7.48,47.27],[8.23,47.14],[8.39,46.94],[9.55,46.87],[9.63,47.2],[9.54,47.2],[9.54,47.4],[9.95,47.66],[9.87,47.86],[9.95,47.86],[10.11,48.46],[11.03,48.79],[11.03,48.85],[11.11,49.18],[10.94,49.25],[10.86,49.25]]]},"properties":{"id":"territory:Frisia Kingdom:692","name":"Frisia Kingdom","name_en":"Frisia Kingdom","actor":"기타중립","valid_from":692,"valid_to":710,"wikidata":"Q4492881","area":57195,"src":"cliopatria","confidence":"medium"}},{"type":"Feature","geometry":{"type":"Polygon","coordinates":[[[10.86,49.25],[10.53,49.25],[9.78,49.45],[9.69,49.58],[9.44,49.58],[9.52,49.98],[9.27,50.25],[8.84,50.51],[8.43,50.31],[8.35,49.98],[8.26,49.98],[8.27,49.65],[8.35,49.65],[8.28,49.18],[8.11,49.05],[8.12,48.85],[7.71,48.52],[7.63,47.99],[7.55,47.99],[7.56,47.6],[7.32,47.4],[7.48,47.27],[8.23,47.14],[8.39,46.94],[9.55,46.87],[9.63,47.2],[9.54,47.2],[9.54,47.4],[9.95,47.66],[9.87,47.86],[9.95,47.86],[10.11,48.46],[11.03,48.79],[11.03,48.85],[11.11,49.18],[10.94,49.25],[10.86,49.25]]]},"properties":{"id":"territory:Frisia Kingdom:710","name":"Frisia Kingdom","name_en":"Frisia Kingdom","actor":"기타중립","valid_from":710,"valid_to":718,"wikidata":"Q4492881","area":57195,"src":"cliopatria","confidence":"medium"}},{"type":"Feature","geometry":{"type":"Point","coordinates":[9.026,48.518]},"properties":{"id":"territory:Frisia Kingdom:692:label","name":"Frisia Kingdom","name_en":"Frisia Kingdom","actor":"기타중립","valid_from":692,"valid_to":710,"wikidata":"Q4492881","area":57195,"src":"cliopatria","confidence":"medium"}},{"type":"Feature","geometry":{"type":"Point","coordinates":[9.026,48.518]},"properties":{"id":"territory:Frisia Kingdom:710:label","name":"Frisia Kingdom","name_en":"Frisia Kingdom","actor":"기타중립","valid_from":710,"valid_to":718,"wikidata":"Q4492881","area":57195,"src":"cliopatria","confidence":"medium"}},{"type":"Feature","geometry":{"type":"Polygon","coordinates":[[[1.49,42.63],[1.32,42.69],[1.21,43.21],[0.54,43.73],[0.44,44.06],[0.28,44.06],[0.02,44.39],[-0.64,44.52],[-1.06,44.78],[-1.22,44.71],[-1.21,44.65],[-1.39,43.67],[-1.69,43.34],[-3.06,43.41],[-3.14,43.41],[-3.19,43.08],[-3.03,43.02],[-3.01,42.82],[-2.93,42.82],[-3.0,42.63],[-2.92,42.63],[-2.28,42.63],[-2.2,42.63],[-2.13,42.76],[-1.73,42.76],[-1.4,42.63],[0.72,42.04],[1.04,42.04],[1.43,42.24],[1.41,42.5],[1.49,42.5],[1.49,42.63]]]},"properties":{"id":"territory:Duchy of Gascony:778","name":"Duchy of Gascony","name_en":"Duchy of Gascony","actor":"기타중립","valid_from":778,"valid_to":783,"wikidata":"Q2295939","area":56472,"src":"cliopatria","confidence":"medium"}},{"type":"Feature","geometry":{"type":"Point","coordinates":[-0.545,43.21]},"properties":{"id":"territory:Duchy of Gascony:778:label","name":"Duchy of Gascony","name_en":"Duchy of Gascony","actor":"기타중립","valid_from":778,"valid_to":783,"wikidata":"Q2295939","area":56472,"src":"cliopatria","confidence":"medium"}},{"type":"Feature","geometry":{"type":"Polygon","coordinates":[[[0.85,51.71],[0.33,51.85],[0.23,51.98],[0.09,52.72],[0.25,52.86],[0.17,52.86],[0.07,52.99],[0.32,53.12],[0.3,53.39],[0.02,53.6],[0.02,53.66],[-0.68,53.73],[-0.75,53.53],[-1.09,53.53],[-1.16,53.33],[-1.33,53.33],[-1.7,53.6],[-2.54,53.33],[-2.88,53.33],[-3.15,53.46],[-3.24,53.46],[-3.32,53.46],[-3.32,53.39],[-3.4,53.39],[-3.49,53.39],[-3.27,52.99],[-3.07,52.72],[-3.14,52.52],[-3.04,52.38],[-2.87,52.38],[-2.93,52.12],[-2.92,52.05],[-2.91,51.98],[-2.83,51.98],[-2.82,51.92],[-2.64,51.78],[-2.7,51.58],[-2.35,51.38],[-2.11,51.58],[-2.12,51.71],[-0.61,51.85],[-0.17,51.71],[-0.16,51.58],[0.02,51.51],[-0.06,51.45],[0.05,51.11],[-1.15,51.25],[-1.47,51.05],[-1.37,50.85],[-1.28,50.85],[0.49,50.78],[1.39,51.18],[1.38,51.38],[1.21,51.45],[0.53,51.45],[0.86,51.51],[0.85,51.65],[0.85,51.71]]]},"properties":{"id":"territory:Kingdom of Mercia:772","name":"Kingdom of Mercia","name_en":"Kingdom of Mercia","actor":"기타중립","valid_from":772,"valid_to":783,"wikidata":"Q105092","area":56192,"src":"cliopatria","confidence":"medium"}},{"type":"Feature","geometry":{"type":"Point","coordinates":[-1.106,52.343]},"properties":{"id":"territory:Kingdom of Mercia:772:label","name":"Kingdom of Mercia","name_en":"Kingdom of Mercia","actor":"기타중립","valid_from":772,"valid_to":783,"wikidata":"Q105092","area":56192,"src":"cliopatria","confidence":"medium"}},{"type":"Feature","geometry":{"type":"Polygon","coordinates":[[[0.79,43.6],[0.54,43.73],[0.44,44.06],[0.28,44.06],[0.02,44.39],[-0.64,44.52],[-1.06,44.78],[-1.22,44.71],[-1.21,44.65],[-1.39,43.67],[-1.69,43.34],[-3.06,43.41],[-3.14,43.41],[-3.19,43.08],[-3.03,43.02],[-3.01,42.82],[-2.93,42.82],[-3.0,42.63],[-2.92,42.63],[-2.28,42.63],[-2.2,42.63],[-2.13,42.76],[-1.4,42.69],[0.72,42.04],[1.35,42.17],[1.41,42.5],[1.49,42.5],[1.49,42.63],[1.32,42.69],[1.21,43.21],[0.79,43.54],[0.79,43.6]]]},"properties":{"id":"territory:Duchy of Gascony:768","name":"Duchy of Gascony","name_en":"Duchy of Gascony","actor":"기타중립","valid_from":768,"valid_to":772,"wikidata":"Q2295939","area":55716,"src":"cliopatria","confidence":"medium"}},{"type":"Feature","geometry":{"type":"Point","coordinates":[-0.55,43.223]},"properties":{"id":"territory:Duchy of Gascony:768:label","name":"Duchy of Gascony","name_en":"Duchy of Gascony","actor":"기타중립","valid_from":768,"valid_to":772,"wikidata":"Q2295939","area":55716,"src":"cliopatria","confidence":"medium"}},{"type":"Feature","geometry":{"type":"Polygon","coordinates":[[[1.49,42.63],[1.32,42.69],[1.21,43.21],[0.54,43.73],[0.44,44.06],[0.28,44.06],[0.02,44.39],[-0.64,44.52],[-1.06,44.78],[-1.22,44.71],[-1.21,44.65],[-1.39,43.67],[-1.69,43.34],[-3.06,43.41],[-3.14,43.41],[-3.19,43.08],[-3.03,43.02],[-3.01,42.82],[-2.93,42.82],[-3.0,42.63],[-2.92,42.63],[-2.28,42.63],[-2.2,42.63],[-2.13,42.76],[-1.4,42.69],[0.72,42.04],[1.35,42.17],[1.41,42.5],[1.49,42.5],[1.49,42.63]]]},"properties":{"id":"territory:Duchy of Gascony:772","name":"Duchy of Gascony","name_en":"Duchy of Gascony","actor":"기타중립","valid_from":772,"valid_to":778,"wikidata":"Q2295939","area":55643,"src":"cliopatria","confidence":"medium"}},{"type":"Feature","geometry":{"type":"Point","coordinates":[-0.552,43.222]},"properties":{"id":"territory:Duchy of Gascony:772:label","name":"Duchy of Gascony","name_en":"Duchy of Gascony","actor":"기타중립","valid_from":772,"valid_to":778,"wikidata":"Q2295939","area":55643,"src":"cliopatria","confidence":"medium"}},{"type":"Feature","geometry":{"type":"Polygon","coordinates":[[[0.85,51.71],[0.33,51.85],[0.23,51.98],[0.09,52.72],[0.25,52.86],[0.17,52.86],[0.07,52.99],[0.32,53.12],[0.3,53.39],[0.02,53.6],[0.02,53.66],[-0.68,53.73],[-0.75,53.53],[-1.09,53.53],[-1.16,53.33],[-1.33,53.33],[-1.7,53.6],[-2.54,53.33],[-2.88,53.33],[-3.15,53.46],[-3.24,53.46],[-3.32,53.46],[-3.32,53.39],[-3.4,53.39],[-3.49,53.39],[-3.27,52.99],[-3.07,52.72],[-3.14,52.52],[-3.04,52.38],[-2.87,52.38],[-2.93,52.12],[-2.92,52.05],[-2.91,51.98],[-2.83,51.98],[-2.82,51.92],[-2.64,51.78],[-2.7,51.58],[-2.35,51.38],[-2.11,51.58],[-2.12,51.71],[-0.61,51.85],[-0.17,51.71],[-0.16,51.58],[0.02,51.51],[-0.06,51.45],[0.05,51.11],[0.56,51.05],[0.74,50.91],[0.82,50.91],[1.39,51.18],[1.38,51.38],[1.21,51.45],[0.53,51.45],[0.86,51.51],[0.85,51.65],[0.85,51.71]]]},"properties":{"id":"territory:Kingdom of Mercia:763","name":"Kingdom of Mercia","name_en":"Kingdom of Mercia","actor":"기타중립","valid_from":763,"valid_to":772,"wikidata":"Q105092","area":50820,"src":"cliopatria","confidence":"medium"}},{"type":"Feature","geometry":{"type":"Point","coordinates":[-1.174,52.481]},"properties":{"id":"territory:Kingdom of Mercia:763:label","name":"Kingdom of Mercia","name_en":"Kingdom of Mercia","actor":"기타중립","valid_from":763,"valid_to":772,"wikidata":"Q105092","area":50820,"src":"cliopatria","confidence":"medium"}},{"type":"Feature","geometry":{"type":"Polygon","coordinates":[[[0.85,51.71],[0.33,51.85],[0.23,51.98],[0.09,52.72],[0.25,52.86],[0.17,52.86],[0.07,52.99],[0.32,53.12],[0.3,53.39],[0.02,53.6],[0.02,53.66],[-0.68,53.73],[-0.75,53.53],[-1.09,53.53],[-1.16,53.33],[-1.33,53.33],[-1.7,53.6],[-2.54,53.33],[-2.88,53.33],[-3.15,53.46],[-3.24,53.46],[-3.32,53.46],[-3.32,53.39],[-3.4,53.39],[-3.49,53.39],[-3.27,52.99],[-3.07,52.72],[-3.14,52.52],[-3.04,52.38],[-2.87,52.38],[-2.93,52.12],[-2.92,52.05],[-2.91,51.98],[-2.83,51.98],[-2.82,51.92],[-2.64,51.78],[-2.7,51.58],[-2.35,51.38],[-2.11,51.58],[-2.12,51.71],[-1.36,51.78],[-1.26,51.58],[-0.07,51.58],[0.02,51.45],[0.11,51.45],[0.86,51.51],[0.85,51.65],[0.85,51.71]]]},"properties":{"id":"territory:Kingdom of Mercia:705","name":"Kingdom of Mercia","name_en":"Kingdom of Mercia","actor":"기타중립","valid_from":705,"valid_to":741,"wikidata":"Q105092","area":48328,"src":"cliopatria","confidence":"medium"}},{"type":"Feature","geometry":{"type":"Polygon","coordinates":[[[0.85,51.71],[0.33,51.85],[0.23,51.98],[0.09,52.72],[0.25,52.86],[0.17,52.86],[0.07,52.99],[0.32,53.12],[0.3,53.39],[0.02,53.6],[0.02,53.66],[-0.68,53.73],[-0.75,53.53],[-1.09,53.53],[-1.16,53.33],[-1.33,53.33],[-1.7,53.6],[-2.54,53.33],[-2.88,53.33],[-3.15,53.46],[-3.24,53.46],[-3.32,53.46],[-3.32,53.39],[-3.4,53.39],[-3.49,53.39],[-3.27,52.99],[-3.07,52.72],[-3.14,52.52],[-3.04,52.38],[-2.87,52.38],[-2.93,52.12],[-2.92,52.05],[-2.91,51.98],[-2.83,51.98],[-2.82,51.92],[-2.64,51.78],[-2.7,51.58],[-2.35,51.38],[-2.11,51.58],[-2.12,51.71],[-1.36,51.78],[-1.26,51.58],[-0.07,51.58],[0.02,51.45],[0.11,51.45],[0.86,51.51],[0.85,51.65],[0.85,51.71]]]},"properties":{"id":"territory:Kingdom of Mercia:755","name":"Kingdom of Mercia","name_en":"Kingdom of Mercia","actor":"기타중립","valid_from":755,"valid_to":763,"wikidata":"Q105092","area":48328,"src":"cliopatria","confidence":"medium"}},{"type":"Feature","geometry":{"type":"Point","coordinates":[-1.324,52.56]},"properties":{"id":"territory:Kingdom of Mercia:705:label","name":"Kingdom of Mercia","name_en":"Kingdom of Mercia","actor":"기타중립","valid_from":705,"valid_to":741,"wikidata":"Q105092","area":48328,"src":"cliopatria","confidence":"medium"}},{"type":"Feature","geometry":{"type":"Point","coordinates":[-1.324,52.56]},"properties":{"id":"territory:Kingdom of Mercia:755:label","name":"Kingdom of Mercia","name_en":"Kingdom of Mercia","actor":"기타중립","valid_from":755,"valid_to":763,"wikidata":"Q105092","area":48328,"src":"cliopatria","confidence":"medium"}},{"type":"Feature","geometry":{"type":"Polygon","coordinates":[[[15.95,41.72],[15.87,41.72],[15.94,41.39],[16.73,41.2],[17.67,40.74],[17.5,40.55],[16.87,40.48],[16.94,40.36],[16.62,40.29],[16.7,40.1],[16.46,39.97],[16.45,39.77],[16.45,39.71],[15.9,39.71],[15.9,39.77],[15.67,39.9],[15.75,40.03],[15.43,40.03],[14.96,40.29],[14.97,40.61],[14.81,40.68],[14.73,40.68],[14.74,40.81],[14.58,40.81],[14.5,41.0],[14.03,41.0],[13.95,41.0],[13.95,41.13],[13.79,41.13],[13.71,41.26],[13.4,41.26],[13.4,41.33],[13.87,41.33],[14.04,41.52],[13.96,41.72],[13.72,41.85],[13.81,42.24],[13.81,42.3],[13.89,42.3],[13.9,42.5],[14.06,42.56],[14.06,42.5],[14.61,42.11],[14.77,42.17],[14.77,42.04],[14.92,41.98],[15.17,42.04],[15.24,41.91],[16.12,41.91],[16.03,41.72],[15.95,41.72]]]},"properties":{"id":"territory:Duchy of Benevento:775","name":"Duchy of Benevento","name_en":"Duchy of Benevento","actor":"기타중립","valid_from":775,"valid_to":778,"wikidata":"Q267816","area":46510,"src":"cliopatria","confidence":"medium"}},{"type":"Feature","geometry":{"type":"Point","coordinates":[15.466,41.054]},"properties":{"id":"territory:Duchy of Benevento:775:label","name":"Duchy of Benevento","name_en":"Duchy of Benevento","actor":"기타중립","valid_from":775,"valid_to":778,"wikidata":"Q267816","area":46510,"src":"cliopatria","confidence":"medium"}},{"type":"Feature","geometry":{"type":"Polygon","coordinates":[[[15.95,41.72],[15.87,41.72],[15.94,41.39],[16.73,41.2],[17.67,40.74],[17.5,40.55],[16.87,40.48],[16.94,40.36],[16.62,40.29],[16.7,40.1],[16.46,39.97],[16.45,39.77],[16.45,39.71],[15.9,39.71],[15.9,39.77],[15.67,39.9],[15.75,40.03],[15.43,40.03],[14.96,40.29],[14.97,40.61],[14.81,40.68],[14.73,40.68],[14.74,40.81],[14.58,40.81],[14.5,41.0],[14.03,41.0],[13.95,41.0],[13.95,41.07],[13.95,41.13],[13.87,41.13],[13.79,41.13],[13.79,41.2],[14.04,41.59],[13.96,41.59],[13.96,41.72],[13.72,41.85],[13.81,42.24],[13.81,42.3],[13.89,42.3],[13.9,42.5],[14.06,42.56],[14.06,42.5],[14.61,42.11],[14.77,42.17],[14.77,42.04],[14.92,41.98],[15.17,42.04],[15.24,41.91],[16.12,41.91],[16.03,41.72],[15.95,41.72]]]},"properties":{"id":"territory:Duchy of Benevento:741","name":"Duchy of Benevento","name_en":"Duchy of Benevento","actor":"기타중립","valid_from":741,"valid_to":750,"wikidata":"Q267816","area":46245,"src":"cliopatria","confidence":"medium"}},{"type":"Feature","geometry":{"type":"Point","coordinates":[15.477,41.053]},"properties":{"id":"territory:Duchy of Benevento:741:label","name":"Duchy of Benevento","name_en":"Duchy of Benevento","actor":"기타중립","valid_from":741,"valid_to":750,"wikidata":"Q267816","area":46245,"src":"cliopatria","confidence":"medium"}},{"type":"Feature","geometry":{"type":"MultiPolygon","coordinates":[[[[16.4,47.93],[16.3,47.53],[16.14,47.53],[16.13,47.14],[16.21,47.14],[16.2,46.94],[16.44,46.74],[16.44,46.61],[16.18,46.41],[16.1,46.41],[15.85,46.22],[15.6,46.22],[15.68,45.89],[15.43,45.82],[15.52,45.96],[15.02,45.89],[15.11,46.09],[14.7,46.15],[14.63,46.35],[13.81,46.48],[13.73,46.48],[12.91,46.61],[12.83,47.07],[13.41,47.07],[13.66,47.27],[13.83,47.6],[14.58,47.8],[14.58,47.93],[14.42,47.99],[14.42,48.26],[14.42,48.32],[14.67,48.26],[14.92,48.39],[15.5,48.19],[16.08,48.19],[16.33,48.32],[16.66,48.32],[16.91,48.19],[16.9,48.13],[16.48,47.93],[16.4,47.93]]],[[[16.91,48.19],[16.91,48.26],[16.99,48.26],[16.99,48.19],[16.91,48.19]]],[[[16.83,48.26],[16.83,48.32],[16.91,48.32],[16.91,48.26],[16.83,48.26]]]]},"properties":{"id":"territory:Carantania:661","name":"Carantania","name_en":"Carantania","actor":"기타중립","valid_from":661,"valid_to":741,"wikidata":"Q501754","area":45586,"src":"cliopatria","confidence":"medium"}},{"type":"Feature","geometry":{"type":"Point","coordinates":[15.003,47.169]},"properties":{"id":"territory:Carantania:661:label","name":"Carantania","name_en":"Carantania","actor":"기타중립","valid_from":661,"valid_to":741,"wikidata":"Q501754","area":45586,"src":"cliopatria","confidence":"medium"}},{"type":"Feature","geometry":{"type":"MultiPolygon","coordinates":[[[[16.4,47.93],[16.3,47.53],[16.14,47.53],[16.13,47.14],[16.21,47.14],[16.2,46.94],[16.44,46.74],[16.44,46.61],[16.1,46.35],[15.6,46.22],[15.68,45.96],[15.51,45.89],[15.52,45.96],[15.02,45.89],[15.11,46.09],[14.7,46.15],[14.63,46.35],[13.81,46.48],[13.73,46.48],[12.91,46.61],[12.83,47.07],[13.41,47.07],[13.66,47.27],[13.83,47.6],[14.58,47.8],[14.58,47.93],[14.42,47.99],[14.42,48.26],[14.42,48.32],[14.67,48.26],[14.92,48.39],[15.5,48.19],[16.08,48.19],[16.33,48.32],[16.66,48.32],[16.91,48.19],[16.9,48.13],[16.48,47.93],[16.4,47.93]]],[[[16.91,48.19],[16.91,48.26],[16.99,48.26],[16.99,48.19],[16.91,48.19]]],[[[16.83,48.26],[16.83,48.32],[16.91,48.32],[16.91,48.26],[16.83,48.26]]]]},"properties":{"id":"territory:Carantania:741","name":"Carantania","name_en":"Carantania","actor":"기타중립","valid_from":741,"valid_to":750,"wikidata":"Q501754","area":45447,"src":"cliopatria","confidence":"medium"}},{"type":"Feature","geometry":{"type":"Point","coordinates":[15.001,47.173]},"properties":{"id":"territory:Carantania:741:label","name":"Carantania","name_en":"Carantania","actor":"기타중립","valid_from":741,"valid_to":750,"wikidata":"Q501754","area":45447,"src":"cliopatria","confidence":"medium"}},{"type":"Feature","geometry":{"type":"Polygon","coordinates":[[[0.85,51.71],[0.33,51.85],[0.23,51.98],[0.09,52.72],[0.25,52.86],[0.17,52.86],[0.07,52.99],[0.32,53.12],[0.3,53.39],[0.02,53.6],[0.02,53.66],[-0.68,53.73],[-0.75,53.53],[-1.09,53.53],[-1.16,53.33],[-1.87,53.6],[-2.54,53.33],[-2.88,53.33],[-2.87,53.26],[-2.87,53.19],[-2.86,53.12],[-2.85,53.06],[-2.85,52.99],[-2.73,52.72],[-2.82,52.72],[-2.93,52.12],[-2.92,52.05],[-2.91,51.98],[-2.83,51.98],[-2.82,51.92],[-2.55,51.78],[-2.7,51.58],[-2.35,51.38],[-2.11,51.58],[-2.12,51.71],[-1.36,51.78],[-1.26,51.58],[-0.84,51.65],[-0.75,51.51],[-0.07,51.58],[0.02,51.45],[0.53,51.45],[0.52,51.51],[0.61,51.51],[0.69,51.51],[0.78,51.51],[0.86,51.51],[0.86,51.58],[0.85,51.65],[0.85,51.71]]]},"properties":{"id":"territory:Kingdom of Mercia:692","name":"Kingdom of Mercia","name_en":"Kingdom of Mercia","actor":"기타중립","valid_from":692,"valid_to":705,"wikidata":"Q105092","area":45434,"src":"cliopatria","confidence":"medium"}},{"type":"Feature","geometry":{"type":"Point","coordinates":[-1.202,52.535]},"properties":{"id":"territory:Kingdom of Mercia:692:label","name":"Kingdom of Mercia","name_en":"Kingdom of Mercia","actor":"기타중립","valid_from":692,"valid_to":705,"wikidata":"Q105092","area":45434,"src":"cliopatria","confidence":"medium"}},{"type":"Feature","geometry":{"type":"MultiPolygon","coordinates":[[[[51.38,55.91],[51.97,55.84],[52.03,55.77],[51.91,55.43],[52.0,55.43],[51.9,55.16],[51.57,54.95],[51.61,54.82],[51.35,54.82],[51.21,54.68],[50.39,54.55],[50.06,54.61],[49.67,54.48],[49.69,54.55],[48.32,54.61],[47.82,54.95],[47.82,55.23],[47.91,55.23],[48.33,56.25],[48.8,56.59],[49.99,56.46],[49.96,56.39],[50.29,56.32],[50.57,56.11],[51.4,55.98],[51.38,55.91]]],[[[51.16,56.05],[51.08,56.05],[51.1,56.11],[51.19,56.11],[51.16,56.05]]]]},"properties":{"id":"territory:Volga Bulgaria:682","name":"Volga Bulgaria","name_en":"Volga Bulgaria","actor":"기타중립","valid_from":682,"valid_to":1072,"wikidata":"Q185488","area":44238,"src":"cliopatria","confidence":"medium"}},{"type":"Feature","geometry":{"type":"Point","coordinates":[49.799,55.458]},"properties":{"id":"territory:Volga Bulgaria:682:label","name":"Volga Bulgaria","name_en":"Volga Bulgaria","actor":"기타중립","valid_from":682,"valid_to":1072,"wikidata":"Q185488","area":44238,"src":"cliopatria","confidence":"medium"}},{"type":"Feature","geometry":{"type":"Polygon","coordinates":[[[-1.51,55.16],[-1.63,55.57],[-2.02,55.91],[-2.66,56.11],[-3.79,56.05],[-3.78,55.98],[-3.27,55.36],[-3.19,55.36],[-3.06,55.02],[-3.4,54.95],[-3.39,54.89],[-3.65,54.82],[-3.7,54.55],[-3.62,54.55],[-3.59,54.27],[-3.32,54.21],[-3.3,54.07],[-2.97,54.14],[-3.2,53.87],[-3.1,53.73],[-3.16,53.53],[-3.15,53.46],[-2.88,53.33],[-2.54,53.33],[-1.7,53.6],[-1.33,53.33],[-1.16,53.33],[-1.09,53.53],[-0.75,53.53],[-0.68,53.73],[0.02,53.66],[0.01,53.73],[-0.39,54.41],[-0.67,54.61],[-1.29,54.68],[-1.5,55.09],[-1.51,55.16]]]},"properties":{"id":"territory:Kingdom of Northumbria:705","name":"Kingdom of Northumbria","name_en":"Kingdom of Northumbria","actor":"기타중립","valid_from":705,"valid_to":750,"wikidata":"Q107299","area":44120,"src":"cliopatria","confidence":"medium"}},{"type":"Feature","geometry":{"type":"Point","coordinates":[-2.145,54.591]},"properties":{"id":"territory:Kingdom of Northumbria:705:label","name":"Kingdom of Northumbria","name_en":"Kingdom of Northumbria","actor":"기타중립","valid_from":705,"valid_to":750,"wikidata":"Q107299","area":44120,"src":"cliopatria","confidence":"medium"}},{"type":"Feature","geometry":{"type":"Polygon","coordinates":[[[-1.51,55.16],[-1.63,55.57],[-2.02,55.91],[-2.66,56.11],[-3.79,56.05],[-3.78,55.98],[-3.27,55.36],[-3.19,55.36],[-3.06,55.02],[-3.4,54.95],[-3.39,54.89],[-3.65,54.82],[-3.7,54.55],[-3.62,54.55],[-3.59,54.27],[-3.32,54.21],[-3.3,54.07],[-2.97,54.14],[-3.2,53.87],[-3.1,53.73],[-3.15,53.46],[-2.89,53.39],[-2.88,53.33],[-2.54,53.33],[-1.87,53.6],[-1.16,53.33],[-1.09,53.53],[-0.75,53.53],[-0.68,53.73],[0.02,53.66],[0.01,53.73],[-0.39,54.41],[-0.67,54.61],[-1.29,54.68],[-1.5,55.09],[-1.51,55.16]]]},"properties":{"id":"territory:Kingdom of Northumbria:682","name":"Kingdom of Northumbria","name_en":"Kingdom of Northumbria","actor":"기타중립","valid_from":682,"valid_to":705,"wikidata":"Q107299","area":43862,"src":"cliopatria","confidence":"medium"}},{"type":"Feature","geometry":{"type":"Point","coordinates":[-2.145,54.597]},"properties":{"id":"territory:Kingdom of Northumbria:682:label","name":"Kingdom of Northumbria","name_en":"Kingdom of Northumbria","actor":"기타중립","valid_from":682,"valid_to":705,"wikidata":"Q107299","area":43862,"src":"cliopatria","confidence":"medium"}},{"type":"Feature","geometry":{"type":"Polygon","coordinates":[[[-1.11,54.68],[-1.29,54.68],[-1.4,54.95],[-1.49,54.95],[-1.63,55.57],[-2.02,55.91],[-2.66,56.11],[-3.18,56.05],[-3.26,56.05],[-3.78,55.98],[-3.38,55.57],[-3.36,55.36],[-3.19,55.36],[-3.08,55.23],[-3.06,55.02],[-3.4,54.95],[-3.39,54.89],[-3.65,54.82],[-3.7,54.55],[-3.62,54.55],[-3.59,54.27],[-3.32,54.21],[-3.3,54.07],[-2.97,54.14],[-3.2,53.87],[-3.1,53.73],[-3.16,53.53],[-3.15,53.46],[-2.88,53.33],[-2.54,53.33],[-1.7,53.6],[-1.33,53.33],[-1.16,53.33],[-1.09,53.53],[-0.75,53.53],[-0.68,53.73],[0.02,53.66],[0.01,53.73],[-0.39,54.41],[-0.67,54.61],[-1.11,54.61],[-1.11,54.68]]]},"properties":{"id":"territory:Kingdom of Northumbria:750","name":"Kingdom of Northumbria","name_en":"Kingdom of Northumbria","actor":"기타중립","valid_from":750,"valid_to":866,"wikidata":"Q107299","area":43592,"src":"cliopatria","confidence":"medium"}},{"type":"Feature","geometry":{"type":"Point","coordinates":[-2.136,54.578]},"properties":{"id":"territory:Kingdom of Northumbria:750:label","name":"Kingdom of Northumbria","name_en":"Kingdom of Northumbria","actor":"기타중립","valid_from":750,"valid_to":866,"wikidata":"Q107299","area":43592,"src":"cliopatria","confidence":"medium"}},{"type":"Feature","geometry":{"type":"Polygon","coordinates":[[[16.86,40.29],[16.62,40.29],[16.7,40.1],[16.46,39.97],[16.45,39.77],[16.45,39.71],[15.9,39.71],[15.9,39.77],[15.67,39.9],[15.75,40.03],[15.43,40.03],[14.96,40.29],[14.97,40.61],[14.81,40.68],[14.73,40.68],[14.74,40.81],[14.58,40.81],[14.5,41.0],[14.03,41.0],[13.95,41.0],[13.95,41.13],[13.79,41.13],[13.71,41.26],[13.4,41.26],[13.4,41.33],[13.87,41.33],[14.04,41.52],[13.96,41.72],[14.12,41.72],[14.37,41.98],[14.69,42.11],[14.77,42.11],[14.92,41.98],[15.17,42.04],[15.24,41.91],[16.12,41.91],[16.11,41.78],[15.87,41.72],[15.94,41.39],[16.73,41.2],[17.67,40.74],[17.5,40.55],[16.87,40.48],[16.95,40.42],[16.86,40.36],[16.86,40.29]]]},"properties":{"id":"territory:Duchy of Benevento:778","name":"Duchy of Benevento","name_en":"Duchy of Benevento","actor":"기타중립","valid_from":778,"valid_to":788,"wikidata":"Q267816","area":42794,"src":"cliopatria","confidence":"medium"}},{"type":"Feature","geometry":{"type":"Polygon","coordinates":[[[16.86,40.29],[16.62,40.29],[16.7,40.1],[16.46,39.97],[16.45,39.77],[16.45,39.71],[15.9,39.71],[15.9,39.77],[15.67,39.9],[15.75,40.03],[15.43,40.03],[14.96,40.29],[14.97,40.61],[14.81,40.68],[14.73,40.68],[14.74,40.81],[14.58,40.81],[14.5,41.0],[14.03,41.0],[13.95,41.0],[13.95,41.13],[13.79,41.13],[13.71,41.26],[13.4,41.26],[13.4,41.33],[13.87,41.33],[14.04,41.52],[13.96,41.72],[14.12,41.72],[14.37,41.98],[14.69,42.11],[14.77,42.11],[14.92,41.98],[15.17,42.04],[15.24,41.91],[16.12,41.91],[16.11,41.78],[15.87,41.72],[15.94,41.39],[16.73,41.2],[17.67,40.74],[17.5,40.55],[16.87,40.48],[16.95,40.42],[16.86,40.36],[16.86,40.29]]]},"properties":{"id":"territory:Duchy of Benevento:793","name":"Duchy of Benevento","name_en":"Duchy of Benevento","actor":"기타중립","valid_from":793,"valid_to":840,"wikidata":"Q267816","area":42794,"src":"cliopatria","confidence":"medium"}},{"type":"Feature","geometry":{"type":"Point","coordinates":[15.591,40.959]},"properties":{"id":"territory:Duchy of Benevento:778:label","name":"Duchy of Benevento","name_en":"Duchy of Benevento","actor":"기타중립","valid_from":778,"valid_to":788,"wikidata":"Q267816","area":42794,"src":"cliopatria","confidence":"medium"}},{"type":"Feature","geometry":{"type":"Point","coordinates":[15.591,40.959]},"properties":{"id":"territory:Duchy of Benevento:793:label","name":"Duchy of Benevento","name_en":"Duchy of Benevento","actor":"기타중립","valid_from":793,"valid_to":840,"wikidata":"Q267816","area":42794,"src":"cliopatria","confidence":"medium"}},{"type":"Feature","geometry":{"type":"MultiPolygon","coordinates":[[[[12.12,50.25],[12.04,50.25],[12.04,50.31],[12.12,50.31],[12.12,50.25]]],[[[12.3,50.65],[12.04,50.58],[12.04,50.31],[11.87,50.25],[11.87,50.11],[11.28,49.91],[11.28,49.78],[11.03,49.65],[10.86,49.32],[10.86,49.25],[10.53,49.25],[9.78,49.45],[9.69,49.58],[9.44,49.58],[9.52,49.98],[9.27,50.25],[9.18,50.71],[9.35,50.85],[9.43,51.25],[10.1,51.45],[10.27,51.65],[10.53,51.65],[10.87,51.92],[11.55,51.78],[11.55,51.71],[11.29,51.38],[11.46,51.25],[12.05,51.11],[12.13,50.85],[12.3,50.71],[12.3,50.65]]]]},"properties":{"id":"territory:Duchy of Thuringia:661","name":"Duchy of Thuringia","name_en":"Duchy of Thuringia","actor":"게르만","valid_from":661,"valid_to":718,"wikidata":"Q5311389","area":40556,"src":"cliopatria","confidence":"medium"}},{"type":"Feature","geometry":{"type":"MultiPolygon","coordinates":[[[[12.12,50.25],[12.04,50.25],[12.04,50.31],[12.12,50.31],[12.12,50.25]]],[[[12.3,50.65],[12.04,50.58],[12.04,50.31],[11.87,50.25],[11.87,50.11],[11.28,49.91],[11.28,49.78],[11.03,49.65],[10.86,49.32],[10.86,49.25],[10.53,49.25],[9.78,49.45],[9.69,49.58],[9.44,49.58],[9.52,49.98],[9.27,50.25],[9.18,50.71],[9.35,50.85],[9.43,51.25],[10.1,51.45],[10.27,51.65],[10.53,51.65],[10.87,51.92],[11.55,51.78],[11.55,51.71],[11.29,51.38],[11.46,51.25],[12.05,51.11],[12.13,50.85],[12.3,50.71],[12.3,50.65]]]]},"properties":{"id":"territory:Duchy of Thuringia:718","name":"Duchy of Thuringia","name_en":"Duchy of Thuringia","actor":"게르만","valid_from":718,"valid_to":724,"wikidata":"Q5311389","area":40556,"src":"cliopatria","confidence":"medium"}},{"type":"Feature","geometry":{"type":"Point","coordinates":[10.62,50.568]},"properties":{"id":"territory:Duchy of Thuringia:661:label","name":"Duchy of Thuringia","name_en":"Duchy of Thuringia","actor":"게르만","valid_from":661,"valid_to":718,"wikidata":"Q5311389","area":40556,"src":"cliopatria","confidence":"medium"}},{"type":"Feature","geometry":{"type":"Point","coordinates":[10.62,50.568]},"properties":{"id":"territory:Duchy of Thuringia:718:label","name":"Duchy of Thuringia","name_en":"Duchy of Thuringia","actor":"게르만","valid_from":718,"valid_to":724,"wikidata":"Q5311389","area":40556,"src":"cliopatria","confidence":"medium"}},{"type":"Feature","geometry":{"type":"Polygon","coordinates":[[[-8.12,31.59],[-8.64,31.34],[-9.85,31.14],[-9.8,31.59],[-9.31,32.17],[-9.33,32.49],[-9.2,32.75],[-8.55,33.33],[-7.88,33.59],[-7.8,33.59],[-7.79,33.46],[-7.56,33.39],[-7.37,32.81],[-7.44,32.81],[-7.42,32.49],[-7.63,32.24],[-7.62,32.04],[-7.91,31.85],[-8.05,31.59],[-8.12,31.59]]]},"properties":{"id":"territory:Barghawata Conference:793","name":"Barghawata Conference","name_en":"Barghawata Conference","actor":"기타중립","valid_from":793,"valid_to":1015,"wikidata":"Q7903","area":36301,"src":"cliopatria","confidence":"medium"}},{"type":"Feature","geometry":{"type":"Point","coordinates":[-8.519,32.32]},"properties":{"id":"territory:Barghawata Conference:793:label","name":"Barghawata Conference","name_en":"Barghawata Conference","actor":"기타중립","valid_from":793,"valid_to":1015,"wikidata":"Q7903","area":36301,"src":"cliopatria","confidence":"medium"}},{"type":"Feature","geometry":{"type":"Polygon","coordinates":[[[44.74,42.69],[44.36,42.76],[43.85,42.63],[43.66,42.89],[43.42,42.89],[42.99,43.15],[42.5,43.15],[42.61,42.82],[42.75,42.76],[42.72,42.56],[42.93,42.43],[42.75,41.85],[42.67,41.85],[42.66,41.78],[42.65,41.72],[42.64,41.65],[42.62,41.59],[42.86,41.59],[43.34,41.13],[43.98,41.13],[44.24,41.26],[44.35,41.46],[44.87,41.65],[45.07,41.91],[45.31,41.91],[45.62,42.24],[45.73,42.43],[45.67,42.5],[45.23,42.69],[44.82,42.69],[44.74,42.69]]]},"properties":{"id":"territory:Principality of Iberia:724","name":"Principality of Iberia","name_en":"Principality of Iberia","actor":"기타중립","valid_from":724,"valid_to":732,"wikidata":"Q199389","area":34712,"src":"cliopatria","confidence":"medium"}},{"type":"Feature","geometry":{"type":"Polygon","coordinates":[[[45.31,41.91],[45.07,41.91],[44.87,41.65],[44.35,41.46],[44.24,41.26],[43.98,41.13],[43.34,41.13],[42.86,41.59],[42.62,41.59],[42.64,41.65],[42.65,41.72],[42.66,41.78],[42.67,41.85],[42.75,41.85],[42.93,42.43],[42.72,42.56],[42.75,42.76],[42.61,42.82],[42.5,43.15],[42.99,43.15],[43.42,42.89],[43.66,42.89],[43.85,42.63],[44.36,42.76],[44.74,42.69],[44.82,42.69],[45.23,42.69],[45.67,42.5],[45.73,42.43],[45.62,42.24],[45.31,41.91]]]},"properties":{"id":"territory:Principality of Iberia:732","name":"Principality of Iberia","name_en":"Principality of Iberia","actor":"기타중립","valid_from":732,"valid_to":741,"wikidata":"Q199389","area":34712,"src":"cliopatria","confidence":"medium"}},{"type":"Feature","geometry":{"type":"Point","coordinates":[43.929,42.126]},"properties":{"id":"territory:Principality of Iberia:724:label","name":"Principality of Iberia","name_en":"Principality of Iberia","actor":"기타중립","valid_from":724,"valid_to":732,"wikidata":"Q199389","area":34712,"src":"cliopatria","confidence":"medium"}},{"type":"Feature","geometry":{"type":"Point","coordinates":[43.929,42.126]},"properties":{"id":"territory:Principality of Iberia:732:label","name":"Principality of Iberia","name_en":"Principality of Iberia","actor":"기타중립","valid_from":732,"valid_to":741,"wikidata":"Q199389","area":34712,"src":"cliopatria","confidence":"medium"}},{"type":"Feature","geometry":{"type":"Polygon","coordinates":[[[45.31,41.91],[45.07,41.91],[44.87,41.65],[44.35,41.46],[44.24,41.26],[43.98,41.13],[43.34,41.13],[42.86,41.59],[42.62,41.59],[42.93,42.43],[42.72,42.56],[42.75,42.76],[42.62,42.89],[42.63,42.95],[42.55,42.95],[42.56,43.02],[42.57,43.08],[42.49,43.08],[42.5,43.15],[42.99,43.15],[43.42,42.89],[43.66,42.89],[43.85,42.63],[44.36,42.76],[44.74,42.69],[44.82,42.69],[45.23,42.69],[45.67,42.5],[45.73,42.43],[45.62,42.24],[45.31,41.91]]]},"properties":{"id":"territory:Principality of Iberia:682","name":"Principality of Iberia","name_en":"Principality of Iberia","actor":"기타중립","valid_from":682,"valid_to":724,"wikidata":"Q199389","area":34636,"src":"cliopatria","confidence":"medium"}},{"type":"Feature","geometry":{"type":"Point","coordinates":[43.931,42.124]},"properties":{"id":"territory:Principality of Iberia:682:label","name":"Principality of Iberia","name_en":"Principality of Iberia","actor":"기타중립","valid_from":682,"valid_to":724,"wikidata":"Q199389","area":34636,"src":"cliopatria","confidence":"medium"}},{"type":"Feature","geometry":{"type":"Polygon","coordinates":[[[7.55,43.8],[7.63,44.19],[7.3,44.12],[6.9,44.32],[6.97,44.84],[6.64,44.97],[6.63,45.1],[6.31,45.1],[6.32,44.84],[5.6,44.52],[5.69,44.19],[5.28,44.25],[5.11,44.52],[4.95,44.39],[4.39,44.39],[4.64,44.19],[4.24,44.06],[4.09,43.6],[4.17,43.6],[4.18,43.47],[5.06,43.47],[5.39,43.41],[5.39,43.28],[5.63,43.28],[5.8,43.15],[6.28,43.15],[6.6,43.28],[6.67,43.47],[7.47,43.8],[7.55,43.8]]]},"properties":{"id":"territory:Merovingian Empire:710","name":"Merovingian Empire","name_en":"Merovingian Empire","actor":"기타중립","valid_from":710,"valid_to":718,"wikidata":"Q146246","area":32241,"src":"cliopatria","confidence":"medium"}},{"type":"Feature","geometry":{"type":"Polygon","coordinates":[[[7.55,43.8],[7.63,44.19],[7.3,44.12],[6.9,44.32],[6.97,44.84],[6.64,44.97],[6.63,45.1],[6.31,45.1],[6.32,44.84],[5.6,44.52],[5.69,44.19],[5.28,44.25],[5.11,44.52],[4.95,44.39],[4.39,44.39],[4.64,44.19],[4.24,44.06],[4.09,43.6],[4.17,43.6],[4.18,43.47],[5.06,43.47],[5.39,43.41],[5.39,43.28],[5.63,43.28],[5.8,43.15],[6.28,43.15],[6.6,43.28],[6.67,43.47],[7.47,43.8],[7.55,43.8]]]},"properties":{"id":"territory:Carolingian Empire:718","name":"카롤루스 제국","name_en":"Carolingian Empire","actor":"기타중립","valid_from":718,"valid_to":724,"wikidata":"Q146246","area":32241,"src":"cliopatria","confidence":"medium"}},{"type":"Feature","geometry":{"type":"Point","coordinates":[5.906,43.981]},"properties":{"id":"territory:Merovingian Empire:710:label","name":"Merovingian Empire","name_en":"Merovingian Empire","actor":"기타중립","valid_from":710,"valid_to":718,"wikidata":"Q146246","area":32241,"src":"cliopatria","confidence":"medium"}},{"type":"Feature","geometry":{"type":"Point","coordinates":[5.906,43.981]},"properties":{"id":"territory:Carolingian Empire:718:label","name":"카롤루스 제국","name_en":"Carolingian Empire","actor":"기타중립","valid_from":718,"valid_to":724,"wikidata":"Q146246","area":32241,"src":"cliopatria","confidence":"medium"}},{"type":"Feature","geometry":{"type":"Polygon","coordinates":[[[0.74,50.91],[0.56,51.05],[0.22,51.05],[0.22,51.11],[0.05,51.11],[-0.06,51.45],[0.02,51.45],[-0.07,51.58],[-1.26,51.58],[-1.36,51.78],[-2.12,51.71],[-2.11,51.58],[-2.35,51.38],[-2.7,51.58],[-2.79,51.58],[-3.11,51.38],[-3.09,51.25],[-4.2,51.31],[-4.43,51.05],[-4.68,51.05],[-4.67,50.91],[-4.66,50.85],[-4.31,50.71],[-4.27,50.38],[-4.19,50.38],[-4.09,50.25],[-3.58,50.25],[-3.46,50.65],[-3.13,50.71],[-2.79,50.71],[-2.61,50.58],[-1.52,50.71],[-1.51,50.58],[-1.18,50.58],[-1.11,50.78],[-1.37,50.85],[0.74,50.85],[0.74,50.91]]]},"properties":{"id":"territory:Kingdom of Wessex:710","name":"Kingdom of Wessex","name_en":"Kingdom of Wessex","actor":"기타중립","valid_from":710,"valid_to":718,"wikidata":"Q105313","area":31168,"src":"cliopatria","confidence":"medium"}},{"type":"Feature","geometry":{"type":"Point","coordinates":[-2.167,51.058]},"properties":{"id":"territory:Kingdom of Wessex:710:label","name":"Kingdom of Wessex","name_en":"Kingdom of Wessex","actor":"기타중립","valid_from":710,"valid_to":718,"wikidata":"Q105313","area":31168,"src":"cliopatria","confidence":"medium"}}]}