{"type":"FeatureCollection","features":[{"type":"Feature","geometry":{"type":"MultiPolygon","coordinates":[[[[42.01,16.61],[42.02,16.81],[42.17,16.81],[42.24,16.68],[42.23,16.61],[42.01,16.61]]],[[[59.0,20.66],[58.98,20.41],[58.82,20.21],[58.67,20.21],[58.77,20.54],[58.77,20.6],[59.0,20.66]]],[[[50.65,25.87],[50.43,25.94],[50.46,26.26],[50.69,26.26],[50.67,26.13],[50.67,26.07],[50.65,25.87]]],[[[62.15,41.65],[62.46,41.33],[62.39,41.07],[62.53,41.0],[62.3,40.74],[62.4,40.55],[62.33,40.29],[62.47,40.23],[62.5,40.03],[62.74,40.03],[63.26,40.23],[65.35,40.61],[65.39,40.74],[65.69,40.68],[66.28,40.81],[66.69,41.13],[66.65,41.26],[66.89,41.26],[68.11,42.11],[69.42,43.41],[69.5,43.41],[69.58,43.41],[69.54,43.28],[70.11,43.08],[70.42,42.56],[71.25,42.17],[71.42,41.98],[71.38,41.85],[71.69,41.59],[71.64,41.46],[71.76,41.33],[73.0,40.74],[72.98,40.68],[73.06,40.68],[73.14,40.68],[73.29,40.68],[73.33,40.55],[73.49,40.55],[73.53,40.42],[73.8,40.29],[73.57,39.58],[73.42,39.58],[73.16,39.26],[73.0,39.26],[72.32,38.8],[71.79,38.35],[71.5,37.58],[71.58,37.58],[71.48,36.93],[70.24,36.67],[69.0,36.67],[68.6,36.61],[68.49,36.48],[67.8,36.55],[67.07,36.42],[66.9,36.03],[66.72,35.9],[66.37,35.07],[65.93,34.49],[64.74,33.97],[64.36,33.59],[64.25,33.07],[64.33,33.07],[64.28,32.81],[64.36,32.81],[64.22,32.49],[64.21,32.04],[64.28,32.04],[64.25,31.46],[64.33,31.46],[64.46,30.95],[64.59,30.82],[65.63,30.69],[66.34,30.44],[67.17,30.37],[67.15,30.31],[68.43,30.24],[70.56,29.86],[70.39,28.96],[70.17,28.51],[69.23,27.87],[68.52,27.67],[68.09,27.29],[67.92,26.64],[67.99,26.64],[68.06,26.07],[68.19,25.94],[68.22,25.55],[67.76,24.91],[67.54,24.26],[67.36,24.07],[67.29,24.07],[67.33,24.39],[67.25,24.39],[67.21,24.71],[66.63,24.84],[66.68,25.23],[66.35,25.55],[66.02,25.36],[64.82,25.29],[64.8,25.16],[64.28,25.23],[64.23,25.36],[63.63,25.36],[63.54,25.23],[62.56,25.23],[62.47,25.1],[62.18,25.16],[62.02,25.04],[61.72,25.04],[61.66,25.16],[61.13,25.1],[60.92,25.23],[60.62,25.23],[60.63,25.36],[59.06,25.36],[58.78,25.55],[57.96,25.55],[57.74,25.62],[57.68,25.74],[57.38,25.74],[57.11,26.07],[57.05,26.84],[56.71,27.16],[56.19,27.16],[56.1,27.03],[56.32,27.03],[56.31,26.9],[56.06,26.71],[55.6,26.64],[55.44,26.52],[55.29,26.52],[55.31,26.71],[55.54,26.77],[55.24,26.77],[54.83,26.45],[54.46,26.52],[54.26,26.71],[53.66,26.71],[53.46,26.97],[52.74,27.22],[52.48,27.61],[52.05,27.8],[51.6,27.8],[51.32,27.99],[51.33,28.12],[51.07,28.44],[51.03,28.77],[50.81,28.83],[50.92,29.09],[50.62,29.15],[50.65,29.41],[50.24,29.73],[50.06,30.18],[49.59,29.99],[48.94,30.31],[48.99,30.05],[48.9,29.99],[48.37,29.92],[48.4,29.6],[47.87,29.54],[47.85,29.41],[48.08,29.41],[48.22,29.28],[48.19,29.09],[48.46,28.77],[48.56,28.32],[48.97,27.93],[48.87,27.67],[49.24,27.61],[49.36,27.29],[50.13,26.77],[50.12,26.58],[50.25,26.45],[50.22,26.13],[50.07,26.07],[50.21,26.0],[50.33,25.62],[50.61,25.42],[50.65,25.1],[50.73,25.1],[50.77,25.55],[50.92,25.62],[50.95,25.94],[51.12,26.13],[51.42,26.13],[51.7,25.87],[51.57,25.36],[51.72,25.29],[51.69,24.97],[51.52,24.78],[51.41,24.33],[51.85,24.26],[51.91,24.01],[52.28,24.01],[52.6,24.26],[53.11,24.14],[54.08,24.14],[54.1,24.33],[54.32,24.26],[54.56,24.46],[54.74,24.84],[55.14,25.1],[55.41,25.55],[55.97,25.87],[56.17,26.32],[56.48,26.39],[56.54,26.32],[56.39,25.55],[56.46,25.55],[56.42,25.16],[56.5,25.16],[56.4,24.97],[56.54,24.91],[56.79,24.33],[57.49,23.88],[58.81,23.62],[59.08,23.3],[59.07,23.17],[59.28,23.04],[59.27,22.91],[59.54,22.66],[59.9,22.53],[59.86,22.08],[59.44,21.44],[58.8,20.92],[58.61,20.41],[58.31,20.34],[58.25,20.54],[58.1,20.54],[57.93,20.28],[57.79,19.51],[57.87,19.51],[57.9,18.99],[57.0,18.8],[56.75,18.54],[56.64,18.09],[56.41,17.9],[55.59,17.84],[55.35,17.58],[55.31,17.13],[55.16,17.0],[54.2,17.0],[53.59,16.68],[53.22,16.68],[53.13,16.55],[52.38,16.29],[52.26,15.59],[52.1,15.46],[51.88,15.46],[51.27,15.14],[50.76,15.07],[50.23,14.81],[49.41,14.69],[48.79,14.04],[47.75,13.91],[47.67,13.72],[47.07,13.46],[45.74,13.34],[45.05,12.76],[44.61,12.76],[44.39,12.63],[43.44,12.69],[43.45,12.89],[43.24,13.08],[43.26,13.72],[43.06,13.98],[42.95,14.88],[42.89,15.07],[42.75,15.14],[42.71,15.84],[42.78,15.84],[42.82,16.61],[42.48,17.0],[42.48,17.13],[42.34,17.13],[42.28,17.45],[41.78,17.84],[41.45,18.48],[41.24,18.61],[41.25,18.86],[41.04,19.12],[40.99,19.44],[40.84,19.51],[40.85,19.7],[40.56,19.83],[40.14,20.28],[39.84,20.28],[39.35,20.79],[39.15,21.18],[39.17,21.63],[39.03,21.76],[39.14,22.53],[38.86,22.85],[38.87,23.04],[38.6,23.62],[38.03,24.14],[37.44,24.33],[37.39,24.65],[37.17,24.78],[37.18,24.91],[37.33,24.97],[37.27,25.23],[36.77,25.68],[36.72,26.0],[36.43,26.19],[36.16,26.77],[35.67,27.29],[35.61,27.54],[35.47,27.61],[35.41,27.87],[35.05,28.12],[34.59,28.06],[34.61,28.25],[34.85,28.57],[34.91,29.41],[34.75,29.28],[34.52,28.06],[34.36,27.93],[34.35,27.74],[34.12,27.74],[33.62,28.12],[33.55,28.32],[33.4,28.32],[33.19,28.51],[33.21,28.89],[32.86,29.22],[32.53,29.92],[32.43,29.6],[32.64,29.34],[32.69,28.96],[32.84,28.89],[33.11,28.38],[33.61,27.99],[33.59,27.61],[33.8,27.42],[33.93,27.03],[34.07,26.97],[34.05,26.58],[34.2,26.52],[34.46,25.87],[34.61,25.81],[35.15,24.65],[35.86,24.01],[35.85,23.88],[35.56,23.94],[35.55,23.81],[35.11,23.88],[33.76,23.69],[33.68,23.69],[33.39,23.81],[32.04,23.69],[31.67,23.75],[30.54,23.36],[30.46,23.36],[30.4,23.56],[30.1,23.75],[30.11,23.88],[29.96,23.88],[29.67,24.2],[28.57,24.65],[28.29,25.16],[28.24,25.94],[28.35,26.58],[28.27,26.58],[28.15,27.35],[27.94,27.54],[27.71,27.54],[27.79,27.67],[27.43,27.99],[27.28,27.93],[27.29,28.12],[27.14,28.25],[25.59,28.96],[25.37,29.28],[25.15,29.28],[25.0,29.41],[24.85,29.34],[24.78,29.54],[23.74,29.99],[22.45,30.05],[21.23,29.86],[19.77,29.22],[18.79,29.15],[18.71,29.15],[18.87,29.34],[18.72,29.54],[18.73,29.79],[18.81,29.79],[18.89,30.31],[18.97,30.31],[19.27,30.24],[19.66,30.37],[19.96,30.56],[19.97,30.69],[20.2,30.89],[20.13,31.14],[20.21,31.27],[20.0,31.59],[20.09,32.11],[20.02,32.24],[20.25,32.24],[20.33,32.49],[20.48,32.43],[20.56,32.56],[20.72,32.56],[20.64,32.69],[20.87,32.62],[21.11,32.81],[21.41,32.75],[21.88,32.94],[23.09,32.62],[23.08,32.36],[23.3,32.17],[23.68,32.17],[24.13,31.98],[24.89,31.98],[25.11,31.79],[25.1,31.59],[25.25,31.46],[26.85,31.46],[27.3,31.34],[27.51,31.14],[28.5,31.01],[28.87,30.82],[29.4,30.82],[29.49,31.01],[29.63,30.95],[29.87,31.08],[29.8,31.21],[29.88,31.27],[30.34,31.27],[30.27,31.4],[30.35,31.46],[30.81,31.46],[30.97,31.53],[30.97,31.66],[31.2,31.66],[31.12,31.53],[31.27,31.46],[31.88,31.46],[31.78,31.21],[31.94,31.27],[32.0,31.08],[32.3,31.08],[32.24,31.21],[32.39,31.21],[32.53,31.08],[32.77,31.14],[32.83,31.01],[33.75,31.08],[34.3,31.27],[34.31,31.4],[34.63,31.66],[34.57,31.85],[34.81,31.98],[34.77,32.36],[35.02,32.62],[35.06,33.01],[35.22,33.07],[35.4,33.39],[35.35,33.65],[35.5,33.65],[35.45,33.91],[35.68,33.97],[35.64,34.36],[35.79,34.29],[36.05,34.55],[36.07,34.74],[35.93,34.87],[35.96,35.19],[35.88,35.19],[35.99,35.52],[35.84,35.58],[35.99,36.22],[35.84,36.29],[36.26,36.61],[36.29,36.8],[36.14,36.93],[35.83,36.93],[35.49,36.61],[35.33,36.61],[35.11,36.74],[34.95,36.67],[34.89,36.87],[34.74,36.87],[34.66,36.87],[34.78,37.25],[35.03,37.45],[35.35,37.51],[35.43,37.51],[35.82,37.51],[36.15,37.71],[36.46,38.29],[36.61,38.22],[36.79,38.48],[37.13,38.67],[37.07,38.8],[37.31,38.87],[37.43,39.19],[37.68,39.26],[38.15,39.84],[38.16,39.9],[38.3,39.77],[38.84,39.71],[39.59,39.97],[40.58,40.74],[41.08,40.94],[41.73,41.46],[42.61,41.52],[42.93,42.43],[42.72,42.56],[42.75,42.76],[42.61,42.82],[42.5,43.15],[42.99,43.15],[43.42,42.89],[43.66,42.89],[43.85,42.63],[44.36,42.76],[44.74,42.69],[44.82,42.69],[45.23,42.69],[45.67,42.5],[45.75,42.11],[46.3,42.04],[46.35,41.91],[46.74,41.85],[47.27,41.33],[47.56,41.2],[47.89,41.26],[48.18,41.52],[48.17,41.85],[48.09,41.85],[48.2,41.98],[48.28,41.98],[49.09,41.26],[49.06,41.13],[49.27,41.0],[49.24,40.87],[49.51,40.61],[50.05,40.55],[50.26,40.42],[49.69,40.36],[49.51,40.23],[49.27,39.38],[49.15,39.19],[48.92,39.19],[48.8,39.0],[48.76,38.35],[48.84,38.35],[48.88,37.71],[49.09,37.51],[50.0,37.38],[50.32,37.0],[50.57,37.06],[50.63,37.0],[50.53,36.87],[51.26,36.61],[52.19,36.55],[53.09,36.8],[54.03,36.87],[54.09,37.19],[53.91,37.45],[53.91,37.84],[53.83,37.84],[53.99,39.0],[53.52,39.38],[53.14,39.45],[53.54,39.51],[53.5,40.03],[52.79,40.03],[52.78,40.36],[52.7,40.36],[52.89,40.87],[52.97,40.87],[52.94,40.74],[53.34,40.74],[53.45,40.87],[53.4,40.68],[54.37,40.74],[54.39,40.81],[56.83,40.74],[57.46,41.39],[57.56,41.78],[57.96,42.37],[58.05,43.02],[58.34,43.47],[58.42,43.47],[58.63,43.67],[59.12,43.41],[60.37,43.54],[60.39,43.34],[60.84,42.95],[60.82,42.89],[62.19,41.78],[62.15,41.65]]],[[[36.98,38.74],[37.06,38.74],[37.05,38.67],[36.97,38.67],[36.98,38.74]]]]},"properties":{"id":"territory:Abbasid Caliphate:800","name":"아바스 칼리프국","name_en":"Abbasid Caliphate","actor":"기타중립","valid_from":800,"valid_to":814,"wikidata":"Q12536","area":7890833,"src":"cliopatria","confidence":"medium"}},{"type":"Feature","geometry":{"type":"Point","coordinates":[49.382,29.964]},"properties":{"id":"territory:Abbasid Caliphate:800:label","name":"아바스 칼리프국","name_en":"Abbasid Caliphate","actor":"기타중립","valid_from":800,"valid_to":814,"wikidata":"Q12536","area":7890833,"src":"cliopatria","confidence":"medium"}},{"type":"Feature","geometry":{"type":"MultiPolygon","coordinates":[[[[42.01,16.61],[42.02,16.81],[42.17,16.81],[42.24,16.68],[42.23,16.61],[42.01,16.61]]],[[[59.0,20.66],[58.98,20.41],[58.82,20.21],[58.67,20.21],[58.77,20.54],[58.77,20.6],[59.0,20.66]]],[[[50.65,25.87],[50.43,25.94],[50.46,26.26],[50.69,26.26],[50.67,26.13],[50.67,26.07],[50.65,25.87]]],[[[62.15,41.65],[62.46,41.33],[62.39,41.07],[62.53,41.0],[62.3,40.74],[62.4,40.55],[62.33,40.29],[62.47,40.23],[62.5,40.03],[62.74,40.03],[63.26,40.23],[65.35,40.61],[65.39,40.74],[65.69,40.68],[66.28,40.81],[66.69,41.13],[66.65,41.26],[66.89,41.26],[68.11,42.11],[69.42,43.41],[69.5,43.41],[69.58,43.41],[69.54,43.28],[70.11,43.08],[70.42,42.56],[71.25,42.17],[71.42,41.98],[71.38,41.85],[71.69,41.59],[71.64,41.46],[71.76,41.33],[73.0,40.74],[72.98,40.68],[73.06,40.68],[73.14,40.68],[73.29,40.68],[73.33,40.55],[73.49,40.55],[73.53,40.42],[73.8,40.29],[73.57,39.58],[73.42,39.58],[73.38,39.45],[73.36,39.38],[73.2,39.38],[73.16,39.26],[73.0,39.26],[72.51,38.93],[71.79,38.35],[71.52,37.64],[71.59,37.64],[71.5,37.0],[71.48,36.93],[70.24,36.67],[69.0,36.67],[68.6,36.61],[68.49,36.48],[67.8,36.55],[67.07,36.42],[66.9,36.03],[66.72,35.9],[66.37,35.07],[65.93,34.49],[64.74,33.97],[64.36,33.59],[64.25,33.07],[64.33,33.07],[64.28,32.81],[64.36,32.81],[64.22,32.49],[64.21,32.04],[64.28,32.04],[64.25,31.46],[64.33,31.46],[64.46,30.95],[64.59,30.82],[65.63,30.69],[66.34,30.44],[67.17,30.37],[67.15,30.31],[68.43,30.24],[70.56,29.86],[70.39,28.96],[70.17,28.51],[69.23,27.87],[68.52,27.67],[68.09,27.29],[67.92,26.64],[67.99,26.64],[68.06,26.07],[68.19,25.94],[68.22,25.55],[67.76,24.91],[67.54,24.26],[67.36,24.07],[67.29,24.07],[67.33,24.39],[67.25,24.39],[67.21,24.71],[66.63,24.84],[66.68,25.23],[66.35,25.55],[66.02,25.36],[64.82,25.29],[64.8,25.16],[64.28,25.23],[64.23,25.36],[63.63,25.36],[63.54,25.23],[62.56,25.23],[62.47,25.1],[62.18,25.16],[62.02,25.04],[61.72,25.04],[61.66,25.16],[61.13,25.1],[60.92,25.23],[60.62,25.23],[60.63,25.36],[59.06,25.36],[58.78,25.55],[57.96,25.55],[57.74,25.62],[57.68,25.74],[57.38,25.74],[57.11,26.07],[57.05,26.84],[56.71,27.16],[56.19,27.16],[56.1,27.03],[56.32,27.03],[56.31,26.9],[56.06,26.71],[55.6,26.64],[55.44,26.52],[55.29,26.52],[55.31,26.71],[55.54,26.77],[55.24,26.77],[54.83,26.45],[54.46,26.52],[54.26,26.71],[53.66,26.71],[53.46,26.97],[52.74,27.22],[52.48,27.61],[52.05,27.8],[51.6,27.8],[51.32,27.99],[51.33,28.12],[51.07,28.44],[51.03,28.77],[50.81,28.83],[50.92,29.09],[50.62,29.15],[50.65,29.41],[50.24,29.73],[50.06,30.18],[49.59,29.99],[48.94,30.31],[48.99,30.05],[48.9,29.99],[48.37,29.92],[48.4,29.6],[47.87,29.54],[47.85,29.41],[48.08,29.41],[48.22,29.28],[48.19,29.09],[48.46,28.77],[48.56,28.32],[48.97,27.93],[48.87,27.67],[49.24,27.61],[49.36,27.29],[50.13,26.77],[50.12,26.58],[50.25,26.45],[50.22,26.13],[50.07,26.07],[50.21,26.0],[50.33,25.62],[50.61,25.42],[50.65,25.1],[50.73,25.1],[50.77,25.55],[50.92,25.62],[50.95,25.94],[51.12,26.13],[51.42,26.13],[51.7,25.87],[51.57,25.36],[51.72,25.29],[51.69,24.97],[51.52,24.78],[51.41,24.33],[51.85,24.26],[51.91,24.01],[52.28,24.01],[52.6,24.26],[53.11,24.14],[54.08,24.14],[54.1,24.33],[54.32,24.26],[54.56,24.46],[54.74,24.84],[55.14,25.1],[55.41,25.55],[55.97,25.87],[56.17,26.32],[56.48,26.39],[56.54,26.32],[56.39,25.55],[56.46,25.55],[56.42,25.16],[56.5,25.16],[56.4,24.97],[56.54,24.91],[56.79,24.33],[57.49,23.88],[58.81,23.62],[59.08,23.3],[59.07,23.17],[59.28,23.04],[59.27,22.91],[59.54,22.66],[59.9,22.53],[59.86,22.08],[59.44,21.44],[58.8,20.92],[58.61,20.41],[58.31,20.34],[58.25,20.54],[58.1,20.54],[57.93,20.28],[57.79,19.51],[57.87,19.51],[57.9,18.99],[57.0,18.8],[56.75,18.54],[56.64,18.09],[56.41,17.9],[55.59,17.84],[55.35,17.58],[55.31,17.13],[55.16,17.0],[54.2,17.0],[53.59,16.68],[53.22,16.68],[53.13,16.55],[52.38,16.29],[52.26,15.59],[52.1,15.46],[51.88,15.46],[51.27,15.14],[50.76,15.07],[50.23,14.81],[49.41,14.69],[48.79,14.04],[47.75,13.91],[47.67,13.72],[47.07,13.46],[45.74,13.34],[45.05,12.76],[44.61,12.76],[44.39,12.63],[43.44,12.69],[43.45,12.89],[43.24,13.08],[43.26,13.72],[43.06,13.98],[42.95,14.88],[42.89,15.07],[42.75,15.14],[42.71,15.84],[42.78,15.84],[42.82,16.61],[42.48,17.0],[42.48,17.13],[42.34,17.13],[42.28,17.45],[41.78,17.84],[41.45,18.48],[41.24,18.61],[41.25,18.86],[41.04,19.12],[40.99,19.44],[40.84,19.51],[40.85,19.7],[40.56,19.83],[40.14,20.28],[39.84,20.28],[39.35,20.79],[39.15,21.18],[39.17,21.63],[39.03,21.76],[39.14,22.53],[38.86,22.85],[38.87,23.04],[38.6,23.62],[38.03,24.14],[37.44,24.33],[37.39,24.65],[37.17,24.78],[37.18,24.91],[37.33,24.97],[37.27,25.23],[36.77,25.68],[36.72,26.0],[36.43,26.19],[36.16,26.77],[35.67,27.29],[35.61,27.54],[35.47,27.61],[35.41,27.87],[35.05,28.12],[34.59,28.06],[34.61,28.25],[34.85,28.57],[34.91,29.41],[34.75,29.28],[34.52,28.06],[34.36,27.93],[34.35,27.74],[34.12,27.74],[33.62,28.12],[33.55,28.32],[33.4,28.32],[33.19,28.51],[33.21,28.89],[32.86,29.22],[32.53,29.92],[32.43,29.6],[32.64,29.34],[32.69,28.96],[32.84,28.89],[33.11,28.38],[33.61,27.99],[33.59,27.61],[33.8,27.42],[33.93,27.03],[34.07,26.97],[34.05,26.58],[34.2,26.52],[34.46,25.87],[34.61,25.81],[35.15,24.65],[35.86,24.01],[35.85,23.88],[35.56,23.94],[35.55,23.81],[35.11,23.88],[33.76,23.69],[33.68,23.69],[33.39,23.81],[32.04,23.69],[31.67,23.75],[30.54,23.36],[30.46,23.36],[30.4,23.56],[30.1,23.75],[30.11,23.88],[29.96,23.88],[29.67,24.2],[28.57,24.65],[28.29,25.16],[28.24,25.94],[28.35,26.58],[28.27,26.58],[28.15,27.35],[27.94,27.54],[27.71,27.54],[27.79,27.67],[27.43,27.99],[27.28,27.93],[27.29,28.12],[27.14,28.25],[25.59,28.96],[25.37,29.28],[25.15,29.28],[25.0,29.41],[24.85,29.34],[24.78,29.54],[23.74,29.99],[22.45,30.05],[21.23,29.86],[19.77,29.22],[18.79,29.15],[18.71,29.15],[18.87,29.34],[18.72,29.54],[18.73,29.79],[18.81,29.79],[18.89,30.31],[18.97,30.31],[19.27,30.24],[19.66,30.37],[19.96,30.56],[19.97,30.69],[20.2,30.89],[20.13,31.14],[20.21,31.27],[20.0,31.59],[20.09,32.11],[20.02,32.24],[20.25,32.24],[20.33,32.49],[20.48,32.43],[20.56,32.56],[20.72,32.56],[20.64,32.69],[20.87,32.62],[21.11,32.81],[21.41,32.75],[21.88,32.94],[23.09,32.62],[23.08,32.36],[23.3,32.17],[23.68,32.17],[24.13,31.98],[24.89,31.98],[25.11,31.79],[25.1,31.59],[25.25,31.46],[26.85,31.46],[27.3,31.34],[27.51,31.14],[28.5,31.01],[28.87,30.82],[29.4,30.82],[29.49,31.01],[29.63,30.95],[29.87,31.08],[29.8,31.21],[29.88,31.27],[30.34,31.27],[30.27,31.4],[30.35,31.46],[30.81,31.46],[30.97,31.53],[30.97,31.66],[31.2,31.66],[31.12,31.53],[31.27,31.46],[31.88,31.46],[31.78,31.21],[31.94,31.27],[32.0,31.08],[32.3,31.08],[32.24,31.21],[32.39,31.21],[32.53,31.08],[32.77,31.14],[32.83,31.01],[33.75,31.08],[34.3,31.27],[34.31,31.4],[34.63,31.66],[34.57,31.85],[34.81,31.98],[34.77,32.36],[35.02,32.62],[35.06,33.01],[35.22,33.07],[35.4,33.39],[35.35,33.65],[35.5,33.65],[35.45,33.91],[35.68,33.97],[35.64,34.36],[35.79,34.29],[36.05,34.55],[36.07,34.74],[35.93,34.87],[35.96,35.19],[35.88,35.19],[35.99,35.52],[35.84,35.58],[35.99,36.22],[35.84,36.29],[36.26,36.61],[36.29,36.8],[36.14,36.93],[35.83,36.93],[35.49,36.61],[35.33,36.61],[35.11,36.74],[34.95,36.67],[34.89,36.87],[34.74,36.87],[34.66,36.87],[34.78,37.25],[35.03,37.45],[35.35,37.51],[35.43,37.51],[35.82,37.51],[36.15,37.71],[36.46,38.29],[36.61,38.22],[36.79,38.48],[37.13,38.67],[37.07,38.8],[37.31,38.87],[37.43,39.19],[37.68,39.26],[38.15,39.84],[38.16,39.9],[38.3,39.77],[38.84,39.71],[39.59,39.97],[40.39,40.55],[40.37,40.42],[40.53,40.42],[40.59,40.29],[41.83,40.16],[42.62,40.61],[43.1,40.68],[43.15,40.94],[43.4,41.0],[43.48,41.0],[43.58,41.13],[43.19,41.2],[42.86,41.59],[42.62,41.59],[42.93,42.43],[42.72,42.56],[42.75,42.76],[42.61,42.82],[42.5,43.15],[42.99,43.15],[43.42,42.89],[43.66,42.89],[43.85,42.63],[44.36,42.76],[44.74,42.69],[44.82,42.69],[45.23,42.69],[45.67,42.5],[45.75,42.11],[46.3,42.04],[46.35,41.91],[46.74,41.85],[47.27,41.33],[47.56,41.2],[47.89,41.26],[48.18,41.52],[48.17,41.85],[48.09,41.85],[48.2,41.98],[48.28,41.98],[49.09,41.26],[49.06,41.13],[49.27,41.0],[49.24,40.87],[49.51,40.61],[50.05,40.55],[50.26,40.42],[49.69,40.36],[49.51,40.23],[49.27,39.38],[49.15,39.19],[48.92,39.19],[48.8,39.0],[48.76,38.35],[48.84,38.35],[48.88,37.71],[49.09,37.51],[50.0,37.38],[50.32,37.0],[50.57,37.06],[50.63,37.0],[50.53,36.87],[51.26,36.61],[52.19,36.55],[53.09,36.8],[54.03,36.87],[54.09,37.19],[53.91,37.45],[53.91,37.84],[53.83,37.84],[53.99,39.0],[53.52,39.38],[53.14,39.45],[53.54,39.51],[53.5,40.03],[52.79,40.03],[52.78,40.36],[52.7,40.36],[52.89,40.87],[52.97,40.87],[52.94,40.74],[53.34,40.74],[53.45,40.87],[53.4,40.68],[54.37,40.74],[54.39,40.81],[56.83,40.74],[57.46,41.39],[57.56,41.78],[57.96,42.37],[58.05,43.02],[58.34,43.47],[58.42,43.47],[58.63,43.67],[59.12,43.41],[60.37,43.54],[60.39,43.34],[60.84,42.95],[60.82,42.89],[62.19,41.78],[62.15,41.65]]],[[[36.98,38.74],[37.06,38.74],[37.05,38.67],[36.97,38.67],[36.98,38.74]]]]},"properties":{"id":"territory:Abbasid Caliphate:850","name":"아바스 칼리프국","name_en":"Abbasid Caliphate","actor":"기타중립","valid_from":850,"valid_to":860,"wikidata":"Q12536","area":7867502,"src":"cliopatria","confidence":"medium"}},{"type":"Feature","geometry":{"type":"Point","coordinates":[49.408,29.927]},"properties":{"id":"territory:Abbasid Caliphate:850:label","name":"아바스 칼리프국","name_en":"Abbasid Caliphate","actor":"기타중립","valid_from":850,"valid_to":860,"wikidata":"Q12536","area":7867502,"src":"cliopatria","confidence":"medium"}},{"type":"Feature","geometry":{"type":"MultiPolygon","coordinates":[[[[42.01,16.61],[42.02,16.81],[42.17,16.81],[42.24,16.68],[42.23,16.61],[42.01,16.61]]],[[[59.0,20.66],[58.98,20.41],[58.82,20.21],[58.67,20.21],[58.77,20.54],[58.77,20.6],[59.0,20.66]]],[[[50.65,25.87],[50.43,25.94],[50.46,26.26],[50.69,26.26],[50.67,26.13],[50.67,26.07],[50.65,25.87]]],[[[62.15,41.65],[62.46,41.33],[62.39,41.07],[62.53,41.0],[62.3,40.74],[62.4,40.55],[62.33,40.29],[62.47,40.23],[62.5,40.03],[62.74,40.03],[63.26,40.23],[65.35,40.61],[65.39,40.74],[65.69,40.68],[66.28,40.81],[66.69,41.13],[66.65,41.26],[66.89,41.26],[68.11,42.11],[69.42,43.41],[69.5,43.41],[69.58,43.41],[69.54,43.28],[70.11,43.08],[70.42,42.56],[71.25,42.17],[71.42,41.98],[71.38,41.85],[71.69,41.59],[71.64,41.46],[71.76,41.33],[73.0,40.74],[72.98,40.68],[73.06,40.68],[73.14,40.68],[73.29,40.68],[73.33,40.55],[73.49,40.55],[73.53,40.42],[73.8,40.29],[73.57,39.58],[73.42,39.58],[73.16,39.26],[73.0,39.26],[72.32,38.8],[71.79,38.35],[71.5,37.58],[71.58,37.58],[71.48,36.93],[70.24,36.67],[69.0,36.67],[68.6,36.61],[68.49,36.48],[67.8,36.55],[67.07,36.42],[66.9,36.03],[66.72,35.9],[66.37,35.07],[65.93,34.49],[64.74,33.97],[64.36,33.59],[64.25,33.07],[64.33,33.07],[64.28,32.81],[64.36,32.81],[64.22,32.49],[64.21,32.04],[64.28,32.04],[64.25,31.46],[64.33,31.46],[64.46,30.95],[64.59,30.82],[65.63,30.69],[66.34,30.44],[67.17,30.37],[67.15,30.31],[68.43,30.24],[70.56,29.86],[70.39,28.96],[70.17,28.51],[69.23,27.87],[68.52,27.67],[68.09,27.29],[67.92,26.64],[67.99,26.64],[68.06,26.07],[68.19,25.94],[68.22,25.55],[67.76,24.91],[67.54,24.26],[67.36,24.07],[67.29,24.07],[67.33,24.39],[67.25,24.39],[67.21,24.71],[66.63,24.84],[66.68,25.23],[66.35,25.55],[66.02,25.36],[64.82,25.29],[64.8,25.16],[64.28,25.23],[64.23,25.36],[63.63,25.36],[63.54,25.23],[62.56,25.23],[62.47,25.1],[62.18,25.16],[62.02,25.04],[61.72,25.04],[61.66,25.16],[61.13,25.1],[60.92,25.23],[60.62,25.23],[60.63,25.36],[59.06,25.36],[58.78,25.55],[57.96,25.55],[57.74,25.62],[57.68,25.74],[57.38,25.74],[57.11,26.07],[57.05,26.84],[56.71,27.16],[56.19,27.16],[56.1,27.03],[56.32,27.03],[56.31,26.9],[56.06,26.71],[55.6,26.64],[55.44,26.52],[55.29,26.52],[55.31,26.71],[55.54,26.77],[55.24,26.77],[54.83,26.45],[54.46,26.52],[54.26,26.71],[53.66,26.71],[53.46,26.97],[52.74,27.22],[52.48,27.61],[52.05,27.8],[51.6,27.8],[51.32,27.99],[51.33,28.12],[51.07,28.44],[51.03,28.77],[50.81,28.83],[50.92,29.09],[50.62,29.15],[50.65,29.41],[50.24,29.73],[50.06,30.18],[49.59,29.99],[48.94,30.31],[48.99,30.05],[48.9,29.99],[48.37,29.92],[48.4,29.6],[47.87,29.54],[47.85,29.41],[48.08,29.41],[48.22,29.28],[48.19,29.09],[48.46,28.77],[48.56,28.32],[48.97,27.93],[48.87,27.67],[49.24,27.61],[49.36,27.29],[50.13,26.77],[50.12,26.58],[50.25,26.45],[50.22,26.13],[50.07,26.07],[50.21,26.0],[50.33,25.62],[50.61,25.42],[50.65,25.1],[50.73,25.1],[50.77,25.55],[50.92,25.62],[50.95,25.94],[51.12,26.13],[51.42,26.13],[51.7,25.87],[51.57,25.36],[51.72,25.29],[51.69,24.97],[51.52,24.78],[51.41,24.33],[51.85,24.26],[51.91,24.01],[52.28,24.01],[52.6,24.26],[53.11,24.14],[54.08,24.14],[54.1,24.33],[54.32,24.26],[54.56,24.46],[54.74,24.84],[55.14,25.1],[55.41,25.55],[55.97,25.87],[56.17,26.32],[56.48,26.39],[56.54,26.32],[56.39,25.55],[56.46,25.55],[56.42,25.16],[56.5,25.16],[56.4,24.97],[56.54,24.91],[56.79,24.33],[57.49,23.88],[58.81,23.62],[59.08,23.3],[59.07,23.17],[59.28,23.04],[59.27,22.91],[59.54,22.66],[59.9,22.53],[59.86,22.08],[59.44,21.44],[58.8,20.92],[58.61,20.41],[58.31,20.34],[58.25,20.54],[58.1,20.54],[57.93,20.28],[57.79,19.51],[57.87,19.51],[57.9,18.99],[57.0,18.8],[56.75,18.54],[56.64,18.09],[56.41,17.9],[55.59,17.84],[55.35,17.58],[55.31,17.13],[55.16,17.0],[54.2,17.0],[53.59,16.68],[53.22,16.68],[53.13,16.55],[52.38,16.29],[52.26,15.59],[52.1,15.46],[51.88,15.46],[51.27,15.14],[50.76,15.07],[50.23,14.81],[49.41,14.69],[48.79,14.04],[47.75,13.91],[47.67,13.72],[47.07,13.46],[45.74,13.34],[45.05,12.76],[44.61,12.76],[44.39,12.63],[43.44,12.69],[43.45,12.89],[43.24,13.08],[43.26,13.72],[43.06,13.98],[42.95,14.88],[42.89,15.07],[42.75,15.14],[42.71,15.84],[42.78,15.84],[42.82,16.61],[42.48,17.0],[42.48,17.13],[42.34,17.13],[42.28,17.45],[41.78,17.84],[41.45,18.48],[41.24,18.61],[41.25,18.86],[41.04,19.12],[40.99,19.44],[40.84,19.51],[40.85,19.7],[40.56,19.83],[40.14,20.28],[39.84,20.28],[39.35,20.79],[39.15,21.18],[39.17,21.63],[39.03,21.76],[39.14,22.53],[38.86,22.85],[38.87,23.04],[38.6,23.62],[38.03,24.14],[37.44,24.33],[37.39,24.65],[37.17,24.78],[37.18,24.91],[37.33,24.97],[37.27,25.23],[36.77,25.68],[36.72,26.0],[36.43,26.19],[36.16,26.77],[35.67,27.29],[35.61,27.54],[35.47,27.61],[35.41,27.87],[35.05,28.12],[34.59,28.06],[34.61,28.25],[34.85,28.57],[34.91,29.41],[34.75,29.28],[34.52,28.06],[34.36,27.93],[34.35,27.74],[34.12,27.74],[33.62,28.12],[33.55,28.32],[33.4,28.32],[33.19,28.51],[33.21,28.89],[32.86,29.22],[32.53,29.92],[32.43,29.6],[32.64,29.34],[32.69,28.96],[32.84,28.89],[33.11,28.38],[33.61,27.99],[33.59,27.61],[33.8,27.42],[33.93,27.03],[34.07,26.97],[34.05,26.58],[34.2,26.52],[34.46,25.87],[34.61,25.81],[35.15,24.65],[35.86,24.01],[35.85,23.88],[35.56,23.94],[35.55,23.81],[35.11,23.88],[33.76,23.69],[33.68,23.69],[33.39,23.81],[32.04,23.69],[31.67,23.75],[30.54,23.36],[30.46,23.36],[30.4,23.56],[30.1,23.75],[30.11,23.88],[29.96,23.88],[29.67,24.2],[28.57,24.65],[28.29,25.16],[28.24,25.94],[28.35,26.58],[28.27,26.58],[28.15,27.35],[27.94,27.54],[27.71,27.54],[27.79,27.67],[27.43,27.99],[27.28,27.93],[27.29,28.12],[27.14,28.25],[25.59,28.96],[25.37,29.28],[25.15,29.28],[25.0,29.41],[24.85,29.34],[24.78,29.54],[23.74,29.99],[22.45,30.05],[21.23,29.86],[19.77,29.22],[18.79,29.15],[18.71,29.15],[18.87,29.34],[18.72,29.54],[18.73,29.79],[18.81,29.79],[18.89,30.31],[18.97,30.31],[19.27,30.24],[19.66,30.37],[19.96,30.56],[19.97,30.69],[20.2,30.89],[20.13,31.14],[20.21,31.27],[20.0,31.59],[20.09,32.11],[20.02,32.24],[20.25,32.24],[20.33,32.49],[20.48,32.43],[20.56,32.56],[20.72,32.56],[20.64,32.69],[20.87,32.62],[21.11,32.81],[21.41,32.75],[21.88,32.94],[23.09,32.62],[23.08,32.36],[23.3,32.17],[23.68,32.17],[24.13,31.98],[24.89,31.98],[25.11,31.79],[25.1,31.59],[25.25,31.46],[26.85,31.46],[27.3,31.34],[27.51,31.14],[28.5,31.01],[28.87,30.82],[29.4,30.82],[29.49,31.01],[29.63,30.95],[29.87,31.08],[29.8,31.21],[29.88,31.27],[30.34,31.27],[30.27,31.4],[30.35,31.46],[30.81,31.46],[30.97,31.53],[30.97,31.66],[31.2,31.66],[31.12,31.53],[31.27,31.46],[31.88,31.46],[31.78,31.21],[31.94,31.27],[32.0,31.08],[32.3,31.08],[32.24,31.21],[32.39,31.21],[32.53,31.08],[32.77,31.14],[32.83,31.01],[33.75,31.08],[34.3,31.27],[34.31,31.4],[34.63,31.66],[34.57,31.85],[34.81,31.98],[34.77,32.36],[35.02,32.62],[35.06,33.01],[35.22,33.07],[35.4,33.39],[35.35,33.65],[35.5,33.65],[35.45,33.91],[35.68,33.97],[35.64,34.36],[35.79,34.29],[36.05,34.55],[36.07,34.74],[35.93,34.87],[35.96,35.19],[35.88,35.19],[35.99,35.52],[35.84,35.58],[35.99,36.22],[35.84,36.29],[36.26,36.61],[36.29,36.8],[36.14,36.93],[35.83,36.93],[35.49,36.61],[35.33,36.61],[35.11,36.74],[34.95,36.67],[34.89,36.87],[34.74,36.87],[34.66,36.87],[34.78,37.25],[35.03,37.45],[35.35,37.51],[35.43,37.51],[35.82,37.51],[36.15,37.71],[36.46,38.29],[36.61,38.22],[36.79,38.48],[37.13,38.67],[37.07,38.8],[37.31,38.87],[37.43,39.19],[37.68,39.26],[38.15,39.84],[38.16,39.9],[38.3,39.77],[38.84,39.71],[39.59,39.97],[40.39,40.55],[40.37,40.42],[40.53,40.42],[40.59,40.29],[41.83,40.16],[42.62,40.61],[43.1,40.68],[43.15,40.94],[43.4,41.0],[43.48,41.0],[43.58,41.13],[43.19,41.2],[42.86,41.59],[42.62,41.59],[42.93,42.43],[42.72,42.56],[42.75,42.76],[42.61,42.82],[42.5,43.15],[42.99,43.15],[43.42,42.89],[43.66,42.89],[43.85,42.63],[44.36,42.76],[44.74,42.69],[44.82,42.69],[45.23,42.69],[45.67,42.5],[45.75,42.11],[46.3,42.04],[46.35,41.91],[46.74,41.85],[47.27,41.33],[47.56,41.2],[47.89,41.26],[48.18,41.52],[48.17,41.85],[48.09,41.85],[48.2,41.98],[48.28,41.98],[49.09,41.26],[49.06,41.13],[49.27,41.0],[49.24,40.87],[49.51,40.61],[50.05,40.55],[50.26,40.42],[49.69,40.36],[49.51,40.23],[49.27,39.38],[49.15,39.19],[48.92,39.19],[48.8,39.0],[48.76,38.35],[48.84,38.35],[48.88,37.71],[49.09,37.51],[50.0,37.38],[50.32,37.0],[50.57,37.06],[50.63,37.0],[50.53,36.87],[51.26,36.61],[52.19,36.55],[53.09,36.8],[54.03,36.87],[54.09,37.19],[53.91,37.45],[53.91,37.84],[53.83,37.84],[53.99,39.0],[53.52,39.38],[53.14,39.45],[53.54,39.51],[53.5,40.03],[52.79,40.03],[52.78,40.36],[52.7,40.36],[52.89,40.87],[52.97,40.87],[52.94,40.74],[53.34,40.74],[53.45,40.87],[53.4,40.68],[54.37,40.74],[54.39,40.81],[56.83,40.74],[57.46,41.39],[57.56,41.78],[57.96,42.37],[58.05,43.02],[58.34,43.47],[58.42,43.47],[58.63,43.67],[59.12,43.41],[60.37,43.54],[60.39,43.34],[60.84,42.95],[60.82,42.89],[62.19,41.78],[62.15,41.65]]],[[[36.98,38.74],[37.06,38.74],[37.05,38.67],[36.97,38.67],[36.98,38.74]]]]},"properties":{"id":"territory:Abbasid Caliphate:814","name":"아바스 칼리프국","name_en":"Abbasid Caliphate","actor":"기타중립","valid_from":814,"valid_to":825,"wikidata":"Q12536","area":7867282,"src":"cliopatria","confidence":"medium"}},{"type":"Feature","geometry":{"type":"MultiPolygon","coordinates":[[[[42.01,16.61],[42.02,16.81],[42.17,16.81],[42.24,16.68],[42.23,16.61],[42.01,16.61]]],[[[59.0,20.66],[58.98,20.41],[58.82,20.21],[58.67,20.21],[58.77,20.54],[58.77,20.6],[59.0,20.66]]],[[[50.65,25.87],[50.43,25.94],[50.46,26.26],[50.69,26.26],[50.67,26.13],[50.67,26.07],[50.65,25.87]]],[[[62.15,41.65],[62.46,41.33],[62.39,41.07],[62.53,41.0],[62.3,40.74],[62.4,40.55],[62.33,40.29],[62.47,40.23],[62.5,40.03],[62.74,40.03],[63.26,40.23],[65.35,40.61],[65.39,40.74],[65.69,40.68],[66.28,40.81],[66.69,41.13],[66.65,41.26],[66.89,41.26],[68.11,42.11],[69.42,43.41],[69.5,43.41],[69.58,43.41],[69.54,43.28],[70.11,43.08],[70.42,42.56],[71.25,42.17],[71.42,41.98],[71.38,41.85],[71.69,41.59],[71.64,41.46],[71.76,41.33],[73.0,40.74],[72.98,40.68],[73.06,40.68],[73.14,40.68],[73.29,40.68],[73.33,40.55],[73.49,40.55],[73.53,40.42],[73.8,40.29],[73.57,39.58],[73.42,39.58],[73.16,39.26],[73.0,39.26],[72.32,38.8],[71.79,38.35],[71.5,37.58],[71.58,37.58],[71.48,36.93],[70.24,36.67],[69.0,36.67],[68.6,36.61],[68.49,36.48],[67.8,36.55],[67.07,36.42],[66.9,36.03],[66.72,35.9],[66.37,35.07],[65.93,34.49],[64.74,33.97],[64.36,33.59],[64.25,33.07],[64.33,33.07],[64.28,32.81],[64.36,32.81],[64.22,32.49],[64.21,32.04],[64.28,32.04],[64.25,31.46],[64.33,31.46],[64.46,30.95],[64.59,30.82],[65.63,30.69],[66.34,30.44],[67.17,30.37],[67.15,30.31],[68.43,30.24],[70.56,29.86],[70.39,28.96],[70.17,28.51],[69.23,27.87],[68.52,27.67],[68.09,27.29],[67.92,26.64],[67.99,26.64],[68.06,26.07],[68.19,25.94],[68.22,25.55],[67.76,24.91],[67.54,24.26],[67.36,24.07],[67.29,24.07],[67.33,24.39],[67.25,24.39],[67.21,24.71],[66.63,24.84],[66.68,25.23],[66.35,25.55],[66.02,25.36],[64.82,25.29],[64.8,25.16],[64.28,25.23],[64.23,25.36],[63.63,25.36],[63.54,25.23],[62.56,25.23],[62.47,25.1],[62.18,25.16],[62.02,25.04],[61.72,25.04],[61.66,25.16],[61.13,25.1],[60.92,25.23],[60.62,25.23],[60.63,25.36],[59.06,25.36],[58.78,25.55],[57.96,25.55],[57.74,25.62],[57.68,25.74],[57.38,25.74],[57.11,26.07],[57.05,26.84],[56.71,27.16],[56.19,27.16],[56.1,27.03],[56.32,27.03],[56.31,26.9],[56.06,26.71],[55.6,26.64],[55.44,26.52],[55.29,26.52],[55.31,26.71],[55.54,26.77],[55.24,26.77],[54.83,26.45],[54.46,26.52],[54.26,26.71],[53.66,26.71],[53.46,26.97],[52.74,27.22],[52.48,27.61],[52.05,27.8],[51.6,27.8],[51.32,27.99],[51.33,28.12],[51.07,28.44],[51.03,28.77],[50.81,28.83],[50.92,29.09],[50.62,29.15],[50.65,29.41],[50.24,29.73],[50.06,30.18],[49.59,29.99],[48.94,30.31],[48.99,30.05],[48.9,29.99],[48.37,29.92],[48.4,29.6],[47.87,29.54],[47.85,29.41],[48.08,29.41],[48.22,29.28],[48.19,29.09],[48.46,28.77],[48.56,28.32],[48.97,27.93],[48.87,27.67],[49.24,27.61],[49.36,27.29],[50.13,26.77],[50.12,26.58],[50.25,26.45],[50.22,26.13],[50.07,26.07],[50.21,26.0],[50.33,25.62],[50.61,25.42],[50.65,25.1],[50.73,25.1],[50.77,25.55],[50.92,25.62],[50.95,25.94],[51.12,26.13],[51.42,26.13],[51.7,25.87],[51.57,25.36],[51.72,25.29],[51.69,24.97],[51.52,24.78],[51.41,24.33],[51.85,24.26],[51.91,24.01],[52.28,24.01],[52.6,24.26],[53.11,24.14],[54.08,24.14],[54.1,24.33],[54.32,24.26],[54.56,24.46],[54.74,24.84],[55.14,25.1],[55.41,25.55],[55.97,25.87],[56.17,26.32],[56.48,26.39],[56.54,26.32],[56.39,25.55],[56.46,25.55],[56.42,25.16],[56.5,25.16],[56.4,24.97],[56.54,24.91],[56.79,24.33],[57.49,23.88],[58.81,23.62],[59.08,23.3],[59.07,23.17],[59.28,23.04],[59.27,22.91],[59.54,22.66],[59.9,22.53],[59.86,22.08],[59.44,21.44],[58.8,20.92],[58.61,20.41],[58.31,20.34],[58.25,20.54],[58.1,20.54],[57.93,20.28],[57.79,19.51],[57.87,19.51],[57.9,18.99],[57.0,18.8],[56.75,18.54],[56.64,18.09],[56.41,17.9],[55.59,17.84],[55.35,17.58],[55.31,17.13],[55.16,17.0],[54.2,17.0],[53.59,16.68],[53.22,16.68],[53.13,16.55],[52.38,16.29],[52.26,15.59],[52.1,15.46],[51.88,15.46],[51.27,15.14],[50.76,15.07],[50.23,14.81],[49.41,14.69],[48.79,14.04],[47.75,13.91],[47.67,13.72],[47.07,13.46],[45.74,13.34],[45.05,12.76],[44.61,12.76],[44.39,12.63],[43.44,12.69],[43.45,12.89],[43.24,13.08],[43.26,13.72],[43.06,13.98],[42.95,14.88],[42.89,15.07],[42.75,15.14],[42.71,15.84],[42.78,15.84],[42.82,16.61],[42.48,17.0],[42.48,17.13],[42.34,17.13],[42.28,17.45],[41.78,17.84],[41.45,18.48],[41.24,18.61],[41.25,18.86],[41.04,19.12],[40.99,19.44],[40.84,19.51],[40.85,19.7],[40.56,19.83],[40.14,20.28],[39.84,20.28],[39.35,20.79],[39.15,21.18],[39.17,21.63],[39.03,21.76],[39.14,22.53],[38.86,22.85],[38.87,23.04],[38.6,23.62],[38.03,24.14],[37.44,24.33],[37.39,24.65],[37.17,24.78],[37.18,24.91],[37.33,24.97],[37.27,25.23],[36.77,25.68],[36.72,26.0],[36.43,26.19],[36.16,26.77],[35.67,27.29],[35.61,27.54],[35.47,27.61],[35.41,27.87],[35.05,28.12],[34.59,28.06],[34.61,28.25],[34.85,28.57],[34.91,29.41],[34.75,29.28],[34.52,28.06],[34.36,27.93],[34.35,27.74],[34.12,27.74],[33.62,28.12],[33.55,28.32],[33.4,28.32],[33.19,28.51],[33.21,28.89],[32.86,29.22],[32.53,29.92],[32.43,29.6],[32.64,29.34],[32.69,28.96],[32.84,28.89],[33.11,28.38],[33.61,27.99],[33.59,27.61],[33.8,27.42],[33.93,27.03],[34.07,26.97],[34.05,26.58],[34.2,26.52],[34.46,25.87],[34.61,25.81],[35.15,24.65],[35.86,24.01],[35.85,23.88],[35.56,23.94],[35.55,23.81],[35.11,23.88],[33.76,23.69],[33.68,23.69],[33.39,23.81],[32.04,23.69],[31.67,23.75],[30.54,23.36],[30.46,23.36],[30.4,23.56],[30.1,23.75],[30.11,23.88],[29.96,23.88],[29.67,24.2],[28.57,24.65],[28.29,25.16],[28.24,25.94],[28.35,26.58],[28.27,26.58],[28.15,27.35],[27.94,27.54],[27.71,27.54],[27.79,27.67],[27.43,27.99],[27.28,27.93],[27.29,28.12],[27.14,28.25],[25.59,28.96],[25.37,29.28],[25.15,29.28],[25.0,29.41],[24.85,29.34],[24.78,29.54],[23.74,29.99],[22.45,30.05],[21.23,29.86],[19.77,29.22],[18.79,29.15],[18.71,29.15],[18.87,29.34],[18.72,29.54],[18.73,29.79],[18.81,29.79],[18.89,30.31],[18.97,30.31],[19.27,30.24],[19.66,30.37],[19.96,30.56],[19.97,30.69],[20.2,30.89],[20.13,31.14],[20.21,31.27],[20.0,31.59],[20.09,32.11],[20.02,32.24],[20.25,32.24],[20.33,32.49],[20.48,32.43],[20.56,32.56],[20.72,32.56],[20.64,32.69],[20.87,32.62],[21.11,32.81],[21.41,32.75],[21.88,32.94],[23.09,32.62],[23.08,32.36],[23.3,32.17],[23.68,32.17],[24.13,31.98],[24.89,31.98],[25.11,31.79],[25.1,31.59],[25.25,31.46],[26.85,31.46],[27.3,31.34],[27.51,31.14],[28.5,31.01],[28.87,30.82],[29.4,30.82],[29.49,31.01],[29.63,30.95],[29.87,31.08],[29.8,31.21],[29.88,31.27],[30.34,31.27],[30.27,31.4],[30.35,31.46],[30.81,31.46],[30.97,31.53],[30.97,31.66],[31.2,31.66],[31.12,31.53],[31.27,31.46],[31.88,31.46],[31.78,31.21],[31.94,31.27],[32.0,31.08],[32.3,31.08],[32.24,31.21],[32.39,31.21],[32.53,31.08],[32.77,31.14],[32.83,31.01],[33.75,31.08],[34.3,31.27],[34.31,31.4],[34.63,31.66],[34.57,31.85],[34.81,31.98],[34.77,32.36],[35.02,32.62],[35.06,33.01],[35.22,33.07],[35.4,33.39],[35.35,33.65],[35.5,33.65],[35.45,33.91],[35.68,33.97],[35.64,34.36],[35.79,34.29],[36.05,34.55],[36.07,34.74],[35.93,34.87],[35.96,35.19],[35.88,35.19],[35.99,35.52],[35.84,35.58],[35.99,36.22],[35.84,36.29],[36.26,36.61],[36.29,36.8],[36.14,36.93],[35.83,36.93],[35.49,36.61],[35.33,36.61],[35.11,36.74],[34.95,36.67],[34.89,36.87],[34.74,36.87],[34.66,36.87],[34.78,37.25],[35.03,37.45],[35.35,37.51],[35.43,37.51],[35.82,37.51],[36.15,37.71],[36.46,38.29],[36.61,38.22],[36.79,38.48],[37.13,38.67],[37.07,38.8],[37.31,38.87],[37.43,39.19],[37.68,39.26],[38.15,39.84],[38.16,39.9],[38.3,39.77],[38.84,39.71],[39.59,39.97],[40.39,40.55],[40.37,40.42],[40.53,40.42],[40.59,40.29],[41.83,40.16],[42.62,40.61],[43.1,40.68],[43.15,40.94],[43.4,41.0],[43.48,41.0],[43.58,41.13],[43.19,41.2],[42.86,41.59],[42.62,41.59],[42.93,42.43],[42.72,42.56],[42.75,42.76],[42.61,42.82],[42.5,43.15],[42.99,43.15],[43.42,42.89],[43.66,42.89],[43.85,42.63],[44.36,42.76],[44.74,42.69],[44.82,42.69],[45.23,42.69],[45.67,42.5],[45.75,42.11],[46.3,42.04],[46.35,41.91],[46.74,41.85],[47.27,41.33],[47.56,41.2],[47.89,41.26],[48.18,41.52],[48.17,41.85],[48.09,41.85],[48.2,41.98],[48.28,41.98],[49.09,41.26],[49.06,41.13],[49.27,41.0],[49.24,40.87],[49.51,40.61],[50.05,40.55],[50.26,40.42],[49.69,40.36],[49.51,40.23],[49.27,39.38],[49.15,39.19],[48.92,39.19],[48.8,39.0],[48.76,38.35],[48.84,38.35],[48.88,37.71],[49.09,37.51],[50.0,37.38],[50.32,37.0],[50.57,37.06],[50.63,37.0],[50.53,36.87],[51.26,36.61],[52.19,36.55],[53.09,36.8],[54.03,36.87],[54.09,37.19],[53.91,37.45],[53.91,37.84],[53.83,37.84],[53.99,39.0],[53.52,39.38],[53.14,39.45],[53.54,39.51],[53.5,40.03],[52.79,40.03],[52.78,40.36],[52.7,40.36],[52.89,40.87],[52.97,40.87],[52.94,40.74],[53.34,40.74],[53.45,40.87],[53.4,40.68],[54.37,40.74],[54.39,40.81],[56.83,40.74],[57.46,41.39],[57.56,41.78],[57.96,42.37],[58.05,43.02],[58.34,43.47],[58.42,43.47],[58.63,43.67],[59.12,43.41],[60.37,43.54],[60.39,43.34],[60.84,42.95],[60.82,42.89],[62.19,41.78],[62.15,41.65]]],[[[36.98,38.74],[37.06,38.74],[37.05,38.67],[36.97,38.67],[36.98,38.74]]]]},"properties":{"id":"territory:Abbasid Caliphate:840","name":"아바스 칼리프국","name_en":"Abbasid Caliphate","actor":"기타중립","valid_from":840,"valid_to":850,"wikidata":"Q12536","area":7867282,"src":"cliopatria","confidence":"medium"}},{"type":"Feature","geometry":{"type":"Point","coordinates":[49.408,29.927]},"properties":{"id":"territory:Abbasid Caliphate:814:label","name":"아바스 칼리프국","name_en":"Abbasid Caliphate","actor":"기타중립","valid_from":814,"valid_to":825,"wikidata":"Q12536","area":7867282,"src":"cliopatria","confidence":"medium"}},{"type":"Feature","geometry":{"type":"Point","coordinates":[49.408,29.927]},"properties":{"id":"territory:Abbasid Caliphate:840:label","name":"아바스 칼리프국","name_en":"Abbasid Caliphate","actor":"기타중립","valid_from":840,"valid_to":850,"wikidata":"Q12536","area":7867282,"src":"cliopatria","confidence":"medium"}},{"type":"Feature","geometry":{"type":"MultiPolygon","coordinates":[[[[42.01,16.61],[42.02,16.81],[42.17,16.81],[42.24,16.68],[42.23,16.61],[42.01,16.61]]],[[[59.0,20.66],[58.98,20.41],[58.82,20.21],[58.67,20.21],[58.77,20.54],[58.77,20.6],[59.0,20.66]]],[[[50.65,25.87],[50.43,25.94],[50.46,26.26],[50.69,26.26],[50.67,26.13],[50.67,26.07],[50.65,25.87]]],[[[35.64,34.36],[35.79,34.29],[36.05,34.55],[36.07,34.74],[35.93,34.87],[35.96,35.19],[35.88,35.19],[35.99,35.52],[35.84,35.58],[35.99,36.22],[35.84,36.29],[36.26,36.61],[36.29,36.8],[36.14,36.93],[35.83,36.93],[35.49,36.61],[35.33,36.61],[35.11,36.74],[34.95,36.67],[34.89,36.87],[34.74,36.87],[34.66,36.87],[34.78,37.25],[35.03,37.45],[35.35,37.51],[35.43,37.51],[35.82,37.51],[36.15,37.71],[36.46,38.29],[36.61,38.22],[36.79,38.48],[37.13,38.67],[37.07,38.8],[37.31,38.87],[37.43,39.19],[37.68,39.26],[38.15,39.84],[38.16,39.9],[38.3,39.77],[38.84,39.71],[39.59,39.97],[40.39,40.55],[40.37,40.42],[40.53,40.42],[40.59,40.29],[41.83,40.16],[42.62,40.61],[43.1,40.68],[43.15,40.94],[43.4,41.0],[43.48,41.0],[43.58,41.13],[43.19,41.2],[42.86,41.59],[42.62,41.59],[42.93,42.43],[42.72,42.56],[42.75,42.76],[42.61,42.82],[42.5,43.15],[42.99,43.15],[43.42,42.89],[43.66,42.89],[43.85,42.63],[44.36,42.76],[44.74,42.69],[44.82,42.69],[45.23,42.69],[45.67,42.5],[45.75,42.11],[46.3,42.04],[46.35,41.91],[46.74,41.85],[47.27,41.33],[47.56,41.2],[47.89,41.26],[48.18,41.52],[48.17,41.85],[48.09,41.85],[48.2,41.98],[48.28,41.98],[49.09,41.26],[49.06,41.13],[49.27,41.0],[49.24,40.87],[49.51,40.61],[50.05,40.55],[50.26,40.42],[49.69,40.36],[49.51,40.23],[49.27,39.38],[49.15,39.19],[48.92,39.19],[48.8,39.0],[48.76,38.35],[48.84,38.35],[48.88,37.71],[49.09,37.51],[50.0,37.38],[50.32,37.0],[50.57,37.06],[50.63,37.0],[50.53,36.87],[51.26,36.61],[52.19,36.55],[53.09,36.8],[54.03,36.87],[54.09,37.19],[53.91,37.45],[53.91,37.84],[53.83,37.84],[53.99,39.0],[53.52,39.38],[53.14,39.45],[53.54,39.51],[53.5,40.03],[52.79,40.03],[52.78,40.36],[52.7,40.36],[52.89,40.87],[52.97,40.87],[52.94,40.74],[53.34,40.74],[53.45,40.87],[53.4,40.68],[54.37,40.74],[54.39,40.81],[56.83,40.74],[57.46,41.39],[57.56,41.78],[57.96,42.37],[58.05,43.02],[58.34,43.47],[58.42,43.47],[58.63,43.67],[59.12,43.41],[60.37,43.54],[60.39,43.34],[61.01,42.69],[61.17,42.69],[61.4,42.37],[61.56,42.37],[61.78,42.04],[61.94,42.04],[62.19,41.78],[62.15,41.65],[62.35,41.52],[62.32,41.39],[62.46,41.33],[62.39,41.07],[62.53,41.0],[62.3,40.74],[62.4,40.55],[62.33,40.29],[62.47,40.23],[62.5,40.03],[64.84,40.48],[65.35,40.61],[65.39,40.74],[65.69,40.68],[66.28,40.81],[66.69,41.13],[66.65,41.26],[66.89,41.26],[68.11,42.11],[69.42,43.41],[69.5,43.41],[69.58,43.41],[69.54,43.28],[70.11,43.08],[70.42,42.56],[71.25,42.17],[71.42,41.98],[71.38,41.85],[71.69,41.59],[71.64,41.46],[71.76,41.33],[73.0,40.74],[72.98,40.68],[73.06,40.68],[73.14,40.68],[73.29,40.68],[73.33,40.55],[73.49,40.55],[73.53,40.42],[73.8,40.29],[73.57,39.58],[73.42,39.58],[73.38,39.45],[73.36,39.38],[73.2,39.38],[73.16,39.26],[73.0,39.26],[72.51,38.93],[71.79,38.35],[71.52,37.64],[71.59,37.64],[71.5,37.0],[71.48,36.93],[70.24,36.67],[69.0,36.67],[68.6,36.61],[68.49,36.48],[67.8,36.55],[67.07,36.42],[66.9,36.03],[66.72,35.9],[66.37,35.07],[65.93,34.49],[64.74,33.97],[64.36,33.59],[64.25,33.07],[64.33,33.07],[64.28,32.81],[64.36,32.81],[64.22,32.49],[64.21,32.04],[64.28,32.04],[64.25,31.46],[64.33,31.46],[64.46,30.95],[64.59,30.82],[65.63,30.69],[66.34,30.44],[67.17,30.37],[67.15,30.31],[68.43,30.24],[70.22,29.92],[70.0,29.81],[69.64,29.36],[68.69,29.19],[68.13,29.39],[67.64,29.28],[67.52,29.12],[67.5,28.37],[67.17,27.45],[67.16,26.1],[67.03,25.55],[66.67,25.03],[66.67,24.86],[66.66,24.84],[66.68,25.23],[66.35,25.55],[66.02,25.36],[64.82,25.29],[64.8,25.16],[64.28,25.23],[64.23,25.36],[63.63,25.36],[63.54,25.23],[62.56,25.23],[62.47,25.1],[62.18,25.16],[62.02,25.04],[61.72,25.04],[61.66,25.16],[61.13,25.1],[60.92,25.23],[60.62,25.23],[60.63,25.36],[59.06,25.36],[58.78,25.55],[57.96,25.55],[57.74,25.62],[57.68,25.74],[57.38,25.74],[57.18,25.94],[57.05,26.84],[56.71,27.16],[56.19,27.16],[56.1,27.03],[56.32,27.03],[56.31,26.9],[56.06,26.71],[55.6,26.64],[55.44,26.52],[55.29,26.52],[55.31,26.71],[55.54,26.77],[55.24,26.77],[54.83,26.45],[54.46,26.52],[54.26,26.71],[53.66,26.71],[53.46,26.97],[52.74,27.22],[52.48,27.61],[52.05,27.8],[51.6,27.8],[51.32,27.99],[51.33,28.12],[51.07,28.44],[51.03,28.77],[50.81,28.83],[50.92,29.09],[50.62,29.15],[50.65,29.41],[50.24,29.73],[50.06,30.18],[49.59,29.99],[48.94,30.31],[48.99,30.05],[48.37,29.92],[48.4,29.6],[47.87,29.54],[47.85,29.41],[48.08,29.41],[48.22,29.28],[48.19,29.09],[48.46,28.77],[48.56,28.32],[48.97,27.93],[48.87,27.67],[49.24,27.61],[49.36,27.29],[50.13,26.77],[50.12,26.58],[50.25,26.45],[50.22,26.13],[50.07,26.07],[50.21,26.0],[50.33,25.62],[50.61,25.42],[50.65,25.1],[50.73,25.1],[50.77,25.55],[50.92,25.62],[50.95,25.94],[51.12,26.13],[51.42,26.13],[51.7,25.87],[51.57,25.36],[51.72,25.29],[51.69,24.97],[51.52,24.78],[51.41,24.33],[51.85,24.26],[51.91,24.01],[52.28,24.01],[52.6,24.26],[53.11,24.14],[54.08,24.14],[54.1,24.33],[54.32,24.26],[54.56,24.46],[54.74,24.84],[55.14,25.1],[55.41,25.55],[55.97,25.87],[56.17,26.32],[56.48,26.39],[56.54,26.32],[56.39,25.55],[56.46,25.55],[56.42,25.16],[56.5,25.16],[56.4,24.97],[56.54,24.91],[56.79,24.33],[57.49,23.88],[58.81,23.62],[59.08,23.3],[59.07,23.17],[59.28,23.04],[59.27,22.91],[59.54,22.66],[59.9,22.53],[59.86,22.08],[59.44,21.44],[58.8,20.92],[58.61,20.41],[58.31,20.34],[58.25,20.54],[58.1,20.54],[57.93,20.28],[57.79,19.51],[57.87,19.51],[57.9,18.99],[57.0,18.8],[56.75,18.54],[56.64,18.09],[56.41,17.9],[55.59,17.84],[55.35,17.58],[55.31,17.13],[55.16,17.0],[54.2,17.0],[53.59,16.68],[53.22,16.68],[53.13,16.55],[52.38,16.29],[52.26,15.59],[52.1,15.46],[51.88,15.46],[51.27,15.14],[50.76,15.07],[50.23,14.81],[49.41,14.69],[48.79,14.04],[47.75,13.91],[47.67,13.72],[46.84,13.4],[45.74,13.34],[45.05,12.76],[44.61,12.76],[44.39,12.63],[43.44,12.69],[43.45,12.89],[43.24,13.08],[43.26,13.72],[43.06,13.98],[42.95,14.88],[42.89,15.07],[42.75,15.14],[42.71,15.84],[42.78,15.84],[42.82,16.61],[42.48,17.0],[42.48,17.13],[42.34,17.13],[42.28,17.45],[41.78,17.84],[41.45,18.48],[41.24,18.61],[41.25,18.86],[41.04,19.12],[40.99,19.44],[40.84,19.51],[40.85,19.7],[40.56,19.83],[40.14,20.28],[39.84,20.28],[39.35,20.79],[39.15,21.18],[39.17,21.63],[39.03,21.76],[39.14,22.53],[38.86,22.85],[38.87,23.04],[38.6,23.62],[38.03,24.14],[37.44,24.33],[37.39,24.65],[37.17,24.78],[37.18,24.91],[37.33,24.97],[37.27,25.23],[36.77,25.68],[36.72,26.0],[36.43,26.19],[36.16,26.77],[35.67,27.29],[35.61,27.54],[35.47,27.61],[35.41,27.87],[35.05,28.12],[34.59,28.06],[34.61,28.25],[34.85,28.57],[34.91,29.41],[34.75,29.28],[34.52,28.06],[34.36,27.93],[34.35,27.74],[34.12,27.74],[33.62,28.12],[33.55,28.32],[33.4,28.32],[33.19,28.51],[33.21,28.89],[32.86,29.22],[32.53,29.92],[32.43,29.6],[32.64,29.34],[32.69,28.96],[32.84,28.89],[33.11,28.38],[33.61,27.99],[33.59,27.61],[33.8,27.42],[33.93,27.03],[34.07,26.97],[34.05,26.58],[34.2,26.52],[34.46,25.87],[34.61,25.81],[35.15,24.65],[35.86,24.01],[35.85,23.88],[35.56,23.94],[35.55,23.81],[35.11,23.88],[33.76,23.69],[33.68,23.69],[33.39,23.81],[32.04,23.69],[31.67,23.75],[30.54,23.36],[30.46,23.36],[30.4,23.56],[30.1,23.75],[30.11,23.88],[29.96,23.88],[29.67,24.2],[28.57,24.65],[28.29,25.16],[28.24,25.94],[28.35,26.58],[28.27,26.58],[28.15,27.35],[27.94,27.54],[27.71,27.54],[27.79,27.67],[27.43,27.99],[27.28,27.93],[27.29,28.12],[27.14,28.25],[25.59,28.96],[25.37,29.28],[25.15,29.28],[25.0,29.41],[24.85,29.34],[24.78,29.54],[23.74,29.99],[22.45,30.05],[21.23,29.86],[19.77,29.22],[18.79,29.15],[18.71,29.15],[18.87,29.34],[18.72,29.54],[18.73,29.79],[18.81,29.79],[18.89,30.31],[18.97,30.31],[19.27,30.24],[19.66,30.37],[19.96,30.56],[19.97,30.69],[20.2,30.89],[20.13,31.14],[20.21,31.27],[20.0,31.59],[20.09,32.11],[20.02,32.24],[20.25,32.24],[20.33,32.49],[20.48,32.43],[20.56,32.56],[20.72,32.56],[20.64,32.69],[20.87,32.62],[21.11,32.81],[21.41,32.75],[21.88,32.94],[23.09,32.62],[23.08,32.36],[23.3,32.17],[23.68,32.17],[24.13,31.98],[24.89,31.98],[25.11,31.79],[25.1,31.59],[25.25,31.46],[26.85,31.46],[27.3,31.34],[27.51,31.14],[28.5,31.01],[28.87,30.82],[29.4,30.82],[29.49,31.01],[29.63,30.95],[29.87,31.08],[29.8,31.21],[29.88,31.27],[30.34,31.27],[30.27,31.4],[30.35,31.46],[30.81,31.46],[30.97,31.53],[30.97,31.66],[31.2,31.66],[31.12,31.53],[31.27,31.46],[31.88,31.46],[31.78,31.21],[31.94,31.27],[32.0,31.08],[32.3,31.08],[32.24,31.21],[32.53,31.08],[32.77,31.14],[32.83,31.01],[33.75,31.08],[34.3,31.27],[34.31,31.4],[34.63,31.66],[34.57,31.85],[34.81,31.98],[34.77,32.36],[35.02,32.62],[35.06,33.01],[35.3,33.2],[35.4,33.46],[35.33,33.46],[35.35,33.65],[35.5,33.65],[35.44,33.84],[35.52,33.91],[35.53,33.97],[35.68,33.97],[35.64,34.36]],[[35.52,33.84],[35.59,33.84],[35.6,33.91],[35.52,33.91],[35.52,33.84]],[[61.94,30.89],[61.92,30.76],[62.22,30.76],[62.24,30.89],[62.57,31.01],[62.62,31.27],[62.33,31.4],[62.36,31.53],[62.05,31.53],[62.03,31.4],[61.7,31.27],[61.69,31.21],[61.66,31.01],[61.81,31.01],[61.94,30.89]],[[53.65,31.4],[53.73,31.4],[53.74,31.46],[53.66,31.46],[53.65,31.4]],[[53.6,31.59],[53.61,31.66],[53.54,31.66],[53.53,31.59],[53.6,31.59]],[[47.49,38.22],[47.41,38.22],[47.4,38.16],[47.48,38.16],[47.49,38.22]],[[47.35,38.35],[47.34,38.29],[47.42,38.29],[47.43,38.35],[47.35,38.35]],[[34.85,32.36],[34.84,32.3],[34.92,32.3],[34.92,32.36],[34.85,32.36]]],[[[36.98,38.74],[37.06,38.74],[37.05,38.67],[36.97,38.67],[36.98,38.74]]]]},"properties":{"id":"territory:Abbasid Caliphate:860","name":"아바스 칼리프국","name_en":"Abbasid Caliphate","actor":"기타중립","valid_from":860,"valid_to":866,"wikidata":"Q12536","area":7779292,"src":"cliopatria","confidence":"medium"}},{"type":"Feature","geometry":{"type":"Point","coordinates":[49.212,29.95]},"properties":{"id":"territory:Abbasid Caliphate:860:label","name":"아바스 칼리프국","name_en":"Abbasid Caliphate","actor":"기타중립","valid_from":860,"valid_to":866,"wikidata":"Q12536","area":7779292,"src":"cliopatria","confidence":"medium"}},{"type":"Feature","geometry":{"type":"MultiPolygon","coordinates":[[[[42.02,16.81],[42.17,16.81],[42.24,16.68],[42.23,16.61],[42.01,16.61],[42.02,16.81]]],[[[58.98,20.41],[58.82,20.21],[58.67,20.21],[58.77,20.54],[58.77,20.6],[59.0,20.66],[58.98,20.41]]],[[[50.43,25.94],[50.46,26.26],[50.69,26.26],[50.67,26.13],[50.67,26.07],[50.65,25.87],[50.43,25.94]]],[[[29.88,31.27],[30.34,31.27],[30.27,31.4],[30.35,31.46],[30.81,31.46],[30.97,31.53],[30.97,31.66],[31.2,31.66],[31.12,31.53],[31.27,31.46],[31.88,31.46],[31.78,31.21],[31.94,31.27],[32.0,31.08],[32.3,31.08],[32.24,31.21],[32.39,31.21],[32.53,31.08],[32.77,31.14],[32.83,31.01],[33.22,31.08],[33.29,31.08],[33.37,31.08],[33.98,31.14],[34.3,31.27],[34.31,31.4],[34.55,31.53],[34.64,31.72],[34.57,31.85],[34.81,31.98],[34.77,32.36],[35.02,32.62],[35.06,33.01],[35.22,33.07],[35.4,33.39],[35.35,33.65],[35.5,33.65],[35.45,33.91],[35.68,33.97],[35.64,34.36],[35.79,34.29],[36.05,34.55],[36.07,34.74],[35.93,34.87],[35.96,35.19],[35.88,35.19],[35.99,35.52],[35.84,35.58],[35.99,36.22],[35.84,36.29],[36.26,36.61],[36.29,36.8],[36.14,36.93],[35.83,36.93],[35.49,36.61],[35.33,36.61],[35.11,36.74],[34.95,36.67],[34.89,36.87],[34.74,36.87],[34.66,36.87],[34.78,37.25],[35.03,37.45],[35.35,37.51],[35.43,37.51],[35.82,37.51],[36.15,37.71],[36.46,38.29],[36.61,38.22],[36.79,38.48],[37.13,38.67],[37.07,38.8],[37.31,38.87],[37.43,39.19],[37.68,39.26],[38.15,39.84],[38.16,39.9],[38.3,39.77],[38.84,39.71],[39.59,39.97],[40.39,40.55],[40.37,40.42],[40.53,40.42],[40.59,40.29],[41.83,40.16],[42.62,40.61],[43.1,40.68],[43.15,40.94],[43.57,41.07],[43.77,40.87],[43.64,40.55],[43.65,40.16],[43.86,40.03],[44.56,39.97],[44.83,39.71],[44.87,39.45],[45.29,39.13],[45.44,39.13],[45.5,39.0],[45.87,38.87],[46.67,38.93],[47.49,39.58],[48.13,39.64],[48.33,39.45],[48.22,39.26],[48.25,39.0],[48.08,38.93],[48.06,38.8],[48.33,38.55],[48.79,38.48],[48.77,38.42],[48.83,37.84],[49.09,37.51],[50.0,37.38],[50.32,37.0],[50.57,37.06],[50.63,37.0],[50.53,36.87],[50.82,36.74],[51.64,36.55],[52.19,36.55],[53.09,36.8],[54.03,36.87],[54.09,37.19],[53.91,37.45],[53.91,37.84],[53.83,37.84],[53.99,39.0],[53.52,39.38],[53.14,39.45],[53.54,39.51],[53.5,40.03],[52.79,40.03],[52.78,40.36],[52.7,40.36],[52.89,40.87],[52.97,40.87],[52.94,40.74],[53.34,40.74],[53.45,40.87],[53.4,40.68],[54.37,40.74],[54.39,40.81],[56.83,40.74],[57.46,41.39],[57.56,41.78],[57.96,42.37],[58.05,43.02],[58.34,43.47],[58.42,43.47],[58.63,43.67],[59.12,43.41],[60.37,43.54],[60.39,43.34],[60.84,42.95],[60.82,42.89],[62.19,41.78],[62.15,41.65],[62.46,41.33],[62.39,41.07],[62.53,41.0],[62.3,40.74],[62.4,40.55],[62.33,40.29],[62.47,40.23],[62.5,40.03],[62.74,40.03],[63.26,40.23],[65.35,40.61],[65.39,40.74],[65.69,40.68],[66.28,40.81],[66.69,41.13],[66.65,41.26],[66.89,41.26],[68.11,42.11],[69.42,43.41],[69.5,43.41],[69.58,43.41],[69.54,43.28],[70.11,43.08],[70.42,42.56],[71.25,42.17],[71.42,41.98],[71.38,41.85],[71.69,41.59],[71.64,41.46],[71.76,41.33],[73.0,40.74],[72.98,40.68],[73.06,40.68],[73.14,40.68],[73.29,40.68],[73.33,40.55],[73.49,40.55],[73.53,40.42],[73.8,40.29],[73.57,39.58],[73.42,39.58],[73.16,39.26],[73.0,39.26],[72.32,38.8],[71.79,38.35],[71.5,37.58],[71.58,37.58],[71.48,36.93],[70.24,36.67],[69.0,36.67],[68.6,36.61],[68.49,36.48],[67.8,36.55],[67.07,36.42],[66.9,36.03],[66.72,35.9],[66.37,35.07],[65.93,34.49],[64.74,33.97],[64.36,33.59],[64.25,33.07],[64.33,33.07],[64.28,32.81],[64.36,32.81],[64.22,32.49],[64.21,32.04],[64.28,32.04],[64.25,31.46],[64.33,31.46],[64.46,30.95],[64.59,30.82],[65.63,30.69],[66.34,30.44],[67.17,30.37],[67.15,30.31],[68.43,30.24],[70.56,29.86],[70.39,28.96],[70.17,28.51],[69.23,27.87],[68.52,27.67],[68.09,27.29],[67.92,26.64],[67.99,26.64],[68.06,26.07],[68.19,25.94],[68.22,25.55],[67.76,24.91],[67.54,24.26],[67.36,24.07],[67.29,24.07],[67.33,24.39],[67.25,24.39],[67.21,24.71],[66.63,24.84],[66.68,25.23],[66.35,25.55],[66.02,25.36],[64.82,25.29],[64.8,25.16],[64.28,25.23],[64.23,25.36],[63.63,25.36],[63.54,25.23],[62.56,25.23],[62.47,25.1],[62.18,25.16],[62.02,25.04],[61.72,25.04],[61.66,25.16],[61.13,25.1],[60.92,25.23],[60.62,25.23],[60.63,25.36],[59.06,25.36],[58.78,25.55],[57.96,25.55],[57.74,25.62],[57.68,25.74],[57.38,25.74],[57.11,26.07],[57.05,26.84],[56.71,27.16],[56.19,27.16],[56.1,27.03],[56.32,27.03],[56.31,26.9],[56.06,26.71],[55.6,26.64],[55.44,26.52],[55.29,26.52],[55.31,26.71],[55.54,26.77],[55.24,26.77],[54.83,26.45],[54.46,26.52],[54.26,26.71],[53.66,26.71],[53.46,26.97],[52.74,27.22],[52.48,27.61],[52.05,27.8],[51.6,27.8],[51.32,27.99],[51.33,28.12],[51.07,28.44],[51.03,28.77],[50.81,28.83],[50.92,29.09],[50.62,29.15],[50.65,29.41],[50.24,29.73],[50.06,30.18],[49.59,29.99],[48.94,30.31],[48.99,30.05],[48.9,29.99],[48.37,29.92],[48.4,29.6],[47.87,29.54],[47.85,29.41],[48.08,29.41],[48.22,29.28],[48.19,29.09],[48.46,28.77],[48.56,28.32],[48.97,27.93],[48.87,27.67],[49.24,27.61],[49.36,27.29],[50.13,26.77],[50.12,26.58],[50.25,26.45],[50.22,26.13],[50.07,26.07],[50.21,26.0],[50.33,25.62],[50.61,25.42],[50.65,25.1],[50.73,25.1],[50.77,25.55],[50.92,25.62],[50.95,25.94],[51.12,26.13],[51.42,26.13],[51.7,25.87],[51.57,25.36],[51.72,25.29],[51.69,24.97],[51.52,24.78],[51.41,24.33],[51.85,24.26],[51.91,24.01],[52.28,24.01],[52.6,24.26],[53.11,24.14],[54.08,24.14],[54.1,24.33],[54.32,24.26],[54.56,24.46],[54.74,24.84],[55.14,25.1],[55.41,25.55],[55.97,25.87],[56.17,26.32],[56.48,26.39],[56.54,26.32],[56.39,25.55],[56.46,25.55],[56.42,25.16],[56.5,25.16],[56.4,24.97],[56.54,24.91],[56.79,24.33],[57.49,23.88],[58.81,23.62],[59.08,23.3],[59.07,23.17],[59.28,23.04],[59.27,22.91],[59.54,22.66],[59.9,22.53],[59.86,22.08],[59.44,21.44],[58.8,20.92],[58.61,20.41],[58.31,20.34],[58.25,20.54],[58.1,20.54],[57.93,20.28],[57.79,19.51],[57.87,19.51],[57.9,18.99],[57.0,18.8],[56.75,18.54],[56.64,18.09],[56.41,17.9],[55.59,17.84],[55.35,17.58],[55.31,17.13],[55.16,17.0],[54.2,17.0],[53.59,16.68],[53.22,16.68],[53.13,16.55],[52.38,16.29],[52.26,15.59],[52.1,15.46],[51.88,15.46],[51.27,15.14],[50.76,15.07],[50.23,14.81],[49.41,14.69],[48.79,14.04],[47.75,13.91],[47.67,13.72],[46.84,13.4],[45.74,13.34],[45.05,12.76],[44.61,12.76],[44.39,12.63],[43.44,12.69],[43.45,12.89],[43.24,13.08],[43.26,13.72],[43.06,13.98],[42.95,14.88],[42.89,15.07],[42.75,15.14],[42.71,15.84],[42.78,15.84],[42.82,16.61],[42.48,17.0],[42.48,17.13],[42.34,17.13],[42.28,17.45],[41.78,17.84],[41.45,18.48],[41.24,18.61],[41.25,18.86],[41.04,19.12],[40.99,19.44],[40.84,19.51],[40.85,19.7],[40.56,19.83],[40.14,20.28],[39.84,20.28],[39.35,20.79],[39.15,21.18],[39.17,21.63],[39.03,21.76],[39.14,22.53],[38.86,22.85],[38.87,23.04],[38.6,23.62],[38.03,24.14],[37.44,24.33],[37.39,24.65],[37.17,24.78],[37.18,24.91],[37.33,24.97],[37.27,25.23],[36.77,25.68],[36.72,26.0],[36.43,26.19],[36.16,26.77],[35.67,27.29],[35.61,27.54],[35.47,27.61],[35.41,27.87],[35.05,28.12],[34.59,28.06],[34.61,28.25],[34.85,28.57],[34.91,29.41],[34.75,29.28],[34.52,28.06],[34.36,27.93],[34.35,27.74],[34.12,27.74],[33.62,28.12],[33.55,28.32],[33.4,28.32],[33.19,28.51],[33.21,28.89],[32.86,29.22],[32.6,29.86],[32.6,29.92],[32.53,29.92],[32.43,29.6],[32.64,29.34],[32.69,28.96],[32.84,28.89],[33.11,28.38],[33.61,27.99],[33.59,27.61],[33.8,27.42],[33.93,27.03],[34.07,26.97],[34.05,26.58],[34.2,26.52],[34.46,25.87],[34.61,25.81],[35.15,24.65],[35.86,24.01],[35.85,23.88],[35.56,23.94],[35.55,23.81],[35.11,23.88],[33.76,23.69],[33.68,23.69],[33.39,23.81],[32.04,23.69],[31.67,23.75],[30.54,23.36],[30.46,23.36],[30.4,23.56],[30.1,23.75],[30.11,23.88],[29.96,23.88],[29.67,24.2],[28.57,24.65],[28.29,25.16],[28.24,25.94],[28.35,26.58],[28.27,26.58],[28.15,27.35],[27.94,27.54],[27.71,27.54],[27.79,27.67],[27.43,27.99],[27.28,27.93],[27.29,28.12],[27.14,28.25],[25.59,28.96],[25.37,29.28],[24.85,29.41],[24.85,29.47],[24.78,29.47],[23.74,29.99],[22.45,30.05],[21.23,29.86],[19.77,29.22],[18.79,29.15],[18.71,29.15],[18.87,29.34],[18.72,29.54],[18.73,29.79],[18.81,29.79],[18.89,30.31],[18.97,30.31],[19.5,30.31],[20.12,30.76],[20.21,31.27],[20.0,31.59],[20.09,32.11],[20.02,32.24],[20.25,32.24],[20.33,32.49],[20.48,32.43],[20.56,32.56],[20.72,32.56],[20.64,32.69],[20.87,32.62],[21.11,32.81],[21.41,32.75],[21.57,32.88],[22.11,32.94],[23.09,32.62],[23.15,32.24],[23.83,32.11],[23.91,32.11],[24.13,31.98],[24.89,31.98],[25.11,31.79],[25.11,31.66],[25.1,31.59],[25.18,31.59],[25.25,31.46],[26.85,31.46],[27.3,31.34],[27.51,31.14],[28.5,31.01],[28.87,30.82],[29.4,30.82],[29.4,30.89],[29.41,30.95],[29.89,31.06],[29.8,31.14],[29.88,31.27]]],[[[37.06,38.74],[37.05,38.67],[36.97,38.67],[36.98,38.74],[37.06,38.74]]],[[[46.68,41.13],[46.5,41.07],[46.29,41.2],[45.89,41.2],[45.69,41.39],[45.22,41.39],[44.78,41.2],[43.58,41.13],[43.19,41.2],[42.86,41.59],[42.62,41.59],[42.93,42.43],[42.72,42.56],[42.75,42.76],[42.61,42.82],[42.5,43.15],[42.99,43.15],[43.42,42.89],[43.66,42.89],[43.85,42.63],[44.36,42.76],[44.74,42.69],[44.82,42.69],[45.23,42.69],[45.67,42.5],[45.75,42.11],[46.3,42.04],[46.42,41.85],[46.21,41.59],[46.71,41.33],[46.68,41.13]]]]},"properties":{"id":"territory:Abbasid Caliphate:825","name":"아바스 칼리프국","name_en":"Abbasid Caliphate","actor":"기타중립","valid_from":825,"valid_to":830,"wikidata":"Q12536","area":7755164,"src":"cliopatria","confidence":"medium"}},{"type":"Feature","geometry":{"type":"Point","coordinates":[49.482,29.668]},"properties":{"id":"territory:Abbasid Caliphate:825:label","name":"아바스 칼리프국","name_en":"Abbasid Caliphate","actor":"기타중립","valid_from":825,"valid_to":830,"wikidata":"Q12536","area":7755164,"src":"cliopatria","confidence":"medium"}},{"type":"Feature","geometry":{"type":"MultiPolygon","coordinates":[[[[42.01,16.61],[42.02,16.81],[42.17,16.81],[42.24,16.68],[42.23,16.61],[42.01,16.61]]],[[[58.98,20.41],[58.82,20.21],[58.67,20.21],[58.77,20.54],[58.77,20.6],[59.0,20.66],[58.98,20.41]]],[[[50.43,25.94],[50.46,26.26],[50.69,26.26],[50.67,26.13],[50.67,26.07],[50.65,25.87],[50.43,25.94]]],[[[62.19,41.78],[62.15,41.65],[62.46,41.33],[62.39,41.07],[62.53,41.0],[62.3,40.74],[62.4,40.55],[62.33,40.29],[62.47,40.23],[62.5,40.03],[62.74,40.03],[63.26,40.23],[65.35,40.61],[65.39,40.74],[65.69,40.68],[66.28,40.81],[66.69,41.13],[66.65,41.26],[66.89,41.26],[68.11,42.11],[69.42,43.41],[69.5,43.41],[69.58,43.41],[69.54,43.28],[70.11,43.08],[70.42,42.56],[71.25,42.17],[71.42,41.98],[71.38,41.85],[71.69,41.59],[71.64,41.46],[71.76,41.33],[73.0,40.74],[72.98,40.68],[73.06,40.68],[73.14,40.68],[73.29,40.68],[73.33,40.55],[73.49,40.55],[73.53,40.42],[73.8,40.29],[73.57,39.58],[73.42,39.58],[73.16,39.26],[73.0,39.26],[72.32,38.8],[71.79,38.35],[71.5,37.58],[71.58,37.58],[71.48,36.93],[70.24,36.67],[69.0,36.67],[68.6,36.61],[68.49,36.48],[67.8,36.55],[67.07,36.42],[66.9,36.03],[66.72,35.9],[66.37,35.07],[65.93,34.49],[64.74,33.97],[64.36,33.59],[64.25,33.07],[64.33,33.07],[64.28,32.81],[64.36,32.81],[64.22,32.49],[64.21,32.04],[64.28,32.04],[64.25,31.46],[64.33,31.46],[64.46,30.95],[64.59,30.82],[65.63,30.69],[66.34,30.44],[67.17,30.37],[67.15,30.31],[68.43,30.24],[70.56,29.86],[70.39,28.96],[70.17,28.51],[69.23,27.87],[68.52,27.67],[68.09,27.29],[67.92,26.64],[67.99,26.64],[68.06,26.07],[68.19,25.94],[68.22,25.55],[67.76,24.91],[67.54,24.26],[67.36,24.07],[67.29,24.07],[67.33,24.39],[67.25,24.39],[67.21,24.71],[66.63,24.84],[66.68,25.23],[66.35,25.55],[66.02,25.36],[64.82,25.29],[64.8,25.16],[64.28,25.23],[64.23,25.36],[63.63,25.36],[63.54,25.23],[62.56,25.23],[62.47,25.1],[62.18,25.16],[62.02,25.04],[61.72,25.04],[61.66,25.16],[61.13,25.1],[60.92,25.23],[60.62,25.23],[60.63,25.36],[59.06,25.36],[58.78,25.55],[57.96,25.55],[57.74,25.62],[57.68,25.74],[57.38,25.74],[57.11,26.07],[57.05,26.84],[56.71,27.16],[56.19,27.16],[56.1,27.03],[56.32,27.03],[56.31,26.9],[56.06,26.71],[55.6,26.64],[55.44,26.52],[55.29,26.52],[55.31,26.71],[55.54,26.77],[55.24,26.77],[54.83,26.45],[54.46,26.52],[54.26,26.71],[53.66,26.71],[53.46,26.97],[52.74,27.22],[52.48,27.61],[52.05,27.8],[51.6,27.8],[51.32,27.99],[51.33,28.12],[51.07,28.44],[51.03,28.77],[50.81,28.83],[50.92,29.09],[50.62,29.15],[50.65,29.41],[50.24,29.73],[50.06,30.18],[49.59,29.99],[48.94,30.31],[48.99,30.05],[48.9,29.99],[48.37,29.92],[48.4,29.6],[47.87,29.54],[47.85,29.41],[48.08,29.41],[48.22,29.28],[48.19,29.09],[48.46,28.77],[48.56,28.32],[48.97,27.93],[48.87,27.67],[49.24,27.61],[49.36,27.29],[50.13,26.77],[50.12,26.58],[50.25,26.45],[50.22,26.13],[50.07,26.07],[50.21,26.0],[50.33,25.62],[50.61,25.42],[50.65,25.1],[50.73,25.1],[50.77,25.55],[50.92,25.62],[50.95,25.94],[51.12,26.13],[51.42,26.13],[51.7,25.87],[51.57,25.36],[51.72,25.29],[51.69,24.97],[51.52,24.78],[51.41,24.33],[51.85,24.26],[51.91,24.01],[52.28,24.01],[52.6,24.26],[53.11,24.14],[54.08,24.14],[54.1,24.33],[54.32,24.26],[54.56,24.46],[54.74,24.84],[55.14,25.1],[55.41,25.55],[55.97,25.87],[56.17,26.32],[56.48,26.39],[56.54,26.32],[56.39,25.55],[56.46,25.55],[56.42,25.16],[56.5,25.16],[56.4,24.97],[56.54,24.91],[56.79,24.33],[57.49,23.88],[58.81,23.62],[59.08,23.3],[59.07,23.17],[59.28,23.04],[59.27,22.91],[59.54,22.66],[59.9,22.53],[59.86,22.08],[59.44,21.44],[58.8,20.92],[58.61,20.41],[58.31,20.34],[58.25,20.54],[58.1,20.54],[57.93,20.28],[57.79,19.51],[57.87,19.51],[57.9,18.99],[57.0,18.8],[56.75,18.54],[56.64,18.09],[56.41,17.9],[55.59,17.84],[55.35,17.58],[55.31,17.13],[55.16,17.0],[54.2,17.0],[53.59,16.68],[53.22,16.68],[53.13,16.55],[52.38,16.29],[52.26,15.59],[52.1,15.46],[51.88,15.46],[51.27,15.14],[50.76,15.07],[50.23,14.81],[49.41,14.69],[48.79,14.04],[47.75,13.91],[47.67,13.72],[47.07,13.46],[45.74,13.34],[45.05,12.76],[44.61,12.76],[44.39,12.63],[43.44,12.69],[43.45,12.89],[43.24,13.08],[43.26,13.72],[43.06,13.98],[42.95,14.88],[42.89,15.07],[42.75,15.14],[42.71,15.84],[42.78,15.84],[42.82,16.61],[42.48,17.0],[42.48,17.13],[42.34,17.13],[42.28,17.45],[41.78,17.84],[41.45,18.48],[41.24,18.61],[41.25,18.86],[41.04,19.12],[40.99,19.44],[40.84,19.51],[40.85,19.7],[40.56,19.83],[40.14,20.28],[39.84,20.28],[39.35,20.79],[39.15,21.18],[39.17,21.63],[39.03,21.76],[39.14,22.53],[38.86,22.85],[38.87,23.04],[38.6,23.62],[38.03,24.14],[37.44,24.33],[37.39,24.65],[37.17,24.78],[37.18,24.91],[37.33,24.97],[37.27,25.23],[36.77,25.68],[36.72,26.0],[36.43,26.19],[36.16,26.77],[35.67,27.29],[35.61,27.54],[35.47,27.61],[35.41,27.87],[35.05,28.12],[34.59,28.06],[34.61,28.25],[34.85,28.57],[34.91,29.41],[34.75,29.28],[34.52,28.06],[34.36,27.93],[34.35,27.74],[34.12,27.74],[33.62,28.12],[33.55,28.32],[33.4,28.32],[33.19,28.51],[33.21,28.89],[32.86,29.22],[32.53,29.92],[32.43,29.6],[32.64,29.34],[32.69,28.96],[32.84,28.89],[33.11,28.38],[33.61,27.99],[33.59,27.61],[33.8,27.42],[33.93,27.03],[34.07,26.97],[34.05,26.58],[34.2,26.52],[34.46,25.87],[34.61,25.81],[35.15,24.65],[35.86,24.01],[35.85,23.88],[35.56,23.94],[35.55,23.81],[35.11,23.88],[33.76,23.69],[33.68,23.69],[33.39,23.81],[32.04,23.69],[31.67,23.75],[30.54,23.36],[30.46,23.36],[30.4,23.56],[30.1,23.75],[30.11,23.88],[29.96,23.88],[29.67,24.2],[28.57,24.65],[28.29,25.16],[28.24,25.94],[28.35,26.58],[28.27,26.58],[28.15,27.35],[27.94,27.54],[27.71,27.54],[27.79,27.67],[27.43,27.99],[27.28,27.93],[27.29,28.12],[27.14,28.25],[25.59,28.96],[25.37,29.28],[25.15,29.28],[25.0,29.41],[24.85,29.34],[24.78,29.54],[23.74,29.99],[22.45,30.05],[21.23,29.86],[19.77,29.22],[18.79,29.15],[18.71,29.15],[18.87,29.34],[18.72,29.54],[18.73,29.79],[18.81,29.79],[18.89,30.31],[18.97,30.31],[19.27,30.24],[19.66,30.37],[19.96,30.56],[19.97,30.69],[20.2,30.89],[20.13,31.14],[20.21,31.27],[20.0,31.59],[20.09,32.11],[20.02,32.24],[20.25,32.24],[20.33,32.49],[20.48,32.43],[20.56,32.56],[20.72,32.56],[20.64,32.69],[20.87,32.62],[21.11,32.81],[21.41,32.75],[21.88,32.94],[23.09,32.62],[23.08,32.36],[23.3,32.17],[23.68,32.17],[24.13,31.98],[24.89,31.98],[25.11,31.79],[25.1,31.59],[25.25,31.46],[26.85,31.46],[27.3,31.34],[27.51,31.14],[28.5,31.01],[28.87,30.82],[29.4,30.82],[29.49,31.01],[29.63,30.95],[29.87,31.08],[29.8,31.21],[29.88,31.27],[30.34,31.27],[30.27,31.4],[30.35,31.46],[30.81,31.46],[30.97,31.53],[30.97,31.66],[31.2,31.66],[31.12,31.53],[31.27,31.46],[31.88,31.46],[31.78,31.21],[31.94,31.27],[32.0,31.08],[32.3,31.08],[32.24,31.21],[32.39,31.21],[32.53,31.08],[32.77,31.14],[32.83,31.01],[33.75,31.08],[34.3,31.27],[34.31,31.4],[34.63,31.66],[34.57,31.85],[34.81,31.98],[34.77,32.36],[35.02,32.62],[35.06,33.01],[35.22,33.07],[35.4,33.39],[35.35,33.65],[35.5,33.65],[35.45,33.91],[35.68,33.97],[35.64,34.36],[35.79,34.29],[36.05,34.55],[36.07,34.74],[35.93,34.87],[35.96,35.19],[35.88,35.19],[35.99,35.52],[35.84,35.58],[35.99,36.22],[35.84,36.29],[36.26,36.61],[36.29,36.8],[36.14,36.93],[35.83,36.93],[35.49,36.61],[35.33,36.61],[35.11,36.74],[34.95,36.67],[34.89,36.87],[34.74,36.87],[34.66,36.87],[34.78,37.25],[35.03,37.45],[35.35,37.51],[35.43,37.51],[35.82,37.51],[36.15,37.71],[36.46,38.29],[36.61,38.22],[36.79,38.48],[37.13,38.67],[37.07,38.8],[37.31,38.87],[37.43,39.19],[37.68,39.26],[38.15,39.84],[38.16,39.9],[38.3,39.77],[38.84,39.71],[39.59,39.97],[40.39,40.55],[40.37,40.42],[40.53,40.42],[40.59,40.29],[41.83,40.16],[42.62,40.61],[43.1,40.68],[43.15,40.94],[43.57,41.07],[43.77,40.87],[43.64,40.55],[43.65,40.16],[43.86,40.03],[44.56,39.97],[44.83,39.71],[44.87,39.45],[45.29,39.13],[45.44,39.13],[45.5,39.0],[45.87,38.87],[46.67,38.93],[47.49,39.58],[48.13,39.64],[48.33,39.45],[48.22,39.26],[48.25,39.0],[48.08,38.93],[48.06,38.8],[48.33,38.55],[48.79,38.48],[48.77,38.42],[48.83,37.84],[49.09,37.51],[50.0,37.38],[50.32,37.0],[50.57,37.06],[50.63,37.0],[50.53,36.87],[50.82,36.74],[51.64,36.55],[52.19,36.55],[53.09,36.8],[54.03,36.87],[54.09,37.19],[53.91,37.45],[53.91,37.84],[53.83,37.84],[53.99,39.0],[53.52,39.38],[53.14,39.45],[53.54,39.51],[53.5,40.03],[52.79,40.03],[52.78,40.36],[52.7,40.36],[52.89,40.87],[52.97,40.87],[52.94,40.74],[53.34,40.74],[53.45,40.87],[53.4,40.68],[54.37,40.74],[54.39,40.81],[56.83,40.74],[57.46,41.39],[57.56,41.78],[57.96,42.37],[58.05,43.02],[58.34,43.47],[58.42,43.47],[58.63,43.67],[59.12,43.41],[60.37,43.54],[60.39,43.34],[60.84,42.95],[60.82,42.89],[62.19,41.78]]],[[[36.98,38.74],[37.06,38.74],[37.05,38.67],[36.97,38.67],[36.98,38.74]]],[[[46.71,41.33],[46.68,41.13],[46.5,41.07],[46.29,41.2],[45.89,41.2],[45.69,41.39],[45.22,41.39],[44.78,41.2],[43.58,41.13],[43.19,41.2],[42.86,41.59],[42.62,41.59],[42.93,42.43],[42.72,42.56],[42.75,42.76],[42.61,42.82],[42.5,43.15],[42.99,43.15],[43.42,42.89],[43.66,42.89],[43.85,42.63],[44.36,42.76],[44.74,42.69],[44.82,42.69],[45.23,42.69],[45.67,42.5],[45.75,42.11],[46.3,42.04],[46.42,41.85],[46.21,41.59],[46.71,41.33]]]]},"properties":{"id":"territory:Abbasid Caliphate:830","name":"아바스 칼리프국","name_en":"Abbasid Caliphate","actor":"기타중립","valid_from":830,"valid_to":840,"wikidata":"Q12536","area":7753772,"src":"cliopatria","confidence":"medium"}},{"type":"Feature","geometry":{"type":"Point","coordinates":[49.487,29.668]},"properties":{"id":"territory:Abbasid Caliphate:830:label","name":"아바스 칼리프국","name_en":"Abbasid Caliphate","actor":"기타중립","valid_from":830,"valid_to":840,"wikidata":"Q12536","area":7753772,"src":"cliopatria","confidence":"medium"}},{"type":"Feature","geometry":{"type":"MultiPolygon","coordinates":[[[[59.0,20.66],[58.98,20.41],[58.82,20.21],[58.67,20.21],[58.77,20.54],[58.77,20.6],[59.0,20.66]]],[[[50.65,25.87],[50.43,25.94],[50.46,26.26],[50.69,26.26],[50.67,26.13],[50.67,26.07],[50.65,25.87]]],[[[35.68,33.97],[35.64,34.36],[35.79,34.29],[36.05,34.55],[36.07,34.74],[35.93,34.87],[35.96,35.19],[35.88,35.19],[35.99,35.52],[35.84,35.58],[35.99,36.22],[35.84,36.29],[36.26,36.61],[36.29,36.8],[36.14,36.93],[35.83,36.93],[35.49,36.61],[35.33,36.61],[35.11,36.74],[34.95,36.67],[34.89,36.87],[34.74,36.87],[34.66,36.87],[34.78,37.25],[35.03,37.45],[35.35,37.51],[35.43,37.51],[35.82,37.51],[36.15,37.71],[36.46,38.29],[36.61,38.22],[36.79,38.48],[37.13,38.67],[37.07,38.8],[37.31,38.87],[37.43,39.19],[37.68,39.26],[38.15,39.84],[38.16,39.9],[38.3,39.77],[38.84,39.71],[39.59,39.97],[40.39,40.55],[40.37,40.42],[40.53,40.42],[40.59,40.29],[41.83,40.16],[42.62,40.61],[43.1,40.68],[43.15,40.94],[43.57,41.07],[43.19,41.2],[42.86,41.59],[42.62,41.59],[42.93,42.43],[42.72,42.56],[42.75,42.76],[42.61,42.82],[42.5,43.15],[42.99,43.15],[43.42,42.89],[43.66,42.89],[43.85,42.63],[44.36,42.76],[44.74,42.69],[44.82,42.69],[45.23,42.69],[45.67,42.5],[45.75,42.11],[46.3,42.04],[46.35,41.91],[46.74,41.85],[47.27,41.33],[47.72,41.2],[47.84,41.0],[47.72,40.81],[47.24,40.74],[46.8,40.94],[46.32,40.94],[46.06,40.81],[45.82,40.36],[46.28,40.29],[46.87,40.48],[46.94,40.42],[46.8,40.1],[47.0,39.9],[47.31,39.9],[47.41,39.58],[47.9,39.64],[48.09,39.84],[48.72,39.84],[48.78,39.71],[49.0,39.64],[49.03,39.38],[49.18,39.32],[49.16,39.26],[48.92,39.19],[48.8,39.0],[48.76,38.35],[48.84,38.35],[48.88,37.71],[49.09,37.51],[49.39,37.45],[49.46,37.45],[49.16,37.06],[49.17,36.16],[50.01,36.1],[50.81,36.22],[51.38,35.9],[51.97,35.77],[52.03,35.64],[52.34,35.64],[52.53,35.84],[52.81,35.71],[54.01,35.9],[54.22,36.22],[54.08,36.29],[54.0,36.67],[53.92,36.67],[53.96,36.87],[54.03,36.87],[54.09,37.19],[53.91,37.45],[53.91,37.84],[53.83,37.84],[53.99,39.0],[53.52,39.38],[53.14,39.45],[53.54,39.51],[53.5,40.03],[52.79,40.03],[52.78,40.36],[52.7,40.36],[52.89,40.87],[52.97,40.87],[52.94,40.74],[53.34,40.74],[53.45,40.87],[53.4,40.68],[54.37,40.74],[54.39,40.81],[56.83,40.74],[57.46,41.39],[57.56,41.78],[57.96,42.37],[58.05,43.02],[58.34,43.47],[58.42,43.47],[58.63,43.67],[59.12,43.41],[60.37,43.54],[60.39,43.34],[61.01,42.69],[61.17,42.69],[61.4,42.37],[61.56,42.37],[61.78,42.04],[61.94,42.04],[62.19,41.78],[62.15,41.65],[62.35,41.52],[62.32,41.39],[62.46,41.33],[62.39,41.07],[62.53,41.0],[62.3,40.74],[62.4,40.55],[62.33,40.29],[62.47,40.23],[62.5,40.03],[64.84,40.48],[65.35,40.61],[65.39,40.74],[65.69,40.68],[66.28,40.81],[66.69,41.13],[66.65,41.26],[66.89,41.26],[68.11,42.11],[69.42,43.41],[69.5,43.41],[69.58,43.41],[69.54,43.28],[70.11,43.08],[70.42,42.56],[71.25,42.17],[71.42,41.98],[71.38,41.85],[71.69,41.59],[71.64,41.46],[71.76,41.33],[73.0,40.74],[72.98,40.68],[73.06,40.68],[73.14,40.68],[73.29,40.68],[73.33,40.55],[73.49,40.55],[73.53,40.42],[73.8,40.29],[73.57,39.58],[73.42,39.58],[73.38,39.45],[73.36,39.38],[73.2,39.38],[73.16,39.26],[73.0,39.26],[72.51,38.93],[71.79,38.35],[71.52,37.64],[71.59,37.64],[71.5,37.0],[71.48,36.93],[70.24,36.67],[69.0,36.67],[68.6,36.61],[68.49,36.48],[67.8,36.55],[67.07,36.42],[66.9,36.03],[66.72,35.9],[66.37,35.07],[65.93,34.49],[64.74,33.97],[64.36,33.59],[64.31,33.33],[62.12,32.3],[61.9,31.98],[61.85,31.66],[61.61,31.59],[61.53,31.14],[61.74,31.08],[61.8,30.95],[63.3,30.82],[64.43,31.21],[64.41,31.08],[64.59,30.82],[65.63,30.69],[66.34,30.44],[67.17,30.37],[67.15,30.31],[68.43,30.24],[70.22,29.92],[70.0,29.81],[69.64,29.36],[68.69,29.19],[68.13,29.39],[67.64,29.28],[67.52,29.12],[67.5,28.37],[67.17,27.45],[67.16,26.1],[67.03,25.55],[66.67,25.03],[66.67,24.86],[66.66,24.84],[66.68,25.23],[66.35,25.55],[66.02,25.36],[64.82,25.29],[64.8,25.16],[64.28,25.23],[64.23,25.36],[63.63,25.36],[63.54,25.23],[62.56,25.23],[62.47,25.1],[62.18,25.16],[62.02,25.04],[61.72,25.04],[61.66,25.16],[61.13,25.1],[60.92,25.23],[60.62,25.23],[60.63,25.36],[59.06,25.36],[58.78,25.55],[57.96,25.55],[57.74,25.62],[57.68,25.74],[57.38,25.74],[57.18,25.94],[57.05,26.84],[56.71,27.16],[56.19,27.16],[56.1,27.03],[56.32,27.03],[56.31,26.9],[56.06,26.71],[55.6,26.64],[55.44,26.52],[55.29,26.52],[55.31,26.71],[55.54,26.77],[55.24,26.77],[54.83,26.45],[54.46,26.52],[54.26,26.71],[53.66,26.71],[53.46,26.97],[52.74,27.22],[52.48,27.61],[52.05,27.8],[51.6,27.8],[51.32,27.99],[51.33,28.12],[51.07,28.44],[51.03,28.77],[50.81,28.83],[50.92,29.09],[50.62,29.15],[50.65,29.41],[50.24,29.73],[50.06,30.18],[49.59,29.99],[48.94,30.31],[48.99,30.05],[48.37,29.92],[48.4,29.6],[47.87,29.54],[47.85,29.41],[48.08,29.41],[48.22,29.28],[48.19,29.09],[48.46,28.77],[48.56,28.32],[48.97,27.93],[48.87,27.67],[49.24,27.61],[49.36,27.29],[50.13,26.77],[50.12,26.58],[50.25,26.45],[50.22,26.13],[50.07,26.07],[50.21,26.0],[50.33,25.62],[50.61,25.42],[50.65,25.1],[50.73,25.1],[50.77,25.55],[50.92,25.62],[50.95,25.94],[51.12,26.13],[51.42,26.13],[51.7,25.87],[51.57,25.36],[51.72,25.29],[51.69,24.97],[51.52,24.78],[51.41,24.33],[51.85,24.26],[51.91,24.01],[52.28,24.01],[52.6,24.26],[53.11,24.14],[54.08,24.14],[54.1,24.33],[54.32,24.26],[54.56,24.46],[54.74,24.84],[55.14,25.1],[55.41,25.55],[55.97,25.87],[56.17,26.32],[56.48,26.39],[56.54,26.32],[56.39,25.55],[56.46,25.55],[56.42,25.16],[56.5,25.16],[56.4,24.97],[56.54,24.91],[56.79,24.33],[57.49,23.88],[58.81,23.62],[59.08,23.3],[59.07,23.17],[59.28,23.04],[59.27,22.91],[59.54,22.66],[59.9,22.53],[59.86,22.08],[59.44,21.44],[58.8,20.92],[58.61,20.41],[58.31,20.34],[58.25,20.54],[58.1,20.54],[57.93,20.28],[57.79,19.51],[57.92,19.25],[57.82,18.93],[57.0,18.8],[56.75,18.54],[56.64,18.09],[56.41,17.9],[55.59,17.84],[55.35,17.58],[55.31,17.13],[55.16,17.0],[54.2,17.0],[53.59,16.68],[53.22,16.68],[53.13,16.55],[52.38,16.29],[52.26,15.59],[52.1,15.46],[51.88,15.46],[51.27,15.14],[50.76,15.07],[50.45,14.88],[49.48,14.69],[49.41,14.69],[49.12,14.81],[48.03,14.94],[47.59,15.07],[47.53,15.2],[46.51,15.33],[46.15,15.52],[46.38,15.71],[46.4,15.97],[46.18,15.97],[46.02,15.84],[45.21,15.91],[45.23,16.1],[44.67,16.68],[44.55,17.13],[44.34,17.32],[44.35,17.58],[44.08,17.96],[44.09,18.16],[43.89,18.54],[43.51,18.22],[42.98,18.03],[42.66,17.71],[42.21,17.51],[42.14,17.51],[41.58,18.09],[41.45,18.48],[41.24,18.61],[41.25,18.86],[41.04,19.12],[40.99,19.44],[40.84,19.51],[40.85,19.7],[40.56,19.83],[40.14,20.28],[39.84,20.28],[39.35,20.79],[39.15,21.18],[39.17,21.63],[39.03,21.76],[39.14,22.53],[38.86,22.85],[38.87,23.04],[38.6,23.62],[38.03,24.14],[37.44,24.33],[37.39,24.65],[37.17,24.78],[37.18,24.91],[37.33,24.97],[37.27,25.23],[36.77,25.68],[36.72,26.0],[36.43,26.19],[36.16,26.77],[35.67,27.29],[35.61,27.54],[35.47,27.61],[35.41,27.87],[35.05,28.12],[34.59,28.06],[34.61,28.25],[34.85,28.57],[34.91,29.41],[34.75,29.28],[34.52,28.06],[34.36,27.93],[34.35,27.74],[34.12,27.74],[33.62,28.12],[33.55,28.32],[33.4,28.32],[33.19,28.51],[33.21,28.89],[32.86,29.22],[32.53,29.92],[32.43,29.6],[32.64,29.34],[32.69,28.96],[32.84,28.89],[33.11,28.38],[33.61,27.99],[33.59,27.61],[33.8,27.42],[33.93,27.03],[34.07,26.97],[34.05,26.58],[34.2,26.52],[34.46,25.87],[34.61,25.81],[35.15,24.65],[35.86,24.01],[35.85,23.88],[35.56,23.94],[35.55,23.81],[35.11,23.88],[33.76,23.69],[33.68,23.69],[33.39,23.81],[32.04,23.69],[31.67,23.75],[30.54,23.36],[30.46,23.36],[30.4,23.56],[30.1,23.75],[30.11,23.88],[29.96,23.88],[29.67,24.2],[28.57,24.65],[28.29,25.16],[28.24,25.94],[28.35,26.58],[28.27,26.58],[28.15,27.35],[27.94,27.54],[27.71,27.54],[27.79,27.67],[27.43,27.99],[27.28,27.93],[27.29,28.12],[27.14,28.25],[25.59,28.96],[25.37,29.28],[25.15,29.28],[25.0,29.41],[24.85,29.34],[24.78,29.54],[23.74,29.99],[22.45,30.05],[21.23,29.86],[19.77,29.22],[18.79,29.15],[18.71,29.15],[18.87,29.34],[18.72,29.54],[18.73,29.79],[18.81,29.79],[18.89,30.31],[18.97,30.31],[19.27,30.24],[19.66,30.37],[19.96,30.56],[19.97,30.69],[20.2,30.89],[20.13,31.14],[20.21,31.27],[20.0,31.59],[20.09,32.11],[20.02,32.24],[20.25,32.24],[20.33,32.49],[20.48,32.43],[20.56,32.56],[20.72,32.56],[20.64,32.69],[20.87,32.62],[21.11,32.81],[21.41,32.75],[21.88,32.94],[23.09,32.62],[23.08,32.36],[23.3,32.17],[23.68,32.17],[24.13,31.98],[24.89,31.98],[25.11,31.79],[25.1,31.59],[25.25,31.46],[26.85,31.46],[27.3,31.34],[27.51,31.14],[28.5,31.01],[28.87,30.82],[29.4,30.82],[29.49,31.01],[29.63,30.95],[29.87,31.08],[29.8,31.21],[29.88,31.27],[30.34,31.27],[30.27,31.4],[30.35,31.46],[30.81,31.46],[30.97,31.53],[30.97,31.66],[31.2,31.66],[31.12,31.53],[31.27,31.46],[31.88,31.46],[31.78,31.21],[31.94,31.27],[32.0,31.08],[32.3,31.08],[32.24,31.21],[32.53,31.08],[32.77,31.14],[32.83,31.01],[33.75,31.08],[34.3,31.27],[34.31,31.4],[34.63,31.66],[34.57,31.85],[34.81,31.98],[34.77,32.36],[35.02,32.62],[35.06,33.01],[35.3,33.2],[35.4,33.46],[35.33,33.46],[35.35,33.65],[35.5,33.65],[35.44,33.84],[35.52,33.91],[35.53,33.97],[35.68,33.97]],[[35.52,33.84],[35.59,33.84],[35.6,33.91],[35.52,33.91],[35.52,33.84]],[[53.74,31.46],[53.66,31.46],[53.65,31.4],[53.73,31.4],[53.74,31.46]],[[53.54,31.66],[53.53,31.59],[53.6,31.59],[53.61,31.66],[53.54,31.66]],[[47.4,38.16],[47.48,38.16],[47.49,38.22],[47.41,38.22],[47.4,38.16]],[[47.42,38.29],[47.43,38.35],[47.35,38.35],[47.34,38.29],[47.42,38.29]],[[34.92,32.36],[34.85,32.36],[34.84,32.3],[34.92,32.3],[34.92,32.36]]],[[[36.98,38.74],[37.06,38.74],[37.05,38.67],[36.97,38.67],[36.98,38.74]]],[[[48.28,41.59],[48.2,41.59],[48.12,41.59],[48.17,41.85],[48.09,41.85],[48.2,41.98],[48.28,41.98],[48.27,41.91],[48.34,41.91],[48.48,41.78],[48.28,41.59]]]]},"properties":{"id":"territory:Abbasid Caliphate:866","name":"아바스 칼리프국","name_en":"Abbasid Caliphate","actor":"기타중립","valid_from":866,"valid_to":870,"wikidata":"Q12536","area":7434725,"src":"cliopatria","confidence":"medium"}},{"type":"Feature","geometry":{"type":"Point","coordinates":[49.224,30.212]},"properties":{"id":"territory:Abbasid Caliphate:866:label","name":"아바스 칼리프국","name_en":"Abbasid Caliphate","actor":"기타중립","valid_from":866,"valid_to":870,"wikidata":"Q12536","area":7434725,"src":"cliopatria","confidence":"medium"}},{"type":"Feature","geometry":{"type":"MultiPolygon","coordinates":[[[[59.0,20.66],[58.98,20.41],[58.82,20.21],[58.67,20.21],[58.77,20.54],[58.77,20.6],[59.0,20.66]]],[[[50.65,25.87],[50.43,25.94],[50.46,26.26],[50.69,26.26],[50.67,26.13],[50.67,26.07],[50.65,25.87]]],[[[35.68,33.97],[35.64,34.36],[35.79,34.29],[36.05,34.55],[36.07,34.74],[35.93,34.87],[35.96,35.19],[35.88,35.19],[35.99,35.52],[35.84,35.58],[35.99,36.22],[35.84,36.29],[36.26,36.61],[36.29,36.8],[36.14,36.93],[35.83,36.93],[35.49,36.61],[35.33,36.61],[35.11,36.74],[34.95,36.67],[34.89,36.87],[34.74,36.87],[34.66,36.87],[34.78,37.25],[35.03,37.45],[35.35,37.51],[35.43,37.51],[35.82,37.51],[36.15,37.71],[36.46,38.29],[36.61,38.22],[36.79,38.48],[37.13,38.67],[37.07,38.8],[37.31,38.87],[37.43,39.19],[37.68,39.26],[38.15,39.84],[38.16,39.9],[38.3,39.77],[38.84,39.71],[39.59,39.97],[40.39,40.55],[40.37,40.42],[40.53,40.42],[40.59,40.29],[41.83,40.16],[42.62,40.61],[43.1,40.68],[43.15,40.94],[43.57,41.07],[43.19,41.2],[42.86,41.59],[42.62,41.59],[42.93,42.43],[42.72,42.56],[42.75,42.76],[42.61,42.82],[42.5,43.15],[42.99,43.15],[43.42,42.89],[43.66,42.89],[43.85,42.63],[44.36,42.76],[44.74,42.69],[44.82,42.69],[45.23,42.69],[45.67,42.5],[45.75,42.11],[46.3,42.04],[46.35,41.91],[46.74,41.85],[47.27,41.33],[47.72,41.2],[47.84,41.0],[47.72,40.81],[47.24,40.74],[46.8,40.94],[46.32,40.94],[46.06,40.81],[45.82,40.36],[46.28,40.29],[46.87,40.48],[46.94,40.42],[46.8,40.1],[47.0,39.9],[47.31,39.9],[47.41,39.58],[47.9,39.64],[48.09,39.84],[48.72,39.84],[48.78,39.71],[49.0,39.64],[49.03,39.38],[49.18,39.32],[49.16,39.26],[48.92,39.19],[48.8,39.0],[48.76,38.35],[48.84,38.35],[48.88,37.71],[49.09,37.51],[49.39,37.45],[49.46,37.45],[49.16,37.06],[49.12,36.8],[50.36,36.29],[50.38,35.97],[50.51,35.84],[51.4,35.58],[52.17,35.58],[52.53,35.84],[52.81,35.71],[54.01,35.9],[54.22,36.22],[54.08,36.29],[54.0,36.67],[53.92,36.67],[53.96,36.87],[54.03,36.87],[54.09,37.19],[53.91,37.45],[53.91,37.84],[53.83,37.84],[53.99,39.0],[53.52,39.38],[53.14,39.45],[53.54,39.51],[53.5,40.03],[52.79,40.03],[52.78,40.36],[52.7,40.36],[52.89,40.87],[52.97,40.87],[52.94,40.74],[53.34,40.74],[53.45,40.87],[53.4,40.68],[54.37,40.74],[54.39,40.81],[56.83,40.74],[57.46,41.39],[57.56,41.78],[57.96,42.37],[58.05,43.02],[58.34,43.47],[58.42,43.47],[58.63,43.67],[59.12,43.41],[60.37,43.54],[60.39,43.34],[61.01,42.69],[61.17,42.69],[61.4,42.37],[61.56,42.37],[61.78,42.04],[61.94,42.04],[62.19,41.78],[62.15,41.65],[62.35,41.52],[62.32,41.39],[62.46,41.33],[62.39,41.07],[62.53,41.0],[62.3,40.74],[62.4,40.55],[62.33,40.29],[62.47,40.23],[62.5,40.03],[64.84,40.48],[65.35,40.61],[65.39,40.74],[65.69,40.68],[66.28,40.81],[66.69,41.13],[66.65,41.26],[66.89,41.26],[68.11,42.11],[69.42,43.41],[69.5,43.41],[69.58,43.41],[69.54,43.28],[70.11,43.08],[70.42,42.56],[71.25,42.17],[71.42,41.98],[71.38,41.85],[71.69,41.59],[71.64,41.46],[71.76,41.33],[73.0,40.74],[72.98,40.68],[73.06,40.68],[73.14,40.68],[73.29,40.68],[73.33,40.55],[73.49,40.55],[73.53,40.42],[73.8,40.29],[73.57,39.58],[73.42,39.58],[73.38,39.45],[73.36,39.38],[73.2,39.38],[73.16,39.26],[73.0,39.26],[72.51,38.93],[71.79,38.35],[71.52,37.64],[71.59,37.64],[71.5,37.0],[71.48,36.93],[70.24,36.67],[68.75,36.61],[68.6,36.61],[68.57,36.8],[68.29,36.93],[67.98,36.93],[67.75,37.25],[67.12,37.25],[67.0,37.38],[65.83,37.38],[65.39,37.19],[64.6,37.13],[63.99,36.87],[62.72,36.03],[62.69,35.9],[62.43,35.77],[62.02,35.32],[61.75,34.74],[61.62,34.1],[61.7,34.1],[61.59,33.59],[61.81,33.14],[61.66,32.75],[61.74,32.75],[61.63,32.17],[61.71,32.17],[61.53,31.14],[61.74,31.08],[61.8,30.95],[63.3,30.82],[64.43,31.21],[64.41,31.08],[64.59,30.82],[65.63,30.69],[66.34,30.44],[67.17,30.37],[67.15,30.31],[68.43,30.24],[70.22,29.92],[70.0,29.81],[69.64,29.36],[68.69,29.19],[68.13,29.39],[67.64,29.28],[67.52,29.12],[67.5,28.37],[67.17,27.45],[67.16,26.1],[67.03,25.55],[66.67,25.03],[66.67,24.86],[66.66,24.84],[66.68,25.23],[66.35,25.55],[66.02,25.36],[64.82,25.29],[64.8,25.16],[64.28,25.23],[64.23,25.36],[63.63,25.36],[63.54,25.23],[62.56,25.23],[62.47,25.1],[62.18,25.16],[62.02,25.04],[61.72,25.04],[61.66,25.16],[61.13,25.1],[60.92,25.23],[60.62,25.23],[60.63,25.36],[59.06,25.36],[58.78,25.55],[57.96,25.55],[57.74,25.62],[57.68,25.74],[57.38,25.74],[57.18,25.94],[57.05,26.84],[56.71,27.16],[56.19,27.16],[56.1,27.03],[56.32,27.03],[56.31,26.9],[56.06,26.71],[55.6,26.64],[55.44,26.52],[55.29,26.52],[55.31,26.71],[55.54,26.77],[55.24,26.77],[54.83,26.45],[54.46,26.52],[54.26,26.71],[53.66,26.71],[53.46,26.97],[52.74,27.22],[52.48,27.61],[52.05,27.8],[51.6,27.8],[51.32,27.99],[51.33,28.12],[51.07,28.44],[51.03,28.77],[50.81,28.83],[50.92,29.09],[50.62,29.15],[50.65,29.41],[50.24,29.73],[50.06,30.18],[49.59,29.99],[48.94,30.31],[48.99,30.05],[48.37,29.92],[48.4,29.6],[47.87,29.54],[47.85,29.41],[48.08,29.41],[48.22,29.28],[48.19,29.09],[48.46,28.77],[48.56,28.32],[48.97,27.93],[48.87,27.67],[49.24,27.61],[49.36,27.29],[50.13,26.77],[50.12,26.58],[50.25,26.45],[50.22,26.13],[50.07,26.07],[50.21,26.0],[50.33,25.62],[50.61,25.42],[50.65,25.1],[50.73,25.1],[50.77,25.55],[50.92,25.62],[50.95,25.94],[51.12,26.13],[51.42,26.13],[51.7,25.87],[51.57,25.36],[51.72,25.29],[51.69,24.97],[51.52,24.78],[51.41,24.33],[51.85,24.26],[51.91,24.01],[52.28,24.01],[52.6,24.26],[53.11,24.14],[54.08,24.14],[54.1,24.33],[54.32,24.26],[54.56,24.46],[54.74,24.84],[55.14,25.1],[55.41,25.55],[55.97,25.87],[56.17,26.32],[56.48,26.39],[56.54,26.32],[56.39,25.55],[56.46,25.55],[56.42,25.16],[56.5,25.16],[56.4,24.97],[56.54,24.91],[56.79,24.33],[57.49,23.88],[58.81,23.62],[59.08,23.3],[59.07,23.17],[59.28,23.04],[59.27,22.91],[59.54,22.66],[59.9,22.53],[59.86,22.08],[59.44,21.44],[58.8,20.92],[58.61,20.41],[58.31,20.34],[58.25,20.54],[58.1,20.54],[57.93,20.28],[57.79,19.51],[57.92,19.25],[57.82,18.93],[57.0,18.8],[56.75,18.54],[56.64,18.09],[56.41,17.9],[55.59,17.84],[55.35,17.58],[55.31,17.13],[55.16,17.0],[54.2,17.0],[53.59,16.68],[53.22,16.68],[53.13,16.55],[52.38,16.29],[52.26,15.59],[52.1,15.46],[51.88,15.46],[51.27,15.14],[50.76,15.07],[50.45,14.88],[49.48,14.69],[49.41,14.69],[49.12,14.81],[48.03,14.94],[47.59,15.07],[47.53,15.2],[46.51,15.33],[46.15,15.52],[46.38,15.71],[46.4,15.97],[46.18,15.97],[46.02,15.84],[45.21,15.91],[45.23,16.1],[44.67,16.68],[44.55,17.13],[44.34,17.32],[44.35,17.58],[44.08,17.96],[44.09,18.16],[43.89,18.54],[43.51,18.22],[42.98,18.03],[42.66,17.71],[42.21,17.51],[42.14,17.51],[41.58,18.09],[41.45,18.48],[41.24,18.61],[41.25,18.86],[41.04,19.12],[40.99,19.44],[40.84,19.51],[40.85,19.7],[40.56,19.83],[40.14,20.28],[39.84,20.28],[39.35,20.79],[39.15,21.18],[39.17,21.63],[39.03,21.76],[39.14,22.53],[38.86,22.85],[38.87,23.04],[38.6,23.62],[38.03,24.14],[37.44,24.33],[37.39,24.65],[37.17,24.78],[37.18,24.91],[37.33,24.97],[37.27,25.23],[36.77,25.68],[36.72,26.0],[36.43,26.19],[36.16,26.77],[35.67,27.29],[35.61,27.54],[35.47,27.61],[35.41,27.87],[35.05,28.12],[34.59,28.06],[34.61,28.25],[34.85,28.57],[34.91,29.41],[34.75,29.28],[34.52,28.06],[34.36,27.93],[34.35,27.74],[34.12,27.74],[33.62,28.12],[33.55,28.32],[33.4,28.32],[33.19,28.51],[33.21,28.89],[32.86,29.22],[32.53,29.92],[32.43,29.6],[32.64,29.34],[32.69,28.96],[32.84,28.89],[33.11,28.38],[33.61,27.99],[33.59,27.61],[33.8,27.42],[33.93,27.03],[34.07,26.97],[34.05,26.58],[34.2,26.52],[34.46,25.87],[34.61,25.81],[35.15,24.65],[35.86,24.01],[35.85,23.88],[35.56,23.94],[35.55,23.81],[35.11,23.88],[33.76,23.69],[33.68,23.69],[33.39,23.81],[32.04,23.69],[31.67,23.75],[30.54,23.36],[30.46,23.36],[30.4,23.56],[30.1,23.75],[30.11,23.88],[29.96,23.88],[29.67,24.2],[28.57,24.65],[28.29,25.16],[28.24,25.94],[28.35,26.58],[28.27,26.58],[28.15,27.35],[27.94,27.54],[27.71,27.54],[27.79,27.67],[27.43,27.99],[27.28,27.93],[27.29,28.12],[27.14,28.25],[25.59,28.96],[25.37,29.28],[25.15,29.28],[25.0,29.41],[24.85,29.34],[24.78,29.54],[23.74,29.99],[22.45,30.05],[21.23,29.86],[19.77,29.22],[18.79,29.15],[18.71,29.15],[18.87,29.34],[18.72,29.54],[18.73,29.79],[18.81,29.79],[18.89,30.31],[18.97,30.31],[19.27,30.24],[19.66,30.37],[19.96,30.56],[19.97,30.69],[20.2,30.89],[20.13,31.14],[20.21,31.27],[20.0,31.59],[20.09,32.11],[20.02,32.24],[20.25,32.24],[20.33,32.49],[20.48,32.43],[20.56,32.56],[20.72,32.56],[20.64,32.69],[20.87,32.62],[21.11,32.81],[21.41,32.75],[21.88,32.94],[23.09,32.62],[23.08,32.36],[23.3,32.17],[23.68,32.17],[24.13,31.98],[24.89,31.98],[25.11,31.79],[25.1,31.59],[25.25,31.46],[26.85,31.46],[27.3,31.34],[27.51,31.14],[28.5,31.01],[28.87,30.82],[29.4,30.82],[29.49,31.01],[29.63,30.95],[29.87,31.08],[29.8,31.21],[29.88,31.27],[30.34,31.27],[30.27,31.4],[30.35,31.46],[30.81,31.46],[30.97,31.53],[30.97,31.66],[31.2,31.66],[31.12,31.53],[31.27,31.46],[31.88,31.46],[31.78,31.21],[31.94,31.27],[32.0,31.08],[32.3,31.08],[32.24,31.21],[32.53,31.08],[32.77,31.14],[32.83,31.01],[33.75,31.08],[34.3,31.27],[34.31,31.4],[34.63,31.66],[34.57,31.85],[34.81,31.98],[34.77,32.36],[35.02,32.62],[35.06,33.01],[35.3,33.2],[35.4,33.46],[35.33,33.46],[35.35,33.65],[35.5,33.65],[35.44,33.84],[35.52,33.91],[35.53,33.97],[35.68,33.97]],[[35.52,33.84],[35.59,33.84],[35.6,33.91],[35.52,33.91],[35.52,33.84]],[[53.74,31.46],[53.66,31.46],[53.65,31.4],[53.73,31.4],[53.74,31.46]],[[53.54,31.66],[53.53,31.59],[53.6,31.59],[53.61,31.66],[53.54,31.66]],[[47.4,38.16],[47.48,38.16],[47.49,38.22],[47.41,38.22],[47.4,38.16]],[[47.42,38.29],[47.43,38.35],[47.35,38.35],[47.34,38.29],[47.42,38.29]],[[34.92,32.36],[34.85,32.36],[34.84,32.3],[34.92,32.3],[34.92,32.36]]],[[[36.98,38.74],[37.06,38.74],[37.05,38.67],[36.97,38.67],[36.98,38.74]]],[[[48.28,41.59],[48.2,41.59],[48.12,41.59],[48.17,41.85],[48.09,41.85],[48.2,41.98],[48.28,41.98],[48.27,41.91],[48.34,41.91],[48.48,41.78],[48.28,41.59]]]]},"properties":{"id":"territory:Abbasid Caliphate:870","name":"아바스 칼리프국","name_en":"Abbasid Caliphate","actor":"기타중립","valid_from":870,"valid_to":875,"wikidata":"Q12536","area":7260453,"src":"cliopatria","confidence":"medium"}},{"type":"Feature","geometry":{"type":"Point","coordinates":[48.844,30.088]},"properties":{"id":"territory:Abbasid Caliphate:870:label","name":"아바스 칼리프국","name_en":"Abbasid Caliphate","actor":"기타중립","valid_from":870,"valid_to":875,"wikidata":"Q12536","area":7260453,"src":"cliopatria","confidence":"medium"}},{"type":"Feature","geometry":{"type":"MultiPolygon","coordinates":[[[[59.0,20.66],[58.98,20.41],[58.82,20.21],[58.67,20.21],[58.77,20.54],[58.77,20.6],[59.0,20.66]]],[[[50.43,25.94],[50.46,26.26],[50.69,26.26],[50.67,26.13],[50.67,26.07],[50.65,25.87],[50.43,25.94]]],[[[62.15,41.65],[62.46,41.33],[62.39,41.07],[62.53,41.0],[62.3,40.74],[62.4,40.55],[62.33,40.29],[62.47,40.23],[62.5,40.03],[62.74,40.03],[63.26,40.23],[65.35,40.61],[65.39,40.74],[65.69,40.68],[66.28,40.81],[66.69,41.13],[66.65,41.26],[66.89,41.26],[68.11,42.11],[69.42,43.41],[69.5,43.41],[69.58,43.41],[69.54,43.28],[70.11,43.08],[70.42,42.56],[71.25,42.17],[71.42,41.98],[71.38,41.85],[71.69,41.59],[71.64,41.46],[71.76,41.33],[73.0,40.74],[72.98,40.68],[73.06,40.68],[73.14,40.68],[73.29,40.68],[73.33,40.55],[73.49,40.55],[73.53,40.42],[73.8,40.29],[73.57,39.58],[73.42,39.58],[73.38,39.45],[73.36,39.38],[73.2,39.38],[73.16,39.26],[73.0,39.26],[72.02,38.61],[71.6,37.96],[71.59,37.9],[71.27,37.9],[71.36,38.22],[71.18,38.42],[70.71,38.42],[70.21,38.03],[70.16,37.84],[70.27,37.64],[70.08,37.51],[69.55,37.58],[69.35,37.13],[69.12,37.13],[69.01,37.32],[68.78,37.32],[68.15,37.0],[67.92,37.0],[67.75,37.25],[67.12,37.25],[67.0,37.38],[66.52,37.32],[65.71,37.51],[65.56,37.25],[64.83,37.13],[64.7,36.55],[64.48,36.29],[63.54,35.9],[63.46,35.9],[62.77,35.9],[61.38,35.58],[58.93,35.32],[56.52,34.81],[55.67,33.97],[55.18,33.78],[54.48,33.26],[53.75,33.01],[50.1,32.69],[48.97,32.24],[47.31,32.43],[47.1,32.56],[45.38,32.88],[45.07,32.88],[44.9,32.75],[44.88,32.56],[45.32,32.36],[48.68,31.79],[48.65,31.01],[48.89,30.5],[49.03,30.44],[49.02,30.31],[48.94,30.31],[48.99,30.05],[48.37,29.92],[48.4,29.6],[47.87,29.54],[47.85,29.41],[48.08,29.41],[48.22,29.28],[48.19,29.09],[48.46,28.77],[48.56,28.32],[48.97,27.93],[48.87,27.67],[49.24,27.61],[49.36,27.29],[50.13,26.77],[50.12,26.58],[50.25,26.45],[50.22,26.13],[50.07,26.07],[50.21,26.0],[50.33,25.62],[50.61,25.42],[50.65,25.1],[50.73,25.1],[50.77,25.55],[50.92,25.62],[50.95,25.94],[51.12,26.13],[51.42,26.13],[51.7,25.87],[51.57,25.36],[51.72,25.29],[51.69,24.97],[51.52,24.78],[51.41,24.33],[51.85,24.26],[51.91,24.01],[52.28,24.01],[52.6,24.26],[53.11,24.14],[54.08,24.14],[54.1,24.33],[54.32,24.26],[54.56,24.46],[54.74,24.84],[55.14,25.1],[55.41,25.55],[55.97,25.87],[56.17,26.32],[56.48,26.39],[56.54,26.32],[56.39,25.55],[56.46,25.55],[56.42,25.16],[56.5,25.16],[56.4,24.97],[56.54,24.91],[56.79,24.33],[57.49,23.88],[58.81,23.62],[59.08,23.3],[59.07,23.17],[59.28,23.04],[59.27,22.91],[59.54,22.66],[59.9,22.53],[59.86,22.08],[59.44,21.44],[58.8,20.92],[58.61,20.41],[58.31,20.34],[58.25,20.54],[58.1,20.54],[57.93,20.28],[57.79,19.51],[57.92,19.25],[57.82,18.93],[57.0,18.8],[56.75,18.54],[56.64,18.09],[56.41,17.9],[55.59,17.84],[55.35,17.58],[55.31,17.13],[55.16,17.0],[54.2,17.0],[53.59,16.68],[53.22,16.68],[53.13,16.55],[52.38,16.29],[52.26,15.59],[52.1,15.46],[51.88,15.46],[51.27,15.14],[50.76,15.07],[50.45,14.88],[49.48,14.69],[49.41,14.69],[49.12,14.81],[48.03,14.94],[47.59,15.07],[47.53,15.2],[46.51,15.33],[46.15,15.52],[46.38,15.71],[46.4,15.97],[46.18,15.97],[46.02,15.84],[45.21,15.91],[45.23,16.1],[44.67,16.68],[44.55,17.13],[44.34,17.32],[44.35,17.58],[44.08,17.96],[44.09,18.16],[43.89,18.54],[43.51,18.22],[42.98,18.03],[42.66,17.71],[42.21,17.51],[42.14,17.51],[41.58,18.09],[41.45,18.48],[41.24,18.61],[41.25,18.86],[41.04,19.12],[40.99,19.44],[40.84,19.51],[40.85,19.7],[40.56,19.83],[40.14,20.28],[39.84,20.28],[39.35,20.79],[39.15,21.18],[39.17,21.63],[39.03,21.76],[39.14,22.53],[38.86,22.85],[38.87,23.04],[38.6,23.62],[38.03,24.14],[37.44,24.33],[37.39,24.65],[37.17,24.78],[37.18,24.91],[37.33,24.97],[37.27,25.23],[36.77,25.68],[36.72,26.0],[36.43,26.19],[36.16,26.77],[35.67,27.29],[35.61,27.54],[35.47,27.61],[35.41,27.87],[35.05,28.12],[34.59,28.06],[34.61,28.25],[34.85,28.57],[34.91,29.41],[34.75,29.28],[34.52,28.06],[34.36,27.93],[34.35,27.74],[34.12,27.74],[33.62,28.12],[33.55,28.32],[33.4,28.32],[33.19,28.51],[33.21,28.89],[32.86,29.22],[32.6,29.86],[32.6,29.92],[32.83,29.99],[33.08,30.31],[33.29,31.08],[33.37,31.08],[33.98,31.14],[34.3,31.27],[34.31,31.4],[34.55,31.53],[34.64,31.72],[34.57,31.85],[34.81,31.98],[34.77,32.36],[35.02,32.62],[35.06,33.01],[35.22,33.07],[35.4,33.39],[35.35,33.65],[35.5,33.65],[35.45,33.91],[35.68,33.97],[35.64,34.36],[35.79,34.29],[36.05,34.55],[36.07,34.74],[35.93,34.87],[35.96,35.19],[35.88,35.19],[35.99,35.52],[35.84,35.58],[35.99,36.22],[35.84,36.29],[36.26,36.61],[36.29,36.8],[36.14,36.93],[35.83,36.93],[35.49,36.61],[35.33,36.61],[35.11,36.74],[34.95,36.67],[34.89,36.87],[34.74,36.87],[34.66,36.87],[34.78,37.25],[35.03,37.45],[35.35,37.51],[35.43,37.51],[35.82,37.51],[36.15,37.71],[36.46,38.29],[36.61,38.22],[36.79,38.48],[37.13,38.67],[37.07,38.8],[37.31,38.87],[37.43,39.19],[37.68,39.26],[38.15,39.84],[38.16,39.9],[38.3,39.77],[38.84,39.71],[39.59,39.97],[40.39,40.55],[40.37,40.42],[40.53,40.42],[40.59,40.29],[41.83,40.16],[42.62,40.61],[43.1,40.68],[43.15,40.94],[43.57,41.07],[43.19,41.2],[42.86,41.59],[42.62,41.59],[42.67,41.85],[43.0,41.91],[42.98,42.24],[43.42,42.89],[43.66,42.89],[43.85,42.63],[44.36,42.76],[44.74,42.69],[44.82,42.69],[45.23,42.69],[45.67,42.5],[45.75,42.11],[46.3,42.04],[46.35,41.91],[46.74,41.85],[47.27,41.33],[47.72,41.2],[47.84,41.0],[47.72,40.81],[47.24,40.74],[46.8,40.94],[46.32,40.94],[46.06,40.81],[45.82,40.36],[46.28,40.29],[46.87,40.48],[46.94,40.42],[46.8,40.1],[47.0,39.9],[47.31,39.9],[47.41,39.58],[47.9,39.64],[48.09,39.84],[48.72,39.84],[48.78,39.71],[49.0,39.64],[49.03,39.38],[49.18,39.32],[49.16,39.26],[48.92,39.19],[48.8,39.0],[48.76,38.35],[48.84,38.35],[48.88,37.71],[49.09,37.51],[49.39,37.45],[49.46,37.45],[49.16,37.06],[49.19,36.74],[50.36,36.29],[50.41,36.16],[50.81,36.22],[50.94,36.1],[51.18,36.1],[51.38,35.9],[51.97,35.77],[52.03,35.64],[52.34,35.64],[52.53,35.84],[52.81,35.71],[54.01,35.9],[54.22,36.22],[54.08,36.29],[54.0,36.67],[53.92,36.67],[53.96,36.87],[54.03,36.87],[54.09,37.19],[53.91,37.45],[53.91,37.84],[53.83,37.84],[53.99,39.0],[53.52,39.38],[53.14,39.45],[53.54,39.51],[53.5,40.03],[52.79,40.03],[52.78,40.36],[52.7,40.36],[52.89,40.87],[52.97,40.87],[52.94,40.74],[53.34,40.74],[53.45,40.87],[53.4,40.68],[54.37,40.74],[54.39,40.81],[56.83,40.74],[57.46,41.39],[57.56,41.78],[57.96,42.37],[58.05,43.02],[58.34,43.47],[58.42,43.47],[58.63,43.67],[59.12,43.41],[60.37,43.54],[60.39,43.34],[60.78,43.02],[60.76,42.95],[62.19,41.78],[62.15,41.65]]],[[[36.98,38.74],[37.06,38.74],[37.05,38.67],[36.97,38.67],[36.98,38.74]]],[[[48.28,41.59],[48.2,41.59],[48.12,41.59],[48.17,41.85],[48.09,41.85],[48.2,41.98],[48.28,41.98],[48.27,41.91],[48.34,41.91],[48.48,41.78],[48.28,41.59]]]]},"properties":{"id":"territory:Abbasid Caliphate:876","name":"아바스 칼리프국","name_en":"Abbasid Caliphate","actor":"기타중립","valid_from":876,"valid_to":878,"wikidata":"Q12536","area":5197100,"src":"cliopatria","confidence":"medium"}},{"type":"Feature","geometry":{"type":"Point","coordinates":[48.934,30.328]},"properties":{"id":"territory:Abbasid Caliphate:876:label","name":"아바스 칼리프국","name_en":"Abbasid Caliphate","actor":"기타중립","valid_from":876,"valid_to":878,"wikidata":"Q12536","area":5197100,"src":"cliopatria","confidence":"medium"}},{"type":"Feature","geometry":{"type":"MultiPolygon","coordinates":[[[[59.0,20.66],[58.98,20.41],[58.82,20.21],[58.67,20.21],[58.77,20.54],[58.77,20.6],[59.0,20.66]]],[[[50.65,25.87],[50.43,25.94],[50.46,26.26],[50.69,26.26],[50.67,26.13],[50.67,26.07],[50.65,25.87]]],[[[62.19,41.78],[62.15,41.65],[62.46,41.33],[62.39,41.07],[62.53,41.0],[62.3,40.74],[62.4,40.55],[62.33,40.29],[62.47,40.23],[62.5,40.03],[62.74,40.03],[63.26,40.23],[65.35,40.61],[65.39,40.74],[65.69,40.68],[66.28,40.81],[66.69,41.13],[66.65,41.26],[66.89,41.26],[68.11,42.11],[69.42,43.41],[69.5,43.41],[69.58,43.41],[69.54,43.28],[70.11,43.08],[70.42,42.56],[71.25,42.17],[71.42,41.98],[71.38,41.85],[71.69,41.59],[71.64,41.46],[71.76,41.33],[73.0,40.74],[72.98,40.68],[73.06,40.68],[73.14,40.68],[73.29,40.68],[73.33,40.55],[73.49,40.55],[73.53,40.42],[73.8,40.29],[73.57,39.58],[73.42,39.58],[73.38,39.45],[73.36,39.38],[73.2,39.38],[73.16,39.26],[73.0,39.26],[72.02,38.61],[71.6,37.96],[71.59,37.9],[71.27,37.9],[71.36,38.22],[71.18,38.42],[70.71,38.42],[70.21,38.03],[70.16,37.84],[70.27,37.64],[70.08,37.51],[69.55,37.58],[69.35,37.13],[69.12,37.13],[69.01,37.32],[68.78,37.32],[68.15,37.0],[67.92,37.0],[67.75,37.25],[67.12,37.25],[67.0,37.38],[66.52,37.32],[65.71,37.51],[65.56,37.25],[65.39,37.19],[63.59,37.13],[63.6,37.19],[63.52,37.19],[63.51,37.13],[61.8,36.8],[60.94,36.8],[60.37,36.67],[58.51,36.67],[57.74,36.35],[56.55,35.0],[56.5,34.74],[55.97,34.36],[55.85,34.1],[55.18,33.78],[54.48,33.26],[53.75,33.01],[50.1,32.69],[48.97,32.3],[48.63,32.04],[48.6,31.79],[48.68,31.79],[48.65,31.01],[48.89,30.5],[49.03,30.44],[49.02,30.31],[48.94,30.31],[48.99,30.05],[48.37,29.92],[48.4,29.6],[47.87,29.54],[47.85,29.41],[48.08,29.41],[48.22,29.28],[48.19,29.09],[48.46,28.77],[48.56,28.32],[48.97,27.93],[48.87,27.67],[49.24,27.61],[49.36,27.29],[50.13,26.77],[50.12,26.58],[50.25,26.45],[50.22,26.13],[50.07,26.07],[50.21,26.0],[50.33,25.62],[50.61,25.42],[50.65,25.1],[50.73,25.1],[50.77,25.55],[50.92,25.62],[50.95,25.94],[51.12,26.13],[51.42,26.13],[51.7,25.87],[51.57,25.36],[51.72,25.29],[51.69,24.97],[51.52,24.78],[51.41,24.33],[51.85,24.26],[51.91,24.01],[52.28,24.01],[52.6,24.26],[53.11,24.14],[54.08,24.14],[54.1,24.33],[54.32,24.26],[54.56,24.46],[54.74,24.84],[55.14,25.1],[55.41,25.55],[55.97,25.87],[56.17,26.32],[56.48,26.39],[56.54,26.32],[56.39,25.55],[56.46,25.55],[56.42,25.16],[56.5,25.16],[56.4,24.97],[56.54,24.91],[56.79,24.33],[57.49,23.88],[58.81,23.62],[59.08,23.3],[59.07,23.17],[59.28,23.04],[59.27,22.91],[59.54,22.66],[59.9,22.53],[59.86,22.08],[59.44,21.44],[58.8,20.92],[58.61,20.41],[58.31,20.34],[58.25,20.54],[58.1,20.54],[57.93,20.28],[57.79,19.51],[57.92,19.25],[57.82,18.93],[57.0,18.8],[56.75,18.54],[56.64,18.09],[56.41,17.9],[55.59,17.84],[55.35,17.58],[55.31,17.13],[55.16,17.0],[54.2,17.0],[53.59,16.68],[53.22,16.68],[53.13,16.55],[52.38,16.29],[52.26,15.59],[52.1,15.46],[51.88,15.46],[51.27,15.14],[50.76,15.07],[50.45,14.88],[49.48,14.69],[49.41,14.69],[49.12,14.81],[48.03,14.94],[47.59,15.07],[47.53,15.2],[46.51,15.33],[46.15,15.52],[46.38,15.71],[46.4,15.97],[46.18,15.97],[46.02,15.84],[45.21,15.91],[45.23,16.1],[44.67,16.68],[44.55,17.13],[44.34,17.32],[44.35,17.58],[44.08,17.96],[44.09,18.16],[43.89,18.54],[43.51,18.22],[42.98,18.03],[42.66,17.71],[42.21,17.51],[42.14,17.51],[41.58,18.09],[41.45,18.48],[41.24,18.61],[41.25,18.86],[41.04,19.12],[40.99,19.44],[40.84,19.51],[40.85,19.7],[40.56,19.83],[40.14,20.28],[39.84,20.28],[39.35,20.79],[39.15,21.18],[39.17,21.63],[39.03,21.76],[39.14,22.53],[38.86,22.85],[38.87,23.04],[38.6,23.62],[38.03,24.14],[37.44,24.33],[37.39,24.65],[37.17,24.78],[37.18,24.91],[37.33,24.97],[37.27,25.23],[36.77,25.68],[36.72,26.0],[36.43,26.19],[36.16,26.77],[35.67,27.29],[35.61,27.54],[35.47,27.61],[35.41,27.87],[35.05,28.12],[34.59,28.06],[34.61,28.25],[34.85,28.57],[34.91,29.41],[34.75,29.28],[34.52,28.06],[34.36,27.93],[34.35,27.74],[34.12,27.74],[33.62,28.12],[33.55,28.32],[33.4,28.32],[33.19,28.51],[33.21,28.89],[32.86,29.22],[32.6,29.86],[32.6,29.92],[32.83,29.99],[33.08,30.31],[33.29,31.08],[33.37,31.08],[33.98,31.14],[34.3,31.27],[34.31,31.4],[34.55,31.53],[34.64,31.72],[34.57,31.85],[34.81,31.98],[34.77,32.36],[35.02,32.62],[35.06,33.01],[35.22,33.07],[35.4,33.39],[35.35,33.65],[35.5,33.65],[35.45,33.91],[35.68,33.97],[35.64,34.36],[35.79,34.29],[36.05,34.55],[36.07,34.74],[35.93,34.87],[35.96,35.19],[35.88,35.19],[35.99,35.52],[35.84,35.58],[35.99,36.22],[35.84,36.29],[36.26,36.61],[36.29,36.8],[36.14,36.93],[35.83,36.93],[35.49,36.61],[35.33,36.61],[35.11,36.74],[34.95,36.67],[34.89,36.87],[34.74,36.87],[34.66,36.87],[34.78,37.25],[35.03,37.45],[35.35,37.51],[35.43,37.51],[35.82,37.51],[36.15,37.71],[36.46,38.29],[36.61,38.22],[36.79,38.48],[37.13,38.67],[37.07,38.8],[37.31,38.87],[37.43,39.19],[37.68,39.26],[38.15,39.84],[38.16,39.9],[38.3,39.77],[38.84,39.71],[39.59,39.97],[40.39,40.55],[40.37,40.42],[40.53,40.42],[40.59,40.29],[41.83,40.16],[42.62,40.61],[43.1,40.68],[43.15,40.94],[43.57,41.07],[43.19,41.2],[42.86,41.59],[42.62,41.59],[42.67,41.85],[43.0,41.91],[42.98,42.24],[43.42,42.89],[43.66,42.89],[43.85,42.63],[44.36,42.76],[44.74,42.69],[44.82,42.69],[45.23,42.69],[45.67,42.5],[45.75,42.11],[46.3,42.04],[46.35,41.91],[46.74,41.85],[47.27,41.33],[47.72,41.2],[47.84,41.0],[47.72,40.81],[47.24,40.74],[46.8,40.94],[46.32,40.94],[46.06,40.81],[45.82,40.36],[46.28,40.29],[46.87,40.48],[46.94,40.42],[46.8,40.1],[47.0,39.9],[47.31,39.9],[47.41,39.58],[47.9,39.64],[48.09,39.84],[48.72,39.84],[48.78,39.71],[49.0,39.64],[49.03,39.38],[49.18,39.32],[49.16,39.26],[48.92,39.19],[48.8,39.0],[48.76,38.35],[48.84,38.35],[48.88,37.71],[49.09,37.51],[49.39,37.45],[49.46,37.45],[49.16,37.06],[49.19,36.74],[50.36,36.29],[50.41,36.16],[50.81,36.22],[50.94,36.1],[51.18,36.1],[51.38,35.9],[51.97,35.77],[52.03,35.64],[52.34,35.64],[52.53,35.84],[52.81,35.71],[54.01,35.9],[54.22,36.22],[54.08,36.29],[54.0,36.67],[53.92,36.67],[53.96,36.87],[54.03,36.87],[54.09,37.19],[53.91,37.45],[53.91,37.84],[53.83,37.84],[53.99,39.0],[53.52,39.38],[53.14,39.45],[53.54,39.51],[53.5,40.03],[52.79,40.03],[52.78,40.36],[52.7,40.36],[52.89,40.87],[52.97,40.87],[52.94,40.74],[53.34,40.74],[53.45,40.87],[53.4,40.68],[54.37,40.74],[54.39,40.81],[56.83,40.74],[57.46,41.39],[57.56,41.78],[57.96,42.37],[58.05,43.02],[58.34,43.47],[58.42,43.47],[58.63,43.67],[59.12,43.41],[60.37,43.54],[60.39,43.34],[60.78,43.02],[60.76,42.95],[62.19,41.78]]],[[[36.98,38.74],[37.06,38.74],[37.05,38.67],[36.97,38.67],[36.98,38.74]]],[[[48.28,41.59],[48.2,41.59],[48.12,41.59],[48.17,41.85],[48.09,41.85],[48.2,41.98],[48.28,41.98],[48.27,41.91],[48.34,41.91],[48.48,41.78],[48.28,41.59]]]]},"properties":{"id":"territory:Abbasid Caliphate:875","name":"아바스 칼리프국","name_en":"Abbasid Caliphate","actor":"기타중립","valid_from":875,"valid_to":876,"wikidata":"Q12536","area":5122774,"src":"cliopatria","confidence":"medium"}},{"type":"Feature","geometry":{"type":"Point","coordinates":[48.702,30.225]},"properties":{"id":"territory:Abbasid Caliphate:875:label","name":"아바스 칼리프국","name_en":"Abbasid Caliphate","actor":"기타중립","valid_from":875,"valid_to":876,"wikidata":"Q12536","area":5122774,"src":"cliopatria","confidence":"medium"}},{"type":"Feature","geometry":{"type":"MultiPolygon","coordinates":[[[[59.0,20.66],[58.98,20.41],[58.82,20.21],[58.67,20.21],[58.77,20.54],[58.77,20.6],[59.0,20.66]]],[[[50.43,25.94],[50.46,26.26],[50.69,26.26],[50.67,26.13],[50.67,26.07],[50.65,25.87],[50.43,25.94]]],[[[62.15,41.65],[62.46,41.33],[62.39,41.07],[62.53,41.0],[62.3,40.74],[62.4,40.55],[62.33,40.29],[62.47,40.23],[62.5,40.03],[62.74,40.03],[63.26,40.23],[65.35,40.61],[65.39,40.74],[65.69,40.68],[66.28,40.81],[66.69,41.13],[66.65,41.26],[66.89,41.26],[68.11,42.11],[69.42,43.41],[69.5,43.41],[69.58,43.41],[69.54,43.28],[70.11,43.08],[70.42,42.56],[71.25,42.17],[71.42,41.98],[71.38,41.85],[71.69,41.59],[71.64,41.46],[71.76,41.33],[73.0,40.74],[72.98,40.68],[73.06,40.68],[73.14,40.68],[73.29,40.68],[73.33,40.55],[73.49,40.55],[73.53,40.42],[73.8,40.29],[73.57,39.58],[73.42,39.58],[73.38,39.45],[73.36,39.38],[73.2,39.38],[73.16,39.26],[73.0,39.26],[72.02,38.61],[71.6,37.96],[71.59,37.9],[71.27,37.9],[71.36,38.22],[71.18,38.42],[70.71,38.42],[70.21,38.03],[70.16,37.84],[70.27,37.64],[70.08,37.51],[69.55,37.58],[69.35,37.13],[69.12,37.13],[69.01,37.32],[68.78,37.32],[68.15,37.0],[67.92,37.0],[67.75,37.25],[67.12,37.25],[67.0,37.38],[66.52,37.32],[65.71,37.51],[65.56,37.25],[64.83,37.13],[64.7,36.55],[64.33,35.97],[64.24,35.58],[64.07,35.52],[63.43,34.68],[62.82,34.36],[61.94,34.16],[59.5,34.29],[55.95,34.23],[54.48,33.26],[53.75,33.01],[50.1,32.69],[48.97,32.3],[48.63,32.04],[48.6,31.79],[48.68,31.79],[48.65,31.01],[48.89,30.5],[49.03,30.44],[49.02,30.31],[48.94,30.31],[48.99,30.05],[48.37,29.92],[48.4,29.6],[47.87,29.54],[47.85,29.41],[48.08,29.41],[48.22,29.28],[48.19,29.09],[48.46,28.77],[48.56,28.32],[48.97,27.93],[48.87,27.67],[49.24,27.61],[49.36,27.29],[50.13,26.77],[50.12,26.58],[50.25,26.45],[50.22,26.13],[50.07,26.07],[50.21,26.0],[50.33,25.62],[50.61,25.42],[50.65,25.1],[50.73,25.1],[50.77,25.55],[50.92,25.62],[50.95,25.94],[51.12,26.13],[51.42,26.13],[51.7,25.87],[51.57,25.36],[51.72,25.29],[51.69,24.97],[51.52,24.78],[51.41,24.33],[51.85,24.26],[51.91,24.01],[52.28,24.01],[52.6,24.26],[53.11,24.14],[54.08,24.14],[54.1,24.33],[54.32,24.26],[54.56,24.46],[54.74,24.84],[55.14,25.1],[55.41,25.55],[55.97,25.87],[56.17,26.32],[56.48,26.39],[56.54,26.32],[56.39,25.55],[56.46,25.55],[56.42,25.16],[56.5,25.16],[56.4,24.97],[56.54,24.91],[56.79,24.33],[57.49,23.88],[58.81,23.62],[59.08,23.3],[59.07,23.17],[59.28,23.04],[59.27,22.91],[59.54,22.66],[59.9,22.53],[59.86,22.08],[59.44,21.44],[58.8,20.92],[58.61,20.41],[58.31,20.34],[58.25,20.54],[58.1,20.54],[57.93,20.28],[57.79,19.51],[57.92,19.25],[57.82,18.93],[57.0,18.8],[56.75,18.54],[56.64,18.09],[56.41,17.9],[55.59,17.84],[55.35,17.58],[55.31,17.13],[55.16,17.0],[54.2,17.0],[53.59,16.68],[53.22,16.68],[53.13,16.55],[52.38,16.29],[52.26,15.59],[52.1,15.46],[51.88,15.46],[51.27,15.14],[50.76,15.07],[50.45,14.88],[49.48,14.69],[49.41,14.69],[49.12,14.81],[48.03,14.94],[47.59,15.07],[47.53,15.2],[46.51,15.33],[46.15,15.52],[46.38,15.71],[46.4,15.97],[46.18,15.97],[46.02,15.84],[45.21,15.91],[45.23,16.1],[44.67,16.68],[44.55,17.13],[44.34,17.32],[44.35,17.58],[44.08,17.96],[44.09,18.16],[43.89,18.54],[43.51,18.22],[42.98,18.03],[42.66,17.71],[42.21,17.51],[42.14,17.51],[41.58,18.09],[41.45,18.48],[41.24,18.61],[41.25,18.86],[41.04,19.12],[40.99,19.44],[40.84,19.51],[40.85,19.7],[40.56,19.83],[40.14,20.28],[39.84,20.28],[39.35,20.79],[39.15,21.18],[39.17,21.63],[39.03,21.76],[39.14,22.53],[38.86,22.85],[38.87,23.04],[38.6,23.62],[38.03,24.14],[37.44,24.33],[37.39,24.65],[37.17,24.78],[37.18,24.91],[37.33,24.97],[37.27,25.23],[36.77,25.68],[36.72,26.0],[36.43,26.19],[36.16,26.77],[35.67,27.29],[35.61,27.54],[35.47,27.61],[35.41,27.87],[35.2,28.06],[35.04,28.06],[35.05,28.12],[35.48,28.89],[35.79,29.99],[36.39,30.82],[36.76,31.59],[36.92,31.66],[37.19,32.11],[38.36,33.07],[38.55,33.46],[39.4,34.16],[40.04,35.07],[40.02,35.52],[39.7,36.1],[38.13,36.61],[37.2,36.61],[36.91,36.8],[36.29,36.8],[36.21,36.8],[36.14,36.93],[35.83,36.93],[35.49,36.61],[35.33,36.61],[35.11,36.74],[34.95,36.67],[34.89,36.87],[34.74,36.87],[34.66,36.87],[34.78,37.25],[35.03,37.45],[35.35,37.51],[35.43,37.51],[35.82,37.51],[36.15,37.71],[36.46,38.29],[36.61,38.22],[36.79,38.48],[37.13,38.67],[37.07,38.8],[37.31,38.87],[37.43,39.19],[37.68,39.26],[38.15,39.84],[38.16,39.9],[38.3,39.77],[38.84,39.71],[39.59,39.97],[40.39,40.55],[40.37,40.42],[40.53,40.42],[40.59,40.29],[41.83,40.16],[42.62,40.61],[43.1,40.68],[43.15,40.94],[43.57,41.07],[43.19,41.2],[42.86,41.59],[42.62,41.59],[42.67,41.85],[43.0,41.91],[42.98,42.24],[43.42,42.89],[43.66,42.89],[43.85,42.63],[44.36,42.76],[44.74,42.69],[44.82,42.69],[45.23,42.69],[45.67,42.5],[45.75,42.11],[46.3,42.04],[46.35,41.91],[46.74,41.85],[47.27,41.33],[47.72,41.2],[47.84,41.0],[47.72,40.81],[47.24,40.74],[46.8,40.94],[46.32,40.94],[46.06,40.81],[45.82,40.36],[46.28,40.29],[46.87,40.48],[46.94,40.42],[46.8,40.1],[47.0,39.9],[47.31,39.9],[47.41,39.58],[47.9,39.64],[48.09,39.84],[48.72,39.84],[48.78,39.71],[49.0,39.64],[49.03,39.38],[49.18,39.32],[49.16,39.26],[48.92,39.19],[48.8,39.0],[48.76,38.35],[48.84,38.35],[48.88,37.71],[49.09,37.51],[49.39,37.45],[49.46,37.45],[49.16,37.06],[49.19,36.74],[50.36,36.29],[50.41,36.16],[50.81,36.22],[50.94,36.1],[51.18,36.1],[51.38,35.9],[51.97,35.77],[52.03,35.64],[52.34,35.64],[52.53,35.84],[52.81,35.71],[54.01,35.9],[54.22,36.22],[54.08,36.29],[54.0,36.67],[53.92,36.67],[53.96,36.87],[54.03,36.87],[54.09,37.19],[53.91,37.45],[53.91,37.84],[53.83,37.84],[53.99,39.0],[53.52,39.38],[53.14,39.45],[53.54,39.51],[53.5,40.03],[52.79,40.03],[52.78,40.36],[52.7,40.36],[52.89,40.87],[52.97,40.87],[52.94,40.74],[53.34,40.74],[53.45,40.87],[53.4,40.68],[54.37,40.74],[54.39,40.81],[56.83,40.74],[57.46,41.39],[57.56,41.78],[57.96,42.37],[58.05,43.02],[58.34,43.47],[58.42,43.47],[58.63,43.67],[59.12,43.41],[60.37,43.54],[60.39,43.34],[60.78,43.02],[60.76,42.95],[62.19,41.78],[62.15,41.65]]],[[[36.98,38.74],[37.06,38.74],[37.05,38.67],[36.97,38.67],[36.98,38.74]]],[[[48.28,41.59],[48.2,41.59],[48.12,41.59],[48.17,41.85],[48.09,41.85],[48.2,41.98],[48.28,41.98],[48.27,41.91],[48.34,41.91],[48.48,41.78],[48.28,41.59]]]]},"properties":{"id":"territory:Abbasid Caliphate:884","name":"아바스 칼리프국","name_en":"Abbasid Caliphate","actor":"기타중립","valid_from":884,"valid_to":886,"wikidata":"Q12536","area":5035248,"src":"cliopatria","confidence":"medium"}},{"type":"Feature","geometry":{"type":"Point","coordinates":[49.832,30.289]},"properties":{"id":"territory:Abbasid Caliphate:884:label","name":"아바스 칼리프국","name_en":"Abbasid Caliphate","actor":"기타중립","valid_from":884,"valid_to":886,"wikidata":"Q12536","area":5035248,"src":"cliopatria","confidence":"medium"}},{"type":"Feature","geometry":{"type":"MultiPolygon","coordinates":[[[[59.0,20.66],[58.98,20.41],[58.82,20.21],[58.67,20.21],[58.77,20.54],[58.77,20.6],[59.0,20.66]]],[[[50.43,25.94],[50.46,26.26],[50.69,26.26],[50.67,26.13],[50.67,26.07],[50.65,25.87],[50.43,25.94]]],[[[62.15,41.65],[62.46,41.33],[62.39,41.07],[62.53,41.0],[62.3,40.74],[62.4,40.55],[62.33,40.29],[62.47,40.23],[62.5,40.03],[62.74,40.03],[63.26,40.23],[65.35,40.61],[65.39,40.74],[65.69,40.68],[66.28,40.81],[66.69,41.13],[66.65,41.26],[66.89,41.26],[68.11,42.11],[69.42,43.41],[69.5,43.41],[69.58,43.41],[69.54,43.28],[70.11,43.08],[70.42,42.56],[71.25,42.17],[71.42,41.98],[71.38,41.85],[71.69,41.59],[71.64,41.46],[71.76,41.33],[73.0,40.74],[72.98,40.68],[73.06,40.68],[73.14,40.68],[73.29,40.68],[73.33,40.55],[73.49,40.55],[73.53,40.42],[73.8,40.29],[73.57,39.58],[73.42,39.58],[73.38,39.45],[73.36,39.38],[73.2,39.38],[73.16,39.26],[73.0,39.26],[72.02,38.61],[71.6,37.96],[71.59,37.9],[71.27,37.9],[71.36,38.22],[71.18,38.42],[70.71,38.42],[70.21,38.03],[70.16,37.84],[70.27,37.64],[70.08,37.51],[69.55,37.58],[69.35,37.13],[69.12,37.13],[69.01,37.32],[68.78,37.32],[68.15,37.0],[67.92,37.0],[67.75,37.25],[67.12,37.25],[67.0,37.38],[66.52,37.32],[65.71,37.51],[65.56,37.25],[64.83,37.13],[64.7,36.55],[64.48,36.29],[63.54,35.9],[63.46,35.9],[62.77,35.9],[61.38,35.58],[58.93,35.32],[56.52,34.81],[55.67,33.97],[55.52,33.97],[54.82,33.46],[54.15,33.14],[52.11,32.81],[50.1,32.69],[48.97,32.3],[48.63,32.04],[48.6,31.79],[48.68,31.79],[48.65,31.01],[48.89,30.5],[49.03,30.44],[49.02,30.31],[48.94,30.31],[48.99,30.05],[48.37,29.92],[48.4,29.6],[47.87,29.54],[47.85,29.41],[48.08,29.41],[48.22,29.28],[48.19,29.09],[48.46,28.77],[48.56,28.32],[48.97,27.93],[48.87,27.67],[49.24,27.61],[49.36,27.29],[50.13,26.77],[50.12,26.58],[50.25,26.45],[50.22,26.13],[50.07,26.07],[50.21,26.0],[50.33,25.62],[50.61,25.42],[50.65,25.1],[50.73,25.1],[50.77,25.55],[50.92,25.62],[50.95,25.94],[51.12,26.13],[51.42,26.13],[51.7,25.87],[51.57,25.36],[51.72,25.29],[51.69,24.97],[51.52,24.78],[51.41,24.33],[51.85,24.26],[51.91,24.01],[52.28,24.01],[52.6,24.26],[53.11,24.14],[54.08,24.14],[54.1,24.33],[54.32,24.26],[54.56,24.46],[54.74,24.84],[55.14,25.1],[55.41,25.55],[55.97,25.87],[56.17,26.32],[56.48,26.39],[56.54,26.32],[56.39,25.55],[56.46,25.55],[56.42,25.16],[56.5,25.16],[56.4,24.97],[56.54,24.91],[56.79,24.33],[57.49,23.88],[58.81,23.62],[59.08,23.3],[59.07,23.17],[59.28,23.04],[59.27,22.91],[59.54,22.66],[59.9,22.53],[59.86,22.08],[59.44,21.44],[58.8,20.92],[58.61,20.41],[58.31,20.34],[58.25,20.54],[58.1,20.54],[57.93,20.28],[57.79,19.51],[57.92,19.25],[57.82,18.93],[57.0,18.8],[56.75,18.54],[56.64,18.09],[56.41,17.9],[55.59,17.84],[55.35,17.58],[55.31,17.13],[55.16,17.0],[54.2,17.0],[53.59,16.68],[53.22,16.68],[53.13,16.55],[52.38,16.29],[52.26,15.59],[52.1,15.46],[51.88,15.46],[51.27,15.14],[50.76,15.07],[50.45,14.88],[49.48,14.69],[49.41,14.69],[49.12,14.81],[48.03,14.94],[47.59,15.07],[47.53,15.2],[46.51,15.33],[46.15,15.52],[46.38,15.71],[46.4,15.97],[46.18,15.97],[46.02,15.84],[45.21,15.91],[45.23,16.1],[44.67,16.68],[44.55,17.13],[44.34,17.32],[44.35,17.58],[44.08,17.96],[44.09,18.16],[43.89,18.54],[43.51,18.22],[42.98,18.03],[42.66,17.71],[42.21,17.51],[42.14,17.51],[41.58,18.09],[41.45,18.48],[41.24,18.61],[41.25,18.86],[41.04,19.12],[40.99,19.44],[40.84,19.51],[40.85,19.7],[40.56,19.83],[40.14,20.28],[39.84,20.28],[39.35,20.79],[39.15,21.18],[39.17,21.63],[39.03,21.76],[39.14,22.53],[38.86,22.85],[38.87,23.04],[38.6,23.62],[38.03,24.14],[37.44,24.33],[37.39,24.65],[37.17,24.78],[37.18,24.91],[37.33,24.97],[37.27,25.23],[36.77,25.68],[36.72,26.0],[36.43,26.19],[36.16,26.77],[35.67,27.29],[35.61,27.54],[35.47,27.61],[35.41,27.87],[35.2,28.06],[35.04,28.06],[35.05,28.12],[35.48,28.89],[35.79,29.99],[36.39,30.82],[36.76,31.59],[36.92,31.66],[37.19,32.11],[38.36,33.07],[38.55,33.46],[39.4,34.16],[40.04,35.07],[40.02,35.52],[39.7,36.1],[38.13,36.61],[37.2,36.61],[36.91,36.8],[36.29,36.8],[36.21,36.8],[36.14,36.93],[35.83,36.93],[35.49,36.61],[35.33,36.61],[35.11,36.74],[34.95,36.67],[34.89,36.87],[34.74,36.87],[34.66,36.87],[34.78,37.25],[35.03,37.45],[35.35,37.51],[35.43,37.51],[35.82,37.51],[36.15,37.71],[36.46,38.29],[36.61,38.22],[36.79,38.48],[37.13,38.67],[37.07,38.8],[37.31,38.87],[37.43,39.19],[37.68,39.26],[38.15,39.84],[38.16,39.9],[38.3,39.77],[38.84,39.71],[39.59,39.97],[40.39,40.55],[40.37,40.42],[40.53,40.42],[40.59,40.29],[41.83,40.16],[42.62,40.61],[43.1,40.68],[43.15,40.94],[43.57,41.07],[43.19,41.2],[42.86,41.59],[42.62,41.59],[42.67,41.85],[43.0,41.91],[42.98,42.24],[43.42,42.89],[43.66,42.89],[43.85,42.63],[44.36,42.76],[44.74,42.69],[44.82,42.69],[45.23,42.69],[45.67,42.5],[45.75,42.11],[46.3,42.04],[46.35,41.91],[46.74,41.85],[47.27,41.33],[47.72,41.2],[47.84,41.0],[47.72,40.81],[47.24,40.74],[46.8,40.94],[46.32,40.94],[46.06,40.81],[45.82,40.36],[46.28,40.29],[46.87,40.48],[46.94,40.42],[46.8,40.1],[47.0,39.9],[47.31,39.9],[47.41,39.58],[47.9,39.64],[48.09,39.84],[48.72,39.84],[48.78,39.71],[49.0,39.64],[49.03,39.38],[49.18,39.32],[49.16,39.26],[48.92,39.19],[48.8,39.0],[48.76,38.35],[48.84,38.35],[48.88,37.71],[49.09,37.51],[49.39,37.45],[49.46,37.45],[49.16,37.06],[49.19,36.74],[50.36,36.29],[50.41,36.16],[50.81,36.22],[50.94,36.1],[51.18,36.1],[51.38,35.9],[51.97,35.77],[52.03,35.64],[52.34,35.64],[52.53,35.84],[52.81,35.71],[54.01,35.9],[54.22,36.22],[54.08,36.29],[54.0,36.67],[53.92,36.67],[53.96,36.87],[54.03,36.87],[54.09,37.19],[53.91,37.45],[53.91,37.84],[53.83,37.84],[53.99,39.0],[53.52,39.38],[53.14,39.45],[53.54,39.51],[53.5,40.03],[52.79,40.03],[52.78,40.36],[52.7,40.36],[52.89,40.87],[52.97,40.87],[52.94,40.74],[53.34,40.74],[53.45,40.87],[53.4,40.68],[54.37,40.74],[54.39,40.81],[56.83,40.74],[57.46,41.39],[57.56,41.78],[57.96,42.37],[58.05,43.02],[58.34,43.47],[58.42,43.47],[58.63,43.67],[59.12,43.41],[60.37,43.54],[60.39,43.34],[60.78,43.02],[60.76,42.95],[62.19,41.78],[62.15,41.65]]],[[[36.98,38.74],[37.06,38.74],[37.05,38.67],[36.97,38.67],[36.98,38.74]]],[[[48.28,41.59],[48.2,41.59],[48.12,41.59],[48.17,41.85],[48.09,41.85],[48.2,41.98],[48.28,41.98],[48.27,41.91],[48.34,41.91],[48.48,41.78],[48.28,41.59]]]]},"properties":{"id":"territory:Abbasid Caliphate:878","name":"아바스 칼리프국","name_en":"Abbasid Caliphate","actor":"기타중립","valid_from":878,"valid_to":884,"wikidata":"Q12536","area":4946191,"src":"cliopatria","confidence":"medium"}},{"type":"Feature","geometry":{"type":"Point","coordinates":[49.628,30.202]},"properties":{"id":"territory:Abbasid Caliphate:878:label","name":"아바스 칼리프국","name_en":"Abbasid Caliphate","actor":"기타중립","valid_from":878,"valid_to":884,"wikidata":"Q12536","area":4946191,"src":"cliopatria","confidence":"medium"}},{"type":"Feature","geometry":{"type":"MultiPolygon","coordinates":[[[[59.0,20.66],[58.98,20.41],[58.82,20.21],[58.67,20.21],[58.77,20.54],[58.77,20.6],[59.0,20.66]]],[[[50.43,25.94],[50.46,26.26],[50.69,26.26],[50.67,26.13],[50.67,26.07],[50.65,25.87],[50.43,25.94]]],[[[42.92,39.58],[42.58,39.38],[42.47,39.19],[42.23,39.19],[42.07,38.67],[42.49,38.29],[42.64,38.29],[42.62,38.16],[43.09,38.16],[43.06,37.96],[42.9,37.9],[42.7,37.58],[43.79,37.58],[44.35,37.71],[44.63,37.96],[44.96,38.09],[44.98,38.22],[44.45,38.35],[44.49,38.55],[44.58,38.67],[44.9,38.67],[45.11,39.0],[45.34,39.0],[45.37,39.13],[44.87,39.45],[44.83,39.71],[44.55,39.9],[44.66,40.1],[45.33,39.84],[45.79,39.32],[45.95,39.32],[46.22,39.06],[46.26,38.87],[46.67,38.93],[46.86,39.58],[46.64,39.64],[46.6,39.9],[46.34,40.16],[46.45,40.36],[46.87,40.48],[46.94,40.42],[46.8,40.1],[47.0,39.9],[47.31,39.9],[47.41,39.58],[47.9,39.64],[48.09,39.84],[48.72,39.84],[48.78,39.71],[49.0,39.64],[49.03,39.38],[49.18,39.32],[49.16,39.26],[48.92,39.19],[48.8,39.0],[48.76,38.35],[48.84,38.35],[48.88,37.71],[49.09,37.51],[49.39,37.45],[49.46,37.45],[49.16,37.06],[49.19,36.74],[50.36,36.29],[50.41,36.16],[50.81,36.22],[50.94,36.1],[51.18,36.1],[51.38,35.9],[51.97,35.77],[52.03,35.64],[52.34,35.64],[52.53,35.84],[52.74,35.71],[53.52,35.77],[54.01,35.9],[54.12,36.1],[54.22,36.22],[54.08,36.29],[54.0,36.67],[53.92,36.67],[53.96,36.87],[54.03,36.87],[54.09,37.19],[53.91,37.45],[53.91,37.84],[53.83,37.84],[53.99,39.0],[53.52,39.38],[53.14,39.45],[53.54,39.51],[53.5,40.03],[52.79,40.03],[52.78,40.36],[52.7,40.36],[52.89,40.87],[52.97,40.87],[52.94,40.74],[53.34,40.74],[53.45,40.87],[53.4,40.68],[54.37,40.74],[54.39,40.81],[56.83,40.74],[57.46,41.39],[57.56,41.78],[57.96,42.37],[58.05,43.02],[58.34,43.47],[58.42,43.47],[58.63,43.67],[59.12,43.41],[60.37,43.54],[60.39,43.34],[60.7,43.02],[60.78,43.02],[61.01,42.69],[61.17,42.69],[61.4,42.37],[61.56,42.37],[61.78,42.04],[61.94,42.04],[62.19,41.78],[62.15,41.65],[62.35,41.52],[62.32,41.39],[62.46,41.33],[62.39,41.07],[62.53,41.0],[62.3,40.74],[62.4,40.55],[62.33,40.29],[62.47,40.23],[62.5,40.03],[62.58,40.03],[62.55,39.9],[62.69,39.84],[62.64,39.64],[62.95,39.32],[63.25,39.26],[63.42,39.0],[63.84,38.8],[64.01,38.55],[64.37,38.42],[64.66,38.03],[64.82,38.03],[64.79,37.9],[65.03,37.64],[65.32,37.51],[65.71,37.51],[65.56,37.25],[64.83,37.13],[64.7,36.55],[64.33,35.97],[64.24,35.58],[64.07,35.52],[63.43,34.68],[62.82,34.36],[61.94,34.16],[61.25,34.16],[57.5,34.29],[56.83,34.42],[55.97,34.36],[55.67,33.97],[55.18,33.78],[54.48,33.26],[53.75,33.01],[50.1,32.69],[48.97,32.3],[48.63,32.04],[48.6,31.79],[48.68,31.79],[48.65,31.01],[48.89,30.5],[49.03,30.44],[49.02,30.31],[48.94,30.31],[48.99,30.05],[48.37,29.92],[48.4,29.6],[47.87,29.54],[47.85,29.41],[48.08,29.41],[48.22,29.28],[48.19,29.09],[48.46,28.77],[48.56,28.32],[48.97,27.93],[48.87,27.67],[49.24,27.61],[49.36,27.29],[50.13,26.77],[50.12,26.58],[50.25,26.45],[50.22,26.13],[50.07,26.07],[50.21,26.0],[50.33,25.62],[50.61,25.42],[50.65,25.1],[50.73,25.1],[50.77,25.55],[50.92,25.62],[50.95,25.94],[51.12,26.13],[51.42,26.13],[51.7,25.87],[51.57,25.36],[51.72,25.29],[51.69,24.97],[51.52,24.78],[51.41,24.33],[51.85,24.26],[51.91,24.01],[52.28,24.01],[52.6,24.26],[53.11,24.14],[54.08,24.14],[54.1,24.33],[54.32,24.26],[54.56,24.46],[54.74,24.84],[55.14,25.1],[55.41,25.55],[55.97,25.87],[56.17,26.32],[56.48,26.39],[56.54,26.32],[56.39,25.55],[56.46,25.55],[56.42,25.16],[56.5,25.16],[56.4,24.97],[56.54,24.91],[56.79,24.33],[57.49,23.88],[58.81,23.62],[59.08,23.3],[59.07,23.17],[59.28,23.04],[59.27,22.91],[59.54,22.66],[59.9,22.53],[59.86,22.08],[59.44,21.44],[58.8,20.92],[58.61,20.41],[58.31,20.34],[58.25,20.54],[58.1,20.54],[57.93,20.28],[57.79,19.51],[57.92,19.25],[57.82,18.93],[57.0,18.8],[56.75,18.54],[56.64,18.09],[56.41,17.9],[55.59,17.84],[55.35,17.58],[55.31,17.13],[55.16,17.0],[54.2,17.0],[53.59,16.68],[53.22,16.68],[53.13,16.55],[52.38,16.29],[52.26,15.59],[52.1,15.46],[51.88,15.46],[51.27,15.14],[50.76,15.07],[50.45,14.88],[49.48,14.69],[49.41,14.69],[49.12,14.81],[48.03,14.94],[47.59,15.07],[47.53,15.2],[46.51,15.33],[46.15,15.52],[46.38,15.71],[46.4,15.97],[46.18,15.97],[46.02,15.84],[45.21,15.91],[45.23,16.1],[44.67,16.68],[44.55,17.13],[44.34,17.32],[44.35,17.58],[44.08,17.96],[44.09,18.16],[43.89,18.54],[43.51,18.22],[42.98,18.03],[42.66,17.71],[42.21,17.51],[42.14,17.51],[41.58,18.09],[41.45,18.48],[41.24,18.61],[41.25,18.86],[41.04,19.12],[40.99,19.44],[40.84,19.51],[40.85,19.7],[40.56,19.83],[40.14,20.28],[39.84,20.28],[39.35,20.79],[39.15,21.18],[39.17,21.63],[39.03,21.76],[39.14,22.53],[38.86,22.85],[38.87,23.04],[38.6,23.62],[38.03,24.14],[37.44,24.33],[37.39,24.65],[37.17,24.78],[37.18,24.91],[37.33,24.97],[37.27,25.23],[36.77,25.68],[36.72,26.0],[36.43,26.19],[36.16,26.77],[35.67,27.29],[35.61,27.54],[35.47,27.61],[35.41,27.87],[35.2,28.06],[35.04,28.06],[35.05,28.12],[35.48,28.89],[35.79,29.99],[36.39,30.82],[36.76,31.59],[36.92,31.66],[37.19,32.11],[38.36,33.07],[38.55,33.46],[39.4,34.16],[40.04,35.07],[40.02,35.52],[39.7,36.1],[38.13,36.61],[37.2,36.61],[36.91,36.8],[36.29,36.8],[36.21,36.8],[36.14,36.93],[35.83,36.93],[35.49,36.61],[35.33,36.61],[35.11,36.74],[34.95,36.67],[34.89,36.87],[34.74,36.87],[34.66,36.87],[34.78,37.25],[35.03,37.45],[35.35,37.51],[35.43,37.51],[35.82,37.51],[36.15,37.71],[36.46,38.29],[36.61,38.22],[36.79,38.48],[37.13,38.67],[37.07,38.8],[37.31,38.87],[37.43,39.19],[37.68,39.26],[38.15,39.84],[38.16,39.9],[38.3,39.77],[38.84,39.71],[39.59,39.97],[40.3,40.48],[40.53,40.42],[40.59,40.29],[41.75,40.16],[41.63,39.9],[42.57,39.84],[42.56,39.77],[42.86,39.71],[42.92,39.58]]],[[[36.97,38.67],[36.98,38.74],[37.06,38.74],[37.05,38.67],[36.97,38.67]]],[[[48.28,41.59],[48.2,41.59],[48.12,41.59],[48.17,41.85],[48.09,41.85],[48.2,41.98],[48.28,41.98],[48.27,41.91],[48.34,41.91],[48.48,41.78],[48.28,41.59]]]]},"properties":{"id":"territory:Abbasid Caliphate:896","name":"아바스 칼리프국","name_en":"Abbasid Caliphate","actor":"기타중립","valid_from":896,"valid_to":898,"wikidata":"Q12536","area":4526146,"src":"cliopatria","confidence":"medium"}},{"type":"Feature","geometry":{"type":"Point","coordinates":[48.408,29.062]},"properties":{"id":"territory:Abbasid Caliphate:896:label","name":"아바스 칼리프국","name_en":"Abbasid Caliphate","actor":"기타중립","valid_from":896,"valid_to":898,"wikidata":"Q12536","area":4526146,"src":"cliopatria","confidence":"medium"}},{"type":"Feature","geometry":{"type":"MultiPolygon","coordinates":[[[[59.0,20.66],[58.98,20.41],[58.82,20.21],[58.67,20.21],[58.77,20.54],[58.77,20.6],[59.0,20.66]]],[[[50.43,25.94],[50.46,26.26],[50.69,26.26],[50.67,26.13],[50.67,26.07],[50.65,25.87],[50.43,25.94]]],[[[42.92,39.58],[42.58,39.38],[42.47,39.19],[42.23,39.19],[42.07,38.67],[42.49,38.29],[42.64,38.29],[42.62,38.16],[43.09,38.16],[43.06,37.96],[42.9,37.9],[42.7,37.58],[43.79,37.58],[44.35,37.71],[44.63,37.96],[44.96,38.09],[44.98,38.22],[44.45,38.35],[44.49,38.55],[44.58,38.67],[44.9,38.67],[45.11,39.0],[45.34,39.0],[45.37,39.13],[44.87,39.45],[44.83,39.71],[44.55,39.9],[44.66,40.1],[45.33,39.84],[45.79,39.32],[45.95,39.32],[46.22,39.06],[46.26,38.87],[46.67,38.93],[47.12,39.26],[47.09,39.51],[46.64,39.64],[46.6,39.9],[46.34,40.16],[46.45,40.36],[46.87,40.48],[46.94,40.42],[46.8,40.1],[47.0,39.9],[47.31,39.9],[47.41,39.58],[47.9,39.64],[48.09,39.84],[48.72,39.84],[48.78,39.71],[49.0,39.64],[49.03,39.38],[49.18,39.32],[49.16,39.26],[48.92,39.19],[48.8,39.0],[48.76,38.35],[48.84,38.35],[48.88,37.71],[49.09,37.51],[49.39,37.45],[49.46,37.45],[49.16,37.06],[49.19,36.74],[50.36,36.29],[50.41,36.16],[50.81,36.22],[50.94,36.1],[51.18,36.1],[51.38,35.9],[51.97,35.77],[52.03,35.64],[52.34,35.64],[52.53,35.84],[52.74,35.71],[53.52,35.77],[54.01,35.9],[54.12,36.1],[54.22,36.22],[54.08,36.29],[54.0,36.67],[53.92,36.67],[53.96,36.87],[54.03,36.87],[54.09,37.19],[53.91,37.45],[53.91,37.84],[53.83,37.84],[53.99,39.0],[53.52,39.38],[53.14,39.45],[53.54,39.51],[53.5,40.03],[52.79,40.03],[52.78,40.36],[52.7,40.36],[52.89,40.87],[52.97,40.87],[52.94,40.74],[53.34,40.74],[53.45,40.87],[53.4,40.68],[54.37,40.74],[54.39,40.81],[56.83,40.74],[57.46,41.39],[57.56,41.78],[57.96,42.37],[58.05,43.02],[58.34,43.47],[58.42,43.47],[58.63,43.67],[59.12,43.41],[60.37,43.54],[60.39,43.34],[60.72,43.08],[60.7,43.02],[61.01,42.69],[61.17,42.69],[61.4,42.37],[61.56,42.37],[61.78,42.04],[61.94,42.04],[62.19,41.78],[62.15,41.65],[62.35,41.52],[62.32,41.39],[62.46,41.33],[62.39,41.07],[62.53,41.0],[62.3,40.74],[62.4,40.55],[62.33,40.29],[62.47,40.23],[62.5,40.03],[62.58,40.03],[62.55,39.9],[62.69,39.84],[62.64,39.64],[62.95,39.32],[63.25,39.26],[63.42,39.0],[63.84,38.8],[64.01,38.55],[64.37,38.42],[64.66,38.03],[64.82,38.03],[64.79,37.9],[65.03,37.64],[65.32,37.51],[65.71,37.51],[65.56,37.25],[65.39,37.19],[63.59,37.13],[63.6,37.19],[63.52,37.19],[63.51,37.13],[61.8,36.8],[60.94,36.8],[60.37,36.67],[58.51,36.67],[57.83,36.42],[57.72,36.22],[57.46,36.1],[57.12,35.58],[56.96,35.52],[56.55,35.0],[56.5,34.74],[55.97,34.36],[55.67,33.97],[55.18,33.78],[54.48,33.26],[53.75,33.01],[50.1,32.69],[48.97,32.3],[48.63,32.04],[48.6,31.79],[48.68,31.79],[48.65,31.01],[48.89,30.5],[49.03,30.44],[49.02,30.31],[48.94,30.31],[48.99,30.05],[48.37,29.92],[48.4,29.6],[47.87,29.54],[47.85,29.41],[48.08,29.41],[48.22,29.28],[48.19,29.09],[48.46,28.77],[48.56,28.32],[48.97,27.93],[48.87,27.67],[49.24,27.61],[49.36,27.29],[50.13,26.77],[50.12,26.58],[50.25,26.45],[50.22,26.13],[50.07,26.07],[50.21,26.0],[50.33,25.62],[50.61,25.42],[50.65,25.1],[50.73,25.1],[50.77,25.55],[50.92,25.62],[50.95,25.94],[51.12,26.13],[51.42,26.13],[51.7,25.87],[51.57,25.36],[51.72,25.29],[51.69,24.97],[51.52,24.78],[51.41,24.33],[51.85,24.26],[51.91,24.01],[52.28,24.01],[52.6,24.26],[53.11,24.14],[54.08,24.14],[54.1,24.33],[54.32,24.26],[54.56,24.46],[54.74,24.84],[55.14,25.1],[55.41,25.55],[55.97,25.87],[56.17,26.32],[56.48,26.39],[56.54,26.32],[56.39,25.55],[56.46,25.55],[56.42,25.16],[56.5,25.16],[56.4,24.97],[56.54,24.91],[56.79,24.33],[57.49,23.88],[58.81,23.62],[59.08,23.3],[59.07,23.17],[59.28,23.04],[59.27,22.91],[59.54,22.66],[59.9,22.53],[59.86,22.08],[59.44,21.44],[58.8,20.92],[58.61,20.41],[58.31,20.34],[58.25,20.54],[58.1,20.54],[57.93,20.28],[57.79,19.51],[57.92,19.25],[57.82,18.93],[57.0,18.8],[56.75,18.54],[56.64,18.09],[56.41,17.9],[55.59,17.84],[55.35,17.58],[55.31,17.13],[55.16,17.0],[54.2,17.0],[53.59,16.68],[53.22,16.68],[53.13,16.55],[52.38,16.29],[52.26,15.59],[52.1,15.46],[51.88,15.46],[51.27,15.14],[50.76,15.07],[50.45,14.88],[49.48,14.69],[49.41,14.69],[49.12,14.81],[48.03,14.94],[47.59,15.07],[47.53,15.2],[46.51,15.33],[46.15,15.52],[46.38,15.71],[46.4,15.97],[46.18,15.97],[46.02,15.84],[45.21,15.91],[45.23,16.1],[44.67,16.68],[44.55,17.13],[44.34,17.32],[44.35,17.58],[44.08,17.96],[44.09,18.16],[43.89,18.54],[43.51,18.22],[42.98,18.03],[42.66,17.71],[42.21,17.51],[42.14,17.51],[41.58,18.09],[41.45,18.48],[41.24,18.61],[41.25,18.86],[41.04,19.12],[40.99,19.44],[40.84,19.51],[40.85,19.7],[40.56,19.83],[40.14,20.28],[39.84,20.28],[39.35,20.79],[39.15,21.18],[39.17,21.63],[39.03,21.76],[39.14,22.53],[38.86,22.85],[38.87,23.04],[38.6,23.62],[38.03,24.14],[37.44,24.33],[37.39,24.65],[37.17,24.78],[37.18,24.91],[37.33,24.97],[37.27,25.23],[36.77,25.68],[36.72,26.0],[36.43,26.19],[36.16,26.77],[35.67,27.29],[35.61,27.54],[35.47,27.61],[35.41,27.87],[35.2,28.06],[35.04,28.06],[35.05,28.12],[35.48,28.89],[35.79,29.99],[36.39,30.82],[36.76,31.59],[36.92,31.66],[37.19,32.11],[38.36,33.07],[38.55,33.46],[39.4,34.16],[40.04,35.07],[40.02,35.52],[39.7,36.1],[38.13,36.61],[37.2,36.61],[36.91,36.8],[36.29,36.8],[36.21,36.8],[36.14,36.93],[35.83,36.93],[35.49,36.61],[35.33,36.61],[35.11,36.74],[34.95,36.67],[34.89,36.87],[34.74,36.87],[34.66,36.87],[34.78,37.25],[35.03,37.45],[35.35,37.51],[35.43,37.51],[35.82,37.51],[36.15,37.71],[36.46,38.29],[36.61,38.22],[36.79,38.48],[37.13,38.67],[37.07,38.8],[37.31,38.87],[37.43,39.19],[37.68,39.26],[38.15,39.84],[38.16,39.9],[38.3,39.77],[38.84,39.71],[39.59,39.97],[40.3,40.48],[40.53,40.42],[40.59,40.29],[41.75,40.16],[41.63,39.9],[42.57,39.84],[42.56,39.77],[42.86,39.71],[42.92,39.58]]],[[[36.98,38.74],[37.06,38.74],[37.05,38.67],[36.97,38.67],[36.98,38.74]]],[[[46.3,42.04],[46.35,41.91],[46.74,41.85],[47.27,41.33],[47.72,41.2],[47.84,41.0],[47.72,40.81],[47.24,40.74],[46.8,40.94],[46.32,40.94],[46.06,40.81],[45.82,40.36],[45.46,40.55],[45.6,40.87],[45.3,41.0],[45.11,41.26],[43.58,41.13],[43.19,41.2],[42.86,41.59],[43.05,41.72],[42.98,42.24],[43.42,42.89],[43.66,42.89],[43.85,42.63],[44.36,42.76],[44.74,42.69],[44.82,42.69],[45.23,42.69],[45.73,42.43],[45.72,42.37],[45.75,42.11],[46.3,42.04]]],[[[48.28,41.59],[48.2,41.59],[48.12,41.59],[48.17,41.85],[48.09,41.85],[48.2,41.98],[48.28,41.98],[48.27,41.91],[48.34,41.91],[48.48,41.78],[48.28,41.59]]]]},"properties":{"id":"territory:Abbasid Caliphate:886","name":"아바스 칼리프국","name_en":"Abbasid Caliphate","actor":"기타중립","valid_from":886,"valid_to":892,"wikidata":"Q12536","area":4399916,"src":"cliopatria","confidence":"medium"}},{"type":"Feature","geometry":{"type":"Point","coordinates":[47.859,28.769]},"properties":{"id":"territory:Abbasid Caliphate:886:label","name":"아바스 칼리프국","name_en":"Abbasid Caliphate","actor":"기타중립","valid_from":886,"valid_to":892,"wikidata":"Q12536","area":4399916,"src":"cliopatria","confidence":"medium"}},{"type":"Feature","geometry":{"type":"MultiPolygon","coordinates":[[[[59.0,20.66],[58.98,20.41],[58.82,20.21],[58.67,20.21],[58.77,20.54],[58.77,20.6],[59.0,20.66]]],[[[50.43,25.94],[50.46,26.26],[50.69,26.26],[50.67,26.13],[50.67,26.07],[50.65,25.87],[50.43,25.94]]],[[[42.92,39.58],[42.58,39.38],[42.47,39.19],[42.23,39.19],[42.07,38.67],[42.49,38.29],[42.64,38.29],[42.62,38.16],[43.09,38.16],[43.06,37.96],[42.9,37.9],[42.7,37.58],[43.79,37.58],[44.35,37.71],[44.63,37.96],[44.96,38.09],[44.98,38.22],[44.45,38.35],[44.49,38.55],[44.58,38.67],[44.9,38.67],[45.11,39.0],[45.34,39.0],[45.37,39.13],[44.87,39.45],[44.83,39.71],[44.55,39.9],[44.66,40.1],[45.33,39.84],[45.79,39.32],[45.95,39.32],[46.22,39.06],[46.26,38.87],[46.67,38.93],[46.86,39.58],[46.64,39.64],[46.6,39.9],[46.34,40.16],[46.45,40.36],[46.87,40.48],[46.94,40.42],[46.8,40.1],[47.0,39.9],[47.31,39.9],[47.41,39.58],[47.9,39.64],[48.09,39.84],[48.72,39.84],[48.78,39.71],[49.0,39.64],[49.03,39.38],[49.18,39.32],[49.16,39.26],[48.92,39.19],[48.8,39.0],[48.76,38.35],[48.84,38.35],[48.88,37.71],[49.09,37.51],[49.39,37.45],[49.46,37.45],[49.54,37.45],[50.0,37.38],[50.32,37.0],[50.57,37.06],[50.63,37.0],[50.53,36.87],[50.82,36.74],[51.64,36.55],[52.59,36.61],[53.49,36.87],[54.03,36.87],[54.09,37.19],[53.91,37.45],[53.91,37.84],[53.83,37.84],[53.99,39.0],[53.52,39.38],[53.14,39.45],[53.54,39.51],[53.5,40.03],[52.79,40.03],[52.78,40.36],[52.7,40.36],[52.89,40.87],[52.97,40.87],[52.94,40.74],[53.34,40.74],[53.45,40.87],[53.4,40.68],[54.37,40.74],[54.39,40.81],[56.83,40.74],[57.46,41.39],[57.56,41.78],[57.96,42.37],[58.05,43.02],[58.34,43.47],[58.42,43.47],[58.63,43.67],[59.12,43.41],[60.37,43.54],[60.39,43.34],[60.72,43.08],[60.7,43.02],[61.01,42.69],[61.17,42.69],[61.4,42.37],[61.56,42.37],[61.78,42.04],[61.94,42.04],[62.19,41.78],[62.15,41.65],[62.35,41.52],[62.32,41.39],[62.46,41.33],[62.39,41.07],[62.53,41.0],[62.3,40.74],[62.4,40.55],[62.33,40.29],[62.47,40.23],[62.5,40.03],[62.58,40.03],[62.55,39.9],[62.69,39.84],[62.64,39.64],[62.95,39.32],[63.25,39.26],[63.42,39.0],[63.84,38.8],[64.01,38.55],[64.37,38.42],[64.66,38.03],[64.82,38.03],[64.79,37.9],[65.03,37.64],[65.32,37.51],[65.71,37.51],[65.56,37.25],[65.39,37.19],[63.59,37.13],[63.6,37.19],[63.52,37.19],[63.51,37.13],[61.8,36.8],[60.94,36.8],[60.37,36.67],[58.51,36.67],[57.83,36.42],[57.72,36.22],[57.46,36.1],[57.12,35.58],[56.96,35.52],[56.55,35.0],[56.5,34.74],[55.97,34.36],[55.67,33.97],[55.18,33.78],[54.48,33.26],[53.75,33.01],[50.1,32.69],[48.97,32.3],[48.63,32.04],[48.6,31.79],[48.68,31.79],[48.65,31.01],[48.89,30.5],[49.03,30.44],[49.02,30.31],[48.94,30.31],[48.99,30.05],[48.37,29.92],[48.4,29.6],[47.87,29.54],[47.85,29.41],[48.08,29.41],[48.22,29.28],[48.19,29.09],[48.46,28.77],[48.56,28.32],[48.97,27.93],[48.87,27.67],[49.24,27.61],[49.36,27.29],[50.13,26.77],[50.12,26.58],[50.25,26.45],[50.22,26.13],[50.07,26.07],[50.21,26.0],[50.33,25.62],[50.61,25.42],[50.65,25.1],[50.73,25.1],[50.77,25.55],[50.92,25.62],[50.95,25.94],[51.12,26.13],[51.42,26.13],[51.7,25.87],[51.57,25.36],[51.72,25.29],[51.69,24.97],[51.52,24.78],[51.41,24.33],[51.85,24.26],[51.91,24.01],[52.28,24.01],[52.6,24.26],[53.11,24.14],[54.08,24.14],[54.1,24.33],[54.32,24.26],[54.56,24.46],[54.74,24.84],[55.14,25.1],[55.41,25.55],[55.97,25.87],[56.17,26.32],[56.48,26.39],[56.54,26.32],[56.39,25.55],[56.46,25.55],[56.42,25.16],[56.5,25.16],[56.4,24.97],[56.54,24.91],[56.79,24.33],[57.49,23.88],[58.81,23.62],[59.08,23.3],[59.07,23.17],[59.28,23.04],[59.27,22.91],[59.54,22.66],[59.9,22.53],[59.86,22.08],[59.44,21.44],[58.8,20.92],[58.61,20.41],[58.31,20.34],[58.25,20.54],[58.1,20.54],[57.93,20.28],[57.79,19.51],[57.92,19.25],[57.82,18.93],[57.0,18.8],[56.75,18.54],[56.64,18.09],[56.41,17.9],[55.59,17.84],[55.35,17.58],[55.31,17.13],[55.16,17.0],[54.2,17.0],[53.59,16.68],[53.22,16.68],[53.13,16.55],[52.38,16.29],[52.26,15.59],[52.1,15.46],[51.88,15.46],[51.27,15.14],[50.76,15.07],[50.45,14.88],[49.48,14.69],[49.41,14.69],[49.12,14.81],[48.03,14.94],[47.59,15.07],[47.53,15.2],[46.51,15.33],[46.15,15.52],[46.38,15.71],[46.4,15.97],[46.18,15.97],[46.02,15.84],[45.21,15.91],[45.23,16.1],[44.67,16.68],[44.55,17.13],[44.34,17.32],[44.35,17.58],[44.08,17.96],[44.09,18.16],[43.89,18.54],[43.51,18.22],[42.98,18.03],[42.66,17.71],[42.21,17.51],[42.14,17.51],[41.58,18.09],[41.45,18.48],[41.24,18.61],[41.25,18.86],[41.04,19.12],[40.99,19.44],[40.84,19.51],[40.85,19.7],[40.56,19.83],[40.14,20.28],[39.84,20.28],[39.35,20.79],[39.15,21.18],[39.17,21.63],[39.03,21.76],[39.14,22.53],[38.86,22.85],[38.87,23.04],[38.6,23.62],[38.03,24.14],[37.44,24.33],[37.39,24.65],[37.17,24.78],[37.18,24.91],[37.33,24.97],[37.27,25.23],[36.77,25.68],[36.72,26.0],[36.43,26.19],[36.16,26.77],[35.67,27.29],[35.61,27.54],[35.47,27.61],[35.41,27.87],[35.2,28.06],[35.04,28.06],[35.05,28.12],[35.48,28.89],[35.79,29.99],[36.39,30.82],[36.76,31.59],[36.92,31.66],[37.19,32.11],[38.36,33.07],[38.55,33.46],[39.4,34.16],[40.04,35.07],[40.02,35.52],[39.7,36.1],[38.13,36.61],[37.2,36.61],[36.91,36.8],[36.29,36.8],[36.21,36.8],[36.14,36.93],[35.83,36.93],[35.49,36.61],[35.33,36.61],[35.11,36.74],[34.95,36.67],[34.89,36.87],[34.74,36.87],[34.66,36.87],[34.78,37.25],[35.03,37.45],[35.35,37.51],[35.43,37.51],[35.82,37.51],[36.15,37.71],[36.46,38.29],[36.61,38.22],[36.79,38.48],[37.13,38.67],[37.07,38.8],[37.31,38.87],[37.43,39.19],[37.68,39.26],[38.15,39.84],[38.16,39.9],[38.3,39.77],[38.84,39.71],[39.59,39.97],[40.3,40.48],[40.53,40.42],[40.59,40.29],[41.75,40.16],[41.63,39.9],[42.57,39.84],[42.56,39.77],[42.86,39.71],[42.92,39.58]]],[[[36.97,38.67],[36.98,38.74],[37.06,38.74],[37.05,38.67],[36.97,38.67]]],[[[48.28,41.59],[48.2,41.59],[48.12,41.59],[48.17,41.85],[48.09,41.85],[48.2,41.98],[48.28,41.98],[48.27,41.91],[48.34,41.91],[48.48,41.78],[48.28,41.59]]]]},"properties":{"id":"territory:Abbasid Caliphate:892","name":"아바스 칼리프국","name_en":"Abbasid Caliphate","actor":"기타중립","valid_from":892,"valid_to":896,"wikidata":"Q12536","area":4385194,"src":"cliopatria","confidence":"medium"}},{"type":"Feature","geometry":{"type":"Point","coordinates":[47.898,28.849]},"properties":{"id":"territory:Abbasid Caliphate:892:label","name":"아바스 칼리프국","name_en":"Abbasid Caliphate","actor":"기타중립","valid_from":892,"valid_to":896,"wikidata":"Q12536","area":4385194,"src":"cliopatria","confidence":"medium"}},{"type":"Feature","geometry":{"type":"MultiPolygon","coordinates":[[[[59.0,20.66],[58.98,20.41],[58.82,20.21],[58.67,20.21],[58.77,20.54],[58.77,20.6],[59.0,20.66]]],[[[50.65,25.87],[50.43,25.94],[50.46,26.26],[50.69,26.26],[50.67,26.13],[50.67,26.07],[50.65,25.87]]],[[[61.01,42.69],[61.17,42.69],[61.4,42.37],[61.56,42.37],[61.78,42.04],[61.94,42.04],[62.19,41.78],[62.15,41.65],[62.35,41.52],[62.32,41.39],[62.46,41.33],[62.39,41.07],[62.53,41.0],[62.3,40.74],[62.4,40.55],[62.33,40.29],[62.47,40.23],[62.5,40.03],[62.58,40.03],[62.55,39.9],[62.69,39.84],[62.64,39.64],[62.89,39.38],[63.04,39.38],[63.21,39.13],[63.37,39.13],[63.48,38.93],[63.37,38.8],[62.69,38.61],[61.86,39.06],[61.47,39.06],[60.27,38.67],[59.04,37.71],[58.0,36.48],[57.46,36.1],[57.12,35.58],[56.96,35.52],[56.55,35.0],[56.5,34.74],[55.97,34.36],[55.85,34.1],[55.18,33.78],[54.48,33.26],[53.75,33.01],[50.1,32.69],[48.97,32.3],[48.63,32.04],[48.6,31.79],[48.68,31.79],[48.65,31.01],[48.89,30.5],[49.03,30.44],[49.02,30.31],[48.94,30.31],[48.99,30.05],[48.37,29.92],[48.4,29.6],[47.87,29.54],[47.85,29.41],[48.08,29.41],[48.22,29.28],[48.19,29.09],[48.46,28.77],[48.56,28.32],[48.97,27.93],[48.87,27.67],[49.24,27.61],[49.36,27.29],[50.13,26.77],[50.12,26.58],[50.25,26.45],[50.22,26.13],[50.07,26.07],[50.21,26.0],[50.33,25.62],[50.61,25.42],[50.65,25.1],[50.73,25.1],[50.77,25.55],[50.92,25.62],[50.95,25.94],[51.12,26.13],[51.42,26.13],[51.7,25.87],[51.57,25.36],[51.72,25.29],[51.69,24.97],[51.52,24.78],[51.41,24.33],[51.85,24.26],[51.91,24.01],[52.28,24.01],[52.6,24.26],[53.11,24.14],[54.08,24.14],[54.1,24.33],[54.32,24.26],[54.56,24.46],[54.74,24.84],[55.14,25.1],[55.41,25.55],[55.97,25.87],[56.17,26.32],[56.48,26.39],[56.54,26.32],[56.39,25.55],[56.46,25.55],[56.42,25.16],[56.5,25.16],[56.4,24.97],[56.54,24.91],[56.79,24.33],[57.49,23.88],[58.81,23.62],[59.08,23.3],[59.07,23.17],[59.28,23.04],[59.27,22.91],[59.54,22.66],[59.9,22.53],[59.86,22.08],[59.44,21.44],[58.8,20.92],[58.61,20.41],[58.31,20.34],[58.25,20.54],[58.1,20.54],[57.93,20.28],[57.79,19.51],[57.92,19.25],[57.82,18.93],[57.0,18.8],[56.75,18.54],[56.64,18.09],[56.41,17.9],[55.59,17.84],[55.35,17.58],[55.31,17.13],[55.16,17.0],[54.2,17.0],[53.59,16.68],[53.22,16.68],[53.13,16.55],[52.38,16.29],[52.26,15.59],[52.1,15.46],[51.88,15.46],[51.27,15.14],[50.76,15.07],[50.45,14.88],[49.48,14.69],[49.41,14.69],[49.12,14.81],[48.03,14.94],[47.59,15.07],[47.53,15.2],[46.51,15.33],[46.15,15.52],[46.38,15.71],[46.4,15.97],[46.18,15.97],[46.02,15.84],[45.21,15.91],[45.23,16.1],[44.67,16.68],[44.55,17.13],[44.34,17.32],[44.35,17.58],[44.08,17.96],[44.09,18.16],[43.89,18.54],[43.51,18.22],[42.98,18.03],[42.66,17.71],[42.21,17.51],[42.14,17.51],[41.58,18.09],[41.45,18.48],[41.24,18.61],[41.25,18.86],[41.04,19.12],[40.99,19.44],[40.84,19.51],[40.85,19.7],[40.56,19.83],[40.14,20.28],[39.84,20.28],[39.35,20.79],[39.15,21.18],[39.17,21.63],[39.03,21.76],[39.14,22.53],[38.86,22.85],[38.87,23.04],[38.6,23.62],[38.03,24.14],[37.44,24.33],[37.39,24.65],[37.17,24.78],[37.18,24.91],[37.33,24.97],[37.27,25.23],[36.77,25.68],[36.72,26.0],[36.43,26.19],[36.16,26.77],[35.67,27.29],[35.61,27.54],[35.47,27.61],[35.41,27.87],[35.2,28.06],[35.04,28.06],[35.05,28.12],[35.48,28.89],[35.79,29.99],[36.39,30.82],[36.76,31.59],[36.92,31.66],[37.19,32.11],[38.36,33.07],[38.55,33.46],[39.4,34.16],[40.04,35.07],[40.02,35.52],[39.7,36.1],[38.13,36.61],[37.2,36.61],[36.91,36.8],[36.29,36.8],[36.21,36.8],[36.14,36.93],[35.83,36.93],[35.49,36.61],[35.33,36.61],[35.11,36.74],[34.95,36.67],[34.89,36.87],[34.74,36.87],[34.66,36.87],[34.78,37.25],[35.03,37.45],[35.35,37.51],[35.43,37.51],[35.82,37.51],[36.15,37.71],[36.46,38.29],[36.61,38.22],[36.79,38.48],[37.13,38.67],[37.07,38.8],[37.31,38.87],[37.43,39.19],[37.68,39.26],[38.15,39.84],[38.16,39.9],[38.3,39.77],[38.84,39.71],[39.59,39.97],[40.3,40.48],[40.53,40.42],[40.59,40.29],[41.75,40.16],[41.63,39.9],[42.57,39.84],[42.55,39.71],[42.93,39.64],[42.47,39.19],[42.23,39.19],[42.07,38.67],[42.49,38.29],[42.64,38.29],[42.62,38.16],[43.09,38.16],[43.06,37.96],[42.9,37.9],[42.7,37.58],[43.79,37.58],[44.52,37.77],[44.63,37.45],[44.77,37.38],[44.8,37.06],[45.25,36.93],[45.45,37.19],[45.29,37.19],[45.25,37.45],[45.17,37.45],[45.22,37.77],[45.63,37.9],[45.85,38.29],[46.12,38.48],[47.25,38.67],[47.82,38.35],[48.76,38.35],[48.84,38.35],[48.88,37.71],[49.09,37.51],[49.39,37.45],[49.46,37.45],[49.16,37.06],[49.19,36.74],[50.36,36.29],[50.41,36.16],[50.81,36.22],[50.94,36.1],[51.18,36.1],[51.38,35.9],[51.97,35.77],[52.03,35.64],[52.34,35.64],[52.53,35.84],[52.81,35.71],[54.01,35.9],[54.22,36.22],[54.08,36.29],[54.0,36.67],[53.92,36.67],[53.96,36.87],[54.03,36.87],[54.09,37.19],[53.91,37.45],[53.91,37.84],[53.83,37.84],[53.99,39.0],[53.52,39.38],[53.14,39.45],[53.54,39.51],[53.5,40.03],[52.79,40.03],[52.78,40.36],[52.7,40.36],[52.89,40.87],[52.97,40.87],[52.94,40.74],[53.34,40.74],[53.45,40.87],[53.4,40.68],[54.37,40.74],[54.39,40.81],[56.83,40.74],[57.46,41.39],[57.56,41.78],[57.96,42.37],[58.05,43.02],[58.34,43.47],[58.42,43.47],[58.63,43.67],[59.12,43.41],[60.37,43.54],[60.39,43.34],[60.72,43.08],[60.7,43.02],[61.01,42.69]]],[[[36.97,38.67],[36.98,38.74],[37.06,38.74],[37.05,38.67],[36.97,38.67]]]]},"properties":{"id":"territory:Abbasid Caliphate:898","name":"아바스 칼리프국","name_en":"Abbasid Caliphate","actor":"기타중립","valid_from":898,"valid_to":899,"wikidata":"Q12536","area":4181009,"src":"cliopatria","confidence":"medium"}},{"type":"Feature","geometry":{"type":"Point","coordinates":[47.489,28.367]},"properties":{"id":"territory:Abbasid Caliphate:898:label","name":"아바스 칼리프국","name_en":"Abbasid Caliphate","actor":"기타중립","valid_from":898,"valid_to":899,"wikidata":"Q12536","area":4181009,"src":"cliopatria","confidence":"medium"}},{"type":"Feature","geometry":{"type":"MultiPolygon","coordinates":[[[[60.76,42.95],[61.01,42.69],[61.17,42.69],[61.4,42.37],[61.56,42.37],[61.78,42.04],[61.94,42.04],[62.19,41.78],[62.15,41.65],[62.35,41.52],[62.32,41.39],[62.46,41.33],[62.39,41.07],[62.53,41.0],[62.3,40.74],[62.4,40.55],[62.33,40.29],[62.47,40.23],[62.5,40.03],[62.58,40.03],[62.55,39.9],[62.69,39.84],[62.64,39.64],[62.89,39.38],[63.04,39.38],[63.21,39.13],[63.37,39.13],[63.48,38.93],[63.37,38.8],[62.69,38.61],[61.86,39.06],[61.47,39.06],[60.27,38.67],[58.84,37.51],[58.0,36.48],[57.46,36.1],[57.12,35.58],[56.96,35.52],[56.55,35.0],[56.5,34.74],[54.14,32.62],[53.97,31.46],[54.04,31.46],[53.98,31.01],[54.17,30.76],[54.13,30.5],[54.27,30.44],[54.32,30.24],[54.47,30.24],[54.57,29.86],[54.86,29.73],[54.9,29.47],[55.47,29.22],[55.54,28.64],[55.88,28.32],[55.76,27.99],[55.99,27.99],[56.19,27.8],[56.34,27.8],[56.47,27.61],[56.62,27.61],[56.81,27.29],[56.71,27.16],[56.64,27.16],[56.19,27.16],[56.1,27.03],[56.32,27.03],[56.31,26.9],[56.06,26.71],[55.6,26.64],[55.44,26.52],[55.29,26.52],[55.31,26.71],[55.54,26.77],[55.24,26.77],[54.83,26.45],[54.46,26.52],[54.26,26.71],[53.66,26.71],[53.46,26.97],[52.74,27.22],[52.48,27.61],[52.05,27.8],[51.6,27.8],[51.32,27.99],[51.33,28.12],[51.07,28.44],[51.03,28.77],[50.81,28.83],[50.92,29.09],[50.62,29.15],[50.65,29.41],[50.24,29.73],[50.06,30.18],[49.59,29.99],[48.94,30.31],[48.99,30.05],[48.9,29.99],[48.37,29.92],[48.4,29.6],[47.94,29.54],[47.87,29.54],[47.65,29.6],[47.53,29.28],[48.01,28.83],[48.13,28.51],[48.06,28.51],[47.68,28.51],[47.4,28.77],[47.25,28.77],[46.98,29.09],[46.76,29.09],[46.85,29.22],[46.7,29.22],[46.71,29.34],[46.55,29.28],[46.57,29.41],[46.36,29.6],[46.21,29.6],[46.01,29.86],[45.86,29.86],[45.09,30.5],[44.52,30.76],[44.28,30.69],[43.84,30.82],[43.23,30.82],[43.06,30.69],[42.84,30.76],[42.75,30.63],[42.61,30.69],[41.9,30.44],[41.17,29.99],[41.07,29.73],[40.91,29.67],[40.73,29.28],[40.57,29.22],[40.31,28.83],[40.37,28.64],[40.22,28.64],[39.87,28.12],[39.7,26.84],[39.77,26.84],[39.76,26.64],[39.91,26.64],[39.82,26.45],[39.9,26.45],[39.88,26.26],[40.03,26.26],[39.94,26.0],[40.1,26.07],[40.13,25.49],[40.43,25.42],[40.34,25.29],[40.48,25.04],[40.62,24.97],[41.16,23.94],[41.51,23.56],[41.49,23.36],[41.76,22.85],[41.91,22.79],[42.24,22.08],[42.39,22.01],[42.58,21.56],[42.87,21.31],[42.93,21.05],[43.98,20.02],[43.97,19.89],[44.47,19.51],[44.46,19.31],[44.23,19.25],[44.28,18.8],[43.9,18.74],[43.9,18.61],[43.89,18.54],[43.51,18.22],[42.98,18.03],[42.66,17.71],[42.21,17.51],[42.14,17.51],[41.58,18.09],[41.45,18.48],[41.24,18.61],[41.25,18.86],[41.04,19.12],[40.99,19.44],[40.84,19.51],[40.85,19.7],[40.56,19.83],[40.14,20.28],[39.84,20.28],[39.35,20.79],[39.15,21.18],[39.17,21.63],[39.03,21.76],[39.14,22.53],[38.86,22.85],[38.87,23.04],[38.6,23.62],[38.03,24.14],[37.44,24.33],[37.39,24.65],[37.17,24.78],[37.18,24.91],[37.33,24.97],[37.27,25.23],[36.77,25.68],[36.72,26.0],[36.43,26.19],[36.16,26.77],[35.67,27.29],[35.61,27.54],[35.47,27.61],[35.41,27.87],[35.2,28.06],[35.04,28.06],[35.05,28.12],[35.48,28.89],[35.79,29.99],[36.39,30.82],[36.76,31.59],[36.92,31.66],[37.19,32.11],[38.36,33.07],[38.55,33.46],[39.4,34.16],[40.04,35.07],[40.02,35.52],[39.7,36.1],[38.13,36.61],[37.2,36.61],[36.91,36.8],[36.29,36.8],[36.21,36.8],[36.14,36.93],[35.83,36.93],[35.49,36.61],[35.33,36.61],[35.11,36.74],[34.95,36.67],[34.89,36.87],[34.74,36.87],[34.66,36.87],[34.78,37.25],[35.03,37.45],[35.35,37.51],[35.43,37.51],[35.82,37.51],[36.15,37.71],[36.46,38.29],[36.61,38.22],[36.79,38.48],[37.13,38.67],[37.07,38.8],[37.31,38.87],[37.43,39.19],[37.68,39.26],[38.15,39.84],[38.16,39.9],[38.3,39.77],[38.84,39.71],[39.59,39.97],[40.3,40.48],[40.53,40.42],[40.59,40.29],[41.75,40.16],[41.63,39.9],[42.57,39.84],[42.55,39.71],[42.93,39.64],[42.47,39.19],[42.23,39.19],[42.07,38.67],[42.49,38.29],[42.64,38.29],[42.62,38.16],[43.09,38.16],[43.06,37.96],[42.9,37.9],[42.7,37.58],[43.79,37.58],[44.52,37.77],[44.63,37.45],[44.77,37.38],[44.8,37.06],[45.25,36.93],[45.45,37.19],[45.29,37.19],[45.25,37.45],[45.17,37.45],[45.22,37.77],[45.63,37.9],[45.85,38.29],[46.12,38.48],[47.25,38.67],[47.82,38.35],[48.76,38.35],[48.84,38.35],[48.88,37.71],[49.09,37.51],[49.39,37.45],[49.46,37.45],[49.16,37.06],[49.19,36.74],[50.36,36.29],[50.41,36.16],[50.81,36.22],[50.94,36.1],[51.18,36.1],[51.38,35.9],[51.97,35.77],[52.03,35.64],[52.34,35.64],[52.53,35.84],[52.81,35.71],[54.01,35.9],[54.22,36.22],[54.08,36.29],[54.0,36.67],[53.92,36.67],[53.96,36.87],[54.03,36.87],[54.09,37.19],[53.91,37.45],[53.91,37.84],[53.83,37.84],[53.99,39.0],[53.52,39.38],[53.14,39.45],[53.54,39.51],[53.5,40.03],[52.79,40.03],[52.78,40.36],[52.7,40.36],[52.89,40.87],[52.97,40.87],[52.94,40.74],[53.34,40.74],[53.45,40.87],[53.4,40.68],[54.37,40.74],[54.39,40.81],[56.83,40.74],[57.46,41.39],[57.56,41.78],[57.96,42.37],[58.05,43.02],[58.34,43.47],[58.42,43.47],[58.63,43.67],[59.12,43.41],[60.37,43.54],[60.39,43.34],[60.78,43.02],[60.76,42.95]]],[[[37.05,38.67],[36.97,38.67],[36.98,38.74],[37.06,38.74],[37.05,38.67]]]]},"properties":{"id":"territory:Abbasid Caliphate:899","name":"아바스 칼리프국","name_en":"Abbasid Caliphate","actor":"기타중립","valid_from":899,"valid_to":900,"wikidata":"Q12536","area":2448522,"src":"cliopatria","confidence":"medium"}},{"type":"Feature","geometry":{"type":"Point","coordinates":[47.122,33.036]},"properties":{"id":"territory:Abbasid Caliphate:899:label","name":"아바스 칼리프국","name_en":"Abbasid Caliphate","actor":"기타중립","valid_from":899,"valid_to":900,"wikidata":"Q12536","area":2448522,"src":"cliopatria","confidence":"medium"}},{"type":"Feature","geometry":{"type":"Polygon","coordinates":[[[66.63,24.84],[66.68,25.23],[66.35,25.55],[66.02,25.36],[64.82,25.29],[64.8,25.16],[64.28,25.23],[64.23,25.36],[63.63,25.36],[63.54,25.23],[62.56,25.23],[62.47,25.1],[62.18,25.16],[62.02,25.04],[61.72,25.04],[61.66,25.16],[61.13,25.1],[60.92,25.23],[60.62,25.23],[60.63,25.36],[59.06,25.36],[58.78,25.55],[57.96,25.55],[57.74,25.62],[57.68,25.74],[57.38,25.74],[57.18,25.94],[57.05,26.84],[56.71,27.16],[56.19,27.16],[56.1,27.03],[56.32,27.03],[56.31,26.9],[56.06,26.71],[55.6,26.64],[55.44,26.52],[55.29,26.52],[55.31,26.71],[55.54,26.77],[55.24,26.77],[54.83,26.45],[54.46,26.52],[54.26,26.71],[53.66,26.71],[53.46,26.97],[52.74,27.22],[52.48,27.61],[52.05,27.8],[51.6,27.8],[51.32,27.99],[51.33,28.12],[51.07,28.44],[51.03,28.77],[50.81,28.83],[50.92,29.09],[50.62,29.15],[50.65,29.41],[50.24,29.73],[50.06,30.18],[49.59,29.99],[49.45,30.12],[49.22,30.12],[49.09,30.31],[49.02,30.31],[49.03,30.44],[48.89,30.5],[48.65,31.01],[48.68,31.79],[48.6,31.79],[48.63,32.04],[48.97,32.3],[50.1,32.69],[53.75,33.01],[54.48,33.26],[55.18,33.78],[55.85,34.1],[55.97,34.36],[56.5,34.74],[56.55,35.0],[56.96,35.52],[57.12,35.58],[57.46,36.1],[58.0,36.48],[59.04,37.71],[60.27,38.67],[61.47,39.06],[61.86,39.06],[62.69,38.61],[63.37,38.8],[63.48,38.93],[63.98,39.06],[64.19,39.26],[64.79,39.45],[64.92,39.64],[65.33,39.71],[65.98,40.03],[66.57,40.16],[67.18,40.1],[67.55,40.29],[67.87,40.29],[68.07,40.16],[68.6,40.1],[68.72,39.97],[69.26,39.9],[69.67,39.97],[69.87,39.84],[70.64,39.77],[72.14,39.77],[72.23,39.58],[72.39,39.58],[72.49,39.38],[72.9,39.19],[72.88,39.13],[72.02,38.61],[71.79,38.35],[71.52,37.64],[71.59,37.64],[71.44,37.06],[71.51,37.06],[71.52,36.8],[71.82,36.74],[73.43,37.51],[73.74,37.51],[73.77,37.32],[74.19,37.45],[74.74,37.45],[74.86,37.32],[75.11,37.38],[75.23,37.25],[75.23,37.0],[75.39,37.0],[75.49,36.8],[75.72,36.8],[75.98,36.61],[75.99,36.1],[76.17,35.9],[76.58,35.97],[76.62,35.84],[76.6,35.77],[75.32,35.32],[74.76,35.26],[74.68,35.26],[74.61,35.58],[73.44,35.52],[73.39,35.32],[73.04,35.19],[73.02,34.81],[72.46,34.1],[71.96,33.91],[71.53,33.39],[71.48,33.2],[71.59,33.01],[71.23,32.75],[71.17,32.49],[70.85,32.04],[70.58,29.95],[70.56,29.95],[70.28,29.95],[70.0,29.81],[69.64,29.36],[68.69,29.19],[68.13,29.39],[67.64,29.28],[67.52,29.12],[67.5,28.37],[67.17,27.45],[67.16,26.1],[67.03,25.55],[66.67,25.03],[66.67,24.86],[66.66,24.84],[66.63,24.84]]]},"properties":{"id":"territory:Saffarid Dynasty:898","name":"사파르 왕조","name_en":"Saffarid Dynasty","actor":"기타중립","valid_from":898,"valid_to":899,"wikidata":"Q45310","area":2436281,"src":"cliopatria","confidence":"medium"}},{"type":"Feature","geometry":{"type":"Point","coordinates":[62.519,32.469]},"properties":{"id":"territory:Saffarid Dynasty:898:label","name":"사파르 왕조","name_en":"Saffarid Dynasty","actor":"기타중립","valid_from":898,"valid_to":899,"wikidata":"Q45310","area":2436281,"src":"cliopatria","confidence":"medium"}},{"type":"Feature","geometry":{"type":"Polygon","coordinates":[[[66.63,24.84],[66.68,25.23],[66.35,25.55],[66.02,25.36],[64.82,25.29],[64.8,25.16],[64.28,25.23],[64.23,25.36],[63.63,25.36],[63.54,25.23],[62.56,25.23],[62.47,25.1],[62.18,25.16],[62.02,25.04],[61.72,25.04],[61.66,25.16],[61.13,25.1],[60.92,25.23],[60.62,25.23],[60.63,25.36],[59.06,25.36],[58.78,25.55],[57.96,25.55],[57.74,25.62],[57.68,25.74],[57.38,25.74],[57.18,25.94],[57.05,26.84],[56.71,27.16],[56.19,27.16],[56.1,27.03],[56.32,27.03],[56.31,26.9],[56.06,26.71],[55.6,26.64],[55.44,26.52],[55.29,26.52],[55.31,26.71],[55.54,26.77],[55.24,26.77],[54.83,26.45],[54.46,26.52],[54.26,26.71],[53.66,26.71],[53.46,26.97],[52.74,27.22],[52.48,27.61],[52.05,27.8],[51.6,27.8],[51.32,27.99],[51.33,28.12],[51.07,28.44],[51.03,28.77],[50.81,28.83],[50.92,29.09],[50.62,29.15],[50.65,29.41],[50.24,29.73],[50.06,30.18],[49.59,29.99],[49.45,30.12],[49.22,30.12],[49.09,30.31],[49.02,30.31],[49.03,30.44],[48.89,30.5],[48.65,31.01],[48.68,31.79],[48.6,31.79],[48.63,32.04],[48.97,32.3],[50.1,32.69],[53.75,33.01],[54.48,33.26],[55.18,33.78],[55.67,33.97],[55.97,34.36],[56.5,34.74],[56.55,35.0],[56.96,35.52],[57.12,35.58],[57.46,36.1],[57.72,36.22],[57.83,36.42],[58.51,36.67],[60.37,36.67],[60.94,36.8],[61.8,36.8],[63.51,37.13],[63.59,37.13],[65.39,37.19],[65.56,37.25],[65.71,37.51],[66.52,37.32],[67.0,37.38],[67.12,37.25],[67.75,37.25],[67.92,37.0],[68.15,37.0],[68.78,37.32],[69.01,37.32],[69.12,37.13],[69.35,37.13],[69.55,37.58],[70.08,37.51],[70.27,37.64],[70.16,37.84],[70.21,38.03],[70.71,38.42],[71.18,38.42],[71.36,38.22],[71.27,37.9],[71.59,37.9],[71.57,37.84],[71.44,37.06],[71.51,37.06],[71.52,36.8],[71.66,36.74],[72.16,36.87],[72.37,37.06],[72.6,37.06],[72.91,37.32],[73.43,37.51],[73.74,37.51],[73.77,37.32],[74.19,37.45],[74.74,37.45],[74.86,37.32],[75.11,37.38],[75.23,37.25],[75.23,37.0],[75.39,37.0],[75.49,36.8],[75.72,36.8],[75.98,36.61],[75.99,36.1],[76.17,35.9],[76.58,35.97],[76.62,35.84],[76.6,35.77],[75.32,35.32],[74.76,35.26],[74.68,35.26],[74.61,35.58],[73.44,35.52],[73.39,35.32],[73.04,35.19],[73.02,34.81],[72.46,34.1],[71.96,33.91],[71.53,33.39],[71.48,33.2],[71.59,33.01],[71.23,32.75],[71.17,32.49],[70.85,32.04],[70.58,29.95],[70.56,29.95],[70.28,29.95],[70.0,29.81],[69.64,29.36],[68.69,29.19],[68.13,29.39],[67.64,29.28],[67.52,29.12],[67.5,28.37],[67.17,27.45],[67.16,26.1],[67.03,25.55],[66.67,25.03],[66.67,24.86],[66.66,24.84],[66.63,24.84]]]},"properties":{"id":"territory:Saffarid Dynasty:886","name":"사파르 왕조","name_en":"Saffarid Dynasty","actor":"기타중립","valid_from":886,"valid_to":896,"wikidata":"Q45310","area":2151829,"src":"cliopatria","confidence":"medium"}},{"type":"Feature","geometry":{"type":"Point","coordinates":[62.057,31.624]},"properties":{"id":"territory:Saffarid Dynasty:886:label","name":"사파르 왕조","name_en":"Saffarid Dynasty","actor":"기타중립","valid_from":886,"valid_to":896,"wikidata":"Q45310","area":2151829,"src":"cliopatria","confidence":"medium"}},{"type":"Feature","geometry":{"type":"Polygon","coordinates":[[[66.63,24.84],[66.68,25.23],[66.35,25.55],[66.02,25.36],[64.82,25.29],[64.8,25.16],[64.28,25.23],[64.23,25.36],[63.63,25.36],[63.54,25.23],[62.56,25.23],[62.47,25.1],[62.18,25.16],[62.02,25.04],[61.72,25.04],[61.66,25.16],[61.13,25.1],[60.92,25.23],[60.62,25.23],[60.63,25.36],[59.06,25.36],[58.78,25.55],[57.96,25.55],[57.74,25.62],[57.68,25.74],[57.38,25.74],[57.18,25.94],[57.05,26.84],[56.71,27.16],[56.19,27.16],[56.1,27.03],[56.32,27.03],[56.31,26.9],[56.06,26.71],[55.6,26.64],[55.44,26.52],[55.29,26.52],[55.31,26.71],[55.54,26.77],[55.24,26.77],[54.83,26.45],[54.46,26.52],[54.26,26.71],[53.66,26.71],[53.46,26.97],[52.74,27.22],[52.48,27.61],[52.05,27.8],[51.6,27.8],[51.32,27.99],[51.33,28.12],[51.07,28.44],[51.03,28.77],[50.81,28.83],[50.92,29.09],[50.62,29.15],[50.65,29.41],[50.24,29.73],[50.06,30.18],[49.59,29.99],[49.45,30.12],[49.22,30.12],[49.09,30.31],[49.02,30.31],[49.03,30.44],[48.89,30.5],[48.65,31.01],[48.68,31.79],[48.6,31.79],[48.63,32.04],[48.97,32.3],[50.1,32.69],[53.75,33.01],[54.48,33.26],[55.18,33.78],[55.85,34.1],[55.97,34.36],[56.5,34.74],[56.55,35.0],[57.74,36.35],[58.51,36.67],[60.37,36.67],[60.94,36.8],[61.8,36.8],[63.51,37.13],[63.59,37.13],[65.39,37.19],[65.56,37.25],[65.71,37.51],[66.52,37.32],[67.0,37.38],[67.12,37.25],[67.75,37.25],[67.92,37.0],[68.15,37.0],[68.78,37.32],[69.01,37.32],[69.12,37.13],[69.35,37.13],[69.55,37.58],[70.08,37.51],[70.27,37.64],[70.16,37.84],[70.21,38.03],[70.71,38.42],[71.18,38.42],[71.36,38.22],[71.27,37.9],[71.59,37.9],[71.57,37.84],[71.44,37.06],[71.51,37.06],[71.52,36.8],[71.66,36.74],[72.16,36.87],[72.37,37.06],[72.6,37.06],[72.91,37.32],[73.43,37.51],[73.74,37.51],[73.77,37.32],[74.19,37.45],[74.74,37.45],[74.86,37.32],[75.11,37.38],[75.23,37.25],[75.23,37.0],[75.39,37.0],[75.49,36.8],[75.72,36.8],[75.98,36.61],[75.99,36.1],[76.17,35.9],[76.58,35.97],[76.62,35.84],[76.6,35.77],[75.32,35.32],[74.76,35.26],[74.68,35.26],[74.61,35.58],[73.44,35.52],[73.39,35.32],[73.04,35.19],[73.02,34.81],[72.46,34.1],[71.96,33.91],[71.53,33.39],[71.48,33.2],[71.59,33.01],[71.23,32.75],[71.17,32.49],[70.85,32.04],[70.58,29.95],[70.56,29.95],[70.28,29.95],[70.0,29.81],[69.64,29.36],[68.69,29.19],[68.13,29.39],[67.64,29.28],[67.52,29.12],[67.5,28.37],[67.17,27.45],[67.16,26.1],[67.03,25.55],[66.67,25.03],[66.67,24.86],[66.66,24.84],[66.63,24.84]]]},"properties":{"id":"territory:Saffarid Dynasty:875","name":"사파르 왕조","name_en":"Saffarid Dynasty","actor":"기타중립","valid_from":875,"valid_to":876,"wikidata":"Q45310","area":2151732,"src":"cliopatria","confidence":"medium"}},{"type":"Feature","geometry":{"type":"Point","coordinates":[62.058,31.623]},"properties":{"id":"territory:Saffarid Dynasty:875:label","name":"사파르 왕조","name_en":"Saffarid Dynasty","actor":"기타중립","valid_from":875,"valid_to":876,"wikidata":"Q45310","area":2151732,"src":"cliopatria","confidence":"medium"}},{"type":"Feature","geometry":{"type":"Polygon","coordinates":[[[66.63,24.84],[66.68,25.23],[66.35,25.55],[66.02,25.36],[64.82,25.29],[64.8,25.16],[64.28,25.23],[64.23,25.36],[63.63,25.36],[63.54,25.23],[62.56,25.23],[62.47,25.1],[62.18,25.16],[62.02,25.04],[61.72,25.04],[61.66,25.16],[61.13,25.1],[60.92,25.23],[60.62,25.23],[60.63,25.36],[59.06,25.36],[58.78,25.55],[57.96,25.55],[57.74,25.62],[57.68,25.74],[57.38,25.74],[57.18,25.94],[57.05,26.84],[56.91,26.9],[56.92,27.03],[56.71,27.09],[56.71,27.16],[56.81,27.29],[56.62,27.61],[56.47,27.61],[56.34,27.8],[56.19,27.8],[55.99,27.99],[55.76,27.99],[55.88,28.32],[55.54,28.64],[55.47,29.22],[54.9,29.47],[54.86,29.73],[54.57,29.86],[54.47,30.24],[54.32,30.24],[54.27,30.44],[54.13,30.5],[54.17,30.76],[53.98,31.01],[54.04,31.46],[53.97,31.46],[54.14,32.62],[56.5,34.74],[56.55,35.0],[56.96,35.52],[57.12,35.58],[57.46,36.1],[58.0,36.48],[58.84,37.51],[60.27,38.67],[61.47,39.06],[61.86,39.06],[62.69,38.61],[63.37,38.8],[63.48,38.93],[63.98,39.06],[64.19,39.26],[64.79,39.45],[64.92,39.64],[65.33,39.71],[65.98,40.03],[66.57,40.16],[67.18,40.1],[67.55,40.29],[67.87,40.29],[68.07,40.16],[68.6,40.1],[68.72,39.97],[69.26,39.9],[69.67,39.97],[69.87,39.84],[70.64,39.77],[72.14,39.77],[72.23,39.58],[72.39,39.58],[72.49,39.38],[72.9,39.19],[72.88,39.13],[72.02,38.61],[71.79,38.35],[71.52,37.64],[71.59,37.64],[71.44,37.06],[71.51,37.06],[71.52,36.8],[71.82,36.74],[73.43,37.51],[73.74,37.51],[73.77,37.32],[74.19,37.45],[74.74,37.45],[74.86,37.32],[75.11,37.38],[75.23,37.25],[75.23,37.0],[75.39,37.0],[75.49,36.8],[75.72,36.8],[75.98,36.61],[75.99,36.1],[76.17,35.9],[76.58,35.97],[76.62,35.84],[76.6,35.77],[75.32,35.32],[74.76,35.26],[74.68,35.26],[74.61,35.58],[73.44,35.52],[73.39,35.32],[73.04,35.19],[73.02,34.81],[72.46,34.1],[71.96,33.91],[71.53,33.39],[71.48,33.2],[71.59,33.01],[71.23,32.75],[71.17,32.49],[70.85,32.04],[70.58,29.95],[70.56,29.95],[70.28,29.95],[70.0,29.81],[69.64,29.36],[68.69,29.19],[68.13,29.39],[67.64,29.28],[67.52,29.12],[67.5,28.37],[67.17,27.45],[67.16,26.1],[67.03,25.55],[66.67,25.03],[66.67,24.86],[66.66,24.84],[66.63,24.84]]]},"properties":{"id":"territory:Saffarid Dynasty:899","name":"사파르 왕조","name_en":"Saffarid Dynasty","actor":"기타중립","valid_from":899,"valid_to":900,"wikidata":"Q45310","area":2123480,"src":"cliopatria","confidence":"medium"}},{"type":"Feature","geometry":{"type":"Point","coordinates":[63.936,32.822]},"properties":{"id":"territory:Saffarid Dynasty:899:label","name":"사파르 왕조","name_en":"Saffarid Dynasty","actor":"기타중립","valid_from":899,"valid_to":900,"wikidata":"Q45310","area":2123480,"src":"cliopatria","confidence":"medium"}},{"type":"Feature","geometry":{"type":"Polygon","coordinates":[[[66.63,24.84],[66.68,25.23],[66.35,25.55],[66.02,25.36],[64.82,25.29],[64.8,25.16],[64.28,25.23],[64.23,25.36],[63.63,25.36],[63.54,25.23],[62.56,25.23],[62.47,25.1],[62.18,25.16],[62.02,25.04],[61.72,25.04],[61.66,25.16],[61.13,25.1],[60.92,25.23],[60.62,25.23],[60.63,25.36],[59.06,25.36],[58.78,25.55],[57.96,25.55],[57.74,25.62],[57.68,25.74],[57.38,25.74],[57.18,25.94],[57.05,26.84],[56.71,27.16],[56.19,27.16],[56.1,27.03],[56.32,27.03],[56.31,26.9],[56.06,26.71],[55.6,26.64],[55.44,26.52],[55.29,26.52],[55.31,26.71],[55.54,26.77],[55.24,26.77],[54.83,26.45],[54.46,26.52],[54.26,26.71],[53.66,26.71],[53.46,26.97],[52.74,27.22],[52.48,27.61],[52.05,27.8],[51.6,27.8],[51.32,27.99],[51.33,28.12],[51.07,28.44],[51.03,28.77],[50.81,28.83],[50.92,29.09],[50.62,29.15],[50.65,29.41],[50.24,29.73],[50.06,30.18],[49.59,29.99],[49.45,30.12],[49.22,30.12],[49.09,30.31],[49.02,30.31],[49.03,30.44],[48.89,30.5],[48.65,31.01],[48.68,31.79],[45.32,32.36],[44.88,32.56],[44.9,32.75],[45.07,32.88],[45.38,32.88],[47.1,32.56],[47.31,32.43],[48.97,32.24],[50.1,32.69],[53.75,33.01],[54.48,33.26],[55.18,33.78],[55.67,33.97],[56.52,34.81],[58.93,35.32],[61.38,35.58],[62.77,35.9],[63.46,35.9],[63.54,35.9],[64.48,36.29],[64.7,36.55],[64.83,37.13],[65.56,37.25],[65.71,37.51],[66.52,37.32],[67.0,37.38],[67.12,37.25],[67.75,37.25],[67.92,37.0],[68.15,37.0],[68.78,37.32],[69.01,37.32],[69.12,37.13],[69.35,37.13],[69.55,37.58],[70.08,37.51],[70.27,37.64],[70.16,37.84],[70.21,38.03],[70.71,38.42],[71.18,38.42],[71.36,38.22],[71.27,37.9],[71.59,37.9],[71.57,37.84],[71.44,37.06],[71.51,37.06],[71.52,36.8],[71.66,36.74],[72.16,36.87],[72.37,37.06],[72.6,37.06],[72.91,37.32],[73.43,37.51],[73.74,37.51],[73.77,37.32],[74.19,37.45],[74.74,37.45],[74.86,37.32],[75.11,37.38],[75.23,37.25],[75.23,37.0],[75.39,37.0],[75.49,36.8],[75.72,36.8],[75.98,36.61],[75.99,36.1],[76.17,35.9],[76.58,35.97],[76.62,35.84],[76.6,35.77],[75.32,35.32],[74.76,35.26],[74.68,35.26],[74.61,35.58],[73.44,35.52],[73.39,35.32],[73.04,35.19],[73.02,34.81],[72.46,34.1],[71.96,33.91],[71.53,33.39],[71.48,33.2],[71.59,33.01],[71.23,32.75],[71.17,32.49],[70.85,32.04],[70.58,29.95],[70.56,29.95],[70.28,29.95],[70.0,29.81],[69.64,29.36],[68.69,29.19],[68.13,29.39],[67.64,29.28],[67.52,29.12],[67.5,28.37],[67.17,27.45],[67.16,26.1],[67.03,25.55],[66.67,25.03],[66.67,24.86],[66.66,24.84],[66.63,24.84]]]},"properties":{"id":"territory:Saffarid Dynasty:876","name":"사파르 왕조","name_en":"Saffarid Dynasty","actor":"기타중립","valid_from":876,"valid_to":878,"wikidata":"Q45310","area":2077455,"src":"cliopatria","confidence":"medium"}},{"type":"Feature","geometry":{"type":"Point","coordinates":[61.986,31.419]},"properties":{"id":"territory:Saffarid Dynasty:876:label","name":"사파르 왕조","name_en":"Saffarid Dynasty","actor":"기타중립","valid_from":876,"valid_to":878,"wikidata":"Q45310","area":2077455,"src":"cliopatria","confidence":"medium"}},{"type":"Feature","geometry":{"type":"Polygon","coordinates":[[[66.63,24.84],[66.68,25.23],[66.35,25.55],[66.02,25.36],[64.82,25.29],[64.8,25.16],[64.28,25.23],[64.23,25.36],[63.63,25.36],[63.54,25.23],[62.56,25.23],[62.47,25.1],[62.18,25.16],[62.02,25.04],[61.72,25.04],[61.66,25.16],[61.13,25.1],[60.92,25.23],[60.62,25.23],[60.63,25.36],[59.06,25.36],[58.78,25.55],[57.96,25.55],[57.74,25.62],[57.68,25.74],[57.38,25.74],[57.18,25.94],[57.05,26.84],[56.71,27.16],[56.19,27.16],[56.1,27.03],[56.32,27.03],[56.31,26.9],[56.06,26.71],[55.6,26.64],[55.44,26.52],[55.29,26.52],[55.31,26.71],[55.54,26.77],[55.24,26.77],[54.83,26.45],[54.46,26.52],[54.26,26.71],[53.66,26.71],[53.46,26.97],[52.74,27.22],[52.48,27.61],[52.05,27.8],[51.6,27.8],[51.32,27.99],[51.33,28.12],[51.07,28.44],[51.03,28.77],[50.81,28.83],[50.92,29.09],[50.62,29.15],[50.65,29.41],[50.24,29.73],[50.06,30.18],[49.59,29.99],[49.45,30.12],[49.22,30.12],[49.09,30.31],[49.02,30.31],[49.03,30.44],[48.89,30.5],[48.65,31.01],[48.68,31.79],[48.6,31.79],[48.63,32.04],[48.97,32.3],[50.1,32.69],[52.11,32.81],[54.15,33.14],[54.82,33.46],[55.52,33.97],[55.67,33.97],[56.52,34.81],[58.93,35.32],[61.38,35.58],[62.77,35.9],[63.46,35.9],[63.54,35.9],[64.48,36.29],[64.7,36.55],[64.83,37.13],[65.56,37.25],[65.71,37.51],[66.52,37.32],[67.0,37.38],[67.12,37.25],[67.75,37.25],[67.92,37.0],[68.15,37.0],[68.78,37.32],[69.01,37.32],[69.12,37.13],[69.35,37.13],[69.55,37.58],[70.08,37.51],[70.27,37.64],[70.16,37.84],[70.21,38.03],[70.71,38.42],[71.18,38.42],[71.36,38.22],[71.27,37.9],[71.59,37.9],[71.57,37.84],[71.44,37.06],[71.51,37.06],[71.52,36.8],[71.66,36.74],[72.16,36.87],[72.37,37.06],[72.6,37.06],[72.91,37.32],[73.43,37.51],[73.74,37.51],[73.77,37.32],[74.19,37.45],[74.74,37.45],[74.86,37.32],[75.11,37.38],[75.23,37.25],[75.23,37.0],[75.39,37.0],[75.49,36.8],[75.72,36.8],[75.98,36.61],[75.99,36.1],[76.17,35.9],[76.58,35.97],[76.62,35.84],[76.6,35.77],[75.32,35.32],[74.76,35.26],[74.68,35.26],[74.61,35.58],[73.44,35.52],[73.39,35.32],[73.04,35.19],[73.02,34.81],[72.46,34.1],[71.96,33.91],[71.53,33.39],[71.48,33.2],[71.59,33.01],[71.23,32.75],[71.17,32.49],[70.85,32.04],[70.58,29.95],[70.56,29.95],[70.28,29.95],[70.0,29.81],[69.64,29.36],[68.69,29.19],[68.13,29.39],[67.64,29.28],[67.52,29.12],[67.5,28.37],[67.17,27.45],[67.16,26.1],[67.03,25.55],[66.67,25.03],[66.67,24.86],[66.66,24.84],[66.63,24.84]]]},"properties":{"id":"territory:Saffarid Dynasty:878","name":"사파르 왕조","name_en":"Saffarid Dynasty","actor":"기타중립","valid_from":878,"valid_to":884,"wikidata":"Q45310","area":2058709,"src":"cliopatria","confidence":"medium"}},{"type":"Feature","geometry":{"type":"Point","coordinates":[62.126,31.41]},"properties":{"id":"territory:Saffarid Dynasty:878:label","name":"사파르 왕조","name_en":"Saffarid Dynasty","actor":"기타중립","valid_from":878,"valid_to":884,"wikidata":"Q45310","area":2058709,"src":"cliopatria","confidence":"medium"}},{"type":"Feature","geometry":{"type":"Polygon","coordinates":[[[66.63,24.84],[66.68,25.23],[66.35,25.55],[66.02,25.36],[64.82,25.29],[64.8,25.16],[64.28,25.23],[64.23,25.36],[63.63,25.36],[63.54,25.23],[62.56,25.23],[62.47,25.1],[62.18,25.16],[62.02,25.04],[61.72,25.04],[61.66,25.16],[61.13,25.1],[60.92,25.23],[60.62,25.23],[60.63,25.36],[59.06,25.36],[58.78,25.55],[57.96,25.55],[57.74,25.62],[57.68,25.74],[57.38,25.74],[57.18,25.94],[57.05,26.84],[56.71,27.16],[56.19,27.16],[56.1,27.03],[56.32,27.03],[56.31,26.9],[56.06,26.71],[55.6,26.64],[55.44,26.52],[55.29,26.52],[55.31,26.71],[55.54,26.77],[55.24,26.77],[54.83,26.45],[54.46,26.52],[54.26,26.71],[53.66,26.71],[53.46,26.97],[52.74,27.22],[52.48,27.61],[52.05,27.8],[51.6,27.8],[51.32,27.99],[51.33,28.12],[51.07,28.44],[51.03,28.77],[50.81,28.83],[50.92,29.09],[50.62,29.15],[50.65,29.41],[50.24,29.73],[50.06,30.18],[49.59,29.99],[49.45,30.12],[49.22,30.12],[49.09,30.31],[49.02,30.31],[49.03,30.44],[48.89,30.5],[48.65,31.01],[48.68,31.79],[48.6,31.79],[48.63,32.04],[48.97,32.3],[50.1,32.69],[53.75,33.01],[54.48,33.26],[55.18,33.78],[55.67,33.97],[55.97,34.36],[56.83,34.42],[57.5,34.29],[61.25,34.16],[61.94,34.16],[62.82,34.36],[63.43,34.68],[64.07,35.52],[64.24,35.58],[64.33,35.97],[64.7,36.55],[64.83,37.13],[65.56,37.25],[65.71,37.51],[66.52,37.32],[67.0,37.38],[67.12,37.25],[67.75,37.25],[67.92,37.0],[68.15,37.0],[68.78,37.32],[69.01,37.32],[69.12,37.13],[69.35,37.13],[69.55,37.58],[70.08,37.51],[70.27,37.64],[70.16,37.84],[70.21,38.03],[70.71,38.42],[71.18,38.42],[71.36,38.22],[71.27,37.9],[71.59,37.9],[71.57,37.84],[71.44,37.06],[71.51,37.06],[71.52,36.8],[71.66,36.74],[72.16,36.87],[72.37,37.06],[72.6,37.06],[72.91,37.32],[73.43,37.51],[73.74,37.51],[73.77,37.32],[74.19,37.45],[74.74,37.45],[74.86,37.32],[75.11,37.38],[75.23,37.25],[75.23,37.0],[75.39,37.0],[75.49,36.8],[75.72,36.8],[75.98,36.61],[75.99,36.1],[76.17,35.9],[76.58,35.97],[76.62,35.84],[76.6,35.77],[75.32,35.32],[74.76,35.26],[74.68,35.26],[74.61,35.58],[73.44,35.52],[73.39,35.32],[73.04,35.19],[73.02,34.81],[72.46,34.1],[71.96,33.91],[71.53,33.39],[71.48,33.2],[71.59,33.01],[71.23,32.75],[71.17,32.49],[70.85,32.04],[70.58,29.95],[70.56,29.95],[70.28,29.95],[70.0,29.81],[69.64,29.36],[68.69,29.19],[68.13,29.39],[67.64,29.28],[67.52,29.12],[67.5,28.37],[67.17,27.45],[67.16,26.1],[67.03,25.55],[66.67,25.03],[66.67,24.86],[66.66,24.84],[66.63,24.84]]]},"properties":{"id":"territory:Saffarid Dynasty:896","name":"사파르 왕조","name_en":"Saffarid Dynasty","actor":"기타중립","valid_from":896,"valid_to":898,"wikidata":"Q45310","area":1970533,"src":"cliopatria","confidence":"medium"}},{"type":"Feature","geometry":{"type":"Point","coordinates":[62.187,31.245]},"properties":{"id":"territory:Saffarid Dynasty:896:label","name":"사파르 왕조","name_en":"Saffarid Dynasty","actor":"기타중립","valid_from":896,"valid_to":898,"wikidata":"Q45310","area":1970533,"src":"cliopatria","confidence":"medium"}},{"type":"Feature","geometry":{"type":"Polygon","coordinates":[[[66.63,24.84],[66.68,25.23],[66.35,25.55],[66.02,25.36],[64.82,25.29],[64.8,25.16],[64.28,25.23],[64.23,25.36],[63.63,25.36],[63.54,25.23],[62.56,25.23],[62.47,25.1],[62.18,25.16],[62.02,25.04],[61.72,25.04],[61.66,25.16],[61.13,25.1],[60.92,25.23],[60.62,25.23],[60.63,25.36],[59.06,25.36],[58.78,25.55],[57.96,25.55],[57.74,25.62],[57.68,25.74],[57.38,25.74],[57.18,25.94],[57.05,26.84],[56.71,27.16],[56.19,27.16],[56.1,27.03],[56.32,27.03],[56.31,26.9],[56.06,26.71],[55.6,26.64],[55.44,26.52],[55.29,26.52],[55.31,26.71],[55.54,26.77],[55.24,26.77],[54.83,26.45],[54.46,26.52],[54.26,26.71],[53.66,26.71],[53.46,26.97],[52.74,27.22],[52.48,27.61],[52.05,27.8],[51.6,27.8],[51.32,27.99],[51.33,28.12],[51.07,28.44],[51.03,28.77],[50.81,28.83],[50.92,29.09],[50.62,29.15],[50.65,29.41],[50.24,29.73],[50.06,30.18],[49.59,29.99],[49.45,30.12],[49.22,30.12],[49.09,30.31],[49.02,30.31],[49.03,30.44],[48.89,30.5],[48.65,31.01],[48.68,31.79],[48.6,31.79],[48.63,32.04],[48.97,32.3],[50.1,32.69],[53.75,33.01],[54.48,33.26],[55.95,34.23],[59.5,34.29],[61.94,34.16],[62.82,34.36],[63.43,34.68],[64.07,35.52],[64.24,35.58],[64.33,35.97],[64.7,36.55],[64.83,37.13],[65.56,37.25],[65.71,37.51],[66.52,37.32],[67.0,37.38],[67.12,37.25],[67.75,37.25],[67.92,37.0],[68.15,37.0],[68.78,37.32],[69.01,37.32],[69.12,37.13],[69.35,37.13],[69.55,37.58],[70.08,37.51],[70.27,37.64],[70.16,37.84],[70.21,38.03],[70.71,38.42],[71.18,38.42],[71.36,38.22],[71.27,37.9],[71.59,37.9],[71.57,37.84],[71.44,37.06],[71.51,37.06],[71.52,36.8],[71.66,36.74],[72.16,36.87],[72.37,37.06],[72.6,37.06],[72.91,37.32],[73.43,37.51],[73.74,37.51],[73.77,37.32],[74.19,37.45],[74.74,37.45],[74.86,37.32],[75.11,37.38],[75.23,37.25],[75.23,37.0],[75.39,37.0],[75.49,36.8],[75.72,36.8],[75.98,36.61],[75.99,36.1],[76.17,35.9],[76.58,35.97],[76.62,35.84],[76.6,35.77],[75.32,35.32],[74.76,35.26],[74.68,35.26],[74.61,35.58],[73.44,35.52],[73.39,35.32],[73.04,35.19],[73.02,34.81],[72.46,34.1],[71.96,33.91],[71.53,33.39],[71.48,33.2],[71.59,33.01],[71.23,32.75],[71.17,32.49],[70.85,32.04],[70.58,29.95],[70.56,29.95],[70.28,29.95],[70.0,29.81],[69.64,29.36],[68.69,29.19],[68.13,29.39],[67.64,29.28],[67.52,29.12],[67.5,28.37],[67.17,27.45],[67.16,26.1],[67.03,25.55],[66.67,25.03],[66.67,24.86],[66.66,24.84],[66.63,24.84]]]},"properties":{"id":"territory:Saffarid Dynasty:884","name":"사파르 왕조","name_en":"Saffarid Dynasty","actor":"기타중립","valid_from":884,"valid_to":886,"wikidata":"Q45310","area":1969652,"src":"cliopatria","confidence":"medium"}},{"type":"Feature","geometry":{"type":"Point","coordinates":[62.192,31.243]},"properties":{"id":"territory:Saffarid Dynasty:884:label","name":"사파르 왕조","name_en":"Saffarid Dynasty","actor":"기타중립","valid_from":884,"valid_to":886,"wikidata":"Q45310","area":1969652,"src":"cliopatria","confidence":"medium"}},{"type":"Feature","geometry":{"type":"MultiPolygon","coordinates":[[[[67.99,43.93],[68.01,43.99],[68.09,43.99],[68.07,43.93],[67.99,43.93]]],[[[67.93,43.99],[67.95,44.06],[68.03,44.06],[68.01,43.99],[67.93,43.99]]],[[[71.33,53.53],[71.29,53.46],[72.15,53.46],[72.12,53.39],[72.72,53.39],[72.69,53.33],[73.2,53.33],[73.17,53.26],[73.46,53.33],[73.43,53.26],[74.65,53.12],[74.61,53.06],[74.87,53.06],[74.84,52.99],[76.38,52.32],[76.58,52.05],[77.07,51.85],[77.14,51.65],[77.31,51.65],[77.43,51.38],[77.6,51.38],[77.67,51.18],[77.84,51.18],[77.91,50.98],[78.08,50.98],[78.15,50.78],[78.32,50.78],[78.49,50.45],[78.66,50.45],[78.65,50.25],[78.81,50.25],[79.02,49.98],[83.8,49.65],[83.9,49.52],[84.37,49.45],[84.33,49.38],[85.3,48.99],[85.4,48.85],[85.34,48.72],[85.52,48.59],[85.47,48.32],[85.64,48.32],[85.51,48.06],[85.59,48.06],[85.51,47.73],[85.35,47.73],[85.17,47.53],[83.98,47.27],[83.36,47.01],[83.04,47.01],[82.89,46.87],[82.68,46.94],[82.45,46.81],[80.86,46.55],[80.83,46.48],[80.32,46.61],[80.07,46.81],[79.61,46.68],[79.31,46.74],[79.33,46.81],[78.7,46.87],[78.1,46.61],[77.91,46.74],[76.73,46.68],[76.76,46.74],[76.35,46.74],[76.32,46.87],[74.6,46.87],[74.44,46.68],[74.36,46.68],[73.89,46.74],[73.91,46.81],[73.18,46.81],[72.03,46.61],[70.96,45.69],[70.08,44.39],[70.0,44.39],[69.93,44.19],[68.9,43.99],[68.09,43.99],[68.05,44.12],[67.87,44.06],[67.54,44.52],[66.39,44.97],[66.09,45.3],[64.9,45.63],[64.82,45.63],[64.98,46.35],[64.89,46.35],[64.94,46.74],[64.82,46.87],[64.87,47.01],[64.79,47.01],[64.83,47.14],[64.75,47.14],[64.76,47.4],[64.53,47.47],[64.43,47.66],[64.27,47.66],[64.23,47.8],[63.86,47.93],[61.82,47.99],[56.38,47.8],[54.52,47.33],[54.37,47.4],[54.41,47.53],[54.26,47.6],[54.3,47.73],[54.17,47.86],[54.0,47.86],[53.96,47.99],[53.79,47.99],[53.6,48.19],[51.28,48.19],[51.3,48.26],[51.3,48.59],[51.46,48.85],[51.39,48.92],[51.56,48.92],[51.81,49.52],[51.58,49.58],[51.52,49.98],[51.44,49.98],[51.65,50.98],[51.94,51.38],[52.3,51.45],[52.43,51.58],[52.83,51.51],[53.57,51.71],[54.61,51.78],[54.59,51.71],[55.76,51.65],[56.41,51.31],[58.11,51.11],[59.01,51.71],[59.19,51.98],[59.05,52.05],[59.12,52.25],[59.44,52.65],[60.31,53.12],[61.11,53.39],[61.25,53.33],[62.77,53.66],[63.92,53.73],[67.17,53.66],[67.25,53.66],[71.33,53.53]]],[[[61.22,53.46],[61.31,53.46],[61.28,53.39],[61.2,53.39],[61.22,53.46]]],[[[66.19,53.8],[66.28,53.8],[66.25,53.73],[66.16,53.73],[66.19,53.8]]]]},"properties":{"id":"territory:Kimek-Kipchak confederation:896","name":"키메크·킵차크","name_en":"Kimek-Kipchak confederation","actor":"기타중립","valid_from":896,"valid_to":970,"wikidata":"Q2477776","area":1431746,"src":"cliopatria","confidence":"medium"}},{"type":"Feature","geometry":{"type":"Point","coordinates":[68.102,49.548]},"properties":{"id":"territory:Kimek-Kipchak confederation:896:label","name":"키메크·킵차크","name_en":"Kimek-Kipchak confederation","actor":"기타중립","valid_from":896,"valid_to":970,"wikidata":"Q2477776","area":1431746,"src":"cliopatria","confidence":"medium"}},{"type":"Feature","geometry":{"type":"MultiPolygon","coordinates":[[[[67.99,43.93],[68.01,43.99],[68.09,43.99],[68.07,43.93],[67.99,43.93]]],[[[67.93,43.99],[67.95,44.06],[68.03,44.06],[68.01,43.99],[67.93,43.99]]],[[[71.33,53.53],[71.29,53.46],[72.15,53.46],[72.12,53.39],[72.72,53.39],[72.69,53.33],[73.2,53.33],[73.17,53.26],[73.46,53.33],[73.43,53.26],[74.65,53.12],[74.61,53.06],[74.87,53.06],[74.84,52.99],[76.38,52.32],[76.58,52.05],[77.07,51.85],[77.14,51.65],[77.31,51.65],[77.43,51.38],[77.6,51.38],[77.67,51.18],[77.84,51.18],[77.91,50.98],[78.08,50.98],[78.15,50.78],[78.32,50.78],[78.49,50.45],[78.66,50.45],[78.65,50.25],[78.81,50.25],[79.02,49.98],[83.8,49.65],[83.9,49.52],[84.37,49.45],[84.33,49.38],[85.3,48.99],[85.4,48.85],[85.34,48.72],[85.52,48.59],[85.47,48.32],[85.64,48.32],[85.51,48.06],[85.59,48.06],[85.51,47.73],[85.35,47.73],[85.17,47.53],[83.98,47.27],[83.36,47.01],[83.04,47.01],[82.89,46.87],[82.68,46.94],[82.45,46.81],[80.86,46.55],[80.83,46.48],[80.32,46.61],[80.07,46.81],[79.61,46.68],[79.31,46.74],[79.33,46.81],[78.7,46.87],[78.1,46.61],[77.91,46.74],[76.73,46.68],[76.76,46.74],[76.35,46.74],[76.32,46.87],[74.6,46.87],[74.44,46.68],[74.36,46.68],[73.89,46.74],[73.91,46.81],[73.18,46.81],[72.03,46.61],[70.96,45.69],[69.93,44.19],[69.85,44.19],[68.9,43.99],[68.09,43.99],[68.05,44.12],[67.87,44.06],[67.54,44.52],[66.39,44.97],[66.09,45.3],[64.9,45.63],[64.82,45.63],[64.98,46.35],[64.89,46.35],[64.94,46.74],[64.82,46.87],[64.87,47.01],[64.79,47.01],[64.83,47.14],[64.75,47.14],[64.76,47.4],[64.53,47.47],[64.43,47.66],[64.27,47.66],[64.23,47.8],[63.86,47.93],[61.82,47.99],[56.38,47.8],[54.52,47.33],[54.37,47.4],[54.41,47.53],[54.26,47.6],[54.3,47.73],[54.17,47.86],[54.0,47.86],[53.96,47.99],[53.79,47.99],[53.6,48.19],[51.28,48.19],[51.3,48.26],[51.3,48.59],[51.46,48.85],[51.39,48.92],[51.56,48.92],[51.81,49.52],[51.58,49.58],[51.52,49.98],[51.44,49.98],[51.65,50.98],[51.94,51.38],[52.3,51.45],[52.43,51.58],[52.83,51.51],[53.57,51.71],[54.61,51.78],[54.59,51.71],[55.76,51.65],[56.41,51.31],[58.11,51.11],[59.01,51.71],[59.19,51.98],[59.05,52.05],[59.12,52.25],[59.44,52.65],[60.31,53.12],[61.11,53.39],[61.25,53.33],[62.77,53.66],[63.92,53.73],[67.17,53.66],[67.25,53.66],[71.33,53.53]]],[[[61.22,53.46],[61.31,53.46],[61.28,53.39],[61.2,53.39],[61.22,53.46]]],[[[66.19,53.8],[66.28,53.8],[66.25,53.73],[66.16,53.73],[66.19,53.8]]]]},"properties":{"id":"territory:Kimek-Kipchak confederation:850","name":"키메크·킵차크","name_en":"Kimek-Kipchak confederation","actor":"기타중립","valid_from":850,"valid_to":880,"wikidata":"Q2477776","area":1431649,"src":"cliopatria","confidence":"medium"}},{"type":"Feature","geometry":{"type":"MultiPolygon","coordinates":[[[[67.99,43.93],[68.01,43.99],[68.09,43.99],[68.07,43.93],[67.99,43.93]]],[[[67.93,43.99],[67.95,44.06],[68.03,44.06],[68.01,43.99],[67.93,43.99]]],[[[71.33,53.53],[71.29,53.46],[72.15,53.46],[72.12,53.39],[72.72,53.39],[72.69,53.33],[73.2,53.33],[73.17,53.26],[73.46,53.33],[73.43,53.26],[74.65,53.12],[74.61,53.06],[74.87,53.06],[74.84,52.99],[76.38,52.32],[76.58,52.05],[77.07,51.85],[77.14,51.65],[77.31,51.65],[77.43,51.38],[77.6,51.38],[77.67,51.18],[77.84,51.18],[77.91,50.98],[78.08,50.98],[78.15,50.78],[78.32,50.78],[78.49,50.45],[78.66,50.45],[78.65,50.25],[78.81,50.25],[79.02,49.98],[83.8,49.65],[83.9,49.52],[84.37,49.45],[84.33,49.38],[85.3,48.99],[85.4,48.85],[85.34,48.72],[85.52,48.59],[85.47,48.32],[85.64,48.32],[85.51,48.06],[85.59,48.06],[85.51,47.73],[85.35,47.73],[85.17,47.53],[83.98,47.27],[83.36,47.01],[83.04,47.01],[82.89,46.87],[82.68,46.94],[82.45,46.81],[80.86,46.55],[80.83,46.48],[80.32,46.61],[80.07,46.81],[79.61,46.68],[79.31,46.74],[79.33,46.81],[78.7,46.87],[78.1,46.61],[77.91,46.74],[76.73,46.68],[76.76,46.74],[76.35,46.74],[76.32,46.87],[74.6,46.87],[74.44,46.68],[74.36,46.68],[73.89,46.74],[73.91,46.81],[73.18,46.81],[72.03,46.61],[70.96,45.69],[69.93,44.19],[69.85,44.19],[68.9,43.99],[68.09,43.99],[68.05,44.12],[67.87,44.06],[67.54,44.52],[66.39,44.97],[66.09,45.3],[64.9,45.63],[64.82,45.63],[64.98,46.35],[64.89,46.35],[64.94,46.74],[64.82,46.87],[64.87,47.01],[64.79,47.01],[64.83,47.14],[64.75,47.14],[64.76,47.4],[64.53,47.47],[64.43,47.66],[64.27,47.66],[64.23,47.8],[63.86,47.93],[61.82,47.99],[56.38,47.8],[54.52,47.33],[54.37,47.4],[54.41,47.53],[54.26,47.6],[54.3,47.73],[54.17,47.86],[54.0,47.86],[53.96,47.99],[53.79,47.99],[53.6,48.19],[51.28,48.19],[51.3,48.26],[51.3,48.59],[51.46,48.85],[51.39,48.92],[51.56,48.92],[51.81,49.52],[51.58,49.58],[51.52,49.98],[51.44,49.98],[51.65,50.98],[51.94,51.38],[52.3,51.45],[52.43,51.58],[52.83,51.51],[53.57,51.71],[54.61,51.78],[54.59,51.71],[55.76,51.65],[56.41,51.31],[58.11,51.11],[59.01,51.71],[59.19,51.98],[59.05,52.05],[59.12,52.25],[59.44,52.65],[60.31,53.12],[61.11,53.39],[61.25,53.33],[62.77,53.66],[63.92,53.73],[67.17,53.66],[67.25,53.66],[71.33,53.53]]],[[[61.22,53.46],[61.31,53.46],[61.28,53.39],[61.2,53.39],[61.22,53.46]]],[[[66.19,53.8],[66.28,53.8],[66.25,53.73],[66.16,53.73],[66.19,53.8]]]]},"properties":{"id":"territory:Kimek-Kipchak confederation:880","name":"키메크·킵차크","name_en":"Kimek-Kipchak confederation","actor":"기타중립","valid_from":880,"valid_to":896,"wikidata":"Q2477776","area":1431649,"src":"cliopatria","confidence":"medium"}},{"type":"Feature","geometry":{"type":"Point","coordinates":[68.102,49.548]},"properties":{"id":"territory:Kimek-Kipchak confederation:850:label","name":"키메크·킵차크","name_en":"Kimek-Kipchak confederation","actor":"기타중립","valid_from":850,"valid_to":880,"wikidata":"Q2477776","area":1431649,"src":"cliopatria","confidence":"medium"}},{"type":"Feature","geometry":{"type":"Point","coordinates":[68.102,49.548]},"properties":{"id":"territory:Kimek-Kipchak confederation:880:label","name":"키메크·킵차크","name_en":"Kimek-Kipchak confederation","actor":"기타중립","valid_from":880,"valid_to":896,"wikidata":"Q2477776","area":1431649,"src":"cliopatria","confidence":"medium"}},{"type":"Feature","geometry":{"type":"MultiPolygon","coordinates":[[[[67.99,43.93],[68.01,43.99],[68.09,43.99],[68.07,43.93],[67.99,43.93]]],[[[67.93,43.99],[67.95,44.06],[68.03,44.06],[68.01,43.99],[67.93,43.99]]],[[[71.33,53.53],[71.29,53.46],[72.15,53.46],[72.12,53.39],[72.72,53.39],[72.69,53.33],[73.2,53.33],[73.17,53.26],[73.46,53.33],[73.43,53.26],[74.65,53.12],[74.61,53.06],[74.87,53.06],[74.84,52.99],[76.38,52.32],[76.58,52.05],[77.07,51.85],[77.14,51.65],[77.31,51.65],[77.43,51.38],[77.6,51.38],[77.67,51.18],[77.84,51.18],[77.91,50.98],[78.08,50.98],[78.15,50.78],[78.32,50.78],[78.49,50.45],[78.66,50.45],[78.65,50.25],[78.81,50.25],[79.02,49.98],[83.8,49.65],[83.9,49.52],[84.37,49.45],[84.33,49.38],[85.3,48.99],[85.4,48.85],[85.34,48.72],[85.52,48.59],[85.47,48.32],[85.55,48.32],[85.64,48.32],[85.43,47.73],[85.17,47.53],[80.92,46.87],[80.73,46.81],[80.62,46.55],[80.04,46.74],[80.07,46.81],[79.61,46.68],[79.31,46.74],[79.33,46.81],[78.7,46.87],[78.1,46.61],[77.91,46.74],[76.73,46.68],[76.76,46.74],[76.35,46.74],[76.32,46.87],[74.6,46.87],[74.44,46.68],[74.36,46.68],[73.89,46.74],[73.91,46.81],[73.18,46.81],[72.03,46.61],[70.96,45.69],[69.93,44.19],[69.85,44.19],[68.9,43.99],[68.09,43.99],[68.05,44.12],[67.87,44.06],[67.54,44.52],[66.39,44.97],[66.09,45.3],[64.9,45.63],[64.82,45.63],[64.98,46.35],[64.89,46.35],[64.94,46.74],[64.82,46.87],[64.87,47.01],[64.79,47.01],[64.83,47.14],[64.75,47.14],[64.76,47.4],[64.53,47.47],[64.43,47.66],[64.27,47.66],[64.23,47.8],[63.86,47.93],[61.82,47.99],[56.38,47.8],[54.52,47.33],[54.37,47.4],[54.41,47.53],[54.26,47.6],[54.3,47.73],[54.17,47.86],[54.0,47.86],[53.96,47.99],[53.79,47.99],[53.6,48.19],[51.28,48.19],[51.3,48.26],[51.3,48.59],[51.46,48.85],[51.39,48.92],[51.56,48.92],[51.81,49.52],[51.58,49.58],[51.52,49.98],[51.44,49.98],[51.65,50.98],[51.94,51.38],[52.3,51.45],[52.43,51.58],[52.83,51.51],[53.57,51.71],[54.61,51.78],[54.59,51.71],[55.76,51.65],[56.41,51.31],[58.11,51.11],[59.01,51.71],[59.19,51.98],[59.05,52.05],[59.12,52.25],[59.44,52.65],[60.31,53.12],[61.11,53.39],[61.25,53.33],[62.77,53.66],[63.92,53.73],[67.17,53.66],[67.25,53.66],[71.33,53.53]]],[[[61.22,53.46],[61.31,53.46],[61.28,53.39],[61.2,53.39],[61.22,53.46]]],[[[66.19,53.8],[66.28,53.8],[66.25,53.73],[66.16,53.73],[66.19,53.8]]]]},"properties":{"id":"territory:Kimek-Kipchak confederation:793","name":"키메크·킵차크","name_en":"Kimek-Kipchak confederation","actor":"기타중립","valid_from":793,"valid_to":850,"wikidata":"Q2477776","area":1423776,"src":"cliopatria","confidence":"medium"}},{"type":"Feature","geometry":{"type":"Point","coordinates":[68.029,49.562]},"properties":{"id":"territory:Kimek-Kipchak confederation:793:label","name":"키메크·킵차크","name_en":"Kimek-Kipchak confederation","actor":"기타중립","valid_from":793,"valid_to":850,"wikidata":"Q2477776","area":1423776,"src":"cliopatria","confidence":"medium"}},{"type":"Feature","geometry":{"type":"MultiPolygon","coordinates":[[[[14.69,42.17],[14.77,42.17],[14.77,42.11],[14.69,42.11],[14.69,42.17]]],[[[9.49,43.02],[9.49,42.76],[9.57,42.76],[9.58,41.98],[9.5,41.98],[9.5,41.78],[9.26,41.39],[9.1,41.33],[8.78,41.52],[8.78,41.72],[8.62,41.72],[8.7,41.91],[8.54,42.11],[8.53,42.5],[8.77,42.69],[9.17,42.76],[9.25,43.02],[9.33,43.02],[9.49,43.02]]],[[[10.46,42.89],[10.46,42.69],[10.21,42.69],[10.13,42.89],[10.21,42.89],[10.46,42.89]]],[[[14.5,44.52],[14.26,44.58],[14.27,44.97],[14.35,44.97],[14.51,44.91],[14.5,44.52]]],[[[11.8,51.98],[11.55,51.85],[11.55,51.65],[11.38,51.58],[11.29,51.38],[12.13,51.05],[12.13,50.85],[12.3,50.78],[12.3,50.65],[12.04,50.58],[12.04,50.31],[12.45,49.98],[12.37,49.78],[12.78,49.38],[13.2,49.25],[13.36,49.05],[13.53,49.05],[13.69,48.85],[14.02,48.79],[14.1,48.65],[14.68,48.65],[14.94,49.05],[15.61,48.99],[16.1,48.79],[16.68,48.85],[16.93,48.72],[16.92,48.52],[16.84,48.52],[16.91,48.26],[17.31,47.93],[17.63,47.8],[18.63,47.8],[18.8,47.93],[18.96,47.8],[18.95,47.73],[19.03,47.53],[19.19,47.47],[19.17,47.2],[18.84,47.07],[18.81,46.61],[19.05,46.41],[18.86,45.89],[18.78,45.89],[18.93,45.56],[18.92,45.5],[19.0,45.5],[19.0,45.37],[19.24,45.3],[19.14,44.91],[19.06,44.91],[18.81,44.84],[18.74,45.04],[17.93,45.1],[17.76,44.97],[17.52,45.04],[16.94,44.84],[16.86,44.65],[16.61,44.58],[16.61,44.45],[16.44,44.39],[16.51,43.99],[16.82,43.8],[16.73,43.54],[16.65,43.54],[16.66,43.67],[15.93,43.67],[15.94,43.73],[15.7,43.8],[15.62,43.93],[15.37,43.86],[15.46,43.99],[15.22,44.06],[15.22,44.12],[15.38,44.19],[15.39,44.32],[15.15,44.39],[15.15,44.45],[14.91,44.58],[14.92,44.97],[14.52,45.1],[14.6,45.37],[14.2,45.37],[14.19,45.04],[14.03,45.04],[13.95,45.04],[13.63,45.5],[13.71,45.5],[13.71,45.76],[13.14,45.82],[13.06,45.69],[12.98,45.82],[12.82,45.82],[12.74,45.82],[12.16,45.69],[12.0,45.56],[12.0,45.37],[12.16,45.37],[12.16,45.3],[12.16,45.17],[12.4,45.04],[12.4,44.78],[12.16,44.84],[12.15,44.45],[12.31,44.19],[12.87,43.8],[13.04,43.86],[13.03,43.73],[13.36,43.67],[13.67,43.41],[13.75,43.08],[13.99,42.95],[13.9,42.76],[14.06,42.5],[14.61,42.11],[14.69,42.11],[14.37,41.98],[14.12,41.72],[13.96,41.72],[13.8,41.85],[13.41,41.85],[13.33,41.98],[13.01,42.04],[12.62,42.43],[12.38,42.43],[12.3,43.08],[12.14,43.08],[12.22,43.41],[11.82,43.34],[12.06,42.95],[11.98,42.56],[12.14,42.5],[12.13,42.37],[12.05,42.24],[11.73,42.24],[11.73,42.3],[11.26,42.43],[10.94,42.82],[10.94,42.89],[11.18,42.95],[11.18,43.08],[10.54,43.15],[10.54,43.21],[10.21,43.99],[9.89,43.99],[9.97,44.12],[9.73,44.12],[9.16,44.45],[8.43,44.39],[8.03,43.93],[7.15,43.73],[6.99,43.54],[6.67,43.47],[6.52,43.21],[6.28,43.15],[5.8,43.15],[5.63,43.28],[5.39,43.28],[5.39,43.41],[5.06,43.47],[4.18,43.47],[4.17,43.6],[3.85,43.6],[2.98,43.15],[3.01,42.56],[3.18,42.37],[3.12,41.91],[2.57,41.59],[2.33,41.59],[2.11,41.33],[1.87,41.26],[1.79,41.26],[1.45,41.78],[1.2,41.91],[0.72,41.91],[0.56,42.04],[0.16,41.98],[0.07,42.11],[-0.49,42.17],[-0.65,42.24],[-0.75,42.5],[-1.54,42.37],[-1.63,42.5],[-2.11,42.5],[-2.11,42.56],[-1.82,42.95],[-1.43,43.15],[-1.44,43.28],[-1.69,43.34],[-1.69,43.41],[-1.46,43.54],[-1.4,43.86],[-1.32,43.86],[-1.35,44.25],[-1.27,44.25],[-1.29,44.52],[-1.21,44.52],[-1.25,45.17],[-1.17,45.17],[-1.19,45.43],[-1.03,45.5],[-1.05,45.69],[-1.21,45.76],[-1.14,45.89],[-1.22,45.89],[-1.25,46.28],[-1.67,46.35],[-2.01,46.61],[-2.02,46.74],[-2.19,46.81],[-2.14,47.14],[-2.23,47.27],[-2.56,47.27],[-2.58,47.47],[-2.83,47.53],[-2.84,47.6],[-2.45,47.86],[-1.8,47.99],[-1.65,48.19],[-1.65,48.26],[-1.67,48.46],[-1.51,48.52],[-1.6,48.65],[-1.61,48.72],[-1.72,49.05],[-1.64,49.05],[-1.65,49.25],[-1.91,49.38],[-2.03,49.78],[-1.36,49.78],[-1.25,49.45],[0.01,49.38],[-0.01,49.65],[0.22,49.85],[1.05,49.98],[1.45,50.25],[1.42,50.71],[1.66,51.05],[2.58,51.18],[3.16,51.45],[3.75,51.45],[3.41,51.51],[3.4,51.65],[3.74,51.65],[3.65,51.78],[3.82,51.78],[3.81,51.92],[3.98,51.92],[3.97,52.05],[4.22,52.18],[4.22,52.32],[4.46,52.52],[4.45,52.72],[4.7,52.99],[4.87,52.99],[4.88,52.79],[5.06,52.65],[5.14,52.79],[5.39,52.86],[5.39,52.99],[5.21,53.12],[5.54,53.39],[6.23,53.53],[6.92,53.46],[6.91,53.6],[7.08,53.73],[7.94,53.73],[8.21,53.6],[8.38,53.66],[8.46,53.94],[8.89,53.87],[8.8,54.21],[8.54,54.27],[8.54,54.41],[8.71,54.48],[8.8,54.48],[9.93,54.55],[10.01,54.55],[10.1,54.55],[10.19,54.55],[10.19,54.48],[10.01,53.94],[10.19,53.87],[10.19,53.66],[10.36,53.6],[10.36,53.46],[11.73,53.06],[11.73,52.99],[11.55,52.18],[11.8,51.98]]]]},"properties":{"id":"territory:Kingdom of the Franks:806","name":"프랑크 왕국","name_en":"Kingdom of the Franks","actor":"게르만","valid_from":806,"valid_to":814,"wikidata":"Q146246","area":1317304,"src":"cliopatria","confidence":"medium"}},{"type":"Feature","geometry":{"type":"Point","coordinates":[7.366,47.46]},"properties":{"id":"territory:Kingdom of the Franks:806:label","name":"프랑크 왕국","name_en":"Kingdom of the Franks","actor":"게르만","valid_from":806,"valid_to":814,"wikidata":"Q146246","area":1317304,"src":"cliopatria","confidence":"medium"}},{"type":"Feature","geometry":{"type":"MultiPolygon","coordinates":[[[[14.69,42.17],[14.77,42.17],[14.77,42.11],[14.69,42.11],[14.69,42.17]]],[[[9.49,42.76],[9.57,42.76],[9.58,41.98],[9.5,41.98],[9.5,41.78],[9.26,41.39],[9.1,41.33],[8.78,41.52],[8.78,41.72],[8.62,41.72],[8.7,41.91],[8.54,42.11],[8.53,42.5],[8.77,42.69],[9.17,42.76],[9.25,43.02],[9.33,43.02],[9.49,43.02],[9.49,42.76]]],[[[10.46,42.69],[10.21,42.69],[10.13,42.89],[10.21,42.89],[10.46,42.89],[10.46,42.69]]],[[[14.51,44.91],[14.5,44.52],[14.26,44.58],[14.27,44.97],[14.35,44.97],[14.51,44.91]]],[[[19.38,44.84],[19.3,44.84],[19.3,44.91],[19.22,44.91],[19.14,44.91],[19.06,44.91],[18.81,44.84],[18.74,45.04],[17.93,45.1],[17.76,44.97],[17.52,45.04],[16.94,44.84],[16.86,44.65],[16.61,44.58],[16.61,44.45],[16.44,44.39],[16.51,43.99],[16.82,43.8],[16.73,43.54],[16.65,43.54],[16.66,43.67],[15.93,43.67],[15.94,43.73],[15.7,43.8],[15.62,43.93],[15.37,43.86],[15.46,43.99],[15.22,44.06],[15.22,44.12],[15.38,44.19],[15.39,44.32],[15.15,44.39],[15.15,44.45],[14.91,44.58],[14.92,44.97],[14.52,45.1],[14.6,45.37],[14.2,45.37],[14.19,45.04],[14.03,45.04],[13.95,45.04],[13.63,45.5],[13.71,45.5],[13.71,45.76],[13.14,45.82],[13.06,45.69],[12.98,45.82],[12.82,45.82],[12.74,45.82],[12.16,45.69],[12.0,45.56],[12.0,45.37],[12.16,45.37],[12.16,45.3],[12.16,45.17],[12.4,45.04],[12.4,44.78],[12.16,44.84],[12.15,44.45],[12.31,44.19],[12.87,43.8],[13.04,43.86],[13.03,43.73],[13.36,43.67],[13.67,43.41],[13.75,43.08],[13.99,42.95],[13.9,42.76],[14.06,42.5],[14.61,42.11],[14.69,42.11],[14.37,41.98],[14.12,41.72],[13.96,41.72],[13.8,41.85],[13.41,41.85],[13.33,41.98],[13.01,42.04],[12.62,42.43],[12.38,42.43],[12.3,43.08],[12.14,43.08],[12.22,43.41],[11.82,43.34],[12.06,42.95],[11.98,42.56],[12.14,42.5],[12.13,42.37],[12.05,42.24],[11.73,42.24],[11.73,42.3],[11.26,42.43],[11.18,42.63],[11.02,42.63],[11.02,42.82],[10.54,43.08],[10.37,43.67],[10.13,44.06],[9.89,43.99],[9.97,44.12],[9.73,44.12],[9.16,44.45],[8.59,44.45],[8.19,44.19],[8.03,43.93],[7.15,43.73],[6.99,43.54],[6.67,43.47],[6.52,43.21],[6.28,43.15],[5.8,43.15],[5.63,43.28],[5.39,43.28],[5.39,43.41],[5.06,43.47],[4.18,43.47],[4.17,43.6],[3.85,43.6],[3.62,43.41],[3.14,43.28],[2.98,43.15],[3.01,42.56],[3.18,42.37],[3.12,41.91],[2.57,41.59],[2.33,41.59],[2.11,41.33],[1.87,41.26],[1.79,41.26],[1.37,41.85],[0.72,41.91],[0.56,42.04],[0.16,41.98],[0.07,42.11],[-0.49,42.24],[-0.19,42.5],[-0.12,42.76],[-0.77,42.89],[-0.86,43.02],[-1.69,43.34],[-1.69,43.41],[-1.46,43.54],[-1.4,43.86],[-1.32,43.86],[-1.35,44.25],[-1.27,44.25],[-1.29,44.52],[-1.21,44.52],[-1.25,45.17],[-1.17,45.17],[-1.19,45.43],[-1.03,45.5],[-1.05,45.69],[-1.21,45.76],[-1.14,45.89],[-1.22,45.89],[-1.25,46.28],[-1.67,46.35],[-2.01,46.61],[-2.02,46.74],[-2.19,46.81],[-2.14,47.14],[-2.23,47.27],[-2.56,47.27],[-2.58,47.47],[-2.83,47.53],[-2.84,47.6],[-2.45,47.86],[-1.8,47.99],[-1.65,48.19],[-1.65,48.26],[-1.67,48.46],[-1.51,48.52],[-1.6,48.65],[-1.61,48.72],[-1.72,49.05],[-1.64,49.05],[-1.65,49.25],[-1.91,49.38],[-2.03,49.78],[-1.36,49.78],[-1.25,49.45],[0.01,49.38],[-0.01,49.65],[0.22,49.85],[1.05,49.98],[1.45,50.25],[1.42,50.71],[1.66,51.05],[2.58,51.18],[3.16,51.45],[3.75,51.45],[3.41,51.51],[3.4,51.65],[3.74,51.65],[3.65,51.78],[3.82,51.78],[3.81,51.92],[3.98,51.92],[3.97,52.05],[4.22,52.18],[4.22,52.32],[4.46,52.52],[4.45,52.72],[4.7,52.99],[4.87,52.99],[4.88,52.79],[5.06,52.65],[5.14,52.79],[5.39,52.86],[5.39,52.99],[5.21,53.12],[5.54,53.39],[6.23,53.53],[6.92,53.46],[6.91,53.6],[7.08,53.73],[7.94,53.73],[8.21,53.6],[8.38,53.66],[8.46,53.94],[8.89,53.87],[8.8,54.14],[8.8,54.21],[8.89,54.34],[9.15,54.21],[10.1,54.34],[10.01,53.94],[10.19,53.87],[10.19,53.66],[10.36,53.6],[10.36,53.46],[11.73,53.06],[11.73,52.99],[11.55,52.18],[11.8,51.98],[11.55,51.85],[11.55,51.65],[11.38,51.58],[11.29,51.38],[12.13,51.05],[12.13,50.85],[12.3,50.78],[12.3,50.65],[12.04,50.58],[12.04,50.31],[12.45,49.98],[12.37,49.78],[12.54,49.71],[12.53,49.58],[13.03,49.25],[13.2,49.25],[13.36,49.05],[13.53,49.05],[13.69,48.85],[14.27,48.65],[14.18,48.52],[14.35,48.52],[14.51,48.39],[14.51,48.26],[14.76,48.32],[14.84,48.32],[15.5,48.19],[16.66,48.32],[16.99,48.13],[17.06,47.99],[17.71,47.73],[18.95,47.73],[19.04,47.73],[19.53,47.73],[19.53,47.66],[19.43,47.47],[19.52,47.47],[19.51,47.27],[19.66,47.07],[19.23,46.81],[19.23,46.68],[19.46,46.48],[19.35,45.96],[19.67,45.76],[19.58,45.69],[19.57,45.43],[19.73,45.3],[19.62,44.91],[19.54,44.91],[19.46,44.91],[19.38,44.91],[19.38,44.84]],[[18.92,45.5],[19.0,45.5],[19.01,45.56],[18.93,45.56],[18.92,45.5]]]]},"properties":{"id":"territory:Kingdom of the Franks:825","name":"프랑크 왕국","name_en":"Kingdom of the Franks","actor":"게르만","valid_from":825,"valid_to":830,"wikidata":"Q146246","area":1304397,"src":"cliopatria","confidence":"medium"}},{"type":"Feature","geometry":{"type":"Point","coordinates":[7.439,47.449]},"properties":{"id":"territory:Kingdom of the Franks:825:label","name":"프랑크 왕국","name_en":"Kingdom of the Franks","actor":"게르만","valid_from":825,"valid_to":830,"wikidata":"Q146246","area":1304397,"src":"cliopatria","confidence":"medium"}},{"type":"Feature","geometry":{"type":"MultiPolygon","coordinates":[[[[14.69,42.17],[14.77,42.17],[14.77,42.11],[14.69,42.11],[14.69,42.17]]],[[[9.49,43.02],[9.49,42.76],[9.57,42.76],[9.58,41.98],[9.5,41.98],[9.5,41.78],[9.26,41.39],[9.1,41.33],[8.78,41.52],[8.78,41.72],[8.62,41.72],[8.7,41.91],[8.54,42.11],[8.53,42.5],[8.77,42.69],[9.17,42.76],[9.25,43.02],[9.33,43.02],[9.49,43.02]]],[[[10.46,42.89],[10.46,42.69],[10.21,42.69],[10.13,42.89],[10.21,42.89],[10.46,42.89]]],[[[14.5,44.52],[14.26,44.58],[14.27,44.97],[14.35,44.97],[14.51,44.91],[14.5,44.52]]],[[[11.8,51.98],[11.55,51.85],[11.55,51.65],[11.38,51.58],[11.29,51.38],[12.13,51.05],[12.13,50.85],[12.3,50.78],[12.3,50.65],[12.04,50.58],[12.04,50.31],[12.45,49.98],[12.37,49.78],[12.54,49.71],[12.53,49.58],[13.03,49.25],[13.2,49.25],[13.36,49.05],[13.53,49.05],[13.69,48.85],[14.27,48.65],[14.18,48.52],[14.35,48.52],[14.51,48.39],[14.51,48.26],[14.76,48.32],[14.84,48.32],[15.5,48.19],[16.66,48.32],[16.99,48.13],[17.06,47.99],[17.71,47.73],[18.95,47.73],[19.03,47.53],[19.19,47.47],[19.09,47.14],[19.0,47.14],[18.92,47.14],[18.92,47.07],[18.81,46.61],[18.97,46.55],[19.04,46.28],[18.96,46.28],[18.78,45.82],[18.86,45.82],[18.93,45.56],[18.92,45.5],[19.0,45.5],[19.0,45.37],[19.24,45.3],[19.14,44.91],[19.06,44.91],[18.81,44.84],[18.74,45.04],[17.93,45.1],[17.76,44.97],[17.52,45.04],[16.94,44.84],[16.86,44.65],[16.61,44.58],[16.61,44.45],[16.44,44.39],[16.51,43.99],[16.82,43.8],[16.73,43.54],[16.65,43.54],[16.66,43.67],[15.93,43.67],[15.94,43.73],[15.7,43.8],[15.62,43.93],[15.37,43.86],[15.46,43.99],[15.22,44.06],[15.22,44.12],[15.38,44.19],[15.39,44.32],[15.15,44.39],[15.15,44.45],[14.91,44.58],[14.92,44.97],[14.52,45.1],[14.6,45.37],[14.2,45.37],[14.19,45.04],[14.03,45.04],[13.95,45.04],[13.63,45.5],[13.71,45.5],[13.71,45.76],[13.14,45.82],[13.06,45.69],[12.98,45.82],[12.82,45.82],[12.74,45.82],[12.16,45.69],[12.0,45.56],[12.0,45.37],[12.16,45.37],[12.16,45.3],[12.16,45.17],[12.4,45.04],[12.4,44.78],[12.16,44.84],[12.15,44.45],[12.31,44.19],[12.87,43.8],[13.04,43.86],[13.03,43.73],[13.36,43.67],[13.67,43.41],[13.75,43.08],[13.99,42.95],[13.9,42.76],[14.06,42.5],[14.61,42.11],[14.69,42.11],[14.37,41.98],[14.12,41.72],[13.96,41.72],[13.8,41.85],[13.41,41.85],[13.33,41.98],[13.01,42.04],[12.62,42.43],[12.38,42.43],[12.3,43.08],[12.14,43.08],[12.22,43.41],[11.82,43.34],[12.06,42.95],[11.98,42.56],[12.14,42.5],[12.13,42.37],[12.05,42.24],[11.73,42.24],[11.73,42.3],[11.26,42.43],[10.94,42.82],[10.94,42.89],[11.18,42.95],[11.18,43.08],[10.54,43.15],[10.54,43.21],[10.21,43.99],[9.89,43.99],[9.97,44.12],[9.73,44.12],[9.16,44.45],[8.43,44.39],[8.03,43.93],[7.15,43.73],[6.99,43.54],[6.67,43.47],[6.52,43.21],[6.28,43.15],[5.8,43.15],[5.63,43.28],[5.39,43.28],[5.39,43.41],[5.06,43.47],[4.18,43.47],[4.17,43.6],[3.85,43.6],[2.98,43.15],[3.01,42.56],[3.18,42.37],[3.12,41.91],[2.57,41.59],[2.33,41.59],[2.11,41.33],[1.87,41.26],[1.79,41.26],[1.37,41.85],[0.72,41.91],[0.56,42.04],[0.16,41.98],[0.07,42.11],[-0.49,42.17],[-0.65,42.24],[-0.75,42.5],[-1.07,42.5],[-1.14,42.37],[-1.78,42.43],[-1.78,42.3],[-1.86,42.3],[-1.94,42.3],[-1.94,42.37],[-2.02,42.37],[-2.02,42.43],[-2.1,42.43],[-2.11,42.5],[-2.11,42.56],[-1.82,42.95],[-1.43,43.15],[-1.44,43.28],[-1.69,43.34],[-1.69,43.41],[-1.46,43.54],[-1.4,43.86],[-1.32,43.86],[-1.35,44.25],[-1.27,44.25],[-1.29,44.52],[-1.21,44.52],[-1.25,45.17],[-1.17,45.17],[-1.19,45.43],[-1.03,45.5],[-1.05,45.69],[-1.21,45.76],[-1.14,45.89],[-1.22,45.89],[-1.25,46.28],[-1.67,46.35],[-2.01,46.61],[-2.02,46.74],[-2.19,46.81],[-2.14,47.14],[-2.23,47.27],[-2.56,47.27],[-2.58,47.47],[-2.83,47.53],[-2.84,47.6],[-2.45,47.86],[-1.8,47.99],[-1.65,48.19],[-1.65,48.26],[-1.67,48.46],[-1.51,48.52],[-1.6,48.65],[-1.61,48.72],[-1.72,49.05],[-1.64,49.05],[-1.65,49.25],[-1.91,49.38],[-2.03,49.78],[-1.36,49.78],[-1.25,49.45],[0.01,49.38],[-0.01,49.65],[0.22,49.85],[1.05,49.98],[1.45,50.25],[1.42,50.71],[1.66,51.05],[2.58,51.18],[3.16,51.45],[3.75,51.45],[3.41,51.51],[3.4,51.65],[3.74,51.65],[3.65,51.78],[3.82,51.78],[3.81,51.92],[3.98,51.92],[3.97,52.05],[4.22,52.18],[4.22,52.32],[4.46,52.52],[4.45,52.72],[4.7,52.99],[4.87,52.99],[4.88,52.79],[5.06,52.65],[5.14,52.79],[5.39,52.86],[5.39,52.99],[5.21,53.12],[5.54,53.39],[6.23,53.53],[6.92,53.46],[6.91,53.6],[7.08,53.73],[7.94,53.73],[8.21,53.6],[8.38,53.66],[8.46,53.94],[8.89,53.87],[8.8,54.14],[8.8,54.21],[8.89,54.34],[9.15,54.21],[10.1,54.34],[10.01,53.94],[10.19,53.87],[10.19,53.66],[10.36,53.6],[10.36,53.46],[11.73,53.06],[11.73,52.99],[11.55,52.18],[11.8,51.98]]]]},"properties":{"id":"territory:Kingdom of the Franks:814","name":"프랑크 왕국","name_en":"Kingdom of the Franks","actor":"게르만","valid_from":814,"valid_to":825,"wikidata":"Q146246","area":1301489,"src":"cliopatria","confidence":"medium"}},{"type":"Feature","geometry":{"type":"Point","coordinates":[7.263,47.428]},"properties":{"id":"territory:Kingdom of the Franks:814:label","name":"프랑크 왕국","name_en":"Kingdom of the Franks","actor":"게르만","valid_from":814,"valid_to":825,"wikidata":"Q146246","area":1301489,"src":"cliopatria","confidence":"medium"}},{"type":"Feature","geometry":{"type":"MultiPolygon","coordinates":[[[[14.69,42.17],[14.77,42.17],[14.77,42.11],[14.69,42.11],[14.69,42.17]]],[[[9.49,43.02],[9.49,42.76],[9.57,42.76],[9.58,41.98],[9.5,41.98],[9.5,41.78],[9.26,41.39],[9.1,41.33],[8.78,41.52],[8.78,41.72],[8.62,41.72],[8.7,41.91],[8.54,42.11],[8.53,42.5],[8.77,42.69],[9.17,42.76],[9.25,43.02],[9.33,43.02],[9.49,43.02]]],[[[10.46,42.89],[10.46,42.69],[10.21,42.69],[10.13,42.89],[10.21,42.89],[10.46,42.89]]],[[[14.5,44.52],[14.26,44.58],[14.27,44.97],[14.35,44.97],[14.51,44.91],[14.5,44.52]]],[[[11.8,51.98],[11.55,51.85],[11.55,51.65],[11.38,51.58],[11.29,51.38],[12.13,51.05],[12.13,50.85],[12.3,50.78],[12.3,50.65],[12.04,50.58],[12.04,50.31],[12.45,49.98],[12.37,49.78],[12.54,49.71],[12.53,49.58],[13.03,49.25],[13.2,49.25],[13.36,49.05],[13.53,49.05],[13.69,48.85],[14.27,48.65],[14.18,48.52],[14.35,48.52],[14.51,48.39],[14.51,48.26],[14.76,48.32],[14.84,48.32],[15.5,48.19],[16.66,48.32],[17.06,47.99],[17.71,47.73],[18.95,47.73],[19.03,47.53],[19.19,47.47],[19.17,47.2],[18.84,47.07],[18.81,46.61],[19.05,46.41],[18.86,45.89],[18.78,45.89],[18.93,45.56],[18.92,45.5],[19.0,45.5],[19.0,45.37],[19.24,45.3],[19.14,44.91],[19.06,44.91],[18.81,44.84],[18.74,45.04],[17.93,45.1],[17.76,44.97],[17.52,45.04],[16.94,44.84],[16.86,44.65],[16.61,44.58],[16.61,44.45],[16.44,44.39],[16.51,43.99],[16.82,43.8],[16.73,43.54],[16.65,43.54],[16.66,43.67],[15.93,43.67],[15.94,43.73],[15.7,43.8],[15.62,43.93],[15.37,43.86],[15.46,43.99],[15.22,44.06],[15.22,44.12],[15.38,44.19],[15.39,44.32],[15.15,44.39],[15.15,44.45],[14.91,44.58],[14.92,44.97],[14.52,45.1],[14.6,45.37],[14.2,45.37],[14.19,45.04],[14.03,45.04],[13.95,45.04],[13.63,45.5],[13.71,45.5],[13.71,45.76],[13.14,45.82],[13.06,45.69],[12.98,45.82],[12.82,45.82],[12.74,45.82],[12.16,45.69],[12.0,45.56],[12.0,45.37],[12.16,45.37],[12.16,45.3],[12.16,45.17],[12.4,45.04],[12.4,44.78],[12.16,44.84],[12.15,44.45],[12.31,44.19],[12.87,43.8],[13.04,43.86],[13.03,43.73],[13.36,43.67],[13.67,43.41],[13.75,43.08],[13.99,42.95],[13.9,42.76],[14.06,42.5],[14.61,42.11],[14.69,42.11],[14.37,41.98],[14.12,41.72],[13.96,41.72],[13.8,41.85],[13.41,41.85],[13.33,41.98],[13.01,42.04],[12.62,42.43],[12.38,42.43],[12.3,43.08],[12.14,43.08],[12.22,43.41],[11.82,43.34],[12.06,42.95],[11.98,42.56],[12.14,42.5],[12.13,42.37],[12.05,42.24],[11.73,42.24],[11.73,42.3],[11.26,42.43],[11.18,42.63],[11.02,42.63],[11.02,42.82],[10.54,43.08],[10.37,43.67],[10.13,44.06],[9.89,43.99],[9.97,44.12],[9.73,44.12],[9.16,44.45],[8.59,44.45],[8.19,44.19],[8.03,43.93],[7.15,43.73],[6.99,43.54],[6.67,43.47],[6.52,43.21],[6.28,43.15],[5.8,43.15],[5.63,43.28],[5.39,43.28],[5.39,43.41],[5.06,43.47],[4.18,43.47],[4.17,43.6],[3.85,43.6],[3.62,43.41],[3.14,43.28],[2.98,43.15],[3.01,42.56],[3.18,42.37],[3.12,41.91],[2.57,41.59],[2.33,41.59],[2.11,41.33],[1.87,41.26],[1.79,41.26],[1.37,41.85],[0.72,41.91],[0.56,42.04],[0.16,41.98],[0.07,42.11],[-0.49,42.24],[-0.19,42.5],[-0.12,42.76],[-0.77,42.89],[-0.86,43.02],[-1.69,43.34],[-1.69,43.41],[-1.46,43.54],[-1.4,43.86],[-1.32,43.86],[-1.35,44.25],[-1.27,44.25],[-1.29,44.52],[-1.21,44.52],[-1.25,45.17],[-1.17,45.17],[-1.19,45.43],[-1.03,45.5],[-1.05,45.69],[-1.21,45.76],[-1.14,45.89],[-1.22,45.89],[-1.25,46.28],[-1.67,46.35],[-2.01,46.61],[-2.02,46.74],[-2.19,46.81],[-2.14,47.14],[-2.23,47.27],[-2.56,47.27],[-2.58,47.47],[-2.83,47.53],[-2.84,47.6],[-2.45,47.86],[-1.8,47.99],[-1.65,48.19],[-1.65,48.26],[-1.67,48.46],[-1.51,48.52],[-1.6,48.65],[-1.61,48.72],[-1.72,49.05],[-1.64,49.05],[-1.65,49.25],[-1.91,49.38],[-2.03,49.78],[-1.36,49.78],[-1.25,49.45],[0.01,49.38],[-0.01,49.65],[0.22,49.85],[1.05,49.98],[1.45,50.25],[1.42,50.71],[1.66,51.05],[2.58,51.18],[3.16,51.45],[3.75,51.45],[3.41,51.51],[3.4,51.65],[3.74,51.65],[3.65,51.78],[3.82,51.78],[3.81,51.92],[3.98,51.92],[3.97,52.05],[4.22,52.18],[4.22,52.32],[4.46,52.52],[4.45,52.72],[4.7,52.99],[4.87,52.99],[4.88,52.79],[5.06,52.65],[5.14,52.79],[5.39,52.86],[5.39,52.99],[5.21,53.12],[5.54,53.39],[6.23,53.53],[6.92,53.46],[6.91,53.6],[7.08,53.73],[7.94,53.73],[8.21,53.6],[8.38,53.66],[8.46,53.94],[8.89,53.87],[8.8,54.14],[8.8,54.21],[8.89,54.34],[9.15,54.21],[10.1,54.34],[10.01,53.94],[10.19,53.87],[10.19,53.66],[10.36,53.6],[10.36,53.46],[11.73,53.06],[11.73,52.99],[11.55,52.18],[11.8,51.98]]]]},"properties":{"id":"territory:Kingdom of the Franks:840","name":"프랑크 왕국","name_en":"Kingdom of the Franks","actor":"게르만","valid_from":840,"valid_to":850,"wikidata":"Q146246","area":1291814,"src":"cliopatria","confidence":"medium"}},{"type":"Feature","geometry":{"type":"Point","coordinates":[7.326,47.46]},"properties":{"id":"territory:Kingdom of the Franks:840:label","name":"프랑크 왕국","name_en":"Kingdom of the Franks","actor":"게르만","valid_from":840,"valid_to":850,"wikidata":"Q146246","area":1291814,"src":"cliopatria","confidence":"medium"}},{"type":"Feature","geometry":{"type":"MultiPolygon","coordinates":[[[[14.69,42.17],[14.77,42.17],[14.77,42.11],[14.69,42.11],[14.69,42.17]]],[[[9.49,43.02],[9.49,42.76],[9.57,42.76],[9.58,41.98],[9.5,41.98],[9.5,41.78],[9.26,41.39],[9.1,41.33],[8.78,41.52],[8.78,41.72],[8.62,41.72],[8.7,41.91],[8.54,42.11],[8.53,42.5],[8.77,42.69],[9.17,42.76],[9.25,43.02],[9.33,43.02],[9.49,43.02]]],[[[10.46,42.89],[10.46,42.69],[10.21,42.69],[10.13,42.89],[10.21,42.89],[10.46,42.89]]],[[[11.73,53.12],[11.73,52.65],[11.64,52.65],[11.55,52.18],[11.8,51.98],[11.55,51.85],[11.55,51.65],[11.38,51.58],[11.29,51.38],[12.13,51.05],[12.13,50.85],[12.3,50.78],[12.3,50.65],[12.04,50.58],[12.04,50.31],[12.45,49.98],[12.37,49.78],[12.78,49.38],[13.2,49.25],[13.36,49.05],[13.53,49.05],[13.69,48.85],[14.02,48.79],[14.1,48.65],[14.68,48.65],[14.94,49.05],[15.61,48.99],[16.1,48.79],[16.68,48.85],[16.93,48.72],[16.92,48.52],[16.84,48.52],[16.91,48.26],[17.31,47.93],[17.63,47.8],[18.63,47.8],[18.8,47.93],[18.96,47.8],[18.95,47.73],[19.03,47.53],[19.19,47.47],[19.17,47.2],[18.84,47.07],[18.81,46.61],[19.05,46.41],[18.86,45.89],[18.78,45.89],[18.93,45.56],[18.92,45.5],[19.0,45.5],[19.0,45.37],[19.24,45.3],[19.14,44.91],[19.06,44.91],[18.81,44.84],[18.74,45.04],[17.93,45.1],[17.76,44.97],[17.52,45.04],[17.35,44.91],[16.86,44.91],[16.78,44.91],[16.54,44.84],[16.46,44.97],[16.14,44.97],[15.98,45.1],[15.57,45.1],[15.42,45.3],[15.09,45.3],[14.93,45.43],[14.28,45.37],[14.2,45.37],[14.19,45.04],[14.03,45.04],[13.95,45.04],[13.63,45.5],[13.71,45.5],[13.71,45.76],[13.14,45.82],[13.06,45.69],[12.98,45.82],[12.82,45.82],[12.74,45.82],[12.16,45.69],[12.0,45.56],[12.0,45.37],[12.16,45.37],[12.16,45.3],[12.16,45.17],[12.4,45.04],[12.4,44.78],[12.16,44.84],[12.15,44.45],[12.31,44.19],[12.87,43.8],[13.04,43.86],[13.03,43.73],[13.36,43.67],[13.67,43.41],[13.75,43.08],[13.99,42.95],[13.9,42.76],[14.06,42.5],[14.61,42.11],[14.69,42.11],[14.37,41.98],[14.12,41.72],[13.96,41.72],[13.8,41.85],[13.33,41.91],[13.33,41.98],[13.01,42.04],[12.62,42.43],[12.38,42.43],[12.3,43.08],[12.14,43.08],[12.22,43.41],[11.82,43.34],[12.06,42.95],[11.98,42.56],[12.14,42.5],[12.13,42.37],[12.05,42.24],[11.73,42.24],[11.73,42.3],[11.26,42.43],[10.94,42.82],[10.94,42.89],[11.18,42.95],[11.18,43.08],[10.54,43.15],[10.54,43.21],[10.21,43.99],[9.89,43.99],[9.97,44.12],[9.73,44.12],[9.16,44.45],[8.43,44.39],[8.03,43.93],[7.15,43.73],[6.99,43.54],[6.67,43.47],[6.52,43.21],[6.28,43.15],[5.8,43.15],[5.63,43.28],[5.39,43.28],[5.39,43.41],[5.06,43.47],[4.18,43.47],[4.17,43.6],[3.85,43.6],[2.98,43.15],[3.01,42.56],[3.18,42.37],[3.12,41.91],[2.49,41.59],[2.41,41.59],[2.4,41.85],[1.99,42.04],[1.6,41.98],[1.44,41.85],[0.72,41.91],[0.56,42.04],[0.16,41.98],[-0.01,42.11],[-0.02,42.3],[0.13,42.56],[0.04,42.76],[-0.53,42.82],[-1.03,43.08],[-1.43,43.08],[-1.44,43.28],[-1.69,43.34],[-1.69,43.41],[-1.46,43.54],[-1.4,43.86],[-1.32,43.86],[-1.35,44.25],[-1.27,44.25],[-1.29,44.52],[-1.21,44.52],[-1.25,45.17],[-1.17,45.17],[-1.19,45.43],[-1.03,45.5],[-1.05,45.69],[-1.21,45.76],[-1.14,45.89],[-1.22,45.89],[-1.25,46.28],[-1.67,46.35],[-2.01,46.61],[-2.02,46.74],[-2.19,46.81],[-2.14,47.14],[-2.23,47.27],[-2.56,47.27],[-2.58,47.47],[-2.83,47.53],[-2.84,47.6],[-2.45,47.86],[-1.8,47.99],[-1.65,48.19],[-1.65,48.26],[-1.67,48.46],[-1.51,48.52],[-1.6,48.65],[-1.61,48.72],[-1.72,49.05],[-1.64,49.05],[-1.65,49.25],[-1.91,49.38],[-2.03,49.78],[-1.36,49.78],[-1.25,49.45],[0.01,49.38],[-0.01,49.65],[0.22,49.85],[1.05,49.98],[1.45,50.25],[1.42,50.71],[1.66,51.05],[2.58,51.18],[3.16,51.45],[3.75,51.45],[3.41,51.51],[3.4,51.65],[3.74,51.65],[3.65,51.78],[3.82,51.78],[3.81,51.92],[3.98,51.92],[3.97,52.05],[4.22,52.18],[4.22,52.32],[4.46,52.52],[4.45,52.72],[4.7,52.99],[4.87,52.99],[4.97,52.65],[5.39,52.86],[5.39,52.99],[5.21,53.12],[5.54,53.39],[6.23,53.53],[6.92,53.46],[6.91,53.6],[7.08,53.73],[7.94,53.73],[8.21,53.6],[8.38,53.66],[8.46,53.94],[8.89,53.87],[8.8,54.21],[8.54,54.27],[8.63,54.48],[8.89,54.48],[9.32,54.14],[10.01,54.07],[10.1,54.07],[10.79,54.0],[10.88,54.0],[10.88,54.07],[10.97,54.07],[11.05,54.07],[11.14,54.07],[11.14,54.0],[11.22,54.0],[10.88,53.73],[10.88,53.46],[11.05,53.26],[11.3,53.19],[11.39,53.19],[11.73,53.12]]]]},"properties":{"id":"territory:Kingdom of the Franks:800","name":"프랑크 왕국","name_en":"Kingdom of the Franks","actor":"게르만","valid_from":800,"valid_to":806,"wikidata":"Q146246","area":1281380,"src":"cliopatria","confidence":"medium"}},{"type":"Feature","geometry":{"type":"Point","coordinates":[7.332,47.564]},"properties":{"id":"territory:Kingdom of the Franks:800:label","name":"프랑크 왕국","name_en":"Kingdom of the Franks","actor":"게르만","valid_from":800,"valid_to":806,"wikidata":"Q146246","area":1281380,"src":"cliopatria","confidence":"medium"}},{"type":"Feature","geometry":{"type":"MultiPolygon","coordinates":[[[[14.69,42.17],[14.77,42.17],[14.77,42.11],[14.69,42.11],[14.69,42.17]]],[[[9.49,43.02],[9.49,42.76],[9.57,42.76],[9.58,41.98],[9.5,41.98],[9.5,41.78],[9.26,41.39],[9.1,41.33],[8.78,41.52],[8.78,41.72],[8.62,41.72],[8.7,41.91],[8.54,42.11],[8.53,42.5],[8.77,42.69],[9.17,42.76],[9.25,43.02],[9.33,43.02],[9.49,43.02]]],[[[10.46,42.89],[10.46,42.69],[10.21,42.69],[10.13,42.89],[10.21,42.89],[10.46,42.89]]],[[[14.5,44.52],[14.26,44.58],[14.27,44.97],[14.35,44.97],[14.51,44.91],[14.5,44.52]]],[[[11.8,51.98],[11.55,51.85],[11.55,51.65],[11.38,51.58],[11.29,51.38],[12.13,51.05],[12.13,50.85],[12.3,50.78],[12.3,50.65],[12.04,50.58],[12.04,50.31],[12.45,49.98],[12.37,49.78],[12.54,49.71],[12.53,49.58],[13.03,49.25],[13.2,49.25],[13.36,49.05],[13.53,49.05],[13.69,48.85],[14.27,48.65],[14.18,48.52],[14.35,48.52],[14.51,48.39],[14.51,48.26],[14.76,48.32],[14.84,48.32],[15.5,48.19],[16.66,48.32],[16.99,48.13],[17.06,47.99],[17.71,47.73],[18.95,47.73],[19.03,47.53],[19.19,47.47],[19.09,47.14],[19.0,47.14],[18.92,47.14],[18.92,47.07],[18.81,46.61],[18.97,46.55],[19.04,46.28],[18.96,46.28],[18.86,45.96],[18.45,45.76],[17.88,45.76],[17.15,46.02],[16.44,46.61],[16.1,46.35],[15.6,46.22],[15.68,45.96],[15.26,45.76],[15.41,45.24],[15.57,45.1],[15.98,45.1],[16.14,44.97],[16.46,44.97],[16.54,44.84],[17.11,44.91],[17.11,44.84],[16.94,44.84],[16.86,44.65],[16.61,44.58],[16.61,44.45],[16.44,44.39],[16.51,43.99],[16.82,43.8],[16.73,43.54],[16.65,43.54],[16.66,43.67],[15.93,43.67],[15.94,43.73],[15.7,43.8],[15.62,43.93],[15.37,43.86],[15.46,43.99],[15.22,44.06],[15.22,44.12],[15.38,44.19],[15.39,44.32],[15.15,44.39],[15.15,44.45],[14.91,44.58],[14.92,44.97],[14.52,45.1],[14.6,45.37],[14.2,45.37],[14.19,45.04],[14.03,45.04],[13.95,45.04],[13.63,45.5],[13.71,45.5],[13.71,45.76],[13.14,45.82],[13.06,45.69],[12.98,45.82],[12.82,45.82],[12.74,45.82],[12.16,45.69],[12.0,45.56],[12.0,45.37],[12.16,45.37],[12.16,45.3],[12.16,45.17],[12.4,45.04],[12.4,44.78],[12.16,44.84],[12.15,44.45],[12.31,44.19],[12.87,43.8],[13.04,43.86],[13.03,43.73],[13.36,43.67],[13.67,43.41],[13.75,43.08],[13.99,42.95],[13.9,42.76],[14.06,42.5],[14.61,42.11],[14.69,42.11],[14.37,41.98],[14.12,41.72],[13.96,41.72],[13.8,41.85],[13.41,41.85],[13.33,41.98],[13.01,42.04],[12.62,42.43],[12.38,42.43],[12.3,43.08],[12.14,43.08],[12.22,43.41],[11.82,43.34],[12.06,42.95],[11.98,42.56],[12.14,42.5],[12.13,42.37],[12.05,42.24],[11.73,42.24],[11.73,42.3],[11.26,42.43],[11.18,42.63],[11.02,42.63],[11.02,42.82],[10.54,43.08],[10.37,43.67],[10.13,44.06],[9.89,43.99],[9.97,44.12],[9.73,44.12],[9.16,44.45],[8.59,44.45],[8.19,44.19],[8.03,43.93],[7.15,43.73],[6.99,43.54],[6.67,43.47],[6.52,43.21],[6.28,43.15],[5.8,43.15],[5.63,43.28],[5.39,43.28],[5.39,43.41],[5.06,43.47],[4.18,43.47],[4.17,43.6],[3.85,43.6],[3.62,43.41],[3.14,43.28],[2.98,43.15],[3.01,42.56],[3.18,42.37],[3.12,41.91],[2.57,41.59],[2.33,41.59],[2.11,41.33],[1.87,41.26],[1.79,41.26],[1.37,41.85],[0.72,41.91],[0.56,42.04],[0.16,41.98],[0.07,42.11],[-0.49,42.24],[-0.19,42.5],[-0.12,42.76],[-0.77,42.89],[-0.86,43.02],[-1.69,43.34],[-1.69,43.41],[-1.46,43.54],[-1.4,43.86],[-1.32,43.86],[-1.35,44.25],[-1.27,44.25],[-1.29,44.52],[-1.21,44.52],[-1.25,45.17],[-1.17,45.17],[-1.19,45.43],[-1.03,45.5],[-1.05,45.69],[-1.21,45.76],[-1.14,45.89],[-1.22,45.89],[-1.25,46.28],[-1.67,46.35],[-2.01,46.61],[-2.02,46.74],[-2.19,46.81],[-2.14,47.14],[-2.23,47.27],[-2.56,47.27],[-2.58,47.47],[-2.83,47.53],[-2.84,47.6],[-2.45,47.86],[-1.8,47.99],[-1.65,48.19],[-1.65,48.26],[-1.67,48.46],[-1.51,48.52],[-1.6,48.65],[-1.61,48.72],[-1.72,49.05],[-1.64,49.05],[-1.65,49.25],[-1.91,49.38],[-2.03,49.78],[-1.36,49.78],[-1.25,49.45],[0.01,49.38],[-0.01,49.65],[0.22,49.85],[1.05,49.98],[1.45,50.25],[1.42,50.71],[1.66,51.05],[2.58,51.18],[3.16,51.45],[3.75,51.45],[3.41,51.51],[3.4,51.65],[3.74,51.65],[3.65,51.78],[3.82,51.78],[3.81,51.92],[3.98,51.92],[3.97,52.05],[4.22,52.18],[4.22,52.32],[4.46,52.52],[4.45,52.72],[4.7,52.99],[4.87,52.99],[4.88,52.79],[5.06,52.65],[5.14,52.79],[5.39,52.86],[5.39,52.99],[5.21,53.12],[5.54,53.39],[6.23,53.53],[6.92,53.46],[6.91,53.6],[7.08,53.73],[7.94,53.73],[8.21,53.6],[8.38,53.66],[8.46,53.94],[8.89,53.87],[8.8,54.14],[8.8,54.21],[8.89,54.34],[9.15,54.21],[10.1,54.34],[10.01,53.94],[10.19,53.87],[10.19,53.66],[10.36,53.6],[10.36,53.46],[11.73,53.06],[11.73,52.99],[11.55,52.18],[11.8,51.98]]]]},"properties":{"id":"territory:Kingdom of the Franks:830","name":"프랑크 왕국","name_en":"Kingdom of the Franks","actor":"게르만","valid_from":830,"valid_to":840,"wikidata":"Q146246","area":1258619,"src":"cliopatria","confidence":"medium"}},{"type":"Feature","geometry":{"type":"Point","coordinates":[7.075,47.51]},"properties":{"id":"territory:Kingdom of the Franks:830:label","name":"프랑크 왕국","name_en":"Kingdom of the Franks","actor":"게르만","valid_from":830,"valid_to":840,"wikidata":"Q146246","area":1258619,"src":"cliopatria","confidence":"medium"}},{"type":"Feature","geometry":{"type":"MultiPolygon","coordinates":[[[[9.49,42.76],[9.57,42.76],[9.58,41.98],[9.5,41.98],[9.5,41.78],[9.26,41.39],[9.1,41.33],[8.78,41.52],[8.78,41.72],[8.62,41.72],[8.7,41.91],[8.54,42.11],[8.53,42.5],[8.77,42.69],[9.17,42.76],[9.25,43.02],[9.33,43.02],[9.49,43.02],[9.49,42.76]]],[[[0.67,42.82],[0.6,42.69],[-0.12,42.76],[-0.77,42.89],[-0.86,43.02],[-1.69,43.34],[-1.69,43.41],[-1.46,43.54],[-1.4,43.86],[-1.32,43.86],[-1.35,44.25],[-1.27,44.25],[-1.29,44.52],[-1.21,44.52],[-1.25,45.17],[-1.17,45.17],[-1.19,45.43],[-1.03,45.5],[-1.05,45.69],[-1.21,45.76],[-1.14,45.89],[-1.22,45.89],[-1.25,46.28],[-1.67,46.35],[-2.19,46.81],[-2.14,47.14],[-2.23,47.2],[-2.23,47.27],[-1.24,47.2],[-1.25,47.4],[-0.93,47.53],[-0.36,47.53],[-0.22,47.99],[-0.73,48.13],[-1.08,48.39],[-1.04,48.92],[-1.21,48.99],[-1.25,49.38],[-1.17,49.45],[-1.08,49.45],[0.01,49.38],[0.0,49.45],[0.65,49.38],[0.67,49.38],[0.76,49.38],[0.84,49.38],[0.85,49.32],[0.93,49.32],[1.01,49.32],[1.02,49.25],[2.13,48.85],[2.31,48.59],[2.56,48.59],[2.79,48.79],[2.78,48.99],[2.44,49.18],[1.95,49.05],[1.52,49.25],[1.51,49.32],[0.83,49.58],[-0.0,49.52],[-0.01,49.65],[0.39,49.91],[1.05,49.98],[1.45,50.25],[1.42,50.71],[1.66,51.05],[2.58,51.18],[3.16,51.45],[3.75,51.45],[3.41,51.51],[3.4,51.65],[3.74,51.65],[3.65,51.78],[3.82,51.78],[3.81,51.92],[3.98,51.92],[3.97,52.05],[4.22,52.18],[4.22,52.32],[4.46,52.52],[4.45,52.72],[4.7,52.99],[4.87,52.99],[4.88,52.79],[5.06,52.65],[5.14,52.79],[5.39,52.86],[5.39,52.99],[5.21,53.12],[5.54,53.39],[6.23,53.53],[6.92,53.46],[6.91,53.6],[7.08,53.73],[7.94,53.73],[8.21,53.6],[8.38,53.66],[8.46,53.94],[8.89,53.87],[8.8,54.14],[8.8,54.21],[8.89,54.34],[9.15,54.21],[10.1,54.34],[10.01,53.94],[10.19,53.87],[10.19,53.66],[10.36,53.6],[10.36,53.46],[10.7,53.33],[10.79,53.33],[11.73,53.06],[11.73,52.99],[11.73,52.65],[11.64,52.65],[11.64,52.32],[11.55,52.32],[11.55,52.18],[11.72,52.05],[11.8,52.05],[11.55,51.85],[11.55,51.65],[11.29,51.51],[11.29,51.31],[12.13,51.05],[12.21,50.65],[12.04,50.58],[12.04,50.25],[12.37,49.98],[12.37,49.71],[12.53,49.65],[12.53,49.52],[12.7,49.38],[13.11,49.25],[13.61,48.85],[14.18,48.65],[14.18,48.52],[14.51,48.39],[14.51,48.26],[15.17,48.32],[15.5,48.19],[16.08,48.19],[16.66,48.32],[17.06,47.99],[17.71,47.73],[18.95,47.73],[19.03,47.53],[19.19,47.47],[19.17,47.2],[18.84,47.07],[18.81,46.61],[19.05,46.41],[18.86,45.89],[18.78,45.89],[18.93,45.56],[18.92,45.5],[19.0,45.5],[19.0,45.37],[19.24,45.3],[19.14,44.91],[19.06,44.91],[18.81,44.84],[18.74,45.04],[17.93,45.1],[17.76,44.97],[17.52,45.04],[17.19,44.91],[17.11,44.91],[16.54,44.84],[16.46,44.97],[15.57,45.1],[15.42,45.3],[15.09,45.3],[14.93,45.43],[14.28,45.37],[14.2,45.37],[14.19,45.04],[14.03,45.04],[13.95,45.04],[13.63,45.5],[13.71,45.5],[13.71,45.76],[13.14,45.82],[13.14,45.69],[13.06,45.69],[12.98,45.82],[12.74,45.82],[12.16,45.69],[12.0,45.56],[12.0,45.37],[12.16,45.37],[12.16,45.3],[12.16,45.17],[12.4,45.04],[12.4,44.78],[12.16,44.84],[12.15,44.45],[12.31,44.19],[12.87,43.8],[13.04,43.86],[13.03,43.73],[13.51,43.54],[13.51,43.47],[13.27,43.41],[13.19,43.54],[12.55,43.6],[12.55,43.47],[12.22,43.41],[11.82,43.34],[11.82,43.21],[11.98,43.15],[12.06,42.76],[11.74,42.63],[11.57,42.37],[11.49,42.37],[11.26,42.43],[11.18,42.63],[11.02,42.63],[11.02,42.82],[10.54,43.08],[10.37,43.67],[10.13,44.06],[9.89,43.99],[9.97,44.12],[9.73,44.12],[9.16,44.45],[8.59,44.45],[8.19,44.19],[8.03,43.93],[7.15,43.73],[6.99,43.54],[6.67,43.47],[6.52,43.21],[6.28,43.15],[5.8,43.15],[5.63,43.28],[5.39,43.28],[5.39,43.41],[5.06,43.47],[4.18,43.47],[4.17,43.6],[3.85,43.6],[2.98,43.15],[3.01,42.56],[3.18,42.37],[3.1,42.24],[3.11,42.17],[2.94,42.43],[2.46,42.37],[1.49,42.63],[1.41,42.63],[1.4,42.69],[1.16,42.76],[0.67,42.82]],[[1.4,42.76],[1.4,42.82],[1.32,42.82],[1.4,42.69],[1.4,42.76]],[[1.24,42.82],[1.15,42.82],[1.16,42.76],[1.24,42.82]],[[4.44,45.04],[4.61,45.04],[4.61,44.91],[4.93,44.91],[4.93,45.04],[5.09,45.04],[5.09,45.17],[5.25,45.17],[5.24,45.43],[4.91,45.56],[4.91,45.69],[4.58,45.69],[4.59,45.56],[4.42,45.56],[4.43,45.43],[4.35,45.43],[4.36,45.17],[4.44,45.04]]],[[[10.46,42.69],[10.21,42.69],[10.13,42.89],[10.21,42.89],[10.46,42.89],[10.46,42.69]]],[[[2.28,48.99],[2.45,48.99],[2.54,48.85],[2.54,48.79],[2.29,48.85],[2.28,48.99]]],[[[-15.58,64.35],[-15.48,64.35],[-15.46,64.28],[-15.56,64.28],[-15.58,64.35]]],[[[-15.41,64.42],[-15.31,64.42],[-15.29,64.35],[-15.39,64.35],[-15.41,64.42]]],[[[-23.01,66.03],[-23.45,66.18],[-23.48,66.25],[-23.06,66.18],[-23.01,66.03]]]]},"properties":{"id":"territory:West Franks:886","name":"서프랑크","name_en":"West Franks","actor":"게르만","valid_from":886,"valid_to":887,"wikidata":"Q46370","area":1187654,"src":"cliopatria","confidence":"medium"}},{"type":"Feature","geometry":{"type":"Point","coordinates":[7.375,47.683]},"properties":{"id":"territory:West Franks:886:label","name":"서프랑크","name_en":"West Franks","actor":"게르만","valid_from":886,"valid_to":887,"wikidata":"Q46370","area":1187654,"src":"cliopatria","confidence":"medium"}},{"type":"Feature","geometry":{"type":"MultiPolygon","coordinates":[[[[9.49,43.02],[9.49,42.76],[9.57,42.76],[9.58,41.98],[9.5,41.98],[9.5,41.78],[9.26,41.39],[9.1,41.33],[8.78,41.52],[8.78,41.72],[8.62,41.72],[8.7,41.91],[8.54,42.11],[8.53,42.5],[8.77,42.69],[9.17,42.76],[9.25,43.02],[9.33,43.02],[9.49,43.02]]],[[[10.46,42.69],[10.21,42.69],[10.13,42.89],[10.21,42.89],[10.46,42.89],[10.46,42.69]]],[[[6.6,43.28],[6.28,43.15],[5.8,43.15],[5.63,43.28],[5.39,43.28],[5.39,43.41],[5.06,43.47],[4.18,43.47],[4.17,43.6],[3.85,43.6],[2.98,43.15],[3.01,42.56],[3.18,42.37],[3.1,42.24],[3.11,42.17],[2.94,42.43],[2.46,42.37],[1.49,42.63],[1.07,42.82],[0.67,42.82],[0.6,42.69],[-0.12,42.76],[-0.77,42.89],[-0.86,43.02],[-1.69,43.34],[-1.69,43.41],[-1.46,43.54],[-1.4,43.86],[-1.32,43.86],[-1.35,44.25],[-1.27,44.25],[-1.29,44.52],[-1.21,44.52],[-1.25,45.17],[-1.17,45.17],[-1.19,45.43],[-1.03,45.5],[-1.05,45.69],[-1.21,45.76],[-1.14,45.89],[-1.22,45.89],[-1.25,46.28],[-1.67,46.35],[-2.19,46.81],[-2.14,47.14],[-2.23,47.2],[-2.23,47.27],[-1.24,47.2],[-1.25,47.4],[-0.93,47.53],[-0.36,47.53],[-0.22,47.99],[-0.73,48.13],[-1.08,48.39],[-1.04,48.92],[-1.21,48.99],[-1.25,49.38],[-1.17,49.45],[-1.08,49.45],[0.01,49.38],[-0.01,49.65],[0.22,49.85],[1.05,49.98],[1.45,50.25],[1.42,50.71],[1.66,51.05],[2.58,51.18],[2.74,51.31],[3.32,51.45],[3.41,51.45],[3.49,51.45],[3.75,51.51],[3.41,51.51],[3.4,51.65],[3.74,51.65],[3.65,51.78],[3.82,51.78],[3.81,51.92],[3.9,51.92],[3.98,51.92],[4.15,51.92],[4.24,51.71],[4.5,51.71],[4.49,51.84],[4.49,51.85],[4.65,52.25],[4.99,52.25],[5.05,52.25],[5.15,52.45],[5.32,52.45],[5.23,52.65],[5.22,52.72],[5.22,52.79],[5.31,52.79],[5.31,52.86],[5.39,52.86],[5.39,52.92],[5.56,52.92],[5.65,52.65],[5.91,52.65],[6.08,52.79],[6.34,52.79],[6.33,53.06],[6.5,53.12],[6.67,53.12],[6.85,52.92],[7.1,52.92],[7.18,53.06],[8.3,53.26],[8.47,53.39],[8.38,53.66],[8.38,53.73],[8.46,53.94],[8.89,53.87],[8.8,54.14],[8.8,54.21],[8.89,54.34],[9.15,54.21],[10.1,54.34],[10.01,53.94],[10.19,53.87],[10.19,53.66],[10.36,53.6],[10.36,53.46],[10.7,53.39],[10.7,53.33],[11.73,53.06],[11.73,52.99],[11.73,52.65],[11.64,52.65],[11.64,52.32],[11.55,52.32],[11.55,52.18],[11.72,52.05],[11.8,52.05],[11.55,51.85],[11.55,51.65],[11.29,51.51],[11.29,51.31],[12.13,51.05],[12.21,50.65],[12.04,50.58],[12.04,50.25],[12.37,49.98],[12.37,49.71],[12.53,49.65],[12.53,49.52],[12.7,49.38],[13.11,49.25],[13.61,48.85],[14.18,48.65],[14.18,48.52],[14.51,48.39],[14.51,48.26],[15.17,48.32],[15.5,48.19],[16.08,48.19],[16.66,48.32],[17.06,47.99],[17.71,47.73],[18.95,47.73],[19.03,47.53],[19.19,47.47],[19.17,47.2],[18.84,47.07],[18.81,46.61],[19.05,46.41],[18.86,45.89],[18.78,45.89],[18.93,45.56],[18.92,45.5],[19.0,45.5],[19.0,45.37],[19.24,45.3],[19.14,44.91],[19.06,44.91],[18.81,44.84],[18.74,45.04],[17.93,45.1],[17.76,44.97],[17.52,45.04],[17.19,44.91],[17.11,44.91],[16.54,44.84],[16.46,44.97],[15.57,45.1],[15.42,45.3],[15.09,45.3],[14.93,45.43],[14.28,45.37],[14.2,45.37],[14.19,45.04],[14.03,45.04],[13.95,45.04],[13.63,45.5],[13.71,45.5],[13.71,45.76],[13.14,45.82],[13.14,45.69],[13.06,45.69],[12.98,45.82],[12.74,45.82],[12.16,45.69],[12.0,45.56],[12.0,45.37],[12.16,45.37],[12.16,45.3],[12.16,45.17],[12.4,45.04],[12.4,44.78],[12.16,44.84],[12.15,44.45],[12.31,44.19],[12.87,43.8],[13.04,43.86],[13.03,43.73],[13.51,43.54],[13.51,43.47],[13.27,43.41],[13.19,43.54],[12.55,43.6],[12.55,43.47],[12.22,43.41],[11.82,43.34],[11.82,43.21],[11.98,43.15],[12.06,42.76],[11.74,42.63],[11.57,42.37],[11.49,42.37],[11.26,42.43],[11.18,42.63],[11.02,42.63],[11.02,42.82],[10.54,43.08],[10.21,43.99],[9.89,43.99],[9.97,44.12],[9.73,44.12],[9.16,44.45],[8.43,44.39],[8.03,43.93],[7.63,43.8],[7.55,43.8],[7.47,43.8],[6.67,43.47],[6.6,43.28]],[[4.61,45.04],[4.61,44.91],[4.93,44.91],[4.93,45.04],[5.09,45.04],[5.09,45.17],[5.25,45.17],[5.24,45.43],[4.91,45.56],[4.91,45.69],[4.58,45.69],[4.59,45.56],[4.27,45.43],[4.27,45.37],[4.44,45.04],[4.61,45.04]]],[[[-15.58,64.35],[-15.48,64.35],[-15.46,64.28],[-15.56,64.28],[-15.58,64.35]]],[[[-15.41,64.42],[-15.31,64.42],[-15.29,64.35],[-15.39,64.35],[-15.41,64.42]]],[[[-23.01,66.03],[-23.45,66.18],[-23.48,66.25],[-23.06,66.18],[-23.01,66.03]]]]},"properties":{"id":"territory:West Franks:882","name":"서프랑크","name_en":"West Franks","actor":"게르만","valid_from":882,"valid_to":884,"wikidata":"Q46370","area":1174773,"src":"cliopatria","confidence":"medium"}},{"type":"Feature","geometry":{"type":"Point","coordinates":[7.37,47.594]},"properties":{"id":"territory:West Franks:882:label","name":"서프랑크","name_en":"West Franks","actor":"게르만","valid_from":882,"valid_to":884,"wikidata":"Q46370","area":1174773,"src":"cliopatria","confidence":"medium"}},{"type":"Feature","geometry":{"type":"MultiPolygon","coordinates":[[[[9.49,43.02],[9.49,42.76],[9.57,42.76],[9.58,41.98],[9.5,41.98],[9.5,41.78],[9.26,41.39],[9.1,41.33],[8.78,41.52],[8.78,41.72],[8.62,41.72],[8.7,41.91],[8.54,42.11],[8.53,42.5],[8.77,42.69],[9.17,42.76],[9.25,43.02],[9.33,43.02],[9.49,43.02]]],[[[1.16,42.76],[0.67,42.82],[0.6,42.69],[-0.12,42.76],[-0.77,42.89],[-0.86,43.02],[-1.69,43.34],[-1.69,43.41],[-1.46,43.54],[-1.4,43.86],[-1.32,43.86],[-1.35,44.25],[-1.27,44.25],[-1.29,44.52],[-1.21,44.52],[-1.25,45.17],[-1.17,45.17],[-1.19,45.43],[-1.03,45.5],[-1.05,45.69],[-1.21,45.76],[-1.14,45.89],[-1.22,45.89],[-1.25,46.28],[-1.67,46.35],[-2.19,46.81],[-2.14,47.14],[-2.23,47.2],[-2.23,47.27],[-1.24,47.2],[-1.25,47.4],[-0.93,47.53],[-0.36,47.53],[-0.22,47.99],[-0.73,48.13],[-1.08,48.39],[-1.04,48.92],[-1.21,48.99],[-1.25,49.38],[-1.17,49.45],[-1.08,49.45],[0.01,49.38],[-0.01,49.65],[0.22,49.85],[1.05,49.98],[1.45,50.25],[1.42,50.71],[1.66,51.05],[2.58,51.18],[3.16,51.45],[3.75,51.45],[3.41,51.51],[3.4,51.65],[3.74,51.65],[3.65,51.78],[3.82,51.78],[3.81,51.92],[3.9,51.92],[3.98,51.92],[4.15,51.92],[4.24,51.71],[4.5,51.71],[4.49,51.84],[4.49,51.85],[4.65,52.25],[4.99,52.25],[5.05,52.25],[5.15,52.45],[5.32,52.45],[5.23,52.65],[5.22,52.72],[5.22,52.79],[5.31,52.79],[5.31,52.86],[5.39,52.86],[5.39,52.92],[5.56,52.92],[5.65,52.65],[5.91,52.65],[6.08,52.79],[6.34,52.79],[6.33,53.06],[6.5,53.12],[6.67,53.12],[6.85,52.92],[7.1,52.92],[7.18,53.06],[8.3,53.26],[8.47,53.39],[8.38,53.66],[8.38,53.73],[8.46,53.94],[8.89,53.87],[8.8,54.14],[8.8,54.21],[8.89,54.34],[9.15,54.21],[10.1,54.34],[10.01,53.94],[10.19,53.87],[10.19,53.66],[10.36,53.6],[10.36,53.46],[10.7,53.33],[10.79,53.33],[11.73,53.06],[11.73,52.99],[11.73,52.65],[11.64,52.65],[11.64,52.32],[11.55,52.32],[11.55,52.18],[11.72,52.05],[11.8,52.05],[11.55,51.85],[11.55,51.65],[11.29,51.51],[11.29,51.31],[12.13,51.05],[12.21,50.65],[12.04,50.58],[12.04,50.25],[12.37,49.98],[12.37,49.71],[12.53,49.65],[12.53,49.52],[12.7,49.38],[13.11,49.25],[13.61,48.85],[14.18,48.65],[14.18,48.52],[14.51,48.39],[14.51,48.26],[15.17,48.32],[15.5,48.19],[16.08,48.19],[16.66,48.32],[17.06,47.99],[17.71,47.73],[18.95,47.73],[19.03,47.53],[19.19,47.47],[19.17,47.2],[18.84,47.07],[18.81,46.61],[19.05,46.41],[18.86,45.89],[18.78,45.89],[18.93,45.56],[18.92,45.5],[19.0,45.5],[19.0,45.37],[19.24,45.3],[19.14,44.91],[19.06,44.91],[18.81,44.84],[18.74,45.04],[17.93,45.1],[17.76,44.97],[17.52,45.04],[17.19,44.91],[17.11,44.91],[16.54,44.84],[16.46,44.97],[15.57,45.1],[15.42,45.3],[15.09,45.3],[14.93,45.43],[14.28,45.37],[14.2,45.37],[14.19,45.04],[14.03,45.04],[13.95,45.04],[13.63,45.5],[13.71,45.5],[13.71,45.76],[13.14,45.82],[13.14,45.69],[13.06,45.69],[12.98,45.82],[12.74,45.82],[12.16,45.69],[12.0,45.56],[12.0,45.37],[12.16,45.37],[12.16,45.3],[12.16,45.17],[12.4,45.04],[12.4,44.78],[12.16,44.84],[12.15,44.45],[12.31,44.19],[12.87,43.8],[13.04,43.86],[13.03,43.73],[13.51,43.54],[13.51,43.47],[13.27,43.41],[13.19,43.54],[12.55,43.6],[12.55,43.47],[12.22,43.41],[11.82,43.34],[11.82,43.21],[11.98,43.15],[12.06,42.76],[11.74,42.63],[11.57,42.37],[11.49,42.37],[11.26,42.43],[11.18,42.63],[11.02,42.63],[11.02,42.82],[10.54,43.08],[10.37,43.67],[10.13,44.06],[9.89,43.99],[9.97,44.12],[9.73,44.12],[9.16,44.45],[8.59,44.45],[8.19,44.19],[8.03,43.93],[7.15,43.73],[6.99,43.54],[6.67,43.47],[6.52,43.21],[6.28,43.15],[5.8,43.15],[5.63,43.28],[5.39,43.28],[5.39,43.41],[5.06,43.47],[4.18,43.47],[4.17,43.6],[3.85,43.6],[2.98,43.15],[3.01,42.56],[3.18,42.37],[3.1,42.24],[3.11,42.17],[2.94,42.43],[2.46,42.37],[1.49,42.63],[1.41,42.63],[1.4,42.69],[1.16,42.76]],[[1.24,42.82],[1.15,42.82],[1.16,42.76],[1.24,42.82]],[[1.4,42.76],[1.4,42.82],[1.32,42.82],[1.4,42.69],[1.4,42.76]],[[4.44,45.04],[4.61,45.04],[4.61,44.91],[4.93,44.91],[4.93,45.04],[5.09,45.04],[5.09,45.17],[5.25,45.17],[5.24,45.43],[4.91,45.56],[4.91,45.69],[4.58,45.69],[4.59,45.56],[4.42,45.56],[4.43,45.43],[4.35,45.43],[4.36,45.17],[4.44,45.04]]],[[[10.46,42.69],[10.21,42.69],[10.13,42.89],[10.21,42.89],[10.46,42.89],[10.46,42.69]]],[[[-15.58,64.35],[-15.48,64.35],[-15.46,64.28],[-15.56,64.28],[-15.58,64.35]]],[[[-15.41,64.42],[-15.31,64.42],[-15.29,64.35],[-15.39,64.35],[-15.41,64.42]]],[[[-23.01,66.03],[-23.45,66.18],[-23.48,66.25],[-23.06,66.18],[-23.01,66.03]]]]},"properties":{"id":"territory:West Franks:884","name":"서프랑크","name_en":"West Franks","actor":"게르만","valid_from":884,"valid_to":886,"wikidata":"Q46370","area":1174346,"src":"cliopatria","confidence":"medium"}},{"type":"Feature","geometry":{"type":"Point","coordinates":[7.369,47.595]},"properties":{"id":"territory:West Franks:884:label","name":"서프랑크","name_en":"West Franks","actor":"게르만","valid_from":884,"valid_to":886,"wikidata":"Q46370","area":1174346,"src":"cliopatria","confidence":"medium"}},{"type":"Feature","geometry":{"type":"Polygon","coordinates":[[[35.05,28.12],[35.48,28.89],[35.79,29.99],[36.39,30.82],[36.76,31.59],[36.92,31.66],[37.19,32.11],[38.36,33.07],[38.55,33.46],[39.4,34.16],[40.04,35.07],[40.02,35.52],[39.7,36.1],[38.13,36.61],[37.2,36.61],[36.91,36.8],[36.29,36.8],[36.28,36.74],[36.26,36.61],[35.84,36.29],[35.99,36.22],[35.84,35.58],[35.99,35.52],[35.88,35.19],[35.96,35.19],[35.93,34.87],[36.07,34.74],[36.05,34.55],[35.79,34.29],[35.64,34.36],[35.68,33.97],[35.45,33.91],[35.5,33.65],[35.35,33.65],[35.4,33.39],[35.22,33.07],[35.06,33.01],[35.02,32.62],[34.77,32.36],[34.81,31.98],[34.57,31.85],[34.63,31.66],[34.31,31.4],[34.3,31.27],[33.98,31.14],[32.83,31.01],[32.77,31.14],[32.53,31.08],[32.24,31.21],[32.3,31.08],[32.0,31.08],[31.94,31.27],[31.78,31.21],[31.88,31.46],[31.27,31.46],[31.12,31.53],[31.2,31.66],[30.97,31.66],[30.97,31.53],[30.81,31.46],[30.35,31.46],[30.27,31.4],[30.34,31.27],[29.88,31.27],[29.8,31.21],[29.87,31.08],[29.63,30.95],[29.49,31.01],[29.4,30.82],[28.87,30.82],[28.5,31.01],[27.51,31.14],[27.3,31.34],[26.85,31.46],[25.25,31.46],[25.1,31.59],[25.11,31.79],[24.89,31.98],[24.13,31.98],[23.68,32.17],[23.3,32.17],[23.08,32.36],[23.09,32.62],[21.88,32.94],[21.41,32.75],[21.11,32.81],[20.87,32.62],[20.64,32.69],[20.72,32.56],[20.56,32.56],[20.48,32.43],[20.33,32.49],[20.25,32.24],[20.02,32.24],[20.09,32.11],[20.0,31.59],[20.21,31.27],[20.13,31.14],[20.2,30.89],[19.97,30.69],[19.96,30.56],[19.66,30.37],[19.27,30.24],[18.97,30.31],[18.89,30.31],[18.81,29.79],[18.73,29.79],[18.72,29.54],[18.87,29.34],[18.71,29.15],[18.79,29.15],[19.77,29.22],[21.23,29.86],[22.45,30.05],[23.74,29.99],[24.78,29.54],[24.85,29.34],[25.0,29.41],[25.15,29.28],[25.37,29.28],[25.59,28.96],[27.14,28.25],[27.29,28.12],[27.28,27.93],[27.43,27.99],[27.79,27.67],[27.71,27.54],[27.94,27.54],[28.15,27.35],[28.27,26.58],[28.35,26.58],[28.24,25.94],[28.29,25.16],[28.57,24.65],[29.67,24.2],[29.96,23.88],[30.11,23.88],[30.1,23.75],[30.4,23.56],[30.46,23.36],[30.54,23.36],[31.67,23.75],[32.04,23.69],[33.39,23.81],[33.68,23.69],[33.76,23.69],[35.11,23.88],[35.55,23.81],[35.56,23.94],[35.85,23.88],[35.86,24.01],[35.15,24.65],[34.61,25.81],[34.46,25.87],[34.2,26.52],[34.05,26.58],[34.07,26.97],[33.93,27.03],[33.8,27.42],[33.59,27.61],[33.61,27.99],[33.11,28.38],[32.84,28.89],[32.69,28.96],[32.64,29.34],[32.43,29.6],[32.53,29.92],[32.86,29.22],[33.21,28.89],[33.19,28.51],[33.4,28.32],[33.55,28.32],[33.62,28.12],[34.12,27.74],[34.35,27.74],[34.36,27.93],[34.52,28.06],[34.75,29.28],[34.91,29.41],[34.85,28.57],[34.61,28.25],[34.59,28.06],[34.97,28.12],[35.05,28.12]]]},"properties":{"id":"territory:Tulunids:878","name":"툴룬 왕조","name_en":"Tulunids","actor":"기타중립","valid_from":878,"valid_to":900,"wikidata":"Q726798","area":972561,"src":"cliopatria","confidence":"medium"}},{"type":"Feature","geometry":{"type":"Point","coordinates":[30.759,29.67]},"properties":{"id":"territory:Tulunids:878:label","name":"툴룬 왕조","name_en":"Tulunids","actor":"기타중립","valid_from":878,"valid_to":900,"wikidata":"Q726798","area":972561,"src":"cliopatria","confidence":"medium"}},{"type":"Feature","geometry":{"type":"MultiPolygon","coordinates":[[[[26.01,51.25],[26.09,51.25],[26.09,51.18],[26.0,51.18],[26.01,51.25]]],[[[39.32,60.21],[39.74,60.07],[39.86,59.85],[40.28,59.71],[40.61,59.29],[41.02,59.16],[41.21,58.88],[41.39,58.88],[41.67,58.6],[41.63,58.46],[41.86,58.32],[41.82,58.18],[42.03,57.97],[41.97,57.77],[42.11,57.63],[42.0,56.94],[42.14,56.8],[42.04,56.46],[41.67,56.05],[41.59,55.77],[41.35,55.84],[41.14,55.7],[40.87,55.7],[40.68,55.63],[40.65,55.5],[39.68,55.5],[39.07,55.16],[38.99,54.82],[39.08,54.82],[39.03,54.61],[39.12,54.61],[38.95,54.27],[39.16,54.07],[39.18,53.8],[39.36,53.8],[39.55,53.53],[39.39,53.19],[39.47,53.19],[39.34,52.25],[39.43,52.25],[39.24,52.18],[39.05,51.71],[38.97,51.71],[38.91,51.45],[38.83,51.45],[38.86,51.18],[38.59,51.11],[38.03,50.45],[38.02,50.38],[37.39,49.71],[37.3,49.71],[36.09,49.45],[35.42,49.45],[35.15,49.32],[31.06,49.32],[30.97,49.32],[30.94,49.65],[31.04,49.78],[30.88,49.85],[30.86,50.31],[30.7,50.38],[28.79,50.51],[26.76,50.45],[26.27,50.58],[26.14,50.91],[25.98,50.98],[25.99,51.05],[26.17,51.18],[26.21,51.51],[26.5,51.78],[26.43,51.92],[26.61,51.98],[26.85,52.52],[27.03,52.65],[26.97,52.86],[27.15,52.86],[27.56,53.39],[27.59,53.6],[27.68,53.6],[27.81,53.94],[27.72,53.94],[27.75,54.14],[27.92,54.07],[27.96,54.34],[28.17,54.61],[28.11,54.82],[28.29,54.82],[28.3,55.5],[28.08,55.77],[28.05,56.11],[27.96,56.11],[28.11,56.52],[27.96,56.66],[28.07,56.8],[27.98,56.8],[28.0,56.94],[27.91,56.94],[27.99,57.42],[27.9,57.42],[27.97,57.83],[27.88,57.83],[28.01,58.11],[27.85,58.25],[27.97,58.39],[27.72,58.53],[27.74,59.22],[28.04,59.36],[28.06,59.5],[27.88,59.5],[27.93,59.78],[28.29,59.78],[28.41,59.92],[28.85,59.85],[29.16,60.07],[29.15,60.0],[29.77,59.92],[29.76,59.85],[30.14,59.92],[30.38,59.78],[30.84,59.78],[31.1,60.21],[31.82,60.14],[31.98,60.49],[33.18,60.91],[35.36,61.19],[35.2,60.91],[35.57,60.91],[35.9,61.12],[36.08,61.12],[36.12,61.26],[36.43,61.41],[37.33,61.34],[37.31,61.26],[38.32,60.91],[38.38,60.77],[38.89,60.63],[38.94,60.49],[39.03,60.49],[39.29,60.42],[39.32,60.21]]],[[[27.89,56.8],[27.98,56.8],[27.97,56.73],[27.88,56.73],[27.89,56.8]]],[[[32.9,60.91],[32.99,60.91],[32.98,60.84],[32.89,60.84],[32.9,60.91]]],[[[38.34,60.98],[38.44,60.98],[38.42,60.91],[38.32,60.91],[38.34,60.98]]],[[[33.48,61.05],[33.58,61.05],[33.56,60.98],[33.47,60.98],[33.48,61.05]]]]},"properties":{"id":"territory:Kievan Rus':896","name":"키예프 루스","name_en":"Kievan Rus'","actor":"기타중립","valid_from":896,"valid_to":900,"wikidata":"Q1108445","area":953806,"src":"cliopatria","confidence":"medium"}},{"type":"Feature","geometry":{"type":"Point","coordinates":[34.053,55.322]},"properties":{"id":"territory:Kievan Rus':896:label","name":"키예프 루스","name_en":"Kievan Rus'","actor":"기타중립","valid_from":896,"valid_to":900,"wikidata":"Q1108445","area":953806,"src":"cliopatria","confidence":"medium"}},{"type":"Feature","geometry":{"type":"MultiPolygon","coordinates":[[[[26.01,51.25],[26.09,51.25],[26.09,51.18],[26.0,51.18],[26.01,51.25]]],[[[39.32,60.21],[39.74,60.07],[39.86,59.85],[40.28,59.71],[40.61,59.29],[41.02,59.16],[41.21,58.88],[41.39,58.88],[41.67,58.6],[41.63,58.46],[41.86,58.32],[41.82,58.18],[42.03,57.97],[41.97,57.77],[42.11,57.63],[42.0,56.94],[42.14,56.8],[42.04,56.46],[41.67,56.05],[41.59,55.77],[41.35,55.84],[41.14,55.7],[40.87,55.7],[40.68,55.63],[40.65,55.5],[39.68,55.5],[39.07,55.16],[38.99,54.82],[39.08,54.82],[39.03,54.61],[39.12,54.61],[38.95,54.27],[39.16,54.07],[39.18,53.8],[39.36,53.8],[39.55,53.53],[39.39,53.19],[39.47,53.19],[39.34,52.25],[39.41,52.18],[39.24,52.18],[39.2,51.98],[39.11,51.98],[38.91,51.45],[38.83,51.45],[38.86,51.18],[38.59,51.11],[38.23,50.58],[37.95,50.45],[37.86,50.45],[37.73,50.65],[37.41,50.71],[37.05,51.05],[36.88,51.05],[36.91,51.18],[36.77,51.31],[36.36,51.38],[35.68,51.38],[35.21,51.11],[34.88,51.18],[34.04,50.71],[33.7,50.71],[33.62,50.71],[33.61,50.65],[33.24,50.45],[32.2,50.25],[31.44,50.25],[31.13,50.45],[30.95,50.31],[30.69,50.31],[30.21,50.45],[28.79,50.51],[26.76,50.45],[26.27,50.58],[26.14,50.91],[25.98,50.98],[25.99,51.05],[26.17,51.18],[26.21,51.51],[26.5,51.78],[26.43,51.92],[26.61,51.98],[26.85,52.52],[27.03,52.65],[26.97,52.86],[27.15,52.86],[27.56,53.39],[27.59,53.6],[27.68,53.6],[27.81,53.94],[27.72,53.94],[27.75,54.14],[27.92,54.07],[27.96,54.34],[28.17,54.61],[28.11,54.82],[28.29,54.82],[28.3,55.5],[28.08,55.77],[28.05,56.11],[27.96,56.11],[28.11,56.52],[27.96,56.66],[28.07,56.8],[27.98,56.8],[28.0,56.94],[27.91,56.94],[27.99,57.42],[27.9,57.42],[27.97,57.83],[27.88,57.83],[28.01,58.11],[27.85,58.25],[27.97,58.39],[27.72,58.53],[27.74,59.22],[28.04,59.36],[28.06,59.5],[27.88,59.5],[27.93,59.78],[28.29,59.78],[28.41,59.92],[28.85,59.85],[29.16,60.07],[29.15,60.0],[29.77,59.92],[29.76,59.85],[30.14,59.92],[30.38,59.78],[30.84,59.78],[31.1,60.21],[31.82,60.14],[31.98,60.49],[33.18,60.91],[35.36,61.19],[35.2,60.91],[35.57,60.91],[35.9,61.12],[36.08,61.12],[36.12,61.26],[36.43,61.41],[37.33,61.34],[37.31,61.26],[38.32,60.91],[38.38,60.77],[38.89,60.63],[38.94,60.49],[39.03,60.49],[39.29,60.42],[39.32,60.21]]],[[[27.89,56.8],[27.98,56.8],[27.97,56.73],[27.88,56.73],[27.89,56.8]]],[[[32.9,60.91],[32.99,60.91],[32.98,60.84],[32.89,60.84],[32.9,60.91]]],[[[38.34,60.98],[38.44,60.98],[38.42,60.91],[38.32,60.91],[38.34,60.98]]],[[[33.48,61.05],[33.58,61.05],[33.56,60.98],[33.47,60.98],[33.48,61.05]]]]},"properties":{"id":"territory:Kievan Rus':887","name":"키예프 루스","name_en":"Kievan Rus'","actor":"기타중립","valid_from":887,"valid_to":896,"wikidata":"Q1108445","area":879068,"src":"cliopatria","confidence":"medium"}},{"type":"Feature","geometry":{"type":"Point","coordinates":[34.01,55.708]},"properties":{"id":"territory:Kievan Rus':887:label","name":"키예프 루스","name_en":"Kievan Rus'","actor":"기타중립","valid_from":887,"valid_to":896,"wikidata":"Q1108445","area":879068,"src":"cliopatria","confidence":"medium"}},{"type":"Feature","geometry":{"type":"MultiPolygon","coordinates":[[[[26.01,51.25],[26.09,51.25],[26.09,51.18],[26.0,51.18],[26.01,51.25]]],[[[39.32,60.21],[39.74,60.07],[39.86,59.85],[40.28,59.71],[40.61,59.29],[41.02,59.16],[41.21,58.88],[41.39,58.88],[41.67,58.6],[41.63,58.46],[41.86,58.32],[41.82,58.18],[42.03,57.97],[41.97,57.77],[42.11,57.63],[42.0,56.94],[42.14,56.8],[42.04,56.46],[41.67,56.05],[41.59,55.77],[41.35,55.84],[41.14,55.7],[40.87,55.7],[40.68,55.63],[40.65,55.5],[39.68,55.5],[39.07,55.16],[38.99,54.82],[39.08,54.82],[39.03,54.61],[39.12,54.61],[38.95,54.27],[39.16,54.07],[39.18,53.8],[39.36,53.8],[39.55,53.53],[39.39,53.19],[39.47,53.19],[39.34,52.25],[39.41,52.18],[39.24,52.18],[39.2,51.98],[39.11,51.98],[38.91,51.45],[38.83,51.45],[38.86,51.18],[38.59,51.11],[38.23,50.58],[37.95,50.45],[37.86,50.45],[37.73,50.65],[37.41,50.71],[37.05,51.05],[36.88,51.05],[36.91,51.18],[36.77,51.31],[36.36,51.38],[35.68,51.38],[35.21,51.11],[34.88,51.18],[34.04,50.71],[33.62,50.71],[33.24,50.45],[32.2,50.25],[31.44,50.25],[31.13,50.45],[30.95,50.31],[30.69,50.31],[30.21,50.45],[28.79,50.51],[26.76,50.45],[26.27,50.58],[26.14,50.91],[25.98,50.98],[25.99,51.05],[26.17,51.18],[26.21,51.51],[26.5,51.78],[26.43,51.92],[26.61,51.98],[26.85,52.52],[27.03,52.65],[26.97,52.86],[27.15,52.86],[27.56,53.39],[27.59,53.6],[27.68,53.6],[27.81,53.94],[27.72,53.94],[27.75,54.14],[27.92,54.07],[27.96,54.34],[28.17,54.61],[28.11,54.82],[28.29,54.82],[28.3,55.5],[28.08,55.77],[28.05,56.11],[27.96,56.11],[28.11,56.52],[27.96,56.66],[28.07,56.8],[27.98,56.8],[28.0,56.94],[27.91,56.94],[27.99,57.42],[27.9,57.42],[27.97,57.83],[27.88,57.83],[28.01,58.11],[27.85,58.25],[27.97,58.39],[27.72,58.53],[27.74,59.22],[28.04,59.36],[28.06,59.5],[27.88,59.5],[27.93,59.78],[28.29,59.78],[28.41,59.92],[28.85,59.85],[29.16,60.07],[29.15,60.0],[29.77,59.92],[29.76,59.85],[30.14,59.92],[30.38,59.78],[30.84,59.78],[31.1,60.21],[31.82,60.14],[31.98,60.49],[33.18,60.91],[35.36,61.19],[35.2,60.91],[35.57,60.91],[35.9,61.12],[36.08,61.12],[36.12,61.26],[36.43,61.41],[37.33,61.34],[37.31,61.26],[38.32,60.91],[38.38,60.77],[38.89,60.63],[38.94,60.49],[39.03,60.49],[39.29,60.42],[39.32,60.21]]],[[[27.89,56.8],[27.98,56.8],[27.97,56.73],[27.88,56.73],[27.89,56.8]]],[[[32.9,60.91],[32.99,60.91],[32.98,60.84],[32.89,60.84],[32.9,60.91]]],[[[38.34,60.98],[38.44,60.98],[38.42,60.91],[38.32,60.91],[38.34,60.98]]],[[[33.48,61.05],[33.58,61.05],[33.56,60.98],[33.47,60.98],[33.48,61.05]]]]},"properties":{"id":"territory:Kievan Rus':886","name":"키예프 루스","name_en":"Kievan Rus'","actor":"기타중립","valid_from":886,"valid_to":887,"wikidata":"Q1108445","area":878980,"src":"cliopatria","confidence":"medium"}},{"type":"Feature","geometry":{"type":"Point","coordinates":[34.011,55.709]},"properties":{"id":"territory:Kievan Rus':886:label","name":"키예프 루스","name_en":"Kievan Rus'","actor":"기타중립","valid_from":886,"valid_to":887,"wikidata":"Q1108445","area":878980,"src":"cliopatria","confidence":"medium"}},{"type":"Feature","geometry":{"type":"MultiPolygon","coordinates":[[[[9.49,43.02],[9.49,42.76],[9.57,42.76],[9.58,41.98],[9.5,41.98],[9.5,41.78],[9.26,41.39],[9.1,41.33],[8.78,41.52],[8.78,41.72],[8.62,41.72],[8.7,41.91],[8.54,42.11],[8.53,42.5],[8.77,42.69],[9.17,42.76],[9.25,43.02],[9.33,43.02],[9.49,43.02]]],[[[10.46,42.69],[10.21,42.69],[10.13,42.89],[10.21,42.89],[10.46,42.89],[10.46,42.69]]],[[[6.32,50.31],[6.08,50.11],[6.16,50.11],[6.17,49.91],[6.34,49.85],[6.27,49.38],[6.44,49.32],[6.44,49.12],[6.28,48.99],[6.21,48.72],[6.04,48.72],[5.8,48.46],[5.47,48.32],[5.48,48.06],[6.15,47.93],[6.31,47.99],[6.98,47.86],[7.14,48.06],[7.04,48.52],[7.21,48.59],[7.2,48.92],[7.53,49.05],[8.11,48.99],[8.12,48.65],[8.45,48.59],[8.78,48.65],[8.95,48.85],[9.78,49.18],[9.86,49.32],[10.28,49.38],[10.44,49.32],[10.61,48.65],[10.11,48.46],[9.95,47.86],[9.87,47.86],[9.95,47.8],[9.95,47.73],[9.54,47.4],[9.63,46.94],[9.38,46.68],[9.39,46.48],[9.55,46.35],[10.04,46.28],[10.12,46.41],[10.04,46.41],[10.04,46.61],[10.86,46.55],[11.6,46.68],[12.58,46.68],[13.07,46.55],[13.65,46.55],[13.73,46.48],[13.64,46.35],[13.96,45.96],[13.96,45.76],[14.28,45.56],[14.28,45.43],[14.28,45.37],[14.2,45.37],[14.19,45.04],[14.03,45.04],[13.95,45.04],[13.63,45.5],[13.71,45.5],[13.71,45.76],[13.14,45.82],[13.14,45.69],[13.06,45.69],[12.98,45.82],[12.74,45.82],[12.16,45.69],[12.0,45.56],[12.0,45.37],[12.16,45.37],[12.16,45.3],[12.16,45.17],[12.4,45.04],[12.4,44.78],[12.16,44.84],[12.15,44.45],[12.31,44.19],[12.87,43.8],[13.04,43.86],[13.03,43.73],[13.51,43.54],[13.51,43.47],[13.27,43.41],[13.19,43.54],[12.55,43.6],[12.55,43.47],[12.22,43.41],[11.82,43.34],[11.82,43.21],[11.98,43.15],[12.06,42.76],[11.74,42.63],[11.57,42.37],[11.49,42.37],[11.26,42.43],[11.18,42.63],[11.02,42.63],[11.02,42.82],[10.54,43.08],[10.37,43.67],[10.13,44.06],[9.89,43.99],[9.97,44.12],[9.73,44.12],[9.16,44.45],[8.59,44.45],[8.19,44.19],[8.03,43.93],[7.15,43.73],[6.99,43.54],[6.67,43.47],[6.52,43.21],[6.28,43.15],[5.8,43.15],[5.63,43.28],[5.39,43.28],[5.39,43.41],[5.06,43.47],[4.18,43.47],[4.17,43.6],[3.85,43.6],[3.62,43.41],[3.14,43.28],[2.98,43.15],[3.01,42.56],[3.18,42.37],[3.12,41.91],[2.57,41.59],[2.33,41.59],[2.11,41.33],[1.87,41.26],[1.79,41.26],[1.37,41.85],[1.68,41.91],[1.98,42.24],[2.46,42.3],[2.46,42.43],[1.49,42.63],[1.07,42.82],[0.67,42.82],[0.6,42.69],[-0.12,42.76],[-0.77,42.89],[-0.86,43.02],[-1.69,43.34],[-1.69,43.41],[-1.46,43.54],[-1.4,43.86],[-1.32,43.86],[-1.35,44.25],[-1.27,44.25],[-1.29,44.52],[-1.21,44.52],[-1.25,45.17],[-1.17,45.17],[-1.19,45.43],[-1.03,45.5],[-1.05,45.69],[-1.21,45.76],[-1.14,45.89],[-1.22,45.89],[-1.25,46.28],[-1.67,46.35],[-2.19,46.81],[-2.21,47.01],[-2.13,47.01],[-1.31,47.01],[-1.25,47.4],[-0.93,47.53],[-0.36,47.53],[-0.37,47.73],[-0.22,47.86],[-0.22,47.99],[-0.73,48.13],[-1.08,48.39],[-1.04,48.92],[-1.21,48.99],[-1.25,49.38],[-1.17,49.45],[-1.08,49.45],[0.01,49.38],[-0.01,49.65],[0.22,49.85],[1.05,49.98],[1.45,50.25],[1.42,50.71],[1.66,51.05],[2.58,51.18],[3.16,51.45],[3.75,51.45],[3.41,51.51],[3.4,51.65],[3.74,51.65],[3.65,51.78],[3.82,51.78],[3.81,51.92],[3.9,51.92],[3.98,51.92],[4.15,51.92],[4.24,51.71],[4.5,51.71],[4.49,51.84],[4.49,51.85],[4.49,51.92],[4.49,51.98],[4.57,51.98],[4.57,52.05],[5.51,52.05],[5.94,51.85],[5.94,51.71],[6.2,51.51],[5.96,51.18],[5.97,50.91],[5.97,50.85],[6.32,50.45],[6.32,50.31]]],[[[-15.58,64.35],[-15.48,64.35],[-15.46,64.28],[-15.56,64.28],[-15.58,64.35]]],[[[-15.41,64.42],[-15.31,64.42],[-15.29,64.35],[-15.39,64.35],[-15.41,64.42]]],[[[-23.01,66.03],[-23.45,66.18],[-23.48,66.25],[-23.06,66.18],[-23.01,66.03]]]]},"properties":{"id":"territory:West Franks:876","name":"서프랑크","name_en":"West Franks","actor":"게르만","valid_from":876,"valid_to":878,"wikidata":"Q46370","area":756733,"src":"cliopatria","confidence":"medium"}},{"type":"Feature","geometry":{"type":"Point","coordinates":[4.772,46.545]},"properties":{"id":"territory:West Franks:876:label","name":"서프랑크","name_en":"West Franks","actor":"게르만","valid_from":876,"valid_to":878,"wikidata":"Q46370","area":756733,"src":"cliopatria","confidence":"medium"}},{"type":"Feature","geometry":{"type":"MultiPolygon","coordinates":[[[[34.99,45.63],[35.02,45.3],[36.42,45.43],[36.37,45.1],[35.88,45.04],[35.73,45.17],[35.41,45.17],[35.3,44.97],[34.46,44.78],[34.38,44.78],[34.24,44.97],[34.08,44.97],[34.09,45.04],[33.6,45.04],[33.47,45.24],[33.22,45.24],[32.61,45.5],[33.71,45.82],[33.74,46.02],[34.15,46.09],[34.54,45.96],[34.74,45.63],[34.82,45.63],[34.99,45.63]]],[[[47.48,45.37],[47.33,45.43],[47.29,45.24],[47.1,45.1],[47.04,44.84],[46.69,44.71],[46.63,44.45],[47.01,44.32],[47.34,43.99],[47.34,43.6],[47.46,43.41],[47.38,43.02],[47.66,42.82],[47.68,42.56],[48.21,42.04],[48.2,41.98],[48.09,41.85],[48.17,41.85],[48.12,41.59],[48.2,41.59],[48.08,41.39],[47.72,41.2],[47.27,41.33],[46.74,41.85],[46.35,41.91],[46.3,42.04],[45.75,42.11],[45.71,42.3],[45.72,42.37],[45.67,42.5],[45.23,42.69],[44.82,42.69],[44.84,42.76],[44.76,42.76],[44.74,42.69],[44.36,42.76],[43.85,42.63],[43.66,42.89],[43.42,42.89],[42.99,43.15],[41.71,43.21],[41.35,43.41],[41.1,43.41],[41.12,43.47],[40.4,43.54],[40.26,43.67],[40.29,43.8],[40.03,43.73],[39.35,43.99],[39.36,44.06],[38.22,44.45],[38.01,44.71],[37.53,44.71],[37.26,45.04],[36.78,45.1],[36.82,45.37],[36.74,45.37],[36.91,45.43],[36.97,45.3],[37.7,45.3],[37.68,45.63],[37.86,45.76],[37.89,45.96],[38.33,46.15],[38.37,46.35],[37.9,46.48],[37.84,46.61],[38.49,46.61],[38.62,46.87],[38.79,46.87],[38.89,47.01],[39.13,46.94],[39.27,47.27],[39.2,47.33],[38.68,47.2],[37.52,47.14],[37.17,47.01],[37.23,46.87],[36.91,46.94],[36.8,46.81],[35.63,46.68],[35.25,46.28],[34.76,46.28],[34.74,46.15],[34.08,46.15],[34.02,46.28],[33.61,46.28],[33.59,46.15],[32.95,46.22],[32.85,46.09],[32.68,46.09],[32.06,46.35],[31.82,46.35],[31.84,46.48],[32.16,46.48],[32.17,46.55],[32.92,46.61],[33.69,46.87],[34.08,47.27],[34.12,47.53],[34.2,47.53],[34.63,47.66],[34.78,47.53],[35.03,47.53],[35.19,48.06],[35.12,48.13],[35.2,48.13],[35.35,48.52],[36.37,49.18],[37.26,49.45],[37.29,49.65],[37.38,49.65],[37.39,49.71],[38.02,50.38],[38.1,50.38],[38.95,49.98],[39.3,50.05],[40.93,49.85],[41.45,49.91],[41.74,49.71],[42.4,49.65],[43.57,49.65],[44.54,49.52],[46.81,49.58],[47.51,49.38],[48.1,48.72],[48.65,48.59],[48.78,48.46],[50.12,48.19],[51.2,48.19],[51.28,48.19],[53.6,48.19],[53.79,47.99],[53.96,47.99],[54.0,47.86],[54.17,47.86],[54.3,47.73],[54.26,47.6],[54.41,47.53],[54.37,47.4],[54.52,47.33],[54.44,46.74],[54.52,46.74],[54.29,45.56],[54.21,45.56],[53.88,45.56],[53.67,45.37],[53.42,45.37],[53.06,45.56],[53.07,45.89],[53.25,45.96],[53.35,46.35],[53.27,46.35],[53.27,46.68],[53.19,46.68],[53.24,46.87],[53.11,47.01],[51.86,46.94],[51.81,47.07],[51.58,47.14],[50.84,47.14],[50.3,46.94],[49.99,46.68],[49.3,46.55],[49.06,46.22],[48.64,46.15],[48.59,45.96],[48.35,45.96],[48.06,45.76],[47.57,45.76],[47.46,45.63],[47.54,45.63],[47.52,45.56],[47.48,45.37]]],[[[53.08,45.96],[53.1,46.02],[53.18,46.02],[53.17,45.96],[53.08,45.96]]]]},"properties":{"id":"territory:Khazaria:896","name":"하자르","name_en":"Khazaria","actor":"기타중립","valid_from":896,"valid_to":911,"wikidata":"Q173282","area":749672,"src":"cliopatria","confidence":"medium"}},{"type":"Feature","geometry":{"type":"Point","coordinates":[43.361,46.612]},"properties":{"id":"territory:Khazaria:896:label","name":"하자르","name_en":"Khazaria","actor":"기타중립","valid_from":896,"valid_to":911,"wikidata":"Q173282","area":749672,"src":"cliopatria","confidence":"medium"}},{"type":"Feature","geometry":{"type":"MultiPolygon","coordinates":[[[[34.99,45.63],[35.02,45.3],[36.42,45.43],[36.37,45.1],[35.88,45.04],[35.73,45.17],[35.41,45.17],[35.3,44.97],[34.46,44.78],[34.38,44.78],[34.24,44.97],[34.08,44.97],[34.09,45.04],[33.6,45.04],[33.47,45.24],[33.22,45.24],[32.61,45.5],[33.71,45.82],[33.74,46.02],[34.15,46.09],[34.54,45.96],[34.74,45.63],[34.82,45.63],[34.99,45.63]]],[[[47.48,45.37],[47.33,45.43],[47.29,45.24],[47.1,45.1],[47.04,44.84],[46.69,44.71],[46.63,44.45],[47.01,44.32],[47.34,43.99],[47.34,43.6],[47.46,43.41],[47.38,43.02],[47.66,42.82],[47.68,42.56],[48.21,42.04],[48.2,41.98],[48.09,41.85],[48.17,41.85],[48.18,41.52],[47.89,41.26],[47.56,41.2],[47.27,41.33],[46.74,41.85],[46.35,41.91],[46.3,42.04],[45.75,42.11],[45.67,42.5],[45.23,42.69],[44.82,42.69],[44.84,42.76],[44.76,42.76],[44.74,42.69],[44.36,42.76],[43.85,42.63],[43.66,42.89],[43.42,42.89],[42.99,43.15],[42.5,43.15],[41.71,43.21],[41.35,43.41],[41.1,43.41],[41.12,43.47],[40.4,43.54],[40.26,43.67],[40.29,43.8],[40.03,43.73],[39.35,43.99],[39.36,44.06],[38.22,44.45],[38.01,44.71],[37.53,44.71],[37.26,45.04],[36.78,45.1],[36.82,45.37],[36.74,45.37],[36.91,45.43],[36.97,45.3],[37.7,45.3],[37.68,45.63],[37.86,45.76],[37.89,45.96],[38.33,46.15],[38.37,46.35],[37.9,46.48],[37.84,46.61],[38.49,46.61],[38.62,46.87],[38.79,46.87],[38.89,47.01],[39.13,46.94],[39.27,47.27],[39.2,47.33],[38.68,47.2],[37.52,47.14],[37.17,47.01],[37.23,46.87],[36.91,46.94],[36.8,46.81],[35.63,46.68],[35.25,46.28],[34.76,46.28],[34.74,46.15],[34.08,46.15],[34.02,46.28],[33.61,46.28],[33.59,46.15],[32.95,46.22],[32.85,46.09],[32.68,46.09],[32.06,46.35],[31.82,46.35],[31.84,46.48],[32.16,46.48],[32.17,46.55],[32.92,46.61],[33.69,46.87],[34.08,47.27],[34.11,47.47],[34.38,47.6],[35.03,47.53],[35.35,48.52],[36.37,49.18],[37.26,49.45],[37.4,49.78],[37.79,50.05],[37.86,50.45],[37.95,50.45],[38.95,49.98],[39.3,50.05],[40.93,49.85],[41.45,49.91],[41.74,49.71],[44.54,49.52],[46.81,49.58],[47.51,49.38],[48.1,48.72],[48.65,48.59],[48.78,48.46],[50.12,48.19],[51.2,48.19],[51.28,48.19],[53.6,48.19],[53.79,47.99],[53.96,47.99],[54.0,47.86],[54.17,47.86],[54.3,47.73],[54.26,47.6],[54.41,47.53],[54.37,47.4],[54.52,47.33],[54.44,46.74],[54.52,46.74],[54.29,45.56],[54.21,45.56],[53.88,45.56],[53.67,45.37],[53.42,45.37],[53.06,45.56],[53.07,45.89],[53.25,45.96],[53.35,46.35],[53.27,46.35],[53.27,46.68],[53.19,46.68],[53.24,46.87],[53.11,47.01],[51.86,46.94],[51.81,47.07],[51.58,47.14],[50.84,47.14],[50.3,46.94],[49.99,46.68],[49.3,46.55],[49.06,46.22],[48.64,46.15],[48.59,45.96],[48.35,45.96],[48.06,45.76],[47.57,45.76],[47.46,45.63],[47.54,45.63],[47.52,45.56],[47.48,45.37]]],[[[53.08,45.96],[53.1,46.02],[53.18,46.02],[53.17,45.96],[53.08,45.96]]]]},"properties":{"id":"territory:Khazaria:840","name":"하자르","name_en":"Khazaria","actor":"기타중립","valid_from":840,"valid_to":866,"wikidata":"Q173282","area":749502,"src":"cliopatria","confidence":"medium"}},{"type":"Feature","geometry":{"type":"Point","coordinates":[43.363,46.609]},"properties":{"id":"territory:Khazaria:840:label","name":"하자르","name_en":"Khazaria","actor":"기타중립","valid_from":840,"valid_to":866,"wikidata":"Q173282","area":749502,"src":"cliopatria","confidence":"medium"}},{"type":"Feature","geometry":{"type":"MultiPolygon","coordinates":[[[[34.99,45.63],[35.02,45.3],[36.42,45.43],[36.37,45.1],[35.88,45.04],[35.73,45.17],[35.41,45.17],[35.3,44.97],[34.46,44.78],[34.38,44.78],[34.24,44.97],[34.08,44.97],[34.09,45.04],[33.6,45.04],[33.47,45.24],[33.22,45.24],[32.61,45.5],[33.71,45.82],[33.74,46.02],[34.15,46.09],[34.54,45.96],[34.74,45.63],[34.82,45.63],[34.99,45.63]]],[[[47.48,45.37],[47.33,45.43],[47.29,45.24],[47.1,45.1],[47.04,44.84],[46.69,44.71],[46.63,44.45],[47.01,44.32],[47.34,43.99],[47.34,43.6],[47.46,43.41],[47.38,43.02],[47.66,42.82],[47.68,42.56],[48.21,42.04],[48.2,41.98],[48.09,41.85],[48.17,41.85],[48.12,41.59],[48.2,41.59],[48.08,41.39],[47.72,41.2],[47.27,41.33],[46.74,41.85],[46.35,41.91],[46.3,42.04],[45.75,42.11],[45.67,42.5],[45.23,42.69],[44.82,42.69],[44.84,42.76],[44.76,42.76],[44.74,42.69],[44.36,42.76],[43.85,42.63],[43.66,42.89],[43.42,42.89],[42.99,43.15],[42.5,43.15],[41.71,43.21],[41.35,43.41],[41.1,43.41],[41.12,43.47],[40.4,43.54],[40.26,43.67],[40.29,43.8],[40.03,43.73],[39.35,43.99],[39.36,44.06],[38.22,44.45],[38.01,44.71],[37.53,44.71],[37.26,45.04],[36.78,45.1],[36.82,45.37],[36.74,45.37],[36.91,45.43],[36.97,45.3],[37.7,45.3],[37.68,45.63],[37.86,45.76],[37.89,45.96],[38.33,46.15],[38.37,46.35],[37.9,46.48],[37.84,46.61],[38.49,46.61],[38.62,46.87],[38.79,46.87],[38.89,47.01],[39.13,46.94],[39.27,47.27],[39.2,47.33],[38.68,47.2],[37.52,47.14],[37.17,47.01],[37.23,46.87],[36.91,46.94],[36.8,46.81],[35.63,46.68],[35.25,46.28],[34.76,46.28],[34.74,46.15],[34.08,46.15],[34.02,46.28],[33.61,46.28],[33.59,46.15],[32.95,46.22],[32.85,46.09],[32.68,46.09],[32.06,46.35],[31.82,46.35],[31.84,46.48],[32.16,46.48],[32.17,46.55],[32.92,46.61],[33.69,46.87],[34.08,47.27],[34.11,47.47],[34.38,47.6],[35.03,47.53],[35.35,48.52],[36.37,49.18],[37.26,49.45],[37.4,49.78],[37.79,50.05],[37.86,50.45],[37.95,50.45],[38.95,49.98],[39.3,50.05],[40.93,49.85],[41.45,49.91],[41.74,49.71],[44.54,49.52],[46.81,49.58],[47.51,49.38],[48.1,48.72],[48.65,48.59],[48.78,48.46],[50.12,48.19],[51.2,48.19],[51.28,48.19],[53.6,48.19],[53.79,47.99],[53.96,47.99],[54.0,47.86],[54.17,47.86],[54.3,47.73],[54.26,47.6],[54.41,47.53],[54.37,47.4],[54.52,47.33],[54.44,46.74],[54.52,46.74],[54.29,45.56],[54.21,45.56],[53.88,45.56],[53.67,45.37],[53.42,45.37],[53.06,45.56],[53.07,45.89],[53.25,45.96],[53.35,46.35],[53.27,46.35],[53.27,46.68],[53.19,46.68],[53.24,46.87],[53.11,47.01],[51.86,46.94],[51.81,47.07],[51.58,47.14],[50.84,47.14],[50.3,46.94],[49.99,46.68],[49.3,46.55],[49.06,46.22],[48.64,46.15],[48.59,45.96],[48.35,45.96],[48.06,45.76],[47.57,45.76],[47.46,45.63],[47.54,45.63],[47.52,45.56],[47.48,45.37]]],[[[53.08,45.96],[53.1,46.02],[53.18,46.02],[53.17,45.96],[53.08,45.96]]]]},"properties":{"id":"territory:Khazaria:866","name":"하자르","name_en":"Khazaria","actor":"기타중립","valid_from":866,"valid_to":875,"wikidata":"Q173282","area":749359,"src":"cliopatria","confidence":"medium"}},{"type":"Feature","geometry":{"type":"Point","coordinates":[43.362,46.61]},"properties":{"id":"territory:Khazaria:866:label","name":"하자르","name_en":"Khazaria","actor":"기타중립","valid_from":866,"valid_to":875,"wikidata":"Q173282","area":749359,"src":"cliopatria","confidence":"medium"}},{"type":"Feature","geometry":{"type":"MultiPolygon","coordinates":[[[[34.99,45.63],[35.02,45.3],[36.42,45.43],[36.37,45.1],[35.88,45.04],[35.73,45.17],[35.41,45.17],[35.3,44.97],[34.46,44.78],[34.38,44.78],[34.24,44.97],[34.08,44.97],[34.09,45.04],[33.6,45.04],[33.47,45.24],[33.22,45.24],[32.61,45.5],[33.71,45.82],[33.74,46.02],[34.15,46.09],[34.54,45.96],[34.74,45.63],[34.82,45.63],[34.99,45.63]]],[[[47.48,45.37],[47.33,45.43],[47.29,45.24],[47.1,45.1],[47.04,44.84],[46.69,44.71],[46.63,44.45],[47.01,44.32],[47.34,43.99],[47.34,43.6],[47.46,43.41],[47.38,43.02],[47.66,42.82],[47.68,42.56],[48.21,42.04],[48.2,41.98],[48.09,41.85],[48.17,41.85],[48.18,41.52],[47.89,41.26],[47.56,41.2],[47.27,41.33],[46.74,41.85],[46.35,41.91],[46.3,42.04],[45.75,42.11],[45.67,42.5],[45.23,42.69],[44.82,42.69],[44.84,42.76],[44.76,42.76],[44.74,42.69],[44.36,42.76],[43.85,42.63],[43.66,42.89],[43.42,42.89],[42.99,43.15],[42.5,43.15],[41.71,43.21],[41.35,43.41],[41.1,43.41],[41.12,43.47],[40.4,43.54],[40.26,43.67],[40.29,43.8],[40.03,43.73],[39.35,43.99],[39.36,44.06],[38.22,44.45],[38.01,44.71],[37.53,44.71],[37.26,45.04],[36.78,45.1],[36.82,45.37],[36.74,45.37],[36.91,45.43],[36.97,45.3],[37.7,45.3],[37.68,45.63],[37.86,45.76],[37.89,45.96],[38.33,46.15],[38.37,46.35],[37.9,46.48],[37.84,46.61],[38.49,46.61],[38.62,46.87],[38.79,46.87],[38.89,47.01],[39.13,46.94],[39.27,47.27],[39.2,47.33],[38.68,47.2],[37.52,47.14],[37.17,47.01],[37.23,46.87],[36.91,46.94],[36.8,46.81],[35.63,46.68],[35.25,46.28],[34.76,46.28],[34.74,46.15],[34.08,46.15],[34.02,46.28],[33.61,46.28],[33.59,46.15],[32.95,46.22],[32.85,46.09],[32.68,46.09],[32.06,46.35],[31.82,46.35],[31.84,46.48],[32.16,46.48],[32.17,46.55],[32.92,46.61],[33.69,46.87],[34.08,47.27],[34.12,47.53],[34.2,47.53],[34.63,47.66],[34.78,47.53],[35.03,47.53],[35.19,48.06],[35.12,48.13],[35.2,48.13],[35.35,48.52],[36.37,49.18],[37.08,49.38],[37.69,49.98],[37.63,50.11],[37.9,50.18],[38.48,50.18],[38.95,49.98],[39.3,50.05],[40.93,49.85],[41.45,49.91],[41.74,49.71],[42.4,49.65],[43.57,49.65],[44.54,49.52],[46.81,49.58],[47.51,49.38],[48.1,48.72],[48.65,48.59],[48.78,48.46],[50.12,48.19],[51.2,48.19],[51.28,48.19],[53.6,48.19],[53.79,47.99],[53.96,47.99],[54.0,47.86],[54.17,47.86],[54.3,47.73],[54.26,47.6],[54.41,47.53],[54.37,47.4],[54.52,47.33],[54.44,46.74],[54.52,46.74],[54.29,45.56],[54.21,45.56],[53.88,45.56],[53.67,45.37],[53.42,45.37],[53.06,45.56],[53.07,45.89],[53.25,45.96],[53.35,46.35],[53.27,46.35],[53.27,46.68],[53.19,46.68],[53.24,46.87],[53.11,47.01],[51.86,46.94],[51.81,47.07],[51.58,47.14],[50.84,47.14],[50.3,46.94],[49.99,46.68],[49.3,46.55],[49.06,46.22],[48.64,46.15],[48.59,45.96],[48.35,45.96],[48.06,45.76],[47.57,45.76],[47.46,45.63],[47.54,45.63],[47.52,45.56],[47.48,45.37]]],[[[53.08,45.96],[53.1,46.02],[53.18,46.02],[53.17,45.96],[53.08,45.96]]]]},"properties":{"id":"territory:Khazaria:814","name":"하자르","name_en":"Khazaria","actor":"기타중립","valid_from":814,"valid_to":825,"wikidata":"Q173282","area":749342,"src":"cliopatria","confidence":"medium"}},{"type":"Feature","geometry":{"type":"Point","coordinates":[43.367,46.607]},"properties":{"id":"territory:Khazaria:814:label","name":"하자르","name_en":"Khazaria","actor":"기타중립","valid_from":814,"valid_to":825,"wikidata":"Q173282","area":749342,"src":"cliopatria","confidence":"medium"}},{"type":"Feature","geometry":{"type":"MultiPolygon","coordinates":[[[[34.99,45.63],[35.02,45.3],[36.42,45.43],[36.37,45.1],[35.88,45.04],[35.73,45.17],[35.41,45.17],[35.3,44.97],[34.46,44.78],[34.38,44.78],[34.24,44.97],[34.08,44.97],[34.09,45.04],[33.6,45.04],[33.47,45.24],[33.22,45.24],[32.61,45.5],[33.71,45.82],[33.74,46.02],[34.15,46.09],[34.54,45.96],[34.74,45.63],[34.82,45.63],[34.99,45.63]]],[[[47.48,45.37],[47.33,45.43],[47.29,45.24],[47.1,45.1],[47.04,44.84],[46.69,44.71],[46.63,44.45],[47.01,44.32],[47.34,43.99],[47.34,43.6],[47.46,43.41],[47.38,43.02],[47.66,42.82],[47.68,42.56],[48.21,42.04],[48.2,41.98],[48.09,41.85],[48.17,41.85],[48.18,41.52],[47.72,41.2],[47.27,41.33],[46.74,41.85],[46.42,41.85],[46.3,42.04],[45.75,42.11],[45.67,42.5],[45.23,42.69],[44.82,42.69],[44.84,42.76],[44.76,42.76],[44.74,42.69],[44.36,42.76],[43.85,42.63],[43.66,42.89],[43.42,42.89],[42.99,43.15],[42.5,43.15],[41.71,43.21],[41.35,43.41],[41.1,43.41],[41.12,43.47],[40.4,43.54],[40.26,43.67],[40.29,43.8],[40.03,43.73],[39.35,43.99],[39.36,44.06],[38.22,44.45],[38.01,44.71],[37.53,44.71],[37.26,45.04],[36.78,45.1],[36.82,45.37],[36.74,45.37],[36.91,45.43],[36.97,45.3],[37.7,45.3],[37.68,45.63],[37.86,45.76],[37.89,45.96],[38.33,46.15],[38.37,46.35],[37.9,46.48],[37.84,46.61],[38.49,46.61],[38.62,46.87],[38.79,46.87],[38.89,47.01],[39.13,46.94],[39.27,47.27],[39.2,47.33],[38.68,47.2],[37.52,47.14],[37.17,47.01],[37.23,46.87],[36.91,46.94],[36.8,46.81],[35.63,46.68],[35.25,46.28],[34.76,46.28],[34.74,46.15],[34.08,46.15],[34.02,46.28],[33.61,46.28],[33.59,46.15],[32.95,46.22],[32.85,46.09],[32.68,46.09],[32.06,46.35],[31.82,46.35],[31.84,46.48],[32.16,46.48],[32.17,46.55],[32.92,46.61],[33.69,46.87],[34.08,47.27],[34.12,47.53],[34.2,47.53],[34.63,47.66],[34.78,47.53],[35.03,47.53],[35.19,48.06],[35.12,48.13],[35.2,48.13],[35.35,48.52],[36.37,49.18],[37.08,49.38],[37.69,49.98],[37.63,50.11],[37.9,50.18],[38.48,50.18],[38.95,49.98],[39.3,50.05],[40.93,49.85],[41.45,49.91],[41.74,49.71],[42.4,49.65],[43.57,49.65],[44.54,49.52],[46.81,49.58],[47.51,49.38],[48.1,48.72],[48.65,48.59],[48.78,48.46],[50.12,48.19],[51.2,48.19],[51.28,48.19],[53.6,48.19],[53.79,47.99],[53.96,47.99],[54.0,47.86],[54.17,47.86],[54.3,47.73],[54.26,47.6],[54.41,47.53],[54.37,47.4],[54.52,47.33],[54.44,46.74],[54.52,46.74],[54.29,45.56],[54.21,45.56],[53.88,45.56],[53.67,45.37],[53.42,45.37],[53.06,45.56],[53.07,45.89],[53.25,45.96],[53.35,46.35],[53.27,46.35],[53.27,46.68],[53.19,46.68],[53.24,46.87],[53.11,47.01],[51.86,46.94],[51.81,47.07],[51.58,47.14],[50.84,47.14],[50.3,46.94],[49.99,46.68],[49.3,46.55],[49.06,46.22],[48.64,46.15],[48.59,45.96],[48.35,45.96],[48.06,45.76],[47.57,45.76],[47.46,45.63],[47.54,45.63],[47.52,45.56],[47.48,45.37]]],[[[53.08,45.96],[53.1,46.02],[53.18,46.02],[53.17,45.96],[53.08,45.96]]]]},"properties":{"id":"territory:Khazaria:825","name":"하자르","name_en":"Khazaria","actor":"기타중립","valid_from":825,"valid_to":840,"wikidata":"Q173282","area":749247,"src":"cliopatria","confidence":"medium"}},{"type":"Feature","geometry":{"type":"Point","coordinates":[43.366,46.607]},"properties":{"id":"territory:Khazaria:825:label","name":"하자르","name_en":"Khazaria","actor":"기타중립","valid_from":825,"valid_to":840,"wikidata":"Q173282","area":749247,"src":"cliopatria","confidence":"medium"}},{"type":"Feature","geometry":{"type":"MultiPolygon","coordinates":[[[[34.99,45.63],[35.02,45.3],[36.42,45.43],[36.37,45.1],[35.88,45.04],[35.73,45.17],[35.41,45.17],[35.3,44.97],[34.46,44.78],[34.38,44.78],[34.24,44.97],[34.08,44.97],[34.09,45.04],[33.6,45.04],[33.47,45.24],[33.22,45.24],[32.61,45.5],[33.71,45.82],[33.74,46.02],[34.15,46.09],[34.54,45.96],[34.74,45.63],[34.82,45.63],[34.99,45.63]]],[[[47.48,45.37],[47.33,45.43],[47.29,45.24],[47.1,45.1],[47.04,44.84],[46.69,44.71],[46.63,44.45],[47.01,44.32],[47.34,43.99],[47.34,43.6],[47.46,43.41],[47.38,43.02],[47.66,42.82],[47.68,42.56],[48.21,42.04],[48.2,41.98],[48.09,41.85],[48.17,41.85],[48.12,41.59],[48.2,41.59],[48.08,41.39],[47.72,41.2],[47.27,41.33],[46.74,41.85],[46.35,41.91],[46.3,42.04],[45.75,42.11],[45.67,42.5],[45.23,42.69],[44.82,42.69],[44.84,42.76],[44.76,42.76],[44.74,42.69],[44.36,42.76],[43.85,42.63],[43.66,42.89],[43.42,42.89],[42.99,43.15],[41.71,43.21],[41.35,43.41],[41.1,43.41],[41.12,43.47],[40.4,43.54],[40.26,43.67],[40.29,43.8],[40.03,43.73],[39.35,43.99],[39.36,44.06],[38.22,44.45],[38.01,44.71],[37.53,44.71],[37.26,45.04],[36.78,45.1],[36.82,45.37],[36.74,45.37],[36.91,45.43],[36.97,45.3],[37.7,45.3],[37.68,45.63],[37.86,45.76],[37.89,45.96],[38.33,46.15],[38.37,46.35],[37.9,46.48],[37.84,46.61],[38.49,46.61],[38.62,46.87],[38.79,46.87],[38.89,47.01],[39.13,46.94],[39.27,47.27],[39.2,47.33],[38.68,47.2],[37.52,47.14],[37.17,47.01],[37.23,46.87],[36.91,46.94],[36.8,46.81],[35.63,46.68],[35.25,46.28],[34.76,46.28],[34.74,46.15],[34.08,46.15],[34.02,46.28],[33.61,46.28],[33.59,46.15],[32.95,46.22],[32.85,46.09],[32.68,46.09],[32.06,46.35],[31.82,46.35],[31.84,46.48],[32.16,46.48],[32.17,46.55],[32.92,46.61],[33.69,46.87],[34.08,47.27],[34.11,47.47],[34.38,47.6],[35.03,47.53],[35.35,48.52],[36.37,49.18],[37.26,49.45],[37.4,49.78],[37.79,50.05],[37.86,50.45],[37.95,50.45],[38.95,49.98],[39.3,50.05],[40.93,49.85],[41.45,49.91],[41.74,49.71],[44.54,49.52],[46.81,49.58],[47.51,49.38],[48.1,48.72],[48.65,48.59],[48.78,48.46],[50.12,48.19],[51.2,48.19],[51.28,48.19],[53.6,48.19],[53.79,47.99],[53.96,47.99],[54.0,47.86],[54.17,47.86],[54.3,47.73],[54.26,47.6],[54.41,47.53],[54.37,47.4],[54.52,47.33],[54.44,46.74],[54.52,46.74],[54.29,45.56],[54.21,45.56],[53.88,45.56],[53.67,45.37],[53.42,45.37],[53.06,45.56],[53.07,45.89],[53.25,45.96],[53.35,46.35],[53.27,46.35],[53.27,46.68],[53.19,46.68],[53.24,46.87],[53.11,47.01],[51.86,46.94],[51.81,47.07],[51.58,47.14],[50.84,47.14],[50.3,46.94],[49.99,46.68],[49.3,46.55],[49.06,46.22],[48.64,46.15],[48.59,45.96],[48.35,45.96],[48.06,45.76],[47.57,45.76],[47.46,45.63],[47.54,45.63],[47.52,45.56],[47.48,45.37]]],[[[53.08,45.96],[53.1,46.02],[53.18,46.02],[53.17,45.96],[53.08,45.96]]]]},"properties":{"id":"territory:Khazaria:875","name":"하자르","name_en":"Khazaria","actor":"기타중립","valid_from":875,"valid_to":888,"wikidata":"Q173282","area":749217,"src":"cliopatria","confidence":"medium"}},{"type":"Feature","geometry":{"type":"Point","coordinates":[43.362,46.61]},"properties":{"id":"territory:Khazaria:875:label","name":"하자르","name_en":"Khazaria","actor":"기타중립","valid_from":875,"valid_to":888,"wikidata":"Q173282","area":749217,"src":"cliopatria","confidence":"medium"}},{"type":"Feature","geometry":{"type":"MultiPolygon","coordinates":[[[[34.99,45.63],[35.02,45.3],[36.42,45.43],[36.37,45.1],[35.88,45.04],[35.73,45.17],[35.41,45.17],[35.3,44.97],[34.46,44.78],[34.38,44.78],[34.24,44.97],[34.08,44.97],[34.09,45.04],[33.6,45.04],[33.47,45.24],[33.22,45.24],[32.61,45.5],[33.71,45.82],[33.74,46.02],[34.15,46.09],[34.54,45.96],[34.74,45.63],[34.82,45.63],[34.99,45.63]]],[[[47.48,45.37],[47.33,45.43],[47.29,45.24],[47.1,45.1],[47.04,44.84],[46.69,44.71],[46.63,44.45],[47.01,44.32],[47.34,43.99],[47.34,43.6],[47.46,43.41],[47.38,43.02],[47.66,42.82],[47.68,42.56],[48.21,42.04],[48.2,41.98],[48.09,41.85],[48.17,41.85],[48.12,41.59],[48.2,41.59],[48.08,41.39],[47.72,41.2],[47.27,41.33],[46.74,41.85],[46.35,41.91],[46.3,42.04],[45.75,42.11],[45.71,42.3],[45.72,42.37],[45.67,42.5],[45.23,42.69],[44.82,42.69],[44.84,42.76],[44.76,42.76],[44.74,42.69],[44.36,42.76],[43.85,42.63],[43.66,42.89],[43.42,42.89],[42.99,43.15],[41.71,43.21],[41.35,43.41],[41.1,43.41],[41.12,43.47],[40.4,43.54],[40.26,43.67],[40.29,43.8],[40.03,43.73],[39.35,43.99],[39.36,44.06],[38.22,44.45],[38.01,44.71],[37.53,44.71],[37.26,45.04],[36.78,45.1],[36.82,45.37],[36.74,45.37],[36.91,45.43],[36.97,45.3],[37.7,45.3],[37.68,45.63],[37.86,45.76],[37.89,45.96],[38.33,46.15],[38.37,46.35],[37.9,46.48],[37.84,46.61],[38.49,46.61],[38.62,46.87],[38.79,46.87],[38.89,47.01],[39.13,46.94],[39.27,47.27],[39.2,47.33],[38.68,47.2],[37.52,47.14],[37.17,47.01],[37.23,46.87],[36.91,46.94],[36.8,46.81],[35.63,46.68],[35.25,46.28],[34.76,46.28],[34.74,46.15],[34.08,46.15],[34.02,46.28],[33.61,46.28],[33.59,46.15],[32.95,46.22],[32.85,46.09],[32.68,46.09],[32.06,46.35],[31.82,46.35],[31.84,46.48],[32.16,46.48],[32.17,46.55],[32.92,46.61],[33.69,46.87],[34.08,47.27],[34.11,47.47],[34.38,47.6],[35.03,47.53],[35.35,48.52],[36.37,49.18],[37.26,49.45],[37.4,49.78],[37.79,50.05],[37.86,50.45],[37.95,50.45],[38.95,49.98],[39.3,50.05],[40.93,49.85],[41.45,49.91],[41.74,49.71],[44.54,49.52],[46.81,49.58],[47.51,49.38],[48.1,48.72],[48.65,48.59],[48.78,48.46],[50.12,48.19],[51.2,48.19],[51.28,48.19],[53.6,48.19],[53.79,47.99],[53.96,47.99],[54.0,47.86],[54.17,47.86],[54.3,47.73],[54.26,47.6],[54.41,47.53],[54.37,47.4],[54.52,47.33],[54.44,46.74],[54.52,46.74],[54.29,45.56],[54.21,45.56],[53.88,45.56],[53.67,45.37],[53.42,45.37],[53.06,45.56],[53.07,45.89],[53.25,45.96],[53.35,46.35],[53.27,46.35],[53.27,46.68],[53.19,46.68],[53.24,46.87],[53.11,47.01],[51.86,46.94],[51.81,47.07],[51.58,47.14],[50.84,47.14],[50.3,46.94],[49.99,46.68],[49.3,46.55],[49.06,46.22],[48.64,46.15],[48.59,45.96],[48.35,45.96],[48.06,45.76],[47.57,45.76],[47.46,45.63],[47.54,45.63],[47.52,45.56],[47.48,45.37]]],[[[53.08,45.96],[53.1,46.02],[53.18,46.02],[53.17,45.96],[53.08,45.96]]]]},"properties":{"id":"territory:Khazaria:888","name":"하자르","name_en":"Khazaria","actor":"기타중립","valid_from":888,"valid_to":896,"wikidata":"Q173282","area":749193,"src":"cliopatria","confidence":"medium"}},{"type":"Feature","geometry":{"type":"Point","coordinates":[43.362,46.61]},"properties":{"id":"territory:Khazaria:888:label","name":"하자르","name_en":"Khazaria","actor":"기타중립","valid_from":888,"valid_to":896,"wikidata":"Q173282","area":749193,"src":"cliopatria","confidence":"medium"}},{"type":"Feature","geometry":{"type":"MultiPolygon","coordinates":[[[[34.99,45.63],[35.02,45.3],[36.42,45.43],[36.37,45.1],[35.88,45.04],[35.73,45.17],[35.41,45.17],[35.3,44.97],[34.87,44.84],[34.79,44.84],[34.73,44.97],[34.08,44.97],[34.09,45.04],[33.6,45.04],[33.47,45.24],[33.22,45.24],[32.61,45.5],[33.71,45.82],[33.74,46.02],[34.15,46.09],[34.54,45.96],[34.74,45.63],[34.82,45.63],[34.99,45.63]]],[[[47.48,45.37],[47.33,45.43],[47.29,45.24],[47.1,45.1],[47.04,44.84],[46.69,44.71],[46.63,44.45],[47.01,44.32],[47.34,43.99],[47.34,43.6],[47.46,43.41],[47.38,43.02],[47.66,42.82],[47.68,42.56],[48.21,42.04],[48.2,41.98],[48.09,41.85],[48.17,41.85],[48.18,41.52],[47.89,41.26],[47.56,41.2],[47.27,41.33],[46.74,41.85],[46.35,41.91],[46.3,42.04],[45.75,42.11],[45.67,42.5],[45.23,42.69],[44.82,42.69],[44.84,42.76],[44.76,42.76],[44.74,42.69],[44.36,42.76],[43.85,42.63],[43.66,42.89],[43.42,42.89],[42.99,43.15],[42.5,43.15],[41.71,43.21],[41.35,43.41],[41.1,43.41],[41.12,43.47],[40.4,43.54],[40.26,43.67],[40.29,43.8],[40.03,43.73],[39.35,43.99],[39.36,44.06],[38.22,44.45],[38.01,44.71],[37.53,44.71],[37.26,45.04],[36.78,45.1],[36.82,45.37],[36.74,45.37],[36.91,45.43],[36.97,45.3],[37.7,45.3],[37.68,45.63],[37.86,45.76],[37.89,45.96],[38.33,46.15],[38.37,46.35],[37.9,46.48],[37.84,46.61],[38.49,46.61],[38.62,46.87],[38.79,46.87],[38.89,47.01],[39.13,46.94],[39.27,47.27],[39.2,47.33],[38.68,47.2],[37.52,47.14],[37.17,47.01],[37.23,46.87],[36.91,46.94],[36.8,46.81],[35.63,46.68],[35.25,46.28],[34.76,46.28],[34.74,46.15],[34.08,46.15],[34.02,46.28],[33.61,46.28],[33.59,46.15],[32.95,46.22],[32.85,46.09],[32.68,46.09],[32.06,46.35],[31.82,46.35],[31.84,46.48],[32.16,46.48],[32.17,46.55],[32.92,46.61],[33.69,46.87],[34.08,47.27],[34.12,47.53],[34.2,47.53],[34.63,47.66],[34.78,47.53],[35.03,47.53],[35.19,48.06],[35.12,48.13],[35.2,48.13],[35.35,48.52],[36.37,49.18],[37.08,49.38],[37.69,49.98],[37.63,50.11],[37.9,50.18],[38.48,50.18],[38.95,49.98],[39.3,50.05],[40.93,49.85],[41.45,49.91],[41.74,49.71],[42.4,49.65],[43.57,49.65],[44.54,49.52],[46.81,49.58],[47.51,49.38],[48.1,48.72],[48.65,48.59],[48.78,48.46],[50.12,48.19],[51.2,48.19],[51.28,48.19],[53.6,48.19],[53.79,47.99],[53.96,47.99],[54.0,47.86],[54.17,47.86],[54.3,47.73],[54.26,47.6],[54.41,47.53],[54.37,47.4],[54.52,47.33],[54.44,46.74],[54.52,46.74],[54.29,45.56],[54.21,45.56],[53.88,45.56],[53.67,45.37],[53.42,45.37],[53.06,45.56],[53.07,45.89],[53.25,45.96],[53.35,46.35],[53.27,46.35],[53.27,46.68],[53.19,46.68],[53.24,46.87],[53.11,47.01],[51.86,46.94],[51.81,47.07],[51.58,47.14],[50.84,47.14],[50.3,46.94],[49.99,46.68],[49.3,46.55],[49.06,46.22],[48.64,46.15],[48.59,45.96],[48.35,45.96],[48.06,45.76],[47.57,45.76],[47.46,45.63],[47.54,45.63],[47.52,45.56],[47.48,45.37]]],[[[53.08,45.96],[53.1,46.02],[53.18,46.02],[53.17,45.96],[53.08,45.96]]]]},"properties":{"id":"territory:Khazaria:778","name":"하자르","name_en":"Khazaria","actor":"기타중립","valid_from":778,"valid_to":814,"wikidata":"Q173282","area":748737,"src":"cliopatria","confidence":"medium"}},{"type":"Feature","geometry":{"type":"Point","coordinates":[43.367,46.607]},"properties":{"id":"territory:Khazaria:778:label","name":"하자르","name_en":"Khazaria","actor":"기타중립","valid_from":778,"valid_to":814,"wikidata":"Q173282","area":748737,"src":"cliopatria","confidence":"medium"}},{"type":"Feature","geometry":{"type":"MultiPolygon","coordinates":[[[[9.49,43.02],[9.49,42.76],[9.57,42.76],[9.58,41.98],[9.5,41.98],[9.5,41.78],[9.26,41.39],[9.1,41.33],[8.78,41.52],[8.78,41.72],[8.62,41.72],[8.7,41.91],[8.54,42.11],[8.53,42.5],[8.77,42.69],[9.17,42.76],[9.25,43.02],[9.33,43.02],[9.49,43.02]]],[[[10.46,42.69],[10.21,42.69],[10.13,42.89],[10.21,42.89],[10.46,42.89],[10.46,42.69]]],[[[9.63,46.94],[9.38,46.68],[9.39,46.41],[10.04,46.28],[10.12,46.41],[10.04,46.41],[10.04,46.61],[10.86,46.55],[11.6,46.68],[13.65,46.55],[13.73,46.48],[13.64,46.35],[13.96,45.96],[13.96,45.76],[14.28,45.56],[14.28,45.43],[14.28,45.37],[14.2,45.37],[14.19,45.04],[14.03,45.04],[13.95,45.04],[13.63,45.5],[13.71,45.5],[13.71,45.76],[13.14,45.82],[13.06,45.69],[12.98,45.89],[12.74,45.89],[12.74,45.82],[12.16,45.69],[12.0,45.56],[12.0,45.37],[12.16,45.37],[12.16,45.3],[12.16,45.17],[12.4,45.04],[12.4,44.78],[12.16,44.84],[12.15,44.45],[12.31,44.19],[12.87,43.8],[13.04,43.86],[13.03,43.73],[13.51,43.54],[13.51,43.47],[13.27,43.41],[13.19,43.54],[12.55,43.6],[12.55,43.47],[12.22,43.41],[11.82,43.34],[11.82,43.21],[11.98,43.15],[12.06,42.76],[11.74,42.63],[11.57,42.37],[11.49,42.37],[11.26,42.43],[11.18,42.63],[11.02,42.63],[11.02,42.82],[10.54,43.08],[10.21,43.99],[9.89,43.99],[9.97,44.12],[9.73,44.12],[9.16,44.45],[8.43,44.39],[8.03,43.93],[7.63,43.8],[7.55,43.8],[7.47,43.8],[6.67,43.47],[6.6,43.28],[6.28,43.15],[5.8,43.15],[5.63,43.28],[5.39,43.28],[5.39,43.41],[5.06,43.47],[4.18,43.47],[4.17,43.6],[3.85,43.6],[2.98,43.15],[3.01,42.56],[3.18,42.37],[3.1,42.24],[3.11,42.17],[2.94,42.43],[2.46,42.37],[1.49,42.63],[1.07,42.82],[0.67,42.82],[0.6,42.69],[-0.12,42.76],[-0.77,42.89],[-0.86,43.02],[-1.69,43.34],[-1.69,43.41],[-1.46,43.54],[-1.4,43.86],[-1.32,43.86],[-1.35,44.25],[-1.27,44.25],[-1.29,44.52],[-1.21,44.52],[-1.25,45.17],[-1.17,45.17],[-1.19,45.43],[-1.03,45.5],[-1.05,45.69],[-1.21,45.76],[-1.14,45.89],[-1.22,45.89],[-1.25,46.28],[-1.67,46.35],[-2.19,46.81],[-2.21,47.01],[-2.13,47.01],[-1.31,47.01],[-1.25,47.4],[-0.93,47.53],[-0.36,47.53],[-0.37,47.73],[-0.22,47.86],[-0.22,47.99],[-0.73,48.13],[-1.08,48.39],[-1.04,48.92],[-1.21,48.99],[-1.25,49.38],[-1.17,49.45],[-1.08,49.45],[0.01,49.38],[-0.01,49.65],[0.22,49.85],[1.05,49.98],[1.45,50.25],[1.42,50.71],[1.66,51.05],[2.58,51.18],[3.16,51.45],[3.75,51.45],[3.41,51.51],[3.4,51.65],[3.74,51.65],[3.65,51.78],[3.82,51.78],[3.81,51.92],[3.9,51.92],[3.98,51.92],[4.15,51.92],[4.24,51.71],[4.5,51.71],[4.49,51.84],[4.49,51.85],[4.49,51.92],[4.49,51.98],[4.57,51.98],[4.57,52.05],[5.51,52.05],[5.94,51.85],[5.94,51.71],[6.2,51.51],[5.96,51.18],[5.97,50.91],[5.97,50.85],[6.32,50.45],[6.32,50.31],[6.08,50.11],[6.16,50.11],[6.17,49.91],[6.34,49.85],[6.27,49.38],[6.44,49.32],[6.44,49.12],[6.28,48.99],[6.21,48.72],[6.04,48.72],[5.8,48.46],[5.47,48.32],[5.48,48.06],[6.15,47.93],[6.31,47.99],[6.98,47.86],[7.14,48.06],[7.04,48.52],[7.21,48.59],[7.2,48.92],[7.53,49.05],[8.11,48.99],[8.12,48.65],[8.45,48.59],[8.78,48.65],[8.95,48.85],[9.78,49.18],[9.86,49.32],[10.28,49.38],[10.44,49.32],[10.61,48.59],[10.11,48.46],[9.95,47.86],[9.87,47.86],[9.95,47.8],[9.95,47.73],[9.54,47.4],[9.63,46.94]]],[[[-15.58,64.35],[-15.48,64.35],[-15.46,64.28],[-15.56,64.28],[-15.58,64.35]]],[[[-15.41,64.42],[-15.31,64.42],[-15.29,64.35],[-15.39,64.35],[-15.41,64.42]]],[[[-23.01,66.03],[-23.45,66.18],[-23.48,66.25],[-23.06,66.18],[-23.01,66.03]]]]},"properties":{"id":"territory:West Franks:878","name":"서프랑크","name_en":"West Franks","actor":"게르만","valid_from":878,"valid_to":880,"wikidata":"Q46370","area":746688,"src":"cliopatria","confidence":"medium"}},{"type":"Feature","geometry":{"type":"Point","coordinates":[4.803,46.604]},"properties":{"id":"territory:West Franks:878:label","name":"서프랑크","name_en":"West Franks","actor":"게르만","valid_from":878,"valid_to":880,"wikidata":"Q46370","area":746688,"src":"cliopatria","confidence":"medium"}},{"type":"Feature","geometry":{"type":"MultiPolygon","coordinates":[[[[14.69,42.17],[14.77,42.17],[14.77,42.11],[14.69,42.11],[14.69,42.17]]],[[[9.49,43.02],[9.49,42.76],[9.57,42.76],[9.58,41.98],[9.5,41.98],[9.5,41.78],[9.26,41.39],[9.1,41.33],[8.78,41.52],[8.78,41.72],[8.62,41.72],[8.7,41.91],[8.54,42.11],[8.53,42.5],[8.77,42.69],[9.17,42.76],[9.25,43.02],[9.33,43.02],[9.49,43.02]]],[[[10.46,42.89],[10.46,42.69],[10.21,42.69],[10.13,42.89],[10.21,42.89],[10.46,42.89]]],[[[11.8,51.98],[11.55,51.85],[11.55,51.65],[11.38,51.58],[11.29,51.38],[12.13,51.05],[12.13,50.85],[12.3,50.78],[12.3,50.65],[11.96,50.51],[11.96,50.38],[12.12,50.31],[12.12,50.25],[12.2,50.05],[12.37,49.98],[12.37,49.71],[12.53,49.65],[12.53,49.52],[14.18,48.59],[14.6,48.59],[14.85,48.72],[14.94,48.99],[15.27,48.99],[15.27,48.85],[14.93,48.59],[14.92,48.32],[15.5,48.19],[16.66,48.32],[17.06,47.99],[17.71,47.73],[18.95,47.73],[19.03,47.53],[19.19,47.47],[19.17,47.2],[18.84,47.07],[18.81,46.61],[19.05,46.41],[18.86,45.89],[18.78,45.89],[18.93,45.56],[18.92,45.5],[19.0,45.5],[19.0,45.37],[19.24,45.3],[19.14,44.91],[19.06,44.91],[18.81,44.84],[18.74,45.04],[18.5,45.1],[16.86,44.91],[16.78,44.91],[16.54,44.84],[16.46,44.97],[16.14,44.97],[15.98,45.1],[15.57,45.1],[15.42,45.3],[15.09,45.3],[14.93,45.43],[14.28,45.37],[14.2,45.37],[14.19,45.04],[14.03,45.04],[13.95,45.04],[13.63,45.5],[13.71,45.5],[13.71,45.76],[13.14,45.82],[13.06,45.69],[12.98,45.82],[12.82,45.82],[12.74,45.82],[12.16,45.69],[12.0,45.56],[12.0,45.37],[12.16,45.37],[12.16,45.3],[12.16,45.17],[12.4,45.04],[12.4,44.78],[12.16,44.84],[12.15,44.45],[12.31,44.19],[12.87,43.8],[13.04,43.86],[13.03,43.73],[13.36,43.67],[13.67,43.41],[13.75,43.08],[13.99,42.95],[13.9,42.76],[14.06,42.5],[14.61,42.11],[14.69,42.11],[14.37,41.98],[14.12,41.72],[13.96,41.72],[13.8,41.85],[13.33,41.91],[13.33,41.98],[13.01,42.04],[12.62,42.43],[12.38,42.43],[12.3,43.08],[12.14,43.08],[12.22,43.41],[11.82,43.34],[11.82,43.21],[11.98,43.15],[12.06,42.76],[11.74,42.63],[11.57,42.37],[11.49,42.37],[11.26,42.43],[11.18,42.63],[11.02,42.63],[11.02,42.82],[10.54,43.08],[10.21,43.99],[9.89,43.99],[9.97,44.12],[9.73,44.12],[9.16,44.45],[8.43,44.39],[8.03,43.93],[7.63,43.8],[7.55,43.8],[7.63,44.19],[7.3,44.12],[6.98,44.25],[6.89,44.65],[6.97,44.65],[6.97,44.84],[6.64,44.97],[6.63,45.1],[7.04,45.24],[7.11,45.43],[7.36,45.56],[8.01,45.63],[7.92,46.02],[8.4,46.41],[8.4,46.81],[8.31,46.94],[7.98,46.94],[7.9,46.94],[7.65,47.07],[7.73,47.4],[7.48,47.53],[7.15,47.47],[6.98,47.86],[6.31,47.99],[5.82,47.86],[5.65,48.06],[5.48,48.06],[5.47,48.26],[5.22,48.46],[4.88,48.52],[4.87,48.99],[5.03,49.12],[4.68,49.45],[4.58,49.91],[3.82,50.05],[3.64,50.31],[3.63,50.38],[3.55,50.38],[3.54,50.58],[4.03,50.78],[4.26,51.31],[3.5,51.25],[3.41,51.45],[3.49,51.45],[3.75,51.45],[3.41,51.51],[3.4,51.65],[3.74,51.65],[3.65,51.78],[3.82,51.78],[3.81,51.92],[3.98,51.92],[3.97,52.05],[4.22,52.18],[4.22,52.32],[4.46,52.52],[4.45,52.72],[4.7,52.99],[4.87,52.99],[4.88,52.79],[5.06,52.65],[5.14,52.79],[5.39,52.86],[5.39,52.99],[5.21,53.12],[5.54,53.39],[6.23,53.53],[6.92,53.46],[6.91,53.6],[7.08,53.73],[7.94,53.73],[8.21,53.6],[8.38,53.66],[8.46,53.94],[8.89,53.87],[8.8,54.14],[8.8,54.21],[8.89,54.34],[9.15,54.21],[10.1,54.34],[10.01,53.94],[10.19,53.87],[10.19,53.66],[10.36,53.6],[10.36,53.46],[11.73,53.06],[11.73,52.99],[11.55,52.18],[11.8,51.98]]]]},"properties":{"id":"territory:East Franks:896","name":"동프랑크","name_en":"East Franks","actor":"게르만","valid_from":896,"valid_to":898,"wikidata":"Q153080","area":730847,"src":"cliopatria","confidence":"medium"}},{"type":"Feature","geometry":{"type":"Point","coordinates":[10.572,48.367]},"properties":{"id":"territory:East Franks:896:label","name":"동프랑크","name_en":"East Franks","actor":"게르만","valid_from":896,"valid_to":898,"wikidata":"Q153080","area":730847,"src":"cliopatria","confidence":"medium"}},{"type":"Feature","geometry":{"type":"MultiPolygon","coordinates":[[[[14.11,41.07],[13.95,41.07],[13.95,41.13],[13.87,41.13],[13.79,41.13],[13.79,41.2],[14.11,41.26],[14.11,41.07]]],[[[14.77,42.17],[14.77,42.11],[14.69,42.11],[14.69,42.17],[14.77,42.17]]],[[[9.49,42.76],[9.57,42.76],[9.58,41.98],[9.5,41.98],[9.5,41.78],[9.26,41.39],[9.1,41.33],[8.78,41.52],[8.78,41.72],[8.62,41.72],[8.7,41.91],[8.54,42.11],[8.53,42.5],[8.77,42.69],[9.17,42.76],[9.25,43.02],[9.33,43.02],[9.49,43.02],[9.49,42.76]]],[[[10.21,42.69],[10.13,42.89],[10.21,42.89],[10.46,42.89],[10.46,42.69],[10.21,42.69]]],[[[14.28,45.43],[14.28,45.37],[14.2,45.37],[14.19,45.04],[14.03,45.04],[13.95,45.04],[13.63,45.5],[13.71,45.5],[13.71,45.76],[13.14,45.82],[13.14,45.69],[13.06,45.69],[12.98,45.82],[12.74,45.82],[12.16,45.69],[12.0,45.56],[12.0,45.37],[12.16,45.37],[12.16,45.3],[12.16,45.17],[12.4,45.04],[12.4,44.78],[12.16,44.84],[12.15,44.45],[12.31,44.19],[12.87,43.8],[13.04,43.86],[13.03,43.73],[13.36,43.67],[13.67,43.41],[13.75,43.08],[13.99,42.95],[13.9,42.76],[14.06,42.5],[14.61,42.11],[14.69,42.11],[14.37,41.98],[14.12,41.72],[13.96,41.72],[13.8,41.85],[13.41,41.85],[13.33,41.98],[13.01,42.04],[12.62,42.43],[12.38,42.43],[12.3,43.08],[12.14,43.08],[12.22,43.41],[11.82,43.34],[11.82,43.21],[11.98,43.15],[12.06,42.76],[11.74,42.63],[11.57,42.37],[11.49,42.37],[11.26,42.43],[11.18,42.63],[11.02,42.63],[11.02,42.82],[10.54,43.08],[10.21,43.99],[9.89,43.99],[9.97,44.12],[9.73,44.12],[9.16,44.45],[8.43,44.39],[8.03,43.93],[7.15,43.73],[6.99,43.54],[6.67,43.47],[6.52,43.21],[6.28,43.15],[5.8,43.15],[5.63,43.28],[5.39,43.28],[5.39,43.41],[4.82,43.47],[4.74,43.47],[4.66,43.47],[4.18,43.47],[4.17,43.6],[3.85,43.6],[3.62,43.41],[3.14,43.28],[2.98,43.15],[3.01,42.56],[3.18,42.37],[3.12,41.91],[2.57,41.59],[2.33,41.59],[2.11,41.33],[1.87,41.26],[1.79,41.26],[1.37,41.85],[1.68,41.91],[1.98,42.24],[2.46,42.3],[2.46,42.43],[1.49,42.63],[1.11,42.17],[1.12,41.91],[0.72,41.91],[0.56,42.04],[0.16,41.98],[0.07,42.11],[-0.49,42.24],[-0.19,42.5],[-0.12,42.76],[-0.77,42.89],[-0.86,43.02],[-1.69,43.34],[-1.69,43.41],[-1.46,43.54],[-1.4,43.86],[-1.32,43.86],[-1.35,44.25],[-1.27,44.25],[-1.29,44.52],[-1.21,44.52],[-1.25,45.17],[-1.17,45.17],[-1.19,45.43],[-1.03,45.5],[-1.05,45.69],[-1.21,45.76],[-1.14,45.89],[-1.22,45.89],[-1.25,46.28],[-1.67,46.35],[-2.19,46.81],[-2.21,47.01],[-2.13,47.01],[-1.31,47.01],[-1.25,47.4],[-0.93,47.53],[-0.36,47.53],[-0.37,47.73],[-0.22,47.86],[-0.22,47.99],[-0.73,48.13],[-1.08,48.39],[-1.04,48.92],[-1.21,48.99],[-1.25,49.38],[-1.17,49.45],[-1.08,49.45],[0.01,49.38],[-0.01,49.65],[0.22,49.85],[1.05,49.98],[1.45,50.25],[1.42,50.71],[1.66,51.05],[2.58,51.18],[3.16,51.45],[3.75,51.45],[3.41,51.51],[3.4,51.65],[3.74,51.65],[3.65,51.78],[3.82,51.78],[3.81,51.92],[3.9,51.92],[3.98,51.92],[4.15,51.92],[4.24,51.71],[4.5,51.71],[4.49,51.84],[4.49,51.85],[4.49,51.92],[4.49,51.98],[4.57,51.98],[4.57,52.05],[5.51,52.05],[5.94,51.85],[5.94,51.71],[6.2,51.51],[5.96,51.18],[5.97,50.91],[5.97,50.85],[6.32,50.45],[6.32,50.31],[6.08,50.11],[6.16,50.11],[6.17,49.91],[6.34,49.85],[6.27,49.38],[6.44,49.32],[6.44,49.12],[6.28,48.99],[6.21,48.72],[6.04,48.72],[5.8,48.46],[5.47,48.32],[5.48,48.06],[6.06,47.99],[6.23,47.86],[6.16,47.47],[6.33,47.33],[6.33,47.14],[6.18,46.94],[5.85,46.94],[5.76,47.07],[5.43,47.01],[5.38,46.28],[5.62,46.22],[5.95,46.35],[6.12,46.22],[6.27,46.41],[6.68,46.41],[6.85,46.28],[6.94,45.96],[7.43,45.89],[8.0,46.02],[8.08,46.22],[8.4,46.41],[8.49,46.15],[8.65,46.15],[8.98,45.89],[9.3,46.48],[10.04,46.28],[10.12,46.41],[10.04,46.41],[10.04,46.61],[10.86,46.55],[11.6,46.68],[12.58,46.68],[13.07,46.55],[13.65,46.55],[13.73,46.48],[13.64,46.35],[13.8,46.22],[13.88,45.96],[13.96,45.96],[13.96,45.76],[14.28,45.56],[14.28,45.43]]],[[[-15.58,64.35],[-15.48,64.35],[-15.46,64.28],[-15.56,64.28],[-15.58,64.35]]],[[[-15.41,64.42],[-15.31,64.42],[-15.29,64.35],[-15.39,64.35],[-15.41,64.42]]],[[[-23.06,66.18],[-23.04,66.11],[-23.13,66.11],[-23.16,66.18],[-23.06,66.18]]],[[[-23.28,66.25],[-23.26,66.18],[-23.35,66.18],[-23.38,66.25],[-23.28,66.25]]]]},"properties":{"id":"territory:West Franks:870","name":"서프랑크","name_en":"West Franks","actor":"게르만","valid_from":870,"valid_to":875,"wikidata":"Q46370","area":708963,"src":"cliopatria","confidence":"medium"}},{"type":"Feature","geometry":{"type":"Point","coordinates":[4.581,46.245]},"properties":{"id":"territory:West Franks:870:label","name":"서프랑크","name_en":"West Franks","actor":"게르만","valid_from":870,"valid_to":875,"wikidata":"Q46370","area":708963,"src":"cliopatria","confidence":"medium"}},{"type":"Feature","geometry":{"type":"Polygon","coordinates":[[[23.83,32.11],[23.15,32.24],[23.09,32.62],[22.11,32.94],[21.57,32.88],[21.41,32.75],[21.11,32.81],[20.87,32.62],[20.64,32.69],[20.72,32.56],[20.56,32.56],[20.48,32.43],[20.33,32.49],[20.25,32.24],[20.02,32.24],[20.09,32.11],[20.0,31.59],[20.21,31.27],[20.12,30.76],[19.5,30.31],[18.97,30.31],[18.89,30.31],[18.81,29.79],[18.73,29.79],[18.72,29.54],[18.87,29.34],[18.71,29.15],[18.79,29.15],[19.77,29.22],[21.23,29.86],[22.45,30.05],[23.74,29.99],[24.78,29.54],[24.85,29.34],[25.0,29.41],[25.15,29.28],[25.37,29.28],[25.59,28.96],[27.14,28.25],[27.29,28.12],[27.28,27.93],[27.43,27.99],[27.79,27.67],[27.71,27.54],[27.94,27.54],[28.15,27.35],[28.27,26.58],[28.35,26.58],[28.24,25.94],[28.29,25.16],[28.57,24.65],[29.67,24.2],[29.96,23.88],[30.11,23.88],[30.1,23.75],[30.4,23.56],[30.46,23.36],[30.54,23.36],[31.67,23.75],[32.04,23.69],[33.39,23.81],[33.68,23.69],[33.76,23.69],[35.11,23.88],[35.55,23.81],[35.56,23.94],[35.85,23.88],[35.86,24.01],[35.15,24.65],[34.61,25.81],[34.46,25.87],[34.2,26.52],[34.05,26.58],[34.07,26.97],[33.93,27.03],[33.8,27.42],[33.59,27.61],[33.61,27.99],[33.11,28.38],[32.84,28.89],[32.69,28.96],[32.64,29.34],[32.43,29.6],[32.53,29.92],[32.6,29.92],[32.83,29.99],[33.08,30.31],[33.29,31.08],[33.22,31.08],[32.83,31.01],[32.77,31.14],[32.53,31.08],[32.39,31.21],[32.24,31.21],[32.3,31.08],[32.0,31.08],[31.94,31.27],[31.78,31.21],[31.88,31.46],[31.27,31.46],[31.12,31.53],[31.2,31.66],[30.97,31.66],[30.97,31.53],[30.81,31.46],[30.35,31.46],[30.27,31.4],[30.34,31.27],[29.88,31.27],[29.8,31.21],[29.87,31.08],[29.63,30.95],[29.49,31.01],[29.4,30.82],[28.87,30.82],[28.5,31.01],[27.51,31.14],[27.3,31.34],[26.85,31.46],[25.25,31.46],[25.1,31.59],[25.11,31.79],[24.89,31.98],[24.13,31.98],[23.91,32.11],[23.83,32.11]]]},"properties":{"id":"territory:Tulunids:875","name":"툴룬 왕조","name_en":"Tulunids","actor":"기타중립","valid_from":875,"valid_to":878,"wikidata":"Q726798","area":703625,"src":"cliopatria","confidence":"medium"}},{"type":"Feature","geometry":{"type":"Point","coordinates":[28.521,28.44]},"properties":{"id":"territory:Tulunids:875:label","name":"툴룬 왕조","name_en":"Tulunids","actor":"기타중립","valid_from":875,"valid_to":878,"wikidata":"Q726798","area":703625,"src":"cliopatria","confidence":"medium"}},{"type":"Feature","geometry":{"type":"MultiPolygon","coordinates":[[[[14.34,36.03],[14.42,36.03],[14.57,35.97],[14.57,35.77],[14.34,35.84],[14.34,36.03]]],[[[22.89,36.42],[22.96,36.42],[23.12,36.35],[23.11,36.16],[22.87,36.16],[22.89,36.42]]],[[[20.62,37.9],[20.7,37.9],[20.93,37.9],[20.92,37.64],[20.61,37.71],[20.62,37.9]]],[[[16.49,38.42],[15.93,37.96],[15.7,37.96],[15.62,38.16],[15.39,38.16],[15.07,37.64],[15.06,37.25],[15.21,37.19],[15.05,36.74],[14.66,36.74],[14.28,37.13],[13.58,37.25],[13.19,37.58],[12.49,37.71],[12.49,37.9],[12.65,38.09],[13.04,38.03],[13.12,38.16],[13.35,38.16],[13.67,37.96],[14.06,37.96],[15.86,38.29],[15.95,38.67],[16.27,38.74],[16.27,38.93],[16.12,39.06],[16.05,39.45],[15.9,39.64],[15.9,39.71],[16.45,39.71],[16.45,39.64],[16.84,39.51],[16.92,39.51],[17.07,39.38],[17.14,39.06],[16.5,38.8],[16.49,38.42]]],[[[20.33,38.35],[20.49,38.42],[20.57,38.42],[20.8,38.29],[20.79,38.09],[20.32,38.16],[20.33,38.35]]],[[[23.57,38.8],[23.56,38.74],[23.48,38.74],[23.49,38.8],[23.57,38.8]]],[[[20.15,39.64],[20.15,39.58],[20.07,39.58],[20.07,39.64],[20.15,39.64]]],[[[9.75,39.64],[9.67,39.64],[9.59,39.13],[9.12,39.19],[8.97,38.87],[8.73,38.87],[8.34,39.0],[8.41,39.26],[8.33,39.26],[8.33,39.51],[8.41,39.51],[8.48,39.9],[8.32,39.97],[8.4,40.29],[8.32,40.29],[8.32,40.48],[8.16,40.55],[8.15,40.94],[8.55,40.87],[9.02,41.26],[9.1,41.26],[9.5,41.2],[9.82,40.74],[9.82,40.36],[9.67,40.29],[9.75,39.64]]],[[[17.42,40.36],[17.35,40.55],[17.83,40.68],[18.21,40.42],[18.21,40.36],[18.44,40.16],[18.35,39.9],[18.11,39.9],[17.81,40.36],[17.42,40.36]]],[[[20.0,41.33],[19.92,41.33],[19.92,41.39],[20.0,41.39],[20.0,41.33]]],[[[19.93,41.65],[19.85,41.65],[19.86,41.72],[19.94,41.72],[19.93,41.65]]],[[[18.07,42.76],[17.99,42.76],[17.83,42.89],[18.07,42.89],[18.15,42.69],[18.07,42.76]]],[[[17.51,42.89],[17.59,42.89],[17.59,42.82],[17.59,42.76],[17.51,42.76],[17.51,42.82],[17.51,42.89]]],[[[16.8,43.21],[17.12,43.21],[17.12,43.08],[16.72,43.08],[16.72,43.21],[16.8,43.21]]],[[[16.73,43.41],[16.73,43.47],[16.81,43.47],[16.81,43.41],[16.81,43.34],[16.73,43.34],[16.73,43.41]]],[[[15.93,43.6],[15.93,43.67],[16.66,43.67],[16.65,43.54],[16.57,43.54],[16.25,43.6],[16.17,43.47],[15.93,43.47],[16.01,43.6],[15.93,43.6]]],[[[15.39,44.32],[15.38,44.19],[15.22,44.12],[15.22,44.19],[15.22,44.25],[15.14,44.25],[15.14,44.32],[15.15,44.39],[15.39,44.32]]],[[[15.07,44.45],[15.15,44.45],[15.15,44.39],[15.07,44.39],[15.07,44.45]]],[[[14.99,44.52],[15.07,44.52],[15.07,44.45],[14.99,44.45],[14.99,44.52]]],[[[24.15,35.39],[24.3,35.32],[25.69,35.32],[25.68,35.13],[26.23,35.19],[26.14,35.07],[24.82,35.0],[24.76,35.19],[24.53,35.19],[24.45,35.19],[23.68,35.26],[23.62,35.52],[24.16,35.52],[24.15,35.39]]],[[[27.69,36.29],[28.02,36.48],[28.09,36.48],[28.25,36.48],[28.14,36.03],[27.74,35.9],[27.69,36.29]]],[[[27.12,36.93],[27.19,36.8],[26.87,36.67],[27.04,36.93],[27.12,36.93]]],[[[25.34,37.13],[25.42,37.13],[25.57,37.13],[25.56,37.0],[25.33,37.0],[25.34,37.13]]],[[[24.28,37.71],[24.36,37.71],[24.43,37.58],[24.27,37.51],[24.2,37.64],[24.28,37.71]]],[[[24.99,37.71],[25.06,37.71],[25.22,37.71],[25.29,37.51],[25.05,37.51],[24.99,37.71]]],[[[26.08,37.71],[26.16,37.71],[26.31,37.71],[26.3,37.58],[25.99,37.51],[26.08,37.71]]],[[[24.77,38.03],[25.07,37.77],[24.83,37.71],[24.68,37.84],[24.69,38.03],[24.77,38.03]]],[[[25.82,38.48],[25.91,38.67],[25.99,38.67],[26.22,38.55],[26.11,38.16],[25.88,38.16],[25.9,38.48],[25.82,38.48]]],[[[24.36,39.0],[24.44,39.0],[24.67,38.93],[24.66,38.74],[24.36,38.87],[24.36,39.0]]],[[[26.09,39.0],[26.1,39.13],[25.79,39.19],[26.04,39.38],[26.12,39.38],[26.51,39.32],[26.64,39.0],[26.25,38.93],[26.09,39.0]]],[[[31.53,41.39],[32.03,41.52],[32.04,41.65],[32.19,41.59],[32.69,41.78],[32.63,41.91],[34.78,41.91],[34.88,42.04],[35.12,42.04],[35.09,41.78],[35.31,41.65],[35.95,41.72],[36.21,41.26],[36.77,41.33],[37.07,41.13],[37.23,41.2],[37.21,41.07],[37.77,41.07],[37.83,40.94],[38.16,41.0],[38.3,40.87],[38.78,40.94],[39.05,41.13],[39.74,40.94],[40.37,40.94],[40.39,41.07],[40.54,41.0],[41.05,41.2],[41.16,41.39],[41.31,41.33],[41.41,41.46],[41.74,41.52],[41.73,41.46],[41.08,40.94],[40.58,40.74],[39.59,39.97],[38.84,39.71],[38.3,39.77],[38.16,39.9],[38.08,39.9],[37.76,39.9],[37.34,39.71],[36.82,39.32],[36.8,39.19],[36.56,39.13],[36.54,39.0],[35.74,38.22],[35.73,38.09],[35.81,38.09],[35.69,37.77],[35.54,37.77],[35.36,37.58],[35.35,37.51],[35.03,37.45],[34.78,37.25],[34.66,36.87],[34.58,36.87],[34.25,36.67],[33.98,36.29],[33.27,36.22],[32.71,36.03],[32.56,36.03],[32.5,36.22],[32.07,36.61],[31.09,36.93],[30.62,36.93],[30.49,36.35],[30.03,36.35],[29.94,36.22],[29.24,36.22],[29.12,36.74],[28.74,36.74],[28.59,36.87],[28.36,36.87],[28.19,36.67],[28.03,36.67],[28.14,37.06],[28.07,37.13],[27.6,37.13],[27.54,37.38],[27.22,37.32],[27.31,37.45],[27.16,37.58],[27.26,37.77],[27.18,37.77],[27.28,38.03],[26.89,38.09],[26.82,38.22],[26.43,38.22],[26.38,38.67],[26.54,38.61],[26.59,38.35],[27.06,38.35],[27.08,38.55],[26.85,38.61],[26.96,39.0],[26.88,39.0],[26.89,39.19],[26.74,39.26],[26.85,39.58],[26.13,39.51],[26.27,40.29],[26.6,40.48],[26.68,40.48],[26.67,40.36],[27.47,40.42],[27.54,40.29],[27.7,40.29],[27.79,40.48],[27.95,40.48],[27.94,40.36],[29.05,40.36],[28.9,40.48],[28.91,40.61],[29.39,40.68],[29.49,40.87],[29.25,40.81],[29.1,40.94],[29.12,41.07],[27.53,41.07],[27.02,40.68],[26.92,40.48],[26.77,40.55],[26.93,40.61],[26.85,40.61],[26.77,40.61],[26.78,40.68],[26.7,40.68],[26.62,40.68],[26.55,40.74],[26.14,40.61],[26.08,40.87],[25.85,40.94],[24.35,41.0],[24.01,40.74],[23.7,40.81],[23.68,40.61],[23.84,40.55],[23.74,40.23],[22.96,40.42],[22.89,40.61],[22.57,40.55],[22.54,40.1],[22.7,40.1],[22.61,39.9],[23.14,39.45],[22.82,39.38],[22.8,39.06],[22.96,39.13],[23.49,38.87],[23.33,38.8],[23.03,38.93],[22.94,38.74],[23.17,38.67],[23.31,38.48],[23.63,38.48],[23.56,38.74],[24.03,38.67],[24.18,38.55],[24.16,38.22],[24.0,38.22],[23.98,37.84],[23.44,38.03],[23.21,38.03],[23.2,37.9],[23.04,37.9],[23.11,37.64],[23.34,37.64],[23.4,37.32],[23.17,37.32],[23.18,37.45],[22.95,37.58],[22.71,37.58],[22.7,37.32],[22.85,37.25],[23.06,36.67],[22.83,36.87],[22.6,36.87],[22.51,36.67],[22.36,36.67],[22.22,37.06],[21.91,37.06],[21.9,36.87],[21.74,36.87],[21.68,37.19],[21.6,37.19],[21.7,37.51],[21.24,37.84],[21.42,38.16],[21.73,38.16],[21.74,38.35],[21.19,38.42],[20.97,38.74],[20.74,38.8],[20.91,39.06],[20.3,39.38],[20.15,39.71],[19.92,39.71],[19.91,39.58],[19.76,39.64],[19.76,39.77],[20.0,39.77],[20.01,39.97],[19.63,40.29],[19.47,40.29],[19.49,40.61],[19.25,40.61],[19.25,40.74],[19.5,40.87],[19.42,40.94],[19.53,41.52],[19.46,41.65],[19.85,41.65],[19.84,41.46],[19.92,41.46],[19.84,41.33],[19.99,41.26],[19.9,40.94],[20.06,40.94],[20.13,40.74],[20.68,40.74],[20.93,40.87],[21.32,40.81],[21.97,41.07],[22.06,41.2],[22.61,41.2],[22.78,41.39],[24.63,41.65],[24.65,41.85],[24.97,41.85],[24.97,41.91],[25.21,41.91],[25.22,42.04],[25.46,42.04],[25.8,42.24],[27.33,42.37],[27.53,42.82],[27.77,42.76],[27.69,42.76],[27.67,42.63],[27.51,42.63],[27.49,42.43],[27.94,42.04],[27.98,41.65],[28.22,41.65],[28.35,41.39],[28.97,41.2],[28.96,41.13],[30.48,41.2],[30.62,41.07],[31.18,41.07],[31.53,41.39]]],[[[25.15,40.03],[25.46,40.03],[25.45,39.84],[24.97,39.84],[25.07,40.03],[25.15,40.03]]],[[[25.8,40.29],[26.04,40.29],[26.02,40.16],[25.7,40.1],[25.72,40.29],[25.8,40.29]]],[[[24.49,40.81],[24.57,40.81],[24.81,40.81],[24.79,40.61],[24.55,40.55],[24.49,40.81]]],[[[27.71,43.02],[27.72,43.08],[27.74,43.28],[27.99,43.34],[27.98,43.28],[27.71,43.02]]],[[[33.76,45.04],[33.84,45.04],[33.93,45.04],[34.01,45.04],[34.09,45.04],[34.08,44.97],[34.73,44.97],[34.79,44.84],[34.71,44.84],[33.76,44.45],[33.68,44.45],[33.6,44.45],[33.52,44.45],[33.47,44.65],[33.55,44.65],[33.6,45.04],[33.68,45.04],[33.76,45.04]]]]},"properties":{"id":"territory:Byzantine Empire:788","name":"비잔티움 제국","name_en":"Byzantine Empire","actor":"로마","valid_from":788,"valid_to":806,"wikidata":"Q112039853","area":703237,"src":"cliopatria","confidence":"medium"}},{"type":"Feature","geometry":{"type":"MultiPolygon","coordinates":[[[[14.34,36.03],[14.42,36.03],[14.57,35.97],[14.57,35.77],[14.34,35.84],[14.34,36.03]]],[[[22.89,36.42],[22.96,36.42],[23.12,36.35],[23.11,36.16],[22.87,36.16],[22.89,36.42]]],[[[20.62,37.9],[20.7,37.9],[20.93,37.9],[20.92,37.64],[20.61,37.71],[20.62,37.9]]],[[[16.49,38.42],[15.93,37.96],[15.7,37.96],[15.62,38.16],[15.39,38.16],[15.07,37.64],[15.06,37.25],[15.21,37.19],[15.05,36.74],[14.66,36.74],[14.28,37.13],[13.58,37.25],[13.19,37.58],[12.49,37.71],[12.49,37.9],[12.65,38.09],[13.04,38.03],[13.12,38.16],[13.35,38.16],[13.67,37.96],[14.06,37.96],[15.86,38.29],[15.95,38.67],[16.27,38.74],[16.27,38.93],[16.12,39.06],[16.05,39.45],[15.9,39.64],[15.9,39.71],[16.45,39.71],[16.45,39.64],[16.84,39.51],[16.92,39.51],[17.07,39.38],[17.14,39.06],[16.5,38.8],[16.49,38.42]]],[[[20.33,38.35],[20.49,38.42],[20.57,38.42],[20.8,38.29],[20.79,38.09],[20.32,38.16],[20.33,38.35]]],[[[23.57,38.8],[23.56,38.74],[23.48,38.74],[23.49,38.8],[23.57,38.8]]],[[[20.15,39.64],[20.15,39.58],[20.07,39.58],[20.07,39.64],[20.15,39.64]]],[[[9.75,39.64],[9.67,39.64],[9.59,39.13],[9.12,39.19],[8.97,38.87],[8.73,38.87],[8.34,39.0],[8.41,39.26],[8.33,39.26],[8.33,39.51],[8.41,39.51],[8.48,39.9],[8.32,39.97],[8.4,40.29],[8.32,40.29],[8.32,40.48],[8.16,40.55],[8.15,40.94],[8.55,40.87],[9.02,41.26],[9.1,41.26],[9.5,41.2],[9.82,40.74],[9.82,40.36],[9.67,40.29],[9.75,39.64]]],[[[17.42,40.36],[17.35,40.55],[17.83,40.68],[18.21,40.42],[18.21,40.36],[18.44,40.16],[18.35,39.9],[18.11,39.9],[17.81,40.36],[17.42,40.36]]],[[[20.0,41.33],[19.92,41.33],[19.92,41.39],[20.0,41.39],[20.0,41.33]]],[[[19.93,41.65],[19.85,41.65],[19.86,41.72],[19.94,41.72],[19.93,41.65]]],[[[18.07,42.76],[17.99,42.76],[17.83,42.89],[18.07,42.89],[18.15,42.69],[18.07,42.76]]],[[[17.51,42.89],[17.59,42.89],[17.59,42.82],[17.59,42.76],[17.51,42.76],[17.51,42.82],[17.51,42.89]]],[[[16.8,43.21],[17.12,43.21],[17.12,43.08],[16.72,43.08],[16.72,43.21],[16.8,43.21]]],[[[16.73,43.41],[16.73,43.47],[16.81,43.47],[16.81,43.41],[16.81,43.34],[16.73,43.34],[16.73,43.41]]],[[[15.93,43.6],[15.93,43.67],[16.66,43.67],[16.65,43.54],[16.57,43.54],[16.25,43.6],[16.17,43.47],[15.93,43.47],[16.01,43.6],[15.93,43.6]]],[[[15.39,44.32],[15.38,44.19],[15.22,44.12],[15.22,44.19],[15.22,44.25],[15.14,44.25],[15.14,44.32],[15.15,44.39],[15.39,44.32]]],[[[15.07,44.45],[15.15,44.45],[15.15,44.39],[15.07,44.39],[15.07,44.45]]],[[[14.99,44.52],[15.07,44.52],[15.07,44.45],[14.99,44.45],[14.99,44.52]]],[[[24.15,35.39],[24.3,35.32],[25.69,35.32],[25.68,35.13],[26.23,35.19],[26.14,35.07],[24.82,35.0],[24.76,35.19],[24.53,35.19],[24.45,35.19],[23.68,35.26],[23.62,35.52],[24.16,35.52],[24.15,35.39]]],[[[27.69,36.29],[28.02,36.48],[28.09,36.48],[28.25,36.48],[28.14,36.03],[27.74,35.9],[27.69,36.29]]],[[[27.12,36.93],[27.19,36.8],[26.87,36.67],[27.04,36.93],[27.12,36.93]]],[[[25.34,37.13],[25.42,37.13],[25.57,37.13],[25.56,37.0],[25.33,37.0],[25.34,37.13]]],[[[24.28,37.71],[24.36,37.71],[24.43,37.58],[24.27,37.51],[24.2,37.64],[24.28,37.71]]],[[[24.99,37.71],[25.06,37.71],[25.22,37.71],[25.29,37.51],[25.05,37.51],[24.99,37.71]]],[[[26.08,37.71],[26.16,37.71],[26.31,37.71],[26.3,37.58],[25.99,37.51],[26.08,37.71]]],[[[24.77,38.03],[25.07,37.77],[24.83,37.71],[24.68,37.84],[24.69,38.03],[24.77,38.03]]],[[[25.82,38.48],[25.91,38.67],[25.99,38.67],[26.22,38.55],[26.11,38.16],[25.88,38.16],[25.9,38.48],[25.82,38.48]]],[[[24.36,39.0],[24.44,39.0],[24.67,38.93],[24.66,38.74],[24.36,38.87],[24.36,39.0]]],[[[26.09,39.0],[26.1,39.13],[25.79,39.19],[26.04,39.38],[26.12,39.38],[26.51,39.32],[26.64,39.0],[26.25,38.93],[26.09,39.0]]],[[[31.53,41.39],[32.03,41.52],[32.04,41.65],[32.19,41.59],[32.69,41.78],[32.63,41.91],[34.78,41.91],[34.88,42.04],[35.12,42.04],[35.09,41.78],[35.31,41.65],[35.95,41.72],[36.21,41.26],[36.77,41.33],[37.07,41.13],[37.23,41.2],[37.21,41.07],[37.77,41.07],[37.83,40.94],[38.16,41.0],[38.3,40.87],[38.78,40.94],[39.05,41.13],[39.74,40.94],[40.37,40.94],[40.39,41.07],[40.54,41.0],[41.05,41.2],[41.16,41.39],[41.31,41.33],[41.41,41.46],[41.74,41.52],[41.73,41.46],[41.08,40.94],[40.58,40.74],[39.59,39.97],[38.84,39.71],[38.3,39.77],[38.16,39.9],[38.08,39.9],[37.76,39.9],[37.34,39.71],[36.82,39.32],[36.8,39.19],[36.56,39.13],[36.54,39.0],[35.74,38.22],[35.73,38.09],[35.81,38.09],[35.69,37.77],[35.54,37.77],[35.36,37.58],[35.35,37.51],[35.03,37.45],[34.78,37.25],[34.66,36.87],[34.58,36.87],[34.25,36.67],[33.98,36.29],[33.27,36.22],[32.71,36.03],[32.56,36.03],[32.5,36.22],[32.07,36.61],[31.09,36.93],[30.62,36.93],[30.49,36.35],[30.03,36.35],[29.94,36.22],[29.24,36.22],[29.12,36.74],[28.74,36.74],[28.59,36.87],[28.36,36.87],[28.19,36.67],[28.03,36.67],[28.14,37.06],[28.07,37.13],[27.6,37.13],[27.54,37.38],[27.22,37.32],[27.31,37.45],[27.16,37.58],[27.26,37.77],[27.18,37.77],[27.28,38.03],[26.89,38.09],[26.82,38.22],[26.43,38.22],[26.38,38.67],[26.54,38.61],[26.59,38.35],[27.06,38.35],[27.08,38.55],[26.85,38.61],[26.96,39.0],[26.88,39.0],[26.89,39.19],[26.74,39.26],[26.85,39.58],[26.13,39.51],[26.27,40.29],[26.6,40.48],[26.68,40.48],[26.67,40.36],[27.47,40.42],[27.54,40.29],[27.7,40.29],[27.79,40.48],[27.95,40.48],[27.94,40.36],[29.05,40.36],[28.9,40.48],[28.91,40.61],[29.39,40.68],[29.49,40.87],[29.25,40.81],[29.1,40.94],[29.12,41.07],[27.53,41.07],[27.02,40.68],[26.92,40.48],[26.77,40.55],[26.93,40.61],[26.85,40.61],[26.77,40.61],[26.78,40.68],[26.7,40.68],[26.62,40.68],[26.55,40.74],[26.14,40.61],[26.08,40.87],[25.85,40.94],[24.35,41.0],[24.01,40.74],[23.7,40.81],[23.68,40.61],[23.84,40.55],[23.74,40.23],[22.96,40.42],[22.89,40.61],[22.57,40.55],[22.54,40.1],[22.7,40.1],[22.61,39.9],[23.14,39.45],[22.82,39.38],[22.8,39.06],[22.96,39.13],[23.49,38.87],[23.33,38.8],[23.03,38.93],[22.94,38.74],[23.17,38.67],[23.31,38.48],[23.63,38.48],[23.56,38.74],[24.03,38.67],[24.18,38.55],[24.16,38.22],[24.0,38.22],[23.98,37.84],[23.44,38.03],[23.21,38.03],[23.2,37.9],[23.04,37.9],[23.11,37.64],[23.34,37.64],[23.4,37.32],[23.17,37.32],[23.18,37.45],[22.95,37.58],[22.71,37.58],[22.7,37.32],[22.85,37.25],[23.06,36.67],[22.83,36.87],[22.6,36.87],[22.51,36.67],[22.36,36.67],[22.22,37.06],[21.91,37.06],[21.9,36.87],[21.74,36.87],[21.68,37.19],[21.6,37.19],[21.7,37.51],[21.24,37.84],[21.42,38.16],[21.73,38.16],[21.74,38.35],[21.19,38.42],[20.97,38.74],[20.74,38.8],[20.91,39.06],[20.3,39.38],[20.15,39.71],[19.92,39.71],[19.91,39.58],[19.76,39.64],[19.76,39.77],[20.0,39.77],[20.01,39.97],[19.63,40.29],[19.47,40.29],[19.49,40.61],[19.25,40.61],[19.25,40.74],[19.5,40.87],[19.42,40.94],[19.53,41.52],[19.46,41.65],[19.85,41.65],[19.84,41.46],[19.92,41.46],[19.84,41.33],[19.99,41.26],[19.9,40.94],[20.06,40.94],[20.13,40.74],[20.68,40.74],[20.93,40.87],[21.32,40.81],[21.97,41.07],[22.06,41.2],[22.61,41.2],[22.78,41.39],[24.63,41.65],[24.65,41.85],[24.97,41.85],[24.97,41.91],[25.21,41.91],[25.22,42.04],[25.46,42.04],[25.8,42.24],[27.33,42.37],[27.53,42.82],[27.77,42.76],[27.69,42.76],[27.67,42.63],[27.51,42.63],[27.49,42.43],[27.94,42.04],[27.98,41.65],[28.22,41.65],[28.35,41.39],[28.97,41.2],[28.96,41.13],[30.48,41.2],[30.62,41.07],[31.18,41.07],[31.53,41.39]]],[[[25.15,40.03],[25.46,40.03],[25.45,39.84],[24.97,39.84],[25.07,40.03],[25.15,40.03]]],[[[25.8,40.29],[26.04,40.29],[26.02,40.16],[25.7,40.1],[25.72,40.29],[25.8,40.29]]],[[[24.49,40.81],[24.57,40.81],[24.81,40.81],[24.79,40.61],[24.55,40.55],[24.49,40.81]]],[[[27.8,43.08],[27.79,43.02],[27.71,43.02],[27.74,43.28],[27.99,43.34],[27.98,43.28],[27.9,43.28],[27.89,43.21],[27.89,43.15],[27.8,43.15],[27.8,43.08]]],[[[33.76,45.04],[33.84,45.04],[33.93,45.04],[34.01,45.04],[34.09,45.04],[34.08,44.97],[34.73,44.97],[34.79,44.84],[34.71,44.84],[33.76,44.45],[33.68,44.45],[33.6,44.45],[33.52,44.45],[33.47,44.65],[33.55,44.65],[33.6,45.04],[33.68,45.04],[33.76,45.04]]]]},"properties":{"id":"territory:Byzantine Empire:806","name":"비잔티움 제국","name_en":"Byzantine Empire","actor":"로마","valid_from":806,"valid_to":814,"wikidata":"Q112039853","area":703237,"src":"cliopatria","confidence":"medium"}},{"type":"Feature","geometry":{"type":"Point","coordinates":[30.152,39.453]},"properties":{"id":"territory:Byzantine Empire:788:label","name":"비잔티움 제국","name_en":"Byzantine Empire","actor":"로마","valid_from":788,"valid_to":806,"wikidata":"Q112039853","area":703237,"src":"cliopatria","confidence":"medium"}},{"type":"Feature","geometry":{"type":"Point","coordinates":[30.152,39.453]},"properties":{"id":"territory:Byzantine Empire:806:label","name":"비잔티움 제국","name_en":"Byzantine Empire","actor":"로마","valid_from":806,"valid_to":814,"wikidata":"Q112039853","area":703237,"src":"cliopatria","confidence":"medium"}},{"type":"Feature","geometry":{"type":"MultiPolygon","coordinates":[[[[14.34,36.03],[14.42,36.03],[14.57,35.97],[14.57,35.77],[14.34,35.84],[14.34,36.03]]],[[[22.89,36.42],[22.96,36.42],[23.12,36.35],[23.11,36.16],[22.87,36.16],[22.89,36.42]]],[[[20.62,37.9],[20.7,37.9],[20.93,37.9],[20.92,37.64],[20.61,37.71],[20.62,37.9]]],[[[16.49,38.42],[15.93,37.96],[15.7,37.96],[15.62,38.16],[15.39,38.16],[15.07,37.64],[15.06,37.25],[15.21,37.19],[15.05,36.74],[14.66,36.74],[14.28,37.13],[13.58,37.25],[13.19,37.58],[12.49,37.71],[12.49,37.9],[12.65,38.09],[13.04,38.03],[13.12,38.16],[13.35,38.16],[13.67,37.96],[14.06,37.96],[15.86,38.29],[15.95,38.67],[16.27,38.74],[16.27,38.93],[16.12,39.06],[16.05,39.45],[15.9,39.64],[15.9,39.71],[16.45,39.71],[16.45,39.64],[16.84,39.51],[16.92,39.51],[17.07,39.38],[17.14,39.06],[16.5,38.8],[16.49,38.42]]],[[[20.33,38.35],[20.49,38.42],[20.57,38.42],[20.8,38.29],[20.79,38.09],[20.32,38.16],[20.33,38.35]]],[[[23.57,38.8],[23.56,38.74],[23.48,38.74],[23.49,38.8],[23.57,38.8]]],[[[20.15,39.64],[20.15,39.58],[20.07,39.58],[20.07,39.64],[20.15,39.64]]],[[[9.75,39.64],[9.67,39.64],[9.59,39.13],[9.12,39.19],[8.97,38.87],[8.73,38.87],[8.34,39.0],[8.41,39.26],[8.33,39.26],[8.33,39.51],[8.41,39.51],[8.48,39.9],[8.32,39.97],[8.4,40.29],[8.32,40.29],[8.32,40.48],[8.16,40.55],[8.15,40.94],[8.55,40.87],[9.02,41.26],[9.1,41.26],[9.5,41.2],[9.82,40.74],[9.82,40.36],[9.67,40.29],[9.75,39.64]]],[[[17.42,40.36],[17.35,40.55],[17.83,40.68],[18.21,40.42],[18.21,40.36],[18.44,40.16],[18.35,39.9],[18.11,39.9],[17.81,40.36],[17.42,40.36]]],[[[20.0,41.33],[19.92,41.33],[19.92,41.39],[20.0,41.39],[20.0,41.33]]],[[[19.93,41.65],[19.85,41.65],[19.86,41.72],[19.94,41.72],[19.93,41.65]]],[[[18.07,42.76],[17.99,42.76],[17.83,42.89],[18.07,42.89],[18.15,42.69],[18.07,42.76]]],[[[17.51,42.82],[17.51,42.89],[17.59,42.89],[17.59,42.82],[17.59,42.76],[17.51,42.76],[17.51,42.82]]],[[[16.72,43.21],[16.8,43.21],[17.12,43.21],[17.12,43.08],[16.72,43.08],[16.72,43.21]]],[[[16.73,43.41],[16.73,43.47],[16.81,43.47],[16.81,43.41],[16.81,43.34],[16.73,43.34],[16.73,43.41]]],[[[15.93,43.6],[15.93,43.67],[16.66,43.67],[16.65,43.54],[16.57,43.54],[16.25,43.6],[16.17,43.47],[15.93,43.47],[16.01,43.6],[15.93,43.6]]],[[[15.38,44.19],[15.22,44.12],[15.22,44.19],[15.22,44.25],[15.14,44.25],[15.14,44.32],[15.15,44.39],[15.39,44.32],[15.38,44.19]]],[[[15.07,44.45],[15.15,44.45],[15.15,44.39],[15.07,44.39],[15.07,44.45]]],[[[14.99,44.45],[14.99,44.52],[15.07,44.52],[15.07,44.45],[14.99,44.45]]],[[[24.15,35.39],[24.3,35.32],[25.69,35.32],[25.68,35.13],[26.23,35.19],[26.14,35.07],[24.82,35.0],[24.76,35.19],[24.53,35.19],[24.45,35.19],[23.68,35.26],[23.62,35.52],[24.16,35.52],[24.15,35.39]]],[[[27.69,36.29],[28.02,36.48],[28.09,36.48],[28.25,36.48],[28.14,36.03],[27.74,35.9],[27.69,36.29]]],[[[27.12,36.93],[27.19,36.8],[26.87,36.67],[27.04,36.93],[27.12,36.93]]],[[[25.34,37.13],[25.42,37.13],[25.57,37.13],[25.56,37.0],[25.33,37.0],[25.34,37.13]]],[[[24.28,37.71],[24.36,37.71],[24.43,37.58],[24.27,37.51],[24.2,37.64],[24.28,37.71]]],[[[24.99,37.71],[25.06,37.71],[25.22,37.71],[25.29,37.51],[25.05,37.51],[24.99,37.71]]],[[[26.16,37.71],[26.31,37.71],[26.3,37.58],[25.99,37.51],[26.08,37.71],[26.16,37.71]]],[[[24.77,38.03],[25.07,37.77],[24.83,37.71],[24.68,37.84],[24.69,38.03],[24.77,38.03]]],[[[25.9,38.48],[25.82,38.48],[25.91,38.67],[25.99,38.67],[26.22,38.55],[26.11,38.16],[25.88,38.16],[25.9,38.48]]],[[[24.36,39.0],[24.44,39.0],[24.67,38.93],[24.66,38.74],[24.36,38.87],[24.36,39.0]]],[[[26.09,39.0],[26.1,39.13],[25.79,39.19],[26.04,39.38],[26.12,39.38],[26.51,39.32],[26.64,39.0],[26.25,38.93],[26.09,39.0]]],[[[32.03,41.52],[32.04,41.65],[32.19,41.59],[32.69,41.78],[32.63,41.91],[34.78,41.91],[34.88,42.04],[35.12,42.04],[35.09,41.78],[35.31,41.65],[35.95,41.72],[36.21,41.26],[36.77,41.33],[37.07,41.13],[37.23,41.2],[37.21,41.07],[37.77,41.07],[37.83,40.94],[38.16,41.0],[38.3,40.87],[38.78,40.94],[39.05,41.13],[39.74,40.94],[40.37,40.94],[40.39,41.07],[40.54,41.0],[41.05,41.2],[41.24,41.39],[41.23,41.33],[41.26,41.07],[40.58,40.74],[40.39,40.55],[39.59,39.97],[38.84,39.71],[38.3,39.77],[38.16,39.9],[38.08,39.9],[37.76,39.9],[37.34,39.71],[36.82,39.32],[36.8,39.19],[36.56,39.13],[36.54,39.0],[35.74,38.22],[35.73,38.09],[35.81,38.09],[35.69,37.77],[35.54,37.77],[35.36,37.58],[35.35,37.51],[35.03,37.45],[34.78,37.25],[34.66,36.87],[34.58,36.87],[34.25,36.67],[33.98,36.29],[33.27,36.22],[32.71,36.03],[32.56,36.03],[32.5,36.22],[32.07,36.61],[31.09,36.93],[30.62,36.93],[30.49,36.35],[30.03,36.35],[29.94,36.22],[29.24,36.22],[29.12,36.74],[28.74,36.74],[28.59,36.87],[28.36,36.87],[28.19,36.67],[28.03,36.67],[28.14,37.06],[28.07,37.13],[27.6,37.13],[27.54,37.38],[27.22,37.32],[27.31,37.45],[27.16,37.58],[27.26,37.77],[27.18,37.77],[27.28,38.03],[26.89,38.09],[26.82,38.22],[26.43,38.22],[26.38,38.67],[26.54,38.61],[26.59,38.35],[27.06,38.35],[27.08,38.55],[26.85,38.61],[26.96,39.0],[26.88,39.0],[26.89,39.19],[26.74,39.26],[26.85,39.58],[26.13,39.51],[26.27,40.29],[26.6,40.48],[26.68,40.48],[26.67,40.36],[27.47,40.42],[27.54,40.29],[27.7,40.29],[27.79,40.48],[27.95,40.48],[27.94,40.36],[29.05,40.36],[28.9,40.48],[28.91,40.61],[29.39,40.68],[29.49,40.87],[29.25,40.81],[29.1,40.94],[29.12,41.07],[27.53,41.07],[27.02,40.68],[26.92,40.48],[26.77,40.55],[26.93,40.61],[26.85,40.61],[26.77,40.61],[26.78,40.68],[26.7,40.68],[26.62,40.68],[26.55,40.74],[26.14,40.61],[26.08,40.87],[25.85,40.94],[24.35,41.0],[24.01,40.74],[23.7,40.81],[23.68,40.61],[23.84,40.55],[23.74,40.23],[22.96,40.42],[22.89,40.61],[22.57,40.55],[22.54,40.1],[22.7,40.1],[22.61,39.9],[23.14,39.45],[22.82,39.38],[22.8,39.06],[22.96,39.13],[23.49,38.87],[23.33,38.8],[23.03,38.93],[22.94,38.74],[23.17,38.67],[23.31,38.48],[23.63,38.48],[23.56,38.74],[24.03,38.67],[24.18,38.55],[24.16,38.22],[24.0,38.22],[23.98,37.84],[23.44,38.03],[23.21,38.03],[23.2,37.9],[23.04,37.9],[23.11,37.64],[23.34,37.64],[23.4,37.32],[23.17,37.32],[23.18,37.45],[22.95,37.58],[22.71,37.58],[22.7,37.32],[22.85,37.25],[23.06,36.67],[22.83,36.87],[22.6,36.87],[22.51,36.67],[22.36,36.67],[22.22,37.06],[21.91,37.06],[21.9,36.87],[21.74,36.87],[21.68,37.19],[21.6,37.19],[21.7,37.51],[21.24,37.84],[21.42,38.16],[21.73,38.16],[21.74,38.35],[21.19,38.42],[20.97,38.74],[20.74,38.8],[20.91,39.06],[20.3,39.38],[20.15,39.71],[19.92,39.71],[19.91,39.58],[19.76,39.64],[19.76,39.77],[20.0,39.77],[20.01,39.97],[19.63,40.29],[19.47,40.29],[19.49,40.61],[19.25,40.61],[19.25,40.74],[19.5,40.87],[19.42,40.94],[19.53,41.52],[19.46,41.65],[19.85,41.65],[19.84,41.46],[19.92,41.46],[19.84,41.33],[19.99,41.26],[19.9,40.94],[20.06,40.94],[20.13,40.74],[20.68,40.74],[20.93,40.87],[21.32,40.81],[21.97,41.07],[22.06,41.2],[22.61,41.2],[22.78,41.39],[24.63,41.65],[24.65,41.85],[24.97,41.85],[24.97,41.91],[25.21,41.91],[25.22,42.04],[25.47,42.11],[25.71,42.11],[25.93,41.91],[26.57,41.91],[26.81,41.98],[26.91,42.17],[27.07,42.17],[27.33,42.43],[27.49,42.43],[27.57,42.43],[27.94,42.04],[27.98,41.65],[28.22,41.65],[28.35,41.39],[28.98,41.26],[28.96,41.13],[29.04,41.13],[29.12,41.13],[30.48,41.2],[30.62,41.07],[31.18,41.07],[31.53,41.39],[32.03,41.52]]],[[[25.15,40.03],[25.46,40.03],[25.45,39.84],[24.97,39.84],[25.07,40.03],[25.15,40.03]]],[[[25.72,40.29],[25.8,40.29],[26.04,40.29],[26.02,40.16],[25.7,40.1],[25.72,40.29]]],[[[24.49,40.81],[24.57,40.81],[24.81,40.81],[24.79,40.61],[24.55,40.55],[24.49,40.81]]],[[[33.76,45.04],[33.84,45.04],[33.93,45.04],[34.01,45.04],[34.09,45.04],[34.08,44.97],[34.24,44.97],[34.38,44.78],[34.37,44.71],[34.1,44.52],[33.76,44.45],[33.68,44.45],[33.6,44.45],[33.52,44.45],[33.47,44.65],[33.55,44.65],[33.6,45.04],[33.68,45.04],[33.76,45.04]]]]},"properties":{"id":"territory:Byzantine Empire:814","name":"비잔티움 제국","name_en":"Byzantine Empire","actor":"로마","valid_from":814,"valid_to":830,"wikidata":"Q112039853","area":697309,"src":"cliopatria","confidence":"medium"}},{"type":"Feature","geometry":{"type":"Point","coordinates":[30.162,39.431]},"properties":{"id":"territory:Byzantine Empire:814:label","name":"비잔티움 제국","name_en":"Byzantine Empire","actor":"로마","valid_from":814,"valid_to":830,"wikidata":"Q112039853","area":697309,"src":"cliopatria","confidence":"medium"}},{"type":"Feature","geometry":{"type":"MultiPolygon","coordinates":[[[[14.34,36.03],[14.42,36.03],[14.57,35.97],[14.57,35.77],[14.34,35.84],[14.34,36.03]]],[[[22.89,36.42],[22.96,36.42],[23.12,36.35],[23.11,36.16],[22.87,36.16],[22.89,36.42]]],[[[20.62,37.9],[20.7,37.9],[20.93,37.9],[20.92,37.64],[20.61,37.71],[20.62,37.9]]],[[[13.04,38.09],[13.35,38.16],[13.28,38.03],[13.04,38.03],[13.04,38.09]]],[[[15.95,38.67],[16.27,38.74],[16.27,38.93],[16.12,39.06],[16.05,39.45],[15.9,39.64],[15.9,39.71],[16.45,39.71],[16.45,39.64],[16.92,39.51],[17.07,39.38],[17.14,39.06],[16.5,38.8],[16.49,38.42],[15.93,37.96],[15.7,37.96],[15.62,38.16],[15.39,38.16],[15.07,37.64],[15.06,37.25],[15.21,37.19],[15.05,36.74],[14.66,36.74],[14.28,37.13],[13.58,37.25],[13.19,37.58],[12.72,37.64],[12.49,37.84],[12.65,38.09],[12.96,37.96],[13.04,37.96],[13.67,37.96],[13.74,37.96],[15.86,38.29],[15.95,38.67]]],[[[20.33,38.35],[20.49,38.42],[20.57,38.42],[20.8,38.29],[20.79,38.09],[20.32,38.16],[20.33,38.35]]],[[[20.15,39.64],[20.15,39.58],[20.07,39.58],[20.07,39.64],[20.15,39.64]]],[[[9.75,39.64],[9.67,39.64],[9.59,39.13],[9.12,39.19],[8.97,38.87],[8.73,38.87],[8.34,39.0],[8.41,39.26],[8.33,39.26],[8.33,39.51],[8.41,39.51],[8.48,39.9],[8.32,39.97],[8.4,40.29],[8.32,40.29],[8.32,40.48],[8.16,40.55],[8.15,40.94],[8.55,40.87],[9.02,41.26],[9.1,41.26],[9.5,41.2],[9.82,40.74],[9.82,40.36],[9.67,40.29],[9.75,39.64]]],[[[17.42,40.36],[17.35,40.55],[17.83,40.68],[18.21,40.42],[18.21,40.36],[18.44,40.16],[18.35,39.9],[18.11,39.9],[17.81,40.36],[17.42,40.36]]],[[[20.0,41.33],[19.92,41.33],[19.92,41.39],[20.0,41.39],[20.0,41.33]]],[[[19.93,41.65],[19.85,41.65],[19.86,41.72],[19.94,41.72],[19.93,41.65]]],[[[18.07,42.76],[17.99,42.76],[17.83,42.89],[18.07,42.89],[18.15,42.69],[18.07,42.76]]],[[[17.51,42.82],[17.51,42.89],[17.59,42.89],[17.59,42.82],[17.59,42.76],[17.51,42.76],[17.51,42.82]]],[[[16.72,43.21],[16.8,43.21],[17.12,43.21],[17.12,43.08],[16.72,43.08],[16.72,43.21]]],[[[16.73,43.41],[16.73,43.47],[16.81,43.47],[16.81,43.41],[16.81,43.34],[16.73,43.34],[16.73,43.41]]],[[[15.93,43.6],[15.93,43.67],[16.66,43.67],[16.65,43.54],[16.57,43.54],[16.25,43.6],[16.17,43.47],[15.93,43.47],[16.01,43.6],[15.93,43.6]]],[[[15.38,44.19],[15.22,44.12],[15.22,44.19],[15.22,44.25],[15.14,44.25],[15.14,44.32],[15.15,44.39],[15.39,44.32],[15.38,44.19]]],[[[15.07,44.45],[15.15,44.45],[15.15,44.39],[15.07,44.39],[15.07,44.45]]],[[[14.99,44.45],[14.99,44.52],[15.07,44.52],[15.07,44.45],[14.99,44.45]]],[[[27.69,36.29],[28.02,36.48],[28.09,36.48],[28.25,36.48],[28.14,36.03],[27.74,35.9],[27.69,36.29]]],[[[27.12,36.93],[27.19,36.8],[26.87,36.67],[27.04,36.93],[27.12,36.93]]],[[[25.34,37.13],[25.42,37.13],[25.57,37.13],[25.56,37.0],[25.33,37.0],[25.34,37.13]]],[[[24.28,37.71],[24.36,37.71],[24.43,37.58],[24.27,37.51],[24.2,37.64],[24.28,37.71]]],[[[24.99,37.71],[25.06,37.71],[25.22,37.71],[25.29,37.51],[25.05,37.51],[24.99,37.71]]],[[[26.08,37.71],[26.16,37.71],[26.31,37.71],[26.3,37.58],[25.99,37.51],[26.08,37.71]]],[[[24.77,38.03],[25.07,37.77],[24.83,37.71],[24.68,37.84],[24.69,38.03],[24.77,38.03]]],[[[25.82,38.48],[25.91,38.67],[25.99,38.67],[26.22,38.55],[26.11,38.16],[25.88,38.16],[25.9,38.48],[25.82,38.48]]],[[[23.57,38.8],[23.56,38.74],[23.48,38.74],[23.49,38.8],[23.57,38.8]]],[[[24.36,39.0],[24.44,39.0],[24.67,38.93],[24.66,38.74],[24.36,38.87],[24.36,39.0]]],[[[26.09,39.0],[26.1,39.13],[25.79,39.19],[26.04,39.38],[26.12,39.38],[26.51,39.32],[26.64,39.0],[26.25,38.93],[26.09,39.0]]],[[[32.03,41.52],[32.04,41.65],[32.19,41.59],[32.69,41.78],[32.63,41.91],[34.78,41.91],[34.88,42.04],[35.12,42.04],[35.09,41.78],[35.31,41.65],[35.95,41.72],[36.21,41.26],[36.77,41.33],[37.07,41.13],[37.23,41.2],[37.21,41.07],[37.77,41.07],[37.83,40.94],[38.16,41.0],[38.3,40.87],[38.78,40.94],[39.05,41.13],[39.74,40.94],[40.37,40.94],[40.39,41.07],[40.54,41.0],[41.05,41.2],[41.24,41.39],[41.23,41.33],[41.26,41.07],[40.58,40.74],[40.39,40.55],[39.59,39.97],[38.84,39.71],[38.3,39.77],[38.16,39.9],[38.08,39.9],[37.76,39.9],[37.34,39.71],[36.82,39.32],[36.8,39.19],[36.56,39.13],[36.54,39.0],[35.74,38.22],[35.73,38.09],[35.81,38.09],[35.69,37.77],[35.54,37.77],[35.36,37.58],[35.35,37.51],[35.03,37.45],[34.78,37.25],[34.66,36.87],[34.58,36.87],[34.25,36.67],[33.98,36.29],[33.27,36.22],[32.71,36.03],[32.56,36.03],[32.5,36.22],[32.07,36.61],[31.09,36.93],[30.62,36.93],[30.49,36.35],[30.03,36.35],[29.94,36.22],[29.24,36.22],[29.12,36.74],[28.74,36.74],[28.59,36.87],[28.36,36.87],[28.19,36.67],[28.03,36.67],[28.14,37.06],[28.07,37.13],[27.6,37.13],[27.54,37.38],[27.22,37.32],[27.31,37.45],[27.16,37.58],[27.26,37.77],[27.18,37.77],[27.28,38.03],[26.89,38.09],[26.82,38.22],[26.43,38.22],[26.38,38.67],[26.54,38.61],[26.59,38.35],[27.06,38.35],[27.08,38.55],[26.85,38.61],[26.96,39.0],[26.88,39.0],[26.89,39.19],[26.74,39.26],[26.85,39.58],[26.13,39.51],[26.27,40.29],[26.6,40.48],[26.68,40.48],[26.67,40.36],[27.47,40.42],[27.54,40.29],[27.7,40.29],[27.79,40.48],[27.95,40.48],[27.94,40.36],[29.05,40.36],[28.9,40.48],[28.91,40.61],[29.39,40.68],[29.49,40.87],[29.25,40.81],[29.1,40.94],[29.12,41.07],[27.53,41.07],[27.02,40.68],[26.92,40.48],[26.77,40.55],[26.93,40.61],[26.85,40.61],[26.77,40.61],[26.78,40.68],[26.7,40.68],[26.62,40.68],[26.55,40.74],[26.14,40.61],[26.08,40.87],[25.85,40.94],[24.35,41.0],[24.01,40.74],[23.7,40.81],[23.68,40.61],[23.84,40.55],[23.74,40.23],[22.96,40.42],[22.89,40.61],[22.57,40.55],[22.54,40.1],[22.7,40.1],[22.61,39.9],[23.14,39.45],[22.82,39.38],[22.8,39.06],[22.96,39.13],[23.49,38.87],[23.33,38.8],[23.03,38.93],[22.94,38.74],[23.17,38.67],[23.31,38.48],[23.63,38.48],[23.56,38.74],[24.03,38.67],[24.18,38.55],[24.16,38.22],[24.0,38.22],[23.98,37.84],[23.44,38.03],[23.21,38.03],[23.2,37.9],[23.04,37.9],[23.11,37.64],[23.34,37.64],[23.4,37.32],[23.17,37.32],[23.18,37.45],[22.95,37.58],[22.71,37.58],[22.7,37.32],[22.85,37.25],[23.06,36.67],[22.83,36.87],[22.6,36.87],[22.51,36.67],[22.36,36.67],[22.22,37.06],[21.91,37.06],[21.9,36.87],[21.74,36.87],[21.68,37.19],[21.6,37.19],[21.7,37.51],[21.24,37.84],[21.42,38.16],[21.73,38.16],[21.74,38.35],[21.19,38.42],[20.97,38.74],[20.74,38.8],[20.91,39.06],[20.3,39.38],[20.15,39.71],[19.92,39.71],[19.91,39.58],[19.76,39.64],[19.76,39.77],[20.0,39.77],[20.01,39.97],[19.63,40.29],[19.47,40.29],[19.49,40.61],[19.25,40.61],[19.25,40.74],[19.5,40.87],[19.42,40.94],[19.53,41.52],[19.46,41.65],[19.85,41.65],[19.84,41.46],[19.92,41.46],[19.84,41.33],[19.99,41.26],[19.9,40.94],[20.06,40.94],[20.13,40.74],[20.68,40.74],[20.93,40.87],[21.32,40.81],[21.97,41.07],[22.06,41.2],[22.61,41.2],[22.78,41.39],[24.63,41.65],[24.65,41.85],[24.97,41.85],[24.97,41.91],[25.21,41.91],[25.22,42.04],[25.47,42.11],[25.71,42.11],[25.93,41.91],[26.57,41.91],[26.81,41.98],[26.91,42.17],[27.07,42.17],[27.33,42.43],[27.49,42.43],[27.57,42.43],[27.94,42.04],[27.98,41.65],[28.22,41.65],[28.35,41.39],[28.98,41.26],[28.96,41.13],[29.04,41.13],[29.12,41.13],[30.48,41.2],[30.62,41.07],[31.18,41.07],[31.53,41.39],[32.03,41.52]]],[[[25.15,40.03],[25.46,40.03],[25.45,39.84],[24.97,39.84],[25.07,40.03],[25.15,40.03]]],[[[25.72,40.29],[25.8,40.29],[26.04,40.29],[26.02,40.16],[25.7,40.1],[25.72,40.29]]],[[[24.49,40.81],[24.57,40.81],[24.81,40.81],[24.79,40.61],[24.55,40.55],[24.49,40.81]]],[[[33.76,45.04],[33.84,45.04],[33.93,45.04],[34.01,45.04],[34.09,45.04],[34.08,44.97],[34.24,44.97],[34.38,44.78],[34.37,44.71],[34.1,44.52],[33.76,44.45],[33.68,44.45],[33.6,44.45],[33.52,44.45],[33.47,44.65],[33.55,44.65],[33.6,45.04],[33.68,45.04],[33.76,45.04]]]]},"properties":{"id":"territory:Byzantine Empire:830","name":"비잔티움 제국","name_en":"Byzantine Empire","actor":"로마","valid_from":830,"valid_to":840,"wikidata":"Q112039853","area":691465,"src":"cliopatria","confidence":"medium"}},{"type":"Feature","geometry":{"type":"Point","coordinates":[30.162,39.431]},"properties":{"id":"territory:Byzantine Empire:830:label","name":"비잔티움 제국","name_en":"Byzantine Empire","actor":"로마","valid_from":830,"valid_to":840,"wikidata":"Q112039853","area":691465,"src":"cliopatria","confidence":"medium"}},{"type":"Feature","geometry":{"type":"MultiPolygon","coordinates":[[[[9.49,43.02],[9.49,42.76],[9.57,42.76],[9.58,41.98],[9.5,41.98],[9.5,41.78],[9.26,41.39],[9.1,41.33],[8.78,41.52],[8.78,41.72],[8.62,41.72],[8.7,41.91],[8.54,42.11],[8.53,42.5],[8.77,42.69],[9.17,42.76],[9.25,43.02],[9.33,43.02],[9.49,43.02]]],[[[10.46,42.69],[10.21,42.69],[10.13,42.89],[10.21,42.89],[10.46,42.89],[10.46,42.69]]],[[[12.74,45.82],[12.16,45.69],[12.0,45.56],[12.0,45.37],[12.16,45.37],[12.16,45.3],[12.16,45.17],[12.4,45.04],[12.4,44.78],[12.16,44.84],[12.15,44.45],[12.31,44.19],[12.87,43.8],[13.04,43.86],[13.03,43.73],[13.51,43.54],[13.51,43.47],[13.27,43.41],[13.19,43.54],[12.55,43.6],[12.55,43.47],[12.22,43.41],[11.82,43.34],[11.82,43.21],[11.98,43.15],[12.06,42.76],[11.74,42.63],[11.57,42.37],[11.49,42.37],[11.26,42.43],[11.18,42.63],[11.02,42.63],[11.02,42.82],[10.54,43.08],[10.37,43.67],[10.13,44.06],[9.89,43.99],[9.97,44.12],[9.73,44.12],[9.16,44.45],[8.59,44.45],[8.19,44.19],[8.03,43.93],[7.15,43.73],[6.99,43.54],[6.67,43.47],[6.52,43.21],[6.28,43.15],[5.8,43.15],[5.63,43.28],[5.39,43.28],[5.39,43.41],[5.06,43.47],[4.18,43.47],[4.17,43.6],[3.85,43.6],[3.62,43.41],[3.14,43.28],[2.98,43.15],[3.01,42.56],[3.18,42.37],[3.12,41.91],[2.57,41.59],[2.33,41.59],[2.11,41.33],[1.87,41.26],[1.79,41.26],[1.37,41.85],[1.68,41.91],[1.98,42.24],[2.46,42.3],[2.46,42.43],[1.49,42.63],[1.07,42.82],[0.67,42.82],[0.6,42.69],[-0.12,42.76],[-0.77,42.89],[-0.86,43.02],[-1.69,43.34],[-1.69,43.41],[-1.46,43.54],[-1.4,43.86],[-1.32,43.86],[-1.35,44.25],[-1.27,44.25],[-1.29,44.52],[-1.21,44.52],[-1.25,45.17],[-1.17,45.17],[-1.19,45.43],[-1.03,45.5],[-1.05,45.69],[-1.21,45.76],[-1.14,45.89],[-1.22,45.89],[-1.25,46.28],[-1.67,46.35],[-2.19,46.81],[-2.21,47.01],[-2.13,47.01],[-1.31,47.01],[-1.25,47.4],[-0.93,47.53],[-0.36,47.53],[-0.37,47.73],[-0.22,47.86],[-0.22,47.99],[-0.73,48.13],[-1.08,48.39],[-1.04,48.92],[-1.21,48.99],[-1.25,49.38],[-1.17,49.45],[-1.08,49.45],[0.01,49.38],[-0.01,49.65],[0.22,49.85],[1.05,49.98],[1.45,50.25],[1.42,50.71],[1.66,51.05],[2.58,51.18],[3.16,51.45],[3.75,51.45],[3.41,51.51],[3.4,51.65],[3.74,51.65],[3.65,51.78],[3.82,51.78],[3.81,51.92],[3.9,51.92],[3.98,51.92],[4.15,51.92],[4.24,51.71],[4.5,51.71],[4.49,51.84],[4.49,51.85],[4.49,51.92],[4.49,51.98],[4.57,51.98],[4.57,52.05],[5.51,52.05],[5.94,51.85],[5.94,51.71],[6.2,51.51],[5.96,51.18],[5.97,50.91],[5.97,50.85],[6.32,50.45],[6.32,50.31],[6.08,50.11],[6.16,50.11],[6.17,49.91],[6.34,49.85],[6.27,49.38],[6.44,49.32],[6.44,49.12],[6.28,48.99],[6.21,48.72],[6.04,48.72],[5.8,48.46],[5.47,48.32],[5.48,48.06],[6.06,47.99],[6.23,47.86],[6.16,47.47],[6.33,47.33],[6.33,47.14],[6.18,46.94],[5.85,46.94],[5.76,47.07],[5.43,47.01],[5.38,46.28],[5.95,46.35],[6.12,46.22],[6.27,46.41],[6.68,46.41],[6.85,46.28],[6.94,45.96],[7.43,45.89],[8.0,46.02],[8.08,46.22],[8.4,46.41],[8.49,46.15],[8.65,46.15],[8.98,45.89],[9.3,46.48],[10.04,46.28],[10.12,46.41],[10.04,46.41],[10.04,46.61],[10.86,46.55],[11.6,46.68],[12.58,46.68],[13.07,46.55],[13.65,46.55],[13.73,46.48],[13.64,46.35],[13.96,45.96],[13.96,45.76],[14.28,45.56],[14.28,45.43],[14.28,45.37],[14.2,45.37],[14.19,45.04],[14.03,45.04],[13.95,45.04],[13.63,45.5],[13.71,45.5],[13.71,45.76],[13.14,45.82],[13.06,45.69],[12.98,45.89],[12.9,45.89],[12.98,45.82],[12.74,45.82]],[[12.82,45.89],[12.74,45.89],[12.74,45.82],[12.82,45.89]]],[[[-15.58,64.35],[-15.48,64.35],[-15.46,64.28],[-15.56,64.28],[-15.58,64.35]]],[[[-15.41,64.42],[-15.31,64.42],[-15.29,64.35],[-15.39,64.35],[-15.41,64.42]]],[[[-23.01,66.03],[-23.45,66.18],[-23.48,66.25],[-23.06,66.18],[-23.01,66.03]]]]},"properties":{"id":"territory:West Franks:875","name":"서프랑크","name_en":"West Franks","actor":"게르만","valid_from":875,"valid_to":876,"wikidata":"Q46370","area":674375,"src":"cliopatria","confidence":"medium"}},{"type":"Feature","geometry":{"type":"Point","coordinates":[4.348,46.421]},"properties":{"id":"territory:West Franks:875:label","name":"서프랑크","name_en":"West Franks","actor":"게르만","valid_from":875,"valid_to":876,"wikidata":"Q46370","area":674375,"src":"cliopatria","confidence":"medium"}},{"type":"Feature","geometry":{"type":"MultiPolygon","coordinates":[[[[14.34,36.03],[14.42,36.03],[14.57,35.97],[14.57,35.77],[14.34,35.84],[14.34,36.03]]],[[[22.89,36.42],[22.96,36.42],[23.12,36.35],[23.11,36.16],[22.87,36.16],[22.89,36.42]]],[[[20.62,37.9],[20.7,37.9],[20.93,37.9],[20.92,37.64],[20.61,37.71],[20.62,37.9]]],[[[15.47,38.29],[15.94,38.35],[15.95,38.67],[16.27,38.74],[16.27,38.93],[16.12,39.06],[16.05,39.45],[15.9,39.64],[15.9,39.71],[16.45,39.71],[16.45,39.64],[16.92,39.51],[17.07,39.38],[17.14,39.06],[16.5,38.8],[16.49,38.42],[15.93,37.96],[15.7,37.96],[15.62,38.16],[15.39,38.16],[15.07,37.64],[15.06,37.25],[15.21,37.19],[15.05,36.74],[14.66,36.74],[14.28,37.13],[13.58,37.25],[13.5,37.38],[13.42,37.38],[13.74,37.96],[13.82,37.96],[13.9,37.96],[13.98,37.96],[14.06,37.96],[14.06,38.03],[14.14,38.03],[14.6,38.03],[14.76,38.16],[15.31,38.16],[15.47,38.29]]],[[[20.33,38.35],[20.49,38.42],[20.57,38.42],[20.8,38.29],[20.79,38.09],[20.32,38.16],[20.33,38.35]]],[[[23.57,38.8],[23.56,38.74],[23.48,38.74],[23.49,38.8],[23.57,38.8]]],[[[20.15,39.64],[20.15,39.58],[20.07,39.58],[20.07,39.64],[20.15,39.64]]],[[[17.81,40.36],[17.42,40.36],[17.34,40.48],[17.59,40.68],[17.83,40.68],[18.21,40.42],[18.21,40.36],[18.44,40.16],[18.35,39.9],[18.11,39.9],[17.81,40.36]]],[[[20.0,41.33],[19.92,41.33],[19.92,41.39],[20.0,41.39],[20.0,41.33]]],[[[19.93,41.65],[19.85,41.65],[19.86,41.72],[19.94,41.72],[19.93,41.65]]],[[[18.07,42.76],[17.99,42.76],[17.83,42.89],[18.07,42.89],[18.15,42.69],[18.07,42.76]]],[[[17.51,42.82],[17.51,42.89],[17.59,42.89],[17.59,42.82],[17.59,42.76],[17.51,42.76],[17.51,42.82]]],[[[16.72,43.21],[16.8,43.21],[17.12,43.21],[17.12,43.08],[16.72,43.08],[16.72,43.21]]],[[[16.73,43.41],[16.73,43.47],[16.81,43.47],[16.81,43.41],[16.81,43.34],[16.73,43.34],[16.73,43.41]]],[[[15.93,43.6],[15.93,43.67],[16.66,43.67],[16.65,43.54],[16.57,43.54],[16.25,43.6],[16.17,43.47],[15.93,43.47],[16.01,43.6],[15.93,43.6]]],[[[15.38,44.19],[15.22,44.12],[15.22,44.19],[15.22,44.25],[15.14,44.25],[15.14,44.32],[15.15,44.39],[15.39,44.32],[15.38,44.19]]],[[[15.07,44.45],[15.15,44.45],[15.15,44.39],[15.07,44.39],[15.07,44.45]]],[[[14.99,44.45],[14.99,44.52],[15.07,44.52],[15.07,44.45],[14.99,44.45]]],[[[27.69,36.29],[28.02,36.48],[28.09,36.48],[28.25,36.48],[28.14,36.03],[27.74,35.9],[27.69,36.29]]],[[[27.12,36.93],[27.19,36.8],[26.87,36.67],[27.04,36.93],[27.12,36.93]]],[[[25.34,37.13],[25.42,37.13],[25.57,37.13],[25.56,37.0],[25.33,37.0],[25.34,37.13]]],[[[24.28,37.71],[24.36,37.71],[24.43,37.58],[24.27,37.51],[24.2,37.64],[24.28,37.71]]],[[[24.99,37.71],[25.06,37.71],[25.22,37.71],[25.29,37.51],[25.05,37.51],[24.99,37.71]]],[[[26.08,37.71],[26.16,37.71],[26.31,37.71],[26.3,37.58],[25.99,37.51],[26.08,37.71]]],[[[24.77,38.03],[25.07,37.77],[24.83,37.71],[24.68,37.84],[24.69,38.03],[24.77,38.03]]],[[[25.82,38.48],[25.91,38.67],[25.99,38.67],[26.22,38.55],[26.11,38.16],[25.88,38.16],[25.9,38.48],[25.82,38.48]]],[[[24.36,39.0],[24.44,39.0],[24.67,38.93],[24.66,38.74],[24.36,38.87],[24.36,39.0]]],[[[26.09,39.0],[26.1,39.13],[25.79,39.19],[26.04,39.38],[26.12,39.38],[26.51,39.32],[26.64,39.0],[26.25,38.93],[26.09,39.0]]],[[[31.53,41.39],[32.03,41.52],[32.04,41.65],[32.19,41.59],[32.69,41.78],[32.63,41.91],[34.78,41.91],[34.88,42.04],[35.12,42.04],[35.09,41.78],[35.31,41.65],[35.95,41.72],[36.21,41.26],[36.77,41.33],[37.07,41.13],[37.23,41.2],[37.21,41.07],[37.77,41.07],[37.83,40.94],[38.16,41.0],[38.3,40.87],[38.78,40.94],[39.05,41.13],[39.74,40.94],[40.37,40.94],[40.39,41.07],[40.54,41.0],[41.05,41.2],[41.24,41.39],[41.23,41.33],[41.26,41.07],[40.58,40.74],[40.39,40.55],[39.59,39.97],[38.84,39.71],[38.3,39.77],[38.16,39.9],[38.08,39.9],[37.76,39.9],[37.34,39.71],[36.82,39.32],[36.8,39.19],[36.56,39.13],[36.54,39.0],[35.74,38.22],[35.73,38.09],[35.81,38.09],[35.69,37.77],[35.54,37.77],[35.36,37.58],[35.35,37.51],[35.03,37.45],[34.78,37.25],[34.66,36.87],[34.58,36.87],[34.25,36.67],[33.98,36.29],[33.27,36.22],[32.71,36.03],[32.56,36.03],[32.5,36.22],[32.07,36.61],[31.09,36.93],[30.62,36.93],[30.49,36.35],[30.03,36.35],[29.94,36.22],[29.24,36.22],[29.12,36.74],[28.74,36.74],[28.59,36.87],[28.36,36.87],[28.19,36.67],[28.03,36.67],[28.14,37.06],[28.07,37.13],[27.6,37.13],[27.54,37.38],[27.22,37.32],[27.31,37.45],[27.16,37.58],[27.26,37.77],[27.18,37.77],[27.28,38.03],[26.89,38.09],[26.82,38.22],[26.43,38.22],[26.38,38.67],[26.54,38.61],[26.59,38.35],[27.06,38.35],[27.08,38.55],[26.85,38.61],[26.96,39.0],[26.88,39.0],[26.89,39.19],[26.74,39.26],[26.85,39.58],[26.13,39.51],[26.27,40.29],[26.6,40.48],[26.68,40.48],[26.67,40.36],[27.47,40.42],[27.54,40.29],[27.7,40.29],[27.79,40.48],[27.95,40.48],[27.94,40.36],[29.05,40.36],[28.9,40.48],[28.91,40.61],[29.39,40.68],[29.49,40.87],[29.25,40.81],[29.1,40.94],[29.12,41.07],[27.53,41.07],[27.02,40.68],[26.92,40.48],[26.77,40.55],[26.93,40.61],[26.85,40.61],[26.77,40.61],[26.78,40.68],[26.7,40.68],[26.62,40.68],[26.55,40.74],[26.14,40.61],[26.08,40.87],[25.85,40.94],[24.35,41.0],[24.01,40.74],[23.7,40.81],[23.68,40.61],[23.84,40.55],[23.74,40.23],[22.96,40.42],[22.89,40.61],[22.57,40.55],[22.54,40.1],[22.7,40.1],[22.61,39.9],[23.14,39.45],[22.82,39.38],[22.8,39.06],[22.96,39.13],[23.49,38.87],[23.33,38.8],[23.03,38.93],[22.94,38.74],[23.17,38.67],[23.31,38.48],[23.63,38.48],[23.56,38.74],[24.03,38.67],[24.18,38.55],[24.16,38.22],[24.0,38.22],[23.98,37.84],[23.44,38.03],[23.21,38.03],[23.2,37.9],[23.04,37.9],[23.11,37.64],[23.34,37.64],[23.4,37.32],[23.17,37.32],[23.18,37.45],[22.95,37.58],[22.71,37.58],[22.7,37.32],[22.85,37.25],[23.06,36.67],[22.83,36.87],[22.6,36.87],[22.51,36.67],[22.36,36.67],[22.22,37.06],[21.91,37.06],[21.9,36.87],[21.74,36.87],[21.68,37.19],[21.6,37.19],[21.7,37.51],[21.24,37.84],[21.42,38.16],[21.73,38.16],[21.74,38.35],[21.19,38.42],[20.97,38.74],[20.74,38.8],[20.91,39.06],[20.3,39.38],[20.15,39.71],[19.92,39.71],[19.91,39.58],[19.76,39.64],[19.76,39.77],[20.0,39.77],[20.01,39.97],[19.63,40.29],[19.47,40.29],[19.49,40.61],[19.25,40.61],[19.25,40.74],[19.5,40.87],[19.42,40.94],[19.53,41.52],[19.46,41.65],[19.85,41.65],[19.84,41.46],[19.92,41.46],[19.84,41.33],[19.99,41.26],[19.9,40.94],[20.06,40.94],[20.13,40.74],[20.68,40.74],[20.93,40.87],[21.32,40.81],[21.97,41.07],[22.06,41.2],[22.61,41.2],[22.78,41.39],[24.63,41.65],[24.64,41.72],[25.47,42.11],[25.71,42.11],[25.93,41.91],[26.57,41.91],[26.81,41.98],[26.91,42.17],[27.07,42.17],[27.33,42.43],[27.49,42.43],[27.57,42.43],[27.94,42.04],[27.98,41.65],[28.22,41.65],[28.35,41.39],[28.98,41.26],[28.96,41.13],[29.04,41.13],[29.12,41.13],[30.48,41.2],[30.62,41.07],[31.18,41.07],[31.53,41.39]]],[[[25.07,40.03],[25.15,40.03],[25.46,40.03],[25.45,39.84],[24.97,39.84],[25.07,40.03]]],[[[25.72,40.29],[25.8,40.29],[26.04,40.29],[26.02,40.16],[25.7,40.1],[25.72,40.29]]],[[[24.49,40.81],[24.57,40.81],[24.81,40.81],[24.79,40.61],[24.55,40.55],[24.49,40.81]]],[[[33.76,45.04],[33.84,45.04],[33.93,45.04],[34.01,45.04],[34.09,45.04],[34.08,44.97],[34.24,44.97],[34.38,44.78],[34.37,44.71],[34.1,44.52],[33.76,44.45],[33.68,44.45],[33.6,44.45],[33.52,44.45],[33.47,44.65],[33.55,44.65],[33.6,45.04],[33.68,45.04],[33.76,45.04]]]]},"properties":{"id":"territory:Byzantine Empire:840","name":"비잔티움 제국","name_en":"Byzantine Empire","actor":"로마","valid_from":840,"valid_to":850,"wikidata":"Q112039853","area":659509,"src":"cliopatria","confidence":"medium"}},{"type":"Feature","geometry":{"type":"Point","coordinates":[30.164,39.43]},"properties":{"id":"territory:Byzantine Empire:840:label","name":"비잔티움 제국","name_en":"Byzantine Empire","actor":"로마","valid_from":840,"valid_to":850,"wikidata":"Q112039853","area":659509,"src":"cliopatria","confidence":"medium"}},{"type":"Feature","geometry":{"type":"MultiPolygon","coordinates":[[[[22.89,36.42],[22.96,36.42],[23.12,36.35],[23.11,36.16],[22.87,36.16],[22.89,36.42]]],[[[24.28,37.71],[24.36,37.71],[24.43,37.58],[24.27,37.51],[24.2,37.64],[24.28,37.71]]],[[[15.15,37.71],[15.14,37.64],[15.07,37.64],[15.07,37.71],[15.07,37.77],[15.07,37.84],[15.15,37.84],[15.15,37.9],[15.23,37.9],[15.23,37.84],[15.23,37.77],[15.15,37.77],[15.15,37.71]]],[[[20.62,37.9],[20.7,37.9],[20.93,37.9],[20.92,37.64],[20.61,37.71],[20.62,37.9]]],[[[20.33,38.35],[20.49,38.42],[20.57,38.42],[20.8,38.29],[20.79,38.09],[20.32,38.16],[20.33,38.35]]],[[[23.57,38.8],[23.56,38.74],[23.48,38.74],[23.49,38.8],[23.57,38.8]]],[[[16.45,39.64],[16.92,39.51],[17.07,39.38],[17.14,39.06],[16.66,38.93],[16.5,38.8],[16.49,38.42],[15.93,37.96],[15.7,37.96],[15.63,38.29],[15.86,38.29],[15.95,38.67],[16.27,38.8],[16.27,38.87],[15.9,39.64],[15.9,39.71],[16.45,39.71],[16.45,39.64]]],[[[20.15,39.64],[20.15,39.58],[20.07,39.58],[20.07,39.64],[20.15,39.64]]],[[[15.31,41.59],[15.48,41.72],[15.4,41.91],[15.48,41.91],[16.12,41.91],[16.11,41.78],[15.87,41.72],[15.94,41.39],[16.73,41.2],[17.44,40.87],[17.51,40.74],[17.98,40.61],[18.36,40.29],[18.44,40.1],[18.36,40.1],[18.35,39.9],[18.11,39.9],[17.81,40.36],[17.42,40.36],[17.35,40.55],[17.03,40.55],[16.87,40.48],[16.95,40.42],[16.86,40.36],[16.78,40.36],[16.79,40.55],[16.25,40.87],[16.25,40.94],[16.09,40.94],[16.01,41.07],[15.38,41.0],[15.31,41.59]]],[[[20.0,41.33],[19.92,41.33],[19.92,41.39],[20.0,41.39],[20.0,41.33]]],[[[17.99,42.76],[17.99,42.82],[18.07,42.82],[18.15,42.82],[18.15,42.76],[18.15,42.69],[18.07,42.69],[18.07,42.76],[17.99,42.76]]],[[[17.51,42.76],[17.51,42.82],[17.59,42.82],[17.59,42.76],[17.51,42.76]]],[[[16.72,43.21],[16.8,43.21],[17.12,43.21],[17.12,43.08],[16.72,43.08],[16.72,43.21]]],[[[16.73,43.41],[16.73,43.47],[16.81,43.47],[16.81,43.41],[16.81,43.34],[16.73,43.34],[16.73,43.41]]],[[[15.93,43.6],[15.93,43.67],[16.66,43.67],[16.65,43.54],[16.57,43.54],[16.25,43.6],[16.17,43.47],[15.93,43.47],[16.01,43.6],[15.93,43.6]]],[[[15.38,44.19],[15.22,44.12],[15.22,44.19],[15.22,44.25],[15.14,44.25],[15.14,44.32],[15.15,44.39],[15.39,44.32],[15.38,44.19]]],[[[15.07,44.45],[15.15,44.45],[15.15,44.39],[15.07,44.39],[15.07,44.45]]],[[[14.99,44.45],[14.99,44.52],[15.07,44.52],[15.07,44.45],[14.99,44.45]]],[[[34.09,35.0],[33.7,34.94],[33.52,34.74],[33.13,34.68],[33.04,34.55],[32.37,34.74],[32.23,34.94],[32.25,35.13],[32.55,35.13],[32.88,35.26],[32.89,35.39],[33.74,35.39],[34.31,35.71],[34.39,35.71],[34.54,35.71],[34.53,35.58],[33.96,35.26],[34.09,35.0]]],[[[27.69,36.29],[28.02,36.48],[28.09,36.48],[28.25,36.48],[28.14,36.03],[27.74,35.9],[27.69,36.29]]],[[[27.12,36.93],[27.19,36.8],[26.87,36.67],[27.04,36.93],[27.12,36.93]]],[[[25.34,37.13],[25.42,37.13],[25.57,37.13],[25.56,37.0],[25.33,37.0],[25.34,37.13]]],[[[24.99,37.71],[25.06,37.71],[25.22,37.71],[25.29,37.51],[25.05,37.51],[24.99,37.71]]],[[[26.08,37.71],[26.16,37.71],[26.31,37.71],[26.3,37.58],[25.99,37.51],[26.08,37.71]]],[[[24.77,38.03],[25.07,37.77],[24.83,37.71],[24.68,37.84],[24.69,38.03],[24.77,38.03]]],[[[25.82,38.48],[25.91,38.67],[25.99,38.67],[26.22,38.55],[26.11,38.16],[25.88,38.16],[25.9,38.48],[25.82,38.48]]],[[[24.36,39.0],[24.44,39.0],[24.67,38.93],[24.66,38.74],[24.36,38.87],[24.36,39.0]]],[[[26.09,39.0],[26.1,39.13],[25.79,39.19],[26.04,39.38],[26.12,39.38],[26.51,39.32],[26.64,39.0],[26.25,38.93],[26.09,39.0]]],[[[32.04,41.65],[32.19,41.59],[32.69,41.78],[32.63,41.91],[34.78,41.91],[34.88,42.04],[35.12,42.04],[35.09,41.78],[35.31,41.65],[35.95,41.72],[36.21,41.26],[36.77,41.33],[37.07,41.13],[37.23,41.2],[37.21,41.07],[37.77,41.07],[37.83,40.94],[38.16,41.0],[38.3,40.87],[38.78,40.94],[39.05,41.13],[39.74,40.94],[40.37,40.94],[40.39,41.07],[40.54,41.0],[41.05,41.2],[41.24,41.39],[41.23,41.33],[41.26,41.07],[40.58,40.74],[40.39,40.55],[39.59,39.97],[38.84,39.71],[38.3,39.77],[38.16,39.9],[38.08,39.9],[37.76,39.9],[37.34,39.71],[36.82,39.32],[36.8,39.19],[36.56,39.13],[36.54,39.0],[35.74,38.22],[35.73,38.09],[35.81,38.09],[35.69,37.77],[35.54,37.77],[35.36,37.58],[35.35,37.51],[35.03,37.45],[34.78,37.25],[34.66,36.87],[34.58,36.87],[34.25,36.67],[33.98,36.29],[33.27,36.22],[32.71,36.03],[32.56,36.03],[32.5,36.22],[32.07,36.61],[31.09,36.93],[30.62,36.93],[30.49,36.35],[30.03,36.35],[29.94,36.22],[29.24,36.22],[29.12,36.74],[28.74,36.74],[28.59,36.87],[28.36,36.87],[28.19,36.67],[28.03,36.67],[28.14,37.06],[28.07,37.13],[27.6,37.13],[27.54,37.38],[27.22,37.32],[27.31,37.45],[27.16,37.58],[27.26,37.77],[27.18,37.77],[27.28,38.03],[26.89,38.09],[26.82,38.22],[26.43,38.22],[26.38,38.67],[26.54,38.61],[26.59,38.35],[27.06,38.35],[27.08,38.55],[26.85,38.61],[26.96,39.0],[26.88,39.0],[26.89,39.19],[26.74,39.26],[26.85,39.58],[26.13,39.51],[26.27,40.29],[26.6,40.48],[26.68,40.48],[26.67,40.36],[27.47,40.42],[27.54,40.29],[27.7,40.29],[27.79,40.48],[27.95,40.48],[27.94,40.36],[29.05,40.36],[28.9,40.48],[28.91,40.61],[29.39,40.68],[29.49,40.87],[29.25,40.81],[29.1,40.94],[29.12,41.07],[27.53,41.07],[27.02,40.68],[26.92,40.48],[26.77,40.55],[26.93,40.61],[26.85,40.61],[26.77,40.61],[26.78,40.68],[26.7,40.68],[26.62,40.68],[26.55,40.74],[26.14,40.61],[26.08,40.87],[25.85,40.94],[24.35,41.0],[24.01,40.74],[23.7,40.81],[23.68,40.61],[23.84,40.55],[23.74,40.23],[22.96,40.42],[22.89,40.61],[22.57,40.55],[22.54,40.1],[22.7,40.1],[22.61,39.9],[23.14,39.45],[22.82,39.38],[22.8,39.06],[22.96,39.13],[23.49,38.87],[23.33,38.8],[23.03,38.93],[22.94,38.74],[23.17,38.67],[23.31,38.48],[23.63,38.48],[23.56,38.74],[24.03,38.67],[24.18,38.55],[24.16,38.22],[24.0,38.22],[23.98,37.84],[23.44,38.03],[23.21,38.03],[23.2,37.9],[23.04,37.9],[23.11,37.64],[23.34,37.64],[23.4,37.32],[23.17,37.32],[23.18,37.45],[22.95,37.58],[22.71,37.58],[22.7,37.32],[22.85,37.25],[23.06,36.67],[22.83,36.87],[22.6,36.87],[22.51,36.67],[22.36,36.67],[22.22,37.06],[21.91,37.06],[21.9,36.87],[21.74,36.87],[21.68,37.19],[21.6,37.19],[21.7,37.51],[21.24,37.84],[21.42,38.16],[21.73,38.16],[21.74,38.35],[21.19,38.42],[20.97,38.74],[20.74,38.8],[20.91,39.06],[20.3,39.38],[20.15,39.71],[19.92,39.71],[19.91,39.58],[19.76,39.64],[19.76,39.77],[20.0,39.77],[20.01,39.97],[19.63,40.29],[19.47,40.29],[19.49,40.61],[19.25,40.61],[19.25,40.74],[19.5,40.87],[19.44,41.26],[19.52,41.39],[19.44,41.39],[19.53,41.52],[19.45,41.52],[19.54,41.78],[19.39,41.91],[19.63,41.98],[19.94,41.72],[19.85,41.52],[19.92,41.46],[19.84,41.33],[19.99,41.26],[19.9,40.94],[20.06,40.94],[20.13,40.74],[20.52,40.74],[20.6,40.74],[20.75,40.48],[21.45,40.36],[21.86,40.55],[22.25,40.55],[23.16,41.0],[24.52,41.26],[24.78,41.46],[24.81,41.85],[25.21,41.91],[25.22,42.04],[25.71,42.11],[25.93,41.91],[26.57,41.91],[26.9,42.04],[26.91,42.17],[27.57,42.37],[27.65,42.37],[28.0,41.91],[27.98,41.65],[28.22,41.65],[28.28,41.46],[28.51,41.33],[28.98,41.26],[28.96,41.13],[30.48,41.2],[30.62,41.07],[30.86,41.07],[30.87,41.13],[31.35,41.13],[31.53,41.39],[32.03,41.52],[32.04,41.65]]],[[[25.07,40.03],[25.15,40.03],[25.46,40.03],[25.45,39.84],[24.97,39.84],[25.07,40.03]]],[[[25.72,40.29],[25.8,40.29],[26.04,40.29],[26.02,40.16],[25.7,40.1],[25.72,40.29]]],[[[24.49,40.81],[24.57,40.81],[24.81,40.81],[24.79,40.61],[24.55,40.55],[24.49,40.81]]],[[[33.76,45.04],[33.84,45.04],[33.93,45.04],[34.01,45.04],[34.09,45.04],[34.08,44.97],[34.24,44.97],[34.38,44.78],[34.37,44.71],[34.1,44.52],[33.76,44.45],[33.68,44.45],[33.6,44.45],[33.52,44.45],[33.47,44.65],[33.55,44.65],[33.6,45.04],[33.68,45.04],[33.76,45.04]]]]},"properties":{"id":"territory:Byzantine Empire:880","name":"비잔티움 제국","name_en":"Byzantine Empire","actor":"로마","valid_from":880,"valid_to":886,"wikidata":"Q112039853","area":649047,"src":"cliopatria","confidence":"medium"}},{"type":"Feature","geometry":{"type":"Point","coordinates":[30.374,39.384]},"properties":{"id":"territory:Byzantine Empire:880:label","name":"비잔티움 제국","name_en":"Byzantine Empire","actor":"로마","valid_from":880,"valid_to":886,"wikidata":"Q112039853","area":649047,"src":"cliopatria","confidence":"medium"}},{"type":"Feature","geometry":{"type":"MultiPolygon","coordinates":[[[[26.01,51.25],[26.09,51.25],[26.09,51.18],[26.0,51.18],[26.01,51.25]]],[[[39.32,60.21],[39.74,60.07],[39.86,59.85],[40.28,59.71],[40.61,59.29],[41.02,59.16],[41.21,58.88],[41.39,58.88],[41.67,58.6],[41.63,58.46],[41.86,58.32],[41.82,58.18],[41.98,58.11],[41.97,57.77],[42.11,57.63],[42.0,56.94],[42.14,56.8],[42.04,56.46],[41.67,56.05],[41.59,55.77],[41.35,55.84],[41.14,55.7],[40.87,55.7],[40.68,55.63],[40.65,55.5],[38.81,55.5],[38.42,55.36],[37.08,55.23],[36.88,55.09],[36.72,55.16],[36.34,55.02],[34.65,54.89],[33.73,54.61],[33.05,54.68],[32.23,54.48],[32.08,54.14],[31.99,54.14],[32.02,53.8],[31.7,53.46],[31.67,53.26],[31.75,53.26],[31.6,52.86],[31.69,52.86],[31.61,52.38],[31.9,52.12],[31.74,51.65],[31.73,51.05],[31.44,50.78],[31.49,50.58],[31.14,50.51],[31.13,50.45],[30.95,50.31],[30.69,50.31],[30.21,50.45],[28.79,50.51],[26.76,50.45],[26.27,50.58],[26.14,50.91],[25.98,50.98],[25.99,51.05],[26.17,51.18],[26.21,51.51],[26.5,51.78],[26.43,51.92],[26.61,51.98],[26.85,52.52],[27.03,52.65],[26.97,52.86],[27.15,52.86],[27.56,53.39],[27.59,53.6],[27.68,53.6],[27.81,53.94],[27.72,53.94],[27.75,54.14],[27.92,54.07],[27.96,54.34],[28.17,54.61],[28.11,54.82],[28.29,54.82],[28.3,55.5],[28.08,55.77],[28.05,56.11],[27.96,56.11],[28.11,56.52],[27.96,56.66],[28.07,56.8],[27.98,56.8],[28.0,56.94],[27.91,56.94],[27.99,57.42],[27.9,57.42],[27.97,57.83],[27.88,57.83],[28.01,58.11],[27.85,58.25],[27.97,58.39],[27.72,58.53],[27.74,59.22],[28.04,59.36],[28.06,59.5],[27.88,59.5],[27.93,59.78],[28.29,59.78],[28.41,59.92],[28.85,59.85],[29.16,60.07],[29.15,60.0],[29.77,59.92],[29.76,59.85],[30.14,59.92],[30.38,59.78],[30.84,59.78],[31.1,60.21],[31.82,60.14],[31.98,60.49],[33.18,60.91],[35.36,61.19],[35.2,60.91],[35.57,60.91],[35.9,61.12],[36.08,61.12],[36.12,61.26],[36.43,61.41],[37.33,61.34],[37.31,61.26],[38.32,60.91],[38.38,60.77],[38.89,60.63],[38.94,60.49],[39.03,60.49],[39.29,60.42],[39.32,60.21]]],[[[27.89,56.8],[27.98,56.8],[27.97,56.73],[27.88,56.73],[27.89,56.8]]],[[[32.9,60.91],[32.99,60.91],[32.98,60.84],[32.89,60.84],[32.9,60.91]]],[[[38.34,60.98],[38.44,60.98],[38.42,60.91],[38.32,60.91],[38.34,60.98]]],[[[33.48,61.05],[33.58,61.05],[33.56,60.98],[33.47,60.98],[33.48,61.05]]]]},"properties":{"id":"territory:Kievan Rus':884","name":"키예프 루스","name_en":"Kievan Rus'","actor":"기타중립","valid_from":884,"valid_to":886,"wikidata":"Q1108445","area":649024,"src":"cliopatria","confidence":"medium"}},{"type":"Feature","geometry":{"type":"Point","coordinates":[33.52,56.624]},"properties":{"id":"territory:Kievan Rus':884:label","name":"키예프 루스","name_en":"Kievan Rus'","actor":"기타중립","valid_from":884,"valid_to":886,"wikidata":"Q1108445","area":649024,"src":"cliopatria","confidence":"medium"}},{"type":"Feature","geometry":{"type":"MultiPolygon","coordinates":[[[[14.11,41.07],[13.95,41.07],[13.95,41.13],[13.87,41.13],[13.79,41.13],[13.79,41.2],[14.11,41.26],[14.11,41.07]]],[[[14.77,42.17],[14.77,42.11],[14.69,42.11],[14.69,42.17],[14.77,42.17]]],[[[9.49,42.76],[9.57,42.76],[9.58,41.98],[9.5,41.98],[9.5,41.78],[9.26,41.39],[9.1,41.33],[8.78,41.52],[8.78,41.72],[8.62,41.72],[8.7,41.91],[8.54,42.11],[8.53,42.5],[8.77,42.69],[9.17,42.76],[9.25,43.02],[9.33,43.02],[9.49,43.02],[9.49,42.76]]],[[[10.21,42.69],[10.13,42.89],[10.21,42.89],[10.46,42.89],[10.46,42.69],[10.21,42.69]]],[[[14.28,45.43],[14.28,45.37],[14.2,45.37],[14.19,45.04],[14.03,45.04],[13.95,45.04],[13.63,45.5],[13.71,45.5],[13.71,45.76],[13.14,45.82],[13.14,45.69],[13.06,45.69],[12.98,45.82],[12.74,45.82],[12.16,45.69],[12.0,45.56],[12.0,45.37],[12.16,45.37],[12.16,45.3],[12.16,45.17],[12.4,45.04],[12.4,44.78],[12.16,44.84],[12.15,44.45],[12.31,44.19],[12.87,43.8],[13.04,43.86],[13.03,43.73],[13.36,43.67],[13.67,43.41],[13.75,43.08],[13.99,42.95],[13.9,42.76],[14.06,42.5],[14.61,42.11],[14.69,42.11],[14.37,41.98],[14.12,41.72],[13.96,41.72],[13.8,41.85],[13.41,41.85],[13.33,41.98],[13.01,42.04],[12.62,42.43],[12.38,42.43],[12.3,43.08],[12.14,43.08],[12.22,43.41],[11.82,43.34],[11.82,43.21],[11.98,43.15],[12.06,42.76],[11.74,42.63],[11.57,42.37],[11.49,42.37],[11.26,42.43],[11.18,42.63],[11.02,42.63],[11.02,42.82],[10.54,43.08],[10.21,43.99],[9.89,43.99],[9.97,44.12],[9.73,44.12],[9.16,44.45],[8.43,44.39],[8.03,43.93],[7.15,43.73],[6.99,43.54],[6.67,43.47],[6.52,43.21],[6.28,43.15],[5.8,43.15],[5.63,43.28],[5.39,43.28],[5.39,43.41],[4.74,43.47],[4.65,43.86],[4.65,43.8],[4.41,43.73],[4.34,43.47],[4.26,43.47],[4.17,43.6],[3.85,43.6],[2.98,43.15],[3.01,42.56],[3.18,42.37],[3.12,41.91],[2.57,41.59],[2.33,41.59],[2.11,41.33],[1.87,41.26],[1.79,41.26],[1.37,41.85],[0.72,41.91],[0.56,42.04],[0.16,41.98],[0.07,42.11],[-0.49,42.24],[-0.19,42.5],[-0.12,42.76],[-0.77,42.89],[-0.86,43.02],[-1.69,43.34],[-1.69,43.41],[-1.46,43.54],[-1.4,43.86],[-1.32,43.86],[-1.35,44.25],[-1.27,44.25],[-1.29,44.52],[-1.21,44.52],[-1.25,45.17],[-1.17,45.17],[-1.19,45.43],[-1.03,45.5],[-1.05,45.69],[-1.21,45.76],[-1.14,45.89],[-1.22,45.89],[-1.25,46.28],[-1.67,46.35],[-2.19,46.81],[-2.21,47.01],[-2.13,47.01],[-1.31,47.01],[-1.25,47.4],[-0.93,47.53],[-0.36,47.53],[-0.37,47.73],[-0.22,47.86],[-0.22,47.99],[-0.73,48.13],[-1.09,48.46],[-1.34,48.46],[-1.6,48.65],[-1.61,48.72],[-1.72,49.05],[-1.64,49.05],[-1.65,49.25],[-1.91,49.38],[-2.03,49.78],[-1.36,49.78],[-1.25,49.45],[0.01,49.38],[-0.01,49.65],[0.22,49.85],[1.05,49.98],[1.45,50.25],[1.42,50.71],[1.66,51.05],[2.58,51.18],[2.74,51.31],[3.32,51.45],[3.41,51.45],[3.5,51.25],[4.26,51.31],[4.03,50.78],[3.54,50.58],[3.55,50.38],[3.63,50.38],[3.64,50.31],[3.82,50.05],[4.58,49.91],[4.68,49.45],[5.03,49.12],[4.87,48.99],[4.88,48.52],[5.22,48.46],[5.47,48.26],[5.48,48.06],[5.65,48.06],[5.82,47.86],[5.82,47.73],[5.58,47.66],[5.59,47.14],[5.19,46.81],[5.29,46.55],[5.29,46.48],[5.04,46.41],[4.82,45.96],[4.65,46.09],[4.4,46.09],[4.33,45.96],[3.92,45.96],[3.93,45.63],[4.01,45.63],[3.94,45.37],[4.35,45.3],[4.36,45.1],[4.12,44.91],[3.96,44.91],[3.97,44.65],[4.22,44.39],[4.47,44.32],[4.48,44.12],[4.73,43.93],[4.8,44.19],[4.63,44.39],[4.94,44.84],[4.93,45.17],[5.41,45.17],[5.48,45.56],[5.72,45.82],[5.71,45.96],[5.55,45.96],[5.54,46.15],[5.7,46.28],[5.95,46.35],[6.12,46.22],[6.27,46.41],[6.68,46.41],[6.85,46.28],[6.94,45.96],[7.43,45.89],[8.0,46.02],[8.32,46.41],[8.49,46.35],[8.49,46.15],[8.65,46.15],[8.98,45.89],[9.3,46.48],[10.04,46.28],[10.12,46.41],[10.04,46.41],[10.04,46.61],[10.86,46.55],[11.6,46.68],[12.58,46.68],[13.07,46.55],[13.65,46.55],[13.73,46.48],[13.64,46.35],[13.8,46.22],[13.88,45.96],[13.96,45.96],[13.96,45.76],[14.28,45.56],[14.28,45.43]]],[[[-15.58,64.35],[-15.48,64.35],[-15.46,64.28],[-15.56,64.28],[-15.58,64.35]]],[[[-15.41,64.42],[-15.31,64.42],[-15.29,64.35],[-15.39,64.35],[-15.41,64.42]]],[[[-23.06,66.18],[-23.04,66.11],[-23.13,66.11],[-23.16,66.18],[-23.06,66.18]]],[[[-23.28,66.25],[-23.26,66.18],[-23.35,66.18],[-23.38,66.25],[-23.28,66.25]]]]},"properties":{"id":"territory:West Franks:866","name":"서프랑크","name_en":"West Franks","actor":"게르만","valid_from":866,"valid_to":870,"wikidata":"Q46370","area":640458,"src":"cliopatria","confidence":"medium"}},{"type":"Feature","geometry":{"type":"Point","coordinates":[4.43,45.871]},"properties":{"id":"territory:West Franks:866:label","name":"서프랑크","name_en":"West Franks","actor":"게르만","valid_from":866,"valid_to":870,"wikidata":"Q46370","area":640458,"src":"cliopatria","confidence":"medium"}},{"type":"Feature","geometry":{"type":"MultiPolygon","coordinates":[[[[22.89,36.42],[22.96,36.42],[23.12,36.35],[23.11,36.16],[22.87,36.16],[22.89,36.42]]],[[[15.21,37.19],[15.21,37.0],[15.13,37.0],[15.13,36.93],[14.9,37.32],[14.91,37.71],[15.07,37.77],[15.07,37.84],[15.23,37.9],[15.07,37.64],[15.06,37.25],[15.21,37.19]]],[[[20.62,37.9],[20.7,37.9],[20.93,37.9],[20.92,37.64],[20.61,37.71],[20.62,37.9]]],[[[20.33,38.35],[20.49,38.42],[20.57,38.42],[20.8,38.29],[20.79,38.09],[20.32,38.16],[20.33,38.35]]],[[[23.57,38.8],[23.56,38.74],[23.48,38.74],[23.49,38.8],[23.57,38.8]]],[[[16.45,39.64],[16.92,39.51],[17.07,39.38],[17.14,39.06],[16.66,38.93],[16.5,38.8],[16.49,38.42],[15.93,37.96],[15.7,37.96],[15.63,38.29],[15.86,38.29],[15.95,38.67],[16.27,38.8],[16.27,38.87],[15.9,39.64],[15.9,39.71],[16.45,39.71],[16.45,39.64]]],[[[20.15,39.64],[20.15,39.58],[20.07,39.58],[20.07,39.64],[20.15,39.64]]],[[[17.42,40.36],[17.34,40.48],[17.59,40.68],[17.83,40.68],[18.21,40.42],[18.21,40.36],[18.44,40.16],[18.35,39.9],[18.11,39.9],[17.81,40.36],[17.42,40.36]]],[[[16.65,41.0],[16.57,41.2],[16.89,41.13],[16.89,41.0],[16.73,41.0],[16.65,41.0]]],[[[20.0,41.33],[19.92,41.33],[19.92,41.39],[20.0,41.39],[20.0,41.33]]],[[[17.99,42.76],[17.99,42.82],[18.07,42.82],[18.15,42.82],[18.15,42.76],[18.15,42.69],[18.07,42.69],[18.07,42.76],[17.99,42.76]]],[[[17.51,42.76],[17.51,42.82],[17.59,42.82],[17.59,42.76],[17.51,42.76]]],[[[16.72,43.21],[16.8,43.21],[17.12,43.21],[17.12,43.08],[16.72,43.08],[16.72,43.21]]],[[[16.73,43.41],[16.73,43.47],[16.81,43.47],[16.81,43.41],[16.81,43.34],[16.73,43.34],[16.73,43.41]]],[[[15.93,43.6],[15.93,43.67],[16.66,43.67],[16.65,43.54],[16.57,43.54],[16.25,43.6],[16.17,43.47],[15.93,43.47],[16.01,43.6],[15.93,43.6]]],[[[15.39,44.32],[15.38,44.19],[15.22,44.12],[15.22,44.19],[15.22,44.25],[15.14,44.25],[15.14,44.32],[15.15,44.39],[15.39,44.32]]],[[[15.07,44.45],[15.15,44.45],[15.15,44.39],[15.07,44.39],[15.07,44.45]]],[[[14.99,44.52],[15.07,44.52],[15.07,44.45],[14.99,44.45],[14.99,44.52]]],[[[34.09,35.0],[33.7,34.94],[33.52,34.74],[33.13,34.68],[33.04,34.55],[32.37,34.74],[32.23,34.94],[32.25,35.13],[32.55,35.13],[32.88,35.26],[32.89,35.39],[33.74,35.39],[34.31,35.71],[34.39,35.71],[34.54,35.71],[34.53,35.58],[33.96,35.26],[34.09,35.0]]],[[[27.69,36.29],[28.02,36.48],[28.09,36.48],[28.25,36.48],[28.14,36.03],[27.74,35.9],[27.69,36.29]]],[[[27.12,36.93],[27.19,36.8],[26.87,36.67],[27.04,36.93],[27.12,36.93]]],[[[25.34,37.13],[25.42,37.13],[25.57,37.13],[25.56,37.0],[25.33,37.0],[25.34,37.13]]],[[[24.28,37.71],[24.36,37.71],[24.43,37.58],[24.27,37.51],[24.2,37.64],[24.28,37.71]]],[[[24.99,37.71],[25.06,37.71],[25.22,37.71],[25.29,37.51],[25.05,37.51],[24.99,37.71]]],[[[26.08,37.71],[26.16,37.71],[26.31,37.71],[26.3,37.58],[25.99,37.51],[26.08,37.71]]],[[[24.77,38.03],[25.07,37.77],[24.83,37.71],[24.68,37.84],[24.69,38.03],[24.77,38.03]]],[[[25.82,38.48],[25.91,38.67],[25.99,38.67],[26.22,38.55],[26.11,38.16],[25.88,38.16],[25.9,38.48],[25.82,38.48]]],[[[24.36,39.0],[24.44,39.0],[24.67,38.93],[24.66,38.74],[24.36,38.87],[24.36,39.0]]],[[[26.09,39.0],[26.1,39.13],[25.79,39.19],[26.04,39.38],[26.12,39.38],[26.51,39.32],[26.64,39.0],[26.25,38.93],[26.09,39.0]]],[[[32.04,41.65],[32.19,41.59],[32.69,41.78],[32.63,41.91],[34.78,41.91],[34.88,42.04],[35.12,42.04],[35.09,41.78],[35.31,41.65],[35.95,41.72],[36.21,41.26],[36.77,41.33],[37.07,41.13],[37.23,41.2],[37.21,41.07],[37.77,41.07],[37.83,40.94],[38.16,41.0],[38.3,40.87],[38.78,40.94],[39.05,41.13],[39.74,40.94],[40.37,40.94],[40.39,41.07],[40.54,41.0],[41.05,41.2],[41.24,41.39],[41.23,41.33],[41.26,41.07],[40.58,40.74],[40.39,40.55],[39.59,39.97],[38.84,39.71],[38.3,39.77],[38.16,39.9],[38.08,39.9],[37.76,39.9],[37.34,39.71],[36.82,39.32],[36.8,39.19],[36.56,39.13],[36.54,39.0],[35.74,38.22],[35.73,38.09],[35.81,38.09],[35.69,37.77],[35.54,37.77],[35.36,37.58],[35.35,37.51],[35.03,37.45],[34.78,37.25],[34.66,36.87],[34.58,36.87],[34.25,36.67],[33.98,36.29],[33.27,36.22],[32.71,36.03],[32.56,36.03],[32.5,36.22],[32.07,36.61],[31.09,36.93],[30.62,36.93],[30.49,36.35],[30.03,36.35],[29.94,36.22],[29.24,36.22],[29.12,36.74],[28.74,36.74],[28.59,36.87],[28.36,36.87],[28.19,36.67],[28.03,36.67],[28.14,37.06],[28.07,37.13],[27.6,37.13],[27.54,37.38],[27.22,37.32],[27.31,37.45],[27.16,37.58],[27.26,37.77],[27.18,37.77],[27.28,38.03],[26.89,38.09],[26.82,38.22],[26.43,38.22],[26.38,38.67],[26.54,38.61],[26.59,38.35],[27.06,38.35],[27.08,38.55],[26.85,38.61],[26.96,39.0],[26.88,39.0],[26.89,39.19],[26.74,39.26],[26.85,39.58],[26.13,39.51],[26.27,40.29],[26.6,40.48],[26.68,40.48],[26.67,40.36],[27.47,40.42],[27.54,40.29],[27.7,40.29],[27.79,40.48],[27.95,40.48],[27.94,40.36],[29.05,40.36],[28.9,40.48],[28.91,40.61],[29.39,40.68],[29.49,40.87],[29.25,40.81],[29.1,40.94],[29.12,41.07],[27.53,41.07],[27.02,40.68],[26.92,40.48],[26.77,40.55],[26.93,40.61],[26.85,40.61],[26.77,40.61],[26.78,40.68],[26.7,40.68],[26.62,40.68],[26.55,40.74],[26.14,40.61],[26.08,40.87],[25.85,40.94],[24.35,41.0],[24.01,40.74],[23.7,40.81],[23.68,40.61],[23.84,40.55],[23.74,40.23],[22.96,40.42],[22.89,40.61],[22.57,40.55],[22.54,40.1],[22.7,40.1],[22.61,39.9],[23.14,39.45],[22.82,39.38],[22.8,39.06],[22.96,39.13],[23.49,38.87],[23.33,38.8],[23.03,38.93],[22.94,38.74],[23.17,38.67],[23.31,38.48],[23.63,38.48],[23.56,38.74],[24.03,38.67],[24.18,38.55],[24.16,38.22],[24.0,38.22],[23.98,37.84],[23.44,38.03],[23.21,38.03],[23.2,37.9],[23.04,37.9],[23.11,37.64],[23.34,37.64],[23.4,37.32],[23.17,37.32],[23.18,37.45],[22.95,37.58],[22.71,37.58],[22.7,37.32],[22.85,37.25],[23.06,36.67],[22.83,36.87],[22.6,36.87],[22.51,36.67],[22.36,36.67],[22.22,37.06],[21.91,37.06],[21.9,36.87],[21.74,36.87],[21.68,37.19],[21.6,37.19],[21.7,37.51],[21.24,37.84],[21.42,38.16],[21.73,38.16],[21.74,38.35],[21.19,38.42],[20.97,38.74],[20.74,38.8],[20.91,39.06],[20.3,39.38],[20.15,39.71],[19.92,39.71],[19.91,39.58],[19.76,39.64],[19.76,39.77],[20.0,39.77],[20.01,39.97],[19.63,40.29],[19.47,40.29],[19.49,40.61],[19.25,40.61],[19.25,40.74],[19.5,40.87],[19.44,41.26],[19.52,41.39],[19.44,41.39],[19.53,41.52],[19.45,41.52],[19.54,41.78],[19.39,41.91],[19.63,41.98],[19.94,41.72],[19.85,41.52],[19.92,41.46],[19.84,41.33],[19.99,41.26],[19.9,40.94],[20.06,40.94],[20.13,40.74],[20.52,40.74],[20.6,40.74],[20.75,40.48],[21.45,40.36],[21.86,40.55],[22.25,40.55],[23.16,41.0],[24.52,41.26],[24.78,41.46],[24.81,41.85],[25.21,41.91],[25.22,42.04],[25.71,42.11],[25.93,41.91],[26.57,41.91],[26.9,42.04],[26.91,42.17],[27.57,42.37],[27.65,42.37],[28.0,41.91],[27.98,41.65],[28.22,41.65],[28.28,41.46],[28.51,41.33],[28.98,41.26],[28.96,41.13],[30.48,41.2],[30.62,41.07],[30.86,41.07],[30.87,41.13],[31.35,41.13],[31.53,41.39],[32.03,41.52],[32.04,41.65]]],[[[25.07,40.03],[25.15,40.03],[25.46,40.03],[25.45,39.84],[24.97,39.84],[25.07,40.03]]],[[[25.72,40.29],[25.8,40.29],[26.04,40.29],[26.02,40.16],[25.7,40.1],[25.72,40.29]]],[[[24.49,40.81],[24.57,40.81],[24.81,40.81],[24.79,40.61],[24.55,40.55],[24.49,40.81]]],[[[33.76,45.04],[33.84,45.04],[33.93,45.04],[34.01,45.04],[34.09,45.04],[34.08,44.97],[34.24,44.97],[34.38,44.78],[34.37,44.71],[34.1,44.52],[33.76,44.45],[33.68,44.45],[33.6,44.45],[33.52,44.45],[33.47,44.65],[33.55,44.65],[33.6,45.04],[33.68,45.04],[33.76,45.04]]]]},"properties":{"id":"territory:Byzantine Empire:876","name":"비잔티움 제국","name_en":"Byzantine Empire","actor":"로마","valid_from":876,"valid_to":878,"wikidata":"Q112039853","area":638515,"src":"cliopatria","confidence":"medium"}},{"type":"Feature","geometry":{"type":"Point","coordinates":[30.374,39.384]},"properties":{"id":"territory:Byzantine Empire:876:label","name":"비잔티움 제국","name_en":"Byzantine Empire","actor":"로마","valid_from":876,"valid_to":878,"wikidata":"Q112039853","area":638515,"src":"cliopatria","confidence":"medium"}},{"type":"Feature","geometry":{"type":"MultiPolygon","coordinates":[[[[14.34,36.03],[14.42,36.03],[14.57,35.97],[14.57,35.77],[14.34,35.84],[14.34,36.03]]],[[[22.89,36.42],[22.96,36.42],[23.12,36.35],[23.11,36.16],[22.87,36.16],[22.89,36.42]]],[[[13.74,37.96],[13.82,37.96],[14.6,38.03],[14.76,38.16],[15.39,38.16],[15.07,37.64],[15.06,37.25],[15.21,37.19],[15.21,37.0],[15.05,36.74],[14.89,36.74],[14.82,36.74],[14.74,36.93],[14.51,36.93],[14.43,36.93],[14.28,37.13],[13.97,37.19],[13.89,37.19],[13.58,37.25],[13.5,37.38],[13.42,37.38],[13.74,37.96]]],[[[20.62,37.9],[20.7,37.9],[20.93,37.9],[20.92,37.64],[20.61,37.71],[20.62,37.9]]],[[[20.33,38.35],[20.49,38.42],[20.57,38.42],[20.8,38.29],[20.79,38.09],[20.32,38.16],[20.33,38.35]]],[[[16.45,39.64],[16.92,39.51],[17.07,39.38],[17.14,39.06],[16.66,38.93],[16.5,38.8],[16.49,38.42],[15.93,37.96],[15.7,37.96],[15.63,38.29],[15.86,38.29],[15.95,38.67],[16.27,38.8],[16.27,38.87],[15.9,39.64],[15.9,39.71],[16.45,39.71],[16.45,39.64]]],[[[22.89,40.61],[22.57,40.55],[22.54,40.1],[22.7,40.1],[22.61,39.9],[23.14,39.45],[22.82,39.38],[22.8,39.06],[22.96,39.13],[23.49,38.87],[23.33,38.8],[23.03,38.93],[22.94,38.74],[23.17,38.67],[23.31,38.48],[23.63,38.48],[23.56,38.74],[24.03,38.67],[24.18,38.55],[24.16,38.22],[24.0,38.22],[23.98,37.84],[23.44,38.03],[23.21,38.03],[23.2,37.9],[23.04,37.9],[23.11,37.64],[23.34,37.64],[23.4,37.32],[23.17,37.32],[23.18,37.45],[22.95,37.58],[22.71,37.58],[22.7,37.32],[22.85,37.25],[23.06,36.67],[22.83,36.87],[22.6,36.87],[22.51,36.67],[22.36,36.67],[22.22,37.06],[21.91,37.06],[21.9,36.87],[21.74,36.87],[21.68,37.19],[21.6,37.19],[21.7,37.51],[21.24,37.84],[21.42,38.16],[21.73,38.16],[21.74,38.35],[21.19,38.42],[20.97,38.74],[20.74,38.8],[20.91,39.06],[20.3,39.38],[20.15,39.71],[19.92,39.71],[19.91,39.58],[19.76,39.64],[19.76,39.77],[20.0,39.77],[20.01,39.97],[19.63,40.29],[19.47,40.29],[19.49,40.61],[19.25,40.61],[19.25,40.74],[19.5,40.87],[19.42,40.94],[19.53,41.52],[19.46,41.65],[19.85,41.65],[19.84,41.46],[19.92,41.46],[19.84,41.33],[19.99,41.26],[19.9,40.94],[20.06,40.94],[20.13,40.74],[20.52,40.74],[20.6,40.74],[20.75,40.48],[21.45,40.36],[21.86,40.55],[22.25,40.55],[23.16,41.0],[23.47,41.0],[23.7,40.81],[23.69,40.74],[23.68,40.61],[23.84,40.55],[23.74,40.23],[22.96,40.42],[22.89,40.61]]],[[[20.15,39.58],[20.07,39.58],[20.07,39.64],[20.15,39.64],[20.15,39.58]]],[[[17.42,40.36],[17.34,40.48],[17.59,40.68],[17.83,40.68],[18.21,40.42],[18.21,40.36],[18.44,40.16],[18.35,39.9],[18.11,39.9],[17.81,40.36],[17.42,40.36]]],[[[20.0,41.33],[19.92,41.33],[19.92,41.39],[20.0,41.39],[20.0,41.33]]],[[[19.93,41.65],[19.85,41.65],[19.86,41.72],[19.94,41.72],[19.93,41.65]]],[[[18.07,42.76],[17.99,42.76],[17.83,42.89],[18.07,42.89],[18.15,42.69],[18.07,42.76]]],[[[17.51,42.82],[17.51,42.89],[17.59,42.89],[17.59,42.82],[17.59,42.76],[17.51,42.76],[17.51,42.82]]],[[[16.72,43.21],[16.8,43.21],[17.12,43.21],[17.12,43.08],[16.72,43.08],[16.72,43.21]]],[[[16.73,43.41],[16.73,43.47],[16.81,43.47],[16.81,43.41],[16.81,43.34],[16.73,43.34],[16.73,43.41]]],[[[15.93,43.6],[15.93,43.67],[16.66,43.67],[16.65,43.54],[16.57,43.54],[16.25,43.6],[16.17,43.47],[15.93,43.47],[16.01,43.6],[15.93,43.6]]],[[[15.38,44.19],[15.22,44.12],[15.22,44.19],[15.22,44.25],[15.14,44.25],[15.14,44.32],[15.15,44.39],[15.39,44.32],[15.38,44.19]]],[[[15.07,44.45],[15.15,44.45],[15.15,44.39],[15.07,44.39],[15.07,44.45]]],[[[14.99,44.45],[14.99,44.52],[15.07,44.52],[15.07,44.45],[14.99,44.45]]],[[[27.69,36.29],[28.02,36.48],[28.09,36.48],[28.25,36.48],[28.14,36.03],[27.74,35.9],[27.69,36.29]]],[[[27.12,36.93],[27.19,36.8],[26.87,36.67],[27.04,36.93],[27.12,36.93]]],[[[25.34,37.13],[25.42,37.13],[25.57,37.13],[25.56,37.0],[25.33,37.0],[25.34,37.13]]],[[[24.28,37.71],[24.36,37.71],[24.43,37.58],[24.27,37.51],[24.2,37.64],[24.28,37.71]]],[[[24.99,37.71],[25.06,37.71],[25.22,37.71],[25.29,37.51],[25.05,37.51],[24.99,37.71]]],[[[26.08,37.71],[26.16,37.71],[26.31,37.71],[26.3,37.58],[25.99,37.51],[26.08,37.71]]],[[[24.77,38.03],[25.07,37.77],[24.83,37.71],[24.68,37.84],[24.69,38.03],[24.77,38.03]]],[[[25.82,38.48],[25.91,38.67],[25.99,38.67],[26.22,38.55],[26.11,38.16],[25.88,38.16],[25.9,38.48],[25.82,38.48]]],[[[23.57,38.8],[23.56,38.74],[23.48,38.74],[23.49,38.8],[23.57,38.8]]],[[[24.36,39.0],[24.44,39.0],[24.67,38.93],[24.66,38.74],[24.36,38.87],[24.36,39.0]]],[[[26.09,39.0],[26.1,39.13],[25.79,39.19],[26.04,39.38],[26.12,39.38],[26.51,39.32],[26.64,39.0],[26.25,38.93],[26.09,39.0]]],[[[32.03,41.52],[32.04,41.65],[32.19,41.59],[32.69,41.78],[32.63,41.91],[34.78,41.91],[34.88,42.04],[35.12,42.04],[35.09,41.78],[35.31,41.65],[35.95,41.72],[36.21,41.26],[36.77,41.33],[37.07,41.13],[37.23,41.2],[37.21,41.07],[37.77,41.07],[37.83,40.94],[38.16,41.0],[38.3,40.87],[38.78,40.94],[39.05,41.13],[39.74,40.94],[40.37,40.94],[40.39,41.07],[40.54,41.0],[41.05,41.2],[41.24,41.39],[41.23,41.33],[41.26,41.07],[40.58,40.74],[40.39,40.55],[39.59,39.97],[38.84,39.71],[38.3,39.77],[38.16,39.9],[38.08,39.9],[37.76,39.9],[37.34,39.71],[36.82,39.32],[36.8,39.19],[36.56,39.13],[36.54,39.0],[35.74,38.22],[35.73,38.09],[35.81,38.09],[35.69,37.77],[35.54,37.77],[35.36,37.58],[35.35,37.51],[35.03,37.45],[34.78,37.25],[34.66,36.87],[34.58,36.87],[34.25,36.67],[33.98,36.29],[33.27,36.22],[32.71,36.03],[32.56,36.03],[32.5,36.22],[32.07,36.61],[31.09,36.93],[30.62,36.93],[30.49,36.35],[30.03,36.35],[29.94,36.22],[29.24,36.22],[29.12,36.74],[28.74,36.74],[28.59,36.87],[28.36,36.87],[28.19,36.67],[28.03,36.67],[28.14,37.06],[28.07,37.13],[27.6,37.13],[27.54,37.38],[27.22,37.32],[27.31,37.45],[27.16,37.58],[27.26,37.77],[27.18,37.77],[27.28,38.03],[26.89,38.09],[26.82,38.22],[26.43,38.22],[26.38,38.67],[26.54,38.61],[26.59,38.35],[27.06,38.35],[27.08,38.55],[26.85,38.61],[26.96,39.0],[26.88,39.0],[26.89,39.19],[26.74,39.26],[26.85,39.58],[26.13,39.51],[26.27,40.29],[26.6,40.48],[26.68,40.48],[26.67,40.36],[27.47,40.42],[27.54,40.29],[27.7,40.29],[27.79,40.48],[27.95,40.48],[27.94,40.36],[29.05,40.36],[28.9,40.48],[28.91,40.61],[29.39,40.68],[29.49,40.87],[29.25,40.81],[29.1,40.94],[29.12,41.07],[27.53,41.07],[27.02,40.68],[26.92,40.48],[26.77,40.55],[26.93,40.61],[26.85,40.61],[26.77,40.61],[26.78,40.68],[26.7,40.68],[26.62,40.68],[26.55,40.74],[26.14,40.61],[26.08,40.87],[25.38,41.0],[24.58,40.94],[24.58,41.0],[24.6,41.2],[24.77,41.39],[24.81,41.85],[25.21,41.91],[25.22,42.04],[25.47,42.11],[25.71,42.11],[25.93,41.91],[26.57,41.91],[26.81,41.98],[26.91,42.17],[27.07,42.17],[27.33,42.43],[27.49,42.43],[27.57,42.43],[27.94,42.04],[27.98,41.65],[28.22,41.65],[28.35,41.39],[28.98,41.26],[28.96,41.13],[29.04,41.13],[29.12,41.13],[30.48,41.2],[30.62,41.07],[31.18,41.07],[31.53,41.39],[32.03,41.52]]],[[[25.15,40.03],[25.46,40.03],[25.45,39.84],[24.97,39.84],[25.07,40.03],[25.15,40.03]]],[[[25.72,40.29],[25.8,40.29],[26.04,40.29],[26.02,40.16],[25.7,40.1],[25.72,40.29]]],[[[24.49,40.81],[24.57,40.81],[24.81,40.81],[24.79,40.61],[24.55,40.55],[24.49,40.81]]],[[[33.76,45.04],[33.84,45.04],[33.93,45.04],[34.01,45.04],[34.09,45.04],[34.08,44.97],[34.24,44.97],[34.38,44.78],[34.37,44.71],[34.1,44.52],[33.76,44.45],[33.68,44.45],[33.6,44.45],[33.52,44.45],[33.47,44.65],[33.55,44.65],[33.6,45.04],[33.68,45.04],[33.76,45.04]]]]},"properties":{"id":"territory:Byzantine Empire:850","name":"비잔티움 제국","name_en":"Byzantine Empire","actor":"로마","valid_from":850,"valid_to":860,"wikidata":"Q112039853","area":638032,"src":"cliopatria","confidence":"medium"}},{"type":"Feature","geometry":{"type":"Point","coordinates":[32.0,39.406]},"properties":{"id":"territory:Byzantine Empire:850:label","name":"비잔티움 제국","name_en":"Byzantine Empire","actor":"로마","valid_from":850,"valid_to":860,"wikidata":"Q112039853","area":638032,"src":"cliopatria","confidence":"medium"}},{"type":"Feature","geometry":{"type":"MultiPolygon","coordinates":[[[[22.89,36.42],[22.96,36.42],[23.12,36.35],[23.11,36.16],[22.87,36.16],[22.89,36.42]]],[[[15.15,37.71],[15.14,37.64],[15.07,37.64],[15.07,37.71],[15.07,37.77],[15.07,37.84],[15.15,37.84],[15.15,37.9],[15.23,37.9],[15.23,37.84],[15.23,37.77],[15.15,37.77],[15.15,37.71]]],[[[20.62,37.9],[20.7,37.9],[20.93,37.9],[20.92,37.64],[20.61,37.71],[20.62,37.9]]],[[[20.33,38.35],[20.49,38.42],[20.57,38.42],[20.8,38.29],[20.79,38.09],[20.32,38.16],[20.33,38.35]]],[[[23.57,38.8],[23.56,38.74],[23.48,38.74],[23.49,38.8],[23.57,38.8]]],[[[16.45,39.64],[16.92,39.51],[17.07,39.38],[17.14,39.06],[16.66,38.93],[16.5,38.8],[16.49,38.42],[15.93,37.96],[15.7,37.96],[15.63,38.29],[15.86,38.29],[15.95,38.67],[16.27,38.8],[16.27,38.87],[15.9,39.64],[15.9,39.71],[16.45,39.71],[16.45,39.64]]],[[[20.15,39.64],[20.15,39.58],[20.07,39.58],[20.07,39.64],[20.15,39.64]]],[[[15.31,41.59],[15.48,41.72],[15.4,41.91],[15.48,41.91],[16.12,41.91],[16.11,41.78],[15.87,41.72],[15.94,41.39],[16.73,41.2],[17.44,40.87],[17.51,40.74],[17.98,40.61],[18.36,40.29],[18.44,40.1],[18.36,40.1],[18.35,39.9],[18.11,39.9],[17.81,40.36],[17.42,40.36],[17.35,40.55],[17.03,40.55],[16.87,40.48],[16.95,40.42],[16.86,40.36],[16.78,40.36],[16.79,40.55],[16.25,40.87],[16.25,40.94],[16.09,40.94],[16.01,41.07],[15.38,41.0],[15.31,41.59]]],[[[20.0,41.33],[19.92,41.33],[19.92,41.39],[20.0,41.39],[20.0,41.33]]],[[[17.99,42.76],[17.99,42.82],[18.07,42.82],[18.15,42.82],[18.15,42.76],[18.15,42.69],[18.07,42.69],[18.07,42.76],[17.99,42.76]]],[[[17.51,42.76],[17.51,42.82],[17.59,42.82],[17.59,42.76],[17.51,42.76]]],[[[16.72,43.21],[16.8,43.21],[17.12,43.21],[17.12,43.08],[16.72,43.08],[16.72,43.21]]],[[[16.73,43.41],[16.73,43.47],[16.81,43.47],[16.81,43.41],[16.81,43.34],[16.73,43.34],[16.73,43.41]]],[[[15.93,43.6],[15.93,43.67],[16.66,43.67],[16.65,43.54],[16.57,43.54],[16.25,43.6],[16.17,43.47],[15.93,43.47],[16.01,43.6],[15.93,43.6]]],[[[15.39,44.32],[15.38,44.19],[15.22,44.12],[15.22,44.19],[15.22,44.25],[15.14,44.25],[15.14,44.32],[15.15,44.39],[15.39,44.32]]],[[[15.07,44.45],[15.15,44.45],[15.15,44.39],[15.07,44.39],[15.07,44.45]]],[[[14.99,44.52],[15.07,44.52],[15.07,44.45],[14.99,44.45],[14.99,44.52]]],[[[27.69,36.29],[28.02,36.48],[28.09,36.48],[28.25,36.48],[28.14,36.03],[27.74,35.9],[27.69,36.29]]],[[[27.12,36.93],[27.19,36.8],[26.87,36.67],[27.04,36.93],[27.12,36.93]]],[[[25.34,37.13],[25.42,37.13],[25.57,37.13],[25.56,37.0],[25.33,37.0],[25.34,37.13]]],[[[24.28,37.71],[24.36,37.71],[24.43,37.58],[24.27,37.51],[24.2,37.64],[24.28,37.71]]],[[[24.99,37.71],[25.06,37.71],[25.22,37.71],[25.29,37.51],[25.05,37.51],[24.99,37.71]]],[[[26.08,37.71],[26.16,37.71],[26.31,37.71],[26.3,37.58],[25.99,37.51],[26.08,37.71]]],[[[24.69,38.03],[24.77,38.03],[25.07,37.77],[24.83,37.71],[24.68,37.84],[24.69,38.03]]],[[[25.9,38.48],[25.82,38.48],[25.91,38.67],[25.99,38.67],[26.22,38.55],[26.11,38.16],[25.88,38.16],[25.9,38.48]]],[[[24.36,39.0],[24.44,39.0],[24.67,38.93],[24.66,38.74],[24.36,38.87],[24.36,39.0]]],[[[26.09,39.0],[26.1,39.13],[25.79,39.19],[26.04,39.38],[26.12,39.38],[26.51,39.32],[26.64,39.0],[26.25,38.93],[26.09,39.0]]],[[[32.04,41.65],[32.19,41.59],[32.69,41.78],[32.63,41.91],[34.78,41.91],[34.88,42.04],[35.12,42.04],[35.09,41.78],[35.31,41.65],[35.95,41.72],[36.21,41.26],[36.77,41.33],[37.07,41.13],[37.23,41.2],[37.21,41.07],[37.77,41.07],[37.83,40.94],[38.16,41.0],[38.3,40.87],[38.78,40.94],[39.05,41.13],[39.74,40.94],[40.37,40.94],[40.39,41.07],[40.54,41.0],[41.05,41.2],[41.24,41.39],[41.23,41.33],[41.26,41.07],[40.58,40.74],[40.3,40.48],[39.59,39.97],[38.84,39.71],[38.3,39.77],[38.16,39.9],[38.08,39.9],[37.76,39.9],[37.34,39.71],[36.82,39.32],[36.8,39.19],[36.56,39.13],[36.54,39.0],[35.74,38.22],[35.73,38.09],[35.81,38.09],[35.69,37.77],[35.54,37.77],[35.36,37.58],[35.35,37.51],[35.03,37.45],[34.78,37.25],[34.66,36.87],[34.58,36.87],[34.25,36.67],[33.98,36.29],[33.27,36.22],[32.71,36.03],[32.56,36.03],[32.5,36.22],[32.07,36.61],[31.09,36.93],[30.62,36.93],[30.49,36.35],[30.03,36.35],[29.94,36.22],[29.24,36.22],[29.12,36.74],[28.74,36.74],[28.59,36.87],[28.36,36.87],[28.19,36.67],[28.03,36.67],[28.14,37.06],[28.07,37.13],[27.6,37.13],[27.54,37.38],[27.22,37.32],[27.31,37.45],[27.16,37.58],[27.26,37.77],[27.18,37.77],[27.28,38.03],[26.89,38.09],[26.82,38.22],[26.43,38.22],[26.38,38.67],[26.54,38.61],[26.59,38.35],[27.06,38.35],[27.08,38.55],[26.85,38.61],[26.96,39.0],[26.88,39.0],[26.89,39.19],[26.74,39.26],[26.85,39.58],[26.13,39.51],[26.27,40.29],[26.6,40.48],[26.68,40.48],[26.67,40.36],[27.47,40.42],[27.54,40.29],[27.7,40.29],[27.79,40.48],[27.95,40.48],[27.94,40.36],[29.05,40.36],[28.9,40.48],[28.91,40.61],[29.39,40.68],[29.49,40.87],[29.25,40.81],[29.1,40.94],[29.12,41.07],[27.53,41.07],[27.02,40.68],[26.92,40.48],[26.77,40.55],[26.93,40.61],[26.85,40.61],[26.77,40.61],[26.78,40.68],[26.7,40.68],[26.62,40.68],[26.55,40.74],[26.14,40.61],[26.08,40.87],[25.85,40.94],[24.35,41.0],[24.01,40.74],[23.7,40.81],[23.68,40.61],[23.84,40.55],[23.74,40.23],[22.96,40.42],[22.89,40.61],[22.57,40.55],[22.54,40.1],[22.7,40.1],[22.61,39.9],[23.14,39.45],[22.82,39.38],[22.8,39.06],[22.96,39.13],[23.49,38.87],[23.33,38.8],[23.03,38.93],[22.94,38.74],[23.17,38.67],[23.31,38.48],[23.63,38.48],[23.56,38.74],[24.03,38.67],[24.18,38.55],[24.16,38.22],[24.0,38.22],[23.98,37.84],[23.44,38.03],[23.21,38.03],[23.2,37.9],[23.04,37.9],[23.11,37.64],[23.34,37.64],[23.4,37.32],[23.17,37.32],[23.18,37.45],[22.95,37.58],[22.71,37.58],[22.7,37.32],[22.85,37.25],[23.06,36.67],[22.83,36.87],[22.6,36.87],[22.51,36.67],[22.36,36.67],[22.22,37.06],[21.91,37.06],[21.9,36.87],[21.74,36.87],[21.68,37.19],[21.6,37.19],[21.7,37.51],[21.24,37.84],[21.42,38.16],[21.73,38.16],[21.74,38.35],[21.19,38.42],[20.97,38.74],[20.74,38.8],[20.91,39.06],[20.3,39.38],[20.15,39.71],[19.92,39.71],[19.91,39.58],[19.76,39.64],[19.76,39.77],[20.0,39.77],[20.01,39.97],[19.63,40.29],[19.47,40.29],[19.49,40.61],[19.25,40.61],[19.25,40.74],[19.5,40.87],[19.44,41.26],[19.52,41.39],[19.44,41.39],[19.53,41.52],[19.45,41.52],[19.54,41.78],[19.39,41.91],[19.63,41.98],[19.94,41.72],[19.85,41.52],[19.92,41.46],[19.84,41.33],[19.99,41.26],[19.9,40.94],[20.06,40.94],[20.13,40.74],[20.52,40.74],[20.6,40.74],[20.75,40.48],[21.45,40.36],[21.86,40.55],[22.25,40.55],[23.16,41.0],[24.52,41.26],[24.78,41.46],[24.81,41.85],[25.21,41.91],[25.22,42.04],[25.71,42.11],[25.93,41.91],[26.57,41.91],[26.9,42.04],[26.91,42.17],[27.57,42.37],[27.65,42.37],[28.0,41.91],[27.98,41.65],[28.22,41.65],[28.28,41.46],[28.51,41.33],[28.98,41.26],[28.96,41.13],[30.48,41.2],[30.62,41.07],[30.86,41.07],[30.87,41.13],[31.35,41.13],[31.53,41.39],[32.03,41.52],[32.04,41.65]]],[[[25.07,40.03],[25.15,40.03],[25.46,40.03],[25.45,39.84],[24.97,39.84],[25.07,40.03]]],[[[25.72,40.29],[25.8,40.29],[26.04,40.29],[26.02,40.16],[25.7,40.1],[25.72,40.29]]],[[[24.49,40.81],[24.57,40.81],[24.81,40.81],[24.79,40.61],[24.55,40.55],[24.49,40.81]]],[[[33.76,45.04],[33.84,45.04],[33.93,45.04],[34.01,45.04],[34.09,45.04],[34.08,44.97],[34.24,44.97],[34.38,44.78],[34.37,44.71],[34.1,44.52],[33.76,44.45],[33.68,44.45],[33.6,44.45],[33.52,44.45],[33.47,44.65],[33.55,44.65],[33.6,45.04],[33.68,45.04],[33.76,45.04]]]]},"properties":{"id":"territory:Byzantine Empire:886","name":"비잔티움 제국","name_en":"Byzantine Empire","actor":"로마","valid_from":886,"valid_to":896,"wikidata":"Q112039853","area":637584,"src":"cliopatria","confidence":"medium"}},{"type":"Feature","geometry":{"type":"Point","coordinates":[30.374,39.384]},"properties":{"id":"territory:Byzantine Empire:886:label","name":"비잔티움 제국","name_en":"Byzantine Empire","actor":"로마","valid_from":886,"valid_to":896,"wikidata":"Q112039853","area":637584,"src":"cliopatria","confidence":"medium"}},{"type":"Feature","geometry":{"type":"MultiPolygon","coordinates":[[[[22.89,36.42],[22.96,36.42],[23.12,36.35],[23.11,36.16],[22.87,36.16],[22.89,36.42]]],[[[15.21,37.19],[15.21,37.0],[15.13,37.0],[15.13,36.93],[14.9,37.32],[14.91,37.71],[15.07,37.77],[15.07,37.84],[15.23,37.9],[15.07,37.64],[15.06,37.25],[15.21,37.19]]],[[[20.62,37.9],[20.7,37.9],[20.93,37.9],[20.92,37.64],[20.61,37.71],[20.62,37.9]]],[[[20.33,38.35],[20.49,38.42],[20.57,38.42],[20.8,38.29],[20.79,38.09],[20.32,38.16],[20.33,38.35]]],[[[23.57,38.8],[23.56,38.74],[23.48,38.74],[23.49,38.8],[23.57,38.8]]],[[[16.45,39.64],[16.92,39.51],[17.07,39.38],[17.14,39.06],[16.66,38.93],[16.5,38.8],[16.49,38.42],[15.93,37.96],[15.7,37.96],[15.63,38.29],[15.86,38.29],[15.95,38.67],[16.27,38.8],[16.27,38.87],[15.9,39.64],[15.9,39.71],[16.45,39.71],[16.45,39.64]]],[[[20.15,39.64],[20.15,39.58],[20.07,39.58],[20.07,39.64],[20.15,39.64]]],[[[17.42,40.36],[17.34,40.48],[17.59,40.68],[17.83,40.68],[18.21,40.42],[18.21,40.36],[18.44,40.16],[18.35,39.9],[18.11,39.9],[17.81,40.36],[17.42,40.36]]],[[[19.33,40.61],[19.25,40.61],[19.25,40.68],[19.33,40.68],[19.33,40.61]]],[[[19.99,41.26],[19.91,41.26],[19.92,41.33],[20.0,41.33],[19.99,41.26]]],[[[17.99,42.76],[17.99,42.82],[18.07,42.82],[18.15,42.82],[18.15,42.76],[18.15,42.69],[18.07,42.69],[18.07,42.76],[17.99,42.76]]],[[[17.51,42.76],[17.51,42.82],[17.59,42.82],[17.59,42.76],[17.51,42.76]]],[[[16.72,43.21],[16.8,43.21],[17.12,43.21],[17.12,43.08],[16.72,43.08],[16.72,43.21]]],[[[16.73,43.41],[16.73,43.47],[16.81,43.47],[16.81,43.41],[16.81,43.34],[16.73,43.34],[16.73,43.41]]],[[[15.93,43.6],[15.93,43.67],[16.66,43.67],[16.65,43.54],[16.57,43.54],[16.25,43.6],[16.17,43.47],[15.93,43.47],[16.01,43.6],[15.93,43.6]]],[[[15.39,44.32],[15.38,44.19],[15.22,44.12],[15.22,44.19],[15.22,44.25],[15.14,44.25],[15.14,44.32],[15.15,44.39],[15.39,44.32]]],[[[15.07,44.45],[15.15,44.45],[15.15,44.39],[15.07,44.39],[15.07,44.45]]],[[[14.99,44.52],[15.07,44.52],[15.07,44.45],[14.99,44.45],[14.99,44.52]]],[[[34.09,35.0],[33.7,34.94],[33.52,34.74],[33.13,34.68],[33.04,34.55],[32.37,34.74],[32.23,34.94],[32.25,35.13],[32.55,35.13],[32.88,35.26],[32.89,35.39],[33.74,35.39],[34.31,35.71],[34.39,35.71],[34.54,35.71],[34.53,35.58],[33.96,35.26],[34.09,35.0]]],[[[27.69,36.29],[28.02,36.48],[28.09,36.48],[28.25,36.48],[28.14,36.03],[27.74,35.9],[27.69,36.29]]],[[[27.12,36.93],[27.19,36.8],[26.87,36.67],[27.04,36.93],[27.12,36.93]]],[[[25.34,37.13],[25.42,37.13],[25.57,37.13],[25.56,37.0],[25.33,37.0],[25.34,37.13]]],[[[24.28,37.71],[24.36,37.71],[24.43,37.58],[24.27,37.51],[24.2,37.64],[24.28,37.71]]],[[[24.99,37.71],[25.06,37.71],[25.22,37.71],[25.29,37.51],[25.05,37.51],[24.99,37.71]]],[[[26.08,37.71],[26.16,37.71],[26.31,37.71],[26.3,37.58],[25.99,37.51],[26.08,37.71]]],[[[24.77,38.03],[25.07,37.77],[24.83,37.71],[24.68,37.84],[24.69,38.03],[24.77,38.03]]],[[[25.82,38.48],[25.91,38.67],[25.99,38.67],[26.22,38.55],[26.11,38.16],[25.88,38.16],[25.9,38.48],[25.82,38.48]]],[[[24.36,39.0],[24.44,39.0],[24.67,38.93],[24.66,38.74],[24.36,38.87],[24.36,39.0]]],[[[26.09,39.0],[26.1,39.13],[25.79,39.19],[26.04,39.38],[26.12,39.38],[26.51,39.32],[26.64,39.0],[26.25,38.93],[26.09,39.0]]],[[[32.04,41.65],[32.19,41.59],[32.69,41.78],[32.63,41.91],[34.78,41.91],[34.88,42.04],[35.12,42.04],[35.09,41.78],[35.31,41.65],[35.95,41.72],[36.21,41.26],[36.77,41.33],[37.07,41.13],[37.23,41.2],[37.21,41.07],[37.77,41.07],[37.83,40.94],[38.16,41.0],[38.3,40.87],[38.78,40.94],[39.05,41.13],[39.74,40.94],[40.37,40.94],[40.39,41.07],[40.54,41.0],[41.05,41.2],[41.24,41.39],[41.23,41.33],[41.26,41.07],[40.58,40.74],[40.39,40.55],[39.59,39.97],[38.84,39.71],[38.3,39.77],[38.16,39.9],[38.08,39.9],[37.76,39.9],[37.34,39.71],[36.82,39.32],[36.8,39.19],[36.56,39.13],[36.54,39.0],[35.74,38.22],[35.73,38.09],[35.81,38.09],[35.69,37.77],[35.54,37.77],[35.36,37.58],[35.35,37.51],[35.03,37.45],[34.78,37.25],[34.66,36.87],[34.58,36.87],[34.25,36.67],[33.98,36.29],[33.27,36.22],[32.71,36.03],[32.56,36.03],[32.5,36.22],[32.07,36.61],[31.09,36.93],[30.62,36.93],[30.49,36.35],[30.03,36.35],[29.94,36.22],[29.24,36.22],[29.12,36.74],[28.74,36.74],[28.59,36.87],[28.36,36.87],[28.19,36.67],[28.03,36.67],[28.14,37.06],[28.07,37.13],[27.6,37.13],[27.54,37.38],[27.22,37.32],[27.31,37.45],[27.16,37.58],[27.26,37.77],[27.18,37.77],[27.28,38.03],[26.89,38.09],[26.82,38.22],[26.43,38.22],[26.38,38.67],[26.54,38.61],[26.59,38.35],[27.06,38.35],[27.08,38.55],[26.85,38.61],[26.96,39.0],[26.88,39.0],[26.89,39.19],[26.74,39.26],[26.85,39.58],[26.13,39.51],[26.27,40.29],[26.6,40.48],[26.68,40.48],[26.67,40.36],[27.47,40.42],[27.54,40.29],[27.7,40.29],[27.79,40.48],[27.95,40.48],[27.94,40.36],[29.05,40.36],[28.9,40.48],[28.91,40.61],[29.39,40.68],[29.49,40.87],[29.25,40.81],[29.1,40.94],[29.12,41.07],[27.53,41.07],[27.02,40.68],[26.92,40.48],[26.77,40.55],[26.93,40.61],[26.85,40.61],[26.77,40.61],[26.78,40.68],[26.7,40.68],[26.62,40.68],[26.55,40.74],[26.14,40.61],[26.08,40.87],[25.85,40.94],[24.35,41.0],[24.01,40.74],[23.7,40.81],[23.68,40.61],[23.84,40.55],[23.74,40.23],[22.96,40.42],[22.89,40.61],[22.57,40.55],[22.54,40.1],[22.7,40.1],[22.61,39.9],[23.14,39.45],[22.82,39.38],[22.8,39.06],[22.96,39.13],[23.49,38.87],[23.33,38.8],[23.03,38.93],[22.94,38.74],[23.17,38.67],[23.31,38.48],[23.63,38.48],[23.56,38.74],[24.03,38.67],[24.18,38.55],[24.16,38.22],[24.0,38.22],[23.98,37.84],[23.44,38.03],[23.21,38.03],[23.2,37.9],[23.04,37.9],[23.11,37.64],[23.34,37.64],[23.4,37.32],[23.17,37.32],[23.18,37.45],[22.95,37.58],[22.71,37.58],[22.7,37.32],[22.85,37.25],[23.06,36.67],[22.83,36.87],[22.6,36.87],[22.51,36.67],[22.36,36.67],[22.22,37.06],[21.91,37.06],[21.9,36.87],[21.74,36.87],[21.68,37.19],[21.6,37.19],[21.7,37.51],[21.24,37.84],[21.42,38.16],[21.73,38.16],[21.74,38.35],[21.19,38.42],[20.97,38.74],[20.74,38.8],[20.91,39.06],[20.3,39.38],[20.15,39.71],[19.92,39.71],[19.91,39.58],[19.76,39.64],[19.76,39.77],[20.0,39.77],[20.01,39.97],[19.63,40.29],[19.47,40.29],[19.49,40.61],[19.33,40.68],[19.34,40.81],[19.5,40.87],[19.42,40.94],[19.54,41.78],[19.47,41.91],[19.63,41.91],[19.93,41.65],[19.84,41.39],[19.92,41.39],[19.83,41.26],[19.99,41.2],[19.9,40.87],[20.05,40.87],[20.13,40.74],[20.52,40.74],[20.6,40.74],[20.75,40.48],[21.45,40.36],[21.86,40.55],[22.25,40.55],[23.16,41.0],[24.52,41.26],[24.78,41.46],[24.81,41.85],[25.21,41.91],[25.22,42.04],[25.71,42.11],[25.93,41.91],[26.57,41.91],[26.9,42.04],[26.91,42.17],[27.57,42.37],[27.65,42.37],[28.0,41.91],[27.98,41.65],[28.22,41.65],[28.28,41.46],[28.51,41.33],[28.98,41.26],[28.96,41.13],[30.48,41.2],[30.62,41.07],[30.86,41.07],[30.87,41.13],[31.35,41.13],[31.53,41.39],[32.03,41.52],[32.04,41.65]]],[[[25.07,40.03],[25.15,40.03],[25.46,40.03],[25.45,39.84],[24.97,39.84],[25.07,40.03]]],[[[25.72,40.29],[25.8,40.29],[26.04,40.29],[26.02,40.16],[25.7,40.1],[25.72,40.29]]],[[[24.49,40.81],[24.57,40.81],[24.81,40.81],[24.79,40.61],[24.55,40.55],[24.49,40.81]]],[[[33.76,45.04],[33.84,45.04],[33.93,45.04],[34.01,45.04],[34.09,45.04],[34.08,44.97],[34.24,44.97],[34.38,44.78],[34.37,44.71],[34.1,44.52],[33.76,44.45],[33.68,44.45],[33.6,44.45],[33.52,44.45],[33.47,44.65],[33.55,44.65],[33.6,45.04],[33.68,45.04],[33.76,45.04]]]]},"properties":{"id":"territory:Byzantine Empire:875","name":"비잔티움 제국","name_en":"Byzantine Empire","actor":"로마","valid_from":875,"valid_to":876,"wikidata":"Q112039853","area":637577,"src":"cliopatria","confidence":"medium"}},{"type":"Feature","geometry":{"type":"Point","coordinates":[30.385,39.382]},"properties":{"id":"territory:Byzantine Empire:875:label","name":"비잔티움 제국","name_en":"Byzantine Empire","actor":"로마","valid_from":875,"valid_to":876,"wikidata":"Q112039853","area":637577,"src":"cliopatria","confidence":"medium"}},{"type":"Feature","geometry":{"type":"MultiPolygon","coordinates":[[[[22.89,36.42],[22.96,36.42],[23.12,36.35],[23.11,36.16],[22.87,36.16],[22.89,36.42]]],[[[15.15,37.71],[15.14,37.64],[15.07,37.64],[15.07,37.71],[15.07,37.77],[15.07,37.84],[15.15,37.84],[15.15,37.9],[15.23,37.9],[15.23,37.84],[15.23,37.77],[15.15,37.77],[15.15,37.71]]],[[[20.62,37.9],[20.7,37.9],[20.93,37.9],[20.92,37.64],[20.61,37.71],[20.62,37.9]]],[[[20.33,38.35],[20.49,38.42],[20.57,38.42],[20.8,38.29],[20.79,38.09],[20.32,38.16],[20.33,38.35]]],[[[23.57,38.8],[23.56,38.74],[23.48,38.74],[23.49,38.8],[23.57,38.8]]],[[[16.45,39.64],[16.92,39.51],[17.07,39.38],[17.14,39.06],[16.66,38.93],[16.5,38.8],[16.49,38.42],[15.93,37.96],[15.7,37.96],[15.63,38.29],[15.86,38.29],[15.95,38.67],[16.27,38.8],[16.27,38.87],[15.9,39.64],[15.9,39.71],[16.45,39.71],[16.45,39.64]]],[[[20.15,39.64],[20.15,39.58],[20.07,39.58],[20.07,39.64],[20.15,39.64]]],[[[17.42,40.36],[17.34,40.48],[17.59,40.68],[17.83,40.68],[18.21,40.42],[18.21,40.36],[18.44,40.16],[18.35,39.9],[18.11,39.9],[17.81,40.36],[17.42,40.36]]],[[[16.65,41.0],[16.57,41.2],[16.89,41.13],[16.89,41.0],[16.73,41.0],[16.65,41.0]]],[[[20.0,41.33],[19.92,41.33],[19.92,41.39],[20.0,41.39],[20.0,41.33]]],[[[17.99,42.76],[17.99,42.82],[18.07,42.82],[18.15,42.82],[18.15,42.76],[18.15,42.69],[18.07,42.69],[18.07,42.76],[17.99,42.76]]],[[[17.51,42.76],[17.51,42.82],[17.59,42.82],[17.59,42.76],[17.51,42.76]]],[[[16.72,43.21],[16.8,43.21],[17.12,43.21],[17.12,43.08],[16.72,43.08],[16.72,43.21]]],[[[16.73,43.41],[16.73,43.47],[16.81,43.47],[16.81,43.41],[16.81,43.34],[16.73,43.34],[16.73,43.41]]],[[[15.93,43.6],[15.93,43.67],[16.66,43.67],[16.65,43.54],[16.57,43.54],[16.25,43.6],[16.17,43.47],[15.93,43.47],[16.01,43.6],[15.93,43.6]]],[[[15.39,44.32],[15.38,44.19],[15.22,44.12],[15.22,44.19],[15.22,44.25],[15.14,44.25],[15.14,44.32],[15.15,44.39],[15.39,44.32]]],[[[15.07,44.45],[15.15,44.45],[15.15,44.39],[15.07,44.39],[15.07,44.45]]],[[[14.99,44.52],[15.07,44.52],[15.07,44.45],[14.99,44.45],[14.99,44.52]]],[[[34.09,35.0],[33.7,34.94],[33.52,34.74],[33.13,34.68],[33.04,34.55],[32.37,34.74],[32.23,34.94],[32.25,35.13],[32.55,35.13],[32.88,35.26],[32.89,35.39],[33.74,35.39],[34.31,35.71],[34.39,35.71],[34.54,35.71],[34.53,35.58],[33.96,35.26],[34.09,35.0]]],[[[27.69,36.29],[28.02,36.48],[28.09,36.48],[28.25,36.48],[28.14,36.03],[27.74,35.9],[27.69,36.29]]],[[[27.12,36.93],[27.19,36.8],[26.87,36.67],[27.04,36.93],[27.12,36.93]]],[[[25.34,37.13],[25.42,37.13],[25.57,37.13],[25.56,37.0],[25.33,37.0],[25.34,37.13]]],[[[24.28,37.71],[24.36,37.71],[24.43,37.58],[24.27,37.51],[24.2,37.64],[24.28,37.71]]],[[[24.99,37.71],[25.06,37.71],[25.22,37.71],[25.29,37.51],[25.05,37.51],[24.99,37.71]]],[[[26.08,37.71],[26.16,37.71],[26.31,37.71],[26.3,37.58],[25.99,37.51],[26.08,37.71]]],[[[24.77,38.03],[25.07,37.77],[24.83,37.71],[24.68,37.84],[24.69,38.03],[24.77,38.03]]],[[[25.82,38.48],[25.91,38.67],[25.99,38.67],[26.22,38.55],[26.11,38.16],[25.88,38.16],[25.9,38.48],[25.82,38.48]]],[[[24.36,39.0],[24.44,39.0],[24.67,38.93],[24.66,38.74],[24.36,38.87],[24.36,39.0]]],[[[26.09,39.0],[26.1,39.13],[25.79,39.19],[26.04,39.38],[26.12,39.38],[26.51,39.32],[26.64,39.0],[26.25,38.93],[26.09,39.0]]],[[[32.04,41.65],[32.19,41.59],[32.69,41.78],[32.63,41.91],[34.78,41.91],[34.88,42.04],[35.12,42.04],[35.09,41.78],[35.31,41.65],[35.95,41.72],[36.21,41.26],[36.77,41.33],[37.07,41.13],[37.23,41.2],[37.21,41.07],[37.77,41.07],[37.83,40.94],[38.16,41.0],[38.3,40.87],[38.78,40.94],[39.05,41.13],[39.74,40.94],[40.37,40.94],[40.39,41.07],[40.54,41.0],[41.05,41.2],[41.24,41.39],[41.23,41.33],[41.26,41.07],[40.58,40.74],[40.39,40.55],[39.59,39.97],[38.84,39.71],[38.3,39.77],[38.16,39.9],[38.08,39.9],[37.76,39.9],[37.34,39.71],[36.82,39.32],[36.8,39.19],[36.56,39.13],[36.54,39.0],[35.74,38.22],[35.73,38.09],[35.81,38.09],[35.69,37.77],[35.54,37.77],[35.36,37.58],[35.35,37.51],[35.03,37.45],[34.78,37.25],[34.66,36.87],[34.58,36.87],[34.25,36.67],[33.98,36.29],[33.27,36.22],[32.71,36.03],[32.56,36.03],[32.5,36.22],[32.07,36.61],[31.09,36.93],[30.62,36.93],[30.49,36.35],[30.03,36.35],[29.94,36.22],[29.24,36.22],[29.12,36.74],[28.74,36.74],[28.59,36.87],[28.36,36.87],[28.19,36.67],[28.03,36.67],[28.14,37.06],[28.07,37.13],[27.6,37.13],[27.54,37.38],[27.22,37.32],[27.31,37.45],[27.16,37.58],[27.26,37.77],[27.18,37.77],[27.28,38.03],[26.89,38.09],[26.82,38.22],[26.43,38.22],[26.38,38.67],[26.54,38.61],[26.59,38.35],[27.06,38.35],[27.08,38.55],[26.85,38.61],[26.96,39.0],[26.88,39.0],[26.89,39.19],[26.74,39.26],[26.85,39.58],[26.13,39.51],[26.27,40.29],[26.6,40.48],[26.68,40.48],[26.67,40.36],[27.47,40.42],[27.54,40.29],[27.7,40.29],[27.79,40.48],[27.95,40.48],[27.94,40.36],[29.05,40.36],[28.9,40.48],[28.91,40.61],[29.39,40.68],[29.49,40.87],[29.25,40.81],[29.1,40.94],[29.12,41.07],[27.53,41.07],[27.02,40.68],[26.92,40.48],[26.77,40.55],[26.93,40.61],[26.85,40.61],[26.77,40.61],[26.78,40.68],[26.7,40.68],[26.62,40.68],[26.55,40.74],[26.14,40.61],[26.08,40.87],[25.85,40.94],[24.35,41.0],[24.01,40.74],[23.7,40.81],[23.68,40.61],[23.84,40.55],[23.74,40.23],[22.96,40.42],[22.89,40.61],[22.57,40.55],[22.54,40.1],[22.7,40.1],[22.61,39.9],[23.14,39.45],[22.82,39.38],[22.8,39.06],[22.96,39.13],[23.49,38.87],[23.33,38.8],[23.03,38.93],[22.94,38.74],[23.17,38.67],[23.31,38.48],[23.63,38.48],[23.56,38.74],[24.03,38.67],[24.18,38.55],[24.16,38.22],[24.0,38.22],[23.98,37.84],[23.44,38.03],[23.21,38.03],[23.2,37.9],[23.04,37.9],[23.11,37.64],[23.34,37.64],[23.4,37.32],[23.17,37.32],[23.18,37.45],[22.95,37.58],[22.71,37.58],[22.7,37.32],[22.85,37.25],[23.06,36.67],[22.83,36.87],[22.6,36.87],[22.51,36.67],[22.36,36.67],[22.22,37.06],[21.91,37.06],[21.9,36.87],[21.74,36.87],[21.68,37.19],[21.6,37.19],[21.7,37.51],[21.24,37.84],[21.42,38.16],[21.73,38.16],[21.74,38.35],[21.19,38.42],[20.97,38.74],[20.74,38.8],[20.91,39.06],[20.3,39.38],[20.15,39.71],[19.92,39.71],[19.91,39.58],[19.76,39.64],[19.76,39.77],[20.0,39.77],[20.01,39.97],[19.63,40.29],[19.47,40.29],[19.49,40.61],[19.25,40.61],[19.25,40.74],[19.5,40.87],[19.44,41.26],[19.52,41.39],[19.44,41.39],[19.53,41.52],[19.45,41.52],[19.54,41.78],[19.39,41.91],[19.63,41.98],[19.94,41.72],[19.85,41.52],[19.92,41.46],[19.84,41.33],[19.99,41.26],[19.9,40.94],[20.06,40.94],[20.13,40.74],[20.52,40.74],[20.6,40.74],[20.75,40.48],[21.45,40.36],[21.86,40.55],[22.25,40.55],[23.16,41.0],[24.52,41.26],[24.78,41.46],[24.81,41.85],[25.21,41.91],[25.22,42.04],[25.71,42.11],[25.93,41.91],[26.57,41.91],[26.9,42.04],[26.91,42.17],[27.57,42.37],[27.65,42.37],[28.0,41.91],[27.98,41.65],[28.22,41.65],[28.28,41.46],[28.51,41.33],[28.98,41.26],[28.96,41.13],[30.48,41.2],[30.62,41.07],[30.86,41.07],[30.87,41.13],[31.35,41.13],[31.53,41.39],[32.03,41.52],[32.04,41.65]]],[[[25.07,40.03],[25.15,40.03],[25.46,40.03],[25.45,39.84],[24.97,39.84],[25.07,40.03]]],[[[25.72,40.29],[25.8,40.29],[26.04,40.29],[26.02,40.16],[25.7,40.1],[25.72,40.29]]],[[[24.49,40.81],[24.57,40.81],[24.81,40.81],[24.79,40.61],[24.55,40.55],[24.49,40.81]]],[[[33.76,45.04],[33.84,45.04],[33.93,45.04],[34.01,45.04],[34.09,45.04],[34.08,44.97],[34.24,44.97],[34.38,44.78],[34.37,44.71],[34.1,44.52],[33.76,44.45],[33.68,44.45],[33.6,44.45],[33.52,44.45],[33.47,44.65],[33.55,44.65],[33.6,45.04],[33.68,45.04],[33.76,45.04]]]]},"properties":{"id":"territory:Byzantine Empire:878","name":"비잔티움 제국","name_en":"Byzantine Empire","actor":"로마","valid_from":878,"valid_to":880,"wikidata":"Q112039853","area":637426,"src":"cliopatria","confidence":"medium"}},{"type":"Feature","geometry":{"type":"Point","coordinates":[30.374,39.384]},"properties":{"id":"territory:Byzantine Empire:878:label","name":"비잔티움 제국","name_en":"Byzantine Empire","actor":"로마","valid_from":878,"valid_to":880,"wikidata":"Q112039853","area":637426,"src":"cliopatria","confidence":"medium"}},{"type":"Feature","geometry":{"type":"MultiPolygon","coordinates":[[[[22.89,36.42],[22.96,36.42],[23.12,36.35],[23.11,36.16],[22.87,36.16],[22.89,36.42]]],[[[15.15,37.71],[15.14,37.64],[15.07,37.64],[15.07,37.71],[15.07,37.77],[15.07,37.84],[15.15,37.84],[15.15,37.9],[15.23,37.9],[15.23,37.84],[15.23,37.77],[15.15,37.77],[15.15,37.71]]],[[[20.62,37.9],[20.7,37.9],[20.93,37.9],[20.92,37.64],[20.61,37.71],[20.62,37.9]]],[[[20.33,38.35],[20.49,38.42],[20.57,38.42],[20.8,38.29],[20.79,38.09],[20.32,38.16],[20.33,38.35]]],[[[23.57,38.8],[23.56,38.74],[23.48,38.74],[23.49,38.8],[23.57,38.8]]],[[[16.45,39.64],[16.92,39.51],[17.07,39.38],[17.14,39.06],[16.66,38.93],[16.5,38.8],[16.49,38.42],[15.93,37.96],[15.7,37.96],[15.63,38.29],[15.86,38.29],[15.95,38.67],[16.27,38.8],[16.27,38.87],[15.9,39.64],[15.9,39.71],[16.45,39.71],[16.45,39.64]]],[[[20.15,39.64],[20.15,39.58],[20.07,39.58],[20.07,39.64],[20.15,39.64]]],[[[15.31,41.59],[15.48,41.72],[15.4,41.91],[15.48,41.91],[16.12,41.91],[16.11,41.78],[15.87,41.72],[15.94,41.39],[16.73,41.2],[17.44,40.87],[17.51,40.74],[17.98,40.61],[18.36,40.29],[18.44,40.1],[18.36,40.1],[18.35,39.9],[18.11,39.9],[17.81,40.36],[17.42,40.36],[17.35,40.55],[17.03,40.55],[16.87,40.48],[16.95,40.42],[16.86,40.36],[16.78,40.36],[16.79,40.55],[16.25,40.87],[16.25,40.94],[16.09,40.94],[16.01,41.07],[15.38,41.0],[15.31,41.59]]],[[[20.0,41.33],[19.92,41.33],[19.92,41.39],[20.0,41.39],[20.0,41.33]]],[[[17.99,42.76],[17.99,42.82],[18.07,42.82],[18.15,42.82],[18.15,42.76],[18.15,42.69],[18.07,42.69],[18.07,42.76],[17.99,42.76]]],[[[17.51,42.76],[17.51,42.82],[17.59,42.82],[17.59,42.76],[17.51,42.76]]],[[[16.72,43.21],[16.8,43.21],[17.12,43.21],[17.12,43.08],[16.72,43.08],[16.72,43.21]]],[[[16.73,43.41],[16.73,43.47],[16.81,43.47],[16.81,43.41],[16.81,43.34],[16.73,43.34],[16.73,43.41]]],[[[15.93,43.6],[15.93,43.67],[16.66,43.67],[16.65,43.54],[16.57,43.54],[16.25,43.6],[16.17,43.47],[15.93,43.47],[16.01,43.6],[15.93,43.6]]],[[[15.39,44.32],[15.38,44.19],[15.22,44.12],[15.22,44.19],[15.22,44.25],[15.14,44.25],[15.14,44.32],[15.15,44.39],[15.39,44.32]]],[[[15.07,44.45],[15.15,44.45],[15.15,44.39],[15.07,44.39],[15.07,44.45]]],[[[14.99,44.52],[15.07,44.52],[15.07,44.45],[14.99,44.45],[14.99,44.52]]],[[[27.69,36.29],[28.02,36.48],[28.09,36.48],[28.25,36.48],[28.14,36.03],[27.74,35.9],[27.69,36.29]]],[[[27.12,36.93],[27.19,36.8],[26.87,36.67],[27.04,36.93],[27.12,36.93]]],[[[25.34,37.13],[25.42,37.13],[25.57,37.13],[25.56,37.0],[25.33,37.0],[25.34,37.13]]],[[[24.28,37.71],[24.36,37.71],[24.43,37.58],[24.27,37.51],[24.2,37.64],[24.28,37.71]]],[[[24.99,37.71],[25.06,37.71],[25.22,37.71],[25.29,37.51],[25.05,37.51],[24.99,37.71]]],[[[26.08,37.71],[26.16,37.71],[26.31,37.71],[26.3,37.58],[25.99,37.51],[26.08,37.71]]],[[[24.69,38.03],[24.77,38.03],[25.07,37.77],[24.83,37.71],[24.68,37.84],[24.69,38.03]]],[[[25.9,38.48],[25.82,38.48],[25.91,38.67],[25.99,38.67],[26.22,38.55],[26.11,38.16],[25.88,38.16],[25.9,38.48]]],[[[24.36,39.0],[24.44,39.0],[24.67,38.93],[24.66,38.74],[24.36,38.87],[24.36,39.0]]],[[[28.98,41.26],[28.96,41.13],[30.48,41.2],[30.62,41.07],[31.35,41.13],[31.53,41.39],[32.03,41.52],[32.04,41.65],[32.19,41.59],[32.69,41.78],[32.63,41.91],[34.78,41.91],[34.88,42.04],[35.12,42.04],[35.09,41.78],[35.31,41.65],[35.95,41.72],[36.21,41.26],[36.77,41.33],[37.07,41.13],[37.23,41.2],[37.21,41.07],[37.77,41.07],[37.83,40.94],[38.16,41.0],[38.3,40.87],[38.78,40.94],[39.05,41.13],[39.74,40.94],[40.37,40.94],[40.39,41.07],[40.54,41.0],[41.05,41.2],[41.24,41.39],[41.23,41.33],[41.26,41.07],[40.58,40.74],[40.3,40.48],[39.59,39.97],[38.84,39.71],[38.3,39.77],[38.16,39.9],[38.08,39.9],[37.76,39.9],[37.34,39.71],[36.82,39.32],[36.8,39.19],[36.56,39.13],[36.54,39.0],[35.74,38.22],[35.73,38.09],[35.81,38.09],[35.69,37.77],[35.54,37.77],[35.36,37.58],[35.35,37.51],[35.03,37.45],[34.78,37.25],[34.66,36.87],[34.58,36.87],[34.25,36.67],[33.98,36.29],[33.27,36.22],[32.71,36.03],[32.56,36.03],[32.5,36.22],[32.07,36.61],[31.09,36.93],[30.62,36.93],[30.49,36.35],[30.03,36.35],[29.94,36.22],[29.24,36.22],[29.12,36.74],[28.74,36.74],[28.59,36.87],[28.36,36.87],[28.19,36.67],[28.03,36.67],[28.14,37.06],[28.07,37.13],[27.6,37.13],[27.54,37.38],[27.22,37.32],[27.31,37.45],[27.16,37.58],[27.26,37.77],[27.18,37.77],[27.28,38.03],[26.89,38.09],[26.82,38.22],[26.43,38.22],[26.38,38.67],[26.54,38.61],[26.59,38.35],[27.06,38.35],[27.08,38.55],[26.85,38.61],[26.96,39.0],[26.88,39.0],[26.89,39.19],[26.74,39.26],[26.85,39.58],[26.13,39.51],[26.27,40.29],[26.6,40.48],[26.68,40.48],[26.67,40.36],[27.47,40.42],[27.54,40.29],[27.7,40.29],[27.79,40.48],[27.95,40.48],[27.94,40.36],[29.05,40.36],[28.9,40.48],[28.91,40.61],[29.39,40.68],[29.49,40.87],[29.25,40.81],[29.1,40.94],[29.12,41.07],[27.53,41.07],[27.02,40.68],[26.92,40.48],[26.77,40.55],[26.93,40.61],[26.85,40.61],[26.77,40.61],[26.78,40.68],[26.7,40.68],[26.62,40.68],[26.55,40.74],[26.14,40.61],[26.08,40.87],[25.85,40.94],[24.35,41.0],[24.01,40.74],[23.7,40.81],[23.68,40.61],[23.84,40.55],[23.74,40.23],[22.96,40.42],[22.89,40.61],[22.57,40.55],[22.54,40.1],[22.7,40.1],[22.61,39.9],[23.14,39.45],[22.82,39.38],[22.8,39.06],[22.96,39.13],[23.49,38.87],[23.33,38.8],[23.03,38.93],[22.94,38.74],[23.17,38.67],[23.31,38.48],[23.63,38.48],[23.56,38.74],[24.03,38.67],[24.18,38.55],[24.16,38.22],[24.0,38.22],[23.98,37.84],[23.44,38.03],[23.21,38.03],[23.2,37.9],[23.04,37.9],[23.11,37.64],[23.34,37.64],[23.4,37.32],[23.17,37.32],[23.18,37.45],[22.95,37.58],[22.71,37.58],[22.7,37.32],[22.85,37.25],[23.06,36.67],[22.83,36.87],[22.6,36.87],[22.51,36.67],[22.36,36.67],[22.22,37.06],[21.91,37.06],[21.9,36.87],[21.74,36.87],[21.68,37.19],[21.6,37.19],[21.7,37.51],[21.24,37.84],[21.42,38.16],[21.73,38.16],[21.74,38.35],[21.19,38.42],[20.97,38.74],[20.74,38.8],[20.91,39.06],[20.3,39.38],[20.15,39.71],[19.92,39.71],[19.91,39.58],[19.76,39.64],[19.76,39.77],[20.0,39.77],[20.01,39.97],[19.63,40.29],[19.47,40.29],[19.49,40.61],[19.25,40.61],[19.25,40.74],[19.5,40.87],[19.44,41.26],[19.52,41.39],[19.44,41.39],[19.53,41.52],[19.45,41.52],[19.54,41.78],[19.39,41.91],[19.63,41.98],[19.94,41.72],[19.85,41.52],[19.92,41.46],[19.84,41.33],[19.99,41.26],[19.9,40.94],[20.06,40.94],[20.13,40.74],[20.52,40.74],[20.6,40.74],[20.75,40.48],[21.14,40.36],[22.25,40.55],[23.16,41.0],[24.52,41.26],[24.78,41.46],[24.81,41.85],[25.21,41.91],[25.22,42.04],[25.47,42.11],[25.71,42.11],[25.93,41.91],[26.57,41.91],[27.06,42.11],[27.38,42.11],[27.45,41.98],[27.93,41.98],[27.92,41.91],[28.0,41.91],[28.0,41.85],[27.99,41.78],[28.05,41.59],[28.22,41.65],[28.35,41.39],[28.98,41.26]]],[[[26.09,39.0],[26.1,39.13],[25.79,39.19],[26.04,39.38],[26.12,39.38],[26.51,39.32],[26.64,39.0],[26.25,38.93],[26.09,39.0]]],[[[25.07,40.03],[25.15,40.03],[25.46,40.03],[25.45,39.84],[24.97,39.84],[25.07,40.03]]],[[[25.72,40.29],[25.8,40.29],[26.04,40.29],[26.02,40.16],[25.7,40.1],[25.72,40.29]]],[[[24.49,40.81],[24.57,40.81],[24.81,40.81],[24.79,40.61],[24.55,40.55],[24.49,40.81]]],[[[33.76,45.04],[33.84,45.04],[33.93,45.04],[34.01,45.04],[34.09,45.04],[34.08,44.97],[34.24,44.97],[34.38,44.78],[34.37,44.71],[34.1,44.52],[33.76,44.45],[33.68,44.45],[33.6,44.45],[33.52,44.45],[33.47,44.65],[33.55,44.65],[33.6,45.04],[33.68,45.04],[33.76,45.04]]]]},"properties":{"id":"territory:Byzantine Empire:898","name":"비잔티움 제국","name_en":"Byzantine Empire","actor":"로마","valid_from":898,"valid_to":911,"wikidata":"Q112039853","area":635342,"src":"cliopatria","confidence":"medium"}},{"type":"Feature","geometry":{"type":"Point","coordinates":[30.387,39.374]},"properties":{"id":"territory:Byzantine Empire:898:label","name":"비잔티움 제국","name_en":"Byzantine Empire","actor":"로마","valid_from":898,"valid_to":911,"wikidata":"Q112039853","area":635342,"src":"cliopatria","confidence":"medium"}},{"type":"Feature","geometry":{"type":"MultiPolygon","coordinates":[[[[22.89,36.42],[22.96,36.42],[23.12,36.35],[23.11,36.16],[22.87,36.16],[22.89,36.42]]],[[[15.15,37.71],[15.14,37.64],[15.07,37.64],[15.07,37.71],[15.07,37.77],[15.07,37.84],[15.15,37.84],[15.15,37.9],[15.23,37.9],[15.23,37.84],[15.23,37.77],[15.15,37.77],[15.15,37.71]]],[[[20.62,37.9],[20.7,37.9],[20.93,37.9],[20.92,37.64],[20.61,37.71],[20.62,37.9]]],[[[20.33,38.35],[20.49,38.42],[20.57,38.42],[20.8,38.29],[20.79,38.09],[20.32,38.16],[20.33,38.35]]],[[[23.57,38.8],[23.56,38.74],[23.48,38.74],[23.49,38.8],[23.57,38.8]]],[[[16.45,39.64],[16.92,39.51],[17.07,39.38],[17.14,39.06],[16.66,38.93],[16.5,38.8],[16.49,38.42],[15.93,37.96],[15.7,37.96],[15.63,38.29],[15.86,38.29],[15.95,38.67],[16.27,38.8],[16.27,38.87],[15.9,39.64],[15.9,39.71],[16.45,39.71],[16.45,39.64]]],[[[20.15,39.64],[20.15,39.58],[20.07,39.58],[20.07,39.64],[20.15,39.64]]],[[[15.31,41.59],[15.48,41.72],[15.4,41.91],[15.48,41.91],[16.12,41.91],[16.11,41.78],[15.87,41.72],[15.94,41.39],[16.73,41.2],[17.44,40.87],[17.51,40.74],[17.98,40.61],[18.36,40.29],[18.44,40.1],[18.36,40.1],[18.35,39.9],[18.11,39.9],[17.81,40.36],[17.42,40.36],[17.35,40.55],[17.03,40.55],[16.87,40.48],[16.95,40.42],[16.86,40.36],[16.78,40.36],[16.79,40.55],[16.25,40.87],[16.25,40.94],[16.09,40.94],[16.01,41.07],[15.38,41.0],[15.31,41.59]]],[[[20.0,41.33],[19.92,41.33],[19.92,41.39],[20.0,41.39],[20.0,41.33]]],[[[17.99,42.76],[17.99,42.82],[18.07,42.82],[18.15,42.82],[18.15,42.76],[18.15,42.69],[18.07,42.69],[18.07,42.76],[17.99,42.76]]],[[[17.51,42.76],[17.51,42.82],[17.59,42.82],[17.59,42.76],[17.51,42.76]]],[[[16.72,43.21],[16.8,43.21],[17.12,43.21],[17.12,43.08],[16.72,43.08],[16.72,43.21]]],[[[16.73,43.41],[16.73,43.47],[16.81,43.47],[16.81,43.41],[16.81,43.34],[16.73,43.34],[16.73,43.41]]],[[[15.93,43.6],[15.93,43.67],[16.66,43.67],[16.65,43.54],[16.57,43.54],[16.25,43.6],[16.17,43.47],[15.93,43.47],[16.01,43.6],[15.93,43.6]]],[[[15.39,44.32],[15.38,44.19],[15.22,44.12],[15.22,44.19],[15.22,44.25],[15.14,44.25],[15.14,44.32],[15.15,44.39],[15.39,44.32]]],[[[15.07,44.45],[15.15,44.45],[15.15,44.39],[15.07,44.39],[15.07,44.45]]],[[[14.99,44.52],[15.07,44.52],[15.07,44.45],[14.99,44.45],[14.99,44.52]]],[[[27.69,36.29],[28.02,36.48],[28.09,36.48],[28.25,36.48],[28.14,36.03],[27.74,35.9],[27.69,36.29]]],[[[27.12,36.93],[27.19,36.8],[26.87,36.67],[27.04,36.93],[27.12,36.93]]],[[[25.34,37.13],[25.42,37.13],[25.57,37.13],[25.56,37.0],[25.33,37.0],[25.34,37.13]]],[[[24.28,37.71],[24.36,37.71],[24.43,37.58],[24.27,37.51],[24.2,37.64],[24.28,37.71]]],[[[24.99,37.71],[25.06,37.71],[25.22,37.71],[25.29,37.51],[25.05,37.51],[24.99,37.71]]],[[[26.08,37.71],[26.16,37.71],[26.31,37.71],[26.3,37.58],[25.99,37.51],[26.08,37.71]]],[[[24.69,38.03],[24.77,38.03],[25.07,37.77],[24.83,37.71],[24.68,37.84],[24.69,38.03]]],[[[25.9,38.48],[25.82,38.48],[25.91,38.67],[25.99,38.67],[26.22,38.55],[26.11,38.16],[25.88,38.16],[25.9,38.48]]],[[[24.36,39.0],[24.44,39.0],[24.67,38.93],[24.66,38.74],[24.36,38.87],[24.36,39.0]]],[[[26.09,39.0],[26.1,39.13],[25.79,39.19],[26.04,39.38],[26.12,39.38],[26.51,39.32],[26.64,39.0],[26.25,38.93],[26.09,39.0]]],[[[32.04,41.65],[32.19,41.59],[32.69,41.78],[32.63,41.91],[34.78,41.91],[34.88,42.04],[35.12,42.04],[35.09,41.78],[35.31,41.65],[35.95,41.72],[36.21,41.26],[36.77,41.33],[37.07,41.13],[37.23,41.2],[37.21,41.07],[37.77,41.07],[37.83,40.94],[38.16,41.0],[38.3,40.87],[38.78,40.94],[39.05,41.13],[39.74,40.94],[40.37,40.94],[40.39,41.07],[40.54,41.0],[41.05,41.2],[41.24,41.39],[41.23,41.33],[41.26,41.07],[40.58,40.74],[40.3,40.48],[39.59,39.97],[38.84,39.71],[38.3,39.77],[38.16,39.9],[38.08,39.9],[37.76,39.9],[37.34,39.71],[36.82,39.32],[36.8,39.19],[36.56,39.13],[36.54,39.0],[35.74,38.22],[35.73,38.09],[35.81,38.09],[35.69,37.77],[35.54,37.77],[35.36,37.58],[35.35,37.51],[35.03,37.45],[34.78,37.25],[34.66,36.87],[34.58,36.87],[34.25,36.67],[33.98,36.29],[33.27,36.22],[32.71,36.03],[32.56,36.03],[32.5,36.22],[32.07,36.61],[31.09,36.93],[30.62,36.93],[30.49,36.35],[30.03,36.35],[29.94,36.22],[29.24,36.22],[29.12,36.74],[28.74,36.74],[28.59,36.87],[28.36,36.87],[28.19,36.67],[28.03,36.67],[28.14,37.06],[28.07,37.13],[27.6,37.13],[27.54,37.38],[27.22,37.32],[27.31,37.45],[27.16,37.58],[27.26,37.77],[27.18,37.77],[27.28,38.03],[26.89,38.09],[26.82,38.22],[26.43,38.22],[26.38,38.67],[26.54,38.61],[26.59,38.35],[27.06,38.35],[27.08,38.55],[26.85,38.61],[26.96,39.0],[26.88,39.0],[26.89,39.19],[26.74,39.26],[26.85,39.58],[26.13,39.51],[26.27,40.29],[26.6,40.48],[26.68,40.48],[26.67,40.36],[27.47,40.42],[27.54,40.29],[27.7,40.29],[27.79,40.48],[27.95,40.48],[27.94,40.36],[29.05,40.36],[28.9,40.48],[28.91,40.61],[29.39,40.68],[29.49,40.87],[29.25,40.81],[29.1,40.94],[29.12,41.07],[27.53,41.07],[27.02,40.68],[26.92,40.48],[26.77,40.55],[26.93,40.61],[26.85,40.61],[26.77,40.61],[26.78,40.68],[26.7,40.68],[26.62,40.68],[26.55,40.74],[26.14,40.61],[26.08,40.87],[25.85,40.94],[24.35,41.0],[24.01,40.74],[23.7,40.81],[23.68,40.61],[23.84,40.55],[23.74,40.23],[22.96,40.42],[22.89,40.61],[22.57,40.55],[22.54,40.1],[22.7,40.1],[22.61,39.9],[23.14,39.45],[22.82,39.38],[22.8,39.06],[22.96,39.13],[23.49,38.87],[23.33,38.8],[23.03,38.93],[22.94,38.74],[23.17,38.67],[23.31,38.48],[23.63,38.48],[23.56,38.74],[24.03,38.67],[24.18,38.55],[24.16,38.22],[24.0,38.22],[23.98,37.84],[23.44,38.03],[23.21,38.03],[23.2,37.9],[23.04,37.9],[23.11,37.64],[23.34,37.64],[23.4,37.32],[23.17,37.32],[23.18,37.45],[22.95,37.58],[22.71,37.58],[22.7,37.32],[22.85,37.25],[23.06,36.67],[22.83,36.87],[22.6,36.87],[22.51,36.67],[22.36,36.67],[22.22,37.06],[21.91,37.06],[21.9,36.87],[21.74,36.87],[21.68,37.19],[21.6,37.19],[21.7,37.51],[21.24,37.84],[21.42,38.16],[21.73,38.16],[21.74,38.35],[21.19,38.42],[20.97,38.74],[20.74,38.8],[20.91,39.06],[20.3,39.38],[20.15,39.71],[19.92,39.71],[19.91,39.58],[19.76,39.64],[19.76,39.77],[20.0,39.77],[20.01,39.97],[19.63,40.29],[19.47,40.29],[19.49,40.61],[19.25,40.61],[19.25,40.74],[19.5,40.87],[19.44,41.26],[19.52,41.39],[19.44,41.39],[19.53,41.52],[19.45,41.52],[19.54,41.78],[19.39,41.91],[19.63,41.98],[19.94,41.72],[19.85,41.52],[19.92,41.46],[19.84,41.33],[19.99,41.26],[19.9,40.94],[20.06,40.94],[20.13,40.74],[20.52,40.74],[20.6,40.74],[20.75,40.48],[21.14,40.36],[22.25,40.55],[23.16,41.0],[24.52,41.26],[24.78,41.46],[24.81,41.85],[25.21,41.91],[25.22,42.04],[25.47,42.11],[25.71,42.11],[25.93,41.91],[26.41,41.91],[26.46,41.59],[26.61,41.52],[26.51,41.2],[26.82,41.13],[27.08,41.39],[27.0,41.39],[27.06,42.04],[26.91,42.17],[27.57,42.37],[27.65,42.37],[28.0,41.91],[27.98,41.65],[28.22,41.65],[28.28,41.46],[28.51,41.33],[28.98,41.26],[28.96,41.13],[30.48,41.2],[30.62,41.07],[30.86,41.07],[30.87,41.13],[31.35,41.13],[31.53,41.39],[32.03,41.52],[32.04,41.65]]],[[[25.07,40.03],[25.15,40.03],[25.46,40.03],[25.45,39.84],[24.97,39.84],[25.07,40.03]]],[[[25.72,40.29],[25.8,40.29],[26.04,40.29],[26.02,40.16],[25.7,40.1],[25.72,40.29]]],[[[24.49,40.81],[24.57,40.81],[24.81,40.81],[24.79,40.61],[24.55,40.55],[24.49,40.81]]],[[[33.76,45.04],[33.84,45.04],[33.93,45.04],[34.01,45.04],[34.09,45.04],[34.08,44.97],[34.24,44.97],[34.38,44.78],[34.37,44.71],[34.1,44.52],[33.76,44.45],[33.68,44.45],[33.6,44.45],[33.52,44.45],[33.47,44.65],[33.55,44.65],[33.6,45.04],[33.68,45.04],[33.76,45.04]]]]},"properties":{"id":"territory:Byzantine Empire:896","name":"비잔티움 제국","name_en":"Byzantine Empire","actor":"로마","valid_from":896,"valid_to":898,"wikidata":"Q112039853","area":633418,"src":"cliopatria","confidence":"medium"}},{"type":"Feature","geometry":{"type":"Point","coordinates":[30.402,39.368]},"properties":{"id":"territory:Byzantine Empire:896:label","name":"비잔티움 제국","name_en":"Byzantine Empire","actor":"로마","valid_from":896,"valid_to":898,"wikidata":"Q112039853","area":633418,"src":"cliopatria","confidence":"medium"}},{"type":"Feature","geometry":{"type":"MultiPolygon","coordinates":[[[[14.34,36.03],[14.42,36.03],[14.57,35.97],[14.57,35.77],[14.34,35.84],[14.34,36.03]]],[[[22.89,36.42],[22.96,36.42],[23.12,36.35],[23.11,36.16],[22.87,36.16],[22.89,36.42]]],[[[15.21,37.19],[15.21,37.0],[15.05,36.74],[14.89,36.74],[14.82,36.74],[14.75,37.51],[14.91,37.71],[14.91,37.77],[15.23,37.9],[15.07,37.64],[15.06,37.25],[15.21,37.19]]],[[[20.62,37.9],[20.7,37.9],[20.93,37.9],[20.92,37.64],[20.61,37.71],[20.62,37.9]]],[[[20.33,38.35],[20.49,38.42],[20.57,38.42],[20.8,38.29],[20.79,38.09],[20.32,38.16],[20.33,38.35]]],[[[16.45,39.64],[16.92,39.51],[17.07,39.38],[17.14,39.06],[16.66,38.93],[16.5,38.8],[16.49,38.42],[15.93,37.96],[15.7,37.96],[15.63,38.29],[15.86,38.29],[15.95,38.67],[16.27,38.8],[16.27,38.87],[15.9,39.64],[15.9,39.71],[16.45,39.71],[16.45,39.64]]],[[[20.15,39.64],[20.15,39.58],[20.07,39.58],[20.07,39.64],[20.15,39.64]]],[[[17.42,40.36],[17.34,40.48],[17.59,40.68],[17.83,40.68],[18.21,40.42],[18.21,40.36],[18.44,40.16],[18.35,39.9],[18.11,39.9],[17.81,40.36],[17.42,40.36]]],[[[19.92,41.33],[19.92,41.39],[20.0,41.39],[20.0,41.33],[19.92,41.33]]],[[[19.93,41.65],[19.85,41.65],[19.86,41.72],[19.94,41.72],[19.93,41.65]]],[[[17.99,42.76],[17.99,42.82],[18.07,42.82],[18.15,42.82],[18.15,42.76],[18.15,42.69],[18.07,42.69],[18.07,42.76],[17.99,42.76]]],[[[17.51,42.76],[17.51,42.82],[17.59,42.82],[17.59,42.76],[17.51,42.76]]],[[[16.72,43.21],[16.8,43.21],[17.12,43.21],[17.12,43.08],[16.72,43.08],[16.72,43.21]]],[[[16.73,43.41],[16.73,43.47],[16.81,43.47],[16.81,43.41],[16.81,43.34],[16.73,43.34],[16.73,43.41]]],[[[15.93,43.6],[15.93,43.67],[16.66,43.67],[16.65,43.54],[16.57,43.54],[16.25,43.6],[16.17,43.47],[15.93,43.47],[16.01,43.6],[15.93,43.6]]],[[[15.39,44.32],[15.38,44.19],[15.22,44.12],[15.22,44.19],[15.22,44.25],[15.14,44.25],[15.14,44.32],[15.15,44.39],[15.39,44.32]]],[[[15.07,44.45],[15.15,44.45],[15.15,44.39],[15.07,44.39],[15.07,44.45]]],[[[14.99,44.52],[15.07,44.52],[15.07,44.45],[14.99,44.45],[14.99,44.52]]],[[[27.69,36.29],[28.02,36.48],[28.09,36.48],[28.25,36.48],[28.14,36.03],[27.74,35.9],[27.69,36.29]]],[[[27.12,36.93],[27.19,36.8],[26.87,36.67],[27.04,36.93],[27.12,36.93]]],[[[25.34,37.13],[25.42,37.13],[25.57,37.13],[25.56,37.0],[25.33,37.0],[25.34,37.13]]],[[[24.28,37.71],[24.36,37.71],[24.43,37.58],[24.27,37.51],[24.2,37.64],[24.28,37.71]]],[[[24.99,37.71],[25.06,37.71],[25.22,37.71],[25.29,37.51],[25.05,37.51],[24.99,37.71]]],[[[26.08,37.71],[26.16,37.71],[26.31,37.71],[26.3,37.58],[25.99,37.51],[26.08,37.71]]],[[[24.69,38.03],[24.77,38.03],[25.07,37.77],[24.83,37.71],[24.68,37.84],[24.69,38.03]]],[[[25.82,38.48],[25.91,38.67],[25.99,38.67],[26.22,38.55],[26.11,38.16],[25.88,38.16],[25.9,38.48],[25.82,38.48]]],[[[23.56,38.74],[23.48,38.74],[23.49,38.8],[23.57,38.8],[23.56,38.74]]],[[[24.36,39.0],[24.44,39.0],[24.67,38.93],[24.66,38.74],[24.36,38.87],[24.36,39.0]]],[[[26.09,39.0],[26.1,39.13],[25.79,39.19],[26.04,39.38],[26.12,39.38],[26.51,39.32],[26.64,39.0],[26.25,38.93],[26.09,39.0]]],[[[32.04,41.65],[32.19,41.59],[32.69,41.78],[32.63,41.91],[34.78,41.91],[34.88,42.04],[35.12,42.04],[35.09,41.78],[35.31,41.65],[35.95,41.72],[36.21,41.26],[36.77,41.33],[37.07,41.13],[37.23,41.2],[37.21,41.07],[37.77,41.07],[37.83,40.94],[38.16,41.0],[38.3,40.87],[38.78,40.94],[39.05,41.13],[39.74,40.94],[40.37,40.94],[40.39,41.07],[40.54,41.0],[41.05,41.2],[41.24,41.39],[41.23,41.33],[41.26,41.07],[40.58,40.74],[40.39,40.55],[39.59,39.97],[38.84,39.71],[38.3,39.77],[38.16,39.9],[38.08,39.9],[37.76,39.9],[37.34,39.71],[36.82,39.32],[36.8,39.19],[36.56,39.13],[36.54,39.0],[35.74,38.22],[35.73,38.09],[35.81,38.09],[35.69,37.77],[35.54,37.77],[35.36,37.58],[35.35,37.51],[35.03,37.45],[34.78,37.25],[34.66,36.87],[34.58,36.87],[34.25,36.67],[33.98,36.29],[33.27,36.22],[32.71,36.03],[32.56,36.03],[32.5,36.22],[32.07,36.61],[31.09,36.93],[30.62,36.93],[30.49,36.35],[30.03,36.35],[29.94,36.22],[29.24,36.22],[29.12,36.74],[28.74,36.74],[28.59,36.87],[28.36,36.87],[28.19,36.67],[28.03,36.67],[28.14,37.06],[28.07,37.13],[27.6,37.13],[27.54,37.38],[27.22,37.32],[27.31,37.45],[27.16,37.58],[27.26,37.77],[27.18,37.77],[27.28,38.03],[26.89,38.09],[26.82,38.22],[26.43,38.22],[26.38,38.67],[26.54,38.61],[26.59,38.35],[27.06,38.35],[27.08,38.55],[26.85,38.61],[26.96,39.0],[26.88,39.0],[26.89,39.19],[26.74,39.26],[26.85,39.58],[26.13,39.51],[26.27,40.29],[26.6,40.48],[26.68,40.48],[26.67,40.36],[27.47,40.42],[27.54,40.29],[27.7,40.29],[27.79,40.48],[27.95,40.48],[27.94,40.36],[29.05,40.36],[28.9,40.48],[28.91,40.61],[29.39,40.68],[29.49,40.87],[29.25,40.81],[29.1,40.94],[29.12,41.07],[27.53,41.07],[27.02,40.68],[26.92,40.48],[26.77,40.55],[26.93,40.61],[26.85,40.61],[26.77,40.61],[26.78,40.68],[26.7,40.68],[26.62,40.68],[26.55,40.74],[26.14,40.61],[26.08,40.87],[25.85,40.94],[24.35,41.0],[24.01,40.74],[23.7,40.81],[23.68,40.61],[23.84,40.55],[23.74,40.23],[22.96,40.42],[22.89,40.61],[22.57,40.55],[22.54,40.1],[22.7,40.1],[22.61,39.9],[23.14,39.45],[22.82,39.38],[22.8,39.06],[22.96,39.13],[23.49,38.87],[23.33,38.8],[23.03,38.93],[22.94,38.74],[23.17,38.67],[23.31,38.48],[23.63,38.48],[23.56,38.74],[24.03,38.67],[24.18,38.55],[24.16,38.22],[24.0,38.22],[23.98,37.84],[23.44,38.03],[23.21,38.03],[23.2,37.9],[23.04,37.9],[23.11,37.64],[23.34,37.64],[23.4,37.32],[23.17,37.32],[23.18,37.45],[22.95,37.58],[22.71,37.58],[22.7,37.32],[22.85,37.25],[23.06,36.67],[22.83,36.87],[22.6,36.87],[22.51,36.67],[22.36,36.67],[22.22,37.06],[21.91,37.06],[21.9,36.87],[21.74,36.87],[21.68,37.19],[21.6,37.19],[21.7,37.51],[21.24,37.84],[21.42,38.16],[21.73,38.16],[21.74,38.35],[21.19,38.42],[20.97,38.74],[20.74,38.8],[20.91,39.06],[20.3,39.38],[20.15,39.71],[19.92,39.71],[19.91,39.58],[19.76,39.64],[19.76,39.77],[20.0,39.77],[20.01,39.97],[19.63,40.29],[19.47,40.29],[19.49,40.61],[19.25,40.61],[19.25,40.74],[19.5,40.87],[19.42,40.94],[19.53,41.52],[19.46,41.65],[19.85,41.65],[19.84,41.46],[19.92,41.46],[19.84,41.33],[19.99,41.26],[19.9,40.94],[20.06,40.94],[20.13,40.74],[20.52,40.74],[20.6,40.74],[20.75,40.48],[21.45,40.36],[21.86,40.55],[22.25,40.55],[23.16,41.0],[24.52,41.26],[24.78,41.46],[24.81,41.85],[25.21,41.91],[25.22,42.04],[25.71,42.11],[25.93,41.91],[26.57,41.91],[26.9,42.04],[26.91,42.17],[27.57,42.37],[27.65,42.37],[28.0,41.91],[27.98,41.65],[28.22,41.65],[28.28,41.46],[28.51,41.33],[28.98,41.26],[28.96,41.13],[30.48,41.2],[30.62,41.07],[30.86,41.07],[30.87,41.13],[31.35,41.13],[31.53,41.39],[32.03,41.52],[32.04,41.65]],[[31.52,37.38],[31.59,37.38],[31.6,37.45],[31.52,37.45],[31.52,37.38]],[[23.06,38.16],[22.98,38.16],[22.98,38.09],[23.06,38.09],[23.06,38.16]],[[22.91,38.22],[22.75,38.16],[22.84,38.35],[22.51,38.22],[22.6,38.42],[22.29,38.42],[22.44,38.29],[22.44,38.22],[22.59,38.16],[22.66,37.96],[22.97,37.96],[22.91,38.22]],[[22.98,38.22],[22.99,38.29],[22.91,38.29],[22.91,38.22],[22.98,38.22]],[[22.35,38.09],[22.43,38.09],[22.43,38.16],[22.35,38.16],[22.35,38.09]],[[22.2,38.16],[22.28,38.16],[22.28,38.22],[22.2,38.22],[22.2,38.16]],[[22.36,38.22],[22.36,38.29],[22.28,38.29],[22.28,38.22],[22.36,38.22]],[[21.07,39.06],[20.99,39.06],[21.06,38.93],[21.15,39.06],[21.07,39.06]]],[[[25.07,40.03],[25.15,40.03],[25.46,40.03],[25.45,39.84],[24.97,39.84],[25.07,40.03]]],[[[25.72,40.29],[25.8,40.29],[26.04,40.29],[26.02,40.16],[25.7,40.1],[25.72,40.29]]],[[[24.49,40.81],[24.57,40.81],[24.81,40.81],[24.79,40.61],[24.55,40.55],[24.49,40.81]]],[[[33.76,45.04],[33.84,45.04],[33.93,45.04],[34.01,45.04],[34.09,45.04],[34.08,44.97],[34.24,44.97],[34.38,44.78],[34.37,44.71],[34.1,44.52],[33.76,44.45],[33.68,44.45],[33.6,44.45],[33.52,44.45],[33.47,44.65],[33.55,44.65],[33.6,45.04],[33.68,45.04],[33.76,45.04]]]]},"properties":{"id":"territory:Byzantine Empire:860","name":"비잔티움 제국","name_en":"Byzantine Empire","actor":"로마","valid_from":860,"valid_to":866,"wikidata":"Q112039853","area":626499,"src":"cliopatria","confidence":"medium"}},{"type":"Feature","geometry":{"type":"Point","coordinates":[30.394,39.38]},"properties":{"id":"territory:Byzantine Empire:860:label","name":"비잔티움 제국","name_en":"Byzantine Empire","actor":"로마","valid_from":860,"valid_to":866,"wikidata":"Q112039853","area":626499,"src":"cliopatria","confidence":"medium"}},{"type":"Feature","geometry":{"type":"MultiPolygon","coordinates":[[[[14.34,36.03],[14.42,36.03],[14.57,35.97],[14.57,35.77],[14.34,35.84],[14.34,36.03]]],[[[22.89,36.42],[22.96,36.42],[23.12,36.35],[23.11,36.16],[22.87,36.16],[22.89,36.42]]],[[[15.07,37.64],[15.06,37.25],[15.21,37.19],[15.13,36.87],[15.05,36.87],[14.74,37.0],[14.83,37.64],[14.91,37.64],[14.99,37.84],[15.23,37.9],[15.23,37.84],[15.07,37.64]]],[[[20.62,37.9],[20.7,37.9],[20.93,37.9],[20.92,37.64],[20.61,37.71],[20.62,37.9]]],[[[20.33,38.35],[20.49,38.42],[20.57,38.42],[20.8,38.29],[20.79,38.09],[20.32,38.16],[20.33,38.35]]],[[[16.45,39.64],[16.92,39.51],[17.07,39.38],[17.14,39.06],[16.66,38.93],[16.5,38.8],[16.49,38.42],[15.93,37.96],[15.7,37.96],[15.63,38.29],[15.86,38.29],[15.95,38.67],[16.27,38.8],[16.27,38.87],[15.9,39.64],[15.9,39.71],[16.45,39.71],[16.45,39.64]]],[[[20.15,39.64],[20.15,39.58],[20.07,39.58],[20.07,39.64],[20.15,39.64]]],[[[17.42,40.36],[17.34,40.48],[17.59,40.68],[17.83,40.68],[18.21,40.42],[18.21,40.36],[18.44,40.16],[18.35,39.9],[18.11,39.9],[17.81,40.36],[17.42,40.36]]],[[[19.92,41.33],[19.92,41.39],[20.0,41.39],[20.0,41.33],[19.92,41.33]]],[[[19.93,41.65],[19.85,41.65],[19.86,41.72],[19.94,41.72],[19.93,41.65]]],[[[17.99,42.76],[17.99,42.82],[18.07,42.82],[18.15,42.82],[18.15,42.76],[18.15,42.69],[18.07,42.69],[18.07,42.76],[17.99,42.76]]],[[[17.51,42.76],[17.51,42.82],[17.59,42.82],[17.59,42.76],[17.51,42.76]]],[[[16.72,43.21],[16.8,43.21],[17.12,43.21],[17.12,43.08],[16.72,43.08],[16.72,43.21]]],[[[16.73,43.41],[16.73,43.47],[16.81,43.47],[16.81,43.41],[16.81,43.34],[16.73,43.34],[16.73,43.41]]],[[[15.93,43.6],[15.93,43.67],[16.66,43.67],[16.65,43.54],[16.57,43.54],[16.25,43.6],[16.17,43.47],[15.93,43.47],[16.01,43.6],[15.93,43.6]]],[[[15.39,44.32],[15.38,44.19],[15.22,44.12],[15.22,44.19],[15.22,44.25],[15.14,44.25],[15.14,44.32],[15.15,44.39],[15.39,44.32]]],[[[15.07,44.45],[15.15,44.45],[15.15,44.39],[15.07,44.39],[15.07,44.45]]],[[[14.99,44.52],[15.07,44.52],[15.07,44.45],[14.99,44.45],[14.99,44.52]]],[[[27.69,36.29],[28.02,36.48],[28.09,36.48],[28.25,36.48],[28.14,36.03],[27.74,35.9],[27.69,36.29]]],[[[27.12,36.93],[27.19,36.8],[26.87,36.67],[27.04,36.93],[27.12,36.93]]],[[[25.34,37.13],[25.42,37.13],[25.57,37.13],[25.56,37.0],[25.33,37.0],[25.34,37.13]]],[[[24.28,37.71],[24.36,37.71],[24.43,37.58],[24.27,37.51],[24.2,37.64],[24.28,37.71]]],[[[24.99,37.71],[25.06,37.71],[25.22,37.71],[25.29,37.51],[25.05,37.51],[24.99,37.71]]],[[[26.08,37.71],[26.16,37.71],[26.31,37.71],[26.3,37.58],[25.99,37.51],[26.08,37.71]]],[[[24.69,38.03],[24.77,38.03],[25.07,37.77],[24.83,37.71],[24.68,37.84],[24.69,38.03]]],[[[25.82,38.48],[25.91,38.67],[25.99,38.67],[26.22,38.55],[26.11,38.16],[25.88,38.16],[25.9,38.48],[25.82,38.48]]],[[[23.56,38.74],[23.48,38.74],[23.49,38.8],[23.57,38.8],[23.56,38.74]]],[[[24.36,39.0],[24.44,39.0],[24.67,38.93],[24.66,38.74],[24.36,38.87],[24.36,39.0]]],[[[26.09,39.0],[26.1,39.13],[25.79,39.19],[26.04,39.38],[26.12,39.38],[26.51,39.32],[26.64,39.0],[26.25,38.93],[26.09,39.0]]],[[[32.04,41.65],[32.19,41.59],[32.69,41.78],[32.63,41.91],[34.78,41.91],[34.88,42.04],[35.12,42.04],[35.09,41.78],[35.31,41.65],[35.95,41.72],[36.21,41.26],[36.77,41.33],[37.07,41.13],[37.23,41.2],[37.21,41.07],[37.77,41.07],[37.83,40.94],[38.16,41.0],[38.3,40.87],[38.78,40.94],[39.05,41.13],[39.74,40.94],[40.37,40.94],[40.39,41.07],[40.54,41.0],[41.05,41.2],[41.24,41.39],[41.23,41.33],[41.26,41.07],[40.58,40.74],[40.39,40.55],[39.59,39.97],[38.84,39.71],[38.3,39.77],[38.16,39.9],[38.08,39.9],[37.76,39.9],[37.34,39.71],[36.82,39.32],[36.8,39.19],[36.56,39.13],[36.54,39.0],[35.74,38.22],[35.73,38.09],[35.81,38.09],[35.69,37.77],[35.54,37.77],[35.36,37.58],[35.35,37.51],[35.03,37.45],[34.78,37.25],[34.66,36.87],[34.58,36.87],[34.25,36.67],[33.98,36.29],[33.27,36.22],[32.71,36.03],[32.56,36.03],[32.5,36.22],[32.07,36.61],[31.09,36.93],[30.62,36.93],[30.49,36.35],[30.03,36.35],[29.94,36.22],[29.24,36.22],[29.12,36.74],[28.74,36.74],[28.59,36.87],[28.36,36.87],[28.19,36.67],[28.03,36.67],[28.14,37.06],[28.07,37.13],[27.6,37.13],[27.54,37.38],[27.22,37.32],[27.31,37.45],[27.16,37.58],[27.26,37.77],[27.18,37.77],[27.28,38.03],[26.89,38.09],[26.82,38.22],[26.43,38.22],[26.38,38.67],[26.54,38.61],[26.59,38.35],[27.06,38.35],[27.08,38.55],[26.85,38.61],[26.96,39.0],[26.88,39.0],[26.89,39.19],[26.74,39.26],[26.85,39.58],[26.13,39.51],[26.27,40.29],[26.6,40.48],[26.68,40.48],[26.67,40.36],[27.47,40.42],[27.54,40.29],[27.7,40.29],[27.79,40.48],[27.95,40.48],[27.94,40.36],[29.05,40.36],[28.9,40.48],[28.91,40.61],[29.39,40.68],[29.49,40.87],[29.25,40.81],[29.1,40.94],[29.12,41.07],[27.53,41.07],[27.02,40.68],[26.92,40.48],[26.77,40.55],[26.93,40.61],[26.85,40.61],[26.77,40.61],[26.78,40.68],[26.7,40.68],[26.62,40.68],[26.55,40.74],[26.14,40.61],[26.08,40.87],[25.85,40.94],[24.35,41.0],[24.01,40.74],[23.7,40.81],[23.68,40.61],[23.84,40.55],[23.74,40.23],[22.96,40.42],[22.89,40.61],[22.57,40.55],[22.54,40.1],[22.7,40.1],[22.61,39.9],[23.14,39.45],[22.82,39.38],[22.8,39.06],[22.96,39.13],[23.49,38.87],[23.33,38.8],[23.03,38.93],[22.94,38.74],[23.17,38.67],[23.31,38.48],[23.63,38.48],[23.56,38.74],[24.03,38.67],[24.18,38.55],[24.16,38.22],[24.0,38.22],[23.98,37.84],[23.44,38.03],[23.21,38.03],[23.2,37.9],[23.04,37.9],[23.11,37.64],[23.34,37.64],[23.4,37.32],[23.17,37.32],[23.18,37.45],[22.95,37.58],[22.71,37.58],[22.7,37.32],[22.85,37.25],[23.06,36.67],[22.83,36.87],[22.6,36.87],[22.51,36.67],[22.36,36.67],[22.22,37.06],[21.91,37.06],[21.9,36.87],[21.74,36.87],[21.68,37.19],[21.6,37.19],[21.7,37.51],[21.24,37.84],[21.42,38.16],[21.73,38.16],[21.74,38.35],[21.19,38.42],[20.97,38.74],[20.74,38.8],[20.91,39.06],[20.3,39.38],[20.15,39.71],[19.92,39.71],[19.91,39.58],[19.76,39.64],[19.76,39.77],[20.0,39.77],[20.01,39.97],[19.63,40.29],[19.47,40.29],[19.49,40.61],[19.25,40.61],[19.25,40.74],[19.5,40.87],[19.42,40.94],[19.53,41.52],[19.46,41.65],[19.85,41.65],[19.84,41.46],[19.92,41.46],[19.84,41.33],[19.99,41.26],[19.9,40.94],[20.06,40.94],[20.13,40.74],[20.52,40.74],[20.6,40.74],[20.75,40.48],[21.45,40.36],[21.86,40.55],[22.25,40.55],[23.16,41.0],[24.52,41.26],[24.78,41.46],[24.81,41.85],[25.21,41.91],[25.22,42.04],[25.71,42.11],[25.93,41.91],[26.57,41.91],[26.9,42.04],[26.91,42.17],[27.57,42.37],[27.65,42.37],[28.0,41.91],[27.98,41.65],[28.22,41.65],[28.28,41.46],[28.51,41.33],[28.98,41.26],[28.96,41.13],[30.48,41.2],[30.62,41.07],[30.86,41.07],[30.87,41.13],[31.35,41.13],[31.53,41.39],[32.03,41.52],[32.04,41.65]],[[31.52,37.38],[31.59,37.38],[31.6,37.45],[31.52,37.45],[31.52,37.38]],[[23.06,38.16],[22.98,38.16],[22.98,38.09],[23.06,38.09],[23.06,38.16]],[[22.91,38.22],[22.75,38.16],[22.84,38.35],[22.51,38.22],[22.6,38.42],[22.29,38.42],[22.44,38.29],[22.44,38.22],[22.59,38.16],[22.66,37.96],[22.97,37.96],[22.91,38.22]],[[22.98,38.22],[22.99,38.29],[22.91,38.29],[22.91,38.22],[22.98,38.22]],[[22.35,38.09],[22.43,38.09],[22.43,38.16],[22.35,38.16],[22.35,38.09]],[[22.2,38.16],[22.28,38.16],[22.28,38.22],[22.2,38.22],[22.2,38.16]],[[22.36,38.22],[22.36,38.29],[22.28,38.29],[22.28,38.22],[22.36,38.22]],[[21.07,39.06],[20.99,39.06],[21.06,38.93],[21.15,39.06],[21.07,39.06]]],[[[25.07,40.03],[25.15,40.03],[25.46,40.03],[25.45,39.84],[24.97,39.84],[25.07,40.03]]],[[[25.72,40.29],[25.8,40.29],[26.04,40.29],[26.02,40.16],[25.7,40.1],[25.72,40.29]]],[[[24.49,40.81],[24.57,40.81],[24.81,40.81],[24.79,40.61],[24.55,40.55],[24.49,40.81]]],[[[33.76,45.04],[33.84,45.04],[33.93,45.04],[34.01,45.04],[34.09,45.04],[34.08,44.97],[34.24,44.97],[34.38,44.78],[34.37,44.71],[34.1,44.52],[33.76,44.45],[33.68,44.45],[33.6,44.45],[33.52,44.45],[33.47,44.65],[33.55,44.65],[33.6,45.04],[33.68,45.04],[33.76,45.04]]]]},"properties":{"id":"territory:Byzantine Empire:866","name":"비잔티움 제국","name_en":"Byzantine Empire","actor":"로마","valid_from":866,"valid_to":870,"wikidata":"Q112039853","area":625927,"src":"cliopatria","confidence":"medium"}},{"type":"Feature","geometry":{"type":"Point","coordinates":[30.394,39.38]},"properties":{"id":"territory:Byzantine Empire:866:label","name":"비잔티움 제국","name_en":"Byzantine Empire","actor":"로마","valid_from":866,"valid_to":870,"wikidata":"Q112039853","area":625927,"src":"cliopatria","confidence":"medium"}},{"type":"Feature","geometry":{"type":"MultiPolygon","coordinates":[[[[22.89,36.42],[22.96,36.42],[23.12,36.35],[23.11,36.16],[22.87,36.16],[22.89,36.42]]],[[[15.21,37.19],[15.21,37.0],[15.13,37.0],[15.13,36.93],[14.9,37.32],[14.91,37.71],[15.07,37.77],[15.07,37.84],[15.23,37.9],[15.07,37.64],[15.06,37.25],[15.21,37.19]]],[[[20.62,37.9],[20.7,37.9],[20.93,37.9],[20.92,37.64],[20.61,37.71],[20.62,37.9]]],[[[20.33,38.35],[20.49,38.42],[20.57,38.42],[20.8,38.29],[20.79,38.09],[20.32,38.16],[20.33,38.35]]],[[[23.57,38.8],[23.56,38.74],[23.48,38.74],[23.49,38.8],[23.57,38.8]]],[[[16.45,39.64],[16.92,39.51],[17.07,39.38],[17.14,39.06],[16.66,38.93],[16.5,38.8],[16.49,38.42],[15.93,37.96],[15.7,37.96],[15.63,38.29],[15.86,38.29],[15.95,38.67],[16.27,38.8],[16.27,38.87],[15.9,39.64],[15.9,39.71],[16.45,39.71],[16.45,39.64]]],[[[20.15,39.64],[20.15,39.58],[20.07,39.58],[20.07,39.64],[20.15,39.64]]],[[[17.81,40.36],[17.42,40.36],[17.34,40.48],[17.59,40.68],[17.83,40.68],[18.21,40.42],[18.21,40.36],[18.44,40.16],[18.35,39.9],[18.11,39.9],[17.81,40.36]]],[[[20.0,41.33],[19.92,41.33],[19.92,41.39],[20.0,41.39],[20.0,41.33]]],[[[17.99,42.76],[17.99,42.82],[18.07,42.82],[18.15,42.82],[18.15,42.76],[18.15,42.69],[18.07,42.69],[18.07,42.76],[17.99,42.76]]],[[[17.51,42.76],[17.51,42.82],[17.59,42.82],[17.59,42.76],[17.51,42.76]]],[[[16.72,43.21],[16.8,43.21],[17.12,43.21],[17.12,43.08],[16.72,43.08],[16.72,43.21]]],[[[16.73,43.41],[16.73,43.47],[16.81,43.47],[16.81,43.41],[16.81,43.34],[16.73,43.34],[16.73,43.41]]],[[[15.93,43.6],[15.93,43.67],[16.66,43.67],[16.65,43.54],[16.57,43.54],[16.25,43.6],[16.17,43.47],[15.93,43.47],[16.01,43.6],[15.93,43.6]]],[[[15.39,44.32],[15.38,44.19],[15.22,44.12],[15.22,44.19],[15.22,44.25],[15.14,44.25],[15.14,44.32],[15.15,44.39],[15.39,44.32]]],[[[15.07,44.45],[15.15,44.45],[15.15,44.39],[15.07,44.39],[15.07,44.45]]],[[[14.99,44.52],[15.07,44.52],[15.07,44.45],[14.99,44.45],[14.99,44.52]]],[[[27.69,36.29],[28.02,36.48],[28.09,36.48],[28.25,36.48],[28.14,36.03],[27.74,35.9],[27.69,36.29]]],[[[27.12,36.93],[27.19,36.8],[26.87,36.67],[27.04,36.93],[27.12,36.93]]],[[[25.34,37.13],[25.42,37.13],[25.57,37.13],[25.56,37.0],[25.33,37.0],[25.34,37.13]]],[[[24.28,37.71],[24.36,37.71],[24.43,37.58],[24.27,37.51],[24.2,37.64],[24.28,37.71]]],[[[24.99,37.71],[25.06,37.71],[25.22,37.71],[25.29,37.51],[25.05,37.51],[24.99,37.71]]],[[[26.08,37.71],[26.16,37.71],[26.31,37.71],[26.3,37.58],[25.99,37.51],[26.08,37.71]]],[[[24.69,38.03],[24.77,38.03],[25.07,37.77],[24.83,37.71],[24.68,37.84],[24.69,38.03]]],[[[25.9,38.48],[25.82,38.48],[25.91,38.67],[25.99,38.67],[26.22,38.55],[26.11,38.16],[25.88,38.16],[25.9,38.48]]],[[[24.36,39.0],[24.44,39.0],[24.67,38.93],[24.66,38.74],[24.36,38.87],[24.36,39.0]]],[[[26.09,39.0],[26.1,39.13],[25.79,39.19],[26.04,39.38],[26.12,39.38],[26.51,39.32],[26.64,39.0],[26.25,38.93],[26.09,39.0]]],[[[32.04,41.65],[32.19,41.59],[32.69,41.78],[32.63,41.91],[34.78,41.91],[34.88,42.04],[35.12,42.04],[35.09,41.78],[35.31,41.65],[35.95,41.72],[36.21,41.26],[36.77,41.33],[37.07,41.13],[37.23,41.2],[37.21,41.07],[37.77,41.07],[37.83,40.94],[38.16,41.0],[38.3,40.87],[38.78,40.94],[39.05,41.13],[39.74,40.94],[40.37,40.94],[40.39,41.07],[40.54,41.0],[41.05,41.2],[41.24,41.39],[41.23,41.33],[41.26,41.07],[40.58,40.74],[40.39,40.55],[39.59,39.97],[38.84,39.71],[38.3,39.77],[38.16,39.9],[38.08,39.9],[37.76,39.9],[37.34,39.71],[36.82,39.32],[36.8,39.19],[36.56,39.13],[36.54,39.0],[35.74,38.22],[35.73,38.09],[35.81,38.09],[35.69,37.77],[35.54,37.77],[35.36,37.58],[35.35,37.51],[35.03,37.45],[34.78,37.25],[34.66,36.87],[34.58,36.87],[34.25,36.67],[33.98,36.29],[33.27,36.22],[32.71,36.03],[32.56,36.03],[32.5,36.22],[32.07,36.61],[31.09,36.93],[30.62,36.93],[30.49,36.35],[30.03,36.35],[29.94,36.22],[29.24,36.22],[29.12,36.74],[28.74,36.74],[28.59,36.87],[28.36,36.87],[28.19,36.67],[28.03,36.67],[28.14,37.06],[28.07,37.13],[27.6,37.13],[27.54,37.38],[27.22,37.32],[27.31,37.45],[27.16,37.58],[27.26,37.77],[27.18,37.77],[27.28,38.03],[26.89,38.09],[26.82,38.22],[26.43,38.22],[26.38,38.67],[26.54,38.61],[26.59,38.35],[27.06,38.35],[27.08,38.55],[26.85,38.61],[26.96,39.0],[26.88,39.0],[26.89,39.19],[26.74,39.26],[26.85,39.58],[26.13,39.51],[26.27,40.29],[26.6,40.48],[26.68,40.48],[26.67,40.36],[27.47,40.42],[27.54,40.29],[27.7,40.29],[27.79,40.48],[27.95,40.48],[27.94,40.36],[29.05,40.36],[28.9,40.48],[28.91,40.61],[29.39,40.68],[29.49,40.87],[29.25,40.81],[29.1,40.94],[29.12,41.07],[27.53,41.07],[27.02,40.68],[26.92,40.48],[26.77,40.55],[26.93,40.61],[26.85,40.61],[26.77,40.61],[26.78,40.68],[26.7,40.68],[26.62,40.68],[26.55,40.74],[26.14,40.61],[26.08,40.87],[25.85,40.94],[24.35,41.0],[24.01,40.74],[23.7,40.81],[23.68,40.61],[23.84,40.55],[23.74,40.23],[22.96,40.42],[22.89,40.61],[22.57,40.55],[22.54,40.1],[22.7,40.1],[22.61,39.9],[23.14,39.45],[22.82,39.38],[22.8,39.06],[22.96,39.13],[23.49,38.87],[23.33,38.8],[23.03,38.93],[22.94,38.74],[23.17,38.67],[23.31,38.48],[23.63,38.48],[23.56,38.74],[24.03,38.67],[24.18,38.55],[24.16,38.22],[24.0,38.22],[23.98,37.84],[23.44,38.03],[23.21,38.03],[23.2,37.9],[23.04,37.9],[23.11,37.64],[23.34,37.64],[23.4,37.32],[23.17,37.32],[23.18,37.45],[22.95,37.58],[22.71,37.58],[22.7,37.32],[22.85,37.25],[23.06,36.67],[22.83,36.87],[22.6,36.87],[22.51,36.67],[22.36,36.67],[22.22,37.06],[21.91,37.06],[21.9,36.87],[21.74,36.87],[21.68,37.19],[21.6,37.19],[21.7,37.51],[21.24,37.84],[21.42,38.16],[21.73,38.16],[21.74,38.35],[21.19,38.42],[20.97,38.74],[20.74,38.8],[20.91,39.06],[20.3,39.38],[20.15,39.71],[19.92,39.71],[19.91,39.58],[19.76,39.64],[19.76,39.77],[20.0,39.77],[20.01,39.97],[19.63,40.29],[19.47,40.29],[19.49,40.61],[19.25,40.61],[19.25,40.74],[19.5,40.87],[19.44,41.26],[19.52,41.39],[19.44,41.39],[19.53,41.52],[19.45,41.52],[19.54,41.78],[19.39,41.91],[19.63,41.98],[19.94,41.72],[19.85,41.52],[19.92,41.46],[19.84,41.33],[19.99,41.26],[19.9,40.94],[20.06,40.94],[20.13,40.74],[20.52,40.74],[20.6,40.74],[20.75,40.48],[21.45,40.36],[21.86,40.55],[22.25,40.55],[23.16,41.0],[24.52,41.26],[24.78,41.46],[24.81,41.85],[25.21,41.91],[25.22,42.04],[25.71,42.11],[25.93,41.91],[26.57,41.91],[26.9,42.04],[26.91,42.17],[27.57,42.37],[27.65,42.37],[28.0,41.91],[27.98,41.65],[28.22,41.65],[28.28,41.46],[28.51,41.33],[28.98,41.26],[28.96,41.13],[30.48,41.2],[30.62,41.07],[30.86,41.07],[30.87,41.13],[31.35,41.13],[31.53,41.39],[32.03,41.52],[32.04,41.65]],[[31.52,37.38],[31.59,37.38],[31.6,37.45],[31.52,37.45],[31.52,37.38]],[[23.06,38.16],[22.98,38.16],[22.98,38.09],[23.06,38.09],[23.06,38.16]],[[22.91,38.22],[22.75,38.16],[22.84,38.35],[22.51,38.22],[22.6,38.42],[22.29,38.42],[22.44,38.29],[22.44,38.22],[22.59,38.16],[22.66,37.96],[22.97,37.96],[22.91,38.22]],[[22.98,38.22],[22.99,38.29],[22.91,38.29],[22.91,38.22],[22.98,38.22]],[[22.35,38.09],[22.43,38.09],[22.43,38.16],[22.35,38.16],[22.35,38.09]],[[22.2,38.16],[22.28,38.16],[22.28,38.22],[22.2,38.22],[22.2,38.16]],[[22.36,38.22],[22.36,38.29],[22.28,38.29],[22.28,38.22],[22.36,38.22]],[[21.07,39.06],[20.99,39.06],[21.06,38.93],[21.15,39.06],[21.07,39.06]]],[[[25.07,40.03],[25.15,40.03],[25.46,40.03],[25.45,39.84],[24.97,39.84],[25.07,40.03]]],[[[25.72,40.29],[25.8,40.29],[26.04,40.29],[26.02,40.16],[25.7,40.1],[25.72,40.29]]],[[[24.49,40.81],[24.57,40.81],[24.81,40.81],[24.79,40.61],[24.55,40.55],[24.49,40.81]]],[[[33.76,45.04],[33.84,45.04],[33.93,45.04],[34.01,45.04],[34.09,45.04],[34.08,44.97],[34.24,44.97],[34.38,44.78],[34.37,44.71],[34.1,44.52],[33.76,44.45],[33.68,44.45],[33.6,44.45],[33.52,44.45],[33.47,44.65],[33.55,44.65],[33.6,45.04],[33.68,45.04],[33.76,45.04]]]]},"properties":{"id":"territory:Byzantine Empire:870","name":"비잔티움 제국","name_en":"Byzantine Empire","actor":"로마","valid_from":870,"valid_to":875,"wikidata":"Q112039853","area":624974,"src":"cliopatria","confidence":"medium"}},{"type":"Feature","geometry":{"type":"Point","coordinates":[30.374,39.384]},"properties":{"id":"territory:Byzantine Empire:870:label","name":"비잔티움 제국","name_en":"Byzantine Empire","actor":"로마","valid_from":870,"valid_to":875,"wikidata":"Q112039853","area":624974,"src":"cliopatria","confidence":"medium"}},{"type":"Feature","geometry":{"type":"MultiPolygon","coordinates":[[[[9.49,42.76],[9.57,42.76],[9.58,41.98],[9.5,41.98],[9.5,41.78],[9.26,41.39],[9.1,41.33],[8.78,41.52],[8.78,41.72],[8.62,41.72],[8.7,41.91],[8.54,42.11],[8.53,42.5],[8.77,42.69],[9.17,42.76],[9.25,43.02],[9.33,43.02],[9.49,43.02],[9.49,42.76]]],[[[10.46,42.69],[10.21,42.69],[10.13,42.89],[10.21,42.89],[10.46,42.89],[10.46,42.69]]],[[[5.04,46.41],[4.82,45.96],[4.65,46.09],[4.4,46.09],[4.33,45.96],[3.92,45.96],[3.93,45.63],[4.01,45.63],[3.94,45.37],[4.35,45.3],[4.36,45.1],[4.12,44.91],[3.96,44.91],[3.97,44.65],[4.22,44.39],[4.47,44.32],[4.48,44.12],[4.73,43.93],[4.57,43.73],[4.41,43.73],[4.34,43.47],[4.26,43.47],[4.17,43.6],[3.85,43.6],[2.98,43.15],[3.01,42.56],[3.18,42.37],[3.1,42.24],[3.11,42.17],[2.94,42.43],[2.46,42.37],[1.49,42.63],[1.07,42.82],[0.67,42.82],[0.6,42.69],[-0.12,42.76],[-0.77,42.89],[-0.86,43.02],[-1.69,43.34],[-1.69,43.41],[-1.46,43.54],[-1.4,43.86],[-1.32,43.86],[-1.35,44.25],[-1.27,44.25],[-1.29,44.52],[-1.21,44.52],[-1.25,45.17],[-1.17,45.17],[-1.19,45.43],[-1.03,45.5],[-1.05,45.69],[-1.21,45.76],[-1.14,45.89],[-1.22,45.89],[-1.25,46.28],[-1.67,46.35],[-2.19,46.81],[-2.14,47.14],[-2.23,47.2],[-2.23,47.27],[-1.24,47.27],[-1.25,47.4],[-0.93,47.53],[-0.36,47.53],[-0.37,47.73],[-0.22,47.86],[-0.22,47.99],[-0.73,48.13],[-1.08,48.39],[-1.04,48.92],[-1.21,48.99],[-1.25,49.38],[-1.17,49.45],[-1.08,49.45],[0.01,49.38],[-0.01,49.65],[0.22,49.85],[1.05,49.98],[1.45,50.25],[1.42,50.71],[1.66,51.05],[2.58,51.18],[2.74,51.31],[3.32,51.45],[3.41,51.45],[3.5,51.25],[4.26,51.31],[4.03,50.78],[3.54,50.58],[3.55,50.38],[3.63,50.38],[3.64,50.31],[3.82,50.05],[4.58,49.91],[4.68,49.45],[5.03,49.12],[4.87,48.99],[4.88,48.52],[5.3,48.39],[5.47,48.26],[5.48,48.06],[6.98,47.86],[7.14,48.06],[7.04,48.52],[7.21,48.59],[7.2,48.92],[7.53,49.05],[8.11,48.99],[8.12,48.65],[8.45,48.59],[8.78,48.65],[8.95,48.85],[9.78,49.18],[9.86,49.32],[10.28,49.38],[10.44,49.32],[10.61,48.59],[10.11,48.46],[9.95,47.86],[9.87,47.86],[9.95,47.8],[9.95,47.73],[9.54,47.4],[9.63,46.94],[9.38,46.68],[9.39,46.41],[10.04,46.28],[10.12,46.41],[10.04,46.41],[10.04,46.61],[10.86,46.55],[11.6,46.68],[13.65,46.55],[13.73,46.48],[13.64,46.35],[13.96,45.96],[13.96,45.76],[14.28,45.56],[14.28,45.43],[14.28,45.37],[14.2,45.37],[14.19,45.04],[14.03,45.04],[13.95,45.04],[13.63,45.5],[13.71,45.5],[13.71,45.76],[13.14,45.82],[13.14,45.69],[13.06,45.69],[12.98,45.82],[12.74,45.82],[12.16,45.69],[12.0,45.56],[12.0,45.37],[12.16,45.37],[12.16,45.3],[12.16,45.17],[12.4,45.04],[12.4,44.78],[12.16,44.84],[12.15,44.45],[12.31,44.19],[12.87,43.8],[13.04,43.86],[13.03,43.73],[13.51,43.54],[13.51,43.47],[13.27,43.41],[13.19,43.54],[12.55,43.6],[12.55,43.47],[12.22,43.41],[11.82,43.34],[11.98,43.02],[11.9,43.02],[11.9,42.95],[11.9,42.89],[11.9,42.82],[11.98,42.82],[11.98,42.76],[11.66,42.56],[11.57,42.37],[11.49,42.37],[11.26,42.43],[11.18,42.63],[11.02,42.63],[11.02,42.82],[10.54,43.08],[10.21,43.99],[9.89,43.99],[9.97,44.12],[9.73,44.12],[9.16,44.45],[8.43,44.39],[8.03,43.93],[7.63,43.8],[7.55,43.8],[7.63,44.19],[7.3,44.12],[6.98,44.25],[6.89,44.65],[6.97,44.65],[6.97,44.84],[6.64,44.97],[6.71,45.17],[7.12,45.3],[7.11,45.5],[6.78,45.69],[6.78,45.82],[6.94,45.89],[6.85,46.28],[6.68,46.41],[6.27,46.41],[6.12,46.22],[5.95,46.35],[5.7,46.28],[5.36,46.87],[5.19,46.81],[5.29,46.48],[5.04,46.41]]],[[[-15.58,64.35],[-15.48,64.35],[-15.46,64.28],[-15.56,64.28],[-15.58,64.35]]],[[[-15.41,64.42],[-15.31,64.42],[-15.29,64.35],[-15.39,64.35],[-15.41,64.42]]],[[[-23.01,66.03],[-23.45,66.18],[-23.48,66.25],[-23.06,66.18],[-23.01,66.03]]]]},"properties":{"id":"territory:West Franks:880","name":"서프랑크","name_en":"West Franks","actor":"게르만","valid_from":880,"valid_to":882,"wikidata":"Q46370","area":621556,"src":"cliopatria","confidence":"medium"}},{"type":"Feature","geometry":{"type":"Point","coordinates":[4.65,46.449]},"properties":{"id":"territory:West Franks:880:label","name":"서프랑크","name_en":"West Franks","actor":"게르만","valid_from":880,"valid_to":882,"wikidata":"Q46370","area":621556,"src":"cliopatria","confidence":"medium"}},{"type":"Feature","geometry":{"type":"MultiPolygon","coordinates":[[[[9.49,42.76],[9.57,42.76],[9.58,41.98],[9.5,41.98],[9.5,41.78],[9.26,41.39],[9.1,41.33],[8.78,41.52],[8.78,41.72],[8.62,41.72],[8.7,41.91],[8.54,42.11],[8.53,42.5],[8.77,42.69],[9.17,42.76],[9.25,43.02],[9.33,43.02],[9.49,43.02],[9.49,42.76]]],[[[10.46,42.69],[10.21,42.69],[10.13,42.89],[10.21,42.89],[10.46,42.89],[10.46,42.69]]],[[[14.28,45.56],[14.28,45.43],[14.28,45.37],[14.2,45.37],[14.19,45.04],[14.03,45.04],[13.95,45.04],[13.63,45.5],[13.71,45.5],[13.71,45.76],[13.14,45.82],[13.14,45.69],[13.06,45.69],[12.98,45.82],[12.74,45.82],[12.16,45.69],[12.0,45.56],[12.0,45.37],[12.16,45.37],[12.16,45.3],[12.16,45.17],[12.4,45.04],[12.4,44.78],[12.16,44.84],[12.15,44.45],[12.31,44.19],[12.87,43.8],[13.04,43.86],[13.03,43.73],[13.51,43.54],[13.51,43.47],[13.27,43.41],[13.19,43.54],[12.55,43.6],[12.55,43.47],[12.22,43.41],[11.82,43.34],[11.82,43.21],[11.98,43.15],[12.06,42.76],[11.74,42.63],[11.57,42.37],[11.49,42.37],[11.26,42.43],[11.18,42.63],[11.02,42.63],[11.02,42.82],[10.54,43.08],[10.21,43.99],[9.89,43.99],[9.97,44.12],[9.73,44.12],[9.16,44.45],[8.43,44.39],[8.03,43.93],[7.63,43.8],[7.55,43.8],[7.63,44.19],[7.3,44.12],[6.98,44.25],[6.89,44.65],[6.97,44.65],[6.97,44.84],[6.64,44.97],[6.71,45.17],[7.12,45.3],[7.11,45.5],[6.78,45.69],[6.78,45.82],[6.94,45.96],[7.84,45.96],[8.08,46.09],[8.08,46.22],[8.32,46.41],[8.49,46.35],[8.49,46.15],[8.65,46.15],[8.98,45.89],[9.3,46.48],[10.04,46.28],[10.12,46.41],[10.04,46.41],[10.04,46.61],[10.86,46.55],[11.6,46.68],[12.58,46.68],[13.07,46.55],[13.65,46.55],[13.73,46.48],[13.64,46.35],[13.8,46.22],[13.88,45.96],[13.96,45.96],[13.96,45.76],[14.28,45.56]]],[[[4.58,49.91],[4.68,49.45],[5.03,49.12],[4.87,48.99],[4.88,48.52],[5.22,48.46],[5.47,48.26],[5.48,48.06],[5.65,48.06],[5.82,47.86],[5.82,47.73],[5.58,47.66],[5.59,47.14],[5.19,46.81],[5.29,46.55],[5.29,46.48],[5.21,46.48],[5.21,46.41],[5.13,46.41],[5.04,46.41],[5.05,46.35],[4.89,46.22],[4.82,45.96],[4.65,46.09],[4.4,46.09],[4.33,45.96],[3.92,45.96],[3.93,45.63],[4.01,45.63],[3.94,45.37],[4.35,45.3],[4.36,45.1],[4.12,44.91],[3.96,44.91],[3.97,44.65],[4.22,44.39],[4.47,44.32],[4.48,44.12],[4.73,43.93],[4.57,43.73],[4.41,43.73],[4.34,43.47],[4.26,43.47],[4.17,43.6],[3.85,43.6],[2.98,43.15],[3.01,42.56],[3.18,42.37],[3.12,41.91],[2.57,41.59],[2.33,41.59],[2.11,41.33],[1.87,41.26],[1.79,41.26],[1.37,41.85],[0.72,41.91],[0.56,42.04],[0.16,41.98],[0.07,42.11],[-0.49,42.24],[-0.19,42.5],[-0.12,42.76],[-0.77,42.89],[-0.86,43.02],[-1.69,43.34],[-1.69,43.41],[-1.46,43.54],[-1.4,43.86],[-1.32,43.86],[-1.35,44.25],[-1.27,44.25],[-1.29,44.52],[-1.21,44.52],[-1.25,45.17],[-1.17,45.17],[-1.19,45.43],[-1.03,45.5],[-1.05,45.69],[-1.21,45.76],[-1.14,45.89],[-1.22,45.89],[-1.25,46.28],[-1.67,46.35],[-2.19,46.81],[-2.21,47.01],[-2.13,47.01],[-1.31,47.01],[-1.25,47.4],[-0.93,47.53],[-0.36,47.53],[-0.82,48.26],[-1.6,48.65],[-1.61,48.72],[-1.72,49.05],[-1.64,49.05],[-1.65,49.25],[-1.91,49.38],[-2.03,49.78],[-1.36,49.78],[-1.25,49.45],[0.01,49.38],[-0.01,49.65],[0.22,49.85],[1.05,49.98],[1.45,50.25],[1.42,50.71],[1.66,51.05],[2.58,51.18],[2.74,51.31],[3.32,51.45],[3.41,51.45],[3.5,51.25],[4.26,51.31],[4.03,50.78],[3.54,50.58],[3.64,50.31],[3.64,50.25],[3.99,49.98],[4.58,49.91]]],[[[-15.58,64.35],[-15.48,64.35],[-15.46,64.28],[-15.56,64.28],[-15.58,64.35]]],[[[-15.41,64.42],[-15.31,64.42],[-15.29,64.35],[-15.39,64.35],[-15.41,64.42]]],[[[-23.06,66.18],[-23.04,66.11],[-23.13,66.11],[-23.16,66.18],[-23.06,66.18]]],[[[-23.28,66.25],[-23.26,66.18],[-23.35,66.18],[-23.38,66.25],[-23.28,66.25]]]]},"properties":{"id":"territory:West Franks:860","name":"서프랑크","name_en":"West Franks","actor":"게르만","valid_from":860,"valid_to":866,"wikidata":"Q46370","area":566251,"src":"cliopatria","confidence":"medium"}},{"type":"Feature","geometry":{"type":"Point","coordinates":[1.779,46.478]},"properties":{"id":"territory:West Franks:860:label","name":"서프랑크","name_en":"West Franks","actor":"게르만","valid_from":860,"valid_to":866,"wikidata":"Q46370","area":566251,"src":"cliopatria","confidence":"medium"}},{"type":"Feature","geometry":{"type":"MultiPolygon","coordinates":[[[[39.29,60.42],[39.32,60.21],[39.74,60.07],[39.86,59.85],[40.28,59.71],[40.61,59.29],[41.02,59.16],[41.21,58.88],[41.39,58.88],[41.67,58.6],[41.63,58.46],[41.86,58.32],[41.82,58.18],[41.98,58.11],[41.97,57.77],[42.11,57.63],[42.0,56.94],[42.14,56.8],[42.04,56.46],[41.67,56.05],[41.59,55.77],[41.35,55.84],[41.14,55.7],[40.87,55.7],[40.68,55.63],[40.65,55.5],[40.05,55.57],[39.77,55.5],[39.74,55.36],[37.99,55.36],[37.08,55.23],[36.88,55.09],[36.72,55.16],[36.34,55.02],[34.65,54.89],[33.73,54.61],[33.05,54.68],[32.23,54.48],[32.08,54.14],[31.99,54.14],[32.02,53.8],[31.7,53.46],[31.67,53.26],[31.75,53.26],[31.6,52.86],[31.69,52.86],[31.61,52.38],[31.9,52.12],[31.74,51.65],[31.73,51.05],[31.44,50.78],[31.49,50.58],[31.14,50.51],[31.13,50.45],[30.95,50.31],[30.37,50.38],[30.25,50.71],[30.26,50.78],[30.17,50.78],[30.27,51.45],[30.19,51.51],[30.37,51.58],[30.44,51.98],[30.01,52.52],[29.68,52.65],[29.79,52.79],[29.49,53.06],[29.38,53.46],[29.06,53.6],[29.17,53.8],[28.96,54.07],[28.98,54.21],[28.89,54.21],[28.91,54.34],[28.82,54.34],[28.84,54.48],[28.76,54.48],[28.79,54.68],[28.64,54.82],[28.66,54.95],[28.35,55.23],[28.17,55.77],[28.08,55.77],[28.12,55.98],[27.96,56.11],[28.11,56.52],[27.96,56.66],[28.07,56.8],[27.98,56.8],[28.0,56.94],[27.91,56.94],[27.99,57.42],[27.9,57.42],[27.97,57.83],[27.88,57.83],[28.01,58.11],[27.85,58.25],[27.97,58.39],[27.72,58.53],[27.8,59.02],[27.71,59.02],[27.74,59.22],[28.04,59.36],[28.06,59.5],[27.88,59.5],[27.93,59.78],[28.29,59.78],[28.41,59.92],[28.85,59.85],[29.16,60.07],[29.15,60.0],[29.77,59.92],[29.76,59.85],[30.14,59.92],[30.38,59.78],[30.84,59.78],[31.1,60.21],[31.82,60.14],[31.98,60.49],[33.18,60.91],[35.36,61.19],[35.2,60.91],[35.57,60.91],[35.9,61.12],[36.08,61.12],[36.12,61.26],[36.43,61.41],[37.33,61.34],[37.31,61.26],[38.32,60.91],[38.38,60.77],[38.89,60.63],[38.94,60.49],[39.03,60.49],[39.29,60.42]]],[[[27.89,56.8],[27.98,56.8],[27.97,56.73],[27.88,56.73],[27.89,56.8]]],[[[32.9,60.91],[32.99,60.91],[32.98,60.84],[32.89,60.84],[32.9,60.91]]],[[[38.34,60.98],[38.44,60.98],[38.42,60.91],[38.32,60.91],[38.34,60.98]]],[[[33.48,61.05],[33.58,61.05],[33.56,60.98],[33.47,60.98],[33.48,61.05]]]]},"properties":{"id":"territory:Kievan Rus':882","name":"키예프 루스","name_en":"Kievan Rus'","actor":"기타중립","valid_from":882,"valid_to":884,"wikidata":"Q1108445","area":560045,"src":"cliopatria","confidence":"medium"}},{"type":"Feature","geometry":{"type":"Point","coordinates":[34.257,57.26]},"properties":{"id":"territory:Kievan Rus':882:label","name":"키예프 루스","name_en":"Kievan Rus'","actor":"기타중립","valid_from":882,"valid_to":884,"wikidata":"Q1108445","area":560045,"src":"cliopatria","confidence":"medium"}},{"type":"Feature","geometry":{"type":"Polygon","coordinates":[[[11.73,53.06],[10.36,53.46],[10.36,53.6],[10.19,53.66],[10.19,53.87],[10.01,53.94],[10.1,54.34],[9.15,54.21],[8.89,54.34],[8.8,54.21],[8.8,54.14],[8.89,53.87],[8.46,53.94],[8.38,53.66],[8.21,53.6],[7.94,53.73],[7.08,53.73],[6.91,53.6],[6.92,53.46],[6.23,53.53],[5.54,53.39],[5.21,53.12],[5.39,52.99],[5.39,52.86],[5.14,52.79],[5.06,52.65],[4.88,52.79],[4.87,52.99],[4.7,52.99],[4.45,52.72],[4.46,52.52],[4.22,52.32],[4.22,52.18],[3.97,52.05],[3.98,51.92],[3.81,51.92],[3.82,51.78],[3.65,51.78],[3.74,51.65],[3.4,51.65],[3.41,51.51],[3.75,51.45],[3.49,51.45],[3.41,51.45],[3.5,51.25],[4.26,51.31],[4.03,50.78],[3.54,50.58],[3.55,50.38],[3.63,50.38],[3.64,50.31],[3.82,50.05],[4.58,49.91],[4.68,49.45],[5.03,49.12],[4.87,48.99],[4.88,48.52],[5.22,48.46],[5.47,48.26],[5.48,48.06],[5.65,48.06],[5.82,47.86],[6.31,47.99],[6.98,47.86],[7.15,47.47],[7.48,47.53],[7.73,47.4],[7.65,47.07],[7.9,46.94],[7.98,46.94],[8.31,46.94],[8.4,46.41],[8.49,46.15],[8.65,46.15],[8.9,45.89],[9.14,46.09],[9.3,46.48],[10.04,46.28],[10.12,46.41],[10.04,46.41],[10.04,46.61],[10.86,46.55],[11.6,46.68],[12.58,46.68],[13.07,46.55],[13.65,46.55],[13.73,46.48],[13.64,46.35],[13.96,45.96],[13.96,45.76],[14.28,45.56],[14.28,45.43],[14.93,45.43],[15.09,45.3],[15.42,45.3],[15.57,45.1],[15.98,45.1],[16.14,44.97],[16.46,44.97],[16.54,44.84],[16.78,44.91],[16.86,44.91],[17.35,44.91],[17.52,45.04],[17.76,44.97],[17.93,45.1],[18.74,45.04],[18.81,44.84],[19.06,44.91],[19.14,44.91],[19.24,45.3],[19.0,45.37],[19.0,45.5],[18.92,45.5],[18.93,45.56],[18.78,45.89],[18.86,45.89],[19.05,46.41],[18.81,46.61],[18.84,47.07],[19.17,47.2],[19.19,47.47],[19.03,47.53],[18.95,47.73],[17.71,47.73],[17.06,47.99],[16.99,48.13],[16.66,48.32],[15.5,48.19],[14.92,48.32],[14.93,48.59],[15.27,48.85],[15.27,48.99],[14.94,48.99],[14.85,48.72],[14.6,48.59],[14.18,48.59],[12.53,49.52],[12.53,49.65],[12.37,49.71],[12.37,49.98],[12.2,50.05],[12.12,50.25],[12.12,50.31],[11.96,50.38],[11.96,50.51],[12.3,50.65],[12.3,50.78],[12.13,50.85],[12.13,51.05],[11.29,51.38],[11.38,51.58],[11.55,51.65],[11.55,51.85],[11.8,51.98],[11.55,52.18],[11.73,52.99],[11.73,53.06]]]},"properties":{"id":"territory:East Franks:898","name":"동프랑크","name_en":"East Franks","actor":"게르만","valid_from":898,"valid_to":899,"wikidata":"Q153080","area":559419,"src":"cliopatria","confidence":"medium"}},{"type":"Feature","geometry":{"type":"Point","coordinates":[10.491,49.336]},"properties":{"id":"territory:East Franks:898:label","name":"동프랑크","name_en":"East Franks","actor":"게르만","valid_from":898,"valid_to":899,"wikidata":"Q153080","area":559419,"src":"cliopatria","confidence":"medium"}},{"type":"Feature","geometry":{"type":"Polygon","coordinates":[[[11.73,52.99],[11.73,52.65],[11.64,52.65],[11.64,52.32],[11.55,52.32],[11.55,52.18],[11.72,52.05],[11.8,52.05],[11.55,51.85],[11.55,51.65],[11.29,51.51],[11.29,51.31],[12.13,51.05],[12.21,50.65],[12.04,50.51],[11.96,50.51],[11.96,50.45],[11.96,50.38],[12.04,50.38],[12.04,50.25],[12.37,49.98],[12.37,49.71],[12.53,49.65],[12.53,49.52],[13.11,49.25],[13.28,49.05],[13.44,49.05],[13.61,48.85],[14.18,48.65],[14.18,48.52],[14.51,48.39],[14.51,48.26],[15.17,48.32],[15.5,48.19],[16.08,48.19],[16.66,48.32],[17.06,47.99],[17.71,47.73],[18.95,47.73],[19.03,47.53],[19.19,47.47],[19.17,47.2],[18.84,47.07],[18.81,46.61],[19.05,46.41],[18.86,45.89],[18.78,45.89],[18.93,45.56],[18.92,45.5],[19.0,45.5],[19.0,45.37],[19.24,45.3],[19.14,44.91],[19.06,44.91],[18.81,44.84],[18.74,45.04],[18.5,45.1],[16.86,44.91],[16.78,44.91],[16.54,44.84],[16.46,44.97],[16.14,44.97],[15.98,45.1],[15.57,45.1],[15.42,45.3],[15.09,45.3],[14.93,45.43],[14.28,45.43],[14.28,45.56],[13.96,45.76],[13.96,45.96],[13.64,46.35],[13.73,46.48],[13.65,46.55],[12.58,46.61],[10.04,46.61],[10.04,46.41],[10.12,46.41],[10.04,46.28],[9.3,46.48],[8.98,45.89],[8.65,46.15],[8.49,46.15],[8.4,46.41],[8.31,46.94],[7.98,46.94],[7.9,46.94],[7.65,47.07],[7.73,47.4],[7.48,47.53],[7.15,47.47],[6.98,47.86],[6.31,47.99],[5.82,47.86],[5.65,48.06],[5.48,48.06],[5.47,48.26],[5.22,48.46],[4.88,48.52],[4.87,48.99],[5.03,49.12],[4.68,49.45],[4.58,49.91],[3.82,50.05],[3.64,50.31],[3.63,50.38],[3.55,50.38],[3.54,50.58],[4.03,50.78],[4.26,51.31],[3.5,51.25],[3.41,51.45],[3.49,51.45],[3.75,51.45],[3.41,51.51],[3.4,51.65],[3.74,51.65],[3.65,51.78],[3.82,51.78],[3.81,51.92],[3.98,51.92],[3.97,52.05],[4.22,52.18],[4.22,52.32],[4.46,52.52],[4.45,52.72],[4.7,52.99],[4.87,52.99],[4.88,52.79],[5.06,52.65],[5.14,52.79],[5.39,52.86],[5.39,52.99],[5.21,53.12],[5.54,53.39],[6.23,53.53],[6.92,53.46],[6.91,53.6],[7.08,53.73],[7.94,53.73],[8.21,53.6],[8.38,53.66],[8.46,53.94],[8.89,53.87],[8.8,54.14],[8.8,54.21],[8.89,54.34],[9.15,54.21],[10.1,54.34],[10.01,53.94],[10.19,53.87],[10.19,53.66],[10.36,53.6],[10.36,53.46],[11.73,53.06],[11.73,52.99]]]},"properties":{"id":"territory:East Franks:892","name":"동프랑크","name_en":"East Franks","actor":"게르만","valid_from":892,"valid_to":896,"wikidata":"Q153080","area":556608,"src":"cliopatria","confidence":"medium"}},{"type":"Feature","geometry":{"type":"Point","coordinates":[10.469,49.339]},"properties":{"id":"territory:East Franks:892:label","name":"동프랑크","name_en":"East Franks","actor":"게르만","valid_from":892,"valid_to":896,"wikidata":"Q153080","area":556608,"src":"cliopatria","confidence":"medium"}},{"type":"Feature","geometry":{"type":"Polygon","coordinates":[[[11.73,53.06],[10.36,53.46],[10.36,53.6],[10.19,53.66],[10.19,53.87],[10.01,53.94],[10.1,54.34],[9.15,54.21],[8.89,54.34],[8.8,54.21],[8.8,54.14],[8.89,53.87],[8.46,53.94],[8.38,53.66],[8.21,53.6],[7.94,53.73],[7.08,53.73],[6.91,53.6],[6.92,53.46],[6.23,53.53],[5.54,53.39],[5.21,53.12],[5.39,52.99],[5.39,52.86],[5.14,52.79],[5.06,52.65],[4.88,52.79],[4.87,52.99],[4.7,52.99],[4.45,52.72],[4.46,52.52],[4.22,52.32],[4.22,52.18],[3.97,52.05],[3.98,51.92],[3.81,51.92],[3.82,51.78],[3.65,51.78],[3.74,51.65],[3.4,51.65],[3.41,51.51],[3.75,51.45],[3.49,51.45],[3.41,51.45],[3.5,51.25],[4.26,51.31],[4.03,50.78],[3.54,50.58],[3.55,50.38],[3.63,50.38],[3.64,50.31],[3.82,50.05],[4.58,49.91],[4.68,49.45],[5.03,49.12],[4.87,48.99],[4.88,48.52],[5.22,48.46],[5.47,48.26],[5.48,48.06],[5.65,48.06],[5.82,47.86],[6.31,47.99],[6.98,47.86],[7.15,47.47],[7.48,47.53],[7.73,47.4],[7.65,47.07],[7.9,46.94],[7.98,46.94],[8.31,46.94],[8.4,46.41],[8.49,46.15],[8.65,46.15],[8.98,45.89],[9.3,46.48],[10.04,46.28],[10.12,46.41],[10.04,46.41],[10.04,46.61],[10.86,46.55],[11.6,46.68],[12.58,46.68],[13.07,46.55],[13.65,46.55],[13.73,46.48],[13.64,46.35],[13.96,45.96],[13.96,45.76],[14.28,45.56],[14.28,45.43],[14.93,45.43],[15.09,45.3],[15.42,45.3],[15.57,45.1],[15.98,45.1],[16.14,44.97],[16.46,44.97],[16.54,44.84],[16.78,44.91],[16.86,44.91],[17.35,44.91],[17.52,45.04],[17.76,44.97],[17.93,45.1],[18.74,45.04],[18.81,44.84],[19.06,44.91],[19.14,44.91],[19.24,45.3],[19.0,45.37],[19.0,45.5],[18.92,45.5],[18.93,45.56],[18.78,45.89],[18.86,45.89],[19.05,46.41],[18.81,46.61],[18.84,47.07],[19.17,47.2],[19.19,47.47],[19.03,47.53],[18.95,47.73],[17.71,47.73],[17.06,47.99],[16.66,48.32],[16.08,48.19],[15.5,48.19],[15.17,48.32],[14.51,48.26],[14.51,48.39],[14.18,48.52],[14.18,48.65],[13.61,48.85],[13.44,49.05],[13.28,49.05],[13.11,49.25],[12.53,49.52],[12.53,49.65],[12.37,49.71],[12.37,49.98],[12.04,50.25],[12.04,50.38],[11.96,50.38],[11.96,50.45],[11.96,50.51],[12.04,50.51],[12.21,50.65],[12.13,51.05],[11.29,51.31],[11.29,51.51],[11.55,51.65],[11.55,51.85],[11.8,52.05],[11.72,52.05],[11.55,52.18],[11.55,52.32],[11.64,52.32],[11.64,52.65],[11.73,52.65],[11.73,52.99],[11.73,53.06]]]},"properties":{"id":"territory:East Franks:887","name":"동프랑크","name_en":"East Franks","actor":"게르만","valid_from":887,"valid_to":892,"wikidata":"Q153080","area":556403,"src":"cliopatria","confidence":"medium"}},{"type":"Feature","geometry":{"type":"Point","coordinates":[10.469,49.34]},"properties":{"id":"territory:East Franks:887:label","name":"동프랑크","name_en":"East Franks","actor":"게르만","valid_from":887,"valid_to":892,"wikidata":"Q153080","area":556403,"src":"cliopatria","confidence":"medium"}},{"type":"Feature","geometry":{"type":"Polygon","coordinates":[[[11.73,53.06],[10.36,53.46],[10.36,53.6],[10.19,53.66],[10.19,53.87],[10.01,53.94],[10.1,54.34],[9.15,54.21],[8.89,54.34],[8.8,54.21],[8.8,54.14],[8.89,53.87],[8.46,53.94],[8.38,53.73],[8.38,53.66],[8.47,53.39],[8.3,53.26],[7.18,53.06],[7.1,52.92],[6.85,52.92],[6.67,53.12],[6.5,53.12],[6.33,53.06],[6.34,52.79],[6.08,52.79],[5.91,52.65],[5.65,52.65],[5.56,52.92],[5.39,52.92],[5.39,52.86],[5.31,52.86],[5.31,52.79],[5.22,52.79],[5.22,52.72],[5.23,52.65],[5.32,52.45],[5.15,52.45],[5.05,52.25],[4.99,52.25],[4.65,52.25],[4.65,52.12],[4.57,52.12],[4.57,52.05],[5.51,52.05],[5.94,51.85],[5.94,51.71],[6.2,51.51],[5.96,51.18],[5.97,50.91],[5.97,50.85],[6.32,50.45],[6.32,50.31],[6.08,50.11],[6.16,50.11],[6.17,49.91],[6.34,49.85],[6.27,49.38],[6.44,49.32],[6.44,49.12],[6.28,48.99],[6.21,48.72],[6.04,48.72],[5.8,48.46],[5.47,48.32],[5.48,48.06],[6.06,47.99],[6.23,47.86],[6.16,47.47],[6.33,47.33],[6.33,47.14],[6.18,46.94],[5.85,46.94],[5.76,47.07],[5.43,47.01],[5.38,46.28],[5.62,46.22],[5.95,46.35],[6.12,46.22],[6.27,46.41],[6.68,46.41],[6.85,46.28],[6.94,45.96],[7.43,45.89],[8.0,46.02],[8.08,46.22],[8.4,46.41],[8.49,46.15],[8.65,46.15],[8.98,45.89],[9.3,46.48],[10.04,46.28],[10.12,46.41],[10.04,46.41],[10.04,46.61],[10.86,46.55],[11.6,46.68],[12.58,46.68],[13.07,46.55],[13.65,46.55],[13.73,46.48],[13.64,46.35],[13.8,46.22],[13.88,45.96],[13.96,45.96],[13.96,45.76],[14.28,45.56],[14.28,45.43],[14.93,45.43],[15.09,45.3],[15.42,45.3],[15.57,45.1],[16.46,44.97],[16.54,44.84],[17.11,44.91],[17.19,44.91],[17.52,45.04],[17.76,44.97],[17.93,45.1],[18.74,45.04],[18.81,44.84],[19.06,44.91],[19.14,44.91],[19.24,45.3],[19.0,45.37],[19.0,45.5],[18.92,45.5],[18.93,45.56],[18.78,45.89],[18.86,45.89],[19.05,46.41],[18.81,46.61],[18.84,47.07],[19.17,47.2],[19.19,47.47],[19.03,47.53],[18.95,47.73],[17.71,47.73],[17.06,47.99],[16.66,48.32],[16.08,48.19],[15.5,48.19],[15.17,48.32],[14.51,48.26],[14.51,48.39],[14.18,48.52],[14.18,48.65],[13.61,48.85],[13.44,49.05],[13.28,49.05],[13.11,49.25],[12.53,49.52],[12.53,49.65],[12.37,49.71],[12.37,49.98],[12.2,50.05],[12.12,50.25],[12.12,50.31],[12.04,50.31],[12.04,50.58],[12.3,50.65],[12.3,50.78],[12.13,50.85],[12.13,51.05],[11.29,51.38],[11.38,51.58],[11.55,51.65],[11.55,51.85],[11.8,51.98],[11.55,52.18],[11.73,52.99],[11.73,53.06]]]},"properties":{"id":"territory:East Franks:870","name":"동프랑크","name_en":"East Franks","actor":"게르만","valid_from":870,"valid_to":875,"wikidata":"Q153080","area":513366,"src":"cliopatria","confidence":"medium"}},{"type":"Feature","geometry":{"type":"Point","coordinates":[11.025,48.943]},"properties":{"id":"territory:East Franks:870:label","name":"동프랑크","name_en":"East Franks","actor":"게르만","valid_from":870,"valid_to":875,"wikidata":"Q153080","area":513366,"src":"cliopatria","confidence":"medium"}},{"type":"Feature","geometry":{"type":"Polygon","coordinates":[[[11.73,53.06],[10.36,53.46],[10.36,53.6],[10.19,53.66],[10.19,53.87],[10.01,53.94],[10.1,54.34],[9.15,54.21],[8.89,54.34],[8.8,54.21],[8.8,54.14],[8.89,53.87],[8.46,53.94],[8.38,53.73],[8.38,53.66],[8.47,53.39],[8.3,53.26],[7.18,53.06],[7.1,52.92],[6.85,52.92],[6.67,53.12],[6.5,53.12],[6.33,53.06],[6.34,52.79],[6.08,52.79],[5.91,52.65],[5.65,52.65],[5.56,52.92],[5.39,52.92],[5.39,52.86],[5.31,52.86],[5.31,52.79],[5.22,52.79],[5.22,52.72],[5.23,52.65],[5.32,52.45],[5.15,52.45],[5.05,52.25],[4.99,52.25],[4.65,52.25],[4.65,52.12],[4.57,52.12],[4.57,52.05],[5.51,52.05],[5.94,51.85],[5.94,51.71],[6.2,51.51],[5.96,51.18],[5.97,50.91],[5.97,50.85],[6.32,50.45],[6.32,50.31],[6.08,50.11],[6.16,50.11],[6.17,49.91],[6.34,49.85],[6.27,49.38],[6.44,49.32],[6.44,49.12],[6.28,48.99],[6.21,48.72],[6.04,48.72],[5.8,48.46],[5.47,48.32],[5.48,48.06],[6.06,47.99],[6.23,47.86],[6.16,47.47],[6.33,47.33],[6.33,47.14],[6.18,46.94],[5.85,46.94],[5.76,47.07],[5.43,47.01],[5.38,46.28],[5.95,46.35],[6.12,46.22],[6.27,46.41],[6.68,46.41],[6.85,46.28],[6.94,45.96],[7.43,45.89],[8.0,46.02],[8.08,46.22],[8.4,46.41],[8.49,46.15],[8.65,46.15],[8.98,45.89],[9.3,46.48],[10.04,46.28],[10.12,46.41],[10.04,46.41],[10.04,46.61],[10.86,46.55],[11.6,46.68],[12.58,46.68],[13.07,46.55],[13.65,46.55],[13.73,46.48],[13.64,46.35],[13.96,45.96],[13.96,45.76],[14.28,45.56],[14.28,45.43],[14.93,45.43],[15.09,45.3],[15.42,45.3],[15.57,45.1],[16.46,44.97],[16.54,44.84],[17.11,44.91],[17.19,44.91],[17.52,45.04],[17.76,44.97],[17.93,45.1],[18.74,45.04],[18.81,44.84],[19.06,44.91],[19.14,44.91],[19.24,45.3],[19.0,45.37],[19.0,45.5],[18.92,45.5],[18.93,45.56],[18.86,45.82],[18.78,45.82],[18.96,46.28],[19.04,46.28],[18.97,46.55],[18.81,46.61],[18.92,47.07],[18.92,47.14],[19.0,47.14],[19.09,47.14],[19.19,47.47],[19.03,47.53],[18.95,47.73],[17.71,47.73],[17.06,47.99],[16.66,48.32],[16.08,48.19],[15.5,48.19],[15.17,48.32],[14.51,48.26],[14.51,48.39],[14.18,48.52],[14.18,48.65],[13.61,48.85],[13.11,49.25],[12.7,49.38],[12.53,49.52],[12.53,49.65],[12.37,49.71],[12.37,49.98],[12.04,50.25],[12.04,50.58],[12.21,50.65],[12.13,51.05],[11.29,51.31],[11.29,51.51],[11.55,51.65],[11.55,51.85],[11.8,52.05],[11.72,52.05],[11.55,52.18],[11.55,52.32],[11.64,52.32],[11.64,52.65],[11.73,52.65],[11.73,52.99],[11.73,53.06]]]},"properties":{"id":"territory:East Franks:875","name":"동프랑크","name_en":"East Franks","actor":"게르만","valid_from":875,"valid_to":876,"wikidata":"Q153080","area":512735,"src":"cliopatria","confidence":"medium"}},{"type":"Feature","geometry":{"type":"Point","coordinates":[11.026,48.943]},"properties":{"id":"territory:East Franks:875:label","name":"동프랑크","name_en":"East Franks","actor":"게르만","valid_from":875,"valid_to":876,"wikidata":"Q153080","area":512735,"src":"cliopatria","confidence":"medium"}},{"type":"Feature","geometry":{"type":"MultiPolygon","coordinates":[[[[28.64,54.82],[28.65,54.89],[28.73,54.89],[28.57,54.95],[28.51,55.16],[28.35,55.23],[28.17,55.77],[28.08,55.77],[28.12,55.98],[27.96,56.11],[28.11,56.52],[27.96,56.66],[28.07,56.8],[27.98,56.8],[28.0,56.94],[27.91,56.94],[27.99,57.42],[27.9,57.42],[27.97,57.83],[27.88,57.83],[28.01,58.11],[27.85,58.25],[27.97,58.39],[27.72,58.53],[27.74,59.22],[28.04,59.36],[28.06,59.5],[27.88,59.5],[27.93,59.78],[28.29,59.78],[28.41,59.92],[28.85,59.85],[29.16,60.07],[29.15,60.0],[29.77,59.92],[29.76,59.85],[30.14,59.92],[30.38,59.78],[30.75,59.78],[30.84,59.78],[31.08,59.64],[31.9,59.64],[32.12,60.28],[31.95,60.35],[31.97,60.42],[33.18,60.91],[34.5,61.05],[34.9,61.19],[35.16,61.12],[35.36,61.19],[35.2,60.91],[35.57,60.91],[35.9,61.12],[36.08,61.12],[36.12,61.26],[36.43,61.41],[37.33,61.34],[37.31,61.26],[38.32,60.91],[38.38,60.77],[38.89,60.63],[38.94,60.49],[39.12,60.49],[39.11,60.42],[39.29,60.42],[39.32,60.21],[39.74,60.07],[39.86,59.85],[40.28,59.71],[40.61,59.29],[40.79,59.29],[41.21,58.88],[41.39,58.88],[41.67,58.6],[41.63,58.46],[41.86,58.32],[41.82,58.18],[41.98,58.11],[41.97,57.77],[42.11,57.63],[42.0,56.94],[42.14,56.8],[42.04,56.46],[41.67,56.05],[41.59,55.77],[41.35,55.84],[41.14,55.7],[40.87,55.7],[40.68,55.63],[40.65,55.5],[40.05,55.57],[39.77,55.5],[39.74,55.36],[38.79,55.43],[37.69,55.23],[37.08,55.23],[36.88,55.09],[36.72,55.16],[36.34,55.02],[34.21,54.82],[34.18,54.68],[33.73,54.61],[33.05,54.68],[31.1,54.48],[30.58,54.48],[30.43,54.61],[29.64,54.55],[29.66,54.68],[29.5,54.75],[29.22,54.68],[28.73,54.88],[28.72,54.82],[28.64,54.82]],[[36.51,60.28],[36.69,60.28],[36.66,60.14],[37.02,60.14],[37.28,60.42],[37.46,60.42],[37.53,60.7],[37.35,60.7],[37.39,60.84],[37.2,60.84],[37.24,60.98],[36.87,60.98],[36.84,60.84],[36.43,60.7],[36.38,60.49],[36.36,60.42],[36.54,60.42],[36.51,60.28]],[[30.36,58.25],[30.54,58.25],[30.52,58.11],[30.88,58.11],[31.11,58.39],[31.29,58.39],[31.34,58.67],[31.01,58.81],[31.04,58.95],[30.68,58.95],[30.65,58.81],[30.26,58.67],[30.24,58.53],[30.22,58.46],[30.39,58.39],[30.36,58.25]]],[[[27.89,56.8],[27.98,56.8],[27.97,56.73],[27.88,56.73],[27.89,56.8]]],[[[32.9,60.91],[32.99,60.91],[32.98,60.84],[32.89,60.84],[32.9,60.91]]],[[[38.34,60.98],[38.44,60.98],[38.42,60.91],[38.32,60.91],[38.34,60.98]]],[[[33.48,61.05],[33.58,61.05],[33.56,60.98],[33.47,60.98],[33.48,61.05]]]]},"properties":{"id":"territory:Rus':880","name":"루스","name_en":"Rus'","actor":"기타중립","valid_from":880,"valid_to":882,"wikidata":"Q1108445","area":485847,"src":"cliopatria","confidence":"medium"}},{"type":"Feature","geometry":{"type":"Point","coordinates":[34.682,57.725]},"properties":{"id":"territory:Rus':880:label","name":"루스","name_en":"Rus'","actor":"기타중립","valid_from":880,"valid_to":882,"wikidata":"Q1108445","area":485847,"src":"cliopatria","confidence":"medium"}},{"type":"Feature","geometry":{"type":"Polygon","coordinates":[[[11.73,53.06],[10.36,53.46],[10.36,53.6],[10.19,53.66],[10.19,53.87],[10.01,53.94],[10.1,54.34],[9.15,54.21],[8.89,54.34],[8.8,54.21],[8.8,54.14],[8.89,53.87],[8.46,53.94],[8.38,53.73],[8.38,53.66],[8.47,53.39],[8.3,53.26],[7.36,53.06],[7.27,53.06],[7.1,52.92],[6.85,52.92],[6.67,53.12],[6.5,53.12],[6.33,53.06],[6.34,52.79],[6.08,52.79],[5.91,52.65],[5.65,52.65],[5.56,52.92],[5.39,52.92],[5.39,52.86],[5.31,52.86],[5.31,52.79],[5.22,52.79],[5.22,52.72],[5.23,52.65],[5.32,52.45],[5.15,52.45],[5.05,52.25],[4.99,52.25],[4.65,52.25],[4.5,51.78],[4.5,51.71],[4.24,51.71],[4.15,51.92],[3.98,51.92],[3.9,51.92],[3.81,51.92],[3.82,51.78],[3.65,51.78],[3.74,51.65],[3.4,51.65],[3.41,51.51],[3.75,51.51],[3.49,51.45],[3.41,51.45],[3.5,51.25],[4.26,51.31],[4.03,50.78],[3.54,50.58],[3.55,50.38],[3.63,50.38],[3.64,50.31],[3.82,50.05],[4.58,49.91],[4.68,49.45],[5.03,49.12],[4.87,48.99],[4.88,48.52],[5.3,48.39],[5.47,48.26],[5.48,48.06],[6.98,47.86],[7.14,48.06],[7.04,48.52],[7.21,48.59],[7.2,48.92],[7.53,49.05],[8.11,48.99],[8.12,48.65],[8.45,48.59],[8.78,48.65],[8.95,48.85],[9.78,49.18],[9.86,49.32],[10.28,49.38],[10.44,49.32],[10.61,48.59],[10.11,48.46],[9.95,47.86],[9.87,47.86],[9.95,47.8],[9.95,47.73],[9.54,47.4],[9.63,46.94],[9.38,46.68],[9.39,46.41],[10.04,46.28],[10.12,46.41],[10.04,46.41],[10.04,46.61],[10.86,46.55],[11.6,46.68],[13.65,46.55],[13.73,46.48],[13.64,46.35],[13.96,45.96],[13.96,45.76],[14.28,45.56],[14.28,45.43],[14.93,45.43],[15.09,45.3],[15.42,45.3],[15.57,45.1],[15.98,45.1],[16.14,44.97],[16.46,44.97],[16.54,44.84],[16.78,44.91],[16.86,44.91],[17.35,44.91],[17.52,45.04],[17.76,44.97],[17.93,45.1],[18.74,45.04],[18.81,44.84],[19.06,44.91],[19.14,44.91],[19.24,45.3],[19.0,45.37],[19.0,45.5],[18.92,45.5],[18.93,45.56],[18.78,45.89],[18.86,45.89],[19.05,46.41],[18.81,46.61],[18.84,47.07],[19.17,47.2],[19.19,47.47],[19.03,47.53],[18.95,47.73],[17.71,47.73],[17.06,47.99],[16.66,48.32],[16.08,48.19],[15.5,48.19],[15.17,48.32],[14.51,48.26],[14.51,48.39],[14.18,48.52],[14.18,48.65],[13.61,48.85],[13.11,49.25],[12.7,49.38],[12.53,49.52],[12.53,49.65],[12.37,49.71],[12.37,49.98],[12.04,50.25],[12.04,50.58],[12.21,50.65],[12.13,51.05],[11.29,51.31],[11.29,51.51],[11.55,51.65],[11.55,51.85],[11.8,52.05],[11.72,52.05],[11.55,52.18],[11.55,52.32],[11.64,52.32],[11.64,52.65],[11.73,52.65],[11.73,52.99],[11.73,53.06]]]},"properties":{"id":"territory:East Franks:880","name":"동프랑크","name_en":"East Franks","actor":"게르만","valid_from":880,"valid_to":882,"wikidata":"Q153080","area":484365,"src":"cliopatria","confidence":"medium"}},{"type":"Feature","geometry":{"type":"Point","coordinates":[10.834,49.339]},"properties":{"id":"territory:East Franks:880:label","name":"동프랑크","name_en":"East Franks","actor":"게르만","valid_from":880,"valid_to":882,"wikidata":"Q153080","area":484365,"src":"cliopatria","confidence":"medium"}},{"type":"Feature","geometry":{"type":"Polygon","coordinates":[[[-0.02,35.41],[-0.19,35.04],[0.8,33.08],[1.62,32.65],[7.82,31.11],[12.77,30.08],[16.16,30.08],[15.16,30.58],[14.21,31.68],[13.37,32.05],[12.37,31.9],[11.86,32.05],[11.5,32.32],[11.05,32.42],[10.14,32.9],[9.82,32.77],[9.66,33.13],[9.2,33.53],[9.26,34.05],[8.49,34.3],[6.15,34.71],[5.34,34.58],[5.53,35.62],[5.32,35.71],[5.32,36.1],[5.47,36.43],[5.38,36.71],[3.85,36.91],[3.42,36.74],[2.97,36.75],[2.71,36.59],[1.34,36.49],[0.65,36.3],[0.1,35.79],[-0.02,35.41]]]},"properties":{"id":"territory:Rustamid dynasty:778","name":"루스탐 왕조","name_en":"Rustamid dynasty","actor":"기타중립","valid_from":778,"valid_to":900,"wikidata":"Q940123","area":469780,"src":"cliopatria","confidence":"medium"}},{"type":"Feature","geometry":{"type":"Point","coordinates":[6.388,33.268]},"properties":{"id":"territory:Rustamid dynasty:778:label","name":"루스탐 왕조","name_en":"Rustamid dynasty","actor":"기타중립","valid_from":778,"valid_to":900,"wikidata":"Q940123","area":469780,"src":"cliopatria","confidence":"medium"}},{"type":"Feature","geometry":{"type":"Polygon","coordinates":[[[74.52,41.26],[75.24,41.72],[75.19,42.04],[74.7,42.24],[74.56,42.5],[74.01,42.76],[73.86,43.02],[73.45,43.21],[73.36,43.41],[73.2,43.41],[73.09,43.54],[73.13,43.67],[72.94,43.8],[72.93,43.99],[72.41,44.12],[72.3,44.25],[71.54,44.39],[70.08,44.39],[70.0,44.39],[69.5,43.41],[68.27,42.37],[68.11,42.11],[66.89,41.26],[66.65,41.26],[66.69,41.13],[66.28,40.81],[65.69,40.68],[65.39,40.74],[65.35,40.61],[62.66,40.03],[62.58,40.03],[62.55,39.9],[62.69,39.84],[62.64,39.64],[62.95,39.32],[63.25,39.26],[63.42,39.0],[63.84,38.8],[64.01,38.55],[64.37,38.42],[64.66,38.03],[64.82,38.03],[64.79,37.9],[65.03,37.64],[65.32,37.51],[65.71,37.51],[66.52,37.32],[67.0,37.38],[67.12,37.25],[67.75,37.25],[67.92,37.0],[68.15,37.0],[68.78,37.32],[69.01,37.32],[69.12,37.13],[69.35,37.13],[69.55,37.58],[70.08,37.51],[70.27,37.64],[70.16,37.84],[70.21,38.03],[70.71,38.42],[71.18,38.42],[71.36,38.22],[71.27,37.9],[71.59,37.9],[71.6,37.96],[72.02,38.61],[73.0,39.26],[73.16,39.26],[73.2,39.38],[73.36,39.38],[73.38,39.45],[73.42,39.58],[73.57,39.58],[73.84,40.42],[74.35,41.0],[74.52,41.26]]]},"properties":{"id":"territory:Samanid Empire:896","name":"사만 왕조","name_en":"Samanid Empire","actor":"기타중립","valid_from":896,"valid_to":898,"wikidata":"Q486181","area":460943,"src":"cliopatria","confidence":"medium"}},{"type":"Feature","geometry":{"type":"Point","coordinates":[69.449,40.474]},"properties":{"id":"territory:Samanid Empire:896:label","name":"사만 왕조","name_en":"Samanid Empire","actor":"기타중립","valid_from":896,"valid_to":898,"wikidata":"Q486181","area":460943,"src":"cliopatria","confidence":"medium"}},{"type":"Feature","geometry":{"type":"Polygon","coordinates":[[[64.82,45.63],[64.98,46.35],[64.89,46.35],[64.94,46.74],[64.82,46.87],[64.87,47.01],[64.79,47.01],[64.83,47.14],[64.75,47.14],[64.76,47.4],[64.53,47.47],[64.43,47.66],[64.27,47.66],[64.23,47.8],[63.86,47.93],[61.82,47.99],[56.38,47.8],[54.52,47.33],[54.44,46.74],[54.52,46.74],[54.29,45.56],[54.27,45.5],[54.22,45.3],[54.36,45.24],[54.3,44.97],[53.81,44.97],[53.88,45.24],[52.09,45.24],[51.88,45.37],[51.47,45.37],[51.06,45.04],[51.02,44.84],[51.47,44.71],[51.42,44.52],[50.86,44.52],[50.4,44.65],[50.22,44.58],[50.19,44.45],[50.88,44.25],[51.07,44.06],[51.04,43.93],[51.32,43.73],[51.31,43.34],[51.44,43.21],[51.77,43.28],[51.94,42.95],[52.42,42.95],[52.79,42.82],[52.68,42.37],[52.44,42.04],[52.52,42.04],[52.49,41.91],[52.72,41.52],[52.8,41.52],[52.81,41.91],[53.19,42.17],[53.91,42.17],[54.09,41.59],[54.73,41.26],[54.67,41.0],[54.4,40.87],[54.39,40.81],[56.83,40.74],[57.46,41.39],[57.56,41.78],[57.96,42.37],[58.05,43.02],[58.34,43.47],[58.36,43.54],[58.19,43.8],[57.96,43.86],[58.07,44.25],[57.99,44.25],[58.04,44.45],[57.96,44.45],[58.27,45.24],[58.49,45.43],[58.64,45.96],[59.31,46.02],[59.49,46.35],[59.84,46.41],[60.12,46.81],[60.53,46.81],[60.57,46.94],[60.98,46.94],[61.0,46.74],[61.19,46.81],[61.23,46.94],[61.7,46.87],[61.25,45.96],[61.33,45.96],[61.25,45.69],[61.33,45.69],[61.34,45.43],[61.72,45.37],[61.58,44.91],[61.02,44.65],[60.76,44.06],[61.53,43.93],[61.57,43.8],[62.48,43.86],[63.39,44.19],[64.57,45.1],[64.8,45.56],[64.82,45.63]]]},"properties":{"id":"territory:Oghuz Turks:783","name":"오구즈 투르크","name_en":"Oghuz Turks","actor":"기타중립","valid_from":783,"valid_to":860,"wikidata":"Q2118293","area":450019,"src":"cliopatria","confidence":"medium"}},{"type":"Feature","geometry":{"type":"Polygon","coordinates":[[[64.8,45.56],[64.57,45.1],[63.39,44.19],[62.48,43.86],[61.57,43.8],[61.53,43.93],[60.76,44.06],[61.02,44.65],[61.58,44.91],[61.72,45.37],[61.34,45.43],[61.33,45.69],[61.25,45.69],[61.33,45.96],[61.25,45.96],[61.7,46.87],[61.23,46.94],[61.19,46.81],[61.0,46.74],[60.98,46.94],[60.57,46.94],[60.53,46.81],[60.12,46.81],[59.84,46.41],[59.49,46.35],[59.31,46.02],[58.64,45.96],[58.49,45.43],[58.27,45.24],[57.96,44.45],[58.04,44.45],[57.99,44.25],[58.07,44.25],[57.96,43.86],[58.19,43.8],[58.36,43.54],[58.34,43.47],[58.05,43.02],[57.96,42.37],[57.56,41.78],[57.46,41.39],[56.83,40.74],[54.39,40.81],[54.4,40.87],[54.67,41.0],[54.73,41.26],[54.09,41.59],[53.91,42.17],[53.19,42.17],[52.81,41.91],[52.8,41.52],[52.72,41.52],[52.49,41.91],[52.52,42.04],[52.44,42.04],[52.68,42.37],[52.79,42.82],[52.42,42.95],[51.94,42.95],[51.77,43.28],[51.44,43.21],[51.31,43.34],[51.32,43.73],[51.04,43.93],[51.07,44.06],[50.88,44.25],[50.19,44.45],[50.22,44.58],[50.4,44.65],[50.86,44.52],[51.42,44.52],[51.47,44.71],[51.02,44.84],[51.06,45.04],[51.47,45.37],[51.88,45.37],[52.09,45.24],[53.88,45.24],[53.81,44.97],[54.3,44.97],[54.36,45.24],[54.22,45.3],[54.27,45.5],[54.29,45.56],[54.52,46.74],[54.44,46.74],[54.52,47.33],[56.38,47.8],[61.82,47.99],[63.86,47.93],[64.23,47.8],[64.27,47.66],[64.43,47.66],[64.53,47.47],[64.76,47.4],[64.75,47.14],[64.83,47.14],[64.79,47.01],[64.87,47.01],[64.82,46.87],[64.94,46.74],[64.89,46.35],[64.98,46.35],[64.82,45.63],[64.8,45.56]]]},"properties":{"id":"territory:Oghuz Turks:875","name":"오구즈 투르크","name_en":"Oghuz Turks","actor":"기타중립","valid_from":875,"valid_to":970,"wikidata":"Q2118293","area":450019,"src":"cliopatria","confidence":"medium"}},{"type":"Feature","geometry":{"type":"Point","coordinates":[57.608,44.934]},"properties":{"id":"territory:Oghuz Turks:783:label","name":"오구즈 투르크","name_en":"Oghuz Turks","actor":"기타중립","valid_from":783,"valid_to":860,"wikidata":"Q2118293","area":450019,"src":"cliopatria","confidence":"medium"}},{"type":"Feature","geometry":{"type":"Point","coordinates":[57.608,44.934]},"properties":{"id":"territory:Oghuz Turks:875:label","name":"오구즈 투르크","name_en":"Oghuz Turks","actor":"기타중립","valid_from":875,"valid_to":970,"wikidata":"Q2118293","area":450019,"src":"cliopatria","confidence":"medium"}},{"type":"Feature","geometry":{"type":"Polygon","coordinates":[[[64.82,45.63],[64.98,46.35],[64.89,46.35],[64.94,46.74],[64.82,46.87],[64.87,47.01],[64.79,47.01],[64.83,47.14],[64.75,47.14],[64.76,47.4],[64.53,47.47],[64.43,47.66],[64.27,47.66],[64.23,47.8],[63.86,47.93],[61.82,47.99],[56.38,47.8],[54.52,47.33],[54.44,46.74],[54.52,46.74],[54.29,45.56],[54.27,45.5],[54.22,45.3],[54.36,45.24],[54.3,44.97],[53.81,44.97],[53.88,45.24],[52.09,45.24],[51.88,45.37],[51.47,45.37],[51.06,45.04],[51.02,44.84],[51.47,44.71],[51.42,44.52],[50.86,44.52],[50.4,44.65],[50.22,44.58],[50.19,44.45],[50.88,44.25],[51.07,44.06],[51.04,43.93],[51.32,43.73],[51.31,43.34],[51.44,43.21],[51.77,43.28],[51.94,42.95],[52.42,42.95],[52.79,42.82],[52.68,42.37],[52.44,42.04],[52.52,42.04],[52.49,41.91],[52.72,41.52],[52.8,41.52],[52.81,41.91],[53.19,42.17],[53.91,42.17],[54.09,41.59],[54.73,41.26],[54.67,41.0],[54.4,40.87],[54.39,40.81],[56.83,40.74],[57.46,41.39],[57.56,41.78],[57.96,42.37],[58.05,43.02],[58.34,43.47],[58.36,43.54],[58.19,43.8],[57.96,43.86],[58.07,44.25],[57.99,44.25],[58.04,44.45],[57.96,44.45],[58.27,45.24],[58.49,45.43],[58.64,45.96],[59.31,46.02],[59.49,46.35],[59.84,46.41],[60.12,46.81],[60.53,46.81],[60.57,46.94],[60.98,46.94],[61.0,46.74],[61.19,46.81],[61.23,46.94],[61.7,46.87],[61.25,45.96],[61.33,45.96],[61.25,45.69],[61.33,45.69],[61.34,45.43],[61.72,45.37],[61.58,44.91],[61.02,44.65],[60.76,44.06],[61.53,43.93],[61.57,43.8],[62.48,43.86],[63.39,44.19],[64.57,45.1],[64.8,45.56],[64.82,45.63]],[[53.16,44.65],[53.42,45.04],[53.74,45.04],[53.33,44.39],[53.09,44.39],[53.14,44.58],[53.16,44.65]]]},"properties":{"id":"territory:Oghuz Turks:860","name":"오구즈 투르크","name_en":"Oghuz Turks","actor":"기타중립","valid_from":860,"valid_to":875,"wikidata":"Q2118293","area":448197,"src":"cliopatria","confidence":"medium"}},{"type":"Feature","geometry":{"type":"Point","coordinates":[57.608,44.934]},"properties":{"id":"territory:Oghuz Turks:860:label","name":"오구즈 투르크","name_en":"Oghuz Turks","actor":"기타중립","valid_from":860,"valid_to":875,"wikidata":"Q2118293","area":448197,"src":"cliopatria","confidence":"medium"}},{"type":"Feature","geometry":{"type":"Polygon","coordinates":[[[11.73,52.99],[11.55,52.18],[11.8,51.98],[11.55,51.85],[11.55,51.65],[11.38,51.58],[11.29,51.38],[12.13,51.05],[12.13,50.85],[12.3,50.78],[12.3,50.65],[12.04,50.58],[12.01,50.51],[12.04,50.51],[12.04,50.45],[12.04,50.38],[11.96,50.38],[12.45,49.98],[12.37,49.78],[12.54,49.71],[12.53,49.58],[13.03,49.25],[13.2,49.25],[13.36,49.05],[13.53,49.05],[13.69,48.85],[14.27,48.65],[14.18,48.52],[14.35,48.52],[14.51,48.39],[14.51,48.26],[14.76,48.32],[14.84,48.32],[16.08,48.19],[16.66,48.32],[17.06,47.99],[17.71,47.73],[18.95,47.73],[19.03,47.53],[19.19,47.47],[19.09,47.14],[19.0,47.14],[18.92,47.14],[18.92,47.07],[18.81,46.61],[18.97,46.55],[19.04,46.28],[18.96,46.28],[18.78,45.82],[18.86,45.82],[18.93,45.56],[18.92,45.5],[19.0,45.5],[19.0,45.37],[19.24,45.3],[19.14,44.91],[19.06,44.91],[18.81,44.84],[18.74,45.04],[17.93,45.1],[17.76,44.97],[17.52,45.04],[17.19,44.91],[17.11,44.91],[16.54,44.84],[16.46,44.97],[15.57,45.1],[15.42,45.3],[15.09,45.3],[14.93,45.43],[14.28,45.43],[14.28,45.56],[13.96,45.76],[13.96,45.96],[13.64,46.35],[13.73,46.48],[13.65,46.55],[13.07,46.55],[12.58,46.68],[11.6,46.68],[10.86,46.55],[10.04,46.61],[10.04,46.41],[10.12,46.41],[10.04,46.28],[9.3,46.48],[9.06,45.96],[8.9,45.89],[8.65,46.15],[8.49,46.15],[8.49,46.35],[8.32,46.41],[8.32,46.55],[7.99,46.55],[7.91,46.68],[7.41,46.87],[7.57,47.2],[7.73,47.27],[7.73,47.4],[7.56,47.47],[7.63,48.32],[7.71,48.32],[7.79,48.65],[8.12,48.85],[8.11,48.99],[7.36,49.12],[7.02,49.45],[7.18,49.78],[7.76,49.91],[7.33,50.51],[7.24,50.91],[7.06,50.98],[6.97,51.25],[6.8,51.38],[6.88,51.65],[6.71,51.78],[6.7,51.98],[6.7,52.05],[6.61,52.05],[6.44,52.18],[6.51,52.72],[6.33,52.86],[6.33,53.06],[6.5,53.12],[6.67,53.12],[6.85,52.92],[7.1,52.92],[7.18,53.06],[8.3,53.26],[8.47,53.39],[8.38,53.66],[8.38,53.73],[8.46,53.94],[8.89,53.87],[8.8,54.14],[8.8,54.21],[8.89,54.34],[9.15,54.21],[10.1,54.34],[10.01,53.94],[10.19,53.87],[10.19,53.66],[10.36,53.6],[10.36,53.46],[11.73,53.06],[11.73,52.99]]]},"properties":{"id":"territory:East Franks:850","name":"동프랑크","name_en":"East Franks","actor":"게르만","valid_from":850,"valid_to":860,"wikidata":"Q153080","area":436486,"src":"cliopatria","confidence":"medium"}},{"type":"Feature","geometry":{"type":"Point","coordinates":[11.814,48.935]},"properties":{"id":"territory:East Franks:850:label","name":"동프랑크","name_en":"East Franks","actor":"게르만","valid_from":850,"valid_to":860,"wikidata":"Q153080","area":436486,"src":"cliopatria","confidence":"medium"}},{"type":"Feature","geometry":{"type":"Polygon","coordinates":[[[11.73,53.06],[10.36,53.46],[10.36,53.6],[10.19,53.66],[10.19,53.87],[10.01,53.94],[10.1,54.34],[9.15,54.21],[8.89,54.34],[8.8,54.21],[8.8,54.14],[8.89,53.87],[8.46,53.94],[8.38,53.73],[8.38,53.66],[8.47,53.39],[8.3,53.26],[7.18,53.06],[7.1,52.92],[6.85,52.92],[6.67,53.12],[6.5,53.12],[6.33,53.06],[6.33,52.86],[6.51,52.72],[6.44,52.18],[6.61,52.05],[6.7,52.05],[6.7,51.98],[6.71,51.78],[6.88,51.65],[6.8,51.38],[6.97,51.25],[7.06,50.98],[7.24,50.91],[7.33,50.51],[7.76,49.91],[7.18,49.78],[7.02,49.45],[7.36,49.12],[8.11,48.99],[8.12,48.85],[7.79,48.65],[7.71,48.32],[7.63,48.32],[7.56,47.47],[7.73,47.4],[7.73,47.27],[7.57,47.2],[7.41,46.87],[7.91,46.68],[7.99,46.55],[8.32,46.55],[8.32,46.41],[8.49,46.35],[8.49,46.15],[8.65,46.15],[8.98,45.89],[9.3,46.48],[10.04,46.28],[10.12,46.41],[10.04,46.41],[10.04,46.61],[10.86,46.55],[11.6,46.68],[12.58,46.68],[13.07,46.55],[13.65,46.55],[13.73,46.48],[13.64,46.35],[13.8,46.22],[13.88,45.96],[13.96,45.96],[13.96,45.76],[14.28,45.56],[14.28,45.43],[14.93,45.43],[15.09,45.3],[15.42,45.3],[15.57,45.1],[16.46,44.97],[16.54,44.84],[17.11,44.91],[17.19,44.91],[17.52,45.04],[17.76,44.97],[17.93,45.1],[18.74,45.04],[18.81,44.84],[19.06,44.91],[19.14,44.91],[19.24,45.3],[19.0,45.37],[19.0,45.5],[18.92,45.5],[18.93,45.56],[18.86,45.82],[18.78,45.82],[18.96,46.28],[19.04,46.28],[18.97,46.55],[18.81,46.61],[18.92,47.07],[18.92,47.14],[19.0,47.14],[19.09,47.14],[19.19,47.47],[19.03,47.53],[18.95,47.73],[17.71,47.73],[17.06,47.99],[16.66,48.32],[16.08,48.19],[15.5,48.19],[15.17,48.32],[14.51,48.26],[14.51,48.39],[14.18,48.52],[14.18,48.65],[13.61,48.85],[13.44,49.05],[13.28,49.05],[13.11,49.25],[12.53,49.52],[12.53,49.65],[12.37,49.71],[12.37,49.98],[12.2,50.05],[12.12,50.25],[12.12,50.31],[12.04,50.31],[12.04,50.58],[12.3,50.65],[12.3,50.78],[12.13,50.85],[12.13,51.05],[11.29,51.38],[11.38,51.58],[11.55,51.65],[11.55,51.85],[11.8,51.98],[11.55,52.18],[11.73,52.99],[11.73,53.06]]]},"properties":{"id":"territory:East Franks:860","name":"동프랑크","name_en":"East Franks","actor":"게르만","valid_from":860,"valid_to":870,"wikidata":"Q153080","area":435167,"src":"cliopatria","confidence":"medium"}},{"type":"Feature","geometry":{"type":"Point","coordinates":[11.81,48.935]},"properties":{"id":"territory:East Franks:860:label","name":"동프랑크","name_en":"East Franks","actor":"게르만","valid_from":860,"valid_to":870,"wikidata":"Q153080","area":435167,"src":"cliopatria","confidence":"medium"}},{"type":"Feature","geometry":{"type":"Polygon","coordinates":[[[11.73,53.06],[10.36,53.46],[10.36,53.6],[10.19,53.66],[10.19,53.87],[10.01,53.94],[10.1,54.34],[9.15,54.21],[8.89,54.34],[8.8,54.21],[8.8,54.14],[8.89,53.87],[8.46,53.94],[8.38,53.73],[8.38,53.66],[8.47,53.39],[8.3,53.26],[7.36,53.06],[7.27,53.06],[7.1,52.92],[6.85,52.92],[6.67,53.12],[6.33,53.06],[6.33,52.86],[6.51,52.72],[6.44,52.18],[6.61,52.05],[6.7,52.05],[6.7,51.98],[6.71,51.78],[6.88,51.65],[6.8,51.38],[6.97,51.25],[7.06,50.98],[7.24,50.91],[7.33,50.51],[7.76,49.91],[7.18,49.78],[7.02,49.45],[7.36,49.12],[8.11,48.99],[8.12,48.85],[7.71,48.52],[7.48,47.53],[7.73,47.4],[7.65,47.07],[7.9,46.94],[7.98,46.94],[8.31,46.94],[8.4,46.41],[8.49,46.15],[8.65,46.15],[8.98,45.89],[9.3,46.48],[10.04,46.28],[10.12,46.41],[10.04,46.41],[10.04,46.61],[10.86,46.55],[11.6,46.68],[12.58,46.68],[13.07,46.55],[13.65,46.55],[13.73,46.48],[13.64,46.35],[13.96,45.96],[13.96,45.76],[14.28,45.56],[14.28,45.43],[14.93,45.43],[15.09,45.3],[15.42,45.3],[15.57,45.1],[15.98,45.1],[16.14,44.97],[16.46,44.97],[16.54,44.84],[16.78,44.91],[16.86,44.91],[17.35,44.91],[17.52,45.04],[17.76,44.97],[17.93,45.1],[18.74,45.04],[18.81,44.84],[19.06,44.91],[19.14,44.91],[19.24,45.3],[19.0,45.37],[19.0,45.5],[18.92,45.5],[18.93,45.56],[18.78,45.89],[18.86,45.89],[19.05,46.41],[18.81,46.61],[18.84,47.07],[19.17,47.2],[19.19,47.47],[19.03,47.53],[18.95,47.73],[17.71,47.73],[17.06,47.99],[16.99,48.13],[16.66,48.32],[15.5,48.19],[14.92,48.32],[14.93,48.59],[15.27,48.85],[15.27,48.99],[14.94,48.99],[14.85,48.72],[14.6,48.59],[14.18,48.59],[12.53,49.52],[12.53,49.65],[12.37,49.71],[12.37,49.98],[12.2,50.05],[12.12,50.25],[12.12,50.31],[11.96,50.38],[11.96,50.51],[12.3,50.65],[12.3,50.78],[12.13,50.85],[12.13,51.05],[11.29,51.38],[11.38,51.58],[11.55,51.65],[11.55,51.85],[11.8,51.98],[11.55,52.18],[11.73,52.99],[11.73,53.06]]]},"properties":{"id":"territory:East Franks:899","name":"동프랑크","name_en":"East Franks","actor":"게르만","valid_from":899,"valid_to":900,"wikidata":"Q153080","area":434952,"src":"cliopatria","confidence":"medium"}},{"type":"Feature","geometry":{"type":"Point","coordinates":[11.852,48.942]},"properties":{"id":"territory:East Franks:899:label","name":"동프랑크","name_en":"East Franks","actor":"게르만","valid_from":899,"valid_to":900,"wikidata":"Q153080","area":434952,"src":"cliopatria","confidence":"medium"}},{"type":"Feature","geometry":{"type":"Polygon","coordinates":[[[18.92,47.14],[18.92,47.07],[18.81,46.61],[18.97,46.55],[19.04,46.28],[18.96,46.28],[18.78,45.82],[18.86,45.82],[18.93,45.56],[18.92,45.5],[19.0,45.5],[19.0,45.37],[19.24,45.3],[19.14,44.91],[19.06,44.91],[18.81,44.84],[18.74,45.04],[18.5,45.1],[16.86,44.91],[16.78,44.91],[16.54,44.84],[16.46,44.97],[16.14,44.97],[15.98,45.1],[15.57,45.1],[15.42,45.3],[15.09,45.3],[14.93,45.43],[14.28,45.43],[14.28,45.56],[13.96,45.76],[13.96,45.96],[13.64,46.35],[13.73,46.48],[13.65,46.55],[13.07,46.55],[12.58,46.68],[11.6,46.68],[10.86,46.55],[10.04,46.61],[10.04,46.41],[10.12,46.41],[10.04,46.28],[9.55,46.35],[9.39,46.48],[9.38,46.68],[9.63,46.94],[9.54,47.4],[9.95,47.73],[9.95,47.8],[9.87,47.86],[9.95,47.86],[10.11,48.46],[10.61,48.65],[10.44,49.32],[10.28,49.38],[9.86,49.32],[9.78,49.18],[8.95,48.85],[8.78,48.65],[8.45,48.59],[8.12,48.65],[8.11,48.99],[7.53,49.05],[7.2,48.92],[7.21,48.59],[7.04,48.52],[7.14,48.06],[6.98,47.86],[6.31,47.99],[6.15,47.93],[5.48,48.06],[5.47,48.32],[5.8,48.46],[6.04,48.72],[6.21,48.72],[6.28,48.99],[6.44,49.12],[6.44,49.32],[6.27,49.38],[6.34,49.85],[6.17,49.91],[6.16,50.11],[6.08,50.11],[6.32,50.31],[6.32,50.45],[5.97,50.85],[5.97,50.91],[5.96,51.18],[6.2,51.51],[5.94,51.71],[5.94,51.85],[5.51,52.05],[4.57,52.05],[4.57,52.12],[4.65,52.12],[4.65,52.25],[4.99,52.25],[5.05,52.25],[5.15,52.45],[5.32,52.45],[5.23,52.65],[5.22,52.72],[5.22,52.79],[5.31,52.79],[5.31,52.86],[5.39,52.86],[5.39,52.92],[5.56,52.92],[5.65,52.65],[5.91,52.65],[6.08,52.79],[6.34,52.79],[6.33,53.06],[6.5,53.12],[6.67,53.12],[6.85,52.92],[7.1,52.92],[7.27,53.06],[7.36,53.06],[8.3,53.26],[8.47,53.39],[8.38,53.66],[8.38,53.73],[8.46,53.94],[8.89,53.87],[8.8,54.14],[8.8,54.21],[8.89,54.34],[9.15,54.21],[10.1,54.34],[10.01,53.94],[10.19,53.87],[10.19,53.66],[10.36,53.6],[10.36,53.46],[11.73,53.06],[11.73,52.99],[11.73,52.65],[11.64,52.65],[11.64,52.32],[11.55,52.32],[11.55,52.18],[11.72,52.05],[11.8,52.05],[11.55,51.85],[11.55,51.65],[11.29,51.51],[11.29,51.31],[12.13,51.05],[12.21,50.65],[12.04,50.58],[12.04,50.31],[12.21,50.18],[12.2,50.05],[12.37,49.98],[12.37,49.71],[12.53,49.65],[12.53,49.52],[13.11,49.25],[13.28,49.05],[13.44,49.05],[13.61,48.85],[14.18,48.65],[14.18,48.52],[14.51,48.39],[14.51,48.26],[15.17,48.32],[15.5,48.19],[16.08,48.19],[16.66,48.32],[17.06,47.99],[17.71,47.73],[18.95,47.73],[19.03,47.53],[19.19,47.47],[19.09,47.14],[19.0,47.14],[18.92,47.14]]]},"properties":{"id":"territory:East Franks:876","name":"동프랑크","name_en":"East Franks","actor":"게르만","valid_from":876,"valid_to":878,"wikidata":"Q153080","area":430360,"src":"cliopatria","confidence":"medium"}},{"type":"Feature","geometry":{"type":"Point","coordinates":[11.566,49.206]},"properties":{"id":"territory:East Franks:876:label","name":"동프랑크","name_en":"East Franks","actor":"게르만","valid_from":876,"valid_to":878,"wikidata":"Q153080","area":430360,"src":"cliopatria","confidence":"medium"}},{"type":"Feature","geometry":{"type":"Polygon","coordinates":[[[11.73,53.06],[10.36,53.46],[10.36,53.6],[10.19,53.66],[10.19,53.87],[10.01,53.94],[10.1,54.34],[9.15,54.21],[8.89,54.34],[8.8,54.21],[8.8,54.14],[8.89,53.87],[8.46,53.94],[8.38,53.73],[8.38,53.66],[8.47,53.39],[8.3,53.26],[7.36,53.06],[7.27,53.06],[7.1,52.92],[6.85,52.92],[6.67,53.12],[6.5,53.12],[6.33,53.06],[6.34,52.79],[6.08,52.79],[5.91,52.65],[5.65,52.65],[5.56,52.92],[5.39,52.92],[5.39,52.86],[5.31,52.86],[5.31,52.79],[5.22,52.79],[5.22,52.72],[5.23,52.65],[5.32,52.45],[5.15,52.45],[5.05,52.25],[4.99,52.25],[4.65,52.25],[4.65,52.12],[4.57,52.12],[4.57,52.05],[5.51,52.05],[5.94,51.85],[5.94,51.71],[6.2,51.51],[5.96,51.18],[5.97,50.91],[5.97,50.85],[6.32,50.45],[6.32,50.31],[6.08,50.11],[6.16,50.11],[6.17,49.91],[6.34,49.85],[6.27,49.38],[6.44,49.32],[6.44,49.12],[6.28,48.99],[6.21,48.72],[6.04,48.72],[5.8,48.46],[5.47,48.32],[5.48,48.06],[6.15,47.93],[6.31,47.99],[6.98,47.86],[7.14,48.06],[7.04,48.52],[7.21,48.59],[7.2,48.92],[7.53,49.05],[8.11,48.99],[8.12,48.65],[8.45,48.59],[8.78,48.65],[8.95,48.85],[9.78,49.18],[9.86,49.32],[10.28,49.38],[10.44,49.32],[10.61,48.59],[10.11,48.46],[9.95,47.86],[9.87,47.86],[9.95,47.8],[9.95,47.73],[9.54,47.4],[9.63,46.94],[9.38,46.68],[9.39,46.41],[10.04,46.28],[10.12,46.41],[10.04,46.41],[10.04,46.61],[10.86,46.55],[11.6,46.68],[13.65,46.55],[13.73,46.48],[13.64,46.35],[13.96,45.96],[13.96,45.76],[14.28,45.56],[14.28,45.43],[14.93,45.43],[15.09,45.3],[15.42,45.3],[15.57,45.1],[15.98,45.1],[16.14,44.97],[16.46,44.97],[16.54,44.84],[16.78,44.91],[16.86,44.91],[17.35,44.91],[17.52,45.04],[17.76,44.97],[17.93,45.1],[18.74,45.04],[18.81,44.84],[19.06,44.91],[19.14,44.91],[19.24,45.3],[19.0,45.37],[19.0,45.5],[18.92,45.5],[18.93,45.56],[18.78,45.89],[18.86,45.89],[19.05,46.41],[18.81,46.61],[18.84,47.07],[19.17,47.2],[19.19,47.47],[19.03,47.53],[18.95,47.73],[17.71,47.73],[17.06,47.99],[16.66,48.32],[16.08,48.19],[15.5,48.19],[15.17,48.32],[14.51,48.26],[14.51,48.39],[14.18,48.52],[14.18,48.65],[13.61,48.85],[13.11,49.25],[12.7,49.38],[12.53,49.52],[12.53,49.65],[12.37,49.71],[12.37,49.98],[12.04,50.25],[12.04,50.58],[12.21,50.65],[12.13,51.05],[11.29,51.31],[11.29,51.51],[11.55,51.65],[11.55,51.85],[11.8,52.05],[11.72,52.05],[11.55,52.18],[11.55,52.32],[11.64,52.32],[11.64,52.65],[11.73,52.65],[11.73,52.99],[11.73,53.06]]]},"properties":{"id":"territory:East Franks:878","name":"동프랑크","name_en":"East Franks","actor":"게르만","valid_from":878,"valid_to":880,"wikidata":"Q153080","area":430344,"src":"cliopatria","confidence":"medium"}},{"type":"Feature","geometry":{"type":"Point","coordinates":[11.567,49.204]},"properties":{"id":"territory:East Franks:878:label","name":"동프랑크","name_en":"East Franks","actor":"게르만","valid_from":878,"valid_to":880,"wikidata":"Q153080","area":430344,"src":"cliopatria","confidence":"medium"}},{"type":"Feature","geometry":{"type":"MultiPolygon","coordinates":[[[[20.45,40.81],[20.45,40.87],[20.53,40.87],[20.53,40.81],[20.45,40.81]]],[[[23.06,47.47],[22.97,47.33],[23.21,47.2],[23.2,47.07],[23.37,47.14],[23.25,46.74],[23.33,46.74],[23.32,46.55],[23.48,46.48],[23.39,46.35],[23.53,46.15],[23.51,45.89],[23.68,45.89],[23.59,45.76],[23.57,45.56],[23.73,45.56],[23.62,45.17],[23.84,44.91],[24.41,44.91],[24.73,44.78],[24.98,44.91],[25.79,44.91],[26.38,45.1],[26.7,45.04],[26.79,45.17],[27.19,45.1],[27.77,45.24],[27.78,45.3],[28.46,45.56],[28.65,45.82],[28.68,46.09],[28.76,46.09],[28.72,46.48],[29.01,46.87],[29.04,47.14],[29.83,47.53],[30.92,47.66],[32.74,47.66],[34.11,47.47],[34.08,47.27],[33.69,46.87],[32.92,46.61],[32.17,46.55],[32.18,46.61],[32.03,46.74],[31.79,46.74],[31.61,46.61],[30.88,46.68],[30.3,45.96],[30.04,45.89],[29.86,45.69],[29.61,45.69],[29.62,45.04],[29.53,44.91],[29.11,44.78],[29.02,44.78],[29.05,44.97],[28.8,44.97],[28.84,44.58],[28.58,44.39],[28.54,43.99],[28.62,43.99],[28.48,43.47],[28.16,43.47],[28.23,43.34],[27.9,43.28],[27.8,43.15],[27.85,42.76],[27.51,42.63],[27.5,42.5],[27.49,42.43],[27.33,42.43],[27.07,42.17],[26.91,42.17],[26.81,41.98],[26.57,41.91],[25.93,41.91],[25.71,42.11],[25.47,42.11],[25.22,42.04],[25.21,41.91],[24.81,41.85],[24.77,41.39],[24.6,41.2],[24.58,41.0],[24.51,41.0],[24.35,41.0],[24.01,40.74],[23.78,40.81],[23.7,40.81],[23.47,41.0],[23.16,41.0],[22.25,40.55],[21.86,40.55],[21.45,40.36],[20.75,40.48],[20.6,40.74],[20.61,40.81],[20.46,41.0],[20.55,41.2],[20.4,41.46],[20.52,42.11],[20.37,42.3],[20.46,42.43],[20.95,42.63],[20.96,42.82],[21.12,42.89],[21.05,43.08],[21.14,43.21],[21.06,43.21],[21.07,43.41],[20.76,43.47],[20.84,43.6],[20.68,43.6],[20.53,43.8],[19.9,43.93],[19.81,43.93],[19.5,43.99],[19.11,44.32],[19.12,44.52],[19.12,44.58],[19.29,44.78],[19.3,44.91],[19.22,44.91],[19.14,44.91],[19.24,45.3],[19.0,45.37],[19.0,45.5],[19.01,45.56],[18.93,45.56],[18.86,45.82],[18.78,45.82],[18.96,46.28],[19.04,46.28],[18.97,46.55],[18.81,46.61],[18.92,47.07],[18.92,47.14],[19.0,47.14],[19.09,47.14],[19.19,47.47],[19.03,47.53],[18.95,47.73],[19.86,47.66],[20.29,47.93],[20.95,47.93],[21.02,47.8],[21.43,47.73],[21.5,47.53],[21.83,47.53],[21.91,47.53],[22.17,47.66],[22.73,47.47],[22.73,47.4],[23.06,47.47]]],[[[23.47,46.35],[23.47,46.41],[23.55,46.41],[23.55,46.35],[23.47,46.35]]]]},"properties":{"id":"territory:First Bulgarian Empire:850","name":"제1차 불가리아 제국","name_en":"First Bulgarian Empire","actor":"기타중립","valid_from":850,"valid_to":860,"wikidata":"Q203817","area":428320,"src":"cliopatria","confidence":"medium"}},{"type":"Feature","geometry":{"type":"Point","coordinates":[24.217,44.477]},"properties":{"id":"territory:First Bulgarian Empire:850:label","name":"제1차 불가리아 제국","name_en":"First Bulgarian Empire","actor":"기타중립","valid_from":850,"valid_to":860,"wikidata":"Q203817","area":428320,"src":"cliopatria","confidence":"medium"}},{"type":"Feature","geometry":{"type":"MultiPolygon","coordinates":[[[[20.53,40.81],[20.45,40.81],[20.45,40.87],[20.53,40.87],[20.53,40.81]]],[[[33.48,47.66],[33.62,47.53],[34.04,47.53],[34.12,47.53],[34.08,47.27],[33.69,46.87],[32.92,46.61],[32.17,46.55],[32.18,46.61],[32.03,46.74],[31.79,46.74],[31.61,46.61],[30.88,46.68],[30.3,45.96],[30.04,45.89],[29.86,45.69],[29.61,45.69],[29.58,45.43],[29.67,45.43],[29.53,44.91],[29.02,44.78],[29.05,44.97],[28.8,44.97],[28.84,44.58],[28.58,44.39],[28.54,43.99],[28.62,43.99],[28.48,43.47],[28.16,43.47],[28.23,43.34],[27.9,43.28],[27.8,43.15],[27.85,42.76],[27.51,42.63],[27.49,42.43],[27.94,42.04],[27.93,41.98],[27.45,41.98],[27.38,42.11],[27.06,42.11],[26.57,41.91],[25.93,41.91],[25.71,42.11],[25.47,42.11],[25.22,42.04],[25.21,41.91],[24.81,41.85],[24.78,41.46],[24.52,41.26],[23.16,41.0],[22.25,40.55],[21.14,40.36],[20.75,40.48],[20.6,40.74],[20.61,40.81],[20.46,41.0],[20.55,41.2],[20.4,41.46],[20.52,42.11],[20.37,42.3],[20.46,42.43],[20.95,42.63],[20.96,42.82],[21.12,42.89],[21.05,43.08],[21.14,43.21],[21.06,43.21],[21.07,43.41],[20.76,43.47],[20.84,43.6],[20.68,43.6],[20.53,43.8],[19.9,43.93],[19.81,43.93],[19.5,43.99],[19.11,44.32],[19.12,44.52],[19.12,44.58],[19.29,44.78],[19.3,44.91],[19.22,44.91],[19.14,44.91],[19.24,45.3],[19.0,45.37],[19.0,45.5],[19.01,45.56],[18.93,45.56],[18.78,45.89],[18.86,45.89],[19.05,46.41],[18.81,46.61],[18.84,47.07],[19.17,47.2],[19.19,47.47],[19.03,47.53],[18.95,47.73],[19.04,47.73],[19.12,47.73],[19.12,47.8],[19.44,47.66],[19.86,47.66],[20.29,47.93],[20.95,47.93],[21.02,47.8],[21.43,47.73],[21.5,47.53],[22.41,47.6],[22.64,47.4],[22.97,47.4],[23.28,47.07],[23.31,46.48],[23.47,46.35],[23.51,45.89],[23.6,45.89],[23.62,45.1],[23.84,44.91],[24.17,44.91],[24.4,44.78],[26.21,45.04],[26.61,44.97],[26.7,45.1],[27.02,45.04],[27.2,45.17],[27.77,45.24],[27.87,45.37],[28.37,45.5],[28.65,45.82],[28.77,46.15],[28.69,46.15],[28.72,46.48],[29.01,46.87],[29.04,47.14],[29.83,47.53],[31.08,47.66],[31.17,47.66],[33.48,47.66]]]]},"properties":{"id":"territory:First Bulgarian Empire:898","name":"제1차 불가리아 제국","name_en":"First Bulgarian Empire","actor":"기타중립","valid_from":898,"valid_to":900,"wikidata":"Q203817","area":426763,"src":"cliopatria","confidence":"medium"}},{"type":"Feature","geometry":{"type":"Point","coordinates":[24.242,44.488]},"properties":{"id":"territory:First Bulgarian Empire:898:label","name":"제1차 불가리아 제국","name_en":"First Bulgarian Empire","actor":"기타중립","valid_from":898,"valid_to":900,"wikidata":"Q203817","area":426763,"src":"cliopatria","confidence":"medium"}},{"type":"Feature","geometry":{"type":"MultiPolygon","coordinates":[[[[14.64,55.29],[14.99,55.23],[15.08,55.23],[15.07,55.02],[14.64,55.09],[14.64,55.29]]],[[[10.63,55.98],[10.63,55.77],[10.54,55.77],[10.36,55.77],[10.45,55.98],[10.63,55.98]]],[[[10.28,56.25],[10.28,55.98],[10.01,55.91],[9.93,55.7],[9.75,55.7],[9.75,55.57],[10.63,55.63],[10.63,55.5],[10.8,55.43],[10.8,55.16],[10.89,55.16],[10.88,54.95],[10.71,54.75],[10.54,54.75],[10.54,55.02],[9.93,55.09],[10.01,55.02],[9.93,54.55],[10.19,54.55],[10.19,54.41],[10.1,54.41],[10.1,54.34],[9.15,54.21],[8.89,54.34],[8.8,54.21],[8.72,54.21],[8.54,54.27],[8.54,54.41],[8.8,54.48],[8.8,54.61],[8.53,54.82],[8.44,55.23],[8.53,55.23],[8.53,55.36],[8.35,55.5],[8.09,55.5],[8.09,55.63],[8.0,55.63],[8.08,56.11],[7.99,56.11],[7.98,56.66],[8.24,56.73],[8.15,56.87],[8.24,56.87],[8.24,57.01],[8.5,57.21],[9.39,57.21],[9.66,57.42],[9.66,57.56],[9.83,57.56],[9.92,57.7],[10.46,57.77],[10.55,57.28],[10.28,57.08],[10.28,56.59],[10.9,56.52],[10.81,56.18],[10.54,56.18],[10.54,56.11],[10.36,56.11],[10.37,56.25],[10.28,56.25]]],[[[17.06,68.12],[17.16,68.12],[17.15,68.05],[17.05,68.05],[17.04,67.97],[16.94,67.97],[16.94,67.89],[16.84,67.89],[16.83,67.82],[16.74,67.82],[16.74,67.89],[16.64,67.82],[16.43,67.74],[16.53,67.74],[16.53,67.67],[16.43,67.67],[16.43,67.74],[16.23,67.67],[16.32,67.52],[15.72,67.37],[13.79,65.96],[13.6,65.96],[12.9,65.44],[12.9,65.3],[12.7,65.15],[12.41,65.08],[12.5,64.93],[12.22,64.93],[12.02,64.79],[12.02,64.64],[11.73,64.49],[11.73,64.35],[11.44,64.06],[11.43,63.84],[11.34,63.84],[11.34,63.7],[11.05,63.41],[11.14,63.26],[10.95,63.26],[10.95,63.12],[10.86,63.12],[10.86,62.9],[10.76,62.9],[10.85,62.69],[10.57,62.62],[10.94,61.48],[11.21,61.19],[11.39,60.77],[11.93,60.35],[12.29,60.21],[12.48,60.28],[12.48,60.14],[12.66,60.07],[13.84,59.92],[14.2,59.78],[14.38,59.85],[14.65,59.71],[15.38,59.78],[15.65,59.71],[15.84,59.85],[16.57,59.92],[16.76,60.14],[17.13,60.21],[17.62,60.63],[17.99,60.63],[18.07,60.49],[18.61,60.42],[18.5,60.21],[18.78,60.21],[19.03,60.0],[19.01,59.71],[18.83,59.71],[18.63,59.5],[18.35,59.43],[18.41,59.09],[18.14,59.09],[17.95,58.88],[17.5,58.88],[17.49,58.74],[17.13,58.74],[17.03,58.6],[16.85,58.6],[16.84,58.46],[16.66,58.46],[16.83,58.32],[16.81,58.04],[16.63,57.9],[16.71,57.83],[16.7,57.7],[16.61,57.7],[16.69,57.42],[16.5,57.28],[16.48,56.87],[16.76,57.08],[16.86,57.35],[17.13,57.42],[17.12,57.28],[16.94,57.14],[16.92,56.94],[16.74,56.8],[16.63,56.39],[16.27,56.25],[16.28,56.52],[16.19,56.52],[16.09,56.25],[15.82,56.11],[14.77,56.18],[14.76,55.98],[14.23,55.91],[14.3,55.36],[12.81,55.36],[12.73,55.5],[12.9,55.57],[12.91,55.77],[12.56,55.98],[12.56,55.7],[12.2,55.57],[12.38,55.43],[12.37,55.23],[12.11,55.16],[12.1,54.75],[10.88,54.75],[10.97,55.02],[11.67,54.89],[11.67,55.09],[11.5,55.23],[10.97,55.29],[11.06,55.57],[10.89,55.63],[10.89,55.77],[11.24,55.84],[11.33,56.05],[11.6,56.05],[11.77,55.84],[11.86,56.11],[12.48,56.18],[12.48,56.32],[12.66,56.32],[12.57,56.52],[12.75,56.52],[12.75,56.66],[12.4,56.8],[12.41,56.94],[12.14,57.08],[12.06,57.35],[11.79,57.42],[11.71,58.11],[11.45,58.11],[11.45,58.32],[11.18,58.39],[11.1,59.16],[10.83,59.16],[10.56,59.36],[10.56,59.64],[10.37,59.5],[10.47,59.43],[10.37,59.16],[10.19,59.16],[10.01,58.95],[9.65,59.02],[9.56,58.88],[9.38,58.88],[9.38,58.74],[9.11,58.74],[9.11,58.6],[8.93,58.6],[8.67,58.32],[7.6,57.97],[6.61,58.04],[6.52,58.25],[5.97,58.32],[5.51,58.6],[5.5,59.02],[5.95,59.02],[6.03,59.36],[5.84,59.43],[5.85,59.29],[5.21,59.29],[5.28,59.78],[5.19,59.78],[5.18,60.0],[5.45,60.14],[5.26,60.28],[4.9,60.21],[4.89,60.42],[5.16,60.49],[4.95,61.05],[5.13,61.19],[5.03,61.19],[4.93,61.48],[5.2,61.62],[4.92,61.62],[4.91,61.76],[5.19,61.9],[5.08,62.26],[5.45,62.19],[5.44,62.4],[5.72,62.4],[5.73,62.19],[5.92,62.19],[5.91,62.4],[6.56,62.47],[6.64,62.76],[7.4,62.62],[7.39,62.76],[6.92,62.83],[6.92,63.05],[7.95,63.05],[7.94,63.19],[8.6,63.34],[8.6,63.41],[8.22,63.41],[8.22,63.34],[7.75,63.34],[7.84,63.55],[8.22,63.48],[8.5,63.7],[9.07,63.7],[8.98,63.48],[9.26,63.41],[9.35,63.62],[9.54,63.62],[9.54,63.91],[9.92,63.99],[9.92,64.13],[10.3,64.28],[10.3,64.42],[10.87,64.64],[11.16,64.64],[11.35,64.49],[11.44,64.57],[11.35,64.86],[11.45,64.86],[11.45,65.0],[11.74,65.08],[11.84,65.22],[12.13,65.15],[12.04,65.44],[12.13,65.44],[12.14,65.59],[12.53,65.74],[12.53,65.88],[12.34,65.88],[12.44,66.11],[12.34,66.11],[12.35,66.25],[12.64,66.25],[12.63,66.11],[12.82,66.03],[12.93,66.25],[13.12,66.25],[12.94,66.62],[13.23,66.62],[13.24,66.77],[13.63,66.77],[13.54,67.0],[13.64,67.07],[14.13,67.07],[14.44,67.3],[14.55,67.52],[14.95,67.67],[15.07,67.97],[15.36,67.97],[15.58,68.27],[15.88,68.27],[15.88,68.35],[15.09,68.42],[14.98,68.27],[14.19,68.2],[14.19,68.35],[14.4,68.5],[14.9,68.57],[14.91,68.73],[14.41,68.65],[14.52,68.88],[15.13,69.11],[15.13,69.03],[15.33,69.03],[15.32,68.8],[15.52,68.8],[15.44,69.18],[15.75,69.33],[16.15,69.33],[16.14,69.18],[15.94,69.11],[15.92,68.88],[16.62,68.88],[16.61,68.73],[17.21,68.8],[17.23,69.03],[17.33,69.03],[17.32,68.88],[17.52,68.88],[17.65,69.18],[17.04,69.11],[16.96,69.33],[16.86,69.33],[16.87,69.49],[17.89,69.64],[17.98,69.49],[18.58,69.49],[18.59,69.56],[18.19,69.56],[18.31,69.79],[18.92,69.79],[18.79,69.56],[19.38,69.41],[19.16,69.26],[18.65,69.18],[18.43,68.95],[18.02,68.88],[17.9,68.73],[18.0,68.73],[18.0,68.65],[17.29,68.5],[17.27,68.27],[17.06,68.12]],[[17.06,68.12],[16.95,68.05],[17.05,68.05],[17.06,68.12]],[[16.95,68.04],[16.85,67.97],[16.94,67.97],[16.95,68.04]],[[16.85,67.97],[16.74,67.89],[16.84,67.89],[16.85,67.97]]],[[[16.43,67.67],[16.42,67.59],[16.32,67.59],[16.33,67.67],[16.43,67.67]]],[[[12.79,68.05],[12.89,68.05],[12.89,68.12],[13.19,68.12],[13.19,67.97],[12.79,67.89],[12.79,68.05]]],[[[13.59,68.12],[13.58,68.05],[13.39,68.05],[13.39,68.12],[13.39,68.2],[13.7,68.42],[14.1,68.42],[14.09,68.2],[13.59,68.12]]],[[[19.05,57.97],[19.03,57.83],[18.84,57.7],[18.91,57.42],[18.45,57.21],[18.34,56.94],[18.08,56.94],[18.03,57.49],[18.03,57.56],[18.23,57.83],[18.6,57.97],[19.05,57.97]]],[[[40.49,57.9],[40.47,57.83],[40.38,57.83],[40.4,57.9],[40.49,57.9]]],[[[16.74,67.82],[16.73,67.74],[16.63,67.74],[16.64,67.82],[16.74,67.82]]],[[[17.78,68.42],[17.68,68.42],[17.68,68.5],[17.78,68.5],[17.88,68.5],[17.88,68.42],[17.78,68.42]]],[[[18.08,68.42],[17.89,68.57],[18.2,68.65],[18.08,68.5],[18.08,68.42]]]]},"properties":{"id":"territory:Scandinavian minor kingdoms:825","name":"스칸디나비아 소왕국","name_en":"Scandinavian minor kingdoms","actor":"기타중립","valid_from":825,"valid_to":866,"wikidata":"Q213649","area":426215,"src":"cliopatria","confidence":"medium"}},{"type":"Feature","geometry":{"type":"Point","coordinates":[11.679,60.67]},"properties":{"id":"territory:Scandinavian minor kingdoms:825:label","name":"스칸디나비아 소왕국","name_en":"Scandinavian minor kingdoms","actor":"기타중립","valid_from":825,"valid_to":866,"wikidata":"Q213649","area":426215,"src":"cliopatria","confidence":"medium"}},{"type":"Feature","geometry":{"type":"MultiPolygon","coordinates":[[[[14.64,55.29],[14.99,55.23],[15.08,55.23],[15.07,55.02],[14.64,55.09],[14.64,55.29]]],[[[10.63,55.98],[10.63,55.77],[10.54,55.77],[10.36,55.77],[10.45,55.98],[10.63,55.98]]],[[[10.28,56.25],[10.28,55.98],[10.01,55.91],[9.93,55.7],[9.75,55.7],[9.75,55.57],[10.63,55.63],[10.63,55.5],[10.8,55.43],[10.8,55.16],[10.89,55.16],[10.88,54.95],[10.71,54.75],[10.54,54.75],[10.54,55.02],[9.93,55.09],[10.01,55.02],[9.93,54.55],[10.19,54.55],[10.19,54.41],[10.1,54.41],[10.1,54.34],[9.15,54.21],[8.89,54.34],[8.8,54.21],[8.72,54.21],[8.54,54.27],[8.54,54.41],[8.8,54.48],[8.8,54.61],[8.53,54.82],[8.44,55.23],[8.53,55.23],[8.53,55.36],[8.35,55.5],[8.09,55.5],[8.09,55.63],[8.0,55.63],[8.08,56.11],[7.99,56.11],[7.98,56.66],[8.24,56.73],[8.15,56.87],[8.24,56.87],[8.24,57.01],[8.5,57.21],[9.39,57.21],[9.66,57.42],[9.66,57.56],[9.83,57.56],[9.92,57.7],[10.46,57.77],[10.55,57.28],[10.28,57.08],[10.28,56.59],[10.9,56.52],[10.81,56.18],[10.54,56.18],[10.54,56.11],[10.36,56.11],[10.37,56.25],[10.28,56.25]]],[[[17.06,68.12],[17.16,68.12],[17.15,68.05],[17.05,68.05],[17.04,67.97],[16.94,67.97],[16.94,67.89],[16.84,67.89],[16.83,67.82],[16.74,67.82],[16.74,67.89],[16.64,67.82],[16.43,67.74],[16.53,67.74],[16.53,67.67],[16.43,67.67],[16.43,67.74],[16.23,67.67],[16.32,67.52],[15.72,67.37],[13.79,65.96],[13.6,65.96],[12.9,65.44],[12.9,65.3],[12.7,65.15],[12.41,65.08],[12.5,64.93],[12.22,64.93],[12.02,64.79],[12.02,64.64],[11.73,64.49],[11.73,64.35],[11.44,64.06],[11.43,63.84],[11.34,63.84],[11.34,63.7],[11.05,63.41],[11.14,63.26],[10.95,63.26],[10.95,63.12],[10.86,63.12],[10.86,62.9],[10.76,62.9],[10.85,62.69],[10.57,62.62],[10.94,61.48],[11.21,61.19],[11.39,60.77],[11.93,60.35],[12.29,60.21],[12.48,60.28],[12.48,60.14],[12.66,60.07],[13.84,59.92],[14.2,59.78],[14.38,59.85],[14.65,59.71],[15.38,59.78],[15.65,59.71],[15.84,59.85],[16.57,59.92],[16.76,60.14],[17.13,60.21],[17.62,60.63],[17.99,60.63],[18.07,60.49],[18.61,60.42],[18.5,60.21],[18.78,60.21],[19.03,60.0],[19.01,59.71],[18.83,59.71],[18.63,59.5],[18.35,59.43],[18.41,59.09],[18.14,59.09],[17.95,58.88],[17.5,58.88],[17.49,58.74],[17.13,58.74],[17.03,58.6],[16.85,58.6],[16.84,58.46],[16.66,58.46],[16.83,58.32],[16.81,58.04],[16.63,57.9],[16.71,57.83],[16.7,57.7],[16.61,57.7],[16.69,57.42],[16.5,57.28],[16.48,56.87],[16.76,57.08],[16.86,57.35],[17.13,57.42],[17.12,57.28],[16.94,57.14],[16.92,56.94],[16.74,56.8],[16.63,56.39],[16.27,56.25],[16.28,56.52],[16.19,56.52],[16.09,56.25],[15.82,56.11],[14.77,56.18],[14.76,55.98],[14.23,55.91],[14.3,55.36],[12.81,55.36],[12.73,55.5],[12.9,55.57],[12.91,55.77],[12.56,55.98],[12.56,55.7],[12.2,55.57],[12.38,55.43],[12.37,55.23],[12.11,55.16],[12.1,54.75],[10.88,54.75],[10.97,55.02],[11.67,54.89],[11.67,55.09],[11.5,55.23],[10.97,55.29],[11.06,55.57],[10.89,55.63],[10.89,55.77],[11.24,55.84],[11.33,56.05],[11.6,56.05],[11.77,55.84],[11.86,56.11],[12.48,56.18],[12.48,56.32],[12.66,56.32],[12.57,56.52],[12.75,56.52],[12.75,56.66],[12.4,56.8],[12.41,56.94],[12.14,57.08],[12.06,57.35],[11.79,57.42],[11.71,58.11],[11.45,58.11],[11.45,58.32],[11.18,58.39],[11.1,59.16],[10.83,59.16],[10.56,59.36],[10.56,59.64],[10.37,59.5],[10.47,59.43],[10.37,59.16],[10.19,59.16],[10.01,58.95],[9.65,59.02],[9.56,58.88],[9.38,58.88],[9.38,58.74],[9.11,58.74],[9.11,58.6],[8.93,58.6],[8.67,58.32],[7.6,57.97],[6.61,58.04],[6.52,58.25],[5.97,58.32],[5.51,58.6],[5.5,59.02],[5.95,59.02],[6.03,59.36],[5.84,59.43],[5.85,59.29],[5.21,59.29],[5.28,59.78],[5.19,59.78],[5.18,60.0],[5.45,60.14],[5.26,60.28],[4.9,60.21],[4.89,60.42],[5.16,60.49],[4.95,61.05],[5.13,61.19],[5.03,61.19],[4.93,61.48],[5.2,61.62],[4.92,61.62],[4.91,61.76],[5.19,61.9],[5.08,62.26],[5.45,62.19],[5.44,62.4],[5.72,62.4],[5.73,62.19],[5.92,62.19],[5.91,62.4],[6.56,62.47],[6.64,62.76],[7.4,62.62],[7.39,62.76],[6.92,62.83],[6.92,63.05],[7.95,63.05],[7.94,63.19],[8.6,63.34],[8.6,63.41],[8.22,63.41],[8.22,63.34],[7.75,63.34],[7.84,63.55],[8.22,63.48],[8.5,63.7],[9.07,63.7],[8.98,63.48],[9.26,63.41],[9.35,63.62],[9.54,63.62],[9.54,63.91],[9.92,63.99],[9.92,64.13],[10.3,64.28],[10.3,64.42],[10.87,64.64],[11.16,64.64],[11.35,64.49],[11.44,64.57],[11.35,64.86],[11.45,64.86],[11.45,65.0],[11.74,65.08],[11.84,65.22],[12.13,65.15],[12.04,65.44],[12.13,65.44],[12.14,65.59],[12.53,65.74],[12.53,65.88],[12.34,65.88],[12.44,66.11],[12.34,66.11],[12.35,66.25],[12.64,66.25],[12.63,66.11],[12.82,66.03],[12.93,66.25],[13.12,66.25],[12.94,66.62],[13.23,66.62],[13.24,66.77],[13.63,66.77],[13.54,67.0],[13.64,67.07],[14.13,67.07],[14.44,67.3],[14.55,67.52],[14.95,67.67],[15.07,67.97],[15.36,67.97],[15.58,68.27],[15.88,68.27],[15.88,68.35],[15.09,68.42],[14.98,68.27],[14.19,68.2],[14.19,68.35],[14.4,68.5],[14.9,68.57],[14.91,68.73],[14.41,68.65],[14.52,68.88],[15.13,69.11],[15.13,69.03],[15.33,69.03],[15.32,68.8],[15.52,68.8],[15.44,69.18],[15.75,69.33],[16.15,69.33],[16.14,69.18],[15.94,69.11],[15.92,68.88],[16.62,68.88],[16.61,68.73],[17.21,68.8],[17.23,69.03],[17.33,69.03],[17.32,68.88],[17.52,68.88],[17.65,69.18],[17.04,69.11],[16.96,69.33],[16.86,69.33],[16.87,69.49],[17.89,69.64],[17.98,69.49],[18.58,69.49],[18.59,69.56],[18.19,69.56],[18.31,69.79],[18.92,69.79],[18.79,69.56],[19.38,69.41],[19.16,69.26],[18.65,69.18],[18.43,68.95],[18.02,68.88],[17.9,68.73],[18.0,68.73],[18.0,68.65],[17.29,68.5],[17.27,68.27],[17.06,68.12]],[[17.06,68.12],[16.95,68.05],[17.05,68.05],[17.06,68.12]],[[16.95,68.04],[16.85,67.97],[16.94,67.97],[16.95,68.04]],[[16.85,67.97],[16.74,67.89],[16.84,67.89],[16.85,67.97]]],[[[16.43,67.67],[16.42,67.59],[16.32,67.59],[16.33,67.67],[16.43,67.67]]],[[[12.79,67.89],[12.79,68.05],[12.89,68.05],[12.89,68.12],[13.19,68.12],[13.19,67.97],[12.79,67.89]]],[[[14.09,68.2],[13.59,68.12],[13.58,68.05],[13.39,68.05],[13.39,68.12],[13.39,68.2],[13.7,68.42],[14.1,68.42],[14.09,68.2]]],[[[19.05,57.97],[19.03,57.83],[18.84,57.7],[18.91,57.42],[18.45,57.21],[18.34,56.94],[18.08,56.94],[18.03,57.49],[18.03,57.56],[18.23,57.83],[18.6,57.97],[19.05,57.97]]],[[[16.74,67.82],[16.73,67.74],[16.63,67.74],[16.64,67.82],[16.74,67.82]]],[[[17.78,68.42],[17.68,68.42],[17.68,68.5],[17.78,68.5],[17.88,68.5],[17.88,68.42],[17.78,68.42]]],[[[18.08,68.42],[17.89,68.57],[18.2,68.65],[18.08,68.5],[18.08,68.42]]]]},"properties":{"id":"territory:Scandinavian minor kingdoms:814","name":"스칸디나비아 소왕국","name_en":"Scandinavian minor kingdoms","actor":"기타중립","valid_from":814,"valid_to":825,"wikidata":"Q213649","area":426174,"src":"cliopatria","confidence":"medium"}},{"type":"Feature","geometry":{"type":"Point","coordinates":[11.679,60.67]},"properties":{"id":"territory:Scandinavian minor kingdoms:814:label","name":"스칸디나비아 소왕국","name_en":"Scandinavian minor kingdoms","actor":"기타중립","valid_from":814,"valid_to":825,"wikidata":"Q213649","area":426174,"src":"cliopatria","confidence":"medium"}},{"type":"Feature","geometry":{"type":"MultiPolygon","coordinates":[[[[-1.69,43.41],[-1.61,43.41],[-1.53,43.41],[-1.53,43.34],[-1.61,43.34],[-1.6,43.28],[-1.68,43.28],[-1.69,43.34],[-1.69,43.41]]],[[[3.64,50.31],[3.82,50.05],[4.58,49.91],[4.68,49.45],[5.03,49.12],[4.87,48.99],[4.88,48.52],[5.22,48.46],[5.47,48.26],[5.48,48.06],[5.65,48.06],[5.82,47.86],[5.82,47.73],[5.58,47.66],[5.59,47.14],[5.19,46.81],[5.29,46.48],[5.04,46.41],[5.05,46.28],[4.89,46.22],[4.9,46.02],[4.73,45.96],[4.65,46.09],[4.4,46.09],[4.33,45.96],[3.92,45.96],[3.93,45.63],[4.01,45.63],[3.94,45.37],[4.35,45.3],[4.36,45.1],[4.12,44.91],[3.96,44.91],[3.97,44.65],[4.22,44.39],[4.47,44.32],[4.48,44.12],[4.73,43.93],[4.57,43.73],[4.41,43.73],[4.34,43.47],[4.26,43.47],[4.17,43.6],[3.85,43.6],[2.98,43.15],[3.01,42.56],[3.18,42.37],[3.12,41.91],[2.57,41.59],[2.33,41.59],[2.11,41.33],[1.87,41.26],[1.79,41.26],[1.37,41.85],[0.72,41.91],[0.56,42.04],[0.16,41.98],[0.07,42.11],[-0.49,42.24],[-0.19,42.5],[-0.12,42.76],[-0.77,42.89],[-1.44,43.28],[-1.21,43.47],[-1.22,43.6],[-1.39,43.67],[-1.39,43.73],[-1.22,44.78],[-1.23,44.84],[-0.82,44.84],[-0.73,44.71],[-0.4,44.65],[-0.42,44.91],[-0.67,45.04],[-0.78,45.37],[-1.04,45.56],[-1.04,45.63],[-1.21,45.76],[-1.14,45.89],[-1.22,45.89],[-1.25,46.28],[-1.67,46.35],[-2.01,46.61],[-2.02,46.74],[-2.19,46.81],[-2.14,47.14],[-2.23,47.27],[-2.56,47.27],[-2.58,47.47],[-2.83,47.53],[-2.84,47.6],[-2.45,47.86],[-1.8,47.99],[-1.65,48.19],[-1.65,48.26],[-1.67,48.46],[-1.51,48.52],[-1.6,48.65],[-1.61,48.72],[-1.72,49.05],[-1.64,49.05],[-1.65,49.25],[-1.91,49.38],[-2.03,49.78],[-1.36,49.78],[-1.25,49.45],[0.01,49.38],[-0.01,49.65],[0.22,49.85],[1.05,49.98],[1.45,50.25],[1.42,50.71],[1.66,51.05],[2.58,51.18],[2.74,51.31],[3.32,51.45],[3.41,51.45],[3.5,51.25],[4.26,51.31],[4.03,50.78],[3.54,50.58],[3.55,50.38],[3.63,50.38],[3.64,50.31]]]]},"properties":{"id":"territory:West Franks:850","name":"서프랑크","name_en":"West Franks","actor":"게르만","valid_from":850,"valid_to":860,"wikidata":"Q46370","area":425933,"src":"cliopatria","confidence":"medium"}},{"type":"Feature","geometry":{"type":"Point","coordinates":[1.677,46.543]},"properties":{"id":"territory:West Franks:850:label","name":"서프랑크","name_en":"West Franks","actor":"게르만","valid_from":850,"valid_to":860,"wikidata":"Q46370","area":425933,"src":"cliopatria","confidence":"medium"}},{"type":"Feature","geometry":{"type":"MultiPolygon","coordinates":[[[[20.53,40.81],[20.45,40.81],[20.45,40.87],[20.53,40.87],[20.53,40.81]]],[[[23.06,47.47],[22.97,47.33],[23.21,47.2],[23.2,47.07],[23.37,47.14],[23.25,46.74],[23.33,46.74],[23.32,46.55],[23.48,46.48],[23.39,46.35],[23.53,46.15],[23.51,45.89],[23.68,45.89],[23.59,45.76],[23.57,45.56],[23.73,45.56],[23.62,45.17],[23.84,44.91],[24.41,44.91],[24.73,44.78],[24.98,44.91],[25.79,44.91],[26.38,45.1],[26.7,45.04],[26.79,45.17],[27.19,45.1],[27.77,45.24],[27.78,45.3],[28.46,45.56],[28.65,45.82],[28.68,46.09],[28.76,46.09],[28.72,46.48],[29.01,46.87],[29.04,47.14],[29.83,47.53],[30.92,47.66],[32.74,47.66],[34.11,47.47],[34.08,47.27],[33.69,46.87],[32.92,46.61],[32.17,46.55],[32.18,46.61],[32.03,46.74],[31.79,46.74],[31.61,46.61],[30.88,46.68],[30.3,45.96],[30.04,45.89],[29.86,45.69],[29.61,45.69],[29.58,45.43],[29.67,45.43],[29.53,44.91],[29.02,44.78],[29.05,44.97],[28.8,44.97],[28.84,44.58],[28.58,44.39],[28.54,43.99],[28.62,43.99],[28.48,43.47],[28.16,43.47],[28.23,43.34],[27.9,43.28],[27.8,43.15],[27.85,42.76],[27.51,42.63],[27.49,42.43],[27.57,42.43],[27.57,42.37],[26.91,42.17],[26.9,42.04],[26.57,41.91],[25.93,41.91],[25.71,42.11],[25.22,42.04],[25.21,41.91],[24.81,41.85],[24.78,41.46],[24.52,41.26],[23.16,41.0],[22.25,40.55],[21.86,40.55],[21.45,40.36],[20.75,40.48],[20.6,40.74],[20.61,40.81],[20.46,41.0],[20.55,41.2],[20.4,41.46],[20.52,42.11],[20.37,42.3],[20.46,42.43],[20.95,42.63],[20.96,42.82],[21.12,42.89],[21.05,43.08],[21.14,43.21],[21.06,43.21],[21.07,43.41],[20.76,43.47],[20.84,43.6],[20.68,43.6],[20.53,43.8],[19.9,43.93],[19.81,43.93],[19.5,43.99],[19.11,44.32],[19.12,44.52],[19.12,44.58],[19.29,44.78],[19.3,44.91],[19.22,44.91],[19.14,44.91],[19.24,45.3],[19.0,45.37],[19.0,45.5],[19.01,45.56],[18.93,45.56],[18.78,45.89],[18.86,45.89],[19.05,46.41],[18.81,46.61],[18.84,47.07],[19.17,47.2],[19.19,47.47],[19.03,47.53],[18.95,47.73],[19.86,47.66],[20.29,47.93],[20.95,47.93],[21.02,47.8],[21.43,47.73],[21.5,47.53],[21.83,47.53],[21.91,47.53],[22.17,47.66],[22.73,47.47],[22.73,47.4],[23.06,47.47]]],[[[23.47,46.35],[23.47,46.41],[23.55,46.41],[23.55,46.35],[23.47,46.35]]]]},"properties":{"id":"territory:First Bulgarian Empire:870","name":"제1차 불가리아 제국","name_en":"First Bulgarian Empire","actor":"기타중립","valid_from":870,"valid_to":875,"wikidata":"Q203817","area":425318,"src":"cliopatria","confidence":"medium"}},{"type":"Feature","geometry":{"type":"Point","coordinates":[24.218,44.5]},"properties":{"id":"territory:First Bulgarian Empire:870:label","name":"제1차 불가리아 제국","name_en":"First Bulgarian Empire","actor":"기타중립","valid_from":870,"valid_to":875,"wikidata":"Q203817","area":425318,"src":"cliopatria","confidence":"medium"}},{"type":"Feature","geometry":{"type":"MultiPolygon","coordinates":[[[[20.45,40.81],[20.45,40.87],[20.53,40.87],[20.53,40.81],[20.45,40.81]]],[[[23.06,47.47],[22.97,47.33],[23.21,47.2],[23.2,47.07],[23.37,47.14],[23.25,46.74],[23.33,46.74],[23.32,46.55],[23.48,46.48],[23.39,46.35],[23.53,46.15],[23.51,45.89],[23.68,45.89],[23.59,45.76],[23.57,45.56],[23.73,45.56],[23.62,45.17],[23.84,44.91],[24.41,44.91],[24.73,44.78],[24.98,44.91],[25.79,44.91],[26.38,45.1],[26.7,45.04],[26.79,45.17],[27.19,45.1],[27.77,45.24],[27.78,45.3],[28.46,45.56],[28.65,45.82],[28.68,46.09],[28.76,46.09],[28.72,46.48],[29.01,46.87],[29.04,47.14],[29.83,47.53],[30.92,47.66],[32.74,47.66],[34.11,47.47],[34.08,47.27],[33.69,46.87],[32.92,46.61],[32.17,46.55],[32.18,46.61],[32.03,46.74],[31.79,46.74],[31.61,46.61],[30.88,46.68],[30.3,45.96],[30.04,45.89],[29.86,45.69],[29.61,45.69],[29.58,45.43],[29.67,45.43],[29.53,44.91],[29.02,44.78],[29.05,44.97],[28.8,44.97],[28.84,44.58],[28.58,44.39],[28.54,43.99],[28.62,43.99],[28.48,43.47],[28.16,43.47],[28.23,43.34],[27.9,43.28],[27.8,43.15],[27.85,42.76],[27.51,42.63],[27.49,42.43],[27.57,42.43],[27.57,42.37],[26.91,42.17],[26.9,42.04],[26.57,41.91],[25.93,41.91],[25.71,42.11],[25.22,42.04],[25.21,41.91],[24.81,41.85],[24.78,41.46],[24.52,41.26],[23.16,41.0],[22.25,40.55],[21.86,40.55],[21.45,40.36],[20.75,40.48],[20.6,40.74],[20.61,40.81],[20.46,41.0],[20.55,41.2],[20.4,41.46],[20.52,42.11],[20.37,42.3],[20.46,42.43],[20.95,42.63],[20.96,42.82],[21.12,42.89],[21.05,43.08],[21.14,43.21],[21.06,43.21],[21.07,43.41],[20.76,43.47],[20.84,43.6],[20.68,43.6],[20.53,43.8],[19.9,43.93],[19.81,43.93],[19.5,43.99],[19.11,44.32],[19.12,44.52],[19.12,44.58],[19.29,44.78],[19.3,44.91],[19.22,44.91],[19.14,44.91],[19.24,45.3],[19.0,45.37],[19.0,45.5],[19.01,45.56],[18.93,45.56],[18.86,45.82],[18.78,45.82],[18.96,46.28],[19.04,46.28],[18.97,46.55],[18.81,46.61],[18.92,47.07],[18.92,47.14],[19.0,47.14],[19.09,47.14],[19.19,47.47],[19.03,47.53],[18.95,47.73],[19.86,47.66],[20.29,47.93],[20.95,47.93],[21.02,47.8],[21.43,47.73],[21.5,47.53],[21.83,47.53],[21.91,47.53],[22.17,47.66],[22.73,47.47],[22.73,47.4],[23.06,47.47]]],[[[23.47,46.35],[23.47,46.41],[23.55,46.41],[23.55,46.35],[23.47,46.35]]]]},"properties":{"id":"territory:First Bulgarian Empire:860","name":"제1차 불가리아 제국","name_en":"First Bulgarian Empire","actor":"기타중립","valid_from":860,"valid_to":866,"wikidata":"Q203817","area":425295,"src":"cliopatria","confidence":"medium"}},{"type":"Feature","geometry":{"type":"MultiPolygon","coordinates":[[[[20.45,40.81],[20.45,40.87],[20.53,40.87],[20.53,40.81],[20.45,40.81]]],[[[23.06,47.47],[22.97,47.33],[23.21,47.2],[23.2,47.07],[23.37,47.14],[23.25,46.74],[23.33,46.74],[23.32,46.55],[23.48,46.48],[23.39,46.35],[23.53,46.15],[23.51,45.89],[23.68,45.89],[23.59,45.76],[23.57,45.56],[23.73,45.56],[23.62,45.17],[23.84,44.91],[24.41,44.91],[24.73,44.78],[24.98,44.91],[25.79,44.91],[26.38,45.1],[26.7,45.04],[26.79,45.17],[27.19,45.1],[27.77,45.24],[27.78,45.3],[28.46,45.56],[28.65,45.82],[28.68,46.09],[28.76,46.09],[28.72,46.48],[29.01,46.87],[29.04,47.14],[29.83,47.53],[30.92,47.66],[32.74,47.66],[34.11,47.47],[34.08,47.27],[33.69,46.87],[32.92,46.61],[32.17,46.55],[32.18,46.61],[32.03,46.74],[31.79,46.74],[31.61,46.61],[30.88,46.68],[30.3,45.96],[30.04,45.89],[29.86,45.69],[29.61,45.69],[29.58,45.43],[29.67,45.43],[29.53,44.91],[29.02,44.78],[29.05,44.97],[28.8,44.97],[28.84,44.58],[28.58,44.39],[28.54,43.99],[28.62,43.99],[28.48,43.47],[28.16,43.47],[28.23,43.34],[27.9,43.28],[27.8,43.15],[27.85,42.76],[27.51,42.63],[27.49,42.43],[27.57,42.43],[27.57,42.37],[26.91,42.17],[26.9,42.04],[26.57,41.91],[25.93,41.91],[25.71,42.11],[25.22,42.04],[25.21,41.91],[24.81,41.85],[24.78,41.46],[24.52,41.26],[23.16,41.0],[22.25,40.55],[21.86,40.55],[21.45,40.36],[20.75,40.48],[20.6,40.74],[20.61,40.81],[20.46,41.0],[20.55,41.2],[20.4,41.46],[20.52,42.11],[20.37,42.3],[20.46,42.43],[20.95,42.63],[20.96,42.82],[21.12,42.89],[21.05,43.08],[21.14,43.21],[21.06,43.21],[21.07,43.41],[20.76,43.47],[20.84,43.6],[20.68,43.6],[20.53,43.8],[19.9,43.93],[19.81,43.93],[19.5,43.99],[19.11,44.32],[19.12,44.52],[19.12,44.58],[19.29,44.78],[19.3,44.91],[19.22,44.91],[19.14,44.91],[19.24,45.3],[19.0,45.37],[19.0,45.5],[19.01,45.56],[18.93,45.56],[18.86,45.82],[18.78,45.82],[18.96,46.28],[19.04,46.28],[18.97,46.55],[18.81,46.61],[18.92,47.07],[18.92,47.14],[19.0,47.14],[19.09,47.14],[19.19,47.47],[19.03,47.53],[18.95,47.73],[19.86,47.66],[20.29,47.93],[20.95,47.93],[21.02,47.8],[21.43,47.73],[21.5,47.53],[21.83,47.53],[21.91,47.53],[22.17,47.66],[22.73,47.47],[22.73,47.4],[23.06,47.47]]],[[[23.47,46.35],[23.47,46.41],[23.55,46.41],[23.55,46.35],[23.47,46.35]]]]},"properties":{"id":"territory:First Bulgarian Empire:866","name":"제1차 불가리아 제국","name_en":"First Bulgarian Empire","actor":"기타중립","valid_from":866,"valid_to":870,"wikidata":"Q203817","area":425295,"src":"cliopatria","confidence":"medium"}},{"type":"Feature","geometry":{"type":"Point","coordinates":[24.219,44.5]},"properties":{"id":"territory:First Bulgarian Empire:860:label","name":"제1차 불가리아 제국","name_en":"First Bulgarian Empire","actor":"기타중립","valid_from":860,"valid_to":866,"wikidata":"Q203817","area":425295,"src":"cliopatria","confidence":"medium"}},{"type":"Feature","geometry":{"type":"Point","coordinates":[24.219,44.5]},"properties":{"id":"territory:First Bulgarian Empire:866:label","name":"제1차 불가리아 제국","name_en":"First Bulgarian Empire","actor":"기타중립","valid_from":866,"valid_to":870,"wikidata":"Q203817","area":425295,"src":"cliopatria","confidence":"medium"}},{"type":"Feature","geometry":{"type":"MultiPolygon","coordinates":[[[[20.45,40.81],[20.45,40.87],[20.53,40.87],[20.53,40.81],[20.45,40.81]]],[[[23.21,47.2],[23.2,47.07],[23.37,47.14],[23.25,46.74],[23.33,46.74],[23.32,46.55],[23.48,46.48],[23.39,46.35],[23.53,46.15],[23.51,45.89],[23.68,45.89],[23.59,45.76],[23.57,45.56],[23.73,45.56],[23.62,45.17],[23.84,44.91],[24.41,44.91],[24.73,44.78],[24.98,44.91],[25.14,44.84],[25.55,44.97],[26.2,44.97],[26.38,45.1],[26.7,45.04],[26.79,45.17],[27.19,45.1],[27.77,45.24],[27.87,45.37],[27.95,45.37],[28.37,45.5],[28.65,45.82],[28.77,46.15],[28.69,46.15],[28.72,46.48],[29.01,46.87],[29.04,47.14],[29.83,47.53],[30.92,47.66],[32.74,47.66],[34.11,47.47],[34.08,47.27],[33.69,46.87],[32.92,46.61],[32.17,46.55],[32.18,46.61],[32.03,46.74],[31.79,46.74],[31.61,46.61],[30.88,46.68],[30.3,45.96],[30.04,45.89],[29.86,45.69],[29.61,45.69],[29.58,45.43],[29.67,45.43],[29.53,44.91],[29.02,44.78],[29.05,44.97],[28.8,44.97],[28.84,44.58],[28.58,44.39],[28.54,43.99],[28.62,43.99],[28.48,43.47],[28.16,43.47],[28.23,43.34],[27.9,43.28],[27.8,43.15],[27.85,42.76],[27.51,42.63],[27.49,42.43],[27.57,42.43],[27.57,42.37],[26.91,42.17],[26.9,42.04],[26.57,41.91],[25.93,41.91],[25.71,42.11],[25.22,42.04],[25.21,41.91],[24.81,41.85],[24.78,41.46],[24.52,41.26],[23.16,41.0],[22.25,40.55],[21.86,40.55],[21.45,40.36],[20.75,40.48],[20.6,40.74],[20.61,40.81],[20.46,41.0],[20.55,41.2],[20.4,41.46],[20.52,42.11],[20.37,42.3],[20.46,42.43],[20.95,42.63],[20.96,42.82],[21.12,42.89],[21.05,43.08],[21.14,43.21],[21.06,43.21],[21.07,43.41],[20.76,43.47],[20.84,43.6],[20.68,43.6],[20.53,43.8],[19.9,43.93],[19.81,43.93],[19.5,43.99],[19.11,44.32],[19.12,44.52],[19.12,44.58],[19.29,44.78],[19.3,44.91],[19.22,44.91],[19.14,44.91],[19.24,45.3],[19.0,45.37],[19.0,45.5],[19.01,45.56],[18.93,45.56],[18.78,45.89],[18.86,45.89],[19.05,46.41],[18.81,46.61],[18.84,47.07],[19.17,47.2],[19.19,47.47],[19.03,47.53],[18.95,47.73],[19.86,47.66],[20.29,47.93],[20.95,47.93],[21.02,47.8],[21.43,47.73],[21.5,47.53],[22.41,47.6],[22.64,47.4],[22.97,47.4],[22.97,47.33],[23.21,47.2]]],[[[23.47,46.35],[23.47,46.41],[23.55,46.41],[23.55,46.35],[23.47,46.35]]],[[[22.97,47.4],[22.98,47.47],[23.06,47.47],[23.06,47.4],[22.97,47.4]]]]},"properties":{"id":"territory:First Bulgarian Empire:884","name":"제1차 불가리아 제국","name_en":"First Bulgarian Empire","actor":"기타중립","valid_from":884,"valid_to":896,"wikidata":"Q203817","area":425091,"src":"cliopatria","confidence":"medium"}},{"type":"Feature","geometry":{"type":"Point","coordinates":[24.219,44.498]},"properties":{"id":"territory:First Bulgarian Empire:884:label","name":"제1차 불가리아 제국","name_en":"First Bulgarian Empire","actor":"기타중립","valid_from":884,"valid_to":896,"wikidata":"Q203817","area":425091,"src":"cliopatria","confidence":"medium"}},{"type":"Feature","geometry":{"type":"MultiPolygon","coordinates":[[[[20.45,40.81],[20.45,40.87],[20.53,40.87],[20.53,40.81],[20.45,40.81]]],[[[23.21,47.2],[23.2,47.07],[23.37,47.14],[23.25,46.74],[23.33,46.74],[23.32,46.55],[23.48,46.48],[23.39,46.35],[23.53,46.15],[23.51,45.89],[23.68,45.89],[23.59,45.76],[23.57,45.56],[23.73,45.56],[23.62,45.17],[23.84,44.91],[24.41,44.91],[24.73,44.78],[24.98,44.91],[25.79,44.91],[26.38,45.1],[26.7,45.04],[26.79,45.17],[27.19,45.1],[27.77,45.24],[27.78,45.3],[28.46,45.56],[28.65,45.82],[28.68,46.09],[28.76,46.09],[28.72,46.48],[29.01,46.87],[29.04,47.14],[29.83,47.53],[30.92,47.66],[32.74,47.66],[34.11,47.47],[34.08,47.27],[33.69,46.87],[32.92,46.61],[32.17,46.55],[32.18,46.61],[32.03,46.74],[31.79,46.74],[31.61,46.61],[30.88,46.68],[30.3,45.96],[30.04,45.89],[29.86,45.69],[29.61,45.69],[29.58,45.43],[29.67,45.43],[29.53,44.91],[29.02,44.78],[29.05,44.97],[28.8,44.97],[28.84,44.58],[28.58,44.39],[28.54,43.99],[28.62,43.99],[28.48,43.47],[28.16,43.47],[28.23,43.34],[27.9,43.28],[27.8,43.15],[27.85,42.76],[27.51,42.63],[27.49,42.43],[27.57,42.43],[27.57,42.37],[26.91,42.17],[26.9,42.04],[26.57,41.91],[25.93,41.91],[25.71,42.11],[25.22,42.04],[25.21,41.91],[24.81,41.85],[24.78,41.46],[24.52,41.26],[23.16,41.0],[22.25,40.55],[21.86,40.55],[21.45,40.36],[20.75,40.48],[20.6,40.74],[20.61,40.81],[20.46,41.0],[20.55,41.2],[20.4,41.46],[20.52,42.11],[20.37,42.3],[20.46,42.43],[20.95,42.63],[20.96,42.82],[21.12,42.89],[21.05,43.08],[21.14,43.21],[21.06,43.21],[21.07,43.41],[20.76,43.47],[20.84,43.6],[20.68,43.6],[20.53,43.8],[19.9,43.93],[19.81,43.93],[19.5,43.99],[19.11,44.32],[19.12,44.52],[19.12,44.58],[19.29,44.78],[19.3,44.91],[19.22,44.91],[19.14,44.91],[19.24,45.3],[19.0,45.37],[19.0,45.5],[19.01,45.56],[18.93,45.56],[18.78,45.89],[18.86,45.89],[19.05,46.41],[18.81,46.61],[18.84,47.07],[19.17,47.2],[19.19,47.47],[19.03,47.53],[18.95,47.73],[19.86,47.66],[20.29,47.93],[20.95,47.93],[21.02,47.8],[21.43,47.73],[21.5,47.53],[22.41,47.6],[22.64,47.4],[22.97,47.4],[22.97,47.33],[23.21,47.2]]],[[[23.47,46.35],[23.47,46.41],[23.55,46.41],[23.55,46.35],[23.47,46.35]]],[[[22.97,47.4],[22.98,47.47],[23.06,47.47],[23.06,47.4],[22.97,47.4]]]]},"properties":{"id":"territory:First Bulgarian Empire:878","name":"제1차 불가리아 제국","name_en":"First Bulgarian Empire","actor":"기타중립","valid_from":878,"valid_to":884,"wikidata":"Q203817","area":425068,"src":"cliopatria","confidence":"medium"}},{"type":"Feature","geometry":{"type":"Point","coordinates":[24.219,44.498]},"properties":{"id":"territory:First Bulgarian Empire:878:label","name":"제1차 불가리아 제국","name_en":"First Bulgarian Empire","actor":"기타중립","valid_from":878,"valid_to":884,"wikidata":"Q203817","area":425068,"src":"cliopatria","confidence":"medium"}},{"type":"Feature","geometry":{"type":"MultiPolygon","coordinates":[[[[20.45,40.81],[20.45,40.87],[20.53,40.87],[20.53,40.81],[20.45,40.81]]],[[[23.21,47.2],[23.2,47.07],[23.37,47.14],[23.25,46.74],[23.33,46.74],[23.32,46.55],[23.48,46.48],[23.39,46.35],[23.53,46.15],[23.51,45.89],[23.68,45.89],[23.59,45.76],[23.57,45.56],[23.73,45.56],[23.62,45.17],[23.84,44.91],[24.41,44.91],[24.73,44.78],[24.98,44.91],[25.79,44.91],[26.38,45.1],[26.7,45.04],[26.79,45.17],[27.19,45.1],[27.77,45.24],[27.78,45.3],[28.46,45.56],[28.65,45.82],[28.68,46.09],[28.76,46.09],[28.72,46.48],[29.01,46.87],[29.04,47.14],[29.83,47.53],[30.92,47.66],[32.74,47.66],[34.11,47.47],[34.08,47.27],[33.69,46.87],[32.92,46.61],[32.17,46.55],[32.18,46.61],[32.03,46.74],[31.79,46.74],[31.61,46.61],[30.88,46.68],[30.3,45.96],[30.04,45.89],[29.86,45.69],[29.61,45.69],[29.58,45.43],[29.67,45.43],[29.53,44.91],[29.02,44.78],[29.05,44.97],[28.8,44.97],[28.84,44.58],[28.58,44.39],[28.54,43.99],[28.62,43.99],[28.48,43.47],[28.16,43.47],[28.23,43.34],[27.9,43.28],[27.8,43.15],[27.85,42.76],[27.51,42.63],[27.49,42.43],[27.57,42.43],[27.57,42.37],[26.91,42.17],[26.9,42.04],[26.57,41.91],[25.93,41.91],[25.71,42.11],[25.22,42.04],[25.21,41.91],[24.81,41.85],[24.78,41.46],[24.52,41.26],[23.16,41.0],[22.25,40.55],[21.86,40.55],[21.45,40.36],[20.75,40.48],[20.6,40.74],[20.61,40.81],[20.46,41.0],[20.55,41.2],[20.4,41.46],[20.52,42.11],[20.37,42.3],[20.46,42.43],[20.95,42.63],[20.96,42.82],[21.12,42.89],[21.05,43.08],[21.14,43.21],[21.06,43.21],[21.07,43.41],[20.76,43.47],[20.84,43.6],[20.68,43.6],[20.53,43.8],[19.9,43.93],[19.81,43.93],[19.5,43.99],[19.11,44.32],[19.12,44.52],[19.12,44.58],[19.29,44.78],[19.3,44.91],[19.22,44.91],[19.14,44.91],[19.24,45.3],[19.0,45.37],[19.0,45.5],[19.01,45.56],[18.93,45.56],[18.86,45.82],[18.78,45.82],[18.96,46.28],[19.04,46.28],[18.97,46.55],[18.81,46.61],[18.92,47.07],[18.92,47.14],[19.0,47.14],[19.09,47.14],[19.19,47.47],[19.03,47.53],[18.95,47.73],[19.86,47.66],[20.29,47.93],[20.95,47.93],[21.02,47.8],[21.43,47.73],[21.5,47.53],[22.41,47.6],[22.64,47.4],[22.97,47.4],[22.97,47.33],[23.21,47.2]]],[[[23.47,46.35],[23.47,46.41],[23.55,46.41],[23.55,46.35],[23.47,46.35]]],[[[22.98,47.47],[23.06,47.47],[23.06,47.4],[22.97,47.4],[22.98,47.47]]]]},"properties":{"id":"territory:First Bulgarian Empire:875","name":"제1차 불가리아 제국","name_en":"First Bulgarian Empire","actor":"기타중립","valid_from":875,"valid_to":878,"wikidata":"Q203817","area":425045,"src":"cliopatria","confidence":"medium"}},{"type":"Feature","geometry":{"type":"Point","coordinates":[24.22,44.498]},"properties":{"id":"territory:First Bulgarian Empire:875:label","name":"제1차 불가리아 제국","name_en":"First Bulgarian Empire","actor":"기타중립","valid_from":875,"valid_to":878,"wikidata":"Q203817","area":425045,"src":"cliopatria","confidence":"medium"}},{"type":"Feature","geometry":{"type":"MultiPolygon","coordinates":[[[[14.64,55.29],[14.99,55.23],[15.08,55.23],[15.07,55.02],[14.64,55.09],[14.64,55.29]]],[[[10.63,55.98],[10.63,55.77],[10.54,55.77],[10.36,55.77],[10.45,55.98],[10.63,55.98]]],[[[10.28,56.25],[10.28,55.98],[9.93,55.84],[9.93,55.7],[9.75,55.7],[9.75,55.57],[10.63,55.63],[10.63,55.5],[10.8,55.43],[10.88,54.95],[10.71,54.75],[10.54,54.75],[10.54,55.02],[9.93,55.09],[10.01,55.02],[9.93,54.61],[9.93,54.55],[8.8,54.48],[8.8,54.55],[8.53,54.82],[8.53,55.09],[8.44,55.09],[8.53,55.36],[8.35,55.5],[8.09,55.5],[8.09,55.63],[8.0,55.63],[8.08,56.11],[7.99,56.11],[7.98,56.66],[8.24,56.73],[8.15,56.87],[8.24,56.87],[8.24,57.01],[8.5,57.21],[9.39,57.21],[9.66,57.42],[9.66,57.56],[9.83,57.56],[9.92,57.7],[10.46,57.77],[10.55,57.28],[10.28,57.08],[10.28,56.59],[10.9,56.52],[10.81,56.18],[10.54,56.18],[10.54,56.11],[10.36,56.11],[10.37,56.25],[10.28,56.25]]],[[[17.06,68.12],[17.16,68.12],[17.15,68.05],[17.05,68.05],[17.04,67.97],[16.94,67.97],[16.94,67.89],[16.84,67.89],[16.83,67.82],[16.74,67.82],[16.74,67.89],[16.64,67.82],[16.43,67.74],[16.53,67.74],[16.53,67.67],[16.43,67.67],[16.43,67.74],[16.23,67.67],[16.32,67.52],[15.72,67.37],[13.79,65.96],[13.6,65.96],[12.9,65.44],[12.9,65.3],[12.7,65.15],[12.41,65.08],[12.5,64.93],[12.22,64.93],[12.02,64.79],[12.02,64.64],[11.73,64.49],[11.73,64.35],[11.44,64.06],[11.43,63.84],[11.34,63.84],[11.34,63.7],[11.05,63.41],[11.14,63.26],[10.95,63.26],[10.95,63.12],[10.86,63.12],[10.86,62.9],[10.76,62.9],[10.85,62.69],[10.57,62.62],[10.94,61.48],[11.21,61.19],[11.39,60.77],[11.93,60.35],[12.29,60.21],[12.48,60.28],[12.48,60.14],[12.66,60.07],[13.84,59.92],[14.2,59.78],[14.38,59.85],[14.65,59.71],[15.38,59.78],[15.65,59.71],[15.84,59.85],[16.57,59.92],[16.76,60.14],[17.13,60.21],[17.62,60.63],[17.99,60.63],[18.07,60.49],[18.61,60.42],[18.5,60.21],[18.78,60.21],[19.03,60.0],[19.01,59.71],[18.83,59.71],[18.63,59.5],[18.35,59.43],[18.41,59.09],[18.14,59.09],[17.95,58.88],[17.5,58.88],[17.49,58.74],[17.13,58.74],[17.03,58.6],[16.85,58.6],[16.84,58.46],[16.66,58.46],[16.83,58.32],[16.81,58.04],[16.63,57.9],[16.71,57.83],[16.7,57.7],[16.61,57.7],[16.69,57.42],[16.5,57.28],[16.48,56.87],[16.76,57.08],[16.86,57.35],[17.13,57.42],[17.12,57.28],[16.94,57.14],[16.92,56.94],[16.74,56.8],[16.63,56.39],[16.27,56.25],[16.28,56.52],[16.19,56.52],[16.09,56.25],[15.82,56.11],[14.77,56.18],[14.76,55.98],[14.23,55.91],[14.3,55.36],[12.81,55.36],[12.73,55.5],[12.9,55.57],[12.91,55.77],[12.56,55.98],[12.56,55.7],[12.2,55.57],[12.38,55.43],[12.37,55.23],[12.11,55.16],[12.1,54.75],[10.88,54.75],[10.97,55.02],[11.67,54.89],[11.67,55.09],[11.5,55.23],[10.97,55.29],[11.06,55.57],[10.89,55.63],[10.89,55.77],[11.24,55.84],[11.33,56.05],[11.6,56.05],[11.77,55.84],[11.86,56.11],[12.48,56.18],[12.48,56.32],[12.66,56.32],[12.57,56.52],[12.75,56.52],[12.75,56.66],[12.4,56.8],[12.41,56.94],[12.14,57.08],[12.06,57.35],[11.79,57.42],[11.71,58.11],[11.45,58.11],[11.45,58.32],[11.18,58.39],[11.1,59.16],[10.83,59.16],[10.56,59.36],[10.56,59.64],[10.37,59.5],[10.47,59.43],[10.37,59.16],[10.19,59.16],[10.01,58.95],[9.65,59.02],[9.56,58.88],[9.38,58.88],[9.38,58.74],[9.11,58.74],[9.11,58.6],[8.93,58.6],[8.67,58.32],[7.6,57.97],[6.61,58.04],[6.52,58.25],[5.97,58.32],[5.51,58.6],[5.5,59.02],[5.95,59.02],[6.03,59.36],[5.84,59.43],[5.85,59.29],[5.21,59.29],[5.28,59.78],[5.19,59.78],[5.18,60.0],[5.45,60.14],[5.26,60.28],[4.9,60.21],[4.89,60.42],[5.16,60.49],[4.95,61.05],[5.13,61.19],[5.03,61.19],[4.93,61.48],[5.2,61.62],[4.92,61.62],[4.91,61.76],[5.19,61.9],[5.08,62.26],[5.45,62.19],[5.44,62.4],[5.72,62.4],[5.73,62.19],[5.92,62.19],[5.91,62.4],[6.56,62.47],[6.64,62.76],[7.4,62.62],[7.39,62.76],[6.92,62.83],[6.92,63.05],[7.95,63.05],[7.94,63.19],[8.6,63.34],[8.6,63.41],[8.22,63.41],[8.22,63.34],[7.75,63.34],[7.84,63.55],[8.22,63.48],[8.5,63.7],[9.07,63.7],[8.98,63.48],[9.26,63.41],[9.35,63.62],[9.54,63.62],[9.54,63.91],[9.92,63.99],[9.92,64.13],[10.3,64.28],[10.3,64.42],[10.87,64.64],[11.16,64.64],[11.35,64.49],[11.44,64.57],[11.35,64.86],[11.45,64.86],[11.45,65.0],[11.74,65.08],[11.84,65.22],[12.13,65.15],[12.04,65.44],[12.13,65.44],[12.14,65.59],[12.53,65.74],[12.53,65.88],[12.34,65.88],[12.44,66.11],[12.34,66.11],[12.35,66.25],[12.64,66.25],[12.63,66.11],[12.82,66.03],[12.93,66.25],[13.12,66.25],[12.94,66.62],[13.23,66.62],[13.24,66.77],[13.63,66.77],[13.54,67.0],[13.64,67.07],[14.13,67.07],[14.44,67.3],[14.55,67.52],[14.95,67.67],[15.07,67.97],[15.36,67.97],[15.58,68.27],[15.88,68.27],[15.88,68.35],[15.09,68.42],[14.98,68.27],[14.19,68.2],[14.19,68.35],[14.4,68.5],[14.9,68.57],[14.91,68.73],[14.41,68.65],[14.52,68.88],[15.13,69.11],[15.13,69.03],[15.33,69.03],[15.32,68.8],[15.52,68.8],[15.44,69.18],[15.75,69.33],[16.15,69.33],[16.14,69.18],[15.94,69.11],[15.92,68.88],[16.62,68.88],[16.61,68.73],[17.21,68.8],[17.23,69.03],[17.33,69.03],[17.32,68.88],[17.52,68.88],[17.65,69.18],[17.04,69.11],[16.96,69.33],[16.86,69.33],[16.87,69.49],[17.89,69.64],[17.98,69.49],[18.58,69.49],[18.59,69.56],[18.19,69.56],[18.31,69.79],[18.92,69.79],[18.79,69.56],[19.38,69.41],[19.16,69.26],[18.65,69.18],[18.43,68.95],[18.02,68.88],[17.9,68.73],[18.0,68.73],[18.0,68.65],[17.29,68.5],[17.27,68.27],[17.06,68.12]],[[17.06,68.12],[16.95,68.05],[17.05,68.05],[17.06,68.12]],[[16.95,68.04],[16.85,67.97],[16.94,67.97],[16.95,68.04]],[[16.85,67.97],[16.74,67.89],[16.84,67.89],[16.85,67.97]]],[[[16.43,67.67],[16.42,67.59],[16.32,67.59],[16.33,67.67],[16.43,67.67]]],[[[12.79,67.89],[12.79,68.05],[12.89,68.05],[12.89,68.12],[13.19,68.12],[13.19,67.97],[12.79,67.89]]],[[[14.09,68.2],[13.59,68.12],[13.58,68.05],[13.39,68.05],[13.39,68.12],[13.39,68.2],[13.7,68.42],[14.1,68.42],[14.09,68.2]]],[[[19.05,57.97],[19.03,57.83],[18.84,57.7],[18.91,57.42],[18.45,57.21],[18.34,56.94],[18.08,56.94],[18.03,57.49],[18.03,57.56],[18.23,57.83],[18.6,57.97],[19.05,57.97]]],[[[16.74,67.82],[16.73,67.74],[16.63,67.74],[16.64,67.82],[16.74,67.82]]],[[[17.78,68.42],[17.68,68.42],[17.68,68.5],[17.78,68.5],[17.88,68.5],[17.88,68.42],[17.78,68.42]]],[[[18.08,68.42],[17.89,68.57],[18.2,68.65],[18.08,68.5],[18.08,68.42]]]]},"properties":{"id":"territory:Scandinavian minor kingdoms:806","name":"스칸디나비아 소왕국","name_en":"Scandinavian minor kingdoms","actor":"기타중립","valid_from":806,"valid_to":814,"wikidata":"Q213649","area":423429,"src":"cliopatria","confidence":"medium"}},{"type":"Feature","geometry":{"type":"Point","coordinates":[11.679,60.67]},"properties":{"id":"territory:Scandinavian minor kingdoms:806:label","name":"스칸디나비아 소왕국","name_en":"Scandinavian minor kingdoms","actor":"기타중립","valid_from":806,"valid_to":814,"wikidata":"Q213649","area":423429,"src":"cliopatria","confidence":"medium"}},{"type":"Feature","geometry":{"type":"MultiPolygon","coordinates":[[[[14.64,55.29],[14.99,55.23],[15.08,55.23],[15.07,55.02],[14.64,55.09],[14.64,55.29]]],[[[10.63,55.98],[10.63,55.77],[10.54,55.77],[10.36,55.77],[10.45,55.98],[10.63,55.98]]],[[[10.28,56.25],[10.28,55.98],[9.93,55.84],[9.93,55.7],[9.75,55.7],[9.75,55.57],[10.63,55.63],[10.63,55.5],[10.8,55.43],[10.8,55.16],[10.89,55.16],[10.8,54.82],[10.54,54.75],[10.54,55.02],[9.93,55.09],[10.01,55.02],[9.93,54.55],[8.8,54.48],[8.8,54.61],[8.53,54.82],[8.53,55.09],[8.44,55.09],[8.53,55.36],[8.35,55.5],[8.09,55.5],[8.09,55.63],[8.0,55.63],[8.08,56.11],[7.99,56.11],[7.98,56.66],[8.24,56.73],[8.15,56.87],[8.5,57.21],[9.39,57.21],[9.66,57.42],[9.66,57.56],[9.83,57.56],[9.92,57.7],[10.46,57.77],[10.55,57.28],[10.28,57.08],[10.28,56.59],[10.9,56.52],[10.81,56.18],[10.54,56.18],[10.54,56.11],[10.36,56.11],[10.37,56.25],[10.28,56.25]]],[[[17.06,68.12],[17.16,68.12],[17.15,68.05],[17.05,68.05],[17.04,67.97],[16.94,67.97],[16.94,67.89],[16.84,67.89],[16.83,67.82],[16.74,67.82],[16.74,67.89],[16.64,67.82],[16.43,67.74],[16.53,67.74],[16.53,67.67],[16.43,67.67],[16.43,67.74],[16.23,67.67],[16.32,67.52],[15.72,67.37],[13.79,65.96],[13.6,65.96],[12.9,65.44],[12.9,65.3],[12.7,65.15],[12.41,65.08],[12.5,64.93],[12.22,64.93],[12.02,64.79],[12.02,64.64],[11.73,64.49],[11.73,64.35],[11.44,64.06],[11.43,63.84],[11.34,63.84],[11.34,63.7],[11.05,63.41],[11.14,63.26],[10.95,63.26],[10.95,63.12],[10.86,63.12],[10.86,62.9],[10.76,62.9],[10.85,62.69],[10.57,62.62],[10.94,61.48],[11.21,61.19],[11.39,60.77],[11.93,60.35],[12.29,60.21],[12.48,60.28],[12.48,60.14],[12.66,60.07],[13.84,59.92],[14.2,59.78],[14.38,59.85],[14.65,59.71],[15.38,59.78],[15.65,59.71],[15.84,59.85],[16.57,59.92],[16.76,60.14],[17.13,60.21],[17.62,60.63],[17.99,60.63],[18.07,60.49],[18.61,60.42],[18.5,60.21],[18.78,60.21],[19.03,60.0],[19.01,59.71],[18.83,59.71],[18.63,59.5],[18.35,59.43],[18.41,59.09],[18.14,59.09],[17.95,58.88],[17.5,58.88],[17.49,58.74],[17.13,58.74],[17.03,58.6],[16.85,58.6],[16.84,58.46],[16.66,58.46],[16.83,58.32],[16.81,58.04],[16.63,57.9],[16.71,57.83],[16.7,57.7],[16.61,57.7],[16.69,57.42],[16.5,57.28],[16.48,56.87],[16.76,57.08],[16.86,57.35],[17.13,57.42],[17.12,57.28],[16.94,57.14],[16.92,56.94],[16.74,56.8],[16.63,56.39],[16.27,56.25],[16.28,56.52],[16.19,56.52],[16.09,56.25],[15.82,56.11],[14.77,56.18],[14.76,55.98],[14.23,55.91],[14.3,55.36],[12.81,55.36],[12.73,55.5],[12.9,55.57],[12.91,55.77],[12.56,55.98],[12.56,55.7],[12.2,55.57],[12.38,55.43],[12.37,55.23],[12.11,55.16],[12.1,54.75],[10.88,54.75],[10.97,55.02],[11.67,54.89],[11.67,55.09],[11.5,55.23],[10.97,55.29],[11.06,55.57],[10.89,55.63],[10.89,55.77],[11.24,55.84],[11.33,56.05],[11.6,56.05],[11.77,55.84],[11.86,56.11],[12.48,56.18],[12.48,56.32],[12.66,56.32],[12.57,56.52],[12.75,56.52],[12.75,56.66],[12.4,56.8],[12.41,56.94],[12.14,57.08],[12.06,57.35],[11.79,57.42],[11.71,58.11],[11.45,58.11],[11.45,58.32],[11.18,58.39],[11.1,59.16],[10.83,59.16],[10.56,59.36],[10.56,59.64],[10.37,59.5],[10.47,59.43],[10.37,59.16],[10.19,59.16],[10.01,58.95],[9.65,59.02],[9.56,58.88],[9.38,58.88],[9.38,58.74],[9.11,58.74],[9.11,58.6],[8.93,58.6],[8.67,58.32],[7.6,57.97],[6.61,58.04],[6.52,58.25],[5.97,58.32],[5.51,58.6],[5.5,59.02],[5.95,59.02],[6.03,59.36],[5.84,59.43],[5.85,59.29],[5.21,59.29],[5.28,59.78],[5.19,59.78],[5.18,60.0],[5.45,60.14],[5.26,60.28],[4.9,60.21],[4.89,60.42],[5.16,60.49],[4.95,61.05],[5.13,61.19],[5.03,61.19],[4.93,61.48],[5.2,61.62],[4.92,61.62],[4.91,61.76],[5.19,61.9],[5.08,62.26],[5.45,62.19],[5.44,62.4],[5.72,62.4],[5.73,62.19],[5.92,62.19],[5.91,62.4],[6.56,62.47],[6.64,62.76],[7.4,62.62],[7.39,62.76],[6.92,62.83],[6.92,63.05],[7.95,63.05],[7.94,63.19],[8.6,63.34],[8.6,63.41],[8.22,63.41],[8.22,63.34],[7.75,63.34],[7.84,63.55],[8.22,63.48],[8.5,63.7],[9.07,63.7],[8.98,63.48],[9.26,63.41],[9.35,63.62],[9.54,63.62],[9.54,63.91],[9.92,63.99],[9.92,64.13],[10.3,64.28],[10.3,64.42],[10.87,64.64],[11.16,64.64],[11.35,64.49],[11.44,64.57],[11.35,64.86],[11.45,64.86],[11.45,65.0],[11.74,65.08],[11.84,65.22],[12.13,65.15],[12.04,65.44],[12.13,65.44],[12.14,65.59],[12.53,65.74],[12.53,65.88],[12.34,65.88],[12.44,66.11],[12.34,66.11],[12.35,66.25],[12.64,66.25],[12.63,66.11],[12.82,66.03],[12.93,66.25],[13.12,66.25],[12.94,66.62],[13.23,66.62],[13.24,66.77],[13.63,66.77],[13.54,67.0],[13.64,67.07],[14.13,67.07],[14.44,67.3],[14.55,67.52],[14.95,67.67],[15.07,67.97],[15.36,67.97],[15.58,68.27],[15.88,68.27],[15.88,68.35],[15.09,68.42],[14.98,68.27],[14.19,68.2],[14.19,68.35],[14.4,68.5],[14.9,68.57],[14.91,68.73],[14.41,68.65],[14.52,68.88],[15.13,69.11],[15.13,69.03],[15.33,69.03],[15.32,68.8],[15.52,68.8],[15.44,69.18],[15.75,69.33],[16.15,69.33],[16.14,69.18],[15.94,69.11],[15.92,68.88],[16.62,68.88],[16.61,68.73],[17.21,68.8],[17.23,69.03],[17.33,69.03],[17.32,68.88],[17.52,68.88],[17.65,69.18],[17.04,69.11],[16.96,69.33],[16.86,69.33],[16.87,69.49],[17.89,69.64],[17.98,69.49],[18.58,69.49],[18.59,69.56],[18.19,69.56],[18.31,69.79],[18.92,69.79],[18.79,69.56],[19.38,69.41],[19.16,69.26],[18.65,69.18],[18.43,68.95],[18.02,68.88],[17.9,68.73],[18.0,68.73],[18.0,68.65],[17.29,68.5],[17.27,68.27],[17.06,68.12]],[[17.06,68.12],[16.95,68.05],[17.05,68.05],[17.06,68.12]],[[16.95,68.04],[16.85,67.97],[16.94,67.97],[16.95,68.04]],[[16.85,67.97],[16.74,67.89],[16.84,67.89],[16.85,67.97]]],[[[16.43,67.67],[16.42,67.59],[16.32,67.59],[16.33,67.67],[16.43,67.67]]],[[[12.79,67.89],[12.79,68.05],[12.89,68.05],[12.89,68.12],[13.19,68.12],[13.19,67.97],[12.79,67.89]]],[[[14.09,68.2],[13.59,68.12],[13.58,68.05],[13.39,68.05],[13.39,68.12],[13.39,68.2],[13.7,68.42],[14.1,68.42],[14.09,68.2]]],[[[19.05,57.97],[19.03,57.83],[18.84,57.7],[18.91,57.42],[18.45,57.21],[18.34,56.94],[18.08,56.94],[18.03,57.49],[18.03,57.56],[18.23,57.83],[18.6,57.97],[19.05,57.97]]],[[[16.74,67.82],[16.73,67.74],[16.63,67.74],[16.64,67.82],[16.74,67.82]]],[[[17.78,68.42],[17.68,68.42],[17.68,68.5],[17.78,68.5],[17.88,68.5],[17.88,68.42],[17.78,68.42]]],[[[18.08,68.42],[17.89,68.57],[18.2,68.65],[18.08,68.5],[18.08,68.42]]]]},"properties":{"id":"territory:Scandinavian minor kingdoms:800","name":"스칸디나비아 소왕국","name_en":"Scandinavian minor kingdoms","actor":"기타중립","valid_from":800,"valid_to":806,"wikidata":"Q213649","area":423261,"src":"cliopatria","confidence":"medium"}},{"type":"Feature","geometry":{"type":"Point","coordinates":[11.679,60.67]},"properties":{"id":"territory:Scandinavian minor kingdoms:800:label","name":"스칸디나비아 소왕국","name_en":"Scandinavian minor kingdoms","actor":"기타중립","valid_from":800,"valid_to":806,"wikidata":"Q213649","area":423261,"src":"cliopatria","confidence":"medium"}},{"type":"Feature","geometry":{"type":"Polygon","coordinates":[[[2.33,41.59],[2.11,41.33],[1.24,41.2],[0.7,40.94],[0.71,40.68],[0.47,40.61],[0.25,40.42],[0.18,40.16],[-0.2,39.97],[-0.35,39.71],[-0.31,39.13],[0.1,38.74],[-0.66,38.29],[-0.8,38.03],[-0.7,37.64],[-1.71,37.45],[-1.62,37.32],[-1.86,37.32],[-2.06,36.8],[-2.53,36.87],[-2.68,36.74],[-4.47,36.74],[-4.69,36.55],[-5.23,36.48],[-5.29,36.22],[-5.66,36.03],[-5.83,36.22],[-6.06,36.22],[-6.33,36.67],[-6.35,36.93],[-6.59,37.0],[-6.84,37.25],[-7.47,37.25],[-7.45,37.13],[-7.68,37.0],[-8.07,37.0],[-8.31,37.13],[-8.7,37.13],[-9.0,37.0],[-8.9,37.58],[-8.82,37.58],[-8.82,38.48],[-9.21,38.42],[-9.23,38.67],[-9.38,38.61],[-9.55,38.74],[-9.57,38.93],[-9.43,39.06],[-9.39,39.45],[-9.16,39.51],[-9.1,39.77],[-9.03,39.77],[-8.74,40.87],[-8.26,40.81],[-8.12,41.07],[-7.89,41.07],[-7.82,41.2],[-7.03,41.2],[-6.63,41.26],[-6.49,41.39],[-5.29,41.39],[-5.15,41.52],[-4.75,41.52],[-3.98,41.85],[-1.83,41.91],[-1.93,42.17],[-1.78,42.3],[-1.94,42.3],[-2.19,42.56],[-2.2,42.63],[-2.13,42.76],[-1.73,42.76],[-0.02,42.3],[-0.01,42.11],[0.16,41.98],[0.56,42.04],[0.72,41.91],[1.44,41.85],[1.6,41.98],[1.99,42.04],[2.4,41.85],[2.41,41.59],[2.33,41.59]]]},"properties":{"id":"territory:Emirate of Córdoba:800","name":"코르도바 토후국","name_en":"Emirate of Córdoba","actor":"기타중립","valid_from":800,"valid_to":806,"wikidata":"Q1337854","area":422747,"src":"cliopatria","confidence":"medium"}},{"type":"Feature","geometry":{"type":"Point","coordinates":[-4.13,39.463]},"properties":{"id":"territory:Emirate of Córdoba:800:label","name":"코르도바 토후국","name_en":"Emirate of Córdoba","actor":"기타중립","valid_from":800,"valid_to":806,"wikidata":"Q1337854","area":422747,"src":"cliopatria","confidence":"medium"}},{"type":"Feature","geometry":{"type":"MultiPolygon","coordinates":[[[[29.58,45.37],[29.58,45.43],[29.67,45.43],[29.66,45.37],[29.58,45.37]]],[[[30.96,49.25],[31.05,49.25],[31.0,48.92],[31.09,48.92],[30.96,48.59],[31.04,48.59],[31.01,48.32],[31.09,48.32],[30.98,48.13],[31.06,48.13],[31.08,47.66],[33.48,47.66],[33.62,47.53],[34.04,47.53],[34.12,47.53],[34.08,47.27],[33.69,46.87],[32.92,46.61],[32.17,46.55],[32.18,46.61],[32.03,46.74],[31.79,46.74],[31.61,46.61],[30.88,46.68],[30.3,45.96],[30.04,45.89],[29.86,45.69],[29.61,45.69],[29.59,45.5],[29.58,45.43],[29.1,45.43],[28.51,45.24],[28.28,45.43],[28.04,45.43],[27.77,45.24],[27.2,45.17],[27.02,45.04],[26.7,45.1],[26.61,44.97],[26.21,45.04],[24.4,44.78],[24.17,44.91],[23.84,44.91],[23.62,45.1],[23.6,45.89],[23.51,45.89],[23.47,46.35],[23.31,46.48],[23.28,47.07],[22.97,47.4],[22.64,47.4],[22.41,47.6],[21.5,47.53],[21.43,47.73],[21.02,47.8],[20.95,47.93],[20.29,47.93],[19.86,47.66],[19.44,47.66],[19.12,47.8],[19.13,47.93],[19.29,47.93],[19.39,48.13],[19.56,48.19],[19.5,48.59],[19.68,48.85],[19.61,49.12],[19.62,49.18],[20.04,49.25],[20.3,49.45],[22.14,49.45],[22.66,49.65],[23.65,50.45],[23.99,50.51],[24.01,50.71],[25.48,51.05],[25.89,50.98],[25.98,50.98],[26.14,50.91],[26.27,50.58],[26.76,50.45],[28.79,50.51],[30.7,50.38],[30.86,50.31],[30.88,49.85],[31.04,49.78],[30.94,49.65],[30.97,49.32],[30.96,49.25]]]]},"properties":{"id":"territory:Magyars:896","name":"마자르","name_en":"Magyars","actor":"기타중립","valid_from":896,"valid_to":898,"wikidata":"Q133032","area":418271,"src":"cliopatria","confidence":"medium"}},{"type":"Feature","geometry":{"type":"Point","coordinates":[26.52,47.98]},"properties":{"id":"territory:Magyars:896:label","name":"마자르","name_en":"Magyars","actor":"기타중립","valid_from":896,"valid_to":898,"wikidata":"Q133032","area":418271,"src":"cliopatria","confidence":"medium"}},{"type":"Feature","geometry":{"type":"Polygon","coordinates":[[[1.71,41.26],[1.24,41.2],[0.7,40.94],[0.71,40.68],[0.47,40.61],[0.25,40.42],[0.18,40.16],[-0.2,39.97],[-0.35,39.71],[-0.31,39.13],[0.1,38.74],[-0.66,38.29],[-0.8,38.03],[-0.7,37.64],[-1.71,37.45],[-1.62,37.32],[-1.86,37.32],[-2.06,36.8],[-2.53,36.87],[-2.68,36.74],[-4.47,36.74],[-4.69,36.55],[-5.23,36.48],[-5.29,36.22],[-5.66,36.03],[-5.83,36.22],[-6.06,36.22],[-6.33,36.67],[-6.35,36.93],[-6.59,37.0],[-6.84,37.25],[-7.47,37.25],[-7.45,37.13],[-7.68,37.0],[-8.07,37.0],[-8.31,37.13],[-8.7,37.13],[-9.0,37.0],[-8.9,37.58],[-8.82,37.58],[-8.82,38.48],[-9.21,38.42],[-9.23,38.67],[-9.38,38.61],[-9.55,38.74],[-9.57,38.93],[-9.43,39.06],[-9.39,39.45],[-9.16,39.51],[-9.1,39.77],[-9.03,39.77],[-8.74,40.87],[-8.26,40.81],[-8.12,41.07],[-7.89,41.07],[-7.82,41.2],[-7.03,41.2],[-6.63,41.26],[-6.49,41.39],[-5.29,41.39],[-5.15,41.52],[-4.75,41.52],[-3.98,41.85],[-1.83,41.91],[-1.93,42.17],[-1.78,42.3],[-2.1,42.43],[-2.11,42.5],[-1.63,42.5],[-1.54,42.37],[-0.75,42.5],[-0.65,42.24],[-0.49,42.17],[0.07,42.11],[0.16,41.98],[0.56,42.04],[0.72,41.91],[1.2,41.91],[1.45,41.78],[1.79,41.26],[1.71,41.26]]]},"properties":{"id":"territory:Emirate of Córdoba:806","name":"코르도바 토후국","name_en":"Emirate of Córdoba","actor":"기타중립","valid_from":806,"valid_to":814,"wikidata":"Q1337854","area":414004,"src":"cliopatria","confidence":"medium"}},{"type":"Feature","geometry":{"type":"Point","coordinates":[-4.23,39.406]},"properties":{"id":"territory:Emirate of Córdoba:806:label","name":"코르도바 토후국","name_en":"Emirate of Córdoba","actor":"기타중립","valid_from":806,"valid_to":814,"wikidata":"Q1337854","area":414004,"src":"cliopatria","confidence":"medium"}},{"type":"Feature","geometry":{"type":"Polygon","coordinates":[[[1.71,41.26],[1.24,41.2],[0.7,40.94],[0.71,40.68],[0.47,40.61],[0.25,40.42],[0.18,40.16],[-0.2,39.97],[-0.35,39.71],[-0.31,39.13],[0.1,38.74],[-0.66,38.29],[-0.8,38.03],[-0.7,37.64],[-1.71,37.45],[-1.62,37.32],[-1.86,37.32],[-2.06,36.8],[-2.53,36.87],[-2.68,36.74],[-4.47,36.74],[-4.69,36.55],[-5.23,36.48],[-5.29,36.22],[-5.66,36.03],[-5.83,36.22],[-6.06,36.22],[-6.33,36.67],[-6.35,36.93],[-6.59,37.0],[-6.84,37.25],[-7.47,37.25],[-7.45,37.13],[-7.68,37.0],[-8.07,37.0],[-8.31,37.13],[-8.7,37.13],[-9.0,37.0],[-8.9,37.58],[-8.82,37.58],[-8.82,38.48],[-9.21,38.42],[-9.23,38.67],[-9.38,38.61],[-9.55,38.74],[-9.57,38.93],[-9.43,39.06],[-9.39,39.45],[-9.16,39.51],[-9.1,39.77],[-9.03,39.77],[-8.74,40.87],[-8.26,40.81],[-8.12,41.07],[-7.89,41.07],[-7.82,41.2],[-7.03,41.2],[-6.63,41.26],[-6.49,41.39],[-5.29,41.39],[-5.15,41.52],[-4.75,41.52],[-3.98,41.85],[-1.83,41.91],[-1.93,42.17],[-1.77,42.24],[-1.78,42.3],[-1.78,42.43],[-1.14,42.37],[-1.07,42.5],[-0.75,42.5],[-0.65,42.24],[-0.49,42.17],[0.07,42.11],[0.16,41.98],[0.56,42.04],[0.72,41.91],[1.37,41.85],[1.79,41.26],[1.71,41.26]]]},"properties":{"id":"territory:Emirate of Córdoba:814","name":"코르도바 토후국","name_en":"Emirate of Córdoba","actor":"기타중립","valid_from":814,"valid_to":825,"wikidata":"Q1337854","area":413265,"src":"cliopatria","confidence":"medium"}},{"type":"Feature","geometry":{"type":"Point","coordinates":[-4.236,39.401]},"properties":{"id":"territory:Emirate of Córdoba:814:label","name":"코르도바 토후국","name_en":"Emirate of Córdoba","actor":"기타중립","valid_from":814,"valid_to":825,"wikidata":"Q1337854","area":413265,"src":"cliopatria","confidence":"medium"}},{"type":"Feature","geometry":{"type":"Polygon","coordinates":[[[1.71,41.26],[1.24,41.2],[0.7,40.94],[0.71,40.68],[0.47,40.61],[0.25,40.42],[0.18,40.16],[-0.2,39.97],[-0.35,39.71],[-0.31,39.13],[0.1,38.74],[-0.66,38.29],[-0.8,38.03],[-0.7,37.64],[-1.71,37.45],[-1.62,37.32],[-1.86,37.32],[-2.06,36.8],[-2.53,36.87],[-2.68,36.74],[-4.47,36.74],[-4.69,36.55],[-5.23,36.48],[-5.29,36.22],[-5.52,36.16],[-5.58,36.03],[-5.83,36.22],[-6.06,36.22],[-6.33,36.67],[-6.35,36.93],[-6.59,37.0],[-6.84,37.25],[-7.47,37.25],[-7.45,37.13],[-7.68,37.0],[-8.07,37.0],[-8.31,37.13],[-8.7,37.13],[-9.0,37.0],[-8.9,37.58],[-8.82,37.58],[-8.82,38.48],[-9.21,38.42],[-9.23,38.67],[-9.38,38.61],[-9.55,38.74],[-9.57,38.93],[-9.43,39.06],[-9.39,39.45],[-9.16,39.51],[-9.1,39.77],[-9.03,39.77],[-8.93,40.36],[-8.85,40.36],[-8.87,40.61],[-8.73,40.74],[-8.73,40.81],[-8.26,40.81],[-8.12,41.0],[-7.81,41.13],[-7.57,41.07],[-7.42,41.2],[-7.1,41.13],[-7.03,41.26],[-5.29,41.39],[-5.15,41.52],[-4.75,41.52],[-3.98,41.85],[-1.83,41.91],[-1.78,42.3],[-1.78,42.43],[-1.14,42.43],[-0.75,42.5],[-0.65,42.24],[-0.49,42.24],[0.07,42.11],[0.16,41.98],[0.56,42.04],[0.72,41.91],[1.37,41.85],[1.79,41.26],[1.71,41.26]]]},"properties":{"id":"territory:Emirate of Córdoba:825","name":"코르도바 토후국","name_en":"Emirate of Córdoba","actor":"기타중립","valid_from":825,"valid_to":870,"wikidata":"Q1337854","area":412445,"src":"cliopatria","confidence":"medium"}},{"type":"Feature","geometry":{"type":"Point","coordinates":[-4.228,39.399]},"properties":{"id":"territory:Emirate of Córdoba:825:label","name":"코르도바 토후국","name_en":"Emirate of Córdoba","actor":"기타중립","valid_from":825,"valid_to":870,"wikidata":"Q1337854","area":412445,"src":"cliopatria","confidence":"medium"}},{"type":"Feature","geometry":{"type":"Polygon","coordinates":[[[1.21,41.85],[1.29,41.85],[1.37,41.85],[1.79,41.26],[1.71,41.26],[1.24,41.2],[0.7,40.94],[0.71,40.68],[0.47,40.61],[0.25,40.42],[0.18,40.16],[-0.2,39.97],[-0.35,39.71],[-0.31,39.13],[0.1,38.74],[-0.66,38.29],[-0.8,38.03],[-0.7,37.64],[-1.71,37.45],[-1.62,37.32],[-1.86,37.32],[-2.06,36.8],[-2.53,36.87],[-2.68,36.74],[-4.47,36.74],[-4.69,36.55],[-5.23,36.48],[-5.29,36.22],[-5.52,36.16],[-5.58,36.03],[-5.83,36.22],[-6.06,36.22],[-6.33,36.67],[-6.35,36.93],[-6.59,37.0],[-6.84,37.25],[-7.47,37.25],[-7.45,37.13],[-7.68,37.0],[-8.07,37.0],[-8.31,37.13],[-8.7,37.13],[-9.0,37.0],[-8.9,37.58],[-8.82,37.58],[-8.82,38.48],[-9.21,38.42],[-9.23,38.67],[-9.38,38.61],[-9.55,38.74],[-9.57,38.93],[-9.43,39.06],[-9.39,39.45],[-9.16,39.51],[-9.1,39.77],[-9.03,39.77],[-8.93,40.36],[-8.85,40.36],[-8.87,40.61],[-8.79,40.61],[-8.17,40.68],[-8.12,41.0],[-7.81,41.13],[-7.57,41.07],[-7.42,41.2],[-7.1,41.13],[-7.03,41.26],[-5.29,41.39],[-5.15,41.52],[-4.75,41.52],[-3.98,41.85],[-1.83,41.91],[-1.78,42.3],[-1.78,42.43],[-1.14,42.43],[-0.75,42.5],[-0.65,42.24],[-0.49,42.24],[0.07,42.11],[0.16,41.98],[0.64,42.04],[0.72,41.91],[1.12,41.91],[1.2,41.91],[1.21,41.85]]]},"properties":{"id":"territory:Emirate of Córdoba:875","name":"코르도바 토후국","name_en":"Emirate of Córdoba","actor":"기타중립","valid_from":875,"valid_to":878,"wikidata":"Q1337854","area":411529,"src":"cliopatria","confidence":"medium"}},{"type":"Feature","geometry":{"type":"Point","coordinates":[-4.216,39.396]},"properties":{"id":"territory:Emirate of Córdoba:875:label","name":"코르도바 토후국","name_en":"Emirate of Córdoba","actor":"기타중립","valid_from":875,"valid_to":878,"wikidata":"Q1337854","area":411529,"src":"cliopatria","confidence":"medium"}},{"type":"Feature","geometry":{"type":"Polygon","coordinates":[[[1.21,41.85],[1.29,41.85],[1.37,41.85],[1.79,41.26],[1.71,41.26],[1.24,41.2],[0.7,40.94],[0.71,40.68],[0.47,40.61],[0.25,40.42],[0.18,40.16],[-0.2,39.97],[-0.35,39.71],[-0.31,39.13],[0.1,38.74],[-0.66,38.29],[-0.8,38.03],[-0.7,37.64],[-1.71,37.45],[-1.62,37.32],[-1.86,37.32],[-2.06,36.8],[-2.53,36.87],[-2.68,36.74],[-4.47,36.74],[-4.69,36.55],[-5.23,36.48],[-5.29,36.22],[-5.52,36.16],[-5.58,36.03],[-5.83,36.22],[-6.06,36.22],[-6.33,36.67],[-6.35,36.93],[-6.59,37.0],[-6.84,37.25],[-7.47,37.25],[-7.45,37.13],[-7.68,37.0],[-8.07,37.0],[-8.31,37.13],[-8.7,37.13],[-9.0,37.0],[-8.9,37.58],[-8.82,37.58],[-8.82,38.48],[-9.21,38.42],[-9.23,38.67],[-9.38,38.61],[-9.55,38.74],[-9.57,38.93],[-9.43,39.06],[-9.39,39.45],[-9.16,39.51],[-9.1,39.77],[-9.03,39.77],[-8.93,40.36],[-8.85,40.36],[-8.87,40.61],[-8.79,40.61],[-8.17,40.68],[-8.12,41.0],[-7.81,41.13],[-7.57,41.07],[-7.42,41.2],[-7.1,41.13],[-7.03,41.26],[-5.29,41.39],[-5.15,41.52],[-4.75,41.52],[-3.98,41.85],[-1.83,41.91],[-1.78,42.3],[-1.78,42.43],[-1.14,42.43],[-0.75,42.5],[-0.65,42.24],[-0.49,42.24],[0.07,42.11],[0.16,41.98],[0.56,42.04],[0.72,41.91],[1.12,41.91],[1.2,41.91],[1.21,41.85]]]},"properties":{"id":"territory:Emirate of Córdoba:870","name":"코르도바 토후국","name_en":"Emirate of Córdoba","actor":"기타중립","valid_from":870,"valid_to":875,"wikidata":"Q1337854","area":411505,"src":"cliopatria","confidence":"medium"}},{"type":"Feature","geometry":{"type":"Point","coordinates":[-4.216,39.396]},"properties":{"id":"territory:Emirate of Córdoba:870:label","name":"코르도바 토후국","name_en":"Emirate of Córdoba","actor":"기타중립","valid_from":870,"valid_to":875,"wikidata":"Q1337854","area":411505,"src":"cliopatria","confidence":"medium"}},{"type":"Feature","geometry":{"type":"Polygon","coordinates":[[[1.71,41.26],[1.24,41.2],[0.7,40.94],[0.71,40.68],[0.47,40.61],[0.25,40.42],[0.18,40.16],[-0.2,39.97],[-0.35,39.71],[-0.31,39.13],[0.1,38.74],[-0.66,38.29],[-0.8,38.03],[-0.7,37.64],[-1.71,37.45],[-1.62,37.32],[-1.86,37.32],[-2.06,36.8],[-2.53,36.87],[-2.68,36.74],[-4.47,36.74],[-4.69,36.55],[-5.23,36.48],[-5.29,36.22],[-5.52,36.16],[-5.58,36.03],[-5.83,36.22],[-6.06,36.22],[-6.33,36.67],[-6.35,36.93],[-6.59,37.0],[-6.84,37.25],[-7.47,37.25],[-7.45,37.13],[-7.68,37.0],[-8.07,37.0],[-8.31,37.13],[-8.7,37.13],[-9.0,37.0],[-8.9,37.58],[-8.82,37.58],[-8.82,38.48],[-9.21,38.42],[-9.23,38.67],[-9.38,38.61],[-9.55,38.74],[-9.57,38.93],[-9.43,39.06],[-9.39,39.45],[-9.16,39.51],[-9.04,39.97],[-8.97,39.97],[-8.97,40.03],[-8.49,39.9],[-8.18,40.03],[-8.14,40.42],[-8.22,40.42],[-8.24,40.61],[-8.09,40.74],[-8.12,41.0],[-7.81,41.13],[-7.57,41.07],[-7.42,41.2],[-7.1,41.13],[-7.03,41.26],[-5.29,41.39],[-5.15,41.52],[-4.75,41.52],[-3.98,41.85],[-1.83,41.91],[-1.78,42.3],[-1.78,42.43],[-1.14,42.43],[-0.75,42.5],[-0.65,42.24],[-0.49,42.24],[0.07,42.11],[0.16,41.98],[0.64,42.04],[0.72,41.91],[1.12,41.91],[1.45,41.78],[1.79,41.26],[1.71,41.26]]]},"properties":{"id":"territory:Emirate of Córdoba:878","name":"코르도바 토후국","name_en":"Emirate of Córdoba","actor":"기타중립","valid_from":878,"valid_to":898,"wikidata":"Q1337854","area":406937,"src":"cliopatria","confidence":"medium"}},{"type":"Feature","geometry":{"type":"Point","coordinates":[-4.165,39.385]},"properties":{"id":"territory:Emirate of Córdoba:878:label","name":"코르도바 토후국","name_en":"Emirate of Córdoba","actor":"기타중립","valid_from":878,"valid_to":898,"wikidata":"Q1337854","area":406937,"src":"cliopatria","confidence":"medium"}},{"type":"Feature","geometry":{"type":"Polygon","coordinates":[[[1.21,41.85],[1.29,41.85],[1.37,41.85],[1.37,41.78],[1.45,41.78],[1.45,41.72],[1.79,41.26],[1.71,41.26],[1.24,41.2],[0.7,40.94],[0.71,40.68],[0.47,40.61],[0.25,40.42],[0.18,40.16],[-0.2,39.97],[-0.35,39.71],[-0.31,39.13],[0.1,38.74],[-0.66,38.29],[-0.8,38.03],[-0.7,37.64],[-1.71,37.45],[-1.62,37.32],[-1.86,37.32],[-2.06,36.8],[-2.53,36.87],[-2.68,36.74],[-4.47,36.74],[-4.69,36.55],[-5.23,36.48],[-5.29,36.22],[-5.52,36.16],[-5.58,36.03],[-5.83,36.22],[-6.06,36.22],[-6.33,36.67],[-6.35,36.93],[-6.59,37.0],[-6.84,37.25],[-7.47,37.25],[-7.45,37.13],[-7.68,37.0],[-8.07,37.0],[-8.31,37.13],[-8.7,37.13],[-9.0,37.0],[-8.9,37.58],[-8.82,37.58],[-8.82,38.48],[-9.21,38.42],[-9.23,38.67],[-9.38,38.61],[-9.55,38.74],[-9.57,38.93],[-9.43,39.06],[-9.39,39.45],[-9.16,39.51],[-9.04,39.97],[-8.97,39.97],[-8.97,40.03],[-8.49,39.9],[-8.18,40.03],[-8.14,40.42],[-8.22,40.42],[-8.24,40.61],[-8.09,40.74],[-8.12,41.0],[-7.81,41.13],[-7.57,41.07],[-7.42,41.2],[-7.1,41.13],[-7.03,41.26],[-5.29,41.39],[-5.15,41.52],[-4.75,41.52],[-3.98,41.85],[-1.83,41.91],[-1.78,42.3],[-1.78,42.43],[-1.14,42.43],[-0.75,42.5],[-0.65,42.24],[-0.49,42.24],[0.07,42.11],[0.16,41.98],[0.64,42.04],[0.72,41.91],[1.12,41.91],[1.2,41.91],[1.21,41.85]]]},"properties":{"id":"territory:Emirate of Córdoba:898","name":"코르도바 토후국","name_en":"Emirate of Córdoba","actor":"기타중립","valid_from":898,"valid_to":911,"wikidata":"Q1337854","area":406842,"src":"cliopatria","confidence":"medium"}},{"type":"Feature","geometry":{"type":"Point","coordinates":[-4.166,39.385]},"properties":{"id":"territory:Emirate of Córdoba:898:label","name":"코르도바 토후국","name_en":"Emirate of Córdoba","actor":"기타중립","valid_from":898,"valid_to":911,"wikidata":"Q1337854","area":406842,"src":"cliopatria","confidence":"medium"}},{"type":"Feature","geometry":{"type":"MultiPolygon","coordinates":[[[[37.88,50.51],[37.86,50.45],[37.79,50.05],[37.4,49.78],[37.26,49.45],[36.37,49.18],[35.35,48.52],[35.03,47.53],[34.38,47.6],[34.11,47.47],[32.74,47.66],[30.92,47.66],[29.83,47.53],[29.04,47.14],[29.01,46.87],[28.72,46.48],[28.76,46.09],[28.68,46.09],[28.65,45.82],[28.46,45.56],[27.78,45.3],[27.7,45.3],[27.55,45.43],[26.17,45.43],[26.03,45.69],[25.86,45.69],[25.97,45.96],[25.89,45.96],[25.91,46.15],[25.67,46.28],[25.77,46.48],[25.69,46.48],[25.71,46.68],[25.48,46.87],[25.42,47.14],[25.18,47.2],[25.28,47.33],[25.19,47.33],[25.21,47.47],[25.05,47.6],[24.88,47.53],[24.82,47.8],[24.5,47.93],[24.61,48.19],[24.53,48.19],[24.54,48.32],[24.29,48.32],[24.22,48.52],[23.97,48.46],[23.9,48.65],[23.74,48.72],[22.85,48.92],[22.69,49.05],[22.78,49.18],[22.62,49.25],[22.66,49.71],[23.65,50.45],[23.99,50.51],[24.01,50.71],[25.48,51.05],[27.51,51.05],[27.91,50.91],[29.24,50.78],[29.76,50.85],[30.42,50.71],[31.44,50.25],[32.2,50.25],[33.42,50.51],[33.52,50.65],[33.45,50.71],[33.63,50.78],[33.96,50.71],[34.32,50.85],[34.52,51.05],[34.87,51.11],[34.81,51.25],[35.3,51.18],[35.68,51.38],[36.36,51.38],[37.0,51.18],[36.88,51.05],[37.05,51.05],[37.18,50.85],[37.73,50.65],[37.79,50.51],[37.88,50.51]]],[[[32.55,50.38],[32.47,50.38],[32.48,50.45],[32.56,50.45],[32.55,50.38]]]]},"properties":{"id":"territory:Magyars:840","name":"마자르","name_en":"Magyars","actor":"기타중립","valid_from":840,"valid_to":860,"wikidata":"Q133032","area":399131,"src":"cliopatria","confidence":"medium"}},{"type":"Feature","geometry":{"type":"Point","coordinates":[29.7,48.951]},"properties":{"id":"territory:Magyars:840:label","name":"마자르","name_en":"Magyars","actor":"기타중립","valid_from":840,"valid_to":860,"wikidata":"Q133032","area":399131,"src":"cliopatria","confidence":"medium"}},{"type":"Feature","geometry":{"type":"MultiPolygon","coordinates":[[[[37.88,50.51],[37.86,50.45],[37.79,50.05],[37.4,49.78],[37.26,49.45],[36.37,49.18],[35.35,48.52],[35.03,47.53],[34.38,47.6],[34.11,47.47],[32.74,47.66],[30.92,47.66],[29.83,47.53],[29.04,47.14],[29.01,46.87],[28.72,46.48],[28.76,46.09],[28.68,46.09],[28.65,45.82],[28.46,45.56],[27.78,45.3],[27.7,45.3],[27.55,45.43],[26.17,45.43],[26.03,45.69],[25.86,45.69],[25.97,45.96],[25.89,45.96],[25.91,46.15],[25.67,46.28],[25.77,46.48],[25.69,46.48],[25.71,46.68],[25.48,46.87],[25.42,47.14],[25.18,47.2],[25.28,47.33],[25.19,47.33],[25.21,47.47],[25.05,47.6],[24.88,47.53],[24.82,47.8],[24.5,47.93],[24.61,48.19],[24.53,48.19],[24.54,48.32],[24.29,48.32],[24.22,48.52],[23.97,48.46],[23.9,48.65],[23.74,48.72],[22.85,48.92],[22.69,49.05],[22.78,49.18],[22.62,49.25],[22.66,49.71],[23.65,50.45],[23.99,50.51],[24.01,50.71],[25.48,51.05],[27.51,51.05],[27.91,50.91],[29.24,50.78],[29.76,50.85],[30.42,50.71],[31.44,50.25],[32.2,50.25],[33.42,50.51],[33.52,50.65],[33.45,50.71],[33.63,50.78],[33.96,50.71],[34.32,50.85],[34.52,51.05],[34.87,51.11],[34.81,51.25],[35.3,51.18],[35.68,51.38],[36.36,51.38],[37.0,51.18],[36.88,51.05],[37.05,51.05],[37.18,50.85],[37.73,50.65],[37.79,50.51],[37.88,50.51]],[[28.16,45.82],[28.17,45.89],[28.17,45.96],[28.09,45.96],[28.09,45.89],[28.08,45.82],[28.16,45.82]]],[[[32.55,50.38],[32.47,50.38],[32.48,50.45],[32.56,50.45],[32.55,50.38]]]]},"properties":{"id":"territory:Magyars:860","name":"마자르","name_en":"Magyars","actor":"기타중립","valid_from":860,"valid_to":875,"wikidata":"Q133032","area":399039,"src":"cliopatria","confidence":"medium"}},{"type":"Feature","geometry":{"type":"Point","coordinates":[29.7,48.951]},"properties":{"id":"territory:Magyars:860:label","name":"마자르","name_en":"Magyars","actor":"기타중립","valid_from":860,"valid_to":875,"wikidata":"Q133032","area":399039,"src":"cliopatria","confidence":"medium"}},{"type":"Feature","geometry":{"type":"MultiPolygon","coordinates":[[[[37.88,50.51],[37.86,50.45],[37.79,50.05],[37.4,49.78],[37.26,49.45],[36.37,49.18],[35.35,48.52],[35.03,47.53],[34.38,47.6],[34.11,47.47],[32.74,47.66],[30.92,47.66],[29.83,47.53],[29.04,47.14],[29.01,46.87],[28.72,46.48],[28.76,46.09],[28.68,46.09],[28.65,45.82],[28.46,45.56],[27.78,45.3],[27.7,45.3],[27.55,45.43],[26.17,45.43],[26.03,45.69],[25.86,45.69],[25.97,45.96],[25.89,45.96],[25.91,46.15],[25.67,46.28],[25.77,46.48],[25.69,46.48],[25.64,46.81],[25.41,47.01],[25.42,47.14],[25.18,47.2],[25.28,47.33],[25.19,47.33],[25.21,47.47],[25.05,47.6],[24.88,47.53],[24.82,47.8],[24.5,47.93],[24.61,48.19],[24.53,48.19],[24.54,48.32],[24.29,48.32],[24.22,48.52],[23.97,48.46],[23.9,48.65],[23.26,48.85],[23.17,48.85],[22.93,48.92],[22.86,49.12],[22.7,49.18],[22.74,49.71],[22.92,49.78],[22.93,49.91],[23.01,49.91],[23.65,50.45],[23.99,50.51],[24.01,50.71],[25.48,51.05],[27.51,51.05],[27.91,50.91],[29.24,50.78],[29.76,50.85],[30.42,50.71],[31.44,50.25],[32.2,50.25],[33.42,50.51],[33.52,50.65],[33.45,50.71],[33.63,50.78],[33.96,50.71],[34.32,50.85],[34.52,51.05],[34.87,51.11],[34.81,51.25],[35.3,51.18],[35.68,51.38],[36.36,51.38],[37.0,51.18],[36.88,51.05],[37.05,51.05],[37.18,50.85],[37.73,50.65],[37.79,50.51],[37.88,50.51]]],[[[32.55,50.38],[32.47,50.38],[32.48,50.45],[32.56,50.45],[32.55,50.38]]]]},"properties":{"id":"territory:Magyars:875","name":"마자르","name_en":"Magyars","actor":"기타중립","valid_from":875,"valid_to":882,"wikidata":"Q133032","area":398178,"src":"cliopatria","confidence":"medium"}},{"type":"Feature","geometry":{"type":"Point","coordinates":[29.716,48.95]},"properties":{"id":"territory:Magyars:875:label","name":"마자르","name_en":"Magyars","actor":"기타중립","valid_from":875,"valid_to":882,"wikidata":"Q133032","area":398178,"src":"cliopatria","confidence":"medium"}},{"type":"Feature","geometry":{"type":"MultiPolygon","coordinates":[[[[37.88,50.51],[37.86,50.45],[37.79,50.05],[37.4,49.78],[37.26,49.45],[36.37,49.18],[35.35,48.52],[35.03,47.53],[34.38,47.6],[34.11,47.47],[32.74,47.66],[30.92,47.66],[29.83,47.53],[29.04,47.14],[29.01,46.87],[28.72,46.48],[28.76,46.09],[28.68,46.09],[28.65,45.82],[28.46,45.56],[27.78,45.3],[27.7,45.3],[27.55,45.43],[26.17,45.43],[26.03,45.69],[25.86,45.69],[25.97,45.96],[25.89,45.96],[25.91,46.15],[25.67,46.28],[25.77,46.48],[25.69,46.48],[25.64,46.81],[25.41,47.01],[25.42,47.14],[25.18,47.2],[25.28,47.33],[25.19,47.33],[25.21,47.47],[25.05,47.6],[24.88,47.53],[24.82,47.8],[24.5,47.93],[24.61,48.19],[24.53,48.19],[24.54,48.32],[24.29,48.32],[24.22,48.52],[23.97,48.46],[23.9,48.65],[23.26,48.85],[23.17,48.85],[22.93,48.92],[22.86,49.12],[22.7,49.18],[22.74,49.71],[22.92,49.78],[22.93,49.91],[23.01,49.91],[23.65,50.45],[23.99,50.51],[24.01,50.71],[25.48,51.05],[27.51,51.05],[27.91,50.91],[29.24,50.78],[29.76,50.85],[30.16,50.71],[30.25,50.71],[30.37,50.38],[30.95,50.31],[31.13,50.45],[31.12,50.38],[31.44,50.25],[32.2,50.25],[33.24,50.45],[33.51,50.58],[33.45,50.71],[33.96,50.71],[34.52,51.05],[34.87,51.11],[34.81,51.25],[35.3,51.18],[35.68,51.38],[36.77,51.31],[36.83,51.18],[37.0,51.18],[36.88,51.05],[37.05,51.05],[37.18,50.85],[37.73,50.65],[37.79,50.51],[37.88,50.51]]],[[[32.55,50.38],[32.47,50.38],[32.48,50.45],[32.56,50.45],[32.55,50.38]]]]},"properties":{"id":"territory:Magyars:882","name":"마자르","name_en":"Magyars","actor":"기타중립","valid_from":882,"valid_to":884,"wikidata":"Q133032","area":396458,"src":"cliopatria","confidence":"medium"}},{"type":"Feature","geometry":{"type":"Point","coordinates":[29.71,48.943]},"properties":{"id":"territory:Magyars:882:label","name":"마자르","name_en":"Magyars","actor":"기타중립","valid_from":882,"valid_to":884,"wikidata":"Q133032","area":396458,"src":"cliopatria","confidence":"medium"}},{"type":"Feature","geometry":{"type":"Polygon","coordinates":[[[68.6,36.61],[68.57,36.8],[68.29,36.93],[67.98,36.93],[67.75,37.25],[67.12,37.25],[67.0,37.38],[65.83,37.38],[65.39,37.19],[64.6,37.13],[63.99,36.87],[62.72,36.03],[62.69,35.9],[62.43,35.77],[62.02,35.32],[61.75,34.74],[61.62,34.1],[61.7,34.1],[61.59,33.59],[61.81,33.14],[61.66,32.75],[61.74,32.75],[61.63,32.17],[61.71,32.17],[61.53,31.14],[61.74,31.08],[61.8,30.95],[63.3,30.82],[64.43,31.21],[65.0,31.4],[66.22,32.17],[66.44,32.17],[66.56,32.36],[68.3,33.01],[68.49,33.2],[69.0,33.39],[69.05,33.65],[69.43,33.97],[69.48,34.16],[69.65,34.23],[69.92,34.74],[69.77,35.07],[69.91,35.32],[69.74,35.58],[69.77,35.71],[69.15,36.35],[69.0,36.35],[68.75,36.61],[68.6,36.61]]]},"properties":{"id":"territory:Saffarid Dynasty:870","name":"사파르 왕조","name_en":"Saffarid Dynasty","actor":"기타중립","valid_from":870,"valid_to":875,"wikidata":"Q45310","area":389133,"src":"cliopatria","confidence":"medium"}},{"type":"Feature","geometry":{"type":"Point","coordinates":[65.361,34.291]},"properties":{"id":"territory:Saffarid Dynasty:870:label","name":"사파르 왕조","name_en":"Saffarid Dynasty","actor":"기타중립","valid_from":870,"valid_to":875,"wikidata":"Q45310","area":389133,"src":"cliopatria","confidence":"medium"}},{"type":"Feature","geometry":{"type":"MultiPolygon","coordinates":[[[[14.69,42.17],[14.77,42.17],[14.77,42.11],[14.69,42.11],[14.69,42.17]]],[[[9.49,43.02],[9.49,42.76],[9.57,42.76],[9.58,41.98],[9.5,41.98],[9.5,41.78],[9.26,41.39],[9.1,41.33],[8.78,41.52],[8.78,41.72],[8.62,41.72],[8.7,41.91],[8.54,42.11],[8.53,42.5],[8.77,42.69],[9.17,42.76],[9.25,43.02],[9.33,43.02],[9.49,43.02]]],[[[10.46,42.89],[10.46,42.69],[10.21,42.69],[10.13,42.89],[10.21,42.89],[10.46,42.89]]],[[[14.2,45.37],[14.19,45.04],[14.03,45.04],[13.95,45.04],[13.63,45.5],[13.71,45.5],[13.71,45.76],[13.14,45.82],[13.06,45.69],[12.98,45.82],[12.82,45.82],[12.74,45.82],[12.16,45.69],[12.0,45.56],[12.0,45.37],[12.16,45.37],[12.16,45.3],[12.16,45.17],[12.4,45.04],[12.4,44.78],[12.16,44.84],[12.15,44.45],[12.31,44.19],[12.87,43.8],[13.04,43.86],[13.03,43.73],[13.36,43.67],[13.67,43.41],[13.75,43.08],[13.99,42.95],[13.9,42.76],[14.06,42.5],[14.61,42.11],[14.69,42.11],[14.37,41.98],[14.12,41.72],[13.96,41.72],[13.8,41.85],[13.41,41.85],[13.33,41.98],[13.01,42.04],[12.62,42.43],[12.38,42.43],[12.3,43.08],[12.14,43.08],[12.22,43.41],[11.82,43.34],[11.82,43.21],[11.98,43.15],[12.06,42.76],[11.74,42.63],[11.57,42.37],[11.49,42.37],[11.26,42.43],[11.18,42.63],[11.02,42.63],[11.02,42.82],[10.54,43.08],[10.21,43.99],[9.89,43.99],[9.97,44.12],[9.73,44.12],[9.16,44.45],[8.43,44.39],[8.03,43.93],[7.15,43.73],[6.99,43.54],[6.67,43.47],[6.52,43.21],[6.28,43.15],[5.8,43.15],[5.63,43.28],[5.39,43.28],[5.39,43.41],[5.06,43.47],[4.42,43.47],[4.34,43.47],[4.41,43.73],[4.57,43.73],[4.73,43.93],[4.48,44.12],[4.47,44.32],[4.22,44.39],[3.97,44.65],[3.96,44.91],[4.12,44.91],[4.36,45.1],[4.35,45.3],[3.94,45.37],[4.01,45.63],[3.93,45.63],[3.92,45.96],[4.33,45.96],[4.4,46.09],[4.65,46.09],[4.73,45.96],[4.9,46.02],[4.89,46.22],[5.05,46.28],[5.04,46.41],[5.29,46.48],[5.19,46.81],[5.59,47.14],[5.58,47.66],[5.82,47.73],[5.82,47.86],[5.65,48.06],[5.48,48.06],[5.47,48.26],[5.22,48.46],[4.88,48.52],[4.87,48.99],[5.03,49.12],[4.68,49.45],[4.58,49.91],[3.82,50.05],[3.64,50.31],[3.63,50.38],[3.55,50.38],[3.54,50.58],[4.03,50.78],[4.26,51.31],[3.5,51.25],[3.41,51.45],[3.49,51.45],[3.75,51.51],[3.41,51.51],[3.4,51.65],[3.74,51.65],[3.65,51.78],[3.82,51.78],[3.81,51.92],[3.9,51.92],[3.98,51.92],[4.15,51.92],[4.24,51.71],[4.5,51.71],[4.49,51.84],[4.49,51.85],[4.65,52.25],[4.99,52.25],[5.05,52.25],[5.15,52.45],[5.32,52.45],[5.23,52.65],[5.22,52.72],[5.22,52.79],[5.31,52.79],[5.31,52.86],[5.39,52.86],[5.39,52.92],[5.56,52.92],[5.65,52.65],[5.91,52.65],[6.33,52.86],[6.51,52.72],[6.44,52.18],[6.61,52.05],[6.61,51.98],[6.7,51.98],[6.71,51.78],[6.88,51.65],[6.8,51.38],[6.97,51.25],[7.06,50.98],[7.24,50.91],[7.33,50.51],[7.76,49.91],[7.18,49.78],[7.02,49.45],[7.36,49.12],[8.11,48.99],[8.12,48.85],[7.79,48.65],[7.71,48.32],[7.63,48.32],[7.56,47.47],[7.73,47.4],[7.73,47.27],[7.57,47.2],[7.41,46.87],[7.91,46.68],[7.99,46.55],[8.32,46.55],[8.32,46.41],[8.49,46.35],[8.49,46.15],[8.65,46.15],[8.9,45.89],[9.06,45.96],[9.3,46.48],[10.04,46.28],[10.12,46.41],[10.04,46.41],[10.04,46.61],[10.86,46.55],[11.6,46.68],[12.58,46.68],[13.07,46.55],[13.65,46.55],[13.73,46.48],[13.64,46.35],[13.96,45.96],[13.96,45.76],[14.28,45.56],[14.28,45.43],[14.28,45.37],[14.2,45.37]]]]},"properties":{"id":"territory:Middle Franks:850","name":"중프랑크","name_en":"Middle Franks","actor":"게르만","valid_from":850,"valid_to":860,"wikidata":"Q6673921","area":384591,"src":"cliopatria","confidence":"medium"}},{"type":"Feature","geometry":{"type":"Point","coordinates":[7.987,46.587]},"properties":{"id":"territory:Middle Franks:850:label","name":"중프랑크","name_en":"Middle Franks","actor":"게르만","valid_from":850,"valid_to":860,"wikidata":"Q6673921","area":384591,"src":"cliopatria","confidence":"medium"}},{"type":"Feature","geometry":{"type":"MultiPolygon","coordinates":[[[[37.88,50.51],[37.86,50.45],[37.79,50.05],[37.4,49.78],[37.26,49.45],[36.37,49.18],[35.35,48.52],[35.03,47.53],[34.38,47.6],[34.11,47.47],[32.74,47.66],[30.92,47.66],[29.83,47.53],[29.04,47.14],[29.01,46.87],[28.72,46.48],[28.69,46.15],[28.77,46.15],[28.65,45.82],[28.37,45.5],[27.95,45.37],[27.96,45.43],[26.17,45.43],[26.03,45.69],[25.86,45.69],[25.97,45.96],[25.89,45.96],[25.91,46.15],[25.67,46.28],[25.77,46.48],[25.69,46.48],[25.64,46.81],[25.41,47.01],[25.42,47.14],[25.18,47.2],[25.28,47.33],[25.19,47.33],[25.21,47.47],[25.05,47.6],[24.88,47.53],[24.82,47.8],[24.5,47.93],[24.61,48.19],[24.53,48.19],[24.54,48.32],[24.29,48.32],[24.22,48.52],[23.97,48.46],[23.9,48.65],[23.26,48.85],[23.17,48.85],[22.93,48.92],[22.86,49.12],[22.7,49.18],[22.74,49.71],[22.92,49.78],[22.93,49.91],[23.01,49.91],[23.65,50.45],[23.99,50.51],[24.01,50.71],[24.36,50.85],[25.48,51.05],[25.89,50.98],[25.98,50.98],[26.14,50.91],[26.27,50.58],[26.76,50.45],[28.79,50.51],[30.21,50.45],[30.69,50.31],[30.95,50.31],[31.13,50.45],[31.12,50.38],[31.44,50.25],[32.2,50.25],[33.24,50.45],[33.51,50.58],[33.45,50.71],[33.96,50.71],[34.52,51.05],[34.87,51.11],[34.81,51.25],[35.3,51.18],[35.68,51.38],[36.77,51.31],[36.83,51.18],[37.0,51.18],[36.88,51.05],[37.05,51.05],[37.18,50.85],[37.73,50.65],[37.79,50.51],[37.88,50.51]]],[[[32.55,50.38],[32.47,50.38],[32.48,50.45],[32.56,50.45],[32.55,50.38]]]]},"properties":{"id":"territory:Magyars:884","name":"마자르","name_en":"Magyars","actor":"기타중립","valid_from":884,"valid_to":886,"wikidata":"Q133032","area":382430,"src":"cliopatria","confidence":"medium"}},{"type":"Feature","geometry":{"type":"Point","coordinates":[29.775,48.88]},"properties":{"id":"territory:Magyars:884:label","name":"마자르","name_en":"Magyars","actor":"기타중립","valid_from":884,"valid_to":886,"wikidata":"Q133032","area":382430,"src":"cliopatria","confidence":"medium"}},{"type":"Feature","geometry":{"type":"Polygon","coordinates":[[[37.73,50.65],[37.41,50.71],[37.05,51.05],[36.88,51.05],[36.91,51.18],[36.77,51.31],[36.36,51.38],[35.68,51.38],[35.21,51.11],[34.88,51.18],[34.04,50.71],[33.62,50.71],[33.24,50.45],[32.2,50.25],[31.44,50.25],[31.13,50.45],[30.95,50.31],[30.69,50.31],[30.21,50.45],[28.79,50.51],[26.76,50.45],[26.27,50.58],[26.14,50.91],[25.98,50.98],[25.89,50.98],[25.48,51.05],[24.36,50.85],[24.01,50.71],[23.99,50.51],[23.65,50.45],[23.01,49.91],[22.93,49.91],[22.92,49.78],[22.74,49.71],[22.7,49.18],[22.86,49.12],[22.93,48.92],[23.17,48.85],[23.26,48.85],[23.9,48.65],[23.97,48.46],[24.22,48.52],[24.29,48.32],[24.54,48.32],[24.53,48.19],[24.61,48.19],[24.5,47.93],[24.82,47.8],[24.88,47.53],[25.05,47.6],[25.21,47.47],[25.19,47.33],[25.28,47.33],[25.18,47.2],[25.42,47.14],[25.41,47.01],[25.64,46.81],[25.69,46.48],[25.77,46.48],[25.67,46.28],[25.91,46.15],[25.89,45.96],[25.97,45.96],[25.86,45.69],[26.03,45.69],[26.17,45.43],[27.96,45.43],[27.95,45.37],[28.37,45.5],[28.65,45.82],[28.77,46.15],[28.69,46.15],[28.72,46.48],[29.01,46.87],[29.04,47.14],[29.83,47.53],[30.92,47.66],[32.74,47.66],[34.11,47.47],[34.38,47.6],[35.03,47.53],[35.35,48.52],[36.37,49.18],[37.26,49.45],[37.4,49.78],[37.79,50.05],[37.86,50.45],[37.73,50.65]]]},"properties":{"id":"territory:Magyars:886","name":"마자르","name_en":"Magyars","actor":"기타중립","valid_from":886,"valid_to":887,"wikidata":"Q133032","area":382140,"src":"cliopatria","confidence":"medium"}},{"type":"Feature","geometry":{"type":"Point","coordinates":[29.771,48.878]},"properties":{"id":"territory:Magyars:886:label","name":"마자르","name_en":"Magyars","actor":"기타중립","valid_from":886,"valid_to":887,"wikidata":"Q133032","area":382140,"src":"cliopatria","confidence":"medium"}},{"type":"Feature","geometry":{"type":"Polygon","coordinates":[[[37.73,50.65],[37.41,50.71],[37.05,51.05],[36.88,51.05],[36.91,51.18],[36.77,51.31],[36.36,51.38],[35.68,51.38],[35.21,51.11],[34.88,51.18],[34.04,50.71],[33.7,50.71],[33.69,50.65],[33.61,50.65],[33.24,50.45],[32.2,50.25],[31.44,50.25],[31.13,50.45],[30.95,50.31],[30.69,50.31],[30.21,50.45],[28.79,50.51],[26.76,50.45],[26.27,50.58],[26.14,50.91],[25.98,50.98],[25.89,50.98],[25.48,51.05],[24.36,50.85],[24.01,50.71],[23.99,50.51],[23.65,50.45],[23.01,49.91],[22.93,49.91],[22.92,49.78],[22.74,49.71],[22.7,49.18],[22.86,49.12],[22.93,48.92],[23.17,48.85],[23.26,48.85],[23.9,48.65],[23.97,48.46],[24.22,48.52],[24.29,48.32],[24.54,48.32],[24.53,48.19],[24.61,48.19],[24.5,47.93],[24.82,47.8],[24.88,47.53],[25.05,47.6],[25.21,47.47],[25.19,47.33],[25.28,47.33],[25.18,47.2],[25.42,47.14],[25.41,47.01],[25.64,46.81],[25.69,46.48],[25.77,46.48],[25.67,46.28],[25.91,46.15],[25.89,45.96],[25.97,45.96],[25.86,45.69],[26.03,45.69],[26.17,45.43],[27.96,45.43],[27.95,45.37],[28.37,45.5],[28.65,45.82],[28.77,46.15],[28.69,46.15],[28.72,46.48],[29.01,46.87],[29.04,47.14],[29.83,47.53],[30.92,47.66],[32.74,47.66],[34.11,47.47],[34.38,47.6],[35.03,47.53],[35.35,48.52],[36.37,49.18],[37.26,49.45],[37.4,49.78],[37.79,50.05],[37.86,50.45],[37.73,50.65]]]},"properties":{"id":"territory:Magyars:887","name":"마자르","name_en":"Magyars","actor":"기타중립","valid_from":887,"valid_to":896,"wikidata":"Q133032","area":382008,"src":"cliopatria","confidence":"medium"}},{"type":"Feature","geometry":{"type":"Point","coordinates":[29.77,48.878]},"properties":{"id":"territory:Magyars:887:label","name":"마자르","name_en":"Magyars","actor":"기타중립","valid_from":887,"valid_to":896,"wikidata":"Q133032","area":382008,"src":"cliopatria","confidence":"medium"}},{"type":"Feature","geometry":{"type":"MultiPolygon","coordinates":[[[[0.67,42.82],[0.6,42.69],[-0.12,42.76],[-0.77,42.89],[-0.86,43.02],[-1.69,43.34],[-1.69,43.41],[-1.46,43.54],[-1.4,43.86],[-1.32,43.86],[-1.35,44.25],[-1.27,44.25],[-1.29,44.52],[-1.21,44.52],[-1.25,45.17],[-1.17,45.17],[-1.19,45.43],[-1.03,45.5],[-1.05,45.69],[-1.21,45.76],[-1.14,45.89],[-1.22,45.89],[-1.25,46.28],[-1.67,46.35],[-2.19,46.81],[-2.14,47.14],[-2.23,47.2],[-2.23,47.27],[-1.24,47.2],[-1.25,47.4],[-0.93,47.53],[-0.36,47.53],[-0.22,47.99],[-0.73,48.13],[-1.08,48.39],[-1.04,48.92],[-1.21,48.99],[-1.25,49.38],[-1.17,49.45],[-1.08,49.45],[0.01,49.38],[-0.01,49.65],[0.22,49.85],[1.05,49.98],[1.45,50.25],[1.42,50.71],[1.66,51.05],[2.58,51.18],[2.74,51.31],[3.32,51.45],[3.41,51.45],[3.5,51.25],[4.26,51.31],[4.03,50.78],[3.54,50.58],[3.55,50.38],[3.63,50.38],[3.64,50.31],[3.82,50.05],[4.58,49.91],[4.68,49.45],[5.03,49.12],[4.87,48.99],[4.88,48.52],[5.22,48.46],[5.47,48.26],[5.48,48.06],[5.65,48.06],[5.82,47.86],[5.82,47.73],[5.58,47.66],[5.59,47.14],[5.43,47.07],[5.36,46.87],[5.03,46.74],[4.88,46.35],[4.57,46.09],[4.23,46.28],[4.23,46.41],[3.98,46.35],[4.08,46.02],[3.92,45.96],[3.93,45.63],[4.01,45.63],[3.94,45.37],[4.27,45.37],[4.36,45.1],[4.12,44.91],[3.96,44.91],[3.97,44.65],[4.22,44.39],[4.47,44.32],[4.48,44.12],[4.73,43.93],[4.57,43.73],[4.41,43.73],[4.34,43.47],[4.26,43.47],[4.17,43.6],[3.85,43.6],[2.98,43.15],[3.01,42.56],[3.18,42.37],[3.1,42.24],[3.11,42.17],[2.94,42.43],[2.46,42.37],[1.49,42.63],[1.41,42.63],[1.4,42.69],[1.16,42.76],[0.67,42.82]],[[1.4,42.76],[1.4,42.82],[1.32,42.82],[1.4,42.69],[1.4,42.76]],[[1.24,42.82],[1.15,42.82],[1.16,42.76],[1.24,42.82]]],[[[-15.56,64.28],[-15.58,64.35],[-15.48,64.35],[-15.46,64.28],[-15.56,64.28]]],[[[-15.41,64.42],[-15.31,64.42],[-15.29,64.35],[-15.39,64.35],[-15.41,64.42]]],[[[-23.01,66.03],[-23.45,66.18],[-23.48,66.25],[-23.06,66.18],[-23.01,66.03]]]]},"properties":{"id":"territory:West Franks:887","name":"서프랑크","name_en":"West Franks","actor":"게르만","valid_from":887,"valid_to":888,"wikidata":"Q46370","area":380120,"src":"cliopatria","confidence":"medium"}},{"type":"Feature","geometry":{"type":"Point","coordinates":[1.822,46.71]},"properties":{"id":"territory:West Franks:887:label","name":"서프랑크","name_en":"West Franks","actor":"게르만","valid_from":887,"valid_to":888,"wikidata":"Q46370","area":380120,"src":"cliopatria","confidence":"medium"}},{"type":"Feature","geometry":{"type":"MultiPolygon","coordinates":[[[[3.82,50.05],[4.58,49.91],[4.68,49.45],[5.03,49.12],[4.87,48.99],[4.88,48.52],[5.22,48.46],[5.47,48.26],[5.48,48.06],[5.65,48.06],[5.82,47.86],[5.82,47.73],[5.58,47.66],[5.59,47.14],[5.43,47.07],[5.36,46.87],[5.03,46.74],[4.88,46.35],[4.57,46.09],[4.23,46.28],[4.23,46.41],[3.98,46.35],[4.08,46.02],[3.92,45.96],[3.93,45.63],[4.01,45.63],[3.94,45.37],[4.27,45.37],[4.36,45.1],[4.12,44.91],[3.96,44.91],[3.97,44.65],[4.22,44.39],[4.47,44.32],[4.48,44.12],[4.73,43.93],[4.57,43.73],[4.41,43.73],[4.34,43.47],[4.26,43.47],[4.17,43.6],[3.85,43.6],[3.62,43.41],[3.14,43.28],[2.99,43.08],[2.99,43.02],[2.59,42.95],[2.52,42.82],[2.04,42.69],[1.97,42.56],[1.89,42.56],[1.81,42.5],[1.73,42.63],[1.57,42.63],[1.49,42.63],[1.07,42.82],[0.67,42.82],[0.6,42.69],[-0.12,42.76],[-0.77,42.89],[-0.86,43.02],[-1.69,43.34],[-1.69,43.41],[-1.46,43.54],[-1.4,43.86],[-1.32,43.86],[-1.35,44.25],[-1.27,44.25],[-1.29,44.52],[-1.21,44.52],[-1.25,45.17],[-1.17,45.17],[-1.19,45.43],[-1.03,45.5],[-1.05,45.69],[-1.21,45.76],[-1.14,45.89],[-1.22,45.89],[-1.25,46.28],[-1.67,46.35],[-2.19,46.81],[-2.14,47.14],[-2.23,47.2],[-2.23,47.27],[-1.24,47.2],[-1.25,47.4],[-0.93,47.53],[-0.36,47.53],[-0.22,47.99],[-0.73,48.13],[-1.08,48.39],[-1.04,48.92],[-1.21,48.99],[-1.25,49.38],[-1.17,49.45],[-1.08,49.45],[0.01,49.38],[-0.01,49.65],[0.22,49.85],[1.05,49.98],[1.45,50.25],[1.42,50.71],[1.66,51.05],[2.58,51.18],[2.74,51.31],[3.32,51.45],[3.41,51.45],[3.5,51.25],[4.26,51.31],[4.03,50.78],[3.54,50.58],[3.55,50.38],[3.63,50.38],[3.64,50.31],[3.82,50.05]]],[[[-15.56,64.28],[-15.58,64.35],[-15.48,64.35],[-15.46,64.28],[-15.56,64.28]]],[[[-15.39,64.35],[-15.41,64.42],[-15.31,64.42],[-15.29,64.35],[-15.39,64.35]]],[[[-23.06,66.18],[-23.01,66.03],[-23.45,66.18],[-23.48,66.25],[-23.06,66.18]]]]},"properties":{"id":"territory:West Franks:898","name":"서프랑크","name_en":"West Franks","actor":"게르만","valid_from":898,"valid_to":911,"wikidata":"Q46370","area":375679,"src":"cliopatria","confidence":"medium"}},{"type":"Feature","geometry":{"type":"Point","coordinates":[1.815,46.755]},"properties":{"id":"territory:West Franks:898:label","name":"서프랑크","name_en":"West Franks","actor":"게르만","valid_from":898,"valid_to":911,"wikidata":"Q46370","area":375679,"src":"cliopatria","confidence":"medium"}},{"type":"Feature","geometry":{"type":"MultiPolygon","coordinates":[[[[3.82,50.05],[4.58,49.91],[4.68,49.45],[5.03,49.12],[4.87,48.99],[4.88,48.52],[5.22,48.46],[5.47,48.26],[5.48,48.06],[5.65,48.06],[5.82,47.86],[5.82,47.73],[5.58,47.66],[5.59,47.14],[5.43,47.07],[5.36,46.87],[5.03,46.74],[4.88,46.35],[4.57,46.09],[4.23,46.28],[4.23,46.41],[3.98,46.35],[4.08,46.02],[3.92,45.96],[3.93,45.63],[4.01,45.63],[3.94,45.37],[4.27,45.37],[4.36,45.1],[4.12,44.91],[3.96,44.91],[3.97,44.65],[4.22,44.39],[4.47,44.32],[4.48,44.12],[4.73,43.93],[4.57,43.73],[4.41,43.73],[4.34,43.47],[4.26,43.47],[4.17,43.6],[3.85,43.6],[3.62,43.41],[3.14,43.28],[2.99,43.08],[2.99,43.02],[2.59,42.95],[2.52,42.82],[2.04,42.69],[1.97,42.56],[1.49,42.63],[1.07,42.82],[0.67,42.82],[0.6,42.69],[-0.12,42.76],[-0.77,42.89],[-0.86,43.02],[-1.69,43.34],[-1.69,43.41],[-1.46,43.54],[-1.4,43.86],[-1.32,43.86],[-1.35,44.25],[-1.27,44.25],[-1.29,44.52],[-1.21,44.52],[-1.25,45.17],[-1.17,45.17],[-1.19,45.43],[-1.03,45.5],[-1.05,45.69],[-1.21,45.76],[-1.14,45.89],[-1.22,45.89],[-1.25,46.28],[-1.67,46.35],[-2.19,46.81],[-2.14,47.14],[-2.23,47.2],[-2.23,47.27],[-1.24,47.2],[-1.25,47.4],[-0.93,47.53],[-0.36,47.53],[-0.22,47.99],[-0.73,48.13],[-1.08,48.39],[-1.04,48.92],[-1.21,48.99],[-1.25,49.38],[-1.17,49.45],[-1.08,49.45],[0.01,49.38],[-0.01,49.65],[0.22,49.85],[1.05,49.98],[1.45,50.25],[1.42,50.71],[1.66,51.05],[2.58,51.18],[2.74,51.31],[3.32,51.45],[3.41,51.45],[3.5,51.25],[4.26,51.31],[4.03,50.78],[3.54,50.58],[3.55,50.38],[3.63,50.38],[3.64,50.31],[3.82,50.05]]],[[[-15.56,64.28],[-15.58,64.35],[-15.48,64.35],[-15.46,64.28],[-15.56,64.28]]],[[[-15.39,64.35],[-15.41,64.42],[-15.31,64.42],[-15.29,64.35],[-15.39,64.35]]],[[[-23.06,66.18],[-23.01,66.03],[-23.45,66.18],[-23.48,66.25],[-23.06,66.18]]]]},"properties":{"id":"territory:West Franks:896","name":"서프랑크","name_en":"West Franks","actor":"게르만","valid_from":896,"valid_to":898,"wikidata":"Q46370","area":375655,"src":"cliopatria","confidence":"medium"}},{"type":"Feature","geometry":{"type":"Point","coordinates":[1.815,46.755]},"properties":{"id":"territory:West Franks:896:label","name":"서프랑크","name_en":"West Franks","actor":"게르만","valid_from":896,"valid_to":898,"wikidata":"Q46370","area":375655,"src":"cliopatria","confidence":"medium"}},{"type":"Feature","geometry":{"type":"MultiPolygon","coordinates":[[[[20.53,40.81],[20.45,40.81],[20.45,40.87],[20.53,40.87],[20.53,40.81]]],[[[29.66,45.37],[29.53,44.91],[29.02,44.78],[29.05,44.97],[28.8,44.97],[28.84,44.58],[28.58,44.39],[28.54,43.99],[28.62,43.99],[28.48,43.47],[28.16,43.47],[28.23,43.34],[27.9,43.28],[27.8,43.15],[27.85,42.76],[27.51,42.63],[27.49,42.43],[27.57,42.43],[27.57,42.37],[26.91,42.17],[27.06,42.04],[27.0,41.39],[27.08,41.39],[26.82,41.13],[26.51,41.2],[26.61,41.52],[26.46,41.59],[26.41,41.91],[25.93,41.91],[25.71,42.11],[25.47,42.11],[25.22,42.04],[25.21,41.91],[24.81,41.85],[24.78,41.46],[24.52,41.26],[23.16,41.0],[22.25,40.55],[21.14,40.36],[20.75,40.48],[20.6,40.74],[20.61,40.81],[20.46,41.0],[20.55,41.2],[20.4,41.46],[20.52,42.11],[20.37,42.3],[20.46,42.43],[20.95,42.63],[20.96,42.82],[21.12,42.89],[21.05,43.08],[21.14,43.21],[21.06,43.21],[21.07,43.41],[20.76,43.47],[20.84,43.6],[20.68,43.6],[20.53,43.8],[19.9,43.93],[19.81,43.93],[19.5,43.99],[19.11,44.32],[19.12,44.52],[19.12,44.58],[19.29,44.78],[19.3,44.91],[19.22,44.91],[19.14,44.91],[19.24,45.3],[19.0,45.37],[19.0,45.5],[19.01,45.56],[18.93,45.56],[18.78,45.89],[18.86,45.89],[19.05,46.41],[18.81,46.61],[18.84,47.07],[19.17,47.2],[19.19,47.47],[19.03,47.53],[18.95,47.73],[19.04,47.73],[19.12,47.73],[19.12,47.8],[19.44,47.66],[19.86,47.66],[20.29,47.93],[20.95,47.93],[21.02,47.8],[21.43,47.73],[21.5,47.53],[22.41,47.6],[22.64,47.4],[22.97,47.4],[23.28,47.07],[23.31,46.48],[23.47,46.35],[23.51,45.89],[23.6,45.89],[23.62,45.1],[23.84,44.91],[24.17,44.91],[24.4,44.78],[26.21,45.04],[26.61,44.97],[26.7,45.1],[27.02,45.04],[27.2,45.17],[27.77,45.24],[28.04,45.43],[28.28,45.43],[28.51,45.24],[29.1,45.43],[29.58,45.43],[29.58,45.37],[29.66,45.37]]]]},"properties":{"id":"territory:First Bulgarian Empire:896","name":"제1차 불가리아 제국","name_en":"First Bulgarian Empire","actor":"기타중립","valid_from":896,"valid_to":898,"wikidata":"Q203817","area":373081,"src":"cliopatria","confidence":"medium"}},{"type":"Feature","geometry":{"type":"Point","coordinates":[23.212,44.108]},"properties":{"id":"territory:First Bulgarian Empire:896:label","name":"제1차 불가리아 제국","name_en":"First Bulgarian Empire","actor":"기타중립","valid_from":896,"valid_to":898,"wikidata":"Q203817","area":373081,"src":"cliopatria","confidence":"medium"}},{"type":"Feature","geometry":{"type":"MultiPolygon","coordinates":[[[[23.81,42.3],[23.81,42.37],[23.89,42.37],[23.89,42.3],[23.81,42.3]]],[[[21.57,43.67],[21.65,43.67],[21.65,43.6],[21.57,43.6],[21.57,43.67]]],[[[21.22,44.45],[21.3,44.45],[21.3,44.39],[21.21,44.39],[21.22,44.45]]],[[[22.97,47.33],[23.21,47.2],[23.23,47.07],[23.28,47.07],[23.28,47.14],[23.37,47.14],[23.36,47.07],[23.35,47.01],[23.27,47.01],[23.24,47.01],[23.32,46.55],[23.48,46.48],[23.39,46.35],[23.53,46.15],[23.51,45.89],[23.68,45.89],[23.57,45.56],[23.73,45.56],[23.65,45.5],[23.69,45.04],[23.84,44.91],[24.41,44.91],[24.73,44.78],[24.98,44.91],[25.14,44.84],[25.55,44.97],[26.2,44.97],[26.38,45.1],[26.7,45.04],[26.79,45.17],[27.52,45.17],[28.04,45.43],[28.05,45.56],[28.29,45.5],[28.66,45.89],[28.59,46.02],[28.67,46.02],[28.71,46.35],[28.63,46.41],[28.81,46.55],[28.76,46.81],[28.92,46.81],[28.96,47.14],[29.12,47.14],[29.32,47.4],[30.67,47.66],[33.48,47.66],[33.62,47.53],[34.04,47.53],[34.12,47.53],[34.08,47.27],[33.69,46.87],[32.92,46.61],[32.17,46.55],[32.18,46.61],[32.03,46.74],[31.79,46.74],[31.61,46.61],[30.88,46.68],[30.3,45.96],[30.04,45.89],[29.86,45.69],[29.61,45.69],[29.62,45.04],[29.53,44.91],[29.11,44.78],[29.02,44.78],[29.05,44.97],[28.8,44.97],[28.84,44.58],[28.58,44.39],[28.54,43.99],[28.62,43.99],[28.48,43.47],[28.16,43.47],[28.23,43.34],[27.9,43.28],[27.8,43.15],[27.85,42.76],[27.51,42.63],[27.5,42.5],[27.49,42.43],[27.33,42.43],[27.07,42.17],[26.91,42.17],[26.81,41.98],[26.57,41.91],[25.93,41.91],[25.71,42.11],[25.47,42.11],[25.22,42.04],[25.21,41.91],[24.97,41.91],[24.98,41.98],[24.92,42.3],[24.7,42.5],[23.81,42.43],[23.23,42.11],[23.16,42.24],[22.45,42.43],[22.39,42.63],[22.15,42.63],[21.93,42.95],[22.01,42.95],[22.02,43.15],[22.19,43.21],[22.12,43.47],[22.21,43.6],[21.66,43.73],[21.49,43.67],[21.52,44.06],[21.29,44.32],[21.38,44.45],[21.3,44.45],[21.31,44.58],[20.41,44.52],[20.26,44.65],[20.27,44.78],[19.86,44.71],[19.62,44.78],[19.62,44.91],[18.81,44.84],[18.74,45.04],[18.5,45.1],[17.93,45.1],[17.76,44.97],[17.52,45.04],[17.19,44.91],[17.11,44.91],[16.54,44.84],[16.46,44.97],[16.14,44.97],[15.98,45.1],[15.57,45.1],[15.41,45.24],[15.26,45.76],[15.68,45.96],[15.6,46.22],[16.1,46.35],[16.44,46.61],[17.15,46.02],[17.88,45.76],[18.45,45.76],[18.86,45.96],[18.96,46.28],[19.04,46.28],[18.97,46.55],[18.81,46.61],[18.92,47.07],[18.92,47.14],[19.0,47.14],[19.09,47.14],[19.19,47.47],[19.03,47.53],[18.95,47.73],[19.04,47.73],[19.45,47.8],[19.53,47.66],[19.86,47.66],[20.54,47.99],[21.52,47.8],[21.58,47.53],[21.99,47.53],[22.17,47.66],[22.65,47.47],[22.73,47.47],[23.06,47.47],[22.97,47.33]]],[[[23.47,46.41],[23.55,46.41],[23.55,46.35],[23.47,46.35],[23.47,46.41]]]]},"properties":{"id":"territory:First Bulgarian Empire:830","name":"제1차 불가리아 제국","name_en":"First Bulgarian Empire","actor":"기타중립","valid_from":830,"valid_to":840,"wikidata":"Q203817","area":366964,"src":"cliopatria","confidence":"medium"}},{"type":"Feature","geometry":{"type":"Point","coordinates":[24.148,45.163]},"properties":{"id":"territory:First Bulgarian Empire:830:label","name":"제1차 불가리아 제국","name_en":"First Bulgarian Empire","actor":"기타중립","valid_from":830,"valid_to":840,"wikidata":"Q203817","area":366964,"src":"cliopatria","confidence":"medium"}},{"type":"Feature","geometry":{"type":"Polygon","coordinates":[[[30.97,49.32],[30.94,49.65],[31.04,49.78],[30.88,49.85],[30.86,50.31],[30.7,50.38],[28.79,50.51],[26.76,50.45],[26.27,50.58],[26.14,50.91],[25.98,50.98],[25.89,50.98],[25.48,51.05],[24.01,50.71],[23.99,50.51],[23.65,50.45],[22.66,49.65],[22.14,49.45],[20.3,49.45],[20.04,49.25],[19.62,49.18],[19.61,49.12],[19.68,48.85],[19.5,48.59],[19.56,48.19],[19.39,48.13],[19.38,47.99],[19.3,47.99],[19.29,47.93],[19.21,47.93],[19.13,47.93],[19.13,47.86],[19.12,47.8],[19.44,47.66],[19.86,47.66],[20.29,47.93],[20.95,47.93],[21.02,47.8],[21.43,47.73],[21.5,47.53],[22.41,47.6],[22.64,47.4],[22.97,47.4],[23.28,47.07],[23.31,46.48],[23.47,46.35],[23.51,45.89],[23.6,45.89],[23.62,45.1],[23.84,44.91],[24.17,44.91],[24.4,44.78],[26.21,45.04],[26.61,44.97],[26.7,45.1],[27.02,45.04],[27.2,45.17],[27.77,45.24],[27.87,45.37],[28.37,45.5],[28.65,45.82],[28.77,46.15],[28.69,46.15],[28.72,46.48],[29.01,46.87],[29.04,47.14],[29.83,47.53],[31.08,47.66],[31.09,47.73],[31.06,48.13],[30.98,48.13],[31.09,48.32],[31.01,48.32],[31.04,48.59],[30.96,48.59],[31.09,48.92],[31.0,48.92],[31.05,49.25],[30.96,49.25],[30.97,49.32]]]},"properties":{"id":"territory:Magyars:898","name":"마자르","name_en":"Magyars","actor":"기타중립","valid_from":898,"valid_to":900,"wikidata":"Q133032","area":362547,"src":"cliopatria","confidence":"medium"}},{"type":"Feature","geometry":{"type":"Point","coordinates":[25.867,48.155]},"properties":{"id":"territory:Magyars:898:label","name":"마자르","name_en":"Magyars","actor":"기타중립","valid_from":898,"valid_to":900,"wikidata":"Q133032","area":362547,"src":"cliopatria","confidence":"medium"}},{"type":"Feature","geometry":{"type":"Polygon","coordinates":[[[72.78,40.81],[72.53,41.0],[72.15,41.07],[72.06,41.26],[71.76,41.33],[71.64,41.46],[71.69,41.59],[71.38,41.85],[71.42,41.98],[71.25,42.17],[70.42,42.56],[70.11,43.08],[69.54,43.28],[69.58,43.41],[69.5,43.41],[69.42,43.41],[68.11,42.11],[66.89,41.26],[66.65,41.26],[66.69,41.13],[66.28,40.81],[65.69,40.68],[65.39,40.74],[65.35,40.61],[62.66,40.03],[62.58,40.03],[62.55,39.9],[62.69,39.84],[62.64,39.64],[62.95,39.32],[63.25,39.26],[63.42,39.0],[63.84,38.8],[64.01,38.55],[64.37,38.42],[64.66,38.03],[64.82,38.03],[64.79,37.9],[65.03,37.64],[65.32,37.51],[65.71,37.51],[66.52,37.32],[67.0,37.38],[67.12,37.25],[67.75,37.25],[67.92,37.0],[68.15,37.0],[68.78,37.32],[69.01,37.32],[69.12,37.13],[69.35,37.13],[69.55,37.58],[70.08,37.51],[70.27,37.64],[70.16,37.84],[70.21,38.03],[70.71,38.42],[71.18,38.42],[71.36,38.22],[71.27,37.9],[71.59,37.9],[71.6,37.96],[72.02,38.61],[73.0,39.26],[73.16,39.26],[73.2,39.38],[73.36,39.38],[73.38,39.45],[73.42,39.58],[73.57,39.58],[73.8,40.29],[73.53,40.42],[73.49,40.55],[73.33,40.55],[73.29,40.68],[73.14,40.68],[73.1,40.81],[72.78,40.81]]]},"properties":{"id":"territory:Samanid Empire:888","name":"사만 왕조","name_en":"Samanid Empire","actor":"기타중립","valid_from":888,"valid_to":896,"wikidata":"Q486181","area":351708,"src":"cliopatria","confidence":"medium"}},{"type":"Feature","geometry":{"type":"Point","coordinates":[68.504,39.789]},"properties":{"id":"territory:Samanid Empire:888:label","name":"사만 왕조","name_en":"Samanid Empire","actor":"기타중립","valid_from":888,"valid_to":896,"wikidata":"Q486181","area":351708,"src":"cliopatria","confidence":"medium"}},{"type":"Feature","geometry":{"type":"Polygon","coordinates":[[[73.38,39.45],[73.42,39.58],[73.57,39.58],[73.8,40.29],[73.68,40.42],[71.76,41.33],[71.64,41.46],[71.69,41.59],[71.38,41.85],[71.42,41.98],[71.25,42.17],[70.42,42.56],[70.11,43.08],[69.54,43.28],[69.58,43.41],[69.5,43.41],[69.42,43.41],[68.11,42.11],[66.89,41.26],[66.65,41.26],[66.69,41.13],[66.28,40.81],[65.69,40.68],[65.39,40.74],[65.35,40.61],[62.66,40.03],[62.58,40.03],[62.55,39.9],[62.69,39.84],[62.64,39.64],[62.95,39.32],[63.25,39.26],[63.42,39.0],[63.84,38.8],[64.01,38.55],[64.37,38.42],[64.66,38.03],[64.82,38.03],[64.79,37.9],[65.03,37.64],[65.32,37.51],[65.71,37.51],[66.52,37.32],[67.0,37.38],[67.12,37.25],[67.75,37.25],[67.92,37.0],[68.15,37.0],[68.78,37.32],[69.01,37.32],[69.12,37.13],[69.35,37.13],[69.55,37.58],[70.08,37.51],[70.27,37.64],[70.16,37.84],[70.21,38.03],[70.71,38.42],[71.18,38.42],[71.36,38.22],[71.27,37.9],[71.59,37.9],[71.6,37.96],[72.02,38.61],[73.0,39.26],[73.16,39.26],[73.2,39.38],[73.36,39.38],[73.38,39.45]]]},"properties":{"id":"territory:Samanid Empire:886","name":"사만 왕조","name_en":"Samanid Empire","actor":"기타중립","valid_from":886,"valid_to":888,"wikidata":"Q486181","area":351615,"src":"cliopatria","confidence":"medium"}},{"type":"Feature","geometry":{"type":"Point","coordinates":[68.503,39.788]},"properties":{"id":"territory:Samanid Empire:886:label","name":"사만 왕조","name_en":"Samanid Empire","actor":"기타중립","valid_from":886,"valid_to":888,"wikidata":"Q486181","area":351615,"src":"cliopatria","confidence":"medium"}},{"type":"Feature","geometry":{"type":"MultiPolygon","coordinates":[[[[21.57,43.6],[21.57,43.67],[21.65,43.67],[21.65,43.6],[21.57,43.6]]],[[[21.21,44.39],[21.22,44.45],[21.3,44.45],[21.3,44.39],[21.21,44.39]]],[[[23.06,47.47],[22.97,47.33],[23.21,47.2],[23.2,47.07],[23.37,47.14],[23.25,46.74],[23.33,46.74],[23.32,46.55],[23.48,46.48],[23.39,46.35],[23.53,46.15],[23.51,45.89],[23.68,45.89],[23.59,45.76],[23.57,45.56],[23.73,45.56],[23.62,45.17],[23.84,44.91],[24.41,44.91],[24.73,44.78],[24.98,44.91],[25.79,44.91],[26.38,45.1],[26.7,45.04],[26.79,45.17],[27.19,45.1],[27.77,45.24],[27.78,45.3],[28.46,45.56],[28.65,45.82],[28.68,46.09],[28.76,46.09],[28.72,46.48],[29.01,46.87],[29.04,47.14],[29.83,47.53],[30.92,47.66],[32.74,47.66],[34.11,47.47],[34.08,47.27],[33.69,46.87],[32.92,46.61],[32.17,46.55],[32.18,46.61],[32.03,46.74],[31.79,46.74],[31.61,46.61],[30.88,46.68],[30.3,45.96],[30.04,45.89],[29.86,45.69],[29.61,45.69],[29.62,45.04],[29.53,44.91],[29.11,44.78],[29.02,44.78],[29.05,44.97],[28.8,44.97],[28.84,44.58],[28.58,44.39],[28.54,43.99],[28.62,43.99],[28.48,43.47],[28.16,43.47],[28.23,43.34],[27.9,43.28],[27.8,43.15],[27.85,42.76],[27.51,42.63],[27.5,42.5],[27.49,42.43],[27.33,42.43],[27.07,42.17],[26.91,42.17],[26.81,41.98],[26.57,41.91],[25.93,41.91],[25.71,42.11],[25.47,42.11],[24.64,41.72],[24.64,41.78],[23.69,41.78],[23.54,41.98],[23.23,42.04],[23.24,42.17],[22.69,42.3],[22.61,42.43],[22.45,42.43],[22.39,42.63],[22.15,42.63],[21.93,42.95],[22.01,42.95],[22.02,43.15],[22.19,43.21],[22.12,43.47],[22.21,43.6],[21.66,43.73],[21.49,43.67],[21.52,44.06],[21.29,44.32],[21.38,44.45],[21.3,44.45],[21.31,44.58],[20.41,44.52],[20.26,44.65],[20.27,44.78],[19.86,44.71],[19.62,44.78],[19.62,44.91],[19.22,44.91],[19.14,44.91],[19.24,45.3],[19.0,45.37],[19.0,45.5],[19.01,45.56],[18.93,45.56],[18.78,45.89],[18.86,45.89],[19.05,46.41],[18.81,46.61],[18.84,47.07],[19.17,47.2],[19.19,47.47],[19.03,47.53],[18.95,47.73],[19.04,47.73],[19.45,47.8],[19.53,47.66],[19.86,47.66],[20.54,47.99],[21.52,47.8],[21.58,47.53],[21.99,47.53],[22.17,47.66],[22.65,47.47],[22.73,47.47],[23.06,47.47]]],[[[23.47,46.35],[23.47,46.41],[23.55,46.41],[23.55,46.35],[23.47,46.35]]]]},"properties":{"id":"territory:First Bulgarian Empire:840","name":"제1차 불가리아 제국","name_en":"First Bulgarian Empire","actor":"기타중립","valid_from":840,"valid_to":850,"wikidata":"Q203817","area":340409,"src":"cliopatria","confidence":"medium"}},{"type":"Feature","geometry":{"type":"Point","coordinates":[24.821,45.039]},"properties":{"id":"territory:First Bulgarian Empire:840:label","name":"제1차 불가리아 제국","name_en":"First Bulgarian Empire","actor":"기타중립","valid_from":840,"valid_to":850,"wikidata":"Q203817","area":340409,"src":"cliopatria","confidence":"medium"}},{"type":"Feature","geometry":{"type":"MultiPolygon","coordinates":[[[[23.81,42.3],[23.81,42.37],[23.89,42.37],[23.89,42.3],[23.81,42.3]]],[[[23.06,47.47],[22.97,47.33],[23.21,47.2],[23.2,47.07],[23.37,47.14],[23.25,46.74],[23.33,46.74],[23.32,46.55],[23.48,46.48],[23.39,46.35],[23.53,46.15],[23.51,45.89],[23.68,45.89],[23.57,45.56],[23.73,45.56],[23.65,45.5],[23.69,45.04],[23.84,44.91],[24.41,44.91],[24.73,44.78],[24.98,44.91],[25.14,44.84],[25.55,44.97],[26.2,44.97],[26.38,45.1],[26.7,45.04],[26.79,45.17],[27.52,45.17],[28.04,45.43],[28.05,45.56],[28.29,45.5],[28.66,45.89],[28.59,46.02],[28.67,46.02],[28.71,46.35],[28.63,46.41],[28.81,46.55],[28.76,46.81],[28.92,46.81],[28.96,47.14],[29.12,47.14],[29.32,47.4],[30.67,47.66],[33.48,47.66],[33.62,47.53],[34.04,47.53],[34.12,47.53],[34.08,47.27],[33.69,46.87],[32.92,46.61],[32.17,46.55],[32.18,46.61],[32.03,46.74],[31.79,46.74],[31.61,46.61],[30.88,46.68],[30.3,45.96],[30.04,45.89],[29.86,45.69],[29.61,45.69],[29.62,45.04],[29.53,44.91],[29.11,44.78],[29.02,44.78],[29.05,44.97],[28.8,44.97],[28.84,44.58],[28.58,44.39],[28.54,43.99],[28.62,43.99],[28.48,43.47],[28.16,43.47],[28.23,43.34],[27.9,43.28],[27.8,43.15],[27.85,42.76],[27.51,42.63],[27.5,42.5],[27.49,42.43],[27.33,42.43],[27.07,42.17],[26.91,42.17],[26.81,41.98],[26.57,41.91],[25.93,41.91],[25.71,42.11],[25.47,42.11],[25.22,42.04],[25.21,41.91],[24.97,41.91],[24.98,41.98],[24.92,42.3],[24.7,42.5],[23.81,42.43],[23.23,42.11],[23.16,42.24],[22.69,42.3],[22.61,42.43],[22.45,42.43],[22.39,42.63],[22.15,42.63],[22.0,42.76],[21.93,42.95],[22.01,42.95],[22.02,43.15],[22.19,43.21],[22.12,43.47],[22.21,43.6],[22.13,43.6],[22.15,43.8],[21.99,43.86],[22.17,44.12],[22.11,44.45],[21.87,44.52],[21.88,44.65],[21.64,44.65],[21.41,44.84],[20.67,44.71],[20.44,44.97],[20.53,45.1],[20.37,45.17],[20.11,44.97],[20.02,44.71],[19.62,44.78],[19.62,44.91],[19.22,44.91],[19.14,44.91],[19.24,45.3],[19.0,45.37],[19.0,45.5],[19.01,45.56],[18.93,45.56],[18.86,45.82],[18.78,45.82],[18.96,46.28],[19.04,46.28],[18.97,46.55],[18.81,46.61],[18.92,47.07],[18.92,47.14],[19.0,47.14],[19.09,47.14],[19.19,47.47],[19.03,47.53],[18.95,47.73],[19.04,47.73],[19.45,47.8],[19.53,47.66],[19.86,47.66],[20.54,47.99],[21.52,47.8],[21.58,47.53],[21.99,47.53],[22.17,47.66],[22.65,47.47],[22.73,47.47],[23.06,47.47]]],[[[23.47,46.35],[23.47,46.41],[23.55,46.41],[23.55,46.35],[23.47,46.35]]]]},"properties":{"id":"territory:First Bulgarian Empire:814","name":"제1차 불가리아 제국","name_en":"First Bulgarian Empire","actor":"기타중립","valid_from":814,"valid_to":825,"wikidata":"Q203817","area":324493,"src":"cliopatria","confidence":"medium"}},{"type":"Feature","geometry":{"type":"Point","coordinates":[24.967,45.143]},"properties":{"id":"territory:First Bulgarian Empire:814:label","name":"제1차 불가리아 제국","name_en":"First Bulgarian Empire","actor":"기타중립","valid_from":814,"valid_to":825,"wikidata":"Q203817","area":324493,"src":"cliopatria","confidence":"medium"}},{"type":"Feature","geometry":{"type":"MultiPolygon","coordinates":[[[[24.98,42.04],[24.99,42.11],[24.99,42.17],[24.91,42.17],[24.92,42.3],[24.7,42.5],[23.81,42.43],[23.23,42.11],[23.16,42.24],[22.69,42.3],[22.61,42.43],[22.45,42.43],[22.39,42.63],[22.15,42.63],[22.0,42.76],[21.93,42.95],[22.01,42.95],[22.02,43.15],[22.19,43.21],[22.12,43.47],[22.21,43.6],[22.13,43.6],[22.15,43.8],[21.99,43.86],[22.17,44.12],[22.11,44.45],[21.87,44.52],[21.88,44.65],[21.64,44.65],[21.41,44.84],[20.67,44.71],[20.44,44.97],[20.53,45.1],[20.37,45.17],[20.11,44.97],[20.02,44.71],[19.62,44.84],[19.62,44.91],[19.73,45.3],[19.57,45.43],[19.58,45.69],[19.67,45.76],[19.35,45.96],[19.46,46.48],[19.23,46.68],[19.23,46.81],[19.66,47.07],[19.51,47.27],[19.52,47.47],[19.43,47.47],[19.53,47.66],[19.61,47.66],[19.86,47.66],[20.54,47.99],[21.52,47.8],[21.58,47.53],[21.99,47.53],[22.17,47.66],[22.65,47.47],[22.73,47.47],[23.06,47.47],[22.97,47.33],[23.21,47.2],[23.2,47.07],[23.37,47.14],[23.25,46.74],[23.33,46.74],[23.32,46.55],[23.48,46.48],[23.39,46.35],[23.53,46.15],[23.51,45.89],[23.68,45.89],[23.57,45.56],[23.73,45.56],[23.65,45.5],[23.69,45.04],[23.84,44.91],[24.41,44.91],[24.73,44.78],[24.98,44.91],[25.14,44.84],[25.55,44.97],[26.2,44.97],[26.38,45.1],[26.7,45.04],[26.79,45.17],[27.52,45.17],[28.04,45.43],[28.05,45.56],[28.29,45.5],[28.66,45.89],[28.59,46.02],[28.67,46.02],[28.71,46.35],[28.63,46.41],[28.81,46.55],[28.76,46.81],[28.92,46.81],[28.96,47.14],[29.12,47.14],[29.32,47.4],[30.67,47.66],[33.48,47.66],[33.62,47.53],[34.04,47.53],[34.12,47.53],[34.08,47.27],[33.69,46.87],[32.92,46.61],[32.17,46.55],[32.18,46.61],[32.03,46.74],[31.79,46.74],[31.61,46.61],[30.88,46.68],[30.3,45.96],[30.04,45.89],[29.86,45.69],[29.61,45.69],[29.62,45.04],[29.53,44.91],[29.11,44.78],[29.02,44.78],[29.05,44.97],[28.8,44.97],[28.84,44.58],[28.58,44.39],[28.54,43.99],[28.62,43.99],[28.48,43.47],[28.16,43.47],[28.23,43.34],[27.9,43.28],[27.8,43.15],[27.85,42.76],[27.51,42.63],[27.5,42.5],[27.49,42.43],[27.33,42.43],[27.07,42.17],[26.91,42.17],[26.81,41.98],[26.57,41.91],[25.93,41.91],[25.71,42.11],[25.47,42.11],[25.22,42.04],[25.21,41.91],[24.97,41.91],[24.98,41.98],[25.01,42.04],[24.98,42.04]]],[[[23.81,42.3],[23.81,42.37],[23.89,42.37],[23.89,42.3],[23.81,42.3]]],[[[23.47,46.35],[23.47,46.41],[23.55,46.41],[23.55,46.35],[23.47,46.35]]]]},"properties":{"id":"territory:First Bulgarian Empire:825","name":"제1차 불가리아 제국","name_en":"First Bulgarian Empire","actor":"기타중립","valid_from":825,"valid_to":830,"wikidata":"Q203817","area":311832,"src":"cliopatria","confidence":"medium"}},{"type":"Feature","geometry":{"type":"Point","coordinates":[25.203,45.097]},"properties":{"id":"territory:First Bulgarian Empire:825:label","name":"제1차 불가리아 제국","name_en":"First Bulgarian Empire","actor":"기타중립","valid_from":825,"valid_to":830,"wikidata":"Q203817","area":311832,"src":"cliopatria","confidence":"medium"}},{"type":"Feature","geometry":{"type":"MultiPolygon","coordinates":[[[[22.73,47.47],[23.06,47.47],[22.97,47.33],[23.21,47.2],[23.2,47.07],[23.37,47.14],[23.25,46.74],[23.33,46.74],[23.32,46.55],[23.48,46.48],[23.39,46.35],[23.53,46.15],[23.51,45.89],[23.68,45.89],[23.57,45.56],[23.73,45.56],[23.65,45.5],[23.69,45.04],[23.84,44.91],[24.41,44.91],[24.73,44.78],[24.98,44.91],[25.14,44.84],[25.55,44.97],[26.2,44.97],[26.38,45.1],[26.7,45.04],[26.79,45.17],[27.52,45.17],[28.04,45.43],[28.05,45.56],[28.29,45.5],[28.66,45.89],[28.59,46.02],[28.67,46.02],[28.71,46.35],[28.63,46.41],[28.81,46.55],[28.76,46.81],[28.92,46.81],[28.96,47.14],[29.12,47.14],[29.32,47.4],[30.67,47.66],[33.48,47.66],[33.62,47.53],[34.04,47.53],[34.12,47.53],[34.08,47.27],[33.69,46.87],[32.92,46.61],[32.17,46.55],[32.18,46.61],[32.03,46.74],[31.79,46.74],[31.61,46.61],[30.88,46.68],[30.3,45.96],[30.04,45.89],[29.86,45.69],[29.61,45.69],[29.62,45.04],[29.53,44.91],[29.11,44.78],[29.02,44.78],[29.05,44.97],[28.8,44.97],[28.84,44.58],[28.58,44.39],[28.54,43.99],[28.62,43.99],[28.48,43.47],[28.16,43.47],[28.23,43.34],[28.07,43.34],[27.99,43.34],[27.74,43.28],[27.71,43.02],[27.79,43.02],[27.79,42.95],[27.87,42.95],[27.86,42.89],[27.85,42.82],[27.85,42.76],[27.77,42.76],[27.53,42.82],[27.33,42.37],[25.8,42.24],[25.46,42.04],[25.22,42.04],[25.21,41.91],[24.97,41.91],[24.98,41.98],[24.92,42.3],[24.55,42.56],[24.48,42.76],[24.08,42.76],[23.93,42.89],[23.6,42.82],[23.61,42.95],[23.13,42.89],[23.06,43.02],[22.82,43.02],[22.59,43.28],[22.12,43.41],[22.21,43.6],[22.13,43.6],[22.15,43.8],[21.99,43.86],[22.0,43.99],[22.17,44.19],[22.09,44.19],[22.11,44.45],[21.87,44.52],[21.88,44.65],[21.64,44.65],[21.41,44.84],[20.67,44.71],[20.44,44.97],[20.53,45.1],[20.37,45.17],[20.11,44.97],[20.02,44.71],[19.62,44.78],[19.62,44.91],[19.22,44.91],[19.14,44.91],[19.24,45.3],[19.0,45.37],[19.0,45.5],[19.01,45.56],[18.93,45.56],[18.78,45.89],[18.86,45.89],[19.05,46.41],[18.81,46.61],[18.84,47.07],[19.17,47.2],[19.19,47.47],[19.03,47.53],[18.95,47.73],[19.04,47.73],[19.45,47.8],[19.53,47.66],[19.86,47.66],[20.54,47.99],[21.52,47.8],[21.58,47.53],[21.99,47.53],[22.17,47.66],[22.65,47.47],[22.73,47.47]]],[[[23.55,46.35],[23.47,46.35],[23.47,46.41],[23.55,46.41],[23.55,46.35]]]]},"properties":{"id":"territory:First Bulgarian Empire:806","name":"제1차 불가리아 제국","name_en":"First Bulgarian Empire","actor":"기타중립","valid_from":806,"valid_to":814,"wikidata":"Q203817","area":306143,"src":"cliopatria","confidence":"medium"}},{"type":"Feature","geometry":{"type":"Point","coordinates":[25.021,45.29]},"properties":{"id":"territory:First Bulgarian Empire:806:label","name":"제1차 불가리아 제국","name_en":"First Bulgarian Empire","actor":"기타중립","valid_from":806,"valid_to":814,"wikidata":"Q203817","area":306143,"src":"cliopatria","confidence":"medium"}},{"type":"Feature","geometry":{"type":"Polygon","coordinates":[[[71.59,35.58],[71.61,35.32],[71.68,35.32],[71.62,35.07],[71.05,34.61],[71.02,34.49],[71.2,34.29],[71.08,34.1],[70.73,33.91],[69.99,34.04],[69.93,33.78],[70.21,33.65],[70.18,33.52],[70.32,33.46],[70.26,33.2],[69.54,33.07],[69.55,32.75],[69.34,32.49],[69.29,31.91],[69.09,31.66],[68.34,31.34],[67.56,31.27],[67.18,30.44],[67.17,30.37],[66.34,30.44],[65.63,30.69],[64.59,30.82],[64.46,30.95],[64.33,31.46],[64.25,31.46],[64.28,32.04],[64.21,32.04],[64.22,32.49],[64.36,32.81],[64.28,32.81],[64.33,33.07],[64.25,33.07],[64.36,33.59],[64.74,33.97],[65.93,34.49],[66.37,35.07],[66.72,35.9],[66.9,36.03],[67.07,36.42],[67.8,36.55],[68.49,36.48],[68.6,36.61],[69.0,36.67],[70.24,36.67],[71.48,36.93],[71.56,36.93],[71.52,36.8],[71.82,36.74],[72.35,37.0],[72.3,36.8],[72.38,36.8],[71.98,36.48],[71.58,36.42],[71.28,36.16],[71.23,35.97],[71.55,35.71],[71.52,35.58],[71.59,35.58]]]},"properties":{"id":"territory:Turk Shahis:850","name":"Turk Shahis","name_en":"Turk Shahis","actor":"기타중립","valid_from":850,"valid_to":866,"wikidata":"Q654380","area":304773,"src":"cliopatria","confidence":"medium"}},{"type":"Feature","geometry":{"type":"Point","coordinates":[67.801,33.759]},"properties":{"id":"territory:Turk Shahis:850:label","name":"Turk Shahis","name_en":"Turk Shahis","actor":"기타중립","valid_from":850,"valid_to":866,"wikidata":"Q654380","area":304773,"src":"cliopatria","confidence":"medium"}},{"type":"Feature","geometry":{"type":"Polygon","coordinates":[[[71.37,36.22],[72.19,36.67],[72.27,36.67],[72.34,36.93],[71.89,36.74],[71.58,36.74],[71.48,36.93],[70.24,36.67],[69.0,36.67],[68.6,36.61],[68.49,36.48],[67.8,36.55],[67.07,36.42],[66.9,36.03],[66.72,35.9],[66.37,35.07],[65.93,34.49],[64.74,33.97],[64.36,33.59],[64.25,33.07],[64.33,33.07],[64.28,32.81],[64.36,32.81],[64.22,32.49],[64.21,32.04],[64.28,32.04],[64.25,31.46],[64.33,31.46],[64.46,30.95],[64.59,30.82],[65.63,30.69],[66.34,30.44],[67.17,30.37],[67.18,30.44],[67.56,31.27],[68.34,31.34],[69.09,31.66],[69.29,31.91],[69.34,32.49],[69.55,32.75],[69.54,33.07],[70.26,33.2],[70.32,33.46],[70.18,33.52],[70.21,33.65],[69.93,33.78],[69.99,34.04],[70.73,33.91],[71.19,34.23],[71.16,34.42],[71.02,34.49],[71.05,34.61],[71.51,34.94],[71.68,35.32],[71.61,35.32],[71.66,35.52],[71.52,35.58],[71.55,35.71],[71.23,35.97],[71.35,36.16],[71.37,36.22]]]},"properties":{"id":"territory:Turk Shahis:718","name":"Turk Shahis","name_en":"Turk Shahis","actor":"기타중립","valid_from":718,"valid_to":850,"wikidata":"Q654380","area":304553,"src":"cliopatria","confidence":"medium"}},{"type":"Feature","geometry":{"type":"Point","coordinates":[67.798,33.757]},"properties":{"id":"territory:Turk Shahis:718:label","name":"Turk Shahis","name_en":"Turk Shahis","actor":"기타중립","valid_from":718,"valid_to":850,"wikidata":"Q654380","area":304553,"src":"cliopatria","confidence":"medium"}},{"type":"Feature","geometry":{"type":"Polygon","coordinates":[[[74.52,41.26],[75.24,41.72],[75.19,42.04],[74.7,42.24],[74.56,42.5],[74.01,42.76],[73.86,43.02],[73.45,43.21],[73.36,43.41],[73.2,43.41],[73.09,43.54],[73.13,43.67],[72.94,43.8],[72.93,43.99],[72.41,44.12],[72.3,44.25],[71.54,44.39],[70.08,44.39],[70.0,44.39],[69.5,43.41],[68.27,42.37],[68.11,42.11],[66.89,41.26],[66.65,41.26],[66.69,41.13],[66.28,40.81],[65.69,40.68],[65.39,40.74],[65.35,40.61],[62.66,40.03],[62.58,40.03],[62.55,39.9],[62.69,39.84],[62.64,39.64],[62.89,39.38],[63.04,39.38],[63.21,39.13],[63.37,39.13],[63.48,38.93],[63.98,39.06],[64.19,39.26],[64.79,39.45],[64.92,39.64],[65.33,39.71],[65.98,40.03],[66.57,40.16],[67.18,40.1],[67.55,40.29],[67.87,40.29],[68.07,40.16],[68.6,40.1],[68.72,39.97],[69.26,39.9],[69.67,39.97],[69.87,39.84],[70.64,39.77],[72.14,39.77],[72.23,39.58],[72.39,39.58],[72.49,39.38],[72.9,39.19],[72.98,39.19],[73.2,39.38],[73.36,39.38],[73.38,39.45],[73.42,39.58],[73.57,39.58],[73.8,40.29],[73.74,40.36],[73.92,40.42],[74.35,41.0],[74.52,41.26]]]},"properties":{"id":"territory:Samanid Empire:898","name":"사만 왕조","name_en":"Samanid Empire","actor":"기타중립","valid_from":898,"valid_to":900,"wikidata":"Q486181","area":282846,"src":"cliopatria","confidence":"medium"}},{"type":"Feature","geometry":{"type":"Point","coordinates":[70.285,41.518]},"properties":{"id":"territory:Samanid Empire:898:label","name":"사만 왕조","name_en":"Samanid Empire","actor":"기타중립","valid_from":898,"valid_to":900,"wikidata":"Q486181","area":282846,"src":"cliopatria","confidence":"medium"}},{"type":"Feature","geometry":{"type":"MultiPolygon","coordinates":[[[[-5.47,58.04],[-5.42,58.32],[-5.24,58.32],[-5.26,58.46],[-5.17,58.46],[-5.2,58.67],[-3.04,58.67],[-3.02,58.53],[-3.43,58.18],[-4.12,57.97],[-4.11,57.9],[-4.82,57.83],[-4.9,57.83],[-5.26,57.83],[-5.46,57.97],[-5.47,58.04]]],[[[-3.44,59.02],[-3.38,59.22],[-3.2,59.22],[-3.09,59.09],[-2.81,59.02],[-2.79,58.88],[-2.97,58.88],[-3.06,58.88],[-3.42,58.81],[-3.53,59.02],[-3.44,59.02]]],[[[-2.58,59.36],[-2.56,59.22],[-2.65,59.22],[-2.64,59.16],[-2.83,59.16],[-2.84,59.29],[-2.58,59.36]]],[[[-0.81,60.63],[-1.16,60.56],[-1.05,60.35],[-1.14,60.35],[-1.2,60.07],[-1.67,60.21],[-1.63,60.63],[-1.36,60.7],[-1.35,60.56],[-1.26,60.56],[-1.28,60.77],[-0.83,60.84],[-0.81,60.63]]],[[[5.92,62.19],[5.91,62.4],[6.56,62.47],[6.64,62.76],[7.4,62.62],[7.39,62.76],[6.92,62.83],[6.92,63.05],[7.95,63.05],[7.94,63.19],[8.23,63.19],[8.22,63.34],[7.75,63.34],[7.84,63.55],[8.22,63.48],[8.5,63.7],[9.07,63.7],[8.98,63.48],[9.26,63.41],[9.35,63.62],[9.54,63.62],[9.54,63.91],[9.92,63.99],[9.92,64.13],[10.3,64.28],[10.3,64.42],[10.87,64.64],[11.16,64.64],[11.35,64.49],[11.44,64.57],[11.35,64.86],[11.45,64.86],[11.45,65.0],[11.74,65.08],[11.84,65.22],[12.13,65.15],[12.04,65.44],[12.13,65.44],[12.14,65.59],[12.53,65.74],[12.53,65.88],[12.34,65.88],[12.44,66.11],[12.34,66.11],[12.35,66.25],[12.64,66.25],[12.63,66.11],[12.82,66.03],[12.93,66.25],[13.12,66.25],[12.94,66.62],[13.23,66.62],[13.24,66.77],[13.63,66.77],[13.54,67.0],[13.64,67.07],[14.13,67.07],[14.44,67.3],[14.55,67.52],[14.95,67.67],[15.07,67.97],[15.36,67.97],[15.58,68.27],[15.88,68.27],[15.88,68.35],[15.09,68.42],[14.98,68.27],[14.19,68.2],[14.19,68.35],[14.4,68.5],[14.9,68.57],[14.91,68.73],[14.41,68.65],[14.52,68.88],[15.13,69.11],[15.13,69.03],[15.33,69.03],[15.32,68.8],[15.52,68.8],[15.44,69.18],[15.75,69.33],[16.15,69.33],[16.14,69.18],[15.94,69.11],[15.92,68.88],[16.62,68.88],[16.61,68.73],[17.21,68.8],[17.23,69.03],[17.33,69.03],[17.32,68.88],[17.52,68.88],[17.65,69.18],[17.04,69.11],[16.96,69.33],[16.86,69.33],[16.87,69.49],[17.27,69.49],[17.59,69.64],[17.89,69.64],[17.98,69.49],[18.58,69.49],[18.59,69.56],[18.19,69.56],[18.31,69.79],[18.92,69.79],[18.79,69.56],[19.38,69.41],[19.16,69.26],[18.65,69.18],[18.43,68.95],[18.02,68.88],[17.91,68.8],[18.0,68.65],[17.9,68.65],[17.8,68.65],[17.6,68.65],[17.59,68.5],[17.29,68.5],[17.27,68.27],[17.06,68.12],[17.16,68.12],[17.15,68.05],[17.05,68.05],[17.04,67.97],[16.94,67.97],[16.94,67.89],[16.84,67.89],[16.83,67.82],[16.74,67.82],[16.74,67.89],[16.64,67.82],[16.43,67.74],[16.53,67.74],[16.53,67.67],[16.43,67.67],[16.43,67.74],[16.23,67.67],[16.32,67.52],[15.72,67.37],[15.0,66.77],[14.8,66.77],[13.79,65.96],[13.6,65.96],[13.2,65.66],[13.19,65.3],[13.38,65.22],[13.27,65.08],[13.37,65.08],[13.46,64.79],[14.02,64.57],[14.2,64.42],[14.19,64.2],[14.0,64.13],[13.9,63.91],[13.42,63.77],[13.13,63.48],[12.94,63.48],[12.65,63.26],[12.64,63.12],[12.26,62.69],[12.24,62.05],[12.43,61.9],[12.51,61.62],[12.88,61.41],[12.87,61.34],[12.68,61.12],[12.31,60.98],[12.31,60.77],[12.49,60.7],[12.48,60.49],[12.58,60.49],[12.38,60.07],[11.92,59.92],[11.92,59.43],[12.01,59.43],[12.0,58.88],[12.09,58.88],[12.16,58.18],[11.89,57.97],[11.71,57.97],[11.71,58.04],[11.45,58.11],[11.36,58.39],[11.18,58.39],[11.1,59.16],[10.83,59.16],[10.56,59.36],[10.56,59.64],[10.37,59.5],[10.47,59.43],[10.37,59.16],[10.19,59.16],[10.01,58.95],[9.65,59.02],[9.56,58.88],[9.38,58.88],[9.38,58.74],[9.11,58.74],[9.11,58.6],[8.93,58.6],[8.67,58.32],[7.6,57.97],[6.61,58.04],[6.52,58.25],[5.7,58.46],[5.51,58.6],[5.5,59.02],[5.95,59.02],[6.03,59.36],[5.84,59.43],[5.85,59.29],[5.21,59.29],[5.28,59.78],[5.19,59.78],[5.18,60.0],[5.45,60.14],[5.26,60.28],[4.9,60.21],[4.89,60.42],[5.16,60.49],[4.95,61.05],[5.13,61.19],[5.03,61.19],[4.93,61.48],[5.2,61.62],[4.92,61.62],[4.91,61.76],[5.19,61.9],[5.08,62.26],[5.45,62.19],[5.44,62.4],[5.72,62.4],[5.73,62.19],[5.92,62.19]],[[17.06,68.12],[16.95,68.05],[17.05,68.05],[17.06,68.12]],[[16.95,68.04],[16.85,67.97],[16.94,67.97],[16.95,68.04]],[[16.85,67.97],[16.74,67.89],[16.84,67.89],[16.85,67.97]]],[[[12.79,67.89],[12.79,68.05],[12.89,68.05],[12.89,68.12],[13.19,68.12],[13.19,67.97],[12.79,67.89]]],[[[16.43,67.67],[16.42,67.59],[16.32,67.59],[16.33,67.67],[16.43,67.67]]],[[[16.74,67.82],[16.73,67.74],[16.63,67.74],[16.64,67.82],[16.74,67.82]]],[[[13.59,68.12],[13.58,68.05],[13.39,68.05],[13.39,68.12],[13.39,68.2],[13.7,68.42],[14.1,68.42],[14.09,68.2],[13.59,68.12]]]]},"properties":{"id":"territory:Old Kingdom of Norway:875","name":"노르웨이 왕국","name_en":"Old Kingdom of Norway","actor":"기타중립","valid_from":875,"valid_to":899,"wikidata":"Q202266","area":282501,"src":"cliopatria","confidence":"medium"}},{"type":"Feature","geometry":{"type":"MultiPolygon","coordinates":[[[[-5.47,58.04],[-5.42,58.32],[-5.24,58.32],[-5.26,58.46],[-5.17,58.46],[-5.2,58.67],[-3.04,58.67],[-3.02,58.53],[-3.43,58.18],[-4.12,57.97],[-4.11,57.9],[-4.82,57.83],[-4.9,57.83],[-5.26,57.83],[-5.46,57.97],[-5.47,58.04]]],[[[-3.44,59.02],[-3.38,59.22],[-3.2,59.22],[-3.09,59.09],[-2.81,59.02],[-2.79,58.88],[-2.97,58.88],[-3.06,58.88],[-3.42,58.81],[-3.53,59.02],[-3.44,59.02]]],[[[-2.58,59.36],[-2.56,59.22],[-2.65,59.22],[-2.64,59.16],[-2.83,59.16],[-2.84,59.29],[-2.58,59.36]]],[[[-0.81,60.63],[-1.16,60.56],[-1.05,60.35],[-1.14,60.35],[-1.2,60.07],[-1.67,60.21],[-1.63,60.63],[-1.36,60.7],[-1.35,60.56],[-1.26,60.56],[-1.28,60.77],[-0.83,60.84],[-0.81,60.63]]],[[[17.27,68.27],[17.06,68.12],[17.16,68.12],[17.15,68.05],[17.05,68.05],[17.04,67.97],[16.94,67.97],[16.94,67.89],[16.84,67.89],[16.83,67.82],[16.74,67.82],[16.74,67.89],[16.64,67.82],[16.43,67.74],[16.53,67.74],[16.53,67.67],[16.43,67.67],[16.43,67.74],[16.23,67.67],[16.32,67.52],[15.72,67.37],[15.0,66.77],[14.8,66.77],[13.79,65.96],[13.6,65.96],[13.2,65.66],[13.19,65.3],[13.38,65.22],[13.27,65.08],[13.37,65.08],[13.46,64.79],[14.02,64.57],[14.2,64.42],[14.19,64.2],[14.0,64.13],[13.9,63.91],[13.42,63.77],[13.13,63.48],[12.94,63.48],[12.65,63.26],[12.64,63.12],[12.26,62.69],[12.24,62.05],[12.43,61.9],[12.51,61.62],[12.88,61.41],[12.87,61.34],[12.68,61.12],[12.31,60.98],[12.31,60.77],[12.49,60.7],[12.48,60.49],[12.58,60.49],[12.38,60.07],[11.92,59.92],[11.92,59.43],[12.01,59.43],[12.0,58.88],[12.09,58.88],[12.16,58.18],[11.89,57.97],[11.71,57.97],[11.71,58.04],[11.45,58.11],[11.36,58.39],[11.18,58.39],[11.1,59.16],[10.83,59.16],[10.56,59.36],[10.56,59.64],[10.37,59.5],[10.47,59.43],[10.37,59.16],[10.19,59.16],[10.01,58.95],[9.65,59.02],[9.56,58.88],[9.38,58.88],[9.38,58.74],[9.11,58.74],[9.11,58.6],[8.93,58.6],[8.67,58.32],[7.6,57.97],[6.61,58.04],[6.52,58.25],[5.7,58.46],[5.51,58.6],[5.5,59.02],[5.95,59.02],[6.03,59.36],[5.84,59.43],[5.85,59.29],[5.21,59.29],[5.28,59.78],[5.19,59.78],[5.18,60.0],[5.45,60.14],[5.26,60.28],[4.9,60.21],[4.89,60.42],[5.16,60.49],[4.95,61.05],[5.13,61.19],[5.03,61.19],[4.93,61.48],[5.2,61.62],[4.92,61.62],[4.91,61.76],[5.19,61.9],[5.08,62.26],[5.45,62.19],[5.44,62.4],[5.72,62.4],[5.73,62.19],[5.92,62.19],[5.91,62.4],[6.56,62.47],[6.64,62.76],[7.4,62.62],[7.39,62.76],[6.92,62.83],[6.92,63.05],[7.95,63.05],[7.94,63.19],[8.23,63.19],[8.22,63.34],[7.75,63.34],[7.84,63.55],[8.22,63.48],[8.5,63.7],[9.07,63.7],[8.98,63.48],[9.26,63.41],[9.35,63.62],[9.54,63.62],[9.54,63.91],[9.92,63.99],[9.92,64.13],[10.3,64.28],[10.3,64.42],[10.87,64.64],[11.16,64.64],[11.35,64.49],[11.44,64.57],[11.35,64.86],[11.45,64.86],[11.45,65.0],[11.74,65.08],[11.84,65.22],[12.13,65.15],[12.04,65.44],[12.13,65.44],[12.14,65.59],[12.53,65.74],[12.53,65.88],[12.34,65.88],[12.44,66.11],[12.34,66.11],[12.35,66.25],[12.64,66.25],[12.63,66.11],[12.82,66.03],[12.93,66.25],[13.12,66.25],[12.94,66.62],[13.23,66.62],[13.24,66.77],[13.63,66.77],[13.54,67.0],[13.64,67.07],[14.13,67.07],[14.44,67.3],[14.55,67.52],[14.95,67.67],[15.07,67.97],[15.36,67.97],[15.58,68.27],[15.88,68.27],[15.88,68.35],[15.09,68.42],[14.98,68.27],[14.19,68.2],[14.19,68.35],[14.4,68.5],[14.9,68.57],[14.91,68.73],[14.41,68.65],[14.52,68.88],[15.13,69.11],[15.13,69.03],[15.33,69.03],[15.32,68.8],[15.52,68.8],[15.44,69.18],[15.75,69.33],[16.15,69.33],[16.14,69.18],[15.94,69.11],[15.92,68.88],[16.62,68.88],[16.61,68.73],[17.21,68.8],[17.23,69.03],[17.33,69.03],[17.32,68.88],[17.52,68.88],[17.65,69.18],[17.04,69.11],[16.96,69.33],[16.86,69.33],[16.87,69.49],[17.27,69.49],[17.59,69.64],[17.89,69.64],[17.98,69.49],[18.58,69.49],[18.59,69.56],[18.19,69.56],[18.31,69.79],[18.92,69.79],[18.79,69.56],[19.38,69.41],[19.16,69.26],[18.65,69.18],[18.43,68.95],[18.02,68.88],[17.91,68.8],[18.0,68.65],[17.9,68.65],[17.6,68.65],[17.59,68.5],[17.29,68.5],[17.27,68.27]],[[17.06,68.12],[16.95,68.05],[17.05,68.05],[17.06,68.12]],[[16.95,68.04],[16.85,67.97],[16.94,67.97],[16.95,68.04]],[[16.85,67.97],[16.74,67.89],[16.84,67.89],[16.85,67.97]]],[[[12.79,67.89],[12.79,68.05],[12.89,68.05],[12.89,68.12],[13.19,68.12],[13.19,67.97],[12.79,67.89]]],[[[16.43,67.67],[16.42,67.59],[16.32,67.59],[16.33,67.67],[16.43,67.67]]],[[[16.74,67.82],[16.73,67.74],[16.63,67.74],[16.64,67.82],[16.74,67.82]]],[[[14.09,68.2],[13.59,68.12],[13.58,68.05],[13.39,68.05],[13.39,68.12],[13.39,68.2],[13.7,68.42],[14.1,68.42],[14.09,68.2]]]]},"properties":{"id":"territory:Old Kingdom of Norway:899","name":"노르웨이 왕국","name_en":"Old Kingdom of Norway","actor":"기타중립","valid_from":899,"valid_to":947,"wikidata":"Q202266","area":282501,"src":"cliopatria","confidence":"medium"}},{"type":"Feature","geometry":{"type":"Point","coordinates":[10.318,62.398]},"properties":{"id":"territory:Old Kingdom of Norway:875:label","name":"노르웨이 왕국","name_en":"Old Kingdom of Norway","actor":"기타중립","valid_from":875,"valid_to":899,"wikidata":"Q202266","area":282501,"src":"cliopatria","confidence":"medium"}},{"type":"Feature","geometry":{"type":"Point","coordinates":[10.318,62.398]},"properties":{"id":"territory:Old Kingdom of Norway:899:label","name":"노르웨이 왕국","name_en":"Old Kingdom of Norway","actor":"기타중립","valid_from":899,"valid_to":947,"wikidata":"Q202266","area":282501,"src":"cliopatria","confidence":"medium"}},{"type":"Feature","geometry":{"type":"MultiPolygon","coordinates":[[[[15.38,51.98],[15.88,51.92],[16.13,51.71],[16.47,51.78],[16.81,51.65],[16.72,51.51],[17.3,51.38],[17.3,51.25],[17.55,51.25],[17.63,51.11],[18.38,50.91],[18.88,50.91],[19.06,51.05],[19.31,51.05],[19.32,51.18],[19.58,51.31],[20.51,51.18],[20.41,51.05],[20.74,50.91],[20.97,50.65],[21.14,50.65],[21.45,50.25],[22.1,49.98],[22.84,49.91],[22.93,49.91],[22.92,49.78],[22.74,49.71],[22.7,49.18],[22.86,49.12],[22.93,48.92],[23.17,48.85],[23.17,48.79],[23.25,48.79],[23.24,48.65],[23.41,48.65],[23.46,48.26],[23.28,48.19],[23.35,47.99],[23.19,47.99],[23.0,47.8],[23.08,47.66],[22.91,47.6],[22.98,47.47],[22.97,47.4],[22.64,47.4],[22.41,47.6],[21.5,47.53],[21.43,47.73],[21.02,47.8],[20.95,47.93],[20.29,47.93],[19.86,47.66],[18.95,47.73],[17.71,47.73],[17.06,47.99],[16.66,48.32],[16.08,48.19],[15.5,48.19],[15.17,48.32],[14.51,48.26],[14.51,48.39],[14.18,48.52],[14.18,48.65],[13.61,48.85],[13.11,49.25],[12.7,49.38],[12.53,49.52],[12.53,49.65],[12.37,49.71],[12.37,49.98],[12.04,50.25],[12.04,50.58],[12.21,50.65],[12.13,51.05],[11.29,51.31],[11.29,51.51],[11.55,51.65],[11.55,51.85],[11.8,52.05],[11.89,52.05],[12.4,52.25],[14.19,52.05],[14.7,52.12],[14.7,51.98],[15.29,51.98],[15.38,51.98]]],[[[17.71,51.18],[17.63,51.18],[17.63,51.25],[17.72,51.25],[17.71,51.18]]]]},"properties":{"id":"territory:Great Moravia:875","name":"Great Moravia","name_en":"Great Moravia","actor":"기타중립","valid_from":875,"valid_to":876,"wikidata":"Q193152","area":282459,"src":"cliopatria","confidence":"medium"}},{"type":"Feature","geometry":{"type":"MultiPolygon","coordinates":[[[[15.38,51.98],[15.88,51.92],[16.13,51.71],[16.47,51.78],[16.81,51.65],[16.72,51.51],[17.3,51.38],[17.3,51.25],[17.55,51.25],[17.63,51.11],[18.38,50.91],[18.88,50.91],[19.06,51.05],[19.31,51.05],[19.32,51.18],[19.58,51.31],[20.51,51.18],[20.41,51.05],[20.74,50.91],[20.97,50.65],[21.14,50.65],[21.45,50.25],[22.1,49.98],[22.84,49.91],[22.93,49.91],[22.92,49.78],[22.74,49.71],[22.7,49.18],[22.86,49.12],[22.93,48.92],[23.17,48.85],[23.17,48.79],[23.25,48.79],[23.24,48.65],[23.41,48.65],[23.46,48.26],[23.28,48.19],[23.35,47.99],[23.19,47.99],[23.0,47.8],[23.08,47.66],[22.91,47.6],[22.98,47.47],[22.97,47.4],[22.64,47.4],[22.41,47.6],[21.5,47.53],[21.43,47.73],[21.02,47.8],[20.95,47.93],[20.29,47.93],[19.86,47.66],[18.95,47.73],[17.71,47.73],[17.06,47.99],[16.66,48.32],[16.08,48.19],[15.5,48.19],[15.17,48.32],[14.51,48.26],[14.51,48.39],[14.18,48.52],[14.18,48.65],[13.61,48.85],[13.11,49.25],[12.7,49.38],[12.53,49.52],[12.53,49.65],[12.37,49.71],[12.37,49.98],[12.04,50.25],[12.04,50.58],[12.21,50.65],[12.13,51.05],[11.29,51.31],[11.29,51.51],[11.55,51.65],[11.55,51.85],[11.8,52.05],[11.89,52.05],[12.4,52.25],[14.19,52.05],[14.7,52.12],[14.7,51.98],[15.29,51.98],[15.38,51.98]]],[[[17.71,51.18],[17.63,51.18],[17.63,51.25],[17.72,51.25],[17.71,51.18]]]]},"properties":{"id":"territory:Great Moravia:878","name":"Great Moravia","name_en":"Great Moravia","actor":"기타중립","valid_from":878,"valid_to":887,"wikidata":"Q193152","area":282459,"src":"cliopatria","confidence":"medium"}},{"type":"Feature","geometry":{"type":"MultiPolygon","coordinates":[[[[15.38,51.98],[15.88,51.92],[16.13,51.71],[16.47,51.78],[16.81,51.65],[16.72,51.51],[17.3,51.38],[17.3,51.25],[17.55,51.25],[17.63,51.11],[18.38,50.91],[18.88,50.91],[19.06,51.05],[19.31,51.05],[19.32,51.18],[19.58,51.31],[20.51,51.18],[20.41,51.05],[20.74,50.91],[20.97,50.65],[21.14,50.65],[21.45,50.25],[22.1,49.98],[22.84,49.91],[22.93,49.91],[22.92,49.78],[22.74,49.71],[22.7,49.18],[22.86,49.12],[22.93,48.92],[23.17,48.85],[23.17,48.79],[23.25,48.79],[23.24,48.65],[23.41,48.65],[23.46,48.26],[23.28,48.19],[23.35,47.99],[23.19,47.99],[23.0,47.8],[23.08,47.66],[22.91,47.6],[22.98,47.47],[22.97,47.4],[22.64,47.4],[22.41,47.6],[21.5,47.53],[21.43,47.73],[21.02,47.8],[20.95,47.93],[20.29,47.93],[19.86,47.66],[18.95,47.73],[17.71,47.73],[17.06,47.99],[16.66,48.32],[16.08,48.19],[15.5,48.19],[15.17,48.32],[14.51,48.26],[14.51,48.39],[14.18,48.52],[14.18,48.65],[13.61,48.85],[13.11,49.25],[12.7,49.38],[12.53,49.52],[12.53,49.65],[12.37,49.71],[12.37,49.98],[12.04,50.25],[12.04,50.58],[12.21,50.65],[12.13,51.05],[11.29,51.31],[11.29,51.51],[11.55,51.65],[11.55,51.85],[11.8,52.05],[11.89,52.05],[12.4,52.25],[14.19,52.05],[14.7,52.12],[14.7,51.98],[15.29,51.98],[15.38,51.98]]],[[[17.71,51.18],[17.63,51.18],[17.63,51.25],[17.72,51.25],[17.71,51.18]]]]},"properties":{"id":"territory:Great Moravia:888","name":"Great Moravia","name_en":"Great Moravia","actor":"기타중립","valid_from":888,"valid_to":892,"wikidata":"Q193152","area":282459,"src":"cliopatria","confidence":"medium"}},{"type":"Feature","geometry":{"type":"Point","coordinates":[17.336,49.777]},"properties":{"id":"territory:Great Moravia:875:label","name":"Great Moravia","name_en":"Great Moravia","actor":"기타중립","valid_from":875,"valid_to":876,"wikidata":"Q193152","area":282459,"src":"cliopatria","confidence":"medium"}},{"type":"Feature","geometry":{"type":"Point","coordinates":[17.336,49.777]},"properties":{"id":"territory:Great Moravia:878:label","name":"Great Moravia","name_en":"Great Moravia","actor":"기타중립","valid_from":878,"valid_to":887,"wikidata":"Q193152","area":282459,"src":"cliopatria","confidence":"medium"}},{"type":"Feature","geometry":{"type":"Point","coordinates":[17.336,49.777]},"properties":{"id":"territory:Great Moravia:888:label","name":"Great Moravia","name_en":"Great Moravia","actor":"기타중립","valid_from":888,"valid_to":892,"wikidata":"Q193152","area":282459,"src":"cliopatria","confidence":"medium"}},{"type":"Feature","geometry":{"type":"MultiPolygon","coordinates":[[[[15.38,51.98],[15.88,51.92],[16.13,51.71],[16.47,51.78],[16.81,51.65],[16.72,51.51],[17.3,51.38],[17.3,51.25],[17.55,51.25],[17.63,51.11],[18.38,50.91],[18.88,50.91],[19.06,51.05],[19.31,51.05],[19.32,51.18],[19.58,51.31],[20.51,51.18],[20.41,51.05],[20.74,50.91],[20.97,50.65],[21.14,50.65],[21.45,50.25],[22.1,49.98],[22.84,49.91],[22.93,49.91],[22.92,49.78],[22.74,49.71],[22.7,49.18],[22.86,49.12],[22.93,48.92],[23.17,48.85],[23.17,48.79],[23.25,48.79],[23.24,48.65],[23.41,48.65],[23.46,48.26],[23.28,48.19],[23.35,47.99],[23.19,47.99],[23.0,47.8],[23.08,47.66],[22.91,47.6],[22.98,47.47],[22.97,47.4],[22.64,47.4],[22.41,47.6],[21.5,47.53],[21.43,47.73],[21.02,47.8],[20.95,47.93],[20.29,47.93],[19.86,47.66],[18.95,47.73],[17.71,47.73],[17.06,47.99],[16.66,48.32],[16.08,48.19],[15.5,48.19],[15.17,48.32],[14.51,48.26],[14.51,48.39],[14.18,48.52],[14.18,48.65],[13.61,48.85],[13.44,49.05],[13.28,49.05],[13.11,49.25],[12.53,49.52],[12.53,49.65],[12.37,49.71],[12.37,49.98],[12.04,50.25],[12.04,50.38],[12.04,50.45],[12.04,50.51],[12.21,50.65],[12.13,51.05],[11.29,51.31],[11.29,51.51],[11.55,51.65],[11.55,51.85],[11.8,52.05],[11.89,52.05],[12.4,52.25],[14.19,52.05],[14.7,52.12],[14.7,51.98],[15.29,51.98],[15.38,51.98]]],[[[17.71,51.18],[17.63,51.18],[17.63,51.25],[17.72,51.25],[17.71,51.18]]]]},"properties":{"id":"territory:Great Moravia:887","name":"Great Moravia","name_en":"Great Moravia","actor":"기타중립","valid_from":887,"valid_to":888,"wikidata":"Q193152","area":282280,"src":"cliopatria","confidence":"medium"}},{"type":"Feature","geometry":{"type":"MultiPolygon","coordinates":[[[[15.38,51.98],[15.88,51.92],[16.13,51.71],[16.47,51.78],[16.81,51.65],[16.72,51.51],[17.3,51.38],[17.3,51.25],[17.55,51.25],[17.63,51.11],[18.38,50.91],[18.88,50.91],[19.06,51.05],[19.31,51.05],[19.32,51.18],[19.58,51.31],[20.51,51.18],[20.41,51.05],[20.74,50.91],[20.97,50.65],[21.14,50.65],[21.45,50.25],[22.1,49.98],[22.84,49.91],[22.93,49.91],[22.92,49.78],[22.74,49.71],[22.7,49.18],[22.86,49.12],[22.93,48.92],[23.17,48.85],[23.17,48.79],[23.25,48.79],[23.24,48.65],[23.41,48.65],[23.46,48.26],[23.28,48.19],[23.35,47.99],[23.19,47.99],[23.0,47.8],[23.08,47.66],[22.91,47.6],[22.98,47.47],[22.97,47.4],[22.64,47.4],[22.41,47.6],[21.5,47.53],[21.43,47.73],[21.02,47.8],[20.95,47.93],[20.29,47.93],[19.86,47.66],[18.95,47.73],[17.71,47.73],[17.06,47.99],[16.66,48.32],[16.08,48.19],[15.5,48.19],[15.17,48.32],[14.51,48.26],[14.51,48.39],[14.18,48.52],[14.18,48.65],[13.61,48.85],[13.44,49.05],[13.28,49.05],[13.11,49.25],[12.53,49.52],[12.53,49.65],[12.37,49.71],[12.37,49.98],[12.04,50.25],[12.04,50.38],[12.04,50.45],[12.04,50.51],[12.21,50.65],[12.13,51.05],[11.29,51.31],[11.29,51.51],[11.55,51.65],[11.55,51.85],[11.8,52.05],[11.89,52.05],[12.4,52.25],[14.19,52.05],[14.7,52.12],[14.7,51.98],[15.29,51.98],[15.38,51.98]]],[[[17.71,51.18],[17.63,51.18],[17.63,51.25],[17.72,51.25],[17.71,51.18]]]]},"properties":{"id":"territory:Great Moravia:892","name":"Great Moravia","name_en":"Great Moravia","actor":"기타중립","valid_from":892,"valid_to":896,"wikidata":"Q193152","area":282280,"src":"cliopatria","confidence":"medium"}},{"type":"Feature","geometry":{"type":"Point","coordinates":[17.339,49.777]},"properties":{"id":"territory:Great Moravia:887:label","name":"Great Moravia","name_en":"Great Moravia","actor":"기타중립","valid_from":887,"valid_to":888,"wikidata":"Q193152","area":282280,"src":"cliopatria","confidence":"medium"}},{"type":"Feature","geometry":{"type":"Point","coordinates":[17.339,49.777]},"properties":{"id":"territory:Great Moravia:892:label","name":"Great Moravia","name_en":"Great Moravia","actor":"기타중립","valid_from":892,"valid_to":896,"wikidata":"Q193152","area":282280,"src":"cliopatria","confidence":"medium"}},{"type":"Feature","geometry":{"type":"MultiPolygon","coordinates":[[[[15.38,51.98],[15.88,51.92],[16.13,51.71],[16.47,51.78],[16.81,51.65],[16.72,51.51],[17.3,51.38],[17.3,51.25],[17.55,51.25],[17.63,51.11],[18.38,50.91],[18.88,50.91],[19.06,51.05],[19.31,51.05],[19.32,51.18],[19.58,51.31],[20.51,51.18],[20.41,51.05],[20.74,50.91],[20.97,50.65],[21.14,50.65],[21.45,50.25],[22.1,49.98],[22.84,49.91],[22.93,49.91],[22.92,49.78],[22.74,49.71],[22.7,49.18],[22.86,49.12],[22.93,48.92],[23.17,48.85],[23.17,48.79],[23.25,48.79],[23.24,48.65],[23.41,48.65],[23.46,48.26],[23.28,48.19],[23.35,47.99],[23.19,47.99],[23.0,47.8],[23.08,47.66],[22.91,47.6],[22.98,47.47],[22.97,47.4],[22.64,47.4],[22.41,47.6],[21.5,47.53],[21.43,47.73],[21.02,47.8],[20.95,47.93],[20.29,47.93],[19.86,47.66],[18.95,47.73],[17.71,47.73],[17.06,47.99],[16.66,48.32],[16.08,48.19],[15.5,48.19],[15.17,48.32],[14.51,48.26],[14.51,48.39],[14.18,48.52],[14.18,48.65],[13.61,48.85],[13.44,49.05],[13.28,49.05],[13.11,49.25],[12.53,49.52],[12.53,49.65],[12.37,49.71],[12.37,49.98],[12.2,50.05],[12.21,50.18],[12.04,50.31],[12.04,50.58],[12.21,50.65],[12.13,51.05],[11.29,51.31],[11.29,51.51],[11.55,51.65],[11.55,51.85],[11.8,52.05],[11.89,52.05],[12.4,52.25],[14.19,52.05],[14.7,52.12],[14.7,51.98],[15.29,51.98],[15.38,51.98]]],[[[17.71,51.18],[17.63,51.18],[17.63,51.25],[17.72,51.25],[17.71,51.18]]]]},"properties":{"id":"territory:Great Moravia:876","name":"Great Moravia","name_en":"Great Moravia","actor":"기타중립","valid_from":876,"valid_to":878,"wikidata":"Q193152","area":282279,"src":"cliopatria","confidence":"medium"}},{"type":"Feature","geometry":{"type":"Point","coordinates":[17.339,49.777]},"properties":{"id":"territory:Great Moravia:876:label","name":"Great Moravia","name_en":"Great Moravia","actor":"기타중립","valid_from":876,"valid_to":878,"wikidata":"Q193152","area":282279,"src":"cliopatria","confidence":"medium"}},{"type":"Feature","geometry":{"type":"MultiPolygon","coordinates":[[[[10.23,36.8],[10.46,36.74],[11.01,37.0],[11.01,36.8],[10.46,36.42],[10.54,36.35],[10.46,35.9],[10.7,35.71],[10.85,35.77],[10.93,35.58],[11.08,35.58],[11.08,35.39],[11.01,35.39],[11.08,35.0],[10.85,34.94],[10.85,34.81],[10.54,34.55],[10.0,34.29],[10.08,34.23],[10.01,33.91],[10.24,33.71],[10.54,33.71],[10.7,33.52],[11.08,33.59],[11.16,33.2],[11.46,33.2],[12.23,32.81],[12.61,32.88],[12.53,32.75],[12.84,32.75],[12.84,32.88],[13.3,32.94],[13.45,32.81],[13.76,32.88],[13.76,32.75],[14.07,32.75],[14.44,32.49],[14.67,32.56],[14.75,32.43],[15.06,32.43],[15.28,32.3],[15.42,31.66],[15.58,31.59],[15.65,31.4],[16.18,31.21],[17.47,31.08],[18.22,30.76],[18.59,30.37],[18.9,30.37],[18.89,30.31],[18.81,29.79],[18.73,29.79],[18.72,29.54],[18.87,29.34],[18.71,29.15],[18.71,29.09],[18.04,29.34],[17.82,29.67],[17.44,29.86],[16.16,30.12],[15.16,30.58],[14.21,31.68],[13.37,32.05],[12.33,31.91],[10.14,32.9],[9.86,32.81],[9.7,33.14],[9.24,33.52],[9.26,34.05],[9.16,34.1],[7.61,34.55],[7.23,34.5],[6.15,34.71],[5.35,34.61],[5.53,35.62],[5.32,35.71],[5.32,36.1],[5.47,36.43],[5.33,36.74],[5.56,36.67],[5.64,36.8],[6.11,36.8],[6.1,36.93],[6.33,37.06],[6.8,36.87],[7.19,36.87],[7.35,37.06],[7.66,37.0],[7.74,36.87],[8.52,36.87],[8.9,37.13],[9.06,37.06],[9.6,37.32],[9.99,37.19],[10.23,37.25],[10.23,37.06],[10.31,37.06],[10.23,36.8]]],[[[12.49,37.9],[12.65,38.09],[13.04,38.03],[13.12,38.16],[13.35,38.16],[13.67,37.96],[13.74,37.96],[13.42,37.38],[13.35,37.38],[13.35,37.45],[13.27,37.45],[13.27,37.51],[13.19,37.51],[13.19,37.58],[12.49,37.71],[12.49,37.9]]],[[[17.19,40.55],[17.11,40.55],[17.19,40.68],[17.51,40.61],[17.5,40.55],[17.42,40.55],[17.42,40.48],[17.34,40.48],[17.35,40.55],[17.27,40.55],[17.19,40.55]]]]},"properties":{"id":"territory:Aghlabid Dynasty:840","name":"Aghlabid Dynasty","name_en":"Aghlabid Dynasty","actor":"기타중립","valid_from":840,"valid_to":850,"wikidata":"Q207600","area":252335,"src":"cliopatria","confidence":"medium"}},{"type":"Feature","geometry":{"type":"Point","coordinates":[10.895,33.957]},"properties":{"id":"territory:Aghlabid Dynasty:840:label","name":"Aghlabid Dynasty","name_en":"Aghlabid Dynasty","actor":"기타중립","valid_from":840,"valid_to":850,"wikidata":"Q207600","area":252335,"src":"cliopatria","confidence":"medium"}},{"type":"Feature","geometry":{"type":"MultiPolygon","coordinates":[[[[10.23,36.8],[10.46,36.74],[11.01,37.0],[11.01,36.8],[10.46,36.42],[10.54,36.35],[10.46,35.9],[10.7,35.71],[10.85,35.77],[10.93,35.58],[11.08,35.58],[11.08,35.39],[11.01,35.39],[11.08,35.0],[10.85,34.94],[10.85,34.81],[10.54,34.55],[10.0,34.29],[10.08,34.23],[10.01,33.91],[10.24,33.71],[10.54,33.71],[10.7,33.52],[11.08,33.59],[11.16,33.2],[11.46,33.2],[12.23,32.81],[12.61,32.88],[12.53,32.75],[12.84,32.75],[12.84,32.88],[13.3,32.94],[13.45,32.81],[13.76,32.88],[13.76,32.75],[14.07,32.75],[14.44,32.49],[14.67,32.56],[14.75,32.43],[15.06,32.43],[15.28,32.3],[15.42,31.66],[15.58,31.59],[15.65,31.4],[16.18,31.21],[17.47,31.08],[18.22,30.76],[18.59,30.37],[18.9,30.37],[18.89,30.31],[18.81,29.79],[18.73,29.79],[18.72,29.54],[18.87,29.34],[18.71,29.15],[18.71,29.09],[18.04,29.34],[17.82,29.67],[17.44,29.86],[16.16,30.12],[15.16,30.58],[14.21,31.68],[13.37,32.05],[12.33,31.91],[10.14,32.9],[9.86,32.81],[9.7,33.14],[9.24,33.52],[9.26,34.05],[9.16,34.1],[7.61,34.55],[7.23,34.5],[6.15,34.71],[5.35,34.61],[5.53,35.62],[5.32,35.71],[5.32,36.1],[5.47,36.43],[5.33,36.74],[5.56,36.67],[5.64,36.8],[6.11,36.8],[6.1,36.93],[6.33,37.06],[6.8,36.87],[7.19,36.87],[7.35,37.06],[7.66,37.0],[7.74,36.87],[8.52,36.87],[8.9,37.13],[9.06,37.06],[9.6,37.32],[9.99,37.19],[10.23,37.25],[10.23,37.06],[10.31,37.06],[10.23,36.8]]],[[[17.27,40.55],[17.19,40.55],[17.11,40.55],[17.19,40.68],[17.51,40.61],[17.5,40.55],[17.42,40.55],[17.42,40.48],[17.34,40.48],[17.35,40.55],[17.27,40.55]]],[[[16.57,41.2],[16.89,41.13],[16.89,41.0],[16.73,41.0],[16.65,41.0],[16.57,41.2]]]]},"properties":{"id":"territory:Aghlabid Dynasty:850","name":"Aghlabid Dynasty","name_en":"Aghlabid Dynasty","actor":"기타중립","valid_from":850,"valid_to":860,"wikidata":"Q207600","area":247200,"src":"cliopatria","confidence":"medium"}},{"type":"Feature","geometry":{"type":"Point","coordinates":[10.895,33.957]},"properties":{"id":"territory:Aghlabid Dynasty:850:label","name":"Aghlabid Dynasty","name_en":"Aghlabid Dynasty","actor":"기타중립","valid_from":850,"valid_to":860,"wikidata":"Q207600","area":247200,"src":"cliopatria","confidence":"medium"}},{"type":"Feature","geometry":{"type":"MultiPolygon","coordinates":[[[[10.31,37.06],[10.23,36.8],[10.46,36.74],[11.01,37.0],[11.01,36.8],[10.46,36.42],[10.54,36.35],[10.46,35.9],[10.7,35.71],[10.85,35.77],[10.93,35.58],[11.08,35.58],[11.08,35.39],[11.01,35.39],[11.08,35.0],[10.85,34.94],[10.85,34.81],[10.54,34.55],[10.0,34.29],[10.08,34.23],[10.01,33.91],[10.24,33.71],[10.54,33.71],[10.7,33.52],[11.08,33.59],[11.16,33.2],[11.46,33.2],[12.23,32.81],[12.61,32.88],[12.53,32.75],[12.84,32.75],[12.84,32.88],[13.3,32.94],[13.45,32.81],[13.76,32.88],[13.76,32.75],[14.07,32.75],[14.44,32.49],[14.67,32.56],[14.75,32.43],[15.06,32.43],[15.28,32.3],[15.42,31.66],[15.58,31.59],[15.65,31.4],[16.18,31.21],[17.47,31.08],[18.22,30.76],[18.59,30.37],[18.9,30.37],[18.89,30.31],[18.81,29.79],[18.73,29.79],[18.72,29.54],[18.87,29.34],[18.71,29.15],[18.71,29.09],[18.04,29.34],[17.82,29.67],[17.44,29.86],[16.16,30.12],[15.16,30.58],[14.21,31.68],[13.37,32.05],[12.33,31.91],[10.14,32.9],[9.86,32.81],[9.7,33.14],[9.24,33.52],[9.26,34.05],[9.16,34.1],[7.61,34.55],[7.23,34.5],[6.15,34.71],[5.35,34.61],[5.53,35.62],[5.32,35.71],[5.32,36.1],[5.47,36.43],[5.33,36.74],[5.56,36.67],[5.64,36.8],[6.11,36.8],[6.1,36.93],[6.33,37.06],[6.8,36.87],[7.19,36.87],[7.35,37.06],[7.66,37.0],[7.74,36.87],[8.52,36.87],[8.9,37.13],[9.06,37.06],[9.6,37.32],[9.99,37.19],[10.23,37.25],[10.23,37.06],[10.31,37.06]],[[10.15,37.06],[10.15,37.0],[10.23,37.0],[10.23,37.06],[10.15,37.06]],[[13.15,32.81],[13.15,32.88],[13.07,32.88],[13.07,32.81],[13.15,32.81]],[[8.9,36.93],[8.9,37.0],[8.83,37.0],[8.83,36.93],[8.9,36.93]]],[[[17.27,40.55],[17.19,40.55],[17.11,40.55],[17.19,40.68],[17.51,40.61],[17.5,40.55],[17.42,40.55],[17.42,40.48],[17.34,40.48],[17.35,40.55],[17.27,40.55]]],[[[16.57,41.2],[16.89,41.13],[16.89,41.0],[16.73,41.0],[16.65,41.0],[16.57,41.2]]]]},"properties":{"id":"territory:Aghlabid Dynasty:860","name":"Aghlabid Dynasty","name_en":"Aghlabid Dynasty","actor":"기타중립","valid_from":860,"valid_to":866,"wikidata":"Q207600","area":247050,"src":"cliopatria","confidence":"medium"}},{"type":"Feature","geometry":{"type":"Point","coordinates":[10.895,33.957]},"properties":{"id":"territory:Aghlabid Dynasty:860:label","name":"Aghlabid Dynasty","name_en":"Aghlabid Dynasty","actor":"기타중립","valid_from":860,"valid_to":866,"wikidata":"Q207600","area":247050,"src":"cliopatria","confidence":"medium"}},{"type":"Feature","geometry":{"type":"MultiPolygon","coordinates":[[[[10.31,37.06],[10.23,36.8],[10.46,36.74],[11.01,37.0],[11.01,36.8],[10.46,36.42],[10.54,36.35],[10.46,35.9],[10.7,35.71],[10.85,35.77],[10.93,35.58],[11.08,35.58],[11.08,35.39],[11.01,35.39],[11.08,35.0],[10.85,34.94],[10.85,34.81],[10.54,34.55],[10.0,34.29],[10.08,34.23],[10.01,33.91],[10.24,33.71],[10.54,33.71],[10.7,33.52],[11.08,33.59],[11.16,33.2],[11.46,33.2],[12.23,32.81],[12.61,32.88],[12.53,32.75],[12.84,32.75],[12.84,32.88],[13.3,32.94],[13.45,32.81],[13.76,32.88],[13.76,32.75],[14.07,32.75],[14.44,32.49],[14.67,32.56],[14.75,32.43],[15.06,32.43],[15.28,32.3],[15.42,31.66],[15.58,31.59],[15.65,31.4],[16.18,31.21],[17.47,31.08],[18.22,30.76],[18.59,30.37],[18.9,30.37],[18.89,30.31],[18.81,29.79],[18.73,29.79],[18.72,29.54],[18.87,29.34],[18.71,29.15],[18.71,29.09],[18.04,29.34],[17.82,29.67],[17.44,29.86],[16.16,30.12],[15.16,30.58],[14.21,31.68],[13.37,32.05],[12.33,31.91],[10.14,32.9],[9.86,32.81],[9.7,33.14],[9.24,33.52],[9.26,34.05],[9.16,34.1],[7.61,34.55],[7.23,34.5],[6.15,34.71],[5.35,34.61],[5.53,35.62],[5.32,35.71],[5.32,36.1],[5.47,36.43],[5.33,36.74],[5.56,36.67],[5.64,36.8],[6.11,36.8],[6.1,36.93],[6.33,37.06],[6.8,36.87],[7.19,36.87],[7.35,37.06],[7.5,37.06],[7.74,36.87],[8.52,36.87],[8.9,37.13],[9.06,37.06],[9.6,37.32],[9.99,37.19],[10.23,37.25],[10.23,37.06],[10.31,37.06]],[[10.15,37.06],[10.15,37.0],[10.23,37.0],[10.23,37.06],[10.15,37.06]],[[13.15,32.81],[13.15,32.88],[13.07,32.88],[13.07,32.81],[13.15,32.81]],[[8.9,36.93],[8.9,37.0],[8.83,37.0],[8.83,36.93],[8.9,36.93]]],[[[17.27,40.55],[17.19,40.55],[17.11,40.55],[17.19,40.68],[17.51,40.61],[17.5,40.55],[17.42,40.55],[17.42,40.48],[17.34,40.48],[17.35,40.55],[17.27,40.55]]],[[[16.57,41.2],[16.89,41.13],[16.89,41.0],[16.73,41.0],[16.65,41.0],[16.57,41.2]]]]},"properties":{"id":"territory:Aghlabid Dynasty:866","name":"Aghlabid Dynasty","name_en":"Aghlabid Dynasty","actor":"기타중립","valid_from":866,"valid_to":875,"wikidata":"Q207600","area":247025,"src":"cliopatria","confidence":"medium"}},{"type":"Feature","geometry":{"type":"Point","coordinates":[10.895,33.957]},"properties":{"id":"territory:Aghlabid Dynasty:866:label","name":"Aghlabid Dynasty","name_en":"Aghlabid Dynasty","actor":"기타중립","valid_from":866,"valid_to":875,"wikidata":"Q207600","area":247025,"src":"cliopatria","confidence":"medium"}},{"type":"Feature","geometry":{"type":"MultiPolygon","coordinates":[[[[10.46,36.74],[11.01,37.0],[11.01,36.8],[10.46,36.42],[10.54,36.35],[10.46,35.9],[10.7,35.71],[10.85,35.77],[10.93,35.58],[11.08,35.58],[11.08,35.39],[11.01,35.39],[11.08,35.0],[10.85,34.94],[10.85,34.81],[10.54,34.55],[10.0,34.29],[10.08,34.23],[10.01,33.91],[10.24,33.71],[10.54,33.71],[10.7,33.52],[11.08,33.59],[11.16,33.2],[11.46,33.2],[12.23,32.81],[12.61,32.88],[12.53,32.75],[12.84,32.75],[12.84,32.88],[13.3,32.94],[13.45,32.81],[13.76,32.88],[13.76,32.75],[14.07,32.75],[14.44,32.49],[14.67,32.56],[14.75,32.43],[15.06,32.43],[15.28,32.3],[15.42,31.66],[15.58,31.59],[15.65,31.4],[16.18,31.21],[17.47,31.08],[18.22,30.76],[18.59,30.37],[18.9,30.37],[18.89,30.31],[18.81,29.79],[18.73,29.79],[18.72,29.54],[18.87,29.34],[18.71,29.15],[18.71,29.09],[18.04,29.34],[17.82,29.67],[17.44,29.86],[16.16,30.12],[15.16,30.58],[14.21,31.68],[13.37,32.05],[12.33,31.91],[10.14,32.9],[9.86,32.81],[9.7,33.14],[9.24,33.52],[9.26,34.05],[9.16,34.1],[7.61,34.55],[7.23,34.5],[6.15,34.71],[5.35,34.61],[5.53,35.62],[5.32,35.71],[5.32,36.1],[5.47,36.43],[5.33,36.74],[5.56,36.67],[5.64,36.8],[6.11,36.8],[6.1,36.93],[6.33,37.06],[6.8,36.87],[7.19,36.87],[7.35,37.06],[7.66,37.0],[7.74,36.87],[8.52,36.87],[8.9,37.13],[9.06,37.06],[9.6,37.32],[9.99,37.19],[10.23,37.25],[10.23,37.06],[10.31,37.06],[10.23,36.8],[10.46,36.74]]],[[[12.65,37.71],[12.72,37.71],[12.72,37.64],[12.65,37.64],[12.65,37.71]]],[[[12.49,37.71],[12.49,37.84],[12.57,37.77],[12.65,37.77],[12.49,37.71]]],[[[13.67,37.96],[13.04,37.96],[12.96,37.96],[12.96,38.03],[13.04,38.03],[13.67,38.03],[13.67,37.96]]]]},"properties":{"id":"territory:Aghlabid Dynasty:830","name":"Aghlabid Dynasty","name_en":"Aghlabid Dynasty","actor":"기타중립","valid_from":830,"valid_to":840,"wikidata":"Q207600","area":246972,"src":"cliopatria","confidence":"medium"}},{"type":"Feature","geometry":{"type":"Point","coordinates":[10.895,33.957]},"properties":{"id":"territory:Aghlabid Dynasty:830:label","name":"Aghlabid Dynasty","name_en":"Aghlabid Dynasty","actor":"기타중립","valid_from":830,"valid_to":840,"wikidata":"Q207600","area":246972,"src":"cliopatria","confidence":"medium"}},{"type":"Feature","geometry":{"type":"MultiPolygon","coordinates":[[[[10.23,36.8],[10.46,36.74],[11.01,37.0],[11.01,36.8],[10.46,36.42],[10.54,36.35],[10.46,35.9],[10.7,35.71],[10.85,35.77],[10.93,35.58],[11.08,35.58],[11.08,35.39],[11.01,35.39],[11.08,35.0],[10.85,34.94],[10.85,34.81],[10.54,34.55],[10.0,34.29],[10.08,34.23],[10.01,33.91],[10.24,33.71],[10.54,33.71],[10.7,33.52],[11.08,33.59],[11.16,33.2],[11.46,33.2],[12.23,32.81],[12.61,32.88],[12.53,32.75],[12.84,32.75],[12.84,32.88],[13.3,32.94],[13.45,32.81],[13.76,32.88],[13.76,32.75],[14.07,32.75],[14.44,32.49],[14.67,32.56],[14.75,32.43],[15.06,32.43],[15.28,32.3],[15.42,31.66],[15.58,31.59],[15.65,31.4],[16.18,31.21],[17.47,31.08],[18.22,30.76],[18.59,30.37],[18.9,30.37],[18.89,30.31],[18.81,29.79],[18.73,29.79],[18.72,29.54],[18.87,29.34],[18.71,29.15],[18.71,29.09],[18.04,29.34],[17.82,29.67],[17.44,29.86],[16.16,30.12],[15.16,30.58],[14.21,31.68],[13.37,32.05],[12.33,31.91],[10.14,32.9],[9.86,32.81],[9.7,33.14],[9.24,33.52],[9.26,34.05],[9.16,34.1],[7.61,34.55],[7.23,34.5],[6.15,34.71],[5.35,34.61],[5.53,35.62],[5.32,35.71],[5.32,36.1],[5.47,36.43],[5.33,36.74],[5.56,36.67],[5.64,36.8],[6.11,36.8],[6.1,36.93],[6.33,37.06],[6.8,36.87],[7.19,36.87],[7.35,37.06],[7.66,37.0],[7.74,36.87],[8.52,36.87],[8.9,37.13],[9.06,37.06],[9.6,37.32],[9.99,37.19],[10.23,37.25],[10.23,37.06],[10.31,37.06],[10.23,36.8]]],[[[17.27,40.55],[17.19,40.55],[17.11,40.55],[17.19,40.68],[17.51,40.61],[17.5,40.55],[17.42,40.55],[17.42,40.48],[17.34,40.48],[17.35,40.55],[17.27,40.55]]]]},"properties":{"id":"territory:Aghlabid Dynasty:875","name":"Aghlabid Dynasty","name_en":"Aghlabid Dynasty","actor":"기타중립","valid_from":875,"valid_to":900,"wikidata":"Q207600","area":246792,"src":"cliopatria","confidence":"medium"}},{"type":"Feature","geometry":{"type":"Point","coordinates":[10.895,33.957]},"properties":{"id":"territory:Aghlabid Dynasty:875:label","name":"Aghlabid Dynasty","name_en":"Aghlabid Dynasty","actor":"기타중립","valid_from":875,"valid_to":900,"wikidata":"Q207600","area":246792,"src":"cliopatria","confidence":"medium"}},{"type":"Feature","geometry":{"type":"MultiPolygon","coordinates":[[[[6.39,61.86],[6.4,61.83],[6.3,61.83],[6.3,61.86],[6.39,61.86]]],[[[14.2,64.52],[14.02,64.22],[12.72,63.55],[12.27,62.73],[12.32,62.39],[12.6,61.89],[12.95,61.6],[12.34,61.29],[12.31,61.18],[12.45,61.05],[12.45,61.05],[12.59,60.69],[12.5,60.5],[12.49,60.48],[12.0,60.22],[11.97,59.94],[11.97,59.92],[12.21,58.44],[12.11,58.39],[12.08,58.38],[11.85,58.25],[11.73,58.33],[11.5,58.24],[11.2,58.4],[11.23,58.84],[11.11,59.0],[11.32,59.1],[11.43,59.0],[11.35,59.11],[11.18,59.11],[11.17,59.51],[10.93,59.51],[10.69,59.9],[10.47,59.84],[10.61,59.59],[10.51,59.53],[10.23,59.73],[10.4,59.6],[10.26,59.53],[10.52,59.31],[10.37,59.27],[10.23,59.04],[9.88,58.95],[9.55,59.11],[9.69,58.98],[8.21,58.12],[7.01,57.99],[6.78,58.11],[6.6,58.07],[6.76,58.24],[5.62,58.56],[5.46,58.75],[5.56,59.03],[5.59,59.02],[6.17,58.83],[6.06,58.89],[6.12,58.96],[6.62,59.05],[6.16,59.0],[6.04,58.9],[5.87,59.07],[6.46,59.32],[6.13,59.26],[6.0,59.33],[6.47,59.56],[6.25,59.57],[6.15,59.45],[5.94,59.35],[5.88,59.44],[6.15,59.48],[5.81,59.47],[5.67,59.41],[5.85,59.34],[5.58,59.38],[5.52,59.28],[5.28,59.35],[5.18,59.51],[5.48,59.73],[5.46,59.52],[5.57,59.68],[6.06,59.74],[6.3,59.84],[5.98,59.75],[5.7,59.83],[5.98,59.97],[6.2,60.3],[6.63,60.41],[6.52,60.08],[6.74,60.44],[7.1,60.5],[6.98,60.51],[7.01,60.58],[6.66,60.43],[6.57,60.46],[6.22,60.41],[5.75,59.99],[5.55,60.15],[5.73,60.38],[5.41,60.13],[5.14,60.36],[5.29,60.52],[5.64,60.42],[5.7,60.69],[5.27,60.55],[4.93,60.8],[5.43,60.63],[5.24,60.77],[5.53,60.87],[5.07,60.83],[5.01,61.04],[6.37,61.06],[6.59,61.15],[6.96,61.08],[7.11,60.86],[7.16,60.94],[7.0,61.09],[7.43,61.18],[7.3,61.29],[7.56,61.47],[7.31,61.36],[7.27,61.28],[7.35,61.19],[7.28,61.16],[6.96,61.11],[6.58,61.21],[6.71,61.39],[6.43,61.11],[5.75,61.15],[5.4,61.07],[4.95,61.26],[5.63,61.36],[5.05,61.32],[4.95,61.41],[5.8,61.45],[5.19,61.5],[5.27,61.56],[5.15,61.59],[5.34,61.59],[4.94,61.68],[5.42,61.91],[6.47,61.8],[6.76,61.87],[5.43,61.94],[5.15,61.89],[5.15,61.97],[5.4,62.02],[5.1,62.11],[5.16,62.21],[5.47,62.01],[5.55,62.08],[5.42,62.18],[5.61,62.19],[5.45,62.18],[5.45,62.19],[5.54,62.19],[5.64,62.19],[5.64,62.19],[5.85,62.2],[6.36,62.06],[5.92,62.21],[6.32,62.37],[6.53,62.11],[6.4,62.38],[6.7,62.44],[6.88,62.41],[6.99,62.28],[6.94,62.14],[6.97,62.09],[7.09,62.1],[6.97,62.12],[7.03,62.27],[7.42,62.23],[6.97,62.31],[6.97,62.37],[6.79,62.48],[6.26,62.46],[6.65,62.5],[6.27,62.53],[6.3,62.6],[7.09,62.65],[7.54,62.5],[7.77,62.58],[7.41,62.62],[8.14,62.69],[8.0,62.76],[7.37,62.73],[7.64,62.79],[6.95,62.72],[6.95,62.93],[7.27,63.01],[7.47,62.91],[8.01,62.97],[8.55,62.65],[8.15,62.94],[7.88,63.0],[8.1,63.1],[8.53,62.85],[8.42,62.95],[8.66,62.97],[8.38,62.97],[8.16,63.12],[8.94,63.21],[8.48,63.29],[9.0,63.46],[9.23,63.35],[9.42,63.37],[9.16,63.39],[9.15,63.49],[9.65,63.62],[10.26,63.26],[10.06,63.42],[10.91,63.46],[10.76,63.51],[10.91,63.6],[10.67,63.55],[11.46,63.8],[11.1,63.89],[11.49,64.01],[11.31,64.12],[10.58,63.8],[11.07,63.84],[10.94,63.74],[10.05,63.5],[9.79,63.66],[10.09,63.76],[9.57,63.66],[9.55,63.77],[10.19,63.93],[9.98,63.99],[10.17,64.19],[10.65,64.36],[10.5,64.42],[10.85,64.37],[10.66,64.44],[10.97,64.6],[11.27,64.45],[11.22,64.32],[11.73,64.58],[11.51,64.57],[11.44,64.71],[11.84,64.79],[11.64,64.82],[11.73,64.88],[12.22,64.94],[11.91,64.94],[11.24,64.73],[11.37,64.81],[11.27,64.84],[11.69,64.9],[11.3,64.89],[12.62,65.13],[12.94,65.32],[12.48,65.13],[12.37,65.16],[12.68,65.25],[12.25,65.23],[12.54,65.38],[12.48,65.44],[12.63,65.42],[12.35,65.64],[12.53,65.73],[12.78,65.63],[12.55,65.75],[12.67,65.92],[13.17,65.85],[12.96,66.04],[12.67,66.06],[13.56,66.23],[12.83,66.09],[12.83,66.11],[12.93,66.25],[13.12,66.25],[12.94,66.62],[13.23,66.62],[13.24,66.77],[13.63,66.77],[13.54,67.0],[13.64,67.07],[14.13,67.07],[14.44,67.3],[14.55,67.52],[14.95,67.67],[15.07,67.97],[15.36,67.97],[15.58,68.27],[15.88,68.27],[15.88,68.35],[15.09,68.42],[14.98,68.27],[14.19,68.2],[14.19,68.35],[14.4,68.5],[14.9,68.57],[14.91,68.73],[14.41,68.65],[14.52,68.88],[15.13,69.11],[15.13,69.03],[15.33,69.03],[15.32,68.8],[15.52,68.8],[15.44,69.18],[15.75,69.33],[16.15,69.33],[16.14,69.18],[15.94,69.11],[15.92,68.88],[16.62,68.88],[16.61,68.73],[17.21,68.8],[17.23,69.03],[17.33,69.03],[17.32,68.88],[17.52,68.88],[17.65,69.18],[17.04,69.11],[16.96,69.33],[16.86,69.33],[16.87,69.49],[17.27,69.49],[17.59,69.64],[17.89,69.64],[17.98,69.49],[18.58,69.49],[18.59,69.56],[18.19,69.56],[18.31,69.79],[18.92,69.79],[18.79,69.56],[19.38,69.41],[19.16,69.26],[18.65,69.18],[18.43,68.95],[18.02,68.88],[17.91,68.8],[18.0,68.65],[17.6,68.65],[17.59,68.5],[17.29,68.5],[17.27,68.27],[17.06,68.12],[17.16,68.12],[17.15,68.05],[17.05,68.05],[17.04,67.97],[16.94,67.97],[16.94,67.89],[16.84,67.89],[16.83,67.82],[16.74,67.82],[16.74,67.89],[16.64,67.82],[16.43,67.74],[16.53,67.74],[16.53,67.67],[16.43,67.67],[16.43,67.74],[16.23,67.67],[16.32,67.52],[15.72,67.37],[15.0,66.77],[14.8,66.77],[13.3,65.67],[13.53,65.01],[14.13,64.68],[14.2,64.52]],[[13.51,66.08],[13.24,65.86],[13.55,66.1],[13.56,66.23],[13.51,66.08]],[[17.06,68.12],[16.95,68.05],[17.05,68.05],[17.06,68.12]],[[16.95,68.04],[16.85,67.97],[16.94,67.97],[16.95,68.04]],[[16.85,67.97],[16.74,67.89],[16.84,67.89],[16.85,67.97]]],[[[16.33,67.67],[16.43,67.67],[16.42,67.59],[16.32,67.59],[16.33,67.67]]],[[[12.79,67.89],[12.79,68.05],[12.89,68.05],[12.89,68.12],[13.19,68.12],[13.19,67.97],[12.79,67.89]]],[[[14.1,68.42],[14.09,68.2],[13.59,68.12],[13.58,68.05],[13.39,68.05],[13.39,68.12],[13.39,68.2],[13.7,68.42],[14.1,68.42]]],[[[16.74,67.82],[16.73,67.74],[16.63,67.74],[16.64,67.82],[16.74,67.82]]]]},"properties":{"id":"territory:Old Kingdom of Norway:870","name":"노르웨이 왕국","name_en":"Old Kingdom of Norway","actor":"기타중립","valid_from":870,"valid_to":875,"wikidata":"Q202266","area":246545,"src":"cliopatria","confidence":"medium"}},{"type":"Feature","geometry":{"type":"Point","coordinates":[10.466,62.431]},"properties":{"id":"territory:Old Kingdom of Norway:870:label","name":"노르웨이 왕국","name_en":"Old Kingdom of Norway","actor":"기타중립","valid_from":870,"valid_to":875,"wikidata":"Q202266","area":246545,"src":"cliopatria","confidence":"medium"}},{"type":"Feature","geometry":{"type":"Polygon","coordinates":[[[10.31,37.06],[10.23,36.8],[10.46,36.74],[11.01,37.0],[11.01,36.8],[10.46,36.42],[10.54,36.35],[10.46,35.9],[10.7,35.71],[10.85,35.77],[10.93,35.58],[11.08,35.58],[11.08,35.39],[11.01,35.39],[11.08,35.0],[10.85,34.94],[10.85,34.81],[10.54,34.55],[10.0,34.29],[10.08,34.23],[10.01,33.91],[10.24,33.71],[10.54,33.71],[10.7,33.52],[11.08,33.59],[11.16,33.2],[11.46,33.2],[12.23,32.81],[12.61,32.88],[12.53,32.75],[12.84,32.75],[12.84,32.88],[13.3,32.94],[13.45,32.81],[13.76,32.88],[13.76,32.75],[14.07,32.75],[14.44,32.49],[14.67,32.56],[14.75,32.43],[15.06,32.43],[15.28,32.3],[15.42,31.66],[15.58,31.59],[15.65,31.4],[16.18,31.21],[17.47,31.08],[18.22,30.76],[18.59,30.37],[18.9,30.37],[18.89,30.31],[18.81,29.79],[18.73,29.79],[18.72,29.54],[18.87,29.34],[18.71,29.15],[18.71,29.09],[18.04,29.34],[17.82,29.67],[17.44,29.86],[16.16,30.12],[15.16,30.58],[14.21,31.68],[13.37,32.05],[12.33,31.91],[10.14,32.9],[9.86,32.81],[9.7,33.14],[9.24,33.52],[9.26,34.05],[9.16,34.1],[7.61,34.55],[7.23,34.5],[6.15,34.71],[5.35,34.61],[5.53,35.62],[5.32,35.71],[5.32,36.1],[5.47,36.43],[5.33,36.74],[5.56,36.67],[5.64,36.8],[6.11,36.8],[6.1,36.93],[6.33,37.06],[6.8,36.87],[7.19,36.87],[7.35,37.06],[7.66,37.0],[7.74,36.87],[8.52,36.87],[8.9,37.13],[9.06,37.06],[9.6,37.32],[9.99,37.19],[10.23,37.25],[10.23,37.06],[10.31,37.06]]]},"properties":{"id":"territory:Aghlabid Dynasty:800","name":"Aghlabid Dynasty","name_en":"Aghlabid Dynasty","actor":"기타중립","valid_from":800,"valid_to":830,"wikidata":"Q207600","area":246406,"src":"cliopatria","confidence":"medium"}},{"type":"Feature","geometry":{"type":"Point","coordinates":[10.895,33.957]},"properties":{"id":"territory:Aghlabid Dynasty:800:label","name":"Aghlabid Dynasty","name_en":"Aghlabid Dynasty","actor":"기타중립","valid_from":800,"valid_to":830,"wikidata":"Q207600","area":246406,"src":"cliopatria","confidence":"medium"}},{"type":"Feature","geometry":{"type":"MultiPolygon","coordinates":[[[[14.64,55.29],[14.99,55.23],[15.08,55.23],[15.07,55.02],[14.64,55.09],[14.64,55.29]]],[[[10.63,55.98],[10.63,55.77],[10.54,55.77],[10.36,55.77],[10.45,55.98],[10.63,55.98]]],[[[10.28,56.25],[10.28,55.98],[10.01,55.91],[9.93,55.7],[9.75,55.7],[9.75,55.57],[10.63,55.63],[10.63,55.5],[10.8,55.43],[10.8,55.16],[10.89,55.16],[10.88,54.95],[10.71,54.75],[10.54,54.75],[10.54,55.02],[9.93,55.09],[10.01,55.02],[9.93,54.55],[10.19,54.55],[10.19,54.41],[10.1,54.41],[10.1,54.34],[9.15,54.21],[8.89,54.34],[8.8,54.21],[8.72,54.21],[8.54,54.27],[8.54,54.41],[8.8,54.48],[8.8,54.61],[8.53,54.82],[8.44,55.23],[8.53,55.23],[8.53,55.36],[8.35,55.5],[8.09,55.5],[8.09,55.63],[8.0,55.63],[8.08,56.11],[7.99,56.11],[7.98,56.66],[8.24,56.73],[8.15,56.87],[8.24,56.87],[8.24,57.01],[8.5,57.21],[9.39,57.21],[9.66,57.42],[9.66,57.56],[9.83,57.56],[9.92,57.7],[10.46,57.77],[10.55,57.28],[10.28,57.08],[10.28,56.59],[10.9,56.52],[10.81,56.18],[10.54,56.18],[10.54,56.11],[10.36,56.11],[10.37,56.25],[10.28,56.25]]],[[[13.84,59.92],[14.2,59.78],[14.38,59.85],[14.65,59.71],[15.29,59.78],[15.65,59.71],[15.84,59.85],[16.57,59.92],[16.76,60.14],[17.13,60.21],[17.62,60.63],[17.99,60.63],[18.07,60.49],[18.61,60.42],[18.5,60.21],[18.78,60.21],[19.03,60.0],[19.01,59.71],[18.83,59.71],[18.63,59.5],[18.35,59.43],[18.41,59.09],[18.14,59.09],[17.95,58.88],[17.5,58.88],[17.49,58.74],[17.13,58.74],[17.03,58.6],[16.85,58.6],[16.84,58.46],[16.66,58.46],[16.83,58.32],[16.81,58.04],[16.63,57.9],[16.71,57.83],[16.7,57.7],[16.61,57.7],[16.69,57.42],[16.5,57.28],[16.48,56.87],[16.76,57.08],[16.95,57.42],[17.13,57.42],[17.12,57.28],[16.74,56.8],[16.72,56.52],[16.44,56.25],[16.27,56.25],[16.28,56.52],[16.19,56.52],[16.09,56.25],[15.82,56.11],[14.77,56.18],[14.76,55.98],[14.23,55.91],[14.3,55.36],[12.81,55.36],[12.73,55.5],[12.9,55.57],[12.91,55.77],[12.56,55.98],[12.56,55.7],[12.2,55.57],[12.38,55.43],[12.37,55.23],[12.11,55.16],[12.1,54.75],[11.84,54.68],[10.88,54.75],[10.97,55.02],[11.67,54.89],[11.67,55.09],[11.5,55.23],[10.97,55.29],[11.06,55.57],[10.89,55.63],[10.89,55.77],[11.24,55.84],[11.33,56.05],[11.6,56.05],[11.77,55.84],[11.86,56.11],[12.48,56.18],[12.48,56.32],[12.66,56.32],[12.57,56.52],[12.75,56.52],[12.75,56.66],[12.4,56.8],[12.41,56.94],[12.14,57.08],[12.06,57.35],[11.79,57.42],[11.71,58.11],[11.45,58.11],[11.45,58.26],[11.5,58.24],[11.73,58.33],[11.85,58.25],[12.21,58.44],[11.95,60.09],[12.07,60.26],[12.11,60.28],[12.11,60.28],[12.29,60.21],[12.48,60.28],[12.48,60.14],[13.29,59.92],[13.84,59.92]]],[[[5.37,61.9],[5.23,61.9],[5.43,61.94],[5.84,61.9],[5.4,61.9],[5.37,61.9]]],[[[5.44,62.4],[5.72,62.4],[5.73,62.26],[5.73,62.19],[5.42,62.18],[5.55,62.08],[5.47,62.01],[5.16,62.21],[5.1,62.11],[5.4,62.02],[5.18,61.98],[5.18,62.05],[5.09,62.05],[5.08,62.26],[5.45,62.19],[5.44,62.4]]],[[[16.43,67.67],[16.42,67.59],[16.32,67.59],[16.33,67.67],[16.43,67.67]]],[[[13.23,66.62],[13.24,66.77],[13.63,66.77],[13.54,67.0],[13.64,67.07],[14.13,67.07],[14.44,67.3],[14.55,67.52],[14.95,67.67],[15.07,67.97],[15.36,67.97],[15.58,68.27],[15.88,68.27],[15.88,68.35],[15.09,68.42],[14.98,68.27],[14.19,68.2],[14.19,68.35],[14.4,68.5],[14.9,68.57],[14.91,68.73],[14.41,68.65],[14.52,68.88],[15.13,69.11],[15.13,69.03],[15.33,69.03],[15.32,68.8],[15.52,68.8],[15.44,69.18],[15.75,69.33],[16.15,69.33],[16.14,69.18],[15.94,69.11],[15.92,68.88],[16.62,68.88],[16.61,68.73],[17.21,68.8],[17.23,69.03],[17.33,69.03],[17.32,68.88],[17.52,68.88],[17.65,69.18],[17.04,69.11],[16.96,69.33],[16.86,69.33],[16.87,69.49],[17.27,69.49],[17.59,69.64],[17.89,69.64],[17.98,69.49],[18.58,69.49],[18.59,69.56],[18.19,69.56],[18.31,69.79],[18.92,69.79],[18.79,69.56],[19.38,69.41],[19.16,69.26],[18.65,69.18],[18.43,68.95],[18.02,68.88],[17.91,68.8],[18.0,68.65],[17.29,68.5],[17.27,68.27],[17.06,68.12],[17.16,68.12],[17.15,68.05],[17.05,68.05],[17.04,67.97],[16.94,67.97],[16.94,67.89],[16.84,67.89],[16.83,67.82],[16.74,67.82],[16.74,67.89],[16.64,67.82],[16.43,67.74],[16.53,67.74],[16.53,67.67],[16.43,67.67],[16.43,67.74],[16.23,67.67],[16.32,67.52],[15.72,67.37],[15.0,66.77],[14.8,66.77],[13.3,65.66],[13.24,65.86],[13.55,66.1],[13.56,66.23],[12.83,66.09],[12.83,66.11],[12.93,66.25],[13.12,66.25],[12.94,66.62],[13.23,66.62]],[[17.06,68.12],[16.95,68.05],[17.05,68.05],[17.06,68.12]],[[16.95,68.04],[16.85,67.97],[16.94,67.97],[16.95,68.04]],[[16.85,67.97],[16.74,67.89],[16.84,67.89],[16.85,67.97]]],[[[12.79,68.05],[12.89,68.05],[12.89,68.12],[13.19,68.12],[13.19,67.97],[12.79,67.89],[12.79,68.05]]],[[[13.59,68.12],[13.58,68.05],[13.39,68.05],[13.39,68.12],[13.39,68.2],[13.7,68.42],[14.1,68.42],[14.09,68.2],[13.59,68.12]]],[[[19.05,57.97],[19.03,57.83],[18.84,57.7],[18.91,57.42],[18.45,57.21],[18.34,56.94],[18.08,56.94],[18.03,57.49],[18.03,57.56],[18.23,57.83],[18.6,57.97],[19.05,57.97]]],[[[40.49,57.9],[40.47,57.83],[40.38,57.83],[40.4,57.9],[40.49,57.9]]],[[[16.73,67.74],[16.63,67.74],[16.64,67.82],[16.74,67.82],[16.73,67.74]]],[[[17.78,68.42],[17.68,68.42],[17.68,68.5],[17.78,68.5],[17.88,68.5],[17.88,68.42],[17.78,68.42]]],[[[18.08,68.42],[17.89,68.57],[18.2,68.65],[18.08,68.5],[18.08,68.42]]]]},"properties":{"id":"territory:Scandinavian minor kingdoms:866","name":"스칸디나비아 소왕국","name_en":"Scandinavian minor kingdoms","actor":"기타중립","valid_from":866,"valid_to":870,"wikidata":"Q213649","area":236231,"src":"cliopatria","confidence":"medium"}},{"type":"Feature","geometry":{"type":"Point","coordinates":[14.574,57.984]},"properties":{"id":"territory:Scandinavian minor kingdoms:866:label","name":"스칸디나비아 소왕국","name_en":"Scandinavian minor kingdoms","actor":"기타중립","valid_from":866,"valid_to":870,"wikidata":"Q213649","area":236231,"src":"cliopatria","confidence":"medium"}},{"type":"Feature","geometry":{"type":"MultiPolygon","coordinates":[[[[14.64,55.09],[14.64,55.29],[14.99,55.23],[15.08,55.23],[15.07,55.02],[14.64,55.09]]],[[[10.45,55.98],[10.63,55.98],[10.63,55.77],[10.54,55.77],[10.36,55.77],[10.45,55.98]]],[[[10.37,56.25],[10.28,56.25],[10.28,55.98],[10.01,55.91],[9.93,55.7],[9.75,55.7],[9.75,55.57],[10.63,55.63],[10.63,55.5],[10.8,55.43],[10.8,55.16],[10.89,55.16],[10.88,54.95],[10.71,54.75],[10.54,54.75],[10.54,55.02],[9.93,55.09],[10.01,55.02],[9.93,54.55],[10.19,54.55],[10.19,54.41],[10.1,54.41],[10.1,54.34],[9.15,54.21],[8.89,54.34],[8.8,54.21],[8.72,54.21],[8.54,54.27],[8.54,54.41],[8.8,54.48],[8.8,54.61],[8.53,54.82],[8.44,55.23],[8.53,55.23],[8.53,55.36],[8.35,55.5],[8.09,55.5],[8.09,55.63],[8.0,55.63],[8.08,56.11],[7.99,56.11],[7.98,56.66],[8.24,56.73],[8.15,56.87],[8.24,56.87],[8.24,57.01],[8.5,57.21],[9.39,57.21],[9.66,57.42],[9.66,57.56],[9.83,57.56],[9.92,57.7],[10.46,57.77],[10.55,57.28],[10.28,57.08],[10.28,56.59],[10.9,56.52],[10.81,56.18],[10.54,56.18],[10.54,56.11],[10.36,56.11],[10.37,56.25]]],[[[18.6,57.97],[19.05,57.97],[19.03,57.83],[18.84,57.7],[18.91,57.42],[18.45,57.21],[18.34,56.94],[18.08,56.94],[18.03,57.49],[18.03,57.56],[18.23,57.83],[18.6,57.97]]],[[[40.4,57.9],[40.49,57.9],[40.47,57.83],[40.38,57.83],[40.4,57.9]]],[[[16.33,60.56],[16.8,60.63],[16.99,60.77],[17.45,60.77],[17.62,60.63],[17.99,60.63],[18.07,60.49],[18.61,60.42],[18.5,60.21],[18.78,60.21],[19.03,60.0],[19.01,59.71],[18.83,59.71],[18.63,59.5],[18.35,59.43],[18.41,59.09],[18.14,59.09],[17.95,58.88],[17.5,58.88],[17.49,58.74],[17.13,58.74],[17.03,58.6],[16.85,58.6],[16.84,58.46],[16.66,58.46],[16.83,58.32],[16.81,58.04],[16.63,57.9],[16.71,57.83],[16.7,57.7],[16.61,57.7],[16.69,57.42],[16.5,57.28],[16.48,56.87],[16.76,57.08],[16.95,57.42],[17.13,57.42],[17.12,57.28],[16.74,56.8],[16.72,56.52],[16.44,56.25],[16.27,56.25],[16.28,56.52],[16.19,56.52],[16.09,56.25],[15.82,56.11],[14.77,56.18],[14.76,55.98],[14.23,55.91],[14.3,55.36],[12.81,55.36],[12.73,55.5],[12.9,55.57],[12.91,55.77],[12.56,55.98],[12.56,55.7],[12.2,55.57],[12.38,55.43],[12.37,55.23],[12.11,55.16],[12.1,54.75],[10.88,54.75],[10.97,55.02],[11.67,54.89],[11.67,55.09],[11.5,55.23],[10.97,55.29],[11.06,55.57],[10.89,55.63],[10.89,55.77],[11.24,55.84],[11.33,56.05],[11.6,56.05],[11.77,55.84],[11.86,56.11],[12.48,56.18],[12.48,56.32],[12.66,56.32],[12.57,56.52],[12.75,56.52],[12.75,56.66],[12.58,56.66],[12.4,56.8],[12.41,56.94],[12.14,57.08],[12.06,57.35],[11.79,57.42],[11.71,57.9],[11.71,57.97],[11.89,57.97],[12.16,58.18],[12.09,58.88],[12.0,58.88],[12.01,59.43],[11.92,59.43],[11.92,59.92],[12.38,60.07],[12.58,60.49],[12.48,60.49],[12.49,60.7],[12.31,60.77],[12.31,60.98],[12.68,61.12],[12.87,61.34],[12.97,61.34],[13.33,61.05],[13.51,61.05],[13.6,60.91],[14.32,60.63],[15.51,60.56],[15.6,60.56],[15.97,60.63],[16.33,60.56]]],[[[17.88,68.5],[17.88,68.42],[17.78,68.42],[17.68,68.42],[17.68,68.5],[17.78,68.5],[17.88,68.5]]],[[[18.08,68.5],[18.08,68.42],[17.89,68.57],[18.2,68.65],[18.08,68.5]]],[[[17.7,68.65],[17.69,68.57],[17.59,68.57],[17.6,68.65],[17.7,68.65]]]]},"properties":{"id":"territory:Scandinavian minor kingdoms:875","name":"스칸디나비아 소왕국","name_en":"Scandinavian minor kingdoms","actor":"기타중립","valid_from":875,"valid_to":936,"wikidata":"Q213649","area":228751,"src":"cliopatria","confidence":"medium"}},{"type":"Feature","geometry":{"type":"Point","coordinates":[14.597,58.354]},"properties":{"id":"territory:Scandinavian minor kingdoms:875:label","name":"스칸디나비아 소왕국","name_en":"Scandinavian minor kingdoms","actor":"기타중립","valid_from":875,"valid_to":936,"wikidata":"Q213649","area":228751,"src":"cliopatria","confidence":"medium"}},{"type":"Feature","geometry":{"type":"MultiPolygon","coordinates":[[[[14.64,55.09],[14.64,55.29],[14.99,55.23],[15.08,55.23],[15.07,55.02],[14.64,55.09]]],[[[10.45,55.98],[10.63,55.98],[10.63,55.77],[10.54,55.77],[10.36,55.77],[10.45,55.98]]],[[[10.37,56.25],[10.28,56.25],[10.28,55.98],[10.01,55.91],[9.93,55.7],[9.75,55.7],[9.75,55.57],[10.63,55.63],[10.63,55.5],[10.8,55.43],[10.8,55.16],[10.89,55.16],[10.88,54.95],[10.71,54.75],[10.54,54.75],[10.54,55.02],[9.93,55.09],[10.01,55.02],[9.93,54.55],[10.19,54.55],[10.19,54.41],[10.1,54.41],[10.1,54.34],[9.15,54.21],[8.89,54.34],[8.8,54.21],[8.72,54.21],[8.54,54.27],[8.54,54.41],[8.8,54.48],[8.8,54.61],[8.53,54.82],[8.44,55.23],[8.53,55.23],[8.53,55.36],[8.35,55.5],[8.09,55.5],[8.09,55.63],[8.0,55.63],[8.08,56.11],[7.99,56.11],[7.98,56.66],[8.24,56.73],[8.15,56.87],[8.24,56.87],[8.24,57.01],[8.5,57.21],[9.39,57.21],[9.66,57.42],[9.66,57.56],[9.83,57.56],[9.92,57.7],[10.46,57.77],[10.55,57.28],[10.28,57.08],[10.28,56.59],[10.9,56.52],[10.81,56.18],[10.54,56.18],[10.54,56.11],[10.36,56.11],[10.37,56.25]]],[[[13.6,60.91],[14.68,60.56],[15.88,60.56],[15.88,60.63],[16.33,60.56],[16.8,60.63],[16.99,60.77],[17.45,60.77],[17.62,60.63],[17.99,60.63],[18.07,60.49],[18.61,60.42],[18.5,60.21],[18.78,60.21],[19.03,60.0],[19.01,59.71],[18.83,59.71],[18.63,59.5],[18.35,59.43],[18.41,59.09],[18.14,59.09],[17.95,58.88],[17.5,58.88],[17.49,58.74],[17.13,58.74],[17.03,58.6],[16.85,58.6],[16.84,58.46],[16.66,58.46],[16.83,58.32],[16.81,58.04],[16.63,57.9],[16.71,57.83],[16.7,57.7],[16.61,57.7],[16.69,57.42],[16.5,57.28],[16.48,56.87],[16.76,57.08],[16.95,57.42],[17.13,57.42],[17.12,57.28],[16.74,56.8],[16.72,56.52],[16.44,56.25],[16.27,56.25],[16.28,56.52],[16.19,56.52],[16.09,56.25],[15.82,56.11],[14.77,56.18],[14.76,55.98],[14.23,55.91],[14.3,55.36],[12.81,55.36],[12.73,55.5],[12.9,55.57],[12.91,55.77],[12.56,55.98],[12.56,55.7],[12.2,55.57],[12.38,55.43],[12.37,55.23],[12.11,55.16],[12.1,54.75],[10.88,54.75],[10.97,55.02],[11.67,54.89],[11.67,55.09],[11.5,55.23],[10.97,55.29],[11.06,55.57],[10.89,55.63],[10.89,55.77],[11.24,55.84],[11.33,56.05],[11.6,56.05],[11.77,55.84],[11.86,56.11],[12.48,56.18],[12.48,56.32],[12.66,56.32],[12.57,56.52],[12.75,56.52],[12.75,56.66],[12.58,56.66],[12.4,56.8],[12.41,56.94],[12.14,57.08],[12.06,57.35],[11.79,57.42],[11.71,57.97],[11.89,57.97],[12.16,58.18],[12.11,58.39],[12.11,58.39],[12.21,58.44],[11.97,59.92],[12.02,59.92],[12.38,60.07],[12.48,60.35],[12.57,60.35],[12.58,60.49],[12.49,60.49],[12.5,60.5],[12.59,60.69],[12.45,61.05],[12.5,61.05],[12.78,61.19],[12.78,61.34],[12.97,61.34],[13.6,60.91]]],[[[5.61,58.58],[5.96,58.47],[6.01,58.38],[6.69,58.26],[6.69,58.25],[5.97,58.32],[5.88,58.46],[5.7,58.46],[5.61,58.58]]],[[[5.77,59.02],[5.86,59.02],[5.92,59.02],[6.04,58.9],[6.16,59.0],[6.62,59.05],[6.12,58.96],[6.06,58.89],[6.17,58.83],[5.59,59.02],[5.59,59.09],[5.68,59.09],[5.77,59.09],[5.77,59.02]]],[[[19.05,57.97],[19.03,57.83],[18.84,57.7],[18.91,57.42],[18.45,57.21],[18.34,56.94],[18.08,56.94],[18.03,57.49],[18.03,57.56],[18.23,57.83],[18.6,57.97],[19.05,57.97]]],[[[40.49,57.9],[40.47,57.83],[40.38,57.83],[40.4,57.9],[40.49,57.9]]],[[[17.88,68.5],[17.88,68.42],[17.78,68.42],[17.68,68.42],[17.68,68.5],[17.78,68.5],[17.88,68.5]]],[[[18.08,68.5],[18.08,68.42],[17.89,68.57],[18.2,68.65],[18.08,68.5]]],[[[17.7,68.65],[17.69,68.57],[17.59,68.57],[17.6,68.65],[17.7,68.65]]]]},"properties":{"id":"territory:Scandinavian minor kingdoms:870","name":"스칸디나비아 소왕국","name_en":"Scandinavian minor kingdoms","actor":"기타중립","valid_from":870,"valid_to":875,"wikidata":"Q213649","area":228105,"src":"cliopatria","confidence":"medium"}},{"type":"Feature","geometry":{"type":"Point","coordinates":[14.613,58.343]},"properties":{"id":"territory:Scandinavian minor kingdoms:870:label","name":"스칸디나비아 소왕국","name_en":"Scandinavian minor kingdoms","actor":"기타중립","valid_from":870,"valid_to":875,"wikidata":"Q213649","area":228105,"src":"cliopatria","confidence":"medium"}},{"type":"Feature","geometry":{"type":"Polygon","coordinates":[[[71.59,35.58],[71.61,35.32],[71.68,35.32],[71.62,35.07],[71.05,34.61],[71.02,34.49],[71.2,34.29],[71.08,34.1],[70.73,33.91],[69.99,34.04],[69.93,33.78],[70.21,33.65],[70.18,33.52],[70.32,33.46],[70.26,33.2],[69.54,33.07],[69.55,32.75],[69.34,32.49],[69.29,31.91],[69.09,31.66],[68.34,31.34],[67.56,31.27],[67.18,30.44],[67.17,30.37],[66.34,30.44],[65.63,30.69],[64.59,30.82],[64.41,31.08],[64.43,31.21],[65.0,31.4],[66.22,32.17],[66.44,32.17],[66.47,32.3],[68.29,33.65],[68.3,33.71],[68.6,34.04],[69.41,34.55],[69.46,34.74],[69.35,34.94],[68.73,34.94],[68.32,34.81],[67.61,34.42],[67.38,34.42],[66.69,34.1],[65.64,33.84],[64.7,33.39],[64.31,33.33],[64.36,33.59],[64.74,33.97],[65.93,34.49],[66.37,35.07],[66.72,35.9],[66.9,36.03],[67.07,36.42],[67.8,36.55],[68.49,36.48],[68.6,36.61],[69.0,36.67],[70.24,36.67],[71.48,36.93],[71.56,36.93],[71.52,36.8],[71.82,36.74],[72.35,37.0],[72.3,36.8],[72.38,36.8],[71.98,36.48],[71.58,36.42],[71.28,36.16],[71.23,35.97],[71.55,35.71],[71.52,35.58],[71.59,35.58]]]},"properties":{"id":"territory:Turk Shahis:866","name":"Turk Shahis","name_en":"Turk Shahis","actor":"기타중립","valid_from":866,"valid_to":870,"wikidata":"Q654380","area":223576,"src":"cliopatria","confidence":"medium"}},{"type":"Feature","geometry":{"type":"Point","coordinates":[68.324,33.968]},"properties":{"id":"territory:Turk Shahis:866:label","name":"Turk Shahis","name_en":"Turk Shahis","actor":"기타중립","valid_from":866,"valid_to":870,"wikidata":"Q654380","area":223576,"src":"cliopatria","confidence":"medium"}},{"type":"Feature","geometry":{"type":"Polygon","coordinates":[[[4.95,61.26],[5.63,61.36],[5.05,61.32],[4.95,61.41],[5.8,61.45],[5.19,61.5],[5.27,61.56],[5.15,61.59],[5.34,61.59],[4.94,61.68],[5.42,61.91],[6.47,61.8],[6.76,61.87],[5.43,61.94],[5.15,61.89],[5.15,61.97],[5.18,61.98],[5.4,62.02],[5.1,62.11],[5.16,62.21],[5.47,62.01],[5.55,62.08],[5.42,62.18],[5.73,62.19],[5.85,62.2],[6.36,62.06],[5.92,62.21],[6.32,62.37],[6.53,62.11],[6.4,62.38],[6.7,62.44],[6.88,62.41],[6.99,62.28],[6.94,62.14],[6.97,62.09],[7.09,62.1],[6.97,62.12],[7.03,62.27],[7.42,62.23],[6.97,62.31],[6.97,62.37],[6.79,62.48],[6.26,62.46],[6.65,62.5],[6.27,62.53],[6.3,62.6],[7.09,62.65],[7.54,62.5],[7.77,62.58],[7.41,62.62],[8.14,62.69],[8.0,62.76],[7.37,62.73],[7.64,62.79],[6.95,62.72],[6.95,62.93],[7.09,62.98],[8.01,62.97],[8.55,62.65],[8.15,62.94],[7.88,63.0],[8.1,63.1],[8.53,62.85],[8.42,62.95],[8.66,62.97],[8.38,62.97],[8.16,63.12],[8.94,63.21],[8.48,63.29],[8.76,63.34],[8.67,63.41],[9.42,63.37],[9.16,63.39],[9.15,63.49],[9.65,63.62],[10.26,63.26],[10.06,63.42],[10.91,63.46],[10.76,63.51],[10.91,63.6],[10.67,63.55],[11.46,63.8],[11.1,63.89],[11.49,64.01],[11.31,64.12],[10.58,63.8],[11.07,63.84],[10.94,63.74],[10.05,63.5],[9.79,63.66],[10.09,63.76],[9.57,63.66],[9.55,63.77],[10.19,63.93],[9.98,63.99],[10.17,64.19],[10.65,64.36],[10.5,64.42],[10.85,64.37],[10.66,64.44],[10.97,64.6],[11.27,64.45],[11.22,64.32],[11.73,64.58],[11.51,64.57],[11.44,64.71],[11.84,64.79],[11.64,64.82],[11.73,64.88],[12.22,64.94],[11.91,64.94],[11.24,64.73],[11.37,64.81],[11.27,64.84],[11.69,64.9],[11.3,64.89],[12.62,65.13],[12.94,65.32],[12.48,65.13],[12.37,65.16],[12.68,65.25],[12.25,65.23],[12.54,65.38],[12.48,65.44],[12.63,65.42],[12.35,65.64],[12.53,65.73],[12.78,65.63],[12.55,65.75],[12.67,65.92],[13.17,65.85],[12.96,66.04],[12.67,66.06],[13.56,66.23],[13.51,66.08],[13.24,65.86],[13.53,65.01],[14.13,64.68],[14.2,64.52],[14.02,64.22],[12.72,63.55],[12.27,62.73],[12.32,62.39],[12.6,61.89],[12.95,61.6],[12.34,61.29],[12.31,61.18],[12.48,61.02],[12.59,60.69],[12.48,60.46],[12.12,60.28],[12.07,60.26],[11.95,60.09],[12.21,58.44],[11.85,58.25],[11.73,58.33],[11.5,58.24],[11.2,58.4],[11.23,58.84],[11.11,59.0],[11.32,59.1],[11.43,59.0],[11.35,59.11],[11.18,59.11],[11.17,59.51],[10.93,59.51],[10.69,59.9],[10.47,59.84],[10.61,59.59],[10.51,59.53],[10.23,59.73],[10.4,59.6],[10.26,59.53],[10.52,59.31],[10.37,59.27],[10.23,59.04],[9.88,58.95],[9.55,59.11],[9.69,58.98],[8.21,58.12],[7.01,57.99],[6.56,58.12],[6.76,58.24],[5.62,58.56],[5.46,58.75],[5.56,59.03],[6.17,58.83],[6.06,58.89],[6.12,58.96],[6.62,59.05],[6.16,59.0],[6.04,58.9],[5.87,59.07],[6.46,59.32],[6.13,59.26],[6.0,59.33],[6.47,59.56],[6.25,59.57],[6.15,59.45],[5.94,59.35],[5.88,59.44],[6.15,59.48],[5.81,59.47],[5.67,59.41],[5.85,59.34],[5.58,59.38],[5.52,59.28],[5.28,59.35],[5.18,59.51],[5.48,59.73],[5.46,59.52],[5.57,59.68],[6.06,59.74],[6.3,59.84],[5.98,59.75],[5.7,59.83],[5.98,59.97],[6.2,60.3],[6.63,60.41],[6.52,60.08],[6.74,60.44],[7.1,60.5],[6.98,60.51],[7.01,60.58],[6.66,60.43],[6.57,60.46],[6.22,60.41],[5.75,59.99],[5.55,60.15],[5.73,60.38],[5.41,60.13],[5.22,60.21],[5.29,60.26],[5.14,60.36],[5.29,60.52],[5.64,60.42],[5.7,60.69],[5.27,60.55],[4.93,60.8],[5.43,60.63],[5.24,60.77],[5.53,60.87],[5.07,60.83],[5.01,61.04],[5.38,61.07],[4.95,61.26]],[[5.96,61.14],[5.75,61.15],[5.44,61.08],[5.92,61.12],[5.96,61.12],[5.96,61.12],[5.96,61.14]]]},"properties":{"id":"territory:Old Kingdom of Norway:866","name":"노르웨이 왕국","name_en":"Old Kingdom of Norway","actor":"기타중립","valid_from":866,"valid_to":870,"wikidata":"Q202266","area":216089,"src":"cliopatria","confidence":"medium"}},{"type":"Feature","geometry":{"type":"Point","coordinates":[9.479,61.407]},"properties":{"id":"territory:Old Kingdom of Norway:866:label","name":"노르웨이 왕국","name_en":"Old Kingdom of Norway","actor":"기타중립","valid_from":866,"valid_to":870,"wikidata":"Q202266","area":216089,"src":"cliopatria","confidence":"medium"}},{"type":"Feature","geometry":{"type":"Polygon","coordinates":[[[33.84,22.14],[33.88,23.17],[33.81,23.17],[33.82,23.49],[33.68,23.62],[33.68,23.69],[33.39,23.81],[32.04,23.69],[31.67,23.75],[30.54,23.36],[30.53,23.3],[30.74,22.85],[30.72,22.27],[30.56,21.95],[30.64,21.95],[30.69,21.31],[30.76,21.31],[30.74,20.79],[30.82,20.79],[30.91,19.31],[30.99,19.31],[31.1,18.35],[31.1,18.29],[31.54,18.16],[33.24,18.29],[34.12,18.03],[34.48,18.03],[34.63,17.9],[35.29,17.96],[35.3,18.03],[35.16,18.22],[34.94,18.29],[34.88,18.61],[34.6,18.93],[34.47,19.38],[34.26,19.64],[33.82,21.63],[33.75,21.63],[33.84,22.01],[33.76,22.08],[33.84,22.08],[33.84,22.14]]]},"properties":{"id":"territory:Makuria:692","name":"Makuria","name_en":"Makuria","actor":"기타중립","valid_from":692,"valid_to":850,"wikidata":"Q829356","area":212626,"src":"cliopatria","confidence":"medium"}},{"type":"Feature","geometry":{"type":"Polygon","coordinates":[[[33.84,22.14],[33.88,23.17],[33.81,23.17],[33.82,23.49],[33.68,23.62],[33.68,23.69],[33.39,23.81],[32.04,23.69],[31.67,23.75],[30.54,23.36],[30.53,23.3],[30.74,22.85],[30.72,22.27],[30.56,21.95],[30.64,21.95],[30.69,21.31],[30.76,21.31],[30.74,20.79],[30.82,20.79],[30.91,19.31],[30.99,19.31],[31.1,18.35],[31.1,18.29],[31.54,18.16],[33.24,18.29],[34.12,18.03],[34.48,18.03],[34.63,17.9],[35.29,17.96],[35.3,18.03],[35.16,18.22],[34.94,18.29],[34.88,18.61],[34.6,18.93],[34.47,19.38],[34.26,19.64],[33.82,21.63],[33.75,21.63],[33.84,22.01],[33.76,22.08],[33.84,22.08],[33.84,22.14]]]},"properties":{"id":"territory:Makuria:850","name":"Makuria","name_en":"Makuria","actor":"기타중립","valid_from":850,"valid_to":1111,"wikidata":"Q829356","area":212626,"src":"cliopatria","confidence":"medium"}},{"type":"Feature","geometry":{"type":"Point","coordinates":[32.529,20.818]},"properties":{"id":"territory:Makuria:692:label","name":"Makuria","name_en":"Makuria","actor":"기타중립","valid_from":692,"valid_to":850,"wikidata":"Q829356","area":212626,"src":"cliopatria","confidence":"medium"}},{"type":"Feature","geometry":{"type":"Point","coordinates":[32.529,20.818]},"properties":{"id":"territory:Makuria:850:label","name":"Makuria","name_en":"Makuria","actor":"기타중립","valid_from":850,"valid_to":1111,"wikidata":"Q829356","area":212626,"src":"cliopatria","confidence":"medium"}},{"type":"Feature","geometry":{"type":"Polygon","coordinates":[[[6.67,43.47],[6.6,43.28],[6.28,43.15],[5.8,43.15],[5.63,43.28],[5.39,43.28],[5.39,43.41],[5.06,43.47],[4.42,43.47],[4.34,43.47],[4.41,43.73],[4.57,43.73],[4.73,43.93],[4.48,44.12],[4.47,44.32],[4.22,44.39],[3.97,44.65],[3.96,44.91],[4.12,44.91],[4.36,45.1],[4.35,45.3],[3.94,45.37],[4.01,45.63],[3.93,45.63],[3.92,45.96],[4.33,45.96],[4.4,46.09],[4.65,46.09],[4.82,45.96],[4.89,46.22],[5.05,46.35],[5.04,46.41],[5.13,46.41],[5.21,46.41],[5.21,46.48],[5.29,46.48],[5.37,46.48],[5.37,46.55],[5.29,46.55],[5.19,46.81],[5.59,47.14],[5.58,47.66],[5.82,47.73],[5.82,47.86],[5.65,48.06],[5.48,48.06],[5.47,48.26],[5.22,48.46],[4.88,48.52],[4.87,48.99],[5.03,49.12],[4.68,49.45],[4.58,49.91],[3.99,49.98],[3.64,50.25],[3.64,50.31],[3.54,50.58],[4.03,50.78],[4.26,51.31],[3.5,51.25],[3.41,51.45],[3.49,51.45],[3.75,51.51],[3.41,51.51],[3.4,51.65],[3.74,51.65],[3.65,51.78],[3.82,51.78],[3.81,51.92],[3.9,51.92],[3.98,51.92],[4.15,51.92],[4.24,51.71],[4.5,51.71],[4.5,51.78],[4.65,52.25],[4.99,52.25],[5.05,52.25],[5.15,52.45],[5.32,52.45],[5.23,52.65],[5.22,52.72],[5.22,52.79],[5.31,52.79],[5.31,52.86],[5.39,52.86],[5.39,52.92],[5.56,52.92],[5.65,52.65],[5.91,52.65],[6.33,52.86],[6.51,52.72],[6.44,52.18],[6.61,52.05],[6.61,51.98],[6.7,51.98],[6.71,51.78],[6.88,51.65],[6.8,51.38],[6.97,51.25],[7.06,50.98],[7.24,50.91],[7.33,50.51],[7.76,49.91],[7.18,49.78],[7.02,49.45],[7.36,49.12],[8.11,48.99],[8.12,48.85],[7.79,48.65],[7.71,48.32],[7.63,48.32],[7.56,47.47],[7.73,47.4],[7.73,47.27],[7.57,47.2],[7.41,46.87],[7.91,46.68],[7.99,46.55],[8.32,46.55],[8.32,46.41],[8.08,46.22],[8.08,46.09],[7.84,45.96],[6.94,45.96],[6.78,45.82],[6.78,45.69],[7.11,45.5],[7.12,45.3],[6.71,45.17],[6.64,44.97],[6.97,44.84],[6.97,44.65],[6.89,44.65],[6.98,44.25],[7.3,44.12],[7.63,44.19],[7.55,43.8],[7.47,43.8],[6.67,43.47]]]},"properties":{"id":"territory:Lower Burgundy:860","name":"Lower Burgundy","name_en":"Lower Burgundy","actor":"게르만","valid_from":860,"valid_to":866,"wikidata":"Q33242","area":209031,"src":"cliopatria","confidence":"medium"}},{"type":"Feature","geometry":{"type":"Point","coordinates":[5.908,47.982]},"properties":{"id":"territory:Lower Burgundy:860:label","name":"Lower Burgundy","name_en":"Lower Burgundy","actor":"게르만","valid_from":860,"valid_to":866,"wikidata":"Q33242","area":209031,"src":"cliopatria","confidence":"medium"}},{"type":"Feature","geometry":{"type":"Polygon","coordinates":[[[4.26,43.47],[4.17,43.6],[3.85,43.6],[2.98,43.15],[3.01,42.56],[3.18,42.37],[3.1,42.24],[3.11,42.17],[2.94,42.43],[2.46,42.37],[1.49,42.63],[1.07,42.82],[0.67,42.82],[0.6,42.69],[-0.12,42.76],[-0.77,42.89],[-0.86,43.02],[-1.69,43.34],[-1.69,43.41],[-1.46,43.54],[-1.4,43.86],[-1.32,43.86],[-1.35,44.25],[-1.27,44.25],[-1.29,44.52],[-1.21,44.52],[-1.25,45.17],[-1.17,45.17],[-1.19,45.43],[-1.03,45.5],[-1.05,45.69],[-1.21,45.76],[-1.14,45.89],[-1.22,45.89],[-1.25,46.28],[-1.67,46.35],[-2.19,46.81],[-2.14,47.14],[-2.23,47.2],[-2.23,47.27],[-1.24,47.27],[-0.26,47.27],[0.01,47.01],[0.84,46.81],[1.15,47.2],[2.28,47.53],[2.7,47.33],[2.8,47.01],[3.23,46.74],[3.08,46.48],[3.32,46.41],[3.33,46.22],[3.59,46.02],[3.77,45.56],[3.94,45.43],[4.35,45.3],[4.36,45.1],[4.12,44.91],[3.96,44.91],[3.97,44.65],[4.22,44.39],[4.47,44.32],[4.48,44.12],[4.73,43.93],[4.57,43.73],[4.41,43.73],[4.34,43.47],[4.26,43.47]]]},"properties":{"id":"territory:Aquitaine:888","name":"아키텐","name_en":"Aquitaine","actor":"기타중립","valid_from":888,"valid_to":892,"wikidata":"Q1179","area":204089,"src":"cliopatria","confidence":"medium"}},{"type":"Feature","geometry":{"type":"Polygon","coordinates":[[[4.26,43.47],[4.17,43.6],[3.85,43.6],[2.98,43.15],[3.01,42.56],[3.18,42.37],[3.1,42.24],[3.11,42.17],[2.94,42.43],[2.46,42.37],[1.49,42.63],[1.07,42.82],[0.67,42.82],[0.6,42.69],[-0.12,42.76],[-0.77,42.89],[-0.86,43.02],[-1.69,43.34],[-1.69,43.41],[-1.46,43.54],[-1.4,43.86],[-1.32,43.86],[-1.35,44.25],[-1.27,44.25],[-1.29,44.52],[-1.21,44.52],[-1.25,45.17],[-1.17,45.17],[-1.19,45.43],[-1.03,45.5],[-1.05,45.69],[-1.21,45.76],[-1.14,45.89],[-1.22,45.89],[-1.25,46.28],[-1.67,46.35],[-2.19,46.81],[-2.14,47.14],[-2.23,47.2],[-2.23,47.27],[-1.24,47.27],[-0.26,47.27],[0.01,47.01],[0.84,46.81],[1.15,47.2],[2.28,47.53],[2.7,47.33],[2.8,47.01],[3.23,46.74],[3.08,46.48],[3.32,46.41],[3.33,46.22],[3.59,46.02],[3.77,45.56],[3.94,45.43],[4.35,45.3],[4.36,45.1],[4.12,44.91],[3.96,44.91],[3.97,44.65],[4.22,44.39],[4.47,44.32],[4.48,44.12],[4.73,43.93],[4.57,43.73],[4.41,43.73],[4.34,43.47],[4.26,43.47]]]},"properties":{"id":"territory:Aquitaine:892","name":"아키텐","name_en":"Aquitaine","actor":"기타중립","valid_from":892,"valid_to":896,"wikidata":"Q1179","area":204089,"src":"cliopatria","confidence":"medium"}},{"type":"Feature","geometry":{"type":"Point","coordinates":[1.216,44.953]},"properties":{"id":"territory:Aquitaine:888:label","name":"아키텐","name_en":"Aquitaine","actor":"기타중립","valid_from":888,"valid_to":892,"wikidata":"Q1179","area":204089,"src":"cliopatria","confidence":"medium"}},{"type":"Feature","geometry":{"type":"Point","coordinates":[1.216,44.953]},"properties":{"id":"territory:Aquitaine:892:label","name":"아키텐","name_en":"Aquitaine","actor":"기타중립","valid_from":892,"valid_to":896,"wikidata":"Q1179","area":204089,"src":"cliopatria","confidence":"medium"}},{"type":"Feature","geometry":{"type":"Polygon","coordinates":[[[-3.5,34.81],[-4.51,34.94],[-4.45,35.26],[-4.53,35.26],[-4.91,35.26],[-5.24,35.52],[-5.34,35.84],[-5.88,35.77],[-6.0,35.32],[-6.15,35.19],[-6.13,35.0],[-6.29,35.07],[-6.2,34.87],[-6.28,34.87],[-6.33,34.55],[-6.48,34.49],[-6.47,34.36],[-6.7,34.29],[-6.61,34.16],[-6.9,33.91],[-7.06,33.97],[-7.13,33.84],[-7.73,33.59],[-7.8,33.59],[-7.79,33.46],[-7.56,33.39],[-7.37,32.81],[-7.44,32.81],[-7.42,32.49],[-7.63,32.24],[-7.62,32.04],[-7.91,31.85],[-8.05,31.59],[-7.97,31.59],[-7.65,31.34],[-6.22,31.53],[-5.7,31.79],[-5.39,31.72],[-5.4,31.85],[-5.25,31.91],[-4.27,32.17],[-3.97,32.36],[-3.82,32.3],[-3.6,32.49],[-2.54,32.81],[-1.88,33.33],[-1.57,33.33],[-1.43,33.59],[-1.28,33.59],[-0.99,33.91],[-0.83,33.91],[-0.69,34.16],[-0.54,34.16],[-0.54,34.29],[-0.09,34.61],[-0.2,35.26],[0.01,35.64],[-0.07,35.77],[0.01,35.84],[-0.46,35.84],[-0.53,35.71],[-0.92,35.71],[-1.07,35.58],[-1.22,35.64],[-1.14,35.45],[-1.36,35.26],[-2.12,35.07],[-2.2,35.07],[-2.42,34.94],[-3.12,34.94],[-3.42,34.81],[-3.5,34.81]]]},"properties":{"id":"territory:Idrisids:793","name":"Idrisids","name_en":"Idrisids","actor":"기타중립","valid_from":793,"valid_to":911,"wikidata":"Q431575","area":194486,"src":"cliopatria","confidence":"medium"}},{"type":"Feature","geometry":{"type":"Point","coordinates":[-4.338,33.672]},"properties":{"id":"territory:Idrisids:793:label","name":"Idrisids","name_en":"Idrisids","actor":"기타중립","valid_from":793,"valid_to":911,"wikidata":"Q431575","area":194486,"src":"cliopatria","confidence":"medium"}},{"type":"Feature","geometry":{"type":"Polygon","coordinates":[[[24.99,42.17],[24.91,42.17],[24.92,42.3],[24.55,42.56],[24.48,42.76],[24.08,42.76],[23.93,42.89],[23.6,42.82],[23.61,42.95],[23.13,42.89],[23.06,43.02],[22.82,43.02],[22.59,43.28],[22.2,43.34],[22.15,43.8],[21.99,43.86],[22.17,44.12],[22.1,44.39],[22.11,44.45],[22.37,44.65],[24.23,44.71],[24.33,44.84],[24.73,44.78],[26.45,45.04],[26.53,45.04],[26.7,45.04],[26.79,45.17],[27.19,45.1],[27.77,45.24],[27.79,45.37],[28.04,45.43],[28.05,45.56],[28.29,45.5],[28.47,45.63],[28.66,45.89],[28.59,46.02],[28.67,46.02],[28.71,46.35],[28.63,46.41],[28.81,46.55],[28.76,46.81],[28.92,46.81],[28.96,47.14],[29.12,47.14],[29.32,47.4],[30.67,47.66],[33.63,47.6],[33.62,47.53],[34.04,47.53],[34.12,47.53],[34.08,47.27],[33.69,46.87],[32.92,46.61],[32.17,46.55],[32.18,46.61],[32.03,46.74],[31.79,46.74],[31.61,46.61],[30.88,46.68],[30.3,45.96],[30.04,45.89],[29.86,45.69],[29.61,45.69],[29.62,45.04],[29.53,44.91],[29.11,44.78],[29.02,44.78],[29.05,44.97],[28.8,44.97],[28.84,44.58],[28.58,44.39],[28.54,43.99],[28.62,43.99],[28.48,43.47],[28.16,43.47],[28.23,43.34],[28.07,43.34],[27.99,43.34],[27.74,43.28],[27.72,43.08],[27.71,43.02],[27.79,43.02],[27.79,42.95],[27.87,42.95],[27.86,42.89],[27.85,42.82],[27.85,42.76],[27.77,42.76],[27.53,42.82],[27.33,42.37],[25.8,42.24],[25.46,42.04],[25.22,42.04],[25.21,41.91],[24.97,41.91],[24.98,41.98],[25.01,42.04],[24.98,42.04],[24.99,42.11],[24.99,42.17]]]},"properties":{"id":"territory:First Bulgarian Empire:705","name":"제1차 불가리아 제국","name_en":"First Bulgarian Empire","actor":"기타중립","valid_from":705,"valid_to":806,"wikidata":"Q203817","area":190199,"src":"cliopatria","confidence":"medium"}},{"type":"Feature","geometry":{"type":"Point","coordinates":[27.304,44.737]},"properties":{"id":"territory:First Bulgarian Empire:705:label","name":"제1차 불가리아 제국","name_en":"First Bulgarian Empire","actor":"기타중립","valid_from":705,"valid_to":806,"wikidata":"Q203817","area":190199,"src":"cliopatria","confidence":"medium"}},{"type":"Feature","geometry":{"type":"Polygon","coordinates":[[[25.28,47.33],[24.89,47.66],[24.99,47.8],[24.82,47.8],[24.67,47.99],[23.68,47.99],[23.28,48.13],[22.77,47.99],[22.6,47.86],[22.67,47.8],[22.58,47.6],[22.32,47.53],[22.17,47.66],[21.99,47.53],[21.58,47.53],[21.52,47.8],[20.54,47.99],[19.86,47.66],[19.53,47.66],[19.45,47.8],[19.04,47.73],[18.95,47.73],[19.03,47.53],[19.19,47.47],[19.17,47.2],[18.84,47.07],[18.81,46.61],[19.05,46.41],[18.86,45.89],[18.78,45.89],[18.93,45.56],[19.01,45.56],[19.0,45.5],[19.0,45.37],[19.24,45.3],[19.14,44.91],[19.22,44.91],[19.62,44.91],[19.62,44.78],[20.02,44.71],[20.11,44.97],[20.37,45.17],[20.53,45.1],[20.44,44.97],[20.67,44.71],[21.41,44.84],[21.64,44.65],[21.88,44.65],[21.87,44.52],[22.03,44.45],[22.11,44.45],[22.37,44.65],[24.23,44.71],[24.33,44.84],[24.73,44.78],[26.45,45.04],[26.46,45.1],[26.47,45.24],[26.23,45.3],[26.19,45.69],[25.95,45.76],[25.9,46.09],[25.99,46.15],[25.75,46.28],[25.71,46.68],[25.41,47.01],[25.51,47.2],[25.27,47.27],[25.28,47.33]]]},"properties":{"id":"territory:Avar Khaganate:800","name":"아바르 칸국","name_en":"Avar Khaganate","actor":"기타중립","valid_from":800,"valid_to":806,"wikidata":"Q68962","area":177735,"src":"cliopatria","confidence":"medium"}},{"type":"Feature","geometry":{"type":"Point","coordinates":[22.428,46.258]},"properties":{"id":"territory:Avar Khaganate:800:label","name":"아바르 칸국","name_en":"Avar Khaganate","actor":"기타중립","valid_from":800,"valid_to":806,"wikidata":"Q68962","area":177735,"src":"cliopatria","confidence":"medium"}},{"type":"Feature","geometry":{"type":"MultiPolygon","coordinates":[[[[3.82,50.05],[4.58,49.91],[4.68,49.45],[5.03,49.12],[4.87,48.99],[4.88,48.52],[5.22,48.46],[5.47,48.26],[5.48,48.06],[5.65,48.06],[5.82,47.86],[5.82,47.73],[5.58,47.66],[5.59,47.14],[5.43,47.07],[5.36,46.87],[5.03,46.74],[4.88,46.35],[4.57,46.09],[4.23,46.28],[4.23,46.41],[3.98,46.35],[4.08,46.02],[3.92,45.96],[3.93,45.63],[4.01,45.63],[4.02,45.43],[3.94,45.43],[3.77,45.56],[3.59,46.02],[3.33,46.22],[3.32,46.41],[3.08,46.48],[3.23,46.74],[2.8,47.01],[2.7,47.33],[2.28,47.53],[1.15,47.2],[0.84,46.81],[0.01,47.01],[-0.26,47.27],[-1.24,47.27],[-1.25,47.4],[-0.93,47.53],[-0.36,47.53],[-0.37,47.73],[-0.22,47.86],[-0.22,47.99],[-0.73,48.13],[-1.08,48.39],[-1.04,48.92],[-1.21,48.99],[-1.25,49.38],[-1.17,49.45],[-1.08,49.45],[0.01,49.38],[-0.01,49.65],[0.22,49.85],[1.05,49.98],[1.45,50.25],[1.42,50.71],[1.66,51.05],[2.58,51.18],[2.74,51.31],[3.32,51.45],[3.41,51.45],[3.5,51.25],[4.26,51.31],[4.03,50.78],[3.54,50.58],[3.55,50.38],[3.63,50.38],[3.64,50.31],[3.82,50.05]]],[[[-15.56,64.28],[-15.58,64.35],[-15.48,64.35],[-15.46,64.28],[-15.56,64.28]]],[[[-15.39,64.35],[-15.41,64.42],[-15.31,64.42],[-15.29,64.35],[-15.39,64.35]]],[[[-23.06,66.18],[-23.01,66.03],[-23.45,66.18],[-23.48,66.25],[-23.06,66.18]]]]},"properties":{"id":"territory:West Franks:888","name":"서프랑크","name_en":"West Franks","actor":"게르만","valid_from":888,"valid_to":896,"wikidata":"Q46370","area":176418,"src":"cliopatria","confidence":"medium"}},{"type":"Feature","geometry":{"type":"Point","coordinates":[2.475,48.614]},"properties":{"id":"territory:West Franks:888:label","name":"서프랑크","name_en":"West Franks","actor":"게르만","valid_from":888,"valid_to":896,"wikidata":"Q46370","area":176418,"src":"cliopatria","confidence":"medium"}},{"type":"Feature","geometry":{"type":"MultiPolygon","coordinates":[[[[14.69,42.17],[14.77,42.17],[14.77,42.11],[14.69,42.11],[14.69,42.17]]],[[[9.49,43.02],[9.49,42.76],[9.57,42.76],[9.58,41.98],[9.5,41.98],[9.5,41.78],[9.26,41.39],[9.1,41.33],[8.78,41.52],[8.78,41.72],[8.62,41.72],[8.7,41.91],[8.54,42.11],[8.53,42.5],[8.77,42.69],[9.17,42.76],[9.25,43.02],[9.33,43.02],[9.49,43.02]]],[[[10.46,42.89],[10.46,42.69],[10.21,42.69],[10.13,42.89],[10.21,42.89],[10.46,42.89]]],[[[13.04,43.86],[13.03,43.73],[13.36,43.67],[13.67,43.41],[13.75,43.08],[13.99,42.95],[13.9,42.76],[14.06,42.5],[14.61,42.11],[14.69,42.11],[14.37,41.98],[14.12,41.72],[13.96,41.72],[13.8,41.85],[13.33,41.91],[13.33,41.98],[13.01,42.04],[12.62,42.43],[12.38,42.43],[12.3,43.08],[12.14,43.08],[12.22,43.41],[11.82,43.34],[11.82,43.21],[11.98,43.15],[12.06,42.76],[11.74,42.63],[11.57,42.37],[11.49,42.37],[11.26,42.43],[11.18,42.63],[11.02,42.63],[11.02,42.82],[10.54,43.08],[10.21,43.99],[9.89,43.99],[9.97,44.12],[9.73,44.12],[9.16,44.45],[8.43,44.39],[8.03,43.93],[7.63,43.8],[7.55,43.8],[7.63,44.19],[7.3,44.12],[6.98,44.25],[6.89,44.65],[6.97,44.65],[6.97,44.84],[6.64,44.97],[6.63,45.1],[7.04,45.24],[7.11,45.43],[7.36,45.56],[7.93,45.56],[8.0,45.89],[7.92,46.02],[8.4,46.41],[8.49,46.15],[9.06,45.89],[9.06,46.09],[9.3,46.48],[10.04,46.28],[10.12,46.41],[10.04,46.41],[10.04,46.61],[10.86,46.55],[11.6,46.68],[12.58,46.68],[13.07,46.55],[13.65,46.55],[13.73,46.48],[13.64,46.35],[13.96,45.96],[13.96,45.76],[14.28,45.56],[14.28,45.43],[14.28,45.37],[14.2,45.37],[14.19,45.04],[14.03,45.04],[13.95,45.04],[13.63,45.5],[13.71,45.5],[13.71,45.76],[13.14,45.82],[13.06,45.69],[12.98,45.82],[12.82,45.82],[12.74,45.82],[12.16,45.69],[12.0,45.56],[12.0,45.37],[12.16,45.37],[12.16,45.3],[12.16,45.17],[12.4,45.04],[12.4,44.78],[12.16,44.78],[12.16,44.71],[12.16,44.65],[12.31,44.19],[12.87,43.8],[13.04,43.86]]]]},"properties":{"id":"territory:Kingdom of Italy:888","name":"Kingdom of Italy","name_en":"Kingdom of Italy","actor":"기타중립","valid_from":888,"valid_to":892,"wikidata":"Q172579","area":171702,"src":"cliopatria","confidence":"medium"}},{"type":"Feature","geometry":{"type":"Point","coordinates":[10.892,44.669]},"properties":{"id":"territory:Kingdom of Italy:888:label","name":"Kingdom of Italy","name_en":"Kingdom of Italy","actor":"기타중립","valid_from":888,"valid_to":892,"wikidata":"Q172579","area":171702,"src":"cliopatria","confidence":"medium"}},{"type":"Feature","geometry":{"type":"MultiPolygon","coordinates":[[[[14.69,42.17],[14.77,42.17],[14.77,42.11],[14.69,42.11],[14.69,42.17]]],[[[9.49,43.02],[9.49,42.76],[9.57,42.76],[9.58,41.98],[9.5,41.98],[9.5,41.78],[9.26,41.39],[9.1,41.33],[8.78,41.52],[8.78,41.72],[8.62,41.72],[8.7,41.91],[8.54,42.11],[8.53,42.5],[8.77,42.69],[9.17,42.76],[9.25,43.02],[9.33,43.02],[9.49,43.02]]],[[[10.46,42.89],[10.46,42.69],[10.21,42.69],[10.13,42.89],[10.21,42.89],[10.46,42.89]]],[[[14.19,45.04],[14.03,45.04],[13.95,45.04],[13.63,45.5],[13.71,45.5],[13.71,45.76],[13.14,45.82],[13.06,45.69],[12.98,45.82],[12.82,45.82],[12.74,45.82],[12.16,45.69],[12.0,45.56],[12.0,45.37],[12.16,45.37],[12.16,45.3],[12.16,45.17],[12.4,45.04],[12.4,44.78],[12.16,44.84],[12.15,44.45],[12.31,44.19],[12.87,43.8],[13.04,43.86],[13.03,43.73],[13.36,43.67],[13.67,43.41],[13.75,43.08],[13.99,42.95],[13.9,42.76],[14.06,42.5],[14.61,42.11],[14.69,42.11],[14.37,41.98],[14.12,41.72],[13.96,41.72],[13.8,41.85],[13.33,41.91],[13.33,41.98],[13.01,42.04],[12.62,42.43],[12.38,42.43],[12.3,43.08],[12.14,43.08],[12.22,43.41],[11.82,43.34],[11.82,43.21],[11.98,43.15],[12.06,42.76],[11.74,42.63],[11.57,42.37],[11.49,42.37],[11.26,42.43],[11.18,42.63],[11.02,42.63],[11.02,42.82],[10.54,43.08],[10.21,43.99],[9.89,43.99],[9.97,44.12],[9.73,44.12],[9.16,44.45],[8.43,44.39],[8.03,43.93],[7.63,43.8],[7.55,43.8],[7.63,44.19],[7.3,44.12],[6.98,44.25],[6.89,44.65],[6.97,44.65],[6.97,44.84],[6.64,44.97],[6.63,45.1],[7.04,45.24],[7.11,45.43],[7.36,45.56],[7.93,45.56],[8.0,45.89],[7.92,46.02],[8.4,46.41],[8.49,46.15],[8.65,46.15],[8.98,45.89],[9.3,46.48],[10.04,46.28],[10.12,46.41],[10.04,46.41],[10.04,46.61],[10.86,46.55],[11.6,46.68],[12.58,46.68],[13.07,46.55],[13.65,46.55],[13.73,46.48],[13.64,46.35],[13.96,45.96],[13.96,45.76],[14.28,45.56],[14.28,45.43],[14.28,45.37],[14.2,45.37],[14.19,45.04]]]]},"properties":{"id":"territory:Kingdom of Italy:899","name":"Kingdom of Italy","name_en":"Kingdom of Italy","actor":"기타중립","valid_from":899,"valid_to":900,"wikidata":"Q172579","area":171583,"src":"cliopatria","confidence":"medium"}},{"type":"Feature","geometry":{"type":"Point","coordinates":[10.889,44.67]},"properties":{"id":"territory:Kingdom of Italy:899:label","name":"Kingdom of Italy","name_en":"Kingdom of Italy","actor":"기타중립","valid_from":899,"valid_to":900,"wikidata":"Q172579","area":171583,"src":"cliopatria","confidence":"medium"}},{"type":"Feature","geometry":{"type":"MultiPolygon","coordinates":[[[[14.69,42.17],[14.77,42.17],[14.77,42.11],[14.69,42.11],[14.69,42.17]]],[[[9.49,43.02],[9.49,42.76],[9.57,42.76],[9.58,41.98],[9.5,41.98],[9.5,41.78],[9.26,41.39],[9.1,41.33],[8.78,41.52],[8.78,41.72],[8.62,41.72],[8.7,41.91],[8.54,42.11],[8.53,42.5],[8.77,42.69],[9.17,42.76],[9.25,43.02],[9.33,43.02],[9.49,43.02]]],[[[10.46,42.89],[10.46,42.69],[10.21,42.69],[10.13,42.89],[10.21,42.89],[10.46,42.89]]],[[[12.4,44.78],[12.16,44.84],[12.15,44.45],[12.31,44.19],[12.87,43.8],[13.04,43.86],[13.03,43.73],[13.36,43.67],[13.67,43.41],[13.75,43.08],[13.99,42.95],[13.9,42.76],[14.06,42.5],[14.61,42.11],[14.69,42.11],[14.37,41.98],[14.12,41.72],[13.96,41.72],[13.8,41.85],[13.33,41.91],[13.33,41.98],[13.01,42.04],[12.62,42.43],[12.38,42.43],[12.3,43.08],[12.14,43.08],[12.22,43.41],[11.82,43.34],[11.82,43.21],[11.98,43.15],[12.06,42.76],[11.74,42.63],[11.57,42.37],[11.49,42.37],[11.26,42.43],[11.18,42.63],[11.02,42.63],[11.02,42.82],[10.54,43.08],[10.21,43.99],[9.89,43.99],[9.97,44.12],[9.73,44.12],[9.16,44.45],[8.43,44.39],[8.03,43.93],[7.63,43.8],[7.55,43.8],[7.63,44.19],[7.3,44.12],[6.98,44.25],[6.89,44.65],[6.97,44.65],[6.97,44.84],[6.64,44.97],[6.63,45.1],[7.04,45.24],[7.11,45.43],[7.36,45.56],[7.93,45.56],[8.0,45.89],[7.92,46.02],[8.4,46.41],[8.49,46.15],[8.65,46.15],[8.98,45.89],[9.3,46.48],[10.04,46.28],[10.12,46.41],[10.04,46.41],[10.04,46.61],[12.58,46.61],[13.65,46.55],[13.73,46.48],[13.64,46.35],[13.96,45.96],[13.96,45.76],[14.28,45.56],[14.28,45.43],[14.28,45.37],[14.2,45.37],[14.19,45.04],[14.03,45.04],[13.95,45.04],[13.63,45.5],[13.71,45.5],[13.71,45.76],[13.14,45.82],[13.06,45.69],[12.98,45.82],[12.82,45.82],[12.74,45.82],[12.16,45.69],[12.0,45.56],[12.0,45.37],[12.16,45.37],[12.16,45.3],[12.16,45.17],[12.4,45.04],[12.4,44.78]]]]},"properties":{"id":"territory:Kingdom of Italy:892","name":"Kingdom of Italy","name_en":"Kingdom of Italy","actor":"기타중립","valid_from":892,"valid_to":896,"wikidata":"Q172579","area":171286,"src":"cliopatria","confidence":"medium"}},{"type":"Feature","geometry":{"type":"Point","coordinates":[10.884,44.664]},"properties":{"id":"territory:Kingdom of Italy:892:label","name":"Kingdom of Italy","name_en":"Kingdom of Italy","actor":"기타중립","valid_from":892,"valid_to":896,"wikidata":"Q172579","area":171286,"src":"cliopatria","confidence":"medium"}},{"type":"Feature","geometry":{"type":"MultiPolygon","coordinates":[[[[4.74,43.47],[4.42,43.47],[4.34,43.47],[4.41,43.73],[4.65,43.8],[4.73,43.8],[4.74,43.47]]],[[[4.48,44.12],[4.47,44.32],[4.22,44.39],[3.97,44.65],[3.96,44.91],[4.12,44.91],[4.36,45.1],[4.35,45.3],[3.94,45.37],[4.01,45.63],[3.93,45.63],[3.92,45.96],[4.33,45.96],[4.4,46.09],[4.65,46.09],[4.82,45.96],[5.04,46.41],[5.29,46.48],[5.37,46.48],[5.37,46.55],[5.29,46.55],[5.19,46.81],[5.59,47.14],[5.58,47.66],[5.82,47.73],[5.82,47.86],[5.65,48.06],[5.48,48.06],[5.47,48.26],[5.22,48.46],[4.88,48.52],[4.87,48.99],[5.03,49.12],[4.68,49.45],[4.58,49.91],[3.82,50.05],[3.64,50.31],[3.63,50.38],[3.55,50.38],[3.54,50.58],[4.03,50.78],[4.26,51.31],[3.5,51.25],[3.41,51.45],[3.49,51.45],[3.75,51.51],[3.41,51.51],[3.4,51.65],[3.74,51.65],[3.65,51.78],[3.82,51.78],[3.81,51.92],[3.9,51.92],[3.98,51.92],[4.15,51.92],[4.24,51.71],[4.5,51.71],[4.5,51.78],[4.65,52.25],[4.99,52.25],[5.05,52.25],[5.15,52.45],[5.32,52.45],[5.23,52.65],[5.22,52.72],[5.22,52.79],[5.31,52.79],[5.31,52.86],[5.39,52.86],[5.39,52.92],[5.56,52.92],[5.65,52.65],[5.91,52.65],[6.33,52.86],[6.51,52.72],[6.44,52.18],[6.61,52.05],[6.61,51.98],[6.7,51.98],[6.71,51.78],[6.88,51.65],[6.8,51.38],[6.97,51.25],[7.06,50.98],[7.24,50.91],[7.33,50.51],[7.76,49.91],[7.18,49.78],[7.02,49.45],[7.36,49.12],[8.11,48.99],[8.12,48.85],[7.79,48.65],[7.71,48.32],[7.63,48.32],[7.56,47.47],[7.73,47.4],[7.73,47.27],[7.57,47.2],[7.41,46.87],[7.91,46.68],[7.99,46.55],[8.32,46.55],[8.32,46.41],[8.0,46.02],[7.43,45.89],[6.94,45.96],[6.85,46.28],[6.68,46.41],[6.27,46.41],[6.12,46.22],[5.95,46.35],[5.7,46.28],[5.54,46.15],[5.55,45.96],[5.71,45.96],[5.72,45.82],[5.48,45.56],[5.41,45.17],[4.93,45.17],[4.94,44.84],[4.63,44.39],[4.8,44.19],[4.73,43.93],[4.48,44.12]]]]},"properties":{"id":"territory:Lower Burgundy:866","name":"Lower Burgundy","name_en":"Lower Burgundy","actor":"게르만","valid_from":866,"valid_to":870,"wikidata":"Q33242","area":157801,"src":"cliopatria","confidence":"medium"}},{"type":"Feature","geometry":{"type":"Point","coordinates":[5.881,49.018]},"properties":{"id":"territory:Lower Burgundy:866:label","name":"Lower Burgundy","name_en":"Lower Burgundy","actor":"게르만","valid_from":866,"valid_to":870,"wikidata":"Q33242","area":157801,"src":"cliopatria","confidence":"medium"}},{"type":"Feature","geometry":{"type":"MultiPolygon","coordinates":[[[[21.93,48.85],[21.84,48.85],[21.85,48.92],[21.93,48.92],[21.93,48.85]]],[[[16.25,50.45],[16.41,50.31],[16.66,50.31],[17.18,50.65],[17.52,50.65],[17.51,50.45],[17.67,50.31],[17.57,50.05],[17.97,49.71],[18.64,49.58],[18.73,49.71],[19.23,49.71],[19.24,49.85],[19.91,49.85],[20.04,49.32],[20.3,49.45],[20.8,49.45],[21.45,49.25],[21.77,48.99],[21.76,48.85],[21.92,48.79],[21.98,48.46],[22.06,48.46],[21.95,48.13],[21.87,48.13],[21.85,47.8],[21.77,47.8],[21.75,47.6],[21.83,47.6],[21.83,47.53],[21.5,47.53],[21.43,47.73],[21.02,47.8],[20.95,47.93],[20.29,47.93],[19.86,47.66],[18.95,47.73],[17.71,47.73],[17.06,47.99],[16.66,48.32],[16.08,48.19],[15.5,48.19],[15.17,48.32],[14.51,48.26],[14.51,48.39],[14.18,48.52],[14.18,48.65],[13.61,48.85],[13.44,49.05],[13.28,49.05],[13.11,49.25],[12.53,49.52],[12.53,49.65],[12.37,49.71],[12.37,49.98],[12.2,50.05],[12.12,50.25],[12.21,50.25],[12.29,50.38],[12.88,50.45],[12.97,50.58],[13.48,50.78],[14.24,50.91],[14.25,51.11],[14.5,51.11],[14.58,50.91],[15.26,51.05],[15.34,50.85],[16.34,50.71],[16.42,50.58],[16.25,50.51],[16.25,50.45]]]]},"properties":{"id":"territory:Great Moravia:860","name":"Great Moravia","name_en":"Great Moravia","actor":"기타중립","valid_from":860,"valid_to":875,"wikidata":"Q193152","area":156678,"src":"cliopatria","confidence":"medium"}},{"type":"Feature","geometry":{"type":"Point","coordinates":[17.01,49.212]},"properties":{"id":"territory:Great Moravia:860:label","name":"Great Moravia","name_en":"Great Moravia","actor":"기타중립","valid_from":860,"valid_to":875,"wikidata":"Q193152","area":156678,"src":"cliopatria","confidence":"medium"}},{"type":"Feature","geometry":{"type":"MultiPolygon","coordinates":[[[[9.33,43.02],[9.49,43.02],[9.49,42.76],[9.57,42.76],[9.58,41.98],[9.5,41.98],[9.5,41.78],[9.26,41.39],[9.1,41.33],[8.78,41.52],[8.78,41.72],[8.62,41.72],[8.7,41.91],[8.54,42.11],[8.53,42.5],[8.77,42.69],[9.17,42.76],[9.25,43.02],[9.33,43.02]]],[[[10.46,42.89],[10.46,42.69],[10.21,42.69],[10.13,42.89],[10.21,42.89],[10.46,42.89]]],[[[14.19,45.04],[14.03,45.04],[13.95,45.04],[13.63,45.5],[13.71,45.5],[13.71,45.76],[13.14,45.82],[13.06,45.69],[12.98,45.82],[12.82,45.82],[12.74,45.82],[12.16,45.69],[12.0,45.56],[12.0,45.37],[12.16,45.37],[12.16,45.3],[12.16,45.17],[12.4,45.04],[12.4,44.78],[12.16,44.84],[12.15,44.45],[12.31,44.19],[12.87,43.8],[13.04,43.86],[13.03,43.73],[13.51,43.54],[13.51,43.47],[13.27,43.41],[13.19,43.54],[12.55,43.6],[12.55,43.47],[12.22,43.41],[11.82,43.34],[11.82,43.21],[11.98,43.15],[12.06,42.76],[11.74,42.63],[11.57,42.37],[11.49,42.37],[11.26,42.43],[11.18,42.63],[11.02,42.63],[11.02,42.82],[10.54,43.08],[10.21,43.99],[9.89,43.99],[9.97,44.12],[9.73,44.12],[9.16,44.45],[8.43,44.39],[8.03,43.93],[7.63,43.8],[7.55,43.8],[7.63,44.19],[7.3,44.12],[6.98,44.25],[6.89,44.65],[6.97,44.65],[6.97,44.84],[6.64,44.97],[6.63,45.1],[7.04,45.24],[7.11,45.43],[7.36,45.56],[7.93,45.56],[8.0,45.89],[7.92,46.02],[8.4,46.41],[8.49,46.15],[8.65,46.15],[8.98,45.89],[9.3,46.48],[10.04,46.28],[10.12,46.41],[10.04,46.41],[10.04,46.61],[10.86,46.55],[11.6,46.68],[12.58,46.68],[13.07,46.55],[13.65,46.55],[13.73,46.48],[13.64,46.35],[13.96,45.96],[13.96,45.76],[14.28,45.56],[14.28,45.43],[14.28,45.37],[14.2,45.37],[14.19,45.04]]]]},"properties":{"id":"territory:Kingdom of Italy:887","name":"Kingdom of Italy","name_en":"Kingdom of Italy","actor":"기타중립","valid_from":887,"valid_to":888,"wikidata":"Q172579","area":148199,"src":"cliopatria","confidence":"medium"}},{"type":"Feature","geometry":{"type":"Point","coordinates":[10.494,44.996]},"properties":{"id":"territory:Kingdom of Italy:887:label","name":"Kingdom of Italy","name_en":"Kingdom of Italy","actor":"기타중립","valid_from":887,"valid_to":888,"wikidata":"Q172579","area":148199,"src":"cliopatria","confidence":"medium"}},{"type":"Feature","geometry":{"type":"Polygon","coordinates":[[[71.59,35.58],[71.61,35.32],[71.68,35.32],[71.62,35.07],[71.05,34.61],[71.02,34.49],[71.2,34.29],[71.08,34.1],[70.73,33.91],[69.99,34.04],[69.93,33.78],[70.21,33.65],[70.18,33.52],[70.32,33.46],[70.26,33.2],[69.54,33.07],[69.55,32.75],[69.34,32.49],[69.29,31.91],[69.09,31.66],[68.34,31.34],[67.56,31.27],[67.18,30.44],[67.17,30.37],[66.34,30.44],[65.63,30.69],[64.59,30.82],[64.41,31.08],[64.43,31.21],[65.0,31.4],[66.22,32.17],[66.44,32.17],[66.56,32.36],[68.3,33.01],[68.49,33.2],[69.0,33.39],[69.05,33.65],[69.43,33.97],[69.48,34.16],[69.65,34.23],[69.92,34.74],[69.77,35.07],[69.91,35.32],[69.74,35.58],[69.77,35.71],[69.15,36.35],[69.0,36.35],[68.75,36.61],[70.24,36.67],[71.48,36.93],[71.56,36.93],[71.52,36.8],[71.82,36.74],[72.35,37.0],[72.3,36.8],[72.38,36.8],[71.98,36.48],[71.58,36.42],[71.28,36.16],[71.23,35.97],[71.55,35.71],[71.52,35.58],[71.59,35.58]]]},"properties":{"id":"territory:Turk Shahis:870","name":"Turk Shahis","name_en":"Turk Shahis","actor":"기타중립","valid_from":870,"valid_to":875,"wikidata":"Q654380","area":136714,"src":"cliopatria","confidence":"medium"}},{"type":"Feature","geometry":{"type":"Point","coordinates":[68.697,33.36]},"properties":{"id":"territory:Turk Shahis:870:label","name":"Turk Shahis","name_en":"Turk Shahis","actor":"기타중립","valid_from":870,"valid_to":875,"wikidata":"Q654380","area":136714,"src":"cliopatria","confidence":"medium"}},{"type":"Feature","geometry":{"type":"MultiPolygon","coordinates":[[[[-7.53,52.12],[-7.61,52.12],[-7.65,52.38],[-7.4,52.45],[-7.02,52.12],[-7.53,52.12]]],[[[-6.43,52.18],[-6.77,52.18],[-6.79,52.32],[-6.79,52.38],[-6.56,52.59],[-6.31,52.59],[-6.28,52.38],[-6.43,52.18]]],[[[-8.38,52.72],[-8.44,52.52],[-8.6,52.45],[-8.68,52.45],[-8.95,52.52],[-8.91,52.86],[-8.57,52.86],[-8.38,52.72]]],[[[-6.15,52.65],[-6.31,52.59],[-6.32,52.65],[-6.4,52.65],[-6.43,52.86],[-6.18,52.92],[-6.15,52.65]]],[[[-6.15,53.33],[-6.09,52.92],[-6.47,53.19],[-6.81,53.12],[-6.84,53.39],[-6.6,53.53],[-6.61,53.6],[-6.19,53.66],[-6.09,53.53],[-6.24,53.39],[-6.15,53.33]]],[[[-4.8,54.27],[-4.81,54.34],[-4.38,54.41],[-4.36,54.21],[-4.86,54.07],[-4.8,54.27]]],[[[-5.57,55.57],[-5.55,55.36],[-5.89,55.29],[-5.92,55.5],[-5.76,55.63],[-5.78,55.77],[-5.44,55.84],[-5.43,55.77],[-5.16,55.77],[-5.12,55.43],[-5.38,55.43],[-5.57,55.57]]],[[[-5.87,55.84],[-6.13,55.77],[-6.19,55.57],[-6.36,55.57],[-6.38,55.7],[-6.63,55.63],[-6.51,55.98],[-6.07,55.98],[-5.91,56.11],[-5.92,56.18],[-5.74,56.18],[-5.72,55.98],[-5.89,55.98],[-5.87,55.84]]],[[[-4.93,56.05],[-4.93,55.98],[-5.0,55.84],[-5.35,55.84],[-5.36,55.91],[-5.3,56.11],[-4.93,56.05]]],[[[-5.99,56.66],[-5.88,56.52],[-5.7,56.52],[-5.68,56.39],[-5.94,56.32],[-6.03,56.32],[-6.29,56.32],[-6.23,56.52],[-6.34,56.66],[-5.99,56.66]]],[[[-7.25,57.42],[-7.23,57.28],[-7.32,57.28],[-7.29,57.08],[-7.47,57.08],[-7.6,57.35],[-7.25,57.42]]],[[[-5.81,57.28],[-5.78,57.08],[-6.04,57.01],[-6.06,57.14],[-6.41,57.14],[-6.62,57.35],[-6.8,57.35],[-6.74,57.56],[-6.47,57.56],[-6.48,57.63],[-6.5,57.77],[-6.22,57.7],[-6.09,57.35],[-5.81,57.28]]],[[[-7.11,57.63],[-7.44,57.49],[-7.56,57.7],[-7.12,57.7],[-7.11,57.63]]],[[[-6.39,58.18],[-6.52,57.9],[-7.13,57.77],[-7.07,57.97],[-7.28,58.18],[-6.85,58.32],[-6.76,58.32],[-6.79,58.46],[-6.26,58.53],[-6.21,58.18],[-6.39,58.18]]],[[[-6.72,61.48],[-6.71,61.41],[-6.99,61.48],[-7.02,61.62],[-6.74,61.62],[-6.72,61.48]]],[[[-6.66,62.26],[-6.69,61.9],[-6.79,61.9],[-7.28,62.05],[-7.32,62.33],[-6.96,62.4],[-6.77,62.33],[-6.66,62.26]]],[[[-20.37,63.55],[-20.53,63.77],[-21.15,63.91],[-22.8,63.77],[-22.9,64.06],[-22.83,64.13],[-22.33,64.06],[-22.36,64.13],[-22.17,64.13],[-22.02,64.28],[-22.1,64.49],[-22.5,64.57],[-22.58,64.79],[-23.98,64.71],[-24.16,64.93],[-23.06,65.08],[-23.09,65.15],[-21.91,65.08],[-21.74,64.86],[-20.91,64.64],[-20.76,64.49],[-20.4,64.57],[-20.38,64.49],[-20.57,64.49],[-20.45,64.42],[-20.36,64.42],[-19.39,64.06],[-19.04,63.84],[-18.98,63.62],[-18.73,63.41],[-20.37,63.55]]],[[[-20.31,64.57],[-20.4,64.57],[-20.43,64.64],[-20.33,64.64],[-20.31,64.57]]],[[[-3.7,50.58],[-3.65,50.85],[-3.31,50.85],[-3.29,50.65],[-3.37,50.65],[-3.46,50.65],[-3.45,50.58],[-3.44,50.51],[-3.53,50.51],[-3.7,50.58]]],[[[-2.19,50.65],[-2.28,50.65],[-2.36,50.65],[-2.78,50.65],[-2.79,50.71],[-2.63,50.85],[-2.3,50.85],[-2.19,50.65]]],[[[4.7,52.99],[4.87,52.96],[4.75,52.96],[4.58,52.48],[5.08,52.42],[5.03,52.62],[5.23,52.68],[5.23,52.65],[5.32,52.45],[5.15,52.45],[5.05,52.25],[5.06,52.35],[4.81,52.41],[4.8,52.42],[4.57,52.45],[4.06,51.99],[4.49,51.84],[4.5,51.71],[4.24,51.71],[4.15,51.92],[3.98,51.92],[3.98,51.98],[4.22,52.18],[4.22,52.32],[4.38,52.38],[4.45,52.72],[4.7,52.99]]],[[[0.17,52.86],[0.34,52.86],[0.49,53.06],[1.09,53.06],[1.53,52.92],[1.72,52.72],[1.74,52.38],[1.65,52.38],[1.59,52.12],[1.43,51.98],[1.17,51.98],[1.18,51.78],[0.84,51.78],[0.86,51.51],[0.52,51.51],[0.53,51.45],[0.02,51.45],[0.01,51.58],[-0.29,52.18],[-0.64,52.32],[-0.66,52.45],[-0.93,52.65],[-0.94,52.72],[-1.21,52.92],[-2.58,52.92],[-3.32,53.39],[-3.32,53.46],[-3.24,53.46],[-3.15,53.46],[-2.88,53.33],[-2.29,53.39],[-2.29,53.46],[-1.87,53.53],[-1.89,53.8],[-2.55,54.27],[-2.68,54.68],[-1.55,54.68],[-1.46,54.68],[-0.67,54.61],[-0.2,54.21],[-0.18,53.94],[-0.09,53.94],[0.12,53.46],[0.3,53.39],[0.32,53.12],[0.07,52.99],[0.17,52.86]]],[[[6.5,53.12],[6.33,53.06],[6.34,52.79],[6.08,52.79],[5.91,52.65],[5.65,52.65],[5.56,52.92],[5.39,52.92],[5.39,52.99],[5.21,53.12],[5.8,53.46],[6.92,53.46],[6.91,53.6],[7.08,53.73],[7.94,53.73],[8.12,53.6],[8.29,53.66],[8.38,53.66],[8.47,53.39],[8.3,53.26],[7.36,53.06],[7.27,53.06],[7.1,52.92],[6.85,52.92],[6.67,53.12],[6.5,53.12]]],[[[13.46,53.66],[13.38,53.66],[13.29,53.66],[13.29,53.72],[13.46,53.7],[13.46,53.66]]],[[[15.03,54.14],[14.94,54.07],[15.02,53.8],[15.02,53.73],[14.75,53.6],[14.41,53.66],[14.51,54.0],[14.86,54.14],[15.03,54.14]]],[[[13.73,53.94],[13.82,53.94],[13.81,53.87],[13.77,53.87],[13.7,53.92],[13.68,53.94],[13.73,53.94]]],[[[13.56,54.03],[13.48,54.09],[13.3,54.0],[13.27,53.73],[13.21,53.73],[13.04,53.8],[13.04,54.07],[13.3,54.21],[13.56,54.14],[13.56,54.03]]],[[[18.69,54.41],[19.21,54.41],[19.46,54.27],[19.37,54.27],[19.36,54.07],[19.09,54.0],[18.67,54.14],[18.69,54.41]]],[[[12.0,54.14],[12.09,54.34],[12.44,54.48],[12.79,54.41],[12.7,54.41],[12.78,54.14],[12.61,53.94],[12.17,53.94],[12.0,54.14]]],[[[13.66,54.48],[13.48,54.34],[13.23,54.55],[13.23,54.61],[13.23,54.75],[13.41,54.75],[13.66,54.61],[13.66,54.48]]],[[[39.69,57.9],[39.65,57.77],[39.83,57.77],[39.79,57.63],[40.04,57.56],[39.9,57.35],[39.72,57.35],[39.75,57.14],[39.49,57.14],[39.36,57.01],[39.11,57.08],[39.15,57.21],[38.97,57.21],[39.01,57.35],[38.92,57.35],[38.83,57.35],[38.9,57.63],[39.08,57.63],[39.33,57.9],[39.69,57.9]]],[[[40.41,58.6],[40.37,58.46],[40.55,58.46],[40.52,58.32],[40.77,58.25],[40.6,57.97],[40.44,58.04],[40.18,57.77],[39.83,57.77],[39.86,57.9],[39.69,57.9],[39.72,58.04],[39.54,58.04],[39.56,58.11],[39.58,58.18],[39.62,58.32],[39.8,58.32],[40.05,58.6],[40.41,58.6]]],[[[31.34,58.67],[31.29,58.39],[31.11,58.39],[30.88,58.11],[30.52,58.11],[30.54,58.25],[30.36,58.25],[30.39,58.39],[30.21,58.39],[30.26,58.67],[30.35,58.67],[30.44,58.67],[30.68,58.95],[31.04,58.95],[31.01,58.81],[31.34,58.67]]],[[[31.9,59.64],[31.08,59.64],[30.84,59.78],[31.0,60.14],[31.38,60.21],[31.47,60.21],[31.45,60.14],[31.82,60.14],[31.86,60.35],[32.12,60.28],[31.9,59.64]]],[[[37.35,60.7],[37.53,60.7],[37.46,60.42],[37.28,60.42],[37.02,60.14],[36.66,60.14],[36.69,60.28],[36.51,60.28],[36.54,60.42],[36.36,60.42],[36.43,60.7],[36.52,60.7],[36.62,60.7],[36.87,60.98],[37.24,60.98],[37.2,60.84],[37.39,60.84],[37.35,60.7]]]]},"properties":{"id":"territory:Viking settlements:876","name":"Viking settlements","name_en":"Viking settlements","actor":"기타중립","valid_from":876,"valid_to":878,"wikidata":"Q12567","area":134647,"src":"cliopatria","confidence":"medium"}},{"type":"Feature","geometry":{"type":"Point","coordinates":[-0.569,53.173]},"properties":{"id":"territory:Viking settlements:876:label","name":"Viking settlements","name_en":"Viking settlements","actor":"기타중립","valid_from":876,"valid_to":878,"wikidata":"Q12567","area":134647,"src":"cliopatria","confidence":"medium"}},{"type":"Feature","geometry":{"type":"MultiPolygon","coordinates":[[[[-7.53,52.12],[-7.61,52.12],[-7.65,52.38],[-7.4,52.45],[-7.02,52.12],[-7.53,52.12]]],[[[-6.43,52.18],[-6.77,52.18],[-6.79,52.32],[-6.79,52.38],[-6.56,52.59],[-6.31,52.59],[-6.28,52.38],[-6.43,52.18]]],[[[-8.38,52.72],[-8.44,52.52],[-8.6,52.45],[-8.68,52.45],[-8.95,52.52],[-8.91,52.86],[-8.57,52.86],[-8.38,52.72]]],[[[-6.15,52.65],[-6.31,52.59],[-6.32,52.65],[-6.4,52.65],[-6.43,52.86],[-6.18,52.92],[-6.15,52.65]]],[[[-6.15,53.33],[-6.09,52.92],[-6.47,53.19],[-6.81,53.12],[-6.84,53.39],[-6.6,53.53],[-6.61,53.6],[-6.19,53.66],[-6.09,53.53],[-6.24,53.39],[-6.15,53.33]]],[[[-5.57,55.57],[-5.55,55.36],[-5.89,55.29],[-5.92,55.5],[-5.76,55.63],[-5.78,55.77],[-5.44,55.84],[-5.43,55.77],[-5.16,55.77],[-5.12,55.43],[-5.38,55.43],[-5.57,55.57]]],[[[-5.87,55.84],[-6.13,55.77],[-6.19,55.57],[-6.36,55.57],[-6.38,55.7],[-6.63,55.63],[-6.51,55.98],[-6.07,55.98],[-5.91,56.11],[-5.92,56.18],[-5.74,56.18],[-5.72,55.98],[-5.89,55.98],[-5.87,55.84]]],[[[-4.93,56.05],[-4.93,55.98],[-5.0,55.84],[-5.35,55.84],[-5.36,55.91],[-5.3,56.11],[-4.93,56.05]]],[[[-5.99,56.66],[-5.88,56.52],[-5.7,56.52],[-5.68,56.39],[-5.94,56.32],[-6.03,56.32],[-6.29,56.32],[-6.23,56.52],[-6.34,56.66],[-5.99,56.66]]],[[[-7.25,57.42],[-7.23,57.28],[-7.32,57.28],[-7.29,57.08],[-7.47,57.08],[-7.6,57.35],[-7.25,57.42]]],[[[-5.81,57.28],[-5.78,57.08],[-6.04,57.01],[-6.06,57.14],[-6.41,57.14],[-6.62,57.35],[-6.8,57.35],[-6.74,57.56],[-6.47,57.56],[-6.48,57.63],[-6.5,57.77],[-6.22,57.7],[-6.09,57.35],[-5.81,57.28]]],[[[-7.11,57.63],[-7.44,57.49],[-7.56,57.7],[-7.12,57.7],[-7.11,57.63]]],[[[-6.39,58.18],[-6.52,57.9],[-7.13,57.77],[-7.07,57.97],[-7.28,58.18],[-6.85,58.32],[-6.76,58.32],[-6.79,58.46],[-6.26,58.53],[-6.21,58.18],[-6.39,58.18]]],[[[-6.72,61.48],[-6.71,61.41],[-6.99,61.48],[-7.02,61.62],[-6.74,61.62],[-6.72,61.48]]],[[[-6.77,62.33],[-6.66,62.26],[-6.69,61.9],[-6.79,61.9],[-7.28,62.05],[-7.32,62.33],[-6.96,62.4],[-6.77,62.33]]],[[[-20.37,63.55],[-20.53,63.77],[-21.15,63.91],[-22.8,63.77],[-22.9,64.06],[-22.83,64.13],[-22.33,64.06],[-22.36,64.13],[-22.17,64.13],[-22.02,64.28],[-22.1,64.49],[-22.5,64.57],[-22.58,64.79],[-23.98,64.71],[-24.16,64.93],[-23.06,65.08],[-23.09,65.15],[-21.91,65.08],[-21.74,64.86],[-20.91,64.64],[-20.76,64.49],[-20.4,64.57],[-20.38,64.49],[-20.57,64.49],[-20.45,64.42],[-20.36,64.42],[-19.39,64.06],[-19.04,63.84],[-18.98,63.62],[-18.73,63.41],[-20.37,63.55]]],[[[-20.4,64.57],[-20.43,64.64],[-20.33,64.64],[-20.31,64.57],[-20.4,64.57]]],[[[-2.19,50.65],[-2.28,50.65],[-2.36,50.65],[-2.78,50.65],[-2.79,50.71],[-2.63,50.85],[-2.3,50.85],[-2.19,50.65]]],[[[4.7,52.99],[4.87,52.96],[4.75,52.96],[4.58,52.48],[5.08,52.42],[5.03,52.62],[5.23,52.68],[5.23,52.65],[5.32,52.45],[5.15,52.45],[5.05,52.25],[5.06,52.35],[4.81,52.41],[4.8,52.42],[4.57,52.45],[4.06,51.99],[4.49,51.84],[4.5,51.71],[4.24,51.71],[4.15,51.92],[3.98,51.92],[3.98,51.98],[4.22,52.18],[4.22,52.32],[4.38,52.38],[4.45,52.72],[4.7,52.99]]],[[[0.17,52.86],[0.34,52.86],[0.49,53.06],[1.09,53.06],[1.53,52.92],[1.72,52.72],[1.74,52.38],[1.65,52.38],[1.59,52.12],[1.43,51.98],[1.17,51.98],[1.18,51.78],[0.84,51.78],[0.86,51.51],[0.52,51.51],[0.53,51.45],[0.02,51.45],[0.01,51.58],[-0.29,52.18],[-0.64,52.32],[-0.66,52.45],[-0.93,52.65],[-0.94,52.72],[-1.21,52.92],[-2.58,52.92],[-3.32,53.39],[-3.32,53.46],[-3.24,53.46],[-3.15,53.46],[-2.88,53.33],[-2.29,53.39],[-2.29,53.46],[-1.87,53.53],[-1.89,53.8],[-2.55,54.27],[-2.68,54.68],[-1.55,54.68],[-1.46,54.68],[-0.67,54.61],[-0.2,54.21],[-0.18,53.94],[-0.09,53.94],[0.12,53.46],[0.3,53.39],[0.32,53.12],[0.07,52.99],[0.17,52.86]]],[[[7.08,53.73],[7.94,53.73],[8.12,53.6],[8.29,53.66],[8.38,53.66],[8.47,53.39],[8.3,53.26],[7.18,53.06],[7.1,52.92],[6.85,52.92],[6.67,53.12],[6.5,53.12],[6.33,53.06],[6.34,52.79],[6.08,52.79],[5.91,52.65],[5.65,52.65],[5.56,52.92],[5.39,52.92],[5.39,52.99],[5.21,53.12],[5.8,53.46],[6.92,53.46],[6.91,53.6],[7.08,53.73]]],[[[13.46,53.66],[13.38,53.66],[13.29,53.66],[13.29,53.72],[13.46,53.7],[13.46,53.66]]],[[[14.86,54.14],[15.03,54.14],[14.94,54.07],[15.02,53.8],[15.02,53.73],[14.75,53.6],[14.41,53.66],[14.51,54.0],[14.86,54.14]]],[[[13.68,53.94],[13.73,53.94],[13.82,53.94],[13.81,53.87],[13.77,53.87],[13.7,53.92],[13.68,53.94]]],[[[13.56,54.03],[13.48,54.09],[13.3,54.0],[13.27,53.73],[13.21,53.73],[13.04,53.8],[13.04,54.07],[13.3,54.21],[13.56,54.14],[13.56,54.03]]],[[[18.69,54.41],[19.21,54.41],[19.46,54.27],[19.37,54.27],[19.36,54.07],[19.09,54.0],[18.67,54.14],[18.69,54.41]]],[[[12.0,54.14],[12.09,54.34],[12.44,54.48],[12.79,54.41],[12.7,54.41],[12.78,54.14],[12.61,53.94],[12.17,53.94],[12.0,54.14]]],[[[-4.8,54.27],[-4.81,54.34],[-4.38,54.41],[-4.36,54.21],[-4.86,54.07],[-4.8,54.27]]],[[[13.66,54.48],[13.48,54.34],[13.23,54.55],[13.23,54.61],[13.23,54.75],[13.41,54.75],[13.66,54.61],[13.66,54.48]]],[[[39.69,57.9],[39.65,57.77],[39.83,57.77],[39.79,57.63],[40.04,57.56],[39.9,57.35],[39.72,57.35],[39.75,57.14],[39.49,57.14],[39.36,57.01],[39.11,57.08],[39.15,57.21],[38.97,57.21],[39.01,57.35],[38.92,57.35],[38.83,57.35],[38.9,57.63],[39.08,57.63],[39.33,57.9],[39.69,57.9]]],[[[40.41,58.6],[40.37,58.46],[40.55,58.46],[40.52,58.32],[40.77,58.25],[40.6,57.97],[40.44,58.04],[40.18,57.77],[39.83,57.77],[39.86,57.9],[39.69,57.9],[39.72,58.04],[39.54,58.04],[39.56,58.11],[39.58,58.18],[39.62,58.32],[39.8,58.32],[40.05,58.6],[40.41,58.6]]],[[[31.34,58.67],[31.29,58.39],[31.11,58.39],[30.88,58.11],[30.52,58.11],[30.54,58.25],[30.36,58.25],[30.39,58.39],[30.21,58.39],[30.26,58.67],[30.35,58.67],[30.44,58.67],[30.68,58.95],[31.04,58.95],[31.01,58.81],[31.34,58.67]]],[[[31.9,59.64],[31.08,59.64],[30.84,59.78],[31.0,60.14],[31.38,60.21],[31.47,60.21],[31.45,60.14],[31.82,60.14],[31.86,60.35],[32.12,60.28],[31.9,59.64]]],[[[37.35,60.7],[37.53,60.7],[37.46,60.42],[37.28,60.42],[37.02,60.14],[36.66,60.14],[36.69,60.28],[36.51,60.28],[36.54,60.42],[36.36,60.42],[36.43,60.7],[36.52,60.7],[36.62,60.7],[36.87,60.98],[37.24,60.98],[37.2,60.84],[37.39,60.84],[37.35,60.7]]]]},"properties":{"id":"territory:Viking settlements:875","name":"Viking settlements","name_en":"Viking settlements","actor":"기타중립","valid_from":875,"valid_to":876,"wikidata":"Q12567","area":133680,"src":"cliopatria","confidence":"medium"}},{"type":"Feature","geometry":{"type":"Point","coordinates":[-0.569,53.173]},"properties":{"id":"territory:Viking settlements:875:label","name":"Viking settlements","name_en":"Viking settlements","actor":"기타중립","valid_from":875,"valid_to":876,"wikidata":"Q12567","area":133680,"src":"cliopatria","confidence":"medium"}},{"type":"Feature","geometry":{"type":"Polygon","coordinates":[[[-5.73,43.54],[-7.18,43.54],[-7.34,43.6],[-7.28,43.73],[-8.24,43.73],[-8.39,43.6],[-8.37,43.41],[-8.85,43.41],[-9.3,43.15],[-9.08,42.56],[-8.92,42.56],[-8.9,42.43],[-8.65,42.3],[-8.96,42.17],[-8.73,40.74],[-8.87,40.61],[-8.85,40.36],[-8.93,40.36],[-8.9,40.1],[-8.98,40.1],[-8.97,40.03],[-8.49,39.9],[-8.18,40.03],[-8.14,40.42],[-8.22,40.42],[-8.24,40.61],[-8.09,40.74],[-8.12,41.0],[-7.81,41.13],[-7.57,41.07],[-7.42,41.2],[-7.1,41.13],[-7.03,41.26],[-5.29,41.39],[-5.15,41.52],[-4.75,41.52],[-3.98,41.85],[-1.83,41.91],[-1.78,42.3],[-2.02,42.37],[-2.12,42.63],[-3.0,42.63],[-2.93,42.82],[-3.01,42.82],[-3.03,43.02],[-3.19,43.08],[-3.14,43.41],[-3.22,43.41],[-4.99,43.41],[-5.65,43.54],[-5.73,43.54]]]},"properties":{"id":"territory:Kingdom of Asturias:878","name":"Kingdom of Asturias","name_en":"Kingdom of Asturias","actor":"기타중립","valid_from":878,"valid_to":911,"wikidata":"Q231392","area":128718,"src":"cliopatria","confidence":"medium"}},{"type":"Feature","geometry":{"type":"Point","coordinates":[-6.184,42.334]},"properties":{"id":"territory:Kingdom of Asturias:878:label","name":"Kingdom of Asturias","name_en":"Kingdom of Asturias","actor":"기타중립","valid_from":878,"valid_to":911,"wikidata":"Q231392","area":128718,"src":"cliopatria","confidence":"medium"}},{"type":"Feature","geometry":{"type":"Polygon","coordinates":[[[68.3,33.71],[68.6,34.04],[69.41,34.55],[69.46,34.74],[69.35,34.94],[68.73,34.94],[68.32,34.81],[67.61,34.42],[67.38,34.42],[66.69,34.1],[65.64,33.84],[64.7,33.39],[64.31,33.33],[62.12,32.3],[61.9,31.98],[61.85,31.66],[61.61,31.59],[61.53,31.14],[61.74,31.08],[61.8,30.95],[63.3,30.82],[64.43,31.21],[65.0,31.4],[66.22,32.17],[66.44,32.17],[66.47,32.3],[68.29,33.65],[68.3,33.71]]]},"properties":{"id":"territory:Saffarid Dynasty:866","name":"사파르 왕조","name_en":"Saffarid Dynasty","actor":"기타중립","valid_from":866,"valid_to":870,"wikidata":"Q45310","area":128675,"src":"cliopatria","confidence":"medium"}},{"type":"Feature","geometry":{"type":"Point","coordinates":[65.172,32.689]},"properties":{"id":"territory:Saffarid Dynasty:866:label","name":"사파르 왕조","name_en":"Saffarid Dynasty","actor":"기타중립","valid_from":866,"valid_to":870,"wikidata":"Q45310","area":128675,"src":"cliopatria","confidence":"medium"}},{"type":"Feature","geometry":{"type":"Polygon","coordinates":[[[-5.73,43.54],[-7.18,43.54],[-7.34,43.6],[-7.28,43.73],[-8.24,43.73],[-8.39,43.6],[-8.37,43.41],[-8.85,43.41],[-9.3,43.15],[-9.08,42.56],[-8.66,42.37],[-8.96,42.17],[-8.87,41.39],[-8.79,41.39],[-8.73,40.74],[-8.8,40.68],[-8.79,40.61],[-8.17,40.68],[-8.12,41.0],[-7.81,41.13],[-7.57,41.07],[-7.42,41.2],[-7.1,41.13],[-7.03,41.26],[-5.29,41.39],[-5.15,41.52],[-4.75,41.52],[-3.98,41.85],[-1.83,41.91],[-1.78,42.3],[-2.02,42.37],[-2.12,42.63],[-3.0,42.63],[-2.93,42.82],[-3.01,42.82],[-3.03,43.02],[-3.19,43.08],[-3.14,43.41],[-3.22,43.41],[-4.99,43.41],[-5.65,43.54],[-5.73,43.54]]]},"properties":{"id":"territory:Kingdom of Asturias:870","name":"Kingdom of Asturias","name_en":"Kingdom of Asturias","actor":"기타중립","valid_from":870,"valid_to":878,"wikidata":"Q231392","area":124087,"src":"cliopatria","confidence":"medium"}},{"type":"Feature","geometry":{"type":"Point","coordinates":[-6.099,42.409]},"properties":{"id":"territory:Kingdom of Asturias:870:label","name":"Kingdom of Asturias","name_en":"Kingdom of Asturias","actor":"기타중립","valid_from":870,"valid_to":878,"wikidata":"Q231392","area":124087,"src":"cliopatria","confidence":"medium"}},{"type":"Feature","geometry":{"type":"Polygon","coordinates":[[[7.27,53.06],[7.1,52.92],[6.85,52.92],[6.67,53.12],[6.33,53.06],[6.33,52.86],[6.51,52.72],[6.44,52.18],[6.61,52.05],[6.61,51.98],[6.7,51.98],[6.71,51.78],[6.88,51.65],[6.8,51.38],[6.97,51.25],[7.06,50.98],[7.24,50.91],[7.33,50.51],[7.76,49.91],[7.18,49.78],[7.02,49.45],[7.36,49.12],[8.11,48.99],[8.12,48.85],[7.71,48.52],[7.48,47.53],[7.15,47.47],[6.98,47.86],[6.81,47.93],[6.14,47.99],[5.82,47.86],[5.65,48.06],[5.48,48.06],[5.47,48.26],[5.22,48.46],[4.88,48.52],[4.87,48.99],[5.03,49.12],[4.68,49.45],[4.58,49.91],[3.82,50.05],[3.64,50.31],[3.63,50.38],[3.55,50.38],[3.54,50.58],[4.03,50.78],[4.26,51.31],[3.5,51.25],[3.41,51.45],[3.49,51.45],[3.75,51.45],[3.41,51.51],[3.4,51.65],[3.74,51.65],[3.65,51.78],[3.82,51.78],[3.81,51.92],[3.98,51.92],[3.97,52.05],[4.22,52.18],[4.22,52.32],[4.46,52.52],[4.53,52.86],[4.87,52.99],[4.88,52.79],[5.06,52.65],[5.14,52.79],[5.39,52.86],[5.39,52.99],[5.21,53.12],[5.54,53.39],[6.23,53.53],[6.92,53.46],[6.91,53.6],[7.08,53.73],[7.94,53.73],[8.12,53.6],[8.29,53.66],[8.38,53.66],[8.47,53.39],[8.3,53.26],[7.36,53.06],[7.27,53.06]]]},"properties":{"id":"territory:Middle Franks:899","name":"중프랑크","name_en":"Middle Franks","actor":"게르만","valid_from":899,"valid_to":900,"wikidata":"Q6673921","area":124041,"src":"cliopatria","confidence":"medium"}},{"type":"Feature","geometry":{"type":"Point","coordinates":[5.896,50.669]},"properties":{"id":"territory:Middle Franks:899:label","name":"중프랑크","name_en":"Middle Franks","actor":"게르만","valid_from":899,"valid_to":900,"wikidata":"Q6673921","area":124041,"src":"cliopatria","confidence":"medium"}},{"type":"Feature","geometry":{"type":"Polygon","coordinates":[[[-5.73,43.54],[-7.18,43.54],[-7.34,43.6],[-7.28,43.73],[-8.24,43.73],[-8.39,43.6],[-8.37,43.41],[-8.85,43.41],[-9.16,43.28],[-9.3,43.15],[-9.28,42.89],[-9.1,42.76],[-9.08,42.56],[-8.66,42.37],[-8.96,42.17],[-8.74,40.87],[-8.73,40.81],[-8.26,40.81],[-8.12,41.0],[-7.81,41.13],[-7.57,41.07],[-7.42,41.2],[-7.1,41.13],[-7.03,41.26],[-5.29,41.39],[-5.15,41.52],[-4.75,41.52],[-3.98,41.85],[-1.83,41.91],[-1.78,42.3],[-2.02,42.37],[-2.12,42.63],[-3.0,42.63],[-2.93,42.82],[-3.01,42.82],[-3.03,43.02],[-3.19,43.08],[-3.14,43.41],[-3.22,43.41],[-4.99,43.41],[-5.65,43.54],[-5.73,43.54]]]},"properties":{"id":"territory:Kingdom of Asturias:825","name":"Kingdom of Asturias","name_en":"Kingdom of Asturias","actor":"기타중립","valid_from":825,"valid_to":870,"wikidata":"Q231392","area":123130,"src":"cliopatria","confidence":"medium"}},{"type":"Feature","geometry":{"type":"Point","coordinates":[-6.082,42.424]},"properties":{"id":"territory:Kingdom of Asturias:825:label","name":"Kingdom of Asturias","name_en":"Kingdom of Asturias","actor":"기타중립","valid_from":825,"valid_to":870,"wikidata":"Q231392","area":123130,"src":"cliopatria","confidence":"medium"}},{"type":"Feature","geometry":{"type":"MultiPolygon","coordinates":[[[[-7.53,52.12],[-7.61,52.12],[-7.65,52.38],[-7.4,52.45],[-7.02,52.12],[-7.53,52.12]]],[[[-6.43,52.18],[-6.77,52.18],[-6.79,52.32],[-6.79,52.38],[-6.56,52.59],[-6.31,52.59],[-6.28,52.38],[-6.43,52.18]]],[[[-8.38,52.72],[-8.44,52.52],[-8.6,52.45],[-8.68,52.45],[-8.95,52.52],[-8.91,52.86],[-8.57,52.86],[-8.38,52.72]]],[[[-6.1,52.99],[-6.28,52.99],[-6.47,53.19],[-6.81,53.12],[-6.84,53.39],[-6.53,53.6],[-6.54,53.66],[-6.19,53.66],[-6.09,53.53],[-6.24,53.39],[-6.1,52.99]]],[[[-4.8,54.27],[-4.81,54.34],[-4.38,54.41],[-4.36,54.21],[-4.86,54.07],[-4.8,54.27]]],[[[-5.57,55.57],[-5.55,55.36],[-5.89,55.29],[-5.92,55.5],[-5.76,55.63],[-5.78,55.77],[-5.44,55.84],[-5.43,55.77],[-5.16,55.77],[-5.12,55.43],[-5.38,55.43],[-5.57,55.57]]],[[[-5.87,55.84],[-6.13,55.77],[-6.19,55.57],[-6.36,55.57],[-6.38,55.7],[-6.63,55.63],[-6.51,55.98],[-6.07,55.98],[-5.91,56.11],[-5.92,56.18],[-5.74,56.18],[-5.72,55.98],[-5.89,55.98],[-5.87,55.84]]],[[[-4.93,56.05],[-4.93,55.98],[-5.0,55.84],[-5.35,55.84],[-5.36,55.91],[-5.3,56.11],[-4.93,56.05]]],[[[-5.99,56.66],[-5.88,56.52],[-5.7,56.52],[-5.68,56.39],[-5.94,56.32],[-6.03,56.32],[-6.29,56.32],[-6.23,56.52],[-6.34,56.66],[-5.99,56.66]]],[[[-7.25,57.42],[-7.23,57.28],[-7.32,57.28],[-7.29,57.08],[-7.47,57.08],[-7.6,57.35],[-7.25,57.42]]],[[[-5.81,57.28],[-5.78,57.08],[-6.04,57.01],[-6.06,57.14],[-6.41,57.14],[-6.62,57.35],[-6.8,57.35],[-6.74,57.56],[-6.47,57.56],[-6.48,57.63],[-6.5,57.77],[-6.22,57.7],[-6.09,57.35],[-5.81,57.28]]],[[[-7.11,57.63],[-7.44,57.49],[-7.56,57.7],[-7.12,57.7],[-7.11,57.63]]],[[[-6.39,58.18],[-6.52,57.9],[-7.13,57.77],[-7.07,57.97],[-7.28,58.18],[-6.85,58.32],[-6.76,58.32],[-6.79,58.46],[-6.26,58.53],[-6.21,58.18],[-6.39,58.18]]],[[[-5.2,58.67],[-3.04,58.67],[-3.02,58.53],[-3.43,58.18],[-4.12,57.97],[-4.11,57.9],[-5.26,57.83],[-5.46,57.97],[-5.47,58.04],[-5.42,58.32],[-5.24,58.32],[-5.26,58.46],[-5.17,58.46],[-5.2,58.67]]],[[[-3.38,59.22],[-3.2,59.22],[-3.09,59.09],[-2.81,59.02],[-2.79,58.88],[-2.97,58.88],[-3.06,58.88],[-3.42,58.81],[-3.53,59.02],[-3.44,59.02],[-3.38,59.22]]],[[[-6.71,61.41],[-6.99,61.48],[-7.02,61.62],[-6.74,61.62],[-6.72,61.48],[-6.71,61.41]]],[[[-6.66,62.26],[-6.69,61.9],[-6.79,61.9],[-7.28,62.05],[-7.32,62.33],[-6.96,62.4],[-6.77,62.33],[-6.66,62.26]]],[[[-22.36,64.13],[-22.17,64.13],[-22.02,64.28],[-22.12,64.57],[-22.05,64.64],[-21.5,64.71],[-21.26,64.57],[-21.33,64.49],[-21.17,64.28],[-21.36,64.28],[-21.31,64.13],[-21.41,64.13],[-21.24,63.91],[-21.31,63.84],[-22.8,63.77],[-22.83,63.84],[-22.9,64.06],[-22.83,64.13],[-22.33,64.06],[-22.36,64.13]]],[[[4.7,52.99],[4.87,52.96],[4.75,52.96],[4.58,52.48],[5.08,52.42],[5.03,52.62],[5.23,52.68],[5.23,52.65],[5.32,52.45],[5.15,52.45],[5.05,52.25],[5.06,52.35],[4.81,52.41],[4.8,52.42],[4.57,52.45],[4.06,51.99],[4.49,51.84],[4.5,51.71],[4.24,51.71],[4.15,51.92],[3.98,51.92],[3.98,51.98],[4.22,52.18],[4.22,52.32],[4.38,52.38],[4.45,52.72],[4.7,52.99]]],[[[7.08,53.73],[7.94,53.73],[8.12,53.6],[8.29,53.66],[8.38,53.66],[8.47,53.39],[8.3,53.26],[7.18,53.06],[7.1,52.92],[6.85,52.92],[6.67,53.12],[6.5,53.12],[6.33,53.06],[6.34,52.79],[6.08,52.79],[5.91,52.65],[5.65,52.65],[5.56,52.92],[5.39,52.92],[5.39,52.99],[5.21,53.12],[5.8,53.46],[6.92,53.46],[6.91,53.6],[7.08,53.73]]],[[[0.17,52.86],[0.34,52.86],[0.49,53.06],[1.09,53.06],[1.53,52.92],[1.72,52.72],[1.74,52.38],[1.65,52.38],[1.59,52.12],[1.43,51.98],[1.17,51.98],[1.18,51.78],[0.84,51.78],[0.85,51.71],[0.33,51.85],[0.12,52.38],[0.11,52.45],[-0.33,52.65],[-1.11,52.79],[-1.3,52.99],[-1.33,53.26],[-1.76,53.33],[-1.95,53.53],[-1.87,53.53],[-1.89,53.8],[-2.55,54.27],[-2.68,54.68],[-1.55,54.68],[-1.46,54.68],[-0.67,54.61],[-0.2,54.21],[-0.18,53.94],[-0.09,53.94],[0.12,53.46],[0.3,53.39],[0.32,53.12],[0.07,52.99],[0.17,52.86]]],[[[13.46,53.66],[13.38,53.66],[13.29,53.66],[13.29,53.72],[13.46,53.7],[13.46,53.66]]],[[[14.86,54.14],[15.03,54.14],[14.94,54.07],[15.02,53.8],[15.02,53.73],[14.75,53.6],[14.41,53.66],[14.51,54.0],[14.86,54.14]]],[[[13.68,53.94],[13.73,53.94],[13.82,53.94],[13.81,53.87],[13.77,53.87],[13.7,53.92],[13.68,53.94]]],[[[13.48,54.09],[13.3,54.0],[13.27,53.73],[13.21,53.73],[13.04,53.8],[13.04,54.07],[13.3,54.21],[13.56,54.14],[13.56,54.03],[13.48,54.09]]],[[[19.21,54.41],[19.46,54.27],[19.37,54.27],[19.36,54.07],[19.09,54.0],[18.67,54.14],[18.69,54.41],[19.21,54.41]]],[[[12.0,54.14],[12.09,54.34],[12.44,54.48],[12.79,54.41],[12.7,54.41],[12.78,54.14],[12.61,53.94],[12.17,53.94],[12.0,54.14]]],[[[13.66,54.48],[13.48,54.34],[13.23,54.55],[13.23,54.61],[13.23,54.75],[13.41,54.75],[13.66,54.61],[13.66,54.48]]],[[[39.69,57.9],[39.65,57.77],[39.83,57.77],[39.79,57.63],[40.04,57.56],[39.9,57.35],[39.72,57.35],[39.75,57.14],[39.49,57.14],[39.36,57.01],[39.11,57.08],[39.15,57.21],[38.97,57.21],[39.01,57.35],[38.92,57.35],[38.83,57.35],[38.9,57.63],[39.08,57.63],[39.33,57.9],[39.69,57.9]]],[[[40.41,58.6],[40.37,58.46],[40.55,58.46],[40.52,58.32],[40.77,58.25],[40.6,57.97],[40.44,58.04],[40.18,57.77],[39.83,57.77],[39.86,57.9],[39.69,57.9],[39.72,58.04],[39.54,58.04],[39.56,58.11],[39.58,58.18],[39.62,58.32],[39.8,58.32],[40.05,58.6],[40.41,58.6]]],[[[31.34,58.67],[31.29,58.39],[31.11,58.39],[30.88,58.11],[30.52,58.11],[30.54,58.25],[30.36,58.25],[30.39,58.39],[30.21,58.39],[30.26,58.67],[30.35,58.67],[30.44,58.67],[30.68,58.95],[31.04,58.95],[31.01,58.81],[31.34,58.67]]],[[[-2.56,59.22],[-2.65,59.22],[-2.64,59.16],[-2.83,59.16],[-2.84,59.29],[-2.58,59.36],[-2.56,59.22]]],[[[32.12,60.28],[31.9,59.64],[31.08,59.64],[30.84,59.78],[31.0,60.14],[31.38,60.21],[31.47,60.21],[31.45,60.14],[31.82,60.14],[31.86,60.35],[32.12,60.28]]],[[[-1.05,60.35],[-1.14,60.35],[-1.2,60.07],[-1.67,60.21],[-1.63,60.63],[-1.36,60.7],[-1.35,60.56],[-1.26,60.56],[-1.28,60.77],[-0.83,60.84],[-0.81,60.63],[-1.16,60.56],[-1.05,60.35]]],[[[37.35,60.7],[37.53,60.7],[37.46,60.42],[37.28,60.42],[37.02,60.14],[36.66,60.14],[36.69,60.28],[36.51,60.28],[36.54,60.42],[36.36,60.42],[36.43,60.7],[36.52,60.7],[36.62,60.7],[36.87,60.98],[37.24,60.98],[37.2,60.84],[37.39,60.84],[37.35,60.7]]]]},"properties":{"id":"territory:Viking settlements:870","name":"Viking settlements","name_en":"Viking settlements","actor":"기타중립","valid_from":870,"valid_to":875,"wikidata":"Q12567","area":120405,"src":"cliopatria","confidence":"medium"}},{"type":"Feature","geometry":{"type":"Point","coordinates":[-0.424,53.338]},"properties":{"id":"territory:Viking settlements:870:label","name":"Viking settlements","name_en":"Viking settlements","actor":"기타중립","valid_from":870,"valid_to":875,"wikidata":"Q12567","area":120405,"src":"cliopatria","confidence":"medium"}},{"type":"Feature","geometry":{"type":"MultiPolygon","coordinates":[[[[14.69,42.17],[14.77,42.17],[14.77,42.11],[14.69,42.11],[14.69,42.17]]],[[[9.49,43.02],[9.49,42.76],[9.57,42.76],[9.58,41.98],[9.5,41.98],[9.5,41.78],[9.26,41.39],[9.1,41.33],[8.78,41.52],[8.78,41.72],[8.62,41.72],[8.7,41.91],[8.54,42.11],[8.53,42.5],[8.77,42.69],[9.17,42.76],[9.25,43.02],[9.33,43.02],[9.49,43.02]]],[[[10.46,42.89],[10.46,42.69],[10.21,42.69],[10.13,42.89],[10.21,42.89],[10.46,42.89]]],[[[12.31,44.19],[12.87,43.8],[13.04,43.86],[13.03,43.73],[13.36,43.67],[13.67,43.41],[13.75,43.08],[13.99,42.95],[13.9,42.76],[14.06,42.5],[14.61,42.11],[14.69,42.11],[14.37,41.98],[14.12,41.72],[13.96,41.72],[13.8,41.85],[13.33,41.91],[13.33,41.98],[13.01,42.04],[12.62,42.43],[12.38,42.43],[12.3,43.08],[12.14,43.08],[12.22,43.41],[11.82,43.34],[11.82,43.21],[11.98,43.15],[12.06,42.76],[11.74,42.63],[11.57,42.37],[11.49,42.37],[11.26,42.43],[11.18,42.63],[11.02,42.63],[11.02,42.82],[10.54,43.08],[10.21,43.99],[9.89,43.99],[9.97,44.12],[9.73,44.12],[9.16,44.45],[8.43,44.39],[8.03,43.93],[7.63,43.8],[7.55,43.8],[7.63,44.19],[7.3,44.12],[6.98,44.25],[6.89,44.65],[6.97,44.65],[6.97,44.84],[6.64,44.97],[6.63,45.1],[7.04,45.24],[7.11,45.43],[7.36,45.56],[7.93,45.56],[8.0,45.89],[7.92,46.02],[8.4,46.41],[8.49,46.15],[8.65,46.15],[8.9,45.89],[9.14,46.09],[9.31,45.82],[9.31,45.43],[9.64,45.17],[9.97,45.17],[10.13,45.04],[11.35,45.04],[11.51,44.91],[12.24,44.97],[12.24,44.84],[12.16,44.84],[12.15,44.45],[12.31,44.19]]]]},"properties":{"id":"territory:Duchy of Spoleto:898","name":"Duchy of Spoleto","name_en":"Duchy of Spoleto","actor":"기타중립","valid_from":898,"valid_to":899,"wikidata":"Q2829270","area":119644,"src":"cliopatria","confidence":"medium"}},{"type":"Feature","geometry":{"type":"Point","coordinates":[10.599,44.073]},"properties":{"id":"territory:Duchy of Spoleto:898:label","name":"Duchy of Spoleto","name_en":"Duchy of Spoleto","actor":"기타중립","valid_from":898,"valid_to":899,"wikidata":"Q2829270","area":119644,"src":"cliopatria","confidence":"medium"}},{"type":"Feature","geometry":{"type":"Polygon","coordinates":[[[43.58,41.13],[44.78,41.2],[45.22,41.39],[45.69,41.39],[45.89,41.2],[46.29,41.2],[46.5,41.07],[46.68,41.13],[46.71,41.33],[46.21,41.59],[46.42,41.85],[46.74,41.85],[47.27,41.33],[47.72,41.2],[48.18,41.52],[48.17,41.85],[48.09,41.85],[48.2,41.98],[48.28,41.98],[49.09,41.26],[49.06,41.13],[49.27,41.0],[49.24,40.87],[49.51,40.61],[50.05,40.55],[50.26,40.42],[49.69,40.36],[49.4,40.1],[49.27,39.38],[49.15,39.19],[48.92,39.19],[48.8,39.0],[48.8,38.55],[48.79,38.48],[48.33,38.55],[48.06,38.8],[48.08,38.93],[48.25,39.0],[48.22,39.26],[48.33,39.45],[48.13,39.64],[47.49,39.58],[46.67,38.93],[45.87,38.87],[45.5,39.0],[45.44,39.13],[45.29,39.13],[44.87,39.45],[44.83,39.71],[44.56,39.97],[43.86,40.03],[43.65,40.16],[43.64,40.55],[43.77,40.87],[43.57,41.07],[43.58,41.13]]]},"properties":{"id":"territory:Shirvan:825","name":"Shirvan","name_en":"Shirvan","actor":"기타중립","valid_from":825,"valid_to":840,"wikidata":"Q638064","area":113084,"src":"cliopatria","confidence":"medium"}},{"type":"Feature","geometry":{"type":"Point","coordinates":[46.828,40.3]},"properties":{"id":"territory:Shirvan:825:label","name":"Shirvan","name_en":"Shirvan","actor":"기타중립","valid_from":825,"valid_to":840,"wikidata":"Q638064","area":113084,"src":"cliopatria","confidence":"medium"}},{"type":"Feature","geometry":{"type":"MultiPolygon","coordinates":[[[[21.93,48.85],[21.84,48.85],[21.85,48.92],[21.93,48.92],[21.93,48.85]]],[[[18.89,49.65],[19.23,49.71],[19.24,49.85],[19.91,49.85],[20.04,49.32],[20.3,49.45],[20.8,49.45],[21.45,49.25],[21.77,48.99],[21.76,48.85],[21.92,48.79],[21.98,48.46],[22.06,48.46],[21.95,48.13],[21.87,48.13],[21.85,47.8],[21.77,47.8],[21.75,47.6],[21.83,47.6],[21.83,47.53],[21.5,47.53],[21.43,47.73],[21.02,47.8],[20.95,47.93],[20.29,47.93],[19.86,47.66],[18.95,47.73],[17.71,47.73],[17.06,47.99],[16.66,48.32],[16.08,48.19],[14.84,48.32],[14.84,48.39],[15.02,48.72],[15.27,48.85],[15.19,48.99],[15.36,48.99],[15.28,49.18],[15.61,49.18],[15.78,49.32],[15.88,49.78],[15.8,49.85],[16.06,49.91],[15.98,50.05],[16.15,50.05],[16.15,50.25],[16.33,50.38],[16.66,50.31],[17.18,50.65],[17.52,50.65],[17.51,50.45],[17.67,50.31],[17.57,50.05],[17.81,49.78],[18.23,49.71],[18.39,49.58],[18.64,49.58],[18.73,49.71],[18.81,49.65],[18.89,49.65]]]]},"properties":{"id":"territory:Great Moravia:850","name":"Great Moravia","name_en":"Great Moravia","actor":"기타중립","valid_from":850,"valid_to":860,"wikidata":"Q193152","area":101716,"src":"cliopatria","confidence":"medium"}},{"type":"Feature","geometry":{"type":"Point","coordinates":[18.47,48.854]},"properties":{"id":"territory:Great Moravia:850:label","name":"Great Moravia","name_en":"Great Moravia","actor":"기타중립","valid_from":850,"valid_to":860,"wikidata":"Q193152","area":101716,"src":"cliopatria","confidence":"medium"}},{"type":"Feature","geometry":{"type":"Polygon","coordinates":[[[42.57,39.84],[41.63,39.9],[41.75,40.16],[42.17,40.29],[42.62,40.61],[43.1,40.68],[43.15,40.94],[43.4,41.0],[43.48,41.0],[43.49,41.07],[43.57,41.07],[43.58,41.13],[45.11,41.26],[45.3,41.0],[45.6,40.87],[45.46,40.55],[45.82,40.36],[46.45,40.36],[46.34,40.16],[46.6,39.9],[46.64,39.64],[47.09,39.51],[47.12,39.26],[46.67,38.93],[46.26,38.87],[46.22,39.06],[45.95,39.32],[45.79,39.32],[45.33,39.84],[44.66,40.1],[44.55,39.9],[44.83,39.71],[44.87,39.45],[45.37,39.13],[45.34,39.0],[45.11,39.0],[44.9,38.67],[44.58,38.67],[44.49,38.55],[44.45,38.35],[44.98,38.22],[44.96,38.09],[44.63,37.96],[44.35,37.71],[43.79,37.58],[42.7,37.58],[42.9,37.9],[43.06,37.96],[43.09,38.16],[42.62,38.16],[42.64,38.29],[42.49,38.29],[42.07,38.67],[42.23,39.19],[42.47,39.19],[42.58,39.38],[42.92,39.58],[42.86,39.71],[42.56,39.77],[42.57,39.84]]]},"properties":{"id":"territory:Bagratid Armenia:886","name":"Bagratid Armenia","name_en":"Bagratid Armenia","actor":"기타중립","valid_from":886,"valid_to":892,"wikidata":"Q2622868","area":99465,"src":"cliopatria","confidence":"medium"}},{"type":"Feature","geometry":{"type":"Point","coordinates":[44.135,39.52]},"properties":{"id":"territory:Bagratid Armenia:886:label","name":"Bagratid Armenia","name_en":"Bagratid Armenia","actor":"기타중립","valid_from":886,"valid_to":892,"wikidata":"Q2622868","area":99465,"src":"cliopatria","confidence":"medium"}},{"type":"Feature","geometry":{"type":"Polygon","coordinates":[[[43.79,37.58],[42.7,37.58],[42.9,37.9],[43.06,37.96],[43.09,38.16],[42.62,38.16],[42.64,38.29],[42.49,38.29],[42.07,38.67],[42.23,39.19],[42.47,39.19],[42.93,39.64],[42.55,39.71],[42.57,39.84],[41.63,39.9],[41.75,40.16],[42.17,40.29],[42.62,40.61],[43.1,40.68],[43.15,40.94],[43.4,41.0],[43.48,41.0],[43.49,41.07],[43.57,41.07],[43.58,41.13],[45.11,41.26],[45.3,41.0],[45.6,40.87],[45.46,40.55],[45.82,40.36],[46.45,40.36],[46.34,40.16],[46.6,39.9],[46.64,39.64],[46.86,39.58],[46.67,38.93],[46.34,38.87],[45.33,39.84],[44.88,39.97],[44.82,40.1],[44.57,40.03],[44.55,39.9],[44.83,39.71],[44.87,39.45],[45.37,39.13],[45.34,39.0],[45.11,39.0],[44.9,38.67],[44.58,38.67],[44.49,38.55],[44.45,38.35],[44.98,38.22],[44.96,38.09],[44.54,37.9],[44.52,37.77],[43.79,37.58]]]},"properties":{"id":"territory:Bagratid Armenia:898","name":"Bagratid Armenia","name_en":"Bagratid Armenia","actor":"기타중립","valid_from":898,"valid_to":911,"wikidata":"Q2622868","area":98306,"src":"cliopatria","confidence":"medium"}},{"type":"Feature","geometry":{"type":"Point","coordinates":[44.098,39.523]},"properties":{"id":"territory:Bagratid Armenia:898:label","name":"Bagratid Armenia","name_en":"Bagratid Armenia","actor":"기타중립","valid_from":898,"valid_to":911,"wikidata":"Q2622868","area":98306,"src":"cliopatria","confidence":"medium"}},{"type":"Feature","geometry":{"type":"Polygon","coordinates":[[[42.57,39.84],[41.63,39.9],[41.75,40.16],[42.17,40.29],[42.62,40.61],[43.1,40.68],[43.15,40.94],[43.4,41.0],[43.48,41.0],[43.49,41.07],[43.57,41.07],[43.58,41.13],[45.11,41.26],[45.3,41.0],[45.6,40.87],[45.46,40.55],[45.82,40.36],[46.45,40.36],[46.34,40.16],[46.6,39.9],[46.64,39.64],[46.86,39.58],[46.67,38.93],[46.26,38.87],[46.22,39.06],[45.95,39.32],[45.79,39.32],[45.33,39.84],[44.66,40.1],[44.55,39.9],[44.83,39.71],[44.87,39.45],[45.37,39.13],[45.34,39.0],[45.11,39.0],[44.9,38.67],[44.58,38.67],[44.49,38.55],[44.45,38.35],[44.98,38.22],[44.96,38.09],[44.63,37.96],[44.35,37.71],[43.79,37.58],[42.7,37.58],[42.9,37.9],[43.06,37.96],[43.09,38.16],[42.62,38.16],[42.64,38.29],[42.49,38.29],[42.07,38.67],[42.23,39.19],[42.47,39.19],[42.58,39.38],[42.92,39.58],[42.86,39.71],[42.56,39.77],[42.57,39.84]]]},"properties":{"id":"territory:Bagratid Armenia:892","name":"Bagratid Armenia","name_en":"Bagratid Armenia","actor":"기타중립","valid_from":892,"valid_to":898,"wikidata":"Q2622868","area":98103,"src":"cliopatria","confidence":"medium"}},{"type":"Feature","geometry":{"type":"Point","coordinates":[44.097,39.523]},"properties":{"id":"territory:Bagratid Armenia:892:label","name":"Bagratid Armenia","name_en":"Bagratid Armenia","actor":"기타중립","valid_from":892,"valid_to":898,"wikidata":"Q2622868","area":98103,"src":"cliopatria","confidence":"medium"}},{"type":"Feature","geometry":{"type":"Polygon","coordinates":[[[1.01,53.06],[0.49,53.06],[0.34,52.86],[0.17,52.86],[0.07,52.99],[0.32,53.12],[0.3,53.39],[0.02,53.6],[0.02,53.66],[-0.68,53.73],[-0.75,53.53],[-1.09,53.53],[-1.16,53.33],[-1.33,53.33],[-1.7,53.6],[-2.54,53.33],[-2.88,53.33],[-3.15,53.46],[-3.24,53.46],[-3.32,53.46],[-3.32,53.39],[-3.4,53.39],[-3.49,53.39],[-3.27,52.99],[-3.07,52.72],[-3.14,52.52],[-3.04,52.38],[-2.87,52.38],[-2.93,52.12],[-2.92,52.05],[-2.91,51.98],[-2.83,51.98],[-2.82,51.92],[-2.63,51.65],[-2.95,51.51],[-2.95,51.45],[-3.11,51.38],[-3.09,51.25],[-4.2,51.31],[-4.43,51.05],[-4.68,51.05],[-4.67,50.91],[-4.66,50.85],[-4.31,50.71],[-4.27,50.38],[-4.19,50.38],[-4.09,50.25],[-3.58,50.25],[-3.46,50.65],[-3.13,50.71],[-2.79,50.71],[-2.61,50.58],[-1.52,50.71],[-1.51,50.58],[-1.18,50.58],[-1.11,50.78],[-1.37,50.85],[0.49,50.78],[1.31,51.11],[1.38,51.38],[0.53,51.45],[0.86,51.51],[0.84,51.78],[1.18,51.78],[1.17,51.98],[1.43,51.98],[1.74,52.38],[1.62,52.86],[1.09,53.06],[1.01,53.06]]]},"properties":{"id":"territory:Kingdom of Mercia:800","name":"Kingdom of Mercia","name_en":"Kingdom of Mercia","actor":"기타중립","valid_from":800,"valid_to":806,"wikidata":"Q105092","area":96899,"src":"cliopatria","confidence":"medium"}},{"type":"Feature","geometry":{"type":"Polygon","coordinates":[[[1.01,53.06],[0.49,53.06],[0.34,52.86],[0.17,52.86],[0.07,52.99],[0.32,53.12],[0.3,53.39],[0.02,53.6],[0.02,53.66],[-0.68,53.73],[-0.75,53.53],[-1.09,53.53],[-1.16,53.33],[-1.33,53.33],[-1.7,53.6],[-2.54,53.33],[-2.88,53.33],[-3.15,53.46],[-3.24,53.46],[-3.32,53.46],[-3.32,53.39],[-3.4,53.39],[-3.49,53.39],[-3.27,52.99],[-3.07,52.72],[-3.14,52.52],[-3.04,52.38],[-2.87,52.38],[-2.93,52.12],[-2.92,52.05],[-2.91,51.98],[-2.83,51.98],[-2.82,51.92],[-2.63,51.65],[-2.95,51.51],[-2.95,51.45],[-3.11,51.38],[-3.09,51.25],[-4.2,51.31],[-4.43,51.05],[-4.68,51.05],[-4.67,50.91],[-4.66,50.85],[-4.31,50.71],[-4.27,50.38],[-4.19,50.38],[-4.09,50.25],[-3.58,50.25],[-3.46,50.65],[-3.13,50.71],[-2.79,50.71],[-2.61,50.58],[-1.52,50.71],[-1.51,50.58],[-1.18,50.58],[-1.11,50.78],[-1.37,50.85],[0.49,50.78],[1.31,51.11],[1.38,51.38],[0.53,51.45],[0.86,51.51],[0.84,51.78],[1.18,51.78],[1.17,51.98],[1.43,51.98],[1.74,52.38],[1.62,52.86],[1.09,53.06],[1.01,53.06]]]},"properties":{"id":"territory:Kingdom of Wessex:830","name":"Kingdom of Wessex","name_en":"Kingdom of Wessex","actor":"기타중립","valid_from":830,"valid_to":840,"wikidata":"Q105313","area":96899,"src":"cliopatria","confidence":"medium"}},{"type":"Feature","geometry":{"type":"Point","coordinates":[-1.207,52.003]},"properties":{"id":"territory:Kingdom of Mercia:800:label","name":"Kingdom of Mercia","name_en":"Kingdom of Mercia","actor":"기타중립","valid_from":800,"valid_to":806,"wikidata":"Q105092","area":96899,"src":"cliopatria","confidence":"medium"}},{"type":"Feature","geometry":{"type":"Point","coordinates":[-1.207,52.003]},"properties":{"id":"territory:Kingdom of Wessex:830:label","name":"Kingdom of Wessex","name_en":"Kingdom of Wessex","actor":"기타중립","valid_from":830,"valid_to":840,"wikidata":"Q105313","area":96899,"src":"cliopatria","confidence":"medium"}},{"type":"Feature","geometry":{"type":"MultiPolygon","coordinates":[[[[46.3,42.04],[46.35,41.91],[46.74,41.85],[47.27,41.33],[47.72,41.2],[47.84,41.0],[47.72,40.81],[47.24,40.74],[46.8,40.94],[46.32,40.94],[46.06,40.81],[45.82,40.36],[45.46,40.55],[45.6,40.87],[45.3,41.0],[45.11,41.26],[43.58,41.13],[43.19,41.2],[42.86,41.59],[42.62,41.59],[42.44,41.46],[41.58,41.52],[41.59,41.59],[41.82,41.98],[41.74,41.98],[41.76,42.11],[41.6,42.11],[41.7,42.24],[41.48,42.37],[41.61,42.63],[41.12,43.02],[40.82,43.15],[40.42,43.15],[40.22,43.41],[39.98,43.41],[39.34,43.93],[39.35,43.99],[40.03,43.73],[40.29,43.8],[40.26,43.67],[40.4,43.54],[41.12,43.47],[41.1,43.41],[41.35,43.41],[41.71,43.21],[42.99,43.15],[43.42,42.89],[43.66,42.89],[43.85,42.63],[44.36,42.76],[44.74,42.69],[44.82,42.69],[45.23,42.69],[45.67,42.5],[45.72,42.37],[45.71,42.3],[45.75,42.11],[46.3,42.04]]],[[[39.28,44.06],[39.36,44.06],[39.35,43.99],[39.27,43.99],[39.19,43.99],[39.2,44.06],[39.28,44.06]]],[[[39.13,44.12],[39.21,44.12],[39.2,44.06],[39.12,44.06],[39.13,44.12]]],[[[39.06,44.19],[39.14,44.19],[39.13,44.12],[39.05,44.12],[39.06,44.19]]]]},"properties":{"id":"territory:Georgia:888","name":"Georgia","name_en":"Georgia","actor":"기타중립","valid_from":888,"valid_to":911,"wikidata":"Q4962","area":86639,"src":"cliopatria","confidence":"medium"}},{"type":"Feature","geometry":{"type":"Point","coordinates":[43.968,42.032]},"properties":{"id":"territory:Georgia:888:label","name":"Georgia","name_en":"Georgia","actor":"기타중립","valid_from":888,"valid_to":911,"wikidata":"Q4962","area":86639,"src":"cliopatria","confidence":"medium"}},{"type":"Feature","geometry":{"type":"MultiPolygon","coordinates":[[[[-7.53,52.12],[-7.61,52.12],[-7.65,52.38],[-7.4,52.45],[-7.02,52.12],[-7.53,52.12]]],[[[-6.43,52.18],[-6.77,52.18],[-6.79,52.32],[-6.79,52.38],[-6.56,52.59],[-6.31,52.59],[-6.28,52.38],[-6.43,52.18]]],[[[-8.38,52.72],[-8.44,52.52],[-8.6,52.45],[-8.68,52.45],[-8.95,52.52],[-8.91,52.86],[-8.57,52.86],[-8.38,52.72]]],[[[-6.1,52.99],[-6.28,52.99],[-6.47,53.19],[-6.81,53.12],[-6.84,53.39],[-6.53,53.6],[-6.54,53.66],[-6.19,53.66],[-6.09,53.53],[-6.24,53.39],[-6.1,52.99]]],[[[-4.8,54.27],[-4.81,54.34],[-4.38,54.41],[-4.36,54.21],[-4.86,54.07],[-4.8,54.27]]],[[[-5.57,55.57],[-5.55,55.36],[-5.89,55.29],[-5.92,55.5],[-5.76,55.63],[-5.78,55.77],[-5.44,55.84],[-5.43,55.77],[-5.16,55.77],[-5.12,55.43],[-5.38,55.43],[-5.57,55.57]]],[[[-5.87,55.84],[-6.13,55.77],[-6.19,55.57],[-6.36,55.57],[-6.38,55.7],[-6.63,55.63],[-6.51,55.98],[-6.07,55.98],[-5.91,56.11],[-5.92,56.18],[-5.74,56.18],[-5.72,55.98],[-5.89,55.98],[-5.87,55.84]]],[[[-4.93,56.05],[-4.93,55.98],[-5.0,55.84],[-5.35,55.84],[-5.36,55.91],[-5.3,56.11],[-4.93,56.05]]],[[[-5.99,56.66],[-5.88,56.52],[-5.7,56.52],[-5.68,56.39],[-5.94,56.32],[-6.03,56.32],[-6.29,56.32],[-6.23,56.52],[-6.34,56.66],[-5.99,56.66]]],[[[-7.25,57.42],[-7.23,57.28],[-7.32,57.28],[-7.29,57.08],[-7.47,57.08],[-7.6,57.35],[-7.25,57.42]]],[[[-5.81,57.28],[-5.78,57.08],[-6.04,57.01],[-6.06,57.14],[-6.41,57.14],[-6.62,57.35],[-6.8,57.35],[-6.74,57.56],[-6.47,57.56],[-6.48,57.63],[-6.5,57.77],[-6.22,57.7],[-6.09,57.35],[-5.81,57.28]]],[[[-7.11,57.63],[-7.44,57.49],[-7.56,57.7],[-7.12,57.7],[-7.11,57.63]]],[[[-6.39,58.18],[-6.52,57.9],[-7.13,57.77],[-7.07,57.97],[-7.28,58.18],[-6.85,58.32],[-6.76,58.32],[-6.79,58.46],[-6.26,58.53],[-6.21,58.18],[-6.39,58.18]]],[[[-5.2,58.67],[-3.04,58.67],[-3.02,58.53],[-3.43,58.18],[-4.12,57.97],[-4.11,57.9],[-5.26,57.83],[-5.46,57.97],[-5.47,58.04],[-5.42,58.32],[-5.24,58.32],[-5.26,58.46],[-5.17,58.46],[-5.2,58.67]]],[[[-3.38,59.22],[-3.2,59.22],[-3.09,59.09],[-2.81,59.02],[-2.79,58.88],[-2.97,58.88],[-3.06,58.88],[-3.42,58.81],[-3.53,59.02],[-3.44,59.02],[-3.38,59.22]]],[[[-6.71,61.41],[-6.99,61.48],[-7.02,61.62],[-6.74,61.62],[-6.72,61.48],[-6.71,61.41]]],[[[-6.66,62.26],[-6.69,61.9],[-6.79,61.9],[-7.28,62.05],[-7.32,62.33],[-6.96,62.4],[-6.77,62.33],[-6.66,62.26]]],[[[4.22,52.18],[4.22,52.32],[4.38,52.38],[4.45,52.72],[4.7,52.99],[4.87,52.96],[4.75,52.96],[4.58,52.48],[5.08,52.42],[5.03,52.62],[5.23,52.68],[5.23,52.65],[5.32,52.45],[5.15,52.45],[5.05,52.25],[5.06,52.35],[4.81,52.41],[4.8,52.42],[4.57,52.45],[4.06,51.99],[4.49,51.84],[4.5,51.78],[4.5,51.71],[4.24,51.71],[4.15,51.92],[3.98,51.92],[3.98,51.98],[4.22,52.18]]],[[[5.39,52.92],[5.39,52.99],[5.21,53.12],[5.8,53.46],[6.92,53.46],[6.91,53.6],[7.08,53.73],[7.94,53.73],[8.12,53.6],[8.29,53.66],[8.38,53.66],[8.47,53.39],[8.3,53.26],[7.18,53.06],[7.1,52.92],[6.85,52.92],[6.67,53.12],[6.5,53.12],[6.33,53.06],[6.33,52.86],[5.91,52.65],[5.65,52.65],[5.56,52.92],[5.39,52.92]]],[[[0.03,52.45],[0.02,52.52],[-0.06,52.52],[-0.07,52.59],[-0.25,52.65],[-0.26,52.79],[-0.52,52.86],[-0.53,52.99],[-0.71,53.06],[-0.72,53.19],[-1.09,53.53],[-1.29,53.8],[-1.32,54.07],[-1.06,54.07],[-0.59,53.73],[-0.59,53.66],[-0.67,53.66],[-0.67,53.6],[-0.49,53.53],[-0.29,53.19],[0.07,52.99],[0.08,52.92],[0.34,52.86],[0.41,52.99],[0.5,52.99],[0.78,52.72],[0.71,52.52],[0.12,52.38],[0.11,52.45],[0.03,52.45]]],[[[13.46,53.66],[13.38,53.66],[13.29,53.66],[13.29,53.72],[13.46,53.7],[13.46,53.66]]],[[[14.86,54.14],[15.03,54.14],[14.94,54.07],[15.02,53.8],[15.02,53.73],[14.75,53.6],[14.41,53.66],[14.51,54.0],[14.86,54.14]]],[[[13.68,53.94],[13.73,53.94],[13.82,53.94],[13.81,53.87],[13.77,53.87],[13.7,53.92],[13.68,53.94]]],[[[13.56,54.03],[13.48,54.09],[13.3,54.0],[13.27,53.73],[13.21,53.73],[13.04,53.8],[13.04,54.07],[13.3,54.21],[13.56,54.14],[13.56,54.03]]],[[[18.69,54.41],[19.21,54.41],[19.46,54.27],[19.37,54.27],[19.36,54.07],[19.09,54.0],[18.67,54.14],[18.69,54.41]]],[[[12.0,54.14],[12.09,54.34],[12.44,54.48],[12.79,54.41],[12.7,54.41],[12.78,54.14],[12.61,53.94],[12.17,53.94],[12.0,54.14]]],[[[13.66,54.48],[13.48,54.34],[13.23,54.55],[13.23,54.61],[13.23,54.75],[13.41,54.75],[13.66,54.61],[13.66,54.48]]],[[[39.69,57.9],[39.65,57.77],[39.83,57.77],[39.79,57.63],[40.04,57.56],[39.9,57.35],[39.72,57.35],[39.75,57.14],[39.49,57.14],[39.36,57.01],[39.11,57.08],[39.15,57.21],[38.97,57.21],[39.01,57.35],[38.92,57.35],[38.83,57.35],[38.9,57.63],[39.08,57.63],[39.33,57.9],[39.69,57.9]]],[[[40.41,58.6],[40.37,58.46],[40.55,58.46],[40.52,58.32],[40.77,58.25],[40.6,57.97],[40.44,58.04],[40.18,57.77],[39.83,57.77],[39.86,57.9],[39.69,57.9],[39.72,58.04],[39.54,58.04],[39.56,58.11],[39.58,58.18],[39.62,58.32],[39.8,58.32],[40.05,58.6],[40.41,58.6]]],[[[31.34,58.67],[31.29,58.39],[31.11,58.39],[30.88,58.11],[30.52,58.11],[30.54,58.25],[30.36,58.25],[30.39,58.39],[30.21,58.39],[30.26,58.67],[30.35,58.67],[30.44,58.67],[30.68,58.95],[31.04,58.95],[31.01,58.81],[31.34,58.67]]],[[[-2.56,59.22],[-2.65,59.22],[-2.64,59.16],[-2.83,59.16],[-2.84,59.29],[-2.58,59.36],[-2.56,59.22]]],[[[32.12,60.28],[31.9,59.64],[31.08,59.64],[30.84,59.78],[31.0,60.14],[31.38,60.21],[31.47,60.21],[31.45,60.14],[31.82,60.14],[31.86,60.35],[32.12,60.28]]],[[[-1.05,60.35],[-1.14,60.35],[-1.2,60.07],[-1.67,60.21],[-1.63,60.63],[-1.36,60.7],[-1.35,60.56],[-1.26,60.56],[-1.28,60.77],[-0.83,60.84],[-0.81,60.63],[-1.16,60.56],[-1.05,60.35]]],[[[37.35,60.7],[37.53,60.7],[37.46,60.42],[37.28,60.42],[37.02,60.14],[36.66,60.14],[36.69,60.28],[36.51,60.28],[36.54,60.42],[36.36,60.42],[36.43,60.7],[36.52,60.7],[36.62,60.7],[36.87,60.98],[37.24,60.98],[37.2,60.84],[37.39,60.84],[37.35,60.7]]]]},"properties":{"id":"territory:Viking settlements:866","name":"Viking settlements","name_en":"Viking settlements","actor":"기타중립","valid_from":866,"valid_to":870,"wikidata":"Q12567","area":83277,"src":"cliopatria","confidence":"medium"}},{"type":"Feature","geometry":{"type":"Point","coordinates":[6.823,53.266]},"properties":{"id":"territory:Viking settlements:866:label","name":"Viking settlements","name_en":"Viking settlements","actor":"기타중립","valid_from":866,"valid_to":870,"wikidata":"Q12567","area":83277,"src":"cliopatria","confidence":"medium"}},{"type":"Feature","geometry":{"type":"MultiPolygon","coordinates":[[[[-7.53,52.12],[-7.61,52.12],[-7.65,52.38],[-7.4,52.45],[-7.02,52.12],[-7.53,52.12]]],[[[-6.43,52.18],[-6.77,52.18],[-6.79,52.32],[-6.79,52.38],[-6.56,52.59],[-6.31,52.59],[-6.28,52.38],[-6.43,52.18]]],[[[-8.38,52.72],[-8.44,52.52],[-8.6,52.45],[-8.68,52.45],[-8.95,52.52],[-8.91,52.86],[-8.57,52.86],[-8.38,52.72]]],[[[-6.15,52.65],[-6.31,52.59],[-6.32,52.65],[-6.4,52.65],[-6.43,52.86],[-6.18,52.92],[-6.15,52.65]]],[[[-6.15,53.33],[-6.09,52.92],[-6.47,53.19],[-6.81,53.12],[-6.84,53.39],[-6.6,53.53],[-6.61,53.6],[-6.19,53.66],[-6.09,53.53],[-6.24,53.39],[-6.15,53.33]]],[[[-5.57,55.57],[-5.55,55.36],[-5.89,55.29],[-5.92,55.5],[-5.76,55.63],[-5.78,55.77],[-5.44,55.84],[-5.43,55.77],[-5.16,55.77],[-5.12,55.43],[-5.38,55.43],[-5.57,55.57]]],[[[-5.87,55.84],[-6.13,55.77],[-6.19,55.57],[-6.36,55.57],[-6.38,55.7],[-6.63,55.63],[-6.51,55.98],[-6.07,55.98],[-5.91,56.11],[-5.92,56.18],[-5.74,56.18],[-5.72,55.98],[-5.89,55.98],[-5.87,55.84]]],[[[-4.93,56.05],[-4.93,55.98],[-5.0,55.84],[-5.35,55.84],[-5.36,55.91],[-5.3,56.11],[-4.93,56.05]]],[[[-5.99,56.66],[-5.88,56.52],[-5.7,56.52],[-5.68,56.39],[-5.94,56.32],[-6.03,56.32],[-6.29,56.32],[-6.23,56.52],[-6.34,56.66],[-5.99,56.66]]],[[[-7.25,57.42],[-7.23,57.28],[-7.32,57.28],[-7.29,57.08],[-7.47,57.08],[-7.6,57.35],[-7.25,57.42]]],[[[-5.81,57.28],[-5.78,57.08],[-6.04,57.01],[-6.06,57.14],[-6.41,57.14],[-6.62,57.35],[-6.8,57.35],[-6.74,57.56],[-6.47,57.56],[-6.48,57.63],[-6.5,57.77],[-6.22,57.7],[-6.09,57.35],[-5.81,57.28]]],[[[-7.11,57.63],[-7.44,57.49],[-7.56,57.7],[-7.12,57.7],[-7.11,57.63]]],[[[-6.39,58.18],[-6.52,57.9],[-7.13,57.77],[-7.07,57.97],[-7.28,58.18],[-6.85,58.32],[-6.76,58.32],[-6.79,58.46],[-6.26,58.53],[-6.21,58.18],[-6.39,58.18]]],[[[-6.72,61.48],[-6.71,61.41],[-6.99,61.48],[-7.02,61.62],[-6.74,61.62],[-6.72,61.48]]],[[[-6.77,62.33],[-6.66,62.26],[-6.69,61.9],[-6.79,61.9],[-7.28,62.05],[-7.32,62.33],[-6.96,62.4],[-6.77,62.33]]],[[[-18.73,63.41],[-20.37,63.55],[-20.53,63.77],[-21.15,63.91],[-22.8,63.77],[-22.9,64.06],[-22.83,64.13],[-22.33,64.06],[-22.36,64.13],[-22.17,64.13],[-22.02,64.28],[-22.1,64.49],[-22.5,64.57],[-22.58,64.79],[-23.98,64.71],[-24.16,64.93],[-23.06,65.08],[-23.09,65.15],[-21.91,65.08],[-21.74,64.86],[-20.91,64.64],[-20.76,64.49],[-20.4,64.57],[-20.38,64.49],[-20.57,64.49],[-20.45,64.42],[-20.36,64.42],[-19.39,64.06],[-19.04,63.84],[-18.98,63.62],[-18.73,63.41]]],[[[-20.31,64.57],[-20.4,64.57],[-20.43,64.64],[-20.33,64.64],[-20.31,64.57]]],[[[-2.52,51.45],[-2.44,51.45],[-2.44,51.51],[-2.36,51.51],[-2.27,51.51],[-2.19,51.51],[-2.01,51.45],[-2.08,51.25],[-2.42,51.25],[-2.52,51.45]]],[[[4.7,52.99],[4.87,52.96],[4.75,52.96],[4.58,52.48],[5.08,52.42],[5.03,52.62],[5.23,52.68],[5.23,52.65],[5.32,52.45],[5.15,52.45],[5.05,52.25],[5.06,52.35],[4.81,52.41],[4.8,52.42],[4.57,52.45],[4.06,51.99],[4.49,51.84],[4.5,51.71],[4.24,51.71],[4.15,51.92],[3.98,51.92],[3.98,51.98],[4.22,52.18],[4.22,52.32],[4.38,52.38],[4.45,52.72],[4.7,52.99]]],[[[6.5,53.12],[6.33,53.06],[6.34,52.79],[6.08,52.79],[5.91,52.65],[5.65,52.65],[5.56,52.92],[5.39,52.92],[5.39,52.99],[5.21,53.12],[5.8,53.46],[6.92,53.46],[6.91,53.6],[7.08,53.73],[7.94,53.73],[8.12,53.6],[8.29,53.66],[8.38,53.66],[8.47,53.39],[8.3,53.26],[7.36,53.06],[7.27,53.06],[7.1,52.92],[6.85,52.92],[6.67,53.12],[6.5,53.12]]],[[[13.46,53.66],[13.38,53.66],[13.29,53.66],[13.29,53.72],[13.46,53.7],[13.46,53.66]]],[[[14.86,54.14],[15.03,54.14],[14.94,54.07],[15.02,53.8],[15.02,53.73],[14.75,53.6],[14.41,53.66],[14.51,54.0],[14.86,54.14]]],[[[13.68,53.94],[13.73,53.94],[13.82,53.94],[13.81,53.87],[13.77,53.87],[13.7,53.92],[13.68,53.94]]],[[[13.56,54.03],[13.48,54.09],[13.3,54.0],[13.27,53.73],[13.21,53.73],[13.04,53.8],[13.04,54.07],[13.3,54.21],[13.56,54.14],[13.56,54.03]]],[[[18.69,54.41],[19.21,54.41],[19.46,54.27],[19.37,54.27],[19.36,54.07],[19.09,54.0],[18.67,54.14],[18.69,54.41]]],[[[12.0,54.14],[12.09,54.34],[12.44,54.48],[12.79,54.41],[12.7,54.41],[12.78,54.14],[12.61,53.94],[12.17,53.94],[12.0,54.14]]],[[[-4.8,54.27],[-4.81,54.34],[-4.38,54.41],[-4.36,54.21],[-4.86,54.07],[-4.8,54.27]]],[[[13.66,54.48],[13.48,54.34],[13.23,54.55],[13.23,54.61],[13.23,54.75],[13.41,54.75],[13.66,54.61],[13.66,54.48]]],[[[39.69,57.9],[39.65,57.77],[39.83,57.77],[39.79,57.63],[40.04,57.56],[39.9,57.35],[39.72,57.35],[39.75,57.14],[39.49,57.14],[39.36,57.01],[39.11,57.08],[39.15,57.21],[38.97,57.21],[39.01,57.35],[38.92,57.35],[38.83,57.35],[38.9,57.63],[39.08,57.63],[39.33,57.9],[39.69,57.9]]],[[[40.41,58.6],[40.37,58.46],[40.55,58.46],[40.52,58.32],[40.77,58.25],[40.6,57.97],[40.44,58.04],[40.18,57.77],[39.83,57.77],[39.86,57.9],[39.69,57.9],[39.72,58.04],[39.54,58.04],[39.56,58.11],[39.58,58.18],[39.62,58.32],[39.8,58.32],[40.05,58.6],[40.41,58.6]]],[[[31.34,58.67],[31.29,58.39],[31.11,58.39],[30.88,58.11],[30.52,58.11],[30.54,58.25],[30.36,58.25],[30.39,58.39],[30.21,58.39],[30.26,58.67],[30.35,58.67],[30.44,58.67],[30.68,58.95],[31.04,58.95],[31.01,58.81],[31.34,58.67]]],[[[31.9,59.64],[31.08,59.64],[30.84,59.78],[31.0,60.14],[31.38,60.21],[31.47,60.21],[31.45,60.14],[31.82,60.14],[31.86,60.35],[32.12,60.28],[31.9,59.64]]],[[[37.35,60.7],[37.53,60.7],[37.46,60.42],[37.28,60.42],[37.02,60.14],[36.66,60.14],[36.69,60.28],[36.51,60.28],[36.54,60.42],[36.36,60.42],[36.43,60.7],[36.52,60.7],[36.62,60.7],[36.87,60.98],[37.24,60.98],[37.2,60.84],[37.39,60.84],[37.35,60.7]]]]},"properties":{"id":"territory:Viking settlements:878","name":"Viking settlements","name_en":"Viking settlements","actor":"기타중립","valid_from":878,"valid_to":880,"wikidata":"Q12567","area":82148,"src":"cliopatria","confidence":"medium"}},{"type":"Feature","geometry":{"type":"Point","coordinates":[-21.301,64.273]},"properties":{"id":"territory:Viking settlements:878:label","name":"Viking settlements","name_en":"Viking settlements","actor":"기타중립","valid_from":878,"valid_to":880,"wikidata":"Q12567","area":82148,"src":"cliopatria","confidence":"medium"}},{"type":"Feature","geometry":{"type":"MultiPolygon","coordinates":[[[[-7.53,52.12],[-7.61,52.12],[-7.65,52.38],[-7.4,52.45],[-7.02,52.12],[-7.53,52.12]]],[[[-6.43,52.18],[-6.77,52.18],[-6.79,52.32],[-6.79,52.38],[-6.56,52.59],[-6.31,52.59],[-6.28,52.38],[-6.43,52.18]]],[[[-8.38,52.72],[-8.44,52.52],[-8.6,52.45],[-8.68,52.45],[-8.95,52.52],[-8.91,52.86],[-8.57,52.86],[-8.38,52.72]]],[[[-6.15,52.65],[-6.31,52.59],[-6.32,52.65],[-6.4,52.65],[-6.43,52.86],[-6.18,52.92],[-6.15,52.65]]],[[[-6.15,53.33],[-6.09,52.92],[-6.47,53.19],[-6.81,53.12],[-6.84,53.39],[-6.6,53.53],[-6.61,53.6],[-6.19,53.66],[-6.09,53.53],[-6.24,53.39],[-6.15,53.33]]],[[[-5.57,55.57],[-5.55,55.36],[-5.89,55.29],[-5.92,55.5],[-5.76,55.63],[-5.78,55.77],[-5.44,55.84],[-5.43,55.77],[-5.16,55.77],[-5.12,55.43],[-5.38,55.43],[-5.57,55.57]]],[[[-5.87,55.84],[-6.13,55.77],[-6.19,55.57],[-6.36,55.57],[-6.38,55.7],[-6.63,55.63],[-6.51,55.98],[-6.07,55.98],[-5.91,56.11],[-5.92,56.18],[-5.74,56.18],[-5.72,55.98],[-5.89,55.98],[-5.87,55.84]]],[[[-5.99,56.66],[-5.88,56.52],[-5.7,56.52],[-5.68,56.39],[-5.94,56.32],[-6.03,56.32],[-6.29,56.32],[-6.23,56.52],[-6.34,56.66],[-5.99,56.66]]],[[[-7.25,57.42],[-7.23,57.28],[-7.32,57.28],[-7.29,57.08],[-7.47,57.08],[-7.6,57.35],[-7.25,57.42]]],[[[-5.81,57.28],[-5.78,57.08],[-6.04,57.01],[-6.06,57.14],[-6.41,57.14],[-6.62,57.35],[-6.8,57.35],[-6.74,57.56],[-6.47,57.56],[-6.48,57.63],[-6.5,57.77],[-6.22,57.7],[-6.09,57.35],[-5.81,57.28]]],[[[-7.11,57.63],[-7.44,57.49],[-7.56,57.7],[-7.12,57.7],[-7.11,57.63]]],[[[-6.39,58.18],[-6.52,57.9],[-7.13,57.77],[-7.07,57.97],[-7.28,58.18],[-6.85,58.32],[-6.76,58.32],[-6.79,58.46],[-6.26,58.53],[-6.21,58.18],[-6.39,58.18]]],[[[-6.72,61.48],[-6.71,61.41],[-6.99,61.48],[-7.02,61.62],[-6.74,61.62],[-6.72,61.48]]],[[[-6.77,62.33],[-6.66,62.26],[-6.69,61.9],[-6.79,61.9],[-7.28,62.05],[-7.32,62.33],[-6.96,62.4],[-6.77,62.33]]],[[[-18.73,63.41],[-20.37,63.55],[-20.53,63.77],[-21.15,63.91],[-22.8,63.77],[-22.9,64.06],[-22.83,64.13],[-22.33,64.06],[-22.36,64.13],[-22.17,64.13],[-22.02,64.28],[-22.1,64.49],[-22.5,64.57],[-22.58,64.79],[-23.98,64.71],[-24.16,64.93],[-23.06,65.08],[-23.09,65.15],[-21.91,65.08],[-21.74,64.86],[-20.91,64.64],[-20.76,64.49],[-20.4,64.57],[-20.38,64.49],[-20.57,64.49],[-20.45,64.42],[-20.36,64.42],[-19.39,64.06],[-19.04,63.84],[-18.98,63.62],[-18.73,63.41]]],[[[-20.31,64.57],[-20.4,64.57],[-20.43,64.64],[-20.33,64.64],[-20.31,64.57]]],[[[4.22,52.18],[4.22,52.32],[4.38,52.38],[4.45,52.72],[4.7,52.99],[4.87,52.96],[4.75,52.96],[4.58,52.48],[5.08,52.42],[5.03,52.62],[5.23,52.68],[5.23,52.65],[5.32,52.45],[5.15,52.45],[5.05,52.25],[5.06,52.35],[4.81,52.41],[4.8,52.42],[4.57,52.45],[4.06,51.99],[4.49,51.84],[4.5,51.78],[4.5,51.71],[4.24,51.71],[4.15,51.92],[3.98,51.92],[3.98,51.98],[4.22,52.18]]],[[[6.5,53.12],[6.33,53.06],[6.34,52.79],[6.08,52.79],[5.91,52.65],[5.65,52.65],[5.56,52.92],[5.39,52.92],[5.39,52.99],[5.21,53.12],[5.8,53.46],[6.92,53.46],[6.91,53.6],[7.08,53.73],[7.94,53.73],[8.12,53.6],[8.29,53.66],[8.38,53.66],[8.47,53.39],[8.3,53.26],[7.36,53.06],[7.27,53.06],[7.1,52.92],[6.85,52.92],[6.67,53.12],[6.5,53.12]]],[[[13.46,53.66],[13.38,53.66],[13.29,53.66],[13.29,53.72],[13.46,53.7],[13.46,53.66]]],[[[14.86,54.14],[15.03,54.14],[14.94,54.07],[15.02,53.8],[15.02,53.73],[14.75,53.6],[14.41,53.66],[14.51,54.0],[14.86,54.14]]],[[[13.68,53.94],[13.73,53.94],[13.82,53.94],[13.81,53.87],[13.77,53.87],[13.7,53.92],[13.68,53.94]]],[[[13.56,54.03],[13.48,54.09],[13.3,54.0],[13.27,53.73],[13.21,53.73],[13.04,53.8],[13.04,54.07],[13.3,54.21],[13.56,54.14],[13.56,54.03]]],[[[18.69,54.41],[19.21,54.41],[19.46,54.27],[19.37,54.27],[19.36,54.07],[19.09,54.0],[18.67,54.14],[18.69,54.41]]],[[[12.0,54.14],[12.09,54.34],[12.44,54.48],[12.79,54.41],[12.7,54.41],[12.78,54.14],[12.61,53.94],[12.17,53.94],[12.0,54.14]]],[[[-4.8,54.27],[-4.81,54.34],[-4.38,54.41],[-4.36,54.21],[-4.86,54.07],[-4.8,54.27]]],[[[13.66,54.48],[13.48,54.34],[13.23,54.55],[13.23,54.61],[13.23,54.75],[13.41,54.75],[13.66,54.61],[13.66,54.48]]],[[[-4.93,56.05],[-4.93,55.98],[-5.0,55.84],[-5.35,55.84],[-5.36,55.91],[-5.3,56.11],[-4.93,56.05]]],[[[39.83,57.77],[39.79,57.63],[39.97,57.63],[39.9,57.35],[39.72,57.35],[39.68,57.21],[39.38,57.08],[39.11,57.08],[39.15,57.21],[38.97,57.21],[39.01,57.35],[38.83,57.35],[38.9,57.63],[38.99,57.63],[39.08,57.63],[39.33,57.9],[39.69,57.9],[39.65,57.77],[39.83,57.77]]],[[[40.55,58.46],[40.52,58.32],[40.7,58.32],[40.64,58.11],[40.44,58.04],[40.4,57.9],[40.22,57.9],[40.18,57.77],[39.83,57.77],[39.86,57.9],[39.69,57.9],[39.72,58.04],[39.54,58.04],[39.62,58.32],[39.71,58.32],[39.8,58.32],[40.05,58.6],[40.41,58.6],[40.37,58.46],[40.55,58.46]]],[[[31.01,58.81],[31.34,58.67],[31.29,58.39],[31.11,58.39],[30.88,58.11],[30.52,58.11],[30.54,58.25],[30.36,58.25],[30.39,58.39],[30.22,58.46],[30.24,58.53],[30.26,58.67],[30.65,58.81],[30.68,58.95],[31.04,58.95],[31.01,58.81]]],[[[31.9,59.64],[31.08,59.64],[30.84,59.78],[30.85,59.85],[30.87,59.92],[30.96,59.92],[30.97,60.0],[30.98,60.07],[31.0,60.14],[31.09,60.14],[31.1,60.21],[31.82,60.14],[31.86,60.35],[31.95,60.35],[32.12,60.28],[31.9,59.64]]],[[[37.2,60.84],[37.39,60.84],[37.35,60.7],[37.53,60.7],[37.46,60.42],[37.28,60.42],[37.02,60.14],[36.66,60.14],[36.69,60.28],[36.51,60.28],[36.54,60.42],[36.36,60.42],[36.38,60.49],[36.43,60.7],[36.84,60.84],[36.87,60.98],[37.24,60.98],[37.2,60.84]]]]},"properties":{"id":"territory:Viking settlements:880","name":"Viking settlements","name_en":"Viking settlements","actor":"기타중립","valid_from":880,"valid_to":882,"wikidata":"Q12567","area":80966,"src":"cliopatria","confidence":"medium"}},{"type":"Feature","geometry":{"type":"Point","coordinates":[-21.301,64.273]},"properties":{"id":"territory:Viking settlements:880:label","name":"Viking settlements","name_en":"Viking settlements","actor":"기타중립","valid_from":880,"valid_to":882,"wikidata":"Q12567","area":80966,"src":"cliopatria","confidence":"medium"}},{"type":"Feature","geometry":{"type":"Polygon","coordinates":[[[-5.73,43.54],[-7.18,43.54],[-7.34,43.6],[-7.28,43.73],[-8.24,43.73],[-8.39,43.6],[-8.37,43.41],[-8.85,43.41],[-9.16,43.28],[-9.3,43.15],[-9.28,42.89],[-9.1,42.76],[-9.08,42.56],[-8.66,42.37],[-8.96,42.17],[-8.89,41.52],[-8.42,41.59],[-8.36,41.78],[-7.25,41.85],[-7.18,41.98],[-6.61,41.91],[-6.39,42.04],[-4.96,42.11],[-4.02,42.37],[-3.71,42.56],[-3.08,42.63],[-3.0,42.63],[-2.93,42.82],[-3.01,42.82],[-3.03,43.02],[-3.19,43.08],[-3.14,43.41],[-3.22,43.41],[-4.99,43.41],[-5.65,43.54],[-5.73,43.54]]]},"properties":{"id":"territory:Kingdom of Asturias:755","name":"Kingdom of Asturias","name_en":"Kingdom of Asturias","actor":"기타중립","valid_from":755,"valid_to":825,"wikidata":"Q231392","area":78715,"src":"cliopatria","confidence":"medium"}},{"type":"Feature","geometry":{"type":"Point","coordinates":[-6.464,42.768]},"properties":{"id":"territory:Kingdom of Asturias:755:label","name":"Kingdom of Asturias","name_en":"Kingdom of Asturias","actor":"기타중립","valid_from":755,"valid_to":825,"wikidata":"Q231392","area":78715,"src":"cliopatria","confidence":"medium"}},{"type":"Feature","geometry":{"type":"Polygon","coordinates":[[[7.47,43.8],[6.67,43.47],[6.6,43.28],[6.28,43.15],[5.8,43.15],[5.63,43.28],[5.39,43.28],[5.39,43.41],[5.06,43.47],[4.42,43.47],[4.34,43.47],[4.41,43.73],[4.57,43.73],[4.73,43.93],[4.48,44.12],[4.47,44.32],[4.22,44.39],[3.97,44.65],[3.96,44.91],[4.12,44.91],[4.36,45.1],[4.35,45.3],[3.94,45.37],[4.01,45.63],[3.93,45.63],[3.92,45.96],[4.33,45.96],[4.4,46.09],[4.65,46.09],[4.82,45.96],[5.04,46.41],[5.29,46.48],[5.19,46.81],[5.36,46.87],[5.7,46.28],[5.95,46.35],[6.12,46.22],[6.27,46.41],[6.68,46.41],[6.85,46.28],[6.94,45.89],[6.78,45.82],[6.78,45.69],[7.11,45.5],[7.12,45.3],[6.71,45.17],[6.64,44.97],[6.97,44.84],[6.97,44.65],[6.89,44.65],[6.98,44.25],[7.3,44.12],[7.63,44.19],[7.55,43.8],[7.47,43.8]]]},"properties":{"id":"territory:Lower Burgundy:880","name":"Lower Burgundy","name_en":"Lower Burgundy","actor":"게르만","valid_from":880,"valid_to":882,"wikidata":"Q33242","area":72811,"src":"cliopatria","confidence":"medium"}},{"type":"Feature","geometry":{"type":"Point","coordinates":[5.662,44.845]},"properties":{"id":"territory:Lower Burgundy:880:label","name":"Lower Burgundy","name_en":"Lower Burgundy","actor":"게르만","valid_from":880,"valid_to":882,"wikidata":"Q33242","area":72811,"src":"cliopatria","confidence":"medium"}},{"type":"Feature","geometry":{"type":"MultiPolygon","coordinates":[[[[-7.53,52.12],[-7.61,52.12],[-7.65,52.38],[-7.4,52.45],[-7.02,52.12],[-7.53,52.12]]],[[[-6.43,52.18],[-6.77,52.18],[-6.79,52.32],[-6.79,52.38],[-6.56,52.59],[-6.31,52.59],[-6.28,52.38],[-6.43,52.18]]],[[[-8.38,52.72],[-8.44,52.52],[-8.6,52.45],[-8.68,52.45],[-8.95,52.52],[-8.91,52.86],[-8.57,52.86],[-8.38,52.72]]],[[[-6.1,52.99],[-6.28,52.99],[-6.47,53.19],[-6.81,53.12],[-6.84,53.39],[-6.53,53.6],[-6.54,53.66],[-6.19,53.66],[-6.09,53.53],[-6.24,53.39],[-6.1,52.99]]],[[[-4.8,54.27],[-4.81,54.34],[-4.38,54.41],[-4.36,54.21],[-4.86,54.07],[-4.8,54.27]]],[[[-5.57,55.57],[-5.55,55.36],[-5.89,55.29],[-5.92,55.5],[-5.76,55.63],[-5.78,55.77],[-5.44,55.84],[-5.43,55.77],[-5.16,55.77],[-5.12,55.43],[-5.38,55.43],[-5.57,55.57]]],[[[-5.87,55.84],[-6.13,55.77],[-6.19,55.57],[-6.36,55.57],[-6.38,55.7],[-6.63,55.63],[-6.51,55.98],[-6.07,55.98],[-5.91,56.11],[-5.92,56.18],[-5.74,56.18],[-5.72,55.98],[-5.89,55.98],[-5.87,55.84]]],[[[-4.93,56.05],[-4.93,55.98],[-5.0,55.84],[-5.35,55.84],[-5.36,55.91],[-5.3,56.11],[-4.93,56.05]]],[[[-5.99,56.66],[-5.88,56.52],[-5.7,56.52],[-5.68,56.39],[-5.94,56.32],[-6.03,56.32],[-6.29,56.32],[-6.23,56.52],[-6.34,56.66],[-5.99,56.66]]],[[[-7.25,57.42],[-7.23,57.28],[-7.32,57.28],[-7.29,57.08],[-7.47,57.08],[-7.6,57.35],[-7.25,57.42]]],[[[-5.81,57.28],[-5.78,57.08],[-6.04,57.01],[-6.06,57.14],[-6.41,57.14],[-6.62,57.35],[-6.8,57.35],[-6.74,57.56],[-6.47,57.56],[-6.48,57.63],[-6.5,57.77],[-6.22,57.7],[-6.09,57.35],[-5.81,57.28]]],[[[-7.11,57.63],[-7.44,57.49],[-7.56,57.7],[-7.12,57.7],[-7.11,57.63]]],[[[-6.39,58.18],[-6.52,57.9],[-7.13,57.77],[-7.07,57.97],[-7.28,58.18],[-6.85,58.32],[-6.76,58.32],[-6.79,58.46],[-6.26,58.53],[-6.21,58.18],[-6.39,58.18]]],[[[-5.2,58.67],[-3.04,58.67],[-3.02,58.53],[-3.43,58.18],[-4.12,57.97],[-4.11,57.9],[-5.26,57.83],[-5.46,57.97],[-5.47,58.04],[-5.42,58.32],[-5.24,58.32],[-5.26,58.46],[-5.17,58.46],[-5.2,58.67]]],[[[-6.72,61.48],[-6.71,61.41],[-6.99,61.48],[-7.02,61.62],[-6.74,61.62],[-6.72,61.48]]],[[[-6.77,62.33],[-6.66,62.26],[-6.69,61.9],[-6.79,61.9],[-7.28,62.05],[-7.32,62.33],[-6.96,62.4],[-6.77,62.33]]],[[[4.22,52.18],[4.22,52.32],[4.38,52.38],[4.45,52.72],[4.7,52.99],[4.87,52.96],[4.75,52.96],[4.58,52.48],[5.08,52.42],[5.03,52.62],[5.23,52.68],[5.23,52.65],[5.32,52.45],[5.15,52.45],[5.05,52.25],[5.06,52.35],[4.81,52.41],[4.8,52.42],[4.57,52.45],[4.06,51.99],[4.49,51.84],[4.5,51.78],[4.5,51.71],[4.24,51.71],[4.15,51.92],[3.98,51.92],[3.98,51.98],[4.22,52.18]]],[[[5.39,52.92],[5.39,52.99],[5.21,53.12],[5.8,53.46],[6.92,53.46],[6.91,53.6],[7.08,53.73],[7.94,53.73],[8.12,53.6],[8.29,53.66],[8.38,53.66],[8.47,53.39],[8.3,53.26],[7.18,53.06],[7.1,52.92],[6.85,52.92],[6.67,53.12],[6.5,53.12],[6.33,53.06],[6.33,52.86],[5.91,52.65],[5.65,52.65],[5.56,52.92],[5.39,52.92]]],[[[13.46,53.66],[13.38,53.66],[13.29,53.66],[13.29,53.72],[13.46,53.7],[13.46,53.66]]],[[[14.86,54.14],[15.03,54.14],[14.94,54.07],[15.02,53.8],[15.02,53.73],[14.75,53.6],[14.41,53.66],[14.51,54.0],[14.86,54.14]]],[[[13.68,53.94],[13.73,53.94],[13.82,53.94],[13.81,53.87],[13.77,53.87],[13.7,53.92],[13.68,53.94]]],[[[13.56,54.03],[13.48,54.09],[13.3,54.0],[13.27,53.73],[13.21,53.73],[13.04,53.8],[13.04,54.07],[13.3,54.21],[13.56,54.14],[13.56,54.03]]],[[[18.69,54.41],[19.21,54.41],[19.46,54.27],[19.37,54.27],[19.36,54.07],[19.09,54.0],[18.67,54.14],[18.69,54.41]]],[[[12.0,54.14],[12.09,54.34],[12.44,54.48],[12.79,54.41],[12.7,54.41],[12.78,54.14],[12.61,53.94],[12.17,53.94],[12.0,54.14]]],[[[13.66,54.48],[13.48,54.34],[13.23,54.55],[13.23,54.61],[13.23,54.75],[13.41,54.75],[13.66,54.61],[13.66,54.48]]],[[[39.69,57.9],[39.65,57.77],[39.83,57.77],[39.79,57.63],[40.04,57.56],[39.9,57.35],[39.72,57.35],[39.75,57.14],[39.49,57.14],[39.36,57.01],[39.11,57.08],[39.15,57.21],[38.97,57.21],[39.01,57.35],[38.92,57.35],[38.83,57.35],[38.9,57.63],[39.08,57.63],[39.33,57.9],[39.69,57.9]]],[[[40.41,58.6],[40.37,58.46],[40.55,58.46],[40.52,58.32],[40.77,58.25],[40.6,57.97],[40.44,58.04],[40.18,57.77],[39.83,57.77],[39.86,57.9],[39.69,57.9],[39.72,58.04],[39.54,58.04],[39.56,58.11],[39.58,58.18],[39.62,58.32],[39.8,58.32],[40.05,58.6],[40.41,58.6]]],[[[31.34,58.67],[31.29,58.39],[31.11,58.39],[30.88,58.11],[30.52,58.11],[30.54,58.25],[30.36,58.25],[30.39,58.39],[30.21,58.39],[30.26,58.67],[30.35,58.67],[30.44,58.67],[30.68,58.95],[31.04,58.95],[31.01,58.81],[31.34,58.67]]],[[[-3.38,59.22],[-3.2,59.22],[-3.09,59.09],[-2.81,59.02],[-2.79,58.88],[-2.97,58.88],[-3.06,58.88],[-3.42,58.81],[-3.53,59.02],[-3.44,59.02],[-3.38,59.22]]],[[[-2.56,59.22],[-2.65,59.22],[-2.64,59.16],[-2.83,59.16],[-2.84,59.29],[-2.58,59.36],[-2.56,59.22]]],[[[32.12,60.28],[31.9,59.64],[31.08,59.64],[30.84,59.78],[31.0,60.14],[31.38,60.21],[31.47,60.21],[31.45,60.14],[31.82,60.14],[31.86,60.35],[32.12,60.28]]],[[[-1.16,60.56],[-1.05,60.35],[-1.14,60.35],[-1.2,60.07],[-1.67,60.21],[-1.63,60.63],[-1.36,60.7],[-1.35,60.56],[-1.26,60.56],[-1.28,60.77],[-0.83,60.84],[-0.81,60.63],[-1.16,60.56]]]]},"properties":{"id":"territory:Viking settlements:860","name":"Viking settlements","name_en":"Viking settlements","actor":"기타중립","valid_from":860,"valid_to":866,"wikidata":"Q12567","area":71734,"src":"cliopatria","confidence":"medium"}},{"type":"Feature","geometry":{"type":"Point","coordinates":[6.823,53.266]},"properties":{"id":"territory:Viking settlements:860:label","name":"Viking settlements","name_en":"Viking settlements","actor":"기타중립","valid_from":860,"valid_to":866,"wikidata":"Q12567","area":71734,"src":"cliopatria","confidence":"medium"}},{"type":"Feature","geometry":{"type":"Polygon","coordinates":[[[6.7,45.89],[5.8,45.96],[5.61,46.55],[5.36,46.87],[5.03,46.74],[4.88,46.35],[4.57,46.09],[4.23,46.28],[4.23,46.41],[3.98,46.35],[4.08,46.02],[3.92,45.96],[3.93,45.63],[4.01,45.63],[3.94,45.37],[4.27,45.37],[4.36,45.1],[4.12,44.91],[3.96,44.91],[3.97,44.65],[4.22,44.39],[4.47,44.32],[4.48,44.12],[4.73,43.93],[4.57,43.73],[4.41,43.73],[4.34,43.47],[4.42,43.47],[5.06,43.47],[5.39,43.41],[5.39,43.28],[5.63,43.28],[5.8,43.15],[6.28,43.15],[6.6,43.28],[6.67,43.47],[7.47,43.8],[7.55,43.8],[7.63,44.19],[7.3,44.12],[6.98,44.25],[6.89,44.65],[6.97,44.65],[6.97,44.84],[6.64,44.97],[6.63,45.1],[7.04,45.24],[7.11,45.43],[6.7,45.89]]]},"properties":{"id":"territory:Lower Burgundy:887","name":"Lower Burgundy","name_en":"Lower Burgundy","actor":"게르만","valid_from":887,"valid_to":888,"wikidata":"Q33242","area":71379,"src":"cliopatria","confidence":"medium"}},{"type":"Feature","geometry":{"type":"Polygon","coordinates":[[[7.04,45.24],[6.63,45.1],[6.64,44.97],[6.97,44.84],[6.97,44.65],[6.89,44.65],[6.98,44.25],[7.3,44.12],[7.63,44.19],[7.55,43.8],[7.47,43.8],[6.67,43.47],[6.6,43.28],[6.28,43.15],[5.8,43.15],[5.63,43.28],[5.39,43.28],[5.39,43.41],[5.06,43.47],[4.42,43.47],[4.34,43.47],[4.41,43.73],[4.57,43.73],[4.73,43.93],[4.48,44.12],[4.47,44.32],[4.22,44.39],[3.97,44.65],[3.96,44.91],[4.12,44.91],[4.36,45.1],[4.27,45.37],[3.94,45.37],[4.01,45.63],[3.93,45.63],[3.92,45.96],[4.08,46.02],[3.98,46.35],[4.23,46.41],[4.23,46.28],[4.57,46.09],[4.88,46.35],[5.03,46.74],[5.36,46.87],[5.61,46.55],[5.8,45.96],[6.7,45.89],[7.11,45.43],[7.04,45.24]]]},"properties":{"id":"territory:Lower Burgundy:896","name":"Lower Burgundy","name_en":"Lower Burgundy","actor":"게르만","valid_from":896,"valid_to":900,"wikidata":"Q33242","area":71379,"src":"cliopatria","confidence":"medium"}},{"type":"Feature","geometry":{"type":"Point","coordinates":[5.581,44.826]},"properties":{"id":"territory:Lower Burgundy:887:label","name":"Lower Burgundy","name_en":"Lower Burgundy","actor":"게르만","valid_from":887,"valid_to":888,"wikidata":"Q33242","area":71379,"src":"cliopatria","confidence":"medium"}},{"type":"Feature","geometry":{"type":"Point","coordinates":[5.581,44.826]},"properties":{"id":"territory:Lower Burgundy:896:label","name":"Lower Burgundy","name_en":"Lower Burgundy","actor":"게르만","valid_from":896,"valid_to":900,"wikidata":"Q33242","area":71379,"src":"cliopatria","confidence":"medium"}},{"type":"Feature","geometry":{"type":"Polygon","coordinates":[[[6.7,45.89],[5.8,45.96],[5.61,46.55],[5.36,46.87],[5.03,46.74],[4.88,46.35],[4.57,46.09],[4.23,46.28],[4.23,46.41],[3.98,46.35],[4.08,46.02],[3.92,45.96],[3.93,45.63],[4.01,45.63],[4.02,45.43],[3.94,45.43],[4.35,45.3],[4.36,45.1],[4.12,44.91],[3.96,44.91],[3.97,44.65],[4.22,44.39],[4.47,44.32],[4.48,44.12],[4.73,43.93],[4.57,43.73],[4.41,43.73],[4.34,43.47],[4.42,43.47],[5.06,43.47],[5.39,43.41],[5.39,43.28],[5.63,43.28],[5.8,43.15],[6.28,43.15],[6.6,43.28],[6.67,43.47],[7.47,43.8],[7.55,43.8],[7.63,44.19],[7.3,44.12],[6.98,44.25],[6.89,44.65],[6.97,44.65],[6.97,44.84],[6.64,44.97],[6.63,45.1],[7.04,45.24],[7.11,45.43],[6.7,45.89]]]},"properties":{"id":"territory:Lower Burgundy:888","name":"Lower Burgundy","name_en":"Lower Burgundy","actor":"게르만","valid_from":888,"valid_to":896,"wikidata":"Q33242","area":71239,"src":"cliopatria","confidence":"medium"}},{"type":"Feature","geometry":{"type":"Point","coordinates":[5.584,44.825]},"properties":{"id":"territory:Lower Burgundy:888:label","name":"Lower Burgundy","name_en":"Lower Burgundy","actor":"게르만","valid_from":888,"valid_to":896,"wikidata":"Q33242","area":71239,"src":"cliopatria","confidence":"medium"}},{"type":"Feature","geometry":{"type":"Polygon","coordinates":[[[1.01,53.06],[0.49,53.06],[0.34,52.86],[0.17,52.86],[0.07,52.99],[0.32,53.12],[0.3,53.39],[0.02,53.6],[0.02,53.66],[-0.68,53.73],[-0.75,53.53],[-1.09,53.53],[-1.16,53.33],[-1.33,53.33],[-1.7,53.6],[-2.54,53.33],[-2.88,53.33],[-3.15,53.46],[-3.24,53.46],[-3.32,53.46],[-3.32,53.39],[-3.4,53.39],[-3.49,53.39],[-3.27,52.99],[-3.07,52.72],[-3.14,52.52],[-3.04,52.38],[-2.87,52.38],[-2.93,52.12],[-2.92,52.05],[-2.91,51.98],[-2.83,51.98],[-2.82,51.92],[-2.64,51.78],[-2.7,51.58],[-2.35,51.38],[-2.11,51.58],[-2.12,51.71],[-1.36,51.78],[-1.26,51.58],[-0.84,51.65],[-0.75,51.51],[0.02,51.51],[-0.06,51.45],[0.05,51.11],[-1.15,51.25],[-1.47,51.05],[-1.37,50.85],[-1.28,50.85],[0.49,50.78],[1.39,51.18],[1.38,51.38],[1.21,51.45],[0.53,51.45],[0.86,51.51],[0.84,51.78],[1.18,51.78],[1.17,51.98],[1.43,51.98],[1.74,52.38],[1.62,52.86],[1.09,53.06],[1.01,53.06]]]},"properties":{"id":"territory:Kingdom of Mercia:806","name":"Kingdom of Mercia","name_en":"Kingdom of Mercia","actor":"기타중립","valid_from":806,"valid_to":825,"wikidata":"Q105092","area":70901,"src":"cliopatria","confidence":"medium"}},{"type":"Feature","geometry":{"type":"Point","coordinates":[-0.74,52.339]},"properties":{"id":"territory:Kingdom of Mercia:806:label","name":"Kingdom of Mercia","name_en":"Kingdom of Mercia","actor":"기타중립","valid_from":806,"valid_to":825,"wikidata":"Q105092","area":70901,"src":"cliopatria","confidence":"medium"}},{"type":"Feature","geometry":{"type":"MultiPolygon","coordinates":[[[[-8.57,52.86],[-8.38,52.72],[-8.44,52.52],[-8.6,52.45],[-8.68,52.45],[-8.95,52.52],[-8.91,52.86],[-8.57,52.86]]],[[[-6.1,52.99],[-6.28,52.99],[-6.47,53.19],[-6.81,53.12],[-6.84,53.39],[-6.53,53.6],[-6.54,53.66],[-6.19,53.66],[-6.09,53.53],[-6.24,53.39],[-6.1,52.99]]],[[[-4.8,54.27],[-4.81,54.34],[-4.38,54.41],[-4.36,54.21],[-4.86,54.07],[-4.8,54.27]]],[[[-5.57,55.57],[-5.55,55.36],[-5.89,55.29],[-5.92,55.5],[-5.76,55.63],[-5.78,55.77],[-5.44,55.84],[-5.43,55.77],[-5.16,55.77],[-5.12,55.43],[-5.38,55.43],[-5.57,55.57]]],[[[-5.87,55.84],[-6.13,55.77],[-6.19,55.57],[-6.36,55.57],[-6.38,55.7],[-6.63,55.63],[-6.51,55.98],[-6.07,55.98],[-5.91,56.11],[-5.92,56.18],[-5.74,56.18],[-5.72,55.98],[-5.89,55.98],[-5.87,55.84]]],[[[-4.93,56.05],[-4.93,55.98],[-5.0,55.84],[-5.35,55.84],[-5.36,55.91],[-5.3,56.11],[-4.93,56.05]]],[[[-5.99,56.66],[-5.88,56.52],[-5.7,56.52],[-5.68,56.39],[-5.94,56.32],[-6.03,56.32],[-6.29,56.32],[-6.23,56.52],[-6.34,56.66],[-5.99,56.66]]],[[[-7.25,57.42],[-7.23,57.28],[-7.32,57.28],[-7.29,57.08],[-7.47,57.08],[-7.6,57.35],[-7.25,57.42]]],[[[-5.81,57.28],[-5.78,57.08],[-6.04,57.01],[-6.06,57.14],[-6.41,57.14],[-6.62,57.35],[-6.8,57.35],[-6.74,57.56],[-6.47,57.56],[-6.48,57.63],[-6.5,57.77],[-6.22,57.7],[-6.09,57.35],[-5.81,57.28]]],[[[-7.11,57.63],[-7.44,57.49],[-7.56,57.7],[-7.12,57.7],[-7.11,57.63]]],[[[-6.39,58.18],[-6.52,57.9],[-7.13,57.77],[-7.07,57.97],[-7.28,58.18],[-6.85,58.32],[-6.76,58.32],[-6.79,58.46],[-6.26,58.53],[-6.21,58.18],[-6.39,58.18]]],[[[-5.2,58.67],[-3.04,58.67],[-3.02,58.53],[-3.43,58.18],[-4.12,57.97],[-4.11,57.9],[-5.26,57.83],[-5.46,57.97],[-5.47,58.04],[-5.42,58.32],[-5.24,58.32],[-5.26,58.46],[-5.17,58.46],[-5.2,58.67]]],[[[-3.38,59.22],[-3.2,59.22],[-3.09,59.09],[-2.81,59.02],[-2.79,58.88],[-2.97,58.88],[-3.06,58.88],[-3.42,58.81],[-3.53,59.02],[-3.44,59.02],[-3.38,59.22]]],[[[-2.56,59.22],[-2.65,59.22],[-2.64,59.16],[-2.83,59.16],[-2.84,59.29],[-2.58,59.36],[-2.56,59.22]]],[[[-6.72,61.48],[-6.71,61.41],[-6.99,61.48],[-7.02,61.62],[-6.74,61.62],[-6.72,61.48]]],[[[-6.77,62.33],[-6.66,62.26],[-6.69,61.9],[-6.79,61.9],[-7.28,62.05],[-7.32,62.33],[-6.96,62.4],[-6.77,62.33]]],[[[-1.39,43.67],[-1.22,43.6],[-1.21,43.47],[-1.44,43.28],[-1.52,43.28],[-1.53,43.34],[-1.53,43.41],[-1.61,43.41],[-1.62,43.47],[-1.54,43.47],[-1.54,43.54],[-1.46,43.54],[-1.46,43.6],[-1.47,43.67],[-1.39,43.67]]],[[[-0.67,45.04],[-0.42,44.91],[-0.4,44.65],[-0.73,44.71],[-0.82,44.84],[-1.23,44.84],[-1.23,44.91],[-1.24,44.97],[-1.24,45.04],[-1.25,45.1],[-1.25,45.17],[-1.17,45.17],[-1.19,45.43],[-1.03,45.5],[-1.04,45.56],[-0.78,45.37],[-0.67,45.04]]],[[[4.7,52.99],[4.87,52.96],[4.75,52.96],[4.58,52.48],[5.08,52.42],[5.03,52.62],[5.23,52.68],[5.23,52.65],[5.32,52.45],[5.15,52.45],[5.05,52.25],[5.06,52.35],[4.81,52.41],[4.8,52.42],[4.57,52.45],[4.06,51.99],[4.49,51.84],[4.5,51.71],[4.24,51.71],[4.15,51.92],[3.98,51.92],[3.98,51.98],[4.22,52.18],[4.22,52.32],[4.38,52.38],[4.45,52.72],[4.7,52.99]]],[[[7.08,53.73],[7.94,53.73],[8.12,53.6],[8.29,53.66],[8.38,53.66],[8.47,53.39],[8.3,53.26],[7.18,53.06],[7.1,52.92],[6.85,52.92],[6.67,53.12],[6.5,53.12],[6.33,53.06],[6.33,52.86],[5.91,52.65],[5.65,52.65],[5.56,52.92],[5.39,52.92],[5.39,52.99],[5.21,53.12],[5.8,53.46],[6.92,53.46],[6.91,53.6],[7.08,53.73]]],[[[13.46,53.66],[13.38,53.66],[13.29,53.66],[13.29,53.72],[13.46,53.7],[13.46,53.66]]],[[[14.86,54.14],[15.03,54.14],[14.94,54.07],[15.02,53.8],[15.02,53.73],[14.75,53.6],[14.41,53.66],[14.51,54.0],[14.86,54.14]]],[[[13.68,53.94],[13.73,53.94],[13.82,53.94],[13.81,53.87],[13.77,53.87],[13.7,53.92],[13.68,53.94]]],[[[13.56,54.03],[13.48,54.09],[13.3,54.0],[13.27,53.73],[13.21,53.73],[13.04,53.8],[13.04,54.07],[13.3,54.21],[13.56,54.14],[13.56,54.03]]],[[[18.69,54.41],[19.21,54.41],[19.46,54.27],[19.37,54.27],[19.36,54.07],[19.09,54.0],[18.67,54.14],[18.69,54.41]]],[[[12.0,54.14],[12.09,54.34],[12.44,54.48],[12.79,54.41],[12.7,54.41],[12.78,54.14],[12.61,53.94],[12.17,53.94],[12.0,54.14]]],[[[13.66,54.48],[13.48,54.34],[13.23,54.55],[13.23,54.61],[13.23,54.75],[13.41,54.75],[13.66,54.61],[13.66,54.48]]],[[[39.69,57.9],[39.65,57.77],[39.83,57.77],[39.79,57.63],[40.04,57.56],[39.9,57.35],[39.72,57.35],[39.75,57.14],[39.49,57.14],[39.36,57.01],[39.11,57.08],[39.15,57.21],[38.97,57.21],[39.01,57.35],[38.92,57.35],[38.83,57.35],[38.9,57.63],[39.08,57.63],[39.33,57.9],[39.69,57.9]]],[[[40.41,58.6],[40.37,58.46],[40.55,58.46],[40.52,58.32],[40.77,58.25],[40.6,57.97],[40.44,58.04],[40.18,57.77],[39.83,57.77],[39.86,57.9],[39.69,57.9],[39.72,58.04],[39.54,58.04],[39.56,58.11],[39.58,58.18],[39.62,58.32],[39.8,58.32],[40.05,58.6],[40.41,58.6]]],[[[32.12,60.28],[31.9,59.64],[31.08,59.64],[30.84,59.78],[31.0,60.14],[31.38,60.21],[31.47,60.21],[31.45,60.14],[31.82,60.14],[31.86,60.35],[32.12,60.28]]],[[[-1.16,60.56],[-1.05,60.35],[-1.14,60.35],[-1.2,60.07],[-1.67,60.21],[-1.63,60.63],[-1.36,60.7],[-1.35,60.56],[-1.26,60.56],[-1.28,60.77],[-0.83,60.84],[-0.81,60.63],[-1.16,60.56]]]]},"properties":{"id":"territory:Viking settlements:850","name":"Viking settlements","name_en":"Viking settlements","actor":"기타중립","valid_from":850,"valid_to":860,"wikidata":"Q12567","area":69895,"src":"cliopatria","confidence":"medium"}},{"type":"Feature","geometry":{"type":"Point","coordinates":[6.823,53.266]},"properties":{"id":"territory:Viking settlements:850:label","name":"Viking settlements","name_en":"Viking settlements","actor":"기타중립","valid_from":850,"valid_to":860,"wikidata":"Q12567","area":69895,"src":"cliopatria","confidence":"medium"}},{"type":"Feature","geometry":{"type":"MultiPolygon","coordinates":[[[[51.21,25.42],[51.13,25.42],[51.14,25.49],[51.21,25.49],[51.21,25.42]]],[[[50.65,25.87],[50.43,25.94],[50.46,26.26],[50.69,26.26],[50.67,26.13],[50.67,26.07],[50.65,25.87]]],[[[48.87,27.67],[49.24,27.61],[49.36,27.29],[50.13,26.77],[50.12,26.58],[50.25,26.45],[50.22,26.13],[50.07,26.07],[50.21,26.0],[50.33,25.62],[50.61,25.42],[50.65,25.1],[50.73,25.1],[50.77,25.55],[50.92,25.62],[50.95,25.94],[51.12,26.13],[51.42,26.13],[51.7,25.87],[51.57,25.36],[51.72,25.29],[51.69,24.97],[51.52,24.78],[51.41,24.33],[51.85,24.26],[51.91,24.01],[52.28,24.01],[52.6,24.26],[53.11,24.14],[54.08,24.14],[54.1,24.33],[54.32,24.26],[54.56,24.46],[54.74,24.84],[55.14,25.1],[55.41,25.55],[55.64,25.62],[55.81,25.81],[56.06,25.29],[56.03,24.97],[55.84,24.59],[55.62,24.65],[54.81,23.94],[54.5,23.81],[51.88,23.69],[51.82,23.88],[51.17,24.07],[51.1,24.2],[51.2,24.52],[51.13,24.59],[51.29,24.71],[51.33,25.1],[51.4,25.1],[51.27,25.29],[51.35,25.36],[51.32,25.87],[51.17,25.87],[51.23,25.68],[50.98,25.42],[50.96,25.23],[51.12,25.29],[50.92,24.71],[50.62,24.65],[50.34,24.97],[50.03,25.68],[49.67,25.87],[49.88,26.45],[49.25,26.97],[49.27,27.09],[49.06,27.29],[48.55,27.48],[48.53,27.99],[48.47,28.12],[48.25,28.19],[48.21,28.51],[48.13,28.51],[48.01,28.83],[47.53,29.28],[47.65,29.6],[47.87,29.54],[47.86,29.47],[48.22,29.28],[48.19,29.09],[48.46,28.77],[48.44,28.57],[48.58,28.51],[48.56,28.32],[48.78,28.19],[48.76,28.06],[48.84,28.06],[48.97,27.93],[48.87,27.67]]]]},"properties":{"id":"territory:Qarmatians:899","name":"Qarmatians","name_en":"Qarmatians","actor":"기타중립","valid_from":899,"valid_to":970,"wikidata":"Q138803","area":64922,"src":"cliopatria","confidence":"medium"}},{"type":"Feature","geometry":{"type":"Point","coordinates":[51.901,25.563]},"properties":{"id":"territory:Qarmatians:899:label","name":"Qarmatians","name_en":"Qarmatians","actor":"기타중립","valid_from":899,"valid_to":970,"wikidata":"Q138803","area":64922,"src":"cliopatria","confidence":"medium"}},{"type":"Feature","geometry":{"type":"MultiPolygon","coordinates":[[[[-7.02,52.12],[-7.53,52.12],[-7.61,52.12],[-7.65,52.38],[-7.4,52.45],[-7.02,52.12]]],[[[-6.43,52.18],[-6.77,52.18],[-6.79,52.32],[-6.79,52.38],[-6.56,52.59],[-6.31,52.59],[-6.28,52.38],[-6.43,52.18]]],[[[-8.38,52.72],[-8.44,52.52],[-8.6,52.45],[-8.68,52.45],[-8.95,52.52],[-8.91,52.86],[-8.57,52.86],[-8.38,52.72]]],[[[-6.18,52.92],[-6.15,52.65],[-6.31,52.59],[-6.32,52.65],[-6.4,52.65],[-6.43,52.86],[-6.18,52.92]]],[[[-6.15,53.33],[-6.09,52.92],[-6.47,53.19],[-6.81,53.12],[-6.84,53.39],[-6.6,53.53],[-6.61,53.6],[-6.19,53.66],[-6.09,53.53],[-6.24,53.39],[-6.15,53.33]]],[[[-5.87,55.84],[-6.13,55.77],[-6.19,55.57],[-6.36,55.57],[-6.38,55.7],[-6.63,55.63],[-6.51,55.98],[-6.07,55.98],[-5.91,56.11],[-5.92,56.18],[-5.74,56.18],[-5.72,55.98],[-5.89,55.98],[-5.87,55.84]]],[[[-7.6,57.35],[-7.25,57.42],[-7.23,57.28],[-7.32,57.28],[-7.29,57.08],[-7.47,57.08],[-7.6,57.35]]],[[[-5.81,57.28],[-5.78,57.08],[-6.04,57.01],[-6.06,57.14],[-6.41,57.14],[-6.62,57.35],[-6.8,57.35],[-6.74,57.56],[-6.47,57.56],[-6.48,57.63],[-6.5,57.77],[-6.22,57.7],[-6.09,57.35],[-5.81,57.28]]],[[[-7.11,57.63],[-7.44,57.49],[-7.56,57.7],[-7.12,57.7],[-7.11,57.63]]],[[[-6.39,58.18],[-6.52,57.9],[-7.13,57.77],[-7.07,57.97],[-7.28,58.18],[-6.85,58.32],[-6.76,58.32],[-6.79,58.46],[-6.26,58.53],[-6.21,58.18],[-6.39,58.18]]],[[[-6.72,61.48],[-6.71,61.41],[-6.99,61.48],[-7.02,61.62],[-6.74,61.62],[-6.72,61.48]]],[[[-6.77,62.33],[-6.66,62.26],[-6.69,61.9],[-6.79,61.9],[-7.28,62.05],[-7.32,62.33],[-6.96,62.4],[-6.77,62.33]]],[[[-18.73,63.41],[-20.37,63.55],[-20.53,63.77],[-21.15,63.91],[-22.8,63.77],[-22.9,64.06],[-22.83,64.13],[-22.33,64.06],[-22.36,64.13],[-22.17,64.13],[-22.02,64.28],[-22.1,64.49],[-22.5,64.57],[-22.58,64.79],[-23.98,64.71],[-24.16,64.93],[-23.06,65.08],[-23.09,65.15],[-21.91,65.08],[-21.74,64.86],[-20.91,64.64],[-20.76,64.49],[-20.4,64.57],[-20.38,64.49],[-20.57,64.49],[-20.45,64.42],[-20.36,64.42],[-19.39,64.06],[-19.04,63.84],[-18.98,63.62],[-18.73,63.41]]],[[[-20.33,64.64],[-20.31,64.57],[-20.4,64.57],[-20.43,64.64],[-20.33,64.64]]],[[[4.7,52.99],[4.87,52.96],[4.75,52.96],[4.58,52.48],[5.08,52.42],[5.03,52.62],[5.23,52.68],[5.23,52.65],[5.32,52.45],[5.15,52.45],[5.05,52.25],[5.06,52.35],[4.81,52.41],[4.8,52.42],[4.57,52.45],[4.06,51.99],[4.49,51.84],[4.5,51.71],[4.24,51.71],[4.15,51.92],[3.98,51.92],[3.98,51.98],[4.22,52.18],[4.22,52.32],[4.38,52.38],[4.45,52.72],[4.7,52.99]]],[[[7.08,53.73],[7.94,53.73],[8.12,53.6],[8.29,53.66],[8.38,53.66],[8.47,53.39],[8.3,53.26],[7.18,53.06],[7.1,52.92],[6.85,52.92],[6.67,53.12],[6.5,53.12],[6.33,53.06],[6.34,52.79],[6.08,52.79],[5.91,52.65],[5.65,52.65],[5.56,52.92],[5.39,52.92],[5.39,52.99],[5.21,53.12],[5.8,53.46],[6.92,53.46],[6.91,53.6],[7.08,53.73]]],[[[13.46,53.66],[13.38,53.66],[13.29,53.66],[13.29,53.72],[13.46,53.7],[13.46,53.66]]],[[[14.86,54.14],[15.03,54.14],[14.94,54.07],[15.02,53.8],[15.02,53.73],[14.75,53.6],[14.41,53.66],[14.51,54.0],[14.86,54.14]]],[[[13.68,53.94],[13.73,53.94],[13.82,53.94],[13.81,53.87],[13.77,53.87],[13.7,53.92],[13.68,53.94]]],[[[13.56,54.03],[13.48,54.09],[13.3,54.0],[13.27,53.73],[13.21,53.73],[13.04,53.8],[13.04,54.07],[13.3,54.21],[13.56,54.14],[13.56,54.03]]],[[[18.67,54.14],[18.69,54.41],[19.21,54.41],[19.46,54.27],[19.37,54.27],[19.36,54.07],[19.09,54.0],[18.67,54.14]]],[[[12.0,54.14],[12.09,54.34],[12.44,54.48],[12.79,54.41],[12.7,54.41],[12.78,54.14],[12.61,53.94],[12.17,53.94],[12.0,54.14]]],[[[-4.8,54.27],[-4.81,54.34],[-4.38,54.41],[-4.36,54.21],[-4.86,54.07],[-4.8,54.27]]],[[[13.66,54.48],[13.48,54.34],[13.23,54.55],[13.23,54.61],[13.23,54.75],[13.41,54.75],[13.66,54.61],[13.66,54.48]]],[[[-5.57,55.57],[-5.55,55.36],[-5.89,55.29],[-5.92,55.5],[-5.76,55.63],[-5.78,55.77],[-5.44,55.84],[-5.43,55.77],[-5.16,55.77],[-5.12,55.43],[-5.38,55.43],[-5.57,55.57]]],[[[-4.93,56.05],[-4.93,55.98],[-5.0,55.84],[-5.35,55.84],[-5.36,55.91],[-5.3,56.11],[-4.93,56.05]]],[[[-5.99,56.66],[-5.88,56.52],[-5.7,56.52],[-5.68,56.39],[-5.94,56.32],[-6.03,56.32],[-6.29,56.32],[-6.23,56.52],[-6.34,56.66],[-5.99,56.66]]]]},"properties":{"id":"territory:Viking settlements:882","name":"Viking settlements","name_en":"Viking settlements","actor":"기타중립","valid_from":882,"valid_to":886,"wikidata":"Q12567","area":61616,"src":"cliopatria","confidence":"medium"}},{"type":"Feature","geometry":{"type":"Point","coordinates":[-21.301,64.273]},"properties":{"id":"territory:Viking settlements:882:label","name":"Viking settlements","name_en":"Viking settlements","actor":"기타중립","valid_from":882,"valid_to":886,"wikidata":"Q12567","area":61616,"src":"cliopatria","confidence":"medium"}},{"type":"Feature","geometry":{"type":"MultiPolygon","coordinates":[[[[-6.19,55.57],[-6.36,55.57],[-6.38,55.7],[-6.56,55.7],[-6.59,55.91],[-5.89,55.98],[-5.87,55.84],[-6.13,55.77],[-6.12,55.7],[-6.19,55.57]]],[[[-1.85,57.7],[-1.82,57.42],[-2.08,57.28],[-2.21,56.87],[-2.53,56.59],[-2.79,56.52],[-2.67,56.25],[-3.27,56.11],[-3.26,56.05],[-3.78,55.98],[-3.96,55.98],[-4.25,56.18],[-4.86,56.18],[-4.85,56.05],[-4.93,56.05],[-5.0,55.84],[-5.44,55.91],[-5.43,55.77],[-5.16,55.77],[-5.12,55.43],[-5.38,55.43],[-5.57,55.57],[-5.55,55.36],[-5.89,55.29],[-5.86,55.7],[-5.69,55.77],[-5.81,56.05],[-5.66,56.18],[-5.68,56.39],[-6.12,56.32],[-6.34,56.66],[-5.99,56.66],[-5.91,56.73],[-5.96,57.08],[-5.7,57.14],[-5.73,57.35],[-5.92,57.42],[-5.89,57.83],[-5.73,57.97],[-5.46,57.97],[-5.42,58.32],[-5.24,58.32],[-5.26,58.46],[-5.17,58.46],[-5.2,58.67],[-4.02,58.6],[-3.68,58.74],[-3.14,58.74],[-3.02,58.53],[-3.43,58.18],[-4.12,57.97],[-3.93,57.9],[-3.99,57.7],[-3.73,57.7],[-3.73,57.77],[-1.85,57.7]]],[[[-6.0,57.35],[-5.97,57.14],[-6.41,57.14],[-6.62,57.35],[-6.8,57.35],[-6.74,57.56],[-6.47,57.56],[-6.5,57.77],[-6.32,57.77],[-6.21,57.63],[-6.2,57.56],[-6.0,57.35]]],[[[-3.53,59.02],[-3.44,59.02],[-3.38,59.22],[-3.2,59.22],[-3.09,59.09],[-2.81,59.02],[-2.79,58.88],[-2.97,58.88],[-3.06,58.88],[-3.42,58.81],[-3.53,59.02]]],[[[-2.84,59.29],[-2.58,59.36],[-2.56,59.22],[-2.65,59.22],[-2.64,59.16],[-2.83,59.16],[-2.84,59.29]]]]},"properties":{"id":"territory:Dál Riata:750","name":"Dál Riata","name_en":"Dál Riata","actor":"기타중립","valid_from":750,"valid_to":840,"wikidata":"Q111471","area":59788,"src":"cliopatria","confidence":"medium"}},{"type":"Feature","geometry":{"type":"Point","coordinates":[-4.246,57.166]},"properties":{"id":"territory:Dál Riata:750:label","name":"Dál Riata","name_en":"Dál Riata","actor":"기타중립","valid_from":750,"valid_to":840,"wikidata":"Q111471","area":59788,"src":"cliopatria","confidence":"medium"}},{"type":"Feature","geometry":{"type":"Polygon","coordinates":[[[-1.1,51.71],[-1.12,51.85],[-1.29,51.92],[-1.31,52.12],[-1.48,52.12],[-1.46,52.79],[-1.63,52.86],[-1.57,53.12],[-1.75,53.19],[-1.77,53.39],[-1.95,53.53],[-2.29,53.46],[-2.29,53.39],[-2.88,53.33],[-3.15,53.46],[-3.24,53.46],[-3.32,53.46],[-3.32,53.39],[-3.4,53.39],[-3.49,53.39],[-3.27,52.99],[-3.07,52.72],[-3.14,52.52],[-3.04,52.38],[-2.87,52.38],[-2.93,52.12],[-2.92,52.05],[-2.91,51.98],[-2.83,51.98],[-2.82,51.92],[-2.63,51.65],[-2.95,51.51],[-2.95,51.45],[-3.11,51.38],[-3.09,51.25],[-4.2,51.31],[-4.43,51.05],[-4.68,51.05],[-4.67,50.91],[-4.66,50.85],[-4.31,50.71],[-4.27,50.38],[-4.19,50.38],[-4.09,50.25],[-3.58,50.25],[-3.46,50.65],[-3.13,50.71],[-2.79,50.71],[-2.61,50.58],[-1.52,50.71],[-1.51,50.58],[-1.18,50.58],[-1.11,50.78],[-1.37,50.85],[0.49,50.78],[1.39,51.18],[1.38,51.38],[1.21,51.45],[0.53,51.45],[0.35,51.58],[0.34,51.65],[-0.08,51.65],[-0.08,51.65],[-0.58,51.51],[-0.76,51.71],[-1.02,51.71],[-1.1,51.71]]]},"properties":{"id":"territory:Kingdom of Wessex:898","name":"Kingdom of Wessex","name_en":"Kingdom of Wessex","actor":"기타중립","valid_from":898,"valid_to":899,"wikidata":"Q105313","area":58778,"src":"cliopatria","confidence":"medium"}},{"type":"Feature","geometry":{"type":"Point","coordinates":[-1.946,51.634]},"properties":{"id":"territory:Kingdom of Wessex:898:label","name":"Kingdom of Wessex","name_en":"Kingdom of Wessex","actor":"기타중립","valid_from":898,"valid_to":899,"wikidata":"Q105313","area":58778,"src":"cliopatria","confidence":"medium"}},{"type":"Feature","geometry":{"type":"Polygon","coordinates":[[[-1.1,51.71],[-1.12,51.85],[-1.29,51.92],[-1.31,52.12],[-1.48,52.12],[-1.46,52.79],[-1.63,52.86],[-1.57,53.12],[-1.75,53.19],[-1.77,53.39],[-1.95,53.53],[-2.29,53.46],[-2.29,53.39],[-2.88,53.33],[-3.15,53.46],[-3.24,53.46],[-3.32,53.46],[-3.32,53.39],[-3.4,53.39],[-3.49,53.39],[-3.27,52.99],[-3.07,52.72],[-3.14,52.52],[-3.04,52.38],[-2.87,52.38],[-2.93,52.12],[-2.92,52.05],[-2.91,51.98],[-2.83,51.98],[-2.82,51.92],[-2.74,51.92],[-2.73,51.85],[-2.65,51.85],[-2.64,51.78],[-2.63,51.65],[-2.95,51.51],[-2.95,51.45],[-3.11,51.38],[-3.09,51.25],[-4.2,51.31],[-4.43,51.05],[-4.68,51.05],[-4.67,50.91],[-4.66,50.85],[-4.31,50.71],[-4.27,50.38],[-4.19,50.38],[-4.09,50.25],[-3.58,50.25],[-3.46,50.65],[-3.13,50.71],[-2.79,50.71],[-2.61,50.58],[-1.52,50.71],[-1.51,50.58],[-1.18,50.58],[-1.11,50.78],[-1.37,50.85],[0.49,50.78],[1.39,51.18],[1.38,51.38],[1.21,51.45],[0.53,51.45],[0.35,51.58],[0.34,51.65],[-0.08,51.65],[-0.08,51.65],[-0.58,51.51],[-0.76,51.71],[-1.02,51.71],[-1.1,51.71]]]},"properties":{"id":"territory:Kingdom of Wessex:886","name":"Kingdom of Wessex","name_en":"Kingdom of Wessex","actor":"기타중립","valid_from":886,"valid_to":892,"wikidata":"Q105313","area":58647,"src":"cliopatria","confidence":"medium"}},{"type":"Feature","geometry":{"type":"Polygon","coordinates":[[[-1.1,51.71],[-1.12,51.85],[-1.29,51.92],[-1.31,52.12],[-1.48,52.12],[-1.46,52.79],[-1.63,52.86],[-1.57,53.12],[-1.75,53.19],[-1.77,53.39],[-1.95,53.53],[-2.29,53.46],[-2.29,53.39],[-2.88,53.33],[-3.15,53.46],[-3.24,53.46],[-3.32,53.46],[-3.32,53.39],[-3.4,53.39],[-3.49,53.39],[-3.27,52.99],[-3.07,52.72],[-3.14,52.52],[-3.04,52.38],[-2.87,52.38],[-2.93,52.12],[-2.92,52.05],[-2.91,51.98],[-2.83,51.98],[-2.82,51.92],[-2.74,51.92],[-2.73,51.85],[-2.65,51.85],[-2.64,51.78],[-2.63,51.65],[-2.95,51.51],[-2.95,51.45],[-3.11,51.38],[-3.09,51.25],[-4.2,51.31],[-4.43,51.05],[-4.68,51.05],[-4.67,50.91],[-4.66,50.85],[-4.31,50.71],[-4.27,50.38],[-4.19,50.38],[-4.09,50.25],[-3.58,50.25],[-3.46,50.65],[-3.13,50.71],[-2.79,50.71],[-2.61,50.58],[-1.52,50.71],[-1.51,50.58],[-1.18,50.58],[-1.11,50.78],[-1.37,50.85],[0.49,50.78],[1.39,51.18],[1.38,51.38],[1.21,51.45],[0.53,51.45],[0.35,51.58],[0.34,51.65],[-0.08,51.65],[-0.08,51.65],[-0.58,51.51],[-0.76,51.71],[-1.02,51.71],[-1.1,51.71]]]},"properties":{"id":"territory:Kingdom of Wessex:896","name":"Kingdom of Wessex","name_en":"Kingdom of Wessex","actor":"기타중립","valid_from":896,"valid_to":898,"wikidata":"Q105313","area":58647,"src":"cliopatria","confidence":"medium"}},{"type":"Feature","geometry":{"type":"Polygon","coordinates":[[[-1.1,51.71],[-1.12,51.85],[-1.29,51.92],[-1.31,52.12],[-1.48,52.12],[-1.46,52.79],[-1.63,52.86],[-1.57,53.12],[-1.75,53.19],[-1.77,53.39],[-1.95,53.53],[-2.29,53.46],[-2.29,53.39],[-2.88,53.33],[-3.15,53.46],[-3.24,53.46],[-3.32,53.46],[-3.32,53.39],[-3.4,53.39],[-3.49,53.39],[-3.27,52.99],[-3.07,52.72],[-3.14,52.52],[-3.04,52.38],[-2.87,52.38],[-2.93,52.12],[-2.92,52.05],[-2.91,51.98],[-2.83,51.98],[-2.82,51.92],[-2.74,51.92],[-2.73,51.85],[-2.65,51.85],[-2.64,51.78],[-2.63,51.65],[-2.95,51.51],[-2.95,51.45],[-3.11,51.38],[-3.09,51.25],[-4.2,51.31],[-4.43,51.05],[-4.68,51.05],[-4.67,50.91],[-4.66,50.85],[-4.31,50.71],[-4.27,50.38],[-4.19,50.38],[-4.09,50.25],[-3.58,50.25],[-3.46,50.65],[-3.13,50.71],[-2.79,50.71],[-2.61,50.58],[-1.52,50.71],[-1.51,50.58],[-1.18,50.58],[-1.11,50.78],[-1.37,50.85],[0.49,50.78],[1.39,51.18],[1.38,51.38],[1.21,51.45],[0.53,51.45],[0.35,51.58],[0.34,51.65],[-0.08,51.65],[-0.08,51.65],[-0.58,51.51],[-0.76,51.71],[-1.02,51.71],[-1.1,51.71]]]},"properties":{"id":"territory:Kingdom of Wessex:899","name":"Kingdom of Wessex","name_en":"Kingdom of Wessex","actor":"기타중립","valid_from":899,"valid_to":911,"wikidata":"Q105313","area":58647,"src":"cliopatria","confidence":"medium"}},{"type":"Feature","geometry":{"type":"Point","coordinates":[-1.944,51.633]},"properties":{"id":"territory:Kingdom of Wessex:886:label","name":"Kingdom of Wessex","name_en":"Kingdom of Wessex","actor":"기타중립","valid_from":886,"valid_to":892,"wikidata":"Q105313","area":58647,"src":"cliopatria","confidence":"medium"}},{"type":"Feature","geometry":{"type":"Point","coordinates":[-1.944,51.633]},"properties":{"id":"territory:Kingdom of Wessex:896:label","name":"Kingdom of Wessex","name_en":"Kingdom of Wessex","actor":"기타중립","valid_from":896,"valid_to":898,"wikidata":"Q105313","area":58647,"src":"cliopatria","confidence":"medium"}},{"type":"Feature","geometry":{"type":"Point","coordinates":[-1.944,51.633]},"properties":{"id":"territory:Kingdom of Wessex:899:label","name":"Kingdom of Wessex","name_en":"Kingdom of Wessex","actor":"기타중립","valid_from":899,"valid_to":911,"wikidata":"Q105313","area":58647,"src":"cliopatria","confidence":"medium"}},{"type":"Feature","geometry":{"type":"MultiPolygon","coordinates":[[[[48.33,39.84],[48.72,39.84],[48.78,39.71],[49.0,39.64],[49.03,39.38],[49.18,39.32],[49.16,39.26],[48.92,39.19],[48.8,39.0],[48.77,38.42],[48.76,38.35],[47.82,38.35],[47.25,38.67],[46.12,38.48],[45.85,38.29],[45.63,37.9],[45.22,37.77],[45.17,37.45],[45.25,37.45],[45.29,37.19],[45.45,37.19],[45.25,36.93],[44.8,37.06],[44.77,37.38],[44.63,37.45],[44.52,37.77],[44.54,37.9],[44.96,38.09],[44.98,38.22],[44.45,38.35],[44.49,38.55],[44.58,38.67],[44.9,38.67],[45.11,39.0],[45.34,39.0],[45.37,39.13],[44.87,39.45],[44.83,39.71],[44.55,39.9],[44.57,40.03],[44.82,40.1],[44.88,39.97],[45.33,39.84],[46.34,38.87],[46.67,38.93],[46.86,39.58],[46.64,39.64],[46.6,39.9],[46.34,40.16],[46.45,40.36],[46.87,40.48],[46.94,40.42],[46.8,40.1],[47.0,39.9],[47.31,39.9],[47.41,39.58],[47.9,39.64],[48.09,39.84],[48.25,39.84],[48.33,39.84]]],[[[48.34,41.91],[48.48,41.78],[48.28,41.59],[48.2,41.59],[48.12,41.59],[48.17,41.85],[48.09,41.85],[48.2,41.98],[48.28,41.98],[48.27,41.91],[48.34,41.91]]]]},"properties":{"id":"territory:Sajid Dynasty:898","name":"Sajid Dynasty","name_en":"Sajid Dynasty","actor":"기타중립","valid_from":898,"valid_to":911,"wikidata":"Q3432153","area":57890,"src":"cliopatria","confidence":"medium"}},{"type":"Feature","geometry":{"type":"Point","coordinates":[46.615,38.903]},"properties":{"id":"territory:Sajid Dynasty:898:label","name":"Sajid Dynasty","name_en":"Sajid Dynasty","actor":"기타중립","valid_from":898,"valid_to":911,"wikidata":"Q3432153","area":57890,"src":"cliopatria","confidence":"medium"}},{"type":"Feature","geometry":{"type":"Polygon","coordinates":[[[-1.1,51.71],[-1.12,51.85],[-1.29,51.92],[-1.31,52.12],[-1.48,52.12],[-1.46,52.79],[-1.63,52.86],[-1.57,53.12],[-1.75,53.19],[-1.77,53.39],[-1.95,53.53],[-2.29,53.46],[-2.29,53.39],[-2.88,53.33],[-3.15,53.46],[-3.24,53.46],[-3.32,53.46],[-3.32,53.39],[-3.4,53.39],[-3.49,53.39],[-3.27,52.99],[-3.07,52.72],[-3.14,52.52],[-3.04,52.38],[-2.87,52.38],[-2.93,52.12],[-2.92,52.05],[-2.91,51.98],[-2.83,51.98],[-2.82,51.92],[-2.74,51.92],[-2.73,51.85],[-2.65,51.85],[-2.64,51.78],[-2.63,51.65],[-2.95,51.51],[-2.95,51.45],[-3.11,51.38],[-3.09,51.25],[-4.2,51.31],[-4.43,51.05],[-4.68,51.05],[-4.67,50.91],[-4.66,50.85],[-4.31,50.71],[-4.27,50.38],[-4.19,50.38],[-4.09,50.25],[-3.58,50.25],[-3.46,50.65],[-3.13,50.71],[-2.79,50.71],[-2.61,50.58],[-1.52,50.71],[-1.51,50.58],[-1.18,50.58],[-1.11,50.78],[-1.37,50.85],[0.49,50.78],[1.39,51.18],[1.38,51.38],[1.21,51.45],[0.53,51.45],[0.53,51.45],[0.02,51.45],[0.02,51.51],[-0.58,51.51],[-0.76,51.71],[-1.02,51.71],[-1.1,51.71]]]},"properties":{"id":"territory:Kingdom of Wessex:884","name":"Kingdom of Wessex","name_en":"Kingdom of Wessex","actor":"기타중립","valid_from":884,"valid_to":886,"wikidata":"Q105313","area":57684,"src":"cliopatria","confidence":"medium"}},{"type":"Feature","geometry":{"type":"Point","coordinates":[-1.978,51.635]},"properties":{"id":"territory:Kingdom of Wessex:884:label","name":"Kingdom of Wessex","name_en":"Kingdom of Wessex","actor":"기타중립","valid_from":884,"valid_to":886,"wikidata":"Q105313","area":57684,"src":"cliopatria","confidence":"medium"}},{"type":"Feature","geometry":{"type":"Polygon","coordinates":[[[18.46,49.45],[17.96,49.52],[17.81,49.71],[17.47,49.71],[17.23,49.85],[16.97,49.78],[15.98,50.05],[16.06,49.91],[15.8,49.85],[15.88,49.78],[15.78,49.32],[15.61,49.18],[15.28,49.18],[15.36,48.99],[15.19,48.99],[15.27,48.85],[15.02,48.72],[14.84,48.39],[14.84,48.32],[15.5,48.19],[16.66,48.32],[17.06,47.99],[17.71,47.73],[18.95,47.73],[19.04,47.73],[19.12,47.73],[19.13,47.93],[19.38,47.99],[19.39,48.13],[19.64,48.19],[19.49,48.39],[19.5,48.59],[19.77,48.99],[19.29,49.32],[18.46,49.38],[18.46,49.45]]]},"properties":{"id":"territory:Great Moravia:840","name":"Great Moravia","name_en":"Great Moravia","actor":"기타중립","valid_from":840,"valid_to":850,"wikidata":"Q193152","area":57275,"src":"cliopatria","confidence":"medium"}},{"type":"Feature","geometry":{"type":"Point","coordinates":[17.418,48.783]},"properties":{"id":"territory:Great Moravia:840:label","name":"Great Moravia","name_en":"Great Moravia","actor":"기타중립","valid_from":840,"valid_to":850,"wikidata":"Q193152","area":57275,"src":"cliopatria","confidence":"medium"}},{"type":"Feature","geometry":{"type":"MultiPolygon","coordinates":[[[[1.3,51.38],[1.38,51.38],[1.39,51.18],[1.23,51.11],[1.14,51.11],[0.97,51.25],[0.55,51.18],[0.54,51.25],[0.53,51.45],[1.21,51.38],[1.3,51.38]]],[[[-1.02,51.71],[-0.76,51.71],[-0.58,51.51],[-0.08,51.65],[-0.08,51.65],[0.34,51.65],[0.35,51.58],[0.43,51.58],[0.44,51.51],[0.52,51.51],[0.53,51.45],[0.27,51.45],[0.28,51.31],[0.2,51.31],[0.55,51.18],[0.55,51.11],[0.49,50.78],[-1.37,50.85],[-1.11,50.78],[-1.18,50.58],[-1.51,50.58],[-1.52,50.71],[-2.61,50.58],[-2.79,50.71],[-3.13,50.71],[-3.46,50.65],[-3.58,50.25],[-4.09,50.25],[-4.19,50.38],[-4.27,50.38],[-4.31,50.71],[-4.66,50.85],[-4.67,50.91],[-4.68,51.05],[-4.43,51.05],[-4.2,51.31],[-3.09,51.25],[-3.11,51.38],[-2.95,51.45],[-2.95,51.51],[-2.63,51.65],[-2.64,51.78],[-2.65,51.85],[-2.73,51.85],[-2.74,51.92],[-2.82,51.92],[-2.83,51.98],[-2.91,51.98],[-2.92,52.05],[-2.93,52.12],[-2.87,52.38],[-3.04,52.38],[-3.14,52.52],[-3.07,52.72],[-3.27,52.99],[-3.49,53.39],[-3.4,53.39],[-3.32,53.39],[-3.32,53.46],[-3.24,53.46],[-3.15,53.46],[-2.88,53.33],[-2.29,53.39],[-2.29,53.46],[-1.95,53.53],[-1.77,53.39],[-1.75,53.19],[-1.57,53.12],[-1.63,52.86],[-1.46,52.79],[-1.48,52.12],[-1.31,52.12],[-1.29,51.92],[-1.12,51.85],[-1.1,51.71],[-1.02,51.71]]]]},"properties":{"id":"territory:Kingdom of Wessex:892","name":"Kingdom of Wessex","name_en":"Kingdom of Wessex","actor":"기타중립","valid_from":892,"valid_to":896,"wikidata":"Q105313","area":56710,"src":"cliopatria","confidence":"medium"}},{"type":"Feature","geometry":{"type":"Point","coordinates":[-2.116,51.659]},"properties":{"id":"territory:Kingdom of Wessex:892:label","name":"Kingdom of Wessex","name_en":"Kingdom of Wessex","actor":"기타중립","valid_from":892,"valid_to":896,"wikidata":"Q105313","area":56710,"src":"cliopatria","confidence":"medium"}},{"type":"Feature","geometry":{"type":"Polygon","coordinates":[[[18.54,49.38],[19.29,49.32],[19.53,49.12],[19.61,49.12],[19.68,48.85],[19.5,48.59],[19.56,48.19],[19.39,48.13],[19.29,47.93],[19.13,47.93],[19.12,47.8],[19.12,47.73],[19.04,47.73],[18.95,47.73],[17.71,47.73],[17.06,47.99],[16.66,48.32],[15.5,48.19],[14.92,48.32],[14.93,48.59],[15.27,48.85],[15.27,48.99],[15.78,49.32],[15.89,49.85],[16.06,49.91],[16.06,50.05],[16.15,50.05],[16.97,49.78],[17.23,49.85],[17.47,49.71],[17.81,49.71],[17.96,49.52],[18.46,49.38],[18.54,49.38]]]},"properties":{"id":"territory:Great Moravia:896","name":"Great Moravia","name_en":"Great Moravia","actor":"기타중립","valid_from":896,"valid_to":898,"wikidata":"Q193152","area":56666,"src":"cliopatria","confidence":"medium"}},{"type":"Feature","geometry":{"type":"Point","coordinates":[17.423,48.784]},"properties":{"id":"territory:Great Moravia:896:label","name":"Great Moravia","name_en":"Great Moravia","actor":"기타중립","valid_from":896,"valid_to":898,"wikidata":"Q193152","area":56666,"src":"cliopatria","confidence":"medium"}},{"type":"Feature","geometry":{"type":"Polygon","coordinates":[[[-0.09,53.94],[0.12,53.46],[0.3,53.39],[0.32,53.12],[0.07,52.99],[0.17,52.86],[0.34,52.86],[0.49,53.06],[1.09,53.06],[1.53,52.92],[1.72,52.72],[1.74,52.38],[1.65,52.38],[1.59,52.12],[1.43,51.98],[1.17,51.98],[1.18,51.78],[0.84,51.78],[0.86,51.51],[0.52,51.51],[0.53,51.45],[0.02,51.45],[0.02,51.45],[-0.07,51.58],[-0.58,51.51],[-0.76,51.71],[-1.1,51.71],[-1.12,51.85],[-1.29,51.92],[-1.31,52.12],[-1.48,52.12],[-1.46,52.79],[-1.63,52.86],[-1.57,53.12],[-1.95,53.46],[-1.89,53.8],[-1.99,53.94],[-2.65,54.41],[-2.68,54.68],[-2.5,54.68],[-2.5,54.61],[-1.89,54.61],[-1.89,54.68],[-1.89,54.68],[-1.55,54.68],[-1.46,54.68],[-0.67,54.61],[-0.2,54.21],[-0.18,53.94],[-0.09,53.94]]]},"properties":{"id":"territory:Danelaw:880","name":"Danelaw","name_en":"Danelaw","actor":"기타중립","valid_from":880,"valid_to":886,"wikidata":"Q339271","area":55257,"src":"cliopatria","confidence":"medium"}},{"type":"Feature","geometry":{"type":"Point","coordinates":[-0.448,53.005]},"properties":{"id":"territory:Danelaw:880:label","name":"Danelaw","name_en":"Danelaw","actor":"기타중립","valid_from":880,"valid_to":886,"wikidata":"Q339271","area":55257,"src":"cliopatria","confidence":"medium"}},{"type":"Feature","geometry":{"type":"Polygon","coordinates":[[[-0.09,53.94],[0.12,53.46],[0.3,53.39],[0.32,53.12],[0.07,52.99],[0.17,52.86],[0.34,52.86],[0.49,53.06],[1.09,53.06],[1.53,52.92],[1.72,52.72],[1.74,52.38],[1.65,52.38],[1.59,52.12],[1.43,51.98],[1.17,51.98],[1.18,51.78],[0.84,51.78],[0.86,51.51],[0.44,51.51],[0.34,51.65],[0.34,51.65],[-0.08,51.65],[-0.07,51.58],[-0.58,51.51],[-0.76,51.71],[-1.1,51.71],[-1.12,51.85],[-1.29,51.92],[-1.31,52.12],[-1.48,52.12],[-1.46,52.79],[-1.63,52.86],[-1.57,53.12],[-1.95,53.46],[-1.89,53.8],[-1.99,53.94],[-2.65,54.41],[-2.68,54.68],[-2.5,54.68],[-2.5,54.61],[-1.89,54.61],[-1.89,54.68],[-1.89,54.68],[-1.55,54.68],[-1.46,54.68],[-0.67,54.61],[-0.2,54.21],[-0.18,53.94],[-0.09,53.94]]]},"properties":{"id":"territory:Danelaw:886","name":"Danelaw","name_en":"Danelaw","actor":"기타중립","valid_from":886,"valid_to":911,"wikidata":"Q339271","area":54513,"src":"cliopatria","confidence":"medium"}},{"type":"Feature","geometry":{"type":"Point","coordinates":[-0.456,53.024]},"properties":{"id":"territory:Danelaw:886:label","name":"Danelaw","name_en":"Danelaw","actor":"기타중립","valid_from":886,"valid_to":911,"wikidata":"Q339271","area":54513,"src":"cliopatria","confidence":"medium"}},{"type":"Feature","geometry":{"type":"Polygon","coordinates":[[[1.1,51.78],[1.18,51.78],[1.17,51.98],[1.43,51.98],[1.74,52.38],[1.62,52.86],[1.09,53.06],[0.49,53.06],[0.34,52.86],[0.25,52.86],[0.09,52.72],[0.12,52.32],[0.21,52.25],[0.22,52.18],[0.32,51.92],[-0.44,51.92],[-0.43,51.78],[-0.52,51.78],[-0.7,51.92],[-0.58,51.51],[-0.75,51.51],[-0.84,51.65],[-1.26,51.58],[-1.36,51.78],[-2.12,51.71],[-2.11,51.58],[-2.35,51.38],[-2.7,51.58],[-2.79,51.58],[-3.11,51.38],[-3.09,51.25],[-4.2,51.31],[-4.43,51.05],[-4.68,51.05],[-4.67,50.91],[-4.66,50.85],[-4.31,50.71],[-4.27,50.38],[-4.19,50.38],[-4.09,50.25],[-3.58,50.25],[-3.46,50.65],[-3.13,50.71],[-2.79,50.71],[-2.61,50.58],[-1.52,50.71],[-1.51,50.58],[-1.18,50.58],[-1.11,50.78],[-1.37,50.85],[0.74,50.85],[1.39,51.18],[1.38,51.38],[1.21,51.45],[0.53,51.45],[0.86,51.51],[0.84,51.78],[1.01,51.78],[1.1,51.78]]]},"properties":{"id":"territory:Kingdom of Wessex:825","name":"Kingdom of Wessex","name_en":"Kingdom of Wessex","actor":"기타중립","valid_from":825,"valid_to":830,"wikidata":"Q105313","area":52084,"src":"cliopatria","confidence":"medium"}},{"type":"Feature","geometry":{"type":"Point","coordinates":[-0.999,51.46]},"properties":{"id":"territory:Kingdom of Wessex:825:label","name":"Kingdom of Wessex","name_en":"Kingdom of Wessex","actor":"기타중립","valid_from":825,"valid_to":830,"wikidata":"Q105313","area":52084,"src":"cliopatria","confidence":"medium"}},{"type":"Feature","geometry":{"type":"Polygon","coordinates":[[[14.28,45.37],[14.2,45.37],[14.19,45.04],[14.03,45.04],[13.95,45.04],[13.63,45.5],[13.71,45.5],[13.71,45.76],[13.14,45.82],[13.06,45.69],[12.98,45.82],[12.82,45.82],[12.74,45.82],[12.16,45.69],[12.0,45.56],[12.0,45.37],[12.16,45.37],[12.16,45.3],[12.16,45.17],[12.4,45.04],[12.4,44.78],[12.24,44.78],[12.24,44.84],[12.24,44.97],[11.51,44.91],[11.35,45.04],[10.13,45.04],[9.97,45.17],[9.64,45.17],[9.31,45.43],[9.31,45.82],[9.14,46.09],[9.3,46.48],[10.04,46.28],[10.12,46.41],[10.04,46.41],[10.04,46.61],[10.86,46.55],[11.6,46.68],[12.58,46.68],[13.07,46.55],[13.65,46.55],[13.73,46.48],[13.64,46.35],[13.96,45.96],[13.96,45.76],[14.28,45.56],[14.28,45.43],[14.28,45.37]]]},"properties":{"id":"territory:Kingdom of Italy:898","name":"Kingdom of Italy","name_en":"Kingdom of Italy","actor":"기타중립","valid_from":898,"valid_to":899,"wikidata":"Q172579","area":51802,"src":"cliopatria","confidence":"medium"}},{"type":"Feature","geometry":{"type":"Point","coordinates":[11.477,45.868]},"properties":{"id":"territory:Kingdom of Italy:898:label","name":"Kingdom of Italy","name_en":"Kingdom of Italy","actor":"기타중립","valid_from":898,"valid_to":899,"wikidata":"Q172579","area":51802,"src":"cliopatria","confidence":"medium"}},{"type":"Feature","geometry":{"type":"MultiPolygon","coordinates":[[[[-7.02,52.12],[-7.53,52.12],[-7.61,52.12],[-7.65,52.38],[-7.4,52.45],[-7.02,52.12]]],[[[-6.43,52.18],[-6.77,52.18],[-6.79,52.32],[-6.79,52.38],[-6.56,52.59],[-6.31,52.59],[-6.28,52.38],[-6.43,52.18]]],[[[-8.38,52.72],[-8.44,52.52],[-8.6,52.45],[-8.68,52.45],[-8.95,52.52],[-8.91,52.86],[-8.57,52.86],[-8.38,52.72]]],[[[-6.18,52.92],[-6.15,52.65],[-6.31,52.59],[-6.32,52.65],[-6.4,52.65],[-6.43,52.86],[-6.18,52.92]]],[[[-6.15,53.33],[-6.09,52.92],[-6.47,53.19],[-6.81,53.12],[-6.84,53.39],[-6.6,53.53],[-6.61,53.6],[-6.19,53.66],[-6.09,53.53],[-6.24,53.39],[-6.15,53.33]]],[[[-5.87,55.84],[-6.13,55.77],[-6.19,55.57],[-6.36,55.57],[-6.38,55.7],[-6.63,55.63],[-6.51,55.98],[-6.07,55.98],[-5.91,56.11],[-5.92,56.18],[-5.74,56.18],[-5.72,55.98],[-5.89,55.98],[-5.87,55.84]]],[[[-7.6,57.35],[-7.25,57.42],[-7.23,57.28],[-7.32,57.28],[-7.29,57.08],[-7.47,57.08],[-7.6,57.35]]],[[[-5.81,57.28],[-5.78,57.08],[-6.04,57.01],[-6.06,57.14],[-6.41,57.14],[-6.62,57.35],[-6.8,57.35],[-6.74,57.56],[-6.47,57.56],[-6.48,57.63],[-6.5,57.77],[-6.22,57.7],[-6.09,57.35],[-5.81,57.28]]],[[[-7.11,57.63],[-7.44,57.49],[-7.56,57.7],[-7.12,57.7],[-7.11,57.63]]],[[[-6.39,58.18],[-6.52,57.9],[-7.13,57.77],[-7.07,57.97],[-7.28,58.18],[-6.85,58.32],[-6.76,58.32],[-6.79,58.46],[-6.26,58.53],[-6.21,58.18],[-6.39,58.18]]],[[[-6.72,61.48],[-6.71,61.41],[-6.99,61.48],[-7.02,61.62],[-6.74,61.62],[-6.72,61.48]]],[[[-6.77,62.33],[-6.66,62.26],[-6.69,61.9],[-6.79,61.9],[-7.28,62.05],[-7.32,62.33],[-6.96,62.4],[-6.77,62.33]]],[[[-18.73,63.41],[-20.37,63.55],[-20.53,63.77],[-21.15,63.91],[-22.8,63.77],[-22.9,64.06],[-22.83,64.13],[-22.33,64.06],[-22.36,64.13],[-22.17,64.13],[-22.02,64.28],[-22.1,64.49],[-22.5,64.57],[-22.58,64.79],[-23.98,64.71],[-24.16,64.93],[-23.06,65.08],[-23.09,65.15],[-21.91,65.08],[-21.74,64.86],[-20.91,64.64],[-20.76,64.49],[-20.4,64.57],[-20.38,64.49],[-20.57,64.49],[-20.45,64.42],[-20.36,64.42],[-19.39,64.06],[-19.04,63.84],[-18.98,63.62],[-18.73,63.41]]],[[[-20.33,64.64],[-20.31,64.57],[-20.4,64.57],[-20.43,64.64],[-20.33,64.64]]],[[[2.56,48.59],[2.31,48.59],[2.13,48.85],[1.02,49.25],[1.01,49.29],[1.23,49.24],[1.5,49.28],[1.52,49.28],[1.52,49.25],[1.95,49.05],[2.44,49.18],[2.78,48.99],[2.79,48.79],[2.56,48.59]],[[2.54,48.85],[2.45,48.99],[2.28,48.99],[2.29,48.85],[2.54,48.79],[2.54,48.85]]],[[[-0.0,49.52],[0.08,49.52],[0.08,49.52],[0.65,49.38],[0.0,49.45],[-0.0,49.52]]],[[[13.46,53.66],[13.38,53.66],[13.29,53.66],[13.29,53.72],[13.46,53.7],[13.46,53.66]]],[[[14.86,54.14],[15.03,54.14],[14.94,54.07],[15.02,53.8],[15.02,53.73],[14.75,53.6],[14.41,53.66],[14.51,54.0],[14.86,54.14]]],[[[13.68,53.94],[13.73,53.94],[13.82,53.94],[13.81,53.87],[13.77,53.87],[13.7,53.92],[13.68,53.94]]],[[[13.56,54.03],[13.48,54.09],[13.3,54.0],[13.27,53.73],[13.21,53.73],[13.04,53.8],[13.04,54.07],[13.3,54.21],[13.56,54.14],[13.56,54.03]]],[[[18.67,54.14],[18.69,54.41],[19.21,54.41],[19.46,54.27],[19.37,54.27],[19.36,54.07],[19.09,54.0],[18.67,54.14]]],[[[12.0,54.14],[12.09,54.34],[12.44,54.48],[12.79,54.41],[12.7,54.41],[12.78,54.14],[12.61,53.94],[12.17,53.94],[12.0,54.14]]],[[[-4.8,54.27],[-4.81,54.34],[-4.38,54.41],[-4.36,54.21],[-4.86,54.07],[-4.8,54.27]]],[[[13.66,54.48],[13.48,54.34],[13.23,54.55],[13.23,54.61],[13.23,54.75],[13.41,54.75],[13.66,54.61],[13.66,54.48]]],[[[-5.57,55.57],[-5.55,55.36],[-5.89,55.29],[-5.92,55.5],[-5.76,55.63],[-5.78,55.77],[-5.44,55.84],[-5.43,55.77],[-5.16,55.77],[-5.12,55.43],[-5.38,55.43],[-5.57,55.57]]],[[[-4.93,56.05],[-4.93,55.98],[-5.0,55.84],[-5.35,55.84],[-5.36,55.91],[-5.3,56.11],[-4.93,56.05]]],[[[-5.99,56.66],[-5.88,56.52],[-5.7,56.52],[-5.68,56.39],[-5.94,56.32],[-6.03,56.32],[-6.29,56.32],[-6.23,56.52],[-6.34,56.66],[-5.99,56.66]]]]},"properties":{"id":"territory:Viking settlements:886","name":"Viking settlements","name_en":"Viking settlements","actor":"기타중립","valid_from":886,"valid_to":892,"wikidata":"Q12567","area":50336,"src":"cliopatria","confidence":"medium"}},{"type":"Feature","geometry":{"type":"Point","coordinates":[-21.301,64.273]},"properties":{"id":"territory:Viking settlements:886:label","name":"Viking settlements","name_en":"Viking settlements","actor":"기타중립","valid_from":886,"valid_to":892,"wikidata":"Q12567","area":50336,"src":"cliopatria","confidence":"medium"}},{"type":"Feature","geometry":{"type":"Polygon","coordinates":[[[0.85,51.71],[0.33,51.85],[0.23,51.98],[0.09,52.72],[0.25,52.86],[0.17,52.86],[0.07,52.99],[0.32,53.12],[0.3,53.39],[0.02,53.6],[0.02,53.66],[-0.68,53.73],[-0.75,53.53],[-1.09,53.53],[-1.16,53.33],[-1.33,53.33],[-1.7,53.6],[-2.54,53.33],[-2.88,53.33],[-3.15,53.46],[-3.24,53.46],[-3.32,53.46],[-3.32,53.39],[-3.4,53.39],[-3.49,53.39],[-3.16,52.72],[-3.07,52.72],[-3.14,52.52],[-2.95,52.38],[-2.87,52.38],[-2.85,52.18],[-2.93,52.18],[-2.91,51.98],[-2.83,51.98],[-2.82,51.92],[-2.64,51.78],[-2.7,51.58],[-2.52,51.45],[-2.27,51.45],[-2.11,51.58],[-2.12,51.71],[-1.36,51.78],[-1.26,51.58],[-0.84,51.65],[-0.75,51.51],[-0.07,51.58],[0.02,51.45],[0.53,51.45],[0.52,51.51],[0.61,51.51],[0.69,51.51],[0.78,51.51],[0.86,51.51],[0.86,51.58],[0.85,51.65],[0.85,51.71]]]},"properties":{"id":"territory:Kingdom of Mercia:860","name":"Kingdom of Mercia","name_en":"Kingdom of Mercia","actor":"기타중립","valid_from":860,"valid_to":866,"wikidata":"Q105092","area":48439,"src":"cliopatria","confidence":"medium"}},{"type":"Feature","geometry":{"type":"Point","coordinates":[-1.323,52.561]},"properties":{"id":"territory:Kingdom of Mercia:860:label","name":"Kingdom of Mercia","name_en":"Kingdom of Mercia","actor":"기타중립","valid_from":860,"valid_to":866,"wikidata":"Q105092","area":48439,"src":"cliopatria","confidence":"medium"}},{"type":"Feature","geometry":{"type":"Polygon","coordinates":[[[0.85,51.71],[0.33,51.85],[0.23,51.98],[0.09,52.72],[0.25,52.86],[0.17,52.86],[0.07,52.99],[0.32,53.12],[0.3,53.39],[0.02,53.6],[0.02,53.66],[-0.68,53.73],[-0.75,53.53],[-1.09,53.53],[-1.16,53.33],[-1.33,53.33],[-1.7,53.6],[-2.54,53.33],[-2.88,53.33],[-3.15,53.46],[-3.24,53.46],[-3.32,53.46],[-3.32,53.39],[-3.4,53.39],[-3.49,53.39],[-3.27,52.99],[-3.07,52.72],[-3.14,52.52],[-3.04,52.38],[-2.87,52.38],[-2.93,52.12],[-2.92,52.05],[-2.91,51.98],[-2.83,51.98],[-2.82,51.92],[-2.64,51.78],[-2.7,51.58],[-2.52,51.45],[-2.27,51.45],[-2.11,51.58],[-2.12,51.71],[-1.36,51.78],[-1.26,51.58],[-0.84,51.65],[-0.75,51.51],[-0.07,51.58],[0.02,51.45],[0.53,51.45],[0.52,51.51],[0.61,51.51],[0.69,51.51],[0.78,51.51],[0.86,51.51],[0.86,51.58],[0.85,51.65],[0.85,51.71]]]},"properties":{"id":"territory:Kingdom of Mercia:840","name":"Kingdom of Mercia","name_en":"Kingdom of Mercia","actor":"기타중립","valid_from":840,"valid_to":860,"wikidata":"Q105092","area":48394,"src":"cliopatria","confidence":"medium"}},{"type":"Feature","geometry":{"type":"Point","coordinates":[-1.32,52.559]},"properties":{"id":"territory:Kingdom of Mercia:840:label","name":"Kingdom of Mercia","name_en":"Kingdom of Mercia","actor":"기타중립","valid_from":840,"valid_to":860,"wikidata":"Q105092","area":48394,"src":"cliopatria","confidence":"medium"}},{"type":"Feature","geometry":{"type":"MultiPolygon","coordinates":[[[[-7.02,52.12],[-7.53,52.12],[-7.61,52.12],[-7.65,52.38],[-7.4,52.45],[-7.02,52.12]]],[[[-6.43,52.18],[-6.77,52.18],[-6.79,52.32],[-6.79,52.38],[-6.56,52.59],[-6.31,52.59],[-6.28,52.38],[-6.43,52.18]]],[[[-8.38,52.72],[-8.44,52.52],[-8.6,52.45],[-8.68,52.45],[-8.95,52.52],[-8.91,52.86],[-8.57,52.86],[-8.38,52.72]]],[[[-6.18,52.92],[-6.15,52.65],[-6.31,52.59],[-6.32,52.65],[-6.4,52.65],[-6.43,52.86],[-6.18,52.92]]],[[[-6.15,53.33],[-6.09,52.92],[-6.47,53.19],[-6.81,53.12],[-6.84,53.39],[-6.6,53.53],[-6.61,53.6],[-6.19,53.66],[-6.09,53.53],[-6.24,53.39],[-6.15,53.33]]],[[[-5.87,55.84],[-6.13,55.77],[-6.19,55.57],[-6.36,55.57],[-6.38,55.7],[-6.63,55.63],[-6.51,55.98],[-6.07,55.98],[-5.91,56.11],[-5.92,56.18],[-5.74,56.18],[-5.72,55.98],[-5.89,55.98],[-5.87,55.84]]],[[[-7.6,57.35],[-7.25,57.42],[-7.23,57.28],[-7.32,57.28],[-7.29,57.08],[-7.47,57.08],[-7.6,57.35]]],[[[-5.81,57.28],[-5.78,57.08],[-6.04,57.01],[-6.06,57.14],[-6.41,57.14],[-6.62,57.35],[-6.8,57.35],[-6.74,57.56],[-6.47,57.56],[-6.48,57.63],[-6.5,57.77],[-6.22,57.7],[-6.09,57.35],[-5.81,57.28]]],[[[-7.11,57.63],[-7.44,57.49],[-7.56,57.7],[-7.12,57.7],[-7.11,57.63]]],[[[-6.39,58.18],[-6.52,57.9],[-7.13,57.77],[-7.07,57.97],[-7.28,58.18],[-6.85,58.32],[-6.76,58.32],[-6.79,58.46],[-6.26,58.53],[-6.21,58.18],[-6.39,58.18]]],[[[-6.72,61.48],[-6.71,61.41],[-6.99,61.48],[-7.02,61.62],[-6.74,61.62],[-6.72,61.48]]],[[[-6.77,62.33],[-6.66,62.26],[-6.69,61.9],[-6.79,61.9],[-7.28,62.05],[-7.32,62.33],[-6.96,62.4],[-6.77,62.33]]],[[[-18.73,63.41],[-20.37,63.55],[-20.53,63.77],[-21.15,63.91],[-22.8,63.77],[-22.9,64.06],[-22.83,64.13],[-22.33,64.06],[-22.36,64.13],[-22.17,64.13],[-22.02,64.28],[-22.1,64.49],[-22.5,64.57],[-22.58,64.79],[-23.98,64.71],[-24.16,64.93],[-23.06,65.08],[-23.09,65.15],[-21.91,65.08],[-21.74,64.86],[-20.91,64.64],[-20.76,64.49],[-20.4,64.57],[-20.38,64.49],[-20.57,64.49],[-20.45,64.42],[-20.36,64.42],[-19.39,64.06],[-19.04,63.84],[-18.98,63.62],[-18.73,63.41]]],[[[-20.33,64.64],[-20.31,64.57],[-20.4,64.57],[-20.43,64.64],[-20.33,64.64]]],[[[1.14,51.11],[1.15,51.05],[1.06,51.05],[0.98,51.05],[0.98,50.98],[0.9,50.98],[0.91,50.91],[0.82,50.91],[0.74,50.91],[0.57,50.85],[0.55,51.11],[0.55,51.18],[0.97,51.25],[1.14,51.11]]],[[[0.28,51.31],[0.27,51.45],[0.53,51.45],[0.53,51.38],[0.54,51.31],[0.54,51.25],[0.55,51.18],[0.2,51.31],[0.28,51.31]]],[[[13.46,53.66],[13.38,53.66],[13.29,53.66],[13.29,53.72],[13.46,53.7],[13.46,53.66]]],[[[14.86,54.14],[15.03,54.14],[14.94,54.07],[15.02,53.8],[15.02,53.73],[14.75,53.6],[14.41,53.66],[14.51,54.0],[14.86,54.14]]],[[[13.68,53.94],[13.73,53.94],[13.82,53.94],[13.81,53.87],[13.77,53.87],[13.7,53.92],[13.68,53.94]]],[[[13.56,54.03],[13.48,54.09],[13.3,54.0],[13.27,53.73],[13.21,53.73],[13.04,53.8],[13.04,54.07],[13.3,54.21],[13.56,54.14],[13.56,54.03]]],[[[18.67,54.14],[18.69,54.41],[19.21,54.41],[19.46,54.27],[19.37,54.27],[19.36,54.07],[19.09,54.0],[18.67,54.14]]],[[[12.0,54.14],[12.09,54.34],[12.44,54.48],[12.79,54.41],[12.7,54.41],[12.78,54.14],[12.61,53.94],[12.17,53.94],[12.0,54.14]]],[[[-4.8,54.27],[-4.81,54.34],[-4.38,54.41],[-4.36,54.21],[-4.86,54.07],[-4.8,54.27]]],[[[13.66,54.48],[13.48,54.34],[13.23,54.55],[13.23,54.61],[13.23,54.75],[13.41,54.75],[13.66,54.61],[13.66,54.48]]],[[[-5.57,55.57],[-5.55,55.36],[-5.89,55.29],[-5.92,55.5],[-5.76,55.63],[-5.78,55.77],[-5.44,55.84],[-5.43,55.77],[-5.16,55.77],[-5.12,55.43],[-5.38,55.43],[-5.57,55.57]]],[[[-4.93,56.05],[-4.93,55.98],[-5.0,55.84],[-5.35,55.84],[-5.36,55.91],[-5.3,56.11],[-4.93,56.05]]],[[[-5.99,56.66],[-5.88,56.52],[-5.7,56.52],[-5.68,56.39],[-5.94,56.32],[-6.03,56.32],[-6.29,56.32],[-6.23,56.52],[-6.34,56.66],[-5.99,56.66]]]]},"properties":{"id":"territory:Viking settlements:892","name":"Viking settlements","name_en":"Viking settlements","actor":"기타중립","valid_from":892,"valid_to":911,"wikidata":"Q12567","area":48311,"src":"cliopatria","confidence":"medium"}},{"type":"Feature","geometry":{"type":"Point","coordinates":[-21.301,64.273]},"properties":{"id":"territory:Viking settlements:892:label","name":"Viking settlements","name_en":"Viking settlements","actor":"기타중립","valid_from":892,"valid_to":911,"wikidata":"Q12567","area":48311,"src":"cliopatria","confidence":"medium"}},{"type":"Feature","geometry":{"type":"Polygon","coordinates":[[[-2.13,47.07],[-2.23,47.27],[-2.56,47.27],[-2.58,47.47],[-2.83,47.47],[-2.84,47.6],[-3.16,47.47],[-3.34,47.73],[-3.76,47.73],[-3.93,47.86],[-4.42,47.8],[-4.69,47.99],[-4.71,48.13],[-4.55,48.19],[-4.64,48.32],[-4.89,48.32],[-4.91,48.52],[-4.6,48.72],[-3.85,48.72],[-3.46,48.92],[-3.12,48.92],[-2.76,48.59],[-2.52,48.72],[-1.6,48.65],[-1.72,49.05],[-1.64,49.05],[-1.65,49.25],[-1.91,49.38],[-2.03,49.78],[-1.36,49.78],[-1.25,49.45],[-1.17,49.45],[-1.25,49.38],[-1.21,48.99],[-1.04,48.92],[-1.08,48.39],[-0.73,48.13],[-0.22,47.99],[-0.22,47.86],[-0.37,47.73],[-0.36,47.53],[-0.93,47.53],[-1.25,47.4],[-1.31,47.01],[-2.13,47.01],[-2.13,47.07]]]},"properties":{"id":"territory:Kingdom of Brittany:870","name":"Kingdom of Brittany","name_en":"Kingdom of Brittany","actor":"기타중립","valid_from":870,"valid_to":880,"wikidata":"Q771193","area":47424,"src":"cliopatria","confidence":"medium"}},{"type":"Feature","geometry":{"type":"Point","coordinates":[-2.392,48.183]},"properties":{"id":"territory:Kingdom of Brittany:870:label","name":"Kingdom of Brittany","name_en":"Kingdom of Brittany","actor":"기타중립","valid_from":870,"valid_to":880,"wikidata":"Q771193","area":47424,"src":"cliopatria","confidence":"medium"}},{"type":"Feature","geometry":{"type":"Polygon","coordinates":[[[52.51,36.61],[51.26,36.61],[50.53,36.87],[50.63,37.0],[50.57,37.06],[50.32,37.0],[50.0,37.38],[49.54,37.45],[49.46,37.45],[49.16,37.06],[49.12,36.8],[50.36,36.29],[50.38,35.97],[50.51,35.84],[51.4,35.58],[52.17,35.58],[52.53,35.84],[52.81,35.71],[54.01,35.9],[54.22,36.22],[54.08,36.29],[54.0,36.67],[53.92,36.67],[53.96,36.87],[53.88,36.87],[53.09,36.8],[52.59,36.61],[52.51,36.61]]]},"properties":{"id":"territory:Zaydi Alid dynasties:870","name":"Zaydi Alid dynasties","name_en":"Zaydi Alid dynasties","actor":"기타중립","valid_from":870,"valid_to":875,"wikidata":"Q1990528","area":46067,"src":"cliopatria","confidence":"medium"}},{"type":"Feature","geometry":{"type":"Point","coordinates":[51.706,36.367]},"properties":{"id":"territory:Zaydi Alid dynasties:870:label","name":"Zaydi Alid dynasties","name_en":"Zaydi Alid dynasties","actor":"기타중립","valid_from":870,"valid_to":875,"wikidata":"Q1990528","area":46067,"src":"cliopatria","confidence":"medium"}},{"type":"Feature","geometry":{"type":"Polygon","coordinates":[[[-0.09,53.94],[0.12,53.46],[0.3,53.39],[0.32,53.12],[0.07,52.99],[0.17,52.86],[0.34,52.86],[0.49,53.06],[1.09,53.06],[1.53,52.92],[1.72,52.72],[1.74,52.38],[1.65,52.38],[1.59,52.12],[1.43,51.98],[1.17,51.98],[1.18,51.78],[0.84,51.78],[0.86,51.51],[0.52,51.51],[0.53,51.45],[0.02,51.45],[0.02,51.45],[-0.29,52.18],[-0.64,52.32],[-0.84,52.65],[-1.2,52.86],[-1.33,53.26],[-1.41,53.26],[-1.42,53.33],[-1.76,53.33],[-1.76,53.33],[-1.95,53.46],[-1.89,53.8],[-1.99,53.94],[-2.65,54.41],[-2.68,54.68],[-2.5,54.68],[-2.5,54.61],[-1.89,54.61],[-1.89,54.68],[-1.89,54.68],[-1.55,54.68],[-1.46,54.68],[-0.67,54.61],[-0.2,54.21],[-0.18,53.94],[-0.09,53.94]]]},"properties":{"id":"territory:Danelaw:878","name":"Danelaw","name_en":"Danelaw","actor":"기타중립","valid_from":878,"valid_to":880,"wikidata":"Q339271","area":45806,"src":"cliopatria","confidence":"medium"}},{"type":"Feature","geometry":{"type":"Point","coordinates":[-0.348,53.154]},"properties":{"id":"territory:Danelaw:878:label","name":"Danelaw","name_en":"Danelaw","actor":"기타중립","valid_from":878,"valid_to":880,"wikidata":"Q339271","area":45806,"src":"cliopatria","confidence":"medium"}},{"type":"Feature","geometry":{"type":"Polygon","coordinates":[[[-2.31,47.27],[-2.56,47.27],[-2.58,47.47],[-2.83,47.47],[-2.84,47.6],[-3.16,47.47],[-3.34,47.73],[-3.76,47.73],[-3.93,47.86],[-4.42,47.8],[-4.69,47.99],[-4.71,48.13],[-4.55,48.19],[-4.64,48.32],[-4.89,48.32],[-4.91,48.52],[-4.6,48.72],[-3.85,48.72],[-3.46,48.92],[-3.12,48.92],[-2.76,48.59],[-2.52,48.72],[-1.6,48.65],[-1.72,49.05],[-1.64,49.05],[-1.65,49.25],[-1.91,49.38],[-2.03,49.78],[-1.36,49.78],[-1.25,49.45],[-1.17,49.45],[-1.25,49.38],[-1.21,48.99],[-1.04,48.92],[-1.08,48.39],[-0.73,48.13],[-0.22,47.99],[-0.36,47.53],[-0.93,47.53],[-1.25,47.4],[-1.24,47.2],[-2.23,47.27],[-2.31,47.27]]]},"properties":{"id":"territory:Kingdom of Brittany:882","name":"Kingdom of Brittany","name_en":"Kingdom of Brittany","actor":"기타중립","valid_from":882,"valid_to":888,"wikidata":"Q771193","area":45804,"src":"cliopatria","confidence":"medium"}},{"type":"Feature","geometry":{"type":"Polygon","coordinates":[[[-2.31,47.27],[-2.56,47.27],[-2.58,47.47],[-2.83,47.47],[-2.84,47.6],[-3.16,47.47],[-3.34,47.73],[-3.76,47.73],[-3.93,47.86],[-4.42,47.8],[-4.69,47.99],[-4.71,48.13],[-4.55,48.19],[-4.64,48.32],[-4.89,48.32],[-4.91,48.52],[-4.6,48.72],[-3.85,48.72],[-3.46,48.92],[-3.12,48.92],[-2.76,48.59],[-2.52,48.72],[-1.6,48.65],[-1.72,49.05],[-1.64,49.05],[-1.65,49.25],[-1.91,49.38],[-2.03,49.78],[-1.36,49.78],[-1.25,49.45],[-1.17,49.45],[-1.25,49.38],[-1.21,48.99],[-1.04,48.92],[-1.08,48.39],[-0.73,48.13],[-0.22,47.99],[-0.36,47.53],[-0.93,47.53],[-1.25,47.4],[-1.24,47.2],[-2.23,47.27],[-2.31,47.27]]]},"properties":{"id":"territory:Kingdom of Brittany:896","name":"Kingdom of Brittany","name_en":"Kingdom of Brittany","actor":"기타중립","valid_from":896,"valid_to":911,"wikidata":"Q771193","area":45804,"src":"cliopatria","confidence":"medium"}},{"type":"Feature","geometry":{"type":"Point","coordinates":[-2.412,48.219]},"properties":{"id":"territory:Kingdom of Brittany:882:label","name":"Kingdom of Brittany","name_en":"Kingdom of Brittany","actor":"기타중립","valid_from":882,"valid_to":888,"wikidata":"Q771193","area":45804,"src":"cliopatria","confidence":"medium"}},{"type":"Feature","geometry":{"type":"Point","coordinates":[-2.412,48.219]},"properties":{"id":"territory:Kingdom of Brittany:896:label","name":"Kingdom of Brittany","name_en":"Kingdom of Brittany","actor":"기타중립","valid_from":896,"valid_to":911,"wikidata":"Q771193","area":45804,"src":"cliopatria","confidence":"medium"}},{"type":"Feature","geometry":{"type":"MultiPolygon","coordinates":[[[[16.06,50.05],[16.06,49.91],[15.89,49.85],[15.78,49.32],[15.27,48.99],[14.94,48.99],[14.85,48.72],[14.6,48.59],[14.18,48.59],[12.53,49.52],[12.53,49.65],[12.37,49.71],[12.37,49.98],[12.2,50.05],[12.12,50.25],[12.21,50.25],[12.46,50.45],[12.88,50.45],[12.97,50.58],[13.48,50.78],[14.24,50.91],[14.25,51.11],[14.5,51.11],[14.58,50.91],[14.75,50.91],[14.66,50.78],[15.23,50.31],[15.4,50.31],[15.89,49.98],[15.98,50.05],[16.06,50.05]]],[[[15.89,50.05],[15.9,50.11],[15.98,50.11],[15.98,50.05],[15.89,50.05]]],[[[15.15,50.45],[15.15,50.51],[15.24,50.51],[15.24,50.45],[15.15,50.45]]]]},"properties":{"id":"territory:Duchy of Bohemia:896","name":"Duchy of Bohemia","name_en":"Duchy of Bohemia","actor":"기타중립","valid_from":896,"valid_to":900,"wikidata":"Q2162698","area":45639,"src":"cliopatria","confidence":"medium"}},{"type":"Feature","geometry":{"type":"Point","coordinates":[14.123,49.812]},"properties":{"id":"territory:Duchy of Bohemia:896:label","name":"Duchy of Bohemia","name_en":"Duchy of Bohemia","actor":"기타중립","valid_from":896,"valid_to":900,"wikidata":"Q2162698","area":45639,"src":"cliopatria","confidence":"medium"}},{"type":"Feature","geometry":{"type":"Polygon","coordinates":[[[-2.31,47.27],[-2.56,47.27],[-2.58,47.47],[-2.83,47.47],[-2.84,47.6],[-3.16,47.47],[-3.34,47.73],[-3.76,47.73],[-3.93,47.86],[-4.42,47.8],[-4.69,47.99],[-4.71,48.13],[-4.55,48.19],[-4.64,48.32],[-4.89,48.32],[-4.91,48.52],[-4.6,48.72],[-3.85,48.72],[-3.46,48.92],[-3.12,48.92],[-2.76,48.59],[-2.52,48.72],[-1.6,48.65],[-1.72,49.05],[-1.64,49.05],[-1.65,49.25],[-1.91,49.38],[-2.03,49.78],[-1.36,49.78],[-1.25,49.45],[-1.17,49.45],[-1.25,49.38],[-1.21,48.99],[-1.04,48.92],[-1.08,48.39],[-0.73,48.13],[-0.22,47.99],[-0.22,47.86],[-0.37,47.73],[-0.36,47.53],[-0.93,47.53],[-1.25,47.4],[-1.24,47.27],[-2.23,47.27],[-2.31,47.27]]]},"properties":{"id":"territory:Kingdom of Brittany:880","name":"Kingdom of Brittany","name_en":"Kingdom of Brittany","actor":"기타중립","valid_from":880,"valid_to":882,"wikidata":"Q771193","area":45484,"src":"cliopatria","confidence":"medium"}},{"type":"Feature","geometry":{"type":"Polygon","coordinates":[[[-1.25,47.4],[-0.93,47.53],[-0.36,47.53],[-0.37,47.73],[-0.22,47.86],[-0.22,47.99],[-0.73,48.13],[-1.08,48.39],[-1.04,48.92],[-1.21,48.99],[-1.25,49.38],[-1.17,49.45],[-1.25,49.45],[-1.36,49.78],[-2.03,49.78],[-1.91,49.38],[-1.65,49.25],[-1.64,49.05],[-1.72,49.05],[-1.6,48.65],[-2.52,48.72],[-2.76,48.59],[-3.12,48.92],[-3.46,48.92],[-3.85,48.72],[-4.6,48.72],[-4.91,48.52],[-4.89,48.32],[-4.64,48.32],[-4.55,48.19],[-4.71,48.13],[-4.69,47.99],[-4.42,47.8],[-3.93,47.86],[-3.76,47.73],[-3.34,47.73],[-3.16,47.47],[-2.84,47.6],[-2.83,47.47],[-2.58,47.47],[-2.56,47.27],[-2.31,47.27],[-2.23,47.27],[-1.24,47.27],[-1.25,47.4]]]},"properties":{"id":"territory:Kingdom of Brittany:888","name":"Kingdom of Brittany","name_en":"Kingdom of Brittany","actor":"기타중립","valid_from":888,"valid_to":896,"wikidata":"Q771193","area":45484,"src":"cliopatria","confidence":"medium"}},{"type":"Feature","geometry":{"type":"Point","coordinates":[-2.419,48.226]},"properties":{"id":"territory:Kingdom of Brittany:880:label","name":"Kingdom of Brittany","name_en":"Kingdom of Brittany","actor":"기타중립","valid_from":880,"valid_to":882,"wikidata":"Q771193","area":45484,"src":"cliopatria","confidence":"medium"}},{"type":"Feature","geometry":{"type":"Point","coordinates":[-2.419,48.226]},"properties":{"id":"territory:Kingdom of Brittany:888:label","name":"Kingdom of Brittany","name_en":"Kingdom of Brittany","actor":"기타중립","valid_from":888,"valid_to":896,"wikidata":"Q771193","area":45484,"src":"cliopatria","confidence":"medium"}},{"type":"Feature","geometry":{"type":"Polygon","coordinates":[[[52.51,36.61],[51.26,36.61],[50.53,36.87],[50.63,37.0],[50.57,37.06],[50.32,37.0],[50.0,37.38],[49.54,37.45],[49.46,37.45],[49.16,37.06],[49.17,36.16],[50.01,36.1],[50.81,36.22],[51.38,35.9],[51.97,35.77],[52.03,35.64],[52.34,35.64],[52.53,35.84],[52.81,35.71],[54.01,35.9],[54.22,36.22],[54.08,36.29],[54.0,36.67],[53.92,36.67],[53.96,36.87],[53.88,36.87],[53.09,36.8],[52.59,36.61],[52.51,36.61]]]},"properties":{"id":"territory:Zaydi Alid dynasties:866","name":"Zaydi Alid dynasties","name_en":"Zaydi Alid dynasties","actor":"기타중립","valid_from":866,"valid_to":870,"wikidata":"Q1990528","area":45392,"src":"cliopatria","confidence":"medium"}},{"type":"Feature","geometry":{"type":"Point","coordinates":[51.56,36.425]},"properties":{"id":"territory:Zaydi Alid dynasties:866:label","name":"Zaydi Alid dynasties","name_en":"Zaydi Alid dynasties","actor":"기타중립","valid_from":866,"valid_to":870,"wikidata":"Q1990528","area":45392,"src":"cliopatria","confidence":"medium"}},{"type":"Feature","geometry":{"type":"MultiPolygon","coordinates":[[[[-4.86,54.07],[-4.8,54.27],[-4.81,54.34],[-4.38,54.41],[-4.36,54.21],[-4.86,54.07]]],[[[-5.57,55.57],[-5.55,55.36],[-5.89,55.29],[-5.92,55.5],[-5.76,55.63],[-5.78,55.77],[-5.44,55.84],[-5.43,55.77],[-5.16,55.77],[-5.12,55.43],[-5.38,55.43],[-5.57,55.57]]],[[[-5.87,55.84],[-6.13,55.77],[-6.19,55.57],[-6.36,55.57],[-6.38,55.7],[-6.63,55.63],[-6.51,55.98],[-6.07,55.98],[-5.91,56.11],[-5.92,56.18],[-5.74,56.18],[-5.72,55.98],[-5.89,55.98],[-5.87,55.84]]],[[[-5.3,56.11],[-4.93,56.05],[-4.93,55.98],[-5.0,55.84],[-5.35,55.84],[-5.36,55.91],[-5.3,56.11]]],[[[-5.99,56.66],[-5.88,56.52],[-5.7,56.52],[-5.68,56.39],[-5.94,56.32],[-6.03,56.32],[-6.29,56.32],[-6.23,56.52],[-6.34,56.66],[-5.99,56.66]]],[[[-7.25,57.42],[-7.23,57.28],[-7.32,57.28],[-7.29,57.08],[-7.47,57.08],[-7.6,57.35],[-7.25,57.42]]],[[[-6.09,57.35],[-5.81,57.28],[-5.78,57.08],[-6.04,57.01],[-6.06,57.14],[-6.41,57.14],[-6.62,57.35],[-6.8,57.35],[-6.74,57.56],[-6.47,57.56],[-6.48,57.63],[-6.5,57.77],[-6.22,57.7],[-6.09,57.35]]],[[[-7.11,57.63],[-7.44,57.49],[-7.56,57.7],[-7.12,57.7],[-7.11,57.63]]],[[[-6.39,58.18],[-6.52,57.9],[-7.13,57.77],[-7.07,57.97],[-7.28,58.18],[-6.85,58.32],[-6.76,58.32],[-6.79,58.46],[-6.26,58.53],[-6.21,58.18],[-6.39,58.18]]],[[[-5.17,58.46],[-5.2,58.67],[-3.04,58.67],[-3.02,58.53],[-3.43,58.18],[-4.12,57.97],[-4.11,57.9],[-5.26,57.83],[-5.46,57.97],[-5.47,58.04],[-5.42,58.32],[-5.24,58.32],[-5.26,58.46],[-5.17,58.46]]],[[[-6.72,61.48],[-6.71,61.41],[-6.99,61.48],[-7.02,61.62],[-6.74,61.62],[-6.72,61.48]]],[[[-6.77,62.33],[-6.66,62.26],[-6.69,61.9],[-6.79,61.9],[-7.28,62.05],[-7.32,62.33],[-6.96,62.4],[-6.77,62.33]]],[[[13.46,53.7],[13.46,53.66],[13.38,53.66],[13.29,53.66],[13.29,53.72],[13.46,53.7]]],[[[14.86,54.14],[15.03,54.14],[14.94,54.07],[15.02,53.8],[15.02,53.73],[14.75,53.6],[14.41,53.66],[14.51,54.0],[14.86,54.14]]],[[[13.68,53.94],[13.73,53.94],[13.82,53.94],[13.81,53.87],[13.77,53.87],[13.7,53.92],[13.68,53.94]]],[[[13.56,54.14],[13.56,54.03],[13.48,54.09],[13.3,54.0],[13.27,53.73],[13.21,53.73],[13.04,53.8],[13.04,54.07],[13.3,54.21],[13.56,54.14]]],[[[12.0,54.14],[12.09,54.34],[12.44,54.48],[12.79,54.41],[12.7,54.41],[12.78,54.14],[12.61,53.94],[12.17,53.94],[12.0,54.14]]],[[[13.66,54.48],[13.48,54.34],[13.23,54.55],[13.23,54.61],[13.23,54.75],[13.41,54.75],[13.66,54.61],[13.66,54.48]]],[[[39.33,57.9],[39.69,57.9],[39.65,57.77],[39.83,57.77],[39.79,57.63],[40.04,57.56],[39.9,57.35],[39.72,57.35],[39.75,57.14],[39.49,57.14],[39.36,57.01],[39.11,57.08],[39.15,57.21],[38.97,57.21],[39.01,57.35],[38.92,57.35],[38.83,57.35],[38.9,57.63],[39.08,57.63],[39.33,57.9]]],[[[40.41,58.6],[40.37,58.46],[40.55,58.46],[40.52,58.32],[40.77,58.25],[40.6,57.97],[40.44,58.04],[40.18,57.77],[39.83,57.77],[39.86,57.9],[39.69,57.9],[39.72,58.04],[39.54,58.04],[39.56,58.11],[39.58,58.18],[39.62,58.32],[39.8,58.32],[40.05,58.6],[40.41,58.6]]],[[[-3.38,59.22],[-3.2,59.22],[-3.09,59.09],[-2.81,59.02],[-2.79,58.88],[-2.97,58.88],[-3.06,58.88],[-3.42,58.81],[-3.53,59.02],[-3.44,59.02],[-3.38,59.22]]],[[[-2.58,59.36],[-2.56,59.22],[-2.65,59.22],[-2.64,59.16],[-2.83,59.16],[-2.84,59.29],[-2.58,59.36]]],[[[32.12,60.28],[31.9,59.64],[31.08,59.64],[30.84,59.78],[31.0,60.14],[31.38,60.21],[31.47,60.21],[31.45,60.14],[31.82,60.14],[31.86,60.35],[32.12,60.28]]],[[[-1.16,60.56],[-1.05,60.35],[-1.14,60.35],[-1.2,60.07],[-1.67,60.21],[-1.63,60.63],[-1.36,60.7],[-1.35,60.56],[-1.26,60.56],[-1.28,60.77],[-0.83,60.84],[-0.81,60.63],[-1.16,60.56]]]]},"properties":{"id":"territory:Viking settlements:840","name":"Viking settlements","name_en":"Viking settlements","actor":"기타중립","valid_from":840,"valid_to":850,"wikidata":"Q12567","area":45154,"src":"cliopatria","confidence":"medium"}},{"type":"Feature","geometry":{"type":"Point","coordinates":[-4.362,58.302]},"properties":{"id":"territory:Viking settlements:840:label","name":"Viking settlements","name_en":"Viking settlements","actor":"기타중립","valid_from":840,"valid_to":850,"wikidata":"Q12567","area":45154,"src":"cliopatria","confidence":"medium"}},{"type":"Feature","geometry":{"type":"MultiPolygon","coordinates":[[[[-0.06,52.52],[0.02,52.52],[0.03,52.45],[0.11,52.45],[0.12,52.38],[0.33,51.85],[0.85,51.71],[0.85,51.65],[0.86,51.58],[0.86,51.51],[0.78,51.51],[0.69,51.51],[0.61,51.51],[0.52,51.51],[0.53,51.45],[0.02,51.45],[-0.07,51.58],[-0.75,51.51],[-0.84,51.65],[-1.26,51.58],[-1.36,51.78],[-2.12,51.71],[-2.11,51.58],[-2.27,51.45],[-2.52,51.45],[-2.7,51.58],[-2.64,51.78],[-2.82,51.92],[-2.83,51.98],[-2.91,51.98],[-2.92,52.05],[-2.93,52.12],[-2.87,52.38],[-3.04,52.38],[-3.14,52.52],[-3.07,52.72],[-3.16,52.72],[-3.49,53.39],[-3.4,53.39],[-3.32,53.39],[-3.32,53.46],[-3.24,53.46],[-3.15,53.46],[-2.88,53.33],[-2.54,53.33],[-1.7,53.6],[-1.33,53.33],[-1.16,53.33],[-1.09,53.53],[-0.72,53.19],[-0.71,53.06],[-0.53,52.99],[-0.52,52.86],[-0.26,52.79],[-0.25,52.65],[-0.07,52.59],[-0.06,52.52]]],[[[-0.67,53.66],[-0.59,53.66],[-0.59,53.73],[0.02,53.66],[0.02,53.6],[0.3,53.39],[0.32,53.12],[0.16,52.99],[0.07,52.99],[-0.29,53.19],[-0.49,53.53],[-0.67,53.6],[-0.67,53.66]]]]},"properties":{"id":"territory:Kingdom of Mercia:866","name":"Kingdom of Mercia","name_en":"Kingdom of Mercia","actor":"기타중립","valid_from":866,"valid_to":870,"wikidata":"Q105092","area":44689,"src":"cliopatria","confidence":"medium"}},{"type":"Feature","geometry":{"type":"Point","coordinates":[-1.503,52.45]},"properties":{"id":"territory:Kingdom of Mercia:866:label","name":"Kingdom of Mercia","name_en":"Kingdom of Mercia","actor":"기타중립","valid_from":866,"valid_to":870,"wikidata":"Q105092","area":44689,"src":"cliopatria","confidence":"medium"}},{"type":"Feature","geometry":{"type":"Polygon","coordinates":[[[0.21,52.25],[0.12,52.32],[0.09,52.72],[0.25,52.86],[0.17,52.86],[0.07,52.99],[0.32,53.12],[0.3,53.39],[0.02,53.6],[0.02,53.66],[-0.68,53.73],[-0.75,53.53],[-1.09,53.53],[-1.16,53.33],[-1.33,53.33],[-1.7,53.6],[-2.54,53.33],[-2.88,53.33],[-3.15,53.46],[-3.24,53.46],[-3.32,53.46],[-3.32,53.39],[-3.4,53.39],[-3.49,53.39],[-3.27,52.99],[-3.07,52.72],[-3.14,52.52],[-3.04,52.38],[-2.87,52.38],[-2.93,52.12],[-2.92,52.05],[-2.91,51.98],[-2.83,51.98],[-2.82,51.92],[-2.64,51.78],[-2.7,51.58],[-2.35,51.38],[-2.11,51.58],[-2.12,51.71],[-1.36,51.78],[-1.26,51.58],[-0.84,51.65],[-0.75,51.51],[-0.58,51.51],[-0.7,51.92],[-0.52,51.78],[-0.43,51.78],[-0.44,51.92],[0.32,51.92],[0.22,52.18],[0.21,52.25]]]},"properties":{"id":"territory:Kingdom of Mercia:825","name":"Kingdom of Mercia","name_en":"Kingdom of Mercia","actor":"기타중립","valid_from":825,"valid_to":830,"wikidata":"Q105092","area":44482,"src":"cliopatria","confidence":"medium"}},{"type":"Feature","geometry":{"type":"Point","coordinates":[-1.443,52.634]},"properties":{"id":"territory:Kingdom of Mercia:825:label","name":"Kingdom of Mercia","name_en":"Kingdom of Mercia","actor":"기타중립","valid_from":825,"valid_to":830,"wikidata":"Q105092","area":44482,"src":"cliopatria","confidence":"medium"}},{"type":"Feature","geometry":{"type":"MultiPolygon","coordinates":[[[[51.38,55.91],[51.97,55.84],[52.03,55.77],[51.91,55.43],[52.0,55.43],[51.9,55.16],[51.57,54.95],[51.61,54.82],[51.35,54.82],[51.21,54.68],[50.39,54.55],[50.06,54.61],[49.67,54.48],[49.69,54.55],[48.32,54.61],[47.82,54.95],[47.82,55.23],[47.91,55.23],[48.33,56.25],[48.8,56.59],[49.99,56.46],[49.96,56.39],[50.29,56.32],[50.57,56.11],[51.4,55.98],[51.38,55.91]]],[[[51.16,56.05],[51.08,56.05],[51.1,56.11],[51.19,56.11],[51.16,56.05]]]]},"properties":{"id":"territory:Volga Bulgaria:682","name":"Volga Bulgaria","name_en":"Volga Bulgaria","actor":"기타중립","valid_from":682,"valid_to":1072,"wikidata":"Q185488","area":44238,"src":"cliopatria","confidence":"medium"}},{"type":"Feature","geometry":{"type":"Point","coordinates":[49.799,55.458]},"properties":{"id":"territory:Volga Bulgaria:682:label","name":"Volga Bulgaria","name_en":"Volga Bulgaria","actor":"기타중립","valid_from":682,"valid_to":1072,"wikidata":"Q185488","area":44238,"src":"cliopatria","confidence":"medium"}},{"type":"Feature","geometry":{"type":"Polygon","coordinates":[[[-1.11,54.68],[-1.29,54.68],[-1.4,54.95],[-1.49,54.95],[-1.63,55.57],[-2.02,55.91],[-2.66,56.11],[-3.18,56.05],[-3.26,56.05],[-3.78,55.98],[-3.38,55.57],[-3.36,55.36],[-3.19,55.36],[-3.08,55.23],[-3.06,55.02],[-3.4,54.95],[-3.39,54.89],[-3.65,54.82],[-3.7,54.55],[-3.62,54.55],[-3.59,54.27],[-3.32,54.21],[-3.3,54.07],[-2.97,54.14],[-3.2,53.87],[-3.1,53.73],[-3.16,53.53],[-3.15,53.46],[-2.88,53.33],[-2.54,53.33],[-1.7,53.6],[-1.33,53.33],[-1.16,53.33],[-1.09,53.53],[-0.75,53.53],[-0.68,53.73],[0.02,53.66],[0.01,53.73],[-0.39,54.41],[-0.67,54.61],[-1.11,54.61],[-1.11,54.68]]]},"properties":{"id":"territory:Kingdom of Northumbria:750","name":"Kingdom of Northumbria","name_en":"Kingdom of Northumbria","actor":"기타중립","valid_from":750,"valid_to":866,"wikidata":"Q107299","area":43592,"src":"cliopatria","confidence":"medium"}},{"type":"Feature","geometry":{"type":"Point","coordinates":[-2.136,54.578]},"properties":{"id":"territory:Kingdom of Northumbria:750:label","name":"Kingdom of Northumbria","name_en":"Kingdom of Northumbria","actor":"기타중립","valid_from":750,"valid_to":866,"wikidata":"Q107299","area":43592,"src":"cliopatria","confidence":"medium"}},{"type":"Feature","geometry":{"type":"Polygon","coordinates":[[[16.86,40.29],[16.62,40.29],[16.7,40.1],[16.46,39.97],[16.45,39.77],[16.45,39.71],[15.9,39.71],[15.9,39.77],[15.67,39.9],[15.75,40.03],[15.43,40.03],[14.96,40.29],[14.97,40.61],[14.81,40.68],[14.73,40.68],[14.74,40.81],[14.58,40.81],[14.5,41.0],[14.03,41.0],[13.95,41.0],[13.95,41.13],[13.79,41.13],[13.71,41.26],[13.4,41.26],[13.4,41.33],[13.87,41.33],[14.04,41.52],[13.96,41.72],[14.12,41.72],[14.37,41.98],[14.69,42.11],[14.77,42.11],[14.92,41.98],[15.17,42.04],[15.24,41.91],[16.12,41.91],[16.11,41.78],[15.87,41.72],[15.94,41.39],[16.73,41.2],[17.67,40.74],[17.5,40.55],[16.87,40.48],[16.95,40.42],[16.86,40.36],[16.86,40.29]]]},"properties":{"id":"territory:Duchy of Benevento:793","name":"Duchy of Benevento","name_en":"Duchy of Benevento","actor":"기타중립","valid_from":793,"valid_to":840,"wikidata":"Q267816","area":42794,"src":"cliopatria","confidence":"medium"}},{"type":"Feature","geometry":{"type":"Point","coordinates":[15.591,40.959]},"properties":{"id":"territory:Duchy of Benevento:793:label","name":"Duchy of Benevento","name_en":"Duchy of Benevento","actor":"기타중립","valid_from":793,"valid_to":840,"wikidata":"Q267816","area":42794,"src":"cliopatria","confidence":"medium"}},{"type":"Feature","geometry":{"type":"Polygon","coordinates":[[[-2.84,57.77],[-3.99,57.7],[-3.93,57.9],[-4.02,57.9],[-4.11,57.9],[-5.26,57.83],[-5.46,57.97],[-5.55,57.97],[-5.89,57.83],[-5.92,57.42],[-5.73,57.35],[-5.7,57.14],[-5.95,57.01],[-5.91,56.73],[-6.0,56.73],[-5.88,56.52],[-5.45,56.59],[-5.68,56.39],[-5.66,56.18],[-5.74,56.18],[-5.72,55.98],[-5.8,55.98],[-5.79,55.84],[-5.44,55.91],[-5.36,55.91],[-5.3,56.11],[-4.93,56.05],[-4.85,56.05],[-4.86,56.18],[-4.25,56.18],[-3.96,55.98],[-3.78,55.98],[-3.26,56.05],[-3.27,56.11],[-2.67,56.25],[-2.79,56.52],[-2.53,56.59],[-2.21,56.87],[-2.08,57.28],[-1.82,57.42],[-1.85,57.7],[-2.04,57.77],[-2.75,57.77],[-2.84,57.77]]]},"properties":{"id":"territory:Dál Riata:840","name":"Dál Riata","name_en":"Dál Riata","actor":"기타중립","valid_from":840,"valid_to":875,"wikidata":"Q111471","area":41748,"src":"cliopatria","confidence":"medium"}},{"type":"Feature","geometry":{"type":"Point","coordinates":[-4.088,56.997]},"properties":{"id":"territory:Dál Riata:840:label","name":"Dál Riata","name_en":"Dál Riata","actor":"기타중립","valid_from":840,"valid_to":875,"wikidata":"Q111471","area":41748,"src":"cliopatria","confidence":"medium"}},{"type":"Feature","geometry":{"type":"Polygon","coordinates":[[[-1.11,54.68],[-1.29,54.68],[-1.4,54.95],[-1.49,54.95],[-1.63,55.57],[-2.02,55.91],[-2.66,56.11],[-3.18,56.05],[-3.26,56.05],[-3.78,55.98],[-3.38,55.57],[-3.36,55.36],[-3.19,55.36],[-3.08,55.23],[-3.06,55.02],[-3.4,54.95],[-3.39,54.89],[-3.65,54.82],[-3.7,54.55],[-3.62,54.55],[-3.59,54.27],[-3.32,54.21],[-3.3,54.07],[-2.97,54.14],[-3.2,53.87],[-3.1,53.73],[-3.16,53.53],[-3.15,53.46],[-2.88,53.33],[-2.54,53.33],[-1.7,53.6],[-1.33,53.33],[-1.16,53.33],[-1.09,53.53],[-1.29,53.8],[-1.32,54.07],[-1.06,54.07],[-0.59,53.73],[0.02,53.66],[0.01,53.73],[-0.39,54.41],[-0.67,54.61],[-1.11,54.61],[-1.11,54.68]]]},"properties":{"id":"territory:Kingdom of Northumbria:866","name":"Kingdom of Northumbria","name_en":"Kingdom of Northumbria","actor":"기타중립","valid_from":866,"valid_to":870,"wikidata":"Q107299","area":41731,"src":"cliopatria","confidence":"medium"}},{"type":"Feature","geometry":{"type":"Point","coordinates":[-2.186,54.612]},"properties":{"id":"territory:Kingdom of Northumbria:866:label","name":"Kingdom of Northumbria","name_en":"Kingdom of Northumbria","actor":"기타중립","valid_from":866,"valid_to":870,"wikidata":"Q107299","area":41731,"src":"cliopatria","confidence":"medium"}},{"type":"Feature","geometry":{"type":"Polygon","coordinates":[[[7.9,46.94],[7.65,47.07],[7.73,47.4],[7.48,47.53],[7.15,47.47],[6.98,47.86],[6.81,47.93],[6.14,47.99],[5.82,47.86],[5.82,47.73],[5.58,47.66],[5.59,47.14],[5.43,47.07],[5.36,46.87],[5.61,46.55],[5.8,45.96],[6.7,45.89],[7.11,45.43],[7.36,45.56],[7.93,45.56],[8.0,45.89],[7.92,46.02],[8.4,46.41],[8.31,46.94],[7.98,46.94],[7.9,46.94]]]},"properties":{"id":"territory:Upper Burgundy:899","name":"Upper Burgundy","name_en":"Upper Burgundy","actor":"게르만","valid_from":899,"valid_to":900,"wikidata":"Q33235","area":41672,"src":"cliopatria","confidence":"medium"}},{"type":"Feature","geometry":{"type":"Point","coordinates":[6.828,46.732]},"properties":{"id":"territory:Upper Burgundy:899:label","name":"Upper Burgundy","name_en":"Upper Burgundy","actor":"게르만","valid_from":899,"valid_to":900,"wikidata":"Q33235","area":41672,"src":"cliopatria","confidence":"medium"}},{"type":"Feature","geometry":{"type":"Polygon","coordinates":[[[-2.84,57.77],[-3.99,57.7],[-3.93,57.9],[-4.02,57.9],[-4.11,57.9],[-4.82,57.83],[-4.9,57.83],[-5.26,57.83],[-5.46,57.97],[-5.55,57.97],[-5.89,57.83],[-5.92,57.42],[-5.73,57.35],[-5.7,57.14],[-5.95,57.01],[-5.91,56.73],[-6.0,56.73],[-5.88,56.52],[-5.45,56.59],[-5.68,56.39],[-5.66,56.18],[-5.74,56.18],[-5.72,55.98],[-5.8,55.98],[-5.79,55.84],[-5.44,55.91],[-5.36,55.91],[-5.3,56.11],[-4.93,56.05],[-4.85,56.05],[-4.86,56.18],[-4.25,56.18],[-3.96,55.98],[-3.78,55.98],[-3.26,56.05],[-3.27,56.11],[-2.67,56.25],[-2.79,56.52],[-2.53,56.59],[-2.21,56.87],[-2.08,57.28],[-1.82,57.42],[-1.85,57.7],[-2.04,57.77],[-2.75,57.77],[-2.84,57.77]]]},"properties":{"id":"territory:Dál Riata:875","name":"Dál Riata","name_en":"Dál Riata","actor":"기타중립","valid_from":875,"valid_to":899,"wikidata":"Q111471","area":41646,"src":"cliopatria","confidence":"medium"}},{"type":"Feature","geometry":{"type":"Polygon","coordinates":[[[-2.84,57.77],[-3.99,57.7],[-3.93,57.9],[-4.02,57.9],[-4.11,57.9],[-4.82,57.83],[-4.9,57.83],[-5.26,57.83],[-5.46,57.97],[-5.55,57.97],[-5.89,57.83],[-5.92,57.42],[-5.73,57.35],[-5.7,57.14],[-5.95,57.01],[-5.91,56.73],[-6.0,56.73],[-5.88,56.52],[-5.45,56.59],[-5.68,56.39],[-5.66,56.18],[-5.74,56.18],[-5.72,55.98],[-5.8,55.98],[-5.79,55.84],[-5.44,55.91],[-5.36,55.91],[-5.3,56.11],[-4.93,56.05],[-4.85,56.05],[-4.86,56.18],[-4.25,56.18],[-3.96,55.98],[-3.78,55.98],[-3.26,56.05],[-3.27,56.11],[-2.67,56.25],[-2.79,56.52],[-2.53,56.59],[-2.21,56.87],[-2.08,57.28],[-1.82,57.42],[-1.85,57.7],[-2.04,57.77],[-2.75,57.77],[-2.84,57.77]]]},"properties":{"id":"territory:Dál Riata:899","name":"Dál Riata","name_en":"Dál Riata","actor":"기타중립","valid_from":899,"valid_to":900,"wikidata":"Q111471","area":41646,"src":"cliopatria","confidence":"medium"}},{"type":"Feature","geometry":{"type":"Point","coordinates":[-4.087,56.995]},"properties":{"id":"territory:Dál Riata:875:label","name":"Dál Riata","name_en":"Dál Riata","actor":"기타중립","valid_from":875,"valid_to":899,"wikidata":"Q111471","area":41646,"src":"cliopatria","confidence":"medium"}},{"type":"Feature","geometry":{"type":"Point","coordinates":[-4.087,56.995]},"properties":{"id":"territory:Dál Riata:899:label","name":"Dál Riata","name_en":"Dál Riata","actor":"기타중립","valid_from":899,"valid_to":900,"wikidata":"Q111471","area":41646,"src":"cliopatria","confidence":"medium"}},{"type":"Feature","geometry":{"type":"Polygon","coordinates":[[[-2.13,47.07],[-2.23,47.27],[-2.56,47.27],[-2.58,47.47],[-2.83,47.47],[-2.84,47.6],[-3.16,47.47],[-3.34,47.73],[-3.76,47.73],[-3.93,47.86],[-4.42,47.8],[-4.69,47.99],[-4.71,48.13],[-4.55,48.19],[-4.64,48.32],[-4.89,48.32],[-4.91,48.52],[-4.6,48.72],[-3.85,48.72],[-3.46,48.92],[-3.12,48.92],[-2.76,48.59],[-2.52,48.72],[-1.69,48.65],[-1.6,48.65],[-1.34,48.46],[-1.09,48.46],[-0.73,48.13],[-0.22,47.99],[-0.22,47.86],[-0.37,47.73],[-0.36,47.53],[-0.93,47.53],[-1.25,47.4],[-1.31,47.01],[-2.13,47.01],[-2.13,47.07]]]},"properties":{"id":"territory:Kingdom of Brittany:866","name":"Kingdom of Brittany","name_en":"Kingdom of Brittany","actor":"기타중립","valid_from":866,"valid_to":870,"wikidata":"Q771193","area":41556,"src":"cliopatria","confidence":"medium"}},{"type":"Feature","geometry":{"type":"Point","coordinates":[-2.523,48.039]},"properties":{"id":"territory:Kingdom of Brittany:866:label","name":"Kingdom of Brittany","name_en":"Kingdom of Brittany","actor":"기타중립","valid_from":866,"valid_to":870,"wikidata":"Q771193","area":41556,"src":"cliopatria","confidence":"medium"}},{"type":"Feature","geometry":{"type":"Polygon","coordinates":[[[7.9,46.94],[7.65,47.07],[7.73,47.4],[7.48,47.53],[7.15,47.47],[6.98,47.86],[6.31,47.99],[5.82,47.86],[5.82,47.73],[5.58,47.66],[5.59,47.14],[5.43,47.07],[5.36,46.87],[5.61,46.55],[5.8,45.96],[6.7,45.89],[7.11,45.43],[7.36,45.56],[7.93,45.56],[8.0,45.89],[7.92,46.02],[8.4,46.41],[8.31,46.94],[7.98,46.94],[7.9,46.94]]]},"properties":{"id":"territory:Upper Burgundy:887","name":"Upper Burgundy","name_en":"Upper Burgundy","actor":"게르만","valid_from":887,"valid_to":896,"wikidata":"Q33235","area":41536,"src":"cliopatria","confidence":"medium"}},{"type":"Feature","geometry":{"type":"Polygon","coordinates":[[[7.9,46.94],[7.65,47.07],[7.73,47.4],[7.48,47.53],[7.15,47.47],[6.98,47.86],[6.31,47.99],[5.82,47.86],[5.82,47.73],[5.58,47.66],[5.59,47.14],[5.43,47.07],[5.36,46.87],[5.61,46.55],[5.8,45.96],[6.7,45.89],[7.11,45.43],[7.36,45.56],[7.93,45.56],[8.0,45.89],[7.92,46.02],[8.4,46.41],[8.31,46.94],[7.98,46.94],[7.9,46.94]]]},"properties":{"id":"territory:Upper Burgundy:898","name":"Upper Burgundy","name_en":"Upper Burgundy","actor":"게르만","valid_from":898,"valid_to":899,"wikidata":"Q33235","area":41536,"src":"cliopatria","confidence":"medium"}},{"type":"Feature","geometry":{"type":"Point","coordinates":[6.829,46.727]},"properties":{"id":"territory:Upper Burgundy:887:label","name":"Upper Burgundy","name_en":"Upper Burgundy","actor":"게르만","valid_from":887,"valid_to":896,"wikidata":"Q33235","area":41536,"src":"cliopatria","confidence":"medium"}},{"type":"Feature","geometry":{"type":"Point","coordinates":[6.829,46.727]},"properties":{"id":"territory:Upper Burgundy:898:label","name":"Upper Burgundy","name_en":"Upper Burgundy","actor":"게르만","valid_from":898,"valid_to":899,"wikidata":"Q33235","area":41536,"src":"cliopatria","confidence":"medium"}},{"type":"Feature","geometry":{"type":"Polygon","coordinates":[[[49.19,39.38],[49.27,39.38],[49.51,40.23],[49.69,40.36],[50.26,40.42],[50.05,40.55],[49.51,40.61],[49.24,40.87],[49.27,41.0],[49.06,41.13],[49.09,41.26],[48.56,41.78],[48.28,41.59],[48.2,41.59],[48.08,41.39],[47.72,41.2],[47.84,41.0],[47.72,40.81],[47.24,40.74],[46.8,40.94],[46.32,40.94],[46.06,40.81],[45.82,40.36],[46.28,40.29],[46.87,40.48],[46.94,40.42],[46.8,40.1],[47.0,39.9],[47.31,39.9],[47.41,39.58],[47.9,39.64],[48.09,39.84],[48.72,39.84],[48.78,39.71],[49.0,39.64],[49.03,39.38],[49.18,39.32],[49.19,39.38]]]},"properties":{"id":"territory:Shirvan:866","name":"Shirvan","name_en":"Shirvan","actor":"기타중립","valid_from":866,"valid_to":886,"wikidata":"Q638064","area":41530,"src":"cliopatria","confidence":"medium"}},{"type":"Feature","geometry":{"type":"Point","coordinates":[48.121,40.499]},"properties":{"id":"territory:Shirvan:866:label","name":"Shirvan","name_en":"Shirvan","actor":"기타중립","valid_from":866,"valid_to":886,"wikidata":"Q638064","area":41530,"src":"cliopatria","confidence":"medium"}},{"type":"Feature","geometry":{"type":"Polygon","coordinates":[[[7.9,46.94],[7.65,47.07],[7.73,47.4],[7.48,47.53],[7.15,47.47],[6.98,47.86],[6.31,47.99],[5.82,47.86],[5.82,47.73],[5.58,47.66],[5.59,47.14],[5.43,47.07],[5.36,46.87],[5.61,46.55],[5.8,45.96],[6.7,45.89],[7.11,45.43],[7.36,45.56],[8.01,45.63],[7.92,46.02],[8.4,46.41],[8.4,46.81],[8.31,46.94],[7.98,46.94],[7.9,46.94]]]},"properties":{"id":"territory:Upper Burgundy:896","name":"Upper Burgundy","name_en":"Upper Burgundy","actor":"게르만","valid_from":896,"valid_to":898,"wikidata":"Q33235","area":41511,"src":"cliopatria","confidence":"medium"}},{"type":"Feature","geometry":{"type":"Point","coordinates":[6.831,46.732]},"properties":{"id":"territory:Upper Burgundy:896:label","name":"Upper Burgundy","name_en":"Upper Burgundy","actor":"게르만","valid_from":896,"valid_to":898,"wikidata":"Q33235","area":41511,"src":"cliopatria","confidence":"medium"}},{"type":"Feature","geometry":{"type":"Polygon","coordinates":[[[46.87,40.48],[46.94,40.42],[46.8,40.1],[47.0,39.9],[47.31,39.9],[47.41,39.58],[47.9,39.64],[48.09,39.84],[48.72,39.84],[48.78,39.71],[49.0,39.64],[49.03,39.38],[49.18,39.32],[49.19,39.38],[49.27,39.38],[49.51,40.23],[49.69,40.36],[50.26,40.42],[50.05,40.55],[49.51,40.61],[49.24,40.87],[49.27,41.0],[49.06,41.13],[49.09,41.26],[48.56,41.78],[48.28,41.59],[48.2,41.59],[48.08,41.39],[47.72,41.2],[47.84,41.0],[47.72,40.81],[47.24,40.74],[46.8,40.94],[46.32,40.94],[46.06,40.81],[45.82,40.36],[46.45,40.36],[46.87,40.48]]]},"properties":{"id":"territory:Shirvan:886","name":"Shirvan","name_en":"Shirvan","actor":"기타중립","valid_from":886,"valid_to":947,"wikidata":"Q638064","area":41313,"src":"cliopatria","confidence":"medium"}},{"type":"Feature","geometry":{"type":"Point","coordinates":[48.132,40.5]},"properties":{"id":"territory:Shirvan:886:label","name":"Shirvan","name_en":"Shirvan","actor":"기타중립","valid_from":886,"valid_to":947,"wikidata":"Q638064","area":41313,"src":"cliopatria","confidence":"medium"}},{"type":"Feature","geometry":{"type":"Polygon","coordinates":[[[52.59,36.61],[53.09,36.8],[53.88,36.87],[53.96,36.87],[53.92,36.67],[54.0,36.67],[54.08,36.29],[54.22,36.22],[54.12,36.1],[54.01,35.9],[53.52,35.77],[52.74,35.71],[52.53,35.84],[52.34,35.64],[52.03,35.64],[51.97,35.77],[51.38,35.9],[51.18,36.1],[50.94,36.1],[50.81,36.22],[50.41,36.16],[50.36,36.29],[49.19,36.74],[49.16,37.06],[49.46,37.45],[49.54,37.45],[50.0,37.38],[50.32,37.0],[50.57,37.06],[50.63,37.0],[50.53,36.87],[51.26,36.61],[52.51,36.61],[52.59,36.61]]]},"properties":{"id":"territory:Zaydi Alid dynasties:886","name":"Zaydi Alid dynasties","name_en":"Zaydi Alid dynasties","actor":"기타중립","valid_from":886,"valid_to":892,"wikidata":"Q1990528","area":40916,"src":"cliopatria","confidence":"medium"}},{"type":"Feature","geometry":{"type":"Polygon","coordinates":[[[52.59,36.61],[53.09,36.8],[53.88,36.87],[53.96,36.87],[53.92,36.67],[54.0,36.67],[54.08,36.29],[54.22,36.22],[54.12,36.1],[54.01,35.9],[53.52,35.77],[52.74,35.71],[52.53,35.84],[52.34,35.64],[52.03,35.64],[51.97,35.77],[51.38,35.9],[51.18,36.1],[50.94,36.1],[50.81,36.22],[50.41,36.16],[50.36,36.29],[49.19,36.74],[49.16,37.06],[49.46,37.45],[49.54,37.45],[50.0,37.38],[50.32,37.0],[50.57,37.06],[50.63,37.0],[50.53,36.87],[51.26,36.61],[52.51,36.61],[52.59,36.61]]]},"properties":{"id":"territory:Zaydi Alid dynasties:896","name":"Zaydi Alid dynasties","name_en":"Zaydi Alid dynasties","actor":"기타중립","valid_from":896,"valid_to":898,"wikidata":"Q1990528","area":40916,"src":"cliopatria","confidence":"medium"}},{"type":"Feature","geometry":{"type":"Point","coordinates":[51.793,36.429]},"properties":{"id":"territory:Zaydi Alid dynasties:886:label","name":"Zaydi Alid dynasties","name_en":"Zaydi Alid dynasties","actor":"기타중립","valid_from":886,"valid_to":892,"wikidata":"Q1990528","area":40916,"src":"cliopatria","confidence":"medium"}},{"type":"Feature","geometry":{"type":"Point","coordinates":[51.793,36.429]},"properties":{"id":"territory:Zaydi Alid dynasties:896:label","name":"Zaydi Alid dynasties","name_en":"Zaydi Alid dynasties","actor":"기타중립","valid_from":896,"valid_to":898,"wikidata":"Q1990528","area":40916,"src":"cliopatria","confidence":"medium"}},{"type":"Feature","geometry":{"type":"Polygon","coordinates":[[[52.59,36.61],[53.09,36.8],[53.88,36.87],[53.96,36.87],[53.92,36.67],[54.0,36.67],[54.08,36.29],[54.22,36.22],[54.01,35.9],[52.81,35.71],[52.53,35.84],[52.34,35.64],[52.03,35.64],[51.97,35.77],[51.38,35.9],[51.18,36.1],[50.94,36.1],[50.81,36.22],[50.41,36.16],[50.36,36.29],[49.19,36.74],[49.16,37.06],[49.46,37.45],[49.54,37.45],[50.0,37.38],[50.32,37.0],[50.57,37.06],[50.63,37.0],[50.53,36.87],[51.26,36.61],[52.51,36.61],[52.59,36.61]]]},"properties":{"id":"territory:Zaydi Alid dynasties:875","name":"Zaydi Alid dynasties","name_en":"Zaydi Alid dynasties","actor":"기타중립","valid_from":875,"valid_to":886,"wikidata":"Q1990528","area":40616,"src":"cliopatria","confidence":"medium"}},{"type":"Feature","geometry":{"type":"Polygon","coordinates":[[[52.59,36.61],[53.09,36.8],[53.88,36.87],[53.96,36.87],[53.92,36.67],[54.0,36.67],[54.08,36.29],[54.22,36.22],[54.01,35.9],[52.81,35.71],[52.53,35.84],[52.34,35.64],[52.03,35.64],[51.97,35.77],[51.38,35.9],[51.18,36.1],[50.94,36.1],[50.81,36.22],[50.41,36.16],[50.36,36.29],[49.19,36.74],[49.16,37.06],[49.46,37.45],[49.54,37.45],[50.0,37.38],[50.32,37.0],[50.57,37.06],[50.63,37.0],[50.53,36.87],[51.26,36.61],[52.51,36.61],[52.59,36.61]]]},"properties":{"id":"territory:Zaydi Alid dynasties:898","name":"Zaydi Alid dynasties","name_en":"Zaydi Alid dynasties","actor":"기타중립","valid_from":898,"valid_to":911,"wikidata":"Q1990528","area":40616,"src":"cliopatria","confidence":"medium"}},{"type":"Feature","geometry":{"type":"Point","coordinates":[51.782,36.435]},"properties":{"id":"territory:Zaydi Alid dynasties:875:label","name":"Zaydi Alid dynasties","name_en":"Zaydi Alid dynasties","actor":"기타중립","valid_from":875,"valid_to":886,"wikidata":"Q1990528","area":40616,"src":"cliopatria","confidence":"medium"}},{"type":"Feature","geometry":{"type":"Point","coordinates":[51.782,36.435]},"properties":{"id":"territory:Zaydi Alid dynasties:898:label","name":"Zaydi Alid dynasties","name_en":"Zaydi Alid dynasties","actor":"기타중립","valid_from":898,"valid_to":911,"wikidata":"Q1990528","area":40616,"src":"cliopatria","confidence":"medium"}},{"type":"Feature","geometry":{"type":"Polygon","coordinates":[[[-2.13,47.07],[-2.23,47.27],[-2.56,47.27],[-2.58,47.47],[-2.83,47.47],[-2.84,47.6],[-3.16,47.47],[-3.34,47.73],[-3.76,47.73],[-3.93,47.86],[-4.42,47.8],[-4.69,47.99],[-4.71,48.13],[-4.55,48.19],[-4.64,48.32],[-4.89,48.32],[-4.91,48.52],[-4.6,48.72],[-3.85,48.72],[-3.46,48.92],[-3.12,48.92],[-2.76,48.59],[-2.52,48.72],[-1.69,48.65],[-1.6,48.65],[-0.82,48.26],[-0.36,47.53],[-0.93,47.53],[-1.25,47.4],[-1.31,47.01],[-2.13,47.01],[-2.13,47.07]]]},"properties":{"id":"territory:Kingdom of Brittany:860","name":"Kingdom of Brittany","name_en":"Kingdom of Brittany","actor":"기타중립","valid_from":860,"valid_to":866,"wikidata":"Q771193","area":40597,"src":"cliopatria","confidence":"medium"}},{"type":"Feature","geometry":{"type":"Point","coordinates":[-2.574,48.043]},"properties":{"id":"territory:Kingdom of Brittany:860:label","name":"Kingdom of Brittany","name_en":"Kingdom of Brittany","actor":"기타중립","valid_from":860,"valid_to":866,"wikidata":"Q771193","area":40597,"src":"cliopatria","confidence":"medium"}},{"type":"Feature","geometry":{"type":"MultiPolygon","coordinates":[[[[17.75,42.76],[17.75,42.69],[17.67,42.69],[17.67,42.76],[17.75,42.76]]],[[[20.5,43.28],[20.5,43.15],[20.33,43.08],[20.4,42.89],[20.15,42.76],[20.14,42.5],[19.02,42.43],[18.7,42.56],[18.62,42.43],[18.14,42.63],[18.15,42.82],[17.51,42.82],[17.44,43.02],[17.84,43.02],[17.84,43.15],[17.6,43.15],[17.45,43.41],[17.46,43.6],[17.62,43.6],[17.72,43.93],[18.04,43.99],[18.05,44.12],[18.54,44.32],[18.55,44.45],[18.71,44.39],[18.88,44.58],[19.04,44.52],[19.12,44.52],[19.11,44.32],[19.5,43.99],[19.81,43.93],[19.81,43.86],[19.96,43.67],[20.12,43.67],[20.19,43.47],[20.36,43.54],[20.43,43.34],[20.42,43.28],[20.5,43.28]]]]},"properties":{"id":"territory:Principality of Serbia:860","name":"Principality of Serbia","name_en":"Principality of Serbia","actor":"기타중립","valid_from":860,"valid_to":911,"wikidata":"Q1311990","area":37790,"src":"cliopatria","confidence":"medium"}},{"type":"Feature","geometry":{"type":"Point","coordinates":[18.942,43.346]},"properties":{"id":"territory:Principality of Serbia:860:label","name":"Principality of Serbia","name_en":"Principality of Serbia","actor":"기타중립","valid_from":860,"valid_to":911,"wikidata":"Q1311990","area":37790,"src":"cliopatria","confidence":"medium"}},{"type":"Feature","geometry":{"type":"Polygon","coordinates":[[[0.11,52.45],[-0.33,52.65],[-1.11,52.79],[-1.3,52.99],[-1.33,53.26],[-1.76,53.33],[-1.95,53.53],[-2.04,53.53],[-2.13,53.53],[-2.12,53.46],[-2.21,53.46],[-2.29,53.46],[-2.29,53.39],[-2.88,53.33],[-3.15,53.46],[-3.24,53.46],[-3.32,53.46],[-3.32,53.39],[-3.4,53.39],[-3.49,53.39],[-3.16,52.72],[-3.07,52.72],[-3.14,52.52],[-2.95,52.38],[-2.87,52.38],[-2.85,52.18],[-2.93,52.18],[-2.91,51.98],[-2.83,51.98],[-2.82,51.92],[-2.64,51.78],[-2.7,51.58],[-2.52,51.45],[-2.27,51.45],[-2.11,51.58],[-2.12,51.71],[-1.36,51.78],[-1.26,51.58],[-0.84,51.65],[-0.75,51.51],[-0.07,51.58],[0.02,51.45],[0.53,51.45],[0.52,51.51],[0.61,51.51],[0.69,51.51],[0.78,51.51],[0.86,51.51],[0.86,51.58],[0.85,51.65],[0.85,51.71],[0.33,51.85],[0.12,52.38],[0.11,52.45]]]},"properties":{"id":"territory:Kingdom of Mercia:870","name":"Kingdom of Mercia","name_en":"Kingdom of Mercia","actor":"기타중립","valid_from":870,"valid_to":875,"wikidata":"Q105092","area":37649,"src":"cliopatria","confidence":"medium"}},{"type":"Feature","geometry":{"type":"Point","coordinates":[-1.556,52.383]},"properties":{"id":"territory:Kingdom of Mercia:870:label","name":"Kingdom of Mercia","name_en":"Kingdom of Mercia","actor":"기타중립","valid_from":870,"valid_to":875,"wikidata":"Q105092","area":37649,"src":"cliopatria","confidence":"medium"}},{"type":"Feature","geometry":{"type":"Polygon","coordinates":[[[20.42,43.28],[20.5,43.28],[20.5,43.15],[20.33,43.08],[20.4,42.89],[20.15,42.76],[20.14,42.5],[19.02,42.43],[18.7,42.56],[18.62,42.43],[18.14,42.63],[18.23,42.89],[18.0,42.95],[17.77,43.21],[17.6,43.15],[17.46,43.6],[17.62,43.6],[17.72,43.93],[18.04,43.99],[18.05,44.12],[18.54,44.32],[18.55,44.45],[18.71,44.39],[18.88,44.58],[19.04,44.52],[19.12,44.52],[19.11,44.32],[19.5,43.99],[19.81,43.93],[19.81,43.86],[19.96,43.67],[20.12,43.67],[20.19,43.47],[20.36,43.54],[20.43,43.34],[20.42,43.28]]]},"properties":{"id":"territory:Principality of Serbia:850","name":"Principality of Serbia","name_en":"Principality of Serbia","actor":"기타중립","valid_from":850,"valid_to":860,"wikidata":"Q1311990","area":36323,"src":"cliopatria","confidence":"medium"}},{"type":"Feature","geometry":{"type":"Point","coordinates":[18.988,43.36]},"properties":{"id":"territory:Principality of Serbia:850:label","name":"Principality of Serbia","name_en":"Principality of Serbia","actor":"기타중립","valid_from":850,"valid_to":860,"wikidata":"Q1311990","area":36323,"src":"cliopatria","confidence":"medium"}},{"type":"Feature","geometry":{"type":"Polygon","coordinates":[[[-8.12,31.59],[-8.64,31.34],[-9.85,31.14],[-9.8,31.59],[-9.31,32.17],[-9.33,32.49],[-9.2,32.75],[-8.55,33.33],[-7.88,33.59],[-7.8,33.59],[-7.79,33.46],[-7.56,33.39],[-7.37,32.81],[-7.44,32.81],[-7.42,32.49],[-7.63,32.24],[-7.62,32.04],[-7.91,31.85],[-8.05,31.59],[-8.12,31.59]]]},"properties":{"id":"territory:Barghawata Conference:793","name":"Barghawata Conference","name_en":"Barghawata Conference","actor":"기타중립","valid_from":793,"valid_to":1015,"wikidata":"Q7903","area":36301,"src":"cliopatria","confidence":"medium"}},{"type":"Feature","geometry":{"type":"Point","coordinates":[-8.519,32.32]},"properties":{"id":"territory:Barghawata Conference:793:label","name":"Barghawata Conference","name_en":"Barghawata Conference","actor":"기타중립","valid_from":793,"valid_to":1015,"wikidata":"Q7903","area":36301,"src":"cliopatria","confidence":"medium"}},{"type":"Feature","geometry":{"type":"Polygon","coordinates":[[[1.12,51.45],[1.04,51.45],[0.95,51.45],[0.87,51.45],[0.78,51.45],[0.7,51.45],[0.61,51.45],[0.53,51.45],[0.02,51.45],[-0.07,51.58],[-0.75,51.51],[-0.84,51.65],[-1.26,51.58],[-1.36,51.78],[-2.12,51.71],[-2.11,51.58],[-2.27,51.45],[-2.52,51.45],[-2.7,51.58],[-2.79,51.58],[-3.11,51.38],[-3.09,51.25],[-4.2,51.31],[-4.43,51.05],[-4.68,51.05],[-4.67,50.91],[-4.66,50.85],[-4.31,50.71],[-4.27,50.38],[-4.19,50.38],[-4.09,50.25],[-3.58,50.25],[-3.46,50.65],[-3.13,50.71],[-2.79,50.71],[-2.61,50.58],[-1.52,50.71],[-1.51,50.58],[-1.18,50.58],[-1.11,50.78],[-1.37,50.85],[0.49,50.78],[1.39,51.18],[1.38,51.38],[1.21,51.45],[1.12,51.45]]]},"properties":{"id":"territory:Kingdom of Wessex:840","name":"Kingdom of Wessex","name_en":"Kingdom of Wessex","actor":"기타중립","valid_from":840,"valid_to":875,"wikidata":"Q105313","area":35982,"src":"cliopatria","confidence":"medium"}},{"type":"Feature","geometry":{"type":"Point","coordinates":[-1.795,51.076]},"properties":{"id":"territory:Kingdom of Wessex:840:label","name":"Kingdom of Wessex","name_en":"Kingdom of Wessex","actor":"기타중립","valid_from":840,"valid_to":875,"wikidata":"Q105313","area":35982,"src":"cliopatria","confidence":"medium"}},{"type":"Feature","geometry":{"type":"Polygon","coordinates":[[[0.95,51.45],[0.87,51.45],[0.78,51.45],[0.7,51.45],[0.61,51.45],[0.53,51.45],[0.53,51.45],[0.02,51.45],[0.02,51.51],[-0.58,51.51],[-0.76,51.71],[-0.93,51.71],[-1.02,51.71],[-1.01,51.58],[-1.35,51.58],[-1.45,51.78],[-2.12,51.71],[-2.11,51.58],[-2.27,51.45],[-2.52,51.45],[-2.7,51.58],[-2.79,51.58],[-3.11,51.38],[-3.09,51.25],[-4.2,51.31],[-4.43,51.05],[-4.68,51.05],[-4.67,50.91],[-4.66,50.85],[-4.31,50.71],[-4.27,50.38],[-4.19,50.38],[-4.09,50.25],[-3.58,50.25],[-3.46,50.65],[-3.13,50.71],[-2.79,50.71],[-2.61,50.58],[-1.52,50.71],[-1.51,50.58],[-1.18,50.58],[-1.11,50.78],[-1.37,50.85],[0.49,50.78],[1.39,51.18],[1.38,51.38],[1.04,51.45],[0.95,51.45]]]},"properties":{"id":"territory:Kingdom of Wessex:880","name":"Kingdom of Wessex","name_en":"Kingdom of Wessex","actor":"기타중립","valid_from":880,"valid_to":884,"wikidata":"Q105313","area":35938,"src":"cliopatria","confidence":"medium"}},{"type":"Feature","geometry":{"type":"Point","coordinates":[-1.801,51.076]},"properties":{"id":"territory:Kingdom of Wessex:880:label","name":"Kingdom of Wessex","name_en":"Kingdom of Wessex","actor":"기타중립","valid_from":880,"valid_to":884,"wikidata":"Q105313","area":35938,"src":"cliopatria","confidence":"medium"}},{"type":"Feature","geometry":{"type":"Polygon","coordinates":[[[1.12,51.45],[0.53,51.45],[0.53,51.45],[0.02,51.45],[0.02,51.51],[0.01,51.58],[-0.75,51.51],[-0.84,51.65],[-1.26,51.58],[-1.27,51.71],[-1.62,51.78],[-2.12,51.71],[-2.19,51.51],[-2.01,51.45],[-2.08,51.25],[-2.42,51.25],[-2.52,51.45],[-2.53,51.51],[-2.87,51.58],[-3.11,51.38],[-3.09,51.25],[-4.2,51.31],[-4.43,51.05],[-4.68,51.05],[-4.67,50.91],[-4.66,50.85],[-4.31,50.71],[-4.27,50.38],[-4.19,50.38],[-4.09,50.25],[-3.58,50.25],[-3.46,50.65],[-3.13,50.71],[-2.79,50.71],[-2.61,50.58],[-1.52,50.71],[-1.51,50.58],[-1.18,50.58],[-1.11,50.78],[-1.37,50.85],[0.49,50.78],[1.39,51.18],[1.38,51.38],[1.21,51.45],[1.12,51.45]]]},"properties":{"id":"territory:Kingdom of Wessex:878","name":"Kingdom of Wessex","name_en":"Kingdom of Wessex","actor":"기타중립","valid_from":878,"valid_to":880,"wikidata":"Q105313","area":35434,"src":"cliopatria","confidence":"medium"}},{"type":"Feature","geometry":{"type":"Point","coordinates":[-1.787,51.073]},"properties":{"id":"territory:Kingdom of Wessex:878:label","name":"Kingdom of Wessex","name_en":"Kingdom of Wessex","actor":"기타중립","valid_from":878,"valid_to":880,"wikidata":"Q105313","area":35434,"src":"cliopatria","confidence":"medium"}},{"type":"Feature","geometry":{"type":"Polygon","coordinates":[[[1.12,51.45],[1.04,51.45],[0.95,51.45],[0.87,51.45],[0.78,51.45],[0.7,51.45],[0.61,51.45],[0.53,51.45],[0.02,51.45],[0.01,51.58],[-0.75,51.51],[-0.84,51.65],[-1.26,51.58],[-1.27,51.71],[-1.62,51.78],[-2.12,51.71],[-2.11,51.58],[-2.27,51.45],[-2.52,51.45],[-2.7,51.58],[-2.79,51.58],[-3.11,51.38],[-3.09,51.25],[-4.2,51.31],[-4.43,51.05],[-4.68,51.05],[-4.67,50.91],[-4.66,50.85],[-4.31,50.71],[-4.27,50.38],[-4.19,50.38],[-4.09,50.25],[-3.58,50.25],[-3.46,50.65],[-2.87,50.71],[-2.79,50.71],[-2.63,50.85],[-2.3,50.85],[-2.19,50.65],[-2.28,50.65],[-2.27,50.58],[-2.1,50.58],[-2.03,50.71],[-1.52,50.71],[-1.51,50.58],[-1.1,50.65],[-1.11,50.78],[-1.37,50.85],[0.49,50.78],[1.39,51.18],[1.38,51.38],[1.21,51.45],[1.12,51.45]]]},"properties":{"id":"territory:Kingdom of Wessex:875","name":"Kingdom of Wessex","name_en":"Kingdom of Wessex","actor":"기타중립","valid_from":875,"valid_to":876,"wikidata":"Q105313","area":35121,"src":"cliopatria","confidence":"medium"}},{"type":"Feature","geometry":{"type":"Point","coordinates":[-1.78,51.087]},"properties":{"id":"territory:Kingdom of Wessex:875:label","name":"Kingdom of Wessex","name_en":"Kingdom of Wessex","actor":"기타중립","valid_from":875,"valid_to":876,"wikidata":"Q105313","area":35121,"src":"cliopatria","confidence":"medium"}},{"type":"Feature","geometry":{"type":"Polygon","coordinates":[[[1.12,51.45],[1.04,51.45],[0.95,51.45],[0.87,51.45],[0.78,51.45],[0.7,51.45],[0.61,51.45],[0.53,51.45],[0.02,51.45],[0.01,51.58],[-0.75,51.51],[-0.84,51.65],[-1.26,51.58],[-1.27,51.71],[-1.62,51.78],[-2.12,51.71],[-2.11,51.58],[-2.27,51.45],[-2.52,51.45],[-2.7,51.58],[-2.79,51.58],[-3.11,51.38],[-3.09,51.25],[-4.2,51.31],[-4.43,51.05],[-4.68,51.05],[-4.67,50.91],[-4.66,50.85],[-4.31,50.71],[-4.27,50.38],[-4.19,50.38],[-4.09,50.25],[-3.58,50.25],[-3.52,50.45],[-3.53,50.51],[-3.7,50.58],[-3.65,50.85],[-3.31,50.85],[-3.29,50.65],[-3.2,50.65],[-3.12,50.65],[-3.13,50.71],[-3.04,50.71],[-2.96,50.71],[-2.87,50.71],[-2.79,50.71],[-2.63,50.85],[-2.3,50.85],[-2.19,50.65],[-2.28,50.65],[-2.27,50.58],[-2.1,50.58],[-2.03,50.71],[-1.52,50.71],[-1.51,50.58],[-1.1,50.65],[-1.11,50.78],[-1.37,50.85],[0.49,50.78],[1.39,51.18],[1.38,51.38],[1.21,51.45],[1.12,51.45]]]},"properties":{"id":"territory:Kingdom of Wessex:876","name":"Kingdom of Wessex","name_en":"Kingdom of Wessex","actor":"기타중립","valid_from":876,"valid_to":878,"wikidata":"Q105313","area":34370,"src":"cliopatria","confidence":"medium"}},{"type":"Feature","geometry":{"type":"Point","coordinates":[-1.742,51.095]},"properties":{"id":"territory:Kingdom of Wessex:876:label","name":"Kingdom of Wessex","name_en":"Kingdom of Wessex","actor":"기타중립","valid_from":876,"valid_to":878,"wikidata":"Q105313","area":34370,"src":"cliopatria","confidence":"medium"}},{"type":"Feature","geometry":{"type":"Polygon","coordinates":[[[-0.29,52.12],[-1.2,52.86],[-1.42,53.33],[-1.42,53.33],[-1.76,53.33],[-1.77,53.39],[-1.95,53.53],[-2.29,53.46],[-2.29,53.39],[-2.88,53.33],[-3.15,53.46],[-3.24,53.46],[-3.32,53.46],[-3.32,53.39],[-3.4,53.39],[-3.49,53.39],[-3.27,52.99],[-3.07,52.72],[-3.14,52.52],[-3.04,52.38],[-2.87,52.38],[-2.93,52.12],[-2.92,52.05],[-2.91,51.98],[-2.83,51.98],[-2.82,51.92],[-2.64,51.78],[-2.7,51.58],[-2.62,51.58],[-2.52,51.45],[-2.27,51.51],[-2.19,51.51],[-2.12,51.71],[-1.62,51.78],[-1.27,51.71],[-1.26,51.58],[-0.84,51.65],[-0.75,51.51],[0.01,51.58],[0.0,51.65],[-0.28,52.05],[-0.29,52.12]]]},"properties":{"id":"territory:Kingdom of Mercia:878","name":"Kingdom of Mercia","name_en":"Kingdom of Mercia","actor":"기타중립","valid_from":878,"valid_to":880,"wikidata":"Q105092","area":31036,"src":"cliopatria","confidence":"medium"}},{"type":"Feature","geometry":{"type":"Point","coordinates":[-1.859,52.451]},"properties":{"id":"territory:Kingdom of Mercia:878:label","name":"Kingdom of Mercia","name_en":"Kingdom of Mercia","actor":"기타중립","valid_from":878,"valid_to":880,"wikidata":"Q105092","area":31036,"src":"cliopatria","confidence":"medium"}},{"type":"Feature","geometry":{"type":"Polygon","coordinates":[[[18.29,49.38],[18.29,49.32],[18.2,49.32],[18.2,49.25],[18.12,49.25],[18.11,49.18],[17.94,48.99],[17.26,48.72],[17.25,48.52],[16.99,48.32],[16.99,48.13],[16.66,48.32],[15.5,48.19],[14.84,48.32],[14.84,48.39],[15.02,48.72],[15.27,48.85],[15.19,48.99],[15.36,48.99],[15.28,49.18],[15.61,49.18],[15.78,49.32],[15.88,49.78],[15.8,49.85],[16.06,49.91],[15.98,50.05],[16.97,49.78],[17.23,49.85],[17.47,49.71],[17.81,49.71],[17.96,49.52],[18.21,49.52],[18.38,49.38],[18.29,49.38]]]},"properties":{"id":"territory:Great Moravia:814","name":"Great Moravia","name_en":"Great Moravia","actor":"기타중립","valid_from":814,"valid_to":825,"wikidata":"Q193152","area":30182,"src":"cliopatria","confidence":"medium"}},{"type":"Feature","geometry":{"type":"Polygon","coordinates":[[[18.29,49.38],[18.29,49.32],[18.2,49.32],[18.2,49.25],[18.12,49.25],[18.11,49.18],[17.94,48.99],[17.26,48.72],[17.25,48.52],[16.99,48.32],[16.99,48.13],[16.66,48.32],[15.5,48.19],[14.84,48.32],[14.84,48.39],[15.02,48.72],[15.27,48.85],[15.19,48.99],[15.36,48.99],[15.28,49.18],[15.61,49.18],[15.78,49.32],[15.88,49.78],[15.8,49.85],[16.06,49.91],[15.98,50.05],[16.97,49.78],[17.23,49.85],[17.47,49.71],[17.81,49.71],[17.96,49.52],[18.21,49.52],[18.38,49.38],[18.29,49.38]]]},"properties":{"id":"territory:Great Moravia:825","name":"Great Moravia","name_en":"Great Moravia","actor":"기타중립","valid_from":825,"valid_to":840,"wikidata":"Q193152","area":30182,"src":"cliopatria","confidence":"medium"}},{"type":"Feature","geometry":{"type":"Point","coordinates":[16.523,49.041]},"properties":{"id":"territory:Great Moravia:814:label","name":"Great Moravia","name_en":"Great Moravia","actor":"기타중립","valid_from":814,"valid_to":825,"wikidata":"Q193152","area":30182,"src":"cliopatria","confidence":"medium"}},{"type":"Feature","geometry":{"type":"Point","coordinates":[16.523,49.041]},"properties":{"id":"territory:Great Moravia:825:label","name":"Great Moravia","name_en":"Great Moravia","actor":"기타중립","valid_from":825,"valid_to":840,"wikidata":"Q193152","area":30182,"src":"cliopatria","confidence":"medium"}},{"type":"Feature","geometry":{"type":"MultiPolygon","coordinates":[[[[41.71,43.21],[42.99,43.15],[43.42,42.89],[42.98,42.24],[43.05,41.72],[42.86,41.59],[42.62,41.59],[42.44,41.46],[41.58,41.52],[41.59,41.59],[41.82,41.98],[41.74,41.98],[41.76,42.11],[41.6,42.11],[41.7,42.24],[41.48,42.37],[41.61,42.63],[41.12,43.02],[40.82,43.15],[40.42,43.15],[40.22,43.41],[39.98,43.41],[39.34,43.93],[39.35,43.99],[40.03,43.73],[40.29,43.8],[40.26,43.67],[40.4,43.54],[41.12,43.47],[41.1,43.41],[41.35,43.41],[41.71,43.21]]],[[[39.28,44.06],[39.36,44.06],[39.35,43.99],[39.27,43.99],[39.19,43.99],[39.2,44.06],[39.28,44.06]]],[[[39.12,44.06],[39.13,44.12],[39.21,44.12],[39.2,44.06],[39.12,44.06]]],[[[39.05,44.12],[39.06,44.19],[39.14,44.19],[39.13,44.12],[39.05,44.12]]]]},"properties":{"id":"territory:Georgia:886","name":"Georgia","name_en":"Georgia","actor":"기타중립","valid_from":886,"valid_to":888,"wikidata":"Q4962","area":30138,"src":"cliopatria","confidence":"medium"}},{"type":"Feature","geometry":{"type":"Point","coordinates":[41.95,42.631]},"properties":{"id":"territory:Georgia:886:label","name":"Georgia","name_en":"Georgia","actor":"기타중립","valid_from":886,"valid_to":888,"wikidata":"Q4962","area":30138,"src":"cliopatria","confidence":"medium"}}]}