bucket,polity_id,name,km,lon,lat
-800,territory:Greek City-States:-800,Greek City-States,14.2,25.7058,34.8736
-800,territory:Greek City-States:-800,Greek City-States,11.1,26.1363,34.9346
-800,territory:Greek City-States:-800,Greek City-States,9.8,25.2147,35.4461
-800,territory:Greek City-States:-750,Greek City-States,4.5,22.9586,36.4866
-800,territory:Greek City-States:-800,Greek City-States,9.0,28.1257,36.5989
-800,territory:Greek City-States:-800,Greek City-States,1.6,27.1401,36.9429
-800,territory:Greek City-States:-800,Greek City-States,8.3,27.0912,37.0593
-800,territory:Greek City-States:-800,Greek City-States,12.1,21.5492,37.0489
-800,territory:Greek City-States:-800,Greek City-States,17.9,27.0892,37.2864
-800,territory:Greek City-States:-800,Greek City-States,28.8,26.757,37.3005
-800,territory:Greek City-States:-800,Greek City-States,5.3,26.7337,37.387
-800,territory:Greek City-States:-800,Greek City-States,17.3,26.9735,37.4605
-800,territory:Greek City-States:-750,Greek City-States,26.6,23.9273,37.4756
-800,territory:Greek City-States:-800,Greek City-States,17.5,27.1646,37.5786
-800,territory:Greek City-States:-800,Greek City-States,29.5,26.4286,37.5831
-800,territory:Greek City-States:-800,Greek City-States,4.9,26.5115,37.5906
-800,territory:Greek City-States:-750,Greek City-States,14.3,23.948,37.6486
-800,territory:Greek City-States:-750,Greek City-States,7.9,24.1228,37.7016
-800,territory:Greek City-States:-800,Greek City-States,10.8,23.7592,37.769
-800,territory:Greek City-States:-800,Greek City-States,21.0,24.2583,38.0038
-800,territory:Greek City-States:-800,Greek City-States,11.3,26.3417,38.4391
-800,territory:Greek City-States:-800,Greek City-States,5.0,26.2841,38.5035
-800,territory:Greek City-States:-800,Greek City-States,0.2,26.2288,38.5215
-800,territory:Greek City-States:-800,Greek City-States,31.0,26.7121,38.5036
-800,territory:Greek City-States:-800,Greek City-States,26.9,25.5105,38.541
-800,territory:Greek City-States:-750,Greek City-States,2.1,24.358,38.8379
-800,territory:Greek City-States:-750,Greek City-States,22.2,24.1084,39.0785
-800,territory:Greek City-States:-750,Greek City-States,38.7,20.2293,39.1444
-800,territory:Greek City-States:-750,Greek City-States,27.6,24.322,39.3498
-800,territory:Greek City-States:-750,Greek City-States,13.2,24.1686,39.3946
-800,territory:Greek City-States:-750,Greek City-States,12.1,23.9066,40.3248
-800,territory:Etruscans:-750,Etruscans,34.2,12.9551,40.9106
-800,territory:Etruscans:-750,Etruscans,7.9,12.8559,40.9364
-800,territory:Etruscans:-750,Etruscans,6.3,13.0567,40.9706
-800,territory:Etruscans:-750,Etruscans,20.1,11.0983,42.2489
-800,territory:Etruscans:-750,Etruscans,37.4,9.9059,43.4392
-800,territory:Greek City-States:-800,Greek City-States,8.5,23.5052,37.3388
-800,territory:Greek City-States:-800,Greek City-States,15.1,23.4882,37.7302
-800,territory:Greek City-States:-800,Greek City-States,2.7,23.4951,37.9585
-800,territory:Greek City-States:-800,Greek City-States,30.6,23.6983,39.1437
-800,territory:Greek City-States:-800,Greek City-States,30.9,27.3668,36.4102
-800,territory:Greek City-States:-800,Greek City-States,15.3,27.8188,36.5828
-800,territory:Greek City-States:-800,Greek City-States,21.5,25.3195,36.7477
-800,territory:Greek City-States:-800,Greek City-States,6.4,26.9874,36.9875
-800,territory:Greek City-States:-800,Greek City-States,10.2,25.2035,37.0798
-800,territory:Greek City-States:-750,Greek City-States,34.3,24.4875,37.1635
-800,territory:Greek City-States:-750,Greek City-States,15.5,24.4201,37.3575
-800,territory:Greek City-States:-750,Greek City-States,15.0,24.9137,37.4057
-800,territory:Greek City-States:-750,Greek City-States,10.8,25.3748,37.444
-800,territory:Greek City-States:-800,Greek City-States,21.4,26.1547,37.602
-800,territory:Greek City-States:-800,Greek City-States,25.0,26.8127,37.734
-700,territory:Sabaeans:-675,Sabaeans,30.8,42.4068,15.7254
-700,territory:Median Kingdom:-615,메디아 왕국,25.9,55.3051,26.269
-700,territory:Greek City-States:-615,Greek City-States,14.2,25.7058,34.8736
-700,territory:Greek City-States:-615,Greek City-States,11.1,26.1363,34.9346
-700,territory:Greek City-States:-615,Greek City-States,9.8,25.2147,35.4461
-700,territory:Phoenicia:-615,Phoenicia,17.4,-5.4186,35.9126
-700,territory:Greek City-States:-650,Greek City-States,5.9,33.7804,36.1762
-700,territory:Greek City-States:-615,Greek City-States,29.4,29.8792,36.1835
-700,territory:Greek City-States:-615,Greek City-States,35.6,29.4464,36.2168
-700,territory:Greek City-States:-615,Greek City-States,4.5,22.9586,36.4866
-700,territory:Greek City-States:-675,Greek City-States,7.5,28.1257,36.5989
-700,territory:Lydia:-615,Lydia,2.0,28.9183,36.6684
-700,territory:Greek City-States:-615,Greek City-States,1.6,27.1401,36.9429
-700,territory:Greek City-States:-700,Greek City-States,18.7,27.4647,36.9758
-700,territory:Greek City-States:-615,Greek City-States,9.3,27.0912,37.0593
-700,territory:Greek City-States:-675,Greek City-States,12.1,21.5492,37.0489
-700,territory:Greek City-States:-700,Greek City-States,13.2,27.0892,37.2864
-700,territory:Greek City-States:-700,Greek City-States,28.8,26.757,37.3005
-700,territory:Greek City-States:-700,Greek City-States,5.3,26.7337,37.387
-700,territory:Greek City-States:-700,Greek City-States,17.3,26.9735,37.4605
-700,territory:Greek City-States:-615,Greek City-States,26.6,23.9273,37.4756
-700,territory:Greek City-States:-700,Greek City-States,0.2,27.1646,37.5786
-700,territory:Greek City-States:-615,Greek City-States,9.9,26.4286,37.5831
-700,territory:Greek City-States:-615,Greek City-States,4.9,26.5115,37.5906
-700,territory:Greek City-States:-615,Greek City-States,14.3,23.948,37.6486
-700,territory:Greek City-States:-615,Greek City-States,7.9,24.1228,37.7016
-700,territory:Greek City-States:-615,Greek City-States,10.8,23.7592,37.769
-700,territory:Greek City-States:-675,Greek City-States,21.0,24.2583,38.0038
-700,territory:Greek City-States:-650,Greek City-States,4.0,26.3417,38.4391
-700,territory:Greek City-States:-615,Greek City-States,5.0,26.2841,38.5035
-700,territory:Greek City-States:-615,Greek City-States,0.2,26.2288,38.5215
-700,territory:Greek City-States:-675,Greek City-States,11.4,26.7121,38.5036
-700,territory:Greek City-States:-615,Greek City-States,26.9,25.5105,38.541
-700,territory:Greek City-States:-615,Greek City-States,2.1,24.358,38.8379
-700,territory:Greek City-States:-615,Greek City-States,22.2,24.1084,39.0785
-700,territory:Greek City-States:-675,Greek City-States,38.7,20.2293,39.1444
-700,territory:Greek City-States:-615,Greek City-States,27.6,24.322,39.3498
-700,territory:Greek City-States:-615,Greek City-States,13.2,24.1686,39.3946
-700,territory:Greek City-States:-615,Greek City-States,18.9,19.5232,39.7704
-700,territory:Greek City-States:-615,Greek City-States,11.3,19.3991,39.85
-700,territory:Greek City-States:-615,Greek City-States,10.4,19.5814,39.8853
-700,territory:Greek City-States:-675,Greek City-States,12.1,23.9066,40.3248
-700,territory:Greek City-States:-615,Greek City-States,38.7,19.2804,40.4934
-700,territory:Greek City-States:-615,Greek City-States,20.0,14.2279,40.5502
-700,territory:Lydia:-650,Lydia,13.0,28.5278,40.5314
-700,territory:Greek City-States:-615,Greek City-States,12.3,14.0141,40.7542
-700,territory:Greek City-States:-615,Greek City-States,4.9,29.1137,40.8508
-700,territory:Etruscans:-750,Etruscans,34.2,12.9551,40.9106
-700,territory:Etruscans:-750,Etruscans,7.9,12.8559,40.9364
-700,territory:Etruscans:-750,Etruscans,6.3,13.0567,40.9706
-700,territory:Etruscans:-750,Etruscans,20.1,11.0983,42.2489
-700,territory:Etruscans:-650,Etruscans,35.3,9.9059,43.4392
-700,territory:Scythia:-650,스키타이,30.3,47.4991,44.4544
-700,territory:Scythia:-650,스키타이,12.8,50.5832,44.7962
-700,territory:Scythia:-650,스키타이,20.2,48.012,45.2028
-700,territory:Scythia:-650,스키타이,14.4,48.5803,45.714
-700,territory:Scythia:-650,스키타이,4.8,52.9954,46.4123
-700,territory:Phoenicia:-615,Phoenicia,7.0,1.4455,38.715
-700,territory:Phoenicia:-615,Phoenicia,6.8,8.2864,39.1752
-700,territory:Greek City-States:-615,Greek City-States,8.2,13.9058,40.7253
-700,territory:Greek City-States:-675,Greek City-States,8.5,23.5052,37.3388
-700,territory:Greek City-States:-675,Greek City-States,15.1,23.4882,37.7302
-700,territory:Greek City-States:-700,Greek City-States,2.7,23.4951,37.9585
-700,territory:Greek City-States:-700,Greek City-States,30.6,23.6983,39.1437
-700,territory:Greek City-States:-615,Greek City-States,9.2,29.7468,36.1286
-700,territory:Greek City-States:-615,Greek City-States,7.4,29.6571,36.1343
-700,territory:Greek City-States:-615,Greek City-States,6.4,29.5849,36.1429
-700,territory:Greek City-States:-615,Greek City-States,6.3,29.4966,36.157
-700,territory:Greek City-States:-615,Greek City-States,8.4,29.3504,36.2108
-700,territory:Greek City-States:-615,Greek City-States,30.9,27.3668,36.4102
-700,territory:Greek City-States:-615,Greek City-States,15.3,27.8188,36.5828
-700,territory:Greek City-States:-615,Greek City-States,21.5,25.3195,36.7477
-700,territory:Greek City-States:-615,Greek City-States,6.4,26.9874,36.9875
-700,territory:Greek City-States:-615,Greek City-States,10.2,25.2035,37.0798
-700,territory:Greek City-States:-615,Greek City-States,34.3,24.4875,37.1635
-700,territory:Greek City-States:-615,Greek City-States,15.5,24.4201,37.3575
-700,territory:Greek City-States:-615,Greek City-States,15.0,24.9137,37.4057
-700,territory:Greek City-States:-615,Greek City-States,10.8,25.3748,37.444
-700,territory:Greek City-States:-700,Greek City-States,25.0,26.8127,37.734
-700,territory:Greek City-States:-615,Greek City-States,19.4,25.5698,40.4688
-700,territory:Lydia:-650,Lydia,19.0,27.6128,40.6268
-700,territory:Sabaeans:-675,Sabaeans,19.6,42.587,15.3505
-700,territory:Median Kingdom:-615,메디아 왕국,17.7,53.9823,26.5143
-700,territory:Scythia:-650,스키타이,11.2,47.7348,43.9705
-700,territory:Scythia:-650,스키타이,21.2,49.7897,46.2885
-600,territory:Sabaeans:-675,Sabaeans,30.8,42.4068,15.7254
-600,territory:Achaemenid Empire:-530,아케메네스 페르시아,25.9,55.3051,26.269
-600,territory:Greek City-States:-600,Greek City-States,14.2,25.7058,34.8736
-600,territory:Greek City-States:-600,Greek City-States,11.1,26.1363,34.9346
-600,territory:Greek City-States:-600,Greek City-States,9.8,25.2147,35.4461
-600,territory:Phoenicia:-615,Phoenicia,17.4,-5.4186,35.9126
-600,territory:Achaemenid Empire:-540,아케메네스 페르시아,6.1,29.6571,36.1342
-600,territory:Achaemenid Empire:-540,아케메네스 페르시아,6.6,29.7467,36.1286
-600,territory:Achaemenid Empire:-540,아케메네스 페르시아,4.0,29.4966,36.157
-600,territory:Achaemenid Empire:-540,아케메네스 페르시아,5.3,29.5849,36.143
-600,territory:Achaemenid Empire:-530,아케메네스 페르시아,5.2,33.7804,36.1762
-600,territory:Achaemenid Empire:-540,아케메네스 페르시아,1.7,29.8792,36.1835
-600,territory:Greek City-States:-600,Greek City-States,4.5,22.9586,36.4866
-600,territory:Achaemenid Empire:-540,아케메네스 페르시아,4.7,28.1257,36.5989
-600,territory:Lydia:-600,Lydia,2.0,28.9183,36.6684
-600,territory:Achaemenid Empire:-540,아케메네스 페르시아,1.6,27.1401,36.9429
-600,territory:Achaemenid Empire:-530,아케메네스 페르시아,18.7,27.4647,36.9758
-600,territory:Achaemenid Empire:-540,아케메네스 페르시아,9.3,27.0912,37.0593
-600,territory:Greek City-States:-600,Greek City-States,12.1,21.5492,37.0489
-600,territory:Achaemenid Empire:-530,아케메네스 페르시아,13.2,27.0892,37.2864
-600,territory:Greek City-States:-530,Greek City-States,28.5,26.757,37.3005
-600,territory:Greek City-States:-530,Greek City-States,5.3,26.7337,37.387
-600,territory:Greek City-States:-530,Greek City-States,14.3,26.9735,37.4605
-600,territory:Greek City-States:-600,Greek City-States,26.6,23.9273,37.4756
-600,territory:Achaemenid Empire:-530,아케메네스 페르시아,0.2,27.1646,37.5786
-600,territory:Greek City-States:-600,Greek City-States,9.9,26.4286,37.5831
-600,territory:Greek City-States:-600,Greek City-States,4.9,26.5115,37.5906
-600,territory:Greek City-States:-600,Greek City-States,14.3,23.948,37.6486
-600,territory:Greek City-States:-600,Greek City-States,7.9,24.1228,37.7016
-600,territory:Greek City-States:-530,Greek City-States,10.1,23.7592,37.769
-600,territory:Greek City-States:-600,Greek City-States,21.0,24.2583,38.0038
-600,territory:Achaemenid Empire:-540,아케메네스 페르시아,4.0,26.3417,38.4391
-600,territory:Achaemenid Empire:-540,아케메네스 페르시아,5.0,26.2841,38.5035
-600,territory:Achaemenid Empire:-540,아케메네스 페르시아,0.2,26.2288,38.5215
-600,territory:Achaemenid Empire:-540,아케메네스 페르시아,11.4,26.7121,38.5036
-600,territory:Achaemenid Empire:-540,아케메네스 페르시아,26.9,25.5105,38.541
-600,territory:Greek City-States:-600,Greek City-States,2.1,24.358,38.8379
-600,territory:Greek City-States:-600,Greek City-States,22.2,24.1084,39.0785
-600,territory:Greek City-States:-600,Greek City-States,27.6,24.322,39.3498
-600,territory:Greek City-States:-600,Greek City-States,13.2,24.1686,39.3946
-600,territory:Greek City-States:-600,Greek City-States,18.9,19.5232,39.7704
-600,territory:Greek City-States:-600,Greek City-States,11.3,19.3991,39.85
-600,territory:Greek City-States:-600,Greek City-States,10.4,19.5814,39.8853
-600,territory:Greek City-States:-530,Greek City-States,12.8,23.9066,40.3248
-600,territory:Greek City-States:-530,Greek City-States,8.5,19.2804,40.4934
-600,territory:Greek City-States:-550,Greek City-States,19.9,14.2279,40.5502
-600,territory:Achaemenid Empire:-530,아케메네스 페르시아,13.0,28.5278,40.5314
-600,territory:Greek City-States:-530,Greek City-States,12.2,14.0141,40.7542
-600,territory:Greek City-States:-600,Greek City-States,4.9,29.1137,40.8508
-600,territory:Etruscans:-600,Etruscans,34.3,12.9551,40.9106
-600,territory:Etruscans:-600,Etruscans,7.9,12.8559,40.9364
-600,territory:Etruscans:-600,Etruscans,6.3,13.0567,40.9706
-600,territory:Etruscans:-530,Etruscans,38.2,9.6009,41.0746
-600,territory:Etruscans:-530,Etruscans,18.9,9.4058,41.197
-600,territory:Etruscans:-530,Etruscans,7.4,9.1478,41.2395
-600,territory:Etruscans:-530,Etruscans,5.9,9.3416,41.2427
-600,territory:Etruscans:-530,Etruscans,2.6,9.3419,41.2833
-600,territory:Etruscans:-530,Etruscans,1.9,9.3712,41.299
-600,territory:Etruscans:-530,Etruscans,1.3,9.3411,41.3022
-600,territory:Etruscans:-530,Etruscans,2.7,9.2528,41.3366
-600,territory:Etruscans:-530,Etruscans,1.0,9.2576,41.367
-600,territory:Etruscans:-600,Etruscans,20.1,11.0983,42.2489
-600,territory:Greek City-States:-530,Greek City-States,13.1,6.46,43.03
-600,territory:Etruscans:-530,Etruscans,35.1,9.9059,43.4392
-600,territory:Greek City-States:-530,Greek City-States,37.1,7.0471,43.5205
-600,territory:Scythia:-650,스키타이,30.3,47.4991,44.4544
-600,territory:Scythia:-650,스키타이,12.8,50.5832,44.7962
-600,territory:Scythia:-650,스키타이,20.2,48.012,45.2028
-600,territory:Etruscans:-550,Etruscans,20.0,12.4021,45.4588
-600,territory:Scythia:-650,스키타이,14.4,48.5803,45.714
-600,territory:Scythia:-650,스키타이,4.8,52.9954,46.4123
-600,territory:Phoenicia:-615,Phoenicia,7.0,1.4455,38.715
-600,territory:Phoenicia:-615,Phoenicia,6.8,8.2864,39.1752
-600,territory:Greek City-States:-530,Greek City-States,8.2,13.9058,40.7253
-600,territory:Greek City-States:-600,Greek City-States,10.0,20.6508,38.7362
-600,territory:Greek City-States:-600,Greek City-States,8.5,23.5052,37.3388
-600,territory:Greek City-States:-600,Greek City-States,15.1,23.4882,37.7302
-600,territory:Greek City-States:-530,Greek City-States,1.0,23.4951,37.9585
-600,territory:Greek City-States:-530,Greek City-States,30.6,23.6983,39.1437
-600,territory:Achaemenid Empire:-540,아케메네스 페르시아,30.9,27.3668,36.4102
-600,territory:Achaemenid Empire:-540,아케메네스 페르시아,15.3,27.8188,36.5828
-600,territory:Greek City-States:-600,Greek City-States,21.5,25.3195,36.7477
-600,territory:Achaemenid Empire:-540,아케메네스 페르시아,6.4,26.9874,36.9875
-600,territory:Greek City-States:-600,Greek City-States,10.2,25.2035,37.0798
-600,territory:Greek City-States:-600,Greek City-States,34.3,24.4875,37.1635
-600,territory:Greek City-States:-600,Greek City-States,15.5,24.4201,37.3575
-600,territory:Greek City-States:-600,Greek City-States,15.0,24.9137,37.4057
-600,territory:Greek City-States:-600,Greek City-States,10.8,25.3748,37.444
-600,territory:Greek City-States:-600,Greek City-States,19.4,25.5698,40.4688
-600,territory:Achaemenid Empire:-530,아케메네스 페르시아,18.9,27.6128,40.6268
-600,territory:Sabaeans:-550,Sabaeans,14.3,42.587,15.3505
-600,territory:Median Kingdom:-600,메디아 왕국,17.7,53.9823,26.5143
-600,territory:Scythia:-650,스키타이,11.2,47.7348,43.9705
-600,territory:Scythia:-650,스키타이,21.2,49.7897,46.2885
-500,territory:Sabaeans:-450,Sabaeans,31.2,42.4068,15.7254
-500,territory:Achaemenid Empire:-500,아케메네스 페르시아,23.4,55.3051,26.269
-500,territory:Greek City-States:-480,Greek City-States,14.2,25.7058,34.8736
-500,territory:Greek City-States:-480,Greek City-States,11.1,26.1363,34.9346
-500,territory:Carthage:-404,카르타고,8.2,-2.4427,35.178
-500,territory:Carthage:-404,카르타고,1.6,-2.4216,35.1796
-500,territory:Carthage:-404,카르타고,0.7,-2.4313,35.1837
-500,territory:Carthage:-404,카르타고,0.7,-3.9025,35.2154
-500,territory:Carthage:-404,카르타고,0.2,-3.9006,35.2175
-500,territory:Greek City-States:-480,Greek City-States,9.8,25.2147,35.4461
-500,territory:Carthage:-404,카르타고,4.9,-5.4186,35.9126
-500,territory:Achaemenid Empire:-404,아케메네스 페르시아,6.1,29.6571,36.1342
-500,territory:Achaemenid Empire:-404,아케메네스 페르시아,6.6,29.7467,36.1286
-500,territory:Achaemenid Empire:-404,아케메네스 페르시아,4.0,29.4966,36.157
-500,territory:Achaemenid Empire:-404,아케메네스 페르시아,5.3,29.5849,36.143
-500,territory:Achaemenid Empire:-480,아케메네스 페르시아,5.2,33.7804,36.1762
-500,territory:Achaemenid Empire:-404,아케메네스 페르시아,1.7,29.8792,36.1835
-500,territory:Greek City-States:-500,Greek City-States,4.5,22.9586,36.4866
-500,territory:Achaemenid Empire:-500,아케메네스 페르시아,4.7,28.1257,36.5989
-500,territory:Achaemenid Empire:-404,아케메네스 페르시아,4.8,28.9183,36.6684
-500,territory:Achaemenid Empire:-500,아케메네스 페르시아,1.6,27.1401,36.9429
-500,territory:Achaemenid Empire:-500,아케메네스 페르시아,18.7,27.4647,36.9758
-500,territory:Achaemenid Empire:-500,아케메네스 페르시아,9.3,27.0912,37.0593
-500,territory:Carthage:-480,카르타고,11.8,10.8032,37.1291
-500,territory:Achaemenid Empire:-500,아케메네스 페르시아,13.2,27.0892,37.2864
-500,territory:Achaemenid Empire:-500,아케메네스 페르시아,28.8,26.757,37.3005
-500,territory:Achaemenid Empire:-500,아케메네스 페르시아,5.3,26.7337,37.387
-500,territory:Achaemenid Empire:-500,아케메네스 페르시아,17.3,26.9735,37.4605
-500,territory:Greek City-States:-480,Greek City-States,26.6,23.9273,37.4756
-500,territory:Carthage:-500,카르타고,35.1,8.9372,37.5288
-500,territory:Achaemenid Empire:-500,아케메네스 페르시아,0.1,27.1646,37.5786
-500,territory:Achaemenid Empire:-480,아케메네스 페르시아,9.9,26.4286,37.5831
-500,territory:Achaemenid Empire:-480,아케메네스 페르시아,4.9,26.5115,37.5906
-500,territory:Greek City-States:-480,Greek City-States,14.3,23.948,37.6486
-500,territory:Greek City-States:-480,Greek City-States,7.9,24.1228,37.7016
-500,territory:Greek City-States:-500,Greek City-States,10.1,23.7592,37.769
-500,territory:Greek City-States:-480,Greek City-States,0.2,24.2583,38.0038
-500,territory:Achaemenid Empire:-500,아케메네스 페르시아,4.0,26.3417,38.4391
-500,territory:Achaemenid Empire:-500,아케메네스 페르시아,5.0,26.2841,38.5035
-500,territory:Achaemenid Empire:-500,아케메네스 페르시아,0.2,26.2288,38.5215
-500,territory:Greek City-States:-404,Greek City-States,11.4,26.7121,38.5036
-500,territory:Achaemenid Empire:-500,아케메네스 페르시아,26.9,25.5105,38.541
-500,territory:Greek City-States:-480,Greek City-States,2.1,24.358,38.8379
-500,territory:Greek City-States:-480,Greek City-States,22.2,24.1084,39.0785
-500,territory:Greek City-States:-404,Greek City-States,37.4,20.2293,39.1444
-500,territory:Greek City-States:-480,Greek City-States,27.6,24.322,39.3498
-500,territory:Greek City-States:-480,Greek City-States,13.2,24.1686,39.3946
-500,territory:Greek City-States:-480,Greek City-States,18.9,19.5232,39.7704
-500,territory:Greek City-States:-480,Greek City-States,11.3,19.3991,39.85
-500,territory:Greek City-States:-480,Greek City-States,10.4,19.5814,39.8853
-500,territory:Greek City-States:-404,Greek City-States,9.6,23.9066,40.3248
-500,territory:Greek City-States:-480,Greek City-States,8.5,19.2804,40.4934
-500,territory:Greek City-States:-480,Greek City-States,20.0,14.2279,40.5502
-500,territory:Achaemenid Empire:-500,아케메네스 페르시아,13.0,28.5278,40.5314
-500,territory:Greek City-States:-480,Greek City-States,12.2,14.0141,40.7542
-500,territory:Achaemenid Empire:-480,아케메네스 페르시아,3.4,29.1137,40.8508
-500,territory:Carthage:-404,카르타고,0.1,9.3416,41.2427
-500,territory:Carthage:-404,카르타고,2.6,9.3419,41.2833
-500,territory:Carthage:-404,카르타고,1.9,9.3712,41.299
-500,territory:Carthage:-404,카르타고,1.3,9.3411,41.3022
-500,territory:Etruscans:-530,Etruscans,2.7,9.2528,41.3366
-500,territory:Etruscans:-530,Etruscans,1.0,9.2576,41.367
-500,territory:Etruscans:-450,Etruscans,20.1,11.0983,42.2489
-500,territory:Greek City-States:-480,Greek City-States,13.1,6.46,43.03
-500,territory:Etruscans:-450,Etruscans,35.1,9.9059,43.4392
-500,territory:Greek City-States:-480,Greek City-States,37.1,7.0471,43.5205
-500,territory:Etruscans:-480,Etruscans,20.0,12.4021,45.4588
-500,territory:Carthage:-480,카르타고,7.0,1.4455,38.715
-500,territory:Carthage:-500,카르타고,17.9,10.8766,33.7675
-500,territory:Carthage:-500,카르타고,22.6,11.0408,34.6388
-500,territory:Carthage:-500,카르타고,7.7,11.1821,34.696
-500,territory:Carthage:-404,카르타고,6.8,8.2864,39.1752
-500,territory:Greek City-States:-480,Greek City-States,8.2,13.9058,40.7253
-500,territory:Greek City-States:-500,Greek City-States,10.0,20.6508,38.7362
-500,territory:Greek City-States:-480,Greek City-States,37.2,23.5052,37.3388
-500,territory:Greek City-States:-500,Greek City-States,20.4,23.4882,37.7302
-500,territory:Greek City-States:-500,Greek City-States,1.0,23.4951,37.9585
-500,territory:Greek City-States:-500,Greek City-States,30.6,23.6983,39.1437
-500,territory:Achaemenid Empire:-500,아케메네스 페르시아,30.9,27.3668,36.4102
-500,territory:Achaemenid Empire:-500,아케메네스 페르시아,15.3,27.8188,36.5828
-500,territory:Greek City-States:-500,Greek City-States,21.5,25.3195,36.7477
-500,territory:Achaemenid Empire:-500,아케메네스 페르시아,6.4,26.9874,36.9875
-500,territory:Greek City-States:-500,Greek City-States,10.2,25.2035,37.0798
-500,territory:Greek City-States:-480,Greek City-States,34.3,24.4875,37.1635
-500,territory:Greek City-States:-480,Greek City-States,15.5,24.4201,37.3575
-500,territory:Greek City-States:-500,Greek City-States,15.0,24.9137,37.4057
-500,territory:Greek City-States:-500,Greek City-States,10.8,25.3748,37.444
-500,territory:Achaemenid Empire:-500,아케메네스 페르시아,25.0,26.8127,37.734
-500,territory:Achaemenid Empire:-480,아케메네스 페르시아,19.4,25.5698,40.4688
-500,territory:Achaemenid Empire:-500,아케메네스 페르시아,18.9,27.6128,40.6268
-500,territory:Sabaeans:-450,Sabaeans,14.3,42.587,15.3505
-500,territory:Achaemenid Empire:-500,아케메네스 페르시아,17.7,53.9823,26.5143
-400,territory:Sabaeans:-450,Sabaeans,31.2,42.4068,15.7254
-400,territory:Macedonian Empire:-315,마케도니아 제국,23.4,55.3051,26.269
-400,territory:Greek City-States:-331,Greek City-States,14.2,25.7058,34.8736
-400,territory:Greek City-States:-331,Greek City-States,11.1,26.1363,34.9346
-400,territory:Carthage:-307,카르타고,8.2,-2.4427,35.178
-400,territory:Carthage:-307,카르타고,1.6,-2.4216,35.1796
-400,territory:Carthage:-307,카르타고,0.7,-2.4313,35.1837
-400,territory:Carthage:-307,카르타고,0.7,-3.9025,35.2154
-400,territory:Carthage:-307,카르타고,0.2,-3.9006,35.2175
-400,territory:Greek City-States:-331,Greek City-States,9.8,25.2147,35.4461
-400,territory:Carthage:-307,카르타고,4.9,-5.4186,35.9126
-400,territory:Macedonian Empire:-333,마케도니아 제국,6.1,29.6571,36.1342
-400,territory:Achaemenid Empire:-404,아케메네스 페르시아,6.6,29.7467,36.1286
-400,territory:Macedonian Empire:-333,마케도니아 제국,4.0,29.4966,36.157
-400,territory:Ptolemaic Kingdom:-331,프톨레마이오스 왕국,5.3,29.5849,36.143
-400,territory:Achaemenid Empire:-350,아케메네스 페르시아,5.2,33.7804,36.1762
-400,territory:Achaemenid Empire:-383,아케메네스 페르시아,1.7,29.8792,36.1835
-400,territory:Greek City-States:-331,Greek City-States,4.5,22.9586,36.4866
-400,territory:Macedonian Empire:-333,마케도니아 제국,4.7,28.1257,36.5989
-400,territory:Macedonian Empire:-315,마케도니아 제국,4.1,28.9183,36.6684
-400,territory:Second Athenian League:-366,Second Athenian League,1.6,27.1401,36.9429
-400,territory:Second Athenian League:-366,Second Athenian League,6.0,27.4647,36.9758
-400,territory:Second Athenian League:-366,Second Athenian League,8.3,27.0912,37.0593
-400,territory:Greek City-States:-323,Greek City-States,8.3,21.5492,37.0489
-400,territory:Carthage:-307,카르타고,16.6,10.8032,37.1291
-400,territory:Macedonian Empire:-318,마케도니아 제국,13.2,27.0892,37.2864
-400,territory:Second Athenian League:-366,Second Athenian League,28.5,26.757,37.3005
-400,territory:Second Athenian League:-366,Second Athenian League,5.3,26.7337,37.387
-400,territory:Second Athenian League:-366,Second Athenian League,14.3,26.9735,37.4605
-400,territory:Second Athenian League:-366,Second Athenian League,26.6,23.9273,37.4756
-400,territory:Carthage:-307,카르타고,35.1,8.9372,37.5288
-400,territory:Macedonian Empire:-318,마케도니아 제국,0.1,27.1646,37.5786
-400,territory:Second Athenian League:-366,Second Athenian League,9.9,26.4286,37.5831
-400,territory:Second Athenian League:-366,Second Athenian League,4.9,26.5115,37.5906
-400,territory:Second Athenian League:-366,Second Athenian League,14.3,23.948,37.6486
-400,territory:Second Athenian League:-366,Second Athenian League,7.9,24.1228,37.7016
-400,territory:Second Athenian League:-366,Second Athenian League,9.6,23.7592,37.769
-400,territory:Second Athenian League:-366,Second Athenian League,19.1,24.2583,38.0038
-400,territory:Ptolemaic Kingdom:-331,프톨레마이오스 왕국,4.0,26.3417,38.4391
-400,territory:Second Athenian League:-366,Second Athenian League,5.0,26.2841,38.5035
-400,territory:Second Athenian League:-366,Second Athenian League,0.2,26.2288,38.5215
-400,territory:Sacred Band of Thebes:-366,Sacred Band of Thebes,10.3,26.7121,38.5036
-400,territory:Second Athenian League:-366,Second Athenian League,26.9,25.5105,38.541
-400,territory:Second Athenian League:-366,Second Athenian League,2.1,24.358,38.8379
-400,territory:Second Athenian League:-366,Second Athenian League,22.2,24.1084,39.0785
-400,territory:Greek City-States:-333,Greek City-States,19.0,20.2293,39.1444
-400,territory:Second Athenian League:-366,Second Athenian League,27.6,24.322,39.3498
-400,territory:Second Athenian League:-366,Second Athenian League,13.2,24.1686,39.3946
-400,territory:Second Athenian League:-366,Second Athenian League,18.9,19.5232,39.7704
-400,territory:Second Athenian League:-366,Second Athenian League,11.3,19.3991,39.85
-400,territory:Second Athenian League:-366,Second Athenian League,10.4,19.5814,39.8853
-400,territory:Greek City-States:-366,Greek City-States,8.9,23.9066,40.3248
-400,territory:Macedonian Empire:-315,마케도니아 제국,8.5,19.2804,40.4934
-400,territory:Roman Republic:-301,로마 공화정,20.0,14.2279,40.5502
-400,territory:Kingdom of Lysimachus:-301,리시마코스 왕국,13.0,28.5278,40.5314
-400,territory:Roman Republic:-301,로마 공화정,12.2,14.0141,40.7542
-400,territory:Greek City-States:-331,Greek City-States,4.6,29.1137,40.8508
-400,territory:Roman Republic:-301,로마 공화정,34.2,12.9551,40.9106
-400,territory:Roman Republic:-301,로마 공화정,7.9,12.8559,40.9364
-400,territory:Roman Republic:-301,로마 공화정,6.3,13.0567,40.9706
-400,territory:Carthage:-307,카르타고,0.1,9.3416,41.2427
-400,territory:Carthage:-307,카르타고,2.6,9.3419,41.2833
-400,territory:Carthage:-307,카르타고,1.9,9.3712,41.299
-400,territory:Carthage:-307,카르타고,1.3,9.3411,41.3022
-400,territory:Etruscans:-326,Etruscans,2.7,9.2528,41.3366
-400,territory:Etruscans:-326,Etruscans,1.0,9.2576,41.367
-400,territory:Roman Republic:-301,로마 공화정,15.1,15.4859,42.1105
-400,territory:Etruscans:-383,Etruscans,20.1,11.0983,42.2489
-400,territory:Greek City-States:-331,Greek City-States,13.1,6.46,43.03
-400,territory:Etruscans:-450,Etruscans,35.1,9.9059,43.4392
-400,territory:Greek City-States:-331,Greek City-States,37.1,7.0471,43.5205
-400,territory:Etruscans:-450,Etruscans,20.0,12.4021,45.4588
-400,territory:Carthage:-307,카르타고,7.0,1.4455,38.715
-400,territory:Carthage:-307,카르타고,17.9,10.8766,33.7675
-400,territory:Carthage:-307,카르타고,22.6,11.0408,34.6388
-400,territory:Carthage:-307,카르타고,7.7,11.1821,34.696
-400,territory:Carthage:-307,카르타고,6.8,8.2864,39.1752
-400,territory:Roman Republic:-301,로마 공화정,8.2,13.9058,40.7253
-400,territory:Macedonian Empire:-307,마케도니아 제국,7.7,23.5052,37.3388
-400,territory:Macedonian Empire:-307,마케도니아 제국,14.3,23.4882,37.7302
-400,territory:Macedonian Empire:-315,마케도니아 제국,29.2,23.6983,39.1437
-400,territory:Second Athenian League:-366,Second Athenian League,30.4,27.3668,36.4102
-400,territory:Second Athenian League:-366,Second Athenian League,10.1,27.8188,36.5828
-400,territory:Second Athenian League:-366,Second Athenian League,21.5,25.3195,36.7477
-400,territory:Second Athenian League:-366,Second Athenian League,6.4,26.9874,36.9875
-400,territory:Second Athenian League:-366,Second Athenian League,10.2,25.2035,37.0798
-400,territory:Second Athenian League:-366,Second Athenian League,34.3,24.4875,37.1635
-400,territory:Second Athenian League:-366,Second Athenian League,15.5,24.4201,37.3575
-400,territory:Second Athenian League:-366,Second Athenian League,15.0,24.9137,37.4057
-400,territory:Second Athenian League:-366,Second Athenian League,10.8,25.3748,37.444
-400,territory:Second Athenian League:-366,Second Athenian League,19.4,25.5698,40.4688
-400,territory:Macedonian Empire:-318,마케도니아 제국,18.9,27.6128,40.6268
-400,territory:Sabaeans:-450,Sabaeans,14.3,42.587,15.3505
-400,territory:Achaemenid Empire:-337,아케메네스 페르시아,17.7,53.9823,26.5143
-300,territory:Sabaeans:-350,Sabaeans,31.2,42.4068,15.7254
-300,territory:Seleucid Empire:-301,셀레우코스 제국,23.4,55.3051,26.269
-300,territory:Greek City-States:-210,Greek City-States,14.2,25.7058,34.8736
-300,territory:Greek City-States:-210,Greek City-States,11.1,26.1363,34.9346
-300,territory:Roman Republic:-212,로마 공화정,2.7,-2.4427,35.178
-300,territory:Roman Republic:-212,로마 공화정,1.6,-2.4216,35.1796
-300,territory:Roman Republic:-212,로마 공화정,0.7,-2.4313,35.1837
-300,territory:Carthage:-239,카르타고,0.7,-3.9025,35.2154
-300,territory:Carthage:-239,카르타고,0.2,-3.9006,35.2175
-300,territory:Greek City-States:-210,Greek City-States,9.8,25.2147,35.4461
-300,territory:Carthage:-272,카르타고,4.9,-5.4186,35.9126
-300,territory:Seleucid Empire:-277,셀레우코스 제국,6.1,29.6571,36.1342
-300,territory:Ptolemaic Kingdom:-256,프톨레마이오스 왕국,6.6,29.7467,36.1286
-300,territory:Seleucid Empire:-277,셀레우코스 제국,4.0,29.4966,36.157
-300,territory:Ptolemaic Kingdom:-256,프톨레마이오스 왕국,5.3,29.5849,36.143
-300,territory:Ptolemaic Kingdom:-264,프톨레마이오스 왕국,5.2,33.7804,36.1762
-300,territory:Seleucid Empire:-277,셀레우코스 제국,1.7,29.8792,36.1835
-300,territory:Antigonid Macedonia:-271,안티고노스 마케도니아,4.5,22.9586,36.4866
-300,territory:Ptolemaic Kingdom:-256,프톨레마이오스 왕국,4.7,28.1257,36.5989
-300,territory:Greek City-States:-277,Greek City-States,4.8,28.9183,36.6684
-300,territory:Ptolemaic Kingdom:-279,프톨레마이오스 왕국,1.6,27.1401,36.9429
-300,territory:Ptolemaic Kingdom:-279,프톨레마이오스 왕국,6.0,27.4647,36.9758
-300,territory:Ptolemaic Kingdom:-279,프톨레마이오스 왕국,8.3,27.0912,37.0593
-300,territory:Antigonid Macedonia:-264,안티고노스 마케도니아,8.3,21.5492,37.0489
-300,territory:Carthage:-206,카르타고,11.8,10.8032,37.1291
-300,territory:Seleucid Empire:-218,셀레우코스 제국,13.1,27.0892,37.2864
-300,territory:Ptolemaic Kingdom:-279,프톨레마이오스 왕국,28.5,26.757,37.3005
-300,territory:Ptolemaic Kingdom:-279,프톨레마이오스 왕국,5.3,26.7337,37.387
-300,territory:Ptolemaic Kingdom:-279,프톨레마이오스 왕국,14.3,26.9735,37.4605
-300,territory:Ptolemaic Kingdom:-279,프톨레마이오스 왕국,26.6,23.9273,37.4756
-300,territory:Carthage:-239,카르타고,33.6,8.9372,37.5288
-300,territory:Seleucid Empire:-218,셀레우코스 제국,9.9,26.4286,37.5831
-300,territory:Seleucid Empire:-218,셀레우코스 제국,4.9,26.5115,37.5906
-300,territory:Ptolemaic Kingdom:-279,프톨레마이오스 왕국,14.3,23.948,37.6486
-300,territory:Ptolemaic Kingdom:-279,프톨레마이오스 왕국,7.9,24.1228,37.7016
-300,territory:Greek City-States:-208,Greek City-States,9.0,23.7592,37.769
-300,territory:Greek City-States:-206,Greek City-States,19.1,24.2583,38.0038
-300,territory:Seleucid Empire:-239,셀레우코스 제국,4.0,26.3417,38.4391
-300,territory:Seleucid Empire:-247,셀레우코스 제국,5.0,26.2841,38.5035
-300,territory:Seleucid Empire:-247,셀레우코스 제국,0.2,26.2288,38.5215
-300,territory:Seleucid Empire:-277,셀레우코스 제국,11.4,26.7121,38.5036
-300,territory:Seleucid Empire:-247,셀레우코스 제국,26.9,25.5105,38.541
-300,territory:Ptolemaic Kingdom:-279,프톨레마이오스 왕국,2.1,24.358,38.8379
-300,territory:Ptolemaic Kingdom:-279,프톨레마이오스 왕국,22.2,24.1084,39.0785
-300,territory:Greek Colonies:-247,Greek Colonies,19.3,20.2293,39.1444
-300,territory:Ptolemaic Kingdom:-279,프톨레마이오스 왕국,27.6,24.322,39.3498
-300,territory:Ptolemaic Kingdom:-279,프톨레마이오스 왕국,13.2,24.1686,39.3946
-300,territory:Antigonid Macedonia:-256,안티고노스 마케도니아,18.9,19.5232,39.7704
-300,territory:Antigonid Macedonia:-256,안티고노스 마케도니아,11.3,19.3991,39.85
-300,territory:Antigonid Macedonia:-256,안티고노스 마케도니아,10.4,19.5814,39.8853
-300,territory:Antigonid Macedonia:-256,안티고노스 마케도니아,9.6,23.9066,40.3248
-300,territory:Roman Republic:-202,로마 공화정,8.4,19.2804,40.4934
-300,territory:Roman Republic:-212,로마 공화정,18.9,14.2279,40.5502
-300,territory:Seleucid Empire:-210,셀레우코스 제국,9.6,28.5278,40.5314
-300,territory:Carthage:-216,카르타고,11.4,14.0141,40.7542
-300,territory:Seleucid Empire:-281,셀레우코스 제국,4.6,29.1137,40.8508
-300,territory:Roman Republic:-256,로마 공화정,34.2,12.9551,40.9106
-300,territory:Roman Republic:-256,로마 공화정,7.9,12.8559,40.9364
-300,territory:Roman Republic:-256,로마 공화정,6.3,13.0567,40.9706
-300,territory:Carthage:-272,카르타고,0.1,9.3416,41.2427
-300,territory:Carthage:-272,카르타고,2.6,9.3419,41.2833
-300,territory:Carthage:-272,카르타고,1.9,9.3712,41.299
-300,territory:Carthage:-272,카르타고,1.3,9.3411,41.3022
-300,territory:Carthage:-256,카르타고,2.7,9.2528,41.3366
-300,territory:Carthage:-256,카르타고,1.0,9.2576,41.367
-300,territory:Carthage:-212,카르타고,15.1,15.4859,42.1105
-300,territory:Roman Republic:-225,로마 공화정,19.6,11.0983,42.2489
-300,territory:Illyrian Kingdom:-239,Illyrian Kingdom,7.6,17.8807,42.7268
-300,territory:Roman Republic:-212,로마 공화정,25.0,16.5143,42.7615
-300,territory:Greek City-States:-210,Greek City-States,13.1,6.46,43.03
-300,territory:Roman Republic:-212,로마 공화정,10.1,16.6998,43.0909
-300,territory:Carthage:-216,카르타고,36.8,9.9059,43.4392
-300,territory:Greek City-States:-210,Greek City-States,37.1,7.0471,43.5205
-300,territory:Roman Republic:-223,로마 공화정,4.1,12.4021,45.4588
-300,territory:Carthage:-203,카르타고,7.0,1.4455,38.715
-300,territory:Carthage:-230,카르타고,17.9,10.8766,33.7675
-300,territory:Carthage:-206,카르타고,22.6,11.0408,34.6388
-300,territory:Carthage:-206,카르타고,7.7,11.1821,34.696
-300,territory:Carthage:-272,카르타고,6.8,8.2864,39.1752
-300,territory:Carthage:-216,카르타고,8.2,13.9058,40.7253
-300,territory:Roman Republic:-212,로마 공화정,32.8,16.339,42.3767
-300,territory:Roman Republic:-212,로마 공화정,0.3,16.3357,42.379
-300,territory:Roman Republic:-212,로마 공화정,5.3,16.2712,42.3874
-300,territory:Roman Republic:-212,로마 공화정,0.3,16.2754,42.3887
-300,territory:Roman Republic:-212,로마 공화정,0.9,16.2609,42.392
-300,territory:Illyrian Kingdom:-230,Illyrian Kingdom,11.2,17.669,42.7188
-300,territory:Roman Republic:-212,로마 공화정,36.2,16.158,43.0528
-300,territory:Roman Republic:-212,로마 공화정,10.1,16.5892,43.1935
-300,territory:Roman Republic:-212,로마 공화정,9.5,16.6437,43.3353
-300,territory:Roman Republic:-212,로마 공화정,24.6,16.1435,43.4402
-300,territory:Roman Republic:-212,로마 공화정,29.0,15.8501,43.6852
-300,territory:Roman Republic:-212,로마 공화정,9.9,15.7007,43.6958
-300,territory:Roman Republic:-212,로마 공화정,8.6,15.6076,43.8011
-300,territory:Antigonid Macedonia:-272,안티고노스 마케도니아,7.7,23.5052,37.3388
-300,territory:Antigonid Macedonia:-272,안티고노스 마케도니아,14.3,23.4882,37.7302
-300,territory:Antigonid Macedonia:-247,안티고노스 마케도니아,29.2,23.6983,39.1437
-300,territory:Ptolemaic Kingdom:-279,프톨레마이오스 왕국,30.4,27.3668,36.4102
-300,territory:Ptolemaic Kingdom:-279,프톨레마이오스 왕국,10.1,27.8188,36.5828
-300,territory:Ptolemaic Kingdom:-279,프톨레마이오스 왕국,21.5,25.3195,36.7477
-300,territory:Ptolemaic Kingdom:-279,프톨레마이오스 왕국,6.4,26.9874,36.9875
-300,territory:Ptolemaic Kingdom:-279,프톨레마이오스 왕국,10.2,25.2035,37.0798
-300,territory:Ptolemaic Kingdom:-279,프톨레마이오스 왕국,34.3,24.4875,37.1635
-300,territory:Ptolemaic Kingdom:-279,프톨레마이오스 왕국,15.5,24.4201,37.3575
-300,territory:Ptolemaic Kingdom:-279,프톨레마이오스 왕국,15.0,24.9137,37.4057
-300,territory:Ptolemaic Kingdom:-279,프톨레마이오스 왕국,10.8,25.3748,37.444
-300,territory:Ptolemaic Kingdom:-279,프톨레마이오스 왕국,19.4,25.5698,40.4688
-300,territory:Antigonid Macedonia:-203,안티고노스 마케도니아,18.8,27.6128,40.6268
-300,territory:Sabaeans:-350,Sabaeans,19.6,42.587,15.3505
-300,territory:Seleucid Empire:-225,셀레우코스 제국,17.7,53.9823,26.5143
-200,territory:Sabaeans:-350,Sabaeans,31.2,42.4068,15.7254
-200,territory:Parthian Empire:-126,파르티아 제국,13.3,52.0107,24.2305
-200,territory:Parthian Empire:-126,파르티아 제국,23.7,51.7316,24.5858
-200,territory:Parthian Empire:-110,파르티아 제국,0.1,55.1164,25.1155
-200,territory:Parthian Empire:-110,파르티아 제국,0.0,55.1746,25.1928
-200,territory:Parthian Empire:-110,파르티아 제국,0.2,55.1725,25.1946
-200,territory:Parthian Empire:-110,파르티아 제국,1.5,55.1568,25.1952
-200,territory:Parthian Empire:-110,파르티아 제국,0.1,55.1751,25.1951
-200,territory:Parthian Empire:-110,파르티아 제국,0.2,55.1597,25.1959
-200,territory:Parthian Empire:-110,파르티아 제국,0.3,55.1527,25.1958
-200,territory:Parthian Empire:-110,파르티아 제국,0.2,55.1695,25.1958
-200,territory:Parthian Empire:-110,파르티아 제국,0.1,55.1756,25.1965
-200,territory:Parthian Empire:-110,파르티아 제국,0.2,55.1492,25.1969
-200,territory:Parthian Empire:-110,파르티아 제국,0.2,55.1669,25.1969
-200,territory:Parthian Empire:-110,파르티아 제국,0.2,55.1729,25.1979
-200,territory:Parthian Empire:-110,파르티아 제국,0.2,55.1537,25.1977
-200,territory:Parthian Empire:-110,파르티아 제국,0.1,55.1507,25.1985
-200,territory:Parthian Empire:-110,파르티아 제국,0.2,55.1561,25.1985
-200,territory:Parthian Empire:-110,파르티아 제국,0.2,55.1693,25.1988
-200,territory:Parthian Empire:-110,파르티아 제국,0.2,55.1466,25.1998
-200,territory:Parthian Empire:-110,파르티아 제국,0.2,55.1718,25.2
-200,territory:Parthian Empire:-110,파르티아 제국,0.1,55.1751,25.199
-200,territory:Parthian Empire:-110,파르티아 제국,0.2,55.1495,25.2
-200,territory:Parthian Empire:-110,파르티아 제국,0.2,55.1656,25.1998
-200,territory:Parthian Empire:-110,파르티아 제국,0.2,55.1525,25.2005
-200,territory:Parthian Empire:-110,파르티아 제국,0.2,55.1635,25.2009
-200,territory:Parthian Empire:-110,파르티아 제국,0.2,55.1679,25.201
-200,territory:Parthian Empire:-110,파르티아 제국,0.2,55.1558,25.2011
-200,territory:Parthian Empire:-110,파르티아 제국,0.1,55.1479,25.2015
-200,territory:Parthian Empire:-110,파르티아 제국,0.1,55.1656,25.2022
-200,territory:Parthian Empire:-110,파르티아 제국,0.2,55.1709,25.2019
-200,territory:Parthian Empire:-110,파르티아 제국,0.2,55.1505,25.2029
-200,territory:Parthian Empire:-110,파르티아 제국,0.1,55.1734,25.2023
-200,territory:Parthian Empire:-110,파르티아 제국,0.2,55.1527,25.2031
-200,territory:Parthian Empire:-110,파르티아 제국,0.2,55.1584,25.2028
-200,territory:Parthian Empire:-110,파르티아 제국,0.1,55.1548,25.2038
-200,territory:Parthian Empire:-110,파르티아 제국,0.2,55.1466,25.2041
-200,territory:Parthian Empire:-110,파르티아 제국,0.1,55.1492,25.2039
-200,territory:Parthian Empire:-110,파르티아 제국,0.1,55.1583,25.2055
-200,territory:Parthian Empire:-110,파르티아 제국,0.2,55.1556,25.2056
-200,territory:Parthian Empire:-110,파르티아 제국,0.2,55.1464,25.2067
-200,territory:Parthian Empire:-110,파르티아 제국,0.2,55.1534,25.2067
-200,territory:Parthian Empire:-110,파르티아 제국,0.2,55.1497,25.2069
-200,territory:Parthian Empire:-110,파르티아 제국,0.2,55.1592,25.2076
-200,territory:Parthian Empire:-110,파르티아 제국,0.4,55.1751,25.2073
-200,territory:Parthian Empire:-110,파르티아 제국,0.2,55.1566,25.2082
-200,territory:Parthian Empire:-110,파르티아 제국,0.1,55.1831,25.2079
-200,territory:Parthian Empire:-110,파르티아 제국,0.2,55.1517,25.2088
-200,territory:Parthian Empire:-110,파르티아 제국,0.2,55.1802,25.209
-200,territory:Parthian Empire:-110,파르티아 제국,0.1,55.1456,25.2087
-200,territory:Parthian Empire:-110,파르티아 제국,0.2,55.1734,25.2093
-200,territory:Parthian Empire:-110,파르티아 제국,0.2,55.1771,25.2092
-200,territory:Parthian Empire:-110,파르티아 제국,0.1,55.1517,25.2104
-200,territory:Parthian Empire:-110,파르티아 제국,0.2,55.1486,25.2104
-200,territory:Parthian Empire:-110,파르티아 제국,0.1,55.1848,25.2108
-200,territory:Parthian Empire:-110,파르티아 제국,0.1,55.1461,25.2111
-200,territory:Parthian Empire:-110,파르티아 제국,0.2,55.1705,25.2103
-200,territory:Parthian Empire:-110,파르티아 제국,0.1,55.1826,25.2113
-200,territory:Parthian Empire:-110,파르티아 제국,0.2,55.175,25.2114
-200,territory:Parthian Empire:-110,파르티아 제국,0.1,55.1807,25.2126
-200,territory:Parthian Empire:-110,파르티아 제국,0.2,55.1846,25.2131
-200,territory:Parthian Empire:-110,파르티아 제국,0.2,55.172,25.2132
-200,territory:Parthian Empire:-110,파르티아 제국,0.2,55.1778,25.2132
-200,territory:Parthian Empire:-110,파르티아 제국,0.5,55.1567,25.2135
-200,territory:Parthian Empire:-110,파르티아 제국,0.2,55.154,25.214
-200,territory:Parthian Empire:-110,파르티아 제국,0.3,55.1681,25.214
-200,territory:Parthian Empire:-110,파르티아 제국,0.1,55.1757,25.2145
-200,territory:Parthian Empire:-110,파르티아 제국,0.1,55.1815,25.2144
-200,territory:Parthian Empire:-110,파르티아 제국,0.3,55.1461,25.2149
-200,territory:Parthian Empire:-110,파르티아 제국,0.1,55.1831,25.2151
-200,territory:Parthian Empire:-110,파르티아 제국,0.1,55.1781,25.2154
-200,territory:Parthian Empire:-110,파르티아 제국,0.2,55.151,25.2155
-200,territory:Parthian Empire:-110,파르티아 제국,0.4,55.1637,25.2158
-200,territory:Parthian Empire:-110,파르티아 제국,0.1,55.1445,25.2156
-200,territory:Parthian Empire:-110,파르티아 제국,0.1,55.1519,25.2164
-200,territory:Parthian Empire:-110,파르티아 제국,0.2,55.1555,25.2166
-200,territory:Parthian Empire:-110,파르티아 제국,0.1,55.1813,25.2168
-200,territory:Parthian Empire:-110,파르티아 제국,0.2,55.1487,25.2162
-200,territory:Parthian Empire:-110,파르티아 제국,0.1,55.1753,25.2167
-200,territory:Parthian Empire:-110,파르티아 제국,0.2,55.1681,25.2169
-200,territory:Parthian Empire:-110,파르티아 제국,0.1,55.1705,25.2163
-200,territory:Parthian Empire:-110,파르티아 제국,0.1,55.1771,25.2166
-200,territory:Parthian Empire:-110,파르티아 제국,0.1,55.1533,25.2173
-200,territory:Parthian Empire:-110,파르티아 제국,0.1,55.1646,25.2174
-200,territory:Parthian Empire:-110,파르티아 제국,0.1,55.1721,25.2177
-200,territory:Parthian Empire:-110,파르티아 제국,0.1,55.146,25.2177
-200,territory:Parthian Empire:-110,파르티아 제국,0.2,55.1838,25.2181
-200,territory:Parthian Empire:-110,파르티아 제국,0.2,55.1881,25.2185
-200,territory:Parthian Empire:-110,파르티아 제국,0.1,55.1708,25.2184
-200,territory:Parthian Empire:-110,파르티아 제국,0.1,55.1497,25.2188
-200,territory:Parthian Empire:-110,파르티아 제국,0.1,55.1676,25.2182
-200,territory:Parthian Empire:-110,파르티아 제국,0.5,55.1399,25.2059
-200,territory:Parthian Empire:-110,파르티아 제국,0.1,55.1523,25.2189
-200,territory:Parthian Empire:-110,파르티아 제국,0.2,55.1555,25.2192
-200,territory:Parthian Empire:-110,파르티아 제국,0.0,55.1902,25.2191
-200,territory:Parthian Empire:-110,파르티아 제국,0.3,55.1795,25.2197
-200,territory:Parthian Empire:-110,파르티아 제국,0.1,55.1696,25.2193
-200,territory:Parthian Empire:-110,파르티아 제국,0.2,55.1762,25.2198
-200,territory:Parthian Empire:-110,파르티아 제국,0.1,55.1886,25.22
-200,territory:Parthian Empire:-110,파르티아 제국,0.2,55.1819,25.2196
-200,territory:Parthian Empire:-110,파르티아 제국,0.1,55.1779,25.2198
-200,territory:Parthian Empire:-110,파르티아 제국,0.1,55.1747,25.22
-200,territory:Parthian Empire:-110,파르티아 제국,0.1,55.1509,25.2203
-200,territory:Parthian Empire:-110,파르티아 제국,0.2,55.1468,25.2204
-200,territory:Parthian Empire:-110,파르티아 제국,0.2,55.1665,25.221
-200,territory:Parthian Empire:-110,파르티아 제국,0.1,55.1455,25.2209
-200,territory:Parthian Empire:-110,파르티아 제국,0.1,55.1484,25.2212
-200,territory:Parthian Empire:-110,파르티아 제국,0.1,55.1439,25.2214
-200,territory:Parthian Empire:-110,파르티아 제국,0.2,55.1686,25.2215
-200,territory:Parthian Empire:-110,파르티아 제국,0.2,55.172,25.221
-200,territory:Parthian Empire:-110,파르티아 제국,0.1,55.1769,25.2218
-200,territory:Parthian Empire:-110,파르티아 제국,0.1,55.1746,25.2221
-200,territory:Parthian Empire:-110,파르티아 제국,0.2,55.1813,25.2219
-200,territory:Parthian Empire:-110,파르티아 제국,0.2,55.1529,25.2217
-200,territory:Parthian Empire:-110,파르티아 제국,0.2,55.1695,25.2237
-200,territory:Parthian Empire:-110,파르티아 제국,0.1,55.1495,25.2234
-200,territory:Parthian Empire:-110,파르티아 제국,0.4,55.1628,25.2231
-200,territory:Parthian Empire:-110,파르티아 제국,0.1,55.1733,25.2237
-200,territory:Parthian Empire:-110,파르티아 제국,0.3,55.1876,25.2237
-200,territory:Parthian Empire:-110,파르티아 제국,0.1,55.1469,25.2246
-200,territory:Parthian Empire:-110,파르티아 제국,0.2,55.1781,25.2242
-200,territory:Parthian Empire:-110,파르티아 제국,0.2,55.1918,25.225
-200,territory:Parthian Empire:-110,파르티아 제국,0.2,55.1432,25.2245
-200,territory:Parthian Empire:-110,파르티아 제국,0.2,55.1754,25.2252
-200,territory:Parthian Empire:-110,파르티아 제국,0.2,55.184,25.2242
-200,territory:Parthian Empire:-110,파르티아 제국,0.1,55.1814,25.225
-200,territory:Parthian Empire:-110,파르티아 제국,0.2,55.1894,25.2257
-200,territory:Parthian Empire:-110,파르티아 제국,0.1,55.1853,25.2255
-200,territory:Parthian Empire:-110,파르티아 제국,0.1,55.1708,25.2254
-200,territory:Parthian Empire:-110,파르티아 제국,0.3,55.1651,25.2266
-200,territory:Parthian Empire:-110,파르티아 제국,0.2,55.1485,25.2265
-200,territory:Parthian Empire:-110,파르티아 제국,0.2,55.1661,25.2248
-200,territory:Parthian Empire:-110,파르티아 제국,0.2,55.1778,25.2271
-200,territory:Parthian Empire:-110,파르티아 제국,0.1,55.189,25.2273
-200,territory:Parthian Empire:-110,파르티아 제국,0.2,55.1623,25.227
-200,territory:Parthian Empire:-110,파르티아 제국,0.2,55.1729,25.2269
-200,territory:Parthian Empire:-110,파르티아 제국,0.1,55.1801,25.2273
-200,territory:Parthian Empire:-110,파르티아 제국,0.1,55.175,25.2274
-200,territory:Parthian Empire:-110,파르티아 제국,0.2,55.1831,25.228
-200,territory:Parthian Empire:-110,파르티아 제국,0.2,55.1864,25.2283
-200,territory:Parthian Empire:-110,파르티아 제국,0.2,55.1698,25.2291
-200,territory:Parthian Empire:-110,파르티아 제국,0.1,55.1808,25.2292
-200,territory:Parthian Empire:-110,파르티아 제국,0.2,55.1732,25.2296
-200,territory:Parthian Empire:-110,파르티아 제국,0.2,55.1869,25.2305
-200,territory:Parthian Empire:-110,파르티아 제국,0.3,55.1773,25.2302
-200,territory:Parthian Empire:-110,파르티아 제국,0.2,55.1841,25.2305
-200,territory:Parthian Empire:-110,파르티아 제국,0.1,55.1713,25.2306
-200,territory:Parthian Empire:-110,파르티아 제국,0.1,55.1807,25.2309
-200,territory:Parthian Empire:-110,파르티아 제국,0.2,55.1896,25.2308
-200,territory:Parthian Empire:-110,파르티아 제국,0.2,55.1673,25.2298
-200,territory:Parthian Empire:-110,파르티아 제국,0.2,55.1647,25.2317
-200,territory:Parthian Empire:-110,파르티아 제국,0.1,55.1874,25.2321
-200,territory:Parthian Empire:-110,파르티아 제국,0.2,55.1742,25.232
-200,territory:Parthian Empire:-110,파르티아 제국,0.1,55.19,25.2326
-200,territory:Parthian Empire:-110,파르티아 제국,0.1,55.1875,25.2335
-200,territory:Parthian Empire:-110,파르티아 제국,0.2,55.1822,25.2333
-200,territory:Parthian Empire:-110,파르티아 제국,0.1,55.191,25.2341
-200,territory:Parthian Empire:-110,파르티아 제국,0.1,55.1761,25.2337
-200,territory:Parthian Empire:-110,파르티아 제국,0.2,55.1711,25.234
-200,territory:Parthian Empire:-110,파르티아 제국,0.2,55.1843,25.234
-200,territory:Parthian Empire:-110,파르티아 제국,0.1,55.1791,25.2352
-200,territory:Parthian Empire:-110,파르티아 제국,0.2,55.1689,25.2348
-200,territory:Parthian Empire:-110,파르티아 제국,0.3,55.1631,25.2345
-200,territory:Parthian Empire:-110,파르티아 제국,0.2,55.186,25.2361
-200,territory:Parthian Empire:-110,파르티아 제국,0.1,55.1825,25.2362
-200,territory:Parthian Empire:-110,파르티아 제국,0.3,55.176,25.237
-200,territory:Parthian Empire:-110,파르티아 제국,0.1,55.1787,25.2374
-200,territory:Parthian Empire:-110,파르티아 제국,0.2,55.1732,25.2374
-200,territory:Parthian Empire:-110,파르티아 제국,0.2,55.1692,25.2379
-200,territory:Parthian Empire:-110,파르티아 제국,0.1,55.1752,25.2391
-200,territory:Parthian Empire:-110,파르티아 제국,0.2,55.1798,25.2393
-200,territory:Parthian Empire:-110,파르티아 제국,0.2,55.1842,25.239
-200,territory:Parthian Empire:-110,파르티아 제국,0.2,55.1775,25.24
-200,territory:Parthian Empire:-110,파르티아 제국,0.3,55.1896,25.2388
-200,territory:Parthian Empire:-110,파르티아 제국,0.3,55.1658,25.2391
-200,territory:Parthian Empire:-110,파르티아 제국,0.1,55.1806,25.2406
-200,territory:Parthian Empire:-110,파르티아 제국,0.2,55.1863,25.2413
-200,territory:Parthian Empire:-110,파르티아 제국,0.5,55.1979,25.2404
-200,territory:Parthian Empire:-110,파르티아 제국,0.2,55.1678,25.2418
-200,territory:Parthian Empire:-110,파르티아 제국,0.1,55.1816,25.2419
-200,territory:Parthian Empire:-110,파르티아 제국,0.3,55.1722,25.241
-200,territory:Parthian Empire:-110,파르티아 제국,0.2,55.1783,25.2422
-200,territory:Parthian Empire:-110,파르티아 제국,0.1,55.187,25.2426
-200,territory:Parthian Empire:-110,파르티아 제국,0.2,55.1837,25.243
-200,territory:Parthian Empire:-110,파르티아 제국,0.2,55.175,25.2424
-200,territory:Parthian Empire:-110,파르티아 제국,0.1,55.1735,25.244
-200,territory:Parthian Empire:-110,파르티아 제국,0.1,55.1792,25.2442
-200,territory:Parthian Empire:-110,파르티아 제국,0.1,55.1862,25.2444
-200,territory:Parthian Empire:-110,파르티아 제국,0.6,55.1319,25.2177
-200,territory:Parthian Empire:-110,파르티아 제국,0.3,55.1825,25.2471
-200,territory:Parthian Empire:-110,파르티아 제국,0.3,55.1747,25.2486
-200,territory:Parthian Empire:-110,파르티아 제국,1.1,55.1571,25.25
-200,territory:Seleucid Empire:-170,셀레우코스 제국,23.4,55.3051,26.269
-200,territory:Greek City-States:-164,Greek City-States,14.2,25.7058,34.8736
-200,territory:Greek City-States:-164,Greek City-States,11.1,26.1363,34.9346
-200,territory:Kingdom of Numidia:-110,누미디아 왕국,2.7,-2.4427,35.178
-200,territory:Kingdom of Numidia:-110,누미디아 왕국,1.6,-2.4216,35.1796
-200,territory:Kingdom of Numidia:-110,누미디아 왕국,0.7,-2.4313,35.1837
-200,territory:Carthage:-202,카르타고,0.7,-3.9025,35.2154
-200,territory:Carthage:-202,카르타고,0.2,-3.9006,35.2175
-200,territory:Greek City-States:-164,Greek City-States,9.8,25.2147,35.4461
-200,territory:Carthage:-202,카르타고,5.8,-5.4186,35.9126
-200,territory:Ptolemaic Kingdom:-203,프톨레마이오스 왕국,6.1,29.6571,36.1342
-200,territory:Ptolemaic Kingdom:-203,프톨레마이오스 왕국,6.6,29.7467,36.1286
-200,territory:Ptolemaic Kingdom:-203,프톨레마이오스 왕국,4.0,29.4966,36.157
-200,territory:Ptolemaic Kingdom:-203,프톨레마이오스 왕국,5.3,29.5849,36.143
-200,territory:Seleucid Empire:-197,셀레우코스 제국,5.2,33.7804,36.1762
-200,territory:Ptolemaic Kingdom:-203,프톨레마이오스 왕국,1.7,29.8792,36.1835
-200,territory:Greek City-States:-164,Greek City-States,4.5,22.9586,36.4866
-200,territory:Ptolemaic Kingdom:-203,프톨레마이오스 왕국,4.7,28.1257,36.5989
-200,territory:Ptolemaic Kingdom:-203,프톨레마이오스 왕국,7.7,28.9183,36.6684
-200,territory:Ptolemaic Kingdom:-203,프톨레마이오스 왕국,1.6,27.1401,36.9429
-200,territory:Ptolemaic Kingdom:-203,프톨레마이오스 왕국,6.0,27.4647,36.9758
-200,territory:Ptolemaic Kingdom:-203,프톨레마이오스 왕국,8.3,27.0912,37.0593
-200,territory:Greek City-States:-164,Greek City-States,12.1,21.5492,37.0489
-200,territory:Carthage:-202,카르타고,11.8,10.8032,37.1291
-200,territory:Seleucid Empire:-197,셀레우코스 제국,13.1,27.0892,37.2864
-200,territory:Ptolemaic Kingdom:-203,프톨레마이오스 왕국,28.5,26.757,37.3005
-200,territory:Ptolemaic Kingdom:-203,프톨레마이오스 왕국,5.3,26.7337,37.387
-200,territory:Ptolemaic Kingdom:-203,프톨레마이오스 왕국,14.3,26.9735,37.4605
-200,territory:Greek City-States:-164,Greek City-States,26.6,23.9273,37.4756
-200,territory:Carthage:-202,카르타고,35.1,8.9372,37.5288
-200,territory:Roman Republic:-144,로마 공화정,0.2,27.1646,37.5786
-200,territory:Ptolemaic Kingdom:-203,프톨레마이오스 왕국,9.9,26.4286,37.5831
-200,territory:Ptolemaic Kingdom:-203,프톨레마이오스 왕국,4.9,26.5115,37.5906
-200,territory:Greek City-States:-164,Greek City-States,14.3,23.948,37.6486
-200,territory:Greek City-States:-164,Greek City-States,7.9,24.1228,37.7016
-200,territory:Greek City-States:-197,Greek City-States,9.0,23.7592,37.769
-200,territory:Greek City-States:-126,Greek City-States,19.1,24.2583,38.0038
-200,territory:Kingdom of Pergamon:-164,Kingdom of Pergamon,4.0,26.3417,38.4391
-200,territory:Greek City-States:-164,Greek City-States,5.0,26.2841,38.5035
-200,territory:Greek City-States:-164,Greek City-States,0.2,26.2288,38.5215
-200,territory:Kingdom of Pergamon:-188,Kingdom of Pergamon,11.4,26.7121,38.5036
-200,territory:Greek City-States:-164,Greek City-States,26.9,25.5105,38.541
-200,territory:Greek City-States:-164,Greek City-States,2.1,24.358,38.8379
-200,territory:Greek City-States:-164,Greek City-States,22.2,24.1084,39.0785
-200,territory:Roman Republic:-170,로마 공화정,19.0,20.2293,39.1444
-200,territory:Greek City-States:-164,Greek City-States,27.6,24.322,39.3498
-200,territory:Roman Republic:-126,로마 공화정,8.3,-9.5086,39.4157
-200,territory:Greek City-States:-164,Greek City-States,13.2,24.1686,39.3946
-200,territory:Roman Republic:-202,로마 공화정,18.9,19.5232,39.7704
-200,territory:Roman Republic:-202,로마 공화정,11.3,19.3991,39.85
-200,territory:Roman Republic:-202,로마 공화정,10.4,19.5814,39.8853
-200,territory:Roman Republic:-126,로마 공화정,9.6,23.9066,40.3248
-200,territory:Roman Republic:-202,로마 공화정,8.4,19.2804,40.4934
-200,territory:Roman Republic:-110,로마 공화정,20.0,14.2279,40.5502
-200,territory:Kingdom of Pergamon:-188,Kingdom of Pergamon,13.0,28.5278,40.5314
-200,territory:Roman Republic:-110,로마 공화정,12.2,14.0141,40.7542
-200,territory:Greek City-States:-164,Greek City-States,4.6,29.1137,40.8508
-200,territory:Roman Republic:-110,로마 공화정,34.2,12.9551,40.9106
-200,territory:Roman Republic:-110,로마 공화정,7.9,12.8559,40.9364
-200,territory:Roman Republic:-110,로마 공화정,6.3,13.0567,40.9706
-200,territory:Roman Republic:-202,로마 공화정,0.1,9.3416,41.2427
-200,territory:Roman Republic:-202,로마 공화정,2.6,9.3419,41.2833
-200,territory:Roman Republic:-202,로마 공화정,1.9,9.3712,41.299
-200,territory:Roman Republic:-202,로마 공화정,1.3,9.3411,41.3022
-200,territory:Roman Republic:-202,로마 공화정,2.7,9.2528,41.3366
-200,territory:Roman Republic:-202,로마 공화정,1.0,9.2576,41.367
-200,territory:Roman Republic:-202,로마 공화정,15.1,15.4859,42.1105
-200,territory:Roman Republic:-110,로마 공화정,20.1,11.0983,42.2489
-200,territory:Roman Republic:-164,로마 공화정,6.1,17.8807,42.7268
-200,territory:Roman Republic:-202,로마 공화정,25.0,16.5143,42.7615
-200,territory:Roman Republic:-110,로마 공화정,12.7,6.46,43.03
-200,territory:Roman Republic:-202,로마 공화정,10.1,16.6998,43.0909
-200,territory:Roman Republic:-202,로마 공화정,39.3,9.9059,43.4392
-200,territory:Roman Republic:-164,로마 공화정,4.3,16.1436,43.4401
-200,territory:Roman Republic:-110,로마 공화정,3.3,7.0471,43.5205
-200,territory:Roman Republic:-144,로마 공화정,4.7,15.8502,43.6851
-200,territory:Roman Republic:-126,로마 공화정,7.5,15.7006,43.6957
-200,territory:Roman Republic:-144,로마 공화정,4.8,15.6076,43.8011
-200,territory:Roman Republic:-110,로마 공화정,7.8,15.1114,44.0403
-200,territory:Roman Republic:-144,로마 공화정,6.4,15.0669,44.3058
-200,territory:Roman Republic:-126,로마 공화정,19.3,14.6928,44.3826
-200,territory:Roman Republic:-110,로마 공화정,7.5,14.9181,44.4305
-200,territory:Roman Republic:-126,로마 공화정,3.3,14.2998,44.5093
-200,territory:Roman Republic:-110,로마 공화정,1.4,13.7642,44.9064
-200,territory:Roman Republic:-164,로마 공화정,5.9,14.7948,44.9131
-200,territory:Roman Republic:-126,로마 공화정,4.1,14.5204,44.9729
-200,territory:Roman Republic:-144,로마 공화정,4.1,12.4021,45.4588
-200,territory:Himyarite Kingdom:-110,Himyarite Kingdom,21.6,43.4311,12.472
-200,territory:Himyarite Kingdom:-110,Himyarite Kingdom,37.5,42.944,12.8885
-200,territory:Himyarite Kingdom:-110,Himyarite Kingdom,3.4,42.9293,12.9342
-200,territory:Himyarite Kingdom:-110,Himyarite Kingdom,9.1,42.8494,13.028
-200,territory:Carthage:-202,카르타고,7.0,1.4455,38.715
-200,territory:Kingdom of Numidia:-197,누미디아 왕국,17.9,10.8766,33.7675
-200,territory:Carthage:-202,카르타고,22.6,11.0408,34.6388
-200,territory:Carthage:-202,카르타고,7.7,11.1821,34.696
-200,territory:Roman Republic:-202,로마 공화정,6.8,8.2864,39.1752
-200,territory:Roman Republic:-110,로마 공화정,8.2,13.9058,40.7253
-200,territory:Roman Republic:-202,로마 공화정,32.8,16.339,42.3767
-200,territory:Roman Republic:-202,로마 공화정,0.3,16.3357,42.379
-200,territory:Roman Republic:-202,로마 공화정,5.3,16.2712,42.3874
-200,territory:Roman Republic:-202,로마 공화정,0.3,16.2754,42.3887
-200,territory:Roman Republic:-202,로마 공화정,0.9,16.2609,42.392
-200,territory:Roman Republic:-126,로마 공화정,11.2,17.669,42.7188
-200,territory:Roman Republic:-164,로마 공화정,38.6,16.0091,42.9673
-200,territory:Roman Republic:-164,로마 공화정,21.0,15.7446,43.0241
-200,territory:Roman Republic:-164,로마 공화정,12.4,16.158,43.0528
-200,territory:Roman Republic:-202,로마 공화정,10.1,16.5892,43.1935
-200,territory:Roman Republic:-110,로마 공화정,6.4,16.6437,43.3353
-200,territory:Roman Republic:-126,로마 공화정,1.9,15.0066,44.4507
-200,territory:Greek City-States:-170,Greek City-States,10.6,20.6508,38.7362
-200,territory:Roman Republic:-110,로마 공화정,8.5,23.5052,37.3388
-200,territory:Roman Republic:-110,로마 공화정,15.2,23.4882,37.7302
-200,territory:Greek City-States:-188,Greek City-States,29.2,23.6983,39.1437
-200,territory:Ptolemaic Kingdom:-197,프톨레마이오스 왕국,30.9,27.3668,36.4102
-200,territory:Ptolemaic Kingdom:-197,프톨레마이오스 왕국,15.3,27.8188,36.5828
-200,territory:Greek City-States:-164,Greek City-States,21.5,25.3195,36.7477
-200,territory:Ptolemaic Kingdom:-203,프톨레마이오스 왕국,6.4,26.9874,36.9875
-200,territory:Greek City-States:-164,Greek City-States,10.2,25.2035,37.0798
-200,territory:Greek City-States:-164,Greek City-States,34.3,24.4875,37.1635
-200,territory:Greek City-States:-164,Greek City-States,15.5,24.4201,37.3575
-200,territory:Greek City-States:-164,Greek City-States,15.0,24.9137,37.4057
-200,territory:Greek City-States:-164,Greek City-States,10.8,25.3748,37.444
-200,territory:Greek City-States:-164,Greek City-States,19.4,25.5698,40.4688
-200,territory:Greek City-States:-164,Greek City-States,18.8,27.6128,40.6268
-200,territory:Himyarite Kingdom:-110,Himyarite Kingdom,4.1,42.9382,12.8384
-200,territory:Himyarite Kingdom:-110,Himyarite Kingdom,31.0,42.7478,14.0002
-200,territory:Sabaeans:-350,Sabaeans,19.6,42.587,15.3505
-200,territory:Parthian Empire:-126,파르티아 제국,2.2,53.8096,24.1797
-200,territory:Parthian Empire:-126,파르티아 제국,6.5,52.6023,24.3268
-200,territory:Parthian Empire:-126,파르티아 제국,2.7,54.2259,24.3362
-200,territory:Parthian Empire:-126,파르티아 제국,18.5,53.3838,24.34
-200,territory:Parthian Empire:-144,파르티아 제국,17.7,53.9823,26.5143
-100,territory:Kingdom of Axum:-50,Kingdom of Axum,2.9,40.314,15.0222
-100,territory:Kingdom of Axum:-50,Kingdom of Axum,3.9,40.2492,15.1515
-100,territory:Sabaeans:-31,Sabaeans,30.8,42.4068,15.7254
-100,territory:Parthian Empire:-77,파르티아 제국,13.3,52.0107,24.2305
-100,territory:Parthian Empire:-77,파르티아 제국,23.7,51.7316,24.5858
-100,territory:Parthian Empire:-110,파르티아 제국,0.1,55.1164,25.1155
-100,territory:Parthian Empire:-40,파르티아 제국,0.0,55.1746,25.1928
-100,territory:Parthian Empire:-40,파르티아 제국,0.2,55.1725,25.1946
-100,territory:Parthian Empire:-40,파르티아 제국,1.5,55.1568,25.1952
-100,territory:Parthian Empire:-63,파르티아 제국,0.1,55.1751,25.1951
-100,territory:Parthian Empire:-40,파르티아 제국,0.2,55.1597,25.1959
-100,territory:Parthian Empire:-40,파르티아 제국,0.3,55.1527,25.1958
-100,territory:Parthian Empire:-40,파르티아 제국,0.2,55.1695,25.1958
-100,territory:Parthian Empire:-63,파르티아 제국,0.1,55.1756,25.1965
-100,territory:Parthian Empire:-40,파르티아 제국,0.2,55.1492,25.1969
-100,territory:Parthian Empire:-40,파르티아 제국,0.2,55.1669,25.1969
-100,territory:Parthian Empire:-63,파르티아 제국,0.2,55.1729,25.1979
-100,territory:Parthian Empire:-40,파르티아 제국,0.2,55.1537,25.1977
-100,territory:Parthian Empire:-40,파르티아 제국,0.1,55.1507,25.1985
-100,territory:Parthian Empire:-40,파르티아 제국,0.2,55.1561,25.1985
-100,territory:Parthian Empire:-40,파르티아 제국,0.2,55.1693,25.1988
-100,territory:Parthian Empire:-40,파르티아 제국,0.2,55.1466,25.1998
-100,territory:Parthian Empire:-63,파르티아 제국,0.2,55.1718,25.2
-100,territory:Parthian Empire:-63,파르티아 제국,0.1,55.1751,25.199
-100,territory:Parthian Empire:-40,파르티아 제국,0.2,55.1495,25.2
-100,territory:Parthian Empire:-40,파르티아 제국,0.2,55.1656,25.1998
-100,territory:Parthian Empire:-40,파르티아 제국,0.2,55.1525,25.2005
-100,territory:Parthian Empire:-40,파르티아 제국,0.2,55.1635,25.2009
-100,territory:Parthian Empire:-40,파르티아 제국,0.2,55.1679,25.201
-100,territory:Parthian Empire:-40,파르티아 제국,0.2,55.1558,25.2011
-100,territory:Parthian Empire:-40,파르티아 제국,0.1,55.1479,25.2015
-100,territory:Parthian Empire:-40,파르티아 제국,0.1,55.1656,25.2022
-100,territory:Parthian Empire:-63,파르티아 제국,0.2,55.1709,25.2019
-100,territory:Parthian Empire:-40,파르티아 제국,0.2,55.1505,25.2029
-100,territory:Parthian Empire:-63,파르티아 제국,0.1,55.1734,25.2023
-100,territory:Parthian Empire:-40,파르티아 제국,0.2,55.1527,25.2031
-100,territory:Parthian Empire:-40,파르티아 제국,0.2,55.1584,25.2028
-100,territory:Parthian Empire:-40,파르티아 제국,0.1,55.1548,25.2038
-100,territory:Parthian Empire:-40,파르티아 제국,0.2,55.1466,25.2041
-100,territory:Parthian Empire:-40,파르티아 제국,0.1,55.1492,25.2039
-100,territory:Parthian Empire:-40,파르티아 제국,0.1,55.1583,25.2055
-100,territory:Parthian Empire:-40,파르티아 제국,0.2,55.1556,25.2056
-100,territory:Parthian Empire:-40,파르티아 제국,0.2,55.1464,25.2067
-100,territory:Parthian Empire:-40,파르티아 제국,0.2,55.1534,25.2067
-100,territory:Parthian Empire:-40,파르티아 제국,0.2,55.1497,25.2069
-100,territory:Parthian Empire:-40,파르티아 제국,0.2,55.1592,25.2076
-100,territory:Parthian Empire:-63,파르티아 제국,0.4,55.1751,25.2073
-100,territory:Parthian Empire:-40,파르티아 제국,0.2,55.1566,25.2082
-100,territory:Parthian Empire:-63,파르티아 제국,0.1,55.1831,25.2079
-100,territory:Parthian Empire:-40,파르티아 제국,0.2,55.1517,25.2088
-100,territory:Parthian Empire:-63,파르티아 제국,0.2,55.1802,25.209
-100,territory:Parthian Empire:-40,파르티아 제국,0.1,55.1456,25.2087
-100,territory:Parthian Empire:-63,파르티아 제국,0.2,55.1734,25.2093
-100,territory:Parthian Empire:-63,파르티아 제국,0.2,55.1771,25.2092
-100,territory:Parthian Empire:-40,파르티아 제국,0.1,55.1517,25.2104
-100,territory:Parthian Empire:-40,파르티아 제국,0.2,55.1486,25.2104
-100,territory:Parthian Empire:-110,파르티아 제국,0.1,55.1848,25.2108
-100,territory:Parthian Empire:-40,파르티아 제국,0.1,55.1461,25.2111
-100,territory:Parthian Empire:-63,파르티아 제국,0.2,55.1705,25.2103
-100,territory:Parthian Empire:-110,파르티아 제국,0.1,55.1826,25.2113
-100,territory:Parthian Empire:-63,파르티아 제국,0.2,55.175,25.2114
-100,territory:Parthian Empire:-110,파르티아 제국,0.1,55.1807,25.2126
-100,territory:Parthian Empire:-110,파르티아 제국,0.2,55.1846,25.2131
-100,territory:Parthian Empire:-63,파르티아 제국,0.2,55.172,25.2132
-100,territory:Parthian Empire:-63,파르티아 제국,0.2,55.1778,25.2132
-100,territory:Parthian Empire:-40,파르티아 제국,0.5,55.1567,25.2135
-100,territory:Parthian Empire:-40,파르티아 제국,0.2,55.154,25.214
-100,territory:Parthian Empire:-63,파르티아 제국,0.3,55.1681,25.214
-100,territory:Parthian Empire:-63,파르티아 제국,0.1,55.1757,25.2145
-100,territory:Parthian Empire:-110,파르티아 제국,0.1,55.1815,25.2144
-100,territory:Parthian Empire:-40,파르티아 제국,0.3,55.1461,25.2149
-100,territory:Parthian Empire:-110,파르티아 제국,0.1,55.1831,25.2151
-100,territory:Parthian Empire:-63,파르티아 제국,0.1,55.1781,25.2154
-100,territory:Parthian Empire:-40,파르티아 제국,0.2,55.151,25.2155
-100,territory:Parthian Empire:-63,파르티아 제국,0.4,55.1637,25.2158
-100,territory:Parthian Empire:-40,파르티아 제국,0.1,55.1445,25.2156
-100,territory:Parthian Empire:-40,파르티아 제국,0.1,55.1519,25.2164
-100,territory:Parthian Empire:-40,파르티아 제국,0.2,55.1555,25.2166
-100,territory:Parthian Empire:-110,파르티아 제국,0.1,55.1813,25.2168
-100,territory:Parthian Empire:-40,파르티아 제국,0.2,55.1487,25.2162
-100,territory:Parthian Empire:-63,파르티아 제국,0.1,55.1753,25.2167
-100,territory:Parthian Empire:-63,파르티아 제국,0.2,55.1681,25.2169
-100,territory:Parthian Empire:-63,파르티아 제국,0.1,55.1705,25.2163
-100,territory:Parthian Empire:-63,파르티아 제국,0.1,55.1771,25.2166
-100,territory:Parthian Empire:-40,파르티아 제국,0.1,55.1533,25.2173
-100,territory:Parthian Empire:-63,파르티아 제국,0.1,55.1646,25.2174
-100,territory:Parthian Empire:-63,파르티아 제국,0.1,55.1721,25.2177
-100,territory:Parthian Empire:-40,파르티아 제국,0.1,55.146,25.2177
-100,territory:Parthian Empire:-110,파르티아 제국,0.2,55.1838,25.2181
-100,territory:Parthian Empire:-110,파르티아 제국,0.2,55.1881,25.2185
-100,territory:Parthian Empire:-63,파르티아 제국,0.1,55.1708,25.2184
-100,territory:Parthian Empire:-40,파르티아 제국,0.1,55.1497,25.2188
-100,territory:Parthian Empire:-63,파르티아 제국,0.1,55.1676,25.2182
-100,territory:Parthian Empire:-40,파르티아 제국,0.5,55.1399,25.2059
-100,territory:Parthian Empire:-40,파르티아 제국,0.1,55.1523,25.2189
-100,territory:Parthian Empire:-40,파르티아 제국,0.2,55.1555,25.2192
-100,territory:Parthian Empire:-110,파르티아 제국,0.0,55.1902,25.2191
-100,territory:Parthian Empire:-110,파르티아 제국,0.3,55.1795,25.2197
-100,territory:Parthian Empire:-63,파르티아 제국,0.1,55.1696,25.2193
-100,territory:Parthian Empire:-63,파르티아 제국,0.2,55.1762,25.2198
-100,territory:Parthian Empire:-110,파르티아 제국,0.1,55.1886,25.22
-100,territory:Parthian Empire:-110,파르티아 제국,0.2,55.1819,25.2196
-100,territory:Parthian Empire:-110,파르티아 제국,0.1,55.1779,25.2198
-100,territory:Parthian Empire:-63,파르티아 제국,0.1,55.1747,25.22
-100,territory:Parthian Empire:-40,파르티아 제국,0.1,55.1509,25.2203
-100,territory:Parthian Empire:-40,파르티아 제국,0.2,55.1468,25.2204
-100,territory:Parthian Empire:-63,파르티아 제국,0.2,55.1665,25.221
-100,territory:Parthian Empire:-40,파르티아 제국,0.1,55.1455,25.2209
-100,territory:Parthian Empire:-40,파르티아 제국,0.1,55.1484,25.2212
-100,territory:Parthian Empire:-40,파르티아 제국,0.1,55.1439,25.2214
-100,territory:Parthian Empire:-63,파르티아 제국,0.2,55.1686,25.2215
-100,territory:Parthian Empire:-63,파르티아 제국,0.2,55.172,25.221
-100,territory:Parthian Empire:-63,파르티아 제국,0.1,55.1769,25.2218
-100,territory:Parthian Empire:-63,파르티아 제국,0.1,55.1746,25.2221
-100,territory:Parthian Empire:-110,파르티아 제국,0.2,55.1813,25.2219
-100,territory:Parthian Empire:-40,파르티아 제국,0.2,55.1529,25.2217
-100,territory:Parthian Empire:-63,파르티아 제국,0.2,55.1695,25.2237
-100,territory:Parthian Empire:-40,파르티아 제국,0.1,55.1495,25.2234
-100,territory:Parthian Empire:-63,파르티아 제국,0.4,55.1628,25.2231
-100,territory:Parthian Empire:-63,파르티아 제국,0.1,55.1733,25.2237
-100,territory:Parthian Empire:-110,파르티아 제국,0.3,55.1876,25.2237
-100,territory:Parthian Empire:-40,파르티아 제국,0.1,55.1469,25.2246
-100,territory:Parthian Empire:-110,파르티아 제국,0.2,55.1781,25.2242
-100,territory:Parthian Empire:-110,파르티아 제국,0.2,55.1918,25.225
-100,territory:Parthian Empire:-40,파르티아 제국,0.2,55.1432,25.2245
-100,territory:Parthian Empire:-110,파르티아 제국,0.2,55.1754,25.2252
-100,territory:Parthian Empire:-110,파르티아 제국,0.2,55.184,25.2242
-100,territory:Parthian Empire:-110,파르티아 제국,0.1,55.1814,25.225
-100,territory:Parthian Empire:-110,파르티아 제국,0.2,55.1894,25.2257
-100,territory:Parthian Empire:-110,파르티아 제국,0.1,55.1853,25.2255
-100,territory:Parthian Empire:-63,파르티아 제국,0.1,55.1708,25.2254
-100,territory:Parthian Empire:-63,파르티아 제국,0.3,55.1651,25.2266
-100,territory:Parthian Empire:-40,파르티아 제국,0.2,55.1485,25.2265
-100,territory:Parthian Empire:-63,파르티아 제국,0.2,55.1661,25.2248
-100,territory:Parthian Empire:-110,파르티아 제국,0.2,55.1778,25.2271
-100,territory:Parthian Empire:-110,파르티아 제국,0.1,55.189,25.2273
-100,territory:Parthian Empire:-63,파르티아 제국,0.2,55.1623,25.227
-100,territory:Parthian Empire:-63,파르티아 제국,0.2,55.1729,25.2269
-100,territory:Parthian Empire:-110,파르티아 제국,0.1,55.1801,25.2273
-100,territory:Parthian Empire:-63,파르티아 제국,0.1,55.175,25.2274
-100,territory:Parthian Empire:-110,파르티아 제국,0.2,55.1831,25.228
-100,territory:Parthian Empire:-110,파르티아 제국,0.2,55.1864,25.2283
-100,territory:Parthian Empire:-63,파르티아 제국,0.2,55.1698,25.2291
-100,territory:Parthian Empire:-110,파르티아 제국,0.1,55.1808,25.2292
-100,territory:Parthian Empire:-63,파르티아 제국,0.2,55.1732,25.2296
-100,territory:Parthian Empire:-110,파르티아 제국,0.2,55.1869,25.2305
-100,territory:Parthian Empire:-110,파르티아 제국,0.3,55.1773,25.2302
-100,territory:Parthian Empire:-110,파르티아 제국,0.2,55.1841,25.2305
-100,territory:Parthian Empire:-63,파르티아 제국,0.1,55.1713,25.2306
-100,territory:Parthian Empire:-110,파르티아 제국,0.1,55.1807,25.2309
-100,territory:Parthian Empire:-110,파르티아 제국,0.2,55.1896,25.2308
-100,territory:Parthian Empire:-63,파르티아 제국,0.2,55.1673,25.2298
-100,territory:Parthian Empire:-63,파르티아 제국,0.2,55.1647,25.2317
-100,territory:Parthian Empire:-110,파르티아 제국,0.1,55.1874,25.2321
-100,territory:Parthian Empire:-63,파르티아 제국,0.2,55.1742,25.232
-100,territory:Parthian Empire:-110,파르티아 제국,0.1,55.19,25.2326
-100,territory:Parthian Empire:-110,파르티아 제국,0.1,55.1875,25.2335
-100,territory:Parthian Empire:-110,파르티아 제국,0.2,55.1822,25.2333
-100,territory:Parthian Empire:-110,파르티아 제국,0.1,55.191,25.2341
-100,territory:Parthian Empire:-63,파르티아 제국,0.1,55.1761,25.2337
-100,territory:Parthian Empire:-63,파르티아 제국,0.2,55.1711,25.234
-100,territory:Parthian Empire:-110,파르티아 제국,0.2,55.1843,25.234
-100,territory:Parthian Empire:-63,파르티아 제국,0.1,55.1791,25.2352
-100,territory:Parthian Empire:-63,파르티아 제국,0.2,55.1689,25.2348
-100,territory:Parthian Empire:-63,파르티아 제국,0.3,55.1631,25.2345
-100,territory:Parthian Empire:-110,파르티아 제국,0.2,55.186,25.2361
-100,territory:Parthian Empire:-110,파르티아 제국,0.1,55.1825,25.2362
-100,territory:Parthian Empire:-63,파르티아 제국,0.3,55.176,25.237
-100,territory:Parthian Empire:-63,파르티아 제국,0.1,55.1787,25.2374
-100,territory:Parthian Empire:-63,파르티아 제국,0.2,55.1732,25.2374
-100,territory:Parthian Empire:-63,파르티아 제국,0.2,55.1692,25.2379
-100,territory:Parthian Empire:-63,파르티아 제국,0.1,55.1752,25.2391
-100,territory:Parthian Empire:-63,파르티아 제국,0.2,55.1798,25.2393
-100,territory:Parthian Empire:-110,파르티아 제국,0.2,55.1842,25.239
-100,territory:Parthian Empire:-63,파르티아 제국,0.2,55.1775,25.24
-100,territory:Parthian Empire:-110,파르티아 제국,0.3,55.1896,25.2388
-100,territory:Parthian Empire:-63,파르티아 제국,0.3,55.1658,25.2391
-100,territory:Parthian Empire:-63,파르티아 제국,0.1,55.1806,25.2406
-100,territory:Parthian Empire:-110,파르티아 제국,0.2,55.1863,25.2413
-100,territory:Parthian Empire:-110,파르티아 제국,0.5,55.1979,25.2404
-100,territory:Parthian Empire:-63,파르티아 제국,0.2,55.1678,25.2418
-100,territory:Parthian Empire:-63,파르티아 제국,0.1,55.1816,25.2419
-100,territory:Parthian Empire:-63,파르티아 제국,0.3,55.1722,25.241
-100,territory:Parthian Empire:-63,파르티아 제국,0.2,55.1783,25.2422
-100,territory:Parthian Empire:-110,파르티아 제국,0.1,55.187,25.2426
-100,territory:Parthian Empire:-110,파르티아 제국,0.2,55.1837,25.243
-100,territory:Parthian Empire:-63,파르티아 제국,0.2,55.175,25.2424
-100,territory:Parthian Empire:-63,파르티아 제국,0.1,55.1735,25.244
-100,territory:Parthian Empire:-63,파르티아 제국,0.1,55.1792,25.2442
-100,territory:Parthian Empire:-110,파르티아 제국,0.1,55.1862,25.2444
-100,territory:Parthian Empire:-40,파르티아 제국,0.6,55.1319,25.2177
-100,territory:Parthian Empire:-110,파르티아 제국,0.3,55.1825,25.2471
-100,territory:Parthian Empire:-110,파르티아 제국,0.3,55.1747,25.2486
-100,territory:Parthian Empire:-40,파르티아 제국,1.1,55.1571,25.25
-100,territory:Parthian Empire:-40,파르티아 제국,23.4,55.3051,26.269
-100,territory:Ptolemaic Kingdom:-31,프톨레마이오스 왕국,14.2,25.7058,34.8736
-100,territory:Ptolemaic Kingdom:-31,프톨레마이오스 왕국,11.1,26.1363,34.9346
-100,territory:Kingdom of Numidia:-110,누미디아 왕국,2.7,-2.4427,35.178
-100,territory:Kingdom of Numidia:-110,누미디아 왕국,1.6,-2.4216,35.1796
-100,territory:Kingdom of Numidia:-110,누미디아 왕국,0.7,-2.4313,35.1837
-100,territory:Mauretania:-110,마우레타니아,0.7,-3.9025,35.2154
-100,territory:Mauretania:-110,마우레타니아,0.2,-3.9006,35.2175
-100,territory:Ptolemaic Kingdom:-31,프톨레마이오스 왕국,9.8,25.2147,35.4461
-100,territory:Mauretania:-27,마우레타니아,5.8,-5.4186,35.9126
-100,territory:Roman Empire:-25,로마 제국,6.1,29.6571,36.1342
-100,territory:Ptolemaic Kingdom:-31,프톨레마이오스 왕국,6.6,29.7467,36.1286
-100,territory:Roman Empire:-25,로마 제국,4.0,29.4966,36.157
-100,territory:Roman Empire:-25,로마 제국,5.3,29.5849,36.143
-100,territory:Greek City-States:-77,Greek City-States,4.2,33.7804,36.1762
-100,territory:Roman Empire:-14,로마 제국,1.7,29.8792,36.1835
-100,territory:Ptolemaic Kingdom:-31,프톨레마이오스 왕국,4.5,22.9586,36.4866
-100,territory:Ptolemaic Kingdom:-31,프톨레마이오스 왕국,4.7,28.1257,36.5989
-100,territory:Roman Empire:-27,로마 제국,4.8,28.9183,36.6684
-100,territory:Ptolemaic Kingdom:-31,프톨레마이오스 왕국,1.6,27.1401,36.9429
-100,territory:Roman Empire:-25,로마 제국,18.7,27.4647,36.9758
-100,territory:Ptolemaic Kingdom:-31,프톨레마이오스 왕국,9.3,27.0912,37.0593
-100,territory:Roman Republic:-49,로마 공화정,12.1,21.5492,37.0489
-100,territory:Roman Empire:-14,로마 제국,11.8,10.8032,37.1291
-100,territory:Roman Empire:-25,로마 제국,13.2,27.0892,37.2864
-100,territory:Roman Empire:-25,로마 제국,28.8,26.757,37.3005
-100,territory:Roman Empire:-25,로마 제국,5.3,26.7337,37.387
-100,territory:Roman Empire:-25,로마 제국,17.3,26.9735,37.4605
-100,territory:Ptolemaic Kingdom:-31,프톨레마이오스 왕국,26.6,23.9273,37.4756
-100,territory:Roman Empire:-14,로마 제국,35.1,8.9372,37.5288
-100,territory:Roman Empire:-25,로마 제국,0.2,27.1646,37.5786
-100,territory:Ptolemaic Kingdom:-31,프톨레마이오스 왕국,9.9,26.4286,37.5831
-100,territory:Ptolemaic Kingdom:-31,프톨레마이오스 왕국,4.9,26.5115,37.5906
-100,territory:Ptolemaic Kingdom:-31,프톨레마이오스 왕국,14.3,23.948,37.6486
-100,territory:Ptolemaic Kingdom:-31,프톨레마이오스 왕국,7.9,24.1228,37.7016
-100,territory:Roman Republic:-46,로마 공화정,10.8,23.7592,37.769
-100,territory:Greek City-States:-91,Greek City-States,19.1,24.2583,38.0038
-100,territory:Roman Republic:-66,로마 공화정,4.0,26.3417,38.4391
-100,territory:Ptolemaic Kingdom:-31,프톨레마이오스 왕국,5.0,26.2841,38.5035
-100,territory:Ptolemaic Kingdom:-31,프톨레마이오스 왕국,0.2,26.2288,38.5215
-100,territory:Kingdom of Pontus:-87,폰토스 왕국,11.4,26.7121,38.5036
-100,territory:Ptolemaic Kingdom:-31,프톨레마이오스 왕국,26.9,25.5105,38.541
-100,territory:Ptolemaic Kingdom:-31,프톨레마이오스 왕국,2.1,24.358,38.8379
-100,territory:Ptolemaic Kingdom:-31,프톨레마이오스 왕국,22.2,24.1084,39.0785
-100,territory:Roman Empire:-31,로마 제국,19.0,20.2293,39.1444
-100,territory:Ptolemaic Kingdom:-31,프톨레마이오스 왕국,27.6,24.322,39.3498
-100,territory:Roman Republic:-77,로마 공화정,8.3,-9.5086,39.4157
-100,territory:Ptolemaic Kingdom:-31,프톨레마이오스 왕국,13.2,24.1686,39.3946
-100,territory:Roman Empire:-25,로마 제국,18.9,19.5232,39.7704
-100,territory:Roman Empire:-25,로마 제국,11.3,19.3991,39.85
-100,territory:Roman Empire:-25,로마 제국,10.4,19.5814,39.8853
-100,territory:Roman Republic:-41,로마 공화정,9.6,23.9066,40.3248
-100,territory:Roman Empire:-25,로마 제국,8.4,19.2804,40.4934
-100,territory:Roman Empire:-25,로마 제국,20.0,14.2279,40.5502
-100,territory:Kingdom of Pontus:-87,폰토스 왕국,9.6,28.5278,40.5314
-100,territory:Roman Empire:-25,로마 제국,12.2,14.0141,40.7542
-100,territory:Roman Empire:-25,로마 제국,3.4,29.1137,40.8508
-100,territory:Roman Empire:-25,로마 제국,34.2,12.9551,40.9106
-100,territory:Roman Empire:-25,로마 제국,7.9,12.8559,40.9364
-100,territory:Roman Empire:-25,로마 제국,6.3,13.0567,40.9706
-100,territory:Roman Empire:-25,로마 제국,0.1,9.3416,41.2427
-100,territory:Roman Empire:-25,로마 제국,2.6,9.3419,41.2833
-100,territory:Roman Empire:-25,로마 제국,1.9,9.3712,41.299
-100,territory:Roman Empire:-25,로마 제국,1.3,9.3411,41.3022
-100,territory:Roman Empire:-25,로마 제국,2.7,9.2528,41.3366
-100,territory:Roman Empire:-25,로마 제국,1.0,9.2576,41.367
-100,territory:Roman Empire:-25,로마 제국,15.1,15.4859,42.1105
-100,territory:Roman Empire:-25,로마 제국,20.1,11.0983,42.2489
-100,territory:Roman Republic:-48,로마 공화정,6.1,17.8807,42.7268
-100,territory:Roman Empire:-25,로마 제국,11.6,6.46,43.03
-100,territory:Roman Empire:-25,로마 제국,20.5,16.6998,43.0909
-100,territory:Roman Empire:-30,로마 제국,36.8,9.9059,43.4392
-100,territory:Roman Empire:-31,로마 제국,4.3,16.1436,43.4401
-100,territory:Roman Empire:-25,로마 제국,3.3,7.0471,43.5205
-100,territory:Roman Republic:-50,로마 공화정,4.7,15.8502,43.6851
-100,territory:Roman Empire:-25,로마 제국,7.5,15.7006,43.6957
-100,territory:Roman Republic:-66,로마 공화정,4.8,15.6076,43.8011
-100,territory:Roman Empire:-25,로마 제국,7.8,15.1114,44.0403
-100,territory:Roman Republic:-77,로마 공화정,6.4,15.0669,44.3058
-100,territory:Roman Empire:-25,로마 제국,19.3,14.6928,44.3826
-100,territory:Roman Empire:-27,로마 제국,7.5,14.9181,44.4305
-100,territory:Roman Empire:-25,로마 제국,3.3,14.2998,44.5093
-100,territory:Roman Empire:-25,로마 제국,1.4,13.7642,44.9064
-100,territory:Roman Republic:-66,로마 공화정,5.9,14.7948,44.9131
-100,territory:Roman Empire:-25,로마 제국,4.1,14.5204,44.9729
-100,territory:Roman Empire:-30,로마 제국,4.1,12.4021,45.4588
-100,territory:Roman Empire:-25,로마 제국,10.2,-1.8312,48.8713
-100,territory:Roman Republic:-40,로마 공화정,34.3,-2.4514,49.4704
-100,territory:Himyarite Kingdom:-110,Himyarite Kingdom,21.6,43.4311,12.472
-100,territory:Himyarite Kingdom:-110,Himyarite Kingdom,37.5,42.944,12.8885
-100,territory:Himyarite Kingdom:-110,Himyarite Kingdom,3.4,42.9293,12.9342
-100,territory:Himyarite Kingdom:-110,Himyarite Kingdom,9.1,42.8494,13.028
-100,territory:Roman Empire:-25,로마 제국,7.0,1.4455,38.715
-100,territory:Roman Empire:-27,로마 제국,3.7,-1.2913,45.96
-100,territory:Roman Empire:-25,로마 제국,19.1,-2.1105,49.207
-100,territory:Roman Republic:-40,로마 공화정,9.7,-2.5891,49.4647
-100,territory:Roman Empire:-30,로마 제국,17.9,10.8766,33.7675
-100,territory:Roman Empire:-14,로마 제국,22.6,11.0408,34.6388
-100,territory:Roman Empire:-14,로마 제국,7.7,11.1821,34.696
-100,territory:Roman Empire:-25,로마 제국,6.8,8.2864,39.1752
-100,territory:Roman Empire:-25,로마 제국,8.2,13.9058,40.7253
-100,territory:Roman Empire:-19,로마 제국,11.2,17.669,42.7188
-100,territory:Roman Empire:-25,로마 제국,29.3,16.5142,42.7614
-100,territory:Roman Empire:-25,로마 제국,16.8,16.8906,42.9485
-100,territory:Roman Empire:-31,로마 제국,38.6,16.0091,42.9673
-100,territory:Roman Empire:-31,로마 제국,21.0,15.7446,43.0241
-100,territory:Roman Empire:-31,로마 제국,12.4,16.158,43.0528
-100,territory:Roman Empire:-25,로마 제국,10.1,16.5892,43.1935
-100,territory:Roman Empire:-25,로마 제국,6.4,16.6437,43.3353
-100,territory:Roman Republic:-49,로마 공화정,1.9,15.0066,44.4507
-100,territory:Ptolemaic Kingdom:-31,프톨레마이오스 왕국,10.6,20.6508,38.7362
-100,territory:Roman Republic:-63,로마 공화정,7.7,23.5052,37.3388
-100,territory:Roman Republic:-63,로마 공화정,14.3,23.4882,37.7302
-100,territory:Roman Republic:-77,로마 공화정,2.7,23.4951,37.9585
-100,territory:Roman Empire:-25,로마 제국,29.2,23.6983,39.1437
-100,territory:Ptolemaic Kingdom:-31,프톨레마이오스 왕국,30.9,27.3668,36.4102
-100,territory:Ptolemaic Kingdom:-31,프톨레마이오스 왕국,15.3,27.8188,36.5828
-100,territory:Ptolemaic Kingdom:-31,프톨레마이오스 왕국,21.5,25.3195,36.7477
-100,territory:Ptolemaic Kingdom:-31,프톨레마이오스 왕국,6.4,26.9874,36.9875
-100,territory:Ptolemaic Kingdom:-31,프톨레마이오스 왕국,10.2,25.2035,37.0798
-100,territory:Ptolemaic Kingdom:-31,프톨레마이오스 왕국,34.3,24.4875,37.1635
-100,territory:Ptolemaic Kingdom:-31,프톨레마이오스 왕국,15.5,24.4201,37.3575
-100,territory:Ptolemaic Kingdom:-31,프톨레마이오스 왕국,15.0,24.9137,37.4057
-100,territory:Ptolemaic Kingdom:-31,프톨레마이오스 왕국,10.8,25.3748,37.444
-100,territory:Roman Empire:-25,로마 제국,25.0,26.8127,37.734
-100,territory:Greek City-States:-91,Greek City-States,19.4,25.5698,40.4688
-100,territory:Roman Republic:-87,로마 공화정,18.8,27.6128,40.6268
-100,territory:Himyarite Kingdom:-110,Himyarite Kingdom,4.1,42.9382,12.8384
-100,territory:Himyarite Kingdom:-110,Himyarite Kingdom,31.0,42.7478,14.0002
-100,territory:Himyarite Kingdom:-19,Himyarite Kingdom,14.3,42.587,15.3505
-100,territory:Kingdom of Axum:-50,Kingdom of Axum,24.4,40.0874,15.715
-100,territory:Parthian Empire:-40,파르티아 제국,2.2,53.8096,24.1797
-100,territory:Parthian Empire:-77,파르티아 제국,6.5,52.6023,24.3268
-100,territory:Parthian Empire:-66,파르티아 제국,2.7,54.2259,24.3362
-100,territory:Parthian Empire:-40,파르티아 제국,18.5,53.3838,24.34
-100,territory:Parthian Empire:-40,파르티아 제국,17.7,53.9823,26.5143
0,territory:Kingdom of Axum:-50,Kingdom of Axum,2.9,40.314,15.0222
0,territory:Kingdom of Axum:-50,Kingdom of Axum,3.9,40.2492,15.1515
0,territory:Himyarite Kingdom:-19,Himyarite Kingdom,31.2,42.4068,15.7254
0,territory:Parthian Empire:-36,파르티아 제국,13.3,52.0107,24.2305
0,territory:Parthian Empire:43,파르티아 제국,23.7,51.7316,24.5858
0,territory:Parthian Empire:-36,파르티아 제국,0.1,55.1164,25.1155
0,territory:Parthian Empire:43,파르티아 제국,0.0,55.1746,25.1928
0,territory:Parthian Empire:43,파르티아 제국,0.2,55.1725,25.1946
0,territory:Parthian Empire:43,파르티아 제국,1.5,55.1568,25.1952
0,territory:Parthian Empire:1,파르티아 제국,0.1,55.1751,25.1951
0,territory:Parthian Empire:43,파르티아 제국,0.2,55.1597,25.1959
0,territory:Parthian Empire:43,파르티아 제국,0.3,55.1527,25.1958
0,territory:Parthian Empire:43,파르티아 제국,0.2,55.1695,25.1958
0,territory:Parthian Empire:1,파르티아 제국,0.1,55.1756,25.1965
0,territory:Parthian Empire:43,파르티아 제국,0.2,55.1492,25.1969
0,territory:Parthian Empire:43,파르티아 제국,0.2,55.1669,25.1969
0,territory:Parthian Empire:1,파르티아 제국,0.2,55.1729,25.1979
0,territory:Parthian Empire:43,파르티아 제국,0.2,55.1537,25.1977
0,territory:Parthian Empire:43,파르티아 제국,0.1,55.1507,25.1985
0,territory:Parthian Empire:43,파르티아 제국,0.2,55.1561,25.1985
0,territory:Parthian Empire:43,파르티아 제국,0.2,55.1693,25.1988
0,territory:Parthian Empire:43,파르티아 제국,0.2,55.1466,25.1998
0,territory:Parthian Empire:1,파르티아 제국,0.2,55.1718,25.2
0,territory:Parthian Empire:1,파르티아 제국,0.1,55.1751,25.199
0,territory:Parthian Empire:43,파르티아 제국,0.2,55.1495,25.2
0,territory:Parthian Empire:43,파르티아 제국,0.2,55.1656,25.1998
0,territory:Parthian Empire:43,파르티아 제국,0.2,55.1525,25.2005
0,territory:Parthian Empire:43,파르티아 제국,0.2,55.1635,25.2009
0,territory:Parthian Empire:43,파르티아 제국,0.2,55.1679,25.201
0,territory:Parthian Empire:43,파르티아 제국,0.2,55.1558,25.2011
0,territory:Parthian Empire:43,파르티아 제국,0.1,55.1479,25.2015
0,territory:Parthian Empire:43,파르티아 제국,0.1,55.1656,25.2022
0,territory:Parthian Empire:1,파르티아 제국,0.2,55.1709,25.2019
0,territory:Parthian Empire:43,파르티아 제국,0.2,55.1505,25.2029
0,territory:Parthian Empire:1,파르티아 제국,0.1,55.1734,25.2023
0,territory:Parthian Empire:43,파르티아 제국,0.2,55.1527,25.2031
0,territory:Parthian Empire:43,파르티아 제국,0.2,55.1584,25.2028
0,territory:Parthian Empire:43,파르티아 제국,0.1,55.1548,25.2038
0,territory:Parthian Empire:43,파르티아 제국,0.2,55.1466,25.2041
0,territory:Parthian Empire:43,파르티아 제국,0.1,55.1492,25.2039
0,territory:Parthian Empire:43,파르티아 제국,0.1,55.1583,25.2055
0,territory:Parthian Empire:43,파르티아 제국,0.2,55.1556,25.2056
0,territory:Parthian Empire:43,파르티아 제국,0.2,55.1464,25.2067
0,territory:Parthian Empire:43,파르티아 제국,0.2,55.1534,25.2067
0,territory:Parthian Empire:43,파르티아 제국,0.2,55.1497,25.2069
0,territory:Parthian Empire:43,파르티아 제국,0.2,55.1592,25.2076
0,territory:Parthian Empire:1,파르티아 제국,0.4,55.1751,25.2073
0,territory:Parthian Empire:43,파르티아 제국,0.2,55.1566,25.2082
0,territory:Parthian Empire:1,파르티아 제국,0.1,55.1831,25.2079
0,territory:Parthian Empire:43,파르티아 제국,0.2,55.1517,25.2088
0,territory:Parthian Empire:1,파르티아 제국,0.2,55.1802,25.209
0,territory:Parthian Empire:43,파르티아 제국,0.1,55.1456,25.2087
0,territory:Parthian Empire:1,파르티아 제국,0.2,55.1734,25.2093
0,territory:Parthian Empire:1,파르티아 제국,0.2,55.1771,25.2092
0,territory:Parthian Empire:43,파르티아 제국,0.1,55.1517,25.2104
0,territory:Parthian Empire:43,파르티아 제국,0.2,55.1486,25.2104
0,territory:Parthian Empire:-36,파르티아 제국,0.1,55.1848,25.2108
0,territory:Parthian Empire:43,파르티아 제국,0.1,55.1461,25.2111
0,territory:Parthian Empire:1,파르티아 제국,0.2,55.1705,25.2103
0,territory:Parthian Empire:-36,파르티아 제국,0.1,55.1826,25.2113
0,territory:Parthian Empire:1,파르티아 제국,0.2,55.175,25.2114
0,territory:Parthian Empire:-36,파르티아 제국,0.1,55.1807,25.2126
0,territory:Parthian Empire:-36,파르티아 제국,0.2,55.1846,25.2131
0,territory:Parthian Empire:1,파르티아 제국,0.2,55.172,25.2132
0,territory:Parthian Empire:1,파르티아 제국,0.2,55.1778,25.2132
0,territory:Parthian Empire:43,파르티아 제국,0.5,55.1567,25.2135
0,territory:Parthian Empire:43,파르티아 제국,0.2,55.154,25.214
0,territory:Parthian Empire:1,파르티아 제국,0.3,55.1681,25.214
0,territory:Parthian Empire:1,파르티아 제국,0.1,55.1757,25.2145
0,territory:Parthian Empire:-36,파르티아 제국,0.1,55.1815,25.2144
0,territory:Parthian Empire:43,파르티아 제국,0.3,55.1461,25.2149
0,territory:Parthian Empire:-36,파르티아 제국,0.1,55.1831,25.2151
0,territory:Parthian Empire:1,파르티아 제국,0.1,55.1781,25.2154
0,territory:Parthian Empire:43,파르티아 제국,0.2,55.151,25.2155
0,territory:Parthian Empire:1,파르티아 제국,0.4,55.1637,25.2158
0,territory:Parthian Empire:43,파르티아 제국,0.1,55.1445,25.2156
0,territory:Parthian Empire:43,파르티아 제국,0.1,55.1519,25.2164
0,territory:Parthian Empire:43,파르티아 제국,0.2,55.1555,25.2166
0,territory:Parthian Empire:-36,파르티아 제국,0.1,55.1813,25.2168
0,territory:Parthian Empire:43,파르티아 제국,0.2,55.1487,25.2162
0,territory:Parthian Empire:1,파르티아 제국,0.1,55.1753,25.2167
0,territory:Parthian Empire:1,파르티아 제국,0.2,55.1681,25.2169
0,territory:Parthian Empire:1,파르티아 제국,0.1,55.1705,25.2163
0,territory:Parthian Empire:1,파르티아 제국,0.1,55.1771,25.2166
0,territory:Parthian Empire:43,파르티아 제국,0.1,55.1533,25.2173
0,territory:Parthian Empire:1,파르티아 제국,0.1,55.1646,25.2174
0,territory:Parthian Empire:1,파르티아 제국,0.1,55.1721,25.2177
0,territory:Parthian Empire:43,파르티아 제국,0.1,55.146,25.2177
0,territory:Parthian Empire:-36,파르티아 제국,0.2,55.1838,25.2181
0,territory:Parthian Empire:-36,파르티아 제국,0.2,55.1881,25.2185
0,territory:Parthian Empire:1,파르티아 제국,0.1,55.1708,25.2184
0,territory:Parthian Empire:43,파르티아 제국,0.1,55.1497,25.2188
0,territory:Parthian Empire:1,파르티아 제국,0.1,55.1676,25.2182
0,territory:Parthian Empire:43,파르티아 제국,0.5,55.1399,25.2059
0,territory:Parthian Empire:43,파르티아 제국,0.1,55.1523,25.2189
0,territory:Parthian Empire:43,파르티아 제국,0.2,55.1555,25.2192
0,territory:Parthian Empire:-36,파르티아 제국,0.0,55.1902,25.2191
0,territory:Parthian Empire:-36,파르티아 제국,0.3,55.1795,25.2197
0,territory:Parthian Empire:1,파르티아 제국,0.1,55.1696,25.2193
0,territory:Parthian Empire:1,파르티아 제국,0.2,55.1762,25.2198
0,territory:Parthian Empire:-36,파르티아 제국,0.1,55.1886,25.22
0,territory:Parthian Empire:-36,파르티아 제국,0.2,55.1819,25.2196
0,territory:Parthian Empire:-36,파르티아 제국,0.1,55.1779,25.2198
0,territory:Parthian Empire:1,파르티아 제국,0.1,55.1747,25.22
0,territory:Parthian Empire:43,파르티아 제국,0.1,55.1509,25.2203
0,territory:Parthian Empire:43,파르티아 제국,0.2,55.1468,25.2204
0,territory:Parthian Empire:1,파르티아 제국,0.2,55.1665,25.221
0,territory:Parthian Empire:43,파르티아 제국,0.1,55.1455,25.2209
0,territory:Parthian Empire:43,파르티아 제국,0.1,55.1484,25.2212
0,territory:Parthian Empire:43,파르티아 제국,0.1,55.1439,25.2214
0,territory:Parthian Empire:1,파르티아 제국,0.2,55.1686,25.2215
0,territory:Parthian Empire:1,파르티아 제국,0.2,55.172,25.221
0,territory:Parthian Empire:1,파르티아 제국,0.1,55.1769,25.2218
0,territory:Parthian Empire:1,파르티아 제국,0.1,55.1746,25.2221
0,territory:Parthian Empire:-36,파르티아 제국,0.2,55.1813,25.2219
0,territory:Parthian Empire:43,파르티아 제국,0.2,55.1529,25.2217
0,territory:Parthian Empire:1,파르티아 제국,0.2,55.1695,25.2237
0,territory:Parthian Empire:43,파르티아 제국,0.1,55.1495,25.2234
0,territory:Parthian Empire:1,파르티아 제국,0.4,55.1628,25.2231
0,territory:Parthian Empire:1,파르티아 제국,0.1,55.1733,25.2237
0,territory:Parthian Empire:-36,파르티아 제국,0.3,55.1876,25.2237
0,territory:Parthian Empire:43,파르티아 제국,0.1,55.1469,25.2246
0,territory:Parthian Empire:-36,파르티아 제국,0.2,55.1781,25.2242
0,territory:Parthian Empire:-36,파르티아 제국,0.2,55.1918,25.225
0,territory:Parthian Empire:43,파르티아 제국,0.2,55.1432,25.2245
0,territory:Parthian Empire:-36,파르티아 제국,0.2,55.1754,25.2252
0,territory:Parthian Empire:-36,파르티아 제국,0.2,55.184,25.2242
0,territory:Parthian Empire:-36,파르티아 제국,0.1,55.1814,25.225
0,territory:Parthian Empire:-36,파르티아 제국,0.2,55.1894,25.2257
0,territory:Parthian Empire:-36,파르티아 제국,0.1,55.1853,25.2255
0,territory:Parthian Empire:1,파르티아 제국,0.1,55.1708,25.2254
0,territory:Parthian Empire:1,파르티아 제국,0.3,55.1651,25.2266
0,territory:Parthian Empire:43,파르티아 제국,0.2,55.1485,25.2265
0,territory:Parthian Empire:1,파르티아 제국,0.2,55.1661,25.2248
0,territory:Parthian Empire:-36,파르티아 제국,0.2,55.1778,25.2271
0,territory:Parthian Empire:-36,파르티아 제국,0.1,55.189,25.2273
0,territory:Parthian Empire:1,파르티아 제국,0.2,55.1623,25.227
0,territory:Parthian Empire:1,파르티아 제국,0.2,55.1729,25.2269
0,territory:Parthian Empire:-36,파르티아 제국,0.1,55.1801,25.2273
0,territory:Parthian Empire:1,파르티아 제국,0.1,55.175,25.2274
0,territory:Parthian Empire:-36,파르티아 제국,0.2,55.1831,25.228
0,territory:Parthian Empire:-36,파르티아 제국,0.2,55.1864,25.2283
0,territory:Parthian Empire:1,파르티아 제국,0.2,55.1698,25.2291
0,territory:Parthian Empire:-36,파르티아 제국,0.1,55.1808,25.2292
0,territory:Parthian Empire:1,파르티아 제국,0.2,55.1732,25.2296
0,territory:Parthian Empire:-36,파르티아 제국,0.2,55.1869,25.2305
0,territory:Parthian Empire:-36,파르티아 제국,0.3,55.1773,25.2302
0,territory:Parthian Empire:-36,파르티아 제국,0.2,55.1841,25.2305
0,territory:Parthian Empire:1,파르티아 제국,0.1,55.1713,25.2306
0,territory:Parthian Empire:-36,파르티아 제국,0.1,55.1807,25.2309
0,territory:Parthian Empire:-36,파르티아 제국,0.2,55.1896,25.2308
0,territory:Parthian Empire:1,파르티아 제국,0.2,55.1673,25.2298
0,territory:Parthian Empire:1,파르티아 제국,0.2,55.1647,25.2317
0,territory:Parthian Empire:-36,파르티아 제국,0.1,55.1874,25.2321
0,territory:Parthian Empire:1,파르티아 제국,0.2,55.1742,25.232
0,territory:Parthian Empire:-36,파르티아 제국,0.1,55.19,25.2326
0,territory:Parthian Empire:-36,파르티아 제국,0.1,55.1875,25.2335
0,territory:Parthian Empire:-36,파르티아 제국,0.2,55.1822,25.2333
0,territory:Parthian Empire:-36,파르티아 제국,0.1,55.191,25.2341
0,territory:Parthian Empire:1,파르티아 제국,0.1,55.1761,25.2337
0,territory:Parthian Empire:1,파르티아 제국,0.2,55.1711,25.234
0,territory:Parthian Empire:-36,파르티아 제국,0.2,55.1843,25.234
0,territory:Parthian Empire:1,파르티아 제국,0.1,55.1791,25.2352
0,territory:Parthian Empire:1,파르티아 제국,0.2,55.1689,25.2348
0,territory:Parthian Empire:1,파르티아 제국,0.3,55.1631,25.2345
0,territory:Parthian Empire:-36,파르티아 제국,0.2,55.186,25.2361
0,territory:Parthian Empire:-36,파르티아 제국,0.1,55.1825,25.2362
0,territory:Parthian Empire:1,파르티아 제국,0.3,55.176,25.237
0,territory:Parthian Empire:1,파르티아 제국,0.1,55.1787,25.2374
0,territory:Parthian Empire:1,파르티아 제국,0.2,55.1732,25.2374
0,territory:Parthian Empire:1,파르티아 제국,0.2,55.1692,25.2379
0,territory:Parthian Empire:1,파르티아 제국,0.1,55.1752,25.2391
0,territory:Parthian Empire:1,파르티아 제국,0.2,55.1798,25.2393
0,territory:Parthian Empire:-36,파르티아 제국,0.2,55.1842,25.239
0,territory:Parthian Empire:1,파르티아 제국,0.2,55.1775,25.24
0,territory:Parthian Empire:-36,파르티아 제국,0.3,55.1896,25.2388
0,territory:Parthian Empire:1,파르티아 제국,0.3,55.1658,25.2391
0,territory:Parthian Empire:1,파르티아 제국,0.1,55.1806,25.2406
0,territory:Parthian Empire:-36,파르티아 제국,0.2,55.1863,25.2413
0,territory:Parthian Empire:-36,파르티아 제국,0.5,55.1979,25.2404
0,territory:Parthian Empire:1,파르티아 제국,0.2,55.1678,25.2418
0,territory:Parthian Empire:1,파르티아 제국,0.1,55.1816,25.2419
0,territory:Parthian Empire:1,파르티아 제국,0.3,55.1722,25.241
0,territory:Parthian Empire:1,파르티아 제국,0.2,55.1783,25.2422
0,territory:Parthian Empire:-36,파르티아 제국,0.1,55.187,25.2426
0,territory:Parthian Empire:-36,파르티아 제국,0.2,55.1837,25.243
0,territory:Parthian Empire:1,파르티아 제국,0.2,55.175,25.2424
0,territory:Parthian Empire:1,파르티아 제국,0.1,55.1735,25.244
0,territory:Parthian Empire:1,파르티아 제국,0.1,55.1792,25.2442
0,territory:Parthian Empire:-36,파르티아 제국,0.1,55.1862,25.2444
0,territory:Parthian Empire:43,파르티아 제국,0.6,55.1319,25.2177
0,territory:Parthian Empire:-36,파르티아 제국,0.3,55.1825,25.2471
0,territory:Parthian Empire:-36,파르티아 제국,0.3,55.1747,25.2486
0,territory:Parthian Empire:43,파르티아 제국,1.1,55.1571,25.25
0,territory:Parthian Empire:51,파르티아 제국,23.4,55.3051,26.269
0,territory:Roman Empire:-14,로마 제국,14.2,25.7058,34.8736
0,territory:Roman Empire:-14,로마 제국,11.1,26.1363,34.9346
0,territory:Mauretania:-27,마우레타니아,8.2,-2.4427,35.178
0,territory:Mauretania:-27,마우레타니아,1.6,-2.4216,35.1796
0,territory:Mauretania:-27,마우레타니아,0.7,-2.4313,35.1837
0,territory:Roman Empire:68,로마 제국,0.7,-3.9025,35.2154
0,territory:Roman Empire:68,로마 제국,0.2,-3.9006,35.2175
0,territory:Roman Empire:-14,로마 제국,9.8,25.2147,35.4461
0,territory:Mauretania:-27,마우레타니아,5.8,-5.4186,35.9126
0,territory:Roman Empire:9,로마 제국,6.1,29.6571,36.1342
0,territory:Roman Empire:-14,로마 제국,6.6,29.7467,36.1286
0,territory:Roman Empire:-14,로마 제국,4.0,29.4966,36.157
0,territory:Roman Empire:-14,로마 제국,5.3,29.5849,36.143
0,territory:Roman Empire:60,로마 제국,6.8,33.7804,36.1762
0,territory:Roman Empire:-14,로마 제국,1.7,29.8792,36.1835
0,territory:Roman Empire:-14,로마 제국,4.5,22.9586,36.4866
0,territory:Roman Empire:-14,로마 제국,4.7,28.1257,36.5989
0,territory:Roman Empire:23,로마 제국,4.8,28.9183,36.6684
0,territory:Roman Empire:-14,로마 제국,1.6,27.1401,36.9429
0,territory:Roman Empire:78,로마 제국,2.3,-7.9066,36.9842
0,territory:Roman Empire:6,로마 제국,18.7,27.4647,36.9758
0,territory:Roman Empire:78,로마 제국,1.2,-7.8944,36.9952
0,territory:Roman Empire:-14,로마 제국,9.3,27.0912,37.0593
0,territory:Roman Empire:43,로마 제국,12.1,21.5492,37.0489
0,territory:Roman Empire:-14,로마 제국,11.8,10.8032,37.1291
0,territory:Roman Empire:6,로마 제국,13.2,27.0892,37.2864
0,territory:Roman Empire:6,로마 제국,28.8,26.757,37.3005
0,territory:Roman Empire:6,로마 제국,5.3,26.7337,37.387
0,territory:Roman Empire:6,로마 제국,17.3,26.9735,37.4605
0,territory:Roman Empire:-14,로마 제국,26.6,23.9273,37.4756
0,territory:Roman Empire:-14,로마 제국,35.1,8.9372,37.5288
0,territory:Roman Empire:6,로마 제국,0.2,27.1646,37.5786
0,territory:Roman Empire:-14,로마 제국,9.9,26.4286,37.5831
0,territory:Roman Empire:-14,로마 제국,4.9,26.5115,37.5906
0,territory:Roman Empire:-14,로마 제국,14.3,23.948,37.6486
0,territory:Roman Empire:-14,로마 제국,7.9,24.1228,37.7016
0,territory:Roman Empire:6,로마 제국,10.8,23.7592,37.769
0,territory:Roman Empire:6,로마 제국,21.0,24.2583,38.0038
0,territory:Roman Empire:9,로마 제국,4.0,26.3417,38.4391
0,territory:Roman Empire:-14,로마 제국,5.0,26.2841,38.5035
0,territory:Roman Empire:-14,로마 제국,0.2,26.2288,38.5215
0,territory:Roman Empire:14,로마 제국,11.4,26.7121,38.5036
0,territory:Roman Empire:-14,로마 제국,26.9,25.5105,38.541
0,territory:Roman Empire:-14,로마 제국,2.1,24.358,38.8379
0,territory:Roman Empire:-14,로마 제국,22.2,24.1084,39.0785
0,territory:Roman Empire:43,로마 제국,19.3,20.2293,39.1444
0,territory:Roman Empire:-14,로마 제국,27.6,24.322,39.3498
0,territory:Roman Empire:91,로마 제국,8.3,-9.5086,39.4157
0,territory:Roman Empire:-14,로마 제국,13.2,24.1686,39.3946
0,territory:Roman Empire:-14,로마 제국,18.9,19.5232,39.7704
0,territory:Roman Empire:-14,로마 제국,11.3,19.3991,39.85
0,territory:Roman Empire:-14,로마 제국,10.4,19.5814,39.8853
0,territory:Roman Empire:14,로마 제국,9.6,23.9066,40.3248
0,territory:Roman Empire:6,로마 제국,8.4,19.2804,40.4934
0,territory:Roman Empire:43,로마 제국,20.0,14.2279,40.5502
0,territory:Roman Empire:43,로마 제국,13.0,28.5278,40.5314
0,territory:Roman Empire:43,로마 제국,12.2,14.0141,40.7542
0,territory:Roman Empire:1,로마 제국,3.4,29.1137,40.8508
0,territory:Roman Empire:43,로마 제국,34.2,12.9551,40.9106
0,territory:Roman Empire:43,로마 제국,7.9,12.8559,40.9364
0,territory:Roman Empire:43,로마 제국,6.3,13.0567,40.9706
0,territory:Roman Empire:-14,로마 제국,0.1,9.3416,41.2427
0,territory:Roman Empire:-14,로마 제국,2.6,9.3419,41.2833
0,territory:Roman Empire:-14,로마 제국,1.9,9.3712,41.299
0,territory:Roman Empire:-14,로마 제국,1.3,9.3411,41.3022
0,territory:Roman Empire:-14,로마 제국,2.7,9.2528,41.3366
0,territory:Roman Empire:-14,로마 제국,1.0,9.2576,41.367
0,territory:Roman Empire:-14,로마 제국,15.1,15.4859,42.1105
0,territory:Roman Empire:43,로마 제국,20.1,11.0983,42.2489
0,territory:Roman Empire:9,로마 제국,6.2,17.8807,42.7268
0,territory:Roman Empire:60,로마 제국,11.6,6.46,43.03
0,territory:Roman Empire:43,로마 제국,20.5,16.6998,43.0909
0,territory:Roman Empire:14,로마 제국,36.8,9.9059,43.4392
0,territory:Roman Empire:43,로마 제국,4.3,16.1436,43.4401
0,territory:Roman Empire:43,로마 제국,3.3,7.0471,43.5205
0,territory:Roman Empire:23,로마 제국,4.7,15.8502,43.6851
0,territory:Roman Empire:43,로마 제국,7.5,15.7006,43.6957
0,territory:Roman Empire:14,로마 제국,4.8,15.6076,43.8011
0,territory:Roman Empire:43,로마 제국,7.8,15.1114,44.0403
0,territory:Roman Empire:6,로마 제국,6.4,15.0669,44.3058
0,territory:Roman Empire:-14,로마 제국,19.3,14.6928,44.3826
0,territory:Roman Empire:91,로마 제국,7.5,14.9181,44.4305
0,territory:Roman Empire:-14,로마 제국,3.3,14.2998,44.5093
0,territory:Roman Empire:43,로마 제국,1.4,13.7642,44.9064
0,territory:Roman Empire:6,로마 제국,5.9,14.7948,44.9131
0,territory:Roman Empire:-14,로마 제국,4.1,14.5204,44.9729
0,territory:Roman Empire:23,로마 제국,4.1,12.4021,45.4588
0,territory:Roman Empire:-14,로마 제국,10.2,-1.8312,48.8713
0,territory:Roman Empire:60,로마 제국,34.3,-2.4514,49.4704
0,territory:Roman Empire:78,로마 제국,38.5,-6.2958,49.9651
0,territory:Roman Empire:91,로마 제국,0.0,-4.6944,51.6374
0,territory:Roman Empire:78,로마 제국,1.5,-5.2937,51.7333
0,territory:Roman Empire:91,로마 제국,5.6,-5.3412,51.8667
0,territory:Roman Empire:78,로마 제국,2.8,-4.7907,52.7586
0,territory:Goths:43,Goths,20.6,15.7523,56.1263
0,territory:Goths:43,Goths,19.6,15.399,56.1522
0,territory:Goths:43,Goths,5.3,16.5981,57.1083
0,territory:Goths:43,Goths,2.1,16.5467,57.1613
0,territory:Goths:43,Goths,2.3,16.7921,57.2514
0,territory:Goths:43,Goths,0.9,16.6966,57.5139
0,territory:Goths:43,Goths,2.3,16.6976,57.6001
0,territory:Goths:43,Goths,1.0,11.7572,57.6425
0,territory:Goths:43,Goths,3.2,11.6462,57.7039
0,territory:Goths:43,Goths,1.7,16.7464,57.8285
0,territory:Goths:43,Goths,5.2,11.6046,57.8729
0,territory:Goths:43,Goths,5.1,16.926,58.1921
0,territory:Goths:43,Goths,5.8,17.0189,58.2592
0,territory:Goths:43,Goths,3.0,16.9173,58.2559
0,territory:Goths:43,Goths,7.2,16.9621,58.4248
0,territory:Goths:43,Goths,3.5,16.9741,58.4937
0,territory:Goths:43,Goths,2.2,16.9203,58.5145
0,territory:Goths:43,Goths,30.3,17.4723,58.7121
0,territory:Goths:43,Goths,0.9,17.458,58.7382
0,territory:Goths:43,Goths,21.2,17.8633,58.7523
0,territory:Goths:43,Goths,8.9,17.6333,58.8252
0,territory:Goths:43,Goths,2.6,17.7137,58.846
0,territory:Goths:43,Goths,15.9,18.1206,58.8744
0,territory:Goths:43,Goths,4.4,17.8359,58.8469
0,territory:Goths:43,Goths,2.8,18.1769,58.9225
0,territory:Goths:43,Goths,6.6,18.0183,58.9538
0,territory:Goths:43,Goths,6.3,18.1634,59.048
0,territory:Goths:43,Goths,18.7,18.5239,59.0442
0,territory:Goths:43,Goths,3.8,18.6039,59.0926
0,territory:Goths:43,Goths,6.8,18.7421,59.1029
0,territory:Goths:43,Goths,2.0,18.5849,59.1282
0,territory:Goths:43,Goths,4.0,18.646,59.1804
0,territory:Goths:43,Goths,10.0,18.4195,59.2161
0,territory:Goths:43,Goths,3.4,18.6035,59.2298
0,territory:Goths:43,Goths,13.0,18.9162,59.2823
0,territory:Goths:43,Goths,1.7,18.8758,59.3068
0,territory:Goths:43,Goths,1.5,18.8871,59.3387
0,territory:Goths:43,Goths,10.6,18.3769,59.4062
0,territory:Goths:43,Goths,6.7,19.0195,59.4171
0,territory:Goths:43,Goths,3.5,18.9549,59.4085
0,territory:Goths:43,Goths,2.0,18.3288,59.4296
0,territory:Goths:43,Goths,11.0,19.2156,59.4382
0,territory:Goths:43,Goths,16.1,19.5055,59.4435
0,territory:Goths:43,Goths,12.1,18.6869,59.4508
0,territory:Goths:43,Goths,2.6,18.7794,59.4736
0,territory:Goths:43,Goths,3.8,19.1665,59.4974
0,territory:Goths:43,Goths,7.6,19.0477,59.5703
0,territory:Goths:43,Goths,4.8,19.1661,59.592
0,territory:Goths:43,Goths,3.7,19.2459,59.6048
0,territory:Goths:43,Goths,3.7,19.0363,59.6447
0,territory:Goths:43,Goths,3.6,19.1388,59.656
0,territory:Goths:43,Goths,1.8,19.1871,59.6649
0,territory:Goths:43,Goths,0.9,19.1625,59.6757
0,territory:Goths:43,Goths,8.4,18.8733,59.6667
0,territory:Goths:43,Goths,9.9,19.4044,59.7065
0,territory:Goths:43,Goths,4.5,19.13,59.7496
0,territory:Goths:43,Goths,2.2,19.179,59.7759
0,territory:Goths:43,Goths,1.9,19.0911,59.7844
0,territory:Goths:43,Goths,3.2,19.1182,59.8457
0,territory:Goths:43,Goths,21.4,19.3377,60.195
0,territory:Goths:43,Goths,32.5,18.5973,60.2017
0,territory:Goths:43,Goths,2.2,18.523,60.2083
0,territory:Goths:43,Goths,9.1,19.5004,60.2511
0,territory:Goths:43,Goths,3.8,18.6169,60.277
0,territory:Goths:43,Goths,5.4,19.5864,60.3456
0,territory:Goths:43,Goths,4.4,19.6967,60.3685
0,territory:Goths:43,Goths,1.2,19.7234,60.3856
0,territory:Goths:43,Goths,17.0,18.3856,60.5226
0,territory:Himyarite Kingdom:-19,Himyarite Kingdom,22.1,43.4311,12.472
0,territory:Himyarite Kingdom:-19,Himyarite Kingdom,37.5,42.944,12.8885
0,territory:Himyarite Kingdom:-19,Himyarite Kingdom,3.4,42.9293,12.9342
0,territory:Himyarite Kingdom:-19,Himyarite Kingdom,9.1,42.8494,13.028
0,territory:Roman Empire:1,로마 제국,1.6,6.5831,53.5406
0,territory:Roman Empire:6,로마 제국,2.3,6.8907,53.6379
0,territory:Roman Empire:78,로마 제국,39.2,-4.8168,54.0522
0,territory:Roman Empire:6,로마 제국,6.7,8.6745,54.0609
0,territory:Goths:43,Goths,22.6,14.8439,56.0098
0,territory:Goths:43,Goths,5.5,15.791,56.0247
0,territory:Goths:43,Goths,9.6,14.9697,56.1178
0,territory:Goths:43,Goths,4.4,15.4618,56.1105
0,territory:Goths:43,Goths,3.2,15.5391,56.113
0,territory:Goths:43,Goths,3.1,15.6148,56.1148
0,territory:Roman Empire:-14,로마 제국,7.0,1.4455,38.715
0,territory:Roman Empire:43,로마 제국,3.7,-1.2913,45.96
0,territory:Roman Empire:43,로마 제국,19.1,-2.1105,49.207
0,territory:Roman Empire:60,로마 제국,9.7,-2.5891,49.4647
0,territory:Roman Empire:78,로마 제국,6.1,-6.3488,49.8916
0,territory:Roman Empire:78,로마 제국,3.9,-6.3594,49.9531
0,territory:Roman Empire:1,로마 제국,5.0,4.8118,53.0827
0,territory:Roman Empire:84,로마 제국,39.0,-4.4997,54.2485
0,territory:Roman Empire:84,로마 제국,25.3,-6.2708,55.77
0,territory:Roman Empire:84,로마 제국,4.5,-5.0842,55.8238
0,territory:Roman Empire:84,로마 제국,5.2,-5.9046,55.9802
0,territory:Roman Empire:84,로마 제국,22.4,-5.9219,56.4548
0,territory:Roman Empire:84,로마 제국,37.5,-6.9297,56.4818
0,territory:Roman Empire:84,로마 제국,21.6,-6.3278,56.974
0,territory:Roman Empire:84,로마 제국,18.5,-6.3823,57.3615
0,territory:Roman Empire:84,로마 제국,37.0,-7.3283,57.4585
0,territory:Roman Empire:84,로마 제국,7.5,-7.3426,57.6142
0,territory:Roman Empire:23,로마 제국,17.9,10.8766,33.7675
0,territory:Roman Empire:-14,로마 제국,22.6,11.0408,34.6388
0,territory:Roman Empire:-14,로마 제국,7.7,11.1821,34.696
0,territory:Roman Empire:-14,로마 제국,6.8,8.2864,39.1752
0,territory:Roman Empire:43,로마 제국,8.2,13.9058,40.7253
0,territory:Roman Empire:6,로마 제국,7.9,5.348,53.4098
0,territory:Goths:43,Goths,4.5,11.6058,57.976
0,territory:Goths:43,Goths,8.2,11.656,58.1958
0,territory:Roman Empire:68,로마 제국,11.2,17.669,42.7188
0,territory:Roman Empire:43,로마 제국,29.3,16.5142,42.7614
0,territory:Roman Empire:43,로마 제국,16.8,16.8906,42.9485
0,territory:Roman Empire:43,로마 제국,38.6,16.0091,42.9673
0,territory:Roman Empire:43,로마 제국,21.0,15.7446,43.0241
0,territory:Roman Empire:43,로마 제국,12.4,16.158,43.0528
0,territory:Roman Empire:43,로마 제국,10.1,16.5892,43.1935
0,territory:Roman Empire:43,로마 제국,6.4,16.6437,43.3353
0,territory:Roman Empire:68,로마 제국,1.9,15.0066,44.4507
0,territory:Goths:43,Goths,4.5,18.5837,59.4947
0,territory:Roman Empire:6,로마 제국,10.7,20.6508,38.7362
0,territory:Goths:43,Goths,2.4,19.1014,57.9155
0,territory:Goths:43,Goths,4.9,19.5929,60.171
0,territory:Roman Empire:6,로마 제국,8.5,23.5052,37.3388
0,territory:Roman Empire:6,로마 제국,15.1,23.4882,37.7302
0,territory:Roman Empire:9,로마 제국,2.7,23.4951,37.9585
0,territory:Roman Empire:43,로마 제국,28.1,23.6983,39.1437
0,territory:Roman Empire:-14,로마 제국,30.9,27.3668,36.4102
0,territory:Roman Empire:-14,로마 제국,15.3,27.8188,36.5828
0,territory:Roman Empire:-14,로마 제국,21.5,25.3195,36.7477
0,territory:Roman Empire:-14,로마 제국,6.4,26.9874,36.9875
0,territory:Roman Empire:-14,로마 제국,10.2,25.2035,37.0798
0,territory:Roman Empire:-14,로마 제국,34.3,24.4875,37.1635
0,territory:Roman Empire:-14,로마 제국,15.5,24.4201,37.3575
0,territory:Roman Empire:-14,로마 제국,15.0,24.9137,37.4057
0,territory:Roman Empire:-14,로마 제국,10.8,25.3748,37.444
0,territory:Roman Empire:6,로마 제국,25.0,26.8127,37.734
0,territory:Roman Empire:78,로마 제국,19.4,25.5698,40.4688
0,territory:Roman Empire:6,로마 제국,18.9,27.6128,40.6268
0,territory:Himyarite Kingdom:-19,Himyarite Kingdom,4.1,42.9382,12.8384
0,territory:Himyarite Kingdom:-19,Himyarite Kingdom,31.3,42.7478,14.0002
0,territory:Himyarite Kingdom:-19,Himyarite Kingdom,14.3,42.587,15.3505
0,territory:Kingdom of Axum:-50,Kingdom of Axum,24.4,40.0874,15.715
0,territory:Parthian Empire:51,파르티아 제국,2.2,53.8096,24.1797
0,territory:Parthian Empire:51,파르티아 제국,6.5,52.6023,24.3268
0,territory:Parthian Empire:51,파르티아 제국,2.7,54.2259,24.3362
0,territory:Parthian Empire:43,파르티아 제국,18.5,53.3838,24.34
0,territory:Parthian Empire:51,파르티아 제국,17.7,53.9823,26.5143
100,territory:Kingdom of Axum:-50,Kingdom of Axum,2.9,40.314,15.0222
100,territory:Kingdom of Axum:-50,Kingdom of Axum,3.9,40.2492,15.1515
100,territory:Sabaeans:154,Sabaeans,30.8,42.4068,15.7254
100,territory:Parthian Empire:161,파르티아 제국,13.3,52.0107,24.2305
100,territory:Parthian Empire:51,파르티아 제국,23.7,51.7316,24.5858
100,territory:Parthian Empire:161,파르티아 제국,0.1,55.1164,25.1155
100,territory:Parthian Empire:161,파르티아 제국,0.0,55.1746,25.1928
100,territory:Parthian Empire:161,파르티아 제국,0.2,55.1725,25.1946
100,territory:Parthian Empire:161,파르티아 제국,1.5,55.1568,25.1952
100,territory:Parthian Empire:197,파르티아 제국,0.1,55.1751,25.1951
100,territory:Parthian Empire:161,파르티아 제국,0.2,55.1597,25.1959
100,territory:Parthian Empire:161,파르티아 제국,0.3,55.1527,25.1958
100,territory:Parthian Empire:161,파르티아 제국,0.2,55.1695,25.1958
100,territory:Parthian Empire:197,파르티아 제국,0.1,55.1756,25.1965
100,territory:Parthian Empire:161,파르티아 제국,0.2,55.1492,25.1969
100,territory:Parthian Empire:161,파르티아 제국,0.2,55.1669,25.1969
100,territory:Parthian Empire:197,파르티아 제국,0.2,55.1729,25.1979
100,territory:Parthian Empire:161,파르티아 제국,0.2,55.1537,25.1977
100,territory:Parthian Empire:161,파르티아 제국,0.1,55.1507,25.1985
100,territory:Parthian Empire:161,파르티아 제국,0.2,55.1561,25.1985
100,territory:Parthian Empire:161,파르티아 제국,0.2,55.1693,25.1988
100,territory:Parthian Empire:161,파르티아 제국,0.2,55.1466,25.1998
100,territory:Parthian Empire:197,파르티아 제국,0.2,55.1718,25.2
100,territory:Parthian Empire:197,파르티아 제국,0.1,55.1751,25.199
100,territory:Parthian Empire:161,파르티아 제국,0.2,55.1495,25.2
100,territory:Parthian Empire:161,파르티아 제국,0.2,55.1656,25.1998
100,territory:Parthian Empire:161,파르티아 제국,0.2,55.1525,25.2005
100,territory:Parthian Empire:161,파르티아 제국,0.2,55.1635,25.2009
100,territory:Parthian Empire:161,파르티아 제국,0.2,55.1679,25.201
100,territory:Parthian Empire:161,파르티아 제국,0.2,55.1558,25.2011
100,territory:Parthian Empire:161,파르티아 제국,0.1,55.1479,25.2015
100,territory:Parthian Empire:161,파르티아 제국,0.1,55.1656,25.2022
100,territory:Parthian Empire:197,파르티아 제국,0.2,55.1709,25.2019
100,territory:Parthian Empire:161,파르티아 제국,0.2,55.1505,25.2029
100,territory:Parthian Empire:197,파르티아 제국,0.1,55.1734,25.2023
100,territory:Parthian Empire:161,파르티아 제국,0.2,55.1527,25.2031
100,territory:Parthian Empire:161,파르티아 제국,0.2,55.1584,25.2028
100,territory:Parthian Empire:161,파르티아 제국,0.1,55.1548,25.2038
100,territory:Parthian Empire:161,파르티아 제국,0.2,55.1466,25.2041
100,territory:Parthian Empire:161,파르티아 제국,0.1,55.1492,25.2039
100,territory:Parthian Empire:161,파르티아 제국,0.1,55.1583,25.2055
100,territory:Parthian Empire:161,파르티아 제국,0.2,55.1556,25.2056
100,territory:Parthian Empire:161,파르티아 제국,0.2,55.1464,25.2067
100,territory:Parthian Empire:161,파르티아 제국,0.2,55.1534,25.2067
100,territory:Parthian Empire:161,파르티아 제국,0.2,55.1497,25.2069
100,territory:Parthian Empire:161,파르티아 제국,0.2,55.1592,25.2076
100,territory:Parthian Empire:197,파르티아 제국,0.4,55.1751,25.2073
100,territory:Parthian Empire:161,파르티아 제국,0.2,55.1566,25.2082
100,territory:Parthian Empire:197,파르티아 제국,0.1,55.1831,25.2079
100,territory:Parthian Empire:161,파르티아 제국,0.2,55.1517,25.2088
100,territory:Parthian Empire:197,파르티아 제국,0.2,55.1802,25.209
100,territory:Parthian Empire:161,파르티아 제국,0.1,55.1456,25.2087
100,territory:Parthian Empire:197,파르티아 제국,0.2,55.1734,25.2093
100,territory:Parthian Empire:197,파르티아 제국,0.2,55.1771,25.2092
100,territory:Parthian Empire:161,파르티아 제국,0.1,55.1517,25.2104
100,territory:Parthian Empire:161,파르티아 제국,0.2,55.1486,25.2104
100,territory:Parthian Empire:161,파르티아 제국,0.1,55.1848,25.2108
100,territory:Parthian Empire:161,파르티아 제국,0.1,55.1461,25.2111
100,territory:Parthian Empire:197,파르티아 제국,0.2,55.1705,25.2103
100,territory:Parthian Empire:161,파르티아 제국,0.1,55.1826,25.2113
100,territory:Parthian Empire:197,파르티아 제국,0.2,55.175,25.2114
100,territory:Parthian Empire:161,파르티아 제국,0.1,55.1807,25.2126
100,territory:Parthian Empire:161,파르티아 제국,0.2,55.1846,25.2131
100,territory:Parthian Empire:197,파르티아 제국,0.2,55.172,25.2132
100,territory:Parthian Empire:197,파르티아 제국,0.2,55.1778,25.2132
100,territory:Parthian Empire:161,파르티아 제국,0.5,55.1567,25.2135
100,territory:Parthian Empire:161,파르티아 제국,0.2,55.154,25.214
100,territory:Parthian Empire:197,파르티아 제국,0.3,55.1681,25.214
100,territory:Parthian Empire:197,파르티아 제국,0.1,55.1757,25.2145
100,territory:Parthian Empire:161,파르티아 제국,0.1,55.1815,25.2144
100,territory:Parthian Empire:161,파르티아 제국,0.3,55.1461,25.2149
100,territory:Parthian Empire:161,파르티아 제국,0.1,55.1831,25.2151
100,territory:Parthian Empire:197,파르티아 제국,0.1,55.1781,25.2154
100,territory:Parthian Empire:161,파르티아 제국,0.2,55.151,25.2155
100,territory:Parthian Empire:197,파르티아 제국,0.4,55.1637,25.2158
100,territory:Parthian Empire:161,파르티아 제국,0.1,55.1445,25.2156
100,territory:Parthian Empire:161,파르티아 제국,0.1,55.1519,25.2164
100,territory:Parthian Empire:161,파르티아 제국,0.2,55.1555,25.2166
100,territory:Parthian Empire:161,파르티아 제국,0.1,55.1813,25.2168
100,territory:Parthian Empire:161,파르티아 제국,0.2,55.1487,25.2162
100,territory:Parthian Empire:197,파르티아 제국,0.1,55.1753,25.2167
100,territory:Parthian Empire:197,파르티아 제국,0.2,55.1681,25.2169
100,territory:Parthian Empire:197,파르티아 제국,0.1,55.1705,25.2163
100,territory:Parthian Empire:197,파르티아 제국,0.1,55.1771,25.2166
100,territory:Parthian Empire:161,파르티아 제국,0.1,55.1533,25.2173
100,territory:Parthian Empire:197,파르티아 제국,0.1,55.1646,25.2174
100,territory:Parthian Empire:197,파르티아 제국,0.1,55.1721,25.2177
100,territory:Parthian Empire:161,파르티아 제국,0.1,55.146,25.2177
100,territory:Parthian Empire:161,파르티아 제국,0.2,55.1838,25.2181
100,territory:Parthian Empire:161,파르티아 제국,0.2,55.1881,25.2185
100,territory:Parthian Empire:197,파르티아 제국,0.1,55.1708,25.2184
100,territory:Parthian Empire:161,파르티아 제국,0.1,55.1497,25.2188
100,territory:Parthian Empire:197,파르티아 제국,0.1,55.1676,25.2182
100,territory:Parthian Empire:161,파르티아 제국,0.5,55.1399,25.2059
100,territory:Parthian Empire:161,파르티아 제국,0.1,55.1523,25.2189
100,territory:Parthian Empire:161,파르티아 제국,0.2,55.1555,25.2192
100,territory:Parthian Empire:161,파르티아 제국,0.0,55.1902,25.2191
100,territory:Parthian Empire:161,파르티아 제국,0.3,55.1795,25.2197
100,territory:Parthian Empire:197,파르티아 제국,0.1,55.1696,25.2193
100,territory:Parthian Empire:197,파르티아 제국,0.2,55.1762,25.2198
100,territory:Parthian Empire:161,파르티아 제국,0.1,55.1886,25.22
100,territory:Parthian Empire:161,파르티아 제국,0.2,55.1819,25.2196
100,territory:Parthian Empire:161,파르티아 제국,0.1,55.1779,25.2198
100,territory:Parthian Empire:197,파르티아 제국,0.1,55.1747,25.22
100,territory:Parthian Empire:161,파르티아 제국,0.1,55.1509,25.2203
100,territory:Parthian Empire:161,파르티아 제국,0.2,55.1468,25.2204
100,territory:Parthian Empire:197,파르티아 제국,0.2,55.1665,25.221
100,territory:Parthian Empire:161,파르티아 제국,0.1,55.1455,25.2209
100,territory:Parthian Empire:161,파르티아 제국,0.1,55.1484,25.2212
100,territory:Parthian Empire:161,파르티아 제국,0.1,55.1439,25.2214
100,territory:Parthian Empire:197,파르티아 제국,0.2,55.1686,25.2215
100,territory:Parthian Empire:197,파르티아 제국,0.2,55.172,25.221
100,territory:Parthian Empire:197,파르티아 제국,0.1,55.1769,25.2218
100,territory:Parthian Empire:197,파르티아 제국,0.1,55.1746,25.2221
100,territory:Parthian Empire:161,파르티아 제국,0.2,55.1813,25.2219
100,territory:Parthian Empire:161,파르티아 제국,0.2,55.1529,25.2217
100,territory:Parthian Empire:197,파르티아 제국,0.2,55.1695,25.2237
100,territory:Parthian Empire:161,파르티아 제국,0.1,55.1495,25.2234
100,territory:Parthian Empire:197,파르티아 제국,0.4,55.1628,25.2231
100,territory:Parthian Empire:197,파르티아 제국,0.1,55.1733,25.2237
100,territory:Parthian Empire:161,파르티아 제국,0.3,55.1876,25.2237
100,territory:Parthian Empire:161,파르티아 제국,0.1,55.1469,25.2246
100,territory:Parthian Empire:161,파르티아 제국,0.2,55.1781,25.2242
100,territory:Parthian Empire:161,파르티아 제국,0.2,55.1918,25.225
100,territory:Parthian Empire:161,파르티아 제국,0.2,55.1432,25.2245
100,territory:Parthian Empire:161,파르티아 제국,0.2,55.1754,25.2252
100,territory:Parthian Empire:161,파르티아 제국,0.2,55.184,25.2242
100,territory:Parthian Empire:161,파르티아 제국,0.1,55.1814,25.225
100,territory:Parthian Empire:161,파르티아 제국,0.2,55.1894,25.2257
100,territory:Parthian Empire:161,파르티아 제국,0.1,55.1853,25.2255
100,territory:Parthian Empire:197,파르티아 제국,0.1,55.1708,25.2254
100,territory:Parthian Empire:197,파르티아 제국,0.3,55.1651,25.2266
100,territory:Parthian Empire:161,파르티아 제국,0.2,55.1485,25.2265
100,territory:Parthian Empire:197,파르티아 제국,0.2,55.1661,25.2248
100,territory:Parthian Empire:161,파르티아 제국,0.2,55.1778,25.2271
100,territory:Parthian Empire:161,파르티아 제국,0.1,55.189,25.2273
100,territory:Parthian Empire:197,파르티아 제국,0.2,55.1623,25.227
100,territory:Parthian Empire:197,파르티아 제국,0.2,55.1729,25.2269
100,territory:Parthian Empire:161,파르티아 제국,0.1,55.1801,25.2273
100,territory:Parthian Empire:197,파르티아 제국,0.1,55.175,25.2274
100,territory:Parthian Empire:161,파르티아 제국,0.2,55.1831,25.228
100,territory:Parthian Empire:161,파르티아 제국,0.2,55.1864,25.2283
100,territory:Parthian Empire:197,파르티아 제국,0.2,55.1698,25.2291
100,territory:Parthian Empire:161,파르티아 제국,0.1,55.1808,25.2292
100,territory:Parthian Empire:197,파르티아 제국,0.2,55.1732,25.2296
100,territory:Parthian Empire:161,파르티아 제국,0.2,55.1869,25.2305
100,territory:Parthian Empire:161,파르티아 제국,0.3,55.1773,25.2302
100,territory:Parthian Empire:161,파르티아 제국,0.2,55.1841,25.2305
100,territory:Parthian Empire:197,파르티아 제국,0.1,55.1713,25.2306
100,territory:Parthian Empire:161,파르티아 제국,0.1,55.1807,25.2309
100,territory:Parthian Empire:161,파르티아 제국,0.2,55.1896,25.2308
100,territory:Parthian Empire:197,파르티아 제국,0.2,55.1673,25.2298
100,territory:Parthian Empire:197,파르티아 제국,0.2,55.1647,25.2317
100,territory:Parthian Empire:161,파르티아 제국,0.1,55.1874,25.2321
100,territory:Parthian Empire:197,파르티아 제국,0.2,55.1742,25.232
100,territory:Parthian Empire:161,파르티아 제국,0.1,55.19,25.2326
100,territory:Parthian Empire:161,파르티아 제국,0.1,55.1875,25.2335
100,territory:Parthian Empire:161,파르티아 제국,0.2,55.1822,25.2333
100,territory:Parthian Empire:161,파르티아 제국,0.1,55.191,25.2341
100,territory:Parthian Empire:197,파르티아 제국,0.1,55.1761,25.2337
100,territory:Parthian Empire:197,파르티아 제국,0.2,55.1711,25.234
100,territory:Parthian Empire:161,파르티아 제국,0.2,55.1843,25.234
100,territory:Parthian Empire:197,파르티아 제국,0.1,55.1791,25.2352
100,territory:Parthian Empire:197,파르티아 제국,0.2,55.1689,25.2348
100,territory:Parthian Empire:197,파르티아 제국,0.3,55.1631,25.2345
100,territory:Parthian Empire:161,파르티아 제국,0.2,55.186,25.2361
100,territory:Parthian Empire:161,파르티아 제국,0.1,55.1825,25.2362
100,territory:Parthian Empire:197,파르티아 제국,0.3,55.176,25.237
100,territory:Parthian Empire:197,파르티아 제국,0.1,55.1787,25.2374
100,territory:Parthian Empire:197,파르티아 제국,0.2,55.1732,25.2374
100,territory:Parthian Empire:197,파르티아 제국,0.2,55.1692,25.2379
100,territory:Parthian Empire:197,파르티아 제국,0.1,55.1752,25.2391
100,territory:Parthian Empire:197,파르티아 제국,0.2,55.1798,25.2393
100,territory:Parthian Empire:161,파르티아 제국,0.2,55.1842,25.239
100,territory:Parthian Empire:197,파르티아 제국,0.2,55.1775,25.24
100,territory:Parthian Empire:161,파르티아 제국,0.3,55.1896,25.2388
100,territory:Parthian Empire:197,파르티아 제국,0.3,55.1658,25.2391
100,territory:Parthian Empire:197,파르티아 제국,0.1,55.1806,25.2406
100,territory:Parthian Empire:161,파르티아 제국,0.2,55.1863,25.2413
100,territory:Parthian Empire:161,파르티아 제국,0.5,55.1979,25.2404
100,territory:Parthian Empire:197,파르티아 제국,0.2,55.1678,25.2418
100,territory:Parthian Empire:197,파르티아 제국,0.1,55.1816,25.2419
100,territory:Parthian Empire:197,파르티아 제국,0.3,55.1722,25.241
100,territory:Parthian Empire:197,파르티아 제국,0.2,55.1783,25.2422
100,territory:Parthian Empire:161,파르티아 제국,0.1,55.187,25.2426
100,territory:Parthian Empire:161,파르티아 제국,0.2,55.1837,25.243
100,territory:Parthian Empire:197,파르티아 제국,0.2,55.175,25.2424
100,territory:Parthian Empire:197,파르티아 제국,0.1,55.1735,25.244
100,territory:Parthian Empire:197,파르티아 제국,0.1,55.1792,25.2442
100,territory:Parthian Empire:161,파르티아 제국,0.1,55.1862,25.2444
100,territory:Parthian Empire:161,파르티아 제국,0.6,55.1319,25.2177
100,territory:Parthian Empire:161,파르티아 제국,0.3,55.1825,25.2471
100,territory:Parthian Empire:161,파르티아 제국,0.3,55.1747,25.2486
100,territory:Parthian Empire:161,파르티아 제국,1.1,55.1571,25.25
100,territory:Parthian Empire:114,파르티아 제국,23.4,55.3051,26.269
100,territory:Roman Empire:165,로마 제국,3.7,35.7657,27.1078
100,territory:Roman Empire:184,로마 제국,14.2,25.7058,34.8736
100,territory:Roman Empire:184,로마 제국,11.1,26.1363,34.9346
100,territory:Roman Empire:91,로마 제국,8.2,-2.4427,35.178
100,territory:Roman Empire:91,로마 제국,1.6,-2.4216,35.1796
100,territory:Roman Empire:91,로마 제국,0.7,-2.4313,35.1837
100,territory:Roman Empire:127,로마 제국,0.7,-3.9025,35.2154
100,territory:Roman Empire:127,로마 제국,0.2,-3.9006,35.2175
100,territory:Roman Empire:184,로마 제국,9.8,25.2147,35.4461
100,territory:Roman Empire:114,로마 제국,5.8,-5.4186,35.9126
100,territory:Roman Empire:127,로마 제국,6.1,29.6571,36.1342
100,territory:Roman Empire:197,로마 제국,6.6,29.7467,36.1286
100,territory:Roman Empire:127,로마 제국,4.0,29.4966,36.157
100,territory:Roman Empire:117,로마 제국,5.3,29.5849,36.143
100,territory:Roman Empire:165,로마 제국,6.8,33.7804,36.1762
100,territory:Roman Empire:106,로마 제국,1.7,29.8792,36.1835
100,territory:Roman Empire:184,로마 제국,4.5,22.9586,36.4866
100,territory:Roman Empire:184,로마 제국,4.7,28.1257,36.5989
100,territory:Roman Empire:184,로마 제국,4.8,28.9183,36.6684
100,territory:Roman Empire:184,로마 제국,1.6,27.1401,36.9429
100,territory:Roman Empire:127,로마 제국,2.3,-7.9066,36.9842
100,territory:Roman Empire:117,로마 제국,18.7,27.4647,36.9758
100,territory:Roman Empire:127,로마 제국,1.2,-7.8944,36.9952
100,territory:Roman Empire:184,로마 제국,9.3,27.0912,37.0593
100,territory:Roman Empire:117,로마 제국,12.1,21.5492,37.0489
100,territory:Roman Empire:161,로마 제국,16.6,10.8032,37.1291
100,territory:Roman Empire:117,로마 제국,13.2,27.0892,37.2864
100,territory:Roman Empire:117,로마 제국,28.8,26.757,37.3005
100,territory:Roman Empire:117,로마 제국,5.3,26.7337,37.387
100,territory:Roman Empire:117,로마 제국,17.3,26.9735,37.4605
100,territory:Roman Empire:184,로마 제국,26.6,23.9273,37.4756
100,territory:Roman Empire:117,로마 제국,35.2,8.9372,37.5288
100,territory:Roman Empire:117,로마 제국,0.2,27.1646,37.5786
100,territory:Roman Empire:184,로마 제국,9.9,26.4286,37.5831
100,territory:Roman Empire:184,로마 제국,4.9,26.5115,37.5906
100,territory:Roman Empire:184,로마 제국,14.3,23.948,37.6486
100,territory:Roman Empire:184,로마 제국,7.9,24.1228,37.7016
100,territory:Roman Empire:161,로마 제국,10.8,23.7592,37.769
100,territory:Roman Empire:117,로마 제국,21.0,24.2583,38.0038
100,territory:Roman Empire:114,로마 제국,4.0,26.3417,38.4391
100,territory:Roman Empire:184,로마 제국,5.0,26.2841,38.5035
100,territory:Roman Empire:184,로마 제국,0.2,26.2288,38.5215
100,territory:Roman Empire:165,로마 제국,11.4,26.7121,38.5036
100,territory:Roman Empire:184,로마 제국,26.9,25.5105,38.541
100,territory:Roman Empire:184,로마 제국,2.1,24.358,38.8379
100,territory:Roman Empire:184,로마 제국,22.2,24.1084,39.0785
100,territory:Roman Empire:106,로마 제국,19.3,20.2293,39.1444
100,territory:Roman Empire:184,로마 제국,27.6,24.322,39.3498
100,territory:Roman Empire:127,로마 제국,8.3,-9.5086,39.4157
100,territory:Roman Empire:184,로마 제국,13.2,24.1686,39.3946
100,territory:Roman Empire:184,로마 제국,18.9,19.5232,39.7704
100,territory:Roman Empire:184,로마 제국,11.3,19.3991,39.85
100,territory:Roman Empire:184,로마 제국,10.4,19.5814,39.8853
100,territory:Roman Empire:165,로마 제국,9.6,23.9066,40.3248
100,territory:Roman Empire:117,로마 제국,8.5,19.2804,40.4934
100,territory:Roman Empire:117,로마 제국,20.0,14.2279,40.5502
100,territory:Roman Empire:117,로마 제국,13.0,28.5278,40.5314
100,territory:Roman Empire:117,로마 제국,12.2,14.0141,40.7542
100,territory:Roman Empire:161,로마 제국,3.4,29.1137,40.8508
100,territory:Roman Empire:117,로마 제국,34.2,12.9551,40.9106
100,territory:Roman Empire:117,로마 제국,7.9,12.8559,40.9364
100,territory:Roman Empire:117,로마 제국,6.3,13.0567,40.9706
100,territory:Roman Empire:184,로마 제국,0.1,9.3416,41.2427
100,territory:Roman Empire:184,로마 제국,2.6,9.3419,41.2833
100,territory:Roman Empire:184,로마 제국,1.9,9.3712,41.299
100,territory:Roman Empire:184,로마 제국,1.3,9.3411,41.3022
100,territory:Roman Empire:184,로마 제국,2.7,9.2528,41.3366
100,territory:Roman Empire:184,로마 제국,1.0,9.2576,41.367
100,territory:Roman Empire:184,로마 제국,15.1,15.4859,42.1105
100,territory:Roman Empire:117,로마 제국,20.1,11.0983,42.2489
100,territory:Roman Empire:106,로마 제국,7.6,17.8807,42.7268
100,territory:Roman Empire:91,로마 제국,11.6,6.46,43.03
100,territory:Roman Empire:117,로마 제국,20.5,16.6998,43.0909
100,territory:Roman Empire:197,로마 제국,36.8,9.9059,43.4392
100,territory:Roman Empire:197,로마 제국,4.3,16.1436,43.4401
100,territory:Roman Empire:117,로마 제국,3.3,7.0471,43.5205
100,territory:Roman Empire:161,로마 제국,4.7,15.8502,43.6851
100,territory:Roman Empire:117,로마 제국,7.5,15.7006,43.6957
100,territory:Roman Empire:184,로마 제국,4.8,15.6076,43.8011
100,territory:Roman Empire:117,로마 제국,7.8,15.1114,44.0403
100,territory:Roman Empire:161,로마 제국,6.4,15.0669,44.3058
100,territory:Roman Empire:184,로마 제국,19.3,14.6928,44.3826
100,territory:Roman Empire:106,로마 제국,7.5,14.9181,44.4305
100,territory:Roman Empire:184,로마 제국,3.3,14.2998,44.5093
100,territory:Roman Empire:117,로마 제국,1.4,13.7642,44.9064
100,territory:Roman Empire:127,로마 제국,5.9,14.7948,44.9131
100,territory:Roman Empire:184,로마 제국,4.1,14.5204,44.9729
100,territory:Roman Empire:117,로마 제국,4.1,12.4021,45.4588
100,territory:Huns:106,훈족,18.0,48.5803,45.714
100,territory:Huns:106,훈족,19.7,52.9954,46.4123
100,territory:Roman Empire:184,로마 제국,10.2,-1.8312,48.8713
100,territory:Roman Empire:165,로마 제국,34.3,-2.4514,49.4704
100,territory:Roman Empire:184,로마 제국,38.5,-6.2958,49.9651
100,territory:Roman Empire:184,로마 제국,0.0,-4.6944,51.6374
100,territory:Roman Empire:184,로마 제국,1.5,-5.2937,51.7333
100,territory:Roman Empire:184,로마 제국,5.6,-5.3412,51.8667
100,territory:Roman Empire:184,로마 제국,2.8,-4.7907,52.7586
100,territory:Goths:43,Goths,20.6,15.7523,56.1263
100,territory:Goths:43,Goths,19.6,15.399,56.1522
100,territory:Goths:43,Goths,5.3,16.5981,57.1083
100,territory:Goths:43,Goths,2.1,16.5467,57.1613
100,territory:Goths:43,Goths,2.3,16.7921,57.2514
100,territory:Goths:43,Goths,0.9,16.6966,57.5139
100,territory:Goths:43,Goths,2.3,16.6976,57.6001
100,territory:Goths:43,Goths,1.0,11.7572,57.6425
100,territory:Goths:43,Goths,3.2,11.6462,57.7039
100,territory:Goths:43,Goths,1.7,16.7464,57.8285
100,territory:Goths:43,Goths,5.2,11.6046,57.8729
100,territory:Goths:43,Goths,5.1,16.926,58.1921
100,territory:Goths:43,Goths,5.8,17.0189,58.2592
100,territory:Goths:43,Goths,3.0,16.9173,58.2559
100,territory:Goths:43,Goths,7.2,16.9621,58.4248
100,territory:Goths:43,Goths,3.5,16.9741,58.4937
100,territory:Goths:43,Goths,2.2,16.9203,58.5145
100,territory:Goths:43,Goths,30.3,17.4723,58.7121
100,territory:Goths:43,Goths,0.9,17.458,58.7382
100,territory:Goths:43,Goths,21.2,17.8633,58.7523
100,territory:Goths:43,Goths,8.9,17.6333,58.8252
100,territory:Goths:43,Goths,2.6,17.7137,58.846
100,territory:Goths:43,Goths,15.9,18.1206,58.8744
100,territory:Goths:43,Goths,4.4,17.8359,58.8469
100,territory:Goths:43,Goths,2.8,18.1769,58.9225
100,territory:Goths:43,Goths,6.6,18.0183,58.9538
100,territory:Goths:43,Goths,6.3,18.1634,59.048
100,territory:Goths:43,Goths,18.7,18.5239,59.0442
100,territory:Goths:43,Goths,3.8,18.6039,59.0926
100,territory:Goths:43,Goths,6.8,18.7421,59.1029
100,territory:Goths:43,Goths,2.0,18.5849,59.1282
100,territory:Goths:43,Goths,4.0,18.646,59.1804
100,territory:Goths:43,Goths,10.0,18.4195,59.2161
100,territory:Goths:43,Goths,3.4,18.6035,59.2298
100,territory:Goths:43,Goths,13.0,18.9162,59.2823
100,territory:Goths:43,Goths,1.7,18.8758,59.3068
100,territory:Goths:43,Goths,1.5,18.8871,59.3387
100,territory:Goths:43,Goths,10.6,18.3769,59.4062
100,territory:Goths:43,Goths,6.7,19.0195,59.4171
100,territory:Goths:43,Goths,3.5,18.9549,59.4085
100,territory:Goths:43,Goths,2.0,18.3288,59.4296
100,territory:Goths:43,Goths,11.0,19.2156,59.4382
100,territory:Goths:43,Goths,16.1,19.5055,59.4435
100,territory:Goths:43,Goths,12.1,18.6869,59.4508
100,territory:Goths:43,Goths,2.6,18.7794,59.4736
100,territory:Goths:43,Goths,3.8,19.1665,59.4974
100,territory:Goths:43,Goths,7.6,19.0477,59.5703
100,territory:Goths:43,Goths,4.8,19.1661,59.592
100,territory:Goths:43,Goths,3.7,19.2459,59.6048
100,territory:Goths:43,Goths,3.7,19.0363,59.6447
100,territory:Goths:43,Goths,3.6,19.1388,59.656
100,territory:Goths:43,Goths,1.8,19.1871,59.6649
100,territory:Goths:43,Goths,0.9,19.1625,59.6757
100,territory:Goths:43,Goths,8.4,18.8733,59.6667
100,territory:Goths:43,Goths,9.9,19.4044,59.7065
100,territory:Goths:43,Goths,4.5,19.13,59.7496
100,territory:Goths:43,Goths,2.2,19.179,59.7759
100,territory:Goths:43,Goths,1.9,19.0911,59.7844
100,territory:Goths:43,Goths,3.2,19.1182,59.8457
100,territory:Goths:43,Goths,21.4,19.3377,60.195
100,territory:Goths:43,Goths,32.5,18.5973,60.2017
100,territory:Goths:43,Goths,2.2,18.523,60.2083
100,territory:Goths:43,Goths,9.1,19.5004,60.2511
100,territory:Goths:43,Goths,3.8,18.6169,60.277
100,territory:Goths:43,Goths,5.4,19.5864,60.3456
100,territory:Goths:43,Goths,4.4,19.6967,60.3685
100,territory:Goths:43,Goths,1.2,19.7234,60.3856
100,territory:Goths:43,Goths,17.0,18.3856,60.5226
100,territory:Himyarite Kingdom:154,Himyarite Kingdom,21.6,43.4311,12.472
100,territory:Himyarite Kingdom:154,Himyarite Kingdom,37.5,42.944,12.8885
100,territory:Himyarite Kingdom:154,Himyarite Kingdom,3.4,42.9293,12.9342
100,territory:Himyarite Kingdom:154,Himyarite Kingdom,9.1,42.8494,13.028
100,territory:Roman Empire:184,로마 제국,39.2,-4.8168,54.0522
100,territory:Goths:43,Goths,22.6,14.8439,56.0098
100,territory:Goths:43,Goths,5.5,15.791,56.0247
100,territory:Goths:43,Goths,9.6,14.9697,56.1178
100,territory:Goths:43,Goths,4.4,15.4618,56.1105
100,territory:Goths:43,Goths,3.2,15.5391,56.113
100,territory:Goths:43,Goths,3.1,15.6148,56.1148
100,territory:Roman Empire:184,로마 제국,7.0,1.4455,38.715
100,territory:Roman Empire:91,로마 제국,3.7,-1.2913,45.96
100,territory:Roman Empire:117,로마 제국,19.1,-2.1105,49.207
100,territory:Roman Empire:165,로마 제국,9.7,-2.5891,49.4647
100,territory:Roman Empire:184,로마 제국,6.1,-6.3488,49.8916
100,territory:Roman Empire:184,로마 제국,3.9,-6.3594,49.9531
100,territory:Roman Empire:184,로마 제국,23.2,-4.4997,54.2485
100,territory:Roman Empire:154,로마 제국,17.8,-5.2354,55.5703
100,territory:Roman Empire:154,로마 제국,4.5,-5.0842,55.8238
100,territory:Roman Empire:154,로마 제국,38.7,-5.9046,55.9802
100,territory:Roman Empire:154,로마 제국,22.4,-5.9219,56.4548
100,territory:Roman Empire:154,로마 제국,37.5,-6.9297,56.4818
100,territory:Roman Empire:197,로마 제국,17.9,10.8766,33.7675
100,territory:Roman Empire:117,로마 제국,22.7,11.0408,34.6388
100,territory:Roman Empire:117,로마 제국,7.7,11.1821,34.696
100,territory:Roman Empire:184,로마 제국,6.8,8.2864,39.1752
100,territory:Roman Empire:117,로마 제국,8.2,13.9058,40.7253
100,territory:Goths:43,Goths,4.5,11.6058,57.976
100,territory:Goths:43,Goths,8.2,11.656,58.1958
100,territory:Roman Empire:165,로마 제국,11.2,17.669,42.7188
100,territory:Roman Empire:117,로마 제국,29.3,16.5142,42.7614
100,territory:Roman Empire:117,로마 제국,16.8,16.8906,42.9485
100,territory:Roman Empire:197,로마 제국,38.6,16.0091,42.9673
100,territory:Roman Empire:197,로마 제국,21.0,15.7446,43.0241
100,territory:Roman Empire:197,로마 제국,12.4,16.158,43.0528
100,territory:Roman Empire:117,로마 제국,10.1,16.5892,43.1935
100,territory:Roman Empire:117,로마 제국,6.4,16.6437,43.3353
100,territory:Roman Empire:197,로마 제국,1.9,15.0066,44.4507
100,territory:Goths:43,Goths,4.5,18.5837,59.4947
100,territory:Roman Empire:117,로마 제국,10.8,20.6508,38.7362
100,territory:Goths:43,Goths,2.4,19.1014,57.9155
100,territory:Goths:43,Goths,4.9,19.5929,60.171
100,territory:Roman Empire:117,로마 제국,8.5,23.5052,37.3388
100,territory:Roman Empire:117,로마 제국,15.1,23.4882,37.7302
100,territory:Roman Empire:106,로마 제국,2.7,23.4951,37.9585
100,territory:Roman Empire:117,로마 제국,28.1,23.6983,39.1437
100,territory:Roman Empire:161,로마 제국,11.6,36.8936,25.3897
100,territory:Roman Empire:117,로마 제국,21.4,36.5596,25.6077
100,territory:Roman Empire:184,로마 제국,30.9,27.3668,36.4102
100,territory:Roman Empire:184,로마 제국,15.3,27.8188,36.5828
100,territory:Roman Empire:184,로마 제국,21.5,25.3195,36.7477
100,territory:Roman Empire:184,로마 제국,6.4,26.9874,36.9875
100,territory:Roman Empire:184,로마 제국,10.2,25.2035,37.0798
100,territory:Roman Empire:184,로마 제국,34.3,24.4875,37.1635
100,territory:Roman Empire:184,로마 제국,15.5,24.4201,37.3575
100,territory:Roman Empire:184,로마 제국,15.0,24.9137,37.4057
100,territory:Roman Empire:184,로마 제국,10.8,25.3748,37.444
100,territory:Roman Empire:117,로마 제국,25.0,26.8127,37.734
100,territory:Roman Empire:184,로마 제국,19.4,25.5698,40.4688
100,territory:Roman Empire:117,로마 제국,19.0,27.6128,40.6268
100,territory:Himyarite Kingdom:154,Himyarite Kingdom,4.1,42.9382,12.8384
100,territory:Himyarite Kingdom:154,Himyarite Kingdom,31.0,42.7478,14.0002
100,territory:Himyarite Kingdom:-19,Himyarite Kingdom,14.3,42.587,15.3505
100,territory:Kingdom of Axum:-50,Kingdom of Axum,24.4,40.0874,15.715
100,territory:Parthian Empire:51,파르티아 제국,2.2,53.8096,24.1797
100,territory:Parthian Empire:117,파르티아 제국,6.5,52.6023,24.3268
100,territory:Parthian Empire:51,파르티아 제국,2.7,54.2259,24.3362
100,territory:Parthian Empire:114,파르티아 제국,18.5,53.3838,24.34
100,territory:Parthian Empire:114,파르티아 제국,17.7,53.9823,26.5143
100,territory:Huns:106,훈족,34.1,52.6249,45.469
100,territory:Huns:106,훈족,11.9,47.9502,45.5785
100,territory:Huns:106,훈족,25.4,49.7897,46.2885
200,territory:Kingdom of Axum:-50,Kingdom of Axum,2.9,40.314,15.0222
200,territory:Kingdom of Axum:-50,Kingdom of Axum,3.9,40.2492,15.1515
200,territory:Sabaeans:270,Sabaeans,30.8,42.4068,15.7254
200,territory:Sasanian Empire:287,사산조 페르시아,13.3,52.0107,24.2305
200,territory:Parthian Empire:215,파르티아 제국,23.7,51.7316,24.5858
200,territory:Sasanian Empire:283,사산조 페르시아,0.1,55.1164,25.1155
200,territory:Sasanian Empire:287,사산조 페르시아,0.0,55.1746,25.1928
200,territory:Sasanian Empire:287,사산조 페르시아,0.2,55.1725,25.1946
200,territory:Sasanian Empire:287,사산조 페르시아,1.5,55.1568,25.1952
200,territory:Sasanian Empire:287,사산조 페르시아,0.1,55.1751,25.1951
200,territory:Sasanian Empire:287,사산조 페르시아,0.2,55.1597,25.1959
200,territory:Sasanian Empire:287,사산조 페르시아,0.3,55.1527,25.1958
200,territory:Sasanian Empire:287,사산조 페르시아,0.2,55.1695,25.1958
200,territory:Sasanian Empire:287,사산조 페르시아,0.1,55.1756,25.1965
200,territory:Sasanian Empire:287,사산조 페르시아,0.2,55.1492,25.1969
200,territory:Sasanian Empire:287,사산조 페르시아,0.2,55.1669,25.1969
200,territory:Sasanian Empire:287,사산조 페르시아,0.2,55.1729,25.1979
200,territory:Sasanian Empire:287,사산조 페르시아,0.2,55.1537,25.1977
200,territory:Sasanian Empire:287,사산조 페르시아,0.1,55.1507,25.1985
200,territory:Sasanian Empire:287,사산조 페르시아,0.2,55.1561,25.1985
200,territory:Sasanian Empire:287,사산조 페르시아,0.2,55.1693,25.1988
200,territory:Sasanian Empire:287,사산조 페르시아,0.2,55.1466,25.1998
200,territory:Sasanian Empire:287,사산조 페르시아,0.2,55.1718,25.2
200,territory:Sasanian Empire:287,사산조 페르시아,0.1,55.1751,25.199
200,territory:Sasanian Empire:287,사산조 페르시아,0.2,55.1495,25.2
200,territory:Sasanian Empire:287,사산조 페르시아,0.2,55.1656,25.1998
200,territory:Sasanian Empire:287,사산조 페르시아,0.2,55.1525,25.2005
200,territory:Sasanian Empire:287,사산조 페르시아,0.2,55.1635,25.2009
200,territory:Sasanian Empire:287,사산조 페르시아,0.2,55.1679,25.201
200,territory:Sasanian Empire:287,사산조 페르시아,0.2,55.1558,25.2011
200,territory:Sasanian Empire:287,사산조 페르시아,0.1,55.1479,25.2015
200,territory:Sasanian Empire:287,사산조 페르시아,0.1,55.1656,25.2022
200,territory:Sasanian Empire:287,사산조 페르시아,0.2,55.1709,25.2019
200,territory:Sasanian Empire:287,사산조 페르시아,0.2,55.1505,25.2029
200,territory:Sasanian Empire:287,사산조 페르시아,0.1,55.1734,25.2023
200,territory:Sasanian Empire:287,사산조 페르시아,0.2,55.1527,25.2031
200,territory:Sasanian Empire:287,사산조 페르시아,0.2,55.1584,25.2028
200,territory:Sasanian Empire:287,사산조 페르시아,0.1,55.1548,25.2038
200,territory:Sasanian Empire:287,사산조 페르시아,0.2,55.1466,25.2041
200,territory:Sasanian Empire:287,사산조 페르시아,0.1,55.1492,25.2039
200,territory:Sasanian Empire:287,사산조 페르시아,0.1,55.1583,25.2055
200,territory:Sasanian Empire:287,사산조 페르시아,0.2,55.1556,25.2056
200,territory:Sasanian Empire:287,사산조 페르시아,0.2,55.1464,25.2067
200,territory:Sasanian Empire:287,사산조 페르시아,0.2,55.1534,25.2067
200,territory:Sasanian Empire:287,사산조 페르시아,0.2,55.1497,25.2069
200,territory:Sasanian Empire:287,사산조 페르시아,0.2,55.1592,25.2076
200,territory:Sasanian Empire:287,사산조 페르시아,0.4,55.1751,25.2073
200,territory:Sasanian Empire:287,사산조 페르시아,0.2,55.1566,25.2082
200,territory:Sasanian Empire:287,사산조 페르시아,0.1,55.1831,25.2079
200,territory:Sasanian Empire:287,사산조 페르시아,0.2,55.1517,25.2088
200,territory:Sasanian Empire:287,사산조 페르시아,0.2,55.1802,25.209
200,territory:Sasanian Empire:287,사산조 페르시아,0.1,55.1456,25.2087
200,territory:Sasanian Empire:287,사산조 페르시아,0.2,55.1734,25.2093
200,territory:Sasanian Empire:287,사산조 페르시아,0.2,55.1771,25.2092
200,territory:Sasanian Empire:287,사산조 페르시아,0.1,55.1517,25.2104
200,territory:Sasanian Empire:287,사산조 페르시아,0.2,55.1486,25.2104
200,territory:Sasanian Empire:287,사산조 페르시아,0.1,55.1848,25.2108
200,territory:Sasanian Empire:287,사산조 페르시아,0.1,55.1461,25.2111
200,territory:Sasanian Empire:287,사산조 페르시아,0.2,55.1705,25.2103
200,territory:Sasanian Empire:287,사산조 페르시아,0.1,55.1826,25.2113
200,territory:Sasanian Empire:287,사산조 페르시아,0.2,55.175,25.2114
200,territory:Sasanian Empire:287,사산조 페르시아,0.1,55.1807,25.2126
200,territory:Sasanian Empire:287,사산조 페르시아,0.2,55.1846,25.2131
200,territory:Sasanian Empire:287,사산조 페르시아,0.2,55.172,25.2132
200,territory:Sasanian Empire:287,사산조 페르시아,0.2,55.1778,25.2132
200,territory:Sasanian Empire:287,사산조 페르시아,0.5,55.1567,25.2135
200,territory:Sasanian Empire:287,사산조 페르시아,0.2,55.154,25.214
200,territory:Sasanian Empire:287,사산조 페르시아,0.3,55.1681,25.214
200,territory:Sasanian Empire:287,사산조 페르시아,0.1,55.1757,25.2145
200,territory:Sasanian Empire:287,사산조 페르시아,0.1,55.1815,25.2144
200,territory:Sasanian Empire:287,사산조 페르시아,0.3,55.1461,25.2149
200,territory:Sasanian Empire:287,사산조 페르시아,0.1,55.1831,25.2151
200,territory:Sasanian Empire:287,사산조 페르시아,0.1,55.1781,25.2154
200,territory:Sasanian Empire:287,사산조 페르시아,0.2,55.151,25.2155
200,territory:Sasanian Empire:287,사산조 페르시아,0.4,55.1637,25.2158
200,territory:Sasanian Empire:287,사산조 페르시아,0.1,55.1445,25.2156
200,territory:Sasanian Empire:287,사산조 페르시아,0.1,55.1519,25.2164
200,territory:Sasanian Empire:287,사산조 페르시아,0.2,55.1555,25.2166
200,territory:Sasanian Empire:287,사산조 페르시아,0.1,55.1813,25.2168
200,territory:Sasanian Empire:287,사산조 페르시아,0.2,55.1487,25.2162
200,territory:Sasanian Empire:287,사산조 페르시아,0.1,55.1753,25.2167
200,territory:Sasanian Empire:287,사산조 페르시아,0.2,55.1681,25.2169
200,territory:Sasanian Empire:287,사산조 페르시아,0.1,55.1705,25.2163
200,territory:Sasanian Empire:287,사산조 페르시아,0.1,55.1771,25.2166
200,territory:Sasanian Empire:287,사산조 페르시아,0.1,55.1533,25.2173
200,territory:Sasanian Empire:287,사산조 페르시아,0.1,55.1646,25.2174
200,territory:Sasanian Empire:287,사산조 페르시아,0.1,55.1721,25.2177
200,territory:Sasanian Empire:287,사산조 페르시아,0.1,55.146,25.2177
200,territory:Sasanian Empire:287,사산조 페르시아,0.2,55.1838,25.2181
200,territory:Sasanian Empire:287,사산조 페르시아,0.2,55.1881,25.2185
200,territory:Sasanian Empire:287,사산조 페르시아,0.1,55.1708,25.2184
200,territory:Sasanian Empire:287,사산조 페르시아,0.1,55.1497,25.2188
200,territory:Sasanian Empire:287,사산조 페르시아,0.1,55.1676,25.2182
200,territory:Sasanian Empire:287,사산조 페르시아,0.5,55.1399,25.2059
200,territory:Sasanian Empire:287,사산조 페르시아,0.1,55.1523,25.2189
200,territory:Sasanian Empire:287,사산조 페르시아,0.2,55.1555,25.2192
200,territory:Sasanian Empire:287,사산조 페르시아,0.0,55.1902,25.2191
200,territory:Sasanian Empire:287,사산조 페르시아,0.3,55.1795,25.2197
200,territory:Sasanian Empire:287,사산조 페르시아,0.1,55.1696,25.2193
200,territory:Sasanian Empire:287,사산조 페르시아,0.2,55.1762,25.2198
200,territory:Sasanian Empire:287,사산조 페르시아,0.1,55.1886,25.22
200,territory:Sasanian Empire:287,사산조 페르시아,0.2,55.1819,25.2196
200,territory:Sasanian Empire:287,사산조 페르시아,0.1,55.1779,25.2198
200,territory:Sasanian Empire:287,사산조 페르시아,0.1,55.1747,25.22
200,territory:Sasanian Empire:287,사산조 페르시아,0.1,55.1509,25.2203
200,territory:Sasanian Empire:287,사산조 페르시아,0.2,55.1468,25.2204
200,territory:Sasanian Empire:287,사산조 페르시아,0.2,55.1665,25.221
200,territory:Sasanian Empire:287,사산조 페르시아,0.1,55.1455,25.2209
200,territory:Sasanian Empire:287,사산조 페르시아,0.1,55.1484,25.2212
200,territory:Sasanian Empire:287,사산조 페르시아,0.1,55.1439,25.2214
200,territory:Sasanian Empire:287,사산조 페르시아,0.2,55.1686,25.2215
200,territory:Sasanian Empire:287,사산조 페르시아,0.2,55.172,25.221
200,territory:Sasanian Empire:287,사산조 페르시아,0.1,55.1769,25.2218
200,territory:Sasanian Empire:287,사산조 페르시아,0.1,55.1746,25.2221
200,territory:Sasanian Empire:287,사산조 페르시아,0.2,55.1813,25.2219
200,territory:Sasanian Empire:287,사산조 페르시아,0.2,55.1529,25.2217
200,territory:Sasanian Empire:287,사산조 페르시아,0.2,55.1695,25.2237
200,territory:Sasanian Empire:287,사산조 페르시아,0.1,55.1495,25.2234
200,territory:Sasanian Empire:287,사산조 페르시아,0.4,55.1628,25.2231
200,territory:Sasanian Empire:287,사산조 페르시아,0.1,55.1733,25.2237
200,territory:Sasanian Empire:287,사산조 페르시아,0.3,55.1876,25.2237
200,territory:Sasanian Empire:287,사산조 페르시아,0.1,55.1469,25.2246
200,territory:Sasanian Empire:287,사산조 페르시아,0.2,55.1781,25.2242
200,territory:Sasanian Empire:287,사산조 페르시아,0.2,55.1918,25.225
200,territory:Sasanian Empire:287,사산조 페르시아,0.2,55.1432,25.2245
200,territory:Sasanian Empire:287,사산조 페르시아,0.2,55.1754,25.2252
200,territory:Sasanian Empire:287,사산조 페르시아,0.2,55.184,25.2242
200,territory:Sasanian Empire:287,사산조 페르시아,0.1,55.1814,25.225
200,territory:Sasanian Empire:287,사산조 페르시아,0.2,55.1894,25.2257
200,territory:Sasanian Empire:287,사산조 페르시아,0.1,55.1853,25.2255
200,territory:Sasanian Empire:287,사산조 페르시아,0.1,55.1708,25.2254
200,territory:Sasanian Empire:287,사산조 페르시아,0.3,55.1651,25.2266
200,territory:Sasanian Empire:287,사산조 페르시아,0.2,55.1485,25.2265
200,territory:Sasanian Empire:287,사산조 페르시아,0.2,55.1661,25.2248
200,territory:Sasanian Empire:287,사산조 페르시아,0.2,55.1778,25.2271
200,territory:Sasanian Empire:287,사산조 페르시아,0.1,55.189,25.2273
200,territory:Sasanian Empire:287,사산조 페르시아,0.2,55.1623,25.227
200,territory:Sasanian Empire:287,사산조 페르시아,0.2,55.1729,25.2269
200,territory:Sasanian Empire:287,사산조 페르시아,0.1,55.1801,25.2273
200,territory:Sasanian Empire:287,사산조 페르시아,0.1,55.175,25.2274
200,territory:Sasanian Empire:287,사산조 페르시아,0.2,55.1831,25.228
200,territory:Sasanian Empire:287,사산조 페르시아,0.2,55.1864,25.2283
200,territory:Sasanian Empire:287,사산조 페르시아,0.2,55.1698,25.2291
200,territory:Sasanian Empire:287,사산조 페르시아,0.1,55.1808,25.2292
200,territory:Sasanian Empire:287,사산조 페르시아,0.2,55.1732,25.2296
200,territory:Sasanian Empire:287,사산조 페르시아,0.2,55.1869,25.2305
200,territory:Sasanian Empire:287,사산조 페르시아,0.3,55.1773,25.2302
200,territory:Sasanian Empire:287,사산조 페르시아,0.2,55.1841,25.2305
200,territory:Sasanian Empire:287,사산조 페르시아,0.1,55.1713,25.2306
200,territory:Sasanian Empire:287,사산조 페르시아,0.1,55.1807,25.2309
200,territory:Sasanian Empire:287,사산조 페르시아,0.2,55.1896,25.2308
200,territory:Sasanian Empire:287,사산조 페르시아,0.2,55.1673,25.2298
200,territory:Sasanian Empire:287,사산조 페르시아,0.2,55.1647,25.2317
200,territory:Sasanian Empire:287,사산조 페르시아,0.1,55.1874,25.2321
200,territory:Sasanian Empire:287,사산조 페르시아,0.2,55.1742,25.232
200,territory:Sasanian Empire:287,사산조 페르시아,0.1,55.19,25.2326
200,territory:Sasanian Empire:287,사산조 페르시아,0.1,55.1875,25.2335
200,territory:Sasanian Empire:287,사산조 페르시아,0.2,55.1822,25.2333
200,territory:Sasanian Empire:287,사산조 페르시아,0.1,55.191,25.2341
200,territory:Sasanian Empire:287,사산조 페르시아,0.1,55.1761,25.2337
200,territory:Sasanian Empire:287,사산조 페르시아,0.2,55.1711,25.234
200,territory:Sasanian Empire:287,사산조 페르시아,0.2,55.1843,25.234
200,territory:Sasanian Empire:287,사산조 페르시아,0.1,55.1791,25.2352
200,territory:Sasanian Empire:287,사산조 페르시아,0.2,55.1689,25.2348
200,territory:Sasanian Empire:287,사산조 페르시아,0.3,55.1631,25.2345
200,territory:Sasanian Empire:287,사산조 페르시아,0.2,55.186,25.2361
200,territory:Sasanian Empire:287,사산조 페르시아,0.1,55.1825,25.2362
200,territory:Sasanian Empire:287,사산조 페르시아,0.3,55.176,25.237
200,territory:Sasanian Empire:287,사산조 페르시아,0.1,55.1787,25.2374
200,territory:Sasanian Empire:287,사산조 페르시아,0.2,55.1732,25.2374
200,territory:Sasanian Empire:287,사산조 페르시아,0.2,55.1692,25.2379
200,territory:Sasanian Empire:287,사산조 페르시아,0.1,55.1752,25.2391
200,territory:Sasanian Empire:287,사산조 페르시아,0.2,55.1798,25.2393
200,territory:Sasanian Empire:287,사산조 페르시아,0.2,55.1842,25.239
200,territory:Sasanian Empire:287,사산조 페르시아,0.2,55.1775,25.24
200,territory:Sasanian Empire:287,사산조 페르시아,0.3,55.1896,25.2388
200,territory:Sasanian Empire:287,사산조 페르시아,0.3,55.1658,25.2391
200,territory:Sasanian Empire:287,사산조 페르시아,0.1,55.1806,25.2406
200,territory:Sasanian Empire:287,사산조 페르시아,0.2,55.1863,25.2413
200,territory:Sasanian Empire:287,사산조 페르시아,0.5,55.1979,25.2404
200,territory:Sasanian Empire:287,사산조 페르시아,0.2,55.1678,25.2418
200,territory:Sasanian Empire:287,사산조 페르시아,0.1,55.1816,25.2419
200,territory:Sasanian Empire:287,사산조 페르시아,0.3,55.1722,25.241
200,territory:Sasanian Empire:287,사산조 페르시아,0.2,55.1783,25.2422
200,territory:Sasanian Empire:287,사산조 페르시아,0.1,55.187,25.2426
200,territory:Sasanian Empire:287,사산조 페르시아,0.2,55.1837,25.243
200,territory:Sasanian Empire:287,사산조 페르시아,0.2,55.175,25.2424
200,territory:Sasanian Empire:287,사산조 페르시아,0.1,55.1735,25.244
200,territory:Sasanian Empire:287,사산조 페르시아,0.1,55.1792,25.2442
200,territory:Sasanian Empire:287,사산조 페르시아,0.1,55.1862,25.2444
200,territory:Sasanian Empire:287,사산조 페르시아,0.6,55.1319,25.2177
200,territory:Sasanian Empire:287,사산조 페르시아,0.3,55.1825,25.2471
200,territory:Sasanian Empire:287,사산조 페르시아,0.3,55.1747,25.2486
200,territory:Sasanian Empire:287,사산조 페르시아,1.1,55.1571,25.25
200,territory:Parthian Empire:215,파르티아 제국,23.4,55.3051,26.269
200,territory:Roman Empire:197,로마 제국,3.7,35.7657,27.1078
200,territory:Roman Empire:270,로마 제국,14.2,25.7058,34.8736
200,territory:Roman Empire:270,로마 제국,11.1,26.1363,34.9346
200,territory:Roman Empire:270,로마 제국,8.2,-2.4427,35.178
200,territory:Roman Empire:270,로마 제국,1.6,-2.4216,35.1796
200,territory:Roman Empire:270,로마 제국,0.7,-2.4313,35.1837
200,territory:Roman Empire:270,로마 제국,0.7,-3.9025,35.2154
200,territory:Roman Empire:270,로마 제국,0.2,-3.9006,35.2175
200,territory:Roman Empire:270,로마 제국,9.8,25.2147,35.4461
200,territory:Roman Empire:270,로마 제국,5.8,-5.4186,35.9126
200,territory:Roman Empire:299,로마 제국,6.1,29.6571,36.1342
200,territory:Roman Empire:197,로마 제국,6.6,29.7467,36.1286
200,territory:Roman Empire:260,로마 제국,4.0,29.4966,36.157
200,territory:Roman Empire:215,로마 제국,5.3,29.5849,36.143
200,territory:Roman Empire:260,로마 제국,5.2,33.7804,36.1762
200,territory:Roman Empire:299,로마 제국,1.7,29.8792,36.1835
200,territory:Roman Empire:270,로마 제국,4.5,22.9586,36.4866
200,territory:Roman Empire:270,로마 제국,4.7,28.1257,36.5989
200,territory:Roman Empire:247,로마 제국,4.8,28.9183,36.6684
200,territory:Roman Empire:270,로마 제국,1.6,27.1401,36.9429
200,territory:Roman Empire:299,로마 제국,18.7,27.4647,36.9758
200,territory:Roman Empire:270,로마 제국,9.3,27.0912,37.0593
200,territory:Roman Empire:260,로마 제국,12.1,21.5492,37.0489
200,territory:Roman Empire:261,로마 제국,11.8,10.8032,37.1291
200,territory:Roman Empire:299,로마 제국,13.2,27.0892,37.2864
200,territory:Roman Empire:299,로마 제국,28.8,26.757,37.3005
200,territory:Roman Empire:299,로마 제국,5.3,26.7337,37.387
200,territory:Roman Empire:299,로마 제국,17.3,26.9735,37.4605
200,territory:Roman Empire:270,로마 제국,26.6,23.9273,37.4756
200,territory:Roman Empire:260,로마 제국,35.1,8.9372,37.5288
200,territory:Roman Empire:299,로마 제국,0.2,27.1646,37.5786
200,territory:Roman Empire:270,로마 제국,9.9,26.4286,37.5831
200,territory:Roman Empire:270,로마 제국,4.9,26.5115,37.5906
200,territory:Roman Empire:270,로마 제국,14.3,23.948,37.6486
200,territory:Roman Empire:270,로마 제국,7.9,24.1228,37.7016
200,territory:Roman Empire:238,로마 제국,10.8,23.7592,37.769
200,territory:Roman Empire:270,로마 제국,21.0,24.2583,38.0038
200,territory:Roman Empire:260,로마 제국,4.0,26.3417,38.4391
200,territory:Roman Empire:270,로마 제국,5.0,26.2841,38.5035
200,territory:Roman Empire:270,로마 제국,0.2,26.2288,38.5215
200,territory:Roman Empire:247,로마 제국,11.4,26.7121,38.5036
200,territory:Roman Empire:270,로마 제국,26.9,25.5105,38.541
200,territory:Roman Empire:270,로마 제국,2.1,24.358,38.8379
200,territory:Roman Empire:270,로마 제국,22.2,24.1084,39.0785
200,territory:Roman Empire:270,로마 제국,19.3,20.2293,39.1444
200,territory:Roman Empire:270,로마 제국,27.6,24.322,39.3498
200,territory:Roman Empire:238,로마 제국,8.3,-9.5086,39.4157
200,territory:Roman Empire:270,로마 제국,13.2,24.1686,39.3946
200,territory:Roman Empire:270,로마 제국,18.9,19.5232,39.7704
200,territory:Roman Empire:270,로마 제국,11.3,19.3991,39.85
200,territory:Roman Empire:270,로마 제국,10.4,19.5814,39.8853
200,territory:Roman Empire:247,로마 제국,9.6,23.9066,40.3248
200,territory:Roman Empire:270,로마 제국,8.4,19.2804,40.4934
200,territory:Roman Empire:270,로마 제국,20.0,14.2279,40.5502
200,territory:Roman Empire:238,로마 제국,13.0,28.5278,40.5314
200,territory:Roman Empire:270,로마 제국,12.2,14.0141,40.7542
200,territory:Roman Empire:270,로마 제국,3.4,29.1137,40.8508
200,territory:Roman Empire:270,로마 제국,34.2,12.9551,40.9106
200,territory:Roman Empire:270,로마 제국,7.9,12.8559,40.9364
200,territory:Roman Empire:270,로마 제국,6.3,13.0567,40.9706
200,territory:Roman Empire:270,로마 제국,0.1,9.3416,41.2427
200,territory:Roman Empire:270,로마 제국,2.6,9.3419,41.2833
200,territory:Roman Empire:270,로마 제국,1.9,9.3712,41.299
200,territory:Roman Empire:270,로마 제국,1.3,9.3411,41.3022
200,territory:Roman Empire:270,로마 제국,2.7,9.2528,41.3366
200,territory:Roman Empire:270,로마 제국,1.0,9.2576,41.367
200,territory:Roman Empire:261,로마 제국,15.1,15.4859,42.1105
200,territory:Roman Empire:270,로마 제국,20.1,11.0983,42.2489
200,territory:Roman Empire:261,로마 제국,7.6,17.8807,42.7268
200,territory:Roman Empire:238,로마 제국,11.6,6.46,43.03
200,territory:Roman Empire:270,로마 제국,20.5,16.6998,43.0909
200,territory:Roman Empire:197,로마 제국,36.8,9.9059,43.4392
200,territory:Roman Empire:247,로마 제국,4.3,16.1436,43.4401
200,territory:Roman Empire:270,로마 제국,3.3,7.0471,43.5205
200,territory:Roman Empire:260,로마 제국,4.7,15.8502,43.6851
200,territory:Roman Empire:270,로마 제국,7.5,15.7006,43.6957
200,territory:Roman Empire:287,로마 제국,4.8,15.6076,43.8011
200,territory:Roman Empire:270,로마 제국,7.8,15.1114,44.0403
200,territory:Roman Empire:207,로마 제국,6.4,15.0669,44.3058
200,territory:Roman Empire:270,로마 제국,19.3,14.6928,44.3826
200,territory:Roman Empire:238,로마 제국,7.5,14.9181,44.4305
200,territory:Roman Empire:270,로마 제국,3.3,14.2998,44.5093
200,territory:Roman Empire:270,로마 제국,1.4,13.7642,44.9064
200,territory:Roman Empire:260,로마 제국,5.9,14.7948,44.9131
200,territory:Roman Empire:270,로마 제국,4.1,14.5204,44.9729
200,territory:Roman Empire:260,로마 제국,4.1,12.4021,45.4588
200,territory:Huns:106,훈족,18.0,48.5803,45.714
200,territory:Huns:106,훈족,19.7,52.9954,46.4123
200,territory:Roman Empire:299,로마 제국,10.2,-1.8312,48.8713
200,territory:Roman Empire:247,로마 제국,34.3,-2.4514,49.4704
200,territory:Roman Empire:238,로마 제국,38.5,-6.2958,49.9651
200,territory:Roman Empire:299,로마 제국,0.0,-4.6944,51.6374
200,territory:Roman Empire:238,로마 제국,1.5,-5.2937,51.7333
200,territory:Roman Empire:238,로마 제국,5.6,-5.3412,51.8667
200,territory:Roman Empire:238,로마 제국,2.8,-4.7907,52.7586
200,territory:Himyarite Kingdom:247,Himyarite Kingdom,21.6,43.4311,12.472
200,territory:Himyarite Kingdom:247,Himyarite Kingdom,37.5,42.944,12.8885
200,territory:Himyarite Kingdom:247,Himyarite Kingdom,3.4,42.9293,12.9342
200,territory:Himyarite Kingdom:247,Himyarite Kingdom,9.1,42.8494,13.028
200,territory:Roman Empire:238,로마 제국,39.2,-4.8168,54.0522
200,territory:Burgundians:224,Burgundians,9.1,15.1923,55.3194
200,territory:Roman Empire:270,로마 제국,7.0,1.4455,38.715
200,territory:Roman Empire:260,로마 제국,3.7,-1.2913,45.96
200,territory:Roman Empire:197,로마 제국,19.1,-2.1105,49.207
200,territory:Roman Empire:247,로마 제국,9.7,-2.5891,49.4647
200,territory:Roman Empire:238,로마 제국,6.1,-6.3488,49.8916
200,territory:Roman Empire:238,로마 제국,3.9,-6.3594,49.9531
200,territory:Roman Empire:238,로마 제국,23.2,-4.4997,54.2485
200,territory:Roman Empire:207,로마 제국,17.8,-5.2354,55.5703
200,territory:Roman Empire:207,로마 제국,4.5,-5.0842,55.8238
200,territory:Roman Empire:207,로마 제국,38.7,-5.9046,55.9802
200,territory:Roman Empire:207,로마 제국,22.4,-5.9219,56.4548
200,territory:Roman Empire:207,로마 제국,37.5,-6.9297,56.4818
200,territory:Roman Empire:215,로마 제국,17.9,10.8766,33.7675
200,territory:Roman Empire:260,로마 제국,22.6,11.0408,34.6388
200,territory:Roman Empire:260,로마 제국,7.7,11.1821,34.696
200,territory:Roman Empire:270,로마 제국,6.8,8.2864,39.1752
200,territory:Roman Empire:270,로마 제국,8.2,13.9058,40.7253
200,territory:Roman Empire:287,로마 제국,11.2,17.669,42.7188
200,territory:Roman Empire:270,로마 제국,29.3,16.5142,42.7614
200,territory:Roman Empire:270,로마 제국,16.8,16.8906,42.9485
200,territory:Roman Empire:247,로마 제국,38.6,16.0091,42.9673
200,territory:Roman Empire:247,로마 제국,21.0,15.7446,43.0241
200,territory:Roman Empire:247,로마 제국,12.4,16.158,43.0528
200,territory:Roman Empire:270,로마 제국,10.1,16.5892,43.1935
200,territory:Roman Empire:270,로마 제국,6.4,16.6437,43.3353
200,territory:Roman Empire:261,로마 제국,1.9,15.0066,44.4507
200,territory:Roman Empire:270,로마 제국,10.7,20.6508,38.7362
200,territory:Roman Empire:270,로마 제국,8.5,23.5052,37.3388
200,territory:Roman Empire:270,로마 제국,15.1,23.4882,37.7302
200,territory:Roman Empire:247,로마 제국,2.7,23.4951,37.9585
200,territory:Roman Empire:197,로마 제국,28.1,23.6983,39.1437
200,territory:Roman Empire:197,로마 제국,14.6,36.8936,25.3897
200,territory:Roman Empire:197,로마 제국,21.4,36.5596,25.6077
200,territory:Roman Empire:270,로마 제국,30.9,27.3668,36.4102
200,territory:Roman Empire:270,로마 제국,15.3,27.8188,36.5828
200,territory:Roman Empire:270,로마 제국,21.5,25.3195,36.7477
200,territory:Roman Empire:270,로마 제국,6.4,26.9874,36.9875
200,territory:Roman Empire:270,로마 제국,10.2,25.2035,37.0798
200,territory:Roman Empire:270,로마 제국,34.3,24.4875,37.1635
200,territory:Roman Empire:270,로마 제국,15.5,24.4201,37.3575
200,territory:Roman Empire:270,로마 제국,15.0,24.9137,37.4057
200,territory:Roman Empire:270,로마 제국,10.8,25.3748,37.444
200,territory:Roman Empire:299,로마 제국,25.0,26.8127,37.734
200,territory:Roman Empire:270,로마 제국,19.4,25.5698,40.4688
200,territory:Roman Empire:299,로마 제국,18.9,27.6128,40.6268
200,territory:Himyarite Kingdom:247,Himyarite Kingdom,4.1,42.9382,12.8384
200,territory:Himyarite Kingdom:247,Himyarite Kingdom,31.0,42.7478,14.0002
200,territory:Himyarite Kingdom:283,Himyarite Kingdom,14.3,42.587,15.3505
200,territory:Kingdom of Axum:-50,Kingdom of Axum,24.4,40.0874,15.715
200,territory:Parthian Empire:224,파르티아 제국,2.2,53.8096,24.1797
200,territory:Sasanian Empire:238,사산조 페르시아,6.5,52.6023,24.3268
200,territory:Sasanian Empire:287,사산조 페르시아,2.7,54.2259,24.3362
200,territory:Parthian Empire:224,파르티아 제국,18.5,53.3838,24.34
200,territory:Parthian Empire:224,파르티아 제국,17.7,53.9823,26.5143
200,territory:Huns:106,훈족,34.1,52.6249,45.469
200,territory:Huns:106,훈족,11.9,47.9502,45.5785
200,territory:Huns:106,훈족,25.4,49.7897,46.2885
300,territory:Kingdom of Axum:353,Kingdom of Axum,2.9,40.314,15.0222
300,territory:Kingdom of Axum:353,Kingdom of Axum,3.9,40.2492,15.1515
300,territory:Kingdom of Axum:238,Kingdom of Axum,30.8,42.4068,15.7254
300,territory:Sasanian Empire:306,사산조 페르시아,13.3,52.0107,24.2305
300,territory:Sasanian Empire:387,사산조 페르시아,23.7,51.7316,24.5858
300,territory:Sasanian Empire:371,사산조 페르시아,0.1,55.1164,25.1155
300,territory:Sasanian Empire:287,사산조 페르시아,0.0,55.1746,25.1928
300,territory:Sasanian Empire:287,사산조 페르시아,0.2,55.1725,25.1946
300,territory:Sasanian Empire:287,사산조 페르시아,1.5,55.1568,25.1952
300,territory:Sasanian Empire:287,사산조 페르시아,0.1,55.1751,25.1951
300,territory:Sasanian Empire:287,사산조 페르시아,0.2,55.1597,25.1959
300,territory:Sasanian Empire:287,사산조 페르시아,0.3,55.1527,25.1958
300,territory:Sasanian Empire:287,사산조 페르시아,0.2,55.1695,25.1958
300,territory:Sasanian Empire:287,사산조 페르시아,0.1,55.1756,25.1965
300,territory:Sasanian Empire:287,사산조 페르시아,0.2,55.1492,25.1969
300,territory:Sasanian Empire:287,사산조 페르시아,0.2,55.1669,25.1969
300,territory:Sasanian Empire:287,사산조 페르시아,0.2,55.1729,25.1979
300,territory:Sasanian Empire:287,사산조 페르시아,0.2,55.1537,25.1977
300,territory:Sasanian Empire:287,사산조 페르시아,0.1,55.1507,25.1985
300,territory:Sasanian Empire:287,사산조 페르시아,0.2,55.1561,25.1985
300,territory:Sasanian Empire:287,사산조 페르시아,0.2,55.1693,25.1988
300,territory:Sasanian Empire:287,사산조 페르시아,0.2,55.1466,25.1998
300,territory:Sasanian Empire:287,사산조 페르시아,0.2,55.1718,25.2
300,territory:Sasanian Empire:287,사산조 페르시아,0.1,55.1751,25.199
300,territory:Sasanian Empire:287,사산조 페르시아,0.2,55.1495,25.2
300,territory:Sasanian Empire:287,사산조 페르시아,0.2,55.1656,25.1998
300,territory:Sasanian Empire:287,사산조 페르시아,0.2,55.1525,25.2005
300,territory:Sasanian Empire:287,사산조 페르시아,0.2,55.1635,25.2009
300,territory:Sasanian Empire:287,사산조 페르시아,0.2,55.1679,25.201
300,territory:Sasanian Empire:287,사산조 페르시아,0.2,55.1558,25.2011
300,territory:Sasanian Empire:287,사산조 페르시아,0.1,55.1479,25.2015
300,territory:Sasanian Empire:287,사산조 페르시아,0.1,55.1656,25.2022
300,territory:Sasanian Empire:287,사산조 페르시아,0.2,55.1709,25.2019
300,territory:Sasanian Empire:287,사산조 페르시아,0.2,55.1505,25.2029
300,territory:Sasanian Empire:287,사산조 페르시아,0.1,55.1734,25.2023
300,territory:Sasanian Empire:287,사산조 페르시아,0.2,55.1527,25.2031
300,territory:Sasanian Empire:287,사산조 페르시아,0.2,55.1584,25.2028
300,territory:Sasanian Empire:287,사산조 페르시아,0.1,55.1548,25.2038
300,territory:Sasanian Empire:287,사산조 페르시아,0.2,55.1466,25.2041
300,territory:Sasanian Empire:287,사산조 페르시아,0.1,55.1492,25.2039
300,territory:Sasanian Empire:287,사산조 페르시아,0.1,55.1583,25.2055
300,territory:Sasanian Empire:287,사산조 페르시아,0.2,55.1556,25.2056
300,territory:Sasanian Empire:287,사산조 페르시아,0.2,55.1464,25.2067
300,territory:Sasanian Empire:287,사산조 페르시아,0.2,55.1534,25.2067
300,territory:Sasanian Empire:287,사산조 페르시아,0.2,55.1497,25.2069
300,territory:Sasanian Empire:287,사산조 페르시아,0.2,55.1592,25.2076
300,territory:Sasanian Empire:287,사산조 페르시아,0.4,55.1751,25.2073
300,territory:Sasanian Empire:287,사산조 페르시아,0.2,55.1566,25.2082
300,territory:Sasanian Empire:287,사산조 페르시아,0.1,55.1831,25.2079
300,territory:Sasanian Empire:287,사산조 페르시아,0.2,55.1517,25.2088
300,territory:Sasanian Empire:287,사산조 페르시아,0.2,55.1802,25.209
300,territory:Sasanian Empire:287,사산조 페르시아,0.1,55.1456,25.2087
300,territory:Sasanian Empire:287,사산조 페르시아,0.2,55.1734,25.2093
300,territory:Sasanian Empire:287,사산조 페르시아,0.2,55.1771,25.2092
300,territory:Sasanian Empire:287,사산조 페르시아,0.1,55.1517,25.2104
300,territory:Sasanian Empire:287,사산조 페르시아,0.2,55.1486,25.2104
300,territory:Sasanian Empire:287,사산조 페르시아,0.1,55.1848,25.2108
300,territory:Sasanian Empire:287,사산조 페르시아,0.1,55.1461,25.2111
300,territory:Sasanian Empire:287,사산조 페르시아,0.2,55.1705,25.2103
300,territory:Sasanian Empire:287,사산조 페르시아,0.1,55.1826,25.2113
300,territory:Sasanian Empire:287,사산조 페르시아,0.2,55.175,25.2114
300,territory:Sasanian Empire:287,사산조 페르시아,0.1,55.1807,25.2126
300,territory:Sasanian Empire:287,사산조 페르시아,0.2,55.1846,25.2131
300,territory:Sasanian Empire:287,사산조 페르시아,0.2,55.172,25.2132
300,territory:Sasanian Empire:287,사산조 페르시아,0.2,55.1778,25.2132
300,territory:Sasanian Empire:287,사산조 페르시아,0.5,55.1567,25.2135
300,territory:Sasanian Empire:287,사산조 페르시아,0.2,55.154,25.214
300,territory:Sasanian Empire:287,사산조 페르시아,0.3,55.1681,25.214
300,territory:Sasanian Empire:287,사산조 페르시아,0.1,55.1757,25.2145
300,territory:Sasanian Empire:287,사산조 페르시아,0.1,55.1815,25.2144
300,territory:Sasanian Empire:287,사산조 페르시아,0.3,55.1461,25.2149
300,territory:Sasanian Empire:287,사산조 페르시아,0.1,55.1831,25.2151
300,territory:Sasanian Empire:287,사산조 페르시아,0.1,55.1781,25.2154
300,territory:Sasanian Empire:287,사산조 페르시아,0.2,55.151,25.2155
300,territory:Sasanian Empire:287,사산조 페르시아,0.4,55.1637,25.2158
300,territory:Sasanian Empire:287,사산조 페르시아,0.1,55.1445,25.2156
300,territory:Sasanian Empire:287,사산조 페르시아,0.1,55.1519,25.2164
300,territory:Sasanian Empire:287,사산조 페르시아,0.2,55.1555,25.2166
300,territory:Sasanian Empire:287,사산조 페르시아,0.1,55.1813,25.2168
300,territory:Sasanian Empire:287,사산조 페르시아,0.2,55.1487,25.2162
300,territory:Sasanian Empire:287,사산조 페르시아,0.1,55.1753,25.2167
300,territory:Sasanian Empire:287,사산조 페르시아,0.2,55.1681,25.2169
300,territory:Sasanian Empire:287,사산조 페르시아,0.1,55.1705,25.2163
300,territory:Sasanian Empire:287,사산조 페르시아,0.1,55.1771,25.2166
300,territory:Sasanian Empire:287,사산조 페르시아,0.1,55.1533,25.2173
300,territory:Sasanian Empire:287,사산조 페르시아,0.1,55.1646,25.2174
300,territory:Sasanian Empire:287,사산조 페르시아,0.1,55.1721,25.2177
300,territory:Sasanian Empire:287,사산조 페르시아,0.1,55.146,25.2177
300,territory:Sasanian Empire:287,사산조 페르시아,0.2,55.1838,25.2181
300,territory:Sasanian Empire:287,사산조 페르시아,0.2,55.1881,25.2185
300,territory:Sasanian Empire:287,사산조 페르시아,0.1,55.1708,25.2184
300,territory:Sasanian Empire:287,사산조 페르시아,0.1,55.1497,25.2188
300,territory:Sasanian Empire:287,사산조 페르시아,0.1,55.1676,25.2182
300,territory:Sasanian Empire:287,사산조 페르시아,0.5,55.1399,25.2059
300,territory:Sasanian Empire:287,사산조 페르시아,0.1,55.1523,25.2189
300,territory:Sasanian Empire:287,사산조 페르시아,0.2,55.1555,25.2192
300,territory:Sasanian Empire:287,사산조 페르시아,0.0,55.1902,25.2191
300,territory:Sasanian Empire:287,사산조 페르시아,0.3,55.1795,25.2197
300,territory:Sasanian Empire:287,사산조 페르시아,0.1,55.1696,25.2193
300,territory:Sasanian Empire:287,사산조 페르시아,0.2,55.1762,25.2198
300,territory:Sasanian Empire:287,사산조 페르시아,0.1,55.1886,25.22
300,territory:Sasanian Empire:287,사산조 페르시아,0.2,55.1819,25.2196
300,territory:Sasanian Empire:287,사산조 페르시아,0.1,55.1779,25.2198
300,territory:Sasanian Empire:287,사산조 페르시아,0.1,55.1747,25.22
300,territory:Sasanian Empire:287,사산조 페르시아,0.1,55.1509,25.2203
300,territory:Sasanian Empire:287,사산조 페르시아,0.2,55.1468,25.2204
300,territory:Sasanian Empire:287,사산조 페르시아,0.2,55.1665,25.221
300,territory:Sasanian Empire:287,사산조 페르시아,0.1,55.1455,25.2209
300,territory:Sasanian Empire:287,사산조 페르시아,0.1,55.1484,25.2212
300,territory:Sasanian Empire:287,사산조 페르시아,0.1,55.1439,25.2214
300,territory:Sasanian Empire:287,사산조 페르시아,0.2,55.1686,25.2215
300,territory:Sasanian Empire:287,사산조 페르시아,0.2,55.172,25.221
300,territory:Sasanian Empire:287,사산조 페르시아,0.1,55.1769,25.2218
300,territory:Sasanian Empire:287,사산조 페르시아,0.1,55.1746,25.2221
300,territory:Sasanian Empire:287,사산조 페르시아,0.2,55.1813,25.2219
300,territory:Sasanian Empire:287,사산조 페르시아,0.2,55.1529,25.2217
300,territory:Sasanian Empire:287,사산조 페르시아,0.2,55.1695,25.2237
300,territory:Sasanian Empire:287,사산조 페르시아,0.1,55.1495,25.2234
300,territory:Sasanian Empire:287,사산조 페르시아,0.4,55.1628,25.2231
300,territory:Sasanian Empire:287,사산조 페르시아,0.1,55.1733,25.2237
300,territory:Sasanian Empire:287,사산조 페르시아,0.3,55.1876,25.2237
300,territory:Sasanian Empire:287,사산조 페르시아,0.1,55.1469,25.2246
300,territory:Sasanian Empire:287,사산조 페르시아,0.2,55.1781,25.2242
300,territory:Sasanian Empire:287,사산조 페르시아,0.2,55.1918,25.225
300,territory:Sasanian Empire:287,사산조 페르시아,0.2,55.1432,25.2245
300,territory:Sasanian Empire:287,사산조 페르시아,0.2,55.1754,25.2252
300,territory:Sasanian Empire:287,사산조 페르시아,0.2,55.184,25.2242
300,territory:Sasanian Empire:287,사산조 페르시아,0.1,55.1814,25.225
300,territory:Sasanian Empire:287,사산조 페르시아,0.2,55.1894,25.2257
300,territory:Sasanian Empire:287,사산조 페르시아,0.1,55.1853,25.2255
300,territory:Sasanian Empire:287,사산조 페르시아,0.1,55.1708,25.2254
300,territory:Sasanian Empire:287,사산조 페르시아,0.3,55.1651,25.2266
300,territory:Sasanian Empire:287,사산조 페르시아,0.2,55.1485,25.2265
300,territory:Sasanian Empire:287,사산조 페르시아,0.2,55.1661,25.2248
300,territory:Sasanian Empire:287,사산조 페르시아,0.2,55.1778,25.2271
300,territory:Sasanian Empire:287,사산조 페르시아,0.1,55.189,25.2273
300,territory:Sasanian Empire:287,사산조 페르시아,0.2,55.1623,25.227
300,territory:Sasanian Empire:287,사산조 페르시아,0.2,55.1729,25.2269
300,territory:Sasanian Empire:287,사산조 페르시아,0.1,55.1801,25.2273
300,territory:Sasanian Empire:287,사산조 페르시아,0.1,55.175,25.2274
300,territory:Sasanian Empire:287,사산조 페르시아,0.2,55.1831,25.228
300,territory:Sasanian Empire:287,사산조 페르시아,0.2,55.1864,25.2283
300,territory:Sasanian Empire:287,사산조 페르시아,0.2,55.1698,25.2291
300,territory:Sasanian Empire:287,사산조 페르시아,0.1,55.1808,25.2292
300,territory:Sasanian Empire:287,사산조 페르시아,0.2,55.1732,25.2296
300,territory:Sasanian Empire:287,사산조 페르시아,0.2,55.1869,25.2305
300,territory:Sasanian Empire:287,사산조 페르시아,0.3,55.1773,25.2302
300,territory:Sasanian Empire:287,사산조 페르시아,0.2,55.1841,25.2305
300,territory:Sasanian Empire:287,사산조 페르시아,0.1,55.1713,25.2306
300,territory:Sasanian Empire:287,사산조 페르시아,0.1,55.1807,25.2309
300,territory:Sasanian Empire:287,사산조 페르시아,0.2,55.1896,25.2308
300,territory:Sasanian Empire:287,사산조 페르시아,0.2,55.1673,25.2298
300,territory:Sasanian Empire:287,사산조 페르시아,0.2,55.1647,25.2317
300,territory:Sasanian Empire:287,사산조 페르시아,0.1,55.1874,25.2321
300,territory:Sasanian Empire:287,사산조 페르시아,0.2,55.1742,25.232
300,territory:Sasanian Empire:287,사산조 페르시아,0.1,55.19,25.2326
300,territory:Sasanian Empire:287,사산조 페르시아,0.1,55.1875,25.2335
300,territory:Sasanian Empire:287,사산조 페르시아,0.2,55.1822,25.2333
300,territory:Sasanian Empire:287,사산조 페르시아,0.1,55.191,25.2341
300,territory:Sasanian Empire:287,사산조 페르시아,0.1,55.1761,25.2337
300,territory:Sasanian Empire:287,사산조 페르시아,0.2,55.1711,25.234
300,territory:Sasanian Empire:287,사산조 페르시아,0.2,55.1843,25.234
300,territory:Sasanian Empire:287,사산조 페르시아,0.1,55.1791,25.2352
300,territory:Sasanian Empire:287,사산조 페르시아,0.2,55.1689,25.2348
300,territory:Sasanian Empire:287,사산조 페르시아,0.3,55.1631,25.2345
300,territory:Sasanian Empire:287,사산조 페르시아,0.2,55.186,25.2361
300,territory:Sasanian Empire:287,사산조 페르시아,0.1,55.1825,25.2362
300,territory:Sasanian Empire:287,사산조 페르시아,0.3,55.176,25.237
300,territory:Sasanian Empire:287,사산조 페르시아,0.1,55.1787,25.2374
300,territory:Sasanian Empire:287,사산조 페르시아,0.2,55.1732,25.2374
300,territory:Sasanian Empire:287,사산조 페르시아,0.2,55.1692,25.2379
300,territory:Sasanian Empire:287,사산조 페르시아,0.1,55.1752,25.2391
300,territory:Sasanian Empire:287,사산조 페르시아,0.2,55.1798,25.2393
300,territory:Sasanian Empire:287,사산조 페르시아,0.2,55.1842,25.239
300,territory:Sasanian Empire:287,사산조 페르시아,0.2,55.1775,25.24
300,territory:Sasanian Empire:287,사산조 페르시아,0.3,55.1896,25.2388
300,territory:Sasanian Empire:287,사산조 페르시아,0.3,55.1658,25.2391
300,territory:Sasanian Empire:287,사산조 페르시아,0.1,55.1806,25.2406
300,territory:Sasanian Empire:287,사산조 페르시아,0.2,55.1863,25.2413
300,territory:Sasanian Empire:287,사산조 페르시아,0.5,55.1979,25.2404
300,territory:Sasanian Empire:287,사산조 페르시아,0.2,55.1678,25.2418
300,territory:Sasanian Empire:287,사산조 페르시아,0.1,55.1816,25.2419
300,territory:Sasanian Empire:287,사산조 페르시아,0.3,55.1722,25.241
300,territory:Sasanian Empire:287,사산조 페르시아,0.2,55.1783,25.2422
300,territory:Sasanian Empire:287,사산조 페르시아,0.1,55.187,25.2426
300,territory:Sasanian Empire:287,사산조 페르시아,0.2,55.1837,25.243
300,territory:Sasanian Empire:287,사산조 페르시아,0.2,55.175,25.2424
300,territory:Sasanian Empire:287,사산조 페르시아,0.1,55.1735,25.244
300,territory:Sasanian Empire:287,사산조 페르시아,0.1,55.1792,25.2442
300,territory:Sasanian Empire:287,사산조 페르시아,0.1,55.1862,25.2444
300,territory:Sasanian Empire:287,사산조 페르시아,0.6,55.1319,25.2177
300,territory:Sasanian Empire:287,사산조 페르시아,0.3,55.1825,25.2471
300,territory:Sasanian Empire:287,사산조 페르시아,0.3,55.1747,25.2486
300,territory:Sasanian Empire:287,사산조 페르시아,1.1,55.1571,25.25
300,territory:Sasanian Empire:306,사산조 페르시아,23.4,55.3051,26.269
300,territory:Eastern Roman Empire:397,동로마 제국,14.2,25.7058,34.8736
300,territory:Eastern Roman Empire:397,동로마 제국,11.1,26.1363,34.9346
300,territory:Roman Empire:337,로마 제국,6.7,-2.4427,35.178
300,territory:Roman Empire:337,로마 제국,1.6,-2.4216,35.1796
300,territory:Roman Empire:337,로마 제국,0.7,-2.4313,35.1837
300,territory:Roman Empire:313,로마 제국,0.7,-3.9025,35.2154
300,territory:Roman Empire:313,로마 제국,0.2,-3.9006,35.2175
300,territory:Eastern Roman Empire:397,동로마 제국,9.8,25.2147,35.4461
300,territory:Roman Empire:387,로마 제국,4.9,-5.4186,35.9126
300,territory:Roman Empire:394,로마 제국,6.1,29.6571,36.1342
300,territory:Eastern Roman Empire:397,동로마 제국,6.6,29.7467,36.1286
300,territory:Eastern Roman Empire:396,동로마 제국,4.0,29.4966,36.157
300,territory:Roman Empire:378,로마 제국,5.3,29.5849,36.143
300,territory:Roman Empire:337,로마 제국,5.2,33.7804,36.1762
300,territory:Roman Empire:313,로마 제국,1.7,29.8792,36.1835
300,territory:Eastern Roman Empire:397,동로마 제국,4.5,22.9586,36.4866
300,territory:Eastern Roman Empire:397,동로마 제국,4.7,28.1257,36.5989
300,territory:Roman Empire:367,로마 제국,4.8,28.9183,36.6684
300,territory:Eastern Roman Empire:397,동로마 제국,1.6,27.1401,36.9429
300,territory:Roman Empire:378,로마 제국,18.7,27.4647,36.9758
300,territory:Eastern Roman Empire:397,동로마 제국,9.3,27.0912,37.0593
300,territory:Roman Empire:358,로마 제국,12.1,21.5492,37.0489
300,territory:Roman Empire:378,로마 제국,11.8,10.8032,37.1291
300,territory:Roman Empire:378,로마 제국,13.2,27.0892,37.2864
300,territory:Roman Empire:378,로마 제국,28.8,26.757,37.3005
300,territory:Roman Empire:378,로마 제국,5.3,26.7337,37.387
300,territory:Roman Empire:378,로마 제국,17.3,26.9735,37.4605
300,territory:Eastern Roman Empire:397,동로마 제국,26.6,23.9273,37.4756
300,territory:Roman Empire:378,로마 제국,35.1,8.9372,37.5288
300,territory:Roman Empire:378,로마 제국,0.1,27.1646,37.5786
300,territory:Eastern Roman Empire:397,동로마 제국,9.9,26.4286,37.5831
300,territory:Eastern Roman Empire:397,동로마 제국,4.9,26.5115,37.5906
300,territory:Eastern Roman Empire:397,동로마 제국,14.3,23.948,37.6486
300,territory:Eastern Roman Empire:397,동로마 제국,7.9,24.1228,37.7016
300,territory:Roman Empire:308,로마 제국,10.8,23.7592,37.769
300,territory:Visigoths:397,서고트족,19.1,24.2583,38.0038
300,territory:Eastern Roman Empire:395,동로마 제국,4.0,26.3417,38.4391
300,territory:Eastern Roman Empire:397,동로마 제국,5.0,26.2841,38.5035
300,territory:Eastern Roman Empire:397,동로마 제국,0.2,26.2288,38.5215
300,territory:Roman Empire:353,로마 제국,11.4,26.7121,38.5036
300,territory:Eastern Roman Empire:397,동로마 제국,26.9,25.5105,38.541
300,territory:Eastern Roman Empire:397,동로마 제국,2.1,24.358,38.8379
300,territory:Eastern Roman Empire:397,동로마 제국,22.2,24.1084,39.0785
300,territory:Roman Empire:308,로마 제국,19.3,20.2293,39.1444
300,territory:Eastern Roman Empire:397,동로마 제국,27.6,24.322,39.3498
300,territory:Roman Empire:311,로마 제국,8.3,-9.5086,39.4157
300,territory:Eastern Roman Empire:397,동로마 제국,13.2,24.1686,39.3946
300,territory:Eastern Roman Empire:397,동로마 제국,18.9,19.5232,39.7704
300,territory:Eastern Roman Empire:397,동로마 제국,11.3,19.3991,39.85
300,territory:Eastern Roman Empire:397,동로마 제국,10.4,19.5814,39.8853
300,territory:Roman Empire:378,로마 제국,9.6,23.9066,40.3248
300,territory:Eastern Roman Empire:395,동로마 제국,8.4,19.2804,40.4934
300,territory:Roman Empire:338,로마 제국,20.0,14.2279,40.5502
300,territory:Eastern Roman Empire:397,동로마 제국,13.0,28.5278,40.5314
300,territory:Roman Empire:338,로마 제국,12.2,14.0141,40.7542
300,territory:Roman Empire:347,로마 제국,3.4,29.1137,40.8508
300,territory:Roman Empire:338,로마 제국,34.2,12.9551,40.9106
300,territory:Roman Empire:338,로마 제국,7.9,12.8559,40.9364
300,territory:Roman Empire:338,로마 제국,6.3,13.0567,40.9706
300,territory:Roman Empire:371,로마 제국,0.1,9.3416,41.2427
300,territory:Roman Empire:371,로마 제국,2.6,9.3419,41.2833
300,territory:Roman Empire:371,로마 제국,1.9,9.3712,41.299
300,territory:Roman Empire:371,로마 제국,1.3,9.3411,41.3022
300,territory:Roman Empire:371,로마 제국,2.7,9.2528,41.3366
300,territory:Roman Empire:371,로마 제국,1.0,9.2576,41.367
300,territory:Roman Empire:378,로마 제국,15.1,15.4859,42.1105
300,territory:Roman Empire:338,로마 제국,20.1,11.0983,42.2489
300,territory:Western Roman Empire:395,서로마 제국,6.1,17.8807,42.7268
300,territory:Roman Empire:371,로마 제국,11.6,6.46,43.03
300,territory:Roman Empire:338,로마 제국,20.5,16.6998,43.0909
300,territory:Roman Empire:387,로마 제국,36.8,9.9059,43.4392
300,territory:Western Roman Empire:396,서로마 제국,4.3,16.1436,43.4401
300,territory:Roman Empire:347,로마 제국,3.3,7.0471,43.5205
300,territory:Roman Empire:394,로마 제국,4.7,15.8502,43.6851
300,territory:Roman Empire:338,로마 제국,7.5,15.7006,43.6957
300,territory:Western Roman Empire:396,서로마 제국,4.8,15.6076,43.8011
300,territory:Roman Empire:338,로마 제국,7.8,15.1114,44.0403
300,territory:Roman Empire:383,로마 제국,6.4,15.0669,44.3058
300,territory:Roman Empire:371,로마 제국,19.3,14.6928,44.3826
300,territory:Roman Empire:394,로마 제국,7.5,14.9181,44.4305
300,territory:Huns:371,훈족,33.6,47.4991,44.4544
300,territory:Roman Empire:371,로마 제국,3.3,14.2998,44.5093
300,territory:Roman Empire:338,로마 제국,1.4,13.7642,44.9064
300,territory:Roman Empire:311,로마 제국,5.9,14.7948,44.9131
300,territory:Roman Empire:371,로마 제국,4.1,14.5204,44.9729
300,territory:Roman Empire:371,로마 제국,4.1,12.4021,45.4588
300,territory:Huns:396,훈족,18.0,48.5803,45.714
300,territory:Huns:371,훈족,19.7,52.9954,46.4123
300,territory:Roman Empire:308,로마 제국,10.2,-1.8312,48.8713
300,territory:Roman Empire:308,로마 제국,34.3,-2.4514,49.4704
300,territory:Roman Empire:367,로마 제국,38.5,-6.2958,49.9651
300,territory:Roman Empire:306,로마 제국,0.0,-4.6944,51.6374
300,territory:Roman Empire:371,로마 제국,1.5,-5.2937,51.7333
300,territory:Roman Empire:371,로마 제국,5.6,-5.3412,51.8667
300,territory:Roman Empire:371,로마 제국,2.8,-4.7907,52.7586
300,territory:Himyarite Kingdom:283,Himyarite Kingdom,22.0,43.4311,12.472
300,territory:Himyarite Kingdom:283,Himyarite Kingdom,37.5,42.944,12.8885
300,territory:Himyarite Kingdom:283,Himyarite Kingdom,3.4,42.9293,12.9342
300,territory:Himyarite Kingdom:283,Himyarite Kingdom,9.1,42.8494,13.028
300,territory:Roman Empire:371,로마 제국,39.2,-4.8168,54.0522
300,territory:Burgundians:224,Burgundians,9.1,15.1923,55.3194
300,territory:Roman Empire:371,로마 제국,7.0,1.4455,38.715
300,territory:Roman Empire:394,로마 제국,3.7,-1.2913,45.96
300,territory:Roman Empire:338,로마 제국,19.1,-2.1105,49.207
300,territory:Roman Empire:308,로마 제국,9.7,-2.5891,49.4647
300,territory:Roman Empire:367,로마 제국,6.1,-6.3488,49.8916
300,territory:Roman Empire:367,로마 제국,3.9,-6.3594,49.9531
300,territory:Roman Empire:371,로마 제국,23.2,-4.4997,54.2485
300,territory:Roman Empire:383,로마 제국,17.9,10.8766,33.7675
300,territory:Roman Empire:378,로마 제국,22.6,11.0408,34.6388
300,territory:Roman Empire:378,로마 제국,7.7,11.1821,34.696
300,territory:Roman Empire:371,로마 제국,6.8,8.2864,39.1752
300,territory:Roman Empire:338,로마 제국,8.2,13.9058,40.7253
300,territory:Roman Empire:338,로마 제국,11.2,17.669,42.7188
300,territory:Roman Empire:338,로마 제국,29.3,16.5142,42.7614
300,territory:Roman Empire:338,로마 제국,16.8,16.8906,42.9485
300,territory:Western Roman Empire:396,서로마 제국,38.6,16.0091,42.9673
300,territory:Western Roman Empire:396,서로마 제국,21.0,15.7446,43.0241
300,territory:Western Roman Empire:396,서로마 제국,12.4,16.158,43.0528
300,territory:Roman Empire:338,로마 제국,10.1,16.5892,43.1935
300,territory:Roman Empire:338,로마 제국,6.4,16.6437,43.3353
300,territory:Roman Empire:394,로마 제국,1.9,15.0066,44.4507
300,territory:Roman Empire:383,로마 제국,7.7,23.5052,37.3388
300,territory:Roman Empire:371,로마 제국,14.3,23.4882,37.7302
300,territory:Roman Empire:371,로마 제국,2.7,23.4951,37.9585
300,territory:Roman Empire:358,로마 제국,28.1,23.6983,39.1437
300,territory:Eastern Roman Empire:397,동로마 제국,30.9,27.3668,36.4102
300,territory:Eastern Roman Empire:397,동로마 제국,15.3,27.8188,36.5828
300,territory:Eastern Roman Empire:397,동로마 제국,21.5,25.3195,36.7477
300,territory:Eastern Roman Empire:397,동로마 제국,6.4,26.9874,36.9875
300,territory:Eastern Roman Empire:397,동로마 제국,10.2,25.2035,37.0798
300,territory:Eastern Roman Empire:397,동로마 제국,34.3,24.4875,37.1635
300,territory:Eastern Roman Empire:397,동로마 제국,15.5,24.4201,37.3575
300,territory:Eastern Roman Empire:397,동로마 제국,15.0,24.9137,37.4057
300,territory:Eastern Roman Empire:397,동로마 제국,10.8,25.3748,37.444
300,territory:Roman Empire:378,로마 제국,25.0,26.8127,37.734
300,territory:Eastern Roman Empire:397,동로마 제국,19.4,25.5698,40.4688
300,territory:Roman Empire:378,로마 제국,18.9,27.6128,40.6268
300,territory:Himyarite Kingdom:283,Himyarite Kingdom,4.1,42.9382,12.8384
300,territory:Himyarite Kingdom:306,Himyarite Kingdom,31.3,42.7478,14.0002
300,territory:Himyarite Kingdom:283,Himyarite Kingdom,14.3,42.587,15.3505
300,territory:Kingdom of Axum:353,Kingdom of Axum,24.4,40.0874,15.715
300,territory:Sasanian Empire:306,사산조 페르시아,2.2,53.8096,24.1797
300,territory:Sasanian Empire:306,사산조 페르시아,6.5,52.6023,24.3268
300,territory:Sasanian Empire:371,사산조 페르시아,2.7,54.2259,24.3362
300,territory:Sasanian Empire:306,사산조 페르시아,18.5,53.3838,24.34
300,territory:Sasanian Empire:367,사산조 페르시아,17.7,53.9823,26.5143
300,territory:Huns:371,훈족,29.5,47.7348,43.9705
300,territory:Huns:396,훈족,34.1,52.6249,45.469
300,territory:Huns:106,훈족,11.9,47.9502,45.5785
300,territory:Huns:373,훈족,25.4,49.7897,46.2885
400,territory:Kingdom of Axum:353,Kingdom of Axum,2.9,40.314,15.0222
400,territory:Kingdom of Axum:353,Kingdom of Axum,3.9,40.2492,15.1515
400,territory:Himyarite Kingdom:378,Himyarite Kingdom,31.2,42.4068,15.7254
400,territory:Sasanian Empire:439,사산조 페르시아,13.3,52.0107,24.2305
400,territory:Sasanian Empire:410,사산조 페르시아,23.7,51.7316,24.5858
400,territory:Sasanian Empire:439,사산조 페르시아,0.1,55.1164,25.1155
400,territory:Sasanian Empire:402,사산조 페르시아,0.0,55.1746,25.1928
400,territory:Sasanian Empire:402,사산조 페르시아,0.2,55.1725,25.1946
400,territory:Sasanian Empire:402,사산조 페르시아,1.5,55.1568,25.1952
400,territory:Sasanian Empire:490,사산조 페르시아,0.1,55.1751,25.1951
400,territory:Sasanian Empire:402,사산조 페르시아,0.2,55.1597,25.1959
400,territory:Sasanian Empire:402,사산조 페르시아,0.3,55.1527,25.1958
400,territory:Sasanian Empire:402,사산조 페르시아,0.2,55.1695,25.1958
400,territory:Sasanian Empire:490,사산조 페르시아,0.1,55.1756,25.1965
400,territory:Sasanian Empire:402,사산조 페르시아,0.2,55.1492,25.1969
400,territory:Sasanian Empire:402,사산조 페르시아,0.2,55.1669,25.1969
400,territory:Sasanian Empire:490,사산조 페르시아,0.2,55.1729,25.1979
400,territory:Sasanian Empire:402,사산조 페르시아,0.2,55.1537,25.1977
400,territory:Sasanian Empire:402,사산조 페르시아,0.1,55.1507,25.1985
400,territory:Sasanian Empire:402,사산조 페르시아,0.2,55.1561,25.1985
400,territory:Sasanian Empire:402,사산조 페르시아,0.2,55.1693,25.1988
400,territory:Sasanian Empire:402,사산조 페르시아,0.2,55.1466,25.1998
400,territory:Sasanian Empire:490,사산조 페르시아,0.2,55.1718,25.2
400,territory:Sasanian Empire:490,사산조 페르시아,0.1,55.1751,25.199
400,territory:Sasanian Empire:402,사산조 페르시아,0.2,55.1495,25.2
400,territory:Sasanian Empire:402,사산조 페르시아,0.2,55.1656,25.1998
400,territory:Sasanian Empire:402,사산조 페르시아,0.2,55.1525,25.2005
400,territory:Sasanian Empire:402,사산조 페르시아,0.2,55.1635,25.2009
400,territory:Sasanian Empire:402,사산조 페르시아,0.2,55.1679,25.201
400,territory:Sasanian Empire:402,사산조 페르시아,0.2,55.1558,25.2011
400,territory:Sasanian Empire:402,사산조 페르시아,0.1,55.1479,25.2015
400,territory:Sasanian Empire:402,사산조 페르시아,0.1,55.1656,25.2022
400,territory:Sasanian Empire:490,사산조 페르시아,0.2,55.1709,25.2019
400,territory:Sasanian Empire:402,사산조 페르시아,0.2,55.1505,25.2029
400,territory:Sasanian Empire:490,사산조 페르시아,0.1,55.1734,25.2023
400,territory:Sasanian Empire:402,사산조 페르시아,0.2,55.1527,25.2031
400,territory:Sasanian Empire:402,사산조 페르시아,0.2,55.1584,25.2028
400,territory:Sasanian Empire:402,사산조 페르시아,0.1,55.1548,25.2038
400,territory:Sasanian Empire:402,사산조 페르시아,0.2,55.1466,25.2041
400,territory:Sasanian Empire:402,사산조 페르시아,0.1,55.1492,25.2039
400,territory:Sasanian Empire:402,사산조 페르시아,0.1,55.1583,25.2055
400,territory:Sasanian Empire:402,사산조 페르시아,0.2,55.1556,25.2056
400,territory:Sasanian Empire:402,사산조 페르시아,0.2,55.1464,25.2067
400,territory:Sasanian Empire:402,사산조 페르시아,0.2,55.1534,25.2067
400,territory:Sasanian Empire:402,사산조 페르시아,0.2,55.1497,25.2069
400,territory:Sasanian Empire:402,사산조 페르시아,0.2,55.1592,25.2076
400,territory:Sasanian Empire:490,사산조 페르시아,0.4,55.1751,25.2073
400,territory:Sasanian Empire:402,사산조 페르시아,0.2,55.1566,25.2082
400,territory:Sasanian Empire:490,사산조 페르시아,0.1,55.1831,25.2079
400,territory:Sasanian Empire:402,사산조 페르시아,0.2,55.1517,25.2088
400,territory:Sasanian Empire:490,사산조 페르시아,0.2,55.1802,25.209
400,territory:Sasanian Empire:402,사산조 페르시아,0.1,55.1456,25.2087
400,territory:Sasanian Empire:490,사산조 페르시아,0.2,55.1734,25.2093
400,territory:Sasanian Empire:490,사산조 페르시아,0.2,55.1771,25.2092
400,territory:Sasanian Empire:402,사산조 페르시아,0.1,55.1517,25.2104
400,territory:Sasanian Empire:402,사산조 페르시아,0.2,55.1486,25.2104
400,territory:Sasanian Empire:490,사산조 페르시아,0.1,55.1848,25.2108
400,territory:Sasanian Empire:402,사산조 페르시아,0.1,55.1461,25.2111
400,territory:Sasanian Empire:490,사산조 페르시아,0.2,55.1705,25.2103
400,territory:Sasanian Empire:490,사산조 페르시아,0.1,55.1826,25.2113
400,territory:Sasanian Empire:490,사산조 페르시아,0.2,55.175,25.2114
400,territory:Sasanian Empire:490,사산조 페르시아,0.1,55.1807,25.2126
400,territory:Sasanian Empire:490,사산조 페르시아,0.2,55.1846,25.2131
400,territory:Sasanian Empire:490,사산조 페르시아,0.2,55.172,25.2132
400,territory:Sasanian Empire:490,사산조 페르시아,0.2,55.1778,25.2132
400,territory:Sasanian Empire:402,사산조 페르시아,0.5,55.1567,25.2135
400,territory:Sasanian Empire:402,사산조 페르시아,0.2,55.154,25.214
400,territory:Sasanian Empire:490,사산조 페르시아,0.3,55.1681,25.214
400,territory:Sasanian Empire:490,사산조 페르시아,0.1,55.1757,25.2145
400,territory:Sasanian Empire:490,사산조 페르시아,0.1,55.1815,25.2144
400,territory:Sasanian Empire:402,사산조 페르시아,0.3,55.1461,25.2149
400,territory:Sasanian Empire:490,사산조 페르시아,0.1,55.1831,25.2151
400,territory:Sasanian Empire:490,사산조 페르시아,0.1,55.1781,25.2154
400,territory:Sasanian Empire:402,사산조 페르시아,0.2,55.151,25.2155
400,territory:Sasanian Empire:490,사산조 페르시아,0.4,55.1637,25.2158
400,territory:Sasanian Empire:402,사산조 페르시아,0.1,55.1445,25.2156
400,territory:Sasanian Empire:402,사산조 페르시아,0.1,55.1519,25.2164
400,territory:Sasanian Empire:402,사산조 페르시아,0.2,55.1555,25.2166
400,territory:Sasanian Empire:490,사산조 페르시아,0.1,55.1813,25.2168
400,territory:Sasanian Empire:402,사산조 페르시아,0.2,55.1487,25.2162
400,territory:Sasanian Empire:490,사산조 페르시아,0.1,55.1753,25.2167
400,territory:Sasanian Empire:490,사산조 페르시아,0.2,55.1681,25.2169
400,territory:Sasanian Empire:490,사산조 페르시아,0.1,55.1705,25.2163
400,territory:Sasanian Empire:490,사산조 페르시아,0.1,55.1771,25.2166
400,territory:Sasanian Empire:402,사산조 페르시아,0.1,55.1533,25.2173
400,territory:Sasanian Empire:490,사산조 페르시아,0.1,55.1646,25.2174
400,territory:Sasanian Empire:490,사산조 페르시아,0.1,55.1721,25.2177
400,territory:Sasanian Empire:402,사산조 페르시아,0.1,55.146,25.2177
400,territory:Sasanian Empire:490,사산조 페르시아,0.2,55.1838,25.2181
400,territory:Sasanian Empire:490,사산조 페르시아,0.2,55.1881,25.2185
400,territory:Sasanian Empire:490,사산조 페르시아,0.1,55.1708,25.2184
400,territory:Sasanian Empire:402,사산조 페르시아,0.1,55.1497,25.2188
400,territory:Sasanian Empire:490,사산조 페르시아,0.1,55.1676,25.2182
400,territory:Sasanian Empire:402,사산조 페르시아,0.5,55.1399,25.2059
400,territory:Sasanian Empire:402,사산조 페르시아,0.1,55.1523,25.2189
400,territory:Sasanian Empire:402,사산조 페르시아,0.2,55.1555,25.2192
400,territory:Sasanian Empire:490,사산조 페르시아,0.0,55.1902,25.2191
400,territory:Sasanian Empire:490,사산조 페르시아,0.3,55.1795,25.2197
400,territory:Sasanian Empire:490,사산조 페르시아,0.1,55.1696,25.2193
400,territory:Sasanian Empire:490,사산조 페르시아,0.2,55.1762,25.2198
400,territory:Sasanian Empire:490,사산조 페르시아,0.1,55.1886,25.22
400,territory:Sasanian Empire:490,사산조 페르시아,0.2,55.1819,25.2196
400,territory:Sasanian Empire:490,사산조 페르시아,0.1,55.1779,25.2198
400,territory:Sasanian Empire:490,사산조 페르시아,0.1,55.1747,25.22
400,territory:Sasanian Empire:402,사산조 페르시아,0.1,55.1509,25.2203
400,territory:Sasanian Empire:402,사산조 페르시아,0.2,55.1468,25.2204
400,territory:Sasanian Empire:490,사산조 페르시아,0.2,55.1665,25.221
400,territory:Sasanian Empire:402,사산조 페르시아,0.1,55.1455,25.2209
400,territory:Sasanian Empire:402,사산조 페르시아,0.1,55.1484,25.2212
400,territory:Sasanian Empire:402,사산조 페르시아,0.1,55.1439,25.2214
400,territory:Sasanian Empire:490,사산조 페르시아,0.2,55.1686,25.2215
400,territory:Sasanian Empire:490,사산조 페르시아,0.2,55.172,25.221
400,territory:Sasanian Empire:490,사산조 페르시아,0.1,55.1769,25.2218
400,territory:Sasanian Empire:490,사산조 페르시아,0.1,55.1746,25.2221
400,territory:Sasanian Empire:490,사산조 페르시아,0.2,55.1813,25.2219
400,territory:Sasanian Empire:402,사산조 페르시아,0.2,55.1529,25.2217
400,territory:Sasanian Empire:490,사산조 페르시아,0.2,55.1695,25.2237
400,territory:Sasanian Empire:402,사산조 페르시아,0.1,55.1495,25.2234
400,territory:Sasanian Empire:490,사산조 페르시아,0.4,55.1628,25.2231
400,territory:Sasanian Empire:490,사산조 페르시아,0.1,55.1733,25.2237
400,territory:Sasanian Empire:490,사산조 페르시아,0.3,55.1876,25.2237
400,territory:Sasanian Empire:402,사산조 페르시아,0.1,55.1469,25.2246
400,territory:Sasanian Empire:490,사산조 페르시아,0.2,55.1781,25.2242
400,territory:Sasanian Empire:490,사산조 페르시아,0.2,55.1918,25.225
400,territory:Sasanian Empire:402,사산조 페르시아,0.2,55.1432,25.2245
400,territory:Sasanian Empire:490,사산조 페르시아,0.2,55.1754,25.2252
400,territory:Sasanian Empire:490,사산조 페르시아,0.2,55.184,25.2242
400,territory:Sasanian Empire:490,사산조 페르시아,0.1,55.1814,25.225
400,territory:Sasanian Empire:490,사산조 페르시아,0.2,55.1894,25.2257
400,territory:Sasanian Empire:490,사산조 페르시아,0.1,55.1853,25.2255
400,territory:Sasanian Empire:490,사산조 페르시아,0.1,55.1708,25.2254
400,territory:Sasanian Empire:490,사산조 페르시아,0.3,55.1651,25.2266
400,territory:Sasanian Empire:402,사산조 페르시아,0.2,55.1485,25.2265
400,territory:Sasanian Empire:490,사산조 페르시아,0.2,55.1661,25.2248
400,territory:Sasanian Empire:490,사산조 페르시아,0.2,55.1778,25.2271
400,territory:Sasanian Empire:490,사산조 페르시아,0.1,55.189,25.2273
400,territory:Sasanian Empire:490,사산조 페르시아,0.2,55.1623,25.227
400,territory:Sasanian Empire:490,사산조 페르시아,0.2,55.1729,25.2269
400,territory:Sasanian Empire:490,사산조 페르시아,0.1,55.1801,25.2273
400,territory:Sasanian Empire:490,사산조 페르시아,0.1,55.175,25.2274
400,territory:Sasanian Empire:490,사산조 페르시아,0.2,55.1831,25.228
400,territory:Sasanian Empire:490,사산조 페르시아,0.2,55.1864,25.2283
400,territory:Sasanian Empire:490,사산조 페르시아,0.2,55.1698,25.2291
400,territory:Sasanian Empire:490,사산조 페르시아,0.1,55.1808,25.2292
400,territory:Sasanian Empire:490,사산조 페르시아,0.2,55.1732,25.2296
400,territory:Sasanian Empire:490,사산조 페르시아,0.2,55.1869,25.2305
400,territory:Sasanian Empire:490,사산조 페르시아,0.3,55.1773,25.2302
400,territory:Sasanian Empire:490,사산조 페르시아,0.2,55.1841,25.2305
400,territory:Sasanian Empire:490,사산조 페르시아,0.1,55.1713,25.2306
400,territory:Sasanian Empire:490,사산조 페르시아,0.1,55.1807,25.2309
400,territory:Sasanian Empire:490,사산조 페르시아,0.2,55.1896,25.2308
400,territory:Sasanian Empire:490,사산조 페르시아,0.2,55.1673,25.2298
400,territory:Sasanian Empire:490,사산조 페르시아,0.2,55.1647,25.2317
400,territory:Sasanian Empire:490,사산조 페르시아,0.1,55.1874,25.2321
400,territory:Sasanian Empire:490,사산조 페르시아,0.2,55.1742,25.232
400,territory:Sasanian Empire:490,사산조 페르시아,0.1,55.19,25.2326
400,territory:Sasanian Empire:490,사산조 페르시아,0.1,55.1875,25.2335
400,territory:Sasanian Empire:490,사산조 페르시아,0.2,55.1822,25.2333
400,territory:Sasanian Empire:490,사산조 페르시아,0.1,55.191,25.2341
400,territory:Sasanian Empire:490,사산조 페르시아,0.1,55.1761,25.2337
400,territory:Sasanian Empire:490,사산조 페르시아,0.2,55.1711,25.234
400,territory:Sasanian Empire:490,사산조 페르시아,0.2,55.1843,25.234
400,territory:Sasanian Empire:490,사산조 페르시아,0.1,55.1791,25.2352
400,territory:Sasanian Empire:490,사산조 페르시아,0.2,55.1689,25.2348
400,territory:Sasanian Empire:490,사산조 페르시아,0.3,55.1631,25.2345
400,territory:Sasanian Empire:490,사산조 페르시아,0.2,55.186,25.2361
400,territory:Sasanian Empire:490,사산조 페르시아,0.1,55.1825,25.2362
400,territory:Sasanian Empire:490,사산조 페르시아,0.3,55.176,25.237
400,territory:Sasanian Empire:490,사산조 페르시아,0.1,55.1787,25.2374
400,territory:Sasanian Empire:490,사산조 페르시아,0.2,55.1732,25.2374
400,territory:Sasanian Empire:490,사산조 페르시아,0.2,55.1692,25.2379
400,territory:Sasanian Empire:490,사산조 페르시아,0.1,55.1752,25.2391
400,territory:Sasanian Empire:490,사산조 페르시아,0.2,55.1798,25.2393
400,territory:Sasanian Empire:490,사산조 페르시아,0.2,55.1842,25.239
400,territory:Sasanian Empire:490,사산조 페르시아,0.2,55.1775,25.24
400,territory:Sasanian Empire:490,사산조 페르시아,0.3,55.1896,25.2388
400,territory:Sasanian Empire:490,사산조 페르시아,0.3,55.1658,25.2391
400,territory:Sasanian Empire:490,사산조 페르시아,0.1,55.1806,25.2406
400,territory:Sasanian Empire:490,사산조 페르시아,0.2,55.1863,25.2413
400,territory:Sasanian Empire:490,사산조 페르시아,0.5,55.1979,25.2404
400,territory:Sasanian Empire:490,사산조 페르시아,0.2,55.1678,25.2418
400,territory:Sasanian Empire:490,사산조 페르시아,0.1,55.1816,25.2419
400,territory:Sasanian Empire:490,사산조 페르시아,0.3,55.1722,25.241
400,territory:Sasanian Empire:490,사산조 페르시아,0.2,55.1783,25.2422
400,territory:Sasanian Empire:490,사산조 페르시아,0.1,55.187,25.2426
400,territory:Sasanian Empire:490,사산조 페르시아,0.2,55.1837,25.243
400,territory:Sasanian Empire:490,사산조 페르시아,0.2,55.175,25.2424
400,territory:Sasanian Empire:490,사산조 페르시아,0.1,55.1735,25.244
400,territory:Sasanian Empire:490,사산조 페르시아,0.1,55.1792,25.2442
400,territory:Sasanian Empire:490,사산조 페르시아,0.1,55.1862,25.2444
400,territory:Sasanian Empire:402,사산조 페르시아,0.6,55.1319,25.2177
400,territory:Sasanian Empire:490,사산조 페르시아,0.3,55.1825,25.2471
400,territory:Sasanian Empire:490,사산조 페르시아,0.3,55.1747,25.2486
400,territory:Sasanian Empire:402,사산조 페르시아,1.1,55.1571,25.25
400,territory:Sasanian Empire:410,사산조 페르시아,23.4,55.3051,26.269
400,territory:Eastern Roman Empire:451,동로마 제국,14.2,25.7058,34.8736
400,territory:Eastern Roman Empire:451,동로마 제국,11.1,26.1363,34.9346
400,territory:Vandal Kingdom:439,반달 왕국,8.2,-2.4427,35.178
400,territory:Vandal Kingdom:439,반달 왕국,1.6,-2.4216,35.1796
400,territory:Vandal Kingdom:439,반달 왕국,0.7,-2.4313,35.1837
400,territory:Vandal Kingdom:443,반달 왕국,0.7,-3.9025,35.2154
400,territory:Vandal Kingdom:443,반달 왕국,0.2,-3.9006,35.2175
400,territory:Eastern Roman Empire:451,동로마 제국,9.8,25.2147,35.4461
400,territory:Vandal Kingdom:439,반달 왕국,4.9,-5.4186,35.9126
400,territory:Eastern Roman Empire:439,동로마 제국,6.1,29.6571,36.1342
400,territory:Eastern Roman Empire:451,동로마 제국,6.6,29.7467,36.1286
400,territory:Eastern Roman Empire:469,동로마 제국,4.0,29.4966,36.157
400,territory:Eastern Roman Empire:439,동로마 제국,5.3,29.5849,36.143
400,territory:Eastern Roman Empire:443,동로마 제국,6.8,33.7804,36.1762
400,territory:Eastern Roman Empire:451,동로마 제국,1.7,29.8792,36.1835
400,territory:Eastern Roman Empire:451,동로마 제국,4.5,22.9586,36.4866
400,territory:Eastern Roman Empire:451,동로마 제국,4.7,28.1257,36.5989
400,territory:Eastern Roman Empire:469,동로마 제국,4.8,28.9183,36.6684
400,territory:Eastern Roman Empire:451,동로마 제국,1.6,27.1401,36.9429
400,territory:Eastern Roman Empire:402,동로마 제국,18.7,27.4647,36.9758
400,territory:Eastern Roman Empire:451,동로마 제국,9.3,27.0912,37.0593
400,territory:Eastern Roman Empire:451,동로마 제국,12.1,21.5492,37.0489
400,territory:Western Roman Empire:439,서로마 제국,11.8,10.8032,37.1291
400,territory:Eastern Roman Empire:402,동로마 제국,13.2,27.0892,37.2864
400,territory:Eastern Roman Empire:402,동로마 제국,28.8,26.757,37.3005
400,territory:Eastern Roman Empire:402,동로마 제국,5.3,26.7337,37.387
400,territory:Eastern Roman Empire:402,동로마 제국,17.3,26.9735,37.4605
400,territory:Eastern Roman Empire:451,동로마 제국,26.6,23.9273,37.4756
400,territory:Western Roman Empire:410,서로마 제국,35.1,8.9372,37.5288
400,territory:Eastern Roman Empire:402,동로마 제국,0.2,27.1646,37.5786
400,territory:Eastern Roman Empire:451,동로마 제국,9.9,26.4286,37.5831
400,territory:Eastern Roman Empire:451,동로마 제국,4.9,26.5115,37.5906
400,territory:Eastern Roman Empire:451,동로마 제국,14.3,23.948,37.6486
400,territory:Eastern Roman Empire:451,동로마 제국,7.9,24.1228,37.7016
400,territory:Eastern Roman Empire:402,동로마 제국,10.8,23.7592,37.769
400,territory:Visigoths:397,서고트족,19.1,24.2583,38.0038
400,territory:Eastern Roman Empire:407,동로마 제국,4.0,26.3417,38.4391
400,territory:Eastern Roman Empire:451,동로마 제국,5.0,26.2841,38.5035
400,territory:Eastern Roman Empire:451,동로마 제국,0.2,26.2288,38.5215
400,territory:Eastern Roman Empire:451,동로마 제국,11.4,26.7121,38.5036
400,territory:Eastern Roman Empire:451,동로마 제국,26.9,25.5105,38.541
400,territory:Eastern Roman Empire:451,동로마 제국,2.1,24.358,38.8379
400,territory:Eastern Roman Empire:451,동로마 제국,22.2,24.1084,39.0785
400,territory:Eastern Roman Empire:490,동로마 제국,19.3,20.2293,39.1444
400,territory:Eastern Roman Empire:451,동로마 제국,27.6,24.322,39.3498
400,territory:Kingdom of the Suebi:439,Kingdom of the Suebi,7.8,-9.5086,39.4157
400,territory:Eastern Roman Empire:451,동로마 제국,13.2,24.1686,39.3946
400,territory:Eastern Roman Empire:451,동로마 제국,18.9,19.5232,39.7704
400,territory:Eastern Roman Empire:451,동로마 제국,11.3,19.3991,39.85
400,territory:Eastern Roman Empire:451,동로마 제국,10.4,19.5814,39.8853
400,territory:Eastern Roman Empire:459,동로마 제국,9.6,23.9066,40.3248
400,territory:Eastern Roman Empire:407,동로마 제국,8.4,19.2804,40.4934
400,territory:Western Roman Empire:458,서로마 제국,20.0,14.2279,40.5502
400,territory:Eastern Roman Empire:451,동로마 제국,13.0,28.5278,40.5314
400,territory:Vandal Kingdom:458,반달 왕국,11.7,14.0141,40.7542
400,territory:Eastern Roman Empire:441,동로마 제국,3.4,29.1137,40.8508
400,territory:Western Roman Empire:462,서로마 제국,34.3,12.9551,40.9106
400,territory:Western Roman Empire:462,서로마 제국,7.9,12.8559,40.9364
400,territory:Western Roman Empire:462,서로마 제국,6.3,13.0567,40.9706
400,territory:Western Roman Empire:439,서로마 제국,0.1,9.3416,41.2427
400,territory:Western Roman Empire:439,서로마 제국,2.6,9.3419,41.2833
400,territory:Western Roman Empire:439,서로마 제국,1.9,9.3712,41.299
400,territory:Western Roman Empire:439,서로마 제국,1.3,9.3411,41.3022
400,territory:Western Roman Empire:439,서로마 제국,2.7,9.2528,41.3366
400,territory:Western Roman Empire:439,서로마 제국,1.0,9.2576,41.367
400,territory:Western Roman Empire:439,서로마 제국,15.1,15.4859,42.1105
400,territory:Western Roman Empire:407,서로마 제국,20.0,11.0983,42.2489
400,territory:Kingdom of Soissons:476,수아송 왕국,6.1,17.8807,42.7268
400,territory:Western Roman Empire:414,서로마 제국,11.6,6.46,43.03
400,territory:Western Roman Empire:458,서로마 제국,20.6,16.6998,43.0909
400,territory:Ostrogoths:490,동고트족,36.3,9.9059,43.4392
400,territory:Western Roman Empire:396,서로마 제국,4.3,16.1436,43.4401
400,territory:Visigothic Kingdom:490,서고트 왕국,3.3,7.0471,43.5205
400,territory:Western Roman Empire:414,서로마 제국,4.7,15.8502,43.6851
400,territory:Western Roman Empire:439,서로마 제국,7.5,15.7006,43.6957
400,territory:Western Roman Empire:396,서로마 제국,4.8,15.6076,43.8011
400,territory:Western Roman Empire:458,서로마 제국,7.8,15.1114,44.0403
400,territory:Western Roman Empire:451,서로마 제국,6.4,15.0669,44.3058
400,territory:Western Roman Empire:439,서로마 제국,19.3,14.6928,44.3826
400,territory:Western Roman Empire:402,서로마 제국,7.5,14.9181,44.4305
400,territory:Huns:397,훈족,33.6,47.4991,44.4544
400,territory:Western Roman Empire:439,서로마 제국,3.3,14.2998,44.5093
400,territory:Western Roman Empire:458,서로마 제국,1.4,13.7642,44.9064
400,territory:Western Roman Empire:439,서로마 제국,5.9,14.7948,44.9131
400,territory:Western Roman Empire:439,서로마 제국,4.1,14.5204,44.9729
400,territory:Western Roman Empire:402,서로마 제국,3.6,12.4021,45.4588
400,territory:Hunnic Empire:443,훈 제국,18.0,48.5803,45.714
400,territory:Huns:397,훈족,19.7,52.9954,46.4123
400,territory:Western Roman Empire:407,서로마 제국,10.2,-1.8312,48.8713
400,territory:Western Roman Empire:441,서로마 제국,34.3,-2.4514,49.4704
400,territory:Brythons:439,Brythons,1.5,-5.2937,51.7333
400,territory:Brythons:462,Brythons,5.6,-5.3412,51.8667
400,territory:Brythons:455,Brythons,2.5,-4.7907,52.7586
400,territory:Norse:490,Norse,37.5,11.6462,57.7039
400,territory:Norse:490,Norse,8.6,11.6046,57.8729
400,territory:Norse:490,Norse,30.6,17.4723,58.7121
400,territory:Norse:490,Norse,0.9,17.458,58.7382
400,territory:Norse:490,Norse,21.2,17.8633,58.7523
400,territory:Norse:490,Norse,8.9,17.6333,58.8252
400,territory:Norse:490,Norse,2.6,17.7137,58.846
400,territory:Norse:490,Norse,15.9,18.1206,58.8744
400,territory:Norse:490,Norse,4.4,17.8359,58.8469
400,territory:Norse:490,Norse,4.9,11.024,58.8902
400,territory:Norse:490,Norse,2.8,18.1769,58.9225
400,territory:Norse:490,Norse,6.6,18.0183,58.9538
400,territory:Norse:490,Norse,6.3,18.1634,59.048
400,territory:Norse:490,Norse,18.7,18.5239,59.0442
400,territory:Norse:490,Norse,4.9,10.942,59.0557
400,territory:Norse:490,Norse,3.8,18.6039,59.0926
400,territory:Norse:490,Norse,6.8,18.7421,59.1029
400,territory:Norse:490,Norse,7.0,10.4284,59.09
400,territory:Norse:490,Norse,2.0,18.5849,59.1282
400,territory:Norse:490,Norse,4.0,18.646,59.1804
400,territory:Norse:490,Norse,6.0,10.5501,59.2144
400,territory:Norse:490,Norse,10.0,18.4195,59.2161
400,territory:Norse:490,Norse,3.4,18.6035,59.2298
400,territory:Norse:490,Norse,13.0,18.9162,59.2823
400,territory:Norse:490,Norse,1.7,18.8758,59.3068
400,territory:Norse:490,Norse,1.5,18.8871,59.3387
400,territory:Norse:490,Norse,1.1,10.5262,59.3817
400,territory:Norse:490,Norse,10.6,18.3769,59.4062
400,territory:Norse:490,Norse,6.7,19.0195,59.4171
400,territory:Norse:490,Norse,3.5,18.9549,59.4085
400,territory:Norse:490,Norse,2.0,18.3288,59.4296
400,territory:Norse:490,Norse,11.0,19.2156,59.4382
400,territory:Norse:490,Norse,12.1,18.6869,59.4508
400,territory:Norse:490,Norse,2.6,18.7794,59.4736
400,territory:Norse:490,Norse,3.8,19.1665,59.4974
400,territory:Norse:490,Norse,7.6,19.0477,59.5703
400,territory:Norse:490,Norse,4.8,19.1661,59.592
400,territory:Norse:490,Norse,3.7,19.2459,59.6048
400,territory:Norse:490,Norse,3.7,19.0363,59.6447
400,territory:Norse:490,Norse,3.6,19.1388,59.656
400,territory:Norse:490,Norse,1.8,19.1871,59.6649
400,territory:Norse:490,Norse,0.9,19.1625,59.6757
400,territory:Norse:490,Norse,8.4,18.8733,59.6667
400,territory:Norse:490,Norse,9.9,19.4044,59.7065
400,territory:Norse:490,Norse,4.5,19.13,59.7496
400,territory:Norse:490,Norse,2.2,19.179,59.7759
400,territory:Norse:490,Norse,1.9,19.0911,59.7844
400,territory:Norse:490,Norse,3.2,19.1182,59.8457
400,territory:Norse:490,Norse,21.4,19.3377,60.195
400,territory:Norse:490,Norse,32.5,18.5973,60.2017
400,territory:Norse:490,Norse,2.2,18.523,60.2083
400,territory:Norse:490,Norse,3.8,18.6169,60.277
400,territory:Norse:490,Norse,17.0,18.3856,60.5226
400,territory:Norse:490,Norse,38.8,17.3274,60.7961
400,territory:Norse:490,Norse,13.3,17.2329,61.0412
400,territory:Norse:490,Norse,6.8,17.315,61.1557
400,territory:Norse:490,Norse,20.7,17.422,61.5487
400,territory:Norse:490,Norse,4.4,17.2797,61.5634
400,territory:Norse:490,Norse,10.2,17.5391,61.7234
400,territory:Himyarite Kingdom:378,Himyarite Kingdom,22.0,43.4311,12.472
400,territory:Himyarite Kingdom:378,Himyarite Kingdom,37.5,42.944,12.8885
400,territory:Himyarite Kingdom:378,Himyarite Kingdom,3.4,42.9293,12.9342
400,territory:Himyarite Kingdom:378,Himyarite Kingdom,9.1,42.8494,13.028
400,territory:Ripuarian Franks:469,리푸아리아 프랑크,22.0,6.5831,53.5406
400,territory:Saxons:455,Saxons,37.7,6.8907,53.6379
400,territory:Brythons:439,Brythons,39.3,-4.8168,54.0522
400,territory:Saxons:469,Saxons,9.2,8.6745,54.0609
400,territory:Lombards:490,Lombards,6.5,12.7593,55.6433
400,territory:Norse:490,Norse,8.7,10.3102,55.765
400,territory:Lombards:490,Lombards,33.1,14.8439,56.0098
400,territory:Lombards:490,Lombards,9.6,14.9697,56.1178
400,territory:Lombards:490,Lombards,29.9,15.4618,56.1105
400,territory:Lombards:490,Lombards,3.2,15.5391,56.113
400,territory:Lombards:490,Lombards,3.1,15.6148,56.1148
400,territory:Vandal Kingdom:443,반달 왕국,7.0,1.4455,38.715
400,territory:Visigothic Kingdom:458,서고트 왕국,3.6,-1.2913,45.96
400,territory:Western Roman Empire:396,서로마 제국,19.1,-2.1105,49.207
400,territory:Western Roman Empire:441,서로마 제국,9.7,-2.5891,49.4647
400,territory:Ripuarian Franks:455,리푸아리아 프랑크,27.5,4.8118,53.0827
400,territory:Brythons:439,Brythons,23.2,-4.4997,54.2485
400,territory:Brythons:451,Brythons,17.8,-5.2354,55.5703
400,territory:Brythons:455,Brythons,4.5,-5.0842,55.8238
400,territory:Brythons:451,Brythons,38.7,-5.9046,55.9802
400,territory:Brythons:451,Brythons,22.4,-5.9219,56.4548
400,territory:Western Roman Empire:410,서로마 제국,17.9,10.8766,33.7675
400,territory:Western Roman Empire:439,서로마 제국,22.6,11.0408,34.6388
400,territory:Western Roman Empire:439,서로마 제국,7.7,11.1821,34.696
400,territory:Western Roman Empire:439,서로마 제국,6.8,8.2864,39.1752
400,territory:Vandal Kingdom:458,반달 왕국,8.2,13.9058,40.7253
400,territory:Ripuarian Franks:451,리푸아리아 프랑크,28.4,5.348,53.4098
400,territory:Saxons:455,Saxons,25.2,11.1345,54.4735
400,territory:Norse:490,Norse,11.2,8.5003,54.7218
400,territory:Saxons:455,Saxons,23.9,11.4186,54.814
400,territory:Norse:490,Norse,9.7,10.3929,54.8778
400,territory:Norse:490,Norse,8.7,10.7667,54.9087
400,territory:Norse:490,Norse,10.7,8.3454,54.9198
400,territory:Lombards:490,Lombards,32.5,12.3556,54.9873
400,territory:Lombards:490,Lombards,37.1,11.5369,54.9661
400,territory:Norse:490,Norse,9.1,9.9082,54.9462
400,territory:Lombards:490,Lombards,8.3,12.6039,55.6535
400,territory:Norse:490,Norse,11.5,10.584,55.8272
400,territory:Norse:490,Norse,5.5,11.7572,57.6425
400,territory:Norse:490,Norse,4.5,11.6058,57.976
400,territory:Norse:490,Norse,8.2,11.656,58.1958
400,territory:Western Roman Empire:458,서로마 제국,29.3,16.5142,42.7614
400,territory:Western Roman Empire:458,서로마 제국,16.8,16.8906,42.9485
400,territory:Western Roman Empire:396,서로마 제국,38.6,16.0091,42.9673
400,territory:Western Roman Empire:396,서로마 제국,21.0,15.7446,43.0241
400,territory:Western Roman Empire:396,서로마 제국,12.4,16.158,43.0528
400,territory:Western Roman Empire:458,서로마 제국,10.1,16.5892,43.1935
400,territory:Western Roman Empire:439,서로마 제국,6.4,16.6437,43.3353
400,territory:Western Roman Empire:402,서로마 제국,1.9,15.0066,44.4507
400,territory:Lombards:490,Lombards,37.7,14.8672,55.1792
400,territory:Lombards:490,Lombards,12.0,15.1923,55.3194
400,territory:Lombards:490,Lombards,11.1,15.791,56.0247
400,territory:Lombards:490,Lombards,3.5,15.399,56.1522
400,territory:Norse:490,Norse,36.6,17.0189,58.2592
400,territory:Norse:490,Norse,9.8,16.9621,58.4248
400,territory:Norse:490,Norse,3.5,16.9741,58.4938
400,territory:Norse:490,Norse,2.2,16.9203,58.5145
400,territory:Norse:490,Norse,4.5,18.5837,59.4947
400,territory:Norse:490,Norse,2.4,19.1014,57.9155
400,territory:Eastern Roman Empire:451,동로마 제국,7.7,23.5052,37.3388
400,territory:Eastern Roman Empire:451,동로마 제국,14.3,23.4882,37.7302
400,territory:Eastern Roman Empire:451,동로마 제국,2.7,23.4951,37.9585
400,territory:Eastern Roman Empire:402,동로마 제국,29.1,23.6983,39.1437
400,territory:Eastern Roman Empire:451,동로마 제국,30.9,27.3668,36.4102
400,territory:Eastern Roman Empire:451,동로마 제국,15.3,27.8188,36.5828
400,territory:Eastern Roman Empire:451,동로마 제국,21.5,25.3195,36.7477
400,territory:Eastern Roman Empire:451,동로마 제국,6.4,26.9874,36.9875
400,territory:Eastern Roman Empire:451,동로마 제국,10.2,25.2035,37.0798
400,territory:Eastern Roman Empire:451,동로마 제국,34.3,24.4875,37.1635
400,territory:Eastern Roman Empire:451,동로마 제국,15.5,24.4201,37.3575
400,territory:Eastern Roman Empire:451,동로마 제국,15.0,24.9137,37.4057
400,territory:Eastern Roman Empire:451,동로마 제국,10.8,25.3748,37.444
400,territory:Eastern Roman Empire:402,동로마 제국,25.0,26.8127,37.734
400,territory:Eastern Roman Empire:451,동로마 제국,19.4,25.5698,40.4688
400,territory:Eastern Roman Empire:402,동로마 제국,18.9,27.6128,40.6268
400,territory:Himyarite Kingdom:378,Himyarite Kingdom,4.1,42.9382,12.8384
400,territory:Himyarite Kingdom:378,Himyarite Kingdom,31.3,42.7478,14.0002
400,territory:Himyarite Kingdom:378,Himyarite Kingdom,14.3,42.587,15.3505
400,territory:Kingdom of Axum:353,Kingdom of Axum,24.4,40.0874,15.715
400,territory:Sasanian Empire:410,사산조 페르시아,2.2,53.8096,24.1797
400,territory:Sasanian Empire:490,사산조 페르시아,6.5,52.6023,24.3268
400,territory:Sasanian Empire:439,사산조 페르시아,2.7,54.2259,24.3362
400,territory:Sasanian Empire:402,사산조 페르시아,18.5,53.3838,24.34
400,territory:Sasanian Empire:410,사산조 페르시아,17.7,53.9823,26.5143
400,territory:Hunnic Empire:451,훈 제국,27.7,47.7348,43.9705
400,territory:Hunnic Empire:443,훈 제국,34.1,52.6249,45.469
400,territory:Hunnic Empire:452,훈 제국,12.7,47.9502,45.5785
400,territory:Hunnic Empire:426,훈 제국,25.4,49.7897,46.2885
500,territory:Kingdom of Axum:353,Kingdom of Axum,2.9,40.314,15.0222
500,territory:Kingdom of Axum:353,Kingdom of Axum,3.9,40.2492,15.1515
500,territory:Kingdom of Axum:534,Kingdom of Axum,31.2,42.4068,15.7254
500,territory:Sasanian Empire:523,사산조 페르시아,13.3,52.0107,24.2305
500,territory:Sasanian Empire:523,사산조 페르시아,23.7,51.7316,24.5858
500,territory:Sasanian Empire:577,사산조 페르시아,0.1,55.1164,25.1155
500,territory:Sasanian Empire:587,사산조 페르시아,0.0,55.1746,25.1928
500,territory:Sasanian Empire:587,사산조 페르시아,0.2,55.1725,25.1946
500,territory:Sasanian Empire:587,사산조 페르시아,1.5,55.1568,25.1952
500,territory:Sasanian Empire:510,사산조 페르시아,0.1,55.1751,25.1951
500,territory:Sasanian Empire:587,사산조 페르시아,0.2,55.1597,25.1959
500,territory:Sasanian Empire:587,사산조 페르시아,0.3,55.1527,25.1958
500,territory:Sasanian Empire:587,사산조 페르시아,0.2,55.1695,25.1958
500,territory:Sasanian Empire:510,사산조 페르시아,0.1,55.1756,25.1965
500,territory:Sasanian Empire:587,사산조 페르시아,0.2,55.1492,25.1969
500,territory:Sasanian Empire:587,사산조 페르시아,0.2,55.1669,25.1969
500,territory:Sasanian Empire:510,사산조 페르시아,0.2,55.1729,25.1979
500,territory:Sasanian Empire:587,사산조 페르시아,0.2,55.1537,25.1977
500,territory:Sasanian Empire:587,사산조 페르시아,0.1,55.1507,25.1985
500,territory:Sasanian Empire:587,사산조 페르시아,0.2,55.1561,25.1985
500,territory:Sasanian Empire:587,사산조 페르시아,0.2,55.1693,25.1988
500,territory:Sasanian Empire:587,사산조 페르시아,0.2,55.1466,25.1998
500,territory:Sasanian Empire:510,사산조 페르시아,0.2,55.1718,25.2
500,territory:Sasanian Empire:510,사산조 페르시아,0.1,55.1751,25.199
500,territory:Sasanian Empire:587,사산조 페르시아,0.2,55.1495,25.2
500,territory:Sasanian Empire:587,사산조 페르시아,0.2,55.1656,25.1998
500,territory:Sasanian Empire:587,사산조 페르시아,0.2,55.1525,25.2005
500,territory:Sasanian Empire:587,사산조 페르시아,0.2,55.1635,25.2009
500,territory:Sasanian Empire:587,사산조 페르시아,0.2,55.1679,25.201
500,territory:Sasanian Empire:587,사산조 페르시아,0.2,55.1558,25.2011
500,territory:Sasanian Empire:587,사산조 페르시아,0.1,55.1479,25.2015
500,territory:Sasanian Empire:587,사산조 페르시아,0.1,55.1656,25.2022
500,territory:Sasanian Empire:510,사산조 페르시아,0.2,55.1709,25.2019
500,territory:Sasanian Empire:587,사산조 페르시아,0.2,55.1505,25.2029
500,territory:Sasanian Empire:510,사산조 페르시아,0.1,55.1734,25.2023
500,territory:Sasanian Empire:587,사산조 페르시아,0.2,55.1527,25.2031
500,territory:Sasanian Empire:587,사산조 페르시아,0.2,55.1584,25.2028
500,territory:Sasanian Empire:587,사산조 페르시아,0.1,55.1548,25.2038
500,territory:Sasanian Empire:587,사산조 페르시아,0.2,55.1466,25.2041
500,territory:Sasanian Empire:587,사산조 페르시아,0.1,55.1492,25.2039
500,territory:Sasanian Empire:587,사산조 페르시아,0.1,55.1583,25.2055
500,territory:Sasanian Empire:587,사산조 페르시아,0.2,55.1556,25.2056
500,territory:Sasanian Empire:587,사산조 페르시아,0.2,55.1464,25.2067
500,territory:Sasanian Empire:587,사산조 페르시아,0.2,55.1534,25.2067
500,territory:Sasanian Empire:587,사산조 페르시아,0.2,55.1497,25.2069
500,territory:Sasanian Empire:587,사산조 페르시아,0.2,55.1592,25.2076
500,territory:Sasanian Empire:510,사산조 페르시아,0.4,55.1751,25.2073
500,territory:Sasanian Empire:587,사산조 페르시아,0.2,55.1566,25.2082
500,territory:Sasanian Empire:510,사산조 페르시아,0.1,55.1831,25.2079
500,territory:Sasanian Empire:587,사산조 페르시아,0.2,55.1517,25.2088
500,territory:Sasanian Empire:510,사산조 페르시아,0.2,55.1802,25.209
500,territory:Sasanian Empire:587,사산조 페르시아,0.1,55.1456,25.2087
500,territory:Sasanian Empire:510,사산조 페르시아,0.2,55.1734,25.2093
500,territory:Sasanian Empire:510,사산조 페르시아,0.2,55.1771,25.2092
500,territory:Sasanian Empire:587,사산조 페르시아,0.1,55.1517,25.2104
500,territory:Sasanian Empire:587,사산조 페르시아,0.2,55.1486,25.2104
500,territory:Sasanian Empire:540,사산조 페르시아,0.1,55.1848,25.2108
500,territory:Sasanian Empire:587,사산조 페르시아,0.1,55.1461,25.2111
500,territory:Sasanian Empire:510,사산조 페르시아,0.2,55.1705,25.2103
500,territory:Sasanian Empire:540,사산조 페르시아,0.1,55.1826,25.2113
500,territory:Sasanian Empire:510,사산조 페르시아,0.2,55.175,25.2114
500,territory:Sasanian Empire:540,사산조 페르시아,0.1,55.1807,25.2126
500,territory:Sasanian Empire:540,사산조 페르시아,0.2,55.1846,25.2131
500,territory:Sasanian Empire:510,사산조 페르시아,0.2,55.172,25.2132
500,territory:Sasanian Empire:510,사산조 페르시아,0.2,55.1778,25.2132
500,territory:Sasanian Empire:587,사산조 페르시아,0.5,55.1567,25.2135
500,territory:Sasanian Empire:587,사산조 페르시아,0.2,55.154,25.214
500,territory:Sasanian Empire:510,사산조 페르시아,0.3,55.1681,25.214
500,territory:Sasanian Empire:510,사산조 페르시아,0.1,55.1757,25.2145
500,territory:Sasanian Empire:540,사산조 페르시아,0.1,55.1815,25.2144
500,territory:Sasanian Empire:587,사산조 페르시아,0.3,55.1461,25.2149
500,territory:Sasanian Empire:540,사산조 페르시아,0.1,55.1831,25.2151
500,territory:Sasanian Empire:510,사산조 페르시아,0.1,55.1781,25.2154
500,territory:Sasanian Empire:587,사산조 페르시아,0.2,55.151,25.2155
500,territory:Sasanian Empire:510,사산조 페르시아,0.4,55.1637,25.2158
500,territory:Sasanian Empire:587,사산조 페르시아,0.1,55.1445,25.2156
500,territory:Sasanian Empire:587,사산조 페르시아,0.1,55.1519,25.2164
500,territory:Sasanian Empire:587,사산조 페르시아,0.2,55.1555,25.2166
500,territory:Sasanian Empire:540,사산조 페르시아,0.1,55.1813,25.2168
500,territory:Sasanian Empire:587,사산조 페르시아,0.2,55.1487,25.2162
500,territory:Sasanian Empire:510,사산조 페르시아,0.1,55.1753,25.2167
500,territory:Sasanian Empire:510,사산조 페르시아,0.2,55.1681,25.2169
500,territory:Sasanian Empire:510,사산조 페르시아,0.1,55.1705,25.2163
500,territory:Sasanian Empire:510,사산조 페르시아,0.1,55.1771,25.2166
500,territory:Sasanian Empire:587,사산조 페르시아,0.1,55.1533,25.2173
500,territory:Sasanian Empire:510,사산조 페르시아,0.1,55.1646,25.2174
500,territory:Sasanian Empire:510,사산조 페르시아,0.1,55.1721,25.2177
500,territory:Sasanian Empire:587,사산조 페르시아,0.1,55.146,25.2177
500,territory:Sasanian Empire:540,사산조 페르시아,0.2,55.1838,25.2181
500,territory:Sasanian Empire:540,사산조 페르시아,0.2,55.1881,25.2185
500,territory:Sasanian Empire:510,사산조 페르시아,0.1,55.1708,25.2184
500,territory:Sasanian Empire:587,사산조 페르시아,0.1,55.1497,25.2188
500,territory:Sasanian Empire:510,사산조 페르시아,0.1,55.1676,25.2182
500,territory:Sasanian Empire:587,사산조 페르시아,0.5,55.1399,25.2059
500,territory:Sasanian Empire:587,사산조 페르시아,0.1,55.1523,25.2189
500,territory:Sasanian Empire:587,사산조 페르시아,0.2,55.1555,25.2192
500,territory:Sasanian Empire:540,사산조 페르시아,0.0,55.1902,25.2191
500,territory:Sasanian Empire:540,사산조 페르시아,0.3,55.1795,25.2197
500,territory:Sasanian Empire:510,사산조 페르시아,0.1,55.1696,25.2193
500,territory:Sasanian Empire:510,사산조 페르시아,0.2,55.1762,25.2198
500,territory:Sasanian Empire:540,사산조 페르시아,0.1,55.1886,25.22
500,territory:Sasanian Empire:540,사산조 페르시아,0.2,55.1819,25.2196
500,territory:Sasanian Empire:540,사산조 페르시아,0.1,55.1779,25.2198
500,territory:Sasanian Empire:510,사산조 페르시아,0.1,55.1747,25.22
500,territory:Sasanian Empire:587,사산조 페르시아,0.1,55.1509,25.2203
500,territory:Sasanian Empire:587,사산조 페르시아,0.2,55.1468,25.2204
500,territory:Sasanian Empire:510,사산조 페르시아,0.2,55.1665,25.221
500,territory:Sasanian Empire:587,사산조 페르시아,0.1,55.1455,25.2209
500,territory:Sasanian Empire:587,사산조 페르시아,0.1,55.1484,25.2212
500,territory:Sasanian Empire:587,사산조 페르시아,0.1,55.1439,25.2214
500,territory:Sasanian Empire:510,사산조 페르시아,0.2,55.1686,25.2215
500,territory:Sasanian Empire:510,사산조 페르시아,0.2,55.172,25.221
500,territory:Sasanian Empire:510,사산조 페르시아,0.1,55.1769,25.2218
500,territory:Sasanian Empire:510,사산조 페르시아,0.1,55.1746,25.2221
500,territory:Sasanian Empire:540,사산조 페르시아,0.2,55.1813,25.2219
500,territory:Sasanian Empire:587,사산조 페르시아,0.2,55.1529,25.2217
500,territory:Sasanian Empire:510,사산조 페르시아,0.2,55.1695,25.2237
500,territory:Sasanian Empire:587,사산조 페르시아,0.1,55.1495,25.2234
500,territory:Sasanian Empire:510,사산조 페르시아,0.4,55.1628,25.2231
500,territory:Sasanian Empire:510,사산조 페르시아,0.1,55.1733,25.2237
500,territory:Sasanian Empire:540,사산조 페르시아,0.3,55.1876,25.2237
500,territory:Sasanian Empire:587,사산조 페르시아,0.1,55.1469,25.2246
500,territory:Sasanian Empire:540,사산조 페르시아,0.2,55.1781,25.2242
500,territory:Sasanian Empire:540,사산조 페르시아,0.2,55.1918,25.225
500,territory:Sasanian Empire:587,사산조 페르시아,0.2,55.1432,25.2245
500,territory:Sasanian Empire:540,사산조 페르시아,0.2,55.1754,25.2252
500,territory:Sasanian Empire:540,사산조 페르시아,0.2,55.184,25.2242
500,territory:Sasanian Empire:540,사산조 페르시아,0.1,55.1814,25.225
500,territory:Sasanian Empire:540,사산조 페르시아,0.2,55.1894,25.2257
500,territory:Sasanian Empire:540,사산조 페르시아,0.1,55.1853,25.2255
500,territory:Sasanian Empire:510,사산조 페르시아,0.1,55.1708,25.2254
500,territory:Sasanian Empire:510,사산조 페르시아,0.3,55.1651,25.2266
500,territory:Sasanian Empire:587,사산조 페르시아,0.2,55.1485,25.2265
500,territory:Sasanian Empire:510,사산조 페르시아,0.2,55.1661,25.2248
500,territory:Sasanian Empire:540,사산조 페르시아,0.2,55.1778,25.2271
500,territory:Sasanian Empire:540,사산조 페르시아,0.1,55.189,25.2273
500,territory:Sasanian Empire:510,사산조 페르시아,0.2,55.1623,25.227
500,territory:Sasanian Empire:510,사산조 페르시아,0.2,55.1729,25.2269
500,territory:Sasanian Empire:540,사산조 페르시아,0.1,55.1801,25.2273
500,territory:Sasanian Empire:510,사산조 페르시아,0.1,55.175,25.2274
500,territory:Sasanian Empire:540,사산조 페르시아,0.2,55.1831,25.228
500,territory:Sasanian Empire:540,사산조 페르시아,0.2,55.1864,25.2283
500,territory:Sasanian Empire:510,사산조 페르시아,0.2,55.1698,25.2291
500,territory:Sasanian Empire:540,사산조 페르시아,0.1,55.1808,25.2292
500,territory:Sasanian Empire:510,사산조 페르시아,0.2,55.1732,25.2296
500,territory:Sasanian Empire:540,사산조 페르시아,0.2,55.1869,25.2305
500,territory:Sasanian Empire:540,사산조 페르시아,0.3,55.1773,25.2302
500,territory:Sasanian Empire:540,사산조 페르시아,0.2,55.1841,25.2305
500,territory:Sasanian Empire:510,사산조 페르시아,0.1,55.1713,25.2306
500,territory:Sasanian Empire:540,사산조 페르시아,0.1,55.1807,25.2309
500,territory:Sasanian Empire:540,사산조 페르시아,0.2,55.1896,25.2308
500,territory:Sasanian Empire:510,사산조 페르시아,0.2,55.1673,25.2298
500,territory:Sasanian Empire:510,사산조 페르시아,0.2,55.1647,25.2317
500,territory:Sasanian Empire:540,사산조 페르시아,0.1,55.1874,25.2321
500,territory:Sasanian Empire:510,사산조 페르시아,0.2,55.1742,25.232
500,territory:Sasanian Empire:540,사산조 페르시아,0.1,55.19,25.2326
500,territory:Sasanian Empire:540,사산조 페르시아,0.1,55.1875,25.2335
500,territory:Sasanian Empire:540,사산조 페르시아,0.2,55.1822,25.2333
500,territory:Sasanian Empire:540,사산조 페르시아,0.1,55.191,25.2341
500,territory:Sasanian Empire:510,사산조 페르시아,0.1,55.1761,25.2337
500,territory:Sasanian Empire:510,사산조 페르시아,0.2,55.1711,25.234
500,territory:Sasanian Empire:540,사산조 페르시아,0.2,55.1843,25.234
500,territory:Sasanian Empire:510,사산조 페르시아,0.1,55.1791,25.2352
500,territory:Sasanian Empire:510,사산조 페르시아,0.2,55.1689,25.2348
500,territory:Sasanian Empire:510,사산조 페르시아,0.3,55.1631,25.2345
500,territory:Sasanian Empire:540,사산조 페르시아,0.2,55.186,25.2361
500,territory:Sasanian Empire:540,사산조 페르시아,0.1,55.1825,25.2362
500,territory:Sasanian Empire:510,사산조 페르시아,0.3,55.176,25.237
500,territory:Sasanian Empire:510,사산조 페르시아,0.1,55.1787,25.2374
500,territory:Sasanian Empire:510,사산조 페르시아,0.2,55.1732,25.2374
500,territory:Sasanian Empire:510,사산조 페르시아,0.2,55.1692,25.2379
500,territory:Sasanian Empire:510,사산조 페르시아,0.1,55.1752,25.2391
500,territory:Sasanian Empire:510,사산조 페르시아,0.2,55.1798,25.2393
500,territory:Sasanian Empire:540,사산조 페르시아,0.2,55.1842,25.239
500,territory:Sasanian Empire:510,사산조 페르시아,0.2,55.1775,25.24
500,territory:Sasanian Empire:540,사산조 페르시아,0.3,55.1896,25.2388
500,territory:Sasanian Empire:510,사산조 페르시아,0.3,55.1658,25.2391
500,territory:Sasanian Empire:510,사산조 페르시아,0.1,55.1806,25.2406
500,territory:Sasanian Empire:540,사산조 페르시아,0.2,55.1863,25.2413
500,territory:Sasanian Empire:540,사산조 페르시아,0.5,55.1979,25.2404
500,territory:Sasanian Empire:510,사산조 페르시아,0.2,55.1678,25.2418
500,territory:Sasanian Empire:510,사산조 페르시아,0.1,55.1816,25.2419
500,territory:Sasanian Empire:510,사산조 페르시아,0.3,55.1722,25.241
500,territory:Sasanian Empire:510,사산조 페르시아,0.2,55.1783,25.2422
500,territory:Sasanian Empire:540,사산조 페르시아,0.1,55.187,25.2426
500,territory:Sasanian Empire:540,사산조 페르시아,0.2,55.1837,25.243
500,territory:Sasanian Empire:510,사산조 페르시아,0.2,55.175,25.2424
500,territory:Sasanian Empire:510,사산조 페르시아,0.1,55.1735,25.244
500,territory:Sasanian Empire:510,사산조 페르시아,0.1,55.1792,25.2442
500,territory:Sasanian Empire:540,사산조 페르시아,0.1,55.1862,25.2444
500,territory:Sasanian Empire:587,사산조 페르시아,0.6,55.1319,25.2177
500,territory:Sasanian Empire:540,사산조 페르시아,0.3,55.1825,25.2471
500,territory:Sasanian Empire:540,사산조 페르시아,0.3,55.1747,25.2486
500,territory:Sasanian Empire:587,사산조 페르시아,1.1,55.1571,25.25
500,territory:Sasanian Empire:490,사산조 페르시아,23.4,55.3051,26.269
500,territory:Ghassanids:510,Ghassanids,31.6,35.7657,27.1078
500,territory:Eastern Roman Empire:510,동로마 제국,14.2,25.7058,34.8736
500,territory:Eastern Roman Empire:510,동로마 제국,11.1,26.1363,34.9346
500,territory:Vandal Kingdom:523,반달 왕국,8.2,-2.4427,35.178
500,territory:Vandal Kingdom:523,반달 왕국,1.6,-2.4216,35.1796
500,territory:Vandal Kingdom:523,반달 왕국,0.7,-2.4313,35.1837
500,territory:Vandal Kingdom:523,반달 왕국,0.7,-3.9025,35.2154
500,territory:Vandal Kingdom:523,반달 왕국,0.2,-3.9006,35.2175
500,territory:Eastern Roman Empire:510,동로마 제국,9.8,25.2147,35.4461
500,territory:Vandal Kingdom:523,반달 왕국,5.8,-5.4186,35.9126
500,territory:Eastern Roman Empire:534,동로마 제국,6.1,29.6571,36.1342
500,territory:Eastern Roman Empire:592,동로마 제국,6.6,29.7467,36.1286
500,territory:Eastern Roman Empire:592,동로마 제국,4.0,29.4966,36.157
500,territory:Eastern Roman Empire:536,동로마 제국,5.3,29.5849,36.143
500,territory:Eastern Roman Empire:569,동로마 제국,6.8,33.7804,36.1762
500,territory:Eastern Roman Empire:510,동로마 제국,1.7,29.8792,36.1835
500,territory:Eastern Roman Empire:510,동로마 제국,4.5,22.9586,36.4866
500,territory:Eastern Roman Empire:510,동로마 제국,4.7,28.1257,36.5989
500,territory:Eastern Roman Empire:536,동로마 제국,4.8,28.9183,36.6684
500,territory:Eastern Roman Empire:510,동로마 제국,1.6,27.1401,36.9429
500,territory:Eastern Roman Empire:534,동로마 제국,18.7,27.4647,36.9758
500,territory:Eastern Roman Empire:510,동로마 제국,9.3,27.0912,37.0593
500,territory:Eastern Roman Empire:510,동로마 제국,12.1,21.5492,37.0489
500,territory:Vandal Kingdom:523,반달 왕국,11.8,10.8032,37.1291
500,territory:Eastern Roman Empire:534,동로마 제국,13.2,27.0892,37.2864
500,territory:Eastern Roman Empire:534,동로마 제국,28.8,26.757,37.3005
500,territory:Eastern Roman Empire:534,동로마 제국,5.3,26.7337,37.387
500,territory:Eastern Roman Empire:534,동로마 제국,17.3,26.9735,37.4605
500,territory:Eastern Roman Empire:510,동로마 제국,26.6,23.9273,37.4756
500,territory:Vandal Kingdom:523,반달 왕국,35.1,8.9372,37.5288
500,territory:Eastern Roman Empire:534,동로마 제국,0.2,27.1646,37.5786
500,territory:Eastern Roman Empire:510,동로마 제국,9.9,26.4286,37.5831
500,territory:Eastern Roman Empire:510,동로마 제국,4.9,26.5115,37.5906
500,territory:Eastern Roman Empire:510,동로마 제국,14.3,23.948,37.6486
500,territory:Eastern Roman Empire:510,동로마 제국,7.9,24.1228,37.7016
500,territory:Eastern Roman Empire:592,동로마 제국,10.8,23.7592,37.769
500,territory:Eastern Roman Empire:534,동로마 제국,21.0,24.2583,38.0038
500,territory:Eastern Roman Empire:577,동로마 제국,4.0,26.3417,38.4391
500,territory:Eastern Roman Empire:510,동로마 제국,5.0,26.2841,38.5035
500,territory:Eastern Roman Empire:510,동로마 제국,0.2,26.2288,38.5215
500,territory:Eastern Roman Empire:540,동로마 제국,11.4,26.7121,38.5036
500,territory:Eastern Roman Empire:510,동로마 제국,26.9,25.5105,38.541
500,territory:Eastern Roman Empire:510,동로마 제국,2.1,24.358,38.8379
500,territory:Eastern Roman Empire:510,동로마 제국,22.2,24.1084,39.0785
500,territory:Eastern Roman Empire:490,동로마 제국,19.3,20.2293,39.1444
500,territory:Eastern Roman Empire:510,동로마 제국,27.6,24.322,39.3498
500,territory:Visigothic Kingdom:587,서고트 왕국,8.3,-9.5086,39.4157
500,territory:Eastern Roman Empire:510,동로마 제국,13.2,24.1686,39.3946
500,territory:Eastern Roman Empire:510,동로마 제국,18.9,19.5232,39.7704
500,territory:Eastern Roman Empire:510,동로마 제국,11.3,19.3991,39.85
500,territory:Eastern Roman Empire:510,동로마 제국,10.4,19.5814,39.8853
500,territory:Eastern Roman Empire:592,동로마 제국,9.6,23.9066,40.3248
500,territory:Eastern Roman Empire:534,동로마 제국,8.4,19.2804,40.4934
500,territory:Eastern Roman Empire:540,동로마 제국,20.0,14.2279,40.5502
500,territory:Eastern Roman Empire:510,동로마 제국,13.0,28.5278,40.5314
500,territory:Eastern Roman Empire:540,동로마 제국,12.2,14.0141,40.7542
500,territory:Eastern Roman Empire:577,동로마 제국,3.4,29.1137,40.8508
500,territory:Eastern Roman Empire:540,동로마 제국,34.2,12.9551,40.9106
500,territory:Eastern Roman Empire:540,동로마 제국,7.9,12.8559,40.9364
500,territory:Eastern Roman Empire:540,동로마 제국,6.3,13.0567,40.9706
500,territory:Eastern Roman Empire:536,동로마 제국,0.1,9.3416,41.2427
500,territory:Eastern Roman Empire:536,동로마 제국,2.6,9.3419,41.2833
500,territory:Eastern Roman Empire:536,동로마 제국,1.9,9.3712,41.299
500,territory:Eastern Roman Empire:536,동로마 제국,1.3,9.3411,41.3022
500,territory:Eastern Roman Empire:536,동로마 제국,2.7,9.2528,41.3366
500,territory:Eastern Roman Empire:536,동로마 제국,1.0,9.2576,41.367
500,territory:Eastern Roman Empire:536,동로마 제국,15.1,15.4859,42.1105
500,territory:Eastern Roman Empire:546,동로마 제국,20.0,11.0983,42.2489
500,territory:Ostrogothic Kingdom:534,동고트 왕국,6.1,17.8807,42.7268
500,territory:Ostrogothic Kingdom:510,동고트 왕국,11.6,6.46,43.03
500,territory:Eastern Roman Empire:536,동로마 제국,20.4,16.6998,43.0909
500,territory:Ostrogothic Kingdom:536,동고트 왕국,36.8,9.9059,43.4392
500,territory:Eastern Roman Empire:587,동로마 제국,4.3,16.1436,43.4401
500,territory:Visigothic Kingdom:490,서고트 왕국,3.3,7.0471,43.5205
500,territory:Eastern Roman Empire:567,동로마 제국,4.7,15.8502,43.6851
500,territory:Eastern Roman Empire:536,동로마 제국,7.5,15.7006,43.6957
500,territory:Eastern Roman Empire:592,동로마 제국,4.8,15.6076,43.8011
500,territory:Eastern Roman Empire:536,동로마 제국,7.8,15.1114,44.0403
500,territory:Eastern Roman Empire:577,동로마 제국,6.4,15.0669,44.3058
500,territory:Eastern Roman Empire:587,동로마 제국,19.3,14.6928,44.3826
500,territory:Eastern Roman Empire:546,동로마 제국,7.5,14.9181,44.4305
500,territory:Eastern Roman Empire:587,동로마 제국,3.3,14.2998,44.5093
500,territory:Eastern Roman Empire:569,동로마 제국,1.4,13.7642,44.9064
500,territory:Eastern Roman Empire:561,동로마 제국,5.9,14.7948,44.9131
500,territory:Eastern Roman Empire:587,동로마 제국,4.1,14.5204,44.9729
500,territory:Ostrogothic Kingdom:500,동고트 왕국,4.1,12.4021,45.4588
500,territory:Göktürk Khaganate:561,돌궐,18.0,48.5803,45.714
500,territory:Western Göktürks:587,서돌궐,19.7,52.9954,46.4123
500,territory:Kingdom of the Franks:592,프랑크 왕국,8.9,-1.8312,48.8713
500,territory:Kingdom of the Franks:540,프랑크 왕국,34.3,-2.4514,49.4704
500,territory:Brythons:555,Brythons,0.9,-5.2937,51.7333
500,territory:Brythons:555,Brythons,2.7,-5.3412,51.8667
500,territory:Brythons:480,Brythons,2.5,-4.7907,52.7586
500,territory:Scandinavian minor kingdoms:523,스칸디나비아 소왕국,0.8,15.399,56.1522
500,territory:Scandinavian minor kingdoms:523,스칸디나비아 소왕국,1.1,16.5981,57.1083
500,territory:Scandinavian minor kingdoms:523,스칸디나비아 소왕국,9.0,16.7921,57.2514
500,territory:Scandinavian minor kingdoms:523,스칸디나비아 소왕국,0.3,16.6966,57.5139
500,territory:Scandinavian minor kingdoms:523,스칸디나비아 소왕국,2.0,16.6976,57.6001
500,territory:Scandinavian minor kingdoms:523,스칸디나비아 소왕국,2.2,11.7572,57.6425
500,territory:Scandinavian minor kingdoms:523,스칸디나비아 소왕국,2.4,11.6462,57.7039
500,territory:Scandinavian minor kingdoms:523,스칸디나비아 소왕국,1.5,16.6975,57.7941
500,territory:Scandinavian minor kingdoms:523,스칸디나비아 소왕국,2.2,16.7464,57.8285
500,territory:Scandinavian minor kingdoms:523,스칸디나비아 소왕국,3.8,11.6046,57.8729
500,territory:Scandinavian minor kingdoms:523,스칸디나비아 소왕국,5.3,16.926,58.1921
500,territory:Scandinavian minor kingdoms:523,스칸디나비아 소왕국,1.9,6.5997,58.2194
500,territory:Scandinavian minor kingdoms:523,스칸디나비아 소왕국,5.8,17.0189,58.2592
500,territory:Scandinavian minor kingdoms:523,스칸디나비아 소왕국,3.0,16.9173,58.2559
500,territory:Scandinavian minor kingdoms:523,스칸디나비아 소왕국,6.0,16.9621,58.4248
500,territory:Scandinavian minor kingdoms:523,스칸디나비아 소왕국,3.5,16.9741,58.4937
500,territory:Scandinavian minor kingdoms:523,스칸디나비아 소왕국,1.5,16.9203,58.5145
500,territory:Scandinavian minor kingdoms:523,스칸디나비아 소왕국,4.4,17.4723,58.7121
500,territory:Scandinavian minor kingdoms:523,스칸디나비아 소왕국,0.9,17.458,58.7382
500,territory:Scandinavian minor kingdoms:523,스칸디나비아 소왕국,7.1,17.8633,58.7523
500,territory:Scandinavian minor kingdoms:523,스칸디나비아 소왕국,3.4,17.6333,58.8252
500,territory:Scandinavian minor kingdoms:523,스칸디나비아 소왕국,2.6,17.7137,58.846
500,territory:Scandinavian minor kingdoms:523,스칸디나비아 소왕국,9.2,18.1206,58.8744
500,territory:Scandinavian minor kingdoms:523,스칸디나비아 소왕국,2.3,17.8359,58.8469
500,territory:Scandinavian minor kingdoms:523,스칸디나비아 소왕국,6.7,11.024,58.8902
500,territory:Scandinavian minor kingdoms:523,스칸디나비아 소왕국,2.8,18.1769,58.9225
500,territory:Scandinavian minor kingdoms:523,스칸디나비아 소왕국,1.8,18.0183,58.9538
500,territory:Scandinavian minor kingdoms:523,스칸디나비아 소왕국,1.0,18.1634,59.048
500,territory:Scandinavian minor kingdoms:523,스칸디나비아 소왕국,13.4,18.5239,59.0442
500,territory:Scandinavian minor kingdoms:523,스칸디나비아 소왕국,6.3,10.942,59.0557
500,territory:Scandinavian minor kingdoms:523,스칸디나비아 소왕국,3.8,18.6039,59.0926
500,territory:Scandinavian minor kingdoms:523,스칸디나비아 소왕국,6.8,18.7421,59.1029
500,territory:Scandinavian minor kingdoms:523,스칸디나비아 소왕국,7.2,10.4284,59.09
500,territory:Scandinavian minor kingdoms:523,스칸디나비아 소왕국,2.0,18.5849,59.1282
500,territory:Scandinavian minor kingdoms:523,스칸디나비아 소왕국,4.0,18.646,59.1804
500,territory:Scandinavian minor kingdoms:523,스칸디나비아 소왕국,5.5,5.8405,59.1689
500,territory:Scandinavian minor kingdoms:523,스칸디나비아 소왕국,5.2,10.5501,59.2144
500,territory:Scandinavian minor kingdoms:523,스칸디나비아 소왕국,4.5,18.4195,59.2161
500,territory:Scandinavian minor kingdoms:523,스칸디나비아 소왕국,3.4,18.6035,59.2298
500,territory:Scandinavian minor kingdoms:523,스칸디나비아 소왕국,13.0,18.9162,59.2823
500,territory:Scandinavian minor kingdoms:523,스칸디나비아 소왕국,1.7,18.8758,59.3068
500,territory:Scandinavian minor kingdoms:523,스칸디나비아 소왕국,19.5,4.8822,59.3069
500,territory:Scandinavian minor kingdoms:523,스칸디나비아 소왕국,1.5,18.8871,59.3387
500,territory:Scandinavian minor kingdoms:523,스칸디나비아 소왕국,2.3,10.5262,59.3817
500,territory:Scandinavian minor kingdoms:523,스칸디나비아 소왕국,2.5,18.3769,59.4062
500,territory:Scandinavian minor kingdoms:523,스칸디나비아 소왕국,6.7,19.0195,59.4171
500,territory:Scandinavian minor kingdoms:523,스칸디나비아 소왕국,3.5,18.9549,59.4085
500,territory:Scandinavian minor kingdoms:523,스칸디나비아 소왕국,11.0,19.2156,59.4382
500,territory:Scandinavian minor kingdoms:523,스칸디나비아 소왕국,16.1,19.5055,59.4435
500,territory:Scandinavian minor kingdoms:523,스칸디나비아 소왕국,6.5,18.6869,59.4508
500,territory:Scandinavian minor kingdoms:523,스칸디나비아 소왕국,2.6,18.7794,59.4736
500,territory:Scandinavian minor kingdoms:523,스칸디나비아 소왕국,3.8,19.1665,59.4974
500,territory:Scandinavian minor kingdoms:523,스칸디나비아 소왕국,7.6,19.0477,59.5703
500,territory:Scandinavian minor kingdoms:523,스칸디나비아 소왕국,4.8,19.1661,59.592
500,territory:Scandinavian minor kingdoms:523,스칸디나비아 소왕국,3.7,19.2459,59.6048
500,territory:Scandinavian minor kingdoms:523,스칸디나비아 소왕국,3.5,19.0363,59.6447
500,territory:Scandinavian minor kingdoms:523,스칸디나비아 소왕국,3.6,19.1388,59.656
500,territory:Scandinavian minor kingdoms:523,스칸디나비아 소왕국,1.8,19.1871,59.6649
500,territory:Scandinavian minor kingdoms:523,스칸디나비아 소왕국,0.9,19.1625,59.6757
500,territory:Scandinavian minor kingdoms:523,스칸디나비아 소왕국,9.9,19.4044,59.7065
500,territory:Scandinavian minor kingdoms:523,스칸디나비아 소왕국,4.5,19.13,59.7496
500,territory:Scandinavian minor kingdoms:523,스칸디나비아 소왕국,2.2,19.179,59.7759
500,territory:Scandinavian minor kingdoms:523,스칸디나비아 소왕국,1.9,19.0911,59.7844
500,territory:Scandinavian minor kingdoms:523,스칸디나비아 소왕국,29.6,19.9212,59.8387
500,territory:Scandinavian minor kingdoms:523,스칸디나비아 소왕국,3.2,19.1182,59.8457
500,territory:Scandinavian minor kingdoms:523,스칸디나비아 소왕국,8.3,5.5815,59.8438
500,territory:Scandinavian minor kingdoms:523,스칸디나비아 소왕국,14.1,5.1569,59.9894
500,territory:Scandinavian minor kingdoms:523,스칸디나비아 소왕국,7.6,5.0621,60.1267
500,territory:Scandinavian minor kingdoms:523,스칸디나비아 소왕국,1.0,5.3205,60.1579
500,territory:Scandinavian minor kingdoms:523,스칸디나비아 소왕국,21.4,19.3377,60.195
500,territory:Scandinavian minor kingdoms:523,스칸디나비아 소왕국,1.8,18.5973,60.2017
500,territory:Scandinavian minor kingdoms:523,스칸디나비아 소왕국,1.2,18.523,60.2083
500,territory:Scandinavian minor kingdoms:523,스칸디나비아 소왕국,9.1,19.5004,60.2511
500,territory:Scandinavian minor kingdoms:523,스칸디나비아 소왕국,2.2,18.6169,60.277
500,territory:Scandinavian minor kingdoms:523,스칸디나비아 소왕국,5.4,19.5864,60.3456
500,territory:Scandinavian minor kingdoms:523,스칸디나비아 소왕국,4.4,19.6967,60.3685
500,territory:Scandinavian minor kingdoms:523,스칸디나비아 소왕국,1.2,19.7234,60.3856
500,territory:Scandinavian minor kingdoms:523,스칸디나비아 소왕국,9.2,18.3856,60.5226
500,territory:Scandinavian minor kingdoms:523,스칸디나비아 소왕국,12.3,4.8827,60.5251
500,territory:Scandinavian minor kingdoms:523,스칸디나비아 소왕국,12.5,4.72,60.767
500,territory:Scandinavian minor kingdoms:523,스칸디나비아 소왕국,14.3,17.3274,60.7961
500,territory:Scandinavian minor kingdoms:523,스칸디나비아 소왕국,2.2,4.9904,60.893
500,territory:Scandinavian minor kingdoms:523,스칸디나비아 소왕국,13.3,17.2329,61.0412
500,territory:Scandinavian minor kingdoms:523,스칸디나비아 소왕국,0.8,5.0366,61.1423
500,territory:Scandinavian minor kingdoms:523,스칸디나비아 소왕국,6.8,17.315,61.1557
500,territory:Scandinavian minor kingdoms:523,스칸디나비아 소왕국,13.7,4.717,61.3006
500,territory:Scandinavian minor kingdoms:523,스칸디나비아 소왕국,4.4,4.84,61.3465
500,territory:Scandinavian minor kingdoms:523,스칸디나비아 소왕국,6.0,4.9439,61.5199
500,territory:Scandinavian minor kingdoms:523,스칸디나비아 소왕국,20.7,17.422,61.5487
500,territory:Scandinavian minor kingdoms:523,스칸디나비아 소왕국,4.4,17.2797,61.5634
500,territory:Scandinavian minor kingdoms:523,스칸디나비아 소왕국,5.3,4.8582,61.6119
500,territory:Scandinavian minor kingdoms:523,스칸디나비아 소왕국,10.2,17.5391,61.7234
500,territory:Scandinavian minor kingdoms:523,스칸디나비아 소왕국,6.4,4.8558,61.7787
500,territory:Scandinavian minor kingdoms:523,스칸디나비아 소왕국,12.0,17.4838,61.9534
500,territory:Scandinavian minor kingdoms:523,스칸디나비아 소왕국,1.3,17.5165,61.9556
500,territory:Kingdom of Axum:534,Kingdom of Axum,22.0,43.4311,12.472
500,territory:Kingdom of Axum:534,Kingdom of Axum,37.5,42.944,12.8885
500,territory:Kingdom of Axum:534,Kingdom of Axum,3.4,42.9293,12.9342
500,territory:Kingdom of Axum:534,Kingdom of Axum,9.1,42.8494,13.028
500,territory:Kingdom of the Franks:567,프랑크 왕국,22.0,6.5831,53.5406
500,territory:Saxons:500,Saxons,37.7,6.8907,53.6379
500,territory:Brythons:534,Brythons,39.3,-4.8168,54.0522
500,territory:Saxons:500,Saxons,9.2,8.6745,54.0609
500,territory:Scandinavian minor kingdoms:523,스칸디나비아 소왕국,6.5,11.537,54.9662
500,territory:Scandinavian minor kingdoms:523,스칸디나비아 소왕국,11.1,15.1923,55.3194
500,territory:Scandinavian minor kingdoms:523,스칸디나비아 소왕국,11.0,12.7593,55.6433
500,territory:Scandinavian minor kingdoms:523,스칸디나비아 소왕국,2.3,10.3102,55.765
500,territory:Scandinavian minor kingdoms:523,스칸디나비아 소왕국,5.1,12.7021,55.9057
500,territory:Scandinavian minor kingdoms:523,스칸디나비아 소왕국,6.4,14.8439,56.0098
500,territory:Scandinavian minor kingdoms:523,스칸디나비아 소왕국,4.4,15.791,56.0247
500,territory:Scandinavian minor kingdoms:523,스칸디나비아 소왕국,2.1,14.9697,56.1178
500,territory:Scandinavian minor kingdoms:523,스칸디나비아 소왕국,3.5,15.4618,56.1105
500,territory:Scandinavian minor kingdoms:523,스칸디나비아 소왕국,3.2,15.5391,56.113
500,territory:Scandinavian minor kingdoms:523,스칸디나비아 소왕국,2.6,15.6148,56.1148
500,territory:Eastern Roman Empire:536,동로마 제국,7.0,1.4455,38.715
500,territory:Kingdom of the Franks:546,프랑크 왕국,3.7,-1.2913,45.96
500,territory:Kingdom of the Franks:587,프랑크 왕국,19.1,-2.1105,49.207
500,territory:Kingdom of the Franks:540,프랑크 왕국,9.7,-2.5891,49.4647
500,territory:Anglo-Saxon England:490,Anglo-Saxon England,7.0,0.838,51.3912
500,territory:Kingdom of the Franks:540,프랑크 왕국,12.6,3.971,51.665
500,territory:Ripuarian Franks:500,리푸아리아 프랑크,27.5,4.8118,53.0827
500,territory:Brythons:534,Brythons,23.2,-4.4997,54.2485
500,territory:Brythons:480,Brythons,17.8,-5.2354,55.5703
500,territory:Brythons:523,Brythons,4.5,-5.0842,55.8238
500,territory:Brythons:480,Brythons,38.7,-5.9046,55.9802
500,territory:Brythons:480,Brythons,22.4,-5.9219,56.4548
500,territory:Eastern Roman Empire:561,동로마 제국,17.9,10.8766,33.7675
500,territory:Vandal Kingdom:523,반달 왕국,22.6,11.0408,34.6388
500,territory:Vandal Kingdom:523,반달 왕국,7.7,11.1821,34.696
500,territory:Eastern Roman Empire:536,동로마 제국,6.8,8.2864,39.1752
500,territory:Eastern Roman Empire:540,동로마 제국,8.2,13.9058,40.7253
500,territory:Kingdom of the Franks:587,프랑크 왕국,28.4,5.348,53.4098
500,territory:Scandinavian minor kingdoms:523,스칸디나비아 소왕국,14.8,11.1345,54.4735
500,territory:Scandinavian minor kingdoms:500,스칸디나비아 소왕국,7.7,8.5003,54.7218
500,territory:Scandinavian minor kingdoms:523,스칸디나비아 소왕국,8.3,10.3929,54.8778
500,territory:Scandinavian minor kingdoms:523,스칸디나비아 소왕국,13.1,12.3556,54.9873
500,territory:Scandinavian minor kingdoms:523,스칸디나비아 소왕국,2.3,12.6039,55.6535
500,territory:Scandinavian minor kingdoms:523,스칸디나비아 소왕국,26.7,10.9805,57.278
500,territory:Scandinavian minor kingdoms:523,스칸디나비아 소왕국,4.5,11.6058,57.976
500,territory:Scandinavian minor kingdoms:523,스칸디나비아 소왕국,3.2,11.656,58.1958
500,territory:Scandinavian minor kingdoms:523,스칸디나비아 소왕국,4.3,5.2395,59.2865
500,territory:Scandinavian minor kingdoms:523,스칸디나비아 소왕국,9.0,5.177,59.8083
500,territory:Scandinavian minor kingdoms:523,스칸디나비아 소왕국,7.7,5.3652,59.8852
500,territory:Scandinavian minor kingdoms:523,스칸디나비아 소왕국,5.4,5.5088,59.9838
500,territory:Scandinavian minor kingdoms:523,스칸디나비아 소왕국,7.8,5.0197,60.3032
500,territory:Scandinavian minor kingdoms:523,스칸디나비아 소왕국,6.3,5.0726,60.4832
500,territory:Scandinavian minor kingdoms:523,스칸디나비아 소왕국,6.5,4.899,61.0877
500,territory:Scandinavian minor kingdoms:523,스칸디나비아 소왕국,2.9,4.9851,61.8148
500,territory:Eastern Roman Empire:587,동로마 제국,11.2,17.669,42.7188
500,territory:Eastern Roman Empire:536,동로마 제국,29.3,16.5142,42.7614
500,territory:Eastern Roman Empire:536,동로마 제국,16.8,16.8906,42.9485
500,territory:Eastern Roman Empire:587,동로마 제국,38.6,16.0091,42.9673
500,territory:Eastern Roman Empire:587,동로마 제국,21.0,15.7446,43.0241
500,territory:Eastern Roman Empire:587,동로마 제국,12.4,16.158,43.0528
500,territory:Eastern Roman Empire:536,동로마 제국,10.1,16.5892,43.1935
500,territory:Eastern Roman Empire:536,동로마 제국,6.4,16.6437,43.3353
500,territory:Ostrogothic Kingdom:500,동고트 왕국,1.9,15.0066,44.4507
500,territory:Scandinavian minor kingdoms:523,스칸디나비아 소왕국,3.6,18.5837,59.4947
500,territory:Eastern Roman Empire:534,동로마 제국,10.7,20.6508,38.7362
500,territory:Scandinavian minor kingdoms:523,스칸디나비아 소왕국,2.4,19.1014,57.9155
500,territory:Scandinavian minor kingdoms:523,스칸디나비아 소왕국,4.9,19.5929,60.171
500,territory:Scandinavian minor kingdoms:523,스칸디나비아 소왕국,14.4,19.9543,60.2347
500,territory:Eastern Roman Empire:534,동로마 제국,8.5,23.5052,37.3388
500,territory:Eastern Roman Empire:534,동로마 제국,15.1,23.4882,37.7302
500,territory:Eastern Roman Empire:540,동로마 제국,2.7,23.4951,37.9585
500,territory:Eastern Roman Empire:534,동로마 제국,29.1,23.6983,39.1437
500,territory:Eastern Roman Empire:510,동로마 제국,30.9,27.3668,36.4102
500,territory:Eastern Roman Empire:510,동로마 제국,15.3,27.8188,36.5828
500,territory:Eastern Roman Empire:510,동로마 제국,21.5,25.3195,36.7477
500,territory:Eastern Roman Empire:510,동로마 제국,6.4,26.9874,36.9875
500,territory:Eastern Roman Empire:510,동로마 제국,10.2,25.2035,37.0798
500,territory:Eastern Roman Empire:510,동로마 제국,34.3,24.4875,37.1635
500,territory:Eastern Roman Empire:510,동로마 제국,15.5,24.4201,37.3575
500,territory:Eastern Roman Empire:510,동로마 제국,15.0,24.9137,37.4057
500,territory:Eastern Roman Empire:510,동로마 제국,10.8,25.3748,37.444
500,territory:Eastern Roman Empire:534,동로마 제국,25.0,26.8127,37.734
500,territory:Eastern Roman Empire:510,동로마 제국,19.4,25.5698,40.4688
500,territory:Eastern Roman Empire:534,동로마 제국,18.9,27.6128,40.6268
500,territory:Kingdom of Axum:534,Kingdom of Axum,4.1,42.9382,12.8384
500,territory:Kingdom of Axum:534,Kingdom of Axum,31.3,42.7478,14.0002
500,territory:Kingdom of Axum:534,Kingdom of Axum,14.3,42.587,15.3505
500,territory:Kingdom of Axum:353,Kingdom of Axum,24.4,40.0874,15.715
500,territory:Sasanian Empire:523,사산조 페르시아,2.2,53.8096,24.1797
500,territory:Sasanian Empire:490,사산조 페르시아,6.5,52.6023,24.3268
500,territory:Sasanian Empire:510,사산조 페르시아,2.7,54.2259,24.3362
500,territory:Sasanian Empire:490,사산조 페르시아,18.5,53.3838,24.34
500,territory:Sasanian Empire:592,사산조 페르시아,17.7,53.9823,26.5143
500,territory:Göktürk Khaganate:555,돌궐,34.1,52.6249,45.469
500,territory:Göktürk Khaganate:577,돌궐,12.7,47.9502,45.5785
500,territory:Göktürk Khaganate:577,돌궐,25.4,49.7897,46.2885
600,territory:Kingdom of Axum:602,Kingdom of Axum,2.9,40.314,15.0222
600,territory:Kingdom of Axum:602,Kingdom of Axum,3.9,40.2492,15.1515
600,territory:Rashidun Caliphate:634,정통 칼리프국,31.2,42.4068,15.7254
600,territory:Rashidun Caliphate:633,정통 칼리프국,37.1,41.6874,16.9288
600,territory:Sasanian Empire:626,사산조 페르시아,13.3,52.0107,24.2305
600,territory:Umayyad Caliphate:666,우마이야 칼리프국,23.7,51.7316,24.5858
600,territory:Rashidun Caliphate:633,정통 칼리프국,10.4,37.0901,24.9611
600,territory:Sasanian Empire:617,사산조 페르시아,0.1,55.1164,25.1155
600,territory:Sasanian Empire:602,사산조 페르시아,0.0,55.1746,25.1928
600,territory:Sasanian Empire:602,사산조 페르시아,0.2,55.1725,25.1946
600,territory:Sasanian Empire:602,사산조 페르시아,1.5,55.1568,25.1952
600,territory:Rashidun Caliphate:644,정통 칼리프국,0.1,55.1751,25.1951
600,territory:Sasanian Empire:602,사산조 페르시아,0.2,55.1597,25.1959
600,territory:Sasanian Empire:602,사산조 페르시아,0.3,55.1527,25.1958
600,territory:Sasanian Empire:602,사산조 페르시아,0.2,55.1695,25.1958
600,territory:Rashidun Caliphate:644,정통 칼리프국,0.1,55.1756,25.1965
600,territory:Sasanian Empire:602,사산조 페르시아,0.2,55.1492,25.1969
600,territory:Sasanian Empire:602,사산조 페르시아,0.2,55.1669,25.1969
600,territory:Rashidun Caliphate:644,정통 칼리프국,0.2,55.1729,25.1979
600,territory:Sasanian Empire:602,사산조 페르시아,0.2,55.1537,25.1977
600,territory:Sasanian Empire:602,사산조 페르시아,0.1,55.1507,25.1985
600,territory:Sasanian Empire:602,사산조 페르시아,0.2,55.1561,25.1985
600,territory:Sasanian Empire:602,사산조 페르시아,0.2,55.1693,25.1988
600,territory:Sasanian Empire:602,사산조 페르시아,0.2,55.1466,25.1998
600,territory:Rashidun Caliphate:644,정통 칼리프국,0.2,55.1718,25.2
600,territory:Rashidun Caliphate:644,정통 칼리프국,0.1,55.1751,25.199
600,territory:Sasanian Empire:602,사산조 페르시아,0.2,55.1495,25.2
600,territory:Sasanian Empire:602,사산조 페르시아,0.2,55.1656,25.1998
600,territory:Sasanian Empire:602,사산조 페르시아,0.2,55.1525,25.2005
600,territory:Sasanian Empire:602,사산조 페르시아,0.2,55.1635,25.2009
600,territory:Sasanian Empire:602,사산조 페르시아,0.2,55.1679,25.201
600,territory:Sasanian Empire:602,사산조 페르시아,0.2,55.1558,25.2011
600,territory:Sasanian Empire:602,사산조 페르시아,0.1,55.1479,25.2015
600,territory:Sasanian Empire:602,사산조 페르시아,0.1,55.1656,25.2022
600,territory:Rashidun Caliphate:644,정통 칼리프국,0.2,55.1709,25.2019
600,territory:Sasanian Empire:602,사산조 페르시아,0.2,55.1505,25.2029
600,territory:Rashidun Caliphate:644,정통 칼리프국,0.1,55.1734,25.2023
600,territory:Sasanian Empire:602,사산조 페르시아,0.2,55.1527,25.2031
600,territory:Sasanian Empire:602,사산조 페르시아,0.2,55.1584,25.2028
600,territory:Sasanian Empire:602,사산조 페르시아,0.1,55.1548,25.2038
600,territory:Sasanian Empire:602,사산조 페르시아,0.2,55.1466,25.2041
600,territory:Sasanian Empire:602,사산조 페르시아,0.1,55.1492,25.2039
600,territory:Sasanian Empire:602,사산조 페르시아,0.1,55.1583,25.2055
600,territory:Sasanian Empire:602,사산조 페르시아,0.2,55.1556,25.2056
600,territory:Sasanian Empire:602,사산조 페르시아,0.2,55.1464,25.2067
600,territory:Sasanian Empire:602,사산조 페르시아,0.2,55.1534,25.2067
600,territory:Sasanian Empire:602,사산조 페르시아,0.2,55.1497,25.2069
600,territory:Sasanian Empire:602,사산조 페르시아,0.2,55.1592,25.2076
600,territory:Rashidun Caliphate:644,정통 칼리프국,0.4,55.1751,25.2073
600,territory:Sasanian Empire:602,사산조 페르시아,0.2,55.1566,25.2082
600,territory:Rashidun Caliphate:644,정통 칼리프국,0.1,55.1831,25.2079
600,territory:Sasanian Empire:602,사산조 페르시아,0.2,55.1517,25.2088
600,territory:Rashidun Caliphate:644,정통 칼리프국,0.2,55.1802,25.209
600,territory:Sasanian Empire:602,사산조 페르시아,0.1,55.1456,25.2087
600,territory:Rashidun Caliphate:644,정통 칼리프국,0.2,55.1734,25.2093
600,territory:Rashidun Caliphate:644,정통 칼리프국,0.2,55.1771,25.2092
600,territory:Sasanian Empire:602,사산조 페르시아,0.1,55.1517,25.2104
600,territory:Sasanian Empire:602,사산조 페르시아,0.2,55.1486,25.2104
600,territory:Rashidun Caliphate:641,정통 칼리프국,0.1,55.1848,25.2108
600,territory:Sasanian Empire:602,사산조 페르시아,0.1,55.1461,25.2111
600,territory:Rashidun Caliphate:644,정통 칼리프국,0.2,55.1705,25.2103
600,territory:Rashidun Caliphate:641,정통 칼리프국,0.1,55.1826,25.2113
600,territory:Rashidun Caliphate:644,정통 칼리프국,0.2,55.175,25.2114
600,territory:Rashidun Caliphate:641,정통 칼리프국,0.1,55.1807,25.2126
600,territory:Rashidun Caliphate:641,정통 칼리프국,0.2,55.1846,25.2131
600,territory:Rashidun Caliphate:644,정통 칼리프국,0.2,55.172,25.2132
600,territory:Rashidun Caliphate:644,정통 칼리프국,0.2,55.1778,25.2132
600,territory:Sasanian Empire:602,사산조 페르시아,0.5,55.1567,25.2135
600,territory:Sasanian Empire:602,사산조 페르시아,0.2,55.154,25.214
600,territory:Rashidun Caliphate:644,정통 칼리프국,0.3,55.1681,25.214
600,territory:Rashidun Caliphate:644,정통 칼리프국,0.1,55.1757,25.2145
600,territory:Rashidun Caliphate:641,정통 칼리프국,0.1,55.1815,25.2144
600,territory:Sasanian Empire:602,사산조 페르시아,0.3,55.1461,25.2149
600,territory:Rashidun Caliphate:641,정통 칼리프국,0.1,55.1831,25.2151
600,territory:Rashidun Caliphate:644,정통 칼리프국,0.1,55.1781,25.2154
600,territory:Sasanian Empire:602,사산조 페르시아,0.2,55.151,25.2155
600,territory:Rashidun Caliphate:644,정통 칼리프국,0.4,55.1637,25.2158
600,territory:Sasanian Empire:602,사산조 페르시아,0.1,55.1445,25.2156
600,territory:Sasanian Empire:602,사산조 페르시아,0.1,55.1519,25.2164
600,territory:Sasanian Empire:602,사산조 페르시아,0.2,55.1555,25.2166
600,territory:Rashidun Caliphate:641,정통 칼리프국,0.1,55.1813,25.2168
600,territory:Sasanian Empire:602,사산조 페르시아,0.2,55.1487,25.2162
600,territory:Rashidun Caliphate:644,정통 칼리프국,0.1,55.1753,25.2167
600,territory:Rashidun Caliphate:644,정통 칼리프국,0.2,55.1681,25.2169
600,territory:Rashidun Caliphate:644,정통 칼리프국,0.1,55.1705,25.2163
600,territory:Rashidun Caliphate:644,정통 칼리프국,0.1,55.1771,25.2166
600,territory:Sasanian Empire:602,사산조 페르시아,0.1,55.1533,25.2173
600,territory:Rashidun Caliphate:644,정통 칼리프국,0.1,55.1646,25.2174
600,territory:Rashidun Caliphate:644,정통 칼리프국,0.1,55.1721,25.2177
600,territory:Sasanian Empire:602,사산조 페르시아,0.1,55.146,25.2177
600,territory:Rashidun Caliphate:641,정통 칼리프국,0.2,55.1838,25.2181
600,territory:Umayyad Caliphate:674,우마이야 칼리프국,0.2,55.1881,25.2185
600,territory:Rashidun Caliphate:644,정통 칼리프국,0.1,55.1708,25.2184
600,territory:Sasanian Empire:602,사산조 페르시아,0.1,55.1497,25.2188
600,territory:Rashidun Caliphate:644,정통 칼리프국,0.1,55.1676,25.2182
600,territory:Sasanian Empire:602,사산조 페르시아,0.5,55.1399,25.2059
600,territory:Sasanian Empire:602,사산조 페르시아,0.1,55.1523,25.2189
600,territory:Sasanian Empire:602,사산조 페르시아,0.2,55.1555,25.2192
600,territory:Umayyad Caliphate:674,우마이야 칼리프국,0.0,55.1902,25.2191
600,territory:Rashidun Caliphate:641,정통 칼리프국,0.3,55.1795,25.2197
600,territory:Rashidun Caliphate:644,정통 칼리프국,0.1,55.1696,25.2193
600,territory:Rashidun Caliphate:644,정통 칼리프국,0.2,55.1762,25.2198
600,territory:Umayyad Caliphate:674,우마이야 칼리프국,0.1,55.1886,25.22
600,territory:Rashidun Caliphate:641,정통 칼리프국,0.2,55.1819,25.2196
600,territory:Rashidun Caliphate:641,정통 칼리프국,0.1,55.1779,25.2198
600,territory:Rashidun Caliphate:644,정통 칼리프국,0.1,55.1747,25.22
600,territory:Sasanian Empire:602,사산조 페르시아,0.1,55.1509,25.2203
600,territory:Sasanian Empire:602,사산조 페르시아,0.2,55.1468,25.2204
600,territory:Rashidun Caliphate:644,정통 칼리프국,0.2,55.1665,25.221
600,territory:Sasanian Empire:602,사산조 페르시아,0.1,55.1455,25.2209
600,territory:Sasanian Empire:602,사산조 페르시아,0.1,55.1484,25.2212
600,territory:Sasanian Empire:602,사산조 페르시아,0.1,55.1439,25.2214
600,territory:Rashidun Caliphate:644,정통 칼리프국,0.2,55.1686,25.2215
600,territory:Rashidun Caliphate:644,정통 칼리프국,0.2,55.172,25.221
600,territory:Rashidun Caliphate:644,정통 칼리프국,0.1,55.1769,25.2218
600,territory:Rashidun Caliphate:644,정통 칼리프국,0.1,55.1746,25.2221
600,territory:Rashidun Caliphate:641,정통 칼리프국,0.2,55.1813,25.2219
600,territory:Sasanian Empire:602,사산조 페르시아,0.2,55.1529,25.2217
600,territory:Rashidun Caliphate:644,정통 칼리프국,0.2,55.1695,25.2237
600,territory:Sasanian Empire:602,사산조 페르시아,0.1,55.1495,25.2234
600,territory:Rashidun Caliphate:644,정통 칼리프국,0.4,55.1628,25.2231
600,territory:Rashidun Caliphate:644,정통 칼리프국,0.1,55.1733,25.2237
600,territory:Umayyad Caliphate:674,우마이야 칼리프국,0.3,55.1876,25.2237
600,territory:Sasanian Empire:602,사산조 페르시아,0.1,55.1469,25.2246
600,territory:Rashidun Caliphate:641,정통 칼리프국,0.2,55.1781,25.2242
600,territory:Sasanian Empire:617,사산조 페르시아,0.2,55.1918,25.225
600,territory:Sasanian Empire:602,사산조 페르시아,0.2,55.1432,25.2245
600,territory:Rashidun Caliphate:641,정통 칼리프국,0.2,55.1754,25.2252
600,territory:Rashidun Caliphate:641,정통 칼리프국,0.2,55.184,25.2242
600,territory:Rashidun Caliphate:641,정통 칼리프국,0.1,55.1814,25.225
600,territory:Sasanian Empire:617,사산조 페르시아,0.2,55.1894,25.2257
600,territory:Rashidun Caliphate:641,정통 칼리프국,0.1,55.1853,25.2255
600,territory:Rashidun Caliphate:644,정통 칼리프국,0.1,55.1708,25.2254
600,territory:Rashidun Caliphate:644,정통 칼리프국,0.3,55.1651,25.2266
600,territory:Sasanian Empire:602,사산조 페르시아,0.2,55.1485,25.2265
600,territory:Rashidun Caliphate:644,정통 칼리프국,0.2,55.1661,25.2248
600,territory:Rashidun Caliphate:641,정통 칼리프국,0.2,55.1778,25.2271
600,territory:Sasanian Empire:617,사산조 페르시아,0.1,55.189,25.2273
600,territory:Rashidun Caliphate:644,정통 칼리프국,0.2,55.1623,25.227
600,territory:Rashidun Caliphate:644,정통 칼리프국,0.2,55.1729,25.2269
600,territory:Rashidun Caliphate:641,정통 칼리프국,0.1,55.1801,25.2273
600,territory:Rashidun Caliphate:644,정통 칼리프국,0.1,55.175,25.2274
600,territory:Rashidun Caliphate:641,정통 칼리프국,0.2,55.1831,25.228
600,territory:Sasanian Empire:617,사산조 페르시아,0.2,55.1864,25.2283
600,territory:Rashidun Caliphate:644,정통 칼리프국,0.2,55.1698,25.2291
600,territory:Rashidun Caliphate:641,정통 칼리프국,0.1,55.1808,25.2292
600,territory:Rashidun Caliphate:644,정통 칼리프국,0.2,55.1732,25.2296
600,territory:Sasanian Empire:617,사산조 페르시아,0.2,55.1869,25.2305
600,territory:Rashidun Caliphate:641,정통 칼리프국,0.3,55.1773,25.2302
600,territory:Rashidun Caliphate:641,정통 칼리프국,0.2,55.1841,25.2305
600,territory:Rashidun Caliphate:644,정통 칼리프국,0.1,55.1713,25.2306
600,territory:Rashidun Caliphate:641,정통 칼리프국,0.1,55.1807,25.2309
600,territory:Sasanian Empire:617,사산조 페르시아,0.2,55.1896,25.2308
600,territory:Rashidun Caliphate:644,정통 칼리프국,0.2,55.1673,25.2298
600,territory:Rashidun Caliphate:644,정통 칼리프국,0.2,55.1647,25.2317
600,territory:Sasanian Empire:617,사산조 페르시아,0.1,55.1874,25.2321
600,territory:Rashidun Caliphate:644,정통 칼리프국,0.2,55.1742,25.232
600,territory:Sasanian Empire:617,사산조 페르시아,0.1,55.19,25.2326
600,territory:Sasanian Empire:617,사산조 페르시아,0.1,55.1875,25.2335
600,territory:Rashidun Caliphate:641,정통 칼리프국,0.2,55.1822,25.2333
600,territory:Sasanian Empire:617,사산조 페르시아,0.1,55.191,25.2341
600,territory:Rashidun Caliphate:644,정통 칼리프국,0.1,55.1761,25.2337
600,territory:Rashidun Caliphate:644,정통 칼리프국,0.2,55.1711,25.234
600,territory:Rashidun Caliphate:641,정통 칼리프국,0.2,55.1843,25.234
600,territory:Rashidun Caliphate:644,정통 칼리프국,0.1,55.1791,25.2352
600,territory:Rashidun Caliphate:644,정통 칼리프국,0.2,55.1689,25.2348
600,territory:Rashidun Caliphate:644,정통 칼리프국,0.3,55.1631,25.2345
600,territory:Rashidun Caliphate:641,정통 칼리프국,0.2,55.186,25.2361
600,territory:Rashidun Caliphate:641,정통 칼리프국,0.1,55.1825,25.2362
600,territory:Rashidun Caliphate:644,정통 칼리프국,0.3,55.176,25.237
600,territory:Rashidun Caliphate:644,정통 칼리프국,0.1,55.1787,25.2374
600,territory:Rashidun Caliphate:644,정통 칼리프국,0.2,55.1732,25.2374
600,territory:Rashidun Caliphate:644,정통 칼리프국,0.2,55.1692,25.2379
600,territory:Rashidun Caliphate:644,정통 칼리프국,0.1,55.1752,25.2391
600,territory:Rashidun Caliphate:644,정통 칼리프국,0.2,55.1798,25.2393
600,territory:Rashidun Caliphate:641,정통 칼리프국,0.2,55.1842,25.239
600,territory:Rashidun Caliphate:644,정통 칼리프국,0.2,55.1775,25.24
600,territory:Rashidun Caliphate:641,정통 칼리프국,0.3,55.1896,25.2388
600,territory:Rashidun Caliphate:644,정통 칼리프국,0.3,55.1658,25.2391
600,territory:Rashidun Caliphate:644,정통 칼리프국,0.1,55.1806,25.2406
600,territory:Rashidun Caliphate:641,정통 칼리프국,0.2,55.1863,25.2413
600,territory:Rashidun Caliphate:641,정통 칼리프국,0.5,55.1979,25.2404
600,territory:Rashidun Caliphate:644,정통 칼리프국,0.2,55.1678,25.2418
600,territory:Rashidun Caliphate:644,정통 칼리프국,0.1,55.1816,25.2419
600,territory:Rashidun Caliphate:644,정통 칼리프국,0.3,55.1722,25.241
600,territory:Rashidun Caliphate:644,정통 칼리프국,0.2,55.1783,25.2422
600,territory:Rashidun Caliphate:641,정통 칼리프국,0.1,55.187,25.2426
600,territory:Rashidun Caliphate:641,정통 칼리프국,0.2,55.1837,25.243
600,territory:Rashidun Caliphate:644,정통 칼리프국,0.2,55.175,25.2424
600,territory:Rashidun Caliphate:644,정통 칼리프국,0.1,55.1735,25.244
600,territory:Rashidun Caliphate:644,정통 칼리프국,0.1,55.1792,25.2442
600,territory:Rashidun Caliphate:641,정통 칼리프국,0.1,55.1862,25.2444
600,territory:Sasanian Empire:602,사산조 페르시아,0.6,55.1319,25.2177
600,territory:Rashidun Caliphate:641,정통 칼리프국,0.3,55.1825,25.2471
600,territory:Rashidun Caliphate:641,정통 칼리프국,0.3,55.1747,25.2486
600,territory:Sasanian Empire:602,사산조 페르시아,1.1,55.1571,25.25
600,territory:Sasanian Empire:638,사산조 페르시아,23.4,55.3051,26.269
600,territory:Rashidun Caliphate:633,정통 칼리프국,1.4,35.7657,27.1078
600,territory:Byzantine Empire:638,비잔티움 제국,14.2,25.7058,34.8736
600,territory:Byzantine Empire:638,비잔티움 제국,11.1,26.1363,34.9346
600,territory:Umayyad Caliphate:692,우마이야 칼리프국,8.2,-2.4427,35.178
600,territory:Umayyad Caliphate:692,우마이야 칼리프국,1.6,-2.4216,35.1796
600,territory:Umayyad Caliphate:692,우마이야 칼리프국,0.7,-2.4313,35.1837
600,territory:Umayyad Caliphate:692,우마이야 칼리프국,0.7,-3.9025,35.2154
600,territory:Umayyad Caliphate:692,우마이야 칼리프국,0.2,-3.9006,35.2175
600,territory:Byzantine Empire:638,비잔티움 제국,9.8,25.2147,35.4461
600,territory:Byzantine Empire:692,비잔티움 제국,4.9,-5.4186,35.9126
600,territory:Eastern Roman Empire:592,동로마 제국,6.1,29.6571,36.1342
600,territory:Eastern Roman Empire:592,동로마 제국,6.6,29.7467,36.1286
600,territory:Eastern Roman Empire:612,동로마 제국,4.0,29.4966,36.157
600,territory:Byzantine Empire:656,비잔티움 제국,5.3,29.5849,36.143
600,territory:Byzantine Empire:634,비잔티움 제국,6.8,33.7804,36.1762
600,territory:Byzantine Empire:666,비잔티움 제국,1.7,29.8792,36.1835
600,territory:Byzantine Empire:638,비잔티움 제국,4.5,22.9586,36.4866
600,territory:Byzantine Empire:638,비잔티움 제국,4.7,28.1257,36.5989
600,territory:Byzantine Empire:666,비잔티움 제국,4.8,28.9183,36.6684
600,territory:Byzantine Empire:638,비잔티움 제국,1.6,27.1401,36.9429
600,territory:Eastern Roman Empire:629,동로마 제국,18.7,27.4647,36.9758
600,territory:Byzantine Empire:638,비잔티움 제국,9.3,27.0912,37.0593
600,territory:Eastern Roman Empire:628,동로마 제국,12.1,21.5492,37.0489
600,territory:Byzantine Empire:633,비잔티움 제국,16.6,10.8032,37.1291
600,territory:Eastern Roman Empire:629,동로마 제국,13.2,27.0892,37.2864
600,territory:Eastern Roman Empire:629,동로마 제국,28.8,26.757,37.3005
600,territory:Eastern Roman Empire:629,동로마 제국,5.3,26.7337,37.387
600,territory:Eastern Roman Empire:629,동로마 제국,17.3,26.9735,37.4605
600,territory:Byzantine Empire:638,비잔티움 제국,26.6,23.9273,37.4756
600,territory:Eastern Roman Empire:617,동로마 제국,35.1,8.9372,37.5288
600,territory:Eastern Roman Empire:629,동로마 제국,0.2,27.1646,37.5786
600,territory:Byzantine Empire:638,비잔티움 제국,9.9,26.4286,37.5831
600,territory:Byzantine Empire:638,비잔티움 제국,4.9,26.5115,37.5906
600,territory:Byzantine Empire:638,비잔티움 제국,14.3,23.948,37.6486
600,territory:Byzantine Empire:638,비잔티움 제국,7.9,24.1228,37.7016
600,territory:Eastern Roman Empire:592,동로마 제국,10.8,23.7592,37.769
600,territory:Eastern Roman Empire:629,동로마 제국,21.0,24.2583,38.0038
600,territory:Eastern Roman Empire:612,동로마 제국,4.0,26.3417,38.4391
600,territory:Byzantine Empire:638,비잔티움 제국,5.0,26.2841,38.5035
600,territory:Byzantine Empire:638,비잔티움 제국,0.2,26.2288,38.5215
600,territory:Byzantine Empire:674,비잔티움 제국,11.4,26.7121,38.5036
600,territory:Byzantine Empire:638,비잔티움 제국,26.9,25.5105,38.541
600,territory:Byzantine Empire:638,비잔티움 제국,2.1,24.358,38.8379
600,territory:Byzantine Empire:638,비잔티움 제국,22.2,24.1084,39.0785
600,territory:Eastern Roman Empire:592,동로마 제국,19.3,20.2293,39.1444
600,territory:Byzantine Empire:638,비잔티움 제국,27.6,24.322,39.3498
600,territory:Visigothic Kingdom:612,서고트 왕국,8.3,-9.5086,39.4157
600,territory:Byzantine Empire:638,비잔티움 제국,13.2,24.1686,39.3946
600,territory:Byzantine Empire:638,비잔티움 제국,18.9,19.5232,39.7704
600,territory:Byzantine Empire:638,비잔티움 제국,11.3,19.3991,39.85
600,territory:Byzantine Empire:638,비잔티움 제국,10.4,19.5814,39.8853
600,territory:Eastern Roman Empire:628,동로마 제국,9.6,23.9066,40.3248
600,territory:Eastern Roman Empire:629,동로마 제국,8.4,19.2804,40.4934
600,territory:Byzantine Empire:638,비잔티움 제국,18.9,14.2279,40.5502
600,territory:Byzantine Empire:674,비잔티움 제국,9.9,28.5278,40.5314
600,territory:Eastern Roman Empire:612,동로마 제국,14.3,14.0141,40.7542
600,territory:Eastern Roman Empire:627,동로마 제국,3.4,29.1137,40.8508
600,territory:Byzantine Empire:641,비잔티움 제국,34.7,12.9551,40.9106
600,territory:Byzantine Empire:641,비잔티움 제국,7.9,12.8559,40.9364
600,territory:Byzantine Empire:641,비잔티움 제국,6.3,13.0567,40.9706
600,territory:Byzantine Empire:638,비잔티움 제국,0.1,9.3416,41.2427
600,territory:Byzantine Empire:638,비잔티움 제국,2.6,9.3419,41.2833
600,territory:Byzantine Empire:638,비잔티움 제국,1.9,9.3712,41.299
600,territory:Byzantine Empire:638,비잔티움 제국,1.3,9.3411,41.3022
600,territory:Byzantine Empire:638,비잔티움 제국,2.7,9.2528,41.3366
600,territory:Byzantine Empire:638,비잔티움 제국,1.0,9.2576,41.367
600,territory:Kingdom of Italy:587,Kingdom of Italy,15.1,15.4859,42.1105
600,territory:Kingdom of Italy:628,Kingdom of Italy,20.0,11.0983,42.2489
600,territory:Byzantine Empire:638,비잔티움 제국,6.2,17.8807,42.7268
600,territory:Byzantine Empire:638,비잔티움 제국,31.7,16.5143,42.7615
600,territory:Byzantine Empire:638,비잔티움 제국,39.5,16.0091,42.9673
600,territory:Byzantine Empire:638,비잔티움 제국,21.0,15.7446,43.024
600,territory:Kingdom of the Franks:638,프랑크 왕국,13.1,6.46,43.03
600,territory:Byzantine Empire:638,비잔티움 제국,1.0,16.6998,43.0909
600,territory:Kingdom of Italy:644,Kingdom of Italy,36.8,9.9059,43.4392
600,territory:Byzantine Empire:638,비잔티움 제국,1.5,16.1436,43.4401
600,territory:Kingdom of the Franks:617,프랑크 왕국,3.5,7.0471,43.5205
600,territory:Eastern Roman Empire:628,동로마 제국,4.7,15.8502,43.6851
600,territory:Eastern Roman Empire:629,동로마 제국,7.5,15.7006,43.6957
600,territory:Eastern Roman Empire:592,동로마 제국,4.8,15.6076,43.8011
600,territory:Eastern Roman Empire:629,동로마 제국,7.8,15.1114,44.0403
600,territory:Byzantine Empire:638,비잔티움 제국,2.0,15.0669,44.3058
600,territory:Eastern Roman Empire:612,동로마 제국,19.3,14.6928,44.3826
600,territory:Eastern Roman Empire:626,동로마 제국,7.5,14.9181,44.4305
600,territory:Western Göktürks:627,서돌궐,33.6,47.4991,44.4544
600,territory:Eastern Roman Empire:612,동로마 제국,3.3,14.2998,44.5093
600,territory:Byzantine Empire:638,비잔티움 제국,0.6,13.7642,44.9064
600,territory:Eastern Roman Empire:629,동로마 제국,5.9,14.7948,44.9131
600,territory:Eastern Roman Empire:612,동로마 제국,4.1,14.5204,44.9729
600,territory:Eastern Roman Empire:592,동로마 제국,4.1,12.4021,45.4588
600,territory:Western Göktürks:629,서돌궐,18.0,48.5803,45.714
600,territory:Western Göktürks:602,서돌궐,19.7,52.9954,46.4123
600,territory:Kingdom of the Franks:592,프랑크 왕국,8.9,-1.8312,48.8713
600,territory:Aquitaine:666,아키텐,34.3,-2.4514,49.4704
600,territory:Brythons:592,Brythons,0.3,-4.6944,51.6374
600,territory:Brythons:592,Brythons,0.9,-5.2937,51.7333
600,territory:Brythons:592,Brythons,2.7,-5.3412,51.8667
600,territory:Kingdom of Northumbria:626,Kingdom of Northumbria,30.4,-4.7907,52.7586
600,territory:Scandinavian minor kingdoms:523,스칸디나비아 소왕국,0.8,15.399,56.1522
600,territory:Scandinavian minor kingdoms:523,스칸디나비아 소왕국,1.1,16.5981,57.1083
600,territory:Scandinavian minor kingdoms:523,스칸디나비아 소왕국,9.0,16.7921,57.2514
600,territory:Scandinavian minor kingdoms:523,스칸디나비아 소왕국,0.3,16.6966,57.5139
600,territory:Scandinavian minor kingdoms:523,스칸디나비아 소왕국,2.0,16.6976,57.6001
600,territory:Scandinavian minor kingdoms:523,스칸디나비아 소왕국,2.2,11.7572,57.6425
600,territory:Scandinavian minor kingdoms:523,스칸디나비아 소왕국,2.4,11.6462,57.7039
600,territory:Scandinavian minor kingdoms:523,스칸디나비아 소왕국,1.5,16.6975,57.7941
600,territory:Scandinavian minor kingdoms:523,스칸디나비아 소왕국,2.2,16.7464,57.8285
600,territory:Scandinavian minor kingdoms:523,스칸디나비아 소왕국,3.8,11.6046,57.8729
600,territory:Scandinavian minor kingdoms:523,스칸디나비아 소왕국,5.3,16.926,58.1921
600,territory:Scandinavian minor kingdoms:523,스칸디나비아 소왕국,1.9,6.5997,58.2194
600,territory:Scandinavian minor kingdoms:523,스칸디나비아 소왕국,5.8,17.0189,58.2592
600,territory:Scandinavian minor kingdoms:523,스칸디나비아 소왕국,3.0,16.9173,58.2559
600,territory:Scandinavian minor kingdoms:523,스칸디나비아 소왕국,6.0,16.9621,58.4248
600,territory:Scandinavian minor kingdoms:523,스칸디나비아 소왕국,3.5,16.9741,58.4937
600,territory:Scandinavian minor kingdoms:523,스칸디나비아 소왕국,1.5,16.9203,58.5145
600,territory:Scandinavian minor kingdoms:523,스칸디나비아 소왕국,4.4,17.4723,58.7121
600,territory:Scandinavian minor kingdoms:523,스칸디나비아 소왕국,0.9,17.458,58.7382
600,territory:Scandinavian minor kingdoms:523,스칸디나비아 소왕국,7.1,17.8633,58.7523
600,territory:Scandinavian minor kingdoms:523,스칸디나비아 소왕국,3.4,17.6333,58.8252
600,territory:Scandinavian minor kingdoms:523,스칸디나비아 소왕국,2.6,17.7137,58.846
600,territory:Scandinavian minor kingdoms:523,스칸디나비아 소왕국,9.2,18.1206,58.8744
600,territory:Scandinavian minor kingdoms:523,스칸디나비아 소왕국,2.3,17.8359,58.8469
600,territory:Scandinavian minor kingdoms:523,스칸디나비아 소왕국,6.7,11.024,58.8902
600,territory:Scandinavian minor kingdoms:523,스칸디나비아 소왕국,2.8,18.1769,58.9225
600,territory:Scandinavian minor kingdoms:523,스칸디나비아 소왕국,1.8,18.0183,58.9538
600,territory:Scandinavian minor kingdoms:523,스칸디나비아 소왕국,1.0,18.1634,59.048
600,territory:Scandinavian minor kingdoms:523,스칸디나비아 소왕국,13.4,18.5239,59.0442
600,territory:Scandinavian minor kingdoms:523,스칸디나비아 소왕국,6.3,10.942,59.0557
600,territory:Scandinavian minor kingdoms:523,스칸디나비아 소왕국,3.8,18.6039,59.0926
600,territory:Scandinavian minor kingdoms:523,스칸디나비아 소왕국,6.8,18.7421,59.1029
600,territory:Scandinavian minor kingdoms:523,스칸디나비아 소왕국,7.2,10.4284,59.09
600,territory:Scandinavian minor kingdoms:523,스칸디나비아 소왕국,2.0,18.5849,59.1282
600,territory:Scandinavian minor kingdoms:523,스칸디나비아 소왕국,4.0,18.646,59.1804
600,territory:Scandinavian minor kingdoms:523,스칸디나비아 소왕국,5.5,5.8405,59.1689
600,territory:Scandinavian minor kingdoms:523,스칸디나비아 소왕국,5.2,10.5501,59.2144
600,territory:Scandinavian minor kingdoms:523,스칸디나비아 소왕국,4.5,18.4195,59.2161
600,territory:Scandinavian minor kingdoms:523,스칸디나비아 소왕국,3.4,18.6035,59.2298
600,territory:Scandinavian minor kingdoms:523,스칸디나비아 소왕국,13.0,18.9162,59.2823
600,territory:Scandinavian minor kingdoms:523,스칸디나비아 소왕국,1.7,18.8758,59.3068
600,territory:Scandinavian minor kingdoms:523,스칸디나비아 소왕국,19.5,4.8822,59.3069
600,territory:Scandinavian minor kingdoms:523,스칸디나비아 소왕국,1.5,18.8871,59.3387
600,territory:Scandinavian minor kingdoms:523,스칸디나비아 소왕국,2.3,10.5262,59.3817
600,territory:Scandinavian minor kingdoms:523,스칸디나비아 소왕국,2.5,18.3769,59.4062
600,territory:Scandinavian minor kingdoms:523,스칸디나비아 소왕국,6.7,19.0195,59.4171
600,territory:Scandinavian minor kingdoms:523,스칸디나비아 소왕국,3.5,18.9549,59.4085
600,territory:Scandinavian minor kingdoms:523,스칸디나비아 소왕국,11.0,19.2156,59.4382
600,territory:Scandinavian minor kingdoms:523,스칸디나비아 소왕국,16.1,19.5055,59.4435
600,territory:Scandinavian minor kingdoms:523,스칸디나비아 소왕국,6.5,18.6869,59.4508
600,territory:Scandinavian minor kingdoms:523,스칸디나비아 소왕국,2.6,18.7794,59.4736
600,territory:Scandinavian minor kingdoms:523,스칸디나비아 소왕국,3.8,19.1665,59.4974
600,territory:Scandinavian minor kingdoms:523,스칸디나비아 소왕국,7.6,19.0477,59.5703
600,territory:Scandinavian minor kingdoms:523,스칸디나비아 소왕국,4.8,19.1661,59.592
600,territory:Scandinavian minor kingdoms:523,스칸디나비아 소왕국,3.7,19.2459,59.6048
600,territory:Scandinavian minor kingdoms:523,스칸디나비아 소왕국,3.5,19.0363,59.6447
600,territory:Scandinavian minor kingdoms:523,스칸디나비아 소왕국,3.6,19.1388,59.656
600,territory:Scandinavian minor kingdoms:523,스칸디나비아 소왕국,1.8,19.1871,59.6649
600,territory:Scandinavian minor kingdoms:523,스칸디나비아 소왕국,0.9,19.1625,59.6757
600,territory:Scandinavian minor kingdoms:523,스칸디나비아 소왕국,9.9,19.4044,59.7065
600,territory:Scandinavian minor kingdoms:523,스칸디나비아 소왕국,4.5,19.13,59.7496
600,territory:Scandinavian minor kingdoms:523,스칸디나비아 소왕국,2.2,19.179,59.7759
600,territory:Scandinavian minor kingdoms:523,스칸디나비아 소왕국,1.9,19.0911,59.7844
600,territory:Scandinavian minor kingdoms:523,스칸디나비아 소왕국,29.6,19.9212,59.8387
600,territory:Scandinavian minor kingdoms:523,스칸디나비아 소왕국,3.2,19.1182,59.8457
600,territory:Scandinavian minor kingdoms:523,스칸디나비아 소왕국,8.3,5.5815,59.8438
600,territory:Scandinavian minor kingdoms:523,스칸디나비아 소왕국,14.1,5.1569,59.9894
600,territory:Scandinavian minor kingdoms:523,스칸디나비아 소왕국,7.6,5.0621,60.1267
600,territory:Scandinavian minor kingdoms:523,스칸디나비아 소왕국,1.0,5.3205,60.1579
600,territory:Scandinavian minor kingdoms:523,스칸디나비아 소왕국,21.4,19.3377,60.195
600,territory:Scandinavian minor kingdoms:523,스칸디나비아 소왕국,1.8,18.5973,60.2017
600,territory:Scandinavian minor kingdoms:523,스칸디나비아 소왕국,1.2,18.523,60.2083
600,territory:Scandinavian minor kingdoms:523,스칸디나비아 소왕국,9.1,19.5004,60.2511
600,territory:Scandinavian minor kingdoms:523,스칸디나비아 소왕국,2.2,18.6169,60.277
600,territory:Scandinavian minor kingdoms:523,스칸디나비아 소왕국,5.4,19.5864,60.3456
600,territory:Scandinavian minor kingdoms:523,스칸디나비아 소왕국,4.4,19.6967,60.3685
600,territory:Scandinavian minor kingdoms:523,스칸디나비아 소왕국,1.2,19.7234,60.3856
600,territory:Scandinavian minor kingdoms:523,스칸디나비아 소왕국,9.2,18.3856,60.5226
600,territory:Scandinavian minor kingdoms:523,스칸디나비아 소왕국,12.3,4.8827,60.5251
600,territory:Scandinavian minor kingdoms:523,스칸디나비아 소왕국,12.5,4.72,60.767
600,territory:Scandinavian minor kingdoms:523,스칸디나비아 소왕국,14.3,17.3274,60.7961
600,territory:Scandinavian minor kingdoms:523,스칸디나비아 소왕국,2.2,4.9904,60.893
600,territory:Scandinavian minor kingdoms:523,스칸디나비아 소왕국,13.3,17.2329,61.0412
600,territory:Scandinavian minor kingdoms:523,스칸디나비아 소왕국,0.8,5.0366,61.1423
600,territory:Scandinavian minor kingdoms:523,스칸디나비아 소왕국,6.8,17.315,61.1557
600,territory:Scandinavian minor kingdoms:523,스칸디나비아 소왕국,13.7,4.717,61.3006
600,territory:Scandinavian minor kingdoms:523,스칸디나비아 소왕국,4.4,4.84,61.3465
600,territory:Scandinavian minor kingdoms:523,스칸디나비아 소왕국,6.0,4.9439,61.5199
600,territory:Scandinavian minor kingdoms:523,스칸디나비아 소왕국,20.7,17.422,61.5487
600,territory:Scandinavian minor kingdoms:523,스칸디나비아 소왕국,4.4,17.2797,61.5634
600,territory:Scandinavian minor kingdoms:523,스칸디나비아 소왕국,5.3,4.8582,61.6119
600,territory:Scandinavian minor kingdoms:523,스칸디나비아 소왕국,10.2,17.5391,61.7234
600,territory:Scandinavian minor kingdoms:523,스칸디나비아 소왕국,6.4,4.8558,61.7787
600,territory:Scandinavian minor kingdoms:523,스칸디나비아 소왕국,12.0,17.4838,61.9534
600,territory:Scandinavian minor kingdoms:523,스칸디나비아 소왕국,1.3,17.5165,61.9556
600,territory:Kingdom of Axum:534,Kingdom of Axum,22.0,43.4311,12.472
600,territory:Kingdom of Axum:534,Kingdom of Axum,37.5,42.944,12.8885
600,territory:Kingdom of Axum:534,Kingdom of Axum,3.4,42.9293,12.9342
600,territory:Kingdom of Axum:534,Kingdom of Axum,9.1,42.8494,13.028
600,territory:Kingdom of the Franks:592,프랑크 왕국,22.0,6.5831,53.5406
600,territory:Saxons:567,Saxons,37.7,6.8907,53.6379
600,territory:Kingdom of Northumbria:626,Kingdom of Northumbria,1.2,-4.8168,54.0522
600,territory:Saxons:633,Saxons,8.9,8.6745,54.0609
600,territory:Scandinavian minor kingdoms:523,스칸디나비아 소왕국,6.5,11.537,54.9662
600,territory:Scandinavian minor kingdoms:523,스칸디나비아 소왕국,11.1,15.1923,55.3194
600,territory:Scandinavian minor kingdoms:523,스칸디나비아 소왕국,11.0,12.7593,55.6433
600,territory:Scandinavian minor kingdoms:523,스칸디나비아 소왕국,2.3,10.3102,55.765
600,territory:Scandinavian minor kingdoms:523,스칸디나비아 소왕국,5.1,12.7021,55.9057
600,territory:Scandinavian minor kingdoms:523,스칸디나비아 소왕국,6.4,14.8439,56.0098
600,territory:Scandinavian minor kingdoms:523,스칸디나비아 소왕국,4.4,15.791,56.0247
600,territory:Scandinavian minor kingdoms:523,스칸디나비아 소왕국,2.1,14.9697,56.1178
600,territory:Scandinavian minor kingdoms:523,스칸디나비아 소왕국,3.5,15.4618,56.1105
600,territory:Scandinavian minor kingdoms:523,스칸디나비아 소왕국,3.2,15.5391,56.113
600,territory:Scandinavian minor kingdoms:523,스칸디나비아 소왕국,2.6,15.6148,56.1148
600,territory:Byzantine Empire:638,비잔티움 제국,7.0,1.4455,38.715
600,territory:Aquitaine:661,아키텐,3.7,-1.2913,45.96
600,territory:Burgundian Kingdom:602,부르군트 왕국,19.1,-2.1105,49.207
600,territory:Aquitaine:666,아키텐,9.7,-2.5891,49.4647
600,territory:Kingdom of Mercia:692,Kingdom of Mercia,7.0,0.838,51.3912
600,territory:Kingdom of the Franks:692,프랑크 왕국,6.3,4.8118,53.0827
600,territory:Brythons:592,Brythons,18.4,-5.2354,55.5703
600,territory:Brythons:592,Brythons,6.7,-5.0842,55.8238
600,territory:Brythons:592,Brythons,38.7,-5.9046,55.9802
600,territory:Brythons:592,Brythons,22.4,-5.9219,56.4548
600,territory:Eastern Roman Empire:612,동로마 제국,17.9,10.8766,33.7675
600,territory:Eastern Roman Empire:617,동로마 제국,22.6,11.0408,34.6388
600,territory:Eastern Roman Empire:617,동로마 제국,7.7,11.1821,34.696
600,territory:Byzantine Empire:638,비잔티움 제국,6.8,8.2864,39.1752
600,territory:Eastern Roman Empire:612,동로마 제국,8.2,13.9058,40.7253
600,territory:Kingdom of the Franks:592,프랑크 왕국,28.4,5.348,53.4098
600,territory:Scandinavian minor kingdoms:523,스칸디나비아 소왕국,14.8,11.1345,54.4735
600,territory:Scandinavian minor kingdoms:523,스칸디나비아 소왕국,7.7,8.5003,54.7218
600,territory:Scandinavian minor kingdoms:523,스칸디나비아 소왕국,8.3,10.3929,54.8778
600,territory:Scandinavian minor kingdoms:523,스칸디나비아 소왕국,13.1,12.3556,54.9873
600,territory:Scandinavian minor kingdoms:523,스칸디나비아 소왕국,2.3,12.6039,55.6535
600,territory:Scandinavian minor kingdoms:523,스칸디나비아 소왕국,26.7,10.9805,57.278
600,territory:Scandinavian minor kingdoms:523,스칸디나비아 소왕국,4.5,11.6058,57.976
600,territory:Scandinavian minor kingdoms:523,스칸디나비아 소왕국,3.2,11.656,58.1958
600,territory:Scandinavian minor kingdoms:523,스칸디나비아 소왕국,4.3,5.2395,59.2865
600,territory:Scandinavian minor kingdoms:523,스칸디나비아 소왕국,9.0,5.177,59.8083
600,territory:Scandinavian minor kingdoms:523,스칸디나비아 소왕국,7.7,5.3652,59.8852
600,territory:Scandinavian minor kingdoms:523,스칸디나비아 소왕국,5.4,5.5088,59.9838
600,territory:Scandinavian minor kingdoms:523,스칸디나비아 소왕국,7.8,5.0197,60.3032
600,territory:Scandinavian minor kingdoms:523,스칸디나비아 소왕국,6.3,5.0726,60.4832
600,territory:Scandinavian minor kingdoms:523,스칸디나비아 소왕국,6.5,4.899,61.0877
600,territory:Scandinavian minor kingdoms:523,스칸디나비아 소왕국,2.9,4.9851,61.8148
600,territory:Byzantine Empire:638,비잔티움 제국,32.8,16.339,42.3767
600,territory:Byzantine Empire:638,비잔티움 제국,0.3,16.3357,42.379
600,territory:Byzantine Empire:638,비잔티움 제국,5.3,16.2712,42.3874
600,territory:Byzantine Empire:638,비잔티움 제국,0.3,16.2754,42.3887
600,territory:Byzantine Empire:638,비잔티움 제국,0.9,16.2609,42.392
600,territory:Byzantine Empire:638,비잔티움 제국,6.5,17.669,42.7188
600,territory:Byzantine Empire:638,비잔티움 제국,9.3,16.8906,42.9485
600,territory:Byzantine Empire:638,비잔티움 제국,12.4,16.158,43.0528
600,territory:Byzantine Empire:638,비잔티움 제국,9.2,16.5892,43.1935
600,territory:Byzantine Empire:638,비잔티움 제국,5.8,16.6437,43.3353
600,territory:Byzantine Empire:638,비잔티움 제국,1.6,15.0066,44.4507
600,territory:Scandinavian minor kingdoms:523,스칸디나비아 소왕국,3.6,18.5837,59.4947
600,territory:Eastern Roman Empire:629,동로마 제국,10.7,20.6508,38.7362
600,territory:Scandinavian minor kingdoms:523,스칸디나비아 소왕국,2.4,19.1014,57.9155
600,territory:Scandinavian minor kingdoms:523,스칸디나비아 소왕국,4.9,19.5929,60.171
600,territory:Scandinavian minor kingdoms:523,스칸디나비아 소왕국,14.4,19.9543,60.2347
600,territory:Eastern Roman Empire:629,동로마 제국,8.5,23.5052,37.3388
600,territory:Eastern Roman Empire:629,동로마 제국,15.1,23.4882,37.7302
600,territory:Byzantine Empire:633,비잔티움 제국,2.7,23.4951,37.9585
600,territory:Eastern Roman Empire:629,동로마 제국,29.1,23.6983,39.1437
600,territory:Rashidun Caliphate:638,정통 칼리프국,11.6,36.8936,25.3897
600,territory:Rashidun Caliphate:633,정통 칼리프국,21.4,36.5596,25.6077
600,territory:Umayyad Caliphate:674,우마이야 칼리프국,30.9,27.3668,36.4102
600,territory:Umayyad Caliphate:674,우마이야 칼리프국,15.3,27.8188,36.5828
600,territory:Byzantine Empire:638,비잔티움 제국,21.5,25.3195,36.7477
600,territory:Byzantine Empire:638,비잔티움 제국,6.4,26.9874,36.9875
600,territory:Byzantine Empire:638,비잔티움 제국,10.2,25.2035,37.0798
600,territory:Byzantine Empire:638,비잔티움 제국,34.3,24.4875,37.1635
600,territory:Byzantine Empire:638,비잔티움 제국,15.5,24.4201,37.3575
600,territory:Byzantine Empire:638,비잔티움 제국,15.0,24.9137,37.4057
600,territory:Byzantine Empire:638,비잔티움 제국,10.8,25.3748,37.444
600,territory:Eastern Roman Empire:629,동로마 제국,25.0,26.8127,37.734
600,territory:Byzantine Empire:638,비잔티움 제국,19.4,25.5698,40.4688
600,territory:Eastern Roman Empire:629,동로마 제국,19.0,27.6128,40.6268
600,territory:Kingdom of Axum:534,Kingdom of Axum,4.1,42.9382,12.8384
600,territory:Rashidun Caliphate:647,정통 칼리프국,31.3,42.7478,14.0002
600,territory:Rashidun Caliphate:644,정통 칼리프국,14.3,42.587,15.3505
600,territory:Kingdom of Axum:602,Kingdom of Axum,24.4,40.0874,15.715
600,territory:Rashidun Caliphate:633,정통 칼리프국,13.3,41.9022,16.8567
600,territory:Rashidun Caliphate:633,정통 칼리프국,2.2,53.8096,24.1797
600,territory:Rashidun Caliphate:633,정통 칼리프국,6.4,52.6023,24.3268
600,territory:Rashidun Caliphate:633,정통 칼리프국,2.7,54.2259,24.3362
600,territory:Rashidun Caliphate:633,정통 칼리프국,18.5,53.3838,24.34
600,territory:Sasanian Empire:627,사산조 페르시아,17.7,53.9823,26.5143
600,territory:Western Göktürks:628,서돌궐,30.2,47.7348,43.9705
600,territory:Western Göktürks:626,서돌궐,34.1,52.6249,45.469
600,territory:Khazaria:630,하자르,12.3,47.9502,45.5785
600,territory:Khazaria:674,하자르,25.4,49.7897,46.2885
600,territory:Rashidun Caliphate:656,정통 칼리프국,33.4,56.0424,17.54
700,territory:Kingdom of Axum:602,Kingdom of Axum,2.9,40.314,15.0222
700,territory:Kingdom of Axum:602,Kingdom of Axum,3.9,40.2492,15.1515
700,territory:Abbasid Caliphate:763,아바스 칼리프국,31.2,42.4068,15.7254
700,territory:Umayyad Caliphate:710,우마이야 칼리프국,37.1,41.6874,16.9288
700,territory:Umayyad Caliphate:718,우마이야 칼리프국,13.3,52.0107,24.2305
700,territory:Abbasid Caliphate:778,아바스 칼리프국,23.7,51.7316,24.5858
700,territory:Umayyad Caliphate:750,우마이야 칼리프국,10.4,37.0901,24.9611
700,territory:Umayyad Caliphate:718,우마이야 칼리프국,0.1,55.1164,25.1155
700,territory:Abbasid Caliphate:755,아바스 칼리프국,0.0,55.1746,25.1928
700,territory:Abbasid Caliphate:755,아바스 칼리프국,0.2,55.1725,25.1946
700,territory:Abbasid Caliphate:755,아바스 칼리프국,1.5,55.1568,25.1952
700,territory:Abbasid Caliphate:763,아바스 칼리프국,0.1,55.1751,25.1951
700,territory:Abbasid Caliphate:755,아바스 칼리프국,0.2,55.1597,25.1959
700,territory:Abbasid Caliphate:755,아바스 칼리프국,0.3,55.1527,25.1958
700,territory:Abbasid Caliphate:755,아바스 칼리프국,0.2,55.1695,25.1958
700,territory:Abbasid Caliphate:763,아바스 칼리프국,0.1,55.1756,25.1965
700,territory:Abbasid Caliphate:755,아바스 칼리프국,0.2,55.1492,25.1969
700,territory:Abbasid Caliphate:755,아바스 칼리프국,0.2,55.1669,25.1969
700,territory:Abbasid Caliphate:763,아바스 칼리프국,0.2,55.1729,25.1979
700,territory:Abbasid Caliphate:755,아바스 칼리프국,0.2,55.1537,25.1977
700,territory:Abbasid Caliphate:755,아바스 칼리프국,0.1,55.1507,25.1985
700,territory:Abbasid Caliphate:755,아바스 칼리프국,0.2,55.1561,25.1985
700,territory:Abbasid Caliphate:755,아바스 칼리프국,0.2,55.1693,25.1988
700,territory:Abbasid Caliphate:755,아바스 칼리프국,0.2,55.1466,25.1998
700,territory:Abbasid Caliphate:763,아바스 칼리프국,0.2,55.1718,25.2
700,territory:Abbasid Caliphate:763,아바스 칼리프국,0.1,55.1751,25.199
700,territory:Abbasid Caliphate:755,아바스 칼리프국,0.2,55.1495,25.2
700,territory:Abbasid Caliphate:755,아바스 칼리프국,0.2,55.1656,25.1998
700,territory:Abbasid Caliphate:755,아바스 칼리프국,0.2,55.1525,25.2005
700,territory:Abbasid Caliphate:755,아바스 칼리프국,0.2,55.1635,25.2009
700,territory:Abbasid Caliphate:755,아바스 칼리프국,0.2,55.1679,25.201
700,territory:Abbasid Caliphate:755,아바스 칼리프국,0.2,55.1558,25.2011
700,territory:Abbasid Caliphate:755,아바스 칼리프국,0.1,55.1479,25.2015
700,territory:Abbasid Caliphate:755,아바스 칼리프국,0.1,55.1656,25.2022
700,territory:Abbasid Caliphate:763,아바스 칼리프국,0.2,55.1709,25.2019
700,territory:Abbasid Caliphate:755,아바스 칼리프국,0.2,55.1505,25.2029
700,territory:Abbasid Caliphate:763,아바스 칼리프국,0.1,55.1734,25.2023
700,territory:Abbasid Caliphate:755,아바스 칼리프국,0.2,55.1527,25.2031
700,territory:Abbasid Caliphate:755,아바스 칼리프국,0.2,55.1584,25.2028
700,territory:Abbasid Caliphate:755,아바스 칼리프국,0.1,55.1548,25.2038
700,territory:Abbasid Caliphate:755,아바스 칼리프국,0.2,55.1466,25.2041
700,territory:Abbasid Caliphate:755,아바스 칼리프국,0.1,55.1492,25.2039
700,territory:Abbasid Caliphate:755,아바스 칼리프국,0.1,55.1583,25.2055
700,territory:Abbasid Caliphate:755,아바스 칼리프국,0.2,55.1556,25.2056
700,territory:Abbasid Caliphate:755,아바스 칼리프국,0.2,55.1464,25.2067
700,territory:Abbasid Caliphate:755,아바스 칼리프국,0.2,55.1534,25.2067
700,territory:Abbasid Caliphate:755,아바스 칼리프국,0.2,55.1497,25.2069
700,territory:Abbasid Caliphate:755,아바스 칼리프국,0.2,55.1592,25.2076
700,territory:Abbasid Caliphate:763,아바스 칼리프국,0.4,55.1751,25.2073
700,territory:Abbasid Caliphate:755,아바스 칼리프국,0.2,55.1566,25.2082
700,territory:Abbasid Caliphate:763,아바스 칼리프국,0.1,55.1831,25.2079
700,territory:Abbasid Caliphate:755,아바스 칼리프국,0.2,55.1517,25.2088
700,territory:Abbasid Caliphate:763,아바스 칼리프국,0.2,55.1802,25.209
700,territory:Abbasid Caliphate:755,아바스 칼리프국,0.1,55.1456,25.2087
700,territory:Abbasid Caliphate:763,아바스 칼리프국,0.2,55.1734,25.2093
700,territory:Abbasid Caliphate:763,아바스 칼리프국,0.2,55.1771,25.2092
700,territory:Abbasid Caliphate:755,아바스 칼리프국,0.1,55.1517,25.2104
700,territory:Abbasid Caliphate:755,아바스 칼리프국,0.2,55.1486,25.2104
700,territory:Umayyad Caliphate:732,우마이야 칼리프국,0.1,55.1848,25.2108
700,territory:Abbasid Caliphate:755,아바스 칼리프국,0.1,55.1461,25.2111
700,territory:Abbasid Caliphate:763,아바스 칼리프국,0.2,55.1705,25.2103
700,territory:Umayyad Caliphate:732,우마이야 칼리프국,0.1,55.1826,25.2113
700,territory:Abbasid Caliphate:763,아바스 칼리프국,0.2,55.175,25.2114
700,territory:Umayyad Caliphate:732,우마이야 칼리프국,0.1,55.1807,25.2126
700,territory:Umayyad Caliphate:732,우마이야 칼리프국,0.2,55.1846,25.2131
700,territory:Abbasid Caliphate:763,아바스 칼리프국,0.2,55.172,25.2132
700,territory:Abbasid Caliphate:763,아바스 칼리프국,0.2,55.1778,25.2132
700,territory:Abbasid Caliphate:755,아바스 칼리프국,0.5,55.1567,25.2135
700,territory:Abbasid Caliphate:755,아바스 칼리프국,0.2,55.154,25.214
700,territory:Abbasid Caliphate:763,아바스 칼리프국,0.3,55.1681,25.214
700,territory:Abbasid Caliphate:763,아바스 칼리프국,0.1,55.1757,25.2145
700,territory:Umayyad Caliphate:732,우마이야 칼리프국,0.1,55.1815,25.2144
700,territory:Abbasid Caliphate:755,아바스 칼리프국,0.3,55.1461,25.2149
700,territory:Umayyad Caliphate:732,우마이야 칼리프국,0.1,55.1831,25.2151
700,territory:Abbasid Caliphate:763,아바스 칼리프국,0.1,55.1781,25.2154
700,territory:Abbasid Caliphate:755,아바스 칼리프국,0.2,55.151,25.2155
700,territory:Abbasid Caliphate:763,아바스 칼리프국,0.4,55.1637,25.2158
700,territory:Abbasid Caliphate:755,아바스 칼리프국,0.1,55.1445,25.2156
700,territory:Abbasid Caliphate:755,아바스 칼리프국,0.1,55.1519,25.2164
700,territory:Abbasid Caliphate:755,아바스 칼리프국,0.2,55.1555,25.2166
700,territory:Umayyad Caliphate:732,우마이야 칼리프국,0.1,55.1813,25.2168
700,territory:Abbasid Caliphate:755,아바스 칼리프국,0.2,55.1487,25.2162
700,territory:Abbasid Caliphate:763,아바스 칼리프국,0.1,55.1753,25.2167
700,territory:Abbasid Caliphate:763,아바스 칼리프국,0.2,55.1681,25.2169
700,territory:Abbasid Caliphate:763,아바스 칼리프국,0.1,55.1705,25.2163
700,territory:Abbasid Caliphate:763,아바스 칼리프국,0.1,55.1771,25.2166
700,territory:Abbasid Caliphate:755,아바스 칼리프국,0.1,55.1533,25.2173
700,territory:Abbasid Caliphate:763,아바스 칼리프국,0.1,55.1646,25.2174
700,territory:Abbasid Caliphate:763,아바스 칼리프국,0.1,55.1721,25.2177
700,territory:Abbasid Caliphate:755,아바스 칼리프국,0.1,55.146,25.2177
700,territory:Umayyad Caliphate:732,우마이야 칼리프국,0.2,55.1838,25.2181
700,territory:Umayyad Caliphate:732,우마이야 칼리프국,0.2,55.1881,25.2185
700,territory:Abbasid Caliphate:763,아바스 칼리프국,0.1,55.1708,25.2184
700,territory:Abbasid Caliphate:755,아바스 칼리프국,0.1,55.1497,25.2188
700,territory:Abbasid Caliphate:763,아바스 칼리프국,0.1,55.1676,25.2182
700,territory:Abbasid Caliphate:755,아바스 칼리프국,0.5,55.1399,25.2059
700,territory:Abbasid Caliphate:755,아바스 칼리프국,0.1,55.1523,25.2189
700,territory:Abbasid Caliphate:755,아바스 칼리프국,0.2,55.1555,25.2192
700,territory:Umayyad Caliphate:732,우마이야 칼리프국,0.0,55.1902,25.2191
700,territory:Umayyad Caliphate:732,우마이야 칼리프국,0.3,55.1795,25.2197
700,territory:Abbasid Caliphate:763,아바스 칼리프국,0.1,55.1696,25.2193
700,territory:Abbasid Caliphate:763,아바스 칼리프국,0.2,55.1762,25.2198
700,territory:Umayyad Caliphate:732,우마이야 칼리프국,0.1,55.1886,25.22
700,territory:Umayyad Caliphate:732,우마이야 칼리프국,0.2,55.1819,25.2196
700,territory:Umayyad Caliphate:732,우마이야 칼리프국,0.1,55.1779,25.2198
700,territory:Abbasid Caliphate:763,아바스 칼리프국,0.1,55.1747,25.22
700,territory:Abbasid Caliphate:755,아바스 칼리프국,0.1,55.1509,25.2203
700,territory:Abbasid Caliphate:755,아바스 칼리프국,0.2,55.1468,25.2204
700,territory:Abbasid Caliphate:763,아바스 칼리프국,0.2,55.1665,25.221
700,territory:Abbasid Caliphate:755,아바스 칼리프국,0.1,55.1455,25.2209
700,territory:Abbasid Caliphate:755,아바스 칼리프국,0.1,55.1484,25.2212
700,territory:Abbasid Caliphate:755,아바스 칼리프국,0.1,55.1439,25.2214
700,territory:Abbasid Caliphate:763,아바스 칼리프국,0.2,55.1686,25.2215
700,territory:Abbasid Caliphate:763,아바스 칼리프국,0.2,55.172,25.221
700,territory:Abbasid Caliphate:763,아바스 칼리프국,0.1,55.1769,25.2218
700,territory:Abbasid Caliphate:763,아바스 칼리프국,0.1,55.1746,25.2221
700,territory:Umayyad Caliphate:732,우마이야 칼리프국,0.2,55.1813,25.2219
700,territory:Abbasid Caliphate:755,아바스 칼리프국,0.2,55.1529,25.2217
700,territory:Abbasid Caliphate:763,아바스 칼리프국,0.2,55.1695,25.2237
700,territory:Abbasid Caliphate:755,아바스 칼리프국,0.1,55.1495,25.2234
700,territory:Abbasid Caliphate:763,아바스 칼리프국,0.4,55.1628,25.2231
700,territory:Abbasid Caliphate:763,아바스 칼리프국,0.1,55.1733,25.2237
700,territory:Umayyad Caliphate:732,우마이야 칼리프국,0.3,55.1876,25.2237
700,territory:Abbasid Caliphate:755,아바스 칼리프국,0.1,55.1469,25.2246
700,territory:Umayyad Caliphate:732,우마이야 칼리프국,0.2,55.1781,25.2242
700,territory:Umayyad Caliphate:732,우마이야 칼리프국,0.2,55.1918,25.225
700,territory:Abbasid Caliphate:755,아바스 칼리프국,0.2,55.1432,25.2245
700,territory:Umayyad Caliphate:732,우마이야 칼리프국,0.2,55.1754,25.2252
700,territory:Umayyad Caliphate:732,우마이야 칼리프국,0.2,55.184,25.2242
700,territory:Umayyad Caliphate:732,우마이야 칼리프국,0.1,55.1814,25.225
700,territory:Umayyad Caliphate:732,우마이야 칼리프국,0.2,55.1894,25.2257
700,territory:Umayyad Caliphate:732,우마이야 칼리프국,0.1,55.1853,25.2255
700,territory:Abbasid Caliphate:763,아바스 칼리프국,0.1,55.1708,25.2254
700,territory:Abbasid Caliphate:763,아바스 칼리프국,0.3,55.1651,25.2266
700,territory:Abbasid Caliphate:755,아바스 칼리프국,0.2,55.1485,25.2265
700,territory:Abbasid Caliphate:763,아바스 칼리프국,0.2,55.1661,25.2248
700,territory:Umayyad Caliphate:732,우마이야 칼리프국,0.2,55.1778,25.2271
700,territory:Umayyad Caliphate:732,우마이야 칼리프국,0.1,55.189,25.2273
700,territory:Abbasid Caliphate:763,아바스 칼리프국,0.2,55.1623,25.227
700,territory:Abbasid Caliphate:763,아바스 칼리프국,0.2,55.1729,25.2269
700,territory:Umayyad Caliphate:732,우마이야 칼리프국,0.1,55.1801,25.2273
700,territory:Abbasid Caliphate:763,아바스 칼리프국,0.1,55.175,25.2274
700,territory:Umayyad Caliphate:732,우마이야 칼리프국,0.2,55.1831,25.228
700,territory:Umayyad Caliphate:732,우마이야 칼리프국,0.2,55.1864,25.2283
700,territory:Abbasid Caliphate:763,아바스 칼리프국,0.2,55.1698,25.2291
700,territory:Umayyad Caliphate:732,우마이야 칼리프국,0.1,55.1808,25.2292
700,territory:Abbasid Caliphate:763,아바스 칼리프국,0.2,55.1732,25.2296
700,territory:Umayyad Caliphate:732,우마이야 칼리프국,0.2,55.1869,25.2305
700,territory:Umayyad Caliphate:732,우마이야 칼리프국,0.3,55.1773,25.2302
700,territory:Umayyad Caliphate:732,우마이야 칼리프국,0.2,55.1841,25.2305
700,territory:Abbasid Caliphate:763,아바스 칼리프국,0.1,55.1713,25.2306
700,territory:Umayyad Caliphate:732,우마이야 칼리프국,0.1,55.1807,25.2309
700,territory:Umayyad Caliphate:732,우마이야 칼리프국,0.2,55.1896,25.2308
700,territory:Abbasid Caliphate:763,아바스 칼리프국,0.2,55.1673,25.2298
700,territory:Abbasid Caliphate:763,아바스 칼리프국,0.2,55.1647,25.2317
700,territory:Umayyad Caliphate:732,우마이야 칼리프국,0.1,55.1874,25.2321
700,territory:Abbasid Caliphate:763,아바스 칼리프국,0.2,55.1742,25.232
700,territory:Umayyad Caliphate:732,우마이야 칼리프국,0.1,55.19,25.2326
700,territory:Umayyad Caliphate:732,우마이야 칼리프국,0.1,55.1875,25.2335
700,territory:Umayyad Caliphate:732,우마이야 칼리프국,0.2,55.1822,25.2333
700,territory:Umayyad Caliphate:732,우마이야 칼리프국,0.1,55.191,25.2341
700,territory:Abbasid Caliphate:763,아바스 칼리프국,0.1,55.1761,25.2337
700,territory:Abbasid Caliphate:763,아바스 칼리프국,0.2,55.1711,25.234
700,territory:Umayyad Caliphate:732,우마이야 칼리프국,0.2,55.1843,25.234
700,territory:Abbasid Caliphate:763,아바스 칼리프국,0.1,55.1791,25.2352
700,territory:Abbasid Caliphate:763,아바스 칼리프국,0.2,55.1689,25.2348
700,territory:Abbasid Caliphate:763,아바스 칼리프국,0.3,55.1631,25.2345
700,territory:Umayyad Caliphate:732,우마이야 칼리프국,0.2,55.186,25.2361
700,territory:Umayyad Caliphate:732,우마이야 칼리프국,0.1,55.1825,25.2362
700,territory:Abbasid Caliphate:763,아바스 칼리프국,0.3,55.176,25.237
700,territory:Abbasid Caliphate:763,아바스 칼리프국,0.1,55.1787,25.2374
700,territory:Abbasid Caliphate:763,아바스 칼리프국,0.2,55.1732,25.2374
700,territory:Abbasid Caliphate:763,아바스 칼리프국,0.2,55.1692,25.2379
700,territory:Abbasid Caliphate:763,아바스 칼리프국,0.1,55.1752,25.2391
700,territory:Abbasid Caliphate:763,아바스 칼리프국,0.2,55.1798,25.2393
700,territory:Umayyad Caliphate:732,우마이야 칼리프국,0.2,55.1842,25.239
700,territory:Abbasid Caliphate:763,아바스 칼리프국,0.2,55.1775,25.24
700,territory:Umayyad Caliphate:732,우마이야 칼리프국,0.3,55.1896,25.2388
700,territory:Abbasid Caliphate:763,아바스 칼리프국,0.3,55.1658,25.2391
700,territory:Abbasid Caliphate:763,아바스 칼리프국,0.1,55.1806,25.2406
700,territory:Umayyad Caliphate:732,우마이야 칼리프국,0.2,55.1863,25.2413
700,territory:Umayyad Caliphate:732,우마이야 칼리프국,0.5,55.1979,25.2404
700,territory:Abbasid Caliphate:763,아바스 칼리프국,0.2,55.1678,25.2418
700,territory:Abbasid Caliphate:763,아바스 칼리프국,0.1,55.1816,25.2419
700,territory:Abbasid Caliphate:763,아바스 칼리프국,0.3,55.1722,25.241
700,territory:Abbasid Caliphate:763,아바스 칼리프국,0.2,55.1783,25.2422
700,territory:Umayyad Caliphate:732,우마이야 칼리프국,0.1,55.187,25.2426
700,territory:Umayyad Caliphate:732,우마이야 칼리프국,0.2,55.1837,25.243
700,territory:Abbasid Caliphate:763,아바스 칼리프국,0.2,55.175,25.2424
700,territory:Abbasid Caliphate:763,아바스 칼리프국,0.1,55.1735,25.244
700,territory:Abbasid Caliphate:763,아바스 칼리프국,0.1,55.1792,25.2442
700,territory:Umayyad Caliphate:732,우마이야 칼리프국,0.1,55.1862,25.2444
700,territory:Abbasid Caliphate:755,아바스 칼리프국,0.6,55.1319,25.2177
700,territory:Umayyad Caliphate:732,우마이야 칼리프국,0.3,55.1825,25.2471
700,territory:Umayyad Caliphate:732,우마이야 칼리프국,0.3,55.1747,25.2486
700,territory:Abbasid Caliphate:755,아바스 칼리프국,1.1,55.1571,25.25
700,territory:Umayyad Caliphate:710,우마이야 칼리프국,23.4,55.3051,26.269
700,territory:Umayyad Caliphate:724,우마이야 칼리프국,3.7,35.7657,27.1078
700,territory:Byzantine Empire:692,비잔티움 제국,14.2,25.7058,34.8736
700,territory:Byzantine Empire:692,비잔티움 제국,11.1,26.1363,34.9346
700,territory:Umayyad Caliphate:710,우마이야 칼리프국,8.2,-2.4427,35.178
700,territory:Umayyad Caliphate:710,우마이야 칼리프국,1.6,-2.4216,35.1796
700,territory:Umayyad Caliphate:710,우마이야 칼리프국,0.7,-2.4313,35.1837
700,territory:Umayyad Caliphate:705,우마이야 칼리프국,0.7,-3.9025,35.2154
700,territory:Umayyad Caliphate:705,우마이야 칼리프국,0.2,-3.9006,35.2175
700,territory:Byzantine Empire:692,비잔티움 제국,9.8,25.2147,35.4461
700,territory:Umayyad Caliphate:741,우마이야 칼리프국,4.9,-5.4186,35.9126
700,territory:Byzantine Empire:692,비잔티움 제국,6.1,29.6571,36.1342
700,territory:Byzantine Empire:692,비잔티움 제국,6.6,29.7467,36.1286
700,territory:Byzantine Empire:705,비잔티움 제국,4.0,29.4966,36.157
700,territory:Byzantine Empire:718,비잔티움 제국,5.3,29.5849,36.143
700,territory:Byzantine Empire:705,비잔티움 제국,5.2,33.7804,36.1762
700,territory:Byzantine Empire:768,비잔티움 제국,1.7,29.8792,36.1835
700,territory:Byzantine Empire:692,비잔티움 제국,4.5,22.9586,36.4866
700,territory:Byzantine Empire:692,비잔티움 제국,4.7,28.1257,36.5989
700,territory:Byzantine Empire:788,비잔티움 제국,4.8,28.9183,36.6684
700,territory:Byzantine Empire:692,비잔티움 제국,1.6,27.1401,36.9429
700,territory:Byzantine Empire:718,비잔티움 제국,18.7,27.4647,36.9758
700,territory:Byzantine Empire:692,비잔티움 제국,9.3,27.0912,37.0593
700,territory:Byzantine Empire:783,비잔티움 제국,12.1,21.5492,37.0489
700,territory:Umayyad Caliphate:705,우마이야 칼리프국,11.8,10.8032,37.1291
700,territory:Byzantine Empire:718,비잔티움 제국,13.2,27.0892,37.2864
700,territory:Byzantine Empire:718,비잔티움 제국,28.8,26.757,37.3005
700,territory:Byzantine Empire:718,비잔티움 제국,5.3,26.7337,37.387
700,territory:Byzantine Empire:718,비잔티움 제국,17.3,26.9735,37.4605
700,territory:Byzantine Empire:692,비잔티움 제국,26.6,23.9273,37.4756
700,territory:Umayyad Caliphate:705,우마이야 칼리프국,35.1,8.9372,37.5288
700,territory:Byzantine Empire:718,비잔티움 제국,0.2,27.1646,37.5786
700,territory:Byzantine Empire:692,비잔티움 제국,9.9,26.4286,37.5831
700,territory:Byzantine Empire:692,비잔티움 제국,4.9,26.5115,37.5906
700,territory:Byzantine Empire:692,비잔티움 제국,14.3,23.948,37.6486
700,territory:Byzantine Empire:692,비잔티움 제국,7.9,24.1228,37.7016
700,territory:Byzantine Empire:783,비잔티움 제국,10.8,23.7592,37.769
700,territory:Byzantine Empire:705,비잔티움 제국,21.0,24.2583,38.0038
700,territory:Byzantine Empire:778,비잔티움 제국,4.0,26.3417,38.4391
700,territory:Byzantine Empire:692,비잔티움 제국,5.0,26.2841,38.5035
700,territory:Byzantine Empire:692,비잔티움 제국,0.2,26.2288,38.5215
700,territory:Byzantine Empire:718,비잔티움 제국,11.4,26.7121,38.5036
700,territory:Byzantine Empire:692,비잔티움 제국,26.9,25.5105,38.541
700,territory:Byzantine Empire:692,비잔티움 제국,2.1,24.358,38.8379
700,territory:Byzantine Empire:692,비잔티움 제국,22.2,24.1084,39.0785
700,territory:Byzantine Empire:705,비잔티움 제국,19.3,20.2293,39.1444
700,territory:Byzantine Empire:692,비잔티움 제국,27.6,24.322,39.3498
700,territory:Umayyad Caliphate:718,우마이야 칼리프국,8.3,-9.5086,39.4157
700,territory:Byzantine Empire:692,비잔티움 제국,13.2,24.1686,39.3946
700,territory:Byzantine Empire:692,비잔티움 제국,18.9,19.5232,39.7704
700,territory:Byzantine Empire:692,비잔티움 제국,11.3,19.3991,39.85
700,territory:Byzantine Empire:692,비잔티움 제국,10.4,19.5814,39.8853
700,territory:Byzantine Empire:783,비잔티움 제국,9.6,23.9066,40.3248
700,territory:Byzantine Empire:705,비잔티움 제국,8.5,19.2804,40.4934
700,territory:Byzantine Empire:692,비잔티움 제국,18.9,14.2279,40.5502
700,territory:Byzantine Empire:692,비잔티움 제국,13.0,28.5278,40.5314
700,territory:Byzantine Empire:692,비잔티움 제국,14.4,14.0141,40.7542
700,territory:Byzantine Empire:778,비잔티움 제국,3.4,29.1137,40.8508
700,territory:Byzantine Empire:741,비잔티움 제국,34.7,12.9551,40.9106
700,territory:Byzantine Empire:741,비잔티움 제국,7.9,12.8559,40.9364
700,territory:Byzantine Empire:741,비잔티움 제국,6.3,13.0567,40.9706
700,territory:Byzantine Empire:692,비잔티움 제국,0.1,9.3416,41.2427
700,territory:Byzantine Empire:692,비잔티움 제국,2.6,9.3419,41.2833
700,territory:Byzantine Empire:692,비잔티움 제국,1.9,9.3712,41.299
700,territory:Byzantine Empire:692,비잔티움 제국,1.3,9.3411,41.3022
700,territory:Byzantine Empire:692,비잔티움 제국,2.7,9.2528,41.3366
700,territory:Byzantine Empire:692,비잔티움 제국,1.0,9.2576,41.367
700,territory:Kingdom of Italy:757,Kingdom of Italy,15.1,15.4859,42.1105
700,territory:Kingdom of the Franks:793,프랑크 왕국,19.3,11.0983,42.2489
700,territory:Byzantine Empire:692,비잔티움 제국,6.2,17.8807,42.7268
700,territory:Byzantine Empire:692,비잔티움 제국,31.7,16.5143,42.7615
700,territory:Byzantine Empire:768,비잔티움 제국,39.5,16.0091,42.9673
700,territory:Byzantine Empire:768,비잔티움 제국,21.0,15.7446,43.024
700,territory:Kingdom of the Franks:783,프랑크 왕국,11.6,6.46,43.03
700,territory:Byzantine Empire:692,비잔티움 제국,1.0,16.6998,43.0909
700,territory:Kingdom of the Franks:783,프랑크 왕국,36.7,9.9059,43.4392
700,territory:Byzantine Empire:692,비잔티움 제국,1.5,16.1436,43.4401
700,territory:Kingdom of the Franks:788,프랑크 왕국,3.3,7.0471,43.5205
700,territory:Byzantine Empire:768,비잔티움 제국,5.5,15.8502,43.6851
700,territory:Byzantine Empire:768,비잔티움 제국,9.9,15.7006,43.6957
700,territory:Byzantine Empire:768,비잔티움 제국,8.6,15.6076,43.8011
700,territory:Byzantine Empire:768,비잔티움 제국,10.2,15.1114,44.0403
700,territory:Byzantine Empire:692,비잔티움 제국,2.0,15.0669,44.3058
700,territory:Byzantine Empire:768,비잔티움 제국,23.2,14.6928,44.3826
700,territory:Byzantine Empire:768,비잔티움 제국,5.1,14.9181,44.4305
700,territory:Khazaria:682,하자르,33.6,47.4991,44.4544
700,territory:Byzantine Empire:768,비잔티움 제국,30.0,14.2998,44.5093
700,territory:Oghuz Turks:783,오구즈 투르크,13.6,50.5832,44.7962
700,territory:Byzantine Empire:692,비잔티움 제국,1.4,13.7642,44.9064
700,territory:Byzantine Empire:692,비잔티움 제국,30.8,14.7948,44.9131
700,territory:Byzantine Empire:692,비잔티움 제국,19.8,14.5204,44.9729
700,territory:Byzantine Empire:692,비잔티움 제국,4.1,12.4021,45.4588
700,territory:Khazaria:724,하자르,18.0,48.5803,45.714
700,territory:Khazaria:724,하자르,19.7,52.9954,46.4123
700,territory:Kingdom of the Franks:778,프랑크 왕국,10.5,-1.8312,48.8713
700,territory:Kingdom of the Franks:778,프랑크 왕국,34.3,-2.4514,49.4704
700,territory:Kingdom of Mercia:788,Kingdom of Mercia,39.3,-4.6944,51.6374
700,territory:Scandinavian minor kingdoms:523,스칸디나비아 소왕국,1.1,16.5981,57.1083
700,territory:Scandinavian minor kingdoms:793,스칸디나비아 소왕국,0.7,16.7921,57.2514
700,territory:Scandinavian minor kingdoms:523,스칸디나비아 소왕국,0.3,16.6966,57.5139
700,territory:Scandinavian minor kingdoms:523,스칸디나비아 소왕국,2.0,16.6976,57.6001
700,territory:Scandinavian minor kingdoms:523,스칸디나비아 소왕국,2.4,11.6462,57.7039
700,territory:Scandinavian minor kingdoms:793,스칸디나비아 소왕국,1.7,16.7464,57.8285
700,territory:Scandinavian minor kingdoms:523,스칸디나비아 소왕국,3.8,11.6046,57.8729
700,territory:Scandinavian minor kingdoms:793,스칸디나비아 소왕국,5.1,16.926,58.1921
700,territory:Scandinavian minor kingdoms:793,스칸디나비아 소왕국,5.8,17.0189,58.2592
700,territory:Scandinavian minor kingdoms:793,스칸디나비아 소왕국,3.0,16.9173,58.2559
700,territory:Scandinavian minor kingdoms:523,스칸디나비아 소왕국,6.0,16.9621,58.4248
700,territory:Scandinavian minor kingdoms:523,스칸디나비아 소왕국,3.5,16.9741,58.4937
700,territory:Scandinavian minor kingdoms:523,스칸디나비아 소왕국,1.5,16.9203,58.5145
700,territory:Scandinavian minor kingdoms:793,스칸디나비아 소왕국,1.8,17.4723,58.7121
700,territory:Scandinavian minor kingdoms:793,스칸디나비아 소왕국,0.1,17.458,58.7382
700,territory:Scandinavian minor kingdoms:793,스칸디나비아 소왕국,6.3,17.8633,58.7523
700,territory:Scandinavian minor kingdoms:793,스칸디나비아 소왕국,2.1,17.6333,58.8252
700,territory:Scandinavian minor kingdoms:793,스칸디나비아 소왕국,0.9,17.7137,58.846
700,territory:Scandinavian minor kingdoms:793,스칸디나비아 소왕국,6.5,18.1206,58.8744
700,territory:Scandinavian minor kingdoms:793,스칸디나비아 소왕국,0.9,17.8359,58.8469
700,territory:Scandinavian minor kingdoms:793,스칸디나비아 소왕국,4.9,11.024,58.8902
700,territory:Scandinavian minor kingdoms:793,스칸디나비아 소왕국,2.8,18.1769,58.9225
700,territory:Scandinavian minor kingdoms:793,스칸디나비아 소왕국,0.4,18.1634,59.048
700,territory:Scandinavian minor kingdoms:793,스칸디나비아 소왕국,7.3,18.5239,59.0442
700,territory:Scandinavian minor kingdoms:793,스칸디나비아 소왕국,4.9,10.942,59.0557
700,territory:Scandinavian minor kingdoms:793,스칸디나비아 소왕국,3.8,18.6039,59.0926
700,territory:Scandinavian minor kingdoms:793,스칸디나비아 소왕국,6.8,18.7421,59.1029
700,territory:Scandinavian minor kingdoms:793,스칸디나비아 소왕국,5.5,10.4284,59.09
700,territory:Scandinavian minor kingdoms:793,스칸디나비아 소왕국,2.0,18.5849,59.1282
700,territory:Scandinavian minor kingdoms:793,스칸디나비아 소왕국,4.0,18.646,59.1804
700,territory:Scandinavian minor kingdoms:523,스칸디나비아 소왕국,5.5,5.8405,59.1689
700,territory:Scandinavian minor kingdoms:523,스칸디나비아 소왕국,5.2,10.5501,59.2144
700,territory:Scandinavian minor kingdoms:793,스칸디나비아 소왕국,0.8,18.4195,59.2161
700,territory:Scandinavian minor kingdoms:793,스칸디나비아 소왕국,3.4,18.6035,59.2298
700,territory:Scandinavian minor kingdoms:793,스칸디나비아 소왕국,13.0,18.9162,59.2823
700,territory:Scandinavian minor kingdoms:793,스칸디나비아 소왕국,1.7,18.8758,59.3068
700,territory:Scandinavian minor kingdoms:793,스칸디나비아 소왕국,17.9,4.8822,59.3069
700,territory:Scandinavian minor kingdoms:793,스칸디나비아 소왕국,1.5,18.8871,59.3387
700,territory:Scandinavian minor kingdoms:793,스칸디나비아 소왕국,1.1,10.5262,59.3817
700,territory:Scandinavian minor kingdoms:793,스칸디나비아 소왕국,6.7,19.0195,59.4171
700,territory:Scandinavian minor kingdoms:793,스칸디나비아 소왕국,3.5,18.9549,59.4085
700,territory:Scandinavian minor kingdoms:793,스칸디나비아 소왕국,11.0,19.2156,59.4382
700,territory:Scandinavian minor kingdoms:793,스칸디나비아 소왕국,16.1,19.5055,59.4435
700,territory:Scandinavian minor kingdoms:793,스칸디나비아 소왕국,3.8,18.6869,59.4508
700,territory:Scandinavian minor kingdoms:793,스칸디나비아 소왕국,2.6,18.7794,59.4736
700,territory:Scandinavian minor kingdoms:793,스칸디나비아 소왕국,3.8,19.1665,59.4974
700,territory:Scandinavian minor kingdoms:793,스칸디나비아 소왕국,7.6,19.0477,59.5703
700,territory:Scandinavian minor kingdoms:793,스칸디나비아 소왕국,4.8,19.1661,59.592
700,territory:Scandinavian minor kingdoms:793,스칸디나비아 소왕국,3.7,19.2459,59.6048
700,territory:Scandinavian minor kingdoms:523,스칸디나비아 소왕국,3.5,19.0363,59.6447
700,territory:Scandinavian minor kingdoms:793,스칸디나비아 소왕국,3.6,19.1388,59.656
700,territory:Scandinavian minor kingdoms:793,스칸디나비아 소왕국,1.8,19.1871,59.6649
700,territory:Scandinavian minor kingdoms:793,스칸디나비아 소왕국,0.9,19.1625,59.6757
700,territory:Scandinavian minor kingdoms:793,스칸디나비아 소왕국,9.9,19.4044,59.7065
700,territory:Scandinavian minor kingdoms:793,스칸디나비아 소왕국,4.5,19.13,59.7496
700,territory:Scandinavian minor kingdoms:793,스칸디나비아 소왕국,2.2,19.179,59.7759
700,territory:Scandinavian minor kingdoms:793,스칸디나비아 소왕국,1.9,19.0911,59.7844
700,territory:Scandinavian minor kingdoms:793,스칸디나비아 소왕국,3.2,19.1182,59.8457
700,territory:Scandinavian minor kingdoms:793,스칸디나비아 소왕국,1.0,5.1569,59.9894
700,territory:Scandinavian minor kingdoms:793,스칸디나비아 소왕국,5.3,5.0621,60.1267
700,territory:Scandinavian minor kingdoms:523,스칸디나비아 소왕국,1.0,5.3205,60.1579
700,territory:Scandinavian minor kingdoms:793,스칸디나비아 소왕국,20.1,19.3377,60.195
700,territory:Scandinavian minor kingdoms:793,스칸디나비아 소왕국,9.1,19.5004,60.2511
700,territory:Scandinavian minor kingdoms:523,스칸디나비아 소왕국,2.2,18.6169,60.277
700,territory:Scandinavian minor kingdoms:793,스칸디나비아 소왕국,5.4,19.5864,60.3456
700,territory:Scandinavian minor kingdoms:793,스칸디나비아 소왕국,4.4,19.6967,60.3685
700,territory:Scandinavian minor kingdoms:793,스칸디나비아 소왕국,3.0,18.3856,60.5226
700,territory:Scandinavian minor kingdoms:793,스칸디나비아 소왕국,5.3,4.8827,60.5251
700,territory:Scandinavian minor kingdoms:523,스칸디나비아 소왕국,12.5,4.72,60.767
700,territory:Scandinavian minor kingdoms:523,스칸디나비아 소왕국,14.3,17.3274,60.7961
700,territory:Scandinavian minor kingdoms:523,스칸디나비아 소왕국,13.3,17.2329,61.0412
700,territory:Scandinavian minor kingdoms:793,스칸디나비아 소왕국,0.1,5.0366,61.1423
700,territory:Scandinavian minor kingdoms:523,스칸디나비아 소왕국,6.8,17.315,61.1557
700,territory:Scandinavian minor kingdoms:793,스칸디나비아 소왕국,12.9,4.717,61.3006
700,territory:Scandinavian minor kingdoms:793,스칸디나비아 소왕국,4.4,4.84,61.3465
700,territory:Scandinavian minor kingdoms:793,스칸디나비아 소왕국,1.1,4.9439,61.5199
700,territory:Scandinavian minor kingdoms:523,스칸디나비아 소왕국,20.7,17.422,61.5487
700,territory:Scandinavian minor kingdoms:523,스칸디나비아 소왕국,4.4,17.2797,61.5634
700,territory:Scandinavian minor kingdoms:793,스칸디나비아 소왕국,3.1,4.8582,61.6119
700,territory:Scandinavian minor kingdoms:523,스칸디나비아 소왕국,10.2,17.5391,61.7234
700,territory:Scandinavian minor kingdoms:793,스칸디나비아 소왕국,3.2,4.8558,61.7787
700,territory:Scandinavian minor kingdoms:523,스칸디나비아 소왕국,12.0,17.4838,61.9534
700,territory:Scandinavian minor kingdoms:523,스칸디나비아 소왕국,1.3,17.5165,61.9556
700,territory:Umayyad Caliphate:750,우마이야 칼리프국,22.1,43.4311,12.472
700,territory:Umayyad Caliphate:750,우마이야 칼리프국,37.6,42.944,12.8885
700,territory:Umayyad Caliphate:750,우마이야 칼리프국,3.4,42.9293,12.9342
700,territory:Umayyad Caliphate:750,우마이야 칼리프국,9.1,42.8494,13.028
700,territory:Kingdom of the Franks:772,프랑크 왕국,1.9,6.5831,53.5406
700,territory:Kingdom of the Franks:788,프랑크 왕국,2.3,6.8907,53.6379
700,territory:Saxons:783,Saxons,8.9,8.6745,54.0609
700,territory:Scandinavian minor kingdoms:793,스칸디나비아 소왕국,2.1,11.537,54.9662
700,territory:Scandinavian minor kingdoms:793,스칸디나비아 소왕국,9.1,15.1923,55.3194
700,territory:Scandinavian minor kingdoms:793,스칸디나비아 소왕국,6.5,12.7593,55.6433
700,territory:Scandinavian minor kingdoms:523,스칸디나비아 소왕국,2.3,10.3102,55.765
700,territory:Scandinavian minor kingdoms:793,스칸디나비아 소왕국,4.0,14.8439,56.0098
700,territory:Scandinavian minor kingdoms:523,스칸디나비아 소왕국,4.4,15.791,56.0247
700,territory:Scandinavian minor kingdoms:793,스칸디나비아 소왕국,1.9,14.9697,56.1178
700,territory:Scandinavian minor kingdoms:793,스칸디나비아 소왕국,0.3,15.4618,56.1105
700,territory:Byzantine Empire:692,비잔티움 제국,7.0,1.4455,38.715
700,territory:Aquitaine:750,아키텐,3.7,-1.2913,45.96
700,territory:Kingdom of the Franks:788,프랑크 왕국,19.1,-2.1105,49.207
700,territory:Kingdom of the Franks:778,프랑크 왕국,9.7,-2.5891,49.4647
700,territory:Kingdom of the Franks:788,프랑크 왕국,5.0,4.8118,53.0827
700,territory:Dál Riata:750,Dál Riata,0.7,-5.0842,55.8238
700,territory:Dál Riata:750,Dál Riata,0.4,-5.9046,55.9802
700,territory:Dál Riata:750,Dál Riata,37.6,-6.9297,56.4818
700,territory:Dál Riata:750,Dál Riata,9.0,-6.3278,56.974
700,territory:Kharijites:751,Kharijites,17.9,10.8766,33.7675
700,territory:Umayyad Caliphate:705,우마이야 칼리프국,22.6,11.0408,34.6388
700,territory:Umayyad Caliphate:705,우마이야 칼리프국,7.7,11.1821,34.696
700,territory:Byzantine Empire:692,비잔티움 제국,6.8,8.2864,39.1752
700,territory:Byzantine Empire:692,비잔티움 제국,8.2,13.9058,40.7253
700,territory:Kingdom of the Franks:750,프랑크 왕국,7.9,5.348,53.4098
700,territory:Scandinavian minor kingdoms:523,스칸디나비아 소왕국,14.8,11.1345,54.4735
700,territory:Scandinavian minor kingdoms:793,스칸디나비아 소왕국,5.0,8.5003,54.7218
700,territory:Scandinavian minor kingdoms:793,스칸디나비아 소왕국,8.3,10.3929,54.8778
700,territory:Scandinavian minor kingdoms:523,스칸디나비아 소왕국,13.1,12.3556,54.9873
700,territory:Scandinavian minor kingdoms:523,스칸디나비아 소왕국,2.3,12.6039,55.6535
700,territory:Scandinavian minor kingdoms:793,스칸디나비아 소왕국,25.4,10.9805,57.278
700,territory:Scandinavian minor kingdoms:523,스칸디나비아 소왕국,4.5,11.6058,57.976
700,territory:Scandinavian minor kingdoms:793,스칸디나비아 소왕국,0.4,5.2395,59.2865
700,territory:Scandinavian minor kingdoms:793,스칸디나비아 소왕국,3.7,4.899,61.0877
700,territory:Byzantine Empire:692,비잔티움 제국,32.8,16.339,42.3767
700,territory:Byzantine Empire:692,비잔티움 제국,0.3,16.3357,42.379
700,territory:Byzantine Empire:692,비잔티움 제국,5.3,16.2712,42.3874
700,territory:Byzantine Empire:692,비잔티움 제국,0.3,16.2754,42.3887
700,territory:Byzantine Empire:692,비잔티움 제국,0.9,16.2609,42.392
700,territory:Byzantine Empire:692,비잔티움 제국,6.5,17.669,42.7188
700,territory:Byzantine Empire:692,비잔티움 제국,9.3,16.8906,42.9485
700,territory:Byzantine Empire:768,비잔티움 제국,12.4,16.158,43.0528
700,territory:Byzantine Empire:692,비잔티움 제국,9.2,16.5892,43.1935
700,territory:Byzantine Empire:692,비잔티움 제국,5.8,16.6437,43.3353
700,territory:Byzantine Empire:768,비잔티움 제국,10.8,14.3875,44.6283
700,territory:Byzantine Empire:692,비잔티움 제국,11.2,14.3865,44.88
700,territory:Byzantine Empire:692,비잔티움 제국,10.1,14.5675,45.1082
700,territory:Byzantine Empire:705,비잔티움 제국,10.8,20.6508,38.7362
700,territory:Scandinavian minor kingdoms:523,스칸디나비아 소왕국,2.4,19.1014,57.9155
700,territory:Scandinavian minor kingdoms:793,스칸디나비아 소왕국,4.9,19.5929,60.171
700,territory:Byzantine Empire:705,비잔티움 제국,8.5,23.5052,37.3388
700,territory:Byzantine Empire:705,비잔티움 제국,15.1,23.4882,37.7302
700,territory:Byzantine Empire:778,비잔티움 제국,2.7,23.4951,37.9585
700,territory:Byzantine Empire:705,비잔티움 제국,29.2,23.6983,39.1437
700,territory:Abbasid Caliphate:755,아바스 칼리프국,11.6,36.8936,25.3897
700,territory:Umayyad Caliphate:750,우마이야 칼리프국,21.4,36.5596,25.6077
700,territory:Byzantine Empire:692,비잔티움 제국,30.9,27.3668,36.4102
700,territory:Byzantine Empire:692,비잔티움 제국,15.3,27.8188,36.5828
700,territory:Byzantine Empire:692,비잔티움 제국,21.5,25.3195,36.7477
700,territory:Byzantine Empire:692,비잔티움 제국,6.4,26.9874,36.9875
700,territory:Byzantine Empire:692,비잔티움 제국,10.2,25.2035,37.0798
700,territory:Byzantine Empire:692,비잔티움 제국,34.3,24.4875,37.1635
700,territory:Byzantine Empire:692,비잔티움 제국,15.5,24.4201,37.3575
700,territory:Byzantine Empire:692,비잔티움 제국,15.0,24.9137,37.4057
700,territory:Byzantine Empire:692,비잔티움 제국,10.8,25.3748,37.444
700,territory:Byzantine Empire:718,비잔티움 제국,25.0,26.8127,37.734
700,territory:Byzantine Empire:692,비잔티움 제국,19.4,25.5698,40.4688
700,territory:Byzantine Empire:705,비잔티움 제국,19.0,27.6128,40.6268
700,territory:Umayyad Caliphate:750,우마이야 칼리프국,4.1,42.9382,12.8384
700,territory:Abbasid Caliphate:751,아바스 칼리프국,31.3,42.7478,14.0002
700,territory:Abbasid Caliphate:751,아바스 칼리프국,14.3,42.587,15.3505
700,territory:Kingdom of Axum:602,Kingdom of Axum,24.4,40.0874,15.715
700,territory:Umayyad Caliphate:710,우마이야 칼리프국,13.3,41.9022,16.8567
700,territory:Umayyad Caliphate:710,우마이야 칼리프국,2.2,53.8096,24.1797
700,territory:Umayyad Caliphate:750,우마이야 칼리프국,6.5,52.6023,24.3268
700,territory:Umayyad Caliphate:718,우마이야 칼리프국,2.7,54.2259,24.3362
700,territory:Umayyad Caliphate:710,우마이야 칼리프국,18.5,53.3838,24.34
700,territory:Umayyad Caliphate:710,우마이야 칼리프국,17.7,53.9823,26.5143
700,territory:Khazaria:724,하자르,30.2,47.7348,43.9705
700,territory:Oghuz Turks:783,오구즈 투르크,16.5,52.6249,45.469
700,territory:Khazaria:682,하자르,12.7,47.9502,45.5785
700,territory:Khazaria:763,하자르,25.4,49.7897,46.2885
700,territory:Abbasid Caliphate:755,아바스 칼리프국,33.4,56.0424,17.54
800,territory:Kingdom of Axum:602,Kingdom of Axum,2.9,40.314,15.0222
800,territory:Kingdom of Axum:602,Kingdom of Axum,3.9,40.2492,15.1515
800,territory:Ziyadid dynasty:866,Ziyadid dynasty,31.2,42.4068,15.7254
800,territory:Abbasid Caliphate:860,아바스 칼리프국,37.1,41.6874,16.9288
800,territory:Abbasid Caliphate:884,아바스 칼리프국,13.3,52.0107,24.2305
800,territory:Abbasid Caliphate:830,아바스 칼리프국,23.7,51.7316,24.5858
800,territory:Abbasid Caliphate:860,아바스 칼리프국,10.4,37.0901,24.9611
800,territory:Abbasid Caliphate:878,아바스 칼리프국,0.1,55.1164,25.1155
800,territory:Abbasid Caliphate:800,아바스 칼리프국,0.0,55.1746,25.1928
800,territory:Abbasid Caliphate:800,아바스 칼리프국,0.2,55.1725,25.1946
800,territory:Abbasid Caliphate:800,아바스 칼리프국,1.5,55.1568,25.1952
800,territory:Abbasid Caliphate:886,아바스 칼리프국,0.1,55.1751,25.1951
800,territory:Abbasid Caliphate:800,아바스 칼리프국,0.2,55.1597,25.1959
800,territory:Abbasid Caliphate:800,아바스 칼리프국,0.3,55.1527,25.1958
800,territory:Abbasid Caliphate:800,아바스 칼리프국,0.2,55.1695,25.1958
800,territory:Abbasid Caliphate:886,아바스 칼리프국,0.1,55.1756,25.1965
800,territory:Abbasid Caliphate:800,아바스 칼리프국,0.2,55.1492,25.1969
800,territory:Abbasid Caliphate:800,아바스 칼리프국,0.2,55.1669,25.1969
800,territory:Abbasid Caliphate:886,아바스 칼리프국,0.2,55.1729,25.1979
800,territory:Abbasid Caliphate:800,아바스 칼리프국,0.2,55.1537,25.1977
800,territory:Abbasid Caliphate:800,아바스 칼리프국,0.1,55.1507,25.1985
800,territory:Abbasid Caliphate:800,아바스 칼리프국,0.2,55.1561,25.1985
800,territory:Abbasid Caliphate:800,아바스 칼리프국,0.2,55.1693,25.1988
800,territory:Abbasid Caliphate:800,아바스 칼리프국,0.2,55.1466,25.1998
800,territory:Abbasid Caliphate:886,아바스 칼리프국,0.2,55.1718,25.2
800,territory:Abbasid Caliphate:886,아바스 칼리프국,0.1,55.1751,25.199
800,territory:Abbasid Caliphate:800,아바스 칼리프국,0.2,55.1495,25.2
800,territory:Abbasid Caliphate:800,아바스 칼리프국,0.2,55.1656,25.1998
800,territory:Abbasid Caliphate:800,아바스 칼리프국,0.2,55.1525,25.2005
800,territory:Abbasid Caliphate:800,아바스 칼리프국,0.2,55.1635,25.2009
800,territory:Abbasid Caliphate:800,아바스 칼리프국,0.2,55.1679,25.201
800,territory:Abbasid Caliphate:800,아바스 칼리프국,0.2,55.1558,25.2011
800,territory:Abbasid Caliphate:800,아바스 칼리프국,0.1,55.1479,25.2015
800,territory:Abbasid Caliphate:800,아바스 칼리프국,0.1,55.1656,25.2022
800,territory:Abbasid Caliphate:886,아바스 칼리프국,0.2,55.1709,25.2019
800,territory:Abbasid Caliphate:800,아바스 칼리프국,0.2,55.1505,25.2029
800,territory:Abbasid Caliphate:886,아바스 칼리프국,0.1,55.1734,25.2023
800,territory:Abbasid Caliphate:800,아바스 칼리프국,0.2,55.1527,25.2031
800,territory:Abbasid Caliphate:800,아바스 칼리프국,0.2,55.1584,25.2028
800,territory:Abbasid Caliphate:800,아바스 칼리프국,0.1,55.1548,25.2038
800,territory:Abbasid Caliphate:800,아바스 칼리프국,0.2,55.1466,25.2041
800,territory:Abbasid Caliphate:800,아바스 칼리프국,0.1,55.1492,25.2039
800,territory:Abbasid Caliphate:800,아바스 칼리프국,0.1,55.1583,25.2055
800,territory:Abbasid Caliphate:800,아바스 칼리프국,0.2,55.1556,25.2056
800,territory:Abbasid Caliphate:800,아바스 칼리프국,0.2,55.1464,25.2067
800,territory:Abbasid Caliphate:800,아바스 칼리프국,0.2,55.1534,25.2067
800,territory:Abbasid Caliphate:800,아바스 칼리프국,0.2,55.1497,25.2069
800,territory:Abbasid Caliphate:800,아바스 칼리프국,0.2,55.1592,25.2076
800,territory:Abbasid Caliphate:886,아바스 칼리프국,0.4,55.1751,25.2073
800,territory:Abbasid Caliphate:800,아바스 칼리프국,0.2,55.1566,25.2082
800,territory:Abbasid Caliphate:886,아바스 칼리프국,0.1,55.1831,25.2079
800,territory:Abbasid Caliphate:800,아바스 칼리프국,0.2,55.1517,25.2088
800,territory:Abbasid Caliphate:886,아바스 칼리프국,0.2,55.1802,25.209
800,territory:Abbasid Caliphate:800,아바스 칼리프국,0.1,55.1456,25.2087
800,territory:Abbasid Caliphate:886,아바스 칼리프국,0.2,55.1734,25.2093
800,territory:Abbasid Caliphate:886,아바스 칼리프국,0.2,55.1771,25.2092
800,territory:Abbasid Caliphate:800,아바스 칼리프국,0.1,55.1517,25.2104
800,territory:Abbasid Caliphate:800,아바스 칼리프국,0.2,55.1486,25.2104
800,territory:Abbasid Caliphate:884,아바스 칼리프국,0.1,55.1848,25.2108
800,territory:Abbasid Caliphate:800,아바스 칼리프국,0.1,55.1461,25.2111
800,territory:Abbasid Caliphate:886,아바스 칼리프국,0.2,55.1705,25.2103
800,territory:Abbasid Caliphate:884,아바스 칼리프국,0.1,55.1826,25.2113
800,territory:Abbasid Caliphate:886,아바스 칼리프국,0.2,55.175,25.2114
800,territory:Abbasid Caliphate:884,아바스 칼리프국,0.1,55.1807,25.2126
800,territory:Abbasid Caliphate:884,아바스 칼리프국,0.2,55.1846,25.2131
800,territory:Abbasid Caliphate:886,아바스 칼리프국,0.2,55.172,25.2132
800,territory:Abbasid Caliphate:886,아바스 칼리프국,0.2,55.1778,25.2132
800,territory:Abbasid Caliphate:800,아바스 칼리프국,0.5,55.1567,25.2135
800,territory:Abbasid Caliphate:800,아바스 칼리프국,0.2,55.154,25.214
800,territory:Abbasid Caliphate:886,아바스 칼리프국,0.3,55.1681,25.214
800,territory:Abbasid Caliphate:886,아바스 칼리프국,0.1,55.1757,25.2145
800,territory:Abbasid Caliphate:884,아바스 칼리프국,0.1,55.1815,25.2144
800,territory:Abbasid Caliphate:800,아바스 칼리프국,0.3,55.1461,25.2149
800,territory:Abbasid Caliphate:884,아바스 칼리프국,0.1,55.1831,25.2151
800,territory:Abbasid Caliphate:886,아바스 칼리프국,0.1,55.1781,25.2154
800,territory:Abbasid Caliphate:800,아바스 칼리프국,0.2,55.151,25.2155
800,territory:Abbasid Caliphate:886,아바스 칼리프국,0.4,55.1637,25.2158
800,territory:Abbasid Caliphate:800,아바스 칼리프국,0.1,55.1445,25.2156
800,territory:Abbasid Caliphate:800,아바스 칼리프국,0.1,55.1519,25.2164
800,territory:Abbasid Caliphate:800,아바스 칼리프국,0.2,55.1555,25.2166
800,territory:Abbasid Caliphate:884,아바스 칼리프국,0.1,55.1813,25.2168
800,territory:Abbasid Caliphate:800,아바스 칼리프국,0.2,55.1487,25.2162
800,territory:Abbasid Caliphate:886,아바스 칼리프국,0.1,55.1753,25.2167
800,territory:Abbasid Caliphate:886,아바스 칼리프국,0.2,55.1681,25.2169
800,territory:Abbasid Caliphate:886,아바스 칼리프국,0.1,55.1705,25.2163
800,territory:Abbasid Caliphate:886,아바스 칼리프국,0.1,55.1771,25.2166
800,territory:Abbasid Caliphate:800,아바스 칼리프국,0.1,55.1533,25.2173
800,territory:Abbasid Caliphate:886,아바스 칼리프국,0.1,55.1646,25.2174
800,territory:Abbasid Caliphate:886,아바스 칼리프국,0.1,55.1721,25.2177
800,territory:Abbasid Caliphate:800,아바스 칼리프국,0.1,55.146,25.2177
800,territory:Abbasid Caliphate:884,아바스 칼리프국,0.2,55.1838,25.2181
800,territory:Abbasid Caliphate:884,아바스 칼리프국,0.2,55.1881,25.2185
800,territory:Abbasid Caliphate:886,아바스 칼리프국,0.1,55.1708,25.2184
800,territory:Abbasid Caliphate:800,아바스 칼리프국,0.1,55.1497,25.2188
800,territory:Abbasid Caliphate:886,아바스 칼리프국,0.1,55.1676,25.2182
800,territory:Abbasid Caliphate:800,아바스 칼리프국,0.5,55.1399,25.2059
800,territory:Abbasid Caliphate:800,아바스 칼리프국,0.1,55.1523,25.2189
800,territory:Abbasid Caliphate:800,아바스 칼리프국,0.2,55.1555,25.2192
800,territory:Abbasid Caliphate:884,아바스 칼리프국,0.0,55.1902,25.2191
800,territory:Abbasid Caliphate:884,아바스 칼리프국,0.3,55.1795,25.2197
800,territory:Abbasid Caliphate:886,아바스 칼리프국,0.1,55.1696,25.2193
800,territory:Abbasid Caliphate:886,아바스 칼리프국,0.2,55.1762,25.2198
800,territory:Abbasid Caliphate:884,아바스 칼리프국,0.1,55.1886,25.22
800,territory:Abbasid Caliphate:884,아바스 칼리프국,0.2,55.1819,25.2196
800,territory:Abbasid Caliphate:884,아바스 칼리프국,0.1,55.1779,25.2198
800,territory:Abbasid Caliphate:886,아바스 칼리프국,0.1,55.1747,25.22
800,territory:Abbasid Caliphate:800,아바스 칼리프국,0.1,55.1509,25.2203
800,territory:Abbasid Caliphate:800,아바스 칼리프국,0.2,55.1468,25.2204
800,territory:Abbasid Caliphate:886,아바스 칼리프국,0.2,55.1665,25.221
800,territory:Abbasid Caliphate:800,아바스 칼리프국,0.1,55.1455,25.2209
800,territory:Abbasid Caliphate:800,아바스 칼리프국,0.1,55.1484,25.2212
800,territory:Abbasid Caliphate:800,아바스 칼리프국,0.1,55.1439,25.2214
800,territory:Abbasid Caliphate:886,아바스 칼리프국,0.2,55.1686,25.2215
800,territory:Abbasid Caliphate:886,아바스 칼리프국,0.2,55.172,25.221
800,territory:Abbasid Caliphate:886,아바스 칼리프국,0.1,55.1769,25.2218
800,territory:Abbasid Caliphate:886,아바스 칼리프국,0.1,55.1746,25.2221
800,territory:Abbasid Caliphate:884,아바스 칼리프국,0.2,55.1813,25.2219
800,territory:Abbasid Caliphate:800,아바스 칼리프국,0.2,55.1529,25.2217
800,territory:Abbasid Caliphate:886,아바스 칼리프국,0.2,55.1695,25.2237
800,territory:Abbasid Caliphate:800,아바스 칼리프국,0.1,55.1495,25.2234
800,territory:Abbasid Caliphate:886,아바스 칼리프국,0.4,55.1628,25.2231
800,territory:Abbasid Caliphate:886,아바스 칼리프국,0.1,55.1733,25.2237
800,territory:Abbasid Caliphate:884,아바스 칼리프국,0.3,55.1876,25.2237
800,territory:Abbasid Caliphate:800,아바스 칼리프국,0.1,55.1469,25.2246
800,territory:Abbasid Caliphate:884,아바스 칼리프국,0.2,55.1781,25.2242
800,territory:Abbasid Caliphate:884,아바스 칼리프국,0.2,55.1918,25.225
800,territory:Abbasid Caliphate:800,아바스 칼리프국,0.2,55.1432,25.2245
800,territory:Abbasid Caliphate:884,아바스 칼리프국,0.2,55.1754,25.2252
800,territory:Abbasid Caliphate:884,아바스 칼리프국,0.2,55.184,25.2242
800,territory:Abbasid Caliphate:884,아바스 칼리프국,0.1,55.1814,25.225
800,territory:Abbasid Caliphate:884,아바스 칼리프국,0.2,55.1894,25.2257
800,territory:Abbasid Caliphate:884,아바스 칼리프국,0.1,55.1853,25.2255
800,territory:Abbasid Caliphate:886,아바스 칼리프국,0.1,55.1708,25.2254
800,territory:Abbasid Caliphate:886,아바스 칼리프국,0.3,55.1651,25.2266
800,territory:Abbasid Caliphate:800,아바스 칼리프국,0.2,55.1485,25.2265
800,territory:Abbasid Caliphate:886,아바스 칼리프국,0.2,55.1661,25.2248
800,territory:Abbasid Caliphate:884,아바스 칼리프국,0.2,55.1778,25.2271
800,territory:Abbasid Caliphate:884,아바스 칼리프국,0.1,55.189,25.2273
800,territory:Abbasid Caliphate:886,아바스 칼리프국,0.2,55.1623,25.227
800,territory:Abbasid Caliphate:886,아바스 칼리프국,0.2,55.1729,25.2269
800,territory:Abbasid Caliphate:884,아바스 칼리프국,0.1,55.1801,25.2273
800,territory:Abbasid Caliphate:886,아바스 칼리프국,0.1,55.175,25.2274
800,territory:Abbasid Caliphate:884,아바스 칼리프국,0.2,55.1831,25.228
800,territory:Abbasid Caliphate:884,아바스 칼리프국,0.2,55.1864,25.2283
800,territory:Abbasid Caliphate:886,아바스 칼리프국,0.2,55.1698,25.2291
800,territory:Abbasid Caliphate:884,아바스 칼리프국,0.1,55.1808,25.2292
800,territory:Abbasid Caliphate:886,아바스 칼리프국,0.2,55.1732,25.2296
800,territory:Abbasid Caliphate:884,아바스 칼리프국,0.2,55.1869,25.2305
800,territory:Abbasid Caliphate:884,아바스 칼리프국,0.3,55.1773,25.2302
800,territory:Abbasid Caliphate:884,아바스 칼리프국,0.2,55.1841,25.2305
800,territory:Abbasid Caliphate:886,아바스 칼리프국,0.1,55.1713,25.2306
800,territory:Abbasid Caliphate:884,아바스 칼리프국,0.1,55.1807,25.2309
800,territory:Abbasid Caliphate:884,아바스 칼리프국,0.2,55.1896,25.2308
800,territory:Abbasid Caliphate:886,아바스 칼리프국,0.2,55.1673,25.2298
800,territory:Abbasid Caliphate:886,아바스 칼리프국,0.2,55.1647,25.2317
800,territory:Abbasid Caliphate:884,아바스 칼리프국,0.1,55.1874,25.2321
800,territory:Abbasid Caliphate:886,아바스 칼리프국,0.2,55.1742,25.232
800,territory:Abbasid Caliphate:884,아바스 칼리프국,0.1,55.19,25.2326
800,territory:Abbasid Caliphate:884,아바스 칼리프국,0.1,55.1875,25.2335
800,territory:Abbasid Caliphate:884,아바스 칼리프국,0.2,55.1822,25.2333
800,territory:Abbasid Caliphate:884,아바스 칼리프국,0.1,55.191,25.2341
800,territory:Abbasid Caliphate:886,아바스 칼리프국,0.1,55.1761,25.2337
800,territory:Abbasid Caliphate:886,아바스 칼리프국,0.2,55.1711,25.234
800,territory:Abbasid Caliphate:884,아바스 칼리프국,0.2,55.1843,25.234
800,territory:Abbasid Caliphate:886,아바스 칼리프국,0.1,55.1791,25.2352
800,territory:Abbasid Caliphate:886,아바스 칼리프국,0.2,55.1689,25.2348
800,territory:Abbasid Caliphate:886,아바스 칼리프국,0.3,55.1631,25.2345
800,territory:Abbasid Caliphate:884,아바스 칼리프국,0.2,55.186,25.2361
800,territory:Abbasid Caliphate:884,아바스 칼리프국,0.1,55.1825,25.2362
800,territory:Abbasid Caliphate:886,아바스 칼리프국,0.3,55.176,25.237
800,territory:Abbasid Caliphate:886,아바스 칼리프국,0.1,55.1787,25.2374
800,territory:Abbasid Caliphate:886,아바스 칼리프국,0.2,55.1732,25.2374
800,territory:Abbasid Caliphate:886,아바스 칼리프국,0.2,55.1692,25.2379
800,territory:Abbasid Caliphate:886,아바스 칼리프국,0.1,55.1752,25.2391
800,territory:Abbasid Caliphate:886,아바스 칼리프국,0.2,55.1798,25.2393
800,territory:Abbasid Caliphate:884,아바스 칼리프국,0.2,55.1842,25.239
800,territory:Abbasid Caliphate:886,아바스 칼리프국,0.2,55.1775,25.24
800,territory:Abbasid Caliphate:884,아바스 칼리프국,0.3,55.1896,25.2388
800,territory:Abbasid Caliphate:886,아바스 칼리프국,0.3,55.1658,25.2391
800,territory:Abbasid Caliphate:886,아바스 칼리프국,0.1,55.1806,25.2406
800,territory:Abbasid Caliphate:884,아바스 칼리프국,0.2,55.1863,25.2413
800,territory:Abbasid Caliphate:884,아바스 칼리프국,0.5,55.1979,25.2404
800,territory:Abbasid Caliphate:886,아바스 칼리프국,0.2,55.1678,25.2418
800,territory:Abbasid Caliphate:886,아바스 칼리프국,0.1,55.1816,25.2419
800,territory:Abbasid Caliphate:886,아바스 칼리프국,0.3,55.1722,25.241
800,territory:Abbasid Caliphate:886,아바스 칼리프국,0.2,55.1783,25.2422
800,territory:Abbasid Caliphate:884,아바스 칼리프국,0.1,55.187,25.2426
800,territory:Abbasid Caliphate:884,아바스 칼리프국,0.2,55.1837,25.243
800,territory:Abbasid Caliphate:886,아바스 칼리프국,0.2,55.175,25.2424
800,territory:Abbasid Caliphate:886,아바스 칼리프국,0.1,55.1735,25.244
800,territory:Abbasid Caliphate:886,아바스 칼리프국,0.1,55.1792,25.2442
800,territory:Abbasid Caliphate:884,아바스 칼리프국,0.1,55.1862,25.2444
800,territory:Abbasid Caliphate:800,아바스 칼리프국,0.6,55.1319,25.2177
800,territory:Abbasid Caliphate:884,아바스 칼리프국,0.3,55.1825,25.2471
800,territory:Abbasid Caliphate:884,아바스 칼리프국,0.3,55.1747,25.2486
800,territory:Abbasid Caliphate:800,아바스 칼리프국,1.1,55.1571,25.25
800,territory:Abbasid Caliphate:860,아바스 칼리프국,23.4,55.3051,26.269
800,territory:Abbasid Caliphate:878,아바스 칼리프국,3.7,35.7657,27.1078
800,territory:Byzantine Empire:806,비잔티움 제국,14.2,25.7058,34.8736
800,territory:Byzantine Empire:806,비잔티움 제국,11.1,26.1363,34.9346
800,territory:Idrisids:793,Idrisids,13.3,-4.299,35.1722
800,territory:Idrisids:793,Idrisids,18.1,-2.4427,35.178
800,territory:Idrisids:793,Idrisids,1.6,-2.4216,35.1796
800,territory:Idrisids:793,Idrisids,0.7,-2.4313,35.1837
800,territory:Idrisids:793,Idrisids,30.3,-3.9025,35.2154
800,territory:Idrisids:793,Idrisids,0.2,-3.9006,35.2175
800,territory:Byzantine Empire:806,비잔티움 제국,9.8,25.2147,35.4461
800,territory:Idrisids:793,Idrisids,5.8,-5.4186,35.9126
800,territory:Byzantine Empire:880,비잔티움 제국,6.1,29.6571,36.1342
800,territory:Byzantine Empire:880,비잔티움 제국,6.6,29.7467,36.1286
800,territory:Byzantine Empire:896,비잔티움 제국,4.0,29.4966,36.157
800,territory:Byzantine Empire:880,비잔티움 제국,5.3,29.5849,36.143
800,territory:Byzantine Empire:866,비잔티움 제국,6.8,33.7804,36.1762
800,territory:Byzantine Empire:850,비잔티움 제국,1.7,29.8792,36.1835
800,territory:Byzantine Empire:880,비잔티움 제국,4.5,22.9586,36.4866
800,territory:Byzantine Empire:880,비잔티움 제국,4.7,28.1257,36.5989
800,territory:Byzantine Empire:886,비잔티움 제국,4.8,28.9183,36.6684
800,territory:Byzantine Empire:880,비잔티움 제국,1.6,27.1401,36.9429
800,territory:Byzantine Empire:866,비잔티움 제국,18.7,27.4647,36.9758
800,territory:Byzantine Empire:880,비잔티움 제국,9.3,27.0912,37.0593
800,territory:Byzantine Empire:866,비잔티움 제국,12.1,21.5492,37.0489
800,territory:Aghlabid Dynasty:800,Aghlabid Dynasty,16.6,10.8032,37.1291
800,territory:Byzantine Empire:866,비잔티움 제국,13.2,27.0892,37.2864
800,territory:Byzantine Empire:866,비잔티움 제국,28.8,26.757,37.3005
800,territory:Byzantine Empire:866,비잔티움 제국,5.3,26.7337,37.387
800,territory:Byzantine Empire:866,비잔티움 제국,17.3,26.9735,37.4605
800,territory:Byzantine Empire:880,비잔티움 제국,26.6,23.9273,37.4756
800,territory:Aghlabid Dynasty:800,Aghlabid Dynasty,35.1,8.9372,37.5288
800,territory:Byzantine Empire:866,비잔티움 제국,0.2,27.1646,37.5786
800,territory:Byzantine Empire:880,비잔티움 제국,9.9,26.4286,37.5831
800,territory:Byzantine Empire:880,비잔티움 제국,4.9,26.5115,37.5906
800,territory:Byzantine Empire:880,비잔티움 제국,14.3,23.948,37.6486
800,territory:Byzantine Empire:880,비잔티움 제국,7.9,24.1228,37.7016
800,territory:Byzantine Empire:886,비잔티움 제국,10.8,23.7592,37.769
800,territory:Byzantine Empire:850,비잔티움 제국,21.0,24.2583,38.0038
800,territory:Byzantine Empire:850,비잔티움 제국,4.0,26.3417,38.4391
800,territory:Byzantine Empire:880,비잔티움 제국,5.0,26.2841,38.5035
800,territory:Byzantine Empire:880,비잔티움 제국,0.2,26.2288,38.5215
800,territory:Byzantine Empire:840,비잔티움 제국,11.4,26.7121,38.5036
800,territory:Byzantine Empire:880,비잔티움 제국,26.9,25.5105,38.541
800,territory:Byzantine Empire:880,비잔티움 제국,2.1,24.358,38.8379
800,territory:Byzantine Empire:880,비잔티움 제국,22.2,24.1084,39.0785
800,territory:Byzantine Empire:898,비잔티움 제국,19.3,20.2293,39.1444
800,territory:Byzantine Empire:880,비잔티움 제국,27.6,24.322,39.3498
800,territory:Emirate of Córdoba:898,코르도바 토후국,8.3,-9.5086,39.4157
800,territory:Byzantine Empire:880,비잔티움 제국,13.2,24.1686,39.3946
800,territory:Byzantine Empire:880,비잔티움 제국,18.9,19.5232,39.7704
800,territory:Byzantine Empire:880,비잔티움 제국,11.3,19.3991,39.85
800,territory:Byzantine Empire:880,비잔티움 제국,10.4,19.5814,39.8853
800,territory:Byzantine Empire:840,비잔티움 제국,9.6,23.9066,40.3248
800,territory:Byzantine Empire:875,비잔티움 제국,8.4,19.2804,40.4934
800,territory:Duchy of Benevento:793,Duchy of Benevento,36.4,14.2279,40.5502
800,territory:Byzantine Empire:880,비잔티움 제국,13.0,28.5278,40.5314
800,territory:Duchy of Benevento:793,Duchy of Benevento,19.2,14.0141,40.7542
800,territory:Byzantine Empire:814,비잔티움 제국,3.4,29.1137,40.8508
800,territory:Duchy of Benevento:793,Duchy of Benevento,37.2,13.0567,40.9706
800,territory:Byzantine Empire:806,비잔티움 제국,0.1,9.3416,41.2427
800,territory:Byzantine Empire:806,비잔티움 제국,2.6,9.3419,41.2833
800,territory:Byzantine Empire:806,비잔티움 제국,1.9,9.3712,41.299
800,territory:Byzantine Empire:806,비잔티움 제국,1.3,9.3411,41.3022
800,territory:Duchy of Spoleto:898,Duchy of Spoleto,2.7,9.2528,41.3366
800,territory:Duchy of Spoleto:898,Duchy of Spoleto,1.0,9.2576,41.367
800,territory:Byzantine Empire:880,비잔티움 제국,15.1,15.4859,42.1105
800,territory:Kingdom of the Franks:814,프랑크 왕국,19.3,11.0983,42.2489
800,territory:Principality of Serbia:860,Principality of Serbia,6.2,17.8807,42.7268
800,territory:Byzantine Empire:880,비잔티움 제국,31.7,16.5143,42.7615
800,territory:Byzantine Empire:880,비잔티움 제국,39.5,16.0091,42.9673
800,territory:Byzantine Empire:880,비잔티움 제국,21.0,15.7446,43.024
800,territory:Kingdom of the Franks:800,프랑크 왕국,11.6,6.46,43.03
800,territory:Byzantine Empire:880,비잔티움 제국,1.0,16.6998,43.0909
800,territory:West Franks:866,서프랑크,36.8,9.9059,43.4392
800,territory:Byzantine Empire:880,비잔티움 제국,1.5,16.1436,43.4401
800,territory:West Franks:866,서프랑크,3.3,7.0471,43.5205
800,territory:Kingdom of the Franks:825,프랑크 왕국,4.0,15.8502,43.6851
800,territory:Kingdom of the Franks:814,프랑크 왕국,6.8,15.7006,43.6957
800,territory:Kingdom of the Franks:830,프랑크 왕국,4.8,15.6076,43.8011
800,territory:Kingdom of the Franks:830,프랑크 왕국,7.8,15.1114,44.0403
800,territory:Byzantine Empire:880,비잔티움 제국,4.4,15.0669,44.3058
800,territory:Kingdom of the Franks:830,프랑크 왕국,19.3,14.6928,44.3826
800,territory:Byzantine Empire:880,비잔티움 제국,5.1,14.9181,44.4305
800,territory:Khazaria:888,하자르,33.6,47.4991,44.4544
800,territory:Kingdom of the Franks:830,프랑크 왕국,3.3,14.2998,44.5093
800,territory:Oghuz Turks:783,오구즈 투르크,13.6,50.5832,44.7962
800,territory:Kingdom of Italy:892,Kingdom of Italy,17.0,13.7642,44.9064
800,territory:Kingdom of the Franks:806,프랑크 왕국,5.9,14.7948,44.9131
800,territory:Kingdom of the Franks:830,프랑크 왕국,4.1,14.5204,44.9729
800,territory:Kingdom of Italy:892,Kingdom of Italy,19.4,12.4021,45.4588
800,territory:Khazaria:888,하자르,18.0,48.5803,45.714
800,territory:Khazaria:888,하자르,19.7,52.9954,46.4123
800,territory:Kingdom of Brittany:882,Kingdom of Brittany,10.2,-1.8312,48.8713
800,territory:West Franks:860,서프랑크,34.3,-2.4514,49.4704
800,territory:Kingdom of Wessex:880,Kingdom of Wessex,39.3,-4.6944,51.6374
800,territory:Scandinavian minor kingdoms:875,스칸디나비아 소왕국,5.3,16.5981,57.1083
800,territory:Scandinavian minor kingdoms:875,스칸디나비아 소왕국,2.1,16.5467,57.1613
800,territory:Scandinavian minor kingdoms:825,스칸디나비아 소왕국,0.7,16.7921,57.2514
800,territory:Scandinavian minor kingdoms:870,스칸디나비아 소왕국,0.9,16.6966,57.5139
800,territory:Scandinavian minor kingdoms:825,스칸디나비아 소왕국,2.3,16.6976,57.6001
800,territory:Scandinavian minor kingdoms:875,스칸디나비아 소왕국,4.6,11.6462,57.7039
800,territory:Scandinavian minor kingdoms:870,스칸디나비아 소왕국,1.7,16.7464,57.8285
800,territory:Scandinavian minor kingdoms:875,스칸디나비아 소왕국,5.4,11.6046,57.8729
800,territory:Scandinavian minor kingdoms:866,스칸디나비아 소왕국,5.1,16.926,58.1921
800,territory:Scandinavian minor kingdoms:866,스칸디나비아 소왕국,5.8,17.0189,58.2592
800,territory:Scandinavian minor kingdoms:866,스칸디나비아 소왕국,3.0,16.9173,58.2559
800,territory:Scandinavian minor kingdoms:870,스칸디나비아 소왕국,7.1,16.9621,58.4248
800,territory:Scandinavian minor kingdoms:870,스칸디나비아 소왕국,3.5,16.9741,58.4937
800,territory:Scandinavian minor kingdoms:870,스칸디나비아 소왕국,2.2,16.9203,58.5145
800,territory:Scandinavian minor kingdoms:866,스칸디나비아 소왕국,1.7,17.4723,58.7121
800,territory:Scandinavian minor kingdoms:870,스칸디나비아 소왕국,6.3,17.8633,58.7523
800,territory:Scandinavian minor kingdoms:870,스칸디나비아 소왕국,2.1,17.6333,58.8252
800,territory:Scandinavian minor kingdoms:870,스칸디나비아 소왕국,0.9,17.7137,58.846
800,territory:Scandinavian minor kingdoms:866,스칸디나비아 소왕국,6.5,18.1206,58.8744
800,territory:Scandinavian minor kingdoms:870,스칸디나비아 소왕국,0.9,17.8359,58.8469
800,territory:Old Kingdom of Norway:899,노르웨이 왕국,4.9,11.024,58.8902
800,territory:Scandinavian minor kingdoms:866,스칸디나비아 소왕국,2.8,18.1769,58.9225
800,territory:Scandinavian minor kingdoms:825,스칸디나비아 소왕국,0.4,18.1634,59.048
800,territory:Scandinavian minor kingdoms:870,스칸디나비아 소왕국,7.3,18.5239,59.0442
800,territory:Old Kingdom of Norway:899,노르웨이 왕국,4.9,10.942,59.0557
800,territory:Scandinavian minor kingdoms:870,스칸디나비아 소왕국,3.8,18.6039,59.0926
800,territory:Scandinavian minor kingdoms:870,스칸디나비아 소왕국,6.8,18.7421,59.1029
800,territory:Scandinavian minor kingdoms:825,스칸디나비아 소왕국,5.5,10.4284,59.09
800,territory:Scandinavian minor kingdoms:870,스칸디나비아 소왕국,2.0,18.5849,59.1282
800,territory:Scandinavian minor kingdoms:870,스칸디나비아 소왕국,4.0,18.646,59.1804
800,territory:Old Kingdom of Norway:866,노르웨이 왕국,5.6,5.8405,59.1689
800,territory:Old Kingdom of Norway:866,노르웨이 왕국,5.2,10.5501,59.2144
800,territory:Scandinavian minor kingdoms:866,스칸디나비아 소왕국,0.8,18.4195,59.2161
800,territory:Scandinavian minor kingdoms:870,스칸디나비아 소왕국,3.4,18.6035,59.2298
800,territory:Scandinavian minor kingdoms:870,스칸디나비아 소왕국,13.0,18.9162,59.2823
800,territory:Scandinavian minor kingdoms:870,스칸디나비아 소왕국,1.7,18.8758,59.3068
800,territory:Scandinavian minor kingdoms:825,스칸디나비아 소왕국,17.9,4.8822,59.3069
800,territory:Scandinavian minor kingdoms:870,스칸디나비아 소왕국,1.5,18.8871,59.3387
800,territory:Scandinavian minor kingdoms:825,스칸디나비아 소왕국,1.1,10.5262,59.3817
800,territory:Scandinavian minor kingdoms:870,스칸디나비아 소왕국,6.7,19.0195,59.4171
800,territory:Scandinavian minor kingdoms:870,스칸디나비아 소왕국,3.5,18.9549,59.4085
800,territory:Scandinavian minor kingdoms:870,스칸디나비아 소왕국,11.0,19.2156,59.4382
800,territory:Scandinavian minor kingdoms:870,스칸디나비아 소왕국,16.1,19.5055,59.4435
800,territory:Scandinavian minor kingdoms:866,스칸디나비아 소왕국,3.8,18.6869,59.4508
800,territory:Scandinavian minor kingdoms:866,스칸디나비아 소왕국,2.6,18.7794,59.4736
800,territory:Scandinavian minor kingdoms:870,스칸디나비아 소왕국,3.8,19.1665,59.4974
800,territory:Scandinavian minor kingdoms:870,스칸디나비아 소왕국,7.6,19.0477,59.5703
800,territory:Scandinavian minor kingdoms:870,스칸디나비아 소왕국,4.8,19.1661,59.592
800,territory:Scandinavian minor kingdoms:870,스칸디나비아 소왕국,3.7,19.2459,59.6048
800,territory:Scandinavian minor kingdoms:870,스칸디나비아 소왕국,3.7,19.0363,59.6447
800,territory:Scandinavian minor kingdoms:870,스칸디나비아 소왕국,3.6,19.1388,59.656
800,territory:Scandinavian minor kingdoms:870,스칸디나비아 소왕국,1.8,19.1871,59.6649
800,territory:Scandinavian minor kingdoms:870,스칸디나비아 소왕국,0.9,19.1625,59.6757
800,territory:Scandinavian minor kingdoms:825,스칸디나비아 소왕국,1.2,18.8733,59.6667
800,territory:Scandinavian minor kingdoms:870,스칸디나비아 소왕국,9.9,19.4044,59.7065
800,territory:Scandinavian minor kingdoms:870,스칸디나비아 소왕국,4.5,19.13,59.7496
800,territory:Scandinavian minor kingdoms:870,스칸디나비아 소왕국,2.2,19.179,59.7759
800,territory:Scandinavian minor kingdoms:870,스칸디나비아 소왕국,1.9,19.0911,59.7844
800,territory:Scandinavian minor kingdoms:870,스칸디나비아 소왕국,29.6,19.9212,59.8387
800,territory:Scandinavian minor kingdoms:870,스칸디나비아 소왕국,3.2,19.1182,59.8457
800,territory:Scandinavian minor kingdoms:825,스칸디나비아 소왕국,1.0,5.1569,59.9894
800,territory:Scandinavian minor kingdoms:870,스칸디나비아 소왕국,10.8,19.9984,60.0206
800,territory:Kievan Rus':887,키예프 루스,6.3,28.3746,60.0212
800,territory:Scandinavian minor kingdoms:870,스칸디나비아 소왕국,20.3,20.3813,60.0422
800,territory:Scandinavian minor kingdoms:870,스칸디나비아 소왕국,22.9,20.81,60.0699
800,territory:Scandinavian minor kingdoms:870,스칸디나비아 소왕국,30.2,21.3668,60.0742
800,territory:Scandinavian minor kingdoms:870,스칸디나비아 소왕국,2.2,20.3403,60.0752
800,territory:Scandinavian minor kingdoms:870,스칸디나비아 소왕국,4.1,20.7228,60.0845
800,territory:Scandinavian minor kingdoms:870,스칸디나비아 소왕국,8.0,20.5313,60.1023
800,territory:Old Kingdom of Norway:899,노르웨이 왕국,5.3,5.0621,60.1267
800,territory:Scandinavian minor kingdoms:870,스칸디나비아 소왕국,14.6,21.0776,60.1411
800,territory:Scandinavian minor kingdoms:870,스칸디나비아 소왕국,27.3,21.863,60.1469
800,territory:Scandinavian minor kingdoms:870,스칸디나비아 소왕국,19.6,22.2661,60.1475
800,territory:Scandinavian minor kingdoms:870,스칸디나비아 소왕국,4.5,20.2981,60.1567
800,territory:Scandinavian minor kingdoms:870,스칸디나비아 소왕국,5.2,21.3055,60.158
800,territory:Scandinavian minor kingdoms:870,스칸디나비아 소왕국,3.5,20.5934,60.1644
800,territory:Scandinavian minor kingdoms:870,스칸디나비아 소왕국,1.3,20.335,60.1658
800,territory:Scandinavian minor kingdoms:870,스칸디나비아 소왕국,1.8,22.227,60.1722
800,territory:Scandinavian minor kingdoms:870,스칸디나비아 소왕국,4.0,20.4218,60.1698
800,territory:Scandinavian minor kingdoms:870,스칸디나비아 소왕국,3.8,22.1285,60.1819
800,territory:Scandinavian minor kingdoms:870,스칸디나비아 소왕국,11.5,21.6324,60.1941
800,territory:Scandinavian minor kingdoms:866,스칸디나비아 소왕국,20.1,19.3377,60.195
800,territory:Scandinavian minor kingdoms:870,스칸디나비아 소왕국,5.8,21.0002,60.2218
800,territory:Scandinavian minor kingdoms:870,스칸디나비아 소왕국,2.2,20.2961,60.2035
800,territory:Scandinavian minor kingdoms:870,스칸디나비아 소왕국,4.0,22.3306,60.2168
800,territory:Scandinavian minor kingdoms:870,스칸디나비아 소왕국,7.9,20.7342,60.2351
800,territory:Scandinavian minor kingdoms:870,스칸디나비아 소왕국,4.0,22.0675,60.2415
800,territory:Scandinavian minor kingdoms:870,스칸디나비아 소왕국,6.9,21.7693,60.255
800,territory:Scandinavian minor kingdoms:870,스칸디나비아 소왕국,2.6,21.7044,60.2601
800,territory:Scandinavian minor kingdoms:866,스칸디나비아 소왕국,9.1,19.5004,60.2511
800,territory:Scandinavian minor kingdoms:875,스칸디나비아 소왕국,2.7,18.6169,60.277
800,territory:Scandinavian minor kingdoms:870,스칸디나비아 소왕국,8.2,21.4123,60.278
800,territory:Scandinavian minor kingdoms:870,스칸디나비아 소왕국,3.0,21.6511,60.2922
800,territory:Scandinavian minor kingdoms:870,스칸디나비아 소왕국,3.5,21.8411,60.2904
800,territory:Scandinavian minor kingdoms:870,스칸디나비아 소왕국,7.1,20.5052,60.2881
800,territory:Scandinavian minor kingdoms:870,스칸디나비아 소왕국,1.9,21.7152,60.2968
800,territory:Scandinavian minor kingdoms:870,스칸디나비아 소왕국,4.3,21.5521,60.2935
800,territory:Scandinavian minor kingdoms:870,스칸디나비아 소왕국,4.8,21.0459,60.3016
800,territory:Scandinavian minor kingdoms:870,스칸디나비아 소왕국,5.2,20.3941,60.291
800,territory:Scandinavian minor kingdoms:870,스칸디나비아 소왕국,2.8,20.9812,60.3154
800,territory:Scandinavian minor kingdoms:870,스칸디나비아 소왕국,2.6,20.9207,60.3296
800,territory:Scandinavian minor kingdoms:870,스칸디나비아 소왕국,1.9,20.4049,60.3404
800,territory:Scandinavian minor kingdoms:870,스칸디나비아 소왕국,1.6,20.3613,60.345
800,territory:Scandinavian minor kingdoms:870,스칸디나비아 소왕국,5.8,21.1501,60.3504
800,territory:Scandinavian minor kingdoms:870,스칸디나비아 소왕국,1.4,20.312,60.3443
800,territory:Scandinavian minor kingdoms:870,스칸디나비아 소왕국,3.2,21.6739,60.3523
800,territory:Scandinavian minor kingdoms:866,스칸디나비아 소왕국,5.4,19.5864,60.3456
800,territory:Scandinavian minor kingdoms:870,스칸디나비아 소왕국,2.5,21.0693,60.349
800,territory:Scandinavian minor kingdoms:870,스칸디나비아 소왕국,6.6,20.698,60.3661
800,territory:Scandinavian minor kingdoms:870,스칸디나비아 소왕국,2.8,21.7566,60.3721
800,territory:Scandinavian minor kingdoms:866,스칸디나비아 소왕국,4.4,19.6967,60.3685
800,territory:Scandinavian minor kingdoms:870,스칸디나비아 소왕국,0.5,21.6658,60.3726
800,territory:Scandinavian minor kingdoms:870,스칸디나비아 소왕국,1.5,20.9147,60.3746
800,territory:Scandinavian minor kingdoms:870,스칸디나비아 소왕국,2.1,20.8687,60.3625
800,territory:Scandinavian minor kingdoms:870,스칸디나비아 소왕국,5.0,21.4808,60.3746
800,territory:Scandinavian minor kingdoms:866,스칸디나비아 소왕국,1.2,19.7234,60.3856
800,territory:Scandinavian minor kingdoms:870,스칸디나비아 소왕국,11.2,20.0963,60.3928
800,territory:Scandinavian minor kingdoms:870,스칸디나비아 소왕국,4.6,21.3834,60.3871
800,territory:Scandinavian minor kingdoms:870,스칸디나비아 소왕국,4.0,20.7698,60.3962
800,territory:Scandinavian minor kingdoms:870,스칸디나비아 소왕국,1.8,20.8443,60.4106
800,territory:Scandinavian minor kingdoms:870,스칸디나비아 소왕국,5.1,20.6121,60.4097
800,territory:Scandinavian minor kingdoms:870,스칸디나비아 소왕국,2.6,21.0457,60.413
800,territory:Scandinavian minor kingdoms:870,스칸디나비아 소왕국,1.4,21.4179,60.4142
800,territory:Scandinavian minor kingdoms:870,스칸디나비아 소왕국,3.9,21.2108,60.4117
800,territory:Scandinavian minor kingdoms:870,스칸디나비아 소왕국,2.3,20.987,60.4194
800,territory:Scandinavian minor kingdoms:870,스칸디나비아 소왕국,4.4,20.2618,60.422
800,territory:Scandinavian minor kingdoms:870,스칸디나비아 소왕국,3.3,21.7019,60.4315
800,territory:Scandinavian minor kingdoms:870,스칸디나비아 소왕국,3.1,21.6223,60.4329
800,territory:Kievan Rus':887,키예프 루스,21.4,28.4988,60.4054
800,territory:Scandinavian minor kingdoms:870,스칸디나비아 소왕국,1.4,21.6571,60.4684
800,territory:Scandinavian minor kingdoms:870,스칸디나비아 소왕국,2.9,20.9368,60.4631
800,territory:Kievan Rus':887,키예프 루스,33.7,27.8281,60.4876
800,territory:Scandinavian minor kingdoms:870,스칸디나비아 소왕국,3.9,21.056,60.4952
800,territory:Scandinavian minor kingdoms:870,스칸디나비아 소왕국,5.0,21.5415,60.503
800,territory:Scandinavian minor kingdoms:875,스칸디나비아 소왕국,3.0,18.3856,60.5226
800,territory:Kievan Rus':887,키예프 루스,7.3,28.609,60.5035
800,territory:Scandinavian minor kingdoms:870,스칸디나비아 소왕국,3.5,20.8795,60.5253
800,territory:Scandinavian minor kingdoms:870,스칸디나비아 소왕국,1.4,21.0695,60.5254
800,territory:Scandinavian minor kingdoms:870,스칸디나비아 소왕국,1.2,21.0459,60.5546
800,territory:Scandinavian minor kingdoms:825,스칸디나비아 소왕국,5.3,4.8827,60.5251
800,territory:Kievan Rus':887,키예프 루스,5.7,28.5363,60.6306
800,territory:Scandinavian minor kingdoms:870,스칸디나비아 소왕국,15.3,21.302,60.714
800,territory:Scandinavian minor kingdoms:870,스칸디나비아 소왕국,9.3,21.0142,60.726
800,territory:Scandinavian minor kingdoms:870,스칸디나비아 소왕국,2.8,21.2642,60.7627
800,territory:Scandinavian minor kingdoms:870,스칸디나비아 소왕국,2.9,21.3519,60.7566
800,territory:Scandinavian minor kingdoms:870,스칸디나비아 소왕국,0.6,21.2877,60.7679
800,territory:Old Kingdom of Norway:866,노르웨이 왕국,12.7,4.72,60.767
800,territory:Scandinavian minor kingdoms:870,스칸디나비아 소왕국,0.4,17.3274,60.7961
800,territory:Scandinavian minor kingdoms:870,스칸디나비아 소왕국,5.8,21.1481,60.7923
800,territory:Scandinavian minor kingdoms:870,스칸디나비아 소왕국,2.0,21.2632,60.8109
800,territory:Scandinavian minor kingdoms:870,스칸디나비아 소왕국,2.0,21.3211,60.816
800,territory:Scandinavian minor kingdoms:870,스칸디나비아 소왕국,0.5,21.3053,60.8304
800,territory:Scandinavian minor kingdoms:870,스칸디나비아 소왕국,5.7,21.024,60.8405
800,territory:Scandinavian minor kingdoms:870,스칸디나비아 소왕국,10.1,21.182,60.992
800,territory:Scandinavian minor kingdoms:870,스칸디나비아 소왕국,7.7,21.3332,60.9983
800,territory:Scandinavian minor kingdoms:870,스칸디나비아 소왕국,13.3,17.2329,61.0412
800,territory:Scandinavian minor kingdoms:870,스칸디나비아 소왕국,7.5,21.3662,61.1369
800,territory:Scandinavian minor kingdoms:825,스칸디나비아 소왕국,0.1,5.0366,61.1423
800,territory:Scandinavian minor kingdoms:870,스칸디나비아 소왕국,6.8,17.315,61.1557
800,territory:Scandinavian minor kingdoms:870,스칸디나비아 소왕국,4.9,21.4349,61.2039
800,territory:Old Kingdom of Norway:899,노르웨이 왕국,12.9,4.717,61.3006
800,territory:Scandinavian minor kingdoms:870,스칸디나비아 소왕국,7.9,21.485,61.3491
800,territory:Old Kingdom of Norway:899,노르웨이 왕국,4.4,4.84,61.3465
800,territory:Scandinavian minor kingdoms:870,스칸디나비아 소왕국,9.3,21.3475,61.4776
800,territory:Scandinavian minor kingdoms:825,스칸디나비아 소왕국,1.1,4.9439,61.5199
800,territory:Scandinavian minor kingdoms:870,스칸디나비아 소왕국,20.7,17.422,61.5487
800,territory:Scandinavian minor kingdoms:870,스칸디나비아 소왕국,4.4,17.2797,61.5634
800,territory:Scandinavian minor kingdoms:870,스칸디나비아 소왕국,8.2,21.428,61.6228
800,territory:Scandinavian minor kingdoms:825,스칸디나비아 소왕국,3.1,4.8582,61.6119
800,territory:Scandinavian minor kingdoms:870,스칸디나비아 소왕국,10.2,17.5391,61.7234
800,territory:Scandinavian minor kingdoms:825,스칸디나비아 소왕국,3.2,4.8558,61.7787
800,territory:Scandinavian minor kingdoms:870,스칸디나비아 소왕국,12.0,17.4838,61.9534
800,territory:Scandinavian minor kingdoms:870,스칸디나비아 소왕국,1.3,17.5165,61.9556
800,territory:Ziyadid dynasty:866,Ziyadid dynasty,22.0,43.4311,12.472
800,territory:Ziyadid dynasty:866,Ziyadid dynasty,37.5,42.944,12.8885
800,territory:Ziyadid dynasty:866,Ziyadid dynasty,3.4,42.9293,12.9342
800,territory:Ziyadid dynasty:866,Ziyadid dynasty,9.1,42.8494,13.028
800,territory:Viking settlements:850,Viking settlements,5.9,-6.0166,53.4833
800,territory:East Franks:898,동프랑크,1.9,6.5831,53.5406
800,territory:Kingdom of the Franks:814,프랑크 왕국,2.3,6.8907,53.6379
800,territory:Viking settlements:886,Viking settlements,1.2,-4.8168,54.0522
800,territory:Kingdom of the Franks:814,프랑크 왕국,8.2,8.6745,54.0609
800,territory:Scandinavian minor kingdoms:825,스칸디나비아 소왕국,2.1,11.537,54.9662
800,territory:Scandinavian minor kingdoms:870,스칸디나비아 소왕국,9.1,15.1923,55.3194
800,territory:Scandinavian minor kingdoms:870,스칸디나비아 소왕국,6.5,12.7593,55.6433
800,territory:Scandinavian minor kingdoms:870,스칸디나비아 소왕국,3.7,10.3102,55.765
800,territory:Scandinavian minor kingdoms:866,스칸디나비아 소왕국,4.0,14.8439,56.0098
800,territory:Scandinavian minor kingdoms:866,스칸디나비아 소왕국,4.8,15.791,56.0247
800,territory:Scandinavian minor kingdoms:875,스칸디나비아 소왕국,1.9,14.9697,56.1178
800,territory:Scandinavian minor kingdoms:825,스칸디나비아 소왕국,0.3,15.4618,56.1105
800,territory:West Franks:860,서프랑크,3.7,-1.2913,45.96
800,territory:West Franks:866,서프랑크,19.1,-2.1105,49.207
800,territory:West Franks:860,서프랑크,9.7,-2.5891,49.4647
800,territory:East Franks:896,동프랑크,5.0,4.8118,53.0827
800,territory:Dál Riata:750,Dál Riata,37.6,-6.9297,56.4818
800,territory:Viking settlements:886,Viking settlements,5.7,-7.4679,56.976
800,territory:Viking settlements:886,Viking settlements,9.0,-6.3278,56.974
800,territory:Viking settlements:886,Viking settlements,2.1,-7.3283,57.4585
800,territory:Viking settlements:886,Viking settlements,1.5,-6.763,61.8528
800,territory:Aghlabid Dynasty:800,Aghlabid Dynasty,17.9,10.8766,33.7675
800,territory:Aghlabid Dynasty:800,Aghlabid Dynasty,22.6,11.0408,34.6388
800,territory:Aghlabid Dynasty:800,Aghlabid Dynasty,7.7,11.1821,34.696
800,territory:Byzantine Empire:806,비잔티움 제국,6.8,8.2864,39.1752
800,territory:Duchy of Benevento:793,Duchy of Benevento,8.2,13.9058,40.7253
800,territory:West Franks:886,서프랑크,7.9,5.348,53.4098
800,territory:Scandinavian minor kingdoms:866,스칸디나비아 소왕국,15.5,11.1345,54.4735
800,territory:Scandinavian minor kingdoms:806,스칸디나비아 소왕국,4.7,8.5003,54.7218
800,territory:Scandinavian minor kingdoms:806,스칸디나비아 소왕국,8.3,10.3929,54.8778
800,territory:Scandinavian minor kingdoms:870,스칸디나비아 소왕국,9.0,8.3454,54.9198
800,territory:Scandinavian minor kingdoms:875,스칸디나비아 소왕국,13.6,12.3556,54.9873
800,territory:Scandinavian minor kingdoms:866,스칸디나비아 소왕국,4.5,12.6039,55.6535
800,territory:Scandinavian minor kingdoms:870,스칸디나비아 소왕국,25.4,10.9805,57.278
800,territory:Old Kingdom of Norway:899,노르웨이 왕국,4.2,11.6058,57.976
800,territory:Scandinavian minor kingdoms:825,스칸디나비아 소왕국,0.4,5.2395,59.2865
800,territory:Scandinavian minor kingdoms:825,스칸디나비아 소왕국,3.7,4.899,61.0877
800,territory:Byzantine Empire:880,비잔티움 제국,32.8,16.339,42.3767
800,territory:Byzantine Empire:880,비잔티움 제국,0.3,16.3357,42.379
800,territory:Byzantine Empire:880,비잔티움 제국,5.3,16.2712,42.3874
800,territory:Byzantine Empire:880,비잔티움 제국,0.3,16.2754,42.3887
800,territory:Byzantine Empire:880,비잔티움 제국,0.9,16.2609,42.392
800,territory:Byzantine Empire:880,비잔티움 제국,9.3,16.8906,42.9485
800,territory:Byzantine Empire:880,비잔티움 제국,12.4,16.158,43.0528
800,territory:Byzantine Empire:880,비잔티움 제국,9.2,16.5892,43.1935
800,territory:Byzantine Empire:880,비잔티움 제국,5.8,16.6437,43.3353
800,territory:Byzantine Empire:850,비잔티움 제국,10.8,20.6508,38.7362
800,territory:Scandinavian minor kingdoms:870,스칸디나비아 소왕국,2.4,19.1014,57.9155
800,territory:Scandinavian minor kingdoms:870,스칸디나비아 소왕국,3.2,20.859,60.0213
800,territory:Scandinavian minor kingdoms:870,스칸디나비아 소왕국,6.8,20.1389,60.0345
800,territory:Scandinavian minor kingdoms:866,스칸디나비아 소왕국,4.9,19.5929,60.171
800,territory:Scandinavian minor kingdoms:870,스칸디나비아 소왕국,10.4,19.9543,60.2347
800,territory:Byzantine Empire:850,비잔티움 제국,8.5,23.5052,37.3388
800,territory:Byzantine Empire:850,비잔티움 제국,15.1,23.4882,37.7302
800,territory:Byzantine Empire:866,비잔티움 제국,2.7,23.4951,37.9585
800,territory:Byzantine Empire:850,비잔티움 제국,29.2,23.6983,39.1437
800,territory:Scandinavian minor kingdoms:870,스칸디나비아 소왕국,16.2,21.3759,59.7807
800,territory:Scandinavian minor kingdoms:870,스칸디나비아 소왕국,18.0,22.3227,59.8162
800,territory:Scandinavian minor kingdoms:870,스칸디나비아 소왕국,12.4,21.6031,59.8259
800,territory:Scandinavian minor kingdoms:870,스칸디나비아 소왕국,3.6,22.3897,59.8496
800,territory:Scandinavian minor kingdoms:870,스칸디나비아 소왕국,13.1,22.0834,59.8606
800,territory:Scandinavian minor kingdoms:870,스칸디나비아 소왕국,6.3,21.9551,59.8642
800,territory:Scandinavian minor kingdoms:870,스칸디나비아 소왕국,5.2,22.1905,59.8717
800,territory:Scandinavian minor kingdoms:870,스칸디나비아 소왕국,5.6,22.4998,59.8871
800,territory:Scandinavian minor kingdoms:870,스칸디나비아 소왕국,1.0,22.5477,59.9032
800,territory:Scandinavian minor kingdoms:870,스칸디나비아 소왕국,7.8,21.4616,59.9089
800,territory:Scandinavian minor kingdoms:870,스칸디나비아 소왕국,31.0,23.1116,59.9101
800,territory:Scandinavian minor kingdoms:870,스칸디나비아 소왕국,3.4,22.3672,59.9148
800,territory:Scandinavian minor kingdoms:870,스칸디나비아 소왕국,9.4,21.7898,59.9207
800,territory:Scandinavian minor kingdoms:870,스칸디나비아 소왕국,2.4,22.467,59.9296
800,territory:Scandinavian minor kingdoms:870,스칸디나비아 소왕국,1.7,22.3488,59.9468
800,territory:Scandinavian minor kingdoms:870,스칸디나비아 소왕국,4.7,22.6297,59.9496
800,territory:Scandinavian minor kingdoms:870,스칸디나비아 소왕국,1.1,22.5718,59.9502
800,territory:Scandinavian minor kingdoms:870,스칸디나비아 소왕국,1.4,21.7722,59.9532
800,territory:Scandinavian minor kingdoms:870,스칸디나비아 소왕국,6.8,21.6101,59.9535
800,territory:Scandinavian minor kingdoms:870,스칸디나비아 소왕국,2.3,22.4133,59.9527
800,territory:Scandinavian minor kingdoms:870,스칸디나비아 소왕국,2.2,22.529,59.9716
800,territory:Scandinavian minor kingdoms:870,스칸디나비아 소왕국,6.4,21.2949,59.9763
800,territory:Scandinavian minor kingdoms:870,스칸디나비아 소왕국,0.8,22.6222,59.9766
800,territory:Scandinavian minor kingdoms:870,스칸디나비아 소왕국,0.9,22.3536,59.98
800,territory:Scandinavian minor kingdoms:870,스칸디나비아 소왕국,10.8,22.9407,60.0284
800,territory:Scandinavian minor kingdoms:870,스칸디나비아 소왕국,5.5,21.4654,60.0297
800,territory:Scandinavian minor kingdoms:870,스칸디나비아 소왕국,5.6,22.8086,60.0418
800,territory:Scandinavian minor kingdoms:870,스칸디나비아 소왕국,7.8,22.6395,60.1303
800,territory:Scandinavian minor kingdoms:870,스칸디나비아 소왕국,3.0,21.5825,60.1457
800,territory:Scandinavian minor kingdoms:870,스칸디나비아 소왕국,1.3,22.1219,60.1506
800,territory:Scandinavian minor kingdoms:870,스칸디나비아 소왕국,4.9,22.1653,60.2905
800,territory:Scandinavian minor kingdoms:870,스칸디나비아 소왕국,6.5,21.9066,60.3987
800,territory:Abbasid Caliphate:800,아바스 칼리프국,11.6,36.8936,25.3897
800,territory:Abbasid Caliphate:830,아바스 칼리프국,21.4,36.5596,25.6077
800,territory:Byzantine Empire:880,비잔티움 제국,30.9,27.3668,36.4102
800,territory:Byzantine Empire:880,비잔티움 제국,15.3,27.8188,36.5828
800,territory:Byzantine Empire:880,비잔티움 제국,21.5,25.3195,36.7477
800,territory:Byzantine Empire:880,비잔티움 제국,6.4,26.9874,36.9875
800,territory:Byzantine Empire:880,비잔티움 제국,10.2,25.2035,37.0798
800,territory:Byzantine Empire:880,비잔티움 제국,34.3,24.4875,37.1635
800,territory:Byzantine Empire:880,비잔티움 제국,15.5,24.4201,37.3575
800,territory:Byzantine Empire:880,비잔티움 제국,15.0,24.9137,37.4057
800,territory:Byzantine Empire:880,비잔티움 제국,10.8,25.3748,37.444
800,territory:Byzantine Empire:866,비잔티움 제국,25.0,26.8127,37.734
800,territory:Byzantine Empire:880,비잔티움 제국,19.4,25.5698,40.4688
800,territory:Byzantine Empire:866,비잔티움 제국,19.0,27.6128,40.6268
800,territory:Kievan Rus':887,키예프 루스,28.7,27.3084,60.2802
800,territory:Kievan Rus':887,키예프 루스,29.4,26.7688,60.3585
800,territory:Kievan Rus':887,키예프 루스,14.7,27.0521,60.388
800,territory:Ziyadid dynasty:866,Ziyadid dynasty,4.1,42.9382,12.8384
800,territory:Abbasid Caliphate:825,아바스 칼리프국,31.3,42.7478,14.0002
800,territory:Abbasid Caliphate:814,아바스 칼리프국,14.3,42.587,15.3505
800,territory:Kingdom of Axum:602,Kingdom of Axum,24.4,40.0874,15.715
800,territory:Abbasid Caliphate:860,아바스 칼리프국,13.3,41.9022,16.8567
800,territory:Abbasid Caliphate:860,아바스 칼리프국,2.2,53.8096,24.1797
800,territory:Qarmatians:899,Qarmatians,6.5,52.6023,24.3268
800,territory:Abbasid Caliphate:825,아바스 칼리프국,2.7,54.2259,24.3362
800,territory:Qarmatians:899,Qarmatians,18.5,53.3838,24.34
800,territory:Abbasid Caliphate:850,아바스 칼리프국,17.7,53.9823,26.5143
800,territory:Khazaria:888,하자르,30.2,47.7348,43.9705
800,territory:Oghuz Turks:783,오구즈 투르크,16.5,52.6249,45.469
800,territory:Khazaria:888,하자르,12.7,47.9502,45.5785
800,territory:Khazaria:888,하자르,25.4,49.7897,46.2885
800,territory:Abbasid Caliphate:830,아바스 칼리프국,33.4,56.0424,17.54
900,territory:Kingdom of Axum:936,Kingdom of Axum,2.9,40.314,15.0222
900,territory:Kingdom of Axum:936,Kingdom of Axum,3.9,40.2492,15.1515
900,territory:Ziyadid dynasty:866,Ziyadid dynasty,31.2,42.4068,15.7254
900,territory:Qarmatians:899,Qarmatians,13.3,52.0107,24.2305
900,territory:Qarmatians:899,Qarmatians,23.7,51.7316,24.5858
900,territory:Abbasid Caliphate:960,아바스 칼리프국,10.4,37.0901,24.9611
900,territory:Qarmatians:899,Qarmatians,0.1,55.1164,25.1155
900,territory:Qarmatians:899,Qarmatians,0.0,55.1746,25.1928
900,territory:Qarmatians:899,Qarmatians,0.2,55.1725,25.1946
900,territory:Qarmatians:899,Qarmatians,1.5,55.1568,25.1952
900,territory:Qarmatians:899,Qarmatians,0.1,55.1751,25.1951
900,territory:Qarmatians:899,Qarmatians,0.2,55.1597,25.1959
900,territory:Qarmatians:899,Qarmatians,0.3,55.1527,25.1958
900,territory:Qarmatians:899,Qarmatians,0.2,55.1695,25.1958
900,territory:Qarmatians:899,Qarmatians,0.1,55.1756,25.1965
900,territory:Qarmatians:899,Qarmatians,0.2,55.1492,25.1969
900,territory:Qarmatians:899,Qarmatians,0.2,55.1669,25.1969
900,territory:Qarmatians:899,Qarmatians,0.2,55.1729,25.1979
900,territory:Qarmatians:899,Qarmatians,0.2,55.1537,25.1977
900,territory:Qarmatians:899,Qarmatians,0.1,55.1507,25.1985
900,territory:Qarmatians:899,Qarmatians,0.2,55.1561,25.1985
900,territory:Qarmatians:899,Qarmatians,0.2,55.1693,25.1988
900,territory:Qarmatians:899,Qarmatians,0.2,55.1466,25.1998
900,territory:Qarmatians:899,Qarmatians,0.2,55.1718,25.2
900,territory:Qarmatians:899,Qarmatians,0.1,55.1751,25.199
900,territory:Qarmatians:899,Qarmatians,0.2,55.1495,25.2
900,territory:Qarmatians:899,Qarmatians,0.2,55.1656,25.1998
900,territory:Qarmatians:899,Qarmatians,0.2,55.1525,25.2005
900,territory:Qarmatians:899,Qarmatians,0.2,55.1635,25.2009
900,territory:Qarmatians:899,Qarmatians,0.2,55.1679,25.201
900,territory:Qarmatians:899,Qarmatians,0.2,55.1558,25.2011
900,territory:Qarmatians:899,Qarmatians,0.1,55.1479,25.2015
900,territory:Qarmatians:899,Qarmatians,0.1,55.1656,25.2022
900,territory:Qarmatians:899,Qarmatians,0.2,55.1709,25.2019
900,territory:Qarmatians:899,Qarmatians,0.2,55.1505,25.2029
900,territory:Qarmatians:899,Qarmatians,0.1,55.1734,25.2023
900,territory:Qarmatians:899,Qarmatians,0.2,55.1527,25.2031
900,territory:Qarmatians:899,Qarmatians,0.2,55.1584,25.2028
900,territory:Qarmatians:899,Qarmatians,0.1,55.1548,25.2038
900,territory:Qarmatians:899,Qarmatians,0.2,55.1466,25.2041
900,territory:Qarmatians:899,Qarmatians,0.1,55.1492,25.2039
900,territory:Qarmatians:899,Qarmatians,0.1,55.1583,25.2055
900,territory:Qarmatians:899,Qarmatians,0.2,55.1556,25.2056
900,territory:Qarmatians:899,Qarmatians,0.2,55.1464,25.2067
900,territory:Qarmatians:899,Qarmatians,0.2,55.1534,25.2067
900,territory:Qarmatians:899,Qarmatians,0.2,55.1497,25.2069
900,territory:Qarmatians:899,Qarmatians,0.2,55.1592,25.2076
900,territory:Qarmatians:899,Qarmatians,0.4,55.1751,25.2073
900,territory:Qarmatians:899,Qarmatians,0.2,55.1566,25.2082
900,territory:Qarmatians:899,Qarmatians,0.1,55.1831,25.2079
900,territory:Qarmatians:899,Qarmatians,0.2,55.1517,25.2088
900,territory:Qarmatians:899,Qarmatians,0.2,55.1802,25.209
900,territory:Qarmatians:899,Qarmatians,0.1,55.1456,25.2087
900,territory:Qarmatians:899,Qarmatians,0.2,55.1734,25.2093
900,territory:Qarmatians:899,Qarmatians,0.2,55.1771,25.2092
900,territory:Qarmatians:899,Qarmatians,0.1,55.1517,25.2104
900,territory:Qarmatians:899,Qarmatians,0.2,55.1486,25.2104
900,territory:Qarmatians:899,Qarmatians,0.1,55.1848,25.2108
900,territory:Qarmatians:899,Qarmatians,0.1,55.1461,25.2111
900,territory:Qarmatians:899,Qarmatians,0.2,55.1705,25.2103
900,territory:Qarmatians:899,Qarmatians,0.1,55.1826,25.2113
900,territory:Qarmatians:899,Qarmatians,0.2,55.175,25.2114
900,territory:Qarmatians:899,Qarmatians,0.1,55.1807,25.2126
900,territory:Qarmatians:899,Qarmatians,0.2,55.1846,25.2131
900,territory:Qarmatians:899,Qarmatians,0.2,55.172,25.2132
900,territory:Qarmatians:899,Qarmatians,0.2,55.1778,25.2132
900,territory:Qarmatians:899,Qarmatians,0.5,55.1567,25.2135
900,territory:Qarmatians:899,Qarmatians,0.2,55.154,25.214
900,territory:Qarmatians:899,Qarmatians,0.3,55.1681,25.214
900,territory:Qarmatians:899,Qarmatians,0.1,55.1757,25.2145
900,territory:Qarmatians:899,Qarmatians,0.1,55.1815,25.2144
900,territory:Qarmatians:899,Qarmatians,0.3,55.1461,25.2149
900,territory:Qarmatians:899,Qarmatians,0.1,55.1831,25.2151
900,territory:Qarmatians:899,Qarmatians,0.1,55.1781,25.2154
900,territory:Qarmatians:899,Qarmatians,0.2,55.151,25.2155
900,territory:Qarmatians:899,Qarmatians,0.4,55.1637,25.2158
900,territory:Qarmatians:899,Qarmatians,0.1,55.1445,25.2156
900,territory:Qarmatians:899,Qarmatians,0.1,55.1519,25.2164
900,territory:Qarmatians:899,Qarmatians,0.2,55.1555,25.2166
900,territory:Qarmatians:899,Qarmatians,0.1,55.1813,25.2168
900,territory:Qarmatians:899,Qarmatians,0.2,55.1487,25.2162
900,territory:Qarmatians:899,Qarmatians,0.1,55.1753,25.2167
900,territory:Qarmatians:899,Qarmatians,0.2,55.1681,25.2169
900,territory:Qarmatians:899,Qarmatians,0.1,55.1705,25.2163
900,territory:Qarmatians:899,Qarmatians,0.1,55.1771,25.2166
900,territory:Qarmatians:899,Qarmatians,0.1,55.1533,25.2173
900,territory:Qarmatians:899,Qarmatians,0.1,55.1646,25.2174
900,territory:Qarmatians:899,Qarmatians,0.1,55.1721,25.2177
900,territory:Qarmatians:899,Qarmatians,0.1,55.146,25.2177
900,territory:Qarmatians:899,Qarmatians,0.2,55.1838,25.2181
900,territory:Qarmatians:899,Qarmatians,0.2,55.1881,25.2185
900,territory:Qarmatians:899,Qarmatians,0.1,55.1708,25.2184
900,territory:Qarmatians:899,Qarmatians,0.1,55.1497,25.2188
900,territory:Qarmatians:899,Qarmatians,0.1,55.1676,25.2182
900,territory:Qarmatians:899,Qarmatians,0.5,55.1399,25.2059
900,territory:Qarmatians:899,Qarmatians,0.1,55.1523,25.2189
900,territory:Qarmatians:899,Qarmatians,0.2,55.1555,25.2192
900,territory:Qarmatians:899,Qarmatians,0.0,55.1902,25.2191
900,territory:Qarmatians:899,Qarmatians,0.3,55.1795,25.2197
900,territory:Qarmatians:899,Qarmatians,0.1,55.1696,25.2193
900,territory:Qarmatians:899,Qarmatians,0.2,55.1762,25.2198
900,territory:Qarmatians:899,Qarmatians,0.1,55.1886,25.22
900,territory:Qarmatians:899,Qarmatians,0.2,55.1819,25.2196
900,territory:Qarmatians:899,Qarmatians,0.1,55.1779,25.2198
900,territory:Qarmatians:899,Qarmatians,0.1,55.1747,25.22
900,territory:Qarmatians:899,Qarmatians,0.1,55.1509,25.2203
900,territory:Qarmatians:899,Qarmatians,0.2,55.1468,25.2204
900,territory:Qarmatians:899,Qarmatians,0.2,55.1665,25.221
900,territory:Qarmatians:899,Qarmatians,0.1,55.1455,25.2209
900,territory:Qarmatians:899,Qarmatians,0.1,55.1484,25.2212
900,territory:Qarmatians:899,Qarmatians,0.1,55.1439,25.2214
900,territory:Qarmatians:899,Qarmatians,0.2,55.1686,25.2215
900,territory:Qarmatians:899,Qarmatians,0.2,55.172,25.221
900,territory:Qarmatians:899,Qarmatians,0.1,55.1769,25.2218
900,territory:Qarmatians:899,Qarmatians,0.1,55.1746,25.2221
900,territory:Qarmatians:899,Qarmatians,0.2,55.1813,25.2219
900,territory:Qarmatians:899,Qarmatians,0.2,55.1529,25.2217
900,territory:Qarmatians:899,Qarmatians,0.2,55.1695,25.2237
900,territory:Qarmatians:899,Qarmatians,0.1,55.1495,25.2234
900,territory:Qarmatians:899,Qarmatians,0.4,55.1628,25.2231
900,territory:Qarmatians:899,Qarmatians,0.1,55.1733,25.2237
900,territory:Qarmatians:899,Qarmatians,0.3,55.1876,25.2237
900,territory:Qarmatians:899,Qarmatians,0.1,55.1469,25.2246
900,territory:Qarmatians:899,Qarmatians,0.2,55.1781,25.2242
900,territory:Qarmatians:899,Qarmatians,0.2,55.1918,25.225
900,territory:Qarmatians:899,Qarmatians,0.2,55.1432,25.2245
900,territory:Qarmatians:899,Qarmatians,0.2,55.1754,25.2252
900,territory:Qarmatians:899,Qarmatians,0.2,55.184,25.2242
900,territory:Qarmatians:899,Qarmatians,0.1,55.1814,25.225
900,territory:Qarmatians:899,Qarmatians,0.2,55.1894,25.2257
900,territory:Qarmatians:899,Qarmatians,0.1,55.1853,25.2255
900,territory:Qarmatians:899,Qarmatians,0.1,55.1708,25.2254
900,territory:Qarmatians:899,Qarmatians,0.3,55.1651,25.2266
900,territory:Qarmatians:899,Qarmatians,0.2,55.1485,25.2265
900,territory:Qarmatians:899,Qarmatians,0.2,55.1661,25.2248
900,territory:Qarmatians:899,Qarmatians,0.2,55.1778,25.2271
900,territory:Qarmatians:899,Qarmatians,0.1,55.189,25.2273
900,territory:Qarmatians:899,Qarmatians,0.2,55.1623,25.227
900,territory:Qarmatians:899,Qarmatians,0.2,55.1729,25.2269
900,territory:Qarmatians:899,Qarmatians,0.1,55.1801,25.2273
900,territory:Qarmatians:899,Qarmatians,0.1,55.175,25.2274
900,territory:Qarmatians:899,Qarmatians,0.2,55.1831,25.228
900,territory:Qarmatians:899,Qarmatians,0.2,55.1864,25.2283
900,territory:Qarmatians:899,Qarmatians,0.2,55.1698,25.2291
900,territory:Qarmatians:899,Qarmatians,0.1,55.1808,25.2292
900,territory:Qarmatians:899,Qarmatians,0.2,55.1732,25.2296
900,territory:Qarmatians:899,Qarmatians,0.2,55.1869,25.2305
900,territory:Qarmatians:899,Qarmatians,0.3,55.1773,25.2302
900,territory:Qarmatians:899,Qarmatians,0.2,55.1841,25.2305
900,territory:Qarmatians:899,Qarmatians,0.1,55.1713,25.2306
900,territory:Qarmatians:899,Qarmatians,0.1,55.1807,25.2309
900,territory:Qarmatians:899,Qarmatians,0.2,55.1896,25.2308
900,territory:Qarmatians:899,Qarmatians,0.2,55.1673,25.2298
900,territory:Qarmatians:899,Qarmatians,0.2,55.1647,25.2317
900,territory:Qarmatians:899,Qarmatians,0.1,55.1874,25.2321
900,territory:Qarmatians:899,Qarmatians,0.2,55.1742,25.232
900,territory:Qarmatians:899,Qarmatians,0.1,55.19,25.2326
900,territory:Qarmatians:899,Qarmatians,0.1,55.1875,25.2335
900,territory:Qarmatians:899,Qarmatians,0.2,55.1822,25.2333
900,territory:Qarmatians:899,Qarmatians,0.1,55.191,25.2341
900,territory:Qarmatians:899,Qarmatians,0.1,55.1761,25.2337
900,territory:Qarmatians:899,Qarmatians,0.2,55.1711,25.234
900,territory:Qarmatians:899,Qarmatians,0.2,55.1843,25.234
900,territory:Qarmatians:899,Qarmatians,0.1,55.1791,25.2352
900,territory:Qarmatians:899,Qarmatians,0.2,55.1689,25.2348
900,territory:Qarmatians:899,Qarmatians,0.3,55.1631,25.2345
900,territory:Qarmatians:899,Qarmatians,0.2,55.186,25.2361
900,territory:Qarmatians:899,Qarmatians,0.1,55.1825,25.2362
900,territory:Qarmatians:899,Qarmatians,0.3,55.176,25.237
900,territory:Qarmatians:899,Qarmatians,0.1,55.1787,25.2374
900,territory:Qarmatians:899,Qarmatians,0.2,55.1732,25.2374
900,territory:Qarmatians:899,Qarmatians,0.2,55.1692,25.2379
900,territory:Qarmatians:899,Qarmatians,0.1,55.1752,25.2391
900,territory:Qarmatians:899,Qarmatians,0.2,55.1798,25.2393
900,territory:Qarmatians:899,Qarmatians,0.2,55.1842,25.239
900,territory:Qarmatians:899,Qarmatians,0.2,55.1775,25.24
900,territory:Qarmatians:899,Qarmatians,0.3,55.1896,25.2388
900,territory:Qarmatians:899,Qarmatians,0.3,55.1658,25.2391
900,territory:Qarmatians:899,Qarmatians,0.1,55.1806,25.2406
900,territory:Qarmatians:899,Qarmatians,0.2,55.1863,25.2413
900,territory:Qarmatians:899,Qarmatians,0.5,55.1979,25.2404
900,territory:Qarmatians:899,Qarmatians,0.2,55.1678,25.2418
900,territory:Qarmatians:899,Qarmatians,0.1,55.1816,25.2419
900,territory:Qarmatians:899,Qarmatians,0.3,55.1722,25.241
900,territory:Qarmatians:899,Qarmatians,0.2,55.1783,25.2422
900,territory:Qarmatians:899,Qarmatians,0.1,55.187,25.2426
900,territory:Qarmatians:899,Qarmatians,0.2,55.1837,25.243
900,territory:Qarmatians:899,Qarmatians,0.2,55.175,25.2424
900,territory:Qarmatians:899,Qarmatians,0.1,55.1735,25.244
900,territory:Qarmatians:899,Qarmatians,0.1,55.1792,25.2442
900,territory:Qarmatians:899,Qarmatians,0.1,55.1862,25.2444
900,territory:Qarmatians:899,Qarmatians,0.6,55.1319,25.2177
900,territory:Qarmatians:899,Qarmatians,0.3,55.1825,25.2471
900,territory:Qarmatians:899,Qarmatians,0.3,55.1747,25.2486
900,territory:Qarmatians:899,Qarmatians,1.1,55.1571,25.25
900,territory:Abbasid Caliphate:911,아바스 칼리프국,23.4,55.3051,26.269
900,territory:Abbasid Caliphate:911,아바스 칼리프국,3.7,35.7657,27.1078
900,territory:Byzantine Empire:990,비잔티움 제국,14.2,25.7058,34.8736
900,territory:Byzantine Empire:990,비잔티움 제국,11.1,26.1363,34.9346
900,territory:Idrisids:793,Idrisids,13.3,-4.299,35.1722
900,territory:Fatimid Caliphate:936,파티마 칼리프국,18.1,-2.4427,35.178
900,territory:Fatimid Caliphate:936,파티마 칼리프국,1.6,-2.4216,35.1796
900,territory:Fatimid Caliphate:936,파티마 칼리프국,0.7,-2.4313,35.1837
900,territory:Caliphate of Córdoba:980,코르도바 칼리프국,28.3,-3.9025,35.2154
900,territory:Caliphate of Córdoba:980,코르도바 칼리프국,0.2,-3.9006,35.2175
900,territory:Byzantine Empire:990,비잔티움 제국,9.8,25.2147,35.4461
900,territory:Idrisids:911,Idrisids,5.8,-5.4186,35.9126
900,territory:Byzantine Empire:990,비잔티움 제국,6.1,29.6571,36.1342
900,territory:Byzantine Empire:960,비잔티움 제국,6.6,29.7467,36.1286
900,territory:Byzantine Empire:980,비잔티움 제국,4.0,29.4966,36.157
900,territory:Byzantine Empire:970,비잔티움 제국,5.3,29.5849,36.143
900,territory:Byzantine Empire:960,비잔티움 제국,6.8,33.7804,36.1762
900,territory:Byzantine Empire:980,비잔티움 제국,1.7,29.8792,36.1835
900,territory:Byzantine Empire:990,비잔티움 제국,4.5,22.9586,36.4866
900,territory:Byzantine Empire:990,비잔티움 제국,4.7,28.1257,36.5989
900,territory:Byzantine Empire:936,비잔티움 제국,4.8,28.9183,36.6684
900,territory:Byzantine Empire:990,비잔티움 제국,1.6,27.1401,36.9429
900,territory:Byzantine Empire:970,비잔티움 제국,18.7,27.4647,36.9758
900,territory:Byzantine Empire:990,비잔티움 제국,9.3,27.0912,37.0593
900,territory:Byzantine Empire:922,비잔티움 제국,12.1,21.5492,37.0489
900,territory:Fatimid Caliphate:960,파티마 칼리프국,16.6,10.8032,37.1291
900,territory:Byzantine Empire:970,비잔티움 제국,13.2,27.0892,37.2864
900,territory:Byzantine Empire:970,비잔티움 제국,28.8,26.757,37.3005
900,territory:Byzantine Empire:970,비잔티움 제국,5.3,26.7337,37.387
900,territory:Byzantine Empire:970,비잔티움 제국,17.3,26.9735,37.4605
900,territory:Byzantine Empire:990,비잔티움 제국,26.6,23.9273,37.4756
900,territory:Fatimid Caliphate:980,파티마 칼리프국,35.1,8.9372,37.5288
900,territory:Byzantine Empire:970,비잔티움 제국,0.2,27.1646,37.5786
900,territory:Byzantine Empire:990,비잔티움 제국,9.9,26.4286,37.5831
900,territory:Byzantine Empire:990,비잔티움 제국,4.9,26.5115,37.5906
900,territory:Byzantine Empire:990,비잔티움 제국,14.3,23.948,37.6486
900,territory:Byzantine Empire:990,비잔티움 제국,7.9,24.1228,37.7016
900,territory:Byzantine Empire:960,비잔티움 제국,10.8,23.7592,37.769
900,territory:Byzantine Empire:970,비잔티움 제국,21.0,24.2583,38.0038
900,territory:Byzantine Empire:960,비잔티움 제국,4.0,26.3417,38.4391
900,territory:Byzantine Empire:990,비잔티움 제국,5.0,26.2841,38.5035
900,territory:Byzantine Empire:990,비잔티움 제국,0.2,26.2288,38.5215
900,territory:Byzantine Empire:960,비잔티움 제국,11.4,26.7121,38.5036
900,territory:Byzantine Empire:990,비잔티움 제국,26.9,25.5105,38.541
900,territory:Byzantine Empire:990,비잔티움 제국,2.1,24.358,38.8379
900,territory:Byzantine Empire:990,비잔티움 제국,22.2,24.1084,39.0785
900,territory:Byzantine Empire:990,비잔티움 제국,18.9,20.2293,39.1444
900,territory:Byzantine Empire:990,비잔티움 제국,27.6,24.322,39.3498
900,territory:Emirate of Córdoba:898,코르도바 토후국,8.3,-9.5086,39.4157
900,territory:Byzantine Empire:990,비잔티움 제국,13.2,24.1686,39.3946
900,territory:Byzantine Empire:990,비잔티움 제국,18.9,19.5232,39.7704
900,territory:Byzantine Empire:990,비잔티움 제국,11.3,19.3991,39.85
900,territory:Byzantine Empire:990,비잔티움 제국,10.4,19.5814,39.8853
900,territory:Byzantine Empire:990,비잔티움 제국,9.6,23.9066,40.3248
900,territory:Byzantine Empire:898,비잔티움 제국,8.5,19.2804,40.4934
900,territory:Duchy of Benevento:980,Duchy of Benevento,36.4,14.2279,40.5502
900,territory:Byzantine Empire:947,비잔티움 제국,13.0,28.5278,40.5314
900,territory:Duchy of Benevento:980,Duchy of Benevento,19.2,14.0141,40.7542
900,territory:Byzantine Empire:947,비잔티움 제국,3.4,29.1137,40.8508
900,territory:Duchy of Benevento:970,Duchy of Benevento,37.2,13.0567,40.9706
900,territory:Kingdom of Italy:960,Kingdom of Italy,38.2,9.6009,41.0746
900,territory:Kingdom of Italy:960,Kingdom of Italy,18.9,9.4058,41.197
900,territory:Kingdom of Italy:960,Kingdom of Italy,7.4,9.1478,41.2395
900,territory:Kingdom of Italy:960,Kingdom of Italy,5.9,9.3416,41.2427
900,territory:Kingdom of Italy:960,Kingdom of Italy,2.6,9.3419,41.2833
900,territory:Kingdom of Italy:960,Kingdom of Italy,1.9,9.3712,41.299
900,territory:Kingdom of Italy:960,Kingdom of Italy,1.3,9.3411,41.3022
900,territory:Kingdom of Italy:960,Kingdom of Italy,2.7,9.2528,41.3366
900,territory:Kingdom of Italy:960,Kingdom of Italy,1.0,9.2576,41.367
900,territory:Byzantine Empire:990,비잔티움 제국,15.1,15.4859,42.1105
900,territory:Kingdom of Italy:936,Kingdom of Italy,20.0,11.0983,42.2489
900,territory:Byzantine Empire:990,비잔티움 제국,6.1,17.8807,42.7268
900,territory:Byzantine Empire:962,비잔티움 제국,31.7,16.5143,42.7615
900,territory:Byzantine Empire:990,비잔티움 제국,39.5,16.0091,42.9673
900,territory:Byzantine Empire:990,비잔티움 제국,21.0,15.7446,43.024
900,territory:Kingdom of Lower Burgundy:926,Kingdom of Lower Burgundy,11.6,6.46,43.03
900,territory:Byzantine Empire:962,비잔티움 제국,1.0,16.6998,43.0909
900,territory:Holy Roman Empire:990,신성로마제국,36.8,9.9059,43.4392
900,territory:Byzantine Empire:990,비잔티움 제국,1.5,16.1436,43.4401
900,territory:Kingdom of Lower Burgundy:926,Kingdom of Lower Burgundy,3.3,7.0471,43.5205
900,territory:Kingdom of Croatia:980,Kingdom of Croatia,4.0,15.8502,43.6851
900,territory:Kingdom of Croatia:980,Kingdom of Croatia,6.8,15.7006,43.6957
900,territory:Kingdom of Croatia:960,Kingdom of Croatia,4.8,15.6076,43.8011
900,territory:Kingdom of Croatia:990,Kingdom of Croatia,7.8,15.1114,44.0403
900,territory:Byzantine Empire:990,비잔티움 제국,4.4,15.0669,44.3058
900,territory:Kingdom of Croatia:990,Kingdom of Croatia,19.3,14.6928,44.3826
900,territory:Byzantine Empire:990,비잔티움 제국,5.1,14.9181,44.4305
900,territory:Khazaria:970,하자르,33.6,47.4991,44.4544
900,territory:Kingdom of Croatia:990,Kingdom of Croatia,3.3,14.2998,44.5093
900,territory:Oghuz Turks:875,오구즈 투르크,13.6,50.5832,44.7962
900,territory:Kingdom of Italy:936,Kingdom of Italy,17.0,13.7642,44.9064
900,territory:Kingdom of Croatia:960,Kingdom of Croatia,5.9,14.7948,44.9131
900,territory:Kingdom of Croatia:990,Kingdom of Croatia,4.1,14.5204,44.9729
900,territory:Kingdom of Italy:960,Kingdom of Italy,19.4,12.4021,45.4588
900,territory:Khazaria:960,하자르,18.0,48.5803,45.714
900,territory:Oghuz Turks:990,오구즈 투르크,19.1,52.9954,46.4123
900,territory:Kingdom of Brittany:896,Kingdom of Brittany,10.2,-1.8312,48.8713
900,territory:Kingdom of Brittany:896,Kingdom of Brittany,34.3,-2.4514,49.4704
900,territory:Kingdom of Wessex:899,Kingdom of Wessex,39.3,-4.6944,51.6374
900,territory:Scandinavian minor kingdoms:875,스칸디나비아 소왕국,5.3,16.5981,57.1083
900,territory:Scandinavian minor kingdoms:875,스칸디나비아 소왕국,2.1,16.5467,57.1613
900,territory:Scandinavian minor kingdoms:875,스칸디나비아 소왕국,2.3,16.7921,57.2514
900,territory:Scandinavian minor kingdoms:936,스칸디나비아 소왕국,0.9,16.6966,57.5139
900,territory:Scandinavian minor kingdoms:960,스칸디나비아 소왕국,2.3,16.6976,57.6001
900,territory:Scandinavian minor kingdoms:980,스칸디나비아 소왕국,2.8,11.6462,57.7039
900,territory:Scandinavian minor kingdoms:875,스칸디나비아 소왕국,1.7,16.7464,57.8285
900,territory:Scandinavian minor kingdoms:980,스칸디나비아 소왕국,5.2,11.6046,57.8729
900,territory:Scandinavian minor kingdoms:980,스칸디나비아 소왕국,5.1,16.926,58.1921
900,territory:Scandinavian minor kingdoms:980,스칸디나비아 소왕국,5.8,17.0189,58.2592
900,territory:Scandinavian minor kingdoms:980,스칸디나비아 소왕국,3.0,16.9173,58.2559
900,territory:Scandinavian minor kingdoms:875,스칸디나비아 소왕국,7.1,16.9621,58.4248
900,territory:Scandinavian minor kingdoms:875,스칸디나비아 소왕국,3.5,16.9741,58.4937
900,territory:Scandinavian minor kingdoms:875,스칸디나비아 소왕국,2.2,16.9203,58.5145
900,territory:Scandinavian minor kingdoms:875,스칸디나비아 소왕국,1.7,17.4723,58.7121
900,territory:Scandinavian minor kingdoms:960,스칸디나비아 소왕국,6.3,17.8633,58.7523
900,territory:Scandinavian minor kingdoms:960,스칸디나비아 소왕국,2.1,17.6333,58.8252
900,territory:Scandinavian minor kingdoms:875,스칸디나비아 소왕국,0.9,17.7137,58.846
900,territory:Scandinavian minor kingdoms:875,스칸디나비아 소왕국,6.5,18.1206,58.8744
900,territory:Scandinavian minor kingdoms:875,스칸디나비아 소왕국,0.9,17.8359,58.8469
900,territory:Old Kingdom of Norway:990,노르웨이 왕국,4.9,11.024,58.8902
900,territory:Scandinavian minor kingdoms:875,스칸디나비아 소왕국,2.8,18.1769,58.9225
900,territory:Scandinavian minor kingdoms:960,스칸디나비아 소왕국,0.5,18.1634,59.048
900,territory:Scandinavian minor kingdoms:875,스칸디나비아 소왕국,7.3,18.5239,59.0442
900,territory:Old Kingdom of Norway:899,노르웨이 왕국,4.9,10.942,59.0557
900,territory:Scandinavian minor kingdoms:875,스칸디나비아 소왕국,3.8,18.6039,59.0926
900,territory:Scandinavian minor kingdoms:875,스칸디나비아 소왕국,6.8,18.7421,59.1029
900,territory:Kingdom of Denmark:970,Kingdom of Denmark,5.5,10.4284,59.09
900,territory:Scandinavian minor kingdoms:875,스칸디나비아 소왕국,2.0,18.5849,59.1282
900,territory:Scandinavian minor kingdoms:875,스칸디나비아 소왕국,4.0,18.646,59.1804
900,territory:Old Kingdom of Norway:990,노르웨이 왕국,7.0,5.8405,59.1689
900,territory:Old Kingdom of Norway:990,노르웨이 왕국,6.0,10.5501,59.2144
900,territory:Scandinavian minor kingdoms:960,스칸디나비아 소왕국,0.8,18.4195,59.2161
900,territory:Scandinavian minor kingdoms:875,스칸디나비아 소왕국,3.4,18.6035,59.2298
900,territory:Scandinavian minor kingdoms:875,스칸디나비아 소왕국,13.0,18.9162,59.2823
900,territory:Scandinavian minor kingdoms:875,스칸디나비아 소왕국,1.7,18.8758,59.3068
900,territory:Old Kingdom of Norway:990,노르웨이 왕국,17.9,4.8822,59.3069
900,territory:Scandinavian minor kingdoms:875,스칸디나비아 소왕국,1.5,18.8871,59.3387
900,territory:Kingdom of Denmark:970,Kingdom of Denmark,1.1,10.5262,59.3817
900,territory:Scandinavian minor kingdoms:875,스칸디나비아 소왕국,6.7,19.0195,59.4171
900,territory:Scandinavian minor kingdoms:875,스칸디나비아 소왕국,3.5,18.9549,59.4085
900,territory:Scandinavian minor kingdoms:875,스칸디나비아 소왕국,11.0,19.2156,59.4382
900,territory:Scandinavian minor kingdoms:875,스칸디나비아 소왕국,16.1,19.5055,59.4435
900,territory:Scandinavian minor kingdoms:875,스칸디나비아 소왕국,3.8,18.6869,59.4508
900,territory:Scandinavian minor kingdoms:875,스칸디나비아 소왕국,2.6,18.7794,59.4736
900,territory:Scandinavian minor kingdoms:875,스칸디나비아 소왕국,3.8,19.1665,59.4974
900,territory:Scandinavian minor kingdoms:875,스칸디나비아 소왕국,7.6,19.0477,59.5703
900,territory:Scandinavian minor kingdoms:875,스칸디나비아 소왕국,4.8,19.1661,59.592
900,territory:Scandinavian minor kingdoms:875,스칸디나비아 소왕국,3.7,19.2459,59.6048
900,territory:Scandinavian minor kingdoms:875,스칸디나비아 소왕국,3.7,19.0363,59.6447
900,territory:Scandinavian minor kingdoms:875,스칸디나비아 소왕국,3.6,19.1388,59.656
900,territory:Scandinavian minor kingdoms:875,스칸디나비아 소왕국,1.8,19.1871,59.6649
900,territory:Scandinavian minor kingdoms:875,스칸디나비아 소왕국,0.9,19.1625,59.6757
900,territory:Scandinavian minor kingdoms:960,스칸디나비아 소왕국,1.2,18.8733,59.6667
900,territory:Scandinavian minor kingdoms:875,스칸디나비아 소왕국,9.9,19.4044,59.7065
900,territory:Scandinavian minor kingdoms:875,스칸디나비아 소왕국,4.5,19.13,59.7496
900,territory:Scandinavian minor kingdoms:875,스칸디나비아 소왕국,2.2,19.179,59.7759
900,territory:Scandinavian minor kingdoms:875,스칸디나비아 소왕국,1.9,19.0911,59.7844
900,territory:Scandinavian minor kingdoms:875,스칸디나비아 소왕국,29.6,19.9212,59.8387
900,territory:Scandinavian minor kingdoms:875,스칸디나비아 소왕국,3.2,19.1182,59.8457
900,territory:Old Kingdom of Norway:990,노르웨이 왕국,1.0,5.1569,59.9894
900,territory:Scandinavian minor kingdoms:875,스칸디나비아 소왕국,10.8,19.9984,60.0206
900,territory:Kievan Rus':970,키예프 루스,6.3,28.3746,60.0212
900,territory:Scandinavian minor kingdoms:875,스칸디나비아 소왕국,20.3,20.3813,60.0422
900,territory:Scandinavian minor kingdoms:875,스칸디나비아 소왕국,22.9,20.81,60.0699
900,territory:Scandinavian minor kingdoms:875,스칸디나비아 소왕국,30.2,21.3668,60.0742
900,territory:Scandinavian minor kingdoms:875,스칸디나비아 소왕국,2.2,20.3403,60.0752
900,territory:Scandinavian minor kingdoms:875,스칸디나비아 소왕국,4.1,20.7228,60.0845
900,territory:Scandinavian minor kingdoms:875,스칸디나비아 소왕국,8.0,20.5313,60.1023
900,territory:Old Kingdom of Norway:899,노르웨이 왕국,5.3,5.0621,60.1267
900,territory:Scandinavian minor kingdoms:875,스칸디나비아 소왕국,14.6,21.0776,60.1411
900,territory:Scandinavian minor kingdoms:875,스칸디나비아 소왕국,27.3,21.863,60.1469
900,territory:Scandinavian minor kingdoms:875,스칸디나비아 소왕국,19.6,22.2661,60.1475
900,territory:Scandinavian minor kingdoms:875,스칸디나비아 소왕국,4.5,20.2981,60.1567
900,territory:Scandinavian minor kingdoms:875,스칸디나비아 소왕국,5.2,21.3055,60.158
900,territory:Scandinavian minor kingdoms:875,스칸디나비아 소왕국,3.5,20.5934,60.1644
900,territory:Old Kingdom of Norway:970,노르웨이 왕국,2.5,5.3205,60.1579
900,territory:Scandinavian minor kingdoms:875,스칸디나비아 소왕국,1.3,20.335,60.1658
900,territory:Scandinavian minor kingdoms:875,스칸디나비아 소왕국,1.8,22.227,60.1722
900,territory:Scandinavian minor kingdoms:875,스칸디나비아 소왕국,4.0,20.4218,60.1698
900,territory:Scandinavian minor kingdoms:875,스칸디나비아 소왕국,3.8,22.1285,60.1819
900,territory:Scandinavian minor kingdoms:875,스칸디나비아 소왕국,11.5,21.6324,60.1941
900,territory:Scandinavian minor kingdoms:875,스칸디나비아 소왕국,20.1,19.3377,60.195
900,territory:Scandinavian minor kingdoms:875,스칸디나비아 소왕국,5.8,21.0002,60.2218
900,territory:Scandinavian minor kingdoms:875,스칸디나비아 소왕국,2.2,20.2961,60.2035
900,territory:Scandinavian minor kingdoms:875,스칸디나비아 소왕국,4.0,22.3306,60.2168
900,territory:Scandinavian minor kingdoms:875,스칸디나비아 소왕국,7.9,20.7342,60.2351
900,territory:Scandinavian minor kingdoms:875,스칸디나비아 소왕국,4.0,22.0675,60.2415
900,territory:Scandinavian minor kingdoms:875,스칸디나비아 소왕국,6.9,21.7693,60.255
900,territory:Scandinavian minor kingdoms:875,스칸디나비아 소왕국,2.6,21.7044,60.2601
900,territory:Scandinavian minor kingdoms:875,스칸디나비아 소왕국,9.1,19.5004,60.2511
900,territory:Scandinavian minor kingdoms:875,스칸디나비아 소왕국,2.7,18.6169,60.277
900,territory:Scandinavian minor kingdoms:875,스칸디나비아 소왕국,8.2,21.4123,60.278
900,territory:Scandinavian minor kingdoms:875,스칸디나비아 소왕국,3.0,21.6511,60.2922
900,territory:Scandinavian minor kingdoms:875,스칸디나비아 소왕국,3.5,21.8411,60.2904
900,territory:Scandinavian minor kingdoms:875,스칸디나비아 소왕국,7.1,20.5052,60.2881
900,territory:Scandinavian minor kingdoms:875,스칸디나비아 소왕국,1.9,21.7152,60.2968
900,territory:Scandinavian minor kingdoms:875,스칸디나비아 소왕국,4.3,21.5521,60.2935
900,territory:Scandinavian minor kingdoms:875,스칸디나비아 소왕국,4.8,21.0459,60.3016
900,territory:Scandinavian minor kingdoms:875,스칸디나비아 소왕국,5.2,20.3941,60.291
900,territory:Scandinavian minor kingdoms:875,스칸디나비아 소왕국,2.8,20.9812,60.3154
900,territory:Scandinavian minor kingdoms:875,스칸디나비아 소왕국,2.6,20.9207,60.3296
900,territory:Scandinavian minor kingdoms:875,스칸디나비아 소왕국,1.9,20.4049,60.3404
900,territory:Scandinavian minor kingdoms:875,스칸디나비아 소왕국,1.6,20.3613,60.345
900,territory:Scandinavian minor kingdoms:875,스칸디나비아 소왕국,5.8,21.1501,60.3504
900,territory:Scandinavian minor kingdoms:875,스칸디나비아 소왕국,1.4,20.312,60.3443
900,territory:Scandinavian minor kingdoms:875,스칸디나비아 소왕국,3.2,21.6739,60.3523
900,territory:Scandinavian minor kingdoms:875,스칸디나비아 소왕국,5.4,19.5864,60.3456
900,territory:Scandinavian minor kingdoms:875,스칸디나비아 소왕국,2.5,21.0693,60.349
900,territory:Scandinavian minor kingdoms:875,스칸디나비아 소왕국,6.6,20.698,60.3661
900,territory:Scandinavian minor kingdoms:875,스칸디나비아 소왕국,2.8,21.7566,60.3721
900,territory:Scandinavian minor kingdoms:875,스칸디나비아 소왕국,4.4,19.6967,60.3685
900,territory:Scandinavian minor kingdoms:875,스칸디나비아 소왕국,0.5,21.6658,60.3726
900,territory:Scandinavian minor kingdoms:875,스칸디나비아 소왕국,1.5,20.9147,60.3746
900,territory:Scandinavian minor kingdoms:875,스칸디나비아 소왕국,2.1,20.8687,60.3625
900,territory:Scandinavian minor kingdoms:875,스칸디나비아 소왕국,5.0,21.4808,60.3746
900,territory:Scandinavian minor kingdoms:875,스칸디나비아 소왕국,1.2,19.7234,60.3856
900,territory:Scandinavian minor kingdoms:875,스칸디나비아 소왕국,11.2,20.0963,60.3928
900,territory:Scandinavian minor kingdoms:875,스칸디나비아 소왕국,4.6,21.3834,60.3871
900,territory:Scandinavian minor kingdoms:875,스칸디나비아 소왕국,4.0,20.7698,60.3962
900,territory:Scandinavian minor kingdoms:875,스칸디나비아 소왕국,1.8,20.8443,60.4106
900,territory:Scandinavian minor kingdoms:875,스칸디나비아 소왕국,5.1,20.6121,60.4097
900,territory:Scandinavian minor kingdoms:875,스칸디나비아 소왕국,2.6,21.0457,60.413
900,territory:Scandinavian minor kingdoms:875,스칸디나비아 소왕국,1.4,21.4179,60.4142
900,territory:Scandinavian minor kingdoms:875,스칸디나비아 소왕국,3.9,21.2108,60.4117
900,territory:Scandinavian minor kingdoms:875,스칸디나비아 소왕국,2.3,20.987,60.4194
900,territory:Scandinavian minor kingdoms:875,스칸디나비아 소왕국,4.4,20.2618,60.422
900,territory:Scandinavian minor kingdoms:875,스칸디나비아 소왕국,3.3,21.7019,60.4315
900,territory:Scandinavian minor kingdoms:875,스칸디나비아 소왕국,3.1,21.6223,60.4329
900,territory:Kievan Rus':970,키예프 루스,21.4,28.4988,60.4054
900,territory:Scandinavian minor kingdoms:875,스칸디나비아 소왕국,1.4,21.6571,60.4684
900,territory:Scandinavian minor kingdoms:875,스칸디나비아 소왕국,2.9,20.9368,60.4631
900,territory:Kievan Rus':970,키예프 루스,33.7,27.8281,60.4876
900,territory:Scandinavian minor kingdoms:875,스칸디나비아 소왕국,3.9,21.056,60.4952
900,territory:Scandinavian minor kingdoms:875,스칸디나비아 소왕국,5.0,21.5415,60.503
900,territory:Scandinavian minor kingdoms:960,스칸디나비아 소왕국,3.0,18.3856,60.5226
900,territory:Kievan Rus':970,키예프 루스,7.3,28.609,60.5035
900,territory:Scandinavian minor kingdoms:875,스칸디나비아 소왕국,3.5,20.8795,60.5253
900,territory:Scandinavian minor kingdoms:875,스칸디나비아 소왕국,1.4,21.0695,60.5254
900,territory:Scandinavian minor kingdoms:875,스칸디나비아 소왕국,1.2,21.0459,60.5546
900,territory:Old Kingdom of Norway:990,노르웨이 왕국,5.3,4.8827,60.5251
900,territory:Kievan Rus':970,키예프 루스,5.7,28.5363,60.6306
900,territory:Scandinavian minor kingdoms:875,스칸디나비아 소왕국,15.3,21.302,60.714
900,territory:Scandinavian minor kingdoms:875,스칸디나비아 소왕국,9.3,21.0142,60.726
900,territory:Scandinavian minor kingdoms:875,스칸디나비아 소왕국,2.8,21.2642,60.7627
900,territory:Scandinavian minor kingdoms:875,스칸디나비아 소왕국,2.9,21.3519,60.7566
900,territory:Scandinavian minor kingdoms:875,스칸디나비아 소왕국,0.6,21.2877,60.7679
900,territory:Old Kingdom of Norway:990,노르웨이 왕국,13.9,4.72,60.767
900,territory:Scandinavian minor kingdoms:936,스칸디나비아 소왕국,0.4,17.3274,60.7961
900,territory:Scandinavian minor kingdoms:875,스칸디나비아 소왕국,5.8,21.1481,60.7923
900,territory:Scandinavian minor kingdoms:875,스칸디나비아 소왕국,2.0,21.2632,60.8109
900,territory:Scandinavian minor kingdoms:875,스칸디나비아 소왕국,2.0,21.3211,60.816
900,territory:Scandinavian minor kingdoms:875,스칸디나비아 소왕국,0.5,21.3053,60.8304
900,territory:Scandinavian minor kingdoms:875,스칸디나비아 소왕국,5.7,21.024,60.8405
900,territory:Scandinavian minor kingdoms:875,스칸디나비아 소왕국,10.1,21.182,60.992
900,territory:Scandinavian minor kingdoms:875,스칸디나비아 소왕국,7.7,21.3332,60.9983
900,territory:Scandinavian minor kingdoms:936,스칸디나비아 소왕국,13.3,17.2329,61.0412
900,territory:Scandinavian minor kingdoms:875,스칸디나비아 소왕국,7.5,21.3662,61.1369
900,territory:Old Kingdom of Norway:990,노르웨이 왕국,0.1,5.0366,61.1423
900,territory:Scandinavian minor kingdoms:936,스칸디나비아 소왕국,6.8,17.315,61.1557
900,territory:Scandinavian minor kingdoms:875,스칸디나비아 소왕국,4.9,21.4349,61.2039
900,territory:Old Kingdom of Norway:970,노르웨이 왕국,12.9,4.717,61.3006
900,territory:Scandinavian minor kingdoms:875,스칸디나비아 소왕국,7.9,21.485,61.3491
900,territory:Old Kingdom of Norway:970,노르웨이 왕국,4.4,4.84,61.3465
900,territory:Scandinavian minor kingdoms:875,스칸디나비아 소왕국,9.3,21.3475,61.4776
900,territory:Old Kingdom of Norway:990,노르웨이 왕국,1.2,4.9439,61.5199
900,territory:Scandinavian minor kingdoms:936,스칸디나비아 소왕국,20.7,17.422,61.5487
900,territory:Scandinavian minor kingdoms:936,스칸디나비아 소왕국,4.4,17.2797,61.5634
900,territory:Scandinavian minor kingdoms:875,스칸디나비아 소왕국,8.2,21.428,61.6228
900,territory:Old Kingdom of Norway:990,노르웨이 왕국,3.1,4.8582,61.6119
900,territory:Scandinavian minor kingdoms:936,스칸디나비아 소왕국,10.2,17.5391,61.7234
900,territory:Old Kingdom of Norway:990,노르웨이 왕국,3.2,4.8558,61.7787
900,territory:Scandinavian minor kingdoms:936,스칸디나비아 소왕국,12.0,17.4838,61.9534
900,territory:Scandinavian minor kingdoms:936,스칸디나비아 소왕국,1.3,17.5165,61.9556
900,territory:Ziyadid dynasty:866,Ziyadid dynasty,22.0,43.4311,12.472
900,territory:Ziyadid dynasty:866,Ziyadid dynasty,37.5,42.944,12.8885
900,territory:Ziyadid dynasty:866,Ziyadid dynasty,3.4,42.9293,12.9342
900,territory:Ziyadid dynasty:866,Ziyadid dynasty,9.1,42.8494,13.028
900,territory:Viking settlements:922,Viking settlements,5.9,-6.0166,53.4833
900,territory:Holy Roman Empire:962,신성로마제국,1.9,6.5831,53.5406
900,territory:West Franks:911,서프랑크,2.3,6.8907,53.6379
900,territory:Viking settlements:922,Viking settlements,1.2,-4.8168,54.0522
900,territory:Holy Roman Empire:990,신성로마제국,8.2,8.6745,54.0609
900,territory:Kingdom of Denmark:960,Kingdom of Denmark,2.1,11.537,54.9662
900,territory:Scandinavian minor kingdoms:875,스칸디나비아 소왕국,9.1,15.1923,55.3194
900,territory:Scandinavian minor kingdoms:936,스칸디나비아 소왕국,6.5,12.7593,55.6433
900,territory:Scandinavian minor kingdoms:875,스칸디나비아 소왕국,3.7,10.3102,55.765
900,territory:Kingdom of Denmark:960,Kingdom of Denmark,4.0,14.8439,56.0098
900,territory:Scandinavian minor kingdoms:875,스칸디나비아 소왕국,4.8,15.791,56.0247
900,territory:Scandinavian minor kingdoms:875,스칸디나비아 소왕국,1.9,14.9697,56.1178
900,territory:Kingdom of Denmark:960,Kingdom of Denmark,0.3,15.4618,56.1105
900,territory:Caliphate of Córdoba:980,코르도바 칼리프국,7.0,1.4455,38.715
900,territory:West Franks:936,서프랑크,3.7,-1.2913,45.96
900,territory:Kingdom of Brittany:896,Kingdom of Brittany,19.1,-2.1105,49.207
900,territory:Kingdom of Brittany:896,Kingdom of Brittany,9.7,-2.5891,49.4647
900,territory:Holy Roman Empire:990,신성로마제국,5.0,4.8118,53.0827
900,territory:Viking settlements:922,Viking settlements,37.8,-6.9297,56.4818
900,territory:Viking settlements:922,Viking settlements,5.7,-7.4679,56.976
900,territory:Viking settlements:922,Viking settlements,9.0,-6.3278,56.974
900,territory:Viking settlements:922,Viking settlements,2.1,-7.3283,57.4585
900,territory:Viking settlements:922,Viking settlements,1.5,-6.763,61.8528
900,territory:Fatimid Caliphate:960,파티마 칼리프국,17.9,10.8766,33.7675
900,territory:Fatimid Caliphate:980,파티마 칼리프국,22.6,11.0408,34.6388
900,territory:Fatimid Caliphate:980,파티마 칼리프국,7.7,11.1821,34.696
900,territory:Duchy of Benevento:980,Duchy of Benevento,8.2,13.9058,40.7253
900,territory:Duchy of Benevento:970,Duchy of Benevento,9.3,12.9551,40.9106
900,territory:Duchy of Benevento:970,Duchy of Benevento,7.9,12.8559,40.9364
900,territory:Holy Roman Empire:970,신성로마제국,7.9,5.348,53.4098
900,territory:Kingdom of Germany:961,독일 왕국,7.3,11.1345,54.4735
900,territory:Scandinavian minor kingdoms:875,스칸디나비아 소왕국,5.0,8.5003,54.7218
900,territory:Scandinavian minor kingdoms:875,스칸디나비아 소왕국,8.3,10.3929,54.8778
900,territory:Kingdom of Denmark:947,Kingdom of Denmark,9.0,8.3454,54.9198
900,territory:Kingdom of Denmark:936,Kingdom of Denmark,13.6,12.3556,54.9873
900,territory:Kingdom of Denmark:936,Kingdom of Denmark,4.5,12.6039,55.6535
900,territory:Scandinavian minor kingdoms:875,스칸디나비아 소왕국,25.4,10.9805,57.278
900,territory:Old Kingdom of Norway:990,노르웨이 왕국,4.2,11.6058,57.976
900,territory:Old Kingdom of Norway:990,노르웨이 왕국,0.4,5.2395,59.2865
900,territory:Old Kingdom of Norway:990,노르웨이 왕국,3.7,4.899,61.0877
900,territory:Byzantine Empire:962,비잔티움 제국,32.8,16.339,42.3767
900,territory:Byzantine Empire:962,비잔티움 제국,0.3,16.3357,42.379
900,territory:Byzantine Empire:962,비잔티움 제국,5.3,16.2712,42.3874
900,territory:Byzantine Empire:962,비잔티움 제국,0.3,16.2754,42.3887
900,territory:Byzantine Empire:962,비잔티움 제국,0.9,16.2609,42.392
900,territory:Byzantine Empire:962,비잔티움 제국,9.3,16.8906,42.9485
900,territory:Byzantine Empire:990,비잔티움 제국,12.4,16.158,43.0528
900,territory:Byzantine Empire:962,비잔티움 제국,9.2,16.5892,43.1935
900,territory:Byzantine Empire:962,비잔티움 제국,5.8,16.6437,43.3353
900,territory:Byzantine Empire:970,비잔티움 제국,10.8,20.6508,38.7362
900,territory:Scandinavian minor kingdoms:875,스칸디나비아 소왕국,2.4,19.1014,57.9155
900,territory:Scandinavian minor kingdoms:875,스칸디나비아 소왕국,3.2,20.859,60.0213
900,territory:Scandinavian minor kingdoms:875,스칸디나비아 소왕국,6.8,20.1389,60.0345
900,territory:Scandinavian minor kingdoms:875,스칸디나비아 소왕국,4.9,19.5929,60.171
900,territory:Scandinavian minor kingdoms:875,스칸디나비아 소왕국,10.4,19.9543,60.2347
900,territory:Byzantine Empire:970,비잔티움 제국,8.5,23.5052,37.3388
900,territory:Byzantine Empire:970,비잔티움 제국,15.1,23.4882,37.7302
900,territory:Byzantine Empire:926,비잔티움 제국,2.7,23.4951,37.9585
900,territory:Byzantine Empire:970,비잔티움 제국,29.2,23.6983,39.1437
900,territory:Scandinavian minor kingdoms:875,스칸디나비아 소왕국,16.2,21.3759,59.7807
900,territory:Scandinavian minor kingdoms:875,스칸디나비아 소왕국,18.0,22.3227,59.8162
900,territory:Scandinavian minor kingdoms:875,스칸디나비아 소왕국,12.4,21.6031,59.8259
900,territory:Scandinavian minor kingdoms:875,스칸디나비아 소왕국,3.6,22.3897,59.8496
900,territory:Scandinavian minor kingdoms:875,스칸디나비아 소왕국,13.1,22.0834,59.8606
900,territory:Scandinavian minor kingdoms:875,스칸디나비아 소왕국,6.3,21.9551,59.8642
900,territory:Scandinavian minor kingdoms:875,스칸디나비아 소왕국,5.2,22.1905,59.8717
900,territory:Scandinavian minor kingdoms:875,스칸디나비아 소왕국,5.6,22.4998,59.8871
900,territory:Scandinavian minor kingdoms:875,스칸디나비아 소왕국,1.0,22.5477,59.9032
900,territory:Scandinavian minor kingdoms:875,스칸디나비아 소왕국,7.8,21.4616,59.9089
900,territory:Scandinavian minor kingdoms:875,스칸디나비아 소왕국,31.0,23.1116,59.9101
900,territory:Scandinavian minor kingdoms:875,스칸디나비아 소왕국,3.4,22.3672,59.9148
900,territory:Scandinavian minor kingdoms:875,스칸디나비아 소왕국,9.4,21.7898,59.9207
900,territory:Scandinavian minor kingdoms:875,스칸디나비아 소왕국,2.4,22.467,59.9296
900,territory:Scandinavian minor kingdoms:875,스칸디나비아 소왕국,1.7,22.3488,59.9468
900,territory:Scandinavian minor kingdoms:875,스칸디나비아 소왕국,4.7,22.6297,59.9496
900,territory:Scandinavian minor kingdoms:875,스칸디나비아 소왕국,1.1,22.5718,59.9502
900,territory:Scandinavian minor kingdoms:875,스칸디나비아 소왕국,1.4,21.7722,59.9532
900,territory:Scandinavian minor kingdoms:875,스칸디나비아 소왕국,6.8,21.6101,59.9535
900,territory:Scandinavian minor kingdoms:875,스칸디나비아 소왕국,2.3,22.4133,59.9527
900,territory:Scandinavian minor kingdoms:875,스칸디나비아 소왕국,2.2,22.529,59.9716
900,territory:Scandinavian minor kingdoms:875,스칸디나비아 소왕국,6.4,21.2949,59.9763
900,territory:Scandinavian minor kingdoms:875,스칸디나비아 소왕국,0.8,22.6222,59.9766
900,territory:Scandinavian minor kingdoms:875,스칸디나비아 소왕국,0.9,22.3536,59.98
900,territory:Scandinavian minor kingdoms:875,스칸디나비아 소왕국,10.8,22.9407,60.0284
900,territory:Scandinavian minor kingdoms:875,스칸디나비아 소왕국,5.5,21.4654,60.0297
900,territory:Scandinavian minor kingdoms:875,스칸디나비아 소왕국,5.6,22.8086,60.0418
900,territory:Scandinavian minor kingdoms:875,스칸디나비아 소왕국,7.8,22.6395,60.1303
900,territory:Scandinavian minor kingdoms:875,스칸디나비아 소왕국,3.0,21.5825,60.1457
900,territory:Scandinavian minor kingdoms:875,스칸디나비아 소왕국,1.3,22.1219,60.1506
900,territory:Scandinavian minor kingdoms:875,스칸디나비아 소왕국,4.9,22.1653,60.2905
900,territory:Scandinavian minor kingdoms:875,스칸디나비아 소왕국,6.5,21.9066,60.3987
900,territory:Fatimid Caliphate:990,파티마 칼리프국,11.6,36.8936,25.3897
900,territory:Abbasid Caliphate:960,아바스 칼리프국,21.4,36.5596,25.6077
900,territory:Byzantine Empire:990,비잔티움 제국,30.9,27.3668,36.4102
900,territory:Byzantine Empire:990,비잔티움 제국,15.3,27.8188,36.5828
900,territory:Byzantine Empire:990,비잔티움 제국,21.5,25.3195,36.7477
900,territory:Byzantine Empire:990,비잔티움 제국,6.4,26.9874,36.9875
900,territory:Byzantine Empire:990,비잔티움 제국,10.2,25.2035,37.0798
900,territory:Byzantine Empire:990,비잔티움 제국,34.3,24.4875,37.1635
900,territory:Byzantine Empire:990,비잔티움 제국,15.5,24.4201,37.3575
900,territory:Byzantine Empire:990,비잔티움 제국,15.0,24.9137,37.4057
900,territory:Byzantine Empire:990,비잔티움 제국,10.8,25.3748,37.444
900,territory:Byzantine Empire:970,비잔티움 제국,25.0,26.8127,37.734
900,territory:Byzantine Empire:990,비잔티움 제국,19.4,25.5698,40.4688
900,territory:Byzantine Empire:970,비잔티움 제국,19.0,27.6128,40.6268
900,territory:Kievan Rus':970,키예프 루스,28.7,27.3084,60.2802
900,territory:Kievan Rus':970,키예프 루스,29.4,26.7688,60.3585
900,territory:Kievan Rus':970,키예프 루스,14.7,27.0521,60.388
900,territory:Ziyadid dynasty:866,Ziyadid dynasty,4.1,42.9382,12.8384
900,territory:Ziyadid dynasty:866,Ziyadid dynasty,31.3,42.7478,14.0002
900,territory:Ziyadid dynasty:866,Ziyadid dynasty,14.3,42.587,15.3505
900,territory:Kingdom of Axum:936,Kingdom of Axum,24.4,40.0874,15.715
900,territory:Qarmatians:899,Qarmatians,2.2,53.8096,24.1797
900,territory:Qarmatians:970,Qarmatians,6.5,52.6023,24.3268
900,territory:Qarmatians:899,Qarmatians,2.7,54.2259,24.3362
900,territory:Qarmatians:899,Qarmatians,18.5,53.3838,24.34
900,territory:Buyid Dynasty:980,부와이 왕조,17.7,53.9823,26.5143
900,territory:Khazaria:970,하자르,30.2,47.7348,43.9705
900,territory:Oghuz Turks:875,오구즈 투르크,16.5,52.6249,45.469
900,territory:Khazaria:970,하자르,12.3,47.9502,45.5785
900,territory:Khazaria:896,하자르,25.4,49.7897,46.2885
1000,territory:Najahid Dynasty:1072,Najahid Dynasty,30.8,42.4068,15.7254
1000,territory:Almoravid Dynasty:1066,무라비트 왕조,17.2,-16.5282,19.9267
1000,territory:Uyunid Emirate:1072,Uyunid Emirate,13.3,52.0107,24.2305
1000,territory:Uyunid Emirate:1072,Uyunid Emirate,23.7,51.7316,24.5858
1000,territory:Fatimid Caliphate:1072,파티마 칼리프국,10.4,37.0901,24.9611
1000,territory:Uyunid Emirate:1072,Uyunid Emirate,0.1,55.1164,25.1155
1000,territory:Uyunid Emirate:1072,Uyunid Emirate,0.0,55.1746,25.1928
1000,territory:Uyunid Emirate:1072,Uyunid Emirate,0.2,55.1725,25.1946
1000,territory:Uyunid Emirate:1072,Uyunid Emirate,1.5,55.1568,25.1952
1000,territory:Uyunid Emirate:1072,Uyunid Emirate,0.1,55.1751,25.1951
1000,territory:Uyunid Emirate:1072,Uyunid Emirate,0.2,55.1597,25.1959
1000,territory:Uyunid Emirate:1072,Uyunid Emirate,0.3,55.1527,25.1958
1000,territory:Uyunid Emirate:1072,Uyunid Emirate,0.2,55.1695,25.1958
1000,territory:Uyunid Emirate:1072,Uyunid Emirate,0.1,55.1756,25.1965
1000,territory:Uyunid Emirate:1072,Uyunid Emirate,0.2,55.1492,25.1969
1000,territory:Uyunid Emirate:1072,Uyunid Emirate,0.2,55.1669,25.1969
1000,territory:Uyunid Emirate:1072,Uyunid Emirate,0.2,55.1729,25.1979
1000,territory:Uyunid Emirate:1072,Uyunid Emirate,0.2,55.1537,25.1977
1000,territory:Uyunid Emirate:1072,Uyunid Emirate,0.1,55.1507,25.1985
1000,territory:Uyunid Emirate:1072,Uyunid Emirate,0.2,55.1561,25.1985
1000,territory:Uyunid Emirate:1072,Uyunid Emirate,0.2,55.1693,25.1988
1000,territory:Uyunid Emirate:1072,Uyunid Emirate,0.2,55.1466,25.1998
1000,territory:Uyunid Emirate:1072,Uyunid Emirate,0.2,55.1718,25.2
1000,territory:Uyunid Emirate:1072,Uyunid Emirate,0.1,55.1751,25.199
1000,territory:Uyunid Emirate:1072,Uyunid Emirate,0.2,55.1495,25.2
1000,territory:Uyunid Emirate:1072,Uyunid Emirate,0.2,55.1656,25.1998
1000,territory:Uyunid Emirate:1072,Uyunid Emirate,0.2,55.1525,25.2005
1000,territory:Uyunid Emirate:1072,Uyunid Emirate,0.2,55.1635,25.2009
1000,territory:Uyunid Emirate:1072,Uyunid Emirate,0.2,55.1679,25.201
1000,territory:Uyunid Emirate:1072,Uyunid Emirate,0.2,55.1558,25.2011
1000,territory:Uyunid Emirate:1072,Uyunid Emirate,0.1,55.1479,25.2015
1000,territory:Uyunid Emirate:1072,Uyunid Emirate,0.1,55.1656,25.2022
1000,territory:Uyunid Emirate:1072,Uyunid Emirate,0.2,55.1709,25.2019
1000,territory:Uyunid Emirate:1072,Uyunid Emirate,0.2,55.1505,25.2029
1000,territory:Uyunid Emirate:1072,Uyunid Emirate,0.1,55.1734,25.2023
1000,territory:Uyunid Emirate:1072,Uyunid Emirate,0.2,55.1527,25.2031
1000,territory:Uyunid Emirate:1072,Uyunid Emirate,0.2,55.1584,25.2028
1000,territory:Uyunid Emirate:1072,Uyunid Emirate,0.1,55.1548,25.2038
1000,territory:Uyunid Emirate:1072,Uyunid Emirate,0.2,55.1466,25.2041
1000,territory:Uyunid Emirate:1072,Uyunid Emirate,0.1,55.1492,25.2039
1000,territory:Uyunid Emirate:1072,Uyunid Emirate,0.1,55.1583,25.2055
1000,territory:Uyunid Emirate:1072,Uyunid Emirate,0.2,55.1556,25.2056
1000,territory:Uyunid Emirate:1072,Uyunid Emirate,0.2,55.1464,25.2067
1000,territory:Uyunid Emirate:1072,Uyunid Emirate,0.2,55.1534,25.2067
1000,territory:Uyunid Emirate:1072,Uyunid Emirate,0.2,55.1497,25.2069
1000,territory:Uyunid Emirate:1072,Uyunid Emirate,0.2,55.1592,25.2076
1000,territory:Uyunid Emirate:1072,Uyunid Emirate,0.4,55.1751,25.2073
1000,territory:Uyunid Emirate:1072,Uyunid Emirate,0.2,55.1566,25.2082
1000,territory:Uyunid Emirate:1072,Uyunid Emirate,0.1,55.1831,25.2079
1000,territory:Uyunid Emirate:1072,Uyunid Emirate,0.2,55.1517,25.2088
1000,territory:Uyunid Emirate:1072,Uyunid Emirate,0.2,55.1802,25.209
1000,territory:Uyunid Emirate:1072,Uyunid Emirate,0.1,55.1456,25.2087
1000,territory:Uyunid Emirate:1072,Uyunid Emirate,0.2,55.1734,25.2093
1000,territory:Uyunid Emirate:1072,Uyunid Emirate,0.2,55.1771,25.2092
1000,territory:Uyunid Emirate:1072,Uyunid Emirate,0.1,55.1517,25.2104
1000,territory:Uyunid Emirate:1072,Uyunid Emirate,0.2,55.1486,25.2104
1000,territory:Uyunid Emirate:1072,Uyunid Emirate,0.1,55.1848,25.2108
1000,territory:Uyunid Emirate:1072,Uyunid Emirate,0.1,55.1461,25.2111
1000,territory:Uyunid Emirate:1072,Uyunid Emirate,0.2,55.1705,25.2103
1000,territory:Uyunid Emirate:1072,Uyunid Emirate,0.1,55.1826,25.2113
1000,territory:Uyunid Emirate:1072,Uyunid Emirate,0.2,55.175,25.2114
1000,territory:Uyunid Emirate:1072,Uyunid Emirate,0.1,55.1807,25.2126
1000,territory:Uyunid Emirate:1072,Uyunid Emirate,0.2,55.1846,25.2131
1000,territory:Uyunid Emirate:1072,Uyunid Emirate,0.2,55.172,25.2132
1000,territory:Uyunid Emirate:1072,Uyunid Emirate,0.2,55.1778,25.2132
1000,territory:Uyunid Emirate:1072,Uyunid Emirate,0.5,55.1567,25.2135
1000,territory:Uyunid Emirate:1072,Uyunid Emirate,0.2,55.154,25.214
1000,territory:Uyunid Emirate:1072,Uyunid Emirate,0.3,55.1681,25.214
1000,territory:Uyunid Emirate:1072,Uyunid Emirate,0.1,55.1757,25.2145
1000,territory:Uyunid Emirate:1072,Uyunid Emirate,0.1,55.1815,25.2144
1000,territory:Uyunid Emirate:1072,Uyunid Emirate,0.3,55.1461,25.2149
1000,territory:Uyunid Emirate:1072,Uyunid Emirate,0.1,55.1831,25.2151
1000,territory:Uyunid Emirate:1072,Uyunid Emirate,0.1,55.1781,25.2154
1000,territory:Uyunid Emirate:1072,Uyunid Emirate,0.2,55.151,25.2155
1000,territory:Uyunid Emirate:1072,Uyunid Emirate,0.4,55.1637,25.2158
1000,territory:Uyunid Emirate:1072,Uyunid Emirate,0.1,55.1445,25.2156
1000,territory:Uyunid Emirate:1072,Uyunid Emirate,0.1,55.1519,25.2164
1000,territory:Uyunid Emirate:1072,Uyunid Emirate,0.2,55.1555,25.2166
1000,territory:Uyunid Emirate:1072,Uyunid Emirate,0.1,55.1813,25.2168
1000,territory:Uyunid Emirate:1072,Uyunid Emirate,0.2,55.1487,25.2162
1000,territory:Uyunid Emirate:1072,Uyunid Emirate,0.1,55.1753,25.2167
1000,territory:Uyunid Emirate:1072,Uyunid Emirate,0.2,55.1681,25.2169
1000,territory:Uyunid Emirate:1072,Uyunid Emirate,0.1,55.1705,25.2163
1000,territory:Uyunid Emirate:1072,Uyunid Emirate,0.1,55.1771,25.2166
1000,territory:Uyunid Emirate:1072,Uyunid Emirate,0.1,55.1533,25.2173
1000,territory:Uyunid Emirate:1072,Uyunid Emirate,0.1,55.1646,25.2174
1000,territory:Uyunid Emirate:1072,Uyunid Emirate,0.1,55.1721,25.2177
1000,territory:Uyunid Emirate:1072,Uyunid Emirate,0.1,55.146,25.2177
1000,territory:Uyunid Emirate:1072,Uyunid Emirate,0.2,55.1838,25.2181
1000,territory:Uyunid Emirate:1072,Uyunid Emirate,0.2,55.1881,25.2185
1000,territory:Uyunid Emirate:1072,Uyunid Emirate,0.1,55.1708,25.2184
1000,territory:Uyunid Emirate:1072,Uyunid Emirate,0.1,55.1497,25.2188
1000,territory:Uyunid Emirate:1072,Uyunid Emirate,0.1,55.1676,25.2182
1000,territory:Uyunid Emirate:1072,Uyunid Emirate,0.5,55.1399,25.2059
1000,territory:Uyunid Emirate:1072,Uyunid Emirate,0.1,55.1523,25.2189
1000,territory:Uyunid Emirate:1072,Uyunid Emirate,0.2,55.1555,25.2192
1000,territory:Uyunid Emirate:1072,Uyunid Emirate,0.0,55.1902,25.2191
1000,territory:Uyunid Emirate:1072,Uyunid Emirate,0.3,55.1795,25.2197
1000,territory:Uyunid Emirate:1072,Uyunid Emirate,0.1,55.1696,25.2193
1000,territory:Uyunid Emirate:1072,Uyunid Emirate,0.2,55.1762,25.2198
1000,territory:Uyunid Emirate:1072,Uyunid Emirate,0.1,55.1886,25.22
1000,territory:Uyunid Emirate:1072,Uyunid Emirate,0.2,55.1819,25.2196
1000,territory:Uyunid Emirate:1072,Uyunid Emirate,0.1,55.1779,25.2198
1000,territory:Uyunid Emirate:1072,Uyunid Emirate,0.1,55.1747,25.22
1000,territory:Uyunid Emirate:1072,Uyunid Emirate,0.1,55.1509,25.2203
1000,territory:Uyunid Emirate:1072,Uyunid Emirate,0.2,55.1468,25.2204
1000,territory:Uyunid Emirate:1072,Uyunid Emirate,0.2,55.1665,25.221
1000,territory:Uyunid Emirate:1072,Uyunid Emirate,0.1,55.1455,25.2209
1000,territory:Uyunid Emirate:1072,Uyunid Emirate,0.1,55.1484,25.2212
1000,territory:Uyunid Emirate:1072,Uyunid Emirate,0.1,55.1439,25.2214
1000,territory:Uyunid Emirate:1072,Uyunid Emirate,0.2,55.1686,25.2215
1000,territory:Uyunid Emirate:1072,Uyunid Emirate,0.2,55.172,25.221
1000,territory:Uyunid Emirate:1072,Uyunid Emirate,0.1,55.1769,25.2218
1000,territory:Uyunid Emirate:1072,Uyunid Emirate,0.1,55.1746,25.2221
1000,territory:Uyunid Emirate:1072,Uyunid Emirate,0.2,55.1813,25.2219
1000,territory:Uyunid Emirate:1072,Uyunid Emirate,0.2,55.1529,25.2217
1000,territory:Uyunid Emirate:1072,Uyunid Emirate,0.2,55.1695,25.2237
1000,territory:Uyunid Emirate:1072,Uyunid Emirate,0.1,55.1495,25.2234
1000,territory:Uyunid Emirate:1072,Uyunid Emirate,0.4,55.1628,25.2231
1000,territory:Uyunid Emirate:1072,Uyunid Emirate,0.1,55.1733,25.2237
1000,territory:Uyunid Emirate:1072,Uyunid Emirate,0.3,55.1876,25.2237
1000,territory:Uyunid Emirate:1072,Uyunid Emirate,0.1,55.1469,25.2246
1000,territory:Uyunid Emirate:1072,Uyunid Emirate,0.2,55.1781,25.2242
1000,territory:Uyunid Emirate:1072,Uyunid Emirate,0.2,55.1918,25.225
1000,territory:Uyunid Emirate:1072,Uyunid Emirate,0.2,55.1432,25.2245
1000,territory:Uyunid Emirate:1072,Uyunid Emirate,0.2,55.1754,25.2252
1000,territory:Uyunid Emirate:1072,Uyunid Emirate,0.2,55.184,25.2242
1000,territory:Uyunid Emirate:1072,Uyunid Emirate,0.1,55.1814,25.225
1000,territory:Uyunid Emirate:1072,Uyunid Emirate,0.2,55.1894,25.2257
1000,territory:Uyunid Emirate:1072,Uyunid Emirate,0.1,55.1853,25.2255
1000,territory:Uyunid Emirate:1072,Uyunid Emirate,0.1,55.1708,25.2254
1000,territory:Uyunid Emirate:1072,Uyunid Emirate,0.3,55.1651,25.2266
1000,territory:Uyunid Emirate:1072,Uyunid Emirate,0.2,55.1485,25.2265
1000,territory:Uyunid Emirate:1072,Uyunid Emirate,0.2,55.1661,25.2248
1000,territory:Uyunid Emirate:1072,Uyunid Emirate,0.2,55.1778,25.2271
1000,territory:Uyunid Emirate:1072,Uyunid Emirate,0.1,55.189,25.2273
1000,territory:Uyunid Emirate:1072,Uyunid Emirate,0.2,55.1623,25.227
1000,territory:Uyunid Emirate:1072,Uyunid Emirate,0.2,55.1729,25.2269
1000,territory:Uyunid Emirate:1072,Uyunid Emirate,0.1,55.1801,25.2273
1000,territory:Uyunid Emirate:1072,Uyunid Emirate,0.1,55.175,25.2274
1000,territory:Uyunid Emirate:1072,Uyunid Emirate,0.2,55.1831,25.228
1000,territory:Uyunid Emirate:1072,Uyunid Emirate,0.2,55.1864,25.2283
1000,territory:Uyunid Emirate:1072,Uyunid Emirate,0.2,55.1698,25.2291
1000,territory:Uyunid Emirate:1072,Uyunid Emirate,0.1,55.1808,25.2292
1000,territory:Uyunid Emirate:1072,Uyunid Emirate,0.2,55.1732,25.2296
1000,territory:Uyunid Emirate:1072,Uyunid Emirate,0.2,55.1869,25.2305
1000,territory:Uyunid Emirate:1072,Uyunid Emirate,0.3,55.1773,25.2302
1000,territory:Uyunid Emirate:1072,Uyunid Emirate,0.2,55.1841,25.2305
1000,territory:Uyunid Emirate:1072,Uyunid Emirate,0.1,55.1713,25.2306
1000,territory:Uyunid Emirate:1072,Uyunid Emirate,0.1,55.1807,25.2309
1000,territory:Uyunid Emirate:1072,Uyunid Emirate,0.2,55.1896,25.2308
1000,territory:Uyunid Emirate:1072,Uyunid Emirate,0.2,55.1673,25.2298
1000,territory:Uyunid Emirate:1072,Uyunid Emirate,0.2,55.1647,25.2317
1000,territory:Uyunid Emirate:1072,Uyunid Emirate,0.1,55.1874,25.2321
1000,territory:Uyunid Emirate:1072,Uyunid Emirate,0.2,55.1742,25.232
1000,territory:Uyunid Emirate:1072,Uyunid Emirate,0.1,55.19,25.2326
1000,territory:Uyunid Emirate:1072,Uyunid Emirate,0.1,55.1875,25.2335
1000,territory:Uyunid Emirate:1072,Uyunid Emirate,0.2,55.1822,25.2333
1000,territory:Uyunid Emirate:1072,Uyunid Emirate,0.1,55.191,25.2341
1000,territory:Uyunid Emirate:1072,Uyunid Emirate,0.1,55.1761,25.2337
1000,territory:Uyunid Emirate:1072,Uyunid Emirate,0.2,55.1711,25.234
1000,territory:Uyunid Emirate:1072,Uyunid Emirate,0.2,55.1843,25.234
1000,territory:Uyunid Emirate:1072,Uyunid Emirate,0.1,55.1791,25.2352
1000,territory:Uyunid Emirate:1072,Uyunid Emirate,0.2,55.1689,25.2348
1000,territory:Uyunid Emirate:1072,Uyunid Emirate,0.3,55.1631,25.2345
1000,territory:Uyunid Emirate:1072,Uyunid Emirate,0.2,55.186,25.2361
1000,territory:Uyunid Emirate:1072,Uyunid Emirate,0.1,55.1825,25.2362
1000,territory:Uyunid Emirate:1072,Uyunid Emirate,0.3,55.176,25.237
1000,territory:Uyunid Emirate:1072,Uyunid Emirate,0.1,55.1787,25.2374
1000,territory:Uyunid Emirate:1072,Uyunid Emirate,0.2,55.1732,25.2374
1000,territory:Uyunid Emirate:1072,Uyunid Emirate,0.2,55.1692,25.2379
1000,territory:Uyunid Emirate:1072,Uyunid Emirate,0.1,55.1752,25.2391
1000,territory:Uyunid Emirate:1072,Uyunid Emirate,0.2,55.1798,25.2393
1000,territory:Uyunid Emirate:1072,Uyunid Emirate,0.2,55.1842,25.239
1000,territory:Uyunid Emirate:1072,Uyunid Emirate,0.2,55.1775,25.24
1000,territory:Uyunid Emirate:1072,Uyunid Emirate,0.3,55.1896,25.2388
1000,territory:Uyunid Emirate:1072,Uyunid Emirate,0.3,55.1658,25.2391
1000,territory:Uyunid Emirate:1072,Uyunid Emirate,0.1,55.1806,25.2406
1000,territory:Uyunid Emirate:1072,Uyunid Emirate,0.2,55.1863,25.2413
1000,territory:Uyunid Emirate:1072,Uyunid Emirate,0.5,55.1979,25.2404
1000,territory:Uyunid Emirate:1072,Uyunid Emirate,0.2,55.1678,25.2418
1000,territory:Uyunid Emirate:1072,Uyunid Emirate,0.1,55.1816,25.2419
1000,territory:Uyunid Emirate:1072,Uyunid Emirate,0.3,55.1722,25.241
1000,territory:Uyunid Emirate:1072,Uyunid Emirate,0.2,55.1783,25.2422
1000,territory:Uyunid Emirate:1072,Uyunid Emirate,0.1,55.187,25.2426
1000,territory:Uyunid Emirate:1072,Uyunid Emirate,0.2,55.1837,25.243
1000,territory:Uyunid Emirate:1072,Uyunid Emirate,0.2,55.175,25.2424
1000,territory:Uyunid Emirate:1072,Uyunid Emirate,0.1,55.1735,25.244
1000,territory:Uyunid Emirate:1072,Uyunid Emirate,0.1,55.1792,25.2442
1000,territory:Uyunid Emirate:1072,Uyunid Emirate,0.1,55.1862,25.2444
1000,territory:Uyunid Emirate:1072,Uyunid Emirate,0.6,55.1319,25.2177
1000,territory:Uyunid Emirate:1072,Uyunid Emirate,0.3,55.1825,25.2471
1000,territory:Uyunid Emirate:1072,Uyunid Emirate,0.3,55.1747,25.2486
1000,territory:Uyunid Emirate:1072,Uyunid Emirate,1.1,55.1571,25.25
1000,territory:Great Seljuk Empire:1094,셀주크 제국,23.4,55.3051,26.269
1000,territory:Fatimid Caliphate:1015,파티마 칼리프국,3.7,35.7657,27.1078
1000,territory:Byzantine Empire:1000,비잔티움 제국,14.2,25.7058,34.8736
1000,territory:Byzantine Empire:1000,비잔티움 제국,11.1,26.1363,34.9346
1000,territory:Almoravid Dynasty:1072,무라비트 왕조,8.2,-2.4427,35.178
1000,territory:Almoravid Dynasty:1072,무라비트 왕조,1.6,-2.4216,35.1796
1000,territory:Almoravid Dynasty:1072,무라비트 왕조,0.7,-2.4313,35.1837
1000,territory:Almoravid Dynasty:1072,무라비트 왕조,0.7,-3.9025,35.2154
1000,territory:Almoravid Dynasty:1072,무라비트 왕조,0.2,-3.9006,35.2175
1000,territory:Byzantine Empire:1000,비잔티움 제국,9.8,25.2147,35.4461
1000,territory:Barghawata Conference:1056,Barghawata Conference,4.9,-5.4186,35.9126
1000,territory:Great Seljuk Empire:1085,셀주크 제국,6.1,29.6571,36.1342
1000,territory:Byzantine Empire:1010,비잔티움 제국,6.6,29.7467,36.1286
1000,territory:Byzantine Empire:1072,비잔티움 제국,4.0,29.4966,36.157
1000,territory:Great Seljuk Empire:1085,셀주크 제국,5.3,29.5849,36.143
1000,territory:Great Seljuk Empire:1085,셀주크 제국,5.2,33.7804,36.1762
1000,territory:Byzantine Empire:1072,비잔티움 제국,1.7,29.8792,36.1835
1000,territory:Byzantine Empire:1000,비잔티움 제국,4.5,22.9586,36.4866
1000,territory:Great Seljuk Empire:1085,셀주크 제국,4.7,28.1257,36.5989
1000,territory:Byzantine Empire:1046,비잔티움 제국,4.8,28.9183,36.6684
1000,territory:Byzantine Empire:1000,비잔티움 제국,1.6,27.1401,36.9429
1000,territory:Great Seljuk Empire:1085,셀주크 제국,18.7,27.4647,36.9758
1000,territory:Byzantine Empire:1000,비잔티움 제국,9.3,27.0912,37.0593
1000,territory:Byzantine Empire:1015,비잔티움 제국,12.1,21.5492,37.0489
1000,territory:Fatimid Caliphate:1015,파티마 칼리프국,11.8,10.8032,37.1291
1000,territory:Great Seljuk Empire:1085,셀주크 제국,13.2,27.0892,37.2864
1000,territory:Byzantine Empire:1085,비잔티움 제국,28.5,26.757,37.3005
1000,territory:Byzantine Empire:1085,비잔티움 제국,5.3,26.7337,37.387
1000,territory:Byzantine Empire:1085,비잔티움 제국,14.3,26.9735,37.4605
1000,territory:Byzantine Empire:1000,비잔티움 제국,26.6,23.9273,37.4756
1000,territory:Fatimid Caliphate:1028,파티마 칼리프국,35.1,8.9372,37.5288
1000,territory:Great Seljuk Empire:1085,셀주크 제국,0.2,27.1646,37.5786
1000,territory:Byzantine Empire:1000,비잔티움 제국,9.9,26.4286,37.5831
1000,territory:Byzantine Empire:1000,비잔티움 제국,4.9,26.5115,37.5906
1000,territory:Byzantine Empire:1000,비잔티움 제국,14.3,23.948,37.6486
1000,territory:Byzantine Empire:1000,비잔티움 제국,7.9,24.1228,37.7016
1000,territory:Byzantine Empire:1003,비잔티움 제국,10.8,23.7592,37.769
1000,territory:Byzantine Empire:1000,비잔티움 제국,21.0,24.2583,38.0038
1000,territory:Byzantine Empire:1056,비잔티움 제국,4.0,26.3417,38.4391
1000,territory:Byzantine Empire:1000,비잔티움 제국,5.0,26.2841,38.5035
1000,territory:Byzantine Empire:1000,비잔티움 제국,0.2,26.2288,38.5215
1000,territory:Byzantine Empire:1010,비잔티움 제국,11.4,26.7121,38.5036
1000,territory:Byzantine Empire:1000,비잔티움 제국,26.9,25.5105,38.541
1000,territory:Byzantine Empire:1000,비잔티움 제국,2.1,24.358,38.8379
1000,territory:Byzantine Empire:1000,비잔티움 제국,22.2,24.1084,39.0785
1000,territory:Byzantine Empire:1000,비잔티움 제국,18.9,20.2293,39.1444
1000,territory:Byzantine Empire:1000,비잔티움 제국,27.6,24.322,39.3498
1000,territory:Taifa of Badajoz:1018,Taifa of Badajoz,7.8,-9.5086,39.4157
1000,territory:Byzantine Empire:1000,비잔티움 제국,13.2,24.1686,39.3946
1000,territory:Byzantine Empire:1000,비잔티움 제국,18.9,19.5232,39.7704
1000,territory:Byzantine Empire:1000,비잔티움 제국,11.3,19.3991,39.85
1000,territory:Byzantine Empire:1000,비잔티움 제국,10.4,19.5814,39.8853
1000,territory:Byzantine Empire:1000,비잔티움 제국,9.6,23.9066,40.3248
1000,territory:Byzantine Empire:1015,비잔티움 제국,8.5,19.2804,40.4934
1000,territory:Norman Italy:1094,Norman Italy,24.7,14.2279,40.5502
1000,territory:Byzantine Empire:1028,비잔티움 제국,13.0,28.5278,40.5314
1000,territory:Norman Italy:1066,Norman Italy,12.3,14.0141,40.7542
1000,territory:Byzantine Empire:1056,비잔티움 제국,3.4,29.1137,40.8508
1000,territory:Taifa of Dénia:1015,Taifa of Dénia,0.2,9.7305,40.8665
1000,territory:Taifa of Dénia:1015,Taifa of Dénia,1.8,9.3416,41.2427
1000,territory:Taifa of Dénia:1015,Taifa of Dénia,2.6,9.3419,41.2833
1000,territory:Taifa of Dénia:1015,Taifa of Dénia,1.9,9.3712,41.299
1000,territory:Taifa of Dénia:1015,Taifa of Dénia,1.3,9.3411,41.3022
1000,territory:Holy Roman Empire:990,신성로마제국,2.7,9.2528,41.3366
1000,territory:Holy Roman Empire:990,신성로마제국,1.0,9.2576,41.367
1000,territory:Byzantine Empire:1000,비잔티움 제국,15.1,15.4859,42.1105
1000,territory:Holy Roman Empire:1003,신성로마제국,20.1,11.0983,42.2489
1000,territory:Byzantine Empire:1028,비잔티움 제국,6.1,17.8807,42.7268
1000,territory:Kingdom of Arles:1010,Kingdom of Arles,11.6,6.46,43.03
1000,territory:Kingdom of Croatia:1094,Kingdom of Croatia,36.7,16.6998,43.0909
1000,territory:Holy Roman Empire:990,신성로마제국,36.8,9.9059,43.4392
1000,territory:Kingdom of Croatia:1094,Kingdom of Croatia,22.0,16.1436,43.4401
1000,territory:Kingdom of Arles:1010,Kingdom of Arles,3.3,7.0471,43.5205
1000,territory:Kingdom of Croatia:1018,Kingdom of Croatia,14.2,15.8502,43.6851
1000,territory:Kingdom of Croatia:1018,Kingdom of Croatia,9.9,15.7006,43.6957
1000,territory:Kingdom of Croatia:1018,Kingdom of Croatia,8.6,15.6076,43.8011
1000,territory:Kingdom of Croatia:1094,Kingdom of Croatia,22.1,15.1114,44.0403
1000,territory:Kingdom of Croatia:1094,Kingdom of Croatia,8.9,15.0669,44.3058
1000,territory:Kingdom of Croatia:1094,Kingdom of Croatia,23.4,14.6928,44.3826
1000,territory:Kingdom of Croatia:1018,Kingdom of Croatia,8.7,14.9181,44.4305
1000,territory:Kingdom of Croatia:1094,Kingdom of Croatia,30.0,14.2998,44.5093
1000,territory:Kimek-Kipchak confederation:1056,키메크·킵차크,13.6,50.5832,44.7962
1000,territory:Holy Roman Empire:1034,신성로마제국,17.0,13.7642,44.9064
1000,territory:Kingdom of Croatia:1094,Kingdom of Croatia,3.1,14.7948,44.9131
1000,territory:Kingdom of Croatia:1094,Kingdom of Croatia,15.6,14.5204,44.9729
1000,territory:Holy Roman Empire:990,신성로마제국,19.4,12.4021,45.4588
1000,territory:Kimek-Kipchak confederation:1066,키메크·킵차크,18.0,48.5803,45.714
1000,territory:Oghuz Turks:990,오구즈 투르크,19.1,52.9954,46.4123
1000,territory:Duchy of Normandy:1066,Duchy of Normandy,10.5,-1.8312,48.8713
1000,territory:Norman England:1085,Norman England,34.3,-2.4514,49.4704
1000,territory:Norman England:1085,Norman England,1.6,-5.2937,51.7333
1000,territory:Norman England:1085,Norman England,5.6,-5.3412,51.8667
1000,territory:Norman England:1094,Norman England,2.8,-4.7907,52.7586
1000,territory:Scandinavian minor kingdoms:1000,스칸디나비아 소왕국,4.9,16.5981,57.1083
1000,territory:Kingdom of Sweden:1003,스웨덴 왕국,2.1,16.5467,57.1613
1000,territory:Kingdom of Sweden:1003,스웨덴 왕국,0.9,16.6966,57.5139
1000,territory:Scandinavian minor kingdoms:1000,스칸디나비아 소왕국,1.1,16.6976,57.6001
1000,territory:Kingdom of Sweden:1003,스웨덴 왕국,1.5,11.7572,57.6425
1000,territory:Kingdom of Sweden:1028,스웨덴 왕국,2.8,11.6462,57.7039
1000,territory:Kingdom of Sweden:1003,스웨덴 왕국,1.7,16.7464,57.8285
1000,territory:Kingdom of Sweden:1003,스웨덴 왕국,5.2,11.6046,57.8729
1000,territory:Scandinavian minor kingdoms:1000,스칸디나비아 소왕국,5.1,16.926,58.1921
1000,territory:Scandinavian minor kingdoms:1000,스칸디나비아 소왕국,5.8,17.0189,58.2592
1000,territory:Scandinavian minor kingdoms:1000,스칸디나비아 소왕국,3.0,16.9173,58.2559
1000,territory:Kingdom of Sweden:1003,스웨덴 왕국,7.1,16.9621,58.4248
1000,territory:Kingdom of Sweden:1003,스웨덴 왕국,3.5,16.9741,58.4937
1000,territory:Kingdom of Sweden:1003,스웨덴 왕국,2.2,16.9203,58.5145
1000,territory:Kingdom of Sweden:1003,스웨덴 왕국,1.7,17.4723,58.7121
1000,territory:Kingdom of Sweden:1040,스웨덴 왕국,6.3,17.8633,58.7523
1000,territory:Kingdom of Sweden:1040,스웨덴 왕국,2.1,17.6333,58.8252
1000,territory:Kingdom of Sweden:1040,스웨덴 왕국,0.9,17.7137,58.846
1000,territory:Kingdom of Sweden:1028,스웨덴 왕국,6.5,18.1206,58.8744
1000,territory:Kingdom of Sweden:1028,스웨덴 왕국,0.9,17.8359,58.8469
1000,territory:Old Kingdom of Norway:1040,노르웨이 왕국,4.9,11.024,58.8902
1000,territory:Kingdom of Sweden:1028,스웨덴 왕국,2.8,18.1769,58.9225
1000,territory:Kingdom of Sweden:1000,스웨덴 왕국,0.4,18.1634,59.048
1000,territory:Kingdom of Sweden:1003,스웨덴 왕국,7.3,18.5239,59.0442
1000,territory:Old Kingdom of Norway:1003,노르웨이 왕국,3.6,10.942,59.0557
1000,territory:Kingdom of Sweden:1003,스웨덴 왕국,3.8,18.6039,59.0926
1000,territory:Kingdom of Sweden:1003,스웨덴 왕국,6.8,18.7421,59.1029
1000,territory:North Sea Empire:1034,북해 제국,5.5,10.4284,59.09
1000,territory:Kingdom of Sweden:1003,스웨덴 왕국,2.0,18.5849,59.1282
1000,territory:Kingdom of Sweden:1003,스웨덴 왕국,4.0,18.646,59.1804
1000,territory:North Sea Empire:1034,북해 제국,7.0,5.8405,59.1689
1000,territory:Old Kingdom of Norway:1040,노르웨이 왕국,6.0,10.5501,59.2144
1000,territory:Kingdom of Sweden:1003,스웨덴 왕국,0.8,18.4195,59.2161
1000,territory:Kingdom of Sweden:1003,스웨덴 왕국,3.4,18.6035,59.2298
1000,territory:Kingdom of Sweden:1003,스웨덴 왕국,13.0,18.9162,59.2823
1000,territory:Kingdom of Sweden:1003,스웨덴 왕국,1.7,18.8758,59.3068
1000,territory:North Sea Empire:1034,북해 제국,17.9,4.8822,59.3069
1000,territory:Kingdom of Sweden:1003,스웨덴 왕국,1.5,18.8871,59.3387
1000,territory:North Sea Empire:1034,북해 제국,1.1,10.5262,59.3817
1000,territory:Kingdom of Sweden:1003,스웨덴 왕국,6.7,19.0195,59.4171
1000,territory:Kingdom of Sweden:1003,스웨덴 왕국,3.5,18.9549,59.4085
1000,territory:Kingdom of Sweden:1003,스웨덴 왕국,11.0,19.2156,59.4382
1000,territory:Kingdom of Sweden:1003,스웨덴 왕국,3.8,18.6869,59.4508
1000,territory:Kingdom of Sweden:1003,스웨덴 왕국,2.6,18.7794,59.4736
1000,territory:Kingdom of Sweden:1003,스웨덴 왕국,3.8,19.1665,59.4974
1000,territory:Kingdom of Sweden:1003,스웨덴 왕국,7.6,19.0477,59.5703
1000,territory:Kingdom of Sweden:1003,스웨덴 왕국,4.8,19.1661,59.592
1000,territory:Kingdom of Sweden:1003,스웨덴 왕국,3.7,19.2459,59.6048
1000,territory:Kingdom of Sweden:1003,스웨덴 왕국,3.7,19.0363,59.6447
1000,territory:Kingdom of Sweden:1003,스웨덴 왕국,3.6,19.1388,59.656
1000,territory:Kingdom of Sweden:1003,스웨덴 왕국,1.8,19.1871,59.6649
1000,territory:Kingdom of Sweden:1003,스웨덴 왕국,0.9,19.1625,59.6757
1000,territory:Kingdom of Sweden:1000,스웨덴 왕국,1.2,18.8733,59.6667
1000,territory:Kingdom of Sweden:1003,스웨덴 왕국,9.9,19.4044,59.7065
1000,territory:Kingdom of Sweden:1003,스웨덴 왕국,4.5,19.13,59.7496
1000,territory:Kingdom of Sweden:1003,스웨덴 왕국,2.2,19.179,59.7759
1000,territory:Kingdom of Sweden:1003,스웨덴 왕국,1.9,19.0911,59.7844
1000,territory:Kingdom of Sweden:1003,스웨덴 왕국,3.2,19.1182,59.8457
1000,territory:Novgorod Republic:1085,노브고로드 공화국,37.6,27.1957,59.8516
1000,territory:North Sea Empire:1034,북해 제국,1.0,5.1569,59.9894
1000,territory:Kievan Rus':1034,키예프 루스,6.3,28.3746,60.0212
1000,territory:Old Kingdom of Norway:1066,노르웨이 왕국,5.3,5.0621,60.1267
1000,territory:Old Kingdom of Norway:1003,노르웨이 왕국,2.5,5.3205,60.1579
1000,territory:Kingdom of Sweden:1003,스웨덴 왕국,20.1,19.3377,60.195
1000,territory:Kingdom of Sweden:1003,스웨덴 왕국,2.7,18.6169,60.277
1000,territory:Novgorod Republic:1056,노브고로드 공화국,13.0,27.3084,60.2802
1000,territory:Novgorod Republic:1085,노브고로드 공화국,16.4,26.2053,60.3332
1000,territory:Novgorod Republic:1085,노브고로드 공화국,6.1,26.7688,60.3585
1000,territory:Novgorod Republic:1056,노브고로드 공화국,7.8,27.052,60.3881
1000,territory:Novgorod Republic:1085,노브고로드 공화국,0.4,28.4988,60.4054
1000,territory:Novgorod Republic:1085,노브고로드 공화국,0.1,27.8281,60.4876
1000,territory:Kingdom of Sweden:1040,스웨덴 왕국,3.0,18.3856,60.5226
1000,territory:North Sea Empire:1034,북해 제국,5.3,4.8827,60.5251
1000,territory:North Sea Empire:1034,북해 제국,13.9,4.72,60.767
1000,territory:Kingdom of Sweden:1028,스웨덴 왕국,0.4,17.3274,60.7961
1000,territory:Kingdom of Sweden:1028,스웨덴 왕국,13.3,17.2329,61.0412
1000,territory:Old Kingdom of Norway:1040,노르웨이 왕국,0.1,5.0366,61.1423
1000,territory:Kingdom of Sweden:1028,스웨덴 왕국,6.8,17.315,61.1557
1000,territory:North Sea Empire:1034,북해 제국,12.9,4.717,61.3006
1000,territory:North Sea Empire:1034,북해 제국,4.4,4.84,61.3465
1000,territory:North Sea Empire:1034,북해 제국,1.2,4.9439,61.5199
1000,territory:Kingdom of Sweden:1028,스웨덴 왕국,20.7,17.422,61.5487
1000,territory:Kingdom of Sweden:1028,스웨덴 왕국,4.4,17.2797,61.5634
1000,territory:Old Kingdom of Norway:1003,노르웨이 왕국,3.0,4.8582,61.6119
1000,territory:North Sea Empire:1034,북해 제국,3.0,4.8558,61.7787
1000,territory:Ziyadid dynasty:1056,Ziyadid dynasty,22.0,43.4311,12.472
1000,territory:Ziyadid dynasty:1056,Ziyadid dynasty,37.5,42.944,12.8885
1000,territory:Ziyadid dynasty:1056,Ziyadid dynasty,3.4,42.9293,12.9342
1000,territory:Ziyadid dynasty:1056,Ziyadid dynasty,9.1,42.8494,13.028
1000,territory:Viking settlements:1000,Viking settlements,5.9,-6.0166,53.4833
1000,territory:Holy Roman Empire:1010,신성로마제국,1.9,6.5831,53.5406
1000,territory:Holy Roman Empire:1034,신성로마제국,2.3,6.8907,53.6379
1000,territory:Old Kingdom of Norway:1066,노르웨이 왕국,1.2,-4.8168,54.0522
1000,territory:Holy Roman Empire:1034,신성로마제국,8.2,8.6745,54.0609
1000,territory:Kingdom of Denmark:1003,Kingdom of Denmark,2.1,11.537,54.9662
1000,territory:Denmark-England:1040,Denmark-England,9.1,15.1923,55.3194
1000,territory:Denmark-England:1040,Denmark-England,6.5,12.7593,55.6433
1000,territory:Denmark-England:1040,Denmark-England,3.7,10.3102,55.765
1000,territory:Kingdom of Denmark:1003,Kingdom of Denmark,4.0,14.8439,56.0098
1000,territory:Kingdom of Denmark:1003,Kingdom of Denmark,4.8,15.791,56.0247
1000,territory:Denmark-England:1040,Denmark-England,1.9,14.9697,56.1178
1000,territory:Kingdom of Denmark:1003,Kingdom of Denmark,0.3,15.4618,56.1105
1000,territory:Caliphate of Córdoba:1010,코르도바 칼리프국,7.0,1.4455,38.715
1000,territory:Duchy of Aquitaine:1066,Duchy of Aquitaine,3.7,-1.2913,45.96
1000,territory:Duchy of Normandy:1066,Duchy of Normandy,19.1,-2.1105,49.207
1000,territory:Norman England:1085,Norman England,9.7,-2.5891,49.4647
1000,territory:Holy Roman Empire:990,신성로마제국,5.0,4.8118,53.0827
1000,territory:Old Kingdom of Norway:1066,노르웨이 왕국,37.8,-6.9297,56.4818
1000,territory:Old Kingdom of Norway:1066,노르웨이 왕국,5.7,-7.4679,56.976
1000,territory:Old Kingdom of Norway:1066,노르웨이 왕국,9.0,-6.3278,56.974
1000,territory:Old Kingdom of Norway:1066,노르웨이 왕국,2.1,-7.3283,57.4585
1000,territory:Viking settlements:1000,Viking settlements,1.5,-6.763,61.8528
1000,territory:Fatimid Caliphate:1018,파티마 칼리프국,17.9,10.8766,33.7675
1000,territory:Fatimid Caliphate:1028,파티마 칼리프국,22.6,11.0408,34.6388
1000,territory:Fatimid Caliphate:1028,파티마 칼리프국,7.7,11.1821,34.696
1000,territory:Taifa of Dénia:1015,Taifa of Dénia,6.6,8.2864,39.1752
1000,territory:Norman Italy:1066,Norman Italy,8.2,13.9058,40.7253
1000,territory:Holy Roman Empire:1010,신성로마제국,7.9,5.348,53.4098
1000,territory:Denmark-England:1040,Denmark-England,16.7,11.1345,54.4735
1000,territory:Denmark-England:1040,Denmark-England,5.0,8.5003,54.7218
1000,territory:Denmark-England:1040,Denmark-England,8.3,10.3929,54.8778
1000,territory:Denmark-England:1040,Denmark-England,9.0,8.3454,54.9198
1000,territory:Kingdom of Denmark:1003,Kingdom of Denmark,13.6,12.3556,54.9873
1000,territory:Kingdom of Denmark:1003,Kingdom of Denmark,4.5,12.6039,55.6535
1000,territory:Denmark-England:1040,Denmark-England,25.4,10.9805,57.278
1000,territory:North Sea Empire:1034,북해 제국,4.2,11.6058,57.976
1000,territory:North Sea Empire:1034,북해 제국,0.4,5.2395,59.2865
1000,territory:North Sea Empire:1034,북해 제국,3.7,4.899,61.0877
1000,territory:Kingdom of Croatia:1094,Kingdom of Croatia,29.3,16.5142,42.7614
1000,territory:Kingdom of Croatia:1094,Kingdom of Croatia,16.8,16.8906,42.9485
1000,territory:Kingdom of Croatia:1094,Kingdom of Croatia,38.6,16.0091,42.9673
1000,territory:Kingdom of Croatia:1094,Kingdom of Croatia,21.0,15.7446,43.0241
1000,territory:Kingdom of Croatia:1094,Kingdom of Croatia,12.4,16.158,43.0528
1000,territory:Kingdom of Croatia:1094,Kingdom of Croatia,10.1,16.5892,43.1935
1000,territory:Kingdom of Croatia:1094,Kingdom of Croatia,9.5,16.6437,43.3353
1000,territory:Kingdom of Hungary:1099,헝가리 왕국,3.9,15.0066,44.4507
1000,territory:Kingdom of Croatia:1094,Kingdom of Croatia,10.8,14.3875,44.6283
1000,territory:Kingdom of Croatia:1094,Kingdom of Croatia,11.2,14.3865,44.88
1000,territory:Kingdom of Croatia:1094,Kingdom of Croatia,5.2,14.5675,45.1082
1000,territory:Byzantine Empire:1000,비잔티움 제국,10.8,20.6508,38.7362
1000,territory:Kingdom of Sweden:1003,스웨덴 왕국,2.4,19.1014,57.9155
1000,territory:Byzantine Empire:1000,비잔티움 제국,8.5,23.5052,37.3388
1000,territory:Byzantine Empire:1000,비잔티움 제국,15.1,23.4882,37.7302
1000,territory:Byzantine Empire:1056,비잔티움 제국,2.7,23.4951,37.9585
1000,territory:Byzantine Empire:1000,비잔티움 제국,29.2,23.6983,39.1437
1000,territory:Fatimid Caliphate:1066,파티마 칼리프국,11.6,36.8936,25.3897
1000,territory:Fatimid Caliphate:1072,파티마 칼리프국,21.4,36.5596,25.6077
1000,territory:Byzantine Empire:1000,비잔티움 제국,30.9,27.3668,36.4102
1000,territory:Byzantine Empire:1000,비잔티움 제국,15.3,27.8188,36.5828
1000,territory:Byzantine Empire:1000,비잔티움 제국,21.5,25.3195,36.7477
1000,territory:Byzantine Empire:1000,비잔티움 제국,6.4,26.9874,36.9875
1000,territory:Byzantine Empire:1000,비잔티움 제국,10.2,25.2035,37.0798
1000,territory:Byzantine Empire:1000,비잔티움 제국,34.3,24.4875,37.1635
1000,territory:Byzantine Empire:1000,비잔티움 제국,15.5,24.4201,37.3575
1000,territory:Byzantine Empire:1000,비잔티움 제국,15.0,24.9137,37.4057
1000,territory:Byzantine Empire:1000,비잔티움 제국,10.8,25.3748,37.444
1000,territory:Byzantine Empire:1000,비잔티움 제국,19.4,25.5698,40.4688
1000,territory:Byzantine Empire:1000,비잔티움 제국,19.0,27.6128,40.6268
1000,territory:Ziyadid dynasty:1056,Ziyadid dynasty,4.1,42.9382,12.8384
1000,territory:Ziyadid dynasty:1072,Ziyadid dynasty,31.0,42.7478,14.0002
1000,territory:Ziyadid dynasty:1040,Ziyadid dynasty,14.3,42.587,15.3505
1000,territory:Uyunid Emirate:1072,Uyunid Emirate,2.2,53.8096,24.1797
1000,territory:Uyunid Emirate:1072,Uyunid Emirate,6.5,52.6023,24.3268
1000,territory:Uyunid Emirate:1072,Uyunid Emirate,2.7,54.2259,24.3362
1000,territory:Uyunid Emirate:1072,Uyunid Emirate,18.5,53.3838,24.34
1000,territory:Great Seljuk Empire:1099,셀주크 제국,17.7,53.9823,26.5143
1000,territory:Oghuz Turks:990,오구즈 투르크,16.5,52.6249,45.469
1000,territory:Kimek-Kipchak confederation:1056,키메크·킵차크,12.7,47.9502,45.5785
1000,territory:Kimek-Kipchak confederation:1066,키메크·킵차크,25.4,49.7897,46.2885
1100,territory:Najahid Dynasty:1099,Najahid Dynasty,30.8,42.4068,15.7254
1100,territory:Almoravid Dynasty:1099,무라비트 왕조,17.2,-16.5282,19.9267
1100,territory:Uyunid Emirate:1072,Uyunid Emirate,13.3,52.0107,24.2305
1100,territory:Uyunid Emirate:1072,Uyunid Emirate,23.7,51.7316,24.5858
1100,territory:Ayyubid Sultanate:1177,아이유브 술탄국,10.4,37.0901,24.9611
1100,territory:Uyunid Emirate:1169,Uyunid Emirate,0.1,55.1164,25.1155
1100,territory:Uyunid Emirate:1072,Uyunid Emirate,0.0,55.1746,25.1928
1100,territory:Uyunid Emirate:1072,Uyunid Emirate,0.2,55.1725,25.1946
1100,territory:Uyunid Emirate:1072,Uyunid Emirate,1.5,55.1568,25.1952
1100,territory:Uyunid Emirate:1169,Uyunid Emirate,0.1,55.1751,25.1951
1100,territory:Uyunid Emirate:1072,Uyunid Emirate,0.2,55.1597,25.1959
1100,territory:Uyunid Emirate:1072,Uyunid Emirate,0.3,55.1527,25.1958
1100,territory:Uyunid Emirate:1072,Uyunid Emirate,0.2,55.1695,25.1958
1100,territory:Uyunid Emirate:1169,Uyunid Emirate,0.1,55.1756,25.1965
1100,territory:Uyunid Emirate:1072,Uyunid Emirate,0.2,55.1492,25.1969
1100,territory:Uyunid Emirate:1072,Uyunid Emirate,0.2,55.1669,25.1969
1100,territory:Uyunid Emirate:1169,Uyunid Emirate,0.2,55.1729,25.1979
1100,territory:Uyunid Emirate:1072,Uyunid Emirate,0.2,55.1537,25.1977
1100,territory:Uyunid Emirate:1072,Uyunid Emirate,0.1,55.1507,25.1985
1100,territory:Uyunid Emirate:1072,Uyunid Emirate,0.2,55.1561,25.1985
1100,territory:Uyunid Emirate:1072,Uyunid Emirate,0.2,55.1693,25.1988
1100,territory:Uyunid Emirate:1072,Uyunid Emirate,0.2,55.1466,25.1998
1100,territory:Uyunid Emirate:1169,Uyunid Emirate,0.2,55.1718,25.2
1100,territory:Uyunid Emirate:1169,Uyunid Emirate,0.1,55.1751,25.199
1100,territory:Uyunid Emirate:1072,Uyunid Emirate,0.2,55.1495,25.2
1100,territory:Uyunid Emirate:1072,Uyunid Emirate,0.2,55.1656,25.1998
1100,territory:Uyunid Emirate:1072,Uyunid Emirate,0.2,55.1525,25.2005
1100,territory:Uyunid Emirate:1072,Uyunid Emirate,0.2,55.1635,25.2009
1100,territory:Uyunid Emirate:1072,Uyunid Emirate,0.2,55.1679,25.201
1100,territory:Uyunid Emirate:1072,Uyunid Emirate,0.2,55.1558,25.2011
1100,territory:Uyunid Emirate:1072,Uyunid Emirate,0.1,55.1479,25.2015
1100,territory:Uyunid Emirate:1072,Uyunid Emirate,0.1,55.1656,25.2022
1100,territory:Uyunid Emirate:1169,Uyunid Emirate,0.2,55.1709,25.2019
1100,territory:Uyunid Emirate:1072,Uyunid Emirate,0.2,55.1505,25.2029
1100,territory:Uyunid Emirate:1169,Uyunid Emirate,0.1,55.1734,25.2023
1100,territory:Uyunid Emirate:1072,Uyunid Emirate,0.2,55.1527,25.2031
1100,territory:Uyunid Emirate:1072,Uyunid Emirate,0.2,55.1584,25.2028
1100,territory:Uyunid Emirate:1072,Uyunid Emirate,0.1,55.1548,25.2038
1100,territory:Uyunid Emirate:1072,Uyunid Emirate,0.2,55.1466,25.2041
1100,territory:Uyunid Emirate:1072,Uyunid Emirate,0.1,55.1492,25.2039
1100,territory:Uyunid Emirate:1072,Uyunid Emirate,0.1,55.1583,25.2055
1100,territory:Uyunid Emirate:1072,Uyunid Emirate,0.2,55.1556,25.2056
1100,territory:Uyunid Emirate:1072,Uyunid Emirate,0.2,55.1464,25.2067
1100,territory:Uyunid Emirate:1072,Uyunid Emirate,0.2,55.1534,25.2067
1100,territory:Uyunid Emirate:1072,Uyunid Emirate,0.2,55.1497,25.2069
1100,territory:Uyunid Emirate:1072,Uyunid Emirate,0.2,55.1592,25.2076
1100,territory:Uyunid Emirate:1169,Uyunid Emirate,0.4,55.1751,25.2073
1100,territory:Uyunid Emirate:1072,Uyunid Emirate,0.2,55.1566,25.2082
1100,territory:Uyunid Emirate:1169,Uyunid Emirate,0.1,55.1831,25.2079
1100,territory:Uyunid Emirate:1072,Uyunid Emirate,0.2,55.1517,25.2088
1100,territory:Uyunid Emirate:1169,Uyunid Emirate,0.2,55.1802,25.209
1100,territory:Uyunid Emirate:1072,Uyunid Emirate,0.1,55.1456,25.2087
1100,territory:Uyunid Emirate:1169,Uyunid Emirate,0.2,55.1734,25.2093
1100,territory:Uyunid Emirate:1169,Uyunid Emirate,0.2,55.1771,25.2092
1100,territory:Uyunid Emirate:1072,Uyunid Emirate,0.1,55.1517,25.2104
1100,territory:Uyunid Emirate:1072,Uyunid Emirate,0.2,55.1486,25.2104
1100,territory:Uyunid Emirate:1169,Uyunid Emirate,0.1,55.1848,25.2108
1100,territory:Uyunid Emirate:1072,Uyunid Emirate,0.1,55.1461,25.2111
1100,territory:Uyunid Emirate:1169,Uyunid Emirate,0.2,55.1705,25.2103
1100,territory:Uyunid Emirate:1169,Uyunid Emirate,0.1,55.1826,25.2113
1100,territory:Uyunid Emirate:1169,Uyunid Emirate,0.2,55.175,25.2114
1100,territory:Uyunid Emirate:1169,Uyunid Emirate,0.1,55.1807,25.2126
1100,territory:Uyunid Emirate:1169,Uyunid Emirate,0.2,55.1846,25.2131
1100,territory:Uyunid Emirate:1169,Uyunid Emirate,0.2,55.172,25.2132
1100,territory:Uyunid Emirate:1169,Uyunid Emirate,0.2,55.1778,25.2132
1100,territory:Uyunid Emirate:1072,Uyunid Emirate,0.5,55.1567,25.2135
1100,territory:Uyunid Emirate:1072,Uyunid Emirate,0.2,55.154,25.214
1100,territory:Uyunid Emirate:1169,Uyunid Emirate,0.3,55.1681,25.214
1100,territory:Uyunid Emirate:1169,Uyunid Emirate,0.1,55.1757,25.2145
1100,territory:Uyunid Emirate:1169,Uyunid Emirate,0.1,55.1815,25.2144
1100,territory:Uyunid Emirate:1072,Uyunid Emirate,0.3,55.1461,25.2149
1100,territory:Uyunid Emirate:1169,Uyunid Emirate,0.1,55.1831,25.2151
1100,territory:Uyunid Emirate:1169,Uyunid Emirate,0.1,55.1781,25.2154
1100,territory:Uyunid Emirate:1072,Uyunid Emirate,0.2,55.151,25.2155
1100,territory:Uyunid Emirate:1169,Uyunid Emirate,0.4,55.1637,25.2158
1100,territory:Uyunid Emirate:1072,Uyunid Emirate,0.1,55.1445,25.2156
1100,territory:Uyunid Emirate:1072,Uyunid Emirate,0.1,55.1519,25.2164
1100,territory:Uyunid Emirate:1072,Uyunid Emirate,0.2,55.1555,25.2166
1100,territory:Uyunid Emirate:1169,Uyunid Emirate,0.1,55.1813,25.2168
1100,territory:Uyunid Emirate:1072,Uyunid Emirate,0.2,55.1487,25.2162
1100,territory:Uyunid Emirate:1169,Uyunid Emirate,0.1,55.1753,25.2167
1100,territory:Uyunid Emirate:1169,Uyunid Emirate,0.2,55.1681,25.2169
1100,territory:Uyunid Emirate:1169,Uyunid Emirate,0.1,55.1705,25.2163
1100,territory:Uyunid Emirate:1169,Uyunid Emirate,0.1,55.1771,25.2166
1100,territory:Uyunid Emirate:1072,Uyunid Emirate,0.1,55.1533,25.2173
1100,territory:Uyunid Emirate:1169,Uyunid Emirate,0.1,55.1646,25.2174
1100,territory:Uyunid Emirate:1169,Uyunid Emirate,0.1,55.1721,25.2177
1100,territory:Uyunid Emirate:1072,Uyunid Emirate,0.1,55.146,25.2177
1100,territory:Uyunid Emirate:1169,Uyunid Emirate,0.2,55.1838,25.2181
1100,territory:Uyunid Emirate:1169,Uyunid Emirate,0.2,55.1881,25.2185
1100,territory:Uyunid Emirate:1169,Uyunid Emirate,0.1,55.1708,25.2184
1100,territory:Uyunid Emirate:1072,Uyunid Emirate,0.1,55.1497,25.2188
1100,territory:Uyunid Emirate:1169,Uyunid Emirate,0.1,55.1676,25.2182
1100,territory:Uyunid Emirate:1072,Uyunid Emirate,0.5,55.1399,25.2059
1100,territory:Uyunid Emirate:1072,Uyunid Emirate,0.1,55.1523,25.2189
1100,territory:Uyunid Emirate:1072,Uyunid Emirate,0.2,55.1555,25.2192
1100,territory:Uyunid Emirate:1169,Uyunid Emirate,0.0,55.1902,25.2191
1100,territory:Uyunid Emirate:1169,Uyunid Emirate,0.3,55.1795,25.2197
1100,territory:Uyunid Emirate:1169,Uyunid Emirate,0.1,55.1696,25.2193
1100,territory:Uyunid Emirate:1169,Uyunid Emirate,0.2,55.1762,25.2198
1100,territory:Uyunid Emirate:1169,Uyunid Emirate,0.1,55.1886,25.22
1100,territory:Uyunid Emirate:1169,Uyunid Emirate,0.2,55.1819,25.2196
1100,territory:Uyunid Emirate:1169,Uyunid Emirate,0.1,55.1779,25.2198
1100,territory:Uyunid Emirate:1169,Uyunid Emirate,0.1,55.1747,25.22
1100,territory:Uyunid Emirate:1072,Uyunid Emirate,0.1,55.1509,25.2203
1100,territory:Uyunid Emirate:1072,Uyunid Emirate,0.2,55.1468,25.2204
1100,territory:Uyunid Emirate:1169,Uyunid Emirate,0.2,55.1665,25.221
1100,territory:Uyunid Emirate:1072,Uyunid Emirate,0.1,55.1455,25.2209
1100,territory:Uyunid Emirate:1072,Uyunid Emirate,0.1,55.1484,25.2212
1100,territory:Uyunid Emirate:1072,Uyunid Emirate,0.1,55.1439,25.2214
1100,territory:Uyunid Emirate:1169,Uyunid Emirate,0.2,55.1686,25.2215
1100,territory:Uyunid Emirate:1169,Uyunid Emirate,0.2,55.172,25.221
1100,territory:Uyunid Emirate:1169,Uyunid Emirate,0.1,55.1769,25.2218
1100,territory:Uyunid Emirate:1169,Uyunid Emirate,0.1,55.1746,25.2221
1100,territory:Uyunid Emirate:1169,Uyunid Emirate,0.2,55.1813,25.2219
1100,territory:Uyunid Emirate:1072,Uyunid Emirate,0.2,55.1529,25.2217
1100,territory:Uyunid Emirate:1169,Uyunid Emirate,0.2,55.1695,25.2237
1100,territory:Uyunid Emirate:1072,Uyunid Emirate,0.1,55.1495,25.2234
1100,territory:Uyunid Emirate:1169,Uyunid Emirate,0.4,55.1628,25.2231
1100,territory:Uyunid Emirate:1169,Uyunid Emirate,0.1,55.1733,25.2237
1100,territory:Uyunid Emirate:1169,Uyunid Emirate,0.3,55.1876,25.2237
1100,territory:Uyunid Emirate:1072,Uyunid Emirate,0.1,55.1469,25.2246
1100,territory:Uyunid Emirate:1169,Uyunid Emirate,0.2,55.1781,25.2242
1100,territory:Uyunid Emirate:1169,Uyunid Emirate,0.2,55.1918,25.225
1100,territory:Uyunid Emirate:1072,Uyunid Emirate,0.2,55.1432,25.2245
1100,territory:Uyunid Emirate:1169,Uyunid Emirate,0.2,55.1754,25.2252
1100,territory:Uyunid Emirate:1169,Uyunid Emirate,0.2,55.184,25.2242
1100,territory:Uyunid Emirate:1169,Uyunid Emirate,0.1,55.1814,25.225
1100,territory:Uyunid Emirate:1169,Uyunid Emirate,0.2,55.1894,25.2257
1100,territory:Uyunid Emirate:1169,Uyunid Emirate,0.1,55.1853,25.2255
1100,territory:Uyunid Emirate:1169,Uyunid Emirate,0.1,55.1708,25.2254
1100,territory:Uyunid Emirate:1169,Uyunid Emirate,0.3,55.1651,25.2266
1100,territory:Uyunid Emirate:1072,Uyunid Emirate,0.2,55.1485,25.2265
1100,territory:Uyunid Emirate:1169,Uyunid Emirate,0.2,55.1661,25.2248
1100,territory:Uyunid Emirate:1169,Uyunid Emirate,0.2,55.1778,25.2271
1100,territory:Uyunid Emirate:1169,Uyunid Emirate,0.1,55.189,25.2273
1100,territory:Uyunid Emirate:1169,Uyunid Emirate,0.2,55.1623,25.227
1100,territory:Uyunid Emirate:1169,Uyunid Emirate,0.2,55.1729,25.2269
1100,territory:Uyunid Emirate:1169,Uyunid Emirate,0.1,55.1801,25.2273
1100,territory:Uyunid Emirate:1169,Uyunid Emirate,0.1,55.175,25.2274
1100,territory:Uyunid Emirate:1169,Uyunid Emirate,0.2,55.1831,25.228
1100,territory:Uyunid Emirate:1169,Uyunid Emirate,0.2,55.1864,25.2283
1100,territory:Uyunid Emirate:1169,Uyunid Emirate,0.2,55.1698,25.2291
1100,territory:Uyunid Emirate:1169,Uyunid Emirate,0.1,55.1808,25.2292
1100,territory:Uyunid Emirate:1169,Uyunid Emirate,0.2,55.1732,25.2296
1100,territory:Uyunid Emirate:1169,Uyunid Emirate,0.2,55.1869,25.2305
1100,territory:Uyunid Emirate:1169,Uyunid Emirate,0.3,55.1773,25.2302
1100,territory:Uyunid Emirate:1169,Uyunid Emirate,0.2,55.1841,25.2305
1100,territory:Uyunid Emirate:1169,Uyunid Emirate,0.1,55.1713,25.2306
1100,territory:Uyunid Emirate:1169,Uyunid Emirate,0.1,55.1807,25.2309
1100,territory:Uyunid Emirate:1169,Uyunid Emirate,0.2,55.1896,25.2308
1100,territory:Uyunid Emirate:1169,Uyunid Emirate,0.2,55.1673,25.2298
1100,territory:Uyunid Emirate:1169,Uyunid Emirate,0.2,55.1647,25.2317
1100,territory:Uyunid Emirate:1169,Uyunid Emirate,0.1,55.1874,25.2321
1100,territory:Uyunid Emirate:1169,Uyunid Emirate,0.2,55.1742,25.232
1100,territory:Uyunid Emirate:1169,Uyunid Emirate,0.1,55.19,25.2326
1100,territory:Uyunid Emirate:1169,Uyunid Emirate,0.1,55.1875,25.2335
1100,territory:Uyunid Emirate:1169,Uyunid Emirate,0.2,55.1822,25.2333
1100,territory:Uyunid Emirate:1169,Uyunid Emirate,0.1,55.191,25.2341
1100,territory:Uyunid Emirate:1169,Uyunid Emirate,0.1,55.1761,25.2337
1100,territory:Uyunid Emirate:1169,Uyunid Emirate,0.2,55.1711,25.234
1100,territory:Uyunid Emirate:1169,Uyunid Emirate,0.2,55.1843,25.234
1100,territory:Uyunid Emirate:1169,Uyunid Emirate,0.1,55.1791,25.2352
1100,territory:Uyunid Emirate:1169,Uyunid Emirate,0.2,55.1689,25.2348
1100,territory:Uyunid Emirate:1169,Uyunid Emirate,0.3,55.1631,25.2345
1100,territory:Uyunid Emirate:1169,Uyunid Emirate,0.2,55.186,25.2361
1100,territory:Uyunid Emirate:1169,Uyunid Emirate,0.1,55.1825,25.2362
1100,territory:Uyunid Emirate:1169,Uyunid Emirate,0.3,55.176,25.237
1100,territory:Uyunid Emirate:1169,Uyunid Emirate,0.1,55.1787,25.2374
1100,territory:Uyunid Emirate:1169,Uyunid Emirate,0.2,55.1732,25.2374
1100,territory:Uyunid Emirate:1169,Uyunid Emirate,0.2,55.1692,25.2379
1100,territory:Uyunid Emirate:1169,Uyunid Emirate,0.1,55.1752,25.2391
1100,territory:Uyunid Emirate:1169,Uyunid Emirate,0.2,55.1798,25.2393
1100,territory:Uyunid Emirate:1169,Uyunid Emirate,0.2,55.1842,25.239
1100,territory:Uyunid Emirate:1169,Uyunid Emirate,0.2,55.1775,25.24
1100,territory:Uyunid Emirate:1169,Uyunid Emirate,0.3,55.1896,25.2388
1100,territory:Uyunid Emirate:1169,Uyunid Emirate,0.3,55.1658,25.2391
1100,territory:Uyunid Emirate:1169,Uyunid Emirate,0.1,55.1806,25.2406
1100,territory:Uyunid Emirate:1169,Uyunid Emirate,0.2,55.1863,25.2413
1100,territory:Uyunid Emirate:1169,Uyunid Emirate,0.5,55.1979,25.2404
1100,territory:Uyunid Emirate:1169,Uyunid Emirate,0.2,55.1678,25.2418
1100,territory:Uyunid Emirate:1169,Uyunid Emirate,0.1,55.1816,25.2419
1100,territory:Uyunid Emirate:1169,Uyunid Emirate,0.3,55.1722,25.241
1100,territory:Uyunid Emirate:1169,Uyunid Emirate,0.2,55.1783,25.2422
1100,territory:Uyunid Emirate:1169,Uyunid Emirate,0.1,55.187,25.2426
1100,territory:Uyunid Emirate:1169,Uyunid Emirate,0.2,55.1837,25.243
1100,territory:Uyunid Emirate:1169,Uyunid Emirate,0.2,55.175,25.2424
1100,territory:Uyunid Emirate:1169,Uyunid Emirate,0.1,55.1735,25.244
1100,territory:Uyunid Emirate:1169,Uyunid Emirate,0.1,55.1792,25.2442
1100,territory:Uyunid Emirate:1169,Uyunid Emirate,0.1,55.1862,25.2444
1100,territory:Uyunid Emirate:1072,Uyunid Emirate,0.6,55.1319,25.2177
1100,territory:Uyunid Emirate:1169,Uyunid Emirate,0.3,55.1825,25.2471
1100,territory:Uyunid Emirate:1169,Uyunid Emirate,0.3,55.1747,25.2486
1100,territory:Uyunid Emirate:1072,Uyunid Emirate,1.1,55.1571,25.25
1100,territory:Great Seljuk Empire:1152,셀주크 제국,23.4,55.3051,26.269
1100,territory:Ayyubid Sultanate:1188,아이유브 술탄국,3.7,35.7657,27.1078
1100,territory:Byzantine Empire:1188,비잔티움 제국,14.2,25.7058,34.8736
1100,territory:Byzantine Empire:1188,비잔티움 제국,11.1,26.1363,34.9346
1100,territory:Almoravid Dynasty:1139,무라비트 왕조,6.0,-2.4427,35.178
1100,territory:Almoravid Dynasty:1139,무라비트 왕조,1.6,-2.4216,35.1796
1100,territory:Almoravid Dynasty:1139,무라비트 왕조,0.7,-2.4313,35.1837
1100,territory:Almohad Caliphate:1152,무와히드 칼리프국,0.7,-3.9025,35.2154
1100,territory:Almohad Caliphate:1152,무와히드 칼리프국,0.2,-3.9006,35.2175
1100,territory:Byzantine Empire:1188,비잔티움 제국,9.8,25.2147,35.4461
1100,territory:Almohad Caliphate:1152,무와히드 칼리프국,5.8,-5.4186,35.9126
1100,territory:Byzantine Empire:1111,비잔티움 제국,6.1,29.6571,36.1342
1100,territory:Byzantine Empire:1188,비잔티움 제국,6.6,29.7467,36.1286
1100,territory:Byzantine Empire:1188,비잔티움 제국,4.0,29.4966,36.157
1100,territory:Byzantine Empire:1188,비잔티움 제국,5.3,29.5849,36.143
1100,territory:Armenian Kingdom of Cilicia:1188,Armenian Kingdom of Cilicia,3.3,33.7804,36.1762
1100,territory:Byzantine Empire:1188,비잔티움 제국,1.7,29.8792,36.1835
1100,territory:Byzantine Empire:1188,비잔티움 제국,4.5,22.9586,36.4866
1100,territory:Byzantine Empire:1188,비잔티움 제국,4.7,28.1257,36.5989
1100,territory:Byzantine Empire:1188,비잔티움 제국,4.8,28.9183,36.6684
1100,territory:Byzantine Empire:1188,비잔티움 제국,1.6,27.1401,36.9429
1100,territory:Byzantine Empire:1188,비잔티움 제국,18.7,27.4647,36.9758
1100,territory:Byzantine Empire:1188,비잔티움 제국,9.3,27.0912,37.0593
1100,territory:Byzantine Empire:1147,비잔티움 제국,12.1,21.5492,37.0489
1100,territory:Kingdom of Africa:1152,Kingdom of Africa,16.6,10.8032,37.1291
1100,territory:Byzantine Empire:1188,비잔티움 제국,13.2,27.0892,37.2864
1100,territory:Byzantine Empire:1188,비잔티움 제국,28.8,26.757,37.3005
1100,territory:Byzantine Empire:1188,비잔티움 제국,5.3,26.7337,37.387
1100,territory:Byzantine Empire:1188,비잔티움 제국,17.3,26.9735,37.4605
1100,territory:Byzantine Empire:1188,비잔티움 제국,26.6,23.9273,37.4756
1100,territory:Almohad Caliphate:1169,무와히드 칼리프국,35.1,8.9372,37.5288
1100,territory:Byzantine Empire:1188,비잔티움 제국,0.2,27.1646,37.5786
1100,territory:Byzantine Empire:1188,비잔티움 제국,9.9,26.4286,37.5831
1100,territory:Byzantine Empire:1188,비잔티움 제국,4.9,26.5115,37.5906
1100,territory:Byzantine Empire:1188,비잔티움 제국,14.3,23.948,37.6486
1100,territory:Byzantine Empire:1188,비잔티움 제국,7.9,24.1228,37.7016
1100,territory:Byzantine Empire:1188,비잔티움 제국,10.8,23.7592,37.769
1100,territory:Byzantine Empire:1188,비잔티움 제국,21.0,24.2583,38.0038
1100,territory:Byzantine Empire:1177,비잔티움 제국,4.0,26.3417,38.4391
1100,territory:Byzantine Empire:1188,비잔티움 제국,5.0,26.2841,38.5035
1100,territory:Byzantine Empire:1188,비잔티움 제국,0.2,26.2288,38.5215
1100,territory:Byzantine Empire:1188,비잔티움 제국,11.4,26.7121,38.5036
1100,territory:Byzantine Empire:1188,비잔티움 제국,26.9,25.5105,38.541
1100,territory:Byzantine Empire:1188,비잔티움 제국,2.1,24.358,38.8379
1100,territory:Byzantine Empire:1188,비잔티움 제국,22.2,24.1084,39.0785
1100,territory:Byzantine Empire:1188,비잔티움 제국,19.3,20.2293,39.1444
1100,territory:Byzantine Empire:1188,비잔티움 제국,27.6,24.322,39.3498
1100,territory:Almoravid Dynasty:1139,무라비트 왕조,8.3,-9.5086,39.4157
1100,territory:Byzantine Empire:1188,비잔티움 제국,13.2,24.1686,39.3946
1100,territory:Byzantine Empire:1188,비잔티움 제국,18.9,19.5232,39.7704
1100,territory:Byzantine Empire:1188,비잔티움 제국,11.3,19.3991,39.85
1100,territory:Byzantine Empire:1188,비잔티움 제국,10.4,19.5814,39.8853
1100,territory:Byzantine Empire:1126,비잔티움 제국,9.6,23.9066,40.3248
1100,territory:Byzantine Empire:1188,비잔티움 제국,8.5,19.2804,40.4934
1100,territory:Kingdom of Sicily:1139,Kingdom of Sicily,20.0,14.2279,40.5502
1100,territory:Byzantine Empire:1152,비잔티움 제국,13.0,28.5278,40.5314
1100,territory:Kingdom of Sicily:1139,Kingdom of Sicily,12.2,14.0141,40.7542
1100,territory:Byzantine Empire:1169,비잔티움 제국,3.4,29.1137,40.8508
1100,territory:Holy Roman Empire:1139,신성로마제국,38.2,9.6009,41.0746
1100,territory:Holy Roman Empire:1139,신성로마제국,18.9,9.4058,41.197
1100,territory:Holy Roman Empire:1139,신성로마제국,7.4,9.1478,41.2395
1100,territory:Holy Roman Empire:1139,신성로마제국,5.9,9.3416,41.2427
1100,territory:Holy Roman Empire:1139,신성로마제국,2.6,9.3419,41.2833
1100,territory:Holy Roman Empire:1139,신성로마제국,1.9,9.3712,41.299
1100,territory:Holy Roman Empire:1139,신성로마제국,1.3,9.3411,41.3022
1100,territory:Holy Roman Empire:1139,신성로마제국,2.7,9.2528,41.3366
1100,territory:Holy Roman Empire:1139,신성로마제국,1.0,9.2576,41.367
1100,territory:Norman Italy:1094,Norman Italy,15.1,15.4859,42.1105
1100,territory:Holy Roman Empire:1099,신성로마제국,20.3,11.0983,42.2489
1100,territory:Kingdom of Serbia:1192,Kingdom of Serbia,6.1,17.8807,42.7268
1100,territory:Holy Roman Empire:1188,신성로마제국,13.1,6.46,43.03
1100,territory:Byzantine Empire:1177,비잔티움 제국,25.3,16.6998,43.0909
1100,territory:Byzantine Empire:1177,비잔티움 제국,4.3,16.1436,43.4401
1100,territory:Holy Roman Empire:1177,신성로마제국,6.4,7.0471,43.5205
1100,territory:Byzantine Empire:1177,비잔티움 제국,5.0,15.8502,43.6851
1100,territory:Byzantine Empire:1177,비잔티움 제국,9.6,15.7006,43.6957
1100,territory:Byzantine Empire:1169,비잔티움 제국,5.4,15.6076,43.8011
1100,territory:Kingdom of Hungary:1177,헝가리 왕국,22.1,15.1114,44.0403
1100,territory:Kingdom of Hungary:1192,헝가리 왕국,8.9,15.0669,44.3058
1100,territory:Kingdom of Hungary:1192,헝가리 왕국,23.4,14.6928,44.3826
1100,territory:Kingdom of Hungary:1147,헝가리 왕국,8.7,14.9181,44.4305
1100,territory:Kingdom of Hungary:1192,헝가리 왕국,30.0,14.2998,44.5093
1100,territory:Kimek-Kipchak confederation:1139,키메크·킵차크,13.6,50.5832,44.7962
1100,territory:Holy Roman Empire:1099,신성로마제국,17.0,13.7642,44.9064
1100,territory:Kingdom of Hungary:1099,헝가리 왕국,3.1,14.7948,44.9131
1100,territory:Kingdom of Hungary:1099,헝가리 왕국,15.6,14.5204,44.9729
1100,territory:Holy Roman Empire:1139,신성로마제국,19.4,12.4021,45.4588
1100,territory:Kimek-Kipchak confederation:1094,키메크·킵차크,18.1,48.5803,45.714
1100,territory:Kimek-Kipchak confederation:1094,키메크·킵차크,19.7,52.9954,46.4123
1100,territory:Angevin Empire:1192,앙주 제국,10.2,-1.8312,48.8713
1100,territory:Norman England:1099,Norman England,34.3,-2.4514,49.4704
1100,territory:Angevin Empire:1192,앙주 제국,38.5,-6.2958,49.9651
1100,territory:Norman England:1099,Norman England,1.6,-5.2937,51.7333
1100,territory:Angevin Empire:1192,앙주 제국,5.6,-5.3412,51.8667
1100,territory:Norman England:1099,Norman England,38.2,-4.7907,52.7586
1100,territory:Kingdom of Sweden:1056,스웨덴 왕국,5.3,16.5981,57.1083
1100,territory:Kingdom of Sweden:1056,스웨덴 왕국,2.1,16.5467,57.1613
1100,territory:Kingdom of Sweden:1056,스웨덴 왕국,2.3,16.7921,57.2514
1100,territory:Kingdom of Sweden:1056,스웨덴 왕국,0.9,16.6966,57.5139
1100,territory:Kingdom of Sweden:1056,스웨덴 왕국,2.3,16.6976,57.6001
1100,territory:Kingdom of Sweden:1056,스웨덴 왕국,1.5,11.7572,57.6425
1100,territory:Kingdom of Sweden:1056,스웨덴 왕국,2.8,11.6462,57.7039
1100,territory:Kingdom of Sweden:1056,스웨덴 왕국,1.7,16.7464,57.8285
1100,territory:Kingdom of Sweden:1056,스웨덴 왕국,5.2,11.6046,57.8729
1100,territory:Kingdom of Sweden:1056,스웨덴 왕국,5.1,16.926,58.1921
1100,territory:Kingdom of Sweden:1056,스웨덴 왕국,5.8,17.0189,58.2592
1100,territory:Kingdom of Sweden:1056,스웨덴 왕국,3.0,16.9173,58.2559
1100,territory:Kingdom of Sweden:1056,스웨덴 왕국,7.1,16.9621,58.4248
1100,territory:Kingdom of Sweden:1056,스웨덴 왕국,3.5,16.9741,58.4937
1100,territory:Kingdom of Sweden:1056,스웨덴 왕국,2.2,16.9203,58.5145
1100,territory:Kingdom of Sweden:1056,스웨덴 왕국,1.7,17.4723,58.7121
1100,territory:Kingdom of Sweden:1056,스웨덴 왕국,6.3,17.8633,58.7523
1100,territory:Kingdom of Sweden:1056,스웨덴 왕국,2.1,17.6333,58.8252
1100,territory:Kingdom of Sweden:1056,스웨덴 왕국,0.9,17.7137,58.846
1100,territory:Kingdom of Sweden:1056,스웨덴 왕국,6.5,18.1206,58.8744
1100,territory:Kingdom of Sweden:1056,스웨덴 왕국,0.9,17.8359,58.8469
1100,territory:Old Kingdom of Norway:1188,노르웨이 왕국,4.9,11.024,58.8902
1100,territory:Kingdom of Sweden:1056,스웨덴 왕국,2.8,18.1769,58.9225
1100,territory:Kingdom of Sweden:1056,스웨덴 왕국,0.5,18.1634,59.048
1100,territory:Kingdom of Sweden:1056,스웨덴 왕국,7.3,18.5239,59.0442
1100,territory:Old Kingdom of Norway:1066,노르웨이 왕국,4.9,10.942,59.0557
1100,territory:Kingdom of Sweden:1056,스웨덴 왕국,3.8,18.6039,59.0926
1100,territory:Kingdom of Sweden:1056,스웨덴 왕국,6.8,18.7421,59.1029
1100,territory:Old Kingdom of Norway:1188,노르웨이 왕국,5.5,10.4284,59.09
1100,territory:Kingdom of Sweden:1056,스웨덴 왕국,2.0,18.5849,59.1282
1100,territory:Kingdom of Sweden:1056,스웨덴 왕국,4.0,18.646,59.1804
1100,territory:Old Kingdom of Norway:1188,노르웨이 왕국,7.0,5.8405,59.1689
1100,territory:Old Kingdom of Norway:1188,노르웨이 왕국,6.0,10.5501,59.2144
1100,territory:Kingdom of Sweden:1056,스웨덴 왕국,0.8,18.4195,59.2161
1100,territory:Kingdom of Sweden:1056,스웨덴 왕국,3.4,18.6035,59.2298
1100,territory:Kingdom of Sweden:1056,스웨덴 왕국,13.0,18.9162,59.2823
1100,territory:Kingdom of Sweden:1056,스웨덴 왕국,1.7,18.8758,59.3068
1100,territory:Old Kingdom of Norway:1188,노르웨이 왕국,17.9,4.8822,59.3069
1100,territory:Kingdom of Sweden:1056,스웨덴 왕국,1.5,18.8871,59.3387
1100,territory:Old Kingdom of Norway:1188,노르웨이 왕국,1.1,10.5262,59.3817
1100,territory:Kingdom of Sweden:1056,스웨덴 왕국,6.7,19.0195,59.4171
1100,territory:Kingdom of Sweden:1056,스웨덴 왕국,3.5,18.9549,59.4085
1100,territory:Kingdom of Sweden:1056,스웨덴 왕국,11.0,19.2156,59.4382
1100,territory:Kingdom of Sweden:1056,스웨덴 왕국,3.8,18.6869,59.4508
1100,territory:Kingdom of Sweden:1056,스웨덴 왕국,2.6,18.7794,59.4736
1100,territory:Kingdom of Sweden:1056,스웨덴 왕국,3.8,19.1665,59.4974
1100,territory:Kingdom of Sweden:1056,스웨덴 왕국,7.6,19.0477,59.5703
1100,territory:Kingdom of Sweden:1056,스웨덴 왕국,4.8,19.1661,59.592
1100,territory:Kingdom of Sweden:1056,스웨덴 왕국,3.7,19.2459,59.6048
1100,territory:Kingdom of Sweden:1056,스웨덴 왕국,3.7,19.0363,59.6447
1100,territory:Kingdom of Sweden:1056,스웨덴 왕국,3.6,19.1388,59.656
1100,territory:Kingdom of Sweden:1056,스웨덴 왕국,1.8,19.1871,59.6649
1100,territory:Kingdom of Sweden:1056,스웨덴 왕국,0.9,19.1625,59.6757
1100,territory:Kingdom of Sweden:1056,스웨덴 왕국,1.2,18.8733,59.6667
1100,territory:Kingdom of Sweden:1056,스웨덴 왕국,9.9,19.4044,59.7065
1100,territory:Kingdom of Sweden:1056,스웨덴 왕국,4.5,19.13,59.7496
1100,territory:Kingdom of Sweden:1056,스웨덴 왕국,2.2,19.179,59.7759
1100,territory:Kingdom of Sweden:1056,스웨덴 왕국,1.9,19.0911,59.7844
1100,territory:Kingdom of Sweden:1056,스웨덴 왕국,3.2,19.1182,59.8457
1100,territory:Novgorod Republic:1126,노브고로드 공화국,37.6,27.1957,59.8516
1100,territory:Old Kingdom of Norway:1188,노르웨이 왕국,1.0,5.1569,59.9894
1100,territory:Kievan Rus':1040,키예프 루스,6.3,28.3746,60.0212
1100,territory:Old Kingdom of Norway:1066,노르웨이 왕국,5.3,5.0621,60.1267
1100,territory:Old Kingdom of Norway:1188,노르웨이 왕국,2.5,5.3205,60.1579
1100,territory:Kingdom of Sweden:1056,스웨덴 왕국,20.1,19.3377,60.195
1100,territory:Kingdom of Sweden:1056,스웨덴 왕국,2.7,18.6169,60.277
1100,territory:Novgorod Republic:1126,노브고로드 공화국,13.0,27.3084,60.2802
1100,territory:Novgorod Republic:1085,노브고로드 공화국,16.4,26.2053,60.3332
1100,territory:Novgorod Republic:1085,노브고로드 공화국,6.1,26.7688,60.3585
1100,territory:Novgorod Republic:1126,노브고로드 공화국,7.8,27.052,60.3881
1100,territory:Novgorod Republic:1085,노브고로드 공화국,0.4,28.4988,60.4054
1100,territory:Novgorod Republic:1085,노브고로드 공화국,0.1,27.8281,60.4876
1100,territory:Kingdom of Sweden:1056,스웨덴 왕국,3.0,18.3856,60.5226
1100,territory:Old Kingdom of Norway:1188,노르웨이 왕국,5.3,4.8827,60.5251
1100,territory:Old Kingdom of Norway:1188,노르웨이 왕국,13.9,4.72,60.767
1100,territory:Kingdom of Sweden:1056,스웨덴 왕국,0.4,17.3274,60.7961
1100,territory:Kingdom of Sweden:1056,스웨덴 왕국,13.3,17.2329,61.0412
1100,territory:Old Kingdom of Norway:1066,노르웨이 왕국,0.1,5.0366,61.1423
1100,territory:Kingdom of Sweden:1056,스웨덴 왕국,6.8,17.315,61.1557
1100,territory:Old Kingdom of Norway:1188,노르웨이 왕국,12.9,4.717,61.3006
1100,territory:Old Kingdom of Norway:1188,노르웨이 왕국,4.4,4.84,61.3465
1100,territory:Old Kingdom of Norway:1188,노르웨이 왕국,1.2,4.9439,61.5199
1100,territory:Kingdom of Sweden:1056,스웨덴 왕국,20.7,17.422,61.5487
1100,territory:Kingdom of Sweden:1056,스웨덴 왕국,4.4,17.2797,61.5634
1100,territory:Old Kingdom of Norway:1066,노르웨이 왕국,3.1,4.8582,61.6119
1100,territory:Old Kingdom of Norway:1188,노르웨이 왕국,3.2,4.8558,61.7787
1100,territory:Najahid Dynasty:1152,Najahid Dynasty,22.0,43.4311,12.472
1100,territory:Najahid Dynasty:1152,Najahid Dynasty,37.5,42.944,12.8885
1100,territory:Najahid Dynasty:1152,Najahid Dynasty,3.4,42.9293,12.9342
1100,territory:Najahid Dynasty:1152,Najahid Dynasty,9.1,42.8494,13.028
1100,territory:Angevin Empire:1177,앙주 제국,4.2,-6.0166,53.4833
1100,territory:Holy Roman Empire:1177,신성로마제국,1.9,6.5831,53.5406
1100,territory:Holy Roman Empire:1099,신성로마제국,2.3,6.8907,53.6379
1100,territory:Viking settlements:1028,Viking settlements,1.2,-4.8168,54.0522
1100,territory:Holy Roman Empire:1099,신성로마제국,8.2,8.6745,54.0609
1100,territory:Kingdom of Denmark:1188,Kingdom of Denmark,2.1,11.537,54.9662
1100,territory:Kingdom of Denmark:1188,Kingdom of Denmark,9.1,15.1923,55.3194
1100,territory:Kingdom of Denmark:1188,Kingdom of Denmark,6.5,12.7593,55.6433
1100,territory:Kingdom of Denmark:1188,Kingdom of Denmark,3.7,10.3102,55.765
1100,territory:Kingdom of Denmark:1188,Kingdom of Denmark,4.0,14.8439,56.0098
1100,territory:Kingdom of Denmark:1188,Kingdom of Denmark,4.8,15.791,56.0247
1100,territory:Kingdom of Denmark:1188,Kingdom of Denmark,1.9,14.9697,56.1178
1100,territory:Kingdom of Denmark:1188,Kingdom of Denmark,0.3,15.4618,56.1105
1100,territory:Almoravid Dynasty:1126,무라비트 왕조,7.0,1.4455,38.715
1100,territory:Angevin Empire:1177,앙주 제국,3.7,-1.2913,45.96
1100,territory:Angevin Empire:1152,앙주 제국,19.1,-2.1105,49.207
1100,territory:Norman England:1099,Norman England,9.7,-2.5891,49.4647
1100,territory:Angevin Empire:1192,앙주 제국,6.1,-6.3488,49.8916
1100,territory:Angevin Empire:1192,앙주 제국,3.9,-6.3594,49.9531
1100,territory:Holy Roman Empire:1139,신성로마제국,5.0,4.8118,53.0827
1100,territory:Viking settlements:1028,Viking settlements,37.8,-6.9297,56.4818
1100,territory:Viking settlements:1028,Viking settlements,5.7,-7.4679,56.976
1100,territory:Viking settlements:1028,Viking settlements,9.0,-6.3278,56.974
1100,territory:Viking settlements:1028,Viking settlements,2.1,-7.3283,57.4585
1100,territory:Viking settlements:1028,Viking settlements,1.5,-6.763,61.8528
1100,territory:Almohad Caliphate:1169,무와히드 칼리프국,17.9,10.8766,33.7675
1100,territory:Almohad Caliphate:1169,무와히드 칼리프국,22.6,11.0408,34.6388
1100,territory:Almohad Caliphate:1169,무와히드 칼리프국,7.7,11.1821,34.696
1100,territory:Kingdom of Sicily:1139,Kingdom of Sicily,8.2,13.9058,40.7253
1100,territory:Holy Roman Empire:1147,신성로마제국,7.9,5.348,53.4098
1100,territory:Holy Roman Empire:1177,신성로마제국,7.3,11.1345,54.4735
1100,territory:Kingdom of Denmark:1056,Kingdom of Denmark,5.0,8.5003,54.7218
1100,territory:Kingdom of Denmark:1188,Kingdom of Denmark,8.3,10.3929,54.8778
1100,territory:Kingdom of Denmark:1188,Kingdom of Denmark,9.0,8.3454,54.9198
1100,territory:Kingdom of Denmark:1188,Kingdom of Denmark,13.6,12.3556,54.9873
1100,territory:Kingdom of Denmark:1188,Kingdom of Denmark,4.5,12.6039,55.6535
1100,territory:Kingdom of Denmark:1056,Kingdom of Denmark,25.4,10.9805,57.278
1100,territory:Old Kingdom of Norway:1066,노르웨이 왕국,4.2,11.6058,57.976
1100,territory:Old Kingdom of Norway:1188,노르웨이 왕국,0.4,5.2395,59.2865
1100,territory:Old Kingdom of Norway:1188,노르웨이 왕국,3.7,4.899,61.0877
1100,territory:Byzantine Empire:1177,비잔티움 제국,29.3,16.5142,42.7614
1100,territory:Byzantine Empire:1177,비잔티움 제국,16.8,16.8906,42.9485
1100,territory:Byzantine Empire:1177,비잔티움 제국,38.6,16.0091,42.9673
1100,territory:Byzantine Empire:1177,비잔티움 제국,21.0,15.7446,43.0241
1100,territory:Byzantine Empire:1177,비잔티움 제국,12.4,16.158,43.0528
1100,territory:Byzantine Empire:1177,비잔티움 제국,10.1,16.5892,43.1935
1100,territory:Byzantine Empire:1177,비잔티움 제국,9.5,16.6437,43.3353
1100,territory:Kingdom of Hungary:1099,헝가리 왕국,3.9,15.0066,44.4507
1100,territory:Kingdom of Hungary:1192,헝가리 왕국,10.8,14.3875,44.6283
1100,territory:Kingdom of Hungary:1099,헝가리 왕국,11.2,14.3865,44.88
1100,territory:Kingdom of Hungary:1099,헝가리 왕국,5.2,14.5675,45.1082
1100,territory:Byzantine Empire:1188,비잔티움 제국,10.8,20.6508,38.7362
1100,territory:Kingdom of Sweden:1056,스웨덴 왕국,2.4,19.1014,57.9155
1100,territory:Byzantine Empire:1188,비잔티움 제국,8.5,23.5052,37.3388
1100,territory:Byzantine Empire:1188,비잔티움 제국,15.1,23.4882,37.7302
1100,territory:Byzantine Empire:1139,비잔티움 제국,2.7,23.4951,37.9585
1100,territory:Byzantine Empire:1188,비잔티움 제국,29.2,23.6983,39.1437
1100,territory:Ayyubid Sultanate:1188,아이유브 술탄국,11.6,36.8936,25.3897
1100,territory:Ayyubid Sultanate:1177,아이유브 술탄국,21.4,36.5596,25.6077
1100,territory:Byzantine Empire:1188,비잔티움 제국,30.9,27.3668,36.4102
1100,territory:Byzantine Empire:1188,비잔티움 제국,15.3,27.8188,36.5828
1100,territory:Byzantine Empire:1188,비잔티움 제국,21.5,25.3195,36.7477
1100,territory:Byzantine Empire:1188,비잔티움 제국,6.4,26.9874,36.9875
1100,territory:Byzantine Empire:1188,비잔티움 제국,10.2,25.2035,37.0798
1100,territory:Byzantine Empire:1188,비잔티움 제국,34.3,24.4875,37.1635
1100,territory:Byzantine Empire:1188,비잔티움 제국,15.5,24.4201,37.3575
1100,territory:Byzantine Empire:1188,비잔티움 제국,15.0,24.9137,37.4057
1100,territory:Byzantine Empire:1188,비잔티움 제국,10.8,25.3748,37.444
1100,territory:Byzantine Empire:1188,비잔티움 제국,25.0,26.8127,37.734
1100,territory:Byzantine Empire:1188,비잔티움 제국,19.4,25.5698,40.4688
1100,territory:Byzantine Empire:1188,비잔티움 제국,19.0,27.6128,40.6268
1100,territory:Najahid Dynasty:1152,Najahid Dynasty,4.1,42.9382,12.8384
1100,territory:Najahid Dynasty:1152,Najahid Dynasty,31.3,42.7478,14.0002
1100,territory:Ayyubid Sultanate:1177,아이유브 술탄국,14.3,42.587,15.3505
1100,territory:Uyunid Emirate:1169,Uyunid Emirate,2.2,53.8096,24.1797
1100,territory:Uyunid Emirate:1072,Uyunid Emirate,6.5,52.6023,24.3268
1100,territory:Uyunid Emirate:1072,Uyunid Emirate,2.7,54.2259,24.3362
1100,territory:Uyunid Emirate:1169,Uyunid Emirate,18.5,53.3838,24.34
1100,territory:Great Seljuk Empire:1152,셀주크 제국,17.7,53.9823,26.5143
1100,territory:Kimek-Kipchak confederation:1094,키메크·킵차크,16.5,52.6249,45.469
1100,territory:Kimek-Kipchak confederation:1094,키메크·킵차크,12.7,47.9502,45.5785
1100,territory:Kimek-Kipchak confederation:1094,키메크·킵차크,25.4,49.7897,46.2885
1200,territory:Ethiopian Empire:1285,Ethiopian Empire,37.7,40.2492,15.1515
1200,territory:Ayyubid Sultanate:1192,아이유브 술탄국,31.2,42.4068,15.7254
1200,territory:Hamdanid Emirates:1250,함단 토후국,13.3,52.0107,24.2305
1200,territory:Bahrani Dynasty:1260,Bahrani Dynasty,23.7,51.7316,24.5858
1200,territory:Ayyubid Sultanate:1241,아이유브 술탄국,10.4,37.0901,24.9611
1200,territory:Bahrani Dynasty:1260,Bahrani Dynasty,0.1,55.1164,25.1155
1200,territory:Uyunid Emirate:1227,Uyunid Emirate,0.0,55.1746,25.1928
1200,territory:Uyunid Emirate:1227,Uyunid Emirate,0.2,55.1725,25.1946
1200,territory:Uyunid Emirate:1227,Uyunid Emirate,1.5,55.1568,25.1952
1200,territory:Uyunid Emirate:1169,Uyunid Emirate,0.1,55.1751,25.1951
1200,territory:Uyunid Emirate:1227,Uyunid Emirate,0.2,55.1597,25.1959
1200,territory:Uyunid Emirate:1227,Uyunid Emirate,0.3,55.1527,25.1958
1200,territory:Uyunid Emirate:1227,Uyunid Emirate,0.2,55.1695,25.1958
1200,territory:Uyunid Emirate:1169,Uyunid Emirate,0.1,55.1756,25.1965
1200,territory:Uyunid Emirate:1227,Uyunid Emirate,0.2,55.1492,25.1969
1200,territory:Uyunid Emirate:1227,Uyunid Emirate,0.2,55.1669,25.1969
1200,territory:Uyunid Emirate:1169,Uyunid Emirate,0.2,55.1729,25.1979
1200,territory:Uyunid Emirate:1227,Uyunid Emirate,0.2,55.1537,25.1977
1200,territory:Uyunid Emirate:1227,Uyunid Emirate,0.1,55.1507,25.1985
1200,territory:Uyunid Emirate:1227,Uyunid Emirate,0.2,55.1561,25.1985
1200,territory:Uyunid Emirate:1227,Uyunid Emirate,0.2,55.1693,25.1988
1200,territory:Uyunid Emirate:1227,Uyunid Emirate,0.2,55.1466,25.1998
1200,territory:Uyunid Emirate:1169,Uyunid Emirate,0.2,55.1718,25.2
1200,territory:Uyunid Emirate:1169,Uyunid Emirate,0.1,55.1751,25.199
1200,territory:Uyunid Emirate:1227,Uyunid Emirate,0.2,55.1495,25.2
1200,territory:Uyunid Emirate:1227,Uyunid Emirate,0.2,55.1656,25.1998
1200,territory:Uyunid Emirate:1227,Uyunid Emirate,0.2,55.1525,25.2005
1200,territory:Uyunid Emirate:1227,Uyunid Emirate,0.2,55.1635,25.2009
1200,territory:Uyunid Emirate:1227,Uyunid Emirate,0.2,55.1679,25.201
1200,territory:Uyunid Emirate:1227,Uyunid Emirate,0.2,55.1558,25.2011
1200,territory:Uyunid Emirate:1227,Uyunid Emirate,0.1,55.1479,25.2015
1200,territory:Uyunid Emirate:1227,Uyunid Emirate,0.1,55.1656,25.2022
1200,territory:Uyunid Emirate:1169,Uyunid Emirate,0.2,55.1709,25.2019
1200,territory:Uyunid Emirate:1227,Uyunid Emirate,0.2,55.1505,25.2029
1200,territory:Uyunid Emirate:1169,Uyunid Emirate,0.1,55.1734,25.2023
1200,territory:Uyunid Emirate:1227,Uyunid Emirate,0.2,55.1527,25.2031
1200,territory:Uyunid Emirate:1227,Uyunid Emirate,0.2,55.1584,25.2028
1200,territory:Uyunid Emirate:1227,Uyunid Emirate,0.1,55.1548,25.2038
1200,territory:Uyunid Emirate:1227,Uyunid Emirate,0.2,55.1466,25.2041
1200,territory:Uyunid Emirate:1227,Uyunid Emirate,0.1,55.1492,25.2039
1200,territory:Uyunid Emirate:1227,Uyunid Emirate,0.1,55.1583,25.2055
1200,territory:Uyunid Emirate:1227,Uyunid Emirate,0.2,55.1556,25.2056
1200,territory:Uyunid Emirate:1227,Uyunid Emirate,0.2,55.1464,25.2067
1200,territory:Uyunid Emirate:1227,Uyunid Emirate,0.2,55.1534,25.2067
1200,territory:Uyunid Emirate:1227,Uyunid Emirate,0.2,55.1497,25.2069
1200,territory:Uyunid Emirate:1227,Uyunid Emirate,0.2,55.1592,25.2076
1200,territory:Uyunid Emirate:1169,Uyunid Emirate,0.4,55.1751,25.2073
1200,territory:Uyunid Emirate:1227,Uyunid Emirate,0.2,55.1566,25.2082
1200,territory:Uyunid Emirate:1169,Uyunid Emirate,0.1,55.1831,25.2079
1200,territory:Uyunid Emirate:1227,Uyunid Emirate,0.2,55.1517,25.2088
1200,territory:Uyunid Emirate:1169,Uyunid Emirate,0.2,55.1802,25.209
1200,territory:Uyunid Emirate:1227,Uyunid Emirate,0.1,55.1456,25.2087
1200,territory:Uyunid Emirate:1169,Uyunid Emirate,0.2,55.1734,25.2093
1200,territory:Uyunid Emirate:1169,Uyunid Emirate,0.2,55.1771,25.2092
1200,territory:Uyunid Emirate:1227,Uyunid Emirate,0.1,55.1517,25.2104
1200,territory:Uyunid Emirate:1227,Uyunid Emirate,0.2,55.1486,25.2104
1200,territory:Uyunid Emirate:1169,Uyunid Emirate,0.1,55.1848,25.2108
1200,territory:Uyunid Emirate:1227,Uyunid Emirate,0.1,55.1461,25.2111
1200,territory:Uyunid Emirate:1169,Uyunid Emirate,0.2,55.1705,25.2103
1200,territory:Uyunid Emirate:1169,Uyunid Emirate,0.1,55.1826,25.2113
1200,territory:Uyunid Emirate:1169,Uyunid Emirate,0.2,55.175,25.2114
1200,territory:Uyunid Emirate:1169,Uyunid Emirate,0.1,55.1807,25.2126
1200,territory:Uyunid Emirate:1169,Uyunid Emirate,0.2,55.1846,25.2131
1200,territory:Uyunid Emirate:1169,Uyunid Emirate,0.2,55.172,25.2132
1200,territory:Uyunid Emirate:1169,Uyunid Emirate,0.2,55.1778,25.2132
1200,territory:Uyunid Emirate:1227,Uyunid Emirate,0.5,55.1567,25.2135
1200,territory:Uyunid Emirate:1227,Uyunid Emirate,0.2,55.154,25.214
1200,territory:Uyunid Emirate:1169,Uyunid Emirate,0.3,55.1681,25.214
1200,territory:Uyunid Emirate:1169,Uyunid Emirate,0.1,55.1757,25.2145
1200,territory:Uyunid Emirate:1169,Uyunid Emirate,0.1,55.1815,25.2144
1200,territory:Uyunid Emirate:1227,Uyunid Emirate,0.3,55.1461,25.2149
1200,territory:Uyunid Emirate:1169,Uyunid Emirate,0.1,55.1831,25.2151
1200,territory:Uyunid Emirate:1169,Uyunid Emirate,0.1,55.1781,25.2154
1200,territory:Uyunid Emirate:1227,Uyunid Emirate,0.2,55.151,25.2155
1200,territory:Uyunid Emirate:1169,Uyunid Emirate,0.4,55.1637,25.2158
1200,territory:Uyunid Emirate:1227,Uyunid Emirate,0.1,55.1445,25.2156
1200,territory:Uyunid Emirate:1227,Uyunid Emirate,0.1,55.1519,25.2164
1200,territory:Uyunid Emirate:1227,Uyunid Emirate,0.2,55.1555,25.2166
1200,territory:Uyunid Emirate:1169,Uyunid Emirate,0.1,55.1813,25.2168
1200,territory:Uyunid Emirate:1227,Uyunid Emirate,0.2,55.1487,25.2162
1200,territory:Uyunid Emirate:1169,Uyunid Emirate,0.1,55.1753,25.2167
1200,territory:Uyunid Emirate:1169,Uyunid Emirate,0.2,55.1681,25.2169
1200,territory:Uyunid Emirate:1169,Uyunid Emirate,0.1,55.1705,25.2163
1200,territory:Uyunid Emirate:1169,Uyunid Emirate,0.1,55.1771,25.2166
1200,territory:Uyunid Emirate:1227,Uyunid Emirate,0.1,55.1533,25.2173
1200,territory:Uyunid Emirate:1169,Uyunid Emirate,0.1,55.1646,25.2174
1200,territory:Uyunid Emirate:1169,Uyunid Emirate,0.1,55.1721,25.2177
1200,territory:Uyunid Emirate:1227,Uyunid Emirate,0.1,55.146,25.2177
1200,territory:Uyunid Emirate:1169,Uyunid Emirate,0.2,55.1838,25.2181
1200,territory:Uyunid Emirate:1169,Uyunid Emirate,0.2,55.1881,25.2185
1200,territory:Uyunid Emirate:1169,Uyunid Emirate,0.1,55.1708,25.2184
1200,territory:Uyunid Emirate:1227,Uyunid Emirate,0.1,55.1497,25.2188
1200,territory:Uyunid Emirate:1169,Uyunid Emirate,0.1,55.1676,25.2182
1200,territory:Uyunid Emirate:1227,Uyunid Emirate,0.5,55.1399,25.2059
1200,territory:Uyunid Emirate:1227,Uyunid Emirate,0.1,55.1523,25.2189
1200,territory:Uyunid Emirate:1227,Uyunid Emirate,0.2,55.1555,25.2192
1200,territory:Uyunid Emirate:1169,Uyunid Emirate,0.0,55.1902,25.2191
1200,territory:Uyunid Emirate:1169,Uyunid Emirate,0.3,55.1795,25.2197
1200,territory:Uyunid Emirate:1169,Uyunid Emirate,0.1,55.1696,25.2193
1200,territory:Uyunid Emirate:1169,Uyunid Emirate,0.2,55.1762,25.2198
1200,territory:Uyunid Emirate:1169,Uyunid Emirate,0.1,55.1886,25.22
1200,territory:Uyunid Emirate:1169,Uyunid Emirate,0.2,55.1819,25.2196
1200,territory:Uyunid Emirate:1169,Uyunid Emirate,0.1,55.1779,25.2198
1200,territory:Uyunid Emirate:1169,Uyunid Emirate,0.1,55.1747,25.22
1200,territory:Uyunid Emirate:1227,Uyunid Emirate,0.1,55.1509,25.2203
1200,territory:Uyunid Emirate:1227,Uyunid Emirate,0.2,55.1468,25.2204
1200,territory:Uyunid Emirate:1169,Uyunid Emirate,0.2,55.1665,25.221
1200,territory:Uyunid Emirate:1227,Uyunid Emirate,0.1,55.1455,25.2209
1200,territory:Uyunid Emirate:1227,Uyunid Emirate,0.1,55.1484,25.2212
1200,territory:Uyunid Emirate:1227,Uyunid Emirate,0.1,55.1439,25.2214
1200,territory:Uyunid Emirate:1169,Uyunid Emirate,0.2,55.1686,25.2215
1200,territory:Uyunid Emirate:1169,Uyunid Emirate,0.2,55.172,25.221
1200,territory:Uyunid Emirate:1169,Uyunid Emirate,0.1,55.1769,25.2218
1200,territory:Uyunid Emirate:1169,Uyunid Emirate,0.1,55.1746,25.2221
1200,territory:Uyunid Emirate:1169,Uyunid Emirate,0.2,55.1813,25.2219
1200,territory:Uyunid Emirate:1227,Uyunid Emirate,0.2,55.1529,25.2217
1200,territory:Uyunid Emirate:1169,Uyunid Emirate,0.2,55.1695,25.2237
1200,territory:Uyunid Emirate:1227,Uyunid Emirate,0.1,55.1495,25.2234
1200,territory:Uyunid Emirate:1169,Uyunid Emirate,0.4,55.1628,25.2231
1200,territory:Uyunid Emirate:1169,Uyunid Emirate,0.1,55.1733,25.2237
1200,territory:Uyunid Emirate:1169,Uyunid Emirate,0.3,55.1876,25.2237
1200,territory:Uyunid Emirate:1227,Uyunid Emirate,0.1,55.1469,25.2246
1200,territory:Uyunid Emirate:1169,Uyunid Emirate,0.2,55.1781,25.2242
1200,territory:Uyunid Emirate:1169,Uyunid Emirate,0.2,55.1918,25.225
1200,territory:Uyunid Emirate:1227,Uyunid Emirate,0.2,55.1432,25.2245
1200,territory:Uyunid Emirate:1169,Uyunid Emirate,0.2,55.1754,25.2252
1200,territory:Uyunid Emirate:1169,Uyunid Emirate,0.2,55.184,25.2242
1200,territory:Uyunid Emirate:1169,Uyunid Emirate,0.1,55.1814,25.225
1200,territory:Uyunid Emirate:1169,Uyunid Emirate,0.2,55.1894,25.2257
1200,territory:Uyunid Emirate:1169,Uyunid Emirate,0.1,55.1853,25.2255
1200,territory:Uyunid Emirate:1169,Uyunid Emirate,0.1,55.1708,25.2254
1200,territory:Uyunid Emirate:1169,Uyunid Emirate,0.3,55.1651,25.2266
1200,territory:Uyunid Emirate:1227,Uyunid Emirate,0.2,55.1485,25.2265
1200,territory:Uyunid Emirate:1169,Uyunid Emirate,0.2,55.1661,25.2248
1200,territory:Uyunid Emirate:1169,Uyunid Emirate,0.2,55.1778,25.2271
1200,territory:Uyunid Emirate:1169,Uyunid Emirate,0.1,55.189,25.2273
1200,territory:Uyunid Emirate:1169,Uyunid Emirate,0.2,55.1623,25.227
1200,territory:Uyunid Emirate:1169,Uyunid Emirate,0.2,55.1729,25.2269
1200,territory:Uyunid Emirate:1169,Uyunid Emirate,0.1,55.1801,25.2273
1200,territory:Uyunid Emirate:1169,Uyunid Emirate,0.1,55.175,25.2274
1200,territory:Uyunid Emirate:1169,Uyunid Emirate,0.2,55.1831,25.228
1200,territory:Uyunid Emirate:1169,Uyunid Emirate,0.2,55.1864,25.2283
1200,territory:Uyunid Emirate:1169,Uyunid Emirate,0.2,55.1698,25.2291
1200,territory:Uyunid Emirate:1169,Uyunid Emirate,0.1,55.1808,25.2292
1200,territory:Uyunid Emirate:1169,Uyunid Emirate,0.2,55.1732,25.2296
1200,territory:Uyunid Emirate:1169,Uyunid Emirate,0.2,55.1869,25.2305
1200,territory:Uyunid Emirate:1169,Uyunid Emirate,0.3,55.1773,25.2302
1200,territory:Uyunid Emirate:1169,Uyunid Emirate,0.2,55.1841,25.2305
1200,territory:Uyunid Emirate:1169,Uyunid Emirate,0.1,55.1713,25.2306
1200,territory:Uyunid Emirate:1169,Uyunid Emirate,0.1,55.1807,25.2309
1200,territory:Uyunid Emirate:1169,Uyunid Emirate,0.2,55.1896,25.2308
1200,territory:Uyunid Emirate:1169,Uyunid Emirate,0.2,55.1673,25.2298
1200,territory:Uyunid Emirate:1169,Uyunid Emirate,0.2,55.1647,25.2317
1200,territory:Uyunid Emirate:1169,Uyunid Emirate,0.1,55.1874,25.2321
1200,territory:Uyunid Emirate:1169,Uyunid Emirate,0.2,55.1742,25.232
1200,territory:Uyunid Emirate:1169,Uyunid Emirate,0.1,55.19,25.2326
1200,territory:Uyunid Emirate:1169,Uyunid Emirate,0.1,55.1875,25.2335
1200,territory:Uyunid Emirate:1169,Uyunid Emirate,0.2,55.1822,25.2333
1200,territory:Uyunid Emirate:1169,Uyunid Emirate,0.1,55.191,25.2341
1200,territory:Uyunid Emirate:1169,Uyunid Emirate,0.1,55.1761,25.2337
1200,territory:Uyunid Emirate:1169,Uyunid Emirate,0.2,55.1711,25.234
1200,territory:Uyunid Emirate:1169,Uyunid Emirate,0.2,55.1843,25.234
1200,territory:Uyunid Emirate:1169,Uyunid Emirate,0.1,55.1791,25.2352
1200,territory:Uyunid Emirate:1169,Uyunid Emirate,0.2,55.1689,25.2348
1200,territory:Uyunid Emirate:1169,Uyunid Emirate,0.3,55.1631,25.2345
1200,territory:Uyunid Emirate:1169,Uyunid Emirate,0.2,55.186,25.2361
1200,territory:Uyunid Emirate:1169,Uyunid Emirate,0.1,55.1825,25.2362
1200,territory:Uyunid Emirate:1169,Uyunid Emirate,0.3,55.176,25.237
1200,territory:Uyunid Emirate:1169,Uyunid Emirate,0.1,55.1787,25.2374
1200,territory:Uyunid Emirate:1169,Uyunid Emirate,0.2,55.1732,25.2374
1200,territory:Uyunid Emirate:1169,Uyunid Emirate,0.2,55.1692,25.2379
1200,territory:Uyunid Emirate:1169,Uyunid Emirate,0.1,55.1752,25.2391
1200,territory:Uyunid Emirate:1169,Uyunid Emirate,0.2,55.1798,25.2393
1200,territory:Uyunid Emirate:1169,Uyunid Emirate,0.2,55.1842,25.239
1200,territory:Uyunid Emirate:1169,Uyunid Emirate,0.2,55.1775,25.24
1200,territory:Uyunid Emirate:1169,Uyunid Emirate,0.3,55.1896,25.2388
1200,territory:Uyunid Emirate:1169,Uyunid Emirate,0.3,55.1658,25.2391
1200,territory:Uyunid Emirate:1169,Uyunid Emirate,0.1,55.1806,25.2406
1200,territory:Uyunid Emirate:1169,Uyunid Emirate,0.2,55.1863,25.2413
1200,territory:Uyunid Emirate:1169,Uyunid Emirate,0.5,55.1979,25.2404
1200,territory:Uyunid Emirate:1169,Uyunid Emirate,0.2,55.1678,25.2418
1200,territory:Uyunid Emirate:1169,Uyunid Emirate,0.1,55.1816,25.2419
1200,territory:Uyunid Emirate:1169,Uyunid Emirate,0.3,55.1722,25.241
1200,territory:Uyunid Emirate:1169,Uyunid Emirate,0.2,55.1783,25.2422
1200,territory:Uyunid Emirate:1169,Uyunid Emirate,0.1,55.187,25.2426
1200,territory:Uyunid Emirate:1169,Uyunid Emirate,0.2,55.1837,25.243
1200,territory:Uyunid Emirate:1169,Uyunid Emirate,0.2,55.175,25.2424
1200,territory:Uyunid Emirate:1169,Uyunid Emirate,0.1,55.1735,25.244
1200,territory:Uyunid Emirate:1169,Uyunid Emirate,0.1,55.1792,25.2442
1200,territory:Uyunid Emirate:1169,Uyunid Emirate,0.1,55.1862,25.2444
1200,territory:Uyunid Emirate:1227,Uyunid Emirate,0.6,55.1319,25.2177
1200,territory:Uyunid Emirate:1169,Uyunid Emirate,0.3,55.1825,25.2471
1200,territory:Uyunid Emirate:1169,Uyunid Emirate,0.3,55.1747,25.2486
1200,territory:Uyunid Emirate:1227,Uyunid Emirate,1.1,55.1571,25.25
1200,territory:Great Seljuk Empire:1192,셀주크 제국,23.4,55.3051,26.269
1200,territory:Mamluk Sultanate:1294,맘루크 술탄국,3.7,35.7657,27.1078
1200,territory:Byzantine Empire:1202,비잔티움 제국,14.2,25.7058,34.8736
1200,territory:Byzantine Empire:1202,비잔티움 제국,11.1,26.1363,34.9346
1200,territory:Marinid Sultanate:1250,마린 술탄국,6.0,-2.4427,35.178
1200,territory:Marinid Sultanate:1250,마린 술탄국,1.6,-2.4216,35.1796
1200,territory:Marinid Sultanate:1250,마린 술탄국,0.7,-2.4313,35.1837
1200,territory:Almohad Caliphate:1285,무와히드 칼리프국,0.7,-3.9025,35.2154
1200,territory:Almohad Caliphate:1285,무와히드 칼리프국,0.2,-3.9006,35.2175
1200,territory:Byzantine Empire:1202,비잔티움 제국,9.8,25.2147,35.4461
1200,territory:Marinid Sultanate:1250,마린 술탄국,5.8,-5.4186,35.9126
1200,territory:Mongol Empire:1285,몽골 제국,6.1,29.6571,36.1342
1200,territory:Ilkhanate:1294,일 칸국,6.6,29.7467,36.1286
1200,territory:Sultanate of Rum:1227,Sultanate of Rum,4.0,29.4966,36.157
1200,territory:Mongol Empire:1285,몽골 제국,5.3,29.5849,36.143
1200,territory:Armenian Kingdom of Cilicia:1250,Armenian Kingdom of Cilicia,5.2,33.7804,36.1762
1200,territory:Sultanate of Rum:1227,Sultanate of Rum,1.7,29.8792,36.1835
1200,territory:Byzantine Empire:1202,비잔티움 제국,4.5,22.9586,36.4866
1200,territory:Ilkhanate:1294,일 칸국,4.7,28.1257,36.5989
1200,territory:Mongol Empire:1279,몽골 제국,7.7,28.9183,36.6684
1200,territory:Nicaean Empire:1250,Nicaean Empire,1.6,27.1401,36.9429
1200,territory:Byzantine Empire:1192,비잔티움 제국,18.7,27.4647,36.9758
1200,territory:Nicaean Empire:1250,Nicaean Empire,9.3,27.0912,37.0593
1200,territory:House of Anjou-Sicily:1279,House of Anjou-Sicily,8.3,21.5492,37.0489
1200,territory:Hafsid Dynasty:1294,Hafsid Dynasty,11.8,10.8032,37.1291
1200,territory:Nicaean Empire:1206,Nicaean Empire,13.2,27.0892,37.2864
1200,territory:Latin Empire:1236,Latin Empire,28.5,26.757,37.3005
1200,territory:Latin Empire:1236,Latin Empire,5.3,26.7337,37.387
1200,territory:Latin Empire:1236,Latin Empire,14.3,26.9735,37.4605
1200,territory:Byzantine Empire:1279,비잔티움 제국,26.6,23.9273,37.4756
1200,territory:Almohad Caliphate:1206,무와히드 칼리프국,35.1,8.9372,37.5288
1200,territory:Nicaean Empire:1206,Nicaean Empire,0.2,27.1646,37.5786
1200,territory:Nicaean Empire:1260,Nicaean Empire,9.9,26.4286,37.5831
1200,territory:Nicaean Empire:1260,Nicaean Empire,4.9,26.5115,37.5906
1200,territory:Byzantine Empire:1279,비잔티움 제국,14.3,23.948,37.6486
1200,territory:Byzantine Empire:1279,비잔티움 제국,7.9,24.1228,37.7016
1200,territory:Byzantine Empire:1192,비잔티움 제국,10.8,23.7592,37.769
1200,territory:Byzantine Empire:1192,비잔티움 제국,21.0,24.2583,38.0038
1200,territory:Nicaean Empire:1260,Nicaean Empire,4.0,26.3417,38.4391
1200,territory:Nicaean Empire:1260,Nicaean Empire,5.0,26.2841,38.5035
1200,territory:Nicaean Empire:1260,Nicaean Empire,0.2,26.2288,38.5215
1200,territory:Byzantine Empire:1202,비잔티움 제국,11.4,26.7121,38.5036
1200,territory:Nicaean Empire:1260,Nicaean Empire,26.9,25.5105,38.541
1200,territory:Byzantine Empire:1279,비잔티움 제국,2.1,24.358,38.8379
1200,territory:Byzantine Empire:1279,비잔티움 제국,22.2,24.1084,39.0785
1200,territory:Despotate of Epirus:1272,Despotate of Epirus,19.3,20.2293,39.1444
1200,territory:Byzantine Empire:1279,비잔티움 제국,27.6,24.322,39.3498
1200,territory:Kingdom of Portugal:1188,Kingdom of Portugal,8.3,-9.5086,39.4157
1200,territory:Byzantine Empire:1279,비잔티움 제국,13.2,24.1686,39.3946
1200,territory:House of Anjou-Sicily:1279,House of Anjou-Sicily,18.9,19.5232,39.7704
1200,territory:House of Anjou-Sicily:1279,House of Anjou-Sicily,11.3,19.3991,39.85
1200,territory:House of Anjou-Sicily:1279,House of Anjou-Sicily,10.4,19.5814,39.8853
1200,territory:Kingdom of Thessalonica:1210,Kingdom of Thessalonica,9.6,23.9066,40.3248
1200,territory:Despotate of Epirus:1236,Despotate of Epirus,8.5,19.2804,40.4934
1200,territory:Kingdom of Sicily:1147,Kingdom of Sicily,20.0,14.2279,40.5502
1200,territory:Nicaean Empire:1260,Nicaean Empire,13.0,28.5278,40.5314
1200,territory:Kingdom of Sicily:1147,Kingdom of Sicily,12.2,14.0141,40.7542
1200,territory:Byzantine Empire:1279,비잔티움 제국,3.4,29.1137,40.8508
1200,territory:Papal States:1279,Papal States,34.0,12.9551,40.9106
1200,territory:Papal States:1279,Papal States,7.9,12.8559,40.9364
1200,territory:Papal States:1279,Papal States,6.3,13.0567,40.9706
1200,territory:Kingdom of France:1220,프랑스 왕국,23.3,9.4058,41.197
1200,territory:Kingdom of France:1220,프랑스 왕국,8.4,9.1478,41.2395
1200,territory:Kingdom of France:1220,프랑스 왕국,5.9,9.3416,41.2427
1200,territory:Kingdom of France:1220,프랑스 왕국,2.6,9.3419,41.2833
1200,territory:Kingdom of France:1220,프랑스 왕국,1.9,9.3712,41.299
1200,territory:Kingdom of France:1220,프랑스 왕국,1.3,9.3411,41.3022
1200,territory:Kingdom of France:1220,프랑스 왕국,6.1,9.2528,41.3366
1200,territory:Kingdom of France:1220,프랑스 왕국,2.1,9.2576,41.367
1200,territory:Kingdom of Sicily:1272,Kingdom of Sicily,15.1,15.4859,42.1105
1200,territory:Holy Roman Empire Minor States:1260,신성로마제국 소국,19.6,11.0983,42.2489
1200,territory:Kingdom of Serbia:1192,Kingdom of Serbia,6.1,17.8807,42.7268
1200,territory:Holy Roman Empire:1206,신성로마제국,11.6,6.46,43.03
1200,territory:Kingdom of Hungary:1192,헝가리 왕국,36.7,16.6998,43.0909
1200,territory:Kingdom of Hungary:1294,헝가리 왕국,22.0,16.1436,43.4401
1200,territory:Capetian House of Anjou:1260,Capetian House of Anjou,3.2,7.0471,43.5205
1200,territory:Kingdom of Hungary:1279,헝가리 왕국,14.2,15.8502,43.6851
1200,territory:Kingdom of Hungary:1279,헝가리 왕국,9.9,15.7006,43.6957
1200,territory:Kingdom of Hungary:1279,헝가리 왕국,8.6,15.6076,43.8011
1200,territory:Kingdom of Hungary:1294,헝가리 왕국,22.1,15.1114,44.0403
1200,territory:Kingdom of Hungary:1294,헝가리 왕국,8.9,15.0669,44.3058
1200,territory:Kingdom of Hungary:1294,헝가리 왕국,23.4,14.6928,44.3826
1200,territory:Kingdom of Hungary:1294,헝가리 왕국,8.7,14.9181,44.4305
1200,territory:Mongol Empire:1279,몽골 제국,33.6,47.4991,44.4544
1200,territory:Kingdom of Hungary:1294,헝가리 왕국,30.0,14.2998,44.5093
1200,territory:Kimek-Kipchak confederation:1220,키메크·킵차크,13.6,50.5832,44.7962
1200,territory:Holy Roman Empire Minor States:1272,신성로마제국 소국,14.2,13.7642,44.9064
1200,territory:Kingdom of Hungary:1192,헝가리 왕국,3.1,14.7948,44.9131
1200,territory:Kingdom of Hungary:1192,헝가리 왕국,15.6,14.5204,44.9729
1200,territory:Holy Roman Empire Minor States:1260,신성로마제국 소국,17.8,12.4021,45.4588
1200,territory:Mongol Empire:1279,몽골 제국,18.0,48.5803,45.714
1200,territory:Mongol Empire:1279,몽골 제국,19.7,52.9954,46.4123
1200,territory:Angevin Empire:1202,앙주 제국,10.2,-1.8312,48.8713
1200,territory:Kingdom of France:1260,프랑스 왕국,34.3,-2.4514,49.4704
1200,territory:Kingdom of England:1216,Kingdom of England,38.5,-6.2958,49.9651
1200,territory:Kingdom of England:1216,Kingdom of England,1.5,-5.2937,51.7333
1200,territory:Kingdom of England:1279,Kingdom of England,5.6,-5.3412,51.8667
1200,territory:Kingdom of England:1294,Kingdom of England,2.8,-4.7907,52.7586
1200,territory:Kingdom of Sweden:1294,스웨덴 왕국,5.3,16.5981,57.1083
1200,territory:Kingdom of Sweden:1294,스웨덴 왕국,2.1,16.5467,57.1613
1200,territory:Kingdom of Sweden:1294,스웨덴 왕국,2.3,16.7921,57.2514
1200,territory:Kingdom of Sweden:1220,스웨덴 왕국,0.9,16.6966,57.5139
1200,territory:Kingdom of Sweden:1294,스웨덴 왕국,2.3,16.6976,57.6001
1200,territory:Kingdom of Sweden:1294,스웨덴 왕국,1.5,11.7572,57.6425
1200,territory:Kingdom of Sweden:1294,스웨덴 왕국,2.8,11.6462,57.7039
1200,territory:Kingdom of Sweden:1294,스웨덴 왕국,1.7,16.7464,57.8285
1200,territory:Kingdom of Sweden:1294,스웨덴 왕국,5.2,11.6046,57.8729
1200,territory:Teutonic Order:1250,Teutonic Order,3.6,22.5049,58.1466
1200,territory:Kingdom of Sweden:1294,스웨덴 왕국,5.1,16.926,58.1921
1200,territory:Kingdom of Sweden:1294,스웨덴 왕국,5.8,17.0189,58.2592
1200,territory:Kingdom of Sweden:1294,스웨덴 왕국,3.0,16.9173,58.2559
1200,territory:Kingdom of Sweden:1294,스웨덴 왕국,7.1,16.9621,58.4248
1200,territory:Kingdom of Sweden:1294,스웨덴 왕국,3.5,16.9741,58.4937
1200,territory:Kingdom of Sweden:1294,스웨덴 왕국,2.2,16.9203,58.5145
1200,territory:Kingdom of Sweden:1220,스웨덴 왕국,1.7,17.4723,58.7121
1200,territory:Kingdom of Sweden:1294,스웨덴 왕국,6.3,17.8633,58.7523
1200,territory:Kingdom of Sweden:1294,스웨덴 왕국,2.1,17.6333,58.8252
1200,territory:Kingdom of Sweden:1294,스웨덴 왕국,0.9,17.7137,58.846
1200,territory:Kingdom of Sweden:1220,스웨덴 왕국,6.5,18.1206,58.8744
1200,territory:Kingdom of Sweden:1294,스웨덴 왕국,0.9,17.8359,58.8469
1200,territory:Old Kingdom of Norway:1272,노르웨이 왕국,4.9,11.024,58.8902
1200,territory:Kingdom of Sweden:1220,스웨덴 왕국,2.8,18.1769,58.9225
1200,territory:Kingdom of Sweden:1294,스웨덴 왕국,0.5,18.1634,59.048
1200,territory:Kingdom of Sweden:1220,스웨덴 왕국,7.3,18.5239,59.0442
1200,territory:Old Kingdom of Norway:1272,노르웨이 왕국,4.9,10.942,59.0557
1200,territory:Kingdom of Sweden:1220,스웨덴 왕국,3.8,18.6039,59.0926
1200,territory:Kingdom of Sweden:1220,스웨덴 왕국,6.8,18.7421,59.1029
1200,territory:Old Kingdom of Norway:1272,노르웨이 왕국,5.5,10.4284,59.09
1200,territory:Kingdom of Sweden:1220,스웨덴 왕국,2.0,18.5849,59.1282
1200,territory:Kingdom of Sweden:1220,스웨덴 왕국,4.0,18.646,59.1804
1200,territory:Old Kingdom of Norway:1272,노르웨이 왕국,7.0,5.8405,59.1689
1200,territory:Old Kingdom of Norway:1272,노르웨이 왕국,6.0,10.5501,59.2144
1200,territory:Kingdom of Sweden:1294,스웨덴 왕국,0.8,18.4195,59.2161
1200,territory:Kingdom of Sweden:1220,스웨덴 왕국,3.4,18.6035,59.2298
1200,territory:Kingdom of Sweden:1220,스웨덴 왕국,13.0,18.9162,59.2823
1200,territory:Kingdom of Sweden:1220,스웨덴 왕국,1.7,18.8758,59.3068
1200,territory:Old Kingdom of Norway:1272,노르웨이 왕국,17.9,4.8822,59.3069
1200,territory:Kingdom of Sweden:1220,스웨덴 왕국,1.5,18.8871,59.3387
1200,territory:Old Kingdom of Norway:1272,노르웨이 왕국,1.1,10.5262,59.3817
1200,territory:Kingdom of Sweden:1220,스웨덴 왕국,6.7,19.0195,59.4171
1200,territory:Kingdom of Sweden:1220,스웨덴 왕국,3.5,18.9549,59.4085
1200,territory:Kingdom of Sweden:1220,스웨덴 왕국,11.0,19.2156,59.4382
1200,territory:Kingdom of Sweden:1220,스웨덴 왕국,16.1,19.5055,59.4435
1200,territory:Kingdom of Sweden:1220,스웨덴 왕국,3.8,18.6869,59.4508
1200,territory:Kingdom of Sweden:1220,스웨덴 왕국,2.6,18.7794,59.4736
1200,territory:Kingdom of Sweden:1220,스웨덴 왕국,3.8,19.1665,59.4974
1200,territory:Kingdom of Sweden:1220,스웨덴 왕국,7.6,19.0477,59.5703
1200,territory:Kingdom of Sweden:1220,스웨덴 왕국,4.8,19.1661,59.592
1200,territory:Kingdom of Sweden:1220,스웨덴 왕국,3.7,19.2459,59.6048
1200,territory:Kingdom of Sweden:1220,스웨덴 왕국,3.7,19.0363,59.6447
1200,territory:Kingdom of Sweden:1220,스웨덴 왕국,3.6,19.1388,59.656
1200,territory:Kingdom of Sweden:1220,스웨덴 왕국,1.8,19.1871,59.6649
1200,territory:Kingdom of Sweden:1220,스웨덴 왕국,0.9,19.1625,59.6757
1200,territory:Kingdom of Sweden:1294,스웨덴 왕국,1.2,18.8733,59.6667
1200,territory:Kingdom of Sweden:1220,스웨덴 왕국,9.9,19.4044,59.7065
1200,territory:Kingdom of Sweden:1220,스웨덴 왕국,4.5,19.13,59.7496
1200,territory:Kingdom of Sweden:1250,스웨덴 왕국,7.1,22.9429,59.7718
1200,territory:Kingdom of Sweden:1220,스웨덴 왕국,2.2,19.179,59.7759
1200,territory:Kingdom of Sweden:1220,스웨덴 왕국,1.9,19.0911,59.7844
1200,territory:Kingdom of Sweden:1294,스웨덴 왕국,10.2,22.3227,59.8161
1200,territory:Kingdom of Sweden:1294,스웨덴 왕국,3.2,23.5651,59.8251
1200,territory:Kingdom of Sweden:1250,스웨덴 왕국,36.2,21.6032,59.826
1200,territory:Kingdom of Sweden:1294,스웨덴 왕국,13.0,19.9212,59.8387
1200,territory:Kingdom of Sweden:1294,스웨덴 왕국,3.6,22.3897,59.8495
1200,territory:Kingdom of Sweden:1294,스웨덴 왕국,13.1,22.0833,59.8606
1200,territory:Kingdom of Sweden:1220,스웨덴 왕국,3.2,19.1182,59.8457
1200,territory:Kingdom of Denmark:1285,Kingdom of Denmark,18.7,27.1957,59.8516
1200,territory:Kingdom of Sweden:1294,스웨덴 왕국,6.3,21.9551,59.8642
1200,territory:Kingdom of Sweden:1294,스웨덴 왕국,5.2,22.1905,59.8716
1200,territory:Kingdom of Sweden:1294,스웨덴 왕국,5.6,22.4998,59.887
1200,territory:Kingdom of Sweden:1294,스웨덴 왕국,1.0,22.5477,59.9032
1200,territory:Kingdom of Sweden:1250,스웨덴 왕국,7.8,21.4616,59.9088
1200,territory:Kingdom of Sweden:1294,스웨덴 왕국,3.4,22.3672,59.9148
1200,territory:Kingdom of Sweden:1294,스웨덴 왕국,9.4,21.7898,59.9208
1200,territory:Kingdom of Sweden:1294,스웨덴 왕국,2.4,22.467,59.9296
1200,territory:Kingdom of Sweden:1294,스웨덴 왕국,2.6,22.5718,59.9503
1200,territory:Kingdom of Sweden:1250,스웨덴 왕국,6.8,21.6101,59.9535
1200,territory:Kingdom of Sweden:1294,스웨덴 왕국,2.4,22.6298,59.9496
1200,territory:Kingdom of Sweden:1294,스웨덴 왕국,1.7,22.3488,59.9468
1200,territory:Kingdom of Sweden:1294,스웨덴 왕국,1.4,21.7721,59.9533
1200,territory:Kingdom of Sweden:1250,스웨덴 왕국,9.6,21.2948,59.9762
1200,territory:Kingdom of Sweden:1294,스웨덴 왕국,1.7,22.529,59.9716
1200,territory:Kingdom of Sweden:1294,스웨덴 왕국,2.2,22.4133,59.9527
1200,territory:Kingdom of Sweden:1294,스웨덴 왕국,0.8,22.6222,59.9767
1200,territory:Kingdom of Sweden:1294,스웨덴 왕국,0.9,22.3536,59.98
1200,territory:Old Kingdom of Norway:1272,노르웨이 왕국,1.0,5.1569,59.9894
1200,territory:Kingdom of Sweden:1250,스웨덴 왕국,24.0,20.859,60.0214
1200,territory:Kingdom of Sweden:1294,스웨덴 왕국,3.4,19.9984,60.0206
1200,territory:Kingdom of Sweden:1250,스웨덴 왕국,6.6,21.4654,60.0297
1200,territory:Mongol Empire:1279,몽골 제국,6.1,28.3746,60.0212
1200,territory:Kingdom of Sweden:1250,스웨덴 왕국,0.7,22.9408,60.0284
1200,territory:Kingdom of Sweden:1294,스웨덴 왕국,15.9,20.3813,60.0422
1200,territory:Kingdom of Sweden:1250,스웨덴 왕국,3.4,20.81,60.0699
1200,territory:Kingdom of Sweden:1250,스웨덴 왕국,5.7,21.3668,60.0742
1200,territory:Kingdom of Sweden:1294,스웨덴 왕국,2.2,20.3403,60.0752
1200,territory:Kingdom of Sweden:1250,스웨덴 왕국,4.1,20.7228,60.0845
1200,territory:Kingdom of Sweden:1294,스웨덴 왕국,8.0,20.5313,60.1023
1200,territory:Old Kingdom of Norway:1272,노르웨이 왕국,5.3,5.0621,60.1267
1200,territory:Kingdom of Sweden:1250,스웨덴 왕국,13.3,21.0776,60.1411
1200,territory:Kingdom of Sweden:1285,스웨덴 왕국,1.6,25.0464,60.1435
1200,territory:Kingdom of Sweden:1285,스웨덴 왕국,10.3,22.1219,60.1506
1200,territory:Kingdom of Sweden:1294,스웨덴 왕국,11.1,21.863,60.1469
1200,territory:Kingdom of Sweden:1285,스웨덴 왕국,2.4,22.2661,60.1475
1200,territory:Kingdom of Sweden:1294,스웨덴 왕국,4.5,20.2981,60.1567
1200,territory:Kingdom of Sweden:1250,스웨덴 왕국,5.2,21.3055,60.158
1200,territory:Kingdom of Sweden:1294,스웨덴 왕국,3.5,20.5934,60.1644
1200,territory:Old Kingdom of Norway:1272,노르웨이 왕국,2.5,5.3205,60.1579
1200,territory:Kingdom of Sweden:1294,스웨덴 왕국,1.3,20.335,60.1658
1200,territory:Kingdom of Sweden:1285,스웨덴 왕국,1.8,22.227,60.1722
1200,territory:Kingdom of Sweden:1294,스웨덴 왕국,4.0,20.4218,60.1698
1200,territory:Kingdom of Sweden:1285,스웨덴 왕국,1.3,22.1285,60.1819
1200,territory:Kingdom of Sweden:1294,스웨덴 왕국,11.5,21.6324,60.1941
1200,territory:Kingdom of Sweden:1294,스웨덴 왕국,18.3,19.3377,60.195
1200,territory:Kingdom of Sweden:1250,스웨덴 왕국,5.8,21.0002,60.2218
1200,territory:Kingdom of Sweden:1294,스웨덴 왕국,2.2,20.2961,60.2035
1200,territory:Kingdom of Sweden:1294,스웨덴 왕국,7.9,20.7342,60.2351
1200,territory:Kingdom of Sweden:1285,스웨덴 왕국,4.0,22.0675,60.2415
1200,territory:Kingdom of Sweden:1294,스웨덴 왕국,6.9,21.7693,60.255
1200,territory:Kingdom of Sweden:1294,스웨덴 왕국,2.6,21.7044,60.2601
1200,territory:Kingdom of Sweden:1294,스웨덴 왕국,9.1,19.5004,60.2511
1200,territory:Kingdom of Sweden:1294,스웨덴 왕국,2.7,18.6169,60.277
1200,territory:Novgorod Republic:1202,노브고로드 공화국,13.0,27.3084,60.2802
1200,territory:Kingdom of Sweden:1250,스웨덴 왕국,8.2,21.4123,60.278
1200,territory:Kingdom of Sweden:1294,스웨덴 왕국,3.0,21.6511,60.2922
1200,territory:Kingdom of Sweden:1294,스웨덴 왕국,3.5,21.8411,60.2904
1200,territory:Kingdom of Sweden:1294,스웨덴 왕국,7.1,20.5052,60.2881
1200,territory:Kingdom of Sweden:1294,스웨덴 왕국,1.9,21.7152,60.2968
1200,territory:Kingdom of Sweden:1294,스웨덴 왕국,4.3,21.5521,60.2935
1200,territory:Kingdom of Sweden:1250,스웨덴 왕국,4.8,21.0459,60.3016
1200,territory:Kingdom of Sweden:1294,스웨덴 왕국,5.2,20.3941,60.291
1200,territory:Kingdom of Sweden:1250,스웨덴 왕국,2.8,20.9812,60.3154
1200,territory:Kingdom of Sweden:1250,스웨덴 왕국,2.6,20.9207,60.3296
1200,territory:Kingdom of Sweden:1294,스웨덴 왕국,1.9,20.4049,60.3404
1200,territory:Kingdom of Sweden:1250,스웨덴 왕국,2.3,26.2053,60.3332
1200,territory:Kingdom of Sweden:1294,스웨덴 왕국,1.6,20.3613,60.345
1200,territory:Kingdom of Sweden:1250,스웨덴 왕국,5.8,21.1501,60.3504
1200,territory:Kingdom of Sweden:1294,스웨덴 왕국,1.4,20.312,60.3443
1200,territory:Kingdom of Sweden:1294,스웨덴 왕국,3.2,21.6739,60.3523
1200,territory:Kingdom of Sweden:1294,스웨덴 왕국,5.3,19.5864,60.3456
1200,territory:Kingdom of Sweden:1250,스웨덴 왕국,2.5,21.0693,60.349
1200,territory:Kingdom of Sweden:1294,스웨덴 왕국,3.6,26.7688,60.3585
1200,territory:Kingdom of Sweden:1294,스웨덴 왕국,6.6,20.698,60.3661
1200,territory:Kingdom of Sweden:1294,스웨덴 왕국,2.8,21.7566,60.3721
1200,territory:Kingdom of Sweden:1294,스웨덴 왕국,0.5,21.6658,60.3726
1200,territory:Kingdom of Sweden:1250,스웨덴 왕국,1.5,20.9147,60.3746
1200,territory:Kingdom of Sweden:1250,스웨덴 왕국,2.1,20.8687,60.3625
1200,territory:Kingdom of Sweden:1294,스웨덴 왕국,5.0,21.4808,60.3746
1200,territory:Kingdom of Sweden:1294,스웨덴 왕국,4.6,21.3834,60.3871
1200,territory:Kingdom of Sweden:1294,스웨덴 왕국,4.0,20.7698,60.3962
1200,territory:Kingdom of Sweden:1294,스웨덴 왕국,7.4,27.052,60.3881
1200,territory:Kingdom of Sweden:1250,스웨덴 왕국,1.8,20.8443,60.4106
1200,territory:Kingdom of Sweden:1294,스웨덴 왕국,5.1,20.6121,60.4097
1200,territory:Kingdom of Sweden:1250,스웨덴 왕국,2.6,21.0457,60.413
1200,territory:Kingdom of Sweden:1294,스웨덴 왕국,1.4,21.4179,60.4142
1200,territory:Kingdom of Sweden:1250,스웨덴 왕국,3.9,21.2108,60.4117
1200,territory:Kingdom of Sweden:1250,스웨덴 왕국,2.3,20.987,60.4194
1200,territory:Kingdom of Sweden:1294,스웨덴 왕국,4.4,20.2618,60.422
1200,territory:Kingdom of Sweden:1250,스웨덴 왕국,2.6,21.7019,60.4315
1200,territory:Kingdom of Sweden:1250,스웨덴 왕국,3.1,21.6223,60.4329
1200,territory:Novgorod Republic:1188,노브고로드 공화국,0.4,28.4988,60.4054
1200,territory:Kingdom of Sweden:1250,스웨덴 왕국,1.4,21.6571,60.4684
1200,territory:Kingdom of Sweden:1250,스웨덴 왕국,2.9,20.9368,60.4631
1200,territory:Kingdom of Sweden:1250,스웨덴 왕국,3.9,21.056,60.4952
1200,territory:Kingdom of Sweden:1294,스웨덴 왕국,2.2,21.5415,60.503
1200,territory:Kingdom of Sweden:1294,스웨덴 왕국,3.0,18.3856,60.5226
1200,territory:Kingdom of Sweden:1250,스웨덴 왕국,3.5,20.8795,60.5253
1200,territory:Kingdom of Sweden:1250,스웨덴 왕국,1.4,21.0695,60.5254
1200,territory:Kingdom of Sweden:1250,스웨덴 왕국,1.2,21.0459,60.5546
1200,territory:Old Kingdom of Norway:1272,노르웨이 왕국,5.3,4.8827,60.5251
1200,territory:Kingdom of Sweden:1285,스웨덴 왕국,3.7,21.302,60.714
1200,territory:Kingdom of Sweden:1250,스웨덴 왕국,9.3,21.0142,60.726
1200,territory:Kingdom of Sweden:1285,스웨덴 왕국,2.8,21.2642,60.7627
1200,territory:Kingdom of Sweden:1285,스웨덴 왕국,1.2,21.3519,60.7566
1200,territory:Kingdom of Sweden:1285,스웨덴 왕국,0.6,21.2877,60.7679
1200,territory:Old Kingdom of Norway:1272,노르웨이 왕국,13.9,4.72,60.767
1200,territory:Kingdom of Sweden:1220,스웨덴 왕국,0.4,17.3274,60.7961
1200,territory:Kingdom of Sweden:1285,스웨덴 왕국,5.8,21.1481,60.7923
1200,territory:Kingdom of Sweden:1285,스웨덴 왕국,2.0,21.2632,60.8109
1200,territory:Kingdom of Sweden:1285,스웨덴 왕국,2.0,21.3211,60.816
1200,territory:Kingdom of Sweden:1285,스웨덴 왕국,0.5,21.3053,60.8304
1200,territory:Kingdom of Sweden:1250,스웨덴 왕국,5.7,21.024,60.8405
1200,territory:Kingdom of Sweden:1294,스웨덴 왕국,2.2,21.182,60.992
1200,territory:Kingdom of Sweden:1220,스웨덴 왕국,13.3,17.2329,61.0412
1200,territory:Old Kingdom of Norway:1272,노르웨이 왕국,0.1,5.0366,61.1423
1200,territory:Kingdom of Sweden:1220,스웨덴 왕국,6.8,17.315,61.1557
1200,territory:Old Kingdom of Norway:1272,노르웨이 왕국,12.9,4.717,61.3006
1200,territory:Old Kingdom of Norway:1272,노르웨이 왕국,4.4,4.84,61.3465
1200,territory:Kingdom of Sweden:1285,스웨덴 왕국,5.7,21.3475,61.4776
1200,territory:Old Kingdom of Norway:1272,노르웨이 왕국,1.2,4.9439,61.5199
1200,territory:Kingdom of Sweden:1220,스웨덴 왕국,20.7,17.422,61.5487
1200,territory:Kingdom of Sweden:1220,스웨덴 왕국,4.4,17.2797,61.5634
1200,territory:Kingdom of Sweden:1250,스웨덴 왕국,2.4,21.428,61.6228
1200,territory:Old Kingdom of Norway:1272,노르웨이 왕국,3.1,4.8582,61.6119
1200,territory:Old Kingdom of Norway:1272,노르웨이 왕국,3.2,4.8558,61.7787
1200,territory:Ifat Sultanate:1285,Ifat Sultanate,15.7,43.4311,12.472
1200,territory:Rasulid Dynasty:1236,Rasulid Dynasty,37.5,42.944,12.8885
1200,territory:Rasulid Dynasty:1236,Rasulid Dynasty,3.4,42.9293,12.9342
1200,territory:Rasulid Dynasty:1236,Rasulid Dynasty,9.1,42.8494,13.028
1200,territory:Kingdom of England:1236,Kingdom of England,22.4,-9.736,53.236
1200,territory:Kingdom of England:1236,Kingdom of England,4.8,-9.6746,53.2941
1200,territory:Kingdom of England:1236,Kingdom of England,7.8,-9.8554,53.2998
1200,territory:Kingdom of England:1294,Kingdom of England,4.5,-6.0166,53.4833
1200,territory:Holy Roman Empire:1236,신성로마제국,1.9,6.5831,53.5406
1200,territory:Holy Roman Empire:1216,신성로마제국,2.3,6.8907,53.6379
1200,territory:Kingdom of England:1285,Kingdom of England,1.2,-4.8168,54.0522
1200,territory:Kingdom of Denmark:1206,Kingdom of Denmark,7.4,8.6745,54.0609
1200,territory:Kingdom of Denmark:1236,Kingdom of Denmark,2.1,11.537,54.9662
1200,territory:Kingdom of Denmark:1236,Kingdom of Denmark,9.1,15.1923,55.3194
1200,territory:Kingdom of Denmark:1250,Kingdom of Denmark,6.5,12.7593,55.6433
1200,territory:Kingdom of Denmark:1236,Kingdom of Denmark,3.7,10.3102,55.765
1200,territory:Kingdom of Denmark:1236,Kingdom of Denmark,4.0,14.8439,56.0098
1200,territory:Kingdom of Denmark:1236,Kingdom of Denmark,4.8,15.791,56.0247
1200,territory:Kingdom of Denmark:1250,Kingdom of Denmark,1.9,14.9697,56.1178
1200,territory:Kingdom of Denmark:1236,Kingdom of Denmark,0.3,15.4618,56.1105
1200,territory:Almohad Caliphate:1206,무와히드 칼리프국,7.0,1.4455,38.715
1200,territory:Kingdom of France:1210,프랑스 왕국,3.6,-1.2913,45.96
1200,territory:Angevin Empire:1192,앙주 제국,19.1,-2.1105,49.207
1200,territory:Angevin Empire:1192,앙주 제국,29.6,-2.5891,49.4647
1200,territory:Kingdom of England:1216,Kingdom of England,6.1,-6.3488,49.8916
1200,territory:Kingdom of England:1216,Kingdom of England,3.9,-6.3594,49.9531
1200,territory:Holy Roman Empire:1216,신성로마제국,5.0,4.8118,53.0827
1200,territory:Kingdom of England:1250,Kingdom of England,1.5,-10.01,53.9565
1200,territory:Kingdom of Scotland:1294,Kingdom of Scotland,37.8,-6.9297,56.4818
1200,territory:Kingdom of Scotland:1294,Kingdom of Scotland,5.7,-7.4679,56.976
1200,territory:Viking settlements:1028,Viking settlements,9.0,-6.3278,56.974
1200,territory:Kingdom of Scotland:1294,Kingdom of Scotland,2.1,-7.3283,57.4585
1200,territory:Viking settlements:1028,Viking settlements,1.5,-6.763,61.8528
1200,territory:Hafsid Dynasty:1294,Hafsid Dynasty,17.9,10.8766,33.7675
1200,territory:Almohad Caliphate:1206,무와히드 칼리프국,22.6,11.0408,34.6388
1200,territory:Almohad Caliphate:1206,무와히드 칼리프국,7.7,11.1821,34.696
1200,territory:Kingdom of Sicily:1147,Kingdom of Sicily,8.2,13.9058,40.7253
1200,territory:Kingdom of France:1220,프랑스 왕국,38.2,9.7304,40.8665
1200,territory:Kingdom of France:1220,프랑스 왕국,2.5,9.7084,40.9025
1200,territory:Kingdom of France:1220,프랑스 왕국,16.5,9.6009,41.0746
1200,territory:Holy Roman Empire:1241,신성로마제국,7.9,5.348,53.4098
1200,territory:Holy Roman Empire:1188,신성로마제국,7.3,11.1345,54.4735
1200,territory:Kingdom of Denmark:1206,Kingdom of Denmark,5.0,8.5003,54.7218
1200,territory:Kingdom of Denmark:1236,Kingdom of Denmark,8.3,10.3929,54.8778
1200,territory:Kingdom of Denmark:1236,Kingdom of Denmark,9.0,8.3454,54.9198
1200,territory:Kingdom of Denmark:1236,Kingdom of Denmark,13.6,12.3556,54.9873
1200,territory:Kingdom of Denmark:1236,Kingdom of Denmark,4.5,12.6039,55.6535
1200,territory:Kingdom of Denmark:1206,Kingdom of Denmark,25.4,10.9805,57.278
1200,territory:Old Kingdom of Norway:1272,노르웨이 왕국,4.2,11.6058,57.976
1200,territory:Old Kingdom of Norway:1272,노르웨이 왕국,0.4,5.2395,59.2865
1200,territory:Old Kingdom of Norway:1272,노르웨이 왕국,3.7,4.899,61.0877
1200,territory:Kingdom of Hungary:1192,헝가리 왕국,29.3,16.5142,42.7614
1200,territory:Kingdom of Hungary:1192,헝가리 왕국,16.8,16.8906,42.9485
1200,territory:Kingdom of Hungary:1294,헝가리 왕국,38.6,16.0091,42.9673
1200,territory:Kingdom of Hungary:1294,헝가리 왕국,21.0,15.7446,43.0241
1200,territory:Kingdom of Hungary:1294,헝가리 왕국,12.4,16.158,43.0528
1200,territory:Kingdom of Hungary:1192,헝가리 왕국,10.1,16.5892,43.1935
1200,territory:Kingdom of Hungary:1192,헝가리 왕국,9.5,16.6437,43.3353
1200,territory:Kingdom of Hungary:1202,헝가리 왕국,3.9,15.0066,44.4507
1200,territory:Kingdom of Hungary:1294,헝가리 왕국,10.8,14.3875,44.6283
1200,territory:Kingdom of Hungary:1192,헝가리 왕국,11.2,14.3865,44.88
1200,territory:Kingdom of Hungary:1192,헝가리 왕국,5.2,14.5675,45.1082
1200,territory:Despotate of Epirus:1236,Despotate of Epirus,10.0,20.6508,38.7362
1200,territory:Kingdom of Sweden:1294,스웨덴 왕국,2.4,19.1014,57.9155
1200,territory:Kingdom of Sweden:1294,스웨덴 왕국,6.6,20.1389,60.0345
1200,territory:Kingdom of Sweden:1294,스웨덴 왕국,4.1,19.5929,60.171
1200,territory:House of Anjou-Sicily:1279,House of Anjou-Sicily,8.5,23.5052,37.3388
1200,territory:House of Anjou-Sicily:1279,House of Anjou-Sicily,15.1,23.4882,37.7302
1200,territory:Byzantine Empire:1192,비잔티움 제국,2.7,23.4951,37.9585
1200,territory:Byzantine Empire:1192,비잔티움 제국,29.2,23.6983,39.1437
1200,territory:Kingdom of Denmark:1206,Kingdom of Denmark,2.1,23.2116,58.635
1200,territory:Kingdom of Sweden:1220,스웨덴 왕국,16.7,23.225,58.998
1200,territory:Kingdom of Sweden:1250,스웨덴 왕국,8.4,21.3759,59.7807
1200,territory:Kingdom of Sweden:1294,스웨덴 왕국,3.0,21.5825,60.1457
1200,territory:Kingdom of Sweden:1285,스웨덴 왕국,4.9,22.1653,60.2905
1200,territory:Kingdom of Sweden:1294,스웨덴 왕국,0.9,21.9066,60.3987
1200,territory:Ayyubid Sultanate:1192,아이유브 술탄국,11.6,36.8936,25.3897
1200,territory:Ayyubid Sultanate:1241,아이유브 술탄국,21.4,36.5596,25.6077
1200,territory:Nicaean Empire:1260,Nicaean Empire,30.9,27.3668,36.4102
1200,territory:Nicaean Empire:1260,Nicaean Empire,15.3,27.8188,36.5828
1200,territory:Byzantine Empire:1202,비잔티움 제국,21.5,25.3195,36.7477
1200,territory:Nicaean Empire:1250,Nicaean Empire,6.4,26.9874,36.9875
1200,territory:Byzantine Empire:1202,비잔티움 제국,10.2,25.2035,37.0798
1200,territory:Byzantine Empire:1279,비잔티움 제국,34.3,24.4875,37.1635
1200,territory:Byzantine Empire:1279,비잔티움 제국,15.5,24.4201,37.3575
1200,territory:Byzantine Empire:1202,비잔티움 제국,15.0,24.9137,37.4057
1200,territory:Byzantine Empire:1202,비잔티움 제국,10.8,25.3748,37.444
1200,territory:Byzantine Empire:1279,비잔티움 제국,19.4,25.5698,40.4688
1200,territory:Byzantine Empire:1192,비잔티움 제국,19.0,27.6128,40.6268
1200,territory:Rasulid Dynasty:1236,Rasulid Dynasty,4.1,42.9382,12.8384
1200,territory:Ayyubid Sultanate:1192,아이유브 술탄국,31.3,42.7478,14.0002
1200,territory:Ethiopian Empire:1285,Ethiopian Empire,11.0,40.314,15.0222
1200,territory:Ayyubid Sultanate:1202,아이유브 술탄국,14.3,42.587,15.3505
1200,territory:Bahrani Dynasty:1260,Bahrani Dynasty,2.2,53.8096,24.1797
1200,territory:Uyunid Emirate:1227,Uyunid Emirate,6.5,52.6023,24.3268
1200,territory:Bahrani Dynasty:1260,Bahrani Dynasty,2.7,54.2259,24.3362
1200,territory:Hamdanid Emirates:1250,함단 토후국,18.5,53.3838,24.34
1200,territory:Mongol Empire:1250,몽골 제국,17.7,53.9823,26.5143
1200,territory:Mongol Empire:1279,몽골 제국,30.2,47.7348,43.9705
1200,territory:Mongol Empire:1279,몽골 제국,16.5,52.6249,45.469
1200,territory:Mongol Empire:1285,몽골 제국,12.7,47.9502,45.5785
1200,territory:Mongol Empire:1285,몽골 제국,25.4,49.7897,46.2885
1300,territory:Ethiopian Empire:1333,Ethiopian Empire,37.7,40.2492,15.1515
1300,territory:Rasulid Dynasty:1236,Rasulid Dynasty,31.2,42.4068,15.7254
1300,territory:Bahrani Dynasty:1260,Bahrani Dynasty,13.3,52.0107,24.2305
1300,territory:Bahrani Dynasty:1260,Bahrani Dynasty,23.7,51.7316,24.5858
1300,territory:Mamluk Sultanate:1352,맘루크 술탄국,10.4,37.0901,24.9611
1300,territory:Bahrani Dynasty:1260,Bahrani Dynasty,0.1,55.1164,25.1155
1300,territory:Bahrani Dynasty:1260,Bahrani Dynasty,0.0,55.1746,25.1928
1300,territory:Bahrani Dynasty:1260,Bahrani Dynasty,0.2,55.1725,25.1946
1300,territory:Bahrani Dynasty:1260,Bahrani Dynasty,1.5,55.1568,25.1952
1300,territory:Bahrani Dynasty:1260,Bahrani Dynasty,0.1,55.1751,25.1951
1300,territory:Bahrani Dynasty:1260,Bahrani Dynasty,0.2,55.1597,25.1959
1300,territory:Bahrani Dynasty:1260,Bahrani Dynasty,0.3,55.1527,25.1958
1300,territory:Bahrani Dynasty:1260,Bahrani Dynasty,0.2,55.1695,25.1958
1300,territory:Bahrani Dynasty:1260,Bahrani Dynasty,0.1,55.1756,25.1965
1300,territory:Bahrani Dynasty:1260,Bahrani Dynasty,0.2,55.1492,25.1969
1300,territory:Bahrani Dynasty:1260,Bahrani Dynasty,0.2,55.1669,25.1969
1300,territory:Bahrani Dynasty:1260,Bahrani Dynasty,0.2,55.1729,25.1979
1300,territory:Bahrani Dynasty:1260,Bahrani Dynasty,0.2,55.1537,25.1977
1300,territory:Bahrani Dynasty:1260,Bahrani Dynasty,0.1,55.1507,25.1985
1300,territory:Bahrani Dynasty:1260,Bahrani Dynasty,0.2,55.1561,25.1985
1300,territory:Bahrani Dynasty:1260,Bahrani Dynasty,0.2,55.1693,25.1988
1300,territory:Bahrani Dynasty:1260,Bahrani Dynasty,0.2,55.1466,25.1998
1300,territory:Bahrani Dynasty:1260,Bahrani Dynasty,0.2,55.1718,25.2
1300,territory:Bahrani Dynasty:1260,Bahrani Dynasty,0.1,55.1751,25.199
1300,territory:Bahrani Dynasty:1260,Bahrani Dynasty,0.2,55.1495,25.2
1300,territory:Bahrani Dynasty:1260,Bahrani Dynasty,0.2,55.1656,25.1998
1300,territory:Bahrani Dynasty:1260,Bahrani Dynasty,0.2,55.1525,25.2005
1300,territory:Bahrani Dynasty:1260,Bahrani Dynasty,0.2,55.1635,25.2009
1300,territory:Bahrani Dynasty:1260,Bahrani Dynasty,0.2,55.1679,25.201
1300,territory:Bahrani Dynasty:1260,Bahrani Dynasty,0.2,55.1558,25.2011
1300,territory:Bahrani Dynasty:1260,Bahrani Dynasty,0.1,55.1479,25.2015
1300,territory:Bahrani Dynasty:1260,Bahrani Dynasty,0.1,55.1656,25.2022
1300,territory:Bahrani Dynasty:1260,Bahrani Dynasty,0.2,55.1709,25.2019
1300,territory:Bahrani Dynasty:1260,Bahrani Dynasty,0.2,55.1505,25.2029
1300,territory:Bahrani Dynasty:1260,Bahrani Dynasty,0.1,55.1734,25.2023
1300,territory:Bahrani Dynasty:1260,Bahrani Dynasty,0.2,55.1527,25.2031
1300,territory:Bahrani Dynasty:1260,Bahrani Dynasty,0.2,55.1584,25.2028
1300,territory:Bahrani Dynasty:1260,Bahrani Dynasty,0.1,55.1548,25.2038
1300,territory:Bahrani Dynasty:1260,Bahrani Dynasty,0.2,55.1466,25.2041
1300,territory:Bahrani Dynasty:1260,Bahrani Dynasty,0.1,55.1492,25.2039
1300,territory:Bahrani Dynasty:1260,Bahrani Dynasty,0.1,55.1583,25.2055
1300,territory:Bahrani Dynasty:1260,Bahrani Dynasty,0.2,55.1556,25.2056
1300,territory:Bahrani Dynasty:1260,Bahrani Dynasty,0.2,55.1464,25.2067
1300,territory:Bahrani Dynasty:1260,Bahrani Dynasty,0.2,55.1534,25.2067
1300,territory:Bahrani Dynasty:1260,Bahrani Dynasty,0.2,55.1497,25.2069
1300,territory:Bahrani Dynasty:1260,Bahrani Dynasty,0.2,55.1592,25.2076
1300,territory:Bahrani Dynasty:1260,Bahrani Dynasty,0.4,55.1751,25.2073
1300,territory:Bahrani Dynasty:1260,Bahrani Dynasty,0.2,55.1566,25.2082
1300,territory:Bahrani Dynasty:1260,Bahrani Dynasty,0.1,55.1831,25.2079
1300,territory:Bahrani Dynasty:1260,Bahrani Dynasty,0.2,55.1517,25.2088
1300,territory:Bahrani Dynasty:1260,Bahrani Dynasty,0.2,55.1802,25.209
1300,territory:Bahrani Dynasty:1260,Bahrani Dynasty,0.1,55.1456,25.2087
1300,territory:Bahrani Dynasty:1260,Bahrani Dynasty,0.2,55.1734,25.2093
1300,territory:Bahrani Dynasty:1260,Bahrani Dynasty,0.2,55.1771,25.2092
1300,territory:Bahrani Dynasty:1260,Bahrani Dynasty,0.1,55.1517,25.2104
1300,territory:Bahrani Dynasty:1260,Bahrani Dynasty,0.2,55.1486,25.2104
1300,territory:Bahrani Dynasty:1260,Bahrani Dynasty,0.1,55.1848,25.2108
1300,territory:Bahrani Dynasty:1260,Bahrani Dynasty,0.1,55.1461,25.2111
1300,territory:Bahrani Dynasty:1260,Bahrani Dynasty,0.2,55.1705,25.2103
1300,territory:Bahrani Dynasty:1260,Bahrani Dynasty,0.1,55.1826,25.2113
1300,territory:Bahrani Dynasty:1260,Bahrani Dynasty,0.2,55.175,25.2114
1300,territory:Bahrani Dynasty:1260,Bahrani Dynasty,0.1,55.1807,25.2126
1300,territory:Bahrani Dynasty:1260,Bahrani Dynasty,0.2,55.1846,25.2131
1300,territory:Bahrani Dynasty:1260,Bahrani Dynasty,0.2,55.172,25.2132
1300,territory:Bahrani Dynasty:1260,Bahrani Dynasty,0.2,55.1778,25.2132
1300,territory:Bahrani Dynasty:1260,Bahrani Dynasty,0.5,55.1567,25.2135
1300,territory:Bahrani Dynasty:1260,Bahrani Dynasty,0.2,55.154,25.214
1300,territory:Bahrani Dynasty:1260,Bahrani Dynasty,0.3,55.1681,25.214
1300,territory:Bahrani Dynasty:1260,Bahrani Dynasty,0.1,55.1757,25.2145
1300,territory:Bahrani Dynasty:1260,Bahrani Dynasty,0.1,55.1815,25.2144
1300,territory:Bahrani Dynasty:1260,Bahrani Dynasty,0.3,55.1461,25.2149
1300,territory:Bahrani Dynasty:1260,Bahrani Dynasty,0.1,55.1831,25.2151
1300,territory:Bahrani Dynasty:1260,Bahrani Dynasty,0.1,55.1781,25.2154
1300,territory:Bahrani Dynasty:1260,Bahrani Dynasty,0.2,55.151,25.2155
1300,territory:Bahrani Dynasty:1260,Bahrani Dynasty,0.4,55.1637,25.2158
1300,territory:Bahrani Dynasty:1260,Bahrani Dynasty,0.1,55.1445,25.2156
1300,territory:Bahrani Dynasty:1260,Bahrani Dynasty,0.1,55.1519,25.2164
1300,territory:Bahrani Dynasty:1260,Bahrani Dynasty,0.2,55.1555,25.2166
1300,territory:Bahrani Dynasty:1260,Bahrani Dynasty,0.1,55.1813,25.2168
1300,territory:Bahrani Dynasty:1260,Bahrani Dynasty,0.2,55.1487,25.2162
1300,territory:Bahrani Dynasty:1260,Bahrani Dynasty,0.1,55.1753,25.2167
1300,territory:Bahrani Dynasty:1260,Bahrani Dynasty,0.2,55.1681,25.2169
1300,territory:Bahrani Dynasty:1260,Bahrani Dynasty,0.1,55.1705,25.2163
1300,territory:Bahrani Dynasty:1260,Bahrani Dynasty,0.1,55.1771,25.2166
1300,territory:Bahrani Dynasty:1260,Bahrani Dynasty,0.1,55.1533,25.2173
1300,territory:Bahrani Dynasty:1260,Bahrani Dynasty,0.1,55.1646,25.2174
1300,territory:Bahrani Dynasty:1260,Bahrani Dynasty,0.1,55.1721,25.2177
1300,territory:Bahrani Dynasty:1260,Bahrani Dynasty,0.1,55.146,25.2177
1300,territory:Bahrani Dynasty:1260,Bahrani Dynasty,0.2,55.1838,25.2181
1300,territory:Bahrani Dynasty:1260,Bahrani Dynasty,0.2,55.1881,25.2185
1300,territory:Bahrani Dynasty:1260,Bahrani Dynasty,0.1,55.1708,25.2184
1300,territory:Bahrani Dynasty:1260,Bahrani Dynasty,0.1,55.1497,25.2188
1300,territory:Bahrani Dynasty:1260,Bahrani Dynasty,0.1,55.1676,25.2182
1300,territory:Bahrani Dynasty:1260,Bahrani Dynasty,0.5,55.1399,25.2059
1300,territory:Bahrani Dynasty:1260,Bahrani Dynasty,0.1,55.1523,25.2189
1300,territory:Bahrani Dynasty:1260,Bahrani Dynasty,0.2,55.1555,25.2192
1300,territory:Bahrani Dynasty:1260,Bahrani Dynasty,0.0,55.1902,25.2191
1300,territory:Bahrani Dynasty:1260,Bahrani Dynasty,0.3,55.1795,25.2197
1300,territory:Bahrani Dynasty:1260,Bahrani Dynasty,0.1,55.1696,25.2193
1300,territory:Bahrani Dynasty:1260,Bahrani Dynasty,0.2,55.1762,25.2198
1300,territory:Bahrani Dynasty:1260,Bahrani Dynasty,0.1,55.1886,25.22
1300,territory:Bahrani Dynasty:1260,Bahrani Dynasty,0.2,55.1819,25.2196
1300,territory:Bahrani Dynasty:1260,Bahrani Dynasty,0.1,55.1779,25.2198
1300,territory:Bahrani Dynasty:1260,Bahrani Dynasty,0.1,55.1747,25.22
1300,territory:Bahrani Dynasty:1260,Bahrani Dynasty,0.1,55.1509,25.2203
1300,territory:Bahrani Dynasty:1260,Bahrani Dynasty,0.2,55.1468,25.2204
1300,territory:Bahrani Dynasty:1260,Bahrani Dynasty,0.2,55.1665,25.221
1300,territory:Bahrani Dynasty:1260,Bahrani Dynasty,0.1,55.1455,25.2209
1300,territory:Bahrani Dynasty:1260,Bahrani Dynasty,0.1,55.1484,25.2212
1300,territory:Bahrani Dynasty:1260,Bahrani Dynasty,0.1,55.1439,25.2214
1300,territory:Bahrani Dynasty:1260,Bahrani Dynasty,0.2,55.1686,25.2215
1300,territory:Bahrani Dynasty:1260,Bahrani Dynasty,0.2,55.172,25.221
1300,territory:Bahrani Dynasty:1260,Bahrani Dynasty,0.1,55.1769,25.2218
1300,territory:Bahrani Dynasty:1260,Bahrani Dynasty,0.1,55.1746,25.2221
1300,territory:Bahrani Dynasty:1260,Bahrani Dynasty,0.2,55.1813,25.2219
1300,territory:Bahrani Dynasty:1260,Bahrani Dynasty,0.2,55.1529,25.2217
1300,territory:Bahrani Dynasty:1260,Bahrani Dynasty,0.2,55.1695,25.2237
1300,territory:Bahrani Dynasty:1260,Bahrani Dynasty,0.1,55.1495,25.2234
1300,territory:Bahrani Dynasty:1260,Bahrani Dynasty,0.4,55.1628,25.2231
1300,territory:Bahrani Dynasty:1260,Bahrani Dynasty,0.1,55.1733,25.2237
1300,territory:Bahrani Dynasty:1260,Bahrani Dynasty,0.3,55.1876,25.2237
1300,territory:Bahrani Dynasty:1260,Bahrani Dynasty,0.1,55.1469,25.2246
1300,territory:Bahrani Dynasty:1260,Bahrani Dynasty,0.2,55.1781,25.2242
1300,territory:Bahrani Dynasty:1260,Bahrani Dynasty,0.2,55.1918,25.225
1300,territory:Bahrani Dynasty:1260,Bahrani Dynasty,0.2,55.1432,25.2245
1300,territory:Bahrani Dynasty:1260,Bahrani Dynasty,0.2,55.1754,25.2252
1300,territory:Bahrani Dynasty:1260,Bahrani Dynasty,0.2,55.184,25.2242
1300,territory:Bahrani Dynasty:1260,Bahrani Dynasty,0.1,55.1814,25.225
1300,territory:Bahrani Dynasty:1260,Bahrani Dynasty,0.2,55.1894,25.2257
1300,territory:Bahrani Dynasty:1260,Bahrani Dynasty,0.1,55.1853,25.2255
1300,territory:Bahrani Dynasty:1260,Bahrani Dynasty,0.1,55.1708,25.2254
1300,territory:Bahrani Dynasty:1260,Bahrani Dynasty,0.3,55.1651,25.2266
1300,territory:Bahrani Dynasty:1260,Bahrani Dynasty,0.2,55.1485,25.2265
1300,territory:Bahrani Dynasty:1260,Bahrani Dynasty,0.2,55.1661,25.2248
1300,territory:Bahrani Dynasty:1260,Bahrani Dynasty,0.2,55.1778,25.2271
1300,territory:Bahrani Dynasty:1260,Bahrani Dynasty,0.1,55.189,25.2273
1300,territory:Bahrani Dynasty:1260,Bahrani Dynasty,0.2,55.1623,25.227
1300,territory:Bahrani Dynasty:1260,Bahrani Dynasty,0.2,55.1729,25.2269
1300,territory:Bahrani Dynasty:1260,Bahrani Dynasty,0.1,55.1801,25.2273
1300,territory:Bahrani Dynasty:1260,Bahrani Dynasty,0.1,55.175,25.2274
1300,territory:Bahrani Dynasty:1260,Bahrani Dynasty,0.2,55.1831,25.228
1300,territory:Bahrani Dynasty:1260,Bahrani Dynasty,0.2,55.1864,25.2283
1300,territory:Bahrani Dynasty:1260,Bahrani Dynasty,0.2,55.1698,25.2291
1300,territory:Bahrani Dynasty:1260,Bahrani Dynasty,0.1,55.1808,25.2292
1300,territory:Bahrani Dynasty:1260,Bahrani Dynasty,0.2,55.1732,25.2296
1300,territory:Bahrani Dynasty:1260,Bahrani Dynasty,0.2,55.1869,25.2305
1300,territory:Bahrani Dynasty:1260,Bahrani Dynasty,0.3,55.1773,25.2302
1300,territory:Bahrani Dynasty:1260,Bahrani Dynasty,0.2,55.1841,25.2305
1300,territory:Bahrani Dynasty:1260,Bahrani Dynasty,0.1,55.1713,25.2306
1300,territory:Bahrani Dynasty:1260,Bahrani Dynasty,0.1,55.1807,25.2309
1300,territory:Bahrani Dynasty:1260,Bahrani Dynasty,0.2,55.1896,25.2308
1300,territory:Bahrani Dynasty:1260,Bahrani Dynasty,0.2,55.1673,25.2298
1300,territory:Bahrani Dynasty:1260,Bahrani Dynasty,0.2,55.1647,25.2317
1300,territory:Bahrani Dynasty:1260,Bahrani Dynasty,0.1,55.1874,25.2321
1300,territory:Bahrani Dynasty:1260,Bahrani Dynasty,0.2,55.1742,25.232
1300,territory:Bahrani Dynasty:1260,Bahrani Dynasty,0.1,55.19,25.2326
1300,territory:Bahrani Dynasty:1260,Bahrani Dynasty,0.1,55.1875,25.2335
1300,territory:Bahrani Dynasty:1260,Bahrani Dynasty,0.2,55.1822,25.2333
1300,territory:Bahrani Dynasty:1260,Bahrani Dynasty,0.1,55.191,25.2341
1300,territory:Bahrani Dynasty:1260,Bahrani Dynasty,0.1,55.1761,25.2337
1300,territory:Bahrani Dynasty:1260,Bahrani Dynasty,0.2,55.1711,25.234
1300,territory:Bahrani Dynasty:1260,Bahrani Dynasty,0.2,55.1843,25.234
1300,territory:Bahrani Dynasty:1260,Bahrani Dynasty,0.1,55.1791,25.2352
1300,territory:Bahrani Dynasty:1260,Bahrani Dynasty,0.2,55.1689,25.2348
1300,territory:Bahrani Dynasty:1260,Bahrani Dynasty,0.3,55.1631,25.2345
1300,territory:Bahrani Dynasty:1260,Bahrani Dynasty,0.2,55.186,25.2361
1300,territory:Bahrani Dynasty:1260,Bahrani Dynasty,0.1,55.1825,25.2362
1300,territory:Bahrani Dynasty:1260,Bahrani Dynasty,0.3,55.176,25.237
1300,territory:Bahrani Dynasty:1260,Bahrani Dynasty,0.1,55.1787,25.2374
1300,territory:Bahrani Dynasty:1260,Bahrani Dynasty,0.2,55.1732,25.2374
1300,territory:Bahrani Dynasty:1260,Bahrani Dynasty,0.2,55.1692,25.2379
1300,territory:Bahrani Dynasty:1260,Bahrani Dynasty,0.1,55.1752,25.2391
1300,territory:Bahrani Dynasty:1260,Bahrani Dynasty,0.2,55.1798,25.2393
1300,territory:Bahrani Dynasty:1260,Bahrani Dynasty,0.2,55.1842,25.239
1300,territory:Bahrani Dynasty:1260,Bahrani Dynasty,0.2,55.1775,25.24
1300,territory:Bahrani Dynasty:1260,Bahrani Dynasty,0.3,55.1896,25.2388
1300,territory:Bahrani Dynasty:1260,Bahrani Dynasty,0.3,55.1658,25.2391
1300,territory:Bahrani Dynasty:1260,Bahrani Dynasty,0.1,55.1806,25.2406
1300,territory:Bahrani Dynasty:1260,Bahrani Dynasty,0.2,55.1863,25.2413
1300,territory:Bahrani Dynasty:1260,Bahrani Dynasty,0.5,55.1979,25.2404
1300,territory:Bahrani Dynasty:1260,Bahrani Dynasty,0.2,55.1678,25.2418
1300,territory:Bahrani Dynasty:1260,Bahrani Dynasty,0.1,55.1816,25.2419
1300,territory:Bahrani Dynasty:1260,Bahrani Dynasty,0.3,55.1722,25.241
1300,territory:Bahrani Dynasty:1260,Bahrani Dynasty,0.2,55.1783,25.2422
1300,territory:Bahrani Dynasty:1260,Bahrani Dynasty,0.1,55.187,25.2426
1300,territory:Bahrani Dynasty:1260,Bahrani Dynasty,0.2,55.1837,25.243
1300,territory:Bahrani Dynasty:1260,Bahrani Dynasty,0.2,55.175,25.2424
1300,territory:Bahrani Dynasty:1260,Bahrani Dynasty,0.1,55.1735,25.244
1300,territory:Bahrani Dynasty:1260,Bahrani Dynasty,0.1,55.1792,25.2442
1300,territory:Bahrani Dynasty:1260,Bahrani Dynasty,0.1,55.1862,25.2444
1300,territory:Bahrani Dynasty:1260,Bahrani Dynasty,0.6,55.1319,25.2177
1300,territory:Bahrani Dynasty:1260,Bahrani Dynasty,0.3,55.1825,25.2471
1300,territory:Bahrani Dynasty:1260,Bahrani Dynasty,0.3,55.1747,25.2486
1300,territory:Bahrani Dynasty:1260,Bahrani Dynasty,1.1,55.1571,25.25
1300,territory:Ilkhanate:1314,일 칸국,23.4,55.3051,26.269
1300,territory:Mamluk Sultanate:1294,맘루크 술탄국,3.7,35.7657,27.1078
1300,territory:Marinid Sultanate:1363,마린 술탄국,6.0,-2.4427,35.178
1300,territory:Marinid Sultanate:1363,마린 술탄국,1.6,-2.4216,35.1796
1300,territory:Marinid Sultanate:1363,마린 술탄국,0.7,-2.4313,35.1837
1300,territory:Marinid Sultanate:1363,마린 술탄국,0.7,-3.9025,35.2154
1300,territory:Marinid Sultanate:1363,마린 술탄국,0.2,-3.9006,35.2175
1300,territory:Marinid Sultanate:1344,마린 술탄국,5.8,-5.4186,35.9126
1300,territory:Beylik of Teke:1375,Beylik of Teke,6.1,29.6571,36.1342
1300,territory:Beylik of Teke:1375,Beylik of Teke,6.6,29.7467,36.1286
1300,territory:Ilkhanate:1294,일 칸국,4.0,29.4966,36.157
1300,territory:Beylik of Teke:1344,Beylik of Teke,5.3,29.5849,36.143
1300,territory:Armenian Kingdom of Cilicia:1305,Armenian Kingdom of Cilicia,3.3,33.7804,36.1762
1300,territory:Ilkhanate:1294,일 칸국,1.7,29.8792,36.1835
1300,territory:Byzantine Empire:1326,비잔티움 제국,4.5,22.9586,36.4866
1300,territory:Ilkhanate:1294,일 칸국,4.7,28.1257,36.5989
1300,territory:Beylik of Teke:1344,Beylik of Teke,4.8,28.9183,36.6684
1300,territory:Byzantine Empire:1294,비잔티움 제국,33.9,27.1401,36.9429
1300,territory:Kingdom of Portugal:1250,Kingdom of Portugal,2.3,-7.9066,36.9842
1300,territory:Ilkhanate:1294,일 칸국,22.2,27.4647,36.9758
1300,territory:Kingdom of Portugal:1250,Kingdom of Portugal,1.2,-7.8944,36.9952
1300,territory:Byzantine Empire:1294,비잔티움 제국,9.3,27.0912,37.0593
1300,territory:Byzantine Empire:1344,비잔티움 제국,8.3,21.5492,37.0489
1300,territory:Hafsid Dynasty:1344,Hafsid Dynasty,11.8,10.8032,37.1291
1300,territory:Byzantine Empire:1294,비잔티움 제국,13.2,27.0892,37.2864
1300,territory:Byzantine Empire:1305,비잔티움 제국,28.5,26.757,37.3005
1300,territory:Byzantine Empire:1305,비잔티움 제국,5.3,26.7337,37.387
1300,territory:Byzantine Empire:1305,비잔티움 제국,14.3,26.9735,37.4605
1300,territory:Byzantine Empire:1305,비잔티움 제국,26.6,23.9273,37.4756
1300,territory:Marinid Sultanate:1352,마린 술탄국,35.1,8.9372,37.5288
1300,territory:Byzantine Empire:1294,비잔티움 제국,0.2,27.1646,37.5786
1300,territory:Byzantine Empire:1305,비잔티움 제국,9.9,26.4286,37.5831
1300,territory:Byzantine Empire:1305,비잔티움 제국,4.9,26.5115,37.5906
1300,territory:Byzantine Empire:1305,비잔티움 제국,14.3,23.948,37.6486
1300,territory:Byzantine Empire:1305,비잔티움 제국,7.9,24.1228,37.7016
1300,territory:Crown of Aragon:1385,Crown of Aragon,10.8,23.7592,37.769
1300,territory:Crown of Aragon:1385,Crown of Aragon,19.1,24.2583,38.0038
1300,territory:Byzantine Empire:1294,비잔티움 제국,4.0,26.3417,38.4391
1300,territory:Byzantine Empire:1344,비잔티움 제국,5.0,26.2841,38.5035
1300,territory:Byzantine Empire:1344,비잔티움 제국,0.2,26.2288,38.5215
1300,territory:Byzantine Empire:1305,비잔티움 제국,11.4,26.7121,38.5036
1300,territory:Byzantine Empire:1344,비잔티움 제국,26.9,25.5105,38.541
1300,territory:Byzantine Empire:1305,비잔티움 제국,2.1,24.358,38.8379
1300,territory:Byzantine Empire:1305,비잔티움 제국,22.2,24.1084,39.0785
1300,territory:Albanian Principalities:1375,Albanian Principalities,18.1,20.2293,39.1444
1300,territory:Byzantine Empire:1305,비잔티움 제국,27.6,24.322,39.3498
1300,territory:Kingdom of Portugal:1250,Kingdom of Portugal,8.3,-9.5086,39.4157
1300,territory:Byzantine Empire:1305,비잔티움 제국,13.2,24.1686,39.3946
1300,territory:Albanian Principalities:1375,Albanian Principalities,18.9,19.5232,39.7704
1300,territory:Albanian Principalities:1375,Albanian Principalities,11.3,19.3991,39.85
1300,territory:Albanian Principalities:1375,Albanian Principalities,10.4,19.5814,39.8853
1300,territory:Byzantine Empire:1314,비잔티움 제국,9.6,23.9066,40.3248
1300,territory:Byzantine Empire:1314,비잔티움 제국,8.5,19.2804,40.4934
1300,territory:Kingdom of Naples:1285,Kingdom of Naples,20.0,14.2279,40.5502
1300,territory:Ottoman Empire:1385,오스만 제국,13.0,28.5278,40.5314
1300,territory:Kingdom of Naples:1285,Kingdom of Naples,12.2,14.0141,40.7542
1300,territory:Ottoman Empire:1385,오스만 제국,3.4,29.1137,40.8508
1300,territory:Papal States:1314,Papal States,34.7,12.9551,40.9106
1300,territory:Papal States:1314,Papal States,7.9,12.8559,40.9364
1300,territory:Papal States:1314,Papal States,6.3,13.0567,40.9706
1300,territory:Crown of Aragon:1363,Crown of Aragon,0.1,9.3416,41.2427
1300,territory:Crown of Aragon:1363,Crown of Aragon,2.6,9.3419,41.2833
1300,territory:Crown of Aragon:1363,Crown of Aragon,1.9,9.3712,41.299
1300,territory:Crown of Aragon:1363,Crown of Aragon,1.3,9.3411,41.3022
1300,territory:Crown of Aragon:1375,Crown of Aragon,2.7,9.2528,41.3366
1300,territory:Crown of Aragon:1375,Crown of Aragon,1.0,9.2576,41.367
1300,territory:Kingdom of Naples:1285,Kingdom of Naples,15.1,15.4859,42.1105
1300,territory:Holy Roman Empire Minor States:1314,신성로마제국 소국,19.6,11.0983,42.2489
1300,territory:Kingdom of Hungary:1363,헝가리 왕국,6.1,17.8807,42.7268
1300,territory:Kingdom of Hungary:1385,헝가리 왕국,25.0,16.5143,42.7615
1300,territory:Kingdom of Hungary:1385,헝가리 왕국,39.5,16.0091,42.9673
1300,territory:Kingdom of Hungary:1385,헝가리 왕국,21.0,15.7446,43.024
1300,territory:House of Valois-Anjou:1395,House of Valois-Anjou,12.7,6.46,43.03
1300,territory:Kingdom of Hungary:1385,헝가리 왕국,1.0,16.6998,43.0909
1300,territory:Kingdom of Hungary:1375,헝가리 왕국,1.6,16.1436,43.4401
1300,territory:House of Valois-Anjou:1385,House of Valois-Anjou,6.5,7.0471,43.5205
1300,territory:Kingdom of Hungary:1363,헝가리 왕국,4.7,15.8502,43.6851
1300,territory:Kingdom of Hungary:1363,헝가리 왕국,7.5,15.7006,43.6957
1300,territory:Kingdom of Hungary:1395,헝가리 왕국,4.8,15.6076,43.8011
1300,territory:Kingdom of Hungary:1363,헝가리 왕국,7.8,15.1114,44.0403
1300,territory:Kingdom of Hungary:1363,헝가리 왕국,6.4,15.0669,44.3058
1300,territory:Kingdom of Hungary:1395,헝가리 왕국,14.9,14.6928,44.3826
1300,territory:Kingdom of Hungary:1395,헝가리 왕국,5.7,14.9181,44.4305
1300,territory:Timurid Empire:1395,티무르 제국,33.6,47.4991,44.4544
1300,territory:Kingdom of Hungary:1363,헝가리 왕국,3.3,14.2998,44.5093
1300,territory:Golden Horde:1385,킵차크 칸국,13.6,50.5832,44.7962
1300,territory:Holy Roman Empire Minor States:1363,신성로마제국 소국,17.2,13.7642,44.9064
1300,territory:Kingdom of Hungary:1305,헝가리 왕국,3.1,14.7948,44.9131
1300,territory:Kingdom of Hungary:1363,헝가리 왕국,4.1,14.5204,44.9729
1300,territory:Holy Roman Empire Minor States:1333,신성로마제국 소국,17.8,12.4021,45.4588
1300,territory:Blue Horde:1375,청장 칸국,17.0,48.5803,45.714
1300,territory:Golden Horde:1385,킵차크 칸국,19.7,52.9954,46.4123
1300,territory:Kingdom of France:1294,프랑스 왕국,10.5,-1.8312,48.8713
1300,territory:Kingdom of France:1305,프랑스 왕국,34.3,-2.4514,49.4704
1300,territory:Kingdom of England:1333,Kingdom of England,38.5,-6.2958,49.9651
1300,territory:Kingdom of England:1305,Kingdom of England,0.9,-5.2937,51.7333
1300,territory:Kingdom of England:1305,Kingdom of England,2.7,-5.3412,51.8667
1300,territory:Kingdom of England:1333,Kingdom of England,2.8,-4.7907,52.7586
1300,territory:Kingdom of Sweden:1326,스웨덴 왕국,5.3,16.5981,57.1083
1300,territory:Kingdom of Sweden:1326,스웨덴 왕국,2.1,16.5467,57.1613
1300,territory:Kingdom of Sweden:1375,스웨덴 왕국,2.3,16.7921,57.2514
1300,territory:Kingdom of Sweden:1326,스웨덴 왕국,0.9,16.6966,57.5139
1300,territory:Kingdom of Sweden:1344,스웨덴 왕국,2.3,16.6976,57.6001
1300,territory:Kingdom of Sweden:1294,스웨덴 왕국,1.5,11.7572,57.6425
1300,territory:Kingdom of Sweden:1294,스웨덴 왕국,2.8,11.6462,57.7039
1300,territory:Kingdom of Sweden:1294,스웨덴 왕국,1.7,16.7464,57.8285
1300,territory:Kingdom of Sweden:1294,스웨덴 왕국,5.2,11.6046,57.8729
1300,territory:Teutonic Order:1333,Teutonic Order,3.6,22.5049,58.1466
1300,territory:Kingdom of Sweden:1344,스웨덴 왕국,5.1,16.926,58.1921
1300,territory:Kingdom of Sweden:1344,스웨덴 왕국,5.8,17.0189,58.2592
1300,territory:Kingdom of Sweden:1344,스웨덴 왕국,3.0,16.9173,58.2559
1300,territory:Kingdom of Sweden:1294,스웨덴 왕국,7.1,16.9621,58.4248
1300,territory:Kingdom of Sweden:1294,스웨덴 왕국,3.5,16.9741,58.4937
1300,territory:Kingdom of Sweden:1294,스웨덴 왕국,2.2,16.9203,58.5145
1300,territory:Kingdom of Sweden:1294,스웨덴 왕국,1.7,17.4723,58.7121
1300,territory:Kingdom of Sweden:1294,스웨덴 왕국,6.3,17.8633,58.7523
1300,territory:Kingdom of Sweden:1294,스웨덴 왕국,2.1,17.6333,58.8252
1300,territory:Kingdom of Sweden:1294,스웨덴 왕국,0.9,17.7137,58.846
1300,territory:Kingdom of Sweden:1314,스웨덴 왕국,6.5,18.1206,58.8744
1300,territory:Kingdom of Sweden:1294,스웨덴 왕국,0.9,17.8359,58.8469
1300,territory:Old Kingdom of Norway:1344,노르웨이 왕국,4.9,11.024,58.8902
1300,territory:Kingdom of Sweden:1314,스웨덴 왕국,2.8,18.1769,58.9225
1300,territory:Kingdom of Sweden:1375,스웨덴 왕국,0.4,18.1634,59.048
1300,territory:Kingdom of Sweden:1294,스웨덴 왕국,7.3,18.5239,59.0442
1300,territory:Old Kingdom of Norway:1314,노르웨이 왕국,4.9,10.942,59.0557
1300,territory:Kingdom of Sweden:1294,스웨덴 왕국,3.8,18.6039,59.0926
1300,territory:Kingdom of Sweden:1294,스웨덴 왕국,6.8,18.7421,59.1029
1300,territory:Old Kingdom of Norway:1272,노르웨이 왕국,5.5,10.4284,59.09
1300,territory:Kingdom of Sweden:1294,스웨덴 왕국,2.0,18.5849,59.1282
1300,territory:Kingdom of Sweden:1294,스웨덴 왕국,4.0,18.646,59.1804
1300,territory:Old Kingdom of Norway:1272,노르웨이 왕국,7.0,5.8405,59.1689
1300,territory:Old Kingdom of Norway:1272,노르웨이 왕국,6.0,10.5501,59.2144
1300,territory:Kingdom of Sweden:1375,스웨덴 왕국,0.8,18.4195,59.2161
1300,territory:Kingdom of Sweden:1294,스웨덴 왕국,3.4,18.6035,59.2298
1300,territory:Kingdom of Sweden:1294,스웨덴 왕국,13.0,18.9162,59.2823
1300,territory:Kingdom of Sweden:1294,스웨덴 왕국,1.7,18.8758,59.3068
1300,territory:Old Kingdom of Norway:1272,노르웨이 왕국,17.9,4.8822,59.3069
1300,territory:Kingdom of Sweden:1294,스웨덴 왕국,1.5,18.8871,59.3387
1300,territory:Old Kingdom of Norway:1272,노르웨이 왕국,1.1,10.5262,59.3817
1300,territory:Kingdom of Sweden:1294,스웨덴 왕국,6.7,19.0195,59.4171
1300,territory:Kingdom of Sweden:1294,스웨덴 왕국,3.5,18.9549,59.4085
1300,territory:Kingdom of Sweden:1294,스웨덴 왕국,11.0,19.2156,59.4382
1300,territory:Kingdom of Sweden:1294,스웨덴 왕국,16.1,19.5055,59.4435
1300,territory:Kingdom of Sweden:1294,스웨덴 왕국,3.8,18.6869,59.4508
1300,territory:Kingdom of Sweden:1294,스웨덴 왕국,2.6,18.7794,59.4736
1300,territory:Kingdom of Sweden:1294,스웨덴 왕국,3.8,19.1665,59.4974
1300,territory:Kingdom of Sweden:1294,스웨덴 왕국,7.6,19.0477,59.5703
1300,territory:Kingdom of Sweden:1294,스웨덴 왕국,4.8,19.1661,59.592
1300,territory:Kingdom of Sweden:1294,스웨덴 왕국,3.7,19.2459,59.6048
1300,territory:Kingdom of Sweden:1294,스웨덴 왕국,3.7,19.0363,59.6447
1300,territory:Kingdom of Sweden:1294,스웨덴 왕국,3.6,19.1388,59.656
1300,territory:Kingdom of Sweden:1294,스웨덴 왕국,1.8,19.1871,59.6649
1300,territory:Kingdom of Sweden:1294,스웨덴 왕국,0.9,19.1625,59.6757
1300,territory:Kingdom of Sweden:1375,스웨덴 왕국,1.2,18.8733,59.6667
1300,territory:Kingdom of Sweden:1294,스웨덴 왕국,9.9,19.4044,59.7065
1300,territory:Kingdom of Sweden:1294,스웨덴 왕국,4.5,19.13,59.7496
1300,territory:Kingdom of Sweden:1294,스웨덴 왕국,7.2,22.9429,59.7718
1300,territory:Kingdom of Sweden:1294,스웨덴 왕국,2.2,19.179,59.7759
1300,territory:Kingdom of Sweden:1294,스웨덴 왕국,1.9,19.0911,59.7844
1300,territory:Kingdom of Sweden:1294,스웨덴 왕국,10.2,22.3227,59.8161
1300,territory:Kingdom of Sweden:1294,스웨덴 왕국,3.2,23.5651,59.8251
1300,territory:Kingdom of Sweden:1326,스웨덴 왕국,36.2,21.6032,59.826
1300,territory:Kingdom of Sweden:1294,스웨덴 왕국,13.0,19.9212,59.8387
1300,territory:Kingdom of Sweden:1294,스웨덴 왕국,3.6,22.3897,59.8495
1300,territory:Kingdom of Sweden:1294,스웨덴 왕국,13.1,22.0833,59.8606
1300,territory:Kingdom of Sweden:1294,스웨덴 왕국,3.2,19.1182,59.8457
1300,territory:Kingdom of Denmark:1285,Kingdom of Denmark,18.7,27.1957,59.8516
1300,territory:Kingdom of Sweden:1294,스웨덴 왕국,6.3,21.9551,59.8642
1300,territory:Kingdom of Sweden:1294,스웨덴 왕국,5.2,22.1905,59.8716
1300,territory:Kingdom of Sweden:1294,스웨덴 왕국,5.6,22.4998,59.887
1300,territory:Kingdom of Sweden:1294,스웨덴 왕국,1.0,22.5477,59.9032
1300,territory:Kingdom of Sweden:1326,스웨덴 왕국,7.8,21.4616,59.9088
1300,territory:Kingdom of Sweden:1294,스웨덴 왕국,3.4,22.3672,59.9148
1300,territory:Kingdom of Sweden:1294,스웨덴 왕국,9.4,21.7898,59.9208
1300,territory:Kingdom of Sweden:1294,스웨덴 왕국,2.4,22.467,59.9296
1300,territory:Kingdom of Sweden:1294,스웨덴 왕국,2.6,22.5718,59.9503
1300,territory:Kingdom of Sweden:1326,스웨덴 왕국,6.8,21.6101,59.9535
1300,territory:Kingdom of Sweden:1294,스웨덴 왕국,2.4,22.6298,59.9496
1300,territory:Kingdom of Sweden:1294,스웨덴 왕국,1.7,22.3488,59.9468
1300,territory:Kingdom of Sweden:1294,스웨덴 왕국,1.4,21.7721,59.9533
1300,territory:Kingdom of Sweden:1326,스웨덴 왕국,9.6,21.2948,59.9762
1300,territory:Kingdom of Sweden:1326,스웨덴 왕국,1.7,22.529,59.9716
1300,territory:Kingdom of Sweden:1294,스웨덴 왕국,2.2,22.4133,59.9527
1300,territory:Kingdom of Sweden:1294,스웨덴 왕국,0.8,22.6222,59.9767
1300,territory:Kingdom of Sweden:1294,스웨덴 왕국,0.9,22.3536,59.98
1300,territory:Old Kingdom of Norway:1272,노르웨이 왕국,1.0,5.1569,59.9894
1300,territory:Kingdom of Sweden:1326,스웨덴 왕국,24.0,20.859,60.0214
1300,territory:Kingdom of Sweden:1294,스웨덴 왕국,3.4,19.9984,60.0206
1300,territory:Kingdom of Sweden:1326,스웨덴 왕국,6.6,21.4654,60.0297
1300,territory:Novgorod Republic:1294,노브고로드 공화국,6.4,28.3746,60.0212
1300,territory:Kingdom of Sweden:1344,스웨덴 왕국,0.7,22.9408,60.0284
1300,territory:Kingdom of Sweden:1294,스웨덴 왕국,15.9,20.3813,60.0422
1300,territory:Kingdom of Sweden:1326,스웨덴 왕국,3.4,20.81,60.0699
1300,territory:Kingdom of Sweden:1326,스웨덴 왕국,5.7,21.3668,60.0742
1300,territory:Kingdom of Sweden:1294,스웨덴 왕국,2.2,20.3403,60.0752
1300,territory:Kingdom of Sweden:1326,스웨덴 왕국,4.1,20.7228,60.0845
1300,territory:Kingdom of Sweden:1294,스웨덴 왕국,8.0,20.5313,60.1023
1300,territory:Old Kingdom of Norway:1344,노르웨이 왕국,5.3,5.0621,60.1267
1300,territory:Kingdom of Sweden:1326,스웨덴 왕국,13.3,21.0776,60.1411
1300,territory:Kingdom of Sweden:1375,스웨덴 왕국,1.6,25.0464,60.1435
1300,territory:Kingdom of Sweden:1294,스웨덴 왕국,10.3,22.1219,60.1506
1300,territory:Kingdom of Sweden:1294,스웨덴 왕국,11.1,21.863,60.1469
1300,territory:Kingdom of Sweden:1294,스웨덴 왕국,2.4,22.2661,60.1475
1300,territory:Kingdom of Sweden:1294,스웨덴 왕국,4.5,20.2981,60.1567
1300,territory:Kingdom of Sweden:1326,스웨덴 왕국,5.2,21.3055,60.158
1300,territory:Kingdom of Sweden:1294,스웨덴 왕국,3.5,20.5934,60.1644
1300,territory:Old Kingdom of Norway:1395,노르웨이 왕국,2.5,5.3205,60.1579
1300,territory:Kingdom of Sweden:1294,스웨덴 왕국,1.3,20.335,60.1658
1300,territory:Kingdom of Sweden:1294,스웨덴 왕국,1.8,22.227,60.1722
1300,territory:Kingdom of Sweden:1294,스웨덴 왕국,4.0,20.4218,60.1698
1300,territory:Kingdom of Sweden:1294,스웨덴 왕국,1.3,22.1285,60.1819
1300,territory:Kingdom of Sweden:1294,스웨덴 왕국,11.5,21.6324,60.1941
1300,territory:Kingdom of Sweden:1294,스웨덴 왕국,18.3,19.3377,60.195
1300,territory:Kingdom of Sweden:1326,스웨덴 왕국,5.8,21.0002,60.2218
1300,territory:Kingdom of Sweden:1294,스웨덴 왕국,2.2,20.2961,60.2035
1300,territory:Kingdom of Sweden:1294,스웨덴 왕국,7.9,20.7342,60.2351
1300,territory:Kingdom of Sweden:1294,스웨덴 왕국,4.0,22.0675,60.2415
1300,territory:Kingdom of Sweden:1294,스웨덴 왕국,6.9,21.7693,60.255
1300,territory:Kingdom of Sweden:1294,스웨덴 왕국,2.6,21.7044,60.2601
1300,territory:Kingdom of Sweden:1294,스웨덴 왕국,9.1,19.5004,60.2511
1300,territory:Kingdom of Sweden:1294,스웨덴 왕국,2.7,18.6169,60.277
1300,territory:Kingdom of Sweden:1344,스웨덴 왕국,11.2,27.3084,60.2802
1300,territory:Kingdom of Sweden:1326,스웨덴 왕국,8.2,21.4123,60.278
1300,territory:Kingdom of Sweden:1294,스웨덴 왕국,3.0,21.6511,60.2922
1300,territory:Kingdom of Sweden:1294,스웨덴 왕국,3.5,21.8411,60.2904
1300,territory:Kingdom of Sweden:1294,스웨덴 왕국,7.1,20.5052,60.2881
1300,territory:Kingdom of Sweden:1294,스웨덴 왕국,1.9,21.7152,60.2968
1300,territory:Kingdom of Sweden:1294,스웨덴 왕국,4.3,21.5521,60.2935
1300,territory:Kingdom of Sweden:1326,스웨덴 왕국,4.8,21.0459,60.3016
1300,territory:Kingdom of Sweden:1294,스웨덴 왕국,5.2,20.3941,60.291
1300,territory:Kingdom of Sweden:1326,스웨덴 왕국,2.8,20.9812,60.3154
1300,territory:Kingdom of Sweden:1326,스웨덴 왕국,2.6,20.9207,60.3296
1300,territory:Kingdom of Sweden:1294,스웨덴 왕국,1.9,20.4049,60.3404
1300,territory:Kingdom of Sweden:1326,스웨덴 왕국,3.5,26.2053,60.3332
1300,territory:Kingdom of Sweden:1294,스웨덴 왕국,1.6,20.3613,60.345
1300,territory:Kingdom of Sweden:1326,스웨덴 왕국,5.8,21.1501,60.3504
1300,territory:Kingdom of Sweden:1294,스웨덴 왕국,1.4,20.312,60.3443
1300,territory:Kingdom of Sweden:1294,스웨덴 왕국,3.2,21.6739,60.3523
1300,territory:Kingdom of Sweden:1294,스웨덴 왕국,5.3,19.5864,60.3456
1300,territory:Kingdom of Sweden:1326,스웨덴 왕국,2.5,21.0693,60.349
1300,territory:Kingdom of Sweden:1294,스웨덴 왕국,3.6,26.7688,60.3585
1300,territory:Kingdom of Sweden:1294,스웨덴 왕국,6.6,20.698,60.3661
1300,territory:Kingdom of Sweden:1294,스웨덴 왕국,2.8,21.7566,60.3721
1300,territory:Kingdom of Sweden:1294,스웨덴 왕국,0.5,21.6658,60.3726
1300,territory:Kingdom of Sweden:1326,스웨덴 왕국,1.5,20.9147,60.3746
1300,territory:Kingdom of Sweden:1326,스웨덴 왕국,2.1,20.8687,60.3625
1300,territory:Kingdom of Sweden:1294,스웨덴 왕국,5.0,21.4808,60.3746
1300,territory:Kingdom of Sweden:1294,스웨덴 왕국,4.6,21.3834,60.3871
1300,territory:Kingdom of Sweden:1294,스웨덴 왕국,4.0,20.7698,60.3962
1300,territory:Kingdom of Sweden:1344,스웨덴 왕국,6.4,27.052,60.3881
1300,territory:Kingdom of Sweden:1326,스웨덴 왕국,1.8,20.8443,60.4106
1300,territory:Kingdom of Sweden:1294,스웨덴 왕국,5.1,20.6121,60.4097
1300,territory:Kingdom of Sweden:1326,스웨덴 왕국,2.6,21.0457,60.413
1300,territory:Kingdom of Sweden:1294,스웨덴 왕국,1.4,21.4179,60.4142
1300,territory:Kingdom of Sweden:1326,스웨덴 왕국,3.9,21.2108,60.4117
1300,territory:Kingdom of Sweden:1326,스웨덴 왕국,2.3,20.987,60.4194
1300,territory:Kingdom of Sweden:1294,스웨덴 왕국,4.4,20.2618,60.422
1300,territory:Kingdom of Sweden:1326,스웨덴 왕국,2.6,21.7019,60.4315
1300,territory:Kingdom of Sweden:1326,스웨덴 왕국,3.1,21.6223,60.4329
1300,territory:Kingdom of Sweden:1344,스웨덴 왕국,0.4,28.4988,60.4054
1300,territory:Kingdom of Sweden:1326,스웨덴 왕국,1.4,21.6571,60.4684
1300,territory:Kingdom of Sweden:1326,스웨덴 왕국,2.9,20.9368,60.4631
1300,territory:Kingdom of Sweden:1326,스웨덴 왕국,3.9,21.056,60.4952
1300,territory:Kingdom of Sweden:1344,스웨덴 왕국,2.1,21.5415,60.503
1300,territory:Kingdom of Sweden:1344,스웨덴 왕국,1.4,18.3856,60.5226
1300,territory:Kingdom of Sweden:1326,스웨덴 왕국,3.5,20.8795,60.5253
1300,territory:Kingdom of Sweden:1326,스웨덴 왕국,1.4,21.0695,60.5254
1300,territory:Kingdom of Sweden:1326,스웨덴 왕국,1.2,21.0459,60.5546
1300,territory:Old Kingdom of Norway:1272,노르웨이 왕국,5.3,4.8827,60.5251
1300,territory:Kingdom of Sweden:1326,스웨덴 왕국,3.7,21.302,60.714
1300,territory:Kingdom of Sweden:1326,스웨덴 왕국,9.3,21.0142,60.726
1300,territory:Kingdom of Sweden:1326,스웨덴 왕국,2.8,21.2642,60.7627
1300,territory:Kingdom of Sweden:1326,스웨덴 왕국,1.2,21.3519,60.7566
1300,territory:Kingdom of Sweden:1326,스웨덴 왕국,0.6,21.2877,60.7679
1300,territory:Old Kingdom of Norway:1272,노르웨이 왕국,13.9,4.72,60.767
1300,territory:Kingdom of Sweden:1294,스웨덴 왕국,0.4,17.3274,60.7961
1300,territory:Kingdom of Sweden:1326,스웨덴 왕국,5.8,21.1481,60.7923
1300,territory:Kingdom of Sweden:1326,스웨덴 왕국,2.0,21.2632,60.8109
1300,territory:Kingdom of Sweden:1326,스웨덴 왕국,2.0,21.3211,60.816
1300,territory:Kingdom of Sweden:1326,스웨덴 왕국,0.5,21.3053,60.8304
1300,territory:Kingdom of Sweden:1326,스웨덴 왕국,5.7,21.024,60.8405
1300,territory:Kingdom of Sweden:1294,스웨덴 왕국,2.2,21.182,60.992
1300,territory:Kingdom of Sweden:1314,스웨덴 왕국,1.1,17.2329,61.0412
1300,territory:Old Kingdom of Norway:1326,노르웨이 왕국,0.1,5.0366,61.1423
1300,territory:Kingdom of Sweden:1314,스웨덴 왕국,5.1,17.315,61.1557
1300,territory:Old Kingdom of Norway:1395,노르웨이 왕국,12.9,4.717,61.3006
1300,territory:Old Kingdom of Norway:1395,노르웨이 왕국,4.4,4.84,61.3465
1300,territory:Kingdom of Sweden:1326,스웨덴 왕국,5.7,21.3475,61.4776
1300,territory:Old Kingdom of Norway:1272,노르웨이 왕국,1.2,4.9439,61.5199
1300,territory:Kingdom of Sweden:1326,스웨덴 왕국,6.5,17.422,61.5487
1300,territory:Kingdom of Sweden:1344,스웨덴 왕국,1.6,17.2797,61.5634
1300,territory:Kingdom of Sweden:1326,스웨덴 왕국,2.4,21.428,61.6228
1300,territory:Old Kingdom of Norway:1272,노르웨이 왕국,3.1,4.8582,61.6119
1300,territory:Kingdom of Sweden:1326,스웨덴 왕국,1.4,17.5391,61.7234
1300,territory:Old Kingdom of Norway:1272,노르웨이 왕국,3.2,4.8558,61.7787
1300,territory:Kingdom of Sweden:1326,스웨덴 왕국,3.1,17.4838,61.9534
1300,territory:Kingdom of Sweden:1326,스웨덴 왕국,1.3,17.5165,61.9556
1300,territory:Ifat Sultanate:1333,Ifat Sultanate,15.7,43.4311,12.472
1300,territory:Rasulid Dynasty:1236,Rasulid Dynasty,37.5,42.944,12.8885
1300,territory:Rasulid Dynasty:1236,Rasulid Dynasty,3.4,42.9293,12.9342
1300,territory:Rasulid Dynasty:1236,Rasulid Dynasty,9.1,42.8494,13.028
1300,territory:Kingdom of England:1314,Kingdom of England,4.5,-6.0166,53.4833
1300,territory:Holy Roman Empire Minor States:1305,신성로마제국 소국,1.9,6.5831,53.5406
1300,territory:Holy Roman Empire Minor States:1375,신성로마제국 소국,2.3,6.8907,53.6379
1300,territory:Kingdom of England:1326,Kingdom of England,1.2,-4.8168,54.0522
1300,territory:Holy Roman Empire Minor States:1375,신성로마제국 소국,8.2,8.6745,54.0609
1300,territory:Kingdom of Denmark:1385,Kingdom of Denmark,2.1,11.537,54.9662
1300,territory:Kingdom of Denmark:1285,Kingdom of Denmark,9.1,15.1923,55.3194
1300,territory:Kingdom of Denmark:1385,Kingdom of Denmark,6.5,12.7593,55.6433
1300,territory:Kingdom of Denmark:1285,Kingdom of Denmark,3.7,10.3102,55.765
1300,territory:Kingdom of Denmark:1385,Kingdom of Denmark,4.0,14.8439,56.0098
1300,territory:Kingdom of Denmark:1385,Kingdom of Denmark,4.8,15.791,56.0247
1300,territory:Kingdom of Sweden:1344,스웨덴 왕국,1.9,14.9697,56.1178
1300,territory:Kingdom of Sweden:1344,스웨덴 왕국,0.3,15.4618,56.1105
1300,territory:Crown of Aragon:1294,Crown of Aragon,7.0,1.4455,38.715
1300,territory:Kingdom of France:1294,프랑스 왕국,3.7,-1.2913,45.96
1300,territory:Kingdom of France:1294,프랑스 왕국,19.1,-2.1105,49.207
1300,territory:Kingdom of England:1333,Kingdom of England,6.1,-6.3488,49.8916
1300,territory:Kingdom of England:1333,Kingdom of England,3.9,-6.3594,49.9531
1300,territory:Kingdom of England:1305,Kingdom of England,37.8,-6.9297,56.4818
1300,territory:Kingdom of England:1305,Kingdom of England,5.7,-7.4679,56.976
1300,territory:Viking settlements:1028,Viking settlements,9.0,-6.3278,56.974
1300,territory:Kingdom of England:1305,Kingdom of England,2.1,-7.3283,57.4585
1300,territory:Viking settlements:1028,Viking settlements,1.5,-6.763,61.8528
1300,territory:Marinid Sultanate:1352,마린 술탄국,17.9,10.8766,33.7675
1300,territory:Marinid Sultanate:1352,마린 술탄국,22.6,11.0408,34.6388
1300,territory:Marinid Sultanate:1352,마린 술탄국,7.7,11.1821,34.696
1300,territory:Crown of Aragon:1363,Crown of Aragon,6.6,8.2864,39.1752
1300,territory:Kingdom of Naples:1285,Kingdom of Naples,8.2,13.9058,40.7253
1300,territory:Holy Roman Empire Minor States:1305,신성로마제국 소국,7.9,5.348,53.4098
1300,territory:Holy Roman Empire Minor States:1375,신성로마제국 소국,7.3,11.1345,54.4735
1300,territory:Kingdom of Denmark:1285,Kingdom of Denmark,5.0,8.5003,54.7218
1300,territory:Kingdom of Denmark:1285,Kingdom of Denmark,8.3,10.3929,54.8778
1300,territory:Kingdom of Denmark:1344,Kingdom of Denmark,9.0,8.3454,54.9198
1300,territory:Kingdom of Denmark:1352,Kingdom of Denmark,13.6,12.3556,54.9873
1300,territory:Kingdom of Denmark:1352,Kingdom of Denmark,4.5,12.6039,55.6535
1300,territory:Kingdom of Denmark:1285,Kingdom of Denmark,25.4,10.9805,57.278
1300,territory:Old Kingdom of Norway:1272,노르웨이 왕국,4.2,11.6058,57.976
1300,territory:Old Kingdom of Norway:1272,노르웨이 왕국,0.4,5.2395,59.2865
1300,territory:Old Kingdom of Norway:1272,노르웨이 왕국,3.7,4.899,61.0877
1300,territory:Kingdom of Hungary:1385,헝가리 왕국,34.6,16.2712,42.3874
1300,territory:Kingdom of Hungary:1385,헝가리 왕국,0.3,16.2754,42.3887
1300,territory:Kingdom of Hungary:1385,헝가리 왕국,0.9,16.2609,42.392
1300,territory:Kingdom of Hungary:1385,헝가리 왕국,12.4,16.158,43.0528
1300,territory:Kingdom of Hungary:1385,헝가리 왕국,9.2,16.5892,43.1935
1300,territory:Kingdom of Hungary:1385,헝가리 왕국,6.4,16.6437,43.3353
1300,territory:Kingdom of Hungary:1385,헝가리 왕국,1.9,15.0066,44.4507
1300,territory:Byzantine Empire:1352,비잔티움 제국,10.0,20.6508,38.7362
1300,territory:Kingdom of Sweden:1294,스웨덴 왕국,2.4,19.1014,57.9155
1300,territory:Kingdom of Sweden:1294,스웨덴 왕국,6.6,20.1389,60.0345
1300,territory:Kingdom of Sweden:1294,스웨덴 왕국,4.1,19.5929,60.171
1300,territory:Byzantine Empire:1326,비잔티움 제국,8.5,23.5052,37.3388
1300,territory:Byzantine Empire:1326,비잔티움 제국,15.1,23.4882,37.7302
1300,territory:Crown of Aragon:1385,Crown of Aragon,2.7,23.4951,37.9585
1300,territory:Byzantine Empire:1305,비잔티움 제국,34.9,23.6983,39.1437
1300,territory:Teutonic Order:1333,Teutonic Order,12.6,23.2116,58.635
1300,territory:Teutonic Order:1333,Teutonic Order,18.7,23.225,58.998
1300,territory:Kingdom of Sweden:1326,스웨덴 왕국,8.4,21.3759,59.7807
1300,territory:Kingdom of Sweden:1294,스웨덴 왕국,3.0,21.5825,60.1457
1300,territory:Kingdom of Sweden:1294,스웨덴 왕국,4.9,22.1653,60.2905
1300,territory:Kingdom of Sweden:1294,스웨덴 왕국,0.9,21.9066,60.3987
1300,territory:Mamluk Sultanate:1352,맘루크 술탄국,11.6,36.8936,25.3897
1300,territory:Mamluk Sultanate:1352,맘루크 술탄국,21.4,36.5596,25.6077
1300,territory:Byzantine Empire:1305,비잔티움 제국,30.9,27.3668,36.4102
1300,territory:Byzantine Empire:1305,비잔티움 제국,15.3,27.8188,36.5828
1300,territory:Byzantine Empire:1305,비잔티움 제국,21.5,25.3195,36.7477
1300,territory:Byzantine Empire:1294,비잔티움 제국,8.2,27.154,36.8317
1300,territory:Byzantine Empire:1294,비잔티움 제국,10.2,26.9874,36.9875
1300,territory:Byzantine Empire:1305,비잔티움 제국,10.2,25.2035,37.0798
1300,territory:Byzantine Empire:1305,비잔티움 제국,34.3,24.4875,37.1635
1300,territory:Byzantine Empire:1305,비잔티움 제국,15.5,24.4201,37.3575
1300,territory:Byzantine Empire:1326,비잔티움 제국,26.5,24.9137,37.4057
1300,territory:Byzantine Empire:1305,비잔티움 제국,26.2,25.3748,37.444
1300,territory:Byzantine Empire:1326,비잔티움 제국,15.9,25.1514,37.607
1300,territory:Byzantine Empire:1385,비잔티움 제국,19.4,25.5698,40.4688
1300,territory:Beylik of Karasi:1333,Beylik of Karasi,19.0,27.6128,40.6268
1300,territory:Rasulid Dynasty:1236,Rasulid Dynasty,4.1,42.9382,12.8384
1300,territory:Rasulid Dynasty:1236,Rasulid Dynasty,31.3,42.7478,14.0002
1300,territory:Ethiopian Empire:1333,Ethiopian Empire,11.0,40.314,15.0222
1300,territory:Rasulid Dynasty:1236,Rasulid Dynasty,14.3,42.587,15.3505
1300,territory:Bahrani Dynasty:1260,Bahrani Dynasty,2.2,53.8096,24.1797
1300,territory:Bahrani Dynasty:1260,Bahrani Dynasty,6.5,52.6023,24.3268
1300,territory:Bahrani Dynasty:1260,Bahrani Dynasty,2.7,54.2259,24.3362
1300,territory:Bahrani Dynasty:1260,Bahrani Dynasty,18.5,53.3838,24.34
1300,territory:Ilkhanate:1314,일 칸국,17.7,53.9823,26.5143
1300,territory:Timurid Empire:1395,티무르 제국,30.2,47.7348,43.9705
1300,territory:White Horde:1363,백장 칸국,16.5,52.6249,45.469
1300,territory:Golden Horde:1344,킵차크 칸국,12.7,47.9502,45.5785
1300,territory:Golden Horde:1326,킵차크 칸국,25.4,49.7897,46.2885
1400,territory:Ethiopian Empire:1333,Ethiopian Empire,37.7,40.2492,15.1515
1400,territory:Rasulid Dynasty:1236,Rasulid Dynasty,31.2,42.4068,15.7254
1400,territory:Bahrani Dynasty:1475,Bahrani Dynasty,13.3,52.0107,24.2305
1400,territory:Bahrani Dynasty:1260,Bahrani Dynasty,23.7,51.7316,24.5858
1400,territory:Mamluk Sultanate:1385,맘루크 술탄국,10.4,37.0901,24.9611
1400,territory:Bahrani Dynasty:1260,Bahrani Dynasty,0.1,55.1164,25.1155
1400,territory:Bahrani Dynasty:1260,Bahrani Dynasty,0.0,55.1746,25.1928
1400,territory:Bahrani Dynasty:1260,Bahrani Dynasty,0.2,55.1725,25.1946
1400,territory:Bahrani Dynasty:1260,Bahrani Dynasty,1.5,55.1568,25.1952
1400,territory:Bahrani Dynasty:1260,Bahrani Dynasty,0.1,55.1751,25.1951
1400,territory:Bahrani Dynasty:1260,Bahrani Dynasty,0.2,55.1597,25.1959
1400,territory:Bahrani Dynasty:1260,Bahrani Dynasty,0.3,55.1527,25.1958
1400,territory:Bahrani Dynasty:1260,Bahrani Dynasty,0.2,55.1695,25.1958
1400,territory:Bahrani Dynasty:1260,Bahrani Dynasty,0.1,55.1756,25.1965
1400,territory:Bahrani Dynasty:1260,Bahrani Dynasty,0.2,55.1492,25.1969
1400,territory:Bahrani Dynasty:1260,Bahrani Dynasty,0.2,55.1669,25.1969
1400,territory:Bahrani Dynasty:1260,Bahrani Dynasty,0.2,55.1729,25.1979
1400,territory:Bahrani Dynasty:1260,Bahrani Dynasty,0.2,55.1537,25.1977
1400,territory:Bahrani Dynasty:1260,Bahrani Dynasty,0.1,55.1507,25.1985
1400,territory:Bahrani Dynasty:1260,Bahrani Dynasty,0.2,55.1561,25.1985
1400,territory:Bahrani Dynasty:1260,Bahrani Dynasty,0.2,55.1693,25.1988
1400,territory:Bahrani Dynasty:1260,Bahrani Dynasty,0.2,55.1466,25.1998
1400,territory:Bahrani Dynasty:1260,Bahrani Dynasty,0.2,55.1718,25.2
1400,territory:Bahrani Dynasty:1260,Bahrani Dynasty,0.1,55.1751,25.199
1400,territory:Bahrani Dynasty:1260,Bahrani Dynasty,0.2,55.1495,25.2
1400,territory:Bahrani Dynasty:1260,Bahrani Dynasty,0.2,55.1656,25.1998
1400,territory:Bahrani Dynasty:1260,Bahrani Dynasty,0.2,55.1525,25.2005
1400,territory:Bahrani Dynasty:1260,Bahrani Dynasty,0.2,55.1635,25.2009
1400,territory:Bahrani Dynasty:1260,Bahrani Dynasty,0.2,55.1679,25.201
1400,territory:Bahrani Dynasty:1260,Bahrani Dynasty,0.2,55.1558,25.2011
1400,territory:Bahrani Dynasty:1260,Bahrani Dynasty,0.1,55.1479,25.2015
1400,territory:Bahrani Dynasty:1260,Bahrani Dynasty,0.1,55.1656,25.2022
1400,territory:Bahrani Dynasty:1260,Bahrani Dynasty,0.2,55.1709,25.2019
1400,territory:Bahrani Dynasty:1260,Bahrani Dynasty,0.2,55.1505,25.2029
1400,territory:Bahrani Dynasty:1260,Bahrani Dynasty,0.1,55.1734,25.2023
1400,territory:Bahrani Dynasty:1260,Bahrani Dynasty,0.2,55.1527,25.2031
1400,territory:Bahrani Dynasty:1260,Bahrani Dynasty,0.2,55.1584,25.2028
1400,territory:Bahrani Dynasty:1260,Bahrani Dynasty,0.1,55.1548,25.2038
1400,territory:Bahrani Dynasty:1260,Bahrani Dynasty,0.2,55.1466,25.2041
1400,territory:Bahrani Dynasty:1260,Bahrani Dynasty,0.1,55.1492,25.2039
1400,territory:Bahrani Dynasty:1260,Bahrani Dynasty,0.1,55.1583,25.2055
1400,territory:Bahrani Dynasty:1260,Bahrani Dynasty,0.2,55.1556,25.2056
1400,territory:Bahrani Dynasty:1260,Bahrani Dynasty,0.2,55.1464,25.2067
1400,territory:Bahrani Dynasty:1260,Bahrani Dynasty,0.2,55.1534,25.2067
1400,territory:Bahrani Dynasty:1260,Bahrani Dynasty,0.2,55.1497,25.2069
1400,territory:Bahrani Dynasty:1260,Bahrani Dynasty,0.2,55.1592,25.2076
1400,territory:Bahrani Dynasty:1260,Bahrani Dynasty,0.4,55.1751,25.2073
1400,territory:Bahrani Dynasty:1260,Bahrani Dynasty,0.2,55.1566,25.2082
1400,territory:Bahrani Dynasty:1260,Bahrani Dynasty,0.1,55.1831,25.2079
1400,territory:Bahrani Dynasty:1260,Bahrani Dynasty,0.2,55.1517,25.2088
1400,territory:Bahrani Dynasty:1260,Bahrani Dynasty,0.2,55.1802,25.209
1400,territory:Bahrani Dynasty:1260,Bahrani Dynasty,0.1,55.1456,25.2087
1400,territory:Bahrani Dynasty:1260,Bahrani Dynasty,0.2,55.1734,25.2093
1400,territory:Bahrani Dynasty:1260,Bahrani Dynasty,0.2,55.1771,25.2092
1400,territory:Bahrani Dynasty:1260,Bahrani Dynasty,0.1,55.1517,25.2104
1400,territory:Bahrani Dynasty:1260,Bahrani Dynasty,0.2,55.1486,25.2104
1400,territory:Bahrani Dynasty:1260,Bahrani Dynasty,0.1,55.1848,25.2108
1400,territory:Bahrani Dynasty:1260,Bahrani Dynasty,0.1,55.1461,25.2111
1400,territory:Bahrani Dynasty:1260,Bahrani Dynasty,0.2,55.1705,25.2103
1400,territory:Bahrani Dynasty:1260,Bahrani Dynasty,0.1,55.1826,25.2113
1400,territory:Bahrani Dynasty:1260,Bahrani Dynasty,0.2,55.175,25.2114
1400,territory:Bahrani Dynasty:1260,Bahrani Dynasty,0.1,55.1807,25.2126
1400,territory:Bahrani Dynasty:1260,Bahrani Dynasty,0.2,55.1846,25.2131
1400,territory:Bahrani Dynasty:1260,Bahrani Dynasty,0.2,55.172,25.2132
1400,territory:Bahrani Dynasty:1260,Bahrani Dynasty,0.2,55.1778,25.2132
1400,territory:Bahrani Dynasty:1260,Bahrani Dynasty,0.5,55.1567,25.2135
1400,territory:Bahrani Dynasty:1260,Bahrani Dynasty,0.2,55.154,25.214
1400,territory:Bahrani Dynasty:1260,Bahrani Dynasty,0.3,55.1681,25.214
1400,territory:Bahrani Dynasty:1260,Bahrani Dynasty,0.1,55.1757,25.2145
1400,territory:Bahrani Dynasty:1260,Bahrani Dynasty,0.1,55.1815,25.2144
1400,territory:Bahrani Dynasty:1260,Bahrani Dynasty,0.3,55.1461,25.2149
1400,territory:Bahrani Dynasty:1260,Bahrani Dynasty,0.1,55.1831,25.2151
1400,territory:Bahrani Dynasty:1260,Bahrani Dynasty,0.1,55.1781,25.2154
1400,territory:Bahrani Dynasty:1260,Bahrani Dynasty,0.2,55.151,25.2155
1400,territory:Bahrani Dynasty:1260,Bahrani Dynasty,0.4,55.1637,25.2158
1400,territory:Bahrani Dynasty:1260,Bahrani Dynasty,0.1,55.1445,25.2156
1400,territory:Bahrani Dynasty:1260,Bahrani Dynasty,0.1,55.1519,25.2164
1400,territory:Bahrani Dynasty:1260,Bahrani Dynasty,0.2,55.1555,25.2166
1400,territory:Bahrani Dynasty:1260,Bahrani Dynasty,0.1,55.1813,25.2168
1400,territory:Bahrani Dynasty:1260,Bahrani Dynasty,0.2,55.1487,25.2162
1400,territory:Bahrani Dynasty:1260,Bahrani Dynasty,0.1,55.1753,25.2167
1400,territory:Bahrani Dynasty:1260,Bahrani Dynasty,0.2,55.1681,25.2169
1400,territory:Bahrani Dynasty:1260,Bahrani Dynasty,0.1,55.1705,25.2163
1400,territory:Bahrani Dynasty:1260,Bahrani Dynasty,0.1,55.1771,25.2166
1400,territory:Bahrani Dynasty:1260,Bahrani Dynasty,0.1,55.1533,25.2173
1400,territory:Bahrani Dynasty:1260,Bahrani Dynasty,0.1,55.1646,25.2174
1400,territory:Bahrani Dynasty:1260,Bahrani Dynasty,0.1,55.1721,25.2177
1400,territory:Bahrani Dynasty:1260,Bahrani Dynasty,0.1,55.146,25.2177
1400,territory:Bahrani Dynasty:1260,Bahrani Dynasty,0.2,55.1838,25.2181
1400,territory:Bahrani Dynasty:1260,Bahrani Dynasty,0.2,55.1881,25.2185
1400,territory:Bahrani Dynasty:1260,Bahrani Dynasty,0.1,55.1708,25.2184
1400,territory:Bahrani Dynasty:1260,Bahrani Dynasty,0.1,55.1497,25.2188
1400,territory:Bahrani Dynasty:1260,Bahrani Dynasty,0.1,55.1676,25.2182
1400,territory:Bahrani Dynasty:1260,Bahrani Dynasty,0.5,55.1399,25.2059
1400,territory:Bahrani Dynasty:1260,Bahrani Dynasty,0.1,55.1523,25.2189
1400,territory:Bahrani Dynasty:1260,Bahrani Dynasty,0.2,55.1555,25.2192
1400,territory:Bahrani Dynasty:1260,Bahrani Dynasty,0.0,55.1902,25.2191
1400,territory:Bahrani Dynasty:1260,Bahrani Dynasty,0.3,55.1795,25.2197
1400,territory:Bahrani Dynasty:1260,Bahrani Dynasty,0.1,55.1696,25.2193
1400,territory:Bahrani Dynasty:1260,Bahrani Dynasty,0.2,55.1762,25.2198
1400,territory:Bahrani Dynasty:1260,Bahrani Dynasty,0.1,55.1886,25.22
1400,territory:Bahrani Dynasty:1260,Bahrani Dynasty,0.2,55.1819,25.2196
1400,territory:Bahrani Dynasty:1260,Bahrani Dynasty,0.1,55.1779,25.2198
1400,territory:Bahrani Dynasty:1260,Bahrani Dynasty,0.1,55.1747,25.22
1400,territory:Bahrani Dynasty:1260,Bahrani Dynasty,0.1,55.1509,25.2203
1400,territory:Bahrani Dynasty:1260,Bahrani Dynasty,0.2,55.1468,25.2204
1400,territory:Bahrani Dynasty:1260,Bahrani Dynasty,0.2,55.1665,25.221
1400,territory:Bahrani Dynasty:1260,Bahrani Dynasty,0.1,55.1455,25.2209
1400,territory:Bahrani Dynasty:1260,Bahrani Dynasty,0.1,55.1484,25.2212
1400,territory:Bahrani Dynasty:1260,Bahrani Dynasty,0.1,55.1439,25.2214
1400,territory:Bahrani Dynasty:1260,Bahrani Dynasty,0.2,55.1686,25.2215
1400,territory:Bahrani Dynasty:1260,Bahrani Dynasty,0.2,55.172,25.221
1400,territory:Bahrani Dynasty:1260,Bahrani Dynasty,0.1,55.1769,25.2218
1400,territory:Bahrani Dynasty:1260,Bahrani Dynasty,0.1,55.1746,25.2221
1400,territory:Bahrani Dynasty:1260,Bahrani Dynasty,0.2,55.1813,25.2219
1400,territory:Bahrani Dynasty:1260,Bahrani Dynasty,0.2,55.1529,25.2217
1400,territory:Bahrani Dynasty:1260,Bahrani Dynasty,0.2,55.1695,25.2237
1400,territory:Bahrani Dynasty:1260,Bahrani Dynasty,0.1,55.1495,25.2234
1400,territory:Bahrani Dynasty:1260,Bahrani Dynasty,0.4,55.1628,25.2231
1400,territory:Bahrani Dynasty:1260,Bahrani Dynasty,0.1,55.1733,25.2237
1400,territory:Bahrani Dynasty:1260,Bahrani Dynasty,0.3,55.1876,25.2237
1400,territory:Bahrani Dynasty:1260,Bahrani Dynasty,0.1,55.1469,25.2246
1400,territory:Bahrani Dynasty:1260,Bahrani Dynasty,0.2,55.1781,25.2242
1400,territory:Bahrani Dynasty:1260,Bahrani Dynasty,0.2,55.1918,25.225
1400,territory:Bahrani Dynasty:1260,Bahrani Dynasty,0.2,55.1432,25.2245
1400,territory:Bahrani Dynasty:1260,Bahrani Dynasty,0.2,55.1754,25.2252
1400,territory:Bahrani Dynasty:1260,Bahrani Dynasty,0.2,55.184,25.2242
1400,territory:Bahrani Dynasty:1260,Bahrani Dynasty,0.1,55.1814,25.225
1400,territory:Bahrani Dynasty:1260,Bahrani Dynasty,0.2,55.1894,25.2257
1400,territory:Bahrani Dynasty:1260,Bahrani Dynasty,0.1,55.1853,25.2255
1400,territory:Bahrani Dynasty:1260,Bahrani Dynasty,0.1,55.1708,25.2254
1400,territory:Bahrani Dynasty:1260,Bahrani Dynasty,0.3,55.1651,25.2266
1400,territory:Bahrani Dynasty:1260,Bahrani Dynasty,0.2,55.1485,25.2265
1400,territory:Bahrani Dynasty:1260,Bahrani Dynasty,0.2,55.1661,25.2248
1400,territory:Bahrani Dynasty:1260,Bahrani Dynasty,0.2,55.1778,25.2271
1400,territory:Bahrani Dynasty:1260,Bahrani Dynasty,0.1,55.189,25.2273
1400,territory:Bahrani Dynasty:1260,Bahrani Dynasty,0.2,55.1623,25.227
1400,territory:Bahrani Dynasty:1260,Bahrani Dynasty,0.2,55.1729,25.2269
1400,territory:Bahrani Dynasty:1260,Bahrani Dynasty,0.1,55.1801,25.2273
1400,territory:Bahrani Dynasty:1260,Bahrani Dynasty,0.1,55.175,25.2274
1400,territory:Bahrani Dynasty:1260,Bahrani Dynasty,0.2,55.1831,25.228
1400,territory:Bahrani Dynasty:1260,Bahrani Dynasty,0.2,55.1864,25.2283
1400,territory:Bahrani Dynasty:1260,Bahrani Dynasty,0.2,55.1698,25.2291
1400,territory:Bahrani Dynasty:1260,Bahrani Dynasty,0.1,55.1808,25.2292
1400,territory:Bahrani Dynasty:1260,Bahrani Dynasty,0.2,55.1732,25.2296
1400,territory:Bahrani Dynasty:1260,Bahrani Dynasty,0.2,55.1869,25.2305
1400,territory:Bahrani Dynasty:1260,Bahrani Dynasty,0.3,55.1773,25.2302
1400,territory:Bahrani Dynasty:1260,Bahrani Dynasty,0.2,55.1841,25.2305
1400,territory:Bahrani Dynasty:1260,Bahrani Dynasty,0.1,55.1713,25.2306
1400,territory:Bahrani Dynasty:1260,Bahrani Dynasty,0.1,55.1807,25.2309
1400,territory:Bahrani Dynasty:1260,Bahrani Dynasty,0.2,55.1896,25.2308
1400,territory:Bahrani Dynasty:1260,Bahrani Dynasty,0.2,55.1673,25.2298
1400,territory:Bahrani Dynasty:1260,Bahrani Dynasty,0.2,55.1647,25.2317
1400,territory:Bahrani Dynasty:1260,Bahrani Dynasty,0.1,55.1874,25.2321
1400,territory:Bahrani Dynasty:1260,Bahrani Dynasty,0.2,55.1742,25.232
1400,territory:Bahrani Dynasty:1260,Bahrani Dynasty,0.1,55.19,25.2326
1400,territory:Bahrani Dynasty:1260,Bahrani Dynasty,0.1,55.1875,25.2335
1400,territory:Bahrani Dynasty:1260,Bahrani Dynasty,0.2,55.1822,25.2333
1400,territory:Bahrani Dynasty:1260,Bahrani Dynasty,0.1,55.191,25.2341
1400,territory:Bahrani Dynasty:1260,Bahrani Dynasty,0.1,55.1761,25.2337
1400,territory:Bahrani Dynasty:1260,Bahrani Dynasty,0.2,55.1711,25.234
1400,territory:Bahrani Dynasty:1260,Bahrani Dynasty,0.2,55.1843,25.234
1400,territory:Bahrani Dynasty:1260,Bahrani Dynasty,0.1,55.1791,25.2352
1400,territory:Bahrani Dynasty:1260,Bahrani Dynasty,0.2,55.1689,25.2348
1400,territory:Bahrani Dynasty:1260,Bahrani Dynasty,0.3,55.1631,25.2345
1400,territory:Bahrani Dynasty:1260,Bahrani Dynasty,0.2,55.186,25.2361
1400,territory:Bahrani Dynasty:1260,Bahrani Dynasty,0.1,55.1825,25.2362
1400,territory:Bahrani Dynasty:1260,Bahrani Dynasty,0.3,55.176,25.237
1400,territory:Bahrani Dynasty:1260,Bahrani Dynasty,0.1,55.1787,25.2374
1400,territory:Bahrani Dynasty:1260,Bahrani Dynasty,0.2,55.1732,25.2374
1400,territory:Bahrani Dynasty:1260,Bahrani Dynasty,0.2,55.1692,25.2379
1400,territory:Bahrani Dynasty:1260,Bahrani Dynasty,0.1,55.1752,25.2391
1400,territory:Bahrani Dynasty:1260,Bahrani Dynasty,0.2,55.1798,25.2393
1400,territory:Bahrani Dynasty:1260,Bahrani Dynasty,0.2,55.1842,25.239
1400,territory:Bahrani Dynasty:1260,Bahrani Dynasty,0.2,55.1775,25.24
1400,territory:Bahrani Dynasty:1260,Bahrani Dynasty,0.3,55.1896,25.2388
1400,territory:Bahrani Dynasty:1260,Bahrani Dynasty,0.3,55.1658,25.2391
1400,territory:Bahrani Dynasty:1260,Bahrani Dynasty,0.1,55.1806,25.2406
1400,territory:Bahrani Dynasty:1260,Bahrani Dynasty,0.2,55.1863,25.2413
1400,territory:Bahrani Dynasty:1260,Bahrani Dynasty,0.5,55.1979,25.2404
1400,territory:Bahrani Dynasty:1260,Bahrani Dynasty,0.2,55.1678,25.2418
1400,territory:Bahrani Dynasty:1260,Bahrani Dynasty,0.1,55.1816,25.2419
1400,territory:Bahrani Dynasty:1260,Bahrani Dynasty,0.3,55.1722,25.241
1400,territory:Bahrani Dynasty:1260,Bahrani Dynasty,0.2,55.1783,25.2422
1400,territory:Bahrani Dynasty:1260,Bahrani Dynasty,0.1,55.187,25.2426
1400,territory:Bahrani Dynasty:1260,Bahrani Dynasty,0.2,55.1837,25.243
1400,territory:Bahrani Dynasty:1260,Bahrani Dynasty,0.2,55.175,25.2424
1400,territory:Bahrani Dynasty:1260,Bahrani Dynasty,0.1,55.1735,25.244
1400,territory:Bahrani Dynasty:1260,Bahrani Dynasty,0.1,55.1792,25.2442
1400,territory:Bahrani Dynasty:1260,Bahrani Dynasty,0.1,55.1862,25.2444
1400,territory:Bahrani Dynasty:1260,Bahrani Dynasty,0.6,55.1319,25.2177
1400,territory:Bahrani Dynasty:1260,Bahrani Dynasty,0.3,55.1825,25.2471
1400,territory:Bahrani Dynasty:1260,Bahrani Dynasty,0.3,55.1747,25.2486
1400,territory:Bahrani Dynasty:1260,Bahrani Dynasty,1.1,55.1571,25.25
1400,territory:Aq Qoyunlu:1475,백양 왕조,23.4,55.3051,26.269
1400,territory:Mamluk Sultanate:1468,맘루크 술탄국,3.7,35.7657,27.1078
1400,territory:Republic of Venice:1415,Republic of Venice,14.2,25.7058,34.8736
1400,territory:Republic of Venice:1415,Republic of Venice,11.1,26.1363,34.9346
1400,territory:Marinid Sultanate:1363,마린 술탄국,6.0,-2.4427,35.178
1400,territory:Marinid Sultanate:1363,마린 술탄국,1.6,-2.4216,35.1796
1400,territory:Marinid Sultanate:1363,마린 술탄국,0.7,-2.4313,35.1837
1400,territory:Republic of Venice:1415,Republic of Venice,9.8,25.2147,35.4461
1400,territory:Kingdom of Portugal:1468,Kingdom of Portugal,4.9,-5.4186,35.9126
1400,territory:Beylik of Teke:1422,Beylik of Teke,6.1,29.6571,36.1342
1400,territory:Beylik of Teke:1422,Beylik of Teke,6.6,29.7467,36.1286
1400,territory:Ottoman Empire:1463,오스만 제국,4.0,29.4966,36.157
1400,territory:Ottoman Empire:1475,오스만 제국,5.3,29.5849,36.143
1400,territory:Beylik of Karaman:1429,Beylik of Karaman,11.6,33.7804,36.1762
1400,territory:Ottoman Empire:1463,오스만 제국,1.7,29.8792,36.1835
1400,territory:Republic of Venice:1415,Republic of Venice,4.5,22.9586,36.4866
1400,territory:Ottoman Empire:1468,오스만 제국,4.7,28.1257,36.5989
1400,territory:Beylik of Teke:1422,Beylik of Teke,4.8,28.9183,36.6684
1400,territory:Ottoman Empire:1450,오스만 제국,34.6,27.1401,36.9429
1400,territory:Kingdom of Portugal:1497,Kingdom of Portugal,2.3,-7.9066,36.9842
1400,territory:Ottoman Empire:1450,오스만 제국,18.7,27.4647,36.9758
1400,territory:Kingdom of Portugal:1497,Kingdom of Portugal,1.2,-7.8944,36.9952
1400,territory:Ottoman Empire:1450,오스만 제국,9.3,27.0912,37.0593
1400,territory:Ottoman Empire:1475,오스만 제국,8.3,21.5492,37.0489
1400,territory:Hafsid Dynasty:1453,Hafsid Dynasty,11.8,10.8032,37.1291
1400,territory:Ottoman Empire:1450,오스만 제국,13.2,27.0892,37.2864
1400,territory:Ottoman Empire:1450,오스만 제국,28.8,26.757,37.3005
1400,territory:Ottoman Empire:1450,오스만 제국,5.3,26.7337,37.387
1400,territory:Ottoman Empire:1450,오스만 제국,17.3,26.9735,37.4605
1400,territory:Republic of Venice:1415,Republic of Venice,26.6,23.9273,37.4756
1400,territory:Hafsid Dynasty:1453,Hafsid Dynasty,35.1,8.9372,37.5288
1400,territory:Ottoman Empire:1450,오스만 제국,0.2,27.1646,37.5786
1400,territory:Ottoman Empire:1450,오스만 제국,29.5,26.4286,37.5831
1400,territory:Ottoman Empire:1450,오스만 제국,4.9,26.5115,37.5906
1400,territory:Republic of Venice:1415,Republic of Venice,14.3,23.948,37.6486
1400,territory:Republic of Venice:1415,Republic of Venice,7.9,24.1228,37.7016
1400,territory:Ottoman Empire:1459,오스만 제국,10.8,23.7592,37.769
1400,territory:Crown of Aragon:1422,Crown of Aragon,19.1,24.2583,38.0038
1400,territory:Ottoman Empire:1463,오스만 제국,4.0,26.3417,38.4391
1400,territory:Ottoman Empire:1463,오스만 제국,6.5,26.2841,38.5035
1400,territory:Ottoman Empire:1463,오스만 제국,4.1,26.2288,38.5215
1400,territory:Ottoman Empire:1463,오스만 제국,11.4,26.7121,38.5036
1400,territory:Republic of Venice:1415,Republic of Venice,2.1,24.358,38.8379
1400,territory:Republic of Venice:1415,Republic of Venice,22.2,24.1084,39.0785
1400,territory:Ottoman Empire:1450,오스만 제국,18.8,20.2293,39.1444
1400,territory:Republic of Venice:1415,Republic of Venice,27.6,24.322,39.3498
1400,territory:Kingdom of Portugal:1497,Kingdom of Portugal,8.3,-9.5086,39.4157
1400,territory:Republic of Venice:1415,Republic of Venice,13.2,24.1686,39.3946
1400,territory:Republic of Venice:1415,Republic of Venice,18.9,19.5232,39.7704
1400,territory:Republic of Venice:1415,Republic of Venice,11.3,19.3991,39.85
1400,territory:Republic of Venice:1415,Republic of Venice,10.4,19.5814,39.8853
1400,territory:Ottoman Empire:1463,오스만 제국,8.5,19.2804,40.4934
1400,territory:Crown of Aragon:1450,Crown of Aragon,20.0,14.2279,40.5502
1400,territory:Ottoman Empire:1468,오스만 제국,13.0,28.5278,40.5314
1400,territory:Crown of Aragon:1450,Crown of Aragon,12.2,14.0141,40.7542
1400,territory:Ottoman Empire:1475,오스만 제국,3.4,29.1137,40.8508
1400,territory:Papal States:1463,Papal States,34.7,12.9551,40.9106
1400,territory:Papal States:1463,Papal States,7.9,12.8559,40.9364
1400,territory:Papal States:1463,Papal States,6.3,13.0567,40.9706
1400,territory:Crown of Aragon:1482,Crown of Aragon,0.1,9.3416,41.2427
1400,territory:Crown of Aragon:1482,Crown of Aragon,2.6,9.3419,41.2833
1400,territory:Crown of Aragon:1482,Crown of Aragon,1.9,9.3712,41.299
1400,territory:Crown of Aragon:1482,Crown of Aragon,1.3,9.3411,41.3022
1400,territory:Crown of Aragon:1482,Crown of Aragon,6.7,9.2528,41.3366
1400,territory:Crown of Aragon:1482,Crown of Aragon,2.1,9.2576,41.367
1400,territory:Kingdom of Naples:1497,Kingdom of Naples,15.1,15.4859,42.1105
1400,territory:Holy Roman Empire Minor States:1463,신성로마제국 소국,19.6,11.0983,42.2489
1400,territory:Kingdom of Bosnia:1395,Kingdom of Bosnia,6.2,17.8807,42.7268
1400,territory:Kingdom of Hungary:1402,헝가리 왕국,25.0,16.5143,42.7615
1400,territory:Kingdom of Hungary:1395,헝가리 왕국,39.5,16.0091,42.9673
1400,territory:Kingdom of Hungary:1395,헝가리 왕국,21.0,15.7446,43.024
1400,territory:Kingdom of France:1492,프랑스 왕국,11.6,6.46,43.03
1400,territory:Kingdom of Hungary:1402,헝가리 왕국,1.0,16.6998,43.0909
1400,territory:Kingdom of Hungary:1440,헝가리 왕국,1.6,16.1436,43.4401
1400,territory:County of Savoy:1402,County of Savoy,3.2,7.0471,43.5205
1400,territory:Republic of Venice:1492,Republic of Venice,4.0,15.8502,43.6851
1400,territory:Republic of Venice:1415,Republic of Venice,6.7,15.7006,43.6957
1400,territory:Republic of Venice:1492,Republic of Venice,4.8,15.6076,43.8011
1400,territory:Republic of Venice:1415,Republic of Venice,7.6,15.1114,44.0403
1400,territory:Republic of Venice:1415,Republic of Venice,4.9,15.0669,44.3058
1400,territory:Kingdom of Hungary:1395,헝가리 왕국,14.9,14.6928,44.3826
1400,territory:Republic of Venice:1415,Republic of Venice,5.1,14.9181,44.4305
1400,territory:Timurid Empire:1395,티무르 제국,33.6,47.4991,44.4544
1400,territory:Republic of Venice:1415,Republic of Venice,3.3,14.2998,44.5093
1400,territory:Timurid Empire:1440,티무르 제국,10.8,50.5832,44.7962
1400,territory:Republic of Venice:1415,Republic of Venice,1.4,13.7642,44.9064
1400,territory:Kingdom of Hungary:1415,헝가리 왕국,3.1,14.7948,44.9131
1400,territory:Republic of Venice:1415,Republic of Venice,4.1,14.5204,44.9729
1400,territory:Republic of Venice:1415,Republic of Venice,4.1,12.4021,45.4588
1400,territory:Blue Horde:1375,청장 칸국,17.0,48.5803,45.714
1400,territory:Golden Horde:1395,킵차크 칸국,19.7,52.9954,46.4123
1400,territory:Kingdom of France:1440,프랑스 왕국,8.0,-1.8312,48.8713
1400,territory:Kingdom of France:1415,프랑스 왕국,34.3,-2.4514,49.4704
1400,territory:Kingdom of England:1395,Kingdom of England,38.5,-6.2958,49.9651
1400,territory:Kingdom of England:1395,Kingdom of England,1.6,-5.2937,51.7333
1400,territory:Kingdom of England:1395,Kingdom of England,5.6,-5.3412,51.8667
1400,territory:Kingdom of England:1395,Kingdom of England,2.8,-4.7907,52.7586
1400,territory:House of Oldenburg:1450,올덴부르크가,5.3,16.5981,57.1083
1400,territory:House of Oldenburg:1450,올덴부르크가,2.1,16.5467,57.1613
1400,territory:Kalmar Union:1468,칼마르 동맹,0.7,16.7921,57.2514
1400,territory:Kalmar Union:1475,칼마르 동맹,0.9,16.6966,57.5139
1400,territory:Kalmar Union:1415,칼마르 동맹,2.3,16.6976,57.6001
1400,territory:House of Oldenburg:1453,올덴부르크가,2.8,11.6462,57.7039
1400,territory:Kingdom of Sweden:1375,스웨덴 왕국,1.7,16.7464,57.8285
1400,territory:House of Oldenburg:1453,올덴부르크가,5.2,11.6046,57.8729
1400,territory:Teutonic Order:1402,Teutonic Order,3.6,22.5049,58.1466
1400,territory:Kalmar Union:1475,칼마르 동맹,5.1,16.926,58.1921
1400,territory:Kalmar Union:1475,칼마르 동맹,5.8,17.0189,58.2592
1400,territory:Kalmar Union:1475,칼마르 동맹,3.0,16.9173,58.2559
1400,territory:Kingdom of Sweden:1375,스웨덴 왕국,7.1,16.9621,58.4248
1400,territory:Kingdom of Sweden:1375,스웨덴 왕국,3.5,16.9741,58.4937
1400,territory:Kingdom of Sweden:1375,스웨덴 왕국,2.2,16.9203,58.5145
1400,territory:Kingdom of Sweden:1375,스웨덴 왕국,1.8,17.4723,58.7121
1400,territory:Kingdom of Sweden:1375,스웨덴 왕국,0.1,17.458,58.7382
1400,territory:Kalmar Union:1402,칼마르 동맹,6.3,17.8633,58.7523
1400,territory:House of Oldenburg:1453,올덴부르크가,2.1,17.6333,58.8252
1400,territory:Kalmar Union:1468,칼마르 동맹,0.9,17.7137,58.846
1400,territory:Kalmar Union:1475,칼마르 동맹,6.5,18.1206,58.8744
1400,territory:Kalmar Union:1468,칼마르 동맹,0.9,17.8359,58.8469
1400,territory:Kalmar Union:1402,칼마르 동맹,4.9,11.024,58.8902
1400,territory:Kalmar Union:1475,칼마르 동맹,2.8,18.1769,58.9225
1400,territory:House of Oldenburg:1450,올덴부르크가,0.4,18.1634,59.048
1400,territory:Kingdom of Sweden:1375,스웨덴 왕국,7.3,18.5239,59.0442
1400,territory:Kalmar Union:1453,칼마르 동맹,4.9,10.942,59.0557
1400,territory:Kingdom of Sweden:1375,스웨덴 왕국,3.8,18.6039,59.0926
1400,territory:Kingdom of Sweden:1375,스웨덴 왕국,6.8,18.7421,59.1029
1400,territory:House of Oldenburg:1450,올덴부르크가,5.5,10.4284,59.09
1400,territory:Kingdom of Sweden:1375,스웨덴 왕국,2.0,18.5849,59.1282
1400,territory:Kingdom of Sweden:1375,스웨덴 왕국,4.0,18.646,59.1804
1400,territory:Kalmar Union:1429,칼마르 동맹,6.9,5.8405,59.1689
1400,territory:Kalmar Union:1475,칼마르 동맹,6.0,10.5501,59.2144
1400,territory:Kalmar Union:1482,칼마르 동맹,0.8,18.4195,59.2161
1400,territory:Kingdom of Sweden:1375,스웨덴 왕국,3.4,18.6035,59.2298
1400,territory:Kingdom of Sweden:1375,스웨덴 왕국,13.0,18.9162,59.2823
1400,territory:Kingdom of Sweden:1375,스웨덴 왕국,1.7,18.8758,59.3068
1400,territory:Kalmar Union:1429,칼마르 동맹,17.9,4.8822,59.3069
1400,territory:Kingdom of Sweden:1375,스웨덴 왕국,1.5,18.8871,59.3387
1400,territory:Kalmar Union:1429,칼마르 동맹,1.1,10.5262,59.3817
1400,territory:Kingdom of Sweden:1375,스웨덴 왕국,6.7,19.0195,59.4171
1400,territory:Kingdom of Sweden:1375,스웨덴 왕국,3.5,18.9549,59.4085
1400,territory:Kingdom of Sweden:1375,스웨덴 왕국,11.0,19.2156,59.4382
1400,territory:Kingdom of Sweden:1375,스웨덴 왕국,16.1,19.5055,59.4435
1400,territory:Kingdom of Sweden:1375,스웨덴 왕국,3.8,18.6869,59.4508
1400,territory:Kingdom of Sweden:1375,스웨덴 왕국,2.6,18.7794,59.4736
1400,territory:Kingdom of Sweden:1375,스웨덴 왕국,3.8,19.1665,59.4974
1400,territory:Kingdom of Sweden:1375,스웨덴 왕국,7.6,19.0477,59.5703
1400,territory:Kingdom of Sweden:1375,스웨덴 왕국,4.8,19.1661,59.592
1400,territory:Kingdom of Sweden:1375,스웨덴 왕국,3.7,19.2459,59.6048
1400,territory:Kingdom of Sweden:1375,스웨덴 왕국,3.7,19.0363,59.6447
1400,territory:Kingdom of Sweden:1375,스웨덴 왕국,3.6,19.1388,59.656
1400,territory:Kingdom of Sweden:1375,스웨덴 왕국,1.8,19.1871,59.6649
1400,territory:Kingdom of Sweden:1375,스웨덴 왕국,0.9,19.1625,59.6757
1400,territory:House of Oldenburg:1450,올덴부르크가,1.2,18.8733,59.6667
1400,territory:Kingdom of Sweden:1375,스웨덴 왕국,9.9,19.4044,59.7065
1400,territory:Kingdom of Sweden:1375,스웨덴 왕국,4.5,19.13,59.7496
1400,territory:Kingdom of Sweden:1375,스웨덴 왕국,7.2,22.9429,59.7718
1400,territory:Kingdom of Sweden:1375,스웨덴 왕국,2.2,19.179,59.7759
1400,territory:Kingdom of Sweden:1375,스웨덴 왕국,1.9,19.0911,59.7844
1400,territory:Kingdom of Sweden:1375,스웨덴 왕국,10.2,22.3227,59.8161
1400,territory:Kalmar Union:1429,칼마르 동맹,3.2,23.5651,59.8251
1400,territory:Kingdom of Sweden:1375,스웨덴 왕국,37.1,21.6032,59.826
1400,territory:Kingdom of Sweden:1375,스웨덴 왕국,13.0,19.9212,59.8387
1400,territory:Kingdom of Sweden:1375,스웨덴 왕국,3.6,22.3897,59.8495
1400,territory:Kingdom of Sweden:1375,스웨덴 왕국,13.1,22.0833,59.8606
1400,territory:Kingdom of Sweden:1375,스웨덴 왕국,3.2,19.1182,59.8457
1400,territory:Livonian Conference:1422,Livonian Conference,18.7,27.1957,59.8516
1400,territory:Kingdom of Sweden:1375,스웨덴 왕국,6.3,21.9551,59.8642
1400,territory:Kingdom of Sweden:1375,스웨덴 왕국,5.2,22.1905,59.8716
1400,territory:Kingdom of Sweden:1375,스웨덴 왕국,5.6,22.4998,59.887
1400,territory:Kingdom of Sweden:1375,스웨덴 왕국,1.0,22.5477,59.9032
1400,territory:Kingdom of Sweden:1375,스웨덴 왕국,7.8,21.4616,59.9088
1400,territory:Kingdom of Sweden:1375,스웨덴 왕국,3.4,22.3672,59.9148
1400,territory:Kingdom of Sweden:1375,스웨덴 왕국,9.4,21.7898,59.9208
1400,territory:Kingdom of Sweden:1375,스웨덴 왕국,2.4,22.467,59.9296
1400,territory:Kingdom of Sweden:1375,스웨덴 왕국,2.6,22.5718,59.9503
1400,territory:Kingdom of Sweden:1375,스웨덴 왕국,6.8,21.6101,59.9535
1400,territory:Kingdom of Sweden:1375,스웨덴 왕국,2.4,22.6298,59.9496
1400,territory:Kingdom of Sweden:1375,스웨덴 왕국,1.7,22.3488,59.9468
1400,territory:Kingdom of Sweden:1375,스웨덴 왕국,1.4,21.7721,59.9533
1400,territory:Kingdom of Sweden:1375,스웨덴 왕국,9.6,21.2948,59.9762
1400,territory:House of Oldenburg:1453,올덴부르크가,1.7,22.529,59.9716
1400,territory:House of Oldenburg:1453,올덴부르크가,2.2,22.4133,59.9527
1400,territory:Kingdom of Sweden:1375,스웨덴 왕국,0.8,22.6222,59.9767
1400,territory:Kingdom of Sweden:1375,스웨덴 왕국,0.9,22.3536,59.98
1400,territory:Kalmar Union:1429,칼마르 동맹,1.0,5.1569,59.9894
1400,territory:Kingdom of Sweden:1375,스웨덴 왕국,24.0,20.859,60.0214
1400,territory:Kingdom of Sweden:1375,스웨덴 왕국,3.4,19.9984,60.0206
1400,territory:Kingdom of Sweden:1375,스웨덴 왕국,6.6,21.4654,60.0297
1400,territory:Novgorod Republic:1475,노브고로드 공화국,6.4,28.3746,60.0212
1400,territory:Kalmar Union:1468,칼마르 동맹,0.7,22.9408,60.0284
1400,territory:Kingdom of Sweden:1375,스웨덴 왕국,15.9,20.3813,60.0422
1400,territory:Kingdom of Sweden:1375,스웨덴 왕국,3.4,20.81,60.0699
1400,territory:Kingdom of Sweden:1375,스웨덴 왕국,5.7,21.3668,60.0742
1400,territory:Kingdom of Sweden:1375,스웨덴 왕국,2.2,20.3403,60.0752
1400,territory:Kingdom of Sweden:1375,스웨덴 왕국,4.1,20.7228,60.0845
1400,territory:Kingdom of Sweden:1375,스웨덴 왕국,8.0,20.5313,60.1023
1400,territory:Kalmar Union:1402,칼마르 동맹,5.3,5.0621,60.1267
1400,territory:Kingdom of Sweden:1375,스웨덴 왕국,13.3,21.0776,60.1411
1400,territory:Kalmar Union:1429,칼마르 동맹,1.6,25.0464,60.1435
1400,territory:Kalmar Union:1468,칼마르 동맹,10.3,22.1219,60.1506
1400,territory:Kingdom of Sweden:1375,스웨덴 왕국,11.1,21.863,60.1469
1400,territory:Kalmar Union:1468,칼마르 동맹,2.4,22.2661,60.1475
1400,territory:Kingdom of Sweden:1375,스웨덴 왕국,4.5,20.2981,60.1567
1400,territory:Kingdom of Sweden:1375,스웨덴 왕국,5.2,21.3055,60.158
1400,territory:Kingdom of Sweden:1375,스웨덴 왕국,3.5,20.5934,60.1644
1400,territory:Kalmar Union:1415,칼마르 동맹,2.5,5.3205,60.1579
1400,territory:Kingdom of Sweden:1375,스웨덴 왕국,1.3,20.335,60.1658
1400,territory:Kalmar Union:1468,칼마르 동맹,1.8,22.227,60.1722
1400,territory:Kingdom of Sweden:1375,스웨덴 왕국,4.0,20.4218,60.1698
1400,territory:Kalmar Union:1468,칼마르 동맹,1.3,22.1285,60.1819
1400,territory:Kingdom of Sweden:1375,스웨덴 왕국,11.5,21.6324,60.1941
1400,territory:Kingdom of Sweden:1375,스웨덴 왕국,18.3,19.3377,60.195
1400,territory:Kingdom of Sweden:1375,스웨덴 왕국,5.8,21.0002,60.2218
1400,territory:Kingdom of Sweden:1375,스웨덴 왕국,2.2,20.2961,60.2035
1400,territory:Kingdom of Sweden:1375,스웨덴 왕국,7.9,20.7342,60.2351
1400,territory:Kalmar Union:1468,칼마르 동맹,4.0,22.0675,60.2415
1400,territory:Kingdom of Sweden:1375,스웨덴 왕국,6.9,21.7693,60.255
1400,territory:Kingdom of Sweden:1375,스웨덴 왕국,2.6,21.7044,60.2601
1400,territory:Kingdom of Sweden:1375,스웨덴 왕국,9.1,19.5004,60.2511
1400,territory:Kalmar Union:1475,칼마르 동맹,2.7,18.6169,60.277
1400,territory:Kalmar Union:1415,칼마르 동맹,11.2,27.3084,60.2802
1400,territory:Kingdom of Sweden:1375,스웨덴 왕국,8.2,21.4123,60.278
1400,territory:Kingdom of Sweden:1375,스웨덴 왕국,3.0,21.6511,60.2922
1400,territory:Kingdom of Sweden:1375,스웨덴 왕국,3.5,21.8411,60.2904
1400,territory:Kingdom of Sweden:1375,스웨덴 왕국,7.1,20.5052,60.2881
1400,territory:Kingdom of Sweden:1375,스웨덴 왕국,1.9,21.7152,60.2968
1400,territory:Kingdom of Sweden:1375,스웨덴 왕국,4.3,21.5521,60.2935
1400,territory:Kingdom of Sweden:1375,스웨덴 왕국,4.8,21.0459,60.3016
1400,territory:Kingdom of Sweden:1375,스웨덴 왕국,5.2,20.3941,60.291
1400,territory:Kingdom of Sweden:1375,스웨덴 왕국,2.8,20.9812,60.3154
1400,territory:Kingdom of Sweden:1375,스웨덴 왕국,2.6,20.9207,60.3296
1400,territory:Kingdom of Sweden:1375,스웨덴 왕국,1.9,20.4049,60.3404
1400,territory:Kalmar Union:1402,칼마르 동맹,3.5,26.2053,60.3332
1400,territory:Kingdom of Sweden:1375,스웨덴 왕국,1.6,20.3613,60.345
1400,territory:Kingdom of Sweden:1375,스웨덴 왕국,5.8,21.1501,60.3504
1400,territory:Kingdom of Sweden:1375,스웨덴 왕국,1.4,20.312,60.3443
1400,territory:Kingdom of Sweden:1375,스웨덴 왕국,3.2,21.6739,60.3523
1400,territory:Kingdom of Sweden:1375,스웨덴 왕국,5.3,19.5864,60.3456
1400,territory:Kingdom of Sweden:1375,스웨덴 왕국,2.5,21.0693,60.349
1400,territory:Kingdom of Sweden:1375,스웨덴 왕국,3.6,26.7688,60.3585
1400,territory:Kingdom of Sweden:1375,스웨덴 왕국,6.6,20.698,60.3661
1400,territory:Kingdom of Sweden:1375,스웨덴 왕국,2.8,21.7566,60.3721
1400,territory:Kingdom of Sweden:1375,스웨덴 왕국,0.5,21.6658,60.3726
1400,territory:Kingdom of Sweden:1375,스웨덴 왕국,1.5,20.9147,60.3746
1400,territory:Kingdom of Sweden:1375,스웨덴 왕국,2.1,20.8687,60.3625
1400,territory:Kingdom of Sweden:1375,스웨덴 왕국,5.0,21.4808,60.3746
1400,territory:Kingdom of Sweden:1375,스웨덴 왕국,4.6,21.3834,60.3871
1400,territory:Kingdom of Sweden:1375,스웨덴 왕국,4.0,20.7698,60.3962
1400,territory:Kingdom of Sweden:1375,스웨덴 왕국,6.4,27.052,60.3881
1400,territory:Kingdom of Sweden:1375,스웨덴 왕국,1.8,20.8443,60.4106
1400,territory:Kingdom of Sweden:1375,스웨덴 왕국,5.1,20.6121,60.4097
1400,territory:Kingdom of Sweden:1375,스웨덴 왕국,2.6,21.0457,60.413
1400,territory:Kingdom of Sweden:1375,스웨덴 왕국,1.4,21.4179,60.4142
1400,territory:Kingdom of Sweden:1375,스웨덴 왕국,3.9,21.2108,60.4117
1400,territory:Kingdom of Sweden:1375,스웨덴 왕국,2.3,20.987,60.4194
1400,territory:Kingdom of Sweden:1375,스웨덴 왕국,4.4,20.2618,60.422
1400,territory:Kingdom of Sweden:1375,스웨덴 왕국,3.3,21.7019,60.4315
1400,territory:Kingdom of Sweden:1375,스웨덴 왕국,3.1,21.6223,60.4329
1400,territory:Kingdom of Sweden:1375,스웨덴 왕국,0.5,28.4988,60.4054
1400,territory:Kingdom of Sweden:1375,스웨덴 왕국,1.4,21.6571,60.4684
1400,territory:Kingdom of Sweden:1375,스웨덴 왕국,2.9,20.9368,60.4631
1400,territory:Kingdom of Sweden:1375,스웨덴 왕국,3.9,21.056,60.4952
1400,territory:Kingdom of Sweden:1375,스웨덴 왕국,2.1,21.5415,60.503
1400,territory:Kalmar Union:1415,칼마르 동맹,1.4,18.3856,60.5226
1400,territory:Kingdom of Sweden:1375,스웨덴 왕국,3.5,20.8795,60.5253
1400,territory:Kingdom of Sweden:1375,스웨덴 왕국,1.4,21.0695,60.5254
1400,territory:Kingdom of Sweden:1375,스웨덴 왕국,1.2,21.0459,60.5546
1400,territory:Kalmar Union:1429,칼마르 동맹,5.3,4.8827,60.5251
1400,territory:Kalmar Union:1429,칼마르 동맹,4.8,21.302,60.714
1400,territory:Kingdom of Sweden:1375,스웨덴 왕국,9.3,21.0142,60.726
1400,territory:Kalmar Union:1429,칼마르 동맹,2.8,21.2642,60.7627
1400,territory:Kalmar Union:1429,칼마르 동맹,1.5,21.3519,60.7566
1400,territory:Kalmar Union:1429,칼마르 동맹,0.6,21.2877,60.7679
1400,territory:Kalmar Union:1429,칼마르 동맹,13.9,4.72,60.767
1400,territory:House of Oldenburg:1450,올덴부르크가,0.8,17.3274,60.7961
1400,territory:Kalmar Union:1429,칼마르 동맹,5.8,21.1481,60.7923
1400,territory:Kalmar Union:1429,칼마르 동맹,2.0,21.2632,60.8109
1400,territory:Kalmar Union:1429,칼마르 동맹,2.0,21.3211,60.816
1400,territory:Kalmar Union:1429,칼마르 동맹,0.5,21.3053,60.8304
1400,territory:Kingdom of Sweden:1375,스웨덴 왕국,5.7,21.024,60.8405
1400,territory:Kingdom of Sweden:1375,스웨덴 왕국,2.2,21.182,60.992
1400,territory:House of Oldenburg:1450,올덴부르크가,1.1,17.2329,61.0412
1400,territory:House of Oldenburg:1450,올덴부르크가,0.1,5.0366,61.1423
1400,territory:House of Oldenburg:1450,올덴부르크가,5.1,17.315,61.1557
1400,territory:Old Kingdom of Norway:1395,노르웨이 왕국,12.9,4.717,61.3006
1400,territory:Old Kingdom of Norway:1395,노르웨이 왕국,4.4,4.84,61.3465
1400,territory:Kalmar Union:1429,칼마르 동맹,5.7,21.3475,61.4776
1400,territory:Kalmar Union:1429,칼마르 동맹,1.1,4.9439,61.5199
1400,territory:Kalmar Union:1482,칼마르 동맹,6.5,17.422,61.5487
1400,territory:Kalmar Union:1468,칼마르 동맹,1.6,17.2797,61.5634
1400,territory:House of Oldenburg:1450,올덴부르크가,2.4,21.428,61.6228
1400,territory:Kalmar Union:1422,칼마르 동맹,3.1,4.8582,61.6119
1400,territory:Kingdom of Sweden:1375,스웨덴 왕국,1.4,17.5391,61.7234
1400,territory:Kalmar Union:1429,칼마르 동맹,3.0,4.8558,61.7787
1400,territory:Kalmar Union:1422,칼마르 동맹,3.1,17.4838,61.9534
1400,territory:Kalmar Union:1422,칼마르 동맹,1.3,17.5165,61.9556
1400,territory:Adal Sultanate:1415,Adal Sultanate,4.0,43.4311,12.472
1400,territory:Adal Sultanate:1415,Adal Sultanate,7.8,42.8494,13.028
1400,territory:Kingdom of England:1440,Kingdom of England,1.0,-6.1686,53.3522
1400,territory:Kingdom of England:1395,Kingdom of England,5.9,-6.0166,53.4833
1400,territory:Holy Roman Empire Minor States:1450,신성로마제국 소국,1.9,6.5831,53.5406
1400,territory:Holy Roman Empire Minor States:1395,신성로마제국 소국,2.3,6.8907,53.6379
1400,territory:Kingdom of England:1402,Kingdom of England,1.2,-4.8168,54.0522
1400,territory:Kalmar Union:1475,칼마르 동맹,7.4,8.6745,54.0609
1400,territory:Kingdom of Denmark:1395,Kingdom of Denmark,2.1,11.537,54.9662
1400,territory:Kingdom of Denmark:1395,Kingdom of Denmark,9.1,15.1923,55.3194
1400,territory:Kalmar Union:1482,칼마르 동맹,6.5,12.7593,55.6433
1400,territory:Kingdom of Denmark:1395,Kingdom of Denmark,3.7,10.3102,55.765
1400,territory:Kalmar Union:1450,칼마르 동맹,4.0,14.8439,56.0098
1400,territory:Kalmar Union:1450,칼마르 동맹,4.8,15.791,56.0247
1400,territory:Kalmar Union:1482,칼마르 동맹,1.9,14.9697,56.1178
1400,territory:Kalmar Union:1415,칼마르 동맹,0.3,15.4618,56.1105
1400,territory:Kingdom of Portugal:1497,Kingdom of Portugal,32.3,-24.7205,14.856
1400,territory:Crown of Aragon:1482,Crown of Aragon,7.0,1.4455,38.715
1400,territory:Kingdom of France:1422,프랑스 왕국,3.7,-1.2913,45.96
1400,territory:Kingdom of France:1475,프랑스 왕국,19.1,-2.1105,49.207
1400,territory:Kingdom of England:1395,Kingdom of England,6.1,-6.3488,49.8916
1400,territory:Kingdom of England:1395,Kingdom of England,3.9,-6.3594,49.9531
1400,territory:Kingdom of Scotland:1314,Kingdom of Scotland,0.7,-5.0842,55.8238
1400,territory:Kingdom of Scotland:1314,Kingdom of Scotland,37.8,-6.9297,56.4818
1400,territory:Kingdom of Scotland:1314,Kingdom of Scotland,5.7,-7.4679,56.976
1400,territory:Kingdom of Scotland:1314,Kingdom of Scotland,9.0,-6.3278,56.974
1400,territory:Kingdom of Scotland:1314,Kingdom of Scotland,2.1,-7.3283,57.4585
1400,territory:Kalmar Union:1422,칼마르 동맹,1.5,-6.763,61.8528
1400,territory:Hafsid Dynasty:1453,Hafsid Dynasty,17.9,10.8766,33.7675
1400,territory:Hafsid Dynasty:1453,Hafsid Dynasty,22.6,11.0408,34.6388
1400,territory:Hafsid Dynasty:1453,Hafsid Dynasty,7.7,11.1821,34.696
1400,territory:Crown of Aragon:1482,Crown of Aragon,6.8,8.2864,39.1752
1400,territory:Crown of Aragon:1450,Crown of Aragon,8.2,13.9058,40.7253
1400,territory:Holy Roman Empire Minor States:1459,신성로마제국 소국,7.9,5.348,53.4098
1400,territory:Holy Roman Empire Minor States:1395,신성로마제국 소국,7.3,11.1345,54.4735
1400,territory:Kalmar Union:1475,칼마르 동맹,5.0,8.5003,54.7218
1400,territory:Kingdom of Denmark:1395,Kingdom of Denmark,8.3,10.3929,54.8778
1400,territory:Kalmar Union:1475,칼마르 동맹,9.0,8.3454,54.9198
1400,territory:Kalmar Union:1450,칼마르 동맹,13.6,12.3556,54.9873
1400,territory:Kalmar Union:1450,칼마르 동맹,4.5,12.6039,55.6535
1400,territory:Kalmar Union:1475,칼마르 동맹,25.4,10.9805,57.278
1400,territory:Kalmar Union:1453,칼마르 동맹,4.2,11.6058,57.976
1400,territory:Kalmar Union:1429,칼마르 동맹,0.4,5.2395,59.2865
1400,territory:Kalmar Union:1429,칼마르 동맹,3.7,4.899,61.0877
1400,territory:Kingdom of Hungary:1402,헝가리 왕국,34.6,16.2712,42.3874
1400,territory:Kingdom of Hungary:1402,헝가리 왕국,0.3,16.2754,42.3887
1400,territory:Kingdom of Hungary:1402,헝가리 왕국,0.9,16.2609,42.392
1400,territory:Kingdom of Hungary:1395,헝가리 왕국,12.4,16.158,43.0528
1400,territory:Kingdom of Hungary:1402,헝가리 왕국,9.2,16.5892,43.1935
1400,territory:Kingdom of Hungary:1402,헝가리 왕국,6.4,16.6437,43.3353
1400,territory:Ottoman Empire:1482,오스만 제국,10.8,20.6508,38.7362
1400,territory:Teutonic Order:1402,Teutonic Order,2.4,19.1014,57.9155
1400,territory:Kingdom of Sweden:1375,스웨덴 왕국,6.6,20.1389,60.0345
1400,territory:Kingdom of Sweden:1375,스웨덴 왕국,4.1,19.5929,60.171
1400,territory:Ottoman Empire:1492,오스만 제국,7.7,23.5052,37.3388
1400,territory:Ottoman Empire:1492,오스만 제국,14.3,23.4882,37.7302
1400,territory:Ottoman Empire:1463,오스만 제국,2.7,23.4951,37.9585
1400,territory:Ottoman Empire:1475,오스만 제국,29.2,23.6983,39.1437
1400,territory:Livonian Conference:1422,Livonian Conference,2.1,23.2116,58.635
1400,territory:Livonian Conference:1422,Livonian Conference,9.6,23.225,58.998
1400,territory:Kingdom of Sweden:1375,스웨덴 왕국,8.4,21.3759,59.7807
1400,territory:Kingdom of Sweden:1375,스웨덴 왕국,3.0,21.5825,60.1457
1400,territory:Kalmar Union:1468,칼마르 동맹,4.9,22.1653,60.2905
1400,territory:Kingdom of Sweden:1375,스웨덴 왕국,1.3,21.9066,60.3987
1400,territory:Mamluk Sultanate:1402,맘루크 술탄국,11.6,36.8936,25.3897
1400,territory:Mamluk Sultanate:1385,맘루크 술탄국,21.4,36.5596,25.6077
1400,territory:Ottoman Empire:1422,오스만 제국,21.0,27.8188,36.5828
1400,territory:Republic of Venice:1415,Republic of Venice,21.5,25.3195,36.7477
1400,territory:Ottoman Empire:1450,오스만 제국,8.2,27.154,36.8317
1400,territory:Ottoman Empire:1450,오스만 제국,10.2,26.9874,36.9875
1400,territory:Republic of Venice:1415,Republic of Venice,10.2,25.2035,37.0798
1400,territory:Republic of Venice:1415,Republic of Venice,34.3,24.4875,37.1635
1400,territory:Republic of Venice:1415,Republic of Venice,15.5,24.4201,37.3575
1400,territory:Republic of Venice:1415,Republic of Venice,15.0,24.9137,37.4057
1400,territory:Republic of Venice:1415,Republic of Venice,10.8,25.3748,37.444
1400,territory:Ottoman Empire:1450,오스만 제국,21.4,26.1547,37.602
1400,territory:Ottoman Empire:1450,오스만 제국,25.0,26.8127,37.734
1400,territory:Ottoman Empire:1463,오스만 제국,16.0,26.0595,38.3992
1400,territory:Ottoman Empire:1463,오스만 제국,29.1,25.5105,38.541
1400,territory:Ottoman Empire:1468,오스만 제국,19.4,25.5698,40.4688
1400,territory:Ottoman Empire:1463,오스만 제국,19.0,27.6128,40.6268
1400,territory:Rasulid Dynasty:1236,Rasulid Dynasty,31.3,42.7478,14.0002
1400,territory:Ethiopian Empire:1333,Ethiopian Empire,11.0,40.314,15.0222
1400,territory:Rasulid Dynasty:1236,Rasulid Dynasty,14.3,42.587,15.3505
1400,territory:Bahrani Dynasty:1475,Bahrani Dynasty,2.2,53.8096,24.1797
1400,territory:Bahrani Dynasty:1475,Bahrani Dynasty,6.5,52.6023,24.3268
1400,territory:Bahrani Dynasty:1440,Bahrani Dynasty,2.7,54.2259,24.3362
1400,territory:Bahrani Dynasty:1475,Bahrani Dynasty,18.5,53.3838,24.34
1400,territory:Aq Qoyunlu:1475,백양 왕조,17.7,53.9823,26.5143
1400,territory:Timurid Empire:1395,티무르 제국,30.2,47.7348,43.9705
1400,territory:Timurid Empire:1440,티무르 제국,16.5,52.6249,45.469
1400,territory:Golden Horde:1431,킵차크 칸국,12.7,47.9502,45.5785
1400,territory:Astrakhan Khanate:1475,Astrakhan Khanate,22.1,49.7897,46.2885
